{"type":"FeatureCollection", "features": [
{"type":"Feature","geometry":{"type":"MultiPolygon","coordinates":[[[[5.4588,49.4086],[5.4709,49.4128],[5.4691,49.415],[5.4706,49.4154],[5.4715,49.4199],[5.4695,49.4208],[5.4675,49.4179],[5.4629,49.4143],[5.4524,49.4123],[5.4516,49.4117],[5.4519,49.4088],[5.4515,49.4068],[5.4588,49.4086]]],[[[5.4645,49.4903],[5.4537,49.4949],[5.4507,49.4975],[5.4451,49.501],[5.4445,49.5022],[5.442,49.5036],[5.438,49.4984],[5.4343,49.4971],[5.4353,49.4908],[5.426,49.4861],[5.4296,49.4869],[5.4309,49.4863],[5.434,49.4872],[5.4359,49.4863],[5.4371,49.487],[5.4383,49.4859],[5.4388,49.4871],[5.4408,49.487],[5.4443,49.4846],[5.4501,49.4847],[5.4539,49.4815],[5.4556,49.4809],[5.4557,49.4844],[5.4575,49.4866],[5.4602,49.488],[5.4641,49.4869],[5.4654,49.4859],[5.4688,49.4871],[5.4714,49.4851],[5.4725,49.4857],[5.4645,49.4903]]],[[[5.8931,49.4968],[5.8904,49.4967],[5.8902,49.4967],[5.8894,49.4968],[5.8885,49.4971],[5.8881,49.4975],[5.8877,49.4978],[5.8875,49.4979],[5.8869,49.4983],[5.8857,49.4987],[5.8848,49.4988],[5.8844,49.4988],[5.8835,49.4989],[5.8818,49.4992],[5.8789,49.4988],[5.8787,49.4989],[5.8786,49.4989],[5.8776,49.4986],[5.8773,49.4985],[5.8763,49.4983],[5.8756,49.4983],[5.8755,49.4984],[5.8743,49.4984],[5.874,49.4984],[5.8739,49.4984],[5.8738,49.4985],[5.8737,49.4985],[5.8736,49.4985],[5.8735,49.4985],[5.8734,49.4985],[5.8733,49.4985],[5.8732,49.4986],[5.8731,49.4986],[5.873,49.4987],[5.8729,49.4987],[5.8727,49.4989],[5.8726,49.499],[5.8725,49.4991],[5.8724,49.4992],[5.8724,49.4993],[5.8715,49.4996],[5.8695,49.4989],[5.869,49.499],[5.8684,49.4991],[5.8661,49.5],[5.8655,49.5002],[5.8647,49.5005],[5.8637,49.5009],[5.8627,49.5015],[5.8622,49.5021],[5.8608,49.5036],[5.8607,49.5036],[5.8606,49.5037],[5.8603,49.5039],[5.86,49.5042],[5.8597,49.5042],[5.8597,49.5044],[5.8596,49.5045],[5.8594,49.505],[5.8591,49.5052],[5.8592,49.5054],[5.8591,49.5055],[5.859,49.5055],[5.8589,49.5055],[5.8589,49.5056],[5.8588,49.5057],[5.8589,49.5057],[5.8589,49.5058],[5.8581,49.506],[5.8579,49.5061],[5.8578,49.5061],[5.8577,49.5062],[5.8576,49.5062],[5.8573,49.5063],[5.8572,49.5062],[5.8571,49.5063],[5.857,49.5063],[5.8569,49.5064],[5.8564,49.5063],[5.8562,49.5066],[5.8561,49.5065],[5.856,49.5065],[5.8559,49.5064],[5.8557,49.5066],[5.8554,49.5066],[5.8552,49.5067],[5.8551,49.5068],[5.8551,49.5067],[5.855,49.5066],[5.8547,49.5068],[5.8547,49.5069],[5.8544,49.5069],[5.8543,49.5069],[5.8537,49.5072],[5.8533,49.5071],[5.8532,49.5071],[5.8514,49.5081],[5.8511,49.5081],[5.8509,49.5081],[5.8505,49.5082],[5.8503,49.5085],[5.8498,49.5089],[5.8497,49.509],[5.8494,49.51],[5.8491,49.5103],[5.8489,49.5104],[5.8489,49.5105],[5.8489,49.5107],[5.8489,49.5108],[5.849,49.5109],[5.849,49.5113],[5.849,49.5114],[5.849,49.5115],[5.849,49.5116],[5.849,49.5117],[5.8491,49.5118],[5.849,49.5119],[5.849,49.5121],[5.849,49.5122],[5.8491,49.5122],[5.8491,49.5123],[5.8491,49.5124],[5.849,49.5125],[5.8485,49.5141],[5.8485,49.5142],[5.8484,49.5144],[5.8484,49.5145],[5.8453,49.5156],[5.8451,49.5156],[5.845,49.5155],[5.8441,49.5158],[5.844,49.5158],[5.8438,49.5159],[5.8435,49.5161],[5.8435,49.5162],[5.8436,49.5162],[5.8429,49.5164],[5.8428,49.5164],[5.8428,49.5165],[5.8427,49.5165],[5.8426,49.5166],[5.8425,49.5166],[5.8424,49.5166],[5.8424,49.5167],[5.8418,49.5169],[5.8418,49.5168],[5.8417,49.5168],[5.8416,49.5168],[5.8415,49.5168],[5.8414,49.5168],[5.8414,49.5169],[5.8413,49.5169],[5.8412,49.5169],[5.8405,49.5174],[5.8402,49.5175],[5.8401,49.5175],[5.8401,49.5176],[5.8401,49.5177],[5.8401,49.5178],[5.84,49.5179],[5.8399,49.5179],[5.8398,49.5179],[5.8397,49.5179],[5.8397,49.518],[5.8397,49.5181],[5.8384,49.5193],[5.8379,49.5194],[5.8378,49.5194],[5.8377,49.5194],[5.8376,49.5194],[5.8375,49.5194],[5.8374,49.5195],[5.8373,49.5195],[5.8368,49.5196],[5.8367,49.5196],[5.8366,49.5197],[5.8365,49.5197],[5.8364,49.5197],[5.8363,49.5198],[5.8361,49.5199],[5.8361,49.52],[5.836,49.52],[5.836,49.5202],[5.8359,49.5203],[5.8359,49.5204],[5.8353,49.523],[5.8347,49.5229],[5.8346,49.5238],[5.8343,49.5237],[5.8343,49.5244],[5.8344,49.5256],[5.8343,49.5259],[5.8341,49.5264],[5.8349,49.5271],[5.8383,49.5278],[5.8403,49.5286],[5.8407,49.5288],[5.8409,49.5288],[5.8422,49.5293],[5.843,49.5295],[5.8436,49.5296],[5.8458,49.5299],[5.8451,49.5307],[5.845,49.5309],[5.8424,49.5336],[5.8406,49.5355],[5.8391,49.537],[5.8372,49.5418],[5.8371,49.5421],[5.8362,49.5424],[5.8288,49.5404],[5.8284,49.5403],[5.828,49.5402],[5.828,49.5401],[5.8273,49.5399],[5.8272,49.5399],[5.825,49.5393],[5.8249,49.5393],[5.823,49.5381],[5.8229,49.5381],[5.8228,49.5381],[5.8227,49.538],[5.8227,49.5381],[5.8187,49.5373],[5.8186,49.5373],[5.8183,49.5372],[5.8179,49.5372],[5.8177,49.5371],[5.8175,49.5371],[5.8172,49.537],[5.8172,49.5371],[5.8167,49.5376],[5.8164,49.5376],[5.816,49.5375],[5.8157,49.538],[5.8155,49.5384],[5.8155,49.5385],[5.8154,49.5385],[5.8154,49.5386],[5.8154,49.5388],[5.8154,49.5389],[5.8154,49.539],[5.8154,49.5392],[5.8144,49.54],[5.8143,49.54],[5.8143,49.5401],[5.8142,49.5402],[5.8141,49.5404],[5.8122,49.5418],[5.8121,49.5418],[5.812,49.5419],[5.812,49.542],[5.8119,49.542],[5.8085,49.5409],[5.8081,49.5426],[5.8105,49.5432],[5.8106,49.5434],[5.8106,49.5435],[5.8114,49.5437],[5.8142,49.5445],[5.8179,49.5457],[5.8184,49.5464],[5.8181,49.5463],[5.8166,49.5474],[5.8156,49.5482],[5.812,49.5475],[5.8114,49.5481],[5.8105,49.5491],[5.8103,49.5492],[5.81,49.5495],[5.8098,49.5498],[5.8074,49.5506],[5.8067,49.5505],[5.8041,49.5501],[5.8011,49.5497],[5.7951,49.5509],[5.7925,49.5516],[5.7886,49.5543],[5.7877,49.5549],[5.7875,49.555],[5.7873,49.5552],[5.7867,49.5556],[5.7855,49.5575],[5.7854,49.5577],[5.7853,49.5578],[5.7846,49.5578],[5.7826,49.558],[5.7825,49.558],[5.7819,49.5585],[5.7805,49.5596],[5.7803,49.5595],[5.7785,49.5588],[5.7768,49.5604],[5.7742,49.563],[5.774,49.5631],[5.7732,49.5631],[5.7715,49.5633],[5.7707,49.5632],[5.7702,49.5631],[5.7692,49.5628],[5.7684,49.5625],[5.7653,49.5614],[5.7628,49.561],[5.7609,49.5615],[5.7603,49.5617],[5.7594,49.5616],[5.7592,49.5616],[5.7583,49.561],[5.7594,49.5584],[5.7563,49.5572],[5.7556,49.5564],[5.7564,49.5558],[5.7564,49.5556],[5.7562,49.5532],[5.7562,49.5531],[5.7564,49.553],[5.757,49.5526],[5.7573,49.5524],[5.7575,49.5523],[5.7572,49.5483],[5.7556,49.5459],[5.7571,49.5426],[5.7558,49.5429],[5.7482,49.5396],[5.7388,49.5387],[5.7387,49.5396],[5.7386,49.5402],[5.7364,49.5425],[5.7326,49.5446],[5.7346,49.5457],[5.7306,49.5447],[5.7273,49.5438],[5.7259,49.5444],[5.7251,49.5447],[5.7234,49.5433],[5.7234,49.5419],[5.7234,49.5416],[5.7227,49.5408],[5.721,49.54],[5.7206,49.5398],[5.7205,49.5398],[5.7204,49.5398],[5.7198,49.5399],[5.7173,49.5403],[5.715,49.5393],[5.7137,49.5407],[5.7077,49.539],[5.7074,49.5392],[5.7072,49.5392],[5.7067,49.5395],[5.7063,49.5397],[5.7058,49.54],[5.7039,49.5392],[5.7023,49.5394],[5.7012,49.5396],[5.701,49.5397],[5.6992,49.5407],[5.6993,49.5423],[5.6917,49.5448],[5.691,49.5458],[5.6909,49.546],[5.6909,49.5461],[5.6908,49.5463],[5.6906,49.5463],[5.69,49.5463],[5.6898,49.5464],[5.6896,49.5464],[5.6817,49.5457],[5.6817,49.5468],[5.6817,49.5474],[5.6817,49.548],[5.6815,49.5481],[5.6802,49.5486],[5.6796,49.5489],[5.6722,49.5486],[5.6706,49.5486],[5.6696,49.5486],[5.6692,49.5485],[5.6676,49.5499],[5.6665,49.5508],[5.6647,49.5523],[5.6645,49.5525],[5.6604,49.5536],[5.6602,49.5534],[5.6601,49.5533],[5.6578,49.5516],[5.6563,49.5513],[5.6561,49.5512],[5.6517,49.5502],[5.6507,49.5512],[5.6468,49.55],[5.6438,49.5505],[5.6431,49.5506],[5.6429,49.5506],[5.6435,49.5472],[5.6433,49.5471],[5.643,49.547],[5.6427,49.547],[5.6404,49.5463],[5.6354,49.5449],[5.6353,49.5448],[5.6351,49.5448],[5.6349,49.5444],[5.6341,49.5427],[5.6306,49.5418],[5.6328,49.5396],[5.629,49.5388],[5.627,49.5376],[5.6243,49.5361],[5.6199,49.5327],[5.6162,49.5281],[5.6159,49.5272],[5.6161,49.5271],[5.6163,49.527],[5.6166,49.5268],[5.6196,49.5248],[5.6213,49.5199],[5.6199,49.5179],[5.6174,49.5144],[5.6161,49.5133],[5.6129,49.5106],[5.6124,49.5095],[5.6123,49.5093],[5.6123,49.5091],[5.612,49.5085],[5.6116,49.5075],[5.6114,49.5071],[5.611,49.506],[5.6093,49.5064],[5.6071,49.507],[5.6054,49.5078],[5.6038,49.5086],[5.6037,49.5091],[5.6037,49.5092],[5.6037,49.5098],[5.6036,49.5108],[5.6034,49.5123],[5.6011,49.5132],[5.6021,49.5155],[5.6022,49.5157],[5.6013,49.5163],[5.5984,49.5183],[5.593,49.5221],[5.5907,49.5228],[5.5907,49.5229],[5.5898,49.5224],[5.5886,49.5217],[5.5863,49.5224],[5.574,49.5261],[5.5715,49.5276],[5.5709,49.5279],[5.568,49.5277],[5.567,49.5277],[5.5667,49.5274],[5.5647,49.5257],[5.5636,49.5257],[5.5634,49.5257],[5.5607,49.5271],[5.5604,49.5272],[5.5603,49.5273],[5.5564,49.5292],[5.5557,49.529],[5.5538,49.5282],[5.5514,49.5273],[5.5496,49.5266],[5.5479,49.5254],[5.5459,49.5239],[5.5446,49.5199],[5.5441,49.5185],[5.544,49.518],[5.5416,49.5158],[5.5401,49.5155],[5.5353,49.5147],[5.5334,49.5134],[5.5327,49.5131],[5.5319,49.5128],[5.5314,49.5125],[5.5313,49.5125],[5.5311,49.5125],[5.5173,49.5093],[5.5063,49.5075],[5.5034,49.5071],[5.5031,49.507],[5.5015,49.5068],[5.4935,49.5073],[5.4895,49.5076],[5.4882,49.5075],[5.4841,49.5072],[5.4822,49.5058],[5.4822,49.5057],[5.4818,49.5055],[5.4801,49.5042],[5.48,49.5027],[5.48,49.5015],[5.4787,49.5],[5.4747,49.4976],[5.4709,49.4972],[5.471,49.496],[5.4782,49.4962],[5.483,49.4945],[5.4825,49.4938],[5.4785,49.4869],[5.4738,49.4826],[5.473,49.4835],[5.4704,49.4835],[5.4631,49.4819],[5.4688,49.481],[5.4699,49.4801],[5.4672,49.4769],[5.4643,49.4712],[5.4645,49.4699],[5.4659,49.4682],[5.4687,49.4679],[5.4692,49.4654],[5.4684,49.4642],[5.4649,49.4633],[5.47,49.4626],[5.4712,49.4616],[5.4712,49.4609],[5.4688,49.4597],[5.4664,49.4553],[5.4612,49.4539],[5.4614,49.4529],[5.4631,49.4525],[5.4663,49.4495],[5.4769,49.4476],[5.4862,49.4488],[5.4874,49.4481],[5.4873,49.4474],[5.4852,49.4454],[5.4813,49.4442],[5.4798,49.4377],[5.4777,49.4367],[5.4776,49.4356],[5.4784,49.4346],[5.481,49.434],[5.4801,49.4324],[5.4769,49.4304],[5.4711,49.4285],[5.4712,49.428],[5.4717,49.4271],[5.4747,49.4278],[5.4776,49.4275],[5.4799,49.4251],[5.4876,49.4274],[5.4881,49.4269],[5.4893,49.4271],[5.4902,49.4221],[5.4918,49.4214],[5.4947,49.4219],[5.4961,49.4233],[5.4982,49.4244],[5.5026,49.4246],[5.5052,49.4238],[5.5082,49.4215],[5.5066,49.4196],[5.5017,49.4184],[5.5023,49.4182],[5.502,49.4164],[5.4994,49.4136],[5.5009,49.4125],[5.4979,49.4107],[5.4992,49.4094],[5.4973,49.4078],[5.4917,49.4066],[5.4865,49.4046],[5.4764,49.4035],[5.4753,49.4043],[5.4755,49.4084],[5.4732,49.4107],[5.4576,49.4042],[5.4552,49.4058],[5.4472,49.4041],[5.4468,49.404],[5.448,49.4019],[5.4516,49.4016],[5.4554,49.3992],[5.4577,49.4],[5.4581,49.3997],[5.4574,49.3991],[5.4609,49.3984],[5.4655,49.3954],[5.4712,49.3965],[5.4743,49.3977],[5.4746,49.3969],[5.4759,49.3969],[5.4763,49.3956],[5.4784,49.3947],[5.4784,49.3937],[5.4765,49.394],[5.4758,49.3918],[5.4739,49.3892],[5.476,49.3875],[5.4778,49.3855],[5.4781,49.3844],[5.4803,49.3823],[5.485,49.3833],[5.4851,49.3851],[5.4868,49.3872],[5.4925,49.3893],[5.496,49.3926],[5.4971,49.3954],[5.4973,49.3985],[5.4986,49.3997],[5.4987,49.4007],[5.498,49.402],[5.494,49.404],[5.4939,49.4047],[5.5,49.4088],[5.5036,49.4083],[5.5055,49.4058],[5.5082,49.4066],[5.5145,49.4072],[5.5254,49.4072],[5.5274,49.4084],[5.5291,49.4074],[5.5283,49.4066],[5.5299,49.4062],[5.5311,49.4077],[5.5331,49.4078],[5.533,49.4087],[5.5317,49.4091],[5.5327,49.4097],[5.5338,49.4095],[5.5347,49.4112],[5.5423,49.4117],[5.5457,49.4136],[5.5497,49.417],[5.5541,49.4191],[5.5556,49.4187],[5.562,49.4196],[5.5633,49.4191],[5.5673,49.4204],[5.5683,49.42],[5.57,49.4225],[5.5706,49.4234],[5.5793,49.4219],[5.5795,49.4213],[5.5786,49.4203],[5.5792,49.4195],[5.5831,49.4186],[5.5837,49.4179],[5.5888,49.4198],[5.5908,49.4192],[5.594,49.4214],[5.5941,49.4222],[5.6002,49.4237],[5.6031,49.4222],[5.6066,49.419],[5.6083,49.4179],[5.6059,49.421],[5.6066,49.4223],[5.6097,49.423],[5.6111,49.4246],[5.6137,49.4256],[5.6148,49.4257],[5.6158,49.4246],[5.6144,49.4221],[5.6172,49.4208],[5.6165,49.4235],[5.6176,49.4265],[5.616,49.4298],[5.6159,49.4315],[5.6225,49.4314],[5.6229,49.4335],[5.6295,49.4342],[5.631,49.4351],[5.6306,49.4356],[5.6312,49.4368],[5.6336,49.4379],[5.6346,49.4374],[5.6354,49.4353],[5.6373,49.4333],[5.6439,49.4333],[5.6445,49.4338],[5.6466,49.4334],[5.647,49.4326],[5.646,49.4303],[5.6494,49.429],[5.6496,49.4282],[5.6524,49.4279],[5.6532,49.4271],[5.6556,49.4265],[5.6601,49.4265],[5.6627,49.4252],[5.6663,49.4246],[5.67,49.4221],[5.6751,49.4215],[5.6767,49.4199],[5.6769,49.419],[5.6765,49.4174],[5.6775,49.4157],[5.6803,49.4144],[5.6839,49.4144],[5.6875,49.4154],[5.6891,49.4152],[5.6913,49.4163],[5.6921,49.4161],[5.6921,49.4022],[5.6951,49.3989],[5.6926,49.3961],[5.6873,49.3937],[5.6889,49.3916],[5.6907,49.392],[5.6926,49.3907],[5.6959,49.3897],[5.6994,49.3895],[5.7038,49.3882],[5.7062,49.3848],[5.7078,49.3841],[5.7087,49.3819],[5.7083,49.3792],[5.7099,49.3774],[5.7084,49.3763],[5.7094,49.3748],[5.712,49.3755],[5.7138,49.3746],[5.714,49.3734],[5.7159,49.3713],[5.716,49.3706],[5.7143,49.3686],[5.7107,49.3662],[5.7122,49.3635],[5.7213,49.3654],[5.7238,49.3618],[5.7281,49.3621],[5.7287,49.362],[5.7284,49.3615],[5.7316,49.3611],[5.735,49.3574],[5.737,49.3566],[5.7375,49.3555],[5.7392,49.3543],[5.7388,49.3534],[5.7375,49.3526],[5.7385,49.3519],[5.7378,49.3487],[5.7393,49.3459],[5.7366,49.344],[5.736,49.3422],[5.7376,49.3397],[5.7372,49.3389],[5.7311,49.3371],[5.7197,49.3306],[5.7212,49.3271],[5.7223,49.3267],[5.7224,49.3259],[5.7212,49.3256],[5.7214,49.3246],[5.723,49.323],[5.7233,49.3217],[5.7291,49.3216],[5.729,49.3183],[5.7278,49.318],[5.7282,49.3164],[5.73,49.3128],[5.731,49.3123],[5.732,49.3109],[5.7327,49.311],[5.7336,49.31],[5.7373,49.3118],[5.7402,49.3094],[5.7437,49.3107],[5.7452,49.3092],[5.7492,49.3099],[5.7572,49.3137],[5.757,49.3144],[5.7628,49.3165],[5.7629,49.3143],[5.7637,49.3115],[5.7658,49.3074],[5.7683,49.305],[5.7676,49.3044],[5.7693,49.3033],[5.7663,49.3013],[5.7683,49.2998],[5.7665,49.2981],[5.7679,49.2971],[5.7682,49.2961],[5.7628,49.2952],[5.763,49.2947],[5.7653,49.295],[5.7679,49.2907],[5.7655,49.2898],[5.7635,49.2879],[5.7631,49.287],[5.765,49.2858],[5.7645,49.2849],[5.7635,49.2849],[5.7613,49.2822],[5.7618,49.2816],[5.7605,49.2801],[5.7609,49.2796],[5.7614,49.279],[5.7575,49.278],[5.7556,49.2785],[5.7541,49.2803],[5.7522,49.2799],[5.7477,49.2775],[5.7493,49.2753],[5.7477,49.2746],[5.7468,49.2756],[5.7465,49.2746],[5.7432,49.2749],[5.7428,49.2733],[5.7407,49.2724],[5.7398,49.2735],[5.7291,49.2691],[5.7271,49.27],[5.7264,49.2694],[5.7247,49.2698],[5.7247,49.2687],[5.7266,49.2677],[5.723,49.2643],[5.7283,49.2609],[5.7271,49.2599],[5.7304,49.2569],[5.7269,49.254],[5.724,49.2527],[5.7209,49.2477],[5.723,49.2452],[5.7253,49.2448],[5.7268,49.2446],[5.728,49.243],[5.7289,49.2393],[5.7326,49.2367],[5.7361,49.2362],[5.7368,49.235],[5.737,49.2327],[5.7406,49.2301],[5.7388,49.2273],[5.7287,49.225],[5.7269,49.2238],[5.7255,49.2215],[5.7217,49.2194],[5.719,49.216],[5.7216,49.2144],[5.7205,49.2136],[5.7206,49.2127],[5.7213,49.2124],[5.7206,49.2117],[5.7232,49.21],[5.7209,49.209],[5.7237,49.2051],[5.725,49.2052],[5.7256,49.2044],[5.7247,49.2039],[5.7269,49.2023],[5.7232,49.1993],[5.725,49.1969],[5.7251,49.1956],[5.7314,49.1945],[5.7349,49.1963],[5.74,49.1979],[5.7416,49.1965],[5.7474,49.1994],[5.7491,49.1984],[5.7504,49.1985],[5.7519,49.199],[5.7536,49.1987],[5.7574,49.201],[5.7596,49.2016],[5.7613,49.2014],[5.7658,49.1975],[5.7641,49.1918],[5.7611,49.1895],[5.7596,49.1873],[5.7595,49.1849],[5.758,49.1821],[5.7581,49.1804],[5.757,49.1795],[5.7554,49.1792],[5.7562,49.1779],[5.7554,49.1776],[5.7553,49.1717],[5.756,49.1711],[5.7535,49.1702],[5.7488,49.1672],[5.7473,49.1647],[5.7465,49.1607],[5.7445,49.1573],[5.7445,49.1566],[5.7469,49.1568],[5.7468,49.156],[5.7478,49.1555],[5.7482,49.1546],[5.7499,49.1544],[5.7497,49.1536],[5.7504,49.1533],[5.7519,49.1533],[5.7556,49.1523],[5.7571,49.1526],[5.7576,49.1533],[5.7601,49.1528],[5.7596,49.1487],[5.7594,49.1468],[5.7566,49.1458],[5.756,49.1424],[5.7637,49.142],[5.7669,49.1401],[5.7718,49.1398],[5.7718,49.139],[5.7665,49.1372],[5.7601,49.134],[5.7534,49.1338],[5.755,49.1304],[5.755,49.1279],[5.7536,49.1278],[5.7519,49.1262],[5.7469,49.1246],[5.7485,49.121],[5.7506,49.1185],[5.7515,49.118],[5.7545,49.1184],[5.7543,49.1164],[5.7557,49.1149],[5.7551,49.1142],[5.7566,49.1122],[5.7608,49.1092],[5.7608,49.1085],[5.762,49.1081],[5.7641,49.1085],[5.7658,49.1064],[5.7677,49.1071],[5.7726,49.1053],[5.7785,49.109],[5.7774,49.1116],[5.7838,49.1126],[5.7846,49.1116],[5.7893,49.112],[5.79,49.1112],[5.7924,49.111],[5.7995,49.1114],[5.8033,49.1124],[5.8078,49.1113],[5.8179,49.111],[5.822,49.1084],[5.8162,49.1027],[5.8179,49.0998],[5.8193,49.0999],[5.8183,49.0982],[5.8208,49.0957],[5.8181,49.0946],[5.8196,49.093],[5.8211,49.0933],[5.823,49.0909],[5.8246,49.0917],[5.827,49.0899],[5.8193,49.0864],[5.8165,49.0865],[5.8156,49.086],[5.8159,49.0855],[5.8128,49.0831],[5.8118,49.0809],[5.809,49.0787],[5.8088,49.0782],[5.811,49.0772],[5.8082,49.0758],[5.8081,49.0735],[5.8073,49.0735],[5.8067,49.0709],[5.8069,49.069],[5.8055,49.067],[5.8059,49.0662],[5.8051,49.0645],[5.8059,49.0635],[5.8067,49.0636],[5.807,49.0631],[5.8065,49.0611],[5.8072,49.0609],[5.8139,49.0628],[5.8163,49.064],[5.8207,49.0649],[5.8238,49.0651],[5.8247,49.064],[5.8239,49.063],[5.8246,49.0624],[5.8296,49.0647],[5.8311,49.0644],[5.8361,49.0661],[5.8374,49.0651],[5.8338,49.0625],[5.8349,49.0618],[5.8343,49.0614],[5.8349,49.0609],[5.8336,49.0601],[5.8344,49.0584],[5.8364,49.0586],[5.8366,49.0563],[5.8371,49.0562],[5.8364,49.0548],[5.839,49.0527],[5.8411,49.0494],[5.8448,49.0481],[5.8456,49.0494],[5.846,49.0491],[5.8465,49.0486],[5.8457,49.047],[5.8478,49.0441],[5.8522,49.0445],[5.8526,49.0427],[5.8542,49.0424],[5.8535,49.0404],[5.8503,49.0379],[5.8493,49.038],[5.8445,49.0358],[5.8403,49.0352],[5.8305,49.0325],[5.831,49.0317],[5.8298,49.0316],[5.8293,49.0295],[5.8297,49.0285],[5.8289,49.0284],[5.8296,49.0274],[5.8286,49.0272],[5.8278,49.0245],[5.8223,49.0229],[5.821,49.022],[5.8212,49.0208],[5.8202,49.0202],[5.8215,49.018],[5.8211,49.0176],[5.8216,49.0165],[5.821,49.0156],[5.8219,49.0154],[5.8218,49.0146],[5.8208,49.0133],[5.816,49.0105],[5.8137,49.0049],[5.8146,49.005],[5.816,49.0084],[5.8198,49.0078],[5.8239,49.0082],[5.8248,49.0068],[5.8278,49.0071],[5.8282,49.0064],[5.8241,49.0048],[5.8205,49.0053],[5.8203,49.0047],[5.823,49.0039],[5.8167,49.0017],[5.8163,49.0009],[5.817,49.0003],[5.817,48.9993],[5.8139,48.9953],[5.8084,48.9901],[5.8052,48.988],[5.802,48.9872],[5.801,48.9862],[5.8044,48.9839],[5.8057,48.9826],[5.8088,48.9825],[5.8147,48.9801],[5.8178,48.9802],[5.8208,48.9835],[5.8328,48.9891],[5.8269,48.9945],[5.8193,48.9939],[5.8193,48.995],[5.817,48.9986],[5.8192,48.9996],[5.8242,48.9998],[5.8274,48.9974],[5.8308,48.9964],[5.8298,49.0013],[5.8347,49.0018],[5.8424,49.0051],[5.8443,49.0031],[5.8475,49.0017],[5.8505,49.0018],[5.8506,49.0012],[5.8569,49.0026],[5.8525,49.0098],[5.8547,49.0107],[5.8558,49.0118],[5.8535,49.013],[5.86,49.0167],[5.8594,49.0177],[5.8613,49.0185],[5.8632,49.0175],[5.8686,49.0195],[5.8705,49.0177],[5.8733,49.0198],[5.8735,49.0191],[5.8751,49.0198],[5.8773,49.0186],[5.8754,49.0174],[5.8782,49.0164],[5.8778,49.016],[5.8799,49.0143],[5.881,49.0143],[5.8835,49.0127],[5.8822,49.0116],[5.8846,49.01],[5.884,49.0092],[5.8799,49.0094],[5.8828,49.0088],[5.8825,49.0085],[5.8982,49.0029],[5.904,48.998],[5.9057,48.9988],[5.9075,48.9988],[5.9133,48.9975],[5.9151,48.9981],[5.9153,48.9997],[5.9169,49.0002],[5.9185,48.9963],[5.9112,48.9915],[5.9158,48.9878],[5.9147,48.987],[5.9174,48.9842],[5.9214,48.9823],[5.9215,48.9812],[5.9193,48.9782],[5.921,48.9775],[5.9226,48.9764],[5.9264,48.9765],[5.9297,48.9752],[5.9305,48.9742],[5.934,48.9744],[5.9347,48.9759],[5.9466,48.9771],[5.9469,48.979],[5.9516,48.9816],[5.9535,48.9844],[5.9551,48.9852],[5.9541,48.9857],[5.9584,48.9881],[5.9551,48.9912],[5.96,48.9932],[5.9601,48.9923],[5.9649,48.992],[5.9677,48.9919],[5.9675,48.9911],[5.9683,48.9903],[5.9704,48.9903],[5.9693,48.9883],[5.9708,48.988],[5.9746,48.9898],[5.9745,48.989],[5.9753,48.9889],[5.9755,48.9898],[5.9776,48.9913],[5.9794,48.9918],[5.9818,48.9917],[5.9874,48.9946],[5.988,48.9958],[5.9837,49.0016],[5.9817,49.0035],[5.9803,49.0033],[5.9785,49.0053],[5.9766,49.0086],[5.9765,49.0093],[5.9831,49.0096],[5.9829,49.0113],[5.9839,49.0137],[5.9811,49.0149],[5.9809,49.0155],[5.9765,49.0144],[5.9749,49.0147],[5.9741,49.0178],[5.9733,49.0186],[5.9741,49.024],[5.978,49.0305],[5.9824,49.0347],[5.9851,49.0385],[5.9859,49.0401],[5.9854,49.042],[5.9832,49.0422],[5.9819,49.0437],[5.9809,49.0439],[5.9786,49.0432],[5.9791,49.0422],[5.9781,49.0413],[5.9711,49.041],[5.9696,49.0424],[5.9683,49.0463],[5.9674,49.0471],[5.9636,49.0481],[5.9598,49.0469],[5.959,49.0474],[5.9582,49.047],[5.9576,49.0478],[5.9532,49.054],[5.9517,49.0617],[5.9508,49.0648],[5.9443,49.0657],[5.9416,49.0681],[5.9368,49.0688],[5.9355,49.0696],[5.9352,49.0721],[5.9339,49.0737],[5.9339,49.0753],[5.9433,49.0793],[5.9418,49.0819],[5.9388,49.0852],[5.9406,49.0863],[5.9391,49.088],[5.9359,49.0867],[5.9332,49.0864],[5.9274,49.09],[5.9267,49.0898],[5.9248,49.0919],[5.925,49.0941],[5.9275,49.0978],[5.9267,49.0983],[5.9278,49.0996],[5.9287,49.1008],[5.9298,49.1045],[5.9309,49.1057],[5.9316,49.1091],[5.9478,49.1088],[5.9727,49.1082],[5.9974,49.1078],[5.9999,49.1087],[6.0041,49.1116],[6.005,49.1139],[6.0037,49.1146],[6.0034,49.1158],[6.0021,49.1165],[5.9988,49.1175],[5.9983,49.12],[5.9929,49.1235],[5.9927,49.1255],[5.9865,49.1281],[5.9897,49.1287],[5.9935,49.1282],[5.9959,49.1301],[5.9949,49.131],[5.9951,49.1323],[5.9973,49.1347],[5.9969,49.135],[5.9926,49.1332],[5.9903,49.136],[5.9884,49.1366],[5.9858,49.136],[5.9854,49.1376],[5.9865,49.139],[5.9841,49.1417],[5.9814,49.1445],[5.9915,49.1462],[5.9958,49.1478],[5.9958,49.1485],[5.9968,49.1487],[5.994,49.1503],[5.9944,49.1506],[5.9933,49.1512],[5.9938,49.1516],[5.9906,49.1531],[5.991,49.1533],[5.9891,49.155],[5.9916,49.1559],[5.9962,49.1551],[5.9996,49.1558],[6.0018,49.1542],[6.0027,49.1525],[6.0063,49.1533],[6.0099,49.1529],[6.0106,49.1537],[6.0112,49.1535],[6.0133,49.1552],[6.0152,49.1557],[6.0146,49.1562],[6.0167,49.1575],[6.0168,49.1609],[6.0248,49.1649],[6.0328,49.1653],[6.0311,49.1675],[6.0282,49.1673],[6.0166,49.172],[6.0147,49.1735],[6.0132,49.1778],[6.0073,49.1771],[6.0069,49.1807],[6.0059,49.1812],[6.006,49.183],[6.0066,49.183],[6.0066,49.1836],[6.0022,49.185],[5.9978,49.1844],[5.9963,49.1853],[5.9916,49.1837],[5.9868,49.1841],[5.9852,49.1848],[5.9828,49.1865],[5.9814,49.1868],[5.9804,49.188],[5.9798,49.19],[5.9815,49.193],[5.9795,49.193],[5.9785,49.195],[5.9823,49.1955],[5.9818,49.1999],[5.9804,49.2007],[5.9802,49.2017],[5.9883,49.2015],[5.9861,49.204],[5.9882,49.2052],[5.9878,49.2056],[5.9859,49.2049],[5.9852,49.2052],[5.984,49.2073],[5.9876,49.2096],[5.9893,49.2082],[5.9914,49.21],[5.9956,49.2072],[5.9975,49.2087],[6.0035,49.209],[6.0024,49.2101],[5.9986,49.2108],[5.9978,49.2119],[6.0005,49.2128],[5.9996,49.214],[6.0062,49.2173],[6.0089,49.2205],[6.0082,49.2216],[6.0096,49.2218],[6.0147,49.2216],[6.019,49.2232],[6.023,49.2235],[6.0193,49.2265],[6.0197,49.2297],[6.0233,49.2281],[6.0268,49.2285],[6.0294,49.2305],[6.0308,49.2331],[6.0279,49.2333],[6.0283,49.2356],[6.0281,49.2384],[6.0261,49.2421],[6.0253,49.242],[6.0251,49.2426],[6.0279,49.248],[6.0316,49.2497],[6.0324,49.2509],[6.0295,49.2524],[6.0269,49.2518],[6.0252,49.2528],[6.0246,49.2542],[6.0233,49.2543],[6.0202,49.257],[6.0126,49.2574],[6.0114,49.2607],[6.0076,49.2595],[6.0093,49.2592],[6.0076,49.2574],[6.0057,49.2564],[6.0052,49.2571],[6.0069,49.2592],[6.0065,49.2609],[6.0087,49.2618],[6.0094,49.2628],[6.0073,49.2647],[6.0098,49.2661],[6.0105,49.2664],[6.0063,49.2687],[6.0098,49.2725],[6.0071,49.2739],[6.0014,49.2748],[6.0002,49.276],[6.0004,49.2803],[6.0022,49.284],[6.0016,49.2871],[6.0029,49.2883],[6.003,49.2891],[6.002,49.2915],[6.0042,49.2947],[6.0025,49.2974],[6.0035,49.2994],[6.0064,49.3017],[6.0048,49.3031],[6.0045,49.3042],[6.0049,49.3059],[6.0066,49.3076],[6.0058,49.3099],[6.0037,49.3119],[5.9971,49.3142],[5.9928,49.3115],[5.9852,49.3052],[5.9822,49.3069],[5.9795,49.3094],[5.9693,49.3198],[5.9652,49.3187],[5.9637,49.3191],[5.961,49.3234],[5.9585,49.3241],[5.9582,49.3249],[5.9516,49.326],[5.9528,49.3267],[5.9513,49.3276],[5.9497,49.3274],[5.9471,49.3256],[5.9484,49.3281],[5.9498,49.3283],[5.9498,49.3292],[5.9506,49.3295],[5.9503,49.3317],[5.9495,49.3319],[5.9493,49.3338],[5.9464,49.3338],[5.9406,49.3357],[5.9409,49.3361],[5.9437,49.3361],[5.9436,49.339],[5.9429,49.3392],[5.9434,49.3403],[5.944,49.3405],[5.9445,49.3416],[5.9543,49.3429],[5.9614,49.3447],[5.9778,49.3443],[5.9784,49.3449],[5.9683,49.3463],[5.963,49.3465],[5.963,49.3471],[5.9612,49.348],[5.9627,49.349],[5.9596,49.3513],[5.9625,49.3559],[5.9578,49.3578],[5.9561,49.3616],[5.9491,49.3622],[5.9487,49.3615],[5.9459,49.3607],[5.9444,49.3621],[5.9423,49.3615],[5.9421,49.3607],[5.9401,49.3604],[5.9392,49.3617],[5.9386,49.3647],[5.9357,49.3658],[5.9352,49.3665],[5.9356,49.3671],[5.9341,49.3678],[5.9353,49.3695],[5.9261,49.372],[5.9248,49.3731],[5.9298,49.3756],[5.9292,49.3763],[5.9345,49.3777],[5.9359,49.3787],[5.936,49.3807],[5.9327,49.3835],[5.9342,49.3855],[5.932,49.3881],[5.9337,49.3943],[5.9326,49.3965],[5.9313,49.3973],[5.9299,49.3967],[5.9292,49.3972],[5.9305,49.3985],[5.9297,49.4015],[5.9269,49.4046],[5.9199,49.4046],[5.9118,49.4075],[5.9129,49.4084],[5.9163,49.4094],[5.9153,49.4101],[5.9201,49.4133],[5.9173,49.4158],[5.9197,49.4181],[5.9221,49.4197],[5.9287,49.4271],[5.9312,49.4274],[5.9328,49.4269],[5.9352,49.4273],[5.9362,49.4282],[5.9423,49.4303],[5.9421,49.4324],[5.936,49.4395],[5.9343,49.4428],[5.9308,49.4466],[5.9344,49.4465],[5.9356,49.4469],[5.9359,49.4481],[5.9388,49.449],[5.9404,49.4488],[5.9427,49.4514],[5.9426,49.4529],[5.9402,49.4552],[5.9385,49.4587],[5.9378,49.4588],[5.9394,49.464],[5.9389,49.4676],[5.9381,49.4674],[5.9368,49.4687],[5.9341,49.4695],[5.9337,49.4697],[5.9342,49.4704],[5.9317,49.4716],[5.9364,49.474],[5.9413,49.4757],[5.9406,49.4767],[5.9396,49.4767],[5.9401,49.4776],[5.9366,49.4777],[5.9302,49.4814],[5.9288,49.483],[5.9279,49.4832],[5.9279,49.4836],[5.93,49.4838],[5.9293,49.4843],[5.9298,49.4846],[5.9296,49.4853],[5.9219,49.4846],[5.9196,49.4831],[5.9175,49.4826],[5.9128,49.4818],[5.9102,49.4836],[5.9085,49.4834],[5.9062,49.486],[5.9058,49.4849],[5.9039,49.4832],[5.9016,49.484],[5.8979,49.4808],[5.897,49.4811],[5.8988,49.4839],[5.8971,49.4871],[5.8977,49.4878],[5.8962,49.4884],[5.8952,49.4896],[5.8954,49.4925],[5.8916,49.4952],[5.8917,49.4961],[5.8931,49.4968]]]]},"properties":{"id":"541","name":"Briey","territoire":"Lorraine","sigle":"LOR","pays":"France","cx":5.867,"cy":49.262}},
{"type":"Feature","geometry":{"type":"Polygon","coordinates":[[[7.0794,48.5364],[7.0701,48.5377],[7.062,48.5367],[7.0587,48.5375],[7.0563,48.539],[7.0572,48.5392],[7.0674,48.5411],[7.0726,48.5413],[7.0761,48.5405],[7.0809,48.5415],[7.0836,48.5413],[7.0839,48.5453],[7.0821,48.545],[7.0721,48.5463],[7.0539,48.5519],[7.0532,48.5536],[7.0541,48.5559],[7.0533,48.5581],[7.0491,48.5584],[7.0458,48.5601],[7.0456,48.5612],[7.0441,48.5621],[7.0433,48.5639],[7.0445,48.5685],[7.0431,48.5713],[7.0419,48.572],[7.0382,48.5722],[7.0357,48.5742],[7.0337,48.5779],[7.0342,48.5804],[7.0282,48.5802],[7.0228,48.579],[7.0208,48.5794],[7.019,48.5801],[7.0181,48.5832],[7.0113,48.586],[7.0098,48.5882],[7.0068,48.5888],[7.0005,48.5924],[6.9961,48.5925],[6.9933,48.5934],[6.9954,48.5944],[6.993,48.5965],[6.9964,48.5964],[6.9965,48.597],[7.0081,48.6011],[7.0103,48.6025],[7.0112,48.6022],[7.0167,48.604],[7.017,48.6083],[7.0152,48.6096],[7.0126,48.6101],[7.0087,48.6118],[7.0057,48.6091],[7.0041,48.6084],[6.9988,48.6081],[6.9932,48.6099],[6.9913,48.6095],[6.9896,48.6117],[6.9858,48.613],[6.9813,48.6111],[6.9808,48.6111],[6.9807,48.6117],[6.9779,48.6112],[6.9744,48.6119],[6.969,48.6109],[6.9686,48.6098],[6.9677,48.6105],[6.9643,48.6088],[6.9625,48.609],[6.9608,48.6083],[6.9509,48.6109],[6.9397,48.6151],[6.9418,48.6175],[6.945,48.6188],[6.9407,48.6237],[6.937,48.6242],[6.9358,48.6253],[6.9344,48.6276],[6.9346,48.6299],[6.9341,48.6307],[6.9346,48.6327],[6.9334,48.634],[6.93,48.6355],[6.9197,48.6338],[6.9201,48.6326],[6.9177,48.6294],[6.9191,48.6273],[6.9182,48.6248],[6.9117,48.6206],[6.9054,48.6198],[6.9019,48.6215],[6.8965,48.6219],[6.8953,48.6225],[6.8933,48.625],[6.8912,48.624],[6.886,48.6241],[6.8855,48.6249],[6.8833,48.6245],[6.8831,48.6249],[6.8805,48.6249],[6.8793,48.6246],[6.8777,48.6227],[6.8746,48.6225],[6.8716,48.6212],[6.8693,48.6208],[6.8689,48.6213],[6.8672,48.6215],[6.8664,48.6212],[6.8664,48.6204],[6.8609,48.6203],[6.8588,48.6213],[6.8549,48.6215],[6.8534,48.6211],[6.8517,48.6228],[6.8488,48.6235],[6.8477,48.6232],[6.8462,48.6252],[6.8452,48.6252],[6.8447,48.6259],[6.8441,48.626],[6.8428,48.6297],[6.8427,48.6322],[6.8416,48.6352],[6.8393,48.6374],[6.8368,48.6399],[6.8366,48.6431],[6.8332,48.6441],[6.8287,48.6445],[6.8265,48.646],[6.8256,48.6454],[6.8221,48.6451],[6.8168,48.6467],[6.8114,48.6474],[6.7826,48.6427],[6.7784,48.6461],[6.7741,48.6479],[6.7787,48.6522],[6.7789,48.6533],[6.7778,48.6539],[6.7758,48.6533],[6.7728,48.6516],[6.764,48.6521],[6.7628,48.6538],[6.7628,48.6554],[6.7589,48.6597],[6.7595,48.6626],[6.7573,48.6638],[6.7558,48.6639],[6.7606,48.6659],[6.7616,48.6675],[6.7599,48.6698],[6.7551,48.6699],[6.7525,48.6676],[6.7492,48.6661],[6.7492,48.6666],[6.7484,48.667],[6.7404,48.6687],[6.7357,48.6659],[6.7338,48.6631],[6.7261,48.6644],[6.7239,48.6661],[6.7231,48.6681],[6.7211,48.67],[6.7183,48.6682],[6.7156,48.6675],[6.7113,48.6714],[6.7129,48.6728],[6.7124,48.6732],[6.7091,48.6711],[6.7074,48.6726],[6.7062,48.6723],[6.704,48.6747],[6.6996,48.6714],[6.6975,48.6714],[6.6963,48.6723],[6.6955,48.6717],[6.6923,48.6728],[6.6904,48.6758],[6.6946,48.677],[6.695,48.678],[6.6944,48.6796],[6.6928,48.6806],[6.6888,48.6817],[6.6866,48.6854],[6.6856,48.6857],[6.6848,48.6855],[6.6858,48.6842],[6.6835,48.6834],[6.6855,48.6813],[6.6781,48.6781],[6.6789,48.6758],[6.6777,48.6735],[6.6743,48.6723],[6.6725,48.6727],[6.6724,48.6715],[6.6715,48.6698],[6.669,48.6673],[6.6669,48.668],[6.6678,48.67],[6.6664,48.671],[6.6701,48.672],[6.6712,48.6741],[6.6708,48.678],[6.6721,48.6805],[6.6703,48.6841],[6.6698,48.6866],[6.6715,48.6865],[6.6718,48.6882],[6.6742,48.6882],[6.6764,48.689],[6.6705,48.6977],[6.6666,48.7004],[6.6646,48.7035],[6.6616,48.7061],[6.6584,48.708],[6.6541,48.7059],[6.6504,48.7054],[6.649,48.7065],[6.646,48.7058],[6.6458,48.7046],[6.6424,48.7024],[6.6385,48.7011],[6.6375,48.7046],[6.6347,48.7058],[6.6281,48.7121],[6.6236,48.7137],[6.6201,48.7122],[6.6167,48.7147],[6.6138,48.7159],[6.6109,48.7162],[6.6104,48.7169],[6.6082,48.7159],[6.6054,48.7171],[6.6026,48.7159],[6.599,48.7157],[6.598,48.7223],[6.5948,48.7292],[6.5895,48.7325],[6.5867,48.7325],[6.5801,48.7346],[6.5779,48.7374],[6.5769,48.7374],[6.5755,48.7396],[6.5742,48.7394],[6.5736,48.741],[6.573,48.7411],[6.5729,48.7425],[6.5717,48.7433],[6.5692,48.7464],[6.5662,48.7486],[6.5658,48.7495],[6.5645,48.7494],[6.5641,48.751],[6.5633,48.7512],[6.5625,48.7529],[6.5622,48.7561],[6.5592,48.7562],[6.56,48.7554],[6.5541,48.7541],[6.5536,48.755],[6.5499,48.7532],[6.5478,48.7551],[6.546,48.7537],[6.5429,48.7534],[6.5402,48.7539],[6.5386,48.7514],[6.5347,48.7489],[6.5297,48.7502],[6.527,48.7501],[6.5245,48.7525],[6.5202,48.7525],[6.5144,48.7537],[6.5155,48.7519],[6.5114,48.7488],[6.5088,48.7479],[6.5076,48.7484],[6.5051,48.7473],[6.5034,48.749],[6.505,48.7525],[6.5094,48.7531],[6.5103,48.7526],[6.511,48.7528],[6.5119,48.7544],[6.5031,48.7573],[6.4959,48.7626],[6.4946,48.7621],[6.4911,48.7651],[6.4884,48.7664],[6.4854,48.7658],[6.4858,48.7669],[6.4842,48.767],[6.4788,48.7662],[6.4763,48.7667],[6.4756,48.7657],[6.474,48.7667],[6.4723,48.7653],[6.4703,48.7664],[6.4659,48.7667],[6.4656,48.7684],[6.4661,48.77],[6.4639,48.7682],[6.4614,48.7673],[6.4598,48.7657],[6.4536,48.7659],[6.4545,48.7646],[6.4528,48.7634],[6.4481,48.7578],[6.447,48.7581],[6.4457,48.7569],[6.4438,48.7566],[6.444,48.7559],[6.4459,48.755],[6.4449,48.7534],[6.4438,48.7538],[6.4422,48.7532],[6.4412,48.7516],[6.4385,48.7505],[6.4374,48.749],[6.4392,48.7425],[6.4413,48.7409],[6.4426,48.739],[6.4422,48.7387],[6.4403,48.7407],[6.4382,48.7413],[6.433,48.7361],[6.4267,48.7345],[6.4249,48.7326],[6.4246,48.7308],[6.4256,48.7303],[6.4261,48.7278],[6.4271,48.7264],[6.4268,48.7235],[6.4213,48.7194],[6.4196,48.7197],[6.4183,48.7222],[6.4154,48.7204],[6.4169,48.7186],[6.4154,48.7182],[6.416,48.7174],[6.4134,48.7163],[6.4143,48.7157],[6.4139,48.7149],[6.4129,48.7149],[6.4121,48.7129],[6.4131,48.7089],[6.4148,48.7053],[6.4093,48.7028],[6.4088,48.7021],[6.4075,48.7019],[6.406,48.7001],[6.4038,48.6993],[6.4026,48.6999],[6.4007,48.6995],[6.3993,48.698],[6.3871,48.6957],[6.3837,48.6952],[6.3826,48.6958],[6.3756,48.6936],[6.3752,48.6929],[6.3756,48.6921],[6.3769,48.691],[6.372,48.6883],[6.3713,48.6874],[6.3786,48.6839],[6.3794,48.683],[6.3809,48.6839],[6.3835,48.6825],[6.3854,48.6832],[6.388,48.6822],[6.3891,48.6826],[6.3906,48.6819],[6.3922,48.6829],[6.3951,48.6801],[6.3948,48.6795],[6.3961,48.6783],[6.3952,48.6774],[6.398,48.6758],[6.3991,48.6741],[6.3968,48.6736],[6.3968,48.6689],[6.3958,48.6688],[6.3949,48.6674],[6.3962,48.6636],[6.3928,48.6625],[6.3927,48.6609],[6.3938,48.6584],[6.3938,48.657],[6.389,48.6554],[6.3855,48.6558],[6.3813,48.6554],[6.3798,48.6543],[6.3799,48.6534],[6.381,48.6523],[6.381,48.6513],[6.3802,48.6511],[6.3808,48.6499],[6.3793,48.6496],[6.3784,48.6501],[6.3771,48.6495],[6.376,48.65],[6.3703,48.6489],[6.3705,48.6483],[6.3691,48.6473],[6.3651,48.6458],[6.3626,48.6439],[6.3612,48.6443],[6.3615,48.6446],[6.3607,48.6447],[6.3608,48.6453],[6.3596,48.6451],[6.3591,48.6437],[6.36,48.6412],[6.3609,48.6391],[6.368,48.6361],[6.37,48.6344],[6.3687,48.6339],[6.3692,48.6334],[6.3651,48.6321],[6.3659,48.6317],[6.3674,48.6286],[6.3694,48.6289],[6.3696,48.6283],[6.3719,48.6281],[6.375,48.629],[6.3761,48.6284],[6.3765,48.6267],[6.3779,48.6248],[6.3792,48.6251],[6.3838,48.6215],[6.3826,48.6209],[6.3875,48.6181],[6.3881,48.6165],[6.3874,48.6156],[6.3843,48.6139],[6.3867,48.612],[6.3848,48.6097],[6.3839,48.6094],[6.3845,48.6083],[6.3832,48.6074],[6.3838,48.6072],[6.3835,48.6063],[6.3811,48.6065],[6.3775,48.6045],[6.3791,48.6035],[6.3797,48.6038],[6.3805,48.6025],[6.3741,48.6],[6.3773,48.5975],[6.3775,48.5964],[6.3792,48.5969],[6.3811,48.5964],[6.3847,48.5967],[6.3871,48.5928],[6.3948,48.5877],[6.4027,48.5836],[6.403,48.5823],[6.3857,48.5761],[6.3791,48.5758],[6.3767,48.5797],[6.3749,48.5815],[6.3707,48.5802],[6.3688,48.5808],[6.3661,48.5806],[6.3658,48.5796],[6.3617,48.579],[6.3618,48.5785],[6.3574,48.5769],[6.3565,48.577],[6.3553,48.5782],[6.3503,48.5762],[6.3487,48.5771],[6.3483,48.5782],[6.3442,48.5753],[6.3419,48.5759],[6.3395,48.5748],[6.3389,48.5755],[6.3367,48.5747],[6.3372,48.574],[6.336,48.5738],[6.3353,48.5751],[6.3319,48.574],[6.3261,48.5744],[6.3213,48.5673],[6.3244,48.5658],[6.3201,48.5632],[6.3197,48.5621],[6.3212,48.5613],[6.3194,48.5594],[6.3208,48.5588],[6.3204,48.5581],[6.3215,48.5571],[6.3205,48.5566],[6.3213,48.5559],[6.3222,48.5561],[6.3238,48.5541],[6.3257,48.553],[6.3282,48.5532],[6.3278,48.5527],[6.3282,48.5509],[6.3245,48.5474],[6.3247,48.5447],[6.319,48.5446],[6.3161,48.5459],[6.3147,48.546],[6.3143,48.5454],[6.31,48.5383],[6.3063,48.5371],[6.3059,48.5382],[6.3023,48.5367],[6.3013,48.5368],[6.2978,48.5395],[6.2936,48.5385],[6.2931,48.5393],[6.2915,48.5389],[6.29,48.54],[6.2885,48.5396],[6.2858,48.5398],[6.2835,48.5408],[6.2787,48.5384],[6.2726,48.5366],[6.2693,48.5349],[6.2691,48.5364],[6.2666,48.5354],[6.266,48.5359],[6.262,48.5338],[6.2636,48.5324],[6.2645,48.5307],[6.2693,48.5298],[6.2696,48.5292],[6.275,48.5268],[6.2742,48.5257],[6.2761,48.5238],[6.2761,48.5163],[6.2772,48.5149],[6.2812,48.5154],[6.2826,48.5148],[6.283,48.5139],[6.2811,48.5118],[6.2827,48.5085],[6.2839,48.5072],[6.2871,48.5061],[6.2912,48.5068],[6.2937,48.5047],[6.2945,48.5018],[6.2939,48.501],[6.2944,48.4995],[6.2973,48.4964],[6.3004,48.4945],[6.3012,48.4929],[6.2995,48.4887],[6.2979,48.4881],[6.295,48.485],[6.2954,48.4833],[6.2959,48.4824],[6.2981,48.4823],[6.3018,48.4803],[6.3016,48.4774],[6.3037,48.4749],[6.3034,48.4731],[6.3044,48.473],[6.3046,48.4725],[6.3045,48.4714],[6.3034,48.4704],[6.3048,48.4705],[6.3054,48.4697],[6.3074,48.4696],[6.3089,48.4659],[6.3101,48.4646],[6.3103,48.4631],[6.3085,48.4626],[6.3082,48.4609],[6.3088,48.4607],[6.3079,48.4596],[6.3085,48.4595],[6.3083,48.4585],[6.3068,48.4577],[6.3056,48.4555],[6.3097,48.4509],[6.3027,48.4468],[6.302,48.4442],[6.3041,48.444],[6.3058,48.4452],[6.3069,48.4444],[6.3063,48.4431],[6.3067,48.4423],[6.311,48.4406],[6.311,48.4389],[6.3136,48.439],[6.3159,48.44],[6.3155,48.438],[6.3135,48.4353],[6.3096,48.4335],[6.3114,48.4322],[6.3112,48.4312],[6.3029,48.4284],[6.3044,48.4261],[6.3018,48.4245],[6.3028,48.4238],[6.3026,48.4228],[6.3039,48.4199],[6.3068,48.4177],[6.3063,48.4163],[6.3046,48.4158],[6.3062,48.4126],[6.315,48.4093],[6.3176,48.409],[6.3214,48.4095],[6.3254,48.4071],[6.3313,48.4048],[6.3365,48.4046],[6.3406,48.4054],[6.3472,48.4049],[6.3498,48.4054],[6.354,48.4039],[6.3588,48.4047],[6.3624,48.4075],[6.3636,48.4079],[6.3638,48.4061],[6.3721,48.4097],[6.3812,48.415],[6.3833,48.415],[6.382,48.414],[6.3785,48.4126],[6.3789,48.4121],[6.3806,48.4122],[6.3799,48.4106],[6.3785,48.4093],[6.3791,48.4089],[6.3818,48.4119],[6.3837,48.4102],[6.3833,48.4092],[6.384,48.4082],[6.3824,48.4075],[6.3827,48.407],[6.3817,48.4063],[6.3834,48.4066],[6.3883,48.4092],[6.3904,48.4085],[6.3918,48.4096],[6.3929,48.4087],[6.3922,48.4065],[6.3903,48.4058],[6.3915,48.4058],[6.3912,48.4039],[6.3837,48.3998],[6.384,48.3995],[6.3881,48.4015],[6.3894,48.4009],[6.3842,48.3946],[6.3888,48.3909],[6.395,48.3932],[6.3944,48.3937],[6.398,48.3961],[6.3984,48.3963],[6.3988,48.3955],[6.4,48.3962],[6.4007,48.3954],[6.4041,48.3906],[6.4086,48.3921],[6.4097,48.3919],[6.4104,48.3929],[6.4119,48.3921],[6.4137,48.3934],[6.4134,48.3941],[6.414,48.3957],[6.415,48.3956],[6.4153,48.3984],[6.4169,48.4007],[6.4203,48.4011],[6.4217,48.404],[6.4213,48.4057],[6.4224,48.4073],[6.4355,48.4128],[6.4399,48.4136],[6.4407,48.4131],[6.4422,48.4134],[6.4419,48.4124],[6.4482,48.4144],[6.4573,48.4175],[6.4593,48.4165],[6.4582,48.4154],[6.46,48.4132],[6.4628,48.4129],[6.4644,48.4118],[6.4658,48.4116],[6.4667,48.4104],[6.4713,48.4092],[6.4713,48.41],[6.4726,48.4108],[6.4831,48.4152],[6.487,48.4163],[6.4914,48.4173],[6.4977,48.4145],[6.5018,48.4146],[6.506,48.4163],[6.5092,48.4199],[6.518,48.4235],[6.5223,48.4256],[6.5212,48.4269],[6.5224,48.4277],[6.5298,48.4292],[6.5344,48.4315],[6.5358,48.4312],[6.5409,48.4277],[6.5446,48.4276],[6.5457,48.4279],[6.5478,48.4271],[6.55,48.425],[6.5557,48.4231],[6.5629,48.422],[6.5641,48.4208],[6.5657,48.4209],[6.5657,48.4214],[6.5667,48.4216],[6.5671,48.4208],[6.5666,48.4199],[6.568,48.4179],[6.571,48.416],[6.5719,48.4159],[6.5706,48.4181],[6.5715,48.4184],[6.5733,48.4167],[6.5745,48.4145],[6.5762,48.4146],[6.5753,48.4159],[6.5772,48.4163],[6.5773,48.4172],[6.5784,48.4169],[6.5787,48.4155],[6.5839,48.4172],[6.5797,48.4218],[6.58,48.423],[6.5787,48.4251],[6.5787,48.4267],[6.5775,48.4294],[6.5739,48.4332],[6.5702,48.4333],[6.5687,48.4318],[6.568,48.4322],[6.5675,48.4332],[6.5677,48.4353],[6.5688,48.4362],[6.5672,48.4409],[6.5721,48.4417],[6.5747,48.4432],[6.5747,48.4443],[6.5739,48.4453],[6.5771,48.4488],[6.5772,48.4501],[6.5786,48.4533],[6.585,48.4605],[6.5945,48.4624],[6.5954,48.4628],[6.5952,48.4635],[6.5963,48.4638],[6.5958,48.4646],[6.5975,48.467],[6.6014,48.467],[6.6022,48.466],[6.606,48.4663],[6.6096,48.4692],[6.6109,48.4679],[6.6194,48.4722],[6.6228,48.473],[6.6325,48.472],[6.6324,48.4713],[6.6354,48.4705],[6.6351,48.4697],[6.6357,48.4689],[6.6347,48.4684],[6.6371,48.467],[6.6378,48.4643],[6.6388,48.4639],[6.6385,48.4575],[6.639,48.4567],[6.6371,48.4543],[6.6359,48.4536],[6.6378,48.4516],[6.6359,48.4501],[6.636,48.4489],[6.6428,48.4449],[6.6483,48.4339],[6.6448,48.4286],[6.6451,48.4274],[6.6505,48.427],[6.6544,48.4283],[6.6553,48.4272],[6.6575,48.4272],[6.6572,48.4262],[6.6594,48.4251],[6.6645,48.4267],[6.6694,48.4261],[6.6772,48.4232],[6.6795,48.4217],[6.6814,48.4207],[6.6829,48.4245],[6.6834,48.4239],[6.683,48.4221],[6.6836,48.4192],[6.6906,48.4156],[6.6995,48.4131],[6.7029,48.4141],[6.7071,48.4165],[6.709,48.4192],[6.7141,48.4229],[6.716,48.4219],[6.7168,48.4198],[6.7187,48.4179],[6.7221,48.4162],[6.7251,48.4158],[6.7306,48.417],[6.7358,48.4171],[6.7388,48.4154],[6.7389,48.411],[6.7394,48.4111],[6.7393,48.4118],[6.7434,48.4113],[6.75,48.412],[6.7575,48.4113],[6.7648,48.4119],[6.7643,48.4103],[6.7622,48.4087],[6.761,48.4062],[6.7637,48.4045],[6.7649,48.4046],[6.7672,48.399],[6.7767,48.4018],[6.7804,48.4023],[6.789,48.4025],[6.7893,48.4018],[6.7835,48.3971],[6.7836,48.3943],[6.7822,48.3902],[6.7829,48.3893],[6.7853,48.3959],[6.7868,48.3972],[6.7878,48.3971],[6.7889,48.3988],[6.7909,48.3994],[6.7914,48.4006],[6.7927,48.4007],[6.794,48.4034],[6.7987,48.4029],[6.7985,48.402],[6.7994,48.4012],[6.8011,48.4012],[6.8017,48.4006],[6.8079,48.3999],[6.8079,48.3979],[6.8099,48.397],[6.8095,48.3965],[6.81,48.3958],[6.8133,48.3965],[6.815,48.3951],[6.8152,48.3988],[6.8228,48.4049],[6.8229,48.4066],[6.8256,48.4106],[6.8277,48.4156],[6.8283,48.4166],[6.8351,48.42],[6.8418,48.4224],[6.8491,48.4237],[6.8551,48.4331],[6.8577,48.4332],[6.8646,48.4367],[6.8664,48.4339],[6.8663,48.4285],[6.8707,48.4202],[6.878,48.4202],[6.8784,48.4199],[6.8779,48.4169],[6.8807,48.4167],[6.8844,48.4172],[6.8872,48.4184],[6.8901,48.4183],[6.8908,48.4188],[6.8915,48.4178],[6.892,48.418],[6.8939,48.4191],[6.8967,48.4223],[6.901,48.4239],[6.9019,48.4247],[6.9026,48.4271],[6.9045,48.4269],[6.9051,48.428],[6.9069,48.4287],[6.9085,48.4302],[6.9131,48.4311],[6.9182,48.4355],[6.9203,48.4363],[6.9205,48.4375],[6.922,48.4394],[6.9249,48.4385],[6.9268,48.44],[6.9302,48.4417],[6.9315,48.4455],[6.9342,48.4468],[6.9356,48.4488],[6.9377,48.4498],[6.9373,48.4512],[6.9399,48.4508],[6.9404,48.4517],[6.9428,48.4521],[6.9459,48.454],[6.947,48.4559],[6.951,48.4583],[6.9505,48.4602],[6.9515,48.4615],[6.9514,48.4621],[6.9539,48.4627],[6.9536,48.4636],[6.955,48.4635],[6.9551,48.4647],[6.9568,48.4644],[6.9575,48.4656],[6.9601,48.4661],[6.9598,48.4675],[6.958,48.4679],[6.9583,48.4685],[6.9607,48.4679],[6.9634,48.4685],[6.9656,48.4701],[6.9653,48.4705],[6.9659,48.4709],[6.9653,48.4715],[6.9673,48.4715],[6.967,48.4725],[6.974,48.4738],[6.9752,48.4759],[6.9783,48.4764],[6.9797,48.4785],[6.9819,48.4784],[6.9855,48.4794],[6.9889,48.4812],[6.9921,48.4805],[6.9929,48.4811],[6.9945,48.4807],[6.9943,48.4818],[6.9968,48.4816],[6.9972,48.4808],[7.0005,48.4814],[7.0064,48.481],[7.0082,48.482],[7.0086,48.4819],[7.0083,48.4813],[7.0087,48.4813],[7.0097,48.4817],[7.0095,48.4824],[7.0099,48.483],[7.0119,48.4836],[7.0125,48.4847],[7.0154,48.486],[7.0166,48.4856],[7.0165,48.4864],[7.0188,48.4869],[7.0196,48.4886],[7.0208,48.4885],[7.0209,48.4893],[7.0228,48.4906],[7.0276,48.4911],[7.0288,48.4919],[7.0301,48.493],[7.032,48.4926],[7.0395,48.4932],[7.0401,48.4933],[7.0397,48.4938],[7.0401,48.4942],[7.0424,48.4936],[7.0424,48.4944],[7.0445,48.4949],[7.0496,48.4946],[7.0523,48.496],[7.0523,48.4972],[7.0533,48.497],[7.0539,48.4976],[7.0547,48.4983],[7.057,48.4984],[7.0579,48.499],[7.0601,48.4988],[7.0631,48.4995],[7.064,48.4989],[7.0652,48.4991],[7.0664,48.5009],[7.0688,48.5024],[7.0728,48.5026],[7.0734,48.5042],[7.0751,48.5047],[7.076,48.5063],[7.0784,48.5074],[7.081,48.5075],[7.0838,48.5085],[7.0893,48.5099],[7.0891,48.5108],[7.0906,48.5109],[7.0923,48.5124],[7.094,48.5129],[7.0971,48.5128],[7.1006,48.5118],[7.1057,48.5123],[7.109,48.5116],[7.1166,48.5116],[7.1232,48.5136],[7.1209,48.5141],[7.1204,48.515],[7.1196,48.5148],[7.119,48.5134],[7.1174,48.5133],[7.1178,48.5157],[7.1149,48.5142],[7.1102,48.514],[7.1104,48.5143],[7.1066,48.5155],[7.1061,48.517],[7.105,48.5172],[7.1044,48.5186],[7.1034,48.5192],[7.0986,48.5158],[7.0967,48.5152],[7.0904,48.516],[7.0867,48.5156],[7.0828,48.5174],[7.0831,48.5153],[7.0807,48.5126],[7.0771,48.5163],[7.071,48.5223],[7.0645,48.5234],[7.0654,48.5243],[7.0704,48.5285],[7.0741,48.5338],[7.0794,48.5364]]]},"properties":{"id":"542","name":"Lunéville","territoire":"Lorraine","sigle":"LOR","pays":"France","cx":6.573,"cy":48.588}},
{"type":"Feature","geometry":{"type":"Polygon","coordinates":[[[5.921,48.9775],[5.9151,48.9736],[5.9193,48.9697],[5.9174,48.9691],[5.9186,48.9674],[5.911,48.9641],[5.912,48.9627],[5.912,48.9584],[5.9198,48.9586],[5.9221,48.9589],[5.9278,48.9561],[5.93,48.9567],[5.9362,48.9608],[5.9399,48.9621],[5.9432,48.9596],[5.9453,48.9619],[5.9521,48.9664],[5.9549,48.9637],[5.9558,48.9611],[5.9566,48.9608],[5.9632,48.9597],[5.9665,48.9603],[5.968,48.9592],[5.969,48.9569],[5.9737,48.9534],[5.9699,48.9518],[5.9724,48.9503],[5.9707,48.9484],[5.9761,48.9467],[5.9757,48.9461],[5.9793,48.9438],[5.9798,48.9424],[5.9826,48.9412],[5.9822,48.9408],[5.9834,48.9398],[5.9832,48.9394],[5.9877,48.9347],[5.9795,48.9305],[5.9819,48.929],[5.9828,48.929],[5.9828,48.928],[5.9788,48.9278],[5.9784,48.926],[5.9786,48.9226],[5.9799,48.9217],[5.9803,48.9203],[5.9826,48.9188],[5.9673,48.917],[5.9556,48.9188],[5.9495,48.917],[5.9484,48.9153],[5.9474,48.911],[5.949,48.9082],[5.9492,48.9055],[5.9492,48.905],[5.9481,48.9048],[5.9489,48.9024],[5.948,48.9016],[5.9482,48.8987],[5.9394,48.8951],[5.9379,48.8943],[5.9376,48.8933],[5.9388,48.8915],[5.9384,48.8894],[5.9406,48.8883],[5.9483,48.8917],[5.9534,48.893],[5.9719,48.8959],[5.973,48.8957],[5.9739,48.8951],[5.9747,48.8923],[5.9745,48.8893],[5.9753,48.8878],[5.9752,48.8862],[5.9778,48.8836],[5.9759,48.8833],[5.9747,48.8819],[5.973,48.8811],[5.9724,48.8779],[5.9728,48.8765],[5.968,48.8722],[5.9693,48.8706],[5.969,48.8703],[5.9654,48.8684],[5.9659,48.8676],[5.9641,48.8658],[5.9652,48.8656],[5.9644,48.8642],[5.9649,48.8637],[5.9647,48.863],[5.9662,48.8621],[5.9647,48.8608],[5.9654,48.8595],[5.9666,48.8588],[5.9687,48.8598],[5.9709,48.8594],[5.9721,48.8604],[5.9762,48.8578],[5.9774,48.8575],[5.9792,48.858],[5.9853,48.8579],[5.9925,48.8536],[5.9933,48.8539],[5.993,48.8534],[5.9946,48.8526],[5.9961,48.8535],[5.9964,48.8528],[5.9957,48.8521],[5.9991,48.8492],[6.0011,48.8495],[6.0036,48.848],[6.0067,48.8472],[6.0128,48.849],[6.0138,48.8497],[6.0176,48.8564],[6.0204,48.8555],[6.0186,48.8518],[6.0193,48.8499],[6.0238,48.8502],[6.026,48.8495],[6.028,48.848],[6.0272,48.8458],[6.0263,48.8456],[6.0296,48.8446],[6.0312,48.8433],[6.0365,48.8438],[6.0362,48.8431],[6.0374,48.8424],[6.0377,48.8416],[6.0373,48.8397],[6.0364,48.8388],[6.0317,48.8396],[6.0287,48.839],[6.0286,48.8382],[6.0265,48.8377],[6.0257,48.838],[6.0238,48.8372],[6.0185,48.8377],[6.0249,48.8301],[6.0253,48.8272],[6.0252,48.8249],[6.023,48.8243],[6.026,48.8162],[6.0274,48.8139],[6.0273,48.8114],[6.0149,48.8072],[6.0131,48.8059],[6.008,48.8042],[6.0088,48.8032],[6.0144,48.8015],[6.0176,48.7996],[6.0153,48.7971],[6.0162,48.7963],[6.0174,48.7968],[6.0179,48.7957],[6.017,48.7949],[6.0183,48.7928],[6.0199,48.7923],[6.02,48.7913],[6.0176,48.7902],[6.0196,48.7883],[6.018,48.7838],[6.0188,48.7799],[6.0239,48.778],[6.0264,48.7751],[6.0288,48.7737],[6.0315,48.7734],[6.0315,48.7725],[6.0333,48.7715],[6.0337,48.7703],[6.0356,48.7699],[6.0361,48.7681],[6.0373,48.7668],[6.0391,48.7672],[6.0446,48.7709],[6.0532,48.775],[6.0541,48.7705],[6.059,48.7722],[6.0603,48.7719],[6.0676,48.7756],[6.0746,48.77],[6.0753,48.77],[6.0773,48.7691],[6.0784,48.7695],[6.0783,48.7674],[6.079,48.767],[6.0836,48.7692],[6.0907,48.7649],[6.0901,48.7634],[6.0916,48.761],[6.0944,48.7611],[6.0986,48.7625],[6.1029,48.7632],[6.1043,48.763],[6.1047,48.7622],[6.1071,48.762],[6.1078,48.7606],[6.1147,48.7612],[6.115,48.7602],[6.0995,48.7579],[6.1007,48.7553],[6.0927,48.7539],[6.0924,48.7532],[6.0885,48.7514],[6.085,48.749],[6.0838,48.7477],[6.0841,48.7473],[6.081,48.7466],[6.0792,48.7453],[6.0823,48.7426],[6.0964,48.7333],[6.0942,48.7286],[6.084,48.7239],[6.0758,48.7209],[6.0863,48.7119],[6.074,48.6926],[6.0711,48.6916],[6.0631,48.6869],[6.0304,48.6673],[6.0279,48.6664],[6.0214,48.6658],[6.0172,48.6637],[6.0174,48.6618],[6.0202,48.6609],[6.0241,48.6581],[6.0353,48.6536],[6.0391,48.65],[6.0413,48.6469],[6.0406,48.6392],[6.0409,48.6374],[6.046,48.6316],[6.0466,48.6279],[6.0484,48.6233],[6.0505,48.6223],[6.0532,48.6221],[6.0568,48.6222],[6.0589,48.623],[6.0603,48.621],[6.0612,48.6206],[6.0628,48.6208],[6.0635,48.6216],[6.0654,48.6213],[6.0658,48.6206],[6.0683,48.6199],[6.0682,48.6191],[6.0693,48.6187],[6.0697,48.6176],[6.0717,48.6169],[6.0747,48.6157],[6.073,48.613],[6.0643,48.6141],[6.0614,48.6135],[6.0594,48.6151],[6.0552,48.617],[6.0496,48.6186],[6.0448,48.6158],[6.0397,48.6142],[6.0374,48.6159],[6.0366,48.6197],[6.0357,48.6206],[6.0297,48.621],[6.0217,48.6205],[6.0186,48.6216],[6.0144,48.6247],[6.0051,48.6244],[6.0033,48.6237],[5.997,48.6181],[5.9924,48.6159],[5.9902,48.6153],[5.9852,48.6129],[5.9779,48.6105],[5.9751,48.6059],[5.975,48.6049],[5.9763,48.6041],[5.976,48.6031],[5.9776,48.6012],[5.9764,48.5986],[5.9773,48.5983],[5.9766,48.5959],[5.9787,48.5942],[5.9778,48.5928],[5.9779,48.5907],[5.9801,48.5886],[5.9802,48.5874],[5.9846,48.5874],[5.9866,48.5866],[5.9916,48.5868],[5.995,48.5852],[5.9928,48.5831],[5.994,48.5795],[5.9948,48.5793],[5.9954,48.5765],[5.9934,48.571],[5.9924,48.571],[5.992,48.5693],[5.9948,48.5695],[5.9952,48.5691],[6.0002,48.5598],[6.006,48.5597],[6.0117,48.557],[6.0153,48.5563],[6.0217,48.5522],[6.0257,48.5513],[6.0286,48.5497],[6.0286,48.5491],[6.0298,48.5491],[6.0315,48.5472],[6.0293,48.5477],[6.0299,48.5467],[6.0284,48.5442],[6.0286,48.542],[6.0264,48.5396],[6.0256,48.5397],[6.0243,48.5385],[6.0249,48.5379],[6.0239,48.5371],[6.0251,48.5365],[6.0248,48.5358],[6.0264,48.5358],[6.0259,48.5346],[6.0234,48.5321],[6.022,48.5323],[6.0195,48.5307],[6.0225,48.5289],[6.021,48.5282],[6.0194,48.5286],[6.0155,48.5271],[6.0152,48.5266],[6.0157,48.5261],[6.0134,48.5258],[6.0052,48.5252],[6.0024,48.5242],[6,48.5215],[5.9984,48.5207],[5.9983,48.5199],[5.9967,48.5192],[5.9971,48.518],[5.9969,48.5149],[5.9973,48.5143],[5.9961,48.5139],[5.9969,48.5123],[5.9879,48.5097],[5.9879,48.5086],[5.9866,48.5083],[5.9884,48.505],[5.9894,48.5044],[5.9898,48.5026],[5.9976,48.4988],[5.9971,48.4979],[5.9977,48.4973],[5.9965,48.4968],[5.9995,48.4947],[6.0011,48.4917],[6.001,48.4901],[5.9949,48.4871],[5.9973,48.4846],[5.9969,48.4839],[5.9937,48.483],[5.9925,48.4817],[5.9886,48.4802],[5.9855,48.4797],[5.9836,48.4801],[5.9826,48.4811],[5.9793,48.4813],[5.976,48.4806],[5.9764,48.4733],[5.9791,48.4686],[5.9823,48.4692],[5.9839,48.4679],[5.9858,48.4647],[5.9882,48.4644],[5.9895,48.4654],[5.9934,48.4627],[5.9969,48.4612],[6.0012,48.4606],[6.0038,48.4584],[6.0027,48.4575],[6.0063,48.4534],[6.0066,48.4526],[6.0058,48.4524],[6.0059,48.4516],[6.0099,48.4499],[6.0097,48.4489],[6.0102,48.4487],[6.0084,48.4477],[6.0088,48.4469],[6.0078,48.4459],[6.01,48.4445],[6.008,48.4431],[6.0102,48.4411],[6.0097,48.4405],[6.0111,48.4381],[6.0145,48.4362],[6.016,48.4362],[6.0188,48.4349],[6.017,48.4336],[6.0177,48.4317],[6.0175,48.43],[6.0188,48.429],[6.019,48.4278],[6.0173,48.4227],[6.0182,48.4179],[6.0177,48.4162],[6.0197,48.4159],[6.019,48.4152],[6.0196,48.4149],[6.0193,48.4133],[6.02,48.4133],[6.0203,48.4141],[6.0216,48.4139],[6.0214,48.4125],[6.0234,48.4129],[6.0242,48.4095],[6.0263,48.4098],[6.0273,48.4086],[6.0282,48.4088],[6.0287,48.4073],[6.0293,48.4072],[6.0286,48.4059],[6.0284,48.4043],[6.0292,48.4032],[6.0312,48.4038],[6.0317,48.4033],[6.033,48.4033],[6.0379,48.4044],[6.0406,48.4031],[6.0433,48.3972],[6.0441,48.3967],[6.0421,48.3964],[6.0418,48.3925],[6.043,48.3914],[6.0459,48.3903],[6.0481,48.3872],[6.0441,48.3843],[6.0412,48.3835],[6.0413,48.3821],[6.0436,48.3819],[6.0437,48.3807],[6.0422,48.3805],[6.0435,48.3772],[6.0475,48.3769],[6.0462,48.3716],[6.0395,48.3689],[6.0406,48.3673],[6.0458,48.3688],[6.0473,48.3656],[6.0487,48.366],[6.0496,48.3654],[6.0508,48.3661],[6.0518,48.365],[6.0534,48.3656],[6.0546,48.3655],[6.0565,48.3636],[6.0568,48.3625],[6.0582,48.3624],[6.0599,48.3605],[6.061,48.3606],[6.0614,48.3597],[6.0668,48.3587],[6.0669,48.3597],[6.0715,48.3598],[6.0708,48.361],[6.0756,48.3629],[6.0763,48.3623],[6.078,48.3623],[6.0798,48.3636],[6.0795,48.3653],[6.0799,48.3684],[6.0774,48.3736],[6.0776,48.3749],[6.0747,48.3764],[6.0693,48.3733],[6.0691,48.3753],[6.0713,48.3766],[6.0732,48.3769],[6.0767,48.3799],[6.0785,48.3789],[6.0821,48.3819],[6.0861,48.3828],[6.0861,48.3836],[6.0869,48.3838],[6.0881,48.3824],[6.0912,48.3823],[6.0914,48.3815],[6.0889,48.3808],[6.0905,48.3777],[6.0911,48.3777],[6.0921,48.3761],[6.0914,48.3754],[6.0922,48.3743],[6.0942,48.3745],[6.0956,48.3732],[6.0966,48.3733],[6.0966,48.3722],[6.0975,48.3724],[6.0989,48.369],[6.098,48.3687],[6.0983,48.3638],[6.0961,48.3643],[6.0938,48.3638],[6.0938,48.3624],[6.0929,48.3612],[6.0954,48.3601],[6.0978,48.3617],[6.099,48.3599],[6.0973,48.3579],[6.0991,48.3569],[6.0987,48.3564],[6.1021,48.3566],[6.103,48.3547],[6.106,48.3557],[6.1072,48.3552],[6.1093,48.3556],[6.1114,48.3545],[6.1151,48.3552],[6.1171,48.3538],[6.1199,48.3582],[6.1198,48.3621],[6.1207,48.3622],[6.121,48.3638],[6.1225,48.3637],[6.1227,48.365],[6.1251,48.3673],[6.1287,48.3644],[6.1327,48.3627],[6.1334,48.3639],[6.1375,48.3661],[6.1418,48.3702],[6.1412,48.3722],[6.1395,48.3716],[6.1394,48.372],[6.1442,48.3763],[6.1475,48.3779],[6.1472,48.3786],[6.1496,48.3798],[6.1497,48.3807],[6.1523,48.381],[6.1523,48.3816],[6.1521,48.3826],[6.1502,48.3826],[6.15,48.3834],[6.1516,48.386],[6.1535,48.3873],[6.152,48.3897],[6.1494,48.3911],[6.1495,48.3934],[6.1473,48.3946],[6.1514,48.3964],[6.1506,48.399],[6.1497,48.3992],[6.1507,48.4032],[6.1496,48.4033],[6.1494,48.4041],[6.1471,48.4042],[6.1469,48.407],[6.1474,48.4078],[6.1489,48.4072],[6.1494,48.4083],[6.1503,48.4095],[6.1602,48.406],[6.1655,48.4056],[6.1693,48.4063],[6.1698,48.4055],[6.1736,48.4056],[6.1737,48.4067],[6.1784,48.4067],[6.1768,48.4086],[6.1789,48.4105],[6.182,48.412],[6.1814,48.4099],[6.1837,48.4094],[6.1847,48.4083],[6.1802,48.4047],[6.1804,48.4031],[6.1785,48.4006],[6.1784,48.3976],[6.1879,48.3979],[6.189,48.3968],[6.1902,48.3969],[6.191,48.3954],[6.195,48.3974],[6.1962,48.3965],[6.1976,48.3986],[6.1991,48.3979],[6.2002,48.398],[6.2017,48.3994],[6.2029,48.4002],[6.2062,48.3987],[6.207,48.3975],[6.2117,48.3998],[6.2175,48.4016],[6.2184,48.4002],[6.2198,48.4008],[6.2214,48.3995],[6.2242,48.4009],[6.2244,48.3999],[6.2253,48.4001],[6.2251,48.3996],[6.2321,48.4002],[6.2333,48.3971],[6.2354,48.3991],[6.2444,48.4053],[6.2467,48.406],[6.2472,48.4056],[6.2495,48.406],[6.2529,48.4073],[6.2534,48.4065],[6.2604,48.4064],[6.2647,48.4162],[6.2703,48.4261],[6.2755,48.4244],[6.2753,48.4231],[6.2759,48.423],[6.2762,48.4237],[6.2794,48.4239],[6.2804,48.4233],[6.2827,48.4256],[6.2828,48.4261],[6.2804,48.4274],[6.281,48.4279],[6.2831,48.4281],[6.2828,48.4302],[6.287,48.4302],[6.2891,48.4294],[6.2892,48.4286],[6.2916,48.4281],[6.2933,48.4306],[6.2957,48.4329],[6.2952,48.434],[6.2956,48.4347],[6.3001,48.4338],[6.3003,48.4313],[6.3029,48.4284],[6.3112,48.4312],[6.3114,48.4322],[6.3096,48.4335],[6.3135,48.4353],[6.3155,48.438],[6.3159,48.44],[6.3136,48.439],[6.311,48.4389],[6.311,48.4406],[6.3067,48.4423],[6.3063,48.4431],[6.3069,48.4444],[6.3058,48.4452],[6.3041,48.444],[6.302,48.4442],[6.3027,48.4468],[6.3097,48.4509],[6.3056,48.4555],[6.3068,48.4577],[6.3083,48.4585],[6.3085,48.4595],[6.3079,48.4596],[6.3088,48.4607],[6.3082,48.4609],[6.3085,48.4626],[6.3103,48.4631],[6.3101,48.4646],[6.3089,48.4659],[6.3074,48.4696],[6.3054,48.4697],[6.3048,48.4705],[6.3034,48.4704],[6.3045,48.4714],[6.3046,48.4725],[6.3044,48.473],[6.3034,48.4731],[6.3037,48.4749],[6.3016,48.4774],[6.3018,48.4803],[6.2981,48.4823],[6.2959,48.4824],[6.2954,48.4833],[6.295,48.485],[6.2979,48.4881],[6.2995,48.4887],[6.3012,48.4929],[6.3004,48.4945],[6.2973,48.4964],[6.2944,48.4995],[6.2939,48.501],[6.2945,48.5018],[6.2937,48.5047],[6.2912,48.5068],[6.2871,48.5061],[6.2839,48.5072],[6.2827,48.5085],[6.2811,48.5118],[6.283,48.5139],[6.2826,48.5148],[6.2812,48.5154],[6.2772,48.5149],[6.2761,48.5163],[6.2761,48.5238],[6.2742,48.5257],[6.275,48.5268],[6.2696,48.5292],[6.2693,48.5298],[6.2645,48.5307],[6.2636,48.5324],[6.262,48.5338],[6.266,48.5359],[6.2666,48.5354],[6.2691,48.5364],[6.2693,48.5349],[6.2726,48.5366],[6.2787,48.5384],[6.2835,48.5408],[6.2858,48.5398],[6.2885,48.5396],[6.29,48.54],[6.2915,48.5389],[6.2931,48.5393],[6.2936,48.5385],[6.2978,48.5395],[6.3013,48.5368],[6.3023,48.5367],[6.3059,48.5382],[6.3063,48.5371],[6.31,48.5383],[6.3143,48.5454],[6.3147,48.546],[6.3161,48.5459],[6.319,48.5446],[6.3247,48.5447],[6.3245,48.5474],[6.3282,48.5509],[6.3278,48.5527],[6.3282,48.5532],[6.3257,48.553],[6.3238,48.5541],[6.3222,48.5561],[6.3213,48.5559],[6.3205,48.5566],[6.3215,48.5571],[6.3204,48.5581],[6.3208,48.5588],[6.3194,48.5594],[6.3212,48.5613],[6.3197,48.5621],[6.3201,48.5632],[6.3244,48.5658],[6.3213,48.5673],[6.3261,48.5744],[6.3319,48.574],[6.3353,48.5751],[6.336,48.5738],[6.3372,48.574],[6.3367,48.5747],[6.3389,48.5755],[6.3395,48.5748],[6.3419,48.5759],[6.3442,48.5753],[6.3483,48.5782],[6.3487,48.5771],[6.3503,48.5762],[6.3553,48.5782],[6.3565,48.577],[6.3574,48.5769],[6.3618,48.5785],[6.3617,48.579],[6.3658,48.5796],[6.3661,48.5806],[6.3688,48.5808],[6.3707,48.5802],[6.3749,48.5815],[6.3767,48.5797],[6.3791,48.5758],[6.3857,48.5761],[6.403,48.5823],[6.4027,48.5836],[6.3948,48.5877],[6.3871,48.5928],[6.3847,48.5967],[6.3811,48.5964],[6.3792,48.5969],[6.3775,48.5964],[6.3773,48.5975],[6.3741,48.6],[6.3805,48.6025],[6.3797,48.6038],[6.3791,48.6035],[6.3775,48.6045],[6.3811,48.6065],[6.3835,48.6063],[6.3838,48.6072],[6.3832,48.6074],[6.3845,48.6083],[6.3839,48.6094],[6.3848,48.6097],[6.3867,48.612],[6.3843,48.6139],[6.3874,48.6156],[6.3881,48.6165],[6.3875,48.6181],[6.3826,48.6209],[6.3838,48.6215],[6.3792,48.6251],[6.3779,48.6248],[6.3765,48.6267],[6.3761,48.6284],[6.375,48.629],[6.3719,48.6281],[6.3696,48.6283],[6.3694,48.6289],[6.3674,48.6286],[6.3659,48.6317],[6.3651,48.6321],[6.3692,48.6334],[6.3687,48.6339],[6.37,48.6344],[6.368,48.6361],[6.3609,48.6391],[6.36,48.6412],[6.3591,48.6437],[6.3596,48.6451],[6.3608,48.6453],[6.3607,48.6447],[6.3615,48.6446],[6.3612,48.6443],[6.3626,48.6439],[6.3651,48.6458],[6.3691,48.6473],[6.3705,48.6483],[6.3703,48.6489],[6.376,48.65],[6.3771,48.6495],[6.3784,48.6501],[6.3793,48.6496],[6.3808,48.6499],[6.3802,48.6511],[6.381,48.6513],[6.381,48.6523],[6.3799,48.6534],[6.3798,48.6543],[6.3813,48.6554],[6.3855,48.6558],[6.389,48.6554],[6.3938,48.657],[6.3938,48.6584],[6.3927,48.6609],[6.3928,48.6625],[6.3962,48.6636],[6.3949,48.6674],[6.3958,48.6688],[6.3968,48.6689],[6.3968,48.6736],[6.3991,48.6741],[6.398,48.6758],[6.3952,48.6774],[6.3961,48.6783],[6.3948,48.6795],[6.3951,48.6801],[6.3922,48.6829],[6.3906,48.6819],[6.3891,48.6826],[6.388,48.6822],[6.3854,48.6832],[6.3835,48.6825],[6.3809,48.6839],[6.3794,48.683],[6.3786,48.6839],[6.3713,48.6874],[6.372,48.6883],[6.3769,48.691],[6.3756,48.6921],[6.3752,48.6929],[6.3756,48.6936],[6.3826,48.6958],[6.3837,48.6952],[6.3871,48.6957],[6.3993,48.698],[6.4007,48.6995],[6.4026,48.6999],[6.4038,48.6993],[6.406,48.7001],[6.4075,48.7019],[6.4088,48.7021],[6.4093,48.7028],[6.4148,48.7053],[6.4131,48.7089],[6.4121,48.7129],[6.4129,48.7149],[6.4139,48.7149],[6.4143,48.7157],[6.4134,48.7163],[6.416,48.7174],[6.4154,48.7182],[6.4169,48.7186],[6.4154,48.7204],[6.4183,48.7222],[6.4196,48.7197],[6.4213,48.7194],[6.4268,48.7235],[6.4271,48.7264],[6.4261,48.7278],[6.4256,48.7303],[6.4246,48.7308],[6.4249,48.7326],[6.4267,48.7345],[6.433,48.7361],[6.4382,48.7413],[6.4403,48.7407],[6.4422,48.7387],[6.4426,48.739],[6.4413,48.7409],[6.4392,48.7425],[6.4374,48.749],[6.4385,48.7505],[6.4412,48.7516],[6.4422,48.7532],[6.4438,48.7538],[6.4449,48.7534],[6.4459,48.755],[6.444,48.7559],[6.4438,48.7566],[6.4457,48.7569],[6.447,48.7581],[6.4481,48.7578],[6.4528,48.7634],[6.4545,48.7646],[6.4536,48.7659],[6.4543,48.7701],[6.4529,48.7705],[6.4533,48.7717],[6.4515,48.7721],[6.4527,48.7749],[6.4518,48.7757],[6.454,48.7783],[6.453,48.7786],[6.4527,48.7799],[6.4521,48.78],[6.4482,48.7783],[6.4473,48.7792],[6.4443,48.7786],[6.4442,48.7795],[6.4406,48.7815],[6.4409,48.7833],[6.438,48.7846],[6.4381,48.7855],[6.4367,48.7858],[6.4356,48.7873],[6.4335,48.7874],[6.4339,48.7888],[6.4331,48.7891],[6.432,48.7883],[6.4292,48.7883],[6.4291,48.787],[6.4262,48.7864],[6.4248,48.7845],[6.4257,48.7838],[6.423,48.7843],[6.4221,48.7835],[6.4206,48.784],[6.4151,48.7817],[6.4137,48.7822],[6.4128,48.7812],[6.4113,48.7812],[6.4111,48.7803],[6.4099,48.7801],[6.4098,48.7794],[6.4091,48.7794],[6.4081,48.7802],[6.4053,48.7791],[6.4035,48.7774],[6.402,48.7775],[6.4011,48.7769],[6.4015,48.7765],[6.4009,48.7759],[6.3975,48.7761],[6.396,48.7747],[6.3949,48.7748],[6.3904,48.7798],[6.3887,48.7806],[6.3862,48.7814],[6.3857,48.781],[6.3833,48.7811],[6.3823,48.78],[6.3778,48.782],[6.3758,48.7835],[6.3743,48.7835],[6.3709,48.7847],[6.37,48.784],[6.3678,48.784],[6.3664,48.7831],[6.366,48.782],[6.3668,48.7812],[6.365,48.7811],[6.3644,48.78],[6.3624,48.7804],[6.3605,48.779],[6.3574,48.7794],[6.3549,48.7821],[6.3548,48.7846],[6.3563,48.7858],[6.3551,48.7882],[6.3563,48.792],[6.3555,48.792],[6.3555,48.7947],[6.3541,48.7972],[6.3528,48.7983],[6.3538,48.799],[6.3511,48.7998],[6.3499,48.8006],[6.3496,48.8017],[6.3485,48.8015],[6.347,48.8026],[6.3456,48.804],[6.3464,48.8044],[6.3457,48.8059],[6.3493,48.8079],[6.3545,48.8085],[6.3533,48.8104],[6.3537,48.8112],[6.3553,48.8114],[6.3567,48.8104],[6.3574,48.8106],[6.3532,48.8133],[6.3511,48.8125],[6.3501,48.8129],[6.346,48.812],[6.3436,48.811],[6.342,48.8114],[6.3407,48.8108],[6.3393,48.811],[6.3346,48.814],[6.3327,48.8142],[6.3331,48.8197],[6.3338,48.8205],[6.333,48.8227],[6.3314,48.8233],[6.3299,48.8231],[6.3254,48.8205],[6.3234,48.8215],[6.319,48.8218],[6.319,48.8227],[6.3172,48.8228],[6.3123,48.8214],[6.3088,48.8212],[6.3063,48.8213],[6.3011,48.8243],[6.3014,48.8265],[6.3038,48.8272],[6.3121,48.8256],[6.3148,48.8273],[6.316,48.8301],[6.317,48.8307],[6.3207,48.8298],[6.324,48.8275],[6.3238,48.8263],[6.3265,48.8254],[6.3319,48.8253],[6.337,48.8264],[6.3381,48.827],[6.3369,48.8285],[6.3386,48.829],[6.3385,48.8306],[6.3396,48.8318],[6.3396,48.8335],[6.3389,48.8341],[6.33,48.8357],[6.3271,48.8358],[6.3244,48.8371],[6.3207,48.8378],[6.3195,48.8367],[6.3163,48.8369],[6.3139,48.8353],[6.3123,48.8354],[6.3094,48.8331],[6.3055,48.8336],[6.3048,48.8346],[6.3036,48.8348],[6.3033,48.8382],[6.3005,48.8407],[6.2968,48.8412],[6.2932,48.8427],[6.2914,48.8425],[6.2911,48.8416],[6.2885,48.8435],[6.2854,48.8448],[6.2857,48.8459],[6.2842,48.8464],[6.2845,48.8487],[6.2855,48.8494],[6.2873,48.849],[6.2892,48.8498],[6.2897,48.8509],[6.2957,48.852],[6.2994,48.8517],[6.3001,48.8525],[6.2988,48.8548],[6.2994,48.8585],[6.2953,48.8587],[6.2974,48.8604],[6.2971,48.8618],[6.2954,48.8631],[6.2965,48.864],[6.2975,48.8665],[6.2983,48.867],[6.3022,48.8662],[6.3039,48.8644],[6.3077,48.8623],[6.3117,48.8638],[6.3124,48.8675],[6.311,48.8731],[6.3081,48.8753],[6.3078,48.8767],[6.3091,48.8769],[6.31,48.8776],[6.3097,48.8784],[6.3011,48.8793],[6.2983,48.8807],[6.2974,48.8825],[6.299,48.8822],[6.3018,48.8839],[6.3013,48.8843],[6.303,48.8867],[6.3043,48.8876],[6.3058,48.8876],[6.3052,48.8895],[6.3066,48.889],[6.3084,48.8894],[6.3082,48.8912],[6.3093,48.8916],[6.3092,48.8922],[6.3126,48.8925],[6.3258,48.8959],[6.3269,48.8966],[6.3284,48.9001],[6.3254,48.9026],[6.328,48.9038],[6.3275,48.9049],[6.3267,48.9073],[6.3224,48.9073],[6.322,48.9082],[6.3179,48.908],[6.3159,48.909],[6.3157,48.9106],[6.3132,48.9108],[6.3109,48.9119],[6.3096,48.9119],[6.3091,48.9135],[6.3101,48.9158],[6.3138,48.9188],[6.3112,48.9211],[6.3045,48.9186],[6.3039,48.9189],[6.3006,48.9178],[6.2884,48.9163],[6.2869,48.9225],[6.2888,48.9231],[6.2878,48.9277],[6.2865,48.9273],[6.2854,48.9282],[6.2828,48.9285],[6.2802,48.9297],[6.277,48.928],[6.2732,48.9294],[6.2744,48.9304],[6.2718,48.9319],[6.2732,48.933],[6.2712,48.9333],[6.2663,48.9327],[6.2626,48.9335],[6.262,48.9319],[6.2593,48.932],[6.2552,48.9312],[6.2561,48.9295],[6.253,48.9287],[6.2534,48.9278],[6.2524,48.9271],[6.2455,48.9238],[6.2446,48.9235],[6.2439,48.9241],[6.2417,48.9236],[6.2408,48.9258],[6.2371,48.9249],[6.2366,48.9249],[6.2351,48.9295],[6.2321,48.9287],[6.2323,48.9281],[6.2285,48.9273],[6.2274,48.929],[6.2269,48.9289],[6.2272,48.9272],[6.2262,48.9276],[6.2241,48.9272],[6.2231,48.929],[6.2236,48.9291],[6.2239,48.9324],[6.2254,48.9325],[6.2253,48.9348],[6.2261,48.9352],[6.2261,48.9358],[6.2257,48.9369],[6.2233,48.937],[6.2224,48.9391],[6.2187,48.939],[6.2139,48.9396],[6.2126,48.9393],[6.2118,48.9384],[6.2058,48.9396],[6.2059,48.9377],[6.1949,48.9366],[6.1903,48.9371],[6.1874,48.9359],[6.1855,48.9362],[6.1826,48.9355],[6.1818,48.936],[6.1766,48.9348],[6.1725,48.9364],[6.1719,48.9377],[6.1699,48.9374],[6.169,48.9385],[6.1724,48.9414],[6.1737,48.9435],[6.1715,48.9442],[6.1664,48.9414],[6.1656,48.9413],[6.1653,48.942],[6.1629,48.9425],[6.1612,48.9438],[6.1591,48.9441],[6.1543,48.9422],[6.1525,48.9403],[6.1499,48.9393],[6.1494,48.9382],[6.1487,48.9381],[6.1486,48.9371],[6.1498,48.9355],[6.1501,48.9337],[6.1497,48.9333],[6.1465,48.9326],[6.1322,48.9347],[6.1292,48.937],[6.1259,48.9382],[6.1249,48.9391],[6.1253,48.9401],[6.1246,48.9415],[6.1264,48.943],[6.1271,48.9445],[6.1283,48.9451],[6.1284,48.9457],[6.1298,48.9462],[6.1288,48.948],[6.1296,48.9489],[6.1294,48.9494],[6.1232,48.9494],[6.126,48.9567],[6.1246,48.9569],[6.124,48.9563],[6.1203,48.9574],[6.1211,48.9581],[6.1208,48.9585],[6.1194,48.9579],[6.1182,48.9584],[6.1201,48.9608],[6.116,48.9624],[6.1143,48.9622],[6.1142,48.9632],[6.1134,48.9634],[6.113,48.9648],[6.1123,48.965],[6.1123,48.9655],[6.1144,48.9652],[6.1161,48.9658],[6.1153,48.9671],[6.1172,48.9677],[6.1136,48.969],[6.1099,48.9694],[6.1062,48.9681],[6.1048,48.9697],[6.0996,48.9688],[6.0937,48.9676],[6.0813,48.963],[6.0792,48.9647],[6.0784,48.9674],[6.0693,48.972],[6.0719,48.9741],[6.0746,48.9787],[6.0737,48.9796],[6.0738,48.9808],[6.0721,48.9815],[6.069,48.9808],[6.0648,48.981],[6.0635,48.9798],[6.0619,48.98],[6.0628,48.9784],[6.0619,48.9779],[6.0553,48.978],[6.0479,48.9772],[6.0479,48.9765],[6.0464,48.9764],[6.0452,48.9778],[6.0434,48.9775],[6.0429,48.9797],[6.0407,48.9815],[6.0341,48.983],[6.0313,48.9847],[6.0296,48.9873],[6.0292,48.9896],[6.0295,48.9905],[6.0367,48.9868],[6.0393,48.985],[6.0396,48.9841],[6.039,48.9835],[6.0394,48.9833],[6.0418,48.9827],[6.0449,48.9831],[6.0444,48.9855],[6.0452,48.9884],[6.0446,48.9899],[6.0414,48.9924],[6.0458,48.9938],[6.0456,48.9944],[6.0467,48.9948],[6.0471,48.9957],[6.0466,48.9957],[6.0448,48.9994],[6.0434,49.0005],[6.0432,49.0019],[6.0394,48.9972],[6.0297,49.0011],[6.0236,49.0015],[6.0117,49.0002],[6.0012,48.9991],[6.001,48.9986],[5.9937,48.9961],[5.9885,48.9954],[5.988,48.9958],[5.9874,48.9946],[5.9818,48.9917],[5.9794,48.9918],[5.9776,48.9913],[5.9755,48.9898],[5.9753,48.9889],[5.9745,48.989],[5.9746,48.9898],[5.9708,48.988],[5.9693,48.9883],[5.9704,48.9903],[5.9683,48.9903],[5.9675,48.9911],[5.9677,48.9919],[5.9649,48.992],[5.9601,48.9923],[5.96,48.9932],[5.9551,48.9912],[5.9584,48.9881],[5.9541,48.9857],[5.9551,48.9852],[5.9535,48.9844],[5.9516,48.9816],[5.9469,48.979],[5.9466,48.9771],[5.9347,48.9759],[5.934,48.9744],[5.9305,48.9742],[5.9297,48.9752],[5.9264,48.9765],[5.9226,48.9764],[5.921,48.9775]]]},"properties":{"id":"543","name":"Nancy","territoire":"Lorraine","sigle":"LOR","pays":"France","cx":6.204,"cy":48.667}},
{"type":"Feature","geometry":{"type":"MultiPolygon","coordinates":[[[[5.988,48.9958],[5.9885,48.9954],[5.9937,48.9961],[6.001,48.9986],[6.0012,48.9991],[6.0117,49.0002],[6.0236,49.0015],[6.0297,49.0011],[6.0394,48.9972],[6.0432,49.0019],[6.0424,49.0038],[6.043,49.006],[6.045,49.0089],[6.0451,49.0135],[6.0427,49.0148],[6.0417,49.0143],[6.0403,49.0153],[6.039,49.0148],[6.0383,49.0158],[6.0368,49.0161],[6.0333,49.0153],[6.0224,49.0218],[6.0186,49.025],[6.0183,49.0288],[6.0166,49.0333],[6.0165,49.0353],[6.0154,49.0368],[6.0127,49.0374],[6.0089,49.0362],[6.0093,49.0355],[6.0055,49.0344],[6.004,49.0351],[6.0014,49.0352],[5.995,49.0381],[5.9879,49.0422],[5.9875,49.0436],[5.9854,49.042],[5.9859,49.0401],[5.9851,49.0385],[5.9824,49.0347],[5.978,49.0305],[5.9741,49.024],[5.9733,49.0186],[5.9741,49.0178],[5.9749,49.0147],[5.9765,49.0144],[5.9809,49.0155],[5.9811,49.0149],[5.9839,49.0137],[5.9829,49.0113],[5.9831,49.0096],[5.9765,49.0093],[5.9766,49.0086],[5.9785,49.0053],[5.9803,49.0033],[5.9817,49.0035],[5.9837,49.0016],[5.988,48.9958]]],[[[5.8178,48.9802],[5.8167,48.9784],[5.82,48.9768],[5.8257,48.9776],[5.8315,48.976],[5.8345,48.9757],[5.8351,48.9743],[5.8342,48.9728],[5.8321,48.9717],[5.8318,48.9706],[5.8324,48.9696],[5.8345,48.9699],[5.8423,48.9646],[5.8492,48.9612],[5.8484,48.9607],[5.8506,48.9594],[5.8498,48.959],[5.8504,48.9576],[5.8477,48.9562],[5.8484,48.9559],[5.8479,48.9556],[5.848,48.9542],[5.8491,48.954],[5.8489,48.9531],[5.8478,48.9533],[5.8473,48.9518],[5.8422,48.9522],[5.8384,48.9513],[5.8364,48.9519],[5.8345,48.9506],[5.8353,48.9461],[5.835,48.9451],[5.8342,48.9451],[5.8338,48.9443],[5.8296,48.9437],[5.8273,48.9446],[5.8245,48.9434],[5.8172,48.9424],[5.8166,48.9432],[5.8094,48.9441],[5.804,48.9471],[5.8016,48.946],[5.8002,48.9467],[5.7996,48.9463],[5.7939,48.944],[5.7925,48.9431],[5.7897,48.9393],[5.7884,48.939],[5.7882,48.9375],[5.7887,48.937],[5.7877,48.9352],[5.7887,48.9344],[5.7872,48.9327],[5.7862,48.9327],[5.786,48.9321],[5.7847,48.9334],[5.7798,48.9343],[5.7767,48.9316],[5.7771,48.931],[5.7807,48.9305],[5.7808,48.9299],[5.7829,48.9301],[5.784,48.9289],[5.7788,48.9251],[5.7722,48.9234],[5.77,48.9238],[5.7658,48.9224],[5.7637,48.9227],[5.7585,48.9223],[5.7573,48.9224],[5.7566,48.9232],[5.7549,48.9231],[5.7506,48.921],[5.7497,48.9201],[5.75,48.919],[5.7477,48.9175],[5.7476,48.9161],[5.7468,48.9161],[5.747,48.9153],[5.7532,48.9131],[5.7568,48.913],[5.7577,48.913],[5.7571,48.912],[5.7572,48.91],[5.7568,48.909],[5.761,48.9035],[5.7638,48.9033],[5.7653,48.9017],[5.7654,48.899],[5.7672,48.8964],[5.771,48.8941],[5.7751,48.8947],[5.7792,48.8913],[5.7804,48.8907],[5.7813,48.891],[5.7833,48.8892],[5.7858,48.8905],[5.7862,48.89],[5.7839,48.8887],[5.7849,48.8879],[5.7868,48.8884],[5.7911,48.8866],[5.7901,48.8845],[5.7903,48.8835],[5.7866,48.8782],[5.784,48.8768],[5.7831,48.877],[5.7823,48.8762],[5.7797,48.8766],[5.7783,48.8759],[5.7774,48.8761],[5.7758,48.8751],[5.774,48.8755],[5.7732,48.8745],[5.7738,48.8742],[5.7734,48.8736],[5.7696,48.8752],[5.7652,48.873],[5.7644,48.8725],[5.7672,48.8695],[5.7682,48.8694],[5.7687,48.8669],[5.7679,48.8668],[5.7687,48.8648],[5.7673,48.8638],[5.7694,48.8596],[5.771,48.8583],[5.7752,48.8571],[5.7774,48.8548],[5.776,48.8533],[5.7768,48.8526],[5.7761,48.8524],[5.776,48.8518],[5.7735,48.8514],[5.7758,48.8484],[5.7748,48.848],[5.7756,48.8472],[5.7754,48.8467],[5.7784,48.8444],[5.7769,48.8433],[5.7785,48.8417],[5.7791,48.8396],[5.7786,48.8394],[5.779,48.8379],[5.7777,48.8373],[5.7814,48.8354],[5.7822,48.8323],[5.7803,48.8311],[5.7815,48.8297],[5.7813,48.8283],[5.7817,48.8283],[5.78,48.8243],[5.773,48.822],[5.7757,48.8151],[5.7688,48.8044],[5.7582,48.8012],[5.7571,48.8005],[5.7572,48.7998],[5.7585,48.7964],[5.7624,48.7939],[5.7674,48.7963],[5.7785,48.7999],[5.7765,48.7901],[5.7744,48.7909],[5.7718,48.7893],[5.7686,48.7903],[5.7677,48.7901],[5.7563,48.7833],[5.7365,48.7703],[5.7374,48.7684],[5.7353,48.7649],[5.7343,48.7614],[5.7407,48.7597],[5.7413,48.7605],[5.7455,48.7592],[5.7419,48.7528],[5.7387,48.7546],[5.7389,48.7533],[5.7383,48.7516],[5.7326,48.7487],[5.7258,48.7527],[5.7191,48.7482],[5.714,48.7446],[5.7257,48.7374],[5.719,48.7329],[5.7321,48.7246],[5.733,48.7238],[5.7386,48.7204],[5.7403,48.7207],[5.7434,48.7191],[5.7462,48.7168],[5.7387,48.7155],[5.749,48.7141],[5.7553,48.7144],[5.7541,48.711],[5.7529,48.7096],[5.7528,48.7081],[5.7556,48.7064],[5.7587,48.7034],[5.7646,48.7011],[5.7577,48.6957],[5.7559,48.692],[5.7545,48.689],[5.7537,48.684],[5.7503,48.6806],[5.749,48.6781],[5.7474,48.6771],[5.748,48.6757],[5.745,48.6714],[5.7471,48.6682],[5.7489,48.6668],[5.747,48.6586],[5.7445,48.6569],[5.7455,48.6547],[5.7431,48.6525],[5.7443,48.6515],[5.7466,48.6528],[5.7477,48.6518],[5.7482,48.6511],[5.7481,48.6486],[5.7496,48.6449],[5.75,48.6441],[5.7518,48.6431],[5.7523,48.6415],[5.7533,48.6416],[5.7549,48.6383],[5.7563,48.637],[5.7563,48.6353],[5.7606,48.632],[5.7613,48.6303],[5.7609,48.6274],[5.7593,48.6251],[5.7584,48.6213],[5.7605,48.621],[5.7651,48.6187],[5.7721,48.6203],[5.7855,48.6265],[5.7928,48.6289],[5.7969,48.6283],[5.8035,48.6251],[5.8003,48.6212],[5.7973,48.6164],[5.798,48.6136],[5.7959,48.6119],[5.7947,48.6095],[5.7899,48.6072],[5.7847,48.6077],[5.7813,48.6069],[5.7772,48.6069],[5.7681,48.6087],[5.7642,48.6078],[5.763,48.6096],[5.7611,48.609],[5.7618,48.608],[5.7566,48.6065],[5.7548,48.6062],[5.7523,48.6066],[5.7477,48.5995],[5.7449,48.5976],[5.7371,48.5962],[5.735,48.5945],[5.7264,48.5923],[5.7248,48.593],[5.7175,48.5916],[5.7187,48.5903],[5.7154,48.5886],[5.7165,48.5859],[5.7152,48.5854],[5.7156,48.5848],[5.7134,48.5806],[5.7133,48.5767],[5.7141,48.573],[5.7137,48.5665],[5.7155,48.5623],[5.7161,48.5614],[5.7181,48.5606],[5.7286,48.5535],[5.733,48.5528],[5.7332,48.5532],[5.7405,48.5533],[5.7443,48.5526],[5.748,48.5513],[5.7527,48.5483],[5.7561,48.5474],[5.7559,48.5468],[5.7629,48.5463],[5.7618,48.5451],[5.7678,48.5441],[5.7676,48.5434],[5.7683,48.5428],[5.7763,48.5411],[5.7764,48.5406],[5.7762,48.5379],[5.7734,48.5351],[5.7665,48.5356],[5.7645,48.5293],[5.7614,48.5237],[5.761,48.5215],[5.7613,48.519],[5.7628,48.5161],[5.7618,48.5155],[5.7626,48.5144],[5.7618,48.512],[5.7623,48.51],[5.766,48.5046],[5.7648,48.5001],[5.7652,48.4965],[5.7722,48.4912],[5.772,48.4909],[5.7762,48.4873],[5.7786,48.4862],[5.7795,48.487],[5.782,48.4864],[5.7853,48.4849],[5.7848,48.4841],[5.7859,48.483],[5.787,48.4829],[5.7903,48.488],[5.7932,48.4889],[5.7972,48.4913],[5.8065,48.4932],[5.8105,48.496],[5.8108,48.4983],[5.8197,48.4978],[5.8237,48.4961],[5.8264,48.4967],[5.8291,48.4994],[5.8351,48.5012],[5.8364,48.5007],[5.8369,48.5024],[5.8365,48.5034],[5.8378,48.5048],[5.8455,48.5068],[5.8461,48.5068],[5.8465,48.5057],[5.8483,48.5044],[5.8521,48.5065],[5.8582,48.507],[5.8624,48.5066],[5.8659,48.5042],[5.8683,48.501],[5.8703,48.4996],[5.8882,48.494],[5.8977,48.4933],[5.9059,48.495],[5.9025,48.4897],[5.8988,48.4854],[5.9018,48.483],[5.9043,48.4829],[5.9036,48.4802],[5.8985,48.4769],[5.8957,48.4741],[5.8919,48.4717],[5.8878,48.4706],[5.8856,48.4692],[5.8906,48.4672],[5.8908,48.466],[5.8927,48.4637],[5.8922,48.4624],[5.8869,48.4601],[5.8862,48.4559],[5.8869,48.4539],[5.889,48.4532],[5.89,48.452],[5.893,48.4515],[5.8993,48.4483],[5.899,48.4467],[5.8972,48.4455],[5.8902,48.4425],[5.885,48.4393],[5.8853,48.4379],[5.884,48.4364],[5.8829,48.4341],[5.8774,48.429],[5.8751,48.429],[5.8703,48.4251],[5.8676,48.4212],[5.8637,48.4195],[5.8593,48.4165],[5.8563,48.4118],[5.8554,48.4094],[5.8579,48.4088],[5.8607,48.4073],[5.866,48.4068],[5.8677,48.4071],[5.87,48.4061],[5.8725,48.4048],[5.8721,48.4041],[5.873,48.4033],[5.8744,48.4004],[5.8759,48.4012],[5.8761,48.4033],[5.8785,48.405],[5.8826,48.4034],[5.8846,48.4045],[5.889,48.4047],[5.8898,48.4056],[5.8904,48.4049],[5.8952,48.4053],[5.8947,48.4068],[5.8963,48.4069],[5.8974,48.4082],[5.8993,48.4089],[5.9004,48.4138],[5.8995,48.4139],[5.9006,48.4146],[5.9009,48.4165],[5.9049,48.4187],[5.9071,48.4252],[5.9065,48.4278],[5.9091,48.4292],[5.9072,48.4311],[5.9046,48.4316],[5.9013,48.4337],[5.8982,48.4344],[5.898,48.4359],[5.9011,48.4368],[5.9073,48.4372],[5.9124,48.4354],[5.9227,48.4363],[5.9313,48.4339],[5.9249,48.4218],[5.924,48.4232],[5.9221,48.4228],[5.9187,48.4246],[5.9205,48.4276],[5.9162,48.4274],[5.9153,48.4278],[5.9133,48.4251],[5.911,48.4236],[5.9115,48.4225],[5.909,48.4211],[5.9075,48.4192],[5.9081,48.419],[5.9076,48.417],[5.908,48.4165],[5.9099,48.4167],[5.9107,48.4162],[5.91,48.4151],[5.9104,48.4136],[5.9094,48.4125],[5.911,48.4115],[5.9115,48.4121],[5.9128,48.4119],[5.9124,48.41],[5.9098,48.407],[5.9119,48.4057],[5.9049,48.4003],[5.9078,48.4002],[5.9089,48.4016],[5.9123,48.4037],[5.9184,48.4053],[5.9205,48.4031],[5.9205,48.4011],[5.923,48.3984],[5.925,48.3973],[5.9248,48.3962],[5.9254,48.3956],[5.9261,48.3958],[5.9265,48.3954],[5.9261,48.395],[5.9277,48.3937],[5.9329,48.3956],[5.9328,48.396],[5.9349,48.3958],[5.9339,48.3988],[5.9316,48.3987],[5.9315,48.4002],[5.9331,48.4005],[5.9323,48.4021],[5.9332,48.4031],[5.9347,48.4033],[5.9411,48.4007],[5.9421,48.4003],[5.9439,48.4007],[5.9453,48.4001],[5.9455,48.3991],[5.9496,48.3965],[5.9511,48.3942],[5.9508,48.3913],[5.9549,48.3874],[5.9523,48.3866],[5.9535,48.3831],[5.9495,48.3807],[5.9446,48.3758],[5.9482,48.3744],[5.9529,48.3744],[5.9538,48.3738],[5.9528,48.3713],[5.9492,48.371],[5.9496,48.3707],[5.9492,48.369],[5.9514,48.3671],[5.9516,48.3657],[5.9551,48.3673],[5.9565,48.3673],[5.9569,48.3653],[5.9602,48.3645],[5.9568,48.3642],[5.9548,48.3634],[5.9554,48.3625],[5.9545,48.3622],[5.9553,48.3614],[5.9541,48.361],[5.9549,48.3601],[5.9537,48.3592],[5.9542,48.3589],[5.9533,48.3579],[5.9554,48.3565],[5.9574,48.3551],[5.9587,48.353],[5.9592,48.3504],[5.9615,48.3507],[5.9616,48.3499],[5.9648,48.3501],[5.9662,48.3502],[5.9662,48.3512],[5.9718,48.3528],[5.9804,48.349],[5.9834,48.3508],[5.984,48.3505],[5.9853,48.3518],[5.9841,48.3528],[5.9877,48.3551],[5.9929,48.3544],[5.9944,48.354],[5.9949,48.3555],[6.0013,48.3605],[6.0038,48.3577],[6.0055,48.3582],[6.0044,48.3609],[6.0032,48.362],[6.0036,48.3629],[6.0083,48.3616],[6.0083,48.3609],[6.0115,48.3609],[6.0136,48.3598],[6.0161,48.3616],[6.0173,48.3604],[6.0203,48.3615],[6.0223,48.3589],[6.0225,48.358],[6.0213,48.3574],[6.0226,48.3565],[6.0231,48.3574],[6.025,48.3569],[6.0296,48.3602],[6.0367,48.362],[6.0392,48.3631],[6.0406,48.3617],[6.0385,48.3607],[6.0392,48.3599],[6.043,48.3604],[6.0484,48.363],[6.0466,48.3652],[6.0473,48.3656],[6.0458,48.3688],[6.0406,48.3673],[6.0395,48.3689],[6.0462,48.3716],[6.0475,48.3769],[6.0435,48.3772],[6.0422,48.3805],[6.0437,48.3807],[6.0436,48.3819],[6.0413,48.3821],[6.0412,48.3835],[6.0441,48.3843],[6.0481,48.3872],[6.0459,48.3903],[6.043,48.3914],[6.0418,48.3925],[6.0421,48.3964],[6.0441,48.3967],[6.0433,48.3972],[6.0406,48.4031],[6.0379,48.4044],[6.033,48.4033],[6.0317,48.4033],[6.0312,48.4038],[6.0292,48.4032],[6.0284,48.4043],[6.0286,48.4059],[6.0293,48.4072],[6.0287,48.4073],[6.0282,48.4088],[6.0273,48.4086],[6.0263,48.4098],[6.0242,48.4095],[6.0234,48.4129],[6.0214,48.4125],[6.0216,48.4139],[6.0203,48.4141],[6.02,48.4133],[6.0193,48.4133],[6.0196,48.4149],[6.019,48.4152],[6.0197,48.4159],[6.0177,48.4162],[6.0182,48.4179],[6.0173,48.4227],[6.019,48.4278],[6.0188,48.429],[6.0175,48.43],[6.0177,48.4317],[6.017,48.4336],[6.0188,48.4349],[6.016,48.4362],[6.0145,48.4362],[6.0111,48.4381],[6.0097,48.4405],[6.0102,48.4411],[6.008,48.4431],[6.01,48.4445],[6.0078,48.4459],[6.0088,48.4469],[6.0084,48.4477],[6.0102,48.4487],[6.0097,48.4489],[6.0099,48.4499],[6.0059,48.4516],[6.0058,48.4524],[6.0066,48.4526],[6.0063,48.4534],[6.0027,48.4575],[6.0038,48.4584],[6.0012,48.4606],[5.9969,48.4612],[5.9934,48.4627],[5.9895,48.4654],[5.9882,48.4644],[5.9858,48.4647],[5.9839,48.4679],[5.9823,48.4692],[5.9791,48.4686],[5.9764,48.4733],[5.976,48.4806],[5.9793,48.4813],[5.9826,48.4811],[5.9836,48.4801],[5.9855,48.4797],[5.9886,48.4802],[5.9925,48.4817],[5.9937,48.483],[5.9969,48.4839],[5.9973,48.4846],[5.9949,48.4871],[6.001,48.4901],[6.0011,48.4917],[5.9995,48.4947],[5.9965,48.4968],[5.9977,48.4973],[5.9971,48.4979],[5.9976,48.4988],[5.9898,48.5026],[5.9894,48.5044],[5.9884,48.505],[5.9866,48.5083],[5.9879,48.5086],[5.9879,48.5097],[5.9969,48.5123],[5.9961,48.5139],[5.9973,48.5143],[5.9969,48.5149],[5.9971,48.518],[5.9967,48.5192],[5.9983,48.5199],[5.9984,48.5207],[6,48.5215],[6.0024,48.5242],[6.0052,48.5252],[6.0134,48.5258],[6.0157,48.5261],[6.0152,48.5266],[6.0155,48.5271],[6.0194,48.5286],[6.021,48.5282],[6.0225,48.5289],[6.0195,48.5307],[6.022,48.5323],[6.0234,48.5321],[6.0259,48.5346],[6.0264,48.5358],[6.0248,48.5358],[6.0251,48.5365],[6.0239,48.5371],[6.0249,48.5379],[6.0243,48.5385],[6.0256,48.5397],[6.0264,48.5396],[6.0286,48.542],[6.0284,48.5442],[6.0299,48.5467],[6.0293,48.5477],[6.0315,48.5472],[6.0298,48.5491],[6.0286,48.5491],[6.0286,48.5497],[6.0257,48.5513],[6.0217,48.5522],[6.0153,48.5563],[6.0117,48.557],[6.006,48.5597],[6.0002,48.5598],[5.9952,48.5691],[5.9948,48.5695],[5.992,48.5693],[5.9924,48.571],[5.9934,48.571],[5.9954,48.5765],[5.9948,48.5793],[5.994,48.5795],[5.9928,48.5831],[5.995,48.5852],[5.9916,48.5868],[5.9866,48.5866],[5.9846,48.5874],[5.9802,48.5874],[5.9801,48.5886],[5.9779,48.5907],[5.9778,48.5928],[5.9787,48.5942],[5.9766,48.5959],[5.9773,48.5983],[5.9764,48.5986],[5.9776,48.6012],[5.976,48.6031],[5.9763,48.6041],[5.975,48.6049],[5.9751,48.6059],[5.9779,48.6105],[5.9852,48.6129],[5.9902,48.6153],[5.9924,48.6159],[5.997,48.6181],[6.0033,48.6237],[6.0051,48.6244],[6.0144,48.6247],[6.0186,48.6216],[6.0217,48.6205],[6.0297,48.621],[6.0357,48.6206],[6.0366,48.6197],[6.0374,48.6159],[6.0397,48.6142],[6.0448,48.6158],[6.0496,48.6186],[6.0552,48.617],[6.0594,48.6151],[6.0614,48.6135],[6.0643,48.6141],[6.073,48.613],[6.0747,48.6157],[6.0717,48.6169],[6.0697,48.6176],[6.0693,48.6187],[6.0682,48.6191],[6.0683,48.6199],[6.0658,48.6206],[6.0654,48.6213],[6.0635,48.6216],[6.0628,48.6208],[6.0612,48.6206],[6.0603,48.621],[6.0589,48.623],[6.0568,48.6222],[6.0532,48.6221],[6.0505,48.6223],[6.0484,48.6233],[6.0466,48.6279],[6.046,48.6316],[6.0409,48.6374],[6.0406,48.6392],[6.0413,48.6469],[6.0391,48.65],[6.0353,48.6536],[6.0241,48.6581],[6.0202,48.6609],[6.0174,48.6618],[6.0172,48.6637],[6.0214,48.6658],[6.0279,48.6664],[6.0304,48.6673],[6.0631,48.6869],[6.0711,48.6916],[6.074,48.6926],[6.0863,48.7119],[6.0758,48.7209],[6.084,48.7239],[6.0942,48.7286],[6.0964,48.7333],[6.0823,48.7426],[6.0792,48.7453],[6.081,48.7466],[6.0841,48.7473],[6.0838,48.7477],[6.085,48.749],[6.0885,48.7514],[6.0924,48.7532],[6.0927,48.7539],[6.1007,48.7553],[6.0995,48.7579],[6.115,48.7602],[6.1147,48.7612],[6.1078,48.7606],[6.1071,48.762],[6.1047,48.7622],[6.1043,48.763],[6.1029,48.7632],[6.0986,48.7625],[6.0944,48.7611],[6.0916,48.761],[6.0901,48.7634],[6.0907,48.7649],[6.0836,48.7692],[6.079,48.767],[6.0783,48.7674],[6.0784,48.7695],[6.0773,48.7691],[6.0753,48.77],[6.0746,48.77],[6.0676,48.7756],[6.0603,48.7719],[6.059,48.7722],[6.0541,48.7705],[6.0532,48.775],[6.0446,48.7709],[6.0391,48.7672],[6.0373,48.7668],[6.0361,48.7681],[6.0356,48.7699],[6.0337,48.7703],[6.0333,48.7715],[6.0315,48.7725],[6.0315,48.7734],[6.0288,48.7737],[6.0264,48.7751],[6.0239,48.778],[6.0188,48.7799],[6.018,48.7838],[6.0196,48.7883],[6.0176,48.7902],[6.02,48.7913],[6.0199,48.7923],[6.0183,48.7928],[6.017,48.7949],[6.0179,48.7957],[6.0174,48.7968],[6.0162,48.7963],[6.0153,48.7971],[6.0176,48.7996],[6.0144,48.8015],[6.0088,48.8032],[6.008,48.8042],[6.0131,48.8059],[6.0149,48.8072],[6.0273,48.8114],[6.0274,48.8139],[6.026,48.8162],[6.023,48.8243],[6.0252,48.8249],[6.0253,48.8272],[6.0249,48.8301],[6.0185,48.8377],[6.0238,48.8372],[6.0257,48.838],[6.0265,48.8377],[6.0286,48.8382],[6.0287,48.839],[6.0317,48.8396],[6.0364,48.8388],[6.0373,48.8397],[6.0377,48.8416],[6.0374,48.8424],[6.0362,48.8431],[6.0365,48.8438],[6.0312,48.8433],[6.0296,48.8446],[6.0263,48.8456],[6.0272,48.8458],[6.028,48.848],[6.026,48.8495],[6.0238,48.8502],[6.0193,48.8499],[6.0186,48.8518],[6.0204,48.8555],[6.0176,48.8564],[6.0138,48.8497],[6.0128,48.849],[6.0067,48.8472],[6.0036,48.848],[6.0011,48.8495],[5.9991,48.8492],[5.9957,48.8521],[5.9964,48.8528],[5.9961,48.8535],[5.9946,48.8526],[5.993,48.8534],[5.9933,48.8539],[5.9925,48.8536],[5.9853,48.8579],[5.9792,48.858],[5.9774,48.8575],[5.9762,48.8578],[5.9721,48.8604],[5.9709,48.8594],[5.9687,48.8598],[5.9666,48.8588],[5.9654,48.8595],[5.9647,48.8608],[5.9662,48.8621],[5.9647,48.863],[5.9649,48.8637],[5.9644,48.8642],[5.9652,48.8656],[5.9641,48.8658],[5.9659,48.8676],[5.9654,48.8684],[5.969,48.8703],[5.9693,48.8706],[5.968,48.8722],[5.9728,48.8765],[5.9724,48.8779],[5.973,48.8811],[5.9747,48.8819],[5.9759,48.8833],[5.9778,48.8836],[5.9752,48.8862],[5.9753,48.8878],[5.9745,48.8893],[5.9747,48.8923],[5.9739,48.8951],[5.973,48.8957],[5.9719,48.8959],[5.9534,48.893],[5.9483,48.8917],[5.9406,48.8883],[5.9384,48.8894],[5.9388,48.8915],[5.9376,48.8933],[5.9379,48.8943],[5.9394,48.8951],[5.9482,48.8987],[5.948,48.9016],[5.9489,48.9024],[5.9481,48.9048],[5.9492,48.905],[5.9492,48.9055],[5.949,48.9082],[5.9474,48.911],[5.9484,48.9153],[5.9495,48.917],[5.9556,48.9188],[5.9673,48.917],[5.9826,48.9188],[5.9803,48.9203],[5.9799,48.9217],[5.9786,48.9226],[5.9784,48.926],[5.9788,48.9278],[5.9828,48.928],[5.9828,48.929],[5.9819,48.929],[5.9795,48.9305],[5.9877,48.9347],[5.9832,48.9394],[5.9834,48.9398],[5.9822,48.9408],[5.9826,48.9412],[5.9798,48.9424],[5.9793,48.9438],[5.9757,48.9461],[5.9761,48.9467],[5.9707,48.9484],[5.9724,48.9503],[5.9699,48.9518],[5.9737,48.9534],[5.969,48.9569],[5.968,48.9592],[5.9665,48.9603],[5.9632,48.9597],[5.9566,48.9608],[5.9558,48.9611],[5.9549,48.9637],[5.9521,48.9664],[5.9453,48.9619],[5.9432,48.9596],[5.9399,48.9621],[5.9362,48.9608],[5.93,48.9567],[5.9278,48.9561],[5.9221,48.9589],[5.9198,48.9586],[5.912,48.9584],[5.912,48.9627],[5.911,48.9641],[5.9186,48.9674],[5.9174,48.9691],[5.9193,48.9697],[5.9151,48.9736],[5.921,48.9775],[5.9193,48.9782],[5.9215,48.9812],[5.9214,48.9823],[5.9174,48.9842],[5.9147,48.987],[5.9158,48.9878],[5.9112,48.9915],[5.9185,48.9963],[5.9169,49.0002],[5.9153,48.9997],[5.9151,48.9981],[5.9133,48.9975],[5.9075,48.9988],[5.9057,48.9988],[5.904,48.998],[5.8982,49.0029],[5.8825,49.0085],[5.8828,49.0088],[5.8799,49.0094],[5.884,49.0092],[5.8846,49.01],[5.8822,49.0116],[5.8835,49.0127],[5.881,49.0143],[5.8799,49.0143],[5.8778,49.016],[5.8782,49.0164],[5.8754,49.0174],[5.8773,49.0186],[5.8751,49.0198],[5.8735,49.0191],[5.8733,49.0198],[5.8705,49.0177],[5.8686,49.0195],[5.8632,49.0175],[5.8613,49.0185],[5.8594,49.0177],[5.86,49.0167],[5.8535,49.013],[5.8558,49.0118],[5.8547,49.0107],[5.8525,49.0098],[5.8569,49.0026],[5.8506,49.0012],[5.8505,49.0018],[5.8475,49.0017],[5.8443,49.0031],[5.8424,49.0051],[5.8347,49.0018],[5.8298,49.0013],[5.8308,48.9964],[5.8274,48.9974],[5.8242,48.9998],[5.8192,48.9996],[5.817,48.9986],[5.8193,48.995],[5.8193,48.9939],[5.8269,48.9945],[5.8328,48.9891],[5.8208,48.9835],[5.8178,48.9802]]]]},"properties":{"id":"544","name":"Toul","territoire":"Lorraine","sigle":"LOR","pays":"France","cx":5.897,"cy":48.701}},
{"type":"Feature","geometry":{"type":"Polygon","coordinates":[[[5.3351,48.9695],[5.3315,48.9725],[5.3269,48.9719],[5.3214,48.9696],[5.3172,48.9733],[5.3101,48.978],[5.3109,48.9789],[5.3082,48.9785],[5.3086,48.9806],[5.3082,48.9824],[5.305,48.987],[5.3012,48.986],[5.2931,48.9853],[5.2936,48.9873],[5.2874,48.9847],[5.2856,48.9864],[5.2865,48.987],[5.2852,48.9882],[5.283,48.9872],[5.2773,48.9898],[5.2764,48.9891],[5.274,48.99],[5.2721,48.9893],[5.2685,48.9914],[5.2664,48.9934],[5.2645,48.9927],[5.2659,48.9915],[5.2651,48.991],[5.2645,48.9898],[5.2634,48.9899],[5.2627,48.9894],[5.2631,48.9889],[5.2623,48.9876],[5.2601,48.9867],[5.2588,48.9877],[5.2581,48.9871],[5.2572,48.9872],[5.2566,48.9862],[5.2552,48.9857],[5.2544,48.9861],[5.2529,48.9848],[5.2529,48.984],[5.2505,48.9829],[5.2495,48.9849],[5.251,48.9861],[5.2506,48.9911],[5.2449,48.9902],[5.2417,48.9922],[5.2358,48.9938],[5.2334,48.9934],[5.2313,48.9955],[5.2288,48.9938],[5.2259,48.993],[5.2259,48.9921],[5.223,48.9921],[5.2221,48.9921],[5.2224,48.993],[5.2208,48.9955],[5.2202,49.0011],[5.217,49.0016],[5.2177,49.0023],[5.2177,49.0031],[5.2161,49.0056],[5.2163,49.0084],[5.2135,49.0096],[5.2095,49.0101],[5.2087,49.0118],[5.2091,49.0119],[5.2088,49.0129],[5.2074,49.0128],[5.2073,49.0133],[5.2092,49.0137],[5.2088,49.0155],[5.2093,49.0158],[5.2086,49.0167],[5.2098,49.0171],[5.212,49.0182],[5.2132,49.0207],[5.2169,49.0231],[5.2204,49.0243],[5.2243,49.0234],[5.2251,49.0249],[5.2278,49.0246],[5.229,49.0251],[5.2287,49.027],[5.2303,49.0285],[5.2319,49.0278],[5.2328,49.0283],[5.2344,49.0298],[5.2378,49.0309],[5.239,49.0325],[5.2362,49.0356],[5.2272,49.0431],[5.227,49.0444],[5.2278,49.0455],[5.2266,49.0459],[5.2263,49.0467],[5.2273,49.0498],[5.2253,49.0505],[5.2293,49.0558],[5.2322,49.0577],[5.2312,49.0595],[5.2271,49.0597],[5.2247,49.0606],[5.2183,49.0588],[5.2167,49.0582],[5.2164,49.0576],[5.2171,49.0571],[5.2169,49.0537],[5.2175,49.053],[5.2173,49.0524],[5.2134,49.052],[5.2059,49.0491],[5.1987,49.0491],[5.1979,49.0484],[5.1927,49.0482],[5.193,49.047],[5.191,49.0465],[5.191,49.0459],[5.1874,49.0456],[5.1861,49.0453],[5.1863,49.0449],[5.184,49.0445],[5.1823,49.0474],[5.1769,49.0471],[5.1765,49.0483],[5.1758,49.0481],[5.1749,49.0518],[5.1753,49.0522],[5.1747,49.0523],[5.1746,49.0535],[5.1725,49.053],[5.1718,49.0543],[5.1692,49.0536],[5.1687,49.0545],[5.1694,49.0548],[5.1681,49.0572],[5.1695,49.0573],[5.1696,49.0588],[5.1644,49.0585],[5.1642,49.0595],[5.1613,49.0595],[5.1586,49.0586],[5.1578,49.0596],[5.1599,49.0601],[5.1605,49.0617],[5.1601,49.0623],[5.1607,49.0625],[5.1604,49.063],[5.153,49.0612],[5.1506,49.0598],[5.1438,49.0584],[5.1406,49.0584],[5.1348,49.0568],[5.1332,49.058],[5.1305,49.0586],[5.1297,49.0581],[5.1324,49.0569],[5.1317,49.054],[5.129,49.054],[5.1289,49.0529],[5.1225,49.0508],[5.1183,49.0513],[5.1117,49.0505],[5.1099,49.0511],[5.1025,49.0491],[5.0924,49.0486],[5.0883,49.0492],[5.0856,49.0509],[5.0848,49.0535],[5.0824,49.055],[5.082,49.0576],[5.0805,49.0597],[5.0812,49.0618],[5.0844,49.0643],[5.0637,49.0626],[5.053,49.0578],[5.0498,49.0574],[5.0482,49.0591],[5.0418,49.0614],[5.0379,49.0646],[5.0323,49.0651],[5.0318,49.0656],[5.0305,49.066],[5.031,49.0675],[5.0228,49.0721],[5.0212,49.0722],[5.0192,49.0732],[5.0175,49.0729],[5.0155,49.0738],[5.015,49.0729],[5.0093,49.0715],[5.0093,49.0702],[5.007,49.069],[5.0052,49.0658],[5.0079,49.0641],[5.0078,49.0619],[5.006,49.0611],[5.0057,49.0599],[5.0061,49.0589],[5.0052,49.0593],[5.0006,49.055],[5.0035,49.0533],[4.9741,49.0276],[4.9713,49.0269],[4.9708,49.0259],[4.9687,49.0247],[4.9654,49.0214],[4.9667,49.021],[4.9684,49.0229],[4.9717,49.0218],[4.9728,49.0222],[4.973,49.0232],[4.9783,49.0251],[4.9932,49.0284],[4.9988,49.0319],[5.0091,49.0352],[5.0153,49.0341],[5.0202,49.0308],[5.0334,49.0258],[5.0355,49.0244],[5.0365,49.0244],[5.0353,49.0226],[5.0357,49.022],[5.0335,49.0208],[5.0356,49.0206],[5.0354,49.0192],[5.0397,49.0194],[5.0396,49.0175],[5.0361,49.0173],[5.0366,49.0158],[5.0377,49.0147],[5.0374,49.014],[5.0388,49.0107],[5.0347,49.0081],[5.0327,49.0061],[5.0314,49.006],[5.0316,49.0013],[5.0316,48.9996],[5.0331,48.9977],[5.039,48.9981],[5.0392,48.9976],[5.035,48.9971],[5.0346,48.9935],[5.0297,48.9945],[5.0227,48.9942],[5.0193,48.9951],[5.018,48.996],[5.0169,48.9945],[5.0138,48.9952],[5.0138,48.9942],[5.0091,48.9929],[5.0047,48.993],[5.0035,48.9908],[5.0014,48.9902],[5.0023,48.987],[4.9991,48.9867],[4.9938,48.9842],[4.9954,48.9825],[4.9975,48.9834],[5.0046,48.9836],[5.0058,48.982],[5.0063,48.9798],[5.007,48.9798],[5.0077,48.9788],[5.0162,48.9815],[5.0172,48.9776],[5.0288,48.9796],[5.0325,48.9785],[5.033,48.9765],[5.0345,48.9757],[5.0362,48.977],[5.0373,48.9769],[5.0387,48.9752],[5.0387,48.9744],[5.0395,48.9741],[5.0379,48.973],[5.0371,48.971],[5.0364,48.9704],[5.0363,48.9677],[5.0356,48.9663],[5.0318,48.9642],[5.0317,48.9631],[5.0309,48.9626],[5.0316,48.9619],[5.0311,48.9609],[5.0322,48.9598],[5.031,48.9578],[5.0323,48.9574],[5.0301,48.9569],[5.03,48.9551],[5.0309,48.9543],[5.0275,48.952],[5.0258,48.9518],[5.0245,48.951],[5.0222,48.951],[5.0228,48.949],[5.0217,48.9468],[5.0171,48.9465],[5.0141,48.9456],[5.0148,48.9451],[5.0141,48.9445],[5.0153,48.9437],[5.0147,48.9429],[5.0164,48.9426],[5.0152,48.9416],[5.0156,48.9388],[5.0143,48.9388],[5.0141,48.9373],[5.0128,48.9367],[5.0111,48.9369],[5.0108,48.9363],[5.0102,48.9367],[5.0065,48.9366],[5.0056,48.9372],[5.0036,48.9373],[5.0039,48.9378],[5.0035,48.9383],[5.0003,48.9383],[4.9996,48.9375],[4.9986,48.9379],[4.9974,48.9375],[4.9977,48.9368],[4.9964,48.9373],[4.9951,48.9361],[4.9935,48.936],[4.9926,48.9349],[4.9889,48.9327],[4.985,48.9316],[4.9839,48.9307],[4.9826,48.9304],[4.9818,48.9309],[4.9699,48.928],[4.9666,48.9294],[4.9638,48.9282],[4.9606,48.9279],[4.9628,48.9274],[4.9593,48.9259],[4.9575,48.9278],[4.9555,48.9286],[4.9541,48.9309],[4.9507,48.9309],[4.9481,48.9298],[4.9402,48.9258],[4.9362,48.9221],[4.9371,48.9208],[4.9375,48.9177],[4.9326,48.9153],[4.9342,48.913],[4.9287,48.9107],[4.9259,48.9083],[4.9188,48.9056],[4.9148,48.9001],[4.9158,48.8998],[4.9124,48.8981],[4.9152,48.8973],[4.9201,48.8947],[4.9247,48.8914],[4.9231,48.8879],[4.9202,48.8854],[4.9218,48.8836],[4.9192,48.8772],[4.9131,48.8727],[4.9116,48.868],[4.9157,48.8684],[4.917,48.8662],[4.9209,48.8659],[4.9214,48.8652],[4.9208,48.8646],[4.9219,48.8641],[4.9247,48.8646],[4.9253,48.864],[4.9235,48.8618],[4.9214,48.8606],[4.9232,48.8576],[4.9245,48.8574],[4.9246,48.8562],[4.9304,48.856],[4.9301,48.8543],[4.9283,48.8527],[4.9276,48.8495],[4.9285,48.8491],[4.9291,48.8496],[4.9318,48.8495],[4.9374,48.8481],[4.9373,48.8473],[4.9362,48.8467],[4.936,48.8447],[4.9369,48.8437],[4.937,48.8425],[4.9356,48.8424],[4.936,48.8407],[4.9355,48.8405],[4.928,48.8383],[4.9252,48.838],[4.921,48.8361],[4.9146,48.8351],[4.9029,48.8277],[4.9034,48.8268],[4.8998,48.8238],[4.8953,48.822],[4.8947,48.8214],[4.8956,48.821],[4.8946,48.8208],[4.8936,48.8194],[4.8928,48.8195],[4.8927,48.8188],[4.8912,48.8177],[4.8888,48.8172],[4.8902,48.8158],[4.8893,48.8149],[4.89,48.814],[4.8911,48.8144],[4.8931,48.8129],[4.8918,48.8119],[4.8926,48.8116],[4.8942,48.8122],[4.8951,48.8105],[4.8968,48.8088],[4.8909,48.8053],[4.8924,48.8039],[4.8908,48.8029],[4.8914,48.8015],[4.8903,48.8008],[4.8886,48.8006],[4.8896,48.7982],[4.8929,48.7977],[4.8934,48.797],[4.8944,48.797],[4.8952,48.7961],[4.8978,48.7965],[4.8989,48.7956],[4.9011,48.7952],[4.9024,48.7957],[4.9077,48.7947],[4.9125,48.7946],[4.9129,48.7944],[4.9124,48.7935],[4.9163,48.7925],[4.9178,48.7927],[4.9182,48.792],[4.9211,48.7929],[4.9215,48.7927],[4.9209,48.7894],[4.9219,48.79],[4.9215,48.7907],[4.9229,48.7912],[4.9236,48.7922],[4.9248,48.7924],[4.9265,48.7921],[4.9264,48.791],[4.9257,48.7904],[4.928,48.7905],[4.93,48.7915],[4.9317,48.7909],[4.9331,48.7914],[4.9344,48.7906],[4.9349,48.7896],[4.9327,48.7892],[4.9359,48.7893],[4.9366,48.7899],[4.9379,48.7867],[4.9366,48.7858],[4.937,48.7849],[4.9347,48.7834],[4.9376,48.7828],[4.9381,48.7819],[4.943,48.7783],[4.9436,48.7765],[4.9458,48.7752],[4.9479,48.7716],[4.9493,48.7705],[4.9503,48.7688],[4.9528,48.7682],[4.9546,48.7681],[4.9568,48.7673],[4.9584,48.7645],[4.9604,48.7637],[4.961,48.7623],[4.9641,48.7599],[4.9646,48.7587],[4.9663,48.7589],[4.9723,48.7576],[4.9746,48.755],[4.9786,48.7528],[4.9806,48.7485],[4.9814,48.7456],[4.9901,48.7418],[4.9994,48.7424],[5.0004,48.7414],[5.003,48.7414],[5.0039,48.7418],[5.0092,48.7414],[5.0096,48.7387],[5.0058,48.7353],[5.0059,48.7344],[5.0097,48.7294],[5.0075,48.7228],[5.0046,48.7197],[5.0047,48.7188],[5.006,48.7178],[5.0114,48.7179],[5.0129,48.7153],[5.0139,48.7108],[5.016,48.7095],[5.0146,48.7081],[5.0118,48.7067],[5.0018,48.7113],[4.9973,48.7096],[4.9988,48.7073],[5.0026,48.7047],[5.0064,48.6988],[5.0054,48.6985],[5.0021,48.6946],[5.0002,48.6943],[4.9991,48.6932],[4.9951,48.6917],[4.9915,48.6931],[4.9895,48.6928],[4.9907,48.692],[4.9904,48.6887],[4.9909,48.6884],[4.9903,48.6878],[4.9912,48.6867],[4.9884,48.6844],[4.999,48.6817],[5.0031,48.6825],[5.0074,48.6801],[5.0091,48.6781],[5.0082,48.6778],[5.0089,48.675],[5.0081,48.6731],[5.0083,48.6695],[5.011,48.6678],[4.9992,48.663],[5.0007,48.663],[4.9977,48.6624],[4.998,48.6618],[4.9949,48.6608],[4.9959,48.6596],[4.9942,48.6596],[4.9928,48.6583],[4.9935,48.6575],[4.9936,48.6554],[4.9956,48.6522],[4.9947,48.6462],[4.9973,48.6457],[4.999,48.6409],[5.0039,48.6388],[5.003,48.6374],[5.0042,48.6368],[5.0029,48.636],[5.0051,48.6357],[5.0052,48.6345],[5.0047,48.6341],[5.0062,48.6337],[5.0041,48.6325],[5.005,48.6315],[5.0025,48.6295],[4.9978,48.6279],[5.0002,48.6268],[4.9963,48.6256],[4.9988,48.6236],[4.9947,48.6217],[4.9956,48.6193],[4.9993,48.6148],[5.0021,48.6129],[5.0064,48.6114],[5.0141,48.6102],[5.0186,48.6121],[5.0219,48.6117],[5.0267,48.6119],[5.0329,48.6136],[5.0331,48.6149],[5.0356,48.6164],[5.0366,48.6191],[5.0388,48.6206],[5.0387,48.622],[5.0437,48.6253],[5.0459,48.628],[5.0508,48.6323],[5.0537,48.6339],[5.0542,48.6332],[5.0567,48.6323],[5.0577,48.6297],[5.0583,48.6232],[5.0595,48.62],[5.0592,48.6154],[5.0596,48.6125],[5.0612,48.6114],[5.0638,48.6108],[5.0638,48.6095],[5.0652,48.6077],[5.0659,48.6037],[5.0703,48.5959],[5.0731,48.5959],[5.0735,48.5954],[5.0805,48.5966],[5.0808,48.596],[5.0885,48.5935],[5.0885,48.5931],[5.0957,48.5929],[5.1042,48.594],[5.1046,48.5948],[5.1088,48.5939],[5.1098,48.5946],[5.1117,48.594],[5.1127,48.5946],[5.1138,48.5942],[5.1194,48.5957],[5.1201,48.5938],[5.1213,48.5928],[5.1177,48.5892],[5.1179,48.585],[5.1226,48.5827],[5.1234,48.581],[5.1253,48.5821],[5.1271,48.5801],[5.125,48.5792],[5.126,48.5778],[5.1307,48.5729],[5.1345,48.5707],[5.1372,48.5689],[5.1435,48.5631],[5.1442,48.5635],[5.145,48.563],[5.1447,48.5627],[5.1463,48.5612],[5.1463,48.5603],[5.1489,48.5597],[5.1518,48.5607],[5.1531,48.5602],[5.1556,48.5619],[5.1559,48.5631],[5.1651,48.5653],[5.168,48.5646],[5.1702,48.5626],[5.1738,48.5558],[5.1862,48.5524],[5.1873,48.5512],[5.1874,48.5493],[5.1912,48.5492],[5.197,48.5467],[5.1945,48.542],[5.1951,48.5377],[5.2084,48.5386],[5.2066,48.536],[5.2109,48.5336],[5.2114,48.5325],[5.2122,48.5321],[5.2113,48.5299],[5.2126,48.5295],[5.2123,48.5288],[5.2219,48.5265],[5.2252,48.5303],[5.2275,48.532],[5.2322,48.5286],[5.2377,48.5261],[5.2579,48.5217],[5.2578,48.5213],[5.2645,48.5194],[5.2647,48.5188],[5.2698,48.5162],[5.2711,48.5136],[5.2782,48.5135],[5.2862,48.5155],[5.2873,48.5143],[5.2878,48.5122],[5.2892,48.5105],[5.2957,48.5083],[5.2984,48.5104],[5.3014,48.5117],[5.3056,48.5159],[5.317,48.5084],[5.3288,48.5097],[5.3281,48.5087],[5.3286,48.5085],[5.3277,48.5076],[5.3285,48.5072],[5.3273,48.5048],[5.3288,48.5044],[5.3285,48.5029],[5.3299,48.5025],[5.3324,48.5006],[5.3339,48.4993],[5.3335,48.4991],[5.3346,48.4976],[5.3353,48.4977],[5.3371,48.4957],[5.3378,48.4958],[5.3393,48.4937],[5.3412,48.4939],[5.3416,48.4926],[5.3426,48.4926],[5.3425,48.4917],[5.3449,48.4906],[5.3468,48.4853],[5.3475,48.4854],[5.3478,48.4847],[5.347,48.4844],[5.347,48.4838],[5.3476,48.4829],[5.3484,48.483],[5.3495,48.482],[5.3505,48.482],[5.358,48.4776],[5.3593,48.4774],[5.3605,48.4779],[5.3629,48.4766],[5.364,48.4772],[5.3656,48.4762],[5.3677,48.477],[5.3687,48.4762],[5.3694,48.4765],[5.3742,48.4728],[5.3785,48.4716],[5.3814,48.4711],[5.3876,48.4729],[5.3894,48.4739],[5.3917,48.4732],[5.393,48.474],[5.3952,48.4729],[5.3977,48.4738],[5.4011,48.4703],[5.4045,48.4727],[5.4043,48.4732],[5.4123,48.4768],[5.4132,48.4777],[5.4148,48.4784],[5.4162,48.4779],[5.4203,48.4795],[5.4202,48.4801],[5.4229,48.4826],[5.43,48.4881],[5.4283,48.4883],[5.4269,48.49],[5.4217,48.4935],[5.4216,48.495],[5.4247,48.4973],[5.4229,48.4976],[5.4211,48.5003],[5.4185,48.5015],[5.4188,48.5034],[5.4182,48.5038],[5.4174,48.5033],[5.4173,48.5047],[5.414,48.505],[5.4067,48.5095],[5.4057,48.5091],[5.4038,48.5106],[5.4024,48.5103],[5.3991,48.5123],[5.3979,48.5123],[5.3953,48.5151],[5.3906,48.5149],[5.3895,48.5182],[5.3901,48.5204],[5.3884,48.5218],[5.3873,48.5245],[5.3881,48.5283],[5.3827,48.5296],[5.3792,48.5316],[5.37,48.5334],[5.3682,48.5348],[5.3697,48.5382],[5.3724,48.5379],[5.3728,48.54],[5.3796,48.5396],[5.3815,48.5463],[5.3829,48.5484],[5.3889,48.5513],[5.3898,48.5521],[5.3886,48.5546],[5.3889,48.5549],[5.3836,48.5563],[5.3836,48.5568],[5.3823,48.5572],[5.3824,48.5578],[5.3783,48.5592],[5.3814,48.5626],[5.3782,48.5633],[5.377,48.5645],[5.3745,48.5655],[5.3779,48.573],[5.3773,48.5751],[5.3776,48.5769],[5.373,48.5824],[5.3719,48.5818],[5.3703,48.5831],[5.369,48.5825],[5.3684,48.5828],[5.3701,48.584],[5.3697,48.5844],[5.3613,48.5833],[5.3545,48.5857],[5.353,48.5874],[5.3515,48.5867],[5.3488,48.588],[5.3511,48.5906],[5.3432,48.5938],[5.3449,48.5951],[5.3443,48.5982],[5.3456,48.6016],[5.3544,48.6024],[5.3569,48.6042],[5.3578,48.6055],[5.358,48.6073],[5.361,48.6076],[5.3639,48.6096],[5.367,48.6116],[5.366,48.6139],[5.3669,48.614],[5.3691,48.6131],[5.3706,48.6134],[5.3707,48.6139],[5.3729,48.6137],[5.3742,48.6146],[5.3768,48.614],[5.3801,48.6158],[5.3865,48.617],[5.3864,48.618],[5.3893,48.6174],[5.3904,48.6181],[5.3913,48.6179],[5.3921,48.6187],[5.3936,48.6181],[5.3952,48.6198],[5.3971,48.6194],[5.4003,48.6213],[5.4045,48.6213],[5.409,48.6226],[5.4098,48.6222],[5.4142,48.6251],[5.4161,48.6254],[5.416,48.6258],[5.4183,48.6254],[5.4188,48.6264],[5.4197,48.6267],[5.4193,48.631],[5.4197,48.6311],[5.4182,48.6346],[5.4113,48.6389],[5.3983,48.6356],[5.3953,48.6371],[5.3953,48.6399],[5.3892,48.6369],[5.3891,48.6377],[5.3871,48.6377],[5.3858,48.6386],[5.3868,48.6388],[5.3907,48.645],[5.3895,48.6461],[5.3906,48.6467],[5.3886,48.6485],[5.3883,48.6497],[5.3891,48.6501],[5.3886,48.6515],[5.3894,48.651],[5.3943,48.6525],[5.3953,48.6521],[5.3992,48.6539],[5.4016,48.6536],[5.4041,48.6548],[5.405,48.6542],[5.4065,48.6542],[5.4067,48.6552],[5.4076,48.6555],[5.4119,48.6556],[5.4126,48.6557],[5.4124,48.6565],[5.4165,48.6567],[5.4179,48.6591],[5.4172,48.6591],[5.4173,48.66],[5.4189,48.6619],[5.4182,48.6623],[5.4186,48.6631],[5.4226,48.6668],[5.4197,48.6666],[5.4195,48.6689],[5.4206,48.6702],[5.4198,48.6706],[5.4204,48.6716],[5.4198,48.6717],[5.4196,48.6728],[5.42,48.6734],[5.4229,48.673],[5.4227,48.6737],[5.4253,48.6779],[5.4251,48.6786],[5.4284,48.6816],[5.4256,48.6829],[5.4274,48.686],[5.4313,48.6904],[5.43,48.6909],[5.4279,48.6911],[5.4266,48.6927],[5.4217,48.6924],[5.421,48.6956],[5.4166,48.696],[5.416,48.6966],[5.4161,48.6976],[5.4148,48.6987],[5.4133,48.6982],[5.4135,48.6987],[5.4101,48.6994],[5.4108,48.7015],[5.3956,48.6994],[5.395,48.6993],[5.3944,48.7007],[5.3845,48.6989],[5.385,48.6978],[5.3758,48.6961],[5.3755,48.6967],[5.373,48.6962],[5.3721,48.6976],[5.3727,48.6992],[5.374,48.6993],[5.3748,48.7005],[5.3771,48.7006],[5.3785,48.7019],[5.3769,48.704],[5.3769,48.7055],[5.3778,48.706],[5.3747,48.7176],[5.3713,48.7171],[5.3717,48.7184],[5.3738,48.721],[5.3677,48.724],[5.3651,48.728],[5.3651,48.729],[5.3505,48.7314],[5.3462,48.7353],[5.3441,48.735],[5.345,48.7366],[5.3459,48.7365],[5.3462,48.7372],[5.3467,48.7405],[5.3501,48.7409],[5.3552,48.7467],[5.361,48.7498],[5.3618,48.7534],[5.3593,48.7554],[5.3586,48.7582],[5.36,48.7598],[5.3566,48.7638],[5.3554,48.7674],[5.3568,48.7726],[5.3581,48.7735],[5.36,48.7735],[5.3584,48.7773],[5.3529,48.7797],[5.3497,48.7827],[5.3464,48.784],[5.3444,48.7866],[5.3388,48.7862],[5.3347,48.7853],[5.3334,48.7869],[5.3342,48.7888],[5.3357,48.7893],[5.3344,48.7908],[5.3281,48.7922],[5.3281,48.7933],[5.325,48.7938],[5.3207,48.7938],[5.3181,48.7929],[5.3144,48.7928],[5.3136,48.7935],[5.3112,48.7932],[5.3106,48.7953],[5.3086,48.795],[5.3081,48.7956],[5.3088,48.7959],[5.3086,48.7965],[5.3053,48.7984],[5.3047,48.7986],[5.3046,48.8002],[5.3052,48.802],[5.3034,48.8025],[5.3031,48.8035],[5.3049,48.8038],[5.3046,48.8082],[5.3081,48.8102],[5.3076,48.8109],[5.3116,48.8125],[5.3095,48.8163],[5.3099,48.8179],[5.309,48.819],[5.3088,48.8208],[5.3055,48.8251],[5.3077,48.8262],[5.3072,48.827],[5.3092,48.8272],[5.3073,48.8298],[5.3104,48.832],[5.3108,48.8324],[5.309,48.8335],[5.3094,48.8363],[5.3069,48.8412],[5.3055,48.8447],[5.3032,48.8472],[5.2994,48.8535],[5.2925,48.8571],[5.2932,48.8601],[5.2913,48.8616],[5.29,48.8619],[5.2906,48.8622],[5.2903,48.8625],[5.2874,48.863],[5.2863,48.8648],[5.2851,48.8669],[5.2857,48.8747],[5.2924,48.8757],[5.2896,48.8814],[5.288,48.8808],[5.2849,48.8832],[5.2842,48.8857],[5.2841,48.8861],[5.2799,48.8871],[5.2766,48.8895],[5.2713,48.8891],[5.2687,48.8919],[5.2675,48.8966],[5.2722,48.8966],[5.2718,48.8974],[5.2729,48.899],[5.2738,48.8993],[5.2729,48.8999],[5.2732,48.9003],[5.2743,48.9],[5.2752,48.9006],[5.2746,48.9011],[5.2759,48.9025],[5.2755,48.9027],[5.2764,48.9036],[5.2775,48.9034],[5.2782,48.9049],[5.2789,48.9047],[5.2807,48.9086],[5.2809,48.9096],[5.2795,48.9108],[5.2801,48.9118],[5.2797,48.9123],[5.2813,48.9141],[5.28,48.9152],[5.2802,48.916],[5.2856,48.9181],[5.2882,48.9199],[5.2893,48.9211],[5.2886,48.9218],[5.2896,48.9226],[5.291,48.9226],[5.2944,48.9249],[5.2936,48.9256],[5.2958,48.9277],[5.299,48.9278],[5.3054,48.9264],[5.3077,48.9281],[5.307,48.9289],[5.3002,48.929],[5.2973,48.9303],[5.2969,48.9326],[5.2954,48.9318],[5.294,48.9338],[5.2922,48.933],[5.2904,48.9347],[5.2913,48.9352],[5.2888,48.937],[5.2879,48.9367],[5.2883,48.9374],[5.2863,48.9389],[5.2841,48.9383],[5.2838,48.9389],[5.2821,48.9392],[5.2821,48.9399],[5.2801,48.9398],[5.2793,48.9411],[5.2771,48.9404],[5.276,48.9416],[5.2697,48.9413],[5.2711,48.9425],[5.2748,48.9442],[5.2762,48.9432],[5.2846,48.9476],[5.2814,48.9515],[5.2854,48.9558],[5.2872,48.9566],[5.2872,48.9572],[5.2882,48.9581],[5.2908,48.959],[5.2913,48.9579],[5.2972,48.9585],[5.2975,48.9592],[5.3005,48.9602],[5.3032,48.9603],[5.3041,48.9596],[5.3058,48.9595],[5.3052,48.9611],[5.3116,48.9621],[5.3112,48.9629],[5.3143,48.9646],[5.3144,48.9662],[5.3156,48.967],[5.3156,48.9679],[5.3215,48.9672],[5.3351,48.9695]]]},"properties":{"id":"551","name":"Bar-le-Duc","territoire":"Lorraine","sigle":"LOR","pays":"France","cx":5.167,"cy":48.778}},
{"type":"Feature","geometry":{"type":"Polygon","coordinates":[[[5.8082,49.0758],[5.8065,49.0765],[5.8051,49.0763],[5.8038,49.075],[5.8041,49.0731],[5.803,49.0733],[5.8022,49.0724],[5.7976,49.074],[5.7968,49.0735],[5.7965,49.0756],[5.7956,49.0749],[5.7925,49.0773],[5.7875,49.0767],[5.7876,49.0778],[5.786,49.0797],[5.7842,49.0794],[5.7838,49.0804],[5.7829,49.0803],[5.7822,49.0811],[5.7791,49.0806],[5.7768,49.0838],[5.7734,49.0825],[5.7709,49.0806],[5.7576,49.0753],[5.7529,49.0706],[5.7487,49.0653],[5.7451,49.0633],[5.7457,49.0606],[5.745,49.0598],[5.7479,49.0598],[5.7553,49.0538],[5.7583,49.0545],[5.7665,49.0456],[5.77,49.0465],[5.7751,49.0507],[5.7778,49.0522],[5.7798,49.0513],[5.7743,49.046],[5.7723,49.0443],[5.7639,49.0396],[5.7662,49.0377],[5.769,49.0377],[5.7712,49.0368],[5.7702,49.0349],[5.7675,49.034],[5.7593,49.033],[5.7606,49.0311],[5.7603,49.0299],[5.7591,49.0297],[5.76,49.0265],[5.748,49.0235],[5.7461,49.0218],[5.7432,49.0212],[5.7418,49.0214],[5.7371,49.0182],[5.7353,49.0187],[5.7326,49.0179],[5.7315,49.0183],[5.7297,49.0178],[5.7284,49.0189],[5.7259,49.0183],[5.7231,49.0208],[5.7209,49.0192],[5.7204,49.0179],[5.7188,49.0167],[5.7152,49.0156],[5.7138,49.0178],[5.7122,49.0182],[5.7092,49.0165],[5.7078,49.0181],[5.7108,49.0199],[5.7087,49.0229],[5.7051,49.0209],[5.6988,49.0257],[5.6995,49.0267],[5.6973,49.0279],[5.6982,49.0289],[5.6957,49.0297],[5.6932,49.027],[5.6908,49.0285],[5.6894,49.0298],[5.6896,49.0303],[5.6854,49.0336],[5.6839,49.0329],[5.6836,49.0323],[5.6847,49.0316],[5.6839,49.0309],[5.6843,49.0306],[5.6828,49.0297],[5.6839,49.0285],[5.6834,49.0279],[5.6822,49.0283],[5.6815,49.0269],[5.6847,49.0257],[5.684,49.0239],[5.682,49.0247],[5.6784,49.0226],[5.6727,49.0223],[5.6689,49.0199],[5.6667,49.0191],[5.6662,49.0175],[5.6635,49.0155],[5.6577,49.0145],[5.6527,49.0126],[5.6485,49.0126],[5.6464,49.0121],[5.6344,49.0055],[5.6282,49.0051],[5.6193,49.0037],[5.6138,49.0027],[5.6129,49.0045],[5.6103,49.0062],[5.6091,49.0087],[5.6023,49.0124],[5.6013,49.0127],[5.6011,49.0163],[5.5954,49.0147],[5.5913,49.0123],[5.5872,49.011],[5.5855,49.0115],[5.5838,49.0138],[5.5769,49.0125],[5.5714,49.014],[5.5754,49.0179],[5.5765,49.0199],[5.5817,49.0232],[5.5731,49.0266],[5.5629,49.036],[5.5592,49.0378],[5.5559,49.0407],[5.5441,49.0417],[5.5361,49.041],[5.5361,49.042],[5.5337,49.043],[5.5276,49.0439],[5.5217,49.0437],[5.5136,49.0413],[5.5082,49.0415],[5.5029,49.0413],[5.4986,49.0398],[5.4865,49.0417],[5.483,49.0415],[5.4789,49.0393],[5.4772,49.0379],[5.4771,49.0371],[5.4767,49.0379],[5.475,49.0371],[5.4729,49.0373],[5.4709,49.034],[5.4689,49.0325],[5.4697,49.0317],[5.4791,49.028],[5.4803,49.026],[5.4797,49.0236],[5.477,49.0213],[5.477,49.0202],[5.4737,49.0186],[5.4732,49.0174],[5.4735,49.0167],[5.4718,49.0159],[5.4689,49.0162],[5.464,49.0149],[5.4556,49.0113],[5.455,49.0128],[5.453,49.0139],[5.4504,49.0142],[5.4472,49.0156],[5.445,49.0154],[5.4439,49.0162],[5.4439,49.0154],[5.446,49.0133],[5.4449,49.0122],[5.4457,49.0106],[5.4471,49.0104],[5.4464,49.0098],[5.4467,49.009],[5.448,49.0084],[5.4476,49.0071],[5.4488,49.0055],[5.4475,49.0047],[5.4504,49.0041],[5.4522,49.0028],[5.4523,49.002],[5.4533,49.002],[5.4534,49.0028],[5.4544,49.0034],[5.457,49.0027],[5.455,49.0005],[5.4548,49],[5.4553,48.9997],[5.4523,48.9977],[5.4477,48.997],[5.4411,48.9943],[5.4401,48.9947],[5.4344,48.9931],[5.4347,48.9914],[5.4294,48.989],[5.4229,48.9844],[5.4216,48.9828],[5.4147,48.9801],[5.413,48.979],[5.4128,48.978],[5.4068,48.9747],[5.3897,48.9719],[5.3884,48.9724],[5.3841,48.9714],[5.3793,48.9716],[5.3718,48.9699],[5.3656,48.9697],[5.3586,48.9672],[5.3529,48.9661],[5.3454,48.9613],[5.3414,48.9603],[5.3411,48.9608],[5.3419,48.9627],[5.3411,48.9644],[5.3351,48.9695],[5.3215,48.9672],[5.3156,48.9679],[5.3156,48.967],[5.3144,48.9662],[5.3143,48.9646],[5.3112,48.9629],[5.3116,48.9621],[5.3052,48.9611],[5.3058,48.9595],[5.3041,48.9596],[5.3032,48.9603],[5.3005,48.9602],[5.2975,48.9592],[5.2972,48.9585],[5.2913,48.9579],[5.2908,48.959],[5.2882,48.9581],[5.2872,48.9572],[5.2872,48.9566],[5.2854,48.9558],[5.2814,48.9515],[5.2846,48.9476],[5.2762,48.9432],[5.2748,48.9442],[5.2711,48.9425],[5.2697,48.9413],[5.276,48.9416],[5.2771,48.9404],[5.2793,48.9411],[5.2801,48.9398],[5.2821,48.9399],[5.2821,48.9392],[5.2838,48.9389],[5.2841,48.9383],[5.2863,48.9389],[5.2883,48.9374],[5.2879,48.9367],[5.2888,48.937],[5.2913,48.9352],[5.2904,48.9347],[5.2922,48.933],[5.294,48.9338],[5.2954,48.9318],[5.2969,48.9326],[5.2973,48.9303],[5.3002,48.929],[5.307,48.9289],[5.3077,48.9281],[5.3054,48.9264],[5.299,48.9278],[5.2958,48.9277],[5.2936,48.9256],[5.2944,48.9249],[5.291,48.9226],[5.2896,48.9226],[5.2886,48.9218],[5.2893,48.9211],[5.2882,48.9199],[5.2856,48.9181],[5.2802,48.916],[5.28,48.9152],[5.2813,48.9141],[5.2797,48.9123],[5.2801,48.9118],[5.2795,48.9108],[5.2809,48.9096],[5.2807,48.9086],[5.2789,48.9047],[5.2782,48.9049],[5.2775,48.9034],[5.2764,48.9036],[5.2755,48.9027],[5.2759,48.9025],[5.2746,48.9011],[5.2752,48.9006],[5.2743,48.9],[5.2732,48.9003],[5.2729,48.8999],[5.2738,48.8993],[5.2729,48.899],[5.2718,48.8974],[5.2722,48.8966],[5.2675,48.8966],[5.2687,48.8919],[5.2713,48.8891],[5.2766,48.8895],[5.2799,48.8871],[5.2841,48.8861],[5.2842,48.8857],[5.2849,48.8832],[5.288,48.8808],[5.2896,48.8814],[5.2924,48.8757],[5.2857,48.8747],[5.2851,48.8669],[5.2863,48.8648],[5.2874,48.863],[5.2903,48.8625],[5.2906,48.8622],[5.29,48.8619],[5.2913,48.8616],[5.2932,48.8601],[5.2925,48.8571],[5.2994,48.8535],[5.3032,48.8472],[5.3055,48.8447],[5.3069,48.8412],[5.3094,48.8363],[5.309,48.8335],[5.3108,48.8324],[5.3104,48.832],[5.3073,48.8298],[5.3092,48.8272],[5.3072,48.827],[5.3077,48.8262],[5.3055,48.8251],[5.3088,48.8208],[5.309,48.819],[5.3099,48.8179],[5.3095,48.8163],[5.3116,48.8125],[5.3076,48.8109],[5.3081,48.8102],[5.3046,48.8082],[5.3049,48.8038],[5.3031,48.8035],[5.3034,48.8025],[5.3052,48.802],[5.3046,48.8002],[5.3047,48.7986],[5.3053,48.7984],[5.3086,48.7965],[5.3088,48.7959],[5.3081,48.7956],[5.3086,48.795],[5.3106,48.7953],[5.3112,48.7932],[5.3136,48.7935],[5.3144,48.7928],[5.3181,48.7929],[5.3207,48.7938],[5.325,48.7938],[5.3281,48.7933],[5.3281,48.7922],[5.3344,48.7908],[5.3357,48.7893],[5.3342,48.7888],[5.3334,48.7869],[5.3347,48.7853],[5.3388,48.7862],[5.3444,48.7866],[5.3464,48.784],[5.3497,48.7827],[5.3529,48.7797],[5.3584,48.7773],[5.36,48.7735],[5.3581,48.7735],[5.3568,48.7726],[5.3554,48.7674],[5.3566,48.7638],[5.36,48.7598],[5.3586,48.7582],[5.3593,48.7554],[5.3618,48.7534],[5.361,48.7498],[5.3552,48.7467],[5.3501,48.7409],[5.3467,48.7405],[5.3462,48.7372],[5.3459,48.7365],[5.345,48.7366],[5.3441,48.735],[5.3462,48.7353],[5.3505,48.7314],[5.3651,48.729],[5.3651,48.728],[5.3677,48.724],[5.3738,48.721],[5.3717,48.7184],[5.3713,48.7171],[5.3747,48.7176],[5.3778,48.706],[5.3769,48.7055],[5.3769,48.704],[5.3785,48.7019],[5.3771,48.7006],[5.3748,48.7005],[5.374,48.6993],[5.3727,48.6992],[5.3721,48.6976],[5.373,48.6962],[5.3755,48.6967],[5.3758,48.6961],[5.385,48.6978],[5.3845,48.6989],[5.3944,48.7007],[5.395,48.6993],[5.3956,48.6994],[5.4108,48.7015],[5.4101,48.6994],[5.4135,48.6987],[5.4133,48.6982],[5.4148,48.6987],[5.4161,48.6976],[5.416,48.6966],[5.4166,48.696],[5.421,48.6956],[5.4217,48.6924],[5.4266,48.6927],[5.4279,48.6911],[5.43,48.6909],[5.4313,48.6904],[5.4274,48.686],[5.4256,48.6829],[5.4284,48.6816],[5.4251,48.6786],[5.4253,48.6779],[5.4227,48.6737],[5.4229,48.673],[5.42,48.6734],[5.4196,48.6728],[5.4198,48.6717],[5.4204,48.6716],[5.4198,48.6706],[5.4206,48.6702],[5.4195,48.6689],[5.4197,48.6666],[5.4226,48.6668],[5.4186,48.6631],[5.4182,48.6623],[5.4189,48.6619],[5.4173,48.66],[5.4172,48.6591],[5.4179,48.6591],[5.4165,48.6567],[5.4124,48.6565],[5.4126,48.6557],[5.4119,48.6556],[5.4076,48.6555],[5.4067,48.6552],[5.4065,48.6542],[5.405,48.6542],[5.4041,48.6548],[5.4016,48.6536],[5.3992,48.6539],[5.3953,48.6521],[5.3943,48.6525],[5.3894,48.651],[5.3886,48.6515],[5.3891,48.6501],[5.3883,48.6497],[5.3886,48.6485],[5.3906,48.6467],[5.3895,48.6461],[5.3907,48.645],[5.3868,48.6388],[5.3858,48.6386],[5.3871,48.6377],[5.3891,48.6377],[5.3892,48.6369],[5.3953,48.6399],[5.3953,48.6371],[5.3983,48.6356],[5.4113,48.6389],[5.4182,48.6346],[5.4197,48.6311],[5.4193,48.631],[5.4197,48.6267],[5.4188,48.6264],[5.4183,48.6254],[5.416,48.6258],[5.4161,48.6254],[5.4142,48.6251],[5.4098,48.6222],[5.409,48.6226],[5.4045,48.6213],[5.4003,48.6213],[5.3971,48.6194],[5.3952,48.6198],[5.3936,48.6181],[5.3921,48.6187],[5.3913,48.6179],[5.3904,48.6181],[5.3893,48.6174],[5.3864,48.618],[5.3865,48.617],[5.3801,48.6158],[5.3768,48.614],[5.3742,48.6146],[5.3729,48.6137],[5.3707,48.6139],[5.3706,48.6134],[5.3691,48.6131],[5.3669,48.614],[5.366,48.6139],[5.367,48.6116],[5.3639,48.6096],[5.361,48.6076],[5.358,48.6073],[5.3578,48.6055],[5.3569,48.6042],[5.3544,48.6024],[5.3456,48.6016],[5.3443,48.5982],[5.3449,48.5951],[5.3432,48.5938],[5.3511,48.5906],[5.3488,48.588],[5.3515,48.5867],[5.353,48.5874],[5.3545,48.5857],[5.3613,48.5833],[5.3697,48.5844],[5.3701,48.584],[5.3684,48.5828],[5.369,48.5825],[5.3703,48.5831],[5.3719,48.5818],[5.373,48.5824],[5.3776,48.5769],[5.3773,48.5751],[5.3779,48.573],[5.3745,48.5655],[5.377,48.5645],[5.3782,48.5633],[5.3814,48.5626],[5.3783,48.5592],[5.3824,48.5578],[5.3823,48.5572],[5.3836,48.5568],[5.3836,48.5563],[5.3889,48.5549],[5.3886,48.5546],[5.3898,48.5521],[5.3889,48.5513],[5.3829,48.5484],[5.3815,48.5463],[5.3796,48.5396],[5.3728,48.54],[5.3724,48.5379],[5.3697,48.5382],[5.3682,48.5348],[5.37,48.5334],[5.3792,48.5316],[5.3827,48.5296],[5.3881,48.5283],[5.3873,48.5245],[5.3884,48.5218],[5.3901,48.5204],[5.3895,48.5182],[5.3906,48.5149],[5.3953,48.5151],[5.3979,48.5123],[5.3991,48.5123],[5.4024,48.5103],[5.4038,48.5106],[5.4057,48.5091],[5.4067,48.5095],[5.414,48.505],[5.4173,48.5047],[5.4174,48.5033],[5.4182,48.5038],[5.4188,48.5034],[5.4185,48.5015],[5.4211,48.5003],[5.4229,48.4976],[5.4247,48.4973],[5.4216,48.495],[5.4217,48.4935],[5.4269,48.49],[5.4283,48.4883],[5.43,48.4881],[5.4229,48.4826],[5.4202,48.4801],[5.4203,48.4795],[5.4162,48.4779],[5.4148,48.4784],[5.4132,48.4777],[5.4123,48.4768],[5.4043,48.4732],[5.4045,48.4727],[5.4011,48.4703],[5.4061,48.4654],[5.4063,48.4649],[5.4043,48.4638],[5.4048,48.4632],[5.4042,48.4627],[5.4064,48.4603],[5.4048,48.4596],[5.4056,48.4584],[5.4037,48.4581],[5.4032,48.4541],[5.407,48.4499],[5.407,48.4476],[5.4091,48.4447],[5.4104,48.4444],[5.4165,48.4412],[5.4208,48.4401],[5.425,48.4363],[5.4329,48.432],[5.4349,48.4325],[5.4364,48.4339],[5.4361,48.436],[5.4387,48.4353],[5.4407,48.4334],[5.4442,48.428],[5.4452,48.4251],[5.4498,48.4236],[5.4508,48.4227],[5.4591,48.4223],[5.4618,48.4243],[5.4647,48.4254],[5.4683,48.4238],[5.4689,48.4217],[5.4701,48.4209],[5.4862,48.4146],[5.4887,48.4147],[5.4916,48.4167],[5.4956,48.4157],[5.4991,48.4136],[5.5027,48.4092],[5.5053,48.409],[5.5139,48.4108],[5.5134,48.4125],[5.51,48.4146],[5.5094,48.4159],[5.5124,48.4199],[5.5122,48.424],[5.5135,48.4259],[5.5147,48.4261],[5.514,48.4289],[5.5143,48.4295],[5.5152,48.4294],[5.5162,48.4309],[5.5203,48.4324],[5.5259,48.4329],[5.5281,48.4328],[5.5304,48.4314],[5.5361,48.4334],[5.5441,48.4343],[5.5456,48.4352],[5.5453,48.4363],[5.5471,48.4373],[5.5469,48.4377],[5.5505,48.4398],[5.561,48.44],[5.5608,48.4415],[5.5647,48.4411],[5.5639,48.4395],[5.5681,48.4396],[5.5686,48.438],[5.5666,48.4341],[5.5678,48.4329],[5.5766,48.432],[5.5803,48.4388],[5.585,48.4404],[5.5886,48.4423],[5.5911,48.442],[5.5938,48.4428],[5.6091,48.4426],[5.609,48.4421],[5.61,48.442],[5.6108,48.4409],[5.6151,48.4405],[5.616,48.4397],[5.6158,48.4323],[5.6188,48.4287],[5.6208,48.4273],[5.6217,48.4256],[5.6226,48.4289],[5.6196,48.4357],[5.6183,48.4397],[5.6183,48.4424],[5.627,48.4489],[5.6305,48.4513],[5.6342,48.4528],[5.6355,48.4525],[5.6383,48.4537],[5.645,48.454],[5.6496,48.455],[5.6489,48.4555],[5.6537,48.4584],[5.65,48.4612],[5.6487,48.4631],[5.6452,48.4645],[5.6432,48.4673],[5.6377,48.4694],[5.6422,48.4724],[5.6445,48.4719],[5.6549,48.4685],[5.6558,48.4704],[5.6557,48.4722],[5.6615,48.4712],[5.6629,48.4717],[5.6723,48.4721],[5.6806,48.4711],[5.6825,48.4703],[5.681,48.4685],[5.6837,48.4686],[5.6896,48.4674],[5.6907,48.4671],[5.6896,48.4662],[5.6948,48.4648],[5.6944,48.4637],[5.6951,48.4634],[5.7132,48.4603],[5.7137,48.4615],[5.7192,48.4601],[5.7236,48.4631],[5.7296,48.4649],[5.7348,48.4658],[5.7402,48.4659],[5.7397,48.467],[5.7398,48.4695],[5.7411,48.4718],[5.743,48.4723],[5.7418,48.4743],[5.7424,48.4745],[5.7461,48.4762],[5.7467,48.4765],[5.7472,48.4759],[5.749,48.4768],[5.7504,48.4836],[5.7553,48.4917],[5.7652,48.4965],[5.7648,48.5001],[5.766,48.5046],[5.7623,48.51],[5.7618,48.512],[5.7626,48.5144],[5.7618,48.5155],[5.7628,48.5161],[5.7613,48.519],[5.761,48.5215],[5.7614,48.5237],[5.7645,48.5293],[5.7665,48.5356],[5.7734,48.5351],[5.7762,48.5379],[5.7764,48.5406],[5.7763,48.5411],[5.7683,48.5428],[5.7676,48.5434],[5.7678,48.5441],[5.7618,48.5451],[5.7629,48.5463],[5.7559,48.5468],[5.7561,48.5474],[5.7527,48.5483],[5.748,48.5513],[5.7443,48.5526],[5.7405,48.5533],[5.7332,48.5532],[5.733,48.5528],[5.7286,48.5535],[5.7181,48.5606],[5.7161,48.5614],[5.7155,48.5623],[5.7137,48.5665],[5.7141,48.573],[5.7133,48.5767],[5.7134,48.5806],[5.7156,48.5848],[5.7152,48.5854],[5.7165,48.5859],[5.7154,48.5886],[5.7187,48.5903],[5.7175,48.5916],[5.7248,48.593],[5.7264,48.5923],[5.735,48.5945],[5.7371,48.5962],[5.7449,48.5976],[5.7477,48.5995],[5.7523,48.6066],[5.7548,48.6062],[5.7566,48.6065],[5.7618,48.608],[5.7611,48.609],[5.763,48.6096],[5.7642,48.6078],[5.7681,48.6087],[5.7772,48.6069],[5.7813,48.6069],[5.7847,48.6077],[5.7899,48.6072],[5.7947,48.6095],[5.7959,48.6119],[5.798,48.6136],[5.7973,48.6164],[5.8003,48.6212],[5.8035,48.6251],[5.7969,48.6283],[5.7928,48.6289],[5.7855,48.6265],[5.7721,48.6203],[5.7651,48.6187],[5.7605,48.621],[5.7584,48.6213],[5.7593,48.6251],[5.7609,48.6274],[5.7613,48.6303],[5.7606,48.632],[5.7563,48.6353],[5.7563,48.637],[5.7549,48.6383],[5.7533,48.6416],[5.7523,48.6415],[5.7518,48.6431],[5.75,48.6441],[5.7496,48.6449],[5.7481,48.6486],[5.7482,48.6511],[5.7477,48.6518],[5.7466,48.6528],[5.7443,48.6515],[5.7431,48.6525],[5.7455,48.6547],[5.7445,48.6569],[5.747,48.6586],[5.7489,48.6668],[5.7471,48.6682],[5.745,48.6714],[5.748,48.6757],[5.7474,48.6771],[5.749,48.6781],[5.7503,48.6806],[5.7537,48.684],[5.7545,48.689],[5.7559,48.692],[5.7577,48.6957],[5.7646,48.7011],[5.7587,48.7034],[5.7556,48.7064],[5.7528,48.7081],[5.7529,48.7096],[5.7541,48.711],[5.7553,48.7144],[5.749,48.7141],[5.7387,48.7155],[5.7462,48.7168],[5.7434,48.7191],[5.7403,48.7207],[5.7386,48.7204],[5.733,48.7238],[5.7321,48.7246],[5.719,48.7329],[5.7257,48.7374],[5.714,48.7446],[5.7191,48.7482],[5.7258,48.7527],[5.7326,48.7487],[5.7383,48.7516],[5.7389,48.7533],[5.7387,48.7546],[5.7419,48.7528],[5.7455,48.7592],[5.7413,48.7605],[5.7407,48.7597],[5.7343,48.7614],[5.7353,48.7649],[5.7374,48.7684],[5.7365,48.7703],[5.7563,48.7833],[5.7677,48.7901],[5.7686,48.7903],[5.7718,48.7893],[5.7744,48.7909],[5.7765,48.7901],[5.7785,48.7999],[5.7674,48.7963],[5.7624,48.7939],[5.7585,48.7964],[5.7572,48.7998],[5.7571,48.8005],[5.7582,48.8012],[5.7688,48.8044],[5.7757,48.8151],[5.773,48.822],[5.78,48.8243],[5.7817,48.8283],[5.7813,48.8283],[5.7815,48.8297],[5.7803,48.8311],[5.7822,48.8323],[5.7814,48.8354],[5.7777,48.8373],[5.779,48.8379],[5.7786,48.8394],[5.7791,48.8396],[5.7785,48.8417],[5.7769,48.8433],[5.7784,48.8444],[5.7754,48.8467],[5.7756,48.8472],[5.7748,48.848],[5.7758,48.8484],[5.7735,48.8514],[5.776,48.8518],[5.7761,48.8524],[5.7768,48.8526],[5.776,48.8533],[5.7774,48.8548],[5.7752,48.8571],[5.771,48.8583],[5.7694,48.8596],[5.7673,48.8638],[5.7687,48.8648],[5.7679,48.8668],[5.7687,48.8669],[5.7682,48.8694],[5.7672,48.8695],[5.7644,48.8725],[5.7652,48.873],[5.7696,48.8752],[5.7734,48.8736],[5.7738,48.8742],[5.7732,48.8745],[5.774,48.8755],[5.7758,48.8751],[5.7774,48.8761],[5.7783,48.8759],[5.7797,48.8766],[5.7823,48.8762],[5.7831,48.877],[5.784,48.8768],[5.7866,48.8782],[5.7903,48.8835],[5.7901,48.8845],[5.7911,48.8866],[5.7868,48.8884],[5.7849,48.8879],[5.7839,48.8887],[5.7862,48.89],[5.7858,48.8905],[5.7833,48.8892],[5.7813,48.891],[5.7804,48.8907],[5.7792,48.8913],[5.7751,48.8947],[5.771,48.8941],[5.7672,48.8964],[5.7654,48.899],[5.7653,48.9017],[5.7638,48.9033],[5.761,48.9035],[5.7568,48.909],[5.7572,48.91],[5.7571,48.912],[5.7577,48.913],[5.7568,48.913],[5.7532,48.9131],[5.747,48.9153],[5.7468,48.9161],[5.7476,48.9161],[5.7477,48.9175],[5.75,48.919],[5.7497,48.9201],[5.7506,48.921],[5.7549,48.9231],[5.7566,48.9232],[5.7573,48.9224],[5.7585,48.9223],[5.7637,48.9227],[5.7658,48.9224],[5.77,48.9238],[5.7722,48.9234],[5.7788,48.9251],[5.784,48.9289],[5.7829,48.9301],[5.7808,48.9299],[5.7807,48.9305],[5.7771,48.931],[5.7767,48.9316],[5.7798,48.9343],[5.7847,48.9334],[5.786,48.9321],[5.7862,48.9327],[5.7872,48.9327],[5.7887,48.9344],[5.7877,48.9352],[5.7887,48.937],[5.7882,48.9375],[5.7884,48.939],[5.7897,48.9393],[5.7925,48.9431],[5.7939,48.944],[5.7996,48.9463],[5.8002,48.9467],[5.8016,48.946],[5.804,48.9471],[5.8094,48.9441],[5.8166,48.9432],[5.8172,48.9424],[5.8245,48.9434],[5.8273,48.9446],[5.8296,48.9437],[5.8338,48.9443],[5.8342,48.9451],[5.835,48.9451],[5.8353,48.9461],[5.8345,48.9506],[5.8364,48.9519],[5.8384,48.9513],[5.8422,48.9522],[5.8473,48.9518],[5.8478,48.9533],[5.8489,48.9531],[5.8491,48.954],[5.848,48.9542],[5.8479,48.9556],[5.8484,48.9559],[5.8477,48.9562],[5.8504,48.9576],[5.8498,48.959],[5.8506,48.9594],[5.8484,48.9607],[5.8492,48.9612],[5.8423,48.9646],[5.8345,48.9699],[5.8324,48.9696],[5.8318,48.9706],[5.8321,48.9717],[5.8342,48.9728],[5.8351,48.9743],[5.8345,48.9757],[5.8315,48.976],[5.8257,48.9776],[5.82,48.9768],[5.8167,48.9784],[5.8178,48.9802],[5.8147,48.9801],[5.8088,48.9825],[5.8057,48.9826],[5.8044,48.9839],[5.801,48.9862],[5.802,48.9872],[5.8052,48.988],[5.8084,48.9901],[5.8139,48.9953],[5.817,48.9993],[5.817,49.0003],[5.8163,49.0009],[5.8167,49.0017],[5.823,49.0039],[5.8203,49.0047],[5.8205,49.0053],[5.8241,49.0048],[5.8282,49.0064],[5.8278,49.0071],[5.8248,49.0068],[5.8239,49.0082],[5.8198,49.0078],[5.816,49.0084],[5.8146,49.005],[5.8137,49.0049],[5.816,49.0105],[5.8208,49.0133],[5.8218,49.0146],[5.8219,49.0154],[5.821,49.0156],[5.8216,49.0165],[5.8211,49.0176],[5.8215,49.018],[5.8202,49.0202],[5.8212,49.0208],[5.821,49.022],[5.8223,49.0229],[5.8278,49.0245],[5.8286,49.0272],[5.8296,49.0274],[5.8289,49.0284],[5.8297,49.0285],[5.8293,49.0295],[5.8298,49.0316],[5.831,49.0317],[5.8305,49.0325],[5.8403,49.0352],[5.8445,49.0358],[5.8493,49.038],[5.8503,49.0379],[5.8535,49.0404],[5.8542,49.0424],[5.8526,49.0427],[5.8522,49.0445],[5.8478,49.0441],[5.8457,49.047],[5.8465,49.0486],[5.846,49.0491],[5.8456,49.0494],[5.8448,49.0481],[5.8411,49.0494],[5.839,49.0527],[5.8364,49.0548],[5.8371,49.0562],[5.8366,49.0563],[5.8364,49.0586],[5.8344,49.0584],[5.8336,49.0601],[5.8349,49.0609],[5.8343,49.0614],[5.8349,49.0618],[5.8338,49.0625],[5.8374,49.0651],[5.8361,49.0661],[5.8311,49.0644],[5.8296,49.0647],[5.8246,49.0624],[5.8239,49.063],[5.8247,49.064],[5.8238,49.0651],[5.8207,49.0649],[5.8163,49.064],[5.8139,49.0628],[5.8072,49.0609],[5.8065,49.0611],[5.807,49.0631],[5.8067,49.0636],[5.8059,49.0635],[5.8051,49.0645],[5.8059,49.0662],[5.8055,49.067],[5.8069,49.069],[5.8067,49.0709],[5.8073,49.0735],[5.8081,49.0735],[5.8082,49.0758]]]},"properties":{"id":"552","name":"Commercy","territoire":"Lorraine","sigle":"LOR","pays":"France","cx":5.557,"cy":48.798}},
{"type":"Feature","geometry":{"type":"Polygon","coordinates":[[[5.4709,49.4972],[5.4673,49.4984],[5.465,49.4991],[5.4642,49.5019],[5.4641,49.5023],[5.4642,49.5029],[5.4649,49.5066],[5.4654,49.5089],[5.4578,49.5118],[5.4574,49.5121],[5.4566,49.5129],[5.4556,49.5123],[5.4554,49.5122],[5.4544,49.5124],[5.4541,49.5125],[5.4534,49.5144],[5.4533,49.5146],[5.4505,49.5155],[5.4491,49.516],[5.4493,49.5162],[5.4497,49.5167],[5.4476,49.5171],[5.4473,49.5177],[5.4472,49.5179],[5.451,49.5191],[5.4514,49.5186],[5.4546,49.5201],[5.455,49.5203],[5.4553,49.5207],[5.4566,49.5224],[5.4578,49.5227],[5.4587,49.523],[5.4595,49.5245],[5.4603,49.5258],[5.4621,49.5258],[5.4668,49.5259],[5.4662,49.5283],[5.4656,49.5307],[5.465,49.533],[5.466,49.5363],[5.4657,49.5371],[5.465,49.5389],[5.462,49.5404],[5.4553,49.5438],[5.4486,49.5483],[5.4484,49.5484],[5.448,49.5485],[5.4478,49.5486],[5.4425,49.5503],[5.4413,49.5522],[5.4421,49.5523],[5.4453,49.5529],[5.4467,49.5537],[5.4473,49.554],[5.4481,49.5563],[5.4482,49.5566],[5.4492,49.5578],[5.4497,49.5584],[5.4543,49.5637],[5.4568,49.5667],[5.4502,49.567],[5.4464,49.5672],[5.4425,49.5684],[5.4379,49.5698],[5.4373,49.5712],[5.4369,49.5722],[5.4333,49.581],[5.4304,49.5856],[5.4292,49.5875],[5.4292,49.5877],[5.4288,49.5902],[5.4302,49.5916],[5.4309,49.5924],[5.4263,49.5977],[5.4188,49.5997],[5.4177,49.601],[5.4166,49.6022],[5.415,49.604],[5.4125,49.6068],[5.4116,49.6078],[5.4113,49.6081],[5.4078,49.6094],[5.4024,49.6099],[5.3982,49.6149],[5.3982,49.615],[5.398,49.6152],[5.3968,49.6157],[5.3966,49.6158],[5.3962,49.616],[5.396,49.6161],[5.395,49.6165],[5.3947,49.6166],[5.3945,49.6167],[5.394,49.6169],[5.3935,49.6171],[5.3911,49.6162],[5.3883,49.6142],[5.3888,49.6124],[5.3886,49.6105],[5.3859,49.6081],[5.3822,49.606],[5.3809,49.6043],[5.3808,49.603],[5.3809,49.6021],[5.3825,49.6015],[5.3796,49.6012],[5.3811,49.5997],[5.3795,49.5979],[5.3809,49.5974],[5.3781,49.593],[5.3746,49.5919],[5.3718,49.5923],[5.3709,49.5914],[5.3684,49.5916],[5.3667,49.5931],[5.3655,49.5922],[5.3647,49.5927],[5.3615,49.5921],[5.356,49.589],[5.3513,49.5884],[5.345,49.5905],[5.3439,49.5917],[5.3427,49.5947],[5.3402,49.5948],[5.34,49.5942],[5.3399,49.5925],[5.3391,49.5911],[5.3316,49.5839],[5.3312,49.5822],[5.329,49.5798],[5.3225,49.5765],[5.3212,49.5751],[5.3181,49.5743],[5.3176,49.569],[5.3167,49.5673],[5.3148,49.5658],[5.3082,49.5628],[5.3118,49.5593],[5.3038,49.5568],[5.2851,49.5533],[5.283,49.5519],[5.2809,49.5494],[5.2796,49.5464],[5.2751,49.5419],[5.2763,49.5443],[5.2681,49.5448],[5.268,49.5439],[5.2666,49.544],[5.2662,49.5431],[5.2654,49.5432],[5.2655,49.5436],[5.2636,49.5433],[5.2627,49.5418],[5.2603,49.5426],[5.2601,49.5434],[5.2587,49.5439],[5.2589,49.5483],[5.2552,49.5524],[5.2542,49.5555],[5.2518,49.5567],[5.248,49.5571],[5.2479,49.5576],[5.2453,49.5575],[5.2452,49.5583],[5.2407,49.5592],[5.2385,49.5609],[5.2381,49.5619],[5.2347,49.5622],[5.2345,49.5648],[5.2354,49.5672],[5.2356,49.5692],[5.2279,49.5696],[5.2278,49.5701],[5.226,49.5696],[5.2257,49.5714],[5.2178,49.572],[5.2175,49.5732],[5.217,49.5732],[5.217,49.5723],[5.2162,49.5722],[5.2141,49.5728],[5.2142,49.5732],[5.2085,49.5744],[5.2087,49.573],[5.2013,49.5681],[5.1975,49.5667],[5.1951,49.5685],[5.189,49.57],[5.1833,49.5694],[5.1777,49.5672],[5.1687,49.5632],[5.1671,49.5629],[5.1657,49.5635],[5.1628,49.5622],[5.1628,49.5647],[5.1599,49.5667],[5.1618,49.5673],[5.1595,49.5711],[5.1552,49.5734],[5.1541,49.5759],[5.1529,49.5766],[5.1525,49.5788],[5.1529,49.5807],[5.1508,49.5857],[5.1437,49.5894],[5.1443,49.5909],[5.1275,49.591],[5.1249,49.5921],[5.1236,49.5915],[5.1197,49.5927],[5.1183,49.5931],[5.1158,49.5904],[5.1131,49.5923],[5.1123,49.5896],[5.1109,49.5876],[5.1084,49.5843],[5.1076,49.5847],[5.1046,49.5763],[5.1046,49.5759],[5.1099,49.5739],[5.1103,49.5712],[5.1096,49.57],[5.1123,49.5689],[5.1101,49.5641],[5.1081,49.5619],[5.1091,49.5614],[5.1108,49.563],[5.1133,49.5621],[5.1124,49.5611],[5.1131,49.5606],[5.1084,49.5553],[5.1066,49.556],[5.1022,49.5563],[5.0996,49.5581],[5.0961,49.5578],[5.0958,49.5539],[5.0944,49.5497],[5.093,49.549],[5.0909,49.5493],[5.0905,49.5486],[5.0915,49.5471],[5.088,49.5449],[5.0897,49.5433],[5.0907,49.5404],[5.0904,49.5396],[5.0883,49.5382],[5.0881,49.5369],[5.0898,49.5349],[5.0913,49.5345],[5.094,49.5361],[5.1004,49.5372],[5.1009,49.5362],[5.0989,49.5353],[5.0992,49.5347],[5.0977,49.534],[5.0978,49.5326],[5.0992,49.5326],[5.0986,49.5321],[5.0993,49.5319],[5.0986,49.5317],[5.0993,49.5316],[5.0991,49.5309],[5.0972,49.5309],[5.0958,49.5297],[5.0955,49.5287],[5.0964,49.5284],[5.0952,49.527],[5.0931,49.5269],[5.0908,49.5256],[5.0909,49.5236],[5.0899,49.5211],[5.0884,49.5207],[5.0868,49.5213],[5.0855,49.5203],[5.0866,49.5189],[5.0845,49.5171],[5.085,49.5162],[5.084,49.5156],[5.0832,49.5141],[5.0816,49.5136],[5.0811,49.5123],[5.0803,49.5122],[5.0806,49.5109],[5.0787,49.5092],[5.0768,49.509],[5.0763,49.5082],[5.0756,49.5088],[5.0748,49.508],[5.0737,49.5088],[5.0733,49.5081],[5.069,49.5086],[5.0674,49.5077],[5.0646,49.5085],[5.0633,49.5082],[5.0618,49.5076],[5.062,49.5067],[5.0609,49.5067],[5.0609,49.5058],[5.0597,49.506],[5.0599,49.5047],[5.0604,49.504],[5.0595,49.5006],[5.0673,49.4967],[5.0711,49.4926],[5.0735,49.4866],[5.0799,49.4864],[5.0815,49.4849],[5.0835,49.4841],[5.0843,49.4827],[5.0846,49.4802],[5.0829,49.4755],[5.083,49.4704],[5.0863,49.469],[5.0868,49.4678],[5.0941,49.4607],[5.0948,49.4608],[5.095,49.4596],[5.1007,49.4613],[5.1029,49.4602],[5.1056,49.4613],[5.1112,49.4575],[5.1094,49.4554],[5.1073,49.4543],[5.1072,49.4532],[5.1081,49.4533],[5.1089,49.4525],[5.1078,49.4517],[5.1087,49.4508],[5.1081,49.4507],[5.1085,49.4501],[5.108,49.45],[5.1086,49.4496],[5.1087,49.448],[5.1069,49.4452],[5.1046,49.4442],[5.1001,49.4444],[5.1008,49.4411],[5.1004,49.4405],[5.1062,49.4316],[5.1066,49.4302],[5.1062,49.4277],[5.1049,49.4259],[5.1053,49.4252],[5.1089,49.4246],[5.1112,49.4238],[5.1128,49.4225],[5.116,49.4218],[5.1148,49.419],[5.1093,49.4155],[5.1018,49.4143],[5.0971,49.4145],[5.0955,49.4108],[5.0915,49.4072],[5.0904,49.4074],[5.0839,49.4052],[5.0824,49.4051],[5.0801,49.4037],[5.0767,49.4031],[5.0788,49.4017],[5.08,49.4023],[5.0816,49.4017],[5.0833,49.4028],[5.084,49.4022],[5.0864,49.4026],[5.0873,49.4017],[5.0881,49.4021],[5.0896,49.4007],[5.0858,49.3988],[5.0946,49.3956],[5.096,49.3937],[5.0975,49.3941],[5.0999,49.3915],[5.102,49.3919],[5.1022,49.3893],[5.1027,49.3899],[5.1042,49.3898],[5.1031,49.3879],[5.0987,49.3846],[5.0991,49.383],[5.1014,49.3805],[5.1012,49.3782],[5.0935,49.375],[5.0944,49.3737],[5.0911,49.3711],[5.0894,49.3708],[5.0899,49.3703],[5.0891,49.37],[5.0886,49.3707],[5.0877,49.3707],[5.0849,49.3698],[5.0826,49.3719],[5.0783,49.3706],[5.0767,49.3708],[5.0735,49.3693],[5.0615,49.372],[5.0602,49.3715],[5.0543,49.3675],[5.0544,49.3668],[5.0533,49.3657],[5.0538,49.3649],[5.0534,49.3645],[5.0547,49.3632],[5.0543,49.3628],[5.057,49.3607],[5.0556,49.3587],[5.0475,49.3518],[5.0432,49.3492],[5.0426,49.3495],[5.0436,49.3474],[5.0343,49.34],[5.0263,49.3362],[5.0265,49.3354],[5.0257,49.3331],[5.0285,49.3324],[5.029,49.3303],[5.0274,49.3268],[5.0294,49.326],[5.0304,49.3261],[5.0319,49.3246],[5.0331,49.3226],[5.0346,49.3213],[5.0349,49.3199],[5.0363,49.3189],[5.0381,49.3162],[5.0348,49.3149],[5.0298,49.3113],[5.0255,49.3104],[5.0279,49.3086],[5.0358,49.3074],[5.0358,49.3055],[5.0381,49.3046],[5.0385,49.303],[5.041,49.301],[5.0431,49.2983],[5.0401,49.2982],[5.0381,49.2974],[5.0398,49.2952],[5.0485,49.2947],[5.0531,49.2935],[5.0542,49.2949],[5.0565,49.2941],[5.0566,49.2934],[5.0569,49.2916],[5.0594,49.2897],[5.0548,49.2876],[5.0525,49.2875],[5.0523,49.2865],[5.0498,49.2862],[5.0491,49.2856],[5.0505,49.2814],[5.0512,49.2741],[5.0414,49.2717],[5.0336,49.2707],[5.0291,49.2722],[5.03,49.2734],[5.0272,49.2745],[5.0257,49.2742],[5.0238,49.2723],[5.0218,49.2715],[5.0179,49.271],[5.0172,49.2702],[5.0161,49.2708],[5.013,49.27],[5.0121,49.2692],[5.011,49.2693],[5.0113,49.2686],[5.0089,49.2686],[4.9966,49.2642],[4.9967,49.2633],[4.9997,49.2613],[4.9999,49.2604],[4.9991,49.2592],[4.9949,49.2581],[4.9935,49.2571],[4.9897,49.2565],[4.9813,49.2526],[4.9675,49.2493],[4.9662,49.248],[4.9644,49.2475],[4.9638,49.244],[4.9605,49.24],[4.958,49.2384],[4.951,49.2369],[4.9562,49.2363],[4.9682,49.2367],[4.9708,49.2361],[4.9727,49.2268],[4.9741,49.2255],[4.9745,49.2241],[4.9776,49.2198],[4.978,49.2189],[4.9827,49.2176],[4.9843,49.2159],[4.9898,49.2129],[4.9919,49.2108],[4.9934,49.2096],[4.9907,49.2069],[4.982,49.2039],[4.9785,49.1999],[4.9748,49.1985],[4.9677,49.1991],[4.9618,49.1978],[4.9548,49.1941],[4.9512,49.1933],[4.9471,49.1895],[4.9434,49.1881],[4.9424,49.1868],[4.9398,49.1851],[4.9434,49.1833],[4.9474,49.1786],[4.9503,49.1764],[4.9537,49.1712],[4.9541,49.1693],[4.9553,49.1676],[4.956,49.1674],[4.9557,49.1668],[4.9569,49.1656],[4.9569,49.1643],[4.9584,49.1622],[4.9616,49.1596],[4.9646,49.1544],[4.9654,49.153],[4.9659,49.1484],[4.9668,49.1476],[4.9674,49.1455],[4.9694,49.1438],[4.9703,49.1417],[4.9716,49.1406],[4.9711,49.139],[4.9714,49.1368],[4.9749,49.1328],[4.9785,49.1284],[4.9847,49.1225],[4.9916,49.1156],[4.9966,49.1066],[4.9982,49.0947],[4.9978,49.0923],[4.9964,49.0882],[4.9988,49.083],[4.9983,49.0789],[4.9987,49.0768],[4.9996,49.0742],[5.003,49.0706],[5.0039,49.0657],[5.0042,49.0623],[5.0057,49.0599],[5.006,49.0611],[5.0078,49.0619],[5.0079,49.0641],[5.0052,49.0658],[5.007,49.069],[5.0093,49.0702],[5.0093,49.0715],[5.015,49.0729],[5.0155,49.0738],[5.0175,49.0729],[5.0192,49.0732],[5.0212,49.0722],[5.0228,49.0721],[5.031,49.0675],[5.0305,49.066],[5.0318,49.0656],[5.0323,49.0651],[5.0379,49.0646],[5.0418,49.0614],[5.0482,49.0591],[5.0498,49.0574],[5.053,49.0578],[5.0637,49.0626],[5.0844,49.0643],[5.0812,49.0618],[5.0805,49.0597],[5.082,49.0576],[5.0824,49.055],[5.0848,49.0535],[5.0856,49.0509],[5.0883,49.0492],[5.0924,49.0486],[5.1025,49.0491],[5.1099,49.0511],[5.1117,49.0505],[5.1183,49.0513],[5.1225,49.0508],[5.1289,49.0529],[5.129,49.054],[5.1317,49.054],[5.1324,49.0569],[5.1297,49.0581],[5.1305,49.0586],[5.1332,49.058],[5.1348,49.0568],[5.1406,49.0584],[5.1438,49.0584],[5.1506,49.0598],[5.153,49.0612],[5.1604,49.063],[5.1607,49.0625],[5.1601,49.0623],[5.1605,49.0617],[5.1599,49.0601],[5.1578,49.0596],[5.1586,49.0586],[5.1613,49.0595],[5.1642,49.0595],[5.1644,49.0585],[5.1696,49.0588],[5.1695,49.0573],[5.1681,49.0572],[5.1694,49.0548],[5.1687,49.0545],[5.1692,49.0536],[5.1718,49.0543],[5.1725,49.053],[5.1746,49.0535],[5.1747,49.0523],[5.1753,49.0522],[5.1749,49.0518],[5.1758,49.0481],[5.1765,49.0483],[5.1769,49.0471],[5.1823,49.0474],[5.184,49.0445],[5.1863,49.0449],[5.1861,49.0453],[5.1874,49.0456],[5.191,49.0459],[5.191,49.0465],[5.193,49.047],[5.1927,49.0482],[5.1979,49.0484],[5.1987,49.0491],[5.2059,49.0491],[5.2134,49.052],[5.2173,49.0524],[5.2175,49.053],[5.2169,49.0537],[5.2171,49.0571],[5.2164,49.0576],[5.2167,49.0582],[5.2183,49.0588],[5.2247,49.0606],[5.2271,49.0597],[5.2312,49.0595],[5.2322,49.0577],[5.2293,49.0558],[5.2253,49.0505],[5.2273,49.0498],[5.2263,49.0467],[5.2266,49.0459],[5.2278,49.0455],[5.227,49.0444],[5.2272,49.0431],[5.2362,49.0356],[5.239,49.0325],[5.2378,49.0309],[5.2344,49.0298],[5.2328,49.0283],[5.2319,49.0278],[5.2303,49.0285],[5.2287,49.027],[5.229,49.0251],[5.2278,49.0246],[5.2251,49.0249],[5.2243,49.0234],[5.2204,49.0243],[5.2169,49.0231],[5.2132,49.0207],[5.212,49.0182],[5.2098,49.0171],[5.2086,49.0167],[5.2093,49.0158],[5.2088,49.0155],[5.2092,49.0137],[5.2073,49.0133],[5.2074,49.0128],[5.2088,49.0129],[5.2091,49.0119],[5.2087,49.0118],[5.2095,49.0101],[5.2135,49.0096],[5.2163,49.0084],[5.2161,49.0056],[5.2177,49.0031],[5.2177,49.0023],[5.217,49.0016],[5.2202,49.0011],[5.2208,48.9955],[5.2224,48.993],[5.2221,48.9921],[5.223,48.9921],[5.2259,48.9921],[5.2259,48.993],[5.2288,48.9938],[5.2313,48.9955],[5.2334,48.9934],[5.2358,48.9938],[5.2417,48.9922],[5.2449,48.9902],[5.2506,48.9911],[5.251,48.9861],[5.2495,48.9849],[5.2505,48.9829],[5.2529,48.984],[5.2529,48.9848],[5.2544,48.9861],[5.2552,48.9857],[5.2566,48.9862],[5.2572,48.9872],[5.2581,48.9871],[5.2588,48.9877],[5.2601,48.9867],[5.2623,48.9876],[5.2631,48.9889],[5.2627,48.9894],[5.2634,48.9899],[5.2645,48.9898],[5.2651,48.991],[5.2659,48.9915],[5.2645,48.9927],[5.2664,48.9934],[5.2685,48.9914],[5.2721,48.9893],[5.274,48.99],[5.2764,48.9891],[5.2773,48.9898],[5.283,48.9872],[5.2852,48.9882],[5.2865,48.987],[5.2856,48.9864],[5.2874,48.9847],[5.2936,48.9873],[5.2931,48.9853],[5.3012,48.986],[5.305,48.987],[5.3082,48.9824],[5.3086,48.9806],[5.3082,48.9785],[5.3109,48.9789],[5.3101,48.978],[5.3172,48.9733],[5.3214,48.9696],[5.3269,48.9719],[5.3315,48.9725],[5.3351,48.9695],[5.3411,48.9644],[5.3419,48.9627],[5.3411,48.9608],[5.3414,48.9603],[5.3454,48.9613],[5.3529,48.9661],[5.3586,48.9672],[5.3656,48.9697],[5.3718,48.9699],[5.3793,48.9716],[5.3841,48.9714],[5.3884,48.9724],[5.3897,48.9719],[5.4068,48.9747],[5.4128,48.978],[5.413,48.979],[5.4147,48.9801],[5.4216,48.9828],[5.4229,48.9844],[5.4294,48.989],[5.4347,48.9914],[5.4344,48.9931],[5.4401,48.9947],[5.4411,48.9943],[5.4477,48.997],[5.4523,48.9977],[5.4553,48.9997],[5.4548,49],[5.455,49.0005],[5.457,49.0027],[5.4544,49.0034],[5.4534,49.0028],[5.4533,49.002],[5.4523,49.002],[5.4522,49.0028],[5.4504,49.0041],[5.4475,49.0047],[5.4488,49.0055],[5.4476,49.0071],[5.448,49.0084],[5.4467,49.009],[5.4464,49.0098],[5.4471,49.0104],[5.4457,49.0106],[5.4449,49.0122],[5.446,49.0133],[5.4439,49.0154],[5.4439,49.0162],[5.445,49.0154],[5.4472,49.0156],[5.4504,49.0142],[5.453,49.0139],[5.455,49.0128],[5.4556,49.0113],[5.464,49.0149],[5.4689,49.0162],[5.4718,49.0159],[5.4735,49.0167],[5.4732,49.0174],[5.4737,49.0186],[5.477,49.0202],[5.477,49.0213],[5.4797,49.0236],[5.4803,49.026],[5.4791,49.028],[5.4697,49.0317],[5.4689,49.0325],[5.4709,49.034],[5.4729,49.0373],[5.475,49.0371],[5.4767,49.0379],[5.4771,49.0371],[5.4772,49.0379],[5.4789,49.0393],[5.483,49.0415],[5.4865,49.0417],[5.4986,49.0398],[5.5029,49.0413],[5.5082,49.0415],[5.5136,49.0413],[5.5217,49.0437],[5.5276,49.0439],[5.5337,49.043],[5.5361,49.042],[5.5361,49.041],[5.5441,49.0417],[5.5559,49.0407],[5.5592,49.0378],[5.5629,49.036],[5.5731,49.0266],[5.5817,49.0232],[5.5765,49.0199],[5.5754,49.0179],[5.5714,49.014],[5.5769,49.0125],[5.5838,49.0138],[5.5855,49.0115],[5.5872,49.011],[5.5913,49.0123],[5.5954,49.0147],[5.6011,49.0163],[5.6013,49.0127],[5.6023,49.0124],[5.6091,49.0087],[5.6103,49.0062],[5.6129,49.0045],[5.6138,49.0027],[5.6193,49.0037],[5.6282,49.0051],[5.6344,49.0055],[5.6464,49.0121],[5.6485,49.0126],[5.6527,49.0126],[5.6577,49.0145],[5.6635,49.0155],[5.6662,49.0175],[5.6667,49.0191],[5.6689,49.0199],[5.6727,49.0223],[5.6784,49.0226],[5.682,49.0247],[5.684,49.0239],[5.6847,49.0257],[5.6815,49.0269],[5.6822,49.0283],[5.6834,49.0279],[5.6839,49.0285],[5.6828,49.0297],[5.6843,49.0306],[5.6839,49.0309],[5.6847,49.0316],[5.6836,49.0323],[5.6839,49.0329],[5.6854,49.0336],[5.6896,49.0303],[5.6894,49.0298],[5.6908,49.0285],[5.6932,49.027],[5.6957,49.0297],[5.6982,49.0289],[5.6973,49.0279],[5.6995,49.0267],[5.6988,49.0257],[5.7051,49.0209],[5.7087,49.0229],[5.7108,49.0199],[5.7078,49.0181],[5.7092,49.0165],[5.7122,49.0182],[5.7138,49.0178],[5.7152,49.0156],[5.7188,49.0167],[5.7204,49.0179],[5.7209,49.0192],[5.7231,49.0208],[5.7259,49.0183],[5.7284,49.0189],[5.7297,49.0178],[5.7315,49.0183],[5.7326,49.0179],[5.7353,49.0187],[5.7371,49.0182],[5.7418,49.0214],[5.7432,49.0212],[5.7461,49.0218],[5.748,49.0235],[5.76,49.0265],[5.7591,49.0297],[5.7603,49.0299],[5.7606,49.0311],[5.7593,49.033],[5.7675,49.034],[5.7702,49.0349],[5.7712,49.0368],[5.769,49.0377],[5.7662,49.0377],[5.7639,49.0396],[5.7723,49.0443],[5.7743,49.046],[5.7798,49.0513],[5.7778,49.0522],[5.7751,49.0507],[5.77,49.0465],[5.7665,49.0456],[5.7583,49.0545],[5.7553,49.0538],[5.7479,49.0598],[5.745,49.0598],[5.7457,49.0606],[5.7451,49.0633],[5.7487,49.0653],[5.7529,49.0706],[5.7576,49.0753],[5.7709,49.0806],[5.7734,49.0825],[5.7768,49.0838],[5.7791,49.0806],[5.7822,49.0811],[5.7829,49.0803],[5.7838,49.0804],[5.7842,49.0794],[5.786,49.0797],[5.7876,49.0778],[5.7875,49.0767],[5.7925,49.0773],[5.7956,49.0749],[5.7965,49.0756],[5.7968,49.0735],[5.7976,49.074],[5.8022,49.0724],[5.803,49.0733],[5.8041,49.0731],[5.8038,49.075],[5.8051,49.0763],[5.8065,49.0765],[5.8082,49.0758],[5.811,49.0772],[5.8088,49.0782],[5.809,49.0787],[5.8118,49.0809],[5.8128,49.0831],[5.8159,49.0855],[5.8156,49.086],[5.8165,49.0865],[5.8193,49.0864],[5.827,49.0899],[5.8246,49.0917],[5.823,49.0909],[5.8211,49.0933],[5.8196,49.093],[5.8181,49.0946],[5.8208,49.0957],[5.8183,49.0982],[5.8193,49.0999],[5.8179,49.0998],[5.8162,49.1027],[5.822,49.1084],[5.8179,49.111],[5.8078,49.1113],[5.8033,49.1124],[5.7995,49.1114],[5.7924,49.111],[5.79,49.1112],[5.7893,49.112],[5.7846,49.1116],[5.7838,49.1126],[5.7774,49.1116],[5.7785,49.109],[5.7726,49.1053],[5.7677,49.1071],[5.7658,49.1064],[5.7641,49.1085],[5.762,49.1081],[5.7608,49.1085],[5.7608,49.1092],[5.7566,49.1122],[5.7551,49.1142],[5.7557,49.1149],[5.7543,49.1164],[5.7545,49.1184],[5.7515,49.118],[5.7506,49.1185],[5.7485,49.121],[5.7469,49.1246],[5.7519,49.1262],[5.7536,49.1278],[5.755,49.1279],[5.755,49.1304],[5.7534,49.1338],[5.7601,49.134],[5.7665,49.1372],[5.7718,49.139],[5.7718,49.1398],[5.7669,49.1401],[5.7637,49.142],[5.756,49.1424],[5.7566,49.1458],[5.7594,49.1468],[5.7596,49.1487],[5.7601,49.1528],[5.7576,49.1533],[5.7571,49.1526],[5.7556,49.1523],[5.7519,49.1533],[5.7504,49.1533],[5.7497,49.1536],[5.7499,49.1544],[5.7482,49.1546],[5.7478,49.1555],[5.7468,49.156],[5.7469,49.1568],[5.7445,49.1566],[5.7445,49.1573],[5.7465,49.1607],[5.7473,49.1647],[5.7488,49.1672],[5.7535,49.1702],[5.756,49.1711],[5.7553,49.1717],[5.7554,49.1776],[5.7562,49.1779],[5.7554,49.1792],[5.757,49.1795],[5.7581,49.1804],[5.758,49.1821],[5.7595,49.1849],[5.7596,49.1873],[5.7611,49.1895],[5.7641,49.1918],[5.7658,49.1975],[5.7613,49.2014],[5.7596,49.2016],[5.7574,49.201],[5.7536,49.1987],[5.7519,49.199],[5.7504,49.1985],[5.7491,49.1984],[5.7474,49.1994],[5.7416,49.1965],[5.74,49.1979],[5.7349,49.1963],[5.7314,49.1945],[5.7251,49.1956],[5.725,49.1969],[5.7232,49.1993],[5.7269,49.2023],[5.7247,49.2039],[5.7256,49.2044],[5.725,49.2052],[5.7237,49.2051],[5.7209,49.209],[5.7232,49.21],[5.7206,49.2117],[5.7213,49.2124],[5.7206,49.2127],[5.7205,49.2136],[5.7216,49.2144],[5.719,49.216],[5.7217,49.2194],[5.7255,49.2215],[5.7269,49.2238],[5.7287,49.225],[5.7388,49.2273],[5.7406,49.2301],[5.737,49.2327],[5.7368,49.235],[5.7361,49.2362],[5.7326,49.2367],[5.7289,49.2393],[5.728,49.243],[5.7268,49.2446],[5.7253,49.2448],[5.723,49.2452],[5.7209,49.2477],[5.724,49.2527],[5.7269,49.254],[5.7304,49.2569],[5.7271,49.2599],[5.7283,49.2609],[5.723,49.2643],[5.7266,49.2677],[5.7247,49.2687],[5.7247,49.2698],[5.7264,49.2694],[5.7271,49.27],[5.7291,49.2691],[5.7398,49.2735],[5.7407,49.2724],[5.7428,49.2733],[5.7432,49.2749],[5.7465,49.2746],[5.7468,49.2756],[5.7477,49.2746],[5.7493,49.2753],[5.7477,49.2775],[5.7522,49.2799],[5.7541,49.2803],[5.7556,49.2785],[5.7575,49.278],[5.7614,49.279],[5.7609,49.2796],[5.7605,49.2801],[5.7618,49.2816],[5.7613,49.2822],[5.7635,49.2849],[5.7645,49.2849],[5.765,49.2858],[5.7631,49.287],[5.7635,49.2879],[5.7655,49.2898],[5.7679,49.2907],[5.7653,49.295],[5.763,49.2947],[5.7628,49.2952],[5.7682,49.2961],[5.7679,49.2971],[5.7665,49.2981],[5.7683,49.2998],[5.7663,49.3013],[5.7693,49.3033],[5.7676,49.3044],[5.7683,49.305],[5.7658,49.3074],[5.7637,49.3115],[5.7629,49.3143],[5.7628,49.3165],[5.757,49.3144],[5.7572,49.3137],[5.7492,49.3099],[5.7452,49.3092],[5.7437,49.3107],[5.7402,49.3094],[5.7373,49.3118],[5.7336,49.31],[5.7327,49.311],[5.732,49.3109],[5.731,49.3123],[5.73,49.3128],[5.7282,49.3164],[5.7278,49.318],[5.729,49.3183],[5.7291,49.3216],[5.7233,49.3217],[5.723,49.323],[5.7214,49.3246],[5.7212,49.3256],[5.7224,49.3259],[5.7223,49.3267],[5.7212,49.3271],[5.7197,49.3306],[5.7311,49.3371],[5.7372,49.3389],[5.7376,49.3397],[5.736,49.3422],[5.7366,49.344],[5.7393,49.3459],[5.7378,49.3487],[5.7385,49.3519],[5.7375,49.3526],[5.7388,49.3534],[5.7392,49.3543],[5.7375,49.3555],[5.737,49.3566],[5.735,49.3574],[5.7316,49.3611],[5.7284,49.3615],[5.7287,49.362],[5.7281,49.3621],[5.7238,49.3618],[5.7213,49.3654],[5.7122,49.3635],[5.7107,49.3662],[5.7143,49.3686],[5.716,49.3706],[5.7159,49.3713],[5.714,49.3734],[5.7138,49.3746],[5.712,49.3755],[5.7094,49.3748],[5.7084,49.3763],[5.7099,49.3774],[5.7083,49.3792],[5.7087,49.3819],[5.7078,49.3841],[5.7062,49.3848],[5.7038,49.3882],[5.6994,49.3895],[5.6959,49.3897],[5.6926,49.3907],[5.6907,49.392],[5.6889,49.3916],[5.6873,49.3937],[5.6926,49.3961],[5.6951,49.3989],[5.6921,49.4022],[5.6921,49.4161],[5.6913,49.4163],[5.6891,49.4152],[5.6875,49.4154],[5.6839,49.4144],[5.6803,49.4144],[5.6775,49.4157],[5.6765,49.4174],[5.6769,49.419],[5.6767,49.4199],[5.6751,49.4215],[5.67,49.4221],[5.6663,49.4246],[5.6627,49.4252],[5.6601,49.4265],[5.6556,49.4265],[5.6532,49.4271],[5.6524,49.4279],[5.6496,49.4282],[5.6494,49.429],[5.646,49.4303],[5.647,49.4326],[5.6466,49.4334],[5.6445,49.4338],[5.6439,49.4333],[5.6373,49.4333],[5.6354,49.4353],[5.6346,49.4374],[5.6336,49.4379],[5.6312,49.4368],[5.6306,49.4356],[5.631,49.4351],[5.6295,49.4342],[5.6229,49.4335],[5.6225,49.4314],[5.6159,49.4315],[5.616,49.4298],[5.6176,49.4265],[5.6165,49.4235],[5.6172,49.4208],[5.6144,49.4221],[5.6158,49.4246],[5.6148,49.4257],[5.6137,49.4256],[5.6111,49.4246],[5.6097,49.423],[5.6066,49.4223],[5.6059,49.421],[5.6083,49.4179],[5.6066,49.419],[5.6031,49.4222],[5.6002,49.4237],[5.5941,49.4222],[5.594,49.4214],[5.5908,49.4192],[5.5888,49.4198],[5.5837,49.4179],[5.5831,49.4186],[5.5792,49.4195],[5.5786,49.4203],[5.5795,49.4213],[5.5793,49.4219],[5.5706,49.4234],[5.57,49.4225],[5.5683,49.42],[5.5673,49.4204],[5.5633,49.4191],[5.562,49.4196],[5.5556,49.4187],[5.5541,49.4191],[5.5497,49.417],[5.5457,49.4136],[5.5423,49.4117],[5.5347,49.4112],[5.5338,49.4095],[5.5327,49.4097],[5.5317,49.4091],[5.533,49.4087],[5.5331,49.4078],[5.5311,49.4077],[5.5299,49.4062],[5.5283,49.4066],[5.5291,49.4074],[5.5274,49.4084],[5.5254,49.4072],[5.5145,49.4072],[5.5082,49.4066],[5.5055,49.4058],[5.5036,49.4083],[5.5,49.4088],[5.4939,49.4047],[5.494,49.404],[5.498,49.402],[5.4987,49.4007],[5.4986,49.3997],[5.4973,49.3985],[5.4971,49.3954],[5.496,49.3926],[5.4925,49.3893],[5.4868,49.3872],[5.4851,49.3851],[5.485,49.3833],[5.4803,49.3823],[5.4781,49.3844],[5.4778,49.3855],[5.476,49.3875],[5.4739,49.3892],[5.4758,49.3918],[5.4765,49.394],[5.4784,49.3937],[5.4784,49.3947],[5.4763,49.3956],[5.4759,49.3969],[5.4746,49.3969],[5.4743,49.3977],[5.4712,49.3965],[5.4655,49.3954],[5.4609,49.3984],[5.4574,49.3991],[5.4581,49.3997],[5.4577,49.4],[5.4554,49.3992],[5.4516,49.4016],[5.448,49.4019],[5.4468,49.404],[5.4472,49.4041],[5.4552,49.4058],[5.4576,49.4042],[5.4732,49.4107],[5.4755,49.4084],[5.4753,49.4043],[5.4764,49.4035],[5.4865,49.4046],[5.4917,49.4066],[5.4973,49.4078],[5.4992,49.4094],[5.4979,49.4107],[5.5009,49.4125],[5.4994,49.4136],[5.502,49.4164],[5.5023,49.4182],[5.5017,49.4184],[5.5066,49.4196],[5.5082,49.4215],[5.5052,49.4238],[5.5026,49.4246],[5.4982,49.4244],[5.4961,49.4233],[5.4947,49.4219],[5.4918,49.4214],[5.4902,49.4221],[5.4893,49.4271],[5.4881,49.4269],[5.4876,49.4274],[5.4799,49.4251],[5.4776,49.4275],[5.4747,49.4278],[5.4717,49.4271],[5.4712,49.428],[5.4711,49.4285],[5.4769,49.4304],[5.4801,49.4324],[5.481,49.434],[5.4784,49.4346],[5.4776,49.4356],[5.4777,49.4367],[5.4798,49.4377],[5.4813,49.4442],[5.4852,49.4454],[5.4873,49.4474],[5.4874,49.4481],[5.4862,49.4488],[5.4769,49.4476],[5.4663,49.4495],[5.4631,49.4525],[5.4614,49.4529],[5.4612,49.4539],[5.4664,49.4553],[5.4688,49.4597],[5.4712,49.4609],[5.4712,49.4616],[5.47,49.4626],[5.4649,49.4633],[5.4684,49.4642],[5.4692,49.4654],[5.4687,49.4679],[5.4659,49.4682],[5.4645,49.4699],[5.4643,49.4712],[5.4672,49.4769],[5.4699,49.4801],[5.4688,49.481],[5.4631,49.4819],[5.4704,49.4835],[5.473,49.4835],[5.4738,49.4826],[5.4785,49.4869],[5.4825,49.4938],[5.483,49.4945],[5.4782,49.4962],[5.471,49.496],[5.4709,49.4972]],[[5.4588,49.4086],[5.4515,49.4068],[5.4519,49.4088],[5.4516,49.4117],[5.4524,49.4123],[5.4629,49.4143],[5.4675,49.4179],[5.4695,49.4208],[5.4715,49.4199],[5.4706,49.4154],[5.4691,49.415],[5.4709,49.4128],[5.4588,49.4086]],[[5.4645,49.4903],[5.4725,49.4857],[5.4714,49.4851],[5.4688,49.4871],[5.4654,49.4859],[5.4641,49.4869],[5.4602,49.488],[5.4575,49.4866],[5.4557,49.4844],[5.4556,49.4809],[5.4539,49.4815],[5.4501,49.4847],[5.4443,49.4846],[5.4408,49.487],[5.4388,49.4871],[5.4383,49.4859],[5.4371,49.487],[5.4359,49.4863],[5.434,49.4872],[5.4309,49.4863],[5.4296,49.4869],[5.426,49.4861],[5.4353,49.4908],[5.4343,49.4971],[5.438,49.4984],[5.442,49.5036],[5.4445,49.5022],[5.4451,49.501],[5.4507,49.4975],[5.4537,49.4949],[5.4645,49.4903]]]},"properties":{"id":"553","name":"Verdun","territoire":"Lorraine","sigle":"LOR","pays":"France","cx":5.355,"cy":49.235}},
{"type":"Feature","geometry":{"type":"Polygon","coordinates":[[[7.0156,49.1913],[7.0147,49.1902],[7.0146,49.19],[7.0135,49.1888],[7.0134,49.1886],[7.0114,49.1881],[7.0108,49.188],[7.0104,49.1891],[7.0103,49.1895],[7.0089,49.194],[6.9995,49.1945],[6.9971,49.1977],[6.9926,49.2008],[6.9752,49.2095],[6.9726,49.2095],[6.9709,49.2087],[6.9702,49.2083],[6.9596,49.2031],[6.9571,49.2042],[6.9557,49.2048],[6.9542,49.2057],[6.9536,49.2061],[6.9534,49.2062],[6.9511,49.2077],[6.9491,49.2095],[6.9467,49.2118],[6.9449,49.2134],[6.9444,49.2138],[6.944,49.2141],[6.9399,49.2167],[6.9394,49.2183],[6.9381,49.2224],[6.9286,49.2221],[6.9278,49.2224],[6.9268,49.2227],[6.9251,49.2233],[6.9245,49.2232],[6.9227,49.2227],[6.9208,49.2227],[6.9205,49.2227],[6.9192,49.2227],[6.9187,49.2227],[6.9185,49.2226],[6.9186,49.2224],[6.9187,49.222],[6.9184,49.2217],[6.9188,49.2199],[6.918,49.2194],[6.9163,49.218],[6.9115,49.2151],[6.9112,49.215],[6.9093,49.2145],[6.9069,49.2145],[6.9059,49.2145],[6.9055,49.2145],[6.9005,49.2137],[6.8961,49.2113],[6.8946,49.2101],[6.8944,49.2099],[6.8933,49.2091],[6.8886,49.2105],[6.8851,49.2115],[6.8749,49.2143],[6.8732,49.2148],[6.8728,49.215],[6.8717,49.2156],[6.8707,49.2176],[6.8704,49.2188],[6.8679,49.2193],[6.8664,49.2199],[6.8646,49.2209],[6.8629,49.2222],[6.8589,49.2228],[6.8588,49.2227],[6.8573,49.2223],[6.8526,49.2197],[6.8514,49.2194],[6.8512,49.2193],[6.851,49.219],[6.8509,49.2189],[6.8504,49.2186],[6.8482,49.2174],[6.8456,49.2162],[6.8442,49.2158],[6.844,49.2157],[6.8435,49.2156],[6.8382,49.2136],[6.838,49.2135],[6.8376,49.2129],[6.8369,49.2122],[6.8363,49.2113],[6.8376,49.2106],[6.8378,49.2105],[6.838,49.2104],[6.8391,49.2102],[6.84,49.2099],[6.8407,49.2094],[6.8408,49.2094],[6.8411,49.2092],[6.8412,49.2092],[6.8417,49.209],[6.8423,49.2089],[6.8425,49.2086],[6.8426,49.2083],[6.8428,49.208],[6.8428,49.2078],[6.8429,49.2077],[6.843,49.2076],[6.8446,49.2063],[6.8446,49.2062],[6.8457,49.2054],[6.8458,49.2053],[6.8462,49.2051],[6.8473,49.2048],[6.8475,49.2047],[6.8484,49.2033],[6.8485,49.2033],[6.8488,49.2029],[6.8495,49.2026],[6.8503,49.2023],[6.8505,49.2021],[6.8506,49.2017],[6.8507,49.2015],[6.8509,49.2013],[6.8518,49.2005],[6.8522,49.2],[6.8524,49.1995],[6.8525,49.199],[6.8525,49.1989],[6.8522,49.1981],[6.8518,49.1977],[6.8516,49.1975],[6.8513,49.1975],[6.851,49.1974],[6.8508,49.1973],[6.8507,49.1969],[6.8506,49.196],[6.8507,49.1942],[6.8507,49.194],[6.8505,49.1936],[6.8505,49.1935],[6.8506,49.1934],[6.8507,49.1932],[6.8511,49.1932],[6.8515,49.1928],[6.8529,49.1916],[6.854,49.1906],[6.8542,49.1905],[6.8548,49.1898],[6.855,49.1895],[6.855,49.1892],[6.8551,49.189],[6.8552,49.1889],[6.8553,49.1889],[6.8564,49.1886],[6.8565,49.1884],[6.8565,49.1882],[6.8565,49.188],[6.8565,49.1878],[6.8566,49.1876],[6.8567,49.1875],[6.8572,49.1872],[6.8573,49.1871],[6.8575,49.1871],[6.8579,49.1871],[6.8581,49.187],[6.8584,49.1869],[6.8585,49.1863],[6.8589,49.1854],[6.859,49.185],[6.8593,49.1847],[6.8594,49.1845],[6.8595,49.1842],[6.8595,49.1837],[6.8596,49.1835],[6.8597,49.1834],[6.8599,49.1833],[6.8603,49.1831],[6.8607,49.1829],[6.8611,49.1825],[6.8614,49.1821],[6.8616,49.1818],[6.8615,49.1815],[6.8611,49.1807],[6.8611,49.1803],[6.8612,49.1799],[6.8614,49.1794],[6.8616,49.1792],[6.8618,49.1788],[6.8613,49.1788],[6.8612,49.1788],[6.8611,49.1786],[6.8611,49.1785],[6.8608,49.1778],[6.8605,49.1774],[6.8603,49.1774],[6.8596,49.1775],[6.8593,49.1775],[6.8592,49.1773],[6.8595,49.1766],[6.8596,49.1764],[6.8594,49.176],[6.8592,49.1757],[6.8591,49.1753],[6.859,49.1746],[6.8582,49.1747],[6.8574,49.1748],[6.8556,49.175],[6.8546,49.1747],[6.8538,49.1745],[6.8465,49.1734],[6.8443,49.173],[6.8448,49.1709],[6.8454,49.1684],[6.8451,49.168],[6.8448,49.1674],[6.8445,49.164],[6.8458,49.1603],[6.846,49.1598],[6.846,49.1597],[6.8475,49.1572],[6.8447,49.1559],[6.8442,49.1557],[6.8439,49.1555],[6.8366,49.1522],[6.8346,49.1513],[6.8341,49.1511],[6.8275,49.1531],[6.8245,49.1542],[6.821,49.1562],[6.8176,49.1574],[6.8174,49.1575],[6.8169,49.1577],[6.8101,49.1582],[6.8095,49.1582],[6.8081,49.1586],[6.808,49.1586],[6.8057,49.1603],[6.8043,49.1608],[6.8036,49.1611],[6.8034,49.1612],[6.8029,49.162],[6.7974,49.163],[6.7972,49.163],[6.7962,49.163],[6.7951,49.163],[6.7947,49.163],[6.7941,49.1632],[6.7919,49.1643],[6.79,49.1663],[6.7898,49.1664],[6.7879,49.1669],[6.7877,49.1667],[6.7873,49.1668],[6.7853,49.1676],[6.7844,49.1679],[6.7843,49.168],[6.7829,49.1681],[6.7827,49.1682],[6.7816,49.1683],[6.7801,49.1684],[6.78,49.1684],[6.7793,49.1683],[6.7785,49.1681],[6.7768,49.1676],[6.7747,49.1675],[6.7739,49.1675],[6.7737,49.1675],[6.7727,49.1671],[6.7722,49.1669],[6.7684,49.1661],[6.7639,49.1651],[6.7637,49.1651],[6.7629,49.165],[6.7619,49.1649],[6.7611,49.1647],[6.7533,49.1665],[6.7498,49.1667],[6.7478,49.166],[6.7457,49.1653],[6.7423,49.1645],[6.7384,49.1636],[6.7358,49.1651],[6.736,49.1655],[6.7298,49.1692],[6.7295,49.1697],[6.7268,49.1726],[6.7258,49.173],[6.7257,49.173],[6.7256,49.1731],[6.7203,49.1753],[6.7193,49.1768],[6.7112,49.1883],[6.7232,49.1988],[6.7287,49.2031],[6.7313,49.2058],[6.7314,49.206],[6.7257,49.2144],[6.7253,49.2152],[6.7235,49.2188],[6.7198,49.2211],[6.7197,49.2211],[6.7196,49.2211],[6.7149,49.2196],[6.7147,49.2194],[6.7134,49.2186],[6.7079,49.2169],[6.7078,49.2169],[6.7063,49.2164],[6.7056,49.2162],[6.7052,49.2162],[6.7046,49.2165],[6.702,49.2169],[6.699,49.2161],[6.6984,49.2159],[6.6975,49.2154],[6.6958,49.2153],[6.6898,49.2203],[6.6886,49.2221],[6.6885,49.2228],[6.6882,49.2244],[6.6883,49.2246],[6.6897,49.2285],[6.6908,49.2301],[6.6904,49.2311],[6.6902,49.2315],[6.69,49.2317],[6.6895,49.2322],[6.6894,49.2323],[6.6893,49.234],[6.6896,49.2345],[6.6896,49.2354],[6.6895,49.2358],[6.6891,49.2363],[6.689,49.2365],[6.6886,49.2381],[6.6877,49.2388],[6.6872,49.2391],[6.686,49.2395],[6.6857,49.2397],[6.6856,49.2398],[6.6855,49.2401],[6.6855,49.2402],[6.6853,49.2406],[6.6852,49.2407],[6.6849,49.2419],[6.685,49.2425],[6.6852,49.2431],[6.6855,49.2436],[6.6857,49.2437],[6.6875,49.2447],[6.6877,49.2452],[6.6886,49.246],[6.6888,49.2462],[6.6888,49.2467],[6.689,49.2469],[6.6898,49.2476],[6.6907,49.2478],[6.69,49.2496],[6.6896,49.2495],[6.688,49.2491],[6.6861,49.2505],[6.6859,49.2508],[6.6853,49.2519],[6.6852,49.252],[6.6836,49.253],[6.6838,49.2534],[6.6804,49.254],[6.6788,49.2549],[6.6773,49.2554],[6.6766,49.2559],[6.6762,49.2563],[6.6761,49.2564],[6.6758,49.2571],[6.6756,49.2576],[6.6739,49.2566],[6.6704,49.2558],[6.67,49.2551],[6.6673,49.2546],[6.6643,49.2545],[6.6621,49.2575],[6.6614,49.2581],[6.6612,49.2596],[6.661,49.2603],[6.6604,49.2612],[6.6625,49.2637],[6.6634,49.2648],[6.6663,49.2678],[6.6671,49.2704],[6.6675,49.2704],[6.6678,49.271],[6.6676,49.2715],[6.6673,49.273],[6.667,49.2744],[6.6659,49.2769],[6.6678,49.2775],[6.6701,49.2803],[6.6687,49.2805],[6.6681,49.2803],[6.6675,49.2806],[6.6635,49.282],[6.6632,49.2819],[6.6629,49.2817],[6.6627,49.2818],[6.661,49.2825],[6.6601,49.2837],[6.6567,49.2819],[6.6552,49.2813],[6.6551,49.2813],[6.6534,49.2812],[6.6522,49.2835],[6.6518,49.2855],[6.6514,49.2857],[6.6511,49.2857],[6.6519,49.2869],[6.6517,49.2871],[6.6516,49.2872],[6.6504,49.2885],[6.649,49.2882],[6.6481,49.288],[6.6467,49.2888],[6.6464,49.2891],[6.6454,49.29],[6.6441,49.2898],[6.6432,49.2912],[6.6388,49.2957],[6.6365,49.2963],[6.6361,49.295],[6.6346,49.2955],[6.6323,49.2957],[6.632,49.2958],[6.6323,49.2974],[6.6303,49.2975],[6.6292,49.2982],[6.6271,49.2995],[6.6259,49.3015],[6.6249,49.3023],[6.6224,49.3031],[6.6174,49.3027],[6.6174,49.3026],[6.6172,49.3019],[6.6171,49.3019],[6.6151,49.3013],[6.614,49.3037],[6.6127,49.3055],[6.6125,49.3058],[6.6116,49.3058],[6.6094,49.3066],[6.6059,49.3104],[6.6048,49.3121],[6.6035,49.3129],[6.6027,49.3133],[6.6021,49.3141],[6.6006,49.315],[6.5944,49.3176],[6.5925,49.319],[6.5891,49.3221],[6.59,49.3232],[6.5894,49.3234],[6.5922,49.3266],[6.5944,49.3284],[6.5941,49.3286],[6.5946,49.3291],[6.5956,49.3301],[6.5931,49.3327],[6.5916,49.3337],[6.5897,49.3346],[6.5906,49.3352],[6.5915,49.3358],[6.5912,49.3362],[6.5907,49.3366],[6.5877,49.3351],[6.587,49.3358],[6.5859,49.3371],[6.5845,49.3363],[6.5827,49.3348],[6.5811,49.3343],[6.5795,49.3353],[6.5785,49.335],[6.5784,49.335],[6.5772,49.3363],[6.5774,49.3374],[6.5775,49.3374],[6.5784,49.3382],[6.5774,49.3388],[6.5765,49.3394],[6.5759,49.3404],[6.5758,49.341],[6.5757,49.3417],[6.5753,49.3418],[6.5708,49.3433],[6.567,49.3461],[6.5664,49.3468],[6.5664,49.3469],[6.5663,49.3469],[6.5657,49.3477],[6.565,49.3494],[6.5653,49.3522],[6.5649,49.3527],[6.565,49.3534],[6.564,49.3546],[6.5641,49.3552],[6.5636,49.3559],[6.5654,49.3563],[6.5665,49.3571],[6.5692,49.3579],[6.5698,49.358],[6.5725,49.3584],[6.5741,49.3587],[6.5753,49.3579],[6.5768,49.3569],[6.5816,49.3563],[6.5827,49.3554],[6.5856,49.3528],[6.5857,49.3517],[6.5851,49.3514],[6.5849,49.3513],[6.5859,49.3508],[6.5864,49.3501],[6.5866,49.35],[6.5868,49.3499],[6.5877,49.3497],[6.5881,49.3498],[6.5884,49.3499],[6.5889,49.3505],[6.5891,49.3506],[6.5897,49.3511],[6.589,49.3514],[6.5892,49.3517],[6.5895,49.3521],[6.5899,49.3538],[6.5902,49.3548],[6.5922,49.3553],[6.5926,49.3554],[6.592,49.3582],[6.5966,49.3593],[6.5958,49.3603],[6.5961,49.3604],[6.5975,49.3607],[6.5981,49.3615],[6.5998,49.3639],[6.602,49.3669],[6.6022,49.3671],[6.5996,49.3665],[6.5989,49.3692],[6.5982,49.3698],[6.598,49.3699],[6.5963,49.3707],[6.5945,49.3716],[6.5852,49.369],[6.5831,49.3684],[6.5847,49.372],[6.5848,49.3733],[6.5842,49.3734],[6.5843,49.3738],[6.5845,49.3742],[6.5845,49.3744],[6.5847,49.3747],[6.5845,49.3749],[6.5845,49.375],[6.5845,49.3755],[6.5844,49.3761],[6.5847,49.3767],[6.5852,49.3775],[6.5854,49.378],[6.5857,49.3786],[6.586,49.3792],[6.5861,49.3794],[6.586,49.3798],[6.586,49.3802],[6.586,49.3807],[6.586,49.3814],[6.5863,49.3818],[6.5864,49.382],[6.5871,49.3825],[6.5873,49.3829],[6.5876,49.3831],[6.5875,49.3832],[6.5875,49.3835],[6.5873,49.3838],[6.5875,49.3842],[6.5873,49.3843],[6.5873,49.3844],[6.5871,49.3847],[6.5867,49.3851],[6.5864,49.3851],[6.5856,49.385],[6.5855,49.3853],[6.5853,49.3858],[6.5837,49.3857],[6.583,49.3857],[6.5823,49.3859],[6.5812,49.3859],[6.5811,49.3859],[6.5808,49.3858],[6.5803,49.3855],[6.5802,49.3857],[6.5794,49.3878],[6.5768,49.3898],[6.5757,49.3896],[6.5751,49.3896],[6.5658,49.3883],[6.5636,49.3881],[6.5601,49.3925],[6.5572,49.3927],[6.5523,49.3942],[6.5518,49.3929],[6.5539,49.3893],[6.5538,49.3879],[6.5559,49.3836],[6.5553,49.3821],[6.5544,49.3818],[6.5554,49.3798],[6.5549,49.3796],[6.5556,49.378],[6.5516,49.3762],[6.5495,49.3765],[6.5445,49.3747],[6.5433,49.3733],[6.5439,49.3719],[6.5425,49.3707],[6.5423,49.3692],[6.5431,49.3678],[6.5551,49.3711],[6.556,49.3706],[6.5558,49.3687],[6.5566,49.3674],[6.5469,49.364],[6.5473,49.3633],[6.5471,49.3625],[6.5457,49.3616],[6.5439,49.3614],[6.5437,49.362],[6.5421,49.3628],[6.5388,49.3628],[6.5371,49.3605],[6.5274,49.3571],[6.526,49.3561],[6.5234,49.3557],[6.5235,49.3543],[6.5241,49.3537],[6.5204,49.3527],[6.5186,49.3499],[6.514,49.3478],[6.5124,49.347],[6.5066,49.3468],[6.4987,49.3448],[6.4921,49.3423],[6.4854,49.3423],[6.4796,49.3459],[6.4766,49.3449],[6.4725,49.3486],[6.4728,49.3496],[6.4787,49.3508],[6.4753,49.3533],[6.4746,49.3554],[6.4755,49.3559],[6.4754,49.3585],[6.4692,49.3582],[6.4647,49.3598],[6.4622,49.3616],[6.458,49.3599],[6.4577,49.3603],[6.46,49.362],[6.4576,49.3632],[6.4559,49.3629],[6.4548,49.3633],[6.4517,49.3616],[6.4525,49.361],[6.4508,49.359],[6.4489,49.3604],[6.4494,49.3607],[6.4476,49.3623],[6.4455,49.3616],[6.4456,49.3607],[6.4306,49.3548],[6.4326,49.3541],[6.4364,49.3544],[6.4374,49.3537],[6.4394,49.3543],[6.446,49.3509],[6.4472,49.3509],[6.4477,49.3503],[6.4496,49.3507],[6.4516,49.3498],[6.4458,49.3472],[6.4315,49.3438],[6.4205,49.3364],[6.4165,49.3347],[6.4193,49.3309],[6.4226,49.3285],[6.4235,49.3272],[6.4146,49.3249],[6.4148,49.3242],[6.4141,49.324],[6.4144,49.3231],[6.4137,49.3225],[6.4104,49.3219],[6.4122,49.3196],[6.4099,49.3183],[6.4107,49.3177],[6.4102,49.3171],[6.4111,49.3163],[6.4083,49.3152],[6.4079,49.3159],[6.4061,49.3162],[6.406,49.3156],[6.4032,49.3151],[6.4038,49.3138],[6.3977,49.3117],[6.3899,49.3102],[6.3855,49.3104],[6.385,49.3097],[6.3855,49.3085],[6.3783,49.3061],[6.3757,49.3033],[6.3786,49.3028],[6.3824,49.3034],[6.3845,49.3019],[6.3853,49.2998],[6.3876,49.2985],[6.3879,49.2975],[6.3876,49.2964],[6.3865,49.2963],[6.3817,49.2933],[6.3809,49.2915],[6.3787,49.2898],[6.3788,49.2887],[6.3821,49.2863],[6.3824,49.2854],[6.381,49.2829],[6.3787,49.2805],[6.3759,49.2792],[6.3781,49.2764],[6.3763,49.2746],[6.3763,49.273],[6.3754,49.2718],[6.3758,49.2691],[6.3738,49.2683],[6.3712,49.2692],[6.3679,49.2671],[6.3698,49.2661],[6.3761,49.2652],[6.3776,49.2643],[6.378,49.2622],[6.3716,49.261],[6.3723,49.2594],[6.3752,49.2569],[6.3799,49.2582],[6.3872,49.2607],[6.3883,49.2591],[6.3926,49.2598],[6.3969,49.2596],[6.3977,49.2587],[6.3938,49.2573],[6.3884,49.2535],[6.3813,49.2519],[6.3768,49.2499],[6.3756,49.2486],[6.3763,49.2464],[6.3778,49.2441],[6.3805,49.2417],[6.3834,49.2405],[6.3859,49.2385],[6.3936,49.2401],[6.401,49.2396],[6.4045,49.2387],[6.4032,49.2375],[6.4014,49.2369],[6.3982,49.2342],[6.3994,49.2317],[6.4011,49.231],[6.403,49.2314],[6.4056,49.2303],[6.4089,49.2328],[6.4124,49.2343],[6.4131,49.2339],[6.413,49.2331],[6.4196,49.2339],[6.4203,49.2312],[6.4246,49.2298],[6.4257,49.229],[6.4258,49.227],[6.4268,49.2271],[6.4276,49.2231],[6.4275,49.2192],[6.4214,49.2176],[6.4216,49.2167],[6.4191,49.2155],[6.4189,49.2142],[6.4144,49.2143],[6.4092,49.2139],[6.4123,49.2124],[6.4152,49.2096],[6.4205,49.2098],[6.4225,49.2105],[6.4255,49.209],[6.4253,49.2067],[6.4276,49.2033],[6.4303,49.2011],[6.4299,49.2003],[6.4311,49.1997],[6.4308,49.1985],[6.4328,49.1981],[6.4336,49.196],[6.4327,49.1954],[6.4291,49.1951],[6.4279,49.1936],[6.4306,49.1919],[6.4293,49.1905],[6.4302,49.1895],[6.4204,49.1831],[6.4192,49.1816],[6.4133,49.1799],[6.4147,49.1768],[6.421,49.1707],[6.4185,49.1683],[6.4136,49.1667],[6.4101,49.1644],[6.4065,49.1644],[6.4057,49.1602],[6.4079,49.1586],[6.4087,49.1565],[6.4086,49.1557],[6.4066,49.1533],[6.4068,49.1517],[6.4062,49.1501],[6.4023,49.1485],[6.4032,49.1475],[6.4017,49.1471],[6.3991,49.1508],[6.3964,49.1531],[6.3938,49.1511],[6.398,49.1459],[6.3961,49.146],[6.396,49.1446],[6.399,49.1433],[6.3992,49.1415],[6.402,49.1389],[6.4049,49.1385],[6.4082,49.1395],[6.4102,49.141],[6.4131,49.141],[6.4137,49.1419],[6.4134,49.1427],[6.416,49.1424],[6.4213,49.145],[6.422,49.1438],[6.4242,49.141],[6.4283,49.1403],[6.4259,49.138],[6.425,49.1343],[6.4298,49.1342],[6.433,49.1333],[6.4298,49.1311],[6.4271,49.1264],[6.4253,49.1254],[6.425,49.1239],[6.4215,49.122],[6.4185,49.122],[6.4186,49.1205],[6.42,49.1188],[6.4202,49.1174],[6.4234,49.115],[6.4217,49.1129],[6.426,49.1111],[6.432,49.1102],[6.4331,49.1087],[6.4318,49.1079],[6.4321,49.1072],[6.42,49.1012],[6.4236,49.1003],[6.424,49.099],[6.4255,49.0972],[6.4297,49.0975],[6.4306,49.0948],[6.433,49.095],[6.4341,49.0942],[6.4362,49.095],[6.4377,49.0927],[6.4457,49.0952],[6.4496,49.0968],[6.4472,49.0988],[6.4479,49.0999],[6.4487,49.1],[6.4571,49.0986],[6.46,49.0991],[6.4627,49.1012],[6.4664,49.1015],[6.4678,49.1013],[6.4696,49.0996],[6.4705,49.0996],[6.4719,49.0985],[6.4754,49.1001],[6.4803,49.099],[6.4846,49.1003],[6.4864,49.0991],[6.49,49.101],[6.4936,49.1057],[6.4961,49.1046],[6.5008,49.1021],[6.499,49.0996],[6.4992,49.0988],[6.4973,49.0968],[6.4979,49.0949],[6.4997,49.095],[6.5001,49.0945],[6.4977,49.0932],[6.4933,49.0921],[6.4936,49.0913],[6.4954,49.0905],[6.4962,49.0891],[6.4968,49.0892],[6.4969,49.0886],[6.4947,49.0881],[6.4964,49.085],[6.4946,49.0841],[6.4936,49.0812],[6.4926,49.0805],[6.4926,49.0798],[6.49,49.0782],[6.4905,49.0776],[6.4895,49.077],[6.4885,49.075],[6.4848,49.0739],[6.4831,49.0726],[6.4836,49.0724],[6.4861,49.0733],[6.4878,49.0718],[6.4837,49.0693],[6.4847,49.0685],[6.4833,49.0668],[6.4849,49.0654],[6.485,49.0644],[6.4889,49.0644],[6.4858,49.0624],[6.4868,49.0623],[6.4854,49.0613],[6.4866,49.0606],[6.4889,49.0605],[6.4922,49.0589],[6.495,49.0572],[6.4946,49.0568],[6.495,49.056],[6.4963,49.0569],[6.4991,49.0559],[6.5006,49.0507],[6.4953,49.0507],[6.4931,49.0541],[6.4835,49.059],[6.4818,49.0587],[6.4796,49.0569],[6.4681,49.0537],[6.4617,49.0528],[6.4605,49.0519],[6.4488,49.0531],[6.4504,49.0509],[6.4504,49.0492],[6.4497,49.0486],[6.4522,49.0459],[6.4538,49.0427],[6.4512,49.0406],[6.4511,49.0377],[6.449,49.0369],[6.448,49.0353],[6.4517,49.0335],[6.4539,49.0339],[6.4478,49.0311],[6.4513,49.0289],[6.4499,49.0279],[6.4483,49.029],[6.4461,49.0306],[6.4451,49.0327],[6.4436,49.0338],[6.4393,49.0331],[6.4384,49.0349],[6.431,49.034],[6.43,49.0356],[6.4289,49.0356],[6.4283,49.0366],[6.4259,49.036],[6.4236,49.0385],[6.4211,49.0377],[6.4183,49.0359],[6.4124,49.0307],[6.4048,49.0266],[6.4061,49.025],[6.4039,49.0244],[6.4034,49.0248],[6.4018,49.0237],[6.4004,49.0247],[6.3982,49.0239],[6.3998,49.0233],[6.4006,49.0224],[6.4021,49.0227],[6.4025,49.0219],[6.4013,49.0217],[6.4025,49.0203],[6.4019,49.0199],[6.4031,49.0188],[6.4076,49.019],[6.412,49.0204],[6.4098,49.0179],[6.4081,49.0169],[6.4083,49.0142],[6.4039,49.0142],[6.4031,49.0134],[6.4048,49.0131],[6.405,49.0119],[6.4098,49.0129],[6.4124,49.0127],[6.4154,49.0134],[6.4205,49.0158],[6.4214,49.0167],[6.4237,49.0174],[6.4245,49.0163],[6.4237,49.0161],[6.4229,49.0148],[6.4245,49.0141],[6.4255,49.0153],[6.4253,49.0164],[6.4274,49.0166],[6.4293,49.0136],[6.4319,49.0119],[6.4292,49.0087],[6.4315,49.0076],[6.4308,49.007],[6.4312,49.0045],[6.4322,49.0028],[6.4334,49.0019],[6.4333,48.9997],[6.432,48.9988],[6.4323,48.9981],[6.4317,48.9975],[6.4331,48.9957],[6.4337,48.993],[6.4334,48.9905],[6.4354,48.9884],[6.4395,48.9859],[6.4435,48.9839],[6.4454,48.9793],[6.4467,48.9768],[6.4512,48.9732],[6.4516,48.9736],[6.4535,48.9731],[6.4556,48.9721],[6.4558,48.9715],[6.4631,48.9708],[6.4643,48.9696],[6.4665,48.9692],[6.4661,48.9677],[6.4672,48.9676],[6.4673,48.9668],[6.4689,48.966],[6.4752,48.9661],[6.4754,48.9676],[6.4748,48.9677],[6.4756,48.969],[6.4782,48.9684],[6.4837,48.9649],[6.4856,48.9651],[6.4893,48.9671],[6.4902,48.9674],[6.4917,48.9686],[6.4948,48.969],[6.5036,48.9681],[6.511,48.9691],[6.5112,48.9677],[6.5144,48.969],[6.5147,48.9686],[6.5161,48.9687],[6.5167,48.9699],[6.5193,48.9699],[6.5201,48.9699],[6.5201,48.968],[6.5231,48.9678],[6.5234,48.9655],[6.5268,48.9651],[6.5266,48.9612],[6.5295,48.9617],[6.5307,48.9601],[6.5296,48.9589],[6.5303,48.9575],[6.5339,48.959],[6.5349,48.9578],[6.536,48.9579],[6.5369,48.9559],[6.5378,48.9552],[6.5354,48.9523],[6.5367,48.951],[6.5318,48.9486],[6.5334,48.947],[6.534,48.944],[6.5369,48.9403],[6.5444,48.9458],[6.547,48.9469],[6.5484,48.9492],[6.5523,48.9502],[6.5599,48.9533],[6.5612,48.9529],[6.5654,48.9462],[6.5682,48.9448],[6.5644,48.9403],[6.5673,48.9386],[6.5683,48.9389],[6.572,48.9366],[6.5726,48.9342],[6.5801,48.9344],[6.5838,48.9338],[6.5849,48.932],[6.5845,48.9313],[6.5856,48.9301],[6.59,48.9319],[6.5956,48.9322],[6.5956,48.9288],[6.5968,48.9232],[6.5987,48.9228],[6.6017,48.9235],[6.6017,48.9228],[6.6024,48.9228],[6.6028,48.9203],[6.6068,48.92],[6.6062,48.9164],[6.6051,48.9161],[6.6045,48.914],[6.6053,48.9124],[6.6148,48.9099],[6.6153,48.9122],[6.6163,48.9121],[6.6166,48.9141],[6.6215,48.9138],[6.6252,48.9148],[6.6254,48.9154],[6.6267,48.9155],[6.6278,48.9138],[6.6309,48.9126],[6.6317,48.911],[6.6334,48.911],[6.6345,48.9086],[6.639,48.9099],[6.6421,48.9079],[6.6364,48.9055],[6.6383,48.9047],[6.6407,48.902],[6.6423,48.9011],[6.6472,48.9],[6.6492,48.9006],[6.6519,48.9042],[6.6542,48.906],[6.6654,48.9124],[6.6677,48.9132],[6.6696,48.9091],[6.6755,48.9106],[6.6759,48.9111],[6.6765,48.9108],[6.6809,48.9116],[6.6824,48.9133],[6.6843,48.9139],[6.689,48.9168],[6.6891,48.918],[6.6907,48.9184],[6.6909,48.9189],[6.6952,48.9199],[6.7032,48.9205],[6.7027,48.9221],[6.7064,48.9228],[6.7059,48.9248],[6.7009,48.9242],[6.6984,48.9288],[6.6919,48.9367],[6.6926,48.9376],[6.6922,48.9379],[6.6912,48.9389],[6.6933,48.9395],[6.6929,48.9402],[6.7048,48.9457],[6.7071,48.9466],[6.7072,48.9458],[6.7082,48.9455],[6.7104,48.9472],[6.7115,48.9472],[6.7127,48.9463],[6.7132,48.9466],[6.7149,48.9457],[6.7161,48.946],[6.718,48.9435],[6.72,48.9439],[6.72,48.9444],[6.7223,48.9448],[6.7212,48.9459],[6.7262,48.9494],[6.729,48.9499],[6.7299,48.9487],[6.7395,48.9509],[6.7444,48.9541],[6.7448,48.9551],[6.7466,48.9547],[6.7476,48.9561],[6.7471,48.957],[6.7529,48.9588],[6.753,48.9594],[6.7552,48.9598],[6.7566,48.9584],[6.7607,48.9589],[6.7631,48.9573],[6.7642,48.9579],[6.7683,48.9583],[6.7735,48.9584],[6.7784,48.9591],[6.7782,48.9598],[6.7807,48.9603],[6.78,48.9617],[6.7803,48.9628],[6.7778,48.9624],[6.7776,48.9629],[6.7768,48.9628],[6.7736,48.9655],[6.7726,48.9672],[6.7713,48.967],[6.7708,48.9677],[6.7671,48.9668],[6.767,48.969],[6.7685,48.9693],[6.7685,48.9697],[6.7699,48.9703],[6.7705,48.969],[6.7743,48.9704],[6.7759,48.968],[6.778,48.9686],[6.7779,48.9698],[6.7774,48.9698],[6.7768,48.9714],[6.7801,48.9723],[6.7792,48.9747],[6.784,48.9747],[6.7852,48.9723],[6.7897,48.9715],[6.7925,48.9699],[6.7948,48.9739],[6.7965,48.9752],[6.7968,48.9764],[6.7978,48.9766],[6.797,48.9779],[6.7934,48.9796],[6.7923,48.9809],[6.7908,48.9841],[6.7908,48.9849],[6.7914,48.9851],[6.7911,48.986],[6.7918,48.9863],[6.789,48.9908],[6.7967,48.9925],[6.8019,48.993],[6.8115,48.9892],[6.8232,48.9876],[6.8236,48.9862],[6.825,48.9849],[6.8252,48.9843],[6.8197,48.983],[6.8196,48.9844],[6.8142,48.9829],[6.8138,48.9845],[6.8118,48.9836],[6.8123,48.9828],[6.8112,48.9807],[6.8112,48.9793],[6.8133,48.9788],[6.8124,48.974],[6.8123,48.9736],[6.8154,48.9738],[6.816,48.9711],[6.819,48.9715],[6.822,48.973],[6.8212,48.9743],[6.8242,48.9758],[6.8236,48.977],[6.8273,48.9782],[6.8326,48.9734],[6.8311,48.9726],[6.832,48.9715],[6.8349,48.9687],[6.836,48.969],[6.8373,48.9679],[6.8318,48.9649],[6.8327,48.9644],[6.8321,48.9638],[6.8319,48.9608],[6.8325,48.961],[6.8327,48.9626],[6.8342,48.9646],[6.8361,48.9633],[6.8379,48.9649],[6.8429,48.9653],[6.846,48.9666],[6.8457,48.9673],[6.848,48.9678],[6.8479,48.9682],[6.8523,48.9689],[6.8517,48.9743],[6.8535,48.975],[6.8528,48.9758],[6.8538,48.976],[6.853,48.9767],[6.8576,48.9781],[6.8583,48.9788],[6.8643,48.9797],[6.8704,48.9792],[6.8702,48.9785],[6.8731,48.979],[6.8737,48.9782],[6.8744,48.9784],[6.8753,48.9815],[6.8746,48.985],[6.8783,48.9841],[6.8833,48.9838],[6.8913,48.9846],[6.8946,48.9813],[6.8947,48.983],[6.8917,48.9874],[6.8896,48.9878],[6.8884,48.9888],[6.8882,48.9897],[6.8852,48.9925],[6.8844,48.9943],[6.8822,48.9949],[6.8831,48.9961],[6.883,48.9968],[6.8805,48.9982],[6.8781,48.9994],[6.8779,49.0001],[6.8768,49.0002],[6.8755,49.0018],[6.8761,49.0018],[6.8758,49.0023],[6.8765,49.0023],[6.8765,49.0034],[6.8776,49.004],[6.8779,49.0063],[6.8818,49.008],[6.8834,49.0095],[6.8822,49.0108],[6.8777,49.0116],[6.8773,49.0108],[6.8748,49.0108],[6.8747,49.0112],[6.8734,49.0113],[6.8698,49.0104],[6.8689,49.0108],[6.8643,49.01],[6.863,49.0111],[6.8633,49.0124],[6.8611,49.0131],[6.8604,49.0137],[6.8611,49.0159],[6.8579,49.017],[6.8582,49.0177],[6.8608,49.0191],[6.8566,49.0205],[6.8525,49.0206],[6.848,49.0222],[6.8474,49.0243],[6.8474,49.0251],[6.8498,49.0255],[6.8538,49.0274],[6.8568,49.0281],[6.8598,49.0306],[6.8585,49.0329],[6.8588,49.0357],[6.8574,49.0413],[6.8581,49.0446],[6.8564,49.046],[6.8684,49.0487],[6.8709,49.0488],[6.8699,49.0514],[6.876,49.0538],[6.8764,49.0553],[6.879,49.0567],[6.8847,49.0592],[6.8978,49.0625],[6.9051,49.0669],[6.9083,49.0677],[6.9045,49.0699],[6.9014,49.0703],[6.8959,49.0694],[6.8937,49.0707],[6.8916,49.07],[6.8877,49.0707],[6.8826,49.0703],[6.8831,49.0728],[6.8809,49.0727],[6.8812,49.0735],[6.8818,49.0743],[6.8877,49.0774],[6.8944,49.0783],[6.8987,49.0806],[6.9021,49.0817],[6.9054,49.0803],[6.9095,49.0813],[6.9091,49.0834],[6.9096,49.0841],[6.9105,49.084],[6.9103,49.0851],[6.9087,49.0872],[6.9075,49.0926],[6.9064,49.0942],[6.9065,49.0971],[6.9107,49.0988],[6.9134,49.0991],[6.915,49.0976],[6.9171,49.0991],[6.9219,49.1001],[6.9275,49.095],[6.927,49.0933],[6.9284,49.0914],[6.9284,49.0906],[6.93,49.09],[6.9322,49.0882],[6.9343,49.0881],[6.9366,49.087],[6.9374,49.0838],[6.9378,49.0831],[6.9388,49.0834],[6.9456,49.0878],[6.9472,49.0864],[6.9523,49.0892],[6.9542,49.0876],[6.9527,49.0865],[6.949,49.0855],[6.9475,49.0836],[6.9508,49.0805],[6.9608,49.0811],[6.9715,49.0838],[6.9688,49.0881],[6.9729,49.0913],[6.9756,49.0923],[6.975,49.0967],[6.9742,49.0983],[6.9745,49.105],[6.9733,49.1081],[6.9717,49.1096],[6.9745,49.1112],[6.9743,49.1124],[6.9793,49.1152],[6.9814,49.1157],[6.9808,49.1163],[6.9819,49.1169],[6.9821,49.1178],[6.9833,49.1175],[6.9844,49.1184],[6.9847,49.1207],[6.9863,49.121],[6.9866,49.1222],[6.9889,49.1255],[6.987,49.1262],[6.9875,49.1269],[6.9872,49.1285],[6.9834,49.1292],[6.9847,49.1312],[6.9833,49.1325],[6.9858,49.1356],[6.982,49.1386],[6.9799,49.1393],[6.9769,49.139],[6.977,49.1408],[6.9749,49.1446],[6.9776,49.1485],[6.982,49.1572],[6.9862,49.1635],[6.9922,49.1647],[6.9977,49.1671],[6.9993,49.1683],[7.0011,49.1711],[7.0065,49.17],[7.0092,49.1703],[7.0146,49.173],[7.0184,49.1759],[7.0187,49.1767],[7.0193,49.1767],[7.0185,49.1784],[7.0181,49.1784],[7.0195,49.1819],[7.0196,49.1847],[7.0187,49.1861],[7.0182,49.189],[7.0156,49.1913]]]},"properties":{"id":"573","name":"Forbach-Boulay-Moselle","territoire":"Lorraine","sigle":"LOR","pays":"France","cx":6.624,"cy":49.098}},
{"type":"Feature","geometry":{"type":"Polygon","coordinates":[[[7.0794,48.5364],[7.0819,48.5354],[7.0877,48.531],[7.092,48.529],[7.0987,48.5307],[7.1151,48.5375],[7.1243,48.5364],[7.1276,48.5313],[7.1325,48.5305],[7.1351,48.5281],[7.1462,48.5273],[7.1475,48.5267],[7.1483,48.527],[7.1479,48.5288],[7.1499,48.5307],[7.1502,48.5329],[7.1511,48.5317],[7.1538,48.5305],[7.1622,48.5281],[7.1679,48.5276],[7.1685,48.5287],[7.1692,48.5301],[7.1718,48.5324],[7.1871,48.5373],[7.1901,48.5404],[7.1899,48.5449],[7.1913,48.5461],[7.1925,48.5488],[7.2014,48.5527],[7.2135,48.552],[7.2183,48.5526],[7.2203,48.5547],[7.2212,48.5579],[7.2267,48.5614],[7.2289,48.5636],[7.229,48.5647],[7.2303,48.5665],[7.2356,48.5686],[7.2386,48.5724],[7.2412,48.5737],[7.2434,48.5782],[7.2563,48.5887],[7.2628,48.5903],[7.2651,48.5917],[7.2646,48.5929],[7.2615,48.5947],[7.2565,48.5964],[7.2558,48.6008],[7.2627,48.6047],[7.2627,48.6059],[7.265,48.6084],[7.2682,48.6092],[7.2679,48.6102],[7.2708,48.6125],[7.2695,48.6169],[7.27,48.6183],[7.2763,48.6204],[7.2769,48.6219],[7.2768,48.6233],[7.2784,48.6252],[7.2797,48.6282],[7.2744,48.6291],[7.2704,48.6305],[7.2619,48.6318],[7.268,48.6335],[7.2766,48.6334],[7.278,48.6351],[7.2831,48.6381],[7.2821,48.6404],[7.2829,48.6425],[7.2882,48.6433],[7.2938,48.6472],[7.2943,48.6512],[7.3032,48.6584],[7.3043,48.6602],[7.2828,48.6603],[7.279,48.6616],[7.2714,48.662],[7.2706,48.6625],[7.2686,48.6619],[7.2646,48.6627],[7.2647,48.6646],[7.2631,48.6671],[7.2615,48.6722],[7.2596,48.6731],[7.2563,48.6722],[7.2551,48.6725],[7.2573,48.6733],[7.2484,48.6821],[7.2474,48.6884],[7.2423,48.6921],[7.2469,48.6951],[7.2506,48.6955],[7.2528,48.6946],[7.2602,48.6943],[7.2606,48.6969],[7.2639,48.6986],[7.2647,48.7005],[7.2655,48.7017],[7.264,48.7044],[7.2649,48.7091],[7.2655,48.7099],[7.268,48.7097],[7.2681,48.7106],[7.2657,48.7107],[7.2666,48.7142],[7.2701,48.7145],[7.2733,48.7163],[7.2767,48.7218],[7.2801,48.7261],[7.2861,48.7315],[7.2869,48.7313],[7.2876,48.7378],[7.2896,48.7416],[7.2911,48.7486],[7.293,48.753],[7.2955,48.7551],[7.3037,48.7584],[7.306,48.7603],[7.3089,48.7617],[7.3109,48.7632],[7.3115,48.7654],[7.3133,48.7672],[7.3094,48.7674],[7.3065,48.7691],[7.3035,48.7749],[7.3008,48.7772],[7.2969,48.7827],[7.293,48.7834],[7.2915,48.7845],[7.2907,48.7863],[7.2917,48.7921],[7.2912,48.794],[7.2876,48.7977],[7.2785,48.7982],[7.2701,48.8025],[7.267,48.8003],[7.2609,48.7975],[7.2592,48.8038],[7.2566,48.8038],[7.2562,48.8051],[7.2509,48.8055],[7.2518,48.8059],[7.2496,48.8068],[7.2477,48.8096],[7.2452,48.81],[7.2484,48.8133],[7.2515,48.8156],[7.2564,48.8168],[7.26,48.8185],[7.2629,48.8186],[7.2613,48.82],[7.2594,48.8204],[7.2581,48.8222],[7.2574,48.8212],[7.2544,48.8199],[7.2455,48.8168],[7.243,48.8176],[7.2373,48.8211],[7.2314,48.8252],[7.2287,48.828],[7.2225,48.8296],[7.2178,48.8281],[7.2184,48.8259],[7.2231,48.8222],[7.22,48.8191],[7.2166,48.8203],[7.2157,48.8229],[7.2144,48.8249],[7.2091,48.8276],[7.2067,48.828],[7.2034,48.827],[7.1967,48.8283],[7.1943,48.8294],[7.1909,48.8324],[7.186,48.8339],[7.1884,48.8347],[7.1873,48.8362],[7.1897,48.8375],[7.1942,48.8376],[7.1959,48.8404],[7.193,48.8425],[7.1925,48.8453],[7.1874,48.8491],[7.1872,48.85],[7.1859,48.8495],[7.1854,48.8503],[7.1798,48.8488],[7.1772,48.8472],[7.1756,48.8473],[7.1747,48.8467],[7.173,48.8465],[7.1739,48.8447],[7.1765,48.8421],[7.1735,48.842],[7.1714,48.8426],[7.1707,48.8421],[7.1602,48.8427],[7.1584,48.843],[7.158,48.8441],[7.1561,48.8443],[7.1558,48.8448],[7.1536,48.8445],[7.1533,48.845],[7.1528,48.8445],[7.1513,48.8447],[7.1514,48.8443],[7.1503,48.8442],[7.1489,48.8446],[7.1473,48.8432],[7.1427,48.8408],[7.1451,48.8393],[7.1423,48.8366],[7.1411,48.8344],[7.1414,48.8334],[7.1426,48.8325],[7.143,48.8305],[7.1471,48.8249],[7.1476,48.8219],[7.143,48.8201],[7.1398,48.8175],[7.1369,48.8167],[7.1314,48.8165],[7.1238,48.8118],[7.1222,48.8092],[7.1235,48.8082],[7.1218,48.8058],[7.1268,48.8011],[7.1172,48.7989],[7.1119,48.799],[7.1082,48.7979],[7.1064,48.7963],[7.1046,48.7964],[7.0985,48.7954],[7.0861,48.7921],[7.0792,48.7863],[7.0778,48.7856],[7.0746,48.7886],[7.0722,48.7918],[7.0691,48.7932],[7.0678,48.7931],[7.0685,48.7955],[7.0672,48.7995],[7.0763,48.8037],[7.0779,48.8031],[7.0888,48.8064],[7.0891,48.8068],[7.0877,48.8095],[7.0881,48.8107],[7.085,48.8119],[7.0793,48.814],[7.0705,48.8153],[7.062,48.8157],[7.0543,48.8137],[7.0524,48.8148],[7.0471,48.8206],[7.0498,48.8236],[7.0519,48.8286],[7.0544,48.8321],[7.0538,48.836],[7.0515,48.8411],[7.0513,48.8463],[7.0521,48.8469],[7.055,48.8477],[7.0581,48.8473],[7.0671,48.849],[7.0722,48.8456],[7.0781,48.8453],[7.0778,48.8478],[7.0795,48.8475],[7.0793,48.848],[7.0799,48.848],[7.0809,48.8474],[7.0858,48.8475],[7.0884,48.8484],[7.0968,48.8517],[7.0984,48.8513],[7.0985,48.8518],[7.0969,48.8529],[7.0996,48.8551],[7.096,48.8576],[7.0957,48.8621],[7.0941,48.8629],[7.0878,48.863],[7.0806,48.8642],[7.0731,48.8631],[7.0631,48.86],[7.059,48.8593],[7.0505,48.8589],[7.0504,48.8596],[7.0528,48.8615],[7.0517,48.8634],[7.0512,48.8661],[7.055,48.8649],[7.0536,48.8668],[7.0465,48.8678],[7.0463,48.8696],[7.0483,48.8737],[7.0421,48.8726],[7.0377,48.8755],[7.0331,48.8747],[7.0325,48.8749],[7.0317,48.8777],[7.0279,48.8787],[7.0262,48.8804],[7.0075,48.8843],[7.002,48.8867],[6.9976,48.8874],[6.988,48.8914],[6.983,48.8917],[6.9755,48.8901],[6.9547,48.8939],[6.9646,48.9047],[6.962,48.9111],[6.9602,48.9132],[6.9596,48.9158],[6.9584,48.9176],[6.9564,48.9187],[6.9538,48.9181],[6.9526,48.9188],[6.9564,48.921],[6.9555,48.9223],[6.9463,48.923],[6.9427,48.9226],[6.9403,48.9235],[6.9421,48.926],[6.9419,48.9305],[6.9444,48.9348],[6.9473,48.9349],[6.9482,48.9342],[6.949,48.9325],[6.9486,48.931],[6.9495,48.9303],[6.9544,48.9298],[6.9551,48.9284],[6.9576,48.9273],[6.9589,48.9263],[6.9587,48.9257],[6.9602,48.9252],[6.964,48.9262],[6.9654,48.9273],[6.9682,48.9271],[6.9711,48.928],[6.9716,48.9294],[6.9725,48.9292],[6.9726,48.9299],[6.9735,48.9297],[6.9733,48.9306],[6.9739,48.931],[6.9758,48.9311],[6.9755,48.9318],[6.9773,48.9328],[6.9789,48.9326],[6.9788,48.9341],[6.9799,48.9351],[6.9786,48.9359],[6.9789,48.9372],[6.9771,48.9376],[6.9772,48.9386],[6.9782,48.9394],[6.9797,48.9388],[6.9788,48.9404],[6.9815,48.9408],[6.9818,48.9419],[6.9827,48.9425],[6.9832,48.9439],[6.9843,48.9439],[6.9871,48.9476],[6.9867,48.9486],[6.9876,48.9493],[6.9868,48.9496],[6.9797,48.9498],[6.9735,48.9512],[6.9631,48.95],[6.9601,48.951],[6.9597,48.9517],[6.9601,48.952],[6.9603,48.9526],[6.9565,48.9545],[6.9527,48.9542],[6.9491,48.9559],[6.9464,48.9589],[6.9443,48.9594],[6.9417,48.9609],[6.9398,48.9607],[6.9372,48.9626],[6.9306,48.961],[6.9286,48.9612],[6.9256,48.9599],[6.9205,48.9579],[6.9172,48.9605],[6.9154,48.9595],[6.9139,48.9596],[6.9147,48.9584],[6.9138,48.9577],[6.9104,48.9586],[6.909,48.9577],[6.9092,48.9572],[6.9077,48.9573],[6.9059,48.9569],[6.9042,48.9603],[6.9035,48.9599],[6.9015,48.961],[6.9005,48.9606],[6.9003,48.9627],[6.8958,48.9628],[6.8955,48.9646],[6.8906,48.9674],[6.8888,48.9664],[6.8874,48.9671],[6.8893,48.9695],[6.8937,48.9728],[6.8951,48.973],[6.8944,48.9748],[6.8911,48.972],[6.8846,48.9697],[6.8804,48.9649],[6.8676,48.9623],[6.8584,48.9617],[6.8562,48.9613],[6.8441,48.9559],[6.8366,48.9543],[6.8351,48.9541],[6.8316,48.9551],[6.8262,48.9554],[6.8252,48.9571],[6.8319,48.9608],[6.8321,48.9638],[6.8327,48.9644],[6.8318,48.9649],[6.8373,48.9679],[6.836,48.969],[6.8349,48.9687],[6.832,48.9715],[6.8311,48.9726],[6.8326,48.9734],[6.8273,48.9782],[6.8236,48.977],[6.8242,48.9758],[6.8212,48.9743],[6.822,48.973],[6.819,48.9715],[6.816,48.9711],[6.8154,48.9738],[6.8123,48.9736],[6.8124,48.974],[6.8133,48.9788],[6.8112,48.9793],[6.8112,48.9807],[6.8123,48.9828],[6.8118,48.9836],[6.8138,48.9845],[6.8142,48.9829],[6.8196,48.9844],[6.8197,48.983],[6.8252,48.9843],[6.825,48.9849],[6.8236,48.9862],[6.8232,48.9876],[6.8115,48.9892],[6.8019,48.993],[6.7967,48.9925],[6.789,48.9908],[6.7918,48.9863],[6.7911,48.986],[6.7914,48.9851],[6.7908,48.9849],[6.7908,48.9841],[6.7923,48.9809],[6.7934,48.9796],[6.797,48.9779],[6.7978,48.9766],[6.7968,48.9764],[6.7965,48.9752],[6.7948,48.9739],[6.7925,48.9699],[6.7897,48.9715],[6.7852,48.9723],[6.784,48.9747],[6.7792,48.9747],[6.7801,48.9723],[6.7768,48.9714],[6.7774,48.9698],[6.7779,48.9698],[6.778,48.9686],[6.7759,48.968],[6.7743,48.9704],[6.7705,48.969],[6.7699,48.9703],[6.7685,48.9697],[6.7685,48.9693],[6.767,48.969],[6.7671,48.9668],[6.7708,48.9677],[6.7713,48.967],[6.7726,48.9672],[6.7736,48.9655],[6.7768,48.9628],[6.7776,48.9629],[6.7778,48.9624],[6.7803,48.9628],[6.78,48.9617],[6.7807,48.9603],[6.7782,48.9598],[6.7784,48.9591],[6.7735,48.9584],[6.7683,48.9583],[6.7642,48.9579],[6.7631,48.9573],[6.7607,48.9589],[6.7566,48.9584],[6.7552,48.9598],[6.753,48.9594],[6.7529,48.9588],[6.7471,48.957],[6.7476,48.9561],[6.7466,48.9547],[6.7448,48.9551],[6.7444,48.9541],[6.7395,48.9509],[6.7299,48.9487],[6.729,48.9499],[6.7262,48.9494],[6.7212,48.9459],[6.7223,48.9448],[6.72,48.9444],[6.72,48.9439],[6.718,48.9435],[6.7161,48.946],[6.7149,48.9457],[6.7132,48.9466],[6.7127,48.9463],[6.7115,48.9472],[6.7104,48.9472],[6.7082,48.9455],[6.7072,48.9458],[6.7071,48.9466],[6.7048,48.9457],[6.6929,48.9402],[6.6933,48.9395],[6.6912,48.9389],[6.6922,48.9379],[6.6926,48.9376],[6.6919,48.9367],[6.6984,48.9288],[6.7009,48.9242],[6.7059,48.9248],[6.7064,48.9228],[6.7027,48.9221],[6.7032,48.9205],[6.6952,48.9199],[6.6909,48.9189],[6.6907,48.9184],[6.6891,48.918],[6.689,48.9168],[6.6843,48.9139],[6.6824,48.9133],[6.6809,48.9116],[6.6765,48.9108],[6.6759,48.9111],[6.6755,48.9106],[6.6696,48.9091],[6.6677,48.9132],[6.6654,48.9124],[6.6542,48.906],[6.6519,48.9042],[6.6492,48.9006],[6.6472,48.9],[6.6423,48.9011],[6.6407,48.902],[6.6383,48.9047],[6.6364,48.9055],[6.6421,48.9079],[6.639,48.9099],[6.6345,48.9086],[6.6334,48.911],[6.6317,48.911],[6.6309,48.9126],[6.6278,48.9138],[6.6267,48.9155],[6.6254,48.9154],[6.6252,48.9148],[6.6215,48.9138],[6.6166,48.9141],[6.6163,48.9121],[6.6153,48.9122],[6.6148,48.9099],[6.6053,48.9124],[6.6045,48.914],[6.6051,48.9161],[6.6062,48.9164],[6.6068,48.92],[6.6028,48.9203],[6.6024,48.9228],[6.6017,48.9228],[6.6017,48.9235],[6.5987,48.9228],[6.5968,48.9232],[6.5956,48.9288],[6.5956,48.9322],[6.59,48.9319],[6.5856,48.9301],[6.5845,48.9313],[6.5849,48.932],[6.5838,48.9338],[6.5801,48.9344],[6.5726,48.9342],[6.572,48.9366],[6.5683,48.9389],[6.5673,48.9386],[6.5644,48.9403],[6.5682,48.9448],[6.5654,48.9462],[6.5612,48.9529],[6.5599,48.9533],[6.5523,48.9502],[6.5484,48.9492],[6.547,48.9469],[6.5444,48.9458],[6.5369,48.9403],[6.534,48.944],[6.5334,48.947],[6.5318,48.9486],[6.5367,48.951],[6.5354,48.9523],[6.5378,48.9552],[6.5369,48.9559],[6.536,48.9579],[6.5349,48.9578],[6.5339,48.959],[6.5303,48.9575],[6.5296,48.9589],[6.5307,48.9601],[6.5295,48.9617],[6.5266,48.9612],[6.5268,48.9651],[6.5234,48.9655],[6.5231,48.9678],[6.5201,48.968],[6.5201,48.9699],[6.5193,48.9699],[6.5167,48.9699],[6.5161,48.9687],[6.5147,48.9686],[6.5144,48.969],[6.5112,48.9677],[6.511,48.9691],[6.5036,48.9681],[6.4948,48.969],[6.4917,48.9686],[6.4902,48.9674],[6.4893,48.9671],[6.4856,48.9651],[6.4837,48.9649],[6.4782,48.9684],[6.4756,48.969],[6.4748,48.9677],[6.4754,48.9676],[6.4752,48.9661],[6.4689,48.966],[6.4673,48.9668],[6.4672,48.9676],[6.4661,48.9677],[6.4665,48.9692],[6.4643,48.9696],[6.4631,48.9708],[6.4558,48.9715],[6.4556,48.9721],[6.4535,48.9731],[6.4516,48.9736],[6.4512,48.9732],[6.4467,48.9768],[6.4454,48.9793],[6.4435,48.9839],[6.4395,48.9859],[6.4339,48.9836],[6.4307,48.9849],[6.4233,48.9837],[6.4241,48.9822],[6.4271,48.9829],[6.4283,48.9819],[6.4274,48.9808],[6.4282,48.9792],[6.4308,48.9768],[6.4288,48.9758],[6.4295,48.975],[6.428,48.9742],[6.4299,48.9723],[6.4309,48.9727],[6.4308,48.9713],[6.4287,48.9705],[6.4248,48.9676],[6.4234,48.9675],[6.4233,48.967],[6.422,48.9673],[6.4216,48.9665],[6.4161,48.9651],[6.4177,48.9626],[6.4146,48.9617],[6.4129,48.963],[6.4093,48.9618],[6.41,48.9599],[6.4136,48.9548],[6.4074,48.9524],[6.4066,48.9482],[6.4088,48.9439],[6.4092,48.9404],[6.4095,48.9398],[6.4108,48.9397],[6.4112,48.9369],[6.4039,48.9357],[6.4041,48.9349],[6.388,48.9285],[6.3857,48.9266],[6.3853,48.9255],[6.3824,48.9243],[6.3795,48.928],[6.3782,48.9279],[6.3781,48.9285],[6.3808,48.9297],[6.3797,48.9303],[6.3812,48.9309],[6.3803,48.9312],[6.3781,48.9336],[6.3782,48.9344],[6.3765,48.9357],[6.3747,48.9383],[6.3732,48.9423],[6.3654,48.9422],[6.3548,48.9434],[6.3534,48.9425],[6.3494,48.9418],[6.3462,48.9405],[6.3455,48.9396],[6.347,48.9373],[6.3412,48.9336],[6.3411,48.9324],[6.3386,48.9303],[6.336,48.9292],[6.3426,48.9229],[6.3435,48.9213],[6.343,48.9211],[6.3432,48.9202],[6.3385,48.9196],[6.334,48.9171],[6.3245,48.9132],[6.3249,48.9118],[6.3273,48.9101],[6.3293,48.9055],[6.3275,48.9049],[6.328,48.9038],[6.3254,48.9026],[6.3284,48.9001],[6.3269,48.8966],[6.3258,48.8959],[6.3126,48.8925],[6.3092,48.8922],[6.3093,48.8916],[6.3082,48.8912],[6.3084,48.8894],[6.3066,48.889],[6.3052,48.8895],[6.3058,48.8876],[6.3043,48.8876],[6.303,48.8867],[6.3013,48.8843],[6.3018,48.8839],[6.299,48.8822],[6.2974,48.8825],[6.2983,48.8807],[6.3011,48.8793],[6.3097,48.8784],[6.31,48.8776],[6.3091,48.8769],[6.3078,48.8767],[6.3081,48.8753],[6.311,48.8731],[6.3124,48.8675],[6.3117,48.8638],[6.3077,48.8623],[6.3039,48.8644],[6.3022,48.8662],[6.2983,48.867],[6.2975,48.8665],[6.2965,48.864],[6.2954,48.8631],[6.2971,48.8618],[6.2974,48.8604],[6.2953,48.8587],[6.2994,48.8585],[6.2988,48.8548],[6.3001,48.8525],[6.2994,48.8517],[6.2957,48.852],[6.2897,48.8509],[6.2892,48.8498],[6.2873,48.849],[6.2855,48.8494],[6.2845,48.8487],[6.2842,48.8464],[6.2857,48.8459],[6.2854,48.8448],[6.2885,48.8435],[6.2911,48.8416],[6.2914,48.8425],[6.2932,48.8427],[6.2968,48.8412],[6.3005,48.8407],[6.3033,48.8382],[6.3036,48.8348],[6.3048,48.8346],[6.3055,48.8336],[6.3094,48.8331],[6.3123,48.8354],[6.3139,48.8353],[6.3163,48.8369],[6.3195,48.8367],[6.3207,48.8378],[6.3244,48.8371],[6.3271,48.8358],[6.33,48.8357],[6.3389,48.8341],[6.3396,48.8335],[6.3396,48.8318],[6.3385,48.8306],[6.3386,48.829],[6.3369,48.8285],[6.3381,48.827],[6.337,48.8264],[6.3319,48.8253],[6.3265,48.8254],[6.3238,48.8263],[6.324,48.8275],[6.3207,48.8298],[6.317,48.8307],[6.316,48.8301],[6.3148,48.8273],[6.3121,48.8256],[6.3038,48.8272],[6.3014,48.8265],[6.3011,48.8243],[6.3063,48.8213],[6.3088,48.8212],[6.3123,48.8214],[6.3172,48.8228],[6.319,48.8227],[6.319,48.8218],[6.3234,48.8215],[6.3254,48.8205],[6.3299,48.8231],[6.3314,48.8233],[6.333,48.8227],[6.3338,48.8205],[6.3331,48.8197],[6.3327,48.8142],[6.3346,48.814],[6.3393,48.811],[6.3407,48.8108],[6.342,48.8114],[6.3436,48.811],[6.346,48.812],[6.3501,48.8129],[6.3511,48.8125],[6.3532,48.8133],[6.3574,48.8106],[6.3567,48.8104],[6.3553,48.8114],[6.3537,48.8112],[6.3533,48.8104],[6.3545,48.8085],[6.3493,48.8079],[6.3457,48.8059],[6.3464,48.8044],[6.3456,48.804],[6.347,48.8026],[6.3485,48.8015],[6.3496,48.8017],[6.3499,48.8006],[6.3511,48.7998],[6.3538,48.799],[6.3528,48.7983],[6.3541,48.7972],[6.3555,48.7947],[6.3555,48.792],[6.3563,48.792],[6.3551,48.7882],[6.3563,48.7858],[6.3548,48.7846],[6.3549,48.7821],[6.3574,48.7794],[6.3605,48.779],[6.3624,48.7804],[6.3644,48.78],[6.365,48.7811],[6.3668,48.7812],[6.366,48.782],[6.3664,48.7831],[6.3678,48.784],[6.37,48.784],[6.3709,48.7847],[6.3743,48.7835],[6.3758,48.7835],[6.3778,48.782],[6.3823,48.78],[6.3833,48.7811],[6.3857,48.781],[6.3862,48.7814],[6.3887,48.7806],[6.3904,48.7798],[6.3949,48.7748],[6.396,48.7747],[6.3975,48.7761],[6.4009,48.7759],[6.4015,48.7765],[6.4011,48.7769],[6.402,48.7775],[6.4035,48.7774],[6.4053,48.7791],[6.4081,48.7802],[6.4091,48.7794],[6.4098,48.7794],[6.4099,48.7801],[6.4111,48.7803],[6.4113,48.7812],[6.4128,48.7812],[6.4137,48.7822],[6.4151,48.7817],[6.4206,48.784],[6.4221,48.7835],[6.423,48.7843],[6.4257,48.7838],[6.4248,48.7845],[6.4262,48.7864],[6.4291,48.787],[6.4292,48.7883],[6.432,48.7883],[6.4331,48.7891],[6.4339,48.7888],[6.4335,48.7874],[6.4356,48.7873],[6.4367,48.7858],[6.4381,48.7855],[6.438,48.7846],[6.4409,48.7833],[6.4406,48.7815],[6.4442,48.7795],[6.4443,48.7786],[6.4473,48.7792],[6.4482,48.7783],[6.4521,48.78],[6.4527,48.7799],[6.453,48.7786],[6.454,48.7783],[6.4518,48.7757],[6.4527,48.7749],[6.4515,48.7721],[6.4533,48.7717],[6.4529,48.7705],[6.4543,48.7701],[6.4536,48.7659],[6.4598,48.7657],[6.4614,48.7673],[6.4639,48.7682],[6.4661,48.77],[6.4656,48.7684],[6.4659,48.7667],[6.4703,48.7664],[6.4723,48.7653],[6.474,48.7667],[6.4756,48.7657],[6.4763,48.7667],[6.4788,48.7662],[6.4842,48.767],[6.4858,48.7669],[6.4854,48.7658],[6.4884,48.7664],[6.4911,48.7651],[6.4946,48.7621],[6.4959,48.7626],[6.5031,48.7573],[6.5119,48.7544],[6.511,48.7528],[6.5103,48.7526],[6.5094,48.7531],[6.505,48.7525],[6.5034,48.749],[6.5051,48.7473],[6.5076,48.7484],[6.5088,48.7479],[6.5114,48.7488],[6.5155,48.7519],[6.5144,48.7537],[6.5202,48.7525],[6.5245,48.7525],[6.527,48.7501],[6.5297,48.7502],[6.5347,48.7489],[6.5386,48.7514],[6.5402,48.7539],[6.5429,48.7534],[6.546,48.7537],[6.5478,48.7551],[6.5499,48.7532],[6.5536,48.755],[6.5541,48.7541],[6.56,48.7554],[6.5592,48.7562],[6.5622,48.7561],[6.5625,48.7529],[6.5633,48.7512],[6.5641,48.751],[6.5645,48.7494],[6.5658,48.7495],[6.5662,48.7486],[6.5692,48.7464],[6.5717,48.7433],[6.5729,48.7425],[6.573,48.7411],[6.5736,48.741],[6.5742,48.7394],[6.5755,48.7396],[6.5769,48.7374],[6.5779,48.7374],[6.5801,48.7346],[6.5867,48.7325],[6.5895,48.7325],[6.5948,48.7292],[6.598,48.7223],[6.599,48.7157],[6.6026,48.7159],[6.6054,48.7171],[6.6082,48.7159],[6.6104,48.7169],[6.6109,48.7162],[6.6138,48.7159],[6.6167,48.7147],[6.6201,48.7122],[6.6236,48.7137],[6.6281,48.7121],[6.6347,48.7058],[6.6375,48.7046],[6.6385,48.7011],[6.6424,48.7024],[6.6458,48.7046],[6.646,48.7058],[6.649,48.7065],[6.6504,48.7054],[6.6541,48.7059],[6.6584,48.708],[6.6616,48.7061],[6.6646,48.7035],[6.6666,48.7004],[6.6705,48.6977],[6.6764,48.689],[6.6742,48.6882],[6.6718,48.6882],[6.6715,48.6865],[6.6698,48.6866],[6.6703,48.6841],[6.6721,48.6805],[6.6708,48.678],[6.6712,48.6741],[6.6701,48.672],[6.6664,48.671],[6.6678,48.67],[6.6669,48.668],[6.669,48.6673],[6.6715,48.6698],[6.6724,48.6715],[6.6725,48.6727],[6.6743,48.6723],[6.6777,48.6735],[6.6789,48.6758],[6.6781,48.6781],[6.6855,48.6813],[6.6835,48.6834],[6.6858,48.6842],[6.6848,48.6855],[6.6856,48.6857],[6.6866,48.6854],[6.6888,48.6817],[6.6928,48.6806],[6.6944,48.6796],[6.695,48.678],[6.6946,48.677],[6.6904,48.6758],[6.6923,48.6728],[6.6955,48.6717],[6.6963,48.6723],[6.6975,48.6714],[6.6996,48.6714],[6.704,48.6747],[6.7062,48.6723],[6.7074,48.6726],[6.7091,48.6711],[6.7124,48.6732],[6.7129,48.6728],[6.7113,48.6714],[6.7156,48.6675],[6.7183,48.6682],[6.7211,48.67],[6.7231,48.6681],[6.7239,48.6661],[6.7261,48.6644],[6.7338,48.6631],[6.7357,48.6659],[6.7404,48.6687],[6.7484,48.667],[6.7492,48.6666],[6.7492,48.6661],[6.7525,48.6676],[6.7551,48.6699],[6.7599,48.6698],[6.7616,48.6675],[6.7606,48.6659],[6.7558,48.6639],[6.7573,48.6638],[6.7595,48.6626],[6.7589,48.6597],[6.7628,48.6554],[6.7628,48.6538],[6.764,48.6521],[6.7728,48.6516],[6.7758,48.6533],[6.7778,48.6539],[6.7789,48.6533],[6.7787,48.6522],[6.7741,48.6479],[6.7784,48.6461],[6.7826,48.6427],[6.8114,48.6474],[6.8168,48.6467],[6.8221,48.6451],[6.8256,48.6454],[6.8265,48.646],[6.8287,48.6445],[6.8332,48.6441],[6.8366,48.6431],[6.8368,48.6399],[6.8393,48.6374],[6.8416,48.6352],[6.8427,48.6322],[6.8428,48.6297],[6.8441,48.626],[6.8447,48.6259],[6.8452,48.6252],[6.8462,48.6252],[6.8477,48.6232],[6.8488,48.6235],[6.8517,48.6228],[6.8534,48.6211],[6.8549,48.6215],[6.8588,48.6213],[6.8609,48.6203],[6.8664,48.6204],[6.8664,48.6212],[6.8672,48.6215],[6.8689,48.6213],[6.8693,48.6208],[6.8716,48.6212],[6.8746,48.6225],[6.8777,48.6227],[6.8793,48.6246],[6.8805,48.6249],[6.8831,48.6249],[6.8833,48.6245],[6.8855,48.6249],[6.886,48.6241],[6.8912,48.624],[6.8933,48.625],[6.8953,48.6225],[6.8965,48.6219],[6.9019,48.6215],[6.9054,48.6198],[6.9117,48.6206],[6.9182,48.6248],[6.9191,48.6273],[6.9177,48.6294],[6.9201,48.6326],[6.9197,48.6338],[6.93,48.6355],[6.9334,48.634],[6.9346,48.6327],[6.9341,48.6307],[6.9346,48.6299],[6.9344,48.6276],[6.9358,48.6253],[6.937,48.6242],[6.9407,48.6237],[6.945,48.6188],[6.9418,48.6175],[6.9397,48.6151],[6.9509,48.6109],[6.9608,48.6083],[6.9625,48.609],[6.9643,48.6088],[6.9677,48.6105],[6.9686,48.6098],[6.969,48.6109],[6.9744,48.6119],[6.9779,48.6112],[6.9807,48.6117],[6.9808,48.6111],[6.9813,48.6111],[6.9858,48.613],[6.9896,48.6117],[6.9913,48.6095],[6.9932,48.6099],[6.9988,48.6081],[7.0041,48.6084],[7.0057,48.6091],[7.0087,48.6118],[7.0126,48.6101],[7.0152,48.6096],[7.017,48.6083],[7.0167,48.604],[7.0112,48.6022],[7.0103,48.6025],[7.0081,48.6011],[6.9965,48.597],[6.9964,48.5964],[6.993,48.5965],[6.9954,48.5944],[6.9933,48.5934],[6.9961,48.5925],[7.0005,48.5924],[7.0068,48.5888],[7.0098,48.5882],[7.0113,48.586],[7.0181,48.5832],[7.019,48.5801],[7.0208,48.5794],[7.0228,48.579],[7.0282,48.5802],[7.0342,48.5804],[7.0337,48.5779],[7.0357,48.5742],[7.0382,48.5722],[7.0419,48.572],[7.0431,48.5713],[7.0445,48.5685],[7.0433,48.5639],[7.0441,48.5621],[7.0456,48.5612],[7.0458,48.5601],[7.0491,48.5584],[7.0533,48.5581],[7.0541,48.5559],[7.0532,48.5536],[7.0539,48.5519],[7.0721,48.5463],[7.0821,48.545],[7.0839,48.5453],[7.0836,48.5413],[7.0809,48.5415],[7.0761,48.5405],[7.0726,48.5413],[7.0674,48.5411],[7.0572,48.5392],[7.0563,48.539],[7.0587,48.5375],[7.062,48.5367],[7.0701,48.5377],[7.0794,48.5364]]]},"properties":{"id":"575","name":"Sarrebourg-Château-Salins","territoire":"Lorraine","sigle":"LOR","pays":"France","cx":6.843,"cy":48.781}},
{"type":"Feature","geometry":{"type":"Polygon","coordinates":[[[6.8319,48.9608],[6.8252,48.9571],[6.8262,48.9554],[6.8316,48.9551],[6.8351,48.9541],[6.8366,48.9543],[6.8441,48.9559],[6.8562,48.9613],[6.8584,48.9617],[6.8676,48.9623],[6.8804,48.9649],[6.8846,48.9697],[6.8911,48.972],[6.8944,48.9748],[6.8951,48.973],[6.8937,48.9728],[6.8893,48.9695],[6.8874,48.9671],[6.8888,48.9664],[6.8906,48.9674],[6.8955,48.9646],[6.8958,48.9628],[6.9003,48.9627],[6.9005,48.9606],[6.9015,48.961],[6.9035,48.9599],[6.9042,48.9603],[6.9059,48.9569],[6.9077,48.9573],[6.9092,48.9572],[6.909,48.9577],[6.9104,48.9586],[6.9138,48.9577],[6.9147,48.9584],[6.9139,48.9596],[6.9154,48.9595],[6.9172,48.9605],[6.9205,48.9579],[6.9256,48.9599],[6.9286,48.9612],[6.9306,48.961],[6.9372,48.9626],[6.9398,48.9607],[6.9417,48.9609],[6.9443,48.9594],[6.9464,48.9589],[6.9491,48.9559],[6.9527,48.9542],[6.9565,48.9545],[6.9603,48.9526],[6.9601,48.952],[6.9597,48.9517],[6.9601,48.951],[6.9631,48.95],[6.9735,48.9512],[6.9797,48.9498],[6.9868,48.9496],[6.9885,48.9532],[6.9865,48.9546],[6.9877,48.9552],[6.9876,48.9558],[6.9888,48.9554],[6.9886,48.9564],[6.989,48.9566],[6.9878,48.9568],[6.9891,48.9579],[6.9878,48.9579],[6.989,48.9584],[6.9892,48.9599],[6.9911,48.9607],[6.9925,48.9605],[6.9951,48.9585],[7.0035,48.9586],[7.0057,48.9573],[7.0108,48.9571],[7.0155,48.9583],[7.0188,48.9577],[7.0259,48.9561],[7.0322,48.956],[7.031,48.9606],[7.0291,48.9645],[7.0273,48.9666],[7.027,48.9694],[7.0307,48.972],[7.0316,48.9735],[7.037,48.9723],[7.0395,48.9732],[7.0386,48.974],[7.0361,48.9729],[7.0354,48.9736],[7.0358,48.9753],[7.0384,48.9755],[7.0357,48.9765],[7.0376,48.9773],[7.0386,48.9761],[7.0403,48.976],[7.0411,48.9763],[7.0413,48.9773],[7.0387,48.978],[7.0375,48.9793],[7.0349,48.9781],[7.0346,48.9792],[7.0355,48.9793],[7.0358,48.9801],[7.0381,48.9804],[7.0382,48.9809],[7.0357,48.9811],[7.0355,48.9826],[7.0348,48.983],[7.0324,48.9829],[7.0323,48.9844],[7.0309,48.9859],[7.0306,48.9871],[7.0315,48.9896],[7.0328,48.9897],[7.0324,48.9901],[7.0327,48.9905],[7.0333,48.9894],[7.0343,48.9893],[7.0359,48.99],[7.0344,48.9916],[7.0356,48.9924],[7.0355,48.9932],[7.0338,48.9942],[7.036,48.9938],[7.0366,48.9925],[7.0376,48.9923],[7.0382,48.9927],[7.037,48.9962],[7.0397,48.9978],[7.0405,48.9988],[7.0436,48.9973],[7.0469,48.9999],[7.0471,49.0003],[7.0457,49.0014],[7.0472,49.0029],[7.0467,49.0041],[7.047,49.0046],[7.053,49.0073],[7.0523,49.0087],[7.0545,49.0099],[7.0545,49.0117],[7.0526,49.013],[7.0483,49.0134],[7.0474,49.0146],[7.0489,49.0153],[7.0487,49.0184],[7.0521,49.0199],[7.051,49.0221],[7.054,49.0241],[7.0536,49.0263],[7.0523,49.0283],[7.0549,49.0306],[7.0626,49.0377],[7.0632,49.0374],[7.0664,49.0399],[7.0705,49.042],[7.0725,49.0437],[7.0728,49.0465],[7.0787,49.0504],[7.0738,49.0549],[7.0723,49.0572],[7.0692,49.0599],[7.0689,49.0629],[7.0677,49.065],[7.0675,49.0664],[7.0757,49.074],[7.0836,49.0687],[7.0845,49.0688],[7.0914,49.0709],[7.0985,49.0761],[7.0993,49.0779],[7.1032,49.0763],[7.1044,49.0719],[7.1092,49.0716],[7.1125,49.0723],[7.1193,49.0683],[7.1152,49.0665],[7.1133,49.0647],[7.1092,49.0653],[7.1035,49.0645],[7.1017,49.0637],[7.1024,49.0578],[7.1063,49.0557],[7.1053,49.0547],[7.1049,49.0526],[7.1075,49.0471],[7.1064,49.0453],[7.1088,49.0421],[7.1107,49.0407],[7.1134,49.0398],[7.1165,49.04],[7.117,49.0387],[7.1195,49.0372],[7.1175,49.0356],[7.1165,49.0336],[7.1134,49.0325],[7.115,49.0302],[7.1177,49.0309],[7.1214,49.0304],[7.1217,49.0298],[7.1205,49.0289],[7.1215,49.0272],[7.1235,49.0256],[7.1231,49.0251],[7.1234,49.0244],[7.1219,49.0233],[7.1218,49.0226],[7.1233,49.0215],[7.1213,49.0208],[7.1217,49.0187],[7.1232,49.019],[7.124,49.0186],[7.1238,49.0178],[7.1256,49.0171],[7.1254,49.0165],[7.1279,49.014],[7.1274,49.0102],[7.1258,49.0093],[7.1255,49.0086],[7.126,49.0058],[7.1287,49.0058],[7.1305,49.0046],[7.1617,49.006],[7.1619,49.0054],[7.1609,49.0034],[7.1615,49.0023],[7.1624,49.0038],[7.1742,49.0064],[7.1772,49.0048],[7.1789,49.0029],[7.1838,49.0009],[7.1834,48.9998],[7.1837,48.9948],[7.1862,48.9938],[7.1943,48.9952],[7.2023,48.9884],[7.2093,48.9801],[7.2207,48.9829],[7.236,48.9878],[7.2392,48.9878],[7.2449,48.986],[7.245,48.987],[7.2511,48.985],[7.2562,48.9811],[7.2608,48.9818],[7.2656,48.9805],[7.2747,48.976],[7.291,48.974],[7.2939,48.9726],[7.294,48.9716],[7.2904,48.9671],[7.2931,48.9656],[7.2933,48.9647],[7.2919,48.9627],[7.2909,48.9597],[7.2905,48.9598],[7.2902,48.9565],[7.3062,48.9566],[7.3061,48.9535],[7.3128,48.9495],[7.3268,48.9434],[7.3317,48.9473],[7.3338,48.9483],[7.3376,48.949],[7.3445,48.9485],[7.3508,48.9528],[7.3551,48.9544],[7.3589,48.9576],[7.3626,48.9547],[7.3658,48.9547],[7.3681,48.9535],[7.3692,48.9522],[7.3799,48.9512],[7.3859,48.9515],[7.3923,48.9527],[7.3959,48.9559],[7.4087,48.9594],[7.4142,48.9588],[7.4227,48.9604],[7.4302,48.9609],[7.4384,48.964],[7.4436,48.964],[7.4516,48.968],[7.4534,48.9667],[7.4531,48.9652],[7.4553,48.963],[7.4585,48.9633],[7.4653,48.9614],[7.4748,48.9622],[7.4796,48.9614],[7.4808,48.9603],[7.4806,48.9592],[7.4816,48.9576],[7.4842,48.9562],[7.4828,48.9542],[7.4835,48.9523],[7.4852,48.9507],[7.487,48.9501],[7.496,48.9472],[7.498,48.9456],[7.5008,48.9445],[7.5132,48.9432],[7.515,48.9431],[7.517,48.9413],[7.5199,48.9402],[7.5213,48.9412],[7.5234,48.9447],[7.5259,48.9445],[7.529,48.9421],[7.5333,48.9335],[7.5363,48.9324],[7.5414,48.9341],[7.5499,48.9348],[7.5568,48.9363],[7.5527,48.9369],[7.5531,48.9382],[7.5549,48.9397],[7.5544,48.9408],[7.5515,48.9412],[7.5519,48.9424],[7.5541,48.9444],[7.558,48.9458],[7.5629,48.9493],[7.5642,48.9514],[7.5681,48.9546],[7.5692,48.9549],[7.5714,48.9543],[7.5782,48.9572],[7.5799,48.9616],[7.5816,48.9646],[7.5836,48.966],[7.5845,48.9668],[7.5799,48.9693],[7.5826,48.9727],[7.5859,48.9786],[7.5923,48.9848],[7.5925,48.9872],[7.59,48.9891],[7.5875,48.9894],[7.589,48.992],[7.5965,48.9979],[7.5977,49.002],[7.6044,49.0058],[7.6048,49.008],[7.6116,49.0124],[7.6063,49.0165],[7.6071,49.0193],[7.6062,49.0197],[7.6064,49.02],[7.6107,49.0214],[7.6103,49.0224],[7.6108,49.0235],[7.6157,49.0275],[7.6159,49.0288],[7.6173,49.0293],[7.6198,49.0317],[7.624,49.0325],[7.6262,49.0337],[7.6273,49.0344],[7.6277,49.0355],[7.6274,49.036],[7.6368,49.045],[7.64,49.0491],[7.6357,49.054],[7.6312,49.0549],[7.6326,49.0585],[7.6325,49.0638],[7.6306,49.0657],[7.6307,49.0662],[7.631,49.0677],[7.6311,49.0691],[7.631,49.0697],[7.6303,49.0715],[7.6308,49.0726],[7.6293,49.0736],[7.623,49.0739],[7.6202,49.0741],[7.6201,49.0741],[7.6102,49.0784],[7.6077,49.0801],[7.606,49.0813],[7.601,49.0832],[7.5996,49.0832],[7.5994,49.0832],[7.5959,49.0828],[7.5871,49.0818],[7.5799,49.081],[7.576,49.0805],[7.5693,49.0797],[7.5679,49.0798],[7.5638,49.0802],[7.5636,49.0802],[7.5632,49.0804],[7.5588,49.0822],[7.5557,49.0835],[7.5498,49.0858],[7.5446,49.0884],[7.5405,49.0911],[7.5357,49.0936],[7.5378,49.0964],[7.5287,49.0971],[7.5291,49.0998],[7.5295,49.1021],[7.5291,49.1024],[7.5283,49.1036],[7.5263,49.1036],[7.5252,49.1039],[7.5245,49.1046],[7.5247,49.1051],[7.5241,49.1053],[7.524,49.1055],[7.5239,49.1056],[7.5236,49.1059],[7.5235,49.1061],[7.522,49.1079],[7.5209,49.11],[7.5213,49.1118],[7.5201,49.1141],[7.5189,49.1165],[7.5163,49.1199],[7.5155,49.121],[7.5117,49.1224],[7.5055,49.1224],[7.5036,49.1261],[7.5011,49.129],[7.501,49.1295],[7.5001,49.1306],[7.4993,49.1324],[7.4976,49.1346],[7.4967,49.1354],[7.4954,49.1358],[7.4929,49.1361],[7.4896,49.1365],[7.4891,49.1389],[7.4891,49.139],[7.4893,49.1401],[7.4897,49.1414],[7.4899,49.1423],[7.4953,49.1413],[7.4962,49.1421],[7.4963,49.1422],[7.4966,49.1424],[7.4958,49.143],[7.4955,49.1433],[7.4952,49.1436],[7.4953,49.1436],[7.4964,49.1448],[7.4977,49.1462],[7.4986,49.1469],[7.4987,49.147],[7.5022,49.1494],[7.5031,49.1499],[7.506,49.1506],[7.5061,49.1515],[7.5062,49.1522],[7.5065,49.1547],[7.4975,49.1557],[7.4961,49.1552],[7.496,49.1552],[7.4955,49.156],[7.4953,49.1565],[7.4948,49.1574],[7.4932,49.1606],[7.493,49.1619],[7.4925,49.1643],[7.4938,49.1677],[7.4941,49.1686],[7.494,49.1694],[7.4939,49.1694],[7.4939,49.1695],[7.4924,49.1693],[7.4912,49.1691],[7.4912,49.1694],[7.491,49.1694],[7.4909,49.1695],[7.4907,49.1695],[7.4823,49.1697],[7.4772,49.1687],[7.4725,49.1685],[7.4706,49.1681],[7.4673,49.1673],[7.4663,49.166],[7.4658,49.1654],[7.465,49.1648],[7.4615,49.1633],[7.4597,49.1628],[7.4577,49.163],[7.4573,49.1636],[7.457,49.1641],[7.4565,49.1649],[7.4562,49.1653],[7.4556,49.1656],[7.4548,49.1665],[7.4543,49.1669],[7.4518,49.1674],[7.4515,49.1675],[7.451,49.1677],[7.4491,49.1685],[7.449,49.1685],[7.4487,49.1686],[7.4482,49.1688],[7.4472,49.1688],[7.4462,49.1684],[7.4443,49.1675],[7.4437,49.1668],[7.4418,49.1654],[7.4409,49.165],[7.4407,49.1649],[7.4404,49.1648],[7.4397,49.1645],[7.4381,49.1643],[7.437,49.1643],[7.4345,49.1648],[7.4338,49.165],[7.4333,49.1652],[7.4328,49.1657],[7.4327,49.1662],[7.433,49.1672],[7.4329,49.1677],[7.4329,49.1681],[7.4334,49.1684],[7.4369,49.1692],[7.4401,49.1703],[7.4403,49.1704],[7.441,49.1708],[7.4415,49.1714],[7.4417,49.172],[7.4417,49.1727],[7.4415,49.1734],[7.441,49.1742],[7.441,49.1743],[7.4397,49.1756],[7.4392,49.1759],[7.4381,49.1761],[7.4378,49.1762],[7.4363,49.177],[7.436,49.1774],[7.436,49.1778],[7.4357,49.1787],[7.4357,49.1792],[7.4359,49.1797],[7.4365,49.18],[7.4367,49.1801],[7.4376,49.1805],[7.4381,49.1806],[7.4386,49.1808],[7.4401,49.1809],[7.4413,49.1815],[7.4413,49.1816],[7.443,49.1821],[7.4447,49.1828],[7.4451,49.1832],[7.4455,49.1836],[7.4456,49.1839],[7.4456,49.1842],[7.4444,49.184],[7.4258,49.1814],[7.4107,49.1793],[7.4044,49.1784],[7.3914,49.1765],[7.3864,49.1758],[7.3819,49.1751],[7.3808,49.175],[7.3793,49.1749],[7.3728,49.1735],[7.3666,49.1723],[7.3658,49.172],[7.3655,49.172],[7.3651,49.1718],[7.3652,49.1716],[7.3652,49.1711],[7.3652,49.1709],[7.3651,49.1704],[7.365,49.17],[7.365,49.1697],[7.365,49.1692],[7.365,49.1691],[7.365,49.169],[7.3651,49.1686],[7.3651,49.1683],[7.3651,49.1678],[7.365,49.1673],[7.365,49.1672],[7.3656,49.1648],[7.3659,49.1643],[7.3659,49.1642],[7.3663,49.1638],[7.3685,49.1625],[7.3687,49.1623],[7.3688,49.1622],[7.3688,49.1621],[7.3689,49.1618],[7.3688,49.1615],[7.3687,49.1614],[7.3684,49.1612],[7.3679,49.1611],[7.3671,49.1609],[7.3668,49.1607],[7.3666,49.1606],[7.3631,49.1572],[7.3626,49.1566],[7.3623,49.156],[7.3623,49.1559],[7.3624,49.1555],[7.3619,49.1546],[7.3614,49.1534],[7.3614,49.1532],[7.3613,49.1527],[7.3615,49.1521],[7.3625,49.1486],[7.3627,49.147],[7.3628,49.1456],[7.363,49.1452],[7.3628,49.1452],[7.3616,49.1451],[7.3615,49.1449],[7.3615,49.1445],[7.3619,49.1439],[7.3627,49.1431],[7.3564,49.1439],[7.3454,49.1432],[7.3414,49.1452],[7.3298,49.1448],[7.3246,49.1427],[7.3214,49.1414],[7.321,49.1412],[7.3201,49.1408],[7.3185,49.1399],[7.3155,49.1385],[7.3139,49.1372],[7.3128,49.1357],[7.3113,49.1318],[7.3112,49.1308],[7.3112,49.1305],[7.3105,49.1298],[7.3102,49.1294],[7.3083,49.1286],[7.3077,49.1284],[7.3076,49.1282],[7.3067,49.1274],[7.306,49.1272],[7.3056,49.1271],[7.3042,49.1242],[7.3041,49.1239],[7.3041,49.1232],[7.3015,49.1214],[7.3005,49.1203],[7.2996,49.1194],[7.2984,49.1173],[7.2932,49.1149],[7.2913,49.1156],[7.2824,49.1169],[7.2825,49.1183],[7.2836,49.1211],[7.2838,49.1234],[7.2816,49.1244],[7.2804,49.1229],[7.2795,49.1228],[7.2786,49.1227],[7.2783,49.1225],[7.2779,49.1224],[7.2776,49.1224],[7.276,49.1232],[7.2736,49.1242],[7.2716,49.1243],[7.271,49.124],[7.2703,49.1237],[7.2674,49.1238],[7.2667,49.1228],[7.2666,49.1228],[7.2665,49.1226],[7.2657,49.1227],[7.2491,49.1273],[7.2488,49.1274],[7.2453,49.1291],[7.2451,49.1301],[7.2387,49.1287],[7.2372,49.1289],[7.2361,49.1288],[7.2356,49.1287],[7.2333,49.1276],[7.23,49.1264],[7.2201,49.1252],[7.2155,49.1252],[7.2131,49.1246],[7.213,49.1246],[7.2112,49.1246],[7.2097,49.1245],[7.2085,49.1245],[7.208,49.1236],[7.2079,49.1236],[7.2056,49.1236],[7.2055,49.1236],[7.2048,49.1231],[7.2043,49.1229],[7.2038,49.1226],[7.2038,49.1224],[7.2037,49.1212],[7.2036,49.1203],[7.1999,49.1156],[7.1991,49.1154],[7.1983,49.1152],[7.1982,49.1152],[7.1981,49.1152],[7.198,49.1152],[7.1967,49.1171],[7.1973,49.118],[7.1973,49.1184],[7.1973,49.1189],[7.1972,49.1193],[7.197,49.1197],[7.1967,49.1203],[7.1965,49.1205],[7.1964,49.1208],[7.1963,49.1216],[7.1963,49.1217],[7.1934,49.1237],[7.1915,49.1251],[7.1905,49.1258],[7.1905,49.1259],[7.1913,49.1263],[7.1915,49.1264],[7.1903,49.128],[7.1871,49.1279],[7.1868,49.1288],[7.1856,49.1306],[7.1855,49.1312],[7.184,49.1313],[7.1839,49.131],[7.1836,49.13],[7.1774,49.1302],[7.1782,49.1286],[7.1767,49.1282],[7.1744,49.1292],[7.174,49.1291],[7.1718,49.1283],[7.1715,49.1282],[7.1678,49.1274],[7.1661,49.1289],[7.1652,49.1286],[7.1651,49.1286],[7.1634,49.1269],[7.1631,49.1265],[7.1616,49.1242],[7.1603,49.123],[7.1595,49.1222],[7.1603,49.1217],[7.1598,49.121],[7.1594,49.1205],[7.1587,49.1206],[7.1558,49.1214],[7.1546,49.1227],[7.1542,49.123],[7.1521,49.1242],[7.1511,49.1244],[7.1507,49.125],[7.1503,49.1251],[7.1493,49.1253],[7.1431,49.1259],[7.1423,49.1263],[7.1403,49.128],[7.1383,49.1284],[7.136,49.1285],[7.1358,49.1285],[7.134,49.1308],[7.1318,49.1315],[7.1316,49.1318],[7.1316,49.1322],[7.1317,49.1339],[7.1315,49.1346],[7.1314,49.1349],[7.1301,49.136],[7.1292,49.137],[7.1288,49.1392],[7.1287,49.1393],[7.1283,49.1396],[7.1275,49.1398],[7.1268,49.1405],[7.1263,49.1416],[7.1258,49.1419],[7.1247,49.142],[7.1224,49.1419],[7.1214,49.1417],[7.118,49.1404],[7.1167,49.1401],[7.1166,49.1401],[7.1134,49.1399],[7.1078,49.1394],[7.1069,49.1391],[7.1058,49.1386],[7.1052,49.1385],[7.1049,49.1384],[7.1041,49.1384],[7.1035,49.1389],[7.103,49.14],[7.1027,49.1417],[7.103,49.1439],[7.1031,49.1445],[7.1035,49.1452],[7.1036,49.1455],[7.104,49.1459],[7.1042,49.1461],[7.1053,49.147],[7.1063,49.1477],[7.1112,49.1499],[7.1117,49.1502],[7.1122,49.1505],[7.1129,49.1513],[7.1132,49.152],[7.1131,49.1524],[7.1127,49.1525],[7.1124,49.1526],[7.1116,49.1527],[7.1082,49.1525],[7.1072,49.1526],[7.1072,49.1527],[7.1069,49.1531],[7.1069,49.1536],[7.1072,49.1542],[7.1071,49.1547],[7.1061,49.1554],[7.1041,49.1558],[7.1023,49.1559],[7.1011,49.156],[7.0991,49.1556],[7.0981,49.1552],[7.0979,49.1551],[7.097,49.1545],[7.0958,49.1531],[7.0957,49.153],[7.0948,49.1527],[7.0929,49.1525],[7.0915,49.1521],[7.0903,49.1519],[7.0874,49.1519],[7.0865,49.152],[7.0857,49.1526],[7.0853,49.1531],[7.0844,49.1534],[7.0835,49.1533],[7.0833,49.1532],[7.0825,49.1528],[7.0822,49.1521],[7.0816,49.15],[7.0813,49.1492],[7.0813,49.1491],[7.0813,49.1483],[7.0815,49.1476],[7.0815,49.1472],[7.0816,49.1471],[7.0819,49.1463],[7.0823,49.146],[7.0825,49.1457],[7.0843,49.1446],[7.0843,49.1439],[7.0841,49.1437],[7.0836,49.1432],[7.0834,49.143],[7.0824,49.1424],[7.0821,49.1419],[7.0821,49.1417],[7.0823,49.1413],[7.0839,49.1402],[7.0841,49.1395],[7.0845,49.1388],[7.089,49.1343],[7.0893,49.1339],[7.0897,49.1334],[7.0901,49.1328],[7.0902,49.1321],[7.0902,49.1317],[7.0901,49.1309],[7.0894,49.1302],[7.0877,49.1294],[7.0854,49.1285],[7.0818,49.1278],[7.0792,49.1271],[7.0772,49.1266],[7.075,49.1258],[7.0735,49.1251],[7.0718,49.1243],[7.0712,49.1238],[7.071,49.1237],[7.0708,49.1228],[7.0703,49.1223],[7.0697,49.1217],[7.0692,49.1213],[7.0686,49.1203],[7.0684,49.1194],[7.0684,49.119],[7.0684,49.1184],[7.0684,49.1177],[7.0684,49.1172],[7.0684,49.1167],[7.0677,49.1153],[7.0676,49.1151],[7.0675,49.115],[7.0669,49.1145],[7.0666,49.1143],[7.0666,49.1142],[7.0662,49.1141],[7.0602,49.1126],[7.0572,49.1119],[7.0561,49.112],[7.055,49.1121],[7.0524,49.1128],[7.0517,49.113],[7.0505,49.1137],[7.0481,49.1153],[7.0471,49.116],[7.0461,49.1172],[7.045,49.1187],[7.0446,49.1194],[7.0442,49.1202],[7.0442,49.1205],[7.0442,49.1208],[7.0444,49.1245],[7.0452,49.1286],[7.0455,49.1299],[7.0455,49.1316],[7.0457,49.1325],[7.0467,49.135],[7.0468,49.1354],[7.0467,49.136],[7.0467,49.1367],[7.0465,49.1373],[7.0456,49.1392],[7.0438,49.1421],[7.0429,49.1436],[7.0417,49.146],[7.0409,49.1473],[7.0406,49.1476],[7.0403,49.1479],[7.0389,49.1487],[7.0388,49.1488],[7.0384,49.1493],[7.0383,49.1494],[7.0379,49.1502],[7.0377,49.1505],[7.0374,49.1509],[7.0372,49.1511],[7.036,49.1523],[7.0354,49.1529],[7.0352,49.1531],[7.0342,49.154],[7.0337,49.1544],[7.0333,49.1548],[7.0332,49.155],[7.033,49.1553],[7.0323,49.1565],[7.032,49.1573],[7.032,49.158],[7.0319,49.1586],[7.032,49.1592],[7.0322,49.1598],[7.0323,49.16],[7.0332,49.1618],[7.0332,49.1625],[7.0331,49.163],[7.033,49.1636],[7.033,49.1638],[7.0329,49.1641],[7.0328,49.1643],[7.0322,49.1647],[7.0321,49.1648],[7.0311,49.1655],[7.0303,49.1661],[7.0296,49.1666],[7.0291,49.1671],[7.0287,49.1676],[7.0286,49.1678],[7.0283,49.1685],[7.0277,49.1701],[7.0276,49.1708],[7.0278,49.1716],[7.0279,49.1727],[7.0284,49.1754],[7.0284,49.1755],[7.0285,49.1757],[7.0286,49.1759],[7.0287,49.1761],[7.0288,49.1761],[7.0293,49.1766],[7.0294,49.1767],[7.032,49.1793],[7.0331,49.181],[7.0334,49.1816],[7.0337,49.1823],[7.0335,49.1861],[7.0332,49.188],[7.035,49.1914],[7.0349,49.1914],[7.0347,49.1914],[7.0329,49.1912],[7.0309,49.191],[7.0286,49.1908],[7.0285,49.1909],[7.028,49.1913],[7.0279,49.1912],[7.0274,49.1909],[7.026,49.19],[7.0244,49.1896],[7.0231,49.1893],[7.0218,49.1904],[7.0219,49.1924],[7.0214,49.1932],[7.0211,49.1931],[7.0206,49.193],[7.0189,49.1927],[7.0156,49.1913],[7.0182,49.189],[7.0187,49.1861],[7.0196,49.1847],[7.0195,49.1819],[7.0181,49.1784],[7.0185,49.1784],[7.0193,49.1767],[7.0187,49.1767],[7.0184,49.1759],[7.0146,49.173],[7.0092,49.1703],[7.0065,49.17],[7.0011,49.1711],[6.9993,49.1683],[6.9977,49.1671],[6.9922,49.1647],[6.9862,49.1635],[6.982,49.1572],[6.9776,49.1485],[6.9749,49.1446],[6.977,49.1408],[6.9769,49.139],[6.9799,49.1393],[6.982,49.1386],[6.9858,49.1356],[6.9833,49.1325],[6.9847,49.1312],[6.9834,49.1292],[6.9872,49.1285],[6.9875,49.1269],[6.987,49.1262],[6.9889,49.1255],[6.9866,49.1222],[6.9863,49.121],[6.9847,49.1207],[6.9844,49.1184],[6.9833,49.1175],[6.9821,49.1178],[6.9819,49.1169],[6.9808,49.1163],[6.9814,49.1157],[6.9793,49.1152],[6.9743,49.1124],[6.9745,49.1112],[6.9717,49.1096],[6.9733,49.1081],[6.9745,49.105],[6.9742,49.0983],[6.975,49.0967],[6.9756,49.0923],[6.9729,49.0913],[6.9688,49.0881],[6.9715,49.0838],[6.9608,49.0811],[6.9508,49.0805],[6.9475,49.0836],[6.949,49.0855],[6.9527,49.0865],[6.9542,49.0876],[6.9523,49.0892],[6.9472,49.0864],[6.9456,49.0878],[6.9388,49.0834],[6.9378,49.0831],[6.9374,49.0838],[6.9366,49.087],[6.9343,49.0881],[6.9322,49.0882],[6.93,49.09],[6.9284,49.0906],[6.9284,49.0914],[6.927,49.0933],[6.9275,49.095],[6.9219,49.1001],[6.9171,49.0991],[6.915,49.0976],[6.9134,49.0991],[6.9107,49.0988],[6.9065,49.0971],[6.9064,49.0942],[6.9075,49.0926],[6.9087,49.0872],[6.9103,49.0851],[6.9105,49.084],[6.9096,49.0841],[6.9091,49.0834],[6.9095,49.0813],[6.9054,49.0803],[6.9021,49.0817],[6.8987,49.0806],[6.8944,49.0783],[6.8877,49.0774],[6.8818,49.0743],[6.8812,49.0735],[6.8809,49.0727],[6.8831,49.0728],[6.8826,49.0703],[6.8877,49.0707],[6.8916,49.07],[6.8937,49.0707],[6.8959,49.0694],[6.9014,49.0703],[6.9045,49.0699],[6.9083,49.0677],[6.9051,49.0669],[6.8978,49.0625],[6.8847,49.0592],[6.879,49.0567],[6.8764,49.0553],[6.876,49.0538],[6.8699,49.0514],[6.8709,49.0488],[6.8684,49.0487],[6.8564,49.046],[6.8581,49.0446],[6.8574,49.0413],[6.8588,49.0357],[6.8585,49.0329],[6.8598,49.0306],[6.8568,49.0281],[6.8538,49.0274],[6.8498,49.0255],[6.8474,49.0251],[6.8474,49.0243],[6.848,49.0222],[6.8525,49.0206],[6.8566,49.0205],[6.8608,49.0191],[6.8582,49.0177],[6.8579,49.017],[6.8611,49.0159],[6.8604,49.0137],[6.8611,49.0131],[6.8633,49.0124],[6.863,49.0111],[6.8643,49.01],[6.8689,49.0108],[6.8698,49.0104],[6.8734,49.0113],[6.8747,49.0112],[6.8748,49.0108],[6.8773,49.0108],[6.8777,49.0116],[6.8822,49.0108],[6.8834,49.0095],[6.8818,49.008],[6.8779,49.0063],[6.8776,49.004],[6.8765,49.0034],[6.8765,49.0023],[6.8758,49.0023],[6.8761,49.0018],[6.8755,49.0018],[6.8768,49.0002],[6.8779,49.0001],[6.8781,48.9994],[6.8805,48.9982],[6.883,48.9968],[6.8831,48.9961],[6.8822,48.9949],[6.8844,48.9943],[6.8852,48.9925],[6.8882,48.9897],[6.8884,48.9888],[6.8896,48.9878],[6.8917,48.9874],[6.8947,48.983],[6.8946,48.9813],[6.8913,48.9846],[6.8833,48.9838],[6.8783,48.9841],[6.8746,48.985],[6.8753,48.9815],[6.8744,48.9784],[6.8737,48.9782],[6.8731,48.979],[6.8702,48.9785],[6.8704,48.9792],[6.8643,48.9797],[6.8583,48.9788],[6.8576,48.9781],[6.853,48.9767],[6.8538,48.976],[6.8528,48.9758],[6.8535,48.975],[6.8517,48.9743],[6.8523,48.9689],[6.8479,48.9682],[6.848,48.9678],[6.8457,48.9673],[6.846,48.9666],[6.8429,48.9653],[6.8379,48.9649],[6.8361,48.9633],[6.8342,48.9646],[6.8327,48.9626],[6.8325,48.961],[6.8319,48.9608]]]},"properties":{"id":"576","name":"Sarreguemines","territoire":"Lorraine","sigle":"LOR","pays":"France","cx":7.354,"cy":49.047}},
{"type":"Feature","geometry":{"type":"Polygon","coordinates":[[[6.0308,49.2331],[6.0321,49.2357],[6.0302,49.2417],[6.0305,49.2441],[6.0314,49.2452],[6.0311,49.2437],[6.0326,49.2436],[6.0334,49.2424],[6.0358,49.2439],[6.0359,49.2443],[6.0345,49.2447],[6.0374,49.2457],[6.0384,49.2453],[6.0382,49.2427],[6.0403,49.2407],[6.0426,49.2402],[6.0422,49.2371],[6.0405,49.2348],[6.0393,49.2343],[6.0396,49.2327],[6.0438,49.2324],[6.0447,49.2296],[6.0459,49.2302],[6.0462,49.2295],[6.0451,49.2278],[6.0516,49.2273],[6.0524,49.2312],[6.0549,49.2438],[6.0564,49.2443],[6.0543,49.247],[6.0585,49.2486],[6.0609,49.2502],[6.0636,49.252],[6.0683,49.2532],[6.0773,49.2549],[6.0817,49.2547],[6.0831,49.2559],[6.0841,49.2558],[6.0845,49.2553],[6.0894,49.2561],[6.0914,49.2554],[6.0942,49.2553],[6.0986,49.2575],[6.1,49.2571],[6.1019,49.2578],[6.103,49.2588],[6.1035,49.2605],[6.1057,49.2614],[6.1114,49.2634],[6.1166,49.2645],[6.1192,49.2644],[6.1215,49.2634],[6.1238,49.2636],[6.1263,49.262],[6.129,49.2617],[6.1321,49.2627],[6.134,49.2649],[6.1384,49.2654],[6.1371,49.2662],[6.136,49.2662],[6.1354,49.2668],[6.1356,49.2682],[6.1443,49.2684],[6.1473,49.2674],[6.1498,49.2675],[6.1535,49.2687],[6.153,49.2701],[6.1537,49.2701],[6.1547,49.2681],[6.1563,49.268],[6.158,49.2659],[6.1501,49.2635],[6.1509,49.2589],[6.1515,49.259],[6.1523,49.2558],[6.1606,49.2572],[6.1622,49.2549],[6.1773,49.2561],[6.1791,49.2572],[6.1823,49.2575],[6.1838,49.2568],[6.1851,49.2573],[6.1847,49.2568],[6.1858,49.2566],[6.1948,49.2608],[6.1963,49.2588],[6.2021,49.2601],[6.2022,49.2592],[6.207,49.2595],[6.2073,49.2591],[6.2077,49.2563],[6.2063,49.2542],[6.2043,49.255],[6.2038,49.2537],[6.2013,49.2535],[6.2028,49.25],[6.2061,49.25],[6.2068,49.2484],[6.209,49.2488],[6.2087,49.2496],[6.2106,49.2494],[6.2119,49.2514],[6.2149,49.2525],[6.2188,49.2566],[6.2241,49.258],[6.2273,49.2595],[6.2259,49.262],[6.2287,49.2625],[6.2288,49.2629],[6.231,49.2634],[6.2307,49.2641],[6.236,49.2659],[6.2359,49.2648],[6.2327,49.2641],[6.2328,49.262],[6.2313,49.2616],[6.2327,49.2581],[6.2278,49.2561],[6.2291,49.2535],[6.2337,49.2545],[6.2351,49.2527],[6.2365,49.253],[6.2373,49.2519],[6.2383,49.2518],[6.24,49.254],[6.2448,49.2555],[6.2479,49.2572],[6.2475,49.2583],[6.2481,49.2594],[6.2475,49.2596],[6.2492,49.2607],[6.2513,49.2614],[6.2569,49.2607],[6.2565,49.2623],[6.258,49.2632],[6.2574,49.2648],[6.2619,49.2666],[6.2622,49.2684],[6.2608,49.2693],[6.26,49.2711],[6.2613,49.2726],[6.2662,49.272],[6.2708,49.2697],[6.2793,49.2709],[6.2822,49.2699],[6.2813,49.2692],[6.2817,49.2684],[6.2822,49.2687],[6.2856,49.2668],[6.2848,49.2648],[6.2812,49.264],[6.2798,49.2626],[6.2838,49.2595],[6.2844,49.2579],[6.2828,49.2565],[6.2801,49.2527],[6.2814,49.25],[6.2824,49.2495],[6.2818,49.2493],[6.2828,49.2481],[6.2837,49.2478],[6.2852,49.2461],[6.2858,49.2461],[6.2874,49.2438],[6.2888,49.2438],[6.289,49.2433],[6.2891,49.2429],[6.2882,49.2427],[6.2882,49.2404],[6.2871,49.2402],[6.2889,49.2361],[6.2885,49.2352],[6.2901,49.234],[6.2904,49.231],[6.2895,49.2307],[6.2901,49.2296],[6.2925,49.2302],[6.2944,49.2291],[6.2962,49.23],[6.2969,49.2297],[6.2982,49.2307],[6.3006,49.2309],[6.3015,49.2301],[6.3042,49.2315],[6.307,49.2284],[6.3058,49.2282],[6.308,49.2258],[6.3157,49.2251],[6.3155,49.2265],[6.319,49.2265],[6.3235,49.2247],[6.325,49.2252],[6.326,49.2268],[6.3359,49.2321],[6.3373,49.2335],[6.3383,49.2384],[6.3398,49.2402],[6.348,49.2393],[6.3471,49.2397],[6.349,49.243],[6.3527,49.2445],[6.3546,49.2463],[6.3597,49.2477],[6.357,49.2509],[6.371,49.2521],[6.3799,49.2565],[6.3808,49.2572],[6.3799,49.2582],[6.3752,49.2569],[6.3723,49.2594],[6.3716,49.261],[6.378,49.2622],[6.3776,49.2643],[6.3761,49.2652],[6.3698,49.2661],[6.3679,49.2671],[6.3712,49.2692],[6.3738,49.2683],[6.3758,49.2691],[6.3754,49.2718],[6.3763,49.273],[6.3763,49.2746],[6.3781,49.2764],[6.3759,49.2792],[6.3787,49.2805],[6.381,49.2829],[6.3824,49.2854],[6.3821,49.2863],[6.3788,49.2887],[6.3787,49.2898],[6.3809,49.2915],[6.3817,49.2933],[6.3865,49.2963],[6.3876,49.2964],[6.3879,49.2975],[6.3876,49.2985],[6.3853,49.2998],[6.3845,49.3019],[6.3824,49.3034],[6.3786,49.3028],[6.3757,49.3033],[6.3783,49.3061],[6.3855,49.3085],[6.385,49.3097],[6.3855,49.3104],[6.3899,49.3102],[6.3977,49.3117],[6.4038,49.3138],[6.4032,49.3151],[6.406,49.3156],[6.4061,49.3162],[6.4079,49.3159],[6.4083,49.3152],[6.4111,49.3163],[6.4102,49.3171],[6.4107,49.3177],[6.4099,49.3183],[6.4122,49.3196],[6.4104,49.3219],[6.4137,49.3225],[6.4144,49.3231],[6.4141,49.324],[6.4148,49.3242],[6.4146,49.3249],[6.4235,49.3272],[6.4226,49.3285],[6.4193,49.3309],[6.4165,49.3347],[6.4205,49.3364],[6.4315,49.3438],[6.4458,49.3472],[6.4516,49.3498],[6.4496,49.3507],[6.4477,49.3503],[6.4472,49.3509],[6.446,49.3509],[6.4394,49.3543],[6.4374,49.3537],[6.4364,49.3544],[6.4326,49.3541],[6.4306,49.3548],[6.4456,49.3607],[6.4455,49.3616],[6.4476,49.3623],[6.4494,49.3607],[6.4489,49.3604],[6.4508,49.359],[6.4525,49.361],[6.4517,49.3616],[6.4548,49.3633],[6.4559,49.3629],[6.4576,49.3632],[6.46,49.362],[6.4577,49.3603],[6.458,49.3599],[6.4622,49.3616],[6.4647,49.3598],[6.4692,49.3582],[6.4754,49.3585],[6.4755,49.3559],[6.4746,49.3554],[6.4753,49.3533],[6.4787,49.3508],[6.4728,49.3496],[6.4725,49.3486],[6.4766,49.3449],[6.4796,49.3459],[6.4854,49.3423],[6.4921,49.3423],[6.4987,49.3448],[6.5066,49.3468],[6.5124,49.347],[6.514,49.3478],[6.5186,49.3499],[6.5204,49.3527],[6.5241,49.3537],[6.5235,49.3543],[6.5234,49.3557],[6.526,49.3561],[6.5274,49.3571],[6.5371,49.3605],[6.5388,49.3628],[6.5421,49.3628],[6.5437,49.362],[6.5439,49.3614],[6.5457,49.3616],[6.5471,49.3625],[6.5473,49.3633],[6.5469,49.364],[6.5566,49.3674],[6.5558,49.3687],[6.556,49.3706],[6.5551,49.3711],[6.5431,49.3678],[6.5423,49.3692],[6.5425,49.3707],[6.5439,49.3719],[6.5433,49.3733],[6.5445,49.3747],[6.5495,49.3765],[6.5516,49.3762],[6.5556,49.378],[6.5549,49.3796],[6.5554,49.3798],[6.5544,49.3818],[6.5553,49.3821],[6.5559,49.3836],[6.5538,49.3879],[6.5539,49.3893],[6.5518,49.3929],[6.5523,49.3942],[6.5514,49.3968],[6.5521,49.3999],[6.5514,49.4001],[6.5488,49.3998],[6.5468,49.4002],[6.5441,49.4021],[6.5408,49.4012],[6.5392,49.404],[6.5391,49.4042],[6.5385,49.4053],[6.5387,49.4057],[6.5374,49.4083],[6.5373,49.4094],[6.5386,49.4122],[6.5387,49.4122],[6.5397,49.4122],[6.5398,49.4122],[6.5404,49.4129],[6.543,49.414],[6.5425,49.4146],[6.5436,49.4149],[6.5449,49.416],[6.545,49.416],[6.5486,49.4178],[6.5493,49.4176],[6.5503,49.4172],[6.5509,49.4173],[6.551,49.4173],[6.5526,49.4169],[6.5528,49.4172],[6.5533,49.4177],[6.5544,49.4184],[6.555,49.4185],[6.5564,49.4188],[6.5566,49.4189],[6.557,49.4192],[6.5574,49.4195],[6.5571,49.4198],[6.5559,49.421],[6.5542,49.4201],[6.5538,49.4204],[6.5525,49.4213],[6.5518,49.4231],[6.5521,49.4239],[6.5521,49.424],[6.5512,49.425],[6.5508,49.4254],[6.5488,49.4267],[6.5476,49.4275],[6.5465,49.4281],[6.5427,49.4306],[6.542,49.4313],[6.5417,49.4316],[6.5417,49.4325],[6.5405,49.4332],[6.5394,49.4337],[6.538,49.4328],[6.5353,49.4341],[6.5351,49.4342],[6.5343,49.4356],[6.529,49.4354],[6.5248,49.4355],[6.5231,49.4368],[6.522,49.437],[6.5189,49.4388],[6.5177,49.439],[6.5143,49.4407],[6.5095,49.445],[6.5078,49.4459],[6.4994,49.4504],[6.4984,49.4504],[6.4969,49.4505],[6.4964,49.4506],[6.4948,49.4507],[6.4933,49.451],[6.4919,49.4513],[6.4884,49.4515],[6.4863,49.4516],[6.4855,49.4521],[6.4849,49.4525],[6.4848,49.4525],[6.4847,49.4526],[6.4815,49.4544],[6.4775,49.4581],[6.473,49.4607],[6.4714,49.4616],[6.4687,49.4645],[6.4656,49.4647],[6.4646,49.4664],[6.4638,49.4658],[6.4628,49.465],[6.4557,49.4627],[6.4541,49.4638],[6.4517,49.4643],[6.4508,49.4657],[6.4452,49.4672],[6.4431,49.4682],[6.4405,49.4667],[6.4381,49.4682],[6.4359,49.4697],[6.4333,49.4718],[6.4347,49.4727],[6.4291,49.4762],[6.4275,49.4764],[6.4265,49.4758],[6.4262,49.4757],[6.4261,49.4756],[6.4204,49.4764],[6.4181,49.4743],[6.4173,49.4731],[6.4146,49.471],[6.4134,49.4705],[6.4123,49.4701],[6.4084,49.4678],[6.4077,49.4675],[6.4071,49.4672],[6.4068,49.4671],[6.4036,49.4659],[6.4023,49.4665],[6.4,49.4657],[6.3966,49.4646],[6.3958,49.4644],[6.3947,49.4643],[6.3934,49.4641],[6.392,49.4641],[6.3915,49.4642],[6.3891,49.4644],[6.3864,49.4654],[6.3804,49.4662],[6.3799,49.4662],[6.3803,49.4652],[6.3796,49.4645],[6.3758,49.4642],[6.3756,49.4642],[6.375,49.4641],[6.3749,49.4643],[6.374,49.4662],[6.3723,49.4662],[6.3723,49.4666],[6.372,49.4667],[6.3714,49.4668],[6.3714,49.4686],[6.3696,49.469],[6.3694,49.469],[6.3693,49.4691],[6.3681,49.4693],[6.3677,49.4694],[6.3675,49.4656],[6.3678,49.4635],[6.3683,49.4619],[6.3685,49.461],[6.3689,49.4599],[6.3688,49.4599],[6.3679,49.4598],[6.3671,49.4597],[6.3668,49.4597],[6.366,49.4596],[6.3644,49.4595],[6.3643,49.4596],[6.3629,49.4603],[6.3627,49.4604],[6.3618,49.4608],[6.3614,49.461],[6.3605,49.4614],[6.358,49.4632],[6.356,49.4646],[6.355,49.4655],[6.3545,49.4659],[6.3537,49.4666],[6.3532,49.467],[6.3531,49.467],[6.3508,49.4667],[6.3491,49.4664],[6.3487,49.4662],[6.3473,49.4659],[6.347,49.466],[6.3459,49.4665],[6.3443,49.4677],[6.3431,49.4687],[6.3426,49.469],[6.3426,49.4691],[6.3401,49.4682],[6.3394,49.4684],[6.3361,49.4675],[6.3345,49.4671],[6.334,49.4669],[6.334,49.467],[6.3338,49.4669],[6.3328,49.4695],[6.3303,49.47],[6.3302,49.47],[6.3299,49.4701],[6.3298,49.4701],[6.3296,49.4704],[6.3296,49.4706],[6.3276,49.4724],[6.3274,49.4724],[6.3251,49.474],[6.3245,49.4747],[6.3247,49.4748],[6.3226,49.476],[6.3186,49.478],[6.3185,49.4779],[6.3185,49.4778],[6.3184,49.4778],[6.3182,49.4778],[6.3181,49.4777],[6.318,49.4777],[6.318,49.4778],[6.3179,49.4779],[6.3162,49.4775],[6.3162,49.4774],[6.3151,49.4772],[6.3149,49.4771],[6.3146,49.4771],[6.3145,49.4776],[6.3145,49.4777],[6.3144,49.4777],[6.3144,49.4778],[6.3144,49.4779],[6.3144,49.478],[6.3126,49.4803],[6.3096,49.4794],[6.3086,49.4791],[6.3075,49.4784],[6.3069,49.478],[6.3061,49.4774],[6.3054,49.4771],[6.3051,49.4777],[6.3048,49.4779],[6.3042,49.4782],[6.304,49.4779],[6.3039,49.4779],[6.3033,49.4784],[6.3019,49.479],[6.3018,49.479],[6.3015,49.4791],[6.3014,49.4792],[6.3,49.4795],[6.2997,49.4796],[6.2993,49.4797],[6.2991,49.4801],[6.2987,49.4803],[6.2974,49.4802],[6.2973,49.4802],[6.2972,49.4801],[6.2971,49.4801],[6.297,49.4801],[6.2968,49.48],[6.2962,49.4802],[6.296,49.4804],[6.2957,49.4807],[6.2951,49.4814],[6.2953,49.482],[6.2954,49.4822],[6.2957,49.4828],[6.2958,49.4828],[6.2992,49.4882],[6.2992,49.4883],[6.2985,49.4886],[6.2983,49.4886],[6.2972,49.488],[6.2963,49.4874],[6.2953,49.4871],[6.2952,49.487],[6.2945,49.4871],[6.2919,49.4871],[6.2918,49.487],[6.2917,49.4867],[6.2917,49.4865],[6.2917,49.4863],[6.2917,49.4857],[6.2916,49.4855],[6.2915,49.4852],[6.2911,49.485],[6.2912,49.4847],[6.2902,49.4846],[6.2899,49.4847],[6.2892,49.4848],[6.2889,49.4848],[6.2888,49.4848],[6.2883,49.4853],[6.2878,49.4859],[6.2875,49.4862],[6.2878,49.4865],[6.2879,49.4866],[6.2881,49.4867],[6.2885,49.4867],[6.2887,49.4867],[6.2888,49.4867],[6.2892,49.4871],[6.2875,49.4878],[6.2873,49.4878],[6.2871,49.4879],[6.2862,49.4881],[6.2854,49.4895],[6.2851,49.4899],[6.285,49.49],[6.2848,49.4902],[6.2846,49.4906],[6.2846,49.4908],[6.2845,49.491],[6.2844,49.4914],[6.2844,49.4915],[6.2845,49.4916],[6.2846,49.4917],[6.2848,49.4918],[6.2852,49.492],[6.2853,49.4921],[6.2856,49.4922],[6.2858,49.4922],[6.287,49.492],[6.2872,49.4919],[6.2876,49.4917],[6.2883,49.4916],[6.2888,49.4925],[6.2888,49.4926],[6.2889,49.4928],[6.289,49.4928],[6.2895,49.4938],[6.2892,49.494],[6.2887,49.4944],[6.2886,49.4944],[6.2885,49.4944],[6.2871,49.494],[6.2869,49.4939],[6.2865,49.4937],[6.2864,49.4936],[6.2852,49.4931],[6.2841,49.493],[6.2836,49.493],[6.2834,49.4931],[6.2821,49.4932],[6.2817,49.4934],[6.2814,49.4939],[6.2812,49.494],[6.2808,49.4941],[6.2806,49.4942],[6.2804,49.4942],[6.2802,49.4943],[6.2799,49.4944],[6.2797,49.4945],[6.2796,49.4946],[6.2795,49.4947],[6.2795,49.4948],[6.2795,49.4949],[6.2795,49.4952],[6.2794,49.4953],[6.2794,49.4954],[6.2793,49.4954],[6.2793,49.4955],[6.2792,49.4956],[6.2791,49.4957],[6.2791,49.4958],[6.2791,49.4959],[6.2791,49.496],[6.279,49.496],[6.279,49.4961],[6.2789,49.4962],[6.2789,49.4963],[6.2789,49.4964],[6.2789,49.4965],[6.2791,49.4972],[6.2791,49.4973],[6.2791,49.4974],[6.2792,49.4975],[6.2792,49.4976],[6.2794,49.498],[6.2793,49.4982],[6.2793,49.4984],[6.2794,49.4986],[6.2795,49.4988],[6.2796,49.4988],[6.2798,49.4994],[6.2801,49.5007],[6.28,49.5013],[6.2799,49.5014],[6.2798,49.5014],[6.2798,49.5016],[6.2797,49.5017],[6.2797,49.5018],[6.2797,49.5019],[6.2798,49.5019],[6.2799,49.502],[6.2799,49.5023],[6.2798,49.5026],[6.2797,49.5026],[6.2796,49.5027],[6.2797,49.5027],[6.2797,49.5028],[6.2795,49.5031],[6.2786,49.5034],[6.2785,49.5034],[6.2783,49.5034],[6.2782,49.5035],[6.2781,49.5035],[6.278,49.5035],[6.2776,49.5035],[6.2775,49.5036],[6.2773,49.5036],[6.2769,49.5034],[6.2768,49.5033],[6.2767,49.5033],[6.2749,49.5037],[6.2748,49.5037],[6.2746,49.5038],[6.2745,49.5039],[6.2744,49.5041],[6.2715,49.5046],[6.2712,49.5046],[6.2705,49.5041],[6.2704,49.504],[6.2693,49.5042],[6.2685,49.5043],[6.2667,49.504],[6.2645,49.504],[6.2634,49.5039],[6.2631,49.5041],[6.2629,49.5044],[6.2627,49.5046],[6.2625,49.5048],[6.2624,49.5049],[6.2624,49.505],[6.2623,49.5053],[6.2623,49.5055],[6.2624,49.5056],[6.262,49.5066],[6.2583,49.5072],[6.2581,49.5075],[6.258,49.5075],[6.258,49.5076],[6.2579,49.5077],[6.2577,49.5079],[6.2572,49.5086],[6.256,49.5099],[6.2555,49.5098],[6.2545,49.5097],[6.2539,49.5096],[6.2523,49.509],[6.2508,49.5089],[6.2502,49.5088],[6.2498,49.5087],[6.2492,49.5086],[6.2488,49.5085],[6.2486,49.5085],[6.2484,49.5085],[6.2469,49.5089],[6.2464,49.5092],[6.2451,49.5115],[6.2439,49.5118],[6.2416,49.512],[6.2413,49.5127],[6.2417,49.5134],[6.2418,49.5141],[6.2415,49.5144],[6.2407,49.5149],[6.2405,49.5143],[6.2396,49.514],[6.239,49.5135],[6.2387,49.512],[6.238,49.511],[6.2362,49.5082],[6.2358,49.5083],[6.2356,49.5081],[6.2322,49.5093],[6.2314,49.5094],[6.2313,49.5095],[6.2292,49.5096],[6.2283,49.5095],[6.228,49.5098],[6.2264,49.51],[6.2246,49.5095],[6.2228,49.5092],[6.22,49.5088],[6.2199,49.5088],[6.2185,49.5094],[6.2184,49.5094],[6.2183,49.5095],[6.2175,49.5098],[6.2171,49.5098],[6.2164,49.509],[6.2168,49.5088],[6.2173,49.5079],[6.217,49.5079],[6.2172,49.5069],[6.2168,49.5068],[6.2167,49.5067],[6.2159,49.5066],[6.2145,49.5063],[6.2138,49.5063],[6.213,49.5063],[6.2124,49.5063],[6.2121,49.5063],[6.2109,49.5062],[6.2103,49.5062],[6.2086,49.5061],[6.2019,49.5068],[6.2009,49.5066],[6.1983,49.506],[6.1982,49.5059],[6.1968,49.5056],[6.1958,49.5054],[6.1957,49.5054],[6.1957,49.5056],[6.1955,49.5055],[6.1947,49.5061],[6.1922,49.506],[6.1918,49.506],[6.1916,49.506],[6.1914,49.506],[6.1911,49.506],[6.1903,49.5061],[6.1886,49.5063],[6.1885,49.5064],[6.1884,49.5064],[6.1882,49.5064],[6.1879,49.5066],[6.1819,49.5076],[6.1796,49.5071],[6.1788,49.507],[6.1783,49.507],[6.1768,49.5084],[6.1766,49.5086],[6.1767,49.5087],[6.1761,49.5101],[6.1726,49.5086],[6.1722,49.5083],[6.172,49.5081],[6.1716,49.508],[6.1712,49.5078],[6.1708,49.5076],[6.1706,49.5076],[6.1703,49.5075],[6.1698,49.5072],[6.1693,49.5071],[6.1691,49.507],[6.1653,49.5055],[6.165,49.5053],[6.1636,49.5045],[6.1619,49.5041],[6.1617,49.5049],[6.1616,49.5049],[6.161,49.5047],[6.1585,49.504],[6.1583,49.5043],[6.1573,49.504],[6.1571,49.5042],[6.1565,49.504],[6.156,49.5037],[6.1561,49.5035],[6.1555,49.5028],[6.1547,49.5022],[6.1548,49.5021],[6.1544,49.5019],[6.1541,49.5014],[6.1541,49.5013],[6.1545,49.5008],[6.1546,49.5006],[6.1551,49.4998],[6.1571,49.4973],[6.1586,49.4962],[6.159,49.4961],[6.1594,49.496],[6.1596,49.4959],[6.1604,49.4953],[6.1606,49.495],[6.1611,49.4944],[6.1613,49.4945],[6.1622,49.4939],[6.1623,49.4938],[6.1625,49.4935],[6.1618,49.4927],[6.1594,49.4918],[6.1573,49.4915],[6.1564,49.4927],[6.1556,49.4933],[6.1553,49.4933],[6.155,49.4933],[6.154,49.493],[6.1535,49.4929],[6.1528,49.4927],[6.1531,49.4917],[6.1529,49.4916],[6.1526,49.4916],[6.1523,49.4914],[6.1522,49.4914],[6.1446,49.4878],[6.1411,49.4865],[6.1411,49.4867],[6.1408,49.4867],[6.1408,49.4883],[6.1416,49.4906],[6.1418,49.4916],[6.1376,49.4908],[6.1374,49.4908],[6.1372,49.4907],[6.1369,49.4907],[6.1367,49.4907],[6.1361,49.4906],[6.136,49.4905],[6.1358,49.4905],[6.1349,49.4903],[6.1346,49.4902],[6.1337,49.49],[6.1328,49.49],[6.1317,49.4906],[6.1316,49.4909],[6.1302,49.4926],[6.1281,49.4939],[6.128,49.4939],[6.1278,49.4927],[6.1275,49.4914],[6.1271,49.4907],[6.1267,49.49],[6.1272,49.4849],[6.1273,49.484],[6.1275,49.4823],[6.1254,49.4795],[6.1244,49.4775],[6.1234,49.4768],[6.123,49.4765],[6.1229,49.4762],[6.1226,49.4752],[6.1227,49.4748],[6.1228,49.4746],[6.1232,49.4739],[6.1234,49.4735],[6.1213,49.4724],[6.1208,49.4723],[6.1199,49.472],[6.1195,49.472],[6.1193,49.472],[6.1192,49.472],[6.1181,49.4715],[6.118,49.4715],[6.1178,49.4714],[6.1176,49.4713],[6.1148,49.4708],[6.1142,49.4705],[6.1138,49.4706],[6.1137,49.4707],[6.1132,49.4711],[6.1128,49.4712],[6.1127,49.4714],[6.1126,49.4717],[6.1121,49.4721],[6.1113,49.4725],[6.1104,49.4724],[6.109,49.4722],[6.1074,49.4718],[6.1067,49.4716],[6.1063,49.4715],[6.106,49.4714],[6.1058,49.4713],[6.1056,49.4713],[6.1027,49.4705],[6.1026,49.4695],[6.1026,49.4694],[6.1016,49.469],[6.1005,49.4682],[6.0998,49.4675],[6.0998,49.4674],[6.0997,49.466],[6.0991,49.4653],[6.0986,49.4647],[6.0982,49.4643],[6.0982,49.4642],[6.0982,49.464],[6.0981,49.4639],[6.0981,49.4637],[6.0981,49.4635],[6.0988,49.4626],[6.0991,49.4622],[6.0987,49.4614],[6.0988,49.4606],[6.0992,49.4603],[6.0998,49.4598],[6.0998,49.4597],[6.0999,49.4594],[6.1014,49.4578],[6.1017,49.4543],[6.1016,49.4543],[6.1016,49.4542],[6.1016,49.4541],[6.1015,49.454],[6.1014,49.454],[6.1008,49.4529],[6.1007,49.4529],[6.1006,49.4529],[6.0995,49.4529],[6.0926,49.4528],[6.0925,49.4529],[6.0924,49.4532],[6.0923,49.4531],[6.0923,49.4533],[6.0922,49.4534],[6.0922,49.4536],[6.0922,49.4537],[6.0922,49.4538],[6.092,49.4543],[6.0917,49.4543],[6.0912,49.4542],[6.0911,49.4542],[6.091,49.4542],[6.0909,49.4542],[6.0908,49.4543],[6.0904,49.4543],[6.0903,49.4544],[6.0884,49.4546],[6.0862,49.4554],[6.0856,49.4557],[6.086,49.4561],[6.0847,49.4567],[6.0846,49.4567],[6.0832,49.4574],[6.0826,49.4578],[6.0808,49.4584],[6.0807,49.4585],[6.0806,49.4591],[6.0805,49.4596],[6.08,49.4605],[6.08,49.4614],[6.0793,49.4626],[6.0793,49.463],[6.0793,49.4635],[6.0792,49.4637],[6.0792,49.4638],[6.0788,49.4637],[6.0784,49.4637],[6.074,49.4636],[6.0739,49.4637],[6.0737,49.4636],[6.0735,49.464],[6.0718,49.4654],[6.0709,49.4654],[6.0696,49.465],[6.0695,49.465],[6.0693,49.465],[6.069,49.4649],[6.0688,49.4649],[6.0678,49.4648],[6.0674,49.4648],[6.0672,49.4648],[6.0669,49.4648],[6.0666,49.4648],[6.0663,49.4648],[6.0662,49.4648],[6.0652,49.4649],[6.0637,49.465],[6.0629,49.4651],[6.0623,49.4652],[6.0621,49.4652],[6.0618,49.4653],[6.0614,49.4653],[6.0611,49.4654],[6.0608,49.4655],[6.0605,49.4656],[6.0602,49.4657],[6.0596,49.4659],[6.0594,49.466],[6.0585,49.4661],[6.0575,49.4658],[6.0574,49.4657],[6.0572,49.4655],[6.0566,49.4652],[6.0565,49.4651],[6.0561,49.4649],[6.056,49.4649],[6.0547,49.4646],[6.0545,49.4646],[6.0538,49.4642],[6.0531,49.4639],[6.0499,49.4597],[6.0498,49.4594],[6.0497,49.4593],[6.0497,49.4591],[6.0496,49.4589],[6.0495,49.4588],[6.0495,49.4587],[6.0494,49.4586],[6.0493,49.4585],[6.0491,49.4582],[6.0489,49.458],[6.0486,49.4575],[6.0485,49.4575],[6.0483,49.4572],[6.0482,49.457],[6.0479,49.4567],[6.0478,49.4566],[6.0476,49.4563],[6.0469,49.4553],[6.0469,49.4551],[6.0465,49.4545],[6.0459,49.4536],[6.0458,49.4535],[6.0457,49.4533],[6.0456,49.4532],[6.0421,49.4478],[6.0418,49.4479],[6.0409,49.448],[6.0408,49.4481],[6.0371,49.4487],[6.0367,49.4487],[6.0366,49.4487],[6.0361,49.4487],[6.0357,49.4489],[6.0354,49.4489],[6.0329,49.4494],[6.0282,49.4489],[6.0275,49.4484],[6.0273,49.4483],[6.0268,49.4486],[6.0264,49.4502],[6.0259,49.4507],[6.0259,49.4512],[6.0259,49.4519],[6.0272,49.4538],[6.0286,49.4546],[6.0293,49.455],[6.0292,49.4551],[6.0289,49.4553],[6.0285,49.4555],[6.0283,49.4555],[6.0278,49.4553],[6.0277,49.4551],[6.0275,49.4549],[6.0267,49.4542],[6.0246,49.4548],[6.0217,49.455],[6.0206,49.4546],[6.0204,49.4545],[6.0198,49.4543],[6.0191,49.4541],[6.018,49.4539],[6.0179,49.4539],[6.0177,49.4539],[6.0175,49.4538],[6.0149,49.4531],[6.0146,49.453],[6.0144,49.4529],[6.0138,49.4525],[6.0134,49.4527],[6.0113,49.4534],[6.0109,49.4532],[6.0108,49.4531],[6.0095,49.4525],[6.0087,49.452],[6.0078,49.4516],[6.0043,49.4543],[6.0042,49.4543],[6.0014,49.4563],[5.9984,49.4565],[5.9979,49.4565],[5.9959,49.4558],[5.9957,49.4557],[5.9952,49.4555],[5.9919,49.4544],[5.9911,49.4541],[5.9897,49.4537],[5.9869,49.4527],[5.9858,49.4523],[5.982,49.4511],[5.9803,49.4519],[5.9791,49.4527],[5.9788,49.454],[5.9791,49.4549],[5.9793,49.4552],[5.9824,49.457],[5.9858,49.4562],[5.9861,49.4568],[5.9867,49.4587],[5.9872,49.4593],[5.9878,49.4603],[5.9881,49.4613],[5.9877,49.4623],[5.9875,49.4625],[5.9874,49.4625],[5.9825,49.4635],[5.982,49.4628],[5.9816,49.4617],[5.9814,49.4612],[5.9793,49.4609],[5.9787,49.4612],[5.9786,49.4614],[5.9763,49.4627],[5.9758,49.4628],[5.9757,49.463],[5.9756,49.4631],[5.9743,49.4647],[5.9742,49.4652],[5.974,49.4655],[5.9738,49.4672],[5.9736,49.4682],[5.9719,49.4695],[5.9721,49.4738],[5.9707,49.4748],[5.9701,49.4751],[5.9698,49.4752],[5.9696,49.4755],[5.9705,49.4755],[5.9738,49.4767],[5.9746,49.4794],[5.9746,49.4795],[5.9746,49.4796],[5.9745,49.4797],[5.9745,49.4798],[5.9746,49.4803],[5.9747,49.4804],[5.9736,49.4821],[5.9729,49.4833],[5.9726,49.4833],[5.9724,49.4833],[5.9714,49.4831],[5.971,49.4833],[5.9681,49.4864],[5.9692,49.487],[5.9693,49.4871],[5.9695,49.4873],[5.9699,49.4875],[5.9701,49.4876],[5.9702,49.488],[5.9704,49.488],[5.9706,49.488],[5.9709,49.4884],[5.9724,49.4888],[5.9736,49.4895],[5.9733,49.4899],[5.9733,49.49],[5.9725,49.491],[5.9724,49.4911],[5.9711,49.4913],[5.9699,49.4912],[5.9696,49.4912],[5.9691,49.4915],[5.9682,49.4917],[5.9679,49.4917],[5.9679,49.4915],[5.9661,49.4913],[5.9661,49.4914],[5.9655,49.492],[5.9655,49.4921],[5.9648,49.4928],[5.9635,49.4929],[5.9624,49.493],[5.956,49.4933],[5.9554,49.4932],[5.9552,49.4931],[5.9551,49.4932],[5.955,49.4934],[5.9519,49.4941],[5.9498,49.4956],[5.949,49.4958],[5.9489,49.4959],[5.949,49.4962],[5.9492,49.4965],[5.9462,49.497],[5.9462,49.4977],[5.9446,49.4975],[5.9437,49.4974],[5.9434,49.4974],[5.9438,49.4965],[5.9445,49.4956],[5.9438,49.4952],[5.9435,49.4955],[5.9427,49.4965],[5.942,49.4982],[5.9424,49.499],[5.9427,49.4991],[5.9427,49.4992],[5.9427,49.4994],[5.9432,49.5002],[5.9414,49.5006],[5.9401,49.501],[5.936,49.5009],[5.9354,49.5005],[5.9353,49.5005],[5.9352,49.5004],[5.9349,49.5002],[5.9342,49.5006],[5.9325,49.4996],[5.9324,49.4996],[5.9322,49.4997],[5.9321,49.4999],[5.932,49.4998],[5.9317,49.5001],[5.9306,49.5006],[5.9275,49.4984],[5.9257,49.499],[5.9256,49.4989],[5.9239,49.4994],[5.9234,49.4996],[5.9233,49.4998],[5.9232,49.4999],[5.9229,49.5002],[5.9224,49.5005],[5.922,49.5007],[5.9207,49.501],[5.9204,49.5006],[5.9203,49.5005],[5.9201,49.5003],[5.92,49.5002],[5.9199,49.5003],[5.9194,49.5004],[5.9192,49.5004],[5.919,49.5004],[5.9189,49.5004],[5.9188,49.5005],[5.9187,49.5005],[5.9186,49.5005],[5.9184,49.5005],[5.9184,49.5006],[5.9183,49.5006],[5.9182,49.5006],[5.9181,49.5006],[5.918,49.5006],[5.9179,49.5007],[5.9178,49.5007],[5.9177,49.5007],[5.9176,49.5007],[5.9175,49.5008],[5.9174,49.5008],[5.9173,49.5009],[5.9172,49.5009],[5.9171,49.5009],[5.917,49.501],[5.9125,49.5019],[5.9102,49.5018],[5.9101,49.5018],[5.9086,49.5016],[5.9077,49.5021],[5.9074,49.5016],[5.9073,49.5001],[5.9043,49.4988],[5.9042,49.4988],[5.9041,49.4987],[5.9034,49.4981],[5.9023,49.498],[5.9013,49.4977],[5.9003,49.4975],[5.8978,49.4968],[5.8961,49.4965],[5.8948,49.4966],[5.8939,49.4967],[5.8932,49.4968],[5.8931,49.4968],[5.8917,49.4961],[5.8916,49.4952],[5.8954,49.4925],[5.8952,49.4896],[5.8962,49.4884],[5.8977,49.4878],[5.8971,49.4871],[5.8988,49.4839],[5.897,49.4811],[5.8979,49.4808],[5.9016,49.484],[5.9039,49.4832],[5.9058,49.4849],[5.9062,49.486],[5.9085,49.4834],[5.9102,49.4836],[5.9128,49.4818],[5.9175,49.4826],[5.9196,49.4831],[5.9219,49.4846],[5.9296,49.4853],[5.9298,49.4846],[5.9293,49.4843],[5.93,49.4838],[5.9279,49.4836],[5.9279,49.4832],[5.9288,49.483],[5.9302,49.4814],[5.9366,49.4777],[5.9401,49.4776],[5.9396,49.4767],[5.9406,49.4767],[5.9413,49.4757],[5.9364,49.474],[5.9317,49.4716],[5.9342,49.4704],[5.9337,49.4697],[5.9341,49.4695],[5.9368,49.4687],[5.9381,49.4674],[5.9389,49.4676],[5.9394,49.464],[5.9378,49.4588],[5.9385,49.4587],[5.9402,49.4552],[5.9426,49.4529],[5.9427,49.4514],[5.9404,49.4488],[5.9388,49.449],[5.9359,49.4481],[5.9356,49.4469],[5.9344,49.4465],[5.9308,49.4466],[5.9343,49.4428],[5.936,49.4395],[5.9421,49.4324],[5.9423,49.4303],[5.9362,49.4282],[5.9352,49.4273],[5.9328,49.4269],[5.9312,49.4274],[5.9287,49.4271],[5.9221,49.4197],[5.9197,49.4181],[5.9173,49.4158],[5.9201,49.4133],[5.9153,49.4101],[5.9163,49.4094],[5.9129,49.4084],[5.9118,49.4075],[5.9199,49.4046],[5.9269,49.4046],[5.9297,49.4015],[5.9305,49.3985],[5.9292,49.3972],[5.9299,49.3967],[5.9313,49.3973],[5.9326,49.3965],[5.9337,49.3943],[5.932,49.3881],[5.9342,49.3855],[5.9327,49.3835],[5.936,49.3807],[5.9359,49.3787],[5.9345,49.3777],[5.9292,49.3763],[5.9298,49.3756],[5.9248,49.3731],[5.9261,49.372],[5.9353,49.3695],[5.9341,49.3678],[5.9356,49.3671],[5.9352,49.3665],[5.9357,49.3658],[5.9386,49.3647],[5.9392,49.3617],[5.9401,49.3604],[5.9421,49.3607],[5.9423,49.3615],[5.9444,49.3621],[5.9459,49.3607],[5.9487,49.3615],[5.9491,49.3622],[5.9561,49.3616],[5.9578,49.3578],[5.9625,49.3559],[5.9596,49.3513],[5.9627,49.349],[5.9612,49.348],[5.963,49.3471],[5.963,49.3465],[5.9683,49.3463],[5.9784,49.3449],[5.9778,49.3443],[5.9614,49.3447],[5.9543,49.3429],[5.9445,49.3416],[5.944,49.3405],[5.9434,49.3403],[5.9429,49.3392],[5.9436,49.339],[5.9437,49.3361],[5.9409,49.3361],[5.9406,49.3357],[5.9464,49.3338],[5.9493,49.3338],[5.9495,49.3319],[5.9503,49.3317],[5.9506,49.3295],[5.9498,49.3292],[5.9498,49.3283],[5.9484,49.3281],[5.9471,49.3256],[5.9497,49.3274],[5.9513,49.3276],[5.9528,49.3267],[5.9516,49.326],[5.9582,49.3249],[5.9585,49.3241],[5.961,49.3234],[5.9637,49.3191],[5.9652,49.3187],[5.9693,49.3198],[5.9795,49.3094],[5.9822,49.3069],[5.9852,49.3052],[5.9928,49.3115],[5.9971,49.3142],[6.0037,49.3119],[6.0058,49.3099],[6.0066,49.3076],[6.0049,49.3059],[6.0045,49.3042],[6.0048,49.3031],[6.0064,49.3017],[6.0035,49.2994],[6.0025,49.2974],[6.0042,49.2947],[6.002,49.2915],[6.003,49.2891],[6.0029,49.2883],[6.0016,49.2871],[6.0022,49.284],[6.0004,49.2803],[6.0002,49.276],[6.0014,49.2748],[6.0071,49.2739],[6.0098,49.2725],[6.0063,49.2687],[6.0105,49.2664],[6.0098,49.2661],[6.0073,49.2647],[6.0094,49.2628],[6.0087,49.2618],[6.0065,49.2609],[6.0069,49.2592],[6.0052,49.2571],[6.0057,49.2564],[6.0076,49.2574],[6.0093,49.2592],[6.0076,49.2595],[6.0114,49.2607],[6.0126,49.2574],[6.0202,49.257],[6.0233,49.2543],[6.0246,49.2542],[6.0252,49.2528],[6.0269,49.2518],[6.0295,49.2524],[6.0324,49.2509],[6.0316,49.2497],[6.0279,49.248],[6.0251,49.2426],[6.0253,49.242],[6.0261,49.2421],[6.0281,49.2384],[6.0283,49.2356],[6.0279,49.2333],[6.0308,49.2331]]]},"properties":{"id":"577","name":"Thionville","territoire":"Lorraine","sigle":"LOR","pays":"France","cx":6.217,"cy":49.377}},
{"type":"Feature","geometry":{"type":"Polygon","coordinates":[[[5.9854,49.042],[5.9875,49.0436],[5.9879,49.0422],[5.995,49.0381],[6.0014,49.0352],[6.004,49.0351],[6.0055,49.0344],[6.0093,49.0355],[6.0089,49.0362],[6.0127,49.0374],[6.0154,49.0368],[6.0165,49.0353],[6.0166,49.0333],[6.0183,49.0288],[6.0186,49.025],[6.0224,49.0218],[6.0333,49.0153],[6.0368,49.0161],[6.0383,49.0158],[6.039,49.0148],[6.0403,49.0153],[6.0417,49.0143],[6.0427,49.0148],[6.0451,49.0135],[6.045,49.0089],[6.043,49.006],[6.0424,49.0038],[6.0432,49.0019],[6.0434,49.0005],[6.0448,48.9994],[6.0466,48.9957],[6.0471,48.9957],[6.0467,48.9948],[6.0456,48.9944],[6.0458,48.9938],[6.0414,48.9924],[6.0446,48.9899],[6.0452,48.9884],[6.0444,48.9855],[6.0449,48.9831],[6.0418,48.9827],[6.0394,48.9833],[6.039,48.9835],[6.0396,48.9841],[6.0393,48.985],[6.0367,48.9868],[6.0295,48.9905],[6.0292,48.9896],[6.0296,48.9873],[6.0313,48.9847],[6.0341,48.983],[6.0407,48.9815],[6.0429,48.9797],[6.0434,48.9775],[6.0452,48.9778],[6.0464,48.9764],[6.0479,48.9765],[6.0479,48.9772],[6.0553,48.978],[6.0619,48.9779],[6.0628,48.9784],[6.0619,48.98],[6.0635,48.9798],[6.0648,48.981],[6.069,48.9808],[6.0721,48.9815],[6.0738,48.9808],[6.0737,48.9796],[6.0746,48.9787],[6.0719,48.9741],[6.0693,48.972],[6.0784,48.9674],[6.0792,48.9647],[6.0813,48.963],[6.0937,48.9676],[6.0996,48.9688],[6.1048,48.9697],[6.1062,48.9681],[6.1099,48.9694],[6.1136,48.969],[6.1172,48.9677],[6.1153,48.9671],[6.1161,48.9658],[6.1144,48.9652],[6.1123,48.9655],[6.1123,48.965],[6.113,48.9648],[6.1134,48.9634],[6.1142,48.9632],[6.1143,48.9622],[6.116,48.9624],[6.1201,48.9608],[6.1182,48.9584],[6.1194,48.9579],[6.1208,48.9585],[6.1211,48.9581],[6.1203,48.9574],[6.124,48.9563],[6.1246,48.9569],[6.126,48.9567],[6.1232,48.9494],[6.1294,48.9494],[6.1296,48.9489],[6.1288,48.948],[6.1298,48.9462],[6.1284,48.9457],[6.1283,48.9451],[6.1271,48.9445],[6.1264,48.943],[6.1246,48.9415],[6.1253,48.9401],[6.1249,48.9391],[6.1259,48.9382],[6.1292,48.937],[6.1322,48.9347],[6.1465,48.9326],[6.1497,48.9333],[6.1501,48.9337],[6.1498,48.9355],[6.1486,48.9371],[6.1487,48.9381],[6.1494,48.9382],[6.1499,48.9393],[6.1525,48.9403],[6.1543,48.9422],[6.1591,48.9441],[6.1612,48.9438],[6.1629,48.9425],[6.1653,48.942],[6.1656,48.9413],[6.1664,48.9414],[6.1715,48.9442],[6.1737,48.9435],[6.1724,48.9414],[6.169,48.9385],[6.1699,48.9374],[6.1719,48.9377],[6.1725,48.9364],[6.1766,48.9348],[6.1818,48.936],[6.1826,48.9355],[6.1855,48.9362],[6.1874,48.9359],[6.1903,48.9371],[6.1949,48.9366],[6.2059,48.9377],[6.2058,48.9396],[6.2118,48.9384],[6.2126,48.9393],[6.2139,48.9396],[6.2187,48.939],[6.2224,48.9391],[6.2233,48.937],[6.2257,48.9369],[6.2261,48.9358],[6.2261,48.9352],[6.2253,48.9348],[6.2254,48.9325],[6.2239,48.9324],[6.2236,48.9291],[6.2231,48.929],[6.2241,48.9272],[6.2262,48.9276],[6.2272,48.9272],[6.2269,48.9289],[6.2274,48.929],[6.2285,48.9273],[6.2323,48.9281],[6.2321,48.9287],[6.2351,48.9295],[6.2366,48.9249],[6.2371,48.9249],[6.2408,48.9258],[6.2417,48.9236],[6.2439,48.9241],[6.2446,48.9235],[6.2455,48.9238],[6.2524,48.9271],[6.2534,48.9278],[6.253,48.9287],[6.2561,48.9295],[6.2552,48.9312],[6.2593,48.932],[6.262,48.9319],[6.2626,48.9335],[6.2663,48.9327],[6.2712,48.9333],[6.2732,48.933],[6.2718,48.9319],[6.2744,48.9304],[6.2732,48.9294],[6.277,48.928],[6.2802,48.9297],[6.2828,48.9285],[6.2854,48.9282],[6.2865,48.9273],[6.2878,48.9277],[6.2888,48.9231],[6.2869,48.9225],[6.2884,48.9163],[6.3006,48.9178],[6.3039,48.9189],[6.3045,48.9186],[6.3112,48.9211],[6.3138,48.9188],[6.3101,48.9158],[6.3091,48.9135],[6.3096,48.9119],[6.3109,48.9119],[6.3132,48.9108],[6.3157,48.9106],[6.3159,48.909],[6.3179,48.908],[6.322,48.9082],[6.3224,48.9073],[6.3267,48.9073],[6.3275,48.9049],[6.3293,48.9055],[6.3273,48.9101],[6.3249,48.9118],[6.3245,48.9132],[6.334,48.9171],[6.3385,48.9196],[6.3432,48.9202],[6.343,48.9211],[6.3435,48.9213],[6.3426,48.9229],[6.336,48.9292],[6.3386,48.9303],[6.3411,48.9324],[6.3412,48.9336],[6.347,48.9373],[6.3455,48.9396],[6.3462,48.9405],[6.3494,48.9418],[6.3534,48.9425],[6.3548,48.9434],[6.3654,48.9422],[6.3732,48.9423],[6.3747,48.9383],[6.3765,48.9357],[6.3782,48.9344],[6.3781,48.9336],[6.3803,48.9312],[6.3812,48.9309],[6.3797,48.9303],[6.3808,48.9297],[6.3781,48.9285],[6.3782,48.9279],[6.3795,48.928],[6.3824,48.9243],[6.3853,48.9255],[6.3857,48.9266],[6.388,48.9285],[6.4041,48.9349],[6.4039,48.9357],[6.4112,48.9369],[6.4108,48.9397],[6.4095,48.9398],[6.4092,48.9404],[6.4088,48.9439],[6.4066,48.9482],[6.4074,48.9524],[6.4136,48.9548],[6.41,48.9599],[6.4093,48.9618],[6.4129,48.963],[6.4146,48.9617],[6.4177,48.9626],[6.4161,48.9651],[6.4216,48.9665],[6.422,48.9673],[6.4233,48.967],[6.4234,48.9675],[6.4248,48.9676],[6.4287,48.9705],[6.4308,48.9713],[6.4309,48.9727],[6.4299,48.9723],[6.428,48.9742],[6.4295,48.975],[6.4288,48.9758],[6.4308,48.9768],[6.4282,48.9792],[6.4274,48.9808],[6.4283,48.9819],[6.4271,48.9829],[6.4241,48.9822],[6.4233,48.9837],[6.4307,48.9849],[6.4339,48.9836],[6.4395,48.9859],[6.4354,48.9884],[6.4334,48.9905],[6.4337,48.993],[6.4331,48.9957],[6.4317,48.9975],[6.4323,48.9981],[6.432,48.9988],[6.4333,48.9997],[6.4334,49.0019],[6.4322,49.0028],[6.4312,49.0045],[6.4308,49.007],[6.4315,49.0076],[6.4292,49.0087],[6.4319,49.0119],[6.4293,49.0136],[6.4274,49.0166],[6.4253,49.0164],[6.4255,49.0153],[6.4245,49.0141],[6.4229,49.0148],[6.4237,49.0161],[6.4245,49.0163],[6.4237,49.0174],[6.4214,49.0167],[6.4205,49.0158],[6.4154,49.0134],[6.4124,49.0127],[6.4098,49.0129],[6.405,49.0119],[6.4048,49.0131],[6.4031,49.0134],[6.4039,49.0142],[6.4083,49.0142],[6.4081,49.0169],[6.4098,49.0179],[6.412,49.0204],[6.4076,49.019],[6.4031,49.0188],[6.4019,49.0199],[6.4025,49.0203],[6.4013,49.0217],[6.4025,49.0219],[6.4021,49.0227],[6.4006,49.0224],[6.3998,49.0233],[6.3982,49.0239],[6.4004,49.0247],[6.4018,49.0237],[6.4034,49.0248],[6.4039,49.0244],[6.4061,49.025],[6.4048,49.0266],[6.4124,49.0307],[6.4183,49.0359],[6.4211,49.0377],[6.4236,49.0385],[6.4259,49.036],[6.4283,49.0366],[6.4289,49.0356],[6.43,49.0356],[6.431,49.034],[6.4384,49.0349],[6.4393,49.0331],[6.4436,49.0338],[6.4451,49.0327],[6.4461,49.0306],[6.4483,49.029],[6.4499,49.0279],[6.4513,49.0289],[6.4478,49.0311],[6.4539,49.0339],[6.4517,49.0335],[6.448,49.0353],[6.449,49.0369],[6.4511,49.0377],[6.4512,49.0406],[6.4538,49.0427],[6.4522,49.0459],[6.4497,49.0486],[6.4504,49.0492],[6.4504,49.0509],[6.4488,49.0531],[6.4605,49.0519],[6.4617,49.0528],[6.4681,49.0537],[6.4796,49.0569],[6.4818,49.0587],[6.4835,49.059],[6.4931,49.0541],[6.4953,49.0507],[6.5006,49.0507],[6.4991,49.0559],[6.4963,49.0569],[6.495,49.056],[6.4946,49.0568],[6.495,49.0572],[6.4922,49.0589],[6.4889,49.0605],[6.4866,49.0606],[6.4854,49.0613],[6.4868,49.0623],[6.4858,49.0624],[6.4889,49.0644],[6.485,49.0644],[6.4849,49.0654],[6.4833,49.0668],[6.4847,49.0685],[6.4837,49.0693],[6.4878,49.0718],[6.4861,49.0733],[6.4836,49.0724],[6.4831,49.0726],[6.4848,49.0739],[6.4885,49.075],[6.4895,49.077],[6.4905,49.0776],[6.49,49.0782],[6.4926,49.0798],[6.4926,49.0805],[6.4936,49.0812],[6.4946,49.0841],[6.4964,49.085],[6.4947,49.0881],[6.4969,49.0886],[6.4968,49.0892],[6.4962,49.0891],[6.4954,49.0905],[6.4936,49.0913],[6.4933,49.0921],[6.4977,49.0932],[6.5001,49.0945],[6.4997,49.095],[6.4979,49.0949],[6.4973,49.0968],[6.4992,49.0988],[6.499,49.0996],[6.5008,49.1021],[6.4961,49.1046],[6.4936,49.1057],[6.49,49.101],[6.4864,49.0991],[6.4846,49.1003],[6.4803,49.099],[6.4754,49.1001],[6.4719,49.0985],[6.4705,49.0996],[6.4696,49.0996],[6.4678,49.1013],[6.4664,49.1015],[6.4627,49.1012],[6.46,49.0991],[6.4571,49.0986],[6.4487,49.1],[6.4479,49.0999],[6.4472,49.0988],[6.4496,49.0968],[6.4457,49.0952],[6.4377,49.0927],[6.4362,49.095],[6.4341,49.0942],[6.433,49.095],[6.4306,49.0948],[6.4297,49.0975],[6.4255,49.0972],[6.424,49.099],[6.4236,49.1003],[6.42,49.1012],[6.4321,49.1072],[6.4318,49.1079],[6.4331,49.1087],[6.432,49.1102],[6.426,49.1111],[6.4217,49.1129],[6.4234,49.115],[6.4202,49.1174],[6.42,49.1188],[6.4186,49.1205],[6.4185,49.122],[6.4215,49.122],[6.425,49.1239],[6.4253,49.1254],[6.4271,49.1264],[6.4298,49.1311],[6.433,49.1333],[6.4298,49.1342],[6.425,49.1343],[6.4259,49.138],[6.4283,49.1403],[6.4242,49.141],[6.422,49.1438],[6.4213,49.145],[6.416,49.1424],[6.4134,49.1427],[6.4137,49.1419],[6.4131,49.141],[6.4102,49.141],[6.4082,49.1395],[6.4049,49.1385],[6.402,49.1389],[6.3992,49.1415],[6.399,49.1433],[6.396,49.1446],[6.3961,49.146],[6.398,49.1459],[6.3938,49.1511],[6.3964,49.1531],[6.3991,49.1508],[6.4017,49.1471],[6.4032,49.1475],[6.4023,49.1485],[6.4062,49.1501],[6.4068,49.1517],[6.4066,49.1533],[6.4086,49.1557],[6.4087,49.1565],[6.4079,49.1586],[6.4057,49.1602],[6.4065,49.1644],[6.4101,49.1644],[6.4136,49.1667],[6.4185,49.1683],[6.421,49.1707],[6.4147,49.1768],[6.4133,49.1799],[6.4192,49.1816],[6.4204,49.1831],[6.4302,49.1895],[6.4293,49.1905],[6.4306,49.1919],[6.4279,49.1936],[6.4291,49.1951],[6.4327,49.1954],[6.4336,49.196],[6.4328,49.1981],[6.4308,49.1985],[6.4311,49.1997],[6.4299,49.2003],[6.4303,49.2011],[6.4276,49.2033],[6.4253,49.2067],[6.4255,49.209],[6.4225,49.2105],[6.4205,49.2098],[6.4152,49.2096],[6.4123,49.2124],[6.4092,49.2139],[6.4144,49.2143],[6.4189,49.2142],[6.4191,49.2155],[6.4216,49.2167],[6.4214,49.2176],[6.4275,49.2192],[6.4276,49.2231],[6.4268,49.2271],[6.4258,49.227],[6.4257,49.229],[6.4246,49.2298],[6.4203,49.2312],[6.4196,49.2339],[6.413,49.2331],[6.4131,49.2339],[6.4124,49.2343],[6.4089,49.2328],[6.4056,49.2303],[6.403,49.2314],[6.4011,49.231],[6.3994,49.2317],[6.3982,49.2342],[6.4014,49.2369],[6.4032,49.2375],[6.4045,49.2387],[6.401,49.2396],[6.3936,49.2401],[6.3859,49.2385],[6.3834,49.2405],[6.3805,49.2417],[6.3778,49.2441],[6.3763,49.2464],[6.3756,49.2486],[6.3768,49.2499],[6.3813,49.2519],[6.3884,49.2535],[6.3938,49.2573],[6.3977,49.2587],[6.3969,49.2596],[6.3926,49.2598],[6.3883,49.2591],[6.3872,49.2607],[6.3799,49.2582],[6.3808,49.2572],[6.3799,49.2565],[6.371,49.2521],[6.357,49.2509],[6.3597,49.2477],[6.3546,49.2463],[6.3527,49.2445],[6.349,49.243],[6.3471,49.2397],[6.348,49.2393],[6.3398,49.2402],[6.3383,49.2384],[6.3373,49.2335],[6.3359,49.2321],[6.326,49.2268],[6.325,49.2252],[6.3235,49.2247],[6.319,49.2265],[6.3155,49.2265],[6.3157,49.2251],[6.308,49.2258],[6.3058,49.2282],[6.307,49.2284],[6.3042,49.2315],[6.3015,49.2301],[6.3006,49.2309],[6.2982,49.2307],[6.2969,49.2297],[6.2962,49.23],[6.2944,49.2291],[6.2925,49.2302],[6.2901,49.2296],[6.2895,49.2307],[6.2904,49.231],[6.2901,49.234],[6.2885,49.2352],[6.2889,49.2361],[6.2871,49.2402],[6.2882,49.2404],[6.2882,49.2427],[6.2891,49.2429],[6.289,49.2433],[6.2888,49.2438],[6.2874,49.2438],[6.2858,49.2461],[6.2852,49.2461],[6.2837,49.2478],[6.2828,49.2481],[6.2818,49.2493],[6.2824,49.2495],[6.2814,49.25],[6.2801,49.2527],[6.2828,49.2565],[6.2844,49.2579],[6.2838,49.2595],[6.2798,49.2626],[6.2812,49.264],[6.2848,49.2648],[6.2856,49.2668],[6.2822,49.2687],[6.2817,49.2684],[6.2813,49.2692],[6.2822,49.2699],[6.2793,49.2709],[6.2708,49.2697],[6.2662,49.272],[6.2613,49.2726],[6.26,49.2711],[6.2608,49.2693],[6.2622,49.2684],[6.2619,49.2666],[6.2574,49.2648],[6.258,49.2632],[6.2565,49.2623],[6.2569,49.2607],[6.2513,49.2614],[6.2492,49.2607],[6.2475,49.2596],[6.2481,49.2594],[6.2475,49.2583],[6.2479,49.2572],[6.2448,49.2555],[6.24,49.254],[6.2383,49.2518],[6.2373,49.2519],[6.2365,49.253],[6.2351,49.2527],[6.2337,49.2545],[6.2291,49.2535],[6.2278,49.2561],[6.2327,49.2581],[6.2313,49.2616],[6.2328,49.262],[6.2327,49.2641],[6.2359,49.2648],[6.236,49.2659],[6.2307,49.2641],[6.231,49.2634],[6.2288,49.2629],[6.2287,49.2625],[6.2259,49.262],[6.2273,49.2595],[6.2241,49.258],[6.2188,49.2566],[6.2149,49.2525],[6.2119,49.2514],[6.2106,49.2494],[6.2087,49.2496],[6.209,49.2488],[6.2068,49.2484],[6.2061,49.25],[6.2028,49.25],[6.2013,49.2535],[6.2038,49.2537],[6.2043,49.255],[6.2063,49.2542],[6.2077,49.2563],[6.2073,49.2591],[6.207,49.2595],[6.2022,49.2592],[6.2021,49.2601],[6.1963,49.2588],[6.1948,49.2608],[6.1858,49.2566],[6.1847,49.2568],[6.1851,49.2573],[6.1838,49.2568],[6.1823,49.2575],[6.1791,49.2572],[6.1773,49.2561],[6.1622,49.2549],[6.1606,49.2572],[6.1523,49.2558],[6.1515,49.259],[6.1509,49.2589],[6.1501,49.2635],[6.158,49.2659],[6.1563,49.268],[6.1547,49.2681],[6.1537,49.2701],[6.153,49.2701],[6.1535,49.2687],[6.1498,49.2675],[6.1473,49.2674],[6.1443,49.2684],[6.1356,49.2682],[6.1354,49.2668],[6.136,49.2662],[6.1371,49.2662],[6.1384,49.2654],[6.134,49.2649],[6.1321,49.2627],[6.129,49.2617],[6.1263,49.262],[6.1238,49.2636],[6.1215,49.2634],[6.1192,49.2644],[6.1166,49.2645],[6.1114,49.2634],[6.1057,49.2614],[6.1035,49.2605],[6.103,49.2588],[6.1019,49.2578],[6.1,49.2571],[6.0986,49.2575],[6.0942,49.2553],[6.0914,49.2554],[6.0894,49.2561],[6.0845,49.2553],[6.0841,49.2558],[6.0831,49.2559],[6.0817,49.2547],[6.0773,49.2549],[6.0683,49.2532],[6.0636,49.252],[6.0609,49.2502],[6.0585,49.2486],[6.0543,49.247],[6.0564,49.2443],[6.0549,49.2438],[6.0524,49.2312],[6.0516,49.2273],[6.0451,49.2278],[6.0462,49.2295],[6.0459,49.2302],[6.0447,49.2296],[6.0438,49.2324],[6.0396,49.2327],[6.0393,49.2343],[6.0405,49.2348],[6.0422,49.2371],[6.0426,49.2402],[6.0403,49.2407],[6.0382,49.2427],[6.0384,49.2453],[6.0374,49.2457],[6.0345,49.2447],[6.0359,49.2443],[6.0358,49.2439],[6.0334,49.2424],[6.0326,49.2436],[6.0311,49.2437],[6.0314,49.2452],[6.0305,49.2441],[6.0302,49.2417],[6.0321,49.2357],[6.0308,49.2331],[6.0294,49.2305],[6.0268,49.2285],[6.0233,49.2281],[6.0197,49.2297],[6.0193,49.2265],[6.023,49.2235],[6.019,49.2232],[6.0147,49.2216],[6.0096,49.2218],[6.0082,49.2216],[6.0089,49.2205],[6.0062,49.2173],[5.9996,49.214],[6.0005,49.2128],[5.9978,49.2119],[5.9986,49.2108],[6.0024,49.2101],[6.0035,49.209],[5.9975,49.2087],[5.9956,49.2072],[5.9914,49.21],[5.9893,49.2082],[5.9876,49.2096],[5.984,49.2073],[5.9852,49.2052],[5.9859,49.2049],[5.9878,49.2056],[5.9882,49.2052],[5.9861,49.204],[5.9883,49.2015],[5.9802,49.2017],[5.9804,49.2007],[5.9818,49.1999],[5.9823,49.1955],[5.9785,49.195],[5.9795,49.193],[5.9815,49.193],[5.9798,49.19],[5.9804,49.188],[5.9814,49.1868],[5.9828,49.1865],[5.9852,49.1848],[5.9868,49.1841],[5.9916,49.1837],[5.9963,49.1853],[5.9978,49.1844],[6.0022,49.185],[6.0066,49.1836],[6.0066,49.183],[6.006,49.183],[6.0059,49.1812],[6.0069,49.1807],[6.0073,49.1771],[6.0132,49.1778],[6.0147,49.1735],[6.0166,49.172],[6.0282,49.1673],[6.0311,49.1675],[6.0328,49.1653],[6.0248,49.1649],[6.0168,49.1609],[6.0167,49.1575],[6.0146,49.1562],[6.0152,49.1557],[6.0133,49.1552],[6.0112,49.1535],[6.0106,49.1537],[6.0099,49.1529],[6.0063,49.1533],[6.0027,49.1525],[6.0018,49.1542],[5.9996,49.1558],[5.9962,49.1551],[5.9916,49.1559],[5.9891,49.155],[5.991,49.1533],[5.9906,49.1531],[5.9938,49.1516],[5.9933,49.1512],[5.9944,49.1506],[5.994,49.1503],[5.9968,49.1487],[5.9958,49.1485],[5.9958,49.1478],[5.9915,49.1462],[5.9814,49.1445],[5.9841,49.1417],[5.9865,49.139],[5.9854,49.1376],[5.9858,49.136],[5.9884,49.1366],[5.9903,49.136],[5.9926,49.1332],[5.9969,49.135],[5.9973,49.1347],[5.9951,49.1323],[5.9949,49.131],[5.9959,49.1301],[5.9935,49.1282],[5.9897,49.1287],[5.9865,49.1281],[5.9927,49.1255],[5.9929,49.1235],[5.9983,49.12],[5.9988,49.1175],[6.0021,49.1165],[6.0034,49.1158],[6.0037,49.1146],[6.005,49.1139],[6.0041,49.1116],[5.9999,49.1087],[5.9974,49.1078],[5.9727,49.1082],[5.9478,49.1088],[5.9316,49.1091],[5.9309,49.1057],[5.9298,49.1045],[5.9287,49.1008],[5.9278,49.0996],[5.9267,49.0983],[5.9275,49.0978],[5.925,49.0941],[5.9248,49.0919],[5.9267,49.0898],[5.9274,49.09],[5.9332,49.0864],[5.9359,49.0867],[5.9391,49.088],[5.9406,49.0863],[5.9388,49.0852],[5.9418,49.0819],[5.9433,49.0793],[5.9339,49.0753],[5.9339,49.0737],[5.9352,49.0721],[5.9355,49.0696],[5.9368,49.0688],[5.9416,49.0681],[5.9443,49.0657],[5.9508,49.0648],[5.9517,49.0617],[5.9532,49.054],[5.9576,49.0478],[5.9582,49.047],[5.959,49.0474],[5.9598,49.0469],[5.9636,49.0481],[5.9674,49.0471],[5.9683,49.0463],[5.9696,49.0424],[5.9711,49.041],[5.9781,49.0413],[5.9791,49.0422],[5.9786,49.0432],[5.9809,49.0439],[5.9819,49.0437],[5.9832,49.0422],[5.9854,49.042]]]},"properties":{"id":"579","name":"Metz","territoire":"Lorraine","sigle":"LOR","pays":"France","cx":6.219,"cy":49.096}},
{"type":"Feature","geometry":{"type":"Polygon","coordinates":[[[6.3029,48.4284],[6.3003,48.4313],[6.3001,48.4338],[6.2956,48.4347],[6.2952,48.434],[6.2957,48.4329],[6.2933,48.4306],[6.2916,48.4281],[6.2892,48.4286],[6.2891,48.4294],[6.287,48.4302],[6.2828,48.4302],[6.2831,48.4281],[6.281,48.4279],[6.2804,48.4274],[6.2828,48.4261],[6.2827,48.4256],[6.2804,48.4233],[6.2794,48.4239],[6.2762,48.4237],[6.2759,48.423],[6.2753,48.4231],[6.2755,48.4244],[6.2703,48.4261],[6.2647,48.4162],[6.2604,48.4064],[6.2534,48.4065],[6.2529,48.4073],[6.2495,48.406],[6.2472,48.4056],[6.2467,48.406],[6.2444,48.4053],[6.2354,48.3991],[6.2333,48.3971],[6.2321,48.4002],[6.2251,48.3996],[6.2253,48.4001],[6.2244,48.3999],[6.2242,48.4009],[6.2214,48.3995],[6.2198,48.4008],[6.2184,48.4002],[6.2175,48.4016],[6.2117,48.3998],[6.207,48.3975],[6.2062,48.3987],[6.2029,48.4002],[6.2017,48.3994],[6.2002,48.398],[6.1991,48.3979],[6.1976,48.3986],[6.1962,48.3965],[6.195,48.3974],[6.191,48.3954],[6.1902,48.3969],[6.189,48.3968],[6.1879,48.3979],[6.1784,48.3976],[6.1785,48.4006],[6.1804,48.4031],[6.1802,48.4047],[6.1847,48.4083],[6.1837,48.4094],[6.1814,48.4099],[6.182,48.412],[6.1789,48.4105],[6.1768,48.4086],[6.1784,48.4067],[6.1737,48.4067],[6.1736,48.4056],[6.1698,48.4055],[6.1693,48.4063],[6.1655,48.4056],[6.1602,48.406],[6.1503,48.4095],[6.1494,48.4083],[6.1489,48.4072],[6.1474,48.4078],[6.1469,48.407],[6.1471,48.4042],[6.1494,48.4041],[6.1496,48.4033],[6.1507,48.4032],[6.1497,48.3992],[6.1506,48.399],[6.1514,48.3964],[6.1473,48.3946],[6.1495,48.3934],[6.1494,48.3911],[6.152,48.3897],[6.1535,48.3873],[6.1516,48.386],[6.15,48.3834],[6.1502,48.3826],[6.1521,48.3826],[6.1523,48.3816],[6.1523,48.381],[6.1497,48.3807],[6.1496,48.3798],[6.1472,48.3786],[6.1475,48.3779],[6.1442,48.3763],[6.1394,48.372],[6.1395,48.3716],[6.1412,48.3722],[6.1418,48.3702],[6.1375,48.3661],[6.1334,48.3639],[6.1327,48.3627],[6.136,48.3619],[6.1394,48.3583],[6.1413,48.3587],[6.1455,48.3579],[6.1471,48.3591],[6.1486,48.3588],[6.1501,48.3598],[6.1474,48.3622],[6.1489,48.3629],[6.1521,48.3629],[6.1544,48.3631],[6.1562,48.3613],[6.1581,48.362],[6.161,48.3602],[6.1623,48.3573],[6.1637,48.3561],[6.1631,48.3547],[6.1636,48.3536],[6.1623,48.3529],[6.1596,48.3525],[6.1603,48.351],[6.1594,48.3496],[6.1562,48.3495],[6.1565,48.3473],[6.1576,48.3465],[6.1512,48.34],[6.1499,48.3378],[6.1539,48.3381],[6.1582,48.3357],[6.1592,48.3363],[6.1612,48.3358],[6.1633,48.3336],[6.1672,48.3352],[6.169,48.3321],[6.1707,48.3326],[6.1699,48.3288],[6.1707,48.3273],[6.1721,48.3253],[6.1749,48.3255],[6.1767,48.3235],[6.1796,48.3248],[6.1844,48.3224],[6.1847,48.3219],[6.1812,48.3207],[6.1821,48.3199],[6.1865,48.3201],[6.1864,48.3191],[6.1874,48.319],[6.1871,48.3176],[6.1884,48.317],[6.1865,48.3149],[6.1911,48.3128],[6.1918,48.311],[6.191,48.3092],[6.1914,48.309],[6.1932,48.3109],[6.1945,48.31],[6.1988,48.3098],[6.1987,48.3067],[6.1974,48.3034],[6.1984,48.3021],[6.1974,48.3013],[6.1983,48.2981],[6.1928,48.2966],[6.187,48.2961],[6.1878,48.2939],[6.1863,48.2932],[6.1846,48.2935],[6.1817,48.2925],[6.1829,48.2916],[6.1826,48.2913],[6.1853,48.2879],[6.1868,48.2868],[6.1868,48.2845],[6.1855,48.2826],[6.187,48.2814],[6.1879,48.2791],[6.1857,48.279],[6.1849,48.2778],[6.1841,48.276],[6.1853,48.273],[6.1834,48.2729],[6.1757,48.2739],[6.1616,48.273],[6.1598,48.2744],[6.1583,48.2744],[6.1552,48.2732],[6.1563,48.2703],[6.1564,48.2693],[6.159,48.2664],[6.1592,48.2649],[6.16,48.2645],[6.1595,48.264],[6.1602,48.2636],[6.1598,48.2631],[6.159,48.2635],[6.158,48.263],[6.1585,48.2627],[6.1582,48.2622],[6.157,48.2625],[6.1567,48.2619],[6.158,48.2614],[6.1573,48.261],[6.1586,48.2603],[6.1566,48.2592],[6.1564,48.2586],[6.1577,48.2583],[6.1574,48.2579],[6.1591,48.258],[6.1581,48.2565],[6.157,48.2561],[6.156,48.2565],[6.1559,48.2559],[6.1548,48.2556],[6.1564,48.2531],[6.1557,48.2529],[6.1559,48.2519],[6.1549,48.251],[6.1512,48.2524],[6.1506,48.2519],[6.1488,48.2521],[6.149,48.2512],[6.1456,48.2512],[6.1464,48.2505],[6.146,48.2491],[6.1469,48.2471],[6.1511,48.2478],[6.1502,48.2459],[6.148,48.2453],[6.1497,48.2446],[6.1502,48.2436],[6.145,48.2433],[6.1462,48.2387],[6.1481,48.2365],[6.1406,48.2332],[6.1409,48.2292],[6.1405,48.2287],[6.1348,48.2257],[6.1295,48.225],[6.1288,48.2251],[6.1305,48.2237],[6.1237,48.22],[6.1246,48.2162],[6.1231,48.216],[6.1234,48.2132],[6.1218,48.2122],[6.1206,48.2123],[6.1167,48.2069],[6.1183,48.2058],[6.1141,48.2046],[6.1138,48.2037],[6.1149,48.2023],[6.1159,48.2024],[6.117,48.2006],[6.1163,48.2002],[6.1182,48.1983],[6.1202,48.1973],[6.1221,48.1975],[6.1226,48.1951],[6.129,48.1957],[6.1292,48.1952],[6.132,48.196],[6.1345,48.1947],[6.1366,48.1926],[6.1405,48.1877],[6.1384,48.1852],[6.1364,48.1848],[6.1337,48.1857],[6.133,48.1847],[6.1388,48.182],[6.14,48.1826],[6.1409,48.1824],[6.1399,48.1809],[6.1404,48.1803],[6.1426,48.1788],[6.1423,48.1783],[6.143,48.1777],[6.1497,48.1745],[6.1524,48.171],[6.1567,48.1699],[6.1616,48.1746],[6.1556,48.1775],[6.1565,48.1784],[6.1641,48.1818],[6.1665,48.1823],[6.1673,48.1816],[6.1708,48.1824],[6.172,48.1819],[6.1759,48.1853],[6.1753,48.1856],[6.176,48.1859],[6.1786,48.1841],[6.179,48.1849],[6.179,48.1831],[6.1808,48.1818],[6.1799,48.1812],[6.182,48.1799],[6.181,48.1784],[6.1816,48.1782],[6.1815,48.1778],[6.1855,48.1769],[6.1858,48.1774],[6.1871,48.1773],[6.1875,48.1754],[6.1886,48.1741],[6.1887,48.1713],[6.1895,48.17],[6.1891,48.1699],[6.1895,48.1692],[6.1903,48.1693],[6.1889,48.1689],[6.1899,48.1638],[6.1919,48.1625],[6.1907,48.1616],[6.1898,48.158],[6.1913,48.1557],[6.1905,48.1476],[6.1855,48.1407],[6.1847,48.1395],[6.185,48.1392],[6.1896,48.1408],[6.1925,48.1396],[6.192,48.1367],[6.1938,48.1345],[6.196,48.1337],[6.2026,48.1331],[6.2097,48.1359],[6.2169,48.1361],[6.2171,48.1334],[6.2186,48.1316],[6.2194,48.1292],[6.2225,48.1272],[6.2268,48.1263],[6.2218,48.1218],[6.2324,48.1155],[6.2308,48.1142],[6.232,48.1135],[6.2213,48.1064],[6.2228,48.1045],[6.2204,48.104],[6.2186,48.1066],[6.2181,48.1083],[6.2132,48.1073],[6.2114,48.1075],[6.2088,48.1088],[6.2064,48.1109],[6.2047,48.11],[6.2051,48.107],[6.2005,48.1047],[6.1986,48.1026],[6.1955,48.1028],[6.1947,48.1036],[6.1954,48.1057],[6.1937,48.1082],[6.1873,48.1109],[6.1832,48.1072],[6.1814,48.1078],[6.1777,48.1073],[6.1662,48.1041],[6.1577,48.1061],[6.1513,48.102],[6.1376,48.1014],[6.1295,48.0963],[6.102,48.0901],[6.105,48.0887],[6.1067,48.0868],[6.1066,48.0848],[6.1097,48.0833],[6.111,48.0808],[6.1134,48.0807],[6.1152,48.079],[6.1172,48.0796],[6.1217,48.079],[6.1304,48.0809],[6.1328,48.0803],[6.1385,48.0808],[6.1434,48.0792],[6.1527,48.0819],[6.1586,48.0805],[6.1606,48.0807],[6.1634,48.0767],[6.1644,48.0737],[6.1642,48.0713],[6.165,48.0705],[6.1657,48.0679],[6.165,48.0664],[6.1631,48.0664],[6.1561,48.0625],[6.1461,48.0555],[6.143,48.0546],[6.1441,48.0531],[6.143,48.0518],[6.1344,48.0503],[6.1332,48.0487],[6.1329,48.0473],[6.1341,48.0461],[6.1346,48.0443],[6.1317,48.0393],[6.132,48.0361],[6.1282,48.0321],[6.1288,48.0307],[6.1309,48.0287],[6.1306,48.0257],[6.1314,48.0241],[6.1335,48.0214],[6.1317,48.0207],[6.1312,48.02],[6.1349,48.02],[6.1375,48.0188],[6.1386,48.0172],[6.143,48.0159],[6.147,48.0155],[6.1521,48.0095],[6.1561,48.0069],[6.1562,48.0059],[6.1552,48.0029],[6.1528,48.0001],[6.1524,47.9984],[6.1529,47.9961],[6.1524,47.9951],[6.1526,47.9941],[6.1573,47.9921],[6.1596,47.9923],[6.1605,47.9894],[6.1577,47.9839],[6.1619,47.9786],[6.1651,47.9771],[6.1649,47.9761],[6.1638,47.9753],[6.1645,47.9731],[6.1627,47.9726],[6.1572,47.9724],[6.1502,47.97],[6.1495,47.9685],[6.1501,47.9656],[6.1542,47.9651],[6.1553,47.9644],[6.1553,47.9665],[6.1567,47.968],[6.1601,47.9653],[6.1607,47.9645],[6.1607,47.9591],[6.1612,47.9583],[6.1623,47.9576],[6.1621,47.9568],[6.165,47.9543],[6.1661,47.9545],[6.1665,47.9532],[6.168,47.9524],[6.171,47.9528],[6.1739,47.9522],[6.1791,47.9544],[6.1803,47.9562],[6.1821,47.9569],[6.1824,47.9559],[6.1866,47.9535],[6.188,47.9541],[6.192,47.9537],[6.1974,47.9518],[6.1973,47.9504],[6.1965,47.9492],[6.1971,47.9474],[6.2006,47.948],[6.2081,47.9468],[6.207,47.9435],[6.2081,47.9423],[6.2082,47.939],[6.2053,47.9354],[6.2052,47.932],[6.2144,47.9304],[6.216,47.9313],[6.2168,47.9331],[6.2187,47.9343],[6.2192,47.9358],[6.238,47.9328],[6.2386,47.9334],[6.2387,47.9371],[6.2429,47.9395],[6.2508,47.9391],[6.263,47.9461],[6.2755,47.9524],[6.2773,47.9538],[6.2891,47.9558],[6.2944,47.9558],[6.3017,47.9534],[6.3073,47.9501],[6.3096,47.9503],[6.3139,47.9494],[6.3191,47.9501],[6.3244,47.9487],[6.3253,47.9502],[6.329,47.9535],[6.3343,47.9558],[6.339,47.9545],[6.3447,47.9543],[6.3483,47.9567],[6.3523,47.9577],[6.3551,47.9591],[6.3564,47.9591],[6.359,47.9578],[6.3605,47.9581],[6.3615,47.9613],[6.3639,47.9613],[6.365,47.9626],[6.379,47.9585],[6.3852,47.959],[6.3889,47.9608],[6.391,47.9604],[6.3903,47.9592],[6.3914,47.9572],[6.3942,47.9552],[6.3993,47.9549],[6.4054,47.9531],[6.4058,47.9496],[6.4074,47.9485],[6.4077,47.9476],[6.4073,47.9448],[6.4084,47.9432],[6.4154,47.9433],[6.4182,47.9427],[6.4254,47.9438],[6.4297,47.9433],[6.4319,47.9438],[6.4347,47.9429],[6.4345,47.9417],[6.4352,47.9414],[6.4351,47.9402],[6.4368,47.937],[6.4363,47.9365],[6.4409,47.933],[6.4415,47.9322],[6.4413,47.9311],[6.4424,47.9301],[6.4455,47.9287],[6.445,47.9278],[6.4468,47.9273],[6.4481,47.9261],[6.4475,47.9234],[6.4481,47.9232],[6.448,47.9227],[6.4519,47.9202],[6.4578,47.9205],[6.459,47.9196],[6.4588,47.9186],[6.4627,47.9173],[6.4611,47.9164],[6.4634,47.914],[6.4604,47.9135],[6.456,47.9066],[6.4583,47.9058],[6.4623,47.8994],[6.4655,47.8971],[6.4725,47.8935],[6.4759,47.8933],[6.4773,47.8937],[6.478,47.893],[6.4776,47.8919],[6.4784,47.8911],[6.4751,47.8914],[6.4741,47.891],[6.4783,47.8854],[6.5032,47.8962],[6.5195,47.8999],[6.5349,47.9014],[6.5379,47.9025],[6.5409,47.9022],[6.542,47.9025],[6.544,47.9031],[6.5445,47.9054],[6.544,47.9084],[6.5444,47.9089],[6.5522,47.9116],[6.552,47.9155],[6.5582,47.923],[6.5594,47.9243],[6.5609,47.9282],[6.5625,47.9306],[6.5683,47.9345],[6.5769,47.9367],[6.5833,47.939],[6.5839,47.94],[6.588,47.9415],[6.5902,47.9416],[6.5898,47.9425],[6.5952,47.9428],[6.6012,47.9444],[6.6041,47.9448],[6.6074,47.9438],[6.6075,47.9417],[6.6106,47.9388],[6.6125,47.936],[6.6186,47.9314],[6.6221,47.9303],[6.6282,47.9299],[6.6308,47.928],[6.629,47.9252],[6.6313,47.9236],[6.6331,47.9214],[6.6353,47.9203],[6.6401,47.9199],[6.6395,47.9192],[6.6398,47.919],[6.642,47.9185],[6.6393,47.9103],[6.6437,47.905],[6.6452,47.9041],[6.6496,47.9018],[6.6548,47.9011],[6.6589,47.8981],[6.6623,47.8976],[6.6639,47.8958],[6.6669,47.8938],[6.6717,47.8929],[6.6764,47.8903],[6.6827,47.8906],[6.6855,47.8884],[6.6868,47.8883],[6.6892,47.8876],[6.6897,47.8864],[6.6913,47.8858],[6.6969,47.8827],[6.7037,47.8814],[6.7057,47.8804],[6.7062,47.8786],[6.7092,47.8775],[6.7101,47.8758],[6.7139,47.8741],[6.7229,47.8712],[6.7232,47.8704],[6.7247,47.8695],[6.7294,47.8687],[6.7302,47.8681],[6.7306,47.8662],[6.7352,47.8649],[6.7373,47.8655],[6.7368,47.8638],[6.7378,47.8617],[6.7371,47.8608],[6.7415,47.8618],[6.746,47.8609],[6.7472,47.8596],[6.7546,47.8584],[6.756,47.8592],[6.7607,47.8583],[6.7639,47.8573],[6.7645,47.8535],[6.7664,47.8536],[6.7666,47.8528],[6.7702,47.852],[6.7779,47.8509],[6.7826,47.8513],[6.7849,47.8496],[6.788,47.8455],[6.7896,47.8449],[6.7911,47.8453],[6.7918,47.8446],[6.7904,47.8441],[6.7922,47.8422],[6.7925,47.8405],[6.7917,47.8398],[6.7907,47.8363],[6.789,47.8348],[6.7884,47.8345],[6.7887,47.8338],[6.7919,47.8302],[6.7927,47.8295],[6.7999,47.8274],[6.8003,47.8259],[6.8036,47.824],[6.8057,47.8236],[6.808,47.8221],[6.8112,47.8215],[6.8111,47.82],[6.817,47.8186],[6.8209,47.8157],[6.8208,47.8146],[6.8235,47.8131],[6.8238,47.8143],[6.8337,47.8182],[6.8359,47.8218],[6.8393,47.8248],[6.8431,47.825],[6.8462,47.8229],[6.8513,47.8247],[6.8581,47.8232],[6.8634,47.8271],[6.8676,47.8295],[6.8749,47.8292],[6.8774,47.8301],[6.8792,47.8315],[6.885,47.8317],[6.8886,47.8336],[6.8961,47.833],[6.8971,47.8348],[6.8979,47.8392],[6.9003,47.8404],[6.9029,47.843],[6.907,47.846],[6.9144,47.8465],[6.9168,47.8474],[6.92,47.8503],[6.9184,47.8542],[6.9173,47.8551],[6.9185,47.8568],[6.9181,47.8573],[6.9194,47.8581],[6.9158,47.8587],[6.9112,47.8636],[6.9088,47.8634],[6.907,47.864],[6.9065,47.8651],[6.9073,47.867],[6.9071,47.8713],[6.9084,47.872],[6.9054,47.875],[6.9045,47.8795],[6.9076,47.8801],[6.9097,47.8816],[6.907,47.884],[6.8978,47.8843],[6.8974,47.8857],[6.8981,47.8871],[6.8969,47.8908],[6.9002,47.8912],[6.91,47.8944],[6.9185,47.8984],[6.917,47.9021],[6.9183,47.9033],[6.9263,47.9064],[6.9287,47.9095],[6.927,47.9123],[6.927,47.9155],[6.9259,47.9173],[6.9227,47.9169],[6.9195,47.9173],[6.9173,47.9164],[6.9158,47.9175],[6.9154,47.9184],[6.9124,47.9184],[6.9199,47.9247],[6.9241,47.9274],[6.9257,47.9298],[6.9257,47.931],[6.9243,47.9319],[6.9254,47.9339],[6.9251,47.9356],[6.9227,47.9368],[6.9216,47.9382],[6.9213,47.9389],[6.9228,47.9395],[6.9229,47.9406],[6.9214,47.9428],[6.9199,47.9434],[6.9194,47.9443],[6.9208,47.9474],[6.9221,47.948],[6.9222,47.9495],[6.9247,47.9509],[6.9238,47.9525],[6.9235,47.9545],[6.9265,47.9577],[6.9256,47.9592],[6.9254,47.9601],[6.9281,47.9618],[6.9288,47.9663],[6.928,47.9672],[6.9288,47.9678],[6.9289,47.9688],[6.9307,47.9693],[6.9309,47.9722],[6.9338,47.974],[6.9391,47.9752],[6.939,47.9777],[6.9422,47.9781],[6.9423,47.9798],[6.9438,47.9804],[6.9418,47.9843],[6.9451,47.9873],[6.9435,47.9901],[6.944,47.992],[6.9431,47.9932],[6.9439,47.9955],[6.9434,47.998],[6.9438,47.9995],[6.9445,47.9999],[6.9536,48.0031],[6.9554,48.0028],[6.9586,48.0007],[6.9614,48.0003],[6.9681,48.0043],[6.969,48.0063],[6.9747,48.009],[6.9815,48.0094],[6.9826,48.0098],[6.9826,48.0105],[6.985,48.0132],[6.9861,48.0159],[6.9902,48.0194],[6.9931,48.0206],[6.997,48.0213],[6.9996,48.0211],[7.0013,48.0218],[7.0075,48.0279],[7.0076,48.0289],[7.0121,48.0317],[7.0091,48.0328],[7.0112,48.035],[7.0133,48.0366],[7.016,48.0372],[7.0149,48.0388],[7.0108,48.0415],[7.0097,48.0429],[6.9998,48.0413],[6.994,48.0432],[6.9912,48.043],[6.9901,48.0425],[6.9878,48.0433],[6.9848,48.0421],[6.9797,48.0462],[6.9758,48.0477],[6.9734,48.0494],[6.9728,48.0508],[6.9731,48.052],[6.9695,48.053],[6.9657,48.0535],[6.9617,48.0529],[6.9598,48.0534],[6.9584,48.0528],[6.9568,48.0546],[6.9547,48.0544],[6.9497,48.0571],[6.9474,48.0569],[6.9465,48.0576],[6.9427,48.0569],[6.9368,48.0577],[6.9301,48.0566],[6.9269,48.0537],[6.9238,48.0499],[6.9172,48.0456],[6.9166,48.0411],[6.9113,48.0367],[6.9093,48.0342],[6.9068,48.0337],[6.9032,48.0344],[6.902,48.0339],[6.8951,48.0332],[6.8922,48.0318],[6.8887,48.029],[6.887,48.0293],[6.8855,48.0287],[6.8841,48.0263],[6.8835,48.0241],[6.8731,48.028],[6.8682,48.0283],[6.8655,48.0292],[6.8591,48.0332],[6.8588,48.0341],[6.8566,48.0358],[6.8544,48.0364],[6.8523,48.0361],[6.8462,48.0418],[6.8405,48.0397],[6.835,48.0437],[6.8298,48.0461],[6.8221,48.0481],[6.817,48.048],[6.8138,48.0492],[6.8087,48.0478],[6.8019,48.0475],[6.7995,48.0491],[6.7987,48.0508],[6.7972,48.0505],[6.794,48.0515],[6.7937,48.053],[6.7859,48.0567],[6.7844,48.058],[6.7857,48.0608],[6.7851,48.0633],[6.7854,48.0665],[6.7861,48.0675],[6.786,48.0694],[6.7838,48.0725],[6.7842,48.0738],[6.7837,48.0745],[6.7764,48.079],[6.7763,48.0804],[6.7772,48.0818],[6.7769,48.0838],[6.7768,48.0869],[6.7711,48.0909],[6.771,48.0917],[6.7688,48.094],[6.7677,48.0972],[6.7645,48.097],[6.7644,48.0986],[6.7616,48.101],[6.7611,48.1022],[6.7584,48.1031],[6.7556,48.1072],[6.7541,48.1086],[6.7515,48.1097],[6.7508,48.1108],[6.7455,48.1118],[6.7427,48.1114],[6.7415,48.1121],[6.7394,48.1123],[6.7355,48.1145],[6.7313,48.1187],[6.7299,48.118],[6.7281,48.1199],[6.7254,48.1206],[6.7239,48.1238],[6.7196,48.1247],[6.7198,48.1238],[6.7188,48.1228],[6.7171,48.1246],[6.7176,48.1252],[6.7154,48.1269],[6.7146,48.1284],[6.7162,48.1291],[6.7194,48.1292],[6.7237,48.1309],[6.7254,48.1307],[6.7298,48.1324],[6.7301,48.1314],[6.7332,48.1323],[6.7322,48.1346],[6.732,48.1377],[6.7332,48.1392],[6.7314,48.144],[6.7296,48.145],[6.7279,48.1474],[6.7236,48.1477],[6.7125,48.1505],[6.7103,48.1503],[6.71,48.1507],[6.7105,48.1514],[6.7095,48.1524],[6.707,48.1518],[6.7093,48.1538],[6.7137,48.1553],[6.7134,48.1584],[6.715,48.1588],[6.717,48.1582],[6.7206,48.16],[6.7207,48.1623],[6.7215,48.1641],[6.7271,48.1684],[6.733,48.1744],[6.7317,48.1745],[6.7319,48.1752],[6.7314,48.1757],[6.7329,48.1767],[6.7341,48.1764],[6.7353,48.1771],[6.7347,48.178],[6.735,48.1784],[6.7367,48.178],[6.7386,48.1805],[6.738,48.1829],[6.7404,48.1828],[6.7427,48.185],[6.7466,48.1835],[6.7465,48.1826],[6.747,48.1823],[6.7487,48.1821],[6.7494,48.1815],[6.7489,48.1809],[6.7493,48.1803],[6.7515,48.1799],[6.7513,48.1793],[6.7536,48.1777],[6.7539,48.1755],[6.7548,48.1744],[6.7561,48.1742],[6.7574,48.1769],[6.7606,48.1743],[6.7629,48.1757],[6.7634,48.1763],[6.7659,48.1759],[6.7673,48.1764],[6.7654,48.1771],[6.7679,48.1771],[6.7695,48.1765],[6.7707,48.1774],[6.7692,48.1776],[6.7689,48.1785],[6.7666,48.1794],[6.7678,48.1802],[6.7658,48.1821],[6.7667,48.1835],[6.7682,48.1841],[6.7678,48.1853],[6.7688,48.1857],[6.7686,48.1872],[6.7721,48.1885],[6.7666,48.1947],[6.7636,48.199],[6.7673,48.2026],[6.7548,48.209],[6.7508,48.2096],[6.7494,48.2109],[6.7451,48.2094],[6.7451,48.2106],[6.7438,48.2107],[6.7431,48.2125],[6.7387,48.2121],[6.736,48.2141],[6.7353,48.2165],[6.7327,48.2171],[6.7324,48.2175],[6.7333,48.2178],[6.7301,48.2218],[6.7259,48.2226],[6.7229,48.2221],[6.7223,48.2226],[6.7209,48.2257],[6.7189,48.2275],[6.7156,48.2285],[6.7143,48.2305],[6.7146,48.2334],[6.7136,48.2361],[6.7153,48.2387],[6.7148,48.2399],[6.7084,48.2411],[6.7078,48.2431],[6.7115,48.2437],[6.7129,48.2449],[6.7142,48.2475],[6.7171,48.2478],[6.7261,48.2518],[6.7231,48.2512],[6.7177,48.2488],[6.708,48.2468],[6.7031,48.2482],[6.7013,48.2477],[6.6964,48.2483],[6.6915,48.2479],[6.6856,48.2496],[6.683,48.2478],[6.6753,48.2494],[6.6769,48.2533],[6.6806,48.258],[6.6805,48.2642],[6.6826,48.268],[6.6817,48.2717],[6.6803,48.2727],[6.6823,48.2744],[6.6921,48.2775],[6.6941,48.2777],[6.696,48.2768],[6.6993,48.2765],[6.7019,48.2769],[6.7042,48.2782],[6.705,48.2784],[6.7131,48.2729],[6.7159,48.2733],[6.7204,48.2715],[6.7205,48.2698],[6.7219,48.2685],[6.7227,48.2674],[6.7265,48.2678],[6.7298,48.2695],[6.7405,48.2731],[6.7541,48.2741],[6.765,48.2768],[6.7713,48.2796],[6.7717,48.2802],[6.7751,48.2795],[6.7803,48.2837],[6.785,48.2862],[6.7816,48.289],[6.7775,48.2889],[6.7778,48.2912],[6.7803,48.2941],[6.7792,48.2955],[6.7769,48.2969],[6.7772,48.3003],[6.7723,48.3023],[6.775,48.3058],[6.7787,48.3083],[6.7789,48.3122],[6.781,48.3157],[6.7827,48.3172],[6.7867,48.3193],[6.7883,48.3198],[6.7886,48.3208],[6.7868,48.3217],[6.7854,48.3255],[6.7842,48.3271],[6.7807,48.3294],[6.7808,48.33],[6.7795,48.3307],[6.7802,48.3319],[6.7798,48.3326],[6.7809,48.3332],[6.7809,48.3356],[6.784,48.3387],[6.7843,48.3428],[6.7851,48.3431],[6.7852,48.3451],[6.7846,48.3461],[6.7861,48.3482],[6.7865,48.3504],[6.7878,48.3525],[6.788,48.3562],[6.7864,48.358],[6.7795,48.3591],[6.7795,48.3615],[6.7755,48.3646],[6.7766,48.3669],[6.777,48.3691],[6.7803,48.37],[6.7845,48.3723],[6.7872,48.3729],[6.7896,48.3726],[6.7947,48.3743],[6.8014,48.3713],[6.8046,48.3723],[6.8065,48.3714],[6.8079,48.3731],[6.8067,48.3758],[6.8096,48.3793],[6.808,48.3821],[6.8082,48.3827],[6.8114,48.3861],[6.8114,48.3885],[6.8124,48.3919],[6.815,48.3951],[6.8133,48.3965],[6.81,48.3958],[6.8095,48.3965],[6.8099,48.397],[6.8079,48.3979],[6.8079,48.3999],[6.8017,48.4006],[6.8011,48.4012],[6.7994,48.4012],[6.7985,48.402],[6.7987,48.4029],[6.794,48.4034],[6.7927,48.4007],[6.7914,48.4006],[6.7909,48.3994],[6.7889,48.3988],[6.7878,48.3971],[6.7868,48.3972],[6.7853,48.3959],[6.7829,48.3893],[6.7822,48.3902],[6.7836,48.3943],[6.7835,48.3971],[6.7893,48.4018],[6.789,48.4025],[6.7804,48.4023],[6.7767,48.4018],[6.7672,48.399],[6.7649,48.4046],[6.7637,48.4045],[6.761,48.4062],[6.7622,48.4087],[6.7643,48.4103],[6.7648,48.4119],[6.7575,48.4113],[6.75,48.412],[6.7434,48.4113],[6.7393,48.4118],[6.7394,48.4111],[6.7389,48.411],[6.7388,48.4154],[6.7358,48.4171],[6.7306,48.417],[6.7251,48.4158],[6.7221,48.4162],[6.7187,48.4179],[6.7168,48.4198],[6.716,48.4219],[6.7141,48.4229],[6.709,48.4192],[6.7071,48.4165],[6.7029,48.4141],[6.6995,48.4131],[6.6906,48.4156],[6.6836,48.4192],[6.683,48.4221],[6.6834,48.4239],[6.6829,48.4245],[6.6814,48.4207],[6.6795,48.4217],[6.6772,48.4232],[6.6694,48.4261],[6.6645,48.4267],[6.6594,48.4251],[6.6572,48.4262],[6.6575,48.4272],[6.6553,48.4272],[6.6544,48.4283],[6.6505,48.427],[6.6451,48.4274],[6.6448,48.4286],[6.6483,48.4339],[6.6428,48.4449],[6.636,48.4489],[6.6359,48.4501],[6.6378,48.4516],[6.6359,48.4536],[6.6371,48.4543],[6.639,48.4567],[6.6385,48.4575],[6.6388,48.4639],[6.6378,48.4643],[6.6371,48.467],[6.6347,48.4684],[6.6357,48.4689],[6.6351,48.4697],[6.6354,48.4705],[6.6324,48.4713],[6.6325,48.472],[6.6228,48.473],[6.6194,48.4722],[6.6109,48.4679],[6.6096,48.4692],[6.606,48.4663],[6.6022,48.466],[6.6014,48.467],[6.5975,48.467],[6.5958,48.4646],[6.5963,48.4638],[6.5952,48.4635],[6.5954,48.4628],[6.5945,48.4624],[6.585,48.4605],[6.5786,48.4533],[6.5772,48.4501],[6.5771,48.4488],[6.5739,48.4453],[6.5747,48.4443],[6.5747,48.4432],[6.5721,48.4417],[6.5672,48.4409],[6.5688,48.4362],[6.5677,48.4353],[6.5675,48.4332],[6.568,48.4322],[6.5687,48.4318],[6.5702,48.4333],[6.5739,48.4332],[6.5775,48.4294],[6.5787,48.4267],[6.5787,48.4251],[6.58,48.423],[6.5797,48.4218],[6.5839,48.4172],[6.5787,48.4155],[6.5784,48.4169],[6.5773,48.4172],[6.5772,48.4163],[6.5753,48.4159],[6.5762,48.4146],[6.5745,48.4145],[6.5733,48.4167],[6.5715,48.4184],[6.5706,48.4181],[6.5719,48.4159],[6.571,48.416],[6.568,48.4179],[6.5666,48.4199],[6.5671,48.4208],[6.5667,48.4216],[6.5657,48.4214],[6.5657,48.4209],[6.5641,48.4208],[6.5629,48.422],[6.5557,48.4231],[6.55,48.425],[6.5478,48.4271],[6.5457,48.4279],[6.5446,48.4276],[6.5409,48.4277],[6.5358,48.4312],[6.5344,48.4315],[6.5298,48.4292],[6.5224,48.4277],[6.5212,48.4269],[6.5223,48.4256],[6.518,48.4235],[6.5092,48.4199],[6.506,48.4163],[6.5018,48.4146],[6.4977,48.4145],[6.4914,48.4173],[6.487,48.4163],[6.4831,48.4152],[6.4726,48.4108],[6.4713,48.41],[6.4713,48.4092],[6.4667,48.4104],[6.4658,48.4116],[6.4644,48.4118],[6.4628,48.4129],[6.46,48.4132],[6.4582,48.4154],[6.4593,48.4165],[6.4573,48.4175],[6.4482,48.4144],[6.4419,48.4124],[6.4422,48.4134],[6.4407,48.4131],[6.4399,48.4136],[6.4355,48.4128],[6.4224,48.4073],[6.4213,48.4057],[6.4217,48.404],[6.4203,48.4011],[6.4169,48.4007],[6.4153,48.3984],[6.415,48.3956],[6.414,48.3957],[6.4134,48.3941],[6.4137,48.3934],[6.4119,48.3921],[6.4104,48.3929],[6.4097,48.3919],[6.4086,48.3921],[6.4041,48.3906],[6.4007,48.3954],[6.4,48.3962],[6.3988,48.3955],[6.3984,48.3963],[6.398,48.3961],[6.3944,48.3937],[6.395,48.3932],[6.3888,48.3909],[6.3842,48.3946],[6.3894,48.4009],[6.3881,48.4015],[6.384,48.3995],[6.3837,48.3998],[6.3912,48.4039],[6.3915,48.4058],[6.3903,48.4058],[6.3922,48.4065],[6.3929,48.4087],[6.3918,48.4096],[6.3904,48.4085],[6.3883,48.4092],[6.3834,48.4066],[6.3817,48.4063],[6.3827,48.407],[6.3824,48.4075],[6.384,48.4082],[6.3833,48.4092],[6.3837,48.4102],[6.3818,48.4119],[6.3791,48.4089],[6.3785,48.4093],[6.3799,48.4106],[6.3806,48.4122],[6.3789,48.4121],[6.3785,48.4126],[6.382,48.414],[6.3833,48.415],[6.3812,48.415],[6.3721,48.4097],[6.3638,48.4061],[6.3636,48.4079],[6.3624,48.4075],[6.3588,48.4047],[6.354,48.4039],[6.3498,48.4054],[6.3472,48.4049],[6.3406,48.4054],[6.3365,48.4046],[6.3313,48.4048],[6.3254,48.4071],[6.3214,48.4095],[6.3176,48.409],[6.315,48.4093],[6.3062,48.4126],[6.3046,48.4158],[6.3063,48.4163],[6.3068,48.4177],[6.3039,48.4199],[6.3026,48.4228],[6.3028,48.4238],[6.3018,48.4245],[6.3044,48.4261],[6.3029,48.4284]]]},"properties":{"id":"881","name":"Épinal","territoire":"Lorraine","sigle":"LOR","pays":"France","cx":6.505,"cy":48.141}},
{"type":"Feature","geometry":{"type":"Polygon","coordinates":[[[6.0473,48.3656],[6.0466,48.3652],[6.0484,48.363],[6.043,48.3604],[6.0392,48.3599],[6.0385,48.3607],[6.0406,48.3617],[6.0392,48.3631],[6.0367,48.362],[6.0296,48.3602],[6.025,48.3569],[6.0231,48.3574],[6.0226,48.3565],[6.0213,48.3574],[6.0225,48.358],[6.0223,48.3589],[6.0203,48.3615],[6.0173,48.3604],[6.0161,48.3616],[6.0136,48.3598],[6.0115,48.3609],[6.0083,48.3609],[6.0083,48.3616],[6.0036,48.3629],[6.0032,48.362],[6.0044,48.3609],[6.0055,48.3582],[6.0038,48.3577],[6.0013,48.3605],[5.9949,48.3555],[5.9944,48.354],[5.9929,48.3544],[5.9877,48.3551],[5.9841,48.3528],[5.9853,48.3518],[5.984,48.3505],[5.9834,48.3508],[5.9804,48.349],[5.9718,48.3528],[5.9662,48.3512],[5.9662,48.3502],[5.9648,48.3501],[5.9616,48.3499],[5.9615,48.3507],[5.9592,48.3504],[5.9587,48.353],[5.9574,48.3551],[5.9554,48.3565],[5.9533,48.3579],[5.9542,48.3589],[5.9537,48.3592],[5.9549,48.3601],[5.9541,48.361],[5.9553,48.3614],[5.9545,48.3622],[5.9554,48.3625],[5.9548,48.3634],[5.9568,48.3642],[5.9602,48.3645],[5.9569,48.3653],[5.9565,48.3673],[5.9551,48.3673],[5.9516,48.3657],[5.9514,48.3671],[5.9492,48.369],[5.9496,48.3707],[5.9492,48.371],[5.9528,48.3713],[5.9538,48.3738],[5.9529,48.3744],[5.9482,48.3744],[5.9446,48.3758],[5.9495,48.3807],[5.9535,48.3831],[5.9523,48.3866],[5.9549,48.3874],[5.9508,48.3913],[5.9511,48.3942],[5.9496,48.3965],[5.9455,48.3991],[5.9453,48.4001],[5.9439,48.4007],[5.9421,48.4003],[5.9411,48.4007],[5.9347,48.4033],[5.9332,48.4031],[5.9323,48.4021],[5.9331,48.4005],[5.9315,48.4002],[5.9316,48.3987],[5.9339,48.3988],[5.9349,48.3958],[5.9328,48.396],[5.9329,48.3956],[5.9277,48.3937],[5.9261,48.395],[5.9265,48.3954],[5.9261,48.3958],[5.9254,48.3956],[5.9248,48.3962],[5.925,48.3973],[5.923,48.3984],[5.9205,48.4011],[5.9205,48.4031],[5.9184,48.4053],[5.9123,48.4037],[5.9089,48.4016],[5.9078,48.4002],[5.9049,48.4003],[5.9119,48.4057],[5.9098,48.407],[5.9124,48.41],[5.9128,48.4119],[5.9115,48.4121],[5.911,48.4115],[5.9094,48.4125],[5.9104,48.4136],[5.91,48.4151],[5.9107,48.4162],[5.9099,48.4167],[5.908,48.4165],[5.9076,48.417],[5.9081,48.419],[5.9075,48.4192],[5.909,48.4211],[5.9115,48.4225],[5.911,48.4236],[5.9133,48.4251],[5.9153,48.4278],[5.9162,48.4274],[5.9205,48.4276],[5.9187,48.4246],[5.9221,48.4228],[5.924,48.4232],[5.9249,48.4218],[5.9313,48.4339],[5.9227,48.4363],[5.9124,48.4354],[5.9073,48.4372],[5.9011,48.4368],[5.898,48.4359],[5.8982,48.4344],[5.9013,48.4337],[5.9046,48.4316],[5.9072,48.4311],[5.9091,48.4292],[5.9065,48.4278],[5.9071,48.4252],[5.9049,48.4187],[5.9009,48.4165],[5.9006,48.4146],[5.8995,48.4139],[5.9004,48.4138],[5.8993,48.4089],[5.8974,48.4082],[5.8963,48.4069],[5.8947,48.4068],[5.8952,48.4053],[5.8904,48.4049],[5.8898,48.4056],[5.889,48.4047],[5.8846,48.4045],[5.8826,48.4034],[5.8785,48.405],[5.8761,48.4033],[5.8759,48.4012],[5.8744,48.4004],[5.873,48.4033],[5.8721,48.4041],[5.8725,48.4048],[5.87,48.4061],[5.8677,48.4071],[5.866,48.4068],[5.8607,48.4073],[5.8579,48.4088],[5.8554,48.4094],[5.8563,48.4118],[5.8593,48.4165],[5.8637,48.4195],[5.8676,48.4212],[5.8703,48.4251],[5.8751,48.429],[5.8774,48.429],[5.8829,48.4341],[5.884,48.4364],[5.8853,48.4379],[5.885,48.4393],[5.8902,48.4425],[5.8972,48.4455],[5.899,48.4467],[5.8993,48.4483],[5.893,48.4515],[5.89,48.452],[5.889,48.4532],[5.8869,48.4539],[5.8862,48.4559],[5.8869,48.4601],[5.8922,48.4624],[5.8927,48.4637],[5.8908,48.466],[5.8906,48.4672],[5.8856,48.4692],[5.8878,48.4706],[5.8919,48.4717],[5.8957,48.4741],[5.8985,48.4769],[5.9036,48.4802],[5.9043,48.4829],[5.9018,48.483],[5.8988,48.4854],[5.9025,48.4897],[5.9059,48.495],[5.8977,48.4933],[5.8882,48.494],[5.8703,48.4996],[5.8683,48.501],[5.8659,48.5042],[5.8624,48.5066],[5.8582,48.507],[5.8521,48.5065],[5.8483,48.5044],[5.8465,48.5057],[5.8461,48.5068],[5.8455,48.5068],[5.8378,48.5048],[5.8365,48.5034],[5.8369,48.5024],[5.8364,48.5007],[5.8351,48.5012],[5.8291,48.4994],[5.8264,48.4967],[5.8237,48.4961],[5.8197,48.4978],[5.8108,48.4983],[5.8105,48.496],[5.8065,48.4932],[5.7972,48.4913],[5.7932,48.4889],[5.7903,48.488],[5.787,48.4829],[5.7859,48.483],[5.7848,48.4841],[5.7853,48.4849],[5.782,48.4864],[5.7795,48.487],[5.7786,48.4862],[5.7762,48.4873],[5.772,48.4909],[5.7722,48.4912],[5.7652,48.4965],[5.7553,48.4917],[5.7504,48.4836],[5.749,48.4768],[5.7472,48.4759],[5.7467,48.4765],[5.7461,48.4762],[5.7424,48.4745],[5.7418,48.4743],[5.743,48.4723],[5.7411,48.4718],[5.7398,48.4695],[5.7397,48.467],[5.7402,48.4659],[5.7348,48.4658],[5.7296,48.4649],[5.7236,48.4631],[5.7192,48.4601],[5.7137,48.4615],[5.7132,48.4603],[5.6951,48.4634],[5.6944,48.4637],[5.6948,48.4648],[5.6896,48.4662],[5.6907,48.4671],[5.6896,48.4674],[5.6837,48.4686],[5.681,48.4685],[5.6825,48.4703],[5.6806,48.4711],[5.6723,48.4721],[5.6629,48.4717],[5.6615,48.4712],[5.6557,48.4722],[5.6558,48.4704],[5.6549,48.4685],[5.6445,48.4719],[5.6422,48.4724],[5.6377,48.4694],[5.6432,48.4673],[5.6452,48.4645],[5.6487,48.4631],[5.65,48.4612],[5.6537,48.4584],[5.6489,48.4555],[5.6496,48.455],[5.645,48.454],[5.6383,48.4537],[5.6355,48.4525],[5.6342,48.4528],[5.6305,48.4513],[5.627,48.4489],[5.6183,48.4424],[5.6183,48.4397],[5.6196,48.4357],[5.6226,48.4289],[5.6217,48.4256],[5.6208,48.4273],[5.6188,48.4287],[5.6158,48.4323],[5.616,48.4397],[5.6151,48.4405],[5.6108,48.4409],[5.61,48.442],[5.609,48.4421],[5.6091,48.4426],[5.5938,48.4428],[5.5911,48.442],[5.5886,48.4423],[5.585,48.4404],[5.5803,48.4388],[5.5766,48.432],[5.5678,48.4329],[5.5666,48.4341],[5.5686,48.438],[5.5681,48.4396],[5.5639,48.4395],[5.5647,48.4411],[5.5608,48.4415],[5.561,48.44],[5.5505,48.4398],[5.5469,48.4377],[5.5471,48.4373],[5.5453,48.4363],[5.5456,48.4352],[5.5441,48.4343],[5.5361,48.4334],[5.5304,48.4314],[5.5281,48.4328],[5.5259,48.4329],[5.5203,48.4324],[5.5162,48.4309],[5.5152,48.4294],[5.5143,48.4295],[5.514,48.4289],[5.5147,48.4261],[5.5135,48.4259],[5.5122,48.424],[5.5124,48.4199],[5.5094,48.4159],[5.51,48.4146],[5.5134,48.4125],[5.5139,48.4108],[5.5053,48.409],[5.5027,48.4092],[5.4991,48.4136],[5.4956,48.4157],[5.4916,48.4167],[5.4887,48.4147],[5.4862,48.4146],[5.4701,48.4209],[5.4645,48.4199],[5.4619,48.4176],[5.4593,48.4162],[5.4535,48.415],[5.4503,48.4156],[5.4461,48.4151],[5.4438,48.4128],[5.4434,48.4119],[5.4438,48.4113],[5.4431,48.4106],[5.44,48.4089],[5.4359,48.4083],[5.4327,48.4061],[5.4283,48.4016],[5.4212,48.3989],[5.4224,48.3969],[5.4208,48.3955],[5.4196,48.395],[5.4174,48.3964],[5.4161,48.3966],[5.4125,48.3934],[5.4098,48.3926],[5.4069,48.3919],[5.4019,48.3935],[5.3938,48.3916],[5.4074,48.3827],[5.4099,48.3832],[5.4289,48.3825],[5.4416,48.3802],[5.4429,48.3794],[5.4362,48.3764],[5.4365,48.3751],[5.4315,48.3716],[5.4328,48.3709],[5.4271,48.3662],[5.4241,48.3668],[5.4221,48.3641],[5.4186,48.3607],[5.4189,48.3599],[5.418,48.359],[5.4175,48.3573],[5.4184,48.3566],[5.4197,48.3535],[5.4227,48.3516],[5.4215,48.35],[5.4174,48.347],[5.4179,48.3464],[5.4172,48.3456],[5.417,48.3427],[5.4182,48.3398],[5.4208,48.3385],[5.4238,48.3358],[5.4257,48.3327],[5.426,48.3311],[5.4289,48.3326],[5.4397,48.3351],[5.4454,48.3375],[5.4518,48.3432],[5.4536,48.3456],[5.4559,48.3472],[5.4599,48.3488],[5.4618,48.3521],[5.4656,48.3504],[5.4665,48.3506],[5.4691,48.349],[5.4741,48.3526],[5.4745,48.3546],[5.4801,48.3563],[5.4838,48.356],[5.4849,48.3568],[5.4847,48.3558],[5.4873,48.3561],[5.4882,48.3554],[5.4896,48.3555],[5.4912,48.3547],[5.4978,48.3554],[5.499,48.3551],[5.503,48.3519],[5.5063,48.3504],[5.5216,48.3488],[5.5265,48.3469],[5.5239,48.344],[5.5224,48.3413],[5.5253,48.3381],[5.5242,48.334],[5.5265,48.3317],[5.5304,48.3296],[5.5335,48.3251],[5.5348,48.3235],[5.5356,48.3211],[5.5374,48.3201],[5.5376,48.3181],[5.5442,48.3153],[5.5541,48.3043],[5.5586,48.3027],[5.5714,48.2928],[5.5761,48.2881],[5.5871,48.2795],[5.5884,48.2779],[5.5889,48.2756],[5.5884,48.2738],[5.5931,48.2788],[5.5969,48.2815],[5.5987,48.2839],[5.6042,48.2871],[5.6089,48.2887],[5.6117,48.2918],[5.6261,48.2832],[5.6433,48.275],[5.6459,48.2718],[5.6538,48.2685],[5.6519,48.2607],[5.652,48.2592],[5.6511,48.2566],[5.6495,48.2547],[5.6443,48.2509],[5.6421,48.2467],[5.6409,48.2424],[5.6459,48.2399],[5.6474,48.2395],[5.6479,48.2399],[5.6485,48.2392],[5.6628,48.2353],[5.6763,48.229],[5.6774,48.229],[5.6807,48.2305],[5.6828,48.2328],[5.6878,48.2342],[5.6932,48.2311],[5.6975,48.2274],[5.7014,48.2254],[5.705,48.2227],[5.7108,48.2199],[5.7111,48.2189],[5.7121,48.218],[5.7153,48.2169],[5.7165,48.2153],[5.7182,48.2145],[5.7193,48.2128],[5.7197,48.2104],[5.7215,48.2072],[5.7212,48.207],[5.7245,48.2031],[5.7278,48.1992],[5.7301,48.1983],[5.7306,48.1957],[5.7302,48.1951],[5.7313,48.1941],[5.731,48.1897],[5.7271,48.1897],[5.7236,48.1908],[5.7169,48.1892],[5.7156,48.1897],[5.7129,48.1896],[5.7117,48.1904],[5.711,48.1894],[5.7018,48.1904],[5.6954,48.188],[5.6911,48.1842],[5.6909,48.183],[5.6872,48.1803],[5.6796,48.1793],[5.6823,48.1755],[5.6834,48.1736],[5.6834,48.1702],[5.6857,48.168],[5.6865,48.1681],[5.6868,48.1665],[5.6865,48.163],[5.6852,48.1615],[5.6842,48.1582],[5.684,48.1564],[5.6848,48.1543],[5.6813,48.1508],[5.6854,48.1506],[5.6851,48.1467],[5.6843,48.145],[5.6769,48.1451],[5.6748,48.1384],[5.6768,48.138],[5.6771,48.1367],[5.6767,48.1363],[5.6722,48.1328],[5.6683,48.1329],[5.6687,48.1324],[5.6656,48.1293],[5.6625,48.1288],[5.6609,48.1242],[5.6618,48.1236],[5.6593,48.1221],[5.659,48.1212],[5.658,48.122],[5.6566,48.1205],[5.6579,48.12],[5.6571,48.1191],[5.6582,48.1192],[5.6593,48.118],[5.6602,48.1181],[5.6616,48.1172],[5.661,48.1161],[5.6616,48.1152],[5.6626,48.1149],[5.6624,48.1156],[5.6676,48.1161],[5.6683,48.1152],[5.6679,48.113],[5.6703,48.1124],[5.6697,48.1107],[5.6721,48.1094],[5.6709,48.1077],[5.6675,48.1066],[5.6663,48.1075],[5.6654,48.1065],[5.6566,48.1059],[5.6559,48.1067],[5.6534,48.107],[5.6509,48.105],[5.6494,48.105],[5.643,48.1011],[5.6432,48.1001],[5.6374,48.0976],[5.6378,48.0963],[5.6374,48.0958],[5.6393,48.0949],[5.6376,48.0915],[5.6383,48.0911],[5.6388,48.0888],[5.6371,48.0879],[5.6364,48.09],[5.6339,48.0902],[5.6334,48.089],[5.6343,48.0888],[5.6337,48.0873],[5.6306,48.0861],[5.629,48.0844],[5.634,48.0817],[5.6332,48.0804],[5.6338,48.0802],[5.6367,48.082],[5.6377,48.0821],[5.6389,48.0808],[5.6409,48.0804],[5.6423,48.0787],[5.6442,48.0795],[5.6458,48.0783],[5.6451,48.0773],[5.6468,48.0759],[5.6457,48.0747],[5.6466,48.0727],[5.6476,48.072],[5.6559,48.0691],[5.6591,48.0689],[5.6585,48.0709],[5.6613,48.072],[5.6612,48.0725],[5.6584,48.075],[5.6577,48.0763],[5.6547,48.0779],[5.6539,48.08],[5.6528,48.0801],[5.6532,48.0841],[5.6575,48.0862],[5.6585,48.0849],[5.6621,48.0849],[5.663,48.0837],[5.6651,48.0842],[5.6659,48.0836],[5.6669,48.0837],[5.668,48.0813],[5.6698,48.0818],[5.6733,48.0788],[5.6752,48.079],[5.6751,48.0819],[5.6812,48.0807],[5.683,48.0793],[5.6838,48.0796],[5.6845,48.0783],[5.6873,48.076],[5.6895,48.0751],[5.6918,48.0751],[5.6944,48.0769],[5.6963,48.0776],[5.6971,48.0761],[5.6968,48.0725],[5.6986,48.0695],[5.6988,48.0668],[5.7089,48.0654],[5.7128,48.0612],[5.7135,48.0609],[5.7157,48.0615],[5.7155,48.0596],[5.7162,48.0578],[5.7171,48.0576],[5.7166,48.0566],[5.7171,48.0553],[5.7213,48.0527],[5.7206,48.052],[5.7202,48.0505],[5.7207,48.0473],[5.7205,48.0442],[5.725,48.0444],[5.727,48.046],[5.736,48.0492],[5.7406,48.05],[5.7449,48.0478],[5.747,48.0453],[5.7471,48.0442],[5.7489,48.0427],[5.76,48.0378],[5.762,48.0352],[5.7644,48.0348],[5.7645,48.0299],[5.7705,48.0299],[5.775,48.0312],[5.7768,48.0336],[5.7777,48.0314],[5.7761,48.0245],[5.7764,48.0224],[5.7792,48.0223],[5.7807,48.0209],[5.7831,48.0154],[5.7856,48.0129],[5.7876,48.0078],[5.7864,48.004],[5.7868,48.0023],[5.7877,48.0015],[5.7913,47.9995],[5.7939,47.9988],[5.7947,47.998],[5.795,47.9934],[5.7936,47.9907],[5.792,47.9889],[5.7932,47.9871],[5.7891,47.9849],[5.7883,47.9842],[5.7886,47.9835],[5.7853,47.9813],[5.7841,47.9812],[5.7785,47.978],[5.7793,47.9765],[5.779,47.9743],[5.7808,47.9721],[5.781,47.9705],[5.7804,47.9699],[5.7827,47.9677],[5.7847,47.967],[5.7859,47.9645],[5.7829,47.9619],[5.784,47.962],[5.7846,47.9603],[5.7866,47.9593],[5.7862,47.9588],[5.7873,47.9572],[5.7865,47.9561],[5.7884,47.9542],[5.787,47.9534],[5.7873,47.9526],[5.7913,47.9513],[5.7945,47.9518],[5.7953,47.9498],[5.7981,47.9505],[5.8005,47.9504],[5.8023,47.9497],[5.8033,47.95],[5.8037,47.9492],[5.8044,47.9492],[5.804,47.9475],[5.8048,47.9476],[5.8053,47.947],[5.8093,47.9487],[5.8085,47.9528],[5.8115,47.9535],[5.8111,47.9552],[5.8152,47.9569],[5.8153,47.9574],[5.8228,47.9586],[5.8279,47.9584],[5.8286,47.9571],[5.8306,47.958],[5.8316,47.9578],[5.8362,47.9612],[5.84,47.965],[5.8405,47.9664],[5.8399,47.9681],[5.8405,47.9716],[5.8428,47.9756],[5.8458,47.9757],[5.8462,47.9731],[5.8458,47.9708],[5.8465,47.9696],[5.8487,47.969],[5.8536,47.9699],[5.8542,47.966],[5.8495,47.9651],[5.8491,47.9642],[5.8502,47.9622],[5.8497,47.9599],[5.8509,47.9585],[5.8509,47.9576],[5.8515,47.9577],[5.8516,47.957],[5.8541,47.9551],[5.8536,47.9542],[5.8524,47.9539],[5.854,47.9511],[5.8531,47.9502],[5.8565,47.9493],[5.8573,47.9479],[5.8575,47.9451],[5.8622,47.9462],[5.8645,47.9459],[5.8686,47.945],[5.8701,47.939],[5.873,47.9379],[5.8753,47.9382],[5.8761,47.9364],[5.8779,47.9354],[5.8785,47.934],[5.8814,47.933],[5.8811,47.9321],[5.8817,47.9308],[5.8832,47.9308],[5.8848,47.9295],[5.8847,47.926],[5.8905,47.9275],[5.8972,47.931],[5.8958,47.935],[5.8934,47.9359],[5.8929,47.9367],[5.8938,47.939],[5.9001,47.9448],[5.9075,47.9466],[5.9148,47.9467],[5.918,47.9474],[5.9173,47.9502],[5.9186,47.954],[5.9185,47.9561],[5.9188,47.9567],[5.9205,47.9566],[5.92,47.9598],[5.919,47.96],[5.9199,47.9629],[5.9191,47.964],[5.9194,47.9643],[5.9174,47.9662],[5.9188,47.9669],[5.9199,47.9685],[5.9191,47.9688],[5.9212,47.9703],[5.9217,47.9708],[5.9213,47.971],[5.9274,47.9744],[5.9325,47.9773],[5.934,47.9764],[5.9369,47.979],[5.9383,47.9786],[5.9395,47.9795],[5.9435,47.9792],[5.9442,47.98],[5.9465,47.9797],[5.9467,47.9792],[5.9475,47.9797],[5.95,47.9755],[5.9495,47.9729],[5.9588,47.9705],[5.9585,47.9685],[5.9601,47.968],[5.9597,47.9666],[5.9588,47.9652],[5.9559,47.9636],[5.9538,47.961],[5.9518,47.9611],[5.9492,47.9585],[5.9483,47.9584],[5.9481,47.9571],[5.9466,47.957],[5.9465,47.9552],[5.9423,47.9531],[5.9418,47.9524],[5.9379,47.9516],[5.9376,47.9506],[5.9373,47.9497],[5.938,47.9496],[5.9373,47.9479],[5.934,47.9455],[5.9333,47.9438],[5.9319,47.9437],[5.9323,47.9415],[5.9284,47.9377],[5.934,47.9372],[5.9354,47.9359],[5.9375,47.9368],[5.9476,47.9362],[5.9494,47.9355],[5.9508,47.9364],[5.9537,47.937],[5.96,47.942],[5.9605,47.9426],[5.9603,47.9435],[5.9624,47.945],[5.9689,47.9474],[5.9709,47.9557],[5.9708,47.9572],[5.9757,47.9579],[5.9769,47.9572],[5.981,47.9579],[5.9819,47.9579],[5.984,47.9562],[5.9873,47.9582],[5.9894,47.9566],[5.9922,47.9581],[5.9931,47.9573],[5.9958,47.9583],[5.997,47.957],[5.9995,47.957],[6.0023,47.9561],[6.0053,47.9578],[6.0093,47.9613],[6.007,47.9629],[6.0073,47.9638],[6.0062,47.964],[6.0087,47.9673],[6.0095,47.9671],[6.0106,47.9698],[6.0121,47.9718],[6.0151,47.9705],[6.019,47.9697],[6.0173,47.9725],[6.0206,47.9759],[6.0229,47.9773],[6.0234,47.9789],[6.0242,47.979],[6.0261,47.9814],[6.0237,47.9822],[6.0227,47.9815],[6.0183,47.9841],[6.019,47.9875],[6.0247,47.9871],[6.0249,47.9916],[6.0322,47.9906],[6.0322,47.9919],[6.0309,47.994],[6.0325,47.9986],[6.0412,48.0044],[6.0557,48.0088],[6.0695,48.0139],[6.0722,48.0155],[6.0732,48.0157],[6.0809,48.0127],[6.0855,48.0135],[6.0977,48.015],[6.1092,48.0125],[6.1093,48.0135],[6.1114,48.0148],[6.1137,48.0177],[6.1173,48.0199],[6.1191,48.0198],[6.1231,48.0206],[6.1314,48.0241],[6.1306,48.0257],[6.1309,48.0287],[6.1288,48.0307],[6.1282,48.0321],[6.132,48.0361],[6.1317,48.0393],[6.1346,48.0443],[6.1341,48.0461],[6.1329,48.0473],[6.1332,48.0487],[6.1344,48.0503],[6.143,48.0518],[6.1441,48.0531],[6.143,48.0546],[6.1461,48.0555],[6.1561,48.0625],[6.1631,48.0664],[6.165,48.0664],[6.1657,48.0679],[6.165,48.0705],[6.1642,48.0713],[6.1644,48.0737],[6.1634,48.0767],[6.1606,48.0807],[6.1586,48.0805],[6.1527,48.0819],[6.1434,48.0792],[6.1385,48.0808],[6.1328,48.0803],[6.1304,48.0809],[6.1217,48.079],[6.1172,48.0796],[6.1152,48.079],[6.1134,48.0807],[6.111,48.0808],[6.1097,48.0833],[6.1066,48.0848],[6.1067,48.0868],[6.105,48.0887],[6.102,48.0901],[6.1295,48.0963],[6.1376,48.1014],[6.1513,48.102],[6.1577,48.1061],[6.1662,48.1041],[6.1777,48.1073],[6.1814,48.1078],[6.1832,48.1072],[6.1873,48.1109],[6.1937,48.1082],[6.1954,48.1057],[6.1947,48.1036],[6.1955,48.1028],[6.1986,48.1026],[6.2005,48.1047],[6.2051,48.107],[6.2047,48.11],[6.2064,48.1109],[6.2088,48.1088],[6.2114,48.1075],[6.2132,48.1073],[6.2181,48.1083],[6.2186,48.1066],[6.2204,48.104],[6.2228,48.1045],[6.2213,48.1064],[6.232,48.1135],[6.2308,48.1142],[6.2324,48.1155],[6.2218,48.1218],[6.2268,48.1263],[6.2225,48.1272],[6.2194,48.1292],[6.2186,48.1316],[6.2171,48.1334],[6.2169,48.1361],[6.2097,48.1359],[6.2026,48.1331],[6.196,48.1337],[6.1938,48.1345],[6.192,48.1367],[6.1925,48.1396],[6.1896,48.1408],[6.185,48.1392],[6.1847,48.1395],[6.1855,48.1407],[6.1905,48.1476],[6.1913,48.1557],[6.1898,48.158],[6.1907,48.1616],[6.1919,48.1625],[6.1899,48.1638],[6.1889,48.1689],[6.1903,48.1693],[6.1895,48.1692],[6.1891,48.1699],[6.1895,48.17],[6.1887,48.1713],[6.1886,48.1741],[6.1875,48.1754],[6.1871,48.1773],[6.1858,48.1774],[6.1855,48.1769],[6.1815,48.1778],[6.1816,48.1782],[6.181,48.1784],[6.182,48.1799],[6.1799,48.1812],[6.1808,48.1818],[6.179,48.1831],[6.179,48.1849],[6.1786,48.1841],[6.176,48.1859],[6.1753,48.1856],[6.1759,48.1853],[6.172,48.1819],[6.1708,48.1824],[6.1673,48.1816],[6.1665,48.1823],[6.1641,48.1818],[6.1565,48.1784],[6.1556,48.1775],[6.1616,48.1746],[6.1567,48.1699],[6.1524,48.171],[6.1497,48.1745],[6.143,48.1777],[6.1423,48.1783],[6.1426,48.1788],[6.1404,48.1803],[6.1399,48.1809],[6.1409,48.1824],[6.14,48.1826],[6.1388,48.182],[6.133,48.1847],[6.1337,48.1857],[6.1364,48.1848],[6.1384,48.1852],[6.1405,48.1877],[6.1366,48.1926],[6.1345,48.1947],[6.132,48.196],[6.1292,48.1952],[6.129,48.1957],[6.1226,48.1951],[6.1221,48.1975],[6.1202,48.1973],[6.1182,48.1983],[6.1163,48.2002],[6.117,48.2006],[6.1159,48.2024],[6.1149,48.2023],[6.1138,48.2037],[6.1141,48.2046],[6.1183,48.2058],[6.1167,48.2069],[6.1206,48.2123],[6.1218,48.2122],[6.1234,48.2132],[6.1231,48.216],[6.1246,48.2162],[6.1237,48.22],[6.1305,48.2237],[6.1288,48.2251],[6.1295,48.225],[6.1348,48.2257],[6.1405,48.2287],[6.1409,48.2292],[6.1406,48.2332],[6.1481,48.2365],[6.1462,48.2387],[6.145,48.2433],[6.1502,48.2436],[6.1497,48.2446],[6.148,48.2453],[6.1502,48.2459],[6.1511,48.2478],[6.1469,48.2471],[6.146,48.2491],[6.1464,48.2505],[6.1456,48.2512],[6.149,48.2512],[6.1488,48.2521],[6.1506,48.2519],[6.1512,48.2524],[6.1549,48.251],[6.1559,48.2519],[6.1557,48.2529],[6.1564,48.2531],[6.1548,48.2556],[6.1559,48.2559],[6.156,48.2565],[6.157,48.2561],[6.1581,48.2565],[6.1591,48.258],[6.1574,48.2579],[6.1577,48.2583],[6.1564,48.2586],[6.1566,48.2592],[6.1586,48.2603],[6.1573,48.261],[6.158,48.2614],[6.1567,48.2619],[6.157,48.2625],[6.1582,48.2622],[6.1585,48.2627],[6.158,48.263],[6.159,48.2635],[6.1598,48.2631],[6.1602,48.2636],[6.1595,48.264],[6.16,48.2645],[6.1592,48.2649],[6.159,48.2664],[6.1564,48.2693],[6.1563,48.2703],[6.1552,48.2732],[6.1583,48.2744],[6.1598,48.2744],[6.1616,48.273],[6.1757,48.2739],[6.1834,48.2729],[6.1853,48.273],[6.1841,48.276],[6.1849,48.2778],[6.1857,48.279],[6.1879,48.2791],[6.187,48.2814],[6.1855,48.2826],[6.1868,48.2845],[6.1868,48.2868],[6.1853,48.2879],[6.1826,48.2913],[6.1829,48.2916],[6.1817,48.2925],[6.1846,48.2935],[6.1863,48.2932],[6.1878,48.2939],[6.187,48.2961],[6.1928,48.2966],[6.1983,48.2981],[6.1974,48.3013],[6.1984,48.3021],[6.1974,48.3034],[6.1987,48.3067],[6.1988,48.3098],[6.1945,48.31],[6.1932,48.3109],[6.1914,48.309],[6.191,48.3092],[6.1918,48.311],[6.1911,48.3128],[6.1865,48.3149],[6.1884,48.317],[6.1871,48.3176],[6.1874,48.319],[6.1864,48.3191],[6.1865,48.3201],[6.1821,48.3199],[6.1812,48.3207],[6.1847,48.3219],[6.1844,48.3224],[6.1796,48.3248],[6.1767,48.3235],[6.1749,48.3255],[6.1721,48.3253],[6.1707,48.3273],[6.1699,48.3288],[6.1707,48.3326],[6.169,48.3321],[6.1672,48.3352],[6.1633,48.3336],[6.1612,48.3358],[6.1592,48.3363],[6.1582,48.3357],[6.1539,48.3381],[6.1499,48.3378],[6.1512,48.34],[6.1576,48.3465],[6.1565,48.3473],[6.1562,48.3495],[6.1594,48.3496],[6.1603,48.351],[6.1596,48.3525],[6.1623,48.3529],[6.1636,48.3536],[6.1631,48.3547],[6.1637,48.3561],[6.1623,48.3573],[6.161,48.3602],[6.1581,48.362],[6.1562,48.3613],[6.1544,48.3631],[6.1521,48.3629],[6.1489,48.3629],[6.1474,48.3622],[6.1501,48.3598],[6.1486,48.3588],[6.1471,48.3591],[6.1455,48.3579],[6.1413,48.3587],[6.1394,48.3583],[6.136,48.3619],[6.1327,48.3627],[6.1287,48.3644],[6.1251,48.3673],[6.1227,48.365],[6.1225,48.3637],[6.121,48.3638],[6.1207,48.3622],[6.1198,48.3621],[6.1199,48.3582],[6.1171,48.3538],[6.1151,48.3552],[6.1114,48.3545],[6.1093,48.3556],[6.1072,48.3552],[6.106,48.3557],[6.103,48.3547],[6.1021,48.3566],[6.0987,48.3564],[6.0991,48.3569],[6.0973,48.3579],[6.099,48.3599],[6.0978,48.3617],[6.0954,48.3601],[6.0929,48.3612],[6.0938,48.3624],[6.0938,48.3638],[6.0961,48.3643],[6.0983,48.3638],[6.098,48.3687],[6.0989,48.369],[6.0975,48.3724],[6.0966,48.3722],[6.0966,48.3733],[6.0956,48.3732],[6.0942,48.3745],[6.0922,48.3743],[6.0914,48.3754],[6.0921,48.3761],[6.0911,48.3777],[6.0905,48.3777],[6.0889,48.3808],[6.0914,48.3815],[6.0912,48.3823],[6.0881,48.3824],[6.0869,48.3838],[6.0861,48.3836],[6.0861,48.3828],[6.0821,48.3819],[6.0785,48.3789],[6.0767,48.3799],[6.0732,48.3769],[6.0713,48.3766],[6.0691,48.3753],[6.0693,48.3733],[6.0747,48.3764],[6.0776,48.3749],[6.0774,48.3736],[6.0799,48.3684],[6.0795,48.3653],[6.0798,48.3636],[6.078,48.3623],[6.0763,48.3623],[6.0756,48.3629],[6.0708,48.361],[6.0715,48.3598],[6.0669,48.3597],[6.0668,48.3587],[6.0614,48.3597],[6.061,48.3606],[6.0599,48.3605],[6.0582,48.3624],[6.0568,48.3625],[6.0565,48.3636],[6.0546,48.3655],[6.0534,48.3656],[6.0518,48.365],[6.0508,48.3661],[6.0496,48.3654],[6.0487,48.366],[6.0473,48.3656]]]},"properties":{"id":"882","name":"Neufchâteau","territoire":"Lorraine","sigle":"LOR","pays":"France","cx":5.901,"cy":48.191}},
{"type":"Feature","geometry":{"type":"Polygon","coordinates":[[[6.815,48.3951],[6.8124,48.3919],[6.8114,48.3885],[6.8114,48.3861],[6.8082,48.3827],[6.808,48.3821],[6.8096,48.3793],[6.8067,48.3758],[6.8079,48.3731],[6.8065,48.3714],[6.8046,48.3723],[6.8014,48.3713],[6.7947,48.3743],[6.7896,48.3726],[6.7872,48.3729],[6.7845,48.3723],[6.7803,48.37],[6.777,48.3691],[6.7766,48.3669],[6.7755,48.3646],[6.7795,48.3615],[6.7795,48.3591],[6.7864,48.358],[6.788,48.3562],[6.7878,48.3525],[6.7865,48.3504],[6.7861,48.3482],[6.7846,48.3461],[6.7852,48.3451],[6.7851,48.3431],[6.7843,48.3428],[6.784,48.3387],[6.7809,48.3356],[6.7809,48.3332],[6.7798,48.3326],[6.7802,48.3319],[6.7795,48.3307],[6.7808,48.33],[6.7807,48.3294],[6.7842,48.3271],[6.7854,48.3255],[6.7868,48.3217],[6.7886,48.3208],[6.7883,48.3198],[6.7867,48.3193],[6.7827,48.3172],[6.781,48.3157],[6.7789,48.3122],[6.7787,48.3083],[6.775,48.3058],[6.7723,48.3023],[6.7772,48.3003],[6.7769,48.2969],[6.7792,48.2955],[6.7803,48.2941],[6.7778,48.2912],[6.7775,48.2889],[6.7816,48.289],[6.785,48.2862],[6.7803,48.2837],[6.7751,48.2795],[6.7717,48.2802],[6.7713,48.2796],[6.765,48.2768],[6.7541,48.2741],[6.7405,48.2731],[6.7298,48.2695],[6.7265,48.2678],[6.7227,48.2674],[6.7219,48.2685],[6.7205,48.2698],[6.7204,48.2715],[6.7159,48.2733],[6.7131,48.2729],[6.705,48.2784],[6.7042,48.2782],[6.7019,48.2769],[6.6993,48.2765],[6.696,48.2768],[6.6941,48.2777],[6.6921,48.2775],[6.6823,48.2744],[6.6803,48.2727],[6.6817,48.2717],[6.6826,48.268],[6.6805,48.2642],[6.6806,48.258],[6.6769,48.2533],[6.6753,48.2494],[6.683,48.2478],[6.6856,48.2496],[6.6915,48.2479],[6.6964,48.2483],[6.7013,48.2477],[6.7031,48.2482],[6.708,48.2468],[6.7177,48.2488],[6.7231,48.2512],[6.7261,48.2518],[6.7171,48.2478],[6.7142,48.2475],[6.7129,48.2449],[6.7115,48.2437],[6.7078,48.2431],[6.7084,48.2411],[6.7148,48.2399],[6.7153,48.2387],[6.7136,48.2361],[6.7146,48.2334],[6.7143,48.2305],[6.7156,48.2285],[6.7189,48.2275],[6.7209,48.2257],[6.7223,48.2226],[6.7229,48.2221],[6.7259,48.2226],[6.7301,48.2218],[6.7333,48.2178],[6.7324,48.2175],[6.7327,48.2171],[6.7353,48.2165],[6.736,48.2141],[6.7387,48.2121],[6.7431,48.2125],[6.7438,48.2107],[6.7451,48.2106],[6.7451,48.2094],[6.7494,48.2109],[6.7508,48.2096],[6.7548,48.209],[6.7673,48.2026],[6.7636,48.199],[6.7666,48.1947],[6.7721,48.1885],[6.7686,48.1872],[6.7688,48.1857],[6.7678,48.1853],[6.7682,48.1841],[6.7667,48.1835],[6.7658,48.1821],[6.7678,48.1802],[6.7666,48.1794],[6.7689,48.1785],[6.7692,48.1776],[6.7707,48.1774],[6.7695,48.1765],[6.7679,48.1771],[6.7654,48.1771],[6.7673,48.1764],[6.7659,48.1759],[6.7634,48.1763],[6.7629,48.1757],[6.7606,48.1743],[6.7574,48.1769],[6.7561,48.1742],[6.7548,48.1744],[6.7539,48.1755],[6.7536,48.1777],[6.7513,48.1793],[6.7515,48.1799],[6.7493,48.1803],[6.7489,48.1809],[6.7494,48.1815],[6.7487,48.1821],[6.747,48.1823],[6.7465,48.1826],[6.7466,48.1835],[6.7427,48.185],[6.7404,48.1828],[6.738,48.1829],[6.7386,48.1805],[6.7367,48.178],[6.735,48.1784],[6.7347,48.178],[6.7353,48.1771],[6.7341,48.1764],[6.7329,48.1767],[6.7314,48.1757],[6.7319,48.1752],[6.7317,48.1745],[6.733,48.1744],[6.7271,48.1684],[6.7215,48.1641],[6.7207,48.1623],[6.7206,48.16],[6.717,48.1582],[6.715,48.1588],[6.7134,48.1584],[6.7137,48.1553],[6.7093,48.1538],[6.707,48.1518],[6.7095,48.1524],[6.7105,48.1514],[6.71,48.1507],[6.7103,48.1503],[6.7125,48.1505],[6.7236,48.1477],[6.7279,48.1474],[6.7296,48.145],[6.7314,48.144],[6.7332,48.1392],[6.732,48.1377],[6.7322,48.1346],[6.7332,48.1323],[6.7301,48.1314],[6.7298,48.1324],[6.7254,48.1307],[6.7237,48.1309],[6.7194,48.1292],[6.7162,48.1291],[6.7146,48.1284],[6.7154,48.1269],[6.7176,48.1252],[6.7171,48.1246],[6.7188,48.1228],[6.7198,48.1238],[6.7196,48.1247],[6.7239,48.1238],[6.7254,48.1206],[6.7281,48.1199],[6.7299,48.118],[6.7313,48.1187],[6.7355,48.1145],[6.7394,48.1123],[6.7415,48.1121],[6.7427,48.1114],[6.7455,48.1118],[6.7508,48.1108],[6.7515,48.1097],[6.7541,48.1086],[6.7556,48.1072],[6.7584,48.1031],[6.7611,48.1022],[6.7616,48.101],[6.7644,48.0986],[6.7645,48.097],[6.7677,48.0972],[6.7688,48.094],[6.771,48.0917],[6.7711,48.0909],[6.7768,48.0869],[6.7769,48.0838],[6.7772,48.0818],[6.7763,48.0804],[6.7764,48.079],[6.7837,48.0745],[6.7842,48.0738],[6.7838,48.0725],[6.786,48.0694],[6.7861,48.0675],[6.7854,48.0665],[6.7851,48.0633],[6.7857,48.0608],[6.7844,48.058],[6.7859,48.0567],[6.7937,48.053],[6.794,48.0515],[6.7972,48.0505],[6.7987,48.0508],[6.7995,48.0491],[6.8019,48.0475],[6.8087,48.0478],[6.8138,48.0492],[6.817,48.048],[6.8221,48.0481],[6.8298,48.0461],[6.835,48.0437],[6.8405,48.0397],[6.8462,48.0418],[6.8523,48.0361],[6.8544,48.0364],[6.8566,48.0358],[6.8588,48.0341],[6.8591,48.0332],[6.8655,48.0292],[6.8682,48.0283],[6.8731,48.028],[6.8835,48.0241],[6.8841,48.0263],[6.8855,48.0287],[6.887,48.0293],[6.8887,48.029],[6.8922,48.0318],[6.8951,48.0332],[6.902,48.0339],[6.9032,48.0344],[6.9068,48.0337],[6.9093,48.0342],[6.9113,48.0367],[6.9166,48.0411],[6.9172,48.0456],[6.9238,48.0499],[6.9269,48.0537],[6.9301,48.0566],[6.9368,48.0577],[6.9427,48.0569],[6.9465,48.0576],[6.9474,48.0569],[6.9497,48.0571],[6.9547,48.0544],[6.9568,48.0546],[6.9584,48.0528],[6.9598,48.0534],[6.9617,48.0529],[6.9657,48.0535],[6.9695,48.053],[6.9731,48.052],[6.9728,48.0508],[6.9734,48.0494],[6.9758,48.0477],[6.9797,48.0462],[6.9848,48.0421],[6.9878,48.0433],[6.9901,48.0425],[6.9912,48.043],[6.994,48.0432],[6.9998,48.0413],[7.0097,48.0429],[7.0117,48.0444],[7.0123,48.0462],[7.0142,48.0479],[7.0186,48.0551],[7.0234,48.056],[7.0225,48.0581],[7.0242,48.0615],[7.0229,48.0636],[7.0299,48.066],[7.0298,48.0719],[7.0317,48.0738],[7.0363,48.0766],[7.0374,48.0781],[7.0476,48.0801],[7.0517,48.0826],[7.0526,48.0859],[7.0542,48.0873],[7.0559,48.0872],[7.0573,48.0886],[7.0612,48.0932],[7.0636,48.0975],[7.0681,48.1018],[7.0686,48.1043],[7.0704,48.1064],[7.072,48.108],[7.0767,48.1085],[7.0839,48.1222],[7.0845,48.1256],[7.0842,48.1292],[7.0699,48.1295],[7.0657,48.1338],[7.0613,48.1365],[7.058,48.1377],[7.0583,48.1399],[7.0602,48.1446],[7.063,48.1445],[7.0649,48.1454],[7.0668,48.1489],[7.0708,48.153],[7.0712,48.1567],[7.072,48.1579],[7.075,48.1601],[7.0759,48.1626],[7.079,48.1639],[7.0796,48.1648],[7.0799,48.1658],[7.0776,48.1709],[7.0832,48.1725],[7.0817,48.1754],[7.0819,48.1762],[7.0833,48.1774],[7.0853,48.1809],[7.0851,48.183],[7.0857,48.184],[7.0916,48.1842],[7.0953,48.1881],[7.0998,48.1891],[7.1035,48.1928],[7.1063,48.1943],[7.1084,48.1976],[7.1056,48.2005],[7.1078,48.2018],[7.1081,48.203],[7.1129,48.2045],[7.1176,48.208],[7.1156,48.2104],[7.1154,48.2121],[7.12,48.2151],[7.1232,48.2165],[7.1256,48.2212],[7.1268,48.2251],[7.1285,48.2262],[7.1299,48.2289],[7.1297,48.2319],[7.1305,48.2364],[7.1341,48.2378],[7.1326,48.2428],[7.1336,48.2459],[7.133,48.2475],[7.1361,48.2484],[7.139,48.2503],[7.139,48.2537],[7.1409,48.2548],[7.1415,48.2579],[7.1432,48.2592],[7.1463,48.2596],[7.1474,48.2613],[7.1477,48.2644],[7.1515,48.2654],[7.154,48.2653],[7.1578,48.2675],[7.1585,48.2683],[7.1595,48.2688],[7.1608,48.271],[7.1589,48.2732],[7.1594,48.2752],[7.1641,48.2812],[7.1686,48.2851],[7.1721,48.2859],[7.1733,48.2877],[7.1767,48.289],[7.1753,48.2911],[7.1719,48.2935],[7.1735,48.2957],[7.1724,48.2975],[7.175,48.2981],[7.1768,48.2994],[7.184,48.3006],[7.1858,48.3015],[7.1936,48.302],[7.1941,48.304],[7.1965,48.3064],[7.1975,48.3102],[7.1983,48.3105],[7.197,48.3115],[7.1967,48.3159],[7.1898,48.3188],[7.1915,48.3216],[7.1918,48.3249],[7.1828,48.3245],[7.1772,48.3253],[7.177,48.3285],[7.1805,48.3292],[7.1812,48.334],[7.1809,48.3352],[7.1848,48.3362],[7.1836,48.3394],[7.1778,48.3405],[7.175,48.3418],[7.1695,48.3423],[7.1641,48.3373],[7.1535,48.3334],[7.1479,48.3333],[7.1454,48.3323],[7.1413,48.332],[7.1374,48.332],[7.1336,48.3332],[7.1205,48.3333],[7.1161,48.3343],[7.1128,48.3359],[7.1132,48.3374],[7.1127,48.3391],[7.1094,48.3432],[7.1077,48.3443],[7.106,48.3441],[7.1028,48.3452],[7.1006,48.3448],[7.1006,48.3454],[7.0979,48.3463],[7.0977,48.3472],[7.0938,48.3486],[7.0904,48.3485],[7.0785,48.3511],[7.076,48.3526],[7.083,48.356],[7.0857,48.3601],[7.0877,48.3618],[7.0904,48.3656],[7.0945,48.3687],[7.0962,48.3713],[7.1008,48.3737],[7.1054,48.3751],[7.1066,48.3761],[7.106,48.3774],[7.1082,48.377],[7.1093,48.3787],[7.1055,48.3842],[7.1045,48.3879],[7.1004,48.3905],[7.0971,48.3904],[7.0965,48.3928],[7.0939,48.393],[7.0929,48.3942],[7.09,48.3958],[7.0878,48.3957],[7.0864,48.3974],[7.085,48.3979],[7.0884,48.4027],[7.0942,48.4038],[7.0958,48.4049],[7.0974,48.4056],[7.0923,48.4102],[7.0965,48.4137],[7.0973,48.417],[7.0978,48.4216],[7.0957,48.4265],[7.1003,48.4349],[7.1056,48.4372],[7.1091,48.4379],[7.1094,48.4388],[7.1099,48.4397],[7.1081,48.4403],[7.1064,48.4413],[7.1067,48.4435],[7.1062,48.444],[7.105,48.4445],[7.1052,48.4455],[7.1069,48.4466],[7.1069,48.4481],[7.1049,48.4486],[7.1019,48.4514],[7.1043,48.4531],[7.106,48.4577],[7.1103,48.4624],[7.1106,48.4641],[7.1099,48.4668],[7.1145,48.4724],[7.1187,48.4741],[7.1171,48.4776],[7.117,48.4824],[7.119,48.4834],[7.1188,48.4837],[7.1169,48.4849],[7.1091,48.4859],[7.1059,48.4871],[7.0977,48.4876],[7.0937,48.4893],[7.0938,48.4934],[7.0945,48.4955],[7.0931,48.4972],[7.0909,48.4983],[7.0906,48.5037],[7.0934,48.505],[7.0943,48.5062],[7.0956,48.5046],[7.0958,48.503],[7.0951,48.5019],[7.0965,48.5021],[7.0988,48.5012],[7.1001,48.5033],[7.0995,48.5045],[7.1001,48.5046],[7.0998,48.5042],[7.1006,48.5029],[7.1032,48.4998],[7.1115,48.4995],[7.1149,48.4985],[7.1155,48.4988],[7.1139,48.4997],[7.1165,48.5005],[7.1174,48.4999],[7.1221,48.5007],[7.127,48.499],[7.1277,48.4991],[7.128,48.5],[7.1333,48.4977],[7.1358,48.4976],[7.1355,48.499],[7.1329,48.4989],[7.1295,48.4999],[7.1324,48.501],[7.1325,48.5021],[7.1288,48.5021],[7.1273,48.5039],[7.1208,48.5051],[7.1277,48.5095],[7.1248,48.5119],[7.1252,48.5124],[7.1232,48.5136],[7.1166,48.5116],[7.109,48.5116],[7.1057,48.5123],[7.1006,48.5118],[7.0971,48.5128],[7.094,48.5129],[7.0923,48.5124],[7.0906,48.5109],[7.0891,48.5108],[7.0893,48.5099],[7.0838,48.5085],[7.081,48.5075],[7.0784,48.5074],[7.076,48.5063],[7.0751,48.5047],[7.0734,48.5042],[7.0728,48.5026],[7.0688,48.5024],[7.0664,48.5009],[7.0652,48.4991],[7.064,48.4989],[7.0631,48.4995],[7.0601,48.4988],[7.0579,48.499],[7.057,48.4984],[7.0547,48.4983],[7.0539,48.4976],[7.0533,48.497],[7.0523,48.4972],[7.0523,48.496],[7.0496,48.4946],[7.0445,48.4949],[7.0424,48.4944],[7.0424,48.4936],[7.0401,48.4942],[7.0397,48.4938],[7.0401,48.4933],[7.0395,48.4932],[7.032,48.4926],[7.0301,48.493],[7.0288,48.4919],[7.0276,48.4911],[7.0228,48.4906],[7.0209,48.4893],[7.0208,48.4885],[7.0196,48.4886],[7.0188,48.4869],[7.0165,48.4864],[7.0166,48.4856],[7.0154,48.486],[7.0125,48.4847],[7.0119,48.4836],[7.0099,48.483],[7.0095,48.4824],[7.0097,48.4817],[7.0087,48.4813],[7.0083,48.4813],[7.0086,48.4819],[7.0082,48.482],[7.0064,48.481],[7.0005,48.4814],[6.9972,48.4808],[6.9968,48.4816],[6.9943,48.4818],[6.9945,48.4807],[6.9929,48.4811],[6.9921,48.4805],[6.9889,48.4812],[6.9855,48.4794],[6.9819,48.4784],[6.9797,48.4785],[6.9783,48.4764],[6.9752,48.4759],[6.974,48.4738],[6.967,48.4725],[6.9673,48.4715],[6.9653,48.4715],[6.9659,48.4709],[6.9653,48.4705],[6.9656,48.4701],[6.9634,48.4685],[6.9607,48.4679],[6.9583,48.4685],[6.958,48.4679],[6.9598,48.4675],[6.9601,48.4661],[6.9575,48.4656],[6.9568,48.4644],[6.9551,48.4647],[6.955,48.4635],[6.9536,48.4636],[6.9539,48.4627],[6.9514,48.4621],[6.9515,48.4615],[6.9505,48.4602],[6.951,48.4583],[6.947,48.4559],[6.9459,48.454],[6.9428,48.4521],[6.9404,48.4517],[6.9399,48.4508],[6.9373,48.4512],[6.9377,48.4498],[6.9356,48.4488],[6.9342,48.4468],[6.9315,48.4455],[6.9302,48.4417],[6.9268,48.44],[6.9249,48.4385],[6.922,48.4394],[6.9205,48.4375],[6.9203,48.4363],[6.9182,48.4355],[6.9131,48.4311],[6.9085,48.4302],[6.9069,48.4287],[6.9051,48.428],[6.9045,48.4269],[6.9026,48.4271],[6.9019,48.4247],[6.901,48.4239],[6.8967,48.4223],[6.8939,48.4191],[6.892,48.418],[6.8915,48.4178],[6.8908,48.4188],[6.8901,48.4183],[6.8872,48.4184],[6.8844,48.4172],[6.8807,48.4167],[6.8779,48.4169],[6.8784,48.4199],[6.878,48.4202],[6.8707,48.4202],[6.8663,48.4285],[6.8664,48.4339],[6.8646,48.4367],[6.8577,48.4332],[6.8551,48.4331],[6.8491,48.4237],[6.8418,48.4224],[6.8351,48.42],[6.8283,48.4166],[6.8277,48.4156],[6.8256,48.4106],[6.8229,48.4066],[6.8228,48.4049],[6.8152,48.3988],[6.815,48.3951]]]},"properties":{"id":"883","name":"Saint-Dié-des-Vosges","territoire":"Lorraine","sigle":"LOR","pays":"France","cx":6.941,"cy":48.255}}
]}