{"type":"Topology","arcs":[[[71545,44681],[-26,-36],[0,0],[-4,-7],[-19,-25],[-84,43],[-61,31],[-180,92],[-30,16],[-7,6],[-19,18],[-1,1],[-17,63],[-5,39],[-45,17],[-26,18],[-31,31],[-31,44],[-71,16],[-2,-1],[-26,-13],[-82,-84],[-22,-10],[-3,-1],[-4,-10],[-1,-3],[-9,-9],[-40,-38],[-44,-39],[-25,-13],[-4,-3],[-9,-5],[-94,-64],[-3,-3],[0,0],[-8,-19],[-11,-21],[-11,-31],[0,0],[0,0],[24,-23],[3,-2],[3,-1],[20,-7],[0,0],[16,-11],[0,0],[0,0],[11,-14],[1,-2],[7,-5],[2,-1],[8,-5],[10,-5],[0,0],[1,-1],[4,-7],[0,0],[2,-10],[2,-11],[1,-5],[0,0],[1,-4],[2,-3],[29,-43],[0,0],[18,-28],[2,-2],[8,-6],[0,0],[18,-10],[4,-4],[17,-44],[1,-2],[5,-10],[1,-1],[0,-1],[11,-8],[16,-12],[3,-4],[0,-2],[2,-12],[0,-1],[0,-4],[2,-2],[2,-4],[16,-27],[0,0],[0,0],[7,-16],[0,0],[0,0],[4,-16],[0,-1],[0,0],[1,-15],[0,-4],[-5,-24],[-7,-15],[-3,-4],[-5,0],[0,0],[-7,-4],[-2,-4],[-2,-13],[-2,-27],[3,-58],[0,-5],[-4,-13],[0,-2],[0,-2],[1,-5],[2,-4],[7,-1],[8,-13],[25,-39],[18,-31],[3,-4],[11,-20],[4,-11],[1,-11],[1,-5],[0,-1],[0,-1],[2,-2],[1,-1],[20,-8],[2,-5],[0,-8],[0,-5],[-1,-7],[0,-2],[2,-5],[1,-2],[10,-12],[1,-2],[3,-1],[1,0],[7,0],[3,-1],[5,-6],[4,-17],[5,-30],[0,0],[3,-13],[5,-9],[2,-5],[0,-1],[1,-10],[1,-16],[0,-5],[3,-3],[3,-4],[8,-7],[7,-8],[7,-12],[5,-12],[3,-10],[-1,-8],[-7,-27],[0,0],[-1,-13],[2,-13],[0,0],[0,0],[5,-14],[3,-9],[2,-10],[-8,0],[0,0],[-1,-1],[-3,-6],[0,-2],[-6,-26],[-4,-10],[-3,-2],[-13,5],[-6,0],[0,-7],[5,-24],[1,-6],[-4,-10],[-3,-10],[-1,-15],[-3,-21],[-13,3],[-14,3],[-32,7],[-17,-9],[-16,-8],[-129,-36],[-38,-10],[9,-70],[0,0],[10,-80],[-4,-13],[-6,-18],[-5,-108],[23,-120],[3,-14],[0,0],[1,-3],[26,-82],[-50,-41],[-8,-7],[-6,-5],[-129,-105],[-36,-29],[-9,-7],[-116,64],[-52,34],[-61,65],[-62,40],[-3,3],[-9,5],[-119,15],[-11,1],[-26,14],[0,0],[-41,54],[-25,17],[-12,7],[-3,6],[-9,24],[-97,31],[-5,-1],[-18,0],[-18,1],[-7,2],[-11,5],[-39,37],[-34,61],[-2,4],[-35,17],[-3,-8],[-7,4],[-36,26],[-16,9],[-1,3],[-25,5],[-3,1],[-20,3],[-26,5],[-1,0],[0,0],[-13,-5],[-15,-6],[-29,-14],[-37,-3],[0,0],[-13,-1],[-5,0],[-18,-13],[-8,-6],[-67,-26],[-81,-31],[-2,-1],[-14,-4],[-18,-4],[-14,-3],[-139,55],[-61,7],[-34,-21],[-38,-23],[-60,-26],[-69,-29],[-46,50],[4,10],[-109,120],[-7,13],[-46,94],[-19,14],[-1,1],[-2,1],[-93,71],[-19,49],[-142,368],[212,333],[97,137],[46,89],[2,4],[0,0],[0,0],[-102,268],[-7,25],[-31,118],[-65,72],[-1,1],[0,0],[-3,-2],[-82,-46],[0,0],[-5,-6],[-21,-25],[-99,-55],[0,-1],[-27,-17],[-13,-4],[-6,-2],[-11,12],[-47,11],[-53,-27],[-9,-5],[0,0],[0,0],[-16,-15],[-30,-5],[0,0],[-106,162],[-21,58],[0,0],[-3,22],[-5,49],[1,9],[26,122],[18,53],[-5,31],[-5,11],[-4,8],[-8,15],[-1,5],[-2,54],[5,17],[1,27],[-2,13],[-8,15],[-2,9],[-7,49],[-16,24],[-9,8],[-20,13],[-5,6],[-2,4],[-2,8],[-1,5],[-4,13],[-1,4],[-6,36],[3,19],[3,20],[5,17],[4,4],[31,30],[4,17],[17,24],[2,8],[1,14],[3,8],[15,21],[15,7],[-12,57],[-7,-3],[-28,-12],[-33,46],[-4,9],[-11,33],[-2,5],[0,0],[-28,31],[0,0],[4,14],[-60,18],[-28,29],[-28,18],[-12,16],[-7,12],[-2,3],[-5,23],[-3,15],[-31,-32],[0,0],[-61,-25],[-8,-23],[-47,-16],[-53,-5],[-39,97],[-12,19],[-4,49],[-2,22],[-11,28],[37,80],[16,34],[51,97],[14,82],[7,3],[5,17],[-3,17],[-6,48],[-5,45],[-19,80],[0,1],[33,18],[40,90],[-24,6],[-10,-7],[0,0],[-12,11],[-70,43],[-5,-4],[-5,-4],[-3,2],[-30,23],[-16,37],[0,0],[-61,-57],[-27,-17],[0,0],[-32,-4],[-20,73],[-7,63],[-8,5],[-5,3],[15,37],[-3,6],[-3,5],[-21,41],[-24,-9],[0,0],[-16,-7],[-26,24],[-5,10],[-17,29],[-22,-5],[-17,44],[-78,143],[-40,19],[-7,-40],[-27,14],[-41,9],[-4,1],[4,52],[-35,4],[-19,21],[-37,41],[-22,63],[-17,27],[-45,27],[-88,-15],[0,-3],[-3,-22],[-2,-1],[-35,-16],[-19,76],[-24,57],[0,0],[-3,8],[0,0],[-16,1],[-38,25],[-63,121],[-19,57],[-23,23],[-14,14],[-10,27],[-27,28],[-110,83],[-33,43],[-59,99],[15,36],[-10,7],[49,101],[39,58],[0,0],[-5,7],[8,14],[0,0],[18,32],[0,0],[0,0],[0,0],[-44,83],[-26,33],[0,0],[-35,30],[17,19],[0,0],[16,18],[0,0],[-6,15],[0,0],[-9,12],[0,0],[0,0],[-53,-49],[-11,24],[-20,40],[-25,-24],[-31,-50],[-30,-15],[-28,32],[-17,-10],[-2,-1],[0,0],[-21,44],[5,34],[0,1],[17,25],[0,0],[0,0],[-18,19],[-16,19],[-12,32],[-1,20],[-1,20],[0,0],[0,0],[-8,5],[-79,49],[-67,89],[-10,21],[-1,2],[-1,1],[-11,24],[-12,57],[6,88],[-8,17],[2,21],[-17,41],[1,17],[-8,23],[31,12],[20,27],[47,24],[11,4],[48,14],[27,7],[21,-24],[28,-32],[84,-19],[19,-30],[52,-82],[2,-34],[-12,-11],[-3,-4],[18,-16],[0,0],[9,-22],[0,0],[3,-3],[4,-3],[16,-5],[7,1],[5,4],[8,18],[1,1],[3,5],[10,14],[0,0],[0,0],[-12,9],[4,10],[5,13],[7,54],[5,33],[36,17],[7,2],[-11,89],[82,34],[0,0],[-14,34],[5,2],[25,11],[10,26],[29,75],[39,95],[4,8],[-46,-18],[-11,84],[-13,19],[-3,5],[0,0],[-30,26],[-32,27],[0,0],[-165,-83],[-36,-18],[28,115],[1,43],[-10,1],[0,0],[1,12],[4,15],[1,4],[0,1],[2,9],[-2,6],[0,4],[-2,16],[-1,20],[5,18],[10,27],[3,17],[5,18],[5,19],[2,5],[-1,14],[0,11],[-1,19],[1,20],[5,14],[2,5],[11,17],[5,11],[4,8],[-2,5],[0,8],[-2,11],[4,12],[-4,3],[0,4],[-3,8],[-9,15],[0,0],[-5,-2],[-13,-3],[-2,11],[-4,16],[-29,-4],[-11,-1],[-13,8],[-20,-1],[0,0],[-6,-5],[-9,-8],[-2,6],[-13,66],[-47,65],[-19,-4],[-12,-3],[-164,-41],[-38,-6],[-61,141],[0,0],[-51,7],[-88,47],[0,0],[-15,84],[12,98],[-13,7],[0,0],[-44,-12],[-36,16],[-47,59],[-59,-27],[-28,88],[-1,5],[-12,36],[3,14],[-21,84],[-3,35],[24,88],[0,0],[18,0],[2,0],[11,22],[46,37],[0,0],[-9,16],[18,12],[24,33],[1,3],[1,0],[63,57],[12,-8],[19,-13],[10,3],[1,0],[29,-11],[4,8],[9,18],[19,21],[11,4],[0,0],[24,9],[3,4],[7,9],[0,0],[8,10],[-5,10],[-21,38],[-31,-29],[-7,9],[-22,29],[-12,56],[4,26],[1,5],[-17,31],[-6,12],[-36,42],[-22,25],[-18,21],[-68,79],[-12,22],[-6,10],[1,29],[0,0],[-22,21],[-19,18],[0,0],[0,0],[-25,-30],[-47,43],[-4,3],[-14,43],[-93,-4],[-75,3],[-30,39],[-18,8],[-56,58],[-20,5],[-62,54],[-84,137],[-30,30],[0,0],[0,0],[-148,143],[0,0],[0,0],[-18,2],[-26,3],[-8,1],[0,0],[-29,3],[-27,10],[-24,9],[-62,8],[-37,4],[-15,16],[-10,12],[-2,1],[-2,2],[-56,58],[0,0],[-70,119],[-81,83],[-26,27],[0,0],[-49,93],[-54,7],[-18,53],[0,0],[0,0],[-13,-18],[-19,-24],[-126,-76],[-27,37],[-43,14],[-15,46],[-100,48],[-36,31],[-45,-47],[-44,46],[-38,49],[-46,67],[24,29],[-98,114],[-29,6],[-18,-20],[-4,-4],[-3,-4],[-99,27],[-42,-69],[-14,-35],[-47,-69],[-21,-14],[-19,-13],[-70,-76],[-13,-10],[-9,-8],[-7,-5],[-56,-36],[-22,18],[-41,-25],[-61,-37],[-13,-3],[-19,-6],[-23,-7],[-25,2],[-10,1],[-42,8],[-48,31],[-105,25],[-9,2],[0,0],[7,-33],[-12,-21],[-67,-10],[-4,-1],[-10,-1],[-2,6],[-16,59],[-30,1],[0,0],[0,14],[-6,1],[-10,3],[-1,0],[0,0],[1,59],[-31,12],[-6,2],[-22,8],[-6,2]],[[62220,52929],[0,2],[-18,5],[10,90],[1,115],[0,186],[8,96],[17,122],[-7,59],[-23,73],[-6,31],[-1,81],[3,90],[8,77],[3,40],[-2,36],[0,0],[0,0],[-3,13],[-1,7],[-3,18],[-5,28],[-4,23],[-1,2],[0,9],[-2,9],[-1,11],[-2,9],[0,0],[0,0],[-84,300],[-45,174],[-29,136],[-20,69],[-3,33],[3,38],[5,18],[36,81],[37,70],[21,29],[85,90],[63,117],[52,63],[72,86],[22,34]],[[62406,55499],[32,42],[43,8],[49,-59],[69,-41],[40,6],[44,-31],[53,21],[46,-9],[80,25],[64,-35],[32,-8],[24,-6],[56,-23],[16,-22],[-11,-77],[41,22],[30,2],[44,55],[63,31],[1,31],[103,42],[43,-37],[17,-14],[82,-36],[9,-47],[66,8],[26,-67],[58,-19],[34,51],[22,-25],[-19,-36],[27,-51],[-12,-27],[42,-38],[72,62],[52,55],[3,3],[48,23],[18,38],[25,-15],[29,-15],[6,-4],[16,44],[64,-24],[29,-19],[62,-43],[58,-56],[32,-47],[33,-92],[35,-58],[29,-29],[57,-33],[63,-38],[60,15],[31,-24],[23,62],[123,95],[35,5],[28,-35],[43,26],[24,-2],[0,-8],[0,-9],[-1,-4],[-1,-5],[-6,-17],[-1,-18],[0,-17],[10,-33],[2,-8],[1,-4],[1,-5],[0,-4],[0,-5],[-2,-18],[-4,-32],[8,-26],[15,-19],[22,-9],[24,36],[14,14],[30,-18],[29,-6],[41,35],[47,87],[36,48],[48,63],[47,55],[57,67],[48,-33],[62,-25],[84,-13],[92,-41],[29,42],[59,16],[35,65],[40,24],[21,-84],[62,-9],[55,-49],[20,-47],[22,-7],[72,-137],[20,-43],[14,-126],[-8,-85],[85,-85],[41,-8],[27,-58],[51,-14],[71,57],[50,-6],[28,-6],[29,-6],[36,-7],[3,-1],[19,-24],[2,2],[18,16],[24,18],[24,23],[16,22],[11,21],[5,21],[1,31],[-7,32],[-8,30],[-10,32],[-13,34],[-17,33],[-17,28],[62,54],[38,-16],[17,-26],[32,11],[32,-4],[23,0],[24,3],[16,9],[13,15],[6,27],[0,21],[-3,21],[-8,26],[-9,27],[-30,69],[-9,17],[35,19],[32,3],[51,42],[33,15],[25,-2],[15,36],[23,23],[16,37],[33,18],[34,-3],[24,4],[89,-54],[4,-80],[51,41],[31,4],[42,48],[21,43],[25,44],[9,19],[1,25],[3,55],[-11,47],[-11,50],[36,53],[6,-7],[2,-3],[8,-10],[21,-36],[54,-111],[10,-64],[104,-38],[57,34],[113,65],[106,38],[66,45],[28,-51],[-4,-85],[40,-83],[0,-59],[24,-115],[35,-30],[34,44],[21,39],[-2,21],[-1,20],[4,15],[11,8],[15,2],[20,4],[32,6],[11,8],[14,13],[9,11],[8,18],[8,16],[3,14],[5,16],[4,20],[2,14],[11,15],[8,18],[8,16],[13,16],[5,14],[6,27],[5,27],[6,18],[8,22],[7,20],[8,17],[10,18],[9,24],[7,22],[11,15],[9,7],[17,11],[133,52],[20,7],[72,17],[98,88],[104,42],[19,-57],[54,-25],[65,-11],[70,11],[24,2],[61,43],[59,36],[26,27],[21,10],[28,36],[53,75],[55,91],[52,41],[38,-6],[43,9],[46,12],[61,23],[63,74],[95,118],[47,117],[61,48],[88,158],[48,9],[13,46],[71,37],[68,45],[41,20],[28,24],[60,-53],[51,-53],[25,-38],[20,-36],[34,65],[39,-42],[114,-90],[44,-43],[3,13],[10,26],[11,17],[12,7],[11,10],[17,28],[18,41],[5,45],[-7,47],[-8,59],[-2,6],[-4,11],[54,12],[17,-54],[50,-54],[38,86],[103,254],[21,69],[36,88],[12,15],[110,71],[41,25],[31,-7],[42,-1],[4,-18],[2,-9],[9,-9],[11,-6],[9,-6],[2,-15],[-4,-11],[-6,-13],[-1,-17],[3,-12],[4,-7],[8,-10],[5,-7],[6,-6],[8,-9],[9,-8],[10,-7],[10,-7],[30,-20],[17,-9],[6,-5],[6,-6],[5,-7],[5,-7],[7,160],[47,72],[20,4],[107,-73],[16,41],[-66,53],[-5,46],[-21,9],[20,72],[85,7],[-18,56],[18,36],[29,12],[42,-27],[19,-16],[55,-22],[45,-9],[73,-7],[82,61],[83,18],[47,-2],[54,4],[31,-41],[28,-12],[18,-45],[8,-45],[33,14],[26,-6],[26,65],[-51,26],[5,39],[-19,27],[6,30],[104,-51],[25,-23],[49,56],[-17,15],[-27,32],[-4,7],[-10,22],[-5,31],[-4,34],[1,27],[8,7],[16,4],[18,10],[9,15],[3,14],[-1,18],[-4,17],[-12,20],[-13,21],[-14,18],[-4,5],[-10,12],[-13,16],[-3,12],[-1,14],[5,14],[3,16],[-2,14],[-8,10],[105,90],[39,34],[75,31],[61,-24],[-11,-99],[22,-108],[3,-83],[35,-30],[66,46],[-2,38],[25,35],[22,31],[20,31],[25,-54],[72,51],[44,-9],[34,51],[64,45],[42,16],[6,48],[59,15],[10,-43],[-23,-58],[55,7],[119,22],[24,-22],[14,58],[33,23],[1,-29],[5,-35],[-2,-29],[-12,-22],[-16,-21],[-18,-19],[-19,-26],[-7,-23],[1,-25],[7,-23],[12,-57],[-4,-18],[-16,-22],[-18,-23],[-13,-26],[-3,-28],[3,-45],[11,14],[13,16],[19,25],[14,16],[17,11],[20,7],[15,10],[13,23],[12,28],[9,28],[16,29],[20,21],[17,14],[18,12],[20,20],[10,17],[18,26],[4,7],[35,18],[39,-22],[55,-40],[72,-36],[83,85],[51,61],[111,177],[30,31],[52,-36],[187,-112],[160,-85],[26,-4],[69,-17],[55,-32],[66,-87],[26,-34],[70,-94],[69,-183],[12,-23],[42,-63],[16,-24],[22,-35],[39,-45],[3,-24],[59,-152],[28,-51],[-18,-56],[58,-32],[-2,-32],[14,-53],[23,-5],[50,92],[21,41],[48,-7],[28,-21],[33,0],[26,-9],[-16,75],[8,29],[32,-3],[23,-37],[3,-70],[20,-35],[3,-68],[58,-8],[18,-10],[20,5],[32,-47],[41,17],[72,-54],[111,-12],[92,9],[27,5],[25,5],[26,7],[28,9],[48,20],[25,11],[28,20],[20,17],[14,20],[9,16],[10,34],[18,50],[7,12],[18,11],[15,7],[24,5],[28,2],[15,-1],[22,-7],[24,-8],[21,-17],[105,-133],[70,-48],[56,3],[90,62],[22,-41],[2,-101],[-26,-110],[-14,-103],[-30,-3],[20,-43],[21,-46],[34,2],[88,-59],[31,-21],[24,-60],[14,-13],[19,-6],[25,-15],[6,-26],[1,-93],[21,-10],[35,46],[47,-13],[43,2],[24,34],[55,-22],[109,13],[69,-13],[14,-26],[26,-26],[31,-34],[-22,-54],[-12,-53],[-30,-74],[-11,-20],[4,-5],[45,-52],[14,-17],[54,-9],[45,-7],[57,-10],[39,-6],[69,24],[56,78],[51,-16],[26,14],[38,20],[50,12],[19,66],[-17,23],[-3,47],[25,21],[57,9],[72,7],[33,-8],[22,-5],[7,17],[13,28],[63,53],[4,3],[25,44],[22,111],[2,10],[18,28],[40,32],[30,4],[32,-4],[28,-3],[-13,-31],[-12,-32],[-11,-43],[-8,-35],[-11,-35],[-25,-41],[-24,-44],[-10,-40],[-2,-34],[5,-54],[24,-42],[40,-40],[30,-40],[25,-99],[-29,-36],[30,-52],[33,0],[35,1],[28,-38],[4,-17],[-3,-20],[-12,-31],[4,-124],[-17,-10],[4,-69],[0,-17],[22,-79],[33,-31],[-18,-17],[-2,-94],[15,-33],[3,-30],[2,-37],[-2,-46],[-1,-51],[-3,-21],[-4,-15],[1,-14],[5,-11],[13,-9],[17,1],[14,2],[15,0],[18,-3],[76,-34],[69,-30],[17,-6],[18,-2],[18,0],[26,1],[110,5],[41,2],[7,-27],[-31,-26],[-30,-56],[13,-59],[20,23],[35,-91],[73,-41],[52,-93],[-51,-57],[15,-48],[-71,-38],[-49,-25],[-42,-1],[3,38],[38,28],[24,18],[-13,34],[-49,-32],[-7,15],[-23,57],[-56,-26],[-29,-15],[8,-40],[-23,-8],[-35,-19],[-28,-29],[-18,-47],[-21,-7],[34,-89],[24,-35],[6,-16],[-25,-7],[-14,-9],[-26,-14],[-18,-6],[-16,-12],[-17,-16],[7,-63],[-11,-42],[-9,-46],[60,-36],[-15,-10],[-12,-16],[-16,-35],[-4,-26],[2,-12],[7,3],[19,-5],[22,-9],[16,-10],[6,-23],[4,-36],[-41,-33],[-23,-54],[-6,-28],[-5,-102],[-8,-41],[-15,-81],[-31,-43],[38,-34],[-48,-45],[-18,-12],[24,-16],[57,-2],[42,-16],[102,-4],[17,-16],[16,-15],[40,38],[32,8],[51,-151],[26,-67],[49,-37],[16,-44],[-1,-56],[-34,-34],[-27,-41],[-14,-36],[0,-26],[9,-47],[-31,-23],[-32,-42],[-136,-75],[-2,-30],[-61,-41],[12,-76],[-93,-25],[-74,-26],[-47,-14],[-27,-42],[2,-51],[1,-30],[-55,-18],[-37,12],[-30,-4],[-41,-25],[-65,-41],[-43,-21],[-95,-23],[-45,-34],[-66,-47],[24,-50],[36,-32],[51,-33],[16,-44],[30,2],[-51,-115],[25,-28],[-64,-31],[42,-118],[25,-51],[31,-5],[1,-36],[20,-80],[61,3],[-14,-29],[22,-11],[1,-42],[79,26],[26,0],[40,-15],[22,25],[42,-17],[39,-70],[68,-40],[-9,-16],[10,-32],[62,-56],[69,-4],[39,-30],[27,-56],[-7,-21],[-5,-54],[13,-38],[33,-64],[11,-30],[69,-104],[12,-12],[-52,-114],[63,-68],[20,-12],[-81,-84],[-83,-83],[44,-14],[-48,-103],[-2,-26],[131,16],[9,-32],[39,-6],[-4,42],[48,-1],[38,-18],[-20,-46],[178,-73],[55,-25],[-3,-51],[31,-43],[69,-17],[29,-21],[63,2],[44,-3],[35,-43],[57,34],[42,20],[66,10],[96,0],[96,-12],[75,-22],[-18,-171],[45,17],[31,1],[113,-11],[63,-21],[-11,-131],[-32,-25],[-3,-150],[7,-39],[36,11],[18,5],[32,15],[27,17],[26,14],[75,29],[33,20],[265,172],[37,8],[32,-18],[10,-16],[17,-23],[13,-89],[-40,-45],[-78,-53],[-36,-38],[8,-43],[70,-95],[53,-46],[33,-48],[-56,-69],[-49,5],[-49,-4],[-54,-21],[11,-37],[-28,-78],[42,11],[69,11],[24,0],[20,-1],[6,-44],[-12,-39],[49,-44],[12,26],[35,-39],[-19,-43],[-31,-7],[-1,-42],[30,-4],[-55,-113],[1,-38],[18,-22],[-10,-32],[-62,-23],[7,-26],[-16,-91],[-48,-61],[10,-28],[-18,-40],[-82,-107],[-72,-98],[-40,3],[-23,-39],[-19,-22],[-30,11],[0,-52],[54,-68],[12,31],[15,15],[12,26],[20,21],[25,29],[42,7],[38,2],[41,-1],[14,-71],[14,-39],[9,-29],[-1,-54],[-74,-77],[-5,-31],[26,-27],[8,-27],[-37,5],[-41,25],[-61,-18],[-8,-25],[-14,-39],[-37,-39],[-2,-43],[13,-53],[-33,-64],[5,-29],[5,-103],[49,-94],[47,-17],[-189,-359],[-34,-34],[-19,-29],[-48,56],[-35,13],[-34,-51],[14,-42],[-10,-65],[-27,12],[-35,10],[-32,14],[-89,94],[16,49],[-58,-26],[-49,-23],[-37,-36],[-23,22],[-34,2],[-51,-12],[-60,-47],[-27,-32],[-38,-22],[8,-24],[15,-41],[34,-17],[36,-25],[27,-27],[39,6],[12,-29],[3,-49],[-6,-45],[-26,-63],[-12,-50],[-39,-63],[-10,-32],[-25,-26],[-22,-23],[-59,-40],[-39,-44],[-15,22],[-55,-57],[-36,-39],[52,-92],[-15,-70],[-42,-135],[-34,-18],[-58,71],[-61,53],[-29,71],[-28,24],[-9,22],[1,61],[-47,-6],[-54,-23],[13,-40],[-50,-54],[7,-34],[-33,-36],[12,-140],[-2,-36],[-35,-62],[-83,-74],[-23,-32],[-61,-13],[-41,-37],[-10,-27],[38,-17],[-35,-32],[91,-51],[-34,-41],[-35,-69],[-28,-21],[93,-125],[40,-19],[112,-91],[20,-36],[-26,-2],[-2,-72],[-8,-55],[21,-9],[-9,-42],[-21,5],[-6,-27],[-31,-29],[-19,-28],[-3,-26],[5,-60],[13,-25],[38,-34],[-22,-35],[-71,-55],[-4,-42],[13,-20],[27,-24],[97,58],[16,-38],[7,-53],[16,-61],[84,-93],[17,-33],[64,-126],[38,-54],[19,-14],[18,-16],[5,-16],[6,-12],[6,-4],[16,-32],[99,-6],[77,-37],[11,-19],[39,-13],[56,-31],[23,-24],[-15,-35],[-25,-61],[-16,-27],[0,-54],[5,-46],[5,-51],[40,-59],[87,-32],[19,-57],[19,-12],[-4,-28],[17,-17],[-2,-27],[7,-47],[23,-60],[20,-2],[0,-36],[25,-39],[69,-56],[126,6],[19,-65],[7,-28],[55,67],[14,46],[39,-14]],[[79887,43090],[0,-1],[-2,-2],[-5,-6],[0,0],[-7,-4],[-15,-6],[-6,-7],[-3,-2],[-62,-108],[0,0],[-9,-21],[-4,-17],[0,-4],[0,-14],[-7,-28],[-10,-37],[-1,-8],[0,-16],[0,0],[3,-19],[17,-110],[0,0],[5,-51],[1,-45],[3,-13],[0,0],[-3,-1],[-22,-2],[0,0],[-1,-9],[0,-10],[8,-22],[13,-23],[-111,24],[-195,-21],[-70,64],[-204,-15],[0,0],[-93,-67],[-57,-41],[-6,-6],[-15,-13],[-30,-27],[-52,-48],[-29,-40],[-18,-47],[0,-1],[0,0],[-28,-125],[-1,-31],[0,-9],[-13,-25],[-4,-10],[0,0],[-34,-25],[-10,-8],[0,0],[-3,-5],[-16,-27],[-12,-6],[-7,-4],[-25,-92],[0,0],[0,-9],[-1,-24],[-47,-57],[-17,-35],[-15,-29],[-23,-68],[-91,-75],[-33,22],[-158,42],[2,44],[21,88],[3,77],[-40,29],[0,0],[-20,-46],[-16,-4],[-16,-2],[-5,-6],[-7,-3],[-6,-1],[-27,25],[-44,32],[-34,2],[0,0],[-11,-8],[-13,-11],[-51,4],[-13,-31],[0,-2],[-2,-4],[-15,0],[-293,149],[-5,3],[-61,54],[-5,33],[-113,-44],[-27,4],[-18,-3],[-1,0],[-8,-1],[-40,-36],[-58,-37],[-175,-41],[-81,2],[0,0],[-1,0],[-43,-19],[-1,-1],[-32,-2],[-26,-1],[-21,-1],[0,0],[-10,-29],[0,-1],[-41,2],[-3,0],[0,0],[0,0],[0,0],[-11,-17],[-9,-7],[-9,-7],[0,-7],[-2,-39],[-2,-27],[0,-3],[-65,-149],[-13,-5],[-15,-7],[-1,0],[-3,-1],[-1,-1],[-24,62],[10,29],[0,12],[1,17],[-3,13],[-2,12],[-6,18],[-4,8],[0,1],[0,7],[-2,27],[-1,1],[0,1],[-50,66],[-34,44],[0,0],[-18,23],[0,1],[15,14],[3,3],[-22,52],[-56,-5],[-5,29],[-22,58],[0,0],[-2,21],[-25,3],[-2,-10],[-6,-32],[-109,7],[0,0],[14,-53],[0,0],[-27,-12],[-40,32],[-6,-4],[-40,-26],[0,0],[-6,-2],[-64,-27],[-30,48],[-17,-8],[-2,-1],[-29,-55],[-5,-13],[-26,-71],[-23,-41],[-15,-24],[0,0],[0,0],[15,-17],[-10,-22],[0,0],[-7,-16],[-11,5],[-52,26],[-21,39],[-8,11],[-37,38],[-17,7],[-8,17],[-6,5],[-18,5],[-109,20],[-14,13],[-36,53],[-35,16],[-42,1],[-3,2],[-32,71],[-37,25],[-5,7],[0,14],[2,54],[-2,22],[-4,9],[-23,36],[-14,32],[-8,70],[-2,2],[-7,10],[-14,9],[-13,19],[-8,38],[-9,8],[-20,3],[0,0],[-41,-2],[-16,-6],[0,0],[-60,-43],[-24,-8],[0,0],[-57,-8],[-100,-15],[-16,-9],[-20,-16],[-9,-5],[-6,-3],[-15,0],[-10,15],[-9,38],[-4,52],[4,71],[3,20],[6,21],[2,9],[7,14],[3,8],[20,27],[17,22],[87,72],[9,10],[8,9],[14,26],[5,20],[-2,14],[-7,3],[-6,4],[-13,1],[0,0],[-61,-5],[-17,5],[0,0],[0,0],[-6,15],[0,14],[0,0],[5,20],[-1,16],[-18,24],[-35,11],[0,0],[0,0],[-31,4],[-22,3],[0,0],[0,0],[-35,-12],[-18,-14],[-3,-4],[-16,-19],[-22,-43],[-2,-3],[-15,-10],[-34,-8],[-23,-10],[-23,-7],[-50,-1],[-17,4],[-14,18],[-7,16],[-15,9],[-16,-3],[-4,-1],[-14,-15],[-6,-23],[-9,-66],[-6,-24],[0,0],[0,-4],[0,-24],[2,-25],[2,-11],[1,-6],[5,-23],[7,-12],[5,-9],[30,-34],[0,0],[0,-24],[-3,-5],[-9,-17],[-3,-5],[-17,-19],[-7,-18],[2,-4],[3,-13],[28,-36],[0,0],[3,-22],[7,-21],[79,-146],[5,-11],[8,-16],[7,-21],[1,-21],[1,-14],[-1,-24],[-13,-24],[-31,-25],[-40,-27],[-63,-26],[-47,-22],[-34,-16],[0,0],[-40,-24],[0,0],[-26,-22],[-29,-25],[-1,0],[-10,-15],[-3,-5],[-5,-28],[0,0],[-8,-18],[-12,-18],[-8,-13],[-11,-32],[-2,-29],[-2,-12],[1,-19],[0,-22],[0,-18],[-1,-13],[0,-1],[-11,-47],[0,0],[-3,-5],[-1,-3],[0,0],[-10,-16],[-5,-7],[-1,-1],[0,0],[-7,-4],[0,0],[-106,-49],[0,0],[-53,-21],[0,0],[0,0],[-19,1],[0,0],[-19,4],[-45,21],[-13,9],[-21,23],[-43,48],[-17,23],[-19,39],[-19,49],[-7,21],[-6,26],[-1,9],[-1,9],[5,121],[14,129],[4,42],[0,54],[5,30],[18,79],[1,13],[-1,18],[0,22],[-4,22],[-16,59],[-32,92],[-16,50],[-20,75],[-15,42],[-5,11],[-5,7],[-25,28],[-3,2],[0,0],[0,0],[-7,17],[-1,3],[-8,26],[-2,8],[-1,1],[0,0],[-4,11],[-4,8],[-21,38],[-12,19],[-3,5],[-17,31],[-10,13],[0,1],[-6,10],[-2,6],[-4,12],[-12,38],[-5,24],[-1,23],[-1,19],[2,20],[4,18],[2,8],[15,55],[-1,23],[-1,18],[-1,19],[-2,6],[-1,10],[-1,4],[-10,15],[-1,1],[-2,2],[-17,23],[-14,18],[-12,15],[-10,18],[-6,14],[-3,8],[-4,20],[-11,54],[-1,22],[2,24],[3,37],[8,85],[0,3],[1,7],[0,1],[2,5],[3,6],[1,2],[9,15],[1,2],[1,1],[0,0],[0,0],[45,83],[21,53],[5,21],[5,22],[-3,121],[-6,62],[31,108],[-2,-1],[-3,0],[-32,-5],[-35,-6],[-40,-6],[-1,1],[-10,12],[-1,-1],[-9,-10],[0,0],[-25,-30],[-28,-13],[-23,-10],[-24,35],[2,64],[-9,27],[-5,-2],[-9,-4],[-30,-10],[-59,-46],[-15,-35],[0,0],[-2,-5],[-18,-40],[-2,-4],[-36,-16],[-11,-6],[-6,36],[-3,13],[-24,144],[-166,15],[-41,103],[-81,100],[-306,276],[-1,0],[-46,2],[-30,-27],[-12,-11],[-187,-167],[-45,34],[-24,19],[-27,31],[-11,12],[-2,3],[-41,49],[-35,57],[-43,72],[-31,52],[-10,14],[-6,9],[-73,82],[-9,50],[-22,134],[-169,-11],[-13,9],[-18,11],[-31,20],[-9,-5],[-32,-17],[-34,1],[-5,0],[-22,1],[-10,0],[-3,-5],[1,-6],[2,-12],[-6,-10],[7,-55],[-12,-18],[-31,-44],[-84,-95],[-6,-2],[-33,-14],[-42,-2],[-18,-1],[-7,0],[-89,-25],[-78,-77]],[[62406,55499],[48,120],[14,83],[-4,42],[-13,27],[-99,101],[-139,130],[-1,5],[-155,129],[-13,21],[-15,45],[-1,34],[9,31],[24,45],[19,24],[44,40],[67,43],[35,19],[29,5],[37,-7],[70,-59],[46,-17],[24,1],[17,7],[0,0],[0,0],[0,0],[14,15],[0,0],[12,30],[2,42],[-12,45],[-19,28],[-64,66],[-35,69],[-16,55],[-2,67],[10,46],[41,83],[67,105],[65,75],[31,12],[16,1],[81,4],[0,0],[4,1],[1,0],[4,1],[6,1],[1,0],[21,5],[30,11],[29,17],[28,22],[23,21],[24,29],[20,27],[17,35],[20,47],[19,53],[19,31],[19,24],[18,25],[14,31],[12,27],[16,26],[20,22],[26,23],[32,25],[30,20],[25,21],[19,24],[16,31],[15,33],[16,39],[8,33],[3,49],[5,35],[7,30],[11,29],[11,31],[10,34],[8,31],[6,37],[7,34],[6,36],[9,32],[13,35],[13,40],[22,54],[31,78],[21,63],[27,67],[15,42],[9,35],[15,43],[17,39],[12,38],[16,49],[11,38],[10,42],[3,33],[-3,34],[-6,29],[-10,28],[-14,18],[-20,20],[-22,14],[-19,6],[-23,1],[-41,-4],[-30,-7],[-22,2],[-19,10],[-22,19],[-8,20],[-3,25],[2,38],[-14,0],[3,17],[31,79],[39,51],[8,20],[28,44],[49,43],[50,29],[40,34],[15,19],[-2,3],[57,52],[63,81],[47,80],[0,6],[20,36],[7,5],[21,37],[56,111],[36,106],[63,59],[20,9],[94,20],[35,13],[81,59],[72,36],[12,9],[15,10],[39,45],[73,120],[77,100],[51,85],[86,108],[35,32],[68,31],[40,-1],[3,55],[0,3],[-6,31],[-91,96],[-60,77],[-22,26],[-14,24],[-12,34],[-1,22],[7,24],[13,16],[22,17],[31,6],[31,3],[34,-4],[46,-27],[12,-13],[90,-142],[0,0],[0,0],[0,0],[0,0],[0,0],[62,9],[0,0],[0,0],[19,17],[0,0],[0,0],[28,44],[0,0],[-2,18],[-20,27],[-32,20],[-53,52],[-58,32],[-37,34],[-60,80],[-8,19],[-4,28],[-3,94],[11,111],[-2,77],[-7,31],[3,46],[11,44],[-34,75],[-4,28],[1,31],[-1,69],[18,46],[21,30],[26,24],[24,16],[133,66],[36,33],[52,75],[7,37],[-12,105],[8,60],[-8,32],[-17,33],[-50,65],[-13,15],[-55,44],[-4,11],[2,46],[11,47],[8,16],[73,101],[26,42],[9,29],[-13,32],[-22,22],[-32,23],[-44,19],[-56,43],[-25,36],[-8,40],[5,30],[26,54],[61,40],[60,26],[54,46],[51,31],[0,0],[4,5],[3,3],[3,3],[5,7],[1,1],[4,5],[3,4],[0,0],[0,0],[3,6],[2,3],[2,6],[2,5],[3,7],[2,4],[6,12],[12,25],[5,8],[0,0],[2,2],[13,21],[16,30],[17,26],[20,19],[5,6],[4,3],[0,1],[5,4],[3,4],[3,3],[5,6],[8,9],[7,8],[0,0],[18,33],[0,0],[4,28],[-14,31],[-12,72],[0,0],[0,0],[-44,57],[-50,38],[-49,29],[-19,-7],[-18,-23],[-10,-36],[-4,-37],[2,-41],[-33,-109],[-33,-67],[-22,-34],[-23,-19],[-20,-2],[-14,7],[-15,27],[-31,116],[-24,69],[-17,29],[-16,10],[-58,16],[-41,26],[-56,47],[-16,-6],[-23,-26],[-8,-4],[-38,3],[-40,13],[-73,59],[-10,17],[-46,116],[-26,37],[-128,103],[-28,10],[-24,-8],[-58,-60],[-42,-28],[-54,-72],[-73,-136],[-39,-44],[-17,-5],[-30,2],[-17,-2],[-66,11],[-54,-9],[-13,2],[-17,24],[-8,28],[-3,30],[-8,7],[-73,-26],[-44,-37],[-44,-53],[-17,-10],[-17,4],[-36,22],[-27,32],[-15,41],[-3,71],[-9,12],[-91,2],[-96,25],[-102,31],[-66,42],[-45,11],[-22,18],[-53,51],[-25,31],[-50,105],[-30,54],[-63,61],[-17,31],[-59,72],[-39,92],[-30,41],[-28,27],[-30,51],[-10,27],[-73,69],[-29,71],[-54,101],[-26,60],[-43,38],[-20,2],[-38,-6],[-62,3],[-127,-9],[-115,-37],[-42,-24],[-12,-13],[-9,-20],[-30,-214],[-20,-52],[-32,-41],[-29,-22],[-67,-35],[-39,-5],[-27,11],[-79,71],[-3,-1],[-24,46],[-6,26],[2,41],[-5,40],[7,19],[3,40],[26,60],[17,122],[0,24],[-10,28],[-13,20],[-4,4],[-62,72],[-59,143],[-10,32],[-3,40],[16,88],[-6,43],[-5,27],[-14,32],[-21,34],[-19,21],[-22,3],[-36,-11],[-37,-27],[-76,-69],[-20,-10],[-28,-5],[-20,2],[-22,17],[-23,30],[-28,48],[-25,73],[-3,43],[7,40],[-5,16],[-33,19],[-25,0],[-19,-6],[-10,4],[-20,24],[-48,89],[-24,7],[-24,-5],[-36,-39],[-38,-23],[-47,14],[-53,52],[-35,19],[-15,3],[-1,0],[-14,3],[-24,18],[-62,29],[-4,21],[-10,17],[-18,15],[-15,19],[-20,92],[-32,52],[-98,83],[-12,61],[-29,39],[-17,45],[-7,14],[-11,9],[-18,1],[-23,1],[-12,1],[-30,8],[-25,9],[-10,8],[-9,8],[-29,41],[-16,21],[-16,18],[-15,15],[-11,10],[-6,11],[-3,15],[-6,46],[-2,22],[-6,18],[-7,35],[-4,21],[1,21],[0,1],[0,1],[0,6],[0,4],[0,1],[0,2],[0,0],[0,0],[-1,2],[-2,3],[-1,9],[-9,20],[-17,25],[-29,34],[-15,20],[-10,5],[-5,10],[-1,11],[1,16],[5,7],[7,2],[11,-3],[29,-10],[3,0],[0,0],[0,0],[3,-1],[1,0],[1,0],[4,0],[10,0],[4,2],[1,1],[0,0],[0,0],[0,0],[4,3],[4,7],[5,6],[11,11],[14,14],[5,10],[2,11],[-1,14],[-1,5],[0,4],[-1,4],[0,3],[-1,4],[0,1],[0,0],[0,0],[0,2],[-2,4],[0,2],[-1,1],[0,2],[-1,3],[0,1],[-3,11],[-10,33],[-10,43],[-10,35],[-14,32],[-18,34],[-7,12],[-11,6],[-9,1],[-26,2],[-23,1],[-20,5],[-43,12],[-23,10],[-21,9],[-15,7],[-10,11],[-4,18],[2,21],[1,4],[1,3],[6,20],[10,17],[3,3],[2,2],[12,10],[18,9],[20,14],[17,13],[12,20],[2,-1],[6,-3],[3,0],[0,0],[0,0],[14,18],[0,0],[3,4],[3,3],[6,11],[1,1],[2,4],[0,0],[1,12],[0,1],[0,1],[-5,20],[0,2],[-1,2],[-1,2],[-12,37],[-3,3],[-1,3],[0,1],[0,0],[-1,2],[-3,11],[-1,0],[-9,-1],[-1,3],[1,4],[3,5],[1,3],[2,7],[1,4],[7,-1],[1,0],[0,0],[0,0],[5,20],[-25,9],[-5,12],[2,9],[29,37],[0,0],[37,37],[-36,69],[-12,-4],[-4,4],[3,19],[-12,22],[-13,12],[-5,19],[-27,17],[-5,13],[0,0],[-5,15],[-17,13],[3,16],[-4,2],[-27,14],[-17,12],[-12,9],[4,21],[0,1],[1,7],[29,3],[2,14],[0,2],[0,0],[0,0],[8,11],[19,27],[0,0],[60,58],[0,0],[0,1],[1,1],[5,28],[-1,0],[1,2],[0,3],[0,0],[-1,0],[-9,0],[-11,0],[-13,1],[-10,0],[-15,0],[-2,0],[-7,1],[-7,0],[-2,0],[-6,0],[-10,0],[-6,0],[-6,0],[-15,0],[-23,1],[-11,0],[-12,0],[-12,1],[-11,0],[-1,0],[-1,0],[-14,0],[-10,0],[-1,3],[-50,86],[-5,24],[-1,2],[0,2],[0,16],[0,7],[0,0],[-19,7],[-1,0],[-7,4],[-7,4],[-6,2],[-4,1],[-2,1],[0,0],[-3,0],[-2,0],[-2,0],[-5,0],[-4,-2],[-2,-1],[-3,-1],[-2,-1],[-1,-1],[-4,-3],[-2,-2],[-3,-2],[-9,-7],[-7,-8],[-6,-7],[-14,-15],[-21,-22],[-5,-24],[-16,-30],[0,-35],[0,-21],[0,0],[0,0],[-1,-2],[-19,-24],[0,0],[0,0],[0,-3],[-2,-3],[-3,-1],[-5,-1],[0,0],[0,0],[0,0],[0,-1],[-4,0],[0,1],[0,6],[0,1],[0,0],[9,29],[-6,37],[0,0],[-1,2],[0,1],[-1,0],[-1,1],[-2,1],[0,0],[-2,1],[-2,9],[-6,26],[-8,24],[-10,26],[-10,23],[-13,25],[-18,32],[-8,21],[0,21],[14,37],[0,0],[0,4],[1,4],[1,6],[0,3],[0,3],[0,7],[0,0],[0,0],[0,0],[0,0],[-1,14],[0,1],[-4,50],[-25,55],[-5,33],[13,88],[-13,25],[-29,36],[0,0],[-18,-3],[-36,-21],[-24,-4],[-14,-2],[0,0],[-16,-8],[-37,-55],[-20,-54],[1,-10],[0,-1],[1,-3],[10,-20],[0,-1],[2,-4],[0,-1],[6,-23],[15,-34],[7,-23],[1,-5],[0,0],[-1,-25],[-6,-27],[2,-8],[25,-20],[1,-1],[3,-1],[6,-8],[18,-11],[20,-9],[10,-5],[4,-11],[-6,-12],[-11,-11],[-2,-2],[-2,-2],[-1,-1],[-1,-2],[-1,-1],[-2,-2],[-2,-5],[-2,-3],[0,0],[-24,-23],[-30,-26],[-25,-15],[-24,-8],[-18,3],[-17,11],[-16,24],[-8,20],[-3,31],[-2,33],[-3,34],[-3,34],[-1,2],[0,4],[-8,37],[0,2],[0,2],[0,1],[-1,5],[0,2],[-2,16],[-1,9],[-7,16],[-8,6],[-12,6],[-17,3],[-15,1],[-19,6],[-15,15],[-14,18],[-10,23],[-8,23],[-11,30],[-9,34],[-9,40],[-16,29],[-14,16],[-11,30],[-1,28],[-2,35],[1,28],[0,12],[6,28],[4,18],[7,21],[1,1],[0,1],[5,15],[4,13],[2,5],[2,8],[0,0],[2,7],[1,10],[1,9],[0,21],[7,24],[7,21],[15,19],[2,4],[0,0],[1,1],[4,8],[2,19],[-1,37],[5,23],[7,20],[8,4],[19,-7],[6,0],[1,-1],[0,0],[1,0],[0,-2],[16,-1],[3,7],[-3,14],[-23,21],[-31,13],[-11,-3],[-34,20],[-5,3],[-1,0],[-1,1],[-3,3],[-3,2],[-3,1],[-4,2],[-5,1],[-2,1],[-1,0],[-4,2],[-25,10],[-18,5],[-18,-2],[-5,-1],[-3,0],[-3,-1],[-4,-1],[-3,0],[-3,-1],[-3,-2],[0,0],[0,0],[-21,2],[-16,2],[-15,4],[-13,14],[-9,17],[-14,12],[-12,9],[-1,2],[-3,3],[-5,5],[-3,3],[0,1],[-4,4],[-2,2],[-1,1],[0,1],[-19,74],[-12,34],[-9,23],[-6,14],[0,0],[-1,3],[0,0],[-1,1],[0,0],[-1,0],[0,0],[-3,2],[-1,1],[-3,2],[-2,1],[-2,0],[-1,0],[-1,0],[0,0],[-40,15],[-4,1],[0,0],[-3,1],[-2,0],[-4,1],[0,0],[-4,0],[-2,0],[0,0],[-5,0],[-3,0],[-5,-1],[-5,-1],[-5,-1],[-13,-2],[-6,-1],[-5,-1],[-5,0],[-3,0],[-7,-1],[-4,0],[-6,2],[-7,2],[-5,2],[-8,9],[-4,5],[-2,3],[-3,5],[-2,3],[-1,2],[-2,2],[-1,2],[-5,7],[-14,18],[-13,30],[-13,21],[-3,14],[3,12],[17,26],[6,6],[7,1],[8,-4],[27,-20],[11,-12],[2,-4],[16,-15],[0,0],[5,-5],[5,-1],[6,-2],[1,-1],[11,3],[0,0],[1,0],[1,3],[0,0],[1,1],[0,0],[4,4],[9,21],[8,32],[5,26],[1,23],[0,22],[3,18],[9,24],[14,36],[23,50],[3,37],[3,24],[-1,13],[0,4],[0,0],[0,1],[0,2],[0,1],[-1,3],[-1,2],[-3,6],[-2,3],[-3,4],[-8,13],[-6,7],[-1,2],[-1,2],[0,2],[-1,1],[-1,1],[-2,1],[-1,1],[0,0],[-2,1],[-3,0],[-3,0],[-6,0],[-5,-1],[-8,-1],[-21,-1],[-18,1],[-3,1],[-9,1],[-4,1],[-3,0],[-8,0],[-11,1],[-1,0],[-1,0],[-10,2],[-2,0],[-2,1],[-4,1],[-5,0],[-4,0],[-4,1],[-1,0],[-13,4],[-3,1],[-3,2],[0,0],[-14,12],[-12,16],[0,1],[-1,1],[-2,3],[0,1],[-2,6],[-5,10],[-2,5],[-1,1],[-1,1],[-3,6],[-11,26],[-12,20],[-15,22],[-19,25],[-21,26],[-21,28],[-18,16],[-6,12],[3,16],[8,11],[11,5],[14,1],[11,-5],[13,-12],[3,-3],[31,-69],[1,-4],[9,-7],[5,-5],[8,-7],[17,-2],[1,1],[16,14],[25,44],[23,13],[36,46],[1,2],[21,26],[22,40],[9,24],[0,0],[0,1],[0,0],[1,2],[0,2],[0,1],[-1,3],[0,2],[-1,1],[0,1],[-3,5],[0,1],[0,0],[-5,6],[-20,26],[-15,16],[-15,9],[-20,3],[-18,7],[-20,12],[-17,14],[-14,11],[-14,14],[-16,8],[-11,5],[-6,4],[-3,2],[-14,12],[-49,40],[-16,17],[-7,15],[-1,1],[-2,13],[-1,15],[0,24],[7,25],[11,31],[12,25],[12,20],[1,4],[0,0],[0,1],[1,1],[0,2],[1,3],[0,3],[0,4],[1,11],[0,6],[2,20],[3,18],[10,23],[15,34],[2,7],[5,10],[0,1],[0,0],[0,1],[0,2],[0,6],[0,3],[2,8],[0,1],[-2,11],[0,2],[-1,3],[-1,4],[-1,0],[-2,13],[-10,30],[-15,39],[-12,24],[-18,24],[-21,29],[-15,30],[-17,26],[-13,29],[-13,35],[-11,30],[-12,25],[-15,13],[0,0],[-3,1],[-3,2],[-8,4],[-6,4],[-5,4],[-14,12],[-10,20],[-4,22],[0,27],[10,24],[9,17],[1,1],[0,2],[28,78],[2,35],[-3,15],[-13,12],[-23,6],[-22,-9],[-6,-22],[0,0],[5,-15],[1,-48],[-7,-21],[-12,-11],[-20,1],[-12,-4],[-18,10],[-45,26],[-17,21],[-17,51],[1,25],[28,100],[-1,9],[0,0],[0,8],[-3,30],[1,10],[8,9],[8,4],[14,-1],[9,-5],[25,-28],[0,0],[13,-7],[12,0],[26,9],[8,18],[1,59],[7,57],[47,40],[37,25],[14,27],[22,18],[21,29],[-11,39],[-37,38],[-27,39],[0,0],[0,0],[-18,-10],[-8,-9],[0,0],[-15,-41],[-8,-22],[-2,-15],[-2,-21],[-3,-10],[-2,-3],[-11,-11],[-13,-4],[-11,0],[-9,-1],[-7,4],[0,0],[-6,6],[-7,3],[-11,12],[-13,20],[-9,17],[3,15],[10,11],[14,11],[10,16],[0,17],[7,17],[10,15],[17,23],[12,26],[9,22],[6,24],[5,26],[2,26],[1,27],[0,3],[0,4],[-1,6],[0,3],[0,0],[-6,7],[-4,7],[-12,17],[-11,16],[-2,4],[-2,6],[-3,13],[-2,28],[2,23],[-4,25],[0,22],[-2,29],[4,25],[4,30],[10,28],[11,20],[11,15],[21,11],[13,1],[13,-12],[14,-8],[23,-4],[15,-3],[11,-9],[14,-2],[15,-5],[17,-1],[19,5],[14,8],[9,16],[1,4],[0,0],[1,9],[0,0],[0,0],[-2,20],[-10,21],[0,0],[0,0],[-3,1],[-3,1],[-4,-1],[-1,0],[-11,1],[-23,-1],[-16,6],[-12,13],[-12,23],[-21,52],[-9,25],[-3,12],[-3,22],[0,24],[2,23],[5,13],[14,15],[19,10],[13,6],[15,6],[10,4],[21,0],[18,-9],[27,1],[31,20],[2,13],[0,0],[0,0],[0,1],[0,5],[-7,16],[-5,11],[0,0],[-1,0],[-4,8],[-15,13],[-13,8],[-19,12],[-10,13],[-6,18],[-2,17],[-1,23],[13,29],[12,28],[17,24],[11,21],[10,25],[8,21],[2,15],[-3,4],[-1,4],[0,0],[0,0],[-6,4],[-49,1],[-9,3],[-17,5],[-2,2],[-16,17],[-6,12],[-8,24],[-4,16],[2,16],[3,16],[6,31],[4,31],[6,29],[1,32],[4,17],[12,13],[4,3],[4,1],[5,3],[2,2],[7,4],[13,10],[10,6],[23,6],[0,0],[7,1],[4,2],[0,0],[0,0],[0,0],[23,18],[0,0],[0,0],[8,15],[11,45],[0,0],[1,2],[0,0],[0,0],[2,45],[6,20],[0,0],[5,21],[0,0],[0,0],[-2,48],[-8,1]],[[58155,74037],[2,-1],[3,3],[12,43],[0,0],[3,13],[1,5],[1,6],[0,10],[-1,22],[-3,29],[0,14],[0,2],[1,4],[1,6],[2,3],[4,5],[43,0],[0,0],[12,0],[1,0],[37,17],[51,5],[71,66],[-2,43],[26,44],[11,17],[10,10],[19,17],[0,0],[-23,107],[-2,6],[-2,10],[-12,54],[1,6],[0,6],[7,73],[0,0],[-37,13],[-14,15],[-26,30],[-94,-91],[-18,-33],[-7,-1],[-22,0],[1,5],[3,22],[1,11],[-3,11],[-7,9],[-10,12],[-5,3],[-18,11],[-56,29],[-10,3],[-6,5],[0,0],[-1,2],[-2,6],[-2,5],[-4,8],[-4,5],[-4,4],[-5,5],[-4,4],[-9,9],[-4,9],[-2,13],[0,11],[0,13],[0,5],[1,6],[1,8],[2,5],[2,1],[4,1],[16,0],[37,-6],[54,-8],[3,0],[17,3],[32,10],[3,0],[0,0],[20,7],[5,2],[4,2],[5,5],[3,4],[13,17],[8,18],[6,25],[7,15],[21,44],[7,17],[3,8],[0,0],[-1,6],[-5,7],[-11,11],[0,0],[-4,10],[-1,8],[0,8],[1,12],[-1,7],[-6,10],[-15,14],[-41,33],[-11,12],[-10,14],[-1,1],[-2,5],[0,0],[-11,19],[-1,4],[-6,17],[-4,12],[0,0],[-6,18],[-2,18],[0,0],[0,21],[1,3],[0,2],[1,4],[4,6],[1,2],[8,4],[19,0],[45,1],[27,1],[5,2],[3,0],[2,1],[7,3],[7,6],[2,3],[7,9],[1,4],[1,6],[-1,10],[0,0],[-7,5],[-31,28],[-10,10],[-1,2],[-6,8],[-2,8],[-1,2],[-1,11],[0,3],[0,2],[1,10],[1,3],[1,6],[20,62],[4,15],[0,0],[2,3],[5,14],[12,22],[6,-1],[20,-3],[17,-3],[15,-3],[45,-39],[27,-66],[31,-75],[0,0],[0,0],[2,0],[74,-1],[0,0],[0,0],[1,5],[1,6],[10,58],[3,21],[1,3],[2,6],[7,30],[0,0],[0,2],[-1,12],[-5,42],[46,31],[9,7],[10,6],[4,3],[33,-7],[19,31],[8,-20],[0,0],[6,-15],[0,0],[0,0],[32,0],[75,18],[16,-7],[20,-9],[13,31],[2,5],[23,-36],[15,-22],[1,0],[44,1],[12,1],[73,25],[19,19],[0,0],[25,25],[23,24],[24,24],[1,2],[-8,1],[-28,5],[-21,30],[-31,10],[-10,3],[-24,20],[0,0],[30,26],[34,30],[11,24],[2,13],[2,21],[-17,22],[-14,15],[-4,3],[-5,3],[-13,6],[-3,2],[-1,3],[-1,5],[-1,7],[-2,4],[-5,10],[-5,12],[-14,19],[-5,7],[-2,6],[-1,4],[-2,7],[-18,8],[1,26],[8,0],[0,10],[1,5],[1,5],[0,3],[0,0],[1,3],[3,6],[4,5],[3,5],[3,4],[0,0],[9,12],[7,13],[3,10],[2,6],[0,1],[0,0],[0,7],[0,0],[0,1],[-1,6],[-2,6],[-3,7],[0,1],[-1,2],[-6,14],[-5,32],[-4,18],[0,7],[-1,7],[0,8],[1,2],[1,3],[3,8],[9,11],[7,11],[2,7],[2,9],[1,6],[-2,6],[-3,5],[-2,3],[-5,8],[0,0],[-6,11],[0,2],[-3,8],[-2,10],[0,1],[-1,7],[1,7],[1,1],[2,4],[5,5],[16,19],[4,3],[5,5],[6,2],[2,0],[17,6],[5,22],[0,0],[-5,2],[-17,9],[-37,14],[-9,5],[-2,1],[-6,4],[-7,8],[-5,7],[-3,5],[-2,3],[-10,18],[-8,22],[-3,13],[-3,9],[-1,14],[-1,11],[-1,20],[-1,15],[0,2],[-3,17],[-1,3],[0,4],[-3,7],[-1,2],[-2,4],[-2,3],[-4,7],[-16,22],[-29,41],[1,10],[1,4],[0,6],[0,4],[0,3],[-2,6],[-1,5],[-4,14],[-7,14],[-4,6],[-5,0],[-3,0],[-1,0],[-6,0],[-2,1],[-4,2],[-7,4],[-12,13],[-16,16],[-12,12],[-12,13],[-22,13],[-17,7],[-10,0],[0,0],[-39,0],[-8,-2],[-1,-1],[-8,3],[-8,7],[-4,8],[-1,6],[-2,5],[0,7],[-1,9],[0,9],[0,10],[2,14],[1,6],[5,24],[7,29],[9,23],[9,14],[7,5],[11,6],[2,0],[7,2],[16,-3],[37,0],[13,1],[11,5],[1,0],[10,4],[6,4],[1,1],[14,8],[8,8],[6,11],[7,20],[3,15],[3,28],[0,11],[-1,3],[0,1],[0,3],[-4,8],[-7,10],[-32,54],[-18,21],[-4,6],[-2,7],[0,7],[0,4],[1,11],[2,19],[3,6],[0,0],[4,3],[17,14],[3,4],[3,6],[0,13],[0,12],[4,9],[7,8],[13,6],[7,2],[35,4],[10,1],[5,1],[3,1],[0,0],[5,0],[2,4],[1,0],[6,9],[4,5],[4,6],[1,0],[1,1],[3,2],[1,2],[6,2],[38,16],[10,3],[8,1],[4,0],[3,-1],[98,-31],[6,-2],[3,-2],[9,1],[15,0],[2,0],[24,7],[12,5],[8,5],[31,30],[50,53],[3,6],[0,0],[0,0],[1,2],[2,5],[1,10],[3,29],[2,12],[2,9],[68,145],[2,5],[1,3],[-1,8],[-5,6],[-4,11],[0,9],[2,5],[0,0],[0,0],[35,39],[1,7],[1,1],[0,0],[-1,7],[-19,30],[-4,8],[-1,7],[0,1],[6,6],[11,6],[8,4],[0,1],[3,4],[6,9],[18,34],[5,7],[5,4],[0,0],[19,-8],[34,-13],[1,2],[0,0],[10,26],[31,35],[0,0],[12,32],[15,37],[13,-5],[4,-2],[5,-2],[12,-5],[18,-8],[-18,-33],[-8,-14],[21,-15],[47,66],[0,0],[0,1],[5,-3],[25,27],[0,0],[0,0],[0,0],[0,0],[20,46],[58,1],[0,0],[0,0],[11,6],[17,11],[62,37],[66,68],[5,0],[46,-3],[-5,-5],[-20,-22],[112,9],[0,0],[0,0],[28,2],[8,27],[74,26],[88,70],[14,30],[50,34],[0,0],[20,-36],[29,-51],[44,5],[5,1],[4,0],[37,-14],[20,28],[26,37],[8,0],[14,2],[0,0],[0,0],[17,9],[0,0],[1,1],[1,0],[6,7],[8,8],[3,-3],[12,-14],[22,2],[2,-2],[10,-4],[8,-3],[5,-2],[5,-6],[3,-4],[12,-14],[0,0],[9,4],[8,6],[6,9],[0,0],[0,0],[5,15],[4,11],[9,14],[16,16],[17,20],[9,18],[7,20],[2,12],[-1,12],[2,10],[3,5],[35,40],[5,9],[0,0],[2,8],[1,7],[4,6],[16,19],[0,0],[0,0],[8,7],[0,0],[2,1],[4,2],[1,1],[8,2],[14,5],[7,1],[4,1],[7,5],[4,7],[4,10],[8,9],[14,19],[5,15],[2,10],[0,2],[0,2],[3,22],[1,6],[1,3],[10,15],[0,0],[-13,30],[-37,70],[-49,21],[-23,54],[4,55],[12,44],[16,29],[22,17],[0,0],[-23,45],[11,7],[19,2],[0,0],[0,0],[0,0],[-1,1],[-6,11],[-4,5],[-20,34],[-6,11],[-11,51],[49,25],[0,0],[15,7],[14,7],[21,11],[20,37],[1,4],[-28,25],[0,0],[54,19],[0,0],[1,0],[9,3],[-8,22],[0,0],[6,5],[18,16],[-17,51],[21,15],[3,2],[6,4],[30,5],[-13,21],[16,43],[-36,32],[-6,6],[1,3],[9,32],[3,11],[3,9],[2,7],[-23,12],[10,44],[4,0],[36,0],[16,16],[26,27],[4,0],[27,1],[19,-12],[11,-7],[12,-1],[30,-2],[38,53],[8,11],[-3,5],[-5,10],[0,0],[-9,16],[-19,33],[-7,13],[4,13],[15,45],[-42,53],[0,19],[-1,11],[6,17],[5,12],[7,22],[27,7],[85,48],[27,-22],[0,0],[21,-18],[22,28],[9,-5],[7,-5],[-12,-36],[9,-16],[9,-15],[131,123],[32,52],[65,-53],[42,9],[7,-27],[7,-31],[2,-8],[2,-11],[-17,1],[-9,0],[3,-46],[22,-19],[24,2],[5,-42],[-6,-3],[-13,-7],[1,-25],[0,0],[103,55],[10,16],[29,-6],[-16,-16],[0,0],[0,0],[8,-22],[4,5],[9,9],[7,-9],[2,-3],[-3,-2],[-17,-11],[-3,-23],[-2,-1],[0,0],[0,0],[-6,1],[-4,6],[-5,3],[-6,0],[-6,-6],[-5,-9],[0,0],[0,-1],[0,-6],[13,-5],[12,-4],[17,-8],[2,-1],[18,-5],[0,0],[21,-7],[0,0],[8,-5],[8,0],[0,0],[1,0],[0,0],[1,1],[2,2],[8,4],[2,1],[2,1],[15,-1],[2,1],[0,0],[0,1],[4,-1],[0,0],[3,0],[6,-8],[3,-7],[0,0],[1,-12],[0,-1],[0,-1],[0,0],[0,-2],[1,-11],[5,-22],[6,-17],[6,-2],[6,-3],[7,-23],[1,-2],[10,-22],[9,-7],[6,-4],[35,-16],[30,-18],[10,-10],[9,-8],[4,-4],[6,-5],[6,-10],[6,-10],[6,-10],[0,-1],[3,-10],[13,-12],[7,-5],[11,-8],[16,-5],[2,0],[2,-2],[20,-18],[11,-9],[0,0],[2,2],[2,2],[-11,15],[0,0],[-7,7],[-2,2],[-4,7],[-5,9],[-9,7],[-2,1],[-10,10],[-4,16],[0,0],[0,1],[-4,19],[0,0],[-6,13],[-13,8],[-4,4],[-1,1],[-10,16],[17,11],[0,0],[-25,36],[1,0],[4,1],[6,1],[12,-14],[0,0],[-3,18],[-1,8],[-1,3],[-2,15],[-2,19],[1,6],[2,8],[1,5],[1,1],[4,-11],[2,-6],[7,9],[4,1],[11,4],[4,1],[9,3],[0,0],[1,11],[0,1],[2,21],[1,3],[0,2],[99,-39],[35,-13],[25,-10],[81,28],[22,39],[-5,33],[0,16],[1,42],[47,49],[46,2],[0,0],[0,0],[-8,67],[17,12],[4,3],[7,5],[121,-30],[100,24],[20,4],[56,16],[39,10],[30,8],[6,2],[25,6]],[[62879,80217],[0,0],[33,7],[47,-13],[59,20],[40,26],[93,-39],[85,-10],[-5,32],[-17,31],[5,38],[15,21],[-26,37],[-14,34],[-12,49],[4,33],[19,20],[10,21],[0,30],[-104,-10],[-31,-22],[-25,-6],[-79,134],[-46,81],[-58,143],[-17,51],[1,125],[23,22],[-12,27],[-17,31],[-110,193],[40,63],[48,22],[67,104],[-185,-77],[-22,63],[11,31],[55,56],[-12,51],[-44,-14],[-41,108],[-61,33],[9,29],[-3,146],[44,86],[-22,15],[-15,8],[-27,24],[-24,39],[-33,53],[146,48],[28,9],[321,112],[42,-93],[2,-36],[19,-38],[29,-47],[55,-4],[12,-23],[-6,-41],[-31,-6],[-4,-42],[-50,-69],[-10,-21],[-29,-56],[3,-1],[17,-11],[7,-3],[4,-2],[11,-4],[22,-8],[30,-10],[15,-5],[0,-138],[46,-6],[72,-87],[44,-89],[29,32],[26,3],[-14,83],[30,48],[42,22],[-19,40],[67,37],[66,7],[66,-3],[34,-9],[4,-32],[-5,-20],[-4,-17],[-5,-21],[1,-28],[3,-25],[15,-80],[7,-18],[16,-18],[8,-10],[12,-6],[12,-2],[29,11],[7,-14],[2,-11],[15,3],[8,2],[7,0],[8,0],[8,-1],[4,0],[3,-1],[4,-1],[4,-1],[6,-2],[2,0],[7,-3],[3,-2],[2,-1],[39,-95],[-28,-103],[-42,-129],[-1,-127],[27,-122],[-87,-80],[-30,-60],[-43,-40],[22,-45],[14,-16],[25,-3],[106,82],[94,109],[28,9],[37,-4],[39,-22],[21,-43],[9,-35],[57,-29],[135,-2],[34,6],[-11,25],[67,40],[-18,80],[31,32],[38,39],[8,26],[2,5],[7,22],[24,20],[10,8],[20,16],[131,90],[44,38],[-12,13],[-9,24],[-3,31],[1,32],[7,34],[6,35],[51,71],[110,-73],[33,-47],[21,-23],[-9,80],[-8,27],[-10,19],[53,55],[-22,36],[78,28],[33,29],[46,48],[71,101],[16,23],[42,22],[4,-21],[69,17],[37,35],[55,1],[44,-32],[-35,-75],[9,-46],[167,61],[61,22],[51,18],[33,29],[18,30],[82,39],[5,52],[42,81],[106,-8],[77,22],[40,15],[4,35],[25,72],[30,51],[64,46],[7,1],[52,13],[60,27],[36,17],[97,79],[65,-232],[-98,-83],[33,-68],[18,-36],[96,27],[68,19],[51,15],[30,-35],[62,-53],[26,7],[42,13],[37,-95],[-35,-7],[10,-97],[5,-38],[-2,-13],[-5,-47],[-7,-66],[-19,-9],[10,-34],[-57,-70],[25,-36],[-20,-62],[-9,-26],[30,-54],[-18,-25],[14,-39],[9,-26],[34,15],[14,1],[9,-4],[15,-7],[18,-11],[21,-6],[-17,-24],[45,-73],[21,18],[64,-108],[30,-4],[53,65],[64,-1],[95,29],[30,49],[46,44],[-35,39],[48,29],[45,121],[-16,56],[-11,278],[10,11],[26,32],[22,20],[5,5],[40,25],[23,12],[22,7],[29,17],[23,15],[24,-17],[23,-49],[42,-28],[24,-68],[22,3],[38,-64],[63,-82],[19,18],[28,-47],[40,-70],[20,-30],[30,-145],[36,-78],[17,-38],[86,-122],[5,-30],[-6,-44],[-11,-23],[12,-95],[29,-70],[22,-67],[47,67],[12,23],[8,20],[5,23],[9,22],[15,22],[11,20],[13,17],[6,5],[10,8],[18,12],[4,2],[13,8],[15,2],[6,0],[11,1],[10,2],[5,2],[17,6],[14,9],[5,3],[11,6],[8,8],[5,5],[13,10],[14,8],[14,12],[13,9],[14,5],[19,7],[15,7],[31,16],[11,6],[7,4],[10,7],[10,6],[43,31],[43,56],[7,9],[15,7],[13,6],[15,25],[38,-4],[25,29],[75,15],[64,9],[38,5],[107,42],[26,-44],[200,133],[10,9],[96,85],[25,-30],[14,-17],[23,-28],[27,-21],[15,-4],[23,120],[-19,49],[3,8],[3,8],[6,18],[3,-3],[3,-2],[51,-32],[5,-6],[3,-3],[31,-35],[43,10],[47,10],[59,-35],[65,17],[3,-46],[3,-32],[91,72],[-6,71],[38,109],[4,60],[-75,13],[-41,8],[-99,98],[-104,55],[13,23],[-24,54],[-61,133],[-68,127],[-14,35],[-6,21],[-18,45],[-13,34],[-80,103],[20,159],[56,113],[100,119],[-1,51],[0,49],[-2,120],[2,56],[34,109],[34,68],[36,48],[-27,18],[-56,66],[-31,28],[-59,4],[-59,4],[-23,21],[9,46],[-14,77],[-19,68],[-2,46],[11,51],[24,63],[-79,-56],[-49,-29],[-59,-59],[-5,-5],[-44,85],[-46,7],[-35,-18],[-31,2],[-27,7],[-33,18],[5,20],[-26,17],[-24,7],[-3,11],[-1,8],[-4,15],[7,20],[3,4],[6,11],[-1,1],[-4,10],[-6,14],[-5,11],[-3,7],[-2,5],[-3,5],[-2,6],[-5,11],[-5,12],[-4,9],[24,27],[10,10],[15,13],[13,12],[11,10],[9,8],[13,15],[50,44],[88,59],[49,41],[14,8],[19,20],[45,40],[9,8],[-2,135],[-28,22],[19,33],[13,19],[4,5],[22,14],[7,23],[-35,57],[1,41],[-17,11],[-17,18],[-60,-26],[-22,27],[-18,12],[0,26],[-11,35],[35,37],[-9,32],[14,19],[-10,19],[-1,41],[1,44],[-25,8],[-51,8],[-21,-25],[-21,-14],[6,-69],[-13,-2],[-6,-43],[-53,-16],[-38,11],[-39,37],[-2,3],[24,156],[119,80],[137,-17],[149,247],[12,63],[126,-58],[58,86],[21,45],[142,53],[26,28],[27,-8],[95,36],[82,42],[50,-70],[43,-28],[12,-178],[11,-114],[30,-113],[50,-106],[85,-45],[27,-39],[127,-76],[53,-7],[53,-31],[87,-17],[71,-50],[53,-114],[69,-34],[48,-69],[46,12],[11,-35],[29,-72],[18,-23],[12,-8],[14,-3],[18,4],[17,17],[20,34],[23,43],[10,15],[10,9],[35,-11],[29,-11],[18,28],[18,28],[12,21],[12,28],[51,88],[65,80],[29,14],[39,18],[25,13],[61,19],[42,18],[20,-35],[42,36],[54,-13],[61,35],[64,32],[-28,61],[59,137],[-71,88],[46,109],[18,9],[23,12],[6,26],[20,68],[-24,61],[-69,90],[25,68],[-26,16],[-11,-4],[-20,-7],[-12,7],[16,36],[28,46],[13,82],[67,78],[25,59],[14,30],[-98,28],[-35,9],[-35,83],[-93,-5],[-66,25],[7,40],[46,87],[47,91],[35,21],[5,68],[24,34],[-71,2],[-21,18],[-95,11],[-49,41],[-11,58],[2,52],[9,43],[-42,71],[56,47],[15,29],[38,3],[112,10],[52,30],[56,4],[-7,-27],[-3,-7],[-13,-19],[-10,-24],[-3,-31],[1,-9],[24,-2],[77,4],[24,-46],[56,-8],[63,60],[69,19],[-9,36],[139,79],[-12,41],[66,17],[43,-8],[20,28],[16,49],[-43,226],[-24,9],[-30,36],[-18,127],[-11,62],[-15,55],[-24,83],[38,39],[8,29],[58,71],[54,59],[101,1],[47,22],[-1,8],[-2,27],[86,37],[31,1],[26,6],[21,-39],[51,30],[30,-26],[11,-42],[43,-12],[7,-123],[45,-7],[24,-19],[116,13],[23,21],[67,-44],[53,44],[17,16],[14,117],[-5,44],[12,20],[66,33],[45,40],[37,-28],[109,-20],[110,27],[141,165],[74,86],[43,56],[57,74],[114,183],[169,232],[59,140],[150,180],[92,103],[3,36],[35,9],[6,-38],[12,10],[58,45],[12,35],[51,-78],[4,-110],[37,3],[88,8],[2,-100],[31,-121],[14,-33],[43,10],[19,-32],[228,-124],[-10,-56],[45,-14],[60,-3],[45,4],[33,11],[-3,34],[87,53],[67,71],[16,34],[6,80],[5,56],[116,170],[-29,19],[18,43],[24,58],[2,80],[-17,33],[59,81],[75,17],[36,-57],[66,-72],[12,-61],[29,-27],[66,-59],[77,-23],[-3,-25],[81,-13],[-4,-36],[30,-3],[112,-8],[5,188],[13,73],[6,32],[16,12],[14,10],[10,7],[7,4],[6,81],[44,53],[44,-16],[4,-1],[129,-56],[58,7],[23,-11],[65,9],[14,34],[3,169],[110,113],[65,15],[53,-21],[52,52],[-8,53],[18,31],[-20,93],[24,211],[55,54],[26,160],[36,94],[31,35],[-9,46],[50,23],[43,23],[15,-32],[110,29],[11,-45],[7,-39],[4,-45],[0,-70],[-2,-125],[-9,-172],[0,-48],[1,-78],[15,-214],[44,-1],[28,49],[-13,96],[23,5],[86,0],[104,-21],[36,3],[86,6],[41,17],[56,0],[4,-35],[94,3],[28,6],[11,-18],[36,9],[27,-13],[8,36],[31,-57],[25,-29],[25,-15],[15,6],[17,10],[22,1],[23,3],[18,7],[15,18],[7,21],[8,16],[11,6],[7,3],[30,-35],[14,0],[51,0],[35,34],[86,15],[106,28],[254,95],[28,65],[44,41],[65,78],[55,20],[53,-5],[34,-33],[27,14],[0,37],[32,3],[40,61],[61,35],[15,-24],[2,-3],[18,-14],[19,-6],[18,-2],[3,-1],[18,-3],[12,-7],[13,-3],[16,1],[14,-5],[11,-9],[18,-17],[12,-8],[10,-5],[36,78],[30,31],[15,14],[22,13],[24,14],[15,9],[160,93],[148,103],[-3,41],[-4,44],[-16,89],[-35,13],[-6,106],[-3,97],[15,41],[8,22],[-11,50],[125,191],[13,35],[12,13],[19,8],[69,-13],[5,64],[7,109],[-46,49],[-22,38],[100,13],[4,32],[-83,108],[-39,68],[37,55],[-2,42],[-44,51],[30,51],[31,91],[4,13],[-16,4],[-25,-1],[-32,-2],[-70,0],[-19,5],[-20,15],[-15,5],[23,35],[17,29],[14,18],[20,10],[19,11],[8,18],[3,25],[-2,24],[-8,22],[-1,18],[12,18],[18,17],[23,15],[19,7],[12,14],[9,24],[1,29],[5,26],[12,24],[10,25],[6,18],[7,23],[-25,10],[12,30],[44,-13],[25,60],[-41,17],[56,95],[38,-18],[2,-3],[8,-10],[5,-11],[0,-4],[3,-8],[9,-12],[7,-6],[14,-4],[15,2],[9,10],[2,1],[8,5],[9,1],[16,3],[13,-1],[80,32],[2,-56],[170,-47],[15,31],[42,36],[41,36],[75,22],[76,-42],[63,-60],[25,-43],[31,-50],[93,-68],[166,-2],[51,20],[61,21],[29,8],[41,13],[31,64],[2,73],[64,42],[6,-52],[87,0],[46,73],[86,17],[53,-2],[11,-26],[44,7],[14,17],[178,-11],[26,3],[44,50],[46,84],[142,39],[-25,72],[41,-13],[46,32],[30,2],[66,110],[44,-1],[53,-18],[9,32],[146,-42],[69,-3],[-32,72],[15,84],[7,56],[-3,56],[45,-42],[-7,-78],[144,145],[87,69],[77,57],[133,56],[66,67],[29,12],[95,-92],[13,-12],[6,-3],[43,6],[40,6],[55,-52],[140,-45],[108,-70],[54,-8],[29,17],[24,25],[18,25],[25,8],[11,2],[14,1],[24,-2],[15,10],[9,7],[3,4],[13,26],[2,36],[-2,18],[-2,14],[-6,43],[-4,38],[-1,4],[1,13],[2,28],[25,35],[8,22],[4,8],[0,36],[-10,31],[-21,27],[-18,31],[-16,38],[-2,27],[2,7],[2,9],[1,5],[6,24],[17,38],[24,22],[10,8],[15,11],[28,8],[18,16],[10,20],[-1,29],[-6,21],[-2,33],[4,16],[5,17],[0,3],[3,5],[1,4],[2,4],[2,5],[6,16],[21,15],[25,-3],[11,-6],[13,-8],[20,-1],[11,9],[8,8],[18,25],[21,19],[17,18],[27,5],[18,-1],[16,-6],[6,-2],[20,0],[4,-1],[17,10],[7,4],[7,28],[37,25],[63,-26],[71,11],[35,-1],[25,-26],[120,21],[78,-12],[7,1],[67,12],[14,43],[149,-81],[29,-15],[4,13],[6,18],[-22,29],[37,-4],[17,9],[15,8],[14,17],[17,22],[20,32],[10,25],[3,28],[-11,30],[-18,39],[-2,5],[-11,34],[-13,48],[-6,39],[-2,13],[-1,59],[-2,35],[-1,7],[7,36],[19,23],[34,15],[39,8],[38,5],[38,-8],[25,-18],[22,-44],[25,-65],[25,-41],[4,-5],[31,-46],[9,18],[9,18],[16,41],[7,48],[7,43],[0,74],[7,83],[2,27],[11,61],[21,45],[20,33],[2,22],[-7,44],[-21,15],[-13,27],[3,24],[-22,20],[-4,19],[-26,51],[-27,19],[-10,14],[21,65],[-8,33],[-14,25],[67,82],[13,31],[-45,47],[-10,26],[-35,-5],[-38,-6],[-41,14],[-21,26],[-17,31],[-65,36],[-28,56],[7,54],[-33,50],[95,13],[19,-50],[15,-13],[15,-5],[16,4],[8,13],[7,5],[5,6],[19,7],[14,-8],[10,-8],[17,-1],[16,9],[18,6],[22,14],[23,22],[46,38],[66,13],[41,8],[68,28],[148,61],[50,69],[45,66],[20,30],[-2,104],[54,20],[73,-27],[7,129],[3,54],[2,35],[102,68],[29,19],[38,50],[25,44],[26,44],[46,97],[93,-78],[40,-27],[77,-5],[97,-7],[126,-76],[73,-32],[53,33],[20,20],[-26,36],[-6,74],[-98,19],[-25,41],[-4,29],[12,20],[58,52],[35,14],[28,-1],[24,32],[69,57],[-34,23],[-68,133],[-48,14],[-35,33],[-24,68],[-103,62],[8,34],[55,101],[17,119],[87,88],[18,59],[-101,275],[9,126],[53,53],[68,205],[-29,74],[-111,59],[-33,35],[-98,-15],[32,230],[-23,15],[-49,33],[-123,59],[-6,65],[121,64],[109,-21],[33,27],[72,53],[50,-46],[70,66],[41,23],[71,77],[152,117],[84,171],[87,177],[122,77],[180,-46],[20,-11],[54,-23],[28,-33],[64,-7],[15,46],[99,-215],[170,-141],[128,22],[10,-29],[23,11],[12,-87],[50,27],[-7,22],[69,82],[15,14],[18,-2],[33,-28],[14,-32],[40,-97],[0,0],[-13,-46],[-44,-74],[-25,-41],[-9,-14],[-84,-139],[-37,-102],[-19,-80],[-38,-21],[2,-15],[-46,-27],[-9,-35],[40,-127],[-9,-46],[-41,-166],[-24,-26],[-26,-27],[-55,-133],[24,-38],[-5,-96],[9,-50],[17,-86],[13,12],[9,-6],[46,-31],[43,-16],[44,-16],[128,-71],[33,4],[17,2],[21,-12],[27,-15],[169,-22],[30,15],[66,3],[37,25],[18,22],[16,-28],[30,-57],[5,-9],[7,-9],[10,-8],[37,-17],[25,-8],[15,-3],[11,2],[19,5],[20,4],[14,1],[2,0],[3,-1],[10,-1],[14,-4],[10,-6],[9,-10],[8,-13],[6,-13],[4,-12],[8,-21],[12,-28],[7,-32],[9,-91],[2,-16],[1,-8],[1,-7],[2,-15],[3,-32],[22,4],[17,4],[22,-8],[33,-12],[27,-9],[1,-121],[-18,-47],[76,-64],[60,-155],[3,-7],[32,-31],[29,-29],[27,-77],[34,-18],[14,-8],[19,-9],[58,-3],[9,-1],[19,-8],[19,-45],[54,-19],[30,6],[44,-5],[51,5],[24,7],[9,18],[7,15],[35,17],[76,9],[30,10],[40,38],[127,-23],[68,-59],[63,6],[13,14],[55,59],[17,18],[49,-29],[12,-12],[11,-11],[38,-38],[14,-32],[40,-32],[20,-75],[3,-19],[4,-42],[-3,-36],[-14,-30],[3,-28],[6,-26],[36,-33],[34,-15],[28,-35],[67,20],[16,-24],[-15,-30],[-17,-61],[-43,-58],[30,-72],[14,-43],[1,-4],[-18,-35],[6,-103],[-37,-61],[-9,-56],[-19,-56],[-6,-16],[23,-10],[10,-14],[10,-51],[5,-47],[-15,-147],[2,-67],[-17,-61],[-58,-66],[-25,-45],[-17,-17],[-8,-124],[-1,-78],[27,-102],[1,-10],[0,-20],[1,-23],[4,-21],[6,-26],[-6,-13],[-13,-30],[-65,-14],[45,-98],[19,-61],[1,-13],[2,-17],[8,-68],[7,-60],[16,-25],[64,-110],[73,-60],[41,-106],[55,-67],[36,-16],[-18,-29],[37,-15],[21,-32],[133,-80],[46,-30],[49,-32],[19,-24],[42,-99],[1,-2],[116,-182],[32,-44],[10,-17],[6,-10],[5,-10],[3,-3],[4,-4],[81,-83],[16,-19],[12,-20],[23,-39],[16,-24],[10,-17],[9,-19],[12,-22],[13,-15],[54,-39],[109,-80],[44,-49],[37,-62],[34,-57],[14,-156],[10,-89],[4,-70],[1,-28],[16,-52],[3,-51],[-3,-20],[-9,-59],[-36,-221],[-16,-96],[-4,-27],[9,-35],[30,-23],[322,-51],[80,138],[116,26],[9,13],[1,14],[-4,20],[70,102],[35,17],[45,22],[15,-31],[36,-70],[49,9],[61,13],[63,0],[108,0],[14,-1],[87,-83],[60,-56],[25,-25],[15,-14],[29,-49],[39,-62],[82,-132],[42,-67],[7,-92],[83,13],[-1,-29],[1,-11],[2,-13],[-1,-24],[-6,-18],[-13,-16],[-6,-17],[-8,-20],[-12,-17],[-9,-20],[-13,-21],[-2,-4],[-4,-11],[-14,-20],[-10,-17],[-11,-19],[-16,-16],[-22,-9],[-20,-8],[-22,-6],[-25,-8],[-21,-4],[-41,-149],[-10,-184],[4,-164],[3,-88],[46,-102],[23,-50],[28,-20],[48,-35],[36,-64],[11,-21],[50,-90],[65,-7],[-8,-53],[-9,-63],[40,-94],[39,-73],[18,21],[97,-110],[49,-55],[11,-48],[-30,-22],[39,-89],[-31,-29],[2,-7],[11,-40],[-46,-31],[3,-21],[4,-22],[9,-64],[-22,-17],[-33,0],[-4,-35],[42,-6],[-110,-171],[-70,-65],[-27,-24],[35,-76],[101,-54],[77,-35],[53,-25],[41,-21],[73,-44],[20,-59],[10,-29],[42,0],[10,-182],[-7,-28],[-15,-58],[-16,-61],[-43,-101],[-11,-64],[3,-57],[-74,-194],[-21,-82],[-28,-47],[-10,-128],[1,-48],[-31,-22],[-31,-11],[5,-32],[-31,-17],[8,-48],[-31,-20],[-15,-89],[-6,-34],[-4,-30],[40,-23],[8,-23],[17,-46],[26,-68],[14,-34],[-37,-29],[-57,-17],[-112,-31],[-78,10],[-50,-12],[-2,-37],[-1,-16],[-41,-48],[-33,-6],[-24,-4],[-17,-20],[-20,-23],[-6,-57],[7,-16],[4,-10],[5,-9],[7,-16],[16,-16],[8,-8],[5,-5],[6,-6],[4,-2],[10,-6],[15,-8],[6,-3],[31,7],[9,13],[11,18],[34,-4],[-44,-130],[-12,-34],[-30,27],[-18,15],[-124,-50],[-46,-4],[-34,-49],[-18,17],[-23,22],[-5,30],[-36,-5],[-8,16],[-67,8],[-34,41],[-20,-20],[-14,-20],[-60,100],[-128,-2],[-55,23],[-77,-12],[-36,-26],[-14,136],[-12,118],[-19,12],[-17,25],[-10,58],[-34,9],[-74,19],[-40,16],[-15,30],[-19,-8],[-18,26],[-15,-5],[-8,31],[-79,6],[-28,32],[0,38],[-29,65],[-79,-1],[23,-101],[-34,-40],[-31,-17],[-31,-17],[-36,1],[-26,11],[-13,-21],[-90,-21],[4,-18],[1,-1],[14,-11],[-2,-35],[-25,-60],[11,-69],[-79,-75],[11,-7],[8,-9],[-114,-165],[-22,14],[-47,-63],[-23,-44],[-19,-37],[11,-21],[-30,-37],[-14,3],[-22,-39],[-78,37],[-21,-35],[-11,-38],[-24,-13],[-39,-22],[-34,-58],[-18,-30],[-27,-34],[-34,-43],[7,-12],[43,-72],[16,-72],[-36,-39],[-67,-42],[-21,-52],[-72,-40],[-26,2],[-19,-13],[31,-58],[-3,-52],[24,-147],[18,-56],[15,-34],[14,-32],[25,-33],[-57,-53],[-66,-33],[-44,-4],[-28,-12],[22,-27],[19,-25],[-15,-47],[11,-53],[-40,-90],[4,-48],[20,-23],[-16,-30],[51,-64],[62,-2],[12,-86],[21,-1],[-1,-42],[-28,-61],[12,-50],[44,12],[-29,-43],[6,-44],[71,-15],[19,-19],[36,-34],[5,-40],[-9,-32],[27,-31],[46,-54],[22,-88],[19,-18],[65,-19],[31,-12],[8,-3],[56,-21],[6,-2],[-17,-72],[3,-18],[14,-120],[5,-42],[-29,-22],[-10,-8],[-18,-33],[10,-61],[-141,-42],[16,-70],[-72,-18],[-111,-26],[-22,-33],[-2,-20],[-7,-55],[9,-26],[-168,-42],[-36,-9],[-47,-17],[-1,-55],[55,-49],[26,39],[55,14],[53,-14],[40,-2],[17,-55],[-69,-13],[-13,-34],[3,-23],[27,-23],[25,-44],[5,-51],[-38,-52],[-31,-13],[-2,-32],[-13,-69],[-26,-64],[11,-27],[-17,-60],[-111,-120],[-64,19],[-91,12],[-35,-95],[4,-64],[88,-11],[7,-41],[9,-52],[22,-24],[120,4],[27,33],[45,23],[35,-90],[19,7],[27,-58],[25,-57],[22,-28],[-4,-12],[-35,-35],[-56,-17],[51,-31],[43,4],[20,44],[112,-32],[143,3],[-9,38],[50,-33],[12,30],[12,29],[85,-23],[5,32],[173,-5],[-12,-51],[-36,-14],[1,-34],[-11,-57],[13,-90],[-15,-146],[-2,-27],[-4,-49],[-5,-1],[-9,-2],[-9,-6],[-60,-37],[-14,-5],[-4,-2],[57,-55],[85,-19],[91,10],[40,13],[13,-39],[55,3],[75,25],[5,64],[36,7],[-8,41],[49,1],[31,-107],[22,-77],[6,-19],[9,-34],[37,-12],[-12,-30],[-54,-49],[23,-37],[46,30],[10,31],[30,95],[46,-22],[-45,-93],[27,-19],[88,-62],[16,-2],[24,63],[51,-145],[21,-62],[12,-35],[24,-16],[5,-60],[6,-66],[2,-32],[1,-10],[10,-125],[1,-10],[47,13],[8,-77],[21,-65],[22,11],[4,2],[9,-31],[27,-93],[7,-14],[22,-45],[-14,-18],[-4,-5],[0,-89],[17,-16],[-20,-33],[24,-20],[0,-13],[-15,-26],[15,-26],[5,-8],[0,-45],[-4,-3],[-8,-5],[6,-24],[4,-19],[-13,-7],[-5,-3],[2,-7],[8,-33],[-28,-21],[-42,-30],[-22,-53],[17,-3],[-1,-3],[-7,-21],[33,-6],[10,-69],[11,2],[16,3],[30,7],[7,1],[5,1],[23,10],[22,13],[24,5],[6,0],[12,-1],[25,-9],[18,-9],[11,-6],[3,-2],[13,-5],[12,-4],[20,-4],[16,4],[10,7],[8,5],[3,2],[11,7],[41,2],[-8,-72],[47,-9],[6,-1],[3,-6],[13,-31],[91,13],[-2,-107],[55,-16],[27,-51],[-26,-92],[-1,-38],[-3,-54],[-2,-40],[-52,-151],[37,-17],[-11,-42],[8,-31],[64,-55],[55,-68],[43,-5],[35,-6],[16,-34],[7,-35],[7,-41],[24,9],[35,-119],[-20,-41],[8,-51],[18,-44],[33,-39],[-36,-37],[-19,-18],[46,-82],[-44,-100],[38,-186],[-98,-111],[-67,-78],[-12,-23],[-8,-17],[15,-7],[-10,-28],[-87,-258],[-65,-35],[-172,122],[19,37],[-43,15],[-43,-33],[-72,-64],[-32,-27],[-37,-19],[-45,7],[27,38],[43,119],[-146,41],[-24,82],[3,45],[-25,64],[-18,-8],[-70,-30],[-13,12],[-21,-4],[-18,37],[-33,-15],[-20,-9],[-33,24],[-41,11],[-8,-34],[-62,18],[-1,29],[-68,-8],[-74,-45],[-21,7],[-22,-8],[-116,-40],[8,-55],[-18,-18],[-4,-91],[12,-47],[-65,-25],[-42,-17],[2,-40],[-75,-9],[-9,-58],[-61,-51],[59,-132],[116,56],[63,-118],[17,-39],[7,-15],[25,-47],[-51,-101],[20,-27],[42,35],[17,-22],[81,-97],[53,54],[42,7],[-19,-119],[33,-28],[18,3],[8,-62],[31,-29],[51,-29],[45,-55],[-49,-20],[-24,-26],[-49,-59],[-74,-91],[-20,-20],[-22,-10],[-22,-1],[-13,74],[-43,-12],[-23,-21],[-29,-52],[59,-19],[-11,-22],[-1,-2],[-13,-23],[-22,-26],[-13,-10],[-3,-3],[-3,-2],[-3,-3],[-3,-3],[-14,-9],[-6,-5],[-12,-11],[-9,-8],[-9,-9],[-6,-6],[-5,-7],[-14,-21],[-4,-7],[-1,-8],[1,-8],[5,-7],[7,-7],[11,-7],[34,-10],[8,-2],[4,-5],[3,-7],[1,-7],[0,-5],[-2,-5],[-2,-6],[-7,-14],[-12,-25],[-3,-8],[-5,-12],[-2,-10],[-1,-7],[0,-7],[-8,-1],[-71,-8],[-37,11],[-51,34],[-38,26],[-62,14],[-68,-25],[-34,5],[-42,22],[21,51],[-5,32],[-20,56],[-13,6],[-95,39],[-48,19],[28,75],[22,20],[10,29],[5,14],[-16,14],[-78,-11],[-18,14],[-15,38],[-72,48],[-28,-6],[-17,19],[80,124],[-47,24],[-59,-16],[-10,45],[-6,26],[-28,-13],[-9,-33],[-1,-11],[-2,-64],[-20,-8],[2,-51],[34,-38],[1,-26],[-41,-94],[-35,-40],[-66,-17],[-53,-43],[-71,9],[-25,-25],[-3,-12],[-16,-52],[-22,-3],[-24,-2],[-75,-44],[-52,-8],[-24,-20],[-93,-2],[-32,13],[-88,-89],[11,-18],[50,-89],[-3,-12],[-79,-68],[2,-7],[7,-47],[-15,-6],[-58,-25],[-17,-7],[-23,14],[-36,24],[-40,-22],[-14,-5],[-21,-6],[-37,-11],[-78,-25],[-130,2],[-30,-19],[-31,-22],[-37,-26],[-40,-63],[-5,-7],[-28,1],[-25,-52],[-33,-43],[-2,-39],[22,-15],[26,-18],[23,-37],[13,-29],[0,-31],[-31,-36],[-9,-27],[-40,-24],[-8,-28],[-28,-16],[-27,-23],[-36,-8],[-31,-17],[-25,-33],[-29,8],[-44,-58],[-13,-29],[-34,-11],[-17,-25],[-12,-43],[-20,3],[-120,-85],[5,-30],[11,-33],[3,-11],[16,-68],[4,-20],[38,4],[10,-32],[16,-53],[-36,-24],[3,-27],[-25,-20],[-6,-15],[-18,-46],[22,-14],[-10,-26],[6,-24],[23,-24],[16,-17],[58,-107],[33,-37],[115,-71],[68,-35],[96,-71],[20,-31],[34,-52],[6,-44],[39,-39],[54,-18],[9,-43],[26,-12],[14,-31],[52,-41],[129,-41],[54,-43],[-6,-12],[-1,-10],[-3,-7],[-4,-5],[-7,-4],[-39,-15],[-7,-5],[-6,-6],[-6,-6],[-3,-3],[-5,-6],[-4,-7],[-9,-15],[-2,-2],[-9,-17],[-7,-16],[-8,-16],[-5,-14],[-1,-2],[2,-38],[0,-9],[0,-5],[-1,-5],[-10,-19],[-3,-7],[-5,-6],[-5,-6],[-5,-5],[-10,-5],[-8,-11],[-3,-6],[-2,-5],[-2,-3],[-1,-3],[1,-7],[7,-32],[1,-2],[1,-2],[1,-6],[-1,-7],[-7,-27],[-1,-5],[-1,-8],[-2,-5],[1,-8],[9,-141],[2,-9],[1,-12],[4,-9],[13,-23],[4,-4],[2,-3],[6,-8],[1,-4],[2,-5],[2,-9],[-1,-8],[-2,-9],[-3,-15],[-1,-15],[1,-14],[2,-12],[4,-14],[6,-11],[9,-12],[11,-13],[14,-17],[4,-5],[3,-4],[0,-5],[0,-5],[-3,-6],[-22,-32],[-2,-2],[-4,-4],[-2,-6],[-20,-61],[-2,-8],[-1,-7],[-3,-40],[0,-10],[1,-9],[0,-8],[2,-8],[4,-8],[26,-52],[3,-6],[0,-6],[-1,-5],[-10,-15],[-5,-7],[-4,-8],[0,-8],[0,-8],[3,-10],[15,-40],[3,-15],[-1,-9],[-1,-7],[-1,-11],[-1,-15],[3,-12],[6,-7],[11,-6],[7,-2],[7,-1],[7,-2],[6,-4],[6,-5],[15,-17],[-14,-12],[-5,-5],[-8,-4],[-10,-3],[-12,1],[-17,5],[-34,11],[-8,1],[-7,-1],[-2,-5],[0,-5],[2,-7],[2,-4],[-10,-20],[-49,46],[4,56],[-9,96],[-117,219],[-9,6],[-27,30],[-40,64],[-27,19],[-36,37],[-42,44],[-44,23],[-58,-24],[-18,-36],[-11,-9],[-73,-60],[-16,-42],[-71,-40],[-6,-27],[-29,-14],[-21,24],[-16,31],[-23,18],[-25,-12],[-21,-23],[-25,61],[-36,63],[-54,-3],[-51,18],[-16,31],[-31,-8],[-22,5],[0,2],[1,28],[0,20],[0,14],[-5,13],[-9,16],[-7,14],[-10,10],[-15,8],[-13,11],[-11,10],[-10,11],[-9,13],[-3,12],[-5,16],[-1,10],[1,10],[-67,18],[-38,5],[-19,-16],[-14,-13],[-102,-100],[-26,-26],[-8,-251],[-24,-127],[-33,1],[-38,-43],[-10,-13],[-26,1],[-32,2],[22,-29],[19,-19],[3,-38],[-11,-13],[-5,-5],[-9,-5],[-30,-17],[3,-8],[13,-41],[-16,-27],[35,-31],[11,-10],[24,-24],[-23,-63],[-17,-12],[-69,4],[-18,1],[-23,-47],[27,-9],[3,-71],[-30,-74],[24,-14],[61,81],[33,-28],[-60,-69],[50,-43],[-19,-30],[24,-26],[49,-54],[-21,-78],[-15,-29],[-41,-25],[-7,-4],[-23,-1],[-18,-27],[-10,-17],[-25,-2],[-53,-5],[-45,37],[-45,40],[-5,-15],[-5,-18],[-4,-8],[-6,-15],[-2,-14],[-1,-13],[-38,-22],[-33,-1],[-37,88],[-108,31],[-18,-6],[-71,12],[-50,-64],[-14,-67],[-64,-125],[-46,-52],[-24,-17],[-33,-22],[-28,-19],[-30,-36],[-10,-27],[9,-21],[6,-11],[3,-28],[-78,-70],[-17,-16],[-84,-2],[-30,0],[-30,0],[-24,-157],[-1,-101],[20,-69],[49,-89],[56,-77],[89,-86],[132,-135],[167,-117],[74,-38],[50,-90],[339,-439],[26,-27],[12,-12],[21,-21],[37,-32],[47,-32],[50,-28],[61,-37],[24,-12],[33,-16],[52,-32],[37,-34],[41,-56],[29,-43],[21,-35],[6,-10],[17,-33],[3,-7],[12,-33],[7,-25],[2,-10],[6,-36],[0,-19],[-1,-18],[-4,-43],[-1,-15],[1,-13],[1,-11],[2,-12],[2,-12],[5,-21],[5,-18],[27,-102],[3,-11],[6,-21],[7,-50],[3,-30],[3,-20],[0,-6],[4,-34],[1,-15],[6,-62],[10,-71],[7,-54],[10,-41],[3,-12],[5,-15],[10,-23],[6,-14],[23,-40],[7,-12],[8,-14],[5,-9],[46,-98],[121,-88],[161,-31],[90,4],[67,13],[155,16],[91,21],[61,9],[86,9],[47,5],[11,2],[89,6],[51,1],[46,-2],[27,-1],[7,0],[9,0],[0,-3],[4,-4],[3,-2],[3,-2],[8,-3],[22,-8],[28,2],[16,1],[7,2],[8,2],[11,3],[11,4],[9,5],[1,1],[27,12],[70,7],[91,38],[93,24],[177,26],[158,83],[192,129],[91,54],[251,133],[46,34],[372,282],[47,34],[60,35],[6,2],[67,26],[97,37],[72,16],[75,9],[138,11],[183,14],[39,7],[47,12],[39,12],[145,73],[95,49],[54,35],[56,43],[93,87],[22,23],[25,22],[72,53],[30,14],[293,161],[147,35],[122,29],[123,52],[111,59],[59,31],[57,31],[96,42],[86,36],[103,30],[95,11],[65,-8],[28,-2],[23,-2],[46,-5],[16,-1],[19,-3],[35,-4],[104,-20],[91,-30],[70,-22],[64,-16],[72,-10],[56,-3],[72,-6],[57,-13],[36,-15],[29,-13],[85,-49],[10,-5],[15,-8],[15,-8],[19,-10],[32,-38],[34,-41],[40,-44],[41,-43],[50,-53],[61,-66],[53,-58],[51,-59],[32,-36],[47,-53],[50,-63],[92,-158],[108,-204],[33,-62],[47,-61],[35,-51],[113,-115],[85,-81],[111,-105],[48,-64],[147,-191],[63,-81],[52,-83],[73,-137],[45,-93],[45,-99],[55,-147],[59,-161],[21,-65],[3,-38],[8,-198],[4,-36],[58,-222],[2,-16],[4,-18],[20,-73],[42,-133],[26,-84],[32,-109],[14,-77],[7,-57],[2,-83],[-8,-83],[-12,-75],[-22,-76],[-59,-117],[-16,-34],[-9,-21],[-2,-4],[-9,-21],[-9,-23],[-16,-42],[-14,-50],[-9,-37],[-12,-67],[-13,-94],[-5,-43],[-1,-31],[0,-26],[2,-36],[3,-41],[5,-42],[5,-29],[5,-30],[7,-36],[10,-44],[16,-58],[18,-67],[30,-56],[43,-75],[36,-62],[37,-56],[14,-19],[34,-49],[27,-21],[28,-17],[46,-11],[42,-5],[44,-5],[39,-9],[42,-18],[33,-19],[32,-25],[15,-11],[24,-22],[24,-27],[20,-26],[30,-46],[14,-33],[13,-36],[7,-38],[8,-41],[4,-38],[-2,-43],[-3,-42],[-10,-57],[-18,-75],[-49,-177],[-22,-80],[-11,-50],[-8,-40],[-2,-12],[-2,-12],[-4,-35],[-3,-41],[-1,-40],[1,-30],[1,-14],[0,-11],[10,-74],[21,-73],[25,-55],[27,-57],[37,-54],[5,-10],[11,-17],[89,-134],[7,-11],[44,-63],[29,-48],[40,-76],[32,-54],[15,-24],[20,-39],[2,-3],[36,-75],[48,-110],[39,-97],[35,-109],[12,-43],[20,-66],[18,-89],[8,-58],[1,-46],[1,-31],[4,-43],[6,-40],[11,-41],[25,-62],[22,-45],[30,-50],[26,-34],[35,-37],[26,-24],[36,-24],[53,-24],[61,-15],[51,-6],[61,-2],[72,0],[97,15],[90,23],[176,60],[32,9],[19,4],[14,1],[15,0],[24,-1],[21,-4],[22,-5],[26,-13],[14,-8],[14,-9],[12,-12],[24,-35],[6,-7],[17,-28],[3,-5],[11,-33],[7,-40],[5,-38],[0,-31],[-8,-46],[-14,-36],[-21,-34],[-124,-150],[-178,-215],[-57,-72],[-34,-53],[-17,-27],[-18,-35],[-29,-61],[-56,-138],[-10,-27],[-25,-65],[-22,-51],[-44,-91],[-26,-48],[-24,-36],[-28,-45],[-40,-42],[-42,-38],[-50,-40],[-55,-35],[-36,-20],[-32,-17],[-39,-19],[-39,-17],[-177,-51],[-140,-46],[-118,-41],[-113,-50],[-119,-72],[-115,-81],[-67,-59],[-35,-35],[-70,-58],[-34,-35],[-34,-44],[-29,-42],[-19,-44],[-15,-40],[-11,-38],[-6,-40],[-12,-226],[-1,-30],[0,-12],[0,-21],[0,-32],[-1,-36],[7,-55],[15,-49],[17,-54],[1,-5],[20,-58],[18,-62],[7,-25],[13,-46],[25,-76],[50,-99],[5,-11],[22,-40],[27,-50],[12,-27],[21,-89],[26,-107],[17,-104],[9,-65],[11,-77],[14,-90],[10,-55],[16,-63],[22,-90],[8,-36],[18,-83],[25,-95],[21,-65],[25,-66],[17,-39],[17,-37],[12,-23],[30,-23],[61,-142],[29,-53],[28,-33],[29,-35],[36,-35],[6,-5],[50,-45],[41,-40],[10,-8],[16,-18],[23,-29],[25,-38],[22,-41],[27,-52],[16,-48],[14,-45],[9,-50],[12,-55],[23,-70],[136,-372],[11,-47],[14,-70],[0,-19],[0,-42],[-7,-55],[-10,-46],[-4,-15],[-3,-11],[-2,-8],[-24,-54],[-42,-91],[-18,-34],[-1,-4],[-19,-44],[-1,-3],[-14,-50],[-10,-50],[-9,-41],[-5,-50],[-3,-69],[2,-72],[9,-68],[16,-79],[28,-75],[53,-108],[31,-68],[19,-56],[15,-39],[238,-1039],[13,-71],[26,-106],[2,-8],[16,-86],[10,-56],[7,-63],[12,-57],[12,-44],[17,-49],[25,-53],[33,-46],[44,-64],[53,-73],[77,-128],[30,-60],[31,-62],[43,-98],[15,-80],[-2,-20],[-2,-27],[-1,-5],[-2,-23],[-18,-55],[-27,-42],[-17,-16],[-32,-18],[-35,-15],[-74,-38],[-46,-24],[-35,-18],[-37,-39],[-16,-18],[-14,-26],[-12,-24],[-10,-29],[-6,-25],[-7,-37],[0,-29],[0,-30],[6,-31],[7,-30],[7,-25],[14,-31],[16,-31],[11,-16],[22,-27],[19,-18],[18,-17],[20,-17],[24,-16],[27,-13],[32,-13],[24,-8],[74,-14],[79,-5],[88,4],[58,7],[165,17],[108,-3],[70,-8],[64,-14],[59,-20],[34,-20],[32,-25],[32,-35],[22,-34],[23,-50],[15,-49],[7,-47],[2,-55],[-7,-52],[-11,-39],[-17,-52],[-54,-144],[-28,-88],[-34,-118],[-21,-90],[-23,-102],[-10,-60],[-5,-44],[-5,-47],[-3,-71],[0,-5],[3,-67],[-35,-62],[-61,-59],[-45,-45],[-145,-115],[-91,-74],[-77,-38],[-89,-83],[-28,-73],[-5,-17],[3,-81],[-6,-48],[3,-75],[17,-53],[32,-39],[92,-60],[30,2],[35,22],[41,33],[76,89],[34,50],[31,51],[49,90],[53,61],[44,46],[30,21],[54,23],[33,14],[8,-66],[9,-107],[0,-101],[-8,-130],[-21,-156],[-52,-233],[-30,-95],[-53,-129],[-50,-101],[-51,-90],[-54,-83],[-62,-85],[-82,-92],[-75,-75],[-64,-56],[-75,-65],[-60,-64],[-37,-42],[-35,-49],[-23,-36],[-28,-59],[-19,-57],[-14,-73],[-5,-61],[0,-45],[7,-47],[7,-41],[12,-41],[36,-71],[32,-40],[48,-41],[56,-26],[165,-59],[70,-30],[21,-12],[33,-22],[32,-27],[24,-23],[25,-28],[20,-28],[22,-32],[20,-36],[17,-37],[10,-39],[7,-31],[13,-60],[6,-47],[1,-52],[-3,-44],[-14,-44],[-18,-55],[-26,-46],[-31,-37],[-32,-28],[-31,-20],[-33,-15],[-39,-10],[-33,-9],[-34,-10],[-32,-13],[-26,-13],[-41,-24],[-32,-21],[-35,-26],[-42,-32],[-46,-45],[-36,-44],[-37,-54],[-56,-113],[-51,-101],[-44,-79],[-49,-72],[-52,-72],[-67,-78],[-77,-72],[-76,-57],[-19,-17],[-233,-177],[-105,-83],[-113,-98],[-57,-70],[-38,-52],[-42,-64],[-37,-71],[-27,-68],[-30,-90],[-22,-91],[-15,-84],[-9,-98],[-4,-96],[42,3],[18,8],[20,21],[13,24],[12,28],[11,31],[10,21],[15,20],[17,14],[24,13],[29,8],[32,5],[28,0],[60,-33],[15,-65],[11,-74],[-5,-34],[-35,-149],[-7,-31],[-68,-190],[-95,-160],[-121,-143],[-22,2],[-36,-260],[-17,-88],[-14,-55],[-21,-56],[-45,-106],[-135,-315],[-15,-47],[-9,-40],[-15,-121],[20,-110],[32,-90],[9,-22],[17,-54],[9,-61],[3,-55],[-18,-142],[-10,-74],[-66,-504],[-57,-407],[-39,-259],[-28,-173],[-14,-62],[-26,-111],[-61,-149],[-73,-134],[-9,-17],[-72,-121],[-68,-95],[-22,-29],[-15,-19],[-90,-114],[-119,-140],[-73,-120],[-61,-111],[-40,-77],[-32,-66],[-36,-82],[-48,-116],[-52,-139],[-45,-146],[-36,-151],[-27,-173],[-14,-145],[-12,-114],[-9,-90],[-8,-82],[-10,-67],[-17,-91],[-23,-105],[-25,-88],[-50,-157],[-28,-72],[-69,-165],[-32,-60],[-28,-50],[-42,-64],[-34,-46],[-45,-52],[-94,-97],[-42,-41],[-147,-150],[-103,-96],[-50,-50],[-103,-98],[-134,-128],[-43,-34],[-26,-21],[-47,-31],[-20,31],[-24,26],[-7,10],[-4,7],[-2,8],[-2,14],[-1,18],[-2,9],[-7,26],[-4,12],[-6,18],[-15,38],[-12,20],[-13,19],[-14,17],[-19,14],[-13,8],[-12,4],[-14,0],[-20,0],[-25,-3],[-23,-6],[-23,-7],[-14,-3],[-13,-5],[-14,-10],[-10,-10],[-5,-9],[-7,-8],[-12,-10],[-12,-10],[-7,-10],[-3,-10],[-5,-10],[-6,-6],[-18,-11],[-9,-6],[-5,-9],[-10,-32],[-3,-8],[-3,-3],[-6,-2],[-5,0],[-4,3],[-7,2],[-6,-2],[-7,-3],[-8,-2],[-7,-1],[-9,-5],[-8,-4],[-7,-5],[-8,-11],[-8,-11],[-5,-8],[-36,-40],[-4,-5],[-8,-7],[-4,-2],[-4,2],[-66,63],[-2,4],[-1,6],[2,9],[9,35],[4,9],[10,15],[9,15],[2,5],[1,19],[-22,19],[-5,8],[0,10],[2,12],[2,13],[0,10],[-3,6],[-7,6],[-1,6],[2,9],[6,7],[4,5],[0,6],[-3,4],[-6,6],[-10,10],[-13,8],[-15,2],[-15,-2],[-14,-4],[-15,-1],[-7,-7],[-5,-8],[-13,0],[-14,1],[-7,12],[-23,1],[-23,22],[4,10],[-24,17],[-36,-12],[-36,-16],[-7,21],[-57,18],[-47,5],[-31,2],[-35,-3],[3,-75],[-15,-5],[-13,2],[-13,6],[-8,9],[-4,14],[-11,8],[-10,7],[-9,-2],[-3,-12],[-2,-10],[-8,-3],[-6,11],[-10,8],[-10,2],[-13,-2],[-12,-2],[-11,5],[-5,7],[-2,9],[-10,11],[-11,0],[-5,-6],[-3,-10],[-6,-8],[-9,-2],[-9,5],[-6,5],[-13,9],[-13,1],[-7,-2],[-2,-6],[-6,-8],[-7,0],[-11,-2],[-7,-3],[-5,-11],[-9,-9],[-16,0],[-8,1],[-9,6],[-11,1],[-10,0],[-4,8],[-5,7],[-9,-1],[-7,-6],[-11,-3],[-13,1],[-14,4],[-13,8],[-10,10],[-11,5],[-9,5],[-5,2],[-9,-2],[-11,-4],[-13,-2],[-7,4],[-7,10],[-8,1],[-5,-6],[-6,-4],[-10,-2],[-5,5],[0,8],[-4,6],[-5,2],[-11,1],[-12,2],[-13,5],[-9,7],[-6,9],[-10,11],[-1,14],[-1,12],[-7,12],[-7,5],[-13,0],[-11,-10],[-9,-2],[-6,8],[0,12],[-6,7],[-9,3],[-4,13],[-1,14],[-6,7],[-12,3],[-11,-4],[-12,-13],[-8,-6],[-10,3],[-4,9],[-1,8],[-8,7],[-9,9],[-5,6],[-9,3],[-6,9],[-5,16],[-8,6],[-9,5],[-7,7],[1,8],[3,10],[-2,12],[-6,4],[-8,-3],[-5,-6],[-7,-9],[-8,-1],[-12,-3],[-7,-10],[-7,-8],[-9,-8],[-4,-3],[-8,1],[-6,7],[1,14],[-3,11],[-10,6],[-7,-3],[-5,-6],[-12,-1],[-3,9],[-3,14],[-8,6],[-9,8],[-10,3],[-6,-7],[0,-9],[-4,-6],[-9,0],[-5,8],[-5,9],[-9,3],[-11,0],[-12,0],[-7,-8],[-3,-4],[-11,-3],[-2,8],[-1,9],[-4,7],[-11,3],[-10,1],[-4,-6],[0,-10],[-4,-8],[-8,-3],[-7,7],[-3,12],[1,7],[2,7],[-1,9],[-7,5],[-9,5],[-7,7],[-1,10],[2,9],[-2,7],[-7,2],[-7,-3],[-12,-3],[-15,2],[-23,12],[-17,10],[-11,6],[-9,0],[-5,-5],[0,-9],[-3,-8],[-4,-4],[-4,-2],[-5,-3],[-10,-3],[-11,-1],[-11,2],[-6,10],[-4,10],[-6,3],[-8,-2],[-8,-3],[-12,0],[-11,3],[-7,-1],[-6,-3],[-12,-2],[-10,0],[-13,-1],[-10,5],[-7,8],[-8,6],[-11,1],[-5,6],[-1,10],[-7,6],[-9,0],[-2,-9],[0,-8],[-3,-7],[-9,-1],[-6,6],[-2,13],[-1,13],[4,13],[1,3],[0,9],[-7,12],[-9,7],[-10,7],[-6,11],[1,8],[-3,6],[-7,0],[-13,-3],[-13,1],[-6,6],[-1,10],[-3,8],[-9,-1],[-12,-2],[-13,0],[-12,-1],[-12,1],[-10,3],[-12,7],[-8,13],[-3,9],[-4,13],[-8,2],[-15,1],[-15,1],[-14,3],[-8,5],[-9,11],[-7,5],[-8,6],[-7,9],[-13,-1],[-6,-7],[-7,-10],[-8,-1],[-9,11],[0,7],[-1,15],[-2,11],[-3,5],[-8,0],[-12,8],[-2,14],[0,14],[-1,9],[-1,13],[-7,5],[-12,5],[-11,-3],[-14,-1],[-12,7],[-6,8],[2,9],[3,6],[-2,8],[-8,7],[-4,6],[1,8],[2,9],[3,11],[2,15],[0,21],[0,8],[0,7],[-3,13],[-6,14],[-5,11],[-1,13],[-1,12],[-9,5],[-14,5],[-13,3],[-11,9],[-8,10],[-12,10],[-11,1],[-15,0],[-13,7],[-10,10],[-10,14],[-1,3],[-7,12],[-10,12],[-5,16],[-2,19],[-2,16],[-8,12],[-6,3],[-6,-1],[-11,-3],[-9,8],[-7,11],[-4,12],[-2,14],[-7,13],[-9,14],[-13,14],[-11,16],[-10,9],[-8,6],[-8,2],[-6,1],[-10,-4],[-8,-6],[-7,-6],[-8,-2],[-11,0],[-10,6],[-5,8],[-1,9],[-4,7],[-8,1],[-7,-3],[-10,-2],[-10,2],[-7,4],[-1,6],[-1,8],[-1,10],[-6,7],[-5,0],[-9,-11],[-7,-3],[-12,-1],[-11,5],[-10,6],[-11,6],[-10,6],[-13,5],[-11,5],[-14,8],[-12,7],[-12,6],[-2,3],[3,9],[6,6],[2,9],[-8,8],[-10,7],[-10,2],[-8,-2],[-7,-6],[-9,2],[-1,8],[-2,8],[-5,5],[-11,0],[-11,-1],[-7,-5],[-7,-4],[-8,0],[-13,-1],[-9,1],[-14,-1],[-10,0],[-10,-1],[-12,-5],[-10,-4],[-9,-3],[-6,-1],[-8,0],[-7,7],[-5,10],[-7,3],[-9,1],[-10,13],[-2,12],[0,8],[3,10],[3,11],[-2,7],[-6,4],[-4,0],[-9,3],[-7,11],[-3,10],[-8,4],[-7,-6],[-2,-10],[0,-13],[-3,-7],[-4,-2],[-6,0],[-9,-1],[-10,1],[-10,4],[-10,3],[-5,5],[-10,5],[-10,1],[-11,9],[-7,10],[-2,10],[-1,15],[1,13],[3,6],[5,7],[3,9],[-1,12],[-5,12],[-10,7],[-8,6],[-7,8],[-5,9],[-1,10],[-8,6],[-8,0],[-9,-5],[-7,-5],[-4,-5],[-4,-10],[-5,-5],[-10,-2],[-7,5],[-9,9],[-5,7],[-3,7],[-2,7],[-8,7],[-7,1],[-9,3],[-6,8],[-14,6],[-9,3],[-8,0],[-10,-1],[-8,6],[-10,8],[-3,7],[-3,7],[-3,15],[-9,9],[-8,0],[-7,-3],[-11,-1],[-12,2],[-13,1],[-8,1],[-4,5],[-11,20],[-15,1],[-12,0],[-14,-2],[-13,-10],[-18,-3],[-12,-5],[-12,-3],[-15,4],[-9,6],[-10,1],[-6,-12],[-2,-13],[-7,-6],[-11,3],[-9,-4],[-12,-8],[-9,-11],[-7,-10],[-11,-7],[-9,-10],[-17,-7],[-17,-3],[-17,0],[-12,8],[-10,4],[-11,8],[-11,17],[-11,7],[-10,-3],[-20,-8],[-13,-9],[-11,-1],[-8,4],[-4,13],[-1,64],[13,13],[-15,4],[-18,15],[-14,21],[15,13],[6,8],[1,17],[-5,17],[-19,41],[-7,15],[2,32],[-3,18],[-8,7],[-42,-18],[-26,8],[-15,19],[7,54],[2,16],[-15,63],[1,31],[-38,43],[-36,2],[-32,-1],[-5,2],[-60,3],[9,58],[-45,37],[-21,2],[-9,1],[-48,29],[-24,5],[10,45],[-41,18],[2,13],[-37,3],[16,63],[-6,21],[1,39],[-6,41],[-8,20],[-43,-15],[3,-16],[-38,-8],[-11,62],[-25,20],[-17,6],[-36,22],[-51,13],[-18,0],[-14,-44],[8,-54],[-5,-22],[-20,-41],[-20,-41],[-42,-60],[-18,-97],[-20,-33],[-16,-55],[-7,-13],[-21,-7],[-21,-7],[-37,-54],[-9,-7],[-19,-14],[-22,0],[-24,-8],[-22,-16],[1,20],[5,18],[7,8],[-13,16],[-12,-1],[-13,19],[-3,13],[-14,16],[-6,22],[5,28],[-28,-2],[-20,-1],[-26,-2],[-6,-9],[-29,3],[-19,5],[-16,-12],[-8,5],[-6,10],[-4,11],[-10,6],[-17,2],[-16,6],[-15,9],[-12,1],[-15,2],[-13,9],[-22,10],[-20,7],[-17,10],[-11,15],[-9,15],[-16,22],[-11,5],[-14,-1],[-13,-6],[-9,-14],[-4,-7],[-15,-14],[-42,-39],[-25,-12],[-31,-4],[-5,-53],[-12,-21],[-14,-16],[-9,-7],[-14,-7],[-14,-8],[-4,-6],[-26,-43],[-22,-14],[-8,-21],[-7,-20],[-27,-29],[-11,-43],[-32,-61],[-16,-27],[-11,-36],[-23,-7],[-17,8],[-44,21],[-23,18],[-22,18],[-59,2],[-20,6],[-30,9],[-12,18],[-31,54],[-8,104],[-2,25],[-1,16],[-30,55],[-31,-34],[-43,-11],[-35,18],[6,50],[-30,26],[-75,28],[-32,28],[-53,0],[-49,0],[-77,125],[-4,32],[-48,25],[-48,24],[-16,8],[-15,18],[-38,7],[-15,6],[-12,16],[-18,22],[-24,31],[-23,108],[-15,25],[-39,16],[-30,5],[-39,16],[-43,36],[-11,6],[-22,11],[-23,13],[-23,12],[-17,11],[-37,15],[-22,-69],[-19,-78],[-10,0],[-12,-26],[-29,-29],[4,-20],[-22,-25],[-46,15],[-29,-1],[-69,-3],[-29,-29],[-37,-29],[-34,-57],[-73,-141],[5,-28],[-22,-59],[-69,-40],[-75,-26],[-60,-2],[-18,1],[-6,6],[-22,22],[-25,25],[-19,18],[-19,6],[-23,-5],[-39,-30],[-18,-13],[-10,2],[-35,10],[-65,18],[-57,-76],[-9,-19],[-21,-9],[-18,3],[-45,-6],[-4,19],[-8,74],[0,15],[0,38],[0,44],[3,31],[6,22],[-13,61],[1,44],[0,22],[-76,-19],[-32,-29],[-31,-42],[-13,-49],[-17,1],[-12,1],[-16,10],[-31,34],[-5,18],[-4,17],[-5,6],[-24,-1],[-10,0],[-35,-10],[-16,-10],[-15,-10],[-38,-8],[-29,-7],[-31,97],[-15,20],[-85,26],[-49,-34],[-18,23],[-9,13],[-10,25],[-30,-35],[-17,-45],[-14,-38],[86,-72],[5,-69],[-28,-8],[-33,-9],[-34,-9],[-50,4],[-38,3],[-27,3],[-30,-28],[-54,20],[-81,-106],[-1,-13],[-28,-8],[-24,4],[-8,3],[-71,35],[-110,54],[-64,31],[-167,67],[-23,9],[-126,48],[-175,66],[25,117]],[[84544,39801],[-1,155],[-1,13],[-35,60],[0,0],[2,17],[0,0],[6,47],[2,45],[-1,18],[-13,58],[9,37],[-27,29],[-111,13],[-50,5],[-1,0],[-174,138],[-45,54],[-30,37],[0,0],[0,0],[-88,62],[-1,1],[0,0],[-23,-1],[-5,0],[-61,-13],[-155,-33],[-128,-26],[-68,-14],[-118,-25],[-25,2],[-73,13],[-3,1],[-7,5],[-78,59],[-54,42],[-105,73],[-92,83],[-73,85],[-84,80],[37,90],[0,0],[-161,22],[8,85],[6,73],[0,0],[0,0],[-6,11],[0,0],[-14,39],[-35,0],[-20,8],[-12,23],[4,17],[-12,7],[0,0],[-2,5],[-1,2],[-5,12],[-2,4],[-27,58],[-19,69],[6,56],[0,0],[0,0],[-20,76],[0,0],[-22,74],[-46,111],[-13,32],[-68,47],[-108,-1],[-1,0],[-33,118],[0,0],[0,0],[0,0],[-45,95],[0,15],[-17,34],[-14,58],[-31,69],[0,0],[0,0],[-16,26],[0,0],[-22,12],[-44,10],[-59,13],[0,0],[-8,78],[-1,2],[5,35],[6,44],[3,27],[95,-30],[0,0],[0,0],[17,23],[2,4],[6,8],[0,0],[0,0],[-16,17],[-5,11],[-4,9],[1,1],[19,37],[23,45],[16,23],[2,2],[1,1],[61,78],[0,0],[0,0],[17,13],[50,24],[2,30],[1,21],[6,79],[-159,34],[-25,-16],[-2,-1],[-8,26],[-4,16],[-9,29],[-28,100],[0,1],[-4,40],[-8,78],[23,110],[0,0],[4,28],[-1,24],[-1,0],[0,5],[-27,-7],[-21,-6],[0,9],[-4,0],[-1,5],[-4,0],[-149,4],[0,0],[0,0],[-88,-32],[-85,-6],[-32,-12],[-58,-26],[-19,-42],[-9,-20],[-13,-19],[-63,-47],[0,0],[-30,-15],[-36,7],[-7,19],[-5,16],[0,0],[0,0],[-9,25],[-7,12],[-9,11],[-14,28],[-10,12],[-43,17],[0,0],[0,0],[-7,4],[-7,4],[0,0],[-35,26],[0,0],[-6,3],[-9,6],[-1,0],[-16,0],[-19,-11],[-32,-31],[0,0],[-11,-20],[-1,-1],[-33,-45],[0,0],[-16,-13],[-4,-3],[-4,-3],[-13,-8],[-28,-6],[-20,-1],[0,1],[-45,13],[-11,8],[-8,6],[-10,17],[-1,14],[0,0],[5,34],[-3,15],[1,14],[8,9],[62,23],[56,37],[0,0],[1,1],[4,4],[12,13],[9,19],[3,18],[0,21],[-3,22],[0,2],[0,0],[-8,23],[-2,5],[0,0],[-22,41],[-9,10],[-20,7],[-4,2],[-1,0],[-25,25],[-6,13],[0,14],[-6,27],[0,16],[4,16],[10,12],[3,3],[17,12],[9,4],[8,4],[27,4],[21,22],[0,0],[0,0],[30,16],[31,22],[0,0],[0,0],[7,14],[7,14],[0,0],[1,9],[1,8],[0,0],[-23,-6],[-327,-82],[-267,-69],[-110,-28],[-231,-59],[-88,-24],[-80,-21],[-18,-3],[-27,-5],[-114,-42],[-111,-41],[-13,-7],[-5,-3],[-7,-4],[1,-8],[0,0],[0,-15],[0,-8],[-1,-14],[-2,-14],[-1,-8],[0,-18],[0,-1],[1,-5],[2,-12],[0,-9],[0,-17],[-2,-17],[0,-3],[11,-76],[4,-16],[1,-2],[6,-13],[40,-43],[3,-6],[1,-2],[1,-4],[1,-10],[-2,-10],[0,0]],[[58155,74037],[-9,8],[-5,-10],[-8,8],[-11,3],[-12,-7],[-1,-9],[-23,-6],[-10,6],[-13,-2],[-50,53],[-12,31],[-17,16],[-20,40],[-32,23],[-14,-1],[-29,28],[0,6],[-14,3],[-14,15],[-13,-1],[-2,-4],[-17,0],[-2,1],[-5,-1],[-6,1],[-5,4],[-32,1],[-2,7],[-6,-6],[-34,-1],[-17,-7],[-8,-3],[-4,4],[2,59],[10,13],[14,34],[8,71],[4,13],[9,25],[5,36],[2,6],[3,4],[5,6],[26,0],[0,10],[1,43],[3,11],[3,13],[75,70],[1,0],[0,0],[51,18],[3,2],[2,1],[14,11],[0,0],[-11,8],[-2,-2],[-15,30],[-8,5],[-3,-6],[-11,7],[-12,1],[-7,12],[-5,-1],[0,7],[-15,-1],[-24,49],[-23,28],[-7,11],[-15,10],[-3,0],[-2,1],[-8,5],[-15,-1],[-3,16],[0,3],[0,3],[7,18],[25,41],[12,34],[51,96],[-10,49],[-160,120],[-2,1],[-144,112],[-25,0],[0,0],[-1,0],[-3,0],[-8,0],[-6,3],[-4,-3],[-2,0],[-22,-16],[-4,-2],[-5,-4],[-14,-10],[-20,-3],[-42,0],[-4,-1],[0,1],[-1,0],[0,-1],[-12,0],[-2,2],[-1,8],[-10,-1],[-1,0],[-15,15],[-6,-1],[-67,42],[-3,1],[-1,1],[-28,12],[-13,-2],[-12,-2],[-5,0],[-74,-34],[3,-8],[-3,-61],[1,-5],[-5,-14],[23,-129],[2,-23],[1,-39],[-4,-28],[-20,-39],[-8,-46],[-2,-43],[1,-5],[1,-4],[2,-12],[-2,1],[-22,12],[-7,-3],[-46,16],[0,0],[-3,4],[-39,-3],[-17,-18],[-5,1],[0,-6],[-8,0],[-18,-31],[-11,-12],[-20,-16],[-30,-23],[-6,-3],[-16,-7],[-19,-8],[-2,1],[0,1],[-13,9],[-12,-5],[-81,18],[-6,2],[-30,26],[-89,53],[-64,22],[-16,6],[-2,-3],[-8,3],[-36,30],[-55,25],[-49,37],[-36,43],[-3,1],[-2,2],[-22,19],[-28,26],[-12,16],[-15,28],[-12,23],[-2,65],[-4,100],[0,2],[0,2],[-7,63],[0,3],[-30,110],[-3,6],[-5,18],[-25,124],[-12,59],[-3,-1],[0,1],[-46,-11],[-28,-20],[-27,-10],[-18,-6],[-2,-1],[-5,-4],[-10,-19],[-38,-23],[-29,-28],[-4,-2],[-2,-1],[-54,-19],[-6,-1],[-114,-61],[-55,-15],[-193,-10],[-65,-4],[-233,-13],[-18,0],[-6,-5],[-22,-47],[-20,-18],[-57,7],[-25,-14],[10,-43],[-2,-204],[-5,-31],[-34,-84],[-3,-17],[25,6],[20,-87],[48,-89],[2,-9],[-13,-27],[-18,-19],[-28,-14],[-15,0],[-3,-2],[-2,4],[-80,-62],[0,0],[0,0],[11,-19],[-1,-9],[44,-23],[-11,-30],[-7,-42],[5,-46],[4,-15],[11,-93],[0,-5],[-48,-117],[-1,-2],[23,-146],[11,-49],[14,-41],[1,-3],[-6,-3],[-23,-9],[-88,3],[-12,-4],[-4,-8],[-1,-1],[5,-15],[-71,-33],[-41,-2],[-15,4],[-30,-5],[-30,2],[-14,-5],[1,-3],[1,-2],[0,0],[-114,-57],[-36,-7],[-2,4],[-21,-9],[-18,-7],[-29,-6],[-11,-3],[-22,-19],[-103,-67],[-16,-8],[-36,-26],[-19,-13],[-23,-14],[-51,9],[0,0],[-3,1],[-1,0],[-52,-37],[-13,-30],[-3,-4],[-55,-38],[-33,-23],[-32,-18],[-14,-13],[-18,-13],[-15,-8],[-4,-8],[-94,-117],[1,-64],[-5,-33],[5,-117],[-6,-29],[-10,-48],[3,-63],[-46,-58],[-6,-19],[-24,-66],[-17,-36],[-17,-70],[-33,-94],[15,-152],[-2,-57],[6,-62],[-3,-51],[-2,-21],[-4,-16],[-5,-14],[-35,-38],[-30,-21],[-8,-11],[-3,-11],[-1,0],[-3,11],[0,9],[-20,-4],[-39,-9],[-106,-44],[-85,-50],[-4,-3],[-2,-1],[1,-14],[-2,-30],[-44,-51],[0,0],[-1,-1],[-10,-5],[-58,-29],[-11,-2],[-39,-77],[-9,-25],[-10,-28],[-1,-5],[-1,-2],[-2,-5],[-3,-15],[-5,-21],[-1,-14],[-1,-7],[0,-5],[-2,-23],[3,-15],[0,-1],[-2,-4],[-30,-48],[-5,-28],[-2,-4],[-3,-3],[25,-34],[6,1],[1,-6],[7,0],[19,-85],[13,-1],[7,0],[33,-17],[2,0],[1,2],[11,7],[2,-7],[39,-45],[6,-9],[13,-21],[24,-38],[21,-22],[3,-5],[9,-36],[35,-98],[-44,-20],[16,-36],[0,-12],[0,-1],[-18,-14],[-2,2],[-34,-22],[1,-8],[-3,-2],[-34,-7],[1,-13],[-16,-19],[-2,-2],[3,-6],[5,-26],[-3,-1],[4,-6],[0,-3],[-23,-29],[-5,-1],[-24,-15],[-39,-46],[-28,-22],[1,-7],[10,-9],[2,-5],[0,0],[-5,-7],[14,-11],[11,-23],[-7,-35],[4,-12],[9,-12],[7,-31],[1,-5],[9,-25],[-3,-10],[14,-41],[-114,-40],[1,-4],[-3,-1],[6,-12],[2,-19],[-38,-16],[-1,0],[17,-102],[-32,-11],[-16,-11],[-54,-42],[-64,-44],[-2,-2],[-5,1],[-2,0],[-7,-14],[-21,-19],[-5,8],[0,10],[-10,3],[0,9],[-10,-6],[-21,0],[2,-9],[-5,-3],[-20,-5],[-18,1],[-40,-10],[-24,-15],[8,-20],[-6,-7],[-18,-17],[-38,-24],[-1,-1],[15,-30],[-42,0],[-1,-2],[-31,3],[-2,2],[-1,-2],[-26,1],[-1,1],[-2,1],[-3,-4],[-28,-14],[-1,-1],[-1,1],[-6,-7],[-14,-12],[-22,-14],[-14,-16],[-1,-1],[-1,-1],[2,-5],[6,-45],[0,-1],[-1,0],[9,-49],[2,-10],[19,-69],[20,-42],[-11,-14],[-21,-9],[3,-7],[6,-45],[0,0],[-2,-1],[15,-21],[1,-33],[-18,-32],[3,-20],[33,-72],[15,-30],[19,-8],[50,-38],[11,-13],[70,-134],[6,-14],[1,0],[1,-2],[83,8],[23,-19],[16,-15],[10,-6],[2,-1],[-16,-17],[-3,-13],[2,-10],[-1,-1],[-6,-55],[2,-12],[-2,-54],[12,-9],[-6,-25],[-10,-27],[-2,-3],[-3,1],[-14,-47],[-3,-5],[-60,-78],[-7,6],[-17,-38],[-30,-39],[-7,-5],[-18,0],[-6,1],[-22,3],[-58,-26],[-10,1],[-65,-47],[2,-9],[2,-5],[-3,-10],[-11,-24],[-18,1],[-33,8],[-11,-6],[-14,1],[-4,3],[-36,2],[-15,-14],[-33,-47],[7,-26],[-15,-59],[-6,-12],[17,-53],[5,-5],[-5,-28],[-8,-13],[5,-3],[-1,-6],[3,-5],[0,-1],[-8,-7],[-8,-7],[-11,-9],[-37,-29],[-7,4],[-40,17],[-20,9],[-35,-13],[-1,0],[-13,-1],[-7,8],[-72,82],[-74,-53],[-13,-7],[2,-36],[5,-15],[-3,-16],[-33,-8],[-8,-3],[-20,-5],[-12,-3],[-21,-6],[-4,-1],[-16,20],[-6,-5],[-17,21],[-2,-2],[0,1],[-14,6],[-36,15],[-60,-40],[-36,-22],[12,-43],[27,-54],[-34,-22],[-2,4],[-27,-22],[4,-10],[12,-60],[0,0],[-1,-2],[2,-15],[-3,-4],[10,-16],[0,-1],[-19,-26],[-31,-26],[-7,-11],[-5,-8],[-6,-9],[2,-4],[0,-1],[-3,-7],[-3,-13],[-10,-8],[17,-111],[26,13],[-2,-29],[8,-24],[2,-3],[-16,-6],[-10,-3],[37,-97],[6,-32],[11,-63],[5,-24],[-36,-1],[-2,-11],[-1,-5],[-7,-1],[0,-14],[-37,-2],[2,-9],[-14,-102],[2,-2],[-2,-1],[8,-12],[4,-7],[3,-10],[6,-15],[-15,-2],[-21,0],[-16,-7],[-34,-5],[-32,5],[-5,0],[1,-11],[-8,-1],[6,-15],[-1,-16],[-4,-40],[5,-15],[2,-10],[-3,-3],[-2,-2],[-3,-8],[-3,-9],[1,-11],[2,-1],[-25,-114],[-8,-6],[4,-5],[1,-13],[-1,-11],[1,-46],[-3,-32],[-2,-6],[-5,-28],[-8,-10],[-5,-35],[-4,-4],[8,-1],[55,-48],[-6,-12],[-38,-21],[-149,-88],[-87,-80],[-1,-1],[0,-1],[-27,-35],[-1,-1],[0,0],[0,-1],[-6,-13],[-2,-2],[2,-4],[8,-41],[-5,-3],[-12,-3],[-16,-11],[-6,-7],[-30,-18],[-6,-2],[-44,-26],[-2,-6],[13,-26],[1,-10],[-1,-12],[-1,-5],[-11,-10],[-5,-4],[-11,-6],[-23,-24],[-20,-49],[-6,-13],[3,-6],[7,-22],[-14,-31],[-3,-6],[0,0],[-1,-3],[14,-7],[39,-29],[19,-25],[18,5],[24,-1],[12,-1],[42,-26],[21,-3],[0,0],[3,-7],[-1,-8],[4,-1],[1,-8],[14,-19],[-2,-3],[7,-11],[39,-24],[6,-4],[27,-7],[18,0],[1,5],[3,0],[18,-5],[25,-15],[3,-5],[1,-1],[-1,-2],[14,-24],[3,0],[3,-5],[5,-1],[2,-6],[50,-6],[57,-32],[27,-1],[4,-6],[11,7],[14,-9],[14,-22],[22,-10],[24,0],[3,3],[7,0],[0,-1],[0,-5],[6,-10],[1,-1],[4,-11],[10,-33],[12,-13],[26,-11],[33,-4],[38,-13],[9,-13],[-4,-2],[3,-19],[-5,-23],[6,-14],[5,1],[3,-18],[15,-12],[4,-4],[5,-11],[9,-3],[5,-10],[32,-22],[8,-13],[3,-12],[0,-7],[2,-21],[-1,-5],[-12,-46],[0,-2],[-1,-1],[-4,-3],[-21,20],[-19,22],[-20,3],[-19,-35],[2,-14],[6,-10],[1,-8],[11,-17],[43,-24],[32,-19],[5,-7],[1,-3],[-3,-15],[-15,-16],[0,0],[-45,11],[-8,2],[-23,0],[-17,-6],[-2,-9],[0,0],[-15,-25],[-1,-1],[0,-2],[-3,-4],[-8,-21],[-7,-37],[0,-7],[-7,-32],[-10,-16],[-13,10],[-30,121],[-9,16],[-19,15],[-21,6],[-7,-9],[-2,-16],[-1,-2],[-10,-28],[-15,-25],[-27,-14],[-32,-2],[-29,9],[-16,22],[-3,15],[-45,58],[-19,7],[-21,7],[-25,-23],[-4,-4],[-15,-15],[0,-15],[-5,-9],[-1,-13],[-1,-2],[-2,-21],[-1,-9],[-10,-25],[-2,-4],[8,-27],[26,-16],[22,-20],[17,-53],[-4,-22],[-8,-19],[-26,-47],[-2,-19],[6,-8],[2,-19],[7,-10],[0,-1],[0,0],[3,-3],[18,-18],[4,-28],[9,-19],[11,-7],[27,-22],[16,-22],[1,-21],[-1,-1],[-20,-12],[-12,-1],[-22,1],[-7,4],[-8,10],[-34,7],[-20,-22],[-28,-24],[-8,-10],[-7,-2],[-14,-12],[-22,6],[-19,0],[-14,-6],[-3,-1],[-11,-5],[-7,-7],[-3,-15],[5,-37],[20,-17],[6,4],[6,0],[20,-17],[12,2],[3,-2],[17,5],[1,1],[17,1],[8,-3],[23,8],[5,1],[4,0],[18,-6],[14,-20],[39,-54],[4,-16],[3,-10],[-6,-70],[-3,-6],[-2,-2],[-9,-11],[-20,-13],[-13,-6],[-27,-1],[-16,8],[-11,21],[-2,10],[-14,31],[-21,1],[-21,-9],[-16,-26],[4,-19],[-2,-32],[1,-6],[-2,-7],[2,-15],[3,-44],[5,-9],[4,-16],[16,-17],[7,-21],[-6,-30],[-15,-18],[-26,-9],[-2,-1],[-36,8],[-30,25],[-23,-4],[-28,-18],[-3,-12],[-7,-35],[-8,-19],[-5,-12],[6,-19],[-1,-12],[0,-2],[-5,-39],[-8,-19],[80,-69],[15,-52],[23,-58],[8,-60],[12,-27],[21,-27],[-2,-28],[-6,-9],[-6,-9],[-70,-61],[0,-13],[10,-45],[29,-69],[10,-44],[13,-12],[1,-2],[1,-4],[46,-9],[25,-4],[-1,-20],[-1,-11],[-3,-8],[2,-5],[-2,-6],[-6,-20],[6,-13],[-15,-7],[0,-1],[1,-40],[0,-29],[1,-22],[-1,0],[1,-2],[0,-1],[7,-39],[-2,-19],[6,-1],[1,-7],[0,-1],[-7,-20],[11,-16],[34,-282],[11,-7],[-7,-16],[0,0],[0,-1],[-1,-2],[2,-61],[-2,-26],[4,0],[14,-24],[0,0],[0,0],[17,-30],[1,-8],[3,1],[1,-2],[11,5],[72,31],[24,10],[0,1],[22,9],[25,-1],[0,0],[1,0],[4,0],[31,6],[44,21],[13,7],[9,-12],[3,6],[21,-11],[8,-16],[9,4],[27,31],[12,5],[13,2],[30,2],[4,0],[2,-2],[1,0],[6,-7],[10,-17],[25,-21],[16,-13],[16,-13],[11,25],[1,3],[7,3],[17,22],[27,42],[4,25],[21,12],[8,2],[2,-2],[9,2],[12,2],[10,1],[6,-6],[22,-25],[11,-31],[21,-60],[22,-70],[-27,-70],[-3,-17],[5,-23],[3,-4],[42,-64],[4,-11],[34,-39],[14,-19],[18,-30],[9,-56],[4,-30],[1,-8],[5,-31],[9,-10],[54,-30],[9,-7],[1,0],[5,-6],[13,-29],[11,-27],[9,-19],[30,-65],[3,-14],[9,-97],[8,-23],[0,-2],[0,-21],[15,-54],[3,0],[28,-2],[82,-98],[5,-33],[8,-101],[14,-65],[5,-31],[3,-26],[0,-7],[34,-9],[12,-9],[1,-61],[-1,-8],[26,-24],[19,-33],[16,-4],[0,-1],[2,0],[9,4],[39,14],[27,10],[10,-3],[21,-15],[7,-5],[3,-9],[5,-19],[18,-29],[9,-24],[-17,-54],[-18,-58],[-1,-2],[4,-5],[13,-30],[4,-9],[10,-23],[-37,-22],[-40,-40],[-14,-11],[21,-175],[-17,-29],[-30,-16],[0,-2],[-1,-1],[-1,0],[13,-50],[19,-49],[-1,-2],[-1,-3],[-9,-14],[5,-37],[-1,-5],[-21,-14],[-19,-13],[0,-1],[-3,-2],[12,-42],[18,-31],[2,-5],[1,0],[2,-3],[28,4],[60,26],[1,0],[2,0],[53,-14],[4,3],[0,8],[10,3],[3,-6],[36,-11],[5,-19],[2,-8],[-1,-3],[2,-3],[1,-1],[1,-1],[16,-19],[34,-26],[32,-7],[28,3],[1,1],[2,0],[122,94],[5,2],[48,9],[12,9],[4,1],[4,1],[29,26],[7,6],[35,31],[0,0],[1,1],[1,1],[6,5],[5,-4],[15,-17],[10,-11],[65,19],[2,-1],[8,-9],[5,-1],[10,-7],[3,-9],[38,-48],[9,-15],[-1,-5],[13,-10],[0,0],[1,-10],[-1,-19],[7,-30],[50,0],[29,7],[0,-1],[1,-1],[0,-34],[-3,-2],[-2,-6],[7,-31],[21,-44],[-43,-22],[2,-3],[10,-38],[0,-12],[21,-18],[34,-18],[64,-50],[17,-35],[14,-8],[2,-3],[2,-3],[5,-8],[-3,-2],[15,-20],[9,-11],[34,-31],[-83,-114],[-45,-91],[-32,-54],[-83,-84],[-10,-6],[-13,2],[-1,0],[-18,-34],[-1,-5],[-24,-45],[-18,-36],[-19,-4],[-10,-2],[-11,-31],[-6,-16],[16,-16],[2,-2],[1,-2],[1,-20],[-5,-9],[-16,-23],[-9,-22],[-15,-28],[-16,-22],[16,-8],[4,-29],[-8,-6],[3,-18],[0,-1],[-8,-6],[-20,-58],[-3,-19],[0,-1],[0,-1],[6,-29],[-9,-26],[0,-20],[-9,-16],[11,-45],[52,-114],[0,0],[12,-10],[25,-20],[48,6],[65,-66],[45,4],[9,1],[12,-6],[7,2],[8,-12],[6,-4],[6,3],[30,-27],[23,-8],[4,-3],[-2,-44],[2,0],[5,-2],[10,-2],[23,12],[7,-3],[2,-3],[0,-2],[0,0],[0,-13],[-1,-1],[-7,-15],[2,-12],[7,-12],[24,-25],[12,2],[3,14],[-2,5],[-3,9],[7,25],[1,3],[39,26],[8,-2],[-1,-4],[2,-18],[1,-12],[10,-12],[10,-12],[2,-19],[11,-17],[-1,-7],[-3,-8],[1,-8],[11,-14],[3,-4],[19,4],[5,45],[16,22],[7,5],[6,0],[8,-5],[3,-2],[2,-12],[14,-21],[2,-8],[1,-7],[9,-15],[24,-16],[14,4],[3,5],[7,11],[4,7],[-2,7],[5,17],[11,18],[7,2],[5,-5],[2,-14],[4,-2],[7,-10],[-9,-9],[-18,-18],[-4,-4],[-2,-12],[5,-7],[-1,-17],[7,-26],[6,-4],[5,-4],[17,6],[10,18],[15,3],[8,13],[45,14],[4,-1],[13,-17],[7,-16],[5,-1],[0,0],[8,-41],[11,-25],[0,-1],[-53,-13],[-48,-32],[0,-2],[-23,-74],[-11,-37],[1,-3],[25,-60],[10,-16],[5,-7],[-34,-21],[-3,-10],[-4,-2],[-7,-19],[-3,-21],[0,-3],[-7,-22],[-2,0],[-3,-12],[12,-1],[7,-2],[0,-4],[-7,-23],[-3,-35],[5,-44],[3,-29],[-2,-6],[0,0],[-6,-31],[0,-1],[3,-7],[9,-5],[15,1],[6,-1],[1,-37],[0,-79],[3,-12],[0,-4],[19,-38],[1,-1],[0,-1],[7,-5],[30,-27],[3,-3],[-17,-14],[-15,-13],[-48,-66],[-9,-7],[-13,-10],[-34,-25],[-17,-13],[-24,45],[-5,0],[-6,3],[-31,11],[-45,-1],[-7,-1],[-1,1],[-82,-38],[-13,-4],[-5,-21],[-8,-17],[-3,-2],[-17,-10],[-9,0],[-12,-12],[0,-1],[-2,-6],[-18,-58],[-1,-1],[3,-3],[47,-62],[0,0],[7,-22],[0,-2],[9,-28],[-1,-1],[-7,-9],[-9,-14],[-13,-7],[-6,-3],[-12,-18],[-8,-2],[-5,-9],[-2,-2],[-5,2],[-2,-9],[-4,-3],[-12,-7],[2,-4],[-6,-9],[-7,5],[-1,-5],[-1,-1],[-7,-9],[-3,0],[-2,-1],[1,-15],[0,0],[-2,-4],[-2,-5],[-15,-16],[-39,-57],[-15,-31],[-1,-5],[0,-1],[-3,-14],[-5,-18],[-1,-116],[1,-12],[-2,-6],[4,-8],[6,-16],[18,-16],[-3,-13],[3,0],[0,0],[1,-6],[0,-13],[-6,-10],[-17,-20],[10,-33],[-7,-15],[7,-8],[0,-18],[0,0],[-4,-27],[-6,-5],[1,-4],[-24,-15],[-5,-4],[-2,4],[-13,-14],[-57,-39],[-71,-17],[-3,-3],[-1,0],[-2,-4],[-76,-80],[-70,-59],[-41,-29],[-10,-2],[-32,-17],[-66,-47],[-8,-16],[1,-3],[-14,-39],[0,0],[-1,-1],[1,-4],[8,-67],[4,-31],[5,-72],[11,-35],[11,-58],[0,-19],[9,2],[83,-18],[25,-11],[38,-2],[12,-2],[46,23],[4,-1],[10,-12],[6,9],[19,-4],[3,6],[5,7],[12,17],[-4,4],[19,21],[-4,4],[-4,5],[10,11],[25,27],[22,-29],[10,12],[2,0],[23,-49],[8,-30],[1,-15],[8,-20],[4,-9],[15,-55],[-2,-5],[-49,-13],[-3,-3],[-3,-1],[-12,-8],[-14,-11],[-7,-14],[-3,-7],[-25,-26],[0,0],[-7,-7],[18,-6],[34,-22],[1,0],[2,-1],[41,-1],[8,-13],[0,-3],[-14,-44],[-24,-31],[0,0],[-3,-3],[15,-18],[23,-26],[14,-33],[-40,-13],[-26,-18],[0,0],[-14,11],[-10,-12],[1,-6],[-38,-43],[-37,-39],[-13,7],[-10,-3],[-13,6],[-12,-20],[-2,-13],[6,-26],[1,-63],[-9,-9],[-8,-6],[-17,-5],[-13,-4],[-4,-1],[-23,2],[-22,-9],[-2,-3],[-39,-19],[-2,-1],[-15,-1],[-9,-23],[-20,-45],[0,-1],[-4,4],[-34,-24],[-18,-10],[-13,-1],[-9,-17],[-25,-22],[-17,-8],[-14,8],[10,-19],[15,-17],[17,-19],[6,-16],[-4,-3],[7,-11],[4,-25],[-2,-2],[4,-9],[0,-3],[1,-5],[-1,-1],[-2,-6],[1,-9],[1,-2],[-1,-1],[-19,-5],[-11,-20],[-14,-9],[1,-3],[-26,-19],[0,-1],[-1,0],[2,-18],[-4,-26],[-73,-8],[-39,-13],[-24,-16],[-58,-35],[-12,-3],[-40,-25],[-23,47],[-5,19],[-7,6],[-11,-5],[-11,-12],[-10,-11],[-1,-1],[-1,-2],[-8,-11],[-9,-17],[-8,-11],[-5,-4],[-11,-3],[0,0],[-7,2],[-24,-22],[3,-18],[-1,-4],[-6,-12],[6,-13],[-1,-3],[-18,-17]],[[52537,55413],[-11,-24],[-5,-1],[-27,36],[-19,26],[-63,-24],[-10,19],[-17,31],[-2,4],[-5,11],[-4,7],[-42,27],[-12,-3],[-46,-12],[-53,-15],[-107,40],[-45,22],[-70,86],[-15,19],[-4,5],[-3,4],[-11,15],[-21,59],[-2,6],[-2,3],[-12,2],[-35,4],[-2,3],[-10,14],[-26,35],[-2,-1],[-33,-25],[-29,53],[-46,83],[-4,1],[-15,2],[-29,5],[-15,-4],[-9,-2],[-16,-11],[-15,-9],[-54,-35],[-45,-12],[-34,18],[-9,4],[-17,-3],[-3,-1],[-16,-17],[19,-83],[-54,-41],[-12,-24],[14,-19],[0,-6],[-5,-78],[0,-1],[4,-5],[11,-12],[6,-8],[3,-3],[-5,-126],[-28,-78],[26,-105],[-22,9],[-135,-104],[-166,-29],[-2,28],[-2,21],[-39,71],[-67,68],[35,35],[-69,-32],[-60,-27],[-24,16],[-14,10],[-30,-43],[0,-45],[-1,-10],[-11,-24],[-30,-28],[-8,-6],[-2,0],[0,0],[-12,3],[-44,13],[-40,-31],[-23,44],[-107,-53],[-4,4],[-3,3],[-9,8],[-8,7],[-9,8],[-34,-23],[-27,6],[-19,4],[-5,5],[-31,31],[2,51],[-134,82],[-12,32],[-2,5],[-1,4],[-2,4],[-2,1],[-12,2],[-3,0],[-3,1],[-141,-21],[1,34],[0,20],[0,20],[-4,3],[-22,16],[-11,9],[-130,-9],[-28,-1],[-18,-2],[-7,0],[-28,43],[-20,30],[-31,48],[-5,6],[-72,34],[-4,-7],[-1,-1],[-41,-56],[-26,-10],[-3,-2],[-79,-31],[-17,30],[-68,-38],[-54,15],[-12,3],[-4,2],[11,-109],[-1,-1],[-2,-1],[-6,-3],[-5,-3],[-40,-20],[-88,-46],[-4,-1],[-3,-2],[-3,-13],[-13,-53],[-64,-30],[40,-70],[-68,-25],[-35,-37],[-48,-50],[-77,-107],[-65,-149],[-5,-28],[4,-4],[2,-3],[5,-6],[54,-64],[30,-157],[-25,-64],[-44,-112],[-23,-36],[-57,-85],[-7,-33],[-2,-7],[-1,-7],[-5,-19],[-7,-34],[-3,-11],[-8,-37],[-30,15],[-39,19],[-29,25],[-29,26],[-1,14],[0,6],[-1,18],[-2,32],[-2,47],[-42,29],[19,74],[1,5],[-15,20],[-51,64],[-96,122],[-40,24],[-1,0],[-16,-15],[-21,-21],[-41,23],[-217,119],[-44,45],[-10,10],[-51,-4],[-18,-2],[-6,-9],[-35,-56],[-19,1],[-4,1],[-47,42],[-6,6],[-1,1],[-69,63],[-12,-9],[-35,-24],[-41,-29],[-33,-23],[-28,-36],[-37,-48],[-23,-130],[-7,-44],[-3,-17],[-42,-69],[-27,-8],[-84,-27],[-34,-41],[0,0],[-1,0],[-12,-10],[-13,-11],[-9,-7],[-2,-1],[-3,-1],[-244,-101],[-195,-57],[-51,-15],[-4,-2],[-29,-8],[-142,18],[-71,9],[-22,-3],[-72,-11],[-33,-45],[-2,-2],[-5,-7],[-31,-42],[-1,-47],[0,-38],[-23,-49],[-71,-76],[-67,-11],[-64,36],[-41,24],[-13,87],[-2,14],[2,20],[12,117],[8,76],[-134,91],[-6,10],[-15,26],[-18,-19],[-3,-3],[-17,5],[-5,2],[-13,62],[-1,6],[-51,31],[-23,14],[3,8],[6,14],[-36,13],[-5,18],[-3,8],[67,40],[0,-1],[8,-16],[56,49],[7,6],[5,12],[23,53],[22,11],[16,8],[14,47],[13,43],[32,1],[83,3],[-11,78],[-10,76],[-10,72],[16,106],[-4,24],[-12,59],[-54,49],[-118,108],[-118,143],[-3,2],[-7,4],[-4,3],[-93,55],[-21,60],[14,4],[55,19],[26,27],[10,9],[14,73],[2,10],[18,38],[9,20],[80,170],[44,94],[-115,9],[-67,6],[-69,39],[-82,46],[-10,45],[-7,31],[-63,280],[-52,150],[-20,60],[-1,5],[-7,80],[24,46],[14,25],[0,0],[-82,169],[-132,64],[-20,41],[-20,40],[-28,57],[-44,87],[-16,33],[-5,10],[-62,41],[-95,17],[-74,160],[-1,3],[-4,8],[-19,15],[-4,2],[-7,6],[-5,4],[-17,13],[-5,4],[-3,1],[-9,8],[-9,6]],[[45027,57650],[-10,4],[-203,77],[-19,19],[-4,4],[-82,81],[-17,17],[-65,-22],[-86,21],[-45,-11],[-20,74],[-16,19],[-39,28],[-42,-3],[-83,126],[-50,13],[-21,5],[-41,-17],[-34,-74],[-12,-46],[-5,-116],[-2,-41],[-12,-31],[-7,-19],[-25,-40],[-17,-27],[-24,-2],[32,-55],[-115,-27],[-51,36],[-11,8],[-14,-2],[-34,-5],[-23,-15],[-8,-5],[-32,-21],[-22,-38],[-4,-7],[-18,-14],[-24,21],[-11,10],[-70,-86],[-44,-13],[-13,23],[-18,191],[-46,62],[-57,150],[0,163],[26,60],[28,66],[12,83],[54,53],[44,80],[71,129],[-7,52],[257,197],[1,53],[-63,114],[-172,187],[-83,125],[-30,22],[-30,21],[-40,72],[-11,21],[-239,155],[-94,158],[-48,6],[-16,25],[-61,95],[-18,3],[-8,108],[-175,197],[-61,42],[-82,-56],[-120,-22],[-103,-186],[-102,-77],[-22,-2],[-2,84],[-16,17],[-96,13],[-86,51],[-48,-2],[-195,-109],[-56,51],[-148,220],[-23,5],[-52,-67],[-41,-51],[-3,-4],[-70,-12],[6,51],[-82,45],[-67,-29],[-144,4],[-230,-39],[-3,-1],[-27,29],[-3,4],[-5,75],[-1,14],[-8,107],[37,222],[-9,143],[-68,109],[-96,86],[-40,10],[-27,7],[-45,-128],[-106,-154],[-19,37],[-3,7],[-12,24],[-19,37],[-15,31],[-115,-20],[-68,17],[-63,-36],[-10,133],[-39,26],[31,308],[-113,278],[1,86],[-27,49],[-360,636],[-54,126],[-101,73],[-33,-76],[-38,-33],[-96,6],[-112,-49],[-165,27],[-1,16],[-6,96],[-24,45],[-248,100],[-21,1],[-51,3],[-111,51],[-99,82],[-281,163],[-116,91],[-26,77],[3,24],[8,58],[-81,129],[-20,73],[-65,30],[-10,25],[29,38],[-7,81],[-8,24],[-45,21],[-24,4],[-168,-29],[-91,20],[-39,32],[-142,14],[-32,-99],[-21,-6],[-70,-20],[-75,69],[-17,51],[-172,-93],[-60,-191],[-21,-67],[-10,54],[-63,15],[-114,-96],[-16,-99],[-10,2],[-202,57],[-37,-34],[-209,-65],[-90,34],[-32,78],[-64,-19],[-96,19],[-40,-30],[-115,141],[-91,29],[-96,2],[11,-125],[-159,-7],[-67,81],[-112,45],[128,117],[12,107],[58,48],[49,268],[0,5],[0,28],[0,9],[0,58],[2,2],[65,68],[2,2],[111,53],[18,81],[-69,52],[-71,54],[0,15],[0,59],[1,24],[0,8],[1,72],[0,84],[-44,64],[42,51],[-34,224],[-12,18],[-148,-18],[-19,-3],[4,76],[5,87],[-40,70],[-62,152],[-5,341],[-48,121],[44,-64],[15,-23],[44,-23],[73,6],[77,68],[-22,106],[10,56],[67,183],[38,34],[47,-10],[7,19],[2,6],[-5,26],[-33,105],[53,127],[34,75],[47,65],[16,81],[128,76],[19,18],[23,49],[-3,28],[-35,73],[-145,-19],[-12,9],[19,82],[15,21],[45,21],[97,-2],[65,116],[-167,241],[9,167],[-90,88],[-96,93],[-13,8],[-19,13],[-159,105],[-17,20],[-82,206],[-66,243],[-40,71],[-19,19],[-113,52],[-24,0],[-160,-56],[-43,66],[-116,21],[-128,83],[-119,6],[-190,121],[-88,5],[-8,0],[0,14],[-14,351],[92,227],[-39,134],[2,28],[43,26],[70,-14],[73,9],[21,14],[18,19],[74,141],[45,22],[103,191],[-42,92],[-5,27],[-2,57],[5,73],[0,9],[86,261],[1,27],[-71,114],[7,47],[12,90],[69,68],[-44,128],[64,83],[64,37],[16,21],[30,107],[37,30],[68,12],[92,90],[13,55],[1,106],[1,29],[-13,82],[-39,26],[-109,-8],[-54,45],[-45,100],[46,159],[-4,28],[-40,64],[-94,14],[-38,33],[-10,23],[52,105],[-15,19],[58,41],[191,14],[7,0],[42,3],[25,91],[7,28],[11,40],[45,160],[-3,11],[-35,172],[96,10],[11,43],[-83,233],[-76,54],[12,14],[8,11],[26,32],[47,9],[102,77],[27,73],[18,23],[10,12],[133,-57],[42,-70],[-23,-134],[122,-133],[88,-34],[20,72],[36,129],[3,8],[-34,41],[-95,26],[-4,24],[37,105],[6,85],[54,128],[-9,76],[-15,44],[-6,15],[-78,220],[-2,7],[-1,3],[9,24],[17,50],[42,116],[4,14],[125,77],[1,57],[1,29],[0,8],[0,20],[114,-27],[38,44],[6,8],[70,81],[66,20],[30,78],[-26,76],[-14,20],[-122,-6],[-56,16],[-55,17],[2,6],[17,73],[-20,54],[-9,26],[-18,50],[12,51],[-13,8],[-20,13],[16,54],[-18,22],[-17,22],[-10,12],[-6,7],[-23,9],[-58,-14],[-22,-5],[-14,-4],[-44,13],[-8,-4],[-51,-28],[-20,-11],[-69,-1],[-99,-2],[-50,-1],[-99,52],[-63,-23],[-36,25],[-23,-10],[-21,-10],[-5,1],[-65,8],[-16,2],[-23,81],[-123,173],[10,185],[3,58],[-5,0],[-20,0],[-2,-4],[-8,-14],[-308,-522],[-148,-115],[-5,-4],[-179,-140],[-10,-7],[-107,-83],[-136,-52],[-19,-11],[-39,-24],[-57,-35],[-54,-34],[3,-79],[-116,-395],[-144,20],[26,-52],[3,-5],[19,-37],[5,-10],[34,-67],[-1,-10],[-2,-12],[-7,-48],[-3,-18],[-10,-62],[-1,-7],[-1,-8],[-164,-92],[-48,-27],[-339,-191],[-69,-38],[-39,-98],[-6,-15],[-5,-10],[-167,-27],[-37,-33],[-4,-10],[-16,-34],[-82,-182],[-4,-10],[-28,-61],[-4,-8],[-37,-83],[-62,-216],[1,-114],[-53,-94],[-87,-51],[-4,-55],[60,-72],[53,-211],[97,1],[85,55],[2,-125],[47,-77],[-70,-138],[-11,-48],[21,-148],[-82,-163],[-19,-109],[-59,-178],[-42,-54],[39,-69],[-24,-135],[3,-194],[46,-93],[-62,-116],[34,-97],[-3,-80],[132,-176],[6,-7],[-14,-23],[-47,8],[-11,-5],[-33,-16],[-91,34],[-113,-31],[-107,54],[-71,-12],[-10,-16],[-40,-71],[-97,-7],[-46,-15],[-176,-89],[-47,4],[-34,-38],[-69,-8],[-73,-66],[-67,16],[-128,-44],[-258,-26],[-112,13],[-24,3],[-48,6],[-159,-66],[-117,-22],[-101,-74],[-42,-28],[3,-103],[-27,-76],[-37,-33],[-106,-111],[-125,-34],[-78,-22],[-93,-1],[-111,31],[-35,-88],[-86,-96],[-19,-21],[-15,-16],[-28,-32],[10,-50],[-109,-181],[-20,-109],[-108,14],[-42,-30],[-74,-111],[-115,22],[-107,20],[-62,12],[-162,-78],[-96,52],[-614,-336],[-100,140],[-94,-7],[-24,-2],[-16,11],[-263,178],[-53,-9],[-204,71],[-33,-11],[-10,-3],[-26,-9],[-72,11],[-59,-41],[-22,10],[-9,19],[-13,27],[-26,16],[-70,44],[-51,109],[-21,-38],[-134,-58],[-83,18],[-34,7],[-46,10],[-239,-11],[-27,45],[-54,93],[-4,5],[-46,57],[-47,59],[-67,84],[-20,15],[-118,-25],[-84,14],[-111,72],[-54,36],[-54,82],[-19,17],[-23,-2],[-27,-43],[-10,-6],[-161,-104],[-15,-5],[-102,-26],[-18,7],[-19,6],[-43,16],[-19,-7],[-26,-9],[-16,4],[-49,14],[-74,-5],[-36,-3],[-37,29],[-47,-7],[-85,-41],[-143,-4],[-80,-53],[-58,-9],[-25,-4],[-77,-11],[-17,-30],[-17,-28],[-14,-24],[-108,-31],[-3,0],[-92,5],[-36,35],[-52,-45],[-116,-21],[-71,22],[-42,-18],[-68,12],[-124,-55],[-28,-41],[-24,34],[-20,28],[21,80],[-2,136],[8,13],[6,9],[25,42],[-24,79],[-67,21],[-31,42],[-76,39],[-33,18],[-118,18],[-36,58],[-42,71],[-2,2],[-4,6],[-10,14],[-53,7],[-39,4],[-60,-40],[-61,8],[-147,-51],[-41,67],[-67,-20],[-13,-4],[-86,94],[20,8],[49,19],[52,123],[19,17],[94,26],[54,90],[45,162],[53,59],[6,25],[-21,169],[-15,21],[-45,18],[-32,-22],[-44,-32],[-141,113],[25,62],[-3,8],[-6,17],[-46,9],[-37,-25],[-12,18],[53,58],[-68,35],[-14,7],[-14,24],[-45,76],[-6,9],[-18,70],[4,75],[4,64],[28,77],[35,63],[4,6],[23,42],[22,38],[13,24],[14,24],[8,16],[2,13],[8,65],[77,46],[57,209],[35,31],[114,241],[24,45],[23,4],[13,-28],[9,-18],[112,-20],[76,-43],[139,56],[49,62],[49,-2],[22,35],[67,-36],[25,45],[-5,45],[5,11],[60,128],[7,2],[50,14],[78,24],[12,3],[19,6],[157,83],[82,77],[89,84],[78,204],[-17,67],[-4,18],[-5,20],[-36,141],[-37,73],[-4,57],[-5,56],[-2,1],[-67,15],[-55,55],[-14,22],[-50,187],[-65,71],[-68,-22],[-61,84],[-14,20],[-21,51],[1,27],[25,26],[81,85],[-5,7],[-27,27],[-142,34],[-13,22],[3,10],[3,11],[9,32],[106,191],[-19,46],[15,139],[-16,36],[-2,4],[-10,21],[-13,30],[-4,9],[-30,69],[-23,52],[42,133],[7,23],[-2,2],[-68,73],[-41,-7],[-272,-50],[-362,62],[-18,-8],[-27,-190],[-33,-25],[-168,14],[-23,8],[-94,43],[-3,2],[-45,21],[-40,18],[-61,83],[-44,15],[84,172],[41,46],[28,32],[-1,76],[0,34],[48,188],[153,182],[68,22],[58,88],[26,98],[2,10],[-10,82],[2,158],[-118,39],[0,20],[52,187],[89,119],[1,28],[2,113],[20,52],[-3,11],[-21,82],[-4,12],[65,-17],[0,19],[6,237],[1,55],[-103,119],[-38,44],[5,105],[-31,96],[45,-16],[63,36],[15,3],[137,26],[9,2],[-5,26],[58,46],[60,6],[10,23],[-16,21],[-39,-6],[35,26],[8,15],[10,18],[27,48],[12,23],[88,158],[8,15],[20,109],[125,135],[78,128],[4,6],[66,-14],[10,9],[4,4],[19,17],[23,-3],[70,-7],[1,5],[3,10],[27,91],[103,70],[24,47],[7,12],[7,13],[35,39],[70,78],[25,108],[7,28],[1,28],[-26,80],[-14,24],[-62,45],[-23,87],[-20,75],[-78,159],[-19,39],[-67,49],[-7,5],[-46,16],[-7,-22],[-36,11],[-6,2],[-62,-23],[-7,-2],[-3,1],[-137,45],[-3,-1],[-85,-22],[-6,-2],[-68,31],[-14,20],[-34,71],[12,25],[4,10],[5,12],[10,142],[-135,22],[6,103],[-97,24],[-21,-1],[-34,-130],[-69,-1],[-32,-1],[-18,0],[27,-38],[-2,-21],[-1,-28],[-3,-45],[-3,-18],[-4,-3],[-68,-64],[-23,-48],[-3,-29],[17,-52],[29,-4],[40,-6],[65,-41],[97,-9],[1,-7],[15,-101],[71,-76],[-13,-199],[-42,-7],[-29,-78],[-193,-18],[-47,23],[-46,22],[-30,15],[-7,3],[-159,-60],[-24,72],[32,19],[29,17],[5,86],[-9,27],[-4,13],[-13,38],[-53,45],[25,48],[1,12],[12,182],[-148,-3],[-68,-30],[-42,132],[54,89],[13,135],[6,61],[-55,363],[-48,50],[-24,25],[-12,53],[20,14],[-24,49],[-18,7],[-53,-59],[-67,-8],[-12,27],[-4,10],[-11,24],[-44,99],[-5,10],[-45,103],[-76,68],[-20,18],[-37,-25],[-39,17],[-117,-37],[-95,-86],[-45,10],[-3,38],[15,49],[-24,276],[-47,43],[-64,57],[-24,21],[-59,95],[-2,3],[-10,17],[-21,80],[-159,51],[-12,81],[-22,18],[-8,6],[2,13],[14,96],[-216,34],[-87,98],[-71,137],[23,48],[-10,41],[-5,20],[-14,57],[-30,5],[-2,0],[-11,43],[-9,37],[-53,55],[9,50],[-24,6],[-47,11],[-40,-64],[-69,-2],[-36,-102],[34,-39],[-125,-76],[-44,16],[-45,-21],[-69,10],[-33,-73],[-100,23],[-21,-10],[-79,-66],[9,-16],[-24,-38],[13,-24],[-23,-43],[-43,-12],[-38,72],[-87,33],[-32,39],[-16,-15],[-23,48],[-18,-5],[-23,-135],[-5,-7],[-59,-78],[-21,12],[40,60],[-29,36],[30,107],[-19,92],[-214,-146],[-72,-49],[-73,-51],[-70,-47],[-76,-53],[-335,-229],[-60,-37],[-60,-37],[-52,-33],[-21,-12],[-2,3],[-9,14],[-10,15],[-52,-56],[-67,6],[-17,-19],[-33,26],[-25,21],[-96,-28],[-92,-27],[-1,12],[-3,38],[64,31],[-13,49],[14,151],[-49,3],[-13,24],[5,19],[40,12],[-16,109],[-64,-40],[-7,-28],[-45,-24],[-20,15],[-67,-31],[-39,6],[-34,4],[-172,111],[-10,66],[-68,-35],[20,94],[-25,80],[-2,3],[-73,107],[-112,58],[-55,15],[-88,23],[-31,-40],[-89,-22],[-90,40],[-24,2],[-23,-9],[5,-139],[-42,-101],[-186,-33],[63,153],[-27,109],[-153,85],[-30,-96],[-88,-45],[-159,28],[-89,43],[-16,-1],[-126,-9],[-54,-54],[-45,-15],[-68,60],[-57,-156],[-21,10],[-78,35],[-42,-8],[-24,-5],[-2,24],[-118,35],[-37,-24],[-1,-1],[18,-61],[-68,17],[-4,-28],[-40,-10],[-10,-12],[-1,-55],[-43,-63],[-35,-14],[60,-61],[-42,-28],[-14,-24],[-27,-45],[16,-28],[19,-37],[14,2],[5,1],[12,3],[-17,-14],[-32,-25],[-4,-3],[4,-85],[-13,-80],[-64,2],[-6,-77],[-5,-64],[4,-56],[41,-69],[-19,-52],[10,-53],[-59,-110],[14,-49],[48,-44],[-19,-53],[-40,2],[-3,-28],[-114,54],[-23,44],[6,94],[-27,48],[-122,80],[-40,-4],[-15,-16],[24,-153],[1,-3],[4,-10],[85,-45],[30,-107],[-26,-39],[6,-44],[60,-43],[-163,-56],[-22,27],[-20,27],[-5,13],[-35,87],[-81,106],[-18,18],[-64,39],[-20,-9],[-18,18],[-8,26],[4,28],[24,35],[-18,18],[-173,101],[-1,10],[0,5],[3,-1],[87,-28],[30,32],[3,-45],[22,-6],[20,82],[-10,24],[-71,23],[-31,58],[-42,14],[-1,18],[-6,59],[-81,37],[2,47],[-31,29],[-4,56],[-48,0],[-36,66],[70,176],[-97,111],[-44,18],[-13,79],[-71,5],[3,52],[23,6],[17,48],[-2,324],[-7,56],[-40,101],[-47,13],[-73,73],[1,76],[14,22],[-10,73],[72,67],[53,96],[9,16],[-6,25],[28,69],[23,3],[-14,19],[20,56],[21,61],[5,15],[28,15],[4,2],[8,5],[20,37],[4,8],[-1,8],[-5,46],[-14,107],[6,126],[1,4],[1,33],[6,56],[11,16],[2,3],[15,22],[-18,51],[-18,50],[5,65],[1,10],[5,64],[-11,45],[-46,182],[2,84],[33,34],[2,52],[-60,41],[-1,419],[12,48],[-31,65],[-4,9],[-66,29],[-72,112],[7,47],[-17,20],[32,70],[-7,24],[6,14],[2,3],[5,9],[43,69],[8,12],[-30,84],[-14,38],[-22,23],[-47,46],[-40,86],[-17,37],[-19,15],[-21,-13],[-54,49],[-66,-22],[-13,-36],[-20,16],[-55,86],[-47,74],[-84,193],[-15,34],[-10,40],[-23,88],[31,24],[-91,85],[-52,49],[-87,81],[-70,116],[-116,191],[-7,11],[-5,8],[-15,3],[-5,2],[-174,-134],[-71,-54],[-100,-17],[-22,-4],[-7,2],[-40,12],[-58,24],[-7,3],[-25,101],[-100,71],[8,58],[-57,50],[-22,11],[-132,-98],[-42,16],[-177,-26],[-77,-12],[-45,-61],[-44,-20],[-20,3],[-6,2],[-103,42],[-36,-20],[-18,-11],[-47,4],[-18,1],[-26,2],[-33,-15],[-26,-12],[-72,-89],[-90,-29],[-79,-55],[-97,-69],[-40,66],[0,4],[-22,130],[7,11],[21,34],[-9,22],[-43,106],[46,78],[87,148],[-10,24],[101,63],[72,76],[19,21],[28,30],[40,290],[28,71],[-36,33],[-95,30],[-50,60],[-33,14],[-44,20],[-9,26],[-21,6],[-43,11],[-4,0],[-27,-3],[-11,-1],[-24,-3],[-37,-11],[-11,-3],[-60,-39],[-115,88],[-45,-6],[-124,87],[-80,-25],[7,-48],[-7,-9],[-20,-23],[-23,-27],[-17,-53],[-80,-107],[-82,-62],[-69,-107],[6,-91],[1,-18],[-60,-140],[11,-46],[-25,-81],[-24,-17],[-28,-21],[-36,29],[-35,-8],[-22,40],[-40,-21],[-3,-2],[-21,96],[-58,-23],[-32,-48],[-68,-105],[-191,-70],[-44,12],[-124,-77],[-3,-13],[-9,-33],[-37,-7],[-11,-2],[-50,-6],[-92,-11],[-18,-40],[-8,-18],[-60,50],[-15,13],[-30,-42],[-62,-86],[-94,-47],[-18,-9],[-52,-53],[-45,19],[-59,61],[-2,3],[-23,23],[-6,45],[-10,61],[-71,73],[-22,46],[-32,69],[-44,16],[-395,144],[-42,-19],[-103,7],[-30,41],[9,102],[-19,41],[-31,-25],[-83,182],[-136,-1],[-126,39],[-61,43],[-30,20],[-97,67],[-34,-9],[-109,122],[6,79],[3,34],[-32,36],[-9,83],[-99,105],[43,177],[-22,106],[-28,140],[71,16],[-26,110],[-40,-2],[-52,96],[161,113],[-33,42],[-89,35],[-6,24],[3,55],[0,9],[8,158],[6,21],[48,5],[17,80],[-27,70],[-32,83],[-54,54],[4,123],[1,23],[4,103],[22,12],[-3,8],[-19,38],[7,20],[13,35],[28,74],[-84,39],[27,106],[-34,18],[-7,106],[-2,23],[-44,6],[-5,27],[-9,112],[-5,70],[-62,114],[-60,50],[2,40],[0,8],[-98,83],[12,26],[-58,46],[56,159],[6,16],[5,55],[-112,122],[-14,66],[-21,12],[-111,149],[86,193],[-2,22],[-4,61],[-68,63],[28,33],[-5,10],[-5,8],[-74,136],[-27,50],[28,106],[5,16],[-1,22],[-1,107],[-2,75],[174,151],[50,10],[43,9],[62,43],[47,-3],[36,36],[-85,94],[-43,144],[6,17],[3,10],[-27,22],[-29,24],[-6,15],[-29,78],[4,56],[5,3],[26,12],[31,14],[70,-19],[-44,143],[43,178],[-166,110],[-3,64],[0,4],[-42,78],[-11,21],[-33,63],[-10,19],[-4,3],[-7,5],[-3,2],[-4,3],[-33,-11],[-62,-20],[-49,0],[-5,4],[-14,11],[-17,11],[-72,-11],[-6,-2],[-44,-7],[-17,-3],[-78,-63],[-2,-1],[-21,-17],[-20,3],[-28,76],[-43,9],[-88,19],[-20,-27],[-23,-30],[-62,38],[16,12],[3,2],[41,29],[18,105],[-22,51],[-44,33],[-6,5],[-13,9],[-15,-15],[-93,23],[-29,28],[-21,21],[-37,36],[-36,35],[-8,8],[12,110],[76,73],[48,99],[0,55],[-39,57],[-7,9],[-44,22],[-20,42],[-83,31],[-41,130],[0,112],[-25,47],[-16,37],[-21,47],[-49,109],[-42,35],[7,3],[68,-30],[32,23],[38,84],[25,-37],[53,-49],[15,4],[10,-17],[16,18],[51,22],[66,40],[81,58],[46,26],[122,35],[40,50],[98,81],[19,-29],[21,13],[40,-12],[46,1],[18,-42],[28,-16],[88,-86],[31,-39],[51,-42],[11,-49],[133,32],[20,-46],[61,-61],[42,-22],[67,-54],[81,-18],[21,-18],[223,3],[87,38],[35,1],[87,-9],[-4,-59],[26,-7],[22,5],[7,-12],[47,22],[0,27],[45,65],[71,10],[79,46],[264,-442],[49,-68],[12,-2],[-24,-40],[27,-31],[-26,-22],[15,-40],[22,-19],[0,-21],[53,-42],[21,-30],[-55,-184],[-35,-65],[3,-29],[32,14],[29,-11],[119,-130],[11,-25],[18,6],[6,-23],[35,-2],[27,11],[13,-11],[22,15],[13,-25],[11,-20],[23,-12],[25,0],[21,-13],[32,12],[4,-60],[24,-4],[-2,-12],[41,-18],[142,-102],[5,50],[-3,90],[13,30],[28,27],[50,90],[-42,22],[2,16],[30,57],[61,80],[1,62],[19,21],[50,32],[64,14],[195,10],[59,32],[44,-3],[23,10],[10,13],[-5,15],[-25,15],[-15,18],[8,14],[37,-4],[29,6],[30,-1],[15,8],[1,18],[-29,25],[16,38],[10,53],[29,12],[20,48],[37,35],[-1,18],[-12,6],[-18,4],[12,48],[11,31],[-16,42],[4,18],[41,55],[33,19],[97,3],[109,-36],[52,1],[49,15],[38,21],[-8,26],[12,12],[31,11],[16,14],[17,6],[20,-23],[15,-2],[26,23],[16,30],[-35,45],[-8,26],[17,47],[-39,23],[-11,26],[13,41],[20,7],[14,-23],[16,-35],[50,-20],[34,11],[5,22],[-26,18],[-38,11],[-4,22],[16,25],[52,34],[63,-7],[18,-50],[38,16],[42,1],[30,32],[57,-12],[18,16],[2,23],[-27,24],[39,36],[41,72],[-9,22],[-48,18],[-11,19],[-2,64],[10,96],[11,24],[22,6],[12,-11],[-12,-89],[4,-22],[72,-50],[-20,-39],[14,-23],[-12,-58],[6,-10],[124,92],[49,-62],[100,-58],[58,63],[11,-24],[43,-22],[-59,-49],[-3,-18],[44,-18],[20,0],[23,9],[89,-14],[79,-32],[79,-3],[31,11],[29,28],[63,9],[18,-9],[70,-4],[23,14],[8,13],[46,7],[26,17],[91,28],[32,34],[89,51],[116,33],[59,-6],[52,-21],[21,-32],[-24,-62],[-25,-56],[12,-65],[162,-322],[-35,-14],[11,-67],[-1,-46],[-19,-94],[-7,-33],[4,-28],[-28,-21],[-53,-108],[13,-20],[1,-24],[47,-15],[36,1],[50,9],[38,18],[6,23],[72,15],[67,-10],[72,-142],[21,7],[16,-26],[49,-34],[56,25],[45,21],[31,-1],[11,11],[27,13],[67,-23],[50,9],[33,-27],[36,-2],[20,14],[28,2],[61,43],[38,36],[33,16],[88,-19],[63,15],[17,-15],[39,14],[16,-21],[22,-19],[32,-13],[7,-22],[-9,-18],[13,-54],[22,-18],[45,-46],[27,-44],[35,-20],[25,-38],[36,-9],[20,5],[71,-44],[37,38],[60,9],[74,-4],[13,40],[6,283],[24,115],[-14,63],[294,283],[1,63],[23,46],[-3,132],[95,-7],[42,25],[93,123],[-9,12],[19,42],[-41,18],[16,12],[-47,78],[138,102],[-36,49],[40,67],[11,49],[37,-28],[38,45],[41,-57],[67,85],[6,31],[43,-8],[39,15],[16,-2],[45,-43],[9,22],[78,86],[38,45],[10,20],[16,9],[17,22],[28,25],[39,41],[52,-48],[-2,-15],[-44,-53],[-9,-27],[0,-19],[-12,-30],[-6,-38],[13,-23],[20,13],[27,-15],[38,-27],[-54,-79],[32,-49],[7,-20],[13,-16],[18,1],[77,38],[115,46],[85,26],[18,-24],[70,2],[36,-12],[-3,37],[31,34],[27,55],[16,17],[21,-3],[13,9],[74,-19],[24,34],[14,35],[43,52],[66,35],[17,21],[15,14],[13,-49],[-5,-37],[-27,-73],[-34,-18],[-33,-53],[-9,-23],[0,-27],[34,-44],[41,-41],[17,-27],[-3,-25],[8,-34],[20,-37],[9,-31],[-3,-51],[14,-29],[22,-23],[18,-3],[45,-63],[17,2],[36,-35],[-6,-14],[37,-40],[6,-17],[1,-27],[21,-4],[18,-14],[1,-32],[-17,-13],[-1,-16],[62,-140],[20,13],[22,-25],[22,22],[58,26],[20,-19],[17,3],[25,-20],[47,24],[46,6],[14,-6],[74,30],[32,3],[59,12],[164,10],[48,-18],[33,30],[13,-30],[15,-112],[31,-52],[17,7],[90,-21],[39,-24],[34,-39],[104,34],[62,-60],[43,50],[52,79],[18,10],[35,1],[27,10],[61,84],[23,-9],[39,-32],[10,-1],[-6,28],[3,26],[11,-5],[13,-49],[20,8],[9,18],[-25,63],[-1,18],[8,27],[15,-13],[16,-59],[10,1],[7,20],[5,15],[14,12],[14,-35],[74,-61],[16,38],[14,-2],[42,-31],[43,43],[9,-6],[59,14],[55,58],[49,-25],[26,-10],[17,-14],[42,-45],[37,-83],[12,-19],[-14,-34],[19,-14],[25,-32],[18,-8],[22,-38],[-3,-9],[7,-22],[11,5],[35,-67],[12,3],[22,-50],[-111,-63],[22,-49],[32,-17],[-32,-96],[53,-22],[0,-14],[-14,-49],[-19,-23],[-7,-92],[-34,-89],[3,-24],[-14,-34],[-2,-40],[-10,-47],[-24,-50],[-8,-28],[-15,-39],[11,-30],[9,-49],[51,-16],[18,21],[26,14],[33,-54],[81,54],[0,-105],[22,-32],[16,3],[-7,-37],[36,-29],[39,-67],[25,-14],[19,-51],[57,-54],[-13,-29],[-35,-80],[-20,-91],[11,3],[32,-47],[25,5],[22,32],[-9,18],[12,12],[40,-31],[25,28],[14,-9],[53,35],[-2,-30],[24,-17],[7,21],[-9,21],[34,9],[0,45],[31,3],[33,-17],[-7,-35],[39,-21],[-18,-66],[24,-55],[78,36],[65,-41],[32,11],[34,36],[48,-6],[51,2],[66,-15],[24,-25],[43,-14],[46,19],[44,-12],[67,19],[105,23],[67,-65],[134,0],[55,-25],[81,0],[65,83],[30,63],[50,40],[17,31],[32,26],[-4,13],[44,37],[40,12],[47,23],[26,44],[29,-24],[31,11],[-9,-32],[19,-60],[18,-12],[21,-42],[18,-14],[40,37],[52,-27],[139,-14],[36,10],[96,98],[109,88],[68,54],[70,7],[42,-16],[63,-194],[22,-24],[154,367],[6,38],[29,46],[46,102],[11,-19],[19,-12],[66,11],[12,12],[65,10],[34,-3],[15,17],[31,40],[9,-12],[-22,-48],[89,-147],[43,34],[44,-32],[6,-18],[23,-17],[9,7],[21,-24],[26,13],[-54,60],[94,61],[18,50],[93,133],[-5,19],[9,6],[37,14],[-2,-40],[16,-30],[-15,-19],[12,-37],[18,16],[73,-17],[18,20],[45,15],[27,8],[38,35],[29,13],[74,35],[31,11],[32,-9],[7,-22],[12,70],[23,10],[3,26],[88,123],[-29,57],[10,52],[15,-2],[-4,20],[26,53],[73,-25],[40,7],[-15,-56],[87,-56],[11,40],[30,32],[53,12],[-14,17],[-18,-7],[-55,-7],[-14,38],[71,14],[7,-22],[53,-24],[23,-17],[21,-18],[4,-54],[21,-30],[20,-17],[50,-4],[18,-25],[64,-32],[15,-76],[15,-27],[19,-45],[20,-14],[37,-95],[33,-134],[33,-83],[21,30],[75,19],[56,-5],[73,5],[53,-5],[80,13],[45,12],[70,-24],[52,-31],[156,-163],[47,-31],[20,-23],[51,-28],[69,-20],[119,-152],[28,-51],[7,-53],[117,-46],[163,195],[100,158],[127,-55],[33,5],[-6,23],[77,19],[-8,-31],[68,-5],[83,-33],[25,5],[39,-25],[17,-26],[9,-36],[43,-45],[56,32],[37,26],[69,72],[64,36],[52,6],[34,26],[55,87],[-25,23],[-17,36],[-8,38],[3,40],[21,46],[9,33],[25,36],[4,24],[-9,31],[0,32],[5,25],[20,27],[5,36],[-4,12],[10,24],[1,44],[9,47],[43,-19],[20,-4],[2,56],[21,-36],[50,-12],[15,-3],[10,5],[59,-140],[13,-9],[26,99],[52,-51],[42,-8],[-6,-37],[8,10],[14,-9],[7,4],[-4,22],[7,14],[-80,131],[18,127],[12,-14],[1,39],[27,71],[-7,10],[-35,-66],[-63,-55],[-49,-33],[-25,10],[23,36],[-6,21],[5,29],[-25,88],[41,18],[22,-29],[22,8],[24,51],[45,62],[4,28],[16,11],[12,23],[15,-20],[52,14],[34,-69],[203,-540],[124,38],[103,20],[147,-21],[-12,326],[-5,99],[106,24],[97,35],[30,-5],[50,6],[46,21],[22,7],[37,72],[37,19],[7,-41],[319,42],[174,23],[256,192],[435,419],[26,-35],[28,20],[26,-21],[9,-37],[23,1],[27,-33],[89,29],[70,-37],[18,33],[23,64],[52,-84],[84,64],[18,34],[17,-15],[39,79],[69,-71],[56,-30],[-172,-335],[35,-66],[25,-26],[23,31],[18,-7],[39,94],[14,0],[24,-15],[17,-17],[-8,-11],[-4,-20],[-28,-40],[29,-33],[-30,-49],[33,-38],[28,6],[-1,-19],[53,1],[-3,-30],[10,-12],[22,4],[21,-15],[-13,-17],[13,-22],[21,2],[5,-23],[9,0],[13,-35],[-21,2],[-9,-22],[-25,-7],[47,-15],[31,-12],[12,-35],[40,-12],[14,9],[12,-20],[20,-9],[12,16],[15,-8],[16,-26],[20,13],[6,-24],[16,-5],[22,31],[26,17],[84,82],[-23,33],[24,17],[13,23],[-95,105],[-34,51],[83,76],[38,-35],[12,-26],[28,4],[26,30],[65,45],[58,27],[46,44],[17,20],[36,12],[23,27],[85,62],[35,43],[48,-73],[3,-50],[47,-28],[12,26],[13,22],[16,7],[0,23],[-8,9],[3,22],[12,2],[11,26],[21,9],[31,-10],[22,-17],[0,-17],[40,-10],[8,7],[63,3],[-37,38],[131,179],[-20,49],[-25,39],[3,31],[12,-29],[14,9],[3,25],[16,3],[10,-5],[25,44],[17,-3],[20,36],[16,-17],[1,25],[14,-9],[0,18],[42,21],[48,-8],[32,41],[14,-1],[1,25],[16,-20],[4,13],[0,24],[23,-8],[19,-35],[12,-42],[-6,-49],[-14,-20],[18,-40],[8,-32],[12,-16],[18,-19],[1,-122],[-30,-46],[-2,-33],[6,-49],[-18,-9],[12,-34],[-17,-26],[55,-65],[41,-33],[-10,-18],[33,-31],[61,31],[10,-2],[14,14],[63,20],[87,18],[18,15],[16,-17],[24,15],[5,-10],[26,10],[40,6],[41,-47],[19,16],[14,-10],[63,9],[18,-18],[9,21],[34,15],[29,28],[9,52],[45,-26],[34,18],[23,46],[33,37],[-32,34],[42,83],[37,-18],[46,20],[13,19],[-33,31],[5,12],[-14,18],[14,22],[13,-3],[21,-19],[13,6],[23,-4],[1,40],[-9,11],[13,40],[-18,39],[-29,25],[-53,-28],[-16,27],[-9,-10],[-19,-11],[-1,22],[-2,25],[-16,13],[-7,56],[8,8],[-17,10],[-15,72],[-38,33],[-30,53],[17,9],[3,19],[-15,14],[-13,23],[-30,39],[-14,6],[-23,24],[9,39],[14,-4],[5,20],[28,12],[-9,9],[-34,7],[11,17],[-6,33],[25,9],[25,37],[-12,24],[66,4],[-1,56],[22,99],[12,-1],[8,76],[16,2],[-1,17],[12,122],[-49,98],[1,45],[-23,78],[-20,38],[8,15],[21,13],[29,-25],[-8,-14],[83,-13],[18,-45],[18,16],[138,-118],[72,-1],[28,-27],[38,-7],[8,19],[16,-2],[13,13],[17,-11],[21,17],[-1,-24],[41,-10],[8,30],[5,30],[-10,29],[11,14],[22,-11],[15,-38],[26,-21],[31,20],[28,-1],[18,-15],[39,-16],[19,64],[36,-64],[-15,-31],[13,-31],[64,29],[13,-27],[-5,-30],[6,-26],[-9,-37],[22,12],[21,17],[31,-5],[8,9],[-10,19],[-30,8],[18,16],[17,-12],[24,-1],[33,-16],[10,17],[31,6],[16,19],[13,-11],[80,81],[17,5],[14,12],[13,32],[2,57],[27,-19],[27,-55],[-25,-26],[9,-42],[12,-35],[43,-60],[21,31],[32,7],[44,59],[-30,35],[79,83],[7,-2],[22,36],[43,33],[-26,24],[-11,4],[-9,21],[13,11],[-38,46],[29,31],[-5,11],[21,23],[11,-29],[36,27],[19,-11],[37,-40],[38,12],[12,-28],[19,-20],[24,18],[-17,39],[20,14],[15,-14],[26,3],[-5,17],[-16,-1],[-7,16],[13,5],[0,35],[21,-13],[28,0],[12,-3],[41,42],[16,7],[30,50],[24,7],[36,-6],[53,-22],[109,11],[3,-47],[7,-42],[25,-44],[26,20],[29,7],[29,21],[110,-53],[39,-27],[45,-17],[75,-37],[40,-15],[22,15],[90,-38],[101,-102],[65,-87],[8,-75],[43,-36],[21,-49],[56,-25],[36,-191],[54,-111],[-2,-39],[44,5],[38,0],[55,-17],[50,7],[58,33],[41,1],[36,-90],[18,3],[12,35],[51,23],[17,-45],[18,-4],[-9,-17],[33,-42],[-76,-53],[-43,9],[-12,-34],[14,-108],[58,-138],[62,15],[120,113],[19,37],[32,-7],[59,-78],[37,50],[22,0],[2,-15],[103,-79],[25,24],[29,8],[60,24],[30,19],[41,-44],[32,-15],[12,11],[49,66],[11,-13],[8,-20],[77,-79],[24,24],[34,-41],[22,29],[13,-7],[29,56],[15,-6],[19,20],[13,-3],[7,20],[9,4],[3,49],[11,7],[-6,23],[26,59],[25,-2],[41,51],[2,43],[27,-39],[1,-66],[-5,-36],[18,-21],[19,8],[11,-19],[40,11],[55,30],[10,-8],[-53,-103],[25,-11],[10,-20],[-86,-142],[112,-126],[40,-25],[-36,-53],[-50,-139],[6,-11],[86,15],[42,-2],[26,-16],[35,-29],[41,-19],[30,-48],[30,-34],[11,-31],[32,-50],[3,3],[33,41],[37,30],[-15,72],[61,14],[120,-13],[50,40],[17,16],[8,4],[72,13],[120,46],[-20,35],[7,81],[26,12],[10,-6],[27,20],[80,92],[50,71],[-14,11],[11,16],[11,-5],[18,27],[62,7],[-14,157],[21,15],[39,6],[52,-24],[20,-38],[47,1],[-4,73],[58,11],[-1,35],[85,-15],[97,-47],[46,-29],[80,-35],[18,4],[32,-25],[20,25],[26,-19],[11,11],[7,-8],[-10,-19],[37,-41],[69,-103],[28,-49],[32,-35],[30,-50],[23,-87],[32,-55],[6,-29],[36,-14],[115,-87],[36,-26],[42,-46],[14,-32],[19,19],[42,-63],[80,-28],[51,-50],[67,-47],[-19,-33],[-32,-41],[-4,3],[20,-28],[-64,-59],[80,-91],[-28,-73],[15,-18],[8,-53],[-22,-32],[18,-13],[-43,-61],[36,-22],[31,-25],[63,-83],[89,-117],[46,13],[8,-37],[22,9],[-3,17],[24,8],[10,-32],[17,3],[9,-21],[21,17],[8,-12],[-43,-36],[39,-89],[12,-16],[28,-10],[6,-14],[18,-11],[11,-14],[-19,-24],[31,-48],[88,85],[45,-16],[59,-14],[36,-90],[53,40],[41,-18],[27,-40],[36,-28],[65,-17],[49,52],[16,-2],[14,20],[19,-13],[0,90],[14,22],[23,14],[51,21],[37,-1],[31,-30],[37,-11],[88,-38],[17,31],[15,-5],[14,4],[130,-66],[-11,-22],[38,-33],[68,-38],[-17,-45],[41,-26],[11,12],[74,-75],[103,-54],[71,-58],[31,1],[103,91],[104,-86],[24,0],[24,-5],[96,103],[73,51],[113,145],[-35,37],[17,6],[-71,171],[7,3],[-17,45],[-1,47],[-109,-9],[-24,40],[13,19],[-12,13],[48,100],[-23,15],[21,44],[-18,9],[10,23],[84,-46],[12,30],[0,55],[28,-8],[-2,-32],[57,-49],[13,23],[33,-45],[12,11],[-3,-19],[19,21],[27,-31],[55,-19],[15,-34],[30,-15],[-5,-22],[18,-7],[35,-5],[42,43],[15,33],[99,26],[18,30],[26,-4],[5,14],[72,-1],[40,-29],[31,29],[185,-2],[63,-101],[14,10],[7,-12],[53,44],[29,53],[14,114],[42,98],[8,-27],[9,-75],[17,-40],[-13,-46],[54,-148],[40,1],[39,-16],[52,-4],[127,-35],[31,3],[2,22],[32,18],[26,-2],[31,9],[42,32],[-17,9],[13,17],[-11,9],[10,19],[-8,8],[50,47],[-7,6],[35,41],[27,7],[-6,93],[72,15],[21,53],[15,-13],[4,53],[94,-49],[-5,-11],[37,-29],[-6,-14],[31,-17],[-10,-16],[40,-18],[10,20],[22,-6],[13,13],[13,-17],[27,20],[11,-42],[37,11],[21,-37],[22,16],[28,-45],[-13,-15],[11,-14],[25,21],[23,-40],[-18,-19],[74,-129],[4,18],[29,18],[7,28],[14,3],[4,-20],[18,27],[14,-6],[13,6],[12,26],[-24,44],[16,19],[-34,88],[26,21],[7,26],[24,34],[45,92],[44,-30],[154,126],[152,98],[294,354],[312,17],[14,-14],[23,6],[31,-17],[15,-20],[34,-50],[12,-42],[15,-19],[108,94],[129,94],[52,-127],[14,-128],[-7,-50],[22,-112],[39,18],[51,-2],[22,-13],[26,6],[14,-106],[-8,-121],[21,-1],[4,-18],[18,-7],[0,-12],[58,-6],[0,-27],[19,-20],[-8,-12],[16,-18],[121,-47],[-13,-42],[18,-16],[1,-14],[69,-49],[18,29],[6,16],[17,-15],[90,104],[64,-109],[10,-51],[61,122],[33,-31],[33,44],[7,-15],[51,-5],[3,13],[86,-10],[9,-47],[21,-9],[60,20],[34,31],[-40,44],[39,57],[-23,28],[18,43],[35,-20],[12,43],[31,28],[26,28],[47,32],[-50,185],[42,12],[-10,65],[89,6],[16,-62],[-6,-16],[60,-55],[35,7],[46,-49],[2,-106],[-2,-32],[-15,-36],[15,-21],[-12,-24],[-16,-26],[82,-72],[50,65],[38,25],[93,36],[32,-8],[18,24],[6,35],[45,53],[258,182],[64,55],[102,117],[30,-35],[28,41],[11,-19],[31,28],[-12,21],[15,20],[-93,116],[21,42],[-12,23],[32,45],[-39,44],[24,71],[14,-2],[22,33],[-21,37],[14,67],[70,21],[19,-12],[-2,-28],[25,8],[28,-18],[6,-19],[35,-2],[-9,42],[8,24],[55,-11],[38,6],[52,-19],[84,5],[30,11],[17,8],[11,26],[16,1],[-1,19],[30,-4],[27,116],[54,-15],[10,41],[83,-25],[21,7],[63,-14],[26,14],[45,-1],[-6,21],[7,52],[12,21],[31,6],[-3,29],[2,36],[12,37],[18,14],[7,18],[71,16],[30,35],[54,-35],[10,-9],[0,-10],[17,-11],[40,39],[17,-19],[16,18],[13,-29],[35,-39],[19,17],[-38,63],[17,30],[31,14],[19,-28],[145,114],[16,-30],[41,46],[9,-12],[11,10],[56,-63],[7,7],[-28,44],[15,20],[-22,27],[-14,-14],[-25,40],[78,58],[87,109],[48,-37],[34,20],[61,-50],[10,30],[43,-26],[19,19],[-7,12],[76,78],[74,13],[34,35],[112,147],[35,37],[25,80],[63,123],[-31,28],[23,51],[-6,14],[10,10],[37,92],[9,-7],[45,-5],[4,27],[39,-6],[11,-10],[27,3],[129,-26],[21,27],[38,14],[-11,44],[39,14],[14,-58],[1,-26],[44,3],[-3,23],[71,18],[88,-81],[33,4],[17,40],[-9,58],[9,31],[-19,56],[12,65],[37,-6],[19,16],[22,-4],[7,-2],[3,0],[9,-2],[1,-26],[9,-14],[48,-70],[22,-34],[22,-58],[-10,-64],[-37,-69],[-5,-8],[-11,-15],[-13,-18],[-2,-3],[-14,-20],[-19,-25],[-23,-44],[-3,-52],[47,-87],[16,-29],[20,-93],[54,-89],[18,-28],[13,-21],[9,-82],[-29,-120],[-33,-82],[-32,-111],[-52,-89],[-139,-196],[-47,-112],[-7,-84],[18,-85],[41,10],[48,-91],[24,-3],[2,-33],[44,-3],[5,20],[34,-10],[1,-18],[34,-21],[48,-2],[3,12],[26,-6],[3,6],[46,-18],[-4,21],[57,-20],[126,-86],[25,23],[70,-37],[9,22],[25,-9],[-12,-36],[31,-15],[15,41],[23,-28],[25,4],[-17,72],[34,17],[7,35],[-15,53],[10,23],[30,19],[15,-38],[36,3],[-6,42],[19,7],[-14,18],[23,-4],[0,32],[14,7],[2,-21],[66,7],[1,25],[99,-26],[18,-11],[-4,-41],[60,-22],[-24,-73],[9,-5],[-16,-31],[28,-49],[-8,-28],[47,-39],[383,195],[34,-51],[87,-38],[182,-122],[48,-56],[48,-118],[44,-43],[7,9],[47,-69],[14,20],[45,-12],[-6,-13],[20,-29],[-1,-19],[-25,-16],[9,-25],[-38,-31],[8,-21],[160,-242],[26,-9],[30,-146],[30,-49],[-21,-66],[107,-30],[31,-30],[263,27],[114,54],[193,12],[91,38],[130,-31],[58,-57],[94,-37],[145,-117],[29,41],[49,154],[40,60],[40,14],[46,113],[147,178],[39,82],[116,159],[-17,22],[-26,113],[-46,41],[13,53],[-87,32],[-18,56],[-66,-20],[-20,29],[-100,210],[-7,48],[38,56],[54,-22],[7,-9],[3,-4],[39,-47],[51,-38],[16,-2],[33,64],[-12,13],[29,46],[44,-5],[20,21],[15,-45],[36,30],[46,19],[5,-36],[27,-3],[-13,-87],[14,-41],[77,12],[29,9],[163,177],[43,-5],[42,2],[9,1],[51,38],[39,-1],[52,17],[24,20],[17,24],[27,2],[67,18],[25,-12],[56,46],[14,8],[3,2],[27,15],[34,1],[17,-14],[117,-36],[84,-40],[31,-51],[-9,-89],[14,-8],[26,-14],[22,3],[18,2],[68,-53],[4,-2],[26,12],[4,2],[111,-14],[57,6],[44,18],[39,-18],[3,-2],[26,13],[27,14],[12,6],[23,-3],[37,7],[93,17],[29,12],[32,-2],[33,-4],[41,-1],[33,-19],[7,-38],[6,-4],[118,-85],[33,-23],[15,-11],[137,-98],[28,-22],[-17,-100],[3,-9],[20,-58],[-12,-80],[-43,-57],[-42,-58],[-17,-23],[14,-27],[4,-8],[-30,-53],[15,-75],[-15,-51],[1,-5],[1,-4],[7,-22],[24,-40],[39,11],[-18,-38],[-5,-116],[6,-7],[11,-13],[28,-34],[18,4],[17,4],[9,2],[29,165],[27,152],[71,-70],[33,-13],[109,-44],[29,-11],[20,-8],[63,-25],[123,-49],[55,-24],[112,7],[148,9],[34,24],[5,3],[26,17],[62,-76],[51,85],[163,-6],[62,-2],[1,19],[32,-18],[47,-25],[47,-53],[23,-26],[17,-53],[1,-5],[27,-83],[-1,-8],[-1,-18],[28,-55],[26,-53],[0,-40],[-1,-23],[-4,-8],[-5,-11],[-14,-32],[-4,-10],[97,-147],[15,-22],[61,-93],[3,-67],[13,-26],[40,-53],[56,-28],[3,-44],[20,-46],[15,-10],[11,-7],[29,-42],[-23,-57],[30,-124],[4,-14],[-3,-38],[21,-8],[4,-6],[16,-30],[30,-21],[10,-56],[41,-25],[19,-13],[2,-2],[78,-56],[0,-7],[0,-13],[0,-10],[3,-12],[4,-8],[8,-11],[6,-6],[9,-7],[11,-5],[15,-6],[12,-4],[11,-4],[14,-7],[9,-9],[6,-17],[-2,-8],[-5,-18],[-14,-9],[-3,-2],[32,-111],[26,-93],[6,-11],[7,-10],[3,-7],[3,-5],[75,-121],[58,-72],[95,-60],[81,-75],[-33,-73],[42,-27],[-17,-57],[-19,-10],[-50,-65],[-4,-10],[-4,-2],[-3,5],[-5,4],[-7,2],[-7,-5],[-10,-10],[-7,-4],[-6,2],[-5,5],[-3,7],[-4,8],[-4,2],[-5,-2],[-9,-5],[-22,-18],[-10,-4],[-5,4],[-5,10],[-5,7],[-6,2],[-7,1],[-7,-2],[-21,-6],[-43,-19],[20,-27],[93,-126],[124,-167],[10,-14],[43,-36],[-55,-121],[-81,-39],[10,-45],[72,-48],[22,-15],[7,-4],[67,85],[55,31],[-27,86],[45,3],[29,57],[15,27],[36,35],[23,-36],[37,-2],[39,-39],[55,31],[9,6],[38,-20],[40,-20],[23,10],[45,-9],[49,0],[39,26],[21,-13],[55,-34],[172,-105],[81,-50],[20,9],[333,29],[94,46],[105,-43],[33,-39],[14,-17],[-6,-201],[-27,-51],[-103,-190],[-30,-58],[-91,-86],[-88,-54],[-10,-12],[-14,-15],[-5,-11],[-8,-17],[-3,-17],[-1,-12],[37,-146],[-65,-135],[-41,-85],[-13,-42],[-30,-94],[-16,6],[-16,7],[-14,7],[-17,9],[-145,72],[-32,3],[-42,3],[-48,-111],[-6,-76],[-54,-103],[-53,-44],[-22,-17],[-119,-99],[-9,-7],[-23,4],[-7,-38],[14,-12],[-52,-78],[0,-22],[14,-17],[-18,-40],[-7,-16],[-154,-95],[-32,-19],[-11,-7],[-46,19],[-4,-51],[-43,-9],[-88,-109],[-128,-105],[-5,-33],[34,-12],[42,-67],[-7,-397],[43,-18],[67,17],[77,-40],[20,-42],[105,-89],[25,2],[3,-4],[-20,-164],[-71,-4],[-87,-122],[0,-25],[43,-49],[17,-68],[28,-50],[135,11],[32,-19],[74,6],[7,10],[5,-15],[6,-18],[25,-95],[74,-54],[-60,-29],[18,-50],[20,-2],[34,-2],[17,-61],[31,-98],[16,-49],[21,-18],[33,-21],[7,-48],[40,-73],[1,-30],[-6,-21],[-39,-38],[71,-105],[10,-7],[27,-19],[25,14],[55,77],[90,33],[37,6],[61,10],[49,51],[90,62],[46,32],[33,-24],[19,-112],[6,1],[59,3],[65,-15],[10,15],[69,103],[26,29],[30,33],[88,-73],[61,29],[58,0],[61,-135],[223,-42],[142,85],[60,35],[89,-76],[2,-39],[24,-25],[17,-18],[75,-55],[23,3],[5,-10],[9,-20],[16,-4],[44,-7],[38,-6],[20,-14],[18,-4],[13,-4],[17,-13],[9,-9],[3,-9],[1,-17],[3,-6],[18,-39],[11,-24],[12,3],[18,-4],[13,0],[23,12],[13,6],[29,-1],[70,-8],[37,-6],[15,7],[11,-10],[21,-12],[9,-1],[8,-6],[11,-4],[-2,-9],[-8,-6],[-12,4],[-4,-3],[-3,-15],[-18,-13],[-9,-1],[-11,-12],[-18,-7],[-15,-18],[-18,-23],[-6,-10],[-9,-8],[-32,-25],[-5,-5],[-3,-10],[-5,-7],[-3,-6],[-2,-12],[1,-26],[4,-69],[2,-25],[0,-10],[0,-11],[-3,-12],[-14,-27],[-37,-50],[-4,-5],[-7,-6],[-2,-5],[0,-9],[7,-13],[1,-14],[-1,-14],[0,-12],[5,-13],[8,-10],[8,-3],[11,2],[13,1],[8,-1],[6,-2],[3,-5],[5,-6],[3,-14],[5,-11],[9,-16],[4,-7],[5,-4],[0,-7],[-1,-8],[7,-17],[6,-9],[-2,-14],[-10,-29],[-8,-26],[-4,-19],[-7,-13],[-5,-11],[-5,-19],[-9,-13],[-5,-15],[-8,-30],[-1,-8],[4,-12],[36,-30],[12,-6],[11,-15],[16,-32],[16,-21],[11,-5],[21,-4],[8,-1],[7,-4],[23,-38],[4,-7],[6,-6],[14,-7],[15,-5],[19,-6],[10,-3],[9,-1],[19,-1],[5,0],[7,3],[10,6],[7,1],[8,-4],[49,-50],[7,-6],[11,-7],[34,-16],[61,21],[98,32],[46,-105],[7,-33],[10,-72],[37,-267],[-16,-28],[18,-12],[-8,-72],[-20,-174],[-7,-18],[-28,-41],[-2,-51],[-74,-157],[-50,-108],[-4,-25],[58,-300],[-2,-27],[-42,-123],[-41,-117],[-90,-104],[-44,-77],[-13,-148],[-159,-165],[-22,-23],[-77,-168],[82,-55],[18,-12],[52,-66],[30,-54],[33,-21],[34,-4],[76,-61],[48,-94],[21,-32],[-16,6],[16,-31],[39,-67],[6,-44],[41,-68],[-11,-22],[-4,-15],[-18,-23],[-7,-14],[16,-22],[34,21],[12,-20],[22,5],[26,-5],[4,-27],[13,10],[35,-76],[13,25],[40,-72],[10,4],[19,-17],[5,1],[27,25],[15,-16],[5,-5],[13,-13],[-6,-4],[-3,-2],[8,-9],[8,-11],[-2,-12],[21,-26],[16,21],[56,-54],[128,-123],[10,-12],[5,-6],[8,-14],[9,-18],[11,-59],[2,-55],[4,-82],[1,-5],[4,-9],[5,-6],[7,-5],[2,-2],[85,-30],[17,-16],[7,-17],[7,-19],[-7,-48],[-7,-51],[-5,-53],[-5,-35],[-8,-65],[-9,-60],[-9,-66]],[[3305,94822],[5,-45],[-137,-70],[-57,-102],[-6,5],[-7,6],[-46,8],[-20,-14],[14,-76],[-32,-49],[-6,-9],[-8,-8],[-111,-90],[-11,-10],[-6,-8],[-6,-8],[-8,-10],[-9,-5],[-33,-14],[-13,-8],[-78,-55],[8,-12],[-28,-34],[-26,-23],[-8,-6],[-2,-8],[-7,2],[-20,-16],[-157,-81],[-41,-25],[-43,-103],[-94,-93],[-72,-22],[-27,3],[-95,11],[-4,45],[-2,33],[-64,30],[-3,-29],[-27,21],[-6,-3],[-84,-40],[-3,-4],[-9,-12],[-28,-39],[-20,-26],[-36,-49],[-75,-55],[-29,-21],[-36,-34],[-12,-54],[13,-110],[6,-26],[21,-16],[38,-29],[4,-10],[52,-164],[-34,-20],[-31,-18],[-71,-8],[-2,0],[-92,-50],[-37,-103],[22,-228],[2,-21],[-15,-146],[-7,-77],[-19,-51],[-57,-49],[-7,-34],[-16,-75],[-6,-6],[-30,-31],[-188,33],[-48,-60],[8,-137],[7,-18],[18,-49],[1,-3],[2,-4],[-5,-22],[-8,-30],[-8,-4],[-9,-5],[-69,-35],[-81,28],[-6,2],[-38,35],[-10,17],[-147,266],[-5,9],[-48,87],[-18,7],[-16,-17],[-44,-47],[-6,-6],[-42,-46],[-93,31],[-60,-25],[-7,-3],[-15,27],[-4,8],[-7,13],[-26,49],[-69,77],[111,152],[-94,93],[-40,73],[-34,108],[-38,-7],[-87,91],[-36,82],[-83,121],[-70,156],[44,34],[26,48],[21,2],[21,41],[72,31],[-83,180],[-52,63],[-51,108],[85,65],[79,20],[21,39],[10,-9],[26,84],[75,0],[186,73],[20,-170],[126,-10],[15,19],[-7,94],[-37,108],[37,10],[23,-46],[14,-17],[15,-15],[23,-20],[7,-16],[6,-8],[37,-20],[15,-68],[38,-53],[23,17],[87,-34],[45,1],[66,46],[216,37],[156,55],[11,4],[-11,36],[-4,7],[-25,28],[-30,39],[-6,4],[-3,11],[0,31],[-5,21],[18,37],[277,140],[186,121],[43,15],[29,6],[24,3],[109,10],[59,10],[-19,47],[10,59],[15,16],[-1,43],[3,10],[-2,19],[-14,5],[-30,80],[-41,20],[3,16],[-18,17],[-26,23],[-24,64],[-91,145],[-161,58],[-5,23],[83,31],[113,4],[77,81],[65,5],[6,-12],[62,24],[55,73],[38,55],[26,6],[18,13],[107,21],[40,1],[48,10],[188,96],[165,129],[18,10],[45,-77],[18,8],[11,-16],[33,24],[96,-44],[62,-154],[-90,-105],[-3,-19],[-13,-23],[-10,-89],[24,-54],[84,-114],[-21,-23],[-9,-38],[-1,-58],[15,-24],[-16,-44],[6,-17],[45,5],[50,-51],[57,20],[89,-83],[46,3]],[[84544,39801],[-25,-117],[78,-30],[77,-154],[-56,-133],[-167,-288],[7,-14],[-7,-36],[-20,-22],[-40,-40],[-74,-25],[-43,-77],[-26,-14],[-4,-43],[-86,-126],[-8,-36],[7,-31],[-76,-45],[-3,-12],[16,-12],[-15,-89],[93,-130],[-120,-142],[-6,-70],[-118,-120],[-23,-132],[-131,-188],[-26,-83],[43,-12],[45,-60],[-3,-74],[-114,-200],[-58,-187],[-48,-109],[82,-81],[-17,-24],[-36,-45],[-28,-97],[-30,-140],[-120,-94],[-40,21],[-19,-10],[-69,-102],[-23,-69],[-86,-111],[-69,-46],[-39,-62],[-6,-40],[50,-10],[10,-38],[-33,-48],[-7,-42],[73,-17],[-122,-48],[-149,-24],[-91,-53],[-54,35],[-75,274],[-54,78],[-45,5],[-37,-111],[-25,-31],[-50,33],[-36,58],[-32,5],[-219,40],[-50,36],[-34,50],[-159,92],[-33,20],[-29,52],[-13,61],[26,64],[-46,44],[-18,51],[4,34],[-22,36],[-85,26],[-167,-24],[-121,59],[-56,-10],[-38,71],[5,48],[-31,40],[-143,-125],[-92,-3],[-144,-96],[-132,-17],[-150,-53],[-97,20],[-226,-112],[-63,-101],[-114,-39],[-105,-10],[-189,34],[-20,41],[-41,37],[-56,1],[-65,92],[-67,-101],[-76,-53],[-110,-135],[-123,16],[-67,-23],[-37,-33],[-86,-125],[-248,195],[-118,129],[2,99],[-283,-4],[5,104],[8,-3],[18,96],[25,64],[-4,29],[-47,48],[62,144],[-1,33],[-52,46],[-287,61],[-160,145],[-85,40],[-82,-20],[-90,123],[-107,63],[-3,-32],[-100,59],[-56,1],[-270,-158],[-201,-89],[-124,267],[-141,215],[-143,-45],[-44,32],[-6,162],[8,35],[-87,63],[-29,61],[-53,49],[-208,-82],[-18,-48],[-9,34],[18,65],[-4,19],[-551,-44],[-32,38],[-47,1],[-9,88],[5,25],[28,27],[10,122],[-46,78],[4,22],[-31,22],[3,25],[-14,12],[-26,-9],[-7,66],[35,24],[-27,33],[3,24],[26,36],[-6,21],[7,16],[-34,50],[-18,56],[20,29],[-5,19],[-65,14],[-47,-21],[-29,74],[54,35],[18,63],[35,52],[-44,47],[-8,42],[-54,-7],[-48,29],[-33,46],[-44,103],[20,56],[-45,177],[6,66],[17,33],[-68,68],[-13,188],[32,25],[102,24],[72,-17],[33,56],[72,59],[-119,126],[-60,-21],[-83,8],[-22,141],[-68,51],[-14,-58],[-126,-166],[-121,-67],[-16,-4],[-141,172],[-144,-245],[3,-45],[22,-65],[4,-97],[56,-85],[27,-75],[85,-145],[-103,-124],[-6,-88],[-35,-56],[-72,-65],[-56,-80],[-12,10],[-135,-227],[-46,-75],[23,-62],[8,-71],[-54,-63],[20,-71],[-61,-50],[3,-98],[-25,-22],[16,-39],[76,-14],[33,-40],[0,-57],[-38,-39],[11,-45],[-106,-86],[-6,-16],[10,-38],[-26,-48],[24,-37],[-4,-11],[-58,-82],[-54,47],[-14,-33],[-48,-51],[20,-110],[-10,-15],[-18,8],[-10,40],[-39,15],[30,-34],[2,-26],[-22,-26],[28,-48],[-29,-25],[-18,5],[-10,33],[-6,-13],[8,-12],[-22,-4],[-18,-78],[6,-39],[26,-49],[0,-46],[44,2],[12,-14],[2,-47],[46,-7],[-2,-15],[-41,-9],[-5,-25],[-16,-4],[5,-34],[46,37],[21,-41],[46,-22],[-3,-33],[-14,-7],[-32,2],[-16,38],[-34,-25],[48,-32],[-46,-8],[-8,-52],[14,-23],[43,35],[16,-27],[-43,-29],[-96,39],[-16,-47],[-65,-85],[4,-89],[32,-66],[34,-127],[22,-144],[-112,1],[-126,52],[-58,18],[-82,-38],[-91,8],[-38,42],[-149,-5],[-45,65],[-25,5],[-33,-24],[-4,-47],[-21,-17],[22,-1],[-22,-35],[21,-7],[-7,-6],[4,-30],[-21,11],[1,-18],[-22,-21],[36,-43],[-30,-115],[14,-9],[-16,-22],[7,-32],[-49,-121],[-20,2],[-9,-44],[-16,-19],[-4,-38],[-49,-11],[18,-53],[-28,20],[-18,-26],[-1,-32],[32,-11],[-5,-43],[22,-26],[-19,-31],[2,-47],[-29,6],[-32,-32],[6,-22],[-34,-5],[-10,-12],[4,-29],[-17,8],[-2,-23],[-15,5],[-9,-42],[-52,-29],[-49,4],[-24,-34],[-68,-33],[-25,18],[2,18],[-22,33],[-44,34],[-13,45],[-87,15],[-15,24],[6,48],[-13,54],[-17,23],[-50,-5],[-45,-137],[4,-144],[-31,-80],[42,-29],[63,12],[163,-20],[16,-43],[-67,-69],[21,-23],[46,19],[35,-36],[20,-55],[12,-83],[31,-68],[47,-205],[-176,-346],[367,-121],[133,50],[88,-10],[170,-127],[78,-22],[97,-75],[330,-125],[30,-54],[67,-34],[13,-89],[12,-8],[80,28],[78,-92],[110,33],[-36,-131],[3,-56],[126,-33],[25,-60],[-67,40],[9,-89],[19,-60],[-42,-60],[2,-22],[149,12],[73,23],[176,98],[133,34],[127,-38],[112,-3],[27,-23],[6,-146],[63,-79],[-48,-72],[28,-35],[-2,-16],[-28,12],[-148,-104],[-46,-28],[-86,-3],[-18,20],[-10,-1],[3,-15],[-31,8],[6,-81],[-103,12],[-91,106],[-159,-52],[-54,14],[-52,-28],[-13,-19],[3,-165],[41,-165],[9,-122],[-43,-113],[-37,-160],[-47,-95],[93,-185],[33,-37],[136,64],[150,-11],[156,-42],[101,-68],[53,-37],[-7,-41],[26,-86],[-6,-12],[-193,-107],[-28,21],[-160,-135],[23,-128],[-12,-75],[23,4],[54,-46],[42,-104],[57,-95],[26,23],[120,185],[219,106],[107,33],[32,-5],[33,51],[65,36],[92,-2],[171,70],[-89,148],[31,77],[-23,32],[27,83],[135,152],[98,4],[50,27],[56,82],[82,57],[-9,99],[-72,176],[-7,66],[-22,28],[-5,32],[22,71],[49,86],[-42,49],[81,74],[27,46],[26,-12],[19,3],[-2,12],[27,-5],[8,16],[5,-16],[40,10],[5,-16],[33,-8],[7,-36],[32,-9],[186,-18],[13,14],[36,-17],[52,3],[-45,82],[-16,58],[30,5],[16,21],[28,-3],[47,51],[99,48],[8,-26],[22,14],[5,-28],[89,-122],[9,-88],[51,-67],[-30,-90],[-80,-1],[-41,-45],[18,-47],[-41,-24],[85,-47],[60,-97],[43,-36],[119,-43],[58,33],[42,-13],[93,-86],[24,-63],[15,-85],[61,-37],[54,98],[-82,118],[-12,72],[83,48],[109,-50],[50,-90],[103,-131],[100,-112],[44,-25],[158,97],[53,41],[12,32],[22,-57],[35,-13],[27,-43],[-51,-4],[-63,-54],[-86,-40],[-56,-73],[-55,-104],[43,-12],[33,-92],[40,-26],[-15,-14],[93,-14],[7,-39],[45,-3],[30,-198],[108,89],[56,69],[147,-137],[161,-16],[64,-119],[8,-60],[-18,-186],[15,-57],[26,-37],[68,-22],[70,-173],[47,-76],[52,-184],[52,-55],[70,-5],[-32,-58],[-12,-71],[-35,-49],[-50,-43],[-41,-62],[-145,-105],[-44,-68],[-33,-140],[-27,-223],[-36,-123],[-12,-205],[-13,6],[-107,-175],[-61,-135],[-59,-178],[-55,-56],[-62,-10],[-16,-111],[42,-4],[-2,-29],[-45,8],[-10,-28],[-15,-150],[26,-86],[-14,-39],[-14,-58],[-60,-56],[-6,-83],[-130,10],[-39,29],[-66,-12],[-81,-97],[90,-120],[18,-200],[157,-281],[-39,-27],[20,-7],[60,29],[32,-31],[28,-164],[29,-78],[-1,-61],[70,-24],[35,18],[16,-15],[133,-14],[67,-42],[380,-2],[-20,-59],[-156,-230],[-10,-126],[-98,-125],[-95,-27],[-13,-68],[16,-72],[-89,-95],[-25,-55],[-152,2],[-107,-54],[150,-39],[71,-47],[92,-29],[-21,-95],[-30,-60],[2,-46],[-10,-47],[-111,-69],[-8,-44],[22,-140],[-51,-75],[5,-32],[-56,-24],[-40,-81],[-1,-38],[-122,-123],[13,-141],[88,-53],[54,-59],[10,-38],[-41,-46],[-115,-51],[-227,-334],[-39,-144],[-47,-43],[-51,-122],[-94,-66],[-24,-59],[-1,-32],[-39,-72],[-97,-112],[-17,-103],[-34,-65],[-85,-20],[-214,22],[-157,-125],[-21,-87],[-24,-37],[2,-143],[-52,-101],[-269,-155],[-46,-74],[-13,-45],[-11,-35],[-101,16],[-147,76],[-49,38],[-16,38],[-4,-67],[-36,-62],[8,-59],[-15,-9],[-23,19],[-196,27],[-45,77],[-88,25],[-58,162],[-162,37],[-289,-219],[-118,-53],[-75,63],[-104,139],[-45,34],[-92,-82],[-66,-171],[-88,-134],[-16,-29],[114,-35],[109,-191],[63,-121],[43,87],[-5,67],[67,-57],[67,12],[111,-23],[32,19],[85,106],[18,-19],[10,-45],[20,-6],[9,-46],[68,-39],[-4,-11],[83,6],[51,48],[-8,-75],[29,2],[11,47],[13,4],[10,-26],[40,-18],[36,-39],[-8,-15],[52,-76],[-122,-140],[115,-39],[26,-57],[66,1],[-3,-36],[-50,-35],[59,-33],[46,3],[6,-46],[-44,5],[-95,73],[-5,-30],[-12,-3],[-87,55],[-82,-25],[-16,18],[-46,-26],[28,-27],[-11,-9],[-59,30],[-146,11],[-46,97],[-15,43],[5,14],[-10,-5],[11,-39],[-24,-66],[-40,29],[-24,-5],[11,35],[-3,49],[-24,52],[-15,-38],[-49,-43],[5,-172],[38,-35],[26,-55],[-13,-65],[-2,-132],[71,-53],[144,-17],[57,-39],[138,-32],[34,-37],[3,-12],[-35,-29],[2,-154],[28,-113],[-73,-55],[-83,-177],[14,-87],[-7,-54],[-76,-151],[-29,-148],[-43,-53],[53,-89],[35,-15],[0,-49],[-29,-34],[-4,-33],[21,-16],[9,-18],[-6,-70],[31,-31],[32,-20],[-10,-28],[-4,-28],[-63,-23],[-93,-73],[-81,-268],[37,-158],[-9,-146],[-14,-106],[-74,-111],[90,-146],[-28,-22],[-28,-36],[-103,-37],[-60,-153],[24,-17],[25,-53],[39,3],[52,-52],[17,-39],[46,-5],[11,-77],[57,4],[73,-84],[17,-117],[69,-175],[-21,-56],[-39,15],[12,-44],[-22,-30],[-81,-45],[-81,-78],[-31,-82],[-72,-99],[-48,-122],[-35,-53],[-46,-132],[-125,-110],[45,-48],[209,-82],[60,2],[69,-45],[5,-28],[46,-28],[0,-19],[40,12],[55,-35],[30,5],[31,-34],[59,-130],[8,-55],[-7,-47],[57,-50],[78,-32],[232,-5],[67,-38],[69,0],[72,8],[44,32],[98,4],[188,124],[96,161],[96,-16],[50,-43],[103,-36],[21,-102],[-70,-32],[6,-36],[-12,-153],[-62,-25],[3,-101],[99,-24],[158,10],[-5,-104],[-30,-90],[122,-93],[5,-139],[23,-33],[-13,-11],[-19,-119],[-42,-78],[-8,-62],[-138,-17],[-31,-28],[-128,-40],[-32,-41],[-45,-20],[19,-56],[-29,-72],[61,-74],[24,-68],[-59,-42],[-22,-57],[-61,-27],[-81,-123],[-81,-191],[-10,-66],[35,-71],[-24,-71],[-18,-13],[-13,-26],[-66,-71],[-44,3],[-67,-32],[-6,-99],[-20,-55],[-54,-11],[-29,-41],[-11,-101],[-34,-35],[1,-110],[-52,-58],[-54,-29],[9,-51],[-16,-99],[26,-162],[-64,-43],[-15,-144],[5,-95],[-25,-88],[-30,-35],[-21,-125],[-43,-150],[-57,-43],[-81,-97],[5,-56],[35,-74],[-84,-113],[-85,-49],[-5,-38],[-39,-42],[50,-91],[-37,-106],[-49,-48],[-65,-117],[-79,-34],[-66,-123],[-104,-7],[-11,-32],[4,-68],[-35,-110],[-26,-38],[-2,-26],[26,-94],[-100,-50],[41,-164],[-5,-32],[-11,-27],[-55,-44],[-15,-78],[-53,-71],[-15,-38],[-7,-117],[-70,-132],[-34,-113],[-33,-29],[-50,5],[-34,-153],[-4,-68],[58,-38],[77,-87],[74,-138],[252,-9],[6,-117],[-10,-107],[-127,-438],[-84,-17],[-28,-48],[-31,-69],[-9,-80],[-79,-138],[-43,-136],[-69,-148],[-25,-44],[-30,2],[-29,-44],[-15,-105],[-72,-81],[-180,-64],[-20,-48],[-80,-88],[-34,-61],[1,-187],[-123,-78],[24,-69],[-31,-109],[16,-66],[-84,-30],[-78,-228],[-34,-56],[-11,-56],[-34,-48],[19,-46],[72,-85],[20,-51],[-49,-20],[-36,-51],[-38,-70],[54,-34],[-79,-90],[-3,-33],[-109,-195],[-31,-22],[-45,6],[-68,-22],[-52,-38],[-72,-113],[-20,-85],[-41,-85],[0,-23],[-20,-13],[-120,-13],[-101,-87],[-16,-63],[-118,-129],[-50,13],[-56,66],[-32,10],[-160,-100],[-12,-13],[-9,-50],[11,-80],[-15,-72],[16,-39],[-8,-60],[27,-90],[-58,-95],[34,-126],[-25,-17],[-3,-54],[-56,-14],[2,-79],[-93,-39],[-51,-59],[-4,-93],[-31,-16],[-2,-30],[-15,-21],[15,-28],[-14,-143],[-46,-56],[2,-26],[17,-50],[-53,-103],[6,-64],[16,-49],[-45,-47],[-2,-45],[-23,-20],[-24,-98],[8,-30],[28,-19],[24,-72],[-1,-33],[-26,-20],[5,-23],[20,-45],[42,-37],[6,-57],[-20,-62],[25,-30],[0,-36],[-28,-77],[-74,-89],[-134,-200],[55,2],[5,-31],[28,-34],[38,28],[56,-13],[58,13],[19,-56],[0,-102],[30,-90],[-42,-100],[-141,-100],[-24,-37],[26,-118],[-149,-128],[-173,-103],[-59,-12],[22,-119],[-13,-45],[8,-45],[162,-8],[47,-76],[-37,-51],[-55,-19],[17,-142],[52,-98],[-22,-21],[3,-137],[-14,-59],[9,-38],[32,-19],[42,6],[80,-155],[64,-18],[-22,-27],[7,-15],[-21,-56],[20,-27],[28,-126],[-57,-93],[-42,-30],[-131,-15],[-73,-95],[-45,-84],[-42,-37],[-15,-141],[-18,-58],[-132,21],[-64,-63],[-102,-6],[-31,-44],[-45,-30],[-129,9],[-74,-74],[-93,-124],[-120,47],[-91,-57],[-54,67],[-67,-8],[-60,-97],[-40,-113],[-173,-126],[-5,-39],[-49,48],[2,37],[-68,91],[-105,45],[2,49],[-56,18],[-41,51],[-37,12],[-58,59],[-7,49],[-128,65],[-13,23],[-57,117],[-5,21],[10,11],[29,48],[18,110],[16,23],[-6,55],[-33,60],[25,17],[-11,22],[-27,-14],[-28,20],[-54,130],[-42,55],[-83,-12],[-136,34],[-63,27],[-3,25],[-35,-5],[-11,123],[-56,32],[-81,28],[-25,-24],[-131,36],[-22,42],[-80,28],[-77,-29],[13,27],[-18,69],[9,52],[-37,-17],[-82,41],[-6,60],[-15,21],[-82,25],[-27,28],[-5,25],[-159,91],[-67,57],[-15,54],[-54,34],[-10,58],[-35,33],[-119,41],[-99,100],[-28,18],[-9,39],[-42,20],[-23,6],[-49,70],[-112,-11],[-82,83],[-85,29],[-54,65],[-28,58],[-61,16],[-71,94],[-91,22],[-79,74],[-25,30],[-79,168],[47,263],[-38,14],[-6,9],[12,23],[-86,11],[-38,36],[-32,71],[-40,49],[31,90],[-47,60],[-107,15],[-62,34],[-107,148],[-33,87],[-55,93],[-2,68],[-58,33],[-50,-14],[-108,-49],[-95,-13],[8,-28],[-39,-3],[-72,-47],[-12,-32],[-112,-75],[-152,-69],[-102,-126],[-28,-74],[-26,-125],[-21,-43],[-110,-239],[4,-126],[-139,-84],[-7,-16],[9,-98],[-9,-73],[-35,-18],[-19,-11],[-53,12],[-53,-37],[-272,-47],[-288,-118],[-440,-345],[-74,178],[19,13],[57,-11],[-13,27],[6,36],[-12,22],[-24,-15],[-61,9],[-123,114],[-57,74],[-70,205],[-40,25],[78,218],[52,17],[-40,78],[28,29],[-69,39],[3,35],[-21,28],[-105,-9],[-69,78],[3,16],[-10,7],[10,88],[-22,36],[-33,17],[9,27],[-54,47],[-21,33],[4,33],[-10,26],[-81,112],[9,17],[-30,102],[1,37],[-12,11],[4,36],[-50,31],[-38,-17],[-77,15],[-126,-35],[-51,19],[-123,-2],[-19,50],[7,92],[-6,29],[-27,33],[-9,113],[-106,58],[-91,7],[-49,67],[-18,63],[12,36],[-38,14],[-66,-57],[-109,-17],[-247,131],[-19,-42],[-42,3],[-18,-104],[-27,-10],[-46,43],[-23,0],[-49,-44],[-70,-32],[-64,-78],[-101,5],[-82,44],[-94,-75],[-65,-105],[-16,-50],[-94,48],[-91,-23],[-77,27],[-40,-4],[-99,105],[-129,74],[-94,3],[-207,-65],[-31,-46],[-223,-199],[-215,-226],[-139,13],[-74,-76],[-1,-117],[-11,-19],[-332,93],[-9,-47],[-33,-38],[-15,-58],[-27,-29],[-163,54],[3,107],[50,115],[-1,107],[-20,38],[18,103],[-132,41],[-61,-20],[-10,57],[14,39],[1,44],[-95,60],[-70,14],[-25,-19],[-75,75],[-5,34],[-31,-24],[-22,-56],[-92,-70],[-50,18],[-54,-14],[-26,26],[-8,43],[-19,-9],[-51,81],[3,26],[-18,22],[-9,27],[0,171],[-11,25],[-61,88],[-24,-47],[0,-68],[-18,22],[-74,17],[-11,93],[13,45],[124,79],[97,7],[32,15],[-13,69],[20,27],[3,32],[-57,48],[-74,168],[50,176],[-16,93],[-40,-7],[-82,66],[-5,30],[8,33],[-7,72],[6,56],[42,88],[19,95],[-3,35],[-70,83],[-90,191],[-72,13],[-76,40],[-19,50],[-47,41],[-64,-1],[8,24],[31,20],[-36,87],[-147,-112],[-70,-27],[-31,7],[-65,-71],[-40,-94],[-37,-40],[-2,-34],[-202,82],[-216,-51],[-81,-24],[-136,97],[-18,-6],[-47,-54],[-244,-161],[-257,-141],[-153,-185],[-29,-146],[25,-69],[-2,-41],[-128,31],[-4,-143],[-100,12],[-13,-109],[78,-82],[18,22],[42,-27],[-34,-74],[-13,-3],[-9,-53],[-41,-44],[-58,-109],[29,-89],[-69,25],[-51,44],[-27,-65],[-20,-88],[-14,8],[-43,-106],[18,-8],[-6,-27],[42,-51],[-71,-111],[-53,-56],[-49,29],[-45,1],[-21,41],[-47,-32],[-17,24],[-49,-46],[-36,51],[-59,-64],[-37,52],[-15,3],[-73,-22],[-21,21],[-87,-22],[2,-49],[-35,-265],[-114,-77],[-38,-46],[4,-31],[-9,-18],[-111,-159],[-52,-20],[-25,-31],[-31,24],[-179,20],[-36,-28],[-25,41],[-99,16],[69,120],[-7,72],[24,3],[13,54],[58,77],[12,53],[-12,5],[5,28],[6,30],[69,27],[8,22],[74,67],[3,58],[25,3],[4,42],[16,2],[46,83],[36,-2],[36,83],[51,52],[16,42],[8,47],[-29,15],[6,64],[-164,79],[8,81],[-43,135],[-15,-15],[-4,14],[-40,11],[-13,-26],[-71,8],[-21,-26],[-24,11],[-51,-82],[-27,28],[-90,-93],[-107,-108],[7,-8],[-9,-16],[-37,-47],[15,-11],[-20,-51],[-25,-20],[35,-62],[-5,-10],[14,-35],[-15,-93],[16,-5],[9,-103],[-29,5],[-6,-20],[1,-68],[-22,-121],[13,-91],[-57,-20],[-128,-3],[-131,-60],[-111,-186],[-16,-72],[9,-26],[42,-27],[24,-130],[-118,-111],[-102,-46],[1,111],[-28,41],[-26,-1],[-11,41],[6,31],[-52,32],[-10,43],[-32,34],[-14,55],[-41,-9],[-52,37],[-25,190],[-73,29],[-41,9],[-82,-36],[-5,91],[-13,45],[-61,30],[18,27],[-29,90],[21,9],[9,31],[-45,60],[-1,21],[-11,-2],[1,29],[-22,44],[9,74],[-20,62],[7,30],[84,30],[-12,123],[-86,-27],[-38,18],[-13,38],[7,74],[-6,82],[-54,-4],[-40,-126],[-11,-113],[10,-52],[-8,-46],[-68,-121],[-81,-111],[-16,7],[-37,-27],[-12,40],[-90,7],[-133,-39],[0,-14],[-73,-56],[7,-54],[-54,-23],[16,-130],[-72,-55],[-9,19],[-14,-4],[8,55],[-12,2],[-7,26],[-19,-12],[-32,25],[-41,2],[-51,-23],[-14,65],[-56,-16],[-71,40],[-5,26],[25,26],[-33,61],[14,35],[-19,50],[7,17],[-35,31],[-11,55],[-21,-3],[54,82],[-20,80],[-36,22],[-42,71],[12,18],[-3,52],[-32,70],[5,73],[-15,46],[100,102],[20,3],[59,71],[-5,21],[14,22],[72,72],[-21,58],[28,57],[24,87],[-5,147],[-13,25],[-47,22],[-64,64],[-15,27],[-7,53],[21,122],[-35,163],[-45,80],[-42,176],[-27,44],[-48,3],[-6,66],[29,220],[-16,73],[-31,-79],[-80,-40],[-107,0],[-1,155],[-43,15],[-34,81],[-197,159],[-32,48],[-2,34],[-37,78],[-76,73],[-81,-25],[-159,-103],[-34,-53],[-80,-4],[4,97],[-10,102],[8,49],[12,23],[-75,81],[-7,44],[8,31],[-15,5],[-14,60],[5,59],[-40,-20],[-13,11],[-67,133],[-180,45],[-3,87],[-31,95],[4,117],[-14,46],[-33,-20],[-46,-60],[-41,3],[-39,27],[-48,75],[-12,40],[-14,-10],[-32,46],[-109,37],[3,-92],[-34,-8],[-62,97],[-32,-16],[-19,77],[-18,-5],[-13,21],[-37,-17],[-17,39],[-64,2],[-16,40],[-77,-69],[-7,-125],[20,-4],[14,-68],[52,-50],[13,-42],[49,-80],[2,-16],[-49,-35],[11,-66],[-57,9],[-147,91],[-17,24],[-17,64],[19,36],[-29,47],[13,32],[-29,39],[-33,-26],[-24,55],[-37,12],[-20,39],[-19,-1],[-50,-58],[-11,7],[14,41],[-88,87],[28,53],[55,40],[10,47],[-15,7],[8,38],[45,-6],[12,-67],[29,27],[-8,75],[-12,11],[30,109],[-34,31],[8,15],[-7,42],[102,80],[-3,32],[112,125],[27,0],[44,64],[43,-13],[13,-25],[156,20],[15,33],[21,-31],[60,36],[22,56],[-43,41],[12,53],[-43,19],[7,72],[-13,29],[-92,-18],[4,-20],[-18,9],[-11,30],[11,32],[-24,30],[-16,-2],[-19,38],[-19,-4],[14,29],[-25,17],[26,46],[18,-25],[4,30],[45,48],[-16,20],[29,145],[54,16],[54,99],[-7,15],[69,-2],[80,112],[8,13],[-6,42],[-35,11],[36,216],[131,-3],[14,52],[5,126],[-73,5],[64,114],[-15,67],[4,58],[16,105],[23,46],[7,114],[-6,49],[-15,-1],[-39,68],[-1,111],[-19,59],[-47,121],[134,32],[65,88],[3,37],[76,122],[113,78],[162,-33],[13,33],[21,-26],[48,3],[22,-18],[118,53],[63,-37],[68,1],[6,139],[-19,33],[7,20],[-11,84],[-39,28],[-58,123],[-60,125],[7,8],[-33,100],[-5,80],[-20,53],[-31,26],[-21,50],[-56,37],[-19,28],[-3,32],[-103,89],[-64,85],[-70,64],[-74,121],[-96,97],[-88,-45],[-37,-74],[-58,-47],[-19,1],[-239,202],[-253,123],[-10,21],[-10,-13],[-26,15],[-88,78],[21,138],[39,136],[91,120],[30,61],[15,82],[-2,49],[34,250],[-139,105],[-46,103],[-305,261],[-254,275],[-49,-98],[-83,-52],[-98,-104],[-30,-75],[-68,-88],[-82,-160],[8,59],[-8,72],[-23,52],[-195,276],[-83,150],[-225,316],[-80,51],[-174,350],[-117,91],[-4,64],[-31,33],[-15,77],[-22,50],[-56,144],[-68,68],[-40,72],[19,132],[-51,103],[25,84],[48,92],[-88,62],[-270,50],[-58,50],[-70,102],[-21,11],[-117,-23],[-28,24],[-25,-3],[-16,23],[-46,-11],[4,32],[-20,-24],[-65,8],[-99,-54],[-7,-63],[-88,-114],[-47,50],[-15,-8],[-68,57],[-33,-108],[-69,-50],[-41,-49],[-33,-78],[-112,-181],[-100,-79],[-191,-78],[-51,-51],[-6,53],[-33,98],[-54,88],[-45,42],[-22,91],[5,93],[12,26],[-9,20],[72,94],[22,51],[-54,62],[-23,97],[-15,23],[8,55],[16,28],[-6,26],[62,108],[35,89],[54,-20],[101,149],[-23,23],[88,113],[-6,39],[118,97],[-23,27],[-224,71],[-334,24],[-45,-15],[-239,282],[141,60],[89,-50],[51,23],[48,27],[64,102],[23,-7],[39,-45],[20,16],[29,45],[-22,64],[126,86],[78,144],[56,69],[72,20],[56,54],[11,23],[-6,17],[6,30],[41,74],[75,17],[55,-20],[103,39],[47,45],[45,71],[98,34],[-21,26],[-9,65],[-65,51],[-50,-35],[-48,-62],[-148,11],[-17,30],[-81,47],[-17,94],[-63,170],[-35,62],[-45,24],[5,-68],[-27,-44],[-35,-17],[-139,139],[-74,118],[-75,37],[-108,104],[-24,6],[-37,94],[0,73],[-67,135],[8,129],[34,8],[-15,40],[30,23],[-39,75],[10,15],[-8,19],[35,36],[-5,16],[-86,157],[-61,112],[-44,-28],[-38,33],[-24,-24],[-41,23],[-31,-34],[-110,-55],[-51,14],[-75,39],[-86,120],[-12,-10],[-17,25],[-37,-25],[-28,31],[-20,-21],[-42,43],[-21,-17],[-24,6],[-132,142],[-18,-1],[-19,33],[-14,-4],[-11,31],[0,19],[14,8],[-5,21],[-12,-2],[-34,168],[-42,36],[1,30],[-18,1],[-6,42],[-34,-9],[-25,68],[-14,-4],[-31,65],[-12,-3],[-20,47],[7,7],[-26,42],[-45,61],[-24,11],[5,49],[-27,12],[22,76],[-14,13],[15,30],[-8,6],[12,32],[-209,-43],[-200,242],[-75,-134],[-53,-43],[-47,-66],[-116,70],[-23,55],[-9,66],[-20,37],[-142,-64],[-124,3],[-24,83],[-89,85],[-3,19],[-119,60],[2,14],[-356,141],[-98,79],[-82,107],[-41,-53],[-58,-122],[-171,74],[6,24],[-22,13],[15,70],[-14,12],[-9,36],[-76,74],[32,85],[-235,-28],[-10,137],[44,149],[-102,81],[-67,4],[-3,59],[-19,37],[-219,109],[-63,217],[-39,65],[-52,24],[-161,-72],[-6,-38],[-43,-53],[-24,15],[-51,-33],[-46,19],[1,29],[-29,50],[5,8],[-15,15],[-11,-11],[-111,184],[-49,58],[-66,72],[-84,155],[-16,46],[36,28],[-31,63],[-33,-35],[-15,54],[-83,73],[-3,135],[62,115],[-20,33],[-12,61],[-99,-48],[-19,11],[-19,-19],[-33,19],[-17,-21],[-76,28],[-5,-26],[-151,-35],[-127,6],[1,13],[-137,82],[-5,19],[-124,-38],[-6,14],[-50,1],[-78,248],[-13,129],[-24,57],[1,41],[-46,21],[-29,33],[-7,95],[6,145],[-22,102],[-10,209],[-19,84],[-43,26],[-9,25],[-52,-52],[-86,-136],[-38,-88],[-89,-104],[2,-47],[-39,-48],[-18,-85],[-43,-48],[-4,-43],[-109,-52],[-85,-9],[-59,14],[-78,-60],[-137,37],[-75,50],[-50,61],[-66,142],[-16,77],[74,60],[-45,65],[68,38],[-42,36],[83,50],[45,65],[-16,30],[36,38],[-26,14],[9,12],[-3,39],[-38,10],[24,25],[-22,19],[15,46],[-86,67],[-29,153],[-47,15],[17,192],[-35,104],[-2,67],[-13,24],[26,42],[30,0],[-20,40],[55,32],[-5,17],[53,20],[-25,1],[208,153],[-48,53],[-4,116],[13,61],[-11,87],[16,11],[-30,63],[-75,79],[-73,-28],[-187,88],[49,75],[-16,33],[10,19],[-8,11],[5,104],[-21,25],[35,11],[63,-45],[71,47],[20,35],[33,10],[59,126],[17,10],[-66,187],[-69,85],[-26,72],[79,54],[177,-147],[51,45],[24,45],[-38,41],[-17,144],[-27,83],[-95,-4],[-23,32],[-2,30],[51,100],[40,210],[-69,158],[-1,30],[67,110],[-6,85],[-94,14],[-15,-15],[-47,2],[-17,31],[-164,-18],[-155,122],[-13,91],[-35,138],[-72,69],[-40,84],[-105,41],[-30,-6],[-9,39],[-55,75],[-11,45],[-35,27],[-28,88],[-38,27],[-33,1],[-45,21],[-17,55],[-25,34],[-37,114],[-37,42],[-12,58],[-87,114],[-8,29],[-51,21],[41,48],[-7,27],[22,30],[-23,101],[-11,-17],[-57,-5],[38,13],[-9,32],[-22,25],[-25,-15],[-30,18],[-36,-30],[-40,-3],[13,19],[1,35],[-30,8],[-22,-7],[-11,-31],[-25,-14],[7,-24],[-18,-19],[10,105],[-6,6],[-52,-28],[-6,22],[-27,-6],[-69,31],[9,30],[-6,8],[-86,1],[-93,33],[-23,-16],[-39,11],[-20,28],[-46,-12],[-14,29],[-18,0],[-7,23],[-60,17],[-17,76],[30,5],[19,25],[-11,44],[30,30],[-28,47],[106,112],[-31,52],[-15,55],[-30,-19],[-14,11],[24,32],[-35,48],[-20,-13],[-12,28],[15,28],[-25,46],[42,17],[28,33],[1,23],[15,-3],[17,45],[18,5],[-16,14],[11,19],[79,56],[63,98],[-8,29],[206,236],[113,30],[74,62],[50,9],[132,71],[9,7],[-8,55],[26,3],[-2,36],[-17,33],[3,64],[20,21],[2,24],[-99,44],[-46,5],[-12,-17],[-16,13],[12,103],[32,51],[5,53],[-101,6],[-2,38],[-23,6],[-32,98],[37,37],[31,72],[-10,19],[-50,-18],[-19,18],[12,20],[-11,21],[-68,9],[-22,70],[-72,-11],[26,150],[107,142],[47,207],[-30,57],[52,80],[28,109],[-81,106],[-87,84],[-48,25],[59,56],[-18,8],[72,176],[125,88],[49,74],[96,74],[-28,76],[88,75],[-8,100],[-16,42],[71,116],[140,128],[45,36],[60,0],[24,-73],[37,-27],[30,-60],[62,47],[-38,16],[57,11],[49,38],[58,-45],[210,94],[14,-16],[23,9],[19,28],[69,35],[65,70],[16,37],[28,1],[24,38],[22,-14],[-4,21],[21,13],[17,-12],[12,24],[57,2],[8,-18],[-7,-15],[35,-2],[18,-19],[64,2],[10,-14],[6,20],[31,-4],[22,19],[4,46],[23,2],[-8,88],[22,30],[-31,10],[12,27],[-22,25],[13,20],[-12,15],[53,31],[79,9],[20,70],[-9,64],[39,-1],[23,27],[30,4],[61,75],[-16,24],[2,59],[38,17],[-23,12],[22,65],[-20,33],[9,33],[-12,23],[13,14],[3,36],[67,66],[12,47],[1,86],[13,17],[14,66],[29,34],[-16,11],[1,24],[-24,56],[-20,2],[-30,-43],[-26,28],[-10,63],[-64,34],[-206,-63],[-17,126],[-151,-86],[-11,31],[-13,-1],[-9,69],[-20,54],[-126,-6],[-37,-31],[-28,54],[93,79],[57,11],[-16,104],[37,17],[21,71],[78,-3],[83,41],[0,32],[55,-23],[18,50],[24,-30],[59,-30],[125,12],[85,-34],[8,116],[75,16],[-4,17],[-105,-14],[-27,60],[0,55],[-2,152],[23,2],[34,63],[73,84],[-25,104],[6,24],[-20,33],[-9,49],[62,8],[2,60],[-76,-7],[4,44],[-38,6],[40,40],[-8,18],[21,58],[-17,-1],[-38,46],[-233,160],[-86,107],[-110,35],[-181,-107],[-98,-113],[-263,-104],[-94,-59],[-4,-34],[-20,-14],[-57,37],[-30,-61],[-23,14],[57,106],[38,37],[9,33],[49,22],[520,819],[-53,56],[83,137],[15,-12],[-6,30],[-27,76],[-7,110],[-14,159],[-61,114],[-16,83],[-7,66],[10,132],[-43,164],[24,132],[7,78],[-28,380],[-88,287],[-121,220],[-110,191],[-65,140],[-61,125],[-4,72],[9,50],[-24,36],[-16,68],[-35,53],[-11,67],[-15,28],[-10,146],[-13,44],[-54,166],[-57,85],[-25,65],[0,41],[-21,38],[5,21],[-12,5],[-22,55],[-7,60],[-59,166],[-53,71],[-70,150],[-64,57],[46,54],[19,43],[64,45],[73,120],[63,28],[124,118],[104,39],[125,-17],[66,44],[61,127],[154,98],[47,86],[-26,38],[-36,66],[-98,95],[-28,54],[-83,44],[-7,26],[-55,141],[-7,45],[-25,39],[-34,296],[-44,20],[-213,-12],[-92,18],[123,49],[44,51],[59,127],[10,112],[33,17],[23,41],[242,106],[149,124],[68,19],[24,33],[74,36],[14,39],[-3,28],[-52,64],[-2,29],[217,138],[41,3],[-4,20],[19,-4],[16,29],[55,23],[19,-20],[13,26],[68,16],[35,26],[34,60],[26,10],[49,-35],[-14,-37],[78,-49],[138,33],[172,75],[-11,233],[-26,135],[14,20],[43,9],[4,31],[40,3],[82,70],[-45,61],[-4,55],[-3,24],[-39,26],[-20,-46],[-82,39],[-153,15],[-31,71],[36,25],[53,4],[-37,86],[-45,63],[-7,53],[-40,29],[0,59],[-140,39],[-43,58],[78,27],[87,115],[59,42],[-32,88],[-25,30],[-6,45],[-26,41],[-21,66],[-27,48],[-17,-3],[-34,26],[27,111],[-9,65],[-49,23],[15,75],[-4,26],[140,119],[164,237],[-16,66],[9,-8],[76,84],[144,218],[24,67],[-48,65],[8,13],[-23,43],[7,12],[-8,26],[19,34],[-2,23],[104,128],[22,15],[212,-87],[57,49],[29,-5],[74,40],[42,-67],[49,29],[16,-1],[8,-23],[15,12],[-9,14],[30,11],[58,84],[-16,39],[135,102],[6,75],[-42,80],[-7,53],[78,104],[18,60],[-26,4],[-8,-19],[-4,82],[-37,-13],[-42,83],[-26,-10],[-25,59],[-156,102],[68,62],[-27,42],[-15,-12],[-16,30],[-41,-14],[-13,19],[-30,-34],[-27,19],[-22,-19],[-36,43],[59,19],[41,48],[26,0],[114,71],[20,-6],[71,114],[28,119],[83,-7],[133,39],[97,112],[20,91],[-57,21],[-26,40],[-42,28],[-63,20],[-8,20],[23,58],[7,79],[-7,45],[-102,285],[8,20],[-14,107],[80,-7],[41,30],[31,91],[-2,52],[-10,12],[9,1],[-6,20],[10,3],[-17,29],[19,25],[-13,25],[-16,-1],[2,36],[38,34],[31,68],[-100,120],[-47,-36],[-39,35],[-99,-52],[-4,36],[-12,-2],[-130,228],[-8,38],[-60,43],[-1,163],[30,150],[-5,80],[-14,47],[-36,24],[-28,47],[-113,6],[-42,195],[-67,129],[-138,124],[16,109],[-9,23],[-3,42],[21,-5],[0,27],[19,1],[-3,29],[26,19],[24,7],[49,-23],[28,27],[76,-15],[7,21],[18,-23],[15,24],[13,-18],[9,24],[33,6],[33,56],[-5,42],[14,2],[9,43],[28,16],[14,48],[18,18],[-9,29],[37,57],[-18,46],[22,32],[28,-20],[26,12],[19,79],[-2,67],[40,40],[37,2],[21,45],[-16,11],[5,32],[26,39],[34,-2],[3,22],[-12,4],[11,7],[-11,7],[10,15],[-25,-1],[-1,45],[26,22],[-5,20],[36,28],[-10,32],[-112,-34],[-48,-51],[-27,11],[-31,64],[5,43],[37,43],[6,27],[-19,93],[-29,52],[61,70],[-17,46],[7,24],[36,-9],[25,21],[25,134],[5,124],[62,9],[46,-56],[77,-11],[32,-21],[83,170],[-11,15],[16,32],[-46,28],[-28,-50],[-20,15],[36,70],[40,155],[-48,35],[12,37],[-8,87],[-93,63],[0,16],[53,266],[14,-12],[45,105],[24,63],[14,88],[48,-60],[44,84],[25,-12],[68,-37],[23,18],[47,-35],[296,-3],[-11,-48],[126,-119],[36,-159],[-7,-60],[8,-71],[21,-22],[19,-80],[76,-75],[40,-121],[-33,-19],[51,-64],[0,-79],[51,41],[26,-19],[27,11],[159,125],[99,73],[101,17],[107,-48],[43,-56],[67,45],[130,157],[-2,42],[99,-36],[-1,-14],[38,-18],[13,1],[0,30],[9,0],[5,-38],[140,-19],[4,-58],[32,17],[2,-16],[136,-14],[-3,-65],[-17,-74],[4,-83],[61,-11],[7,-33],[39,-55],[78,-26],[2,-26],[46,3],[2,-17],[67,-12],[42,-37],[18,-102],[65,-130],[-4,-142],[26,-15],[3,-23],[43,-27],[15,48],[34,10],[-1,-12],[14,-5],[7,28],[24,-2],[2,28],[145,-16],[-22,-76],[79,143],[24,97],[37,81],[37,44],[330,111],[140,79],[-63,114],[116,95],[34,47],[17,56],[8,169],[54,25],[24,45],[114,104],[38,77],[8,54],[133,231],[13,44],[2,55],[3,18],[45,-3],[22,-95],[19,-38],[112,-67],[82,19],[97,98],[57,21],[14,-18],[21,31],[30,-50],[44,-7],[17,30],[48,-14],[62,37],[50,139],[-26,18],[28,57],[-25,48],[51,11],[-28,17],[-2,30],[1,40],[24,57],[65,64],[47,79],[4,60],[-8,58],[48,63],[43,29]],[[52537,55413],[-19,-43],[-67,-41],[-48,-24],[-16,-8],[0,-9],[-43,-20],[8,-53],[60,35],[0,0],[1,-2],[2,-3],[0,0],[0,0],[1,0],[33,-46],[1,0],[2,-7],[1,-2],[0,-2],[1,-1],[1,-2],[0,0],[17,-26],[0,0],[1,-4],[-1,0],[0,-3],[0,-3],[0,-2],[1,-5],[0,-1],[1,-3],[0,0],[0,-1],[4,-15],[5,-16],[7,2],[6,2],[8,-18],[0,-1],[0,0],[5,2],[3,1],[5,1],[6,3],[6,2],[3,1],[69,24],[1,-2],[0,0],[1,1],[2,2],[2,1],[34,37],[2,1],[37,17],[3,2],[12,6],[0,0],[0,0],[0,1],[7,4],[7,3],[131,66],[15,-10],[3,-11],[34,-152],[25,-48],[32,-61],[46,-87],[2,-5],[12,-27],[0,0],[-38,-10],[0,0],[-11,-2],[-13,-8],[-24,-13],[-4,-3],[0,0],[-8,-5],[-35,-27],[-60,-21],[-13,-23],[0,0],[0,0],[0,0],[3,-14],[2,-11],[0,0],[-1,-37],[0,0],[-1,-23],[6,2],[2,-29],[11,2],[0,0],[0,0],[10,-80],[0,-5],[0,0],[0,-1],[1,-1],[1,-8],[0,0],[0,0],[1,-1],[1,-2],[2,-3],[2,-2],[2,-1],[1,-1],[3,0],[2,-1],[9,-4],[0,-1],[2,-1],[2,0],[2,-1],[1,0],[1,1],[1,0],[10,-5],[23,-37],[0,-4],[0,-1],[0,-1],[0,-1],[0,0],[1,0],[0,0],[1,0],[0,0],[3,-1],[1,-2],[0,-1],[0,-1],[0,-1],[0,-1],[0,-1],[0,-1],[0,-1],[1,-1],[0,0],[1,-1],[0,0],[0,0],[5,-6],[13,-14],[1,0],[0,0],[1,-1],[1,0],[1,-1],[1,0],[3,-1],[1,0],[0,0],[1,1],[1,0],[0,0],[10,-6],[0,0],[0,-1],[1,0],[2,-1],[0,0],[3,-3],[1,-1],[0,0],[0,-1],[1,0],[0,0],[1,0],[0,0],[1,0],[0,0],[10,-7],[0,0],[0,-4],[6,-6],[2,-2],[0,0],[2,-1],[16,-9],[0,0],[3,2],[2,1],[56,-36],[0,-1],[0,0],[1,-9],[0,0],[0,-1],[0,-1],[1,0],[0,-1],[8,-49],[0,0],[0,-1],[0,-1],[0,-1],[1,-1],[0,-2],[0,0],[0,-1],[0,-1],[0,-1],[0,-2],[-1,-1],[0,-2],[0,-1],[0,-5],[1,-3],[0,-1],[0,-1],[-1,-1],[0,-3],[0,-1],[0,-1],[0,-1],[0,-1],[0,-1],[-1,-2],[0,-1],[0,0],[0,-1],[0,-1],[1,-1],[0,-1],[-1,-12],[0,-2],[0,-1],[0,-2],[0,-1],[0,-1],[-1,-7],[0,-1],[3,-6],[5,-8],[0,0],[0,0],[7,-31],[0,-3],[9,-14],[0,0],[5,-8],[7,-5],[2,0],[5,1],[0,0],[1,0],[0,-1],[32,-33],[1,1],[7,3],[0,0],[0,0],[1,0],[10,-10],[3,0],[4,1],[0,0],[0,0],[0,-1],[5,-8],[2,3],[1,2],[0,0],[0,0],[1,-2],[4,-5],[6,2],[2,-6],[2,2],[1,0],[1,1],[3,2],[0,0],[2,-8],[8,2],[1,0],[0,0],[0,0],[2,-2],[1,-1],[1,-1],[1,-1],[0,0],[1,0],[0,0],[0,0],[0,1],[1,0],[0,1],[0,1],[5,-3],[3,-2],[1,-2],[1,0],[0,0],[0,0],[5,-2],[13,-7],[0,-1],[0,-2],[0,0],[-1,-1],[0,-1],[1,-1],[0,0],[1,-2],[0,0],[0,-1],[0,-2],[0,0],[0,-1],[1,0],[0,0],[1,0],[1,0],[0,0],[1,-1],[0,0],[-1,-7],[5,-6],[4,-17],[1,-3],[1,-5],[4,0],[5,-9],[2,-2],[4,-7],[3,-1],[1,0],[0,0],[25,-50],[0,0],[0,-1],[9,-17],[18,-19],[18,-13],[12,-9],[11,-8],[41,-28],[11,-3],[9,-2],[36,20],[14,-9],[1,0],[0,-2],[0,-2],[1,-1],[0,-2],[1,-2],[1,-2],[2,-2],[0,0],[3,-4],[2,-2],[1,-2],[3,-2],[1,-1],[1,0],[1,-1],[1,0],[1,-1],[1,0],[2,0],[2,-1],[2,0],[2,0],[5,0],[22,-2],[2,-4],[11,3],[18,5],[5,3],[17,10],[3,1],[4,-5],[0,0],[51,12],[29,-8],[16,-5],[0,0],[8,2],[15,-5],[21,-12],[11,-12],[3,-3],[8,-12],[7,-10],[15,-12],[14,-2],[4,0],[49,5],[2,0],[0,0],[0,0],[11,-4],[16,-4],[24,-1],[29,8],[43,21],[18,9],[19,9],[19,3],[12,20],[2,1],[1,1],[53,41],[2,48],[5,17],[16,-17],[0,0],[0,0],[28,8],[1,0],[41,3],[1,-1],[77,-30],[1,0],[1,-2],[2,-1],[1,-1],[0,0],[2,-1],[2,-1],[0,0],[2,-1],[2,-1],[0,0],[2,-1],[1,-1],[0,0],[2,-1],[1,0],[2,-1],[2,-1],[0,0],[2,0],[1,-1],[2,-1],[5,-1],[2,-1],[2,-1],[2,0],[3,-1],[1,-1],[0,0],[0,0],[0,0],[8,-3],[3,-1],[0,0],[0,0],[2,4],[3,5],[1,4],[0,0],[5,11],[23,-8],[8,-6],[9,-11],[6,-11],[1,-3],[0,0],[3,-4],[7,-8],[1,0],[29,-15],[0,0],[2,2],[33,-19],[53,72],[20,-18],[6,-8],[2,3],[1,-5],[4,-6],[1,2],[29,32],[13,-12],[1,-1],[0,0],[5,5],[2,2],[1,2],[11,11],[73,4],[23,-11],[30,-13],[-9,-27],[2,-5],[-1,-2],[0,-1],[-5,-5],[-6,-19],[-2,-6],[13,-54],[14,-33],[6,-9],[13,13],[-13,29],[-7,29],[11,2],[9,2],[28,5],[2,-22],[52,-16],[-5,-20],[2,-1],[13,-7],[37,-50],[55,-20],[4,-11],[15,7],[112,-11],[19,-2],[23,-2],[12,-24],[1,-1],[0,0],[10,-21],[1,0],[0,-2],[32,6],[0,5],[4,1],[16,-7],[10,-9],[4,1],[22,3],[23,-8],[1,-1],[14,-34],[1,-4],[4,-13],[-21,-22],[-26,-12],[-5,-12],[-3,0],[-3,-1],[-4,-12],[-35,-39],[52,-98],[7,-8],[17,7],[5,1],[4,0],[13,-40],[19,-53],[-1,-1],[0,-1],[0,0],[-2,-17],[0,-5],[1,-3],[0,-2],[1,-2],[-15,-87],[-57,-39],[-16,0],[3,-8],[4,-4],[11,-11],[26,-30],[-5,-139],[31,-42],[3,-31],[4,-55],[3,-10],[2,-16],[23,-50],[2,-2],[1,-8],[0,0],[9,-3],[40,-41],[3,-7],[0,0],[10,-9],[38,10],[0,0],[3,15],[7,35],[9,24],[86,-35],[2,2],[0,0],[0,0],[3,-6],[7,-33],[-5,-32],[-11,-30],[-8,-21],[-11,-62],[-5,-19],[-60,28],[0,-1],[-1,1],[0,0],[-54,-57],[-3,-13],[-6,-27],[0,0],[6,-42],[0,0],[21,-26],[29,-26],[1,1],[68,40],[18,12],[50,30],[25,15],[14,9],[58,36],[9,6],[3,2],[36,23],[8,0],[1,0],[52,-7],[49,-62],[2,-2],[63,-84],[0,0],[14,12],[15,14],[23,20],[2,2],[6,7],[38,-22],[0,1],[7,-6],[0,0],[10,12],[4,4],[5,2],[47,24],[3,2],[3,1],[3,0],[0,0],[19,6],[12,4],[10,7],[5,3],[19,13],[51,-6],[37,-19],[0,0],[14,23],[3,7],[1,4],[1,3],[9,4],[3,1],[7,-7],[6,-6],[1,-2],[-12,-14],[-24,-26],[0,0],[0,0],[-23,-62],[0,0],[0,-21],[-1,-15],[0,0],[0,0],[9,-17],[0,0],[0,0],[8,-51],[0,0],[8,-10],[3,4],[13,15],[83,16],[45,-13],[5,-3],[7,-4],[9,-1],[1,0],[7,-1],[65,-20],[2,0],[16,-6],[0,0],[0,1],[6,-2],[62,173],[1,2],[0,0],[2,5],[2,4],[10,29],[8,19],[0,0],[0,5],[12,35],[4,8],[1,3],[5,11],[1,5],[5,9],[0,2],[7,14],[3,7],[4,10],[2,4],[1,3],[1,3],[1,4],[2,5],[0,6],[1,3],[2,9],[0,0],[57,135],[12,11],[12,11],[0,0],[1,0],[2,1],[23,9],[1,0],[1,1],[1,1],[6,5],[3,2],[9,9],[5,8],[1,3],[18,10],[16,-5],[3,-2],[10,-6],[6,-3],[5,-3],[6,-4],[5,-2],[8,-2],[4,-1],[4,-1],[10,-3],[14,-4],[27,-3],[19,-2],[0,0],[1,0],[6,0],[5,0],[4,-1],[5,1],[6,0],[17,3],[5,0],[4,1],[5,1],[1,0],[0,0],[23,12],[15,3],[31,-47],[0,0],[3,-11],[0,0],[4,1],[1,-2],[78,4],[6,1],[9,0],[0,-3],[0,-7],[1,-13],[1,-13],[0,0],[0,0],[12,-39],[0,-30],[8,-28],[2,-16],[2,-20],[0,0],[0,0],[2,-2],[31,-20],[0,0],[11,-11],[24,-25],[3,2],[22,-19],[-7,-13],[0,0],[11,-12],[39,-24],[34,-5],[0,0],[0,0],[1,-6],[0,0],[0,0],[7,0],[1,0],[2,0],[2,0],[2,0],[8,0],[5,1],[4,-16],[0,-3],[0,-2],[0,-2],[1,-4],[1,-4],[1,-6],[0,0],[0,0],[0,0],[2,1],[2,-8],[1,-4],[122,4],[19,0],[3,0],[0,-1],[0,1],[1,0],[11,34],[0,0],[1,1],[1,2],[0,1],[1,2],[0,1],[0,2],[1,3],[-5,109],[-27,53],[-1,8],[0,4],[0,0],[0,0],[-12,17],[0,0],[-6,10],[-1,23],[7,28],[0,0],[0,0],[-5,11],[-13,29],[0,0],[0,2],[0,4],[1,7],[0,5],[1,5],[0,2],[0,0],[0,0],[0,1],[6,13],[9,18],[11,23],[2,45],[0,2],[12,24],[19,25],[18,13],[0,2],[3,34],[51,26],[0,0],[2,0],[5,2],[0,0],[4,3],[8,4],[11,6],[29,14],[24,4],[16,3],[16,-13],[0,0],[0,0],[8,-12],[0,0],[2,-8],[1,-7],[8,-3],[0,0],[8,-14],[2,-3],[7,-3],[11,11],[48,16],[4,1],[0,0],[4,3],[2,2],[19,17],[2,0],[4,0],[6,0],[17,8],[8,4],[0,0],[38,33],[0,0],[-4,13],[-6,23],[-2,7],[-3,11],[0,0],[6,34],[0,0],[1,10],[0,0],[7,9],[17,23],[19,63],[36,89],[-3,56],[-1,27],[-9,164],[7,20],[7,24],[0,1],[6,41],[3,39],[1,-1],[38,-43],[23,-54],[4,-8],[0,0],[18,-20],[17,0],[0,0],[15,7],[5,1],[16,7],[4,2],[2,1],[11,4],[3,0],[4,1],[1,0],[0,0],[3,2],[4,2],[74,25],[-3,-32],[0,0],[-14,-74],[0,0],[0,0],[0,0],[-1,-52],[0,0],[6,2],[-1,-9],[63,42],[134,116],[1,1],[7,4],[5,3],[3,2],[0,0],[-6,33],[13,5],[8,4],[19,9],[5,-2],[5,3],[13,-20],[0,0],[17,-39],[37,9],[43,29],[11,26],[-3,11],[-2,2],[-16,18],[-3,-2],[-10,21],[-3,8],[0,0],[-13,19],[0,0],[-5,3],[-7,4],[-6,1],[-27,36],[-35,79],[-9,27],[-2,6],[-6,15],[-2,4],[7,16],[6,6],[0,0],[0,0],[-1,3],[15,21],[0,0],[9,23],[0,0],[-2,4],[10,11],[10,7],[5,-8],[17,10],[4,-9],[0,0],[43,23],[11,6],[0,0],[5,-25],[30,13],[24,25],[6,5],[0,1],[67,48],[4,3],[8,5],[10,7],[5,3],[3,2],[8,5],[7,6],[6,5],[4,4],[7,10],[61,48],[11,-44],[-2,-3],[0,0],[0,0],[4,-6],[26,-46],[0,-1],[0,0],[9,3],[15,2],[40,17],[105,-35],[6,-4],[3,-1],[1,-1],[3,0],[29,-7],[16,-5],[4,0],[3,0],[4,0],[1,1],[7,0],[43,4],[14,-20],[4,1],[1,-5],[0,-1],[19,8],[24,11],[2,1],[46,20],[18,7],[118,-24],[30,5],[10,0],[22,2],[5,-1],[11,0],[13,1],[13,2],[25,8],[14,4],[1,1],[8,4],[0,0],[0,0],[-3,31],[5,1],[0,0],[-9,28],[0,0],[-8,8],[14,24],[6,2],[15,-11],[0,-3],[2,1],[26,-19],[1,0],[0,-2],[50,13],[31,11],[32,17],[28,-6],[5,-11],[0,0],[17,3],[0,0],[36,-5],[2,0],[14,-3],[61,-40],[2,6],[7,-5],[0,0],[33,90],[13,35],[0,0],[4,46],[10,15],[16,9],[4,22],[15,-15],[4,-12],[0,-23],[-7,-22],[5,-23],[40,-4],[22,-10],[22,-74],[9,-10],[27,-12],[4,0],[3,1],[6,0],[11,5],[0,0],[8,3],[11,2],[0,0],[25,3],[29,20],[10,3],[0,0],[18,5],[8,3],[21,-44],[10,-20],[0,0],[2,-7],[2,-3],[2,-2],[0,0],[5,-11],[64,-18],[7,-32],[-1,-5],[0,-5],[1,-9],[0,-3],[3,-5],[2,-5],[4,-9],[3,-8],[7,-6],[19,2],[0,0],[38,2],[32,9],[14,-4],[0,0],[19,-5],[0,0],[2,3],[13,14],[5,2],[51,-16],[1,-2],[0,-4],[1,-1],[0,-1],[1,-2],[2,-1],[2,-1],[1,-1],[1,0],[32,-13],[1,-1],[0,0],[3,3],[6,6],[3,0],[3,-1],[6,-2],[2,0],[2,-1],[2,-1],[4,0],[2,-1],[16,-9],[3,-10],[-1,-1],[0,-2],[1,-2],[1,-1],[0,0],[2,-9],[1,-10],[-1,-1],[0,0],[-1,-1],[-2,-2],[0,-2],[0,-3],[1,-3],[1,-6],[1,-2],[2,-2],[1,0],[1,-20],[-6,-40],[-3,-19],[-1,-3],[-2,-3],[0,-2],[-2,-8],[0,-6],[1,-4],[0,-1],[-2,-14],[-1,-1],[-2,-3],[0,-3],[0,-1],[1,-3],[-4,-24],[0,0],[0,-2],[-1,-3],[1,-2],[0,-1],[2,-5],[0,-1],[0,-2],[1,-2],[-1,-2],[1,-2],[0,-2],[1,-1],[1,-3],[0,-1],[2,-2],[1,-2],[0,-1],[0,-2],[1,-2],[1,-3],[0,-8],[0,0],[-1,-3],[0,-3],[1,-2],[2,-3],[1,-2],[2,-1],[2,-2],[6,-4],[3,-2],[3,-2],[4,-3],[7,-4],[0,0],[4,-3],[5,-15],[0,0],[0,0],[7,-8],[0,0],[0,0],[23,-3],[4,-1],[9,-1],[0,0],[18,5],[0,0],[22,15],[0,0],[0,0],[0,0],[1,1],[8,8],[3,4],[25,14],[2,-1],[1,-1],[10,-11],[4,-7],[-9,-33],[-1,-1],[-1,-6],[-1,-2],[0,0],[-8,-30],[-12,5],[-8,5],[-4,2],[-20,6],[-1,1],[-2,0],[-6,-3],[-3,-3],[-7,-6],[-3,-3],[-2,-4],[-1,-4],[0,-1],[2,-12],[0,-1],[-1,-1],[1,-5],[1,-1],[1,-7],[2,-12],[0,0],[0,0],[4,-8],[2,-3],[5,-10],[15,-45],[0,0],[0,0],[15,-8],[0,0],[0,0],[4,-2],[3,0],[1,-1],[29,-22],[-7,-14],[-2,1],[-3,1],[-7,-1],[-3,-2],[-1,-1],[-1,-2],[-5,-13],[0,0],[0,0],[5,-8],[9,-18],[9,-16],[0,0],[0,0],[2,0],[5,-2],[12,-3],[6,-2],[0,0],[17,2],[0,0],[0,1],[-2,8],[7,9],[0,0],[3,8],[0,0],[1,6],[0,19],[-1,9],[0,0],[0,4],[2,10],[3,5],[44,-3],[1,0],[0,0],[12,0],[2,2],[1,1],[0,0],[0,0],[17,9],[0,0],[0,0],[16,17],[18,21],[4,0],[13,-11],[0,-1],[0,0],[0,0],[0,0],[-60,-174],[-2,-1],[0,0],[-5,-18],[-2,-7],[-3,-20],[0,0],[0,0],[11,-20],[5,-10],[3,-6],[0,-1],[0,0],[11,-5],[0,0],[0,0],[2,1],[3,1],[1,1],[3,3],[0,0],[1,1],[23,0],[6,-4],[1,-1],[3,-14],[0,0],[0,0],[8,-3],[5,-3],[25,-10],[2,-1],[0,0],[5,-4],[1,-1],[26,-19],[0,0],[9,-16],[2,0],[1,2],[3,7],[11,-7],[6,-9],[5,-17],[0,0],[12,10],[0,0],[0,0],[14,17],[10,14],[20,22],[17,9],[54,29],[31,-74],[-1,0],[1,-2],[1,-1],[0,-1],[0,-1],[0,-2],[0,-2],[1,-2],[0,-1],[0,0],[2,-17],[6,2],[3,1],[0,1],[18,6],[0,0],[0,0],[1,0],[1,3],[29,13],[1,-2],[1,-1],[0,-1],[1,-1],[0,0],[0,0],[2,2],[1,0],[3,1],[1,1],[1,2],[1,2],[71,-63],[37,-40],[-4,-2],[0,0],[0,0],[11,-22],[0,0],[0,0],[41,-52],[3,2],[35,-57],[0,-2],[1,-7],[3,-7],[2,-3],[0,0],[6,-1],[0,-1],[45,-16],[17,-82],[4,2],[1,-2],[0,0],[7,6],[29,14],[59,28],[12,-6],[44,26],[0,0],[9,-11],[21,-34],[27,-35],[0,0],[21,-18],[4,-3],[26,9],[6,6],[31,9],[40,12],[1,0],[10,-15],[13,-20],[10,-14],[18,-28],[0,0],[35,-44],[45,-58],[0,0],[14,-13],[8,-7],[15,-14],[4,-3],[25,-22],[1,-2],[1,0],[1,0],[26,4],[16,2],[5,1],[14,2],[16,2],[0,0],[0,0],[-5,35],[-5,30],[-8,52],[0,0],[-6,66],[0,0],[4,121]]],"transform":{"scale":[0.000056662450936509366,0.000031293153850538476],"translate":[2.8421689997,47.8130509995]},"objects":{"blocs":{"type":"GeometryCollection","geometries":[{"arcs":[[0,1,2,3]],"type":"Polygon","properties":{"id":"sarre","name":"Sarre","pays":"Allemagne","cx":6.953,"cy":49.405}},{"arcs":[[-3,4,5,6,7]],"type":"Polygon","properties":{"id":"rhenanie-palatinat","name":"Rhénanie-Palatinat","pays":"Allemagne","cx":7.314,"cy":50.042}},{"arcs":[[[-6,8,9,10]],[[11]]],"type":"MultiPolygon","properties":{"id":"wallonie","name":"Wallonie","pays":"Belgique","cx":5.311,"cy":50.279}},{"arcs":[[-1,-4,-8,12,-10,13]],"type":"Polygon","properties":{"id":"lorraine","name":"Lorraine","pays":"France","cx":6.142,"cy":48.762}},{"arcs":[[-2,-14,-9,-5]],"type":"Polygon","properties":{"id":"luxembourg","name":"Luxembourg","pays":"Luxembourg","cx":6.087,"cy":49.773}}]}}}