id,name,subdivision,territoire,sigle,pays,pays_sigle,latitude,longitude
55001,Abainville,Meuse,Lorraine,LOR,France,FR,48.537,5.508
54001,Abaucourt,Meurthe-et-Moselle,Lorraine,LOR,France,FR,48.894,6.268
55002,Abaucourt-Hautecourt,Meuse,Lorraine,LOR,France,FR,49.199,5.558
54002,Abbéville-lès-Conflans,Meurthe-et-Moselle,Lorraine,LOR,France,FR,49.201,5.844
54003,Aboncourt (Meurthe-et-Moselle),Meurthe-et-Moselle,Lorraine,LOR,France,FR,48.361,5.97
57001,Aboncourt (Moselle),Moselle,Lorraine,LOR,France,FR,49.256,6.354
57002,Aboncourt-sur-Seille,Moselle,Lorraine,LOR,France,FR,48.817,6.356
57003,Abreschviller,Moselle,Lorraine,LOR,France,FR,48.602,7.156
57004,Achain,Moselle,Lorraine,LOR,France,FR,48.916,6.591
57006,Achen,Moselle,Lorraine,LOR,France,FR,49.047,7.186
57007,Adaincourt,Moselle,Lorraine,LOR,France,FR,49.006,6.443
57008,Adelange,Moselle,Lorraine,LOR,France,FR,49.008,6.605
54004,Affléville,Meurthe-et-Moselle,Lorraine,LOR,France,FR,49.268,5.753
54005,Affracourt,Meurthe-et-Moselle,Lorraine,LOR,France,FR,48.458,6.165
54006,Agincourt,Meurthe-et-Moselle,Lorraine,LOR,France,FR,48.729,6.235
88002,Ahéville,Vosges,Lorraine,LOR,France,FR,48.285,6.2
55004,Aincreville,Meuse,Lorraine,LOR,France,FR,49.369,5.116
54007,Aingeray,Meurthe-et-Moselle,Lorraine,LOR,France,FR,48.741,6.022
88003,Aingeville,Vosges,Lorraine,LOR,France,FR,48.206,5.768
88004,Ainvelle,Vosges,Lorraine,LOR,France,FR,47.988,5.829
57009,Ajoncourt,Moselle,Lorraine,LOR,France,FR,48.846,6.306
57010,Alaincourt-la-Côte,Moselle,Lorraine,LOR,France,FR,48.892,6.335
57011,Albestroff,Moselle,Lorraine,LOR,France,FR,48.93,6.869
57012,Algrange,Moselle,Lorraine,LOR,France,FR,49.364,6.047
54008,Allain,Meurthe-et-Moselle,Lorraine,LOR,France,FR,48.55,5.921
54009,Allamont,Meurthe-et-Moselle,Lorraine,LOR,France,FR,49.129,5.772
54010,Allamps,Meurthe-et-Moselle,Lorraine,LOR,France,FR,48.548,5.815
88005,Allarmont,Vosges,Lorraine,LOR,France,FR,48.469,7.021
54011,Allondrelle-la-Malmaison,Meurthe-et-Moselle,Lorraine,LOR,France,FR,49.512,5.568
57013,Alsting,Moselle,Lorraine,LOR,France,FR,49.181,7.002
57014,Altrippe,Moselle,Lorraine,LOR,France,FR,49.028,6.816
57015,Altviller,Moselle,Lorraine,LOR,France,FR,49.07,6.731
57016,Alzing,Moselle,Lorraine,LOR,France,FR,49.278,6.554
54012,Amance,Meurthe-et-Moselle,Lorraine,LOR,France,FR,48.756,6.311
55005,Amanty,Meuse,Lorraine,LOR,France,FR,48.515,5.605
57017,Amanvillers,Moselle,Lorraine,LOR,France,FR,49.161,6.046
88006,Ambacourt,Vosges,Lorraine,LOR,France,FR,48.35,6.138
55007,Ambly-sur-Meuse,Meuse,Lorraine,LOR,France,FR,49.021,5.452
55008,Amel-sur-l'Étang,Meuse,Lorraine,LOR,France,FR,49.258,5.646
57018,Amelécourt,Moselle,Lorraine,LOR,France,FR,48.842,6.486
54013,Amenoncourt,Meurthe-et-Moselle,Lorraine,LOR,France,FR,48.628,6.783
88007,Ameuvelle,Vosges,Lorraine,LOR,France,FR,47.949,5.952
57019,Amnéville,Moselle,Lorraine,LOR,France,FR,49.254,6.128
55009,Ancemont,Meuse,Lorraine,LOR,France,FR,49.07,5.395
55010,Ancerville (Meuse),Meuse,Lorraine,LOR,France,FR,48.64,5.024
57020,Ancerville (Moselle),Moselle,Lorraine,LOR,France,FR,49.033,6.398
54014,Ancerviller,Meurthe-et-Moselle,Lorraine,LOR,France,FR,48.534,6.836
57021,Ancy-Dornot,Moselle,Lorraine,LOR,France,FR,49.061,6.047
55011,Andernay,Meuse,Lorraine,LOR,France,FR,48.784,4.952
54015,Anderny,Meurthe-et-Moselle,Lorraine,LOR,France,FR,49.336,5.879
54016,Andilly,Meurthe-et-Moselle,Lorraine,LOR,France,FR,48.767,5.887
57022,Angevillers,Moselle,Lorraine,LOR,France,FR,49.388,6.043
88008,Anglemont,Vosges,Lorraine,LOR,France,FR,48.376,6.668
54017,Angomont,Meurthe-et-Moselle,Lorraine,LOR,France,FR,48.505,6.969
88009,Anould,Vosges,Lorraine,LOR,France,FR,48.185,6.941
54018,Anoux,Meurthe-et-Moselle,Lorraine,LOR,France,FR,49.276,5.865
54019,Ansauville,Meurthe-et-Moselle,Lorraine,LOR,France,FR,48.817,5.823
54020,Anthelupt,Meurthe-et-Moselle,Lorraine,LOR,France,FR,48.605,6.414
57024,Antilly,Moselle,Lorraine,LOR,France,FR,49.195,6.248
57025,Anzeling,Moselle,Lorraine,LOR,France,FR,49.268,6.463
88010,Aouze,Vosges,Lorraine,LOR,France,FR,48.384,5.866
57026,Apach,Moselle,Lorraine,LOR,France,FR,49.459,6.387
55012,Apremont-la-Forêt,Meuse,Lorraine,LOR,France,FR,48.848,5.624
88011,Arches,Vosges,Lorraine,LOR,France,FR,48.111,6.525
88012,Archettes,Vosges,Lorraine,LOR,France,FR,48.13,6.558
57028,Argancy,Moselle,Lorraine,LOR,France,FR,49.199,6.212
54021,Armaucourt,Meurthe-et-Moselle,Lorraine,LOR,France,FR,48.812,6.299
54022,Arnaville,Meurthe-et-Moselle,Lorraine,LOR,France,FR,49.011,6.025
88013,Aroffe,Vosges,Lorraine,LOR,France,FR,48.404,5.905
54023,Arracourt,Meurthe-et-Moselle,Lorraine,LOR,France,FR,48.724,6.533
57027,Arraincourt,Moselle,Lorraine,LOR,France,FR,48.977,6.531
55013,Arrancy-sur-Crusnes,Meuse,Lorraine,LOR,France,FR,49.41,5.655
54024,Arraye-et-Han,Meurthe-et-Moselle,Lorraine,LOR,France,FR,48.834,6.283
88014,Arrentès-de-Corcieux,Vosges,Lorraine,LOR,France,FR,48.13,6.882
57029,Arriance,Moselle,Lorraine,LOR,France,FR,49.019,6.504
57030,Arry,Moselle,Lorraine,LOR,France,FR,48.995,6.059
57031,Ars-Laquenexy,Moselle,Lorraine,LOR,France,FR,49.088,6.268
57032,Ars-sur-Moselle,Moselle,Lorraine,LOR,France,FR,49.089,6.035
54025,Art-sur-Meurthe,Meurthe-et-Moselle,Lorraine,LOR,France,FR,48.662,6.263
57033,Arzviller,Moselle,Lorraine,LOR,France,FR,48.722,7.163
57034,Aspach,Moselle,Lorraine,LOR,France,FR,48.653,6.966
57035,Assenoncourt,Moselle,Lorraine,LOR,France,FR,48.766,6.799
54026,Athienville,Meurthe-et-Moselle,Lorraine,LOR,France,FR,48.719,6.49
88016,Attigny,Vosges,Lorraine,LOR,France,FR,48.062,6.028
88015,Attignéville,Vosges,Lorraine,LOR,France,FR,48.398,5.826
57036,Attilloncourt,Moselle,Lorraine,LOR,France,FR,48.789,6.385
54027,Atton,Meurthe-et-Moselle,Lorraine,LOR,France,FR,48.891,6.117
57037,Aube,Moselle,Lorraine,LOR,France,FR,49.025,6.337
54028,Auboué,Meurthe-et-Moselle,Lorraine,LOR,France,FR,49.212,5.976
55014,Aubréville,Meuse,Lorraine,LOR,France,FR,49.144,5.086
54029,Audun-le-Roman,Meurthe-et-Moselle,Lorraine,LOR,France,FR,49.369,5.893
57038,Audun-le-Tiche,Moselle,Lorraine,LOR,France,FR,49.458,5.958
57039,Augny,Moselle,Lorraine,LOR,France,FR,49.055,6.116
88017,Aulnois,Vosges,Lorraine,LOR,France,FR,48.261,5.777
55015,Aulnois-en-Perthois,Meuse,Lorraine,LOR,France,FR,48.634,5.126
57040,Aulnois-sur-Seille,Moselle,Lorraine,LOR,France,FR,48.865,6.318
57041,Aumetz,Moselle,Lorraine,LOR,France,FR,49.418,5.947
88019,Autigny-la-Tour,Vosges,Lorraine,LOR,France,FR,48.418,5.779
54030,Autrepierre,Meurthe-et-Moselle,Lorraine,LOR,France,FR,48.608,6.798
88020,Autreville,Vosges,Lorraine,LOR,France,FR,48.495,5.855
54031,Autreville-sur-Moselle,Meurthe-et-Moselle,Lorraine,LOR,France,FR,48.829,6.107
54032,Autrey (Meurthe-et-Moselle),Meurthe-et-Moselle,Lorraine,LOR,France,FR,48.531,6.127
88021,Autrey (Vosges),Vosges,Lorraine,LOR,France,FR,48.282,6.722
55017,Autrécourt-sur-Aire,Meuse,Lorraine,LOR,France,FR,49.03,5.132
55018,Autréville-Saint-Lambert,Meuse,Lorraine,LOR,France,FR,49.561,5.134
88022,Auzainvilliers,Vosges,Lorraine,LOR,France,FR,48.236,5.853
54033,Avillers (Meurthe-et-Moselle),Meurthe-et-Moselle,Lorraine,LOR,France,FR,49.323,5.738
88023,Avillers (Vosges),Vosges,Lorraine,LOR,France,FR,48.315,6.208
55021,Avillers-Sainte-Croix,Meuse,Lorraine,LOR,France,FR,49.034,5.703
55022,Avioth,Meuse,Lorraine,LOR,France,FR,49.565,5.39
55023,Avocourt,Meuse,Lorraine,LOR,France,FR,49.204,5.143
54034,Avrainville (Meurthe-et-Moselle),Meurthe-et-Moselle,Lorraine,LOR,France,FR,48.772,5.946
88024,Avrainville (Vosges),Vosges,Lorraine,LOR,France,FR,48.378,6.222
88025,Avranville,Vosges,Lorraine,LOR,France,FR,48.419,5.531
54035,Avricourt (Meurthe-et-Moselle),Meurthe-et-Moselle,Lorraine,LOR,France,FR,48.644,6.812
57042,Avricourt (Moselle),Moselle,Lorraine,LOR,France,FR,48.656,6.804
54036,Avril,Meurthe-et-Moselle,Lorraine,LOR,France,FR,49.292,5.968
57043,Ay-sur-Moselle,Moselle,Lorraine,LOR,France,FR,49.247,6.194
88026,Aydoilles,Vosges,Lorraine,LOR,France,FR,48.207,6.575
55024,Azannes-et-Soumazannes,Meuse,Lorraine,LOR,France,FR,49.296,5.467
54037,Azelot,Meurthe-et-Moselle,Lorraine,LOR,France,FR,48.585,6.229
54038,Azerailles,Meurthe-et-Moselle,Lorraine,LOR,France,FR,48.498,6.694
57044,Azoudange,Moselle,Lorraine,LOR,France,FR,48.736,6.821
54039,Baccarat,Meurthe-et-Moselle,Lorraine,LOR,France,FR,48.452,6.747
57045,Bacourt,Moselle,Lorraine,LOR,France,FR,48.927,6.406
88027,Badménil-aux-Bois,Vosges,Lorraine,LOR,France,FR,48.312,6.522
54040,Badonviller,Meurthe-et-Moselle,Lorraine,LOR,France,FR,48.497,6.911
55026,Badonvilliers-Gérauvilliers,Meuse,Lorraine,LOR,France,FR,48.544,5.577
57046,Baerenthal,Moselle,Lorraine,LOR,France,FR,48.969,7.523
54041,Bagneux,Meurthe-et-Moselle,Lorraine,LOR,France,FR,48.555,5.877
54042,Bainville-aux-Miroirs,Meurthe-et-Moselle,Lorraine,LOR,France,FR,48.434,6.273
88030,Bainville-aux-Saules,Vosges,Lorraine,LOR,France,FR,48.207,6.133
54043,Bainville-sur-Madon,Meurthe-et-Moselle,Lorraine,LOR,France,FR,48.588,6.09
88031,Balléville,Vosges,Lorraine,LOR,France,FR,48.331,5.848
57047,Bambiderstroff,Moselle,Lorraine,LOR,France,FR,49.101,6.597
88032,Ban-de-Laveline,Vosges,Lorraine,LOR,France,FR,48.226,7.089
88033,Ban-de-Sapt,Vosges,Lorraine,LOR,France,FR,48.345,7.017
88106,Ban-sur-Meurthe-Clefcy,Vosges,Lorraine,LOR,France,FR,48.125,6.972
57048,Bannay,Moselle,Lorraine,LOR,France,FR,49.123,6.463
55027,Bannoncourt,Meuse,Lorraine,LOR,France,FR,48.957,5.493
55028,Bantheville,Meuse,Lorraine,LOR,France,FR,49.355,5.074
55029,Bar-le-Duc,Meuse,Lorraine,LOR,France,FR,48.759,5.149
54044,Barbas,Meurthe-et-Moselle,Lorraine,LOR,France,FR,48.571,6.849
88035,Barbey-Seroux,Vosges,Lorraine,LOR,France,FR,48.131,6.847
54045,Barbonville,Meurthe-et-Moselle,Lorraine,LOR,France,FR,48.553,6.357
57050,Barchain,Moselle,Lorraine,LOR,France,FR,48.708,6.958
54046,Barisey-au-Plain,Meurthe-et-Moselle,Lorraine,LOR,France,FR,48.523,5.853
54047,Barisey-la-Côte,Meurthe-et-Moselle,Lorraine,LOR,France,FR,48.545,5.844
57051,Baronville,Moselle,Lorraine,LOR,France,FR,48.938,6.614
57052,Barst,Moselle,Lorraine,LOR,France,FR,49.065,6.827
88036,Barville,Vosges,Lorraine,LOR,France,FR,48.375,5.766
54049,Baslieux,Meurthe-et-Moselle,Lorraine,LOR,France,FR,49.438,5.751
57287,Basse-Ham,Moselle,Lorraine,LOR,France,FR,49.376,6.238
57574,Basse-Rentgen,Moselle,Lorraine,LOR,France,FR,49.485,6.203
88037,Basse-sur-le-Rupt,Vosges,Lorraine,LOR,France,FR,47.984,6.768
57053,Bassing,Moselle,Lorraine,LOR,France,FR,48.872,6.8
54050,Bathelémont,Meurthe-et-Moselle,Lorraine,LOR,France,FR,48.695,6.526
54051,Batilly,Meurthe-et-Moselle,Lorraine,LOR,France,FR,49.178,5.968
88038,Battexey,Vosges,Lorraine,LOR,France,FR,48.389,6.181
54052,Battigny,Meurthe-et-Moselle,Lorraine,LOR,France,FR,48.444,5.985
55031,Baudonvilliers,Meuse,Lorraine,LOR,France,FR,48.688,5.006
57054,Baudrecourt,Moselle,Lorraine,LOR,France,FR,48.96,6.459
88039,Baudricourt,Vosges,Lorraine,LOR,France,FR,48.31,6.057
55032,Baudrémont,Meuse,Lorraine,LOR,France,FR,48.836,5.389
55033,Baulny,Meuse,Lorraine,LOR,France,FR,49.266,5.024
54053,Bauzemont,Meurthe-et-Moselle,Lorraine,LOR,France,FR,48.673,6.53
88040,Bayecourt,Vosges,Lorraine,LOR,France,FR,48.266,6.488
54054,Bayon,Meurthe-et-Moselle,Lorraine,LOR,France,FR,48.479,6.321
54055,Bayonville-sur-Mad,Meurthe-et-Moselle,Lorraine,LOR,France,FR,49.016,5.997
54056,Bazailles,Meurthe-et-Moselle,Lorraine,LOR,France,FR,49.408,5.764
88041,Bazegney,Vosges,Lorraine,LOR,France,FR,48.267,6.23
55034,Bazeilles-sur-Othain,Meuse,Lorraine,LOR,France,FR,49.499,5.424
88042,Bazien,Vosges,Lorraine,LOR,France,FR,48.414,6.676
55035,Bazincourt-sur-Saulx,Meuse,Lorraine,LOR,France,FR,48.678,5.141
88043,Bazoilles-et-Ménil,Vosges,Lorraine,LOR,France,FR,48.259,6.104
88044,Bazoilles-sur-Meuse,Vosges,Lorraine,LOR,France,FR,48.302,5.65
57055,Bazoncourt,Moselle,Lorraine,LOR,France,FR,49.058,6.383
55025,Baâlon,Meuse,Lorraine,LOR,France,FR,49.486,5.249
55036,Beauclair,Meuse,Lorraine,LOR,France,FR,49.459,5.113
55037,Beaufort-en-Argonne,Meuse,Lorraine,LOR,France,FR,49.48,5.108
88045,Beaufremont,Vosges,Lorraine,LOR,France,FR,48.253,5.746
55038,Beaulieu-en-Argonne,Meuse,Lorraine,LOR,France,FR,49.044,5.04
54057,Beaumont,Meurthe-et-Moselle,Lorraine,LOR,France,FR,48.852,5.786
55039,Beaumont-en-Verdunois,Meuse,Lorraine,LOR,France,FR,49.262,5.409
88046,Beauménil,Vosges,Lorraine,LOR,France,FR,48.174,6.724
55040,Beausite,Meuse,Lorraine,LOR,France,FR,48.966,5.207
88047,Begnécourt,Vosges,Lorraine,LOR,France,FR,48.209,6.163
55041,Behonne,Meuse,Lorraine,LOR,France,FR,48.798,5.175
57058,Behren-lès-Forbach,Moselle,Lorraine,LOR,France,FR,49.168,6.942
57059,Bellange,Moselle,Lorraine,LOR,France,FR,48.901,6.575
54059,Belleau,Meurthe-et-Moselle,Lorraine,LOR,France,FR,48.858,6.199
88048,Bellefontaine,Vosges,Lorraine,LOR,France,FR,48.012,6.464
55042,Belleray,Meuse,Lorraine,LOR,France,FR,49.133,5.387
57086,Belles-Forêts,Moselle,Lorraine,LOR,France,FR,48.808,6.9
54060,Belleville,Meurthe-et-Moselle,Lorraine,LOR,France,FR,48.812,6.086
55043,Belleville-sur-Meuse,Meuse,Lorraine,LOR,France,FR,49.179,5.393
88049,Belmont-lès-Darney,Vosges,Lorraine,LOR,France,FR,48.086,6.015
88050,Belmont-sur-Buttant,Vosges,Lorraine,LOR,France,FR,48.221,6.769
88051,Belmont-sur-Vair,Vosges,Lorraine,LOR,France,FR,48.259,5.915
55044,Belrain,Meuse,Lorraine,LOR,France,FR,48.864,5.307
88052,Belrupt,Vosges,Lorraine,LOR,France,FR,48.087,6.088
55045,Belrupt-en-Verdunois,Meuse,Lorraine,LOR,France,FR,49.148,5.451
88053,Belval,Vosges,Lorraine,LOR,France,FR,48.405,7.077
55046,Beney-en-Woëvre,Meuse,Lorraine,LOR,France,FR,48.96,5.815
54062,Benney,Meurthe-et-Moselle,Lorraine,LOR,France,FR,48.525,6.225
57062,Berg-sur-Moselle,Moselle,Lorraine,LOR,France,FR,49.435,6.311
57064,Berling,Moselle,Lorraine,LOR,France,FR,48.801,7.244
57065,Bermering,Moselle,Lorraine,LOR,France,FR,48.934,6.712
54063,Bernécourt,Meurthe-et-Moselle,Lorraine,LOR,France,FR,48.851,5.842
57066,Berthelming,Moselle,Lorraine,LOR,France,FR,48.819,6.983
54064,Bertrambois,Meurthe-et-Moselle,Lorraine,LOR,France,FR,48.57,7.026
57067,Bertrange,Moselle,Lorraine,LOR,France,FR,49.316,6.194
54065,Bertrichamps,Meurthe-et-Moselle,Lorraine,LOR,France,FR,48.434,6.817
88054,Bertrimoutier,Vosges,Lorraine,LOR,France,FR,48.262,7.063
57069,Berviller-en-Moselle,Moselle,Lorraine,LOR,France,FR,49.269,6.651
54066,Bettainvillers,Meurthe-et-Moselle,Lorraine,LOR,France,FR,49.298,5.912
57070,Bettange,Moselle,Lorraine,LOR,France,FR,49.239,6.49
57071,Bettborn,Moselle,Lorraine,LOR,France,FR,48.807,7.029
88055,Bettegney-Saint-Brice,Vosges,Lorraine,LOR,France,FR,48.304,6.316
57072,Bettelainville,Moselle,Lorraine,LOR,France,FR,49.244,6.315
57073,Betting,Moselle,Lorraine,LOR,France,FR,49.13,6.813
88056,Bettoncourt,Vosges,Lorraine,LOR,France,FR,48.341,6.167
57074,Bettviller,Moselle,Lorraine,LOR,France,FR,49.076,7.289
55049,Beurey-sur-Saulx,Meuse,Lorraine,LOR,France,FR,48.758,5.04
54067,Beuveille,Meurthe-et-Moselle,Lorraine,LOR,France,FR,49.436,5.675
54068,Beuvezin,Meurthe-et-Moselle,Lorraine,LOR,France,FR,48.379,5.978
54069,Beuvillers,Meurthe-et-Moselle,Lorraine,LOR,France,FR,49.386,5.92
57075,Beux,Moselle,Lorraine,LOR,France,FR,49.001,6.312
54070,Bey-sur-Seille,Meurthe-et-Moselle,Lorraine,LOR,France,FR,48.795,6.336
57076,Beyren-lès-Sierck,Moselle,Lorraine,LOR,France,FR,49.468,6.296
54071,Bezange-la-Grande,Meurthe-et-Moselle,Lorraine,LOR,France,FR,48.748,6.472
57077,Bezange-la-Petite,Moselle,Lorraine,LOR,France,FR,48.732,6.611
54072,Bezaumont,Meurthe-et-Moselle,Lorraine,LOR,France,FR,48.849,6.103
55050,Bezonvaux,Meuse,Lorraine,LOR,France,FR,49.232,5.471
57079,Bibiche,Moselle,Lorraine,LOR,France,FR,49.331,6.476
57080,Bickenholtz,Moselle,Lorraine,LOR,France,FR,48.807,7.17
54073,Bicqueley,Meurthe-et-Moselle,Lorraine,LOR,France,FR,48.622,5.924
57081,Bidestroff,Moselle,Lorraine,LOR,France,FR,48.844,6.789
57082,Biding,Moselle,Lorraine,LOR,France,FR,49.065,6.79
55051,Biencourt-sur-Orge,Meuse,Lorraine,LOR,France,FR,48.57,5.345
54074,Bienville-la-Petite,Meurthe-et-Moselle,Lorraine,LOR,France,FR,48.635,6.513
88059,Biffontaine,Vosges,Lorraine,LOR,France,FR,48.213,6.819
55053,Billy-sous-Mangiennes,Meuse,Lorraine,LOR,France,FR,49.327,5.561
57083,Bining,Moselle,Lorraine,LOR,France,FR,49.026,7.249
57084,Bioncourt,Moselle,Lorraine,LOR,France,FR,48.802,6.369
54075,Bionville,Meurthe-et-Moselle,Lorraine,LOR,France,FR,48.501,7.042
57085,Bionville-sur-Nied,Moselle,Lorraine,LOR,France,FR,49.112,6.479
55054,Bislée,Meuse,Lorraine,LOR,France,FR,48.873,5.51
57087,Bisten-en-Lorraine,Moselle,Lorraine,LOR,France,FR,49.163,6.599
57088,Bistroff,Moselle,Lorraine,LOR,France,FR,49.004,6.703
57089,Bitche,Moselle,Lorraine,LOR,France,FR,49.044,7.451
88058,Biécourt,Vosges,Lorraine,LOR,France,FR,48.324,5.953
54076,Blainville-sur-l'Eau,Meurthe-et-Moselle,Lorraine,LOR,France,FR,48.55,6.411
57090,Blanche-Église,Moselle,Lorraine,LOR,France,FR,48.788,6.677
55055,Blanzée,Meuse,Lorraine,LOR,France,FR,49.161,5.536
88061,Bleurville,Vosges,Lorraine,LOR,France,FR,48.067,5.957
88062,Blevaincourt,Vosges,Lorraine,LOR,France,FR,48.123,5.679
57093,Blies-Guersviller,Moselle,Lorraine,LOR,France,FR,49.144,7.094
57092,Blies-Ébersing,Moselle,Lorraine,LOR,France,FR,49.114,7.144
57091,Bliesbruck,Moselle,Lorraine,LOR,France,FR,49.113,7.178
54077,Blâmont,Meurthe-et-Moselle,Lorraine,LOR,France,FR,48.591,6.842
54078,Blémerey (Meurthe-et-Moselle),Meurthe-et-Moselle,Lorraine,LOR,France,FR,48.583,6.738
88060,Blémerey (Vosges),Vosges,Lorraine,LOR,France,FR,48.358,6.042
54079,Blénod-lès-Pont-à-Mousson,Meurthe-et-Moselle,Lorraine,LOR,France,FR,48.87,6.064
54080,Blénod-lès-Toul,Meurthe-et-Moselle,Lorraine,LOR,France,FR,48.599,5.825
88063,Bocquegney,Vosges,Lorraine,LOR,France,FR,48.219,6.309
55057,Boinville-en-Woëvre,Meuse,Lorraine,LOR,France,FR,49.189,5.677
88064,Bois-de-Champ,Vosges,Lorraine,LOR,France,FR,48.243,6.803
54557,Bois-de-Haye,Meurthe-et-Moselle,Lorraine,LOR,France,FR,48.705,6.043
54081,Boismont,Meurthe-et-Moselle,Lorraine,LOR,France,FR,49.412,5.739
54082,Boncourt,Meurthe-et-Moselle,Lorraine,LOR,France,FR,49.172,5.823
55058,Boncourt-sur-Meuse,Meuse,Lorraine,LOR,France,FR,48.809,5.585
55059,Bonnet,Meuse,Lorraine,LOR,France,FR,48.524,5.426
54083,Bonviller,Meurthe-et-Moselle,Lorraine,LOR,France,FR,48.629,6.496
88065,Bonvillet,Vosges,Lorraine,LOR,France,FR,48.102,6.064
55060,Bonzée,Meuse,Lorraine,LOR,France,FR,49.094,5.562
54085,Borville,Meurthe-et-Moselle,Lorraine,LOR,France,FR,48.447,6.397
57095,Boucheporn,Moselle,Lorraine,LOR,France,FR,49.15,6.618
55062,Bouconville-sur-Madt,Meuse,Lorraine,LOR,France,FR,48.845,5.706
54086,Boucq,Meurthe-et-Moselle,Lorraine,LOR,France,FR,48.754,5.761
54087,Bouillonville,Meurthe-et-Moselle,Lorraine,LOR,France,FR,48.942,5.846
88066,Boulaincourt,Vosges,Lorraine,LOR,France,FR,48.372,6.086
57096,Boulange,Moselle,Lorraine,LOR,France,FR,49.382,5.952
57097,Boulay-Moselle,Moselle,Lorraine,LOR,France,FR,49.18,6.5
55063,Bouligny,Meuse,Lorraine,LOR,France,FR,49.292,5.745
55064,Bouquemont,Meuse,Lorraine,LOR,France,FR,48.981,5.433
57099,Bourdonnay,Moselle,Lorraine,LOR,France,FR,48.725,6.736
55065,Boureuilles,Meuse,Lorraine,LOR,France,FR,49.205,5.031
57098,Bourgaltroff,Moselle,Lorraine,LOR,France,FR,48.874,6.765
57100,Bourscheid,Moselle,Lorraine,LOR,France,FR,48.769,7.198
57101,Bousbach,Moselle,Lorraine,LOR,France,FR,49.145,6.948
57102,Bousse,Moselle,Lorraine,LOR,France,FR,49.275,6.205
57103,Bousseviller,Moselle,Lorraine,LOR,France,FR,49.12,7.462
57104,Boust,Moselle,Lorraine,LOR,France,FR,49.437,6.189
57105,Boustroff,Moselle,Lorraine,LOR,France,FR,49.002,6.631
54088,Bouvron,Meurthe-et-Moselle,Lorraine,LOR,France,FR,48.74,5.885
88069,Bouxières-aux-Bois,Vosges,Lorraine,LOR,France,FR,48.26,6.317
54089,Bouxières-aux-Chênes,Meurthe-et-Moselle,Lorraine,LOR,France,FR,48.773,6.272
54090,Bouxières-aux-Dames,Meurthe-et-Moselle,Lorraine,LOR,France,FR,48.757,6.164
54091,Bouxières-sous-Froidmont,Meurthe-et-Moselle,Lorraine,LOR,France,FR,48.956,6.101
88070,Bouxurulles,Vosges,Lorraine,LOR,France,FR,48.331,6.232
54092,Bouzanville,Meurthe-et-Moselle,Lorraine,LOR,France,FR,48.368,6.106
88071,Bouzemont,Vosges,Lorraine,LOR,France,FR,48.25,6.24
57106,Bouzonville,Moselle,Lorraine,LOR,France,FR,49.298,6.541
55067,Boviolles,Meuse,Lorraine,LOR,France,FR,48.647,5.417
55066,Bovée-sur-Barboure,Meuse,Lorraine,LOR,France,FR,48.637,5.509
55068,Brabant-en-Argonne,Meuse,Lorraine,LOR,France,FR,49.121,5.143
55069,Brabant-le-Roi,Meuse,Lorraine,LOR,France,FR,48.855,4.982
55070,Brabant-sur-Meuse,Meuse,Lorraine,LOR,France,FR,49.278,5.329
54093,Brainville,Meurthe-et-Moselle,Lorraine,LOR,France,FR,49.122,5.816
54094,Bralleville,Meurthe-et-Moselle,Lorraine,LOR,France,FR,48.409,6.191
55071,Brandeville,Meuse,Lorraine,LOR,France,FR,49.392,5.304
88073,Brantigny,Vosges,Lorraine,LOR,France,FR,48.347,6.278
55072,Braquis,Meuse,Lorraine,LOR,France,FR,49.156,5.628
55073,Bras-sur-Meuse,Meuse,Lorraine,LOR,France,FR,49.208,5.389
54095,Bratte,Meurthe-et-Moselle,Lorraine,LOR,France,FR,48.816,6.218
55075,Brauvilliers,Meuse,Lorraine,LOR,France,FR,48.575,5.153
88074,Brechainville,Vosges,Lorraine,LOR,France,FR,48.36,5.515
57108,Breidenbach,Moselle,Lorraine,LOR,France,FR,49.133,7.423
57109,Breistroff-la-Grande,Moselle,Lorraine,LOR,France,FR,49.452,6.225
57110,Brettnach,Moselle,Lorraine,LOR,France,FR,49.259,6.56
55077,Breux,Meuse,Lorraine,LOR,France,FR,49.592,5.394
55078,Brieulles-sur-Meuse,Meuse,Lorraine,LOR,France,FR,49.327,5.165
55079,Brillon-en-Barrois,Meuse,Lorraine,LOR,France,FR,48.716,5.109
54100,Brin-sur-Seille,Meurthe-et-Moselle,Lorraine,LOR,France,FR,48.771,6.348
55080,Brixey-aux-Chanoines,Meuse,Lorraine,LOR,France,FR,48.473,5.716
55081,Brizeaux,Meuse,Lorraine,LOR,France,FR,49.007,5.058
55082,Brocourt-en-Argonne,Meuse,Lorraine,LOR,France,FR,49.114,5.171
57111,Bronvaux,Moselle,Lorraine,LOR,France,FR,49.193,6.082
57112,Brouck,Moselle,Lorraine,LOR,France,FR,49.128,6.507
57113,Brouderdorff,Moselle,Lorraine,LOR,France,FR,48.693,7.102
55083,Brouennes,Meuse,Lorraine,LOR,France,FR,49.521,5.255
55084,Broussey-en-Blois,Meuse,Lorraine,LOR,France,FR,48.635,5.55
55085,Broussey-Raulecourt,Meuse,Lorraine,LOR,France,FR,48.815,5.718
88076,Brouvelieures,Vosges,Lorraine,LOR,France,FR,48.241,6.73
54101,Brouville,Meurthe-et-Moselle,Lorraine,LOR,France,FR,48.493,6.751
57114,Brouviller,Moselle,Lorraine,LOR,France,FR,48.758,7.169
57115,Brulange,Moselle,Lorraine,LOR,France,FR,48.96,6.55
54102,Bruley,Meurthe-et-Moselle,Lorraine,LOR,France,FR,48.711,5.858
54103,Bruville,Meurthe-et-Moselle,Lorraine,LOR,France,FR,49.122,5.926
88078,Bruyères,Vosges,Lorraine,LOR,France,FR,48.213,6.711
57107,Bréhain,Moselle,Lorraine,LOR,France,FR,48.909,6.545
54096,Bréhain-la-Ville,Meurthe-et-Moselle,Lorraine,LOR,France,FR,49.439,5.886
55076,Bréhéville,Meuse,Lorraine,LOR,France,FR,49.387,5.333
54098,Brémoncourt,Meurthe-et-Moselle,Lorraine,LOR,France,FR,48.492,6.359
54097,Bréménil,Meurthe-et-Moselle,Lorraine,LOR,France,FR,48.523,6.926
88077,Brû,Vosges,Lorraine,LOR,France,FR,48.354,6.688
57116,Buchy,Moselle,Lorraine,LOR,France,FR,48.978,6.28
57117,Buding,Moselle,Lorraine,LOR,France,FR,49.328,6.323
57118,Budling,Moselle,Lorraine,LOR,France,FR,49.346,6.344
57119,Buhl-Lorraine,Moselle,Lorraine,LOR,France,FR,48.719,7.073
54104,Buissoncourt,Meurthe-et-Moselle,Lorraine,LOR,France,FR,48.684,6.344
88079,Bulgnéville,Vosges,Lorraine,LOR,France,FR,48.208,5.841
54105,Bulligny,Meurthe-et-Moselle,Lorraine,LOR,France,FR,48.572,5.843
88080,Bult,Vosges,Lorraine,LOR,France,FR,48.295,6.602
55087,Bure,Meuse,Lorraine,LOR,France,FR,48.509,5.346
54106,Bures,Meurthe-et-Moselle,Lorraine,LOR,France,FR,48.698,6.57
55088,Burey-en-Vaux,Meuse,Lorraine,LOR,France,FR,48.559,5.657
55089,Burey-la-Côte,Meuse,Lorraine,LOR,France,FR,48.501,5.686
54107,Buriville,Meurthe-et-Moselle,Lorraine,LOR,France,FR,48.537,6.688
57120,Burlioncourt,Moselle,Lorraine,LOR,France,FR,48.861,6.578
54108,Burthecourt-aux-Chênes,Meurthe-et-Moselle,Lorraine,LOR,France,FR,48.58,6.249
57121,Burtoncourt,Moselle,Lorraine,LOR,France,FR,49.224,6.407
88081,Bussang,Vosges,Lorraine,LOR,France,FR,47.891,6.876
55093,Buxières-sous-les-Côtes,Meuse,Lorraine,LOR,France,FR,48.908,5.679
55094,Buzy-Darmont,Meuse,Lorraine,LOR,France,FR,49.176,5.706
57056,Bébing,Moselle,Lorraine,LOR,France,FR,48.724,6.989
54058,Béchamps,Meurthe-et-Moselle,Lorraine,LOR,France,FR,49.214,5.742
57057,Béchy,Moselle,Lorraine,LOR,France,FR,48.981,6.384
54061,Bénaménil,Meurthe-et-Moselle,Lorraine,LOR,France,FR,48.563,6.662
57060,Bénestroff,Moselle,Lorraine,LOR,France,FR,48.909,6.758
57061,Béning-lès-Saint-Avold,Moselle,Lorraine,LOR,France,FR,49.134,6.838
57063,Bérig-Vintrange,Moselle,Lorraine,LOR,France,FR,48.971,6.694
55047,Béthelainville,Meuse,Lorraine,LOR,France,FR,49.168,5.239
55048,Béthincourt,Meuse,Lorraine,LOR,France,FR,49.25,5.225
88465,Capavenir Vosges,Vosges,Lorraine,LOR,France,FR,48.255,6.417
57122,Cappel,Moselle,Lorraine,LOR,France,FR,49.079,6.843
57123,Carling,Moselle,Lorraine,LOR,France,FR,49.167,6.714
57124,Cattenom,Moselle,Lorraine,LOR,France,FR,49.415,6.235
54109,Ceintrey,Meurthe-et-Moselle,Lorraine,LOR,France,FR,48.539,6.185
88082,Celles-sur-Plaine,Vosges,Lorraine,LOR,France,FR,48.455,6.972
88083,Certilleux,Vosges,Lorraine,LOR,France,FR,48.317,5.735
54110,Cerville,Meurthe-et-Moselle,Lorraine,LOR,France,FR,48.694,6.311
55095,Cesse,Meuse,Lorraine,LOR,France,FR,49.509,5.145
55096,Chaillon,Meuse,Lorraine,LOR,France,FR,48.95,5.643
57125,Chailly-lès-Ennery,Moselle,Lorraine,LOR,France,FR,49.216,6.261
55097,Chalaines,Meuse,Lorraine,LOR,France,FR,48.594,5.697
54111,Chaligny,Meurthe-et-Moselle,Lorraine,LOR,France,FR,48.637,6.09
88084,Chamagne,Vosges,Lorraine,LOR,France,FR,48.407,6.291
54112,Chambley-Bussières,Meurthe-et-Moselle,Lorraine,LOR,France,FR,49.051,5.916
57126,Chambrey,Moselle,Lorraine,LOR,France,FR,48.796,6.454
88086,Champ-le-Duc,Vosges,Lorraine,LOR,France,FR,48.192,6.73
88085,Champdray,Vosges,Lorraine,LOR,France,FR,48.131,6.761
54113,Champenoux,Meurthe-et-Moselle,Lorraine,LOR,France,FR,48.735,6.353
54114,Champey-sur-Moselle,Meurthe-et-Moselle,Lorraine,LOR,France,FR,48.956,6.066
54115,Champigneulles,Meurthe-et-Moselle,Lorraine,LOR,France,FR,48.721,6.119
55099,Champneuville,Meuse,Lorraine,LOR,France,FR,49.234,5.332
55100,Champougny,Meuse,Lorraine,LOR,France,FR,48.547,5.702
54116,Chanteheux,Meurthe-et-Moselle,Lorraine,LOR,France,FR,48.593,6.538
55358,Chanteraine,Meuse,Lorraine,LOR,France,FR,48.681,5.392
88087,Chantraine,Vosges,Lorraine,LOR,France,FR,48.168,6.419
57127,Chanville,Moselle,Lorraine,LOR,France,FR,49.043,6.44
54117,Chaouilley,Meurthe-et-Moselle,Lorraine,LOR,France,FR,48.441,6.066
55101,Chardogne,Meuse,Lorraine,LOR,France,FR,48.827,5.131
54118,Charency-Vezin,Meurthe-et-Moselle,Lorraine,LOR,France,FR,49.481,5.517
54119,Charey,Meurthe-et-Moselle,Lorraine,LOR,France,FR,48.995,5.871
57128,Charleville-sous-Bois,Moselle,Lorraine,LOR,France,FR,49.197,6.408
57129,Charly-Oradour,Moselle,Lorraine,LOR,France,FR,49.177,6.247
88090,Charmes,Vosges,Lorraine,LOR,France,FR,48.376,6.287
54120,Charmes-la-Côte,Meurthe-et-Moselle,Lorraine,LOR,France,FR,48.625,5.827
54121,Charmois,Meurthe-et-Moselle,Lorraine,LOR,France,FR,48.535,6.388
88091,Charmois-devant-Bruyères,Vosges,Lorraine,LOR,France,FR,48.172,6.593
88092,Charmois-l'Orgueilleux,Vosges,Lorraine,LOR,France,FR,48.091,6.262
55102,Charny-sur-Meuse,Meuse,Lorraine,LOR,France,FR,49.203,5.342
55103,Charpentry,Meuse,Lorraine,LOR,France,FR,49.257,5.042
55104,Chassey-Beaupré,Meuse,Lorraine,LOR,France,FR,48.448,5.437
55106,Chattancourt,Meuse,Lorraine,LOR,France,FR,49.217,5.266
54122,Chaudeney-sur-Moselle,Meurthe-et-Moselle,Lorraine,LOR,France,FR,48.653,5.922
88097,Chauffecourt,Vosges,Lorraine,LOR,France,FR,48.332,6.155
55107,Chaumont-devant-Damvillers,Meuse,Lorraine,LOR,France,FR,49.31,5.43
55108,Chaumont-sur-Aire,Meuse,Lorraine,LOR,France,FR,48.926,5.269
88098,Chaumousey,Vosges,Lorraine,LOR,France,FR,48.172,6.336
55109,Chauvency-le-Château,Meuse,Lorraine,LOR,France,FR,49.521,5.309
55110,Chauvency-Saint-Hubert,Meuse,Lorraine,LOR,France,FR,49.54,5.296
55111,Chauvoncourt,Meuse,Lorraine,LOR,France,FR,48.891,5.498
88099,Chavelot,Vosges,Lorraine,LOR,France,FR,48.228,6.431
54123,Chavigny,Meurthe-et-Moselle,Lorraine,LOR,France,FR,48.631,6.135
54124,Chazelles-sur-Albe,Meurthe-et-Moselle,Lorraine,LOR,France,FR,48.588,6.771
88100,Chef-Haut,Vosges,Lorraine,LOR,France,FR,48.354,6.008
57137,Cheminot,Moselle,Lorraine,LOR,France,FR,48.955,6.14
54125,Chenevières,Meurthe-et-Moselle,Lorraine,LOR,France,FR,48.522,6.637
54126,Chenicourt,Meurthe-et-Moselle,Lorraine,LOR,France,FR,48.858,6.283
88101,Cheniménil,Vosges,Lorraine,LOR,France,FR,48.137,6.599
54127,Chenières,Meurthe-et-Moselle,Lorraine,LOR,France,FR,49.474,5.766
57138,Chenois,Moselle,Lorraine,LOR,France,FR,48.958,6.49
55113,Cheppy,Meuse,Lorraine,LOR,France,FR,49.226,5.066
88102,Chermisey,Vosges,Lorraine,LOR,France,FR,48.415,5.568
57140,Chesny,Moselle,Lorraine,LOR,France,FR,49.054,6.244
57141,Chicourt,Moselle,Lorraine,LOR,France,FR,48.92,6.506
57142,Chieulles,Moselle,Lorraine,LOR,France,FR,49.156,6.222
54128,Choloy-Ménillot,Meurthe-et-Moselle,Lorraine,LOR,France,FR,48.661,5.812
55114,Chonville-Malaumont,Meuse,Lorraine,LOR,France,FR,48.761,5.489
88093,Châtas,Vosges,Lorraine,LOR,France,FR,48.371,7.032
57130,Château-Bréhain,Moselle,Lorraine,LOR,France,FR,48.899,6.523
57131,Château-Rouge,Moselle,Lorraine,LOR,France,FR,49.282,6.595
57132,Château-Salins,Moselle,Lorraine,LOR,France,FR,48.819,6.494
57133,Château-Voué,Moselle,Lorraine,LOR,France,FR,48.849,6.621
57134,Châtel-Saint-Germain,Moselle,Lorraine,LOR,France,FR,49.131,6.066
88094,Châtel-sur-Moselle,Vosges,Lorraine,LOR,France,FR,48.32,6.401
88095,Châtenois,Vosges,Lorraine,LOR,France,FR,48.307,5.839
55105,Châtillon-sous-les-Côtes,Meuse,Lorraine,LOR,France,FR,49.138,5.513
88096,Châtillon-sur-Saône,Vosges,Lorraine,LOR,France,FR,47.95,5.879
57136,Chémery-les-Deux,Moselle,Lorraine,LOR,France,FR,49.301,6.442
57139,Chérisey,Moselle,Lorraine,LOR,France,FR,49.011,6.245
55115,Cierges-sous-Montfaucon,Meuse,Lorraine,LOR,France,FR,49.3,5.093
88103,Circourt,Vosges,Lorraine,LOR,France,FR,48.249,6.286
88104,Circourt-sur-Mouzon,Vosges,Lorraine,LOR,France,FR,48.304,5.703
54129,Cirey-sur-Vezouze,Meurthe-et-Moselle,Lorraine,LOR,France,FR,48.583,6.945
88105,Claudon,Vosges,Lorraine,LOR,France,FR,48.034,6.057
54130,Clayeures,Meurthe-et-Moselle,Lorraine,LOR,France,FR,48.469,6.409
55117,Clermont-en-Argonne,Meuse,Lorraine,LOR,France,FR,49.102,5.078
88109,Cleurie,Vosges,Lorraine,LOR,France,FR,48.055,6.672
57143,Clouange,Moselle,Lorraine,LOR,France,FR,49.263,6.087
54131,Clémery,Meurthe-et-Moselle,Lorraine,LOR,France,FR,48.887,6.178
88107,Clérey-la-Côte,Vosges,Lorraine,LOR,France,FR,48.485,5.762
54132,Clérey-sur-Brenon,Meurthe-et-Moselle,Lorraine,LOR,France,FR,48.506,6.138
55118,Cléry-le-Grand,Meuse,Lorraine,LOR,France,FR,49.358,5.144
55119,Cléry-le-Petit,Meuse,Lorraine,LOR,France,FR,49.366,5.176
88110,Clézentaine,Vosges,Lorraine,LOR,France,FR,48.408,6.53
57144,Cocheren,Moselle,Lorraine,LOR,France,FR,49.144,6.856
57146,Coin-lès-Cuvry,Moselle,Lorraine,LOR,France,FR,49.026,6.137
57147,Coin-sur-Seille,Moselle,Lorraine,LOR,France,FR,49.011,6.163
88111,Coinches,Vosges,Lorraine,LOR,France,FR,48.245,7.024
54133,Coincourt,Meurthe-et-Moselle,Lorraine,LOR,France,FR,48.702,6.616
57145,Coincy,Moselle,Lorraine,LOR,France,FR,49.106,6.263
57148,Colligny-Maizery,Moselle,Lorraine,LOR,France,FR,49.102,6.339
57149,Colmen,Moselle,Lorraine,LOR,France,FR,49.351,6.534
54134,Colmey,Meurthe-et-Moselle,Lorraine,LOR,France,FR,49.465,5.564
54135,Colombey-les-Belles,Meurthe-et-Moselle,Lorraine,LOR,France,FR,48.516,5.895
55120,Combles-en-Barrois,Meuse,Lorraine,LOR,France,FR,48.744,5.114
55121,Combres-sous-les-Côtes,Meuse,Lorraine,LOR,France,FR,49.06,5.623
88113,Combrimont,Vosges,Lorraine,LOR,France,FR,48.274,7.075
55122,Commercy,Meuse,Lorraine,LOR,France,FR,48.746,5.559
57150,Condé-Northen,Moselle,Lorraine,LOR,France,FR,49.157,6.425
54136,Conflans-en-Jarnisy,Meurthe-et-Moselle,Lorraine,LOR,France,FR,49.164,5.853
54137,Cons-la-Grandville,Meurthe-et-Moselle,Lorraine,LOR,France,FR,49.486,5.701
55124,Consenvoye,Meuse,Lorraine,LOR,France,FR,49.295,5.311
57151,Conthil,Moselle,Lorraine,LOR,France,FR,48.892,6.66
88114,Contrexéville,Vosges,Lorraine,LOR,France,FR,48.185,5.895
55125,Contrisson,Meuse,Lorraine,LOR,France,FR,48.805,4.955
57152,Contz-les-Bains,Moselle,Lorraine,LOR,France,FR,49.456,6.351
88115,Corcieux,Vosges,Lorraine,LOR,France,FR,48.168,6.885
88116,Cornimont,Vosges,Lorraine,LOR,France,FR,47.969,6.841
57153,Corny-sur-Moselle,Moselle,Lorraine,LOR,France,FR,49.03,6.073
54138,Cosnes-et-Romain,Meurthe-et-Moselle,Lorraine,LOR,France,FR,49.526,5.716
57154,Coume,Moselle,Lorraine,LOR,France,FR,49.196,6.582
54139,Courbesseaux,Meurthe-et-Moselle,Lorraine,LOR,France,FR,48.691,6.401
54140,Courcelles,Meurthe-et-Moselle,Lorraine,LOR,France,FR,48.37,6.032
57155,Courcelles-Chaussy,Moselle,Lorraine,LOR,France,FR,49.119,6.401
55127,Courcelles-en-Barrois,Meuse,Lorraine,LOR,France,FR,48.825,5.428
88117,Courcelles-sous-Châtenois,Vosges,Lorraine,LOR,France,FR,48.329,5.817
55128,Courcelles-sur-Aire,Meuse,Lorraine,LOR,France,FR,48.941,5.233
57156,Courcelles-sur-Nied,Moselle,Lorraine,LOR,France,FR,49.058,6.31
55129,Courouvre,Meuse,Lorraine,LOR,France,FR,48.941,5.352
55132,Cousances-les-Forges,Meuse,Lorraine,LOR,France,FR,48.617,5.085
55518,Cousances-lès-Triconville,Meuse,Lorraine,LOR,France,FR,48.766,5.389
88118,Coussey,Vosges,Lorraine,LOR,France,FR,48.415,5.663
55133,Couvertpuis,Meuse,Lorraine,LOR,France,FR,48.582,5.307
55134,Couvonges,Meuse,Lorraine,LOR,France,FR,48.777,5.036
54141,Coyviller,Meurthe-et-Moselle,Lorraine,LOR,France,FR,48.585,6.282
57158,Craincourt,Moselle,Lorraine,LOR,France,FR,48.873,6.338
88119,Crainvilliers,Vosges,Lorraine,LOR,France,FR,48.148,5.835
54142,Crantenoy,Meurthe-et-Moselle,Lorraine,LOR,France,FR,48.466,6.231
57160,Creutzwald,Moselle,Lorraine,LOR,France,FR,49.21,6.676
54147,Crion,Meurthe-et-Moselle,Lorraine,LOR,France,FR,48.647,6.541
54148,Croismare,Meurthe-et-Moselle,Lorraine,LOR,France,FR,48.61,6.564
54149,Crusnes,Meurthe-et-Moselle,Lorraine,LOR,France,FR,49.434,5.92
57159,Créhange,Moselle,Lorraine,LOR,France,FR,49.051,6.575
54143,Crépey,Meurthe-et-Moselle,Lorraine,LOR,France,FR,48.528,5.961
54145,Crévic,Meurthe-et-Moselle,Lorraine,LOR,France,FR,48.641,6.407
54144,Crévéchamps,Meurthe-et-Moselle,Lorraine,LOR,France,FR,48.519,6.264
54146,Crézilles,Meurthe-et-Moselle,Lorraine,LOR,France,FR,48.584,5.886
55137,Cuisy,Meuse,Lorraine,LOR,France,FR,49.267,5.189
55138,Culey,Meuse,Lorraine,LOR,France,FR,48.763,5.258
55139,Cumières-le-Mort-Homme,Meuse,Lorraine,LOR,France,FR,49.235,5.275
55140,Cunel,Meuse,Lorraine,LOR,France,FR,49.333,5.116
54150,Custines,Meurthe-et-Moselle,Lorraine,LOR,France,FR,48.791,6.147
54151,Cutry,Meurthe-et-Moselle,Lorraine,LOR,France,FR,49.481,5.738
57161,Cutting,Moselle,Lorraine,LOR,France,FR,48.845,6.837
57162,Cuvry,Moselle,Lorraine,LOR,France,FR,49.042,6.169
57163,Dabo,Moselle,Lorraine,LOR,France,FR,48.642,7.239
55141,Dagonville,Meuse,Lorraine,LOR,France,FR,48.79,5.393
55142,Dainville-Bertheléville,Meuse,Lorraine,LOR,France,FR,48.453,5.508
57165,Dalem,Moselle,Lorraine,LOR,France,FR,49.241,6.613
57166,Dalhain,Moselle,Lorraine,LOR,France,FR,48.888,6.565
57167,Dalstein,Moselle,Lorraine,LOR,France,FR,49.307,6.403
88121,Damas-aux-Bois,Vosges,Lorraine,LOR,France,FR,48.395,6.439
88122,Damas-et-Bettegney,Vosges,Lorraine,LOR,France,FR,48.22,6.264
88123,Damblain,Vosges,Lorraine,LOR,France,FR,48.095,5.667
54152,Damelevières,Meurthe-et-Moselle,Lorraine,LOR,France,FR,48.566,6.388
55143,Damloup,Meuse,Lorraine,LOR,France,FR,49.196,5.478
55144,Dammarie-sur-Saulx,Meuse,Lorraine,LOR,France,FR,48.596,5.234
54153,Dampvitoux,Meurthe-et-Moselle,Lorraine,LOR,France,FR,49.013,5.832
55145,Damvillers,Meuse,Lorraine,LOR,France,FR,49.344,5.416
57168,Danne-et-Quatre-Vents,Moselle,Lorraine,LOR,France,FR,48.764,7.295
57169,Dannelbourg,Moselle,Lorraine,LOR,France,FR,48.744,7.238
55146,Dannevoux,Meuse,Lorraine,LOR,France,FR,49.304,5.222
88124,Darney,Vosges,Lorraine,LOR,France,FR,48.072,6.058
88125,Darney-aux-Chênes,Vosges,Lorraine,LOR,France,FR,48.284,5.81
88126,Darnieulles,Vosges,Lorraine,LOR,France,FR,48.197,6.339
88127,Deinvillers,Vosges,Lorraine,LOR,France,FR,48.412,6.56
57171,Delme,Moselle,Lorraine,LOR,France,FR,48.881,6.387
55148,Delouze-Rosières,Meuse,Lorraine,LOR,France,FR,48.563,5.53
55149,Delut,Meuse,Lorraine,LOR,France,FR,49.412,5.428
55150,Demange-Baudignécourt,Meuse,Lorraine,LOR,France,FR,48.586,5.469
54154,Deneuvre,Meurthe-et-Moselle,Lorraine,LOR,France,FR,48.427,6.727
88128,Denipaire,Vosges,Lorraine,LOR,France,FR,48.339,6.962
57172,Denting,Moselle,Lorraine,LOR,France,FR,49.184,6.542
88129,Derbamont,Vosges,Lorraine,LOR,France,FR,48.269,6.271
57173,Desseling,Moselle,Lorraine,LOR,France,FR,48.786,6.843
88130,Destord,Vosges,Lorraine,LOR,France,FR,48.273,6.618
57174,Destry,Moselle,Lorraine,LOR,France,FR,48.945,6.586
54155,Deuxville,Meurthe-et-Moselle,Lorraine,LOR,France,FR,48.618,6.458
88131,Deycimont,Vosges,Lorraine,LOR,France,FR,48.173,6.64
88132,Deyvillers,Vosges,Lorraine,LOR,France,FR,48.197,6.523
57175,Diane-Capelle,Moselle,Lorraine,LOR,France,FR,48.728,6.934
54156,Diarville,Meurthe-et-Moselle,Lorraine,LOR,France,FR,48.386,6.13
57176,Diebling,Moselle,Lorraine,LOR,France,FR,49.104,6.936
55153,Dieppe-sous-Douaumont,Meuse,Lorraine,LOR,France,FR,49.222,5.516
57765,Diesen,Moselle,Lorraine,LOR,France,FR,49.176,6.692
55154,Dieue-sur-Meuse,Meuse,Lorraine,LOR,France,FR,49.075,5.43
54157,Dieulouard,Meurthe-et-Moselle,Lorraine,LOR,France,FR,48.835,6.055
57177,Dieuze,Moselle,Lorraine,LOR,France,FR,48.808,6.717
57178,Diffembach-lès-Hellimer,Moselle,Lorraine,LOR,France,FR,49.007,6.855
88133,Dignonville,Vosges,Lorraine,LOR,France,FR,48.243,6.499
88134,Dinozé,Vosges,Lorraine,LOR,France,FR,48.138,6.474
57179,Distroff,Moselle,Lorraine,LOR,France,FR,49.338,6.262
88135,Docelles,Vosges,Lorraine,LOR,France,FR,48.142,6.624
88136,Dogneville,Vosges,Lorraine,LOR,France,FR,48.222,6.464
88137,Dolaincourt,Vosges,Lorraine,LOR,France,FR,48.341,5.809
54158,Dolcourt,Meurthe-et-Moselle,Lorraine,LOR,France,FR,48.49,5.98
57180,Dolving,Moselle,Lorraine,LOR,France,FR,48.77,7.021
88138,Dombasle-devant-Darney,Vosges,Lorraine,LOR,France,FR,48.128,6.076
55155,Dombasle-en-Argonne,Meuse,Lorraine,LOR,France,FR,49.144,5.195
88139,Dombasle-en-Xaintois,Vosges,Lorraine,LOR,France,FR,48.307,5.992
54159,Dombasle-sur-Meurthe,Meurthe-et-Moselle,Lorraine,LOR,France,FR,48.62,6.361
55156,Dombras,Meuse,Lorraine,LOR,France,FR,49.383,5.446
88140,Dombrot-le-Sec,Vosges,Lorraine,LOR,France,FR,48.146,5.907
88141,Dombrot-sur-Vair,Vosges,Lorraine,LOR,France,FR,48.264,5.887
88145,Domfaing,Vosges,Lorraine,LOR,France,FR,48.231,6.748
54162,Domgermain,Meurthe-et-Moselle,Lorraine,LOR,France,FR,48.645,5.841
54163,Domjevin,Meurthe-et-Moselle,Lorraine,LOR,France,FR,48.581,6.698
88146,Domjulien,Vosges,Lorraine,LOR,France,FR,48.255,5.995
54164,Dommarie-Eulmont,Meurthe-et-Moselle,Lorraine,LOR,France,FR,48.418,6.031
54165,Dommartemont,Meurthe-et-Moselle,Lorraine,LOR,France,FR,48.717,6.215
88147,Dommartin-aux-Bois,Vosges,Lorraine,LOR,France,FR,48.162,6.276
54166,Dommartin-la-Chaussée,Meurthe-et-Moselle,Lorraine,LOR,France,FR,49.011,5.866
55157,Dommartin-la-Montagne,Meuse,Lorraine,LOR,France,FR,49.026,5.604
88148,Dommartin-lès-Remiremont,Vosges,Lorraine,LOR,France,FR,47.997,6.647
54167,Dommartin-lès-Toul,Meurthe-et-Moselle,Lorraine,LOR,France,FR,48.672,5.924
88149,Dommartin-lès-Vallois,Vosges,Lorraine,LOR,France,FR,48.154,6.086
54168,Dommartin-sous-Amance,Meurthe-et-Moselle,Lorraine,LOR,France,FR,48.732,6.255
88150,Dommartin-sur-Vraine,Vosges,Lorraine,LOR,France,FR,48.342,5.914
55158,Dommary-Baroncourt,Meuse,Lorraine,LOR,France,FR,49.279,5.712
57181,Domnom-lès-Dieuze,Moselle,Lorraine,LOR,France,FR,48.862,6.823
88151,Dompaire,Vosges,Lorraine,LOR,France,FR,48.226,6.208
55159,Dompcevrin,Meuse,Lorraine,LOR,France,FR,48.928,5.475
88152,Dompierre,Vosges,Lorraine,LOR,France,FR,48.25,6.567
55160,Dompierre-aux-Bois,Meuse,Lorraine,LOR,France,FR,48.998,5.585
54169,Domprix,Meurthe-et-Moselle,Lorraine,LOR,France,FR,49.329,5.764
88153,Domptail,Vosges,Lorraine,LOR,France,FR,48.445,6.616
54170,Domptail-en-l'Air,Meurthe-et-Moselle,Lorraine,LOR,France,FR,48.513,6.337
55162,Domremy-la-Canne,Meuse,Lorraine,LOR,France,FR,49.297,5.693
88154,Domrémy-la-Pucelle,Vosges,Lorraine,LOR,France,FR,48.441,5.654
88155,Domvallier,Vosges,Lorraine,LOR,France,FR,48.308,6.08
54160,Domèvre-en-Haye,Meurthe-et-Moselle,Lorraine,LOR,France,FR,48.808,5.918
88144,Domèvre-sous-Montfort,Vosges,Lorraine,LOR,France,FR,48.256,6.074
88142,Domèvre-sur-Avière,Vosges,Lorraine,LOR,France,FR,48.221,6.383
88143,Domèvre-sur-Durbion,Vosges,Lorraine,LOR,France,FR,48.292,6.481
54161,Domèvre-sur-Vezouze,Meurthe-et-Moselle,Lorraine,LOR,France,FR,48.561,6.801
88156,Doncières,Vosges,Lorraine,LOR,France,FR,48.392,6.637
55163,Doncourt-aux-Templiers,Meuse,Lorraine,LOR,France,FR,49.061,5.722
54171,Doncourt-lès-Conflans,Meurthe-et-Moselle,Lorraine,LOR,France,FR,49.146,5.928
54172,Doncourt-lès-Longuyon,Meurthe-et-Moselle,Lorraine,LOR,France,FR,49.443,5.715
57182,Donjeux,Moselle,Lorraine,LOR,France,FR,48.879,6.411
57183,Donnelay,Moselle,Lorraine,LOR,France,FR,48.75,6.689
55537,Douaumont-Vaux,Meuse,Lorraine,LOR,France,FR,49.224,5.435
55165,Doulcon,Meuse,Lorraine,LOR,France,FR,49.386,5.155
88157,Dounoux,Vosges,Lorraine,LOR,France,FR,48.107,6.439
54173,Drouville,Meurthe-et-Moselle,Lorraine,LOR,France,FR,48.67,6.413
55166,Dugny-sur-Meuse,Meuse,Lorraine,LOR,France,FR,49.103,5.379
55167,Dun-sur-Meuse,Meuse,Lorraine,LOR,France,FR,49.382,5.196
55168,Duzey,Meuse,Lorraine,LOR,France,FR,49.36,5.627
57189,Eincheville,Moselle,Lorraine,LOR,France,FR,48.985,6.599
54175,Einvaux,Meurthe-et-Moselle,Lorraine,LOR,France,FR,48.491,6.392
54176,Einville-au-Jard,Meurthe-et-Moselle,Lorraine,LOR,France,FR,48.655,6.478
55171,Eix,Meuse,Lorraine,LOR,France,FR,49.178,5.479
57190,Elvange,Moselle,Lorraine,LOR,France,FR,49.05,6.543
57191,Elzange,Moselle,Lorraine,LOR,France,FR,49.361,6.288
54177,Emberménil,Meurthe-et-Moselle,Lorraine,LOR,France,FR,48.63,6.687
57192,Enchenberg,Moselle,Lorraine,LOR,France,FR,49.023,7.328
57193,Ennery,Moselle,Lorraine,LOR,France,FR,49.227,6.216
57194,Entrange,Moselle,Lorraine,LOR,France,FR,49.413,6.109
88159,Entre-deux-Eaux,Vosges,Lorraine,LOR,France,FR,48.237,7
57195,Epping,Moselle,Lorraine,LOR,France,FR,49.105,7.317
54180,Erbéviller-sur-Amezule,Meurthe-et-Moselle,Lorraine,LOR,France,FR,48.73,6.388
57196,Erching,Moselle,Lorraine,LOR,France,FR,49.114,7.261
57197,Ernestviller,Moselle,Lorraine,LOR,France,FR,49.062,6.974
55179,Erneville-aux-Bois,Meuse,Lorraine,LOR,France,FR,48.74,5.415
54181,Errouville,Meurthe-et-Moselle,Lorraine,LOR,France,FR,49.417,5.898
57198,Erstroff,Moselle,Lorraine,LOR,France,FR,48.98,6.774
57199,Escherange,Moselle,Lorraine,LOR,France,FR,49.417,6.068
88161,Escles,Vosges,Lorraine,LOR,France,FR,48.123,6.175
88162,Esley,Vosges,Lorraine,LOR,France,FR,48.175,6.059
55180,Esnes-en-Argonne,Meuse,Lorraine,LOR,France,FR,49.211,5.205
88163,Essegney,Vosges,Lorraine,LOR,France,FR,48.374,6.322
54182,Essey-et-Maizerais,Meurthe-et-Moselle,Lorraine,LOR,France,FR,48.914,5.809
54183,Essey-la-Côte,Meurthe-et-Moselle,Lorraine,LOR,France,FR,48.424,6.471
54184,Essey-lès-Nancy,Meurthe-et-Moselle,Lorraine,LOR,France,FR,48.708,6.233
88164,Estrennes,Vosges,Lorraine,LOR,France,FR,48.259,6.056
57201,Etting,Moselle,Lorraine,LOR,France,FR,49.024,7.188
57202,Etzling,Moselle,Lorraine,LOR,France,FR,49.18,6.958
54186,Eulmont,Meurthe-et-Moselle,Lorraine,LOR,France,FR,48.754,6.225
54187,Euvezin,Meurthe-et-Moselle,Lorraine,LOR,France,FR,48.92,5.858
55184,Euville,Meuse,Lorraine,LOR,France,FR,48.749,5.644
57204,Failly,Moselle,Lorraine,LOR,France,FR,49.164,6.271
55186,Fains-Véel,Meuse,Lorraine,LOR,France,FR,48.779,5.113
57205,Falck,Moselle,Lorraine,LOR,France,FR,49.226,6.641
57206,Fameck,Moselle,Lorraine,LOR,France,FR,49.301,6.107
57208,Farschviller,Moselle,Lorraine,LOR,France,FR,49.09,6.884
57207,Farébersviller,Moselle,Lorraine,LOR,France,FR,49.118,6.866
88167,Faucompierre,Vosges,Lorraine,LOR,France,FR,48.141,6.669
88168,Fauconcourt,Vosges,Lorraine,LOR,France,FR,48.374,6.537
57209,Faulquemont,Moselle,Lorraine,LOR,France,FR,49.042,6.603
54188,Faulx,Meurthe-et-Moselle,Lorraine,LOR,France,FR,48.793,6.199
54189,Favières,Meurthe-et-Moselle,Lorraine,LOR,France,FR,48.451,5.936
88169,Fays,Vosges,Lorraine,LOR,France,FR,48.197,6.669
54191,Fenneviller,Meurthe-et-Moselle,Lorraine,LOR,France,FR,48.487,6.883
88170,Ferdrupt,Vosges,Lorraine,LOR,France,FR,47.912,6.72
54192,Ferrières,Meurthe-et-Moselle,Lorraine,LOR,France,FR,48.552,6.293
54193,Fey-en-Haye,Meurthe-et-Moselle,Lorraine,LOR,France,FR,48.906,5.965
88171,Fignévelle,Vosges,Lorraine,LOR,France,FR,47.983,5.911
54194,Fillières,Meurthe-et-Moselle,Lorraine,LOR,France,FR,49.411,5.843
57213,Filstroff,Moselle,Lorraine,LOR,France,FR,49.327,6.532
88172,Fiménil,Vosges,Lorraine,LOR,France,FR,48.172,6.706
57214,Fixem,Moselle,Lorraine,LOR,France,FR,49.442,6.272
54195,Flainval,Meurthe-et-Moselle,Lorraine,LOR,France,FR,48.619,6.399
55188,Flassigny,Meuse,Lorraine,LOR,France,FR,49.477,5.438
57215,Flastroff,Moselle,Lorraine,LOR,France,FR,49.384,6.542
54196,Flavigny-sur-Moselle,Meurthe-et-Moselle,Lorraine,LOR,France,FR,48.57,6.194
57216,Fleisheim,Moselle,Lorraine,LOR,France,FR,48.792,7.163
57218,Fleury,Moselle,Lorraine,LOR,France,FR,49.038,6.206
55189,Fleury-devant-Douaumont,Meuse,Lorraine,LOR,France,FR,49.195,5.43
54199,Flin,Meurthe-et-Moselle,Lorraine,LOR,France,FR,48.501,6.656
54200,Flirey,Meurthe-et-Moselle,Lorraine,LOR,France,FR,48.883,5.852
57220,Flocourt,Moselle,Lorraine,LOR,France,FR,48.973,6.412
57221,Florange,Moselle,Lorraine,LOR,France,FR,49.327,6.123
88173,Florémont,Vosges,Lorraine,LOR,France,FR,48.373,6.249
57217,Flétrange,Moselle,Lorraine,LOR,France,FR,49.072,6.564
54197,Fléville-devant-Nancy,Meurthe-et-Moselle,Lorraine,LOR,France,FR,48.63,6.203
54198,Fléville-Lixières,Meurthe-et-Moselle,Lorraine,LOR,France,FR,49.243,5.815
57219,Flévy,Moselle,Lorraine,LOR,France,FR,49.242,6.265
55191,Foameix-Ornel,Meuse,Lorraine,LOR,France,FR,49.239,5.608
57222,Folkling,Moselle,Lorraine,LOR,France,FR,49.149,6.908
57224,Folschviller,Moselle,Lorraine,LOR,France,FR,49.069,6.683
88174,Fomerey,Vosges,Lorraine,LOR,France,FR,48.218,6.338
55192,Fontaines-Saint-Clair,Meuse,Lorraine,LOR,France,FR,49.365,5.246
88175,Fontenay,Vosges,Lorraine,LOR,France,FR,48.224,6.586
54201,Fontenoy-la-Joûte,Meurthe-et-Moselle,Lorraine,LOR,France,FR,48.449,6.656
88176,Fontenoy-le-Château,Vosges,Lorraine,LOR,France,FR,47.971,6.2
54202,Fontenoy-sur-Moselle,Meurthe-et-Moselle,Lorraine,LOR,France,FR,48.708,5.992
57225,Fonteny,Moselle,Lorraine,LOR,France,FR,48.874,6.477
57226,Fontoy,Moselle,Lorraine,LOR,France,FR,49.357,5.997
57227,Forbach,Moselle,Lorraine,LOR,France,FR,49.192,6.893
54203,Forcelles-Saint-Gorgon,Meurthe-et-Moselle,Lorraine,LOR,France,FR,48.458,6.103
54204,Forcelles-sous-Gugney,Meurthe-et-Moselle,Lorraine,LOR,France,FR,48.393,6.084
55193,Forges-sur-Meuse,Meuse,Lorraine,LOR,France,FR,49.26,5.274
57228,Fossieux,Moselle,Lorraine,LOR,France,FR,48.85,6.33
55194,Foucaucourt-sur-Thabas,Meuse,Lorraine,LOR,France,FR,49.004,5.098
55195,Fouchères-aux-Bois,Meuse,Lorraine,LOR,France,FR,48.632,5.251
88179,Fouchécourt,Vosges,Lorraine,LOR,France,FR,48.004,5.857
54205,Foug,Meurthe-et-Moselle,Lorraine,LOR,France,FR,48.666,5.785
57229,Foulcrey,Moselle,Lorraine,LOR,France,FR,48.64,6.868
57230,Fouligny,Moselle,Lorraine,LOR,France,FR,49.096,6.511
57231,Foville,Moselle,Lorraine,LOR,France,FR,48.92,6.325
54206,Fraimbois,Meurthe-et-Moselle,Lorraine,LOR,France,FR,48.521,6.535
88180,Frain,Vosges,Lorraine,LOR,France,FR,48.083,5.88
54207,Fraisnes-en-Saintois,Meurthe-et-Moselle,Lorraine,LOR,France,FR,48.374,6.062
88181,Fraize,Vosges,Lorraine,LOR,France,FR,48.189,7.008
57232,Francaltroff,Moselle,Lorraine,LOR,France,FR,48.96,6.792
54208,Francheville,Meurthe-et-Moselle,Lorraine,LOR,France,FR,48.741,5.926
54209,Franconville,Meurthe-et-Moselle,Lorraine,LOR,France,FR,48.5,6.453
88182,Frapelle,Vosges,Lorraine,LOR,France,FR,48.294,7.053
57233,Fraquelfing,Moselle,Lorraine,LOR,France,FR,48.638,6.989
57234,Frauenberg,Moselle,Lorraine,LOR,France,FR,49.135,7.117
88183,Frebécourt,Vosges,Lorraine,LOR,France,FR,48.385,5.669
57235,Freistroff,Moselle,Lorraine,LOR,France,FR,49.291,6.483
88184,Fremifontaine,Vosges,Lorraine,LOR,France,FR,48.262,6.701
88185,Frenelle-la-Grande,Vosges,Lorraine,LOR,France,FR,48.352,6.09
88186,Frenelle-la-Petite,Vosges,Lorraine,LOR,France,FR,48.35,6.062
55197,Fresnes-au-Mont,Meuse,Lorraine,LOR,France,FR,48.897,5.435
57238,Fresnes-en-Saulnois,Moselle,Lorraine,LOR,France,FR,48.839,6.44
55198,Fresnes-en-Woëvre,Meuse,Lorraine,LOR,France,FR,49.101,5.634
54212,Fresnois-la-Montagne,Meurthe-et-Moselle,Lorraine,LOR,France,FR,49.497,5.651
88188,Fresse-sur-Moselle,Vosges,Lorraine,LOR,France,FR,47.872,6.803
57239,Freybouse,Moselle,Lorraine,LOR,France,FR,48.998,6.779
57240,Freyming-Merlebach,Moselle,Lorraine,LOR,France,FR,49.151,6.797
54213,Friauville,Meurthe-et-Moselle,Lorraine,LOR,France,FR,49.142,5.832
57241,Fribourg,Moselle,Lorraine,LOR,France,FR,48.772,6.867
88190,Frizon,Vosges,Lorraine,LOR,France,FR,48.285,6.353
55199,Froidos,Meuse,Lorraine,LOR,France,FR,49.06,5.119
54214,Frolois,Meurthe-et-Moselle,Lorraine,LOR,France,FR,48.572,6.127
55200,Fromeréville-les-Vallons,Meuse,Lorraine,LOR,France,FR,49.163,5.292
55201,Fromezey,Meuse,Lorraine,LOR,France,FR,49.212,5.582
54215,Frouard,Meurthe-et-Moselle,Lorraine,LOR,France,FR,48.751,6.123
54216,Froville,Meurthe-et-Moselle,Lorraine,LOR,France,FR,48.471,6.364
57236,Frémery,Moselle,Lorraine,LOR,France,FR,48.922,6.478
55196,Frémeréville-sous-les-Côtes,Meuse,Lorraine,LOR,France,FR,48.803,5.656
57237,Frémestroff,Moselle,Lorraine,LOR,France,FR,49.016,6.785
54211,Frémonville,Meurthe-et-Moselle,Lorraine,LOR,France,FR,48.598,6.891
54210,Fréménil,Meurthe-et-Moselle,Lorraine,LOR,France,FR,48.561,6.706
88187,Frénois,Vosges,Lorraine,LOR,France,FR,48.185,6.124
88189,Fréville,Vosges,Lorraine,LOR,France,FR,48.326,5.623
55202,Futeau,Meuse,Lorraine,LOR,France,FR,49.089,5.001
57211,Fèves,Moselle,Lorraine,LOR,France,FR,49.194,6.112
54190,Fécocourt,Meurthe-et-Moselle,Lorraine,LOR,France,FR,48.404,6.002
57210,Fénétrange,Moselle,Lorraine,LOR,France,FR,48.85,7.009
57212,Féy,Moselle,Lorraine,LOR,France,FR,49.028,6.1
57242,Gandrange,Moselle,Lorraine,LOR,France,FR,49.274,6.131
57244,Garrebourg,Moselle,Lorraine,LOR,France,FR,48.707,7.235
57245,Gavisse,Moselle,Lorraine,LOR,France,FR,49.433,6.288
54219,Gellenoncourt,Meurthe-et-Moselle,Lorraine,LOR,France,FR,48.675,6.384
57246,Gelucourt,Moselle,Lorraine,LOR,France,FR,48.761,6.737
88192,Gelvécourt-et-Adompt,Vosges,Lorraine,LOR,France,FR,48.201,6.179
88193,Gemaingoutte,Vosges,Lorraine,LOR,France,FR,48.24,7.126
88194,Gemmelaincourt,Vosges,Lorraine,LOR,France,FR,48.274,5.967
88195,Gendreville,Vosges,Lorraine,LOR,France,FR,48.235,5.716
88197,Gerbamont,Vosges,Lorraine,LOR,France,FR,48.003,6.769
57247,Gerbécourt,Moselle,Lorraine,LOR,France,FR,48.852,6.516
54221,Gerbécourt-et-Haplemont,Meurthe-et-Moselle,Lorraine,LOR,France,FR,48.489,6.153
88198,Gerbépal,Vosges,Lorraine,LOR,France,FR,48.133,6.92
54222,Gerbéviller,Meurthe-et-Moselle,Lorraine,LOR,France,FR,48.491,6.517
55206,Gercourt-et-Drillancourt,Meuse,Lorraine,LOR,France,FR,49.282,5.234
54223,Germiny,Meurthe-et-Moselle,Lorraine,LOR,France,FR,48.546,6.007
54224,Germonville,Meurthe-et-Moselle,Lorraine,LOR,France,FR,48.411,6.217
55208,Gesnes-en-Argonne,Meuse,Lorraine,LOR,France,FR,49.306,5.057
55258,Geville,Meuse,Lorraine,LOR,France,FR,48.78,5.703
54226,Gibeaumeix,Meurthe-et-Moselle,Lorraine,LOR,France,FR,48.588,5.74
88200,Gigney,Vosges,Lorraine,LOR,France,FR,48.229,6.321
88199,Gignéville,Vosges,Lorraine,LOR,France,FR,48.112,5.918
55210,Gimécourt,Meuse,Lorraine,LOR,France,FR,48.853,5.376
55211,Gincrey,Meuse,Lorraine,LOR,France,FR,49.267,5.571
88201,Girancourt,Vosges,Lorraine,LOR,France,FR,48.142,6.328
54227,Giraumont,Meurthe-et-Moselle,Lorraine,LOR,France,FR,49.175,5.918
55212,Girauvoisin,Meuse,Lorraine,LOR,France,FR,48.804,5.631
88202,Gircourt-lès-Viéville,Vosges,Lorraine,LOR,France,FR,48.341,6.193
88203,Girecourt-sur-Durbion,Vosges,Lorraine,LOR,France,FR,48.248,6.599
54228,Giriviller,Meurthe-et-Moselle,Lorraine,LOR,France,FR,48.438,6.496
88205,Girmont-Val-d'Ajol,Vosges,Lorraine,LOR,France,FR,47.945,6.558
88206,Gironcourt-sur-Vraine,Vosges,Lorraine,LOR,France,FR,48.305,5.932
55214,Givrauval,Meuse,Lorraine,LOR,France,FR,48.66,5.318
57248,Givrycourt,Moselle,Lorraine,LOR,France,FR,48.93,6.918
57249,Glatigny,Moselle,Lorraine,LOR,France,FR,49.142,6.348
54229,Glonville,Meurthe-et-Moselle,Lorraine,LOR,France,FR,48.458,6.69
88208,Godoncourt,Vosges,Lorraine,LOR,France,FR,47.996,5.934
57250,Goetzenbruck,Moselle,Lorraine,LOR,France,FR,48.973,7.374
54230,Gogney,Meurthe-et-Moselle,Lorraine,LOR,France,FR,48.612,6.868
57251,Goin,Moselle,Lorraine,LOR,France,FR,48.989,6.226
88209,Golbey,Vosges,Lorraine,LOR,France,FR,48.2,6.425
57252,Gomelange,Moselle,Lorraine,LOR,France,FR,49.239,6.462
54231,Gondrecourt-Aix,Meurthe-et-Moselle,Lorraine,LOR,France,FR,49.245,5.763
55215,Gondrecourt-le-Château,Meuse,Lorraine,LOR,France,FR,48.503,5.531
54232,Gondreville,Meurthe-et-Moselle,Lorraine,LOR,France,FR,48.684,5.964
57253,Gondrexange,Moselle,Lorraine,LOR,France,FR,48.691,6.908
54233,Gondrexon,Meurthe-et-Moselle,Lorraine,LOR,France,FR,48.605,6.766
54234,Gorcy,Meurthe-et-Moselle,Lorraine,LOR,France,FR,49.536,5.683
88210,Gorhey,Vosges,Lorraine,LOR,France,FR,48.191,6.292
57254,Gorze,Moselle,Lorraine,LOR,France,FR,49.055,5.994
57255,Gosselming,Moselle,Lorraine,LOR,France,FR,48.787,6.986
55216,Gouraincourt,Meuse,Lorraine,LOR,France,FR,49.298,5.668
55217,Goussaincourt,Meuse,Lorraine,LOR,France,FR,48.482,5.668
54235,Goviller,Meurthe-et-Moselle,Lorraine,LOR,France,FR,48.503,6.01
88212,Grand,Vosges,Lorraine,LOR,France,FR,48.394,5.479
54236,Grand-Failly,Meurthe-et-Moselle,Lorraine,LOR,France,FR,49.428,5.537
88215,Grandrupt,Vosges,Lorraine,LOR,France,FR,48.365,7.067
88214,Grandrupt-de-Bains,Vosges,Lorraine,LOR,France,FR,48.065,6.185
88216,Grandvillers,Vosges,Lorraine,LOR,France,FR,48.234,6.668
88218,Granges-Aumontzey,Vosges,Lorraine,LOR,France,FR,48.132,6.805
57256,Gravelotte,Moselle,Lorraine,LOR,France,FR,49.111,6.023
55218,Gremilly,Meuse,Lorraine,LOR,France,FR,49.282,5.503
88219,Greux,Vosges,Lorraine,LOR,France,FR,48.46,5.672
88220,Grignoncourt,Vosges,Lorraine,LOR,France,FR,47.96,5.907
55219,Grimaucourt-en-Woëvre,Meuse,Lorraine,LOR,France,FR,49.164,5.565
55220,Grimaucourt-près-Sampigny,Meuse,Lorraine,LOR,France,FR,48.784,5.464
54237,Grimonviller,Meurthe-et-Moselle,Lorraine,LOR,France,FR,48.382,6.008
57259,Grindorff-Bizing,Moselle,Lorraine,LOR,France,FR,49.382,6.514
54238,Gripport,Meurthe-et-Moselle,Lorraine,LOR,France,FR,48.416,6.248
54239,Griscourt,Meurthe-et-Moselle,Lorraine,LOR,France,FR,48.84,6.016
57261,Gros-Réderching,Moselle,Lorraine,LOR,France,FR,49.068,7.218
57260,Grosbliederstroff,Moselle,Lorraine,LOR,France,FR,49.156,7.02
54240,Grosrouvres,Meurthe-et-Moselle,Lorraine,LOR,France,FR,48.829,5.847
57262,Grostenquin,Moselle,Lorraine,LOR,France,FR,48.969,6.739
88221,Gruey-lès-Surance,Vosges,Lorraine,LOR,France,FR,48.034,6.17
57263,Grundviller,Moselle,Lorraine,LOR,France,FR,49.052,6.999
57257,Grémecey,Moselle,Lorraine,LOR,France,FR,48.811,6.413
57258,Gréning,Moselle,Lorraine,LOR,France,FR,48.975,6.842
57264,Guebenhouse,Moselle,Lorraine,LOR,France,FR,49.076,6.945
57271,Guenviller,Moselle,Lorraine,LOR,France,FR,49.105,6.805
57272,Guermange,Moselle,Lorraine,LOR,France,FR,48.802,6.82
55221,Guerpont,Meuse,Lorraine,LOR,France,FR,48.725,5.258
57273,Guerstling,Moselle,Lorraine,LOR,France,FR,49.324,6.576
57274,Guerting,Moselle,Lorraine,LOR,France,FR,49.194,6.617
57275,Guessling-Hémering,Moselle,Lorraine,LOR,France,FR,49.021,6.666
54241,Gugney,Meurthe-et-Moselle,Lorraine,LOR,France,FR,48.394,6.059
88223,Gugney-aux-Aulx,Vosges,Lorraine,LOR,France,FR,48.303,6.271
88222,Gugnécourt,Vosges,Lorraine,LOR,France,FR,48.247,6.623
57276,Guinglange,Moselle,Lorraine,LOR,France,FR,49.072,6.522
57277,Guinkirchen,Moselle,Lorraine,LOR,France,FR,49.207,6.446
57278,Guinzeling,Moselle,Lorraine,LOR,France,FR,48.88,6.843
57280,Guntzviller,Moselle,Lorraine,LOR,France,FR,48.704,7.163
55222,Gussainville,Meuse,Lorraine,LOR,France,FR,49.164,5.661
57265,Guébestroff,Moselle,Lorraine,LOR,France,FR,48.837,6.716
57266,Guéblange-lès-Dieuze,Moselle,Lorraine,LOR,France,FR,48.777,6.703
57268,Guébling,Moselle,Lorraine,LOR,France,FR,48.867,6.738
57269,Guénange,Moselle,Lorraine,LOR,France,FR,49.3,6.203
54242,Gye,Meurthe-et-Moselle,Lorraine,LOR,France,FR,48.625,5.878
54217,Gélacourt,Meurthe-et-Moselle,Lorraine,LOR,France,FR,48.477,6.731
54218,Gélaucourt,Meurthe-et-Moselle,Lorraine,LOR,France,FR,48.459,5.988
54220,Gémonville,Meurthe-et-Moselle,Lorraine,LOR,France,FR,48.418,5.885
55204,Génicourt-sur-Meuse,Meuse,Lorraine,LOR,France,FR,49.042,5.444
88196,Gérardmer,Vosges,Lorraine,LOR,France,FR,48.065,6.867
55207,Géry,Meuse,Lorraine,LOR,France,FR,48.788,5.299
54225,Gézoncourt,Meurthe-et-Moselle,Lorraine,LOR,France,FR,48.843,5.985
54243,Hablainville,Meurthe-et-Moselle,Lorraine,LOR,France,FR,48.516,6.72
57281,Haboudange,Moselle,Lorraine,LOR,France,FR,48.885,6.603
88224,Hadigny-les-Verrières,Vosges,Lorraine,LOR,France,FR,48.323,6.478
88225,Hadol,Vosges,Lorraine,LOR,France,FR,48.079,6.463
57282,Hagen,Moselle,Lorraine,LOR,France,FR,49.499,6.163
88227,Hagnéville-et-Roncourt,Vosges,Lorraine,LOR,France,FR,48.25,5.797
57283,Hagondange,Moselle,Lorraine,LOR,France,FR,49.246,6.159
88226,Hagécourt,Vosges,Lorraine,LOR,France,FR,48.228,6.157
54244,Hagéville,Meurthe-et-Moselle,Lorraine,LOR,France,FR,49.031,5.868
54245,Haigneville,Meurthe-et-Moselle,Lorraine,LOR,France,FR,48.485,6.341
88228,Haillainville,Vosges,Lorraine,LOR,France,FR,48.393,6.492
55224,Haironville,Meuse,Lorraine,LOR,France,FR,48.689,5.089
57284,Hallering,Moselle,Lorraine,LOR,France,FR,49.124,6.555
55225,Halles-sous-les-Côtes,Meuse,Lorraine,LOR,France,FR,49.448,5.125
54246,Halloville,Meurthe-et-Moselle,Lorraine,LOR,France,FR,48.551,6.858
57286,Halstroff,Moselle,Lorraine,LOR,France,FR,49.387,6.477
57288,Ham-sous-Varsberg,Moselle,Lorraine,LOR,France,FR,49.183,6.649
57289,Hambach,Moselle,Lorraine,LOR,France,FR,49.054,7.039
54247,Hammeville,Meurthe-et-Moselle,Lorraine,LOR,France,FR,48.5,6.071
54248,Hamonville,Meurthe-et-Moselle,Lorraine,LOR,France,FR,48.831,5.813
57290,Hampont,Moselle,Lorraine,LOR,France,FR,48.831,6.585
54602,Han-devant-Pierrepont,Meurthe-et-Moselle,Lorraine,LOR,France,FR,49.397,5.712
55226,Han-lès-Juvigny,Meuse,Lorraine,LOR,France,FR,49.485,5.333
55229,Han-sur-Meuse,Meuse,Lorraine,LOR,France,FR,48.855,5.541
57293,Han-sur-Nied,Moselle,Lorraine,LOR,France,FR,48.99,6.445
57291,Hangviller,Moselle,Lorraine,LOR,France,FR,48.814,7.23
57292,Hannocourt,Moselle,Lorraine,LOR,France,FR,48.914,6.448
55228,Hannonville-sous-les-Côtes,Meuse,Lorraine,LOR,France,FR,49.024,5.643
54249,Hannonville-Suzémont,Meurthe-et-Moselle,Lorraine,LOR,France,FR,49.099,5.836
57294,Hanviller,Moselle,Lorraine,LOR,France,FR,49.103,7.442
54250,Haraucourt,Meurthe-et-Moselle,Lorraine,LOR,France,FR,48.663,6.361
57295,Haraucourt-sur-Seille,Moselle,Lorraine,LOR,France,FR,48.809,6.605
54251,Harbouey,Meurthe-et-Moselle,Lorraine,LOR,France,FR,48.57,6.893
88229,Harchéchamp,Vosges,Lorraine,LOR,France,FR,48.4,5.794
88230,Hardancourt,Vosges,Lorraine,LOR,France,FR,48.379,6.562
57296,Hargarten-aux-Mines,Moselle,Lorraine,LOR,France,FR,49.221,6.613
88232,Harmonville,Vosges,Lorraine,LOR,France,FR,48.466,5.871
88233,Harol,Vosges,Lorraine,LOR,France,FR,48.144,6.247
54252,Haroué,Meurthe-et-Moselle,Lorraine,LOR,France,FR,48.474,6.187
57297,Harprich,Moselle,Lorraine,LOR,France,FR,48.966,6.658
57298,Harreberg,Moselle,Lorraine,LOR,France,FR,48.66,7.177
57299,Hartzviller,Moselle,Lorraine,LOR,France,FR,48.67,7.087
55232,Harville,Meuse,Lorraine,LOR,France,FR,49.101,5.728
88231,Haréville,Vosges,Lorraine,LOR,France,FR,48.202,6.018
57300,Haselbourg,Moselle,Lorraine,LOR,France,FR,48.692,7.216
57301,Haspelschiedt,Moselle,Lorraine,LOR,France,FR,49.073,7.494
54253,Hatrize,Meurthe-et-Moselle,Lorraine,LOR,France,FR,49.195,5.901
57302,Hattigny,Moselle,Lorraine,LOR,France,FR,48.628,6.961
57303,Hauconcourt,Moselle,Lorraine,LOR,France,FR,49.211,6.185
54254,Haucourt-Moulaine,Meurthe-et-Moselle,Lorraine,LOR,France,FR,49.492,5.807
55236,Haudainville,Meuse,Lorraine,LOR,France,FR,49.123,5.427
55237,Haudiomont,Meuse,Lorraine,LOR,France,FR,49.116,5.543
54255,Haudonville,Meurthe-et-Moselle,Lorraine,LOR,France,FR,48.501,6.481
55239,Haumont-près-Samogneux,Meuse,Lorraine,LOR,France,FR,49.276,5.369
54256,Haussonville,Meurthe-et-Moselle,Lorraine,LOR,France,FR,48.53,6.322
57304,Haut-Clocher,Moselle,Lorraine,LOR,France,FR,48.756,7
57371,Haute-Kontz,Moselle,Lorraine,LOR,France,FR,49.455,6.318
57714,Haute-Vigneulles,Moselle,Lorraine,LOR,France,FR,49.094,6.556
57305,Havange,Moselle,Lorraine,LOR,France,FR,49.389,6
57306,Hayange,Moselle,Lorraine,LOR,France,FR,49.328,6.061
57307,Hayes,Moselle,Lorraine,LOR,France,FR,49.171,6.378
57308,Hazembourg,Moselle,Lorraine,LOR,France,FR,48.966,6.931
54257,Heillecourt,Meurthe-et-Moselle,Lorraine,LOR,France,FR,48.651,6.199
57309,Heining-lès-Bouzonville,Moselle,Lorraine,LOR,France,FR,49.31,6.593
55241,Heippes,Meuse,Lorraine,LOR,France,FR,48.999,5.284
57310,Hellering-lès-Fénétrange,Moselle,Lorraine,LOR,France,FR,48.808,7.066
57311,Hellimer,Moselle,Lorraine,LOR,France,FR,48.995,6.824
57312,Helstroff,Moselle,Lorraine,LOR,France,FR,49.153,6.483
88237,Hennecourt,Vosges,Lorraine,LOR,France,FR,48.21,6.29
55242,Hennemont,Meuse,Lorraine,LOR,France,FR,49.137,5.666
88238,Hennezel,Vosges,Lorraine,LOR,France,FR,48.052,6.113
57315,Henridorff,Moselle,Lorraine,LOR,France,FR,48.733,7.211
57316,Henriville,Moselle,Lorraine,LOR,France,FR,49.099,6.856
55243,Herbeuville,Meuse,Lorraine,LOR,France,FR,49.044,5.635
54259,Herbéviller,Meurthe-et-Moselle,Lorraine,LOR,France,FR,48.551,6.756
88239,Hergugney,Vosges,Lorraine,LOR,France,FR,48.389,6.206
57318,Hermelange,Moselle,Lorraine,LOR,France,FR,48.682,7.016
55244,Herméville-en-Woëvre,Meuse,Lorraine,LOR,France,FR,49.177,5.602
57319,Herny,Moselle,Lorraine,LOR,France,FR,49,6.482
88240,Herpelmont,Vosges,Lorraine,LOR,France,FR,48.165,6.735
54261,Herserange,Meurthe-et-Moselle,Lorraine,LOR,France,FR,49.519,5.792
57320,Hertzing,Moselle,Lorraine,LOR,France,FR,48.692,6.954
57321,Hesse,Moselle,Lorraine,LOR,France,FR,48.689,7.052
57322,Hestroff,Moselle,Lorraine,LOR,France,FR,49.264,6.431
57323,Hettange-Grande,Moselle,Lorraine,LOR,France,FR,49.417,6.152
55245,Heudicourt-sous-les-Côtes,Meuse,Lorraine,LOR,France,FR,48.938,5.698
57324,Hilbesheim,Moselle,Lorraine,LOR,France,FR,48.778,7.098
57325,Hilsprich,Moselle,Lorraine,LOR,France,FR,49.007,6.911
57326,Hinckange,Moselle,Lorraine,LOR,France,FR,49.191,6.441
57328,Holacourt,Moselle,Lorraine,LOR,France,FR,48.977,6.509
57329,Holling,Moselle,Lorraine,LOR,France,FR,49.259,6.499
57330,Holving,Moselle,Lorraine,LOR,France,FR,49.012,6.966
57331,Hombourg-Budange,Moselle,Lorraine,LOR,France,FR,49.288,6.356
57332,Hombourg-Haut,Moselle,Lorraine,LOR,France,FR,49.129,6.775
57333,Hommarting,Moselle,Lorraine,LOR,France,FR,48.739,7.144
57334,Hommert,Moselle,Lorraine,LOR,France,FR,48.677,7.178
54263,Homécourt,Meurthe-et-Moselle,Lorraine,LOR,France,FR,49.223,5.993
57335,Honskirch,Moselle,Lorraine,LOR,France,FR,48.94,6.963
55247,Horville-en-Ornois,Meuse,Lorraine,LOR,France,FR,48.488,5.469
57337,Hoste,Moselle,Lorraine,LOR,France,FR,49.058,6.862
57338,Hottviller,Moselle,Lorraine,LOR,France,FR,49.078,7.359
55248,Houdelaincourt,Meuse,Lorraine,LOR,France,FR,48.549,5.462
54264,Houdelmont,Meurthe-et-Moselle,Lorraine,LOR,France,FR,48.536,6.093
54265,Houdemont,Meurthe-et-Moselle,Lorraine,LOR,France,FR,48.641,6.173
54266,Houdreville,Meurthe-et-Moselle,Lorraine,LOR,France,FR,48.513,6.098
88243,Housseras,Vosges,Lorraine,LOR,France,FR,48.308,6.737
54268,Housséville,Meurthe-et-Moselle,Lorraine,LOR,France,FR,48.409,6.116
88241,Houécourt,Vosges,Lorraine,LOR,France,FR,48.292,5.905
88242,Houéville,Vosges,Lorraine,LOR,France,FR,48.371,5.807
54262,Hoéville,Meurthe-et-Moselle,Lorraine,LOR,France,FR,48.715,6.433
54269,Hudiviller,Meurthe-et-Moselle,Lorraine,LOR,France,FR,48.601,6.391
57339,Hultehouse,Moselle,Lorraine,LOR,France,FR,48.717,7.259
57340,Hundling,Moselle,Lorraine,LOR,France,FR,49.104,6.985
57341,Hunting,Moselle,Lorraine,LOR,France,FR,49.415,6.329
88245,Hurbache,Vosges,Lorraine,LOR,France,FR,48.347,6.931
54270,Hussigny-Godbrange,Meurthe-et-Moselle,Lorraine,LOR,France,FR,49.495,5.854
88246,Hymont,Vosges,Lorraine,LOR,France,FR,48.263,6.138
57313,Hémilly,Moselle,Lorraine,LOR,France,FR,49.048,6.492
57314,Héming,Moselle,Lorraine,LOR,France,FR,48.7,6.971
54258,Hénaménil,Meurthe-et-Moselle,Lorraine,LOR,France,FR,48.663,6.568
57317,Hérange,Moselle,Lorraine,LOR,France,FR,48.777,7.172
54260,Hériménil,Meurthe-et-Moselle,Lorraine,LOR,France,FR,48.564,6.492
55246,Hévilliers,Meuse,Lorraine,LOR,France,FR,48.602,5.326
57342,Ibigny,Moselle,Lorraine,LOR,France,FR,48.646,6.898
54271,Igney (Meurthe-et-Moselle),Meurthe-et-Moselle,Lorraine,LOR,France,FR,48.632,6.82
88247,Igney (Vosges),Vosges,Lorraine,LOR,France,FR,48.276,6.39
57343,Illange,Moselle,Lorraine,LOR,France,FR,49.328,6.17
57344,Imling,Moselle,Lorraine,LOR,France,FR,48.711,7.019
57345,Inglange,Moselle,Lorraine,LOR,France,FR,49.346,6.3
55250,Inor,Meuse,Lorraine,LOR,France,FR,49.554,5.164
57346,Insming,Moselle,Lorraine,LOR,France,FR,48.958,6.888
57347,Insviller,Moselle,Lorraine,LOR,France,FR,48.892,6.909
57348,Ippling,Moselle,Lorraine,LOR,France,FR,49.105,7.006
55251,Ippécourt,Meuse,Lorraine,LOR,France,FR,49.037,5.211
55252,Iré-le-Sec,Meuse,Lorraine,LOR,France,FR,49.473,5.397
88248,Isches,Vosges,Lorraine,LOR,France,FR,48.018,5.831
54272,Jaillon,Meurthe-et-Moselle,Lorraine,LOR,France,FR,48.762,5.975
88249,Jainvillotte,Vosges,Lorraine,LOR,France,FR,48.26,5.702
57349,Jallaucourt,Moselle,Lorraine,LOR,France,FR,48.834,6.395
55255,Jametz,Meuse,Lorraine,LOR,France,FR,49.425,5.386
88250,Jarménil,Vosges,Lorraine,LOR,France,FR,48.115,6.592
54273,Jarny,Meurthe-et-Moselle,Lorraine,LOR,France,FR,49.153,5.885
54274,Jarville-la-Malgrange,Meurthe-et-Moselle,Lorraine,LOR,France,FR,48.667,6.204
54275,Jaulny,Meurthe-et-Moselle,Lorraine,LOR,France,FR,48.967,5.893
54276,Jeandelaincourt,Meurthe-et-Moselle,Lorraine,LOR,France,FR,48.844,6.248
54277,Jeandelize,Meurthe-et-Moselle,Lorraine,LOR,France,FR,49.173,5.795
88251,Jeanménil,Vosges,Lorraine,LOR,France,FR,48.332,6.682
88253,Jeuxey,Vosges,Lorraine,LOR,France,FR,48.2,6.487
54278,Jevoncourt,Meurthe-et-Moselle,Lorraine,LOR,France,FR,48.414,6.163
54279,Jezainville,Meurthe-et-Moselle,Lorraine,LOR,France,FR,48.865,6.016
54281,Jolivet,Meurthe-et-Moselle,Lorraine,LOR,France,FR,48.611,6.517
55256,Jonville-en-Woëvre,Meuse,Lorraine,LOR,France,FR,49.066,5.776
54282,Joppécourt,Meurthe-et-Moselle,Lorraine,LOR,France,FR,49.39,5.802
88254,Jorxey,Vosges,Lorraine,LOR,France,FR,48.304,6.237
54283,Jouaville,Meurthe-et-Moselle,Lorraine,LOR,France,FR,49.157,5.961
54284,Joudreville,Meurthe-et-Moselle,Lorraine,LOR,France,FR,49.288,5.779
57350,Jouy-aux-Arches,Moselle,Lorraine,LOR,France,FR,49.063,6.086
55257,Jouy-en-Argonne,Meuse,Lorraine,LOR,France,FR,49.135,5.225
88255,Jubainville,Vosges,Lorraine,LOR,France,FR,48.458,5.75
55260,Julvécourt,Meuse,Lorraine,LOR,France,FR,49.06,5.191
57351,Jury,Moselle,Lorraine,LOR,France,FR,49.073,6.256
88256,Jussarupt,Vosges,Lorraine,LOR,France,FR,48.158,6.752
57352,Jussy,Moselle,Lorraine,LOR,France,FR,49.099,6.077
88257,Juvaincourt,Vosges,Lorraine,LOR,France,FR,48.331,6.062
57353,Juvelize,Moselle,Lorraine,LOR,France,FR,48.768,6.656
55261,Juvigny-en-Perthois,Meuse,Lorraine,LOR,France,FR,48.597,5.162
55262,Juvigny-sur-Loison,Meuse,Lorraine,LOR,France,FR,49.46,5.332
57354,Juville,Moselle,Lorraine,LOR,France,FR,48.931,6.359
54285,Juvrecourt,Meurthe-et-Moselle,Lorraine,LOR,France,FR,48.743,6.557
88252,Jésonville,Vosges,Lorraine,LOR,France,FR,48.129,6.113
54280,Jœuf,Meurthe-et-Moselle,Lorraine,LOR,France,FR,49.231,6.013
57355,Kalhausen,Moselle,Lorraine,LOR,France,FR,49.023,7.143
57356,Kanfen,Moselle,Lorraine,LOR,France,FR,49.435,6.114
57357,Kappelkinger,Moselle,Lorraine,LOR,France,FR,48.976,6.91
57359,Kemplich,Moselle,Lorraine,LOR,France,FR,49.325,6.396
57360,Kerbach,Moselle,Lorraine,LOR,France,FR,49.162,6.974
57361,Kerling-lès-Sierck,Moselle,Lorraine,LOR,France,FR,49.389,6.38
57362,Kerprich-aux-Bois,Moselle,Lorraine,LOR,France,FR,48.736,6.96
57364,Kirsch-lès-Sierck,Moselle,Lorraine,LOR,France,FR,49.437,6.41
57365,Kirschnaumen,Moselle,Lorraine,LOR,France,FR,49.403,6.434
57366,Kirviller,Moselle,Lorraine,LOR,France,FR,48.958,6.982
57367,Klang,Moselle,Lorraine,LOR,France,FR,49.32,6.372
57368,Knutange,Moselle,Lorraine,LOR,France,FR,49.337,6.032
57372,Kuntzig,Moselle,Lorraine,LOR,France,FR,49.35,6.236
57358,Kédange-sur-Canner,Moselle,Lorraine,LOR,France,FR,49.311,6.342
57370,Kœnigsmacker,Moselle,Lorraine,LOR,France,FR,49.387,6.287
55263,Kœur-la-Grande,Meuse,Lorraine,LOR,France,FR,48.866,5.471
55264,Kœur-la-Petite,Meuse,Lorraine,LOR,France,FR,48.855,5.436
57336,L'Hôpital,Moselle,Lorraine,LOR,France,FR,49.159,6.734
55296,L'Isle-en-Rigault,Meuse,Lorraine,LOR,France,FR,48.712,5.033
88028,La Baffe,Vosges,Lorraine,LOR,France,FR,48.159,6.561
88068,La Bourgonce,Vosges,Lorraine,LOR,France,FR,48.303,6.81
88075,La Bresse,Vosges,Lorraine,LOR,France,FR,48.023,6.935
88088,La Chapelle-aux-Bois,Vosges,Lorraine,LOR,France,FR,48.016,6.334
88089,La Chapelle-devant-Bruyères,Vosges,Lorraine,LOR,France,FR,48.178,6.806
88120,La Croix-aux-Mines,Vosges,Lorraine,LOR,France,FR,48.202,7.058
88177,La Forge,Vosges,Lorraine,LOR,France,FR,48.07,6.72
88213,La Grande-Fosse,Vosges,Lorraine,LOR,France,FR,48.342,7.078
88236,La Haye,Vosges,Lorraine,LOR,France,FR,48.059,6.209
88244,La Houssière,Vosges,Lorraine,LOR,France,FR,48.198,6.855
57452,La Maxe,Moselle,Lorraine,LOR,France,FR,49.162,6.193
88322,La Neuveville-devant-Lépanges,Vosges,Lorraine,LOR,France,FR,48.156,6.666
88324,La Neuveville-sous-Châtenois,Vosges,Lorraine,LOR,France,FR,48.287,5.872
88325,La Neuveville-sous-Montfort,Vosges,Lorraine,LOR,France,FR,48.228,6.017
88345,La Petite-Fosse,Vosges,Lorraine,LOR,France,FR,48.323,7.051
88346,La Petite-Raon,Vosges,Lorraine,LOR,France,FR,48.418,6.991
88438,La Salle,Vosges,Lorraine,LOR,France,FR,48.325,6.823
88485,La Vacheresse-et-la-Rouillie,Vosges,Lorraine,LOR,France,FR,48.146,5.794
88519,La Voivre,Vosges,Lorraine,LOR,France,FR,48.341,6.9
88029,La Vôge-les-Bains,Vosges,Lorraine,LOR,France,FR,48.015,6.259
55265,Labeuville,Meuse,Lorraine,LOR,France,FR,49.096,5.778
54286,Labry,Meurthe-et-Moselle,Lorraine,LOR,France,FR,49.181,5.874
55266,Lachalade,Meuse,Lorraine,LOR,France,FR,49.176,4.997
57373,Lachambre,Moselle,Lorraine,LOR,France,FR,49.08,6.757
54287,Lachapelle,Meurthe-et-Moselle,Lorraine,LOR,France,FR,48.417,6.77
55267,Lachaussée,Meuse,Lorraine,LOR,France,FR,49.035,5.8
55268,Lacroix-sur-Meuse,Meuse,Lorraine,LOR,France,FR,48.979,5.529
57374,Lafrimbolle,Moselle,Lorraine,LOR,France,FR,48.601,7.026
57375,Lagarde,Moselle,Lorraine,LOR,France,FR,48.687,6.718
54288,Lagney,Meurthe-et-Moselle,Lorraine,LOR,France,FR,48.746,5.828
55269,Lahaymeix,Meuse,Lorraine,LOR,France,FR,48.935,5.418
55270,Lahayville,Meuse,Lorraine,LOR,France,FR,48.889,5.771
55271,Laheycourt,Meuse,Lorraine,LOR,France,FR,48.899,5.019
55272,Laimont,Meuse,Lorraine,LOR,France,FR,48.842,5.042
54290,Laix,Meurthe-et-Moselle,Lorraine,LOR,France,FR,49.452,5.779
54291,Lalœuf,Meurthe-et-Moselle,Lorraine,LOR,France,FR,48.469,6.01
88258,Lamarche,Vosges,Lorraine,LOR,France,FR,48.063,5.777
54292,Lamath,Meurthe-et-Moselle,Lorraine,LOR,France,FR,48.52,6.445
57376,Lambach,Moselle,Lorraine,LOR,France,FR,49.03,7.366
55274,Lamorville,Meuse,Lorraine,LOR,France,FR,48.968,5.592
55275,Lamouilly,Meuse,Lorraine,LOR,France,FR,49.548,5.244
57377,Landange,Moselle,Lorraine,LOR,France,FR,48.67,6.959
88259,Landaville,Vosges,Lorraine,LOR,France,FR,48.285,5.75
55276,Landrecourt-Lempire,Meuse,Lorraine,LOR,France,FR,49.099,5.331
54294,Landremont,Meurthe-et-Moselle,Lorraine,LOR,France,FR,48.854,6.152
54295,Landres,Meurthe-et-Moselle,Lorraine,LOR,France,FR,49.321,5.807
57379,Landroff,Moselle,Lorraine,LOR,France,FR,48.964,6.618
54293,Landécourt,Meurthe-et-Moselle,Lorraine,LOR,France,FR,48.503,6.421
54296,Laneuvelotte,Meurthe-et-Moselle,Lorraine,LOR,France,FR,48.727,6.301
54297,Laneuveville-aux-Bois,Meurthe-et-Moselle,Lorraine,LOR,France,FR,48.622,6.645
54298,Laneuveville-derrière-Foug,Meurthe-et-Moselle,Lorraine,LOR,France,FR,48.707,5.807
54299,Laneuveville-devant-Bayon,Meurthe-et-Moselle,Lorraine,LOR,France,FR,48.471,6.264
54300,Laneuveville-devant-Nancy,Meurthe-et-Moselle,Lorraine,LOR,France,FR,48.644,6.237
57381,Laneuveville-en-Saulnois,Moselle,Lorraine,LOR,France,FR,48.868,6.446
57380,Laneuveville-lès-Lorquin,Moselle,Lorraine,LOR,France,FR,48.651,7.005
55278,Laneuville-au-Rupt,Meuse,Lorraine,LOR,France,FR,48.707,5.577
55279,Laneuville-sur-Meuse,Meuse,Lorraine,LOR,France,FR,49.506,5.098
54301,Lanfroicourt,Meurthe-et-Moselle,Lorraine,LOR,France,FR,48.808,6.32
57382,Langatte,Moselle,Lorraine,LOR,France,FR,48.763,6.96
88260,Langley,Vosges,Lorraine,LOR,France,FR,48.36,6.331
57383,Languimberg,Moselle,Lorraine,LOR,France,FR,48.73,6.878
55280,Lanhères,Meuse,Lorraine,LOR,France,FR,49.208,5.711
57384,Laning,Moselle,Lorraine,LOR,France,FR,49.03,6.771
54302,Lantéfontaine,Meurthe-et-Moselle,Lorraine,LOR,France,FR,49.254,5.884
57385,Laquenexy,Moselle,Lorraine,LOR,France,FR,49.079,6.317
54303,Laronxe,Meurthe-et-Moselle,Lorraine,LOR,France,FR,48.545,6.597
55281,Latour-en-Woëvre,Meuse,Lorraine,LOR,France,FR,49.089,5.806
57386,Laudrefang,Moselle,Lorraine,LOR,France,FR,49.082,6.642
57387,Laumesfeld,Moselle,Lorraine,LOR,France,FR,49.369,6.441
57388,Launstroff,Moselle,Lorraine,LOR,France,FR,49.435,6.5
88261,Laval-sur-Vologne,Vosges,Lorraine,LOR,France,FR,48.196,6.693
55282,Lavallée,Meuse,Lorraine,LOR,France,FR,48.807,5.333
88262,Laveline-devant-Bruyères,Vosges,Lorraine,LOR,France,FR,48.184,6.759
88263,Laveline-du-Houx,Vosges,Lorraine,LOR,France,FR,48.139,6.708
55284,Lavincourt,Meuse,Lorraine,LOR,France,FR,48.661,5.155
55285,Lavoye,Meuse,Lorraine,LOR,France,FR,49.05,5.151
54304,Laxou,Meurthe-et-Moselle,Lorraine,LOR,France,FR,48.682,6.113
54305,Lay-Saint-Christophe,Meurthe-et-Moselle,Lorraine,LOR,France,FR,48.754,6.195
54306,Lay-Saint-Remy,Meurthe-et-Moselle,Lorraine,LOR,France,FR,48.683,5.763
54289,Laître-sous-Amance,Meurthe-et-Moselle,Lorraine,LOR,France,FR,48.74,6.275
57049,Le Ban-Saint-Martin,Moselle,Lorraine,LOR,France,FR,49.125,6.145
88057,Le Beulay,Vosges,Lorraine,LOR,France,FR,48.306,7.059
55061,Le Bouchon-sur-Saulx,Meuse,Lorraine,LOR,France,FR,48.612,5.232
55116,Le Claon,Meuse,Lorraine,LOR,France,FR,49.145,4.99
88108,Le Clerjus,Vosges,Lorraine,LOR,France,FR,47.976,6.325
88306,Le Mont,Vosges,Lorraine,LOR,France,FR,48.409,7.024
88302,Le Ménil,Vosges,Lorraine,LOR,France,FR,47.914,6.812
55379,Le Neufour,Meuse,Lorraine,LOR,France,FR,49.13,4.984
88362,Le Puid,Vosges,Lorraine,LOR,France,FR,48.392,7.038
88399,Le Roulier,Vosges,Lorraine,LOR,France,FR,48.174,6.617
88444,Le Saulcy,Vosges,Lorraine,LOR,France,FR,48.42,7.045
88462,Le Syndicat,Vosges,Lorraine,LOR,France,FR,48.018,6.687
88468,Le Thillot,Vosges,Lorraine,LOR,France,FR,47.882,6.762
88470,Le Tholy,Vosges,Lorraine,LOR,France,FR,48.099,6.726
88487,Le Val-d'Ajol,Vosges,Lorraine,LOR,France,FR,47.942,6.497
57267,Le Val-de-Guéblange,Moselle,Lorraine,LOR,France,FR,48.979,6.957
88492,Le Valtin,Vosges,Lorraine,LOR,France,FR,48.091,7.027
88501,Le Vermont,Vosges,Lorraine,LOR,France,FR,48.39,7.07
54307,Lebeuville,Meurthe-et-Moselle,Lorraine,LOR,France,FR,48.435,6.241
54308,Leintrey,Meurthe-et-Moselle,Lorraine,LOR,France,FR,48.628,6.742
57389,Lelling,Moselle,Lorraine,LOR,France,FR,49.044,6.71
54309,Lemainville,Meurthe-et-Moselle,Lorraine,LOR,France,FR,48.505,6.188
57390,Lemberg,Moselle,Lorraine,LOR,France,FR,49.009,7.382
88265,Lemmecourt,Vosges,Lorraine,LOR,France,FR,48.265,5.73
55286,Lemmes,Meuse,Lorraine,LOR,France,FR,49.069,5.294
57391,Lemoncourt,Moselle,Lorraine,LOR,France,FR,48.863,6.387
57392,Lemud,Moselle,Lorraine,LOR,France,FR,49.034,6.362
54310,Leménil-Mitry,Meurthe-et-Moselle,Lorraine,LOR,France,FR,48.453,6.254
57393,Lengelsheim,Moselle,Lorraine,LOR,France,FR,49.104,7.407
54311,Lenoncourt,Meurthe-et-Moselle,Lorraine,LOR,France,FR,48.669,6.301
88267,Lerrain,Vosges,Lorraine,LOR,France,FR,48.137,6.144
88001,Les Ableuvenettes,Vosges,Lorraine,LOR,France,FR,48.192,6.193
54048,Les Baroches,Meurthe-et-Moselle,Lorraine,LOR,France,FR,49.231,5.888
88178,Les Forges,Vosges,Lorraine,LOR,France,FR,48.173,6.393
55123,Les Hauts-de-Chée,Meuse,Lorraine,LOR,France,FR,48.866,5.164
55253,Les Islettes,Meuse,Lorraine,LOR,France,FR,49.114,5.006
55347,Les Monthairons,Meuse,Lorraine,LOR,France,FR,49.047,5.406
55401,Les Paroches,Meuse,Lorraine,LOR,France,FR,48.909,5.488
88356,Les Poulières,Vosges,Lorraine,LOR,France,FR,48.203,6.787
55436,Les Roises,Meuse,Lorraine,LOR,France,FR,48.461,5.635
88398,Les Rouges-Eaux,Vosges,Lorraine,LOR,France,FR,48.264,6.825
55497,Les Souhesmes-Rampont,Meuse,Lorraine,LOR,France,FR,49.085,5.235
88471,Les Thons,Vosges,Lorraine,LOR,France,FR,47.99,5.873
55254,Les Trois-Domaines,Meuse,Lorraine,LOR,France,FR,48.971,5.275
88491,Les Vallois,Vosges,Lorraine,LOR,France,FR,48.156,6.123
88520,Les Voivres,Vosges,Lorraine,LOR,France,FR,48.035,6.297
55172,Les Éparges,Meuse,Lorraine,LOR,France,FR,49.063,5.584
57200,Les Étangs,Moselle,Lorraine,LOR,France,FR,49.145,6.378
54312,Lesménils,Meurthe-et-Moselle,Lorraine,LOR,France,FR,48.933,6.117
57395,Lesse,Moselle,Lorraine,LOR,France,FR,48.951,6.518
88268,Lesseux,Vosges,Lorraine,LOR,France,FR,48.28,7.096
57396,Lessy,Moselle,Lorraine,LOR,France,FR,49.127,6.099
55289,Levoncourt,Meuse,Lorraine,LOR,France,FR,48.828,5.343
54314,Lexy,Meurthe-et-Moselle,Lorraine,LOR,France,FR,49.503,5.729
57397,Ley,Moselle,Lorraine,LOR,France,FR,48.736,6.655
54315,Leyr,Meurthe-et-Moselle,Lorraine,LOR,France,FR,48.802,6.269
57398,Leyviller,Moselle,Lorraine,LOR,France,FR,49.033,6.841
57399,Lezey,Moselle,Lorraine,LOR,France,FR,48.756,6.623
57410,Lhor,Moselle,Lorraine,LOR,France,FR,48.886,6.871
57401,Lidrezing,Moselle,Lorraine,LOR,France,FR,48.882,6.715
57402,Liederschiedt,Moselle,Lorraine,LOR,France,FR,49.122,7.495
88270,Liffol-le-Grand,Vosges,Lorraine,LOR,France,FR,48.318,5.574
55290,Lignières-sur-Aire,Meuse,Lorraine,LOR,France,FR,48.811,5.392
55291,Ligny-en-Barrois,Meuse,Lorraine,LOR,France,FR,48.666,5.283
88271,Lignéville,Vosges,Lorraine,LOR,France,FR,48.163,5.954
54316,Limey-Remenauville,Meurthe-et-Moselle,Lorraine,LOR,France,FR,48.898,5.901
57404,Lindre-Basse,Moselle,Lorraine,LOR,France,FR,48.802,6.749
57405,Lindre-Haute,Moselle,Lorraine,LOR,France,FR,48.818,6.753
55292,Liny-devant-Dun,Meuse,Lorraine,LOR,France,FR,49.352,5.205
57406,Liocourt,Moselle,Lorraine,LOR,France,FR,48.911,6.341
55293,Lion-devant-Dun,Meuse,Lorraine,LOR,France,FR,49.414,5.242
88272,Lironcourt,Vosges,Lorraine,LOR,France,FR,47.972,5.879
54317,Lironville,Meurthe-et-Moselle,Lorraine,LOR,France,FR,48.869,5.913
55295,Lisle-en-Barrois,Meuse,Lorraine,LOR,France,FR,48.919,5.083
55297,Lissey,Meuse,Lorraine,LOR,France,FR,49.376,5.369
54318,Liverdun,Meurthe-et-Moselle,Lorraine,LOR,France,FR,48.746,6.061
57407,Lixheim,Moselle,Lorraine,LOR,France,FR,48.787,7.143
57408,Lixing-lès-Rouhling,Moselle,Lorraine,LOR,France,FR,49.152,6.991
57409,Lixing-lès-Saint-Avold,Moselle,Lorraine,LOR,France,FR,49.035,6.741
57403,Liéhon,Moselle,Lorraine,LOR,France,FR,48.993,6.257
88269,Liézey,Vosges,Lorraine,LOR,France,FR,48.096,6.801
55298,Loisey,Meuse,Lorraine,LOR,France,FR,48.766,5.302
55299,Loison,Meuse,Lorraine,LOR,France,FR,49.297,5.581
54320,Loisy,Meurthe-et-Moselle,Lorraine,LOR,France,FR,48.867,6.098
57411,Lommerange,Moselle,Lorraine,LOR,France,FR,49.331,5.968
88273,Longchamp,Vosges,Lorraine,LOR,France,FR,48.224,6.52
88274,Longchamp-sous-Châtenois,Vosges,Lorraine,LOR,France,FR,48.286,5.835
55301,Longchamps-sur-Aire,Meuse,Lorraine,LOR,France,FR,48.913,5.305
55300,Longeaux,Meuse,Lorraine,LOR,France,FR,48.639,5.328
55302,Longeville-en-Barrois,Meuse,Lorraine,LOR,France,FR,48.739,5.204
57412,Longeville-lès-Metz,Moselle,Lorraine,LOR,France,FR,49.116,6.143
57413,Longeville-lès-Saint-Avold,Moselle,Lorraine,LOR,France,FR,49.119,6.642
54321,Longlaville,Meurthe-et-Moselle,Lorraine,LOR,France,FR,49.534,5.803
54322,Longuyon,Meurthe-et-Moselle,Lorraine,LOR,France,FR,49.447,5.593
54323,Longwy,Meurthe-et-Moselle,Lorraine,LOR,France,FR,49.522,5.765
54324,Lorey,Meurthe-et-Moselle,Lorraine,LOR,France,FR,48.498,6.316
54325,Loromontzey,Meurthe-et-Moselle,Lorraine,LOR,France,FR,48.435,6.371
57414,Lorquin,Moselle,Lorraine,LOR,France,FR,48.67,7.001
57415,Lorry-lès-Metz,Moselle,Lorraine,LOR,France,FR,49.143,6.11
57416,Lorry-Mardigny,Moselle,Lorraine,LOR,France,FR,48.982,6.09
57417,Lostroff,Moselle,Lorraine,LOR,France,FR,48.865,6.857
57418,Loudrefing,Moselle,Lorraine,LOR,France,FR,48.852,6.892
57419,Loupershouse,Moselle,Lorraine,LOR,France,FR,49.08,6.919
55303,Loupmont,Meuse,Lorraine,LOR,France,FR,48.864,5.677
55304,Louppy-le-Château,Meuse,Lorraine,LOR,France,FR,48.866,5.079
55306,Louppy-sur-Loison,Meuse,Lorraine,LOR,France,FR,49.437,5.338
57421,Loutzviller,Moselle,Lorraine,LOR,France,FR,49.144,7.387
55307,Louvemont-Côte-du-Poivre,Meuse,Lorraine,LOR,France,FR,49.24,5.402
57422,Louvigny,Moselle,Lorraine,LOR,France,FR,48.96,6.182
54326,Lubey,Meurthe-et-Moselle,Lorraine,LOR,France,FR,49.245,5.855
88275,Lubine,Vosges,Lorraine,LOR,France,FR,48.316,7.165
57423,Lubécourt,Moselle,Lorraine,LOR,France,FR,48.843,6.51
54327,Lucey,Meurthe-et-Moselle,Lorraine,LOR,France,FR,48.72,5.826
57424,Lucy,Moselle,Lorraine,LOR,France,FR,48.94,6.478
54328,Ludres,Meurthe-et-Moselle,Lorraine,LOR,France,FR,48.62,6.174
54329,Lunéville,Meurthe-et-Moselle,Lorraine,LOR,France,FR,48.592,6.488
54330,Lupcourt,Meurthe-et-Moselle,Lorraine,LOR,France,FR,48.605,6.222
57425,Luppy,Moselle,Lorraine,LOR,France,FR,48.981,6.341
88276,Lusse,Vosges,Lorraine,LOR,France,FR,48.289,7.123
57426,Luttange,Moselle,Lorraine,LOR,France,FR,49.27,6.296
57427,Lutzelbourg,Moselle,Lorraine,LOR,France,FR,48.735,7.26
88277,Luvigny,Vosges,Lorraine,LOR,France,FR,48.497,7.079
55310,Luzy-Saint-Martin,Meuse,Lorraine,LOR,France,FR,49.528,5.145
88264,Légéville-et-Bonfays,Vosges,Lorraine,LOR,France,FR,48.186,6.154
57394,Léning,Moselle,Lorraine,LOR,France,FR,48.959,6.816
88266,Lépanges-sur-Vologne,Vosges,Lorraine,LOR,France,FR,48.179,6.666
55288,Lérouville,Meuse,Lorraine,LOR,France,FR,48.78,5.532
54313,Létricourt,Meurthe-et-Moselle,Lorraine,LOR,France,FR,48.877,6.287
57428,Macheren,Moselle,Lorraine,LOR,France,FR,49.09,6.782
88278,Maconcourt,Vosges,Lorraine,LOR,France,FR,48.362,5.94
88279,Madecourt,Vosges,Lorraine,LOR,France,FR,48.24,6.116
88280,Madegney,Vosges,Lorraine,LOR,France,FR,48.288,6.287
88281,Madonne-et-Lamerey,Vosges,Lorraine,LOR,France,FR,48.223,6.238
54331,Magnières,Meurthe-et-Moselle,Lorraine,LOR,France,FR,48.447,6.564
54332,Maidières,Meurthe-et-Moselle,Lorraine,LOR,France,FR,48.896,6.037
54333,Mailly-sur-Seille,Meurthe-et-Moselle,Lorraine,LOR,France,FR,48.918,6.252
57430,Mainvillers,Moselle,Lorraine,LOR,France,FR,49.021,6.544
54334,Mairy-Mainville,Meurthe-et-Moselle,Lorraine,LOR,France,FR,49.301,5.853
54335,Maixe,Meurthe-et-Moselle,Lorraine,LOR,France,FR,48.648,6.438
55311,Maizeray,Meuse,Lorraine,LOR,France,FR,49.105,5.701
57431,Maizeroy,Moselle,Lorraine,LOR,France,FR,49.086,6.391
55312,Maizey,Meuse,Lorraine,LOR,France,FR,48.924,5.529
54336,Maizières,Meurthe-et-Moselle,Lorraine,LOR,France,FR,48.579,6.062
57433,Maizières-lès-Metz,Moselle,Lorraine,LOR,France,FR,49.21,6.156
57434,Maizières-lès-Vic,Moselle,Lorraine,LOR,France,FR,48.709,6.784
88283,Malaincourt,Vosges,Lorraine,LOR,France,FR,48.224,5.772
55313,Malancourt,Meuse,Lorraine,LOR,France,FR,49.236,5.176
57436,Malaucourt-sur-Seille,Moselle,Lorraine,LOR,France,FR,48.844,6.358
54337,Malavillers,Meurthe-et-Moselle,Lorraine,LOR,France,FR,49.357,5.868
54338,Malleloy,Meurthe-et-Moselle,Lorraine,LOR,France,FR,48.793,6.168
57437,Malling,Moselle,Lorraine,LOR,France,FR,49.416,6.304
57438,Malroy,Moselle,Lorraine,LOR,France,FR,49.173,6.217
54339,Malzéville,Meurthe-et-Moselle,Lorraine,LOR,France,FR,48.722,6.19
54340,Mamey,Meurthe-et-Moselle,Lorraine,LOR,France,FR,48.88,5.955
57439,Manderen-Ritzing,Moselle,Lorraine,LOR,France,FR,49.446,6.456
88284,Mandray,Vosges,Lorraine,LOR,France,FR,48.214,7.003
54343,Mandres-aux-Quatre-Tours,Meurthe-et-Moselle,Lorraine,LOR,France,FR,48.834,5.791
55315,Mandres-en-Barrois,Meuse,Lorraine,LOR,France,FR,48.496,5.393
88285,Mandres-sur-Vair,Vosges,Lorraine,LOR,France,FR,48.222,5.885
55316,Mangiennes,Meuse,Lorraine,LOR,France,FR,49.352,5.532
54344,Mangonville,Meurthe-et-Moselle,Lorraine,LOR,France,FR,48.451,6.289
55317,Manheulles,Meuse,Lorraine,LOR,France,FR,49.121,5.594
57440,Manhoué,Moselle,Lorraine,LOR,France,FR,48.827,6.344
57441,Manom,Moselle,Lorraine,LOR,France,FR,49.382,6.175
54345,Manoncourt-en-Vermois,Meurthe-et-Moselle,Lorraine,LOR,France,FR,48.602,6.27
54346,Manoncourt-en-Woëvre,Meurthe-et-Moselle,Lorraine,LOR,France,FR,48.782,5.918
54348,Manonville,Meurthe-et-Moselle,Lorraine,LOR,France,FR,48.831,5.915
54349,Manonviller,Meurthe-et-Moselle,Lorraine,LOR,France,FR,48.59,6.66
57442,Many,Moselle,Lorraine,LOR,France,FR,49.004,6.526
88286,Marainville-sur-Madon,Vosges,Lorraine,LOR,France,FR,48.396,6.162
54350,Marainviller,Meurthe-et-Moselle,Lorraine,LOR,France,FR,48.598,6.607
57443,Marange-Silvange,Moselle,Lorraine,LOR,France,FR,49.21,6.117
57444,Marange-Zondrange,Moselle,Lorraine,LOR,France,FR,49.116,6.527
54351,Marbache,Meurthe-et-Moselle,Lorraine,LOR,France,FR,48.789,6.092
55320,Marchéville-en-Woëvre,Meuse,Lorraine,LOR,France,FR,49.089,5.682
88287,Marey,Vosges,Lorraine,LOR,France,FR,48.108,5.896
57445,Marieulles,Moselle,Lorraine,LOR,France,FR,49.002,6.101
57446,Marimont-lès-Bénestroff,Moselle,Lorraine,LOR,France,FR,48.889,6.788
57447,Marly,Moselle,Lorraine,LOR,France,FR,49.066,6.153
54352,Maron,Meurthe-et-Moselle,Lorraine,LOR,France,FR,48.658,6.058
88288,Maroncourt,Vosges,Lorraine,LOR,France,FR,48.246,6.165
55321,Marre,Meuse,Lorraine,LOR,France,FR,49.204,5.299
54353,Mars-la-Tour,Meurthe-et-Moselle,Lorraine,LOR,France,FR,49.098,5.885
57448,Marsal,Moselle,Lorraine,LOR,France,FR,48.781,6.621
57449,Marsilly,Moselle,Lorraine,LOR,France,FR,49.095,6.307
55322,Marson-sur-Barboure,Meuse,Lorraine,LOR,France,FR,48.639,5.444
54354,Marthemont,Meurthe-et-Moselle,Lorraine,LOR,France,FR,48.559,6.037
57451,Marthille,Moselle,Lorraine,LOR,France,FR,48.929,6.559
88289,Martigny-les-Bains,Vosges,Lorraine,LOR,France,FR,48.11,5.818
88290,Martigny-les-Gerbonvaux,Vosges,Lorraine,LOR,France,FR,48.447,5.794
54355,Martincourt,Meurthe-et-Moselle,Lorraine,LOR,France,FR,48.848,5.951
55323,Martincourt-sur-Meuse,Meuse,Lorraine,LOR,France,FR,49.535,5.179
88291,Martinvelle,Vosges,Lorraine,LOR,France,FR,47.991,6.009
55324,Marville,Meuse,Lorraine,LOR,France,FR,49.447,5.448
88292,Mattaincourt,Vosges,Lorraine,LOR,France,FR,48.278,6.129
54356,Mattexey,Meurthe-et-Moselle,Lorraine,LOR,France,FR,48.439,6.522
55325,Maucourt-sur-Orne,Meuse,Lorraine,LOR,France,FR,49.253,5.519
55326,Maulan,Meuse,Lorraine,LOR,France,FR,48.668,5.25
55327,Mauvages,Meuse,Lorraine,LOR,France,FR,48.594,5.546
88293,Maxey-sur-Meuse,Vosges,Lorraine,LOR,France,FR,48.449,5.718
55328,Maxey-sur-Vaise,Meuse,Lorraine,LOR,France,FR,48.53,5.656
57453,Maxstadt,Moselle,Lorraine,LOR,France,FR,49.047,6.802
54357,Maxéville,Meurthe-et-Moselle,Lorraine,LOR,France,FR,48.713,6.162
88294,Mazeley,Vosges,Lorraine,LOR,France,FR,48.245,6.343
54358,Mazerulles,Meurthe-et-Moselle,Lorraine,LOR,France,FR,48.756,6.381
88295,Mazirot,Vosges,Lorraine,LOR,France,FR,48.319,6.156
57456,Meisenthal,Moselle,Lorraine,LOR,France,FR,48.974,7.343
55332,Menaucourt,Meuse,Lorraine,LOR,France,FR,48.656,5.362
57457,Menskirch,Moselle,Lorraine,LOR,France,FR,49.321,6.429
54362,Mercy-le-Bas,Meurthe-et-Moselle,Lorraine,LOR,France,FR,49.386,5.759
54363,Mercy-le-Haut,Meurthe-et-Moselle,Lorraine,LOR,France,FR,49.369,5.825
55336,Merles-sur-Loison,Meuse,Lorraine,LOR,France,FR,49.365,5.478
57459,Merschweiller,Moselle,Lorraine,LOR,France,FR,49.462,6.416
57460,Merten,Moselle,Lorraine,LOR,France,FR,49.248,6.657
54365,Merviller,Meurthe-et-Moselle,Lorraine,LOR,France,FR,48.472,6.776
54366,Messein,Meurthe-et-Moselle,Lorraine,LOR,France,FR,48.611,6.137
57462,Metting,Moselle,Lorraine,LOR,France,FR,48.812,7.205
57463,Metz,Moselle,Lorraine,LOR,France,FR,49.104,6.194
57464,Metzeresche,Moselle,Lorraine,LOR,France,FR,49.295,6.306
57465,Metzervisse,Moselle,Lorraine,LOR,France,FR,49.317,6.288
57466,Metzing,Moselle,Lorraine,LOR,France,FR,49.1,6.964
54367,Mexy,Meurthe-et-Moselle,Lorraine,LOR,France,FR,49.502,5.787
57467,Mey,Moselle,Lorraine,LOR,France,FR,49.137,6.241
88303,Midrevaux,Vosges,Lorraine,LOR,France,FR,48.395,5.589
54368,Mignéville,Meurthe-et-Moselle,Lorraine,LOR,France,FR,48.534,6.783
54369,Millery,Meurthe-et-Moselle,Lorraine,LOR,France,FR,48.816,6.139
55338,Milly-sur-Bradon,Meuse,Lorraine,LOR,France,FR,49.396,5.216
54370,Minorville,Meurthe-et-Moselle,Lorraine,LOR,France,FR,48.81,5.88
88304,Mirecourt,Vosges,Lorraine,LOR,France,FR,48.3,6.137
57468,Mittelbronn,Moselle,Lorraine,LOR,France,FR,48.766,7.226
57469,Mittersheim,Moselle,Lorraine,LOR,France,FR,48.855,6.944
55339,Mogeville,Meuse,Lorraine,LOR,France,FR,49.244,5.541
55340,Mognéville,Meuse,Lorraine,LOR,France,FR,48.775,4.992
54371,Moineville,Meurthe-et-Moselle,Lorraine,LOR,France,FR,49.196,5.948
55341,Moirey-Flabas-Crépion,Meuse,Lorraine,LOR,France,FR,49.297,5.391
54372,Moivrons,Meurthe-et-Moselle,Lorraine,LOR,France,FR,48.829,6.246
57470,Molring,Moselle,Lorraine,LOR,France,FR,48.889,6.822
57471,Momerstroff,Moselle,Lorraine,LOR,France,FR,49.155,6.534
54373,Moncel-lès-Lunéville,Meurthe-et-Moselle,Lorraine,LOR,France,FR,48.561,6.564
54374,Moncel-sur-Seille,Meurthe-et-Moselle,Lorraine,LOR,France,FR,48.77,6.425
88305,Moncel-sur-Vair,Vosges,Lorraine,LOR,France,FR,48.426,5.703
57472,Moncheux,Moselle,Lorraine,LOR,France,FR,48.947,6.337
57473,Moncourt,Moselle,Lorraine,LOR,France,FR,48.718,6.641
57474,Mondelange,Moselle,Lorraine,LOR,France,FR,49.263,6.171
57475,Mondorff,Moselle,Lorraine,LOR,France,FR,49.502,6.257
57476,Monneren,Moselle,Lorraine,LOR,France,FR,49.349,6.411
54084,Mont-Bonvillers,Meurthe-et-Moselle,Lorraine,LOR,France,FR,49.324,5.842
55345,Mont-devant-Sassey,Meuse,Lorraine,LOR,France,FR,49.411,5.158
54379,Mont-l'Étroit,Meurthe-et-Moselle,Lorraine,LOR,France,FR,48.498,5.784
54380,Mont-le-Vignoble,Meurthe-et-Moselle,Lorraine,LOR,France,FR,48.617,5.85
88307,Mont-lès-Lamarche,Vosges,Lorraine,LOR,France,FR,48.024,5.795
88308,Mont-lès-Neufchâteau,Vosges,Lorraine,LOR,France,FR,48.353,5.643
54382,Mont-Saint-Martin,Meurthe-et-Moselle,Lorraine,LOR,France,FR,49.546,5.778
54383,Mont-sur-Meurthe,Meurthe-et-Moselle,Lorraine,LOR,France,FR,48.55,6.44
54375,Montauville,Meurthe-et-Moselle,Lorraine,LOR,France,FR,48.9,6.004
55343,Montblainville,Meuse,Lorraine,LOR,France,FR,49.245,4.995
55344,Montbras,Meuse,Lorraine,LOR,France,FR,48.515,5.704
57477,Montbronn,Moselle,Lorraine,LOR,France,FR,48.998,7.307
57478,Montdidier,Moselle,Lorraine,LOR,France,FR,48.933,6.815
57479,Montenach,Moselle,Lorraine,LOR,France,FR,49.415,6.385
54376,Montenoy,Meurthe-et-Moselle,Lorraine,LOR,France,FR,48.791,6.235
55346,Montfaucon-d'Argonne,Meuse,Lorraine,LOR,France,FR,49.257,5.135
88309,Monthureux-le-Sec,Vosges,Lorraine,LOR,France,FR,48.171,6.026
88310,Monthureux-sur-Saône,Vosges,Lorraine,LOR,France,FR,48.027,5.967
55348,Montiers-sur-Saulx,Meuse,Lorraine,LOR,France,FR,48.546,5.269
54377,Montigny,Meurthe-et-Moselle,Lorraine,LOR,France,FR,48.516,6.802
55349,Montigny-devant-Sassey,Meuse,Lorraine,LOR,France,FR,49.43,5.145
57480,Montigny-lès-Metz,Moselle,Lorraine,LOR,France,FR,49.096,6.15
55350,Montigny-lès-Vaucouleurs,Meuse,Lorraine,LOR,France,FR,48.578,5.604
54378,Montigny-sur-Chiers,Meurthe-et-Moselle,Lorraine,LOR,France,FR,49.47,5.66
88311,Montmotier,Vosges,Lorraine,LOR,France,FR,47.978,6.172
55351,Montmédy,Meuse,Lorraine,LOR,France,FR,49.507,5.366
57481,Montois-la-Montagne,Moselle,Lorraine,LOR,France,FR,49.219,6.029
55352,Montplonne,Meuse,Lorraine,LOR,France,FR,48.695,5.174
54381,Montreux,Meurthe-et-Moselle,Lorraine,LOR,France,FR,48.537,6.888
55353,Montsec,Meuse,Lorraine,LOR,France,FR,48.891,5.729
55355,Montzéville,Meuse,Lorraine,LOR,France,FR,49.188,5.217
55356,Moranville,Meuse,Lorraine,LOR,France,FR,49.179,5.542
88312,Morelmaison,Vosges,Lorraine,LOR,France,FR,48.322,5.916
54385,Morfontaine,Meurthe-et-Moselle,Lorraine,LOR,France,FR,49.446,5.815
55357,Morgemoulin,Meuse,Lorraine,LOR,France,FR,49.232,5.579
57483,Morhange,Moselle,Lorraine,LOR,France,FR,48.928,6.643
88313,Moriville,Vosges,Lorraine,LOR,France,FR,48.351,6.418
54386,Moriviller,Meurthe-et-Moselle,Lorraine,LOR,France,FR,48.481,6.441
88314,Morizécourt,Vosges,Lorraine,LOR,France,FR,48.073,5.86
55359,Morley,Meuse,Lorraine,LOR,France,FR,48.569,5.204
57484,Morsbach,Moselle,Lorraine,LOR,France,FR,49.169,6.868
88315,Mortagne,Vosges,Lorraine,LOR,France,FR,48.275,6.804
88316,Morville,Vosges,Lorraine,LOR,France,FR,48.234,5.795
57485,Morville-lès-Vic,Moselle,Lorraine,LOR,France,FR,48.814,6.548
57486,Morville-sur-Nied,Moselle,Lorraine,LOR,France,FR,48.949,6.429
54387,Morville-sur-Seille,Meurthe-et-Moselle,Lorraine,LOR,France,FR,48.919,6.15
54388,Mouacourt,Meurthe-et-Moselle,Lorraine,LOR,France,FR,48.672,6.64
54389,Mouaville,Meurthe-et-Moselle,Lorraine,LOR,France,FR,49.214,5.778
55360,Mouilly,Meuse,Lorraine,LOR,France,FR,49.054,5.539
55361,Moulainville,Meuse,Lorraine,LOR,France,FR,49.158,5.493
57487,Moulins-lès-Metz,Moselle,Lorraine,LOR,France,FR,49.092,6.121
55362,Moulins-Saint-Hubert,Meuse,Lorraine,LOR,France,FR,49.579,5.128
55363,Moulotte,Meuse,Lorraine,LOR,France,FR,49.102,5.752
57488,Moussey (Moselle),Moselle,Lorraine,LOR,France,FR,48.671,6.78
88317,Moussey (Vosges),Vosges,Lorraine,LOR,France,FR,48.449,7.066
54390,Mousson,Meurthe-et-Moselle,Lorraine,LOR,France,FR,48.911,6.094
57489,Mouterhouse,Moselle,Lorraine,LOR,France,FR,48.99,7.438
54391,Moutiers,Meurthe-et-Moselle,Lorraine,LOR,France,FR,49.231,5.954
54392,Moutrot,Meurthe-et-Moselle,Lorraine,LOR,France,FR,48.602,5.897
55364,Mouzay,Meuse,Lorraine,LOR,France,FR,49.452,5.235
88318,Moyemont,Vosges,Lorraine,LOR,France,FR,48.338,6.54
54393,Moyen,Meurthe-et-Moselle,Lorraine,LOR,France,FR,48.488,6.579
88319,Moyenmoutier,Vosges,Lorraine,LOR,France,FR,48.387,6.918
57490,Moyenvic,Moselle,Lorraine,LOR,France,FR,48.778,6.575
57491,Moyeuvre-Grande,Moselle,Lorraine,LOR,France,FR,49.254,6.039
57492,Moyeuvre-Petite,Moselle,Lorraine,LOR,France,FR,49.28,6.02
57493,Mulcey,Moselle,Lorraine,LOR,France,FR,48.809,6.664
57494,Munster,Moselle,Lorraine,LOR,France,FR,48.909,6.893
55365,Murvaux,Meuse,Lorraine,LOR,France,FR,49.393,5.265
54394,Murville,Meurthe-et-Moselle,Lorraine,LOR,France,FR,49.343,5.831
55367,Muzeray,Meuse,Lorraine,LOR,France,FR,49.339,5.623
57454,Mécleuves,Moselle,Lorraine,LOR,France,FR,49.05,6.277
55329,Mécrin,Meuse,Lorraine,LOR,France,FR,48.828,5.551
88296,Médonville,Vosges,Lorraine,LOR,France,FR,48.215,5.735
57455,Mégange,Moselle,Lorraine,LOR,France,FR,49.222,6.437
54359,Méhoncourt,Meurthe-et-Moselle,Lorraine,LOR,France,FR,48.513,6.379
55330,Méligny-le-Grand,Meuse,Lorraine,LOR,France,FR,48.679,5.493
55331,Méligny-le-Petit,Meuse,Lorraine,LOR,France,FR,48.656,5.471
88297,Méménil,Vosges,Lorraine,LOR,France,FR,48.209,6.616
88298,Ménarmont,Vosges,Lorraine,LOR,France,FR,48.418,6.648
55333,Ménil-aux-Bois,Meuse,Lorraine,LOR,France,FR,48.803,5.437
88300,Ménil-de-Senones,Vosges,Lorraine,LOR,France,FR,48.376,6.997
88299,Ménil-en-Xaintois,Vosges,Lorraine,LOR,France,FR,48.306,5.974
55334,Ménil-la-Horgne,Meuse,Lorraine,LOR,France,FR,48.702,5.531
54360,Ménil-la-Tour,Meurthe-et-Moselle,Lorraine,LOR,France,FR,48.766,5.856
88301,Ménil-sur-Belvitte,Vosges,Lorraine,LOR,France,FR,48.385,6.696
55335,Ménil-sur-Saulx,Meuse,Lorraine,LOR,France,FR,48.621,5.206
54364,Méréville,Meurthe-et-Moselle,Lorraine,LOR,France,FR,48.591,6.143
57461,Métairies-Saint-Quirin,Moselle,Lorraine,LOR,France,FR,48.64,7.038
55368,Naives-en-Blois,Meuse,Lorraine,LOR,France,FR,48.667,5.548
55369,Naives-Rosières,Meuse,Lorraine,LOR,France,FR,48.803,5.231
55370,Naix-aux-Forges,Meuse,Lorraine,LOR,France,FR,48.639,5.377
54395,Nancy,Meurthe-et-Moselle,Lorraine,LOR,France,FR,48.69,6.176
55373,Nant-le-Grand,Meuse,Lorraine,LOR,France,FR,48.682,5.229
55374,Nant-le-Petit,Meuse,Lorraine,LOR,France,FR,48.652,5.227
55375,Nantillois,Meuse,Lorraine,LOR,France,FR,49.299,5.131
55376,Nantois,Meuse,Lorraine,LOR,France,FR,48.626,5.347
55371,Nançois-le-Grand,Meuse,Lorraine,LOR,France,FR,48.714,5.392
55372,Nançois-sur-Ornain,Meuse,Lorraine,LOR,France,FR,48.722,5.319
57495,Narbéfontaine,Moselle,Lorraine,LOR,France,FR,49.136,6.544
88320,Nayemont-les-Fosses,Vosges,Lorraine,LOR,France,FR,48.298,7.008
57497,Nelling,Moselle,Lorraine,LOR,France,FR,48.971,6.865
55377,Nepvant,Meuse,Lorraine,LOR,France,FR,49.538,5.222
55378,Nettancourt,Meuse,Lorraine,LOR,France,FR,48.873,4.935
57498,Neufchef,Moselle,Lorraine,LOR,France,FR,49.319,6.016
88321,Neufchâteau,Vosges,Lorraine,LOR,France,FR,48.365,5.7
57499,Neufgrange,Moselle,Lorraine,LOR,France,FR,49.075,7.065
54396,Neufmaisons,Meurthe-et-Moselle,Lorraine,LOR,France,FR,48.437,6.881
57500,Neufmoulins,Moselle,Lorraine,LOR,France,FR,48.68,6.972
57501,Neufvillage,Moselle,Lorraine,LOR,France,FR,48.935,6.78
57502,Neunkirchen-lès-Bouzonville,Moselle,Lorraine,LOR,France,FR,49.349,6.558
54397,Neuves-Maisons,Meurthe-et-Moselle,Lorraine,LOR,France,FR,48.615,6.108
55380,Neuville-en-Verdunois,Meuse,Lorraine,LOR,France,FR,48.948,5.31
55381,Neuville-lès-Vaucouleurs,Meuse,Lorraine,LOR,France,FR,48.579,5.657
55382,Neuville-sur-Ornain,Meuse,Lorraine,LOR,France,FR,48.816,5.055
54398,Neuviller-lès-Badonviller,Meurthe-et-Moselle,Lorraine,LOR,France,FR,48.521,6.877
54399,Neuviller-sur-Moselle,Meurthe-et-Moselle,Lorraine,LOR,France,FR,48.49,6.281
88326,Neuvillers-sur-Fave,Vosges,Lorraine,LOR,France,FR,48.285,7.034
55383,Neuvilly-en-Argonne,Meuse,Lorraine,LOR,France,FR,49.164,5.048
55384,Nicey-sur-Aire,Meuse,Lorraine,LOR,France,FR,48.898,5.378
57504,Niderhoff,Moselle,Lorraine,LOR,France,FR,48.629,7.007
57505,Niderviller,Moselle,Lorraine,LOR,France,FR,48.711,7.118
57506,Niederstinzel,Moselle,Lorraine,LOR,France,FR,48.873,7.014
57507,Niedervisse,Moselle,Lorraine,LOR,France,FR,49.167,6.568
57508,Nilvange,Moselle,Lorraine,LOR,France,FR,49.344,6.051
57509,Nitting,Moselle,Lorraine,LOR,France,FR,48.662,7.05
55385,Nixéville-Blercourt,Meuse,Lorraine,LOR,France,FR,49.108,5.268
57510,Noisseville,Moselle,Lorraine,LOR,France,FR,49.134,6.274
54400,Nomeny,Meurthe-et-Moselle,Lorraine,LOR,France,FR,48.878,6.233
88327,Nomexy,Vosges,Lorraine,LOR,France,FR,48.308,6.372
88328,Nompatelize,Vosges,Lorraine,LOR,France,FR,48.33,6.85
54401,Nonhigny,Meurthe-et-Moselle,Lorraine,LOR,France,FR,48.551,6.891
55386,Nonsard-Lamarche,Meuse,Lorraine,LOR,France,FR,48.94,5.755
88330,Nonville,Vosges,Lorraine,LOR,France,FR,48.089,5.983
88331,Nonzeville,Vosges,Lorraine,LOR,France,FR,48.265,6.634
88332,Norroy,Vosges,Lorraine,LOR,France,FR,48.214,5.919
54402,Norroy-le-Sec,Meurthe-et-Moselle,Lorraine,LOR,France,FR,49.276,5.809
57511,Norroy-le-Veneur,Moselle,Lorraine,LOR,France,FR,49.182,6.104
54403,Norroy-lès-Pont-à-Mousson,Meurthe-et-Moselle,Lorraine,LOR,France,FR,48.937,6.022
88333,Nossoncourt,Vosges,Lorraine,LOR,France,FR,48.397,6.669
55387,Nouillonpont,Meuse,Lorraine,LOR,France,FR,49.357,5.659
57512,Nouilly,Moselle,Lorraine,LOR,France,FR,49.139,6.256
57513,Nousseviller-lès-Bitche,Moselle,Lorraine,LOR,France,FR,49.099,7.374
57514,Nousseviller-Saint-Nabor,Moselle,Lorraine,LOR,France,FR,49.129,6.971
54404,Noviant-aux-Prés,Meurthe-et-Moselle,Lorraine,LOR,France,FR,48.846,5.886
57515,Novéant-sur-Moselle,Moselle,Lorraine,LOR,France,FR,49.032,6.038
55388,Noyers-Auzécourt,Meuse,Lorraine,LOR,France,FR,48.889,4.979
55389,Nubécourt,Meuse,Lorraine,LOR,France,FR,49.005,5.176
57496,Nébing,Moselle,Lorraine,LOR,France,FR,48.908,6.814
57516,Oberdorff,Moselle,Lorraine,LOR,France,FR,49.271,6.581
57517,Obergailbach,Moselle,Lorraine,LOR,France,FR,49.114,7.223
57518,Oberstinzel,Moselle,Lorraine,LOR,France,FR,48.791,7.037
57519,Obervisse,Moselle,Lorraine,LOR,France,FR,49.151,6.578
57520,Obreck,Moselle,Lorraine,LOR,France,FR,48.851,6.6
54405,Ochey,Meurthe-et-Moselle,Lorraine,LOR,France,FR,48.589,5.944
88335,Offroicourt,Vosges,Lorraine,LOR,France,FR,48.278,6.042
54407,Ognéville,Meurthe-et-Moselle,Lorraine,LOR,France,FR,48.472,6.059
57482,Ogy-Montoy-Flanville,Moselle,Lorraine,LOR,France,FR,49.115,6.307
54406,Ogéviller,Meurthe-et-Moselle,Lorraine,LOR,France,FR,48.55,6.719
55391,Olizy-sur-Chiers,Meuse,Lorraine,LOR,France,FR,49.559,5.208
88336,Ollainville,Vosges,Lorraine,LOR,France,FR,48.27,5.804
54408,Olley,Meurthe-et-Moselle,Lorraine,LOR,France,FR,49.172,5.767
54409,Omelmont,Meurthe-et-Moselle,Lorraine,LOR,France,FR,48.493,6.117
57524,Ommeray,Moselle,Lorraine,LOR,France,FR,48.718,6.687
54410,Onville,Meurthe-et-Moselle,Lorraine,LOR,France,FR,49.03,5.967
57525,Oriocourt,Moselle,Lorraine,LOR,France,FR,48.859,6.414
57526,Ormersviller,Moselle,Lorraine,LOR,France,FR,49.134,7.335
54411,Ormes-et-Ville,Meurthe-et-Moselle,Lorraine,LOR,France,FR,48.486,6.209
55394,Ornes,Meuse,Lorraine,LOR,France,FR,49.252,5.454
57527,Orny,Moselle,Lorraine,LOR,France,FR,49.03,6.249
57528,Oron,Moselle,Lorraine,LOR,France,FR,48.901,6.486
88338,Ortoncourt,Vosges,Lorraine,LOR,France,FR,48.368,6.509
55395,Osches,Meuse,Lorraine,LOR,France,FR,49.047,5.249
54412,Othe,Meurthe-et-Moselle,Lorraine,LOR,France,FR,49.492,5.446
57529,Ottange,Moselle,Lorraine,LOR,France,FR,49.436,6.01
57530,Ottonville,Moselle,Lorraine,LOR,France,FR,49.216,6.522
57531,Oudrenne,Moselle,Lorraine,LOR,France,FR,49.368,6.336
55396,Ourches-sur-Meuse,Meuse,Lorraine,LOR,France,FR,48.665,5.693
54413,Ozerailles,Meurthe-et-Moselle,Lorraine,LOR,France,FR,49.226,5.841
88334,Oëlleville,Vosges,Lorraine,LOR,France,FR,48.335,6.02
88340,Padoux,Vosges,Lorraine,LOR,France,FR,48.286,6.565
54414,Pagney-derrière-Barine,Meurthe-et-Moselle,Lorraine,LOR,France,FR,48.696,5.846
55397,Pagny-la-Blanche-Côte,Meuse,Lorraine,LOR,France,FR,48.539,5.738
57532,Pagny-lès-Goin,Moselle,Lorraine,LOR,France,FR,48.968,6.219
55398,Pagny-sur-Meuse,Meuse,Lorraine,LOR,France,FR,48.689,5.733
54415,Pagny-sur-Moselle,Meurthe-et-Moselle,Lorraine,LOR,France,FR,48.989,6.023
88341,Pair-et-Grandrupt,Vosges,Lorraine,LOR,France,FR,48.28,7.012
88342,Pallegney,Vosges,Lorraine,LOR,France,FR,48.291,6.447
57533,Pange,Moselle,Lorraine,LOR,France,FR,49.082,6.355
54416,Pannes,Meurthe-et-Moselle,Lorraine,LOR,France,FR,48.934,5.798
55399,Pareid,Meuse,Lorraine,LOR,France,FR,49.124,5.707
54417,Parey-Saint-Césaire,Meurthe-et-Moselle,Lorraine,LOR,France,FR,48.527,6.063
88343,Parey-sous-Montfort,Vosges,Lorraine,LOR,France,FR,48.251,5.946
55400,Parfondrupt,Meuse,Lorraine,LOR,France,FR,49.149,5.723
88344,Pargny-sous-Mureau,Vosges,Lorraine,LOR,France,FR,48.364,5.596
54418,Parroy,Meurthe-et-Moselle,Lorraine,LOR,France,FR,48.667,6.606
54419,Parux,Meurthe-et-Moselle,Lorraine,LOR,France,FR,48.541,6.922
57534,Peltre,Moselle,Lorraine,LOR,France,FR,49.072,6.224
54420,Petit-Failly,Meurthe-et-Moselle,Lorraine,LOR,France,FR,49.44,5.501
57535,Petit-Réderching,Moselle,Lorraine,LOR,France,FR,49.054,7.316
57536,Petit-Tenquin,Moselle,Lorraine,LOR,France,FR,48.989,6.867
57537,Petite-Rosselle,Moselle,Lorraine,LOR,France,FR,49.211,6.859
54421,Petitmont,Meurthe-et-Moselle,Lorraine,LOR,France,FR,48.552,6.948
57538,Pettoncourt,Moselle,Lorraine,LOR,France,FR,48.787,6.41
54422,Pettonville,Meurthe-et-Moselle,Lorraine,LOR,France,FR,48.53,6.742
55403,Peuvillers,Meuse,Lorraine,LOR,France,FR,49.37,5.399
54423,Pexonne,Meurthe-et-Moselle,Lorraine,LOR,France,FR,48.467,6.883
57540,Phalsbourg,Moselle,Lorraine,LOR,France,FR,48.765,7.262
57541,Philippsbourg,Moselle,Lorraine,LOR,France,FR,49.005,7.569
54424,Phlin,Meurthe-et-Moselle,Lorraine,LOR,France,FR,48.917,6.277
57542,Piblange,Moselle,Lorraine,LOR,France,FR,49.246,6.413
54425,Piennes,Meurthe-et-Moselle,Lorraine,LOR,France,FR,49.308,5.783
54426,Pierre-la-Treiche,Meurthe-et-Moselle,Lorraine,LOR,France,FR,48.636,5.969
54427,Pierre-Percée,Meurthe-et-Moselle,Lorraine,LOR,France,FR,48.465,6.939
88347,Pierrefitte,Vosges,Lorraine,LOR,France,FR,48.164,6.175
55404,Pierrefitte-sur-Aire,Meuse,Lorraine,LOR,France,FR,48.908,5.351
54428,Pierrepont,Meurthe-et-Moselle,Lorraine,LOR,France,FR,49.418,5.71
88348,Pierrepont-sur-l'Arentèle,Vosges,Lorraine,LOR,France,FR,48.264,6.661
54429,Pierreville,Meurthe-et-Moselle,Lorraine,LOR,France,FR,48.549,6.11
57543,Pierrevillers,Moselle,Lorraine,LOR,France,FR,49.225,6.093
55405,Pillon,Meuse,Lorraine,LOR,France,FR,49.37,5.578
55406,Pintheville,Meuse,Lorraine,LOR,France,FR,49.116,5.669
57544,Plaine-de-Walsch,Moselle,Lorraine,LOR,France,FR,48.686,7.128
88349,Plainfaing,Vosges,Lorraine,LOR,France,FR,48.145,7.034
57545,Plappeville,Moselle,Lorraine,LOR,France,FR,49.131,6.124
57546,Plesnois,Moselle,Lorraine,LOR,France,FR,49.171,6.111
88350,Pleuvezain,Vosges,Lorraine,LOR,France,FR,48.377,5.915
88351,Plombières-les-Bains,Vosges,Lorraine,LOR,France,FR,47.968,6.43
57547,Pommérieux,Moselle,Lorraine,LOR,France,FR,48.994,6.183
54430,Pompey,Meurthe-et-Moselle,Lorraine,LOR,France,FR,48.772,6.111
88352,Pompierre,Vosges,Lorraine,LOR,France,FR,48.275,5.676
88353,Pont-lès-Bonfays,Vosges,Lorraine,LOR,France,FR,48.167,6.144
54432,Pont-Saint-Vincent,Meurthe-et-Moselle,Lorraine,LOR,France,FR,48.61,6.078
88354,Pont-sur-Madon,Vosges,Lorraine,LOR,France,FR,48.371,6.151
55407,Pont-sur-Meuse,Meuse,Lorraine,LOR,France,FR,48.807,5.554
54431,Pont-à-Mousson,Meurthe-et-Moselle,Lorraine,LOR,France,FR,48.921,6.055
57548,Pontoy,Moselle,Lorraine,LOR,France,FR,49.017,6.294
57549,Pontpierre,Moselle,Lorraine,LOR,France,FR,49.049,6.636
57550,Porcelette,Moselle,Lorraine,LOR,France,FR,49.161,6.665
54433,Port-sur-Seille,Meurthe-et-Moselle,Lorraine,LOR,France,FR,48.9,6.159
88355,Portieux,Vosges,Lorraine,LOR,France,FR,48.352,6.353
57551,Postroff,Moselle,Lorraine,LOR,France,FR,48.855,7.075
57552,Pouilly,Moselle,Lorraine,LOR,France,FR,49.054,6.19
55408,Pouilly-sur-Meuse,Meuse,Lorraine,LOR,France,FR,49.541,5.117
57553,Pournoy-la-Chétive,Moselle,Lorraine,LOR,France,FR,49.019,6.154
57554,Pournoy-la-Grasse,Moselle,Lorraine,LOR,France,FR,49.017,6.217
88357,Poussay,Vosges,Lorraine,LOR,France,FR,48.322,6.12
88358,Pouxeux,Vosges,Lorraine,LOR,France,FR,48.095,6.565
54434,Praye,Meurthe-et-Moselle,Lorraine,LOR,France,FR,48.436,6.11
55409,Pretz-en-Argonne,Meuse,Lorraine,LOR,France,FR,48.961,5.149
54436,Preutin-Higny,Meurthe-et-Moselle,Lorraine,LOR,France,FR,49.348,5.804
88359,Prey,Vosges,Lorraine,LOR,France,FR,48.177,6.691
88361,Provenchères-et-Colroy,Vosges,Lorraine,LOR,France,FR,48.318,7.102
88360,Provenchères-lès-Darney,Vosges,Lorraine,LOR,France,FR,48.123,5.964
54435,Prény,Meurthe-et-Moselle,Lorraine,LOR,France,FR,48.974,5.964
57555,Prévocourt,Moselle,Lorraine,LOR,France,FR,48.928,6.435
54437,Pulligny,Meurthe-et-Moselle,Lorraine,LOR,France,FR,48.549,6.152
54438,Pulney,Meurthe-et-Moselle,Lorraine,LOR,France,FR,48.393,6.033
54439,Pulnoy,Meurthe-et-Moselle,Lorraine,LOR,France,FR,48.702,6.265
88363,Punerot,Vosges,Lorraine,LOR,France,FR,48.477,5.815
57556,Puttelange-aux-Lacs,Moselle,Lorraine,LOR,France,FR,49.054,6.919
57557,Puttelange-lès-Thionville,Moselle,Lorraine,LOR,France,FR,49.486,6.256
57558,Puttigny,Moselle,Lorraine,LOR,France,FR,48.84,6.547
54440,Puxe,Meurthe-et-Moselle,Lorraine,LOR,France,FR,49.151,5.785
54441,Puxieux,Meurthe-et-Moselle,Lorraine,LOR,France,FR,49.074,5.885
57559,Puzieux (Moselle),Moselle,Lorraine,LOR,France,FR,48.89,6.363
88364,Puzieux (Vosges),Vosges,Lorraine,LOR,France,FR,48.334,6.099
57539,Pévange,Moselle,Lorraine,LOR,France,FR,48.908,6.621
54442,Quevilloncourt,Meurthe-et-Moselle,Lorraine,LOR,France,FR,48.472,6.105
55410,Quincy-Landzécourt,Meuse,Lorraine,LOR,France,FR,49.491,5.296
57560,Racrange,Moselle,Lorraine,LOR,France,FR,48.925,6.678
88365,Racécourt,Vosges,Lorraine,LOR,France,FR,48.261,6.197
57561,Rahling,Moselle,Lorraine,LOR,France,FR,49,7.224
88366,Rainville,Vosges,Lorraine,LOR,France,FR,48.357,5.888
55442,Raival,Meuse,Lorraine,LOR,France,FR,48.886,5.251
88367,Rambervillers,Vosges,Lorraine,LOR,France,FR,48.346,6.63
55411,Rambluzin-et-Benoite-Vaux,Meuse,Lorraine,LOR,France,FR,48.992,5.331
55412,Rambucourt,Meuse,Lorraine,LOR,France,FR,48.836,5.759
88368,Ramecourt,Vosges,Lorraine,LOR,France,FR,48.309,6.097
88369,Ramonchamp,Vosges,Lorraine,LOR,France,FR,47.887,6.737
88370,Rancourt,Vosges,Lorraine,LOR,France,FR,48.22,6.11
55414,Rancourt-sur-Ornain,Meuse,Lorraine,LOR,France,FR,48.822,4.914
57562,Ranguevaux,Moselle,Lorraine,LOR,France,FR,49.296,6.055
55415,Ranzières,Meuse,Lorraine,LOR,France,FR,49.025,5.502
88371,Raon-aux-Bois,Vosges,Lorraine,LOR,France,FR,48.056,6.513
88372,Raon-l'Étape,Vosges,Lorraine,LOR,France,FR,48.413,6.857
54443,Raon-lès-Leau,Meurthe-et-Moselle,Lorraine,LOR,France,FR,48.513,7.086
88373,Raon-sur-Plaine,Vosges,Lorraine,LOR,France,FR,48.506,7.108
88374,Rapey,Vosges,Lorraine,LOR,France,FR,48.318,6.252
55416,Rarécourt,Meuse,Lorraine,LOR,France,FR,49.075,5.099
54444,Raucourt,Meurthe-et-Moselle,Lorraine,LOR,France,FR,48.923,6.217
88375,Raves,Vosges,Lorraine,LOR,France,FR,48.26,7.044
57563,Raville,Moselle,Lorraine,LOR,France,FR,49.089,6.48
54445,Raville-sur-Sânon,Meurthe-et-Moselle,Lorraine,LOR,France,FR,48.651,6.511
88376,Rebeuville,Vosges,Lorraine,LOR,France,FR,48.336,5.719
55421,Reffroy,Meuse,Lorraine,LOR,France,FR,48.628,5.471
88378,Regney,Vosges,Lorraine,LOR,France,FR,48.289,6.307
88377,Regnévelle,Vosges,Lorraine,LOR,France,FR,47.988,5.969
55422,Regnéville-sur-Meuse,Meuse,Lorraine,LOR,France,FR,49.252,5.316
88379,Rehaincourt,Vosges,Lorraine,LOR,France,FR,48.363,6.475
54449,Rehainviller,Meurthe-et-Moselle,Lorraine,LOR,France,FR,48.568,6.47
88380,Rehaupal,Vosges,Lorraine,LOR,France,FR,48.118,6.742
54450,Reherrey,Meurthe-et-Moselle,Lorraine,LOR,France,FR,48.508,6.777
54452,Reillon,Meurthe-et-Moselle,Lorraine,LOR,France,FR,48.6,6.742
88381,Relanges,Vosges,Lorraine,LOR,France,FR,48.111,6.015
55423,Rembercourt-Sommaisne,Meuse,Lorraine,LOR,France,FR,48.918,5.18
54453,Rembercourt-sur-Mad,Meurthe-et-Moselle,Lorraine,LOR,France,FR,48.986,5.904
55424,Remennecourt,Meuse,Lorraine,LOR,France,FR,48.798,4.919
54455,Remenoville,Meurthe-et-Moselle,Lorraine,LOR,France,FR,48.463,6.476
88382,Remicourt,Vosges,Lorraine,LOR,France,FR,48.284,6.063
88383,Remiremont,Vosges,Lorraine,LOR,France,FR,48.002,6.581
55425,Remoiville,Meuse,Lorraine,LOR,France,FR,49.449,5.383
88386,Remomeix,Vosges,Lorraine,LOR,France,FR,48.264,7.01
54457,Remoncourt (Meurthe-et-Moselle),Meurthe-et-Moselle,Lorraine,LOR,France,FR,48.658,6.742
88385,Remoncourt (Vosges),Vosges,Lorraine,LOR,France,FR,48.224,6.054
88387,Removille,Vosges,Lorraine,LOR,France,FR,48.366,5.845
88388,Renauvoid,Vosges,Lorraine,LOR,France,FR,48.142,6.383
54458,Repaix,Meurthe-et-Moselle,Lorraine,LOR,France,FR,48.613,6.831
88389,Repel,Vosges,Lorraine,LOR,France,FR,48.344,5.974
55426,Resson,Meuse,Lorraine,LOR,France,FR,48.772,5.231
57575,Retonfey,Moselle,Lorraine,LOR,France,FR,49.134,6.317
57576,Rettel,Moselle,Lorraine,LOR,France,FR,49.436,6.336
55427,Revigny-sur-Ornain,Meuse,Lorraine,LOR,France,FR,48.824,4.981
57577,Reyersviller,Moselle,Lorraine,LOR,France,FR,49.039,7.396
57578,Rezonville-Vionville,Moselle,Lorraine,LOR,France,FR,49.09,5.968
57579,Rhodes,Moselle,Lorraine,LOR,France,FR,48.756,6.907
55429,Riaville,Meuse,Lorraine,LOR,France,FR,49.099,5.665
55430,Ribeaucourt,Meuse,Lorraine,LOR,France,FR,48.544,5.356
54459,Richardménil,Meurthe-et-Moselle,Lorraine,LOR,France,FR,48.595,6.175
57580,Riche,Moselle,Lorraine,LOR,France,FR,48.889,6.633
55431,Richecourt,Meuse,Lorraine,LOR,France,FR,48.886,5.754
57581,Richeling,Moselle,Lorraine,LOR,France,FR,49.033,6.975
57582,Richemont,Moselle,Lorraine,LOR,France,FR,49.284,6.164
57583,Richeval,Moselle,Lorraine,LOR,France,FR,48.633,6.911
55433,Rigny-la-Salle,Meuse,Lorraine,LOR,France,FR,48.629,5.72
55434,Rigny-Saint-Martin,Meuse,Lorraine,LOR,France,FR,48.612,5.74
57584,Rimling,Moselle,Lorraine,LOR,France,FR,49.091,7.248
55435,Robert-Espagne,Meuse,Lorraine,LOR,France,FR,48.735,5.024
88390,Robécourt,Vosges,Lorraine,LOR,France,FR,48.138,5.711
88391,Rochesson,Vosges,Lorraine,LOR,France,FR,48.019,6.824
57586,Rochonvillers,Moselle,Lorraine,LOR,France,FR,49.41,6.028
57587,Rodalbe,Moselle,Lorraine,LOR,France,FR,48.911,6.714
57588,Rodemack,Moselle,Lorraine,LOR,France,FR,49.468,6.246
54460,Rogéville,Meurthe-et-Moselle,Lorraine,LOR,France,FR,48.814,5.978
57589,Rohrbach-lès-Bitche,Moselle,Lorraine,LOR,France,FR,49.042,7.279
57590,Rolbing,Moselle,Lorraine,LOR,France,FR,49.171,7.422
55437,Romagne-sous-les-Côtes,Meuse,Lorraine,LOR,France,FR,49.328,5.466
55438,Romagne-sous-Montfaucon,Meuse,Lorraine,LOR,France,FR,49.327,5.074
54461,Romain,Meurthe-et-Moselle,Lorraine,LOR,France,FR,48.519,6.356
88394,Romain-aux-Bois,Vosges,Lorraine,LOR,France,FR,48.077,5.712
57591,Rombas,Moselle,Lorraine,LOR,France,FR,49.244,6.08
57592,Romelfing,Moselle,Lorraine,LOR,France,FR,48.837,6.981
88395,Romont,Vosges,Lorraine,LOR,France,FR,48.348,6.58
57593,Roncourt,Moselle,Lorraine,LOR,France,FR,49.203,6.051
55439,Ronvaux,Meuse,Lorraine,LOR,France,FR,49.129,5.561
57594,Roppeviller,Moselle,Lorraine,LOR,France,FR,49.078,7.541
57595,Rorbach-lès-Dieuze,Moselle,Lorraine,LOR,France,FR,48.828,6.839
57596,Rosbruck,Moselle,Lorraine,LOR,France,FR,49.159,6.855
54462,Rosières-aux-Salines,Meurthe-et-Moselle,Lorraine,LOR,France,FR,48.593,6.331
54463,Rosières-en-Haye,Meurthe-et-Moselle,Lorraine,LOR,France,FR,48.79,5.995
57597,Rosselange,Moselle,Lorraine,LOR,France,FR,49.265,6.061
57598,Rouhling,Moselle,Lorraine,LOR,France,FR,49.131,7.004
57599,Roupeldange,Moselle,Lorraine,LOR,France,FR,49.207,6.471
57600,Roussy-le-Village,Moselle,Lorraine,LOR,France,FR,49.461,6.178
54464,Rouves,Meurthe-et-Moselle,Lorraine,LOR,France,FR,48.903,6.206
55443,Rouvres-en-Woëvre,Meuse,Lorraine,LOR,France,FR,49.225,5.686
88400,Rouvres-en-Xaintois,Vosges,Lorraine,LOR,France,FR,48.307,6.026
88401,Rouvres-la-Chétive,Vosges,Lorraine,LOR,France,FR,48.304,5.776
55444,Rouvrois-sur-Meuse,Meuse,Lorraine,LOR,France,FR,48.949,5.526
55445,Rouvrois-sur-Othain,Meuse,Lorraine,LOR,France,FR,49.387,5.628
88402,Roville-aux-Chênes,Vosges,Lorraine,LOR,France,FR,48.382,6.612
54465,Roville-devant-Bayon,Meurthe-et-Moselle,Lorraine,LOR,France,FR,48.468,6.294
54466,Royaumeix,Meurthe-et-Moselle,Lorraine,LOR,France,FR,48.782,5.808
54467,Rozelieures,Meurthe-et-Moselle,Lorraine,LOR,France,FR,48.45,6.429
88403,Rozerotte,Vosges,Lorraine,LOR,France,FR,48.238,6.086
88404,Rozières-sur-Mouzon,Vosges,Lorraine,LOR,France,FR,48.114,5.72
57601,Rozérieulles,Moselle,Lorraine,LOR,France,FR,49.126,6.034
88406,Rugney,Vosges,Lorraine,LOR,France,FR,48.35,6.254
55446,Rumont,Meuse,Lorraine,LOR,France,FR,48.831,5.271
88407,Ruppes,Vosges,Lorraine,LOR,France,FR,48.467,5.771
55447,Rupt-aux-Nonains,Meuse,Lorraine,LOR,France,FR,48.658,5.101
55448,Rupt-devant-Saint-Mihiel,Meuse,Lorraine,LOR,France,FR,48.888,5.4
55449,Rupt-en-Woëvre,Meuse,Lorraine,LOR,France,FR,49.061,5.492
88408,Rupt-sur-Moselle,Vosges,Lorraine,LOR,France,FR,47.927,6.666
55450,Rupt-sur-Othain,Meuse,Lorraine,LOR,France,FR,49.415,5.482
57602,Rurange-lès-Thionville,Moselle,Lorraine,LOR,France,FR,49.267,6.24
57603,Russange,Moselle,Lorraine,LOR,France,FR,49.485,5.949
57604,Rustroff,Moselle,Lorraine,LOR,France,FR,49.441,6.375
54446,Réchicourt-la-Petite,Meurthe-et-Moselle,Lorraine,LOR,France,FR,48.718,6.583
57564,Réchicourt-le-Château,Moselle,Lorraine,LOR,France,FR,48.677,6.842
55419,Récicourt,Meuse,Lorraine,LOR,France,FR,49.153,5.161
54447,Réclonville,Meurthe-et-Moselle,Lorraine,LOR,France,FR,48.538,6.73
55420,Récourt-le-Creux,Meuse,Lorraine,LOR,France,FR,48.99,5.379
57565,Rédange,Moselle,Lorraine,LOR,France,FR,49.492,5.918
57566,Réding,Moselle,Lorraine,LOR,France,FR,48.748,7.104
54451,Réhon,Meurthe-et-Moselle,Lorraine,LOR,France,FR,49.499,5.758
57567,Rémelfang,Moselle,Lorraine,LOR,France,FR,49.267,6.514
57568,Rémelfing,Moselle,Lorraine,LOR,France,FR,49.09,7.085
57569,Rémeling,Moselle,Lorraine,LOR,France,FR,49.415,6.479
57570,Rémering,Moselle,Lorraine,LOR,France,FR,49.259,6.629
57571,Rémering-lès-Puttelange,Moselle,Lorraine,LOR,France,FR,49.031,6.931
57572,Rémilly,Moselle,Lorraine,LOR,France,FR,49.009,6.391
54456,Réméréville,Meurthe-et-Moselle,Lorraine,LOR,France,FR,48.707,6.377
57573,Réning,Moselle,Lorraine,LOR,France,FR,48.948,6.838
55428,Réville-aux-Bois,Meuse,Lorraine,LOR,France,FR,49.336,5.333
54468,Saffais,Meurthe-et-Moselle,Lorraine,LOR,France,FR,48.559,6.312
57605,Sailly-Achâtel,Moselle,Lorraine,LOR,France,FR,48.944,6.306
54469,Saint-Ail,Meurthe-et-Moselle,Lorraine,LOR,France,FR,49.17,6.002
55452,Saint-Amand-sur-Ornain,Meuse,Lorraine,LOR,France,FR,48.628,5.394
88409,Saint-Amé,Vosges,Lorraine,LOR,France,FR,48.024,6.653
55453,Saint-André-en-Barrois,Meuse,Lorraine,LOR,France,FR,49.01,5.233
55454,Saint-Aubin-sur-Aire,Meuse,Lorraine,LOR,France,FR,48.714,5.446
57606,Saint-Avold,Moselle,Lorraine,LOR,France,FR,49.13,6.716
88411,Saint-Baslemont,Vosges,Lorraine,LOR,France,FR,48.14,5.994
54470,Saint-Baussant,Meurthe-et-Moselle,Lorraine,LOR,France,FR,48.893,5.799
88412,Saint-Benoît-la-Chipotte,Vosges,Lorraine,LOR,France,FR,48.357,6.749
54471,Saint-Boingt,Meurthe-et-Moselle,Lorraine,LOR,France,FR,48.424,6.436
54472,Saint-Clément,Meurthe-et-Moselle,Lorraine,LOR,France,FR,48.535,6.618
88413,Saint-Dié-des-Vosges,Vosges,Lorraine,LOR,France,FR,48.297,6.938
57609,Saint-Epvre,Moselle,Lorraine,LOR,France,FR,48.971,6.439
54473,Saint-Firmin,Meurthe-et-Moselle,Lorraine,LOR,France,FR,48.425,6.136
57610,Saint-François-Lacroix,Moselle,Lorraine,LOR,France,FR,49.351,6.455
88416,Saint-Genest,Vosges,Lorraine,LOR,France,FR,48.344,6.512
57611,Saint-Georges,Moselle,Lorraine,LOR,France,FR,48.658,6.927
54475,Saint-Germain,Meurthe-et-Moselle,Lorraine,LOR,France,FR,48.423,6.344
55456,Saint-Germain-sur-Meuse,Meuse,Lorraine,LOR,France,FR,48.649,5.732
88417,Saint-Gorgon,Vosges,Lorraine,LOR,France,FR,48.321,6.653
55457,Saint-Hilaire-en-Woëvre,Meuse,Lorraine,LOR,France,FR,49.078,5.712
57612,Saint-Hubert,Moselle,Lorraine,LOR,France,FR,49.231,6.363
88419,Saint-Jean-d'Ormont,Vosges,Lorraine,LOR,France,FR,48.33,6.988
57613,Saint-Jean-de-Bassel,Moselle,Lorraine,LOR,France,FR,48.808,6.951
57614,Saint-Jean-Kourtzerode,Moselle,Lorraine,LOR,France,FR,48.756,7.206
55458,Saint-Jean-lès-Buzy,Meuse,Lorraine,LOR,France,FR,49.176,5.74
54476,Saint-Jean-lès-Longuyon,Meurthe-et-Moselle,Lorraine,LOR,France,FR,49.453,5.484
57615,Saint-Jean-Rohrbach,Moselle,Lorraine,LOR,France,FR,49.025,6.879
55459,Saint-Joire,Meuse,Lorraine,LOR,France,FR,48.582,5.408
88421,Saint-Julien,Vosges,Lorraine,LOR,France,FR,48.015,5.902
54477,Saint-Julien-lès-Gorze,Meurthe-et-Moselle,Lorraine,LOR,France,FR,49.018,5.905
57616,Saint-Julien-lès-Metz,Moselle,Lorraine,LOR,France,FR,49.142,6.208
55460,Saint-Julien-sous-les-Côtes,Meuse,Lorraine,LOR,France,FR,48.819,5.614
57617,Saint-Jure,Moselle,Lorraine,LOR,France,FR,48.944,6.236
55461,Saint-Laurent-sur-Othain,Meuse,Lorraine,LOR,France,FR,49.393,5.528
57618,Saint-Louis,Moselle,Lorraine,LOR,France,FR,48.711,7.194
57619,Saint-Louis-lès-Bitche,Moselle,Lorraine,LOR,France,FR,48.991,7.353
88423,Saint-Léonard,Vosges,Lorraine,LOR,France,FR,48.219,6.945
54478,Saint-Marcel,Meurthe-et-Moselle,Lorraine,LOR,France,FR,49.122,5.973
54479,Saint-Mard,Meurthe-et-Moselle,Lorraine,LOR,France,FR,48.51,6.299
54480,Saint-Martin,Meurthe-et-Moselle,Lorraine,LOR,France,FR,48.572,6.752
54481,Saint-Maurice-aux-Forges,Meurthe-et-Moselle,Lorraine,LOR,France,FR,48.507,6.851
55462,Saint-Maurice-sous-les-Côtes,Meuse,Lorraine,LOR,France,FR,49.011,5.67
88425,Saint-Maurice-sur-Mortagne,Vosges,Lorraine,LOR,France,FR,48.393,6.575
88426,Saint-Maurice-sur-Moselle,Vosges,Lorraine,LOR,France,FR,47.846,6.854
54482,Saint-Max,Meurthe-et-Moselle,Lorraine,LOR,France,FR,48.704,6.207
88427,Saint-Menge,Vosges,Lorraine,LOR,France,FR,48.29,5.951
88428,Saint-Michel-sur-Meurthe,Vosges,Lorraine,LOR,France,FR,48.313,6.875
55463,Saint-Mihiel,Meuse,Lorraine,LOR,France,FR,48.893,5.582
57621,Saint-Médard,Moselle,Lorraine,LOR,France,FR,48.814,6.637
88429,Saint-Nabord,Vosges,Lorraine,LOR,France,FR,48.052,6.568
54483,Saint-Nicolas-de-Port,Meurthe-et-Moselle,Lorraine,LOR,France,FR,48.624,6.294
88430,Saint-Ouen-lès-Parey,Vosges,Lorraine,LOR,France,FR,48.176,5.778
54485,Saint-Pancré,Meurthe-et-Moselle,Lorraine,LOR,France,FR,49.526,5.639
88431,Saint-Paul,Vosges,Lorraine,LOR,France,FR,48.33,5.885
88432,Saint-Pierremont,Vosges,Lorraine,LOR,France,FR,48.44,6.583
55464,Saint-Pierrevillers,Meuse,Lorraine,LOR,France,FR,49.38,5.688
88433,Saint-Prancher,Vosges,Lorraine,LOR,France,FR,48.345,5.951
57622,Saint-Privat-la-Montagne,Moselle,Lorraine,LOR,France,FR,49.186,6.041
57623,Saint-Quirin,Moselle,Lorraine,LOR,France,FR,48.595,7.099
54486,Saint-Remimont (Meurthe-et-Moselle),Meurthe-et-Moselle,Lorraine,LOR,France,FR,48.5,6.253
88434,Saint-Remimont (Vosges),Vosges,Lorraine,LOR,France,FR,48.241,5.913
88435,Saint-Remy,Vosges,Lorraine,LOR,France,FR,48.343,6.814
55465,Saint-Remy-la-Calonne,Meuse,Lorraine,LOR,France,FR,49.039,5.587
54487,Saint-Rémy-aux-Bois,Meurthe-et-Moselle,Lorraine,LOR,France,FR,48.42,6.398
54488,Saint-Sauveur,Meurthe-et-Moselle,Lorraine,LOR,France,FR,48.522,7.001
88436,Saint-Stail,Vosges,Lorraine,LOR,France,FR,48.378,7.088
54489,Saint-Supplet,Meurthe-et-Moselle,Lorraine,LOR,France,FR,49.377,5.729
88437,Saint-Vallier,Vosges,Lorraine,LOR,France,FR,48.278,6.32
88415,Saint-Étienne-lès-Remiremont,Vosges,Lorraine,LOR,France,FR,48.044,6.621
57607,Sainte-Barbe (Moselle),Moselle,Lorraine,LOR,France,FR,49.163,6.319
88410,Sainte-Barbe (Vosges),Vosges,Lorraine,LOR,France,FR,48.394,6.749
54474,Sainte-Geneviève,Meurthe-et-Moselle,Lorraine,LOR,France,FR,48.87,6.137
88418,Sainte-Hélène,Vosges,Lorraine,LOR,France,FR,48.291,6.659
88424,Sainte-Marguerite,Vosges,Lorraine,LOR,France,FR,48.268,6.974
57620,Sainte-Marie-aux-Chênes,Moselle,Lorraine,LOR,France,FR,49.195,6.008
54484,Sainte-Pôle,Meurthe-et-Moselle,Lorraine,LOR,France,FR,48.508,6.825
57624,Sainte-Ruffine,Moselle,Lorraine,LOR,France,FR,49.106,6.097
54490,Saizerais,Meurthe-et-Moselle,Lorraine,LOR,France,FR,48.792,6.041
55466,Salmagne,Meuse,Lorraine,LOR,France,FR,48.754,5.334
57625,Salonnes,Moselle,Lorraine,LOR,France,FR,48.795,6.492
55468,Samogneux,Meuse,Lorraine,LOR,France,FR,49.258,5.344
55467,Sampigny,Meuse,Lorraine,LOR,France,FR,48.819,5.486
88439,Sanchey,Vosges,Lorraine,LOR,France,FR,48.168,6.365
54491,Sancy,Meurthe-et-Moselle,Lorraine,LOR,France,FR,49.353,5.927
88440,Sandaucourt,Vosges,Lorraine,LOR,France,FR,48.261,5.844
57626,Sanry-lès-Vigy,Moselle,Lorraine,LOR,France,FR,49.183,6.283
57627,Sanry-sur-Nied,Moselle,Lorraine,LOR,France,FR,49.053,6.342
88441,Sans-Vallois,Vosges,Lorraine,LOR,France,FR,48.164,6.105
54492,Sanzey,Meurthe-et-Moselle,Lorraine,LOR,France,FR,48.768,5.822
88442,Sapois,Vosges,Lorraine,LOR,France,FR,48.038,6.782
57628,Sarralbe,Moselle,Lorraine,LOR,France,FR,48.996,7.011
57629,Sarraltroff,Moselle,Lorraine,LOR,France,FR,48.775,7.062
57630,Sarrebourg,Moselle,Lorraine,LOR,France,FR,48.738,7.046
57631,Sarreguemines,Moselle,Lorraine,LOR,France,FR,49.113,7.084
57633,Sarreinsming,Moselle,Lorraine,LOR,France,FR,49.093,7.12
88443,Sartes,Vosges,Lorraine,LOR,France,FR,48.242,5.673
55469,Sassey-sur-Meuse,Meuse,Lorraine,LOR,France,FR,49.412,5.188
55470,Saudrupt,Meuse,Lorraine,LOR,France,FR,48.693,5.059
88445,Saulcy-sur-Meurthe,Vosges,Lorraine,LOR,France,FR,48.244,6.95
55471,Saulmory-et-Villefranche,Meuse,Lorraine,LOR,France,FR,49.439,5.172
54493,Saulnes,Meurthe-et-Moselle,Lorraine,LOR,France,FR,49.531,5.827
57634,Saulny,Moselle,Lorraine,LOR,France,FR,49.159,6.091
55472,Saulvaux,Meuse,Lorraine,LOR,France,FR,48.682,5.451
55473,Saulx-lès-Champlon,Meuse,Lorraine,LOR,France,FR,49.072,5.65
54494,Saulxerotte,Meurthe-et-Moselle,Lorraine,LOR,France,FR,48.472,5.931
88446,Saulxures-lès-Bulgnéville,Vosges,Lorraine,LOR,France,FR,48.192,5.816
54495,Saulxures-lès-Nancy,Meurthe-et-Moselle,Lorraine,LOR,France,FR,48.685,6.249
54496,Saulxures-lès-Vannes,Meurthe-et-Moselle,Lorraine,LOR,France,FR,48.519,5.804
88447,Saulxures-sur-Moselotte,Vosges,Lorraine,LOR,France,FR,47.948,6.777
55474,Sauvigny,Meuse,Lorraine,LOR,France,FR,48.502,5.736
88448,Sauville,Vosges,Lorraine,LOR,France,FR,48.154,5.74
55475,Sauvoy,Meuse,Lorraine,LOR,France,FR,48.639,5.59
88449,Savigny,Vosges,Lorraine,LOR,France,FR,48.355,6.219
55476,Savonnières-devant-Bar,Meuse,Lorraine,LOR,France,FR,48.749,5.175
55477,Savonnières-en-Perthois,Meuse,Lorraine,LOR,France,FR,48.607,5.132
54497,Saxon-Sion,Meurthe-et-Moselle,Lorraine,LOR,France,FR,48.417,6.089
57635,Schalbach,Moselle,Lorraine,LOR,France,FR,48.825,7.159
57636,Schmittviller,Moselle,Lorraine,LOR,France,FR,49.008,7.185
57637,Schneckenbusch,Moselle,Lorraine,LOR,France,FR,48.692,7.082
57639,Schorbach,Moselle,Lorraine,LOR,France,FR,49.08,7.403
57640,Schwerdorff,Moselle,Lorraine,LOR,France,FR,49.373,6.571
57641,Schweyen,Moselle,Lorraine,LOR,France,FR,49.163,7.389
57638,Schœneck,Moselle,Lorraine,LOR,France,FR,49.213,6.922
57642,Scy-Chazelles,Moselle,Lorraine,LOR,France,FR,49.114,6.119
57643,Secourt,Moselle,Lorraine,LOR,France,FR,48.948,6.271
54498,Seichamps,Meurthe-et-Moselle,Lorraine,LOR,France,FR,48.715,6.271
54499,Seicheprey,Meurthe-et-Moselle,Lorraine,LOR,France,FR,48.869,5.796
55479,Seigneulles,Meuse,Lorraine,LOR,France,FR,48.853,5.231
57644,Seingbouse,Moselle,Lorraine,LOR,France,FR,49.109,6.828
54500,Selaincourt,Meurthe-et-Moselle,Lorraine,LOR,France,FR,48.497,5.944
57645,Semécourt,Moselle,Lorraine,LOR,France,FR,49.196,6.137
88450,Senaide,Vosges,Lorraine,LOR,France,FR,47.968,5.803
55481,Senon,Meuse,Lorraine,LOR,France,FR,49.285,5.625
55482,Senoncourt-les-Maujouy,Meuse,Lorraine,LOR,France,FR,49.06,5.345
88451,Senones,Vosges,Lorraine,LOR,France,FR,48.397,6.966
88452,Senonges,Vosges,Lorraine,LOR,France,FR,48.144,6.06
55484,Septsarges,Meuse,Lorraine,LOR,France,FR,49.287,5.174
55485,Sepvigny,Meuse,Lorraine,LOR,France,FR,48.564,5.695
54501,Seranville,Meurthe-et-Moselle,Lorraine,LOR,France,FR,48.459,6.518
88453,Seraumont,Vosges,Lorraine,LOR,France,FR,48.43,5.608
88454,Sercœur,Vosges,Lorraine,LOR,France,FR,48.256,6.536
88456,Serocourt,Vosges,Lorraine,LOR,France,FR,48.11,5.869
54502,Serres,Meurthe-et-Moselle,Lorraine,LOR,France,FR,48.691,6.454
54504,Serrouville,Meurthe-et-Moselle,Lorraine,LOR,France,FR,49.395,5.877
57648,Servigny-lès-Raville,Moselle,Lorraine,LOR,France,FR,49.081,6.444
57649,Servigny-lès-Sainte-Barbe,Moselle,Lorraine,LOR,France,FR,49.149,6.275
88455,Serécourt,Vosges,Lorraine,LOR,France,FR,48.048,5.844
57647,Serémange-Erzange,Moselle,Lorraine,LOR,France,FR,49.324,6.093
55517,Seuil-d'Argonne,Meuse,Lorraine,LOR,France,FR,48.973,5.056
55487,Seuzey,Meuse,Lorraine,LOR,France,FR,48.988,5.56
54505,Sexey-aux-Forges,Meurthe-et-Moselle,Lorraine,LOR,France,FR,48.637,6.025
57650,Sierck-les-Bains,Moselle,Lorraine,LOR,France,FR,49.435,6.358
57651,Siersthal,Moselle,Lorraine,LOR,France,FR,49.053,7.355
57652,Sillegny,Moselle,Lorraine,LOR,France,FR,48.987,6.149
57653,Silly-en-Saulnois,Moselle,Lorraine,LOR,France,FR,48.991,6.28
57654,Silly-sur-Nied,Moselle,Lorraine,LOR,France,FR,49.123,6.367
55488,Silmont,Meuse,Lorraine,LOR,France,FR,48.739,5.245
88457,Sionne,Vosges,Lorraine,LOR,France,FR,48.398,5.628
54507,Sionviller,Meurthe-et-Moselle,Lorraine,LOR,France,FR,48.634,6.555
54508,Sivry,Meurthe-et-Moselle,Lorraine,LOR,France,FR,48.833,6.206
55489,Sivry-la-Perche,Meuse,Lorraine,LOR,France,FR,49.139,5.261
55490,Sivry-sur-Meuse,Meuse,Lorraine,LOR,France,FR,49.326,5.283
88458,Socourt,Vosges,Lorraine,LOR,France,FR,48.397,6.25
57655,Solgne,Moselle,Lorraine,LOR,France,FR,48.969,6.299
55492,Sommedieue,Meuse,Lorraine,LOR,France,FR,49.101,5.476
55493,Sommeilles,Meuse,Lorraine,LOR,France,FR,48.913,4.953
55494,Sommelonne,Meuse,Lorraine,LOR,France,FR,48.675,5.036
54509,Sommerviller,Meurthe-et-Moselle,Lorraine,LOR,France,FR,48.638,6.376
88459,Soncourt,Vosges,Lorraine,LOR,France,FR,48.389,5.902
55495,Sorbey (Meuse),Meuse,Lorraine,LOR,France,FR,49.404,5.585
57656,Sorbey (Moselle),Moselle,Lorraine,LOR,France,FR,49.039,6.316
55496,Sorcy-Saint-Martin,Meuse,Lorraine,LOR,France,FR,48.712,5.65
54510,Sornéville,Meurthe-et-Moselle,Lorraine,LOR,France,FR,48.742,6.416
57657,Sotzeling,Moselle,Lorraine,LOR,France,FR,48.867,6.638
57658,Soucht,Moselle,Lorraine,LOR,France,FR,48.962,7.319
55498,Souilly,Meuse,Lorraine,LOR,France,FR,49.03,5.3
88460,Soulosse-sous-Saint-Élophe,Vosges,Lorraine,LOR,France,FR,48.407,5.733
57659,Spicheren,Moselle,Lorraine,LOR,France,FR,49.196,6.972
55500,Spincourt,Meuse,Lorraine,LOR,France,FR,49.334,5.697
54511,Sponville,Meurthe-et-Moselle,Lorraine,LOR,France,FR,49.075,5.828
55501,Stainville,Meuse,Lorraine,LOR,France,FR,48.643,5.177
55502,Stenay,Meuse,Lorraine,LOR,France,FR,49.501,5.197
57660,Stiring-Wendel,Moselle,Lorraine,LOR,France,FR,49.204,6.934
57767,Stuckange,Moselle,Lorraine,LOR,France,FR,49.324,6.232
57661,Sturzelbronn,Moselle,Lorraine,LOR,France,FR,49.053,7.593
57662,Suisse,Moselle,Lorraine,LOR,France,FR,48.966,6.579
88461,Suriauville,Vosges,Lorraine,LOR,France,FR,48.165,5.864
55503,Taillancourt,Meuse,Lorraine,LOR,France,FR,48.504,5.654
88463,Taintrux,Vosges,Lorraine,LOR,France,FR,48.25,6.884
57663,Talange,Moselle,Lorraine,LOR,France,FR,49.234,6.173
54512,Tanconville,Meurthe-et-Moselle,Lorraine,LOR,France,FR,48.605,6.94
55504,Tannois,Meuse,Lorraine,LOR,France,FR,48.713,5.22
54513,Tantonville,Meurthe-et-Moselle,Lorraine,LOR,France,FR,48.468,6.137
57664,Tarquimpol,Moselle,Lorraine,LOR,France,FR,48.782,6.761
54514,Tellancourt,Meurthe-et-Moselle,Lorraine,LOR,France,FR,49.51,5.629
88464,Tendon,Vosges,Lorraine,LOR,France,FR,48.108,6.675
57665,Tenteling,Moselle,Lorraine,LOR,France,FR,49.125,6.928
57666,Terville,Moselle,Lorraine,LOR,France,FR,49.347,6.133
57668,Teting-sur-Nied,Moselle,Lorraine,LOR,France,FR,49.052,6.669
88466,They-sous-Montfort,Vosges,Lorraine,LOR,France,FR,48.23,5.973
54516,They-sous-Vaudemont,Meurthe-et-Moselle,Lorraine,LOR,France,FR,48.404,6.054
54518,Thiaucourt-Regniéville,Meurthe-et-Moselle,Lorraine,LOR,France,FR,48.942,5.883
54519,Thiaville-sur-Meurthe,Meurthe-et-Moselle,Lorraine,LOR,France,FR,48.408,6.809
57670,Thicourt,Moselle,Lorraine,LOR,France,FR,48.994,6.558
55505,Thierville-sur-Meuse,Meuse,Lorraine,LOR,France,FR,49.17,5.338
54521,Thil,Meurthe-et-Moselle,Lorraine,LOR,France,FR,49.473,5.906
55506,Thillombois,Meuse,Lorraine,LOR,France,FR,48.955,5.385
55507,Thillot,Meuse,Lorraine,LOR,France,FR,49.025,5.667
57671,Thimonville,Moselle,Lorraine,LOR,France,FR,48.944,6.393
57672,Thionville,Moselle,Lorraine,LOR,France,FR,49.378,6.114
88469,Thiraucourt,Vosges,Lorraine,LOR,France,FR,48.294,6.076
54520,Thiébauménil,Meurthe-et-Moselle,Lorraine,LOR,France,FR,48.579,6.63
88467,Thiéfosse,Vosges,Lorraine,LOR,France,FR,47.968,6.724
55508,Thonne-la-Long,Meuse,Lorraine,LOR,France,FR,49.566,5.425
55509,Thonne-le-Thil,Meuse,Lorraine,LOR,France,FR,49.571,5.341
55510,Thonne-les-Près,Meuse,Lorraine,LOR,France,FR,49.533,5.343
55511,Thonnelle,Meuse,Lorraine,LOR,France,FR,49.55,5.36
57673,Thonville,Moselle,Lorraine,LOR,France,FR,48.981,6.567
54522,Thorey-Lyautey,Meurthe-et-Moselle,Lorraine,LOR,France,FR,48.444,6.032
54523,Thuilley-aux-Groseilles,Meurthe-et-Moselle,Lorraine,LOR,France,FR,48.576,5.972
88472,Thuillières,Vosges,Lorraine,LOR,France,FR,48.154,6.013
54524,Thumeréville,Meurthe-et-Moselle,Lorraine,LOR,France,FR,49.203,5.806
57669,Théding,Moselle,Lorraine,LOR,France,FR,49.128,6.891
54515,Thélod,Meurthe-et-Moselle,Lorraine,LOR,France,FR,48.544,6.051
54517,Thézey-Saint-Martin,Meurthe-et-Moselle,Lorraine,LOR,France,FR,48.903,6.303
54525,Tiercelet,Meurthe-et-Moselle,Lorraine,LOR,France,FR,49.462,5.883
88473,Tignécourt,Vosges,Lorraine,LOR,France,FR,48.053,5.908
88474,Tilleux,Vosges,Lorraine,LOR,France,FR,48.298,5.726
55512,Tilly-sur-Meuse,Meuse,Lorraine,LOR,France,FR,48.994,5.416
57674,Tincry,Moselle,Lorraine,LOR,France,FR,48.907,6.406
88475,Tollaincourt,Vosges,Lorraine,LOR,France,FR,48.095,5.735
54526,Tomblaine,Meurthe-et-Moselle,Lorraine,LOR,France,FR,48.685,6.221
54527,Tonnoy,Meurthe-et-Moselle,Lorraine,LOR,France,FR,48.555,6.259
57675,Torcheville,Moselle,Lorraine,LOR,France,FR,48.906,6.849
88476,Totainville,Vosges,Lorraine,LOR,France,FR,48.327,5.984
54528,Toul,Meurthe-et-Moselle,Lorraine,LOR,France,FR,48.698,5.902
57676,Tragny,Moselle,Lorraine,LOR,France,FR,48.957,6.371
54530,Tramont-Lassus,Meurthe-et-Moselle,Lorraine,LOR,France,FR,48.4,5.968
54531,Tramont-Saint-André,Meurthe-et-Moselle,Lorraine,LOR,France,FR,48.412,5.927
54529,Tramont-Émy,Meurthe-et-Moselle,Lorraine,LOR,France,FR,48.41,5.951
88477,Trampot,Vosges,Lorraine,LOR,France,FR,48.356,5.442
88478,Tranqueville-Graux,Vosges,Lorraine,LOR,France,FR,48.439,5.847
54532,Tremblecourt,Meurthe-et-Moselle,Lorraine,LOR,France,FR,48.803,5.945
57678,Tressange,Moselle,Lorraine,LOR,France,FR,49.41,5.982
54533,Trieux,Meurthe-et-Moselle,Lorraine,LOR,France,FR,49.328,5.94
57679,Tritteling-Redlach,Moselle,Lorraine,LOR,France,FR,49.078,6.617
57680,Troisfontaines,Moselle,Lorraine,LOR,France,FR,48.669,7.122
57681,Tromborn,Moselle,Lorraine,LOR,France,FR,49.259,6.6
54534,Trondes,Meurthe-et-Moselle,Lorraine,LOR,France,FR,48.716,5.768
54535,Tronville,Meurthe-et-Moselle,Lorraine,LOR,France,FR,49.082,5.919
55519,Tronville-en-Barrois,Meuse,Lorraine,LOR,France,FR,48.729,5.286
55520,Troussey,Meuse,Lorraine,LOR,France,FR,48.699,5.687
55521,Troyon,Meuse,Lorraine,LOR,France,FR,48.995,5.48
57677,Trémery,Moselle,Lorraine,LOR,France,FR,49.247,6.227
55514,Trémont-sur-Saulx,Meuse,Lorraine,LOR,France,FR,48.744,5.07
88479,Trémonzey,Vosges,Lorraine,LOR,France,FR,47.962,6.247
55515,Trésauvaux,Meuse,Lorraine,LOR,France,FR,49.079,5.612
55516,Tréveray,Meuse,Lorraine,LOR,France,FR,48.604,5.385
54536,Tucquegnieux,Meurthe-et-Moselle,Lorraine,LOR,France,FR,49.306,5.887
57682,Turquestein-Blancrupt,Moselle,Lorraine,LOR,France,FR,48.554,7.092
57667,Téterchen,Moselle,Lorraine,LOR,France,FR,49.23,6.568
88480,Ubexy,Vosges,Lorraine,LOR,France,FR,48.331,6.267
57683,Uckange,Moselle,Lorraine,LOR,France,FR,49.303,6.15
54537,Ugny,Meurthe-et-Moselle,Lorraine,LOR,France,FR,49.464,5.707
55522,Ugny-sur-Meuse,Meuse,Lorraine,LOR,France,FR,48.638,5.689
88481,Uriménil,Vosges,Lorraine,LOR,France,FR,48.104,6.401
54538,Uruffe,Meurthe-et-Moselle,Lorraine,LOR,France,FR,48.567,5.747
88482,Urville,Vosges,Lorraine,LOR,France,FR,48.19,5.744
88483,Uxegney,Vosges,Lorraine,LOR,France,FR,48.197,6.382
88484,Uzemain,Vosges,Lorraine,LOR,France,FR,48.099,6.345
55523,Vacherauville,Meuse,Lorraine,LOR,France,FR,49.229,5.361
54539,Vacqueville,Meurthe-et-Moselle,Lorraine,LOR,France,FR,48.484,6.816
55525,Vadelaincourt,Meuse,Lorraine,LOR,France,FR,49.069,5.26
55526,Vadonville,Meuse,Lorraine,LOR,France,FR,48.798,5.515
88486,Vagney,Vosges,Lorraine,LOR,France,FR,48.021,6.722
57684,Vahl-Ebersing,Moselle,Lorraine,LOR,France,FR,49.052,6.754
57685,Vahl-lès-Bénestroff,Moselle,Lorraine,LOR,France,FR,48.919,6.787
57686,Vahl-lès-Faulquemont,Moselle,Lorraine,LOR,France,FR,49.022,6.631
54099,Val de Briey,Meurthe-et-Moselle,Lorraine,LOR,France,FR,49.261,5.953
55366,Val-d'Ornain,Meuse,Lorraine,LOR,France,FR,48.805,5.092
57270,Val-de-Bride,Moselle,Lorraine,LOR,France,FR,48.83,6.691
54540,Val-et-Châtillon,Meurthe-et-Moselle,Lorraine,LOR,France,FR,48.562,7
55530,Valbois,Meuse,Lorraine,LOR,France,FR,48.931,5.613
88488,Valfroicourt,Vosges,Lorraine,LOR,France,FR,48.195,6.089
54541,Valhey,Meurthe-et-Moselle,Lorraine,LOR,France,FR,48.684,6.495
57687,Vallerange,Moselle,Lorraine,LOR,France,FR,48.949,6.688
54542,Valleroy,Meurthe-et-Moselle,Lorraine,LOR,France,FR,49.214,5.921
88489,Valleroy-aux-Saules,Vosges,Lorraine,LOR,France,FR,48.246,6.138
88490,Valleroy-le-Sec,Vosges,Lorraine,LOR,France,FR,48.185,6.001
54543,Vallois,Meurthe-et-Moselle,Lorraine,LOR,France,FR,48.46,6.545
57689,Valmestroff,Moselle,Lorraine,LOR,France,FR,49.359,6.261
57690,Valmont,Moselle,Lorraine,LOR,France,FR,49.084,6.704
57691,Valmunster,Moselle,Lorraine,LOR,France,FR,49.247,6.518
54544,Vandelainville,Meurthe-et-Moselle,Lorraine,LOR,France,FR,49.038,5.987
54545,Vandeléville,Meurthe-et-Moselle,Lorraine,LOR,France,FR,48.425,5.992
54546,Vandières,Meurthe-et-Moselle,Lorraine,LOR,France,FR,48.96,6.022
54547,Vandœuvre-lès-Nancy,Meurthe-et-Moselle,Lorraine,LOR,France,FR,48.657,6.165
57692,Vannecourt,Moselle,Lorraine,LOR,France,FR,48.877,6.542
54548,Vannes-le-Châtel,Meurthe-et-Moselle,Lorraine,LOR,France,FR,48.571,5.786
57693,Vantoux,Moselle,Lorraine,LOR,France,FR,49.127,6.236
57694,Vany,Moselle,Lorraine,LOR,France,FR,49.153,6.24
54549,Varangéville,Meurthe-et-Moselle,Lorraine,LOR,France,FR,48.641,6.321
55527,Varennes-en-Argonne,Meuse,Lorraine,LOR,France,FR,49.223,5.014
57695,Varize-Vaudoncourt,Moselle,Lorraine,LOR,France,FR,49.13,6.445
88493,Varmonzey,Vosges,Lorraine,LOR,France,FR,48.322,6.28
55528,Varnéville,Meuse,Lorraine,LOR,France,FR,48.873,5.653
57696,Varsberg,Moselle,Lorraine,LOR,France,FR,49.175,6.624
57697,Vasperviller,Moselle,Lorraine,LOR,France,FR,48.635,7.073
55531,Vassincourt,Meuse,Lorraine,LOR,France,FR,48.801,5.026
54550,Vathiménil,Meurthe-et-Moselle,Lorraine,LOR,France,FR,48.505,6.614
57698,Vatimont,Moselle,Lorraine,LOR,France,FR,48.977,6.476
55532,Vaubecourt,Meuse,Lorraine,LOR,France,FR,48.944,5.109
88494,Vaubexy,Vosges,Lorraine,LOR,France,FR,48.284,6.236
55533,Vaucouleurs,Meuse,Lorraine,LOR,France,FR,48.616,5.641
54551,Vaucourt,Meurthe-et-Moselle,Lorraine,LOR,France,FR,48.664,6.685
54553,Vaudeville,Meurthe-et-Moselle,Lorraine,LOR,France,FR,48.456,6.208
55534,Vaudeville-le-Haut,Meuse,Lorraine,LOR,France,FR,48.448,5.578
54554,Vaudigny,Meurthe-et-Moselle,Lorraine,LOR,France,FR,48.44,6.199
55535,Vaudoncourt (Meuse),Meuse,Lorraine,LOR,France,FR,49.317,5.645
88496,Vaudoncourt (Vosges),Vosges,Lorraine,LOR,France,FR,48.221,5.808
57700,Vaudreching,Moselle,Lorraine,LOR,France,FR,49.278,6.526
54552,Vaudémont,Meurthe-et-Moselle,Lorraine,LOR,France,FR,48.422,6.058
88495,Vaudéville,Vosges,Lorraine,LOR,France,FR,48.23,6.54
55536,Vauquois,Meuse,Lorraine,LOR,France,FR,49.202,5.081
57701,Vaux,Moselle,Lorraine,LOR,France,FR,49.092,6.06
55540,Vaux-lès-Palameix,Meuse,Lorraine,LOR,France,FR,49.023,5.549
55541,Vavincourt,Meuse,Lorraine,LOR,France,FR,48.823,5.196
54555,Vaxainville,Meurthe-et-Moselle,Lorraine,LOR,France,FR,48.522,6.755
88497,Vaxoncourt,Vosges,Lorraine,LOR,France,FR,48.288,6.418
57702,Vaxy,Moselle,Lorraine,LOR,France,FR,48.86,6.527
57703,Veckersviller,Moselle,Lorraine,LOR,France,FR,48.824,7.191
57704,Veckring,Moselle,Lorraine,LOR,France,FR,49.335,6.363
88498,Vecoux,Vosges,Lorraine,LOR,France,FR,47.968,6.665
54558,Velaine-sous-Amance,Meurthe-et-Moselle,Lorraine,LOR,France,FR,48.716,6.325
55543,Velaines,Meuse,Lorraine,LOR,France,FR,48.696,5.297
54559,Velle-sur-Moselle,Meurthe-et-Moselle,Lorraine,LOR,France,FR,48.531,6.285
55544,Velosnes,Meuse,Lorraine,LOR,France,FR,49.501,5.458
88499,Velotte-et-Tatignécourt,Vosges,Lorraine,LOR,France,FR,48.261,6.17
57705,Velving,Moselle,Lorraine,LOR,France,FR,49.241,6.539
54560,Veney,Meurthe-et-Moselle,Lorraine,LOR,France,FR,48.462,6.813
54561,Vennezey,Meurthe-et-Moselle,Lorraine,LOR,France,FR,48.442,6.461
88500,Ventron,Vosges,Lorraine,LOR,France,FR,47.937,6.885
54562,Verdenal,Meurthe-et-Moselle,Lorraine,LOR,France,FR,48.588,6.804
55545,Verdun,Meuse,Lorraine,LOR,France,FR,49.146,5.357
57706,Vergaville,Moselle,Lorraine,LOR,France,FR,48.838,6.743
55546,Verneuil-Grand,Meuse,Lorraine,LOR,France,FR,49.53,5.428
55547,Verneuil-Petit,Meuse,Lorraine,LOR,France,FR,49.545,5.416
57708,Verny,Moselle,Lorraine,LOR,France,FR,49.006,6.202
57707,Vernéville,Moselle,Lorraine,LOR,France,FR,49.138,6.008
88502,Vervezelle,Vosges,Lorraine,LOR,France,FR,48.22,6.741
57709,Vescheim,Moselle,Lorraine,LOR,France,FR,48.794,7.227
88503,Vexaincourt,Vosges,Lorraine,LOR,France,FR,48.48,7.06
57711,Vibersviller,Moselle,Lorraine,LOR,France,FR,48.906,6.945
57712,Vic-sur-Seille,Moselle,Lorraine,LOR,France,FR,48.775,6.527
88504,Vicherey,Vosges,Lorraine,LOR,France,FR,48.385,5.939
88505,Vienville,Vosges,Lorraine,LOR,France,FR,48.178,6.844
57713,Vieux-Lixheim,Moselle,Lorraine,LOR,France,FR,48.781,7.125
88506,Vieux-Moulin,Vosges,Lorraine,LOR,France,FR,48.392,7.006
55552,Vigneul-sous-Montmédy,Meuse,Lorraine,LOR,France,FR,49.512,5.328
54565,Vigneulles,Meurthe-et-Moselle,Lorraine,LOR,France,FR,48.567,6.336
55551,Vigneulles-lès-Hattonchâtel,Meuse,Lorraine,LOR,France,FR,48.987,5.716
55553,Vignot,Meuse,Lorraine,LOR,France,FR,48.78,5.617
57715,Vigny,Moselle,Lorraine,LOR,France,FR,48.968,6.254
57716,Vigy,Moselle,Lorraine,LOR,France,FR,49.208,6.307
54566,Vilcey-sur-Trey,Meurthe-et-Moselle,Lorraine,LOR,France,FR,48.94,5.96
54567,Villacourt,Meurthe-et-Moselle,Lorraine,LOR,France,FR,48.449,6.338
54568,Ville-au-Montois,Meurthe-et-Moselle,Lorraine,LOR,France,FR,49.415,5.798
54569,Ville-au-Val,Meurthe-et-Moselle,Lorraine,LOR,France,FR,48.841,6.126
55555,Ville-devant-Belrain,Meuse,Lorraine,LOR,France,FR,48.876,5.357
55556,Ville-devant-Chaumont,Meuse,Lorraine,LOR,France,FR,49.289,5.427
54571,Ville-en-Vermois,Meurthe-et-Moselle,Lorraine,LOR,France,FR,48.621,6.249
55557,Ville-en-Woëvre,Meuse,Lorraine,LOR,France,FR,49.132,5.624
54572,Ville-Houdlémont,Meurthe-et-Moselle,Lorraine,LOR,France,FR,49.542,5.658
55567,Ville-sur-Cousances,Meuse,Lorraine,LOR,France,FR,49.08,5.179
88508,Ville-sur-Illon,Vosges,Lorraine,LOR,France,FR,48.176,6.211
55568,Ville-sur-Saulx,Meuse,Lorraine,LOR,France,FR,48.719,5.071
54581,Ville-sur-Yron,Meurthe-et-Moselle,Lorraine,LOR,France,FR,49.122,5.873
54570,Villecey-sur-Mad,Meurthe-et-Moselle,Lorraine,LOR,France,FR,48.994,5.946
57717,Viller,Moselle,Lorraine,LOR,France,FR,48.987,6.646
55559,Villeroy-sur-Méholle,Meuse,Lorraine,LOR,France,FR,48.616,5.574
88507,Villers,Vosges,Lorraine,LOR,France,FR,48.305,6.174
55560,Villers-aux-Vents,Meuse,Lorraine,LOR,France,FR,48.859,5.018
55561,Villers-devant-Dun,Meuse,Lorraine,LOR,France,FR,49.401,5.111
54573,Villers-en-Haye,Meurthe-et-Moselle,Lorraine,LOR,France,FR,48.82,6.007
54574,Villers-la-Chèvre,Meurthe-et-Moselle,Lorraine,LOR,France,FR,49.507,5.684
54575,Villers-la-Montagne,Meurthe-et-Moselle,Lorraine,LOR,France,FR,49.471,5.834
54576,Villers-le-Rond,Meurthe-et-Moselle,Lorraine,LOR,France,FR,49.467,5.486
55562,Villers-le-Sec,Meuse,Lorraine,LOR,France,FR,48.624,5.3
55563,Villers-lès-Mangiennes,Meuse,Lorraine,LOR,France,FR,49.358,5.505
54577,Villers-lès-Moivrons,Meurthe-et-Moselle,Lorraine,LOR,France,FR,48.814,6.251
54578,Villers-lès-Nancy,Meurthe-et-Moselle,Lorraine,LOR,France,FR,48.657,6.117
55565,Villers-sous-Pareid,Meuse,Lorraine,LOR,France,FR,49.125,5.738
54579,Villers-sous-Prény,Meurthe-et-Moselle,Lorraine,LOR,France,FR,48.942,5.996
57718,Villers-Stoncourt,Moselle,Lorraine,LOR,France,FR,49.054,6.423
55566,Villers-sur-Meuse,Meuse,Lorraine,LOR,France,FR,49.024,5.404
57719,Villers-sur-Nied,Moselle,Lorraine,LOR,France,FR,48.927,6.529
54580,Villerupt,Meurthe-et-Moselle,Lorraine,LOR,France,FR,49.463,5.927
54582,Villette,Meurthe-et-Moselle,Lorraine,LOR,France,FR,49.479,5.551
54583,Villey-le-Sec,Meurthe-et-Moselle,Lorraine,LOR,France,FR,48.659,5.976
54584,Villey-Saint-Étienne,Meurthe-et-Moselle,Lorraine,LOR,France,FR,48.728,5.963
57720,Villing,Moselle,Lorraine,LOR,France,FR,49.283,6.631
88509,Villoncourt,Vosges,Lorraine,LOR,France,FR,48.267,6.515
88510,Villotte,Vosges,Lorraine,LOR,France,FR,48.104,5.769
55569,Villotte-devant-Louppy,Meuse,Lorraine,LOR,France,FR,48.892,5.075
55570,Villotte-sur-Aire,Meuse,Lorraine,LOR,France,FR,48.854,5.34
88511,Villouxel,Vosges,Lorraine,LOR,France,FR,48.347,5.579
55554,Villécloye,Meuse,Lorraine,LOR,France,FR,49.511,5.404
55571,Vilosnes-Haraumont,Meuse,Lorraine,LOR,France,FR,49.333,5.232
57721,Vilsberg,Moselle,Lorraine,LOR,France,FR,48.79,7.261
88512,Viménil,Vosges,Lorraine,LOR,France,FR,48.216,6.639
88513,Vincey,Vosges,Lorraine,LOR,France,FR,48.329,6.328
88514,Viocourt,Vosges,Lorraine,LOR,France,FR,48.322,5.87
88515,Vioménil,Vosges,Lorraine,LOR,France,FR,48.09,6.173
54585,Virecourt,Meurthe-et-Moselle,Lorraine,LOR,France,FR,48.456,6.318
57723,Virming,Moselle,Lorraine,LOR,France,FR,48.942,6.751
54586,Viterne,Meurthe-et-Moselle,Lorraine,LOR,France,FR,48.587,6.014
54587,Vitrey,Meurthe-et-Moselle,Lorraine,LOR,France,FR,48.494,6.046
54588,Vitrimont,Meurthe-et-Moselle,Lorraine,LOR,France,FR,48.591,6.442
57724,Vitry-sur-Orne,Moselle,Lorraine,LOR,France,FR,49.278,6.096
55572,Vittarville,Meuse,Lorraine,LOR,France,FR,49.389,5.41
88516,Vittel,Vosges,Lorraine,LOR,France,FR,48.201,5.955
57725,Vittersbourg,Moselle,Lorraine,LOR,France,FR,48.949,6.93
57726,Vittoncourt,Moselle,Lorraine,LOR,France,FR,49.023,6.459
54589,Vittonville,Meurthe-et-Moselle,Lorraine,LOR,France,FR,48.97,6.06
57727,Viviers,Moselle,Lorraine,LOR,France,FR,48.892,6.439
88517,Viviers-le-Gras,Vosges,Lorraine,LOR,France,FR,48.121,5.939
88518,Viviers-lès-Offroicourt,Vosges,Lorraine,LOR,France,FR,48.267,6.02
54590,Viviers-sur-Chiers,Meurthe-et-Moselle,Lorraine,LOR,France,FR,49.465,5.632
54564,Viéville-en-Haye,Meurthe-et-Moselle,Lorraine,LOR,France,FR,48.94,5.919
55573,Void-Vacon,Meuse,Lorraine,LOR,France,FR,48.674,5.622
57728,Voimhaut,Moselle,Lorraine,LOR,France,FR,49.024,6.415
54591,Voinémont,Meurthe-et-Moselle,Lorraine,LOR,France,FR,48.515,6.17
57731,Volmerange-les-Mines,Moselle,Lorraine,LOR,France,FR,49.447,6.066
57730,Volmerange-lès-Boulay,Moselle,Lorraine,LOR,France,FR,49.17,6.449
57732,Volmunster,Moselle,Lorraine,LOR,France,FR,49.123,7.37
57733,Volstroff,Moselle,Lorraine,LOR,France,FR,49.301,6.254
88521,Vomécourt,Vosges,Lorraine,LOR,France,FR,48.311,6.613
88522,Vomécourt-sur-Madon,Vosges,Lorraine,LOR,France,FR,48.362,6.17
55574,Vouthon-Bas,Meuse,Lorraine,LOR,France,FR,48.491,5.612
55575,Vouthon-Haut,Meuse,Lorraine,LOR,France,FR,48.469,5.613
88523,Vouxey,Vosges,Lorraine,LOR,France,FR,48.347,5.777
57734,Voyer,Moselle,Lorraine,LOR,France,FR,48.653,7.081
54592,Vroncourt,Meurthe-et-Moselle,Lorraine,LOR,France,FR,48.46,6.079
88525,Vroville,Vosges,Lorraine,LOR,France,FR,48.286,6.172
57736,Vry,Moselle,Lorraine,LOR,France,FR,49.187,6.34
88524,Vrécourt,Vosges,Lorraine,LOR,France,FR,48.171,5.701
57737,Vulmont,Moselle,Lorraine,LOR,France,FR,48.925,6.305
54556,Vého,Meurthe-et-Moselle,Lorraine,LOR,France,FR,48.603,6.708
55549,Véry,Meuse,Lorraine,LOR,France,FR,49.246,5.096
54563,Vézelise,Meurthe-et-Moselle,Lorraine,LOR,France,FR,48.488,6.094
57749,Vœlfling-lès-Bouzonville,Moselle,Lorraine,LOR,France,FR,49.293,6.605
57738,Waldhouse,Moselle,Lorraine,LOR,France,FR,49.139,7.457
57739,Waldweistroff,Moselle,Lorraine,LOR,France,FR,49.357,6.495
57740,Waldwisse,Moselle,Lorraine,LOR,France,FR,49.413,6.524
57741,Walschbronn,Moselle,Lorraine,LOR,France,FR,49.156,7.478
57742,Walscheid,Moselle,Lorraine,LOR,France,FR,48.624,7.19
57743,Waltembourg,Moselle,Lorraine,LOR,France,FR,48.75,7.196
55577,Waly,Meuse,Lorraine,LOR,France,FR,49.025,5.098
55578,Warcq,Meuse,Lorraine,LOR,France,FR,49.19,5.641
55579,Watronville,Meuse,Lorraine,LOR,France,FR,49.14,5.547
54593,Waville,Meurthe-et-Moselle,Lorraine,LOR,France,FR,49.017,5.941
55580,Wavrille,Meuse,Lorraine,LOR,France,FR,49.32,5.377
57745,Wiesviller,Moselle,Lorraine,LOR,France,FR,49.076,7.16
55581,Willeroncourt,Meuse,Lorraine,LOR,France,FR,48.715,5.359
57746,Willerwald,Moselle,Lorraine,LOR,France,FR,49.027,7.039
57747,Wintersbourg,Moselle,Lorraine,LOR,France,FR,48.792,7.19
88526,Wisembach,Vosges,Lorraine,LOR,France,FR,48.262,7.126
55582,Wiseppe,Meuse,Lorraine,LOR,France,FR,49.461,5.165
57748,Wittring,Moselle,Lorraine,LOR,France,FR,49.05,7.124
55584,Woimbey,Meuse,Lorraine,LOR,France,FR,48.968,5.457
57751,Woippy,Moselle,Lorraine,LOR,France,FR,49.16,6.161
57752,Woustviller,Moselle,Lorraine,LOR,France,FR,49.079,7.007
55583,Woël,Meuse,Lorraine,LOR,France,FR,49.039,5.74
57753,Wuisse,Moselle,Lorraine,LOR,France,FR,48.855,6.668
57750,Wœlfling-lès-Sarreguemines,Moselle,Lorraine,LOR,France,FR,49.086,7.185
88527,Xaffévillers,Vosges,Lorraine,LOR,France,FR,48.41,6.602
54594,Xammes,Meurthe-et-Moselle,Lorraine,LOR,France,FR,48.977,5.85
88528,Xamontarupt,Vosges,Lorraine,LOR,France,FR,48.128,6.649
57754,Xanrey,Moselle,Lorraine,LOR,France,FR,48.751,6.587
88529,Xaronval,Vosges,Lorraine,LOR,France,FR,48.371,6.188
54595,Xermaménil,Meurthe-et-Moselle,Lorraine,LOR,France,FR,48.538,6.476
88530,Xertigny,Vosges,Lorraine,LOR,France,FR,48.039,6.382
54596,Xeuilley,Meurthe-et-Moselle,Lorraine,LOR,France,FR,48.562,6.091
54597,Xirocourt,Meurthe-et-Moselle,Lorraine,LOR,France,FR,48.433,6.176
55586,Xivray-et-Marvoisin,Meuse,Lorraine,LOR,France,FR,48.867,5.729
54598,Xivry-Circourt,Meurthe-et-Moselle,Lorraine,LOR,France,FR,49.357,5.766
57755,Xocourt,Moselle,Lorraine,LOR,France,FR,48.91,6.376
88531,Xonrupt-Longemer,Vosges,Lorraine,LOR,France,FR,48.076,6.946
54599,Xonville,Meurthe-et-Moselle,Lorraine,LOR,France,FR,49.057,5.856
57756,Xouaxange,Moselle,Lorraine,LOR,France,FR,48.692,6.992
54600,Xousse,Meurthe-et-Moselle,Lorraine,LOR,France,FR,48.654,6.709
54601,Xures,Meurthe-et-Moselle,Lorraine,LOR,France,FR,48.69,6.657
57757,Yutz,Moselle,Lorraine,LOR,France,FR,49.354,6.202
57759,Zarbeling,Moselle,Lorraine,LOR,France,FR,48.891,6.686
57760,Zetting,Moselle,Lorraine,LOR,France,FR,49.073,7.128
57761,Zilling,Moselle,Lorraine,LOR,France,FR,48.787,7.211
57762,Zimming,Moselle,Lorraine,LOR,France,FR,49.13,6.586
88532,Zincourt,Vosges,Lorraine,LOR,France,FR,48.311,6.437
57763,Zommange,Moselle,Lorraine,LOR,France,FR,48.826,6.802
57764,Zoufftgen,Moselle,Lorraine,LOR,France,FR,49.466,6.136
55185,Èvres,Meuse,Lorraine,LOR,France,FR,48.982,5.126
57186,Ébersviller,Moselle,Lorraine,LOR,France,FR,49.28,6.4
57187,Éblange,Moselle,Lorraine,LOR,France,FR,49.218,6.48
55169,Écouviez,Meuse,Lorraine,LOR,France,FR,49.533,5.453
54174,Écrouves,Meurthe-et-Moselle,Lorraine,LOR,France,FR,48.678,5.857
55170,Écurey-en-Verdunois,Meuse,Lorraine,LOR,France,FR,49.355,5.328
57188,Éguelshardt,Moselle,Lorraine,LOR,France,FR,49.024,7.515
88158,Éloyes,Vosges,Lorraine,LOR,France,FR,48.095,6.62
54178,Épiez-sur-Chiers,Meurthe-et-Moselle,Lorraine,LOR,France,FR,49.499,5.501
55173,Épiez-sur-Meuse,Meuse,Lorraine,LOR,France,FR,48.543,5.627
88160,Épinal,Vosges,Lorraine,LOR,France,FR,48.166,6.465
55174,Épinonville,Meuse,Lorraine,LOR,France,FR,49.272,5.083
54179,Éply,Meurthe-et-Moselle,Lorraine,LOR,France,FR,48.922,6.182
55175,Érize-la-Brûlée,Meuse,Lorraine,LOR,France,FR,48.852,5.275
55177,Érize-la-Petite,Meuse,Lorraine,LOR,France,FR,48.916,5.237
55178,Érize-Saint-Dizier,Meuse,Lorraine,LOR,France,FR,48.81,5.283
55181,Étain,Meuse,Lorraine,LOR,France,FR,49.216,5.638
88165,Étival-Clairefontaine,Vosges,Lorraine,LOR,France,FR,48.37,6.849
55182,Éton,Meuse,Lorraine,LOR,France,FR,49.263,5.687
55183,Étraye,Meuse,Lorraine,LOR,France,FR,49.327,5.355
54185,Étreval,Meurthe-et-Moselle,Lorraine,LOR,France,FR,48.456,6.052
88166,Évaux-et-Ménil,Vosges,Lorraine,LOR,France,FR,48.324,6.302
57203,Évrange,Moselle,Lorraine,LOR,France,FR,49.501,6.196
57521,Œting,Moselle,Lorraine,LOR,France,FR,49.17,6.91
