{"type":"Topology","arcs":[[[72741,56064],[422,-611],[474,-323],[92,-85],[70,-119],[3,-104],[-128,-519],[-184,-253],[-22,-169],[-45,-85],[33,-170],[-14,-175],[40,-109],[175,-193],[23,4],[563,-306],[193,-47],[274,21]],[[74710,52821],[47,-210],[-48,-160],[24,-68],[82,-89],[-71,-168],[-37,-42],[12,-70],[-32,-53],[70,-144],[-12,-80],[-115,-117],[7,-68],[-157,-43],[-70,-58],[36,-80],[-70,-82],[-20,-175],[-146,-103],[-14,-42],[-90,-4],[-23,-41]],[[74083,50924],[-9,-46],[-66,-33],[-38,5],[-11,-34],[-133,-54],[-99,0],[-204,-76],[-99,45],[-110,-13],[-52,25],[-52,-8],[-95,82],[-74,9],[-295,160],[-299,58],[-197,4],[-249,129],[-430,-61],[-124,-41],[-136,-7],[-183,-76],[-200,-38],[-86,5],[-101,-46],[-33,25],[-132,-11],[-43,50],[-102,32],[22,24],[-14,50],[70,44],[-110,93],[-95,20],[-44,-16],[-276,24],[-242,-19],[-404,36],[-145,-32],[-32,17],[-45,-29],[-46,12],[-72,-16],[-93,26],[-26,-24],[-101,-6],[-286,-103],[-140,-20],[-142,25],[-400,-71],[-51,17],[-37,-35],[-35,8],[-97,-38],[-133,-107],[-213,-78]],[[67244,50811],[-29,6],[-55,-36],[-500,11],[-703,159],[-566,161],[-128,904],[2111,1491],[-382,19],[-264,81],[-446,436],[534,311],[-27,22],[235,144]],[[67024,54520],[106,88],[178,-16],[752,-100],[261,-61],[892,-114],[126,14],[307,77],[322,-8],[157,-24],[344,86],[120,52],[148,7],[196,-33],[370,-203],[282,-73],[54,14],[33,52],[138,102],[205,34],[256,6],[6,314],[-99,334],[12,185],[-68,137],[-222,316],[841,358]],[[30837,32765],[167,-113],[445,-232],[175,-63],[283,-27],[-394,-178],[129,-191],[103,-309],[300,71],[294,23],[178,42],[44,-246],[56,2],[4,-76],[-355,-42],[16,-193],[-62,-14],[0,-141],[-72,-6],[-229,-312],[-205,-26],[64,-154],[142,-127],[208,-312],[133,-117],[194,-68],[113,-169],[-255,-169],[-145,-60],[115,-205],[-160,-23],[-196,-59],[102,-208],[-189,-259],[-239,-191],[33,-30],[-101,-72],[188,-406],[-123,-96],[-42,-99],[-102,-6],[-304,-139],[-127,-76],[-138,-131],[-468,-246]],[[30417,27312],[-270,-48],[-52,-29],[-58,-6],[-4,21],[-125,8],[-123,-15],[-17,-23],[-171,-6],[-103,-52],[-222,39],[-193,-13],[-227,-188],[-225,-83],[60,-254],[-124,-12],[-508,-127]],[[28055,26524],[-382,357],[-214,142],[-852,290],[-395,357],[-401,438],[-639,396],[-463,162],[-513,95],[53,129],[-4,74],[-136,213],[-127,142],[-123,256],[-47,173],[-61,93],[-380,514],[-488,193],[-3,24]],[[22880,30572],[43,186],[133,101],[222,89],[287,184],[93,186],[146,116],[63,36],[31,-9],[212,290],[110,-21],[55,-74],[187,-134],[74,-20],[93,-11],[49,30],[206,6],[119,30],[83,45],[105,-24],[139,84],[129,-12],[53,-95],[258,-64],[31,-78],[111,-113],[190,-20],[120,108],[51,70],[-288,313],[-24,41],[33,62],[-71,52],[50,37],[5,34],[-111,90],[-39,63],[4,24],[104,10],[65,82],[-14,93],[174,25],[15,38],[145,56],[10,68],[67,-80],[190,84],[103,89],[172,209],[122,39],[71,-37],[92,-102],[205,-97],[227,-32],[171,-2],[2,23],[168,46],[157,95],[141,150],[32,-2],[65,253],[62,80],[108,-70],[115,37],[113,-94],[204,4],[77,30],[340,46],[431,99],[401,10],[77,-15],[195,-176],[108,-153],[290,-215]],[[91217,33269],[-139,171],[-170,-62],[-24,-34],[-176,-74],[-246,150],[-103,24]],[[90359,33444],[77,89],[238,-64],[-107,108],[-128,237],[-84,87],[-33,102],[18,62],[-122,61],[-40,-27],[-142,84],[-49,145],[-88,93],[-33,170],[-26,46],[-55,18],[232,302],[228,228],[29,146],[-100,88],[-301,130],[-139,103],[-209,107],[-159,18],[-96,112],[-97,47],[55,57],[2,153],[265,12],[55,-20],[183,26],[318,-36],[185,-79],[185,-114],[103,-187],[151,51],[167,152],[-315,26],[-104,85],[-115,336],[71,184],[-37,37],[-149,22],[-14,30],[74,10],[-45,17],[81,178],[185,177],[109,57],[167,137],[-87,55],[-151,-128],[-139,-12],[-120,96],[-88,192],[75,56],[-24,127],[61,147],[102,-18],[-70,217],[12,265],[87,72],[119,31],[66,-3],[85,33],[99,73],[-97,265],[56,122],[113,78],[375,41],[33,93],[-100,154],[50,5],[-9,141],[103,228],[-41,115]],[[91260,39692],[495,155],[477,188],[41,20],[-12,20],[142,38],[19,-60],[145,-175],[84,49],[223,50],[180,128],[67,-101],[136,-138],[14,-155],[101,-191],[56,-42],[209,-74],[148,-133],[98,-52],[297,49],[483,-13],[331,-122],[72,-89],[140,-83],[204,-47],[632,-72],[-3,-23],[82,24],[129,-45],[66,23]],[[96316,38821],[28,-117],[60,-80],[427,-340],[259,-146],[412,-137],[381,-222],[230,-84],[141,-115],[17,-77],[0,0],[-202,-188],[0,0],[0,0],[-136,-73],[0,0],[0,0],[-441,-38],[0,0],[0,0],[0,0],[-2,1],[-1,2],[-641,601],[-86,59],[-325,112],[-239,17],[-224,-11],[-221,-28],[-159,-70],[-89,-67],[-54,-106],[6,-93],[86,-144],[101,-103],[157,-107],[428,-329],[652,-408],[40,-145],[-19,-238],[-288,7],[-486,-132],[-250,-137],[-611,-462],[-366,-358],[-542,-426],[-523,-512],[-276,-191],[-197,-81],[-509,-155],[-579,-248],[-247,-57],[-673,-84],[-138,-42]],[[51064,5956],[2,10],[-44,284],[-43,-12],[-100,205],[-295,-99],[-133,-17],[-39,364],[-196,323],[-45,-4],[-81,142],[-184,171],[-97,-60],[-55,49],[2,64],[50,29],[-103,150],[-99,271],[251,45],[-58,187],[38,9],[-61,170],[-123,53],[-54,57],[399,84],[-38,151],[172,56],[-8,25],[41,32],[166,30],[10,67],[300,-2],[345,-35],[20,176],[192,34],[-11,24],[384,114],[-112,146],[39,9],[-34,54],[199,73],[41,-31],[244,139],[367,-126],[382,207],[102,-64],[30,25],[-345,257],[204,200],[82,-35],[21,13]],[[52789,9970],[154,-62],[356,-260],[26,23],[67,-55],[39,14],[109,-144],[76,41],[66,-78],[333,17],[488,-57],[380,8],[-65,648],[84,116],[197,138],[80,31],[-25,34],[283,77],[471,68],[-58,132],[657,216],[250,-303],[236,83],[20,-86],[222,61],[-6,12],[284,53],[3,-59],[170,-51],[194,-3],[129,22],[4,59],[204,61],[24,-39],[161,63],[57,-52],[234,64],[-175,112],[132,125],[198,272],[193,-40],[110,153],[157,138],[57,-26],[250,-40],[264,128],[362,10],[63,22],[-21,191],[51,95],[91,20],[35,116],[-54,123],[-35,178],[208,310],[299,-73],[17,22],[171,-49],[22,-63],[-239,-148],[40,-18],[63,42],[103,-257],[615,20],[-28,81],[258,40],[34,117],[73,-22]],[[62007,12341],[48,-14],[-46,-119],[258,15],[130,-282],[232,-265],[215,-63],[46,55],[119,-46],[372,-393],[-553,-323],[139,-106],[-46,-34],[189,-146],[33,15],[211,-181],[-105,-164],[27,-7],[-107,-201],[-103,-102],[-17,-91],[-68,-88],[-131,-280],[-104,-44],[60,-119],[266,54],[136,-20],[291,-251]],[[63499,9141],[1,-11]],[[63500,9130],[-24,-94],[-114,-39],[-75,-62],[-26,-199],[0,0],[-91,-148],[-235,-381],[0,0],[-50,18],[-17,-26],[-433,171],[-98,12],[-16,1],[-257,20],[0,0],[-121,-12],[-2,3],[-33,43],[-199,26],[-231,-69],[-223,-47],[-352,-56],[-2,9],[-9,-2],[-181,80],[-13,-1],[-5,9],[-109,49],[-42,-10],[-96,-101],[56,-33],[0,0],[62,-120],[0,0],[-34,-4],[24,-131],[0,0],[-58,-20],[-7,-1],[-103,-19],[-175,-35],[-91,-8],[-94,-4],[-76,1],[-41,2],[-156,-5],[-69,-2],[-213,-22],[-841,103],[-130,-28],[-328,-87],[-16,-4],[-172,-46],[-130,-34],[-2,4],[-10,22],[-24,-5],[-102,86],[-306,-17],[-51,-3],[-8,-1],[-24,-2],[-24,0],[-31,-2],[-110,22],[-210,30],[-17,1],[-11,3],[-22,7],[-40,17],[-748,147],[-289,-73],[-105,-8],[-61,-11],[0,0],[-4,4],[-187,197],[-23,24],[0,0],[12,11],[-78,187],[-437,-201],[-48,-43],[-29,-17],[-45,-22],[-49,-24],[-52,-23],[-24,-8],[-37,-13],[-67,-32],[-60,-22],[-26,-11],[-478,-205],[-4,-3],[-39,-23],[-171,-104],[-212,-55],[-36,106],[0,0],[-82,-26],[-309,-99],[0,0],[-28,39],[-122,-44],[-30,36],[-71,-29],[-74,-48],[13,-17],[0,0],[-66,-97],[0,0],[-107,-92],[14,-13],[0,0],[0,0],[-46,-23],[-47,-70],[10,-16],[43,-62],[12,-29],[68,-113],[251,-336],[193,-153],[41,-5],[50,-18],[32,-14],[0,0],[93,-78],[0,0],[27,-36],[67,-90],[19,9],[115,-75],[14,-10],[25,-47],[-82,-111],[-302,-122],[-264,-40],[-121,169],[0,0],[-98,82],[-34,-10],[-37,8],[-129,-40],[-63,-18],[-87,-19],[41,-140],[0,0],[-26,-9],[-35,-11],[-50,-17],[-3,-8],[-959,-491],[-442,-179],[5,37],[-46,-8],[0,0],[9,220],[0,1],[0,0],[0,0],[102,317],[0,0],[15,134]],[[49342,6269],[-4,1]],[[49338,6270],[-470,194],[-538,348],[-479,243],[-201,277],[-482,-50],[-208,292],[39,19],[-212,280],[-91,184],[-366,-14],[-593,-111],[-4,-68],[46,-64],[-311,-39],[-40,-41],[4,-56],[-77,-17],[31,-133],[-16,-32],[39,-12],[-8,-15],[-34,-23],[-93,20],[-103,-246],[-142,-142],[-43,26],[-45,-33],[-242,168],[-19,-12],[-282,233],[-1,16],[-233,84],[0,28],[-1223,174],[-12,99],[-312,16],[-211,10],[-46,-196],[3,-437],[-93,-11],[-57,-241],[-68,-116],[-244,192],[-137,67],[-103,-72],[-75,32],[-603,36]],[[40983,7127],[-427,41],[75,145],[-30,-2],[27,44],[-58,75],[-189,141],[188,236],[-192,99],[-68,-90],[-288,133],[20,16],[-272,23],[-57,-108],[-177,-172],[-363,-93],[-15,-27],[-338,38],[7,33],[-386,4],[-198,21],[-52,50]],[[38190,7734],[83,501],[106,272],[34,229]],[[38413,8736],[258,-12],[228,-85],[152,-16],[312,40],[-143,178],[71,20],[32,117],[68,20],[272,94],[-22,42],[114,61],[-56,58],[286,133],[-162,121],[-149,163],[-30,-15],[-56,31],[81,63],[92,121],[-100,27],[29,196],[342,26],[63,-89],[140,23],[-106,132],[-164,81],[-39,127],[147,124],[491,277],[-45,40],[518,199],[57,429],[-31,89],[-86,122],[-120,435],[-164,237],[-85,185],[331,305],[-31,92],[-194,177],[103,34],[9,166],[101,284]],[[40927,13588],[232,72],[191,86],[254,64],[136,-20],[156,36],[115,113],[160,56],[178,24],[240,-11],[198,13],[159,-54],[95,20],[53,-13],[27,-30],[56,19],[51,-31],[188,32],[311,110],[153,103]],[[43880,14177],[249,-84],[39,-53],[-19,-155],[154,-127],[-50,-46],[4,-43],[117,-213],[237,37],[275,-241],[57,-113],[72,17],[469,-191],[216,-195],[-243,-51],[44,-79],[46,2],[48,-76],[-24,-150],[-136,-81],[141,-114],[168,-227],[-57,-136],[46,9],[250,-281],[83,-210],[157,44],[167,-511],[128,44],[19,-44],[19,-197],[-21,-22],[172,11],[28,-54],[218,101],[156,16],[-3,19],[85,28],[325,80],[34,-85],[-47,-10],[-5,-32],[84,-183],[141,48],[169,-500],[-59,1],[-4,-104],[34,-7],[-17,-72],[100,-58],[12,22],[3,-30],[119,-86],[43,25],[149,-115],[152,-65],[158,-117],[287,-379],[68,-7],[112,-137],[-56,-33],[215,-399],[106,-125],[25,-93],[-326,-395],[117,-52],[-70,-66],[57,-79],[-18,-158],[-54,0],[70,-279],[104,-219],[-65,-87],[0,-255],[188,-491]],[[13846,11166],[0,0],[62,-92],[472,122],[74,-39],[99,134],[-30,57],[291,134],[204,251],[133,120],[31,48],[259,-20],[453,-81],[191,-77],[180,-15],[-5,33],[-166,195],[81,72],[63,118],[-20,90],[370,170],[-7,47],[30,41],[454,-215],[222,103],[-18,22],[-244,77],[-149,313],[43,20],[441,-8],[304,31],[48,65],[-7,75],[-212,166],[401,230],[424,33],[226,150],[228,3],[11,-45],[28,-2]],[[18811,13492],[3,-26],[281,-51],[307,19],[7,-50],[1069,123],[0,0]],[[20478,13507],[723,22],[116,-8],[60,-4],[0,0],[62,30],[32,-13],[0,0],[9,19],[54,2],[0,0],[80,-69],[0,0],[18,31],[300,-64],[256,-5],[68,-32],[12,-30],[60,-3],[-3,-71],[-24,-14],[-219,18],[0,0],[0,0],[-318,-78],[14,-18],[-331,-129],[-96,-143],[55,-112],[104,-80],[151,-14],[0,0],[0,0],[191,57],[143,-21],[-14,-56],[-72,-89],[104,-58],[178,-59],[167,-218],[123,-83],[-35,-22],[67,-59],[-165,-221],[50,-81],[149,-86],[23,-51],[-607,-403],[-136,-22],[-91,14],[-51,8],[-63,-48],[-46,-65],[92,-89],[-47,-8],[-92,-86],[-71,-286],[94,-331],[148,-154],[0,0],[0,0],[642,9],[177,22],[5,-185],[36,-75],[0,0],[0,0],[50,4],[6,-15],[-155,-268],[166,-195],[24,-158],[62,-2],[-63,-258],[30,-6],[-66,-128],[57,-6],[-172,-373],[12,-168],[-131,-215],[-97,-48],[-115,-15],[0,0],[-153,19],[-85,51],[0,0],[-359,-195],[-289,-51],[445,-107],[137,-71],[-23,-35],[-84,-74],[-168,-60],[-348,-35],[-103,-27],[-233,-160],[41,-57],[74,22],[175,-126],[379,-130],[0,0]],[[21574,7109],[0,0],[-376,-174],[-8,-4],[-12,-5],[-89,-84],[-133,-12],[-136,-39],[-128,-37],[-310,-90],[-206,-36],[-166,4],[-119,20],[-79,14],[-1,0],[0,0],[-12,0],[-348,-19],[-28,-1],[-101,10],[-105,49],[-53,45],[-56,49],[-18,15],[-79,50],[-152,50],[-109,21],[-56,-6],[0,0],[-111,19],[-208,36],[-362,-54],[-4,3],[-28,19],[-17,-3],[-125,-44],[-32,-12],[-131,-20],[-80,-13],[-12,18],[-154,7],[-39,1],[-16,0],[-12,1],[-16,1],[-9,2],[-10,1],[-8,2],[-7,1],[-8,2],[-7,3],[-7,3],[-18,9],[-10,6],[-13,10],[-19,15],[-4,3],[-11,10],[-7,6],[-6,8],[-5,7],[-4,8],[-2,6],[-2,8],[-6,2],[-101,40],[-253,-86],[-67,9],[-75,10],[-296,121],[-75,32],[-90,40],[-125,55],[-128,80],[-63,75],[0,1],[0,0],[-177,213],[-3,2],[-8,1],[-22,4],[-27,27],[-12,11],[-38,36],[-29,1],[-8,22],[-5,13],[-28,71],[-34,26],[8,30],[-1,0],[-7,6],[-2,0],[-6,0],[-7,-1],[-4,1],[-1,0],[-2,1],[0,1],[-1,9],[-1,3],[-2,3],[-6,6],[-2,2],[-1,4],[0,3],[2,5],[0,1],[1,8],[-1,2],[-90,32],[-34,6],[0,0],[-3,1],[-3,2],[-13,7],[-16,8],[-36,13],[-5,-5],[0,-1],[-1,-3],[-2,-2],[-2,-1],[-2,-1],[-3,0],[-4,1],[-5,3],[-8,6],[-6,5],[-14,9],[0,0],[0,0],[-5,-1],[-60,-10],[-17,33],[0,0],[-19,-7],[-5,-2],[-5,-2],[-17,-6],[-17,23],[-40,-7],[-28,20],[-10,7],[0,0],[0,0],[-7,-7],[-12,-13],[-33,33],[-6,6],[0,0],[0,0],[-28,-3],[-22,-2],[-69,42],[-4,2],[0,0],[-1,0],[-50,-15],[-7,-2],[-227,139],[-5,3],[-1,1],[0,0],[-37,-4],[-18,-1],[-50,23],[-34,33],[-1,1],[-62,58],[-4,13],[-47,133],[0,0],[0,0],[-34,36],[-22,22],[1,7],[3,31],[0,0],[-1,7],[0,6],[2,7],[2,7],[5,53],[0,2],[-3,5],[-1,4],[-1,3],[0,3],[1,4],[2,8],[1,4],[-1,4],[0,5],[1,4],[1,4],[5,12],[1,4],[0,4],[0,5],[-1,13],[-3,21],[1,7],[1,4],[2,7],[4,9],[1,3],[0,4],[-1,3],[-1,3],[-3,6],[-3,6],[-1,4],[0,4],[1,3],[0,0],[-61,212],[-1,1],[-2,2],[0,3],[0,3],[0,3],[-11,35],[-1,3],[0,1],[-397,154],[-15,-5],[-20,-6],[0,0],[-115,37],[-11,4],[0,0],[-19,11],[-41,24],[4,15],[1,4],[-76,30],[0,0],[-4,-1],[-3,-1],[-3,0],[-4,1],[-3,1],[-3,1],[-3,3],[-3,2],[-19,11],[-4,2],[-13,3],[-5,2],[-4,2],[-2,2],[-69,27],[-2,0],[-3,-1],[-8,-3],[-3,0],[-5,0],[-19,3],[-11,1],[-6,1],[-7,2],[-6,3],[-4,2],[-1,1],[-94,59],[-35,23],[-1,0],[-3,1],[-4,3],[-3,2],[-3,4],[-2,4],[-1,4],[-1,4],[1,5],[2,5],[2,3],[-1,4],[-8,8],[-19,4],[-6,0],[-4,0],[-3,0],[-2,1],[-1,1],[-1,2],[0,6],[0,3],[-1,18],[-163,157],[-69,21],[-7,-1],[-12,-1],[-9,0],[-14,2],[-11,2],[-11,3],[-7,3],[-63,20],[-12,1],[-18,2],[-11,4],[-14,5],[-13,9],[-16,11],[-8,8],[-4,5],[0,1],[-5,1],[-6,32],[-3,5],[-1,3],[0,0],[-3,23],[-71,341],[0,0],[-1,0],[-79,-10],[-9,122],[-42,-7],[5,99],[0,0],[9,158],[0,0],[-16,45],[-22,60],[0,0],[0,0],[0,0],[95,100],[426,88],[251,113],[54,24],[0,0],[30,10],[167,56],[98,33],[73,12],[3,0],[274,43],[0,0]],[[21062,25624],[339,282],[112,56]],[[21513,25962],[205,1],[143,-113],[241,-13],[501,97],[-25,-77],[306,-9],[27,-87],[56,5],[21,-81],[274,46],[135,-218],[473,179],[124,48],[169,119],[192,52],[46,-60],[32,-3],[43,9],[68,61],[47,-29],[28,6],[22,56],[94,-81],[66,21],[5,-59],[53,-26],[34,-221],[103,-80],[68,-18],[-64,-136],[70,-69],[93,-166],[103,-286],[174,-76],[180,-180],[25,83],[242,188],[99,217],[353,406],[401,177],[61,19],[68,-13],[209,76],[-50,51],[107,59],[-21,37],[190,126],[276,239],[293,88],[317,44]],[[28190,26371],[96,-147],[89,20],[99,-202],[112,-97],[-39,-18],[104,-123],[147,-243],[244,-668],[-175,-65],[91,-195],[-46,-174],[-79,-76],[114,-261],[-125,-34],[124,-261],[492,-42],[92,13],[145,-317],[41,-191],[-21,-148],[36,-317],[-113,-186],[-15,-110],[63,-313],[81,-137],[-173,-84],[-48,-84],[-763,-302],[124,-374],[68,-132],[-54,-17],[135,-204],[137,-97],[99,-123],[-70,-48],[107,-58]],[[29309,20556],[-78,-41],[-7,-49],[-91,-16],[-9,-25],[-81,-41],[-33,8],[-81,-47],[-210,-45],[-96,-56],[-173,-261],[13,-224],[-98,-16],[-158,-62],[-41,45],[-242,-122],[-154,-93],[-307,61],[-171,82],[-80,-118],[-102,47],[-135,121],[-31,-62],[-146,49],[-23,-22],[-225,112],[-153,47],[-322,216],[-477,207],[-249,-192],[-193,-112],[-312,-434]],[[24844,19513],[-344,155],[-181,-50],[-247,2],[-21,15],[125,150],[-21,14],[106,90],[-104,86],[-76,-42],[-123,88],[-499,242],[-53,-42],[-93,57],[-73,51],[-23,88],[-310,338],[10,77],[-58,-7],[-64,130],[22,11],[-59,54],[-52,29],[-205,29],[-2,63],[-49,2],[-143,146],[-24,-14],[-357,263],[-179,141],[25,25],[-124,99],[33,62],[68,21],[-63,45],[-27,77],[-142,179],[-43,321],[22,59],[-94,220],[-12,58],[46,-7],[-35,77],[-157,33],[-95,58],[-103,-20],[-247,71],[74,111],[103,38],[93,-26],[82,6],[105,52],[-373,212],[-207,203],[-19,37],[104,441],[-94,16],[-138,60],[-142,21],[-60,109],[-211,101],[-62,123],[-289,5],[-6,24]],[[19759,24590],[295,44],[180,116],[202,84],[288,58],[88,130],[223,11],[230,-65],[457,92],[-36,64],[-237,-49],[-261,5],[-11,83],[34,133],[-67,66],[-82,262]],[[68325,42819],[-18,-54],[-70,-7],[-31,-93],[-85,-65],[-27,-118],[-52,-40],[-143,-210],[-395,-102],[-14,-98],[12,-152],[-129,-131],[52,-99],[4,-129],[-306,-336],[-428,-327],[-69,-116],[19,-81]],[[66645,40661],[-68,-18],[6,-65],[-50,-80],[61,-96],[-44,-65]],[[66550,40337],[-72,-6],[-123,82],[-226,78],[-822,-49],[-1,17],[-453,-15],[-157,16],[-136,55],[-192,32],[-779,40],[-517,124],[-237,38],[-558,42],[-31,-12],[-203,123],[-187,174]],[[61856,41076],[89,416],[-272,-14],[-87,67],[-57,109],[-233,14],[-71,78],[23,118],[131,55],[250,-26],[262,35],[-26,252],[-83,148],[-370,12],[-132,32],[-134,66]],[[61146,42438],[-11,64],[92,66],[62,13],[27,49],[211,112],[6,52],[156,158],[58,116],[125,45],[48,67],[85,48],[44,124],[54,45],[-11,102],[-43,-7],[-93,157],[-140,111],[-1,89],[-84,32],[-371,84],[-100,65],[-42,153],[23,73],[99,124],[-4,97],[-52,93],[-47,20],[-19,58],[-55,-21],[-145,17],[-55,53],[-10,107],[267,206],[167,289],[35,133],[-25,4],[11,105],[-61,143],[84,370],[193,-26],[54,116],[1184,662]],[[62862,46806],[266,-773],[409,124],[137,-99],[203,212],[-13,9],[192,146],[217,-171],[-40,-23],[263,-304]],[[64496,45927],[-430,-181],[-240,-57],[-98,-5],[-22,23],[-476,-83],[-233,-38],[25,-68],[73,-175],[335,36],[311,86],[52,-94],[-23,-8],[153,-155],[241,105],[44,-55],[208,55],[41,-50],[-67,-17],[439,-479],[211,104],[94,80],[34,76],[164,-28],[195,-195],[326,146],[434,81],[107,-247],[-50,-5],[11,-37],[-255,-36],[181,-323],[21,5],[46,-74],[172,-413],[-19,-6],[12,-66],[-178,16],[-12,-186],[207,-40],[17,52],[300,116],[25,-29],[-121,-46],[12,-16],[105,16],[26,-27],[79,-20],[57,34],[387,102],[431,67],[72,-146],[114,7],[78,-181],[171,43],[107,-169],[-12,-37],[-185,-89],[-369,-251],[78,-134],[186,-21],[39,25],[40,-3],[131,-37],[27,-56]],[[63264,22018],[-217,-137],[-107,-124],[71,-49],[2,-53],[-32,-14],[108,-36],[3,-73],[-71,-27],[10,-49],[-48,-28],[8,-14],[-96,-46],[18,-38],[-60,-9],[22,-84],[-25,-53],[20,-14],[-145,-44],[-90,110],[-116,-67],[-113,5],[-90,-33],[-11,116],[-186,-61],[-56,-70],[-363,-135],[-28,79],[-225,67],[-36,-125],[-68,-33],[-43,66],[-97,57],[-158,36],[4,19],[-332,-13],[-498,-72],[-455,-304],[-135,-118]],[[59629,20650],[-218,70],[103,339],[-3,117],[-360,322],[-117,68],[-931,-316],[-532,36],[-213,83]],[[57358,21369],[97,85],[384,200],[325,227],[265,132],[182,127],[76,296],[159,43],[-45,103],[-74,23],[-179,4],[-219,74],[-61,56],[21,26],[-110,100],[50,20],[-174,116],[-133,44],[-131,11],[-159,78],[-341,29],[-16,134],[-165,-7],[-42,185],[108,-18],[15,74],[133,-12],[-1,16],[-305,52],[-329,5],[-114,12],[-20,18],[619,182],[-133,377]],[[57041,24181],[477,163],[6,65],[70,32],[164,44],[162,17],[-33,55],[-139,-1],[-20,31],[375,21],[194,-31],[779,540],[134,-79],[79,56],[53,-11],[116,-87],[-348,-248],[59,-59],[62,32],[108,-78],[72,-180],[-14,-106],[55,-50],[448,-184],[131,-22],[202,5],[157,-40],[61,76],[-84,74],[47,37],[98,-34],[83,58],[-31,-73],[44,-127],[170,-173],[212,-43],[236,4],[59,-31],[60,0],[10,22],[88,34],[131,16],[10,-14],[56,40],[75,2],[212,57],[292,-43],[65,45],[7,34],[67,-19]],[[62358,24008],[-83,-101],[191,-204],[96,-34],[230,17],[298,129],[206,-343],[159,-238],[-34,-115],[-25,0],[-20,-254],[-75,-161],[-152,-152],[-101,-215],[216,-319]],[[30837,32765],[283,119],[107,88],[57,89],[162,72],[291,210],[162,46],[222,104],[133,-12],[91,-41],[82,-72],[96,-155],[-105,-198],[-107,-76],[-7,-29],[76,-120],[17,-102],[81,-4],[-16,-50],[76,-202],[104,-61],[85,92],[-32,61],[22,77],[179,152],[172,79],[323,61],[243,84],[114,13],[58,-5],[4,-22],[99,5],[211,63],[23,-30],[285,85],[14,-103],[-39,-226],[972,209],[225,-54],[209,176],[126,25],[-20,46],[144,123],[46,305],[-35,161]],[[36070,33748],[173,168],[227,-32],[183,-84],[303,-69],[187,31],[71,38],[47,9],[72,-27],[70,36],[-39,-83],[52,-90],[-2,-49],[287,101],[289,-313],[-239,-147],[146,-109],[765,332],[446,55],[47,-80],[258,78],[11,-13],[277,149],[-39,28],[399,305],[99,11],[111,-145],[374,124],[-49,115],[107,18],[-69,76],[-143,282],[127,44],[132,-3],[-143,123],[-29,65],[26,12],[162,38],[149,7],[207,58],[314,-9],[107,-20],[134,12],[122,-21],[155,-75],[51,-68],[3,-113],[283,-364]],[[42291,34149],[99,-60],[-97,-122],[42,-72],[-77,-49],[204,-182],[234,-125],[175,22],[193,65],[92,4],[301,76],[170,83],[54,38],[19,48],[110,72],[194,80],[144,108],[456,-3],[24,-119],[56,-41],[-56,-69],[-6,-85],[-38,-24],[-9,-53],[137,-44],[-80,-74],[48,-45],[2,-44],[-76,-122],[56,-46]],[[44662,33366],[-19,-99],[74,-32],[0,-58],[74,-21],[-46,-76],[60,-53],[32,-129],[-103,-81],[6,-27],[70,-31],[-3,-18],[-156,-63],[-5,-147],[-69,-53],[31,-59],[-35,-105]],[[44573,32314],[-11,-75],[-163,-360],[-75,-82],[20,-113],[-45,-134],[-128,-127],[-211,-80],[-28,-52],[-53,7],[-47,-23],[-39,-26],[27,-19],[-12,-25],[-73,-14],[-97,-61],[-3,-125]],[[43635,31005],[-103,1],[-89,-57],[-165,28],[-108,-3],[-153,88],[-42,64],[-58,18],[-31,-14],[-78,65],[-132,58],[-559,190],[-601,285],[-104,31],[-402,-108],[145,-56],[167,-22],[-36,-49],[402,-179],[168,-106],[26,-45],[-73,-123],[-64,-27],[-339,98],[-50,-64],[-109,-384],[-839,-215],[45,-99],[-161,-58],[-62,-120],[-157,-156],[-130,-202],[-86,-88],[-57,-164],[268,-155],[-101,-63],[182,-144],[177,-98],[-102,-84],[-255,-102],[130,-105],[210,-44],[442,-42],[190,1],[250,-104],[587,-111]],[[41778,28541],[0,-54],[-149,-186],[16,-47],[-118,-127],[-68,-33],[-51,1],[-61,-74],[-189,-97],[-67,27],[-63,-28],[-90,31],[-78,-20]],[[40860,27934],[-68,-25],[-441,54],[-100,-27],[-163,-4],[-27,-18],[-24,22],[-12,-16],[-217,-11],[-118,-37],[-92,1],[-26,18],[-28,-16],[-116,3],[-12,30],[-281,56],[10,23],[-63,35],[-55,6],[-171,80],[-626,66],[-125,-12],[-208,-69],[-199,-10],[-190,85],[-120,-84],[-176,-52],[-91,37],[-218,-239],[-156,-273],[-65,1],[-106,142],[-12,54],[-223,160],[32,46],[-10,56],[-77,70],[-18,46],[-3,146],[-33,11],[-103,-31],[-145,-2],[-193,-53],[-104,-64],[-382,-56],[3,-32],[-153,-41],[20,-24],[-133,-77],[-176,-13],[-178,-76],[-158,-13],[-128,52],[-150,-5],[-206,7],[-167,-22],[-339,-124],[-48,18],[-30,-46],[-53,-26],[-218,-28],[-31,-166],[-143,-355],[68,-63],[-123,-51],[-57,-313],[-60,4],[-714,158],[40,25],[-139,28],[1,29],[-47,3],[46,190],[-75,-6],[-150,37],[-39,88],[-149,83],[-418,-159],[-363,-98],[-69,62],[-227,49],[-125,134]],[[49020,60875],[-169,-69],[-537,-75],[72,126],[-227,39],[-267,8],[12,82],[-38,70],[-150,69],[-158,35],[-631,-5],[-166,-41],[-104,-80],[-261,-495],[-229,-243],[-213,-461],[-43,-26],[-114,-19],[-476,-4],[-184,81],[-46,45],[-10,53],[85,81],[259,76],[74,97],[-28,98],[-418,214],[-176,239],[-121,106],[-374,161],[-160,237],[-279,284],[-72,130],[-71,225],[-12,11],[-44,-16],[-23,32],[-148,14],[-380,-5],[-321,-190],[-151,-337],[-97,-131],[-78,10],[-19,-17],[-42,95],[-55,13],[-164,-62],[-6,-165],[477,-299],[12,-15],[-39,-29],[-129,-57],[157,-51],[97,-56],[42,-44],[10,-152],[67,-129],[128,-148],[114,-70],[77,-21],[-587,-265],[-84,-113],[131,-157],[-153,-127],[-140,-30],[-88,-50],[4,-28],[97,-65],[202,-15],[101,-52],[61,-117],[-6,-134],[-73,-161],[5,-44],[28,-39],[71,-34],[157,-28],[-125,-81],[-53,-94],[-1,-110],[-51,-55]],[[42769,58295],[-43,-77],[-5,-113],[106,-107],[49,-161],[106,-88],[125,-41],[118,-70],[-100,-181],[103,-216],[-49,-95],[-97,-51],[-23,43],[-33,0],[-81,-18],[-221,-2],[-131,-30],[-388,7],[-104,-47],[-111,-101],[-186,-73],[-215,-36],[-442,-2],[-3,-55]],[[41144,56781],[-168,102],[182,294],[-360,238],[74,69],[-381,174],[-19,132],[-71,132],[19,102],[-29,117],[-77,117],[-93,50],[91,275],[-121,18],[3,37],[-216,132],[-202,63],[-65,2],[-31,37],[-151,59],[-128,121],[-33,118],[-86,35],[-93,17],[-157,-9],[-96,-45],[-292,-286],[-103,-54],[-45,91],[20,71],[-193,75],[-60,2],[49,18],[-167,73],[-194,227],[-172,109],[-206,169],[-19,-9],[-104,75],[-50,8],[-146,105],[-260,47],[-114,10],[-3,-17],[-163,21],[-147,27],[-105,47],[-29,-20],[-140,49],[-7,63],[-63,10],[48,74],[-7,37],[-120,111],[-92,48],[-101,-284],[-35,-293],[28,-150],[37,-58],[-87,0],[-56,-26],[-140,-169],[-267,-169],[-123,-257],[-165,-70],[-192,-21],[-171,-44]],[[34780,58808],[0,70],[-83,7],[-14,68],[55,77],[188,163],[30,64],[22,-1],[-35,154],[18,256],[-84,97],[-72,162],[35,8],[83,189],[-21,75],[-100,152],[302,79],[-327,84],[-114,97],[568,69],[-6,102],[-212,4],[-10,251],[71,179],[193,59],[160,134],[127,70],[141,48],[95,3],[-2,15],[-62,173],[-239,136],[-182,59],[108,119],[285,201],[242,477],[-360,93],[-12,29],[45,67],[175,151],[80,37],[53,120],[31,152],[-125,173],[229,157],[108,14],[278,-38],[232,2],[26,30],[218,97],[369,257],[336,125],[186,16],[146,71]],[[37955,64261],[28,-95],[63,-49],[104,26],[71,102],[5,184],[-33,172],[-154,301],[155,163],[85,18],[124,-17],[686,-158],[159,-66],[163,-124],[15,114],[-210,566],[-51,54],[-410,208],[-39,53],[12,148],[80,106],[0,66],[-60,66],[-288,71],[-69,75],[-18,244],[53,78],[-11,51],[91,60],[30,69],[-68,24],[-198,-17],[-225,68],[-75,157]],[[37970,66979],[-60,287],[-54,88],[10,199],[153,163],[84,68],[103,45],[110,106]],[[38316,67935],[151,32],[233,96],[343,107],[87,-5],[124,-50],[112,-6],[201,-51],[209,199],[18,30],[-19,31],[57,43],[91,47],[177,39],[-49,65],[-264,28],[-164,54],[-14,55],[293,112],[190,98],[143,17],[138,-13],[548,178],[90,-42],[243,-37],[97,-38],[6,-55],[-235,-104],[3,-79],[19,-37],[121,-43],[121,-91],[80,-120],[-8,-172],[-54,-35],[-96,22],[-122,-85],[-79,-165],[15,-56],[72,-39],[20,-43],[102,-54],[110,-220],[-19,-45],[-69,-53],[-14,-89],[-112,-118],[-21,-62],[118,-322],[82,-136],[62,-406],[17,-31],[60,-11],[96,17],[127,-16],[112,-97],[185,9],[64,-27],[11,-27],[-47,-216],[76,55],[37,76],[14,95],[-29,80],[334,-87],[25,-76],[53,-24],[30,27],[22,-46],[111,-62],[28,20],[402,-51],[76,11],[-8,32],[163,72],[359,98],[223,-1],[34,-18],[25,-84],[126,5],[47,14],[-45,111],[69,14]],[[44250,66179],[143,-162],[105,-86],[67,-27],[76,1],[95,38],[185,-32],[162,44],[94,-44],[29,-80],[-58,-43],[-89,-26],[8,-30],[28,0],[23,-84],[-27,-47],[33,-133],[204,-221],[-92,-64],[-11,-60],[59,-96],[-8,-133],[37,-54],[71,-29],[221,19],[127,-24],[170,-138],[150,-70],[314,-62],[89,-54],[22,15],[54,-10],[144,-64],[157,-28],[79,-66],[0,-114],[311,-123],[144,-27],[109,23],[293,-2],[134,13],[60,36]],[[47962,64135],[142,-77],[63,-67],[-16,-7],[30,-50],[-210,49],[-45,31],[-77,-57],[-102,-6],[-54,-73],[-156,-27],[-35,-90],[59,-5],[28,-22],[106,-271],[38,-252],[63,-5],[14,-94],[-287,28],[-47,-230],[-49,-39],[-85,-27],[-115,0],[-114,26],[-107,52],[-48,56],[-65,-30],[181,-96],[129,-110],[-29,-2],[193,-127],[17,39],[227,14],[231,67],[189,26],[121,-18],[79,-151],[-174,-156],[-24,-67],[-71,-74],[350,-247],[237,-112],[188,-48],[189,-21],[312,25],[348,-16],[148,14],[66,-57],[-156,-206],[18,-19],[-436,-299],[42,-30],[-70,-66],[-102,-232],[-76,-104]],[[80725,31164],[32,-60],[-386,-379],[-114,-173],[-54,-175],[223,-83],[-234,-267],[-368,-202],[-333,97],[-389,-142]],[[79102,29780],[-652,0],[-271,44],[-166,81],[14,32],[-34,13],[4,77],[-59,57],[22,40],[-19,46],[27,13],[-38,62],[20,19],[-73,51],[22,32],[-46,146],[137,115],[57,130],[-65,23],[24,55],[44,-11],[160,203],[58,183],[111,145],[-44,33],[-56,-54],[-153,-66],[-568,-139],[-494,-54],[-298,-57],[-342,-93],[-264,-94],[-74,-45],[-126,185],[-175,-70],[-426,-109],[-390,-163],[-546,-185],[-512,-120],[-248,-100],[-124,-77],[-849,-601],[1292,-798],[23,-1423],[-235,-103],[-87,98],[-213,-145],[-116,-113],[-63,-71],[20,-69],[-63,3],[-44,55],[-46,-94],[-190,-99],[-62,-54],[-880,-426],[-317,-215],[-174,-237],[-173,-147]],[[71362,25689],[-71,10],[7,78],[-80,-41],[-61,78],[-107,-44],[-645,-120],[21,98],[-33,166],[-195,-33],[-61,88],[-96,-26],[-298,289],[-25,269],[14,200],[-56,200],[-85,130],[122,105],[-27,-14],[-42,15]],[[69644,27137],[-116,87],[127,38],[-72,87],[53,22],[-33,100],[-281,111],[-366,107],[-290,241],[-9,236],[49,327],[-110,-15],[-115,216],[657,93],[22,134],[-3,409],[96,188],[-236,-20],[-108,21],[-38,31],[-150,-39],[-110,19],[-116,-38],[-75,5],[-308,597],[164,31],[31,332],[-47,225],[-5,351],[-67,270]],[[68188,31303],[179,114],[52,102],[29,-17],[-14,-19],[104,17],[-12,21],[92,-5],[8,-19],[145,56],[122,2],[5,23],[23,-14],[49,31],[37,-10],[115,19],[-1,21],[34,-11],[169,63],[64,-4],[125,34],[107,65],[199,34],[35,33],[34,-8],[160,82],[83,-60],[131,60],[142,19],[-2,133],[213,13],[-120,44],[-60,-13],[44,129],[329,-58],[127,283],[-164,44],[139,181],[-173,6],[-38,226],[54,69],[327,245],[24,56],[238,230],[-112,148],[-395,827],[-8,84],[57,277],[384,-52],[641,-16],[-37,-55],[43,-1]],[[71915,34732],[35,-226],[231,-251],[117,-181],[58,-278],[113,-262],[79,-18],[40,-45],[121,-46],[768,55],[-111,568],[159,101],[147,-2],[66,23],[278,9],[229,-38],[59,15],[59,-14],[10,19],[178,-33],[79,29],[38,30],[23,125],[-11,176],[137,182],[171,73],[279,8],[280,78],[363,-25],[142,35],[85,-11],[94,31],[142,-11],[312,32],[239,-15],[164,-102],[79,-67],[-20,-12],[370,-259],[119,-414],[-37,-135],[59,-105],[-46,-106],[23,-6],[-13,-38],[51,-104],[24,-135],[83,-129],[235,-211],[-276,-137],[216,-198],[317,128],[173,-95],[-42,-21],[183,-195],[-9,18],[78,76],[-64,-69],[3,-24],[221,-227],[1423,680],[88,-139],[167,-162],[55,32],[74,-52],[-81,-92],[-66,-38],[-71,-254],[18,-12],[-33,-21],[34,-6],[-2,-19],[-50,-10],[11,-16],[-34,-24],[35,-9],[-72,-49],[22,-8],[-26,-10],[9,-57],[-36,-21],[28,-1],[-32,-31],[23,-8],[-17,-110],[42,-15],[-48,-15],[31,-28],[-60,-49],[21,-22],[-26,-9],[-15,-129],[240,-74],[181,-203],[77,-153]],[[78559,12089],[-262,-299],[-261,-346],[-32,-78],[-25,-158],[27,-141],[139,-293],[204,-581],[322,-742],[598,-1277],[0,0],[0,0],[13,-38],[13,-46],[9,-40],[5,-36],[2,-11],[32,-97],[32,-120],[24,-77],[10,-28],[19,-56],[0,0],[0,0],[16,-152],[-20,-173],[-63,-327],[-21,-382],[6,-344],[43,-133],[165,-311],[49,-252],[-117,-517],[-61,-411],[0,-790],[-3,-491],[-73,-381],[131,-25],[0,-5],[-28,-518],[0,0],[43,-279],[0,0],[56,-220],[33,-128],[38,-149],[-1,0],[0,-2],[-115,-9],[-102,-9],[-35,-3],[-110,-9],[-191,-17],[-5,2],[-3,0],[-9,6],[-180,96],[-29,11],[-109,58],[-53,31],[-103,56],[0,0],[-320,246],[-246,189],[-1,0],[-129,119],[-68,60],[-98,86],[-65,64],[-12,-3],[-284,-49],[-222,-38],[-39,-28],[-188,-39],[-30,15],[-144,74],[0,0],[-194,152],[-153,144],[-64,46],[-1,1],[-313,-113],[-83,27],[-419,-120],[-208,-60],[-54,-22],[0,0],[-4,6],[-28,-8],[-119,351],[-322,67],[-2,2],[-44,7],[0,0],[-14,11],[-22,30],[-5,28],[-2,9],[-249,243],[-16,-7],[-295,222],[0,0],[0,0],[-76,92],[0,0],[0,0],[25,12],[-260,168],[-512,266],[-4,-6],[-6,-9],[-9,-3],[-20,-5],[-7,-2],[-15,-5],[0,0],[0,0],[-4,1],[-6,8],[-3,3],[-6,6],[-212,-52],[-7,-13],[-3,-2],[0,0],[-1,0],[-127,-27],[-4,-1],[-22,-5],[-42,-9],[-11,71],[0,0],[-2,5],[-4,10],[-4,6],[-1,9],[1,5],[-1,6],[-1,3],[-7,6],[3,1],[-223,317],[-383,-123],[-122,-40],[-138,-95],[-77,-59],[-93,-72],[0,0],[0,0],[-89,-40],[0,0],[-37,72],[-43,35],[-79,33],[-22,-32],[-7,-7],[-9,-1],[-68,66],[0,0],[-181,83],[-8,4],[-36,16],[0,0],[-18,5],[-174,44],[-41,10],[-54,14],[0,0],[0,0],[-24,59],[-2,5],[-48,20],[-163,-4],[-4,-1],[-3,-3],[-20,-11],[-9,-4],[-17,-3],[-18,-5],[0,0],[0,0],[-74,21],[0,0],[-3,3],[-24,27],[-36,42],[-75,86],[0,0],[0,0],[21,83],[16,33],[36,74],[0,0],[11,7],[431,740],[0,0],[0,0],[0,1],[-1,0],[-95,50],[-25,-2],[-134,-89],[-111,-73],[0,0],[0,0],[-121,-39],[0,0],[0,0],[-5,-1],[-19,-11],[-82,3],[-3,-1],[-3,1],[-317,10],[-18,-20],[-16,-44],[1,-16],[0,-1],[3,-38],[5,-81],[-12,-27],[0,0],[-15,-33],[0,0],[-51,-36],[11,-36],[1,-2],[0,0],[-124,-9],[0,0],[-43,7],[-80,13],[-40,7],[-11,1],[0,0],[0,0],[-62,69],[-69,76],[-32,36],[0,0],[0,0],[31,53],[11,10],[9,5],[20,6],[49,4],[21,-2],[12,-4],[54,58],[-209,96],[-9,1],[-22,3],[-26,6],[0,0],[0,0],[-108,36],[0,0],[0,0],[-102,189],[-41,46],[-12,13],[-29,32],[0,0],[0,0],[-15,49],[-10,33],[-1,4],[-10,19],[5,5],[-1,3],[-14,53],[0,6],[8,14],[19,18],[21,13],[48,27],[24,12],[38,12],[16,-1],[10,-2],[140,-27],[30,-8],[55,-22],[88,-21],[58,126],[-1,2],[2,10],[12,24],[6,6],[64,140],[-28,27],[-69,47],[-14,5],[-10,3],[-182,-58],[-15,-15],[-59,-35],[-7,-4],[0,0],[0,0]],[[69254,6230],[-97,90],[-4,76],[176,295],[332,-125],[195,137],[305,-178],[88,185],[696,-261],[42,111],[83,-26],[32,61],[-53,18],[26,113],[-13,176],[-96,142],[45,102],[-290,141],[113,165],[-190,71],[47,70],[-174,38],[60,213],[120,253],[363,313],[474,322],[202,279],[148,87],[260,205],[158,49],[194,93],[1365,748],[153,111],[-132,52],[0,97],[-64,79],[-80,45],[-293,56],[-141,7],[-138,44],[-151,78],[81,114]],[[73096,10876],[389,358],[90,33],[432,29],[40,-36],[55,39]],[[74102,11299],[305,-54],[76,84],[68,160],[173,93],[50,5],[237,-58],[62,61],[135,68],[93,-28],[75,-74],[119,47],[195,29],[50,95],[99,101],[-63,51],[-2,173],[115,249]],[[75889,12301],[173,-118],[119,-136],[310,-137],[89,-103],[152,-48],[465,55],[101,42],[109,81],[190,62],[123,94],[224,286],[54,6],[18,-15],[-54,-166],[70,-16],[31,45],[496,-144]],[[27457,92848],[36,45],[50,-24],[234,-235],[-115,-128],[-328,-122],[89,-292],[-13,-98],[37,-175],[356,-357],[-243,-81],[62,-117],[424,-525],[84,-212],[220,-273],[154,-281],[124,-188],[681,229],[355,171],[624,253],[593,125],[349,140],[202,32],[244,-295],[232,83],[73,-116],[211,90],[109,-134],[306,166],[146,-167],[230,-156],[58,14],[80,-44],[2,-72],[47,-107],[80,-43],[19,36],[71,-34],[393,48],[345,-135],[68,4],[92,-46],[162,-100],[32,-77],[43,-23]],[[34475,89627],[16,-34],[105,-34],[38,-93],[61,-37],[-29,-138],[-137,-19],[-151,12],[-108,-44],[-49,25],[-53,-59],[-86,-16],[-50,16],[-100,-154],[29,-53],[-17,-17],[55,-34],[-8,-29],[39,-25],[-24,-10],[47,-40],[-42,-73],[92,-33],[-11,-39],[105,-106],[-15,-28],[21,-22],[-37,-29],[-66,33],[46,-57],[-32,-19],[52,-22],[101,-1],[-15,-44],[100,-40],[229,4],[511,-86],[53,-34],[-58,-52],[125,5],[18,-20],[-35,-43],[151,-45],[86,6],[109,49],[78,69],[23,57],[92,57],[70,5],[10,20],[-34,22],[33,17],[114,-39],[-47,-37],[78,-68],[116,39],[27,-10],[-36,-60],[11,-65],[55,-35],[-29,-41],[9,-59],[47,-36],[103,-15],[239,-17],[-29,13],[26,26],[96,-32],[30,6]],[[36623,87965],[69,-19],[13,-41],[91,6],[96,-31],[9,-30],[-47,-23],[9,-24],[131,-16],[13,-56],[-29,-65],[-98,-15],[39,-107],[-145,-18],[-19,-83],[-68,-54],[-32,-17],[-85,4],[5,-63],[75,4],[-21,-65],[-44,-14],[-58,16],[-41,-27],[27,-41],[91,18],[36,-23],[-86,-55],[131,-73],[-30,-90],[23,-33],[67,-24],[96,18],[63,-12],[125,-89],[40,-61],[70,-90],[18,-74],[73,-54],[-16,-30],[-64,14],[-44,-22],[38,-88],[83,-54],[3,-35],[-42,-85],[-175,-132],[-204,3],[-356,-154],[-81,-220],[11,-35],[66,-46],[-32,-159],[-66,-17],[-54,42],[-70,-40],[-32,-63],[8,-168],[-77,37],[-3,-59],[50,-105],[-299,-8],[-9,-118],[33,-146],[110,-256],[-50,-181],[-133,-24],[-246,33],[-327,118],[-297,204],[-352,156],[-313,97],[-121,16],[-185,-54],[-10,15],[-298,-216],[-409,64],[-221,-6],[-123,-71],[-68,-6],[42,-32],[-216,-101],[-115,-151],[-121,-91],[-133,-37],[-692,-97],[-58,19],[-157,127],[-109,-23],[58,-43],[71,-220],[-100,-218],[-14,-114],[46,-137],[169,-258],[-229,-29],[-254,-293],[-68,-294],[11,-333],[-54,77],[-177,85],[-131,107],[-255,52],[-121,-79],[-86,-118],[13,-214],[4,-95],[-64,-172],[-213,-168],[-43,-64],[-46,-189],[-121,-59],[-111,-144],[-337,-70],[131,-22],[216,49],[17,-69],[-18,-33],[-127,-80],[-99,-98],[-9,-61],[53,-100],[-87,-13],[-452,11],[-315,-26],[-198,-39],[-299,-109],[-226,-41],[-13,-21],[186,-246],[124,-116],[178,-93],[31,23],[102,-60],[-92,-79],[122,-67],[10,-119],[-84,-75],[-106,-157],[213,-101],[166,-25],[317,-122]],[[28985,79480],[-241,-215],[-96,5],[-124,-51],[-199,-203],[-403,-200],[-285,-114],[-111,134],[66,68],[74,-31],[139,135],[30,0],[-10,48],[-307,-110],[40,-46],[-51,-44],[-456,80],[-254,-101],[8,-22],[-58,-11],[-2,-55],[-50,-38],[-236,-63],[-347,-58],[-90,-57],[-62,-125],[-147,-122],[-276,-171],[-109,-160],[-145,-163],[-38,-14],[-168,59],[-303,15],[-146,50],[-27,58],[61,170],[8,232],[-96,154],[-124,87],[-59,26],[-35,-29],[-36,3],[26,-53],[-118,-20],[-164,-182],[89,-36],[14,-45],[-110,-238],[383,-52],[58,-151],[-297,-3],[50,-112],[50,-14],[-96,-75],[-154,-27],[-3,-185],[-70,-23],[-49,21],[-182,-55],[-84,-31],[21,-23],[-41,-34],[67,-183],[182,-160],[-87,-81],[26,-2],[32,-111],[288,-24],[71,-36],[51,-64],[-64,-78],[-51,-222],[-118,-77],[-471,8],[-4,173],[-266,-57],[20,-108],[-89,-27],[14,-133],[-70,-399],[-38,13],[-559,-276],[-650,-262],[33,-133],[76,-140],[-22,-88],[-23,-29],[-30,5],[-95,-55],[-23,-55],[-141,-122]],[[21702,74540],[-59,-63],[-139,-20],[-79,-204],[7,-81],[-118,43],[-41,47],[-120,57],[-3,25],[-127,-13],[-318,-115],[-97,5],[-4,87],[-89,147],[-11,145],[-134,230],[0,0],[-163,-32],[183,-262],[0,-9],[121,-268],[-108,-30],[-118,-112],[-200,-39],[-44,4],[-26,75],[-286,-3],[-194,63],[-81,-128],[60,-110],[-427,86],[-86,65],[1,6],[-55,28],[-58,1],[-48,40],[0,7],[-10,18],[10,11],[-20,35],[-110,35],[-28,39],[-88,19],[-328,192],[-445,199],[-119,119],[-232,104],[-479,174],[-112,-57],[-90,-45],[2,-70],[64,-109],[-72,-22],[141,-142],[98,-171],[5,-95],[54,-32],[-75,-203],[36,-16],[47,-254],[-376,-170],[17,-110],[-232,184],[-196,-183],[-760,-302],[185,138],[-125,-46],[-61,-70],[-82,43],[64,237],[78,-9],[21,17],[-79,95],[36,47],[-42,29],[-79,-16],[-78,45],[-29,-20],[-18,21],[-187,22],[47,-74],[-90,-116],[-44,4],[-255,-90],[-269,-67],[17,235],[-372,-23],[-262,24],[-285,-14],[-387,-75],[-115,-5],[-2,-2]],[[13130,73690],[-14,7],[-71,23],[-111,64],[-169,82],[-586,-34],[-8,8],[-8,-2],[-44,63],[-497,567],[-80,57],[-355,162],[-135,33],[-109,128],[-236,306],[-21,85],[128,137],[-4,140],[-106,91],[10,5],[2,1],[-45,191],[-17,29],[145,38],[82,60],[-141,180],[-140,290],[-14,46],[-65,208],[7,0],[-1,2],[-39,191],[-15,24],[8,6],[6,4],[96,68],[159,60],[100,50],[46,29],[5,-3],[5,2],[205,61],[21,17],[11,-5],[9,-5],[187,-5],[6,8],[15,-9],[220,-9],[3,9],[300,-2],[-105,127],[9,3],[271,103],[123,73],[46,29],[-60,89],[171,64],[285,42],[132,-6],[140,23],[36,10],[-13,38],[147,2],[75,26],[2,-40],[67,-13],[3,-42],[34,-34],[150,82],[51,59],[13,-2],[33,-4],[13,8],[457,189],[389,179],[113,46],[225,46],[-118,436],[10,2],[267,68],[-16,81],[-43,48],[23,6],[-6,15],[809,170],[-100,176],[26,43],[-66,106],[-8,21],[-49,131],[-65,53],[-27,49],[52,150],[-81,97],[-98,48],[32,31],[-1,1],[-9,21],[-72,35],[-6,32],[200,92],[272,197],[172,66],[37,4],[167,120],[-4,13],[-26,26],[16,6],[-32,109],[-19,28],[10,6],[118,82],[-10,58],[244,27],[19,9],[-7,32],[244,97],[16,-10],[127,61],[0,5],[2,51],[-114,153],[308,83],[-247,418],[-60,153],[-25,21],[-146,95],[-173,163],[-95,88],[-43,37],[-279,192],[-15,29],[-77,-29],[-8,-9],[-10,3],[-241,71],[-48,1],[-91,2],[-132,363],[-50,-3],[-10,27],[-43,-2],[-181,142],[22,14],[14,18],[35,119],[219,202],[15,19],[0,2],[-23,66],[13,96],[-2,25],[9,28],[7,60],[38,88],[19,63],[17,23],[4,9],[8,20],[73,120],[65,105],[279,327],[74,12],[412,123],[72,22],[5,2],[6,2],[314,218],[11,127],[-7,57],[12,6],[33,14],[607,212],[751,186],[281,37],[137,18],[7,-36],[19,-50],[5,3],[23,47],[58,45],[209,90],[255,160],[35,60],[29,69],[10,92],[23,213],[-40,266],[9,242],[-107,648],[236,400],[120,299],[125,153],[173,281],[41,79],[324,249],[-20,267],[73,203],[43,124],[-35,499],[32,143],[-3,270],[669,500],[30,31],[101,35],[134,56],[100,57],[224,76],[238,98],[392,161],[17,15],[97,130],[365,158],[8,-1],[22,-5],[5,2],[363,-41],[158,62],[136,53],[257,111],[114,34],[737,288],[158,81],[75,10],[209,28],[124,29],[155,36],[13,-16],[255,29],[810,246],[3,0],[-3,7],[-9,14],[99,21],[211,-8],[212,22],[108,-19],[296,8],[508,142]],[[41144,56781],[88,-38],[157,-27],[-52,-46],[43,-151],[92,-139],[-25,-28],[31,-36],[-166,-49],[39,-85],[-23,-3],[15,-121],[-34,-136],[192,-73],[-79,-84],[-15,-68],[-49,-57],[309,-200],[119,-321],[118,2],[7,-187],[-83,10],[-39,-136],[-479,44],[20,-76],[-98,-7],[-12,-50],[10,-156],[54,-33],[-23,-24],[-412,-177],[-219,-199],[-60,28],[-128,-157],[43,-26],[66,50],[272,-138],[-109,-128],[-239,-170],[-243,-137],[317,-306],[7,-105],[235,-88],[47,-46],[-116,-50],[-23,30],[-142,-78],[-15,10],[-128,-137],[-24,17],[-143,-114],[15,206],[-137,180],[-135,77],[-242,52],[-120,-13],[-65,-142],[-99,-81],[-75,-216],[-178,1],[-168,-122],[-137,-61],[-251,-63],[-347,-39],[-280,-8]],[[38028,52356],[-20,5],[-43,119],[51,30],[-107,114],[-22,106],[-129,25],[-224,-35],[-16,59],[-155,178],[-58,174],[-24,-11],[-44,18],[-77,81],[-125,-69],[-19,18],[-48,-30],[-139,-139],[-139,33],[-193,62],[84,73],[-17,30],[60,58],[-171,40],[39,24],[-24,13],[52,26],[-94,44],[23,9],[-104,105],[-131,-66],[-117,-19],[-191,142],[-40,-12],[-85,112],[-128,67],[-302,109],[-97,78],[-79,3],[-200,68],[-156,23],[-237,-42],[-348,78],[-29,215],[16,145],[-74,39],[-463,126],[-224,39],[-373,129],[-461,52],[-136,82],[-192,54],[-410,229],[-78,68],[-150,232],[-88,256]],[[31572,55723],[-13,87],[-64,79],[57,49],[-53,189],[27,120],[-25,70],[-46,39],[76,43],[-123,76],[292,-30],[291,-188],[60,54],[71,10],[122,61],[173,10],[81,28],[-58,113],[519,244],[-259,156],[-154,260],[-12,77],[-110,139],[202,66],[169,273],[-47,96],[-388,-19],[-79,56],[4,138],[148,108],[3,64],[119,110],[-148,125],[364,137],[104,71],[140,-289],[192,-80],[232,109],[200,178],[-161,31],[-89,-3],[-11,37],[44,36],[218,27],[132,-16],[97,23],[241,-22],[73,39],[145,25],[145,-2],[36,-42],[67,11],[49,94],[108,-51],[46,10],[1,59]],[[51064,5956],[-524,-106],[-26,-9],[-21,-8],[0,0],[-8,-1],[-31,-2],[-23,-2],[-75,-15],[-15,-4],[-31,-9],[-114,-29],[-30,-7],[-110,-30],[-2,0],[-118,2],[-132,86],[0,0],[-24,33],[-168,230],[-270,184]],[[43880,14177],[32,-11],[193,100],[184,47],[7,52],[-60,19],[-74,127],[68,108],[84,40],[48,75],[-40,80],[49,115],[196,250],[23,15],[76,-23],[108,31],[-3,75],[87,214],[184,203],[763,200],[227,9]],[[46032,15903],[46,-8],[55,25],[213,151],[206,70],[38,37],[113,7],[259,-36],[-19,-200],[-96,-401],[539,-106],[151,-46]],[[47537,15396],[381,-180],[66,18],[500,-2],[473,-126],[338,-125],[-55,-104],[35,-8],[-25,-18],[356,-29],[370,-67],[321,-30],[22,34],[108,-85],[30,15],[48,-16],[14,19],[33,-21],[14,20],[79,-13],[131,-50],[8,11],[285,-83],[276,-52],[185,-65],[76,115],[482,-172],[41,87],[248,-46],[286,-108],[64,73],[238,-57],[250,353],[199,-65],[-156,-222],[160,-64],[73,82],[206,-189],[200,141],[116,-83],[93,-21],[-164,-192],[619,-172],[-3,-14],[452,-4]],[[55010,13881],[129,-406],[-326,-177],[219,-384],[16,-346],[67,-9],[-90,-240],[81,8],[42,-67],[278,-265],[-207,50],[-22,-55],[-69,10],[-65,-166],[-352,42],[5,-199],[-242,-43],[-30,-10],[14,-29],[-69,-22],[-252,-9],[4,-99],[-214,-21],[-127,-38],[-18,-38],[-35,17],[-54,-16],[12,-181],[-402,-64],[-141,-107],[-372,-155],[-10,-43],[84,-143],[156,8],[380,113],[-60,204],[122,24],[55,-36],[17,-155],[374,-33],[147,-118],[76,-101],[-101,-311],[16,-18],[-204,-18],[-448,108],[-182,-19],[-134,-114],[-147,-188],[-142,-52]],[[79102,29780],[-570,-272],[344,41],[447,108],[620,58],[328,107],[62,-47],[116,-171],[162,-168],[96,9],[146,-129],[-94,-39],[102,-101],[36,15],[160,-52],[-16,-111],[125,-106],[-32,-117],[103,-75],[94,27],[128,-261],[214,-103],[482,-49],[177,-52],[265,-11],[714,-189],[259,1],[139,43],[314,56],[217,128],[184,210],[73,20],[393,-379],[241,-78],[854,-34],[244,65],[62,-28]],[[86291,28096],[20,-52],[-25,-46],[-198,-178],[-293,-329],[-216,-166],[-63,-25],[-88,-3],[-174,149],[-107,44],[81,-258],[196,-84],[143,98],[67,-14],[86,-55],[43,-74],[149,-91],[226,-186],[216,-251],[147,-77],[-56,-99],[-57,-326],[-171,-160],[-64,-83],[-24,-80],[-73,21],[-70,-84],[-85,28],[-232,-312],[-135,-114],[-123,-10],[44,-202],[-253,-20],[-69,15],[-51,-62],[-35,19],[-87,-75],[-100,-10],[-210,-93],[-105,11],[-118,-121],[-32,-70],[-17,7],[-32,-38],[-181,54],[-232,-547],[34,-78],[-54,-193],[-43,14],[-55,17],[21,45],[-211,105],[37,34],[-297,148],[-18,-25],[-91,10],[95,117],[-44,21],[-77,-94],[-289,164],[148,104],[63,77],[-101,90],[167,234],[-820,32],[15,190],[35,1],[-73,135],[32,10],[-322,324],[-216,279],[-91,-42],[-71,-1],[-155,-51],[-133,-66],[-312,-51],[-128,256],[38,35],[834,367],[-8,11],[-146,140],[-379,-55],[-481,-7],[-31,144],[-119,97],[-117,144],[-166,141],[-171,190],[-129,73],[-188,80],[-303,37],[-167,42],[-154,49],[-49,41],[-101,-63],[-239,-37],[-222,-63],[-124,-15],[-25,20],[-178,-87],[-456,-120],[-198,11],[-121,43],[6,-16],[49,-141],[50,-353],[-93,-413],[57,-405],[1,-301],[65,-156],[115,-176],[34,-54],[219,147],[18,-15],[378,184],[47,-181],[221,-178],[-195,-113],[3,-64],[331,-338],[259,-69],[58,-37],[59,73],[155,9],[18,74],[74,3],[-4,21],[41,2],[31,-128],[67,-84],[515,-220],[131,-155],[159,-107],[503,-79],[254,-108],[297,-172],[398,-217],[-514,-219],[-230,-56],[-54,73],[-268,76],[30,50],[-99,33],[-46,-38],[-84,74],[-197,-72],[-156,-25],[-308,23],[-115,-32],[-165,-15],[-81,-87],[-121,9],[-15,-71],[-58,-20],[18,-52],[-157,5],[-74,-238]],[[79206,22822],[-120,32],[-252,-271],[-134,-60],[-105,-18],[38,104],[-34,91],[-111,107],[-26,-14],[-130,90],[-228,-48],[-72,-79],[-148,-8],[-148,13],[-193,104],[-348,-237],[-175,-324],[14,-143],[121,-165],[-25,-60],[-381,-259],[-95,36],[-79,65],[-74,127],[2,77],[227,126],[-35,19],[28,21],[-116,44],[-58,85],[51,21],[102,302],[-66,9],[-25,280],[-68,85],[-505,-138],[-45,237],[57,12],[-70,80],[-24,77],[42,124],[-195,36],[46,313],[-126,60],[-15,-74],[-301,-30],[-58,90],[-229,-1],[-15,166],[-32,-18],[-164,78],[-59,49],[-137,-20],[-146,27],[-60,81],[85,56],[140,163],[-261,25],[-513,-25],[-311,89],[-168,23],[-931,35],[-367,77]],[[72181,24566],[-59,71],[-77,288],[-142,258],[-437,243],[-104,263]],[[46986,49329],[-74,64],[-65,109],[-21,157],[-243,141],[-123,96],[-179,62],[-126,2],[4,-14],[-116,-37],[-107,-4],[-320,51],[-173,-20],[-165,80],[-138,128],[-20,78],[38,40],[219,120],[-37,109],[-149,234],[-109,113],[-190,110],[-175,48],[-16,27],[-808,-43],[-147,59],[-288,60],[-531,183],[-539,97],[128,135],[-33,180],[118,132],[51,16],[-16,20],[40,27],[-2,35],[-61,14],[-61,-33],[-210,60],[11,34]],[[42353,51999],[463,-3],[602,-38],[414,-154],[133,-4],[11,93],[190,133],[11,-35],[736,23],[-34,-103],[83,2],[68,191],[5,94],[-155,356],[-21,235],[112,226],[47,5],[21,-62],[229,-17],[19,91],[485,-73],[16,-25],[124,215],[298,-99],[150,18],[59,29],[70,-6],[441,-141],[275,77],[289,128],[183,-90],[-29,384],[-139,316],[104,10],[-3,30],[265,16]],[[47875,53821],[244,-8],[-2,-58],[307,18],[207,-18],[-11,-75],[253,35],[448,3],[242,30],[157,-92],[242,-66],[305,-181],[52,-10],[192,-176],[451,-304],[67,-109],[159,-125]],[[51188,52685],[139,-124],[273,-149],[146,-188],[-12,-234],[-81,-305],[5,-89],[-97,-41]],[[51561,51555],[-309,-176],[-148,-41],[-382,-173],[-305,-206],[-468,-266],[-152,-124],[-121,-60],[-81,-14],[-117,-86],[-112,-29],[-54,-73],[-200,-67],[-59,-54],[-14,8],[-210,-129],[-133,-38],[-402,-194],[-284,-95],[-181,-122],[-346,-137],[-144,-80],[-132,-6],[-221,-64]],[[38028,52356],[146,-467],[60,-106],[228,-264]],[[38462,51519],[-152,-53]],[[38310,51466],[-396,-218],[-404,253],[-88,-34],[-26,153],[84,191],[23,236],[58,165],[-66,-8],[-895,-192],[44,-80],[409,-450],[26,-50],[-73,-67],[-374,72],[-144,89],[-211,-172],[-126,228],[-155,24],[-434,-14],[-72,-153],[-305,-51],[-143,-95],[-16,12],[-113,-52],[-328,-192],[-272,-41],[-34,16],[-304,-4],[-47,-96],[30,-41],[-231,-82],[-176,-151],[-263,-87],[42,-102],[-774,-57],[-575,-13],[-222,-77],[-161,-22],[-128,-82]],[[31470,50222],[-116,41],[-106,-63],[-118,80],[-86,-47],[-123,96],[78,43],[-369,240],[58,47],[165,69],[106,130],[-65,34],[168,160],[240,131],[-126,174],[34,84],[-170,-53],[-193,266],[124,42],[-146,302],[-184,25],[-118,-9],[-61,139],[-115,77],[196,220],[-187,99],[39,51],[-7,171],[27,86],[-85,28],[-44,220],[-31,-13],[-108,18],[-58,80],[-194,93],[38,40],[-127,101],[84,102],[-24,36],[-138,84],[-199,81],[-42,60],[119,186],[31,146],[277,-15],[94,230],[278,-51],[272,-89],[9,17],[231,-20],[190,6],[-4,-35],[173,-52],[143,17],[12,46],[36,-8],[30,37],[70,-2],[52,-56],[7,-66],[46,-1],[2,47],[82,6],[-17,86],[21,78],[-50,123],[-27,4],[-28,111],[-231,315],[-268,216],[23,59]],[[31060,55122],[71,42],[-168,78],[77,70],[-134,175],[-26,78],[132,10],[560,148]],[[53796,53700],[-315,100],[-661,2],[26,258],[-19,272],[64,119],[-37,329],[93,40],[109,96],[173,222],[-176,389],[195,124],[136,154],[53,8],[197,110],[152,15],[202,93],[-81,358],[373,51],[91,-36],[-24,117],[311,25],[379,62],[270,56],[98,46],[-120,159],[0,17],[143,35],[-29,72],[-25,-6],[-55,196],[473,62],[-27,86],[-31,-5],[-27,132],[-199,-20],[-77,178],[-13,107],[152,60],[44,-34],[101,22],[148,-14]],[[55863,57757],[611,106],[221,-185],[168,-37],[81,-101],[166,13],[-47,44],[-106,94],[-21,75],[136,84],[65,151],[34,7],[-4,33],[-283,738],[59,-19],[37,12],[147,179],[31,56],[-9,163],[48,122],[307,470],[143,-55],[-42,-58],[584,-244],[188,232],[34,-13],[281,304],[252,-53],[115,93],[256,-53],[125,-52],[236,181],[881,533],[171,31],[398,-48],[319,-6],[183,-32],[364,12]],[[61992,60534],[207,-48],[33,39],[142,-34],[147,-64],[129,-319],[75,-95],[306,-123],[822,-240],[479,-198],[324,-178],[-189,-309],[183,-190],[206,-308],[-30,-609],[-150,-75],[-374,-313],[-47,-63],[-76,-40],[-77,-141],[111,-223],[153,-174],[-17,-230],[113,-281],[112,-100],[310,90],[41,-62],[-87,-48],[-122,-32],[57,-91],[-51,-125],[-412,-99],[128,-104],[-110,-123],[-104,-220],[-55,-31],[-225,64],[-134,-6],[51,-90]],[[63861,55341],[-143,-67],[-100,-98],[-29,-69],[-178,-50],[-152,-86],[-131,-196],[-18,-82],[-71,-56],[-104,-13],[-147,21],[-99,-28],[-147,-6],[-51,39],[-313,-7],[-226,32],[-575,32],[-455,-69],[-124,-20],[-94,9],[-167,176],[-258,75],[-22,42],[-180,68],[-32,38],[-105,42],[5,32],[-23,-12],[-87,43],[-95,4],[-5,30],[-43,-13],[-33,22],[-72,-1],[-24,23],[-324,22],[-108,31],[-15,-23],[-60,15],[-150,-23],[-88,70],[-166,49],[-42,-18],[-60,8],[-125,-55],[-253,-108],[-150,-181],[-465,-345],[-360,-240],[-406,-220],[-261,64],[-343,9],[-194,-27],[-467,-157],[-368,-180],[-84,-78],[-137,-3],[-197,-79],[-212,-35],[-212,0],[-43,-19],[-154,3],[-99,-18],[-224,42]],[[28055,26524],[123,-71],[12,-82]],[[21513,25962],[118,58],[-17,11],[-219,118],[-45,19],[-1,5],[-8,4],[-137,163],[-1,16],[-19,50],[-4,339],[-1,155],[-43,7],[-110,-8],[-65,24],[-18,27],[-4,5],[42,133],[6,-1],[8,25],[-22,124],[-34,190],[23,146],[46,99],[4,20],[-48,4],[-85,8],[18,50],[15,-1],[47,92],[3,15],[19,90],[52,79],[27,11],[21,40],[241,93],[-29,27],[-75,69],[-174,254],[-13,16],[80,154],[167,317],[-4,6],[347,138],[377,54],[-2,4],[-77,109],[-59,175],[-1,1],[-37,4],[-50,66],[-93,75],[-27,1],[-317,-60],[-63,-53],[-102,-15],[-75,-77],[-119,-23],[-39,16],[-41,17],[-47,110],[8,72],[-35,29],[11,52],[32,19],[126,76],[61,37],[-46,44],[-27,10],[-20,57],[-34,23],[-49,-9],[-81,-78],[-32,-73],[10,-28],[-27,-28],[-48,-50],[-20,-20],[-102,-16],[-168,67],[-65,66],[-9,27],[-12,35],[-102,88],[-16,51],[-18,11],[-55,20],[-49,-2],[-43,-19],[-116,-96],[-37,-191],[-136,-15],[-24,18],[-77,60],[-8,31],[25,35],[5,31],[-79,73],[-13,78],[-70,53],[-70,52],[-8,50],[-14,77]],[[19417,30274],[74,-10],[106,-151],[98,-27],[150,87],[260,22],[106,64],[20,48],[-25,70],[10,119],[40,98],[27,244],[-14,165],[131,30],[260,17],[426,-58],[22,2],[23,75],[574,-49],[171,-54],[405,-231],[381,-69],[218,-94]],[[19759,24590],[-102,-12],[-50,70],[-60,31],[-189,-24],[-69,-65],[-293,-167],[-45,-9]],[[18951,24414],[-59,120],[-7,6],[-49,94],[1,1],[-331,266],[-20,13],[1,2],[130,249],[14,26],[3,2],[83,50],[63,1],[125,43],[19,9],[58,70],[32,93],[96,17],[580,159],[10,-1],[54,1],[318,4],[217,-46],[47,-10],[34,-3],[174,-189],[121,52],[239,109],[95,43],[63,29]],[[38190,7734],[-43,60],[18,136],[-322,4],[-110,-214],[-191,-122],[83,-122],[-388,-144],[-19,13],[-192,-50],[-164,-11],[-4,-25],[-280,-134],[-296,-200],[44,-31],[-34,-32],[-47,28],[-265,-143],[-347,-102],[-8,17],[-179,-75],[-352,-346],[-274,-174],[-187,-100],[-21,13],[-456,-342],[-53,-52],[35,-13],[-167,-330],[-250,109],[-40,-90],[28,-40]],[[33709,5222],[-213,-27],[-127,-63],[-72,-113],[-28,-182],[-48,-14],[4,79],[-113,15],[-291,140],[-19,50],[20,113],[95,191],[140,-58],[275,-73],[239,47],[30,35],[36,66],[-669,267],[524,145],[-7,29],[141,44],[7,194],[-498,-30],[-344,133],[204,96],[-14,59],[105,2],[-8,15],[-93,2],[-89,115],[-321,49],[-3,-23],[-20,9],[-32,-30],[-23,9],[-104,149],[44,102],[292,263],[122,67],[28,-44],[51,16],[-28,52],[158,50],[-70,75],[-81,212],[23,33],[-37,109],[-135,171],[53,23],[38,-46],[69,25],[24,-20],[72,31],[-73,71],[72,33],[5,81],[193,24],[90,143],[-32,104],[-44,44],[167,144],[-37,127],[-165,10],[-105,350],[-129,210],[189,77],[-31,61],[346,19],[17,84],[-50,0],[-235,268]],[[33194,9631],[215,136],[236,225],[292,-85],[27,-45],[152,-8],[78,-68],[64,-5],[129,-62],[134,32],[83,-37],[37,24],[46,-7],[6,35],[81,-20],[23,32],[93,7],[113,-59],[101,66],[-122,45],[232,260],[57,-27],[28,24],[-79,37],[426,192],[116,-136],[99,-72],[37,19],[102,-88],[537,-391],[-145,-81],[49,-63],[86,-50],[603,-94],[-33,-62],[49,-17],[49,9],[31,-28],[61,-9],[25,-39],[138,27],[241,-85],[148,22],[213,-74],[-36,-84],[96,7],[-5,-86],[52,-35],[-43,-78],[297,-99]],[[27457,92848],[-37,63],[5,5],[28,34],[82,16],[630,-11],[167,38],[37,13],[-3,10],[-102,176],[-79,206],[-163,626],[7,8],[346,495],[-3,25],[-81,394],[-28,65],[-35,195],[50,181],[80,126],[-315,97],[7,40],[-77,78],[-1,1],[0,0],[572,264],[13,-17],[22,9],[109,2],[199,57],[123,83],[96,114],[-11,37],[-347,382],[-140,367],[-179,-24],[23,73],[242,358],[37,130],[10,867],[-72,187],[179,58],[409,-28],[143,75],[156,199],[42,21],[126,1],[1660,55],[463,16],[1381,46],[387,61],[818,261],[41,6],[382,81],[12,3],[30,9],[208,117],[271,100],[69,81],[38,16],[13,5],[132,24],[187,44],[203,82],[327,47],[2,-4],[20,5],[83,-248],[179,-529],[36,-76],[25,-27],[211,-470],[2,-9],[48,-270],[2,-9],[-1,-7],[24,-426],[15,-279],[86,-97],[106,-120],[86,-69],[201,-107],[154,-83],[16,-8],[24,-6],[255,-183],[352,-158],[390,-105],[255,-126],[61,-15],[8,13]],[[38986,96585],[42,-175],[-56,-76],[-11,-120],[119,-295],[133,-70],[3,-25],[69,-41],[87,-31],[51,-68],[9,-37],[-28,-34],[26,-49],[142,-139],[0,-61],[-29,-31],[11,-60],[47,-3],[21,-27],[127,-36],[41,-31],[-57,-55],[107,-104],[-12,-131],[-268,-68],[-183,-97],[-516,-392],[-74,-128],[-169,-81],[32,-17],[-83,-60],[-278,-157],[-58,-38],[-75,-124],[-22,-108],[-76,-66],[-310,-228],[-348,-218],[-186,-88],[-24,20],[-461,-296],[-94,-146],[-128,-95],[-95,-137],[-85,-55],[64,-18],[-98,-78],[-80,-138],[48,-54],[-3,-56],[-65,-33],[-56,-70],[39,-24],[-58,-35],[-19,8],[-116,-63],[-148,-36],[-220,-13],[-7,-18],[-172,5],[-35,-6],[3,-21],[-116,14],[-26,-61],[-46,1],[-11,-104],[-93,-191],[-401,-143],[-204,-142],[244,-70],[193,-30],[-54,-240],[-19,-2],[41,-150],[92,-110],[-181,-79],[67,-124],[-62,-28],[179,-219],[-66,-20],[62,-147],[-20,-27],[-356,-16],[-78,-65],[-10,-45],[-64,-32]],[[38986,96585],[120,-25],[455,-93],[636,-228],[210,-109],[41,-7],[577,-76],[87,17],[91,-36],[2,-5],[14,-2],[133,34],[119,30],[41,10],[215,100],[140,65],[79,53],[128,132],[62,-1],[-2,26],[34,-2],[124,76],[274,12],[23,-16],[1,0],[327,-70],[48,13],[158,-52],[11,-4],[-10,52],[-7,18],[-6,19],[10,184],[59,196],[146,165],[23,118],[-5,168],[-17,100],[-165,549],[38,59],[-4,19],[16,263],[-15,31],[521,144],[36,4],[85,8],[96,9],[200,-53],[4,-4],[26,-4],[473,-180],[45,4],[110,-63],[3,-1],[73,6],[4,-36],[18,-6],[85,1],[2,2],[2,-1],[2,-1],[28,0],[300,4],[142,9],[102,43],[32,20],[29,6],[161,68],[11,0],[26,13],[48,-13],[52,0],[26,0],[5,1],[2,-1],[173,-1],[1032,-474],[15,-7],[1134,-510],[78,-207],[-369,-410],[-85,-143],[-180,-175],[-45,-78],[-2,-13],[3,-11],[21,-69],[105,4],[54,-22],[18,-2],[19,-2],[111,-40],[45,-47],[165,-122],[172,-209],[103,4],[2,-28],[38,6],[50,-53],[82,-4],[82,-31],[18,26],[60,-21],[105,-129],[17,11],[74,-35],[1,-1],[-95,-48],[-17,-2],[-21,-10],[-366,-76],[-1,0],[-1,-1],[-538,-295],[-21,-56],[-18,-48],[-11,-183],[-3,-40],[-185,-4],[-30,-22],[-23,-17],[-12,-29],[-39,-151],[-67,-108],[-22,-54],[-61,-301],[-100,-146],[-72,-58],[-10,-249],[27,-19]],[[47356,93637],[-244,-14],[-141,-86],[-122,-14],[-109,-85],[-98,-40],[-317,-324],[-21,-41],[34,-121],[-17,-61],[-62,-74],[-377,-185],[-1,-18],[-98,-20],[-120,-61],[-420,-35],[-75,-61],[-93,-206],[-126,-145],[-583,-374],[-160,-51],[-56,-31],[-11,-48],[-165,-84],[-170,-235],[-151,15],[-191,18],[-54,-162],[-228,-221],[4,-53],[-51,-26],[-3,-106],[-127,-260],[-171,-234],[-98,-89],[-218,-108],[-186,-122],[-338,-201],[-403,-170],[-104,-75],[-156,-178],[39,-33],[-126,-14],[-25,32],[-31,0],[-184,-26],[-114,-53],[-293,-1],[29,-149],[57,-41],[-198,-129],[-66,-89],[-186,-156],[-169,0],[-135,-90],[-126,64],[-183,40],[-66,-93],[-81,-50],[-611,-149],[-60,-31],[-926,-120],[-37,63],[-592,-18],[-70,27],[-300,17],[-175,53],[-109,-271],[32,-69]],[[90067,49459],[-21,-163],[45,-110],[62,-56],[23,-81],[61,-64],[-34,-13],[79,-169],[100,37],[200,-15],[100,-108],[125,-49],[658,-129],[45,40],[724,-280],[174,-126],[37,-92],[-109,-235],[10,-114],[96,-33],[-40,-109],[-154,-267],[-312,-248],[-406,1],[-201,-121],[-304,-128],[-162,-57],[-1095,421],[-77,-14],[-95,-51],[-222,46],[-480,-1],[-376,55],[-179,88],[-195,51],[-173,-5],[-95,-1],[-141,-101],[-151,-214],[39,-30],[-166,-113],[-101,-104],[-31,-100],[101,-25],[-228,-137],[-1220,-613],[-211,-82],[-28,28],[-647,170],[-276,-255],[-227,-271],[-119,-192],[-388,-163],[28,-140],[-114,-88],[-138,-236],[-38,-84],[8,-117],[-28,-43],[-87,-57],[-531,-44]],[[83182,44348],[-75,62],[-278,-7],[-714,-113],[-226,-54],[-275,-93],[-158,-78],[-630,-406],[-311,29],[-130,189]],[[80385,43877],[202,127],[-46,55],[922,451],[98,26],[385,39],[474,112],[-127,216],[-364,-52],[-405,57],[67,211],[29,356],[-38,153],[-121,251],[76,462],[8,381],[268,567],[16,99],[-335,-8],[-16,107],[-47,-24],[-182,22],[-71,-13],[-283,100],[-127,-11],[-166,50],[-29,-12],[-40,-80],[-78,53],[-111,-25],[-189,27],[-247,-80],[-35,-52],[-61,-26],[-5,-46],[-108,28],[-110,0],[-266,-83]],[[79323,47315],[111,309],[203,224],[-5,70],[85,121],[85,203],[737,773],[443,259],[1069,466],[56,-49],[94,-7],[28,239],[-56,350],[-194,522],[41,115],[-22,100],[-51,38],[-1,34],[-94,51],[-76,125],[-70,62],[-81,133],[20,30],[-36,40],[-20,-8],[-55,125],[-116,119],[-118,30],[-107,72],[17,13],[-93,77],[-38,110],[511,297]],[[81590,52358],[417,-305],[124,-131],[447,-261],[215,-229],[353,-449],[178,-130],[378,-221],[161,-76],[320,-44],[467,-180],[729,-130],[681,-109],[647,-10],[66,-51],[23,-298],[104,-178],[193,-137],[256,-91],[125,-16],[120,42],[310,225],[319,157],[516,111],[62,-29],[15,-131],[62,-119],[119,-100],[95,-8],[382,38],[472,-48],[121,9]],[[38363,51022],[300,37],[163,-322],[-20,-217],[78,-136],[217,-165],[210,-126],[98,-48],[336,-82],[168,16],[85,-10],[422,-137],[490,-365],[263,-144],[290,-124],[96,-76],[-140,-60],[-275,-53],[-171,-206],[-15,-311],[123,-421],[154,26],[357,12],[153,-64],[176,-10],[223,-58],[205,-111],[86,-84],[225,-96],[13,-64],[75,-53],[65,41],[19,53],[37,9],[280,-37],[270,34],[258,-78],[209,2],[27,-31],[-33,-39],[7,-46],[41,-42],[341,-219],[130,-59],[67,-61],[61,-27],[187,30],[430,-147],[434,-217],[-21,-52],[467,-266]],[[46024,46418],[-139,-64],[56,-79],[-412,-180],[7,-225],[-201,-71],[140,-220],[-54,-13],[-46,81],[-61,-20],[150,-303],[264,-16],[9,-13],[-103,-55],[-270,-255],[-457,-137],[-787,-198],[-517,-170],[25,-20],[-123,-42],[-160,-91],[-187,-193],[-101,-479],[76,-107],[-173,-33],[3,-33],[-153,21],[-271,95],[-52,47],[-64,1],[-170,81],[-35,-4],[-121,105],[-161,62],[-38,-15],[-125,21],[-123,81],[-41,-16],[-69,25],[-212,10],[-104,30],[-137,-40],[-129,6],[-63,-25],[-47,12],[-171,-61],[-78,-6],[-442,-194],[-7,-33],[-320,-6],[19,-29],[-27,-61],[-319,-192],[-223,-99],[-347,-230],[-123,-55]],[[38810,43013],[-439,126],[-467,204],[101,183],[6,110],[149,175],[9,70],[-101,141],[42,4],[22,59],[34,20],[40,202],[54,36],[-40,105],[-86,33],[-28,38],[-74,237],[-79,104],[-62,21],[-9,57],[-43,29],[29,96],[-38,-3],[0,44],[-35,5],[-10,39],[-73,16],[-56,52],[27,56],[-75,98],[8,158],[-14,35],[-78,36],[-86,-174],[-46,-42],[-180,-20],[-154,38],[-27,-17],[-40,6],[15,19],[-24,13],[-98,-36],[-88,22],[-247,-43],[-41,-29],[-95,-18],[-39,29],[-128,23],[-21,33],[-27,-6],[-141,60],[-162,138],[-101,16],[-184,71],[-42,65],[-110,32],[-35,69],[-140,123],[-278,100],[-57,72]],[[34948,46143],[-41,27],[-21,59],[18,52],[38,0],[-8,138],[-112,170],[242,96],[0,66],[101,167],[32,131],[-46,247],[485,115],[204,73],[-124,146],[-27,78],[757,211],[41,-11],[69,74],[295,43],[45,66],[750,294],[441,44],[-210,136],[-792,399],[-83,68],[81,91],[-282,105],[-54,99],[120,164],[-34,154],[148,164],[229,407],[83,386],[530,312],[540,108]],[[33709,5222],[70,-81],[94,-192],[10,-74],[-36,-10],[11,-37],[-57,-127],[-231,-174],[-204,-244],[45,-170],[-40,-196],[29,2],[-145,-153],[-84,-58],[-454,-112],[57,-69],[-103,-40],[-75,-67],[87,-116],[213,-141],[-309,-147],[-223,-155]],[[32364,2861],[-251,-182],[-162,-71],[-28,-170],[56,-106],[-47,-86],[-271,-249]],[[31661,1997],[-8,-8],[-612,147],[-70,-103],[-69,-212],[-268,-43],[-74,38],[-20,30],[-285,178],[-65,10],[-6,35],[-14,8],[-167,212],[-12,69],[-24,43],[-26,234],[-24,131],[-220,182],[34,590],[-181,129],[-107,62],[-24,36],[113,1],[406,163],[108,370],[-5,9],[-4,10],[-2,14],[-2,19],[14,72],[3,6],[3,4],[-230,394],[-28,3],[-154,-37],[-47,36],[-371,418],[250,163],[22,53],[44,5],[38,51],[186,49],[151,94],[-32,55],[-9,18],[-103,149],[-167,34],[-186,-15],[-68,38],[-116,30],[-29,-5],[1,-23],[-228,-23],[-1,7],[-3,-1],[-75,88],[-1,0],[-5,7],[-85,101],[-165,10],[-935,56],[-105,-30],[-28,45],[-390,88],[-265,209],[-107,34],[33,89],[-370,68],[-9,93]],[[26466,6784],[1,0],[-27,254],[-140,36],[45,86],[-47,28],[-148,56],[34,56],[-105,32],[94,154],[185,337],[116,-30],[22,40],[173,-45],[80,150],[51,-6],[181,311],[-5,51],[-451,-20],[27,188],[272,182],[141,46],[210,4],[40,-114],[159,-27],[192,9],[37,-38],[139,41],[28,130],[130,38],[545,8],[598,108],[-96,109],[124,103]],[[29071,9061],[254,-117],[331,-101],[334,-28],[968,-136],[270,229],[96,127],[211,55],[-3,-117],[664,111],[219,68],[267,146],[321,225],[191,108]],[[37955,64261],[-28,142],[-62,47],[-406,-25],[-164,-88],[-29,-56],[-74,-42],[-154,-166],[-106,-52],[-109,-9],[-106,30],[-165,84],[-199,157],[-572,197],[-116,64],[-455,218],[-210,227],[-49,36],[-87,23],[-407,45],[-86,-32],[-202,-182],[-132,-79],[-213,-8],[-259,-261],[-163,-339],[-26,-286],[234,-115],[71,-86],[-38,-307],[-90,-71],[-87,-19],[-1101,114],[-682,-47],[-130,-32],[-57,-61],[19,-87],[89,-132],[151,-355],[-12,-222],[-70,-153],[-117,-107],[-136,-69],[-173,-52],[-352,-45],[-146,40],[-39,32],[-46,122],[20,247],[25,149],[80,172],[-12,34],[-173,161],[-314,51],[-107,-40],[-47,-63],[31,-299],[-162,-51],[-147,-11],[-90,6],[-206,78],[-137,5],[-73,-22],[-152,-99],[-83,-222],[-43,-52],[-177,-101],[-90,-29],[-161,-16],[-73,47],[-55,140],[-212,89],[-120,23],[-144,-10],[-163,-62],[-270,-196],[-10,26],[-155,95],[-28,168],[-52,107],[-223,96],[-118,108],[-79,103],[-9,93]],[[26935,62979],[-33,180],[-70,106],[-114,86],[-47,284],[-44,95],[30,98],[-42,99],[-147,135],[-193,92],[-221,159],[-71,113],[-35,190],[-76,98],[96,279],[-122,325],[-83,129],[-312,-64],[49,52],[-124,70],[-114,19],[-405,-65],[-283,-69],[102,72],[-79,-11],[-54,173],[240,71],[166,16],[-30,129],[-172,17],[-57,-11],[63,30],[-33,42],[-54,-19],[-229,74],[-83,0],[-31,28],[-147,-52],[-556,-29],[-155,32],[-17,36],[-61,-49],[-39,31],[-38,-12],[-21,20],[-117,6],[-18,-23],[-79,-2],[-145,50],[-210,26],[16,187]],[[22736,66222],[251,138],[216,69],[19,64],[-22,93],[-126,284],[316,108],[140,-37],[7,-24],[200,13],[38,22],[-35,30],[21,128],[-22,45],[113,-13],[48,-32],[181,-45],[138,23],[120,62],[-4,32],[66,24],[12,-60],[163,-207],[133,-76],[108,-9],[106,49],[-91,79],[-71,104],[200,110],[151,-1],[27,-64],[77,-50],[138,23],[251,-23],[17,-134],[150,46],[138,5],[37,-26],[191,22],[79,-96],[139,-88],[259,36],[-7,56],[327,-22],[457,127],[36,13],[103,153],[75,30],[108,75],[-62,119],[-258,207],[88,136],[-92,108],[58,122],[164,122],[-58,12],[-7,96],[-42,80],[-145,136],[-61,14],[-136,156],[-43,91],[12,11],[88,-55],[-24,59],[-118,133],[-76,37],[9,64],[-24,5],[55,69],[81,42],[79,77],[194,222],[26,114],[-117,224],[-8,63],[-40,-3],[-6,112],[103,187],[205,188],[9,-60],[238,-3],[18,-20],[84,29],[90,-53],[23,-18],[-40,-209],[20,-98],[121,-81],[145,-24],[241,20],[66,64],[84,20],[92,69],[225,85],[118,7],[167,62],[77,43],[59,67]],[[29396,70126],[19,42],[-18,35],[68,78],[85,28],[85,-14],[18,-40],[-19,-242],[-90,-197],[44,-89],[305,-136],[285,-14],[135,34],[137,-17],[31,-36],[32,-290],[141,-143],[175,8],[184,111],[79,22],[391,82],[73,-16],[-11,-128],[109,-217],[-507,-249],[-120,-118],[0,-66],[141,113],[110,56],[345,61],[4,-105],[77,-75],[42,10],[70,-77],[47,65],[107,64],[141,50],[193,25],[111,-13],[171,-156],[331,71],[102,-13],[105,-22],[-92,-100],[230,-7],[63,-56],[-11,-20],[-188,-64],[-50,-90],[-39,6],[-26,-110],[48,-19],[56,54],[132,-10],[84,-23],[13,-33],[161,-3],[18,-37],[5,-42],[-238,-9],[-10,-17],[624,-31],[361,39],[34,-137],[313,34],[22,81],[349,-46],[24,69],[219,-18],[-18,-56],[-125,2],[-26,-225],[75,-11],[49,-50],[228,18],[64,-107],[-291,-61],[-37,-74],[-200,-115],[51,284],[-253,-66],[-111,-68],[24,-32],[-15,-187],[88,-126],[159,-93],[224,-32],[71,5],[139,63],[129,31],[794,74],[55,-169],[98,-113],[263,-107],[611,-101],[84,-99],[97,-46],[73,-8],[118,25],[106,63],[32,108],[-40,-3],[-21,40],[43,14],[-29,177],[119,25],[116,-20]],[[20478,13507],[276,309],[213,105],[140,113],[92,39],[-52,3],[-31,72],[150,54],[152,-24],[0,0],[0,0],[364,52],[320,182],[154,50],[422,36],[0,0],[65,-65],[0,0],[484,148],[18,-34],[0,0],[0,0],[173,38],[236,16],[248,53],[308,104],[439,107],[756,323],[-87,278],[103,47],[295,28],[119,-16],[95,-12],[61,12],[32,45],[46,-5],[360,-136],[0,0],[0,0],[5,-1],[191,-45],[114,-165],[0,0],[132,13],[224,177],[8,71],[206,59],[218,229],[47,146],[-22,85],[64,135],[99,131],[123,85],[103,113],[0,0]],[[27941,16462],[0,0],[83,57],[100,26],[0,0],[0,0],[282,-69],[-81,-76],[23,-36]],[[28348,16364],[256,-529],[303,-438],[9,-50],[-51,-123],[0,0],[-43,7],[-15,3],[-160,-337],[53,-24],[-102,-98],[-52,-120],[-77,-68],[-34,-91],[-90,-56],[59,-82],[14,-69],[-75,-80],[18,-76],[-61,-447],[45,-368],[21,-17],[119,13],[-8,99],[435,50],[-2,44],[246,66],[0,0],[2,-31],[0,0],[247,13],[0,0]],[[29405,13555],[42,-213],[0,0],[-274,10],[-133,-46],[-182,-116],[-78,-248],[-342,-92],[-143,-76],[-130,-136],[-253,-135],[-198,-236],[-207,-316],[-180,-206],[132,-359],[-17,-139],[31,-43],[19,-1],[50,-3],[307,-2],[6,0],[98,31],[179,6],[0,0],[0,0],[152,-55],[80,-76],[-34,-8],[10,-12],[329,35],[0,0],[25,-39],[0,0],[124,19],[0,0],[12,-64],[0,0],[107,11],[-18,24],[303,72],[-4,19],[354,23],[1,31],[0,0],[170,-11],[-71,-234],[370,-128],[28,-50],[114,52],[0,0],[97,-195],[19,-46],[-53,-74],[-115,-11],[-9,-20],[-103,-23],[90,-84],[-199,-146],[91,-178],[-89,-29],[36,-84],[0,0],[68,23],[50,-74],[105,-201],[78,-258],[-432,-116],[-232,-83],[-478,-113],[-37,-71]],[[26466,6784],[-200,-23],[-68,-8],[-76,-10],[46,-121],[92,-126],[-87,-55],[-45,41],[-100,138],[-48,122],[-42,107],[14,27],[43,83],[31,19],[4,5],[3,8],[-9,22],[64,116],[-215,56],[-167,43],[-521,-14],[-73,-47],[-13,-8],[-13,-9],[-33,-21],[0,0],[-5,3],[-93,49],[-210,-136],[-8,-6],[-26,24],[-10,23],[-15,-13],[-42,34],[-139,78],[-380,-308],[-238,80],[-11,-7],[0,0],[-209,61],[-6,3],[-52,32],[-17,18],[-53,60],[-65,45],[-52,27],[-164,34],[-34,-48],[-1,-1],[-11,-15],[-19,-22],[-15,-15],[-1,0],[-18,4],[-58,13],[-1,0],[0,0],[-29,6],[-16,3],[-13,3],[-13,2],[-35,7],[-17,4],[-8,2],[-9,2],[-15,3],[-14,3],[-10,3],[-10,3],[-4,1],[-9,3],[-13,3],[-1,0],[-11,4],[-12,5],[-3,1],[-12,4],[-14,6],[-3,1],[-9,3],[-11,5],[-11,5],[-2,1],[-561,132],[-287,-12],[-13,-1],[-193,-34],[0,0],[-116,73],[-38,-70],[-14,-208]],[[42291,34149],[301,464],[32,2],[65,179],[236,396],[147,151],[440,905],[262,112],[-626,190],[-223,40],[-421,5],[-52,-47],[-439,-65],[-68,85],[140,124],[166,-13],[134,75],[144,8],[-435,593],[-467,362],[-241,-136],[-262,-111],[-187,-137],[-323,-169],[13,57],[-203,222],[-54,170],[27,131],[-14,73],[-76,116],[-52,4],[-58,69],[-72,43],[-60,106],[-197,36],[-40,32],[-152,11],[-65,35],[-43,-2],[-19,32],[-53,-2],[-101,41],[-25,39],[-41,-10],[-45,43],[-22,-19],[-41,53],[-59,-2],[-90,41],[-47,24],[-16,64],[-42,0],[5,-31],[-79,29],[19,16],[-16,30],[-55,8],[-15,45],[-37,9],[16,31],[-26,46],[-73,2],[-56,68],[-24,-8],[-38,35],[18,26],[-47,29],[16,23],[-37,22],[17,28],[-33,4],[3,34],[-51,7],[15,44],[-65,35],[4,45],[-33,7],[63,17],[-20,26],[16,32],[-37,20],[-27,-11],[-26,50],[24,29],[-81,111],[7,143],[-31,33],[25,13],[-66,26],[16,19],[-51,72],[50,21],[-30,13],[-34,-15],[24,33],[-27,-13],[-16,18],[35,47],[-103,77],[4,33],[-39,27],[11,33],[-48,28],[-29,85],[-38,18],[-38,66],[57,164],[94,128],[-81,49],[75,68],[53,46],[298,30],[103,45],[-248,157],[184,171],[245,122],[125,230],[-36,126],[6,212],[-74,140],[-101,84],[88,32],[-33,161],[-10,50],[-65,-4],[-176,78],[-72,62],[-29,91],[167,356],[-9,39],[55,95],[-2,56],[23,5],[152,-165],[156,57],[-64,124]],[[46024,46418],[727,311]],[[46751,46729],[48,-54],[6,-236],[178,72],[241,63],[93,3],[213,67],[248,-12],[182,37],[64,-30],[328,82],[-28,-226],[99,-14],[2,-19],[-63,-122],[59,-16],[47,35],[268,-94],[97,6],[166,47],[197,114],[194,33],[151,100],[206,-14],[38,19],[137,10],[36,40],[54,13],[555,-731],[116,68],[94,-85],[118,42],[-55,-164],[-30,-211],[93,-63],[71,-143],[-54,-98],[65,-35],[169,144],[218,43],[111,-109],[162,-228],[147,-130],[-107,-93],[172,-57],[117,-114],[44,-565],[232,75],[136,-198]],[[52386,43981],[295,-281],[-305,-149],[-74,42],[-138,-58],[205,-173],[-41,-29],[74,-64],[-43,-28],[-171,132],[-88,-49],[140,-123],[-516,-355],[109,-124],[-143,-65],[36,-112],[-26,-70],[79,-73],[-38,-94],[-191,-107],[-171,-49],[3,-23],[80,-9],[310,38],[461,162],[99,-27],[60,-67],[-80,-21],[-33,-41],[-67,14],[-466,-183],[-40,-20],[-13,-41],[-167,-46],[-75,-66],[-207,-74],[15,-34],[-110,-15],[-50,-60],[-43,-12],[452,-355],[270,-318],[135,1],[190,69],[58,43],[-117,184],[1172,330],[-59,-127],[22,-125],[49,-61],[-82,-69],[-296,-137],[33,-24],[212,-36],[-239,-308],[108,-266],[-55,-69],[77,17]],[[52986,40376],[-19,-66],[-79,-84],[-680,-541],[-464,-164],[-564,-92],[-436,-150],[-313,-189],[-222,-86],[34,-19],[-288,-339],[-208,-300],[-123,-102],[-330,-81],[-11,15],[-547,-103],[9,-26],[-76,-12],[22,-107],[-569,-69],[-112,279],[72,41],[30,77],[-29,101],[41,36],[-8,69],[-72,95],[-73,13],[44,25],[-16,95],[-163,104],[-76,9],[4,47],[-120,201],[45,32],[-21,50],[-68,44],[-96,-11],[-127,29],[28,63],[-58,79],[26,30],[-6,54],[64,47],[-27,40],[-227,4],[-210,155],[-37,76],[-200,97],[-64,-34],[-155,48],[-412,-403],[-5,-249],[31,-80],[86,-73],[183,-85],[-64,-56],[160,-99],[106,-114],[43,-97],[-369,-68],[-136,-150],[-74,-141],[-2,-49],[-52,-44],[30,-50],[-32,-125],[-40,-141],[32,-124],[-114,-306],[48,-11],[-177,-161],[321,-187],[436,-331],[54,-240],[-222,-482],[70,-234],[148,-163],[38,-132],[-161,-386]],[[46437,35075],[-289,-201],[-816,-468],[-329,-114],[14,-157],[-64,-176],[-17,-282],[-62,-296],[-212,-15]],[[53796,53700],[-209,-55],[-297,-161],[-153,-122],[-207,-97],[-99,-35],[-37,55],[-250,-110],[-163,-39],[83,-237],[13,-110],[-32,-116],[-1195,176]],[[51250,52849],[78,119],[-29,108],[50,71],[15,173],[682,192],[163,61],[94,68],[182,244],[-30,143],[56,41],[33,117],[-30,163],[-180,200],[-439,374],[-30,54],[-216,85],[14,72],[145,218],[170,366],[-140,-107],[-347,240],[-101,28],[-25,62],[-509,350],[103,50],[-104,100],[20,11],[-115,98],[-264,-132],[-145,54],[-171,30],[-2,66],[-34,36],[-43,-37],[-75,-17],[-409,47],[53,213],[142,256],[32,304],[54,67],[-58,141],[-89,-5],[-219,144],[257,504],[-193,-1],[-378,218],[-76,-5],[-105,23],[-66,-59],[-181,-63],[-103,75],[-75,3],[-58,-58],[-101,-1],[-112,29],[-99,-80],[-67,-22],[-159,139],[21,181],[109,161],[-4,124],[36,154],[147,248],[-12,330],[114,209],[56,180],[19,31],[64,27],[277,44],[7,126],[54,52],[271,-4],[86,206],[16,135]],[[49277,60623],[97,66],[102,-22],[75,91],[102,2],[44,-29],[94,243],[147,117],[216,122],[57,97],[63,32],[137,-100],[343,-116],[234,-144],[230,-29],[198,53],[225,-385],[-201,-54],[11,-32],[-109,-21],[-83,-54],[-99,44],[-258,1],[-311,-83],[-28,-69],[118,17],[29,-88],[208,-14],[155,-74],[121,-12],[2,-25],[497,134],[15,-66],[171,-128],[163,-92],[118,-33],[141,-96],[184,-258],[297,-285],[22,-16],[54,20],[330,-139],[-50,-68],[135,-43],[162,-16],[105,-43],[258,50],[106,-12],[20,59],[81,-25],[111,-61],[-45,-39],[221,-154],[218,-126],[235,-91],[240,-151],[32,30],[172,-62],[76,-54],[172,-13],[-11,-241],[157,1],[-11,-185],[288,29],[95,-199],[-92,-27]],[[24779,45023],[91,28],[203,-49],[340,87],[283,13],[299,148],[397,159],[-193,133],[349,138],[419,106],[-28,90],[319,29],[27,-86],[223,9],[126,25],[74,24],[37,168],[-69,2],[-17,87],[476,8],[-5,60],[396,68],[-172,324],[143,27],[14,52],[-127,157],[186,109],[-120,82],[72,50],[-56,66],[156,112],[-48,21],[45,51],[41,169],[64,109],[38,-21],[116,102],[-76,63],[99,146],[103,95],[-81,78],[-37,434],[328,55],[-148,96],[-325,393],[58,59],[80,2],[106,41],[-10,48]],[[28975,49190],[1349,-97],[-289,-299],[-52,-311],[-69,-120],[257,-160],[374,-158],[151,93],[11,-116],[165,-239],[40,-32],[187,-38],[281,-182],[316,110],[297,-291],[126,-61],[702,-468],[-18,-75],[192,-132],[321,-396],[371,187],[188,-167],[35,-74]],[[33910,46164],[-279,-71],[-214,-89],[49,-73],[-417,-250],[62,-117],[-165,-114],[173,-106],[-102,-55],[128,-125],[-31,-14],[160,-169],[66,-234],[-262,-225],[152,10],[7,-93],[198,3],[-24,-92],[214,-55],[-33,-43],[-96,-35],[-258,-49],[-43,-61],[-77,-45],[-38,-8],[-93,30],[-61,-74],[-14,-89],[-39,-36],[-56,-15],[-82,8],[146,-162],[-40,-33],[58,-49],[-61,-45],[92,-363],[69,-148],[63,-8],[151,-339],[-416,-123],[-132,-60],[89,-96],[-324,-225],[-5,-60],[-71,-118],[-271,-156],[-136,-106],[-224,-44],[-1,-38],[217,-45],[-78,-89],[-8,-121],[-79,-41]],[[31774,41409],[-65,-48],[-102,62],[-129,-77],[-246,153],[-206,56],[-302,-19],[-167,33],[-99,44],[27,-79],[-17,-114],[-318,65],[-227,-14],[-29,46],[184,62],[-33,81],[-144,-9],[-106,-39],[-691,-300],[41,-63],[-141,-70],[48,-44],[-285,-149],[-104,-80],[32,-45],[-91,-90],[184,-155],[-211,-72],[-45,12],[-209,-57],[54,-112],[-213,-79],[-79,71],[-77,-37],[-67,-5],[98,-106],[-57,-26],[199,-201],[-96,-16],[-46,43],[-245,-106],[-37,66],[-240,-163],[-21,-37],[24,-37],[426,-315],[-73,-63],[5,-57],[-32,-57],[17,-45],[-122,-29],[-201,8],[-10,81],[-91,2],[16,118],[-75,118],[-26,33],[-68,1],[-95,98],[-268,-166],[-197,188],[-165,-75],[212,-307],[-57,-16],[9,-45],[-92,25],[-26,-9],[65,-120],[12,-112],[189,-8],[10,-60],[-157,-11],[8,-40],[34,4],[1,-46],[-116,10],[-175,-25],[-376,-148],[-48,-2],[-120,-84]],[[25934,38600],[-210,-139],[-36,28],[32,17],[-35,30],[-106,-33],[-86,54],[-150,195],[57,4],[253,108],[-170,249],[49,35],[-38,33],[313,116],[28,-29],[597,282],[-27,136],[-78,-23],[-97,0],[14,53],[-32,92],[-14,25],[-60,-15],[-117,256],[165,104],[236,61],[-277,331],[-157,-66],[-82,145],[28,9],[-88,255],[-281,-107],[-181,-30],[-11,38],[-146,-18],[-35,218],[-21,-4],[-35,50],[-34,-2],[-93,68],[-106,192],[16,100],[76,144],[-37,218],[-297,143]],[[24661,41923],[-289,247],[295,79],[-134,106],[234,188],[-381,103],[-25,-17],[-99,117],[274,56],[-22,45],[101,30],[-47,159],[-293,418],[-94,-55],[-32,9],[-172,-232],[-416,107],[-324,-54],[227,116],[360,348],[219,119],[126,33],[219,124],[223,229],[126,87],[-83,96],[18,48],[83,129],[103,-2],[57,125],[227,-96],[180,-114],[121,-116],[50,-16],[45,31],[-331,261],[-382,133],[-231,238],[185,21]],[[38310,51466],[54,-85],[48,-178],[-49,-181]],[[34948,46143],[-110,3],[-223,-34],[-137,6],[-276,70],[-155,13],[-137,-37]],[[28975,49190],[-4,43],[38,26],[282,33],[52,-11],[13,238]],[[29356,49519],[-22,117],[72,56],[443,140],[176,-69],[224,-37],[199,-8],[113,-60],[304,-1],[101,34],[289,-35],[56,153],[-22,201],[181,212]],[[51561,51555],[87,-106],[189,59],[154,-100],[43,-69],[163,-310],[-42,-161],[91,-95],[-80,-129],[20,-97],[-24,-8],[44,-78],[103,-49],[108,42],[16,-30],[355,125],[569,232],[195,102],[138,121],[189,-78],[341,44],[230,-89],[290,-72],[503,-51],[431,137],[433,96],[460,59],[454,-103],[-181,-580],[80,-42],[215,-221],[131,-250],[71,-291],[-89,-239],[37,-96],[-34,-91],[-99,-3],[-191,-346],[208,-285],[144,38],[84,0],[-27,-70],[-150,-102],[59,-81],[294,100],[219,-167],[185,-60]],[[57977,48161],[75,-270],[-633,4],[-15,97],[-218,-33],[-225,-96],[-118,-370],[-115,-176],[-8,-166],[-38,-113],[-395,-490],[-18,-207],[116,-96],[165,-82],[-171,-268],[-312,64],[-93,77],[-113,-28],[-115,93],[35,63],[-740,-332],[96,-62],[-13,-10],[-233,23],[-41,-43],[-84,-344],[-29,19],[2,138],[-51,-1],[-81,106],[-111,-18],[-123,19],[-89,-27],[-38,-39],[-29,-135],[-47,-65],[-44,8],[-60,-71],[-37,2],[-25,58],[-118,96],[-164,-61],[-130,-90],[-99,15],[-258,-732],[19,0],[-45,-59],[-97,-27],[237,-166],[-89,-69]],[[53260,44297],[-172,-121],[-125,-55],[-380,-105],[-197,-35]],[[46751,46729],[-69,47],[-294,88],[197,163],[353,144],[205,136],[128,147],[45,96],[94,87],[18,80],[-22,59],[149,94],[180,60],[54,46],[211,65],[77,132],[-100,48],[-106,-54],[-151,67],[-193,125],[-167,163],[-104,204],[-67,291],[-9,194],[-194,118]],[[41778,28541],[48,7],[126,87],[250,-93],[209,-18],[304,-225],[182,-382],[282,-316],[39,-231],[-46,-176],[-80,-117]],[[43092,27077],[-60,-85],[-85,-223],[-1,-246],[-38,-155],[-186,-269],[-168,-183],[-135,-259],[-126,-106],[-59,-93],[-200,-164],[-90,-215],[18,-184],[154,-260],[283,-200],[834,171],[385,9],[519,-60],[154,-37],[97,-36],[-99,-97],[198,-144],[196,-87],[-223,-125],[-17,-167],[379,183],[116,27],[123,-15],[184,-60],[467,-4],[248,31],[314,92],[7,-50],[-88,-116],[-5,-24],[-133,-39],[16,-29],[-92,-21],[30,-60],[-98,-16],[25,-37],[-409,-319],[36,-13],[-50,-160],[-67,25],[-158,-262],[-97,-225],[-227,44],[-199,-298],[-124,2],[-167,-235],[19,-8],[-101,-211],[-109,-137],[-332,-267],[-362,-195]],[[43589,21465],[-394,298],[-71,-42],[-70,62],[274,163],[-272,295],[-154,-86],[-49,43],[-44,-25],[-233,179],[-215,-86],[-401,178],[-39,-60],[-636,130],[-90,35],[-9,-22],[-177,-12],[112,267],[44,446],[-453,-27],[-644,-84],[18,302],[-214,10],[5,61],[-76,21],[1,189],[-136,-9],[-1,32],[40,0],[78,264],[-251,103],[80,127],[-351,138],[-229,145],[-25,86]],[[39007,24586],[78,39],[169,177],[-40,103],[2,152],[-51,46],[1,33],[-166,123],[55,114],[-20,89],[164,124],[82,149],[115,86],[22,72],[-46,86],[-205,146],[-14,68],[-61,47],[-2,35],[128,32],[7,54],[52,48],[49,11],[41,66],[190,81],[11,30],[78,8],[50,40],[209,49],[32,32],[7,84],[89,1],[98,57],[-44,112],[-52,47],[41,66],[-9,51],[71,44],[308,103],[48,38],[40,228],[75,101],[11,104],[32,22],[109,3],[99,147]],[[7242,46634],[64,90],[291,177],[160,40],[196,-208],[98,36],[410,121],[57,-48],[123,70],[-75,82],[48,182],[-75,114],[227,179],[-7,155],[111,175],[-98,6],[-20,62],[43,16],[-98,123],[-35,4],[29,127],[102,2],[19,48],[-22,48],[170,68],[141,18],[-215,114],[-123,40],[390,250],[66,-9],[-34,41],[71,185],[-110,39],[30,8],[-19,172],[82,18],[143,239],[119,12],[107,142],[-127,64],[14,25],[-231,188],[26,180],[284,-34],[164,31],[292,252],[76,114],[195,-85],[250,246],[316,-91],[-289,-256],[-18,-31],[26,-11],[91,83],[172,-87],[192,185],[158,-76],[77,57],[372,-343],[-211,-92],[14,-13],[434,118],[362,50],[68,-53],[-100,-147],[201,-52]],[[12416,49794],[-81,-233],[-151,-219],[250,-272],[123,-214],[-250,-61],[74,-191],[44,9],[25,-88],[-138,-15],[-64,-138],[-136,68],[-85,-119],[16,-86],[-35,-81],[-66,22],[-158,-104],[-124,-50],[-44,-34],[-26,-90],[-90,-91],[-6,-45],[166,-404],[107,-74],[52,-70],[6,-95],[50,-60],[-39,-20],[234,-113],[-89,-109],[-36,-128],[32,-4],[-8,-48],[-69,10],[-18,-211],[56,-19],[-89,-1],[-68,-145],[22,-27],[-3,-186],[160,-124],[-119,-57],[90,-31],[200,-28],[519,-3],[-1,-13],[61,-51],[57,-150],[155,-201],[90,-190],[33,8],[-17,44],[206,52],[19,-46],[184,49],[482,-160],[317,-169],[142,-43],[561,-182],[148,-72],[105,-96],[346,-173],[-41,-22],[91,-236],[544,-51],[37,-168],[-88,-16],[20,-139],[265,64],[82,-176],[-112,-34],[62,-113],[-363,-19],[186,-131],[232,20],[89,-122],[-76,-27],[24,-44],[245,48],[100,-5],[12,-55],[44,-8],[-25,-68],[72,-124],[-215,-81],[-101,8],[19,-97],[185,2],[34,-54],[-317,-18],[0,-37],[-288,-15],[22,-85],[-158,-14],[33,-68],[-119,-53],[-59,-90],[269,-249],[39,-97],[166,-216],[82,-229],[122,73],[242,-283],[16,-81],[-178,-61]],[[16732,41251],[-221,-104],[-127,95],[-198,-81],[55,-62],[-166,-79],[-144,183],[-50,-38],[-20,146],[-202,-52],[-207,-134],[-89,-21],[-120,2],[-11,-23],[-110,-22],[-102,10],[-152,-32],[-291,-119],[-143,-73],[3,-170],[-54,-70],[-80,-13],[-215,23],[-365,-49],[-225,69],[-168,2],[-72,-270],[-452,-48],[-70,284],[-122,-3],[-47,-32],[-53,11],[-29,-27],[-86,-32],[-26,11],[-174,-78],[-91,-8],[-65,19]],[[12043,40466],[121,229],[-67,102],[-131,127],[-29,81],[-24,36],[-50,21],[-150,64],[-74,12],[-193,-41],[-274,-59],[-66,-18],[-11,2],[-1,0],[-114,19],[-139,140],[-183,105],[6,33],[-5,260],[-85,37],[-244,38],[2,31],[-25,109],[-30,132],[-100,278],[-63,429],[-33,143],[-584,416],[-198,8],[-26,0],[-104,230],[1,91],[-2,6],[-54,98],[-67,415],[-24,59],[-207,277],[-71,82],[-74,112],[-94,127],[-36,21],[-6,4],[-65,27],[-387,129],[-61,42],[-33,133],[-11,31],[-31,132],[-60,238],[-126,126],[-101,82],[-247,163],[-28,51],[-296,272],[-19,18],[-38,96],[18,73],[192,299]],[[45958,27000],[-380,616],[192,141],[205,306],[194,234],[169,101]],[[46338,28398],[152,31],[256,174],[607,135],[121,43],[-21,-159],[236,46],[8,146],[277,30],[302,92],[-109,148],[50,22],[81,-46],[51,-91],[404,46],[-140,172],[443,153],[-102,113],[86,58],[-13,298],[53,42],[67,-4],[261,143],[123,-32],[45,35],[28,69],[38,78],[580,-113],[595,-70],[-34,-133],[325,-47],[-31,-117],[177,-30],[91,4],[21,193],[147,-11],[242,32],[1022,239],[418,59],[77,-694],[40,-142],[-10,-379],[269,43],[413,145],[5,-13],[-71,-209],[-83,-110],[-195,-168],[-67,-108],[-89,-46],[-49,-143],[-47,-33],[-19,-104],[-47,-16]],[[53322,28169],[-310,-136],[87,-65],[14,-153],[-446,-199],[-149,-39],[-392,26],[-868,-203],[47,55],[-178,-28],[-200,96],[-111,100],[-132,-50],[-20,34],[-620,-96],[-26,38],[-587,-148],[-3,25],[-1031,-172],[-177,-4],[-85,36],[-120,176],[-83,67],[-164,-13],[-297,36],[-659,-192],[-147,-134],[12,-25],[-124,-117],[-595,-84]],[[31060,55122],[-126,-74],[-132,38],[-129,93],[-97,148],[-207,88],[76,10],[32,34],[-19,85],[-50,93],[-136,101],[-63,176],[78,11],[-22,88],[-64,85],[-109,78],[17,29],[-69,-27],[-225,-28],[-275,-64],[-120,12],[-202,61],[-110,66],[-36,147],[-81,92],[-137,282],[15,18],[-120,159],[-14,58],[-44,-80],[-118,22],[-11,-68],[-121,6],[-90,29],[-51,41],[-177,1],[-3,29],[-126,10],[-55,-23],[-88,28],[-44,49],[17,32],[-220,159],[-96,33],[-514,77],[-153,100],[-223,84],[-248,23],[-433,-63],[-445,45],[-147,-42],[-86,11],[-340,-363],[-176,-104],[-67,37],[-56,-37],[-71,-143],[-41,13],[-54,-103],[-156,-100],[-96,-127],[-207,-490],[-168,-117],[-21,15],[10,12],[-421,308],[-286,72],[-185,-92],[-53,-136],[-294,-115],[-164,-109],[-44,17],[-292,255],[-49,27],[-42,-29],[-42,20],[-64,59],[-18,71],[43,99],[292,204],[157,57],[134,78],[109,-63],[315,14],[341,-50],[36,29],[-59,111],[47,109],[-115,77],[-59,81],[-179,-13],[-119,-31],[-92,18],[7,97],[-90,327],[35,65],[-27,29],[84,-20],[73,42],[-332,35],[-150,285],[-6,81],[108,-21],[-1,24],[-121,32],[-89,59],[25,16],[-223,181],[31,45],[-168,86],[-52,196],[-86,159],[-138,16],[-96,-60],[-34,71],[19,74],[-27,54],[25,15],[53,-23],[4,19],[-43,61],[-107,73],[-161,54],[-37,32],[-24,292],[-183,186],[-55,137],[-180,52],[-113,107],[-44,21],[-91,-96],[-210,-135],[-12,-15],[119,-101],[-258,-232],[-144,57],[-50,-49],[-185,-332],[-10,-67],[41,-109],[-20,-64],[-71,-74],[297,-109],[99,-59],[-196,-181],[123,-66],[-178,-195],[294,29],[61,-14],[62,-45],[18,-64],[93,-99],[-417,-244],[50,-43],[-150,-104],[17,-12],[-153,-67],[-8,-27],[-318,10],[-86,45],[-36,-21],[-96,-107],[-43,-88],[75,-243],[-175,-124],[-121,-43],[-118,-9],[-320,-191],[-95,-35],[-118,10],[-18,-14],[-178,99],[-103,97],[79,145],[-122,179],[-31,278]],[[17887,57415],[-54,251],[133,87],[-57,76],[62,-2],[199,112],[-406,278],[-227,318],[-111,-80],[17,-15],[-148,-88],[-11,-100],[34,-59],[-219,-4],[-43,149],[121,71],[-110,156],[-104,265],[231,63],[-17,30],[-326,-90],[-123,171],[-39,-9],[105,-161],[-112,45],[-199,39],[-187,129],[-77,161],[-202,290],[236,164],[228,251],[-461,-135],[-41,2],[-75,13],[-91,65],[-225,87],[-360,39]],[[15228,59984],[-105,63],[-172,166],[-187,137],[-199,92],[-162,29],[-253,8],[-149,44],[-41,30],[10,60],[207,14],[130,35],[153,133],[18,129],[-54,86],[-161,151],[-432,251],[-55,120],[43,100],[326,114],[174,-3],[540,-277],[67,-18],[83,58],[80,101],[33,114],[-24,192],[-246,162],[-167,149],[-44,73],[-9,70],[47,110],[66,54],[71,25]],[[14816,62556],[333,-9],[74,-25],[74,-71],[212,-377],[321,-206],[41,-54],[31,-97],[-19,-103],[-254,-182],[-55,-118],[43,-86],[72,-37],[201,-18],[193,24],[168,73],[47,87],[93,348],[32,69],[80,66],[118,41],[337,25],[366,-47],[202,-56],[352,-3],[134,48],[187,122],[54,112],[1,80],[58,85],[121,54],[240,43],[250,211],[49,91],[-31,50],[11,39],[131,163],[177,134],[244,90],[479,-43],[70,17],[126,57],[110,208],[55,46],[116,20],[119,-27],[90,-46],[82,-87],[184,-277],[129,-148],[55,-135],[-2,-58],[81,-92],[64,-25],[79,6],[63,31],[390,295],[111,183],[196,9],[53,-15],[59,-50],[6,-105],[-68,-168],[66,6],[190,-321],[290,-293],[145,-89],[199,31],[52,53],[26,170],[-57,182],[-173,348],[-4,101],[38,135],[76,80],[276,80],[150,-23],[130,-88],[121,-127],[284,129],[-30,74],[-238,233],[70,184],[130,55],[133,-13],[89,184],[27,-75],[-31,-122],[12,-78],[122,-116],[-13,-54],[39,-91],[76,-65],[120,-46],[25,-6],[22,39],[174,-27],[-39,130],[41,204],[143,159],[69,19],[117,-24],[-23,-67],[91,-69],[34,22],[299,32],[61,-16],[70,-57],[34,-115],[73,-42],[22,-44],[-27,-68],[31,-38],[-6,-82],[-52,-79],[61,-209],[189,85],[301,77],[8,-60],[43,22],[34,-11],[420,35],[122,-19],[-4,22],[136,4]],[[75889,12301],[132,248],[260,199],[122,127],[-42,302],[-54,208],[60,33],[-106,117],[107,110],[240,213],[123,157],[202,193],[165,254],[64,40],[99,-147],[667,310]],[[77928,14665],[131,-22],[319,89],[142,19],[-72,-144],[74,-21],[101,192],[243,54],[199,267],[50,25],[225,69],[398,38],[177,47],[122,58],[136,4],[111,71],[133,48]],[[80417,15459],[704,-430],[94,-115],[27,-178],[-97,-352],[-340,-511],[-161,-147],[-510,-364],[-372,-269],[-446,-499],[-605,-382],[-152,-123]],[[44573,32314],[410,-80],[636,197],[329,159],[484,222],[18,57],[123,-15],[32,72],[89,-25],[24,48],[207,43],[594,70],[24,70],[226,-66],[155,46],[151,117],[99,-17],[27,26],[76,-142],[-14,-78],[165,-64],[73,141],[282,-35],[121,60],[161,143],[5,-90],[214,-14],[-21,-98],[274,-7],[7,-56],[127,7],[8,-55],[293,-20],[-6,-12],[185,-33],[61,12],[1,20],[89,-38],[-9,-40],[-124,-76],[-96,-10],[-28,-60],[42,-54],[-102,-47],[-79,-69],[310,-64],[-86,-126],[148,-15],[-132,-84],[-46,-250],[516,-52],[20,95],[429,-79],[113,69],[208,-186],[458,-59],[708,94],[291,-6],[19,56],[547,-24],[450,342],[634,165]],[[54493,32399],[34,9],[493,-66],[216,157],[93,1],[-11,21],[372,-20],[166,-24],[-114,-245],[124,-45],[-33,-106],[81,6],[90,97],[845,15],[352,-34],[397,-207],[614,278],[-66,125],[-174,95],[-53,209],[236,50],[777,-22],[967,129],[136,-85],[173,-247],[-35,-122],[69,-96],[7,-9]],[[60249,32263],[-77,-129],[-213,-133],[0,-137],[-120,-126],[-88,-40],[-231,-22],[-97,-37],[-168,-150],[-151,-40],[-55,-44],[-130,-35],[-86,-54],[-78,-140],[-30,-164],[-105,-109],[-298,-221],[-122,-152],[-87,-208],[-80,-117],[-297,-141],[-414,-299],[-314,-140],[-253,-48],[-180,-79],[-363,-45],[-123,-45],[-101,-117],[11,-129],[-98,-99],[-390,-173],[-209,-133],[-206,-73],[-26,-16],[18,-24],[-152,-489],[-509,-349],[-357,-292],[-130,-326],[28,-185],[65,-104],[-28,-78]],[[54005,26821],[-197,-130],[-135,-230],[-1130,-138],[-95,127],[-30,-44],[-289,-66],[-49,35],[-141,22],[212,73],[149,142],[484,275],[42,53],[150,54],[86,61],[-22,33],[173,67],[-41,30],[6,20],[142,147],[-41,67],[153,169],[63,319],[-173,262]],[[46338,28398],[-223,475],[-440,388],[-154,191],[-51,124],[-214,173],[-209,209],[519,79],[51,50],[-262,57],[-216,122],[-54,65],[-318,110],[-375,293],[-399,20],[-420,113],[62,138]],[[66550,40337],[1041,-18],[210,23],[215,-106],[352,-84],[351,-50],[216,-102],[201,-134],[113,17],[242,37],[13,-66],[30,-14],[76,-38],[239,-63],[-59,-44],[615,-98],[88,-74],[271,59],[194,-334],[286,114],[125,15],[-2,71],[116,5],[-87,-280],[154,38],[21,-65],[302,33],[11,-65],[103,11],[139,-89],[50,-88],[442,73],[409,119],[10,-19],[369,-17],[330,17],[4,-43],[349,15],[1,-15],[242,8],[2,-34],[241,15],[20,-245],[498,-13],[-15,-84]],[[75078,38725],[-7,-39],[-83,3],[-56,33],[-534,-36],[-110,-77],[-373,-61],[-192,8],[-144,-17],[41,-122],[0,-232],[78,-108],[-152,-105],[-310,-322],[63,-114],[-228,-153],[-284,25],[22,-36],[199,-290],[251,78],[219,-336],[36,-254],[263,-348],[107,-48],[12,-110],[-30,-31],[-314,-81],[481,-503],[-371,-119],[28,-78],[-52,-60],[-159,-83],[-103,-12],[-63,-78],[-397,-173],[-388,-100],[-151,-17],[-199,15],[-263,-12]],[[68188,31303],[-481,-258],[25,-57],[-238,-72],[-152,260],[17,21],[-166,107],[-165,-245],[-117,251],[-49,417],[-181,152],[-177,222],[-89,49],[4,37],[-212,-41],[-130,48],[-43,40],[-103,28],[-152,112],[-155,70],[-84,-92],[-105,-46],[-64,36],[-282,-91],[-32,35],[-32,1],[-82,-60],[-338,-10],[-23,80],[-70,76],[-163,-65],[-265,-46],[-524,-134],[8,30],[-468,-109],[-254,46],[-148,207],[-184,-16],[-133,-37],[-305,40],[-363,14],[-146,-30],[-124,-218],[-91,12],[32,119],[-108,19],[47,142],[-1055,-107],[-19,23]],[[54493,32399],[-256,131],[126,72],[354,109],[376,162],[238,16],[183,-44],[94,95],[148,88],[96,-76],[133,85],[43,77],[-23,75],[234,184],[-311,234],[-172,182],[244,139],[137,13],[60,14],[66,59],[62,19],[121,106],[51,3],[-3,49],[40,66],[-187,260],[140,111],[106,355],[189,169],[-138,139],[-26,114],[11,56],[98,119],[-1,117],[35,117],[-20,50],[-14,201],[-36,86],[-203,143]],[[56488,36294],[573,308],[817,389],[361,23],[374,135],[160,21],[-61,122],[-85,96],[5,88],[315,73],[-32,71],[258,147],[-72,149],[346,188],[265,56],[194,15],[194,57],[52,75],[-10,73],[283,184],[151,135],[175,75],[166,142],[81,122],[12,82],[72,-5],[71,152],[69,151],[61,242],[286,404],[64,456],[56,111],[-39,53],[183,246],[23,146]],[[15228,59984],[-273,-124],[53,-78],[32,-10],[-137,-33],[107,-290],[-176,-36],[54,-9],[48,-124],[-388,-144],[-306,-29],[-34,123],[-207,-15],[-124,19],[-379,123],[-199,100],[-180,-136],[-141,-74],[141,-123],[115,-243],[-65,-22],[-2,-175],[344,-61],[86,-51],[284,-319],[25,-110],[-22,-67],[-115,-119],[-132,-47],[-78,18],[-205,141],[-142,-2],[-109,-27],[-135,-93],[-21,-97],[-154,-275],[-78,-70],[-186,-3],[-56,-17],[-89,-69],[-248,-7],[-78,-22],[-288,-218],[-339,-135],[-293,-87],[-385,154],[-93,19],[-1010,132],[-185,-2],[-389,-71],[-35,-126],[-100,-41],[-54,-72],[-30,-78],[-8,-183],[-157,-105],[-153,-22],[-152,34],[-71,81],[149,273],[205,125],[197,246],[26,124],[-65,80],[-143,40],[-217,4],[-243,-157],[-78,-16],[-4,72],[39,81],[-100,77],[-170,50],[-369,54],[-53,34],[2,125],[50,171],[161,290],[32,104],[-51,195],[-114,174],[-46,33],[-137,47],[-79,-5],[-76,-42],[-161,-149],[-19,-43],[39,-135],[-12,-109],[43,-211],[-69,-61],[-357,-192],[-121,-30],[-106,6],[-279,101],[-262,154],[-35,43]],[[5893,58220],[25,14],[7,4],[5,11],[81,193],[8,23],[-13,91],[-4,29],[-18,51],[-58,56],[-230,90],[-33,44],[-66,13],[-30,46],[-34,17],[-105,52],[-21,78],[-35,-5],[-46,58],[35,100],[-18,82],[30,6],[-63,57],[-274,54],[-234,18],[-187,44],[-85,58],[-72,142],[-30,44],[-3,4],[-46,42],[3,22],[-4,7],[-45,0],[-24,-16],[-169,0],[-160,45],[-97,93],[-101,36],[-82,-26],[-24,24],[-197,2],[-401,140],[-358,26],[-15,24],[-37,3],[-20,20],[-20,0],[-101,106],[6,6],[-3,4],[-24,23],[-175,64],[-130,20],[-22,1],[-7,-20],[-131,-3],[-190,31],[-41,15],[-281,104],[-50,47],[17,11],[-104,82],[-3,33],[-32,7],[7,32],[-19,29],[-3,3],[-149,12],[-297,111],[-87,6],[-168,1],[-132,-19],[-135,103],[-273,124],[-101,31],[8,11],[-2,1],[21,25],[97,134],[-47,94],[-22,27],[45,54],[139,209],[164,103],[82,26],[33,15],[82,40],[3,25],[5,51],[-5,43],[-90,109],[13,27],[313,109],[40,8],[216,77],[40,28],[118,49],[87,12],[35,12],[-62,177],[-11,16],[15,8],[41,57],[-2,3],[5,1],[3,5],[197,149],[-3,2],[9,5],[618,341],[1066,372],[267,94],[41,49]],[[3559,63668],[110,-19],[230,54],[335,203],[336,92],[-1,82],[102,29],[81,51],[266,-167],[581,0],[34,-68],[115,36],[310,-5],[561,83],[507,-62],[450,109],[218,98],[253,80],[88,-20],[-78,-126],[137,17],[173,52],[152,6],[127,-20],[33,-40],[196,-60],[225,53],[124,-24],[49,40],[38,-13],[-13,-26],[47,-14],[15,13],[-14,-44],[213,14],[18,30],[-66,5],[164,39],[26,-26],[139,-251],[-197,-68],[50,-60],[20,12],[27,-161],[127,112],[226,62],[14,-23],[178,27],[-167,-296],[245,-11],[52,93],[7,143],[56,10],[171,-46],[-15,-26],[181,75],[121,10],[214,-61],[0,-131],[-52,-95],[70,-4],[-71,-49],[136,-204],[221,26],[488,149],[287,-31],[346,17],[-16,-164],[-112,-156],[57,-15],[148,-114],[89,-25],[192,6],[132,-74],[161,-42],[-5,-15],[223,19],[-15,17],[319,100],[170,-30],[382,13],[114,-39],[25,-94],[98,-25],[63,-58],[208,-66],[8,-21]],[[43589,21465],[5,-16],[-148,-68],[26,-88],[26,-10],[-63,18],[-11,-11],[-7,-152],[-67,21],[-142,-36],[-126,19],[28,-223],[-176,-14],[-17,56],[-292,-114],[118,-141],[-22,-253],[43,-100],[-20,-59],[146,-14],[135,-188],[-144,-127],[-239,-153],[-144,-156],[-281,-223],[-152,-82],[-115,-32]],[[41950,19319],[-637,-180],[-548,-114],[-332,-19],[-676,-132],[-319,-95],[-340,-138]],[[39098,18641],[-279,3],[-326,-80],[-240,-5],[102,85],[45,78],[-37,114],[-130,58],[-310,-85],[21,-27],[-404,-9],[-234,-29],[43,-202],[127,-219],[-528,-86],[-10,37],[-153,-48],[-87,250],[-89,141],[-161,-55],[-88,75],[-89,-90],[-171,-92],[-38,-47],[-100,64],[-145,-16],[-765,-248]],[[35052,18208],[15,156],[-503,-73],[-49,72],[-238,-15],[-5,83],[-55,-10],[-160,152],[156,143],[185,60],[-28,87],[-443,-111],[-165,-65],[-88,91],[76,89],[-27,89],[475,120],[9,221],[298,169],[113,95],[-11,46],[-146,48],[90,56],[-181,-22],[-729,74],[-447,140],[6,30],[-161,24],[32,99],[-6,203],[62,48],[78,232],[151,111],[482,274],[116,100],[174,211],[112,49]],[[34240,21284],[77,6],[115,394],[61,45],[142,36],[195,173],[3,140],[83,172],[98,-69],[413,-146],[291,-2],[273,-31],[296,27],[550,93],[341,-10],[74,101],[212,191],[-102,31],[25,59],[50,-10],[22,114],[-14,110],[137,18],[-73,140],[-2,88],[68,294],[26,4],[73,192],[107,161],[2,177],[147,121],[46,49],[143,71],[103,28],[90,-24],[69,31],[76,102],[-31,34],[44,71],[84,40],[43,97],[222,104],[74,66],[114,14]],[[21702,74540],[75,-68],[-53,-52],[10,-69],[206,-200],[60,-19],[110,-110],[99,3],[197,64],[226,-21],[110,38],[107,-322],[-185,-56],[-87,-5],[-160,67],[-43,-1],[-92,-99],[64,-43],[-68,-122],[-82,-55],[64,-124],[104,-14],[-10,-36],[204,-6],[45,-170],[256,29],[4,-49],[169,3],[24,-124],[155,-266],[-79,-22],[0,-17],[47,-147],[29,10],[8,-17],[20,-111],[-132,-26],[35,-134],[117,-31],[77,-104],[192,-48],[-66,-75],[-295,30],[-26,62],[-169,-53],[16,-26],[-42,-6],[32,-53],[-19,-1],[19,-101],[-39,-94],[-302,-89],[-387,-57],[366,-278],[-105,-27],[-144,13],[-262,-75],[-33,37],[-63,-25],[-14,15],[-165,-53],[-182,-12],[-63,-30],[-51,9],[-215,-121],[7,-19],[-252,-92],[-199,-115],[-31,-51],[-113,-7],[-52,-71],[-19,-152],[119,-84],[-166,-40],[-58,-29],[-20,-53],[-179,-47],[-59,-139],[84,7],[72,-174],[-150,-85],[-103,-110],[-152,-105],[-180,118],[-276,-146],[-136,-37],[-339,-161],[-35,-45],[-102,-51],[0,-63],[-132,-155],[-59,-111],[-426,-137],[55,-148],[-532,-239],[46,-223]],[[17929,68292],[-116,-50],[-62,-71],[-139,-83],[-74,122],[-273,-45],[-11,36],[-55,-34],[-55,92],[-120,48],[-105,11],[-166,-71],[-96,-5],[-234,-118],[76,-93],[28,-96],[117,10],[42,22],[30,-30],[-77,-38],[31,-43],[-24,-44],[-181,-63],[28,-85],[-26,-173],[27,-211],[156,-372],[-75,-33],[-135,1],[-70,22],[-100,-16],[-210,-105],[-244,-38],[-76,-69],[-56,78],[-159,-10],[-22,27],[-163,-38],[-74,15],[-271,-202],[-119,-59],[-133,15],[-60,52],[-10,64],[-238,-50],[-377,-123],[-326,-39],[-9,71],[-218,9],[-186,145],[-74,95],[-35,172],[-38,33],[-317,102],[-143,-2],[-166,44],[-49,-33],[-22,18],[-94,-21],[-33,35],[33,53],[-98,53],[-66,-1],[-23,42],[13,60],[-65,69],[51,83],[50,10],[-30,58],[35,43],[80,32],[6,22],[101,18],[48,39],[-22,78],[50,51],[-24,21],[45,32],[8,53],[125,50],[36,55],[77,-5],[2,62],[54,35],[94,19],[119,56],[-85,74],[-13,150],[66,58],[-18,20],[-46,-15],[-34,41],[21,19],[-37,-3],[-44,42],[-176,20],[-501,218],[-145,45],[-89,4],[-629,-114],[-237,-116],[-93,-23],[-104,-19],[-239,0],[-424,-163],[-172,223],[-331,-96],[-296,318],[294,119],[-105,113],[131,100],[-11,137],[-257,219],[-247,-71],[-198,145],[-49,143],[69,242],[90,97],[237,106],[-19,21]],[[9356,70210],[54,34],[-2,2],[-21,20],[13,26],[-40,15],[55,52],[41,123],[-37,19],[-124,227],[46,50],[104,252],[-47,110],[237,199],[104,60],[256,-6],[27,-16],[99,-2],[81,25],[234,-35],[133,-4],[74,101],[20,46],[-11,21],[-18,35],[469,201],[65,-2],[420,109],[152,-14],[44,0],[127,-2],[48,21],[216,168],[126,161],[49,-25],[425,330],[24,23],[98,200],[22,-8],[9,15],[72,116],[48,105],[-89,40],[18,227],[-17,52],[46,237],[2,3],[-11,41],[23,55],[110,73]],[[57358,21369],[-49,14],[-117,-34],[-84,18],[3,33],[-204,82],[-74,117],[2,84],[-73,72],[-163,27],[-65,40],[-82,8],[-259,-88],[-81,-68],[-84,-13],[-276,-8],[-181,76],[-293,12],[-306,-112],[-221,3],[-242,-109],[-18,-39],[-84,-32],[-86,1],[-39,-55],[-115,-80],[-263,-151],[-107,-17],[20,-40],[-370,-215],[-411,-388],[-544,-466],[76,-191],[-29,-24],[-336,-207],[-232,-18],[178,-127],[-133,-67],[-362,-230],[-186,147],[-334,-181],[-51,73],[-367,-137],[-254,-172],[-99,-95],[-24,-67],[-17,-228],[-110,-23],[-123,-188],[-141,68],[-312,-471],[-168,116],[-225,256],[-309,-163],[-98,-90],[-80,-256],[-46,-73],[-156,-201],[-198,-151],[-53,-148],[369,34],[83,-172],[286,-334],[-170,-95],[-386,-99],[-133,-92],[-594,-73],[240,-267],[42,-154],[194,47],[-140,-155],[-235,-262],[-78,-169],[-244,-6]],[[46032,15903],[-12,52],[-256,185],[281,248],[222,121],[87,102],[1,30],[-194,111],[-299,84],[-86,-20],[-45,-32],[-146,36],[-138,165],[-241,322],[8,18],[-159,54],[17,243],[-77,158],[-301,-74],[-17,-23],[-531,-164],[-231,-49],[-209,118],[-86,-1],[-181,78],[-218,-39],[-46,116],[25,119],[-53,107],[-73,71],[42,63],[-53,62],[116,390],[59,35],[28,-12],[-59,118],[-292,199],[-93,78],[67,31],[-71,252],[-230,6],[-17,51],[-58,-59],[-104,-3],[-247,-221],[-49,152],[-89,-20],[-74,158]],[[43092,27077],[172,-51],[313,1],[1158,-63],[1223,36]],[[54005,26821],[34,-17],[-159,-153],[-129,-264],[42,-65],[106,-81],[-231,-21],[-248,-59],[-286,-31],[-178,-53],[-302,-38],[-164,-76],[-544,-174],[-365,-166],[-319,-299],[18,-24],[-98,-62],[-2,-35],[55,24],[185,90],[119,84],[35,-11],[131,108],[533,209],[181,25],[321,128],[272,25],[140,40],[78,7],[69,-32],[93,-3],[190,35],[203,-17],[222,63],[182,-41],[114,-60],[192,-44],[209,27],[239,-20],[156,-61],[297,-8],[249,-45],[124,10],[36,-29],[129,-68],[270,31],[-7,-83],[29,-34],[-96,-73],[357,-294],[43,-93],[82,39],[27,-25],[-354,-178],[-32,-42],[23,-49],[-123,-38],[30,-86],[-171,-72],[-2,-77],[70,-107],[-272,-189],[42,-58],[-78,-57],[34,-64],[-113,-48],[-33,-37],[100,-81],[173,-58],[24,101],[296,67],[89,-62],[699,209]],[[29405,13555],[0,0],[-104,426],[49,128],[315,84],[161,1],[254,36],[216,-14],[113,-39],[206,5],[326,-127],[204,-132],[239,-288],[164,-158],[27,9],[97,-118],[114,-28],[137,43],[105,1],[10,-36],[101,-27],[88,-83],[97,-27],[168,-180],[131,43],[26,-40],[226,47],[30,-146],[234,14],[253,-54],[59,-41],[394,-279],[179,70],[114,-278],[54,10],[36,-95],[193,-19],[131,-57],[-60,-65],[230,-131],[161,15],[10,-63],[494,113],[12,-32],[375,-19],[218,76],[114,-67],[92,138],[447,276],[-19,14],[290,196],[-39,50],[672,200],[14,32],[68,11],[-14,29],[67,22],[-29,76],[254,108],[-12,79],[234,75],[326,141],[-66,116],[666,298],[71,293],[51,58]],[[39179,14245],[62,47],[190,-119],[50,-108],[157,-148],[117,-175],[211,43],[522,153],[365,191],[81,-394],[-7,-147]],[[44250,66179],[-48,100],[39,26],[33,98],[-37,86],[-1,94],[103,29],[-26,78],[28,10],[10,41],[587,284],[4,135],[-134,121],[-53,6],[-5,29],[-59,24],[-154,180],[76,86],[-11,47],[54,3],[-2,56],[36,8],[-44,32],[40,-3],[51,68],[102,59],[-33,32],[-3,120],[-62,122],[92,66],[192,56],[94,79],[-127,145],[-39,87],[-85,82],[-19,62],[33,80],[-3,97],[24,33],[94,44],[31,60],[-30,40],[18,16],[-23,40],[23,15],[-62,98],[31,65],[41,-9],[292,105],[56,55],[27,92],[91,127],[76,16],[31,66],[34,3],[-3,-19],[34,22],[42,72],[-41,182],[26,113],[84,130],[198,105],[-18,32],[-129,116],[-59,11],[-16,31],[-68,20],[20,23],[-110,71],[-12,100],[81,120],[11,161],[38,85],[134,173],[-22,126],[17,80],[219,172],[45,88],[25,91],[-30,157],[24,62],[64,54],[10,82],[-109,41],[-311,15],[-204,39],[-121,70],[-124,125],[93,114],[184,372],[22,183],[-75,248],[126,-2],[136,-258],[51,-221],[-42,-186],[310,35],[30,-71],[61,-16],[3,-49],[45,-13],[95,42],[208,10],[195,102],[108,23],[55,-47],[108,-37],[383,-15],[-9,10],[95,9],[177,-8],[248,-127],[236,-263],[115,-371],[-182,-82],[-9,12],[-62,-20],[121,-184],[35,-97],[479,-352],[293,21],[95,-38],[155,-1],[92,-35],[60,-2],[408,78],[88,71],[30,110],[63,26],[284,74],[87,44],[149,0],[307,-45],[193,23],[392,150],[146,123],[170,89],[390,152],[186,49],[543,166],[173,-88],[106,-19],[253,0],[317,-132],[507,-103]],[[54155,71974],[-31,-55],[-36,-64],[0,-2],[-4,-6],[-51,-90],[-28,-78],[-42,-118],[-5,-49],[-3,-119],[12,-151],[11,-120],[78,-126],[99,-69],[115,-125],[64,-170],[62,-144],[76,-128],[60,-98],[68,-98],[100,-74],[112,-63],[132,-27],[108,-6],[117,-11],[86,-26],[62,-26],[48,-70],[8,-37],[12,-66],[3,-8],[4,-23],[0,-7],[1,-6],[2,-11],[53,-157],[2,-16],[4,-9],[26,-142],[17,-145],[17,-142],[25,-132],[55,-85],[115,-104],[121,-46],[123,-10],[176,30],[179,66],[214,110],[169,99],[1,0],[10,14],[18,19],[10,10],[7,5],[11,8],[8,4],[15,8],[13,7],[79,46],[43,53],[-32,49],[-69,21],[-143,37],[-126,45],[-47,37],[-22,5],[-5,1],[-182,88],[-14,33],[43,113],[9,109],[0,0],[-6,21],[-53,96],[-107,147],[-36,96],[-1,6],[-14,17],[-2,3],[-73,84],[-3,13],[-2,7],[-12,43],[150,226],[263,237],[114,32],[0,0],[95,10],[171,17],[259,90],[126,14],[0,0],[206,-153],[95,-109],[-91,-373],[31,-142],[178,-234],[31,-211],[1,-8],[9,-56],[0,0],[0,-1],[0,0],[0,0],[0,-30],[-1,-15],[-1,-10],[-7,-27],[-4,-17],[-4,-16],[0,0],[-101,-160],[3,-86],[58,-91],[123,-135],[98,-109],[70,-99],[70,-110],[59,-99],[43,-111],[15,-41],[8,-5],[2,0],[17,-3],[7,-2],[4,-2],[3,-4],[4,-7],[0,0],[45,-159],[-68,-125],[0,0],[1,-1],[1,-25],[0,-5],[27,1]],[[58119,68111],[-26,-34],[-380,-5],[-183,42],[-257,4],[-325,49],[-283,-2],[-653,-235],[-319,-32],[-151,19],[-634,169],[-195,15],[-197,-77],[-170,-134],[-37,-110],[-269,129],[-306,-11],[-330,85],[-252,21],[-1158,-106],[-25,-11],[160,-25],[97,-99],[172,-71],[337,-96],[276,-41],[-12,-32],[113,-50],[81,13],[153,-41],[58,-38],[23,11],[41,-135],[90,-81]],[[53558,67202],[-165,18],[-343,-46],[-220,-45],[-359,-136],[-5,8],[-129,167],[-533,409],[-168,88],[-246,67],[-152,-143],[-254,-155],[-109,-41],[-277,-22],[-209,97],[-20,-30],[-105,22],[-149,-25],[-151,-90],[6,-139],[-43,-183],[-172,-46],[-135,-241],[-199,-96],[-417,-157],[-184,-155],[-462,-263],[-113,-100],[-199,-94],[-113,-107],[-91,-221],[50,-91],[-14,-167],[62,-162],[-6,-81],[-147,-98],[-65,-319],[62,-201],[150,-119],[28,-170]],[[79206,22822],[156,-33],[65,-110],[165,-83],[126,-113],[314,-6],[31,-29],[-45,-64],[7,-35],[162,-89],[153,-29],[120,-83],[42,-42],[140,-5],[127,-42],[110,33],[41,-67],[70,-6],[53,-29],[-137,-204],[164,-95],[-25,-6],[0,-49],[-263,13],[-20,-30],[-42,7],[-7,-23],[-32,2],[-105,-300],[17,-77],[59,-71],[280,114],[45,-16],[293,15],[-61,-122],[53,-39],[38,-119],[-217,-281],[-145,-75],[39,-13],[-244,-177],[-139,-193],[-110,-89],[56,-18],[-237,-243],[-78,-131],[-68,-42],[-56,-14],[-32,22],[-37,-30],[65,-128],[-91,-161]],[[80006,19417],[-44,17],[-98,-122],[-79,-54],[-34,25],[-39,151],[24,182],[-67,85],[-45,-27],[-25,31],[-316,-74],[26,67],[-65,25],[-147,-61],[-10,33],[78,213],[-135,19],[-166,61],[-26,-32],[-276,122],[-96,-31],[-173,-112],[-93,-25],[-189,-113],[-199,-61],[-189,37],[-489,143],[-395,44],[-1901,0],[-443,-19],[-191,-47],[-201,-83],[-890,-407],[-325,-194],[-307,-222],[-52,-57],[42,-70],[400,-341],[69,-153]],[[72940,18367],[-276,-197],[-157,33],[-161,-67],[-401,-85],[17,30],[-486,53],[-222,78],[-46,-22],[-15,39],[-133,115]],[[71060,18344],[201,152],[61,169],[-73,229],[-34,292],[-85,146],[55,76],[-256,93],[-15,269],[-372,327],[-185,364],[-235,51],[-168,8],[-202,69],[-103,82],[-54,163],[-76,117],[-274,0],[-176,108],[-346,19],[-183,-35],[-113,-45],[-288,-6],[-12,-65],[-128,-28],[-128,-101],[-204,83],[214,306],[72,107]],[[67953,21294],[120,125],[168,102],[197,202],[243,193],[904,710],[1321,1131],[619,491],[192,117],[464,201]],[[28985,79480],[358,-14],[449,46],[50,-77],[-1,-63],[-154,-290],[-65,-58],[-174,-80],[134,-95],[-253,-94],[122,-88],[189,-92],[47,-153],[185,39],[365,-48],[7,-122],[146,-114],[119,-198],[-5,-75],[-57,-68],[-14,-66],[-141,-200]],[[30292,77570],[-8,-119],[90,-58],[16,-64],[68,-43],[5,-36],[49,3],[40,-33],[3,-36],[-24,-11],[28,-84],[-37,-49],[86,-145],[97,-106],[-15,-220],[43,-44],[11,-109],[-239,-135],[-50,-9],[-220,-157],[-59,-19],[-66,-48],[-110,-209],[-225,-98],[-86,-62],[82,-96],[-609,-331],[-37,-43],[101,-77],[-44,-83],[-129,-75],[-71,28],[-3,-77],[232,-305],[83,-40],[165,-26],[135,-70],[-243,-103],[-130,-104],[-20,-38],[21,-61],[-83,-205],[-179,-131],[-16,-97],[-77,-145],[-33,-16],[88,-91],[53,-139],[7,-43],[33,-2],[4,-25],[181,-89],[225,69],[306,60],[29,-123],[98,-126],[-99,-64],[-204,-53],[-105,-94],[75,-362],[-160,-428],[-2,-72],[-42,-35],[-8,-47],[69,-18],[16,-66],[-31,-49],[-61,2],[6,-98],[21,0],[8,-39],[-44,-62],[-65,9],[-62,-139],[8,-98],[-171,-85],[9,-13],[-157,-101],[-111,-108],[-58,-25],[60,-40],[71,-130],[80,-79],[728,-32],[-28,-44],[-193,-52],[-217,-112],[-129,-157],[-21,-120],[136,-125],[146,-27],[73,14]],[[22736,66222],[-127,92],[-393,156],[-253,227],[-77,134],[-40,153],[-51,35],[-108,190],[-45,12],[-124,122],[-160,46],[-173,-23],[-141,36],[-116,-18],[-47,22],[-279,29],[-166,67],[-213,214],[-270,101],[22,24],[-143,-1],[-129,-36],[-130,10],[-271,177],[-27,-19],[-103,34],[-152,-4],[-321,-108],[-455,-220],[-226,146],[-21,200],[-86,169],[18,103]],[[69644,27137],[-102,-29],[-93,-65],[-29,6],[5,-18],[-399,-123],[-13,16],[-520,-175],[108,-31],[-42,-18],[-131,-71],[-190,31],[-115,53],[-407,89],[-139,7],[-157,-20],[4,-28],[-445,-199],[-461,-147],[-189,-49],[-679,-265],[22,-26],[-182,-57],[26,-35],[-131,-53],[-170,-54],[-66,78],[-220,-75],[18,-70],[-135,-41],[-71,-99],[-19,2],[35,-66],[-96,0],[-55,-88],[-66,-22],[-193,-19],[-43,13],[80,-36],[6,-32],[-77,-199],[-140,29],[16,-230],[-144,-12],[-6,-24],[-361,-79],[64,-82],[-17,-109],[-58,-124],[48,-117],[-577,-242],[-182,-25],[-270,-74],[-238,9],[-90,-134]],[[55010,13881],[288,-76],[226,-164],[555,123],[137,204],[129,78],[139,42],[-58,134],[-131,140],[126,45],[-16,18],[-271,306],[-97,79],[17,53],[-104,102],[-31,151],[501,155],[255,126],[103,-75],[468,-94],[90,-39],[166,-137],[109,42],[271,232],[17,112],[-131,315],[184,131],[643,332],[6,101],[97,116],[8,136],[39,98],[-77,145],[-44,259],[-108,191],[231,102]],[[58747,17364],[213,94],[58,-11],[265,208],[72,22],[-82,-84],[96,-24],[104,-212],[114,-136],[-40,-21],[211,-132],[-18,-41],[111,-92],[363,97],[136,73],[79,-49],[283,143],[-55,-58],[338,-98],[246,158],[21,-18],[163,70],[101,-80],[-144,-89],[49,-43],[-36,-45],[244,-135],[-24,-19],[128,-147],[128,-111],[44,25],[25,-22],[-30,-28],[55,-68],[-57,-48],[76,-60],[131,185],[124,66],[24,-27],[53,21]],[[62316,16628],[-52,-141],[198,-152],[-46,-38],[188,-208],[45,-151],[-283,-317],[92,-91],[89,-209],[-139,-32],[-85,-69],[-34,-110],[4,-106],[20,-59],[314,-336],[222,-137],[-66,-122],[-212,95],[-186,-90],[-190,-43],[-357,325],[-117,194],[-164,-44],[-174,-92],[-38,47],[-225,-84],[-316,-78],[37,-64],[139,-337],[205,-187],[188,-115],[128,-233],[214,-95],[-151,-58],[282,-317],[222,99],[138,-110],[-278,-174],[159,-132],[-131,-185],[219,-93],[-131,-103],[-37,-135]],[[49020,60875],[46,-29],[-41,-47],[54,-209],[198,33]],[[51250,52849],[-64,-69],[2,-95]],[[47875,53821],[-14,329],[52,285],[-338,11],[-264,48],[-49,254],[-65,339],[-211,310],[-101,-46],[-155,188],[-96,40],[-126,145],[30,8],[-204,108],[-130,103],[-171,201],[-73,194],[94,224],[74,68],[-13,27],[-242,50],[-294,189],[-141,208],[-125,265],[-9,230],[-47,123],[-116,-72],[-186,-44],[-331,125],[-87,84],[-15,83],[-217,-71],[-66,66],[74,120],[-32,148],[-414,48],[-82,-132],[-183,42],[-255,-83],[-113,146],[86,85],[-419,149],[-110,-137],[-22,16]],[[63499,9141],[37,7],[-10,33],[83,77],[135,74],[-18,33],[47,13],[-5,107],[68,81],[-72,105],[123,75],[391,612],[377,-102],[2,-15],[67,7],[12,-27],[321,52],[185,-284],[279,128],[331,196],[71,60],[-90,108],[271,139],[-26,16],[120,83],[335,409],[28,108],[77,89],[-71,90],[-5,139],[35,51],[199,2],[208,81],[93,-84],[116,-64],[66,16],[-25,-68],[65,-55],[-23,-13],[272,-241],[-41,-138],[-199,-122],[24,-16],[-20,-10],[50,-32],[426,219],[557,-371],[188,-68],[26,6],[123,-68],[85,45],[269,-253],[220,81],[-98,116],[101,22],[679,513],[-52,4],[31,60],[42,3],[-33,127],[476,23],[2,100],[-36,30],[-82,7],[-20,60],[8,100],[81,77],[176,12],[169,38],[113,-8],[363,40],[-5,-204],[-44,-2],[-15,-26],[108,-78],[8,-39],[111,-73],[127,0],[7,-103],[252,-17],[175,12],[23,52],[400,109],[32,-41],[-28,-36],[18,-15],[-50,-36],[62,-50],[101,-39],[-25,-33],[34,-14],[22,17],[113,-56],[32,37],[330,-215],[112,-50]],[[69254,6230],[0,0],[-158,-66],[0,0],[-132,-19],[0,0],[-59,5],[-32,3],[-164,13],[0,0],[0,0],[-51,34],[0,0],[0,0],[-33,64],[-30,14],[0,0],[-49,15],[-29,12],[-18,8],[-23,8],[-45,18],[-14,7],[-11,7],[-11,9],[-10,13],[-6,9],[0,10],[6,12],[0,1],[0,35],[-12,14],[-1,9],[-2,5],[-4,5],[-7,8],[-10,10],[-5,6],[-6,12],[-2,4],[-3,7],[-4,11],[1,7],[-1,8],[-4,11],[0,1],[-11,22],[-4,4],[-3,8],[1,14],[5,8],[1,2],[27,102],[-11,11],[0,5],[4,12],[14,15],[4,2],[16,62],[0,4],[-6,15],[3,28],[8,32],[3,8],[11,14],[11,11],[21,81],[44,170],[-10,87],[-8,1],[-10,7],[-8,8],[-9,26],[-8,13],[-1,12],[6,10],[11,8],[8,3],[2,1],[5,3],[-5,43],[-16,39],[-3,1],[-7,4],[-7,6],[3,9],[3,5],[-18,43],[-115,39],[-16,2],[-25,4],[-15,4],[-16,2],[-10,1],[-45,6],[-20,5],[-24,3],[-43,-27],[-19,-13],[0,0],[-11,3],[-228,58],[-3,0],[-8,1],[-19,6],[-8,6],[-8,6],[-3,3],[-3,6],[-4,16],[-8,12],[-361,66],[-38,-10],[-87,-60],[-17,-12],[0,0],[-135,22],[0,0],[-99,17],[-232,-40],[-269,-9],[0,0],[-138,-4],[-47,23],[-24,36],[-25,35],[-18,21],[-16,21],[-5,16],[-6,39],[2,22],[5,21],[-48,134],[-457,78],[-37,46],[0,0],[-10,7],[-13,15],[-19,30],[0,0],[-68,85],[-149,186],[-62,-10],[-125,-22],[0,0],[-71,-12],[-210,-86],[-179,-15],[0,0],[-77,-6],[-56,-14],[0,0],[-76,-20],[-48,-3],[-22,-2],[-27,-2],[-189,53],[-64,41],[-160,315],[-156,44],[-282,17],[-39,98],[49,91],[5,100],[-32,49],[-108,67]],[[42353,51999],[-1022,48],[-54,78],[-5,151],[42,114],[21,-6],[116,182],[-94,36],[-41,-37],[-296,-491],[-364,-68],[-236,-113],[-60,-52],[-456,-162],[-231,-114],[-128,-33],[165,-171],[-315,-125],[-489,313],[-158,7],[-286,-37]],[[30292,77570],[452,12],[508,265],[99,-383],[106,27],[101,-119],[41,-19],[25,12],[35,-35],[21,10],[107,-148],[-419,-137],[-12,-251],[377,179],[-37,42],[227,113],[131,-121],[47,26],[75,-58],[153,-61],[110,18],[133,-19],[-4,-17],[187,-65],[50,-53],[142,7],[198,-51],[-12,-55],[158,3],[36,-16],[372,36],[2,-13],[95,15],[58,43],[65,-40],[46,1],[81,-30],[-84,-100],[123,-133],[21,-41],[-45,-13],[89,-96],[136,-75],[150,-13],[107,-88],[58,-112],[28,5],[29,-39],[96,39],[49,-81],[-528,-248],[190,-187],[292,107],[86,-111],[431,99],[88,-121],[-16,-83],[60,-67],[20,-75],[187,134],[167,-145],[-74,-43],[213,-174],[30,16],[54,-69],[361,168],[170,52],[49,-172],[236,58],[151,-30],[158,6],[223,151],[56,-53],[294,121],[173,128],[97,133],[176,101],[102,86],[30,160]],[[38279,75883],[189,-51],[149,-124],[25,-35],[-1,-126],[126,-121],[-63,-85],[-11,-148],[17,-51],[69,-62],[9,-191],[65,-148],[263,101],[33,54],[43,0],[84,56],[87,-13],[66,71],[57,26],[467,166],[-1,30],[46,37],[212,85],[90,-9],[-5,53],[70,22],[21,-18],[364,234],[80,-80],[57,-404],[-71,-126],[-120,-64],[46,-85],[-163,-93],[106,-108],[-96,-39],[27,-43],[-282,-137],[36,-91],[-220,-77],[-159,-29],[-271,-160],[91,-233],[3,-259],[114,-138],[-180,-84],[-302,-88],[-104,-6],[-45,-27],[-129,56],[-75,2],[-119,-53],[-76,-63],[-69,-125],[-174,-144],[-63,-22],[-95,14],[-38,-15],[-46,-16],[-112,193],[-118,3],[23,-35],[-230,-91],[-81,-1],[-132,43],[-62,-17],[87,-102],[7,-45],[-33,-55],[30,-137],[-227,-187],[-207,-88],[-66,-56],[-32,-90],[6,-111],[-39,-90],[-414,-211],[-82,-82],[-46,-125],[-81,-93],[-58,-28],[-90,12],[37,-43],[452,-285],[-556,-200],[-126,-101],[-93,-102],[0,-41],[28,-78],[139,-139],[30,6],[93,112],[237,113],[-177,-234],[280,-290],[79,59],[277,88],[150,-44],[512,-81],[264,-115],[351,-4],[85,22],[103,-228],[-71,-10],[-51,-116],[-370,-286],[-284,-77],[178,-282],[107,-124],[157,-89],[167,-57],[104,-120],[-45,-84],[-169,-153],[-217,-72],[135,-93],[136,-169],[-51,-84],[6,-79],[-37,-91]],[[18811,13492],[48,265],[-15,88],[-63,84],[192,419],[-22,22],[-25,-20],[14,31],[-31,106],[148,220],[37,118],[-9,54],[-115,144],[-44,-11],[-102,153],[-14,101],[63,138],[-9,141],[-300,11],[-160,-75],[-90,12],[-107,-14],[-40,-52],[-96,13],[-119,-20],[-33,-71],[-88,-86],[-112,6],[-101,-47],[-84,8],[-133,202],[126,24],[-107,289],[-238,203],[-35,-16],[-99,113],[-31,-12],[-25,206],[-137,181],[-552,436]],[[16303,16856],[270,185],[-5,23],[69,53],[97,-49],[1,0],[188,80],[284,52],[-104,142],[-159,111],[-108,75],[21,15],[-1,1],[176,131],[97,185],[0,16],[-55,52],[-292,4],[-16,8],[-8,-1],[-239,93],[-133,26],[52,31],[-1,0],[176,110],[25,30],[46,56],[100,48],[86,36],[20,3],[24,15],[346,55],[21,18],[-112,236],[-28,40],[-58,82],[-3,65],[-60,127],[-164,208],[-14,4],[-68,-54],[-160,123],[-177,-115],[-68,-47],[27,-19],[27,-18],[-137,-88],[27,-19],[-85,-73],[-36,-31],[-15,-22],[-139,16],[-41,-38],[-74,51],[-29,3],[-329,-96],[-81,10],[-271,6],[-177,49],[-594,73],[-61,-6],[-3,81],[-82,246],[-74,147],[-36,307],[-27,134],[-58,286],[-9,17],[5,4],[0,1],[102,163],[-6,14],[58,67],[472,201],[226,73],[73,9],[292,121],[496,252],[540,343],[15,15],[11,2],[15,9],[506,75],[407,164],[95,60],[15,-16],[37,15],[167,67],[-8,17],[46,20],[29,114],[-2,0],[0,76],[-47,36],[45,65],[-70,138],[121,87],[45,41],[1,58],[-5,22],[-1,1],[-25,3],[25,53],[-129,69],[-46,66],[-25,36],[10,26],[-7,50],[13,496],[29,75],[23,61],[4,2],[8,22],[101,132],[280,244],[106,69],[17,19],[15,16],[-1,3],[-7,63],[14,2],[24,3],[45,39],[5,0],[10,22],[53,-18],[42,37],[-17,16],[87,30],[25,14],[17,36],[36,-7],[15,7],[31,39],[60,8],[87,79],[45,13],[93,28],[63,59],[44,41],[9,2]],[[24844,19513],[123,-48],[-347,-320],[-183,-210],[192,-233],[160,-248],[138,-69],[-17,-61],[135,-45],[21,28],[392,-318],[168,-277],[32,-172],[-14,-318],[67,-21],[156,-112],[6,-93],[-58,-12],[0,-15],[71,-100],[49,-155],[94,-12],[45,-259],[-21,-19],[14,-169],[42,0],[15,-94],[-24,-271],[50,2],[45,114],[137,114],[201,94],[247,194],[100,47],[47,-51],[144,-159],[212,-17],[291,155],[145,19],[114,57],[108,3]],[[67953,21294],[-166,59],[-411,-153],[-17,13],[-190,-77],[-236,-51],[-298,162],[-39,40],[40,27],[-835,72],[-333,-46],[-237,0],[-412,119],[-629,240],[-807,376],[-119,-57]],[[46437,35075],[238,-67],[240,-26],[165,12],[290,-87],[71,5],[29,-20],[12,27],[183,-51],[227,-13],[406,46],[199,50],[138,48],[413,214],[78,40],[589,334],[293,216],[27,0],[-2,19],[326,53],[76,51],[439,112],[81,4],[-7,16],[61,-8],[236,121],[225,-223],[94,-9],[30,33],[224,43],[128,72],[154,48],[143,20],[215,-5],[41,38],[98,22],[598,35],[618,232],[71,308],[347,110],[-31,73],[205,121],[-19,61],[29,82],[150,88],[106,56],[75,-179],[555,248],[74,-82]],[[55375,37363],[124,-310],[244,-236],[-190,-69],[212,-146],[105,34],[56,-63],[127,-79],[54,-69],[310,102],[71,-233]],[[29309,20556],[163,128],[50,-19],[148,121],[179,-139],[119,117],[111,52],[34,9],[131,-71],[115,-2],[393,140],[67,-160],[128,12],[26,-21],[600,26],[282,85],[-39,126],[87,27],[136,9],[42,106],[155,115],[17,100],[487,148],[-49,128],[327,75],[22,35],[-12,62],[96,96],[356,239],[227,23],[265,-56],[198,-310],[-298,-216],[443,-61],[-15,-108],[-60,-88]],[[35052,18208],[21,-23],[-92,-65],[-546,-171],[48,-44],[-293,-84],[-92,-68],[20,-31],[-202,-98],[-22,-35],[47,-31],[-243,-121],[-282,-252],[-59,-99],[-24,1],[13,-125],[-49,-20],[30,-59],[-91,-20],[-4,37],[-256,-57],[195,-185],[-237,-152],[-69,15],[-77,-75],[-275,51],[-5,-48],[-151,-35],[5,-15],[147,26],[35,-236],[-120,-15],[13,-97],[-67,-109],[-58,-43],[-127,43],[-196,28],[-8,-42],[-213,-78],[-39,35],[-219,-105],[-36,38],[-357,-183],[-61,51],[-230,-100],[-124,201],[30,11],[-58,58],[45,18],[-106,85],[-70,91],[130,72],[-297,195],[-250,46],[-324,-150],[-145,125],[-35,19],[-17,-39],[-74,60],[68,258],[-160,40],[-153,-1],[-245,-23],[-693,-314]],[[3559,63668],[-386,205],[-59,4],[28,17],[36,147],[53,42],[41,123],[8,22],[28,137],[-9,199],[8,43],[-10,58],[-31,21],[61,26],[176,486],[-15,1],[-3,49],[19,37],[19,35],[16,9],[19,10],[-12,46],[-34,61],[24,174],[9,65],[-38,63],[54,6],[-10,49],[39,-4],[226,-20],[242,24],[118,26],[146,0],[106,10],[-37,63],[-26,43],[-27,31],[-54,52],[7,2],[-7,9],[93,434],[-11,40],[262,8],[1,58],[51,7],[8,22],[15,46],[257,2],[-36,102],[-82,268],[-41,135],[-265,413],[71,15],[113,25],[-9,15],[-58,99],[13,124],[-186,-53],[-122,471],[69,35],[28,54],[17,32],[-1,2],[-10,17],[42,41],[32,31],[50,49],[221,109],[138,113],[-2,4],[-71,67],[22,19],[-12,63],[8,8],[0,0],[-86,255],[-29,42],[189,95],[16,-16],[240,91],[-194,232],[-81,182],[256,94],[430,170],[253,-65],[102,-26],[1,-1],[9,6],[124,-89],[45,20],[113,-83],[26,3],[154,25],[81,12],[146,23],[52,15],[241,32],[16,68],[-34,66],[-13,150],[93,31],[527,225],[514,-348],[49,-33],[94,3],[8,0],[248,57],[141,-38],[282,-76],[56,-15],[263,125],[75,35],[60,29]],[[47356,93637],[58,15],[122,30],[242,3],[39,24],[18,-27],[229,-7],[32,-17],[44,-1],[32,5],[15,-5],[120,-2],[20,20],[87,1],[101,-65],[103,-11],[-5,-26],[207,-117],[103,3],[225,-99],[143,-168],[122,-69],[90,-131],[351,-227],[93,10],[72,-28],[165,26],[5,41],[88,28],[78,-14],[55,-35],[36,43],[65,-35],[61,-2],[13,-205],[-1,0],[0,0],[-38,-87],[-1,-2],[-38,-86],[-18,-189],[0,-1],[0,-2],[-3,-7],[-1,-1],[-81,-192],[-57,-61],[-1,0],[0,0],[-163,-79],[0,0],[0,0],[0,0],[-30,-8],[-45,-4],[-2,0],[-164,-27],[-74,-25],[-90,-40],[-50,-20],[-17,-7],[-34,-13],[-28,-5],[-30,-12],[-85,-56],[-27,-70],[-5,-137],[-45,-122],[-28,-134],[-45,-134],[-16,-67],[-17,-67],[28,-69],[59,-102],[41,-51],[113,-72],[17,-8],[121,-23],[65,-12],[347,-4],[40,-18],[0,0],[0,0],[11,-18],[20,-15],[-12,-63],[-59,-92],[-75,-105],[-76,-88],[-120,-103],[-85,-120],[-90,-124],[3,-98],[11,-73],[46,-76],[72,-56],[138,-48],[93,-35],[105,-55],[30,-35],[1,-1],[0,-1],[38,-45],[51,-68],[-2,-22],[3,-5],[0,0],[0,0],[-18,-53],[-218,-84],[-195,-7],[-128,37],[-146,4],[-75,-19],[-106,-27],[-92,-23],[-133,-42],[-101,-66],[-34,-56],[-20,-99],[3,-101],[21,-92],[22,-54],[63,-102],[153,-224],[87,-97],[83,-55],[114,-27],[162,3],[79,-2],[6,1],[29,3],[21,-3],[24,-8],[0,0],[0,0],[67,-86],[17,-86],[0,0],[0,-1],[-9,-37],[-1,0],[-1,-17],[-66,-69],[-104,-35],[-132,-21],[-118,7],[-108,19],[-100,11],[-77,36],[-113,11],[-159,20],[-103,31],[-88,51],[-95,-4],[-153,-45],[-78,-62],[-77,-89],[-68,-119],[-34,-126],[-24,-107],[10,-124],[3,-93],[26,-108],[-14,-94],[15,-120],[25,-58],[15,-22],[14,-21],[73,-65],[90,-74],[29,-29],[36,-31],[0,0],[6,-14],[7,-24],[-3,-18],[3,-10],[-7,-117],[-13,-109],[-35,-111],[-48,-103],[-64,-92],[-86,-113],[-120,-98],[-73,-62],[-49,-76],[0,-70],[-67,-69],[-102,-47],[-74,-46],[-17,-63],[62,-71],[91,-86],[79,-51],[48,-15],[44,-26],[0,0],[48,-15],[65,2],[80,3],[96,16],[74,47],[15,14],[21,42],[18,90],[13,61],[56,93],[105,175],[0,0],[57,40],[133,42],[0,0],[0,0],[189,-164],[262,-165],[78,-163],[-150,-125],[-151,-78],[-103,-113],[-260,-106],[-336,-172],[-52,-242],[-6,-251],[-58,-76],[-189,-41],[-82,1],[-95,29],[-1,1],[-175,119],[-61,21],[-101,4],[-60,-14],[-58,-41],[-8,-44],[24,-125],[0,-34],[0,0],[9,-39],[-200,-425],[-11,-109],[125,-214],[117,-89],[322,-111]],[[47916,82838],[-169,-82],[-129,-9],[-280,-99],[-165,-13],[-128,-97],[-254,-122],[-46,-44],[-164,-26],[-192,-84],[-134,-95],[-254,-101],[25,-10],[-115,-235],[65,-155],[-118,-23],[-156,3],[-194,-76],[-31,-36],[-211,-68],[-134,13],[-144,52],[-154,-2],[-136,-51],[-61,2],[-212,-99],[-241,13],[-376,56],[-6,-102],[-107,-34],[-124,-117],[-226,-131],[-60,8],[-113,-65],[30,-22],[-164,-73],[-59,-8],[-135,333],[-353,-125],[-312,-68],[-270,-88],[-188,-119],[56,-136],[204,45],[177,-238],[-150,-25],[-293,-109],[-59,-44],[-40,-86],[-507,-312],[-243,-212],[-59,-91],[-13,-71],[200,-192],[-10,-19],[-495,-280],[-244,-271],[49,200],[112,138],[83,169],[-46,103],[3,149],[83,151],[35,137],[174,203],[124,62],[215,186],[-129,93],[-124,44],[-229,-181],[35,-20],[-257,-269],[-33,-68],[34,-118],[-428,-1],[1,-63],[-97,-88],[-37,-84],[92,-200],[23,-187],[-23,4],[-62,-60],[-465,-301],[-66,-117],[-2,-93],[-109,-311],[2,-56],[72,-83],[7,-23],[-87,-35],[-4,25],[-125,-51],[19,-36],[-55,-37],[-236,-68],[-377,-54],[-42,-103],[81,-185],[-41,-145],[-203,-18],[-279,33],[-162,-31],[186,-319],[49,-263],[459,61],[112,-194],[-70,-16],[-432,-250],[-73,-69],[-131,89],[-129,6],[93,-42],[62,-62],[70,-329],[312,-138]],[[31774,41409],[68,-56],[20,-54],[43,-141],[-66,-7],[34,-62],[-270,-81],[-136,-83],[310,-246],[214,-291],[95,39],[18,-20],[-501,-245],[234,-146],[-35,-15],[41,-90],[203,98],[16,-24],[269,84],[37,-41],[77,44],[183,-193],[325,115],[-62,84],[26,12],[35,15],[97,-94],[301,-339],[138,-200],[149,-24],[185,-59],[76,-53],[202,-21],[22,-69],[-31,3],[-24,-100],[-176,-38],[-528,-171],[89,-133],[37,11],[107,-97],[58,-144],[195,-28],[-134,-359],[2,-76],[178,-100],[-29,-24],[-114,-38],[140,-201],[-231,-75],[11,-22],[-203,-70],[152,-180],[-20,-7],[85,-129],[-513,-118]],[[33173,37150],[-808,-214],[-337,-40],[0,68],[-61,159],[54,214],[-43,105],[-67,96],[-93,-17],[-128,18],[-207,-48],[-125,-40],[13,-24],[-484,-132],[-113,-76],[-260,-96],[-625,-70],[-238,7],[-58,26],[-21,73],[-87,2],[1,14],[-98,-57],[-112,-110],[-153,-55],[-142,-112],[-125,-48],[-120,-171],[-303,-145],[-65,-65],[-210,-129],[-307,-148],[-239,-83],[-134,-51],[-339,-267],[-187,-243],[-85,-12],[-390,17],[-374,-177],[-787,-482],[-606,-187],[-361,-80],[-21,-5],[-119,126],[-54,105]],[[24155,34796],[15,150],[34,55],[-43,268],[59,87],[-130,174],[-115,77],[-127,34],[-220,-49],[-179,29],[-122,93],[3,115],[23,-8],[136,123],[135,84],[244,38],[-18,34],[753,291],[258,72],[-145,201],[225,78],[310,54],[221,69],[389,-1],[21,75],[261,148],[-109,129],[233,176],[-150,137],[199,37],[40,124],[-67,166],[128,34],[-176,234],[177,62],[170,98],[-37,76],[-225,-28],[-169,-50],[-79,151],[-144,167]],[[59629,20650],[-101,-272],[-351,-262],[-203,-180],[-50,-89],[-345,-225],[-40,-117],[-431,-130],[-75,-75],[84,-53],[250,-50],[-31,-72],[19,-174],[265,-227],[56,-138],[-284,-15],[3,-104],[-518,-82],[-60,-18],[-6,-76],[370,-168],[140,-111],[112,83],[67,-53],[49,-7],[-140,-114],[-111,-140],[218,-144],[117,32],[50,-62],[-73,-20],[137,-223]],[[40983,7127],[6,-101],[-81,-115],[-269,90],[-69,-105],[-206,64],[-296,-243],[590,-360],[-439,-156],[26,-42],[141,53],[15,-11],[63,-54],[167,-234],[-98,-31],[-70,-53],[-95,-118],[200,-80],[288,-73],[66,-175],[22,3],[-135,-39],[-205,11],[31,-85],[-153,-35],[-184,-113],[29,-23],[-104,-138],[136,-54],[-31,-39],[-358,-226],[14,-16],[-231,-65],[-75,-40],[305,-212],[418,-105],[183,-23],[-2,-54],[0,-35],[-140,-103],[-357,-163],[-111,-490],[-151,-11],[105,-26],[47,-132],[-42,16],[-48,-56],[-76,-179],[32,-271],[-242,-140],[-83,-161],[-244,-284],[-63,-211],[134,-161],[169,-113]],[[39512,1610],[0,0],[-16,-39],[-4,-14],[-6,-23],[-10,-23],[-9,-16],[-8,-14],[-8,-12],[-15,-19],[-28,-41],[-21,-29],[-45,-60],[-5,-7],[-30,-41],[-14,-22],[-30,-45],[-9,-13],[-29,-35],[-88,-148],[0,-23],[0,0],[-51,-81],[-77,-121],[-10,-16],[-14,-22],[-1,-1],[-10,-10],[-438,-735],[-43,8],[-3,-5],[-2,0],[-114,26],[-8,1],[-465,84],[-55,4],[-7,1],[-58,4],[-54,15],[-35,13],[-319,57],[-589,-69]],[[36784,139],[62,41],[78,24],[410,27],[-22,189],[-301,110],[46,87],[80,70],[30,-19],[94,46],[101,13],[5,-61],[499,-24],[1,16],[234,10],[39,85],[114,54],[-45,29],[-8,60],[-171,35],[-30,37],[48,187],[415,-18],[254,16],[6,31],[-582,209],[15,31],[-168,66],[164,232],[23,-7],[129,100],[-217,252],[-240,88],[45,132],[8,230],[-244,46],[-14,57],[-175,31],[11,26],[-157,27],[-24,-52],[-99,22],[-5,-49],[-70,-9],[-149,-1],[-157,28],[-211,132],[-53,-101],[-179,-93],[43,58],[-3,40],[-157,163],[-271,73],[-238,19],[-194,-12],[-211,18],[-212,113],[-200,20],[-57,67],[-61,1],[7,159],[-93,-4],[-141,75],[-24,26],[23,14],[-36,70],[4,86],[-206,47],[-31,-14],[-251,110],[-75,52],[-85,112],[-3,-21],[-382,-156],[-205,-219],[271,-105],[68,-60],[-1,-41],[-484,-289],[-100,-154],[-240,-193],[-269,120],[-34,-28],[-162,133]],[[61146,42438],[-126,-154],[-59,1],[-113,-75],[-41,19],[-63,-15],[-37,15],[-126,-27],[-105,-82],[-32,35],[-41,-8],[6,-42],[-52,-17],[-19,30],[-72,12],[-289,-31],[-252,7],[-102,-26],[-386,179],[38,139],[-357,72],[-32,90],[-322,6],[-407,43],[-135,34],[-580,41],[-831,-13],[-48,-200],[-129,-61],[-36,-67],[-176,14],[-189,243],[-21,-17],[-190,54],[21,104],[-122,4],[-391,-61],[-87,246],[82,18],[-17,70],[-85,-12],[-174,302],[-174,52],[170,128],[-80,58],[-187,76],[-20,-30],[-33,4],[14,129],[-64,2],[-4,125],[-79,-8],[-316,443],[71,36],[-127,137],[-274,-31],[-66,52],[-293,-84],[-271,-142],[-56,42]],[[57977,48161],[163,-18],[27,-138],[-44,-126],[451,-81],[142,-55],[-14,-27],[258,-48],[99,-42],[13,16],[343,-253],[7,-141],[-13,-23],[-62,5],[-7,-53],[64,-70],[71,-7],[99,-44],[242,-201],[518,-204],[252,-64],[-30,-54],[105,-66],[52,144],[75,89],[8,63],[261,-42],[63,302],[77,68],[274,125],[-18,31],[126,13],[117,40],[266,20],[150,52],[251,75],[104,-55],[-27,-95],[34,-114],[130,-117],[40,16],[218,-276]],[[75078,38725],[445,-91],[394,-4],[18,-34],[325,-43],[-118,58],[204,4],[144,41],[27,-117],[80,-90],[152,58],[83,91],[30,-17],[167,85],[-265,254],[-147,205],[154,83],[174,45],[-12,40],[279,62],[89,67],[21,-7],[85,88],[94,-163],[79,79],[84,20],[145,-147],[75,-211],[271,-38],[293,27],[93,-11],[248,35],[272,-13],[268,-36],[201,-73]],[[79530,38972],[-59,-3],[100,-155],[79,-305],[-329,-69],[-143,-50],[-199,-165],[-103,-199],[51,-137],[233,-61],[71,-233],[-179,-241],[-92,-282],[-187,-122],[30,-43],[77,-29],[148,52],[22,-29],[319,211],[117,-40],[25,-91],[-41,-171],[20,-92],[115,-169],[-21,-24],[110,-105],[130,41],[165,120],[285,14],[318,45],[135,-1],[-16,-33],[306,-107],[41,55],[225,-65],[48,67],[40,145],[52,38],[11,61],[-30,42],[46,50],[149,-35],[65,9],[53,-75],[10,-157],[60,-30],[54,3],[-10,-247],[77,-12],[246,53],[-9,-216],[42,-85],[-30,-127],[-86,-126],[-46,-243],[96,-15],[137,-103],[125,13],[50,-92],[124,-62],[189,-141],[156,10],[365,208],[6,-84],[-106,-77],[27,-221],[-45,-223],[40,12],[5,45],[56,-29],[-4,-56],[373,-67],[216,11],[67,38],[199,310],[96,54],[41,-5],[-86,-41],[-54,-55],[-50,-192],[-91,-108],[-58,-33],[-248,-61],[42,-82],[163,32],[63,-91],[117,-37],[248,-147],[260,-168],[133,-119],[20,-215],[-125,-140],[-385,-343],[-138,-170],[233,-93]],[[84282,33067],[-125,-139],[-247,-207],[57,-24],[-293,-390],[-225,-240],[-120,68],[-190,-285],[-115,-9],[-550,-181],[-596,-203],[-581,-83],[-398,-96],[-174,-114]],[[74710,52821],[476,151],[208,94],[227,174],[143,220],[213,911],[64,87],[88,57],[302,102],[816,157],[904,38],[446,-13],[269,25],[138,-7],[311,-162],[184,-255],[387,-431],[205,-304],[522,-293],[66,-113],[214,-218],[203,-115],[213,-176],[281,-392]],[[79323,47315],[-111,-67],[-168,-12],[-181,19],[4,116],[-84,71],[19,23],[-67,38],[-11,56],[-70,14],[-28,57],[-58,33],[-247,54],[-91,55],[-66,-25],[-187,33],[-123,66],[-3,124],[-84,117],[-242,-23],[-170,-169],[-128,1],[-41,-201],[-82,-35],[-140,103],[-24,-47],[-188,140],[-114,-57],[-39,111],[-72,-19],[-221,-56],[-230,-125],[-364,-135],[-473,42],[-299,-3],[-217,35],[-368,-89],[-453,-177],[-356,-215],[-137,-54],[-162,-137],[-269,-158],[-156,-28],[-106,-42],[-72,-1]],[[72644,46748],[-117,138],[6,176],[-93,-3],[30,100],[-72,63],[-12,81],[30,126],[113,61],[-34,63],[-2,93],[90,53],[55,72],[48,127],[61,38],[58,168],[66,-34],[25,19],[-3,93],[127,200],[-61,113],[9,47],[187,74],[29,45],[-38,54],[12,44],[105,88],[64,21],[4,60],[95,28],[155,77],[-2,102],[-31,29],[-38,-5],[2,18],[257,192],[145,53],[7,51],[-81,49],[37,56],[113,156],[12,64],[-28,91],[44,116],[-65,51],[107,104],[-6,35],[-54,26],[100,180],[-5,77],[-94,52],[-42,66],[6,17],[64,6],[20,35],[-42,98],[92,116],[-16,56]],[[86291,28096],[-48,150],[-24,225],[-82,161],[-21,140],[23,122],[112,272],[-67,189],[25,61],[324,-5],[182,-24]],[[86715,29387],[105,1],[-17,-161],[20,-109],[61,-82],[157,-83],[135,-41],[157,-11],[208,30],[292,19],[169,-6],[134,-24],[155,-61],[144,-83],[97,-77],[75,-119],[40,-125],[23,-143],[-25,-144],[-70,-175],[-77,-164],[-116,-207],[-83,-163],[-119,-165],[-106,-185],[-66,-146],[-106,-182],[-193,-285],[-153,-268],[-220,-333],[-156,-230],[-95,-168],[-90,-151],[-61,-137],[-48,-150],[-49,-145],[-41,-157],[-56,-133],[-72,-147],[-80,-129],[-74,-125],[-56,-129],[-36,-149],[-17,-208],[-58,-141],[-113,-164],[-108,-144],[-116,-131],[-136,-102],[-173,-87],[-215,-88],[-231,-106],[-185,-96],[-142,-94],[-112,-110],[-86,-117],[-98,-131],[-129,-106],[-136,-102],[-134,-132],[-136,-225],[-142,-203],[-126,-149],[-141,-115],[-170,-120],[-167,-91],[-196,-92],[-210,-76],[-212,-46],[-152,-20],[-6,0],[-43,-6],[-28,-3],[-9,-1],[-24,-2],[0,0],[-576,-19],[-119,-4],[-215,-52],[-466,-316],[-477,-451],[-292,-350],[-71,-197]],[[80255,19348],[-179,48],[-19,-14],[-58,19],[7,16]],[[13846,11166],[-91,112],[-14,20],[-324,371],[-228,260],[-181,207],[-243,647],[-17,48],[-112,39],[-927,-278],[-53,-16],[-47,-14],[0,-8],[0,0],[0,0],[-88,-24],[-19,-6],[-268,-76],[-13,-3],[-245,-158],[-8,-1],[-17,-10],[-6,-3],[-3,-2],[-4,8],[-497,-103],[-20,-4],[-38,-9],[-46,-10],[-32,-7],[-24,-4],[-38,-8],[0,0],[0,5],[-58,77],[-38,-9],[-49,-8],[-35,69],[-31,61],[-3,5],[-1,3],[-5,12],[-2,5],[-5,18],[0,10],[1,11],[3,13],[1,1],[-1,18],[0,0],[-124,112],[0,0],[-8,6],[-5,5],[-5,7],[-5,11],[-16,27],[-1,1],[-238,197],[-5,-1],[0,0],[-2,1],[-12,11],[-10,9],[-3,3],[-426,-150],[-53,225],[301,83],[5,41],[109,33],[345,103],[475,173],[135,183],[132,74],[5,12],[-38,55],[37,52],[6,18],[-15,75],[166,95],[50,-9],[5,-1],[72,15],[40,17],[54,43],[66,73],[57,49],[5,7],[8,5],[73,47],[77,49],[83,24],[45,-27],[37,-79],[165,-199],[284,105],[86,11],[414,151],[170,67],[276,56],[524,32],[24,113],[-14,77],[8,-2],[0,4],[183,80],[-2,15],[101,37],[75,88],[136,20],[5,3],[-2,9],[-9,38],[15,25],[5,7],[-6,19],[-3,13],[-26,39],[13,9],[-28,104],[-50,49],[32,12],[-45,66],[-119,81],[-112,77],[-69,79],[100,-34],[119,32],[182,97],[61,69],[97,8],[127,41],[240,102],[30,-16],[2,1],[136,191],[70,99],[105,5],[14,4],[278,80],[17,16],[152,35],[167,-6],[24,2],[98,18],[120,23],[57,25],[64,39],[-9,265],[-42,114],[18,53],[85,88],[86,-26],[71,11],[96,-29],[265,165]],[[91217,33269],[-453,-250],[-258,-450],[-398,-472],[-151,-160],[-45,-20],[-148,-155],[4,-25],[-334,-338],[-454,-349],[-402,-218],[11,-12],[-104,-85],[-284,-141],[-355,-124],[-353,-185],[-199,-185],[-55,-87],[-283,-219],[-218,-332],[-23,-75]],[[84282,33067],[534,-230],[135,-28],[106,2],[-22,-135],[67,-21],[788,388],[242,98],[440,274],[225,146],[236,196],[-26,88],[223,124],[21,73],[190,126],[60,66],[157,55],[9,-60],[520,-318],[474,-220],[302,-160],[-10,-19],[167,-50],[14,-22],[29,20],[18,-48],[150,22],[111,-26],[30,-35],[305,108],[158,22],[120,-46],[21,-27],[195,22],[88,-8]],[[36784,139],[-93,-63],[-28,-18],[-51,45],[0,0],[-61,215],[0,0],[0,0],[-60,75],[0,0],[0,0],[2,64],[3,89],[0,0],[167,262],[0,0],[0,0],[165,112],[91,61],[-9,5],[-45,29],[-48,30],[-19,-6],[-66,-19],[-6,-11],[-9,-15],[-25,-31],[-99,-98],[0,0],[-263,79],[-360,27],[-137,-54],[-36,-15],[-74,-28],[-80,-17],[-140,-25],[-1,0],[-16,0],[-24,-8],[-21,-6],[-337,-101],[-32,-10],[-26,-18],[-72,-50],[0,-1],[-52,24],[-4,-1],[-265,94],[-47,-30],[-15,-8],[-158,-89],[-109,-57],[-101,-54],[0,0],[-450,359],[-11,8],[-355,265],[-369,29],[-9,0],[-52,0],[-255,-96],[-25,-9],[-66,-26],[-413,-153],[-101,-37],[-177,-65],[-353,-129],[-132,-50],[-480,-171],[-6,-3],[-208,109],[-154,111],[0,0],[0,0],[-43,178],[0,0],[48,118],[21,53],[385,243],[0,1],[6,-3],[1,1],[428,-116],[31,79],[84,265],[54,88],[78,127],[36,138],[-48,142],[-27,24]],[[67024,54520],[-119,186],[-270,229],[-209,-63],[-46,47],[-174,-97],[9,-54],[-78,-34],[-165,279],[240,121],[-25,63],[-222,147],[-43,-43],[-97,114],[-41,-11],[-60,70],[-125,75],[51,72],[-70,22],[-243,-14],[-8,107],[-194,-21],[-93,-26],[12,-21],[-236,-51],[-64,95],[-118,-53],[-97,-89],[-132,-312],[-65,-60],[-112,-43],[-91,-3],[-150,66],[141,100],[-35,27],[-234,-4]],[[61992,60534],[315,429],[68,133],[92,108],[256,87],[44,77],[68,36],[10,14]],[[62845,61418],[118,-76],[109,-90],[210,-175],[62,-30],[74,-36],[179,-40],[211,-31],[83,-5],[167,-7],[128,-4],[77,-36],[51,-59],[125,-194],[200,-165],[87,-259],[697,-355],[229,-222],[146,-389],[103,-82],[133,-65],[71,-71],[28,-89],[441,-124],[172,-77],[105,-12],[105,-15],[252,-81],[374,-222],[337,-56],[272,98],[258,165],[169,21],[170,-28],[341,-381],[143,-102],[74,-17],[132,27],[179,-1],[235,-83],[37,-65],[-48,-174],[19,-182],[181,-308],[197,-205],[164,-128],[160,-72],[138,-10],[201,21],[144,42],[544,297],[263,114],[251,45],[156,-11],[140,-92],[150,-145],[94,-133],[42,-117],[38,-181],[-113,-378],[21,-167],[70,-137]],[[79530,38972],[75,-10],[261,25],[736,129],[350,24],[154,30],[86,125],[-221,51],[24,225],[-6,53],[-32,-1],[-20,208],[-245,22],[-106,76],[167,360],[-171,43],[-11,-15],[-111,21],[42,78],[-67,57],[202,296],[25,102],[-7,231],[38,82],[51,5],[36,111],[401,13],[248,68],[324,373],[98,129],[179,-10],[46,-35],[266,-68],[82,11],[34,-27]],[[82458,41754],[-14,-90],[75,-57],[52,-14],[91,80],[371,-131],[-9,-76],[-223,-291],[409,-198],[-36,-24],[50,-26],[-55,-38],[1576,-532],[-610,-294],[111,-101],[268,-71],[44,-31],[20,-92],[-49,-104],[57,-69],[71,-49],[527,96],[89,-33],[147,-97],[12,-137],[381,-36],[161,-43],[21,-26],[-8,-196],[60,-210],[474,-24],[150,-27],[309,-173],[70,-74],[180,63],[248,182],[28,-3],[66,117],[33,6],[278,-100],[79,-80],[47,-37],[15,8],[43,73],[170,127],[70,93],[241,161],[358,166],[80,57],[68,96],[84,279],[105,189],[129,87],[96,37],[293,-95],[220,-45],[318,55],[193,4],[85,-38],[201,-15],[189,-93],[45,46],[36,-81],[51,1],[37,-136],[107,25],[17,-23]],[[39098,18641],[10,-44],[-128,-212],[-59,-183],[-43,-255],[163,-3],[21,-39],[61,-6],[277,67],[19,-171],[-83,-53],[-35,-67],[99,-191],[-134,-98],[128,-99],[-104,-42],[-73,-1],[157,-401],[67,17],[58,-94],[-173,-36],[-219,-145],[-145,85],[-86,-56],[-154,-47],[-195,32],[-211,71],[-97,-7],[-279,-130],[130,-314],[-22,-91],[195,-14],[68,-25],[-91,-159],[-117,-122],[-49,-22],[201,-187],[-28,-13],[146,-122],[69,18],[34,-49],[44,10],[46,-188],[-10,-80],[-40,-33],[82,-217],[102,-161],[145,-163],[59,-95],[-4,-51],[69,-32],[99,-115],[111,-63]],[[62316,16628],[218,-7],[452,29],[366,-76],[114,-150],[156,-120],[807,2],[98,-15],[233,40],[390,106]],[[65150,16437],[17,0],[238,-8],[504,-135],[557,-272],[589,-151],[-5,-270],[0,-41],[153,-113],[29,3],[5,-23],[-62,-210],[-114,-68],[25,-128],[58,-89],[129,-50],[2,51],[6,-47],[-56,-111],[-16,-5],[31,36],[-47,4],[6,-27],[9,-13],[-142,-36],[-57,-101],[72,-46],[60,-82],[190,-373],[-4,-49],[-37,-204],[-315,-387],[14,-81],[-124,-35],[29,-35],[237,44],[199,-92],[60,-198],[183,-40],[17,-55],[246,46],[1196,468],[187,21],[28,-21],[201,-14],[55,212],[324,-51],[117,1],[34,-173],[47,-76],[215,-143],[160,-201],[138,-56],[92,-164],[12,-206],[96,-190],[115,-46],[64,-2],[91,-47],[227,-7],[215,48],[121,99],[234,123],[143,46],[150,-89],[-161,-111],[152,-32],[240,-13],[470,72],[284,-33],[64,-37],[-25,-24],[34,-18],[20,15],[151,-103],[-54,0],[-28,-31],[-45,13],[-210,-42],[-68,-22],[-11,-35],[-75,-20],[112,-110],[36,-76],[316,-147],[190,-52],[192,-115],[167,-45],[82,-140],[171,-173]],[[49338,6270],[-26,-166],[-38,-175],[0,0],[-54,-103],[-45,-86],[61,-700],[10,-113],[21,-237],[-258,-380],[-133,-270],[-122,-98],[-49,-39],[-1,-1],[-11,-38],[0,0],[-44,-148],[0,0],[23,-47],[13,-27],[48,-99],[28,-56],[0,0],[-272,-139],[-1,0],[-60,-18],[-116,-36],[-43,0],[-29,0],[-13,0],[-139,-73],[-15,-8],[-24,-12],[0,0],[-28,-5],[-348,-66],[-77,-48],[-49,13],[-14,15],[-58,60],[0,0],[-57,11],[-9,27],[-12,36],[0,0],[-58,52],[0,0],[0,1],[-110,54],[-113,-12],[-175,-18],[-202,-60],[-79,-23],[-59,-21],[-31,-11],[0,0],[-32,-7],[-19,-3],[0,0],[-363,-109],[-22,-144],[5,-9],[-130,-54],[-138,-107],[-83,-103],[-1,-10],[-11,-192],[-80,-98],[-62,-76],[-44,-53],[-4,-5],[0,0],[0,0],[-1,-8],[-3,-24],[-3,-21],[-4,-29],[-2,-18],[-1,-8],[0,0],[93,-121],[37,-49],[0,0],[0,0],[-47,-119],[4,-99],[47,-42],[0,0],[80,-72],[0,0],[0,0],[3,-19],[5,-34],[194,-222],[35,-466],[-7,-11],[0,-8],[-1,-6],[-3,-7],[-6,-8],[-4,-5],[-6,-4],[-2,-2],[-81,-144],[-3,0],[-1,-3],[-3,1],[-19,2],[-138,-2],[-868,-14],[-7,17],[-13,32],[-15,-2],[0,0],[0,0],[-7,24],[-6,15],[-5,19],[-1,8],[-1,9],[1,14],[-27,67],[-37,-2],[-58,-4],[-16,0],[-14,0],[-12,1],[-9,2],[-52,-1],[0,0],[0,0],[-7,23],[0,0],[0,0],[-240,25],[-275,102],[-83,51],[0,0],[54,53],[-158,84],[-19,-11],[-171,106],[-78,49],[0,0],[-223,85],[-17,6],[0,0],[0,0],[-15,87],[-13,68],[-58,118],[2,128],[-86,167],[0,0],[0,1],[-6,53],[-6,58],[-3,30],[-1,11],[-59,-2],[-45,-1],[-558,-17],[-6,6],[-30,-2],[0,0],[-20,46],[0,0],[-218,199],[-112,-10],[-160,-51],[-5,-2],[-4,-1],[-32,-3],[-31,-3],[-34,-3],[-120,-11],[-50,-2],[-29,-1],[-32,1],[-36,0],[-43,1],[-8,0],[0,0],[-133,10],[-192,13],[-100,17],[-73,12],[-26,4],[-29,4],[-56,10],[-34,7],[-48,17],[-32,13],[-43,14],[-70,23],[-27,11],[-108,22],[-129,-46],[-11,-11],[-31,-34],[-68,-38],[-20,-10],[-44,-22],[-6,-3],[-10,-4],[-1,-1],[-164,-36],[-20,-5],[-3,0],[0,-1],[-88,-45],[-88,-46],[-401,-576]],[[58119,68111],[2,2],[0,0],[0,0],[0,0],[38,5],[19,3],[17,15],[2,12],[0,0],[0,0],[129,102],[10,7],[0,0],[0,0],[1,91],[1,149],[109,127],[39,101],[148,95],[99,63],[48,31],[49,35],[64,27],[18,9],[15,8],[25,14],[14,6],[9,2],[25,5],[12,3],[30,9],[37,0],[13,1],[15,-1],[18,0],[5,-1],[8,-1],[33,-7],[44,-9],[45,-13],[52,-19],[5,-1],[138,-28],[1,-3],[1,-26],[1,-71],[0,-7],[4,-11],[37,-99],[355,-369],[9,-10],[70,-1],[97,-1],[11,0],[8,0],[79,-1],[81,-1],[85,-1],[80,-1],[163,-2],[108,-1],[44,-1],[41,0],[69,-1],[42,0],[16,0],[55,-1],[48,-1],[12,0],[107,-1],[73,-1],[92,-1],[74,-2],[68,-2],[8,0],[1,0],[-4,-12],[-2,-7],[5,0],[-38,-120],[-6,-3],[-1,-4],[0,0],[-424,-250],[-1,0],[-138,-114],[-56,-47],[0,0],[0,0],[-2,-10],[-13,-57],[-203,-15],[-10,-28],[-2,-4],[-24,-92],[80,-34],[124,-55],[195,-58],[28,-9],[-25,-69],[123,-53],[37,-65],[1,-1],[32,-55],[193,-73],[33,-79],[94,-52],[86,-92],[-20,-81],[26,-17],[87,15],[255,-290],[-263,-159],[-1,0],[-205,-157],[-10,-41],[33,-51],[181,-36],[-40,-85],[0,0],[0,0],[-4,0],[-55,2],[-4,-16],[-18,-31],[-5,-10],[-18,-25],[-5,-17],[2,-11],[67,3],[3,0],[26,-46],[4,-8],[1,0],[0,-3],[7,-12],[23,-13],[87,-161],[7,-8],[1,-6],[4,-8],[35,-85],[-1,-4],[4,-7],[-14,-52],[0,0],[-12,-14],[-2,-8],[-46,-44],[-20,-14],[-21,-18],[0,0],[-101,-76],[0,0],[0,0],[-25,1],[-40,13],[-15,4],[-87,-87],[-121,-54],[-139,-57],[-131,-41],[-82,-42],[-13,-8],[-25,-15],[-73,-70],[-44,-85],[-6,-14],[-26,-58]],[[60638,64772],[17,-109],[-48,-27],[-178,217],[-12,117],[-29,33],[127,83],[-130,27],[-205,8],[-103,-35],[-28,-147],[-55,-58],[-246,-125],[-249,-66],[-110,-55],[-138,42],[-292,-46],[-306,91],[70,47],[218,-11],[136,102],[28,-9],[-6,-35],[203,28],[-241,240],[-231,-94],[-489,-107],[27,26],[-19,22],[-142,-83],[-201,-21],[-250,150],[92,94],[46,-25],[136,182],[4,39],[-119,-21],[-147,-68],[23,-42],[-133,-10],[-93,-50],[24,-104],[-58,-139],[-278,99],[-123,73],[-669,550],[-227,297],[-204,57],[-264,118],[-227,280],[-201,172],[-116,215],[-3,148],[-52,150],[-146,148],[-17,68],[110,361],[-223,28],[-216,-175],[-427,-155],[-85,-97],[-174,-74],[13,-114],[55,-55],[-93,22],[-229,128],[-24,58],[-179,209],[-29,-14],[29,-51],[93,-88],[-74,-11],[7,22]],[[55375,37363],[293,370],[-18,42],[337,59],[46,32],[-16,49],[438,133],[33,170],[-17,137],[-93,242],[-212,206],[-705,416],[-461,388],[-96,211],[-35,460],[-259,-17],[-3,27],[-323,-1],[-333,-116],[-56,19],[9,33],[-450,-28],[-91,21],[-129,83],[-248,77]],[[66645,40661],[-29,-69],[22,-70],[29,2],[584,298],[1293,715],[505,-511],[329,129],[30,-29],[6,127],[57,112],[48,42],[839,309],[606,266],[-1,53],[107,2],[9,49],[162,0],[439,67],[-2,-34],[578,48],[210,35],[180,54],[251,87],[143,25],[-116,154],[-73,-28],[-149,167],[260,92],[21,48],[155,74],[101,114],[411,310],[259,48],[-10,-193],[-30,-46],[15,-85],[-39,-71],[302,60],[-3,27],[-41,22],[28,75],[161,111],[444,110],[23,-195],[1008,-90],[408,-221],[513,-207],[285,-149],[943,375],[386,117],[184,41],[407,41],[334,96],[-112,92],[114,399],[-57,228],[322,-211],[214,-59],[113,-74],[218,97],[240,-449],[184,-247],[246,115],[255,-345],[294,117],[-369,518],[-63,313],[-337,-186],[-254,-10],[54,340],[96,74]],[[83182,44348],[42,-170],[223,-323],[198,-465],[-21,-420],[-384,-688],[-379,-268],[-89,-105],[-308,-175],[-6,20]],[[7242,46634],[-156,298],[-146,253],[-78,134],[-156,105],[-47,24],[-68,-2],[-89,-11],[-64,-8],[-14,12],[-52,-12],[-154,-50],[-30,-105],[-188,-182],[-122,-93],[-51,-12],[-11,-14],[-77,-107],[-115,58],[-112,56],[-175,88],[-71,74],[-48,29],[-3,1],[-12,5],[-34,4],[-210,-12],[-97,-5],[-84,-25],[-192,-129],[-60,-18],[-60,67],[-151,46],[-23,-23],[-61,49],[-96,-29],[-307,-90],[-221,-24],[-34,1],[-5,-3],[-2,3],[-176,4],[-158,-41],[0,-3],[-170,-42],[-513,-134],[-75,-20],[-8,8],[-20,-5],[-9,35],[-122,126],[0,0],[0,0],[-99,104],[-30,-1],[16,113],[-16,258],[9,11],[-1,1],[0,2],[47,66],[-80,33],[-239,1198],[-80,68],[52,88],[-1,3],[-9,28],[-40,7],[13,81],[-52,165],[0,2],[-4,9],[4,1],[-3,93],[-3,123],[-4,172],[-4,5],[108,28],[-40,57],[41,85],[12,26],[-15,23],[28,30],[3,50],[6,83],[-172,20],[-329,37],[-10,18],[-4,7],[-95,53],[-74,186],[-201,291],[-74,193],[2,57],[493,258],[44,38],[44,38],[16,121],[-148,116],[-92,113],[-56,255],[-161,246],[-107,224],[-572,292],[56,81],[40,168],[-1,6],[6,54],[-40,77],[35,53],[53,80],[52,148],[18,53],[201,79],[170,17],[207,-109],[257,-34],[16,4],[189,41],[105,75],[42,128],[-48,91],[-117,71],[-27,68],[-33,36],[-26,188],[-11,66],[11,30],[-3,25],[11,134],[-26,84],[114,111],[149,35],[145,-4],[102,-131],[17,-44],[75,-86],[115,-37],[190,4],[93,26],[145,55],[67,49],[12,10],[24,22],[37,298],[-16,43],[-28,71],[-278,228],[-104,85],[-129,25],[-24,2],[-38,-5],[-167,-36],[-55,14],[-117,-3],[-10,-6],[-123,-19],[-16,9],[-93,-11],[-138,75],[-47,-3],[-41,-16],[-144,72],[-36,158],[25,64],[47,29],[80,21],[22,6],[99,26],[140,0],[155,-29],[100,52],[46,10],[58,44],[198,101],[144,92],[242,-27],[58,-46],[53,-13],[155,-7],[87,6],[139,48],[8,6],[-8,90],[-116,93],[-187,92],[-79,30],[-63,82],[-30,119],[-131,77],[-18,15],[0,0],[0,0],[-55,43],[-12,81],[-42,35],[14,80],[183,204],[62,79],[25,92],[-118,226],[-156,87],[-186,68],[-58,112],[12,17],[76,107],[6,38],[15,92],[5,7],[9,55],[36,39],[-5,64],[112,64],[27,16],[178,101],[150,-32],[135,-28],[322,-247],[19,-64],[110,-96],[212,-35],[223,7],[193,58],[111,109],[68,116],[7,11],[17,68],[51,37],[147,-24],[136,-67],[63,-65],[214,-517],[96,-40],[68,65],[48,138],[5,28],[48,161],[57,86],[18,19],[1,7],[11,5],[106,106],[1,0],[15,38],[121,25],[159,2],[60,-9],[320,-46],[2,0],[104,66],[25,65],[-13,13],[-33,32],[-230,78],[-306,105],[-75,72],[-11,32],[-40,41],[-17,61],[136,150],[144,-14],[135,-94],[152,-86]],[[17887,57415],[-231,-23],[-188,-46],[64,-85],[21,-77],[-38,-158],[-242,-159],[41,-84],[98,-107],[104,-53],[-3,-18],[59,-14],[-49,-210],[-135,9],[144,-120],[141,-61],[-408,-141],[29,-23],[-129,-79],[-115,-149],[-79,-293],[134,-5],[117,28],[121,-52],[14,-25],[-76,-35],[81,-171],[-17,-10],[91,-113],[19,-49],[-24,-6],[33,-69],[-462,-69],[-350,-150],[-39,-74],[61,-100],[86,-71],[145,52],[175,31],[396,15],[33,-127],[148,-32],[279,59],[291,22],[217,22],[416,-46],[37,-95],[17,-24],[-437,-219],[-155,-105],[-368,-171],[-195,-49],[-227,-19],[-805,-155],[25,-37],[160,-36],[84,-48],[31,-53],[-11,-51],[95,32],[103,13],[21,-78],[233,83],[175,-114],[184,21],[18,-97],[98,21],[0,-29],[47,20],[20,-10],[94,65],[187,-219],[61,11],[29,-40],[16,-160],[-67,-301],[20,-1],[-26,-308],[101,-12],[57,-110],[148,-125],[-74,-69],[138,-46],[110,16],[177,-13],[32,31],[186,-113],[104,21],[580,-337],[280,-199],[48,-85],[7,-112],[134,-275],[60,-105],[79,-53],[256,-97],[55,-51],[338,-24],[263,20],[203,-96]],[[21606,50562],[-63,-71],[-45,21],[-147,-185],[44,-65],[-264,-148],[-119,-125],[111,-144],[-185,-216],[150,-50],[130,-80],[-194,3],[-105,-20],[-39,-95],[161,-24],[50,-36],[103,4],[78,-62],[49,10],[54,-19],[-11,-23],[40,-19],[11,-61],[-121,-9],[-32,26],[-46,-10],[-60,-66],[-23,17],[-6,-22],[-38,9],[-5,-31],[-46,-11],[-35,-37],[-219,-74]],[[20784,48949],[-197,-41],[-277,-126],[-39,-58],[-51,26],[69,72],[-61,41],[-120,-99],[-85,-138],[18,-116],[-48,-191],[-37,-53],[-207,-102],[-112,-81],[-118,-22],[-159,-143],[-209,-68],[14,-32],[33,-132],[-156,-10],[18,-105],[-142,1],[-4,91],[-710,-58],[-660,-2],[-248,42],[-126,-344],[-136,-146],[-24,-24],[-285,-8],[-156,-55],[-125,16],[-100,90],[-34,83],[-210,208],[-125,169],[-215,90],[-303,49],[-155,-100],[-148,-15],[-208,24],[-166,55],[-276,180],[186,367],[-45,178],[-211,77],[-103,167],[-95,51],[-407,367],[-271,155],[-58,44],[-87,-86],[-85,-4],[-729,87],[-55,440],[-128,34]],[[71060,18344],[-441,319],[-674,212],[-91,-36],[-826,36],[-1233,-248],[-472,-19],[-148,-32],[-151,-55],[10,-111],[-190,-359],[26,-74],[-62,-81],[-149,-97],[5,75],[-33,95],[-17,-9],[30,-97],[-16,-78],[35,-41],[-329,46],[-470,26],[-156,-122],[-162,-210],[-37,-106],[-150,-146],[30,-138],[-37,-93],[20,-86],[106,-159],[141,-119],[-340,-108],[-129,-92]],[[77928,14665],[-518,453],[-98,30],[149,298],[50,337],[-54,98],[-1,78],[-171,157],[-103,184],[-339,181],[13,270],[-336,124],[-3,63],[-29,23],[25,60],[-18,162],[17,59],[-29,147],[95,226],[-140,188],[44,283],[-48,220],[-409,-9],[-367,-43],[-469,-190],[-171,-41],[-238,-21],[-132,-37],[-498,-70],[-511,-165],[-292,163],[-270,67],[-192,107],[-40,100],[95,200]],[[80255,19348],[17,-284],[108,-236],[251,-294],[458,-282],[135,-118],[88,-193],[-15,-178],[-86,-126],[0,0],[-98,-64],[0,0],[0,0],[-127,-32],[-170,-4],[-325,73],[-498,251],[-267,32],[-208,-24],[-246,-81],[-481,-181],[-308,-170],[-140,-103],[-172,-193],[-65,-130],[8,-147],[109,-191],[96,-90],[1103,-548],[5,-22],[990,-554]],[[67244,50811],[-86,-75],[9,-108],[-69,-62],[-7,-48],[-78,-87],[34,-158],[-13,-65],[33,-11],[-66,-69],[-122,-65],[-4,-35],[-109,-55],[-271,24],[-105,-17],[107,-159],[2,-68],[-79,-83],[-200,-64],[82,-94],[70,4],[27,-59],[-771,-126],[17,-36],[-406,53],[-12,22],[-202,-51],[222,-247],[495,-769],[-196,-96],[-146,-133],[-196,-106],[23,-60],[-1195,-476],[-31,-89],[-38,-368],[118,-107],[747,-539],[-82,-38],[178,-306],[-36,-9],[-35,44],[-357,-93]],[[68325,42819],[152,72],[25,61],[77,59],[1,115],[30,43],[40,1],[26,80],[223,103],[51,68],[-5,123],[-28,46],[58,165],[36,19],[-32,56],[41,21],[-6,53],[28,33],[0,167],[-27,78],[27,122],[41,20],[78,-11],[169,27],[282,106],[110,9],[-7,34],[96,41],[57,-5],[115,104],[10,93],[-8,196],[213,25],[369,226],[37,163],[171,164],[20,230],[25,89],[64,84],[2,94],[100,48],[50,102],[103,65],[44,19],[106,-2],[203,96],[40,-12],[117,74],[122,16],[403,154],[246,19],[321,-26],[36,24],[-113,67],[-61,-2],[-18,64],[-56,20],[-12,21],[127,8]],[[24155,34796],[-346,-117],[-114,3],[-172,111],[-23,56],[34,130],[-32,53],[-176,-130],[-195,5],[-199,-26],[-168,24],[-69,-84],[-87,-42],[-121,-36],[-100,20],[-180,186],[-70,33],[-235,272],[-14,222],[80,244],[-271,211],[-127,-17],[-408,-133],[-508,2],[52,153],[-216,127],[-360,-107],[-323,-209],[-136,-30],[-348,12],[-105,-35],[-201,-121]],[[19017,35573],[-245,133],[-58,46],[-110,88],[21,8],[-35,34],[-13,12],[-14,12],[-99,36],[-126,146],[-452,215],[-244,75],[-151,76],[0,55],[-73,160],[-12,14],[306,94],[-147,187],[-50,130],[9,25],[22,9],[0,145],[-2,3],[-5,7],[-203,-33],[-358,2],[-52,128],[13,80],[-13,43],[0,1],[-90,43],[9,22],[-69,63],[-271,204],[-17,37],[-72,31],[-38,4],[-55,36],[-14,6],[-461,-79],[-70,45],[-112,71],[-33,20],[-44,-23],[-8,-6],[-6,-2],[-1,0],[-252,-134],[-43,-23],[-210,-111],[-27,-5],[-28,-4],[-87,-38],[-340,-38],[-41,-10],[-864,-400],[-15,1],[-12,-5],[-197,-11],[-226,29],[-245,109],[-112,80],[-11,6],[-2,4],[-18,13],[8,11],[-14,36],[-32,80],[-257,49],[-24,25],[-74,-11],[0,-35],[-29,-13],[-374,56],[-14,3],[-6,-1],[-426,-110],[-205,-19],[-13,14],[-7,-2],[-12,22],[-130,135],[-86,176],[25,9],[-2,4],[136,55],[152,62],[3,19],[-35,159],[61,61],[13,12],[1,6],[-131,212],[-91,211],[8,2],[6,2],[-5,10],[213,68],[126,121],[-150,747],[100,47],[281,169],[264,96],[-71,99],[-26,35],[-92,127],[-29,25],[5,9],[132,244]],[[16732,41251],[52,-46],[13,-53],[244,13],[142,39],[23,-87],[54,10],[143,-298],[34,-3],[47,-53],[100,39],[347,69],[62,3],[45,-54],[40,-7],[297,101],[29,-32],[116,-37],[317,-217],[43,21],[121,-114],[220,-309],[318,217],[38,-34],[417,161],[33,-27],[151,0],[26,-114],[32,-27],[179,40],[43,-163],[405,54],[35,-220],[28,-5],[503,-50],[50,38],[68,17],[231,-20],[397,45],[-65,321],[602,100],[658,192],[-29,18],[95,41],[-22,22],[-44,-22],[-87,115],[54,139],[203,183],[182,41],[253,12],[206,148],[214,298],[266,167]],[[24779,45023],[-57,66],[137,1],[-60,134],[-205,-50],[-41,92],[42,18],[-27,201],[139,28],[-31,80],[-208,-31],[-13,124],[-444,-31],[-38,126],[-41,-3],[-9,58],[-269,-30],[-42,133],[-279,-17],[-3,29],[-65,7],[6,35],[65,-1],[-4,74],[-219,19],[-434,137],[-247,127],[62,56],[37,-12],[34,35],[-349,136],[50,16],[-104,57],[-44,62],[32,159],[-132,399],[56,14],[-133,94],[-108,115],[-71,-67],[-417,210],[-123,-49],[-318,558],[277,24],[-4,127],[-11,155],[-115,229],[-215,-69],[-76,81],[142,59],[-118,211]],[[21606,50562],[65,-25],[57,61],[39,160],[-2,170],[49,52],[45,172],[-13,222],[109,14],[57,-88],[123,-19],[411,58],[574,9],[701,-174],[599,-599],[568,-254],[560,-120],[30,-30],[13,-95],[353,12],[4,-65],[340,34],[122,-2],[57,-48],[69,23],[47,-115],[-47,-47],[34,-58],[-35,-69],[67,-95],[-41,-60],[386,130],[113,-135],[202,-100],[116,60],[82,-62],[53,42],[194,-67],[28,50],[478,-103],[187,-65],[141,-96],[181,-14],[15,66],[-38,228],[88,38],[146,-31],[159,17],[111,41],[-17,-78],[170,12]],[[60638,64772],[19,43],[-10,-90],[25,-76],[69,-50],[109,-28],[153,-40],[164,-41],[308,-52],[136,-21],[168,-6],[181,-5],[70,-7],[72,-26],[51,-50],[133,-144],[95,-136],[77,-149],[71,-185],[67,-137],[19,-50],[2,-2],[5,-13],[6,-10],[2,-2],[6,-11],[8,-15],[4,-10],[0,-1],[0,0],[1,-3],[4,-15],[3,-15],[4,-18],[2,-18],[7,-19],[5,-61],[-10,-46],[-39,-40],[-101,-63],[-77,-47],[-33,-24],[-30,-32],[-28,-9],[-4,-3],[0,-1],[0,0],[-8,-1],[-24,-8],[-74,-3],[-29,2],[-4,0],[-6,0],[-21,2],[0,0],[-3,1],[-21,1],[-203,41],[-85,16],[-45,-9],[-35,-30],[-8,-69],[8,-48],[36,-41],[67,-23],[109,-83],[207,-144],[121,-109],[63,-85],[10,-36],[12,-16],[7,-9],[0,0],[0,0],[3,-7],[0,-3],[0,-17],[-1,-25],[-1,-7],[-3,-2],[-2,-92],[23,-89],[54,-150],[39,-76],[17,-94],[39,-193],[24,-64],[46,-47],[73,-45],[108,-64]],[[47916,82838],[129,-44],[84,17],[147,-6],[85,47],[49,92],[-7,205],[-36,62],[1,1],[39,91],[163,42],[163,-25],[89,-53],[25,-64],[-18,-150],[-196,-330],[-5,-8],[-7,-5],[-64,-73],[-69,-104],[4,-113],[25,-96],[68,-83],[104,-53],[36,-14],[41,-17],[60,-19],[19,-7],[19,-7],[1,-1],[109,-53],[82,-105],[78,-128],[97,-149],[94,-125],[116,-112],[111,-124],[145,-126],[131,-100],[88,-105],[105,-163],[70,-130],[18,-54],[0,0],[10,-20],[5,-11],[4,-8],[12,-48],[2,-5],[-14,-34],[0,-9],[-1,-29],[-1,-6],[-1,-4],[0,0],[0,-4],[-32,-45],[-15,-27],[-104,-148],[-76,-97],[-22,-75],[-10,-85],[0,-29],[-6,-45],[-2,-15],[-4,-14],[-5,-14],[-1,-6],[-6,-6],[-1,-4],[-2,-2],[-4,-15],[-82,-85],[-91,-109],[-79,-128],[-47,-107],[-2,-105],[6,-63],[17,-53],[4,-8],[51,-64],[117,-69],[350,-173],[96,-50],[24,-8],[39,-17],[84,-23],[115,-31],[94,-62],[105,-46],[117,-62],[144,-48],[125,-30],[146,-14],[104,-38],[107,-70],[147,-109],[30,-27],[1,0],[2,-2],[23,-21],[-1,-5],[4,-4],[5,-11],[3,-9],[1,-8],[-1,-8],[-2,-7],[-1,-1],[0,-1],[0,-3],[-64,-103],[-161,-168],[-145,-112],[-9,-7],[-255,-195],[-168,-56],[-180,-190],[-110,-58],[-5,-3],[-122,7],[-59,31],[-36,19],[-63,33],[-10,13],[-221,296],[-22,13],[-87,52],[-83,22],[-101,-4],[-76,-23],[-57,-45],[-17,-71],[38,-49],[129,-69],[149,-118],[149,-111],[138,-107],[103,-97],[85,-82],[82,-110],[22,-27],[5,-3],[6,-6],[20,-22],[30,-43],[16,-23],[3,-4],[12,-16],[4,-4],[0,-1],[91,-72],[96,-49],[4,-2],[20,-6],[24,-6],[92,-16],[5,-1],[30,-1],[27,-1],[33,-2],[32,-3],[16,-2],[14,-2],[65,-8],[13,-1],[4,0],[81,-4],[55,-1],[19,-1],[31,-2],[67,-6],[15,-1],[133,-8],[145,6],[59,2],[35,5],[48,3],[17,-1],[22,-2],[15,-4],[1,0],[5,-1],[13,-6],[7,-4],[6,-6],[5,-7],[7,-10],[6,-7],[45,-32],[52,-54],[22,-17],[14,-11],[25,-25],[5,-9],[7,-13],[2,-7],[1,-7],[-1,-4],[1,-1],[-3,-17],[5,-55],[-19,-102],[-21,-157],[-166,-213],[-98,-152],[-64,-104],[-22,-75],[-3,-93],[-3,-98],[-35,-114],[-61,-135],[-65,-88],[-26,-20],[-1,0],[-2,-2],[-2,-2],[-8,-10],[-4,-1],[-6,-1],[-72,-10],[-10,1],[-42,8],[-37,7],[-35,19],[-1,1],[-116,65],[-14,14],[-75,52],[-192,86],[-57,17],[-50,-2],[-42,-29],[-125,-111],[-18,-47],[22,-62],[91,-89],[95,-129],[96,-78],[33,-29],[13,-8],[12,-9],[8,-7],[14,-12],[24,-23],[11,-13],[25,-18],[63,-40],[32,-9],[49,-8],[46,-8],[28,0],[47,2],[24,1],[34,2],[36,3],[40,3],[93,11],[39,5],[35,4],[37,2],[23,1],[29,0],[1,0],[15,1],[27,-3],[6,0],[24,-3],[17,-2],[20,-3],[1,0],[29,-3],[281,-63],[1,0],[9,0],[9,0],[9,-2],[16,-5],[23,-7],[10,-4],[19,-7],[0,0],[4,-2],[1,-1],[5,-3],[3,-2],[5,-12],[0,0],[43,-57],[70,-99],[79,-144],[140,-317],[2,-2],[5,-4],[12,-9],[28,-19],[4,-3],[22,-14],[30,-19],[25,-16],[8,-7],[86,-37],[97,-55],[62,-69],[94,-61],[108,-18],[117,-8],[145,-7],[3,1],[0,0],[23,6],[17,4],[20,3],[34,4],[22,2],[19,2],[32,5],[131,5],[127,-21],[179,-41],[26,-7],[9,-3],[18,-3],[33,-6],[28,-6],[21,-7],[20,-7],[22,-11],[7,-5],[7,-2],[37,-13],[244,-84],[79,12],[220,-52],[165,-91],[21,-61],[-25,-29],[-110,5],[-6,6],[0,1],[-2,0],[-6,3],[-49,3],[-132,29],[-60,-19],[-49,-84],[-35,-96],[8,-160],[-12,-78],[-31,-35],[-3,-3],[0,-1],[-17,-19],[-104,-82],[-55,-88],[-47,-101],[2,-91],[-13,-36],[-2,-44],[-14,-28],[-1,-1],[-17,-34],[-11,-23]],[[90067,49459],[216,-7],[118,21],[281,188],[519,576],[384,308],[301,118],[409,256],[171,35],[198,-45],[916,-435],[182,-157],[329,-495],[75,-75],[521,-250],[279,-55],[272,-12],[57,17],[168,111],[111,23],[398,-198],[296,-110],[409,-69],[118,-44],[117,-121],[177,-294],[215,-496],[106,-113],[104,-32],[144,11],[159,79],[159,146],[234,285],[234,466],[-14,173],[30,156],[75,152],[124,100],[136,29],[353,-124],[351,-161],[313,-242],[0,0],[0,0],[87,-306],[101,-134],[-32,-117],[0,0],[-122,-139],[0,-1],[-52,-35],[-56,-38],[-40,-25],[-18,-14],[-24,-16],[-34,-20],[0,0],[-27,-15],[-39,-25],[-137,-83],[-122,-108],[-115,-128],[-97,-89],[-9,-9],[-2,-2],[-35,-32],[-89,-107],[-43,-50],[-13,-19],[-20,-30],[-13,-19],[-19,-26],[-10,-13],[-24,-26],[0,0],[0,0],[-23,-19],[-23,-19],[-11,-7],[-33,-26],[-22,-16],[-25,-14],[-27,-19],[0,0],[-358,-132],[-388,-194],[-431,-112],[-431,-170],[-189,-230],[-31,-129],[57,-169],[176,-152],[400,-186],[314,-81],[228,-96],[159,-93],[90,-138],[-67,-124],[-180,-176],[-525,-431],[-53,-70],[-78,-201],[-19,-193],[31,-47],[393,-189],[92,-64],[358,-277],[116,-139],[59,-139],[-53,-255],[85,-447],[-55,-156],[-369,-320],[-255,-140],[-945,-279],[-176,-69],[-182,-101],[-149,-129],[-129,-198],[8,-292],[-9,-134],[30,-117],[242,-319],[-79,-189],[-23,-197],[49,-130],[18,-330],[-78,-469],[19,-404]],[[19417,30274],[5,18],[-58,5],[-278,-107],[-7,-16],[-45,-105],[16,-37],[17,-22],[-20,-59],[-84,-10],[-177,106],[-46,50],[-13,53],[51,64],[2,3],[2,55],[0,11],[-13,13],[-53,11],[-164,-52],[-68,11],[-37,5],[-14,3],[16,185],[-30,15],[-162,32],[-216,115],[-42,-11],[-47,16],[-57,52],[-50,-10],[-84,26],[-66,-3],[-315,-19],[-467,285],[-340,-28],[-180,87],[-83,40],[-2,1],[-369,486],[-80,191],[67,69],[-1,83],[62,111],[-41,123],[3,4],[-3,6],[17,79],[149,250],[53,25],[2,2],[-23,77],[58,27],[-30,122],[-113,33],[111,96],[112,119],[63,95],[117,98],[32,36],[-9,88],[-4,6],[-15,9],[-115,66],[46,70],[76,134],[68,9],[136,17],[299,341],[9,22],[128,147],[10,-1],[90,-7],[75,25],[590,355],[228,231],[321,389],[590,483]],[[33173,37150],[131,-170],[-203,-102],[-173,-55],[87,-167],[-185,-70],[155,-164],[140,-105],[-33,-17],[101,-72],[-57,-103],[-260,-179],[56,-109],[366,-443],[171,-150],[296,-176],[6,-22],[-226,-131],[175,-146],[-83,-71],[-191,86],[-301,-247],[100,-159],[-311,-83],[48,-134],[-5,-78],[-128,-105],[131,-83],[79,-19],[168,19],[45,45],[241,114],[89,17],[179,3],[81,-48],[132,0],[42,-194],[-34,-8],[56,-92],[-99,-37],[49,-62],[59,13],[40,54],[128,-33],[113,16],[91,-102],[106,31],[75,-85],[242,100],[274,226],[248,81],[182,-8],[15,33],[37,-9],[452,-202]]],"transform":{"scale":[0.000007951898797000006,0.000007349488492884943],"translate":[5.7357079758,49.4478379988]},"objects":{"communes_luxembourg":{"type":"GeometryCollection","geometries":[{"arcs":[[0,1,2,3,4]],"type":"Polygon","properties":{"id":"1001","name":"Beaufort","subdivision":"Echternach","cx":6.295,"cy":49.836}},{"arcs":[[5,6,7,8]],"type":"Polygon","properties":{"id":"0106","name":"Koerich","subdivision":"Capellen","cx":5.961,"cy":49.669}},{"arcs":[[9,10,11,12]],"type":"Polygon","properties":{"id":"1107","name":"Mertert","subdivision":"Grevenmacher","cx":6.475,"cy":49.718}},{"arcs":[[13,14,15,16,17]],"type":"Polygon","properties":{"id":"0205","name":"Frisange","subdivision":"Esch-sur-Alzette","cx":6.212,"cy":49.52}},{"arcs":[[18,19,20,21,22,23,24]],"type":"Polygon","properties":{"id":"0201","name":"Bettembourg","subdivision":"Esch-sur-Alzette","cx":6.084,"cy":49.522}},{"arcs":[[25,26,27,28]],"type":"Polygon","properties":{"id":"0202","name":"Differdange","subdivision":"Esch-sur-Alzette","cx":5.882,"cy":49.521}},{"arcs":[[29,30,31,32,33,34]],"type":"Polygon","properties":{"id":"0102","name":"Garnich","subdivision":"Capellen","cx":5.936,"cy":49.613}},{"arcs":[[35,36,37,38,39,40,41]],"type":"Polygon","properties":{"id":"0405","name":"Heffingen","subdivision":"Mersch","cx":6.246,"cy":49.763}},{"arcs":[[42,43,44,45,46]],"type":"Polygon","properties":{"id":"0306","name":"Sandweiler","subdivision":"Luxembourg","cx":6.215,"cy":49.615}},{"arcs":[[-6,47,48,49,50,51,52,53,54]],"type":"Polygon","properties":{"id":"0105","name":"Kehlen","subdivision":"Capellen","cx":6.033,"cy":49.675}},{"arcs":[[55,56,57,58,59,60,61,62,63]],"type":"Polygon","properties":{"id":"0602","name":"Bourscheid","subdivision":"Diekirch","cx":6.055,"cy":49.906}},{"arcs":[[64,65,66,67,68,69]],"type":"Polygon","properties":{"id":"1101","name":"Betzdorf","subdivision":"Grevenmacher","cx":6.313,"cy":49.68}},{"arcs":[[70,71,72,73,74]],"type":"Polygon","properties":{"id":"1206","name":"Schengen","subdivision":"Remich","cx":6.335,"cy":49.498}},{"arcs":[[75,76,77,78,79,80]],"type":"Polygon","properties":{"id":"0502","name":"Wincrange","subdivision":"Clervaux","cx":5.924,"cy":50.065}},{"arcs":[[-58,81,82,83]],"type":"Polygon","properties":{"id":"0606","name":"Feulen","subdivision":"Diekirch","cx":6.03,"cy":49.861}},{"arcs":[[-14,84,-25,85,86,87,88]],"type":"Polygon","properties":{"id":"0211","name":"Roeser","subdivision":"Esch-sur-Alzette","cx":6.131,"cy":49.537}},{"arcs":[[-66,89,90,91,92]],"type":"Polygon","properties":{"id":"1103","name":"Flaxweiler","subdivision":"Grevenmacher","cx":6.34,"cy":49.658}},{"arcs":[[93,94,95,96,97]],"type":"Polygon","properties":{"id":"0609","name":"Schieren","subdivision":"Diekirch","cx":6.115,"cy":49.827}},{"arcs":[[-83,98,99,100,101,102]],"type":"Polygon","properties":{"id":"0607","name":"Mertzig","subdivision":"Diekirch","cx":6,"cy":49.835}},{"arcs":[[103,104,105,106]],"type":"Polygon","properties":{"id":"0601","name":"Bettendorf","subdivision":"Diekirch","cx":6.218,"cy":49.871}},{"arcs":[[[-8,107,-31,108,109]],[[-35,110,111]]],"type":"MultiPolygon","properties":{"id":"0110","name":"Steinfort","subdivision":"Capellen","cx":5.922,"cy":49.649}},{"arcs":[[-22,112,113,114]],"type":"Polygon","properties":{"id":"0214","name":"Schifflange","subdivision":"Esch-sur-Alzette","cx":6.015,"cy":49.507}},{"arcs":[[-76,115,116]],"type":"Polygon","properties":{"id":"0504","name":"Troisvierges","subdivision":"Clervaux","cx":5.998,"cy":50.145}},{"arcs":[[-77,-117,117,118]],"type":"Polygon","properties":{"id":"0505","name":"Weiswampach","subdivision":"Clervaux","cx":6.066,"cy":50.132}},{"arcs":[[119,120,121,122,123]],"type":"Polygon","properties":{"id":"1005","name":"Echternach","subdivision":"Echternach","cx":6.409,"cy":49.802}},{"arcs":[[124,125,126,127]],"type":"Polygon","properties":{"id":"0402","name":"Bissen","subdivision":"Mersch","cx":6.053,"cy":49.789}},{"arcs":[[-114,128,129,130,131,132]],"type":"Polygon","properties":{"id":"0204","name":"Esch-sur-Alzette","subdivision":"Esch-sur-Alzette","cx":5.982,"cy":49.496}},{"arcs":[[-60,133,134,135,136]],"type":"Polygon","properties":{"id":"0804","name":"Goesdorf","subdivision":"Wiltz","cx":5.981,"cy":49.933}},{"arcs":[[-28,137,138,139,140,-132,141]],"type":"Polygon","properties":{"id":"0213","name":"Sanem","subdivision":"Esch-sur-Alzette","cx":5.935,"cy":49.531}},{"arcs":[[-50,142,-126,143,144,145,146,147]],"type":"Polygon","properties":{"id":"0409","name":"Mersch","subdivision":"Mersch","cx":6.081,"cy":49.745}},{"arcs":[[-104,148,149,150]],"type":"Polygon","properties":{"id":"0603","name":"Diekirch","subdivision":"Diekirch","cx":6.148,"cy":49.872}},{"arcs":[[151,152,153,154,155,156]],"type":"Polygon","properties":{"id":"0708","name":"Useldange","subdivision":"Redange","cx":5.966,"cy":49.77}},{"arcs":[[-101,157,-128,158,-153,159,160]],"type":"Polygon","properties":{"id":"0709","name":"Vichten","subdivision":"Redange","cx":6.007,"cy":49.808}},{"arcs":[[-98,161,162,163,-145,164]],"type":"Polygon","properties":{"id":"0410","name":"Nommern","subdivision":"Mersch","cx":6.153,"cy":49.801}},{"arcs":[[-54,165,166,167,168]],"type":"Polygon","properties":{"id":"0309","name":"Strassen","subdivision":"Luxembourg","cx":6.059,"cy":49.633}},{"arcs":[[169,170,171,172]],"type":"Polygon","properties":{"id":"0703","name":"Ell","subdivision":"Redange","cx":5.83,"cy":49.768}},{"arcs":[[173,174,175]],"type":"Polygon","properties":{"id":"0310","name":"Walferdange","subdivision":"Luxembourg","cx":6.134,"cy":49.659}},{"arcs":[[-59,-84,-103,176,177,178,179,-134]],"type":"Polygon","properties":{"id":"0802","name":"Esch-sur-Sûre","subdivision":"Wiltz","cx":5.944,"cy":49.89}},{"arcs":[[-75,180,181,182]],"type":"Polygon","properties":{"id":"1205","name":"Remich","subdivision":"Remich","cx":6.36,"cy":49.547}},{"arcs":[[-52,183,184,185,186,-175,187]],"type":"Polygon","properties":{"id":"0308","name":"Steinsel","subdivision":"Luxembourg","cx":6.116,"cy":49.677}},{"arcs":[[-38,188,189,-69,190,-185,191,192]],"type":"Polygon","properties":{"id":"1105","name":"Junglinster","subdivision":"Grevenmacher","cx":6.253,"cy":49.713}},{"arcs":[[-179,193,194,195]],"type":"Polygon","properties":{"id":"0801","name":"Boulaide","subdivision":"Wiltz","cx":5.811,"cy":49.895}},{"arcs":[[-168,196,197,198,199,200]],"type":"Polygon","properties":{"id":"0301","name":"Bertrange","subdivision":"Luxembourg","cx":6.044,"cy":49.601}},{"arcs":[[-80,201,202,203]],"type":"Polygon","properties":{"id":"0808","name":"Winseler","subdivision":"Wiltz","cx":5.864,"cy":49.968}},{"arcs":[[-45,204,-87,205,-197,-167,206,-176,-187,207]],"type":"Polygon","properties":{"id":"0304","name":"Luxembourg","subdivision":"Luxembourg","cx":6.126,"cy":49.614}},{"arcs":[[-23,-115,-133,-141,208,209]],"type":"Polygon","properties":{"id":"0208","name":"Mondercange","subdivision":"Esch-sur-Alzette","cx":5.994,"cy":49.53}},{"arcs":[[-53,-188,-174,-207,-166]],"type":"Polygon","properties":{"id":"0107","name":"Kopstal","subdivision":"Capellen","cx":6.081,"cy":49.664}},{"arcs":[[-63,210,211,212,213]],"type":"Polygon","properties":{"id":"0902","name":"Putscheid","subdivision":"Vianden","cx":6.12,"cy":49.955}},{"arcs":[[-92,214,215,216,217,218]],"type":"Polygon","properties":{"id":"1203","name":"Lenningen","subdivision":"Remich","cx":6.32,"cy":49.61}},{"arcs":[[-79,219,220,-136,221,-202]],"type":"Polygon","properties":{"id":"0807","name":"Wiltz","subdivision":"Wiltz","cx":5.943,"cy":49.982}},{"arcs":[[-46,-208,-186,-191,-68,222]],"type":"Polygon","properties":{"id":"0305","name":"Niederanven","subdivision":"Luxembourg","cx":6.226,"cy":49.655}},{"arcs":[[-15,-89,223,224,225]],"type":"Polygon","properties":{"id":"0311","name":"Weiler-la-Tour","subdivision":"Luxembourg","cx":6.2,"cy":49.547}},{"arcs":[[-56,226,-150,227,-96,228]],"type":"Polygon","properties":{"id":"0604","name":"Erpeldange-sur-Sûre","subdivision":"Diekirch","cx":6.113,"cy":49.866}},{"arcs":[[-17,229,-72,230]],"type":"Polygon","properties":{"id":"1204","name":"Mondorf-les-Bains","subdivision":"Remich","cx":6.281,"cy":49.514}},{"arcs":[[-57,-229,-95,231,-99,-82]],"type":"Polygon","properties":{"id":"0605","name":"Ettelbruck","subdivision":"Diekirch","cx":6.084,"cy":49.849}},{"arcs":[[-61,-137,-221,232,233]],"type":"Polygon","properties":{"id":"0805","name":"Kiischpelt","subdivision":"Wiltz","cx":6.003,"cy":49.98}},{"arcs":[[-27,234,235,-111,-34,236,-138]],"type":"Polygon","properties":{"id":"0104","name":"Käerjeng","subdivision":"Capellen","cx":5.899,"cy":49.584}},{"arcs":[[-47,-223,-67,-93,-219,237]],"type":"Polygon","properties":{"id":"0307","name":"Schuttrange","subdivision":"Luxembourg","cx":6.27,"cy":49.624}},{"arcs":[[-51,-148,238,239,-192,-184]],"type":"Polygon","properties":{"id":"0408","name":"Lorentzweiler","subdivision":"Mersch","cx":6.147,"cy":49.698}},{"arcs":[[-33,240,-200,241,-139,-237]],"type":"Polygon","properties":{"id":"0101","name":"Dippach","subdivision":"Capellen","cx":5.976,"cy":49.585}},{"arcs":[[-135,-180,-196,242,-203,-222]],"type":"Polygon","properties":{"id":"0806","name":"Lac de la Haute Sûre","subdivision":"Wiltz","cx":5.87,"cy":49.921}},{"arcs":[[-78,-119,243,244,-233,-220]],"type":"Polygon","properties":{"id":"0501","name":"Clervaux","subdivision":"Clervaux","cx":6.057,"cy":50.069}},{"arcs":[[-155,245,246,247]],"type":"Polygon","properties":{"id":"0707","name":"Saeul","subdivision":"Redange","cx":5.971,"cy":49.734}},{"arcs":[[-44,248,-224,-88,-205]],"type":"Polygon","properties":{"id":"0303","name":"Hesperange","subdivision":"Luxembourg","cx":6.167,"cy":49.578}},{"arcs":[[-21,249,250,251,-129,-113]],"type":"Polygon","properties":{"id":"0206","name":"Kayl","subdivision":"Esch-sur-Alzette","cx":6.034,"cy":49.483}},{"arcs":[[-40,252,-163,253]],"type":"Polygon","properties":{"id":"0406","name":"Larochette","subdivision":"Mersch","cx":6.199,"cy":49.778}},{"arcs":[[-70,-190,254,255,256]],"type":"Polygon","properties":{"id":"1102","name":"Biwer","subdivision":"Grevenmacher","cx":6.364,"cy":49.704}},{"arcs":[[-2,257,-123,258,259]],"type":"Polygon","properties":{"id":"1003","name":"Berdorf","subdivision":"Echternach","cx":6.352,"cy":49.823}},{"arcs":[[-94,-165,-144,-125,-158,-100,-232]],"type":"Polygon","properties":{"id":"0401","name":"Colmar-Berg","subdivision":"Mersch","cx":6.081,"cy":49.811}},{"arcs":[[-91,260,261,262,-215]],"type":"Polygon","properties":{"id":"1108","name":"Wormeldange","subdivision":"Grevenmacher","cx":6.396,"cy":49.616}},{"arcs":[[-26,263,-235]],"type":"Polygon","properties":{"id":"0209","name":"Pétange","subdivision":"Esch-sur-Alzette","cx":5.856,"cy":49.548}},{"arcs":[[-10,264,-261,-90,-65,-257,265]],"type":"Polygon","properties":{"id":"1104","name":"Grevenmacher","subdivision":"Grevenmacher","cx":6.413,"cy":49.675}},{"arcs":[[-130,-252,266]],"type":"Polygon","properties":{"id":"0212","name":"Rumelange","subdivision":"Esch-sur-Alzette","cx":6.012,"cy":49.462}},{"arcs":[[-5,267,-106,268,269]],"type":"Polygon","properties":{"id":"0608","name":"Reisdorf","subdivision":"Diekirch","cx":6.274,"cy":49.864}},{"arcs":[[-11,-266,-256,270,271]],"type":"Polygon","properties":{"id":"1106","name":"Manternach","subdivision":"Grevenmacher","cx":6.417,"cy":49.718}},{"arcs":[[-7,-55,-169,-201,-241,-32,-108]],"type":"Polygon","properties":{"id":"0108","name":"Mamer","subdivision":"Capellen","cx":6.01,"cy":49.63}},{"arcs":[[-140,-242,-199,272,-209]],"type":"Polygon","properties":{"id":"0210","name":"Reckange-sur-Mess","subdivision":"Esch-sur-Alzette","cx":6.014,"cy":49.558}},{"arcs":[[-16,-226,273,274,-73,-230]],"type":"Polygon","properties":{"id":"1202","name":"Dalheim","subdivision":"Remich","cx":6.252,"cy":49.542}},{"arcs":[[-20,275,-250]],"type":"Polygon","properties":{"id":"0203","name":"Dudelange","subdivision":"Esch-sur-Alzette","cx":6.089,"cy":49.482}},{"arcs":[[-213,276,277]],"type":"Polygon","properties":{"id":"0903","name":"Vianden","subdivision":"Vianden","cx":6.202,"cy":49.938}},{"arcs":[[-39,-193,-240,278,-146,-164,-253]],"type":"Polygon","properties":{"id":"0404","name":"Fischbach","subdivision":"Mersch","cx":6.193,"cy":49.745}},{"arcs":[[-37,279,-121,280,-271,-255,-189]],"type":"Polygon","properties":{"id":"1002","name":"Bech","subdivision":"Echternach","cx":6.34,"cy":49.749}},{"arcs":[[-170,281,-194,-178,282,283,284]],"type":"Polygon","properties":{"id":"0704","name":"Rambrouch","subdivision":"Redange","cx":5.84,"cy":49.842}},{"arcs":[[-43,-238,-218,285,-274,-225,-249]],"type":"Polygon","properties":{"id":"0302","name":"Contern","subdivision":"Luxembourg","cx":6.245,"cy":49.589}},{"arcs":[[-182,286,-216,-263,287]],"type":"Polygon","properties":{"id":"1207","name":"Stadtbredimus","subdivision":"Remich","cx":6.353,"cy":49.581}},{"arcs":[[-4,288,-41,-254,-162,-97,-228,-149,-107,-268]],"type":"Polygon","properties":{"id":"0610","name":"Vallée de l'Ernz","subdivision":"Diekirch","cx":6.217,"cy":49.825}},{"arcs":[[-36,289,-259,-122,-280]],"type":"Polygon","properties":{"id":"1004","name":"Consdorf","subdivision":"Echternach","cx":6.338,"cy":49.781}},{"arcs":[[-156,-248,290,291,-172,292]],"type":"Polygon","properties":{"id":"0701","name":"Beckerich","subdivision":"Redange","cx":5.892,"cy":49.729}},{"arcs":[[-147,-279,-239]],"type":"Polygon","properties":{"id":"0407","name":"Lintgen","subdivision":"Mersch","cx":6.143,"cy":49.725}},{"arcs":[[-152,293,-284,294,-160]],"type":"Polygon","properties":{"id":"0702","name":"Préizerdaul","subdivision":"Redange","cx":5.933,"cy":49.802}},{"arcs":[[-24,-210,-273,-198,-206,-86]],"type":"Polygon","properties":{"id":"0207","name":"Leudelange","subdivision":"Esch-sur-Alzette","cx":6.068,"cy":49.568}},{"arcs":[[-64,-214,-278,295,-269,-105,-151,-227]],"type":"Polygon","properties":{"id":"0901","name":"Tandel","subdivision":"Vianden","cx":6.171,"cy":49.91}},{"arcs":[[-3,-260,-290,-42,-289]],"type":"Polygon","properties":{"id":"1008","name":"Waldbillig","subdivision":"Echternach","cx":6.283,"cy":49.798}},{"arcs":[[-62,-234,-245,296,-211]],"type":"Polygon","properties":{"id":"0503","name":"Parc Hosingen","subdivision":"Clervaux","cx":6.086,"cy":50.011}},{"arcs":[[-157,-293,-171,-285,-294]],"type":"Polygon","properties":{"id":"0706","name":"Redange","subdivision":"Redange","cx":5.891,"cy":49.775}},{"arcs":[[-12,-272,-281,-120,297]],"type":"Polygon","properties":{"id":"1006","name":"Rosport-Mompach","subdivision":"Echternach","cx":6.463,"cy":49.768}},{"arcs":[[-9,-110,298,-291,-247,299,-48]],"type":"Polygon","properties":{"id":"0103","name":"Habscht","subdivision":"Capellen","cx":5.903,"cy":49.692}},{"arcs":[[-49,-300,-246,-154,-159,-127,-143]],"type":"Polygon","properties":{"id":"0403","name":"Helperknapp","subdivision":"Mersch","cx":6.025,"cy":49.724}},{"arcs":[[-102,-161,-295,-283,-177]],"type":"Polygon","properties":{"id":"0711","name":"Groussbus-Wal","subdivision":"Redange","cx":5.94,"cy":49.841}},{"arcs":[[-74,-275,-286,-217,-287,-181]],"type":"Polygon","properties":{"id":"1209","name":"Bous-Waldbredimus","subdivision":"Remich","cx":6.307,"cy":49.562}}]}}}