id,name,subdivision,territoire,sigle,pays,pays_sigle
DE-07235001,Aach,Trier-Saarburg,Rhénanie-Palatinat,RLP,Allemagne,DE
FR-55001,Abainville,Meuse,Lorraine,LOR,France,FR
FR-54001,Abaucourt,Meurthe-et-Moselle,Lorraine,LOR,France,FR
FR-55002,Abaucourt-Hautecourt,Meuse,Lorraine,LOR,France,FR
FR-54002,Abbéville-lès-Conflans,Meurthe-et-Moselle,Lorraine,LOR,France,FR
DE-07134001,Abentheuer,Birkenfeld,Rhénanie-Palatinat,RLP,Allemagne,DE
FR-54003,Aboncourt (Meurthe-et-Moselle),Meurthe-et-Moselle,Lorraine,LOR,France,FR
FR-57001,Aboncourt (Moselle),Moselle,Lorraine,LOR,France,FR
FR-57002,Aboncourt-sur-Seille,Moselle,Lorraine,LOR,France,FR
FR-57003,Abreschviller,Moselle,Lorraine,LOR,France,FR
DE-07133001,Abtweiler,Bad Kreuznach,Rhénanie-Palatinat,RLP,Allemagne,DE
FR-57004,Achain,Moselle,Lorraine,LOR,France,FR
FR-57006,Achen,Moselle,Lorraine,LOR,France,FR
DE-07137001,Acht,Mayen-Koblenz,Rhénanie-Palatinat,RLP,Allemagne,DE
DE-07134002,Achtelsbach,Birkenfeld,Rhénanie-Palatinat,RLP,Allemagne,DE
FR-57007,Adaincourt,Moselle,Lorraine,LOR,France,FR
FR-57008,Adelange,Moselle,Lorraine,LOR,France,FR
DE-07131001,Adenau,Ahrweiler,Rhénanie-Palatinat,RLP,Allemagne,DE
DE-07336001,Adenbach,Kusel,Rhénanie-Palatinat,RLP,Allemagne,DE
DE-07232001,Affler,Eifelkreis Bitburg-Prüm,Rhénanie-Palatinat,RLP,Allemagne,DE
FR-54004,Affléville,Meurthe-et-Moselle,Lorraine,LOR,France,FR
FR-54005,Affracourt,Meurthe-et-Moselle,Lorraine,LOR,France,FR
FR-54006,Agincourt,Meurthe-et-Moselle,Lorraine,LOR,France,FR
DE-07131002,Ahrbrück,Ahrweiler,Rhénanie-Palatinat,RLP,Allemagne,DE
FR-88002,Ahéville,Vosges,Lorraine,LOR,France,FR
DE-07143200,Ailertchen,Westerwaldkreis,Rhénanie-Palatinat,RLP,Allemagne,DE
FR-55004,Aincreville,Meuse,Lorraine,LOR,France,FR
FR-54007,Aingeray,Meurthe-et-Moselle,Lorraine,LOR,France,FR
FR-88003,Aingeville,Vosges,Lorraine,LOR,France,FR
FR-88004,Ainvelle,Vosges,Lorraine,LOR,France,FR
BE-52074,Aiseau-Presles,Hainaut,Wallonie,WAL,Belgique,BE
FR-57009,Ajoncourt,Moselle,Lorraine,LOR,France,FR
FR-57010,Alaincourt-la-Côte,Moselle,Lorraine,LOR,France,FR
DE-07337001,Albersweiler,Südliche Weinstraße,Rhénanie-Palatinat,RLP,Allemagne,DE
DE-07336002,Albessen,Kusel,Rhénanie-Palatinat,RLP,Allemagne,DE
FR-57011,Albestroff,Moselle,Lorraine,LOR,France,FR
DE-07331001,Albig,Alzey-Worms,Rhénanie-Palatinat,RLP,Allemagne,DE
DE-07333001,Albisheim (Pfrimm),Donnersbergkreis,Rhénanie-Palatinat,RLP,Allemagne,DE
DE-07135001,Alf,Cochem-Zell,Rhénanie-Palatinat,RLP,Allemagne,DE
DE-07135002,Alflen,Cochem-Zell,Rhénanie-Palatinat,RLP,Allemagne,DE
FR-57012,Algrange,Moselle,Lorraine,LOR,France,FR
DE-07137201,Alken,Mayen-Koblenz,Rhénanie-Palatinat,RLP,Allemagne,DE
FR-54008,Allain,Meurthe-et-Moselle,Lorraine,LOR,France,FR
FR-54009,Allamont,Meurthe-et-Moselle,Lorraine,LOR,France,FR
FR-54010,Allamps,Meurthe-et-Moselle,Lorraine,LOR,France,FR
FR-88005,Allarmont,Vosges,Lorraine,LOR,France,FR
DE-07134003,Allenbach,Birkenfeld,Rhénanie-Palatinat,RLP,Allemagne,DE
DE-07141001,Allendorf,Rhein-Lahn-Kreis,Rhénanie-Palatinat,RLP,Allemagne,DE
DE-07133002,Allenfeld,Bad Kreuznach,Rhénanie-Palatinat,RLP,Allemagne,DE
FR-54011,Allondrelle-la-Malmaison,Meurthe-et-Moselle,Lorraine,LOR,France,FR
DE-07132001,Almersbach,Altenkirchen (Ww),Rhénanie-Palatinat,RLP,Allemagne,DE
DE-07143202,Alpenrod,Westerwaldkreis,Rhénanie-Palatinat,RLP,Allemagne,DE
DE-07143001,Alsbach,Westerwaldkreis,Rhénanie-Palatinat,RLP,Allemagne,DE
DE-07132002,Alsdorf (Altenkirchen (Ww)),Altenkirchen (Ww),Rhénanie-Palatinat,RLP,Allemagne,DE
DE-07232002,Alsdorf (Eifelkreis Bitburg-Prüm),Eifelkreis Bitburg-Prüm,Rhénanie-Palatinat,RLP,Allemagne,DE
DE-07333003,Alsenz,Donnersbergkreis,Rhénanie-Palatinat,RLP,Allemagne,DE
DE-07331002,Alsheim,Alzey-Worms,Rhénanie-Palatinat,RLP,Allemagne,DE
FR-57013,Alsting,Moselle,Lorraine,LOR,France,FR
DE-07337002,Altdorf,Südliche Weinstraße,Rhénanie-Palatinat,RLP,Allemagne,DE
DE-07131003,Altenahr,Ahrweiler,Rhénanie-Palatinat,RLP,Allemagne,DE
DE-07133003,Altenbamberg,Bad Kreuznach,Rhénanie-Palatinat,RLP,Allemagne,DE
DE-07141002,Altendiez,Rhein-Lahn-Kreis,Rhénanie-Palatinat,RLP,Allemagne,DE
DE-07336003,Altenglan,Kusel,Rhénanie-Palatinat,RLP,Allemagne,DE
DE-07336004,Altenkirchen,Kusel,Rhénanie-Palatinat,RLP,Allemagne,DE
DE-07132501,Altenkirchen (Westerwald),Altenkirchen (Ww),Rhénanie-Palatinat,RLP,Allemagne,DE
DE-07140001,Alterkülz,Rhein-Hunsrück-Kreis,Rhénanie-Palatinat,RLP,Allemagne,DE
DE-07340201,Althornbach,Südwestpfalz,Rhénanie-Palatinat,RLP,Allemagne,DE
DE-07135003,Altlay,Cochem-Zell,Rhénanie-Palatinat,RLP,Allemagne,DE
DE-07332001,Altleiningen,Bad Dürkheim,Rhénanie-Palatinat,RLP,Allemagne,DE
DE-07231001,Altrich,Bernkastel-Wittlich,Rhénanie-Palatinat,RLP,Allemagne,DE
DE-07338001,Altrip,Rhein-Pfalz-Kreis,Rhénanie-Palatinat,RLP,Allemagne,DE
FR-57014,Altrippe,Moselle,Lorraine,LOR,France,FR
DE-07232003,Altscheid,Eifelkreis Bitburg-Prüm,Rhénanie-Palatinat,RLP,Allemagne,DE
DE-07135004,Altstrimmig,Cochem-Zell,Rhénanie-Palatinat,RLP,Allemagne,DE
FR-57015,Altviller,Moselle,Lorraine,LOR,France,FR
DE-07140002,Altweidelbach,Rhein-Hunsrück-Kreis,Rhénanie-Palatinat,RLP,Allemagne,DE
DE-07331003,Alzey,Alzey-Worms,Rhénanie-Palatinat,RLP,Allemagne,DE
FR-57016,Alzing,Moselle,Lorraine,LOR,France,FR
FR-54012,Amance,Meurthe-et-Moselle,Lorraine,LOR,France,FR
FR-55005,Amanty,Meuse,Lorraine,LOR,France,FR
FR-57017,Amanvillers,Moselle,Lorraine,LOR,France,FR
BE-61003,Amay,Liège,Wallonie,WAL,Belgique,BE
FR-88006,Ambacourt,Vosges,Lorraine,LOR,France,FR
FR-55007,Ambly-sur-Meuse,Meuse,Lorraine,LOR,France,FR
BE-63001,Amel,Liège,Wallonie,WAL,Belgique,BE
FR-55008,Amel-sur-l'Étang,Meuse,Lorraine,LOR,France,FR
FR-57018,Amelécourt,Moselle,Lorraine,LOR,France,FR
FR-54013,Amenoncourt,Meurthe-et-Moselle,Lorraine,LOR,France,FR
FR-88007,Ameuvelle,Vosges,Lorraine,LOR,France,FR
DE-07232004,Ammeldingen an der Our,Eifelkreis Bitburg-Prüm,Rhénanie-Palatinat,RLP,Allemagne,DE
DE-07232005,Ammeldingen bei Neuerburg,Eifelkreis Bitburg-Prüm,Rhénanie-Palatinat,RLP,Allemagne,DE
FR-57019,Amnéville,Moselle,Lorraine,LOR,France,FR
FR-55009,Ancemont,Meuse,Lorraine,LOR,France,FR
FR-55010,Ancerville (Meuse),Meuse,Lorraine,LOR,France,FR
FR-57020,Ancerville (Moselle),Moselle,Lorraine,LOR,France,FR
FR-54014,Ancerviller,Meurthe-et-Moselle,Lorraine,LOR,France,FR
FR-57021,Ancy-Dornot,Moselle,Lorraine,LOR,France,FR
BE-92003,Andenne,Namur,Wallonie,WAL,Belgique,BE
BE-56001,Anderlues,Hainaut,Wallonie,WAL,Belgique,BE
DE-07137003,Andernach,Mayen-Koblenz,Rhénanie-Palatinat,RLP,Allemagne,DE
FR-55011,Andernay,Meuse,Lorraine,LOR,France,FR
FR-54015,Anderny,Meurthe-et-Moselle,Lorraine,LOR,France,FR
FR-54016,Andilly,Meurthe-et-Moselle,Lorraine,LOR,France,FR
FR-57022,Angevillers,Moselle,Lorraine,LOR,France,FR
FR-88008,Anglemont,Vosges,Lorraine,LOR,France,FR
FR-54017,Angomont,Meurthe-et-Moselle,Lorraine,LOR,France,FR
DE-07138002,Anhausen,Neuwied,Rhénanie-Palatinat,RLP,Allemagne,DE
BE-91005,Anhée,Namur,Wallonie,WAL,Belgique,BE
DE-07337501,Annweiler am Trifels,Südliche Weinstraße,Rhénanie-Palatinat,RLP,Allemagne,DE
FR-88009,Anould,Vosges,Lorraine,LOR,France,FR
FR-54018,Anoux,Meurthe-et-Moselle,Lorraine,LOR,France,FR
BE-62003,Ans,Liège,Wallonie,WAL,Belgique,BE
FR-54019,Ansauville,Meurthe-et-Moselle,Lorraine,LOR,France,FR
DE-07137004,Anschau,Mayen-Koblenz,Rhénanie-Palatinat,RLP,Allemagne,DE
FR-54020,Anthelupt,Meurthe-et-Moselle,Lorraine,LOR,France,FR
BE-61079,Anthisnes,Liège,Wallonie,WAL,Belgique,BE
FR-57024,Antilly,Moselle,Lorraine,LOR,France,FR
BE-57003,Antoing,Hainaut,Wallonie,WAL,Belgique,BE
DE-07131004,Antweiler,Ahrweiler,Rhénanie-Palatinat,RLP,Allemagne,DE
FR-57025,Anzeling,Moselle,Lorraine,LOR,France,FR
FR-88010,Aouze,Vosges,Lorraine,LOR,France,FR
FR-57026,Apach,Moselle,Lorraine,LOR,France,FR
DE-07339001,Appenheim,Mainz-Bingen,Rhénanie-Palatinat,RLP,Allemagne,DE
FR-55012,Apremont-la-Forêt,Meuse,Lorraine,LOR,France,FR
DE-07233201,Arbach,Vulkaneifel,Rhénanie-Palatinat,RLP,Allemagne,DE
FR-88011,Arches,Vosges,Lorraine,LOR,France,FR
FR-88012,Archettes,Vosges,Lorraine,LOR,France,FR
DE-07131005,Aremberg,Ahrweiler,Rhénanie-Palatinat,RLP,Allemagne,DE
DE-07231003,Arenrath,Bernkastel-Wittlich,Rhénanie-Palatinat,RLP,Allemagne,DE
DE-07137006,Arft,Mayen-Koblenz,Rhénanie-Palatinat,RLP,Allemagne,DE
FR-57028,Argancy,Moselle,Lorraine,LOR,France,FR
DE-07133004,Argenschwang,Bad Kreuznach,Rhénanie-Palatinat,RLP,Allemagne,DE
DE-07140003,Argenthal,Rhein-Hunsrück-Kreis,Rhénanie-Palatinat,RLP,Allemagne,DE
BE-81001,Arlon,Luxembourg,Wallonie,WAL,Belgique,BE
FR-54021,Armaucourt,Meurthe-et-Moselle,Lorraine,LOR,France,FR
DE-07331004,Armsheim,Alzey-Worms,Rhénanie-Palatinat,RLP,Allemagne,DE
FR-54022,Arnaville,Meurthe-et-Moselle,Lorraine,LOR,France,FR
DE-07143203,Arnshöfen,Westerwaldkreis,Rhénanie-Palatinat,RLP,Allemagne,DE
FR-88013,Aroffe,Vosges,Lorraine,LOR,France,FR
FR-54023,Arracourt,Meurthe-et-Moselle,Lorraine,LOR,France,FR
FR-57027,Arraincourt,Moselle,Lorraine,LOR,France,FR
FR-55013,Arrancy-sur-Crusnes,Meuse,Lorraine,LOR,France,FR
FR-54024,Arraye-et-Han,Meurthe-et-Moselle,Lorraine,LOR,France,FR
FR-88014,Arrentès-de-Corcieux,Vosges,Lorraine,LOR,France,FR
FR-57029,Arriance,Moselle,Lorraine,LOR,France,FR
FR-57030,Arry,Moselle,Lorraine,LOR,France,FR
FR-57031,Ars-Laquenexy,Moselle,Lorraine,LOR,France,FR
FR-57032,Ars-sur-Moselle,Moselle,Lorraine,LOR,France,FR
FR-54025,Art-sur-Meurthe,Meurthe-et-Moselle,Lorraine,LOR,France,FR
DE-07141201,Arzbach,Rhein-Lahn-Kreis,Rhénanie-Palatinat,RLP,Allemagne,DE
DE-07232201,Arzfeld,Eifelkreis Bitburg-Prüm,Rhénanie-Palatinat,RLP,Allemagne,DE
FR-57033,Arzviller,Moselle,Lorraine,LOR,France,FR
DE-07134004,Asbach (Birkenfeld),Birkenfeld,Rhénanie-Palatinat,RLP,Allemagne,DE
DE-07138003,Asbach (Neuwied),Neuwied,Rhénanie-Palatinat,RLP,Allemagne,DE
DE-07336005,Aschbach,Kusel,Rhénanie-Palatinat,RLP,Allemagne,DE
FR-57034,Aspach,Moselle,Lorraine,LOR,France,FR
DE-07339002,Aspisheim,Mainz-Bingen,Rhénanie-Palatinat,RLP,Allemagne,DE
FR-57035,Assenoncourt,Moselle,Lorraine,LOR,France,FR
BE-92006,Assesse,Namur,Wallonie,WAL,Belgique,BE
DE-07143204,Astert,Westerwaldkreis,Rhénanie-Palatinat,RLP,Allemagne,DE
BE-51004,Ath,Hainaut,Wallonie,WAL,Belgique,BE
FR-54026,Athienville,Meurthe-et-Moselle,Lorraine,LOR,France,FR
DE-07141003,Attenhausen,Rhein-Lahn-Kreis,Rhénanie-Palatinat,RLP,Allemagne,DE
BE-81003,Attert,Luxembourg,Wallonie,WAL,Belgique,BE
FR-88016,Attigny,Vosges,Lorraine,LOR,France,FR
FR-88015,Attignéville,Vosges,Lorraine,LOR,France,FR
FR-57036,Attilloncourt,Moselle,Lorraine,LOR,France,FR
FR-54027,Atton,Meurthe-et-Moselle,Lorraine,LOR,France,FR
DE-07143205,Atzelgift,Westerwaldkreis,Rhénanie-Palatinat,RLP,Allemagne,DE
BE-81004,Aubange,Luxembourg,Wallonie,WAL,Belgique,BE
FR-57037,Aube,Moselle,Lorraine,LOR,France,FR
BE-63003,Aubel,Liège,Wallonie,WAL,Belgique,BE
FR-54028,Auboué,Meurthe-et-Moselle,Lorraine,LOR,France,FR
FR-55014,Aubréville,Meuse,Lorraine,LOR,France,FR
DE-07135005,Auderath,Cochem-Zell,Rhénanie-Palatinat,RLP,Allemagne,DE
FR-54029,Audun-le-Roman,Meurthe-et-Moselle,Lorraine,LOR,France,FR
FR-57038,Audun-le-Tiche,Moselle,Lorraine,LOR,France,FR
DE-07141004,Auel,Rhein-Lahn-Kreis,Rhénanie-Palatinat,RLP,Allemagne,DE
DE-07133005,Auen,Bad Kreuznach,Rhénanie-Palatinat,RLP,Allemagne,DE
FR-57039,Augny,Moselle,Lorraine,LOR,France,FR
DE-07141005,Aull,Rhein-Lahn-Kreis,Rhénanie-Palatinat,RLP,Allemagne,DE
FR-88017,Aulnois,Vosges,Lorraine,LOR,France,FR
FR-55015,Aulnois-en-Perthois,Meuse,Lorraine,LOR,France,FR
FR-57040,Aulnois-sur-Seille,Moselle,Lorraine,LOR,France,FR
FR-57041,Aumetz,Moselle,Lorraine,LOR,France,FR
FR-88019,Autigny-la-Tour,Vosges,Lorraine,LOR,France,FR
FR-54030,Autrepierre,Meurthe-et-Moselle,Lorraine,LOR,France,FR
FR-88020,Autreville,Vosges,Lorraine,LOR,France,FR
FR-54031,Autreville-sur-Moselle,Meurthe-et-Moselle,Lorraine,LOR,France,FR
FR-54032,Autrey (Meurthe-et-Moselle),Meurthe-et-Moselle,Lorraine,LOR,France,FR
FR-88021,Autrey (Vosges),Vosges,Lorraine,LOR,France,FR
FR-55017,Autrécourt-sur-Aire,Meuse,Lorraine,LOR,France,FR
FR-55018,Autréville-Saint-Lambert,Meuse,Lorraine,LOR,France,FR
DE-07232006,Auw an der Kyll,Eifelkreis Bitburg-Prüm,Rhénanie-Palatinat,RLP,Allemagne,DE
DE-07232202,Auw bei Prüm,Eifelkreis Bitburg-Prüm,Rhénanie-Palatinat,RLP,Allemagne,DE
FR-88022,Auzainvilliers,Vosges,Lorraine,LOR,France,FR
FR-54033,Avillers (Meurthe-et-Moselle),Meurthe-et-Moselle,Lorraine,LOR,France,FR
FR-88023,Avillers (Vosges),Vosges,Lorraine,LOR,France,FR
FR-55021,Avillers-Sainte-Croix,Meuse,Lorraine,LOR,France,FR
FR-55022,Avioth,Meuse,Lorraine,LOR,France,FR
FR-55023,Avocourt,Meuse,Lorraine,LOR,France,FR
FR-54034,Avrainville (Meurthe-et-Moselle),Meurthe-et-Moselle,Lorraine,LOR,France,FR
FR-88024,Avrainville (Vosges),Vosges,Lorraine,LOR,France,FR
FR-88025,Avranville,Vosges,Lorraine,LOR,France,FR
FR-54035,Avricourt (Meurthe-et-Moselle),Meurthe-et-Moselle,Lorraine,LOR,France,FR
FR-57042,Avricourt (Moselle),Moselle,Lorraine,LOR,France,FR
FR-54036,Avril,Meurthe-et-Moselle,Lorraine,LOR,France,FR
BE-62006,Awans,Liège,Wallonie,WAL,Belgique,BE
FR-57043,Ay-sur-Moselle,Moselle,Lorraine,LOR,France,FR
FR-88026,Aydoilles,Vosges,Lorraine,LOR,France,FR
DE-07235002,Ayl,Trier-Saarburg,Rhénanie-Palatinat,RLP,Allemagne,DE
BE-62009,Aywaille,Liège,Wallonie,WAL,Belgique,BE
FR-55024,Azannes-et-Soumazannes,Meuse,Lorraine,LOR,France,FR
FR-54037,Azelot,Meurthe-et-Moselle,Lorraine,LOR,France,FR
FR-54038,Azerailles,Meurthe-et-Moselle,Lorraine,LOR,France,FR
FR-57044,Azoudange,Moselle,Lorraine,LOR,France,FR
DE-07137007,Baar,Mayen-Koblenz,Rhénanie-Palatinat,RLP,Allemagne,DE
FR-54039,Baccarat,Meurthe-et-Moselle,Lorraine,LOR,France,FR
DE-07339003,Bacharach,Mainz-Bingen,Rhénanie-Palatinat,RLP,Allemagne,DE
DE-07132004,Bachenberg,Altenkirchen (Ww),Rhénanie-Palatinat,RLP,Allemagne,DE
FR-57045,Bacourt,Moselle,Lorraine,LOR,France,FR
DE-07337005,Bad Bergzabern,Südliche Weinstraße,Rhénanie-Palatinat,RLP,Allemagne,DE
DE-07135501,Bad Bertrich,Cochem-Zell,Rhénanie-Palatinat,RLP,Allemagne,DE
DE-07131006,Bad Breisig,Ahrweiler,Rhénanie-Palatinat,RLP,Allemagne,DE
DE-07332002,Bad Dürkheim,Bad Dürkheim,Rhénanie-Palatinat,RLP,Allemagne,DE
DE-07141006,Bad Ems,Rhein-Lahn-Kreis,Rhénanie-Palatinat,RLP,Allemagne,DE
DE-07138004,Bad Hönningen,Neuwied,Rhénanie-Palatinat,RLP,Allemagne,DE
DE-07133006,Bad Kreuznach,Bad Kreuznach,Rhénanie-Palatinat,RLP,Allemagne,DE
DE-07143206,Bad Marienberg (Westerwald),Westerwaldkreis,Rhénanie-Palatinat,RLP,Allemagne,DE
DE-07131007,Bad Neuenahr-Ahrweiler,Ahrweiler,Rhénanie-Palatinat,RLP,Allemagne,DE
DE-07133501,Bad Sobernheim,Bad Kreuznach,Rhénanie-Palatinat,RLP,Allemagne,DE
DE-07232007,Badem,Eifelkreis Bitburg-Prüm,Rhénanie-Palatinat,RLP,Allemagne,DE
DE-07140005,Badenhard,Rhein-Hunsrück-Kreis,Rhénanie-Palatinat,RLP,Allemagne,DE
DE-07339004,Badenheim,Mainz-Bingen,Rhénanie-Palatinat,RLP,Allemagne,DE
FR-88027,Badménil-aux-Bois,Vosges,Lorraine,LOR,France,FR
FR-54040,Badonviller,Meurthe-et-Moselle,Lorraine,LOR,France,FR
FR-55026,Badonvilliers-Gérauvilliers,Meuse,Lorraine,LOR,France,FR
BE-63004,Baelen,Liège,Wallonie,WAL,Belgique,BE
FR-57046,Baerenthal,Moselle,Lorraine,LOR,France,FR
FR-54041,Bagneux,Meurthe-et-Moselle,Lorraine,LOR,France,FR
FR-54042,Bainville-aux-Miroirs,Meurthe-et-Moselle,Lorraine,LOR,France,FR
FR-88030,Bainville-aux-Saules,Vosges,Lorraine,LOR,France,FR
FR-54043,Bainville-sur-Madon,Meurthe-et-Moselle,Lorraine,LOR,France,FR
DE-07235003,Baldringen,Trier-Saarburg,Rhénanie-Palatinat,RLP,Allemagne,DE
DE-07141503,Balduinstein,Rhein-Lahn-Kreis,Rhénanie-Palatinat,RLP,Allemagne,DE
DE-07232203,Balesfeld,Eifelkreis Bitburg-Prüm,Rhénanie-Palatinat,RLP,Allemagne,DE
FR-88031,Balléville,Vosges,Lorraine,LOR,France,FR
FR-57047,Bambiderstroff,Moselle,Lorraine,LOR,France,FR
FR-88032,Ban-de-Laveline,Vosges,Lorraine,LOR,France,FR
FR-88033,Ban-de-Sapt,Vosges,Lorraine,LOR,France,FR
FR-88106,Ban-sur-Meurthe-Clefcy,Vosges,Lorraine,LOR,France,FR
DE-07335002,Bann,Kaiserslautern,Rhénanie-Palatinat,RLP,Allemagne,DE
FR-57048,Bannay,Moselle,Lorraine,LOR,France,FR
DE-07143003,Bannberscheid,Westerwaldkreis,Rhénanie-Palatinat,RLP,Allemagne,DE
FR-55027,Bannoncourt,Meuse,Lorraine,LOR,France,FR
FR-55028,Bantheville,Meuse,Lorraine,LOR,France,FR
FR-55029,Bar-le-Duc,Meuse,Lorraine,LOR,France,FR
FR-54044,Barbas,Meurthe-et-Moselle,Lorraine,LOR,France,FR
DE-07337006,Barbelroth,Südliche Weinstraße,Rhénanie-Palatinat,RLP,Allemagne,DE
FR-88035,Barbey-Seroux,Vosges,Lorraine,LOR,France,FR
FR-54045,Barbonville,Meurthe-et-Moselle,Lorraine,LOR,France,FR
FR-57050,Barchain,Moselle,Lorraine,LOR,France,FR
FR-54046,Barisey-au-Plain,Meurthe-et-Moselle,Lorraine,LOR,France,FR
FR-54047,Barisey-la-Côte,Meurthe-et-Moselle,Lorraine,LOR,France,FR
FR-57051,Baronville,Moselle,Lorraine,LOR,France,FR
FR-57052,Barst,Moselle,Lorraine,LOR,France,FR
FR-88036,Barville,Vosges,Lorraine,LOR,France,FR
DE-07131008,Barweiler,Ahrweiler,Rhénanie-Palatinat,RLP,Allemagne,DE
DE-07233002,Basberg,Vulkaneifel,Rhénanie-Palatinat,RLP,Allemagne,DE
FR-54049,Baslieux,Meurthe-et-Moselle,Lorraine,LOR,France,FR
FR-57287,Basse-Ham,Moselle,Lorraine,LOR,France,FR
FR-57574,Basse-Rentgen,Moselle,Lorraine,LOR,France,FR
FR-88037,Basse-sur-le-Rupt,Vosges,Lorraine,LOR,France,FR
BE-62011,Bassenge,Liège,Wallonie,WAL,Belgique,BE
DE-07137202,Bassenheim,Mayen-Koblenz,Rhénanie-Palatinat,RLP,Allemagne,DE
FR-57053,Bassing,Moselle,Lorraine,LOR,France,FR
BE-82039,Bastogne,Luxembourg,Wallonie,WAL,Belgique,BE
FR-54050,Bathelémont,Meurthe-et-Moselle,Lorraine,LOR,France,FR
FR-54051,Batilly,Meurthe-et-Moselle,Lorraine,LOR,France,FR
DE-07332003,Battenberg (Pfalz),Bad Dürkheim,Rhénanie-Palatinat,RLP,Allemagne,DE
FR-88038,Battexey,Vosges,Lorraine,LOR,France,FR
FR-54052,Battigny,Meurthe-et-Moselle,Lorraine,LOR,France,FR
DE-07340202,Battweiler,Südwestpfalz,Rhénanie-Palatinat,RLP,Allemagne,DE
FR-55031,Baudonvilliers,Meuse,Lorraine,LOR,France,FR
FR-57054,Baudrecourt,Moselle,Lorraine,LOR,France,FR
FR-88039,Baudricourt,Vosges,Lorraine,LOR,France,FR
FR-55032,Baudrémont,Meuse,Lorraine,LOR,France,FR
DE-07131009,Bauler (Ahrweiler),Ahrweiler,Rhénanie-Palatinat,RLP,Allemagne,DE
DE-07232008,Bauler (Eifelkreis Bitburg-Prüm),Eifelkreis Bitburg-Prüm,Rhénanie-Palatinat,RLP,Allemagne,DE
FR-55033,Baulny,Meuse,Lorraine,LOR,France,FR
DE-07134005,Baumholder,Birkenfeld,Rhénanie-Palatinat,RLP,Allemagne,DE
DE-07231004,Bausendorf,Bernkastel-Wittlich,Rhénanie-Palatinat,RLP,Allemagne,DE
DE-07232009,Baustert,Eifelkreis Bitburg-Prüm,Rhénanie-Palatinat,RLP,Allemagne,DE
FR-54053,Bauzemont,Meurthe-et-Moselle,Lorraine,LOR,France,FR
FR-88040,Bayecourt,Vosges,Lorraine,LOR,France,FR
DE-07333004,Bayerfeld-Steckweiler,Donnersbergkreis,Rhénanie-Palatinat,RLP,Allemagne,DE
FR-54054,Bayon,Meurthe-et-Moselle,Lorraine,LOR,France,FR
FR-54055,Bayonville-sur-Mad,Meurthe-et-Moselle,Lorraine,LOR,France,FR
FR-54056,Bazailles,Meurthe-et-Moselle,Lorraine,LOR,France,FR
FR-88041,Bazegney,Vosges,Lorraine,LOR,France,FR
FR-55034,Bazeilles-sur-Othain,Meuse,Lorraine,LOR,France,FR
FR-88042,Bazien,Vosges,Lorraine,LOR,France,FR
FR-55035,Bazincourt-sur-Saulx,Meuse,Lorraine,LOR,France,FR
FR-88043,Bazoilles-et-Ménil,Vosges,Lorraine,LOR,France,FR
FR-88044,Bazoilles-sur-Meuse,Vosges,Lorraine,LOR,France,FR
FR-57055,Bazoncourt,Moselle,Lorraine,LOR,France,FR
FR-55025,Baâlon,Meuse,Lorraine,LOR,France,FR
FR-55036,Beauclair,Meuse,Lorraine,LOR,France,FR
LU-1001,Beaufort,Echternach,Luxembourg,LUX,Luxembourg,LU
FR-55037,Beaufort-en-Argonne,Meuse,Lorraine,LOR,France,FR
FR-88045,Beaufremont,Vosges,Lorraine,LOR,France,FR
FR-55038,Beaulieu-en-Argonne,Meuse,Lorraine,LOR,France,FR
BE-56005,Beaumont (Hainaut),Hainaut,Wallonie,WAL,Belgique,BE
FR-54057,Beaumont (Meurthe-et-Moselle),Meurthe-et-Moselle,Lorraine,LOR,France,FR
FR-55039,Beaumont-en-Verdunois,Meuse,Lorraine,LOR,France,FR
FR-88046,Beauménil,Vosges,Lorraine,LOR,France,FR
BE-91013,Beauraing,Namur,Wallonie,WAL,Belgique,BE
FR-55040,Beausite,Meuse,Lorraine,LOR,France,FR
BE-25005,Beauvechain,Brabant wallon,Wallonie,WAL,Belgique,BE
LU-1002,Bech,Echternach,Luxembourg,LUX,Luxembourg,LU
DE-07141008,Becheln,Rhein-Lahn-Kreis,Rhénanie-Palatinat,RLP,Allemagne,DE
DE-07331005,Bechenheim,Alzey-Worms,Rhénanie-Palatinat,RLP,Allemagne,DE
DE-07133011,Becherbach,Bad Kreuznach,Rhénanie-Palatinat,RLP,Allemagne,DE
DE-07133010,Becherbach bei Kirn,Bad Kreuznach,Rhénanie-Palatinat,RLP,Allemagne,DE
DE-07340203,Bechhofen,Südwestpfalz,Rhénanie-Palatinat,RLP,Allemagne,DE
DE-07331006,Bechtheim,Alzey-Worms,Rhénanie-Palatinat,RLP,Allemagne,DE
DE-07331007,Bechtolsheim,Alzey-Worms,Rhénanie-Palatinat,RLP,Allemagne,DE
LU-0701,Beckerich,Redange,Luxembourg,LUX,Luxembourg,LU
DE-10042111,Beckingen,Merzig-Wadern,Sarre,SL,Allemagne,DE
DE-07336106,Bedesbach,Kusel,Rhénanie-Palatinat,RLP,Allemagne,DE
FR-88047,Begnécourt,Vosges,Lorraine,LOR,France,FR
FR-55041,Behonne,Meuse,Lorraine,LOR,France,FR
FR-57058,Behren-lès-Forbach,Moselle,Lorraine,LOR,France,FR
DE-07232010,Beilingen,Eifelkreis Bitburg-Prüm,Rhénanie-Palatinat,RLP,Allemagne,DE
DE-07135007,Beilstein,Cochem-Zell,Rhénanie-Palatinat,RLP,Allemagne,DE
DE-07338002,Beindersheim,Rhein-Pfalz-Kreis,Rhénanie-Palatinat,RLP,Allemagne,DE
DE-07233003,Beinhausen,Vulkaneifel,Rhénanie-Palatinat,RLP,Allemagne,DE
DE-07235004,Bekond,Trier-Saarburg,Rhénanie-Palatinat,RLP,Allemagne,DE
DE-07140007,Belg,Rhein-Hunsrück-Kreis,Rhénanie-Palatinat,RLP,Allemagne,DE
DE-07140008,Belgweiler,Rhein-Hunsrück-Kreis,Rhénanie-Palatinat,RLP,Allemagne,DE
DE-07137008,Bell,Mayen-Koblenz,Rhénanie-Palatinat,RLP,Allemagne,DE
DE-07140009,Bell (Hunsrück),Rhein-Hunsrück-Kreis,Rhénanie-Palatinat,RLP,Allemagne,DE
FR-57059,Bellange,Moselle,Lorraine,LOR,France,FR
FR-54059,Belleau,Meurthe-et-Moselle,Lorraine,LOR,France,FR
FR-88048,Bellefontaine,Vosges,Lorraine,LOR,France,FR
FR-55042,Belleray,Meuse,Lorraine,LOR,France,FR
FR-57086,Belles-Forêts,Moselle,Lorraine,LOR,France,FR
FR-54060,Belleville,Meurthe-et-Moselle,Lorraine,LOR,France,FR
FR-55043,Belleville-sur-Meuse,Meuse,Lorraine,LOR,France,FR
DE-07334001,Bellheim,Germersheim,Rhénanie-Palatinat,RLP,Allemagne,DE
DE-07143207,Bellingen,Westerwaldkreis,Rhénanie-Palatinat,RLP,Allemagne,DE
FR-88049,Belmont-lès-Darney,Vosges,Lorraine,LOR,France,FR
FR-88050,Belmont-sur-Buttant,Vosges,Lorraine,LOR,France,FR
FR-88051,Belmont-sur-Vair,Vosges,Lorraine,LOR,France,FR
BE-51008,Beloeil,Hainaut,Wallonie,WAL,Belgique,BE
FR-55044,Belrain,Meuse,Lorraine,LOR,France,FR
FR-88052,Belrupt,Vosges,Lorraine,LOR,France,FR
FR-55045,Belrupt-en-Verdunois,Meuse,Lorraine,LOR,France,FR
DE-07140010,Beltheim,Rhein-Hunsrück-Kreis,Rhénanie-Palatinat,RLP,Allemagne,DE
FR-88053,Belval,Vosges,Lorraine,LOR,France,FR
DE-07137203,Bendorf,Mayen-Koblenz,Rhénanie-Palatinat,RLP,Allemagne,DE
FR-55046,Beney-en-Woëvre,Meuse,Lorraine,LOR,France,FR
DE-07231005,Bengel,Bernkastel-Wittlich,Rhénanie-Palatinat,RLP,Allemagne,DE
FR-54062,Benney,Meurthe-et-Moselle,Lorraine,LOR,France,FR
DE-07333005,Bennhausen,Donnersbergkreis,Rhénanie-Palatinat,RLP,Allemagne,DE
DE-07140011,Benzweiler,Rhein-Hunsrück-Kreis,Rhénanie-Palatinat,RLP,Allemagne,DE
LU-1003,Berdorf,Echternach,Luxembourg,LUX,Luxembourg,LU
DE-07233202,Bereborn,Vulkaneifel,Rhénanie-Palatinat,RLP,Allemagne,DE
DE-07233203,Berenbach,Vulkaneifel,Rhénanie-Palatinat,RLP,Allemagne,DE
DE-07131011,Berg (Ahrweiler),Ahrweiler,Rhénanie-Palatinat,RLP,Allemagne,DE
DE-07334002,Berg (Pfalz),Germersheim,Rhénanie-Palatinat,RLP,Allemagne,DE
DE-07141009,Berg (Rhein-Lahn-Kreis),Rhein-Lahn-Kreis,Rhénanie-Palatinat,RLP,Allemagne,DE
FR-57062,Berg-sur-Moselle,Moselle,Lorraine,LOR,France,FR
DE-07134006,Bergen,Birkenfeld,Rhénanie-Palatinat,RLP,Allemagne,DE
DE-07140012,Bergenhausen,Rhein-Hunsrück-Kreis,Rhénanie-Palatinat,RLP,Allemagne,DE
DE-07141010,Berghausen,Rhein-Lahn-Kreis,Rhénanie-Palatinat,RLP,Allemagne,DE
DE-07134007,Berglangenbach,Birkenfeld,Rhénanie-Palatinat,RLP,Allemagne,DE
DE-07231006,Berglicht,Bernkastel-Wittlich,Rhénanie-Palatinat,RLP,Allemagne,DE
DE-07231007,Bergweiler,Bernkastel-Wittlich,Rhénanie-Palatinat,RLP,Allemagne,DE
DE-07232011,Berkoth,Eifelkreis Bitburg-Prüm,Rhénanie-Palatinat,RLP,Allemagne,DE
FR-57064,Berling,Moselle,Lorraine,LOR,France,FR
DE-07233004,Berlingen,Vulkaneifel,Rhénanie-Palatinat,RLP,Allemagne,DE
BE-64008,Berloz,Liège,Wallonie,WAL,Belgique,BE
DE-07137011,Bermel,Mayen-Koblenz,Rhénanie-Palatinat,RLP,Allemagne,DE
FR-57065,Bermering,Moselle,Lorraine,LOR,France,FR
DE-07331009,Bermersheim,Alzey-Worms,Rhénanie-Palatinat,RLP,Allemagne,DE
DE-07331008,Bermersheim vor der Höhe,Alzey-Worms,Rhénanie-Palatinat,RLP,Allemagne,DE
DE-07233005,Berndorf,Vulkaneifel,Rhénanie-Palatinat,RLP,Allemagne,DE
DE-07141011,Berndroth,Rhein-Lahn-Kreis,Rhénanie-Palatinat,RLP,Allemagne,DE
BE-51009,Bernissart,Hainaut,Wallonie,WAL,Belgique,BE
DE-07231008,Bernkastel-Kues,Bernkastel-Wittlich,Rhénanie-Palatinat,RLP,Allemagne,DE
FR-54063,Bernécourt,Meurthe-et-Moselle,Lorraine,LOR,France,FR
DE-07132201,Berod bei Hachenburg,Altenkirchen (Ww),Rhénanie-Palatinat,RLP,Allemagne,DE
DE-07143208,Berod bei Wallmerod,Westerwaldkreis,Rhénanie-Palatinat,RLP,Allemagne,DE
DE-07232012,Berscheid,Eifelkreis Bitburg-Prüm,Rhénanie-Palatinat,RLP,Allemagne,DE
DE-07134008,Berschweiler bei Baumholder,Birkenfeld,Rhénanie-Palatinat,RLP,Allemagne,DE
DE-07134009,Berschweiler bei Kirn,Birkenfeld,Rhénanie-Palatinat,RLP,Allemagne,DE
FR-57066,Berthelming,Moselle,Lorraine,LOR,France,FR
FR-54064,Bertrambois,Meurthe-et-Moselle,Lorraine,LOR,France,FR
LU-0301,Bertrange (Luxembourg),Luxembourg,Luxembourg,LUX,Luxembourg,LU
FR-57067,Bertrange (Moselle),Moselle,Lorraine,LOR,France,FR
FR-54065,Bertrichamps,Meurthe-et-Moselle,Lorraine,LOR,France,FR
FR-88054,Bertrimoutier,Vosges,Lorraine,LOR,France,FR
BE-84009,Bertrix,Luxembourg,Wallonie,WAL,Belgique,BE
FR-57069,Berviller-en-Moselle,Moselle,Lorraine,LOR,France,FR
DE-07143209,Berzhahn,Westerwaldkreis,Rhénanie-Palatinat,RLP,Allemagne,DE
DE-07132005,Berzhausen,Altenkirchen (Ww),Rhénanie-Palatinat,RLP,Allemagne,DE
DE-07235005,Bescheid,Trier-Saarburg,Rhénanie-Palatinat,RLP,Allemagne,DE
FR-54066,Bettainvillers,Meurthe-et-Moselle,Lorraine,LOR,France,FR
FR-57070,Bettange,Moselle,Lorraine,LOR,France,FR
FR-57071,Bettborn,Moselle,Lorraine,LOR,France,FR
FR-88055,Bettegney-Saint-Brice,Vosges,Lorraine,LOR,France,FR
FR-57072,Bettelainville,Moselle,Lorraine,LOR,France,FR
DE-07233006,Betteldorf,Vulkaneifel,Rhénanie-Palatinat,RLP,Allemagne,DE
LU-0201,Bettembourg,Esch-sur-Alzette,Luxembourg,LUX,Luxembourg,LU
LU-0601,Bettendorf (Diekirch),Diekirch,Luxembourg,LUX,Luxembourg,LU
DE-07141012,Bettendorf (Rhein-Lahn-Kreis),Rhein-Lahn-Kreis,Rhénanie-Palatinat,RLP,Allemagne,DE
DE-07231009,Bettenfeld,Bernkastel-Wittlich,Rhénanie-Palatinat,RLP,Allemagne,DE
FR-57073,Betting,Moselle,Lorraine,LOR,France,FR
DE-07232013,Bettingen,Eifelkreis Bitburg-Prüm,Rhénanie-Palatinat,RLP,Allemagne,DE
FR-88056,Bettoncourt,Vosges,Lorraine,LOR,France,FR
FR-57074,Bettviller,Moselle,Lorraine,LOR,France,FR
DE-07132006,Betzdorf (Altenkirchen (Ww)),Altenkirchen (Ww),Rhénanie-Palatinat,RLP,Allemagne,DE
LU-1101,Betzdorf (Grevenmacher),Grevenmacher,Luxembourg,LUX,Luxembourg,LU
DE-07140201,Beulich,Rhein-Hunsrück-Kreis,Rhénanie-Palatinat,RLP,Allemagne,DE
DE-07135008,Beuren,Cochem-Zell,Rhénanie-Palatinat,RLP,Allemagne,DE
DE-07235008,Beuren (Hochwald),Trier-Saarburg,Rhénanie-Palatinat,RLP,Allemagne,DE
FR-55049,Beurey-sur-Saulx,Meuse,Lorraine,LOR,France,FR
FR-54067,Beuveille,Meurthe-et-Moselle,Lorraine,LOR,France,FR
FR-54068,Beuvezin,Meurthe-et-Moselle,Lorraine,LOR,France,FR
FR-54069,Beuvillers,Meurthe-et-Moselle,Lorraine,LOR,France,FR
FR-57075,Beux,Moselle,Lorraine,LOR,France,FR
DE-10045111,Bexbach,Saarpfalz-Kreis,Sarre,SL,Allemagne,DE
FR-54070,Bey-sur-Seille,Meurthe-et-Moselle,Lorraine,LOR,France,FR
BE-62015,Beyne-Heusay,Liège,Wallonie,WAL,Belgique,BE
FR-57076,Beyren-lès-Sierck,Moselle,Lorraine,LOR,France,FR
FR-54071,Bezange-la-Grande,Meurthe-et-Moselle,Lorraine,LOR,France,FR
FR-57077,Bezange-la-Petite,Moselle,Lorraine,LOR,France,FR
FR-54072,Bezaumont,Meurthe-et-Moselle,Lorraine,LOR,France,FR
FR-55050,Bezonvaux,Meuse,Lorraine,LOR,France,FR
FR-57079,Bibiche,Moselle,Lorraine,LOR,France,FR
DE-07140014,Bickenbach,Rhein-Hunsrück-Kreis,Rhénanie-Palatinat,RLP,Allemagne,DE
DE-07232014,Bickendorf,Eifelkreis Bitburg-Prüm,Rhénanie-Palatinat,RLP,Allemagne,DE
FR-57080,Bickenholtz,Moselle,Lorraine,LOR,France,FR
FR-54073,Bicqueley,Meurthe-et-Moselle,Lorraine,LOR,France,FR
FR-57081,Bidestroff,Moselle,Lorraine,LOR,France,FR
FR-57082,Biding,Moselle,Lorraine,LOR,France,FR
DE-07331010,Biebelnheim,Alzey-Worms,Rhénanie-Palatinat,RLP,Allemagne,DE
DE-07133012,Biebelsheim,Bad Kreuznach,Rhénanie-Palatinat,RLP,Allemagne,DE
DE-07140015,Biebern,Rhein-Hunsrück-Kreis,Rhénanie-Palatinat,RLP,Allemagne,DE
DE-07141013,Biebrich,Rhein-Lahn-Kreis,Rhénanie-Palatinat,RLP,Allemagne,DE
DE-07340204,Biedershausen,Südwestpfalz,Rhénanie-Palatinat,RLP,Allemagne,DE
DE-07333006,Biedesheim,Donnersbergkreis,Rhénanie-Palatinat,RLP,Allemagne,DE
FR-55051,Biencourt-sur-Orge,Meuse,Lorraine,LOR,France,FR
FR-54074,Bienville-la-Petite,Meurthe-et-Moselle,Lorraine,LOR,France,FR
DE-07232015,Biersdorf am See,Eifelkreis Bitburg-Prüm,Rhénanie-Palatinat,RLP,Allemagne,DE
DE-07232016,Biesdorf,Eifelkreis Bitburg-Prüm,Rhénanie-Palatinat,RLP,Allemagne,DE
FR-88059,Biffontaine,Vosges,Lorraine,LOR,France,FR
DE-07143210,Bilkheim,Westerwaldkreis,Rhénanie-Palatinat,RLP,Allemagne,DE
DE-07337007,Billigheim-Ingenheim,Südliche Weinstraße,Rhénanie-Palatinat,RLP,Allemagne,DE
FR-55053,Billy-sous-Mangiennes,Meuse,Lorraine,LOR,France,FR
BE-58002,Binche,Hainaut,Wallonie,WAL,Belgique,BE
DE-07339005,Bingen am Rhein,Mainz-Bingen,Rhénanie-Palatinat,RLP,Allemagne,DE
FR-57083,Bining,Moselle,Lorraine,LOR,France,FR
DE-07135009,Binningen,Cochem-Zell,Rhénanie-Palatinat,RLP,Allemagne,DE
DE-07231010,Binsfeld,Bernkastel-Wittlich,Rhénanie-Palatinat,RLP,Allemagne,DE
FR-57084,Bioncourt,Moselle,Lorraine,LOR,France,FR
FR-54075,Bionville,Meurthe-et-Moselle,Lorraine,LOR,France,FR
FR-57085,Bionville-sur-Nied,Moselle,Lorraine,LOR,France,FR
DE-07233007,Birgel,Vulkaneifel,Rhénanie-Palatinat,RLP,Allemagne,DE
DE-07132008,Birken-Honigsessen,Altenkirchen (Ww),Rhénanie-Palatinat,RLP,Allemagne,DE
DE-07132007,Birkenbeul,Altenkirchen (Ww),Rhénanie-Palatinat,RLP,Allemagne,DE
DE-07134010,Birkenfeld,Birkenfeld,Rhénanie-Palatinat,RLP,Allemagne,DE
DE-07338003,Birkenheide,Rhein-Pfalz-Kreis,Rhénanie-Palatinat,RLP,Allemagne,DE
DE-07337008,Birkenhördt,Südliche Weinstraße,Rhénanie-Palatinat,RLP,Allemagne,DE
DE-07140016,Birkheim,Rhein-Hunsrück-Kreis,Rhénanie-Palatinat,RLP,Allemagne,DE
DE-07337009,Birkweiler,Südliche Weinstraße,Rhénanie-Palatinat,RLP,Allemagne,DE
DE-07141014,Birlenbach,Rhein-Lahn-Kreis,Rhénanie-Palatinat,RLP,Allemagne,DE
DE-07132009,Birnbach,Altenkirchen (Ww),Rhénanie-Palatinat,RLP,Allemagne,DE
DE-07233204,Birresborn,Vulkaneifel,Rhénanie-Palatinat,RLP,Allemagne,DE
DE-07232017,Birtlingen,Eifelkreis Bitburg-Prüm,Rhénanie-Palatinat,RLP,Allemagne,DE
DE-07333007,Bischheim,Donnersbergkreis,Rhénanie-Palatinat,RLP,Allemagne,DE
FR-55054,Bislée,Meuse,Lorraine,LOR,France,FR
LU-0402,Bissen,Mersch,Luxembourg,LUX,Luxembourg,LU
DE-07332004,Bissersheim,Bad Dürkheim,Rhénanie-Palatinat,RLP,Allemagne,DE
FR-57087,Bisten-en-Lorraine,Moselle,Lorraine,LOR,France,FR
DE-07333008,Bisterschied,Donnersbergkreis,Rhénanie-Palatinat,RLP,Allemagne,DE
FR-57088,Bistroff,Moselle,Lorraine,LOR,France,FR
DE-07232018,Bitburg,Eifelkreis Bitburg-Prüm,Rhénanie-Palatinat,RLP,Allemagne,DE
FR-57089,Bitche,Moselle,Lorraine,LOR,France,FR
DE-07132010,Bitzen,Altenkirchen (Ww),Rhénanie-Palatinat,RLP,Allemagne,DE
LU-1102,Biwer,Grevenmacher,Luxembourg,LUX,Luxembourg,LU
BE-91015,Bièvre,Namur,Wallonie,WAL,Belgique,BE
FR-88058,Biécourt,Vosges,Lorraine,LOR,France,FR
FR-54076,Blainville-sur-l'Eau,Meurthe-et-Moselle,Lorraine,LOR,France,FR
FR-57090,Blanche-Église,Moselle,Lorraine,LOR,France,FR
DE-07135010,Blankenrath,Cochem-Zell,Rhénanie-Palatinat,RLP,Allemagne,DE
FR-55055,Blanzée,Meuse,Lorraine,LOR,France,FR
DE-07336006,Blaubach,Kusel,Rhénanie-Palatinat,RLP,Allemagne,DE
DE-07233008,Bleckhausen,Vulkaneifel,Rhénanie-Palatinat,RLP,Allemagne,DE
BE-62119,Blegny,Liège,Wallonie,WAL,Belgique,BE
DE-07232206,Bleialf,Eifelkreis Bitburg-Prüm,Rhénanie-Palatinat,RLP,Allemagne,DE
FR-88061,Bleurville,Vosges,Lorraine,LOR,France,FR
FR-88062,Blevaincourt,Vosges,Lorraine,LOR,France,FR
FR-57093,Blies-Guersviller,Moselle,Lorraine,LOR,France,FR
FR-57092,Blies-Ébersing,Moselle,Lorraine,LOR,France,FR
FR-57091,Bliesbruck,Moselle,Lorraine,LOR,France,FR
DE-10045112,Blieskastel,Saarpfalz-Kreis,Sarre,SL,Allemagne,DE
FR-54077,Blâmont,Meurthe-et-Moselle,Lorraine,LOR,France,FR
FR-54078,Blémerey (Meurthe-et-Moselle),Meurthe-et-Moselle,Lorraine,LOR,France,FR
FR-88060,Blémerey (Vosges),Vosges,Lorraine,LOR,France,FR
FR-54079,Blénod-lès-Pont-à-Mousson,Meurthe-et-Moselle,Lorraine,LOR,France,FR
FR-54080,Blénod-lès-Toul,Meurthe-et-Moselle,Lorraine,LOR,France,FR
DE-07332005,Bobenheim am Berg,Bad Dürkheim,Rhénanie-Palatinat,RLP,Allemagne,DE
DE-07338004,Bobenheim-Roxheim,Rhein-Pfalz-Kreis,Rhénanie-Palatinat,RLP,Allemagne,DE
DE-07340001,Bobenthal,Südwestpfalz,Rhénanie-Palatinat,RLP,Allemagne,DE
DE-07133013,Bockenau,Bad Kreuznach,Rhénanie-Palatinat,RLP,Allemagne,DE
DE-07332006,Bockenheim an der Weinstraße,Bad Dürkheim,Rhénanie-Palatinat,RLP,Allemagne,DE
FR-88063,Bocquegney,Vosges,Lorraine,LOR,France,FR
DE-07143005,Boden,Westerwaldkreis,Rhénanie-Palatinat,RLP,Allemagne,DE
DE-07233205,Bodenbach,Vulkaneifel,Rhénanie-Palatinat,RLP,Allemagne,DE
DE-07339006,Bodenheim,Mainz-Bingen,Rhénanie-Palatinat,RLP,Allemagne,DE
DE-07141015,Bogel,Rhein-Lahn-Kreis,Rhénanie-Palatinat,RLP,Allemagne,DE
FR-55057,Boinville-en-Woëvre,Meuse,Lorraine,LOR,France,FR
FR-88064,Bois-de-Champ,Vosges,Lorraine,LOR,France,FR
FR-54557,Bois-de-Haye,Meurthe-et-Moselle,Lorraine,LOR,France,FR
FR-54081,Boismont,Meurthe-et-Moselle,Lorraine,LOR,France,FR
DE-07333010,Bolanden,Donnersbergkreis,Rhénanie-Palatinat,RLP,Allemagne,DE
DE-07134012,Bollenbach,Birkenfeld,Rhénanie-Palatinat,RLP,Allemagne,DE
DE-07232019,Bollendorf,Eifelkreis Bitburg-Prüm,Rhénanie-Palatinat,RLP,Allemagne,DE
FR-54082,Boncourt,Meurthe-et-Moselle,Lorraine,LOR,France,FR
FR-55058,Boncourt-sur-Meuse,Meuse,Lorraine,LOR,France,FR
DE-07138005,Bonefeld,Neuwied,Rhénanie-Palatinat,RLP,Allemagne,DE
DE-07235010,Bonerath,Trier-Saarburg,Rhénanie-Palatinat,RLP,Allemagne,DE
DE-07233206,Bongard,Vulkaneifel,Rhénanie-Palatinat,RLP,Allemagne,DE
FR-55059,Bonnet,Meuse,Lorraine,LOR,France,FR
FR-54083,Bonviller,Meurthe-et-Moselle,Lorraine,LOR,France,FR
FR-88065,Bonvillet,Vosges,Lorraine,LOR,France,FR
FR-55060,Bonzée,Meuse,Lorraine,LOR,France,FR
DE-07133014,Boos (Bad Kreuznach),Bad Kreuznach,Rhénanie-Palatinat,RLP,Allemagne,DE
DE-07137014,Boos (Mayen-Koblenz),Mayen-Koblenz,Rhénanie-Palatinat,RLP,Allemagne,DE
DE-07140501,Boppard,Rhein-Hunsrück-Kreis,Rhénanie-Palatinat,RLP,Allemagne,DE
DE-07233207,Borler,Vulkaneifel,Rhénanie-Palatinat,RLP,Allemagne,DE
DE-07331012,Bornheim (Alzey-Worms),Alzey-Worms,Rhénanie-Palatinat,RLP,Allemagne,DE
DE-07337014,Bornheim (Südliche Weinstraße),Südliche Weinstraße,Rhénanie-Palatinat,RLP,Allemagne,DE
DE-07141016,Bornich,Rhein-Lahn-Kreis,Rhénanie-Palatinat,RLP,Allemagne,DE
DE-07143212,Borod,Westerwaldkreis,Rhénanie-Palatinat,RLP,Allemagne,DE
FR-54085,Borville,Meurthe-et-Moselle,Lorraine,LOR,France,FR
DE-07336009,Bosenbach,Kusel,Rhénanie-Palatinat,RLP,Allemagne,DE
DE-07340205,Bottenbach,Südwestpfalz,Rhénanie-Palatinat,RLP,Allemagne,DE
FR-57095,Boucheporn,Moselle,Lorraine,LOR,France,FR
FR-55062,Bouconville-sur-Madt,Meuse,Lorraine,LOR,France,FR
FR-54086,Boucq,Meurthe-et-Moselle,Lorraine,LOR,France,FR
BE-84010,Bouillon,Luxembourg,Wallonie,WAL,Belgique,BE
FR-54087,Bouillonville,Meurthe-et-Moselle,Lorraine,LOR,France,FR
LU-0801,Boulaide,Wiltz,Luxembourg,LUX,Luxembourg,LU
FR-88066,Boulaincourt,Vosges,Lorraine,LOR,France,FR
FR-57096,Boulange,Moselle,Lorraine,LOR,France,FR
FR-57097,Boulay-Moselle,Moselle,Lorraine,LOR,France,FR
FR-55063,Bouligny,Meuse,Lorraine,LOR,France,FR
FR-55064,Bouquemont,Meuse,Lorraine,LOR,France,FR
FR-57099,Bourdonnay,Moselle,Lorraine,LOR,France,FR
FR-55065,Boureuilles,Meuse,Lorraine,LOR,France,FR
FR-57098,Bourgaltroff,Moselle,Lorraine,LOR,France,FR
LU-0602,Bourscheid (Diekirch),Diekirch,Luxembourg,LUX,Luxembourg,LU
FR-57100,Bourscheid (Moselle),Moselle,Lorraine,LOR,France,FR
DE-10044122,Bous,Saarlouis,Sarre,SL,Allemagne,DE
LU-1209,Bous-Waldbredimus,Remich,Luxembourg,LUX,Luxembourg,LU
FR-57101,Bousbach,Moselle,Lorraine,LOR,France,FR
FR-57102,Bousse,Moselle,Lorraine,LOR,France,FR
FR-57103,Bousseviller,Moselle,Lorraine,LOR,France,FR
BE-53014,Boussu,Hainaut,Wallonie,WAL,Belgique,BE
FR-57104,Boust,Moselle,Lorraine,LOR,France,FR
FR-57105,Boustroff,Moselle,Lorraine,LOR,France,FR
FR-54088,Bouvron,Meurthe-et-Moselle,Lorraine,LOR,France,FR
FR-88069,Bouxières-aux-Bois,Vosges,Lorraine,LOR,France,FR
FR-54089,Bouxières-aux-Chênes,Meurthe-et-Moselle,Lorraine,LOR,France,FR
FR-54090,Bouxières-aux-Dames,Meurthe-et-Moselle,Lorraine,LOR,France,FR
FR-54091,Bouxières-sous-Froidmont,Meurthe-et-Moselle,Lorraine,LOR,France,FR
FR-88070,Bouxurulles,Vosges,Lorraine,LOR,France,FR
FR-54092,Bouzanville,Meurthe-et-Moselle,Lorraine,LOR,France,FR
FR-88071,Bouzemont,Vosges,Lorraine,LOR,France,FR
FR-57106,Bouzonville,Moselle,Lorraine,LOR,France,FR
FR-55067,Boviolles,Meuse,Lorraine,LOR,France,FR
FR-55066,Bovée-sur-Barboure,Meuse,Lorraine,LOR,France,FR
DE-07233010,Boxberg,Vulkaneifel,Rhénanie-Palatinat,RLP,Allemagne,DE
FR-55068,Brabant-en-Argonne,Meuse,Lorraine,LOR,France,FR
FR-55069,Brabant-le-Roi,Meuse,Lorraine,LOR,France,FR
FR-55070,Brabant-sur-Meuse,Meuse,Lorraine,LOR,France,FR
DE-07132012,Brachbach,Altenkirchen (Ww),Rhénanie-Palatinat,RLP,Allemagne,DE
DE-07135011,Brachtendorf,Cochem-Zell,Rhénanie-Palatinat,RLP,Allemagne,DE
BE-25014,Braine-l'Alleud,Brabant wallon,Wallonie,WAL,Belgique,BE
BE-25015,Braine-le-Château,Brabant wallon,Wallonie,WAL,Belgique,BE
BE-55004,Braine-le-Comte,Hainaut,Wallonie,WAL,Belgique,BE
FR-54093,Brainville,Meurthe-et-Moselle,Lorraine,LOR,France,FR
BE-64015,Braives,Liège,Wallonie,WAL,Belgique,BE
FR-54094,Bralleville,Meurthe-et-Moselle,Lorraine,LOR,France,FR
FR-55071,Brandeville,Meuse,Lorraine,LOR,France,FR
DE-07232207,Brandscheid (Eifelkreis Bitburg-Prüm),Eifelkreis Bitburg-Prüm,Rhénanie-Palatinat,RLP,Allemagne,DE
DE-07143213,Brandscheid (Westerwaldkreis),Westerwaldkreis,Rhénanie-Palatinat,RLP,Allemagne,DE
FR-88073,Brantigny,Vosges,Lorraine,LOR,France,FR
FR-55072,Braquis,Meuse,Lorraine,LOR,France,FR
FR-55073,Bras-sur-Meuse,Meuse,Lorraine,LOR,France,FR
FR-54095,Bratte,Meurthe-et-Moselle,Lorraine,LOR,France,FR
DE-07141501,Braubach,Rhein-Lahn-Kreis,Rhénanie-Palatinat,RLP,Allemagne,DE
DE-07231012,Brauneberg,Bernkastel-Wittlich,Rhénanie-Palatinat,RLP,Allemagne,DE
DE-07140018,Braunshorn,Rhein-Hunsrück-Kreis,Rhénanie-Palatinat,RLP,Allemagne,DE
DE-07133015,Braunweiler,Bad Kreuznach,Rhénanie-Palatinat,RLP,Allemagne,DE
FR-55075,Brauvilliers,Meuse,Lorraine,LOR,France,FR
DE-07133016,Brauweiler,Bad Kreuznach,Rhénanie-Palatinat,RLP,Allemagne,DE
FR-88074,Brechainville,Vosges,Lorraine,LOR,France,FR
DE-07232020,Brecht,Eifelkreis Bitburg-Prüm,Rhénanie-Palatinat,RLP,Allemagne,DE
FR-57108,Breidenbach,Moselle,Lorraine,LOR,France,FR
FR-57109,Breistroff-la-Grande,Moselle,Lorraine,LOR,France,FR
DE-07231202,Breit,Bernkastel-Wittlich,Rhénanie-Palatinat,RLP,Allemagne,DE
DE-07143006,Breitenau,Westerwaldkreis,Rhénanie-Palatinat,RLP,Allemagne,DE
DE-07336010,Breitenbach,Kusel,Rhénanie-Palatinat,RLP,Allemagne,DE
DE-07133017,Breitenheim,Bad Kreuznach,Rhénanie-Palatinat,RLP,Allemagne,DE
DE-07134013,Breitenthal,Birkenfeld,Rhénanie-Palatinat,RLP,Allemagne,DE
DE-07339007,Breitscheid (Mainz-Bingen),Mainz-Bingen,Rhénanie-Palatinat,RLP,Allemagne,DE
DE-07138006,Breitscheid (Neuwied),Neuwied,Rhénanie-Palatinat,RLP,Allemagne,DE
DE-07132013,Breitscheidt,Altenkirchen (Ww),Rhénanie-Palatinat,RLP,Allemagne,DE
DE-07141018,Bremberg,Rhein-Lahn-Kreis,Rhénanie-Palatinat,RLP,Allemagne,DE
DE-07135012,Bremm,Cochem-Zell,Rhénanie-Palatinat,RLP,Allemagne,DE
DE-07131201,Brenk,Ahrweiler,Rhénanie-Palatinat,RLP,Allemagne,DE
DE-07143214,Bretthausen,Westerwaldkreis,Rhénanie-Palatinat,RLP,Allemagne,DE
FR-57110,Brettnach,Moselle,Lorraine,LOR,France,FR
DE-07133018,Bretzenheim,Bad Kreuznach,Rhénanie-Palatinat,RLP,Allemagne,DE
DE-07333011,Breunigweiler,Donnersbergkreis,Rhénanie-Palatinat,RLP,Allemagne,DE
FR-55077,Breux,Meuse,Lorraine,LOR,France,FR
DE-07137204,Brey,Mayen-Koblenz,Rhénanie-Palatinat,RLP,Allemagne,DE
DE-07135013,Briedel,Cochem-Zell,Rhénanie-Palatinat,RLP,Allemagne,DE
DE-07135014,Brieden,Cochem-Zell,Rhénanie-Palatinat,RLP,Allemagne,DE
DE-07135015,Briedern,Cochem-Zell,Rhénanie-Palatinat,RLP,Allemagne,DE
FR-55078,Brieulles-sur-Meuse,Meuse,Lorraine,LOR,France,FR
FR-55079,Brillon-en-Barrois,Meuse,Lorraine,LOR,France,FR
DE-07232502,Brimingen,Eifelkreis Bitburg-Prüm,Rhénanie-Palatinat,RLP,Allemagne,DE
FR-54100,Brin-sur-Seille,Meurthe-et-Moselle,Lorraine,LOR,France,FR
FR-55080,Brixey-aux-Chanoines,Meuse,Lorraine,LOR,France,FR
FR-55081,Brizeaux,Meuse,Lorraine,LOR,France,FR
DE-07233011,Brockscheid,Vulkaneifel,Rhénanie-Palatinat,RLP,Allemagne,DE
FR-55082,Brocourt-en-Argonne,Meuse,Lorraine,LOR,France,FR
DE-07137205,Brodenbach,Mayen-Koblenz,Rhénanie-Palatinat,RLP,Allemagne,DE
DE-07135016,Brohl,Cochem-Zell,Rhénanie-Palatinat,RLP,Allemagne,DE
DE-07131014,Brohl-Lützing,Ahrweiler,Rhénanie-Palatinat,RLP,Allemagne,DE
FR-57111,Bronvaux,Moselle,Lorraine,LOR,France,FR
FR-57112,Brouck,Moselle,Lorraine,LOR,France,FR
FR-57113,Brouderdorff,Moselle,Lorraine,LOR,France,FR
FR-55083,Brouennes,Meuse,Lorraine,LOR,France,FR
FR-55084,Broussey-en-Blois,Meuse,Lorraine,LOR,France,FR
FR-55085,Broussey-Raulecourt,Meuse,Lorraine,LOR,France,FR
FR-88076,Brouvelieures,Vosges,Lorraine,LOR,France,FR
FR-54101,Brouville,Meurthe-et-Moselle,Lorraine,LOR,France,FR
FR-57114,Brouviller,Moselle,Lorraine,LOR,France,FR
DE-07231013,Bruch,Bernkastel-Wittlich,Rhénanie-Palatinat,RLP,Allemagne,DE
DE-07132014,Bruchertseifen,Altenkirchen (Ww),Rhénanie-Palatinat,RLP,Allemagne,DE
DE-07138008,Bruchhausen,Neuwied,Rhénanie-Palatinat,RLP,Allemagne,DE
DE-07335003,Bruchmühlbach-Miesau,Kaiserslautern,Rhénanie-Palatinat,RLP,Allemagne,DE
DE-07134014,Bruchweiler,Birkenfeld,Rhénanie-Palatinat,RLP,Allemagne,DE
DE-07340501,Bruchweiler-Bärenbach,Südwestpfalz,Rhénanie-Palatinat,RLP,Allemagne,DE
BE-51012,Brugelette,Hainaut,Wallonie,WAL,Belgique,BE
FR-57115,Brulange,Moselle,Lorraine,LOR,France,FR
FR-54102,Bruley,Meurthe-et-Moselle,Lorraine,LOR,France,FR
BE-57093,Brunehaut,Hainaut,Wallonie,WAL,Belgique,BE
DE-07133201,Bruschied,Bad Kreuznach,Rhénanie-Palatinat,RLP,Allemagne,DE
DE-07135017,Bruttig-Fankel,Cochem-Zell,Rhénanie-Palatinat,RLP,Allemagne,DE
FR-54103,Bruville,Meurthe-et-Moselle,Lorraine,LOR,France,FR
FR-88078,Bruyères,Vosges,Lorraine,LOR,France,FR
FR-57107,Bréhain,Moselle,Lorraine,LOR,France,FR
FR-54096,Bréhain-la-Ville,Meurthe-et-Moselle,Lorraine,LOR,France,FR
FR-55076,Bréhéville,Meuse,Lorraine,LOR,France,FR
FR-54098,Brémoncourt,Meurthe-et-Moselle,Lorraine,LOR,France,FR
FR-54097,Bréménil,Meurthe-et-Moselle,Lorraine,LOR,France,FR
FR-88077,Brû,Vosges,Lorraine,LOR,France,FR
DE-07134015,Brücken,Birkenfeld,Rhénanie-Palatinat,RLP,Allemagne,DE
DE-07336011,Brücken (Pfalz),Kusel,Rhénanie-Palatinat,RLP,Allemagne,DE
DE-07233208,Brücktal,Vulkaneifel,Rhénanie-Palatinat,RLP,Allemagne,DE
DE-07140020,Bubach,Rhein-Hunsrück-Kreis,Rhénanie-Palatinat,RLP,Allemagne,DE
DE-07333012,Bubenheim (Donnersbergkreis),Donnersbergkreis,Rhénanie-Palatinat,RLP,Allemagne,DE
DE-07339008,Bubenheim (Mainz-Bingen),Mainz-Bingen,Rhénanie-Palatinat,RLP,Allemagne,DE
DE-07336012,Buborn,Kusel,Rhénanie-Palatinat,RLP,Allemagne,DE
DE-07140021,Buch (Rhein-Hunsrück-Kreis),Rhein-Hunsrück-Kreis,Rhénanie-Palatinat,RLP,Allemagne,DE
DE-07141019,Buch (Rhein-Lahn-Kreis),Rhein-Lahn-Kreis,Rhénanie-Palatinat,RLP,Allemagne,DE
DE-07232208,Buchet,Eifelkreis Bitburg-Prüm,Rhénanie-Palatinat,RLP,Allemagne,DE
DE-07138080,Buchholz (Westerwald),Neuwied,Rhénanie-Palatinat,RLP,Allemagne,DE
FR-57116,Buchy,Moselle,Lorraine,LOR,France,FR
DE-07140023,Budenbach,Rhein-Hunsrück-Kreis,Rhénanie-Palatinat,RLP,Allemagne,DE
DE-07339009,Budenheim,Mainz-Bingen,Rhénanie-Palatinat,RLP,Allemagne,DE
FR-57117,Buding,Moselle,Lorraine,LOR,France,FR
FR-57118,Budling,Moselle,Lorraine,LOR,France,FR
FR-57119,Buhl-Lorraine,Moselle,Lorraine,LOR,France,FR
DE-07134016,Buhlenberg,Birkenfeld,Rhénanie-Palatinat,RLP,Allemagne,DE
FR-54104,Buissoncourt,Meurthe-et-Moselle,Lorraine,LOR,France,FR
FR-88079,Bulgnéville,Vosges,Lorraine,LOR,France,FR
DE-07135019,Bullay,Cochem-Zell,Rhénanie-Palatinat,RLP,Allemagne,DE
FR-54105,Bulligny,Meurthe-et-Moselle,Lorraine,LOR,France,FR
FR-88080,Bult,Vosges,Lorraine,LOR,France,FR
DE-07134017,Bundenbach,Birkenfeld,Rhénanie-Palatinat,RLP,Allemagne,DE
DE-07340502,Bundenthal,Südwestpfalz,Rhénanie-Palatinat,RLP,Allemagne,DE
DE-07232210,Burbach,Eifelkreis Bitburg-Prüm,Rhénanie-Palatinat,RLP,Allemagne,DE
BE-61010,Burdinne,Liège,Wallonie,WAL,Belgique,BE
FR-55087,Bure,Meuse,Lorraine,LOR,France,FR
FR-54106,Bures,Meurthe-et-Moselle,Lorraine,LOR,France,FR
FR-55088,Burey-en-Vaux,Meuse,Lorraine,LOR,France,FR
FR-55089,Burey-la-Côte,Meuse,Lorraine,LOR,France,FR
DE-07232022,Burg,Eifelkreis Bitburg-Prüm,Rhénanie-Palatinat,RLP,Allemagne,DE
DE-07231014,Burg (Mosel),Bernkastel-Wittlich,Rhénanie-Palatinat,RLP,Allemagne,DE
BE-63087,Burg-Reuland,Liège,Wallonie,WAL,Belgique,BE
DE-07131202,Burgbrohl,Ahrweiler,Rhénanie-Palatinat,RLP,Allemagne,DE
DE-07231016,Burgen (Bernkastel-Wittlich),Bernkastel-Wittlich,Rhénanie-Palatinat,RLP,Allemagne,DE
DE-07137206,Burgen (Mayen-Koblenz),Mayen-Koblenz,Rhénanie-Palatinat,RLP,Allemagne,DE
DE-07132016,Burglahr,Altenkirchen (Ww),Rhénanie-Palatinat,RLP,Allemagne,DE
DE-07141020,Burgschwalbach,Rhein-Lahn-Kreis,Rhénanie-Palatinat,RLP,Allemagne,DE
DE-07133019,Burgsponheim,Bad Kreuznach,Rhénanie-Palatinat,RLP,Allemagne,DE
FR-54107,Buriville,Meurthe-et-Moselle,Lorraine,LOR,France,FR
FR-57120,Burlioncourt,Moselle,Lorraine,LOR,France,FR
DE-07337015,Burrweiler,Südliche Weinstraße,Rhénanie-Palatinat,RLP,Allemagne,DE
FR-54108,Burthecourt-aux-Chênes,Meurthe-et-Moselle,Lorraine,LOR,France,FR
FR-57121,Burtoncourt,Moselle,Lorraine,LOR,France,FR
DE-07231017,Burtscheid,Bernkastel-Wittlich,Rhénanie-Palatinat,RLP,Allemagne,DE
DE-07340002,Busenberg,Südwestpfalz,Rhénanie-Palatinat,RLP,Allemagne,DE
DE-07132017,Busenhausen,Altenkirchen (Ww),Rhénanie-Palatinat,RLP,Allemagne,DE
FR-88081,Bussang,Vosges,Lorraine,LOR,France,FR
BE-63013,Butgenbach,Liège,Wallonie,WAL,Belgique,BE
FR-55093,Buxières-sous-les-Côtes,Meuse,Lorraine,LOR,France,FR
FR-55094,Buzy-Darmont,Meuse,Lorraine,LOR,France,FR
DE-07133008,Bärenbach (Bad Kreuznach),Bad Kreuznach,Rhénanie-Palatinat,RLP,Allemagne,DE
DE-07140006,Bärenbach (Rhein-Hunsrück-Kreis),Rhein-Hunsrück-Kreis,Rhénanie-Palatinat,RLP,Allemagne,DE
DE-07133009,Bärweiler,Bad Kreuznach,Rhénanie-Palatinat,RLP,Allemagne,DE
FR-57056,Bébing,Moselle,Lorraine,LOR,France,FR
FR-54058,Béchamps,Meurthe-et-Moselle,Lorraine,LOR,France,FR
FR-57057,Béchy,Moselle,Lorraine,LOR,France,FR
FR-54061,Bénaménil,Meurthe-et-Moselle,Lorraine,LOR,France,FR
FR-57060,Bénestroff,Moselle,Lorraine,LOR,France,FR
FR-57061,Béning-lès-Saint-Avold,Moselle,Lorraine,LOR,France,FR
FR-57063,Bérig-Vintrange,Moselle,Lorraine,LOR,France,FR
FR-55047,Béthelainville,Meuse,Lorraine,LOR,France,FR
FR-55048,Béthincourt,Meuse,Lorraine,LOR,France,FR
DE-07337011,Böbingen,Südliche Weinstraße,Rhénanie-Palatinat,RLP,Allemagne,DE
DE-07337012,Böchingen,Südliche Weinstraße,Rhénanie-Palatinat,RLP,Allemagne,DE
DE-07338005,Böhl-Iggelheim,Rhein-Pfalz-Kreis,Rhénanie-Palatinat,RLP,Allemagne,DE
DE-07337013,Böllenborn,Südliche Weinstraße,Rhénanie-Palatinat,RLP,Allemagne,DE
DE-07143211,Bölsberg,Westerwaldkreis,Rhénanie-Palatinat,RLP,Allemagne,DE
DE-07134011,Börfink,Birkenfeld,Rhénanie-Palatinat,RLP,Allemagne,DE
DE-07333009,Börrstadt,Donnersbergkreis,Rhénanie-Palatinat,RLP,Allemagne,DE
DE-07336008,Börsborn,Kusel,Rhénanie-Palatinat,RLP,Allemagne,DE
DE-07135018,Büchel,Cochem-Zell,Rhénanie-Palatinat,RLP,Allemagne,DE
DE-07140024,Büchenbeuren,Rhein-Hunsrück-Kreis,Rhénanie-Palatinat,RLP,Allemagne,DE
DE-07232209,Büdesheim,Eifelkreis Bitburg-Prüm,Rhénanie-Palatinat,RLP,Allemagne,DE
DE-07231203,Büdlich,Bernkastel-Wittlich,Rhénanie-Palatinat,RLP,Allemagne,DE
BE-63012,Büllingen,Liège,Wallonie,WAL,Belgique,BE
DE-07132015,Bürdenbach,Altenkirchen (Ww),Rhénanie-Palatinat,RLP,Allemagne,DE
DE-07143007,Caan,Westerwaldkreis,Rhénanie-Palatinat,RLP,Allemagne,DE
DE-07133020,Callbach,Bad Kreuznach,Rhénanie-Palatinat,RLP,Allemagne,DE
FR-88465,Capavenir Vosges,Vosges,Lorraine,LOR,France,FR
FR-57122,Cappel,Moselle,Lorraine,LOR,France,FR
FR-57123,Carling,Moselle,Lorraine,LOR,France,FR
DE-07332007,Carlsberg,Bad Dürkheim,Rhénanie-Palatinat,RLP,Allemagne,DE
FR-57124,Cattenom,Moselle,Lorraine,LOR,France,FR
FR-54109,Ceintrey,Meurthe-et-Moselle,Lorraine,LOR,France,FR
BE-57018,Celles,Hainaut,Wallonie,WAL,Belgique,BE
FR-88082,Celles-sur-Plaine,Vosges,Lorraine,LOR,France,FR
BE-93010,Cerfontaine,Namur,Wallonie,WAL,Belgique,BE
FR-88083,Certilleux,Vosges,Lorraine,LOR,France,FR
FR-54110,Cerville,Meurthe-et-Moselle,Lorraine,LOR,France,FR
FR-55095,Cesse,Meuse,Lorraine,LOR,France,FR
FR-55096,Chaillon,Meuse,Lorraine,LOR,France,FR
FR-57125,Chailly-lès-Ennery,Moselle,Lorraine,LOR,France,FR
FR-55097,Chalaines,Meuse,Lorraine,LOR,France,FR
FR-54111,Chaligny,Meurthe-et-Moselle,Lorraine,LOR,France,FR
FR-88084,Chamagne,Vosges,Lorraine,LOR,France,FR
FR-54112,Chambley-Bussières,Meurthe-et-Moselle,Lorraine,LOR,France,FR
FR-57126,Chambrey,Moselle,Lorraine,LOR,France,FR
FR-88086,Champ-le-Duc,Vosges,Lorraine,LOR,France,FR
FR-88085,Champdray,Vosges,Lorraine,LOR,France,FR
FR-54113,Champenoux,Meurthe-et-Moselle,Lorraine,LOR,France,FR
FR-54114,Champey-sur-Moselle,Meurthe-et-Moselle,Lorraine,LOR,France,FR
FR-54115,Champigneulles,Meurthe-et-Moselle,Lorraine,LOR,France,FR
FR-55099,Champneuville,Meuse,Lorraine,LOR,France,FR
FR-55100,Champougny,Meuse,Lorraine,LOR,France,FR
FR-54116,Chanteheux,Meurthe-et-Moselle,Lorraine,LOR,France,FR
FR-55358,Chanteraine,Meuse,Lorraine,LOR,France,FR
FR-88087,Chantraine,Vosges,Lorraine,LOR,France,FR
FR-57127,Chanville,Moselle,Lorraine,LOR,France,FR
FR-54117,Chaouilley,Meurthe-et-Moselle,Lorraine,LOR,France,FR
BE-52010,Chapelle-lez-Herlaimont,Hainaut,Wallonie,WAL,Belgique,BE
FR-55101,Chardogne,Meuse,Lorraine,LOR,France,FR
FR-54118,Charency-Vezin,Meurthe-et-Moselle,Lorraine,LOR,France,FR
FR-54119,Charey,Meurthe-et-Moselle,Lorraine,LOR,France,FR
BE-52011,Charleroi,Hainaut,Wallonie,WAL,Belgique,BE
FR-57128,Charleville-sous-Bois,Moselle,Lorraine,LOR,France,FR
DE-07141021,Charlottenberg,Rhein-Lahn-Kreis,Rhénanie-Palatinat,RLP,Allemagne,DE
FR-57129,Charly-Oradour,Moselle,Lorraine,LOR,France,FR
FR-88090,Charmes,Vosges,Lorraine,LOR,France,FR
FR-54120,Charmes-la-Côte,Meurthe-et-Moselle,Lorraine,LOR,France,FR
FR-54121,Charmois,Meurthe-et-Moselle,Lorraine,LOR,France,FR
FR-88091,Charmois-devant-Bruyères,Vosges,Lorraine,LOR,France,FR
FR-88092,Charmois-l'Orgueilleux,Vosges,Lorraine,LOR,France,FR
FR-55102,Charny-sur-Meuse,Meuse,Lorraine,LOR,France,FR
FR-55103,Charpentry,Meuse,Lorraine,LOR,France,FR
FR-55104,Chassey-Beaupré,Meuse,Lorraine,LOR,France,FR
BE-25117,Chastre,Brabant wallon,Wallonie,WAL,Belgique,BE
FR-55106,Chattancourt,Meuse,Lorraine,LOR,France,FR
FR-54122,Chaudeney-sur-Moselle,Meurthe-et-Moselle,Lorraine,LOR,France,FR
BE-62022,Chaudfontaine,Liège,Wallonie,WAL,Belgique,BE
FR-88097,Chauffecourt,Vosges,Lorraine,LOR,France,FR
FR-55107,Chaumont-devant-Damvillers,Meuse,Lorraine,LOR,France,FR
BE-25018,Chaumont-Gistoux,Brabant wallon,Wallonie,WAL,Belgique,BE
FR-55108,Chaumont-sur-Aire,Meuse,Lorraine,LOR,France,FR
FR-88098,Chaumousey,Vosges,Lorraine,LOR,France,FR
FR-55109,Chauvency-le-Château,Meuse,Lorraine,LOR,France,FR
FR-55110,Chauvency-Saint-Hubert,Meuse,Lorraine,LOR,France,FR
FR-55111,Chauvoncourt,Meuse,Lorraine,LOR,France,FR
FR-88099,Chavelot,Vosges,Lorraine,LOR,France,FR
FR-54123,Chavigny,Meurthe-et-Moselle,Lorraine,LOR,France,FR
FR-54124,Chazelles-sur-Albe,Meurthe-et-Moselle,Lorraine,LOR,France,FR
FR-88100,Chef-Haut,Vosges,Lorraine,LOR,France,FR
FR-57137,Cheminot,Moselle,Lorraine,LOR,France,FR
FR-54125,Chenevières,Meurthe-et-Moselle,Lorraine,LOR,France,FR
FR-54126,Chenicourt,Meurthe-et-Moselle,Lorraine,LOR,France,FR
FR-88101,Cheniménil,Vosges,Lorraine,LOR,France,FR
FR-54127,Chenières,Meurthe-et-Moselle,Lorraine,LOR,France,FR
FR-57138,Chenois,Moselle,Lorraine,LOR,France,FR
FR-55113,Cheppy,Meuse,Lorraine,LOR,France,FR
FR-88102,Chermisey,Vosges,Lorraine,LOR,France,FR
FR-57140,Chesny,Moselle,Lorraine,LOR,France,FR
FR-57141,Chicourt,Moselle,Lorraine,LOR,France,FR
FR-57142,Chieulles,Moselle,Lorraine,LOR,France,FR
BE-56016,Chimay,Hainaut,Wallonie,WAL,Belgique,BE
BE-85007,Chiny,Luxembourg,Wallonie,WAL,Belgique,BE
BE-51014,Chièvres,Hainaut,Wallonie,WAL,Belgique,BE
FR-54128,Choloy-Ménillot,Meurthe-et-Moselle,Lorraine,LOR,France,FR
FR-55114,Chonville-Malaumont,Meuse,Lorraine,LOR,France,FR
FR-88093,Châtas,Vosges,Lorraine,LOR,France,FR
FR-57130,Château-Bréhain,Moselle,Lorraine,LOR,France,FR
FR-57131,Château-Rouge,Moselle,Lorraine,LOR,France,FR
FR-57132,Château-Salins,Moselle,Lorraine,LOR,France,FR
FR-57133,Château-Voué,Moselle,Lorraine,LOR,France,FR
FR-57134,Châtel-Saint-Germain,Moselle,Lorraine,LOR,France,FR
FR-88094,Châtel-sur-Moselle,Vosges,Lorraine,LOR,France,FR
BE-52012,Châtelet,Hainaut,Wallonie,WAL,Belgique,BE
FR-88095,Châtenois,Vosges,Lorraine,LOR,France,FR
FR-55105,Châtillon-sous-les-Côtes,Meuse,Lorraine,LOR,France,FR
FR-88096,Châtillon-sur-Saône,Vosges,Lorraine,LOR,France,FR
FR-57136,Chémery-les-Deux,Moselle,Lorraine,LOR,France,FR
FR-57139,Chérisey,Moselle,Lorraine,LOR,France,FR
FR-55115,Cierges-sous-Montfaucon,Meuse,Lorraine,LOR,France,FR
BE-91030,Ciney,Namur,Wallonie,WAL,Belgique,BE
FR-88103,Circourt,Vosges,Lorraine,LOR,France,FR
FR-88104,Circourt-sur-Mouzon,Vosges,Lorraine,LOR,France,FR
FR-54129,Cirey-sur-Vezouze,Meurthe-et-Moselle,Lorraine,LOR,France,FR
FR-88105,Claudon,Vosges,Lorraine,LOR,France,FR
DE-07340003,Clausen,Südwestpfalz,Rhénanie-Palatinat,RLP,Allemagne,DE
BE-61012,Clavier,Liège,Wallonie,WAL,Belgique,BE
FR-54130,Clayeures,Meurthe-et-Moselle,Lorraine,LOR,France,FR
FR-55117,Clermont-en-Argonne,Meuse,Lorraine,LOR,France,FR
LU-0501,Clervaux,Clervaux,Luxembourg,LUX,Luxembourg,LU
FR-88109,Cleurie,Vosges,Lorraine,LOR,France,FR
FR-57143,Clouange,Moselle,Lorraine,LOR,France,FR
FR-54131,Clémery,Meurthe-et-Moselle,Lorraine,LOR,France,FR
FR-88107,Clérey-la-Côte,Vosges,Lorraine,LOR,France,FR
FR-54132,Clérey-sur-Brenon,Meurthe-et-Moselle,Lorraine,LOR,France,FR
FR-55118,Cléry-le-Grand,Meuse,Lorraine,LOR,France,FR
FR-55119,Cléry-le-Petit,Meuse,Lorraine,LOR,France,FR
FR-88110,Clézentaine,Vosges,Lorraine,LOR,France,FR
DE-07135020,Cochem,Cochem-Zell,Rhénanie-Palatinat,RLP,Allemagne,DE
FR-57144,Cocheren,Moselle,Lorraine,LOR,France,FR
FR-57146,Coin-lès-Cuvry,Moselle,Lorraine,LOR,France,FR
FR-57147,Coin-sur-Seille,Moselle,Lorraine,LOR,France,FR
FR-88111,Coinches,Vosges,Lorraine,LOR,France,FR
FR-54133,Coincourt,Meurthe-et-Moselle,Lorraine,LOR,France,FR
FR-57145,Coincy,Moselle,Lorraine,LOR,France,FR
BE-53082,Colfontaine,Hainaut,Wallonie,WAL,Belgique,BE
FR-57148,Colligny-Maizery,Moselle,Lorraine,LOR,France,FR
LU-0401,Colmar-Berg,Mersch,Luxembourg,LUX,Luxembourg,LU
FR-57149,Colmen,Moselle,Lorraine,LOR,France,FR
FR-54134,Colmey,Meurthe-et-Moselle,Lorraine,LOR,France,FR
FR-54135,Colombey-les-Belles,Meurthe-et-Moselle,Lorraine,LOR,France,FR
BE-62026,Comblain-au-Pont,Liège,Wallonie,WAL,Belgique,BE
FR-55120,Combles-en-Barrois,Meuse,Lorraine,LOR,France,FR
FR-55121,Combres-sous-les-Côtes,Meuse,Lorraine,LOR,France,FR
FR-88113,Combrimont,Vosges,Lorraine,LOR,France,FR
BE-57097,Comines-Warneton,Hainaut,Wallonie,WAL,Belgique,BE
FR-55122,Commercy,Meuse,Lorraine,LOR,France,FR
FR-57150,Condé-Northen,Moselle,Lorraine,LOR,France,FR
FR-54136,Conflans-en-Jarnisy,Meurthe-et-Moselle,Lorraine,LOR,France,FR
FR-54137,Cons-la-Grandville,Meurthe-et-Moselle,Lorraine,LOR,France,FR
LU-1004,Consdorf,Echternach,Luxembourg,LUX,Luxembourg,LU
FR-55124,Consenvoye,Meuse,Lorraine,LOR,France,FR
LU-0302,Contern,Luxembourg,Luxembourg,LUX,Luxembourg,LU
FR-57151,Conthil,Moselle,Lorraine,LOR,France,FR
FR-88114,Contrexéville,Vosges,Lorraine,LOR,France,FR
FR-55125,Contrisson,Meuse,Lorraine,LOR,France,FR
DE-07340206,Contwig,Südwestpfalz,Rhénanie-Palatinat,RLP,Allemagne,DE
FR-57152,Contz-les-Bains,Moselle,Lorraine,LOR,France,FR
FR-88115,Corcieux,Vosges,Lorraine,LOR,France,FR
FR-88116,Cornimont,Vosges,Lorraine,LOR,France,FR
FR-57153,Corny-sur-Moselle,Moselle,Lorraine,LOR,France,FR
FR-54138,Cosnes-et-Romain,Meurthe-et-Moselle,Lorraine,LOR,France,FR
FR-57154,Coume,Moselle,Lorraine,LOR,France,FR
FR-54139,Courbesseaux,Meurthe-et-Moselle,Lorraine,LOR,France,FR
BE-52015,Courcelles (Hainaut),Hainaut,Wallonie,WAL,Belgique,BE
FR-54140,Courcelles (Meurthe-et-Moselle),Meurthe-et-Moselle,Lorraine,LOR,France,FR
FR-57155,Courcelles-Chaussy,Moselle,Lorraine,LOR,France,FR
FR-55127,Courcelles-en-Barrois,Meuse,Lorraine,LOR,France,FR
FR-88117,Courcelles-sous-Châtenois,Vosges,Lorraine,LOR,France,FR
FR-55128,Courcelles-sur-Aire,Meuse,Lorraine,LOR,France,FR
FR-57156,Courcelles-sur-Nied,Moselle,Lorraine,LOR,France,FR
FR-55129,Courouvre,Meuse,Lorraine,LOR,France,FR
BE-25023,Court-Saint-Étienne,Brabant wallon,Wallonie,WAL,Belgique,BE
FR-55132,Cousances-les-Forges,Meuse,Lorraine,LOR,France,FR
FR-55518,Cousances-lès-Triconville,Meuse,Lorraine,LOR,France,FR
FR-88118,Coussey,Vosges,Lorraine,LOR,France,FR
FR-55133,Couvertpuis,Meuse,Lorraine,LOR,France,FR
BE-93014,Couvin,Namur,Wallonie,WAL,Belgique,BE
FR-55134,Couvonges,Meuse,Lorraine,LOR,France,FR
FR-54141,Coyviller,Meurthe-et-Moselle,Lorraine,LOR,France,FR
FR-57158,Craincourt,Moselle,Lorraine,LOR,France,FR
FR-88119,Crainvilliers,Vosges,Lorraine,LOR,France,FR
DE-07141022,Cramberg,Rhein-Lahn-Kreis,Rhénanie-Palatinat,RLP,Allemagne,DE
FR-54142,Crantenoy,Meurthe-et-Moselle,Lorraine,LOR,France,FR
FR-57160,Creutzwald,Moselle,Lorraine,LOR,France,FR
FR-54147,Crion,Meurthe-et-Moselle,Lorraine,LOR,France,FR
BE-64021,Crisnée,Liège,Wallonie,WAL,Belgique,BE
FR-54148,Croismare,Meurthe-et-Moselle,Lorraine,LOR,France,FR
DE-07336013,Cronenberg,Kusel,Rhénanie-Palatinat,RLP,Allemagne,DE
FR-54149,Crusnes,Meurthe-et-Moselle,Lorraine,LOR,France,FR
FR-57159,Créhange,Moselle,Lorraine,LOR,France,FR
FR-54143,Crépey,Meurthe-et-Moselle,Lorraine,LOR,France,FR
FR-54145,Crévic,Meurthe-et-Moselle,Lorraine,LOR,France,FR
FR-54144,Crévéchamps,Meurthe-et-Moselle,Lorraine,LOR,France,FR
FR-54146,Crézilles,Meurthe-et-Moselle,Lorraine,LOR,France,FR
FR-55137,Cuisy,Meuse,Lorraine,LOR,France,FR
FR-55138,Culey,Meuse,Lorraine,LOR,France,FR
FR-55139,Cumières-le-Mort-Homme,Meuse,Lorraine,LOR,France,FR
FR-55140,Cunel,Meuse,Lorraine,LOR,France,FR
FR-54150,Custines,Meurthe-et-Moselle,Lorraine,LOR,France,FR
FR-54151,Cutry,Meurthe-et-Moselle,Lorraine,LOR,France,FR
FR-57161,Cutting,Moselle,Lorraine,LOR,France,FR
FR-57162,Cuvry,Moselle,Lorraine,LOR,France,FR
DE-07132018,Daaden,Altenkirchen (Ww),Rhénanie-Palatinat,RLP,Allemagne,DE
FR-57163,Dabo,Moselle,Lorraine,LOR,France,FR
DE-07141023,Dachsenhausen,Rhein-Lahn-Kreis,Rhénanie-Palatinat,RLP,Allemagne,DE
DE-07332008,Dackenheim,Bad Dürkheim,Rhénanie-Palatinat,RLP,Allemagne,DE
DE-07232211,Dackscheid,Eifelkreis Bitburg-Prüm,Rhénanie-Palatinat,RLP,Allemagne,DE
FR-55141,Dagonville,Meuse,Lorraine,LOR,France,FR
DE-07232024,Dahlem,Eifelkreis Bitburg-Prüm,Rhénanie-Palatinat,RLP,Allemagne,DE
DE-07141024,Dahlheim,Rhein-Lahn-Kreis,Rhénanie-Palatinat,RLP,Allemagne,DE
DE-07340004,Dahn,Südwestpfalz,Rhénanie-Palatinat,RLP,Allemagne,DE
DE-07232212,Dahnen,Eifelkreis Bitburg-Prüm,Rhénanie-Palatinat,RLP,Allemagne,DE
FR-55142,Dainville-Bertheléville,Meuse,Lorraine,LOR,France,FR
DE-07133021,Dalberg,Bad Kreuznach,Rhénanie-Palatinat,RLP,Allemagne,DE
DE-07232213,Daleiden,Eifelkreis Bitburg-Prüm,Rhénanie-Palatinat,RLP,Allemagne,DE
FR-57165,Dalem,Moselle,Lorraine,LOR,France,FR
FR-57166,Dalhain,Moselle,Lorraine,LOR,France,FR
DE-07339010,Dalheim (Mainz-Bingen),Mainz-Bingen,Rhénanie-Palatinat,RLP,Allemagne,DE
LU-1202,Dalheim (Remich),Remich,Luxembourg,LUX,Luxembourg,LU
BE-62027,Dalhem,Liège,Wallonie,WAL,Belgique,BE
FR-57167,Dalstein,Moselle,Lorraine,LOR,France,FR
FR-88121,Damas-aux-Bois,Vosges,Lorraine,LOR,France,FR
FR-88122,Damas-et-Bettegney,Vosges,Lorraine,LOR,France,FR
DE-07134018,Dambach,Birkenfeld,Rhénanie-Palatinat,RLP,Allemagne,DE
FR-88123,Damblain,Vosges,Lorraine,LOR,France,FR
FR-54152,Damelevières,Meurthe-et-Moselle,Lorraine,LOR,France,FR
DE-07235014,Damflos,Trier-Saarburg,Rhénanie-Palatinat,RLP,Allemagne,DE
FR-55143,Damloup,Meuse,Lorraine,LOR,France,FR
FR-55144,Dammarie-sur-Saulx,Meuse,Lorraine,LOR,France,FR
FR-54153,Dampvitoux,Meurthe-et-Moselle,Lorraine,LOR,France,FR
DE-07140025,Damscheid,Rhein-Hunsrück-Kreis,Rhénanie-Palatinat,RLP,Allemagne,DE
FR-55145,Damvillers,Meuse,Lorraine,LOR,France,FR
DE-07131015,Dankerath,Ahrweiler,Rhénanie-Palatinat,RLP,Allemagne,DE
FR-57168,Danne-et-Quatre-Vents,Moselle,Lorraine,LOR,France,FR
FR-57169,Dannelbourg,Moselle,Lorraine,LOR,France,FR
DE-07333013,Dannenfels,Donnersbergkreis,Rhénanie-Palatinat,RLP,Allemagne,DE
FR-55146,Dannevoux,Meuse,Lorraine,LOR,France,FR
DE-07338006,Dannstadt-Schauernheim,Rhein-Pfalz-Kreis,Rhénanie-Palatinat,RLP,Allemagne,DE
FR-88124,Darney,Vosges,Lorraine,LOR,France,FR
FR-88125,Darney-aux-Chênes,Vosges,Lorraine,LOR,France,FR
FR-88126,Darnieulles,Vosges,Lorraine,LOR,France,FR
DE-07233014,Darscheid,Vulkaneifel,Rhénanie-Palatinat,RLP,Allemagne,DE
DE-07340005,Darstein,Südwestpfalz,Rhénanie-Palatinat,RLP,Allemagne,DE
DE-07232214,Dasburg,Eifelkreis Bitburg-Prüm,Rhénanie-Palatinat,RLP,Allemagne,DE
DE-07138009,Dattenberg,Neuwied,Rhénanie-Palatinat,RLP,Allemagne,DE
DE-07138010,Datzeroth,Neuwied,Rhénanie-Palatinat,RLP,Allemagne,DE
DE-07133022,Daubach (Bad Kreuznach),Bad Kreuznach,Rhénanie-Palatinat,RLP,Allemagne,DE
DE-07143008,Daubach (Westerwaldkreis),Westerwaldkreis,Rhénanie-Palatinat,RLP,Allemagne,DE
DE-07233501,Daun,Vulkaneifel,Rhénanie-Palatinat,RLP,Allemagne,DE
DE-07141025,Dausenau,Rhein-Lahn-Kreis,Rhénanie-Palatinat,RLP,Allemagne,DE
DE-07232025,Dauwelshausen,Eifelkreis Bitburg-Prüm,Rhénanie-Palatinat,RLP,Allemagne,DE
BE-84016,Daverdisse,Luxembourg,Wallonie,WAL,Belgique,BE
DE-07133023,Daxweiler,Bad Kreuznach,Rhénanie-Palatinat,RLP,Allemagne,DE
DE-07131016,Dedenbach,Ahrweiler,Rhénanie-Palatinat,RLP,Allemagne,DE
DE-07143009,Deesen,Westerwaldkreis,Rhénanie-Palatinat,RLP,Allemagne,DE
DE-07332009,Deidesheim,Bad Dürkheim,Rhénanie-Palatinat,RLP,Allemagne,DE
DE-07336014,Deimberg,Kusel,Rhénanie-Palatinat,RLP,Allemagne,DE
FR-88127,Deinvillers,Vosges,Lorraine,LOR,France,FR
DE-07340207,Dellfeld,Südwestpfalz,Rhénanie-Palatinat,RLP,Allemagne,DE
FR-57171,Delme,Moselle,Lorraine,LOR,France,FR
FR-55148,Delouze-Rosières,Meuse,Lorraine,LOR,France,FR
FR-55149,Delut,Meuse,Lorraine,LOR,France,FR
FR-55150,Demange-Baudignécourt,Meuse,Lorraine,LOR,France,FR
DE-07233016,Demerath,Vulkaneifel,Rhénanie-Palatinat,RLP,Allemagne,DE
FR-54154,Deneuvre,Meurthe-et-Moselle,Lorraine,LOR,France,FR
FR-88128,Denipaire,Vosges,Lorraine,LOR,France,FR
DE-07336015,Dennweiler-Frohnbach,Kusel,Rhénanie-Palatinat,RLP,Allemagne,DE
DE-07233209,Densborn,Vulkaneifel,Rhénanie-Palatinat,RLP,Allemagne,DE
FR-57172,Denting,Moselle,Lorraine,LOR,France,FR
FR-88129,Derbamont,Vosges,Lorraine,LOR,France,FR
DE-07131017,Dernau,Ahrweiler,Rhénanie-Palatinat,RLP,Allemagne,DE
DE-07138011,Dernbach (Neuwied),Neuwied,Rhénanie-Palatinat,RLP,Allemagne,DE
DE-07337017,Dernbach (Südliche Weinstraße),Südliche Weinstraße,Rhénanie-Palatinat,RLP,Allemagne,DE
DE-07143010,Dernbach (Westerwald),Westerwaldkreis,Rhénanie-Palatinat,RLP,Allemagne,DE
DE-07132019,Derschen,Altenkirchen (Ww),Rhénanie-Palatinat,RLP,Allemagne,DE
DE-07133024,Desloch,Bad Kreuznach,Rhénanie-Palatinat,RLP,Allemagne,DE
FR-57173,Desseling,Moselle,Lorraine,LOR,France,FR
DE-07141026,Dessighofen,Rhein-Lahn-Kreis,Rhénanie-Palatinat,RLP,Allemagne,DE
FR-88130,Destord,Vosges,Lorraine,LOR,France,FR
FR-57174,Destry,Moselle,Lorraine,LOR,France,FR
DE-07235015,Detzem,Trier-Saarburg,Rhénanie-Palatinat,RLP,Allemagne,DE
DE-07233017,Deudesfeld,Vulkaneifel,Rhénanie-Palatinat,RLP,Allemagne,DE
DE-07231018,Deuselbach,Bernkastel-Wittlich,Rhénanie-Palatinat,RLP,Allemagne,DE
FR-54155,Deuxville,Meurthe-et-Moselle,Lorraine,LOR,France,FR
DE-07339011,Dexheim,Mainz-Bingen,Rhénanie-Palatinat,RLP,Allemagne,DE
FR-88131,Deycimont,Vosges,Lorraine,LOR,France,FR
FR-88132,Deyvillers,Vosges,Lorraine,LOR,France,FR
DE-07231019,Dhronecken,Bernkastel-Wittlich,Rhénanie-Palatinat,RLP,Allemagne,DE
FR-57175,Diane-Capelle,Moselle,Lorraine,LOR,France,FR
FR-54156,Diarville,Meurthe-et-Moselle,Lorraine,LOR,France,FR
DE-07140027,Dichtelbach,Rhein-Hunsrück-Kreis,Rhénanie-Palatinat,RLP,Allemagne,DE
DE-07132020,Dickendorf,Altenkirchen (Ww),Rhénanie-Palatinat,RLP,Allemagne,DE
DE-07140028,Dickenschied,Rhein-Hunsrück-Kreis,Rhénanie-Palatinat,RLP,Allemagne,DE
DE-07134019,Dickesbach,Birkenfeld,Rhénanie-Palatinat,RLP,Allemagne,DE
DE-07137207,Dieblich,Mayen-Koblenz,Rhénanie-Palatinat,RLP,Allemagne,DE
FR-57176,Diebling,Moselle,Lorraine,LOR,France,FR
DE-07231020,Diefenbach,Bernkastel-Wittlich,Rhénanie-Palatinat,RLP,Allemagne,DE
LU-0603,Diekirch,Diekirch,Luxembourg,LUX,Luxembourg,LU
DE-07333014,Dielkirchen,Donnersbergkreis,Rhénanie-Palatinat,RLP,Allemagne,DE
DE-07141027,Dienethal,Rhein-Lahn-Kreis,Rhénanie-Palatinat,RLP,Allemagne,DE
DE-07339012,Dienheim,Mainz-Bingen,Rhénanie-Palatinat,RLP,Allemagne,DE
DE-07134020,Dienstweiler,Birkenfeld,Rhénanie-Palatinat,RLP,Allemagne,DE
FR-55153,Dieppe-sous-Douaumont,Meuse,Lorraine,LOR,France,FR
DE-07337018,Dierbach,Südliche Weinstraße,Rhénanie-Palatinat,RLP,Allemagne,DE
DE-07138012,Dierdorf,Neuwied,Rhénanie-Palatinat,RLP,Allemagne,DE
DE-07231021,Dierfeld,Bernkastel-Wittlich,Rhénanie-Palatinat,RLP,Allemagne,DE
DE-07231022,Dierscheid,Bernkastel-Wittlich,Rhénanie-Palatinat,RLP,Allemagne,DE
FR-57765,Diesen,Moselle,Lorraine,LOR,France,FR
DE-07141502,Diethardt,Rhein-Lahn-Kreis,Rhénanie-Palatinat,RLP,Allemagne,DE
DE-07340208,Dietrichingen,Südwestpfalz,Rhénanie-Palatinat,RLP,Allemagne,DE
FR-55154,Dieue-sur-Meuse,Meuse,Lorraine,LOR,France,FR
FR-54157,Dieulouard,Meurthe-et-Moselle,Lorraine,LOR,France,FR
FR-57177,Dieuze,Moselle,Lorraine,LOR,France,FR
DE-07141029,Diez,Rhein-Lahn-Kreis,Rhénanie-Palatinat,RLP,Allemagne,DE
FR-57178,Diffembach-lès-Hellimer,Moselle,Lorraine,LOR,France,FR
LU-0202,Differdange,Esch-sur-Alzette,Luxembourg,LUX,Luxembourg,LU
FR-88133,Dignonville,Vosges,Lorraine,LOR,France,FR
DE-07140029,Dill,Rhein-Hunsrück-Kreis,Rhénanie-Palatinat,RLP,Allemagne,DE
DE-07140030,Dillendorf,Rhein-Hunsrück-Kreis,Rhénanie-Palatinat,RLP,Allemagne,DE
DE-10044111,Dillingen/Saar,Saarlouis,Sarre,SL,Allemagne,DE
DE-07340006,Dimbach,Südwestpfalz,Rhénanie-Palatinat,RLP,Allemagne,DE
BE-91034,Dinant,Namur,Wallonie,WAL,Belgique,BE
DE-07232216,Dingdorf,Eifelkreis Bitburg-Prüm,Rhénanie-Palatinat,RLP,Allemagne,DE
FR-88134,Dinozé,Vosges,Lorraine,LOR,France,FR
DE-07331014,Dintesheim,Alzey-Worms,Rhénanie-Palatinat,RLP,Allemagne,DE
LU-0101,Dippach,Capellen,Luxembourg,LUX,Luxembourg,LU
DE-07332010,Dirmstein,Bad Dürkheim,Rhénanie-Palatinat,RLP,Allemagne,DE
BE-63020,Dison,Liège,Wallonie,WAL,Belgique,BE
FR-57179,Distroff,Moselle,Lorraine,LOR,France,FR
DE-07137019,Ditscheid,Mayen-Koblenz,Rhénanie-Palatinat,RLP,Allemagne,DE
DE-07331015,Dittelsheim-Heßloch,Alzey-Worms,Rhénanie-Palatinat,RLP,Allemagne,DE
DE-07336016,Dittweiler,Kusel,Rhénanie-Palatinat,RLP,Allemagne,DE
FR-88135,Docelles,Vosges,Lorraine,LOR,France,FR
DE-07232026,Dockendorf,Eifelkreis Bitburg-Prüm,Rhénanie-Palatinat,RLP,Allemagne,DE
DE-07233018,Dockweiler,Vulkaneifel,Rhénanie-Palatinat,RLP,Allemagne,DE
DE-07231023,Dodenburg,Bernkastel-Wittlich,Rhénanie-Palatinat,RLP,Allemagne,DE
FR-88136,Dogneville,Vosges,Lorraine,LOR,France,FR
DE-07233019,Dohm-Lammersdorf,Vulkaneifel,Rhénanie-Palatinat,RLP,Allemagne,DE
DE-07135021,Dohr,Cochem-Zell,Rhénanie-Palatinat,RLP,Allemagne,DE
BE-93018,Doische,Namur,Wallonie,WAL,Belgique,BE
FR-88137,Dolaincourt,Vosges,Lorraine,LOR,France,FR
FR-54158,Dolcourt,Meurthe-et-Moselle,Lorraine,LOR,France,FR
DE-07339013,Dolgesheim,Mainz-Bingen,Rhénanie-Palatinat,RLP,Allemagne,DE
FR-57180,Dolving,Moselle,Lorraine,LOR,France,FR
FR-88138,Dombasle-devant-Darney,Vosges,Lorraine,LOR,France,FR
FR-55155,Dombasle-en-Argonne,Meuse,Lorraine,LOR,France,FR
FR-88139,Dombasle-en-Xaintois,Vosges,Lorraine,LOR,France,FR
FR-54159,Dombasle-sur-Meurthe,Meurthe-et-Moselle,Lorraine,LOR,France,FR
FR-55156,Dombras,Meuse,Lorraine,LOR,France,FR
FR-88140,Dombrot-le-Sec,Vosges,Lorraine,LOR,France,FR
FR-88141,Dombrot-sur-Vair,Vosges,Lorraine,LOR,France,FR
FR-88145,Domfaing,Vosges,Lorraine,LOR,France,FR
FR-54162,Domgermain,Meurthe-et-Moselle,Lorraine,LOR,France,FR
FR-54163,Domjevin,Meurthe-et-Moselle,Lorraine,LOR,France,FR
FR-88146,Domjulien,Vosges,Lorraine,LOR,France,FR
FR-54164,Dommarie-Eulmont,Meurthe-et-Moselle,Lorraine,LOR,France,FR
FR-54165,Dommartemont,Meurthe-et-Moselle,Lorraine,LOR,France,FR
FR-88147,Dommartin-aux-Bois,Vosges,Lorraine,LOR,France,FR
FR-54166,Dommartin-la-Chaussée,Meurthe-et-Moselle,Lorraine,LOR,France,FR
FR-55157,Dommartin-la-Montagne,Meuse,Lorraine,LOR,France,FR
FR-88148,Dommartin-lès-Remiremont,Vosges,Lorraine,LOR,France,FR
FR-54167,Dommartin-lès-Toul,Meurthe-et-Moselle,Lorraine,LOR,France,FR
FR-88149,Dommartin-lès-Vallois,Vosges,Lorraine,LOR,France,FR
FR-54168,Dommartin-sous-Amance,Meurthe-et-Moselle,Lorraine,LOR,France,FR
FR-88150,Dommartin-sur-Vraine,Vosges,Lorraine,LOR,France,FR
FR-55158,Dommary-Baroncourt,Meuse,Lorraine,LOR,France,FR
DE-07140202,Dommershausen,Rhein-Hunsrück-Kreis,Rhénanie-Palatinat,RLP,Allemagne,DE
FR-57181,Domnom-lès-Dieuze,Moselle,Lorraine,LOR,France,FR
FR-88151,Dompaire,Vosges,Lorraine,LOR,France,FR
FR-55159,Dompcevrin,Meuse,Lorraine,LOR,France,FR
FR-88152,Dompierre,Vosges,Lorraine,LOR,France,FR
FR-55160,Dompierre-aux-Bois,Meuse,Lorraine,LOR,France,FR
FR-54169,Domprix,Meurthe-et-Moselle,Lorraine,LOR,France,FR
FR-88153,Domptail,Vosges,Lorraine,LOR,France,FR
FR-54170,Domptail-en-l'Air,Meurthe-et-Moselle,Lorraine,LOR,France,FR
FR-55162,Domremy-la-Canne,Meuse,Lorraine,LOR,France,FR
FR-88154,Domrémy-la-Pucelle,Vosges,Lorraine,LOR,France,FR
FR-88155,Domvallier,Vosges,Lorraine,LOR,France,FR
FR-54160,Domèvre-en-Haye,Meurthe-et-Moselle,Lorraine,LOR,France,FR
FR-88144,Domèvre-sous-Montfort,Vosges,Lorraine,LOR,France,FR
FR-88142,Domèvre-sur-Avière,Vosges,Lorraine,LOR,France,FR
FR-88143,Domèvre-sur-Durbion,Vosges,Lorraine,LOR,France,FR
FR-54161,Domèvre-sur-Vezouze,Meurthe-et-Moselle,Lorraine,LOR,France,FR
BE-64023,Donceel,Liège,Wallonie,WAL,Belgique,BE
FR-88156,Doncières,Vosges,Lorraine,LOR,France,FR
FR-55163,Doncourt-aux-Templiers,Meuse,Lorraine,LOR,France,FR
FR-54171,Doncourt-lès-Conflans,Meurthe-et-Moselle,Lorraine,LOR,France,FR
FR-54172,Doncourt-lès-Longuyon,Meurthe-et-Moselle,Lorraine,LOR,France,FR
FR-57182,Donjeux,Moselle,Lorraine,LOR,France,FR
FR-57183,Donnelay,Moselle,Lorraine,LOR,France,FR
DE-07340007,Donsieders,Südwestpfalz,Rhénanie-Palatinat,RLP,Allemagne,DE
DE-07339201,Dorn-Dürkheim,Mainz-Bingen,Rhénanie-Palatinat,RLP,Allemagne,DE
DE-07141033,Dornholzhausen,Rhein-Lahn-Kreis,Rhénanie-Palatinat,RLP,Allemagne,DE
DE-07131018,Dorsel,Ahrweiler,Rhénanie-Palatinat,RLP,Allemagne,DE
DE-07133026,Dorsheim,Bad Kreuznach,Rhénanie-Palatinat,RLP,Allemagne,DE
FR-55537,Douaumont-Vaux,Meuse,Lorraine,LOR,France,FR
FR-55165,Doulcon,Meuse,Lorraine,LOR,France,FR
FR-88157,Dounoux,Vosges,Lorraine,LOR,France,FR
BE-53020,Dour,Hainaut,Wallonie,WAL,Belgique,BE
DE-07233210,Drees,Vulkaneifel,Rhénanie-Palatinat,RLP,Allemagne,DE
DE-07143215,Dreifelden,Westerwaldkreis,Rhénanie-Palatinat,RLP,Allemagne,DE
DE-07143011,Dreikirchen,Westerwaldkreis,Rhénanie-Palatinat,RLP,Allemagne,DE
DE-07231024,Dreis,Bernkastel-Wittlich,Rhénanie-Palatinat,RLP,Allemagne,DE
DE-07233020,Dreis-Brück,Vulkaneifel,Rhénanie-Palatinat,RLP,Allemagne,DE
DE-07143216,Dreisbach,Westerwaldkreis,Rhénanie-Palatinat,RLP,Allemagne,DE
DE-07333017,Dreisen,Donnersbergkreis,Rhénanie-Palatinat,RLP,Allemagne,DE
FR-54173,Drouville,Meurthe-et-Moselle,Lorraine,LOR,France,FR
DE-07133027,Duchroth,Bad Kreuznach,Rhénanie-Palatinat,RLP,Allemagne,DE
LU-0203,Dudelange,Esch-sur-Alzette,Luxembourg,LUX,Luxembourg,LU
DE-07232027,Dudeldorf,Eifelkreis Bitburg-Prüm,Rhénanie-Palatinat,RLP,Allemagne,DE
DE-07338007,Dudenhofen,Rhein-Pfalz-Kreis,Rhénanie-Palatinat,RLP,Allemagne,DE
FR-55166,Dugny-sur-Meuse,Meuse,Lorraine,LOR,France,FR
FR-55167,Dun-sur-Meuse,Meuse,Lorraine,LOR,France,FR
DE-07336017,Dunzweiler,Kusel,Rhénanie-Palatinat,RLP,Allemagne,DE
DE-07233211,Duppach,Vulkaneifel,Rhénanie-Palatinat,RLP,Allemagne,DE
BE-83012,Durbuy,Luxembourg,Wallonie,WAL,Belgique,BE
FR-55168,Duzey,Meuse,Lorraine,LOR,France,FR
DE-07141030,Dörnberg,Rhein-Lahn-Kreis,Rhénanie-Palatinat,RLP,Allemagne,DE
DE-07133025,Dörrebach,Bad Kreuznach,Rhénanie-Palatinat,RLP,Allemagne,DE
DE-07337019,Dörrenbach,Südliche Weinstraße,Rhénanie-Palatinat,RLP,Allemagne,DE
DE-07333016,Dörrmoschel,Donnersbergkreis,Rhénanie-Palatinat,RLP,Allemagne,DE
DE-07141031,Dörscheid,Rhein-Lahn-Kreis,Rhénanie-Palatinat,RLP,Allemagne,DE
DE-07141032,Dörsdorf,Rhein-Lahn-Kreis,Rhénanie-Palatinat,RLP,Allemagne,DE
DE-07140031,Dörth,Rhein-Hunsrück-Kreis,Rhénanie-Palatinat,RLP,Allemagne,DE
DE-07138013,Döttesfeld,Neuwied,Rhénanie-Palatinat,RLP,Allemagne,DE
DE-07131501,Dümpelfeld,Ahrweiler,Rhénanie-Palatinat,RLP,Allemagne,DE
DE-07135022,Dünfus,Cochem-Zell,Rhénanie-Palatinat,RLP,Allemagne,DE
DE-07135023,Düngenheim,Cochem-Zell,Rhénanie-Palatinat,RLP,Allemagne,DE
DE-07138014,Dürrholz,Neuwied,Rhénanie-Palatinat,RLP,Allemagne,DE
DE-07143012,Ebernhahn,Westerwaldkreis,Rhénanie-Palatinat,RLP,Allemagne,DE
DE-07141034,Ebertshausen,Rhein-Lahn-Kreis,Rhénanie-Palatinat,RLP,Allemagne,DE
DE-07332012,Ebertsheim,Bad Dürkheim,Rhénanie-Palatinat,RLP,Allemagne,DE
LU-1005,Echternach,Echternach,Luxembourg,LUX,Luxembourg,LU
DE-07232028,Echternacherbrück,Eifelkreis Bitburg-Prüm,Rhénanie-Palatinat,RLP,Allemagne,DE
DE-07232029,Echtershausen,Eifelkreis Bitburg-Prüm,Rhénanie-Palatinat,RLP,Allemagne,DE
DE-07331017,Eckelsheim,Alzey-Worms,Rhénanie-Palatinat,RLP,Allemagne,DE
DE-07133028,Eckenroth,Bad Kreuznach,Rhénanie-Palatinat,RLP,Allemagne,DE
DE-07134021,Eckersweiler,Birkenfeld,Rhénanie-Palatinat,RLP,Allemagne,DE
DE-07231025,Eckfeld,Bernkastel-Wittlich,Rhénanie-Palatinat,RLP,Allemagne,DE
DE-07337020,Edenkoben,Südliche Weinstraße,Rhénanie-Palatinat,RLP,Allemagne,DE
DE-07337021,Edesheim,Südliche Weinstraße,Rhénanie-Palatinat,RLP,Allemagne,DE
DE-07135024,Ediger-Eller,Cochem-Zell,Rhénanie-Palatinat,RLP,Allemagne,DE
DE-07232030,Ehlenz,Eifelkreis Bitburg-Prüm,Rhénanie-Palatinat,RLP,Allemagne,DE
DE-07138015,Ehlscheid,Neuwied,Rhénanie-Palatinat,RLP,Allemagne,DE
DE-07141035,Ehr,Rhein-Lahn-Kreis,Rhénanie-Palatinat,RLP,Allemagne,DE
DE-07336018,Ehweiler,Kusel,Rhénanie-Palatinat,RLP,Allemagne,DE
DE-07331018,Eich,Alzey-Worms,Rhénanie-Palatinat,RLP,Allemagne,DE
DE-07132022,Eichelhardt,Altenkirchen (Ww),Rhénanie-Palatinat,RLP,Allemagne,DE
DE-07132023,Eichen,Altenkirchen (Ww),Rhénanie-Palatinat,RLP,Allemagne,DE
DE-07131021,Eichenbach,Ahrweiler,Rhénanie-Palatinat,RLP,Allemagne,DE
DE-07232217,Eilscheid,Eifelkreis Bitburg-Prüm,Rhénanie-Palatinat,RLP,Allemagne,DE
DE-07339015,Eimsheim,Mainz-Bingen,Rhénanie-Palatinat,RLP,Allemagne,DE
FR-57189,Eincheville,Moselle,Lorraine,LOR,France,FR
DE-07137023,Einig,Mayen-Koblenz,Rhénanie-Palatinat,RLP,Allemagne,DE
DE-07333018,Einselthum,Donnersbergkreis,Rhénanie-Palatinat,RLP,Allemagne,DE
FR-54175,Einvaux,Meurthe-et-Moselle,Lorraine,LOR,France,FR
FR-54176,Einville-au-Jard,Meurthe-et-Moselle,Lorraine,LOR,France,FR
DE-07336019,Einöllen,Kusel,Rhénanie-Palatinat,RLP,Allemagne,DE
DE-07232218,Eisenach,Eifelkreis Bitburg-Prüm,Rhénanie-Palatinat,RLP,Allemagne,DE
DE-07333019,Eisenberg (Pfalz),Donnersbergkreis,Rhénanie-Palatinat,RLP,Allemagne,DE
DE-07231026,Eisenschmitt,Bernkastel-Wittlich,Rhénanie-Palatinat,RLP,Allemagne,DE
DE-07141036,Eisighofen,Rhein-Lahn-Kreis,Rhénanie-Palatinat,RLP,Allemagne,DE
DE-07143013,Eitelborn,Westerwaldkreis,Rhénanie-Palatinat,RLP,Allemagne,DE
FR-55171,Eix,Meuse,Lorraine,LOR,France,FR
DE-07132024,Elben,Altenkirchen (Ww),Rhénanie-Palatinat,RLP,Allemagne,DE
DE-07143501,Elbingen,Westerwaldkreis,Rhénanie-Palatinat,RLP,Allemagne,DE
DE-07134022,Elchweiler,Birkenfeld,Rhénanie-Palatinat,RLP,Allemagne,DE
DE-07132025,Elkenroth,Altenkirchen (Ww),Rhénanie-Palatinat,RLP,Allemagne,DE
LU-0703,Ell,Redange,Luxembourg,LUX,Luxembourg,LU
DE-07134023,Ellenberg,Birkenfeld,Rhénanie-Palatinat,RLP,Allemagne,DE
DE-07143015,Ellenhausen,Westerwaldkreis,Rhénanie-Palatinat,RLP,Allemagne,DE
DE-07135025,Ellenz-Poltersdorf,Cochem-Zell,Rhénanie-Palatinat,RLP,Allemagne,DE
DE-07140035,Ellern (Hunsrück),Rhein-Hunsrück-Kreis,Rhénanie-Palatinat,RLP,Allemagne,DE
DE-07332013,Ellerstadt,Bad Dürkheim,Rhénanie-Palatinat,RLP,Allemagne,DE
BE-51017,Ellezelles,Hainaut,Wallonie,WAL,Belgique,BE
DE-07233021,Ellscheid,Vulkaneifel,Rhénanie-Palatinat,RLP,Allemagne,DE
DE-07134024,Ellweiler,Birkenfeld,Rhénanie-Palatinat,RLP,Allemagne,DE
DE-07332014,Elmstein,Bad Dürkheim,Rhénanie-Palatinat,RLP,Allemagne,DE
DE-07143218,Elsoff (Westerwald),Westerwaldkreis,Rhénanie-Palatinat,RLP,Allemagne,DE
FR-57190,Elvange,Moselle,Lorraine,LOR,France,FR
FR-57191,Elzange,Moselle,Lorraine,LOR,France,FR
DE-07336021,Elzweiler,Kusel,Rhénanie-Palatinat,RLP,Allemagne,DE
FR-54177,Emberménil,Meurthe-et-Moselle,Lorraine,LOR,France,FR
DE-07232031,Emmelbaum,Eifelkreis Bitburg-Prüm,Rhénanie-Palatinat,RLP,Allemagne,DE
DE-07140036,Emmelshausen,Rhein-Hunsrück-Kreis,Rhénanie-Palatinat,RLP,Allemagne,DE
DE-07132026,Emmerzhausen,Altenkirchen (Ww),Rhénanie-Palatinat,RLP,Allemagne,DE
FR-57192,Enchenberg,Moselle,Lorraine,LOR,France,FR
DE-07141037,Endlichhofen,Rhein-Lahn-Kreis,Rhénanie-Palatinat,RLP,Allemagne,DE
DE-07339016,Engelstadt,Mainz-Bingen,Rhénanie-Palatinat,RLP,Allemagne,DE
BE-51067,Enghien,Hainaut,Wallonie,WAL,Belgique,BE
BE-61080,Engis,Liège,Wallonie,WAL,Belgique,BE
DE-07335004,Enkenbach-Alsenborn,Kaiserslautern,Rhénanie-Palatinat,RLP,Allemagne,DE
DE-07231029,Enkirch,Bernkastel-Wittlich,Rhénanie-Palatinat,RLP,Allemagne,DE
FR-57193,Ennery,Moselle,Lorraine,LOR,France,FR
DE-07235019,Ensch,Trier-Saarburg,Rhénanie-Palatinat,RLP,Allemagne,DE
DE-10044123,Ensdorf,Saarlouis,Sarre,SL,Allemagne,DE
DE-07331019,Ensheim,Alzey-Worms,Rhénanie-Palatinat,RLP,Allemagne,DE
DE-07143219,Enspel,Westerwaldkreis,Rhénanie-Palatinat,RLP,Allemagne,DE
FR-57194,Entrange,Moselle,Lorraine,LOR,France,FR
FR-88159,Entre-deux-Eaux,Vosges,Lorraine,LOR,France,FR
DE-07232032,Enzen,Eifelkreis Bitburg-Prüm,Rhénanie-Palatinat,RLP,Allemagne,DE
DE-10043111,Eppelborn,Neunkirchen,Sarre,SL,Allemagne,DE
DE-07331020,Eppelsheim,Alzey-Worms,Rhénanie-Palatinat,RLP,Allemagne,DE
DE-07135026,Eppenberg,Cochem-Zell,Rhénanie-Palatinat,RLP,Allemagne,DE
DE-07340008,Eppenbrunn,Südwestpfalz,Rhénanie-Palatinat,RLP,Allemagne,DE
DE-07141038,Eppenrod,Rhein-Lahn-Kreis,Rhénanie-Palatinat,RLP,Allemagne,DE
FR-57195,Epping,Moselle,Lorraine,LOR,France,FR
DE-07140037,Erbach,Rhein-Hunsrück-Kreis,Rhénanie-Palatinat,RLP,Allemagne,DE
DE-07331021,Erbes-Büdesheim,Alzey-Worms,Rhénanie-Palatinat,RLP,Allemagne,DE
FR-54180,Erbéviller-sur-Amezule,Meurthe-et-Moselle,Lorraine,LOR,France,FR
FR-57196,Erching,Moselle,Lorraine,LOR,France,FR
DE-07231030,Erden,Bernkastel-Wittlich,Rhénanie-Palatinat,RLP,Allemagne,DE
DE-07336022,Erdesbach,Kusel,Rhénanie-Palatinat,RLP,Allemagne,DE
DE-07340009,Erfweiler,Südwestpfalz,Rhénanie-Palatinat,RLP,Allemagne,DE
DE-07141039,Ergeshausen,Rhein-Lahn-Kreis,Rhénanie-Palatinat,RLP,Allemagne,DE
DE-07340010,Erlenbach bei Dahn,Südwestpfalz,Rhénanie-Palatinat,RLP,Allemagne,DE
DE-07334004,Erlenbach bei Kandel,Germersheim,Rhénanie-Palatinat,RLP,Allemagne,DE
FR-57197,Ernestviller,Moselle,Lorraine,LOR,France,FR
FR-55179,Erneville-aux-Bois,Meuse,Lorraine,LOR,France,FR
DE-07135027,Ernst,Cochem-Zell,Rhénanie-Palatinat,RLP,Allemagne,DE
DE-07232033,Ernzen,Eifelkreis Bitburg-Prüm,Rhénanie-Palatinat,RLP,Allemagne,DE
DE-07138019,Erpel,Neuwied,Rhénanie-Palatinat,RLP,Allemagne,DE
LU-0604,Erpeldange-sur-Sûre,Diekirch,Luxembourg,LUX,Luxembourg,LU
DE-07332015,Erpolzheim,Bad Dürkheim,Rhénanie-Palatinat,RLP,Allemagne,DE
BE-56022,Erquelinnes,Hainaut,Wallonie,WAL,Belgique,BE
FR-54181,Errouville,Meurthe-et-Moselle,Lorraine,LOR,France,FR
DE-07132027,Ersfeld,Altenkirchen (Ww),Rhénanie-Palatinat,RLP,Allemagne,DE
FR-57198,Erstroff,Moselle,Lorraine,LOR,France,FR
DE-07335005,Erzenhausen,Kaiserslautern,Rhénanie-Palatinat,RLP,Allemagne,DE
DE-07231031,Esch (Bernkastel-Wittlich),Bernkastel-Wittlich,Rhénanie-Palatinat,RLP,Allemagne,DE
DE-07233022,Esch (Vulkaneifel),Vulkaneifel,Rhénanie-Palatinat,RLP,Allemagne,DE
LU-0204,Esch-sur-Alzette,Esch-sur-Alzette,Luxembourg,LUX,Luxembourg,LU
LU-0802,Esch-sur-Sûre,Wiltz,Luxembourg,LUX,Luxembourg,LU
DE-07141040,Eschbach (Rhein-Lahn-Kreis),Rhein-Lahn-Kreis,Rhénanie-Palatinat,RLP,Allemagne,DE
DE-07337022,Eschbach (Südliche Weinstraße),Südliche Weinstraße,Rhénanie-Palatinat,RLP,Allemagne,DE
FR-57199,Escherange,Moselle,Lorraine,LOR,France,FR
DE-07232220,Eschfeld,Eifelkreis Bitburg-Prüm,Rhénanie-Palatinat,RLP,Allemagne,DE
FR-88161,Escles,Vosges,Lorraine,LOR,France,FR
FR-88162,Esley,Vosges,Lorraine,LOR,France,FR
FR-55180,Esnes-en-Argonne,Meuse,Lorraine,LOR,France,FR
BE-62032,Esneux,Liège,Wallonie,WAL,Belgique,BE
FR-88163,Essegney,Vosges,Lorraine,LOR,France,FR
DE-07331022,Esselborn,Alzey-Worms,Rhénanie-Palatinat,RLP,Allemagne,DE
DE-07339017,Essenheim,Mainz-Bingen,Rhénanie-Palatinat,RLP,Allemagne,DE
FR-54182,Essey-et-Maizerais,Meurthe-et-Moselle,Lorraine,LOR,France,FR
FR-54183,Essey-la-Côte,Meurthe-et-Moselle,Lorraine,LOR,France,FR
FR-54184,Essey-lès-Nancy,Meurthe-et-Moselle,Lorraine,LOR,France,FR
DE-07337023,Essingen,Südliche Weinstraße,Rhénanie-Palatinat,RLP,Allemagne,DE
DE-07232034,Eßlingen,Eifelkreis Bitburg-Prüm,Rhénanie-Palatinat,RLP,Allemagne,DE
DE-07336023,Eßweiler,Kusel,Rhénanie-Palatinat,RLP,Allemagne,DE
BE-57027,Estaimpuis,Hainaut,Wallonie,WAL,Belgique,BE
DE-07332016,Esthal,Bad Dürkheim,Rhénanie-Palatinat,RLP,Allemagne,DE
BE-58003,Estinnes,Hainaut,Wallonie,WAL,Belgique,BE
FR-88164,Estrennes,Vosges,Lorraine,LOR,France,FR
DE-07231032,Etgert,Bernkastel-Wittlich,Rhénanie-Palatinat,RLP,Allemagne,DE
DE-07336024,Etschberg,Kusel,Rhénanie-Palatinat,RLP,Allemagne,DE
LU-0605,Ettelbruck,Diekirch,Luxembourg,LUX,Luxembourg,LU
DE-07232035,Etteldorf,Eifelkreis Bitburg-Prüm,Rhénanie-Palatinat,RLP,Allemagne,DE
FR-57201,Etting,Moselle,Lorraine,LOR,France,FR
DE-07143220,Ettinghausen,Westerwaldkreis,Rhénanie-Palatinat,RLP,Allemagne,DE
DE-07137025,Ettringen,Mayen-Koblenz,Rhénanie-Palatinat,RLP,Allemagne,DE
DE-07132028,Etzbach,Altenkirchen (Ww),Rhénanie-Palatinat,RLP,Allemagne,DE
FR-57202,Etzling,Moselle,Lorraine,LOR,France,FR
DE-07132029,Eulenberg,Altenkirchen (Ww),Rhénanie-Palatinat,RLP,Allemagne,DE
DE-07335006,Eulenbis,Kaiserslautern,Rhénanie-Palatinat,RLP,Allemagne,DE
DE-07135028,Eulgem,Cochem-Zell,Rhénanie-Palatinat,RLP,Allemagne,DE
FR-54186,Eulmont,Meurthe-et-Moselle,Lorraine,LOR,France,FR
BE-63023,Eupen,Liège,Wallonie,WAL,Belgique,BE
DE-07232221,Euscheid,Eifelkreis Bitburg-Prüm,Rhénanie-Palatinat,RLP,Allemagne,DE
DE-07337024,Eußerthal,Südliche Weinstraße,Rhénanie-Palatinat,RLP,Allemagne,DE
FR-54187,Euvezin,Meurthe-et-Moselle,Lorraine,LOR,France,FR
FR-55184,Euville,Meuse,Lorraine,LOR,France,FR
DE-07143221,Ewighausen,Westerwaldkreis,Rhénanie-Palatinat,RLP,Allemagne,DE
DE-07141041,Fachbach,Rhein-Lahn-Kreis,Rhénanie-Palatinat,RLP,Allemagne,DE
DE-07135029,Faid,Cochem-Zell,Rhénanie-Palatinat,RLP,Allemagne,DE
FR-57204,Failly,Moselle,Lorraine,LOR,France,FR
BE-64076,Faimes,Liège,Wallonie,WAL,Belgique,BE
FR-55186,Fains-Véel,Meuse,Lorraine,LOR,France,FR
FR-57205,Falck,Moselle,Lorraine,LOR,France,FR
DE-07333020,Falkenstein,Donnersbergkreis,Rhénanie-Palatinat,RLP,Allemagne,DE
FR-57206,Fameck,Moselle,Lorraine,LOR,France,FR
BE-52018,Farciennes,Hainaut,Wallonie,WAL,Belgique,BE
FR-57208,Farschviller,Moselle,Lorraine,LOR,France,FR
DE-07235021,Farschweiler,Trier-Saarburg,Rhénanie-Palatinat,RLP,Allemagne,DE
FR-57207,Farébersviller,Moselle,Lorraine,LOR,France,FR
FR-88167,Faucompierre,Vosges,Lorraine,LOR,France,FR
FR-88168,Fauconcourt,Vosges,Lorraine,LOR,France,FR
FR-57209,Faulquemont,Moselle,Lorraine,LOR,France,FR
FR-54188,Faulx,Meurthe-et-Moselle,Lorraine,LOR,France,FR
BE-82009,Fauvillers,Luxembourg,Wallonie,WAL,Belgique,BE
FR-54189,Favières,Meurthe-et-Moselle,Lorraine,LOR,France,FR
FR-88169,Fays,Vosges,Lorraine,LOR,France,FR
DE-07143222,Fehl-Ritzhausen,Westerwaldkreis,Rhénanie-Palatinat,RLP,Allemagne,DE
DE-07133030,Feilbingert,Bad Kreuznach,Rhénanie-Palatinat,RLP,Allemagne,DE
DE-07232036,Feilsdorf,Eifelkreis Bitburg-Prüm,Rhénanie-Palatinat,RLP,Allemagne,DE
DE-07235022,Fell,Trier-Saarburg,Rhénanie-Palatinat,RLP,Allemagne,DE
FR-54191,Fenneviller,Meurthe-et-Moselle,Lorraine,LOR,France,FR
DE-07132030,Fensdorf,Altenkirchen (Ww),Rhénanie-Palatinat,RLP,Allemagne,DE
FR-88170,Ferdrupt,Vosges,Lorraine,LOR,France,FR
BE-92138,Fernelmont,Namur,Wallonie,WAL,Belgique,BE
BE-61019,Ferrières (Liège),Liège,Wallonie,WAL,Belgique,BE
FR-54192,Ferrières (Meurthe-et-Moselle),Meurthe-et-Moselle,Lorraine,LOR,France,FR
DE-07232037,Ferschweiler,Eifelkreis Bitburg-Prüm,Rhénanie-Palatinat,RLP,Allemagne,DE
DE-07232222,Feuerscheid,Eifelkreis Bitburg-Prüm,Rhénanie-Palatinat,RLP,Allemagne,DE
LU-0606,Feulen,Diekirch,Luxembourg,LUX,Luxembourg,LU
DE-07233023,Feusdorf,Vulkaneifel,Rhénanie-Palatinat,RLP,Allemagne,DE
BE-64025,Fexhe-le-Haut-Clocher,Liège,Wallonie,WAL,Belgique,BE
FR-54193,Fey-en-Haye,Meurthe-et-Moselle,Lorraine,LOR,France,FR
DE-07132031,Fiersbach,Altenkirchen (Ww),Rhénanie-Palatinat,RLP,Allemagne,DE
FR-88171,Fignévelle,Vosges,Lorraine,LOR,France,FR
FR-54194,Fillières,Meurthe-et-Moselle,Lorraine,LOR,France,FR
DE-07141042,Filsen,Rhein-Lahn-Kreis,Rhénanie-Palatinat,RLP,Allemagne,DE
FR-57213,Filstroff,Moselle,Lorraine,LOR,France,FR
DE-07135030,Filz,Cochem-Zell,Rhénanie-Palatinat,RLP,Allemagne,DE
FR-88172,Fiménil,Vosges,Lorraine,LOR,France,FR
DE-07333021,Finkenbach-Gersweiler,Donnersbergkreis,Rhénanie-Palatinat,RLP,Allemagne,DE
DE-07235025,Fisch,Trier-Saarburg,Rhénanie-Palatinat,RLP,Allemagne,DE
DE-07134025,Fischbach (Birkenfeld),Birkenfeld,Rhénanie-Palatinat,RLP,Allemagne,DE
DE-07335007,Fischbach (Kaiserslautern),Kaiserslautern,Rhénanie-Palatinat,RLP,Allemagne,DE
LU-0404,Fischbach (Mersch),Mersch,Luxembourg,LUX,Luxembourg,LU
DE-07340011,Fischbach bei Dahn,Südwestpfalz,Rhénanie-Palatinat,RLP,Allemagne,DE
DE-07232038,Fischbach-Oberraden,Eifelkreis Bitburg-Prüm,Rhénanie-Palatinat,RLP,Allemagne,DE
FR-57214,Fixem,Moselle,Lorraine,LOR,France,FR
DE-07141043,Flacht,Rhein-Lahn-Kreis,Rhénanie-Palatinat,RLP,Allemagne,DE
FR-54195,Flainval,Meurthe-et-Moselle,Lorraine,LOR,France,FR
DE-07132032,Flammersfeld,Altenkirchen (Ww),Rhénanie-Palatinat,RLP,Allemagne,DE
FR-55188,Flassigny,Meuse,Lorraine,LOR,France,FR
FR-57215,Flastroff,Moselle,Lorraine,LOR,France,FR
FR-54196,Flavigny-sur-Moselle,Meurthe-et-Moselle,Lorraine,LOR,France,FR
LU-1103,Flaxweiler,Grevenmacher,Luxembourg,LUX,Luxembourg,LU
FR-57216,Fleisheim,Moselle,Lorraine,LOR,France,FR
DE-07337025,Flemlingen,Südliche Weinstraße,Rhénanie-Palatinat,RLP,Allemagne,DE
DE-07232223,Fleringen,Eifelkreis Bitburg-Prüm,Rhénanie-Palatinat,RLP,Allemagne,DE
BE-52021,Fleurus,Hainaut,Wallonie,WAL,Belgique,BE
FR-57218,Fleury,Moselle,Lorraine,LOR,France,FR
FR-55189,Fleury-devant-Douaumont,Meuse,Lorraine,LOR,France,FR
DE-07232039,Fließem,Eifelkreis Bitburg-Prüm,Rhénanie-Palatinat,RLP,Allemagne,DE
FR-54199,Flin,Meurthe-et-Moselle,Lorraine,LOR,France,FR
FR-54200,Flirey,Meurthe-et-Moselle,Lorraine,LOR,France,FR
BE-51019,Flobecq,Hainaut,Wallonie,WAL,Belgique,BE
FR-57220,Flocourt,Moselle,Lorraine,LOR,France,FR
DE-07331024,Flomborn,Alzey-Worms,Rhénanie-Palatinat,RLP,Allemagne,DE
DE-07331025,Flonheim,Alzey-Worms,Rhénanie-Palatinat,RLP,Allemagne,DE
FR-57221,Florange,Moselle,Lorraine,LOR,France,FR
BE-92045,Floreffe,Namur,Wallonie,WAL,Belgique,BE
BE-93022,Florennes,Namur,Wallonie,WAL,Belgique,BE
BE-85011,Florenville,Luxembourg,Wallonie,WAL,Belgique,BE
FR-88173,Florémont,Vosges,Lorraine,LOR,France,FR
DE-07231033,Flußbach,Bernkastel-Wittlich,Rhénanie-Palatinat,RLP,Allemagne,DE
DE-07132033,Fluterschen,Altenkirchen (Ww),Rhénanie-Palatinat,RLP,Allemagne,DE
BE-62120,Flémalle,Liège,Wallonie,WAL,Belgique,BE
BE-62038,Fléron,Liège,Wallonie,WAL,Belgique,BE
FR-57217,Flétrange,Moselle,Lorraine,LOR,France,FR
FR-54197,Fléville-devant-Nancy,Meurthe-et-Moselle,Lorraine,LOR,France,FR
FR-54198,Fléville-Lixières,Meurthe-et-Moselle,Lorraine,LOR,France,FR
FR-57219,Flévy,Moselle,Lorraine,LOR,France,FR
DE-07331023,Flörsheim-Dalsheim,Alzey-Worms,Rhénanie-Palatinat,RLP,Allemagne,DE
FR-55191,Foameix-Ornel,Meuse,Lorraine,LOR,France,FR
DE-07134026,Fohren-Linden,Birkenfeld,Rhénanie-Palatinat,RLP,Allemagne,DE
FR-57222,Folkling,Moselle,Lorraine,LOR,France,FR
FR-57224,Folschviller,Moselle,Lorraine,LOR,France,FR
FR-88174,Fomerey,Vosges,Lorraine,LOR,France,FR
BE-52022,Fontaine-l'Évêque,Hainaut,Wallonie,WAL,Belgique,BE
FR-55192,Fontaines-Saint-Clair,Meuse,Lorraine,LOR,France,FR
FR-88175,Fontenay,Vosges,Lorraine,LOR,France,FR
FR-54201,Fontenoy-la-Joûte,Meurthe-et-Moselle,Lorraine,LOR,France,FR
FR-88176,Fontenoy-le-Château,Vosges,Lorraine,LOR,France,FR
FR-54202,Fontenoy-sur-Moselle,Meurthe-et-Moselle,Lorraine,LOR,France,FR
FR-57225,Fonteny,Moselle,Lorraine,LOR,France,FR
FR-57226,Fontoy,Moselle,Lorraine,LOR,France,FR
FR-57227,Forbach,Moselle,Lorraine,LOR,France,FR
FR-54203,Forcelles-Saint-Gorgon,Meurthe-et-Moselle,Lorraine,LOR,France,FR
FR-54204,Forcelles-sous-Gugney,Meurthe-et-Moselle,Lorraine,LOR,France,FR
FR-55193,Forges-sur-Meuse,Meuse,Lorraine,LOR,France,FR
DE-07132034,Forst,Altenkirchen (Ww),Rhénanie-Palatinat,RLP,Allemagne,DE
DE-07135031,Forst (Eifel),Cochem-Zell,Rhénanie-Palatinat,RLP,Allemagne,DE
DE-07135032,Forst (Hunsrück),Cochem-Zell,Rhénanie-Palatinat,RLP,Allemagne,DE
DE-07332017,Forst an der Weinstraße,Bad Dürkheim,Rhénanie-Palatinat,RLP,Allemagne,DE
DE-07132035,Forstmehren,Altenkirchen (Ww),Rhénanie-Palatinat,RLP,Allemagne,DE
BE-92048,Fosses-la-Ville,Namur,Wallonie,WAL,Belgique,BE
FR-57228,Fossieux,Moselle,Lorraine,LOR,France,FR
FR-55194,Foucaucourt-sur-Thabas,Meuse,Lorraine,LOR,France,FR
FR-55195,Fouchères-aux-Bois,Meuse,Lorraine,LOR,France,FR
FR-88179,Fouchécourt,Vosges,Lorraine,LOR,France,FR
FR-54205,Foug,Meurthe-et-Moselle,Lorraine,LOR,France,FR
FR-57229,Foulcrey,Moselle,Lorraine,LOR,France,FR
FR-57230,Fouligny,Moselle,Lorraine,LOR,France,FR
FR-57231,Foville,Moselle,Lorraine,LOR,France,FR
FR-54206,Fraimbois,Meurthe-et-Moselle,Lorraine,LOR,France,FR
FR-88180,Frain,Vosges,Lorraine,LOR,France,FR
FR-54207,Fraisnes-en-Saintois,Meurthe-et-Moselle,Lorraine,LOR,France,FR
FR-88181,Fraize,Vosges,Lorraine,LOR,France,FR
BE-53028,Frameries,Hainaut,Wallonie,WAL,Belgique,BE
DE-07331026,Framersheim,Alzey-Worms,Rhénanie-Palatinat,RLP,Allemagne,DE
FR-57232,Francaltroff,Moselle,Lorraine,LOR,France,FR
FR-54208,Francheville,Meurthe-et-Moselle,Lorraine,LOR,France,FR
FR-54209,Franconville,Meurthe-et-Moselle,Lorraine,LOR,France,FR
DE-07335009,Frankelbach,Kaiserslautern,Rhénanie-Palatinat,RLP,Allemagne,DE
DE-07332018,Frankeneck,Bad Dürkheim,Rhénanie-Palatinat,RLP,Allemagne,DE
DE-07335010,Frankenstein,Kaiserslautern,Rhénanie-Palatinat,RLP,Allemagne,DE
DE-07311000,Frankenthal (Pfalz),Frankenthal (Pfalz),Rhénanie-Palatinat,RLP,Allemagne,DE
DE-07337026,Frankweiler,Südliche Weinstraße,Rhénanie-Palatinat,RLP,Allemagne,DE
DE-07235027,Franzenheim,Trier-Saarburg,Rhénanie-Palatinat,RLP,Allemagne,DE
FR-88182,Frapelle,Vosges,Lorraine,LOR,France,FR
FR-57233,Fraquelfing,Moselle,Lorraine,LOR,France,FR
BE-51065,Frasnes-lez-Anvaing,Hainaut,Wallonie,WAL,Belgique,BE
DE-07134027,Frauenberg (Birkenfeld),Birkenfeld,Rhénanie-Palatinat,RLP,Allemagne,DE
FR-57234,Frauenberg (Moselle),Moselle,Lorraine,LOR,France,FR
FR-88183,Frebécourt,Vosges,Lorraine,LOR,France,FR
DE-07334005,Freckenfeld,Germersheim,Rhénanie-Palatinat,RLP,Allemagne,DE
DE-07133031,Frei-Laubersheim,Bad Kreuznach,Rhénanie-Palatinat,RLP,Allemagne,DE
DE-07143018,Freilingen,Westerwaldkreis,Rhénanie-Palatinat,RLP,Allemagne,DE
DE-07331027,Freimersheim,Alzey-Worms,Rhénanie-Palatinat,RLP,Allemagne,DE
DE-07337027,Freimersheim (Pfalz),Südliche Weinstraße,Rhénanie-Palatinat,RLP,Allemagne,DE
DE-07332019,Freinsheim,Bad Dürkheim,Rhénanie-Palatinat,RLP,Allemagne,DE
DE-07143019,Freirachdorf,Westerwaldkreis,Rhénanie-Palatinat,RLP,Allemagne,DE
DE-07334006,Freisbach,Germersheim,Rhénanie-Palatinat,RLP,Allemagne,DE
DE-10046111,Freisen,St. Wendel,Sarre,SL,Allemagne,DE
FR-57235,Freistroff,Moselle,Lorraine,LOR,France,FR
FR-88184,Fremifontaine,Vosges,Lorraine,LOR,France,FR
FR-88185,Frenelle-la-Grande,Vosges,Lorraine,LOR,France,FR
FR-88186,Frenelle-la-Petite,Vosges,Lorraine,LOR,France,FR
FR-55197,Fresnes-au-Mont,Meuse,Lorraine,LOR,France,FR
FR-57238,Fresnes-en-Saulnois,Moselle,Lorraine,LOR,France,FR
FR-55198,Fresnes-en-Woëvre,Meuse,Lorraine,LOR,France,FR
FR-54212,Fresnois-la-Montagne,Meurthe-et-Moselle,Lorraine,LOR,France,FR
FR-88188,Fresse-sur-Moselle,Vosges,Lorraine,LOR,France,FR
DE-07331028,Frettenheim,Alzey-Worms,Rhénanie-Palatinat,RLP,Allemagne,DE
DE-07235028,Freudenburg,Trier-Saarburg,Rhénanie-Palatinat,RLP,Allemagne,DE
FR-57239,Freybouse,Moselle,Lorraine,LOR,France,FR
FR-57240,Freyming-Merlebach,Moselle,Lorraine,LOR,France,FR
FR-54213,Friauville,Meurthe-et-Moselle,Lorraine,LOR,France,FR
FR-57241,Fribourg,Moselle,Lorraine,LOR,France,FR
DE-07332020,Friedelsheim,Bad Dürkheim,Rhénanie-Palatinat,RLP,Allemagne,DE
DE-07132036,Friedewald,Altenkirchen (Ww),Rhénanie-Palatinat,RLP,Allemagne,DE
DE-10041511,Friedrichsthal,Saarbrücken,Sarre,SL,Allemagne,DE
DE-07132037,Friesenhagen,Altenkirchen (Ww),Rhénanie-Palatinat,RLP,Allemagne,DE
DE-07339018,Friesenheim,Mainz-Bingen,Rhénanie-Palatinat,RLP,Allemagne,DE
LU-0205,Frisange,Esch-sur-Alzette,Luxembourg,LUX,Luxembourg,LU
FR-88190,Frizon,Vosges,Lorraine,LOR,France,FR
DE-07336027,Frohnhofen,Kusel,Rhénanie-Palatinat,RLP,Allemagne,DE
BE-56029,Froidchapelle,Hainaut,Wallonie,WAL,Belgique,BE
FR-55199,Froidos,Meuse,Lorraine,LOR,France,FR
FR-54214,Frolois,Meurthe-et-Moselle,Lorraine,LOR,France,FR
FR-55200,Fromeréville-les-Vallons,Meuse,Lorraine,LOR,France,FR
FR-55201,Fromezey,Meuse,Lorraine,LOR,France,FR
DE-07140039,Fronhofen,Rhein-Hunsrück-Kreis,Rhénanie-Palatinat,RLP,Allemagne,DE
FR-54215,Frouard,Meurthe-et-Moselle,Lorraine,LOR,France,FR
FR-54216,Froville,Meurthe-et-Moselle,Lorraine,LOR,France,FR
FR-57236,Frémery,Moselle,Lorraine,LOR,France,FR
FR-55196,Frémeréville-sous-les-Côtes,Meuse,Lorraine,LOR,France,FR
FR-57237,Frémestroff,Moselle,Lorraine,LOR,France,FR
FR-54211,Frémonville,Meurthe-et-Moselle,Lorraine,LOR,France,FR
FR-54210,Fréménil,Meurthe-et-Moselle,Lorraine,LOR,France,FR
FR-88187,Frénois,Vosges,Lorraine,LOR,France,FR
FR-88189,Fréville,Vosges,Lorraine,LOR,France,FR
DE-07141044,Frücht,Rhein-Lahn-Kreis,Rhénanie-Palatinat,RLP,Allemagne,DE
DE-07131022,Fuchshofen,Ahrweiler,Rhénanie-Palatinat,RLP,Allemagne,DE
DE-07338008,Fußgönheim,Rhein-Pfalz-Kreis,Rhénanie-Palatinat,RLP,Allemagne,DE
FR-55202,Futeau,Meuse,Lorraine,LOR,France,FR
FR-57211,Fèves,Moselle,Lorraine,LOR,France,FR
FR-54190,Fécocourt,Meurthe-et-Moselle,Lorraine,LOR,France,FR
FR-57210,Fénétrange,Moselle,Lorraine,LOR,France,FR
FR-57212,Féy,Moselle,Lorraine,LOR,France,FR
DE-07336025,Föckelberg,Kusel,Rhénanie-Palatinat,RLP,Allemagne,DE
DE-07235026,Föhren,Trier-Saarburg,Rhénanie-Palatinat,RLP,Allemagne,DE
DE-07133032,Fürfeld,Bad Kreuznach,Rhénanie-Palatinat,RLP,Allemagne,DE
DE-07132038,Fürthen,Altenkirchen (Ww),Rhénanie-Palatinat,RLP,Allemagne,DE
DE-07331029,Gabsheim,Alzey-Worms,Rhénanie-Palatinat,RLP,Allemagne,DE
DE-07143020,Gackenbach,Westerwaldkreis,Rhénanie-Palatinat,RLP,Allemagne,DE
DE-07131204,Galenberg,Ahrweiler,Rhénanie-Palatinat,RLP,Allemagne,DE
DE-07135033,Gamlen,Cochem-Zell,Rhénanie-Palatinat,RLP,Allemagne,DE
FR-57242,Gandrange,Moselle,Lorraine,LOR,France,FR
DE-07137027,Gappenach,Mayen-Koblenz,Rhénanie-Palatinat,RLP,Allemagne,DE
LU-0102,Garnich,Capellen,Luxembourg,LUX,Luxembourg,LU
FR-57244,Garrebourg,Moselle,Lorraine,LOR,France,FR
DE-07339019,Gau-Algesheim,Mainz-Bingen,Rhénanie-Palatinat,RLP,Allemagne,DE
DE-07331030,Gau-Bickelheim,Alzey-Worms,Rhénanie-Palatinat,RLP,Allemagne,DE
DE-07339020,Gau-Bischofsheim,Mainz-Bingen,Rhénanie-Palatinat,RLP,Allemagne,DE
DE-07331031,Gau-Heppenheim,Alzey-Worms,Rhénanie-Palatinat,RLP,Allemagne,DE
DE-07331032,Gau-Odernheim,Alzey-Worms,Rhénanie-Palatinat,RLP,Allemagne,DE
DE-07331033,Gau-Weinheim,Alzey-Worms,Rhénanie-Palatinat,RLP,Allemagne,DE
DE-07333022,Gauersheim,Donnersbergkreis,Rhénanie-Palatinat,RLP,Allemagne,DE
DE-07333023,Gaugrehweiler,Donnersbergkreis,Rhénanie-Palatinat,RLP,Allemagne,DE
FR-57245,Gavisse,Moselle,Lorraine,LOR,France,FR
DE-07132039,Gebhardshain,Altenkirchen (Ww),Rhénanie-Palatinat,RLP,Allemagne,DE
DE-07133033,Gebroth,Bad Kreuznach,Rhénanie-Palatinat,RLP,Allemagne,DE
BE-91054,Gedinne,Namur,Wallonie,WAL,Belgique,BE
BE-64029,Geer,Liège,Wallonie,WAL,Belgique,BE
DE-07233025,Gefell,Vulkaneifel,Rhénanie-Palatinat,RLP,Allemagne,DE
DE-07143223,Gehlert,Westerwaldkreis,Rhénanie-Palatinat,RLP,Allemagne,DE
DE-07140040,Gehlweiler,Rhein-Hunsrück-Kreis,Rhénanie-Palatinat,RLP,Allemagne,DE
DE-07333024,Gehrweiler,Donnersbergkreis,Rhénanie-Palatinat,RLP,Allemagne,DE
DE-07232040,Geichlingen,Eifelkreis Bitburg-Prüm,Rhénanie-Palatinat,RLP,Allemagne,DE
DE-07141045,Geilnau,Rhein-Lahn-Kreis,Rhénanie-Palatinat,RLP,Allemagne,DE
DE-07340012,Geiselberg,Südwestpfalz,Rhénanie-Palatinat,RLP,Allemagne,DE
DE-07235030,Geisfeld,Trier-Saarburg,Rhénanie-Palatinat,RLP,Allemagne,DE
DE-07141046,Geisig,Rhein-Lahn-Kreis,Rhénanie-Palatinat,RLP,Allemagne,DE
DE-07233212,Gelenberg,Vulkaneifel,Rhénanie-Palatinat,RLP,Allemagne,DE
FR-54219,Gellenoncourt,Meurthe-et-Moselle,Lorraine,LOR,France,FR
FR-57246,Gelucourt,Moselle,Lorraine,LOR,France,FR
FR-88192,Gelvécourt-et-Adompt,Vosges,Lorraine,LOR,France,FR
FR-88193,Gemaingoutte,Vosges,Lorraine,LOR,France,FR
BE-92142,Gembloux,Namur,Wallonie,WAL,Belgique,BE
FR-88194,Gemmelaincourt,Vosges,Lorraine,LOR,France,FR
DE-07141047,Gemmerich,Rhein-Lahn-Kreis,Rhénanie-Palatinat,RLP,Allemagne,DE
DE-07232041,Gemünd,Eifelkreis Bitburg-Prüm,Rhénanie-Palatinat,RLP,Allemagne,DE
DE-07140041,Gemünden (Rhein-Hunsrück-Kreis),Rhein-Hunsrück-Kreis,Rhénanie-Palatinat,RLP,Allemagne,DE
DE-07143224,Gemünden (Westerwaldkreis),Westerwaldkreis,Rhénanie-Palatinat,RLP,Allemagne,DE
BE-25031,Genappe,Brabant wallon,Wallonie,WAL,Belgique,BE
FR-88195,Gendreville,Vosges,Lorraine,LOR,France,FR
DE-07339021,Gensingen,Mainz-Bingen,Rhénanie-Palatinat,RLP,Allemagne,DE
DE-07232042,Gentingen,Eifelkreis Bitburg-Prüm,Rhénanie-Palatinat,RLP,Allemagne,DE
DE-07134028,Gerach,Birkenfeld,Rhénanie-Palatinat,RLP,Allemagne,DE
DE-07333025,Gerbach,Donnersbergkreis,Rhénanie-Palatinat,RLP,Allemagne,DE
FR-88197,Gerbamont,Vosges,Lorraine,LOR,France,FR
FR-57247,Gerbécourt,Moselle,Lorraine,LOR,France,FR
FR-54221,Gerbécourt-et-Haplemont,Meurthe-et-Moselle,Lorraine,LOR,France,FR
FR-88198,Gerbépal,Vosges,Lorraine,LOR,France,FR
FR-54222,Gerbéviller,Meurthe-et-Moselle,Lorraine,LOR,France,FR
FR-55206,Gercourt-et-Drillancourt,Meuse,Lorraine,LOR,France,FR
DE-07335011,Gerhardsbrunn,Kaiserslautern,Rhénanie-Palatinat,RLP,Allemagne,DE
DE-07137029,Gering,Mayen-Koblenz,Rhénanie-Palatinat,RLP,Allemagne,DE
DE-07334007,Germersheim,Germersheim,Rhénanie-Palatinat,RLP,Allemagne,DE
FR-54223,Germiny,Meurthe-et-Moselle,Lorraine,LOR,France,FR
FR-54224,Germonville,Meurthe-et-Moselle,Lorraine,LOR,France,FR
DE-07332021,Gerolsheim,Bad Dürkheim,Rhénanie-Palatinat,RLP,Allemagne,DE
DE-07233026,Gerolstein,Vulkaneifel,Rhénanie-Palatinat,RLP,Allemagne,DE
BE-52025,Gerpinnes,Hainaut,Wallonie,WAL,Belgique,BE
DE-10045113,Gersheim,Saarpfalz-Kreis,Sarre,SL,Allemagne,DE
FR-55208,Gesnes-en-Argonne,Meuse,Lorraine,LOR,France,FR
BE-92054,Gesves,Namur,Wallonie,WAL,Belgique,BE
DE-07135034,Gevenich,Cochem-Zell,Rhénanie-Palatinat,RLP,Allemagne,DE
FR-55258,Geville,Meuse,Lorraine,LOR,France,FR
FR-54226,Gibeaumeix,Meurthe-et-Moselle,Lorraine,LOR,France,FR
DE-07132040,Gieleroth,Altenkirchen (Ww),Rhénanie-Palatinat,RLP,Allemagne,DE
DE-07231035,Gielert,Bernkastel-Wittlich,Rhénanie-Palatinat,RLP,Allemagne,DE
DE-07137030,Gierschnach,Mayen-Koblenz,Rhénanie-Palatinat,RLP,Allemagne,DE
DE-07132041,Giershausen,Altenkirchen (Ww),Rhénanie-Palatinat,RLP,Allemagne,DE
DE-07232224,Giesdorf,Eifelkreis Bitburg-Prüm,Rhénanie-Palatinat,RLP,Allemagne,DE
DE-07143225,Giesenhausen,Westerwaldkreis,Rhénanie-Palatinat,RLP,Allemagne,DE
FR-88200,Gigney,Vosges,Lorraine,LOR,France,FR
FR-88199,Gignéville,Vosges,Lorraine,LOR,France,FR
DE-07135035,Gillenbeuren,Cochem-Zell,Rhénanie-Palatinat,RLP,Allemagne,DE
DE-07233027,Gillenfeld,Vulkaneifel,Rhénanie-Palatinat,RLP,Allemagne,DE
DE-07232225,Gilzem,Eifelkreis Bitburg-Prüm,Rhénanie-Palatinat,RLP,Allemagne,DE
DE-07331034,Gimbsheim,Alzey-Worms,Rhénanie-Palatinat,RLP,Allemagne,DE
DE-07134029,Gimbweiler,Birkenfeld,Rhénanie-Palatinat,RLP,Allemagne,DE
FR-55210,Gimécourt,Meuse,Lorraine,LOR,France,FR
FR-55211,Gincrey,Meuse,Lorraine,LOR,France,FR
DE-07232043,Gindorf,Eifelkreis Bitburg-Prüm,Rhénanie-Palatinat,RLP,Allemagne,DE
DE-07336029,Ginsweiler,Kusel,Rhénanie-Palatinat,RLP,Allemagne,DE
DE-07231036,Gipperath,Bernkastel-Wittlich,Rhénanie-Palatinat,RLP,Allemagne,DE
FR-88201,Girancourt,Vosges,Lorraine,LOR,France,FR
FR-54227,Giraumont,Meurthe-et-Moselle,Lorraine,LOR,France,FR
FR-55212,Girauvoisin,Meuse,Lorraine,LOR,France,FR
FR-88202,Gircourt-lès-Viéville,Vosges,Lorraine,LOR,France,FR
FR-88203,Girecourt-sur-Durbion,Vosges,Lorraine,LOR,France,FR
FR-54228,Giriviller,Meurthe-et-Moselle,Lorraine,LOR,France,FR
DE-07143226,Girkenroth,Westerwaldkreis,Rhénanie-Palatinat,RLP,Allemagne,DE
FR-88205,Girmont-Val-d'Ajol,Vosges,Lorraine,LOR,France,FR
DE-07143021,Girod,Westerwaldkreis,Rhénanie-Palatinat,RLP,Allemagne,DE
FR-88206,Gironcourt-sur-Vraine,Vosges,Lorraine,LOR,France,FR
FR-55214,Givrauval,Meuse,Lorraine,LOR,France,FR
FR-57248,Givrycourt,Moselle,Lorraine,LOR,France,FR
DE-07231037,Gladbach,Bernkastel-Wittlich,Rhénanie-Palatinat,RLP,Allemagne,DE
DE-07336031,Glan-Münchweiler,Kusel,Rhénanie-Palatinat,RLP,Allemagne,DE
DE-07336030,Glanbrücken,Kusel,Rhénanie-Palatinat,RLP,Allemagne,DE
FR-57249,Glatigny,Moselle,Lorraine,LOR,France,FR
DE-07131205,Glees,Ahrweiler,Rhénanie-Palatinat,RLP,Allemagne,DE
DE-07337028,Gleisweiler,Südliche Weinstraße,Rhénanie-Palatinat,RLP,Allemagne,DE
DE-07337029,Gleiszellen-Gleishorbach,Südliche Weinstraße,Rhénanie-Palatinat,RLP,Allemagne,DE
FR-54229,Glonville,Meurthe-et-Moselle,Lorraine,LOR,France,FR
DE-07143022,Goddert,Westerwaldkreis,Rhénanie-Palatinat,RLP,Allemagne,DE
FR-88208,Godoncourt,Vosges,Lorraine,LOR,France,FR
LU-0804,Goesdorf,Wiltz,Luxembourg,LUX,Luxembourg,LU
FR-57250,Goetzenbruck,Moselle,Lorraine,LOR,France,FR
FR-54230,Gogney,Meurthe-et-Moselle,Lorraine,LOR,France,FR
FR-57251,Goin,Moselle,Lorraine,LOR,France,FR
FR-88209,Golbey,Vosges,Lorraine,LOR,France,FR
DE-07134031,Gollenberg,Birkenfeld,Rhénanie-Palatinat,RLP,Allemagne,DE
FR-57252,Gomelange,Moselle,Lorraine,LOR,France,FR
DE-07337032,Gommersheim,Südliche Weinstraße,Rhénanie-Palatinat,RLP,Allemagne,DE
DE-07333027,Gonbach,Donnersbergkreis,Rhénanie-Palatinat,RLP,Allemagne,DE
DE-07232227,Gondenbrett,Eifelkreis Bitburg-Prüm,Rhénanie-Palatinat,RLP,Allemagne,DE
DE-07140043,Gondershausen,Rhein-Hunsrück-Kreis,Rhénanie-Palatinat,RLP,Allemagne,DE
DE-07232044,Gondorf,Eifelkreis Bitburg-Prüm,Rhénanie-Palatinat,RLP,Allemagne,DE
FR-54231,Gondrecourt-Aix,Meurthe-et-Moselle,Lorraine,LOR,France,FR
FR-55215,Gondrecourt-le-Château,Meuse,Lorraine,LOR,France,FR
FR-54232,Gondreville,Meurthe-et-Moselle,Lorraine,LOR,France,FR
FR-57253,Gondrexange,Moselle,Lorraine,LOR,France,FR
FR-54233,Gondrexon,Meurthe-et-Moselle,Lorraine,LOR,France,FR
FR-54234,Gorcy,Meurthe-et-Moselle,Lorraine,LOR,France,FR
FR-88210,Gorhey,Vosges,Lorraine,LOR,France,FR
DE-07231040,Gornhausen,Bernkastel-Wittlich,Rhénanie-Palatinat,RLP,Allemagne,DE
FR-57254,Gorze,Moselle,Lorraine,LOR,France,FR
FR-57255,Gosselming,Moselle,Lorraine,LOR,France,FR
DE-07337033,Gossersweiler-Stein,Südliche Weinstraße,Rhénanie-Palatinat,RLP,Allemagne,DE
FR-55216,Gouraincourt,Meuse,Lorraine,LOR,France,FR
FR-55217,Goussaincourt,Meuse,Lorraine,LOR,France,FR
BE-82037,Gouvy,Luxembourg,Wallonie,WAL,Belgique,BE
FR-54235,Goviller,Meurthe-et-Moselle,Lorraine,LOR,France,FR
DE-07231041,Graach an der Mosel,Bernkastel-Wittlich,Rhénanie-Palatinat,RLP,Allemagne,DE
DE-07131090,Grafschaft,Ahrweiler,Rhénanie-Palatinat,RLP,Allemagne,DE
FR-88212,Grand,Vosges,Lorraine,LOR,France,FR
FR-54236,Grand-Failly,Meurthe-et-Moselle,Lorraine,LOR,France,FR
FR-88215,Grandrupt,Vosges,Lorraine,LOR,France,FR
FR-88214,Grandrupt-de-Bains,Vosges,Lorraine,LOR,France,FR
FR-88216,Grandvillers,Vosges,Lorraine,LOR,France,FR
FR-88218,Granges-Aumontzey,Vosges,Lorraine,LOR,France,FR
DE-07232228,Gransdorf,Eifelkreis Bitburg-Prüm,Rhénanie-Palatinat,RLP,Allemagne,DE
FR-57256,Gravelotte,Moselle,Lorraine,LOR,France,FR
DE-07231044,Greimerath (Bernkastel-Wittlich),Bernkastel-Wittlich,Rhénanie-Palatinat,RLP,Allemagne,DE
DE-07235033,Greimerath (Trier-Saarburg),Trier-Saarburg,Rhénanie-Palatinat,RLP,Allemagne,DE
DE-07135036,Greimersburg,Cochem-Zell,Rhénanie-Palatinat,RLP,Allemagne,DE
FR-55218,Gremilly,Meuse,Lorraine,LOR,France,FR
DE-07135037,Grenderich,Cochem-Zell,Rhénanie-Palatinat,RLP,Allemagne,DE
FR-88219,Greux,Vosges,Lorraine,LOR,France,FR
LU-1104,Grevenmacher,Grevenmacher,Luxembourg,LUX,Luxembourg,LU
BE-25037,Grez-Doiceau,Brabant wallon,Wallonie,WAL,Belgique,BE
DE-07134032,Griebelschied,Birkenfeld,Rhénanie-Palatinat,RLP,Allemagne,DE
DE-07336032,Gries,Kusel,Rhénanie-Palatinat,RLP,Allemagne,DE
FR-88220,Grignoncourt,Vosges,Lorraine,LOR,France,FR
FR-55219,Grimaucourt-en-Woëvre,Meuse,Lorraine,LOR,France,FR
FR-55220,Grimaucourt-près-Sampigny,Meuse,Lorraine,LOR,France,FR
DE-07235035,Grimburg,Trier-Saarburg,Rhénanie-Palatinat,RLP,Allemagne,DE
FR-54237,Grimonviller,Meurthe-et-Moselle,Lorraine,LOR,France,FR
FR-57259,Grindorff-Bizing,Moselle,Lorraine,LOR,France,FR
FR-54238,Gripport,Meurthe-et-Moselle,Lorraine,LOR,France,FR
FR-54239,Griscourt,Meurthe-et-Moselle,Lorraine,LOR,France,FR
DE-07339022,Grolsheim,Mainz-Bingen,Rhénanie-Palatinat,RLP,Allemagne,DE
FR-57261,Gros-Réderching,Moselle,Lorraine,LOR,France,FR
FR-57260,Grosbliederstroff,Moselle,Lorraine,LOR,France,FR
FR-54240,Grosrouvres,Meurthe-et-Moselle,Lorraine,LOR,France,FR
DE-07340209,Großbundenbach,Südwestpfalz,Rhénanie-Palatinat,RLP,Allemagne,DE
DE-07337035,Großfischlingen,Südliche Weinstraße,Rhénanie-Palatinat,RLP,Allemagne,DE
DE-07143024,Großholbach,Westerwaldkreis,Rhénanie-Palatinat,RLP,Allemagne,DE
DE-07232229,Großkampenberg,Eifelkreis Bitburg-Prüm,Rhénanie-Palatinat,RLP,Allemagne,DE
DE-07332023,Großkarlbach,Bad Dürkheim,Rhénanie-Palatinat,RLP,Allemagne,DE
DE-07232230,Großlangenfeld,Eifelkreis Bitburg-Prüm,Rhénanie-Palatinat,RLP,Allemagne,DE
DE-07231046,Großlittgen,Bernkastel-Wittlich,Rhénanie-Palatinat,RLP,Allemagne,DE
DE-07138023,Großmaischeid,Neuwied,Rhénanie-Palatinat,RLP,Allemagne,DE
DE-07338009,Großniedesheim,Rhein-Pfalz-Kreis,Rhénanie-Palatinat,RLP,Allemagne,DE
DE-10041512,Großrosseln,Saarbrücken,Sarre,SL,Allemagne,DE
DE-07143227,Großseifen,Westerwaldkreis,Rhénanie-Palatinat,RLP,Allemagne,DE
DE-07340210,Großsteinhausen,Südwestpfalz,Rhénanie-Palatinat,RLP,Allemagne,DE
FR-57262,Grostenquin,Moselle,Lorraine,LOR,France,FR
LU-0711,Groussbus-Wal,Redange,Luxembourg,LUX,Luxembourg,LU
FR-88221,Gruey-lès-Surance,Vosges,Lorraine,LOR,France,FR
DE-07336033,Grumbach,Kusel,Rhénanie-Palatinat,RLP,Allemagne,DE
FR-57263,Grundviller,Moselle,Lorraine,LOR,France,FR
BE-62118,Grâce-Hollogne,Liège,Wallonie,WAL,Belgique,BE
DE-07231042,Gräfendhron,Bernkastel-Wittlich,Rhénanie-Palatinat,RLP,Allemagne,DE
FR-57257,Grémecey,Moselle,Lorraine,LOR,France,FR
FR-57258,Gréning,Moselle,Lorraine,LOR,France,FR
DE-07132042,Grünebach,Altenkirchen (Ww),Rhénanie-Palatinat,RLP,Allemagne,DE
DE-07332024,Grünstadt,Bad Dürkheim,Rhénanie-Palatinat,RLP,Allemagne,DE
DE-07143228,Guckheim,Westerwaldkreis,Rhénanie-Palatinat,RLP,Allemagne,DE
FR-57264,Guebenhouse,Moselle,Lorraine,LOR,France,FR
FR-57271,Guenviller,Moselle,Lorraine,LOR,France,FR
FR-57272,Guermange,Moselle,Lorraine,LOR,France,FR
FR-55221,Guerpont,Meuse,Lorraine,LOR,France,FR
FR-57273,Guerstling,Moselle,Lorraine,LOR,France,FR
FR-57274,Guerting,Moselle,Lorraine,LOR,France,FR
FR-57275,Guessling-Hémering,Moselle,Lorraine,LOR,France,FR
FR-54241,Gugney,Meurthe-et-Moselle,Lorraine,LOR,France,FR
FR-88223,Gugney-aux-Aulx,Vosges,Lorraine,LOR,France,FR
FR-88222,Gugnécourt,Vosges,Lorraine,LOR,France,FR
FR-57276,Guinglange,Moselle,Lorraine,LOR,France,FR
FR-57277,Guinkirchen,Moselle,Lorraine,LOR,France,FR
FR-57278,Guinzeling,Moselle,Lorraine,LOR,France,FR
DE-07133035,Guldental,Bad Kreuznach,Rhénanie-Palatinat,RLP,Allemagne,DE
DE-07331035,Gumbsheim,Alzey-Worms,Rhénanie-Palatinat,RLP,Allemagne,DE
DE-07233213,Gunderath,Vulkaneifel,Rhénanie-Palatinat,RLP,Allemagne,DE
DE-07331036,Gundersheim,Alzey-Worms,Rhénanie-Palatinat,RLP,Allemagne,DE
DE-07333028,Gundersweiler,Donnersbergkreis,Rhénanie-Palatinat,RLP,Allemagne,DE
DE-07331037,Gundheim,Alzey-Worms,Rhénanie-Palatinat,RLP,Allemagne,DE
DE-07339024,Guntersblum,Mainz-Bingen,Rhénanie-Palatinat,RLP,Allemagne,DE
FR-57280,Guntzviller,Moselle,Lorraine,LOR,France,FR
DE-07235036,Gusenburg,Trier-Saarburg,Rhénanie-Palatinat,RLP,Allemagne,DE
FR-55222,Gussainville,Meuse,Lorraine,LOR,France,FR
DE-07235037,Gusterath,Trier-Saarburg,Rhénanie-Palatinat,RLP,Allemagne,DE
DE-07141050,Gutenacker,Rhein-Lahn-Kreis,Rhénanie-Palatinat,RLP,Allemagne,DE
DE-07133036,Gutenberg,Bad Kreuznach,Rhénanie-Palatinat,RLP,Allemagne,DE
DE-07235038,Gutweiler,Trier-Saarburg,Rhénanie-Palatinat,RLP,Allemagne,DE
FR-57265,Guébestroff,Moselle,Lorraine,LOR,France,FR
FR-57266,Guéblange-lès-Dieuze,Moselle,Lorraine,LOR,France,FR
FR-57268,Guébling,Moselle,Lorraine,LOR,France,FR
FR-57269,Guénange,Moselle,Lorraine,LOR,France,FR
FR-54242,Gye,Meurthe-et-Moselle,Lorraine,LOR,France,FR
FR-54217,Gélacourt,Meurthe-et-Moselle,Lorraine,LOR,France,FR
FR-54218,Gélaucourt,Meurthe-et-Moselle,Lorraine,LOR,France,FR
FR-54220,Gémonville,Meurthe-et-Moselle,Lorraine,LOR,France,FR
FR-55204,Génicourt-sur-Meuse,Meuse,Lorraine,LOR,France,FR
FR-88196,Gérardmer,Vosges,Lorraine,LOR,France,FR
FR-55207,Géry,Meuse,Lorraine,LOR,France,FR
FR-54225,Gézoncourt,Meurthe-et-Moselle,Lorraine,LOR,France,FR
DE-07337031,Göcklingen,Südliche Weinstraße,Rhénanie-Palatinat,RLP,Allemagne,DE
DE-07140042,Gödenroth,Rhein-Hunsrück-Kreis,Rhénanie-Palatinat,RLP,Allemagne,DE
DE-07333026,Göllheim,Donnersbergkreis,Rhénanie-Palatinat,RLP,Allemagne,DE
DE-07131025,Gönnersdorf (Ahrweiler),Ahrweiler,Rhénanie-Palatinat,RLP,Allemagne,DE
DE-07233028,Gönnersdorf (Vulkaneifel),Vulkaneifel,Rhénanie-Palatinat,RLP,Allemagne,DE
DE-07332022,Gönnheim,Bad Dürkheim,Rhénanie-Palatinat,RLP,Allemagne,DE
DE-07143023,Görgeshausen,Westerwaldkreis,Rhénanie-Palatinat,RLP,Allemagne,DE
DE-07134030,Gösenroth,Birkenfeld,Rhénanie-Palatinat,RLP,Allemagne,DE
DE-07141049,Gückingen,Rhein-Lahn-Kreis,Rhénanie-Palatinat,RLP,Allemagne,DE
DE-07132043,Güllesheim,Altenkirchen (Ww),Rhénanie-Palatinat,RLP,Allemagne,DE
BE-85046,Habay,Luxembourg,Wallonie,WAL,Belgique,BE
FR-54243,Hablainville,Meurthe-et-Moselle,Lorraine,LOR,France,FR
FR-57281,Haboudange,Moselle,Lorraine,LOR,France,FR
DE-07232231,Habscheid,Eifelkreis Bitburg-Prüm,Rhénanie-Palatinat,RLP,Allemagne,DE
LU-0103,Habscht,Capellen,Luxembourg,LUX,Luxembourg,LU
DE-07143229,Hachenburg,Westerwaldkreis,Rhénanie-Palatinat,RLP,Allemagne,DE
DE-07133037,Hackenheim,Bad Kreuznach,Rhénanie-Palatinat,RLP,Allemagne,DE
FR-88224,Hadigny-les-Verrières,Vosges,Lorraine,LOR,France,FR
FR-88225,Hadol,Vosges,Lorraine,LOR,France,FR
FR-57282,Hagen,Moselle,Lorraine,LOR,France,FR
DE-07334008,Hagenbach,Germersheim,Rhénanie-Palatinat,RLP,Allemagne,DE
FR-88227,Hagnéville-et-Roncourt,Vosges,Lorraine,LOR,France,FR
FR-57283,Hagondange,Moselle,Lorraine,LOR,France,FR
FR-88226,Hagécourt,Vosges,Lorraine,LOR,France,FR
FR-54244,Hagéville,Meurthe-et-Moselle,Lorraine,LOR,France,FR
DE-07140044,Hahn,Rhein-Hunsrück-Kreis,Rhénanie-Palatinat,RLP,Allemagne,DE
DE-07143232,Hahn am See,Westerwaldkreis,Rhénanie-Palatinat,RLP,Allemagne,DE
DE-07143231,Hahn bei Marienberg,Westerwaldkreis,Rhénanie-Palatinat,RLP,Allemagne,DE
DE-07133038,Hahnenbach,Bad Kreuznach,Rhénanie-Palatinat,RLP,Allemagne,DE
DE-07339025,Hahnheim,Mainz-Bingen,Rhénanie-Palatinat,RLP,Allemagne,DE
DE-07141051,Hahnstätten,Rhein-Lahn-Kreis,Rhénanie-Palatinat,RLP,Allemagne,DE
DE-07134033,Hahnweiler,Birkenfeld,Rhénanie-Palatinat,RLP,Allemagne,DE
FR-54245,Haigneville,Meurthe-et-Moselle,Lorraine,LOR,France,FR
FR-88228,Haillainville,Vosges,Lorraine,LOR,France,FR
DE-07141110,Hainau,Rhein-Lahn-Kreis,Rhénanie-Palatinat,RLP,Allemagne,DE
DE-07337036,Hainfeld,Südliche Weinstraße,Rhénanie-Palatinat,RLP,Allemagne,DE
FR-55224,Haironville,Meuse,Lorraine,LOR,France,FR
DE-07143233,Halbs,Westerwaldkreis,Rhénanie-Palatinat,RLP,Allemagne,DE
FR-57284,Hallering,Moselle,Lorraine,LOR,France,FR
FR-55225,Halles-sous-les-Côtes,Meuse,Lorraine,LOR,France,FR
DE-07133039,Hallgarten,Bad Kreuznach,Rhénanie-Palatinat,RLP,Allemagne,DE
FR-54246,Halloville,Meurthe-et-Moselle,Lorraine,LOR,France,FR
DE-07233214,Hallschlag,Vulkaneifel,Rhénanie-Palatinat,RLP,Allemagne,DE
DE-07232045,Halsdorf,Eifelkreis Bitburg-Prüm,Rhénanie-Palatinat,RLP,Allemagne,DE
DE-07140045,Halsenbach,Rhein-Hunsrück-Kreis,Rhénanie-Palatinat,RLP,Allemagne,DE
FR-57286,Halstroff,Moselle,Lorraine,LOR,France,FR
FR-57288,Ham-sous-Varsberg,Moselle,Lorraine,LOR,France,FR
BE-56086,Ham-sur-Heure-Nalinnes,Hainaut,Wallonie,WAL,Belgique,BE
FR-57289,Hambach (Moselle),Moselle,Lorraine,LOR,France,FR
DE-07141052,Hambach (Rhein-Lahn-Kreis),Rhein-Lahn-Kreis,Rhénanie-Palatinat,RLP,Allemagne,DE
DE-07135038,Hambuch,Cochem-Zell,Rhénanie-Palatinat,RLP,Allemagne,DE
DE-07232046,Hamm,Eifelkreis Bitburg-Prüm,Rhénanie-Palatinat,RLP,Allemagne,DE
DE-07132044,Hamm (Sieg),Altenkirchen (Ww),Rhénanie-Palatinat,RLP,Allemagne,DE
DE-07331038,Hamm am Rhein,Alzey-Worms,Rhénanie-Palatinat,RLP,Allemagne,DE
DE-07138024,Hammerstein,Neuwied,Rhénanie-Palatinat,RLP,Allemagne,DE
FR-54247,Hammeville,Meurthe-et-Moselle,Lorraine,LOR,France,FR
BE-61024,Hamoir,Liège,Wallonie,WAL,Belgique,BE
BE-91059,Hamois,Namur,Wallonie,WAL,Belgique,BE
FR-54248,Hamonville,Meurthe-et-Moselle,Lorraine,LOR,France,FR
FR-57290,Hampont,Moselle,Lorraine,LOR,France,FR
FR-54602,Han-devant-Pierrepont,Meurthe-et-Moselle,Lorraine,LOR,France,FR
FR-55226,Han-lès-Juvigny,Meuse,Lorraine,LOR,France,FR
FR-55229,Han-sur-Meuse,Meuse,Lorraine,LOR,France,FR
FR-57293,Han-sur-Nied,Moselle,Lorraine,LOR,France,FR
DE-07331039,Hangen-Weisheim,Alzey-Worms,Rhénanie-Palatinat,RLP,Allemagne,DE
FR-57291,Hangviller,Moselle,Lorraine,LOR,France,FR
DE-07338010,Hanhofen,Rhein-Pfalz-Kreis,Rhénanie-Palatinat,RLP,Allemagne,DE
FR-57292,Hannocourt,Moselle,Lorraine,LOR,France,FR
FR-55228,Hannonville-sous-les-Côtes,Meuse,Lorraine,LOR,France,FR
FR-54249,Hannonville-Suzémont,Meurthe-et-Moselle,Lorraine,LOR,France,FR
BE-64034,Hannut,Liège,Wallonie,WAL,Belgique,BE
DE-07138025,Hanroth,Neuwied,Rhénanie-Palatinat,RLP,Allemagne,DE
FR-57294,Hanviller,Moselle,Lorraine,LOR,France,FR
FR-54250,Haraucourt,Meurthe-et-Moselle,Lorraine,LOR,France,FR
FR-57295,Haraucourt-sur-Seille,Moselle,Lorraine,LOR,France,FR
DE-07132045,Harbach,Altenkirchen (Ww),Rhénanie-Palatinat,RLP,Allemagne,DE
FR-54251,Harbouey,Meurthe-et-Moselle,Lorraine,LOR,France,FR
FR-88229,Harchéchamp,Vosges,Lorraine,LOR,France,FR
FR-88230,Hardancourt,Vosges,Lorraine,LOR,France,FR
DE-07138026,Hardert,Neuwied,Rhénanie-Palatinat,RLP,Allemagne,DE
DE-07143234,Hardt,Westerwaldkreis,Rhénanie-Palatinat,RLP,Allemagne,DE
DE-07232233,Hargarten,Eifelkreis Bitburg-Prüm,Rhénanie-Palatinat,RLP,Allemagne,DE
FR-57296,Hargarten-aux-Mines,Moselle,Lorraine,LOR,France,FR
DE-07133040,Hargesheim,Bad Kreuznach,Rhénanie-Palatinat,RLP,Allemagne,DE
FR-88232,Harmonville,Vosges,Lorraine,LOR,France,FR
FR-88233,Harol,Vosges,Lorraine,LOR,France,FR
FR-54252,Haroué,Meurthe-et-Moselle,Lorraine,LOR,France,FR
FR-57297,Harprich,Moselle,Lorraine,LOR,France,FR
FR-57298,Harreberg,Moselle,Lorraine,LOR,France,FR
DE-07138027,Harschbach,Neuwied,Rhénanie-Palatinat,RLP,Allemagne,DE
DE-07131026,Harscheid,Ahrweiler,Rhénanie-Palatinat,RLP,Allemagne,DE
DE-07232234,Harspelt,Eifelkreis Bitburg-Prüm,Rhénanie-Palatinat,RLP,Allemagne,DE
DE-07143025,Hartenfels,Westerwaldkreis,Rhénanie-Palatinat,RLP,Allemagne,DE
DE-07338011,Harthausen,Rhein-Pfalz-Kreis,Rhénanie-Palatinat,RLP,Allemagne,DE
FR-57299,Hartzviller,Moselle,Lorraine,LOR,France,FR
FR-55232,Harville,Meuse,Lorraine,LOR,France,FR
DE-07339026,Harxheim,Mainz-Bingen,Rhénanie-Palatinat,RLP,Allemagne,DE
FR-88231,Haréville,Vosges,Lorraine,LOR,France,FR
DE-07231049,Hasborn,Bernkastel-Wittlich,Rhénanie-Palatinat,RLP,Allemagne,DE
DE-07336034,Haschbach am Remigiusberg,Kusel,Rhénanie-Palatinat,RLP,Allemagne,DE
FR-57300,Haselbourg,Moselle,Lorraine,LOR,France,FR
DE-07135039,Haserich,Cochem-Zell,Rhénanie-Palatinat,RLP,Allemagne,DE
FR-57301,Haspelschiedt,Moselle,Lorraine,LOR,France,FR
DE-07132046,Hasselbach (Altenkirchen (Ww)),Altenkirchen (Ww),Rhénanie-Palatinat,RLP,Allemagne,DE
DE-07140046,Hasselbach (Rhein-Hunsrück-Kreis),Rhein-Hunsrück-Kreis,Rhénanie-Palatinat,RLP,Allemagne,DE
DE-07332025,Haßloch,Bad Dürkheim,Rhénanie-Palatinat,RLP,Allemagne,DE
BE-91142,Hastière,Namur,Wallonie,WAL,Belgique,BE
FR-54253,Hatrize,Meurthe-et-Moselle,Lorraine,LOR,France,FR
DE-07143235,Hattert,Westerwaldkreis,Rhénanie-Palatinat,RLP,Allemagne,DE
DE-07134034,Hattgenstein,Birkenfeld,Rhénanie-Palatinat,RLP,Allemagne,DE
FR-57302,Hattigny,Moselle,Lorraine,LOR,France,FR
DE-07334009,Hatzenbühl,Germersheim,Rhénanie-Palatinat,RLP,Allemagne,DE
DE-07137208,Hatzenport,Mayen-Koblenz,Rhénanie-Palatinat,RLP,Allemagne,DE
FR-57303,Hauconcourt,Moselle,Lorraine,LOR,France,FR
FR-54254,Haucourt-Moulaine,Meurthe-et-Moselle,Lorraine,LOR,France,FR
FR-55236,Haudainville,Meuse,Lorraine,LOR,France,FR
FR-55237,Haudiomont,Meuse,Lorraine,LOR,France,FR
FR-54255,Haudonville,Meurthe-et-Moselle,Lorraine,LOR,France,FR
DE-07340014,Hauenstein,Südwestpfalz,Rhénanie-Palatinat,RLP,Allemagne,DE
FR-55239,Haumont-près-Samogneux,Meuse,Lorraine,LOR,France,FR
DE-07335012,Hauptstuhl,Kaiserslautern,Rhénanie-Palatinat,RLP,Allemagne,DE
DE-07135040,Hauroth,Cochem-Zell,Rhénanie-Palatinat,RLP,Allemagne,DE
DE-07140047,Hausbay,Rhein-Hunsrück-Kreis,Rhénanie-Palatinat,RLP,Allemagne,DE
DE-07134035,Hausen,Birkenfeld,Rhénanie-Palatinat,RLP,Allemagne,DE
DE-07138007,Hausen (Wied),Neuwied,Rhénanie-Palatinat,RLP,Allemagne,DE
FR-54256,Haussonville,Meurthe-et-Moselle,Lorraine,LOR,France,FR
DE-07137034,Hausten,Mayen-Koblenz,Rhénanie-Palatinat,RLP,Allemagne,DE
DE-07336035,Hausweiler,Kusel,Rhénanie-Palatinat,RLP,Allemagne,DE
FR-57304,Haut-Clocher,Moselle,Lorraine,LOR,France,FR
FR-57371,Haute-Kontz,Moselle,Lorraine,LOR,France,FR
FR-57714,Haute-Vigneulles,Moselle,Lorraine,LOR,France,FR
FR-57305,Havange,Moselle,Lorraine,LOR,France,FR
BE-91064,Havelange,Namur,Wallonie,WAL,Belgique,BE
FR-57306,Hayange,Moselle,Lorraine,LOR,France,FR
FR-57307,Hayes,Moselle,Lorraine,LOR,France,FR
FR-57308,Hazembourg,Moselle,Lorraine,LOR,France,FR
DE-07140048,Hecken,Rhein-Hunsrück-Kreis,Rhénanie-Palatinat,RLP,Allemagne,DE
DE-07131027,Heckenbach,Ahrweiler,Rhénanie-Palatinat,RLP,Allemagne,DE
DE-07231050,Heckenmünster,Bernkastel-Wittlich,Rhénanie-Palatinat,RLP,Allemagne,DE
DE-07232236,Heckhuscheid,Eifelkreis Bitburg-Prüm,Rhénanie-Palatinat,RLP,Allemagne,DE
DE-07235040,Heddert,Trier-Saarburg,Rhénanie-Palatinat,RLP,Allemagne,DE
DE-07336036,Hefersweiler,Kusel,Rhénanie-Palatinat,RLP,Allemagne,DE
LU-0405,Heffingen,Mersch,Luxembourg,LUX,Luxembourg,LU
DE-07231204,Heidenburg,Bernkastel-Wittlich,Rhénanie-Palatinat,RLP,Allemagne,DE
DE-07231051,Heidweiler,Bernkastel-Wittlich,Rhénanie-Palatinat,RLP,Allemagne,DE
DE-07232047,Heilbach,Eifelkreis Bitburg-Prüm,Rhénanie-Palatinat,RLP,Allemagne,DE
DE-07143026,Heilberscheid,Westerwaldkreis,Rhénanie-Palatinat,RLP,Allemagne,DE
DE-07232048,Heilenbach,Eifelkreis Bitburg-Prüm,Rhénanie-Palatinat,RLP,Allemagne,DE
DE-07335013,Heiligenmoschel,Kaiserslautern,Rhénanie-Palatinat,RLP,Allemagne,DE
DE-07143027,Heiligenroth,Westerwaldkreis,Rhénanie-Palatinat,RLP,Allemagne,DE
FR-54257,Heillecourt,Meurthe-et-Moselle,Lorraine,LOR,France,FR
DE-07134036,Heimbach,Birkenfeld,Rhénanie-Palatinat,RLP,Allemagne,DE
DE-07143236,Heimborn,Westerwaldkreis,Rhénanie-Palatinat,RLP,Allemagne,DE
DE-07133041,Heimweiler,Bad Kreuznach,Rhénanie-Palatinat,RLP,Allemagne,DE
FR-57309,Heining-lès-Bouzonville,Moselle,Lorraine,LOR,France,FR
DE-07140049,Heinzenbach,Rhein-Hunsrück-Kreis,Rhénanie-Palatinat,RLP,Allemagne,DE
DE-07133042,Heinzenberg,Bad Kreuznach,Rhénanie-Palatinat,RLP,Allemagne,DE
DE-07336038,Heinzenhausen,Kusel,Rhénanie-Palatinat,RLP,Allemagne,DE
FR-55241,Heippes,Meuse,Lorraine,LOR,France,FR
DE-07232238,Heisdorf,Eifelkreis Bitburg-Prüm,Rhénanie-Palatinat,RLP,Allemagne,DE
DE-07141053,Heistenbach,Rhein-Lahn-Kreis,Rhénanie-Palatinat,RLP,Allemagne,DE
DE-07143028,Helferskirchen,Westerwaldkreis,Rhénanie-Palatinat,RLP,Allemagne,DE
DE-07143237,Hellenhahn-Schellenberg,Westerwaldkreis,Rhénanie-Palatinat,RLP,Allemagne,DE
FR-57310,Hellering-lès-Fénétrange,Moselle,Lorraine,LOR,France,FR
DE-07134037,Hellertshausen,Birkenfeld,Rhénanie-Palatinat,RLP,Allemagne,DE
FR-57311,Hellimer,Moselle,Lorraine,LOR,France,FR
DE-07132047,Helmenzen,Altenkirchen (Ww),Rhénanie-Palatinat,RLP,Allemagne,DE
DE-07132048,Helmeroth,Altenkirchen (Ww),Rhénanie-Palatinat,RLP,Allemagne,DE
LU-0403,Helperknapp,Mersch,Luxembourg,LUX,Luxembourg,LU
FR-57312,Helstroff,Moselle,Lorraine,LOR,France,FR
DE-07340015,Heltersberg,Südwestpfalz,Rhénanie-Palatinat,RLP,Allemagne,DE
DE-07132049,Hemmelzen,Altenkirchen (Ww),Rhénanie-Palatinat,RLP,Allemagne,DE
DE-07140050,Henau,Rhein-Hunsrück-Kreis,Rhénanie-Palatinat,RLP,Allemagne,DE
FR-88237,Hennecourt,Vosges,Lorraine,LOR,France,FR
FR-55242,Hennemont,Meuse,Lorraine,LOR,France,FR
FR-88238,Hennezel,Vosges,Lorraine,LOR,France,FR
DE-07133043,Hennweiler,Bad Kreuznach,Rhénanie-Palatinat,RLP,Allemagne,DE
FR-57315,Henridorff,Moselle,Lorraine,LOR,France,FR
FR-57316,Henriville,Moselle,Lorraine,LOR,France,FR
DE-07336037,Henschtal,Kusel,Rhénanie-Palatinat,RLP,Allemagne,DE
BE-53039,Hensies,Hainaut,Wallonie,WAL,Belgique,BE
DE-07235043,Hentern,Trier-Saarburg,Rhénanie-Palatinat,RLP,Allemagne,DE
BE-84029,Herbeumont,Luxembourg,Wallonie,WAL,Belgique,BE
FR-55243,Herbeuville,Meuse,Lorraine,LOR,France,FR
DE-07134038,Herborn,Birkenfeld,Rhénanie-Palatinat,RLP,Allemagne,DE
DE-07232049,Herbstmühle,Eifelkreis Bitburg-Prüm,Rhénanie-Palatinat,RLP,Allemagne,DE
FR-54259,Herbéviller,Meurthe-et-Moselle,Lorraine,LOR,France,FR
DE-07336039,Herchweiler,Kusel,Rhénanie-Palatinat,RLP,Allemagne,DE
DE-07132050,Herdorf,Altenkirchen (Ww),Rhénanie-Palatinat,RLP,Allemagne,DE
DE-07232050,Herforst,Eifelkreis Bitburg-Prüm,Rhénanie-Palatinat,RLP,Allemagne,DE
DE-07133044,Hergenfeld,Bad Kreuznach,Rhénanie-Palatinat,RLP,Allemagne,DE
DE-07143238,Hergenroth,Westerwaldkreis,Rhénanie-Palatinat,RLP,Allemagne,DE
DE-07337037,Hergersweiler,Südliche Weinstraße,Rhénanie-Palatinat,RLP,Allemagne,DE
FR-88239,Hergugney,Vosges,Lorraine,LOR,France,FR
DE-07235044,Herl,Trier-Saarburg,Rhénanie-Palatinat,RLP,Allemagne,DE
FR-57318,Hermelange,Moselle,Lorraine,LOR,France,FR
DE-07340016,Hermersberg,Südwestpfalz,Rhénanie-Palatinat,RLP,Allemagne,DE
DE-07235045,Hermeskeil,Trier-Saarburg,Rhénanie-Palatinat,RLP,Allemagne,DE
FR-55244,Herméville-en-Woëvre,Meuse,Lorraine,LOR,France,FR
FR-57319,Herny,Moselle,Lorraine,LOR,France,FR
DE-07141054,Herold,Rhein-Lahn-Kreis,Rhénanie-Palatinat,RLP,Allemagne,DE
FR-88240,Herpelmont,Vosges,Lorraine,LOR,France,FR
DE-07336040,Herren-Sulzbach,Kusel,Rhénanie-Palatinat,RLP,Allemagne,DE
DE-07137035,Herresbach,Mayen-Koblenz,Rhénanie-Palatinat,RLP,Allemagne,DE
DE-07134039,Herrstein,Birkenfeld,Rhénanie-Palatinat,RLP,Allemagne,DE
DE-07143029,Herschbach,Westerwaldkreis,Rhénanie-Palatinat,RLP,Allemagne,DE
DE-07143239,Herschbach (Oberwesterwald),Westerwaldkreis,Rhénanie-Palatinat,RLP,Allemagne,DE
DE-07340017,Herschberg,Südwestpfalz,Rhénanie-Palatinat,RLP,Allemagne,DE
DE-07131028,Herschbroich,Ahrweiler,Rhénanie-Palatinat,RLP,Allemagne,DE
DE-07336041,Herschweiler-Pettersheim,Kusel,Rhénanie-Palatinat,RLP,Allemagne,DE
DE-07232332,Hersdorf,Eifelkreis Bitburg-Prüm,Rhénanie-Palatinat,RLP,Allemagne,DE
FR-54261,Herserange,Meurthe-et-Moselle,Lorraine,LOR,France,FR
BE-62051,Herstal,Liège,Wallonie,WAL,Belgique,BE
FR-57320,Hertzing,Moselle,Lorraine,LOR,France,FR
BE-63035,Herve,Liège,Wallonie,WAL,Belgique,BE
DE-07332026,Herxheim am Berg,Bad Dürkheim,Rhénanie-Palatinat,RLP,Allemagne,DE
DE-07337038,Herxheim bei Landau/Pfalz,Südliche Weinstraße,Rhénanie-Palatinat,RLP,Allemagne,DE
DE-07337039,Herxheimweyher,Südliche Weinstraße,Rhénanie-Palatinat,RLP,Allemagne,DE
DE-07232240,Herzfeld,Eifelkreis Bitburg-Prüm,Rhénanie-Palatinat,RLP,Allemagne,DE
LU-0303,Hesperange,Luxembourg,Luxembourg,LUX,Luxembourg,LU
FR-57321,Hesse,Moselle,Lorraine,LOR,France,FR
DE-07338012,Heßheim,Rhein-Pfalz-Kreis,Rhénanie-Palatinat,RLP,Allemagne,DE
FR-57322,Hestroff,Moselle,Lorraine,LOR,France,FR
DE-07135041,Hesweiler,Cochem-Zell,Rhénanie-Palatinat,RLP,Allemagne,DE
FR-57323,Hettange-Grande,Moselle,Lorraine,LOR,France,FR
DE-07340018,Hettenhausen,Südwestpfalz,Rhénanie-Palatinat,RLP,Allemagne,DE
DE-07332027,Hettenleidelheim,Bad Dürkheim,Rhénanie-Palatinat,RLP,Allemagne,DE
DE-07134040,Hettenrodt,Birkenfeld,Rhénanie-Palatinat,RLP,Allemagne,DE
DE-07231053,Hetzerath,Bernkastel-Wittlich,Rhénanie-Palatinat,RLP,Allemagne,DE
DE-07338013,Heuchelheim bei Frankenthal,Rhein-Pfalz-Kreis,Rhénanie-Palatinat,RLP,Allemagne,DE
DE-07337040,Heuchelheim-Klingen,Südliche Weinstraße,Rhénanie-Palatinat,RLP,Allemagne,DE
FR-55245,Heudicourt-sous-les-Côtes,Meuse,Lorraine,LOR,France,FR
DE-07132051,Heupelzen,Altenkirchen (Ww),Rhénanie-Palatinat,RLP,Allemagne,DE
DE-10041513,Heusweiler,Saarbrücken,Sarre,SL,Allemagne,DE
DE-07143240,Heuzert,Westerwaldkreis,Rhénanie-Palatinat,RLP,Allemagne,DE
FR-57324,Hilbesheim,Moselle,Lorraine,LOR,France,FR
DE-07132052,Hilgenroth,Altenkirchen (Ww),Rhénanie-Palatinat,RLP,Allemagne,DE
DE-07143030,Hilgert,Westerwaldkreis,Rhénanie-Palatinat,RLP,Allemagne,DE
DE-07339028,Hillesheim (Mainz-Bingen),Mainz-Bingen,Rhénanie-Palatinat,RLP,Allemagne,DE
DE-07233029,Hillesheim (Vulkaneifel),Vulkaneifel,Rhénanie-Palatinat,RLP,Allemagne,DE
DE-07143031,Hillscheid,Westerwaldkreis,Rhénanie-Palatinat,RLP,Allemagne,DE
DE-07231054,Hilscheid,Bernkastel-Wittlich,Rhénanie-Palatinat,RLP,Allemagne,DE
FR-57325,Hilsprich,Moselle,Lorraine,LOR,France,FR
DE-07340019,Hilst,Südwestpfalz,Rhénanie-Palatinat,RLP,Allemagne,DE
DE-07141055,Himmighofen,Rhein-Lahn-Kreis,Rhénanie-Palatinat,RLP,Allemagne,DE
FR-57326,Hinckange,Moselle,Lorraine,LOR,France,FR
DE-07134041,Hintertiefenbach,Birkenfeld,Rhénanie-Palatinat,RLP,Allemagne,DE
DE-07340020,Hinterweidenthal,Südwestpfalz,Rhénanie-Palatinat,RLP,Allemagne,DE
DE-07233030,Hinterweiler,Vulkaneifel,Rhénanie-Palatinat,RLP,Allemagne,DE
DE-07235046,Hinzenburg,Trier-Saarburg,Rhénanie-Palatinat,RLP,Allemagne,DE
DE-07235047,Hinzert-Pölert,Trier-Saarburg,Rhénanie-Palatinat,RLP,Allemagne,DE
DE-07336042,Hinzweiler,Kusel,Rhénanie-Palatinat,RLP,Allemagne,DE
DE-07141057,Hirschberg,Rhein-Lahn-Kreis,Rhénanie-Palatinat,RLP,Allemagne,DE
DE-07140053,Hirschfeld (Hunsrück),Rhein-Hunsrück-Kreis,Rhénanie-Palatinat,RLP,Allemagne,DE
DE-07335014,Hirschhorn/Pfalz,Kaiserslautern,Rhénanie-Palatinat,RLP,Allemagne,DE
DE-07340021,Hirschthal,Südwestpfalz,Rhénanie-Palatinat,RLP,Allemagne,DE
DE-07137036,Hirten,Mayen-Koblenz,Rhénanie-Palatinat,RLP,Allemagne,DE
DE-07132053,Hirz-Maulsbach,Altenkirchen (Ww),Rhénanie-Palatinat,RLP,Allemagne,DE
DE-07331011,Hochborn,Alzey-Worms,Rhénanie-Palatinat,RLP,Allemagne,DE
DE-07338014,Hochdorf-Assenheim,Rhein-Pfalz-Kreis,Rhénanie-Palatinat,RLP,Allemagne,DE
DE-07231056,Hochscheid,Bernkastel-Wittlich,Rhénanie-Palatinat,RLP,Allemagne,DE
DE-07335015,Hochspeyer,Kaiserslautern,Rhénanie-Palatinat,RLP,Allemagne,DE
DE-07337041,Hochstadt (Pfalz),Südliche Weinstraße,Rhénanie-Palatinat,RLP,Allemagne,DE
DE-07133046,Hochstetten-Dhaun,Bad Kreuznach,Rhénanie-Palatinat,RLP,Allemagne,DE
DE-07133045,Hochstätten,Bad Kreuznach,Rhénanie-Palatinat,RLP,Allemagne,DE
DE-07235048,Hockweiler,Trier-Saarburg,Rhénanie-Palatinat,RLP,Allemagne,DE
DE-07143243,Hof,Westerwaldkreis,Rhénanie-Palatinat,RLP,Allemagne,DE
DE-07131030,Hoffeld,Ahrweiler,Rhénanie-Palatinat,RLP,Allemagne,DE
DE-07331041,Hohen-Sülzen,Alzey-Worms,Rhénanie-Palatinat,RLP,Allemagne,DE
DE-07233033,Hohenfels-Essingen,Vulkaneifel,Rhénanie-Palatinat,RLP,Allemagne,DE
DE-07131206,Hohenleimbach,Ahrweiler,Rhénanie-Palatinat,RLP,Allemagne,DE
DE-07336043,Hohenöllen,Kusel,Rhénanie-Palatinat,RLP,Allemagne,DE
FR-57328,Holacourt,Moselle,Lorraine,LOR,France,FR
DE-07143033,Holler,Westerwaldkreis,Rhénanie-Palatinat,RLP,Allemagne,DE
FR-57329,Holling,Moselle,Lorraine,LOR,France,FR
DE-07140055,Hollnich,Rhein-Hunsrück-Kreis,Rhénanie-Palatinat,RLP,Allemagne,DE
DE-07232053,Holsthum,Eifelkreis Bitburg-Prüm,Rhénanie-Palatinat,RLP,Allemagne,DE
FR-57330,Holving,Moselle,Lorraine,LOR,France,FR
DE-07141059,Holzappel,Rhein-Lahn-Kreis,Rhénanie-Palatinat,RLP,Allemagne,DE
DE-07140056,Holzbach,Rhein-Hunsrück-Kreis,Rhénanie-Palatinat,RLP,Allemagne,DE
DE-07235050,Holzerath,Trier-Saarburg,Rhénanie-Palatinat,RLP,Allemagne,DE
DE-07141060,Holzhausen an der Haide,Rhein-Lahn-Kreis,Rhénanie-Palatinat,RLP,Allemagne,DE
DE-07141061,Holzheim,Rhein-Lahn-Kreis,Rhénanie-Palatinat,RLP,Allemagne,DE
DE-07336044,Homberg (Kusel),Kusel,Rhénanie-Palatinat,RLP,Allemagne,DE
DE-07143244,Homberg (Westerwaldkreis),Westerwaldkreis,Rhénanie-Palatinat,RLP,Allemagne,DE
FR-57331,Hombourg-Budange,Moselle,Lorraine,LOR,France,FR
FR-57332,Hombourg-Haut,Moselle,Lorraine,LOR,France,FR
DE-10045114,Homburg,Saarpfalz-Kreis,Sarre,SL,Allemagne,DE
FR-57333,Hommarting,Moselle,Lorraine,LOR,France,FR
DE-07232054,Hommerdingen,Eifelkreis Bitburg-Prüm,Rhénanie-Palatinat,RLP,Allemagne,DE
FR-57334,Hommert,Moselle,Lorraine,LOR,France,FR
FR-54263,Homécourt,Meurthe-et-Moselle,Lorraine,LOR,France,FR
DE-07131032,Honerath,Ahrweiler,Rhénanie-Palatinat,RLP,Allemagne,DE
BE-53083,Honnelles,Hainaut,Wallonie,WAL,Belgique,BE
FR-57335,Honskirch,Moselle,Lorraine,LOR,France,FR
DE-07231057,Hontheim,Bernkastel-Wittlich,Rhénanie-Palatinat,RLP,Allemagne,DE
DE-07336045,Hoppstädten,Kusel,Rhénanie-Palatinat,RLP,Allemagne,DE
DE-07134042,Hoppstädten-Weiersbach,Birkenfeld,Rhénanie-Palatinat,RLP,Allemagne,DE
DE-07231058,Horath,Bernkastel-Wittlich,Rhénanie-Palatinat,RLP,Allemagne,DE
DE-07133047,Horbach (Bad Kreuznach),Bad Kreuznach,Rhénanie-Palatinat,RLP,Allemagne,DE
DE-07340025,Horbach (Südwestpfalz),Südwestpfalz,Rhénanie-Palatinat,RLP,Allemagne,DE
DE-07143034,Horbach (Westerwaldkreis),Westerwaldkreis,Rhénanie-Palatinat,RLP,Allemagne,DE
DE-07134043,Horbruch,Birkenfeld,Rhénanie-Palatinat,RLP,Allemagne,DE
DE-07141062,Horhausen,Rhein-Lahn-Kreis,Rhénanie-Palatinat,RLP,Allemagne,DE
DE-07132055,Horhausen (Westerwald),Altenkirchen (Ww),Rhénanie-Palatinat,RLP,Allemagne,DE
DE-07140058,Horn,Rhein-Hunsrück-Kreis,Rhénanie-Palatinat,RLP,Allemagne,DE
DE-07340211,Hornbach,Südwestpfalz,Rhénanie-Palatinat,RLP,Allemagne,DE
DE-07233216,Horperath,Vulkaneifel,Rhénanie-Palatinat,RLP,Allemagne,DE
DE-07339029,Horrweiler,Mainz-Bingen,Rhénanie-Palatinat,RLP,Allemagne,DE
DE-07336046,Horschbach,Kusel,Rhénanie-Palatinat,RLP,Allemagne,DE
FR-55247,Horville-en-Ornois,Meuse,Lorraine,LOR,France,FR
FR-57337,Hoste,Moselle,Lorraine,LOR,France,FR
DE-07232055,Hosten,Eifelkreis Bitburg-Prüm,Rhénanie-Palatinat,RLP,Allemagne,DE
DE-07134044,Hottenbach,Birkenfeld,Rhénanie-Palatinat,RLP,Allemagne,DE
BE-83028,Hotton,Luxembourg,Wallonie,WAL,Belgique,BE
FR-57338,Hottviller,Moselle,Lorraine,LOR,France,FR
FR-55248,Houdelaincourt,Meuse,Lorraine,LOR,France,FR
FR-54264,Houdelmont,Meurthe-et-Moselle,Lorraine,LOR,France,FR
FR-54265,Houdemont,Meurthe-et-Moselle,Lorraine,LOR,France,FR
FR-54266,Houdreville,Meurthe-et-Moselle,Lorraine,LOR,France,FR
BE-82014,Houffalize,Luxembourg,Wallonie,WAL,Belgique,BE
FR-88243,Housseras,Vosges,Lorraine,LOR,France,FR
FR-54268,Housséville,Meurthe-et-Moselle,Lorraine,LOR,France,FR
BE-91072,Houyet,Namur,Wallonie,WAL,Belgique,BE
FR-88241,Houécourt,Vosges,Lorraine,LOR,France,FR
FR-88242,Houéville,Vosges,Lorraine,LOR,France,FR
FR-54262,Hoéville,Meurthe-et-Moselle,Lorraine,LOR,France,FR
FR-54269,Hudiviller,Meurthe-et-Moselle,Lorraine,LOR,France,FR
FR-57339,Hultehouse,Moselle,Lorraine,LOR,France,FR
FR-57340,Hundling,Moselle,Lorraine,LOR,France,FR
DE-07143037,Hundsangen,Westerwaldkreis,Rhénanie-Palatinat,RLP,Allemagne,DE
DE-07133049,Hundsbach,Bad Kreuznach,Rhénanie-Palatinat,RLP,Allemagne,DE
DE-07143038,Hundsdorf,Westerwaldkreis,Rhénanie-Palatinat,RLP,Allemagne,DE
DE-07140060,Hungenroth,Rhein-Hunsrück-Kreis,Rhénanie-Palatinat,RLP,Allemagne,DE
FR-57341,Hunting,Moselle,Lorraine,LOR,France,FR
DE-07141063,Hunzel,Rhein-Lahn-Kreis,Rhénanie-Palatinat,RLP,Allemagne,DE
DE-07231062,Hupperath,Bernkastel-Wittlich,Rhénanie-Palatinat,RLP,Allemagne,DE
FR-88245,Hurbache,Vosges,Lorraine,LOR,France,FR
FR-54270,Hussigny-Godbrange,Meurthe-et-Moselle,Lorraine,LOR,France,FR
BE-61031,Huy,Liège,Wallonie,WAL,Belgique,BE
FR-88246,Hymont,Vosges,Lorraine,LOR,France,FR
DE-07143230,Härtlingen,Westerwaldkreis,Rhénanie-Palatinat,RLP,Allemagne,DE
BE-25118,Hélécine,Brabant wallon,Wallonie,WAL,Belgique,BE
FR-57313,Hémilly,Moselle,Lorraine,LOR,France,FR
FR-57314,Héming,Moselle,Lorraine,LOR,France,FR
FR-54258,Hénaménil,Meurthe-et-Moselle,Lorraine,LOR,France,FR
FR-57317,Hérange,Moselle,Lorraine,LOR,France,FR
FR-54260,Hériménil,Meurthe-et-Moselle,Lorraine,LOR,France,FR
BE-61028,Héron,Liège,Wallonie,WAL,Belgique,BE
FR-55246,Hévilliers,Meuse,Lorraine,LOR,France,FR
DE-07233215,Höchstberg,Vulkaneifel,Rhénanie-Palatinat,RLP,Allemagne,DE
DE-07143241,Höchstenbach,Westerwaldkreis,Rhénanie-Palatinat,RLP,Allemagne,DE
DE-07340022,Höheinöd,Südwestpfalz,Rhénanie-Palatinat,RLP,Allemagne,DE
DE-07340023,Höheischweiler,Südwestpfalz,Rhénanie-Palatinat,RLP,Allemagne,DE
DE-07340024,Höhfröschen,Südwestpfalz,Rhénanie-Palatinat,RLP,Allemagne,DE
DE-07143242,Höhn,Westerwaldkreis,Rhénanie-Palatinat,RLP,Allemagne,DE
DE-07143032,Höhr-Grenzhausen,Westerwaldkreis,Rhénanie-Palatinat,RLP,Allemagne,DE
DE-07141058,Hömberg,Rhein-Lahn-Kreis,Rhénanie-Palatinat,RLP,Allemagne,DE
DE-07131029,Hönningen,Ahrweiler,Rhénanie-Palatinat,RLP,Allemagne,DE
DE-07334011,Hördt,Germersheim,Rhénanie-Palatinat,RLP,Allemagne,DE
DE-07333030,Höringen,Donnersbergkreis,Rhénanie-Palatinat,RLP,Allemagne,DE
DE-07233031,Hörscheid,Vulkaneifel,Rhénanie-Palatinat,RLP,Allemagne,DE
DE-07233032,Hörschhausen,Vulkaneifel,Rhénanie-Palatinat,RLP,Allemagne,DE
DE-07132054,Hövels,Altenkirchen (Ww),Rhénanie-Palatinat,RLP,Allemagne,DE
DE-07143036,Hübingen,Westerwaldkreis,Rhénanie-Palatinat,RLP,Allemagne,DE
DE-07143245,Hüblingen,Westerwaldkreis,Rhénanie-Palatinat,RLP,Allemagne,DE
DE-07133048,Hüffelsheim,Bad Kreuznach,Rhénanie-Palatinat,RLP,Allemagne,DE
DE-07336047,Hüffler,Kusel,Rhénanie-Palatinat,RLP,Allemagne,DE
DE-07131033,Hümmel,Ahrweiler,Rhénanie-Palatinat,RLP,Allemagne,DE
DE-07138030,Hümmerich,Neuwied,Rhénanie-Palatinat,RLP,Allemagne,DE
DE-07335016,Hütschenhausen,Kaiserslautern,Rhénanie-Palatinat,RLP,Allemagne,DE
DE-07232056,Hütten,Eifelkreis Bitburg-Prüm,Rhénanie-Palatinat,RLP,Allemagne,DE
DE-07232057,Hütterscheid,Eifelkreis Bitburg-Prüm,Rhénanie-Palatinat,RLP,Allemagne,DE
DE-07232058,Hüttingen an der Kyll,Eifelkreis Bitburg-Prüm,Rhénanie-Palatinat,RLP,Allemagne,DE
DE-07232059,Hüttingen bei Lahr,Eifelkreis Bitburg-Prüm,Rhénanie-Palatinat,RLP,Allemagne,DE
FR-57342,Ibigny,Moselle,Lorraine,LOR,France,FR
DE-07134045,Idar-Oberstein,Birkenfeld,Rhénanie-Palatinat,RLP,Allemagne,DE
DE-07132056,Idelberg,Altenkirchen (Ww),Rhénanie-Palatinat,RLP,Allemagne,DE
DE-07232060,Idenheim,Eifelkreis Bitburg-Prüm,Rhénanie-Palatinat,RLP,Allemagne,DE
DE-07232061,Idesheim,Eifelkreis Bitburg-Prüm,Rhénanie-Palatinat,RLP,Allemagne,DE
DE-07235051,Igel,Trier-Saarburg,Rhénanie-Palatinat,RLP,Allemagne,DE
FR-54271,Igney (Meurthe-et-Moselle),Meurthe-et-Moselle,Lorraine,LOR,France,FR
FR-88247,Igney (Vosges),Vosges,Lorraine,LOR,France,FR
DE-07333031,Ilbesheim,Donnersbergkreis,Rhénanie-Palatinat,RLP,Allemagne,DE
DE-07337042,Ilbesheim bei Landau in der Pfalz,Südliche Weinstraße,Rhénanie-Palatinat,RLP,Allemagne,DE
FR-57343,Illange,Moselle,Lorraine,LOR,France,FR
DE-07135042,Illerich,Cochem-Zell,Rhénanie-Palatinat,RLP,Allemagne,DE
DE-10043112,Illingen,Neunkirchen,Sarre,SL,Allemagne,DE
FR-57344,Imling,Moselle,Lorraine,LOR,France,FR
DE-07233034,Immerath,Vulkaneifel,Rhénanie-Palatinat,RLP,Allemagne,DE
DE-07231064,Immert,Bernkastel-Wittlich,Rhénanie-Palatinat,RLP,Allemagne,DE
DE-07333032,Immesheim,Donnersbergkreis,Rhénanie-Palatinat,RLP,Allemagne,DE
DE-07337043,Impflingen,Südliche Weinstraße,Rhénanie-Palatinat,RLP,Allemagne,DE
DE-07333033,Imsbach,Donnersbergkreis,Rhénanie-Palatinat,RLP,Allemagne,DE
DE-07333034,Imsweiler,Donnersbergkreis,Rhénanie-Palatinat,RLP,Allemagne,DE
BE-25043,Incourt,Brabant wallon,Wallonie,WAL,Belgique,BE
DE-07132057,Ingelbach,Altenkirchen (Ww),Rhénanie-Palatinat,RLP,Allemagne,DE
DE-07339030,Ingelheim am Rhein,Mainz-Bingen,Rhénanie-Palatinat,RLP,Allemagne,DE
DE-07232062,Ingendorf,Eifelkreis Bitburg-Prüm,Rhénanie-Palatinat,RLP,Allemagne,DE
FR-57345,Inglange,Moselle,Lorraine,LOR,France,FR
FR-55250,Inor,Meuse,Lorraine,LOR,France,FR
DE-07337044,Insheim,Südliche Weinstraße,Rhénanie-Palatinat,RLP,Allemagne,DE
FR-57346,Insming,Moselle,Lorraine,LOR,France,FR
DE-07131034,Insul,Ahrweiler,Rhénanie-Palatinat,RLP,Allemagne,DE
FR-57347,Insviller,Moselle,Lorraine,LOR,France,FR
DE-07133050,Ippenschied,Bad Kreuznach,Rhénanie-Palatinat,RLP,Allemagne,DE
FR-57348,Ippling,Moselle,Lorraine,LOR,France,FR
FR-55251,Ippécourt,Meuse,Lorraine,LOR,France,FR
DE-07231501,Irmenach,Bernkastel-Wittlich,Rhénanie-Palatinat,RLP,Allemagne,DE
DE-07143246,Irmtraut,Westerwaldkreis,Rhénanie-Palatinat,RLP,Allemagne,DE
DE-07232063,Irrel,Eifelkreis Bitburg-Prüm,Rhénanie-Palatinat,RLP,Allemagne,DE
DE-07232245,Irrhausen,Eifelkreis Bitburg-Prüm,Rhénanie-Palatinat,RLP,Allemagne,DE
DE-07235052,Irsch,Trier-Saarburg,Rhénanie-Palatinat,RLP,Allemagne,DE
FR-55252,Iré-le-Sec,Meuse,Lorraine,LOR,France,FR
FR-88248,Isches,Vosges,Lorraine,LOR,France,FR
DE-07138031,Isenburg,Neuwied,Rhénanie-Palatinat,RLP,Allemagne,DE
DE-07132058,Isert,Altenkirchen (Ww),Rhénanie-Palatinat,RLP,Allemagne,DE
DE-07141064,Isselbach,Rhein-Lahn-Kreis,Rhénanie-Palatinat,RLP,Allemagne,DE
BE-25044,Ittre,Brabant wallon,Wallonie,WAL,Belgique,BE
FR-54272,Jaillon,Meurthe-et-Moselle,Lorraine,LOR,France,FR
FR-88249,Jainvillotte,Vosges,Lorraine,LOR,France,FR
DE-07333035,Jakobsweiler,Donnersbergkreis,Rhénanie-Palatinat,RLP,Allemagne,DE
BE-63038,Jalhay,Liège,Wallonie,WAL,Belgique,BE
FR-57349,Jallaucourt,Moselle,Lorraine,LOR,France,FR
FR-55255,Jametz,Meuse,Lorraine,LOR,France,FR
FR-88250,Jarménil,Vosges,Lorraine,LOR,France,FR
FR-54273,Jarny,Meurthe-et-Moselle,Lorraine,LOR,France,FR
FR-54274,Jarville-la-Malgrange,Meurthe-et-Moselle,Lorraine,LOR,France,FR
FR-54275,Jaulny,Meurthe-et-Moselle,Lorraine,LOR,France,FR
FR-54276,Jeandelaincourt,Meurthe-et-Moselle,Lorraine,LOR,France,FR
FR-54277,Jeandelize,Meurthe-et-Moselle,Lorraine,LOR,France,FR
FR-88251,Jeanménil,Vosges,Lorraine,LOR,France,FR
DE-07133051,Jeckenbach,Bad Kreuznach,Rhénanie-Palatinat,RLP,Allemagne,DE
BE-92140,Jemeppe-sur-Sambre,Namur,Wallonie,WAL,Belgique,BE
DE-07336048,Jettenbach,Kusel,Rhénanie-Palatinat,RLP,Allemagne,DE
FR-88253,Jeuxey,Vosges,Lorraine,LOR,France,FR
FR-54278,Jevoncourt,Meurthe-et-Moselle,Lorraine,LOR,France,FR
FR-54279,Jezainville,Meurthe-et-Moselle,Lorraine,LOR,France,FR
DE-07334012,Jockgrim,Germersheim,Rhénanie-Palatinat,RLP,Allemagne,DE
BE-25048,Jodoigne,Brabant wallon,Wallonie,WAL,Belgique,BE
FR-54281,Jolivet,Meurthe-et-Moselle,Lorraine,LOR,France,FR
FR-55256,Jonville-en-Woëvre,Meuse,Lorraine,LOR,France,FR
FR-54282,Joppécourt,Meurthe-et-Moselle,Lorraine,LOR,France,FR
FR-88254,Jorxey,Vosges,Lorraine,LOR,France,FR
FR-54283,Jouaville,Meurthe-et-Moselle,Lorraine,LOR,France,FR
FR-54284,Joudreville,Meurthe-et-Moselle,Lorraine,LOR,France,FR
FR-57350,Jouy-aux-Arches,Moselle,Lorraine,LOR,France,FR
FR-55257,Jouy-en-Argonne,Meuse,Lorraine,LOR,France,FR
FR-88255,Jubainville,Vosges,Lorraine,LOR,France,FR
DE-07232246,Jucken,Eifelkreis Bitburg-Prüm,Rhénanie-Palatinat,RLP,Allemagne,DE
DE-07339031,Jugenheim in Rheinhessen,Mainz-Bingen,Rhénanie-Palatinat,RLP,Allemagne,DE
FR-55260,Julvécourt,Meuse,Lorraine,LOR,France,FR
LU-1105,Junglinster,Grevenmacher,Luxembourg,LUX,Luxembourg,LU
BE-62060,Juprelle,Liège,Wallonie,WAL,Belgique,BE
BE-53044,Jurbise,Hainaut,Wallonie,WAL,Belgique,BE
FR-57351,Jury,Moselle,Lorraine,LOR,France,FR
FR-88256,Jussarupt,Vosges,Lorraine,LOR,France,FR
FR-57352,Jussy,Moselle,Lorraine,LOR,France,FR
FR-88257,Juvaincourt,Vosges,Lorraine,LOR,France,FR
FR-57353,Juvelize,Moselle,Lorraine,LOR,France,FR
FR-55261,Juvigny-en-Perthois,Meuse,Lorraine,LOR,France,FR
FR-55262,Juvigny-sur-Loison,Meuse,Lorraine,LOR,France,FR
FR-57354,Juville,Moselle,Lorraine,LOR,France,FR
FR-54285,Juvrecourt,Meurthe-et-Moselle,Lorraine,LOR,France,FR
FR-88252,Jésonville,Vosges,Lorraine,LOR,France,FR
DE-07233035,Jünkerath,Vulkaneifel,Rhénanie-Palatinat,RLP,Allemagne,DE
FR-54280,Jœuf,Meurthe-et-Moselle,Lorraine,LOR,France,FR
DE-07143247,Kaden,Westerwaldkreis,Rhénanie-Palatinat,RLP,Allemagne,DE
DE-07143039,Kadenbach,Westerwaldkreis,Rhénanie-Palatinat,RLP,Allemagne,DE
DE-07135043,Kaifenheim,Cochem-Zell,Rhénanie-Palatinat,RLP,Allemagne,DE
DE-07135044,Kail,Cochem-Zell,Rhénanie-Palatinat,RLP,Allemagne,DE
DE-07135045,Kaisersesch,Cochem-Zell,Rhénanie-Palatinat,RLP,Allemagne,DE
DE-07312000,Kaiserslautern,Kaiserslautern,Rhénanie-Palatinat,RLP,Allemagne,DE
DE-07131036,Kalenborn (Ahrweiler),Ahrweiler,Rhénanie-Palatinat,RLP,Allemagne,DE
DE-07135046,Kalenborn (Cochem-Zell),Cochem-Zell,Rhénanie-Palatinat,RLP,Allemagne,DE
DE-07233036,Kalenborn-Scheuern,Vulkaneifel,Rhénanie-Palatinat,RLP,Allemagne,DE
FR-57355,Kalhausen,Moselle,Lorraine,LOR,France,FR
DE-07333036,Kalkofen,Donnersbergkreis,Rhénanie-Palatinat,RLP,Allemagne,DE
DE-07332028,Kallstadt,Bad Dürkheim,Rhénanie-Palatinat,RLP,Allemagne,DE
DE-07137041,Kalt,Mayen-Koblenz,Rhénanie-Palatinat,RLP,Allemagne,DE
DE-07131037,Kaltenborn,Ahrweiler,Rhénanie-Palatinat,RLP,Allemagne,DE
DE-07137209,Kaltenengers,Mayen-Koblenz,Rhénanie-Palatinat,RLP,Allemagne,DE
DE-07141065,Kaltenholzhausen,Rhein-Lahn-Kreis,Rhénanie-Palatinat,RLP,Allemagne,DE
DE-07143040,Kammerforst,Westerwaldkreis,Rhénanie-Palatinat,RLP,Allemagne,DE
DE-07141066,Kamp-Bornhofen,Rhein-Lahn-Kreis,Rhénanie-Palatinat,RLP,Allemagne,DE
DE-07334013,Kandel,Germersheim,Rhénanie-Palatinat,RLP,Allemagne,DE
FR-57356,Kanfen,Moselle,Lorraine,LOR,France,FR
DE-07235055,Kanzem,Trier-Saarburg,Rhénanie-Palatinat,RLP,Allemagne,DE
DE-07337045,Kapellen-Drusweiler,Südliche Weinstraße,Rhénanie-Palatinat,RLP,Allemagne,DE
DE-07233217,Kaperich,Vulkaneifel,Rhénanie-Palatinat,RLP,Allemagne,DE
DE-07140062,Kappel,Rhein-Hunsrück-Kreis,Rhénanie-Palatinat,RLP,Allemagne,DE
FR-57357,Kappelkinger,Moselle,Lorraine,LOR,France,FR
DE-07336049,Kappeln,Kusel,Rhénanie-Palatinat,RLP,Allemagne,DE
DE-07337046,Kapsweyer,Südliche Weinstraße,Rhénanie-Palatinat,RLP,Allemagne,DE
DE-07140063,Karbach,Rhein-Hunsrück-Kreis,Rhénanie-Palatinat,RLP,Allemagne,DE
DE-07231065,Karl,Bernkastel-Wittlich,Rhénanie-Palatinat,RLP,Allemagne,DE
DE-07232064,Karlshausen,Eifelkreis Bitburg-Prüm,Rhénanie-Palatinat,RLP,Allemagne,DE
DE-07138501,Kasbach-Ohlenberg,Neuwied,Rhénanie-Palatinat,RLP,Allemagne,DE
DE-07232065,Kaschenbach,Eifelkreis Bitburg-Prüm,Rhénanie-Palatinat,RLP,Allemagne,DE
DE-07141067,Kasdorf,Rhein-Lahn-Kreis,Rhénanie-Palatinat,RLP,Allemagne,DE
DE-07235056,Kasel,Trier-Saarburg,Rhénanie-Palatinat,RLP,Allemagne,DE
DE-07235057,Kastel-Staadt,Trier-Saarburg,Rhénanie-Palatinat,RLP,Allemagne,DE
DE-07140064,Kastellaun,Rhein-Hunsrück-Kreis,Rhénanie-Palatinat,RLP,Allemagne,DE
DE-07333037,Katzenbach,Donnersbergkreis,Rhénanie-Palatinat,RLP,Allemagne,DE
DE-07141068,Katzenelnbogen,Rhein-Lahn-Kreis,Rhénanie-Palatinat,RLP,Allemagne,DE
DE-07335017,Katzweiler,Kaiserslautern,Rhénanie-Palatinat,RLP,Allemagne,DE
DE-07233037,Katzwinkel,Vulkaneifel,Rhénanie-Palatinat,RLP,Allemagne,DE
DE-07132080,Katzwinkel (Sieg),Altenkirchen (Ww),Rhénanie-Palatinat,RLP,Allemagne,DE
DE-07141069,Kaub,Rhein-Lahn-Kreis,Rhénanie-Palatinat,RLP,Allemagne,DE
DE-07132059,Kausen,Altenkirchen (Ww),Rhénanie-Palatinat,RLP,Allemagne,DE
LU-0206,Kayl,Esch-sur-Alzette,Luxembourg,LUX,Luxembourg,LU
DE-07141070,Kehlbach,Rhein-Lahn-Kreis,Rhénanie-Palatinat,RLP,Allemagne,DE
LU-0105,Kehlen,Capellen,Luxembourg,LUX,Luxembourg,LU
DE-07137043,Kehrig,Mayen-Koblenz,Rhénanie-Palatinat,RLP,Allemagne,DE
DE-07140065,Keidelheim,Rhein-Hunsrück-Kreis,Rhénanie-Palatinat,RLP,Allemagne,DE
DE-07233218,Kelberg,Vulkaneifel,Rhénanie-Palatinat,RLP,Allemagne,DE
DE-07235058,Kell am See,Trier-Saarburg,Rhénanie-Palatinat,RLP,Allemagne,DE
DE-07133202,Kellenbach,Bad Kreuznach,Rhénanie-Palatinat,RLP,Allemagne,DE
BE-63040,Kelmis,Liège,Wallonie,WAL,Belgique,BE
DE-07141071,Kemmenau,Rhein-Lahn-Kreis,Rhénanie-Palatinat,RLP,Allemagne,DE
DE-07131502,Kempenich,Ahrweiler,Rhénanie-Palatinat,RLP,Allemagne,DE
DE-07134046,Kempfeld,Birkenfeld,Rhénanie-Palatinat,RLP,Allemagne,DE
FR-57359,Kemplich,Moselle,Lorraine,LOR,France,FR
DE-07235060,Kenn,Trier-Saarburg,Rhénanie-Palatinat,RLP,Allemagne,DE
DE-07232066,Keppeshausen,Eifelkreis Bitburg-Prüm,Rhénanie-Palatinat,RLP,Allemagne,DE
FR-57360,Kerbach,Moselle,Lorraine,LOR,France,FR
DE-07137048,Kerben,Mayen-Koblenz,Rhénanie-Palatinat,RLP,Allemagne,DE
FR-57361,Kerling-lès-Sierck,Moselle,Lorraine,LOR,France,FR
DE-07233038,Kerpen (Eifel),Vulkaneifel,Rhénanie-Palatinat,RLP,Allemagne,DE
FR-57362,Kerprich-aux-Bois,Moselle,Lorraine,LOR,France,FR
DE-07233219,Kerschenbach,Vulkaneifel,Rhénanie-Palatinat,RLP,Allemagne,DE
DE-07333038,Kerzenheim,Donnersbergkreis,Rhénanie-Palatinat,RLP,Allemagne,DE
DE-07132060,Kescheid,Altenkirchen (Ww),Rhénanie-Palatinat,RLP,Allemagne,DE
DE-07232247,Kesfeld,Eifelkreis Bitburg-Prüm,Rhénanie-Palatinat,RLP,Allemagne,DE
DE-07131039,Kesseling,Ahrweiler,Rhénanie-Palatinat,RLP,Allemagne,DE
DE-07231066,Kesten,Bernkastel-Wittlich,Rhénanie-Palatinat,RLP,Allemagne,DE
DE-07141072,Kestert,Rhein-Lahn-Kreis,Rhénanie-Palatinat,RLP,Allemagne,DE
DE-07132061,Kettenhausen,Altenkirchen (Ww),Rhénanie-Palatinat,RLP,Allemagne,DE
DE-07331042,Kettenheim,Alzey-Worms,Rhénanie-Palatinat,RLP,Allemagne,DE
DE-07137211,Kettig,Mayen-Koblenz,Rhénanie-Palatinat,RLP,Allemagne,DE
DE-07232248,Kickeshausen,Eifelkreis Bitburg-Prüm,Rhénanie-Palatinat,RLP,Allemagne,DE
LU-0805,Kiischpelt,Wiltz,Luxembourg,LUX,Luxembourg,LU
DE-07332029,Kindenheim,Bad Dürkheim,Rhénanie-Palatinat,RLP,Allemagne,DE
DE-07231067,Kinderbeuern,Bernkastel-Wittlich,Rhénanie-Palatinat,RLP,Allemagne,DE
DE-07335018,Kindsbach,Kaiserslautern,Rhénanie-Palatinat,RLP,Allemagne,DE
DE-07231068,Kinheim,Bernkastel-Wittlich,Rhénanie-Palatinat,RLP,Allemagne,DE
DE-07232249,Kinzenburg,Eifelkreis Bitburg-Prüm,Rhénanie-Palatinat,RLP,Allemagne,DE
DE-07143248,Kirburg,Westerwaldkreis,Rhénanie-Palatinat,RLP,Allemagne,DE
DE-07140067,Kirchberg (Hunsrück),Rhein-Hunsrück-Kreis,Rhénanie-Palatinat,RLP,Allemagne,DE
DE-07132062,Kircheib,Altenkirchen (Ww),Rhénanie-Palatinat,RLP,Allemagne,DE
DE-07132063,Kirchen (Sieg),Altenkirchen (Ww),Rhénanie-Palatinat,RLP,Allemagne,DE
DE-07332030,Kirchheim an der Weinstraße,Bad Dürkheim,Rhénanie-Palatinat,RLP,Allemagne,DE
DE-07333039,Kirchheimbolanden,Donnersbergkreis,Rhénanie-Palatinat,RLP,Allemagne,DE
DE-07131040,Kirchsahr,Ahrweiler,Rhénanie-Palatinat,RLP,Allemagne,DE
DE-07137049,Kirchwald,Mayen-Koblenz,Rhénanie-Palatinat,RLP,Allemagne,DE
DE-07233039,Kirchweiler,Vulkaneifel,Rhénanie-Palatinat,RLP,Allemagne,DE
DE-07235062,Kirf,Trier-Saarburg,Rhénanie-Palatinat,RLP,Allemagne,DE
DE-10045115,Kirkel,Saarpfalz-Kreis,Sarre,SL,Allemagne,DE
DE-07133052,Kirn,Bad Kreuznach,Rhénanie-Palatinat,RLP,Allemagne,DE
DE-07336050,Kirrweiler,Kusel,Rhénanie-Palatinat,RLP,Allemagne,DE
DE-07337047,Kirrweiler (Pfalz),Südliche Weinstraße,Rhénanie-Palatinat,RLP,Allemagne,DE
DE-07233220,Kirsbach,Vulkaneifel,Rhénanie-Palatinat,RLP,Allemagne,DE
FR-57364,Kirsch-lès-Sierck,Moselle,Lorraine,LOR,France,FR
FR-57365,Kirschnaumen,Moselle,Lorraine,LOR,France,FR
DE-07133053,Kirschroth,Bad Kreuznach,Rhénanie-Palatinat,RLP,Allemagne,DE
DE-07134047,Kirschweiler,Birkenfeld,Rhénanie-Palatinat,RLP,Allemagne,DE
FR-57366,Kirviller,Moselle,Lorraine,LOR,France,FR
DE-07140068,Kisselbach,Rhein-Hunsrück-Kreis,Rhénanie-Palatinat,RLP,Allemagne,DE
FR-57367,Klang,Moselle,Lorraine,LOR,France,FR
DE-07231069,Klausen,Bernkastel-Wittlich,Rhénanie-Palatinat,RLP,Allemagne,DE
DE-07339032,Klein-Winternheim,Mainz-Bingen,Rhénanie-Palatinat,RLP,Allemagne,DE
DE-10041514,Kleinblittersdorf,Saarbrücken,Sarre,SL,Allemagne,DE
DE-07340213,Kleinbundenbach,Südwestpfalz,Rhénanie-Palatinat,RLP,Allemagne,DE
DE-07337048,Kleinfischlingen,Südliche Weinstraße,Rhénanie-Palatinat,RLP,Allemagne,DE
DE-07231070,Kleinich,Bernkastel-Wittlich,Rhénanie-Palatinat,RLP,Allemagne,DE
DE-07332031,Kleinkarlbach,Bad Dürkheim,Rhénanie-Palatinat,RLP,Allemagne,DE
DE-07232250,Kleinlangenfeld,Eifelkreis Bitburg-Prüm,Rhénanie-Palatinat,RLP,Allemagne,DE
DE-07138034,Kleinmaischeid,Neuwied,Rhénanie-Palatinat,RLP,Allemagne,DE
DE-07338015,Kleinniedesheim,Rhein-Pfalz-Kreis,Rhénanie-Palatinat,RLP,Allemagne,DE
DE-07340214,Kleinsteinhausen,Südwestpfalz,Rhénanie-Palatinat,RLP,Allemagne,DE
DE-07135048,Kliding,Cochem-Zell,Rhénanie-Palatinat,RLP,Allemagne,DE
DE-07141073,Klingelbach,Rhein-Lahn-Kreis,Rhénanie-Palatinat,RLP,Allemagne,DE
DE-07337049,Klingenmünster,Südliche Weinstraße,Rhénanie-Palatinat,RLP,Allemagne,DE
DE-07140070,Klosterkumbd,Rhein-Hunsrück-Kreis,Rhénanie-Palatinat,RLP,Allemagne,DE
DE-07135049,Klotten,Cochem-Zell,Rhénanie-Palatinat,RLP,Allemagne,DE
DE-07140071,Kludenbach,Rhein-Hunsrück-Kreis,Rhénanie-Palatinat,RLP,Allemagne,DE
DE-07235063,Klüsserath,Trier-Saarburg,Rhénanie-Palatinat,RLP,Allemagne,DE
DE-07334014,Knittelsheim,Germersheim,Rhénanie-Palatinat,RLP,Allemagne,DE
DE-07340215,Knopp-Labach,Südwestpfalz,Rhénanie-Palatinat,RLP,Allemagne,DE
FR-57368,Knutange,Moselle,Lorraine,LOR,France,FR
DE-07337050,Knöringen,Südliche Weinstraße,Rhénanie-Palatinat,RLP,Allemagne,DE
DE-07137212,Kobern-Gondorf,Mayen-Koblenz,Rhénanie-Palatinat,RLP,Allemagne,DE
DE-07111000,Koblenz,Koblenz,Rhénanie-Palatinat,RLP,Allemagne,DE
LU-0106,Koerich,Capellen,Luxembourg,LUX,Luxembourg,LU
DE-07137053,Kollig,Mayen-Koblenz,Rhénanie-Palatinat,RLP,Allemagne,DE
DE-07335019,Kollweiler,Kaiserslautern,Rhénanie-Palatinat,RLP,Allemagne,DE
DE-07233222,Kolverath,Vulkaneifel,Rhénanie-Palatinat,RLP,Allemagne,DE
DE-07231071,Kommen,Bernkastel-Wittlich,Rhénanie-Palatinat,RLP,Allemagne,DE
DE-07336052,Konken,Kusel,Rhénanie-Palatinat,RLP,Allemagne,DE
DE-07235068,Konz,Trier-Saarburg,Rhénanie-Palatinat,RLP,Allemagne,DE
DE-07233223,Kopp,Vulkaneifel,Rhénanie-Palatinat,RLP,Allemagne,DE
LU-0107,Kopstal,Capellen,Luxembourg,LUX,Luxembourg,LU
DE-07235069,Kordel,Trier-Saarburg,Rhénanie-Palatinat,RLP,Allemagne,DE
DE-07235070,Korlingen,Trier-Saarburg,Rhénanie-Palatinat,RLP,Allemagne,DE
DE-07140073,Korweiler,Rhein-Hunsrück-Kreis,Rhénanie-Palatinat,RLP,Allemagne,DE
DE-07131042,Kottenborn,Ahrweiler,Rhénanie-Palatinat,RLP,Allemagne,DE
DE-07137055,Kottenheim,Mayen-Koblenz,Rhénanie-Palatinat,RLP,Allemagne,DE
DE-07335020,Kottweiler-Schwanden,Kaiserslautern,Rhénanie-Palatinat,RLP,Allemagne,DE
DE-07232068,Koxhausen,Eifelkreis Bitburg-Prüm,Rhénanie-Palatinat,RLP,Allemagne,DE
DE-07132064,Kraam,Altenkirchen (Ww),Rhénanie-Palatinat,RLP,Allemagne,DE
DE-07233040,Kradenbach,Vulkaneifel,Rhénanie-Palatinat,RLP,Allemagne,DE
DE-07140075,Kratzenburg,Rhein-Hunsrück-Kreis,Rhénanie-Palatinat,RLP,Allemagne,DE
DE-07232253,Krautscheid,Eifelkreis Bitburg-Prüm,Rhénanie-Palatinat,RLP,Allemagne,DE
DE-07336053,Kreimbach-Kaulbach,Kusel,Rhénanie-Palatinat,RLP,Allemagne,DE
DE-07137056,Kretz,Mayen-Koblenz,Rhénanie-Palatinat,RLP,Allemagne,DE
DE-07335021,Krickenbach,Kaiserslautern,Rhénanie-Palatinat,RLP,Allemagne,DE
DE-07333040,Kriegsfeld,Donnersbergkreis,Rhénanie-Palatinat,RLP,Allemagne,DE
DE-07134048,Kronweiler,Birkenfeld,Rhénanie-Palatinat,RLP,Allemagne,DE
DE-07143250,Kroppach,Westerwaldkreis,Rhénanie-Palatinat,RLP,Allemagne,DE
DE-07336054,Krottelbach,Kusel,Rhénanie-Palatinat,RLP,Allemagne,DE
DE-07232069,Kruchten,Eifelkreis Bitburg-Prüm,Rhénanie-Palatinat,RLP,Allemagne,DE
DE-07137057,Kruft,Mayen-Koblenz,Rhénanie-Palatinat,RLP,Allemagne,DE
DE-07134049,Krummenau,Birkenfeld,Rhénanie-Palatinat,RLP,Allemagne,DE
DE-07132065,Krunkel,Altenkirchen (Ww),Rhénanie-Palatinat,RLP,Allemagne,DE
DE-07340216,Krähenberg,Südwestpfalz,Rhénanie-Palatinat,RLP,Allemagne,DE
DE-07340026,Kröppen,Südwestpfalz,Rhénanie-Palatinat,RLP,Allemagne,DE
DE-07231072,Kröv,Bernkastel-Wittlich,Rhénanie-Palatinat,RLP,Allemagne,DE
DE-07143041,Krümmel,Westerwaldkreis,Rhénanie-Palatinat,RLP,Allemagne,DE
DE-07334015,Kuhardt,Germersheim,Rhénanie-Palatinat,RLP,Allemagne,DE
DE-07143251,Kuhnhöfen,Westerwaldkreis,Rhénanie-Palatinat,RLP,Allemagne,DE
DE-07143252,Kundert,Westerwaldkreis,Rhénanie-Palatinat,RLP,Allemagne,DE
FR-57372,Kuntzig,Moselle,Lorraine,LOR,France,FR
DE-07138036,Kurtscheid,Neuwied,Rhénanie-Palatinat,RLP,Allemagne,DE
DE-07336055,Kusel,Kusel,Rhénanie-Palatinat,RLP,Allemagne,DE
DE-07232070,Kyllburg,Eifelkreis Bitburg-Prüm,Rhénanie-Palatinat,RLP,Allemagne,DE
DE-07232071,Kyllburgweiler,Eifelkreis Bitburg-Prüm,Rhénanie-Palatinat,RLP,Allemagne,DE
LU-0104,Käerjeng,Capellen,Luxembourg,LUX,Luxembourg,LU
DE-07340212,Käshofen,Südwestpfalz,Rhénanie-Palatinat,RLP,Allemagne,DE
FR-57358,Kédange-sur-Canner,Moselle,Lorraine,LOR,France,FR
DE-07143249,Kölbingen,Westerwaldkreis,Rhénanie-Palatinat,RLP,Allemagne,DE
DE-07339033,Köngernheim,Mainz-Bingen,Rhénanie-Palatinat,RLP,Allemagne,DE
DE-07133203,Königsau,Bad Kreuznach,Rhénanie-Palatinat,RLP,Allemagne,DE
DE-07131041,Königsfeld,Ahrweiler,Rhénanie-Palatinat,RLP,Allemagne,DE
DE-07336051,Körborn,Kusel,Rhénanie-Palatinat,RLP,Allemagne,DE
DE-07141074,Kördorf,Rhein-Lahn-Kreis,Rhénanie-Palatinat,RLP,Allemagne,DE
DE-07232067,Körperich,Eifelkreis Bitburg-Prüm,Rhénanie-Palatinat,RLP,Allemagne,DE
DE-07233221,Kötterichen,Vulkaneifel,Rhénanie-Palatinat,RLP,Allemagne,DE
DE-07235067,Köwerich,Trier-Saarburg,Rhénanie-Palatinat,RLP,Allemagne,DE
DE-07140076,Külz (Hunsrück),Rhein-Hunsrück-Kreis,Rhénanie-Palatinat,RLP,Allemagne,DE
DE-07140077,Kümbdchen,Rhein-Hunsrück-Kreis,Rhénanie-Palatinat,RLP,Allemagne,DE
FR-57370,Kœnigsmacker,Moselle,Lorraine,LOR,France,FR
FR-55263,Kœur-la-Grande,Meuse,Lorraine,LOR,France,FR
FR-55264,Kœur-la-Petite,Meuse,Lorraine,LOR,France,FR
FR-57336,L'Hôpital,Moselle,Lorraine,LOR,France,FR
FR-55296,L'Isle-en-Rigault,Meuse,Lorraine,LOR,France,FR
FR-88028,La Baffe,Vosges,Lorraine,LOR,France,FR
FR-88068,La Bourgonce,Vosges,Lorraine,LOR,France,FR
FR-88075,La Bresse,Vosges,Lorraine,LOR,France,FR
BE-92141,La Bruyère,Namur,Wallonie,WAL,Belgique,BE
FR-88088,La Chapelle-aux-Bois,Vosges,Lorraine,LOR,France,FR
FR-88089,La Chapelle-devant-Bruyères,Vosges,Lorraine,LOR,France,FR
FR-88120,La Croix-aux-Mines,Vosges,Lorraine,LOR,France,FR
FR-88177,La Forge,Vosges,Lorraine,LOR,France,FR
FR-88213,La Grande-Fosse,Vosges,Lorraine,LOR,France,FR
FR-88236,La Haye,Vosges,Lorraine,LOR,France,FR
FR-88244,La Houssière,Vosges,Lorraine,LOR,France,FR
BE-25050,La Hulpe,Brabant wallon,Wallonie,WAL,Belgique,BE
BE-58001,La Louvière,Hainaut,Wallonie,WAL,Belgique,BE
FR-57452,La Maxe,Moselle,Lorraine,LOR,France,FR
FR-88322,La Neuveville-devant-Lépanges,Vosges,Lorraine,LOR,France,FR
FR-88324,La Neuveville-sous-Châtenois,Vosges,Lorraine,LOR,France,FR
FR-88325,La Neuveville-sous-Montfort,Vosges,Lorraine,LOR,France,FR
FR-88345,La Petite-Fosse,Vosges,Lorraine,LOR,France,FR
FR-88346,La Petite-Raon,Vosges,Lorraine,LOR,France,FR
BE-83031,La Roche-en-Ardenne,Luxembourg,Wallonie,WAL,Belgique,BE
FR-88438,La Salle,Vosges,Lorraine,LOR,France,FR
FR-88485,La Vacheresse-et-la-Rouillie,Vosges,Lorraine,LOR,France,FR
FR-88519,La Voivre,Vosges,Lorraine,LOR,France,FR
FR-88029,La Vôge-les-Bains,Vosges,Lorraine,LOR,France,FR
FR-55265,Labeuville,Meuse,Lorraine,LOR,France,FR
FR-54286,Labry,Meurthe-et-Moselle,Lorraine,LOR,France,FR
LU-0806,Lac de la Haute Sûre,Wiltz,Luxembourg,LUX,Luxembourg,LU
FR-55266,Lachalade,Meuse,Lorraine,LOR,France,FR
FR-57373,Lachambre,Moselle,Lorraine,LOR,France,FR
FR-54287,Lachapelle,Meurthe-et-Moselle,Lorraine,LOR,France,FR
FR-55267,Lachaussée,Meuse,Lorraine,LOR,France,FR
FR-55268,Lacroix-sur-Meuse,Meuse,Lorraine,LOR,France,FR
FR-57374,Lafrimbolle,Moselle,Lorraine,LOR,France,FR
FR-57375,Lagarde,Moselle,Lorraine,LOR,France,FR
FR-54288,Lagney,Meurthe-et-Moselle,Lorraine,LOR,France,FR
FR-55269,Lahaymeix,Meuse,Lorraine,LOR,France,FR
FR-55270,Lahayville,Meuse,Lorraine,LOR,France,FR
FR-55271,Laheycourt,Meuse,Lorraine,LOR,France,FR
DE-07141075,Lahnstein,Rhein-Lahn-Kreis,Rhénanie-Palatinat,RLP,Allemagne,DE
DE-07232072,Lahr (Eifelkreis Bitburg-Prüm),Eifelkreis Bitburg-Prüm,Rhénanie-Palatinat,RLP,Allemagne,DE
DE-07140502,Lahr (Rhein-Hunsrück-Kreis),Rhein-Hunsrück-Kreis,Rhénanie-Palatinat,RLP,Allemagne,DE
FR-55272,Laimont,Meuse,Lorraine,LOR,France,FR
FR-54290,Laix,Meurthe-et-Moselle,Lorraine,LOR,France,FR
FR-54291,Lalœuf,Meurthe-et-Moselle,Lorraine,LOR,France,FR
FR-88258,Lamarche,Vosges,Lorraine,LOR,France,FR
FR-54292,Lamath,Meurthe-et-Moselle,Lorraine,LOR,France,FR
FR-57376,Lambach,Moselle,Lorraine,LOR,France,FR
DE-07232254,Lambertsberg,Eifelkreis Bitburg-Prüm,Rhénanie-Palatinat,RLP,Allemagne,DE
DE-07332032,Lambrecht (Pfalz),Bad Dürkheim,Rhénanie-Palatinat,RLP,Allemagne,DE
DE-07335201,Lambsborn,Kaiserslautern,Rhénanie-Palatinat,RLP,Allemagne,DE
DE-07338016,Lambsheim,Rhein-Pfalz-Kreis,Rhénanie-Palatinat,RLP,Allemagne,DE
FR-55274,Lamorville,Meuse,Lorraine,LOR,France,FR
FR-55275,Lamouilly,Meuse,Lorraine,LOR,France,FR
DE-07235072,Lampaden,Trier-Saarburg,Rhénanie-Palatinat,RLP,Allemagne,DE
FR-57377,Landange,Moselle,Lorraine,LOR,France,FR
DE-07313000,Landau in der Pfalz,Südliche Weinstraße,Rhénanie-Palatinat,RLP,Allemagne,DE
FR-88259,Landaville,Vosges,Lorraine,LOR,France,FR
DE-07135051,Landkern,Cochem-Zell,Rhénanie-Palatinat,RLP,Allemagne,DE
FR-55276,Landrecourt-Lempire,Meuse,Lorraine,LOR,France,FR
FR-54294,Landremont,Meurthe-et-Moselle,Lorraine,LOR,France,FR
FR-54295,Landres,Meurthe-et-Moselle,Lorraine,LOR,France,FR
FR-57379,Landroff,Moselle,Lorraine,LOR,France,FR
DE-07231503,Landscheid,Bernkastel-Wittlich,Rhénanie-Palatinat,RLP,Allemagne,DE
DE-07335022,Landstuhl,Kaiserslautern,Rhénanie-Palatinat,RLP,Allemagne,DE
FR-54293,Landécourt,Meurthe-et-Moselle,Lorraine,LOR,France,FR
FR-54296,Laneuvelotte,Meurthe-et-Moselle,Lorraine,LOR,France,FR
FR-54297,Laneuveville-aux-Bois,Meurthe-et-Moselle,Lorraine,LOR,France,FR
FR-54298,Laneuveville-derrière-Foug,Meurthe-et-Moselle,Lorraine,LOR,France,FR
FR-54299,Laneuveville-devant-Bayon,Meurthe-et-Moselle,Lorraine,LOR,France,FR
FR-54300,Laneuveville-devant-Nancy,Meurthe-et-Moselle,Lorraine,LOR,France,FR
FR-57381,Laneuveville-en-Saulnois,Moselle,Lorraine,LOR,France,FR
FR-57380,Laneuveville-lès-Lorquin,Moselle,Lorraine,LOR,France,FR
FR-55278,Laneuville-au-Rupt,Meuse,Lorraine,LOR,France,FR
FR-55279,Laneuville-sur-Meuse,Meuse,Lorraine,LOR,France,FR
FR-54301,Lanfroicourt,Meurthe-et-Moselle,Lorraine,LOR,France,FR
FR-57382,Langatte,Moselle,Lorraine,LOR,France,FR
DE-07336056,Langenbach,Kusel,Rhénanie-Palatinat,RLP,Allemagne,DE
DE-07143253,Langenbach bei Kirburg,Westerwaldkreis,Rhénanie-Palatinat,RLP,Allemagne,DE
DE-07137060,Langenfeld,Mayen-Koblenz,Rhénanie-Palatinat,RLP,Allemagne,DE
DE-07143254,Langenhahn,Westerwaldkreis,Rhénanie-Palatinat,RLP,Allemagne,DE
DE-07133054,Langenlonsheim,Bad Kreuznach,Rhénanie-Palatinat,RLP,Allemagne,DE
DE-07141076,Langenscheid,Rhein-Lahn-Kreis,Rhénanie-Palatinat,RLP,Allemagne,DE
DE-07133055,Langenthal,Bad Kreuznach,Rhénanie-Palatinat,RLP,Allemagne,DE
FR-88260,Langley,Vosges,Lorraine,LOR,France,FR
DE-07137061,Langscheid,Mayen-Koblenz,Rhénanie-Palatinat,RLP,Allemagne,DE
DE-07235073,Langsur,Trier-Saarburg,Rhénanie-Palatinat,RLP,Allemagne,DE
FR-57383,Languimberg,Moselle,Lorraine,LOR,France,FR
DE-07134502,Langweiler (Birkenfeld),Birkenfeld,Rhénanie-Palatinat,RLP,Allemagne,DE
DE-07336057,Langweiler (Kusel),Kusel,Rhénanie-Palatinat,RLP,Allemagne,DE
DE-07335202,Langwieden,Kaiserslautern,Rhénanie-Palatinat,RLP,Allemagne,DE
FR-55280,Lanhères,Meuse,Lorraine,LOR,France,FR
FR-57384,Laning,Moselle,Lorraine,LOR,France,FR
FR-54302,Lantéfontaine,Meurthe-et-Moselle,Lorraine,LOR,France,FR
FR-57385,Laquenexy,Moselle,Lorraine,LOR,France,FR
LU-0406,Larochette,Mersch,Luxembourg,LUX,Luxembourg,LU
FR-54303,Laronxe,Meurthe-et-Moselle,Lorraine,LOR,France,FR
DE-07232255,Lascheid,Eifelkreis Bitburg-Prüm,Rhénanie-Palatinat,RLP,Allemagne,DE
DE-07232256,Lasel,Eifelkreis Bitburg-Prüm,Rhénanie-Palatinat,RLP,Allemagne,DE
BE-25119,Lasne,Brabant wallon,Wallonie,WAL,Belgique,BE
FR-55281,Latour-en-Woëvre,Meuse,Lorraine,LOR,France,FR
DE-07135052,Laubach (Cochem-Zell),Cochem-Zell,Rhénanie-Palatinat,RLP,Allemagne,DE
DE-07140079,Laubach (Rhein-Hunsrück-Kreis),Rhein-Hunsrück-Kreis,Rhénanie-Palatinat,RLP,Allemagne,DE
DE-07133056,Laubenheim,Bad Kreuznach,Rhénanie-Palatinat,RLP,Allemagne,DE
DE-07140080,Laudert,Rhein-Hunsrück-Kreis,Rhénanie-Palatinat,RLP,Allemagne,DE
FR-57386,Laudrefang,Moselle,Lorraine,LOR,France,FR
DE-07231074,Laufeld,Bernkastel-Wittlich,Rhénanie-Palatinat,RLP,Allemagne,DE
DE-07140081,Laufersweiler,Rhein-Hunsrück-Kreis,Rhénanie-Palatinat,RLP,Allemagne,DE
DE-07332033,Laumersheim,Bad Dürkheim,Rhénanie-Palatinat,RLP,Allemagne,DE
FR-57387,Laumesfeld,Moselle,Lorraine,LOR,France,FR
FR-57388,Launstroff,Moselle,Lorraine,LOR,France,FR
DE-07232258,Lauperath,Eifelkreis Bitburg-Prüm,Rhénanie-Palatinat,RLP,Allemagne,DE
DE-07141077,Laurenburg,Rhein-Lahn-Kreis,Rhénanie-Palatinat,RLP,Allemagne,DE
DE-07133057,Lauschied,Bad Kreuznach,Rhénanie-Palatinat,RLP,Allemagne,DE
DE-07336058,Lauterecken,Kusel,Rhénanie-Palatinat,RLP,Allemagne,DE
DE-07333041,Lautersheim,Donnersbergkreis,Rhénanie-Palatinat,RLP,Allemagne,DE
DE-07141078,Lautert,Rhein-Lahn-Kreis,Rhénanie-Palatinat,RLP,Allemagne,DE
DE-07143255,Lautzenbrücken,Westerwaldkreis,Rhénanie-Palatinat,RLP,Allemagne,DE
DE-07140082,Lautzenhausen,Rhein-Hunsrück-Kreis,Rhénanie-Palatinat,RLP,Allemagne,DE
FR-88261,Laval-sur-Vologne,Vosges,Lorraine,LOR,France,FR
FR-55282,Lavallée,Meuse,Lorraine,LOR,France,FR
FR-88262,Laveline-devant-Bruyères,Vosges,Lorraine,LOR,France,FR
FR-88263,Laveline-du-Houx,Vosges,Lorraine,LOR,France,FR
FR-55284,Lavincourt,Meuse,Lorraine,LOR,France,FR
FR-55285,Lavoye,Meuse,Lorraine,LOR,France,FR
FR-54304,Laxou,Meurthe-et-Moselle,Lorraine,LOR,France,FR
FR-54305,Lay-Saint-Christophe,Meurthe-et-Moselle,Lorraine,LOR,France,FR
FR-54306,Lay-Saint-Remy,Meurthe-et-Moselle,Lorraine,LOR,France,FR
FR-54289,Laître-sous-Amance,Meurthe-et-Moselle,Lorraine,LOR,France,FR
FR-57049,Le Ban-Saint-Martin,Moselle,Lorraine,LOR,France,FR
FR-88057,Le Beulay,Vosges,Lorraine,LOR,France,FR
FR-55061,Le Bouchon-sur-Saulx,Meuse,Lorraine,LOR,France,FR
FR-55116,Le Claon,Meuse,Lorraine,LOR,France,FR
FR-88108,Le Clerjus,Vosges,Lorraine,LOR,France,FR
FR-88306,Le Mont,Vosges,Lorraine,LOR,France,FR
FR-88302,Le Ménil,Vosges,Lorraine,LOR,France,FR
FR-55379,Le Neufour,Meuse,Lorraine,LOR,France,FR
FR-88362,Le Puid,Vosges,Lorraine,LOR,France,FR
BE-55035,Le Roeulx,Hainaut,Wallonie,WAL,Belgique,BE
FR-88399,Le Roulier,Vosges,Lorraine,LOR,France,FR
FR-88444,Le Saulcy,Vosges,Lorraine,LOR,France,FR
FR-88462,Le Syndicat,Vosges,Lorraine,LOR,France,FR
FR-88468,Le Thillot,Vosges,Lorraine,LOR,France,FR
FR-88470,Le Tholy,Vosges,Lorraine,LOR,France,FR
FR-88487,Le Val-d'Ajol,Vosges,Lorraine,LOR,France,FR
FR-57267,Le Val-de-Guéblange,Moselle,Lorraine,LOR,France,FR
FR-88492,Le Valtin,Vosges,Lorraine,LOR,France,FR
FR-88501,Le Vermont,Vosges,Lorraine,LOR,France,FR
DE-10044112,Lebach,Saarlouis,Sarre,SL,Allemagne,DE
FR-54307,Lebeuville,Meurthe-et-Moselle,Lorraine,LOR,France,FR
DE-07137504,Lehmen,Mayen-Koblenz,Rhénanie-Palatinat,RLP,Allemagne,DE
DE-07232259,Leidenborn,Eifelkreis Bitburg-Prüm,Rhénanie-Palatinat,RLP,Allemagne,DE
DE-07135502,Leienkaul,Cochem-Zell,Rhénanie-Palatinat,RLP,Allemagne,DE
DE-07131044,Leimbach (Ahrweiler),Ahrweiler,Rhénanie-Palatinat,RLP,Allemagne,DE
DE-07232073,Leimbach (Eifelkreis Bitburg-Prüm),Eifelkreis Bitburg-Prüm,Rhénanie-Palatinat,RLP,Allemagne,DE
DE-07340027,Leimen,Südwestpfalz,Rhénanie-Palatinat,RLP,Allemagne,DE
DE-07334016,Leimersheim,Germersheim,Rhénanie-Palatinat,RLP,Allemagne,DE
DE-07140084,Leiningen,Rhein-Hunsrück-Kreis,Rhénanie-Palatinat,RLP,Allemagne,DE
DE-07337051,Leinsweiler,Südliche Weinstraße,Rhénanie-Palatinat,RLP,Allemagne,DE
FR-54308,Leintrey,Meurthe-et-Moselle,Lorraine,LOR,France,FR
DE-07134050,Leisel,Birkenfeld,Rhénanie-Palatinat,RLP,Allemagne,DE
DE-07134051,Leitzweiler,Birkenfeld,Rhénanie-Palatinat,RLP,Allemagne,DE
DE-07235074,Leiwen,Trier-Saarburg,Rhénanie-Palatinat,RLP,Allemagne,DE
FR-57389,Lelling,Moselle,Lorraine,LOR,France,FR
FR-54309,Lemainville,Meurthe-et-Moselle,Lorraine,LOR,France,FR
FR-57390,Lemberg (Moselle),Moselle,Lorraine,LOR,France,FR
DE-07340028,Lemberg (Südwestpfalz),Südwestpfalz,Rhénanie-Palatinat,RLP,Allemagne,DE
FR-88265,Lemmecourt,Vosges,Lorraine,LOR,France,FR
FR-55286,Lemmes,Meuse,Lorraine,LOR,France,FR
FR-57391,Lemoncourt,Moselle,Lorraine,LOR,France,FR
FR-57392,Lemud,Moselle,Lorraine,LOR,France,FR
FR-54310,Leménil-Mitry,Meurthe-et-Moselle,Lorraine,LOR,France,FR
FR-57393,Lengelsheim,Moselle,Lorraine,LOR,France,FR
LU-1203,Lenningen,Remich,Luxembourg,LUX,Luxembourg,LU
FR-54311,Lenoncourt,Meurthe-et-Moselle,Lorraine,LOR,France,FR
BE-53046,Lens,Hainaut,Wallonie,WAL,Belgique,BE
FR-88267,Lerrain,Vosges,Lorraine,LOR,France,FR
FR-88001,Les Ableuvenettes,Vosges,Lorraine,LOR,France,FR
FR-54048,Les Baroches,Meurthe-et-Moselle,Lorraine,LOR,France,FR
BE-52075,Les Bons Villers,Hainaut,Wallonie,WAL,Belgique,BE
FR-88178,Les Forges,Vosges,Lorraine,LOR,France,FR
FR-55123,Les Hauts-de-Chée,Meuse,Lorraine,LOR,France,FR
FR-55253,Les Islettes,Meuse,Lorraine,LOR,France,FR
FR-55347,Les Monthairons,Meuse,Lorraine,LOR,France,FR
FR-55401,Les Paroches,Meuse,Lorraine,LOR,France,FR
FR-88356,Les Poulières,Vosges,Lorraine,LOR,France,FR
FR-55436,Les Roises,Meuse,Lorraine,LOR,France,FR
FR-88398,Les Rouges-Eaux,Vosges,Lorraine,LOR,France,FR
FR-55497,Les Souhesmes-Rampont,Meuse,Lorraine,LOR,France,FR
FR-88471,Les Thons,Vosges,Lorraine,LOR,France,FR
FR-55254,Les Trois-Domaines,Meuse,Lorraine,LOR,France,FR
FR-88491,Les Vallois,Vosges,Lorraine,LOR,France,FR
FR-88520,Les Voivres,Vosges,Lorraine,LOR,France,FR
FR-55172,Les Éparges,Meuse,Lorraine,LOR,France,FR
FR-57200,Les Étangs,Moselle,Lorraine,LOR,France,FR
FR-54312,Lesménils,Meurthe-et-Moselle,Lorraine,LOR,France,FR
FR-57395,Lesse,Moselle,Lorraine,LOR,France,FR
FR-88268,Lesseux,Vosges,Lorraine,LOR,France,FR
BE-51069,Lessines,Hainaut,Wallonie,WAL,Belgique,BE
FR-57396,Lessy,Moselle,Lorraine,LOR,France,FR
DE-07133058,Lettweiler,Bad Kreuznach,Rhénanie-Palatinat,RLP,Allemagne,DE
DE-07138037,Leubsdorf,Neuwied,Rhénanie-Palatinat,RLP,Allemagne,DE
LU-0207,Leudelange,Esch-sur-Alzette,Luxembourg,LUX,Luxembourg,LU
DE-07143042,Leuterod,Westerwaldkreis,Rhénanie-Palatinat,RLP,Allemagne,DE
DE-07138038,Leutesdorf,Neuwied,Rhénanie-Palatinat,RLP,Allemagne,DE
BE-57094,Leuze-en-Hainaut,Hainaut,Wallonie,WAL,Belgique,BE
FR-55289,Levoncourt,Meuse,Lorraine,LOR,France,FR
FR-54314,Lexy,Meurthe-et-Moselle,Lorraine,LOR,France,FR
FR-57397,Ley,Moselle,Lorraine,LOR,France,FR
FR-54315,Leyr,Meurthe-et-Moselle,Lorraine,LOR,France,FR
FR-57398,Leyviller,Moselle,Lorraine,LOR,France,FR
FR-57399,Lezey,Moselle,Lorraine,LOR,France,FR
FR-57410,Lhor,Moselle,Lorraine,LOR,France,FR
BE-84035,Libin,Luxembourg,Wallonie,WAL,Belgique,BE
BE-84077,Libramont-Chevigny,Luxembourg,Wallonie,WAL,Belgique,BE
DE-07232260,Lichtenborn,Eifelkreis Bitburg-Prüm,Rhénanie-Palatinat,RLP,Allemagne,DE
FR-57401,Lidrezing,Moselle,Lorraine,LOR,France,FR
DE-07143256,Liebenscheid,Westerwaldkreis,Rhénanie-Palatinat,RLP,Allemagne,DE
DE-07140085,Liebshausen,Rhein-Hunsrück-Kreis,Rhénanie-Palatinat,RLP,Allemagne,DE
FR-57402,Liederschiedt,Moselle,Lorraine,LOR,France,FR
DE-07135053,Lieg,Cochem-Zell,Rhénanie-Palatinat,RLP,Allemagne,DE
DE-07232261,Lierfeld,Eifelkreis Bitburg-Prüm,Rhénanie-Palatinat,RLP,Allemagne,DE
BE-63045,Lierneux,Liège,Wallonie,WAL,Belgique,BE
DE-07141079,Lierschied,Rhein-Lahn-Kreis,Rhénanie-Palatinat,RLP,Allemagne,DE
DE-07135054,Liesenich,Cochem-Zell,Rhénanie-Palatinat,RLP,Allemagne,DE
DE-07231075,Lieser,Bernkastel-Wittlich,Rhénanie-Palatinat,RLP,Allemagne,DE
DE-07232074,Ließem,Eifelkreis Bitburg-Prüm,Rhénanie-Palatinat,RLP,Allemagne,DE
FR-88270,Liffol-le-Grand,Vosges,Lorraine,LOR,France,FR
FR-55290,Lignières-sur-Aire,Meuse,Lorraine,LOR,France,FR
FR-55291,Ligny-en-Barrois,Meuse,Lorraine,LOR,France,FR
FR-88271,Lignéville,Vosges,Lorraine,LOR,France,FR
DE-07133059,Limbach (Bad Kreuznach),Bad Kreuznach,Rhénanie-Palatinat,RLP,Allemagne,DE
DE-07143257,Limbach (Westerwaldkreis),Westerwaldkreis,Rhénanie-Palatinat,RLP,Allemagne,DE
BE-63046,Limbourg,Liège,Wallonie,WAL,Belgique,BE
DE-07338017,Limburgerhof,Rhein-Pfalz-Kreis,Rhénanie-Palatinat,RLP,Allemagne,DE
FR-54316,Limey-Remenauville,Meurthe-et-Moselle,Lorraine,LOR,France,FR
BE-64047,Lincent,Liège,Wallonie,WAL,Belgique,BE
DE-07131047,Lind (Ahrweiler),Ahrweiler,Rhénanie-Palatinat,RLP,Allemagne,DE
DE-07137063,Lind (Mayen-Koblenz),Mayen-Koblenz,Rhénanie-Palatinat,RLP,Allemagne,DE
DE-07335023,Linden (Kaiserslautern),Kaiserslautern,Rhénanie-Palatinat,RLP,Allemagne,DE
DE-07143258,Linden (Westerwaldkreis),Westerwaldkreis,Rhénanie-Palatinat,RLP,Allemagne,DE
DE-07332034,Lindenberg,Bad Dürkheim,Rhénanie-Palatinat,RLP,Allemagne,DE
DE-07140086,Lindenschied,Rhein-Hunsrück-Kreis,Rhénanie-Palatinat,RLP,Allemagne,DE
FR-57404,Lindre-Basse,Moselle,Lorraine,LOR,France,FR
FR-57405,Lindre-Haute,Moselle,Lorraine,LOR,France,FR
DE-07334017,Lingenfeld,Germersheim,Rhénanie-Palatinat,RLP,Allemagne,DE
DE-07140087,Lingerhahn,Rhein-Hunsrück-Kreis,Rhénanie-Palatinat,RLP,Allemagne,DE
DE-07138040,Linkenbach,Neuwied,Rhénanie-Palatinat,RLP,Allemagne,DE
LU-0407,Lintgen,Mersch,Luxembourg,LUX,Luxembourg,LU
FR-55292,Liny-devant-Dun,Meuse,Lorraine,LOR,France,FR
DE-07138041,Linz am Rhein,Neuwied,Rhénanie-Palatinat,RLP,Allemagne,DE
FR-57406,Liocourt,Moselle,Lorraine,LOR,France,FR
FR-55293,Lion-devant-Dun,Meuse,Lorraine,LOR,France,FR
DE-07141080,Lipporn,Rhein-Lahn-Kreis,Rhénanie-Palatinat,RLP,Allemagne,DE
FR-88272,Lironcourt,Vosges,Lorraine,LOR,France,FR
FR-54317,Lironville,Meurthe-et-Moselle,Lorraine,LOR,France,FR
DE-07233224,Lirstal,Vulkaneifel,Rhénanie-Palatinat,RLP,Allemagne,DE
FR-55295,Lisle-en-Barrois,Meuse,Lorraine,LOR,France,FR
DE-07233041,Lissendorf,Vulkaneifel,Rhénanie-Palatinat,RLP,Allemagne,DE
FR-55297,Lissey,Meuse,Lorraine,LOR,France,FR
FR-54318,Liverdun,Meurthe-et-Moselle,Lorraine,LOR,France,FR
FR-57407,Lixheim,Moselle,Lorraine,LOR,France,FR
FR-57408,Lixing-lès-Rouhling,Moselle,Lorraine,LOR,France,FR
FR-57409,Lixing-lès-Saint-Avold,Moselle,Lorraine,LOR,France,FR
BE-62063,Liège,Liège,Wallonie,WAL,Belgique,BE
FR-57403,Liéhon,Moselle,Lorraine,LOR,France,FR
FR-88269,Liézey,Vosges,Lorraine,LOR,France,FR
BE-56044,Lobbes,Hainaut,Wallonie,WAL,Belgique,BE
DE-07143259,Lochum,Westerwaldkreis,Rhénanie-Palatinat,RLP,Allemagne,DE
DE-07333042,Lohnsfeld,Donnersbergkreis,Rhénanie-Palatinat,RLP,Allemagne,DE
DE-07336060,Lohnweiler,Kusel,Rhénanie-Palatinat,RLP,Allemagne,DE
DE-07141081,Lohrheim,Rhein-Lahn-Kreis,Rhénanie-Palatinat,RLP,Allemagne,DE
FR-55298,Loisey,Meuse,Lorraine,LOR,France,FR
FR-55299,Loison,Meuse,Lorraine,LOR,France,FR
FR-54320,Loisy,Meurthe-et-Moselle,Lorraine,LOR,France,FR
DE-07141082,Lollschied,Rhein-Lahn-Kreis,Rhénanie-Palatinat,RLP,Allemagne,DE
FR-57411,Lommerange,Moselle,Lorraine,LOR,France,FR
FR-88273,Longchamp,Vosges,Lorraine,LOR,France,FR
FR-88274,Longchamp-sous-Châtenois,Vosges,Lorraine,LOR,France,FR
FR-55301,Longchamps-sur-Aire,Meuse,Lorraine,LOR,France,FR
FR-55300,Longeaux,Meuse,Lorraine,LOR,France,FR
DE-07235077,Longen,Trier-Saarburg,Rhénanie-Palatinat,RLP,Allemagne,DE
FR-55302,Longeville-en-Barrois,Meuse,Lorraine,LOR,France,FR
FR-57412,Longeville-lès-Metz,Moselle,Lorraine,LOR,France,FR
FR-57413,Longeville-lès-Saint-Avold,Moselle,Lorraine,LOR,France,FR
DE-07231077,Longkamp,Bernkastel-Wittlich,Rhénanie-Palatinat,RLP,Allemagne,DE
FR-54321,Longlaville,Meurthe-et-Moselle,Lorraine,LOR,France,FR
DE-07235078,Longuich,Trier-Saarburg,Rhénanie-Palatinat,RLP,Allemagne,DE
FR-54322,Longuyon,Meurthe-et-Moselle,Lorraine,LOR,France,FR
FR-54323,Longwy,Meurthe-et-Moselle,Lorraine,LOR,France,FR
DE-07137065,Lonnig,Mayen-Koblenz,Rhénanie-Palatinat,RLP,Allemagne,DE
DE-07331043,Lonsheim,Alzey-Worms,Rhénanie-Palatinat,RLP,Allemagne,DE
BE-63048,Lontzen,Liège,Wallonie,WAL,Belgique,BE
LU-0408,Lorentzweiler,Mersch,Luxembourg,LUX,Luxembourg,LU
FR-54324,Lorey,Meurthe-et-Moselle,Lorraine,LOR,France,FR
FR-54325,Loromontzey,Meurthe-et-Moselle,Lorraine,LOR,France,FR
FR-57414,Lorquin,Moselle,Lorraine,LOR,France,FR
FR-57415,Lorry-lès-Metz,Moselle,Lorraine,LOR,France,FR
FR-57416,Lorry-Mardigny,Moselle,Lorraine,LOR,France,FR
DE-07235080,Lorscheid,Trier-Saarburg,Rhénanie-Palatinat,RLP,Allemagne,DE
DE-10042112,Losheim am See,Merzig-Wadern,Sarre,SL,Allemagne,DE
FR-57417,Lostroff,Moselle,Lorraine,LOR,France,FR
FR-57418,Loudrefing,Moselle,Lorraine,LOR,France,FR
FR-57419,Loupershouse,Moselle,Lorraine,LOR,France,FR
FR-55303,Loupmont,Meuse,Lorraine,LOR,France,FR
FR-55304,Louppy-le-Château,Meuse,Lorraine,LOR,France,FR
FR-55306,Louppy-sur-Loison,Meuse,Lorraine,LOR,France,FR
FR-57421,Loutzviller,Moselle,Lorraine,LOR,France,FR
FR-55307,Louvemont-Côte-du-Poivre,Meuse,Lorraine,LOR,France,FR
FR-57422,Louvigny,Moselle,Lorraine,LOR,France,FR
FR-54326,Lubey,Meurthe-et-Moselle,Lorraine,LOR,France,FR
FR-88275,Lubine,Vosges,Lorraine,LOR,France,FR
FR-57423,Lubécourt,Moselle,Lorraine,LOR,France,FR
FR-54327,Lucey,Meurthe-et-Moselle,Lorraine,LOR,France,FR
DE-07143260,Luckenbach,Westerwaldkreis,Rhénanie-Palatinat,RLP,Allemagne,DE
FR-57424,Lucy,Moselle,Lorraine,LOR,France,FR
FR-54328,Ludres,Meurthe-et-Moselle,Lorraine,LOR,France,FR
DE-07314000,Ludwigshafen am Rhein,Ludwigshafen a. Rh.,Rhénanie-Palatinat,RLP,Allemagne,DE
DE-07339035,Ludwigshöhe,Mainz-Bingen,Rhénanie-Palatinat,RLP,Allemagne,DE
DE-07340029,Ludwigswinkel,Südwestpfalz,Rhénanie-Palatinat,RLP,Allemagne,DE
DE-07340030,Lug,Südwestpfalz,Rhénanie-Palatinat,RLP,Allemagne,DE
FR-54329,Lunéville,Meurthe-et-Moselle,Lorraine,LOR,France,FR
FR-54330,Lupcourt,Meurthe-et-Moselle,Lorraine,LOR,France,FR
FR-57425,Luppy,Moselle,Lorraine,LOR,France,FR
FR-88276,Lusse,Vosges,Lorraine,LOR,France,FR
DE-07334018,Lustadt,Germersheim,Rhénanie-Palatinat,RLP,Allemagne,DE
FR-57426,Luttange,Moselle,Lorraine,LOR,France,FR
FR-57427,Lutzelbourg,Moselle,Lorraine,LOR,France,FR
DE-07135057,Lutzerath,Cochem-Zell,Rhénanie-Palatinat,RLP,Allemagne,DE
FR-88277,Luvigny,Vosges,Lorraine,LOR,France,FR
DE-07137066,Luxem,Mayen-Koblenz,Rhénanie-Palatinat,RLP,Allemagne,DE
LU-0304,Luxembourg,Luxembourg,Luxembourg,LUX,Luxembourg,LU
FR-55310,Luzy-Saint-Martin,Meuse,Lorraine,LOR,France,FR
DE-07141083,Lykershausen,Rhein-Lahn-Kreis,Rhénanie-Palatinat,RLP,Allemagne,DE
BE-84033,Léglise,Luxembourg,Wallonie,WAL,Belgique,BE
FR-88264,Légéville-et-Bonfays,Vosges,Lorraine,LOR,France,FR
FR-57394,Léning,Moselle,Lorraine,LOR,France,FR
FR-88266,Lépanges-sur-Vologne,Vosges,Lorraine,LOR,France,FR
FR-55288,Lérouville,Meuse,Lorraine,LOR,France,FR
FR-54313,Létricourt,Meurthe-et-Moselle,Lorraine,LOR,France,FR
DE-07137214,Löf,Mayen-Koblenz,Rhénanie-Palatinat,RLP,Allemagne,DE
DE-07133060,Löllbach,Bad Kreuznach,Rhénanie-Palatinat,RLP,Allemagne,DE
DE-07339034,Lörzweiler,Mainz-Bingen,Rhénanie-Palatinat,RLP,Allemagne,DE
DE-07231076,Lösnich,Bernkastel-Wittlich,Rhénanie-Palatinat,RLP,Allemagne,DE
DE-07231206,Lötzbeuren,Bernkastel-Wittlich,Rhénanie-Palatinat,RLP,Allemagne,DE
DE-07231078,Lückenburg,Bernkastel-Wittlich,Rhénanie-Palatinat,RLP,Allemagne,DE
DE-07232262,Lünebach,Eifelkreis Bitburg-Prüm,Rhénanie-Palatinat,RLP,Allemagne,DE
DE-07135056,Lütz,Cochem-Zell,Rhénanie-Palatinat,RLP,Allemagne,DE
DE-07232263,Lützkampen,Eifelkreis Bitburg-Prüm,Rhénanie-Palatinat,RLP,Allemagne,DE
FR-57428,Macheren,Moselle,Lorraine,LOR,France,FR
DE-07137215,Macken,Mayen-Koblenz,Rhénanie-Palatinat,RLP,Allemagne,DE
DE-07335024,Mackenbach,Kaiserslautern,Rhénanie-Palatinat,RLP,Allemagne,DE
DE-07134052,Mackenrodt,Birkenfeld,Rhénanie-Palatinat,RLP,Allemagne,DE
FR-88278,Maconcourt,Vosges,Lorraine,LOR,France,FR
FR-88279,Madecourt,Vosges,Lorraine,LOR,France,FR
FR-88280,Madegney,Vosges,Lorraine,LOR,France,FR
FR-88281,Madonne-et-Lamerey,Vosges,Lorraine,LOR,France,FR
FR-54331,Magnières,Meurthe-et-Moselle,Lorraine,LOR,France,FR
FR-54332,Maidières,Meurthe-et-Moselle,Lorraine,LOR,France,FR
DE-07337052,Maikammer,Südliche Weinstraße,Rhénanie-Palatinat,RLP,Allemagne,DE
FR-54333,Mailly-sur-Seille,Meurthe-et-Moselle,Lorraine,LOR,France,FR
FR-57430,Mainvillers,Moselle,Lorraine,LOR,France,FR
DE-07315000,Mainz,Mainz,Rhénanie-Palatinat,RLP,Allemagne,DE
FR-54334,Mairy-Mainville,Meurthe-et-Moselle,Lorraine,LOR,France,FR
DE-07140089,Maisborn,Rhein-Hunsrück-Kreis,Rhénanie-Palatinat,RLP,Allemagne,DE
DE-07140090,Maitzborn,Rhein-Hunsrück-Kreis,Rhénanie-Palatinat,RLP,Allemagne,DE
FR-54335,Maixe,Meurthe-et-Moselle,Lorraine,LOR,France,FR
FR-55311,Maizeray,Meuse,Lorraine,LOR,France,FR
FR-57431,Maizeroy,Moselle,Lorraine,LOR,France,FR
FR-55312,Maizey,Meuse,Lorraine,LOR,France,FR
FR-54336,Maizières,Meurthe-et-Moselle,Lorraine,LOR,France,FR
FR-57433,Maizières-lès-Metz,Moselle,Lorraine,LOR,France,FR
FR-57434,Maizières-lès-Vic,Moselle,Lorraine,LOR,France,FR
FR-88283,Malaincourt,Vosges,Lorraine,LOR,France,FR
FR-55313,Malancourt,Meuse,Lorraine,LOR,France,FR
FR-57436,Malaucourt-sur-Seille,Moselle,Lorraine,LOR,France,FR
FR-54337,Malavillers,Meurthe-et-Moselle,Lorraine,LOR,France,FR
DE-07132066,Malberg (Altenkirchen (Ww)),Altenkirchen (Ww),Rhénanie-Palatinat,RLP,Allemagne,DE
DE-07232075,Malberg (Eifelkreis Bitburg-Prüm),Eifelkreis Bitburg-Prüm,Rhénanie-Palatinat,RLP,Allemagne,DE
DE-07232076,Malbergweich,Eifelkreis Bitburg-Prüm,Rhénanie-Palatinat,RLP,Allemagne,DE
DE-07231079,Malborn,Bernkastel-Wittlich,Rhénanie-Palatinat,RLP,Allemagne,DE
FR-54338,Malleloy,Meurthe-et-Moselle,Lorraine,LOR,France,FR
FR-57437,Malling,Moselle,Lorraine,LOR,France,FR
BE-63049,Malmedy,Liège,Wallonie,WAL,Belgique,BE
FR-57438,Malroy,Moselle,Lorraine,LOR,France,FR
FR-54339,Malzéville,Meurthe-et-Moselle,Lorraine,LOR,France,FR
LU-0108,Mamer,Capellen,Luxembourg,LUX,Luxembourg,LU
FR-54340,Mamey,Meurthe-et-Moselle,Lorraine,LOR,France,FR
DE-07132067,Mammelzen,Altenkirchen (Ww),Rhénanie-Palatinat,RLP,Allemagne,DE
BE-55086,Manage,Hainaut,Wallonie,WAL,Belgique,BE
DE-07133061,Mandel,Bad Kreuznach,Rhénanie-Palatinat,RLP,Allemagne,DE
DE-10045116,Mandelbachtal,Saarpfalz-Kreis,Sarre,SL,Allemagne,DE
FR-57439,Manderen-Ritzing,Moselle,Lorraine,LOR,France,FR
DE-07235081,Mandern,Trier-Saarburg,Rhénanie-Palatinat,RLP,Allemagne,DE
DE-07231080,Manderscheid (Bernkastel-Wittlich),Bernkastel-Wittlich,Rhénanie-Palatinat,RLP,Allemagne,DE
DE-07232264,Manderscheid (Eifelkreis Bitburg-Prüm),Eifelkreis Bitburg-Prüm,Rhénanie-Palatinat,RLP,Allemagne,DE
FR-88284,Mandray,Vosges,Lorraine,LOR,France,FR
FR-54343,Mandres-aux-Quatre-Tours,Meurthe-et-Moselle,Lorraine,LOR,France,FR
FR-55315,Mandres-en-Barrois,Meuse,Lorraine,LOR,France,FR
FR-88285,Mandres-sur-Vair,Vosges,Lorraine,LOR,France,FR
FR-55316,Mangiennes,Meuse,Lorraine,LOR,France,FR
FR-54344,Mangonville,Meurthe-et-Moselle,Lorraine,LOR,France,FR
BE-83055,Manhay,Luxembourg,Wallonie,WAL,Belgique,BE
FR-55317,Manheulles,Meuse,Lorraine,LOR,France,FR
FR-57440,Manhoué,Moselle,Lorraine,LOR,France,FR
DE-07235082,Mannebach (Trier-Saarburg),Trier-Saarburg,Rhénanie-Palatinat,RLP,Allemagne,DE
DE-07233225,Mannebach (Vulkaneifel),Vulkaneifel,Rhénanie-Palatinat,RLP,Allemagne,DE
DE-07333043,Mannweiler-Cölln,Donnersbergkreis,Rhénanie-Palatinat,RLP,Allemagne,DE
FR-57441,Manom,Moselle,Lorraine,LOR,France,FR
FR-54345,Manoncourt-en-Vermois,Meurthe-et-Moselle,Lorraine,LOR,France,FR
FR-54346,Manoncourt-en-Woëvre,Meurthe-et-Moselle,Lorraine,LOR,France,FR
FR-54348,Manonville,Meurthe-et-Moselle,Lorraine,LOR,France,FR
FR-54349,Manonviller,Meurthe-et-Moselle,Lorraine,LOR,France,FR
LU-1106,Manternach,Grevenmacher,Luxembourg,LUX,Luxembourg,LU
DE-07339036,Manubach,Mainz-Bingen,Rhénanie-Palatinat,RLP,Allemagne,DE
FR-57442,Many,Moselle,Lorraine,LOR,France,FR
FR-88286,Marainville-sur-Madon,Vosges,Lorraine,LOR,France,FR
FR-54350,Marainviller,Meurthe-et-Moselle,Lorraine,LOR,France,FR
FR-57443,Marange-Silvange,Moselle,Lorraine,LOR,France,FR
FR-57444,Marange-Zondrange,Moselle,Lorraine,LOR,France,FR
FR-54351,Marbache,Meurthe-et-Moselle,Lorraine,LOR,France,FR
BE-83034,Marche-en-Famenne,Luxembourg,Wallonie,WAL,Belgique,BE
BE-61039,Marchin,Liège,Wallonie,WAL,Belgique,BE
FR-55320,Marchéville-en-Woëvre,Meuse,Lorraine,LOR,France,FR
FR-88287,Marey,Vosges,Lorraine,LOR,France,FR
DE-07141084,Marienfels,Rhein-Lahn-Kreis,Rhénanie-Palatinat,RLP,Allemagne,DE
DE-07138201,Marienhausen,Neuwied,Rhénanie-Palatinat,RLP,Allemagne,DE
DE-07143044,Marienrachdorf,Westerwaldkreis,Rhénanie-Palatinat,RLP,Allemagne,DE
FR-57445,Marieulles,Moselle,Lorraine,LOR,France,FR
FR-57446,Marimont-lès-Bénestroff,Moselle,Lorraine,LOR,France,FR
DE-07231081,Maring-Noviand,Bernkastel-Wittlich,Rhénanie-Palatinat,RLP,Allemagne,DE
FR-57447,Marly,Moselle,Lorraine,LOR,France,FR
DE-07333045,Marnheim,Donnersbergkreis,Rhénanie-Palatinat,RLP,Allemagne,DE
FR-54352,Maron,Meurthe-et-Moselle,Lorraine,LOR,France,FR
FR-88288,Maroncourt,Vosges,Lorraine,LOR,France,FR
DE-07143045,Maroth,Westerwaldkreis,Rhénanie-Palatinat,RLP,Allemagne,DE
DE-10046112,Marpingen,St. Wendel,Sarre,SL,Allemagne,DE
FR-55321,Marre,Meuse,Lorraine,LOR,France,FR
FR-54353,Mars-la-Tour,Meurthe-et-Moselle,Lorraine,LOR,France,FR
FR-57448,Marsal,Moselle,Lorraine,LOR,France,FR
FR-57449,Marsilly,Moselle,Lorraine,LOR,France,FR
FR-55322,Marson-sur-Barboure,Meuse,Lorraine,LOR,France,FR
BE-81013,Martelange,Luxembourg,Wallonie,WAL,Belgique,BE
FR-54354,Marthemont,Meurthe-et-Moselle,Lorraine,LOR,France,FR
FR-57451,Marthille,Moselle,Lorraine,LOR,France,FR
FR-88289,Martigny-les-Bains,Vosges,Lorraine,LOR,France,FR
FR-88290,Martigny-les-Gerbonvaux,Vosges,Lorraine,LOR,France,FR
FR-54355,Martincourt,Meurthe-et-Moselle,Lorraine,LOR,France,FR
FR-55323,Martincourt-sur-Meuse,Meuse,Lorraine,LOR,France,FR
DE-07335203,Martinshöhe,Kaiserslautern,Rhénanie-Palatinat,RLP,Allemagne,DE
DE-07133062,Martinstein,Bad Kreuznach,Rhénanie-Palatinat,RLP,Allemagne,DE
FR-88291,Martinvelle,Vosges,Lorraine,LOR,France,FR
FR-55324,Marville,Meuse,Lorraine,LOR,France,FR
DE-07143261,Marzhausen,Westerwaldkreis,Rhénanie-Palatinat,RLP,Allemagne,DE
DE-07135058,Masburg,Cochem-Zell,Rhénanie-Palatinat,RLP,Allemagne,DE
DE-07340217,Maßweiler,Südwestpfalz,Rhénanie-Palatinat,RLP,Allemagne,DE
DE-07140204,Mastershausen,Rhein-Hunsrück-Kreis,Rhénanie-Palatinat,RLP,Allemagne,DE
DE-07232265,Masthorn,Eifelkreis Bitburg-Prüm,Rhénanie-Palatinat,RLP,Allemagne,DE
FR-88292,Mattaincourt,Vosges,Lorraine,LOR,France,FR
FR-54356,Mattexey,Meurthe-et-Moselle,Lorraine,LOR,France,FR
DE-07336107,Matzenbach,Kusel,Rhénanie-Palatinat,RLP,Allemagne,DE
DE-07232266,Matzerath,Eifelkreis Bitburg-Prüm,Rhénanie-Palatinat,RLP,Allemagne,DE
DE-07331044,Mauchenheim,Alzey-Worms,Rhénanie-Palatinat,RLP,Allemagne,DE
FR-55325,Maucourt-sur-Orne,Meuse,Lorraine,LOR,France,FR
DE-07132068,Mauden,Altenkirchen (Ww),Rhénanie-Palatinat,RLP,Allemagne,DE
DE-07232267,Mauel,Eifelkreis Bitburg-Prüm,Rhénanie-Palatinat,RLP,Allemagne,DE
FR-55326,Maulan,Meuse,Lorraine,LOR,France,FR
DE-07340218,Mauschbach,Südwestpfalz,Rhénanie-Palatinat,RLP,Allemagne,DE
FR-55327,Mauvages,Meuse,Lorraine,LOR,France,FR
DE-07338018,Maxdorf,Rhein-Pfalz-Kreis,Rhénanie-Palatinat,RLP,Allemagne,DE
FR-88293,Maxey-sur-Meuse,Vosges,Lorraine,LOR,France,FR
FR-55328,Maxey-sur-Vaise,Meuse,Lorraine,LOR,France,FR
DE-07143046,Maxsain,Westerwaldkreis,Rhénanie-Palatinat,RLP,Allemagne,DE
FR-57453,Maxstadt,Moselle,Lorraine,LOR,France,FR
FR-54357,Maxéville,Meurthe-et-Moselle,Lorraine,LOR,France,FR
DE-07137068,Mayen,Mayen-Koblenz,Rhénanie-Palatinat,RLP,Allemagne,DE
DE-07131049,Mayschoß,Ahrweiler,Rhénanie-Palatinat,RLP,Allemagne,DE
FR-88294,Mazeley,Vosges,Lorraine,LOR,France,FR
FR-54358,Mazerulles,Meurthe-et-Moselle,Lorraine,LOR,France,FR
FR-88295,Mazirot,Vosges,Lorraine,LOR,France,FR
DE-07232077,Meckel,Eifelkreis Bitburg-Prüm,Rhénanie-Palatinat,RLP,Allemagne,DE
DE-07133063,Meckenbach (Bad Kreuznach),Bad Kreuznach,Rhénanie-Palatinat,RLP,Allemagne,DE
DE-07134053,Meckenbach (Birkenfeld),Birkenfeld,Rhénanie-Palatinat,RLP,Allemagne,DE
DE-07332035,Meckenheim,Bad Dürkheim,Rhénanie-Palatinat,RLP,Allemagne,DE
DE-07336061,Medard,Kusel,Rhénanie-Palatinat,RLP,Allemagne,DE
DE-07133064,Meddersheim,Bad Kreuznach,Rhénanie-Palatinat,RLP,Allemagne,DE
DE-07231082,Meerfeld,Bernkastel-Wittlich,Rhénanie-Palatinat,RLP,Allemagne,DE
DE-07335025,Mehlbach,Kaiserslautern,Rhénanie-Palatinat,RLP,Allemagne,DE
DE-07335026,Mehlingen,Kaiserslautern,Rhénanie-Palatinat,RLP,Allemagne,DE
DE-07132069,Mehren (Altenkirchen (Ww)),Altenkirchen (Ww),Rhénanie-Palatinat,RLP,Allemagne,DE
DE-07233042,Mehren (Vulkaneifel),Vulkaneifel,Rhénanie-Palatinat,RLP,Allemagne,DE
DE-07235083,Mehring,Trier-Saarburg,Rhénanie-Palatinat,RLP,Allemagne,DE
DE-07138042,Meinborn,Neuwied,Rhénanie-Palatinat,RLP,Allemagne,DE
DE-07233043,Meisburg,Vulkaneifel,Rhénanie-Palatinat,RLP,Allemagne,DE
DE-07133065,Meisenheim,Bad Kreuznach,Rhénanie-Palatinat,RLP,Allemagne,DE
FR-57456,Meisenthal,Moselle,Lorraine,LOR,France,FR
BE-85024,Meix-devant-Virton,Luxembourg,Wallonie,WAL,Belgique,BE
DE-07138043,Melsbach,Neuwied,Rhénanie-Palatinat,RLP,Allemagne,DE
FR-55332,Menaucourt,Meuse,Lorraine,LOR,France,FR
DE-07137069,Mendig,Mayen-Koblenz,Rhénanie-Palatinat,RLP,Allemagne,DE
DE-07140092,Mengerschied,Rhein-Hunsrück-Kreis,Rhénanie-Palatinat,RLP,Allemagne,DE
DE-07232078,Menningen,Eifelkreis Bitburg-Prüm,Rhénanie-Palatinat,RLP,Allemagne,DE
FR-57457,Menskirch,Moselle,Lorraine,LOR,France,FR
BE-56049,Merbes-le-Château,Hainaut,Wallonie,WAL,Belgique,BE
DE-10043113,Merchweiler,Neunkirchen,Sarre,SL,Allemagne,DE
FR-54362,Mercy-le-Bas,Meurthe-et-Moselle,Lorraine,LOR,France,FR
FR-54363,Mercy-le-Haut,Meurthe-et-Moselle,Lorraine,LOR,France,FR
DE-07143262,Merkelbach,Westerwaldkreis,Rhénanie-Palatinat,RLP,Allemagne,DE
FR-55336,Merles-sur-Loison,Meuse,Lorraine,LOR,France,FR
DE-07232270,Merlscheid,Eifelkreis Bitburg-Prüm,Rhénanie-Palatinat,RLP,Allemagne,DE
DE-07140093,Mermuth,Rhein-Hunsrück-Kreis,Rhénanie-Palatinat,RLP,Allemagne,DE
LU-0409,Mersch,Mersch,Luxembourg,LUX,Luxembourg,LU
DE-07231083,Merschbach,Bernkastel-Wittlich,Rhénanie-Palatinat,RLP,Allemagne,DE
FR-57459,Merschweiller,Moselle,Lorraine,LOR,France,FR
FR-57460,Merten,Moselle,Lorraine,LOR,France,FR
LU-1107,Mertert,Grevenmacher,Luxembourg,LUX,Luxembourg,LU
DE-07235085,Mertesdorf,Trier-Saarburg,Rhénanie-Palatinat,RLP,Allemagne,DE
DE-07332036,Mertesheim,Bad Dürkheim,Rhénanie-Palatinat,RLP,Allemagne,DE
DE-07137070,Mertloch,Mayen-Koblenz,Rhénanie-Palatinat,RLP,Allemagne,DE
LU-0607,Mertzig,Diekirch,Luxembourg,LUX,Luxembourg,LU
FR-54365,Merviller,Meurthe-et-Moselle,Lorraine,LOR,France,FR
DE-07133066,Merxheim,Bad Kreuznach,Rhénanie-Palatinat,RLP,Allemagne,DE
DE-07340031,Merzalben,Südwestpfalz,Rhénanie-Palatinat,RLP,Allemagne,DE
DE-10042113,Merzig,Merzig-Wadern,Sarre,SL,Allemagne,DE
DE-07235154,Merzkirchen,Trier-Saarburg,Rhénanie-Palatinat,RLP,Allemagne,DE
DE-07336062,Merzweiler,Kusel,Rhénanie-Palatinat,RLP,Allemagne,DE
DE-07135060,Mesenich,Cochem-Zell,Rhénanie-Palatinat,RLP,Allemagne,DE
BE-81015,Messancy,Luxembourg,Wallonie,WAL,Belgique,BE
FR-54366,Messein,Meurthe-et-Moselle,Lorraine,LOR,France,FR
DE-07232079,Messerich,Eifelkreis Bitburg-Prüm,Rhénanie-Palatinat,RLP,Allemagne,DE
DE-07232080,Mettendorf,Eifelkreis Bitburg-Prüm,Rhénanie-Palatinat,RLP,Allemagne,DE
DE-07331045,Mettenheim,Alzey-Worms,Rhénanie-Palatinat,RLP,Allemagne,DE
DE-07232081,Metterich,Eifelkreis Bitburg-Prüm,Rhénanie-Palatinat,RLP,Allemagne,DE
BE-92087,Mettet,Namur,Wallonie,WAL,Belgique,BE
FR-57462,Metting,Moselle,Lorraine,LOR,France,FR
DE-10042114,Mettlach,Merzig-Wadern,Sarre,SL,Allemagne,DE
DE-07134054,Mettweiler,Birkenfeld,Rhénanie-Palatinat,RLP,Allemagne,DE
FR-57463,Metz,Moselle,Lorraine,LOR,France,FR
DE-07140094,Metzenhausen,Rhein-Hunsrück-Kreis,Rhénanie-Palatinat,RLP,Allemagne,DE
FR-57464,Metzeresche,Moselle,Lorraine,LOR,France,FR
FR-57465,Metzervisse,Moselle,Lorraine,LOR,France,FR
FR-57466,Metzing,Moselle,Lorraine,LOR,France,FR
DE-07143263,Meudt,Westerwaldkreis,Rhénanie-Palatinat,RLP,Allemagne,DE
DE-07131050,Meuspath,Ahrweiler,Rhénanie-Palatinat,RLP,Allemagne,DE
FR-54367,Mexy,Meurthe-et-Moselle,Lorraine,LOR,France,FR
FR-57467,Mey,Moselle,Lorraine,LOR,France,FR
DE-07140095,Michelbach,Rhein-Hunsrück-Kreis,Rhénanie-Palatinat,RLP,Allemagne,DE
DE-07132070,Michelbach (Westerwald),Altenkirchen (Ww),Rhénanie-Palatinat,RLP,Allemagne,DE
FR-88303,Midrevaux,Vosges,Lorraine,LOR,France,FR
DE-07141085,Miehlen,Rhein-Lahn-Kreis,Rhénanie-Palatinat,RLP,Allemagne,DE
DE-07141086,Miellen,Rhein-Lahn-Kreis,Rhénanie-Palatinat,RLP,Allemagne,DE
FR-54368,Mignéville,Meurthe-et-Moselle,Lorraine,LOR,France,FR
FR-54369,Millery,Meurthe-et-Moselle,Lorraine,LOR,France,FR
FR-55338,Milly-sur-Bradon,Meuse,Lorraine,LOR,France,FR
DE-07232082,Minden,Eifelkreis Bitburg-Prüm,Rhénanie-Palatinat,RLP,Allemagne,DE
DE-07231085,Minderlittgen,Bernkastel-Wittlich,Rhénanie-Palatinat,RLP,Allemagne,DE
DE-07334020,Minfeld,Germersheim,Rhénanie-Palatinat,RLP,Allemagne,DE
DE-07231086,Minheim,Bernkastel-Wittlich,Rhénanie-Palatinat,RLP,Allemagne,DE
FR-54370,Minorville,Meurthe-et-Moselle,Lorraine,LOR,France,FR
FR-88304,Mirecourt,Vosges,Lorraine,LOR,France,FR
DE-07141087,Misselberg,Rhein-Lahn-Kreis,Rhénanie-Palatinat,RLP,Allemagne,DE
FR-57468,Mittelbronn,Moselle,Lorraine,LOR,France,FR
DE-07335027,Mittelbrunn,Kaiserslautern,Rhénanie-Palatinat,RLP,Allemagne,DE
DE-07141088,Mittelfischbach,Rhein-Lahn-Kreis,Rhénanie-Palatinat,RLP,Allemagne,DE
DE-07132011,Mittelhof,Altenkirchen (Ww),Rhénanie-Palatinat,RLP,Allemagne,DE
DE-07134055,Mittelreidenbach,Birkenfeld,Rhénanie-Palatinat,RLP,Allemagne,DE
DE-07135061,Mittelstrimmig,Cochem-Zell,Rhénanie-Palatinat,RLP,Allemagne,DE
FR-57469,Mittersheim,Moselle,Lorraine,LOR,France,FR
BE-61041,Modave,Liège,Wallonie,WAL,Belgique,BE
DE-07143047,Mogendorf,Westerwaldkreis,Rhénanie-Palatinat,RLP,Allemagne,DE
FR-55339,Mogeville,Meuse,Lorraine,LOR,France,FR
FR-55340,Mognéville,Meuse,Lorraine,LOR,France,FR
FR-54371,Moineville,Meurthe-et-Moselle,Lorraine,LOR,France,FR
FR-55341,Moirey-Flabas-Crépion,Meuse,Lorraine,LOR,France,FR
FR-54372,Moivrons,Meurthe-et-Moselle,Lorraine,LOR,France,FR
FR-57470,Molring,Moselle,Lorraine,LOR,France,FR
DE-07143266,Molsberg,Westerwaldkreis,Rhénanie-Palatinat,RLP,Allemagne,DE
DE-07132071,Molzhain,Altenkirchen (Ww),Rhénanie-Palatinat,RLP,Allemagne,DE
FR-57471,Momerstroff,Moselle,Lorraine,LOR,France,FR
BE-56051,Momignies,Hainaut,Wallonie,WAL,Belgique,BE
DE-07339037,Mommenheim,Mainz-Bingen,Rhénanie-Palatinat,RLP,Allemagne,DE
FR-54373,Moncel-lès-Lunéville,Meurthe-et-Moselle,Lorraine,LOR,France,FR
FR-54374,Moncel-sur-Seille,Meurthe-et-Moselle,Lorraine,LOR,France,FR
FR-88305,Moncel-sur-Vair,Vosges,Lorraine,LOR,France,FR
FR-57472,Moncheux,Moselle,Lorraine,LOR,France,FR
FR-57473,Moncourt,Moselle,Lorraine,LOR,France,FR
FR-57474,Mondelange,Moselle,Lorraine,LOR,France,FR
LU-0208,Mondercange,Esch-sur-Alzette,Luxembourg,LUX,Luxembourg,LU
LU-1204,Mondorf-les-Bains,Remich,Luxembourg,LUX,Luxembourg,LU
FR-57475,Mondorff,Moselle,Lorraine,LOR,France,FR
FR-57476,Monneren,Moselle,Lorraine,LOR,France,FR
DE-07137074,Monreal,Mayen-Koblenz,Rhénanie-Palatinat,RLP,Allemagne,DE
BE-53053,Mons,Hainaut,Wallonie,WAL,Belgique,BE
DE-07331048,Monsheim,Alzey-Worms,Rhénanie-Palatinat,RLP,Allemagne,DE
FR-54084,Mont-Bonvillers,Meurthe-et-Moselle,Lorraine,LOR,France,FR
BE-57095,Mont-de-l'Enclus,Hainaut,Wallonie,WAL,Belgique,BE
FR-55345,Mont-devant-Sassey,Meuse,Lorraine,LOR,France,FR
FR-54379,Mont-l'Étroit,Meurthe-et-Moselle,Lorraine,LOR,France,FR
FR-54380,Mont-le-Vignoble,Meurthe-et-Moselle,Lorraine,LOR,France,FR
FR-88307,Mont-lès-Lamarche,Vosges,Lorraine,LOR,France,FR
FR-88308,Mont-lès-Neufchâteau,Vosges,Lorraine,LOR,France,FR
BE-25068,Mont-Saint-Guibert,Brabant wallon,Wallonie,WAL,Belgique,BE
FR-54382,Mont-Saint-Martin,Meurthe-et-Moselle,Lorraine,LOR,France,FR
FR-54383,Mont-sur-Meurthe,Meurthe-et-Moselle,Lorraine,LOR,France,FR
DE-07143048,Montabaur,Westerwaldkreis,Rhénanie-Palatinat,RLP,Allemagne,DE
FR-54375,Montauville,Meurthe-et-Moselle,Lorraine,LOR,France,FR
FR-55343,Montblainville,Meuse,Lorraine,LOR,France,FR
FR-55344,Montbras,Meuse,Lorraine,LOR,France,FR
FR-57477,Montbronn,Moselle,Lorraine,LOR,France,FR
FR-57478,Montdidier,Moselle,Lorraine,LOR,France,FR
FR-57479,Montenach,Moselle,Lorraine,LOR,France,FR
FR-54376,Montenoy,Meurthe-et-Moselle,Lorraine,LOR,France,FR
FR-55346,Montfaucon-d'Argonne,Meuse,Lorraine,LOR,France,FR
FR-88309,Monthureux-le-Sec,Vosges,Lorraine,LOR,France,FR
FR-88310,Monthureux-sur-Saône,Vosges,Lorraine,LOR,France,FR
FR-55348,Montiers-sur-Saulx,Meuse,Lorraine,LOR,France,FR
FR-54377,Montigny,Meurthe-et-Moselle,Lorraine,LOR,France,FR
FR-55349,Montigny-devant-Sassey,Meuse,Lorraine,LOR,France,FR
BE-52048,Montigny-le-Tilleul,Hainaut,Wallonie,WAL,Belgique,BE
FR-57480,Montigny-lès-Metz,Moselle,Lorraine,LOR,France,FR
FR-55350,Montigny-lès-Vaucouleurs,Meuse,Lorraine,LOR,France,FR
FR-54378,Montigny-sur-Chiers,Meurthe-et-Moselle,Lorraine,LOR,France,FR
FR-88311,Montmotier,Vosges,Lorraine,LOR,France,FR
FR-55351,Montmédy,Meuse,Lorraine,LOR,France,FR
FR-57481,Montois-la-Montagne,Moselle,Lorraine,LOR,France,FR
FR-55352,Montplonne,Meuse,Lorraine,LOR,France,FR
FR-54381,Montreux,Meurthe-et-Moselle,Lorraine,LOR,France,FR
FR-55353,Montsec,Meuse,Lorraine,LOR,France,FR
FR-55355,Montzéville,Meuse,Lorraine,LOR,France,FR
DE-07231087,Monzelfeld,Bernkastel-Wittlich,Rhénanie-Palatinat,RLP,Allemagne,DE
DE-07331049,Monzernheim,Alzey-Worms,Rhénanie-Palatinat,RLP,Allemagne,DE
DE-07133067,Monzingen,Bad Kreuznach,Rhénanie-Palatinat,RLP,Allemagne,DE
FR-55356,Moranville,Meuse,Lorraine,LOR,France,FR
DE-07231502,Morbach,Bernkastel-Wittlich,Rhénanie-Palatinat,RLP,Allemagne,DE
FR-88312,Morelmaison,Vosges,Lorraine,LOR,France,FR
FR-54385,Morfontaine,Meurthe-et-Moselle,Lorraine,LOR,France,FR
FR-55357,Morgemoulin,Meuse,Lorraine,LOR,France,FR
FR-57483,Morhange,Moselle,Lorraine,LOR,France,FR
DE-07135064,Moritzheim,Cochem-Zell,Rhénanie-Palatinat,RLP,Allemagne,DE
FR-88313,Moriville,Vosges,Lorraine,LOR,France,FR
FR-54386,Moriviller,Meurthe-et-Moselle,Lorraine,LOR,France,FR
FR-88314,Morizécourt,Vosges,Lorraine,LOR,France,FR
BE-58004,Morlanwelz,Hainaut,Wallonie,WAL,Belgique,BE
FR-55359,Morley,Meuse,Lorraine,LOR,France,FR
FR-57484,Morsbach,Moselle,Lorraine,LOR,France,FR
DE-07235090,Morscheid,Trier-Saarburg,Rhénanie-Palatinat,RLP,Allemagne,DE
DE-07333047,Morschheim,Donnersbergkreis,Rhénanie-Palatinat,RLP,Allemagne,DE
DE-07140205,Morshausen,Rhein-Hunsrück-Kreis,Rhénanie-Palatinat,RLP,Allemagne,DE
FR-88315,Mortagne,Vosges,Lorraine,LOR,France,FR
FR-88316,Morville,Vosges,Lorraine,LOR,France,FR
FR-57485,Morville-lès-Vic,Moselle,Lorraine,LOR,France,FR
FR-57486,Morville-sur-Nied,Moselle,Lorraine,LOR,France,FR
FR-54387,Morville-sur-Seille,Meurthe-et-Moselle,Lorraine,LOR,France,FR
DE-07233226,Mosbruch,Vulkaneifel,Rhénanie-Palatinat,RLP,Allemagne,DE
DE-07143049,Moschheim,Westerwaldkreis,Rhénanie-Palatinat,RLP,Allemagne,DE
DE-07135065,Moselkern,Cochem-Zell,Rhénanie-Palatinat,RLP,Allemagne,DE
FR-54388,Mouacourt,Meurthe-et-Moselle,Lorraine,LOR,France,FR
FR-54389,Mouaville,Meurthe-et-Moselle,Lorraine,LOR,France,FR
FR-55360,Mouilly,Meuse,Lorraine,LOR,France,FR
FR-55361,Moulainville,Meuse,Lorraine,LOR,France,FR
FR-57487,Moulins-lès-Metz,Moselle,Lorraine,LOR,France,FR
FR-55362,Moulins-Saint-Hubert,Meuse,Lorraine,LOR,France,FR
FR-55363,Moulotte,Meuse,Lorraine,LOR,France,FR
BE-57096,Mouscron,Hainaut,Wallonie,WAL,Belgique,BE
FR-57488,Moussey (Moselle),Moselle,Lorraine,LOR,France,FR
FR-88317,Moussey (Vosges),Vosges,Lorraine,LOR,France,FR
FR-54390,Mousson,Meurthe-et-Moselle,Lorraine,LOR,France,FR
FR-57489,Mouterhouse,Moselle,Lorraine,LOR,France,FR
FR-54391,Moutiers,Meurthe-et-Moselle,Lorraine,LOR,France,FR
FR-54392,Moutrot,Meurthe-et-Moselle,Lorraine,LOR,France,FR
FR-55364,Mouzay,Meuse,Lorraine,LOR,France,FR
FR-88318,Moyemont,Vosges,Lorraine,LOR,France,FR
FR-54393,Moyen,Meurthe-et-Moselle,Lorraine,LOR,France,FR
FR-88319,Moyenmoutier,Vosges,Lorraine,LOR,France,FR
FR-57490,Moyenvic,Moselle,Lorraine,LOR,France,FR
FR-57491,Moyeuvre-Grande,Moselle,Lorraine,LOR,France,FR
FR-57492,Moyeuvre-Petite,Moselle,Lorraine,LOR,France,FR
DE-07143267,Mudenbach,Westerwaldkreis,Rhénanie-Palatinat,RLP,Allemagne,DE
DE-07132072,Mudersbach,Altenkirchen (Ww),Rhénanie-Palatinat,RLP,Allemagne,DE
DE-07141089,Mudershausen,Rhein-Lahn-Kreis,Rhénanie-Palatinat,RLP,Allemagne,DE
FR-57493,Mulcey,Moselle,Lorraine,LOR,France,FR
FR-57494,Munster,Moselle,Lorraine,LOR,France,FR
FR-55365,Murvaux,Meuse,Lorraine,LOR,France,FR
FR-54394,Murville,Meurthe-et-Moselle,Lorraine,LOR,France,FR
BE-85026,Musson,Luxembourg,Wallonie,WAL,Belgique,BE
DE-07231091,Musweiler,Bernkastel-Wittlich,Rhénanie-Palatinat,RLP,Allemagne,DE
DE-07140099,Mutterschied,Rhein-Hunsrück-Kreis,Rhénanie-Palatinat,RLP,Allemagne,DE
DE-07338019,Mutterstadt,Rhein-Pfalz-Kreis,Rhénanie-Palatinat,RLP,Allemagne,DE
DE-07232084,Muxerath,Eifelkreis Bitburg-Prüm,Rhénanie-Palatinat,RLP,Allemagne,DE
FR-55367,Muzeray,Meuse,Lorraine,LOR,France,FR
DE-07143502,Mähren,Westerwaldkreis,Rhénanie-Palatinat,RLP,Allemagne,DE
FR-57454,Mécleuves,Moselle,Lorraine,LOR,France,FR
FR-55329,Mécrin,Meuse,Lorraine,LOR,France,FR
FR-88296,Médonville,Vosges,Lorraine,LOR,France,FR
FR-57455,Mégange,Moselle,Lorraine,LOR,France,FR
FR-54359,Méhoncourt,Meurthe-et-Moselle,Lorraine,LOR,France,FR
FR-55330,Méligny-le-Grand,Meuse,Lorraine,LOR,France,FR
FR-55331,Méligny-le-Petit,Meuse,Lorraine,LOR,France,FR
FR-88297,Méménil,Vosges,Lorraine,LOR,France,FR
FR-88298,Ménarmont,Vosges,Lorraine,LOR,France,FR
FR-55333,Ménil-aux-Bois,Meuse,Lorraine,LOR,France,FR
FR-88300,Ménil-de-Senones,Vosges,Lorraine,LOR,France,FR
FR-88299,Ménil-en-Xaintois,Vosges,Lorraine,LOR,France,FR
FR-55334,Ménil-la-Horgne,Meuse,Lorraine,LOR,France,FR
FR-54360,Ménil-la-Tour,Meurthe-et-Moselle,Lorraine,LOR,France,FR
FR-88301,Ménil-sur-Belvitte,Vosges,Lorraine,LOR,France,FR
FR-55335,Ménil-sur-Saulx,Meuse,Lorraine,LOR,France,FR
FR-54364,Méréville,Meurthe-et-Moselle,Lorraine,LOR,France,FR
FR-57461,Métairies-Saint-Quirin,Moselle,Lorraine,LOR,France,FR
DE-07331046,Mölsheim,Alzey-Worms,Rhénanie-Palatinat,RLP,Allemagne,DE
DE-07135062,Möntenich,Cochem-Zell,Rhénanie-Palatinat,RLP,Allemagne,DE
DE-07143264,Mörlen,Westerwaldkreis,Rhénanie-Palatinat,RLP,Allemagne,DE
DE-07143265,Mörsbach,Westerwaldkreis,Rhénanie-Palatinat,RLP,Allemagne,DE
DE-07140096,Mörschbach,Rhein-Hunsrück-Kreis,Rhénanie-Palatinat,RLP,Allemagne,DE
DE-07134056,Mörschied,Birkenfeld,Rhénanie-Palatinat,RLP,Allemagne,DE
DE-07140503,Mörsdorf,Rhein-Hunsrück-Kreis,Rhénanie-Palatinat,RLP,Allemagne,DE
DE-07333046,Mörsfeld,Donnersbergkreis,Rhénanie-Palatinat,RLP,Allemagne,DE
DE-07331047,Mörstadt,Alzey-Worms,Rhénanie-Palatinat,RLP,Allemagne,DE
DE-07233046,Mückeln,Vulkaneifel,Rhénanie-Palatinat,RLP,Allemagne,DE
DE-07135066,Müden (Mosel),Cochem-Zell,Rhénanie-Palatinat,RLP,Allemagne,DE
DE-07140098,Mühlpfad,Rhein-Hunsrück-Kreis,Rhénanie-Palatinat,RLP,Allemagne,DE
DE-07232083,Mülbach,Eifelkreis Bitburg-Prüm,Rhénanie-Palatinat,RLP,Allemagne,DE
DE-07231090,Mülheim an der Mosel,Bernkastel-Wittlich,Rhénanie-Palatinat,RLP,Allemagne,DE
DE-07137216,Mülheim-Kärlich,Mayen-Koblenz,Rhénanie-Palatinat,RLP,Allemagne,DE
DE-07131051,Müllenbach (Ahrweiler),Ahrweiler,Rhénanie-Palatinat,RLP,Allemagne,DE
DE-07135067,Müllenbach (Cochem-Zell),Cochem-Zell,Rhénanie-Palatinat,RLP,Allemagne,DE
DE-07133068,Münchwald,Bad Kreuznach,Rhénanie-Palatinat,RLP,Allemagne,DE
DE-07337054,Münchweiler am Klingbach,Südliche Weinstraße,Rhénanie-Palatinat,RLP,Allemagne,DE
DE-07333048,Münchweiler an der Alsenz,Donnersbergkreis,Rhénanie-Palatinat,RLP,Allemagne,DE
DE-07340032,Münchweiler an der Rodalb,Südwestpfalz,Rhénanie-Palatinat,RLP,Allemagne,DE
DE-07143268,Mündersbach,Westerwaldkreis,Rhénanie-Palatinat,RLP,Allemagne,DE
DE-07137077,Münk,Mayen-Koblenz,Rhénanie-Palatinat,RLP,Allemagne,DE
DE-07339038,Münster-Sarmsheim,Mainz-Bingen,Rhénanie-Palatinat,RLP,Allemagne,DE
DE-07333049,Münsterappel,Donnersbergkreis,Rhénanie-Palatinat,RLP,Allemagne,DE
DE-07137501,Münstermaifeld,Mayen-Koblenz,Rhénanie-Palatinat,RLP,Allemagne,DE
DE-07233227,Mürlenbach,Vulkaneifel,Rhénanie-Palatinat,RLP,Allemagne,DE
DE-07131052,Müsch,Ahrweiler,Rhénanie-Palatinat,RLP,Allemagne,DE
DE-07143269,Müschenbach,Westerwaldkreis,Rhénanie-Palatinat,RLP,Allemagne,DE
DE-07232271,Mützenich,Eifelkreis Bitburg-Prüm,Rhénanie-Palatinat,RLP,Allemagne,DE
DE-07137079,Nachtsheim,Mayen-Koblenz,Rhénanie-Palatinat,RLP,Allemagne,DE
DE-07331050,Nack,Alzey-Worms,Rhénanie-Palatinat,RLP,Allemagne,DE
DE-07339039,Nackenheim,Mainz-Bingen,Rhénanie-Palatinat,RLP,Allemagne,DE
FR-55368,Naives-en-Blois,Meuse,Lorraine,LOR,France,FR
FR-55369,Naives-Rosières,Meuse,Lorraine,LOR,France,FR
FR-55370,Naix-aux-Forges,Meuse,Lorraine,LOR,France,FR
DE-10044113,Nalbach,Saarlouis,Sarre,SL,Allemagne,DE
DE-10046113,Namborn,St. Wendel,Sarre,SL,Allemagne,DE
BE-92094,Namur,Namur,Wallonie,WAL,Belgique,BE
FR-54395,Nancy,Meurthe-et-Moselle,Lorraine,LOR,France,FR
BE-61043,Nandrin,Liège,Wallonie,WAL,Belgique,BE
DE-07140100,Nannhausen,Rhein-Hunsrück-Kreis,Rhénanie-Palatinat,RLP,Allemagne,DE
FR-55373,Nant-le-Grand,Meuse,Lorraine,LOR,France,FR
FR-55374,Nant-le-Petit,Meuse,Lorraine,LOR,France,FR
FR-55375,Nantillois,Meuse,Lorraine,LOR,France,FR
FR-55376,Nantois,Meuse,Lorraine,LOR,France,FR
DE-07336064,Nanzdietschweiler,Kusel,Rhénanie-Palatinat,RLP,Allemagne,DE
FR-55371,Nançois-le-Grand,Meuse,Lorraine,LOR,France,FR
FR-55372,Nançois-sur-Ornain,Meuse,Lorraine,LOR,France,FR
FR-57495,Narbéfontaine,Moselle,Lorraine,LOR,France,FR
DE-07232085,Nasingen,Eifelkreis Bitburg-Prüm,Rhénanie-Palatinat,RLP,Allemagne,DE
DE-07141091,Nassau,Rhein-Lahn-Kreis,Rhénanie-Palatinat,RLP,Allemagne,DE
BE-83040,Nassogne,Luxembourg,Wallonie,WAL,Belgique,BE
DE-07141092,Nastätten,Rhein-Lahn-Kreis,Rhénanie-Palatinat,RLP,Allemagne,DE
DE-07232086,Nattenheim,Eifelkreis Bitburg-Prüm,Rhénanie-Palatinat,RLP,Allemagne,DE
DE-07137080,Naunheim,Mayen-Koblenz,Rhénanie-Palatinat,RLP,Allemagne,DE
DE-07143050,Nauort,Westerwaldkreis,Rhénanie-Palatinat,RLP,Allemagne,DE
DE-07235091,Naurath (Eifel),Trier-Saarburg,Rhénanie-Palatinat,RLP,Allemagne,DE
DE-07235092,Naurath (Wald),Trier-Saarburg,Rhénanie-Palatinat,RLP,Allemagne,DE
DE-07132073,Nauroth,Altenkirchen (Ww),Rhénanie-Palatinat,RLP,Allemagne,DE
FR-88320,Nayemont-les-Fosses,Vosges,Lorraine,LOR,France,FR
DE-07135068,Neef,Cochem-Zell,Rhénanie-Palatinat,RLP,Allemagne,DE
DE-07135069,Nehren,Cochem-Zell,Rhénanie-Palatinat,RLP,Allemagne,DE
DE-07233048,Neichen,Vulkaneifel,Rhénanie-Palatinat,RLP,Allemagne,DE
DE-07232087,Neidenbach,Eifelkreis Bitburg-Prüm,Rhénanie-Palatinat,RLP,Allemagne,DE
DE-07332037,Neidenfels,Bad Dürkheim,Rhénanie-Palatinat,RLP,Allemagne,DE
DE-07132502,Neitersen,Altenkirchen (Ww),Rhénanie-Palatinat,RLP,Allemagne,DE
FR-57497,Nelling,Moselle,Lorraine,LOR,France,FR
DE-07143051,Nentershausen,Westerwaldkreis,Rhénanie-Palatinat,RLP,Allemagne,DE
FR-55377,Nepvant,Meuse,Lorraine,LOR,France,FR
DE-07233049,Nerdlen,Vulkaneifel,Rhénanie-Palatinat,RLP,Allemagne,DE
DE-07233050,Neroth,Vulkaneifel,Rhénanie-Palatinat,RLP,Allemagne,DE
DE-07336065,Nerzweiler,Kusel,Rhénanie-Palatinat,RLP,Allemagne,DE
FR-55378,Nettancourt,Meuse,Lorraine,LOR,France,FR
DE-07141093,Netzbach,Rhein-Lahn-Kreis,Rhénanie-Palatinat,RLP,Allemagne,DE
DE-07133069,Neu-Bamberg,Bad Kreuznach,Rhénanie-Palatinat,RLP,Allemagne,DE
DE-07334021,Neuburg am Rhein,Germersheim,Rhénanie-Palatinat,RLP,Allemagne,DE
DE-07232272,Neuendorf,Eifelkreis Bitburg-Prüm,Rhénanie-Palatinat,RLP,Allemagne,DE
DE-07232088,Neuerburg,Eifelkreis Bitburg-Prüm,Rhénanie-Palatinat,RLP,Allemagne,DE
DE-07140101,Neuerkirch,Rhein-Hunsrück-Kreis,Rhénanie-Palatinat,RLP,Allemagne,DE
FR-57498,Neufchef,Moselle,Lorraine,LOR,France,FR
BE-84043,Neufchâteau (Luxembourg),Luxembourg,Wallonie,WAL,Belgique,BE
FR-88321,Neufchâteau (Vosges),Vosges,Lorraine,LOR,France,FR
FR-57499,Neufgrange,Moselle,Lorraine,LOR,France,FR
FR-54396,Neufmaisons,Meurthe-et-Moselle,Lorraine,LOR,France,FR
FR-57500,Neufmoulins,Moselle,Lorraine,LOR,France,FR
FR-57501,Neufvillage,Moselle,Lorraine,LOR,France,FR
DE-07232273,Neuheilenbach,Eifelkreis Bitburg-Prüm,Rhénanie-Palatinat,RLP,Allemagne,DE
DE-07335028,Neuhemsbach,Kaiserslautern,Rhénanie-Palatinat,RLP,Allemagne,DE
DE-07338020,Neuhofen,Rhein-Pfalz-Kreis,Rhénanie-Palatinat,RLP,Allemagne,DE
DE-07143052,Neuhäusel,Westerwaldkreis,Rhénanie-Palatinat,RLP,Allemagne,DE
DE-07235093,Neuhütten,Trier-Saarburg,Rhénanie-Palatinat,RLP,Allemagne,DE
DE-07332038,Neuleiningen,Bad Dürkheim,Rhénanie-Palatinat,RLP,Allemagne,DE
DE-07231092,Neumagen-Dhron,Bernkastel-Wittlich,Rhénanie-Palatinat,RLP,Allemagne,DE
DE-07143270,Neunkhausen,Westerwaldkreis,Rhénanie-Palatinat,RLP,Allemagne,DE
DE-07231093,Neunkirchen (Bernkastel-Wittlich),Bernkastel-Wittlich,Rhénanie-Palatinat,RLP,Allemagne,DE
DE-07143271,Neunkirchen (Westerwaldkreis),Westerwaldkreis,Rhénanie-Palatinat,RLP,Allemagne,DE
DE-07336066,Neunkirchen am Potzberg,Kusel,Rhénanie-Palatinat,RLP,Allemagne,DE
FR-57502,Neunkirchen-lès-Bouzonville,Moselle,Lorraine,LOR,France,FR
DE-10043114,Neunkirchen/Saar,Neunkirchen,Sarre,SL,Allemagne,DE
DE-07334022,Neupotz,Germersheim,Rhénanie-Palatinat,RLP,Allemagne,DE
BE-62121,Neupré,Liège,Wallonie,WAL,Belgique,BE
DE-07138044,Neustadt (Wied),Neuwied,Rhénanie-Palatinat,RLP,Allemagne,DE
DE-07316000,Neustadt an der Weinstraße,Neustadt a.d.W.,Rhénanie-Palatinat,RLP,Allemagne,DE
DE-07143272,Neustadt/Westerwald,Westerwaldkreis,Rhénanie-Palatinat,RLP,Allemagne,DE
FR-54397,Neuves-Maisons,Meurthe-et-Moselle,Lorraine,LOR,France,FR
FR-55380,Neuville-en-Verdunois,Meuse,Lorraine,LOR,France,FR
FR-55381,Neuville-lès-Vaucouleurs,Meuse,Lorraine,LOR,France,FR
FR-55382,Neuville-sur-Ornain,Meuse,Lorraine,LOR,France,FR
FR-54398,Neuviller-lès-Badonviller,Meurthe-et-Moselle,Lorraine,LOR,France,FR
FR-54399,Neuviller-sur-Moselle,Meurthe-et-Moselle,Lorraine,LOR,France,FR
FR-88326,Neuvillers-sur-Fave,Vosges,Lorraine,LOR,France,FR
FR-55383,Neuvilly-en-Argonne,Meuse,Lorraine,LOR,France,FR
DE-07138045,Neuwied,Neuwied,Rhénanie-Palatinat,RLP,Allemagne,DE
DE-07235094,Newel,Trier-Saarburg,Rhénanie-Palatinat,RLP,Allemagne,DE
DE-07140102,Ney,Rhein-Hunsrück-Kreis,Rhénanie-Palatinat,RLP,Allemagne,DE
FR-55384,Nicey-sur-Aire,Meuse,Lorraine,LOR,France,FR
DE-07137081,Nickenich,Mayen-Koblenz,Rhénanie-Palatinat,RLP,Allemagne,DE
FR-57504,Niderhoff,Moselle,Lorraine,LOR,France,FR
FR-57505,Niderviller,Moselle,Lorraine,LOR,France,FR
DE-07140105,Nieder Kostenz,Rhein-Hunsrück-Kreis,Rhénanie-Palatinat,RLP,Allemagne,DE
DE-07339041,Nieder-Hilbersheim,Mainz-Bingen,Rhénanie-Palatinat,RLP,Allemagne,DE
DE-07339042,Nieder-Olm,Mainz-Bingen,Rhénanie-Palatinat,RLP,Allemagne,DE
DE-07331051,Nieder-Wiesen,Alzey-Worms,Rhénanie-Palatinat,RLP,Allemagne,DE
DE-07143273,Niederahr,Westerwaldkreis,Rhénanie-Palatinat,RLP,Allemagne,DE
DE-07336067,Niederalben,Kusel,Rhénanie-Palatinat,RLP,Allemagne,DE
LU-0305,Niederanven,Luxembourg,Luxembourg,LUX,Luxembourg,LU
DE-07141094,Niederbachheim,Rhein-Lahn-Kreis,Rhénanie-Palatinat,RLP,Allemagne,DE
DE-07138047,Niederbreitbach,Neuwied,Rhénanie-Palatinat,RLP,Allemagne,DE
DE-07134057,Niederbrombach,Birkenfeld,Rhénanie-Palatinat,RLP,Allemagne,DE
DE-07140104,Niederburg,Rhein-Hunsrück-Kreis,Rhénanie-Palatinat,RLP,Allemagne,DE
DE-07132075,Niederdreisbach,Altenkirchen (Ww),Rhénanie-Palatinat,RLP,Allemagne,DE
DE-07131054,Niederdürenbach,Ahrweiler,Rhénanie-Palatinat,RLP,Allemagne,DE
DE-07143053,Niederelbert,Westerwaldkreis,Rhénanie-Palatinat,RLP,Allemagne,DE
DE-07143054,Niedererbach,Westerwaldkreis,Rhénanie-Palatinat,RLP,Allemagne,DE
DE-07137217,Niederfell,Mayen-Koblenz,Rhénanie-Palatinat,RLP,Allemagne,DE
DE-07132076,Niederfischbach,Altenkirchen (Ww),Rhénanie-Palatinat,RLP,Allemagne,DE
DE-07134058,Niederhambach,Birkenfeld,Rhénanie-Palatinat,RLP,Allemagne,DE
DE-07133070,Niederhausen,Bad Kreuznach,Rhénanie-Palatinat,RLP,Allemagne,DE
DE-07333050,Niederhausen an der Appel,Donnersbergkreis,Rhénanie-Palatinat,RLP,Allemagne,DE
DE-07339040,Niederheimbach,Mainz-Bingen,Rhénanie-Palatinat,RLP,Allemagne,DE
DE-07138048,Niederhofen,Neuwied,Rhénanie-Palatinat,RLP,Allemagne,DE
DE-07337055,Niederhorbach,Südliche Weinstraße,Rhénanie-Palatinat,RLP,Allemagne,DE
DE-07134059,Niederhosenbach,Birkenfeld,Rhénanie-Palatinat,RLP,Allemagne,DE
DE-07132077,Niederirsen,Altenkirchen (Ww),Rhénanie-Palatinat,RLP,Allemagne,DE
DE-07335029,Niederkirchen,Kaiserslautern,Rhénanie-Palatinat,RLP,Allemagne,DE
DE-07332039,Niederkirchen bei Deidesheim,Bad Dürkheim,Rhénanie-Palatinat,RLP,Allemagne,DE
DE-07140106,Niederkumbd,Rhein-Hunsrück-Kreis,Rhénanie-Palatinat,RLP,Allemagne,DE
DE-07232276,Niederlauch,Eifelkreis Bitburg-Prüm,Rhénanie-Palatinat,RLP,Allemagne,DE
DE-07335030,Niedermohr,Kaiserslautern,Rhénanie-Palatinat,RLP,Allemagne,DE
DE-07333051,Niedermoschel,Donnersbergkreis,Rhénanie-Palatinat,RLP,Allemagne,DE
DE-07141095,Niederneisen,Rhein-Lahn-Kreis,Rhénanie-Palatinat,RLP,Allemagne,DE
DE-07337056,Niederotterbach,Südliche Weinstraße,Rhénanie-Palatinat,RLP,Allemagne,DE
DE-07232277,Niederpierscheid,Eifelkreis Bitburg-Prüm,Rhénanie-Palatinat,RLP,Allemagne,DE
DE-07232090,Niederraden,Eifelkreis Bitburg-Prüm,Rhénanie-Palatinat,RLP,Allemagne,DE
DE-07143274,Niederroßbach,Westerwaldkreis,Rhénanie-Palatinat,RLP,Allemagne,DE
DE-07143275,Niedersayn,Westerwaldkreis,Rhénanie-Palatinat,RLP,Allemagne,DE
DE-07231096,Niederscheidweiler,Bernkastel-Wittlich,Rhénanie-Palatinat,RLP,Allemagne,DE
DE-07340033,Niederschlettenbach,Südwestpfalz,Rhénanie-Palatinat,RLP,Allemagne,DE
DE-07140107,Niedersohren,Rhein-Hunsrück-Kreis,Rhénanie-Palatinat,RLP,Allemagne,DE
DE-07233052,Niederstadtfeld,Vulkaneifel,Rhénanie-Palatinat,RLP,Allemagne,DE
DE-07336068,Niederstaufenbach,Kusel,Rhénanie-Palatinat,RLP,Allemagne,DE
DE-07232091,Niederstedem,Eifelkreis Bitburg-Prüm,Rhénanie-Palatinat,RLP,Allemagne,DE
DE-07132078,Niedersteinebach,Altenkirchen (Ww),Rhénanie-Palatinat,RLP,Allemagne,DE
FR-57506,Niederstinzel,Moselle,Lorraine,LOR,France,FR
DE-07140108,Niedert,Rhein-Hunsrück-Kreis,Rhénanie-Palatinat,RLP,Allemagne,DE
DE-07141096,Niedertiefenbach,Rhein-Lahn-Kreis,Rhénanie-Palatinat,RLP,Allemagne,DE
FR-57507,Niedervisse,Moselle,Lorraine,LOR,France,FR
DE-07141097,Niederwallmenach,Rhein-Lahn-Kreis,Rhénanie-Palatinat,RLP,Allemagne,DE
DE-07138050,Niederwambach,Neuwied,Rhénanie-Palatinat,RLP,Allemagne,DE
DE-07232092,Niederweiler (Eifelkreis Bitburg-Prüm),Eifelkreis Bitburg-Prüm,Rhénanie-Palatinat,RLP,Allemagne,DE
DE-07140109,Niederweiler (Rhein-Hunsrück-Kreis),Rhein-Hunsrück-Kreis,Rhénanie-Palatinat,RLP,Allemagne,DE
DE-07232093,Niederweis,Eifelkreis Bitburg-Prüm,Rhénanie-Palatinat,RLP,Allemagne,DE
DE-07137218,Niederwerth,Mayen-Koblenz,Rhénanie-Palatinat,RLP,Allemagne,DE
DE-07134060,Niederwörresbach,Birkenfeld,Rhénanie-Palatinat,RLP,Allemagne,DE
DE-07131055,Niederzissen,Ahrweiler,Rhénanie-Palatinat,RLP,Allemagne,DE
DE-07231095,Niederöfflingen,Bernkastel-Wittlich,Rhénanie-Palatinat,RLP,Allemagne,DE
DE-07232094,Niehl,Eifelkreis Bitburg-Prüm,Rhénanie-Palatinat,RLP,Allemagne,DE
DE-07231504,Niersbach,Bernkastel-Wittlich,Rhénanie-Palatinat,RLP,Allemagne,DE
DE-07339043,Nierstein,Mainz-Bingen,Rhénanie-Palatinat,RLP,Allemagne,DE
DE-07141098,Nievern,Rhein-Lahn-Kreis,Rhénanie-Palatinat,RLP,Allemagne,DE
FR-57508,Nilvange,Moselle,Lorraine,LOR,France,FR
DE-07232279,Nimshuscheid,Eifelkreis Bitburg-Prüm,Rhénanie-Palatinat,RLP,Allemagne,DE
DE-07232280,Nimsreuland,Eifelkreis Bitburg-Prüm,Rhénanie-Palatinat,RLP,Allemagne,DE
DE-07143276,Nister,Westerwaldkreis,Rhénanie-Palatinat,RLP,Allemagne,DE
DE-07143278,Nister-Möhrendorf,Westerwaldkreis,Rhénanie-Palatinat,RLP,Allemagne,DE
DE-07143277,Nisterau,Westerwaldkreis,Rhénanie-Palatinat,RLP,Allemagne,DE
DE-07132079,Nisterberg,Altenkirchen (Ww),Rhénanie-Palatinat,RLP,Allemagne,DE
DE-07143279,Nistertal,Westerwaldkreis,Rhénanie-Palatinat,RLP,Allemagne,DE
DE-07235095,Nittel,Trier-Saarburg,Rhénanie-Palatinat,RLP,Allemagne,DE
FR-57509,Nitting,Moselle,Lorraine,LOR,France,FR
DE-07233228,Nitz,Vulkaneifel,Rhénanie-Palatinat,RLP,Allemagne,DE
BE-25072,Nivelles,Brabant wallon,Wallonie,WAL,Belgique,BE
FR-55385,Nixéville-Blercourt,Meuse,Lorraine,LOR,France,FR
DE-07141099,Nochern,Rhein-Lahn-Kreis,Rhénanie-Palatinat,RLP,Allemagne,DE
DE-07134061,Nohen,Birkenfeld,Rhénanie-Palatinat,RLP,Allemagne,DE
DE-10046114,Nohfelden,St. Wendel,Sarre,SL,Allemagne,DE
DE-07233229,Nohn,Vulkaneifel,Rhénanie-Palatinat,RLP,Allemagne,DE
FR-57510,Noisseville,Moselle,Lorraine,LOR,France,FR
DE-07143055,Nomborn,Westerwaldkreis,Rhénanie-Palatinat,RLP,Allemagne,DE
FR-54400,Nomeny,Meurthe-et-Moselle,Lorraine,LOR,France,FR
FR-88327,Nomexy,Vosges,Lorraine,LOR,France,FR
LU-0410,Nommern,Mersch,Luxembourg,LUX,Luxembourg,LU
FR-88328,Nompatelize,Vosges,Lorraine,LOR,France,FR
FR-54401,Nonhigny,Meurthe-et-Moselle,Lorraine,LOR,France,FR
DE-10046115,Nonnweiler,St. Wendel,Sarre,SL,Allemagne,DE
FR-55386,Nonsard-Lamarche,Meuse,Lorraine,LOR,France,FR
FR-88330,Nonville,Vosges,Lorraine,LOR,France,FR
FR-88331,Nonzeville,Vosges,Lorraine,LOR,France,FR
DE-07140110,Norath,Rhein-Hunsrück-Kreis,Rhénanie-Palatinat,RLP,Allemagne,DE
DE-07143056,Nordhofen,Westerwaldkreis,Rhénanie-Palatinat,RLP,Allemagne,DE
DE-07133071,Norheim,Bad Kreuznach,Rhénanie-Palatinat,RLP,Allemagne,DE
DE-07143280,Norken,Westerwaldkreis,Rhénanie-Palatinat,RLP,Allemagne,DE
FR-88332,Norroy,Vosges,Lorraine,LOR,France,FR
FR-54402,Norroy-le-Sec,Meurthe-et-Moselle,Lorraine,LOR,France,FR
FR-57511,Norroy-le-Veneur,Moselle,Lorraine,LOR,France,FR
FR-54403,Norroy-lès-Pont-à-Mousson,Meurthe-et-Moselle,Lorraine,LOR,France,FR
FR-88333,Nossoncourt,Vosges,Lorraine,LOR,France,FR
DE-07340034,Nothweiler,Südwestpfalz,Rhénanie-Palatinat,RLP,Allemagne,DE
FR-55387,Nouillonpont,Meuse,Lorraine,LOR,France,FR
FR-57512,Nouilly,Moselle,Lorraine,LOR,France,FR
FR-57513,Nousseviller-lès-Bitche,Moselle,Lorraine,LOR,France,FR
FR-57514,Nousseviller-Saint-Nabor,Moselle,Lorraine,LOR,France,FR
FR-54404,Noviant-aux-Prés,Meurthe-et-Moselle,Lorraine,LOR,France,FR
FR-57515,Novéant-sur-Moselle,Moselle,Lorraine,LOR,France,FR
FR-55388,Noyers-Auzécourt,Meuse,Lorraine,LOR,France,FR
FR-55389,Nubécourt,Meuse,Lorraine,LOR,France,FR
DE-07232095,Nusbaum,Eifelkreis Bitburg-Prüm,Rhénanie-Palatinat,RLP,Allemagne,DE
DE-07336069,Nußbach,Kusel,Rhénanie-Palatinat,RLP,Allemagne,DE
DE-07133072,Nußbaum,Bad Kreuznach,Rhénanie-Palatinat,RLP,Allemagne,DE
FR-57496,Nébing,Moselle,Lorraine,LOR,France,FR
DE-07137219,Nörtershausen,Mayen-Koblenz,Rhénanie-Palatinat,RLP,Allemagne,DE
DE-07340035,Nünschweiler,Südwestpfalz,Rhénanie-Palatinat,RLP,Allemagne,DE
DE-07131058,Nürburg,Ahrweiler,Rhénanie-Palatinat,RLP,Allemagne,DE
DE-07140111,Ober Kostenz,Rhein-Hunsrück-Kreis,Rhénanie-Palatinat,RLP,Allemagne,DE
DE-07331052,Ober-Flörsheim,Alzey-Worms,Rhénanie-Palatinat,RLP,Allemagne,DE
DE-07339046,Ober-Hilbersheim,Mainz-Bingen,Rhénanie-Palatinat,RLP,Allemagne,DE
DE-07339047,Ober-Olm,Mainz-Bingen,Rhénanie-Palatinat,RLP,Allemagne,DE
DE-07143281,Oberahr,Westerwaldkreis,Rhénanie-Palatinat,RLP,Allemagne,DE
DE-07336070,Oberalben,Kusel,Rhénanie-Palatinat,RLP,Allemagne,DE
DE-07335031,Oberarnbach,Kaiserslautern,Rhénanie-Palatinat,RLP,Allemagne,DE
DE-07141100,Oberbachheim,Rhein-Lahn-Kreis,Rhénanie-Palatinat,RLP,Allemagne,DE
DE-07233053,Oberbettingen,Vulkaneifel,Rhénanie-Palatinat,RLP,Allemagne,DE
DE-07235096,Oberbillig,Trier-Saarburg,Rhénanie-Palatinat,RLP,Allemagne,DE
DE-07134062,Oberbrombach,Birkenfeld,Rhénanie-Palatinat,RLP,Allemagne,DE
DE-07339044,Oberdiebach,Mainz-Bingen,Rhénanie-Palatinat,RLP,Allemagne,DE
FR-57516,Oberdorff,Moselle,Lorraine,LOR,France,FR
DE-07138052,Oberdreis,Neuwied,Rhénanie-Palatinat,RLP,Allemagne,DE
DE-07131059,Oberdürenbach,Ahrweiler,Rhénanie-Palatinat,RLP,Allemagne,DE
DE-07233054,Oberehe-Stroheich,Vulkaneifel,Rhénanie-Palatinat,RLP,Allemagne,DE
DE-07143057,Oberelbert,Westerwaldkreis,Rhénanie-Palatinat,RLP,Allemagne,DE
DE-07233230,Oberelz,Vulkaneifel,Rhénanie-Palatinat,RLP,Allemagne,DE
DE-07143058,Obererbach,Westerwaldkreis,Rhénanie-Palatinat,RLP,Allemagne,DE
DE-07132081,Obererbach (Westerwald),Altenkirchen (Ww),Rhénanie-Palatinat,RLP,Allemagne,DE
DE-07137220,Oberfell,Mayen-Koblenz,Rhénanie-Palatinat,RLP,Allemagne,DE
DE-07141101,Oberfischbach,Rhein-Lahn-Kreis,Rhénanie-Palatinat,RLP,Allemagne,DE
FR-57517,Obergailbach,Moselle,Lorraine,LOR,France,FR
DE-07232503,Obergeckler,Eifelkreis Bitburg-Prüm,Rhénanie-Palatinat,RLP,Allemagne,DE
DE-07143059,Oberhaid,Westerwaldkreis,Rhénanie-Palatinat,RLP,Allemagne,DE
DE-07134063,Oberhambach,Birkenfeld,Rhénanie-Palatinat,RLP,Allemagne,DE
DE-07337058,Oberhausen,Südliche Weinstraße,Rhénanie-Palatinat,RLP,Allemagne,DE
DE-07333053,Oberhausen an der Appel,Donnersbergkreis,Rhénanie-Palatinat,RLP,Allemagne,DE
DE-07133074,Oberhausen an der Nahe,Bad Kreuznach,Rhénanie-Palatinat,RLP,Allemagne,DE
DE-07133073,Oberhausen bei Kirn,Bad Kreuznach,Rhénanie-Palatinat,RLP,Allemagne,DE
DE-07339045,Oberheimbach,Mainz-Bingen,Rhénanie-Palatinat,RLP,Allemagne,DE
DE-07138053,Oberhonnefeld-Gierend,Neuwied,Rhénanie-Palatinat,RLP,Allemagne,DE
DE-07134064,Oberhosenbach,Birkenfeld,Rhénanie-Palatinat,RLP,Allemagne,DE
DE-07132082,Oberirsen,Altenkirchen (Ww),Rhénanie-Palatinat,RLP,Allemagne,DE
DE-07232282,Oberkail,Eifelkreis Bitburg-Prüm,Rhénanie-Palatinat,RLP,Allemagne,DE
DE-07134065,Oberkirn,Birkenfeld,Rhénanie-Palatinat,RLP,Allemagne,DE
DE-07132083,Oberlahr,Altenkirchen (Ww),Rhénanie-Palatinat,RLP,Allemagne,DE
DE-07232283,Oberlascheid,Eifelkreis Bitburg-Prüm,Rhénanie-Palatinat,RLP,Allemagne,DE
DE-07232284,Oberlauch,Eifelkreis Bitburg-Prüm,Rhénanie-Palatinat,RLP,Allemagne,DE
DE-07333054,Obermoschel,Donnersbergkreis,Rhénanie-Palatinat,RLP,Allemagne,DE
DE-07333055,Oberndorf,Donnersbergkreis,Rhénanie-Palatinat,RLP,Allemagne,DE
DE-07141102,Oberneisen,Rhein-Lahn-Kreis,Rhénanie-Palatinat,RLP,Allemagne,DE
DE-07340219,Obernheim-Kirchenarnbach,Südwestpfalz,Rhénanie-Palatinat,RLP,Allemagne,DE
DE-07141103,Obernhof,Rhein-Lahn-Kreis,Rhénanie-Palatinat,RLP,Allemagne,DE
DE-07337059,Oberotterbach,Südliche Weinstraße,Rhénanie-Palatinat,RLP,Allemagne,DE
DE-07232285,Oberpierscheid,Eifelkreis Bitburg-Prüm,Rhénanie-Palatinat,RLP,Allemagne,DE
DE-07138054,Oberraden,Neuwied,Rhénanie-Palatinat,RLP,Allemagne,DE
DE-07134066,Oberreidenbach,Birkenfeld,Rhénanie-Palatinat,RLP,Allemagne,DE
DE-07143282,Oberrod,Westerwaldkreis,Rhénanie-Palatinat,RLP,Allemagne,DE
DE-07143283,Oberroßbach,Westerwaldkreis,Rhénanie-Palatinat,RLP,Allemagne,DE
DE-07231101,Oberscheidweiler,Bernkastel-Wittlich,Rhénanie-Palatinat,RLP,Allemagne,DE
DE-07337060,Oberschlettenbach,Südliche Weinstraße,Rhénanie-Palatinat,RLP,Allemagne,DE
DE-07340036,Obersimten,Südwestpfalz,Rhénanie-Palatinat,RLP,Allemagne,DE
DE-07233055,Oberstadtfeld,Vulkaneifel,Rhénanie-Palatinat,RLP,Allemagne,DE
DE-07336071,Oberstaufenbach,Kusel,Rhénanie-Palatinat,RLP,Allemagne,DE
DE-07232097,Oberstedem,Eifelkreis Bitburg-Prüm,Rhénanie-Palatinat,RLP,Allemagne,DE
DE-07132085,Obersteinebach,Altenkirchen (Ww),Rhénanie-Palatinat,RLP,Allemagne,DE
FR-57518,Oberstinzel,Moselle,Lorraine,LOR,France,FR
DE-07133075,Oberstreit,Bad Kreuznach,Rhénanie-Palatinat,RLP,Allemagne,DE
DE-07332040,Obersülzen,Bad Dürkheim,Rhénanie-Palatinat,RLP,Allemagne,DE
DE-10046116,Oberthal,St. Wendel,Sarre,SL,Allemagne,DE
DE-07141104,Obertiefenbach,Rhein-Lahn-Kreis,Rhénanie-Palatinat,RLP,Allemagne,DE
FR-57519,Obervisse,Moselle,Lorraine,LOR,France,FR
DE-07141105,Oberwallmenach,Rhein-Lahn-Kreis,Rhénanie-Palatinat,RLP,Allemagne,DE
DE-07132086,Oberwambach,Altenkirchen (Ww),Rhénanie-Palatinat,RLP,Allemagne,DE
DE-07232098,Oberweiler,Eifelkreis Bitburg-Prüm,Rhénanie-Palatinat,RLP,Allemagne,DE
DE-07336072,Oberweiler im Tal,Kusel,Rhénanie-Palatinat,RLP,Allemagne,DE
DE-07336073,Oberweiler-Tiefenbach,Kusel,Rhénanie-Palatinat,RLP,Allemagne,DE
DE-07232099,Oberweis,Eifelkreis Bitburg-Prüm,Rhénanie-Palatinat,RLP,Allemagne,DE
DE-07140112,Oberwesel,Rhein-Hunsrück-Kreis,Rhénanie-Palatinat,RLP,Allemagne,DE
DE-07141106,Oberwies,Rhein-Lahn-Kreis,Rhénanie-Palatinat,RLP,Allemagne,DE
DE-07333056,Oberwiesen,Donnersbergkreis,Rhénanie-Palatinat,RLP,Allemagne,DE
DE-07134067,Oberwörresbach,Birkenfeld,Rhénanie-Palatinat,RLP,Allemagne,DE
DE-07131060,Oberzissen,Ahrweiler,Rhénanie-Palatinat,RLP,Allemagne,DE
DE-07231100,Oberöfflingen,Bernkastel-Wittlich,Rhénanie-Palatinat,RLP,Allemagne,DE
FR-57520,Obreck,Moselle,Lorraine,LOR,France,FR
DE-07332041,Obrigheim (Pfalz),Bad Dürkheim,Rhénanie-Palatinat,RLP,Allemagne,DE
FR-54405,Ochey,Meurthe-et-Moselle,Lorraine,LOR,France,FR
DE-07137086,Ochtendung,Mayen-Koblenz,Rhénanie-Palatinat,RLP,Allemagne,DE
DE-07138055,Ockenfels,Neuwied,Rhénanie-Palatinat,RLP,Allemagne,DE
DE-07339048,Ockenheim,Mainz-Bingen,Rhénanie-Palatinat,RLP,Allemagne,DE
DE-07235098,Ockfen,Trier-Saarburg,Rhénanie-Palatinat,RLP,Allemagne,DE
DE-07336074,Odenbach,Kusel,Rhénanie-Palatinat,RLP,Allemagne,DE
DE-07133076,Odernheim am Glan,Bad Kreuznach,Rhénanie-Palatinat,RLP,Allemagne,DE
DE-07141107,Oelsberg,Rhein-Lahn-Kreis,Rhénanie-Palatinat,RLP,Allemagne,DE
DE-07337061,Offenbach an der Queich,Südliche Weinstraße,Rhénanie-Palatinat,RLP,Allemagne,DE
DE-07336075,Offenbach-Hundheim,Kusel,Rhénanie-Palatinat,RLP,Allemagne,DE
DE-07331053,Offenheim,Alzey-Worms,Rhénanie-Palatinat,RLP,Allemagne,DE
FR-88335,Offroicourt,Vosges,Lorraine,LOR,France,FR
DE-07331054,Offstein,Alzey-Worms,Rhénanie-Palatinat,RLP,Allemagne,DE
FR-54407,Ognéville,Meurthe-et-Moselle,Lorraine,LOR,France,FR
FR-57482,Ogy-Montoy-Flanville,Moselle,Lorraine,LOR,France,FR
FR-54406,Ogéviller,Meurthe-et-Moselle,Lorraine,LOR,France,FR
BE-92097,Ohey,Namur,Wallonie,WAL,Belgique,BE
DE-07131062,Ohlenhard,Ahrweiler,Rhénanie-Palatinat,RLP,Allemagne,DE
DE-07140113,Ohlweiler,Rhein-Hunsrück-Kreis,Rhénanie-Palatinat,RLP,Allemagne,DE
DE-07336076,Ohmbach,Kusel,Rhénanie-Palatinat,RLP,Allemagne,DE
FR-55391,Olizy-sur-Chiers,Meuse,Lorraine,LOR,France,FR
FR-88336,Ollainville,Vosges,Lorraine,LOR,France,FR
FR-54408,Olley,Meurthe-et-Moselle,Lorraine,LOR,France,FR
DE-07235100,Ollmuth,Trier-Saarburg,Rhénanie-Palatinat,RLP,Allemagne,DE
DE-07232287,Olmscheid,Eifelkreis Bitburg-Prüm,Rhénanie-Palatinat,RLP,Allemagne,DE
BE-63057,Olne,Liège,Wallonie,WAL,Belgique,BE
DE-07335033,Olsbrücken,Kaiserslautern,Rhénanie-Palatinat,RLP,Allemagne,DE
DE-07232100,Olsdorf,Eifelkreis Bitburg-Prüm,Rhénanie-Palatinat,RLP,Allemagne,DE
DE-07232288,Olzheim,Eifelkreis Bitburg-Prüm,Rhénanie-Palatinat,RLP,Allemagne,DE
FR-54409,Omelmont,Meurthe-et-Moselle,Lorraine,LOR,France,FR
FR-57524,Ommeray,Moselle,Lorraine,LOR,France,FR
BE-91103,Onhaye,Namur,Wallonie,WAL,Belgique,BE
DE-07235101,Onsdorf,Trier-Saarburg,Rhénanie-Palatinat,RLP,Allemagne,DE
FR-54410,Onville,Meurthe-et-Moselle,Lorraine,LOR,France,FR
DE-07339049,Oppenheim,Mainz-Bingen,Rhénanie-Palatinat,RLP,Allemagne,DE
DE-07140115,Oppertshausen,Rhein-Hunsrück-Kreis,Rhénanie-Palatinat,RLP,Allemagne,DE
DE-07333057,Orbis,Donnersbergkreis,Rhénanie-Palatinat,RLP,Allemagne,DE
DE-07232289,Orenhofen,Eifelkreis Bitburg-Prüm,Rhénanie-Palatinat,RLP,Allemagne,DE
BE-64056,Oreye,Liège,Wallonie,WAL,Belgique,BE
DE-07132088,Orfgen,Altenkirchen (Ww),Rhénanie-Palatinat,RLP,Allemagne,DE
FR-57525,Oriocourt,Moselle,Lorraine,LOR,France,FR
DE-07232290,Orlenbach,Eifelkreis Bitburg-Prüm,Rhénanie-Palatinat,RLP,Allemagne,DE
FR-57526,Ormersviller,Moselle,Lorraine,LOR,France,FR
FR-54411,Ormes-et-Ville,Meurthe-et-Moselle,Lorraine,LOR,France,FR
DE-07233232,Ormont,Vulkaneifel,Rhénanie-Palatinat,RLP,Allemagne,DE
FR-55394,Ornes,Meuse,Lorraine,LOR,France,FR
FR-57527,Orny,Moselle,Lorraine,LOR,France,FR
FR-57528,Oron,Moselle,Lorraine,LOR,France,FR
BE-25120,Orp-Jauche,Brabant wallon,Wallonie,WAL,Belgique,BE
DE-07232101,Orsfeld,Eifelkreis Bitburg-Prüm,Rhénanie-Palatinat,RLP,Allemagne,DE
FR-88338,Ortoncourt,Vosges,Lorraine,LOR,France,FR
DE-07231103,Osann-Monzel,Bernkastel-Wittlich,Rhénanie-Palatinat,RLP,Allemagne,DE
DE-07235103,Osburg,Trier-Saarburg,Rhénanie-Palatinat,RLP,Allemagne,DE
FR-55395,Osches,Meuse,Lorraine,LOR,France,FR
DE-07141108,Osterspai,Rhein-Lahn-Kreis,Rhénanie-Palatinat,RLP,Allemagne,DE
DE-07331055,Osthofen,Alzey-Worms,Rhénanie-Palatinat,RLP,Allemagne,DE
FR-54412,Othe,Meurthe-et-Moselle,Lorraine,LOR,France,FR
FR-57529,Ottange,Moselle,Lorraine,LOR,France,FR
DE-07335034,Otterbach,Kaiserslautern,Rhénanie-Palatinat,RLP,Allemagne,DE
DE-07335035,Otterberg,Kaiserslautern,Rhénanie-Palatinat,RLP,Allemagne,DE
DE-07333058,Ottersheim,Donnersbergkreis,Rhénanie-Palatinat,RLP,Allemagne,DE
DE-07334023,Ottersheim bei Landau,Germersheim,Rhénanie-Palatinat,RLP,Allemagne,DE
DE-07338021,Otterstadt,Rhein-Pfalz-Kreis,Rhénanie-Palatinat,RLP,Allemagne,DE
BE-25121,Ottignies-Louvain-la-Neuve,Brabant wallon,Wallonie,WAL,Belgique,BE
FR-57530,Ottonville,Moselle,Lorraine,LOR,France,FR
DE-10043115,Ottweiler,Neunkirchen,Sarre,SL,Allemagne,DE
DE-07133077,Otzweiler,Bad Kreuznach,Rhénanie-Palatinat,RLP,Allemagne,DE
FR-57531,Oudrenne,Moselle,Lorraine,LOR,France,FR
BE-61048,Ouffet,Liège,Wallonie,WAL,Belgique,BE
BE-62079,Oupeye,Liège,Wallonie,WAL,Belgique,BE
FR-55396,Ourches-sur-Meuse,Meuse,Lorraine,LOR,France,FR
FR-54413,Ozerailles,Meurthe-et-Moselle,Lorraine,LOR,France,FR
FR-88334,Oëlleville,Vosges,Lorraine,LOR,France,FR
FR-88340,Padoux,Vosges,Lorraine,LOR,France,FR
FR-54414,Pagney-derrière-Barine,Meurthe-et-Moselle,Lorraine,LOR,France,FR
FR-55397,Pagny-la-Blanche-Côte,Meuse,Lorraine,LOR,France,FR
FR-57532,Pagny-lès-Goin,Moselle,Lorraine,LOR,France,FR
FR-55398,Pagny-sur-Meuse,Meuse,Lorraine,LOR,France,FR
FR-54415,Pagny-sur-Moselle,Meurthe-et-Moselle,Lorraine,LOR,France,FR
FR-88341,Pair-et-Grandrupt,Vosges,Lorraine,LOR,France,FR
BE-84050,Paliseul,Luxembourg,Wallonie,WAL,Belgique,BE
FR-88342,Pallegney,Vosges,Lorraine,LOR,France,FR
DE-07235104,Palzem,Trier-Saarburg,Rhénanie-Palatinat,RLP,Allemagne,DE
FR-57533,Pange,Moselle,Lorraine,LOR,France,FR
FR-54416,Pannes,Meurthe-et-Moselle,Lorraine,LOR,France,FR
DE-07231104,Pantenburg,Bernkastel-Wittlich,Rhénanie-Palatinat,RLP,Allemagne,DE
DE-07135070,Panzweiler,Cochem-Zell,Rhénanie-Palatinat,RLP,Allemagne,DE
LU-0503,Parc Hosingen,Clervaux,Luxembourg,LUX,Luxembourg,LU
FR-55399,Pareid,Meuse,Lorraine,LOR,France,FR
FR-54417,Parey-Saint-Césaire,Meurthe-et-Moselle,Lorraine,LOR,France,FR
FR-88343,Parey-sous-Montfort,Vosges,Lorraine,LOR,France,FR
FR-55400,Parfondrupt,Meuse,Lorraine,LOR,France,FR
FR-88344,Pargny-sous-Mureau,Vosges,Lorraine,LOR,France,FR
FR-54418,Parroy,Meurthe-et-Moselle,Lorraine,LOR,France,FR
DE-07331056,Partenheim,Alzey-Worms,Rhénanie-Palatinat,RLP,Allemagne,DE
FR-54419,Parux,Meurthe-et-Moselle,Lorraine,LOR,France,FR
DE-07235105,Paschel,Trier-Saarburg,Rhénanie-Palatinat,RLP,Allemagne,DE
DE-07141109,Patersberg,Rhein-Lahn-Kreis,Rhénanie-Palatinat,RLP,Allemagne,DE
BE-57062,Pecq,Hainaut,Wallonie,WAL,Belgique,BE
DE-07232103,Peffingen,Eifelkreis Bitburg-Prüm,Rhénanie-Palatinat,RLP,Allemagne,DE
DE-07235106,Pellingen,Trier-Saarburg,Rhénanie-Palatinat,RLP,Allemagne,DE
DE-07233056,Pelm,Vulkaneifel,Rhénanie-Palatinat,RLP,Allemagne,DE
FR-57534,Peltre,Moselle,Lorraine,LOR,France,FR
BE-63058,Pepinster,Liège,Wallonie,WAL,Belgique,BE
DE-10042115,Perl,Merzig-Wadern,Sarre,SL,Allemagne,DE
DE-07140116,Perscheid,Rhein-Hunsrück-Kreis,Rhénanie-Palatinat,RLP,Allemagne,DE
BE-25084,Perwez,Brabant wallon,Wallonie,WAL,Belgique,BE
DE-07340037,Petersberg,Südwestpfalz,Rhénanie-Palatinat,RLP,Allemagne,DE
DE-07132089,Peterslahr,Altenkirchen (Ww),Rhénanie-Palatinat,RLP,Allemagne,DE
DE-07135071,Peterswald-Löffelscheid,Cochem-Zell,Rhénanie-Palatinat,RLP,Allemagne,DE
FR-54420,Petit-Failly,Meurthe-et-Moselle,Lorraine,LOR,France,FR
FR-57535,Petit-Réderching,Moselle,Lorraine,LOR,France,FR
FR-57536,Petit-Tenquin,Moselle,Lorraine,LOR,France,FR
FR-57537,Petite-Rosselle,Moselle,Lorraine,LOR,France,FR
FR-54421,Petitmont,Meurthe-et-Moselle,Lorraine,LOR,France,FR
FR-57538,Pettoncourt,Moselle,Lorraine,LOR,France,FR
FR-54422,Pettonville,Meurthe-et-Moselle,Lorraine,LOR,France,FR
FR-55403,Peuvillers,Meuse,Lorraine,LOR,France,FR
FR-54423,Pexonne,Meurthe-et-Moselle,Lorraine,LOR,France,FR
DE-07133078,Pfaffen-Schwabenheim,Bad Kreuznach,Rhénanie-Palatinat,RLP,Allemagne,DE
DE-07140117,Pfalzfeld,Rhein-Hunsrück-Kreis,Rhénanie-Palatinat,RLP,Allemagne,DE
DE-07336077,Pfeffelbach,Kusel,Rhénanie-Palatinat,RLP,Allemagne,DE
FR-57540,Phalsbourg,Moselle,Lorraine,LOR,France,FR
BE-93056,Philippeville,Namur,Wallonie,WAL,Belgique,BE
FR-57541,Philippsbourg,Moselle,Lorraine,LOR,France,FR
DE-07232104,Philippsheim,Eifelkreis Bitburg-Prüm,Rhénanie-Palatinat,RLP,Allemagne,DE
FR-54424,Phlin,Meurthe-et-Moselle,Lorraine,LOR,France,FR
FR-57542,Piblange,Moselle,Lorraine,LOR,France,FR
DE-07232105,Pickließem,Eifelkreis Bitburg-Prüm,Rhénanie-Palatinat,RLP,Allemagne,DE
FR-54425,Piennes,Meurthe-et-Moselle,Lorraine,LOR,France,FR
FR-54426,Pierre-la-Treiche,Meurthe-et-Moselle,Lorraine,LOR,France,FR
FR-54427,Pierre-Percée,Meurthe-et-Moselle,Lorraine,LOR,France,FR
FR-88347,Pierrefitte,Vosges,Lorraine,LOR,France,FR
FR-55404,Pierrefitte-sur-Aire,Meuse,Lorraine,LOR,France,FR
FR-54428,Pierrepont,Meurthe-et-Moselle,Lorraine,LOR,France,FR
FR-88348,Pierrepont-sur-l'Arentèle,Vosges,Lorraine,LOR,France,FR
FR-54429,Pierreville,Meurthe-et-Moselle,Lorraine,LOR,France,FR
FR-57543,Pierrevillers,Moselle,Lorraine,LOR,France,FR
DE-07231105,Piesport,Bernkastel-Wittlich,Rhénanie-Palatinat,RLP,Allemagne,DE
DE-07137087,Pillig,Mayen-Koblenz,Rhénanie-Palatinat,RLP,Allemagne,DE
FR-55405,Pillon,Meuse,Lorraine,LOR,France,FR
DE-07232291,Pintesfeld,Eifelkreis Bitburg-Prüm,Rhénanie-Palatinat,RLP,Allemagne,DE
FR-55406,Pintheville,Meuse,Lorraine,LOR,France,FR
DE-07317000,Pirmasens,Pirmasens,Rhénanie-Palatinat,RLP,Allemagne,DE
DE-07232292,Pittenbach,Eifelkreis Bitburg-Prüm,Rhénanie-Palatinat,RLP,Allemagne,DE
DE-07137088,Plaidt,Mayen-Koblenz,Rhénanie-Palatinat,RLP,Allemagne,DE
FR-57544,Plaine-de-Walsch,Moselle,Lorraine,LOR,France,FR
FR-88349,Plainfaing,Vosges,Lorraine,LOR,France,FR
FR-57545,Plappeville,Moselle,Lorraine,LOR,France,FR
DE-07232106,Plascheid,Eifelkreis Bitburg-Prüm,Rhénanie-Palatinat,RLP,Allemagne,DE
DE-07231107,Platten,Bernkastel-Wittlich,Rhénanie-Palatinat,RLP,Allemagne,DE
DE-07132090,Pleckhausen,Altenkirchen (Ww),Rhénanie-Palatinat,RLP,Allemagne,DE
DE-07231108,Plein,Bernkastel-Wittlich,Rhénanie-Palatinat,RLP,Allemagne,DE
DE-07337062,Pleisweiler-Oberhofen,Südliche Weinstraße,Rhénanie-Palatinat,RLP,Allemagne,DE
DE-07133080,Pleitersheim,Bad Kreuznach,Rhénanie-Palatinat,RLP,Allemagne,DE
DE-07140118,Pleizenhausen,Rhein-Hunsrück-Kreis,Rhénanie-Palatinat,RLP,Allemagne,DE
FR-57546,Plesnois,Moselle,Lorraine,LOR,France,FR
FR-88350,Pleuvezain,Vosges,Lorraine,LOR,France,FR
BE-63088,Plombières,Liège,Wallonie,WAL,Belgique,BE
FR-88351,Plombières-les-Bains,Vosges,Lorraine,LOR,France,FR
DE-07235107,Pluwig,Trier-Saarburg,Rhénanie-Palatinat,RLP,Allemagne,DE
DE-07232293,Plütscheid,Eifelkreis Bitburg-Prüm,Rhénanie-Palatinat,RLP,Allemagne,DE
DE-07141111,Pohl,Rhein-Lahn-Kreis,Rhénanie-Palatinat,RLP,Allemagne,DE
DE-07137089,Polch,Mayen-Koblenz,Rhénanie-Palatinat,RLP,Allemagne,DE
DE-07135072,Pommern,Cochem-Zell,Rhénanie-Palatinat,RLP,Allemagne,DE
FR-57547,Pommérieux,Moselle,Lorraine,LOR,France,FR
FR-54430,Pompey,Meurthe-et-Moselle,Lorraine,LOR,France,FR
FR-88352,Pompierre,Vosges,Lorraine,LOR,France,FR
DE-07131065,Pomster,Ahrweiler,Rhénanie-Palatinat,RLP,Allemagne,DE
FR-88353,Pont-lès-Bonfays,Vosges,Lorraine,LOR,France,FR
FR-54432,Pont-Saint-Vincent,Meurthe-et-Moselle,Lorraine,LOR,France,FR
FR-88354,Pont-sur-Madon,Vosges,Lorraine,LOR,France,FR
FR-55407,Pont-sur-Meuse,Meuse,Lorraine,LOR,France,FR
BE-52055,Pont-à-Celles,Hainaut,Wallonie,WAL,Belgique,BE
FR-54431,Pont-à-Mousson,Meurthe-et-Moselle,Lorraine,LOR,France,FR
FR-57548,Pontoy,Moselle,Lorraine,LOR,France,FR
FR-57549,Pontpierre,Moselle,Lorraine,LOR,France,FR
FR-57550,Porcelette,Moselle,Lorraine,LOR,France,FR
FR-54433,Port-sur-Seille,Meurthe-et-Moselle,Lorraine,LOR,France,FR
FR-88355,Portieux,Vosges,Lorraine,LOR,France,FR
FR-57551,Postroff,Moselle,Lorraine,LOR,France,FR
DE-07143284,Pottum,Westerwaldkreis,Rhénanie-Palatinat,RLP,Allemagne,DE
FR-57552,Pouilly,Moselle,Lorraine,LOR,France,FR
FR-55408,Pouilly-sur-Meuse,Meuse,Lorraine,LOR,France,FR
FR-57553,Pournoy-la-Chétive,Moselle,Lorraine,LOR,France,FR
FR-57554,Pournoy-la-Grasse,Moselle,Lorraine,LOR,France,FR
FR-88357,Poussay,Vosges,Lorraine,LOR,France,FR
FR-88358,Pouxeux,Vosges,Lorraine,LOR,France,FR
DE-07132091,Pracht,Altenkirchen (Ww),Rhénanie-Palatinat,RLP,Allemagne,DE
DE-07141112,Prath,Rhein-Lahn-Kreis,Rhénanie-Palatinat,RLP,Allemagne,DE
FR-54434,Praye,Meurthe-et-Moselle,Lorraine,LOR,France,FR
DE-07232294,Preischeid,Eifelkreis Bitburg-Prüm,Rhénanie-Palatinat,RLP,Allemagne,DE
DE-07232107,Preist,Eifelkreis Bitburg-Prüm,Rhénanie-Palatinat,RLP,Allemagne,DE
FR-55409,Pretz-en-Argonne,Meuse,Lorraine,LOR,France,FR
FR-54436,Preutin-Higny,Meurthe-et-Moselle,Lorraine,LOR,France,FR
FR-88359,Prey,Vosges,Lorraine,LOR,France,FR
BE-92101,Profondeville,Namur,Wallonie,WAL,Belgique,BE
DE-07232295,Pronsfeld,Eifelkreis Bitburg-Prüm,Rhénanie-Palatinat,RLP,Allemagne,DE
FR-88361,Provenchères-et-Colroy,Vosges,Lorraine,LOR,France,FR
FR-88360,Provenchères-lès-Darney,Vosges,Lorraine,LOR,France,FR
LU-0702,Préizerdaul,Redange,Luxembourg,LUX,Luxembourg,LU
FR-54435,Prény,Meurthe-et-Moselle,Lorraine,LOR,France,FR
FR-57555,Prévocourt,Moselle,Lorraine,LOR,France,FR
DE-07232296,Prüm,Eifelkreis Bitburg-Prüm,Rhénanie-Palatinat,RLP,Allemagne,DE
DE-07232108,Prümzurlay,Eifelkreis Bitburg-Prüm,Rhénanie-Palatinat,RLP,Allemagne,DE
DE-07138057,Puderbach,Neuwied,Rhénanie-Palatinat,RLP,Allemagne,DE
FR-54437,Pulligny,Meurthe-et-Moselle,Lorraine,LOR,France,FR
FR-54438,Pulney,Meurthe-et-Moselle,Lorraine,LOR,France,FR
FR-54439,Pulnoy,Meurthe-et-Moselle,Lorraine,LOR,France,FR
FR-88363,Punerot,Vosges,Lorraine,LOR,France,FR
LU-0902,Putscheid,Vianden,Luxembourg,LUX,Luxembourg,LU
FR-57556,Puttelange-aux-Lacs,Moselle,Lorraine,LOR,France,FR
FR-57557,Puttelange-lès-Thionville,Moselle,Lorraine,LOR,France,FR
FR-57558,Puttigny,Moselle,Lorraine,LOR,France,FR
FR-54440,Puxe,Meurthe-et-Moselle,Lorraine,LOR,France,FR
FR-54441,Puxieux,Meurthe-et-Moselle,Lorraine,LOR,France,FR
FR-57559,Puzieux (Moselle),Moselle,Lorraine,LOR,France,FR
FR-88364,Puzieux (Vosges),Vosges,Lorraine,LOR,France,FR
BE-57064,Péruwelz,Hainaut,Wallonie,WAL,Belgique,BE
LU-0209,Pétange,Esch-sur-Alzette,Luxembourg,LUX,Luxembourg,LU
FR-57539,Pévange,Moselle,Lorraine,LOR,France,FR
DE-07235108,Pölich,Trier-Saarburg,Rhénanie-Palatinat,RLP,Allemagne,DE
DE-07135073,Pünderich,Cochem-Zell,Rhénanie-Palatinat,RLP,Allemagne,DE
DE-10041515,Püttlingen,Saarbrücken,Sarre,SL,Allemagne,DE
BE-53065,Quaregnon,Hainaut,Wallonie,WAL,Belgique,BE
DE-07335037,Queidersbach,Kaiserslautern,Rhénanie-Palatinat,RLP,Allemagne,DE
FR-54442,Quevilloncourt,Meurthe-et-Moselle,Lorraine,LOR,France,FR
DE-07131066,Quiddelbach,Ahrweiler,Rhénanie-Palatinat,RLP,Allemagne,DE
DE-10041516,Quierschied,Saarbrücken,Sarre,SL,Allemagne,DE
FR-55410,Quincy-Landzécourt,Meuse,Lorraine,LOR,France,FR
DE-07143061,Quirnbach,Westerwaldkreis,Rhénanie-Palatinat,RLP,Allemagne,DE
DE-07336501,Quirnbach/Pfalz,Kusel,Rhénanie-Palatinat,RLP,Allemagne,DE
DE-07332042,Quirnheim,Bad Dürkheim,Rhénanie-Palatinat,RLP,Allemagne,DE
BE-53068,Quiévrain,Hainaut,Wallonie,WAL,Belgique,BE
BE-53084,Quévy,Hainaut,Wallonie,WAL,Belgique,BE
DE-07132092,Racksen,Altenkirchen (Ww),Rhénanie-Palatinat,RLP,Allemagne,DE
FR-57560,Racrange,Moselle,Lorraine,LOR,France,FR
FR-88365,Racécourt,Vosges,Lorraine,LOR,France,FR
BE-63061,Raeren,Liège,Wallonie,WAL,Belgique,BE
FR-57561,Rahling,Moselle,Lorraine,LOR,France,FR
FR-88366,Rainville,Vosges,Lorraine,LOR,France,FR
FR-55442,Raival,Meuse,Lorraine,LOR,France,FR
DE-07235111,Ralingen,Trier-Saarburg,Rhénanie-Palatinat,RLP,Allemagne,DE
DE-07337064,Ramberg,Südliche Weinstraße,Rhénanie-Palatinat,RLP,Allemagne,DE
FR-88367,Rambervillers,Vosges,Lorraine,LOR,France,FR
FR-55411,Rambluzin-et-Benoite-Vaux,Meuse,Lorraine,LOR,France,FR
LU-0704,Rambrouch,Redange,Luxembourg,LUX,Luxembourg,LU
FR-55412,Rambucourt,Meuse,Lorraine,LOR,France,FR
FR-88368,Ramecourt,Vosges,Lorraine,LOR,France,FR
BE-25122,Ramillies,Brabant wallon,Wallonie,WAL,Belgique,BE
DE-07336079,Rammelsbach,Kusel,Rhénanie-Palatinat,RLP,Allemagne,DE
FR-88369,Ramonchamp,Vosges,Lorraine,LOR,France,FR
DE-07333060,Ramsen,Donnersbergkreis,Rhénanie-Palatinat,RLP,Allemagne,DE
DE-07335038,Ramstein-Miesenbach,Kaiserslautern,Rhénanie-Palatinat,RLP,Allemagne,DE
FR-88370,Rancourt,Vosges,Lorraine,LOR,France,FR
FR-55414,Rancourt-sur-Ornain,Meuse,Lorraine,LOR,France,FR
FR-57562,Ranguevaux,Moselle,Lorraine,LOR,France,FR
DE-07143062,Ransbach-Baumbach,Westerwaldkreis,Rhénanie-Palatinat,RLP,Allemagne,DE
DE-07337065,Ranschbach,Südliche Weinstraße,Rhénanie-Palatinat,RLP,Allemagne,DE
DE-07333061,Ransweiler,Donnersbergkreis,Rhénanie-Palatinat,RLP,Allemagne,DE
FR-55415,Ranzières,Meuse,Lorraine,LOR,France,FR
FR-88371,Raon-aux-Bois,Vosges,Lorraine,LOR,France,FR
FR-88372,Raon-l'Étape,Vosges,Lorraine,LOR,France,FR
FR-54443,Raon-lès-Leau,Meurthe-et-Moselle,Lorraine,LOR,France,FR
FR-88373,Raon-sur-Plaine,Vosges,Lorraine,LOR,France,FR
FR-88374,Rapey,Vosges,Lorraine,LOR,France,FR
FR-55416,Rarécourt,Meuse,Lorraine,LOR,France,FR
DE-07235112,Rascheid,Trier-Saarburg,Rhénanie-Palatinat,RLP,Allemagne,DE
DE-07333201,Rathskirchen,Donnersbergkreis,Rhénanie-Palatinat,RLP,Allemagne,DE
DE-07336081,Rathsweiler,Kusel,Rhénanie-Palatinat,RLP,Allemagne,DE
DE-07138058,Ratzert,Neuwied,Rhénanie-Palatinat,RLP,Allemagne,DE
DE-07138059,Raubach,Neuwied,Rhénanie-Palatinat,RLP,Allemagne,DE
FR-54444,Raucourt,Meurthe-et-Moselle,Lorraine,LOR,France,FR
DE-07133081,Raumbach,Bad Kreuznach,Rhénanie-Palatinat,RLP,Allemagne,DE
DE-07140119,Ravengiersburg,Rhein-Hunsrück-Kreis,Rhénanie-Palatinat,RLP,Allemagne,DE
DE-07140120,Raversbeuren,Rhein-Hunsrück-Kreis,Rhénanie-Palatinat,RLP,Allemagne,DE
FR-88375,Raves,Vosges,Lorraine,LOR,France,FR
FR-57563,Raville,Moselle,Lorraine,LOR,France,FR
FR-54445,Raville-sur-Sânon,Meurthe-et-Moselle,Lorraine,LOR,France,FR
DE-07140121,Rayerschied,Rhein-Hunsrück-Kreis,Rhénanie-Palatinat,RLP,Allemagne,DE
BE-25123,Rebecq,Brabant wallon,Wallonie,WAL,Belgique,BE
FR-88376,Rebeuville,Vosges,Lorraine,LOR,France,FR
DE-07131068,Rech,Ahrweiler,Rhénanie-Palatinat,RLP,Allemagne,DE
LU-0210,Reckange-sur-Mess,Esch-sur-Alzette,Luxembourg,LUX,Luxembourg,LU
DE-07141113,Reckenroth,Rhein-Lahn-Kreis,Rhénanie-Palatinat,RLP,Allemagne,DE
DE-07140122,Reckershausen,Rhein-Hunsrück-Kreis,Rhénanie-Palatinat,RLP,Allemagne,DE
LU-0706,Redange,Redange,Luxembourg,LUX,Luxembourg,LU
FR-55421,Reffroy,Meuse,Lorraine,LOR,France,FR
FR-88378,Regney,Vosges,Lorraine,LOR,France,FR
FR-88377,Regnévelle,Vosges,Lorraine,LOR,France,FR
FR-55422,Regnéville-sur-Meuse,Meuse,Lorraine,LOR,France,FR
FR-88379,Rehaincourt,Vosges,Lorraine,LOR,France,FR
FR-54449,Rehainviller,Meurthe-et-Moselle,Lorraine,LOR,France,FR
FR-88380,Rehaupal,Vosges,Lorraine,LOR,France,FR
DE-07133082,Rehbach,Bad Kreuznach,Rhénanie-Palatinat,RLP,Allemagne,DE
DE-07133083,Rehborn,Bad Kreuznach,Rhénanie-Palatinat,RLP,Allemagne,DE
DE-07143285,Rehe,Westerwaldkreis,Rhénanie-Palatinat,RLP,Allemagne,DE
FR-54450,Reherrey,Meurthe-et-Moselle,Lorraine,LOR,France,FR
DE-10044114,Rehlingen-Siersburg,Saarlouis,Sarre,SL,Allemagne,DE
DE-07336082,Rehweiler,Kusel,Rhénanie-Palatinat,RLP,Allemagne,DE
DE-07140123,Reich,Rhein-Hunsrück-Kreis,Rhénanie-Palatinat,RLP,Allemagne,DE
DE-07134068,Reichenbach,Birkenfeld,Rhénanie-Palatinat,RLP,Allemagne,DE
DE-07335501,Reichenbach-Steegen,Kaiserslautern,Rhénanie-Palatinat,RLP,Allemagne,DE
DE-07141114,Reichenberg,Rhein-Lahn-Kreis,Rhénanie-Palatinat,RLP,Allemagne,DE
DE-07333202,Reichsthal,Donnersbergkreis,Rhénanie-Palatinat,RLP,Allemagne,DE
DE-07336084,Reichweiler,Kusel,Rhénanie-Palatinat,RLP,Allemagne,DE
DE-07135074,Reidenhausen,Cochem-Zell,Rhénanie-Palatinat,RLP,Allemagne,DE
DE-07340220,Reifenberg,Südwestpfalz,Rhénanie-Palatinat,RLP,Allemagne,DE
DE-07132093,Reiferscheid,Altenkirchen (Ww),Rhénanie-Palatinat,RLP,Allemagne,DE
DE-07232297,Reiff,Eifelkreis Bitburg-Prüm,Rhénanie-Palatinat,RLP,Allemagne,DE
DE-07133084,Reiffelbach,Bad Kreuznach,Rhénanie-Palatinat,RLP,Allemagne,DE
DE-07131069,Reifferscheid,Ahrweiler,Rhénanie-Palatinat,RLP,Allemagne,DE
DE-07231110,Reil,Bernkastel-Wittlich,Rhénanie-Palatinat,RLP,Allemagne,DE
FR-54452,Reillon,Meurthe-et-Moselle,Lorraine,LOR,France,FR
DE-07233233,Reimerath,Vulkaneifel,Rhénanie-Palatinat,RLP,Allemagne,DE
DE-07235114,Reinsfeld,Trier-Saarburg,Rhénanie-Palatinat,RLP,Allemagne,DE
DE-07232298,Reipeldingen,Eifelkreis Bitburg-Prüm,Rhénanie-Palatinat,RLP,Allemagne,DE
DE-07336085,Reipoltskirchen,Kusel,Rhénanie-Palatinat,RLP,Allemagne,DE
LU-0608,Reisdorf,Diekirch,Luxembourg,LUX,Luxembourg,LU
DE-07141115,Reitzenhain,Rhein-Lahn-Kreis,Rhénanie-Palatinat,RLP,Allemagne,DE
FR-88381,Relanges,Vosges,Lorraine,LOR,France,FR
DE-07336086,Relsberg,Kusel,Rhénanie-Palatinat,RLP,Allemagne,DE
DE-07131070,Remagen,Ahrweiler,Rhénanie-Palatinat,RLP,Allemagne,DE
FR-55423,Rembercourt-Sommaisne,Meuse,Lorraine,LOR,France,FR
FR-54453,Rembercourt-sur-Mad,Meurthe-et-Moselle,Lorraine,LOR,France,FR
FR-55424,Remennecourt,Meuse,Lorraine,LOR,France,FR
FR-54455,Remenoville,Meurthe-et-Moselle,Lorraine,LOR,France,FR
LU-1205,Remich,Remich,Luxembourg,LUX,Luxembourg,LU
BE-64063,Remicourt (Liège),Liège,Wallonie,WAL,Belgique,BE
FR-88382,Remicourt (Vosges),Vosges,Lorraine,LOR,France,FR
FR-88383,Remiremont,Vosges,Lorraine,LOR,France,FR
FR-55425,Remoiville,Meuse,Lorraine,LOR,France,FR
FR-88386,Remomeix,Vosges,Lorraine,LOR,France,FR
FR-54457,Remoncourt (Meurthe-et-Moselle),Meurthe-et-Moselle,Lorraine,LOR,France,FR
FR-88385,Remoncourt (Vosges),Vosges,Lorraine,LOR,France,FR
FR-88387,Removille,Vosges,Lorraine,LOR,France,FR
FR-88388,Renauvoid,Vosges,Lorraine,LOR,France,FR
BE-83044,Rendeux,Luxembourg,Wallonie,WAL,Belgique,BE
DE-07138061,Rengsdorf,Neuwied,Rhénanie-Palatinat,RLP,Allemagne,DE
DE-07143286,Rennerod,Westerwaldkreis,Rhénanie-Palatinat,RLP,Allemagne,DE
FR-54458,Repaix,Meurthe-et-Moselle,Lorraine,LOR,France,FR
FR-88389,Repel,Vosges,Lorraine,LOR,France,FR
FR-55426,Resson,Meuse,Lorraine,LOR,France,FR
FR-57575,Retonfey,Moselle,Lorraine,LOR,France,FR
FR-57576,Rettel,Moselle,Lorraine,LOR,France,FR
DE-07233234,Retterath,Vulkaneifel,Rhénanie-Palatinat,RLP,Allemagne,DE
DE-07132094,Rettersen,Altenkirchen (Ww),Rhénanie-Palatinat,RLP,Allemagne,DE
DE-07141116,Rettershain,Rhein-Lahn-Kreis,Rhénanie-Palatinat,RLP,Allemagne,DE
DE-07141117,Rettert,Rhein-Lahn-Kreis,Rhénanie-Palatinat,RLP,Allemagne,DE
DE-07137092,Reudelsterz,Mayen-Koblenz,Rhénanie-Palatinat,RLP,Allemagne,DE
DE-07233235,Reuth,Vulkaneifel,Rhénanie-Palatinat,RLP,Allemagne,DE
FR-55427,Revigny-sur-Ornain,Meuse,Lorraine,LOR,France,FR
FR-57577,Reyersviller,Moselle,Lorraine,LOR,France,FR
FR-57578,Rezonville-Vionville,Moselle,Lorraine,LOR,France,FR
DE-07134069,Rhaunen,Birkenfeld,Rhénanie-Palatinat,RLP,Allemagne,DE
DE-07138062,Rheinbreitbach,Neuwied,Rhénanie-Palatinat,RLP,Allemagne,DE
DE-07138063,Rheinbrohl,Neuwied,Rhénanie-Palatinat,RLP,Allemagne,DE
DE-07140125,Rheinböllen,Rhein-Hunsrück-Kreis,Rhénanie-Palatinat,RLP,Allemagne,DE
DE-07334024,Rheinzabern,Germersheim,Rhénanie-Palatinat,RLP,Allemagne,DE
DE-07137221,Rhens,Mayen-Koblenz,Rhénanie-Palatinat,RLP,Allemagne,DE
FR-57579,Rhodes,Moselle,Lorraine,LOR,France,FR
DE-07337066,Rhodt unter Rietburg,Südliche Weinstraße,Rhénanie-Palatinat,RLP,Allemagne,DE
FR-55429,Riaville,Meuse,Lorraine,LOR,France,FR
FR-55430,Ribeaucourt,Meuse,Lorraine,LOR,France,FR
FR-54459,Richardménil,Meurthe-et-Moselle,Lorraine,LOR,France,FR
FR-57580,Riche,Moselle,Lorraine,LOR,France,FR
FR-55431,Richecourt,Meuse,Lorraine,LOR,France,FR
FR-57581,Richeling,Moselle,Lorraine,LOR,France,FR
FR-57582,Richemont,Moselle,Lorraine,LOR,France,FR
FR-57583,Richeval,Moselle,Lorraine,LOR,France,FR
DE-07340221,Riedelberg,Südwestpfalz,Rhénanie-Palatinat,RLP,Allemagne,DE
DE-07137093,Rieden,Mayen-Koblenz,Rhénanie-Palatinat,RLP,Allemagne,DE
DE-10041517,Riegelsberg,Saarbrücken,Sarre,SL,Allemagne,DE
DE-07140126,Riegenroth,Rhein-Hunsrück-Kreis,Rhénanie-Palatinat,RLP,Allemagne,DE
DE-07340222,Rieschweiler-Mühlbach,Südwestpfalz,Rhénanie-Palatinat,RLP,Allemagne,DE
DE-07140127,Riesweiler,Rhein-Hunsrück-Kreis,Rhénanie-Palatinat,RLP,Allemagne,DE
FR-55433,Rigny-la-Salle,Meuse,Lorraine,LOR,France,FR
FR-55434,Rigny-Saint-Martin,Meuse,Lorraine,LOR,France,FR
FR-57584,Rimling,Moselle,Lorraine,LOR,France,FR
DE-07134070,Rimsberg,Birkenfeld,Rhénanie-Palatinat,RLP,Allemagne,DE
DE-07337067,Rinnthal,Südliche Weinstraße,Rhénanie-Palatinat,RLP,Allemagne,DE
DE-07134071,Rinzenberg,Birkenfeld,Rhénanie-Palatinat,RLP,Allemagne,DE
DE-07235115,Riol,Trier-Saarburg,Rhénanie-Palatinat,RLP,Allemagne,DE
DE-07232109,Rittersdorf,Eifelkreis Bitburg-Prüm,Rhénanie-Palatinat,RLP,Allemagne,DE
DE-07333062,Rittersheim,Donnersbergkreis,Rhénanie-Palatinat,RLP,Allemagne,DE
DE-07231111,Rivenich,Bernkastel-Wittlich,Rhénanie-Palatinat,RLP,Allemagne,DE
DE-07235116,Riveris,Trier-Saarburg,Rhénanie-Palatinat,RLP,Allemagne,DE
BE-25091,Rixensart,Brabant wallon,Wallonie,WAL,Belgique,BE
FR-55435,Robert-Espagne,Meuse,Lorraine,LOR,France,FR
FR-88390,Robécourt,Vosges,Lorraine,LOR,France,FR
BE-91114,Rochefort,Namur,Wallonie,WAL,Belgique,BE
FR-88391,Rochesson,Vosges,Lorraine,LOR,France,FR
FR-57586,Rochonvillers,Moselle,Lorraine,LOR,France,FR
DE-07333502,Rockenhausen,Donnersbergkreis,Rhénanie-Palatinat,RLP,Allemagne,DE
DE-07233058,Rockeskyll,Vulkaneifel,Rhénanie-Palatinat,RLP,Allemagne,DE
FR-57587,Rodalbe,Moselle,Lorraine,LOR,France,FR
DE-07340038,Rodalben,Südwestpfalz,Rhénanie-Palatinat,RLP,Allemagne,DE
DE-07131072,Rodder,Ahrweiler,Rhénanie-Palatinat,RLP,Allemagne,DE
FR-57588,Rodemack,Moselle,Lorraine,LOR,France,FR
DE-07335040,Rodenbach,Kaiserslautern,Rhénanie-Palatinat,RLP,Allemagne,DE
DE-07138064,Rodenbach bei Puderbach,Neuwied,Rhénanie-Palatinat,RLP,Allemagne,DE
DE-07232110,Rodershausen,Eifelkreis Bitburg-Prüm,Rhénanie-Palatinat,RLP,Allemagne,DE
DE-07135075,Roes,Cochem-Zell,Rhénanie-Palatinat,RLP,Allemagne,DE
LU-0211,Roeser,Esch-sur-Alzette,Luxembourg,LUX,Luxembourg,LU
FR-54460,Rogéville,Meurthe-et-Moselle,Lorraine,LOR,France,FR
DE-07134073,Rohrbach (Birkenfeld),Birkenfeld,Rhénanie-Palatinat,RLP,Allemagne,DE
DE-07140130,Rohrbach (Rhein-Hunsrück-Kreis),Rhein-Hunsrück-Kreis,Rhénanie-Palatinat,RLP,Allemagne,DE
DE-07337068,Rohrbach (Südliche Weinstraße),Südliche Weinstraße,Rhénanie-Palatinat,RLP,Allemagne,DE
FR-57589,Rohrbach-lès-Bitche,Moselle,Lorraine,LOR,France,FR
FR-57590,Rolbing,Moselle,Lorraine,LOR,France,FR
FR-55437,Romagne-sous-les-Côtes,Meuse,Lorraine,LOR,France,FR
FR-55438,Romagne-sous-Montfaucon,Meuse,Lorraine,LOR,France,FR
FR-54461,Romain,Meurthe-et-Moselle,Lorraine,LOR,France,FR
FR-88394,Romain-aux-Bois,Vosges,Lorraine,LOR,France,FR
FR-57591,Rombas,Moselle,Lorraine,LOR,France,FR
FR-57592,Romelfing,Moselle,Lorraine,LOR,France,FR
DE-07232300,Rommersheim,Eifelkreis Bitburg-Prüm,Rhénanie-Palatinat,RLP,Allemagne,DE
FR-88395,Romont,Vosges,Lorraine,LOR,France,FR
FR-57593,Roncourt,Moselle,Lorraine,LOR,France,FR
FR-55439,Ronvaux,Meuse,Lorraine,LOR,France,FR
FR-57594,Roppeviller,Moselle,Lorraine,LOR,France,FR
FR-57595,Rorbach-lès-Dieuze,Moselle,Lorraine,LOR,France,FR
DE-07231112,Rorodt,Bernkastel-Wittlich,Rhénanie-Palatinat,RLP,Allemagne,DE
FR-57596,Rosbruck,Moselle,Lorraine,LOR,France,FR
DE-07337069,Roschbach,Südliche Weinstraße,Rhénanie-Palatinat,RLP,Allemagne,DE
DE-07232301,Roscheid,Eifelkreis Bitburg-Prüm,Rhénanie-Palatinat,RLP,Allemagne,DE
DE-07132095,Rosenheim (Landkreis Altenkirchen),Altenkirchen (Ww),Rhénanie-Palatinat,RLP,Allemagne,DE
DE-07340223,Rosenkopf,Südwestpfalz,Rhénanie-Palatinat,RLP,Allemagne,DE
FR-54462,Rosières-aux-Salines,Meurthe-et-Moselle,Lorraine,LOR,France,FR
FR-54463,Rosières-en-Haye,Meurthe-et-Moselle,Lorraine,LOR,France,FR
LU-1006,Rosport-Mompach,Echternach,Luxembourg,LUX,Luxembourg,LU
DE-07138065,Roßbach (Neuwied),Neuwied,Rhénanie-Palatinat,RLP,Allemagne,DE
DE-07143287,Roßbach (Westerwaldkreis),Westerwaldkreis,Rhénanie-Palatinat,RLP,Allemagne,DE
FR-57597,Rosselange,Moselle,Lorraine,LOR,France,FR
DE-07143288,Rotenhain,Westerwaldkreis,Rhénanie-Palatinat,RLP,Allemagne,DE
DE-07132096,Roth (Altenkirchen (Ww)),Altenkirchen (Ww),Rhénanie-Palatinat,RLP,Allemagne,DE
DE-07133085,Roth (Bad Kreuznach),Bad Kreuznach,Rhénanie-Palatinat,RLP,Allemagne,DE
DE-07140131,Roth (Rhein-Hunsrück-Kreis),Rhein-Hunsrück-Kreis,Rhénanie-Palatinat,RLP,Allemagne,DE
DE-07141118,Roth (Rhein-Lahn-Kreis),Rhein-Lahn-Kreis,Rhénanie-Palatinat,RLP,Allemagne,DE
DE-07232112,Roth an der Our,Eifelkreis Bitburg-Prüm,Rhénanie-Palatinat,RLP,Allemagne,DE
DE-07232302,Roth bei Prüm,Eifelkreis Bitburg-Prüm,Rhénanie-Palatinat,RLP,Allemagne,DE
DE-07143289,Rothenbach,Westerwaldkreis,Rhénanie-Palatinat,RLP,Allemagne,DE
DE-07336087,Rothselberg,Kusel,Rhénanie-Palatinat,RLP,Allemagne,DE
DE-07132097,Rott,Altenkirchen (Ww),Rhénanie-Palatinat,RLP,Allemagne,DE
FR-57598,Rouhling,Moselle,Lorraine,LOR,France,FR
FR-57599,Roupeldange,Moselle,Lorraine,LOR,France,FR
FR-57600,Roussy-le-Village,Moselle,Lorraine,LOR,France,FR
FR-54464,Rouves,Meurthe-et-Moselle,Lorraine,LOR,France,FR
FR-55443,Rouvres-en-Woëvre,Meuse,Lorraine,LOR,France,FR
FR-88400,Rouvres-en-Xaintois,Vosges,Lorraine,LOR,France,FR
FR-88401,Rouvres-la-Chétive,Vosges,Lorraine,LOR,France,FR
FR-55444,Rouvrois-sur-Meuse,Meuse,Lorraine,LOR,France,FR
FR-55445,Rouvrois-sur-Othain,Meuse,Lorraine,LOR,France,FR
BE-85047,Rouvroy,Luxembourg,Wallonie,WAL,Belgique,BE
FR-88402,Roville-aux-Chênes,Vosges,Lorraine,LOR,France,FR
FR-54465,Roville-devant-Bayon,Meurthe-et-Moselle,Lorraine,LOR,France,FR
DE-07133086,Roxheim,Bad Kreuznach,Rhénanie-Palatinat,RLP,Allemagne,DE
FR-54466,Royaumeix,Meurthe-et-Moselle,Lorraine,LOR,France,FR
FR-54467,Rozelieures,Meurthe-et-Moselle,Lorraine,LOR,France,FR
FR-88403,Rozerotte,Vosges,Lorraine,LOR,France,FR
FR-88404,Rozières-sur-Mouzon,Vosges,Lorraine,LOR,France,FR
FR-57601,Rozérieulles,Moselle,Lorraine,LOR,France,FR
FR-88406,Rugney,Vosges,Lorraine,LOR,France,FR
DE-07340039,Rumbach,Südwestpfalz,Rhénanie-Palatinat,RLP,Allemagne,DE
LU-0212,Rumelange,Esch-sur-Alzette,Luxembourg,LUX,Luxembourg,LU
BE-57072,Rumes,Hainaut,Wallonie,WAL,Belgique,BE
FR-55446,Rumont,Meuse,Lorraine,LOR,France,FR
DE-07143065,Ruppach-Goldhausen,Westerwaldkreis,Rhénanie-Palatinat,RLP,Allemagne,DE
DE-07332043,Ruppertsberg,Bad Dürkheim,Rhénanie-Palatinat,RLP,Allemagne,DE
DE-07333065,Ruppertsecken,Donnersbergkreis,Rhénanie-Palatinat,RLP,Allemagne,DE
DE-07141120,Ruppertshofen,Rhein-Lahn-Kreis,Rhénanie-Palatinat,RLP,Allemagne,DE
DE-07340040,Ruppertsweiler,Südwestpfalz,Rhénanie-Palatinat,RLP,Allemagne,DE
FR-88407,Ruppes,Vosges,Lorraine,LOR,France,FR
FR-55447,Rupt-aux-Nonains,Meuse,Lorraine,LOR,France,FR
FR-55448,Rupt-devant-Saint-Mihiel,Meuse,Lorraine,LOR,France,FR
FR-55449,Rupt-en-Woëvre,Meuse,Lorraine,LOR,France,FR
FR-88408,Rupt-sur-Moselle,Vosges,Lorraine,LOR,France,FR
FR-55450,Rupt-sur-Othain,Meuse,Lorraine,LOR,France,FR
FR-57602,Rurange-lès-Thionville,Moselle,Lorraine,LOR,France,FR
DE-07134075,Ruschberg,Birkenfeld,Rhénanie-Palatinat,RLP,Allemagne,DE
FR-57603,Russange,Moselle,Lorraine,LOR,France,FR
FR-57604,Rustroff,Moselle,Lorraine,LOR,France,FR
DE-07336088,Ruthweiler,Kusel,Rhénanie-Palatinat,RLP,Allemagne,DE
DE-07336089,Rutsweiler am Glan,Kusel,Rhénanie-Palatinat,RLP,Allemagne,DE
DE-07336090,Rutsweiler an der Lauter,Kusel,Rhénanie-Palatinat,RLP,Allemagne,DE
FR-54446,Réchicourt-la-Petite,Meurthe-et-Moselle,Lorraine,LOR,France,FR
FR-57564,Réchicourt-le-Château,Moselle,Lorraine,LOR,France,FR
FR-55419,Récicourt,Meuse,Lorraine,LOR,France,FR
FR-54447,Réclonville,Meurthe-et-Moselle,Lorraine,LOR,France,FR
FR-55420,Récourt-le-Creux,Meuse,Lorraine,LOR,France,FR
FR-57565,Rédange,Moselle,Lorraine,LOR,France,FR
FR-57566,Réding,Moselle,Lorraine,LOR,France,FR
FR-54451,Réhon,Meurthe-et-Moselle,Lorraine,LOR,France,FR
FR-57567,Rémelfang,Moselle,Lorraine,LOR,France,FR
FR-57568,Rémelfing,Moselle,Lorraine,LOR,France,FR
FR-57569,Rémeling,Moselle,Lorraine,LOR,France,FR
FR-57570,Rémering,Moselle,Lorraine,LOR,France,FR
FR-57571,Rémering-lès-Puttelange,Moselle,Lorraine,LOR,France,FR
FR-57572,Rémilly,Moselle,Lorraine,LOR,France,FR
FR-54456,Réméréville,Meurthe-et-Moselle,Lorraine,LOR,France,FR
FR-57573,Réning,Moselle,Lorraine,LOR,France,FR
FR-55428,Réville-aux-Bois,Meuse,Lorraine,LOR,France,FR
DE-07140128,Rödelhausen,Rhein-Hunsrück-Kreis,Rhénanie-Palatinat,RLP,Allemagne,DE
DE-07140129,Rödern,Rhein-Hunsrück-Kreis,Rhénanie-Palatinat,RLP,Allemagne,DE
DE-07338022,Rödersheim-Gronau,Rhein-Pfalz-Kreis,Rhénanie-Palatinat,RLP,Allemagne,DE
DE-07232111,Röhl,Eifelkreis Bitburg-Prüm,Rhénanie-Palatinat,RLP,Allemagne,DE
DE-07338023,Römerberg,Rhein-Pfalz-Kreis,Rhénanie-Palatinat,RLP,Allemagne,DE
DE-07134072,Rötsweiler-Nockenthal,Birkenfeld,Rhénanie-Palatinat,RLP,Allemagne,DE
DE-07137095,Rüber,Mayen-Koblenz,Rhénanie-Palatinat,RLP,Allemagne,DE
DE-07143064,Rückeroth,Westerwaldkreis,Rhénanie-Palatinat,RLP,Allemagne,DE
DE-07134074,Rückweiler,Birkenfeld,Rhénanie-Palatinat,RLP,Allemagne,DE
DE-07133117,Rüdesheim,Bad Kreuznach,Rhénanie-Palatinat,RLP,Allemagne,DE
DE-07334025,Rülzheim,Germersheim,Rhénanie-Palatinat,RLP,Allemagne,DE
DE-07133087,Rümmelsheim,Bad Kreuznach,Rhénanie-Palatinat,RLP,Allemagne,DE
DE-07138066,Rüscheid,Neuwied,Rhénanie-Palatinat,RLP,Allemagne,DE
DE-07333064,Rüssingen,Donnersbergkreis,Rhénanie-Palatinat,RLP,Allemagne,DE
DE-07340041,Saalstadt,Südwestpfalz,Rhénanie-Palatinat,RLP,Allemagne,DE
DE-10041100,Saarbrücken,Saarbrücken,Sarre,SL,Allemagne,DE
DE-07235118,Saarburg,Trier-Saarburg,Rhénanie-Palatinat,RLP,Allemagne,DE
DE-10044115,Saarlouis,Saarlouis,Sarre,SL,Allemagne,DE
DE-10044116,Saarwellingen,Saarlouis,Sarre,SL,Allemagne,DE
LU-0707,Saeul,Redange,Luxembourg,LUX,Luxembourg,LU
FR-54468,Saffais,Meurthe-et-Moselle,Lorraine,LOR,France,FR
DE-07137096,Saffig,Mayen-Koblenz,Rhénanie-Palatinat,RLP,Allemagne,DE
FR-57605,Sailly-Achâtel,Moselle,Lorraine,LOR,France,FR
FR-54469,Saint-Ail,Meurthe-et-Moselle,Lorraine,LOR,France,FR
FR-55452,Saint-Amand-sur-Ornain,Meuse,Lorraine,LOR,France,FR
FR-88409,Saint-Amé,Vosges,Lorraine,LOR,France,FR
FR-55453,Saint-André-en-Barrois,Meuse,Lorraine,LOR,France,FR
FR-55454,Saint-Aubin-sur-Aire,Meuse,Lorraine,LOR,France,FR
FR-57606,Saint-Avold,Moselle,Lorraine,LOR,France,FR
FR-88411,Saint-Baslemont,Vosges,Lorraine,LOR,France,FR
FR-54470,Saint-Baussant,Meurthe-et-Moselle,Lorraine,LOR,France,FR
FR-88412,Saint-Benoît-la-Chipotte,Vosges,Lorraine,LOR,France,FR
FR-54471,Saint-Boingt,Meurthe-et-Moselle,Lorraine,LOR,France,FR
FR-54472,Saint-Clément,Meurthe-et-Moselle,Lorraine,LOR,France,FR
FR-88413,Saint-Dié-des-Vosges,Vosges,Lorraine,LOR,France,FR
FR-57609,Saint-Epvre,Moselle,Lorraine,LOR,France,FR
FR-54473,Saint-Firmin,Meurthe-et-Moselle,Lorraine,LOR,France,FR
FR-57610,Saint-François-Lacroix,Moselle,Lorraine,LOR,France,FR
FR-88416,Saint-Genest,Vosges,Lorraine,LOR,France,FR
FR-57611,Saint-Georges,Moselle,Lorraine,LOR,France,FR
BE-64065,Saint-Georges-sur-Meuse,Liège,Wallonie,WAL,Belgique,BE
FR-54475,Saint-Germain,Meurthe-et-Moselle,Lorraine,LOR,France,FR
FR-55456,Saint-Germain-sur-Meuse,Meuse,Lorraine,LOR,France,FR
BE-53070,Saint-Ghislain,Hainaut,Wallonie,WAL,Belgique,BE
FR-88417,Saint-Gorgon,Vosges,Lorraine,LOR,France,FR
FR-55457,Saint-Hilaire-en-Woëvre,Meuse,Lorraine,LOR,France,FR
BE-84059,Saint-Hubert (Luxembourg),Luxembourg,Wallonie,WAL,Belgique,BE
FR-57612,Saint-Hubert (Moselle),Moselle,Lorraine,LOR,France,FR
FR-88419,Saint-Jean-d'Ormont,Vosges,Lorraine,LOR,France,FR
FR-57613,Saint-Jean-de-Bassel,Moselle,Lorraine,LOR,France,FR
FR-57614,Saint-Jean-Kourtzerode,Moselle,Lorraine,LOR,France,FR
FR-55458,Saint-Jean-lès-Buzy,Meuse,Lorraine,LOR,France,FR
FR-54476,Saint-Jean-lès-Longuyon,Meurthe-et-Moselle,Lorraine,LOR,France,FR
FR-57615,Saint-Jean-Rohrbach,Moselle,Lorraine,LOR,France,FR
FR-55459,Saint-Joire,Meuse,Lorraine,LOR,France,FR
FR-88421,Saint-Julien,Vosges,Lorraine,LOR,France,FR
FR-54477,Saint-Julien-lès-Gorze,Meurthe-et-Moselle,Lorraine,LOR,France,FR
FR-57616,Saint-Julien-lès-Metz,Moselle,Lorraine,LOR,France,FR
FR-55460,Saint-Julien-sous-les-Côtes,Meuse,Lorraine,LOR,France,FR
FR-57617,Saint-Jure,Moselle,Lorraine,LOR,France,FR
FR-55461,Saint-Laurent-sur-Othain,Meuse,Lorraine,LOR,France,FR
FR-57618,Saint-Louis,Moselle,Lorraine,LOR,France,FR
FR-57619,Saint-Louis-lès-Bitche,Moselle,Lorraine,LOR,France,FR
BE-85034,Saint-Léger,Luxembourg,Wallonie,WAL,Belgique,BE
FR-88423,Saint-Léonard,Vosges,Lorraine,LOR,France,FR
FR-54478,Saint-Marcel,Meurthe-et-Moselle,Lorraine,LOR,France,FR
FR-54479,Saint-Mard,Meurthe-et-Moselle,Lorraine,LOR,France,FR
FR-54480,Saint-Martin,Meurthe-et-Moselle,Lorraine,LOR,France,FR
FR-54481,Saint-Maurice-aux-Forges,Meurthe-et-Moselle,Lorraine,LOR,France,FR
FR-55462,Saint-Maurice-sous-les-Côtes,Meuse,Lorraine,LOR,France,FR
FR-88425,Saint-Maurice-sur-Mortagne,Vosges,Lorraine,LOR,France,FR
FR-88426,Saint-Maurice-sur-Moselle,Vosges,Lorraine,LOR,France,FR
FR-54482,Saint-Max,Meurthe-et-Moselle,Lorraine,LOR,France,FR
FR-88427,Saint-Menge,Vosges,Lorraine,LOR,France,FR
FR-88428,Saint-Michel-sur-Meurthe,Vosges,Lorraine,LOR,France,FR
FR-55463,Saint-Mihiel,Meuse,Lorraine,LOR,France,FR
FR-57621,Saint-Médard,Moselle,Lorraine,LOR,France,FR
FR-88429,Saint-Nabord,Vosges,Lorraine,LOR,France,FR
BE-62093,Saint-Nicolas,Liège,Wallonie,WAL,Belgique,BE
FR-54483,Saint-Nicolas-de-Port,Meurthe-et-Moselle,Lorraine,LOR,France,FR
FR-88430,Saint-Ouen-lès-Parey,Vosges,Lorraine,LOR,France,FR
FR-54485,Saint-Pancré,Meurthe-et-Moselle,Lorraine,LOR,France,FR
FR-88431,Saint-Paul,Vosges,Lorraine,LOR,France,FR
FR-88432,Saint-Pierremont,Vosges,Lorraine,LOR,France,FR
FR-55464,Saint-Pierrevillers,Meuse,Lorraine,LOR,France,FR
FR-88433,Saint-Prancher,Vosges,Lorraine,LOR,France,FR
FR-57622,Saint-Privat-la-Montagne,Moselle,Lorraine,LOR,France,FR
FR-57623,Saint-Quirin,Moselle,Lorraine,LOR,France,FR
FR-54486,Saint-Remimont (Meurthe-et-Moselle),Meurthe-et-Moselle,Lorraine,LOR,France,FR
FR-88434,Saint-Remimont (Vosges),Vosges,Lorraine,LOR,France,FR
FR-88435,Saint-Remy,Vosges,Lorraine,LOR,France,FR
FR-55465,Saint-Remy-la-Calonne,Meuse,Lorraine,LOR,France,FR
FR-54487,Saint-Rémy-aux-Bois,Meurthe-et-Moselle,Lorraine,LOR,France,FR
FR-54488,Saint-Sauveur,Meurthe-et-Moselle,Lorraine,LOR,France,FR
FR-88436,Saint-Stail,Vosges,Lorraine,LOR,France,FR
FR-54489,Saint-Supplet,Meurthe-et-Moselle,Lorraine,LOR,France,FR
FR-88437,Saint-Vallier,Vosges,Lorraine,LOR,France,FR
FR-88415,Saint-Étienne-lès-Remiremont,Vosges,Lorraine,LOR,France,FR
FR-57607,Sainte-Barbe (Moselle),Moselle,Lorraine,LOR,France,FR
FR-88410,Sainte-Barbe (Vosges),Vosges,Lorraine,LOR,France,FR
FR-54474,Sainte-Geneviève,Meurthe-et-Moselle,Lorraine,LOR,France,FR
FR-88418,Sainte-Hélène,Vosges,Lorraine,LOR,France,FR
FR-88424,Sainte-Marguerite,Vosges,Lorraine,LOR,France,FR
FR-57620,Sainte-Marie-aux-Chênes,Moselle,Lorraine,LOR,France,FR
BE-82038,Sainte-Ode,Luxembourg,Wallonie,WAL,Belgique,BE
FR-54484,Sainte-Pôle,Meurthe-et-Moselle,Lorraine,LOR,France,FR
FR-57624,Sainte-Ruffine,Moselle,Lorraine,LOR,France,FR
FR-54490,Saizerais,Meurthe-et-Moselle,Lorraine,LOR,France,FR
DE-07233060,Salm,Vulkaneifel,Rhénanie-Palatinat,RLP,Allemagne,DE
FR-55466,Salmagne,Meuse,Lorraine,LOR,France,FR
DE-07231113,Salmtal,Bernkastel-Wittlich,Rhénanie-Palatinat,RLP,Allemagne,DE
FR-57625,Salonnes,Moselle,Lorraine,LOR,France,FR
DE-07143290,Salz,Westerwaldkreis,Rhénanie-Palatinat,RLP,Allemagne,DE
DE-07143291,Salzburg,Westerwaldkreis,Rhénanie-Palatinat,RLP,Allemagne,DE
BE-92137,Sambreville,Namur,Wallonie,WAL,Belgique,BE
FR-55468,Samogneux,Meuse,Lorraine,LOR,France,FR
FR-55467,Sampigny,Meuse,Lorraine,LOR,France,FR
FR-88439,Sanchey,Vosges,Lorraine,LOR,France,FR
FR-54491,Sancy,Meurthe-et-Moselle,Lorraine,LOR,France,FR
FR-88440,Sandaucourt,Vosges,Lorraine,LOR,France,FR
LU-0306,Sandweiler,Luxembourg,Luxembourg,LUX,Luxembourg,LU
LU-0213,Sanem,Esch-sur-Alzette,Luxembourg,LUX,Luxembourg,LU
DE-07333066,Sankt Alban,Donnersbergkreis,Rhénanie-Palatinat,RLP,Allemagne,DE
DE-07135076,Sankt Aldegund,Cochem-Zell,Rhénanie-Palatinat,RLP,Allemagne,DE
DE-07140133,Sankt Goar,Rhein-Hunsrück-Kreis,Rhénanie-Palatinat,RLP,Allemagne,DE
DE-07141121,Sankt Goarshausen,Rhein-Lahn-Kreis,Rhénanie-Palatinat,RLP,Allemagne,DE
DE-07339050,Sankt Johann (Mainz-Bingen),Mainz-Bingen,Rhénanie-Palatinat,RLP,Allemagne,DE
DE-07137097,Sankt Johann (Mayen-Koblenz),Mayen-Koblenz,Rhénanie-Palatinat,RLP,Allemagne,DE
DE-07336095,Sankt Julian,Kusel,Rhénanie-Palatinat,RLP,Allemagne,DE
DE-07133088,Sankt Katharinen,Bad Kreuznach,Rhénanie-Palatinat,RLP,Allemagne,DE
DE-07138068,Sankt Katharinen (Landkreis Neuwied),Neuwied,Rhénanie-Palatinat,RLP,Allemagne,DE
DE-07337070,Sankt Martin,Südliche Weinstraße,Rhénanie-Palatinat,RLP,Allemagne,DE
DE-07137222,Sankt Sebastian,Mayen-Koblenz,Rhénanie-Palatinat,RLP,Allemagne,DE
DE-07232113,Sankt Thomas,Eifelkreis Bitburg-Prüm,Rhénanie-Palatinat,RLP,Allemagne,DE
BE-63067,Sankt Vith,Liège,Wallonie,WAL,Belgique,BE
FR-57626,Sanry-lès-Vigy,Moselle,Lorraine,LOR,France,FR
FR-57627,Sanry-sur-Nied,Moselle,Lorraine,LOR,France,FR
FR-88441,Sans-Vallois,Vosges,Lorraine,LOR,France,FR
FR-54492,Sanzey,Meurthe-et-Moselle,Lorraine,LOR,France,FR
FR-88442,Sapois,Vosges,Lorraine,LOR,France,FR
DE-07140134,Sargenroth,Rhein-Hunsrück-Kreis,Rhénanie-Palatinat,RLP,Allemagne,DE
DE-07233061,Sarmersbach,Vulkaneifel,Rhénanie-Palatinat,RLP,Allemagne,DE
FR-57628,Sarralbe,Moselle,Lorraine,LOR,France,FR
FR-57629,Sarraltroff,Moselle,Lorraine,LOR,France,FR
FR-57630,Sarrebourg,Moselle,Lorraine,LOR,France,FR
FR-57631,Sarreguemines,Moselle,Lorraine,LOR,France,FR
FR-57633,Sarreinsming,Moselle,Lorraine,LOR,France,FR
FR-88443,Sartes,Vosges,Lorraine,LOR,France,FR
DE-07233236,Sassen,Vulkaneifel,Rhénanie-Palatinat,RLP,Allemagne,DE
FR-55469,Sassey-sur-Meuse,Meuse,Lorraine,LOR,France,FR
FR-55470,Saudrupt,Meuse,Lorraine,LOR,France,FR
DE-07141122,Sauerthal,Rhein-Lahn-Kreis,Rhénanie-Palatinat,RLP,Allemagne,DE
FR-88445,Saulcy-sur-Meurthe,Vosges,Lorraine,LOR,France,FR
DE-07331058,Saulheim,Alzey-Worms,Rhénanie-Palatinat,RLP,Allemagne,DE
FR-55471,Saulmory-et-Villefranche,Meuse,Lorraine,LOR,France,FR
FR-54493,Saulnes,Meurthe-et-Moselle,Lorraine,LOR,France,FR
FR-57634,Saulny,Moselle,Lorraine,LOR,France,FR
FR-55472,Saulvaux,Meuse,Lorraine,LOR,France,FR
FR-55473,Saulx-lès-Champlon,Meuse,Lorraine,LOR,France,FR
FR-54494,Saulxerotte,Meurthe-et-Moselle,Lorraine,LOR,France,FR
FR-88446,Saulxures-lès-Bulgnéville,Vosges,Lorraine,LOR,France,FR
FR-54495,Saulxures-lès-Nancy,Meurthe-et-Moselle,Lorraine,LOR,France,FR
FR-54496,Saulxures-lès-Vannes,Meurthe-et-Moselle,Lorraine,LOR,France,FR
FR-88447,Saulxures-sur-Moselotte,Vosges,Lorraine,LOR,France,FR
FR-55474,Sauvigny,Meuse,Lorraine,LOR,France,FR
FR-88448,Sauville,Vosges,Lorraine,LOR,France,FR
FR-55475,Sauvoy,Meuse,Lorraine,LOR,France,FR
FR-88449,Savigny,Vosges,Lorraine,LOR,France,FR
FR-55476,Savonnières-devant-Bar,Meuse,Lorraine,LOR,France,FR
FR-55477,Savonnières-en-Perthois,Meuse,Lorraine,LOR,France,FR
DE-07233062,Saxler,Vulkaneifel,Rhénanie-Palatinat,RLP,Allemagne,DE
FR-54497,Saxon-Sion,Meurthe-et-Moselle,Lorraine,LOR,France,FR
FR-57635,Schalbach,Moselle,Lorraine,LOR,France,FR
DE-07131073,Schalkenbach,Ahrweiler,Rhénanie-Palatinat,RLP,Allemagne,DE
DE-07233063,Schalkenmehren,Vulkaneifel,Rhénanie-Palatinat,RLP,Allemagne,DE
DE-07335041,Schallodenbach,Kaiserslautern,Rhénanie-Palatinat,RLP,Allemagne,DE
DE-07232114,Schankweiler,Eifelkreis Bitburg-Prüm,Rhénanie-Palatinat,RLP,Allemagne,DE
DE-07232115,Scharfbillig,Eifelkreis Bitburg-Prüm,Rhénanie-Palatinat,RLP,Allemagne,DE
DE-07340042,Schauerberg,Südwestpfalz,Rhénanie-Palatinat,RLP,Allemagne,DE
DE-07134076,Schauren (Birkenfeld),Birkenfeld,Rhénanie-Palatinat,RLP,Allemagne,DE
DE-07135077,Schauren (Cochem-Zell),Cochem-Zell,Rhénanie-Palatinat,RLP,Allemagne,DE
DE-07334027,Scheibenhardt,Germersheim,Rhénanie-Palatinat,RLP,Allemagne,DE
DE-07233237,Scheid,Vulkaneifel,Rhénanie-Palatinat,RLP,Allemagne,DE
DE-07141124,Scheidt,Rhein-Lahn-Kreis,Rhénanie-Palatinat,RLP,Allemagne,DE
DE-07232116,Scheitenkorb,Eifelkreis Bitburg-Prüm,Rhénanie-Palatinat,RLP,Allemagne,DE
DE-07336091,Schellweiler,Kusel,Rhénanie-Palatinat,RLP,Allemagne,DE
LU-1206,Schengen,Remich,Luxembourg,LUX,Luxembourg,LU
DE-07143066,Schenkelberg,Westerwaldkreis,Rhénanie-Palatinat,RLP,Allemagne,DE
DE-07132098,Scheuerfeld,Altenkirchen (Ww),Rhénanie-Palatinat,RLP,Allemagne,DE
DE-07232117,Scheuern,Eifelkreis Bitburg-Prüm,Rhénanie-Palatinat,RLP,Allemagne,DE
LU-0609,Schieren,Diekirch,Luxembourg,LUX,Luxembourg,LU
DE-07333067,Schiersfeld,Donnersbergkreis,Rhénanie-Palatinat,RLP,Allemagne,DE
DE-07141125,Schiesheim,Rhein-Lahn-Kreis,Rhénanie-Palatinat,RLP,Allemagne,DE
DE-07338025,Schifferstadt,Rhein-Pfalz-Kreis,Rhénanie-Palatinat,RLP,Allemagne,DE
LU-0214,Schifflange,Esch-sur-Alzette,Luxembourg,LUX,Luxembourg,LU
DE-10043116,Schiffweiler,Neunkirchen,Sarre,SL,Allemagne,DE
DE-07235119,Schillingen,Trier-Saarburg,Rhénanie-Palatinat,RLP,Allemagne,DE
DE-07340043,Schindhard,Südwestpfalz,Rhénanie-Palatinat,RLP,Allemagne,DE
DE-07231114,Schladt,Bernkastel-Wittlich,Rhénanie-Palatinat,RLP,Allemagne,DE
DE-07235120,Schleich,Trier-Saarburg,Rhénanie-Palatinat,RLP,Allemagne,DE
DE-07232118,Schleid,Eifelkreis Bitburg-Prüm,Rhénanie-Palatinat,RLP,Allemagne,DE
DE-07140135,Schlierschied,Rhein-Hunsrück-Kreis,Rhénanie-Palatinat,RLP,Allemagne,DE
DE-07133089,Schloßböckelheim,Bad Kreuznach,Rhénanie-Palatinat,RLP,Allemagne,DE
DE-07340044,Schmalenberg,Südwestpfalz,Rhénanie-Palatinat,RLP,Allemagne,DE
DE-10044117,Schmelz,Saarlouis,Sarre,SL,Allemagne,DE
DE-07134077,Schmidthachenbach,Birkenfeld,Rhénanie-Palatinat,RLP,Allemagne,DE
DE-07134078,Schmißberg,Birkenfeld,Rhénanie-Palatinat,RLP,Allemagne,DE
DE-07340224,Schmitshausen,Südwestpfalz,Rhénanie-Palatinat,RLP,Allemagne,DE
DE-07135078,Schmitt,Cochem-Zell,Rhénanie-Palatinat,RLP,Allemagne,DE
FR-57636,Schmittviller,Moselle,Lorraine,LOR,France,FR
DE-07133090,Schmittweiler,Bad Kreuznach,Rhénanie-Palatinat,RLP,Allemagne,DE
FR-57637,Schneckenbusch,Moselle,Lorraine,LOR,France,FR
DE-07335042,Schneckenhausen,Kaiserslautern,Rhénanie-Palatinat,RLP,Allemagne,DE
DE-07133204,Schneppenbach,Bad Kreuznach,Rhénanie-Palatinat,RLP,Allemagne,DE
DE-07140138,Schnorbach,Rhein-Hunsrück-Kreis,Rhénanie-Palatinat,RLP,Allemagne,DE
DE-07235122,Schoden,Trier-Saarburg,Rhénanie-Palatinat,RLP,Allemagne,DE
DE-07335204,Schopp,Kaiserslautern,Rhénanie-Palatinat,RLP,Allemagne,DE
FR-57639,Schorbach,Moselle,Lorraine,LOR,France,FR
DE-07331059,Schornsheim,Alzey-Worms,Rhénanie-Palatinat,RLP,Allemagne,DE
DE-07131074,Schuld,Ahrweiler,Rhénanie-Palatinat,RLP,Allemagne,DE
LU-0307,Schuttrange,Luxembourg,Luxembourg,LUX,Luxembourg,LU
DE-07233065,Schutz,Vulkaneifel,Rhénanie-Palatinat,RLP,Allemagne,DE
DE-07132101,Schutzbach,Altenkirchen (Ww),Rhénanie-Palatinat,RLP,Allemagne,DE
DE-07339051,Schwabenheim an der Selz,Mainz-Bingen,Rhénanie-Palatinat,RLP,Allemagne,DE
DE-10044118,Schwalbach,Saarlouis,Sarre,SL,Allemagne,DE
DE-07140140,Schwall,Rhein-Hunsrück-Kreis,Rhénanie-Palatinat,RLP,Allemagne,DE
DE-07340047,Schwanheim,Südwestpfalz,Rhénanie-Palatinat,RLP,Allemagne,DE
DE-07140141,Schwarzen,Rhein-Hunsrück-Kreis,Rhénanie-Palatinat,RLP,Allemagne,DE
DE-07231116,Schwarzenborn,Bernkastel-Wittlich,Rhénanie-Palatinat,RLP,Allemagne,DE
DE-07133205,Schwarzerden,Bad Kreuznach,Rhénanie-Palatinat,RLP,Allemagne,DE
DE-07335043,Schwedelbach,Kaiserslautern,Rhénanie-Palatinat,RLP,Allemagne,DE
DE-07334028,Schwegenheim,Germersheim,Rhénanie-Palatinat,RLP,Allemagne,DE
DE-07235125,Schweich,Trier-Saarburg,Rhénanie-Palatinat,RLP,Allemagne,DE
DE-07337071,Schweigen-Rechtenbach,Südliche Weinstraße,Rhénanie-Palatinat,RLP,Allemagne,DE
DE-07141127,Schweighausen,Rhein-Lahn-Kreis,Rhénanie-Palatinat,RLP,Allemagne,DE
DE-07337072,Schweighofen,Südliche Weinstraße,Rhénanie-Palatinat,RLP,Allemagne,DE
DE-07133092,Schweinschied,Bad Kreuznach,Rhénanie-Palatinat,RLP,Allemagne,DE
DE-07333069,Schweisweiler,Donnersbergkreis,Rhénanie-Palatinat,RLP,Allemagne,DE
DE-07340048,Schweix,Südwestpfalz,Rhénanie-Palatinat,RLP,Allemagne,DE
DE-07133093,Schweppenhausen,Bad Kreuznach,Rhénanie-Palatinat,RLP,Allemagne,DE
DE-07134079,Schwerbach,Birkenfeld,Rhénanie-Palatinat,RLP,Allemagne,DE
FR-57640,Schwerdorff,Moselle,Lorraine,LOR,France,FR
FR-57641,Schweyen,Moselle,Lorraine,LOR,France,FR
DE-07232305,Schwirzheim,Eifelkreis Bitburg-Prüm,Rhénanie-Palatinat,RLP,Allemagne,DE
DE-07134080,Schwollen,Birkenfeld,Rhénanie-Palatinat,RLP,Allemagne,DE
DE-07235123,Schömerich,Trier-Saarburg,Rhénanie-Palatinat,RLP,Allemagne,DE
DE-07340045,Schönau (Pfalz),Südwestpfalz,Rhénanie-Palatinat,RLP,Allemagne,DE
DE-07233064,Schönbach,Vulkaneifel,Rhénanie-Palatinat,RLP,Allemagne,DE
DE-07231115,Schönberg,Bernkastel-Wittlich,Rhénanie-Palatinat,RLP,Allemagne,DE
DE-07333068,Schönborn (Donnersbergkreis),Donnersbergkreis,Rhénanie-Palatinat,RLP,Allemagne,DE
DE-07140139,Schönborn (Rhein-Hunsrück-Kreis),Rhein-Hunsrück-Kreis,Rhénanie-Palatinat,RLP,Allemagne,DE
DE-07141126,Schönborn (Rhein-Lahn-Kreis),Rhein-Lahn-Kreis,Rhénanie-Palatinat,RLP,Allemagne,DE
DE-07235124,Schöndorf,Trier-Saarburg,Rhénanie-Palatinat,RLP,Allemagne,DE
DE-07132099,Schöneberg (Altenkirchen (Ww)),Altenkirchen (Ww),Rhénanie-Palatinat,RLP,Allemagne,DE
DE-07133091,Schöneberg (Bad Kreuznach),Bad Kreuznach,Rhénanie-Palatinat,RLP,Allemagne,DE
DE-07232304,Schönecken,Eifelkreis Bitburg-Prüm,Rhénanie-Palatinat,RLP,Allemagne,DE
DE-07336092,Schönenberg-Kübelberg,Kusel,Rhénanie-Palatinat,RLP,Allemagne,DE
DE-07233239,Schüller,Vulkaneifel,Rhénanie-Palatinat,RLP,Allemagne,DE
DE-07132100,Schürdt,Altenkirchen (Ww),Rhénanie-Palatinat,RLP,Allemagne,DE
FR-57638,Schœneck,Moselle,Lorraine,LOR,France,FR
FR-57642,Scy-Chazelles,Moselle,Lorraine,LOR,France,FR
DE-07143292,Seck,Westerwaldkreis,Rhénanie-Palatinat,RLP,Allemagne,DE
FR-57643,Secourt,Moselle,Lorraine,LOR,France,FR
DE-07141128,Seelbach,Rhein-Lahn-Kreis,Rhénanie-Palatinat,RLP,Allemagne,DE
DE-07132103,Seelbach (Westerwald),Altenkirchen (Ww),Rhénanie-Palatinat,RLP,Allemagne,DE
DE-07132102,Seelbach bei Hamm (Sieg),Altenkirchen (Ww),Rhénanie-Palatinat,RLP,Allemagne,DE
DE-07333203,Seelen,Donnersbergkreis,Rhénanie-Palatinat,RLP,Allemagne,DE
DE-07133094,Seesbach,Bad Kreuznach,Rhénanie-Palatinat,RLP,Allemagne,DE
DE-07232119,Seffern,Eifelkreis Bitburg-Prüm,Rhénanie-Palatinat,RLP,Allemagne,DE
DE-07232120,Sefferweich,Eifelkreis Bitburg-Prüm,Rhénanie-Palatinat,RLP,Allemagne,DE
DE-07231117,Sehlem,Bernkastel-Wittlich,Rhénanie-Palatinat,RLP,Allemagne,DE
DE-07133095,Seibersbach,Bad Kreuznach,Rhénanie-Palatinat,RLP,Allemagne,DE
FR-54498,Seichamps,Meurthe-et-Moselle,Lorraine,LOR,France,FR
FR-54499,Seicheprey,Meurthe-et-Moselle,Lorraine,LOR,France,FR
DE-07132104,Seifen,Altenkirchen (Ww),Rhénanie-Palatinat,RLP,Allemagne,DE
FR-55479,Seigneulles,Meuse,Lorraine,LOR,France,FR
FR-57644,Seingbouse,Moselle,Lorraine,LOR,France,FR
DE-07232306,Seinsfeld,Eifelkreis Bitburg-Prüm,Rhénanie-Palatinat,RLP,Allemagne,DE
DE-07232307,Seiwerath,Eifelkreis Bitburg-Prüm,Rhénanie-Palatinat,RLP,Allemagne,DE
FR-54500,Selaincourt,Meurthe-et-Moselle,Lorraine,LOR,France,FR
DE-07132105,Selbach (Sieg),Altenkirchen (Ww),Rhénanie-Palatinat,RLP,Allemagne,DE
DE-07336094,Selchenbach,Kusel,Rhénanie-Palatinat,RLP,Allemagne,DE
DE-07232308,Sellerich,Eifelkreis Bitburg-Prüm,Rhénanie-Palatinat,RLP,Allemagne,DE
DE-07143067,Selters (Westerwald),Westerwaldkreis,Rhénanie-Palatinat,RLP,Allemagne,DE
DE-07339053,Selzen,Mainz-Bingen,Rhénanie-Palatinat,RLP,Allemagne,DE
DE-07335205,Sembach,Kaiserslautern,Rhénanie-Palatinat,RLP,Allemagne,DE
FR-57645,Semécourt,Moselle,Lorraine,LOR,France,FR
FR-88450,Senaide,Vosges,Lorraine,LOR,France,FR
BE-55085,Seneffe,Hainaut,Wallonie,WAL,Belgique,BE
DE-07232309,Sengerich,Eifelkreis Bitburg-Prüm,Rhénanie-Palatinat,RLP,Allemagne,DE
DE-07135079,Senheim,Cochem-Zell,Rhénanie-Palatinat,RLP,Allemagne,DE
FR-55481,Senon,Meuse,Lorraine,LOR,France,FR
FR-55482,Senoncourt-les-Maujouy,Meuse,Lorraine,LOR,France,FR
FR-88451,Senones,Vosges,Lorraine,LOR,France,FR
FR-88452,Senonges,Vosges,Lorraine,LOR,France,FR
DE-07131075,Senscheid,Ahrweiler,Rhénanie-Palatinat,RLP,Allemagne,DE
DE-07134081,Sensweiler,Birkenfeld,Rhénanie-Palatinat,RLP,Allemagne,DE
FR-55484,Septsarges,Meuse,Lorraine,LOR,France,FR
FR-55485,Sepvigny,Meuse,Lorraine,LOR,France,FR
BE-62096,Seraing,Liège,Wallonie,WAL,Belgique,BE
FR-54501,Seranville,Meurthe-et-Moselle,Lorraine,LOR,France,FR
FR-88453,Seraumont,Vosges,Lorraine,LOR,France,FR
FR-88454,Sercœur,Vosges,Lorraine,LOR,France,FR
FR-88456,Serocourt,Vosges,Lorraine,LOR,France,FR
FR-54502,Serres,Meurthe-et-Moselle,Lorraine,LOR,France,FR
DE-07235126,Serrig,Trier-Saarburg,Rhénanie-Palatinat,RLP,Allemagne,DE
FR-54504,Serrouville,Meurthe-et-Moselle,Lorraine,LOR,France,FR
FR-57648,Servigny-lès-Raville,Moselle,Lorraine,LOR,France,FR
FR-57649,Servigny-lès-Sainte-Barbe,Moselle,Lorraine,LOR,France,FR
FR-88455,Serécourt,Vosges,Lorraine,LOR,France,FR
FR-57647,Serémange-Erzange,Moselle,Lorraine,LOR,France,FR
DE-07143068,Sessenbach,Westerwaldkreis,Rhénanie-Palatinat,RLP,Allemagne,DE
DE-07143069,Sessenhausen,Westerwaldkreis,Rhénanie-Palatinat,RLP,Allemagne,DE
FR-55517,Seuil-d'Argonne,Meuse,Lorraine,LOR,France,FR
FR-55487,Seuzey,Meuse,Lorraine,LOR,France,FR
DE-07232310,Sevenig (Our),Eifelkreis Bitburg-Prüm,Rhénanie-Palatinat,RLP,Allemagne,DE
DE-07232121,Sevenig bei Neuerburg,Eifelkreis Bitburg-Prüm,Rhénanie-Palatinat,RLP,Allemagne,DE
FR-54505,Sexey-aux-Forges,Meurthe-et-Moselle,Lorraine,LOR,France,FR
DE-07337073,Siebeldingen,Südliche Weinstraße,Rhénanie-Palatinat,RLP,Allemagne,DE
DE-07137099,Siebenbach,Mayen-Koblenz,Rhénanie-Palatinat,RLP,Allemagne,DE
DE-07331060,Siefersheim,Alzey-Worms,Rhénanie-Palatinat,RLP,Allemagne,DE
DE-07134082,Sien,Birkenfeld,Rhénanie-Palatinat,RLP,Allemagne,DE
DE-07134083,Sienhachenbach,Birkenfeld,Rhénanie-Palatinat,RLP,Allemagne,DE
FR-57650,Sierck-les-Bains,Moselle,Lorraine,LOR,France,FR
DE-07131076,Sierscheid,Ahrweiler,Rhénanie-Palatinat,RLP,Allemagne,DE
DE-07143070,Siershahn,Westerwaldkreis,Rhénanie-Palatinat,RLP,Allemagne,DE
FR-57651,Siersthal,Moselle,Lorraine,LOR,France,FR
DE-07134084,Siesbach,Birkenfeld,Rhénanie-Palatinat,RLP,Allemagne,DE
FR-57652,Sillegny,Moselle,Lorraine,LOR,France,FR
BE-51068,Silly,Hainaut,Wallonie,WAL,Belgique,BE
FR-57653,Silly-en-Saulnois,Moselle,Lorraine,LOR,France,FR
FR-57654,Silly-sur-Nied,Moselle,Lorraine,LOR,France,FR
FR-55488,Silmont,Meuse,Lorraine,LOR,France,FR
DE-07337074,Silz,Südliche Weinstraße,Rhénanie-Palatinat,RLP,Allemagne,DE
DE-07143071,Simmern,Westerwaldkreis,Rhénanie-Palatinat,RLP,Allemagne,DE
DE-07140144,Simmern/Hunsrück,Rhein-Hunsrück-Kreis,Rhénanie-Palatinat,RLP,Allemagne,DE
DE-07133096,Simmertal,Bad Kreuznach,Rhénanie-Palatinat,RLP,Allemagne,DE
DE-07141129,Singhofen,Rhein-Lahn-Kreis,Rhénanie-Palatinat,RLP,Allemagne,DE
DE-07232122,Sinspelt,Eifelkreis Bitburg-Prüm,Rhénanie-Palatinat,RLP,Allemagne,DE
DE-07131077,Sinzig,Ahrweiler,Rhénanie-Palatinat,RLP,Allemagne,DE
FR-88457,Sionne,Vosges,Lorraine,LOR,France,FR
FR-54507,Sionviller,Meurthe-et-Moselle,Lorraine,LOR,France,FR
DE-07333071,Sippersfeld,Donnersbergkreis,Rhénanie-Palatinat,RLP,Allemagne,DE
DE-07333072,Sitters,Donnersbergkreis,Rhénanie-Palatinat,RLP,Allemagne,DE
FR-54508,Sivry,Meurthe-et-Moselle,Lorraine,LOR,France,FR
FR-55489,Sivry-la-Perche,Meuse,Lorraine,LOR,France,FR
BE-56088,Sivry-Rance,Hainaut,Wallonie,WAL,Belgique,BE
FR-55490,Sivry-sur-Meuse,Meuse,Lorraine,LOR,France,FR
FR-88458,Socourt,Vosges,Lorraine,LOR,France,FR
DE-07140145,Sohren,Rhein-Hunsrück-Kreis,Rhénanie-Palatinat,RLP,Allemagne,DE
DE-07140146,Sohrschied,Rhein-Hunsrück-Kreis,Rhénanie-Palatinat,RLP,Allemagne,DE
BE-55040,Soignies,Hainaut,Wallonie,WAL,Belgique,BE
FR-57655,Solgne,Moselle,Lorraine,LOR,France,FR
BE-92114,Sombreffe,Namur,Wallonie,WAL,Belgique,BE
BE-91120,Somme-Leuze,Namur,Wallonie,WAL,Belgique,BE
FR-55492,Sommedieue,Meuse,Lorraine,LOR,France,FR
FR-55493,Sommeilles,Meuse,Lorraine,LOR,France,FR
FR-55494,Sommelonne,Meuse,Lorraine,LOR,France,FR
DE-07235129,Sommerau,Trier-Saarburg,Rhénanie-Palatinat,RLP,Allemagne,DE
DE-07133098,Sommerloch,Bad Kreuznach,Rhénanie-Palatinat,RLP,Allemagne,DE
FR-54509,Sommerviller,Meurthe-et-Moselle,Lorraine,LOR,France,FR
FR-88459,Soncourt,Vosges,Lorraine,LOR,France,FR
DE-07134085,Sonnenberg-Winnenberg,Birkenfeld,Rhénanie-Palatinat,RLP,Allemagne,DE
DE-07134086,Sonnschied,Birkenfeld,Rhénanie-Palatinat,RLP,Allemagne,DE
FR-55495,Sorbey (Meuse),Meuse,Lorraine,LOR,France,FR
FR-57656,Sorbey (Moselle),Moselle,Lorraine,LOR,France,FR
FR-55496,Sorcy-Saint-Martin,Meuse,Lorraine,LOR,France,FR
FR-54510,Sornéville,Meurthe-et-Moselle,Lorraine,LOR,France,FR
DE-07135080,Sosberg,Cochem-Zell,Rhénanie-Palatinat,RLP,Allemagne,DE
FR-57657,Sotzeling,Moselle,Lorraine,LOR,France,FR
FR-57658,Soucht,Moselle,Lorraine,LOR,France,FR
FR-55498,Souilly,Meuse,Lorraine,LOR,France,FR
FR-88460,Soulosse-sous-Saint-Élophe,Vosges,Lorraine,LOR,France,FR
BE-62099,Soumagne,Liège,Wallonie,WAL,Belgique,BE
BE-63072,Spa,Liège,Wallonie,WAL,Belgique,BE
DE-07133099,Spabrücken,Bad Kreuznach,Rhénanie-Palatinat,RLP,Allemagne,DE
DE-07133100,Spall,Bad Kreuznach,Rhénanie-Palatinat,RLP,Allemagne,DE
DE-07232311,Spangdahlem,Eifelkreis Bitburg-Prüm,Rhénanie-Palatinat,RLP,Allemagne,DE
DE-07137223,Spay,Mayen-Koblenz,Rhénanie-Palatinat,RLP,Allemagne,DE
DE-07232123,Speicher,Eifelkreis Bitburg-Prüm,Rhénanie-Palatinat,RLP,Allemagne,DE
DE-07140147,Spesenroth,Rhein-Hunsrück-Kreis,Rhénanie-Palatinat,RLP,Allemagne,DE
DE-07131208,Spessart,Ahrweiler,Rhénanie-Palatinat,RLP,Allemagne,DE
DE-07318000,Speyer,Speyer,Rhénanie-Palatinat,RLP,Allemagne,DE
FR-57659,Spicheren,Moselle,Lorraine,LOR,France,FR
DE-10043117,Spiesen-Elversberg,Neunkirchen,Sarre,SL,Allemagne,DE
DE-07331061,Spiesheim,Alzey-Worms,Rhénanie-Palatinat,RLP,Allemagne,DE
FR-55500,Spincourt,Meuse,Lorraine,LOR,France,FR
DE-07340049,Spirkelbach,Südwestpfalz,Rhénanie-Palatinat,RLP,Allemagne,DE
DE-07133101,Sponheim,Bad Kreuznach,Rhénanie-Palatinat,RLP,Allemagne,DE
FR-54511,Sponville,Meurthe-et-Moselle,Lorraine,LOR,France,FR
DE-07339056,Sprendlingen,Mainz-Bingen,Rhénanie-Palatinat,RLP,Allemagne,DE
BE-62100,Sprimont,Liège,Wallonie,WAL,Belgique,BE
DE-10045117,St. Ingbert,Saarpfalz-Kreis,Sarre,SL,Allemagne,DE
DE-10046117,St. Wendel,St. Wendel,Sarre,SL,Allemagne,DE
DE-07339057,Stadecken-Elsheim,Mainz-Bingen,Rhénanie-Palatinat,RLP,Allemagne,DE
LU-1207,Stadtbredimus,Remich,Luxembourg,LUX,Luxembourg,LU
DE-07233240,Stadtkyll,Vulkaneifel,Rhénanie-Palatinat,RLP,Allemagne,DE
DE-07333073,Stahlberg,Donnersbergkreis,Rhénanie-Palatinat,RLP,Allemagne,DE
DE-07143072,Stahlhofen,Westerwaldkreis,Rhénanie-Palatinat,RLP,Allemagne,DE
DE-07143293,Stahlhofen am Wiesensee,Westerwaldkreis,Rhénanie-Palatinat,RLP,Allemagne,DE
FR-55501,Stainville,Meuse,Lorraine,LOR,France,FR
DE-07333074,Standenbühl,Donnersbergkreis,Rhénanie-Palatinat,RLP,Allemagne,DE
DE-07231120,Starkenburg,Bernkastel-Wittlich,Rhénanie-Palatinat,RLP,Allemagne,DE
DE-07133102,Staudernheim,Bad Kreuznach,Rhénanie-Palatinat,RLP,Allemagne,DE
DE-07143073,Staudt,Westerwaldkreis,Rhénanie-Palatinat,RLP,Allemagne,DE
BE-63073,Stavelot,Liège,Wallonie,WAL,Belgique,BE
DE-07138069,Stebach,Neuwied,Rhénanie-Palatinat,RLP,Allemagne,DE
DE-07233241,Steffeln,Vulkaneifel,Rhénanie-Palatinat,RLP,Allemagne,DE
DE-07138070,Steimel,Neuwied,Rhénanie-Palatinat,RLP,Allemagne,DE
DE-07331062,Stein-Bockenheim,Alzey-Worms,Rhénanie-Palatinat,RLP,Allemagne,DE
DE-07143295,Stein-Neukirch,Westerwaldkreis,Rhénanie-Palatinat,RLP,Allemagne,DE
DE-07143296,Stein-Wingert,Westerwaldkreis,Rhénanie-Palatinat,RLP,Allemagne,DE
DE-07340050,Steinalben,Südwestpfalz,Rhénanie-Palatinat,RLP,Allemagne,DE
DE-07140148,Steinbach,Rhein-Hunsrück-Kreis,Rhénanie-Palatinat,RLP,Allemagne,DE
DE-07333075,Steinbach am Donnersberg,Donnersbergkreis,Rhénanie-Palatinat,RLP,Allemagne,DE
DE-07336096,Steinbach am Glan,Kusel,Rhénanie-Palatinat,RLP,Allemagne,DE
DE-07232313,Steinborn,Eifelkreis Bitburg-Prüm,Rhénanie-Palatinat,RLP,Allemagne,DE
DE-07143294,Steinebach an der Wied,Westerwaldkreis,Rhénanie-Palatinat,RLP,Allemagne,DE
DE-07132107,Steinebach/Sieg,Altenkirchen (Ww),Rhénanie-Palatinat,RLP,Allemagne,DE
DE-07233067,Steineberg,Vulkaneifel,Rhénanie-Palatinat,RLP,Allemagne,DE
DE-07143074,Steinefrenz,Westerwaldkreis,Rhénanie-Palatinat,RLP,Allemagne,DE
DE-07143075,Steinen,Westerwaldkreis,Rhénanie-Palatinat,RLP,Allemagne,DE
DE-07132108,Steineroth,Altenkirchen (Ww),Rhénanie-Palatinat,RLP,Allemagne,DE
DE-07337076,Steinfeld,Südliche Weinstraße,Rhénanie-Palatinat,RLP,Allemagne,DE
LU-0110,Steinfort,Capellen,Luxembourg,LUX,Luxembourg,LU
DE-07233068,Steiningen,Vulkaneifel,Rhénanie-Palatinat,RLP,Allemagne,DE
DE-07141130,Steinsberg,Rhein-Lahn-Kreis,Rhénanie-Palatinat,RLP,Allemagne,DE
LU-0308,Steinsel,Luxembourg,Luxembourg,LUX,Luxembourg,LU
DE-07334030,Steinweiler,Germersheim,Rhénanie-Palatinat,RLP,Allemagne,DE
DE-07335044,Steinwenden,Kaiserslautern,Rhénanie-Palatinat,RLP,Allemagne,DE
DE-07335045,Stelzenberg,Kaiserslautern,Rhénanie-Palatinat,RLP,Allemagne,DE
FR-55502,Stenay,Meuse,Lorraine,LOR,France,FR
DE-07333076,Stetten,Donnersbergkreis,Rhénanie-Palatinat,RLP,Allemagne,DE
DE-07134087,Stipshausen,Birkenfeld,Rhénanie-Palatinat,RLP,Allemagne,DE
FR-57660,Stiring-Wendel,Moselle,Lorraine,LOR,France,FR
DE-07232124,Stockem,Eifelkreis Bitburg-Prüm,Rhénanie-Palatinat,RLP,Allemagne,DE
DE-07143297,Stockhausen-Illfurth,Westerwaldkreis,Rhénanie-Palatinat,RLP,Allemagne,DE
DE-07143298,Stockum-Püschen,Westerwaldkreis,Rhénanie-Palatinat,RLP,Allemagne,DE
BE-63075,Stoumont,Liège,Wallonie,WAL,Belgique,BE
LU-0309,Strassen,Luxembourg,Luxembourg,LUX,Luxembourg,LU
DE-07138071,Straßenhaus,Neuwied,Rhénanie-Palatinat,RLP,Allemagne,DE
DE-07143299,Streithausen,Westerwaldkreis,Rhénanie-Palatinat,RLP,Allemagne,DE
DE-07232315,Strickscheid,Eifelkreis Bitburg-Prüm,Rhénanie-Palatinat,RLP,Allemagne,DE
DE-07233070,Strohn,Vulkaneifel,Rhénanie-Palatinat,RLP,Allemagne,DE
DE-07133103,Stromberg,Bad Kreuznach,Rhénanie-Palatinat,RLP,Allemagne,DE
DE-07233071,Strotzbüsch,Vulkaneifel,Rhénanie-Palatinat,RLP,Allemagne,DE
DE-07141131,Strüth,Rhein-Lahn-Kreis,Rhénanie-Palatinat,RLP,Allemagne,DE
FR-57767,Stuckange,Moselle,Lorraine,LOR,France,FR
FR-57661,Sturzelbronn,Moselle,Lorraine,LOR,France,FR
DE-07132109,Stürzelbach,Altenkirchen (Ww),Rhénanie-Palatinat,RLP,Allemagne,DE
FR-57662,Suisse,Moselle,Lorraine,LOR,France,FR
DE-07134088,Sulzbach (Birkenfeld),Birkenfeld,Rhénanie-Palatinat,RLP,Allemagne,DE
DE-07141132,Sulzbach (Rhein-Lahn-Kreis),Rhein-Lahn-Kreis,Rhénanie-Palatinat,RLP,Allemagne,DE
DE-10041518,Sulzbach/Saar,Saarbrücken,Sarre,SL,Allemagne,DE
DE-07335046,Sulzbachtal,Kaiserslautern,Rhénanie-Palatinat,RLP,Allemagne,DE
DE-07331063,Sulzheim,Alzey-Worms,Rhénanie-Palatinat,RLP,Allemagne,DE
FR-88461,Suriauville,Vosges,Lorraine,LOR,France,FR
DE-07339054,Sörgenloch,Mainz-Bingen,Rhénanie-Palatinat,RLP,Allemagne,DE
DE-07132106,Sörth,Altenkirchen (Ww),Rhénanie-Palatinat,RLP,Allemagne,DE
DE-07232125,Sülm,Eifelkreis Bitburg-Prüm,Rhénanie-Palatinat,RLP,Allemagne,DE
DE-07235131,Taben-Rodt,Trier-Saarburg,Rhénanie-Palatinat,RLP,Allemagne,DE
FR-55503,Taillancourt,Meuse,Lorraine,LOR,France,FR
FR-88463,Taintrux,Vosges,Lorraine,LOR,France,FR
FR-57663,Talange,Moselle,Lorraine,LOR,France,FR
DE-07231122,Talling,Bernkastel-Wittlich,Rhénanie-Palatinat,RLP,Allemagne,DE
FR-54512,Tanconville,Meurthe-et-Moselle,Lorraine,LOR,France,FR
LU-0901,Tandel,Vianden,Luxembourg,LUX,Luxembourg,LU
FR-55504,Tannois,Meuse,Lorraine,LOR,France,FR
FR-54513,Tantonville,Meurthe-et-Moselle,Lorraine,LOR,France,FR
FR-57664,Tarquimpol,Moselle,Lorraine,LOR,France,FR
DE-07235132,Tawern,Trier-Saarburg,Rhénanie-Palatinat,RLP,Allemagne,DE
FR-54514,Tellancourt,Meurthe-et-Moselle,Lorraine,LOR,France,FR
DE-07135081,Tellig,Cochem-Zell,Rhénanie-Palatinat,RLP,Allemagne,DE
BE-84068,Tellin,Luxembourg,Wallonie,WAL,Belgique,BE
DE-07235133,Temmels,Trier-Saarburg,Rhénanie-Palatinat,RLP,Allemagne,DE
FR-88464,Tendon,Vosges,Lorraine,LOR,France,FR
BE-83049,Tenneville,Luxembourg,Wallonie,WAL,Belgique,BE
FR-57665,Tenteling,Moselle,Lorraine,LOR,France,FR
FR-57666,Terville,Moselle,Lorraine,LOR,France,FR
DE-07333077,Teschenmoschel,Donnersbergkreis,Rhénanie-Palatinat,RLP,Allemagne,DE
FR-57668,Teting-sur-Nied,Moselle,Lorraine,LOR,France,FR
DE-07340051,Thaleischweiler-Fröschen,Südwestpfalz,Rhénanie-Palatinat,RLP,Allemagne,DE
DE-07231123,Thalfang,Bernkastel-Wittlich,Rhénanie-Palatinat,RLP,Allemagne,DE
DE-07138072,Thalhausen,Neuwied,Rhénanie-Palatinat,RLP,Allemagne,DE
DE-07336097,Thallichtenberg,Kusel,Rhénanie-Palatinat,RLP,Allemagne,DE
DE-07336098,Theisbergstegen,Kusel,Rhénanie-Palatinat,RLP,Allemagne,DE
BE-63076,Theux,Liège,Wallonie,WAL,Belgique,BE
FR-88466,They-sous-Montfort,Vosges,Lorraine,LOR,France,FR
FR-54516,They-sous-Vaudemont,Meurthe-et-Moselle,Lorraine,LOR,France,FR
FR-54518,Thiaucourt-Regniéville,Meurthe-et-Moselle,Lorraine,LOR,France,FR
FR-54519,Thiaville-sur-Meurthe,Meurthe-et-Moselle,Lorraine,LOR,France,FR
FR-57670,Thicourt,Moselle,Lorraine,LOR,France,FR
FR-55505,Thierville-sur-Meuse,Meuse,Lorraine,LOR,France,FR
FR-54521,Thil,Meurthe-et-Moselle,Lorraine,LOR,France,FR
FR-55506,Thillombois,Meuse,Lorraine,LOR,France,FR
FR-55507,Thillot,Meuse,Lorraine,LOR,France,FR
BE-63089,Thimister-Clermont,Liège,Wallonie,WAL,Belgique,BE
FR-57671,Thimonville,Moselle,Lorraine,LOR,France,FR
FR-57672,Thionville,Moselle,Lorraine,LOR,France,FR
FR-88469,Thiraucourt,Vosges,Lorraine,LOR,France,FR
FR-54520,Thiébauménil,Meurthe-et-Moselle,Lorraine,LOR,France,FR
FR-88467,Thiéfosse,Vosges,Lorraine,LOR,France,FR
DE-10046118,Tholey,St. Wendel,Sarre,SL,Allemagne,DE
DE-07235135,Thomm,Trier-Saarburg,Rhénanie-Palatinat,RLP,Allemagne,DE
FR-55508,Thonne-la-Long,Meuse,Lorraine,LOR,France,FR
FR-55509,Thonne-le-Thil,Meuse,Lorraine,LOR,France,FR
FR-55510,Thonne-les-Près,Meuse,Lorraine,LOR,France,FR
FR-55511,Thonnelle,Meuse,Lorraine,LOR,France,FR
FR-57673,Thonville,Moselle,Lorraine,LOR,France,FR
FR-54522,Thorey-Lyautey,Meurthe-et-Moselle,Lorraine,LOR,France,FR
FR-54523,Thuilley-aux-Groseilles,Meurthe-et-Moselle,Lorraine,LOR,France,FR
FR-88472,Thuillières,Vosges,Lorraine,LOR,France,FR
BE-56078,Thuin,Hainaut,Wallonie,WAL,Belgique,BE
FR-54524,Thumeréville,Meurthe-et-Moselle,Lorraine,LOR,France,FR
FR-57669,Théding,Moselle,Lorraine,LOR,France,FR
FR-54515,Thélod,Meurthe-et-Moselle,Lorraine,LOR,France,FR
FR-54517,Thézey-Saint-Martin,Meurthe-et-Moselle,Lorraine,LOR,France,FR
DE-07140149,Thörlingen,Rhein-Hunsrück-Kreis,Rhénanie-Palatinat,RLP,Allemagne,DE
DE-07235134,Thörnich,Trier-Saarburg,Rhénanie-Palatinat,RLP,Allemagne,DE
DE-07137101,Thür,Mayen-Koblenz,Rhénanie-Palatinat,RLP,Allemagne,DE
DE-07140150,Tiefenbach,Rhein-Hunsrück-Kreis,Rhénanie-Palatinat,RLP,Allemagne,DE
DE-07332044,Tiefenthal (Bad Dürkheim),Bad Dürkheim,Rhénanie-Palatinat,RLP,Allemagne,DE
DE-07133104,Tiefenthal (Bad Kreuznach),Bad Kreuznach,Rhénanie-Palatinat,RLP,Allemagne,DE
FR-54525,Tiercelet,Meurthe-et-Moselle,Lorraine,LOR,France,FR
FR-88473,Tignécourt,Vosges,Lorraine,LOR,France,FR
FR-88474,Tilleux,Vosges,Lorraine,LOR,France,FR
FR-55512,Tilly-sur-Meuse,Meuse,Lorraine,LOR,France,FR
FR-57674,Tincry,Moselle,Lorraine,LOR,France,FR
BE-61081,Tinlot,Liège,Wallonie,WAL,Belgique,BE
BE-85039,Tintigny,Luxembourg,Wallonie,WAL,Belgique,BE
DE-07140151,Todenroth,Rhein-Hunsrück-Kreis,Rhénanie-Palatinat,RLP,Allemagne,DE
FR-88475,Tollaincourt,Vosges,Lorraine,LOR,France,FR
FR-54526,Tomblaine,Meurthe-et-Moselle,Lorraine,LOR,France,FR
FR-54527,Tonnoy,Meurthe-et-Moselle,Lorraine,LOR,France,FR
FR-57675,Torcheville,Moselle,Lorraine,LOR,France,FR
FR-88476,Totainville,Vosges,Lorraine,LOR,France,FR
FR-54528,Toul,Meurthe-et-Moselle,Lorraine,LOR,France,FR
BE-57081,Tournai,Hainaut,Wallonie,WAL,Belgique,BE
DE-07231124,Traben-Trarbach,Bernkastel-Wittlich,Rhénanie-Palatinat,RLP,Allemagne,DE
FR-57676,Tragny,Moselle,Lorraine,LOR,France,FR
DE-07133105,Traisen,Bad Kreuznach,Rhénanie-Palatinat,RLP,Allemagne,DE
FR-54530,Tramont-Lassus,Meurthe-et-Moselle,Lorraine,LOR,France,FR
FR-54531,Tramont-Saint-André,Meurthe-et-Moselle,Lorraine,LOR,France,FR
FR-54529,Tramont-Émy,Meurthe-et-Moselle,Lorraine,LOR,France,FR
FR-88477,Trampot,Vosges,Lorraine,LOR,France,FR
FR-88478,Tranqueville-Graux,Vosges,Lorraine,LOR,France,FR
DE-07235136,Trassem,Trier-Saarburg,Rhénanie-Palatinat,RLP,Allemagne,DE
DE-07339058,Trechtingshausen,Mainz-Bingen,Rhénanie-Palatinat,RLP,Allemagne,DE
DE-07135082,Treis-Karden,Cochem-Zell,Rhénanie-Palatinat,RLP,Allemagne,DE
FR-54532,Tremblecourt,Meurthe-et-Moselle,Lorraine,LOR,France,FR
FR-57678,Tressange,Moselle,Lorraine,LOR,France,FR
DE-07211000,Trier,Trier,Rhénanie-Palatinat,RLP,Allemagne,DE
DE-07131079,Trierscheid,Ahrweiler,Rhénanie-Palatinat,RLP,Allemagne,DE
DE-07235137,Trierweiler,Trier-Saarburg,Rhénanie-Palatinat,RLP,Allemagne,DE
FR-54533,Trieux,Meurthe-et-Moselle,Lorraine,LOR,France,FR
DE-07137102,Trimbs,Mayen-Koblenz,Rhénanie-Palatinat,RLP,Allemagne,DE
DE-07232126,Trimport,Eifelkreis Bitburg-Prüm,Rhénanie-Palatinat,RLP,Allemagne,DE
DE-07335047,Trippstadt,Kaiserslautern,Rhénanie-Palatinat,RLP,Allemagne,DE
FR-57679,Tritteling-Redlach,Moselle,Lorraine,LOR,France,FR
DE-07235207,Trittenheim,Trier-Saarburg,Rhénanie-Palatinat,RLP,Allemagne,DE
BE-63086,Trois-Ponts,Liège,Wallonie,WAL,Belgique,BE
FR-57680,Troisfontaines,Moselle,Lorraine,LOR,France,FR
LU-0504,Troisvierges,Clervaux,Luxembourg,LUX,Luxembourg,LU
FR-57681,Tromborn,Moselle,Lorraine,LOR,France,FR
FR-54534,Trondes,Meurthe-et-Moselle,Lorraine,LOR,France,FR
FR-54535,Tronville,Meurthe-et-Moselle,Lorraine,LOR,France,FR
FR-55519,Tronville-en-Barrois,Meuse,Lorraine,LOR,France,FR
BE-62122,Trooz,Liège,Wallonie,WAL,Belgique,BE
FR-55520,Troussey,Meuse,Lorraine,LOR,France,FR
FR-55521,Troyon,Meuse,Lorraine,LOR,France,FR
DE-07340052,Trulben,Südwestpfalz,Rhénanie-Palatinat,RLP,Allemagne,DE
FR-57677,Trémery,Moselle,Lorraine,LOR,France,FR
FR-55514,Trémont-sur-Saulx,Meuse,Lorraine,LOR,France,FR
FR-88479,Trémonzey,Vosges,Lorraine,LOR,France,FR
FR-55515,Trésauvaux,Meuse,Lorraine,LOR,France,FR
FR-55516,Tréveray,Meuse,Lorraine,LOR,France,FR
BE-25105,Tubize,Brabant wallon,Wallonie,WAL,Belgique,BE
FR-54536,Tucquegnieux,Meurthe-et-Moselle,Lorraine,LOR,France,FR
FR-57682,Turquestein-Blancrupt,Moselle,Lorraine,LOR,France,FR
FR-57667,Téterchen,Moselle,Lorraine,LOR,France,FR
FR-88480,Ubexy,Vosges,Lorraine,LOR,France,FR
FR-57683,Uckange,Moselle,Lorraine,LOR,France,FR
DE-07331064,Udenheim,Alzey-Worms,Rhénanie-Palatinat,RLP,Allemagne,DE
DE-07233074,Udler,Vulkaneifel,Rhénanie-Palatinat,RLP,Allemagne,DE
DE-07339059,Uelversheim,Mainz-Bingen,Rhénanie-Palatinat,RLP,Allemagne,DE
DE-07233242,Uersfeld,Vulkaneifel,Rhénanie-Palatinat,RLP,Allemagne,DE
DE-07233243,Ueß,Vulkaneifel,Rhénanie-Palatinat,RLP,Allemagne,DE
FR-54537,Ugny,Meurthe-et-Moselle,Lorraine,LOR,France,FR
FR-55522,Ugny-sur-Meuse,Meuse,Lorraine,LOR,France,FR
DE-07140153,Uhler,Rhein-Hunsrück-Kreis,Rhénanie-Palatinat,RLP,Allemagne,DE
DE-07135083,Ulmen,Cochem-Zell,Rhénanie-Palatinat,RLP,Allemagne,DE
DE-07336099,Ulmet,Kusel,Rhénanie-Palatinat,RLP,Allemagne,DE
DE-07339060,Undenheim,Mainz-Bingen,Rhénanie-Palatinat,RLP,Allemagne,DE
DE-07138073,Unkel,Neuwied,Rhénanie-Palatinat,RLP,Allemagne,DE
DE-07333078,Unkenbach,Donnersbergkreis,Rhénanie-Palatinat,RLP,Allemagne,DE
DE-07143300,Unnau,Westerwaldkreis,Rhénanie-Palatinat,RLP,Allemagne,DE
DE-07336100,Unterjeckenbach,Kusel,Rhénanie-Palatinat,RLP,Allemagne,DE
DE-07143077,Untershausen,Westerwaldkreis,Rhénanie-Palatinat,RLP,Allemagne,DE
DE-07140154,Unzenberg,Rhein-Hunsrück-Kreis,Rhénanie-Palatinat,RLP,Allemagne,DE
DE-07232128,Uppershausen,Eifelkreis Bitburg-Prüm,Rhénanie-Palatinat,RLP,Allemagne,DE
DE-07138074,Urbach,Neuwied,Rhénanie-Palatinat,RLP,Allemagne,DE
DE-07137224,Urbar (Mayen-Koblenz),Mayen-Koblenz,Rhénanie-Palatinat,RLP,Allemagne,DE
DE-07140155,Urbar (Rhein-Hunsrück-Kreis),Rhein-Hunsrück-Kreis,Rhénanie-Palatinat,RLP,Allemagne,DE
FR-88481,Uriménil,Vosges,Lorraine,LOR,France,FR
DE-07135084,Urmersbach,Cochem-Zell,Rhénanie-Palatinat,RLP,Allemagne,DE
DE-07137225,Urmitz,Mayen-Koblenz,Rhénanie-Palatinat,RLP,Allemagne,DE
DE-07135085,Urschmitt,Cochem-Zell,Rhénanie-Palatinat,RLP,Allemagne,DE
FR-54538,Uruffe,Meurthe-et-Moselle,Lorraine,LOR,France,FR
FR-88482,Urville,Vosges,Lorraine,LOR,France,FR
DE-07232129,Usch,Eifelkreis Bitburg-Prüm,Rhénanie-Palatinat,RLP,Allemagne,DE
LU-0708,Useldange,Redange,Luxembourg,LUX,Luxembourg,LU
DE-07232102,Utscheid,Eifelkreis Bitburg-Prüm,Rhénanie-Palatinat,RLP,Allemagne,DE
DE-07140156,Utzenhain,Rhein-Hunsrück-Kreis,Rhénanie-Palatinat,RLP,Allemagne,DE
DE-07233077,Utzerath,Vulkaneifel,Rhénanie-Palatinat,RLP,Allemagne,DE
FR-88483,Uxegney,Vosges,Lorraine,LOR,France,FR
FR-88484,Uzemain,Vosges,Lorraine,LOR,France,FR
FR-55523,Vacherauville,Meuse,Lorraine,LOR,France,FR
FR-54539,Vacqueville,Meurthe-et-Moselle,Lorraine,LOR,France,FR
FR-55525,Vadelaincourt,Meuse,Lorraine,LOR,France,FR
FR-55526,Vadonville,Meuse,Lorraine,LOR,France,FR
FR-88486,Vagney,Vosges,Lorraine,LOR,France,FR
FR-57684,Vahl-Ebersing,Moselle,Lorraine,LOR,France,FR
FR-57685,Vahl-lès-Bénestroff,Moselle,Lorraine,LOR,France,FR
FR-57686,Vahl-lès-Faulquemont,Moselle,Lorraine,LOR,France,FR
FR-54099,Val de Briey,Meurthe-et-Moselle,Lorraine,LOR,France,FR
FR-55366,Val-d'Ornain,Meuse,Lorraine,LOR,France,FR
FR-57270,Val-de-Bride,Moselle,Lorraine,LOR,France,FR
FR-54540,Val-et-Châtillon,Meurthe-et-Moselle,Lorraine,LOR,France,FR
FR-55530,Valbois,Meuse,Lorraine,LOR,France,FR
FR-88488,Valfroicourt,Vosges,Lorraine,LOR,France,FR
FR-54541,Valhey,Meurthe-et-Moselle,Lorraine,LOR,France,FR
DE-07137226,Vallendar,Mayen-Koblenz,Rhénanie-Palatinat,RLP,Allemagne,DE
FR-57687,Vallerange,Moselle,Lorraine,LOR,France,FR
FR-54542,Valleroy,Meurthe-et-Moselle,Lorraine,LOR,France,FR
FR-88489,Valleroy-aux-Saules,Vosges,Lorraine,LOR,France,FR
FR-88490,Valleroy-le-Sec,Vosges,Lorraine,LOR,France,FR
FR-54543,Vallois,Meurthe-et-Moselle,Lorraine,LOR,France,FR
LU-0610,Vallée de l'Ernz,Diekirch,Luxembourg,LUX,Luxembourg,LU
FR-57689,Valmestroff,Moselle,Lorraine,LOR,France,FR
FR-57690,Valmont,Moselle,Lorraine,LOR,France,FR
FR-57691,Valmunster,Moselle,Lorraine,LOR,France,FR
DE-07135086,Valwig,Cochem-Zell,Rhénanie-Palatinat,RLP,Allemagne,DE
FR-54544,Vandelainville,Meurthe-et-Moselle,Lorraine,LOR,France,FR
FR-54545,Vandeléville,Meurthe-et-Moselle,Lorraine,LOR,France,FR
FR-54546,Vandières,Meurthe-et-Moselle,Lorraine,LOR,France,FR
FR-54547,Vandœuvre-lès-Nancy,Meurthe-et-Moselle,Lorraine,LOR,France,FR
FR-57692,Vannecourt,Moselle,Lorraine,LOR,France,FR
FR-54548,Vannes-le-Châtel,Meurthe-et-Moselle,Lorraine,LOR,France,FR
FR-57693,Vantoux,Moselle,Lorraine,LOR,France,FR
FR-57694,Vany,Moselle,Lorraine,LOR,France,FR
FR-54549,Varangéville,Meurthe-et-Moselle,Lorraine,LOR,France,FR
FR-55527,Varennes-en-Argonne,Meuse,Lorraine,LOR,France,FR
FR-57695,Varize-Vaudoncourt,Moselle,Lorraine,LOR,France,FR
FR-88493,Varmonzey,Vosges,Lorraine,LOR,France,FR
FR-55528,Varnéville,Meuse,Lorraine,LOR,France,FR
FR-57696,Varsberg,Moselle,Lorraine,LOR,France,FR
FR-57697,Vasperviller,Moselle,Lorraine,LOR,France,FR
FR-55531,Vassincourt,Meuse,Lorraine,LOR,France,FR
FR-54550,Vathiménil,Meurthe-et-Moselle,Lorraine,LOR,France,FR
FR-57698,Vatimont,Moselle,Lorraine,LOR,France,FR
FR-55532,Vaubecourt,Meuse,Lorraine,LOR,France,FR
FR-88494,Vaubexy,Vosges,Lorraine,LOR,France,FR
FR-55533,Vaucouleurs,Meuse,Lorraine,LOR,France,FR
FR-54551,Vaucourt,Meurthe-et-Moselle,Lorraine,LOR,France,FR
FR-54553,Vaudeville,Meurthe-et-Moselle,Lorraine,LOR,France,FR
FR-55534,Vaudeville-le-Haut,Meuse,Lorraine,LOR,France,FR
FR-54554,Vaudigny,Meurthe-et-Moselle,Lorraine,LOR,France,FR
FR-55535,Vaudoncourt (Meuse),Meuse,Lorraine,LOR,France,FR
FR-88496,Vaudoncourt (Vosges),Vosges,Lorraine,LOR,France,FR
FR-57700,Vaudreching,Moselle,Lorraine,LOR,France,FR
FR-54552,Vaudémont,Meurthe-et-Moselle,Lorraine,LOR,France,FR
FR-88495,Vaudéville,Vosges,Lorraine,LOR,France,FR
FR-55536,Vauquois,Meuse,Lorraine,LOR,France,FR
FR-57701,Vaux,Moselle,Lorraine,LOR,France,FR
FR-55540,Vaux-lès-Palameix,Meuse,Lorraine,LOR,France,FR
BE-82036,Vaux-sur-Sûre,Luxembourg,Wallonie,WAL,Belgique,BE
FR-55541,Vavincourt,Meuse,Lorraine,LOR,France,FR
FR-54555,Vaxainville,Meurthe-et-Moselle,Lorraine,LOR,France,FR
FR-88497,Vaxoncourt,Vosges,Lorraine,LOR,France,FR
FR-57702,Vaxy,Moselle,Lorraine,LOR,France,FR
FR-57703,Veckersviller,Moselle,Lorraine,LOR,France,FR
FR-57704,Veckring,Moselle,Lorraine,LOR,France,FR
FR-88498,Vecoux,Vosges,Lorraine,LOR,France,FR
DE-07134089,Veitsrodt,Birkenfeld,Rhénanie-Palatinat,RLP,Allemagne,DE
FR-54558,Velaine-sous-Amance,Meurthe-et-Moselle,Lorraine,LOR,France,FR
FR-55543,Velaines,Meuse,Lorraine,LOR,France,FR
DE-07231126,Veldenz,Bernkastel-Wittlich,Rhénanie-Palatinat,RLP,Allemagne,DE
FR-54559,Velle-sur-Moselle,Meurthe-et-Moselle,Lorraine,LOR,France,FR
FR-55544,Velosnes,Meuse,Lorraine,LOR,France,FR
FR-88499,Velotte-et-Tatignécourt,Vosges,Lorraine,LOR,France,FR
FR-57705,Velving,Moselle,Lorraine,LOR,France,FR
DE-07331065,Vendersheim,Alzey-Worms,Rhénanie-Palatinat,RLP,Allemagne,DE
FR-54560,Veney,Meurthe-et-Moselle,Lorraine,LOR,France,FR
FR-54561,Vennezey,Meurthe-et-Moselle,Lorraine,LOR,France,FR
DE-07337077,Venningen,Südliche Weinstraße,Rhénanie-Palatinat,RLP,Allemagne,DE
FR-88500,Ventron,Vosges,Lorraine,LOR,France,FR
FR-54562,Verdenal,Meurthe-et-Moselle,Lorraine,LOR,France,FR
FR-55545,Verdun,Meuse,Lorraine,LOR,France,FR
FR-57706,Vergaville,Moselle,Lorraine,LOR,France,FR
BE-61063,Verlaine,Liège,Wallonie,WAL,Belgique,BE
FR-55546,Verneuil-Grand,Meuse,Lorraine,LOR,France,FR
FR-55547,Verneuil-Petit,Meuse,Lorraine,LOR,France,FR
FR-57708,Verny,Moselle,Lorraine,LOR,France,FR
FR-57707,Vernéville,Moselle,Lorraine,LOR,France,FR
FR-88502,Vervezelle,Vosges,Lorraine,LOR,France,FR
BE-63079,Verviers,Liège,Wallonie,WAL,Belgique,BE
FR-57709,Vescheim,Moselle,Lorraine,LOR,France,FR
DE-07138075,Vettelschoß,Neuwied,Rhénanie-Palatinat,RLP,Allemagne,DE
FR-88503,Vexaincourt,Vosges,Lorraine,LOR,France,FR
LU-0903,Vianden,Vianden,Luxembourg,LUX,Luxembourg,LU
FR-57711,Vibersviller,Moselle,Lorraine,LOR,France,FR
FR-57712,Vic-sur-Seille,Moselle,Lorraine,LOR,France,FR
FR-88504,Vicherey,Vosges,Lorraine,LOR,France,FR
LU-0709,Vichten,Redange,Luxembourg,LUX,Luxembourg,LU
DE-07143078,Vielbach,Westerwaldkreis,Rhénanie-Palatinat,RLP,Allemagne,DE
BE-82032,Vielsalm,Luxembourg,Wallonie,WAL,Belgique,BE
FR-88505,Vienville,Vosges,Lorraine,LOR,France,FR
DE-07235140,Vierherrenborn,Trier-Saarburg,Rhénanie-Palatinat,RLP,Allemagne,DE
FR-57713,Vieux-Lixheim,Moselle,Lorraine,LOR,France,FR
FR-88506,Vieux-Moulin,Vosges,Lorraine,LOR,France,FR
FR-55552,Vigneul-sous-Montmédy,Meuse,Lorraine,LOR,France,FR
FR-54565,Vigneulles,Meurthe-et-Moselle,Lorraine,LOR,France,FR
FR-55551,Vigneulles-lès-Hattonchâtel,Meuse,Lorraine,LOR,France,FR
FR-55553,Vignot,Meuse,Lorraine,LOR,France,FR
FR-57715,Vigny,Moselle,Lorraine,LOR,France,FR
FR-57716,Vigy,Moselle,Lorraine,LOR,France,FR
FR-54566,Vilcey-sur-Trey,Meurthe-et-Moselle,Lorraine,LOR,France,FR
FR-54567,Villacourt,Meurthe-et-Moselle,Lorraine,LOR,France,FR
FR-54568,Ville-au-Montois,Meurthe-et-Moselle,Lorraine,LOR,France,FR
FR-54569,Ville-au-Val,Meurthe-et-Moselle,Lorraine,LOR,France,FR
FR-55555,Ville-devant-Belrain,Meuse,Lorraine,LOR,France,FR
FR-55556,Ville-devant-Chaumont,Meuse,Lorraine,LOR,France,FR
FR-54571,Ville-en-Vermois,Meurthe-et-Moselle,Lorraine,LOR,France,FR
FR-55557,Ville-en-Woëvre,Meuse,Lorraine,LOR,France,FR
FR-54572,Ville-Houdlémont,Meurthe-et-Moselle,Lorraine,LOR,France,FR
FR-55567,Ville-sur-Cousances,Meuse,Lorraine,LOR,France,FR
FR-88508,Ville-sur-Illon,Vosges,Lorraine,LOR,France,FR
FR-55568,Ville-sur-Saulx,Meuse,Lorraine,LOR,France,FR
FR-54581,Ville-sur-Yron,Meurthe-et-Moselle,Lorraine,LOR,France,FR
FR-54570,Villecey-sur-Mad,Meurthe-et-Moselle,Lorraine,LOR,France,FR
FR-57717,Viller,Moselle,Lorraine,LOR,France,FR
FR-55559,Villeroy-sur-Méholle,Meuse,Lorraine,LOR,France,FR
FR-88507,Villers,Vosges,Lorraine,LOR,France,FR
FR-55560,Villers-aux-Vents,Meuse,Lorraine,LOR,France,FR
FR-55561,Villers-devant-Dun,Meuse,Lorraine,LOR,France,FR
FR-54573,Villers-en-Haye,Meurthe-et-Moselle,Lorraine,LOR,France,FR
FR-54574,Villers-la-Chèvre,Meurthe-et-Moselle,Lorraine,LOR,France,FR
FR-54575,Villers-la-Montagne,Meurthe-et-Moselle,Lorraine,LOR,France,FR
BE-25107,Villers-la-Ville,Brabant wallon,Wallonie,WAL,Belgique,BE
BE-61068,Villers-le-Bouillet,Liège,Wallonie,WAL,Belgique,BE
FR-54576,Villers-le-Rond,Meurthe-et-Moselle,Lorraine,LOR,France,FR
FR-55562,Villers-le-Sec,Meuse,Lorraine,LOR,France,FR
FR-55563,Villers-lès-Mangiennes,Meuse,Lorraine,LOR,France,FR
FR-54577,Villers-lès-Moivrons,Meurthe-et-Moselle,Lorraine,LOR,France,FR
FR-54578,Villers-lès-Nancy,Meurthe-et-Moselle,Lorraine,LOR,France,FR
FR-55565,Villers-sous-Pareid,Meuse,Lorraine,LOR,France,FR
FR-54579,Villers-sous-Prény,Meurthe-et-Moselle,Lorraine,LOR,France,FR
FR-57718,Villers-Stoncourt,Moselle,Lorraine,LOR,France,FR
FR-55566,Villers-sur-Meuse,Meuse,Lorraine,LOR,France,FR
FR-57719,Villers-sur-Nied,Moselle,Lorraine,LOR,France,FR
FR-54580,Villerupt,Meurthe-et-Moselle,Lorraine,LOR,France,FR
FR-54582,Villette,Meurthe-et-Moselle,Lorraine,LOR,France,FR
FR-54583,Villey-le-Sec,Meurthe-et-Moselle,Lorraine,LOR,France,FR
FR-54584,Villey-Saint-Étienne,Meurthe-et-Moselle,Lorraine,LOR,France,FR
FR-57720,Villing,Moselle,Lorraine,LOR,France,FR
FR-88509,Villoncourt,Vosges,Lorraine,LOR,France,FR
FR-88510,Villotte,Vosges,Lorraine,LOR,France,FR
FR-55569,Villotte-devant-Louppy,Meuse,Lorraine,LOR,France,FR
FR-55570,Villotte-sur-Aire,Meuse,Lorraine,LOR,France,FR
FR-88511,Villouxel,Vosges,Lorraine,LOR,France,FR
FR-55554,Villécloye,Meuse,Lorraine,LOR,France,FR
FR-55571,Vilosnes-Haraumont,Meuse,Lorraine,LOR,France,FR
FR-57721,Vilsberg,Moselle,Lorraine,LOR,France,FR
FR-88512,Viménil,Vosges,Lorraine,LOR,France,FR
FR-88513,Vincey,Vosges,Lorraine,LOR,France,FR
DE-07340053,Vinningen,Südwestpfalz,Rhénanie-Palatinat,RLP,Allemagne,DE
FR-88514,Viocourt,Vosges,Lorraine,LOR,France,FR
FR-88515,Vioménil,Vosges,Lorraine,LOR,France,FR
FR-54585,Virecourt,Meurthe-et-Moselle,Lorraine,LOR,France,FR
FR-57723,Virming,Moselle,Lorraine,LOR,France,FR
DE-07137105,Virneburg,Mayen-Koblenz,Rhénanie-Palatinat,RLP,Allemagne,DE
BE-93090,Viroinval,Namur,Wallonie,WAL,Belgique,BE
BE-85045,Virton,Luxembourg,Wallonie,WAL,Belgique,BE
BE-62108,Visé,Liège,Wallonie,WAL,Belgique,BE
FR-54586,Viterne,Meurthe-et-Moselle,Lorraine,LOR,France,FR
FR-54587,Vitrey,Meurthe-et-Moselle,Lorraine,LOR,France,FR
FR-54588,Vitrimont,Meurthe-et-Moselle,Lorraine,LOR,France,FR
FR-57724,Vitry-sur-Orne,Moselle,Lorraine,LOR,France,FR
FR-55572,Vittarville,Meuse,Lorraine,LOR,France,FR
FR-88516,Vittel,Vosges,Lorraine,LOR,France,FR
FR-57725,Vittersbourg,Moselle,Lorraine,LOR,France,FR
FR-57726,Vittoncourt,Moselle,Lorraine,LOR,France,FR
FR-54589,Vittonville,Meurthe-et-Moselle,Lorraine,LOR,France,FR
FR-57727,Viviers,Moselle,Lorraine,LOR,France,FR
FR-88517,Viviers-le-Gras,Vosges,Lorraine,LOR,France,FR
FR-88518,Viviers-lès-Offroicourt,Vosges,Lorraine,LOR,France,FR
FR-54590,Viviers-sur-Chiers,Meurthe-et-Moselle,Lorraine,LOR,France,FR
FR-54564,Viéville-en-Haye,Meurthe-et-Moselle,Lorraine,LOR,France,FR
FR-55573,Void-Vacon,Meuse,Lorraine,LOR,France,FR
FR-57728,Voimhaut,Moselle,Lorraine,LOR,France,FR
FR-54591,Voinémont,Meurthe-et-Moselle,Lorraine,LOR,France,FR
DE-07132110,Volkerzen,Altenkirchen (Ww),Rhénanie-Palatinat,RLP,Allemagne,DE
DE-07137106,Volkesfeld,Mayen-Koblenz,Rhénanie-Palatinat,RLP,Allemagne,DE
DE-07134090,Vollmersbach,Birkenfeld,Rhénanie-Palatinat,RLP,Allemagne,DE
DE-07334031,Vollmersweiler,Germersheim,Rhénanie-Palatinat,RLP,Allemagne,DE
FR-57731,Volmerange-les-Mines,Moselle,Lorraine,LOR,France,FR
FR-57730,Volmerange-lès-Boulay,Moselle,Lorraine,LOR,France,FR
FR-57732,Volmunster,Moselle,Lorraine,LOR,France,FR
FR-57733,Volstroff,Moselle,Lorraine,LOR,France,FR
DE-07133106,Volxheim,Bad Kreuznach,Rhénanie-Palatinat,RLP,Allemagne,DE
FR-88521,Vomécourt,Vosges,Lorraine,LOR,France,FR
FR-88522,Vomécourt-sur-Madon,Vosges,Lorraine,LOR,France,FR
DE-07337079,Vorderweidenthal,Südliche Weinstraße,Rhénanie-Palatinat,RLP,Allemagne,DE
FR-55574,Vouthon-Bas,Meuse,Lorraine,LOR,France,FR
FR-55575,Vouthon-Haut,Meuse,Lorraine,LOR,France,FR
FR-88523,Vouxey,Vosges,Lorraine,LOR,France,FR
FR-57734,Voyer,Moselle,Lorraine,LOR,France,FR
BE-91143,Vresse-sur-Semois,Namur,Wallonie,WAL,Belgique,BE
FR-54592,Vroncourt,Meurthe-et-Moselle,Lorraine,LOR,France,FR
FR-88525,Vroville,Vosges,Lorraine,LOR,France,FR
FR-57736,Vry,Moselle,Lorraine,LOR,France,FR
FR-88524,Vrécourt,Vosges,Lorraine,LOR,France,FR
FR-57737,Vulmont,Moselle,Lorraine,LOR,France,FR
FR-54556,Vého,Meurthe-et-Moselle,Lorraine,LOR,France,FR
FR-55549,Véry,Meuse,Lorraine,LOR,France,FR
FR-54563,Vézelise,Meurthe-et-Moselle,Lorraine,LOR,France,FR
DE-07337078,Völkersweiler,Südliche Weinstraße,Rhénanie-Palatinat,RLP,Allemagne,DE
DE-10041519,Völklingen,Saarbrücken,Sarre,SL,Allemagne,DE
FR-57749,Vœlfling-lès-Bouzonville,Moselle,Lorraine,LOR,France,FR
DE-07331066,Wachenheim,Alzey-Worms,Rhénanie-Palatinat,RLP,Allemagne,DE
DE-07332046,Wachenheim an der Weinstraße,Bad Dürkheim,Rhénanie-Palatinat,RLP,Allemagne,DE
DE-10042116,Wadern,Merzig-Wadern,Sarre,SL,Allemagne,DE
DE-10044120,Wadgassen,Saarlouis,Sarre,SL,Allemagne,DE
DE-07135087,Wagenhausen,Cochem-Zell,Rhénanie-Palatinat,RLP,Allemagne,DE
DE-07140158,Wahlbach,Rhein-Hunsrück-Kreis,Rhénanie-Palatinat,RLP,Allemagne,DE
DE-07140159,Wahlenau,Rhein-Hunsrück-Kreis,Rhénanie-Palatinat,RLP,Allemagne,DE
DE-07331067,Wahlheim,Alzey-Worms,Rhénanie-Palatinat,RLP,Allemagne,DE
DE-07143301,Wahlrod,Westerwaldkreis,Rhénanie-Palatinat,RLP,Allemagne,DE
DE-07336101,Wahnwegen,Kusel,Rhénanie-Palatinat,RLP,Allemagne,DE
DE-07143302,Waigandshain,Westerwaldkreis,Rhénanie-Palatinat,RLP,Allemagne,DE
BE-63080,Waimes,Liège,Wallonie,WAL,Belgique,BE
BE-93088,Walcourt,Namur,Wallonie,WAL,Belgique,BE
DE-07339062,Waldalgesheim,Mainz-Bingen,Rhénanie-Palatinat,RLP,Allemagne,DE
LU-1008,Waldbillig,Echternach,Luxembourg,LUX,Luxembourg,LU
DE-07138076,Waldbreitbach,Neuwied,Rhénanie-Palatinat,RLP,Allemagne,DE
DE-07133107,Waldböckelheim,Bad Kreuznach,Rhénanie-Palatinat,RLP,Allemagne,DE
DE-07137227,Waldesch,Mayen-Koblenz,Rhénanie-Palatinat,RLP,Allemagne,DE
DE-07340054,Waldfischbach-Burgalben,Südwestpfalz,Rhénanie-Palatinat,RLP,Allemagne,DE
DE-07333079,Waldgrehweiler,Donnersbergkreis,Rhénanie-Palatinat,RLP,Allemagne,DE
DE-07337080,Waldhambach,Südliche Weinstraße,Rhénanie-Palatinat,RLP,Allemagne,DE
DE-07232130,Waldhof-Falkenstein,Eifelkreis Bitburg-Prüm,Rhénanie-Palatinat,RLP,Allemagne,DE
FR-57738,Waldhouse,Moselle,Lorraine,LOR,France,FR
DE-07133108,Waldlaubersheim,Bad Kreuznach,Rhénanie-Palatinat,RLP,Allemagne,DE
DE-07335048,Waldleiningen,Kaiserslautern,Rhénanie-Palatinat,RLP,Allemagne,DE
DE-07336102,Waldmohr,Kusel,Rhénanie-Palatinat,RLP,Allemagne,DE
DE-07143303,Waldmühlen,Westerwaldkreis,Rhénanie-Palatinat,RLP,Allemagne,DE
DE-07131081,Waldorf,Ahrweiler,Rhénanie-Palatinat,RLP,Allemagne,DE
DE-07235141,Waldrach,Trier-Saarburg,Rhénanie-Palatinat,RLP,Allemagne,DE
DE-07337081,Waldrohrbach,Südliche Weinstraße,Rhénanie-Palatinat,RLP,Allemagne,DE
DE-07338026,Waldsee,Rhein-Pfalz-Kreis,Rhénanie-Palatinat,RLP,Allemagne,DE
DE-07235142,Waldweiler,Trier-Saarburg,Rhénanie-Palatinat,RLP,Allemagne,DE
FR-57739,Waldweistroff,Moselle,Lorraine,LOR,France,FR
FR-57740,Waldwisse,Moselle,Lorraine,LOR,France,FR
LU-0310,Walferdange,Luxembourg,Luxembourg,LUX,Luxembourg,LU
BE-25124,Walhain,Brabant wallon,Wallonie,WAL,Belgique,BE
DE-07135088,Walhausen,Cochem-Zell,Rhénanie-Palatinat,RLP,Allemagne,DE
DE-07233079,Wallenborn,Vulkaneifel,Rhénanie-Palatinat,RLP,Allemagne,DE
DE-07232131,Wallendorf,Eifelkreis Bitburg-Prüm,Rhénanie-Palatinat,RLP,Allemagne,DE
DE-10044121,Wallerfangen,Saarlouis,Sarre,SL,Allemagne,DE
DE-07232318,Wallersheim,Eifelkreis Bitburg-Prüm,Rhénanie-Palatinat,RLP,Allemagne,DE
DE-07331068,Wallertheim,Alzey-Worms,Rhénanie-Palatinat,RLP,Allemagne,DE
DE-07340225,Wallhalben,Südwestpfalz,Rhénanie-Palatinat,RLP,Allemagne,DE
DE-07133109,Wallhausen,Bad Kreuznach,Rhénanie-Palatinat,RLP,Allemagne,DE
DE-07132111,Wallmenroth,Altenkirchen (Ww),Rhénanie-Palatinat,RLP,Allemagne,DE
DE-07143304,Wallmerod,Westerwaldkreis,Rhénanie-Palatinat,RLP,Allemagne,DE
DE-07231127,Wallscheid,Bernkastel-Wittlich,Rhénanie-Palatinat,RLP,Allemagne,DE
FR-57741,Walschbronn,Moselle,Lorraine,LOR,France,FR
FR-57742,Walscheid,Moselle,Lorraine,LOR,France,FR
DE-07233080,Walsdorf,Vulkaneifel,Rhénanie-Palatinat,RLP,Allemagne,DE
DE-07340226,Walshausen,Südwestpfalz,Rhénanie-Palatinat,RLP,Allemagne,DE
DE-07337082,Walsheim,Südliche Weinstraße,Rhénanie-Palatinat,RLP,Allemagne,DE
FR-57743,Waltembourg,Moselle,Lorraine,LOR,France,FR
DE-07132112,Walterschen,Altenkirchen (Ww),Rhénanie-Palatinat,RLP,Allemagne,DE
FR-55577,Waly,Meuse,Lorraine,LOR,France,FR
BE-61072,Wanze,Liège,Wallonie,WAL,Belgique,BE
FR-55578,Warcq,Meuse,Lorraine,LOR,France,FR
BE-64074,Waremme,Liège,Wallonie,WAL,Belgique,BE
DE-07133110,Warmsroth,Bad Kreuznach,Rhénanie-Palatinat,RLP,Allemagne,DE
DE-07333080,Wartenberg-Rohrbach,Donnersbergkreis,Rhénanie-Palatinat,RLP,Allemagne,DE
DE-07141133,Wasenbach,Rhein-Lahn-Kreis,Rhénanie-Palatinat,RLP,Allemagne,DE
BE-64075,Wasseiges,Liège,Wallonie,WAL,Belgique,BE
DE-07131209,Wassenach,Ahrweiler,Rhénanie-Palatinat,RLP,Allemagne,DE
DE-07235143,Wasserliesch,Trier-Saarburg,Rhénanie-Palatinat,RLP,Allemagne,DE
BE-25110,Waterloo,Brabant wallon,Wallonie,WAL,Belgique,BE
FR-55579,Watronville,Meuse,Lorraine,LOR,France,FR
DE-07332047,Wattenheim,Bad Dürkheim,Rhénanie-Palatinat,RLP,Allemagne,DE
DE-07232320,Watzerath,Eifelkreis Bitburg-Prüm,Rhénanie-Palatinat,RLP,Allemagne,DE
FR-54593,Waville,Meurthe-et-Moselle,Lorraine,LOR,France,FR
BE-25112,Wavre,Brabant wallon,Wallonie,WAL,Belgique,BE
FR-55580,Wavrille,Meuse,Lorraine,LOR,France,FR
DE-07232321,Wawern (Eifelkreis Bitburg-Prüm),Eifelkreis Bitburg-Prüm,Rhénanie-Palatinat,RLP,Allemagne,DE
DE-07235144,Wawern (Trier-Saarburg),Trier-Saarburg,Rhénanie-Palatinat,RLP,Allemagne,DE
DE-07232322,Waxweiler,Eifelkreis Bitburg-Prüm,Rhénanie-Palatinat,RLP,Allemagne,DE
DE-07131210,Wehr,Ahrweiler,Rhénanie-Palatinat,RLP,Allemagne,DE
DE-07131211,Weibern,Ahrweiler,Rhénanie-Palatinat,RLP,Allemagne,DE
DE-07134091,Weiden,Birkenfeld,Rhénanie-Palatinat,RLP,Allemagne,DE
DE-07141134,Weidenbach (Rhein-Lahn-Kreis),Rhein-Lahn-Kreis,Rhénanie-Palatinat,RLP,Allemagne,DE
DE-07233081,Weidenbach (Vulkaneifel),Vulkaneifel,Rhénanie-Palatinat,RLP,Allemagne,DE
DE-07143305,Weidenhahn,Westerwaldkreis,Rhénanie-Palatinat,RLP,Allemagne,DE
DE-07332048,Weidenthal,Bad Dürkheim,Rhénanie-Palatinat,RLP,Allemagne,DE
DE-07232132,Weidingen,Eifelkreis Bitburg-Prüm,Rhénanie-Palatinat,RLP,Allemagne,DE
DE-07135089,Weiler (Cochem-Zell),Cochem-Zell,Rhénanie-Palatinat,RLP,Allemagne,DE
DE-07137110,Weiler (Mayen-Koblenz),Mayen-Koblenz,Rhénanie-Palatinat,RLP,Allemagne,DE
DE-07339063,Weiler bei Bingen,Mainz-Bingen,Rhénanie-Palatinat,RLP,Allemagne,DE
DE-07133111,Weiler bei Monzingen,Bad Kreuznach,Rhénanie-Palatinat,RLP,Allemagne,DE
LU-0311,Weiler-la-Tour,Luxembourg,Luxembourg,LUX,Luxembourg,LU
DE-07335049,Weilerbach,Kaiserslautern,Rhénanie-Palatinat,RLP,Allemagne,DE
DE-07334032,Weingarten (Pfalz),Germersheim,Rhénanie-Palatinat,RLP,Allemagne,DE
DE-07339064,Weinolsheim,Mainz-Bingen,Rhénanie-Palatinat,RLP,Allemagne,DE
DE-07133112,Weinsheim (Bad Kreuznach),Bad Kreuznach,Rhénanie-Palatinat,RLP,Allemagne,DE
DE-07232226,Weinsheim (Eifelkreis Bitburg-Prüm),Eifelkreis Bitburg-Prüm,Rhénanie-Palatinat,RLP,Allemagne,DE
DE-07141135,Weinähr,Rhein-Lahn-Kreis,Rhénanie-Palatinat,RLP,Allemagne,DE
DE-07141136,Weisel,Rhein-Lahn-Kreis,Rhénanie-Palatinat,RLP,Allemagne,DE
DE-07332049,Weisenheim am Berg,Bad Dürkheim,Rhénanie-Palatinat,RLP,Allemagne,DE
DE-07332050,Weisenheim am Sand,Bad Dürkheim,Rhénanie-Palatinat,RLP,Allemagne,DE
DE-10042117,Weiskirchen,Merzig-Wadern,Sarre,SL,Allemagne,DE
DE-07137228,Weißenthurm,Mayen-Koblenz,Rhénanie-Palatinat,RLP,Allemagne,DE
LU-0505,Weiswampach,Clervaux,Luxembourg,LUX,Luxembourg,LU
DE-07132113,Weitefeld,Altenkirchen (Ww),Rhénanie-Palatinat,RLP,Allemagne,DE
DE-07134092,Weitersbach,Birkenfeld,Rhénanie-Palatinat,RLP,Allemagne,DE
DE-07133113,Weitersborn,Bad Kreuznach,Rhénanie-Palatinat,RLP,Allemagne,DE
DE-07137229,Weitersburg,Mayen-Koblenz,Rhénanie-Palatinat,RLP,Allemagne,DE
DE-07333081,Weitersweiler,Donnersbergkreis,Rhénanie-Palatinat,RLP,Allemagne,DE
DE-07233244,Welcherath,Vulkaneifel,Rhénanie-Palatinat,RLP,Allemagne,DE
DE-07336103,Welchweiler,Kusel,Rhénanie-Palatinat,RLP,Allemagne,DE
DE-07339065,Welgesheim,Mainz-Bingen,Rhénanie-Palatinat,RLP,Allemagne,DE
DE-07143306,Welkenbach,Westerwaldkreis,Rhénanie-Palatinat,RLP,Allemagne,DE
BE-63084,Welkenraedt,Liège,Wallonie,WAL,Belgique,BE
DE-07235146,Wellen,Trier-Saarburg,Rhénanie-Palatinat,RLP,Allemagne,DE
BE-84075,Wellin,Luxembourg,Wallonie,WAL,Belgique,BE
DE-07137112,Welling,Mayen-Koblenz,Rhénanie-Palatinat,RLP,Allemagne,DE
DE-07235501,Welschbillig,Trier-Saarburg,Rhénanie-Palatinat,RLP,Allemagne,DE
DE-07137113,Welschenbach,Mayen-Koblenz,Rhénanie-Palatinat,RLP,Allemagne,DE
DE-07143079,Welschneudorf,Westerwaldkreis,Rhénanie-Palatinat,RLP,Allemagne,DE
DE-07141137,Welterod,Rhein-Lahn-Kreis,Rhénanie-Palatinat,RLP,Allemagne,DE
DE-07143307,Weltersburg,Westerwaldkreis,Rhénanie-Palatinat,RLP,Allemagne,DE
DE-07331070,Wendelsheim,Alzey-Worms,Rhénanie-Palatinat,RLP,Allemagne,DE
DE-07132114,Werkhausen,Altenkirchen (Ww),Rhénanie-Palatinat,RLP,Allemagne,DE
DE-07337083,Wernersberg,Südliche Weinstraße,Rhénanie-Palatinat,RLP,Allemagne,DE
DE-07143080,Weroth,Westerwaldkreis,Rhénanie-Palatinat,RLP,Allemagne,DE
DE-07131082,Wershofen,Ahrweiler,Rhénanie-Palatinat,RLP,Allemagne,DE
DE-07340055,Weselberg,Südwestpfalz,Rhénanie-Palatinat,RLP,Allemagne,DE
DE-07143308,Westerburg,Westerwaldkreis,Rhénanie-Palatinat,RLP,Allemagne,DE
DE-07143309,Westernohe,Westerwaldkreis,Rhénanie-Palatinat,RLP,Allemagne,DE
DE-07334033,Westheim (Pfalz),Germersheim,Rhénanie-Palatinat,RLP,Allemagne,DE
DE-07331071,Westhofen,Alzey-Worms,Rhénanie-Palatinat,RLP,Allemagne,DE
DE-07232133,Wettlingen,Eifelkreis Bitburg-Prüm,Rhénanie-Palatinat,RLP,Allemagne,DE
DE-07141138,Weyer,Rhein-Lahn-Kreis,Rhénanie-Palatinat,RLP,Allemagne,DE
DE-07132115,Weyerbusch,Altenkirchen (Ww),Rhénanie-Palatinat,RLP,Allemagne,DE
DE-07337084,Weyher in der Pfalz,Südliche Weinstraße,Rhénanie-Palatinat,RLP,Allemagne,DE
DE-07134093,Wickenrodt,Birkenfeld,Rhénanie-Palatinat,RLP,Allemagne,DE
DE-07140161,Wiebelsheim,Rhein-Hunsrück-Kreis,Rhénanie-Palatinat,RLP,Allemagne,DE
DE-07143310,Wied,Westerwaldkreis,Rhénanie-Palatinat,RLP,Allemagne,DE
DE-07137114,Wierschem,Mayen-Koblenz,Rhénanie-Palatinat,RLP,Allemagne,DE
DE-07232134,Wiersdorf,Eifelkreis Bitburg-Prüm,Rhénanie-Palatinat,RLP,Allemagne,DE
DE-07340227,Wiesbach,Südwestpfalz,Rhénanie-Palatinat,RLP,Allemagne,DE
DE-07233083,Wiesbaum,Vulkaneifel,Rhénanie-Palatinat,RLP,Allemagne,DE
DE-07131083,Wiesemscheid,Ahrweiler,Rhénanie-Palatinat,RLP,Allemagne,DE
FR-57745,Wiesviller,Moselle,Lorraine,LOR,France,FR
DE-07336104,Wiesweiler,Kusel,Rhénanie-Palatinat,RLP,Allemagne,DE
DE-07340057,Wilgartswiesen,Südwestpfalz,Rhénanie-Palatinat,RLP,Allemagne,DE
FR-55581,Willeroncourt,Meuse,Lorraine,LOR,France,FR
FR-57746,Willerwald,Moselle,Lorraine,LOR,France,FR
DE-07143311,Willingen,Westerwaldkreis,Rhénanie-Palatinat,RLP,Allemagne,DE
DE-07143312,Willmenrod,Westerwaldkreis,Rhénanie-Palatinat,RLP,Allemagne,DE
DE-07132116,Willroth,Altenkirchen (Ww),Rhénanie-Palatinat,RLP,Allemagne,DE
DE-07231132,Willwerscheid,Bernkastel-Wittlich,Rhénanie-Palatinat,RLP,Allemagne,DE
DE-07232135,Wilsecker,Eifelkreis Bitburg-Prüm,Rhénanie-Palatinat,RLP,Allemagne,DE
DE-07235148,Wiltingen,Trier-Saarburg,Rhénanie-Palatinat,RLP,Allemagne,DE
LU-0807,Wiltz,Wiltz,Luxembourg,LUX,Luxembourg,LU
DE-07134094,Wilzenberg-Hußweiler,Birkenfeld,Rhénanie-Palatinat,RLP,Allemagne,DE
DE-07131084,Wimbach,Ahrweiler,Rhénanie-Palatinat,RLP,Allemagne,DE
DE-07235149,Wincheringen,Trier-Saarburg,Rhénanie-Palatinat,RLP,Allemagne,DE
LU-0502,Wincrange,Clervaux,Luxembourg,LUX,Luxembourg,LU
DE-07334034,Winden (Germersheim),Germersheim,Rhénanie-Palatinat,RLP,Allemagne,DE
DE-07141139,Winden (Rhein-Lahn-Kreis),Rhein-Lahn-Kreis,Rhénanie-Palatinat,RLP,Allemagne,DE
DE-07133114,Windesheim,Bad Kreuznach,Rhénanie-Palatinat,RLP,Allemagne,DE
DE-07138077,Windhagen,Neuwied,Rhénanie-Palatinat,RLP,Allemagne,DE
DE-07233084,Winkel (Eifel),Vulkaneifel,Rhénanie-Palatinat,RLP,Allemagne,DE
DE-07143313,Winkelbach,Westerwaldkreis,Rhénanie-Palatinat,RLP,Allemagne,DE
DE-07143314,Winnen,Westerwaldkreis,Rhénanie-Palatinat,RLP,Allemagne,DE
DE-07131085,Winnerath,Ahrweiler,Rhénanie-Palatinat,RLP,Allemagne,DE
DE-07137230,Winningen,Mayen-Koblenz,Rhénanie-Palatinat,RLP,Allemagne,DE
DE-07333503,Winnweiler,Donnersbergkreis,Rhénanie-Palatinat,RLP,Allemagne,DE
DE-07232327,Winringen,Eifelkreis Bitburg-Prüm,Rhénanie-Palatinat,RLP,Allemagne,DE
LU-0808,Winseler,Wiltz,Luxembourg,LUX,Luxembourg,LU
DE-07133115,Winterbach,Bad Kreuznach,Rhénanie-Palatinat,RLP,Allemagne,DE
DE-07340228,Winterbach (Pfalz),Südwestpfalz,Rhénanie-Palatinat,RLP,Allemagne,DE
DE-07333083,Winterborn,Donnersbergkreis,Rhénanie-Palatinat,RLP,Allemagne,DE
DE-07133116,Winterburg,Bad Kreuznach,Rhénanie-Palatinat,RLP,Allemagne,DE
FR-57747,Wintersbourg,Moselle,Lorraine,LOR,France,FR
DE-07232328,Winterscheid,Eifelkreis Bitburg-Prüm,Rhénanie-Palatinat,RLP,Allemagne,DE
DE-07339066,Wintersheim,Mainz-Bingen,Rhénanie-Palatinat,RLP,Allemagne,DE
DE-07232329,Winterspelt,Eifelkreis Bitburg-Prüm,Rhénanie-Palatinat,RLP,Allemagne,DE
DE-07141140,Winterwerb,Rhein-Lahn-Kreis,Rhénanie-Palatinat,RLP,Allemagne,DE
DE-07231133,Wintrich,Bernkastel-Wittlich,Rhénanie-Palatinat,RLP,Allemagne,DE
DE-07131086,Wirft,Ahrweiler,Rhénanie-Palatinat,RLP,Allemagne,DE
DE-07135090,Wirfus,Cochem-Zell,Rhénanie-Palatinat,RLP,Allemagne,DE
DE-07143081,Wirges,Westerwaldkreis,Rhénanie-Palatinat,RLP,Allemagne,DE
DE-07143082,Wirscheid,Westerwaldkreis,Rhénanie-Palatinat,RLP,Allemagne,DE
DE-07134095,Wirschweiler,Birkenfeld,Rhénanie-Palatinat,RLP,Allemagne,DE
FR-88526,Wisembach,Vosges,Lorraine,LOR,France,FR
FR-55582,Wiseppe,Meuse,Lorraine,LOR,France,FR
DE-07132117,Wissen,Altenkirchen (Ww),Rhénanie-Palatinat,RLP,Allemagne,DE
DE-07232501,Wißmannsdorf,Eifelkreis Bitburg-Prüm,Rhénanie-Palatinat,RLP,Allemagne,DE
DE-07143084,Wittgert,Westerwaldkreis,Rhénanie-Palatinat,RLP,Allemagne,DE
DE-07231134,Wittlich,Bernkastel-Wittlich,Rhénanie-Palatinat,RLP,Allemagne,DE
FR-57748,Wittring,Moselle,Lorraine,LOR,France,FR
FR-55584,Woimbey,Meuse,Lorraine,LOR,France,FR
FR-57751,Woippy,Moselle,Lorraine,LOR,France,FR
DE-07138078,Woldert,Neuwied,Rhénanie-Palatinat,RLP,Allemagne,DE
DE-07339202,Wolfsheim,Mainz-Bingen,Rhénanie-Palatinat,RLP,Allemagne,DE
DE-07336105,Wolfstein,Kusel,Rhénanie-Palatinat,RLP,Allemagne,DE
DE-07137231,Wolken,Mayen-Koblenz,Rhénanie-Palatinat,RLP,Allemagne,DE
DE-07135091,Wollmerath,Cochem-Zell,Rhénanie-Palatinat,RLP,Allemagne,DE
DE-07232137,Wolsfeld,Eifelkreis Bitburg-Prüm,Rhénanie-Palatinat,RLP,Allemagne,DE
DE-07140163,Womrath,Rhein-Hunsrück-Kreis,Rhénanie-Palatinat,RLP,Allemagne,DE
DE-07331075,Wonsheim,Alzey-Worms,Rhénanie-Palatinat,RLP,Allemagne,DE
DE-07140164,Woppenroth,Rhein-Hunsrück-Kreis,Rhénanie-Palatinat,RLP,Allemagne,DE
LU-1108,Wormeldange,Grevenmacher,Luxembourg,LUX,Luxembourg,LU
DE-07319000,Worms,Worms,Rhénanie-Palatinat,RLP,Allemagne,DE
FR-57752,Woustviller,Moselle,Lorraine,LOR,France,FR
FR-55583,Woël,Meuse,Lorraine,LOR,France,FR
FR-57753,Wuisse,Moselle,Lorraine,LOR,France,FR
DE-07143085,Wölferlingen,Westerwaldkreis,Rhénanie-Palatinat,RLP,Allemagne,DE
DE-07331072,Wöllstein,Alzey-Worms,Rhénanie-Palatinat,RLP,Allemagne,DE
DE-07132118,Wölmersen,Altenkirchen (Ww),Rhénanie-Palatinat,RLP,Allemagne,DE
DE-07331073,Wörrstadt,Alzey-Worms,Rhénanie-Palatinat,RLP,Allemagne,DE
DE-07334501,Wörth am Rhein,Germersheim,Rhénanie-Palatinat,RLP,Allemagne,DE
DE-07140165,Würrich,Rhein-Hunsrück-Kreis,Rhénanie-Palatinat,RLP,Allemagne,DE
DE-07333084,Würzweiler,Donnersbergkreis,Rhénanie-Palatinat,RLP,Allemagne,DE
DE-07140166,Wüschheim,Rhein-Hunsrück-Kreis,Rhénanie-Palatinat,RLP,Allemagne,DE
FR-57750,Wœlfling-lès-Sarreguemines,Moselle,Lorraine,LOR,France,FR
FR-88527,Xaffévillers,Vosges,Lorraine,LOR,France,FR
FR-54594,Xammes,Meurthe-et-Moselle,Lorraine,LOR,France,FR
FR-88528,Xamontarupt,Vosges,Lorraine,LOR,France,FR
FR-57754,Xanrey,Moselle,Lorraine,LOR,France,FR
FR-88529,Xaronval,Vosges,Lorraine,LOR,France,FR
FR-54595,Xermaménil,Meurthe-et-Moselle,Lorraine,LOR,France,FR
FR-88530,Xertigny,Vosges,Lorraine,LOR,France,FR
FR-54596,Xeuilley,Meurthe-et-Moselle,Lorraine,LOR,France,FR
FR-54597,Xirocourt,Meurthe-et-Moselle,Lorraine,LOR,France,FR
FR-55586,Xivray-et-Marvoisin,Meuse,Lorraine,LOR,France,FR
FR-54598,Xivry-Circourt,Meurthe-et-Moselle,Lorraine,LOR,France,FR
FR-57755,Xocourt,Moselle,Lorraine,LOR,France,FR
FR-88531,Xonrupt-Longemer,Vosges,Lorraine,LOR,France,FR
FR-54599,Xonville,Meurthe-et-Moselle,Lorraine,LOR,France,FR
FR-57756,Xouaxange,Moselle,Lorraine,LOR,France,FR
FR-54600,Xousse,Meurthe-et-Moselle,Lorraine,LOR,France,FR
FR-54601,Xures,Meurthe-et-Moselle,Lorraine,LOR,France,FR
FR-57757,Yutz,Moselle,Lorraine,LOR,France,FR
BE-91141,Yvoir,Namur,Wallonie,WAL,Belgique,BE
FR-57759,Zarbeling,Moselle,Lorraine,LOR,France,FR
DE-07143315,Zehnhausen bei Rennerod,Westerwaldkreis,Rhénanie-Palatinat,RLP,Allemagne,DE
DE-07143316,Zehnhausen bei Wallmerod,Westerwaldkreis,Rhénanie-Palatinat,RLP,Allemagne,DE
DE-07334036,Zeiskam,Germersheim,Rhénanie-Palatinat,RLP,Allemagne,DE
DE-07135092,Zell (Mosel),Cochem-Zell,Rhénanie-Palatinat,RLP,Allemagne,DE
DE-07333501,Zellertal,Donnersbergkreis,Rhénanie-Palatinat,RLP,Allemagne,DE
DE-07231136,Zeltingen-Rachtig,Bernkastel-Wittlich,Rhénanie-Palatinat,RLP,Allemagne,DE
DE-07235151,Zemmer,Trier-Saarburg,Rhénanie-Palatinat,RLP,Allemagne,DE
DE-07232331,Zendscheid,Eifelkreis Bitburg-Prüm,Rhénanie-Palatinat,RLP,Allemagne,DE
DE-07235152,Zerf,Trier-Saarburg,Rhénanie-Palatinat,RLP,Allemagne,DE
FR-57760,Zetting,Moselle,Lorraine,LOR,France,FR
DE-07135093,Zettingen,Cochem-Zell,Rhénanie-Palatinat,RLP,Allemagne,DE
DE-07132119,Ziegenhain,Altenkirchen (Ww),Rhénanie-Palatinat,RLP,Allemagne,DE
FR-57761,Zilling,Moselle,Lorraine,LOR,France,FR
DE-07140504,Zilshausen,Rhein-Hunsrück-Kreis,Rhénanie-Palatinat,RLP,Allemagne,DE
DE-07141141,Zimmerschied,Rhein-Lahn-Kreis,Rhénanie-Palatinat,RLP,Allemagne,DE
FR-57762,Zimming,Moselle,Lorraine,LOR,France,FR
FR-88532,Zincourt,Vosges,Lorraine,LOR,France,FR
FR-57763,Zommange,Moselle,Lorraine,LOR,France,FR
DE-07339067,Zornheim,Mainz-Bingen,Rhénanie-Palatinat,RLP,Allemagne,DE
DE-07339068,Zotzenheim,Mainz-Bingen,Rhénanie-Palatinat,RLP,Allemagne,DE
FR-57764,Zoufftgen,Moselle,Lorraine,LOR,France,FR
DE-07320000,Zweibrücken,Zweibrücken,Rhénanie-Palatinat,RLP,Allemagne,DE
DE-07232138,Zweifelscheid,Eifelkreis Bitburg-Prüm,Rhénanie-Palatinat,RLP,Allemagne,DE
DE-07235153,Züsch,Trier-Saarburg,Rhénanie-Palatinat,RLP,Allemagne,DE
FR-55185,Èvres,Meuse,Lorraine,LOR,France,FR
FR-57186,Ébersviller,Moselle,Lorraine,LOR,France,FR
FR-57187,Éblange,Moselle,Lorraine,LOR,France,FR
BE-55050,Écaussinnes,Hainaut,Wallonie,WAL,Belgique,BE
FR-55169,Écouviez,Meuse,Lorraine,LOR,France,FR
FR-54174,Écrouves,Meurthe-et-Moselle,Lorraine,LOR,France,FR
FR-55170,Écurey-en-Verdunois,Meuse,Lorraine,LOR,France,FR
BE-92035,Éghezée,Namur,Wallonie,WAL,Belgique,BE
FR-57188,Éguelshardt,Moselle,Lorraine,LOR,France,FR
FR-88158,Éloyes,Vosges,Lorraine,LOR,France,FR
FR-54178,Épiez-sur-Chiers,Meurthe-et-Moselle,Lorraine,LOR,France,FR
FR-55173,Épiez-sur-Meuse,Meuse,Lorraine,LOR,France,FR
FR-88160,Épinal,Vosges,Lorraine,LOR,France,FR
FR-55174,Épinonville,Meuse,Lorraine,LOR,France,FR
FR-54179,Éply,Meurthe-et-Moselle,Lorraine,LOR,France,FR
BE-83013,Érezée,Luxembourg,Wallonie,WAL,Belgique,BE
FR-55175,Érize-la-Brûlée,Meuse,Lorraine,LOR,France,FR
FR-55177,Érize-la-Petite,Meuse,Lorraine,LOR,France,FR
FR-55178,Érize-Saint-Dizier,Meuse,Lorraine,LOR,France,FR
FR-55181,Étain,Meuse,Lorraine,LOR,France,FR
BE-85009,Étalle,Luxembourg,Wallonie,WAL,Belgique,BE
FR-88165,Étival-Clairefontaine,Vosges,Lorraine,LOR,France,FR
FR-55182,Éton,Meuse,Lorraine,LOR,France,FR
FR-55183,Étraye,Meuse,Lorraine,LOR,France,FR
FR-54185,Étreval,Meurthe-et-Moselle,Lorraine,LOR,France,FR
FR-88166,Évaux-et-Ménil,Vosges,Lorraine,LOR,France,FR
FR-57203,Évrange,Moselle,Lorraine,LOR,France,FR
DE-07132087,Ölsen,Altenkirchen (Ww),Rhénanie-Palatinat,RLP,Allemagne,DE
DE-07143060,Ötzingen,Westerwaldkreis,Rhénanie-Palatinat,RLP,Allemagne,DE
DE-07232127,Übereisenbach,Eifelkreis Bitburg-Prüm,Rhénanie-Palatinat,RLP,Allemagne,DE
DE-10044119,Überherrn,Saarlouis,Sarre,SL,Allemagne,DE
DE-07233075,Üdersdorf,Vulkaneifel,Rhénanie-Palatinat,RLP,Allemagne,DE
DE-07231125,Ürzig,Bernkastel-Wittlich,Rhénanie-Palatinat,RLP,Allemagne,DE
DE-07232333,Üttfeld,Eifelkreis Bitburg-Prüm,Rhénanie-Palatinat,RLP,Allemagne,DE
DE-07233076,Üxheim,Vulkaneifel,Rhénanie-Palatinat,RLP,Allemagne,DE
FR-57521,Œting,Moselle,Lorraine,LOR,France,FR
