id,name,subdivision,territoire,sigle,pays,pays_sigle,latitude,longitude
07235001,Aach,Trier-Saarburg,Rhénanie-Palatinat,RLP,Allemagne,DE,49.789,6.59
07134001,Abentheuer,Birkenfeld,Rhénanie-Palatinat,RLP,Allemagne,DE,49.67,7.077
07133001,Abtweiler,Bad Kreuznach,Rhénanie-Palatinat,RLP,Allemagne,DE,49.745,7.646
07137001,Acht,Mayen-Koblenz,Rhénanie-Palatinat,RLP,Allemagne,DE,50.372,7.071
07134002,Achtelsbach,Birkenfeld,Rhénanie-Palatinat,RLP,Allemagne,DE,49.64,7.058
07131001,Adenau,Ahrweiler,Rhénanie-Palatinat,RLP,Allemagne,DE,50.378,6.945
07336001,Adenbach,Kusel,Rhénanie-Palatinat,RLP,Allemagne,DE,49.664,7.653
07232001,Affler,Eifelkreis Bitburg-Prüm,Rhénanie-Palatinat,RLP,Allemagne,DE,50.018,6.152
07131002,Ahrbrück,Ahrweiler,Rhénanie-Palatinat,RLP,Allemagne,DE,50.485,6.978
07143200,Ailertchen,Westerwaldkreis,Rhénanie-Palatinat,RLP,Allemagne,DE,50.599,7.942
07337001,Albersweiler,Südliche Weinstraße,Rhénanie-Palatinat,RLP,Allemagne,DE,49.223,8.029
07336002,Albessen,Kusel,Rhénanie-Palatinat,RLP,Allemagne,DE,49.519,7.334
07331001,Albig,Alzey-Worms,Rhénanie-Palatinat,RLP,Allemagne,DE,49.778,8.131
07333001,Albisheim (Pfrimm),Donnersbergkreis,Rhénanie-Palatinat,RLP,Allemagne,DE,49.642,8.084
07135001,Alf,Cochem-Zell,Rhénanie-Palatinat,RLP,Allemagne,DE,50.062,7.11
07135002,Alflen,Cochem-Zell,Rhénanie-Palatinat,RLP,Allemagne,DE,50.18,7.043
07137201,Alken,Mayen-Koblenz,Rhénanie-Palatinat,RLP,Allemagne,DE,50.238,7.466
07134003,Allenbach,Birkenfeld,Rhénanie-Palatinat,RLP,Allemagne,DE,49.742,7.138
07141001,Allendorf,Rhein-Lahn-Kreis,Rhénanie-Palatinat,RLP,Allemagne,DE,50.27,8.002
07133002,Allenfeld,Bad Kreuznach,Rhénanie-Palatinat,RLP,Allemagne,DE,49.868,7.673
07132001,Almersbach,Altenkirchen (Ww),Rhénanie-Palatinat,RLP,Allemagne,DE,50.674,7.626
07143202,Alpenrod,Westerwaldkreis,Rhénanie-Palatinat,RLP,Allemagne,DE,50.637,7.868
07143001,Alsbach,Westerwaldkreis,Rhénanie-Palatinat,RLP,Allemagne,DE,50.476,7.69
07132002,Alsdorf (Altenkirchen (Ww)),Altenkirchen (Ww),Rhénanie-Palatinat,RLP,Allemagne,DE,50.767,7.886
07232002,Alsdorf (Eifelkreis Bitburg-Prüm),Eifelkreis Bitburg-Prüm,Rhénanie-Palatinat,RLP,Allemagne,DE,49.888,6.466
07333003,Alsenz,Donnersbergkreis,Rhénanie-Palatinat,RLP,Allemagne,DE,49.728,7.819
07331002,Alsheim,Alzey-Worms,Rhénanie-Palatinat,RLP,Allemagne,DE,49.765,8.324
07337002,Altdorf,Südliche Weinstraße,Rhénanie-Palatinat,RLP,Allemagne,DE,49.287,8.212
07131003,Altenahr,Ahrweiler,Rhénanie-Palatinat,RLP,Allemagne,DE,50.515,6.985
07133003,Altenbamberg,Bad Kreuznach,Rhénanie-Palatinat,RLP,Allemagne,DE,49.782,7.837
07141002,Altendiez,Rhein-Lahn-Kreis,Rhénanie-Palatinat,RLP,Allemagne,DE,50.371,7.962
07336003,Altenglan,Kusel,Rhénanie-Palatinat,RLP,Allemagne,DE,49.547,7.468
07336004,Altenkirchen,Kusel,Rhénanie-Palatinat,RLP,Allemagne,DE,49.442,7.311
07132501,Altenkirchen (Westerwald),Altenkirchen (Ww),Rhénanie-Palatinat,RLP,Allemagne,DE,50.686,7.642
07140001,Alterkülz,Rhein-Hunsrück-Kreis,Rhénanie-Palatinat,RLP,Allemagne,DE,50.032,7.468
07340201,Althornbach,Südwestpfalz,Rhénanie-Palatinat,RLP,Allemagne,DE,49.203,7.377
07135003,Altlay,Cochem-Zell,Rhénanie-Palatinat,RLP,Allemagne,DE,49.983,7.271
07332001,Altleiningen,Bad Dürkheim,Rhénanie-Palatinat,RLP,Allemagne,DE,49.497,8.069
07231001,Altrich,Bernkastel-Wittlich,Rhénanie-Palatinat,RLP,Allemagne,DE,49.947,6.9
07338001,Altrip,Rhein-Pfalz-Kreis,Rhénanie-Palatinat,RLP,Allemagne,DE,49.428,8.483
07232003,Altscheid,Eifelkreis Bitburg-Prüm,Rhénanie-Palatinat,RLP,Allemagne,DE,50.026,6.385
07135004,Altstrimmig,Cochem-Zell,Rhénanie-Palatinat,RLP,Allemagne,DE,50.097,7.3
07140002,Altweidelbach,Rhein-Hunsrück-Kreis,Rhénanie-Palatinat,RLP,Allemagne,DE,49.998,7.566
07331003,Alzey,Alzey-Worms,Rhénanie-Palatinat,RLP,Allemagne,DE,49.748,8.096
07232004,Ammeldingen an der Our,Eifelkreis Bitburg-Prüm,Rhénanie-Palatinat,RLP,Allemagne,DE,49.895,6.26
07232005,Ammeldingen bei Neuerburg,Eifelkreis Bitburg-Prüm,Rhénanie-Palatinat,RLP,Allemagne,DE,50.045,6.274
07137003,Andernach,Mayen-Koblenz,Rhénanie-Palatinat,RLP,Allemagne,DE,50.443,7.35
07138002,Anhausen,Neuwied,Rhénanie-Palatinat,RLP,Allemagne,DE,50.502,7.542
07337501,Annweiler am Trifels,Südliche Weinstraße,Rhénanie-Palatinat,RLP,Allemagne,DE,49.21,7.97
07137004,Anschau,Mayen-Koblenz,Rhénanie-Palatinat,RLP,Allemagne,DE,50.298,7.089
07131004,Antweiler,Ahrweiler,Rhénanie-Palatinat,RLP,Allemagne,DE,50.404,6.826
07339001,Appenheim,Mainz-Bingen,Rhénanie-Palatinat,RLP,Allemagne,DE,49.926,8.025
07233201,Arbach,Vulkaneifel,Rhénanie-Palatinat,RLP,Allemagne,DE,50.284,7.03
07131005,Aremberg,Ahrweiler,Rhénanie-Palatinat,RLP,Allemagne,DE,50.413,6.797
07231003,Arenrath,Bernkastel-Wittlich,Rhénanie-Palatinat,RLP,Allemagne,DE,49.957,6.752
07137006,Arft,Mayen-Koblenz,Rhénanie-Palatinat,RLP,Allemagne,DE,50.39,7.077
07133004,Argenschwang,Bad Kreuznach,Rhénanie-Palatinat,RLP,Allemagne,DE,49.882,7.699
07140003,Argenthal,Rhein-Hunsrück-Kreis,Rhénanie-Palatinat,RLP,Allemagne,DE,49.959,7.616
07331004,Armsheim,Alzey-Worms,Rhénanie-Palatinat,RLP,Allemagne,DE,49.812,8.063
07143203,Arnshöfen,Westerwaldkreis,Rhénanie-Palatinat,RLP,Allemagne,DE,50.54,7.869
07141201,Arzbach,Rhein-Lahn-Kreis,Rhénanie-Palatinat,RLP,Allemagne,DE,50.377,7.76
07232201,Arzfeld,Eifelkreis Bitburg-Prüm,Rhénanie-Palatinat,RLP,Allemagne,DE,50.088,6.271
07134004,Asbach (Birkenfeld),Birkenfeld,Rhénanie-Palatinat,RLP,Allemagne,DE,49.811,7.279
07138003,Asbach (Neuwied),Neuwied,Rhénanie-Palatinat,RLP,Allemagne,DE,50.663,7.438
07336005,Aschbach,Kusel,Rhénanie-Palatinat,RLP,Allemagne,DE,49.598,7.579
07339002,Aspisheim,Mainz-Bingen,Rhénanie-Palatinat,RLP,Allemagne,DE,49.908,7.986
07143204,Astert,Westerwaldkreis,Rhénanie-Palatinat,RLP,Allemagne,DE,50.692,7.779
07141003,Attenhausen,Rhein-Lahn-Kreis,Rhénanie-Palatinat,RLP,Allemagne,DE,50.291,7.875
07143205,Atzelgift,Westerwaldkreis,Rhénanie-Palatinat,RLP,Allemagne,DE,50.693,7.838
07135005,Auderath,Cochem-Zell,Rhénanie-Palatinat,RLP,Allemagne,DE,50.186,7.005
07141004,Auel,Rhein-Lahn-Kreis,Rhénanie-Palatinat,RLP,Allemagne,DE,50.168,7.769
07133005,Auen,Bad Kreuznach,Rhénanie-Palatinat,RLP,Allemagne,DE,49.831,7.598
07141005,Aull,Rhein-Lahn-Kreis,Rhénanie-Palatinat,RLP,Allemagne,DE,50.388,7.994
07232006,Auw an der Kyll,Eifelkreis Bitburg-Prüm,Rhénanie-Palatinat,RLP,Allemagne,DE,49.9,6.616
07232202,Auw bei Prüm,Eifelkreis Bitburg-Prüm,Rhénanie-Palatinat,RLP,Allemagne,DE,50.301,6.338
07235002,Ayl,Trier-Saarburg,Rhénanie-Palatinat,RLP,Allemagne,DE,49.634,6.553
07137007,Baar,Mayen-Koblenz,Rhénanie-Palatinat,RLP,Allemagne,DE,50.351,7.048
07339003,Bacharach,Mainz-Bingen,Rhénanie-Palatinat,RLP,Allemagne,DE,50.06,7.748
07132004,Bachenberg,Altenkirchen (Ww),Rhénanie-Palatinat,RLP,Allemagne,DE,50.719,7.647
07337005,Bad Bergzabern,Südliche Weinstraße,Rhénanie-Palatinat,RLP,Allemagne,DE,49.102,7.99
07135501,Bad Bertrich,Cochem-Zell,Rhénanie-Palatinat,RLP,Allemagne,DE,50.088,7.02
07131006,Bad Breisig,Ahrweiler,Rhénanie-Palatinat,RLP,Allemagne,DE,50.507,7.282
07332002,Bad Dürkheim,Bad Dürkheim,Rhénanie-Palatinat,RLP,Allemagne,DE,49.431,8.046
07141006,Bad Ems,Rhein-Lahn-Kreis,Rhénanie-Palatinat,RLP,Allemagne,DE,50.344,7.724
07138004,Bad Hönningen,Neuwied,Rhénanie-Palatinat,RLP,Allemagne,DE,50.535,7.342
07133006,Bad Kreuznach,Bad Kreuznach,Rhénanie-Palatinat,RLP,Allemagne,DE,49.841,7.864
07143206,Bad Marienberg (Westerwald),Westerwaldkreis,Rhénanie-Palatinat,RLP,Allemagne,DE,50.65,7.952
07131007,Bad Neuenahr-Ahrweiler,Ahrweiler,Rhénanie-Palatinat,RLP,Allemagne,DE,50.524,7.108
07133501,Bad Sobernheim,Bad Kreuznach,Rhénanie-Palatinat,RLP,Allemagne,DE,49.869,7.584
07232007,Badem,Eifelkreis Bitburg-Prüm,Rhénanie-Palatinat,RLP,Allemagne,DE,50.007,6.61
07140005,Badenhard,Rhein-Hunsrück-Kreis,Rhénanie-Palatinat,RLP,Allemagne,DE,50.122,7.609
07339004,Badenheim,Mainz-Bingen,Rhénanie-Palatinat,RLP,Allemagne,DE,49.841,7.974
07235003,Baldringen,Trier-Saarburg,Rhénanie-Palatinat,RLP,Allemagne,DE,49.615,6.677
07141503,Balduinstein,Rhein-Lahn-Kreis,Rhénanie-Palatinat,RLP,Allemagne,DE,50.343,7.979
07232203,Balesfeld,Eifelkreis Bitburg-Prüm,Rhénanie-Palatinat,RLP,Allemagne,DE,50.103,6.537
07335002,Bann,Kaiserslautern,Rhénanie-Palatinat,RLP,Allemagne,DE,49.393,7.621
07143003,Bannberscheid,Westerwaldkreis,Rhénanie-Palatinat,RLP,Allemagne,DE,50.47,7.841
07337006,Barbelroth,Südliche Weinstraße,Rhénanie-Palatinat,RLP,Allemagne,DE,49.101,8.074
07131008,Barweiler,Ahrweiler,Rhénanie-Palatinat,RLP,Allemagne,DE,50.356,6.872
07233002,Basberg,Vulkaneifel,Rhénanie-Palatinat,RLP,Allemagne,DE,50.298,6.608
07137202,Bassenheim,Mayen-Koblenz,Rhénanie-Palatinat,RLP,Allemagne,DE,50.357,7.454
07332003,Battenberg (Pfalz),Bad Dürkheim,Rhénanie-Palatinat,RLP,Allemagne,DE,49.524,8.123
07340202,Battweiler,Südwestpfalz,Rhénanie-Palatinat,RLP,Allemagne,DE,49.278,7.455
07131009,Bauler (Ahrweiler),Ahrweiler,Rhénanie-Palatinat,RLP,Allemagne,DE,50.327,6.871
07232008,Bauler (Eifelkreis Bitburg-Prüm),Eifelkreis Bitburg-Prüm,Rhénanie-Palatinat,RLP,Allemagne,DE,49.967,6.214
07134005,Baumholder,Birkenfeld,Rhénanie-Palatinat,RLP,Allemagne,DE,49.629,7.367
07231004,Bausendorf,Bernkastel-Wittlich,Rhénanie-Palatinat,RLP,Allemagne,DE,50.022,6.983
07232009,Baustert,Eifelkreis Bitburg-Prüm,Rhénanie-Palatinat,RLP,Allemagne,DE,49.981,6.388
07333004,Bayerfeld-Steckweiler,Donnersbergkreis,Rhénanie-Palatinat,RLP,Allemagne,DE,49.682,7.814
07141008,Becheln,Rhein-Lahn-Kreis,Rhénanie-Palatinat,RLP,Allemagne,DE,50.289,7.714
07331005,Bechenheim,Alzey-Worms,Rhénanie-Palatinat,RLP,Allemagne,DE,49.729,8.005
07133011,Becherbach,Bad Kreuznach,Rhénanie-Palatinat,RLP,Allemagne,DE,49.658,7.679
07133010,Becherbach bei Kirn,Bad Kreuznach,Rhénanie-Palatinat,RLP,Allemagne,DE,49.732,7.501
07340203,Bechhofen,Südwestpfalz,Rhénanie-Palatinat,RLP,Allemagne,DE,49.35,7.415
07331006,Bechtheim,Alzey-Worms,Rhénanie-Palatinat,RLP,Allemagne,DE,49.729,8.292
07331007,Bechtolsheim,Alzey-Worms,Rhénanie-Palatinat,RLP,Allemagne,DE,49.809,8.205
07336106,Bedesbach,Kusel,Rhénanie-Palatinat,RLP,Allemagne,DE,49.57,7.476
07232010,Beilingen,Eifelkreis Bitburg-Prüm,Rhénanie-Palatinat,RLP,Allemagne,DE,49.955,6.662
07135007,Beilstein,Cochem-Zell,Rhénanie-Palatinat,RLP,Allemagne,DE,50.098,7.241
07338002,Beindersheim,Rhein-Pfalz-Kreis,Rhénanie-Palatinat,RLP,Allemagne,DE,49.564,8.327
07233003,Beinhausen,Vulkaneifel,Rhénanie-Palatinat,RLP,Allemagne,DE,50.264,6.891
07235004,Bekond,Trier-Saarburg,Rhénanie-Palatinat,RLP,Allemagne,DE,49.854,6.815
07140007,Belg,Rhein-Hunsrück-Kreis,Rhénanie-Palatinat,RLP,Allemagne,DE,49.984,7.313
07140008,Belgweiler,Rhein-Hunsrück-Kreis,Rhénanie-Palatinat,RLP,Allemagne,DE,49.946,7.498
07137008,Bell,Mayen-Koblenz,Rhénanie-Palatinat,RLP,Allemagne,DE,50.396,7.223
07140009,Bell (Hunsrück),Rhein-Hunsrück-Kreis,Rhénanie-Palatinat,RLP,Allemagne,DE,50.041,7.396
07334001,Bellheim,Germersheim,Rhénanie-Palatinat,RLP,Allemagne,DE,49.193,8.296
07143207,Bellingen,Westerwaldkreis,Rhénanie-Palatinat,RLP,Allemagne,DE,50.586,7.885
07140010,Beltheim,Rhein-Hunsrück-Kreis,Rhénanie-Palatinat,RLP,Allemagne,DE,50.114,7.472
07137203,Bendorf,Mayen-Koblenz,Rhénanie-Palatinat,RLP,Allemagne,DE,50.436,7.594
07231005,Bengel,Bernkastel-Wittlich,Rhénanie-Palatinat,RLP,Allemagne,DE,50.038,7.051
07333005,Bennhausen,Donnersbergkreis,Rhénanie-Palatinat,RLP,Allemagne,DE,49.623,7.986
07140011,Benzweiler,Rhein-Hunsrück-Kreis,Rhénanie-Palatinat,RLP,Allemagne,DE,50.025,7.606
07233202,Bereborn,Vulkaneifel,Rhénanie-Palatinat,RLP,Allemagne,DE,50.283,6.964
07233203,Berenbach,Vulkaneifel,Rhénanie-Palatinat,RLP,Allemagne,DE,50.234,6.961
07131011,Berg (Ahrweiler),Ahrweiler,Rhénanie-Palatinat,RLP,Allemagne,DE,50.537,6.949
07334002,Berg (Pfalz),Germersheim,Rhénanie-Palatinat,RLP,Allemagne,DE,48.982,8.205
07141009,Berg (Rhein-Lahn-Kreis),Rhein-Lahn-Kreis,Rhénanie-Palatinat,RLP,Allemagne,DE,50.258,7.815
07134006,Bergen,Birkenfeld,Rhénanie-Palatinat,RLP,Allemagne,DE,49.781,7.418
07140012,Bergenhausen,Rhein-Hunsrück-Kreis,Rhénanie-Palatinat,RLP,Allemagne,DE,50.025,7.573
07141010,Berghausen,Rhein-Lahn-Kreis,Rhénanie-Palatinat,RLP,Allemagne,DE,50.258,8.004
07134007,Berglangenbach,Birkenfeld,Rhénanie-Palatinat,RLP,Allemagne,DE,49.601,7.262
07231006,Berglicht,Bernkastel-Wittlich,Rhénanie-Palatinat,RLP,Allemagne,DE,49.787,6.962
07231007,Bergweiler,Bernkastel-Wittlich,Rhénanie-Palatinat,RLP,Allemagne,DE,49.973,6.819
07232011,Berkoth,Eifelkreis Bitburg-Prüm,Rhénanie-Palatinat,RLP,Allemagne,DE,50.039,6.348
07233004,Berlingen,Vulkaneifel,Rhénanie-Palatinat,RLP,Allemagne,DE,50.237,6.718
07137011,Bermel,Mayen-Koblenz,Rhénanie-Palatinat,RLP,Allemagne,DE,50.281,7.106
07331009,Bermersheim,Alzey-Worms,Rhénanie-Palatinat,RLP,Allemagne,DE,49.684,8.222
07331008,Bermersheim vor der Höhe,Alzey-Worms,Rhénanie-Palatinat,RLP,Allemagne,DE,49.781,8.101
07233005,Berndorf,Vulkaneifel,Rhénanie-Palatinat,RLP,Allemagne,DE,50.31,6.691
07141011,Berndroth,Rhein-Lahn-Kreis,Rhénanie-Palatinat,RLP,Allemagne,DE,50.234,7.968
07231008,Bernkastel-Kues,Bernkastel-Wittlich,Rhénanie-Palatinat,RLP,Allemagne,DE,49.914,7.061
07132201,Berod bei Hachenburg,Altenkirchen (Ww),Rhénanie-Palatinat,RLP,Allemagne,DE,50.644,7.692
07143208,Berod bei Wallmerod,Westerwaldkreis,Rhénanie-Palatinat,RLP,Allemagne,DE,50.482,7.934
07232012,Berscheid,Eifelkreis Bitburg-Prüm,Rhénanie-Palatinat,RLP,Allemagne,DE,49.976,6.235
07134008,Berschweiler bei Baumholder,Birkenfeld,Rhénanie-Palatinat,RLP,Allemagne,DE,49.575,7.293
07134009,Berschweiler bei Kirn,Birkenfeld,Rhénanie-Palatinat,RLP,Allemagne,DE,49.767,7.389
07143209,Berzhahn,Westerwaldkreis,Rhénanie-Palatinat,RLP,Allemagne,DE,50.538,8.005
07132005,Berzhausen,Altenkirchen (Ww),Rhénanie-Palatinat,RLP,Allemagne,DE,50.655,7.571
07235005,Bescheid,Trier-Saarburg,Rhénanie-Palatinat,RLP,Allemagne,DE,49.744,6.893
07233006,Betteldorf,Vulkaneifel,Rhénanie-Palatinat,RLP,Allemagne,DE,50.255,6.755
07141012,Bettendorf,Rhein-Lahn-Kreis,Rhénanie-Palatinat,RLP,Allemagne,DE,50.232,7.872
07231009,Bettenfeld,Bernkastel-Wittlich,Rhénanie-Palatinat,RLP,Allemagne,DE,50.075,6.765
07232013,Bettingen,Eifelkreis Bitburg-Prüm,Rhénanie-Palatinat,RLP,Allemagne,DE,49.945,6.422
07132006,Betzdorf,Altenkirchen (Ww),Rhénanie-Palatinat,RLP,Allemagne,DE,50.785,7.866
07140201,Beulich,Rhein-Hunsrück-Kreis,Rhénanie-Palatinat,RLP,Allemagne,DE,50.164,7.452
07135008,Beuren,Cochem-Zell,Rhénanie-Palatinat,RLP,Allemagne,DE,50.085,7.066
07235008,Beuren (Hochwald),Trier-Saarburg,Rhénanie-Palatinat,RLP,Allemagne,DE,49.718,6.884
07140014,Bickenbach,Rhein-Hunsrück-Kreis,Rhénanie-Palatinat,RLP,Allemagne,DE,50.115,7.528
07232014,Bickendorf,Eifelkreis Bitburg-Prüm,Rhénanie-Palatinat,RLP,Allemagne,DE,50.038,6.501
07331010,Biebelnheim,Alzey-Worms,Rhénanie-Palatinat,RLP,Allemagne,DE,49.8,8.16
07133012,Biebelsheim,Bad Kreuznach,Rhénanie-Palatinat,RLP,Allemagne,DE,49.871,7.942
07140015,Biebern,Rhein-Hunsrück-Kreis,Rhénanie-Palatinat,RLP,Allemagne,DE,49.992,7.442
07141013,Biebrich,Rhein-Lahn-Kreis,Rhénanie-Palatinat,RLP,Allemagne,DE,50.306,7.955
07340204,Biedershausen,Südwestpfalz,Rhénanie-Palatinat,RLP,Allemagne,DE,49.316,7.491
07333006,Biedesheim,Donnersbergkreis,Rhénanie-Palatinat,RLP,Allemagne,DE,49.605,8.105
07232015,Biersdorf am See,Eifelkreis Bitburg-Prüm,Rhénanie-Palatinat,RLP,Allemagne,DE,50.019,6.452
07232016,Biesdorf,Eifelkreis Bitburg-Prüm,Rhénanie-Palatinat,RLP,Allemagne,DE,49.884,6.312
07143210,Bilkheim,Westerwaldkreis,Rhénanie-Palatinat,RLP,Allemagne,DE,50.499,7.952
07337007,Billigheim-Ingenheim,Südliche Weinstraße,Rhénanie-Palatinat,RLP,Allemagne,DE,49.126,8.092
07339005,Bingen am Rhein,Mainz-Bingen,Rhénanie-Palatinat,RLP,Allemagne,DE,49.946,7.93
07135009,Binningen,Cochem-Zell,Rhénanie-Palatinat,RLP,Allemagne,DE,50.205,7.247
07231010,Binsfeld,Bernkastel-Wittlich,Rhénanie-Palatinat,RLP,Allemagne,DE,49.959,6.711
07233007,Birgel,Vulkaneifel,Rhénanie-Palatinat,RLP,Allemagne,DE,50.323,6.631
07132008,Birken-Honigsessen,Altenkirchen (Ww),Rhénanie-Palatinat,RLP,Allemagne,DE,50.827,7.744
07132007,Birkenbeul,Altenkirchen (Ww),Rhénanie-Palatinat,RLP,Allemagne,DE,50.744,7.624
07134010,Birkenfeld,Birkenfeld,Rhénanie-Palatinat,RLP,Allemagne,DE,49.647,7.163
07338003,Birkenheide,Rhein-Pfalz-Kreis,Rhénanie-Palatinat,RLP,Allemagne,DE,49.486,8.259
07337008,Birkenhördt,Südliche Weinstraße,Rhénanie-Palatinat,RLP,Allemagne,DE,49.112,7.934
07140016,Birkheim,Rhein-Hunsrück-Kreis,Rhénanie-Palatinat,RLP,Allemagne,DE,50.114,7.616
07337009,Birkweiler,Südliche Weinstraße,Rhénanie-Palatinat,RLP,Allemagne,DE,49.204,8.016
07141014,Birlenbach,Rhein-Lahn-Kreis,Rhénanie-Palatinat,RLP,Allemagne,DE,50.356,8
07132009,Birnbach,Altenkirchen (Ww),Rhénanie-Palatinat,RLP,Allemagne,DE,50.706,7.583
07233204,Birresborn,Vulkaneifel,Rhénanie-Palatinat,RLP,Allemagne,DE,50.176,6.63
07232017,Birtlingen,Eifelkreis Bitburg-Prüm,Rhénanie-Palatinat,RLP,Allemagne,DE,49.951,6.483
07333007,Bischheim,Donnersbergkreis,Rhénanie-Palatinat,RLP,Allemagne,DE,49.675,8.037
07332004,Bissersheim,Bad Dürkheim,Rhénanie-Palatinat,RLP,Allemagne,DE,49.535,8.203
07333008,Bisterschied,Donnersbergkreis,Rhénanie-Palatinat,RLP,Allemagne,DE,49.643,7.746
07232018,Bitburg,Eifelkreis Bitburg-Prüm,Rhénanie-Palatinat,RLP,Allemagne,DE,49.971,6.535
07132010,Bitzen,Altenkirchen (Ww),Rhénanie-Palatinat,RLP,Allemagne,DE,50.791,7.695
07135010,Blankenrath,Cochem-Zell,Rhénanie-Palatinat,RLP,Allemagne,DE,50.038,7.302
07336006,Blaubach,Kusel,Rhénanie-Palatinat,RLP,Allemagne,DE,49.559,7.401
07233008,Bleckhausen,Vulkaneifel,Rhénanie-Palatinat,RLP,Allemagne,DE,50.122,6.782
07232206,Bleialf,Eifelkreis Bitburg-Prüm,Rhénanie-Palatinat,RLP,Allemagne,DE,50.242,6.284
07332005,Bobenheim am Berg,Bad Dürkheim,Rhénanie-Palatinat,RLP,Allemagne,DE,49.523,8.142
07338004,Bobenheim-Roxheim,Rhein-Pfalz-Kreis,Rhénanie-Palatinat,RLP,Allemagne,DE,49.586,8.373
07340001,Bobenthal,Südwestpfalz,Rhénanie-Palatinat,RLP,Allemagne,DE,49.056,7.865
07133013,Bockenau,Bad Kreuznach,Rhénanie-Palatinat,RLP,Allemagne,DE,49.843,7.672
07332006,Bockenheim an der Weinstraße,Bad Dürkheim,Rhénanie-Palatinat,RLP,Allemagne,DE,49.608,8.19
07143005,Boden,Westerwaldkreis,Rhénanie-Palatinat,RLP,Allemagne,DE,50.472,7.859
07233205,Bodenbach,Vulkaneifel,Rhénanie-Palatinat,RLP,Allemagne,DE,50.312,6.854
07339006,Bodenheim,Mainz-Bingen,Rhénanie-Palatinat,RLP,Allemagne,DE,49.927,8.309
07141015,Bogel,Rhein-Lahn-Kreis,Rhénanie-Palatinat,RLP,Allemagne,DE,50.185,7.797
07333010,Bolanden,Donnersbergkreis,Rhénanie-Palatinat,RLP,Allemagne,DE,49.638,7.997
07134012,Bollenbach,Birkenfeld,Rhénanie-Palatinat,RLP,Allemagne,DE,49.838,7.354
07232019,Bollendorf,Eifelkreis Bitburg-Prüm,Rhénanie-Palatinat,RLP,Allemagne,DE,49.86,6.372
07138005,Bonefeld,Neuwied,Rhénanie-Palatinat,RLP,Allemagne,DE,50.527,7.492
07235010,Bonerath,Trier-Saarburg,Rhénanie-Palatinat,RLP,Allemagne,DE,49.692,6.763
07233206,Bongard,Vulkaneifel,Rhénanie-Palatinat,RLP,Allemagne,DE,50.294,6.838
07133014,Boos (Bad Kreuznach),Bad Kreuznach,Rhénanie-Palatinat,RLP,Allemagne,DE,49.793,7.718
07137014,Boos (Mayen-Koblenz),Mayen-Koblenz,Rhénanie-Palatinat,RLP,Allemagne,DE,50.307,7.008
07140501,Boppard,Rhein-Hunsrück-Kreis,Rhénanie-Palatinat,RLP,Allemagne,DE,50.235,7.545
07233207,Borler,Vulkaneifel,Rhénanie-Palatinat,RLP,Allemagne,DE,50.312,6.822
07331012,Bornheim (Alzey-Worms),Alzey-Worms,Rhénanie-Palatinat,RLP,Allemagne,DE,49.782,8.063
07337014,Bornheim (Südliche Weinstraße),Südliche Weinstraße,Rhénanie-Palatinat,RLP,Allemagne,DE,49.217,8.169
07141016,Bornich,Rhein-Lahn-Kreis,Rhénanie-Palatinat,RLP,Allemagne,DE,50.127,7.768
07143212,Borod,Westerwaldkreis,Rhénanie-Palatinat,RLP,Allemagne,DE,50.666,7.708
07336009,Bosenbach,Kusel,Rhénanie-Palatinat,RLP,Allemagne,DE,49.544,7.514
07340205,Bottenbach,Südwestpfalz,Rhénanie-Palatinat,RLP,Allemagne,DE,49.187,7.503
07233010,Boxberg,Vulkaneifel,Rhénanie-Palatinat,RLP,Allemagne,DE,50.275,6.866
07132012,Brachbach,Altenkirchen (Ww),Rhénanie-Palatinat,RLP,Allemagne,DE,50.811,7.942
07135011,Brachtendorf,Cochem-Zell,Rhénanie-Palatinat,RLP,Allemagne,DE,50.231,7.227
07232207,Brandscheid (Eifelkreis Bitburg-Prüm),Eifelkreis Bitburg-Prüm,Rhénanie-Palatinat,RLP,Allemagne,DE,50.215,6.304
07143213,Brandscheid (Westerwaldkreis),Westerwaldkreis,Rhénanie-Palatinat,RLP,Allemagne,DE,50.564,7.922
07141501,Braubach,Rhein-Lahn-Kreis,Rhénanie-Palatinat,RLP,Allemagne,DE,50.268,7.667
07231012,Brauneberg,Bernkastel-Wittlich,Rhénanie-Palatinat,RLP,Allemagne,DE,49.899,6.989
07140018,Braunshorn,Rhein-Hunsrück-Kreis,Rhénanie-Palatinat,RLP,Allemagne,DE,50.09,7.523
07133015,Braunweiler,Bad Kreuznach,Rhénanie-Palatinat,RLP,Allemagne,DE,49.871,7.734
07133016,Brauweiler,Bad Kreuznach,Rhénanie-Palatinat,RLP,Allemagne,DE,49.828,7.499
07232020,Brecht,Eifelkreis Bitburg-Prüm,Rhénanie-Palatinat,RLP,Allemagne,DE,49.978,6.446
07231202,Breit,Bernkastel-Wittlich,Rhénanie-Palatinat,RLP,Allemagne,DE,49.771,6.914
07143006,Breitenau,Westerwaldkreis,Rhénanie-Palatinat,RLP,Allemagne,DE,50.49,7.683
07336010,Breitenbach,Kusel,Rhénanie-Palatinat,RLP,Allemagne,DE,49.437,7.272
07133017,Breitenheim,Bad Kreuznach,Rhénanie-Palatinat,RLP,Allemagne,DE,49.696,7.631
07134013,Breitenthal,Birkenfeld,Rhénanie-Palatinat,RLP,Allemagne,DE,49.8,7.325
07339007,Breitscheid (Mainz-Bingen),Mainz-Bingen,Rhénanie-Palatinat,RLP,Allemagne,DE,50.049,7.697
07138006,Breitscheid (Neuwied),Neuwied,Rhénanie-Palatinat,RLP,Allemagne,DE,50.569,7.448
07132013,Breitscheidt,Altenkirchen (Ww),Rhénanie-Palatinat,RLP,Allemagne,DE,50.75,7.658
07141018,Bremberg,Rhein-Lahn-Kreis,Rhénanie-Palatinat,RLP,Allemagne,DE,50.306,7.914
07135012,Bremm,Cochem-Zell,Rhénanie-Palatinat,RLP,Allemagne,DE,50.098,7.104
07131201,Brenk,Ahrweiler,Rhénanie-Palatinat,RLP,Allemagne,DE,50.43,7.171
07143214,Bretthausen,Westerwaldkreis,Rhénanie-Palatinat,RLP,Allemagne,DE,50.673,8.072
07133018,Bretzenheim,Bad Kreuznach,Rhénanie-Palatinat,RLP,Allemagne,DE,49.88,7.887
07333011,Breunigweiler,Donnersbergkreis,Rhénanie-Palatinat,RLP,Allemagne,DE,49.566,7.961
07137204,Brey,Mayen-Koblenz,Rhénanie-Palatinat,RLP,Allemagne,DE,50.266,7.62
07135013,Briedel,Cochem-Zell,Rhénanie-Palatinat,RLP,Allemagne,DE,50.006,7.158
07135014,Brieden,Cochem-Zell,Rhénanie-Palatinat,RLP,Allemagne,DE,50.187,7.263
07135015,Briedern,Cochem-Zell,Rhénanie-Palatinat,RLP,Allemagne,DE,50.109,7.209
07232502,Brimingen,Eifelkreis Bitburg-Prüm,Rhénanie-Palatinat,RLP,Allemagne,DE,49.971,6.368
07233011,Brockscheid,Vulkaneifel,Rhénanie-Palatinat,RLP,Allemagne,DE,50.131,6.836
07137205,Brodenbach,Mayen-Koblenz,Rhénanie-Palatinat,RLP,Allemagne,DE,50.219,7.444
07135016,Brohl,Cochem-Zell,Rhénanie-Palatinat,RLP,Allemagne,DE,50.215,7.282
07131014,Brohl-Lützing,Ahrweiler,Rhénanie-Palatinat,RLP,Allemagne,DE,50.476,7.314
07231013,Bruch,Bernkastel-Wittlich,Rhénanie-Palatinat,RLP,Allemagne,DE,49.961,6.784
07132014,Bruchertseifen,Altenkirchen (Ww),Rhénanie-Palatinat,RLP,Allemagne,DE,50.746,7.711
07138008,Bruchhausen,Neuwied,Rhénanie-Palatinat,RLP,Allemagne,DE,50.604,7.259
07335003,Bruchmühlbach-Miesau,Kaiserslautern,Rhénanie-Palatinat,RLP,Allemagne,DE,49.395,7.438
07134014,Bruchweiler,Birkenfeld,Rhénanie-Palatinat,RLP,Allemagne,DE,49.796,7.199
07340501,Bruchweiler-Bärenbach,Südwestpfalz,Rhénanie-Palatinat,RLP,Allemagne,DE,49.116,7.792
07133201,Bruschied,Bad Kreuznach,Rhénanie-Palatinat,RLP,Allemagne,DE,49.835,7.405
07135017,Bruttig-Fankel,Cochem-Zell,Rhénanie-Palatinat,RLP,Allemagne,DE,50.133,7.251
07134015,Brücken,Birkenfeld,Rhénanie-Palatinat,RLP,Allemagne,DE,49.633,7.109
07336011,Brücken (Pfalz),Kusel,Rhénanie-Palatinat,RLP,Allemagne,DE,49.429,7.363
07233208,Brücktal,Vulkaneifel,Rhénanie-Palatinat,RLP,Allemagne,DE,50.316,6.98
07140020,Bubach,Rhein-Hunsrück-Kreis,Rhénanie-Palatinat,RLP,Allemagne,DE,50.071,7.554
07333012,Bubenheim (Donnersbergkreis),Donnersbergkreis,Rhénanie-Palatinat,RLP,Allemagne,DE,49.626,8.126
07339008,Bubenheim (Mainz-Bingen),Mainz-Bingen,Rhénanie-Palatinat,RLP,Allemagne,DE,49.92,8.075
07336012,Buborn,Kusel,Rhénanie-Palatinat,RLP,Allemagne,DE,49.638,7.54
07140021,Buch (Rhein-Hunsrück-Kreis),Rhein-Hunsrück-Kreis,Rhénanie-Palatinat,RLP,Allemagne,DE,50.078,7.39
07141019,Buch (Rhein-Lahn-Kreis),Rhein-Lahn-Kreis,Rhénanie-Palatinat,RLP,Allemagne,DE,50.207,7.883
07232208,Buchet,Eifelkreis Bitburg-Prüm,Rhénanie-Palatinat,RLP,Allemagne,DE,50.255,6.332
07138080,Buchholz (Westerwald),Neuwied,Rhénanie-Palatinat,RLP,Allemagne,DE,50.696,7.399
07140023,Budenbach,Rhein-Hunsrück-Kreis,Rhénanie-Palatinat,RLP,Allemagne,DE,50.037,7.57
07339009,Budenheim,Mainz-Bingen,Rhénanie-Palatinat,RLP,Allemagne,DE,50.02,8.171
07134016,Buhlenberg,Birkenfeld,Rhénanie-Palatinat,RLP,Allemagne,DE,49.666,7.099
07135019,Bullay,Cochem-Zell,Rhénanie-Palatinat,RLP,Allemagne,DE,50.059,7.142
07134017,Bundenbach,Birkenfeld,Rhénanie-Palatinat,RLP,Allemagne,DE,49.846,7.377
07340502,Bundenthal,Südwestpfalz,Rhénanie-Palatinat,RLP,Allemagne,DE,49.092,7.815
07232210,Burbach,Eifelkreis Bitburg-Prüm,Rhénanie-Palatinat,RLP,Allemagne,DE,50.127,6.553
07232022,Burg,Eifelkreis Bitburg-Prüm,Rhénanie-Palatinat,RLP,Allemagne,DE,49.96,6.349
07231014,Burg (Mosel),Bernkastel-Wittlich,Rhénanie-Palatinat,RLP,Allemagne,DE,50.003,7.125
07131202,Burgbrohl,Ahrweiler,Rhénanie-Palatinat,RLP,Allemagne,DE,50.457,7.26
07231016,Burgen (Bernkastel-Wittlich),Bernkastel-Wittlich,Rhénanie-Palatinat,RLP,Allemagne,DE,49.872,7.006
07137206,Burgen (Mayen-Koblenz),Mayen-Koblenz,Rhénanie-Palatinat,RLP,Allemagne,DE,50.199,7.392
07132016,Burglahr,Altenkirchen (Ww),Rhénanie-Palatinat,RLP,Allemagne,DE,50.612,7.501
07141020,Burgschwalbach,Rhein-Lahn-Kreis,Rhénanie-Palatinat,RLP,Allemagne,DE,50.278,8.085
07133019,Burgsponheim,Bad Kreuznach,Rhénanie-Palatinat,RLP,Allemagne,DE,49.833,7.71
07337015,Burrweiler,Südliche Weinstraße,Rhénanie-Palatinat,RLP,Allemagne,DE,49.251,8.077
07231017,Burtscheid,Bernkastel-Wittlich,Rhénanie-Palatinat,RLP,Allemagne,DE,49.731,6.961
07340002,Busenberg,Südwestpfalz,Rhénanie-Palatinat,RLP,Allemagne,DE,49.128,7.841
07132017,Busenhausen,Altenkirchen (Ww),Rhénanie-Palatinat,RLP,Allemagne,DE,50.723,7.634
07133008,Bärenbach (Bad Kreuznach),Bad Kreuznach,Rhénanie-Palatinat,RLP,Allemagne,DE,49.751,7.444
07140006,Bärenbach (Rhein-Hunsrück-Kreis),Rhein-Hunsrück-Kreis,Rhénanie-Palatinat,RLP,Allemagne,DE,49.952,7.295
07133009,Bärweiler,Bad Kreuznach,Rhénanie-Palatinat,RLP,Allemagne,DE,49.739,7.594
07337011,Böbingen,Südliche Weinstraße,Rhénanie-Palatinat,RLP,Allemagne,DE,49.288,8.243
07337012,Böchingen,Südliche Weinstraße,Rhénanie-Palatinat,RLP,Allemagne,DE,49.246,8.03
07338005,Böhl-Iggelheim,Rhein-Pfalz-Kreis,Rhénanie-Palatinat,RLP,Allemagne,DE,49.363,8.321
07337013,Böllenborn,Südliche Weinstraße,Rhénanie-Palatinat,RLP,Allemagne,DE,49.094,7.916
07143211,Bölsberg,Westerwaldkreis,Rhénanie-Palatinat,RLP,Allemagne,DE,50.667,7.918
07134011,Börfink,Birkenfeld,Rhénanie-Palatinat,RLP,Allemagne,DE,49.695,7.07
07333009,Börrstadt,Donnersbergkreis,Rhénanie-Palatinat,RLP,Allemagne,DE,49.578,7.934
07336008,Börsborn,Kusel,Rhénanie-Palatinat,RLP,Allemagne,DE,49.442,7.402
07135018,Büchel,Cochem-Zell,Rhénanie-Palatinat,RLP,Allemagne,DE,50.18,7.084
07140024,Büchenbeuren,Rhein-Hunsrück-Kreis,Rhénanie-Palatinat,RLP,Allemagne,DE,49.923,7.26
07232209,Büdesheim,Eifelkreis Bitburg-Prüm,Rhénanie-Palatinat,RLP,Allemagne,DE,50.211,6.566
07231203,Büdlich,Bernkastel-Wittlich,Rhénanie-Palatinat,RLP,Allemagne,DE,49.782,6.896
07132015,Bürdenbach,Altenkirchen (Ww),Rhénanie-Palatinat,RLP,Allemagne,DE,50.613,7.53
07143007,Caan,Westerwaldkreis,Rhénanie-Palatinat,RLP,Allemagne,DE,50.476,7.612
07133020,Callbach,Bad Kreuznach,Rhénanie-Palatinat,RLP,Allemagne,DE,49.702,7.718
07332007,Carlsberg,Bad Dürkheim,Rhénanie-Palatinat,RLP,Allemagne,DE,49.495,8.03
07141021,Charlottenberg,Rhein-Lahn-Kreis,Rhénanie-Palatinat,RLP,Allemagne,DE,50.344,7.879
07340003,Clausen,Südwestpfalz,Rhénanie-Palatinat,RLP,Allemagne,DE,49.259,7.697
07135020,Cochem,Cochem-Zell,Rhénanie-Palatinat,RLP,Allemagne,DE,50.142,7.172
07340206,Contwig,Südwestpfalz,Rhénanie-Palatinat,RLP,Allemagne,DE,49.244,7.44
07141022,Cramberg,Rhein-Lahn-Kreis,Rhénanie-Palatinat,RLP,Allemagne,DE,50.343,7.94
07336013,Cronenberg,Kusel,Rhénanie-Palatinat,RLP,Allemagne,DE,49.651,7.624
07132018,Daaden,Altenkirchen (Ww),Rhénanie-Palatinat,RLP,Allemagne,DE,50.742,7.979
07141023,Dachsenhausen,Rhein-Lahn-Kreis,Rhénanie-Palatinat,RLP,Allemagne,DE,50.256,7.718
07332008,Dackenheim,Bad Dürkheim,Rhénanie-Palatinat,RLP,Allemagne,DE,49.522,8.185
07232211,Dackscheid,Eifelkreis Bitburg-Prüm,Rhénanie-Palatinat,RLP,Allemagne,DE,50.118,6.395
07232024,Dahlem,Eifelkreis Bitburg-Prüm,Rhénanie-Palatinat,RLP,Allemagne,DE,49.91,6.601
07141024,Dahlheim,Rhein-Lahn-Kreis,Rhénanie-Palatinat,RLP,Allemagne,DE,50.213,7.697
07340004,Dahn,Südwestpfalz,Rhénanie-Palatinat,RLP,Allemagne,DE,49.149,7.759
07232212,Dahnen,Eifelkreis Bitburg-Prüm,Rhénanie-Palatinat,RLP,Allemagne,DE,50.087,6.145
07133021,Dalberg,Bad Kreuznach,Rhénanie-Palatinat,RLP,Allemagne,DE,49.893,7.729
07232213,Daleiden,Eifelkreis Bitburg-Prüm,Rhénanie-Palatinat,RLP,Allemagne,DE,50.055,6.18
07339010,Dalheim,Mainz-Bingen,Rhénanie-Palatinat,RLP,Allemagne,DE,49.831,8.286
07134018,Dambach,Birkenfeld,Rhénanie-Palatinat,RLP,Allemagne,DE,49.623,7.13
07235014,Damflos,Trier-Saarburg,Rhénanie-Palatinat,RLP,Allemagne,DE,49.667,6.995
07140025,Damscheid,Rhein-Hunsrück-Kreis,Rhénanie-Palatinat,RLP,Allemagne,DE,50.1,7.658
07131015,Dankerath,Ahrweiler,Rhénanie-Palatinat,RLP,Allemagne,DE,50.337,6.822
07333013,Dannenfels,Donnersbergkreis,Rhénanie-Palatinat,RLP,Allemagne,DE,49.627,7.929
07338006,Dannstadt-Schauernheim,Rhein-Pfalz-Kreis,Rhénanie-Palatinat,RLP,Allemagne,DE,49.418,8.318
07233014,Darscheid,Vulkaneifel,Rhénanie-Palatinat,RLP,Allemagne,DE,50.211,6.895
07340005,Darstein,Südwestpfalz,Rhénanie-Palatinat,RLP,Allemagne,DE,49.153,7.887
07232214,Dasburg,Eifelkreis Bitburg-Prüm,Rhénanie-Palatinat,RLP,Allemagne,DE,50.052,6.139
07138009,Dattenberg,Neuwied,Rhénanie-Palatinat,RLP,Allemagne,DE,50.57,7.375
07138010,Datzeroth,Neuwied,Rhénanie-Palatinat,RLP,Allemagne,DE,50.503,7.423
07133022,Daubach (Bad Kreuznach),Bad Kreuznach,Rhénanie-Palatinat,RLP,Allemagne,DE,49.843,7.634
07143008,Daubach (Westerwaldkreis),Westerwaldkreis,Rhénanie-Palatinat,RLP,Allemagne,DE,50.389,7.84
07233501,Daun,Vulkaneifel,Rhénanie-Palatinat,RLP,Allemagne,DE,50.206,6.815
07141025,Dausenau,Rhein-Lahn-Kreis,Rhénanie-Palatinat,RLP,Allemagne,DE,50.328,7.761
07232025,Dauwelshausen,Eifelkreis Bitburg-Prüm,Rhénanie-Palatinat,RLP,Allemagne,DE,50.004,6.186
07133023,Daxweiler,Bad Kreuznach,Rhénanie-Palatinat,RLP,Allemagne,DE,49.982,7.736
07131016,Dedenbach,Ahrweiler,Rhénanie-Palatinat,RLP,Allemagne,DE,50.48,7.163
07143009,Deesen,Westerwaldkreis,Rhénanie-Palatinat,RLP,Allemagne,DE,50.511,7.698
07332009,Deidesheim,Bad Dürkheim,Rhénanie-Palatinat,RLP,Allemagne,DE,49.401,8.121
07336014,Deimberg,Kusel,Rhénanie-Palatinat,RLP,Allemagne,DE,49.629,7.518
07340207,Dellfeld,Südwestpfalz,Rhénanie-Palatinat,RLP,Allemagne,DE,49.234,7.476
07233016,Demerath,Vulkaneifel,Rhénanie-Palatinat,RLP,Allemagne,DE,50.175,6.949
07336015,Dennweiler-Frohnbach,Kusel,Rhénanie-Palatinat,RLP,Allemagne,DE,49.585,7.379
07233209,Densborn,Vulkaneifel,Rhénanie-Palatinat,RLP,Allemagne,DE,50.119,6.614
07131017,Dernau,Ahrweiler,Rhénanie-Palatinat,RLP,Allemagne,DE,50.528,7.045
07138011,Dernbach (Neuwied),Neuwied,Rhénanie-Palatinat,RLP,Allemagne,DE,50.547,7.6
07337017,Dernbach (Südliche Weinstraße),Südliche Weinstraße,Rhénanie-Palatinat,RLP,Allemagne,DE,49.247,8.007
07143010,Dernbach (Westerwald),Westerwaldkreis,Rhénanie-Palatinat,RLP,Allemagne,DE,50.453,7.775
07132019,Derschen,Altenkirchen (Ww),Rhénanie-Palatinat,RLP,Allemagne,DE,50.701,8.004
07133024,Desloch,Bad Kreuznach,Rhénanie-Palatinat,RLP,Allemagne,DE,49.72,7.627
07141026,Dessighofen,Rhein-Lahn-Kreis,Rhénanie-Palatinat,RLP,Allemagne,DE,50.266,7.771
07235015,Detzem,Trier-Saarburg,Rhénanie-Palatinat,RLP,Allemagne,DE,49.815,6.851
07233017,Deudesfeld,Vulkaneifel,Rhénanie-Palatinat,RLP,Allemagne,DE,50.101,6.725
07231018,Deuselbach,Bernkastel-Wittlich,Rhénanie-Palatinat,RLP,Allemagne,DE,49.756,7.053
07339011,Dexheim,Mainz-Bingen,Rhénanie-Palatinat,RLP,Allemagne,DE,49.842,8.313
07231019,Dhronecken,Bernkastel-Wittlich,Rhénanie-Palatinat,RLP,Allemagne,DE,49.73,6.979
07140027,Dichtelbach,Rhein-Hunsrück-Kreis,Rhénanie-Palatinat,RLP,Allemagne,DE,50.009,7.694
07132020,Dickendorf,Altenkirchen (Ww),Rhénanie-Palatinat,RLP,Allemagne,DE,50.735,7.854
07140028,Dickenschied,Rhein-Hunsrück-Kreis,Rhénanie-Palatinat,RLP,Allemagne,DE,49.904,7.422
07134019,Dickesbach,Birkenfeld,Rhénanie-Palatinat,RLP,Allemagne,DE,49.709,7.418
07137207,Dieblich,Mayen-Koblenz,Rhénanie-Palatinat,RLP,Allemagne,DE,50.29,7.505
07231020,Diefenbach,Bernkastel-Wittlich,Rhénanie-Palatinat,RLP,Allemagne,DE,50.036,6.949
07333014,Dielkirchen,Donnersbergkreis,Rhénanie-Palatinat,RLP,Allemagne,DE,49.665,7.828
07141027,Dienethal,Rhein-Lahn-Kreis,Rhénanie-Palatinat,RLP,Allemagne,DE,50.301,7.775
07339012,Dienheim,Mainz-Bingen,Rhénanie-Palatinat,RLP,Allemagne,DE,49.832,8.347
07134020,Dienstweiler,Birkenfeld,Rhénanie-Palatinat,RLP,Allemagne,DE,49.64,7.193
07337018,Dierbach,Südliche Weinstraße,Rhénanie-Palatinat,RLP,Allemagne,DE,49.081,8.06
07138012,Dierdorf,Neuwied,Rhénanie-Palatinat,RLP,Allemagne,DE,50.548,7.654
07231021,Dierfeld,Bernkastel-Wittlich,Rhénanie-Palatinat,RLP,Allemagne,DE,50.083,6.894
07231022,Dierscheid,Bernkastel-Wittlich,Rhénanie-Palatinat,RLP,Allemagne,DE,49.898,6.762
07141502,Diethardt,Rhein-Lahn-Kreis,Rhénanie-Palatinat,RLP,Allemagne,DE,50.166,7.876
07340208,Dietrichingen,Südwestpfalz,Rhénanie-Palatinat,RLP,Allemagne,DE,49.199,7.421
07141029,Diez,Rhein-Lahn-Kreis,Rhénanie-Palatinat,RLP,Allemagne,DE,50.367,8.024
07140029,Dill,Rhein-Hunsrück-Kreis,Rhénanie-Palatinat,RLP,Allemagne,DE,49.914,7.339
07140030,Dillendorf,Rhein-Hunsrück-Kreis,Rhénanie-Palatinat,RLP,Allemagne,DE,49.925,7.374
07340006,Dimbach,Südwestpfalz,Rhénanie-Palatinat,RLP,Allemagne,DE,49.165,7.9
07232216,Dingdorf,Eifelkreis Bitburg-Prüm,Rhénanie-Palatinat,RLP,Allemagne,DE,50.148,6.435
07331014,Dintesheim,Alzey-Worms,Rhénanie-Palatinat,RLP,Allemagne,DE,49.712,8.148
07332010,Dirmstein,Bad Dürkheim,Rhénanie-Palatinat,RLP,Allemagne,DE,49.573,8.252
07137019,Ditscheid,Mayen-Koblenz,Rhénanie-Palatinat,RLP,Allemagne,DE,50.292,7.064
07331015,Dittelsheim-Heßloch,Alzey-Worms,Rhénanie-Palatinat,RLP,Allemagne,DE,49.744,8.244
07336016,Dittweiler,Kusel,Rhénanie-Palatinat,RLP,Allemagne,DE,49.427,7.324
07232026,Dockendorf,Eifelkreis Bitburg-Prüm,Rhénanie-Palatinat,RLP,Allemagne,DE,49.917,6.441
07233018,Dockweiler,Vulkaneifel,Rhénanie-Palatinat,RLP,Allemagne,DE,50.25,6.787
07231023,Dodenburg,Bernkastel-Wittlich,Rhénanie-Palatinat,RLP,Allemagne,DE,49.921,6.778
07233019,Dohm-Lammersdorf,Vulkaneifel,Rhénanie-Palatinat,RLP,Allemagne,DE,50.265,6.67
07135021,Dohr,Cochem-Zell,Rhénanie-Palatinat,RLP,Allemagne,DE,50.125,7.12
07339013,Dolgesheim,Mainz-Bingen,Rhénanie-Palatinat,RLP,Allemagne,DE,49.798,8.249
07140202,Dommershausen,Rhein-Hunsrück-Kreis,Rhénanie-Palatinat,RLP,Allemagne,DE,50.14,7.41
07340007,Donsieders,Südwestpfalz,Rhénanie-Palatinat,RLP,Allemagne,DE,49.264,7.634
07339201,Dorn-Dürkheim,Mainz-Bingen,Rhénanie-Palatinat,RLP,Allemagne,DE,49.763,8.281
07141033,Dornholzhausen,Rhein-Lahn-Kreis,Rhénanie-Palatinat,RLP,Allemagne,DE,50.277,7.789
07131018,Dorsel,Ahrweiler,Rhénanie-Palatinat,RLP,Allemagne,DE,50.386,6.793
07133026,Dorsheim,Bad Kreuznach,Rhénanie-Palatinat,RLP,Allemagne,DE,49.929,7.875
07233210,Drees,Vulkaneifel,Rhénanie-Palatinat,RLP,Allemagne,DE,50.34,6.998
07143215,Dreifelden,Westerwaldkreis,Rhénanie-Palatinat,RLP,Allemagne,DE,50.59,7.836
07143011,Dreikirchen,Westerwaldkreis,Rhénanie-Palatinat,RLP,Allemagne,DE,50.448,7.953
07231024,Dreis,Bernkastel-Wittlich,Rhénanie-Palatinat,RLP,Allemagne,DE,49.946,6.825
07233020,Dreis-Brück,Vulkaneifel,Rhénanie-Palatinat,RLP,Allemagne,DE,50.266,6.818
07143216,Dreisbach,Westerwaldkreis,Rhénanie-Palatinat,RLP,Allemagne,DE,50.616,7.931
07333017,Dreisen,Donnersbergkreis,Rhénanie-Palatinat,RLP,Allemagne,DE,49.599,8.002
07133027,Duchroth,Bad Kreuznach,Rhénanie-Palatinat,RLP,Allemagne,DE,49.78,7.739
07232027,Dudeldorf,Eifelkreis Bitburg-Prüm,Rhénanie-Palatinat,RLP,Allemagne,DE,49.971,6.645
07338007,Dudenhofen,Rhein-Pfalz-Kreis,Rhénanie-Palatinat,RLP,Allemagne,DE,49.321,8.38
07336017,Dunzweiler,Kusel,Rhénanie-Palatinat,RLP,Allemagne,DE,49.411,7.306
07233211,Duppach,Vulkaneifel,Rhénanie-Palatinat,RLP,Allemagne,DE,50.264,6.546
07141030,Dörnberg,Rhein-Lahn-Kreis,Rhénanie-Palatinat,RLP,Allemagne,DE,50.329,7.886
07133025,Dörrebach,Bad Kreuznach,Rhénanie-Palatinat,RLP,Allemagne,DE,49.942,7.69
07337019,Dörrenbach,Südliche Weinstraße,Rhénanie-Palatinat,RLP,Allemagne,DE,49.088,7.973
07333016,Dörrmoschel,Donnersbergkreis,Rhénanie-Palatinat,RLP,Allemagne,DE,49.62,7.756
07141031,Dörscheid,Rhein-Lahn-Kreis,Rhénanie-Palatinat,RLP,Allemagne,DE,50.103,7.76
07141032,Dörsdorf,Rhein-Lahn-Kreis,Rhénanie-Palatinat,RLP,Allemagne,DE,50.243,8.005
07140031,Dörth,Rhein-Hunsrück-Kreis,Rhénanie-Palatinat,RLP,Allemagne,DE,50.159,7.585
07138013,Döttesfeld,Neuwied,Rhénanie-Palatinat,RLP,Allemagne,DE,50.611,7.561
07131501,Dümpelfeld,Ahrweiler,Rhénanie-Palatinat,RLP,Allemagne,DE,50.435,6.945
07135022,Dünfus,Cochem-Zell,Rhénanie-Palatinat,RLP,Allemagne,DE,50.217,7.224
07135023,Düngenheim,Cochem-Zell,Rhénanie-Palatinat,RLP,Allemagne,DE,50.263,7.167
07138014,Dürrholz,Neuwied,Rhénanie-Palatinat,RLP,Allemagne,DE,50.589,7.572
07143012,Ebernhahn,Westerwaldkreis,Rhénanie-Palatinat,RLP,Allemagne,DE,50.47,7.764
07141034,Ebertshausen,Rhein-Lahn-Kreis,Rhénanie-Palatinat,RLP,Allemagne,DE,50.287,7.985
07332012,Ebertsheim,Bad Dürkheim,Rhénanie-Palatinat,RLP,Allemagne,DE,49.567,8.105
07232028,Echternacherbrück,Eifelkreis Bitburg-Prüm,Rhénanie-Palatinat,RLP,Allemagne,DE,49.819,6.441
07232029,Echtershausen,Eifelkreis Bitburg-Prüm,Rhénanie-Palatinat,RLP,Allemagne,DE,50.026,6.41
07331017,Eckelsheim,Alzey-Worms,Rhénanie-Palatinat,RLP,Allemagne,DE,49.797,7.994
07133028,Eckenroth,Bad Kreuznach,Rhénanie-Palatinat,RLP,Allemagne,DE,49.926,7.782
07134021,Eckersweiler,Birkenfeld,Rhénanie-Palatinat,RLP,Allemagne,DE,49.56,7.293
07231025,Eckfeld,Bernkastel-Wittlich,Rhénanie-Palatinat,RLP,Allemagne,DE,50.113,6.843
07337020,Edenkoben,Südliche Weinstraße,Rhénanie-Palatinat,RLP,Allemagne,DE,49.281,8.122
07337021,Edesheim,Südliche Weinstraße,Rhénanie-Palatinat,RLP,Allemagne,DE,49.262,8.139
07135024,Ediger-Eller,Cochem-Zell,Rhénanie-Palatinat,RLP,Allemagne,DE,50.106,7.158
07232030,Ehlenz,Eifelkreis Bitburg-Prüm,Rhénanie-Palatinat,RLP,Allemagne,DE,50.044,6.468
07138015,Ehlscheid,Neuwied,Rhénanie-Palatinat,RLP,Allemagne,DE,50.513,7.458
07141035,Ehr,Rhein-Lahn-Kreis,Rhénanie-Palatinat,RLP,Allemagne,DE,50.238,7.783
07336018,Ehweiler,Kusel,Rhénanie-Palatinat,RLP,Allemagne,DE,49.524,7.358
07331018,Eich,Alzey-Worms,Rhénanie-Palatinat,RLP,Allemagne,DE,49.753,8.405
07132022,Eichelhardt,Altenkirchen (Ww),Rhénanie-Palatinat,RLP,Allemagne,DE,50.717,7.698
07132023,Eichen,Altenkirchen (Ww),Rhénanie-Palatinat,RLP,Allemagne,DE,50.632,7.535
07131021,Eichenbach,Ahrweiler,Rhénanie-Palatinat,RLP,Allemagne,DE,50.427,6.829
07232217,Eilscheid,Eifelkreis Bitburg-Prüm,Rhénanie-Palatinat,RLP,Allemagne,DE,50.132,6.391
07339015,Eimsheim,Mainz-Bingen,Rhénanie-Palatinat,RLP,Allemagne,DE,49.794,8.292
07137023,Einig,Mayen-Koblenz,Rhénanie-Palatinat,RLP,Allemagne,DE,50.283,7.273
07333018,Einselthum,Donnersbergkreis,Rhénanie-Palatinat,RLP,Allemagne,DE,49.659,8.127
07336019,Einöllen,Kusel,Rhénanie-Palatinat,RLP,Allemagne,DE,49.606,7.637
07232218,Eisenach,Eifelkreis Bitburg-Prüm,Rhénanie-Palatinat,RLP,Allemagne,DE,49.85,6.511
07333019,Eisenberg (Pfalz),Donnersbergkreis,Rhénanie-Palatinat,RLP,Allemagne,DE,49.547,8.045
07231026,Eisenschmitt,Bernkastel-Wittlich,Rhénanie-Palatinat,RLP,Allemagne,DE,50.054,6.724
07141036,Eisighofen,Rhein-Lahn-Kreis,Rhénanie-Palatinat,RLP,Allemagne,DE,50.239,8.031
07143013,Eitelborn,Westerwaldkreis,Rhénanie-Palatinat,RLP,Allemagne,DE,50.37,7.708
07132024,Elben,Altenkirchen (Ww),Rhénanie-Palatinat,RLP,Allemagne,DE,50.757,7.834
07143501,Elbingen,Westerwaldkreis,Rhénanie-Palatinat,RLP,Allemagne,DE,50.531,7.908
07134022,Elchweiler,Birkenfeld,Rhénanie-Palatinat,RLP,Allemagne,DE,49.671,7.194
07132025,Elkenroth,Altenkirchen (Ww),Rhénanie-Palatinat,RLP,Allemagne,DE,50.726,7.885
07134023,Ellenberg,Birkenfeld,Rhénanie-Palatinat,RLP,Allemagne,DE,49.663,7.145
07143015,Ellenhausen,Westerwaldkreis,Rhénanie-Palatinat,RLP,Allemagne,DE,50.518,7.718
07135025,Ellenz-Poltersdorf,Cochem-Zell,Rhénanie-Palatinat,RLP,Allemagne,DE,50.11,7.25
07140035,Ellern (Hunsrück),Rhein-Hunsrück-Kreis,Rhénanie-Palatinat,RLP,Allemagne,DE,49.982,7.65
07332013,Ellerstadt,Bad Dürkheim,Rhénanie-Palatinat,RLP,Allemagne,DE,49.467,8.257
07233021,Ellscheid,Vulkaneifel,Rhénanie-Palatinat,RLP,Allemagne,DE,50.154,6.919
07134024,Ellweiler,Birkenfeld,Rhénanie-Palatinat,RLP,Allemagne,DE,49.606,7.134
07332014,Elmstein,Bad Dürkheim,Rhénanie-Palatinat,RLP,Allemagne,DE,49.35,7.913
07143218,Elsoff (Westerwald),Westerwaldkreis,Rhénanie-Palatinat,RLP,Allemagne,DE,50.567,8.117
07336021,Elzweiler,Kusel,Rhénanie-Palatinat,RLP,Allemagne,DE,49.568,7.515
07232031,Emmelbaum,Eifelkreis Bitburg-Prüm,Rhénanie-Palatinat,RLP,Allemagne,DE,50.054,6.259
07140036,Emmelshausen,Rhein-Hunsrück-Kreis,Rhénanie-Palatinat,RLP,Allemagne,DE,50.154,7.534
07132026,Emmerzhausen,Altenkirchen (Ww),Rhénanie-Palatinat,RLP,Allemagne,DE,50.717,8.029
07141037,Endlichhofen,Rhein-Lahn-Kreis,Rhénanie-Palatinat,RLP,Allemagne,DE,50.205,7.821
07339016,Engelstadt,Mainz-Bingen,Rhénanie-Palatinat,RLP,Allemagne,DE,49.904,8.067
07335004,Enkenbach-Alsenborn,Kaiserslautern,Rhénanie-Palatinat,RLP,Allemagne,DE,49.492,7.909
07231029,Enkirch,Bernkastel-Wittlich,Rhénanie-Palatinat,RLP,Allemagne,DE,49.97,7.166
07235019,Ensch,Trier-Saarburg,Rhénanie-Palatinat,RLP,Allemagne,DE,49.831,6.82
07331019,Ensheim,Alzey-Worms,Rhénanie-Palatinat,RLP,Allemagne,DE,49.802,8.103
07143219,Enspel,Westerwaldkreis,Rhénanie-Palatinat,RLP,Allemagne,DE,50.617,7.886
07232032,Enzen,Eifelkreis Bitburg-Prüm,Rhénanie-Palatinat,RLP,Allemagne,DE,49.919,6.371
07331020,Eppelsheim,Alzey-Worms,Rhénanie-Palatinat,RLP,Allemagne,DE,49.71,8.165
07135026,Eppenberg,Cochem-Zell,Rhénanie-Palatinat,RLP,Allemagne,DE,50.247,7.069
07340008,Eppenbrunn,Südwestpfalz,Rhénanie-Palatinat,RLP,Allemagne,DE,49.105,7.583
07141038,Eppenrod,Rhein-Lahn-Kreis,Rhénanie-Palatinat,RLP,Allemagne,DE,50.4,7.922
07140037,Erbach,Rhein-Hunsrück-Kreis,Rhénanie-Palatinat,RLP,Allemagne,DE,50.024,7.68
07331021,Erbes-Büdesheim,Alzey-Worms,Rhénanie-Palatinat,RLP,Allemagne,DE,49.758,8.031
07231030,Erden,Bernkastel-Wittlich,Rhénanie-Palatinat,RLP,Allemagne,DE,49.976,7.025
07336022,Erdesbach,Kusel,Rhénanie-Palatinat,RLP,Allemagne,DE,49.571,7.435
07340009,Erfweiler,Südwestpfalz,Rhénanie-Palatinat,RLP,Allemagne,DE,49.161,7.819
07141039,Ergeshausen,Rhein-Lahn-Kreis,Rhénanie-Palatinat,RLP,Allemagne,DE,50.269,7.941
07340010,Erlenbach bei Dahn,Südwestpfalz,Rhénanie-Palatinat,RLP,Allemagne,DE,49.104,7.885
07334004,Erlenbach bei Kandel,Germersheim,Rhénanie-Palatinat,RLP,Allemagne,DE,49.11,8.183
07135027,Ernst,Cochem-Zell,Rhénanie-Palatinat,RLP,Allemagne,DE,50.134,7.213
07232033,Ernzen,Eifelkreis Bitburg-Prüm,Rhénanie-Palatinat,RLP,Allemagne,DE,49.838,6.418
07138019,Erpel,Neuwied,Rhénanie-Palatinat,RLP,Allemagne,DE,50.59,7.247
07332015,Erpolzheim,Bad Dürkheim,Rhénanie-Palatinat,RLP,Allemagne,DE,49.49,8.221
07132027,Ersfeld,Altenkirchen (Ww),Rhénanie-Palatinat,RLP,Allemagne,DE,50.695,7.517
07335005,Erzenhausen,Kaiserslautern,Rhénanie-Palatinat,RLP,Allemagne,DE,49.505,7.62
07231031,Esch (Bernkastel-Wittlich),Bernkastel-Wittlich,Rhénanie-Palatinat,RLP,Allemagne,DE,49.899,6.852
07233022,Esch (Vulkaneifel),Vulkaneifel,Rhénanie-Palatinat,RLP,Allemagne,DE,50.363,6.6
07141040,Eschbach (Rhein-Lahn-Kreis),Rhein-Lahn-Kreis,Rhénanie-Palatinat,RLP,Allemagne,DE,50.212,7.718
07337022,Eschbach (Südliche Weinstraße),Südliche Weinstraße,Rhénanie-Palatinat,RLP,Allemagne,DE,49.173,8.011
07232220,Eschfeld,Eifelkreis Bitburg-Prüm,Rhénanie-Palatinat,RLP,Allemagne,DE,50.107,6.195
07331022,Esselborn,Alzey-Worms,Rhénanie-Palatinat,RLP,Allemagne,DE,49.71,8.122
07339017,Essenheim,Mainz-Bingen,Rhénanie-Palatinat,RLP,Allemagne,DE,49.932,8.157
07337023,Essingen,Südliche Weinstraße,Rhénanie-Palatinat,RLP,Allemagne,DE,49.24,8.177
07232034,Eßlingen,Eifelkreis Bitburg-Prüm,Rhénanie-Palatinat,RLP,Allemagne,DE,49.913,6.525
07336023,Eßweiler,Kusel,Rhénanie-Palatinat,RLP,Allemagne,DE,49.558,7.565
07332016,Esthal,Bad Dürkheim,Rhénanie-Palatinat,RLP,Allemagne,DE,49.368,7.999
07231032,Etgert,Bernkastel-Wittlich,Rhénanie-Palatinat,RLP,Allemagne,DE,49.783,7.019
07336024,Etschberg,Kusel,Rhénanie-Palatinat,RLP,Allemagne,DE,49.509,7.42
07232035,Etteldorf,Eifelkreis Bitburg-Prüm,Rhénanie-Palatinat,RLP,Allemagne,DE,50.032,6.567
07143220,Ettinghausen,Westerwaldkreis,Rhénanie-Palatinat,RLP,Allemagne,DE,50.519,7.873
07137025,Ettringen,Mayen-Koblenz,Rhénanie-Palatinat,RLP,Allemagne,DE,50.364,7.212
07132028,Etzbach,Altenkirchen (Ww),Rhénanie-Palatinat,RLP,Allemagne,DE,50.775,7.694
07132029,Eulenberg,Altenkirchen (Ww),Rhénanie-Palatinat,RLP,Allemagne,DE,50.603,7.474
07335006,Eulenbis,Kaiserslautern,Rhénanie-Palatinat,RLP,Allemagne,DE,49.501,7.652
07135028,Eulgem,Cochem-Zell,Rhénanie-Palatinat,RLP,Allemagne,DE,50.242,7.17
07232221,Euscheid,Eifelkreis Bitburg-Prüm,Rhénanie-Palatinat,RLP,Allemagne,DE,50.137,6.299
07337024,Eußerthal,Südliche Weinstraße,Rhénanie-Palatinat,RLP,Allemagne,DE,49.246,7.971
07143221,Ewighausen,Westerwaldkreis,Rhénanie-Palatinat,RLP,Allemagne,DE,50.533,7.824
07141041,Fachbach,Rhein-Lahn-Kreis,Rhénanie-Palatinat,RLP,Allemagne,DE,50.341,7.69
07135029,Faid,Cochem-Zell,Rhénanie-Palatinat,RLP,Allemagne,DE,50.15,7.113
07333020,Falkenstein,Donnersbergkreis,Rhénanie-Palatinat,RLP,Allemagne,DE,49.607,7.869
07235021,Farschweiler,Trier-Saarburg,Rhénanie-Palatinat,RLP,Allemagne,DE,49.721,6.839
07143222,Fehl-Ritzhausen,Westerwaldkreis,Rhénanie-Palatinat,RLP,Allemagne,DE,50.647,8.007
07133030,Feilbingert,Bad Kreuznach,Rhénanie-Palatinat,RLP,Allemagne,DE,49.775,7.795
07232036,Feilsdorf,Eifelkreis Bitburg-Prüm,Rhénanie-Palatinat,RLP,Allemagne,DE,49.995,6.408
07235022,Fell,Trier-Saarburg,Rhénanie-Palatinat,RLP,Allemagne,DE,49.772,6.778
07132030,Fensdorf,Altenkirchen (Ww),Rhénanie-Palatinat,RLP,Allemagne,DE,50.741,7.785
07232037,Ferschweiler,Eifelkreis Bitburg-Prüm,Rhénanie-Palatinat,RLP,Allemagne,DE,49.866,6.404
07232222,Feuerscheid,Eifelkreis Bitburg-Prüm,Rhénanie-Palatinat,RLP,Allemagne,DE,50.099,6.45
07233023,Feusdorf,Vulkaneifel,Rhénanie-Palatinat,RLP,Allemagne,DE,50.344,6.615
07132031,Fiersbach,Altenkirchen (Ww),Rhénanie-Palatinat,RLP,Allemagne,DE,50.699,7.491
07141042,Filsen,Rhein-Lahn-Kreis,Rhénanie-Palatinat,RLP,Allemagne,DE,50.242,7.588
07135030,Filz,Cochem-Zell,Rhénanie-Palatinat,RLP,Allemagne,DE,50.172,6.982
07333021,Finkenbach-Gersweiler,Donnersbergkreis,Rhénanie-Palatinat,RLP,Allemagne,DE,49.687,7.743
07235025,Fisch,Trier-Saarburg,Rhénanie-Palatinat,RLP,Allemagne,DE,49.616,6.495
07134025,Fischbach (Birkenfeld),Birkenfeld,Rhénanie-Palatinat,RLP,Allemagne,DE,49.747,7.397
07335007,Fischbach (Kaiserslautern),Kaiserslautern,Rhénanie-Palatinat,RLP,Allemagne,DE,49.462,7.91
07340011,Fischbach bei Dahn,Südwestpfalz,Rhénanie-Palatinat,RLP,Allemagne,DE,49.095,7.698
07232038,Fischbach-Oberraden,Eifelkreis Bitburg-Prüm,Rhénanie-Palatinat,RLP,Allemagne,DE,50.011,6.336
07141043,Flacht,Rhein-Lahn-Kreis,Rhénanie-Palatinat,RLP,Allemagne,DE,50.342,8.037
07132032,Flammersfeld,Altenkirchen (Ww),Rhénanie-Palatinat,RLP,Allemagne,DE,50.65,7.524
07337025,Flemlingen,Südliche Weinstraße,Rhénanie-Palatinat,RLP,Allemagne,DE,49.246,8.098
07232223,Fleringen,Eifelkreis Bitburg-Prüm,Rhénanie-Palatinat,RLP,Allemagne,DE,50.205,6.497
07232039,Fließem,Eifelkreis Bitburg-Prüm,Rhénanie-Palatinat,RLP,Allemagne,DE,50.024,6.546
07331024,Flomborn,Alzey-Worms,Rhénanie-Palatinat,RLP,Allemagne,DE,49.694,8.132
07331025,Flonheim,Alzey-Worms,Rhénanie-Palatinat,RLP,Allemagne,DE,49.789,8.03
07231033,Flußbach,Bernkastel-Wittlich,Rhénanie-Palatinat,RLP,Allemagne,DE,50.019,6.929
07132033,Fluterschen,Altenkirchen (Ww),Rhénanie-Palatinat,RLP,Allemagne,DE,50.665,7.632
07331023,Flörsheim-Dalsheim,Alzey-Worms,Rhénanie-Palatinat,RLP,Allemagne,DE,49.66,8.206
07134026,Fohren-Linden,Birkenfeld,Rhénanie-Palatinat,RLP,Allemagne,DE,49.592,7.289
07132034,Forst,Altenkirchen (Ww),Rhénanie-Palatinat,RLP,Allemagne,DE,50.813,7.686
07135031,Forst (Eifel),Cochem-Zell,Rhénanie-Palatinat,RLP,Allemagne,DE,50.223,7.252
07135032,Forst (Hunsrück),Cochem-Zell,Rhénanie-Palatinat,RLP,Allemagne,DE,50.085,7.322
07332017,Forst an der Weinstraße,Bad Dürkheim,Rhénanie-Palatinat,RLP,Allemagne,DE,49.426,8.186
07132035,Forstmehren,Altenkirchen (Ww),Rhénanie-Palatinat,RLP,Allemagne,DE,50.701,7.533
07331026,Framersheim,Alzey-Worms,Rhénanie-Palatinat,RLP,Allemagne,DE,49.756,8.186
07335009,Frankelbach,Kaiserslautern,Rhénanie-Palatinat,RLP,Allemagne,DE,49.531,7.632
07332018,Frankeneck,Bad Dürkheim,Rhénanie-Palatinat,RLP,Allemagne,DE,49.379,8.03
07335010,Frankenstein,Kaiserslautern,Rhénanie-Palatinat,RLP,Allemagne,DE,49.439,7.95
07311000,Frankenthal (Pfalz),Frankenthal (Pfalz),Rhénanie-Palatinat,RLP,Allemagne,DE,49.528,8.351
07337026,Frankweiler,Südliche Weinstraße,Rhénanie-Palatinat,RLP,Allemagne,DE,49.229,8.052
07235027,Franzenheim,Trier-Saarburg,Rhénanie-Palatinat,RLP,Allemagne,DE,49.699,6.67
07134027,Frauenberg,Birkenfeld,Rhénanie-Palatinat,RLP,Allemagne,DE,49.668,7.291
07334005,Freckenfeld,Germersheim,Rhénanie-Palatinat,RLP,Allemagne,DE,49.075,8.105
07133031,Frei-Laubersheim,Bad Kreuznach,Rhénanie-Palatinat,RLP,Allemagne,DE,49.8,7.899
07143018,Freilingen,Westerwaldkreis,Rhénanie-Palatinat,RLP,Allemagne,DE,50.565,7.834
07331027,Freimersheim,Alzey-Worms,Rhénanie-Palatinat,RLP,Allemagne,DE,49.708,8.078
07337027,Freimersheim (Pfalz),Südliche Weinstraße,Rhénanie-Palatinat,RLP,Allemagne,DE,49.268,8.229
07332019,Freinsheim,Bad Dürkheim,Rhénanie-Palatinat,RLP,Allemagne,DE,49.509,8.213
07143019,Freirachdorf,Westerwaldkreis,Rhénanie-Palatinat,RLP,Allemagne,DE,50.581,7.715
07334006,Freisbach,Germersheim,Rhénanie-Palatinat,RLP,Allemagne,DE,49.273,8.272
07331028,Frettenheim,Alzey-Worms,Rhénanie-Palatinat,RLP,Allemagne,DE,49.762,8.244
07235028,Freudenburg,Trier-Saarburg,Rhénanie-Palatinat,RLP,Allemagne,DE,49.548,6.533
07332020,Friedelsheim,Bad Dürkheim,Rhénanie-Palatinat,RLP,Allemagne,DE,49.45,8.22
07132036,Friedewald,Altenkirchen (Ww),Rhénanie-Palatinat,RLP,Allemagne,DE,50.71,7.966
07132037,Friesenhagen,Altenkirchen (Ww),Rhénanie-Palatinat,RLP,Allemagne,DE,50.893,7.792
07339018,Friesenheim,Mainz-Bingen,Rhénanie-Palatinat,RLP,Allemagne,DE,49.833,8.257
07336027,Frohnhofen,Kusel,Rhénanie-Palatinat,RLP,Allemagne,DE,49.455,7.299
07140039,Fronhofen,Rhein-Hunsrück-Kreis,Rhénanie-Palatinat,RLP,Allemagne,DE,49.991,7.464
07141044,Frücht,Rhein-Lahn-Kreis,Rhénanie-Palatinat,RLP,Allemagne,DE,50.315,7.686
07131022,Fuchshofen,Ahrweiler,Rhénanie-Palatinat,RLP,Allemagne,DE,50.422,6.856
07338008,Fußgönheim,Rhein-Pfalz-Kreis,Rhénanie-Palatinat,RLP,Allemagne,DE,49.461,8.293
07336025,Föckelberg,Kusel,Rhénanie-Palatinat,RLP,Allemagne,DE,49.527,7.491
07235026,Föhren,Trier-Saarburg,Rhénanie-Palatinat,RLP,Allemagne,DE,49.863,6.769
07133032,Fürfeld,Bad Kreuznach,Rhénanie-Palatinat,RLP,Allemagne,DE,49.774,7.89
07132038,Fürthen,Altenkirchen (Ww),Rhénanie-Palatinat,RLP,Allemagne,DE,50.779,7.67
07331029,Gabsheim,Alzey-Worms,Rhénanie-Palatinat,RLP,Allemagne,DE,49.825,8.169
07143020,Gackenbach,Westerwaldkreis,Rhénanie-Palatinat,RLP,Allemagne,DE,50.363,7.862
07131204,Galenberg,Ahrweiler,Rhénanie-Palatinat,RLP,Allemagne,DE,50.437,7.191
07135033,Gamlen,Cochem-Zell,Rhénanie-Palatinat,RLP,Allemagne,DE,50.247,7.198
07137027,Gappenach,Mayen-Koblenz,Rhénanie-Palatinat,RLP,Allemagne,DE,50.279,7.345
07339019,Gau-Algesheim,Mainz-Bingen,Rhénanie-Palatinat,RLP,Allemagne,DE,49.95,8.009
07331030,Gau-Bickelheim,Alzey-Worms,Rhénanie-Palatinat,RLP,Allemagne,DE,49.836,8.019
07339020,Gau-Bischofsheim,Mainz-Bingen,Rhénanie-Palatinat,RLP,Allemagne,DE,49.913,8.282
07331031,Gau-Heppenheim,Alzey-Worms,Rhénanie-Palatinat,RLP,Allemagne,DE,49.739,8.175
07331032,Gau-Odernheim,Alzey-Worms,Rhénanie-Palatinat,RLP,Allemagne,DE,49.778,8.208
07331033,Gau-Weinheim,Alzey-Worms,Rhénanie-Palatinat,RLP,Allemagne,DE,49.851,8.044
07333022,Gauersheim,Donnersbergkreis,Rhénanie-Palatinat,RLP,Allemagne,DE,49.658,8.071
07333023,Gaugrehweiler,Donnersbergkreis,Rhénanie-Palatinat,RLP,Allemagne,DE,49.702,7.878
07132039,Gebhardshain,Altenkirchen (Ww),Rhénanie-Palatinat,RLP,Allemagne,DE,50.742,7.806
07133033,Gebroth,Bad Kreuznach,Rhénanie-Palatinat,RLP,Allemagne,DE,49.878,7.659
07233025,Gefell,Vulkaneifel,Rhénanie-Palatinat,RLP,Allemagne,DE,50.236,6.906
07143223,Gehlert,Westerwaldkreis,Rhénanie-Palatinat,RLP,Allemagne,DE,50.633,7.829
07140040,Gehlweiler,Rhein-Hunsrück-Kreis,Rhénanie-Palatinat,RLP,Allemagne,DE,49.879,7.474
07333024,Gehrweiler,Donnersbergkreis,Rhénanie-Palatinat,RLP,Allemagne,DE,49.572,7.781
07232040,Geichlingen,Eifelkreis Bitburg-Prüm,Rhénanie-Palatinat,RLP,Allemagne,DE,49.953,6.264
07141045,Geilnau,Rhein-Lahn-Kreis,Rhénanie-Palatinat,RLP,Allemagne,DE,50.352,7.919
07340012,Geiselberg,Südwestpfalz,Rhénanie-Palatinat,RLP,Allemagne,DE,49.328,7.688
07235030,Geisfeld,Trier-Saarburg,Rhénanie-Palatinat,RLP,Allemagne,DE,49.701,6.953
07141046,Geisig,Rhein-Lahn-Kreis,Rhénanie-Palatinat,RLP,Allemagne,DE,50.256,7.791
07233212,Gelenberg,Vulkaneifel,Rhénanie-Palatinat,RLP,Allemagne,DE,50.293,6.869
07141047,Gemmerich,Rhein-Lahn-Kreis,Rhénanie-Palatinat,RLP,Allemagne,DE,50.224,7.748
07232041,Gemünd,Eifelkreis Bitburg-Prüm,Rhénanie-Palatinat,RLP,Allemagne,DE,49.993,6.168
07140041,Gemünden (Rhein-Hunsrück-Kreis),Rhein-Hunsrück-Kreis,Rhénanie-Palatinat,RLP,Allemagne,DE,49.898,7.477
07143224,Gemünden (Westerwaldkreis),Westerwaldkreis,Rhénanie-Palatinat,RLP,Allemagne,DE,50.556,8.017
07339021,Gensingen,Mainz-Bingen,Rhénanie-Palatinat,RLP,Allemagne,DE,49.895,7.936
07232042,Gentingen,Eifelkreis Bitburg-Prüm,Rhénanie-Palatinat,RLP,Allemagne,DE,49.908,6.246
07134028,Gerach,Birkenfeld,Rhénanie-Palatinat,RLP,Allemagne,DE,49.751,7.342
07333025,Gerbach,Donnersbergkreis,Rhénanie-Palatinat,RLP,Allemagne,DE,49.675,7.881
07335011,Gerhardsbrunn,Kaiserslautern,Rhénanie-Palatinat,RLP,Allemagne,DE,49.356,7.527
07137029,Gering,Mayen-Koblenz,Rhénanie-Palatinat,RLP,Allemagne,DE,50.272,7.252
07334007,Germersheim,Germersheim,Rhénanie-Palatinat,RLP,Allemagne,DE,49.21,8.374
07332021,Gerolsheim,Bad Dürkheim,Rhénanie-Palatinat,RLP,Allemagne,DE,49.548,8.266
07233026,Gerolstein,Vulkaneifel,Rhénanie-Palatinat,RLP,Allemagne,DE,50.227,6.634
07135034,Gevenich,Cochem-Zell,Rhénanie-Palatinat,RLP,Allemagne,DE,50.154,7.084
07132040,Gieleroth,Altenkirchen (Ww),Rhénanie-Palatinat,RLP,Allemagne,DE,50.665,7.673
07231035,Gielert,Bernkastel-Wittlich,Rhénanie-Palatinat,RLP,Allemagne,DE,49.78,6.998
07137030,Gierschnach,Mayen-Koblenz,Rhénanie-Palatinat,RLP,Allemagne,DE,50.264,7.343
07132041,Giershausen,Altenkirchen (Ww),Rhénanie-Palatinat,RLP,Allemagne,DE,50.681,7.546
07232224,Giesdorf,Eifelkreis Bitburg-Prüm,Rhénanie-Palatinat,RLP,Allemagne,DE,50.178,6.451
07143225,Giesenhausen,Westerwaldkreis,Rhénanie-Palatinat,RLP,Allemagne,DE,50.703,7.715
07135035,Gillenbeuren,Cochem-Zell,Rhénanie-Palatinat,RLP,Allemagne,DE,50.152,7.013
07233027,Gillenfeld,Vulkaneifel,Rhénanie-Palatinat,RLP,Allemagne,DE,50.123,6.902
07232225,Gilzem,Eifelkreis Bitburg-Prüm,Rhénanie-Palatinat,RLP,Allemagne,DE,49.869,6.528
07331034,Gimbsheim,Alzey-Worms,Rhénanie-Palatinat,RLP,Allemagne,DE,49.78,8.382
07134029,Gimbweiler,Birkenfeld,Rhénanie-Palatinat,RLP,Allemagne,DE,49.588,7.192
07232043,Gindorf,Eifelkreis Bitburg-Prüm,Rhénanie-Palatinat,RLP,Allemagne,DE,50.014,6.645
07336029,Ginsweiler,Kusel,Rhénanie-Palatinat,RLP,Allemagne,DE,49.648,7.644
07231036,Gipperath,Bernkastel-Wittlich,Rhénanie-Palatinat,RLP,Allemagne,DE,50.044,6.86
07143226,Girkenroth,Westerwaldkreis,Rhénanie-Palatinat,RLP,Allemagne,DE,50.52,7.979
07143021,Girod,Westerwaldkreis,Rhénanie-Palatinat,RLP,Allemagne,DE,50.447,7.908
07231037,Gladbach,Bernkastel-Wittlich,Rhénanie-Palatinat,RLP,Allemagne,DE,49.936,6.781
07336031,Glan-Münchweiler,Kusel,Rhénanie-Palatinat,RLP,Allemagne,DE,49.466,7.439
07336030,Glanbrücken,Kusel,Rhénanie-Palatinat,RLP,Allemagne,DE,49.615,7.526
07131205,Glees,Ahrweiler,Rhénanie-Palatinat,RLP,Allemagne,DE,50.409,7.257
07337028,Gleisweiler,Südliche Weinstraße,Rhénanie-Palatinat,RLP,Allemagne,DE,49.242,8.058
07337029,Gleiszellen-Gleishorbach,Südliche Weinstraße,Rhénanie-Palatinat,RLP,Allemagne,DE,49.129,8.005
07143022,Goddert,Westerwaldkreis,Rhénanie-Palatinat,RLP,Allemagne,DE,50.545,7.743
07134031,Gollenberg,Birkenfeld,Rhénanie-Palatinat,RLP,Allemagne,DE,49.671,7.161
07337032,Gommersheim,Südliche Weinstraße,Rhénanie-Palatinat,RLP,Allemagne,DE,49.294,8.289
07333027,Gonbach,Donnersbergkreis,Rhénanie-Palatinat,RLP,Allemagne,DE,49.544,7.904
07232227,Gondenbrett,Eifelkreis Bitburg-Prüm,Rhénanie-Palatinat,RLP,Allemagne,DE,50.245,6.403
07140043,Gondershausen,Rhein-Hunsrück-Kreis,Rhénanie-Palatinat,RLP,Allemagne,DE,50.152,7.494
07232044,Gondorf,Eifelkreis Bitburg-Prüm,Rhénanie-Palatinat,RLP,Allemagne,DE,49.965,6.613
07231040,Gornhausen,Bernkastel-Wittlich,Rhénanie-Palatinat,RLP,Allemagne,DE,49.851,7.044
07337033,Gossersweiler-Stein,Südliche Weinstraße,Rhénanie-Palatinat,RLP,Allemagne,DE,49.155,7.922
07231041,Graach an der Mosel,Bernkastel-Wittlich,Rhénanie-Palatinat,RLP,Allemagne,DE,49.939,7.074
07131090,Grafschaft,Ahrweiler,Rhénanie-Palatinat,RLP,Allemagne,DE,50.57,7.059
07232228,Gransdorf,Eifelkreis Bitburg-Prüm,Rhénanie-Palatinat,RLP,Allemagne,DE,50.017,6.685
07231044,Greimerath (Bernkastel-Wittlich),Bernkastel-Wittlich,Rhénanie-Palatinat,RLP,Allemagne,DE,50.037,6.907
07235033,Greimerath (Trier-Saarburg),Trier-Saarburg,Rhénanie-Palatinat,RLP,Allemagne,DE,49.558,6.692
07135036,Greimersburg,Cochem-Zell,Rhénanie-Palatinat,RLP,Allemagne,DE,50.186,7.129
07135037,Grenderich,Cochem-Zell,Rhénanie-Palatinat,RLP,Allemagne,DE,50.069,7.224
07134032,Griebelschied,Birkenfeld,Rhénanie-Palatinat,RLP,Allemagne,DE,49.799,7.398
07336032,Gries,Kusel,Rhénanie-Palatinat,RLP,Allemagne,DE,49.424,7.402
07235035,Grimburg,Trier-Saarburg,Rhénanie-Palatinat,RLP,Allemagne,DE,49.623,6.883
07339022,Grolsheim,Mainz-Bingen,Rhénanie-Palatinat,RLP,Allemagne,DE,49.913,7.918
07340209,Großbundenbach,Südwestpfalz,Rhénanie-Palatinat,RLP,Allemagne,DE,49.3,7.424
07337035,Großfischlingen,Südliche Weinstraße,Rhénanie-Palatinat,RLP,Allemagne,DE,49.268,8.171
07143024,Großholbach,Westerwaldkreis,Rhénanie-Palatinat,RLP,Allemagne,DE,50.445,7.885
07232229,Großkampenberg,Eifelkreis Bitburg-Prüm,Rhénanie-Palatinat,RLP,Allemagne,DE,50.163,6.205
07332023,Großkarlbach,Bad Dürkheim,Rhénanie-Palatinat,RLP,Allemagne,DE,49.537,8.222
07232230,Großlangenfeld,Eifelkreis Bitburg-Prüm,Rhénanie-Palatinat,RLP,Allemagne,DE,50.214,6.262
07231046,Großlittgen,Bernkastel-Wittlich,Rhénanie-Palatinat,RLP,Allemagne,DE,50.026,6.784
07138023,Großmaischeid,Neuwied,Rhénanie-Palatinat,RLP,Allemagne,DE,50.5,7.634
07338009,Großniedesheim,Rhein-Pfalz-Kreis,Rhénanie-Palatinat,RLP,Allemagne,DE,49.575,8.31
07143227,Großseifen,Westerwaldkreis,Rhénanie-Palatinat,RLP,Allemagne,DE,50.634,7.969
07340210,Großsteinhausen,Südwestpfalz,Rhénanie-Palatinat,RLP,Allemagne,DE,49.192,7.452
07336033,Grumbach,Kusel,Rhénanie-Palatinat,RLP,Allemagne,DE,49.656,7.556
07231042,Gräfendhron,Bernkastel-Wittlich,Rhénanie-Palatinat,RLP,Allemagne,DE,49.796,6.986
07132042,Grünebach,Altenkirchen (Ww),Rhénanie-Palatinat,RLP,Allemagne,DE,50.778,7.907
07332024,Grünstadt,Bad Dürkheim,Rhénanie-Palatinat,RLP,Allemagne,DE,49.567,8.161
07143228,Guckheim,Westerwaldkreis,Rhénanie-Palatinat,RLP,Allemagne,DE,50.529,7.943
07133035,Guldental,Bad Kreuznach,Rhénanie-Palatinat,RLP,Allemagne,DE,49.89,7.844
07331035,Gumbsheim,Alzey-Worms,Rhénanie-Palatinat,RLP,Allemagne,DE,49.813,7.998
07233213,Gunderath,Vulkaneifel,Rhénanie-Palatinat,RLP,Allemagne,DE,50.252,6.975
07331036,Gundersheim,Alzey-Worms,Rhénanie-Palatinat,RLP,Allemagne,DE,49.692,8.196
07333028,Gundersweiler,Donnersbergkreis,Rhénanie-Palatinat,RLP,Allemagne,DE,49.589,7.762
07331037,Gundheim,Alzey-Worms,Rhénanie-Palatinat,RLP,Allemagne,DE,49.676,8.243
07339024,Guntersblum,Mainz-Bingen,Rhénanie-Palatinat,RLP,Allemagne,DE,49.797,8.348
07235036,Gusenburg,Trier-Saarburg,Rhénanie-Palatinat,RLP,Allemagne,DE,49.635,6.904
07235037,Gusterath,Trier-Saarburg,Rhénanie-Palatinat,RLP,Allemagne,DE,49.706,6.712
07141050,Gutenacker,Rhein-Lahn-Kreis,Rhénanie-Palatinat,RLP,Allemagne,DE,50.322,7.918
07133036,Gutenberg,Bad Kreuznach,Rhénanie-Palatinat,RLP,Allemagne,DE,49.88,7.806
07235038,Gutweiler,Trier-Saarburg,Rhénanie-Palatinat,RLP,Allemagne,DE,49.714,6.729
07337031,Göcklingen,Südliche Weinstraße,Rhénanie-Palatinat,RLP,Allemagne,DE,49.161,8.037
07140042,Gödenroth,Rhein-Hunsrück-Kreis,Rhénanie-Palatinat,RLP,Allemagne,DE,50.087,7.495
07333026,Göllheim,Donnersbergkreis,Rhénanie-Palatinat,RLP,Allemagne,DE,49.587,8.031
07131025,Gönnersdorf (Ahrweiler),Ahrweiler,Rhénanie-Palatinat,RLP,Allemagne,DE,50.479,7.262
07233028,Gönnersdorf (Vulkaneifel),Vulkaneifel,Rhénanie-Palatinat,RLP,Allemagne,DE,50.326,6.588
07332022,Gönnheim,Bad Dürkheim,Rhénanie-Palatinat,RLP,Allemagne,DE,49.449,8.244
07143023,Görgeshausen,Westerwaldkreis,Rhénanie-Palatinat,RLP,Allemagne,DE,50.407,7.954
07134030,Gösenroth,Birkenfeld,Rhénanie-Palatinat,RLP,Allemagne,DE,49.887,7.329
07141049,Gückingen,Rhein-Lahn-Kreis,Rhénanie-Palatinat,RLP,Allemagne,DE,50.394,8.009
07132043,Güllesheim,Altenkirchen (Ww),Rhénanie-Palatinat,RLP,Allemagne,DE,50.601,7.531
07232231,Habscheid,Eifelkreis Bitburg-Prüm,Rhénanie-Palatinat,RLP,Allemagne,DE,50.178,6.27
07143229,Hachenburg,Westerwaldkreis,Rhénanie-Palatinat,RLP,Allemagne,DE,50.659,7.815
07133037,Hackenheim,Bad Kreuznach,Rhénanie-Palatinat,RLP,Allemagne,DE,49.827,7.902
07334008,Hagenbach,Germersheim,Rhénanie-Palatinat,RLP,Allemagne,DE,49.014,8.253
07140044,Hahn,Rhein-Hunsrück-Kreis,Rhénanie-Palatinat,RLP,Allemagne,DE,49.961,7.266
07143232,Hahn am See,Westerwaldkreis,Rhénanie-Palatinat,RLP,Allemagne,DE,50.528,7.891
07143231,Hahn bei Marienberg,Westerwaldkreis,Rhénanie-Palatinat,RLP,Allemagne,DE,50.629,7.933
07133038,Hahnenbach,Bad Kreuznach,Rhénanie-Palatinat,RLP,Allemagne,DE,49.808,7.416
07339025,Hahnheim,Mainz-Bingen,Rhénanie-Palatinat,RLP,Allemagne,DE,49.863,8.225
07141051,Hahnstätten,Rhein-Lahn-Kreis,Rhénanie-Palatinat,RLP,Allemagne,DE,50.3,8.056
07134033,Hahnweiler,Birkenfeld,Rhénanie-Palatinat,RLP,Allemagne,DE,49.572,7.223
07141110,Hainau,Rhein-Lahn-Kreis,Rhénanie-Palatinat,RLP,Allemagne,DE,50.224,7.787
07337036,Hainfeld,Südliche Weinstraße,Rhénanie-Palatinat,RLP,Allemagne,DE,49.302,7.957
07143233,Halbs,Westerwaldkreis,Rhénanie-Palatinat,RLP,Allemagne,DE,50.59,7.962
07133039,Hallgarten,Bad Kreuznach,Rhénanie-Palatinat,RLP,Allemagne,DE,49.761,7.782
07233214,Hallschlag,Vulkaneifel,Rhénanie-Palatinat,RLP,Allemagne,DE,50.35,6.441
07232045,Halsdorf,Eifelkreis Bitburg-Prüm,Rhénanie-Palatinat,RLP,Allemagne,DE,49.935,6.372
07140045,Halsenbach,Rhein-Hunsrück-Kreis,Rhénanie-Palatinat,RLP,Allemagne,DE,50.17,7.565
07141052,Hambach,Rhein-Lahn-Kreis,Rhénanie-Palatinat,RLP,Allemagne,DE,50.4,7.975
07135038,Hambuch,Cochem-Zell,Rhénanie-Palatinat,RLP,Allemagne,DE,50.224,7.176
07232046,Hamm,Eifelkreis Bitburg-Prüm,Rhénanie-Palatinat,RLP,Allemagne,DE,50.014,6.425
07132044,Hamm (Sieg),Altenkirchen (Ww),Rhénanie-Palatinat,RLP,Allemagne,DE,50.765,7.675
07331038,Hamm am Rhein,Alzey-Worms,Rhénanie-Palatinat,RLP,Allemagne,DE,49.741,8.444
07138024,Hammerstein,Neuwied,Rhénanie-Palatinat,RLP,Allemagne,DE,50.485,7.364
07331039,Hangen-Weisheim,Alzey-Worms,Rhénanie-Palatinat,RLP,Allemagne,DE,49.715,8.187
07338010,Hanhofen,Rhein-Pfalz-Kreis,Rhénanie-Palatinat,RLP,Allemagne,DE,49.32,8.344
07138025,Hanroth,Neuwied,Rhénanie-Palatinat,RLP,Allemagne,DE,50.588,7.641
07132045,Harbach,Altenkirchen (Ww),Rhénanie-Palatinat,RLP,Allemagne,DE,50.869,7.839
07138026,Hardert,Neuwied,Rhénanie-Palatinat,RLP,Allemagne,DE,50.516,7.523
07143234,Hardt,Westerwaldkreis,Rhénanie-Palatinat,RLP,Allemagne,DE,50.634,7.92
07232233,Hargarten,Eifelkreis Bitburg-Prüm,Rhénanie-Palatinat,RLP,Allemagne,DE,50.099,6.408
07133040,Hargesheim,Bad Kreuznach,Rhénanie-Palatinat,RLP,Allemagne,DE,49.866,7.829
07138027,Harschbach,Neuwied,Rhénanie-Palatinat,RLP,Allemagne,DE,50.575,7.597
07131026,Harscheid,Ahrweiler,Rhénanie-Palatinat,RLP,Allemagne,DE,50.461,6.892
07232234,Harspelt,Eifelkreis Bitburg-Prüm,Rhénanie-Palatinat,RLP,Allemagne,DE,50.137,6.177
07143025,Hartenfels,Westerwaldkreis,Rhénanie-Palatinat,RLP,Allemagne,DE,50.571,7.792
07338011,Harthausen,Rhein-Pfalz-Kreis,Rhénanie-Palatinat,RLP,Allemagne,DE,49.298,8.353
07339026,Harxheim,Mainz-Bingen,Rhénanie-Palatinat,RLP,Allemagne,DE,49.906,8.266
07231049,Hasborn,Bernkastel-Wittlich,Rhénanie-Palatinat,RLP,Allemagne,DE,50.055,6.915
07336034,Haschbach am Remigiusberg,Kusel,Rhénanie-Palatinat,RLP,Allemagne,DE,49.527,7.429
07135039,Haserich,Cochem-Zell,Rhénanie-Palatinat,RLP,Allemagne,DE,50.036,7.327
07132046,Hasselbach (Altenkirchen (Ww)),Altenkirchen (Ww),Rhénanie-Palatinat,RLP,Allemagne,DE,50.719,7.514
07140046,Hasselbach (Rhein-Hunsrück-Kreis),Rhein-Hunsrück-Kreis,Rhénanie-Palatinat,RLP,Allemagne,DE,50.041,7.439
07332025,Haßloch,Bad Dürkheim,Rhénanie-Palatinat,RLP,Allemagne,DE,49.351,8.266
07143235,Hattert,Westerwaldkreis,Rhénanie-Palatinat,RLP,Allemagne,DE,50.663,7.773
07134034,Hattgenstein,Birkenfeld,Rhénanie-Palatinat,RLP,Allemagne,DE,49.709,7.142
07334009,Hatzenbühl,Germersheim,Rhénanie-Palatinat,RLP,Allemagne,DE,49.116,8.241
07137208,Hatzenport,Mayen-Koblenz,Rhénanie-Palatinat,RLP,Allemagne,DE,50.231,7.412
07340014,Hauenstein,Südwestpfalz,Rhénanie-Palatinat,RLP,Allemagne,DE,49.184,7.842
07335012,Hauptstuhl,Kaiserslautern,Rhénanie-Palatinat,RLP,Allemagne,DE,49.397,7.496
07135040,Hauroth,Cochem-Zell,Rhénanie-Palatinat,RLP,Allemagne,DE,50.256,7.101
07140047,Hausbay,Rhein-Hunsrück-Kreis,Rhénanie-Palatinat,RLP,Allemagne,DE,50.107,7.554
07134035,Hausen,Birkenfeld,Rhénanie-Palatinat,RLP,Allemagne,DE,49.872,7.378
07138007,Hausen (Wied),Neuwied,Rhénanie-Palatinat,RLP,Allemagne,DE,50.541,7.393
07137034,Hausten,Mayen-Koblenz,Rhénanie-Palatinat,RLP,Allemagne,DE,50.396,7.116
07336035,Hausweiler,Kusel,Rhénanie-Palatinat,RLP,Allemagne,DE,49.646,7.56
07140048,Hecken,Rhein-Hunsrück-Kreis,Rhénanie-Palatinat,RLP,Allemagne,DE,49.915,7.402
07131027,Heckenbach,Ahrweiler,Rhénanie-Palatinat,RLP,Allemagne,DE,50.45,7.068
07231050,Heckenmünster,Bernkastel-Wittlich,Rhénanie-Palatinat,RLP,Allemagne,DE,49.906,6.792
07232236,Heckhuscheid,Eifelkreis Bitburg-Prüm,Rhénanie-Palatinat,RLP,Allemagne,DE,50.182,6.222
07235040,Heddert,Trier-Saarburg,Rhénanie-Palatinat,RLP,Allemagne,DE,49.646,6.761
07336036,Hefersweiler,Kusel,Rhénanie-Palatinat,RLP,Allemagne,DE,49.606,7.687
07231204,Heidenburg,Bernkastel-Wittlich,Rhénanie-Palatinat,RLP,Allemagne,DE,49.793,6.932
07231051,Heidweiler,Bernkastel-Wittlich,Rhénanie-Palatinat,RLP,Allemagne,DE,49.903,6.737
07232047,Heilbach,Eifelkreis Bitburg-Prüm,Rhénanie-Palatinat,RLP,Allemagne,DE,50.062,6.297
07143026,Heilberscheid,Westerwaldkreis,Rhénanie-Palatinat,RLP,Allemagne,DE,50.412,7.889
07232048,Heilenbach,Eifelkreis Bitburg-Prüm,Rhénanie-Palatinat,RLP,Allemagne,DE,50.07,6.458
07335013,Heiligenmoschel,Kaiserslautern,Rhénanie-Palatinat,RLP,Allemagne,DE,49.556,7.757
07143027,Heiligenroth,Westerwaldkreis,Rhénanie-Palatinat,RLP,Allemagne,DE,50.447,7.86
07134036,Heimbach,Birkenfeld,Rhénanie-Palatinat,RLP,Allemagne,DE,49.616,7.246
07143236,Heimborn,Westerwaldkreis,Rhénanie-Palatinat,RLP,Allemagne,DE,50.712,7.768
07133041,Heimweiler,Bad Kreuznach,Rhénanie-Palatinat,RLP,Allemagne,DE,49.756,7.477
07140049,Heinzenbach,Rhein-Hunsrück-Kreis,Rhénanie-Palatinat,RLP,Allemagne,DE,49.974,7.414
07133042,Heinzenberg,Bad Kreuznach,Rhénanie-Palatinat,RLP,Allemagne,DE,49.824,7.476
07336038,Heinzenhausen,Kusel,Rhénanie-Palatinat,RLP,Allemagne,DE,49.624,7.612
07232238,Heisdorf,Eifelkreis Bitburg-Prüm,Rhénanie-Palatinat,RLP,Allemagne,DE,50.13,6.426
07141053,Heistenbach,Rhein-Lahn-Kreis,Rhénanie-Palatinat,RLP,Allemagne,DE,50.382,7.975
07143028,Helferskirchen,Westerwaldkreis,Rhénanie-Palatinat,RLP,Allemagne,DE,50.514,7.811
07143237,Hellenhahn-Schellenberg,Westerwaldkreis,Rhénanie-Palatinat,RLP,Allemagne,DE,50.609,8.026
07134037,Hellertshausen,Birkenfeld,Rhénanie-Palatinat,RLP,Allemagne,DE,49.823,7.236
07132047,Helmenzen,Altenkirchen (Ww),Rhénanie-Palatinat,RLP,Allemagne,DE,50.697,7.613
07132048,Helmeroth,Altenkirchen (Ww),Rhénanie-Palatinat,RLP,Allemagne,DE,50.739,7.732
07340015,Heltersberg,Südwestpfalz,Rhénanie-Palatinat,RLP,Allemagne,DE,49.301,7.732
07132049,Hemmelzen,Altenkirchen (Ww),Rhénanie-Palatinat,RLP,Allemagne,DE,50.691,7.58
07140050,Henau,Rhein-Hunsrück-Kreis,Rhénanie-Palatinat,RLP,Allemagne,DE,49.872,7.499
07133043,Hennweiler,Bad Kreuznach,Rhénanie-Palatinat,RLP,Allemagne,DE,49.829,7.439
07336037,Henschtal,Kusel,Rhénanie-Palatinat,RLP,Allemagne,DE,49.468,7.396
07235043,Hentern,Trier-Saarburg,Rhénanie-Palatinat,RLP,Allemagne,DE,49.62,6.699
07134038,Herborn,Birkenfeld,Rhénanie-Palatinat,RLP,Allemagne,DE,49.77,7.287
07232049,Herbstmühle,Eifelkreis Bitburg-Prüm,Rhénanie-Palatinat,RLP,Allemagne,DE,50.007,6.226
07336039,Herchweiler,Kusel,Rhénanie-Palatinat,RLP,Allemagne,DE,49.512,7.296
07132050,Herdorf,Altenkirchen (Ww),Rhénanie-Palatinat,RLP,Allemagne,DE,50.777,7.95
07232050,Herforst,Eifelkreis Bitburg-Prüm,Rhénanie-Palatinat,RLP,Allemagne,DE,49.945,6.69
07133044,Hergenfeld,Bad Kreuznach,Rhénanie-Palatinat,RLP,Allemagne,DE,49.909,7.761
07143238,Hergenroth,Westerwaldkreis,Rhénanie-Palatinat,RLP,Allemagne,DE,50.58,7.969
07337037,Hergersweiler,Südliche Weinstraße,Rhénanie-Palatinat,RLP,Allemagne,DE,49.093,8.093
07235044,Herl,Trier-Saarburg,Rhénanie-Palatinat,RLP,Allemagne,DE,49.737,6.822
07340016,Hermersberg,Südwestpfalz,Rhénanie-Palatinat,RLP,Allemagne,DE,49.317,7.634
07235045,Hermeskeil,Trier-Saarburg,Rhénanie-Palatinat,RLP,Allemagne,DE,49.657,6.947
07141054,Herold,Rhein-Lahn-Kreis,Rhénanie-Palatinat,RLP,Allemagne,DE,50.282,7.942
07336040,Herren-Sulzbach,Kusel,Rhénanie-Palatinat,RLP,Allemagne,DE,49.651,7.532
07137035,Herresbach,Mayen-Koblenz,Rhénanie-Palatinat,RLP,Allemagne,DE,50.362,7.013
07134039,Herrstein,Birkenfeld,Rhénanie-Palatinat,RLP,Allemagne,DE,49.781,7.341
07143029,Herschbach,Westerwaldkreis,Rhénanie-Palatinat,RLP,Allemagne,DE,50.582,7.75
07143239,Herschbach (Oberwesterwald),Westerwaldkreis,Rhénanie-Palatinat,RLP,Allemagne,DE,50.509,7.928
07340017,Herschberg,Südwestpfalz,Rhénanie-Palatinat,RLP,Allemagne,DE,49.297,7.552
07131028,Herschbroich,Ahrweiler,Rhénanie-Palatinat,RLP,Allemagne,DE,50.363,6.98
07336041,Herschweiler-Pettersheim,Kusel,Rhénanie-Palatinat,RLP,Allemagne,DE,49.479,7.351
07232332,Hersdorf,Eifelkreis Bitburg-Prüm,Rhénanie-Palatinat,RLP,Allemagne,DE,50.169,6.517
07332026,Herxheim am Berg,Bad Dürkheim,Rhénanie-Palatinat,RLP,Allemagne,DE,49.507,8.181
07337038,Herxheim bei Landau/Pfalz,Südliche Weinstraße,Rhénanie-Palatinat,RLP,Allemagne,DE,49.147,8.215
07337039,Herxheimweyher,Südliche Weinstraße,Rhénanie-Palatinat,RLP,Allemagne,DE,49.153,8.252
07232240,Herzfeld,Eifelkreis Bitburg-Prüm,Rhénanie-Palatinat,RLP,Allemagne,DE,50.131,6.206
07338012,Heßheim,Rhein-Pfalz-Kreis,Rhénanie-Palatinat,RLP,Allemagne,DE,49.543,8.302
07135041,Hesweiler,Cochem-Zell,Rhénanie-Palatinat,RLP,Allemagne,DE,50.042,7.278
07340018,Hettenhausen,Südwestpfalz,Rhénanie-Palatinat,RLP,Allemagne,DE,49.341,7.558
07332027,Hettenleidelheim,Bad Dürkheim,Rhénanie-Palatinat,RLP,Allemagne,DE,49.539,8.08
07134040,Hettenrodt,Birkenfeld,Rhénanie-Palatinat,RLP,Allemagne,DE,49.742,7.241
07231053,Hetzerath,Bernkastel-Wittlich,Rhénanie-Palatinat,RLP,Allemagne,DE,49.878,6.801
07338013,Heuchelheim bei Frankenthal,Rhein-Pfalz-Kreis,Rhénanie-Palatinat,RLP,Allemagne,DE,49.563,8.292
07337040,Heuchelheim-Klingen,Südliche Weinstraße,Rhénanie-Palatinat,RLP,Allemagne,DE,49.141,8.053
07132051,Heupelzen,Altenkirchen (Ww),Rhénanie-Palatinat,RLP,Allemagne,DE,50.724,7.618
07143240,Heuzert,Westerwaldkreis,Rhénanie-Palatinat,RLP,Allemagne,DE,50.699,7.763
07132052,Hilgenroth,Altenkirchen (Ww),Rhénanie-Palatinat,RLP,Allemagne,DE,50.735,7.656
07143030,Hilgert,Westerwaldkreis,Rhénanie-Palatinat,RLP,Allemagne,DE,50.457,7.694
07339028,Hillesheim (Mainz-Bingen),Mainz-Bingen,Rhénanie-Palatinat,RLP,Allemagne,DE,49.779,8.252
07233029,Hillesheim (Vulkaneifel),Vulkaneifel,Rhénanie-Palatinat,RLP,Allemagne,DE,50.289,6.659
07143031,Hillscheid,Westerwaldkreis,Rhénanie-Palatinat,RLP,Allemagne,DE,50.412,7.705
07231054,Hilscheid,Bernkastel-Wittlich,Rhénanie-Palatinat,RLP,Allemagne,DE,49.722,7.06
07340019,Hilst,Südwestpfalz,Rhénanie-Palatinat,RLP,Allemagne,DE,49.119,7.532
07141055,Himmighofen,Rhein-Lahn-Kreis,Rhénanie-Palatinat,RLP,Allemagne,DE,50.21,7.761
07134041,Hintertiefenbach,Birkenfeld,Rhénanie-Palatinat,RLP,Allemagne,DE,49.738,7.355
07340020,Hinterweidenthal,Südwestpfalz,Rhénanie-Palatinat,RLP,Allemagne,DE,49.194,7.777
07233030,Hinterweiler,Vulkaneifel,Rhénanie-Palatinat,RLP,Allemagne,DE,50.239,6.76
07235046,Hinzenburg,Trier-Saarburg,Rhénanie-Palatinat,RLP,Allemagne,DE,49.656,6.746
07235047,Hinzert-Pölert,Trier-Saarburg,Rhénanie-Palatinat,RLP,Allemagne,DE,49.701,6.905
07336042,Hinzweiler,Kusel,Rhénanie-Palatinat,RLP,Allemagne,DE,49.588,7.563
07141057,Hirschberg,Rhein-Lahn-Kreis,Rhénanie-Palatinat,RLP,Allemagne,DE,50.384,7.93
07140053,Hirschfeld (Hunsrück),Rhein-Hunsrück-Kreis,Rhénanie-Palatinat,RLP,Allemagne,DE,49.9,7.231
07335014,Hirschhorn/Pfalz,Kaiserslautern,Rhénanie-Palatinat,RLP,Allemagne,DE,49.522,7.684
07340021,Hirschthal,Südwestpfalz,Rhénanie-Palatinat,RLP,Allemagne,DE,49.051,7.759
07137036,Hirten,Mayen-Koblenz,Rhénanie-Palatinat,RLP,Allemagne,DE,50.329,7.113
07132053,Hirz-Maulsbach,Altenkirchen (Ww),Rhénanie-Palatinat,RLP,Allemagne,DE,50.684,7.48
07331011,Hochborn,Alzey-Worms,Rhénanie-Palatinat,RLP,Allemagne,DE,49.726,8.203
07338014,Hochdorf-Assenheim,Rhein-Pfalz-Kreis,Rhénanie-Palatinat,RLP,Allemagne,DE,49.414,8.284
07231056,Hochscheid,Bernkastel-Wittlich,Rhénanie-Palatinat,RLP,Allemagne,DE,49.858,7.225
07335015,Hochspeyer,Kaiserslautern,Rhénanie-Palatinat,RLP,Allemagne,DE,49.425,7.895
07337041,Hochstadt (Pfalz),Südliche Weinstraße,Rhénanie-Palatinat,RLP,Allemagne,DE,49.238,8.216
07133046,Hochstetten-Dhaun,Bad Kreuznach,Rhénanie-Palatinat,RLP,Allemagne,DE,49.801,7.497
07133045,Hochstätten,Bad Kreuznach,Rhénanie-Palatinat,RLP,Allemagne,DE,49.763,7.826
07235048,Hockweiler,Trier-Saarburg,Rhénanie-Palatinat,RLP,Allemagne,DE,49.702,6.688
07143243,Hof,Westerwaldkreis,Rhénanie-Palatinat,RLP,Allemagne,DE,50.674,8.013
07131030,Hoffeld,Ahrweiler,Rhénanie-Palatinat,RLP,Allemagne,DE,50.37,6.818
07331041,Hohen-Sülzen,Alzey-Worms,Rhénanie-Palatinat,RLP,Allemagne,DE,49.619,8.226
07233033,Hohenfels-Essingen,Vulkaneifel,Rhénanie-Palatinat,RLP,Allemagne,DE,50.255,6.729
07131206,Hohenleimbach,Ahrweiler,Rhénanie-Palatinat,RLP,Allemagne,DE,50.413,7.068
07336043,Hohenöllen,Kusel,Rhénanie-Palatinat,RLP,Allemagne,DE,49.629,7.63
07143033,Holler,Westerwaldkreis,Rhénanie-Palatinat,RLP,Allemagne,DE,50.415,7.838
07140055,Hollnich,Rhein-Hunsrück-Kreis,Rhénanie-Palatinat,RLP,Allemagne,DE,50.072,7.486
07232053,Holsthum,Eifelkreis Bitburg-Prüm,Rhénanie-Palatinat,RLP,Allemagne,DE,49.887,6.418
07141059,Holzappel,Rhein-Lahn-Kreis,Rhénanie-Palatinat,RLP,Allemagne,DE,50.352,7.893
07140056,Holzbach,Rhein-Hunsrück-Kreis,Rhénanie-Palatinat,RLP,Allemagne,DE,49.953,7.529
07235050,Holzerath,Trier-Saarburg,Rhénanie-Palatinat,RLP,Allemagne,DE,49.675,6.779
07141060,Holzhausen an der Haide,Rhein-Lahn-Kreis,Rhénanie-Palatinat,RLP,Allemagne,DE,50.218,7.913
07141061,Holzheim,Rhein-Lahn-Kreis,Rhénanie-Palatinat,RLP,Allemagne,DE,50.355,8.052
07336044,Homberg (Kusel),Kusel,Rhénanie-Palatinat,RLP,Allemagne,DE,49.652,7.455
07143244,Homberg (Westerwaldkreis),Westerwaldkreis,Rhénanie-Palatinat,RLP,Allemagne,DE,50.641,8.106
07232054,Hommerdingen,Eifelkreis Bitburg-Prüm,Rhénanie-Palatinat,RLP,Allemagne,DE,49.913,6.31
07131032,Honerath,Ahrweiler,Rhénanie-Palatinat,RLP,Allemagne,DE,50.382,6.901
07231057,Hontheim,Bernkastel-Wittlich,Rhénanie-Palatinat,RLP,Allemagne,DE,50.062,6.995
07336045,Hoppstädten,Kusel,Rhénanie-Palatinat,RLP,Allemagne,DE,49.692,7.533
07134042,Hoppstädten-Weiersbach,Birkenfeld,Rhénanie-Palatinat,RLP,Allemagne,DE,49.614,7.199
07231058,Horath,Bernkastel-Wittlich,Rhénanie-Palatinat,RLP,Allemagne,DE,49.82,6.977
07133047,Horbach (Bad Kreuznach),Bad Kreuznach,Rhénanie-Palatinat,RLP,Allemagne,DE,49.826,7.517
07340025,Horbach (Südwestpfalz),Südwestpfalz,Rhénanie-Palatinat,RLP,Allemagne,DE,49.333,7.655
07143034,Horbach (Westerwaldkreis),Westerwaldkreis,Rhénanie-Palatinat,RLP,Allemagne,DE,50.374,7.845
07134043,Horbruch,Birkenfeld,Rhénanie-Palatinat,RLP,Allemagne,DE,49.882,7.241
07141062,Horhausen,Rhein-Lahn-Kreis,Rhénanie-Palatinat,RLP,Allemagne,DE,50.364,7.885
07132055,Horhausen (Westerwald),Altenkirchen (Ww),Rhénanie-Palatinat,RLP,Allemagne,DE,50.587,7.523
07140058,Horn,Rhein-Hunsrück-Kreis,Rhénanie-Palatinat,RLP,Allemagne,DE,50.051,7.548
07340211,Hornbach,Südwestpfalz,Rhénanie-Palatinat,RLP,Allemagne,DE,49.185,7.354
07233216,Horperath,Vulkaneifel,Rhénanie-Palatinat,RLP,Allemagne,DE,50.247,6.953
07339029,Horrweiler,Mainz-Bingen,Rhénanie-Palatinat,RLP,Allemagne,DE,49.897,7.965
07336046,Horschbach,Kusel,Rhénanie-Palatinat,RLP,Allemagne,DE,49.586,7.527
07232055,Hosten,Eifelkreis Bitburg-Prüm,Rhénanie-Palatinat,RLP,Allemagne,DE,49.888,6.615
07134044,Hottenbach,Birkenfeld,Rhénanie-Palatinat,RLP,Allemagne,DE,49.827,7.297
07143037,Hundsangen,Westerwaldkreis,Rhénanie-Palatinat,RLP,Allemagne,DE,50.459,7.986
07133049,Hundsbach,Bad Kreuznach,Rhénanie-Palatinat,RLP,Allemagne,DE,49.72,7.562
07143038,Hundsdorf,Westerwaldkreis,Rhénanie-Palatinat,RLP,Allemagne,DE,50.472,7.707
07140060,Hungenroth,Rhein-Hunsrück-Kreis,Rhénanie-Palatinat,RLP,Allemagne,DE,50.144,7.604
07141063,Hunzel,Rhein-Lahn-Kreis,Rhénanie-Palatinat,RLP,Allemagne,DE,50.251,7.84
07231062,Hupperath,Bernkastel-Wittlich,Rhénanie-Palatinat,RLP,Allemagne,DE,49.996,6.835
07143230,Härtlingen,Westerwaldkreis,Rhénanie-Palatinat,RLP,Allemagne,DE,50.539,7.917
07233215,Höchstberg,Vulkaneifel,Rhénanie-Palatinat,RLP,Allemagne,DE,50.236,7.01
07143241,Höchstenbach,Westerwaldkreis,Rhénanie-Palatinat,RLP,Allemagne,DE,50.627,7.746
07340022,Höheinöd,Südwestpfalz,Rhénanie-Palatinat,RLP,Allemagne,DE,49.288,7.605
07340023,Höheischweiler,Südwestpfalz,Rhénanie-Palatinat,RLP,Allemagne,DE,49.228,7.547
07340024,Höhfröschen,Südwestpfalz,Rhénanie-Palatinat,RLP,Allemagne,DE,49.246,7.554
07143242,Höhn,Westerwaldkreis,Rhénanie-Palatinat,RLP,Allemagne,DE,50.617,7.982
07143032,Höhr-Grenzhausen,Westerwaldkreis,Rhénanie-Palatinat,RLP,Allemagne,DE,50.437,7.679
07141058,Hömberg,Rhein-Lahn-Kreis,Rhénanie-Palatinat,RLP,Allemagne,DE,50.337,7.786
07131029,Hönningen,Ahrweiler,Rhénanie-Palatinat,RLP,Allemagne,DE,50.465,6.948
07334011,Hördt,Germersheim,Rhénanie-Palatinat,RLP,Allemagne,DE,49.167,8.341
07333030,Höringen,Donnersbergkreis,Rhénanie-Palatinat,RLP,Allemagne,DE,49.553,7.795
07233031,Hörscheid,Vulkaneifel,Rhénanie-Palatinat,RLP,Allemagne,DE,50.221,6.879
07233032,Hörschhausen,Vulkaneifel,Rhénanie-Palatinat,RLP,Allemagne,DE,50.242,6.935
07132054,Hövels,Altenkirchen (Ww),Rhénanie-Palatinat,RLP,Allemagne,DE,50.799,7.772
07143036,Hübingen,Westerwaldkreis,Rhénanie-Palatinat,RLP,Allemagne,DE,50.359,7.833
07143245,Hüblingen,Westerwaldkreis,Rhénanie-Palatinat,RLP,Allemagne,DE,50.569,8.081
07133048,Hüffelsheim,Bad Kreuznach,Rhénanie-Palatinat,RLP,Allemagne,DE,49.822,7.789
07336047,Hüffler,Kusel,Rhénanie-Palatinat,RLP,Allemagne,DE,49.496,7.39
07131033,Hümmel,Ahrweiler,Rhénanie-Palatinat,RLP,Allemagne,DE,50.473,6.795
07138030,Hümmerich,Neuwied,Rhénanie-Palatinat,RLP,Allemagne,DE,50.568,7.488
07335016,Hütschenhausen,Kaiserslautern,Rhénanie-Palatinat,RLP,Allemagne,DE,49.425,7.479
07232056,Hütten,Eifelkreis Bitburg-Prüm,Rhénanie-Palatinat,RLP,Allemagne,DE,50.014,6.253
07232057,Hütterscheid,Eifelkreis Bitburg-Prüm,Rhénanie-Palatinat,RLP,Allemagne,DE,49.998,6.386
07232058,Hüttingen an der Kyll,Eifelkreis Bitburg-Prüm,Rhénanie-Palatinat,RLP,Allemagne,DE,49.964,6.589
07232059,Hüttingen bei Lahr,Eifelkreis Bitburg-Prüm,Rhénanie-Palatinat,RLP,Allemagne,DE,49.927,6.297
07134045,Idar-Oberstein,Birkenfeld,Rhénanie-Palatinat,RLP,Allemagne,DE,49.693,7.344
07132056,Idelberg,Altenkirchen (Ww),Rhénanie-Palatinat,RLP,Allemagne,DE,50.72,7.721
07232060,Idenheim,Eifelkreis Bitburg-Prüm,Rhénanie-Palatinat,RLP,Allemagne,DE,49.898,6.565
07232061,Idesheim,Eifelkreis Bitburg-Prüm,Rhénanie-Palatinat,RLP,Allemagne,DE,49.875,6.558
07235051,Igel,Trier-Saarburg,Rhénanie-Palatinat,RLP,Allemagne,DE,49.722,6.543
07333031,Ilbesheim,Donnersbergkreis,Rhénanie-Palatinat,RLP,Allemagne,DE,49.69,8.072
07337042,Ilbesheim bei Landau in der Pfalz,Südliche Weinstraße,Rhénanie-Palatinat,RLP,Allemagne,DE,49.182,8.048
07135042,Illerich,Cochem-Zell,Rhénanie-Palatinat,RLP,Allemagne,DE,50.203,7.176
07233034,Immerath,Vulkaneifel,Rhénanie-Palatinat,RLP,Allemagne,DE,50.127,6.967
07231064,Immert,Bernkastel-Wittlich,Rhénanie-Palatinat,RLP,Allemagne,DE,49.766,7.027
07333032,Immesheim,Donnersbergkreis,Rhénanie-Palatinat,RLP,Allemagne,DE,49.639,8.107
07337043,Impflingen,Südliche Weinstraße,Rhénanie-Palatinat,RLP,Allemagne,DE,49.163,8.115
07333033,Imsbach,Donnersbergkreis,Rhénanie-Palatinat,RLP,Allemagne,DE,49.591,7.889
07333034,Imsweiler,Donnersbergkreis,Rhénanie-Palatinat,RLP,Allemagne,DE,49.601,7.807
07132057,Ingelbach,Altenkirchen (Ww),Rhénanie-Palatinat,RLP,Allemagne,DE,50.684,7.709
07339030,Ingelheim am Rhein,Mainz-Bingen,Rhénanie-Palatinat,RLP,Allemagne,DE,49.974,8.08
07232062,Ingendorf,Eifelkreis Bitburg-Prüm,Rhénanie-Palatinat,RLP,Allemagne,DE,49.936,6.449
07337044,Insheim,Südliche Weinstraße,Rhénanie-Palatinat,RLP,Allemagne,DE,49.159,8.163
07131034,Insul,Ahrweiler,Rhénanie-Palatinat,RLP,Allemagne,DE,50.438,6.911
07133050,Ippenschied,Bad Kreuznach,Rhénanie-Palatinat,RLP,Allemagne,DE,49.867,7.622
07231501,Irmenach,Bernkastel-Wittlich,Rhénanie-Palatinat,RLP,Allemagne,DE,49.922,7.186
07143246,Irmtraut,Westerwaldkreis,Rhénanie-Palatinat,RLP,Allemagne,DE,50.559,8.062
07232063,Irrel,Eifelkreis Bitburg-Prüm,Rhénanie-Palatinat,RLP,Allemagne,DE,49.847,6.452
07232245,Irrhausen,Eifelkreis Bitburg-Prüm,Rhénanie-Palatinat,RLP,Allemagne,DE,50.08,6.22
07235052,Irsch,Trier-Saarburg,Rhénanie-Palatinat,RLP,Allemagne,DE,49.601,6.613
07138031,Isenburg,Neuwied,Rhénanie-Palatinat,RLP,Allemagne,DE,50.478,7.587
07132058,Isert,Altenkirchen (Ww),Rhénanie-Palatinat,RLP,Allemagne,DE,50.729,7.708
07141064,Isselbach,Rhein-Lahn-Kreis,Rhénanie-Palatinat,RLP,Allemagne,DE,50.386,7.895
07333035,Jakobsweiler,Donnersbergkreis,Rhénanie-Palatinat,RLP,Allemagne,DE,49.616,7.961
07133051,Jeckenbach,Bad Kreuznach,Rhénanie-Palatinat,RLP,Allemagne,DE,49.714,7.598
07336048,Jettenbach,Kusel,Rhénanie-Palatinat,RLP,Allemagne,DE,49.534,7.557
07334012,Jockgrim,Germersheim,Rhénanie-Palatinat,RLP,Allemagne,DE,49.086,8.276
07232246,Jucken,Eifelkreis Bitburg-Prüm,Rhénanie-Palatinat,RLP,Allemagne,DE,50.048,6.23
07339031,Jugenheim in Rheinhessen,Mainz-Bingen,Rhénanie-Palatinat,RLP,Allemagne,DE,49.895,8.084
07233035,Jünkerath,Vulkaneifel,Rhénanie-Palatinat,RLP,Allemagne,DE,50.357,6.564
07143247,Kaden,Westerwaldkreis,Rhénanie-Palatinat,RLP,Allemagne,DE,50.55,7.906
07143039,Kadenbach,Westerwaldkreis,Rhénanie-Palatinat,RLP,Allemagne,DE,50.395,7.735
07135043,Kaifenheim,Cochem-Zell,Rhénanie-Palatinat,RLP,Allemagne,DE,50.249,7.227
07135044,Kail,Cochem-Zell,Rhénanie-Palatinat,RLP,Allemagne,DE,50.186,7.235
07135045,Kaisersesch,Cochem-Zell,Rhénanie-Palatinat,RLP,Allemagne,DE,50.232,7.142
07312000,Kaiserslautern,Kaiserslautern,Rhénanie-Palatinat,RLP,Allemagne,DE,49.433,7.76
07131036,Kalenborn (Ahrweiler),Ahrweiler,Rhénanie-Palatinat,RLP,Allemagne,DE,50.554,6.989
07135046,Kalenborn (Cochem-Zell),Cochem-Zell,Rhénanie-Palatinat,RLP,Allemagne,DE,50.264,7.081
07233036,Kalenborn-Scheuern,Vulkaneifel,Rhénanie-Palatinat,RLP,Allemagne,DE,50.263,6.598
07333036,Kalkofen,Donnersbergkreis,Rhénanie-Palatinat,RLP,Allemagne,DE,49.733,7.839
07332028,Kallstadt,Bad Dürkheim,Rhénanie-Palatinat,RLP,Allemagne,DE,49.491,8.171
07137041,Kalt,Mayen-Koblenz,Rhénanie-Palatinat,RLP,Allemagne,DE,50.271,7.393
07131037,Kaltenborn,Ahrweiler,Rhénanie-Palatinat,RLP,Allemagne,DE,50.414,7.007
07137209,Kaltenengers,Mayen-Koblenz,Rhénanie-Palatinat,RLP,Allemagne,DE,50.41,7.541
07141065,Kaltenholzhausen,Rhein-Lahn-Kreis,Rhénanie-Palatinat,RLP,Allemagne,DE,50.294,8.109
07143040,Kammerforst,Westerwaldkreis,Rhénanie-Palatinat,RLP,Allemagne,DE,50.457,7.674
07141066,Kamp-Bornhofen,Rhein-Lahn-Kreis,Rhénanie-Palatinat,RLP,Allemagne,DE,50.226,7.633
07334013,Kandel,Germersheim,Rhénanie-Palatinat,RLP,Allemagne,DE,49.083,8.187
07235055,Kanzem,Trier-Saarburg,Rhénanie-Palatinat,RLP,Allemagne,DE,49.659,6.573
07337045,Kapellen-Drusweiler,Südliche Weinstraße,Rhénanie-Palatinat,RLP,Allemagne,DE,49.093,8.025
07233217,Kaperich,Vulkaneifel,Rhénanie-Palatinat,RLP,Allemagne,DE,50.239,7.029
07140062,Kappel,Rhein-Hunsrück-Kreis,Rhénanie-Palatinat,RLP,Allemagne,DE,50.004,7.362
07336049,Kappeln,Kusel,Rhénanie-Palatinat,RLP,Allemagne,DE,49.676,7.564
07337046,Kapsweyer,Südliche Weinstraße,Rhénanie-Palatinat,RLP,Allemagne,DE,49.036,8.024
07140063,Karbach,Rhein-Hunsrück-Kreis,Rhénanie-Palatinat,RLP,Allemagne,DE,50.158,7.62
07231065,Karl,Bernkastel-Wittlich,Rhénanie-Palatinat,RLP,Allemagne,DE,50.051,6.795
07232064,Karlshausen,Eifelkreis Bitburg-Prüm,Rhénanie-Palatinat,RLP,Allemagne,DE,50.026,6.223
07138501,Kasbach-Ohlenberg,Neuwied,Rhénanie-Palatinat,RLP,Allemagne,DE,50.588,7.271
07232065,Kaschenbach,Eifelkreis Bitburg-Prüm,Rhénanie-Palatinat,RLP,Allemagne,DE,49.874,6.492
07141067,Kasdorf,Rhein-Lahn-Kreis,Rhénanie-Palatinat,RLP,Allemagne,DE,50.2,7.775
07235056,Kasel,Trier-Saarburg,Rhénanie-Palatinat,RLP,Allemagne,DE,49.763,6.741
07235057,Kastel-Staadt,Trier-Saarburg,Rhénanie-Palatinat,RLP,Allemagne,DE,49.565,6.557
07140064,Kastellaun,Rhein-Hunsrück-Kreis,Rhénanie-Palatinat,RLP,Allemagne,DE,50.069,7.45
07333037,Katzenbach,Donnersbergkreis,Rhénanie-Palatinat,RLP,Allemagne,DE,49.646,7.803
07141068,Katzenelnbogen,Rhein-Lahn-Kreis,Rhénanie-Palatinat,RLP,Allemagne,DE,50.265,7.98
07335017,Katzweiler,Kaiserslautern,Rhénanie-Palatinat,RLP,Allemagne,DE,49.504,7.695
07233037,Katzwinkel,Vulkaneifel,Rhénanie-Palatinat,RLP,Allemagne,DE,50.252,6.912
07132080,Katzwinkel (Sieg),Altenkirchen (Ww),Rhénanie-Palatinat,RLP,Allemagne,DE,50.824,7.805
07141069,Kaub,Rhein-Lahn-Kreis,Rhénanie-Palatinat,RLP,Allemagne,DE,50.088,7.783
07132059,Kausen,Altenkirchen (Ww),Rhénanie-Palatinat,RLP,Allemagne,DE,50.744,7.876
07141070,Kehlbach,Rhein-Lahn-Kreis,Rhénanie-Palatinat,RLP,Allemagne,DE,50.262,7.754
07137043,Kehrig,Mayen-Koblenz,Rhénanie-Palatinat,RLP,Allemagne,DE,50.273,7.215
07140065,Keidelheim,Rhein-Hunsrück-Kreis,Rhénanie-Palatinat,RLP,Allemagne,DE,49.989,7.492
07233218,Kelberg,Vulkaneifel,Rhénanie-Palatinat,RLP,Allemagne,DE,50.292,6.913
07235058,Kell am See,Trier-Saarburg,Rhénanie-Palatinat,RLP,Allemagne,DE,49.638,6.838
07133202,Kellenbach,Bad Kreuznach,Rhénanie-Palatinat,RLP,Allemagne,DE,49.844,7.481
07141071,Kemmenau,Rhein-Lahn-Kreis,Rhénanie-Palatinat,RLP,Allemagne,DE,50.359,7.765
07131502,Kempenich,Ahrweiler,Rhénanie-Palatinat,RLP,Allemagne,DE,50.42,7.117
07134046,Kempfeld,Birkenfeld,Rhénanie-Palatinat,RLP,Allemagne,DE,49.783,7.242
07235060,Kenn,Trier-Saarburg,Rhénanie-Palatinat,RLP,Allemagne,DE,49.801,6.725
07232066,Keppeshausen,Eifelkreis Bitburg-Prüm,Rhénanie-Palatinat,RLP,Allemagne,DE,49.974,6.175
07137048,Kerben,Mayen-Koblenz,Rhénanie-Palatinat,RLP,Allemagne,DE,50.312,7.368
07233038,Kerpen (Eifel),Vulkaneifel,Rhénanie-Palatinat,RLP,Allemagne,DE,50.31,6.724
07233219,Kerschenbach,Vulkaneifel,Rhénanie-Palatinat,RLP,Allemagne,DE,50.33,6.49
07333038,Kerzenheim,Donnersbergkreis,Rhénanie-Palatinat,RLP,Allemagne,DE,49.571,8.045
07132060,Kescheid,Altenkirchen (Ww),Rhénanie-Palatinat,RLP,Allemagne,DE,50.661,7.494
07232247,Kesfeld,Eifelkreis Bitburg-Prüm,Rhénanie-Palatinat,RLP,Allemagne,DE,50.155,6.238
07131039,Kesseling,Ahrweiler,Rhénanie-Palatinat,RLP,Allemagne,DE,50.469,7.017
07231066,Kesten,Bernkastel-Wittlich,Rhénanie-Palatinat,RLP,Allemagne,DE,49.897,6.945
07141072,Kestert,Rhein-Lahn-Kreis,Rhénanie-Palatinat,RLP,Allemagne,DE,50.189,7.659
07132061,Kettenhausen,Altenkirchen (Ww),Rhénanie-Palatinat,RLP,Allemagne,DE,50.709,7.623
07331042,Kettenheim,Alzey-Worms,Rhénanie-Palatinat,RLP,Allemagne,DE,49.725,8.133
07137211,Kettig,Mayen-Koblenz,Rhénanie-Palatinat,RLP,Allemagne,DE,50.394,7.454
07232248,Kickeshausen,Eifelkreis Bitburg-Prüm,Rhénanie-Palatinat,RLP,Allemagne,DE,50.067,6.244
07332029,Kindenheim,Bad Dürkheim,Rhénanie-Palatinat,RLP,Allemagne,DE,49.609,8.148
07231067,Kinderbeuern,Bernkastel-Wittlich,Rhénanie-Palatinat,RLP,Allemagne,DE,50.011,7.028
07335018,Kindsbach,Kaiserslautern,Rhénanie-Palatinat,RLP,Allemagne,DE,49.416,7.628
07231068,Kinheim,Bernkastel-Wittlich,Rhénanie-Palatinat,RLP,Allemagne,DE,49.989,7.047
07232249,Kinzenburg,Eifelkreis Bitburg-Prüm,Rhénanie-Palatinat,RLP,Allemagne,DE,50.119,6.336
07143248,Kirburg,Westerwaldkreis,Rhénanie-Palatinat,RLP,Allemagne,DE,50.673,7.934
07140067,Kirchberg (Hunsrück),Rhein-Hunsrück-Kreis,Rhénanie-Palatinat,RLP,Allemagne,DE,49.948,7.405
07132062,Kircheib,Altenkirchen (Ww),Rhénanie-Palatinat,RLP,Allemagne,DE,50.706,7.461
07132063,Kirchen (Sieg),Altenkirchen (Ww),Rhénanie-Palatinat,RLP,Allemagne,DE,50.818,7.88
07332030,Kirchheim an der Weinstraße,Bad Dürkheim,Rhénanie-Palatinat,RLP,Allemagne,DE,49.543,8.182
07333039,Kirchheimbolanden,Donnersbergkreis,Rhénanie-Palatinat,RLP,Allemagne,DE,49.665,7.998
07131040,Kirchsahr,Ahrweiler,Rhénanie-Palatinat,RLP,Allemagne,DE,50.516,6.906
07137049,Kirchwald,Mayen-Koblenz,Rhénanie-Palatinat,RLP,Allemagne,DE,50.371,7.145
07233039,Kirchweiler,Vulkaneifel,Rhénanie-Palatinat,RLP,Allemagne,DE,50.223,6.745
07235062,Kirf,Trier-Saarburg,Rhénanie-Palatinat,RLP,Allemagne,DE,49.551,6.487
07133052,Kirn,Bad Kreuznach,Rhénanie-Palatinat,RLP,Allemagne,DE,49.779,7.458
07336050,Kirrweiler,Kusel,Rhénanie-Palatinat,RLP,Allemagne,DE,49.636,7.49
07337047,Kirrweiler (Pfalz),Südliche Weinstraße,Rhénanie-Palatinat,RLP,Allemagne,DE,49.304,8.163
07233220,Kirsbach,Vulkaneifel,Rhénanie-Palatinat,RLP,Allemagne,DE,50.325,6.993
07133053,Kirschroth,Bad Kreuznach,Rhénanie-Palatinat,RLP,Allemagne,DE,49.757,7.575
07134047,Kirschweiler,Birkenfeld,Rhénanie-Palatinat,RLP,Allemagne,DE,49.759,7.248
07140068,Kisselbach,Rhein-Hunsrück-Kreis,Rhénanie-Palatinat,RLP,Allemagne,DE,50.056,7.612
07231069,Klausen,Bernkastel-Wittlich,Rhénanie-Palatinat,RLP,Allemagne,DE,49.904,6.877
07339032,Klein-Winternheim,Mainz-Bingen,Rhénanie-Palatinat,RLP,Allemagne,DE,49.94,8.226
07340213,Kleinbundenbach,Südwestpfalz,Rhénanie-Palatinat,RLP,Allemagne,DE,49.309,7.447
07337048,Kleinfischlingen,Südliche Weinstraße,Rhénanie-Palatinat,RLP,Allemagne,DE,49.262,8.191
07231070,Kleinich,Bernkastel-Wittlich,Rhénanie-Palatinat,RLP,Allemagne,DE,49.887,7.178
07332031,Kleinkarlbach,Bad Dürkheim,Rhénanie-Palatinat,RLP,Allemagne,DE,49.538,8.158
07232250,Kleinlangenfeld,Eifelkreis Bitburg-Prüm,Rhénanie-Palatinat,RLP,Allemagne,DE,50.273,6.493
07138034,Kleinmaischeid,Neuwied,Rhénanie-Palatinat,RLP,Allemagne,DE,50.513,7.605
07338015,Kleinniedesheim,Rhein-Pfalz-Kreis,Rhénanie-Palatinat,RLP,Allemagne,DE,49.588,8.322
07340214,Kleinsteinhausen,Südwestpfalz,Rhénanie-Palatinat,RLP,Allemagne,DE,49.2,7.474
07135048,Kliding,Cochem-Zell,Rhénanie-Palatinat,RLP,Allemagne,DE,50.103,7.044
07141073,Klingelbach,Rhein-Lahn-Kreis,Rhénanie-Palatinat,RLP,Allemagne,DE,50.28,7.962
07337049,Klingenmünster,Südliche Weinstraße,Rhénanie-Palatinat,RLP,Allemagne,DE,49.145,8.001
07140070,Klosterkumbd,Rhein-Hunsrück-Kreis,Rhénanie-Palatinat,RLP,Allemagne,DE,50.032,7.523
07135049,Klotten,Cochem-Zell,Rhénanie-Palatinat,RLP,Allemagne,DE,50.172,7.195
07140071,Kludenbach,Rhein-Hunsrück-Kreis,Rhénanie-Palatinat,RLP,Allemagne,DE,49.985,7.371
07235063,Klüsserath,Trier-Saarburg,Rhénanie-Palatinat,RLP,Allemagne,DE,49.851,6.849
07334014,Knittelsheim,Germersheim,Rhénanie-Palatinat,RLP,Allemagne,DE,49.191,8.25
07340215,Knopp-Labach,Südwestpfalz,Rhénanie-Palatinat,RLP,Allemagne,DE,49.339,7.508
07337050,Knöringen,Südliche Weinstraße,Rhénanie-Palatinat,RLP,Allemagne,DE,49.238,8.144
07137212,Kobern-Gondorf,Mayen-Koblenz,Rhénanie-Palatinat,RLP,Allemagne,DE,50.313,7.442
07111000,Koblenz,Koblenz,Rhénanie-Palatinat,RLP,Allemagne,DE,50.359,7.575
07137053,Kollig,Mayen-Koblenz,Rhénanie-Palatinat,RLP,Allemagne,DE,50.263,7.267
07335019,Kollweiler,Kaiserslautern,Rhénanie-Palatinat,RLP,Allemagne,DE,49.516,7.581
07233222,Kolverath,Vulkaneifel,Rhénanie-Palatinat,RLP,Allemagne,DE,50.272,6.973
07231071,Kommen,Bernkastel-Wittlich,Rhénanie-Palatinat,RLP,Allemagne,DE,49.874,7.138
07336052,Konken,Kusel,Rhénanie-Palatinat,RLP,Allemagne,DE,49.505,7.353
07235068,Konz,Trier-Saarburg,Rhénanie-Palatinat,RLP,Allemagne,DE,49.678,6.629
07233223,Kopp,Vulkaneifel,Rhénanie-Palatinat,RLP,Allemagne,DE,50.175,6.577
07235069,Kordel,Trier-Saarburg,Rhénanie-Palatinat,RLP,Allemagne,DE,49.835,6.646
07235070,Korlingen,Trier-Saarburg,Rhénanie-Palatinat,RLP,Allemagne,DE,49.728,6.723
07140073,Korweiler,Rhein-Hunsrück-Kreis,Rhénanie-Palatinat,RLP,Allemagne,DE,50.107,7.414
07131042,Kottenborn,Ahrweiler,Rhénanie-Palatinat,RLP,Allemagne,DE,50.351,6.905
07137055,Kottenheim,Mayen-Koblenz,Rhénanie-Palatinat,RLP,Allemagne,DE,50.347,7.253
07335020,Kottweiler-Schwanden,Kaiserslautern,Rhénanie-Palatinat,RLP,Allemagne,DE,49.479,7.531
07232068,Koxhausen,Eifelkreis Bitburg-Prüm,Rhénanie-Palatinat,RLP,Allemagne,DE,49.997,6.241
07132064,Kraam,Altenkirchen (Ww),Rhénanie-Palatinat,RLP,Allemagne,DE,50.692,7.54
07233040,Kradenbach,Vulkaneifel,Rhénanie-Palatinat,RLP,Allemagne,DE,50.253,6.855
07140075,Kratzenburg,Rhein-Hunsrück-Kreis,Rhénanie-Palatinat,RLP,Allemagne,DE,50.195,7.556
07232253,Krautscheid,Eifelkreis Bitburg-Prüm,Rhénanie-Palatinat,RLP,Allemagne,DE,50.066,6.339
07336053,Kreimbach-Kaulbach,Kusel,Rhénanie-Palatinat,RLP,Allemagne,DE,49.552,7.633
07137056,Kretz,Mayen-Koblenz,Rhénanie-Palatinat,RLP,Allemagne,DE,50.395,7.364
07335021,Krickenbach,Kaiserslautern,Rhénanie-Palatinat,RLP,Allemagne,DE,49.367,7.674
07333040,Kriegsfeld,Donnersbergkreis,Rhénanie-Palatinat,RLP,Allemagne,DE,49.701,7.928
07134048,Kronweiler,Birkenfeld,Rhénanie-Palatinat,RLP,Allemagne,DE,49.663,7.263
07143250,Kroppach,Westerwaldkreis,Rhénanie-Palatinat,RLP,Allemagne,DE,50.696,7.738
07336054,Krottelbach,Kusel,Rhénanie-Palatinat,RLP,Allemagne,DE,49.466,7.324
07232069,Kruchten,Eifelkreis Bitburg-Prüm,Rhénanie-Palatinat,RLP,Allemagne,DE,49.898,6.322
07137057,Kruft,Mayen-Koblenz,Rhénanie-Palatinat,RLP,Allemagne,DE,50.379,7.33
07134049,Krummenau,Birkenfeld,Rhénanie-Palatinat,RLP,Allemagne,DE,49.887,7.27
07132065,Krunkel,Altenkirchen (Ww),Rhénanie-Palatinat,RLP,Allemagne,DE,50.579,7.501
07340216,Krähenberg,Südwestpfalz,Rhénanie-Palatinat,RLP,Allemagne,DE,49.328,7.471
07340026,Kröppen,Südwestpfalz,Rhénanie-Palatinat,RLP,Allemagne,DE,49.151,7.517
07231072,Kröv,Bernkastel-Wittlich,Rhénanie-Palatinat,RLP,Allemagne,DE,49.993,7.08
07143041,Krümmel,Westerwaldkreis,Rhénanie-Palatinat,RLP,Allemagne,DE,50.536,7.727
07334015,Kuhardt,Germersheim,Rhénanie-Palatinat,RLP,Allemagne,DE,49.143,8.314
07143251,Kuhnhöfen,Westerwaldkreis,Rhénanie-Palatinat,RLP,Allemagne,DE,50.532,7.858
07143252,Kundert,Westerwaldkreis,Rhénanie-Palatinat,RLP,Allemagne,DE,50.719,7.794
07138036,Kurtscheid,Neuwied,Rhénanie-Palatinat,RLP,Allemagne,DE,50.536,7.463
07336055,Kusel,Kusel,Rhénanie-Palatinat,RLP,Allemagne,DE,49.537,7.396
07232070,Kyllburg,Eifelkreis Bitburg-Prüm,Rhénanie-Palatinat,RLP,Allemagne,DE,50.04,6.601
07232071,Kyllburgweiler,Eifelkreis Bitburg-Prüm,Rhénanie-Palatinat,RLP,Allemagne,DE,50.059,6.616
07340212,Käshofen,Südwestpfalz,Rhénanie-Palatinat,RLP,Allemagne,DE,49.326,7.416
07143249,Kölbingen,Westerwaldkreis,Rhénanie-Palatinat,RLP,Allemagne,DE,50.552,7.935
07339033,Köngernheim,Mainz-Bingen,Rhénanie-Palatinat,RLP,Allemagne,DE,49.847,8.256
07133203,Königsau,Bad Kreuznach,Rhénanie-Palatinat,RLP,Allemagne,DE,49.859,7.478
07131041,Königsfeld,Ahrweiler,Rhénanie-Palatinat,RLP,Allemagne,DE,50.499,7.173
07336051,Körborn,Kusel,Rhénanie-Palatinat,RLP,Allemagne,DE,49.565,7.372
07141074,Kördorf,Rhein-Lahn-Kreis,Rhénanie-Palatinat,RLP,Allemagne,DE,50.288,7.919
07232067,Körperich,Eifelkreis Bitburg-Prüm,Rhénanie-Palatinat,RLP,Allemagne,DE,49.925,6.265
07233221,Kötterichen,Vulkaneifel,Rhénanie-Palatinat,RLP,Allemagne,DE,50.24,6.985
07235067,Köwerich,Trier-Saarburg,Rhénanie-Palatinat,RLP,Allemagne,DE,49.837,6.87
07140076,Külz (Hunsrück),Rhein-Hunsrück-Kreis,Rhénanie-Palatinat,RLP,Allemagne,DE,50.003,7.49
07140077,Kümbdchen,Rhein-Hunsrück-Kreis,Rhénanie-Palatinat,RLP,Allemagne,DE,49.998,7.516
07141075,Lahnstein,Rhein-Lahn-Kreis,Rhénanie-Palatinat,RLP,Allemagne,DE,50.306,7.631
07232072,Lahr (Eifelkreis Bitburg-Prüm),Eifelkreis Bitburg-Prüm,Rhénanie-Palatinat,RLP,Allemagne,DE,49.954,6.291
07140502,Lahr (Rhein-Hunsrück-Kreis),Rhein-Hunsrück-Kreis,Rhénanie-Palatinat,RLP,Allemagne,DE,50.122,7.359
07232254,Lambertsberg,Eifelkreis Bitburg-Prüm,Rhénanie-Palatinat,RLP,Allemagne,DE,50.087,6.392
07332032,Lambrecht (Pfalz),Bad Dürkheim,Rhénanie-Palatinat,RLP,Allemagne,DE,49.367,8.058
07335201,Lambsborn,Kaiserslautern,Rhénanie-Palatinat,RLP,Allemagne,DE,49.364,7.435
07338016,Lambsheim,Rhein-Pfalz-Kreis,Rhénanie-Palatinat,RLP,Allemagne,DE,49.518,8.288
07235072,Lampaden,Trier-Saarburg,Rhénanie-Palatinat,RLP,Allemagne,DE,49.653,6.701
07313000,Landau in der Pfalz,Südliche Weinstraße,Rhénanie-Palatinat,RLP,Allemagne,DE,49.201,8.11
07135051,Landkern,Cochem-Zell,Rhénanie-Palatinat,RLP,Allemagne,DE,50.205,7.137
07231503,Landscheid,Bernkastel-Wittlich,Rhénanie-Palatinat,RLP,Allemagne,DE,49.999,6.75
07335022,Landstuhl,Kaiserslautern,Rhénanie-Palatinat,RLP,Allemagne,DE,49.403,7.56
07336056,Langenbach,Kusel,Rhénanie-Palatinat,RLP,Allemagne,DE,49.491,7.32
07143253,Langenbach bei Kirburg,Westerwaldkreis,Rhénanie-Palatinat,RLP,Allemagne,DE,50.701,7.946
07137060,Langenfeld,Mayen-Koblenz,Rhénanie-Palatinat,RLP,Allemagne,DE,50.369,7.1
07143254,Langenhahn,Westerwaldkreis,Rhénanie-Palatinat,RLP,Allemagne,DE,50.584,7.918
07133054,Langenlonsheim,Bad Kreuznach,Rhénanie-Palatinat,RLP,Allemagne,DE,49.901,7.891
07141076,Langenscheid,Rhein-Lahn-Kreis,Rhénanie-Palatinat,RLP,Allemagne,DE,50.365,7.928
07133055,Langenthal,Bad Kreuznach,Rhénanie-Palatinat,RLP,Allemagne,DE,49.829,7.572
07137061,Langscheid,Mayen-Koblenz,Rhénanie-Palatinat,RLP,Allemagne,DE,50.385,7.104
07235073,Langsur,Trier-Saarburg,Rhénanie-Palatinat,RLP,Allemagne,DE,49.74,6.519
07134502,Langweiler (Birkenfeld),Birkenfeld,Rhénanie-Palatinat,RLP,Allemagne,DE,49.79,7.173
07336057,Langweiler (Kusel),Kusel,Rhénanie-Palatinat,RLP,Allemagne,DE,49.669,7.513
07335202,Langwieden,Kaiserslautern,Rhénanie-Palatinat,RLP,Allemagne,DE,49.38,7.507
07232255,Lascheid,Eifelkreis Bitburg-Prüm,Rhénanie-Palatinat,RLP,Allemagne,DE,50.111,6.411
07232256,Lasel,Eifelkreis Bitburg-Prüm,Rhénanie-Palatinat,RLP,Allemagne,DE,50.114,6.461
07135052,Laubach (Cochem-Zell),Cochem-Zell,Rhénanie-Palatinat,RLP,Allemagne,DE,50.234,7.069
07140079,Laubach (Rhein-Hunsrück-Kreis),Rhein-Hunsrück-Kreis,Rhénanie-Palatinat,RLP,Allemagne,DE,50.056,7.508
07133056,Laubenheim,Bad Kreuznach,Rhénanie-Palatinat,RLP,Allemagne,DE,49.92,7.889
07140080,Laudert,Rhein-Hunsrück-Kreis,Rhénanie-Palatinat,RLP,Allemagne,DE,50.082,7.603
07231074,Laufeld,Bernkastel-Wittlich,Rhénanie-Palatinat,RLP,Allemagne,DE,50.079,6.854
07140081,Laufersweiler,Rhein-Hunsrück-Kreis,Rhénanie-Palatinat,RLP,Allemagne,DE,49.894,7.302
07332033,Laumersheim,Bad Dürkheim,Rhénanie-Palatinat,RLP,Allemagne,DE,49.55,8.24
07232258,Lauperath,Eifelkreis Bitburg-Prüm,Rhénanie-Palatinat,RLP,Allemagne,DE,50.086,6.335
07141077,Laurenburg,Rhein-Lahn-Kreis,Rhénanie-Palatinat,RLP,Allemagne,DE,50.335,7.91
07133057,Lauschied,Bad Kreuznach,Rhénanie-Palatinat,RLP,Allemagne,DE,49.75,7.628
07336058,Lauterecken,Kusel,Rhénanie-Palatinat,RLP,Allemagne,DE,49.654,7.592
07333041,Lautersheim,Donnersbergkreis,Rhénanie-Palatinat,RLP,Allemagne,DE,49.586,8.096
07141078,Lautert,Rhein-Lahn-Kreis,Rhénanie-Palatinat,RLP,Allemagne,DE,50.166,7.85
07143255,Lautzenbrücken,Westerwaldkreis,Rhénanie-Palatinat,RLP,Allemagne,DE,50.676,7.956
07140082,Lautzenhausen,Rhein-Hunsrück-Kreis,Rhénanie-Palatinat,RLP,Allemagne,DE,49.94,7.273
07137504,Lehmen,Mayen-Koblenz,Rhénanie-Palatinat,RLP,Allemagne,DE,50.271,7.433
07232259,Leidenborn,Eifelkreis Bitburg-Prüm,Rhénanie-Palatinat,RLP,Allemagne,DE,50.139,6.223
07135502,Leienkaul,Cochem-Zell,Rhénanie-Palatinat,RLP,Allemagne,DE,50.212,7.089
07131044,Leimbach (Ahrweiler),Ahrweiler,Rhénanie-Palatinat,RLP,Allemagne,DE,50.406,6.949
07232073,Leimbach (Eifelkreis Bitburg-Prüm),Eifelkreis Bitburg-Prüm,Rhénanie-Palatinat,RLP,Allemagne,DE,50.027,6.258
07340027,Leimen,Südwestpfalz,Rhénanie-Palatinat,RLP,Allemagne,DE,49.288,7.807
07334016,Leimersheim,Germersheim,Rhénanie-Palatinat,RLP,Allemagne,DE,49.126,8.347
07140084,Leiningen,Rhein-Hunsrück-Kreis,Rhénanie-Palatinat,RLP,Allemagne,DE,50.137,7.57
07337051,Leinsweiler,Südliche Weinstraße,Rhénanie-Palatinat,RLP,Allemagne,DE,49.188,8.007
07134050,Leisel,Birkenfeld,Rhénanie-Palatinat,RLP,Allemagne,DE,49.725,7.192
07134051,Leitzweiler,Birkenfeld,Rhénanie-Palatinat,RLP,Allemagne,DE,49.591,7.222
07235074,Leiwen,Trier-Saarburg,Rhénanie-Palatinat,RLP,Allemagne,DE,49.805,6.882
07340028,Lemberg,Südwestpfalz,Rhénanie-Palatinat,RLP,Allemagne,DE,49.151,7.664
07133058,Lettweiler,Bad Kreuznach,Rhénanie-Palatinat,RLP,Allemagne,DE,49.737,7.734
07138037,Leubsdorf,Neuwied,Rhénanie-Palatinat,RLP,Allemagne,DE,50.551,7.323
07143042,Leuterod,Westerwaldkreis,Rhénanie-Palatinat,RLP,Allemagne,DE,50.494,7.803
07138038,Leutesdorf,Neuwied,Rhénanie-Palatinat,RLP,Allemagne,DE,50.467,7.386
07232260,Lichtenborn,Eifelkreis Bitburg-Prüm,Rhénanie-Palatinat,RLP,Allemagne,DE,50.111,6.302
07143256,Liebenscheid,Westerwaldkreis,Rhénanie-Palatinat,RLP,Allemagne,DE,50.689,8.093
07140085,Liebshausen,Rhein-Hunsrück-Kreis,Rhénanie-Palatinat,RLP,Allemagne,DE,50.035,7.635
07135053,Lieg,Cochem-Zell,Rhénanie-Palatinat,RLP,Allemagne,DE,50.139,7.335
07232261,Lierfeld,Eifelkreis Bitburg-Prüm,Rhénanie-Palatinat,RLP,Allemagne,DE,50.137,6.373
07141079,Lierschied,Rhein-Lahn-Kreis,Rhénanie-Palatinat,RLP,Allemagne,DE,50.173,7.751
07135054,Liesenich,Cochem-Zell,Rhénanie-Palatinat,RLP,Allemagne,DE,50.078,7.263
07231075,Lieser,Bernkastel-Wittlich,Rhénanie-Palatinat,RLP,Allemagne,DE,49.925,7.022
07232074,Ließem,Eifelkreis Bitburg-Prüm,Rhénanie-Palatinat,RLP,Allemagne,DE,50.022,6.48
07133059,Limbach (Bad Kreuznach),Bad Kreuznach,Rhénanie-Palatinat,RLP,Allemagne,DE,49.737,7.538
07143257,Limbach (Westerwaldkreis),Westerwaldkreis,Rhénanie-Palatinat,RLP,Allemagne,DE,50.701,7.798
07338017,Limburgerhof,Rhein-Pfalz-Kreis,Rhénanie-Palatinat,RLP,Allemagne,DE,49.415,8.394
07131047,Lind (Ahrweiler),Ahrweiler,Rhénanie-Palatinat,RLP,Allemagne,DE,50.491,6.924
07137063,Lind (Mayen-Koblenz),Mayen-Koblenz,Rhénanie-Palatinat,RLP,Allemagne,DE,50.327,7.036
07335023,Linden (Kaiserslautern),Kaiserslautern,Rhénanie-Palatinat,RLP,Allemagne,DE,49.351,7.645
07143258,Linden (Westerwaldkreis),Westerwaldkreis,Rhénanie-Palatinat,RLP,Allemagne,DE,50.6,7.853
07332034,Lindenberg,Bad Dürkheim,Rhénanie-Palatinat,RLP,Allemagne,DE,49.382,8.092
07140086,Lindenschied,Rhein-Hunsrück-Kreis,Rhénanie-Palatinat,RLP,Allemagne,DE,49.901,7.392
07334017,Lingenfeld,Germersheim,Rhénanie-Palatinat,RLP,Allemagne,DE,49.239,8.35
07140087,Lingerhahn,Rhein-Hunsrück-Kreis,Rhénanie-Palatinat,RLP,Allemagne,DE,50.093,7.562
07138040,Linkenbach,Neuwied,Rhénanie-Palatinat,RLP,Allemagne,DE,50.569,7.55
07138041,Linz am Rhein,Neuwied,Rhénanie-Palatinat,RLP,Allemagne,DE,50.588,7.31
07141080,Lipporn,Rhein-Lahn-Kreis,Rhénanie-Palatinat,RLP,Allemagne,DE,50.137,7.861
07233224,Lirstal,Vulkaneifel,Rhénanie-Palatinat,RLP,Allemagne,DE,50.254,7.038
07233041,Lissendorf,Vulkaneifel,Rhénanie-Palatinat,RLP,Allemagne,DE,50.312,6.6
07143259,Lochum,Westerwaldkreis,Rhénanie-Palatinat,RLP,Allemagne,DE,50.612,7.855
07333042,Lohnsfeld,Donnersbergkreis,Rhénanie-Palatinat,RLP,Allemagne,DE,49.548,7.851
07336060,Lohnweiler,Kusel,Rhénanie-Palatinat,RLP,Allemagne,DE,49.631,7.593
07141081,Lohrheim,Rhein-Lahn-Kreis,Rhénanie-Palatinat,RLP,Allemagne,DE,50.315,8.041
07141082,Lollschied,Rhein-Lahn-Kreis,Rhénanie-Palatinat,RLP,Allemagne,DE,50.264,7.871
07235077,Longen,Trier-Saarburg,Rhénanie-Palatinat,RLP,Allemagne,DE,49.808,6.791
07231077,Longkamp,Bernkastel-Wittlich,Rhénanie-Palatinat,RLP,Allemagne,DE,49.894,7.12
07235078,Longuich,Trier-Saarburg,Rhénanie-Palatinat,RLP,Allemagne,DE,49.799,6.756
07137065,Lonnig,Mayen-Koblenz,Rhénanie-Palatinat,RLP,Allemagne,DE,50.312,7.401
07331043,Lonsheim,Alzey-Worms,Rhénanie-Palatinat,RLP,Allemagne,DE,49.784,8.083
07235080,Lorscheid,Trier-Saarburg,Rhénanie-Palatinat,RLP,Allemagne,DE,49.742,6.853
07143260,Luckenbach,Westerwaldkreis,Rhénanie-Palatinat,RLP,Allemagne,DE,50.705,7.836
07314000,Ludwigshafen am Rhein,Ludwigshafen a. Rh.,Rhénanie-Palatinat,RLP,Allemagne,DE,49.479,8.401
07339035,Ludwigshöhe,Mainz-Bingen,Rhénanie-Palatinat,RLP,Allemagne,DE,49.819,8.372
07340029,Ludwigswinkel,Südwestpfalz,Rhénanie-Palatinat,RLP,Allemagne,DE,49.083,7.658
07340030,Lug,Südwestpfalz,Rhénanie-Palatinat,RLP,Allemagne,DE,49.183,7.9
07334018,Lustadt,Germersheim,Rhénanie-Palatinat,RLP,Allemagne,DE,49.235,8.289
07135057,Lutzerath,Cochem-Zell,Rhénanie-Palatinat,RLP,Allemagne,DE,50.12,7.011
07137066,Luxem,Mayen-Koblenz,Rhénanie-Palatinat,RLP,Allemagne,DE,50.32,7.098
07141083,Lykershausen,Rhein-Lahn-Kreis,Rhénanie-Palatinat,RLP,Allemagne,DE,50.208,7.664
07137214,Löf,Mayen-Koblenz,Rhénanie-Palatinat,RLP,Allemagne,DE,50.243,7.432
07133060,Löllbach,Bad Kreuznach,Rhénanie-Palatinat,RLP,Allemagne,DE,49.691,7.599
07339034,Lörzweiler,Mainz-Bingen,Rhénanie-Palatinat,RLP,Allemagne,DE,49.894,8.298
07231076,Lösnich,Bernkastel-Wittlich,Rhénanie-Palatinat,RLP,Allemagne,DE,49.97,7.042
07231206,Lötzbeuren,Bernkastel-Wittlich,Rhénanie-Palatinat,RLP,Allemagne,DE,49.934,7.225
07231078,Lückenburg,Bernkastel-Wittlich,Rhénanie-Palatinat,RLP,Allemagne,DE,49.746,6.966
07232262,Lünebach,Eifelkreis Bitburg-Prüm,Rhénanie-Palatinat,RLP,Allemagne,DE,50.138,6.339
07135056,Lütz,Cochem-Zell,Rhénanie-Palatinat,RLP,Allemagne,DE,50.16,7.361
07232263,Lützkampen,Eifelkreis Bitburg-Prüm,Rhénanie-Palatinat,RLP,Allemagne,DE,50.158,6.174
07137215,Macken,Mayen-Koblenz,Rhénanie-Palatinat,RLP,Allemagne,DE,50.176,7.401
07335024,Mackenbach,Kaiserslautern,Rhénanie-Palatinat,RLP,Allemagne,DE,49.474,7.584
07134052,Mackenrodt,Birkenfeld,Rhénanie-Palatinat,RLP,Allemagne,DE,49.727,7.253
07337052,Maikammer,Südliche Weinstraße,Rhénanie-Palatinat,RLP,Allemagne,DE,49.303,8.13
07315000,Mainz,Mainz,Rhénanie-Palatinat,RLP,Allemagne,DE,49.982,8.243
07140089,Maisborn,Rhein-Hunsrück-Kreis,Rhénanie-Palatinat,RLP,Allemagne,DE,50.082,7.581
07140090,Maitzborn,Rhein-Hunsrück-Kreis,Rhénanie-Palatinat,RLP,Allemagne,DE,49.935,7.439
07132066,Malberg (Altenkirchen (Ww)),Altenkirchen (Ww),Rhénanie-Palatinat,RLP,Allemagne,DE,50.716,7.819
07232075,Malberg (Eifelkreis Bitburg-Prüm),Eifelkreis Bitburg-Prüm,Rhénanie-Palatinat,RLP,Allemagne,DE,50.052,6.577
07232076,Malbergweich,Eifelkreis Bitburg-Prüm,Rhénanie-Palatinat,RLP,Allemagne,DE,50.065,6.553
07231079,Malborn,Bernkastel-Wittlich,Rhénanie-Palatinat,RLP,Allemagne,DE,49.7,7.007
07132067,Mammelzen,Altenkirchen (Ww),Rhénanie-Palatinat,RLP,Allemagne,DE,50.703,7.672
07133061,Mandel,Bad Kreuznach,Rhénanie-Palatinat,RLP,Allemagne,DE,49.854,7.77
07235081,Mandern,Trier-Saarburg,Rhénanie-Palatinat,RLP,Allemagne,DE,49.596,6.765
07231080,Manderscheid (Bernkastel-Wittlich),Bernkastel-Wittlich,Rhénanie-Palatinat,RLP,Allemagne,DE,50.093,6.805
07232264,Manderscheid (Eifelkreis Bitburg-Prüm),Eifelkreis Bitburg-Prüm,Rhénanie-Palatinat,RLP,Allemagne,DE,50.102,6.344
07235082,Mannebach (Trier-Saarburg),Trier-Saarburg,Rhénanie-Palatinat,RLP,Allemagne,DE,49.634,6.508
07233225,Mannebach (Vulkaneifel),Vulkaneifel,Rhénanie-Palatinat,RLP,Allemagne,DE,50.287,6.985
07333043,Mannweiler-Cölln,Donnersbergkreis,Rhénanie-Palatinat,RLP,Allemagne,DE,49.694,7.801
07339036,Manubach,Mainz-Bingen,Rhénanie-Palatinat,RLP,Allemagne,DE,50.028,7.735
07141084,Marienfels,Rhein-Lahn-Kreis,Rhénanie-Palatinat,RLP,Allemagne,DE,50.242,7.804
07138201,Marienhausen,Neuwied,Rhénanie-Palatinat,RLP,Allemagne,DE,50.56,7.688
07143044,Marienrachdorf,Westerwaldkreis,Rhénanie-Palatinat,RLP,Allemagne,DE,50.549,7.712
07231081,Maring-Noviand,Bernkastel-Wittlich,Rhénanie-Palatinat,RLP,Allemagne,DE,49.931,6.984
07333045,Marnheim,Donnersbergkreis,Rhénanie-Palatinat,RLP,Allemagne,DE,49.622,8.044
07143045,Maroth,Westerwaldkreis,Rhénanie-Palatinat,RLP,Allemagne,DE,50.585,7.694
07335203,Martinshöhe,Kaiserslautern,Rhénanie-Palatinat,RLP,Allemagne,DE,49.36,7.476
07133062,Martinstein,Bad Kreuznach,Rhénanie-Palatinat,RLP,Allemagne,DE,49.803,7.542
07143261,Marzhausen,Westerwaldkreis,Rhénanie-Palatinat,RLP,Allemagne,DE,50.684,7.755
07135058,Masburg,Cochem-Zell,Rhénanie-Palatinat,RLP,Allemagne,DE,50.235,7.107
07340217,Maßweiler,Südwestpfalz,Rhénanie-Palatinat,RLP,Allemagne,DE,49.27,7.529
07140204,Mastershausen,Rhein-Hunsrück-Kreis,Rhénanie-Palatinat,RLP,Allemagne,DE,50.056,7.351
07232265,Masthorn,Eifelkreis Bitburg-Prüm,Rhénanie-Palatinat,RLP,Allemagne,DE,50.154,6.293
07336107,Matzenbach,Kusel,Rhénanie-Palatinat,RLP,Allemagne,DE,49.5,7.464
07232266,Matzerath,Eifelkreis Bitburg-Prüm,Rhénanie-Palatinat,RLP,Allemagne,DE,50.145,6.392
07331044,Mauchenheim,Alzey-Worms,Rhénanie-Palatinat,RLP,Allemagne,DE,49.716,8.049
07132068,Mauden,Altenkirchen (Ww),Rhénanie-Palatinat,RLP,Allemagne,DE,50.717,8.005
07232267,Mauel,Eifelkreis Bitburg-Prüm,Rhénanie-Palatinat,RLP,Allemagne,DE,50.061,6.393
07340218,Mauschbach,Südwestpfalz,Rhénanie-Palatinat,RLP,Allemagne,DE,49.187,7.395
07338018,Maxdorf,Rhein-Pfalz-Kreis,Rhénanie-Palatinat,RLP,Allemagne,DE,49.487,8.289
07143046,Maxsain,Westerwaldkreis,Rhénanie-Palatinat,RLP,Allemagne,DE,50.544,7.796
07137068,Mayen,Mayen-Koblenz,Rhénanie-Palatinat,RLP,Allemagne,DE,50.32,7.213
07131049,Mayschoß,Ahrweiler,Rhénanie-Palatinat,RLP,Allemagne,DE,50.52,7.017
07232077,Meckel,Eifelkreis Bitburg-Prüm,Rhénanie-Palatinat,RLP,Allemagne,DE,49.889,6.512
07133063,Meckenbach (Bad Kreuznach),Bad Kreuznach,Rhénanie-Palatinat,RLP,Allemagne,DE,49.77,7.506
07134053,Meckenbach (Birkenfeld),Birkenfeld,Rhénanie-Palatinat,RLP,Allemagne,DE,49.611,7.096
07332035,Meckenheim,Bad Dürkheim,Rhénanie-Palatinat,RLP,Allemagne,DE,49.398,8.239
07336061,Medard,Kusel,Rhénanie-Palatinat,RLP,Allemagne,DE,49.671,7.612
07133064,Meddersheim,Bad Kreuznach,Rhénanie-Palatinat,RLP,Allemagne,DE,49.774,7.609
07231082,Meerfeld,Bernkastel-Wittlich,Rhénanie-Palatinat,RLP,Allemagne,DE,50.102,6.759
07335025,Mehlbach,Kaiserslautern,Rhénanie-Palatinat,RLP,Allemagne,DE,49.525,7.72
07335026,Mehlingen,Kaiserslautern,Rhénanie-Palatinat,RLP,Allemagne,DE,49.486,7.843
07132069,Mehren (Altenkirchen (Ww)),Altenkirchen (Ww),Rhénanie-Palatinat,RLP,Allemagne,DE,50.682,7.511
07233042,Mehren (Vulkaneifel),Vulkaneifel,Rhénanie-Palatinat,RLP,Allemagne,DE,50.175,6.887
07235083,Mehring,Trier-Saarburg,Rhénanie-Palatinat,RLP,Allemagne,DE,49.768,6.849
07138042,Meinborn,Neuwied,Rhénanie-Palatinat,RLP,Allemagne,DE,50.492,7.565
07233043,Meisburg,Vulkaneifel,Rhénanie-Palatinat,RLP,Allemagne,DE,50.101,6.684
07133065,Meisenheim,Bad Kreuznach,Rhénanie-Palatinat,RLP,Allemagne,DE,49.71,7.671
07138043,Melsbach,Neuwied,Rhénanie-Palatinat,RLP,Allemagne,DE,50.489,7.479
07137069,Mendig,Mayen-Koblenz,Rhénanie-Palatinat,RLP,Allemagne,DE,50.377,7.265
07140092,Mengerschied,Rhein-Hunsrück-Kreis,Rhénanie-Palatinat,RLP,Allemagne,DE,49.907,7.517
07232078,Menningen,Eifelkreis Bitburg-Prüm,Rhénanie-Palatinat,RLP,Allemagne,DE,49.841,6.478
07143262,Merkelbach,Westerwaldkreis,Rhénanie-Palatinat,RLP,Allemagne,DE,50.643,7.774
07232270,Merlscheid,Eifelkreis Bitburg-Prüm,Rhénanie-Palatinat,RLP,Allemagne,DE,50.124,6.361
07140093,Mermuth,Rhein-Hunsrück-Kreis,Rhénanie-Palatinat,RLP,Allemagne,DE,50.176,7.484
07231083,Merschbach,Bernkastel-Wittlich,Rhénanie-Palatinat,RLP,Allemagne,DE,49.806,7.008
07235085,Mertesdorf,Trier-Saarburg,Rhénanie-Palatinat,RLP,Allemagne,DE,49.768,6.709
07332036,Mertesheim,Bad Dürkheim,Rhénanie-Palatinat,RLP,Allemagne,DE,49.572,8.136
07137070,Mertloch,Mayen-Koblenz,Rhénanie-Palatinat,RLP,Allemagne,DE,50.27,7.302
07133066,Merxheim,Bad Kreuznach,Rhénanie-Palatinat,RLP,Allemagne,DE,49.78,7.549
07340031,Merzalben,Südwestpfalz,Rhénanie-Palatinat,RLP,Allemagne,DE,49.242,7.755
07235154,Merzkirchen,Trier-Saarburg,Rhénanie-Palatinat,RLP,Allemagne,DE,49.582,6.475
07336062,Merzweiler,Kusel,Rhénanie-Palatinat,RLP,Allemagne,DE,49.668,7.538
07135060,Mesenich,Cochem-Zell,Rhénanie-Palatinat,RLP,Allemagne,DE,50.097,7.206
07232079,Messerich,Eifelkreis Bitburg-Prüm,Rhénanie-Palatinat,RLP,Allemagne,DE,49.943,6.473
07232080,Mettendorf,Eifelkreis Bitburg-Prüm,Rhénanie-Palatinat,RLP,Allemagne,DE,49.946,6.327
07331045,Mettenheim,Alzey-Worms,Rhénanie-Palatinat,RLP,Allemagne,DE,49.741,8.325
07232081,Metterich,Eifelkreis Bitburg-Prüm,Rhénanie-Palatinat,RLP,Allemagne,DE,49.983,6.595
07134054,Mettweiler,Birkenfeld,Rhénanie-Palatinat,RLP,Allemagne,DE,49.577,7.324
07140094,Metzenhausen,Rhein-Hunsrück-Kreis,Rhénanie-Palatinat,RLP,Allemagne,DE,49.97,7.369
07143263,Meudt,Westerwaldkreis,Rhénanie-Palatinat,RLP,Allemagne,DE,50.493,7.898
07131050,Meuspath,Ahrweiler,Rhénanie-Palatinat,RLP,Allemagne,DE,50.344,6.971
07140095,Michelbach,Rhein-Hunsrück-Kreis,Rhénanie-Palatinat,RLP,Allemagne,DE,50.017,7.456
07132070,Michelbach (Westerwald),Altenkirchen (Ww),Rhénanie-Palatinat,RLP,Allemagne,DE,50.681,7.681
07141085,Miehlen,Rhein-Lahn-Kreis,Rhénanie-Palatinat,RLP,Allemagne,DE,50.225,7.837
07141086,Miellen,Rhein-Lahn-Kreis,Rhénanie-Palatinat,RLP,Allemagne,DE,50.325,7.662
07232082,Minden,Eifelkreis Bitburg-Prüm,Rhénanie-Palatinat,RLP,Allemagne,DE,49.827,6.468
07231085,Minderlittgen,Bernkastel-Wittlich,Rhénanie-Palatinat,RLP,Allemagne,DE,50.013,6.838
07334020,Minfeld,Germersheim,Rhénanie-Palatinat,RLP,Allemagne,DE,49.076,8.144
07231086,Minheim,Bernkastel-Wittlich,Rhénanie-Palatinat,RLP,Allemagne,DE,49.87,6.937
07141087,Misselberg,Rhein-Lahn-Kreis,Rhénanie-Palatinat,RLP,Allemagne,DE,50.307,7.77
07335027,Mittelbrunn,Kaiserslautern,Rhénanie-Palatinat,RLP,Allemagne,DE,49.376,7.554
07141088,Mittelfischbach,Rhein-Lahn-Kreis,Rhénanie-Palatinat,RLP,Allemagne,DE,50.253,7.962
07132011,Mittelhof,Altenkirchen (Ww),Rhénanie-Palatinat,RLP,Allemagne,DE,50.784,7.803
07134055,Mittelreidenbach,Birkenfeld,Rhénanie-Palatinat,RLP,Allemagne,DE,49.725,7.435
07135061,Mittelstrimmig,Cochem-Zell,Rhénanie-Palatinat,RLP,Allemagne,DE,50.064,7.296
07143047,Mogendorf,Westerwaldkreis,Rhénanie-Palatinat,RLP,Allemagne,DE,50.49,7.75
07143266,Molsberg,Westerwaldkreis,Rhénanie-Palatinat,RLP,Allemagne,DE,50.483,7.971
07132071,Molzhain,Altenkirchen (Ww),Rhénanie-Palatinat,RLP,Allemagne,DE,50.749,7.853
07339037,Mommenheim,Mainz-Bingen,Rhénanie-Palatinat,RLP,Allemagne,DE,49.884,8.271
07137074,Monreal,Mayen-Koblenz,Rhénanie-Palatinat,RLP,Allemagne,DE,50.291,7.159
07331048,Monsheim,Alzey-Worms,Rhénanie-Palatinat,RLP,Allemagne,DE,49.635,8.212
07143048,Montabaur,Westerwaldkreis,Rhénanie-Palatinat,RLP,Allemagne,DE,50.437,7.812
07231087,Monzelfeld,Bernkastel-Wittlich,Rhénanie-Palatinat,RLP,Allemagne,DE,49.882,7.084
07331049,Monzernheim,Alzey-Worms,Rhénanie-Palatinat,RLP,Allemagne,DE,49.724,8.225
07133067,Monzingen,Bad Kreuznach,Rhénanie-Palatinat,RLP,Allemagne,DE,49.809,7.592
07231502,Morbach,Bernkastel-Wittlich,Rhénanie-Palatinat,RLP,Allemagne,DE,49.815,7.111
07135064,Moritzheim,Cochem-Zell,Rhénanie-Palatinat,RLP,Allemagne,DE,50.059,7.245
07235090,Morscheid,Trier-Saarburg,Rhénanie-Palatinat,RLP,Allemagne,DE,49.726,6.751
07333047,Morschheim,Donnersbergkreis,Rhénanie-Palatinat,RLP,Allemagne,DE,49.697,8.025
07140205,Morshausen,Rhein-Hunsrück-Kreis,Rhénanie-Palatinat,RLP,Allemagne,DE,50.195,7.438
07233226,Mosbruch,Vulkaneifel,Rhénanie-Palatinat,RLP,Allemagne,DE,50.261,6.942
07143049,Moschheim,Westerwaldkreis,Rhénanie-Palatinat,RLP,Allemagne,DE,50.484,7.84
07135065,Moselkern,Cochem-Zell,Rhénanie-Palatinat,RLP,Allemagne,DE,50.202,7.364
07143267,Mudenbach,Westerwaldkreis,Rhénanie-Palatinat,RLP,Allemagne,DE,50.67,7.736
07132072,Mudersbach,Altenkirchen (Ww),Rhénanie-Palatinat,RLP,Allemagne,DE,50.834,7.95
07141089,Mudershausen,Rhein-Lahn-Kreis,Rhénanie-Palatinat,RLP,Allemagne,DE,50.28,8.036
07231091,Musweiler,Bernkastel-Wittlich,Rhénanie-Palatinat,RLP,Allemagne,DE,50.007,6.804
07140099,Mutterschied,Rhein-Hunsrück-Kreis,Rhénanie-Palatinat,RLP,Allemagne,DE,49.98,7.566
07338019,Mutterstadt,Rhein-Pfalz-Kreis,Rhénanie-Palatinat,RLP,Allemagne,DE,49.442,8.347
07232084,Muxerath,Eifelkreis Bitburg-Prüm,Rhénanie-Palatinat,RLP,Allemagne,DE,49.994,6.266
07143502,Mähren,Westerwaldkreis,Rhénanie-Palatinat,RLP,Allemagne,DE,50.523,7.926
07331046,Mölsheim,Alzey-Worms,Rhénanie-Palatinat,RLP,Allemagne,DE,49.653,8.169
07135062,Möntenich,Cochem-Zell,Rhénanie-Palatinat,RLP,Allemagne,DE,50.217,7.301
07143264,Mörlen,Westerwaldkreis,Rhénanie-Palatinat,RLP,Allemagne,DE,50.691,7.89
07143265,Mörsbach,Westerwaldkreis,Rhénanie-Palatinat,RLP,Allemagne,DE,50.727,7.768
07140096,Mörschbach,Rhein-Hunsrück-Kreis,Rhénanie-Palatinat,RLP,Allemagne,DE,50.011,7.624
07134056,Mörschied,Birkenfeld,Rhénanie-Palatinat,RLP,Allemagne,DE,49.789,7.283
07140503,Mörsdorf,Rhein-Hunsrück-Kreis,Rhénanie-Palatinat,RLP,Allemagne,DE,50.109,7.335
07333046,Mörsfeld,Donnersbergkreis,Rhénanie-Palatinat,RLP,Allemagne,DE,49.738,7.928
07331047,Mörstadt,Alzey-Worms,Rhénanie-Palatinat,RLP,Allemagne,DE,49.66,8.255
07233046,Mückeln,Vulkaneifel,Rhénanie-Palatinat,RLP,Allemagne,DE,50.087,6.922
07135066,Müden (Mosel),Cochem-Zell,Rhénanie-Palatinat,RLP,Allemagne,DE,50.191,7.335
07140098,Mühlpfad,Rhein-Hunsrück-Kreis,Rhénanie-Palatinat,RLP,Allemagne,DE,50.12,7.554
07232083,Mülbach,Eifelkreis Bitburg-Prüm,Rhénanie-Palatinat,RLP,Allemagne,DE,49.969,6.401
07231090,Mülheim an der Mosel,Bernkastel-Wittlich,Rhénanie-Palatinat,RLP,Allemagne,DE,49.909,7.015
07137216,Mülheim-Kärlich,Mayen-Koblenz,Rhénanie-Palatinat,RLP,Allemagne,DE,50.39,7.497
07131051,Müllenbach (Ahrweiler),Ahrweiler,Rhénanie-Palatinat,RLP,Allemagne,DE,50.32,6.922
07135067,Müllenbach (Cochem-Zell),Cochem-Zell,Rhénanie-Palatinat,RLP,Allemagne,DE,50.217,7.066
07133068,Münchwald,Bad Kreuznach,Rhénanie-Palatinat,RLP,Allemagne,DE,49.896,7.678
07337054,Münchweiler am Klingbach,Südliche Weinstraße,Rhénanie-Palatinat,RLP,Allemagne,DE,49.151,7.97
07333048,Münchweiler an der Alsenz,Donnersbergkreis,Rhénanie-Palatinat,RLP,Allemagne,DE,49.542,7.881
07340032,Münchweiler an der Rodalb,Südwestpfalz,Rhénanie-Palatinat,RLP,Allemagne,DE,49.218,7.708
07143268,Mündersbach,Westerwaldkreis,Rhénanie-Palatinat,RLP,Allemagne,DE,50.603,7.733
07137077,Münk,Mayen-Koblenz,Rhénanie-Palatinat,RLP,Allemagne,DE,50.302,7.039
07339038,Münster-Sarmsheim,Mainz-Bingen,Rhénanie-Palatinat,RLP,Allemagne,DE,49.945,7.883
07333049,Münsterappel,Donnersbergkreis,Rhénanie-Palatinat,RLP,Allemagne,DE,49.731,7.883
07137501,Münstermaifeld,Mayen-Koblenz,Rhénanie-Palatinat,RLP,Allemagne,DE,50.245,7.375
07233227,Mürlenbach,Vulkaneifel,Rhénanie-Palatinat,RLP,Allemagne,DE,50.144,6.627
07131052,Müsch,Ahrweiler,Rhénanie-Palatinat,RLP,Allemagne,DE,50.387,6.831
07143269,Müschenbach,Westerwaldkreis,Rhénanie-Palatinat,RLP,Allemagne,DE,50.68,7.788
07232271,Mützenich,Eifelkreis Bitburg-Prüm,Rhénanie-Palatinat,RLP,Allemagne,DE,50.255,6.258
07137079,Nachtsheim,Mayen-Koblenz,Rhénanie-Palatinat,RLP,Allemagne,DE,50.319,7.065
07331050,Nack,Alzey-Worms,Rhénanie-Palatinat,RLP,Allemagne,DE,49.744,8
07339039,Nackenheim,Mainz-Bingen,Rhénanie-Palatinat,RLP,Allemagne,DE,49.913,8.335
07140100,Nannhausen,Rhein-Hunsrück-Kreis,Rhénanie-Palatinat,RLP,Allemagne,DE,49.974,7.472
07336064,Nanzdietschweiler,Kusel,Rhénanie-Palatinat,RLP,Allemagne,DE,49.442,7.435
07232085,Nasingen,Eifelkreis Bitburg-Prüm,Rhénanie-Palatinat,RLP,Allemagne,DE,49.977,6.258
07141091,Nassau,Rhein-Lahn-Kreis,Rhénanie-Palatinat,RLP,Allemagne,DE,50.316,7.803
07141092,Nastätten,Rhein-Lahn-Kreis,Rhénanie-Palatinat,RLP,Allemagne,DE,50.188,7.865
07232086,Nattenheim,Eifelkreis Bitburg-Prüm,Rhénanie-Palatinat,RLP,Allemagne,DE,50.02,6.518
07137080,Naunheim,Mayen-Koblenz,Rhénanie-Palatinat,RLP,Allemagne,DE,50.254,7.32
07143050,Nauort,Westerwaldkreis,Rhénanie-Palatinat,RLP,Allemagne,DE,50.463,7.627
07235091,Naurath (Eifel),Trier-Saarburg,Rhénanie-Palatinat,RLP,Allemagne,DE,49.878,6.746
07235092,Naurath (Wald),Trier-Saarburg,Rhénanie-Palatinat,RLP,Allemagne,DE,49.765,6.881
07132073,Nauroth,Altenkirchen (Ww),Rhénanie-Palatinat,RLP,Allemagne,DE,50.699,7.87
07135068,Neef,Cochem-Zell,Rhénanie-Palatinat,RLP,Allemagne,DE,50.077,7.148
07135069,Nehren,Cochem-Zell,Rhénanie-Palatinat,RLP,Allemagne,DE,50.086,7.188
07233048,Neichen,Vulkaneifel,Rhénanie-Palatinat,RLP,Allemagne,DE,50.26,6.869
07232087,Neidenbach,Eifelkreis Bitburg-Prüm,Rhénanie-Palatinat,RLP,Allemagne,DE,50.095,6.562
07332037,Neidenfels,Bad Dürkheim,Rhénanie-Palatinat,RLP,Allemagne,DE,49.394,8.041
07132502,Neitersen,Altenkirchen (Ww),Rhénanie-Palatinat,RLP,Allemagne,DE,50.671,7.583
07143051,Nentershausen,Westerwaldkreis,Rhénanie-Palatinat,RLP,Allemagne,DE,50.426,7.936
07233049,Nerdlen,Vulkaneifel,Rhénanie-Palatinat,RLP,Allemagne,DE,50.239,6.856
07233050,Neroth,Vulkaneifel,Rhénanie-Palatinat,RLP,Allemagne,DE,50.198,6.736
07336065,Nerzweiler,Kusel,Rhénanie-Palatinat,RLP,Allemagne,DE,49.605,7.557
07141093,Netzbach,Rhein-Lahn-Kreis,Rhénanie-Palatinat,RLP,Allemagne,DE,50.317,8.094
07133069,Neu-Bamberg,Bad Kreuznach,Rhénanie-Palatinat,RLP,Allemagne,DE,49.789,7.92
07334021,Neuburg am Rhein,Germersheim,Rhénanie-Palatinat,RLP,Allemagne,DE,48.986,8.247
07232272,Neuendorf,Eifelkreis Bitburg-Prüm,Rhénanie-Palatinat,RLP,Allemagne,DE,50.295,6.464
07232088,Neuerburg,Eifelkreis Bitburg-Prüm,Rhénanie-Palatinat,RLP,Allemagne,DE,50.01,6.29
07140101,Neuerkirch,Rhein-Hunsrück-Kreis,Rhénanie-Palatinat,RLP,Allemagne,DE,50.02,7.494
07232273,Neuheilenbach,Eifelkreis Bitburg-Prüm,Rhénanie-Palatinat,RLP,Allemagne,DE,50.111,6.557
07335028,Neuhemsbach,Kaiserslautern,Rhénanie-Palatinat,RLP,Allemagne,DE,49.525,7.92
07338020,Neuhofen,Rhein-Pfalz-Kreis,Rhénanie-Palatinat,RLP,Allemagne,DE,49.42,8.435
07143052,Neuhäusel,Westerwaldkreis,Rhénanie-Palatinat,RLP,Allemagne,DE,50.386,7.711
07235093,Neuhütten,Trier-Saarburg,Rhénanie-Palatinat,RLP,Allemagne,DE,49.673,7.035
07332038,Neuleiningen,Bad Dürkheim,Rhénanie-Palatinat,RLP,Allemagne,DE,49.544,8.131
07231092,Neumagen-Dhron,Bernkastel-Wittlich,Rhénanie-Palatinat,RLP,Allemagne,DE,49.847,6.909
07143270,Neunkhausen,Westerwaldkreis,Rhénanie-Palatinat,RLP,Allemagne,DE,50.703,7.909
07231093,Neunkirchen (Bernkastel-Wittlich),Bernkastel-Wittlich,Rhénanie-Palatinat,RLP,Allemagne,DE,49.745,6.94
07143271,Neunkirchen (Westerwaldkreis),Westerwaldkreis,Rhénanie-Palatinat,RLP,Allemagne,DE,50.546,8.096
07336066,Neunkirchen am Potzberg,Kusel,Rhénanie-Palatinat,RLP,Allemagne,DE,49.509,7.487
07334022,Neupotz,Germersheim,Rhénanie-Palatinat,RLP,Allemagne,DE,49.103,8.334
07138044,Neustadt (Wied),Neuwied,Rhénanie-Palatinat,RLP,Allemagne,DE,50.613,7.418
07316000,Neustadt an der Weinstraße,Neustadt a.d.W.,Rhénanie-Palatinat,RLP,Allemagne,DE,49.349,8.152
07143272,Neustadt/Westerwald,Westerwaldkreis,Rhénanie-Palatinat,RLP,Allemagne,DE,50.625,8.038
07138045,Neuwied,Neuwied,Rhénanie-Palatinat,RLP,Allemagne,DE,50.449,7.49
07235094,Newel,Trier-Saarburg,Rhénanie-Palatinat,RLP,Allemagne,DE,49.811,6.609
07140102,Ney,Rhein-Hunsrück-Kreis,Rhénanie-Palatinat,RLP,Allemagne,DE,50.185,7.524
07137081,Nickenich,Mayen-Koblenz,Rhénanie-Palatinat,RLP,Allemagne,DE,50.409,7.325
07140105,Nieder Kostenz,Rhein-Hunsrück-Kreis,Rhénanie-Palatinat,RLP,Allemagne,DE,49.943,7.365
07339041,Nieder-Hilbersheim,Mainz-Bingen,Rhénanie-Palatinat,RLP,Allemagne,DE,49.915,8.048
07339042,Nieder-Olm,Mainz-Bingen,Rhénanie-Palatinat,RLP,Allemagne,DE,49.902,8.204
07331051,Nieder-Wiesen,Alzey-Worms,Rhénanie-Palatinat,RLP,Allemagne,DE,49.731,7.975
07143273,Niederahr,Westerwaldkreis,Rhénanie-Palatinat,RLP,Allemagne,DE,50.494,7.859
07336067,Niederalben,Kusel,Rhénanie-Palatinat,RLP,Allemagne,DE,49.624,7.45
07141094,Niederbachheim,Rhein-Lahn-Kreis,Rhénanie-Palatinat,RLP,Allemagne,DE,50.245,7.765
07138047,Niederbreitbach,Neuwied,Rhénanie-Palatinat,RLP,Allemagne,DE,50.529,7.426
07134057,Niederbrombach,Birkenfeld,Rhénanie-Palatinat,RLP,Allemagne,DE,49.678,7.243
07140104,Niederburg,Rhein-Hunsrück-Kreis,Rhénanie-Palatinat,RLP,Allemagne,DE,50.116,7.695
07132075,Niederdreisbach,Altenkirchen (Ww),Rhénanie-Palatinat,RLP,Allemagne,DE,50.746,7.92
07131054,Niederdürenbach,Ahrweiler,Rhénanie-Palatinat,RLP,Allemagne,DE,50.449,7.169
07143053,Niederelbert,Westerwaldkreis,Rhénanie-Palatinat,RLP,Allemagne,DE,50.402,7.794
07143054,Niedererbach,Westerwaldkreis,Rhénanie-Palatinat,RLP,Allemagne,DE,50.426,7.97
07137217,Niederfell,Mayen-Koblenz,Rhénanie-Palatinat,RLP,Allemagne,DE,50.28,7.474
07132076,Niederfischbach,Altenkirchen (Ww),Rhénanie-Palatinat,RLP,Allemagne,DE,50.857,7.874
07134058,Niederhambach,Birkenfeld,Rhénanie-Palatinat,RLP,Allemagne,DE,49.688,7.204
07133070,Niederhausen,Bad Kreuznach,Rhénanie-Palatinat,RLP,Allemagne,DE,49.799,7.778
07333050,Niederhausen an der Appel,Donnersbergkreis,Rhénanie-Palatinat,RLP,Allemagne,DE,49.747,7.894
07339040,Niederheimbach,Mainz-Bingen,Rhénanie-Palatinat,RLP,Allemagne,DE,50.018,7.807
07138048,Niederhofen,Neuwied,Rhénanie-Palatinat,RLP,Allemagne,DE,50.563,7.605
07337055,Niederhorbach,Südliche Weinstraße,Rhénanie-Palatinat,RLP,Allemagne,DE,49.114,8.036
07134059,Niederhosenbach,Birkenfeld,Rhénanie-Palatinat,RLP,Allemagne,DE,49.792,7.368
07132077,Niederirsen,Altenkirchen (Ww),Rhénanie-Palatinat,RLP,Allemagne,DE,50.756,7.604
07335029,Niederkirchen,Kaiserslautern,Rhénanie-Palatinat,RLP,Allemagne,DE,49.572,7.688
07332039,Niederkirchen bei Deidesheim,Bad Dürkheim,Rhénanie-Palatinat,RLP,Allemagne,DE,49.417,8.221
07140106,Niederkumbd,Rhein-Hunsrück-Kreis,Rhénanie-Palatinat,RLP,Allemagne,DE,50.013,7.532
07232276,Niederlauch,Eifelkreis Bitburg-Prüm,Rhénanie-Palatinat,RLP,Allemagne,DE,50.16,6.43
07335030,Niedermohr,Kaiserslautern,Rhénanie-Palatinat,RLP,Allemagne,DE,49.46,7.474
07333051,Niedermoschel,Donnersbergkreis,Rhénanie-Palatinat,RLP,Allemagne,DE,49.74,7.792
07141095,Niederneisen,Rhein-Lahn-Kreis,Rhénanie-Palatinat,RLP,Allemagne,DE,50.34,8.065
07337056,Niederotterbach,Südliche Weinstraße,Rhénanie-Palatinat,RLP,Allemagne,DE,49.067,8.04
07232277,Niederpierscheid,Eifelkreis Bitburg-Prüm,Rhénanie-Palatinat,RLP,Allemagne,DE,50.077,6.374
07232090,Niederraden,Eifelkreis Bitburg-Prüm,Rhénanie-Palatinat,RLP,Allemagne,DE,49.985,6.329
07143274,Niederroßbach,Westerwaldkreis,Rhénanie-Palatinat,RLP,Allemagne,DE,50.641,8.032
07143275,Niedersayn,Westerwaldkreis,Rhénanie-Palatinat,RLP,Allemagne,DE,50.53,7.842
07231096,Niederscheidweiler,Bernkastel-Wittlich,Rhénanie-Palatinat,RLP,Allemagne,DE,50.059,6.95
07340033,Niederschlettenbach,Südwestpfalz,Rhénanie-Palatinat,RLP,Allemagne,DE,49.087,7.846
07140107,Niedersohren,Rhein-Hunsrück-Kreis,Rhénanie-Palatinat,RLP,Allemagne,DE,49.929,7.333
07233052,Niederstadtfeld,Vulkaneifel,Rhénanie-Palatinat,RLP,Allemagne,DE,50.156,6.759
07336068,Niederstaufenbach,Kusel,Rhénanie-Palatinat,RLP,Allemagne,DE,49.528,7.516
07232091,Niederstedem,Eifelkreis Bitburg-Prüm,Rhénanie-Palatinat,RLP,Allemagne,DE,49.925,6.494
07132078,Niedersteinebach,Altenkirchen (Ww),Rhénanie-Palatinat,RLP,Allemagne,DE,50.599,7.505
07140108,Niedert,Rhein-Hunsrück-Kreis,Rhénanie-Palatinat,RLP,Allemagne,DE,50.128,7.543
07141096,Niedertiefenbach,Rhein-Lahn-Kreis,Rhénanie-Palatinat,RLP,Allemagne,DE,50.261,7.908
07141097,Niederwallmenach,Rhein-Lahn-Kreis,Rhénanie-Palatinat,RLP,Allemagne,DE,50.167,7.81
07138050,Niederwambach,Neuwied,Rhénanie-Palatinat,RLP,Allemagne,DE,50.63,7.589
07232092,Niederweiler (Eifelkreis Bitburg-Prüm),Eifelkreis Bitburg-Prüm,Rhénanie-Palatinat,RLP,Allemagne,DE,50.03,6.439
07140109,Niederweiler (Rhein-Hunsrück-Kreis),Rhein-Hunsrück-Kreis,Rhénanie-Palatinat,RLP,Allemagne,DE,49.908,7.28
07232093,Niederweis,Eifelkreis Bitburg-Prüm,Rhénanie-Palatinat,RLP,Allemagne,DE,49.865,6.474
07137218,Niederwerth,Mayen-Koblenz,Rhénanie-Palatinat,RLP,Allemagne,DE,50.398,7.599
07134060,Niederwörresbach,Birkenfeld,Rhénanie-Palatinat,RLP,Allemagne,DE,49.763,7.328
07131055,Niederzissen,Ahrweiler,Rhénanie-Palatinat,RLP,Allemagne,DE,50.456,7.223
07231095,Niederöfflingen,Bernkastel-Wittlich,Rhénanie-Palatinat,RLP,Allemagne,DE,50.061,6.887
07232094,Niehl,Eifelkreis Bitburg-Prüm,Rhénanie-Palatinat,RLP,Allemagne,DE,49.951,6.366
07231504,Niersbach,Bernkastel-Wittlich,Rhénanie-Palatinat,RLP,Allemagne,DE,49.932,6.735
07339043,Nierstein,Mainz-Bingen,Rhénanie-Palatinat,RLP,Allemagne,DE,49.873,8.323
07141098,Nievern,Rhein-Lahn-Kreis,Rhénanie-Palatinat,RLP,Allemagne,DE,50.329,7.689
07232279,Nimshuscheid,Eifelkreis Bitburg-Prüm,Rhénanie-Palatinat,RLP,Allemagne,DE,50.097,6.489
07232280,Nimsreuland,Eifelkreis Bitburg-Prüm,Rhénanie-Palatinat,RLP,Allemagne,DE,50.131,6.451
07143276,Nister,Westerwaldkreis,Rhénanie-Palatinat,RLP,Allemagne,DE,50.677,7.86
07143278,Nister-Möhrendorf,Westerwaldkreis,Rhénanie-Palatinat,RLP,Allemagne,DE,50.657,8.077
07143277,Nisterau,Westerwaldkreis,Rhénanie-Palatinat,RLP,Allemagne,DE,50.661,7.986
07132079,Nisterberg,Altenkirchen (Ww),Rhénanie-Palatinat,RLP,Allemagne,DE,50.685,7.984
07143279,Nistertal,Westerwaldkreis,Rhénanie-Palatinat,RLP,Allemagne,DE,50.627,7.9
07235095,Nittel,Trier-Saarburg,Rhénanie-Palatinat,RLP,Allemagne,DE,49.649,6.457
07233228,Nitz,Vulkaneifel,Rhénanie-Palatinat,RLP,Allemagne,DE,50.335,7.02
07141099,Nochern,Rhein-Lahn-Kreis,Rhénanie-Palatinat,RLP,Allemagne,DE,50.177,7.722
07134061,Nohen,Birkenfeld,Rhénanie-Palatinat,RLP,Allemagne,DE,49.643,7.237
07233229,Nohn,Vulkaneifel,Rhénanie-Palatinat,RLP,Allemagne,DE,50.33,6.783
07143055,Nomborn,Westerwaldkreis,Rhénanie-Palatinat,RLP,Allemagne,DE,50.427,7.904
07140110,Norath,Rhein-Hunsrück-Kreis,Rhénanie-Palatinat,RLP,Allemagne,DE,50.126,7.585
07143056,Nordhofen,Westerwaldkreis,Rhénanie-Palatinat,RLP,Allemagne,DE,50.508,7.75
07133071,Norheim,Bad Kreuznach,Rhénanie-Palatinat,RLP,Allemagne,DE,49.809,7.806
07143280,Norken,Westerwaldkreis,Rhénanie-Palatinat,RLP,Allemagne,DE,50.676,7.901
07340034,Nothweiler,Südwestpfalz,Rhénanie-Palatinat,RLP,Allemagne,DE,49.065,7.817
07232095,Nusbaum,Eifelkreis Bitburg-Prüm,Rhénanie-Palatinat,RLP,Allemagne,DE,49.907,6.349
07336069,Nußbach,Kusel,Rhénanie-Palatinat,RLP,Allemagne,DE,49.637,7.702
07133072,Nußbaum,Bad Kreuznach,Rhénanie-Palatinat,RLP,Allemagne,DE,49.803,7.622
07137219,Nörtershausen,Mayen-Koblenz,Rhénanie-Palatinat,RLP,Allemagne,DE,50.226,7.484
07340035,Nünschweiler,Südwestpfalz,Rhénanie-Palatinat,RLP,Allemagne,DE,49.218,7.509
07131058,Nürburg,Ahrweiler,Rhénanie-Palatinat,RLP,Allemagne,DE,50.34,6.948
07140111,Ober Kostenz,Rhein-Hunsrück-Kreis,Rhénanie-Palatinat,RLP,Allemagne,DE,49.957,7.35
07331052,Ober-Flörsheim,Alzey-Worms,Rhénanie-Palatinat,RLP,Allemagne,DE,49.677,8.153
07339046,Ober-Hilbersheim,Mainz-Bingen,Rhénanie-Palatinat,RLP,Allemagne,DE,49.899,8.023
07339047,Ober-Olm,Mainz-Bingen,Rhénanie-Palatinat,RLP,Allemagne,DE,49.938,8.187
07143281,Oberahr,Westerwaldkreis,Rhénanie-Palatinat,RLP,Allemagne,DE,50.503,7.872
07336070,Oberalben,Kusel,Rhénanie-Palatinat,RLP,Allemagne,DE,49.58,7.407
07335031,Oberarnbach,Kaiserslautern,Rhénanie-Palatinat,RLP,Allemagne,DE,49.384,7.587
07141100,Oberbachheim,Rhein-Lahn-Kreis,Rhénanie-Palatinat,RLP,Allemagne,DE,50.247,7.743
07233053,Oberbettingen,Vulkaneifel,Rhénanie-Palatinat,RLP,Allemagne,DE,50.285,6.62
07235096,Oberbillig,Trier-Saarburg,Rhénanie-Palatinat,RLP,Allemagne,DE,49.699,6.501
07134062,Oberbrombach,Birkenfeld,Rhénanie-Palatinat,RLP,Allemagne,DE,49.695,7.27
07339044,Oberdiebach,Mainz-Bingen,Rhénanie-Palatinat,RLP,Allemagne,DE,50.033,7.777
07138052,Oberdreis,Neuwied,Rhénanie-Palatinat,RLP,Allemagne,DE,50.628,7.671
07131059,Oberdürenbach,Ahrweiler,Rhénanie-Palatinat,RLP,Allemagne,DE,50.462,7.149
07233054,Oberehe-Stroheich,Vulkaneifel,Rhénanie-Palatinat,RLP,Allemagne,DE,50.28,6.766
07143057,Oberelbert,Westerwaldkreis,Rhénanie-Palatinat,RLP,Allemagne,DE,50.386,7.813
07233230,Oberelz,Vulkaneifel,Rhénanie-Palatinat,RLP,Allemagne,DE,50.27,7.052
07143058,Obererbach,Westerwaldkreis,Rhénanie-Palatinat,RLP,Allemagne,DE,50.442,7.971
07132081,Obererbach (Westerwald),Altenkirchen (Ww),Rhénanie-Palatinat,RLP,Allemagne,DE,50.719,7.663
07137220,Oberfell,Mayen-Koblenz,Rhénanie-Palatinat,RLP,Allemagne,DE,50.257,7.466
07141101,Oberfischbach,Rhein-Lahn-Kreis,Rhénanie-Palatinat,RLP,Allemagne,DE,50.249,7.937
07232503,Obergeckler,Eifelkreis Bitburg-Prüm,Rhénanie-Palatinat,RLP,Allemagne,DE,49.978,6.293
07143059,Oberhaid,Westerwaldkreis,Rhénanie-Palatinat,RLP,Allemagne,DE,50.506,7.719
07134063,Oberhambach,Birkenfeld,Rhénanie-Palatinat,RLP,Allemagne,DE,49.697,7.136
07337058,Oberhausen,Südliche Weinstraße,Rhénanie-Palatinat,RLP,Allemagne,DE,49.096,8.051
07333053,Oberhausen an der Appel,Donnersbergkreis,Rhénanie-Palatinat,RLP,Allemagne,DE,49.722,7.868
07133074,Oberhausen an der Nahe,Bad Kreuznach,Rhénanie-Palatinat,RLP,Allemagne,DE,49.788,7.754
07133073,Oberhausen bei Kirn,Bad Kreuznach,Rhénanie-Palatinat,RLP,Allemagne,DE,49.809,7.451
07339045,Oberheimbach,Mainz-Bingen,Rhénanie-Palatinat,RLP,Allemagne,DE,50.011,7.768
07138053,Oberhonnefeld-Gierend,Neuwied,Rhénanie-Palatinat,RLP,Allemagne,DE,50.56,7.516
07134064,Oberhosenbach,Birkenfeld,Rhénanie-Palatinat,RLP,Allemagne,DE,49.814,7.329
07132082,Oberirsen,Altenkirchen (Ww),Rhénanie-Palatinat,RLP,Allemagne,DE,50.727,7.574
07232282,Oberkail,Eifelkreis Bitburg-Prüm,Rhénanie-Palatinat,RLP,Allemagne,DE,50.049,6.679
07134065,Oberkirn,Birkenfeld,Rhénanie-Palatinat,RLP,Allemagne,DE,49.886,7.37
07132083,Oberlahr,Altenkirchen (Ww),Rhénanie-Palatinat,RLP,Allemagne,DE,50.619,7.515
07232283,Oberlascheid,Eifelkreis Bitburg-Prüm,Rhénanie-Palatinat,RLP,Allemagne,DE,50.267,6.302
07232284,Oberlauch,Eifelkreis Bitburg-Prüm,Rhénanie-Palatinat,RLP,Allemagne,DE,50.168,6.433
07333054,Obermoschel,Donnersbergkreis,Rhénanie-Palatinat,RLP,Allemagne,DE,49.728,7.768
07333055,Oberndorf,Donnersbergkreis,Rhénanie-Palatinat,RLP,Allemagne,DE,49.706,7.817
07141102,Oberneisen,Rhein-Lahn-Kreis,Rhénanie-Palatinat,RLP,Allemagne,DE,50.323,8.072
07340219,Obernheim-Kirchenarnbach,Südwestpfalz,Rhénanie-Palatinat,RLP,Allemagne,DE,49.361,7.583
07141103,Obernhof,Rhein-Lahn-Kreis,Rhénanie-Palatinat,RLP,Allemagne,DE,50.325,7.864
07337059,Oberotterbach,Südliche Weinstraße,Rhénanie-Palatinat,RLP,Allemagne,DE,49.079,7.923
07232285,Oberpierscheid,Eifelkreis Bitburg-Prüm,Rhénanie-Palatinat,RLP,Allemagne,DE,50.053,6.372
07138054,Oberraden,Neuwied,Rhénanie-Palatinat,RLP,Allemagne,DE,50.545,7.539
07134066,Oberreidenbach,Birkenfeld,Rhénanie-Palatinat,RLP,Allemagne,DE,49.696,7.451
07143282,Oberrod,Westerwaldkreis,Rhénanie-Palatinat,RLP,Allemagne,DE,50.592,8.133
07143283,Oberroßbach,Westerwaldkreis,Rhénanie-Palatinat,RLP,Allemagne,DE,50.656,8.034
07231101,Oberscheidweiler,Bernkastel-Wittlich,Rhénanie-Palatinat,RLP,Allemagne,DE,50.074,6.931
07337060,Oberschlettenbach,Südliche Weinstraße,Rhénanie-Palatinat,RLP,Allemagne,DE,49.142,7.868
07340036,Obersimten,Südwestpfalz,Rhénanie-Palatinat,RLP,Allemagne,DE,49.165,7.584
07233055,Oberstadtfeld,Vulkaneifel,Rhénanie-Palatinat,RLP,Allemagne,DE,50.18,6.759
07336071,Oberstaufenbach,Kusel,Rhénanie-Palatinat,RLP,Allemagne,DE,49.515,7.513
07232097,Oberstedem,Eifelkreis Bitburg-Prüm,Rhénanie-Palatinat,RLP,Allemagne,DE,49.931,6.518
07132085,Obersteinebach,Altenkirchen (Ww),Rhénanie-Palatinat,RLP,Allemagne,DE,50.591,7.487
07133075,Oberstreit,Bad Kreuznach,Rhénanie-Palatinat,RLP,Allemagne,DE,49.798,7.697
07332040,Obersülzen,Bad Dürkheim,Rhénanie-Palatinat,RLP,Allemagne,DE,49.567,8.21
07141104,Obertiefenbach,Rhein-Lahn-Kreis,Rhénanie-Palatinat,RLP,Allemagne,DE,50.243,7.895
07141105,Oberwallmenach,Rhein-Lahn-Kreis,Rhénanie-Palatinat,RLP,Allemagne,DE,50.165,7.832
07132086,Oberwambach,Altenkirchen (Ww),Rhénanie-Palatinat,RLP,Allemagne,DE,50.658,7.656
07232098,Oberweiler,Eifelkreis Bitburg-Prüm,Rhénanie-Palatinat,RLP,Allemagne,DE,50.047,6.432
07336072,Oberweiler im Tal,Kusel,Rhénanie-Palatinat,RLP,Allemagne,DE,49.575,7.55
07336073,Oberweiler-Tiefenbach,Kusel,Rhénanie-Palatinat,RLP,Allemagne,DE,49.599,7.619
07232099,Oberweis,Eifelkreis Bitburg-Prüm,Rhénanie-Palatinat,RLP,Allemagne,DE,49.965,6.427
07140112,Oberwesel,Rhein-Hunsrück-Kreis,Rhénanie-Palatinat,RLP,Allemagne,DE,50.092,7.72
07141106,Oberwies,Rhein-Lahn-Kreis,Rhénanie-Palatinat,RLP,Allemagne,DE,50.281,7.769
07333056,Oberwiesen,Donnersbergkreis,Rhénanie-Palatinat,RLP,Allemagne,DE,49.695,7.966
07134067,Oberwörresbach,Birkenfeld,Rhénanie-Palatinat,RLP,Allemagne,DE,49.778,7.317
07131060,Oberzissen,Ahrweiler,Rhénanie-Palatinat,RLP,Allemagne,DE,50.452,7.196
07231100,Oberöfflingen,Bernkastel-Wittlich,Rhénanie-Palatinat,RLP,Allemagne,DE,50.062,6.845
07332041,Obrigheim (Pfalz),Bad Dürkheim,Rhénanie-Palatinat,RLP,Allemagne,DE,49.585,8.196
07137086,Ochtendung,Mayen-Koblenz,Rhénanie-Palatinat,RLP,Allemagne,DE,50.348,7.385
07138055,Ockenfels,Neuwied,Rhénanie-Palatinat,RLP,Allemagne,DE,50.581,7.282
07339048,Ockenheim,Mainz-Bingen,Rhénanie-Palatinat,RLP,Allemagne,DE,49.943,7.973
07235098,Ockfen,Trier-Saarburg,Rhénanie-Palatinat,RLP,Allemagne,DE,49.622,6.585
07336074,Odenbach,Kusel,Rhénanie-Palatinat,RLP,Allemagne,DE,49.682,7.651
07133076,Odernheim am Glan,Bad Kreuznach,Rhénanie-Palatinat,RLP,Allemagne,DE,49.761,7.711
07141107,Oelsberg,Rhein-Lahn-Kreis,Rhénanie-Palatinat,RLP,Allemagne,DE,50.191,7.834
07337061,Offenbach an der Queich,Südliche Weinstraße,Rhénanie-Palatinat,RLP,Allemagne,DE,49.191,8.196
07336075,Offenbach-Hundheim,Kusel,Rhénanie-Palatinat,RLP,Allemagne,DE,49.621,7.556
07331053,Offenheim,Alzey-Worms,Rhénanie-Palatinat,RLP,Allemagne,DE,49.711,7.995
07331054,Offstein,Alzey-Worms,Rhénanie-Palatinat,RLP,Allemagne,DE,49.602,8.239
07131062,Ohlenhard,Ahrweiler,Rhénanie-Palatinat,RLP,Allemagne,DE,50.443,6.767
07140113,Ohlweiler,Rhein-Hunsrück-Kreis,Rhénanie-Palatinat,RLP,Allemagne,DE,49.964,7.503
07336076,Ohmbach,Kusel,Rhénanie-Palatinat,RLP,Allemagne,DE,49.45,7.346
07235100,Ollmuth,Trier-Saarburg,Rhénanie-Palatinat,RLP,Allemagne,DE,49.673,6.705
07232287,Olmscheid,Eifelkreis Bitburg-Prüm,Rhénanie-Palatinat,RLP,Allemagne,DE,50.062,6.216
07335033,Olsbrücken,Kaiserslautern,Rhénanie-Palatinat,RLP,Allemagne,DE,49.542,7.667
07232100,Olsdorf,Eifelkreis Bitburg-Prüm,Rhénanie-Palatinat,RLP,Allemagne,DE,49.954,6.388
07232288,Olzheim,Eifelkreis Bitburg-Prüm,Rhénanie-Palatinat,RLP,Allemagne,DE,50.276,6.437
07235101,Onsdorf,Trier-Saarburg,Rhénanie-Palatinat,RLP,Allemagne,DE,49.647,6.487
07339049,Oppenheim,Mainz-Bingen,Rhénanie-Palatinat,RLP,Allemagne,DE,49.852,8.365
07140115,Oppertshausen,Rhein-Hunsrück-Kreis,Rhénanie-Palatinat,RLP,Allemagne,DE,49.947,7.468
07333057,Orbis,Donnersbergkreis,Rhénanie-Palatinat,RLP,Allemagne,DE,49.688,7.988
07232289,Orenhofen,Eifelkreis Bitburg-Prüm,Rhénanie-Palatinat,RLP,Allemagne,DE,49.905,6.665
07132088,Orfgen,Altenkirchen (Ww),Rhénanie-Palatinat,RLP,Allemagne,DE,50.667,7.527
07232290,Orlenbach,Eifelkreis Bitburg-Prüm,Rhénanie-Palatinat,RLP,Allemagne,DE,50.164,6.391
07233232,Ormont,Vulkaneifel,Rhénanie-Palatinat,RLP,Allemagne,DE,50.322,6.448
07232101,Orsfeld,Eifelkreis Bitburg-Prüm,Rhénanie-Palatinat,RLP,Allemagne,DE,50.031,6.628
07231103,Osann-Monzel,Bernkastel-Wittlich,Rhénanie-Palatinat,RLP,Allemagne,DE,49.92,6.934
07235103,Osburg,Trier-Saarburg,Rhénanie-Palatinat,RLP,Allemagne,DE,49.69,6.823
07141108,Osterspai,Rhein-Lahn-Kreis,Rhénanie-Palatinat,RLP,Allemagne,DE,50.236,7.662
07331055,Osthofen,Alzey-Worms,Rhénanie-Palatinat,RLP,Allemagne,DE,49.704,8.316
07335034,Otterbach,Kaiserslautern,Rhénanie-Palatinat,RLP,Allemagne,DE,49.485,7.74
07335035,Otterberg,Kaiserslautern,Rhénanie-Palatinat,RLP,Allemagne,DE,49.512,7.787
07333058,Ottersheim,Donnersbergkreis,Rhénanie-Palatinat,RLP,Allemagne,DE,49.623,8.108
07334023,Ottersheim bei Landau,Germersheim,Rhénanie-Palatinat,RLP,Allemagne,DE,49.192,8.229
07338021,Otterstadt,Rhein-Pfalz-Kreis,Rhénanie-Palatinat,RLP,Allemagne,DE,49.363,8.478
07133077,Otzweiler,Bad Kreuznach,Rhénanie-Palatinat,RLP,Allemagne,DE,49.713,7.515
07235104,Palzem,Trier-Saarburg,Rhénanie-Palatinat,RLP,Allemagne,DE,49.572,6.403
07231104,Pantenburg,Bernkastel-Wittlich,Rhénanie-Palatinat,RLP,Allemagne,DE,50.09,6.835
07135070,Panzweiler,Cochem-Zell,Rhénanie-Palatinat,RLP,Allemagne,DE,50.021,7.305
07331056,Partenheim,Alzey-Worms,Rhénanie-Palatinat,RLP,Allemagne,DE,49.88,8.087
07235105,Paschel,Trier-Saarburg,Rhénanie-Palatinat,RLP,Allemagne,DE,49.637,6.675
07141109,Patersberg,Rhein-Lahn-Kreis,Rhénanie-Palatinat,RLP,Allemagne,DE,50.155,7.744
07232103,Peffingen,Eifelkreis Bitburg-Prüm,Rhénanie-Palatinat,RLP,Allemagne,DE,49.91,6.409
07235106,Pellingen,Trier-Saarburg,Rhénanie-Palatinat,RLP,Allemagne,DE,49.67,6.673
07233056,Pelm,Vulkaneifel,Rhénanie-Palatinat,RLP,Allemagne,DE,50.232,6.685
07140116,Perscheid,Rhein-Hunsrück-Kreis,Rhénanie-Palatinat,RLP,Allemagne,DE,50.062,7.672
07340037,Petersberg,Südwestpfalz,Rhénanie-Palatinat,RLP,Allemagne,DE,49.24,7.585
07132089,Peterslahr,Altenkirchen (Ww),Rhénanie-Palatinat,RLP,Allemagne,DE,50.61,7.481
07135071,Peterswald-Löffelscheid,Cochem-Zell,Rhénanie-Palatinat,RLP,Allemagne,DE,50.003,7.303
07133078,Pfaffen-Schwabenheim,Bad Kreuznach,Rhénanie-Palatinat,RLP,Allemagne,DE,49.852,7.946
07140117,Pfalzfeld,Rhein-Hunsrück-Kreis,Rhénanie-Palatinat,RLP,Allemagne,DE,50.11,7.587
07336077,Pfeffelbach,Kusel,Rhénanie-Palatinat,RLP,Allemagne,DE,49.54,7.325
07232104,Philippsheim,Eifelkreis Bitburg-Prüm,Rhénanie-Palatinat,RLP,Allemagne,DE,49.955,6.631
07232105,Pickließem,Eifelkreis Bitburg-Prüm,Rhénanie-Palatinat,RLP,Allemagne,DE,49.991,6.654
07231105,Piesport,Bernkastel-Wittlich,Rhénanie-Palatinat,RLP,Allemagne,DE,49.877,6.917
07137087,Pillig,Mayen-Koblenz,Rhénanie-Palatinat,RLP,Allemagne,DE,50.234,7.314
07232291,Pintesfeld,Eifelkreis Bitburg-Prüm,Rhénanie-Palatinat,RLP,Allemagne,DE,50.11,6.37
07317000,Pirmasens,Pirmasens,Rhénanie-Palatinat,RLP,Allemagne,DE,49.201,7.59
07232292,Pittenbach,Eifelkreis Bitburg-Prüm,Rhénanie-Palatinat,RLP,Allemagne,DE,50.176,6.344
07137088,Plaidt,Mayen-Koblenz,Rhénanie-Palatinat,RLP,Allemagne,DE,50.384,7.385
07232106,Plascheid,Eifelkreis Bitburg-Prüm,Rhénanie-Palatinat,RLP,Allemagne,DE,50.036,6.29
07231107,Platten,Bernkastel-Wittlich,Rhénanie-Palatinat,RLP,Allemagne,DE,49.951,6.949
07132090,Pleckhausen,Altenkirchen (Ww),Rhénanie-Palatinat,RLP,Allemagne,DE,50.597,7.546
07231108,Plein,Bernkastel-Wittlich,Rhénanie-Palatinat,RLP,Allemagne,DE,50.025,6.865
07337062,Pleisweiler-Oberhofen,Südliche Weinstraße,Rhénanie-Palatinat,RLP,Allemagne,DE,49.118,8.003
07133080,Pleitersheim,Bad Kreuznach,Rhénanie-Palatinat,RLP,Allemagne,DE,49.833,7.95
07140118,Pleizenhausen,Rhein-Hunsrück-Kreis,Rhénanie-Palatinat,RLP,Allemagne,DE,50.015,7.559
07235107,Pluwig,Trier-Saarburg,Rhénanie-Palatinat,RLP,Allemagne,DE,49.687,6.716
07232293,Plütscheid,Eifelkreis Bitburg-Prüm,Rhénanie-Palatinat,RLP,Allemagne,DE,50.078,6.425
07141111,Pohl,Rhein-Lahn-Kreis,Rhénanie-Palatinat,RLP,Allemagne,DE,50.248,7.869
07137089,Polch,Mayen-Koblenz,Rhénanie-Palatinat,RLP,Allemagne,DE,50.304,7.311
07135072,Pommern,Cochem-Zell,Rhénanie-Palatinat,RLP,Allemagne,DE,50.176,7.28
07131065,Pomster,Ahrweiler,Rhénanie-Palatinat,RLP,Allemagne,DE,50.343,6.851
07143284,Pottum,Westerwaldkreis,Rhénanie-Palatinat,RLP,Allemagne,DE,50.597,8.003
07132091,Pracht,Altenkirchen (Ww),Rhénanie-Palatinat,RLP,Allemagne,DE,50.761,7.636
07141112,Prath,Rhein-Lahn-Kreis,Rhénanie-Palatinat,RLP,Allemagne,DE,50.191,7.686
07232294,Preischeid,Eifelkreis Bitburg-Prüm,Rhénanie-Palatinat,RLP,Allemagne,DE,50.034,6.152
07232107,Preist,Eifelkreis Bitburg-Prüm,Rhénanie-Palatinat,RLP,Allemagne,DE,49.909,6.631
07232295,Pronsfeld,Eifelkreis Bitburg-Prüm,Rhénanie-Palatinat,RLP,Allemagne,DE,50.165,6.324
07232296,Prüm,Eifelkreis Bitburg-Prüm,Rhénanie-Palatinat,RLP,Allemagne,DE,50.198,6.403
07232108,Prümzurlay,Eifelkreis Bitburg-Prüm,Rhénanie-Palatinat,RLP,Allemagne,DE,49.869,6.436
07138057,Puderbach,Neuwied,Rhénanie-Palatinat,RLP,Allemagne,DE,50.602,7.607
07235108,Pölich,Trier-Saarburg,Rhénanie-Palatinat,RLP,Allemagne,DE,49.8,6.848
07135073,Pünderich,Cochem-Zell,Rhénanie-Palatinat,RLP,Allemagne,DE,50.038,7.122
07335037,Queidersbach,Kaiserslautern,Rhénanie-Palatinat,RLP,Allemagne,DE,49.376,7.639
07131066,Quiddelbach,Ahrweiler,Rhénanie-Palatinat,RLP,Allemagne,DE,50.348,6.936
07143061,Quirnbach,Westerwaldkreis,Rhénanie-Palatinat,RLP,Allemagne,DE,50.518,7.79
07336501,Quirnbach/Pfalz,Kusel,Rhénanie-Palatinat,RLP,Allemagne,DE,49.48,7.408
07332042,Quirnheim,Bad Dürkheim,Rhénanie-Palatinat,RLP,Allemagne,DE,49.585,8.124
07132092,Racksen,Altenkirchen (Ww),Rhénanie-Palatinat,RLP,Allemagne,DE,50.735,7.692
07235111,Ralingen,Trier-Saarburg,Rhénanie-Palatinat,RLP,Allemagne,DE,49.81,6.547
07337064,Ramberg,Südliche Weinstraße,Rhénanie-Palatinat,RLP,Allemagne,DE,49.269,8.007
07336079,Rammelsbach,Kusel,Rhénanie-Palatinat,RLP,Allemagne,DE,49.541,7.442
07333060,Ramsen,Donnersbergkreis,Rhénanie-Palatinat,RLP,Allemagne,DE,49.521,7.989
07335038,Ramstein-Miesenbach,Kaiserslautern,Rhénanie-Palatinat,RLP,Allemagne,DE,49.442,7.567
07143062,Ransbach-Baumbach,Westerwaldkreis,Rhénanie-Palatinat,RLP,Allemagne,DE,50.464,7.729
07337065,Ranschbach,Südliche Weinstraße,Rhénanie-Palatinat,RLP,Allemagne,DE,49.196,8.018
07333061,Ransweiler,Donnersbergkreis,Rhénanie-Palatinat,RLP,Allemagne,DE,49.658,7.766
07235112,Rascheid,Trier-Saarburg,Rhénanie-Palatinat,RLP,Allemagne,DE,49.702,6.929
07333201,Rathskirchen,Donnersbergkreis,Rhénanie-Palatinat,RLP,Allemagne,DE,49.613,7.727
07336081,Rathsweiler,Kusel,Rhénanie-Palatinat,RLP,Allemagne,DE,49.601,7.452
07138058,Ratzert,Neuwied,Rhénanie-Palatinat,RLP,Allemagne,DE,50.64,7.61
07138059,Raubach,Neuwied,Rhénanie-Palatinat,RLP,Allemagne,DE,50.572,7.627
07133081,Raumbach,Bad Kreuznach,Rhénanie-Palatinat,RLP,Allemagne,DE,49.729,7.652
07140119,Ravengiersburg,Rhein-Hunsrück-Kreis,Rhénanie-Palatinat,RLP,Allemagne,DE,49.93,7.484
07140120,Raversbeuren,Rhein-Hunsrück-Kreis,Rhénanie-Palatinat,RLP,Allemagne,DE,49.954,7.233
07140121,Rayerschied,Rhein-Hunsrück-Kreis,Rhénanie-Palatinat,RLP,Allemagne,DE,50.023,7.589
07131068,Rech,Ahrweiler,Rhénanie-Palatinat,RLP,Allemagne,DE,50.506,7.037
07141113,Reckenroth,Rhein-Lahn-Kreis,Rhénanie-Palatinat,RLP,Allemagne,DE,50.224,8.022
07140122,Reckershausen,Rhein-Hunsrück-Kreis,Rhénanie-Palatinat,RLP,Allemagne,DE,49.99,7.398
07133082,Rehbach,Bad Kreuznach,Rhénanie-Palatinat,RLP,Allemagne,DE,49.854,7.639
07133083,Rehborn,Bad Kreuznach,Rhénanie-Palatinat,RLP,Allemagne,DE,49.731,7.699
07143285,Rehe,Westerwaldkreis,Rhénanie-Palatinat,RLP,Allemagne,DE,50.627,8.121
07336082,Rehweiler,Kusel,Rhénanie-Palatinat,RLP,Allemagne,DE,49.487,7.435
07140123,Reich,Rhein-Hunsrück-Kreis,Rhénanie-Palatinat,RLP,Allemagne,DE,50.001,7.428
07134068,Reichenbach,Birkenfeld,Rhénanie-Palatinat,RLP,Allemagne,DE,49.644,7.278
07335501,Reichenbach-Steegen,Kaiserslautern,Rhénanie-Palatinat,RLP,Allemagne,DE,49.505,7.541
07141114,Reichenberg,Rhein-Lahn-Kreis,Rhénanie-Palatinat,RLP,Allemagne,DE,50.149,7.763
07333202,Reichsthal,Donnersbergkreis,Rhénanie-Palatinat,RLP,Allemagne,DE,49.595,7.732
07336084,Reichweiler,Kusel,Rhénanie-Palatinat,RLP,Allemagne,DE,49.544,7.291
07135074,Reidenhausen,Cochem-Zell,Rhénanie-Palatinat,RLP,Allemagne,DE,50.056,7.318
07340220,Reifenberg,Südwestpfalz,Rhénanie-Palatinat,RLP,Allemagne,DE,49.284,7.497
07132093,Reiferscheid,Altenkirchen (Ww),Rhénanie-Palatinat,RLP,Allemagne,DE,50.654,7.546
07232297,Reiff,Eifelkreis Bitburg-Prüm,Rhénanie-Palatinat,RLP,Allemagne,DE,50.102,6.218
07133084,Reiffelbach,Bad Kreuznach,Rhénanie-Palatinat,RLP,Allemagne,DE,49.684,7.685
07131069,Reifferscheid,Ahrweiler,Rhénanie-Palatinat,RLP,Allemagne,DE,50.407,6.886
07231110,Reil,Bernkastel-Wittlich,Rhénanie-Palatinat,RLP,Allemagne,DE,50.024,7.098
07233233,Reimerath,Vulkaneifel,Rhénanie-Palatinat,RLP,Allemagne,DE,50.31,6.957
07235114,Reinsfeld,Trier-Saarburg,Rhénanie-Palatinat,RLP,Allemagne,DE,49.673,6.878
07232298,Reipeldingen,Eifelkreis Bitburg-Prüm,Rhénanie-Palatinat,RLP,Allemagne,DE,50.088,6.179
07336085,Reipoltskirchen,Kusel,Rhénanie-Palatinat,RLP,Allemagne,DE,49.625,7.663
07141115,Reitzenhain,Rhein-Lahn-Kreis,Rhénanie-Palatinat,RLP,Allemagne,DE,50.158,7.788
07336086,Relsberg,Kusel,Rhénanie-Palatinat,RLP,Allemagne,DE,49.596,7.662
07131070,Remagen,Ahrweiler,Rhénanie-Palatinat,RLP,Allemagne,DE,50.591,7.193
07138061,Rengsdorf,Neuwied,Rhénanie-Palatinat,RLP,Allemagne,DE,50.507,7.493
07143286,Rennerod,Westerwaldkreis,Rhénanie-Palatinat,RLP,Allemagne,DE,50.615,8.072
07233234,Retterath,Vulkaneifel,Rhénanie-Palatinat,RLP,Allemagne,DE,50.271,7.01
07132094,Rettersen,Altenkirchen (Ww),Rhénanie-Palatinat,RLP,Allemagne,DE,50.708,7.502
07141116,Rettershain,Rhein-Lahn-Kreis,Rhénanie-Palatinat,RLP,Allemagne,DE,50.146,7.834
07141117,Rettert,Rhein-Lahn-Kreis,Rhénanie-Palatinat,RLP,Allemagne,DE,50.231,7.934
07137092,Reudelsterz,Mayen-Koblenz,Rhénanie-Palatinat,RLP,Allemagne,DE,50.315,7.159
07233235,Reuth,Vulkaneifel,Rhénanie-Palatinat,RLP,Allemagne,DE,50.297,6.492
07134069,Rhaunen,Birkenfeld,Rhénanie-Palatinat,RLP,Allemagne,DE,49.862,7.336
07138062,Rheinbreitbach,Neuwied,Rhénanie-Palatinat,RLP,Allemagne,DE,50.621,7.239
07138063,Rheinbrohl,Neuwied,Rhénanie-Palatinat,RLP,Allemagne,DE,50.506,7.348
07140125,Rheinböllen,Rhein-Hunsrück-Kreis,Rhénanie-Palatinat,RLP,Allemagne,DE,50.011,7.661
07334024,Rheinzabern,Germersheim,Rhénanie-Palatinat,RLP,Allemagne,DE,49.114,8.295
07137221,Rhens,Mayen-Koblenz,Rhénanie-Palatinat,RLP,Allemagne,DE,50.276,7.58
07337066,Rhodt unter Rietburg,Südliche Weinstraße,Rhénanie-Palatinat,RLP,Allemagne,DE,49.271,8.101
07340221,Riedelberg,Südwestpfalz,Rhénanie-Palatinat,RLP,Allemagne,DE,49.173,7.462
07137093,Rieden,Mayen-Koblenz,Rhénanie-Palatinat,RLP,Allemagne,DE,50.392,7.177
07140126,Riegenroth,Rhein-Hunsrück-Kreis,Rhénanie-Palatinat,RLP,Allemagne,DE,50.06,7.579
07340222,Rieschweiler-Mühlbach,Südwestpfalz,Rhénanie-Palatinat,RLP,Allemagne,DE,49.252,7.508
07140127,Riesweiler,Rhein-Hunsrück-Kreis,Rhénanie-Palatinat,RLP,Allemagne,DE,49.939,7.581
07134070,Rimsberg,Birkenfeld,Rhénanie-Palatinat,RLP,Allemagne,DE,49.656,7.212
07337067,Rinnthal,Südliche Weinstraße,Rhénanie-Palatinat,RLP,Allemagne,DE,49.23,7.919
07134071,Rinzenberg,Birkenfeld,Rhénanie-Palatinat,RLP,Allemagne,DE,49.682,7.124
07235115,Riol,Trier-Saarburg,Rhénanie-Palatinat,RLP,Allemagne,DE,49.787,6.801
07232109,Rittersdorf,Eifelkreis Bitburg-Prüm,Rhénanie-Palatinat,RLP,Allemagne,DE,49.997,6.491
07333062,Rittersheim,Donnersbergkreis,Rhénanie-Palatinat,RLP,Allemagne,DE,49.67,8.06
07231111,Rivenich,Bernkastel-Wittlich,Rhénanie-Palatinat,RLP,Allemagne,DE,49.879,6.852
07235116,Riveris,Trier-Saarburg,Rhénanie-Palatinat,RLP,Allemagne,DE,49.721,6.766
07333502,Rockenhausen,Donnersbergkreis,Rhénanie-Palatinat,RLP,Allemagne,DE,49.626,7.837
07233058,Rockeskyll,Vulkaneifel,Rhénanie-Palatinat,RLP,Allemagne,DE,50.254,6.696
07340038,Rodalben,Südwestpfalz,Rhénanie-Palatinat,RLP,Allemagne,DE,49.238,7.632
07131072,Rodder,Ahrweiler,Rhénanie-Palatinat,RLP,Allemagne,DE,50.392,6.861
07335040,Rodenbach,Kaiserslautern,Rhénanie-Palatinat,RLP,Allemagne,DE,49.467,7.664
07138064,Rodenbach bei Puderbach,Neuwied,Rhénanie-Palatinat,RLP,Allemagne,DE,50.638,7.638
07232110,Rodershausen,Eifelkreis Bitburg-Prüm,Rhénanie-Palatinat,RLP,Allemagne,DE,49.99,6.197
07135075,Roes,Cochem-Zell,Rhénanie-Palatinat,RLP,Allemagne,DE,50.242,7.261
07134073,Rohrbach (Birkenfeld),Birkenfeld,Rhénanie-Palatinat,RLP,Allemagne,DE,49.585,7.255
07140130,Rohrbach (Rhein-Hunsrück-Kreis),Rhein-Hunsrück-Kreis,Rhénanie-Palatinat,RLP,Allemagne,DE,49.888,7.427
07337068,Rohrbach (Südliche Weinstraße),Südliche Weinstraße,Rhénanie-Palatinat,RLP,Allemagne,DE,49.142,8.141
07232300,Rommersheim,Eifelkreis Bitburg-Prüm,Rhénanie-Palatinat,RLP,Allemagne,DE,50.198,6.45
07231112,Rorodt,Bernkastel-Wittlich,Rhénanie-Palatinat,RLP,Allemagne,DE,49.771,7.048
07337069,Roschbach,Südliche Weinstraße,Rhénanie-Palatinat,RLP,Allemagne,DE,49.248,8.122
07232301,Roscheid,Eifelkreis Bitburg-Prüm,Rhénanie-Palatinat,RLP,Allemagne,DE,50.12,6.178
07132095,Rosenheim (Landkreis Altenkirchen),Altenkirchen (Ww),Rhénanie-Palatinat,RLP,Allemagne,DE,50.716,7.852
07340223,Rosenkopf,Südwestpfalz,Rhénanie-Palatinat,RLP,Allemagne,DE,49.344,7.437
07138065,Roßbach (Neuwied),Neuwied,Rhénanie-Palatinat,RLP,Allemagne,DE,50.574,7.408
07143287,Roßbach (Westerwaldkreis),Westerwaldkreis,Rhénanie-Palatinat,RLP,Allemagne,DE,50.609,7.695
07143288,Rotenhain,Westerwaldkreis,Rhénanie-Palatinat,RLP,Allemagne,DE,50.601,7.879
07132096,Roth (Altenkirchen (Ww)),Altenkirchen (Ww),Rhénanie-Palatinat,RLP,Allemagne,DE,50.759,7.706
07133085,Roth (Bad Kreuznach),Bad Kreuznach,Rhénanie-Palatinat,RLP,Allemagne,DE,49.944,7.799
07140131,Roth (Rhein-Hunsrück-Kreis),Rhein-Hunsrück-Kreis,Rhénanie-Palatinat,RLP,Allemagne,DE,50.083,7.463
07141118,Roth (Rhein-Lahn-Kreis),Rhein-Lahn-Kreis,Rhénanie-Palatinat,RLP,Allemagne,DE,50.27,7.894
07232112,Roth an der Our,Eifelkreis Bitburg-Prüm,Rhénanie-Palatinat,RLP,Allemagne,DE,49.924,6.235
07232302,Roth bei Prüm,Eifelkreis Bitburg-Prüm,Rhénanie-Palatinat,RLP,Allemagne,DE,50.303,6.395
07143289,Rothenbach,Westerwaldkreis,Rhénanie-Palatinat,RLP,Allemagne,DE,50.565,7.891
07336087,Rothselberg,Kusel,Rhénanie-Palatinat,RLP,Allemagne,DE,49.545,7.594
07132097,Rott,Altenkirchen (Ww),Rhénanie-Palatinat,RLP,Allemagne,DE,50.637,7.492
07133086,Roxheim,Bad Kreuznach,Rhénanie-Palatinat,RLP,Allemagne,DE,49.863,7.799
07340039,Rumbach,Südwestpfalz,Rhénanie-Palatinat,RLP,Allemagne,DE,49.09,7.773
07143065,Ruppach-Goldhausen,Westerwaldkreis,Rhénanie-Palatinat,RLP,Allemagne,DE,50.463,7.882
07332043,Ruppertsberg,Bad Dürkheim,Rhénanie-Palatinat,RLP,Allemagne,DE,49.395,8.189
07333065,Ruppertsecken,Donnersbergkreis,Rhénanie-Palatinat,RLP,Allemagne,DE,49.657,7.895
07141120,Ruppertshofen,Rhein-Lahn-Kreis,Rhénanie-Palatinat,RLP,Allemagne,DE,50.202,7.803
07340040,Ruppertsweiler,Südwestpfalz,Rhénanie-Palatinat,RLP,Allemagne,DE,49.192,7.714
07134075,Ruschberg,Birkenfeld,Rhénanie-Palatinat,RLP,Allemagne,DE,49.618,7.29
07336088,Ruthweiler,Kusel,Rhénanie-Palatinat,RLP,Allemagne,DE,49.548,7.365
07336089,Rutsweiler am Glan,Kusel,Rhénanie-Palatinat,RLP,Allemagne,DE,49.526,7.463
07336090,Rutsweiler an der Lauter,Kusel,Rhénanie-Palatinat,RLP,Allemagne,DE,49.567,7.61
07140128,Rödelhausen,Rhein-Hunsrück-Kreis,Rhénanie-Palatinat,RLP,Allemagne,DE,49.991,7.327
07140129,Rödern,Rhein-Hunsrück-Kreis,Rhénanie-Palatinat,RLP,Allemagne,DE,49.946,7.448
07338022,Rödersheim-Gronau,Rhein-Pfalz-Kreis,Rhénanie-Palatinat,RLP,Allemagne,DE,49.432,8.259
07232111,Röhl,Eifelkreis Bitburg-Prüm,Rhénanie-Palatinat,RLP,Allemagne,DE,49.943,6.597
07338023,Römerberg,Rhein-Pfalz-Kreis,Rhénanie-Palatinat,RLP,Allemagne,DE,49.278,8.41
07134072,Rötsweiler-Nockenthal,Birkenfeld,Rhénanie-Palatinat,RLP,Allemagne,DE,49.711,7.252
07137095,Rüber,Mayen-Koblenz,Rhénanie-Palatinat,RLP,Allemagne,DE,50.295,7.378
07143064,Rückeroth,Westerwaldkreis,Rhénanie-Palatinat,RLP,Allemagne,DE,50.557,7.746
07134074,Rückweiler,Birkenfeld,Rhénanie-Palatinat,RLP,Allemagne,DE,49.581,7.235
07133117,Rüdesheim,Bad Kreuznach,Rhénanie-Palatinat,RLP,Allemagne,DE,49.847,7.812
07334025,Rülzheim,Germersheim,Rhénanie-Palatinat,RLP,Allemagne,DE,49.153,8.282
07133087,Rümmelsheim,Bad Kreuznach,Rhénanie-Palatinat,RLP,Allemagne,DE,49.933,7.854
07138066,Rüscheid,Neuwied,Rhénanie-Palatinat,RLP,Allemagne,DE,50.525,7.567
07333064,Rüssingen,Donnersbergkreis,Rhénanie-Palatinat,RLP,Allemagne,DE,49.617,8.076
07340041,Saalstadt,Südwestpfalz,Rhénanie-Palatinat,RLP,Allemagne,DE,49.324,7.552
07235118,Saarburg,Trier-Saarburg,Rhénanie-Palatinat,RLP,Allemagne,DE,49.608,6.555
07137096,Saffig,Mayen-Koblenz,Rhénanie-Palatinat,RLP,Allemagne,DE,50.379,7.42
07233060,Salm,Vulkaneifel,Rhénanie-Palatinat,RLP,Allemagne,DE,50.147,6.682
07231113,Salmtal,Bernkastel-Wittlich,Rhénanie-Palatinat,RLP,Allemagne,DE,49.932,6.852
07143290,Salz,Westerwaldkreis,Rhénanie-Palatinat,RLP,Allemagne,DE,50.508,7.969
07143291,Salzburg,Westerwaldkreis,Rhénanie-Palatinat,RLP,Allemagne,DE,50.664,8.048
07333066,Sankt Alban,Donnersbergkreis,Rhénanie-Palatinat,RLP,Allemagne,DE,49.685,7.86
07135076,Sankt Aldegund,Cochem-Zell,Rhénanie-Palatinat,RLP,Allemagne,DE,50.078,7.119
07140133,Sankt Goar,Rhein-Hunsrück-Kreis,Rhénanie-Palatinat,RLP,Allemagne,DE,50.145,7.679
07141121,Sankt Goarshausen,Rhein-Lahn-Kreis,Rhénanie-Palatinat,RLP,Allemagne,DE,50.175,7.695
07339050,Sankt Johann (Mainz-Bingen),Mainz-Bingen,Rhénanie-Palatinat,RLP,Allemagne,DE,49.871,8.016
07137097,Sankt Johann (Mayen-Koblenz),Mayen-Koblenz,Rhénanie-Palatinat,RLP,Allemagne,DE,50.355,7.188
07336095,Sankt Julian,Kusel,Rhénanie-Palatinat,RLP,Allemagne,DE,49.608,7.498
07133088,Sankt Katharinen,Bad Kreuznach,Rhénanie-Palatinat,RLP,Allemagne,DE,49.869,7.768
07138068,Sankt Katharinen (Landkreis Neuwied),Neuwied,Rhénanie-Palatinat,RLP,Allemagne,DE,50.592,7.358
07337070,Sankt Martin,Südliche Weinstraße,Rhénanie-Palatinat,RLP,Allemagne,DE,49.305,8.072
07137222,Sankt Sebastian,Mayen-Koblenz,Rhénanie-Palatinat,RLP,Allemagne,DE,50.407,7.555
07232113,Sankt Thomas,Eifelkreis Bitburg-Prüm,Rhénanie-Palatinat,RLP,Allemagne,DE,50.083,6.593
07140134,Sargenroth,Rhein-Hunsrück-Kreis,Rhénanie-Palatinat,RLP,Allemagne,DE,49.909,7.552
07233061,Sarmersbach,Vulkaneifel,Rhénanie-Palatinat,RLP,Allemagne,DE,50.244,6.883
07233236,Sassen,Vulkaneifel,Rhénanie-Palatinat,RLP,Allemagne,DE,50.261,6.965
07141122,Sauerthal,Rhein-Lahn-Kreis,Rhénanie-Palatinat,RLP,Allemagne,DE,50.089,7.82
07331058,Saulheim,Alzey-Worms,Rhénanie-Palatinat,RLP,Allemagne,DE,49.875,8.142
07233062,Saxler,Vulkaneifel,Rhénanie-Palatinat,RLP,Allemagne,DE,50.142,6.892
07131073,Schalkenbach,Ahrweiler,Rhénanie-Palatinat,RLP,Allemagne,DE,50.487,7.132
07233063,Schalkenmehren,Vulkaneifel,Rhénanie-Palatinat,RLP,Allemagne,DE,50.164,6.852
07335041,Schallodenbach,Kaiserslautern,Rhénanie-Palatinat,RLP,Allemagne,DE,49.548,7.712
07232114,Schankweiler,Eifelkreis Bitburg-Prüm,Rhénanie-Palatinat,RLP,Allemagne,DE,49.897,6.381
07232115,Scharfbillig,Eifelkreis Bitburg-Prüm,Rhénanie-Palatinat,RLP,Allemagne,DE,49.929,6.549
07340042,Schauerberg,Südwestpfalz,Rhénanie-Palatinat,RLP,Allemagne,DE,49.307,7.578
07134076,Schauren (Birkenfeld),Birkenfeld,Rhénanie-Palatinat,RLP,Allemagne,DE,49.814,7.213
07135077,Schauren (Cochem-Zell),Cochem-Zell,Rhénanie-Palatinat,RLP,Allemagne,DE,50.027,7.27
07334027,Scheibenhardt,Germersheim,Rhénanie-Palatinat,RLP,Allemagne,DE,48.982,8.142
07233237,Scheid,Vulkaneifel,Rhénanie-Palatinat,RLP,Allemagne,DE,50.365,6.407
07141124,Scheidt,Rhein-Lahn-Kreis,Rhénanie-Palatinat,RLP,Allemagne,DE,50.336,7.923
07232116,Scheitenkorb,Eifelkreis Bitburg-Prüm,Rhénanie-Palatinat,RLP,Allemagne,DE,50.008,6.207
07336091,Schellweiler,Kusel,Rhénanie-Palatinat,RLP,Allemagne,DE,49.513,7.394
07143066,Schenkelberg,Westerwaldkreis,Rhénanie-Palatinat,RLP,Allemagne,DE,50.585,7.781
07132098,Scheuerfeld,Altenkirchen (Ww),Rhénanie-Palatinat,RLP,Allemagne,DE,50.784,7.844
07232117,Scheuern,Eifelkreis Bitburg-Prüm,Rhénanie-Palatinat,RLP,Allemagne,DE,50.026,6.314
07333067,Schiersfeld,Donnersbergkreis,Rhénanie-Palatinat,RLP,Allemagne,DE,49.693,7.772
07141125,Schiesheim,Rhein-Lahn-Kreis,Rhénanie-Palatinat,RLP,Allemagne,DE,50.278,8.055
07338025,Schifferstadt,Rhein-Pfalz-Kreis,Rhénanie-Palatinat,RLP,Allemagne,DE,49.382,8.373
07235119,Schillingen,Trier-Saarburg,Rhénanie-Palatinat,RLP,Allemagne,DE,49.628,6.748
07340043,Schindhard,Südwestpfalz,Rhénanie-Palatinat,RLP,Allemagne,DE,49.138,7.815
07231114,Schladt,Bernkastel-Wittlich,Rhénanie-Palatinat,RLP,Allemagne,DE,50.04,6.834
07235120,Schleich,Trier-Saarburg,Rhénanie-Palatinat,RLP,Allemagne,DE,49.814,6.834
07232118,Schleid,Eifelkreis Bitburg-Prüm,Rhénanie-Palatinat,RLP,Allemagne,DE,50.074,6.482
07140135,Schlierschied,Rhein-Hunsrück-Kreis,Rhénanie-Palatinat,RLP,Allemagne,DE,49.87,7.446
07133089,Schloßböckelheim,Bad Kreuznach,Rhénanie-Palatinat,RLP,Allemagne,DE,49.808,7.748
07340044,Schmalenberg,Südwestpfalz,Rhénanie-Palatinat,RLP,Allemagne,DE,49.331,7.748
07134077,Schmidthachenbach,Birkenfeld,Rhénanie-Palatinat,RLP,Allemagne,DE,49.727,7.468
07134078,Schmißberg,Birkenfeld,Rhénanie-Palatinat,RLP,Allemagne,DE,49.664,7.203
07340224,Schmitshausen,Südwestpfalz,Rhénanie-Palatinat,RLP,Allemagne,DE,49.304,7.517
07135078,Schmitt,Cochem-Zell,Rhénanie-Palatinat,RLP,Allemagne,DE,50.166,7.013
07133090,Schmittweiler,Bad Kreuznach,Rhénanie-Palatinat,RLP,Allemagne,DE,49.682,7.708
07335042,Schneckenhausen,Kaiserslautern,Rhénanie-Palatinat,RLP,Allemagne,DE,49.538,7.744
07133204,Schneppenbach,Bad Kreuznach,Rhénanie-Palatinat,RLP,Allemagne,DE,49.849,7.407
07140138,Schnorbach,Rhein-Hunsrück-Kreis,Rhénanie-Palatinat,RLP,Allemagne,DE,49.994,7.608
07235122,Schoden,Trier-Saarburg,Rhénanie-Palatinat,RLP,Allemagne,DE,49.629,6.601
07335204,Schopp,Kaiserslautern,Rhénanie-Palatinat,RLP,Allemagne,DE,49.354,7.703
07331059,Schornsheim,Alzey-Worms,Rhénanie-Palatinat,RLP,Allemagne,DE,49.847,8.179
07131074,Schuld,Ahrweiler,Rhénanie-Palatinat,RLP,Allemagne,DE,50.447,6.883
07233065,Schutz,Vulkaneifel,Rhénanie-Palatinat,RLP,Allemagne,DE,50.128,6.749
07132101,Schutzbach,Altenkirchen (Ww),Rhénanie-Palatinat,RLP,Allemagne,DE,50.756,7.905
07339051,Schwabenheim an der Selz,Mainz-Bingen,Rhénanie-Palatinat,RLP,Allemagne,DE,49.938,8.11
07140140,Schwall,Rhein-Hunsrück-Kreis,Rhénanie-Palatinat,RLP,Allemagne,DE,50.144,7.551
07340047,Schwanheim,Südwestpfalz,Rhénanie-Palatinat,RLP,Allemagne,DE,49.171,7.879
07140141,Schwarzen,Rhein-Hunsrück-Kreis,Rhénanie-Palatinat,RLP,Allemagne,DE,49.964,7.328
07231116,Schwarzenborn,Bernkastel-Wittlich,Rhénanie-Palatinat,RLP,Allemagne,DE,50.034,6.72
07133205,Schwarzerden,Bad Kreuznach,Rhénanie-Palatinat,RLP,Allemagne,DE,49.864,7.517
07335043,Schwedelbach,Kaiserslautern,Rhénanie-Palatinat,RLP,Allemagne,DE,49.495,7.587
07334028,Schwegenheim,Germersheim,Rhénanie-Palatinat,RLP,Allemagne,DE,49.276,8.335
07235125,Schweich,Trier-Saarburg,Rhénanie-Palatinat,RLP,Allemagne,DE,49.836,6.739
07337071,Schweigen-Rechtenbach,Südliche Weinstraße,Rhénanie-Palatinat,RLP,Allemagne,DE,49.058,7.92
07141127,Schweighausen,Rhein-Lahn-Kreis,Rhénanie-Palatinat,RLP,Allemagne,DE,50.283,7.755
07337072,Schweighofen,Südliche Weinstraße,Rhénanie-Palatinat,RLP,Allemagne,DE,49.043,7.992
07133092,Schweinschied,Bad Kreuznach,Rhénanie-Palatinat,RLP,Allemagne,DE,49.701,7.577
07333069,Schweisweiler,Donnersbergkreis,Rhénanie-Palatinat,RLP,Allemagne,DE,49.591,7.835
07340048,Schweix,Südwestpfalz,Rhénanie-Palatinat,RLP,Allemagne,DE,49.13,7.51
07133093,Schweppenhausen,Bad Kreuznach,Rhénanie-Palatinat,RLP,Allemagne,DE,49.922,7.796
07134079,Schwerbach,Birkenfeld,Rhénanie-Palatinat,RLP,Allemagne,DE,49.893,7.354
07232305,Schwirzheim,Eifelkreis Bitburg-Prüm,Rhénanie-Palatinat,RLP,Allemagne,DE,50.237,6.531
07134080,Schwollen,Birkenfeld,Rhénanie-Palatinat,RLP,Allemagne,DE,49.717,7.163
07235123,Schömerich,Trier-Saarburg,Rhénanie-Palatinat,RLP,Allemagne,DE,49.635,6.702
07340045,Schönau (Pfalz),Südwestpfalz,Rhénanie-Palatinat,RLP,Allemagne,DE,49.068,7.732
07233064,Schönbach,Vulkaneifel,Rhénanie-Palatinat,RLP,Allemagne,DE,50.21,6.946
07231115,Schönberg,Bernkastel-Wittlich,Rhénanie-Palatinat,RLP,Allemagne,DE,49.758,6.927
07333068,Schönborn (Donnersbergkreis),Donnersbergkreis,Rhénanie-Palatinat,RLP,Allemagne,DE,49.642,7.771
07140139,Schönborn (Rhein-Hunsrück-Kreis),Rhein-Hunsrück-Kreis,Rhénanie-Palatinat,RLP,Allemagne,DE,49.958,7.477
07141126,Schönborn (Rhein-Lahn-Kreis),Rhein-Lahn-Kreis,Rhénanie-Palatinat,RLP,Allemagne,DE,50.31,7.993
07235124,Schöndorf,Trier-Saarburg,Rhénanie-Palatinat,RLP,Allemagne,DE,49.678,6.741
07132099,Schöneberg (Altenkirchen (Ww)),Altenkirchen (Ww),Rhénanie-Palatinat,RLP,Allemagne,DE,50.662,7.605
07133091,Schöneberg (Bad Kreuznach),Bad Kreuznach,Rhénanie-Palatinat,RLP,Allemagne,DE,49.925,7.745
07232304,Schönecken,Eifelkreis Bitburg-Prüm,Rhénanie-Palatinat,RLP,Allemagne,DE,50.153,6.471
07336092,Schönenberg-Kübelberg,Kusel,Rhénanie-Palatinat,RLP,Allemagne,DE,49.402,7.373
07233239,Schüller,Vulkaneifel,Rhénanie-Palatinat,RLP,Allemagne,DE,50.333,6.566
07132100,Schürdt,Altenkirchen (Ww),Rhénanie-Palatinat,RLP,Allemagne,DE,50.668,7.551
07143292,Seck,Westerwaldkreis,Rhénanie-Palatinat,RLP,Allemagne,DE,50.579,8.039
07141128,Seelbach,Rhein-Lahn-Kreis,Rhénanie-Palatinat,RLP,Allemagne,DE,50.31,7.87
07132103,Seelbach (Westerwald),Altenkirchen (Ww),Rhénanie-Palatinat,RLP,Allemagne,DE,50.643,7.563
07132102,Seelbach bei Hamm (Sieg),Altenkirchen (Ww),Rhénanie-Palatinat,RLP,Allemagne,DE,50.748,7.682
07333203,Seelen,Donnersbergkreis,Rhénanie-Palatinat,RLP,Allemagne,DE,49.6,7.713
07133094,Seesbach,Bad Kreuznach,Rhénanie-Palatinat,RLP,Allemagne,DE,49.844,7.55
07232119,Seffern,Eifelkreis Bitburg-Prüm,Rhénanie-Palatinat,RLP,Allemagne,DE,50.075,6.503
07232120,Sefferweich,Eifelkreis Bitburg-Prüm,Rhénanie-Palatinat,RLP,Allemagne,DE,50.068,6.525
07231117,Sehlem,Bernkastel-Wittlich,Rhénanie-Palatinat,RLP,Allemagne,DE,49.901,6.826
07133095,Seibersbach,Bad Kreuznach,Rhénanie-Palatinat,RLP,Allemagne,DE,49.964,7.7
07132104,Seifen,Altenkirchen (Ww),Rhénanie-Palatinat,RLP,Allemagne,DE,50.628,7.565
07232306,Seinsfeld,Eifelkreis Bitburg-Prüm,Rhénanie-Palatinat,RLP,Allemagne,DE,50.067,6.652
07232307,Seiwerath,Eifelkreis Bitburg-Prüm,Rhénanie-Palatinat,RLP,Allemagne,DE,50.144,6.513
07132105,Selbach (Sieg),Altenkirchen (Ww),Rhénanie-Palatinat,RLP,Allemagne,DE,50.749,7.771
07336094,Selchenbach,Kusel,Rhénanie-Palatinat,RLP,Allemagne,DE,49.496,7.298
07232308,Sellerich,Eifelkreis Bitburg-Prüm,Rhénanie-Palatinat,RLP,Allemagne,DE,50.228,6.355
07143067,Selters (Westerwald),Westerwaldkreis,Rhénanie-Palatinat,RLP,Allemagne,DE,50.532,7.754
07339053,Selzen,Mainz-Bingen,Rhénanie-Palatinat,RLP,Allemagne,DE,49.866,8.258
07335205,Sembach,Kaiserslautern,Rhénanie-Palatinat,RLP,Allemagne,DE,49.514,7.865
07232309,Sengerich,Eifelkreis Bitburg-Prüm,Rhénanie-Palatinat,RLP,Allemagne,DE,50.121,6.225
07135079,Senheim,Cochem-Zell,Rhénanie-Palatinat,RLP,Allemagne,DE,50.08,7.205
07131075,Senscheid,Ahrweiler,Rhénanie-Palatinat,RLP,Allemagne,DE,50.327,6.836
07134081,Sensweiler,Birkenfeld,Rhénanie-Palatinat,RLP,Allemagne,DE,49.769,7.207
07235126,Serrig,Trier-Saarburg,Rhénanie-Palatinat,RLP,Allemagne,DE,49.576,6.617
07143068,Sessenbach,Westerwaldkreis,Rhénanie-Palatinat,RLP,Allemagne,DE,50.477,7.644
07143069,Sessenhausen,Westerwaldkreis,Rhénanie-Palatinat,RLP,Allemagne,DE,50.525,7.702
07232310,Sevenig (Our),Eifelkreis Bitburg-Prüm,Rhénanie-Palatinat,RLP,Allemagne,DE,50.122,6.148
07232121,Sevenig bei Neuerburg,Eifelkreis Bitburg-Prüm,Rhénanie-Palatinat,RLP,Allemagne,DE,50.02,6.185
07337073,Siebeldingen,Südliche Weinstraße,Rhénanie-Palatinat,RLP,Allemagne,DE,49.263,7.932
07137099,Siebenbach,Mayen-Koblenz,Rhénanie-Palatinat,RLP,Allemagne,DE,50.378,7.038
07331060,Siefersheim,Alzey-Worms,Rhénanie-Palatinat,RLP,Allemagne,DE,49.798,7.959
07134082,Sien,Birkenfeld,Rhénanie-Palatinat,RLP,Allemagne,DE,49.691,7.504
07134083,Sienhachenbach,Birkenfeld,Rhénanie-Palatinat,RLP,Allemagne,DE,49.688,7.474
07131076,Sierscheid,Ahrweiler,Rhénanie-Palatinat,RLP,Allemagne,DE,50.46,6.916
07143070,Siershahn,Westerwaldkreis,Rhénanie-Palatinat,RLP,Allemagne,DE,50.486,7.777
07134084,Siesbach,Birkenfeld,Rhénanie-Palatinat,RLP,Allemagne,DE,49.726,7.227
07337074,Silz,Südliche Weinstraße,Rhénanie-Palatinat,RLP,Allemagne,DE,49.138,7.939
07143071,Simmern,Westerwaldkreis,Rhénanie-Palatinat,RLP,Allemagne,DE,50.387,7.678
07140144,Simmern/Hunsrück,Rhein-Hunsrück-Kreis,Rhénanie-Palatinat,RLP,Allemagne,DE,49.983,7.532
07133096,Simmertal,Bad Kreuznach,Rhénanie-Palatinat,RLP,Allemagne,DE,49.816,7.529
07141129,Singhofen,Rhein-Lahn-Kreis,Rhénanie-Palatinat,RLP,Allemagne,DE,50.28,7.833
07232122,Sinspelt,Eifelkreis Bitburg-Prüm,Rhénanie-Palatinat,RLP,Allemagne,DE,49.975,6.321
07131077,Sinzig,Ahrweiler,Rhénanie-Palatinat,RLP,Allemagne,DE,50.528,7.226
07333071,Sippersfeld,Donnersbergkreis,Rhénanie-Palatinat,RLP,Allemagne,DE,49.548,7.937
07333072,Sitters,Donnersbergkreis,Rhénanie-Palatinat,RLP,Allemagne,DE,49.711,7.786
07140145,Sohren,Rhein-Hunsrück-Kreis,Rhénanie-Palatinat,RLP,Allemagne,DE,49.93,7.308
07140146,Sohrschied,Rhein-Hunsrück-Kreis,Rhénanie-Palatinat,RLP,Allemagne,DE,49.905,7.357
07235129,Sommerau,Trier-Saarburg,Rhénanie-Palatinat,RLP,Allemagne,DE,49.718,6.739
07133098,Sommerloch,Bad Kreuznach,Rhénanie-Palatinat,RLP,Allemagne,DE,49.879,7.753
07134085,Sonnenberg-Winnenberg,Birkenfeld,Rhénanie-Palatinat,RLP,Allemagne,DE,49.677,7.275
07134086,Sonnschied,Birkenfeld,Rhénanie-Palatinat,RLP,Allemagne,DE,49.818,7.389
07135080,Sosberg,Cochem-Zell,Rhénanie-Palatinat,RLP,Allemagne,DE,50.074,7.333
07133099,Spabrücken,Bad Kreuznach,Rhénanie-Palatinat,RLP,Allemagne,DE,49.912,7.695
07133100,Spall,Bad Kreuznach,Rhénanie-Palatinat,RLP,Allemagne,DE,49.903,7.649
07232311,Spangdahlem,Eifelkreis Bitburg-Prüm,Rhénanie-Palatinat,RLP,Allemagne,DE,49.99,6.692
07137223,Spay,Mayen-Koblenz,Rhénanie-Palatinat,RLP,Allemagne,DE,50.258,7.644
07232123,Speicher,Eifelkreis Bitburg-Prüm,Rhénanie-Palatinat,RLP,Allemagne,DE,49.933,6.654
07140147,Spesenroth,Rhein-Hunsrück-Kreis,Rhénanie-Palatinat,RLP,Allemagne,DE,50.049,7.467
07131208,Spessart,Ahrweiler,Rhénanie-Palatinat,RLP,Allemagne,DE,50.443,7.119
07318000,Speyer,Speyer,Rhénanie-Palatinat,RLP,Allemagne,DE,49.33,8.432
07331061,Spiesheim,Alzey-Worms,Rhénanie-Palatinat,RLP,Allemagne,DE,49.809,8.131
07340049,Spirkelbach,Südwestpfalz,Rhénanie-Palatinat,RLP,Allemagne,DE,49.194,7.881
07133101,Sponheim,Bad Kreuznach,Rhénanie-Palatinat,RLP,Allemagne,DE,49.853,7.714
07339056,Sprendlingen,Mainz-Bingen,Rhénanie-Palatinat,RLP,Allemagne,DE,49.862,7.992
07339057,Stadecken-Elsheim,Mainz-Bingen,Rhénanie-Palatinat,RLP,Allemagne,DE,49.905,8.133
07233240,Stadtkyll,Vulkaneifel,Rhénanie-Palatinat,RLP,Allemagne,DE,50.33,6.527
07333073,Stahlberg,Donnersbergkreis,Rhénanie-Palatinat,RLP,Allemagne,DE,49.662,7.789
07143072,Stahlhofen,Westerwaldkreis,Rhénanie-Palatinat,RLP,Allemagne,DE,50.395,7.863
07143293,Stahlhofen am Wiesensee,Westerwaldkreis,Rhénanie-Palatinat,RLP,Allemagne,DE,50.588,7.985
07333074,Standenbühl,Donnersbergkreis,Rhénanie-Palatinat,RLP,Allemagne,DE,49.597,7.976
07231120,Starkenburg,Bernkastel-Wittlich,Rhénanie-Palatinat,RLP,Allemagne,DE,49.952,7.145
07133102,Staudernheim,Bad Kreuznach,Rhénanie-Palatinat,RLP,Allemagne,DE,49.774,7.682
07143073,Staudt,Westerwaldkreis,Rhénanie-Palatinat,RLP,Allemagne,DE,50.461,7.831
07138069,Stebach,Neuwied,Rhénanie-Palatinat,RLP,Allemagne,DE,50.512,7.662
07233241,Steffeln,Vulkaneifel,Rhénanie-Palatinat,RLP,Allemagne,DE,50.288,6.557
07138070,Steimel,Neuwied,Rhénanie-Palatinat,RLP,Allemagne,DE,50.616,7.631
07331062,Stein-Bockenheim,Alzey-Worms,Rhénanie-Palatinat,RLP,Allemagne,DE,49.764,7.947
07143295,Stein-Neukirch,Westerwaldkreis,Rhénanie-Palatinat,RLP,Allemagne,DE,50.684,8.045
07143296,Stein-Wingert,Westerwaldkreis,Rhénanie-Palatinat,RLP,Allemagne,DE,50.72,7.739
07340050,Steinalben,Südwestpfalz,Rhénanie-Palatinat,RLP,Allemagne,DE,49.317,7.665
07140148,Steinbach,Rhein-Hunsrück-Kreis,Rhénanie-Palatinat,RLP,Allemagne,DE,50.042,7.591
07333075,Steinbach am Donnersberg,Donnersbergkreis,Rhénanie-Palatinat,RLP,Allemagne,DE,49.601,7.954
07336096,Steinbach am Glan,Kusel,Rhénanie-Palatinat,RLP,Allemagne,DE,49.451,7.379
07232313,Steinborn,Eifelkreis Bitburg-Prüm,Rhénanie-Palatinat,RLP,Allemagne,DE,50.095,6.642
07143294,Steinebach an der Wied,Westerwaldkreis,Rhénanie-Palatinat,RLP,Allemagne,DE,50.604,7.807
07132107,Steinebach/Sieg,Altenkirchen (Ww),Rhénanie-Palatinat,RLP,Allemagne,DE,50.734,7.829
07233067,Steineberg,Vulkaneifel,Rhénanie-Palatinat,RLP,Allemagne,DE,50.178,6.918
07143074,Steinefrenz,Westerwaldkreis,Rhénanie-Palatinat,RLP,Allemagne,DE,50.459,7.933
07143075,Steinen,Westerwaldkreis,Rhénanie-Palatinat,RLP,Allemagne,DE,50.571,7.815
07132108,Steineroth,Altenkirchen (Ww),Rhénanie-Palatinat,RLP,Allemagne,DE,50.759,7.857
07337076,Steinfeld,Südliche Weinstraße,Rhénanie-Palatinat,RLP,Allemagne,DE,49.037,8.056
07233068,Steiningen,Vulkaneifel,Rhénanie-Palatinat,RLP,Allemagne,DE,50.196,6.918
07141130,Steinsberg,Rhein-Lahn-Kreis,Rhénanie-Palatinat,RLP,Allemagne,DE,50.323,7.949
07334030,Steinweiler,Germersheim,Rhénanie-Palatinat,RLP,Allemagne,DE,49.115,8.144
07335044,Steinwenden,Kaiserslautern,Rhénanie-Palatinat,RLP,Allemagne,DE,49.461,7.511
07335045,Stelzenberg,Kaiserslautern,Rhénanie-Palatinat,RLP,Allemagne,DE,49.38,7.721
07333076,Stetten,Donnersbergkreis,Rhénanie-Palatinat,RLP,Allemagne,DE,49.676,8.098
07134087,Stipshausen,Birkenfeld,Rhénanie-Palatinat,RLP,Allemagne,DE,49.851,7.281
07232124,Stockem,Eifelkreis Bitburg-Prüm,Rhénanie-Palatinat,RLP,Allemagne,DE,49.926,6.39
07143297,Stockhausen-Illfurth,Westerwaldkreis,Rhénanie-Palatinat,RLP,Allemagne,DE,50.646,7.983
07143298,Stockum-Püschen,Westerwaldkreis,Rhénanie-Palatinat,RLP,Allemagne,DE,50.606,7.907
07138071,Straßenhaus,Neuwied,Rhénanie-Palatinat,RLP,Allemagne,DE,50.541,7.509
07143299,Streithausen,Westerwaldkreis,Rhénanie-Palatinat,RLP,Allemagne,DE,50.686,7.815
07232315,Strickscheid,Eifelkreis Bitburg-Prüm,Rhénanie-Palatinat,RLP,Allemagne,DE,50.138,6.316
07233070,Strohn,Vulkaneifel,Rhénanie-Palatinat,RLP,Allemagne,DE,50.107,6.926
07133103,Stromberg,Bad Kreuznach,Rhénanie-Palatinat,RLP,Allemagne,DE,49.941,7.777
07233071,Strotzbüsch,Vulkaneifel,Rhénanie-Palatinat,RLP,Allemagne,DE,50.106,6.963
07141131,Strüth,Rhein-Lahn-Kreis,Rhénanie-Palatinat,RLP,Allemagne,DE,50.142,7.885
07132109,Stürzelbach,Altenkirchen (Ww),Rhénanie-Palatinat,RLP,Allemagne,DE,50.652,7.614
07134088,Sulzbach (Birkenfeld),Birkenfeld,Rhénanie-Palatinat,RLP,Allemagne,DE,49.835,7.331
07141132,Sulzbach (Rhein-Lahn-Kreis),Rhein-Lahn-Kreis,Rhénanie-Palatinat,RLP,Allemagne,DE,50.3,7.753
07335046,Sulzbachtal,Kaiserslautern,Rhénanie-Palatinat,RLP,Allemagne,DE,49.52,7.648
07331063,Sulzheim,Alzey-Worms,Rhénanie-Palatinat,RLP,Allemagne,DE,49.847,8.089
07339054,Sörgenloch,Mainz-Bingen,Rhénanie-Palatinat,RLP,Allemagne,DE,49.878,8.201
07132106,Sörth,Altenkirchen (Ww),Rhénanie-Palatinat,RLP,Allemagne,DE,50.698,7.688
07232125,Sülm,Eifelkreis Bitburg-Prüm,Rhénanie-Palatinat,RLP,Allemagne,DE,49.921,6.575
07235131,Taben-Rodt,Trier-Saarburg,Rhénanie-Palatinat,RLP,Allemagne,DE,49.538,6.596
07231122,Talling,Bernkastel-Wittlich,Rhénanie-Palatinat,RLP,Allemagne,DE,49.759,6.956
07235132,Tawern,Trier-Saarburg,Rhénanie-Palatinat,RLP,Allemagne,DE,49.672,6.513
07135081,Tellig,Cochem-Zell,Rhénanie-Palatinat,RLP,Allemagne,DE,50.028,7.252
07235133,Temmels,Trier-Saarburg,Rhénanie-Palatinat,RLP,Allemagne,DE,49.681,6.474
07333077,Teschenmoschel,Donnersbergkreis,Rhénanie-Palatinat,RLP,Allemagne,DE,49.629,7.731
07340051,Thaleischweiler-Fröschen,Südwestpfalz,Rhénanie-Palatinat,RLP,Allemagne,DE,49.264,7.579
07231123,Thalfang,Bernkastel-Wittlich,Rhénanie-Palatinat,RLP,Allemagne,DE,49.756,6.996
07138072,Thalhausen,Neuwied,Rhénanie-Palatinat,RLP,Allemagne,DE,50.508,7.582
07336097,Thallichtenberg,Kusel,Rhénanie-Palatinat,RLP,Allemagne,DE,49.564,7.345
07336098,Theisbergstegen,Kusel,Rhénanie-Palatinat,RLP,Allemagne,DE,49.51,7.441
07235135,Thomm,Trier-Saarburg,Rhénanie-Palatinat,RLP,Allemagne,DE,49.743,6.8
07140149,Thörlingen,Rhein-Hunsrück-Kreis,Rhénanie-Palatinat,RLP,Allemagne,DE,50.134,7.525
07235134,Thörnich,Trier-Saarburg,Rhénanie-Palatinat,RLP,Allemagne,DE,49.834,6.844
07137101,Thür,Mayen-Koblenz,Rhénanie-Palatinat,RLP,Allemagne,DE,50.352,7.287
07140150,Tiefenbach,Rhein-Hunsrück-Kreis,Rhénanie-Palatinat,RLP,Allemagne,DE,49.938,7.545
07332044,Tiefenthal (Bad Dürkheim),Bad Dürkheim,Rhénanie-Palatinat,RLP,Allemagne,DE,49.547,8.107
07133104,Tiefenthal (Bad Kreuznach),Bad Kreuznach,Rhénanie-Palatinat,RLP,Allemagne,DE,49.759,7.906
07140151,Todenroth,Rhein-Hunsrück-Kreis,Rhénanie-Palatinat,RLP,Allemagne,DE,49.977,7.354
07231124,Traben-Trarbach,Bernkastel-Wittlich,Rhénanie-Palatinat,RLP,Allemagne,DE,49.946,7.116
07133105,Traisen,Bad Kreuznach,Rhénanie-Palatinat,RLP,Allemagne,DE,49.822,7.82
07235136,Trassem,Trier-Saarburg,Rhénanie-Palatinat,RLP,Allemagne,DE,49.581,6.533
07339058,Trechtingshausen,Mainz-Bingen,Rhénanie-Palatinat,RLP,Allemagne,DE,50.005,7.837
07135082,Treis-Karden,Cochem-Zell,Rhénanie-Palatinat,RLP,Allemagne,DE,50.163,7.31
07211000,Trier,Trier,Rhénanie-Palatinat,RLP,Allemagne,DE,49.761,6.653
07131079,Trierscheid,Ahrweiler,Rhénanie-Palatinat,RLP,Allemagne,DE,50.35,6.815
07235137,Trierweiler,Trier-Saarburg,Rhénanie-Palatinat,RLP,Allemagne,DE,49.768,6.563
07137102,Trimbs,Mayen-Koblenz,Rhénanie-Palatinat,RLP,Allemagne,DE,50.339,7.301
07232126,Trimport,Eifelkreis Bitburg-Prüm,Rhénanie-Palatinat,RLP,Allemagne,DE,49.906,6.583
07335047,Trippstadt,Kaiserslautern,Rhénanie-Palatinat,RLP,Allemagne,DE,49.349,7.79
07235207,Trittenheim,Trier-Saarburg,Rhénanie-Palatinat,RLP,Allemagne,DE,49.817,6.916
07340052,Trulben,Südwestpfalz,Rhénanie-Palatinat,RLP,Allemagne,DE,49.138,7.552
07331064,Udenheim,Alzey-Worms,Rhénanie-Palatinat,RLP,Allemagne,DE,49.867,8.178
07233074,Udler,Vulkaneifel,Rhénanie-Palatinat,RLP,Allemagne,DE,50.138,6.868
07339059,Uelversheim,Mainz-Bingen,Rhénanie-Palatinat,RLP,Allemagne,DE,49.811,8.297
07233242,Uersfeld,Vulkaneifel,Rhénanie-Palatinat,RLP,Allemagne,DE,50.253,6.993
07233243,Ueß,Vulkaneifel,Rhénanie-Palatinat,RLP,Allemagne,DE,50.256,6.928
07140153,Uhler,Rhein-Hunsrück-Kreis,Rhénanie-Palatinat,RLP,Allemagne,DE,50.09,7.425
07135083,Ulmen,Cochem-Zell,Rhénanie-Palatinat,RLP,Allemagne,DE,50.211,6.988
07336099,Ulmet,Kusel,Rhénanie-Palatinat,RLP,Allemagne,DE,49.585,7.463
07339060,Undenheim,Mainz-Bingen,Rhénanie-Palatinat,RLP,Allemagne,DE,49.836,8.217
07138073,Unkel,Neuwied,Rhénanie-Palatinat,RLP,Allemagne,DE,50.603,7.23
07333078,Unkenbach,Donnersbergkreis,Rhénanie-Palatinat,RLP,Allemagne,DE,49.714,7.741
07143300,Unnau,Westerwaldkreis,Rhénanie-Palatinat,RLP,Allemagne,DE,50.652,7.904
07336100,Unterjeckenbach,Kusel,Rhénanie-Palatinat,RLP,Allemagne,DE,49.666,7.476
07143077,Untershausen,Westerwaldkreis,Rhénanie-Palatinat,RLP,Allemagne,DE,50.401,7.843
07140154,Unzenberg,Rhein-Hunsrück-Kreis,Rhénanie-Palatinat,RLP,Allemagne,DE,49.969,7.44
07232128,Uppershausen,Eifelkreis Bitburg-Prüm,Rhénanie-Palatinat,RLP,Allemagne,DE,50.047,6.317
07138074,Urbach,Neuwied,Rhénanie-Palatinat,RLP,Allemagne,DE,50.553,7.57
07137224,Urbar (Mayen-Koblenz),Mayen-Koblenz,Rhénanie-Palatinat,RLP,Allemagne,DE,50.381,7.633
07140155,Urbar (Rhein-Hunsrück-Kreis),Rhein-Hunsrück-Kreis,Rhénanie-Palatinat,RLP,Allemagne,DE,50.129,7.719
07135084,Urmersbach,Cochem-Zell,Rhénanie-Palatinat,RLP,Allemagne,DE,50.259,7.129
07137225,Urmitz,Mayen-Koblenz,Rhénanie-Palatinat,RLP,Allemagne,DE,50.41,7.522
07135085,Urschmitt,Cochem-Zell,Rhénanie-Palatinat,RLP,Allemagne,DE,50.12,7.067
07232129,Usch,Eifelkreis Bitburg-Prüm,Rhénanie-Palatinat,RLP,Allemagne,DE,50.104,6.597
07232102,Utscheid,Eifelkreis Bitburg-Prüm,Rhénanie-Palatinat,RLP,Allemagne,DE,49.992,6.353
07140156,Utzenhain,Rhein-Hunsrück-Kreis,Rhénanie-Palatinat,RLP,Allemagne,DE,50.133,7.624
07233077,Utzerath,Vulkaneifel,Rhénanie-Palatinat,RLP,Allemagne,DE,50.224,6.926
07137226,Vallendar,Mayen-Koblenz,Rhénanie-Palatinat,RLP,Allemagne,DE,50.401,7.638
07135086,Valwig,Cochem-Zell,Rhénanie-Palatinat,RLP,Allemagne,DE,50.154,7.227
07134089,Veitsrodt,Birkenfeld,Rhénanie-Palatinat,RLP,Allemagne,DE,49.756,7.283
07231126,Veldenz,Bernkastel-Wittlich,Rhénanie-Palatinat,RLP,Allemagne,DE,49.876,7.04
07331065,Vendersheim,Alzey-Worms,Rhénanie-Palatinat,RLP,Allemagne,DE,49.862,8.071
07337077,Venningen,Südliche Weinstraße,Rhénanie-Palatinat,RLP,Allemagne,DE,49.285,8.174
07138075,Vettelschoß,Neuwied,Rhénanie-Palatinat,RLP,Allemagne,DE,50.617,7.337
07143078,Vielbach,Westerwaldkreis,Rhénanie-Palatinat,RLP,Allemagne,DE,50.505,7.776
07235140,Vierherrenborn,Trier-Saarburg,Rhénanie-Palatinat,RLP,Allemagne,DE,49.608,6.659
07340053,Vinningen,Südwestpfalz,Rhénanie-Palatinat,RLP,Allemagne,DE,49.163,7.548
07137105,Virneburg,Mayen-Koblenz,Rhénanie-Palatinat,RLP,Allemagne,DE,50.342,7.084
07132110,Volkerzen,Altenkirchen (Ww),Rhénanie-Palatinat,RLP,Allemagne,DE,50.726,7.68
07137106,Volkesfeld,Mayen-Koblenz,Rhénanie-Palatinat,RLP,Allemagne,DE,50.387,7.145
07134090,Vollmersbach,Birkenfeld,Rhénanie-Palatinat,RLP,Allemagne,DE,49.743,7.303
07334031,Vollmersweiler,Germersheim,Rhénanie-Palatinat,RLP,Allemagne,DE,49.068,8.067
07133106,Volxheim,Bad Kreuznach,Rhénanie-Palatinat,RLP,Allemagne,DE,49.822,7.927
07337079,Vorderweidenthal,Südliche Weinstraße,Rhénanie-Palatinat,RLP,Allemagne,DE,49.129,7.895
07337078,Völkersweiler,Südliche Weinstraße,Rhénanie-Palatinat,RLP,Allemagne,DE,49.171,7.942
07331066,Wachenheim,Alzey-Worms,Rhénanie-Palatinat,RLP,Allemagne,DE,49.633,8.168
07332046,Wachenheim an der Weinstraße,Bad Dürkheim,Rhénanie-Palatinat,RLP,Allemagne,DE,49.431,8.141
07135087,Wagenhausen,Cochem-Zell,Rhénanie-Palatinat,RLP,Allemagne,DE,50.143,6.985
07140158,Wahlbach,Rhein-Hunsrück-Kreis,Rhénanie-Palatinat,RLP,Allemagne,DE,50.005,7.593
07140159,Wahlenau,Rhein-Hunsrück-Kreis,Rhénanie-Palatinat,RLP,Allemagne,DE,49.909,7.252
07331067,Wahlheim,Alzey-Worms,Rhénanie-Palatinat,RLP,Allemagne,DE,49.717,8.1
07143301,Wahlrod,Westerwaldkreis,Rhénanie-Palatinat,RLP,Allemagne,DE,50.647,7.716
07336101,Wahnwegen,Kusel,Rhénanie-Palatinat,RLP,Allemagne,DE,49.481,7.374
07143302,Waigandshain,Westerwaldkreis,Rhénanie-Palatinat,RLP,Allemagne,DE,50.644,8.087
07339062,Waldalgesheim,Mainz-Bingen,Rhénanie-Palatinat,RLP,Allemagne,DE,49.956,7.831
07138076,Waldbreitbach,Neuwied,Rhénanie-Palatinat,RLP,Allemagne,DE,50.552,7.422
07133107,Waldböckelheim,Bad Kreuznach,Rhénanie-Palatinat,RLP,Allemagne,DE,49.816,7.704
07137227,Waldesch,Mayen-Koblenz,Rhénanie-Palatinat,RLP,Allemagne,DE,50.279,7.538
07340054,Waldfischbach-Burgalben,Südwestpfalz,Rhénanie-Palatinat,RLP,Allemagne,DE,49.284,7.669
07333079,Waldgrehweiler,Donnersbergkreis,Rhénanie-Palatinat,RLP,Allemagne,DE,49.662,7.73
07337080,Waldhambach,Südliche Weinstraße,Rhénanie-Palatinat,RLP,Allemagne,DE,49.163,7.989
07232130,Waldhof-Falkenstein,Eifelkreis Bitburg-Prüm,Rhénanie-Palatinat,RLP,Allemagne,DE,49.965,6.198
07133108,Waldlaubersheim,Bad Kreuznach,Rhénanie-Palatinat,RLP,Allemagne,DE,49.925,7.826
07335048,Waldleiningen,Kaiserslautern,Rhénanie-Palatinat,RLP,Allemagne,DE,49.386,7.851
07336102,Waldmohr,Kusel,Rhénanie-Palatinat,RLP,Allemagne,DE,49.39,7.345
07143303,Waldmühlen,Westerwaldkreis,Rhénanie-Palatinat,RLP,Allemagne,DE,50.584,8.064
07131081,Waldorf,Ahrweiler,Rhénanie-Palatinat,RLP,Allemagne,DE,50.482,7.226
07235141,Waldrach,Trier-Saarburg,Rhénanie-Palatinat,RLP,Allemagne,DE,49.748,6.763
07337081,Waldrohrbach,Südliche Weinstraße,Rhénanie-Palatinat,RLP,Allemagne,DE,49.172,7.965
07338026,Waldsee,Rhein-Pfalz-Kreis,Rhénanie-Palatinat,RLP,Allemagne,DE,49.398,8.443
07235142,Waldweiler,Trier-Saarburg,Rhénanie-Palatinat,RLP,Allemagne,DE,49.609,6.815
07135088,Walhausen,Cochem-Zell,Rhénanie-Palatinat,RLP,Allemagne,DE,50.023,7.281
07233079,Wallenborn,Vulkaneifel,Rhénanie-Palatinat,RLP,Allemagne,DE,50.16,6.716
07232131,Wallendorf,Eifelkreis Bitburg-Prüm,Rhénanie-Palatinat,RLP,Allemagne,DE,49.868,6.324
07232318,Wallersheim,Eifelkreis Bitburg-Prüm,Rhénanie-Palatinat,RLP,Allemagne,DE,50.19,6.539
07331068,Wallertheim,Alzey-Worms,Rhénanie-Palatinat,RLP,Allemagne,DE,49.837,8.058
07340225,Wallhalben,Südwestpfalz,Rhénanie-Palatinat,RLP,Allemagne,DE,49.32,7.513
07133109,Wallhausen,Bad Kreuznach,Rhénanie-Palatinat,RLP,Allemagne,DE,49.892,7.759
07132111,Wallmenroth,Altenkirchen (Ww),Rhénanie-Palatinat,RLP,Allemagne,DE,50.8,7.836
07143304,Wallmerod,Westerwaldkreis,Rhénanie-Palatinat,RLP,Allemagne,DE,50.485,7.952
07231127,Wallscheid,Bernkastel-Wittlich,Rhénanie-Palatinat,RLP,Allemagne,DE,50.096,6.88
07233080,Walsdorf,Vulkaneifel,Rhénanie-Palatinat,RLP,Allemagne,DE,50.279,6.719
07340226,Walshausen,Südwestpfalz,Rhénanie-Palatinat,RLP,Allemagne,DE,49.215,7.465
07337082,Walsheim,Südliche Weinstraße,Rhénanie-Palatinat,RLP,Allemagne,DE,49.237,8.126
07132112,Walterschen,Altenkirchen (Ww),Rhénanie-Palatinat,RLP,Allemagne,DE,50.683,7.565
07133110,Warmsroth,Bad Kreuznach,Rhénanie-Palatinat,RLP,Allemagne,DE,49.958,7.79
07333080,Wartenberg-Rohrbach,Donnersbergkreis,Rhénanie-Palatinat,RLP,Allemagne,DE,49.528,7.853
07141133,Wasenbach,Rhein-Lahn-Kreis,Rhénanie-Palatinat,RLP,Allemagne,DE,50.319,7.971
07131209,Wassenach,Ahrweiler,Rhénanie-Palatinat,RLP,Allemagne,DE,50.437,7.272
07235143,Wasserliesch,Trier-Saarburg,Rhénanie-Palatinat,RLP,Allemagne,DE,49.7,6.535
07332047,Wattenheim,Bad Dürkheim,Rhénanie-Palatinat,RLP,Allemagne,DE,49.523,8.063
07232320,Watzerath,Eifelkreis Bitburg-Prüm,Rhénanie-Palatinat,RLP,Allemagne,DE,50.184,6.352
07232321,Wawern (Eifelkreis Bitburg-Prüm),Eifelkreis Bitburg-Prüm,Rhénanie-Palatinat,RLP,Allemagne,DE,50.121,6.494
07235144,Wawern (Trier-Saarburg),Trier-Saarburg,Rhénanie-Palatinat,RLP,Allemagne,DE,49.651,6.541
07232322,Waxweiler,Eifelkreis Bitburg-Prüm,Rhénanie-Palatinat,RLP,Allemagne,DE,50.093,6.365
07131210,Wehr,Ahrweiler,Rhénanie-Palatinat,RLP,Allemagne,DE,50.42,7.209
07131211,Weibern,Ahrweiler,Rhénanie-Palatinat,RLP,Allemagne,DE,50.405,7.142
07134091,Weiden,Birkenfeld,Rhénanie-Palatinat,RLP,Allemagne,DE,49.804,7.3
07141134,Weidenbach (Rhein-Lahn-Kreis),Rhein-Lahn-Kreis,Rhénanie-Palatinat,RLP,Allemagne,DE,50.154,7.889
07233081,Weidenbach (Vulkaneifel),Vulkaneifel,Rhénanie-Palatinat,RLP,Allemagne,DE,50.13,6.705
07143305,Weidenhahn,Westerwaldkreis,Rhénanie-Palatinat,RLP,Allemagne,DE,50.548,7.846
07332048,Weidenthal,Bad Dürkheim,Rhénanie-Palatinat,RLP,Allemagne,DE,49.408,7.987
07232132,Weidingen,Eifelkreis Bitburg-Prüm,Rhénanie-Palatinat,RLP,Allemagne,DE,50.012,6.369
07135089,Weiler (Cochem-Zell),Cochem-Zell,Rhénanie-Palatinat,RLP,Allemagne,DE,50.137,7.077
07137110,Weiler (Mayen-Koblenz),Mayen-Koblenz,Rhénanie-Palatinat,RLP,Allemagne,DE,50.305,7.125
07339063,Weiler bei Bingen,Mainz-Bingen,Rhénanie-Palatinat,RLP,Allemagne,DE,49.98,7.839
07133111,Weiler bei Monzingen,Bad Kreuznach,Rhénanie-Palatinat,RLP,Allemagne,DE,49.815,7.552
07335049,Weilerbach,Kaiserslautern,Rhénanie-Palatinat,RLP,Allemagne,DE,49.473,7.623
07334032,Weingarten (Pfalz),Germersheim,Rhénanie-Palatinat,RLP,Allemagne,DE,49.265,8.3
07339064,Weinolsheim,Mainz-Bingen,Rhénanie-Palatinat,RLP,Allemagne,DE,49.815,8.258
07133112,Weinsheim (Bad Kreuznach),Bad Kreuznach,Rhénanie-Palatinat,RLP,Allemagne,DE,49.834,7.767
07232226,Weinsheim (Eifelkreis Bitburg-Prüm),Eifelkreis Bitburg-Prüm,Rhénanie-Palatinat,RLP,Allemagne,DE,50.24,6.477
07141135,Weinähr,Rhein-Lahn-Kreis,Rhénanie-Palatinat,RLP,Allemagne,DE,50.329,7.848
07141136,Weisel,Rhein-Lahn-Kreis,Rhénanie-Palatinat,RLP,Allemagne,DE,50.123,7.808
07332049,Weisenheim am Berg,Bad Dürkheim,Rhénanie-Palatinat,RLP,Allemagne,DE,49.512,8.152
07332050,Weisenheim am Sand,Bad Dürkheim,Rhénanie-Palatinat,RLP,Allemagne,DE,49.513,8.251
07137228,Weißenthurm,Mayen-Koblenz,Rhénanie-Palatinat,RLP,Allemagne,DE,50.416,7.454
07132113,Weitefeld,Altenkirchen (Ww),Rhénanie-Palatinat,RLP,Allemagne,DE,50.725,7.929
07134092,Weitersbach,Birkenfeld,Rhénanie-Palatinat,RLP,Allemagne,DE,49.874,7.301
07133113,Weitersborn,Bad Kreuznach,Rhénanie-Palatinat,RLP,Allemagne,DE,49.852,7.529
07137229,Weitersburg,Mayen-Koblenz,Rhénanie-Palatinat,RLP,Allemagne,DE,50.418,7.622
07333081,Weitersweiler,Donnersbergkreis,Rhénanie-Palatinat,RLP,Allemagne,DE,49.615,7.993
07233244,Welcherath,Vulkaneifel,Rhénanie-Palatinat,RLP,Allemagne,DE,50.323,6.962
07336103,Welchweiler,Kusel,Rhénanie-Palatinat,RLP,Allemagne,DE,49.572,7.5
07339065,Welgesheim,Mainz-Bingen,Rhénanie-Palatinat,RLP,Allemagne,DE,49.881,7.966
07143306,Welkenbach,Westerwaldkreis,Rhénanie-Palatinat,RLP,Allemagne,DE,50.629,7.723
07235146,Wellen,Trier-Saarburg,Rhénanie-Palatinat,RLP,Allemagne,DE,49.671,6.448
07137112,Welling,Mayen-Koblenz,Rhénanie-Palatinat,RLP,Allemagne,DE,50.333,7.329
07235501,Welschbillig,Trier-Saarburg,Rhénanie-Palatinat,RLP,Allemagne,DE,49.849,6.588
07137113,Welschenbach,Mayen-Koblenz,Rhénanie-Palatinat,RLP,Allemagne,DE,50.358,7.078
07143079,Welschneudorf,Westerwaldkreis,Rhénanie-Palatinat,RLP,Allemagne,DE,50.371,7.796
07141137,Welterod,Rhein-Lahn-Kreis,Rhénanie-Palatinat,RLP,Allemagne,DE,50.13,7.909
07143307,Weltersburg,Westerwaldkreis,Rhénanie-Palatinat,RLP,Allemagne,DE,50.529,7.965
07331070,Wendelsheim,Alzey-Worms,Rhénanie-Palatinat,RLP,Allemagne,DE,49.758,7.976
07132114,Werkhausen,Altenkirchen (Ww),Rhénanie-Palatinat,RLP,Allemagne,DE,50.728,7.537
07337083,Wernersberg,Südliche Weinstraße,Rhénanie-Palatinat,RLP,Allemagne,DE,49.19,7.923
07143080,Weroth,Westerwaldkreis,Rhénanie-Palatinat,RLP,Allemagne,DE,50.466,7.951
07131082,Wershofen,Ahrweiler,Rhénanie-Palatinat,RLP,Allemagne,DE,50.444,6.823
07340055,Weselberg,Südwestpfalz,Rhénanie-Palatinat,RLP,Allemagne,DE,49.338,7.601
07143308,Westerburg,Westerwaldkreis,Rhénanie-Palatinat,RLP,Allemagne,DE,50.563,7.967
07143309,Westernohe,Westerwaldkreis,Rhénanie-Palatinat,RLP,Allemagne,DE,50.595,8.101
07334033,Westheim (Pfalz),Germersheim,Rhénanie-Palatinat,RLP,Allemagne,DE,49.245,8.32
07331071,Westhofen,Alzey-Worms,Rhénanie-Palatinat,RLP,Allemagne,DE,49.702,8.245
07232133,Wettlingen,Eifelkreis Bitburg-Prüm,Rhénanie-Palatinat,RLP,Allemagne,DE,49.929,6.417
07141138,Weyer,Rhein-Lahn-Kreis,Rhénanie-Palatinat,RLP,Allemagne,DE,50.197,7.732
07132115,Weyerbusch,Altenkirchen (Ww),Rhénanie-Palatinat,RLP,Allemagne,DE,50.706,7.557
07337084,Weyher in der Pfalz,Südliche Weinstraße,Rhénanie-Palatinat,RLP,Allemagne,DE,49.264,8.069
07134093,Wickenrodt,Birkenfeld,Rhénanie-Palatinat,RLP,Allemagne,DE,49.816,7.363
07140161,Wiebelsheim,Rhein-Hunsrück-Kreis,Rhénanie-Palatinat,RLP,Allemagne,DE,50.078,7.64
07143310,Wied,Westerwaldkreis,Rhénanie-Palatinat,RLP,Allemagne,DE,50.628,7.778
07137114,Wierschem,Mayen-Koblenz,Rhénanie-Palatinat,RLP,Allemagne,DE,50.22,7.349
07232134,Wiersdorf,Eifelkreis Bitburg-Prüm,Rhénanie-Palatinat,RLP,Allemagne,DE,50.01,6.465
07340227,Wiesbach,Südwestpfalz,Rhénanie-Palatinat,RLP,Allemagne,DE,49.341,7.457
07233083,Wiesbaum,Vulkaneifel,Rhénanie-Palatinat,RLP,Allemagne,DE,50.343,6.668
07131083,Wiesemscheid,Ahrweiler,Rhénanie-Palatinat,RLP,Allemagne,DE,50.334,6.898
07336104,Wiesweiler,Kusel,Rhénanie-Palatinat,RLP,Allemagne,DE,49.638,7.571
07340057,Wilgartswiesen,Südwestpfalz,Rhénanie-Palatinat,RLP,Allemagne,DE,49.23,7.843
07143311,Willingen,Westerwaldkreis,Rhénanie-Palatinat,RLP,Allemagne,DE,50.665,8.097
07143312,Willmenrod,Westerwaldkreis,Rhénanie-Palatinat,RLP,Allemagne,DE,50.541,7.981
07132116,Willroth,Altenkirchen (Ww),Rhénanie-Palatinat,RLP,Allemagne,DE,50.573,7.528
07231132,Willwerscheid,Bernkastel-Wittlich,Rhénanie-Palatinat,RLP,Allemagne,DE,50.037,6.933
07232135,Wilsecker,Eifelkreis Bitburg-Prüm,Rhénanie-Palatinat,RLP,Allemagne,DE,50.023,6.59
07235148,Wiltingen,Trier-Saarburg,Rhénanie-Palatinat,RLP,Allemagne,DE,49.654,6.599
07134094,Wilzenberg-Hußweiler,Birkenfeld,Rhénanie-Palatinat,RLP,Allemagne,DE,49.702,7.223
07131084,Wimbach,Ahrweiler,Rhénanie-Palatinat,RLP,Allemagne,DE,50.365,6.916
07235149,Wincheringen,Trier-Saarburg,Rhénanie-Palatinat,RLP,Allemagne,DE,49.603,6.445
07334034,Winden (Germersheim),Germersheim,Rhénanie-Palatinat,RLP,Allemagne,DE,49.095,8.116
07141139,Winden (Rhein-Lahn-Kreis),Rhein-Lahn-Kreis,Rhénanie-Palatinat,RLP,Allemagne,DE,50.343,7.833
07133114,Windesheim,Bad Kreuznach,Rhénanie-Palatinat,RLP,Allemagne,DE,49.903,7.8
07138077,Windhagen,Neuwied,Rhénanie-Palatinat,RLP,Allemagne,DE,50.635,7.36
07233084,Winkel (Eifel),Vulkaneifel,Rhénanie-Palatinat,RLP,Allemagne,DE,50.147,6.95
07143313,Winkelbach,Westerwaldkreis,Rhénanie-Palatinat,RLP,Allemagne,DE,50.641,7.73
07143314,Winnen,Westerwaldkreis,Rhénanie-Palatinat,RLP,Allemagne,DE,50.577,8.009
07131085,Winnerath,Ahrweiler,Rhénanie-Palatinat,RLP,Allemagne,DE,50.43,6.878
07137230,Winningen,Mayen-Koblenz,Rhénanie-Palatinat,RLP,Allemagne,DE,50.321,7.513
07333503,Winnweiler,Donnersbergkreis,Rhénanie-Palatinat,RLP,Allemagne,DE,49.572,7.849
07232327,Winringen,Eifelkreis Bitburg-Prüm,Rhénanie-Palatinat,RLP,Allemagne,DE,50.151,6.412
07133115,Winterbach,Bad Kreuznach,Rhénanie-Palatinat,RLP,Allemagne,DE,49.897,7.618
07340228,Winterbach (Pfalz),Südwestpfalz,Rhénanie-Palatinat,RLP,Allemagne,DE,49.303,7.47
07333083,Winterborn,Donnersbergkreis,Rhénanie-Palatinat,RLP,Allemagne,DE,49.748,7.853
07133116,Winterburg,Bad Kreuznach,Rhénanie-Palatinat,RLP,Allemagne,DE,49.865,7.649
07232328,Winterscheid,Eifelkreis Bitburg-Prüm,Rhénanie-Palatinat,RLP,Allemagne,DE,50.237,6.238
07339066,Wintersheim,Mainz-Bingen,Rhénanie-Palatinat,RLP,Allemagne,DE,49.779,8.291
07232329,Winterspelt,Eifelkreis Bitburg-Prüm,Rhénanie-Palatinat,RLP,Allemagne,DE,50.209,6.208
07141140,Winterwerb,Rhein-Lahn-Kreis,Rhénanie-Palatinat,RLP,Allemagne,DE,50.238,7.734
07231133,Wintrich,Bernkastel-Wittlich,Rhénanie-Palatinat,RLP,Allemagne,DE,49.868,6.972
07131086,Wirft,Ahrweiler,Rhénanie-Palatinat,RLP,Allemagne,DE,50.373,6.851
07135090,Wirfus,Cochem-Zell,Rhénanie-Palatinat,RLP,Allemagne,DE,50.201,7.205
07143081,Wirges,Westerwaldkreis,Rhénanie-Palatinat,RLP,Allemagne,DE,50.474,7.802
07143082,Wirscheid,Westerwaldkreis,Rhénanie-Palatinat,RLP,Allemagne,DE,50.477,7.662
07134095,Wirschweiler,Birkenfeld,Rhénanie-Palatinat,RLP,Allemagne,DE,49.771,7.161
07132117,Wissen,Altenkirchen (Ww),Rhénanie-Palatinat,RLP,Allemagne,DE,50.772,7.741
07232501,Wißmannsdorf,Eifelkreis Bitburg-Prüm,Rhénanie-Palatinat,RLP,Allemagne,DE,49.994,6.442
07143084,Wittgert,Westerwaldkreis,Rhénanie-Palatinat,RLP,Allemagne,DE,50.496,7.702
07231134,Wittlich,Bernkastel-Wittlich,Rhénanie-Palatinat,RLP,Allemagne,DE,49.987,6.926
07138078,Woldert,Neuwied,Rhénanie-Palatinat,RLP,Allemagne,DE,50.602,7.656
07339202,Wolfsheim,Mainz-Bingen,Rhénanie-Palatinat,RLP,Allemagne,DE,49.873,8.044
07336105,Wolfstein,Kusel,Rhénanie-Palatinat,RLP,Allemagne,DE,49.586,7.601
07137231,Wolken,Mayen-Koblenz,Rhénanie-Palatinat,RLP,Allemagne,DE,50.338,7.474
07135091,Wollmerath,Cochem-Zell,Rhénanie-Palatinat,RLP,Allemagne,DE,50.156,6.98
07232137,Wolsfeld,Eifelkreis Bitburg-Prüm,Rhénanie-Palatinat,RLP,Allemagne,DE,49.906,6.468
07140163,Womrath,Rhein-Hunsrück-Kreis,Rhénanie-Palatinat,RLP,Allemagne,DE,49.92,7.452
07331075,Wonsheim,Alzey-Worms,Rhénanie-Palatinat,RLP,Allemagne,DE,49.782,7.968
07140164,Woppenroth,Rhein-Hunsrück-Kreis,Rhénanie-Palatinat,RLP,Allemagne,DE,49.869,7.412
07319000,Worms,Worms,Rhénanie-Palatinat,RLP,Allemagne,DE,49.645,8.325
07143085,Wölferlingen,Westerwaldkreis,Rhénanie-Palatinat,RLP,Allemagne,DE,50.571,7.86
07331072,Wöllstein,Alzey-Worms,Rhénanie-Palatinat,RLP,Allemagne,DE,49.818,7.966
07132118,Wölmersen,Altenkirchen (Ww),Rhénanie-Palatinat,RLP,Allemagne,DE,50.714,7.602
07331073,Wörrstadt,Alzey-Worms,Rhénanie-Palatinat,RLP,Allemagne,DE,49.838,8.121
07334501,Wörth am Rhein,Germersheim,Rhénanie-Palatinat,RLP,Allemagne,DE,49.027,8.19
07140165,Würrich,Rhein-Hunsrück-Kreis,Rhénanie-Palatinat,RLP,Allemagne,DE,49.972,7.299
07333084,Würzweiler,Donnersbergkreis,Rhénanie-Palatinat,RLP,Allemagne,DE,49.651,7.864
07140166,Wüschheim,Rhein-Hunsrück-Kreis,Rhénanie-Palatinat,RLP,Allemagne,DE,50.014,7.418
07143315,Zehnhausen bei Rennerod,Westerwaldkreis,Rhénanie-Palatinat,RLP,Allemagne,DE,50.65,8.058
07143316,Zehnhausen bei Wallmerod,Westerwaldkreis,Rhénanie-Palatinat,RLP,Allemagne,DE,50.477,7.917
07334036,Zeiskam,Germersheim,Rhénanie-Palatinat,RLP,Allemagne,DE,49.228,8.25
07135092,Zell (Mosel),Cochem-Zell,Rhénanie-Palatinat,RLP,Allemagne,DE,50.022,7.206
07333501,Zellertal,Donnersbergkreis,Rhénanie-Palatinat,RLP,Allemagne,DE,49.64,8.141
07231136,Zeltingen-Rachtig,Bernkastel-Wittlich,Rhénanie-Palatinat,RLP,Allemagne,DE,49.968,6.989
07235151,Zemmer,Trier-Saarburg,Rhénanie-Palatinat,RLP,Allemagne,DE,49.881,6.683
07232331,Zendscheid,Eifelkreis Bitburg-Prüm,Rhénanie-Palatinat,RLP,Allemagne,DE,50.105,6.622
07235152,Zerf,Trier-Saarburg,Rhénanie-Palatinat,RLP,Allemagne,DE,49.592,6.701
07135093,Zettingen,Cochem-Zell,Rhénanie-Palatinat,RLP,Allemagne,DE,50.224,7.2
07132119,Ziegenhain,Altenkirchen (Ww),Rhénanie-Palatinat,RLP,Allemagne,DE,50.679,7.531
07140504,Zilshausen,Rhein-Hunsrück-Kreis,Rhénanie-Palatinat,RLP,Allemagne,DE,50.115,7.383
07141141,Zimmerschied,Rhein-Lahn-Kreis,Rhénanie-Palatinat,RLP,Allemagne,DE,50.354,7.793
07339067,Zornheim,Mainz-Bingen,Rhénanie-Palatinat,RLP,Allemagne,DE,49.888,8.229
07339068,Zotzenheim,Mainz-Bingen,Rhénanie-Palatinat,RLP,Allemagne,DE,49.871,7.964
07320000,Zweibrücken,Zweibrücken,Rhénanie-Palatinat,RLP,Allemagne,DE,49.248,7.366
07232138,Zweifelscheid,Eifelkreis Bitburg-Prüm,Rhénanie-Palatinat,RLP,Allemagne,DE,50.038,6.251
07235153,Züsch,Trier-Saarburg,Rhénanie-Palatinat,RLP,Allemagne,DE,49.652,7.007
07132087,Ölsen,Altenkirchen (Ww),Rhénanie-Palatinat,RLP,Allemagne,DE,50.738,7.603
07143060,Ötzingen,Westerwaldkreis,Rhénanie-Palatinat,RLP,Allemagne,DE,50.509,7.838
07232127,Übereisenbach,Eifelkreis Bitburg-Prüm,Rhénanie-Palatinat,RLP,Allemagne,DE,50.004,6.154
07233075,Üdersdorf,Vulkaneifel,Rhénanie-Palatinat,RLP,Allemagne,DE,50.146,6.809
07231125,Ürzig,Bernkastel-Wittlich,Rhénanie-Palatinat,RLP,Allemagne,DE,49.99,7.003
07232333,Üttfeld,Eifelkreis Bitburg-Prüm,Rhénanie-Palatinat,RLP,Allemagne,DE,50.13,6.259
07233076,Üxheim,Vulkaneifel,Rhénanie-Palatinat,RLP,Allemagne,DE,50.332,6.753
