{"type":"FeatureCollection", "features": [
{"type":"Feature","geometry":{"type":"Polygon","coordinates":[[[7.7295,49.6922],[7.7237,49.6908],[7.7052,49.6957],[7.691,49.6947],[7.6929,49.6867],[7.6975,49.6792],[7.6977,49.6694],[7.7125,49.6667],[7.7217,49.6732],[7.7199,49.6832],[7.7295,49.6922]]]},"properties":{"id":"07133090","name":"Schmittweiler","subdivision":"Bad Kreuznach","cx":7.708,"cy":49.682}},
{"type":"Feature","geometry":{"type":"Polygon","coordinates":[[[7.6128,49.6978],[7.6159,49.6913],[7.6091,49.6843],[7.6191,49.6864],[7.6237,49.6844],[7.6342,49.6845],[7.6426,49.687],[7.6528,49.6987],[7.6437,49.7076],[7.627,49.7068],[7.6166,49.7052],[7.6128,49.6978]]]},"properties":{"id":"07133017","name":"Breitenheim","subdivision":"Bad Kreuznach","cx":7.631,"cy":49.696}},
{"type":"Feature","geometry":{"type":"Polygon","coordinates":[[[6.8476,50.427],[6.8498,50.4209],[6.8401,50.4195],[6.8381,50.4177],[6.8392,50.4133],[6.8554,50.4157],[6.8618,50.4147],[6.8702,50.4193],[6.8671,50.429],[6.8597,50.4322],[6.8592,50.428],[6.8476,50.427]]]},"properties":{"id":"07131022","name":"Fuchshofen","subdivision":"Ahrweiler","cx":6.856,"cy":50.422}},
{"type":"Feature","geometry":{"type":"Polygon","coordinates":[[[6.9078,50.455],[6.909,50.465],[6.9015,50.4691],[6.8767,50.4648],[6.873,50.4623],[6.8719,50.4564],[6.8779,50.454],[6.8861,50.4574],[6.8912,50.4544],[6.9078,50.455]]]},"properties":{"id":"07131026","name":"Harscheid","subdivision":"Ahrweiler","cx":6.892,"cy":50.461}},
{"type":"Feature","geometry":{"type":"Polygon","coordinates":[[[7.0048,50.3797],[6.9914,50.3778],[6.9836,50.3723],[6.9743,50.3729],[6.9582,50.3709],[6.959,50.3617],[6.955,50.3577],[6.9537,50.3525],[6.9614,50.3521],[6.9665,50.3485],[6.9757,50.3539],[6.9812,50.3527],[6.9955,50.3592],[7.0091,50.3749],[7.0048,50.3797]]]},"properties":{"id":"07131028","name":"Herschbroich","subdivision":"Ahrweiler","cx":6.98,"cy":50.363}},
{"type":"Feature","geometry":{"type":"Polygon","coordinates":[[[7.5662,50.6514],[7.587,50.648],[7.5895,50.6507],[7.5818,50.6586],[7.568,50.6594],[7.5625,50.6621],[7.5472,50.6603],[7.5662,50.6514]]]},"properties":{"id":"07132005","name":"Berzhausen","subdivision":"Altenkirchen (Ww)","cx":7.571,"cy":50.655}},
{"type":"Feature","geometry":{"type":"Polygon","coordinates":[[[7.6397,50.7101],[7.6427,50.7306],[7.6386,50.7402],[7.6355,50.7365],[7.6261,50.7335],[7.6267,50.7211],[7.6244,50.7158],[7.6346,50.7054],[7.6397,50.7101]]]},"properties":{"id":"07132017","name":"Busenhausen","subdivision":"Altenkirchen (Ww)","cx":7.634,"cy":50.723}},
{"type":"Feature","geometry":{"type":"Polygon","coordinates":[[[7.6816,50.7173],[7.6913,50.7095],[7.6989,50.708],[7.7152,50.716],[7.7128,50.7216],[7.6948,50.7266],[7.6914,50.726],[7.6816,50.7173]]]},"properties":{"id":"07132022","name":"Eichelhardt","subdivision":"Altenkirchen (Ww)","cx":7.698,"cy":50.717}},
{"type":"Feature","geometry":{"type":"Polygon","coordinates":[[[7.525,50.6973],[7.519,50.7037],[7.5138,50.6994],[7.5041,50.6988],[7.5046,50.6915],[7.5216,50.6899],[7.525,50.6973]]]},"properties":{"id":"07132027","name":"Ersfeld","subdivision":"Altenkirchen (Ww)","cx":7.517,"cy":50.695}},
{"type":"Feature","geometry":{"type":"Polygon","coordinates":[[[7.5041,50.6988],[7.4922,50.7045],[7.4918,50.709],[7.4848,50.7129],[7.4795,50.7101],[7.4822,50.7055],[7.4786,50.6962],[7.4868,50.6939],[7.4975,50.6865],[7.5046,50.6915],[7.5041,50.6988]]]},"properties":{"id":"07132031","name":"Fiersbach","subdivision":"Altenkirchen (Ww)","cx":7.491,"cy":50.699}},
{"type":"Feature","geometry":{"type":"Polygon","coordinates":[[[7.6133,50.6717],[7.6208,50.6698],[7.6232,50.6639],[7.6156,50.6597],[7.6249,50.6568],[7.6276,50.6528],[7.6342,50.6538],[7.64,50.6605],[7.6499,50.6648],[7.6452,50.6694],[7.6431,50.6737],[7.6363,50.6742],[7.6271,50.6714],[7.614,50.6722],[7.6133,50.6717]]]},"properties":{"id":"07132033","name":"Fluterschen","subdivision":"Altenkirchen (Ww)","cx":7.632,"cy":50.665}},
{"type":"Feature","geometry":{"type":"Polygon","coordinates":[[[7.525,50.6973],[7.5323,50.6969],[7.5478,50.6994],[7.5434,50.7059],[7.5316,50.7052],[7.5197,50.707],[7.519,50.7037],[7.525,50.6973]]]},"properties":{"id":"07132035","name":"Forstmehren","subdivision":"Altenkirchen (Ww)","cx":7.533,"cy":50.701}},
{"type":"Feature","geometry":{"type":"Polygon","coordinates":[[[7.2009,50.4462],[7.181,50.4409],[7.1828,50.4303],[7.1872,50.4287],[7.2028,50.4346],[7.1992,50.4373],[7.2009,50.4462]]]},"properties":{"id":"07131204","name":"Galenberg","subdivision":"Ahrweiler","cx":7.191,"cy":50.437}},
{"type":"Feature","geometry":{"type":"Polygon","coordinates":[[[6.9746,50.4187],[6.9711,50.4236],[6.9683,50.4361],[6.9754,50.4538],[6.9618,50.458],[6.9538,50.4496],[6.9402,50.4504],[6.9366,50.446],[6.9297,50.446],[6.9215,50.4436],[6.9253,50.4379],[6.9239,50.4301],[6.9008,50.4284],[6.9121,50.4184],[6.9274,50.4191],[6.9357,50.4223],[6.9455,50.421],[6.956,50.4277],[6.9616,50.4228],[6.9736,50.4177],[6.9746,50.4187]]]},"properties":{"id":"07131501","name":"Dümpelfeld","subdivision":"Ahrweiler","cx":6.945,"cy":50.435}},
{"type":"Feature","geometry":{"type":"Polygon","coordinates":[[[6.8372,50.3709],[6.8316,50.375],[6.8323,50.3781],[6.8213,50.3831],[6.8117,50.3813],[6.8016,50.3742],[6.8027,50.3693],[6.8007,50.3618],[6.8089,50.3594],[6.8212,50.3584],[6.8314,50.3627],[6.8372,50.3709]]]},"properties":{"id":"07131030","name":"Hoffeld","subdivision":"Ahrweiler","cx":6.818,"cy":50.37}},
{"type":"Feature","geometry":{"type":"Polygon","coordinates":[[[6.8089,50.3594],[6.7983,50.3516],[6.7984,50.3448],[6.8116,50.3368],[6.8145,50.3415],[6.8329,50.3476],[6.8316,50.3502],[6.8314,50.3627],[6.8212,50.3584],[6.8089,50.3594]]]},"properties":{"id":"07131079","name":"Trierscheid","subdivision":"Ahrweiler","cx":6.815,"cy":50.35}},
{"type":"Feature","geometry":{"type":"Polygon","coordinates":[[[7.8615,50.7366],[7.8559,50.7438],[7.8444,50.7411],[7.8489,50.7393],[7.8468,50.7282],[7.8593,50.7253],[7.8574,50.731],[7.8615,50.7366]]]},"properties":{"id":"07132020","name":"Dickendorf","subdivision":"Altenkirchen (Ww)","cx":7.854,"cy":50.735}},
{"type":"Feature","geometry":{"type":"Polygon","coordinates":[[[6.9045,50.3756],[6.9147,50.3828],[6.9115,50.3901],[6.8862,50.3827],[6.8824,50.3811],[6.896,50.3753],[6.9045,50.3756]]]},"properties":{"id":"07131032","name":"Honerath","subdivision":"Ahrweiler","cx":6.901,"cy":50.382}},
{"type":"Feature","geometry":{"type":"Polygon","coordinates":[[[7.5385,50.6747],[7.5334,50.6835],[7.5326,50.6836],[7.5236,50.6794],[7.5233,50.6755],[7.5385,50.6747]]]},"properties":{"id":"07132119","name":"Ziegenhain","subdivision":"Altenkirchen (Ww)","cx":7.531,"cy":50.679}},
{"type":"Feature","geometry":{"type":"Polygon","coordinates":[[[6.9791,50.4566],[6.9915,50.4659],[6.9989,50.474],[6.9937,50.486],[7.0042,50.4968],[7.0191,50.4999],[7.0074,50.5039],[6.997,50.5002],[6.9782,50.5025],[6.9732,50.4992],[6.9607,50.4986],[6.9558,50.4958],[6.9382,50.4794],[6.956,50.4806],[6.9683,50.4765],[6.9742,50.4725],[6.969,50.4648],[6.9791,50.4566]]]},"properties":{"id":"07131002","name":"Ahrbrück","subdivision":"Ahrweiler","cx":6.978,"cy":50.485}},
{"type":"Feature","geometry":{"type":"Polygon","coordinates":[[[7.5046,50.6915],[7.4975,50.6865],[7.4941,50.6785],[7.4961,50.6716],[7.5081,50.6751],[7.5233,50.6755],[7.5236,50.6794],[7.5326,50.6836],[7.5282,50.6885],[7.5216,50.6899],[7.5046,50.6915]]]},"properties":{"id":"07132069","name":"Mehren (Altenkirchen (Ww))","subdivision":"Altenkirchen (Ww)","cx":7.511,"cy":50.682}},
{"type":"Feature","geometry":{"type":"Polygon","coordinates":[[[7.0074,50.5039],[7.0042,50.5176],[7.0076,50.5291],[7.0181,50.5368],[7.0253,50.5389],[7.0299,50.5401],[7.0069,50.5397],[7.0056,50.5449],[6.9922,50.5439],[6.9814,50.5353],[6.9808,50.5273],[6.9677,50.5207],[6.9628,50.5217],[6.9517,50.5163],[6.9489,50.5123],[6.9412,50.5115],[6.9428,50.506],[6.9607,50.4986],[6.9732,50.4992],[6.9782,50.5025],[6.997,50.5002],[7.0074,50.5039]]]},"properties":{"id":"07131003","name":"Altenahr","subdivision":"Ahrweiler","cx":6.985,"cy":50.515}},
{"type":"Feature","geometry":{"type":"Polygon","coordinates":[[[6.9922,50.5439],[6.9865,50.5431],[6.9707,50.5494],[6.9721,50.5559],[6.9565,50.557],[6.9514,50.5634],[6.931,50.5605],[6.922,50.5543],[6.9259,50.544],[6.9314,50.5356],[6.9165,50.528],[6.9207,50.5262],[6.9232,50.5089],[6.9412,50.5115],[6.9489,50.5123],[6.9517,50.5163],[6.9628,50.5217],[6.9677,50.5207],[6.9808,50.5273],[6.9814,50.5353],[6.9922,50.5439]]]},"properties":{"id":"07131011","name":"Berg (Ahrweiler)","subdivision":"Ahrweiler","cx":6.949,"cy":50.537}},
{"type":"Feature","geometry":{"type":"Polygon","coordinates":[[[7.0253,50.5389],[7.0324,50.5259],[7.0327,50.5212],[7.0409,50.5184],[7.0508,50.5053],[7.0585,50.5061],[7.0543,50.5107],[7.0588,50.5225],[7.0562,50.5295],[7.058,50.5385],[7.0473,50.543],[7.0299,50.5401],[7.0253,50.5389]]]},"properties":{"id":"07131017","name":"Dernau","subdivision":"Ahrweiler","cx":7.045,"cy":50.528}},
{"type":"Feature","geometry":{"type":"Polygon","coordinates":[[[7.9272,50.7117],[7.9465,50.7091],[7.9489,50.7179],[7.9555,50.7245],[7.9511,50.7311],[7.942,50.7345],[7.932,50.7389],[7.919,50.7373],[7.9061,50.7397],[7.9042,50.7335],[7.9066,50.7189],[7.9163,50.7168],[7.9272,50.7117]]]},"properties":{"id":"07132113","name":"Weitefeld","subdivision":"Altenkirchen (Ww)","cx":7.929,"cy":50.725}},
{"type":"Feature","geometry":{"type":"Polygon","coordinates":[[[6.8532,50.3271],[6.8411,50.3421],[6.8268,50.3307],[6.8067,50.3316],[6.7935,50.3276],[6.8075,50.3274],[6.8149,50.3291],[6.8188,50.3239],[6.8362,50.3181],[6.8427,50.32],[6.8532,50.3271]]]},"properties":{"id":"07131075","name":"Senscheid","subdivision":"Ahrweiler","cx":6.836,"cy":50.327}},
{"type":"Feature","geometry":{"type":"Polygon","coordinates":[[[6.8862,50.3827],[6.8802,50.3873],[6.8788,50.3928],[6.8713,50.3956],[6.8692,50.4026],[6.8544,50.4039],[6.8419,50.4088],[6.8421,50.3933],[6.849,50.39],[6.8472,50.381],[6.8598,50.3789],[6.8664,50.3836],[6.8743,50.3827],[6.8752,50.372],[6.8824,50.3811],[6.8862,50.3827]]]},"properties":{"id":"07131072","name":"Rodder","subdivision":"Ahrweiler","cx":6.861,"cy":50.392}},
{"type":"Feature","geometry":{"type":"Polygon","coordinates":[[[7.3007,49.7736],[7.3006,49.7708],[7.3213,49.7746],[7.3291,49.7789],[7.3233,49.783],[7.3159,49.7822],[7.3101,49.7764],[7.3007,49.7736]]]},"properties":{"id":"07134067","name":"Oberwörresbach","subdivision":"Birkenfeld","cx":7.317,"cy":49.778}},
{"type":"Feature","geometry":{"type":"Polygon","coordinates":[[[6.873,50.4623],[6.8667,50.4563],[6.8595,50.4498],[6.8643,50.4429],[6.8648,50.4371],[6.8788,50.4381],[6.8908,50.4361],[6.9046,50.4439],[6.9024,50.4474],[6.9111,50.4524],[6.9078,50.455],[6.8912,50.4544],[6.8861,50.4574],[6.8779,50.454],[6.8719,50.4564],[6.873,50.4623]]]},"properties":{"id":"07131074","name":"Schuld","subdivision":"Ahrweiler","cx":6.883,"cy":50.447}},
{"type":"Feature","geometry":{"type":"Polygon","coordinates":[[[6.9078,50.455],[6.9111,50.4524],[6.9192,50.4488],[6.9305,50.4525],[6.922,50.4579],[6.9238,50.465],[6.9209,50.4706],[6.9153,50.4705],[6.909,50.465],[6.9078,50.455]]]},"properties":{"id":"07131076","name":"Sierscheid","subdivision":"Ahrweiler","cx":6.916,"cy":50.46}},
{"type":"Feature","geometry":{"type":"Polygon","coordinates":[[[7.9307,50.2633],[7.9287,50.2583],[7.932,50.2579],[7.949,50.2658],[7.9494,50.27],[7.9573,50.2718],[7.9507,50.2779],[7.93,50.2714],[7.9307,50.2633]]]},"properties":{"id":"07141039","name":"Ergeshausen","subdivision":"Rhein-Lahn-Kreis","cx":7.941,"cy":50.269}},
{"type":"Feature","geometry":{"type":"Polygon","coordinates":[[[6.8314,50.3627],[6.8316,50.3502],[6.841,50.3458],[6.8411,50.3421],[6.8532,50.3271],[6.8599,50.3322],[6.8686,50.3349],[6.8627,50.3469],[6.8525,50.3522],[6.8502,50.3598],[6.8384,50.3677],[6.8372,50.3709],[6.8314,50.3627]]]},"properties":{"id":"07131065","name":"Pomster","subdivision":"Ahrweiler","cx":6.851,"cy":50.343}},
{"type":"Feature","geometry":{"type":"Polygon","coordinates":[[[7.3627,49.9805],[7.3502,49.9861],[7.3507,49.981],[7.3443,49.9757],[7.3474,49.9704],[7.3646,49.975],[7.3627,49.9805]]]},"properties":{"id":"07140151","name":"Todenroth","subdivision":"Rhein-Hunsrück-Kreis","cx":7.354,"cy":49.977}},
{"type":"Feature","geometry":{"type":"Polygon","coordinates":[[[6.955,50.3577],[6.9499,50.3622],[6.9289,50.3552],[6.92,50.3491],[6.9174,50.3385],[6.9259,50.3369],[6.9365,50.3362],[6.9471,50.3487],[6.9537,50.3525],[6.955,50.3577]]]},"properties":{"id":"07131066","name":"Quiddelbach","subdivision":"Ahrweiler","cx":6.936,"cy":50.348}},
{"type":"Feature","geometry":{"type":"Polygon","coordinates":[[[7.6397,50.7101],[7.6511,50.7097],[7.6527,50.7176],[7.6517,50.7285],[7.6427,50.7306],[7.6397,50.7101]]]},"properties":{"id":"07132004","name":"Bachenberg","subdivision":"Altenkirchen (Ww)","cx":7.647,"cy":50.719}},
{"type":"Feature","geometry":{"type":"Polygon","coordinates":[[[7.1016,50.4779],[7.0936,50.4769],[7.0647,50.4814],[7.0564,50.4695],[7.0401,50.4691],[7.0349,50.4661],[7.0396,50.4593],[7.0357,50.4473],[7.036,50.4417],[7.0419,50.4362],[7.0432,50.4304],[7.0254,50.4203],[7.0258,50.4121],[7.0404,50.4041],[7.0442,50.4132],[7.0598,50.4207],[7.0625,50.4277],[7.0739,50.4289],[7.0851,50.4374],[7.0942,50.4418],[7.1006,50.4508],[7.1171,50.4561],[7.1198,50.4618],[7.1102,50.4652],[7.1099,50.4712],[7.1016,50.4779]]]},"properties":{"id":"07131027","name":"Heckenbach","subdivision":"Ahrweiler","cx":7.068,"cy":50.45}},
{"type":"Feature","geometry":{"type":"Polygon","coordinates":[[[6.9754,50.4538],[6.9791,50.4566],[6.969,50.4648],[6.9742,50.4725],[6.9683,50.4765],[6.956,50.4806],[6.9382,50.4794],[6.9324,50.4792],[6.9297,50.4715],[6.9209,50.4706],[6.9238,50.465],[6.922,50.4579],[6.9305,50.4525],[6.9297,50.446],[6.9366,50.446],[6.9402,50.4504],[6.9538,50.4496],[6.9618,50.458],[6.9754,50.4538]]]},"properties":{"id":"07131029","name":"Hönningen","subdivision":"Ahrweiler","cx":6.948,"cy":50.465}},
{"type":"Feature","geometry":{"type":"Polygon","coordinates":[[[7.0056,50.5449],[7.0031,50.5581],[6.9981,50.565],[6.9836,50.5657],[6.9773,50.5634],[6.9721,50.5559],[6.9707,50.5494],[6.9865,50.5431],[6.9922,50.5439],[7.0056,50.5449]]]},"properties":{"id":"07131036","name":"Kalenborn (Ahrweiler)","subdivision":"Ahrweiler","cx":6.989,"cy":50.554}},
{"type":"Feature","geometry":{"type":"Polygon","coordinates":[[[7.6102,50.0369],[7.6145,50.0288],[7.6223,50.0266],[7.6392,50.0248],[7.645,50.0282],[7.665,50.0321],[7.6648,50.0327],[7.6392,50.0467],[7.6383,50.0484],[7.6099,50.0375],[7.6102,50.0369]]]},"properties":{"id":"07140085","name":"Liebshausen","subdivision":"Rhein-Hunsrück-Kreis","cx":7.635,"cy":50.035}},
{"type":"Feature","geometry":{"type":"Polygon","coordinates":[[[7.7244,49.7207],[7.7161,49.7284],[7.7189,49.7352],[7.7143,49.7407],[7.7036,49.746],[7.6842,49.744],[7.6762,49.7429],[7.6689,49.7383],[7.669,49.7323],[7.6731,49.7271],[7.6944,49.7191],[7.7037,49.7108],[7.7147,49.7103],[7.7227,49.7142],[7.7244,49.7207]]]},"properties":{"id":"07133083","name":"Rehborn","subdivision":"Bad Kreuznach","cx":7.699,"cy":49.731}},
{"type":"Feature","geometry":{"type":"Polygon","coordinates":[[[7.691,49.6947],[7.6921,49.705],[7.689,49.7067],[7.6736,49.6879],[7.6736,49.6857],[7.6777,49.6813],[7.6803,49.6728],[7.6859,49.6668],[7.6977,49.6694],[7.6975,49.6792],[7.6929,49.6867],[7.691,49.6947]]]},"properties":{"id":"07133084","name":"Reiffelbach","subdivision":"Bad Kreuznach","cx":7.685,"cy":49.684}},
{"type":"Feature","geometry":{"type":"Polygon","coordinates":[[[6.9746,50.4187],[6.9764,50.4261],[6.9814,50.4275],[6.9844,50.4348],[6.991,50.4381],[7.0125,50.4393],[7.026,50.4431],[7.036,50.4417],[7.0357,50.4473],[7.0396,50.4593],[7.0349,50.4661],[7.0401,50.4691],[7.0564,50.4695],[7.0647,50.4814],[7.0675,50.4893],[7.0789,50.491],[7.074,50.5011],[7.0673,50.503],[7.0543,50.5],[7.0439,50.4954],[7.0212,50.4977],[7.0198,50.4999],[7.0191,50.4999],[7.0042,50.4968],[6.9937,50.486],[6.9989,50.474],[6.9915,50.4659],[6.9791,50.4566],[6.9754,50.4538],[6.9683,50.4361],[6.9711,50.4236],[6.9746,50.4187]]]},"properties":{"id":"07131039","name":"Kesseling","subdivision":"Ahrweiler","cx":7.017,"cy":50.469}},
{"type":"Feature","geometry":{"type":"Polygon","coordinates":[[[6.9165,50.528],[6.909,50.5255],[6.9008,50.5308],[6.8861,50.5293],[6.8845,50.5199],[6.8965,50.5166],[6.889,50.5083],[6.9071,50.5026],[6.9232,50.5089],[6.9207,50.5262],[6.9165,50.528]]]},"properties":{"id":"07131040","name":"Kirchsahr","subdivision":"Ahrweiler","cx":6.906,"cy":50.516}},
{"type":"Feature","geometry":{"type":"Polygon","coordinates":[[[6.909,50.465],[6.9153,50.4705],[6.9209,50.4706],[6.9297,50.4715],[6.9324,50.4792],[6.9382,50.4794],[6.9558,50.4958],[6.9607,50.4986],[6.9428,50.506],[6.9412,50.5115],[6.9232,50.5089],[6.9071,50.5026],[6.8979,50.4923],[6.9056,50.485],[6.8992,50.478],[6.9032,50.4753],[6.9015,50.4691],[6.909,50.465]]]},"properties":{"id":"07131047","name":"Lind (Ahrweiler)","subdivision":"Ahrweiler","cx":6.924,"cy":50.491}},
{"type":"Feature","geometry":{"type":"Polygon","coordinates":[[[7.7295,49.6922],[7.7352,49.6974],[7.7281,49.7096],[7.7227,49.7142],[7.7147,49.7103],[7.7037,49.7108],[7.689,49.7067],[7.6921,49.705],[7.691,49.6947],[7.7052,49.6957],[7.7237,49.6908],[7.7295,49.6922]]]},"properties":{"id":"07133020","name":"Callbach","subdivision":"Bad Kreuznach","cx":7.718,"cy":49.702}},
{"type":"Feature","geometry":{"type":"Polygon","coordinates":[[[7.6437,49.7076],[7.6473,49.7142],[7.6441,49.7256],[7.6309,49.7297],[7.6287,49.7339],[7.6084,49.7321],[7.6094,49.7295],[7.6011,49.7217],[7.6105,49.7174],[7.627,49.7068],[7.6437,49.7076]]]},"properties":{"id":"07133024","name":"Desloch","subdivision":"Bad Kreuznach","cx":7.627,"cy":49.72}},
{"type":"Feature","geometry":{"type":"Polygon","coordinates":[[[7.5407,49.718],[7.5469,49.7153],[7.5533,49.7064],[7.5684,49.7047],[7.582,49.7144],[7.5831,49.7261],[7.5813,49.7284],[7.5753,49.7271],[7.5664,49.7361],[7.5626,49.7379],[7.5397,49.7241],[7.5407,49.718]]]},"properties":{"id":"07133049","name":"Hundsbach","subdivision":"Bad Kreuznach","cx":7.562,"cy":49.72}},
{"type":"Feature","geometry":{"type":"Polygon","coordinates":[[[7.627,49.7068],[7.6105,49.7174],[7.6011,49.7217],[7.6094,49.7295],[7.6084,49.7321],[7.5831,49.7261],[7.582,49.7144],[7.5922,49.7024],[7.5983,49.7048],[7.6128,49.6978],[7.6166,49.7052],[7.627,49.7068]]]},"properties":{"id":"07133051","name":"Jeckenbach","subdivision":"Bad Kreuznach","cx":7.598,"cy":49.714}},
{"type":"Feature","geometry":{"type":"Polygon","coordinates":[[[7.7244,49.7207],[7.7393,49.7275],[7.7641,49.7435],[7.7513,49.7482],[7.7443,49.7454],[7.7314,49.749],[7.7173,49.7472],[7.7143,49.7407],[7.7189,49.7352],[7.7161,49.7284],[7.7244,49.7207]]]},"properties":{"id":"07133058","name":"Lettweiler","subdivision":"Bad Kreuznach","cx":7.734,"cy":49.737}},
{"type":"Feature","geometry":{"type":"Polygon","coordinates":[[[7.6128,49.6978],[7.5983,49.7048],[7.5922,49.7024],[7.5903,49.6948],[7.5783,49.6925],[7.5554,49.6916],[7.5623,49.6866],[7.5773,49.6887],[7.5912,49.685],[7.5997,49.6798],[7.6091,49.6843],[7.6159,49.6913],[7.6128,49.6978]]]},"properties":{"id":"07133060","name":"Löllbach","subdivision":"Bad Kreuznach","cx":7.599,"cy":49.691}},
{"type":"Feature","geometry":{"type":"Polygon","coordinates":[[[7.6528,49.6987],[7.6625,49.695],[7.6736,49.6879],[7.689,49.7067],[7.7037,49.7108],[7.6944,49.7191],[7.6731,49.7271],[7.669,49.7323],[7.6665,49.7253],[7.6566,49.7183],[7.6473,49.7142],[7.6437,49.7076],[7.6528,49.6987]]]},"properties":{"id":"07133065","name":"Meisenheim","subdivision":"Bad Kreuznach","cx":7.671,"cy":49.71}},
{"type":"Feature","geometry":{"type":"Polygon","coordinates":[[[7.6689,49.7383],[7.657,49.739],[7.6378,49.7364],[7.6287,49.7339],[7.6309,49.7297],[7.6441,49.7256],[7.6473,49.7142],[7.6566,49.7183],[7.6665,49.7253],[7.669,49.7323],[7.6689,49.7383]]]},"properties":{"id":"07133081","name":"Raumbach","subdivision":"Bad Kreuznach","cx":7.652,"cy":49.729}},
{"type":"Feature","geometry":{"type":"Polygon","coordinates":[[[7.6665,50.3395],[7.6671,50.3454],[7.6815,50.3532],[7.6824,50.36],[7.6889,50.3601],[7.6882,50.3674],[7.6865,50.3735],[7.6668,50.379],[7.6641,50.3815],[7.6575,50.3821],[7.6314,50.3747],[7.6127,50.3752],[7.6146,50.3807],[7.603,50.3918],[7.5833,50.402],[7.5712,50.4103],[7.5517,50.3978],[7.5404,50.3943],[7.5368,50.3923],[7.5361,50.3847],[7.5264,50.3815],[7.5121,50.3817],[7.508,50.3768],[7.4864,50.3633],[7.491,50.3563],[7.4901,50.3513],[7.4968,50.3445],[7.4936,50.3405],[7.4995,50.3367],[7.5028,50.3304],[7.5088,50.3299],[7.5147,50.3377],[7.5304,50.3341],[7.5346,50.3227],[7.5157,50.3091],[7.5169,50.3007],[7.5268,50.2884],[7.5396,50.2858],[7.5468,50.2894],[7.5577,50.2834],[7.5732,50.2911],[7.5743,50.2947],[7.5866,50.2975],[7.597,50.2904],[7.6055,50.2938],[7.5964,50.303],[7.5913,50.3108],[7.5888,50.321],[7.5906,50.3257],[7.6185,50.3254],[7.6302,50.3233],[7.6403,50.3272],[7.6502,50.3244],[7.6577,50.328],[7.6597,50.3323],[7.6665,50.3395]]]},"properties":{"id":"07111000","name":"Koblenz","subdivision":"Koblenz","cx":7.575,"cy":50.359}},
{"type":"Feature","geometry":{"type":"Polygon","coordinates":[[[7.0585,50.5061],[7.0543,50.5],[7.0673,50.503],[7.074,50.5011],[7.0789,50.491],[7.0675,50.4893],[7.0647,50.4814],[7.0936,50.4769],[7.1016,50.4779],[7.1026,50.4822],[7.1248,50.5021],[7.1387,50.5041],[7.1481,50.5122],[7.1575,50.5117],[7.1783,50.5247],[7.1871,50.5268],[7.1877,50.5342],[7.2012,50.537],[7.203,50.543],[7.2087,50.5448],[7.1978,50.5568],[7.2038,50.5637],[7.1997,50.5682],[7.181,50.5705],[7.1788,50.5763],[7.1691,50.5824],[7.1642,50.574],[7.1525,50.5678],[7.1564,50.5587],[7.1465,50.5578],[7.1275,50.5604],[7.1147,50.5577],[7.1147,50.5533],[7.0988,50.5512],[7.0884,50.5531],[7.0689,50.5463],[7.058,50.5385],[7.0562,50.5295],[7.0588,50.5225],[7.0543,50.5107],[7.0585,50.5061]]]},"properties":{"id":"07131007","name":"Bad Neuenahr-Ahrweiler","subdivision":"Ahrweiler","cx":7.108,"cy":50.524}},
{"type":"Feature","geometry":{"type":"Polygon","coordinates":[[[7.2038,50.5637],[7.2082,50.5657],[7.2257,50.5639],[7.232,50.5588],[7.2432,50.5584],[7.2609,50.5556],[7.2775,50.5617],[7.2652,50.5741],[7.2485,50.579],[7.2229,50.5836],[7.2131,50.5895],[7.2106,50.5972],[7.2136,50.6018],[7.2136,50.6125],[7.2124,50.6234],[7.2121,50.6455],[7.2109,50.6495],[7.1985,50.6482],[7.1906,50.636],[7.1898,50.6239],[7.1802,50.6224],[7.174,50.6189],[7.173,50.6126],[7.1547,50.6147],[7.1492,50.6095],[7.1479,50.6003],[7.1651,50.5992],[7.1639,50.5934],[7.1717,50.5876],[7.1691,50.5824],[7.1788,50.5763],[7.181,50.5705],[7.1997,50.5682],[7.2038,50.5637]]]},"properties":{"id":"07131070","name":"Remagen","subdivision":"Ahrweiler","cx":7.193,"cy":50.591}},
{"type":"Feature","geometry":{"type":"Polygon","coordinates":[[[7.1575,50.5117],[7.1763,50.5099],[7.1866,50.5013],[7.1999,50.4932],[7.2068,50.4958],[7.2117,50.4925],[7.2324,50.494],[7.2435,50.4908],[7.2482,50.4931],[7.2552,50.5024],[7.2477,50.5106],[7.2618,50.5167],[7.2608,50.5257],[7.2636,50.534],[7.2779,50.5392],[7.2847,50.5437],[7.2798,50.5556],[7.2787,50.5589],[7.2775,50.5617],[7.2609,50.5556],[7.2432,50.5584],[7.232,50.5588],[7.2257,50.5639],[7.2082,50.5657],[7.2038,50.5637],[7.1978,50.5568],[7.2087,50.5448],[7.203,50.543],[7.2012,50.537],[7.1877,50.5342],[7.1871,50.5268],[7.1783,50.5247],[7.1575,50.5117]]]},"properties":{"id":"07131077","name":"Sinzig","subdivision":"Ahrweiler","cx":7.226,"cy":50.528}},
{"type":"Feature","geometry":{"type":"Polygon","coordinates":[[[6.8381,50.4177],[6.8339,50.4087],[6.8419,50.4088],[6.8544,50.4039],[6.8692,50.4026],[6.8713,50.3956],[6.8788,50.3928],[6.8802,50.3873],[6.8862,50.3827],[6.9115,50.3901],[6.9144,50.3916],[6.903,50.4002],[6.9051,50.4063],[6.9124,50.4107],[6.9231,50.4119],[6.9274,50.4191],[6.9121,50.4184],[6.9008,50.4284],[6.8869,50.4233],[6.8702,50.4193],[6.8618,50.4147],[6.8554,50.4157],[6.8392,50.4133],[6.8381,50.4177]]]},"properties":{"id":"07131069","name":"Reifferscheid","subdivision":"Ahrweiler","cx":6.886,"cy":50.407}},
{"type":"Feature","geometry":{"type":"Polygon","coordinates":[[[7.0299,50.5401],[7.0473,50.543],[7.058,50.5385],[7.0689,50.5463],[7.0884,50.5531],[7.0988,50.5512],[7.1147,50.5533],[7.1147,50.5577],[7.1275,50.5604],[7.1465,50.5578],[7.1564,50.5587],[7.1525,50.5678],[7.1642,50.574],[7.1691,50.5824],[7.1717,50.5876],[7.1639,50.5934],[7.1651,50.5992],[7.1479,50.6003],[7.1312,50.6037],[7.1194,50.6123],[7.1118,50.6093],[7.1119,50.6019],[7.1053,50.5967],[7.1047,50.5924],[7.0908,50.5859],[7.069,50.5927],[7.0663,50.6007],[7.049,50.6032],[7.0353,50.5944],[7.032,50.59],[7.0159,50.577],[6.9981,50.565],[7.0031,50.5581],[7.0056,50.5449],[7.0069,50.5397],[7.0299,50.5401]]]},"properties":{"id":"07131090","name":"Grafschaft","subdivision":"Ahrweiler","cx":7.059,"cy":50.57}},
{"type":"Feature","geometry":{"type":"Polygon","coordinates":[[[7.0048,50.3797],[7.0127,50.3888],[7.0141,50.3919],[6.992,50.393],[6.9798,50.3913],[6.9642,50.3969],[6.9578,50.3936],[6.9456,50.3923],[6.9266,50.397],[6.9144,50.3916],[6.9115,50.3901],[6.9147,50.3828],[6.9045,50.3756],[6.924,50.3732],[6.9288,50.3672],[6.9289,50.3552],[6.9499,50.3622],[6.955,50.3577],[6.959,50.3617],[6.9582,50.3709],[6.9743,50.3729],[6.9836,50.3723],[6.9914,50.3778],[7.0048,50.3797]]]},"properties":{"id":"07131001","name":"Adenau","subdivision":"Ahrweiler","cx":6.945,"cy":50.378}},
{"type":"Feature","geometry":{"type":"Polygon","coordinates":[[[6.8401,50.4195],[6.8264,50.4199],[6.8275,50.4178],[6.8153,50.4112],[6.8104,50.3998],[6.816,50.3956],[6.8221,50.3956],[6.8421,50.3933],[6.8419,50.4088],[6.8339,50.4087],[6.8381,50.4177],[6.8401,50.4195]]]},"properties":{"id":"07131004","name":"Antweiler","subdivision":"Ahrweiler","cx":6.826,"cy":50.404}},
{"type":"Feature","geometry":{"type":"Polygon","coordinates":[[[6.8264,50.4199],[6.8199,50.4243],[6.8093,50.4237],[6.8084,50.428],[6.7915,50.4254],[6.7792,50.4288],[6.7811,50.4334],[6.7859,50.4397],[6.7712,50.4361],[6.7693,50.431],[6.772,50.4244],[6.7851,50.4206],[6.7792,50.4136],[6.7793,50.405],[6.7894,50.3976],[6.816,50.3956],[6.8104,50.3998],[6.8153,50.4112],[6.8275,50.4178],[6.8264,50.4199]]]},"properties":{"id":"07131005","name":"Aremberg","subdivision":"Ahrweiler","cx":6.797,"cy":50.413}},
{"type":"Feature","geometry":{"type":"Polygon","coordinates":[[[6.8598,50.3789],[6.8687,50.3724],[6.8692,50.3686],[6.8593,50.3656],[6.8384,50.3677],[6.8502,50.3598],[6.8525,50.3522],[6.8627,50.3469],[6.8686,50.3349],[6.8861,50.3413],[6.8925,50.3464],[6.8905,50.3601],[6.8752,50.372],[6.8743,50.3827],[6.8664,50.3836],[6.8598,50.3789]]]},"properties":{"id":"07131008","name":"Barweiler","subdivision":"Ahrweiler","cx":6.872,"cy":50.356}},
{"type":"Feature","geometry":{"type":"Polygon","coordinates":[[[6.8532,50.3271],[6.8645,50.3237],[6.8716,50.3192],[6.8858,50.322],[6.8852,50.3284],[6.8686,50.3349],[6.8599,50.3322],[6.8532,50.3271]]]},"properties":{"id":"07131009","name":"Bauler (Ahrweiler)","subdivision":"Ahrweiler","cx":6.871,"cy":50.327}},
{"type":"Feature","geometry":{"type":"Polygon","coordinates":[[[6.8116,50.3368],[6.7945,50.3327],[6.7935,50.3276],[6.8067,50.3316],[6.8268,50.3307],[6.8411,50.3421],[6.841,50.3458],[6.8316,50.3502],[6.8329,50.3476],[6.8145,50.3415],[6.8116,50.3368]]]},"properties":{"id":"07131015","name":"Dankerath","subdivision":"Ahrweiler","cx":6.822,"cy":50.337}},
{"type":"Feature","geometry":{"type":"Polygon","coordinates":[[[6.8117,50.3813],[6.8147,50.392],[6.8221,50.3956],[6.816,50.3956],[6.7894,50.3976],[6.7793,50.405],[6.7705,50.3977],[6.7739,50.3895],[6.7854,50.3755],[6.7962,50.3699],[6.8027,50.3693],[6.8016,50.3742],[6.8117,50.3813]]]},"properties":{"id":"07131018","name":"Dorsel","subdivision":"Ahrweiler","cx":6.793,"cy":50.386}},
{"type":"Feature","geometry":{"type":"Polygon","coordinates":[[[6.8476,50.427],[6.846,50.4334],[6.8362,50.4356],[6.8152,50.432],[6.7994,50.4358],[6.7837,50.4302],[6.7811,50.4334],[6.7792,50.4288],[6.7915,50.4254],[6.8084,50.428],[6.8093,50.4237],[6.8199,50.4243],[6.8264,50.4199],[6.8401,50.4195],[6.8498,50.4209],[6.8476,50.427]]]},"properties":{"id":"07131021","name":"Eichenbach","subdivision":"Ahrweiler","cx":6.829,"cy":50.427}},
{"type":"Feature","geometry":{"type":"Polygon","coordinates":[[[6.855,50.4542],[6.8365,50.4655],[6.8256,50.4672],[6.8121,50.4722],[6.8075,50.4791],[6.8062,50.4882],[6.8009,50.4913],[6.7799,50.4866],[6.7754,50.4825],[6.7676,50.4823],[6.7591,50.4746],[6.7446,50.4726],[6.7432,50.4677],[6.7581,50.4709],[6.7564,50.4649],[6.7647,50.4617],[6.7662,50.4579],[6.7787,50.4571],[6.7937,50.4599],[6.8034,50.4546],[6.819,50.4537],[6.8319,50.4571],[6.855,50.4542]]]},"properties":{"id":"07131033","name":"Hümmel","subdivision":"Ahrweiler","cx":6.795,"cy":50.473}},
{"type":"Feature","geometry":{"type":"Polygon","coordinates":[[[6.9297,50.446],[6.9305,50.4525],[6.9192,50.4488],[6.9111,50.4524],[6.9024,50.4474],[6.9046,50.4439],[6.8908,50.4361],[6.896,50.4353],[6.8869,50.4233],[6.9008,50.4284],[6.9239,50.4301],[6.9253,50.4379],[6.9215,50.4436],[6.9297,50.446]]]},"properties":{"id":"07131034","name":"Insul","subdivision":"Ahrweiler","cx":6.911,"cy":50.438}},
{"type":"Feature","geometry":{"type":"Polygon","coordinates":[[[6.9736,50.4177],[6.98,50.4139],[6.9814,50.4084],[6.9895,50.4053],[6.9886,50.3954],[6.992,50.393],[7.0141,50.3919],[7.0127,50.3888],[7.0191,50.3797],[7.0255,50.383],[7.0372,50.3846],[7.0457,50.3941],[7.0407,50.3974],[7.0404,50.4041],[7.0258,50.4121],[7.0254,50.4203],[7.0432,50.4304],[7.0419,50.4362],[7.036,50.4417],[7.026,50.4431],[7.0125,50.4393],[6.991,50.4381],[6.9844,50.4348],[6.9814,50.4275],[6.9764,50.4261],[6.9746,50.4187],[6.9736,50.4177]]]},"properties":{"id":"07131037","name":"Kaltenborn","subdivision":"Ahrweiler","cx":7.007,"cy":50.414}},
{"type":"Feature","geometry":{"type":"Polygon","coordinates":[[[6.92,50.3491],[6.9116,50.3577],[6.902,50.3613],[6.8905,50.3601],[6.8925,50.3464],[6.8952,50.3437],[6.9163,50.3409],[6.9174,50.3385],[6.92,50.3491]]]},"properties":{"id":"07131042","name":"Kottenborn","subdivision":"Ahrweiler","cx":6.905,"cy":50.351}},
{"type":"Feature","geometry":{"type":"Polygon","coordinates":[[[6.9274,50.4191],[6.9231,50.4119],[6.9124,50.4107],[6.9051,50.4063],[6.903,50.4002],[6.9144,50.3916],[6.9266,50.397],[6.9456,50.3923],[6.9578,50.3936],[6.9642,50.3969],[6.9798,50.3913],[6.992,50.393],[6.9886,50.3954],[6.9895,50.4053],[6.9814,50.4084],[6.98,50.4139],[6.9736,50.4177],[6.9616,50.4228],[6.956,50.4277],[6.9455,50.421],[6.9357,50.4223],[6.9274,50.4191]]]},"properties":{"id":"07131044","name":"Leimbach (Ahrweiler)","subdivision":"Ahrweiler","cx":6.949,"cy":50.406}},
{"type":"Feature","geometry":{"type":"Polygon","coordinates":[[[6.9665,50.3485],[6.96,50.3454],[6.9605,50.3403],[6.953,50.3345],[6.9524,50.3296],[6.9662,50.3291],[6.9675,50.3367],[6.9737,50.3377],[6.9766,50.3381],[6.9839,50.3425],[6.9843,50.3489],[6.9812,50.3527],[6.9757,50.3539],[6.9665,50.3485]]]},"properties":{"id":"07131050","name":"Meuspath","subdivision":"Ahrweiler","cx":6.971,"cy":50.344}},
{"type":"Feature","geometry":{"type":"Polygon","coordinates":[[[6.9436,50.315],[6.9486,50.3259],[6.9432,50.3313],[6.9223,50.3326],[6.8991,50.3241],[6.8889,50.3217],[6.8922,50.3151],[6.9,50.315],[6.9166,50.3083],[6.9277,50.3069],[6.9363,50.3089],[6.9447,50.3138],[6.9436,50.315]]]},"properties":{"id":"07131051","name":"Müllenbach (Ahrweiler)","subdivision":"Ahrweiler","cx":6.922,"cy":50.32}},
{"type":"Feature","geometry":{"type":"Polygon","coordinates":[[[6.8316,50.375],[6.833,50.3782],[6.8472,50.381],[6.849,50.39],[6.8421,50.3933],[6.8221,50.3956],[6.8147,50.392],[6.8117,50.3813],[6.8213,50.3831],[6.8323,50.3781],[6.8316,50.375]]]},"properties":{"id":"07131052","name":"Müsch","subdivision":"Ahrweiler","cx":6.831,"cy":50.387}},
{"type":"Feature","geometry":{"type":"Polygon","coordinates":[[[6.9537,50.3525],[6.9471,50.3487],[6.9365,50.3362],[6.9259,50.3369],[6.9223,50.3326],[6.9432,50.3313],[6.9486,50.3259],[6.9524,50.3296],[6.953,50.3345],[6.9605,50.3403],[6.96,50.3454],[6.9665,50.3485],[6.9614,50.3521],[6.9537,50.3525]]]},"properties":{"id":"07131058","name":"Nürburg","subdivision":"Ahrweiler","cx":6.948,"cy":50.34}},
{"type":"Feature","geometry":{"type":"Polygon","coordinates":[[[6.7859,50.4397],[6.7912,50.4433],[6.7774,50.4509],[6.7787,50.4571],[6.7662,50.4579],[6.7646,50.4508],[6.7437,50.4409],[6.7455,50.4359],[6.7578,50.4341],[6.7603,50.4314],[6.7712,50.4361],[6.7859,50.4397]]]},"properties":{"id":"07131062","name":"Ohlenhard","subdivision":"Ahrweiler","cx":6.767,"cy":50.443}},
{"type":"Feature","geometry":{"type":"Polygon","coordinates":[[[6.8597,50.4322],[6.8648,50.4371],[6.8643,50.4429],[6.8595,50.4498],[6.8667,50.4563],[6.855,50.4542],[6.8319,50.4571],[6.819,50.4537],[6.8034,50.4546],[6.7937,50.4599],[6.7787,50.4571],[6.7774,50.4509],[6.7912,50.4433],[6.7859,50.4397],[6.7811,50.4334],[6.7837,50.4302],[6.7994,50.4358],[6.8152,50.432],[6.8362,50.4356],[6.846,50.4334],[6.8476,50.427],[6.8592,50.428],[6.8597,50.4322]]]},"properties":{"id":"07131082","name":"Wershofen","subdivision":"Ahrweiler","cx":6.823,"cy":50.444}},
{"type":"Feature","geometry":{"type":"Polygon","coordinates":[[[6.9174,50.3385],[6.9163,50.3409],[6.8952,50.3437],[6.8925,50.3464],[6.8861,50.3413],[6.8686,50.3349],[6.8852,50.3284],[6.8858,50.322],[6.8889,50.3217],[6.8991,50.3241],[6.9223,50.3326],[6.9259,50.3369],[6.9174,50.3385]]]},"properties":{"id":"07131083","name":"Wiesemscheid","subdivision":"Ahrweiler","cx":6.898,"cy":50.334}},
{"type":"Feature","geometry":{"type":"Polygon","coordinates":[[[6.8824,50.3811],[6.8752,50.372],[6.8905,50.3601],[6.902,50.3613],[6.9116,50.3577],[6.92,50.3491],[6.9289,50.3552],[6.9288,50.3672],[6.924,50.3732],[6.9045,50.3756],[6.896,50.3753],[6.8824,50.3811]]]},"properties":{"id":"07131084","name":"Wimbach","subdivision":"Ahrweiler","cx":6.916,"cy":50.365}},
{"type":"Feature","geometry":{"type":"Polygon","coordinates":[[[6.8702,50.4193],[6.8869,50.4233],[6.896,50.4353],[6.8908,50.4361],[6.8788,50.4381],[6.8648,50.4371],[6.8597,50.4322],[6.8671,50.429],[6.8702,50.4193]]]},"properties":{"id":"07131085","name":"Winnerath","subdivision":"Ahrweiler","cx":6.878,"cy":50.43}},
{"type":"Feature","geometry":{"type":"Polygon","coordinates":[[[6.8372,50.3709],[6.8384,50.3677],[6.8593,50.3656],[6.8692,50.3686],[6.8687,50.3724],[6.8598,50.3789],[6.8472,50.381],[6.833,50.3782],[6.8316,50.375],[6.8372,50.3709]]]},"properties":{"id":"07131086","name":"Wirft","subdivision":"Ahrweiler","cx":6.851,"cy":50.373}},
{"type":"Feature","geometry":{"type":"Polygon","coordinates":[[[7.0191,50.4999],[7.0198,50.4999],[7.0225,50.5009],[7.0251,50.5159],[7.0317,50.5178],[7.0324,50.5259],[7.0253,50.5389],[7.0181,50.5368],[7.0076,50.5291],[7.0042,50.5176],[7.0074,50.5039],[7.0191,50.4999]]]},"properties":{"id":"07131049","name":"Mayschoß","subdivision":"Ahrweiler","cx":7.017,"cy":50.52}},
{"type":"Feature","geometry":{"type":"Polygon","coordinates":[[[7.0324,50.5259],[7.0317,50.5178],[7.0251,50.5159],[7.0225,50.5009],[7.0198,50.4999],[7.0212,50.4977],[7.0439,50.4954],[7.0543,50.5],[7.0585,50.5061],[7.0508,50.5053],[7.0409,50.5184],[7.0327,50.5212],[7.0324,50.5259]]]},"properties":{"id":"07131068","name":"Rech","subdivision":"Ahrweiler","cx":7.037,"cy":50.506}},
{"type":"Feature","geometry":{"type":"Polygon","coordinates":[[[7.2482,50.4931],[7.2523,50.4887],[7.2644,50.4912],[7.2725,50.4895],[7.2763,50.4821],[7.2935,50.4831],[7.3175,50.4885],[7.3203,50.4958],[7.3122,50.503],[7.2995,50.5159],[7.2917,50.5296],[7.2847,50.5437],[7.2779,50.5392],[7.2636,50.534],[7.2608,50.5257],[7.2618,50.5167],[7.2477,50.5106],[7.2552,50.5024],[7.2482,50.4931]]]},"properties":{"id":"07131006","name":"Bad Breisig","subdivision":"Ahrweiler","cx":7.282,"cy":50.507}},
{"type":"Feature","geometry":{"type":"Polygon","coordinates":[[[7.5671,50.7135],[7.5718,50.7066],[7.5719,50.6988],[7.5935,50.6972],[7.5991,50.7023],[7.5962,50.7087],[7.5851,50.7146],[7.5788,50.7157],[7.5671,50.7135]]]},"properties":{"id":"07132009","name":"Birnbach","subdivision":"Altenkirchen (Ww)","cx":7.583,"cy":50.706}},
{"type":"Feature","geometry":{"type":"Polygon","coordinates":[[[7.2935,50.4831],[7.283,50.4751],[7.2869,50.4731],[7.2949,50.4582],[7.298,50.4589],[7.307,50.466],[7.3179,50.4633],[7.3328,50.4672],[7.3444,50.4766],[7.3382,50.4823],[7.3203,50.4958],[7.3175,50.4885],[7.2935,50.4831]]]},"properties":{"id":"07131014","name":"Brohl-Lützing","subdivision":"Ahrweiler","cx":7.314,"cy":50.476}},
{"type":"Feature","geometry":{"type":"Polygon","coordinates":[[[7.2523,50.4887],[7.2488,50.4824],[7.243,50.4792],[7.2421,50.4686],[7.243,50.4669],[7.2546,50.4691],[7.2672,50.4694],[7.2772,50.4769],[7.283,50.4751],[7.2935,50.4831],[7.2763,50.4821],[7.2725,50.4895],[7.2644,50.4912],[7.2523,50.4887]]]},"properties":{"id":"07131025","name":"Gönnersdorf (Ahrweiler)","subdivision":"Ahrweiler","cx":7.262,"cy":50.479}},
{"type":"Feature","geometry":{"type":"Polygon","coordinates":[[[7.2117,50.4925],[7.2075,50.4876],[7.2018,50.4834],[7.2034,50.4731],[7.2214,50.4688],[7.2302,50.4708],[7.2421,50.4686],[7.243,50.4792],[7.2488,50.4824],[7.2523,50.4887],[7.2482,50.4931],[7.2435,50.4908],[7.2324,50.494],[7.2117,50.4925]]]},"properties":{"id":"07131081","name":"Waldorf","subdivision":"Ahrweiler","cx":7.226,"cy":50.482}},
{"type":"Feature","geometry":{"type":"Polygon","coordinates":[[[7.1198,50.4618],[7.1406,50.4679],[7.1509,50.4724],[7.1719,50.4708],[7.179,50.4728],[7.1833,50.4764],[7.2018,50.4834],[7.2075,50.4876],[7.1983,50.4862],[7.161,50.4895],[7.1522,50.4795],[7.1378,50.4724],[7.1099,50.4712],[7.1102,50.4652],[7.1198,50.4618]]]},"properties":{"id":"07131016","name":"Dedenbach","subdivision":"Ahrweiler","cx":7.163,"cy":50.48}},
{"type":"Feature","geometry":{"type":"Polygon","coordinates":[[[7.1387,50.5041],[7.1483,50.4982],[7.16,50.5001],[7.161,50.4895],[7.1983,50.4862],[7.2075,50.4876],[7.2117,50.4925],[7.2068,50.4958],[7.1999,50.4932],[7.1866,50.5013],[7.1763,50.5099],[7.1575,50.5117],[7.1481,50.5122],[7.1387,50.5041]]]},"properties":{"id":"07131041","name":"Königsfeld","subdivision":"Ahrweiler","cx":7.173,"cy":50.499}},
{"type":"Feature","geometry":{"type":"Polygon","coordinates":[[[7.1498,50.4273],[7.1533,50.4314],[7.1671,50.437],[7.1732,50.4419],[7.1834,50.447],[7.1951,50.4643],[7.1818,50.4692],[7.1777,50.4613],[7.1671,50.4588],[7.1522,50.4524],[7.1605,50.4481],[7.1487,50.4439],[7.1476,50.4383],[7.1382,50.434],[7.1392,50.4302],[7.1498,50.4273]]]},"properties":{"id":"07131054","name":"Niederdürenbach","subdivision":"Ahrweiler","cx":7.169,"cy":50.449}},
{"type":"Feature","geometry":{"type":"Polygon","coordinates":[[[7.2028,50.4346],[7.2262,50.4349],[7.2399,50.4416],[7.2351,50.4458],[7.2409,50.449],[7.2382,50.4596],[7.243,50.4669],[7.2421,50.4686],[7.2302,50.4708],[7.2214,50.4688],[7.2034,50.4731],[7.2018,50.4834],[7.1833,50.4764],[7.179,50.4728],[7.1818,50.4692],[7.1951,50.4643],[7.2056,50.459],[7.2108,50.4514],[7.2009,50.4462],[7.1992,50.4373],[7.2028,50.4346]]]},"properties":{"id":"07131055","name":"Niederzissen","subdivision":"Ahrweiler","cx":7.223,"cy":50.456}},
{"type":"Feature","geometry":{"type":"Polygon","coordinates":[[[7.1171,50.4561],[7.1236,50.4519],[7.1344,50.4505],[7.1522,50.4524],[7.1671,50.4588],[7.1777,50.4613],[7.1818,50.4692],[7.179,50.4728],[7.1719,50.4708],[7.1509,50.4724],[7.1406,50.4679],[7.1198,50.4618],[7.1171,50.4561]]]},"properties":{"id":"07131059","name":"Oberdürenbach","subdivision":"Ahrweiler","cx":7.149,"cy":50.462}},
{"type":"Feature","geometry":{"type":"Polygon","coordinates":[[[7.2009,50.4462],[7.2108,50.4514],[7.2056,50.459],[7.1951,50.4643],[7.1834,50.447],[7.1732,50.4419],[7.181,50.4409],[7.2009,50.4462]]]},"properties":{"id":"07131060","name":"Oberzissen","subdivision":"Ahrweiler","cx":7.196,"cy":50.452}},
{"type":"Feature","geometry":{"type":"Polygon","coordinates":[[[7.1099,50.4712],[7.1378,50.4724],[7.1522,50.4795],[7.161,50.4895],[7.16,50.5001],[7.1483,50.4982],[7.1387,50.5041],[7.1248,50.5021],[7.1026,50.4822],[7.1016,50.4779],[7.1099,50.4712]]]},"properties":{"id":"07131073","name":"Schalkenbach","subdivision":"Ahrweiler","cx":7.132,"cy":50.487}},
{"type":"Feature","geometry":{"type":"Polygon","coordinates":[[[7.181,50.4409],[7.1732,50.4419],[7.1671,50.437],[7.1533,50.4314],[7.1498,50.4273],[7.1649,50.4242],[7.17,50.4212],[7.1872,50.4287],[7.1828,50.4303],[7.181,50.4409]]]},"properties":{"id":"07131201","name":"Brenk","subdivision":"Ahrweiler","cx":7.171,"cy":50.43}},
{"type":"Feature","geometry":{"type":"Polygon","coordinates":[[[7.283,50.4751],[7.2772,50.4769],[7.2672,50.4694],[7.2546,50.4691],[7.243,50.4669],[7.2382,50.4596],[7.2409,50.449],[7.2351,50.4458],[7.2399,50.4416],[7.2535,50.4399],[7.2639,50.4454],[7.287,50.4507],[7.2943,50.452],[7.298,50.4589],[7.2949,50.4582],[7.2869,50.4731],[7.283,50.4751]]]},"properties":{"id":"07131202","name":"Burgbrohl","subdivision":"Ahrweiler","cx":7.26,"cy":50.457}},
{"type":"Feature","geometry":{"type":"Polygon","coordinates":[[[7.2262,50.4349],[7.2321,50.4258],[7.2284,50.4188],[7.2305,50.4146],[7.2462,50.4131],[7.2401,50.4053],[7.2447,50.3999],[7.257,50.3945],[7.2777,50.397],[7.2779,50.4078],[7.2858,50.4124],[7.2851,50.4171],[7.2771,50.4217],[7.2673,50.423],[7.2621,50.4198],[7.2561,50.4251],[7.2486,50.4315],[7.2535,50.4399],[7.2399,50.4416],[7.2262,50.4349]]]},"properties":{"id":"07131205","name":"Glees","subdivision":"Ahrweiler","cx":7.257,"cy":50.409}},
{"type":"Feature","geometry":{"type":"Polygon","coordinates":[[[7.0404,50.4041],[7.0407,50.3974],[7.0457,50.3941],[7.0475,50.3924],[7.0763,50.4004],[7.0831,50.4003],[7.0784,50.4081],[7.0895,50.4144],[7.0874,50.42],[7.0953,50.4229],[7.0899,50.4335],[7.0851,50.4374],[7.0739,50.4289],[7.0625,50.4277],[7.0598,50.4207],[7.0442,50.4132],[7.0404,50.4041]]]},"properties":{"id":"07131206","name":"Hohenleimbach","subdivision":"Ahrweiler","cx":7.068,"cy":50.413}},
{"type":"Feature","geometry":{"type":"Polygon","coordinates":[[[7.0851,50.4374],[7.0899,50.4335],[7.1046,50.4312],[7.1382,50.434],[7.1476,50.4383],[7.1487,50.4439],[7.1605,50.4481],[7.1522,50.4524],[7.1344,50.4505],[7.1236,50.4519],[7.1171,50.4561],[7.1006,50.4508],[7.0942,50.4418],[7.0851,50.4374]]]},"properties":{"id":"07131208","name":"Spessart","subdivision":"Ahrweiler","cx":7.119,"cy":50.443}},
{"type":"Feature","geometry":{"type":"Polygon","coordinates":[[[7.2535,50.4399],[7.2486,50.4315],[7.2561,50.4251],[7.266,50.4273],[7.2865,50.428],[7.2886,50.4341],[7.2958,50.4354],[7.2901,50.4388],[7.2908,50.4482],[7.287,50.4507],[7.2639,50.4454],[7.2535,50.4399]]]},"properties":{"id":"07131209","name":"Wassenach","subdivision":"Ahrweiler","cx":7.272,"cy":50.437}},
{"type":"Feature","geometry":{"type":"Polygon","coordinates":[[[7.1872,50.4287],[7.17,50.4212],[7.1714,50.4206],[7.1765,50.4171],[7.1928,50.4117],[7.2014,50.4079],[7.2232,50.4092],[7.2401,50.4053],[7.2462,50.4131],[7.2305,50.4146],[7.2284,50.4188],[7.2321,50.4258],[7.2262,50.4349],[7.2028,50.4346],[7.1872,50.4287]]]},"properties":{"id":"07131210","name":"Wehr","subdivision":"Ahrweiler","cx":7.209,"cy":50.42}},
{"type":"Feature","geometry":{"type":"Polygon","coordinates":[[[7.1714,50.4206],[7.1546,50.4198],[7.128,50.4138],[7.131,50.4112],[7.1096,50.4077],[7.0933,50.4101],[7.0899,50.4054],[7.0948,50.3948],[7.0997,50.3943],[7.1009,50.3928],[7.1019,50.4032],[7.1233,50.406],[7.1315,50.3959],[7.1317,50.3908],[7.1212,50.3879],[7.1203,50.3839],[7.1327,50.389],[7.1419,50.3906],[7.1538,50.3956],[7.1611,50.4024],[7.1746,50.4065],[7.1796,50.4114],[7.1891,50.4102],[7.1928,50.4117],[7.1765,50.4171],[7.1714,50.4206]]]},"properties":{"id":"07131211","name":"Weibern","subdivision":"Ahrweiler","cx":7.142,"cy":50.405}},
{"type":"Feature","geometry":{"type":"Polygon","coordinates":[[[7.1382,50.434],[7.1046,50.4312],[7.0899,50.4335],[7.0953,50.4229],[7.0874,50.42],[7.0895,50.4144],[7.0784,50.4081],[7.0831,50.4003],[7.0948,50.3948],[7.0899,50.4054],[7.0933,50.4101],[7.1096,50.4077],[7.131,50.4112],[7.128,50.4138],[7.1546,50.4198],[7.1714,50.4206],[7.17,50.4212],[7.1649,50.4242],[7.1498,50.4273],[7.1392,50.4302],[7.1382,50.434]]]},"properties":{"id":"07131502","name":"Kempenich","subdivision":"Ahrweiler","cx":7.117,"cy":50.42}},
{"type":"Feature","geometry":{"type":"Polygon","coordinates":[[[7.6363,50.6742],[7.6344,50.6775],[7.6214,50.676],[7.614,50.6722],[7.6271,50.6714],[7.6363,50.6742]]]},"properties":{"id":"07132001","name":"Almersbach","subdivision":"Altenkirchen (Ww)","cx":7.626,"cy":50.674}},
{"type":"Feature","geometry":{"type":"Polygon","coordinates":[[[7.6452,50.6694],[7.6578,50.6664],[7.663,50.6599],[7.675,50.653],[7.6741,50.6473],[7.688,50.6564],[7.691,50.6626],[7.6961,50.673],[7.7025,50.6748],[7.6943,50.6738],[7.6865,50.6715],[7.6671,50.6751],[7.6549,50.6795],[7.6554,50.6763],[7.6431,50.6737],[7.6452,50.6694]]]},"properties":{"id":"07132040","name":"Gieleroth","subdivision":"Altenkirchen (Ww)","cx":7.673,"cy":50.665}},
{"type":"Feature","geometry":{"type":"Polygon","coordinates":[[[7.5434,50.7059],[7.5414,50.7129],[7.5358,50.7123],[7.5301,50.7188],[7.5252,50.7186],[7.5162,50.7291],[7.5019,50.73],[7.493,50.7237],[7.4849,50.7224],[7.4798,50.7183],[7.494,50.7175],[7.5188,50.7091],[7.5197,50.707],[7.5316,50.7052],[7.5434,50.7059]]]},"properties":{"id":"07132046","name":"Hasselbach (Altenkirchen (Ww))","subdivision":"Altenkirchen (Ww)","cx":7.514,"cy":50.719}},
{"type":"Feature","geometry":{"type":"Polygon","coordinates":[[[7.5935,50.6972],[7.5967,50.6885],[7.6017,50.6872],[7.6057,50.6908],[7.6145,50.6887],[7.6199,50.6922],[7.6331,50.6931],[7.6338,50.7006],[7.612,50.7071],[7.5991,50.7023],[7.5935,50.6972]]]},"properties":{"id":"07132047","name":"Helmenzen","subdivision":"Altenkirchen (Ww)","cx":7.613,"cy":50.697}},
{"type":"Feature","geometry":{"type":"Polygon","coordinates":[[[7.7402,50.7303],[7.7439,50.73],[7.75,50.7331],[7.7429,50.7401],[7.7448,50.7431],[7.7372,50.7488],[7.7283,50.7487],[7.7258,50.7445],[7.7163,50.7421],[7.7116,50.7378],[7.711,50.7349],[7.7202,50.7311],[7.7256,50.7328],[7.7382,50.7299],[7.7402,50.7303]]]},"properties":{"id":"07132048","name":"Helmeroth","subdivision":"Altenkirchen (Ww)","cx":7.732,"cy":50.739}},
{"type":"Feature","geometry":{"type":"Polygon","coordinates":[[[7.5719,50.6988],[7.5633,50.6935],[7.5767,50.682],[7.5812,50.682],[7.59,50.6883],[7.5967,50.6885],[7.5935,50.6972],[7.5719,50.6988]]]},"properties":{"id":"07132049","name":"Hemmelzen","subdivision":"Altenkirchen (Ww)","cx":7.58,"cy":50.691}},
{"type":"Feature","geometry":{"type":"Polygon","coordinates":[[[7.6261,50.7335],[7.6176,50.7326],[7.6066,50.7272],[7.6113,50.7135],[7.6244,50.7158],[7.6267,50.7211],[7.6261,50.7335]]]},"properties":{"id":"07132051","name":"Heupelzen","subdivision":"Altenkirchen (Ww)","cx":7.618,"cy":50.724}},
{"type":"Feature","geometry":{"type":"Polygon","coordinates":[[[7.6427,50.7306],[7.6517,50.7285],[7.6647,50.7289],[7.6739,50.7319],[7.6708,50.7355],[7.6693,50.7402],[7.6658,50.7417],[7.6466,50.742],[7.6386,50.7402],[7.6427,50.7306]]]},"properties":{"id":"07132052","name":"Hilgenroth","subdivision":"Altenkirchen (Ww)","cx":7.656,"cy":50.735}},
{"type":"Feature","geometry":{"type":"Polygon","coordinates":[[[7.4795,50.7101],[7.476,50.71],[7.4755,50.6996],[7.4683,50.6917],[7.4577,50.6883],[7.4639,50.6829],[7.4698,50.6724],[7.4854,50.668],[7.4961,50.6716],[7.4941,50.6785],[7.4975,50.6865],[7.4868,50.6939],[7.4786,50.6962],[7.4822,50.7055],[7.4795,50.7101]]]},"properties":{"id":"07132053","name":"Hirz-Maulsbach","subdivision":"Altenkirchen (Ww)","cx":7.48,"cy":50.684}},
{"type":"Feature","geometry":{"type":"Polygon","coordinates":[[[7.7152,50.716],[7.7246,50.716],[7.7314,50.7231],[7.7176,50.7241],[7.7128,50.7216],[7.7152,50.716]]]},"properties":{"id":"07132056","name":"Idelberg","subdivision":"Altenkirchen (Ww)","cx":7.721,"cy":50.72}},
{"type":"Feature","geometry":{"type":"Polygon","coordinates":[[[7.7025,50.6748],[7.7175,50.6723],[7.7263,50.6777],[7.7261,50.6825],[7.7246,50.6895],[7.7166,50.6931],[7.7003,50.6938],[7.6842,50.6901],[7.6941,50.6864],[7.7,50.6766],[7.6943,50.6738],[7.7025,50.6748]]]},"properties":{"id":"07132057","name":"Ingelbach","subdivision":"Altenkirchen (Ww)","cx":7.709,"cy":50.684}},
{"type":"Feature","geometry":{"type":"Polygon","coordinates":[[[7.7128,50.7216],[7.7176,50.7241],[7.7202,50.7311],[7.711,50.7349],[7.6972,50.7322],[7.6948,50.7266],[7.7128,50.7216]]]},"properties":{"id":"07132058","name":"Isert","subdivision":"Altenkirchen (Ww)","cx":7.708,"cy":50.729}},
{"type":"Feature","geometry":{"type":"Polygon","coordinates":[[[7.6244,50.7158],[7.6113,50.7135],[7.612,50.7071],[7.6338,50.7006],[7.6346,50.7054],[7.6244,50.7158]]]},"properties":{"id":"07132061","name":"Kettenhausen","subdivision":"Altenkirchen (Ww)","cx":7.623,"cy":50.709}},
{"type":"Feature","geometry":{"type":"Polygon","coordinates":[[[7.4848,50.7129],[7.4783,50.7182],[7.4613,50.7186],[7.4539,50.7158],[7.445,50.7161],[7.4408,50.7114],[7.4431,50.7046],[7.4523,50.6929],[7.4577,50.6883],[7.4683,50.6917],[7.4755,50.6996],[7.476,50.71],[7.4795,50.7101],[7.4848,50.7129]]]},"properties":{"id":"07132062","name":"Kircheib","subdivision":"Altenkirchen (Ww)","cx":7.461,"cy":50.706}},
{"type":"Feature","geometry":{"type":"Polygon","coordinates":[[[7.5216,50.6899],[7.5282,50.6885],[7.5326,50.6836],[7.5334,50.6835],[7.5511,50.6889],[7.5572,50.6884],[7.5571,50.6941],[7.5478,50.6994],[7.5323,50.6969],[7.525,50.6973],[7.5216,50.6899]]]},"properties":{"id":"07132064","name":"Kraam","subdivision":"Altenkirchen (Ww)","cx":7.54,"cy":50.692}},
{"type":"Feature","geometry":{"type":"Polygon","coordinates":[[[7.6816,50.7173],[7.678,50.7166],[7.6758,50.7119],[7.6615,50.7084],[7.6549,50.7051],[7.6518,50.6992],[7.6702,50.6931],[7.6786,50.6924],[7.6759,50.6963],[7.68,50.7025],[7.6887,50.7068],[7.6959,50.7047],[7.6989,50.708],[7.6913,50.7095],[7.6816,50.7173]]]},"properties":{"id":"07132067","name":"Mammelzen","subdivision":"Altenkirchen (Ww)","cx":7.672,"cy":50.703}},
{"type":"Feature","geometry":{"type":"Polygon","coordinates":[[[7.6943,50.6738],[7.7,50.6766],[7.6941,50.6864],[7.6842,50.6901],[7.6812,50.6901],[7.6787,50.6879],[7.6601,50.6898],[7.6549,50.6795],[7.6671,50.6751],[7.6865,50.6715],[7.6943,50.6738]]]},"properties":{"id":"07132070","name":"Michelbach (Westerwald)","subdivision":"Altenkirchen (Ww)","cx":7.681,"cy":50.681}},
{"type":"Feature","geometry":{"type":"Polygon","coordinates":[[[7.6511,50.7097],[7.6549,50.7051],[7.6615,50.7084],[7.6758,50.7119],[7.678,50.7166],[7.6712,50.7199],[7.6739,50.7319],[7.6647,50.7289],[7.6517,50.7285],[7.6527,50.7176],[7.6511,50.7097]]]},"properties":{"id":"07132081","name":"Obererbach (Westerwald)","subdivision":"Altenkirchen (Ww)","cx":7.663,"cy":50.719}},
{"type":"Feature","geometry":{"type":"Polygon","coordinates":[[[7.5851,50.7146],[7.5993,50.7208],[7.6065,50.7277],[7.5934,50.735],[7.5893,50.7403],[7.5833,50.7379],[7.5584,50.743],[7.5538,50.7414],[7.5459,50.7314],[7.5526,50.727],[7.5552,50.7212],[7.5567,50.7169],[7.5671,50.7135],[7.5788,50.7157],[7.5851,50.7146]]]},"properties":{"id":"07132082","name":"Oberirsen","subdivision":"Altenkirchen (Ww)","cx":7.574,"cy":50.727}},
{"type":"Feature","geometry":{"type":"Polygon","coordinates":[[[7.6342,50.6538],[7.6382,50.649],[7.653,50.6514],[7.6574,50.6452],[7.6724,50.6467],[7.6741,50.6473],[7.675,50.653],[7.663,50.6599],[7.6578,50.6664],[7.6452,50.6694],[7.6499,50.6648],[7.64,50.6605],[7.6342,50.6538]]]},"properties":{"id":"07132086","name":"Oberwambach","subdivision":"Altenkirchen (Ww)","cx":7.656,"cy":50.658}},
{"type":"Feature","geometry":{"type":"Polygon","coordinates":[[[7.6176,50.7326],[7.6128,50.7412],[7.6054,50.7451],[7.5931,50.7464],[7.5893,50.7403],[7.5934,50.735],[7.6065,50.7277],[7.6066,50.7272],[7.6176,50.7326]]]},"properties":{"id":"07132087","name":"Ölsen","subdivision":"Altenkirchen (Ww)","cx":7.603,"cy":50.738}},
{"type":"Feature","geometry":{"type":"Polygon","coordinates":[[[7.6948,50.7266],[7.6972,50.7322],[7.711,50.7349],[7.7116,50.7378],[7.6987,50.741],[7.6854,50.7407],[7.6799,50.7358],[7.6914,50.726],[7.6948,50.7266]]]},"properties":{"id":"07132092","name":"Racksen","subdivision":"Altenkirchen (Ww)","cx":7.692,"cy":50.735}},
{"type":"Feature","geometry":{"type":"Polygon","coordinates":[[[7.519,50.7037],[7.5197,50.707],[7.5188,50.7091],[7.494,50.7175],[7.4798,50.7183],[7.4783,50.7182],[7.4848,50.7129],[7.4918,50.709],[7.4922,50.7045],[7.5041,50.6988],[7.5138,50.6994],[7.519,50.7037]]]},"properties":{"id":"07132094","name":"Rettersen","subdivision":"Altenkirchen (Ww)","cx":7.502,"cy":50.708}},
{"type":"Feature","geometry":{"type":"Polygon","coordinates":[[[7.6133,50.6717],[7.6028,50.6682],[7.594,50.6675],[7.5894,50.6596],[7.5938,50.6528],[7.604,50.6519],[7.6156,50.6597],[7.6232,50.6639],[7.6208,50.6698],[7.6133,50.6717]]]},"properties":{"id":"07132099","name":"Schöneberg (Altenkirchen (Ww))","subdivision":"Altenkirchen (Ww)","cx":7.605,"cy":50.662}},
{"type":"Feature","geometry":{"type":"Polygon","coordinates":[[[7.7003,50.6938],[7.6959,50.7047],[7.6887,50.7068],[7.68,50.7025],[7.6759,50.6963],[7.6786,50.6924],[7.6812,50.6901],[7.6842,50.6901],[7.7003,50.6938]]]},"properties":{"id":"07132106","name":"Sörth","subdivision":"Altenkirchen (Ww)","cx":7.688,"cy":50.698}},
{"type":"Feature","geometry":{"type":"Polygon","coordinates":[[[7.6156,50.6597],[7.604,50.6519],[7.5938,50.6528],[7.5924,50.652],[7.6046,50.6484],[7.6156,50.6457],[7.6198,50.6478],[7.6276,50.6528],[7.6249,50.6568],[7.6156,50.6597]]]},"properties":{"id":"07132109","name":"Stürzelbach","subdivision":"Altenkirchen (Ww)","cx":7.614,"cy":50.652}},
{"type":"Feature","geometry":{"type":"Polygon","coordinates":[[[7.6914,50.726],[7.6799,50.7358],[7.6708,50.7355],[7.6739,50.7319],[7.6712,50.7199],[7.678,50.7166],[7.6816,50.7173],[7.6914,50.726]]]},"properties":{"id":"07132110","name":"Volkerzen","subdivision":"Altenkirchen (Ww)","cx":7.68,"cy":50.726}},
{"type":"Feature","geometry":{"type":"Polygon","coordinates":[[[7.5414,50.7129],[7.5552,50.7212],[7.5526,50.727],[7.5459,50.7314],[7.5538,50.7414],[7.5584,50.743],[7.5519,50.7463],[7.539,50.7421],[7.5215,50.7337],[7.5162,50.7291],[7.5252,50.7186],[7.5301,50.7188],[7.5358,50.7123],[7.5414,50.7129]]]},"properties":{"id":"07132114","name":"Werkhausen","subdivision":"Altenkirchen (Ww)","cx":7.537,"cy":50.728}},
{"type":"Feature","geometry":{"type":"Polygon","coordinates":[[[7.5478,50.6994],[7.5571,50.6941],[7.5633,50.6935],[7.5719,50.6988],[7.5718,50.7066],[7.5671,50.7135],[7.5567,50.7169],[7.5552,50.7212],[7.5414,50.7129],[7.5434,50.7059],[7.5478,50.6994]]]},"properties":{"id":"07132115","name":"Weyerbusch","subdivision":"Altenkirchen (Ww)","cx":7.557,"cy":50.706}},
{"type":"Feature","geometry":{"type":"Polygon","coordinates":[[[7.5991,50.7023],[7.612,50.7071],[7.6113,50.7135],[7.6066,50.7272],[7.6065,50.7277],[7.5993,50.7208],[7.5851,50.7146],[7.5962,50.7087],[7.5991,50.7023]]]},"properties":{"id":"07132118","name":"Wölmersen","subdivision":"Altenkirchen (Ww)","cx":7.602,"cy":50.714}},
{"type":"Feature","geometry":{"type":"Polygon","coordinates":[[[7.6741,50.6473],[7.6724,50.6467],[7.6788,50.6442],[7.6889,50.6325],[7.6896,50.6292],[7.7008,50.6229],[7.7032,50.6227],[7.701,50.6407],[7.704,50.6547],[7.7011,50.6581],[7.691,50.6626],[7.688,50.6564],[7.6741,50.6473]]]},"properties":{"id":"07132201","name":"Berod bei Hachenburg","subdivision":"Altenkirchen (Ww)","cx":7.692,"cy":50.644}},
{"type":"Feature","geometry":{"type":"Polygon","coordinates":[[[7.6346,50.7054],[7.6338,50.7006],[7.6331,50.6931],[7.6199,50.6922],[7.6145,50.6887],[7.6057,50.6908],[7.6017,50.6872],[7.6028,50.6682],[7.6133,50.6717],[7.614,50.6722],[7.6214,50.676],[7.6344,50.6775],[7.6363,50.6742],[7.6431,50.6737],[7.6554,50.6763],[7.6549,50.6795],[7.6601,50.6898],[7.6787,50.6879],[7.6812,50.6901],[7.6786,50.6924],[7.6702,50.6931],[7.6518,50.6992],[7.6549,50.7051],[7.6511,50.7097],[7.6397,50.7101],[7.6346,50.7054]]]},"properties":{"id":"07132501","name":"Altenkirchen (Westerwald)","subdivision":"Altenkirchen (Ww)","cx":7.642,"cy":50.686}},
{"type":"Feature","geometry":{"type":"Polygon","coordinates":[[[7.9555,50.7245],[7.9651,50.7276],[7.9737,50.7262],[7.9751,50.7216],[7.9895,50.7241],[7.9935,50.7218],[8.0076,50.7233],[8.0014,50.7259],[8.0276,50.7334],[8.0133,50.7429],[8.0002,50.7551],[7.984,50.761],[7.9728,50.7579],[7.9669,50.7529],[7.9532,50.7581],[7.9461,50.7568],[7.9335,50.7636],[7.9172,50.7619],[7.9171,50.7566],[7.9258,50.7547],[7.9309,50.7471],[7.94,50.7423],[7.942,50.7345],[7.9511,50.7311],[7.9555,50.7245]]]},"properties":{"id":"07132018","name":"Daaden","subdivision":"Altenkirchen (Ww)","cx":7.979,"cy":50.742}},
{"type":"Feature","geometry":{"type":"Polygon","coordinates":[[[7.9751,50.7216],[7.979,50.7061],[7.9913,50.6992],[7.9993,50.6923],[8.0052,50.6883],[8.018,50.6917],[8.0272,50.6964],[8.0195,50.7016],[8.0199,50.7105],[8.0077,50.7116],[7.9964,50.7107],[7.9935,50.7218],[7.9895,50.7241],[7.9751,50.7216]]]},"properties":{"id":"07132019","name":"Derschen","subdivision":"Altenkirchen (Ww)","cx":8.004,"cy":50.701}},
{"type":"Feature","geometry":{"type":"Polygon","coordinates":[[[8.0076,50.7233],[8.0199,50.7105],[8.0195,50.7016],[8.0272,50.6964],[8.0284,50.697],[8.0397,50.6974],[8.043,50.7117],[8.0403,50.7257],[8.0276,50.7334],[8.0014,50.7259],[8.0076,50.7233]]]},"properties":{"id":"07132026","name":"Emmerzhausen","subdivision":"Altenkirchen (Ww)","cx":8.029,"cy":50.717}},
{"type":"Feature","geometry":{"type":"Polygon","coordinates":[[[7.9465,50.7091],[7.9686,50.6927],[7.9862,50.694],[7.9993,50.6923],[7.9913,50.6992],[7.979,50.7061],[7.9751,50.7216],[7.9737,50.7262],[7.9651,50.7276],[7.9555,50.7245],[7.9489,50.7179],[7.9465,50.7091]]]},"properties":{"id":"07132036","name":"Friedewald","subdivision":"Altenkirchen (Ww)","cx":7.966,"cy":50.71}},
{"type":"Feature","geometry":{"type":"Polygon","coordinates":[[[7.984,50.761],[7.9689,50.7739],[7.9642,50.7838],[7.969,50.7856],[7.9673,50.7982],[7.973,50.8023],[7.9747,50.8109],[7.972,50.8147],[7.9422,50.7974],[7.9379,50.7865],[7.9255,50.7862],[7.9211,50.7837],[7.9109,50.7724],[7.9108,50.7642],[7.9007,50.7651],[7.8988,50.7627],[7.9114,50.761],[7.9172,50.7619],[7.9335,50.7636],[7.9461,50.7568],[7.9532,50.7581],[7.9669,50.7529],[7.9728,50.7579],[7.984,50.761]]]},"properties":{"id":"07132050","name":"Herdorf","subdivision":"Altenkirchen (Ww)","cx":7.95,"cy":50.777}},
{"type":"Feature","geometry":{"type":"Polygon","coordinates":[[[7.9935,50.7218],[7.9964,50.7107],[8.0077,50.7116],[8.0199,50.7105],[8.0076,50.7233],[7.9935,50.7218]]]},"properties":{"id":"07132068","name":"Mauden","subdivision":"Altenkirchen (Ww)","cx":8.005,"cy":50.717}},
{"type":"Feature","geometry":{"type":"Polygon","coordinates":[[[7.942,50.7345],[7.94,50.7423],[7.9309,50.7471],[7.9258,50.7547],[7.9171,50.7566],[7.9172,50.7619],[7.9114,50.761],[7.9154,50.7564],[7.8996,50.7468],[7.8988,50.7466],[7.9061,50.7397],[7.919,50.7373],[7.932,50.7389],[7.942,50.7345]]]},"properties":{"id":"07132075","name":"Niederdreisbach","subdivision":"Altenkirchen (Ww)","cx":7.92,"cy":50.746}},
{"type":"Feature","geometry":{"type":"Polygon","coordinates":[[[7.9993,50.6923],[7.9862,50.694],[7.9686,50.6927],[7.9654,50.6814],[7.9743,50.6762],[7.9845,50.6757],[7.9929,50.676],[8.0016,50.6825],[8.0052,50.6883],[7.9993,50.6923]]]},"properties":{"id":"07132079","name":"Nisterberg","subdivision":"Altenkirchen (Ww)","cx":7.984,"cy":50.685}},
{"type":"Feature","geometry":{"type":"Polygon","coordinates":[[[7.8988,50.7627],[7.8977,50.753],[7.8996,50.7468],[7.9154,50.7564],[7.9114,50.761],[7.8988,50.7627]]]},"properties":{"id":"07132101","name":"Schutzbach","subdivision":"Altenkirchen (Ww)","cx":7.905,"cy":50.756}},
{"type":"Feature","geometry":{"type":"Polygon","coordinates":[[[7.5147,50.5982],[7.5128,50.6004],[7.5307,50.6062],[7.5367,50.6135],[7.5433,50.6119],[7.5425,50.6207],[7.5295,50.6224],[7.5249,50.6127],[7.5141,50.6076],[7.5088,50.6058],[7.5138,50.5985],[7.5147,50.5982]]]},"properties":{"id":"07132015","name":"Bürdenbach","subdivision":"Altenkirchen (Ww)","cx":7.53,"cy":50.613}},
{"type":"Feature","geometry":{"type":"Polygon","coordinates":[[[7.5141,50.6076],[7.509,50.6101],[7.507,50.6194],[7.4946,50.6265],[7.4897,50.6211],[7.495,50.6153],[7.4886,50.6118],[7.4861,50.6089],[7.4961,50.6035],[7.5066,50.6019],[7.5088,50.6058],[7.5141,50.6076]]]},"properties":{"id":"07132016","name":"Burglahr","subdivision":"Altenkirchen (Ww)","cx":7.501,"cy":50.612}},
{"type":"Feature","geometry":{"type":"Polygon","coordinates":[[[7.5425,50.6207],[7.5455,50.6269],[7.5542,50.6291],[7.5515,50.6343],[7.5477,50.6416],[7.5393,50.6427],[7.5187,50.6414],[7.5248,50.6339],[7.5152,50.6311],[7.514,50.6273],[7.5295,50.6224],[7.5425,50.6207]]]},"properties":{"id":"07132023","name":"Eichen","subdivision":"Altenkirchen (Ww)","cx":7.535,"cy":50.632}},
{"type":"Feature","geometry":{"type":"Polygon","coordinates":[[[7.4848,50.5974],[7.4722,50.6105],[7.4707,50.611],[7.4661,50.6074],[7.471,50.5964],[7.4848,50.5974]]]},"properties":{"id":"07132029","name":"Eulenberg","subdivision":"Altenkirchen (Ww)","cx":7.474,"cy":50.603}},
{"type":"Feature","geometry":{"type":"Polygon","coordinates":[[[7.5477,50.6416],[7.5509,50.648],[7.5417,50.6484],[7.5267,50.6568],[7.5152,50.659],[7.5063,50.6633],[7.5025,50.6569],[7.5084,50.6524],[7.5187,50.6414],[7.5393,50.6427],[7.5477,50.6416]]]},"properties":{"id":"07132032","name":"Flammersfeld","subdivision":"Altenkirchen (Ww)","cx":7.524,"cy":50.65}},
{"type":"Feature","geometry":{"type":"Polygon","coordinates":[[[7.5385,50.6747],[7.5441,50.6714],[7.5562,50.6786],[7.5572,50.6884],[7.5511,50.6889],[7.5334,50.6835],[7.5385,50.6747]]]},"properties":{"id":"07132041","name":"Giershausen","subdivision":"Altenkirchen (Ww)","cx":7.546,"cy":50.681}},
{"type":"Feature","geometry":{"type":"Polygon","coordinates":[[[7.5147,50.5982],[7.5187,50.5939],[7.5348,50.5951],[7.5387,50.6036],[7.5456,50.6066],[7.5433,50.6119],[7.5367,50.6135],[7.5307,50.6062],[7.5128,50.6004],[7.5147,50.5982]]]},"properties":{"id":"07132043","name":"Güllesheim","subdivision":"Altenkirchen (Ww)","cx":7.531,"cy":50.601}},
{"type":"Feature","geometry":{"type":"Polygon","coordinates":[[[7.5138,50.5985],[7.5099,50.5941],[7.5014,50.5945],[7.5024,50.5865],[7.5128,50.5849],[7.5157,50.5752],[7.5306,50.5798],[7.5381,50.5792],[7.5436,50.584],[7.5477,50.589],[7.5403,50.5895],[7.5348,50.5951],[7.5187,50.5939],[7.5147,50.5982],[7.5138,50.5985]]]},"properties":{"id":"07132055","name":"Horhausen (Westerwald)","subdivision":"Altenkirchen (Ww)","cx":7.523,"cy":50.587}},
{"type":"Feature","geometry":{"type":"Polygon","coordinates":[[[7.4961,50.6716],[7.4854,50.668],[7.4815,50.6659],[7.4799,50.6526],[7.4849,50.6467],[7.5084,50.6524],[7.5025,50.6569],[7.5063,50.6633],[7.5152,50.659],[7.5177,50.6636],[7.5081,50.6751],[7.4961,50.6716]]]},"properties":{"id":"07132060","name":"Kescheid","subdivision":"Altenkirchen (Ww)","cx":7.494,"cy":50.661}},
{"type":"Feature","geometry":{"type":"Polygon","coordinates":[[[7.5024,50.5865],[7.4891,50.5825],[7.4744,50.5849],[7.4747,50.5826],[7.4888,50.5803],[7.4887,50.576],[7.5009,50.5726],[7.5161,50.5713],[7.5157,50.5752],[7.5128,50.5849],[7.5024,50.5865]]]},"properties":{"id":"07132065","name":"Krunkel","subdivision":"Altenkirchen (Ww)","cx":7.501,"cy":50.579}},
{"type":"Feature","geometry":{"type":"Polygon","coordinates":[[[7.5088,50.6058],[7.5066,50.6019],[7.4961,50.6035],[7.4948,50.6007],[7.5014,50.5945],[7.5099,50.5941],[7.5138,50.5985],[7.5088,50.6058]]]},"properties":{"id":"07132078","name":"Niedersteinebach","subdivision":"Altenkirchen (Ww)","cx":7.505,"cy":50.599}},
{"type":"Feature","geometry":{"type":"Polygon","coordinates":[[[7.5295,50.6224],[7.514,50.6273],[7.5063,50.6282],[7.4946,50.6265],[7.507,50.6194],[7.509,50.6101],[7.5141,50.6076],[7.5249,50.6127],[7.5295,50.6224]]]},"properties":{"id":"07132083","name":"Oberlahr","subdivision":"Altenkirchen (Ww)","cx":7.515,"cy":50.619}},
{"type":"Feature","geometry":{"type":"Polygon","coordinates":[[[7.6223,50.0266],[7.6151,50.0179],[7.603,50.0134],[7.6101,50.0056],[7.6107,50.001],[7.625,49.9922],[7.6334,50.003],[7.6365,50.0067],[7.6392,50.0248],[7.6223,50.0266]]]},"properties":{"id":"07140096","name":"Mörschbach","subdivision":"Rhein-Hunsrück-Kreis","cx":7.624,"cy":50.011}},
{"type":"Feature","geometry":{"type":"Polygon","coordinates":[[[7.471,50.5964],[7.4744,50.5849],[7.4891,50.5825],[7.5024,50.5865],[7.5014,50.5945],[7.4948,50.6007],[7.4848,50.5974],[7.471,50.5964]]]},"properties":{"id":"07132085","name":"Obersteinebach","subdivision":"Altenkirchen (Ww)","cx":7.487,"cy":50.591}},
{"type":"Feature","geometry":{"type":"Polygon","coordinates":[[[7.5233,50.6755],[7.5081,50.6751],[7.5177,50.6636],[7.5152,50.659],[7.5267,50.6568],[7.5414,50.6615],[7.5441,50.6714],[7.5385,50.6747],[7.5233,50.6755]]]},"properties":{"id":"07132088","name":"Orfgen","subdivision":"Altenkirchen (Ww)","cx":7.527,"cy":50.667}},
{"type":"Feature","geometry":{"type":"Polygon","coordinates":[[[7.4886,50.6118],[7.483,50.6171],[7.4704,50.6171],[7.4722,50.6105],[7.4848,50.5974],[7.4948,50.6007],[7.4961,50.6035],[7.4861,50.6089],[7.4886,50.6118]]]},"properties":{"id":"07132089","name":"Peterslahr","subdivision":"Altenkirchen (Ww)","cx":7.481,"cy":50.61}},
{"type":"Feature","geometry":{"type":"Polygon","coordinates":[[[7.5348,50.5951],[7.5403,50.5895],[7.5477,50.589],[7.5589,50.5988],[7.5456,50.6066],[7.5387,50.6036],[7.5348,50.5951]]]},"properties":{"id":"07132090","name":"Pleckhausen","subdivision":"Altenkirchen (Ww)","cx":7.546,"cy":50.597}},
{"type":"Feature","geometry":{"type":"Polygon","coordinates":[[[7.5472,50.6603],[7.5414,50.6615],[7.5267,50.6568],[7.5417,50.6484],[7.5509,50.648],[7.5662,50.6514],[7.5472,50.6603]]]},"properties":{"id":"07132093","name":"Reiferscheid","subdivision":"Altenkirchen (Ww)","cx":7.546,"cy":50.654}},
{"type":"Feature","geometry":{"type":"Polygon","coordinates":[[[7.4946,50.6265],[7.5063,50.6282],[7.514,50.6273],[7.5152,50.6311],[7.5248,50.6339],[7.5187,50.6414],[7.5084,50.6524],[7.4849,50.6467],[7.4824,50.6404],[7.4742,50.6352],[7.4816,50.6255],[7.4629,50.6232],[7.45,50.6175],[7.4528,50.612],[7.4707,50.611],[7.4722,50.6105],[7.4704,50.6171],[7.483,50.6171],[7.4886,50.6118],[7.495,50.6153],[7.4897,50.6211],[7.4946,50.6265]]]},"properties":{"id":"07132097","name":"Rott","subdivision":"Altenkirchen (Ww)","cx":7.492,"cy":50.637}},
{"type":"Feature","geometry":{"type":"Polygon","coordinates":[[[7.5625,50.6621],[7.5575,50.6675],[7.5613,50.6745],[7.5562,50.6786],[7.5441,50.6714],[7.5414,50.6615],[7.5472,50.6603],[7.5625,50.6621]]]},"properties":{"id":"07132100","name":"Schürdt","subdivision":"Altenkirchen (Ww)","cx":7.551,"cy":50.668}},
{"type":"Feature","geometry":{"type":"Polygon","coordinates":[[[7.5662,50.6514],[7.5509,50.648],[7.5477,50.6416],[7.5515,50.6343],[7.5699,50.6363],[7.5717,50.6453],[7.5809,50.6441],[7.587,50.648],[7.5662,50.6514]]]},"properties":{"id":"07132103","name":"Seelbach (Westerwald)","subdivision":"Altenkirchen (Ww)","cx":7.563,"cy":50.643}},
{"type":"Feature","geometry":{"type":"Polygon","coordinates":[[[7.5455,50.6269],[7.5731,50.6173],[7.5791,50.6197],[7.5762,50.6303],[7.5699,50.6363],[7.5515,50.6343],[7.5542,50.6291],[7.5455,50.6269]]]},"properties":{"id":"07132104","name":"Seifen","subdivision":"Altenkirchen (Ww)","cx":7.565,"cy":50.628}},
{"type":"Feature","geometry":{"type":"Polygon","coordinates":[[[7.5633,50.6935],[7.5571,50.6941],[7.5572,50.6884],[7.5562,50.6786],[7.5613,50.6745],[7.5699,50.674],[7.5767,50.682],[7.5633,50.6935]]]},"properties":{"id":"07132112","name":"Walterschen","subdivision":"Altenkirchen (Ww)","cx":7.565,"cy":50.683}},
{"type":"Feature","geometry":{"type":"Polygon","coordinates":[[[7.5157,50.5752],[7.5161,50.5713],[7.5319,50.5639],[7.5389,50.5745],[7.5381,50.5792],[7.5306,50.5798],[7.5157,50.5752]]]},"properties":{"id":"07132116","name":"Willroth","subdivision":"Altenkirchen (Ww)","cx":7.528,"cy":50.573}},
{"type":"Feature","geometry":{"type":"Polygon","coordinates":[[[7.6386,50.7402],[7.6466,50.742],[7.6395,50.7471],[7.6433,50.7511],[7.6298,50.7515],[7.6177,50.7571],[7.6116,50.7533],[7.6054,50.7451],[7.6128,50.7412],[7.6176,50.7326],[7.6261,50.7335],[7.6355,50.7365],[7.6386,50.7402]]]},"properties":{"id":"07132007","name":"Birkenbeul","subdivision":"Altenkirchen (Ww)","cx":7.624,"cy":50.744}},
{"type":"Feature","geometry":{"type":"Polygon","coordinates":[[[7.7029,50.7785],[7.7089,50.7824],[7.7011,50.7895],[7.6992,50.7996],[7.6844,50.7981],[7.6822,50.7954],[7.681,50.7936],[7.6874,50.7916],[7.6865,50.7857],[7.6946,50.7847],[7.7029,50.7785]]]},"properties":{"id":"07132010","name":"Bitzen","subdivision":"Altenkirchen (Ww)","cx":7.695,"cy":50.791}},
{"type":"Feature","geometry":{"type":"Polygon","coordinates":[[[7.6693,50.7402],[7.6684,50.7454],[7.6735,50.755],[7.6723,50.7578],[7.6601,50.7615],[7.6433,50.7511],[7.6395,50.7471],[7.6466,50.742],[7.6658,50.7417],[7.6693,50.7402]]]},"properties":{"id":"07132013","name":"Breitscheidt","subdivision":"Altenkirchen (Ww)","cx":7.658,"cy":50.75}},
{"type":"Feature","geometry":{"type":"Polygon","coordinates":[[[7.7372,50.7488],[7.7257,50.7535],[7.721,50.752],[7.7125,50.755],[7.7021,50.7497],[7.6854,50.7407],[7.6987,50.741],[7.7116,50.7378],[7.7163,50.7421],[7.7258,50.7445],[7.7283,50.7487],[7.7372,50.7488]]]},"properties":{"id":"07132014","name":"Bruchertseifen","subdivision":"Altenkirchen (Ww)","cx":7.711,"cy":50.746}},
{"type":"Feature","geometry":{"type":"Polygon","coordinates":[[[7.6865,50.7857],[7.6801,50.7756],[7.68,50.7721],[7.6967,50.7653],[7.7053,50.766],[7.7102,50.7728],[7.7029,50.7785],[7.6946,50.7847],[7.6865,50.7857]]]},"properties":{"id":"07132028","name":"Etzbach","subdivision":"Altenkirchen (Ww)","cx":7.694,"cy":50.775}},
{"type":"Feature","geometry":{"type":"Polygon","coordinates":[[[7.6992,50.7996],[7.6992,50.8058],[7.6924,50.8111],[7.694,50.8184],[7.7,50.8254],[7.6817,50.822],[7.6641,50.8154],[7.6795,50.81],[7.675,50.8065],[7.6822,50.7954],[7.6844,50.7981],[7.6992,50.7996]]]},"properties":{"id":"07132034","name":"Forst","subdivision":"Altenkirchen (Ww)","cx":7.686,"cy":50.813}},
{"type":"Feature","geometry":{"type":"Polygon","coordinates":[[[7.681,50.7936],[7.6778,50.7817],[7.6699,50.7856],[7.66,50.7856],[7.6587,50.7805],[7.6623,50.7741],[7.6595,50.7707],[7.6801,50.7756],[7.6865,50.7857],[7.6874,50.7916],[7.681,50.7936]]]},"properties":{"id":"07132038","name":"Fürthen","subdivision":"Altenkirchen (Ww)","cx":7.67,"cy":50.779}},
{"type":"Feature","geometry":{"type":"Polygon","coordinates":[[[7.6735,50.755],[7.6871,50.7563],[7.688,50.7635],[7.6967,50.7653],[7.68,50.7721],[7.6801,50.7756],[7.6595,50.7707],[7.6578,50.7699],[7.6601,50.7615],[7.6723,50.7578],[7.6735,50.755]]]},"properties":{"id":"07132044","name":"Hamm (Sieg)","subdivision":"Altenkirchen (Ww)","cx":7.675,"cy":50.765}},
{"type":"Feature","geometry":{"type":"Polygon","coordinates":[[[7.6054,50.7451],[7.6116,50.7533],[7.6141,50.7681],[7.601,50.7663],[7.599,50.7611],[7.5915,50.7558],[7.5931,50.7464],[7.6054,50.7451]]]},"properties":{"id":"07132077","name":"Niederirsen","subdivision":"Altenkirchen (Ww)","cx":7.604,"cy":50.756}},
{"type":"Feature","geometry":{"type":"Polygon","coordinates":[[[7.6433,50.7511],[7.6601,50.7615],[7.6578,50.7699],[7.6292,50.7689],[7.6182,50.7702],[7.6141,50.7681],[7.6116,50.7533],[7.6177,50.7571],[7.6298,50.7515],[7.6433,50.7511]]]},"properties":{"id":"07132091","name":"Pracht","subdivision":"Altenkirchen (Ww)","cx":7.636,"cy":50.761}},
{"type":"Feature","geometry":{"type":"Polygon","coordinates":[[[7.721,50.752],[7.7187,50.7704],[7.7102,50.7728],[7.7053,50.766],[7.6967,50.7653],[7.688,50.7635],[7.6871,50.7563],[7.6922,50.7568],[7.7021,50.7497],[7.7125,50.755],[7.721,50.752]]]},"properties":{"id":"07132096","name":"Roth (Altenkirchen (Ww))","subdivision":"Altenkirchen (Ww)","cx":7.706,"cy":50.759}},
{"type":"Feature","geometry":{"type":"Polygon","coordinates":[[[7.6708,50.7355],[7.6799,50.7358],[7.6854,50.7407],[7.7021,50.7497],[7.6922,50.7568],[7.6871,50.7563],[7.6735,50.755],[7.6684,50.7454],[7.6693,50.7402],[7.6708,50.7355]]]},"properties":{"id":"07132102","name":"Seelbach bei Hamm (Sieg)","subdivision":"Altenkirchen (Ww)","cx":7.682,"cy":50.748}},
{"type":"Feature","geometry":{"type":"Polygon","coordinates":[[[7.972,50.8147],[7.9603,50.8205],[7.9361,50.8201],[7.9347,50.8275],[7.9293,50.8285],[7.9167,50.8246],[7.9159,50.8165],[7.9238,50.813],[7.9288,50.8041],[7.9367,50.8039],[7.9422,50.7974],[7.972,50.8147]]]},"properties":{"id":"07132012","name":"Brachbach","subdivision":"Altenkirchen (Ww)","cx":7.942,"cy":50.811}},
{"type":"Feature","geometry":{"type":"Polygon","coordinates":[[[7.8293,50.8824],[7.8267,50.8908],[7.8355,50.9033],[7.8332,50.9073],[7.8508,50.9244],[7.8484,50.9299],[7.8285,50.9289],[7.8088,50.9388],[7.7928,50.9423],[7.7859,50.9399],[7.7762,50.929],[7.7573,50.9202],[7.7424,50.9198],[7.7358,50.9157],[7.7469,50.9124],[7.7506,50.9057],[7.7604,50.9004],[7.753,50.8884],[7.7588,50.8798],[7.7528,50.8752],[7.7483,50.8672],[7.7602,50.8617],[7.764,50.8575],[7.7539,50.852],[7.7622,50.8451],[7.7719,50.8381],[7.7781,50.8415],[7.7893,50.841],[7.7982,50.8436],[7.8127,50.8436],[7.8067,50.8535],[7.8105,50.8643],[7.8293,50.8824]]]},"properties":{"id":"07132037","name":"Friesenhagen","subdivision":"Altenkirchen (Ww)","cx":7.792,"cy":50.893}},
{"type":"Feature","geometry":{"type":"Polygon","coordinates":[[[7.8105,50.8643],[7.8175,50.8677],[7.8294,50.8612],[7.8478,50.8574],[7.8563,50.8585],[7.859,50.8697],[7.8508,50.8777],[7.8293,50.8824],[7.8105,50.8643]]]},"properties":{"id":"07132045","name":"Harbach","subdivision":"Altenkirchen (Ww)","cx":7.839,"cy":50.869}},
{"type":"Feature","geometry":{"type":"Polygon","coordinates":[[[7.9422,50.7974],[7.9367,50.8039],[7.9288,50.8041],[7.9238,50.813],[7.9159,50.8165],[7.9167,50.8246],[7.9293,50.8285],[7.9292,50.8361],[7.919,50.8385],[7.9154,50.8411],[7.8876,50.8361],[7.8887,50.841],[7.8795,50.8433],[7.8784,50.8373],[7.86,50.8286],[7.8514,50.8305],[7.8543,50.842],[7.8529,50.8496],[7.8478,50.8574],[7.8294,50.8612],[7.8175,50.8677],[7.8105,50.8643],[7.8067,50.8535],[7.8127,50.8436],[7.8295,50.8351],[7.8337,50.8255],[7.8334,50.8112],[7.8531,50.8081],[7.8579,50.8038],[7.8667,50.799],[7.8737,50.8012],[7.8882,50.7988],[7.8863,50.7856],[7.8899,50.7833],[7.9064,50.7835],[7.9162,50.7898],[7.9211,50.7837],[7.9255,50.7862],[7.9379,50.7865],[7.9422,50.7974]]]},"properties":{"id":"07132063","name":"Kirchen (Sieg)","subdivision":"Altenkirchen (Ww)","cx":7.88,"cy":50.818}},
{"type":"Feature","geometry":{"type":"Polygon","coordinates":[[[7.972,50.8147],[7.9766,50.8249],[7.9736,50.8334],[7.9681,50.836],[7.967,50.844],[7.9577,50.8489],[7.9529,50.846],[7.9383,50.8484],[7.9271,50.845],[7.9156,50.8452],[7.919,50.8385],[7.9292,50.8361],[7.9293,50.8285],[7.9347,50.8275],[7.9361,50.8201],[7.9603,50.8205],[7.972,50.8147]]]},"properties":{"id":"07132072","name":"Mudersbach","subdivision":"Altenkirchen (Ww)","cx":7.95,"cy":50.834}},
{"type":"Feature","geometry":{"type":"Polygon","coordinates":[[[7.8478,50.8574],[7.8529,50.8496],[7.8543,50.842],[7.8514,50.8305],[7.86,50.8286],[7.8784,50.8373],[7.8795,50.8433],[7.8887,50.841],[7.8876,50.8361],[7.9154,50.8411],[7.919,50.8385],[7.9156,50.8452],[7.9059,50.8481],[7.8973,50.8575],[7.894,50.8647],[7.8871,50.8654],[7.8825,50.8749],[7.8728,50.8756],[7.869,50.8791],[7.8604,50.877],[7.8508,50.8777],[7.859,50.8697],[7.8563,50.8585],[7.8478,50.8574]]]},"properties":{"id":"07132076","name":"Niederfischbach","subdivision":"Altenkirchen (Ww)","cx":7.874,"cy":50.857}},
{"type":"Feature","geometry":{"type":"Polygon","coordinates":[[[7.9007,50.7651],[7.9029,50.7718],[7.8954,50.7764],[7.8899,50.7833],[7.8863,50.7856],[7.8764,50.7817],[7.8735,50.7753],[7.865,50.7702],[7.8681,50.7665],[7.8747,50.76],[7.8823,50.7562],[7.8948,50.7474],[7.8988,50.7466],[7.8996,50.7468],[7.8977,50.753],[7.8988,50.7627],[7.9007,50.7651]]]},"properties":{"id":"07132002","name":"Alsdorf (Altenkirchen (Ww))","subdivision":"Altenkirchen (Ww)","cx":7.886,"cy":50.767}},
{"type":"Feature","geometry":{"type":"Polygon","coordinates":[[[7.7622,50.8451],[7.758,50.8435],[7.7467,50.8469],[7.7369,50.8472],[7.7293,50.8505],[7.7217,50.8432],[7.7143,50.8404],[7.7136,50.8336],[7.7065,50.8306],[7.7124,50.8244],[7.7203,50.822],[7.7249,50.8131],[7.7265,50.8015],[7.735,50.8032],[7.749,50.7997],[7.7552,50.8027],[7.7592,50.8095],[7.7654,50.8109],[7.7604,50.8174],[7.7621,50.821],[7.7815,50.8329],[7.7943,50.8366],[7.7893,50.841],[7.7781,50.8415],[7.7719,50.8381],[7.7622,50.8451]]]},"properties":{"id":"07132008","name":"Birken-Honigsessen","subdivision":"Altenkirchen (Ww)","cx":7.744,"cy":50.827}},
{"type":"Feature","geometry":{"type":"Polygon","coordinates":[[[7.7529,50.7868],[7.7651,50.7736],[7.782,50.7697],[7.794,50.7738],[7.8092,50.7742],[7.8228,50.7783],[7.8309,50.7775],[7.8278,50.7797],[7.8297,50.7817],[7.8246,50.7865],[7.83,50.7935],[7.8209,50.8005],[7.8066,50.7963],[7.7992,50.7986],[7.796,50.8036],[7.7873,50.8001],[7.7945,50.7917],[7.7926,50.785],[7.7828,50.785],[7.7748,50.7891],[7.7529,50.7868]]]},"properties":{"id":"07132011","name":"Mittelhof","subdivision":"Altenkirchen (Ww)","cx":7.803,"cy":50.784}},
{"type":"Feature","geometry":{"type":"Polygon","coordinates":[[[7.749,50.7997],[7.7554,50.7961],[7.7481,50.7927],[7.7529,50.7868],[7.7748,50.7891],[7.7828,50.785],[7.7926,50.785],[7.7945,50.7917],[7.7873,50.8001],[7.796,50.8036],[7.7992,50.7986],[7.8066,50.7963],[7.8209,50.8005],[7.8267,50.806],[7.8124,50.8053],[7.796,50.8094],[7.7801,50.8067],[7.7654,50.8109],[7.7592,50.8095],[7.7552,50.8027],[7.749,50.7997]]]},"properties":{"id":"07132054","name":"Hövels","subdivision":"Altenkirchen (Ww)","cx":7.772,"cy":50.799}},
{"type":"Feature","geometry":{"type":"Polygon","coordinates":[[[7.7893,50.841],[7.7943,50.8366],[7.7815,50.8329],[7.7621,50.821],[7.7604,50.8174],[7.7654,50.8109],[7.7801,50.8067],[7.796,50.8094],[7.8124,50.8053],[7.8267,50.806],[7.8334,50.8112],[7.8337,50.8255],[7.8295,50.8351],[7.8127,50.8436],[7.7982,50.8436],[7.7893,50.841]]]},"properties":{"id":"07132080","name":"Katzwinkel (Sieg)","subdivision":"Altenkirchen (Ww)","cx":7.805,"cy":50.824}},
{"type":"Feature","geometry":{"type":"Polygon","coordinates":[[[7.7546,50.7383],[7.7572,50.7361],[7.7753,50.737],[7.7684,50.7402],[7.7742,50.7446],[7.7938,50.7494],[7.7963,50.7478],[7.7979,50.7484],[7.7921,50.7552],[7.7814,50.7526],[7.7775,50.7562],[7.768,50.756],[7.7583,50.7468],[7.7546,50.7383]]]},"properties":{"id":"07132105","name":"Selbach (Sieg)","subdivision":"Altenkirchen (Ww)","cx":7.771,"cy":50.749}},
{"type":"Feature","geometry":{"type":"Polygon","coordinates":[[[7.7429,50.7401],[7.7546,50.7383],[7.7583,50.7468],[7.768,50.756],[7.7775,50.7562],[7.7814,50.7526],[7.7921,50.7552],[7.7979,50.7484],[7.8057,50.7508],[7.8199,50.7599],[7.8246,50.7675],[7.8338,50.7694],[7.8309,50.7775],[7.8228,50.7783],[7.8092,50.7742],[7.794,50.7738],[7.782,50.7697],[7.7651,50.7736],[7.7529,50.7868],[7.7481,50.7927],[7.7554,50.7961],[7.749,50.7997],[7.735,50.8032],[7.7265,50.8015],[7.7249,50.8131],[7.7203,50.822],[7.7124,50.8244],[7.7065,50.8306],[7.7,50.8254],[7.694,50.8184],[7.6924,50.8111],[7.6992,50.8058],[7.6992,50.7996],[7.7011,50.7895],[7.7089,50.7824],[7.7029,50.7785],[7.7102,50.7728],[7.7187,50.7704],[7.721,50.752],[7.7257,50.7535],[7.7372,50.7488],[7.7448,50.7431],[7.7429,50.7401]]]},"properties":{"id":"07132117","name":"Wissen","subdivision":"Altenkirchen (Ww)","cx":7.741,"cy":50.772}},
{"type":"Feature","geometry":{"type":"Polygon","coordinates":[[[7.8579,50.8038],[7.844,50.7959],[7.8422,50.7922],[7.848,50.7927],[7.8547,50.787],[7.8564,50.7791],[7.8506,50.7753],[7.8412,50.776],[7.8374,50.7796],[7.8278,50.7797],[7.8309,50.7775],[7.8338,50.7694],[7.8417,50.7619],[7.8541,50.7664],[7.8617,50.764],[7.8681,50.7665],[7.865,50.7702],[7.8735,50.7753],[7.8764,50.7817],[7.8863,50.7856],[7.8882,50.7988],[7.8737,50.8012],[7.8667,50.799],[7.8579,50.8038]]]},"properties":{"id":"07132006","name":"Betzdorf","subdivision":"Altenkirchen (Ww)","cx":7.866,"cy":50.785}},
{"type":"Feature","geometry":{"type":"Polygon","coordinates":[[[7.8246,50.7675],[7.8308,50.7653],[7.8254,50.7586],[7.8285,50.7554],[7.8293,50.7436],[7.8357,50.7444],[7.8444,50.7411],[7.8399,50.7546],[7.8417,50.7619],[7.8338,50.7694],[7.8246,50.7675]]]},"properties":{"id":"07132024","name":"Elben","subdivision":"Altenkirchen (Ww)","cx":7.834,"cy":50.757}},
{"type":"Feature","geometry":{"type":"Polygon","coordinates":[[[7.8593,50.7253],[7.8609,50.7212],[7.8732,50.7158],[7.8845,50.7136],[7.8909,50.7158],[7.9066,50.7189],[7.9042,50.7335],[7.9061,50.7397],[7.8988,50.7466],[7.8948,50.7474],[7.8961,50.7451],[7.8835,50.7375],[7.8714,50.7346],[7.8615,50.7366],[7.8574,50.731],[7.8593,50.7253]]]},"properties":{"id":"07132025","name":"Elkenroth","subdivision":"Altenkirchen (Ww)","cx":7.885,"cy":50.726}},
{"type":"Feature","geometry":{"type":"Polygon","coordinates":[[[7.7753,50.737],[7.7883,50.7313],[7.7937,50.7383],[7.7963,50.7478],[7.7938,50.7494],[7.7742,50.7446],[7.7684,50.7402],[7.7753,50.737]]]},"properties":{"id":"07132030","name":"Fensdorf","subdivision":"Altenkirchen (Ww)","cx":7.785,"cy":50.741}},
{"type":"Feature","geometry":{"type":"Polygon","coordinates":[[[7.7963,50.7478],[7.7937,50.7383],[7.7883,50.7313],[7.794,50.7301],[7.8082,50.7299],[7.8143,50.7387],[7.8293,50.7436],[7.8285,50.7554],[7.8254,50.7586],[7.8308,50.7653],[7.8246,50.7675],[7.8199,50.7599],[7.8057,50.7508],[7.7979,50.7484],[7.7963,50.7478]]]},"properties":{"id":"07132039","name":"Gebhardshain","subdivision":"Altenkirchen (Ww)","cx":7.806,"cy":50.742}},
{"type":"Feature","geometry":{"type":"Polygon","coordinates":[[[7.9211,50.7837],[7.9162,50.7898],[7.9064,50.7835],[7.8899,50.7833],[7.8954,50.7764],[7.9029,50.7718],[7.9007,50.7651],[7.9108,50.7642],[7.9109,50.7724],[7.9211,50.7837]]]},"properties":{"id":"07132042","name":"Grünebach","subdivision":"Altenkirchen (Ww)","cx":7.907,"cy":50.778}},
{"type":"Feature","geometry":{"type":"Polygon","coordinates":[[[7.8615,50.7366],[7.8714,50.7346],[7.8835,50.7375],[7.8961,50.7451],[7.8948,50.7474],[7.8823,50.7562],[7.8849,50.7536],[7.8654,50.7481],[7.8559,50.7438],[7.8615,50.7366]]]},"properties":{"id":"07132059","name":"Kausen","subdivision":"Altenkirchen (Ww)","cx":7.876,"cy":50.744}},
{"type":"Feature","geometry":{"type":"Polygon","coordinates":[[[7.8085,50.7282],[7.8004,50.7164],[7.8052,50.7109],[7.8139,50.7057],[7.8148,50.7038],[7.8201,50.7077],[7.8364,50.7118],[7.8398,50.7252],[7.8367,50.7272],[7.8185,50.7238],[7.8085,50.7282]]]},"properties":{"id":"07132066","name":"Malberg (Altenkirchen (Ww))","subdivision":"Altenkirchen (Ww)","cx":7.819,"cy":50.716}},
{"type":"Feature","geometry":{"type":"Polygon","coordinates":[[[7.8559,50.7438],[7.8654,50.7481],[7.8849,50.7536],[7.8823,50.7562],[7.8747,50.76],[7.866,50.7534],[7.8399,50.7546],[7.8444,50.7411],[7.8559,50.7438]]]},"properties":{"id":"07132071","name":"Molzhain","subdivision":"Altenkirchen (Ww)","cx":7.853,"cy":50.749}},
{"type":"Feature","geometry":{"type":"Polygon","coordinates":[[[7.8732,50.7158],[7.8579,50.7075],[7.854,50.702],[7.8568,50.6945],[7.8531,50.693],[7.8579,50.6835],[7.8892,50.6787],[7.8929,50.6818],[7.886,50.6859],[7.8745,50.6882],[7.8822,50.6955],[7.8857,50.7086],[7.8909,50.7158],[7.8845,50.7136],[7.8732,50.7158]]]},"properties":{"id":"07132073","name":"Nauroth","subdivision":"Altenkirchen (Ww)","cx":7.87,"cy":50.699}},
{"type":"Feature","geometry":{"type":"Polygon","coordinates":[[[7.8468,50.7282],[7.8398,50.7252],[7.8364,50.7118],[7.854,50.702],[7.8579,50.7075],[7.8732,50.7158],[7.8609,50.7212],[7.8593,50.7253],[7.8468,50.7282]]]},"properties":{"id":"07132095","name":"Rosenheim (Landkreis Altenkirchen)","subdivision":"Altenkirchen (Ww)","cx":7.852,"cy":50.716}},
{"type":"Feature","geometry":{"type":"Polygon","coordinates":[[[7.8278,50.7797],[7.8374,50.7796],[7.8412,50.776],[7.8506,50.7753],[7.8564,50.7791],[7.8547,50.787],[7.848,50.7927],[7.8422,50.7922],[7.8324,50.7903],[7.8365,50.7829],[7.8297,50.7817],[7.8278,50.7797]]]},"properties":{"id":"07132098","name":"Scheuerfeld","subdivision":"Altenkirchen (Ww)","cx":7.844,"cy":50.784}},
{"type":"Feature","geometry":{"type":"Polygon","coordinates":[[[7.8444,50.7411],[7.8357,50.7444],[7.8293,50.7436],[7.8143,50.7387],[7.8082,50.7299],[7.8085,50.7282],[7.8185,50.7238],[7.8367,50.7272],[7.8398,50.7252],[7.8468,50.7282],[7.8489,50.7393],[7.8444,50.7411]]]},"properties":{"id":"07132107","name":"Steinebach/Sieg","subdivision":"Altenkirchen (Ww)","cx":7.829,"cy":50.734}},
{"type":"Feature","geometry":{"type":"Polygon","coordinates":[[[7.8681,50.7665],[7.8617,50.764],[7.8541,50.7664],[7.8417,50.7619],[7.8399,50.7546],[7.866,50.7534],[7.8747,50.76],[7.8681,50.7665]]]},"properties":{"id":"07132108","name":"Steineroth","subdivision":"Altenkirchen (Ww)","cx":7.857,"cy":50.759}},
{"type":"Feature","geometry":{"type":"Polygon","coordinates":[[[7.8334,50.8112],[7.8267,50.806],[7.8209,50.8005],[7.83,50.7935],[7.8246,50.7865],[7.8297,50.7817],[7.8365,50.7829],[7.8324,50.7903],[7.8422,50.7922],[7.844,50.7959],[7.8579,50.8038],[7.8531,50.8081],[7.8334,50.8112]]]},"properties":{"id":"07132111","name":"Wallmenroth","subdivision":"Altenkirchen (Ww)","cx":7.836,"cy":50.8}},
{"type":"Feature","geometry":{"type":"Polygon","coordinates":[[[7.7875,49.8073],[7.787,49.8],[7.8014,49.7921],[7.8181,49.7872],[7.8295,49.7944],[7.8438,49.7902],[7.8555,49.7905],[7.8644,49.7928],[7.8643,49.7976],[7.872,49.8053],[7.888,49.8071],[7.8923,49.8118],[7.8878,49.8104],[7.8831,49.8212],[7.9,49.8385],[7.9128,49.8382],[7.9245,49.8326],[7.9358,49.8383],[7.9336,49.8421],[7.9327,49.8553],[7.9385,49.8607],[7.9546,49.8625],[7.9512,49.8652],[7.9401,49.8629],[7.931,49.8634],[7.9278,49.8713],[7.9348,49.8786],[7.9194,49.8818],[7.9075,49.8794],[7.8969,49.8721],[7.8878,49.8634],[7.8781,49.8671],[7.8821,49.8705],[7.8708,49.8746],[7.8625,49.882],[7.8544,49.8772],[7.8517,49.8705],[7.846,49.8683],[7.8347,49.862],[7.8272,49.8551],[7.8271,49.8515],[7.8272,49.8436],[7.8149,49.8384],[7.8124,49.8312],[7.8266,49.8247],[7.8363,49.8234],[7.8399,49.8196],[7.8359,49.8134],[7.825,49.8157],[7.8211,49.8075],[7.8036,49.8002],[7.7875,49.8073]]]},"properties":{"id":"07133006","name":"Bad Kreuznach","subdivision":"Bad Kreuznach","cx":7.864,"cy":49.841}},
{"type":"Feature","geometry":{"type":"Polygon","coordinates":[[[7.4329,49.8006],[7.4251,49.7972],[7.4436,49.7868],[7.4416,49.7765],[7.4291,49.7676],[7.4206,49.766],[7.4146,49.754],[7.4101,49.7531],[7.4154,49.7477],[7.4227,49.7478],[7.4343,49.7592],[7.4433,49.7658],[7.4611,49.7592],[7.4708,49.7685],[7.478,49.7719],[7.4997,49.785],[7.4965,49.7875],[7.4802,49.7925],[7.4712,49.8008],[7.4648,49.8039],[7.4485,49.7973],[7.4445,49.8027],[7.4329,49.8006]]]},"properties":{"id":"07133052","name":"Kirn","subdivision":"Bad Kreuznach","cx":7.458,"cy":49.779}},
{"type":"Feature","geometry":{"type":"Polygon","coordinates":[[[7.8181,49.7872],[7.8139,49.7746],[7.8199,49.771],[7.8355,49.7705],[7.8415,49.7726],[7.8551,49.7723],[7.8596,49.7786],[7.8708,49.7876],[7.8644,49.7928],[7.8555,49.7905],[7.8438,49.7902],[7.8295,49.7944],[7.8181,49.7872]]]},"properties":{"id":"07133003","name":"Altenbamberg","subdivision":"Bad Kreuznach","cx":7.837,"cy":49.782}},
{"type":"Feature","geometry":{"type":"Polygon","coordinates":[[[7.9546,49.8625],[7.9599,49.8639],[7.9521,49.873],[7.9477,49.8806],[7.9348,49.8786],[7.9278,49.8713],[7.931,49.8634],[7.9401,49.8629],[7.9512,49.8652],[7.9546,49.8625]]]},"properties":{"id":"07133012","name":"Biebelsheim","subdivision":"Bad Kreuznach","cx":7.942,"cy":49.871}},
{"type":"Feature","geometry":{"type":"Polygon","coordinates":[[[7.8014,49.7921],[7.7964,49.7866],[7.7831,49.785],[7.779,49.79],[7.7632,49.7898],[7.7564,49.7774],[7.7682,49.7708],[7.7727,49.7709],[7.7773,49.7711],[7.7922,49.7637],[7.7951,49.7579],[7.8199,49.771],[7.8139,49.7746],[7.8181,49.7872],[7.8014,49.7921]]]},"properties":{"id":"07133030","name":"Feilbingert","subdivision":"Bad Kreuznach","cx":7.795,"cy":49.775}},
{"type":"Feature","geometry":{"type":"Polygon","coordinates":[[[7.8644,49.7928],[7.8708,49.7876],[7.8868,49.7872],[7.8937,49.7889],[7.9007,49.7841],[7.9127,49.7929],[7.9172,49.8009],[7.925,49.8035],[7.9276,49.8114],[7.9183,49.8102],[7.9082,49.8211],[7.8912,49.8146],[7.8923,49.8118],[7.888,49.8071],[7.872,49.8053],[7.8643,49.7976],[7.8644,49.7928]]]},"properties":{"id":"07133031","name":"Frei-Laubersheim","subdivision":"Bad Kreuznach","cx":7.899,"cy":49.8}},
{"type":"Feature","geometry":{"type":"Polygon","coordinates":[[[7.8551,49.7723],[7.8599,49.7658],[7.8701,49.756],[7.8873,49.758],[7.8979,49.762],[7.9004,49.7648],[7.9116,49.7642],[7.9206,49.7639],[7.9329,49.7666],[7.9346,49.768],[7.9288,49.7762],[7.9176,49.78],[7.9098,49.7778],[7.9007,49.7841],[7.8937,49.7889],[7.8868,49.7872],[7.8708,49.7876],[7.8596,49.7786],[7.8551,49.7723]]]},"properties":{"id":"07133032","name":"Fürfeld","subdivision":"Bad Kreuznach","cx":7.89,"cy":49.774}},
{"type":"Feature","geometry":{"type":"Polygon","coordinates":[[[7.8923,49.8118],[7.8912,49.8146],[7.9082,49.8211],[7.9085,49.8237],[7.9228,49.8297],[7.9245,49.8326],[7.9128,49.8382],[7.9,49.8385],[7.8831,49.8212],[7.8878,49.8104],[7.8923,49.8118]]]},"properties":{"id":"07133037","name":"Hackenheim","subdivision":"Bad Kreuznach","cx":7.902,"cy":49.827}},
{"type":"Feature","geometry":{"type":"Polygon","coordinates":[[[7.7727,49.7709],[7.7662,49.7641],[7.7723,49.7643],[7.7767,49.7566],[7.7744,49.7525],[7.7804,49.7512],[7.7976,49.7537],[7.7951,49.7579],[7.7922,49.7637],[7.7773,49.7711],[7.7727,49.7709]]]},"properties":{"id":"07133039","name":"Hallgarten","subdivision":"Bad Kreuznach","cx":7.782,"cy":49.761}},
{"type":"Feature","geometry":{"type":"Polygon","coordinates":[[[7.8199,49.771],[7.7951,49.7579],[7.8041,49.7576],[7.8242,49.7519],[7.8309,49.756],[7.8386,49.7563],[7.8438,49.7622],[7.852,49.7623],[7.8599,49.7658],[7.8551,49.7723],[7.8415,49.7726],[7.8355,49.7705],[7.8199,49.771]]]},"properties":{"id":"07133045","name":"Hochstätten","subdivision":"Bad Kreuznach","cx":7.826,"cy":49.763}},
{"type":"Feature","geometry":{"type":"MultiPolygon","coordinates":[[[[7.9007,49.7841],[7.9098,49.7778],[7.9176,49.78],[7.9288,49.7762],[7.9326,49.7804],[7.9298,49.7876],[7.9328,49.8004],[7.925,49.8035],[7.9172,49.8009],[7.9127,49.7929],[7.9007,49.7841]]],[[[7.9116,49.7642],[7.9148,49.7581],[7.9206,49.7639],[7.9116,49.7642]]]]},"properties":{"id":"07133069","name":"Neu-Bamberg","subdivision":"Bad Kreuznach","cx":7.92,"cy":49.789}},
{"type":"Feature","geometry":{"type":"Polygon","coordinates":[[[7.9358,49.8383],[7.9389,49.8353],[7.9527,49.8419],[7.9545,49.8461],[7.9688,49.8541],[7.9612,49.8626],[7.9599,49.8639],[7.9546,49.8625],[7.9385,49.8607],[7.9327,49.8553],[7.9336,49.8421],[7.9358,49.8383]]]},"properties":{"id":"07133078","name":"Pfaffen-Schwabenheim","subdivision":"Bad Kreuznach","cx":7.946,"cy":49.852}},
{"type":"Feature","geometry":{"type":"Polygon","coordinates":[[[7.9389,49.8353],[7.9379,49.8277],[7.9416,49.8239],[7.9507,49.8254],[7.9636,49.8331],[7.9602,49.8411],[7.9527,49.8419],[7.9389,49.8353]]]},"properties":{"id":"07133080","name":"Pleitersheim","subdivision":"Bad Kreuznach","cx":7.95,"cy":49.833}},
{"type":"Feature","geometry":{"type":"Polygon","coordinates":[[[7.8979,49.762],[7.9016,49.7526],[7.9054,49.7523],[7.9148,49.7581],[7.9116,49.7642],[7.9004,49.7648],[7.8979,49.762]]]},"properties":{"id":"07133104","name":"Tiefenthal (Bad Kreuznach)","subdivision":"Bad Kreuznach","cx":7.906,"cy":49.759}},
{"type":"Feature","geometry":{"type":"Polygon","coordinates":[[[7.9245,49.8326],[7.9228,49.8297],[7.9085,49.8237],[7.9082,49.8211],[7.9183,49.8102],[7.9276,49.8114],[7.9441,49.8181],[7.9416,49.8239],[7.9379,49.8277],[7.9389,49.8353],[7.9358,49.8383],[7.9245,49.8326]]]},"properties":{"id":"07133106","name":"Volxheim","subdivision":"Bad Kreuznach","cx":7.927,"cy":49.822}},
{"type":"Feature","geometry":{"type":"Polygon","coordinates":[[[7.4227,49.7478],[7.4314,49.7406],[7.4406,49.7351],[7.4537,49.7446],[7.4642,49.7481],[7.4611,49.7592],[7.4433,49.7658],[7.4343,49.7592],[7.4227,49.7478]]]},"properties":{"id":"07133008","name":"Bärenbach (Bad Kreuznach)","subdivision":"Bad Kreuznach","cx":7.444,"cy":49.751}},
{"type":"Feature","geometry":{"type":"Polygon","coordinates":[[[7.5234,49.7213],[7.521,49.7249],[7.5227,49.7392],[7.5168,49.7443],[7.5066,49.743],[7.4929,49.7511],[7.4757,49.7445],[7.4727,49.7416],[7.4806,49.7379],[7.4908,49.7228],[7.4966,49.7172],[7.4878,49.7113],[7.5024,49.7164],[7.5234,49.7213]]]},"properties":{"id":"07133010","name":"Becherbach bei Kirn","subdivision":"Bad Kreuznach","cx":7.501,"cy":49.732}},
{"type":"Feature","geometry":{"type":"Polygon","coordinates":[[[7.503,49.8197],[7.5113,49.8274],[7.5102,49.8321],[7.4979,49.8379],[7.4835,49.8351],[7.4838,49.8328],[7.4914,49.8282],[7.4858,49.8218],[7.4942,49.8174],[7.5002,49.8199],[7.503,49.8197]]]},"properties":{"id":"07133016","name":"Brauweiler","subdivision":"Bad Kreuznach","cx":7.499,"cy":49.828}},
{"type":"Feature","geometry":{"type":"Polygon","coordinates":[[[7.4329,49.8006],[7.429,49.8096],[7.4234,49.813],[7.4116,49.8156],[7.408,49.8202],[7.3982,49.8201],[7.4009,49.8122],[7.4047,49.8068],[7.4186,49.8001],[7.4251,49.7972],[7.4329,49.8006]]]},"properties":{"id":"07133038","name":"Hahnenbach","subdivision":"Bad Kreuznach","cx":7.416,"cy":49.808}},
{"type":"Feature","geometry":{"type":"Polygon","coordinates":[[[7.4611,49.7592],[7.4642,49.7481],[7.4675,49.7402],[7.4727,49.7416],[7.4757,49.7445],[7.4929,49.7511],[7.5066,49.743],[7.5168,49.7443],[7.5295,49.7482],[7.5323,49.7545],[7.5293,49.7567],[7.5256,49.7585],[7.5065,49.7596],[7.4838,49.7639],[7.478,49.7719],[7.4708,49.7685],[7.4611,49.7592]]]},"properties":{"id":"07133041","name":"Heimweiler","subdivision":"Bad Kreuznach","cx":7.477,"cy":49.756}},
{"type":"Feature","geometry":{"type":"Polygon","coordinates":[[[7.4838,49.8328],[7.4601,49.8226],[7.4622,49.8191],[7.4724,49.8146],[7.4858,49.8218],[7.4914,49.8282],[7.4838,49.8328]]]},"properties":{"id":"07133042","name":"Heinzenberg","subdivision":"Bad Kreuznach","cx":7.476,"cy":49.824}},
{"type":"Feature","geometry":{"type":"Polygon","coordinates":[[[7.4835,49.8351],[7.4804,49.8335],[7.4654,49.8358],[7.4608,49.8421],[7.4473,49.8528],[7.432,49.8452],[7.4244,49.8405],[7.402,49.8234],[7.3968,49.8235],[7.3982,49.8201],[7.408,49.8202],[7.4116,49.8156],[7.4234,49.813],[7.429,49.8096],[7.4394,49.8119],[7.4487,49.8168],[7.4622,49.8191],[7.4601,49.8226],[7.4838,49.8328],[7.4835,49.8351]]]},"properties":{"id":"07133043","name":"Hennweiler","subdivision":"Bad Kreuznach","cx":7.439,"cy":49.829}},
{"type":"Feature","geometry":{"type":"Polygon","coordinates":[[[7.4997,49.785],[7.5134,49.779],[7.527,49.7864],[7.5301,49.791],[7.5299,49.8005],[7.5327,49.805],[7.5239,49.804],[7.5055,49.81],[7.5002,49.8199],[7.4942,49.8174],[7.4858,49.8218],[7.4724,49.8146],[7.4632,49.807],[7.4648,49.8039],[7.4712,49.8008],[7.4802,49.7925],[7.4965,49.7875],[7.4997,49.785]]]},"properties":{"id":"07133046","name":"Hochstetten-Dhaun","subdivision":"Bad Kreuznach","cx":7.497,"cy":49.801}},
{"type":"Feature","geometry":{"type":"Polygon","coordinates":[[[7.503,49.8197],[7.5147,49.8177],[7.5233,49.8241],[7.5243,49.8333],[7.5191,49.8358],[7.5102,49.8321],[7.5113,49.8274],[7.503,49.8197]]]},"properties":{"id":"07133047","name":"Horbach (Bad Kreuznach)","subdivision":"Bad Kreuznach","cx":7.517,"cy":49.826}},
{"type":"Feature","geometry":{"type":"Polygon","coordinates":[[[7.6909,49.8711],[7.6834,49.8764],[7.6735,49.8759],[7.661,49.8695],[7.66,49.8574],[7.675,49.8598],[7.6909,49.8711]]]},"properties":{"id":"07133002","name":"Allenfeld","subdivision":"Bad Kreuznach","cx":7.673,"cy":49.868}},
{"type":"Feature","geometry":{"type":"Polygon","coordinates":[[[7.5416,50.1207],[7.5455,50.1163],[7.5613,50.1147],[7.5655,50.1179],[7.5623,50.1215],[7.5572,50.1262],[7.5416,50.1207]]]},"properties":{"id":"07140098","name":"Mühlpfad","subdivision":"Rhein-Hunsrück-Kreis","cx":7.554,"cy":50.12}},
{"type":"Feature","geometry":{"type":"Polygon","coordinates":[[[7.5626,49.7379],[7.5633,49.7427],[7.5494,49.752],[7.5323,49.7545],[7.5295,49.7482],[7.5168,49.7443],[7.5227,49.7392],[7.521,49.7249],[7.5234,49.7213],[7.5283,49.7129],[7.5276,49.7087],[7.5362,49.714],[7.5407,49.718],[7.5397,49.7241],[7.5626,49.7379]]]},"properties":{"id":"07133059","name":"Limbach (Bad Kreuznach)","subdivision":"Bad Kreuznach","cx":7.538,"cy":49.737}},
{"type":"Feature","geometry":{"type":"Polygon","coordinates":[[[7.478,49.7719],[7.4838,49.7639],[7.5065,49.7596],[7.5256,49.7585],[7.5293,49.7567],[7.533,49.7621],[7.5283,49.7708],[7.5233,49.7709],[7.5134,49.779],[7.4997,49.785],[7.478,49.7719]]]},"properties":{"id":"07133063","name":"Meckenbach (Bad Kreuznach)","subdivision":"Bad Kreuznach","cx":7.506,"cy":49.77}},
{"type":"Feature","geometry":{"type":"Polygon","coordinates":[[[7.4648,49.8039],[7.4632,49.807],[7.4724,49.8146],[7.4622,49.8191],[7.4487,49.8168],[7.4394,49.8119],[7.429,49.8096],[7.4329,49.8006],[7.4445,49.8027],[7.4485,49.7973],[7.4648,49.8039]]]},"properties":{"id":"07133073","name":"Oberhausen bei Kirn","subdivision":"Bad Kreuznach","cx":7.451,"cy":49.809}},
{"type":"Feature","geometry":{"type":"Polygon","coordinates":[[[7.4878,49.7113],[7.4915,49.7027],[7.5058,49.7079],[7.5228,49.7076],[7.5276,49.7087],[7.5283,49.7129],[7.5234,49.7213],[7.5024,49.7164],[7.4878,49.7113]]]},"properties":{"id":"07133077","name":"Otzweiler","subdivision":"Bad Kreuznach","cx":7.515,"cy":49.713}},
{"type":"Feature","geometry":{"type":"Polygon","coordinates":[[[7.5002,49.8199],[7.5055,49.81],[7.5239,49.804],[7.5327,49.805],[7.5361,49.804],[7.5428,49.8056],[7.5393,49.8183],[7.537,49.8338],[7.5413,49.8355],[7.5336,49.8457],[7.5283,49.8412],[7.5127,49.8424],[7.4979,49.8379],[7.5102,49.8321],[7.5191,49.8358],[7.5243,49.8333],[7.5233,49.8241],[7.5147,49.8177],[7.503,49.8197],[7.5002,49.8199]]]},"properties":{"id":"07133096","name":"Simmertal","subdivision":"Bad Kreuznach","cx":7.529,"cy":49.816}},
{"type":"Feature","geometry":{"type":"Polygon","coordinates":[[[7.5336,49.8457],[7.5372,49.86],[7.5394,49.8728],[7.5261,49.8654],[7.5275,49.8591],[7.5171,49.85],[7.5127,49.8424],[7.5283,49.8412],[7.5336,49.8457]]]},"properties":{"id":"07133113","name":"Weitersborn","subdivision":"Bad Kreuznach","cx":7.529,"cy":49.852}},
{"type":"Feature","geometry":{"type":"Polygon","coordinates":[[[7.4244,49.8405],[7.4197,49.8446],[7.3955,49.8396],[7.3913,49.8364],[7.3947,49.8313],[7.3968,49.8235],[7.402,49.8234],[7.4244,49.8405]]]},"properties":{"id":"07133201","name":"Bruschied","subdivision":"Bad Kreuznach","cx":7.405,"cy":49.835}},
{"type":"Feature","geometry":{"type":"Polygon","coordinates":[[[7.4979,49.8379],[7.5127,49.8424],[7.5171,49.85],[7.5041,49.8495],[7.497,49.8611],[7.4942,49.86],[7.4893,49.8521],[7.4786,49.8524],[7.467,49.8558],[7.4642,49.8627],[7.4473,49.8528],[7.4608,49.8421],[7.4654,49.8358],[7.4804,49.8335],[7.4835,49.8351],[7.4979,49.8379]]]},"properties":{"id":"07133202","name":"Kellenbach","subdivision":"Bad Kreuznach","cx":7.481,"cy":49.844}},
{"type":"Feature","geometry":{"type":"Polygon","coordinates":[[[7.4942,49.86],[7.4886,49.8593],[7.4799,49.8644],[7.4684,49.8666],[7.4642,49.8627],[7.467,49.8558],[7.4786,49.8524],[7.4893,49.8521],[7.4942,49.86]]]},"properties":{"id":"07133203","name":"Königsau","subdivision":"Bad Kreuznach","cx":7.478,"cy":49.859}},
{"type":"Feature","geometry":{"type":"Polygon","coordinates":[[[7.4197,49.8446],[7.4256,49.8508],[7.4136,49.8542],[7.4121,49.858],[7.3987,49.8561],[7.3978,49.8481],[7.3884,49.8457],[7.3955,49.8396],[7.4197,49.8446]]]},"properties":{"id":"07133204","name":"Schneppenbach","subdivision":"Bad Kreuznach","cx":7.407,"cy":49.849}},
{"type":"Feature","geometry":{"type":"Polygon","coordinates":[[[7.5394,49.8728],[7.5467,49.8806],[7.5426,49.8921],[7.5397,49.8905],[7.5326,49.8881],[7.5243,49.88],[7.497,49.8611],[7.5041,49.8495],[7.5171,49.85],[7.5275,49.8591],[7.5261,49.8654],[7.5394,49.8728]]]},"properties":{"id":"07133205","name":"Schwarzerden","subdivision":"Bad Kreuznach","cx":7.517,"cy":49.864}},
{"type":"Feature","geometry":{"type":"Polygon","coordinates":[[[7.9194,49.8818],[7.9191,49.8857],[7.9114,49.8824],[7.9003,49.8867],[7.8836,49.8904],[7.8678,49.8887],[7.8625,49.882],[7.8708,49.8746],[7.8821,49.8705],[7.8781,49.8671],[7.8878,49.8634],[7.8969,49.8721],[7.9075,49.8794],[7.9194,49.8818]]]},"properties":{"id":"07133018","name":"Bretzenheim","subdivision":"Bad Kreuznach","cx":7.887,"cy":49.88}},
{"type":"Feature","geometry":{"type":"Polygon","coordinates":[[[7.8648,49.9214],[7.8834,49.9247],[7.8905,49.9301],[7.8765,49.9363],[7.8689,49.9351],[7.8694,49.9273],[7.8555,49.9218],[7.8648,49.9214]]]},"properties":{"id":"07133026","name":"Dorsheim","subdivision":"Bad Kreuznach","cx":7.875,"cy":49.929}},
{"type":"Feature","geometry":{"type":"Polygon","coordinates":[[[7.8625,49.882],[7.8678,49.8887],[7.8836,49.8904],[7.8811,49.8982],[7.8654,49.8983],[7.8582,49.9038],[7.84,49.9077],[7.8349,49.9114],[7.8261,49.9028],[7.8141,49.8987],[7.8133,49.8955],[7.8192,49.8848],[7.8232,49.8732],[7.8325,49.8743],[7.846,49.8683],[7.8517,49.8705],[7.8544,49.8772],[7.8625,49.882]]]},"properties":{"id":"07133035","name":"Guldental","subdivision":"Bad Kreuznach","cx":7.844,"cy":49.89}},
{"type":"Feature","geometry":{"type":"Polygon","coordinates":[[[7.9191,49.8857],[7.9126,49.9038],[7.908,49.9075],[7.9085,49.9129],[7.9048,49.9101],[7.8819,49.9131],[7.8688,49.9177],[7.8648,49.9214],[7.8555,49.9218],[7.8454,49.9157],[7.8329,49.9134],[7.8349,49.9114],[7.84,49.9077],[7.8582,49.9038],[7.8654,49.8983],[7.8811,49.8982],[7.8836,49.8904],[7.9003,49.8867],[7.9114,49.8824],[7.9191,49.8857]]]},"properties":{"id":"07133054","name":"Langenlonsheim","subdivision":"Bad Kreuznach","cx":7.891,"cy":49.901}},
{"type":"Feature","geometry":{"type":"Polygon","coordinates":[[[7.8648,49.9214],[7.8688,49.9177],[7.8819,49.9131],[7.9048,49.9101],[7.9085,49.9129],[7.8987,49.9198],[7.8982,49.9304],[7.8905,49.9301],[7.8834,49.9247],[7.8648,49.9214]]]},"properties":{"id":"07133056","name":"Laubenheim","subdivision":"Bad Kreuznach","cx":7.889,"cy":49.92}},
{"type":"Feature","geometry":{"type":"Polygon","coordinates":[[[7.8689,49.9351],[7.8651,49.9389],[7.8464,49.9428],[7.8369,49.94],[7.8379,49.9357],[7.8555,49.9218],[7.8694,49.9273],[7.8689,49.9351]]]},"properties":{"id":"07133087","name":"Rümmelsheim","subdivision":"Bad Kreuznach","cx":7.854,"cy":49.933}},
{"type":"Feature","geometry":{"type":"Polygon","coordinates":[[[7.8349,49.9114],[7.8329,49.9134],[7.818,49.9137],[7.8106,49.9163],[7.7988,49.9127],[7.7871,49.9174],[7.7756,49.9194],[7.7717,49.9183],[7.772,49.9048],[7.7749,49.8997],[7.7869,49.893],[7.7977,49.8922],[7.8034,49.8886],[7.8192,49.8848],[7.8133,49.8955],[7.8141,49.8987],[7.8261,49.9028],[7.8349,49.9114]]]},"properties":{"id":"07133114","name":"Windesheim","subdivision":"Bad Kreuznach","cx":7.8,"cy":49.903}},
{"type":"Feature","geometry":{"type":"Polygon","coordinates":[[[7.6842,49.744],[7.6824,49.7593],[7.665,49.7483],[7.6542,49.7472],[7.6479,49.758],[7.6432,49.7559],[7.6364,49.751],[7.6287,49.7339],[7.6378,49.7364],[7.657,49.739],[7.6689,49.7383],[7.6762,49.7429],[7.6842,49.744]]]},"properties":{"id":"07133001","name":"Abtweiler","subdivision":"Bad Kreuznach","cx":7.646,"cy":49.745}},
{"type":"Feature","geometry":{"type":"Polygon","coordinates":[[[7.6977,49.6694],[7.6859,49.6668],[7.6803,49.6728],[7.6777,49.6813],[7.6736,49.6857],[7.6635,49.6841],[7.6648,49.6736],[7.6715,49.6705],[7.6663,49.6656],[7.6667,49.6598],[7.6573,49.6559],[7.6582,49.6478],[7.6527,49.6455],[7.6553,49.6396],[7.6637,49.636],[7.6697,49.6398],[7.6774,49.6398],[7.6972,49.651],[7.7033,49.6525],[7.7125,49.6667],[7.6977,49.6694]]]},"properties":{"id":"07133011","name":"Becherbach","subdivision":"Bad Kreuznach","cx":7.679,"cy":49.658}},
{"type":"Feature","geometry":{"type":"Polygon","coordinates":[[[7.5407,49.718],[7.5362,49.714],[7.5397,49.7025],[7.5479,49.6928],[7.5554,49.6916],[7.5783,49.6925],[7.5903,49.6948],[7.5922,49.7024],[7.582,49.7144],[7.5684,49.7047],[7.5533,49.7064],[7.5469,49.7153],[7.5407,49.718]]]},"properties":{"id":"07133092","name":"Schweinschied","subdivision":"Bad Kreuznach","cx":7.577,"cy":49.701}},
{"type":"Feature","geometry":{"type":"Polygon","coordinates":[[[7.6909,49.8711],[7.7034,49.8732],[7.7125,49.8729],[7.7182,49.8775],[7.7124,49.8846],[7.7108,49.8862],[7.7068,49.8926],[7.6982,49.8904],[7.6912,49.8946],[7.6806,49.8919],[7.689,49.8868],[7.6834,49.8764],[7.6909,49.8711]]]},"properties":{"id":"07133004","name":"Argenschwang","subdivision":"Bad Kreuznach","cx":7.699,"cy":49.882}},
{"type":"Feature","geometry":{"type":"Polygon","coordinates":[[[7.66,49.8574],[7.6574,49.8555],[7.6476,49.8494],[7.649,49.8409],[7.6452,49.8388],[7.6614,49.8303],[7.6586,49.8249],[7.6683,49.8246],[7.6764,49.8304],[7.681,49.828],[7.6929,49.8299],[7.6917,49.8313],[7.7019,49.8363],[7.6974,49.8431],[7.687,49.8466],[7.6868,49.8531],[7.675,49.8598],[7.66,49.8574]]]},"properties":{"id":"07133013","name":"Bockenau","subdivision":"Bad Kreuznach","cx":7.672,"cy":49.843}},
{"type":"Feature","geometry":{"type":"Polygon","coordinates":[[[7.704,49.7948],[7.7025,49.794],[7.7226,49.7853],[7.722,49.7925],[7.7293,49.7996],[7.7236,49.8025],[7.7119,49.7928],[7.704,49.7948]]]},"properties":{"id":"07133014","name":"Boos (Bad Kreuznach)","subdivision":"Bad Kreuznach","cx":7.718,"cy":49.793}},
{"type":"Feature","geometry":{"type":"Polygon","coordinates":[[[7.7125,49.8729],[7.7066,49.8688],[7.7426,49.862],[7.7566,49.8638],[7.7568,49.8737],[7.7387,49.8763],[7.7288,49.881],[7.7182,49.8775],[7.7125,49.8729]]]},"properties":{"id":"07133015","name":"Braunweiler","subdivision":"Bad Kreuznach","cx":7.734,"cy":49.871}},
{"type":"Feature","geometry":{"type":"Polygon","coordinates":[[[7.6929,49.8299],[7.7151,49.83],[7.7215,49.8326],[7.7136,49.838],[7.6917,49.8313],[7.6929,49.8299]]]},"properties":{"id":"07133019","name":"Burgsponheim","subdivision":"Bad Kreuznach","cx":7.71,"cy":49.833}},
{"type":"Feature","geometry":{"type":"Polygon","coordinates":[[[7.7124,49.8846],[7.7196,49.8843],[7.7387,49.8874],[7.7443,49.8969],[7.7261,49.9028],[7.7198,49.8898],[7.7108,49.8862],[7.7124,49.8846]]]},"properties":{"id":"07133021","name":"Dalberg","subdivision":"Bad Kreuznach","cx":7.729,"cy":49.893}},
{"type":"Feature","geometry":{"type":"Polygon","coordinates":[[[7.7641,49.7435],[7.7665,49.7444],[7.7578,49.7589],[7.7662,49.7641],[7.7727,49.7709],[7.7546,49.7673],[7.7507,49.7735],[7.7514,49.7827],[7.7447,49.7909],[7.7333,49.7984],[7.7346,49.8011],[7.7293,49.7996],[7.722,49.7925],[7.7226,49.7853],[7.7178,49.7759],[7.7237,49.7693],[7.7342,49.7695],[7.742,49.7622],[7.7423,49.7554],[7.7513,49.7482],[7.7641,49.7435]]]},"properties":{"id":"07133027","name":"Duchroth","subdivision":"Bad Kreuznach","cx":7.739,"cy":49.78}},
{"type":"Feature","geometry":{"type":"Polygon","coordinates":[[[7.6735,49.8759],[7.6645,49.8847],[7.6539,49.8838],[7.6412,49.8871],[7.6474,49.8814],[7.6501,49.873],[7.661,49.8695],[7.6735,49.8759]]]},"properties":{"id":"07133033","name":"Gebroth","subdivision":"Bad Kreuznach","cx":7.659,"cy":49.878}},
{"type":"Feature","geometry":{"type":"Polygon","coordinates":[[[7.8192,49.8848],[7.8034,49.8886],[7.7977,49.8922],[7.7869,49.893],[7.7924,49.8911],[7.7917,49.8816],[7.7886,49.8779],[7.8016,49.8717],[7.8206,49.8692],[7.8232,49.8732],[7.8192,49.8848]]]},"properties":{"id":"07133036","name":"Gutenberg","subdivision":"Bad Kreuznach","cx":7.806,"cy":49.88}},
{"type":"Feature","geometry":{"type":"Polygon","coordinates":[[[7.846,49.8683],[7.8325,49.8743],[7.8232,49.8732],[7.8206,49.8692],[7.8191,49.8657],[7.8227,49.855],[7.8272,49.8551],[7.8347,49.862],[7.846,49.8683]]]},"properties":{"id":"07133040","name":"Hargesheim","subdivision":"Bad Kreuznach","cx":7.829,"cy":49.866}},
{"type":"Feature","geometry":{"type":"Polygon","coordinates":[[[7.7717,49.9183],[7.7477,49.9139],[7.7298,49.9164],[7.7285,49.9195],[7.7365,49.9241],[7.7289,49.9273],[7.7158,49.9228],[7.7128,49.9122],[7.7278,49.908],[7.7457,49.9042],[7.752,49.9052],[7.7645,49.8997],[7.7749,49.8997],[7.772,49.9048],[7.7717,49.9183]]]},"properties":{"id":"07133044","name":"Hergenfeld","subdivision":"Bad Kreuznach","cx":7.761,"cy":49.909}},
{"type":"Feature","geometry":{"type":"Polygon","coordinates":[[[7.8149,49.8384],[7.8134,49.8406],[7.7952,49.8391],[7.7975,49.8319],[7.7755,49.8239],[7.771,49.8167],[7.7592,49.8163],[7.761,49.8021],[7.7697,49.8063],[7.7761,49.812],[7.7933,49.814],[7.7993,49.8165],[7.8103,49.8249],[7.8124,49.8312],[7.8149,49.8384]]]},"properties":{"id":"07133048","name":"Hüffelsheim","subdivision":"Bad Kreuznach","cx":7.789,"cy":49.822}},
{"type":"Feature","geometry":{"type":"Polygon","coordinates":[[[7.7426,49.862],[7.7453,49.8513],[7.7493,49.8533],[7.766,49.8437],[7.7755,49.8431],[7.7819,49.8462],[7.7977,49.8493],[7.8044,49.8523],[7.79,49.8576],[7.7794,49.8592],[7.7746,49.8647],[7.7566,49.8638],[7.7426,49.862]]]},"properties":{"id":"07133061","name":"Mandel","subdivision":"Bad Kreuznach","cx":7.77,"cy":49.854}},
{"type":"Feature","geometry":{"type":"Polygon","coordinates":[[[7.6912,49.8946],[7.6907,49.8971],[7.6777,49.9014],[7.6695,49.9006],[7.665,49.8961],[7.6719,49.8927],[7.6806,49.8919],[7.6912,49.8946]]]},"properties":{"id":"07133068","name":"Münchwald","subdivision":"Bad Kreuznach","cx":7.678,"cy":49.896}},
{"type":"Feature","geometry":{"type":"Polygon","coordinates":[[[7.7875,49.8073],[7.7933,49.814],[7.7761,49.812],[7.7697,49.8063],[7.761,49.8021],[7.7553,49.7961],[7.7632,49.7898],[7.779,49.79],[7.7831,49.785],[7.7964,49.7866],[7.8014,49.7921],[7.787,49.8],[7.7875,49.8073]]]},"properties":{"id":"07133070","name":"Niederhausen","subdivision":"Bad Kreuznach","cx":7.778,"cy":49.799}},
{"type":"Feature","geometry":{"type":"Polygon","coordinates":[[[7.825,49.8157],[7.8122,49.8165],[7.8033,49.8141],[7.7993,49.8165],[7.7933,49.814],[7.7875,49.8073],[7.8036,49.8002],[7.8211,49.8075],[7.825,49.8157]]]},"properties":{"id":"07133071","name":"Norheim","subdivision":"Bad Kreuznach","cx":7.806,"cy":49.809}},
{"type":"Feature","geometry":{"type":"Polygon","coordinates":[[[7.7632,49.7898],[7.7553,49.7961],[7.7371,49.8026],[7.7346,49.8011],[7.7333,49.7984],[7.7447,49.7909],[7.7514,49.7827],[7.7507,49.7735],[7.7546,49.7673],[7.7727,49.7709],[7.7682,49.7708],[7.7564,49.7774],[7.7632,49.7898]]]},"properties":{"id":"07133074","name":"Oberhausen an der Nahe","subdivision":"Bad Kreuznach","cx":7.754,"cy":49.788}},
{"type":"Feature","geometry":{"type":"Polygon","coordinates":[[[7.704,49.7948],[7.7011,49.8022],[7.6859,49.7984],[7.6895,49.7954],[7.7025,49.794],[7.704,49.7948]]]},"properties":{"id":"07133075","name":"Oberstreit","subdivision":"Bad Kreuznach","cx":7.697,"cy":49.798}},
{"type":"Feature","geometry":{"type":"Polygon","coordinates":[[[7.8272,49.8551],[7.8227,49.855],[7.8191,49.8657],[7.8206,49.8692],[7.8016,49.8717],[7.7933,49.8716],[7.7728,49.8784],[7.7705,49.8744],[7.7837,49.8704],[7.7746,49.8647],[7.7794,49.8592],[7.79,49.8576],[7.8044,49.8523],[7.8194,49.8547],[7.8271,49.8515],[7.8272,49.8551]]]},"properties":{"id":"07133086","name":"Roxheim","subdivision":"Bad Kreuznach","cx":7.799,"cy":49.863}},
{"type":"Feature","geometry":{"type":"Polygon","coordinates":[[[7.7566,49.8638],[7.7746,49.8647],[7.7837,49.8704],[7.7705,49.8744],[7.7568,49.8737],[7.7566,49.8638]]]},"properties":{"id":"07133088","name":"Sankt Katharinen","subdivision":"Bad Kreuznach","cx":7.768,"cy":49.869}},
{"type":"Feature","geometry":{"type":"Polygon","coordinates":[[[7.7592,49.8163],[7.7589,49.8273],[7.7537,49.8276],[7.7491,49.8203],[7.7499,49.816],[7.739,49.8156],[7.7384,49.8116],[7.726,49.8097],[7.7298,49.8032],[7.7371,49.8026],[7.7553,49.7961],[7.761,49.8021],[7.7592,49.8163]]]},"properties":{"id":"07133089","name":"Schloßböckelheim","subdivision":"Bad Kreuznach","cx":7.748,"cy":49.808}},
{"type":"Feature","geometry":{"type":"Polygon","coordinates":[[[7.7568,49.8737],[7.7705,49.8744],[7.7728,49.8784],[7.7619,49.8832],[7.7406,49.8835],[7.7288,49.881],[7.7387,49.8763],[7.7568,49.8737]]]},"properties":{"id":"07133098","name":"Sommerloch","subdivision":"Bad Kreuznach","cx":7.753,"cy":49.879}},
{"type":"Feature","geometry":{"type":"Polygon","coordinates":[[[7.7108,49.8862],[7.7198,49.8898],[7.7261,49.9028],[7.7278,49.908],[7.7128,49.9122],[7.7158,49.9228],[7.7289,49.9273],[7.7277,49.9307],[7.717,49.9318],[7.6961,49.9307],[7.682,49.9312],[7.6691,49.9246],[7.6624,49.9232],[7.6536,49.916],[7.6628,49.91],[7.6695,49.9006],[7.6777,49.9014],[7.6907,49.8971],[7.6912,49.8946],[7.6982,49.8904],[7.7068,49.8926],[7.7108,49.8862]]]},"properties":{"id":"07133099","name":"Spabrücken","subdivision":"Bad Kreuznach","cx":7.695,"cy":49.912}},
{"type":"Feature","geometry":{"type":"Polygon","coordinates":[[[7.6834,49.8764],[7.689,49.8868],[7.6806,49.8919],[7.6719,49.8927],[7.665,49.8961],[7.6695,49.9006],[7.6628,49.91],[7.6536,49.916],[7.6624,49.9232],[7.6509,49.9286],[7.6308,49.935],[7.6187,49.926],[7.6207,49.9203],[7.6282,49.9135],[7.6338,49.9034],[7.6355,49.8943],[7.6412,49.8871],[7.6539,49.8838],[7.6645,49.8847],[7.6735,49.8759],[7.6834,49.8764]]]},"properties":{"id":"07133100","name":"Spall","subdivision":"Bad Kreuznach","cx":7.649,"cy":49.903}},
{"type":"Feature","geometry":{"type":"Polygon","coordinates":[[[7.675,49.8598],[7.6868,49.8531],[7.687,49.8466],[7.6974,49.8431],[7.7019,49.8363],[7.6917,49.8313],[7.7136,49.838],[7.7215,49.8326],[7.732,49.8316],[7.7391,49.8361],[7.7457,49.8452],[7.7453,49.8513],[7.7426,49.862],[7.7066,49.8688],[7.7125,49.8729],[7.7034,49.8732],[7.6909,49.8711],[7.675,49.8598]]]},"properties":{"id":"07133101","name":"Sponheim","subdivision":"Bad Kreuznach","cx":7.714,"cy":49.853}},
{"type":"Feature","geometry":{"type":"Polygon","coordinates":[[[7.8124,49.8312],[7.8103,49.8249],[7.7993,49.8165],[7.8033,49.8141],[7.8122,49.8165],[7.825,49.8157],[7.8359,49.8134],[7.8399,49.8196],[7.8363,49.8234],[7.8266,49.8247],[7.8124,49.8312]]]},"properties":{"id":"07133105","name":"Traisen","subdivision":"Bad Kreuznach","cx":7.82,"cy":49.822}},
{"type":"Feature","geometry":{"type":"Polygon","coordinates":[[[7.5361,49.804],[7.5393,49.8004],[7.5476,49.802],[7.5428,49.8056],[7.5361,49.804]]]},"properties":{"id":"07133062","name":"Martinstein","subdivision":"Bad Kreuznach","cx":7.542,"cy":49.803}},
{"type":"Feature","geometry":{"type":"Polygon","coordinates":[[[7.5695,49.7741],[7.597,49.7664],[7.5893,49.7603],[7.595,49.7529],[7.6011,49.7499],[7.6145,49.7536],[7.6179,49.7591],[7.6258,49.7617],[7.6381,49.7614],[7.6376,49.7769],[7.6303,49.7832],[7.6201,49.7868],[7.6113,49.7883],[7.5967,49.7913],[7.5868,49.7905],[7.5872,49.7845],[7.5766,49.7815],[7.5695,49.7741]]]},"properties":{"id":"07133064","name":"Meddersheim","subdivision":"Bad Kreuznach","cx":7.609,"cy":49.774}},
{"type":"Feature","geometry":{"type":"Polygon","coordinates":[[[6.9686,50.2453],[6.9701,50.2448],[6.9712,50.2444],[6.9809,50.2499],[6.9819,50.2589],[6.977,50.2603],[6.9665,50.2512],[6.9686,50.2453]]]},"properties":{"id":"07233213","name":"Gunderath","subdivision":"Vulkaneifel","cx":6.975,"cy":50.252}},
{"type":"Feature","geometry":{"type":"Polygon","coordinates":[[[7.6452,49.8388],[7.6371,49.8276],[7.652,49.8276],[7.6555,49.8248],[7.6679,49.8218],[7.6642,49.808],[7.6727,49.8099],[7.6828,49.8009],[7.6859,49.7984],[7.7011,49.8022],[7.704,49.7948],[7.7119,49.7928],[7.7236,49.8025],[7.7293,49.7996],[7.7346,49.8011],[7.7371,49.8026],[7.7298,49.8032],[7.726,49.8097],[7.7384,49.8116],[7.739,49.8156],[7.7499,49.816],[7.7491,49.8203],[7.7537,49.8276],[7.744,49.8283],[7.732,49.8316],[7.7215,49.8326],[7.7151,49.83],[7.6929,49.8299],[7.681,49.828],[7.6764,49.8304],[7.6683,49.8246],[7.6586,49.8249],[7.6614,49.8303],[7.6452,49.8388]]]},"properties":{"id":"07133107","name":"Waldböckelheim","subdivision":"Bad Kreuznach","cx":7.704,"cy":49.816}},
{"type":"Feature","geometry":{"type":"Polygon","coordinates":[[[7.7749,49.8997],[7.7645,49.8997],[7.752,49.9052],[7.7457,49.9042],[7.7278,49.908],[7.7261,49.9028],[7.7443,49.8969],[7.7387,49.8874],[7.7196,49.8843],[7.7124,49.8846],[7.7182,49.8775],[7.7288,49.881],[7.7406,49.8835],[7.7619,49.8832],[7.7728,49.8784],[7.7933,49.8716],[7.8016,49.8717],[7.7886,49.8779],[7.7917,49.8816],[7.7924,49.8911],[7.7869,49.893],[7.7749,49.8997]]]},"properties":{"id":"07133109","name":"Wallhausen","subdivision":"Bad Kreuznach","cx":7.759,"cy":49.892}},
{"type":"Feature","geometry":{"type":"Polygon","coordinates":[[[7.7952,49.8391],[7.7825,49.8428],[7.7819,49.8462],[7.7755,49.8431],[7.766,49.8437],[7.7493,49.8533],[7.7453,49.8513],[7.7457,49.8452],[7.7391,49.8361],[7.732,49.8316],[7.744,49.8283],[7.7537,49.8276],[7.7589,49.8273],[7.7592,49.8163],[7.771,49.8167],[7.7755,49.8239],[7.7975,49.8319],[7.7952,49.8391]]]},"properties":{"id":"07133112","name":"Weinsheim (Bad Kreuznach)","subdivision":"Bad Kreuznach","cx":7.767,"cy":49.834}},
{"type":"Feature","geometry":{"type":"Polygon","coordinates":[[[7.6412,49.8871],[7.6355,49.8943],[7.6338,49.9034],[7.6282,49.9135],[7.6207,49.9203],[7.6187,49.926],[7.595,49.9176],[7.5868,49.9126],[7.5822,49.9084],[7.6007,49.896],[7.6065,49.8877],[7.6095,49.8783],[7.6165,49.8735],[7.6193,49.876],[7.6364,49.8712],[7.638,49.8685],[7.6501,49.873],[7.6474,49.8814],[7.6412,49.8871]]]},"properties":{"id":"07133115","name":"Winterbach","subdivision":"Bad Kreuznach","cx":7.618,"cy":49.897}},
{"type":"Feature","geometry":{"type":"Polygon","coordinates":[[[7.8271,49.8515],[7.8194,49.8547],[7.8044,49.8523],[7.7977,49.8493],[7.7819,49.8462],[7.7825,49.8428],[7.7952,49.8391],[7.8134,49.8406],[7.8149,49.8384],[7.8272,49.8436],[7.8271,49.8515]]]},"properties":{"id":"07133117","name":"Rüdesheim","subdivision":"Bad Kreuznach","cx":7.812,"cy":49.847}},
{"type":"Feature","geometry":{"type":"Polygon","coordinates":[[[7.5835,49.8259],[7.5997,49.8219],[7.6137,49.8319],[7.6083,49.8372],[7.5988,49.8393],[7.5851,49.8334],[7.5835,49.8259]]]},"properties":{"id":"07133005","name":"Auen","subdivision":"Bad Kreuznach","cx":7.598,"cy":49.831}},
{"type":"Feature","geometry":{"type":"Polygon","coordinates":[[[7.5813,49.7284],[7.596,49.731],[7.6183,49.7418],[7.6208,49.7508],[7.6145,49.7536],[7.6011,49.7499],[7.5916,49.7466],[7.5745,49.7454],[7.5664,49.7361],[7.5753,49.7271],[7.5813,49.7284]]]},"properties":{"id":"07133009","name":"Bärweiler","subdivision":"Bad Kreuznach","cx":7.594,"cy":49.739}},
{"type":"Feature","geometry":{"type":"Polygon","coordinates":[[[7.6476,49.8494],[7.6391,49.8474],[7.6297,49.8542],[7.6248,49.8523],[7.6241,49.834],[7.6277,49.8318],[7.6404,49.8387],[7.6452,49.8388],[7.649,49.8409],[7.6476,49.8494]]]},"properties":{"id":"07133022","name":"Daubach (Bad Kreuznach)","subdivision":"Bad Kreuznach","cx":7.634,"cy":49.843}},
{"type":"Feature","geometry":{"type":"Polygon","coordinates":[[[7.6165,49.8735],[7.6113,49.8714],[7.6073,49.8621],[7.6214,49.8606],[7.6333,49.8625],[7.638,49.8685],[7.6364,49.8712],[7.6193,49.876],[7.6165,49.8735]]]},"properties":{"id":"07133050","name":"Ippenschied","subdivision":"Bad Kreuznach","cx":7.622,"cy":49.867}},
{"type":"Feature","geometry":{"type":"Polygon","coordinates":[[[7.5664,49.7361],[7.5745,49.7454],[7.5916,49.7466],[7.6011,49.7499],[7.595,49.7529],[7.5893,49.7603],[7.597,49.7664],[7.5695,49.7741],[7.5676,49.768],[7.5494,49.752],[7.5633,49.7427],[7.5626,49.7379],[7.5664,49.7361]]]},"properties":{"id":"07133053","name":"Kirschroth","subdivision":"Bad Kreuznach","cx":7.575,"cy":49.757}},
{"type":"Feature","geometry":{"type":"Polygon","coordinates":[[[7.5988,49.8393],[7.5759,49.8341],[7.5655,49.8388],[7.5625,49.8313],[7.5573,49.8266],[7.5597,49.823],[7.5731,49.8218],[7.5835,49.8259],[7.5851,49.8334],[7.5988,49.8393]]]},"properties":{"id":"07133055","name":"Langenthal","subdivision":"Bad Kreuznach","cx":7.572,"cy":49.829}},
{"type":"Feature","geometry":{"type":"Polygon","coordinates":[[[7.6287,49.7339],[7.6364,49.751],[7.6432,49.7559],[7.6381,49.7614],[7.6258,49.7617],[7.6179,49.7591],[7.6145,49.7536],[7.6208,49.7508],[7.6183,49.7418],[7.596,49.731],[7.5813,49.7284],[7.5831,49.7261],[7.6084,49.7321],[7.6287,49.7339]]]},"properties":{"id":"07133057","name":"Lauschied","subdivision":"Bad Kreuznach","cx":7.628,"cy":49.75}},
{"type":"Feature","geometry":{"type":"Polygon","coordinates":[[[7.5323,49.7545],[7.5494,49.752],[7.5676,49.768],[7.5695,49.7741],[7.5766,49.7815],[7.5872,49.7845],[7.5868,49.7905],[7.572,49.7946],[7.569,49.798],[7.5619,49.802],[7.5476,49.802],[7.5393,49.8004],[7.5361,49.804],[7.5327,49.805],[7.5299,49.8005],[7.5301,49.791],[7.527,49.7864],[7.5134,49.779],[7.5233,49.7709],[7.5283,49.7708],[7.533,49.7621],[7.5293,49.7567],[7.5323,49.7545]]]},"properties":{"id":"07133066","name":"Merxheim","subdivision":"Bad Kreuznach","cx":7.549,"cy":49.78}},
{"type":"Feature","geometry":{"type":"Polygon","coordinates":[[[7.6113,49.7883],[7.6032,49.7945],[7.6071,49.8024],[7.6181,49.8119],[7.6168,49.8198],[7.6235,49.8252],[7.6223,49.8288],[7.6137,49.8319],[7.5997,49.8219],[7.5835,49.8259],[7.5731,49.8218],[7.5597,49.823],[7.5628,49.8151],[7.5754,49.8158],[7.5693,49.8083],[7.569,49.798],[7.572,49.7946],[7.5868,49.7905],[7.5967,49.7913],[7.6113,49.7883]]]},"properties":{"id":"07133067","name":"Monzingen","subdivision":"Bad Kreuznach","cx":7.592,"cy":49.809}},
{"type":"Feature","geometry":{"type":"Polygon","coordinates":[[[7.6201,49.7868],[7.6318,49.7981],[7.6293,49.8142],[7.6257,49.8169],[7.6371,49.8276],[7.6452,49.8388],[7.6404,49.8387],[7.6277,49.8318],[7.6223,49.8288],[7.6235,49.8252],[7.6168,49.8198],[7.6181,49.8119],[7.6071,49.8024],[7.6032,49.7945],[7.6113,49.7883],[7.6201,49.7868]]]},"properties":{"id":"07133072","name":"Nußbaum","subdivision":"Bad Kreuznach","cx":7.622,"cy":49.803}},
{"type":"Feature","geometry":{"type":"Polygon","coordinates":[[[7.7143,49.7407],[7.7173,49.7472],[7.7314,49.749],[7.7443,49.7454],[7.7513,49.7482],[7.7423,49.7554],[7.742,49.7622],[7.7342,49.7695],[7.7237,49.7693],[7.7178,49.7759],[7.7079,49.7822],[7.6928,49.775],[7.6906,49.7649],[7.6824,49.7593],[7.6842,49.744],[7.7036,49.746],[7.7143,49.7407]]]},"properties":{"id":"07133076","name":"Odernheim am Glan","subdivision":"Bad Kreuznach","cx":7.711,"cy":49.761}},
{"type":"Feature","geometry":{"type":"Polygon","coordinates":[[[7.6574,49.8555],[7.6448,49.8601],[7.6371,49.8589],[7.6333,49.8625],[7.6214,49.8606],[7.6248,49.8523],[7.6297,49.8542],[7.6391,49.8474],[7.6476,49.8494],[7.6574,49.8555]]]},"properties":{"id":"07133082","name":"Rehbach","subdivision":"Bad Kreuznach","cx":7.639,"cy":49.854}},
{"type":"Feature","geometry":{"type":"Polygon","coordinates":[[[7.5413,49.8355],[7.543,49.832],[7.5573,49.8266],[7.5625,49.8313],[7.5655,49.8388],[7.5656,49.8539],[7.5523,49.8552],[7.5428,49.8611],[7.5372,49.86],[7.5336,49.8457],[7.5413,49.8355]]]},"properties":{"id":"07133094","name":"Seesbach","subdivision":"Bad Kreuznach","cx":7.55,"cy":49.844}},
{"type":"Feature","geometry":{"type":"Polygon","coordinates":[[[7.6824,49.7593],[7.6906,49.7649],[7.6928,49.775],[7.7079,49.7822],[7.7178,49.7759],[7.7226,49.7853],[7.7025,49.794],[7.6895,49.7954],[7.6859,49.7984],[7.6828,49.8009],[7.6842,49.7955],[7.6806,49.789],[7.6751,49.7861],[7.6724,49.7786],[7.6654,49.78],[7.6637,49.7678],[7.6589,49.7618],[7.6479,49.758],[7.6542,49.7472],[7.665,49.7483],[7.6824,49.7593]]]},"properties":{"id":"07133102","name":"Staudernheim","subdivision":"Bad Kreuznach","cx":7.682,"cy":49.774}},
{"type":"Feature","geometry":{"type":"Polygon","coordinates":[[[7.5428,49.8056],[7.5476,49.802],[7.5619,49.802],[7.569,49.798],[7.5693,49.8083],[7.5754,49.8158],[7.5628,49.8151],[7.5597,49.823],[7.5573,49.8266],[7.543,49.832],[7.5413,49.8355],[7.537,49.8338],[7.5393,49.8183],[7.5428,49.8056]]]},"properties":{"id":"07133111","name":"Weiler bei Monzingen","subdivision":"Bad Kreuznach","cx":7.552,"cy":49.815}},
{"type":"Feature","geometry":{"type":"Polygon","coordinates":[[[7.661,49.8695],[7.6501,49.873],[7.638,49.8685],[7.6333,49.8625],[7.6371,49.8589],[7.6448,49.8601],[7.6574,49.8555],[7.66,49.8574],[7.661,49.8695]]]},"properties":{"id":"07133116","name":"Winterburg","subdivision":"Bad Kreuznach","cx":7.649,"cy":49.865}},
{"type":"Feature","geometry":{"type":"MultiPolygon","coordinates":[[[[7.5372,49.86],[7.5428,49.8611],[7.5523,49.8552],[7.5656,49.8539],[7.5655,49.8388],[7.5759,49.8341],[7.5988,49.8393],[7.6083,49.8372],[7.6137,49.8319],[7.6223,49.8288],[7.6277,49.8318],[7.6241,49.834],[7.6248,49.8523],[7.6214,49.8606],[7.6073,49.8621],[7.6113,49.8714],[7.6165,49.8735],[7.6095,49.8783],[7.6065,49.8877],[7.6007,49.896],[7.5822,49.9084],[7.5726,49.8997],[7.5673,49.8976],[7.5451,49.8962],[7.5426,49.8921],[7.5467,49.8806],[7.5394,49.8728],[7.5372,49.86]]],[[[7.6479,49.758],[7.6589,49.7618],[7.6637,49.7678],[7.6654,49.78],[7.6724,49.7786],[7.6751,49.7861],[7.6806,49.789],[7.6842,49.7955],[7.6828,49.8009],[7.6727,49.8099],[7.6642,49.808],[7.6679,49.8218],[7.6555,49.8248],[7.652,49.8276],[7.6371,49.8276],[7.6257,49.8169],[7.6293,49.8142],[7.6318,49.7981],[7.6201,49.7868],[7.6303,49.7832],[7.6376,49.7769],[7.6381,49.7614],[7.6432,49.7559],[7.6479,49.758]]]]},"properties":{"id":"07133501","name":"Bad Sobernheim","subdivision":"Bad Kreuznach","cx":7.584,"cy":49.869}},
{"type":"Feature","geometry":{"type":"Polygon","coordinates":[[[7.7697,49.9797],[7.7706,49.9821],[7.7623,49.9878],[7.7584,49.994],[7.7392,49.9998],[7.7346,49.9987],[7.7292,49.9973],[7.7085,49.9976],[7.6873,50.001],[7.6864,49.9961],[7.702,49.9853],[7.7071,49.9797],[7.7224,49.9723],[7.7342,49.9631],[7.7393,49.9627],[7.7514,49.956],[7.7623,49.9647],[7.7697,49.9651],[7.7647,49.9736],[7.7697,49.9797]]]},"properties":{"id":"07133023","name":"Daxweiler","subdivision":"Bad Kreuznach","cx":7.736,"cy":49.982}},
{"type":"Feature","geometry":{"type":"Polygon","coordinates":[[[7.7277,49.9307],[7.7273,49.9327],[7.7083,49.935],[7.6981,49.939],[7.7164,49.9416],[7.7395,49.941],[7.7567,49.9409],[7.7675,49.9446],[7.7547,49.9541],[7.7386,49.9491],[7.731,49.9496],[7.7217,49.9562],[7.7116,49.9516],[7.6922,49.9523],[7.6608,49.943],[7.6621,49.9399],[7.6509,49.9286],[7.6624,49.9232],[7.6691,49.9246],[7.682,49.9312],[7.6961,49.9307],[7.717,49.9318],[7.7277,49.9307]]]},"properties":{"id":"07133025","name":"Dörrebach","subdivision":"Bad Kreuznach","cx":7.69,"cy":49.942}},
{"type":"Feature","geometry":{"type":"Polygon","coordinates":[[[7.7709,49.9262],[7.7791,49.9216],[7.7885,49.9215],[7.79,49.9311],[7.7823,49.9317],[7.7709,49.9262]]]},"properties":{"id":"07133028","name":"Eckenroth","subdivision":"Bad Kreuznach","cx":7.782,"cy":49.926}},
{"type":"Feature","geometry":{"type":"Polygon","coordinates":[[[7.8018,49.938],[7.8049,49.9481],[7.7947,49.9483],[7.7913,49.9435],[7.797,49.9394],[7.8018,49.938]]]},"properties":{"id":"07133085","name":"Roth (Bad Kreuznach)","subdivision":"Bad Kreuznach","cx":7.799,"cy":49.944}},
{"type":"Feature","geometry":{"type":"Polygon","coordinates":[[[7.7756,49.9194],[7.7662,49.9262],[7.7576,49.9305],[7.7508,49.9306],[7.7494,49.9364],[7.74,49.9371],[7.7395,49.941],[7.7164,49.9416],[7.6981,49.939],[7.7083,49.935],[7.7273,49.9327],[7.7277,49.9307],[7.7289,49.9273],[7.7365,49.9241],[7.7285,49.9195],[7.7298,49.9164],[7.7477,49.9139],[7.7717,49.9183],[7.7756,49.9194]]]},"properties":{"id":"07133091","name":"Schöneberg (Bad Kreuznach)","subdivision":"Bad Kreuznach","cx":7.745,"cy":49.925}},
{"type":"Feature","geometry":{"type":"Polygon","coordinates":[[[7.8106,49.9163],[7.8034,49.9297],[7.7905,49.9352],[7.79,49.9311],[7.7885,49.9215],[7.7791,49.9216],[7.7709,49.9262],[7.7662,49.9262],[7.7756,49.9194],[7.7871,49.9174],[7.7988,49.9127],[7.8106,49.9163]]]},"properties":{"id":"07133093","name":"Schweppenhausen","subdivision":"Bad Kreuznach","cx":7.796,"cy":49.922}},
{"type":"Feature","geometry":{"type":"Polygon","coordinates":[[[7.7071,49.9797],[7.6822,49.977],[7.6702,49.9703],[7.6671,49.9692],[7.669,49.9593],[7.6586,49.9535],[7.6578,49.9454],[7.6608,49.943],[7.6922,49.9523],[7.7116,49.9516],[7.7217,49.9562],[7.731,49.9496],[7.7386,49.9491],[7.7547,49.9541],[7.7514,49.956],[7.7393,49.9627],[7.7342,49.9631],[7.7224,49.9723],[7.7071,49.9797]]]},"properties":{"id":"07133095","name":"Seibersbach","subdivision":"Bad Kreuznach","cx":7.7,"cy":49.964}},
{"type":"Feature","geometry":{"type":"Polygon","coordinates":[[[7.7514,49.956],[7.7547,49.9541],[7.7675,49.9446],[7.7567,49.9409],[7.7395,49.941],[7.74,49.9371],[7.7494,49.9364],[7.7508,49.9306],[7.7576,49.9305],[7.7662,49.9262],[7.7709,49.9262],[7.7823,49.9317],[7.79,49.9311],[7.7905,49.9352],[7.797,49.9394],[7.7913,49.9435],[7.7947,49.9483],[7.788,49.9481],[7.7786,49.9555],[7.7719,49.9572],[7.7697,49.9651],[7.7623,49.9647],[7.7514,49.956]]]},"properties":{"id":"07133103","name":"Stromberg","subdivision":"Bad Kreuznach","cx":7.777,"cy":49.941}},
{"type":"Feature","geometry":{"type":"Polygon","coordinates":[[[7.8555,49.9218],[7.8379,49.9357],[7.8369,49.94],[7.8145,49.9336],[7.8018,49.938],[7.797,49.9394],[7.7905,49.9352],[7.8034,49.9297],[7.8106,49.9163],[7.818,49.9137],[7.8329,49.9134],[7.8454,49.9157],[7.8555,49.9218]]]},"properties":{"id":"07133108","name":"Waldlaubersheim","subdivision":"Bad Kreuznach","cx":7.826,"cy":49.925}},
{"type":"Feature","geometry":{"type":"Polygon","coordinates":[[[7.7697,49.9651],[7.7719,49.9572],[7.7786,49.9555],[7.788,49.9481],[7.7947,49.9483],[7.8049,49.9481],[7.8218,49.9486],[7.8177,49.9569],[7.803,49.9593],[7.7887,49.9675],[7.7735,49.9732],[7.7697,49.9797],[7.7647,49.9736],[7.7697,49.9651]]]},"properties":{"id":"07133110","name":"Warmsroth","subdivision":"Bad Kreuznach","cx":7.79,"cy":49.958}},
{"type":"Feature","geometry":{"type":"Polygon","coordinates":[[[7.4154,49.7477],[7.4009,49.7386],[7.3888,49.7436],[7.3714,49.7487],[7.365,49.7371],[7.3647,49.7326],[7.3559,49.7229],[7.3424,49.73],[7.3359,49.7368],[7.3378,49.742],[7.3307,49.7484],[7.3326,49.7529],[7.316,49.748],[7.3167,49.74],[7.3031,49.7357],[7.2816,49.7457],[7.2697,49.7544],[7.2531,49.7509],[7.2532,49.7459],[7.2608,49.7455],[7.2653,49.7345],[7.2741,49.7214],[7.2725,49.7119],[7.276,49.7103],[7.2885,49.6985],[7.287,49.6914],[7.2905,49.6836],[7.2888,49.6808],[7.2972,49.6781],[7.2997,49.6735],[7.3131,49.6644],[7.3149,49.6616],[7.3289,49.6591],[7.3387,49.6606],[7.3602,49.6604],[7.3807,49.6661],[7.3906,49.6612],[7.3933,49.6525],[7.4053,49.6505],[7.412,49.653],[7.417,49.6495],[7.4255,49.6493],[7.4257,49.6535],[7.4363,49.657],[7.4462,49.6643],[7.4344,49.6704],[7.4327,49.6786],[7.4248,49.6762],[7.4147,49.6767],[7.4292,49.6915],[7.436,49.6953],[7.4272,49.6969],[7.4109,49.6987],[7.3975,49.7068],[7.4119,49.7153],[7.4137,49.7208],[7.4205,49.7293],[7.4188,49.7325],[7.4314,49.7406],[7.4227,49.7478],[7.4154,49.7477]]]},"properties":{"id":"07134045","name":"Idar-Oberstein","subdivision":"Birkenfeld","cx":7.344,"cy":49.693}},
{"type":"Feature","geometry":{"type":"Polygon","coordinates":[[[7.1116,49.6445],[7.1011,49.6423],[7.0987,49.6453],[7.085,49.6463],[7.0814,49.6535],[7.0699,49.6563],[7.0784,49.6613],[7.0537,49.6762],[7.044,49.6716],[7.052,49.6595],[7.0508,49.6546],[7.0543,49.6547],[7.0678,49.6458],[7.0758,49.6433],[7.0756,49.6381],[7.0851,49.6333],[7.0921,49.6339],[7.1027,49.625],[7.1063,49.615],[7.1112,49.6109],[7.1201,49.6159],[7.1231,49.6227],[7.1195,49.6253],[7.124,49.6313],[7.1345,49.6337],[7.134,49.64],[7.1284,49.6438],[7.1201,49.6472],[7.1116,49.6445]]]},"properties":{"id":"07134015","name":"Brücken","subdivision":"Birkenfeld","cx":7.109,"cy":49.633}},
{"type":"Feature","geometry":{"type":"Polygon","coordinates":[[[7.1284,49.6438],[7.143,49.6495],[7.1327,49.6563],[7.1262,49.6638],[7.1161,49.6662],[7.1165,49.6712],[7.1058,49.6718],[7.0921,49.6856],[7.085,49.6893],[7.0817,49.6793],[7.081,49.6769],[7.0879,49.6623],[7.0936,49.6577],[7.1062,49.6574],[7.1069,49.6522],[7.1129,49.6495],[7.1116,49.6445],[7.1201,49.6472],[7.1284,49.6438]]]},"properties":{"id":"07134016","name":"Buhlenberg","subdivision":"Birkenfeld","cx":7.099,"cy":49.666}},
{"type":"Feature","geometry":{"type":"Polygon","coordinates":[[[7.3131,49.6644],[7.3048,49.6578],[7.3139,49.6553],[7.299,49.6452],[7.2935,49.6389],[7.2978,49.6321],[7.3083,49.6261],[7.3036,49.6216],[7.3133,49.6186],[7.3119,49.6135],[7.3043,49.6065],[7.3028,49.6032],[7.3136,49.595],[7.3125,49.5889],[7.321,49.5867],[7.3263,49.5893],[7.3348,49.5878],[7.3421,49.5817],[7.3408,49.5785],[7.346,49.579],[7.3522,49.5875],[7.363,49.5959],[7.3744,49.5989],[7.3805,49.5948],[7.3846,49.6004],[7.3948,49.5953],[7.4077,49.5948],[7.4155,49.5913],[7.4205,49.5898],[7.4252,49.5924],[7.4367,49.5924],[7.4432,49.5983],[7.4404,49.6075],[7.4489,49.6153],[7.4384,49.6201],[7.4377,49.6323],[7.4339,49.6405],[7.4263,49.6447],[7.4255,49.6493],[7.417,49.6495],[7.412,49.653],[7.4053,49.6505],[7.3933,49.6525],[7.3906,49.6612],[7.3807,49.6661],[7.3602,49.6604],[7.3387,49.6606],[7.3289,49.6591],[7.3149,49.6616],[7.3131,49.6644]]]},"properties":{"id":"07134005","name":"Baumholder","subdivision":"Birkenfeld","cx":7.367,"cy":49.629}},
{"type":"Feature","geometry":{"type":"Polygon","coordinates":[[[7.2413,49.5977],[7.2305,49.5904],[7.2359,49.5911],[7.2416,49.5854],[7.2473,49.587],[7.2586,49.5939],[7.2672,49.5921],[7.2758,49.594],[7.2863,49.6024],[7.2947,49.6043],[7.272,49.6102],[7.2614,49.6104],[7.2541,49.6079],[7.2413,49.5977]]]},"properties":{"id":"07134007","name":"Berglangenbach","subdivision":"Birkenfeld","cx":7.262,"cy":49.601}},
{"type":"Feature","geometry":{"type":"Polygon","coordinates":[[[7.3136,49.595],[7.3015,49.5832],[7.2853,49.5822],[7.2767,49.5761],[7.2638,49.5706],[7.2692,49.5622],[7.2746,49.5611],[7.3074,49.5714],[7.3069,49.5587],[7.3138,49.5568],[7.3246,49.5565],[7.3191,49.5623],[7.322,49.565],[7.3068,49.5745],[7.3057,49.5842],[7.3125,49.5889],[7.3136,49.595]]]},"properties":{"id":"07134008","name":"Berschweiler bei Baumholder","subdivision":"Birkenfeld","cx":7.293,"cy":49.575}},
{"type":"Feature","geometry":{"type":"Polygon","coordinates":[[[7.1116,49.6445],[7.1129,49.6495],[7.1069,49.6522],[7.1062,49.6574],[7.0936,49.6577],[7.0879,49.6623],[7.081,49.6769],[7.0817,49.6793],[7.0768,49.6804],[7.0651,49.6769],[7.0537,49.6762],[7.0784,49.6613],[7.0699,49.6563],[7.0814,49.6535],[7.085,49.6463],[7.0987,49.6453],[7.1011,49.6423],[7.1116,49.6445]]]},"properties":{"id":"07134001","name":"Abentheuer","subdivision":"Birkenfeld","cx":7.077,"cy":49.67}},
{"type":"Feature","geometry":{"type":"Polygon","coordinates":[[[7.0508,49.6546],[7.0419,49.6474],[7.028,49.6394],[7.0506,49.6321],[7.0591,49.6305],[7.0683,49.6238],[7.0796,49.6121],[7.0846,49.6169],[7.1027,49.625],[7.0921,49.6339],[7.0851,49.6333],[7.0756,49.6381],[7.0758,49.6433],[7.0678,49.6458],[7.0543,49.6547],[7.0508,49.6546]]]},"properties":{"id":"07134002","name":"Achtelsbach","subdivision":"Birkenfeld","cx":7.058,"cy":49.64}},
{"type":"Feature","geometry":{"type":"Polygon","coordinates":[[[7.1345,49.6337],[7.1453,49.6264],[7.1537,49.6233],[7.1604,49.6218],[7.1613,49.6217],[7.1634,49.6328],[7.1699,49.6326],[7.1854,49.6463],[7.1968,49.6493],[7.1995,49.6548],[7.203,49.6599],[7.1915,49.6569],[7.1907,49.6644],[7.1819,49.6694],[7.1741,49.6694],[7.1659,49.6605],[7.1571,49.6605],[7.1508,49.6551],[7.1384,49.6587],[7.1327,49.6563],[7.143,49.6495],[7.1284,49.6438],[7.134,49.64],[7.1345,49.6337]]]},"properties":{"id":"07134010","name":"Birkenfeld","subdivision":"Birkenfeld","cx":7.163,"cy":49.647}},
{"type":"Feature","geometry":{"type":"Polygon","coordinates":[[[7.085,49.6893],[7.0818,49.694],[7.0903,49.6987],[7.096,49.7005],[7.1048,49.7087],[7.0857,49.7065],[7.0718,49.7104],[7.0579,49.7015],[7.0443,49.6893],[7.0615,49.6808],[7.0651,49.6769],[7.0768,49.6804],[7.0817,49.6793],[7.085,49.6893]]]},"properties":{"id":"07134011","name":"Börfink","subdivision":"Birkenfeld","cx":7.07,"cy":49.695}},
{"type":"Feature","geometry":{"type":"Polygon","coordinates":[[[7.1112,49.6109],[7.1128,49.6083],[7.1191,49.609],[7.1339,49.6161],[7.1389,49.6222],[7.1537,49.6233],[7.1453,49.6264],[7.1345,49.6337],[7.124,49.6313],[7.1195,49.6253],[7.1231,49.6227],[7.1201,49.6159],[7.1112,49.6109]]]},"properties":{"id":"07134018","name":"Dambach","subdivision":"Birkenfeld","cx":7.13,"cy":49.623}},
{"type":"Feature","geometry":{"type":"Polygon","coordinates":[[[7.1613,49.6217],[7.1854,49.6277],[7.189,49.6312],[7.1985,49.6309],[7.2142,49.6341],[7.2198,49.6335],[7.2137,49.639],[7.2167,49.6446],[7.2094,49.6484],[7.2003,49.6513],[7.1995,49.6548],[7.1968,49.6493],[7.1854,49.6463],[7.1699,49.6326],[7.1634,49.6328],[7.1613,49.6217]]]},"properties":{"id":"07134020","name":"Dienstweiler","subdivision":"Birkenfeld","cx":7.193,"cy":49.64}},
{"type":"Feature","geometry":{"type":"Polygon","coordinates":[[[7.1907,49.6644],[7.2064,49.6707],[7.212,49.6681],[7.2105,49.6747],[7.2043,49.6779],[7.1902,49.6742],[7.1749,49.6749],[7.1741,49.6694],[7.1819,49.6694],[7.1907,49.6644]]]},"properties":{"id":"07134022","name":"Elchweiler","subdivision":"Birkenfeld","cx":7.194,"cy":49.671}},
{"type":"Feature","geometry":{"type":"Polygon","coordinates":[[[7.1327,49.6563],[7.1384,49.6587],[7.1508,49.6551],[7.1571,49.6605],[7.1483,49.6709],[7.1335,49.664],[7.1262,49.6638],[7.1327,49.6563]]]},"properties":{"id":"07134023","name":"Ellenberg","subdivision":"Birkenfeld","cx":7.145,"cy":49.663}},
{"type":"Feature","geometry":{"type":"Polygon","coordinates":[[[7.1537,49.6233],[7.1389,49.6222],[7.1339,49.6161],[7.1191,49.609],[7.1128,49.6083],[7.1053,49.6043],[7.1081,49.5988],[7.1184,49.596],[7.136,49.5967],[7.1457,49.6026],[7.1555,49.6027],[7.1615,49.5985],[7.1563,49.6072],[7.1564,49.6183],[7.1604,49.6218],[7.1537,49.6233]]]},"properties":{"id":"07134024","name":"Ellweiler","subdivision":"Birkenfeld","cx":7.134,"cy":49.606}},
{"type":"Feature","geometry":{"type":"Polygon","coordinates":[[[7.3551,50.4658],[7.3817,50.4491],[7.3963,50.4435],[7.4091,50.4432],[7.4033,50.4489],[7.4,50.4638],[7.4009,50.4709],[7.4064,50.479],[7.3987,50.4853],[7.3963,50.4945],[7.3786,50.4797],[7.3743,50.4813],[7.3551,50.4658]]]},"properties":{"id":"07138038","name":"Leutesdorf","subdivision":"Neuwied","cx":7.386,"cy":50.467}},
{"type":"Feature","geometry":{"type":"Polygon","coordinates":[[[7.3203,50.4958],[7.3382,50.4823],[7.3571,50.4919],[7.3589,50.4956],[7.3749,50.4949],[7.3833,50.5004],[7.3898,50.5077],[7.3959,50.5086],[7.402,50.5112],[7.3934,50.519],[7.3937,50.5235],[7.388,50.5275],[7.3871,50.5325],[7.381,50.5284],[7.3351,50.5187],[7.3196,50.5062],[7.3122,50.503],[7.3203,50.4958]]]},"properties":{"id":"07138063","name":"Rheinbrohl","subdivision":"Neuwied","cx":7.348,"cy":50.506}},
{"type":"Feature","geometry":{"type":"Polygon","coordinates":[[[7.6847,50.5674],[7.6878,50.5798],[7.6802,50.5935],[7.6652,50.5946],[7.6529,50.592],[7.6585,50.5835],[7.6508,50.5685],[7.6466,50.5687],[7.6325,50.5631],[7.6291,50.5582],[7.6193,50.5575],[7.6208,50.5492],[7.615,50.5416],[7.5955,50.5362],[7.5814,50.5344],[7.5852,50.5333],[7.5909,50.5237],[7.5932,50.5215],[7.6117,50.5282],[7.627,50.5273],[7.6342,50.5245],[7.6427,50.525],[7.6465,50.52],[7.6552,50.5217],[7.6683,50.5188],[7.678,50.5252],[7.6955,50.528],[7.6978,50.5348],[7.7015,50.5495],[7.6919,50.5505],[7.6777,50.5512],[7.6697,50.5609],[7.6664,50.5688],[7.6804,50.5658],[7.6847,50.5674]]]},"properties":{"id":"07138012","name":"Dierdorf","subdivision":"Neuwied","cx":7.654,"cy":50.548}},
{"type":"Feature","geometry":{"type":"Polygon","coordinates":[[[7.627,50.5273],[7.6273,50.5132],[7.6121,50.5044],[7.6014,50.5007],[7.596,50.4877],[7.6004,50.4792],[7.6201,50.4862],[7.6315,50.4846],[7.6419,50.4875],[7.6492,50.4853],[7.6533,50.4897],[7.654,50.4939],[7.668,50.4903],[7.6785,50.4963],[7.6783,50.4998],[7.6701,50.5043],[7.6539,50.5041],[7.6495,50.5084],[7.6557,50.5186],[7.6552,50.5217],[7.6465,50.52],[7.6427,50.525],[7.6342,50.5245],[7.627,50.5273]]]},"properties":{"id":"07138023","name":"Großmaischeid","subdivision":"Neuwied","cx":7.634,"cy":50.5}},
{"type":"Feature","geometry":{"type":"Polygon","coordinates":[[[7.596,50.4877],[7.581,50.4913],[7.5793,50.4845],[7.5742,50.4822],[7.5639,50.4834],[7.5693,50.4761],[7.5809,50.4718],[7.5811,50.4637],[7.5886,50.4613],[7.5983,50.4646],[7.5949,50.4695],[7.6004,50.4792],[7.596,50.4877]]]},"properties":{"id":"07138031","name":"Isenburg","subdivision":"Neuwied","cx":7.587,"cy":50.478}},
{"type":"Feature","geometry":{"type":"Polygon","coordinates":[[[6.3977,49.9338],[6.3984,49.9293],[6.4104,49.9261],[6.4083,49.9197],[6.4225,49.921],[6.4247,49.9189],[6.4351,49.9266],[6.4296,49.9295],[6.4275,49.9359],[6.4118,49.9368],[6.3977,49.9338]]]},"properties":{"id":"07232133","name":"Wettlingen","subdivision":"Eifelkreis Bitburg-Prüm","cx":6.417,"cy":49.929}},
{"type":"Feature","geometry":{"type":"Polygon","coordinates":[[[7.5932,50.5215],[7.5897,50.5164],[7.5927,50.5],[7.5819,50.4927],[7.581,50.4913],[7.596,50.4877],[7.6014,50.5007],[7.6121,50.5044],[7.6273,50.5132],[7.627,50.5273],[7.6117,50.5282],[7.5932,50.5215]]]},"properties":{"id":"07138034","name":"Kleinmaischeid","subdivision":"Neuwied","cx":7.605,"cy":50.513}},
{"type":"Feature","geometry":{"type":"Polygon","coordinates":[[[7.6552,50.5217],[7.6557,50.5186],[7.6495,50.5084],[7.6539,50.5041],[7.6701,50.5043],[7.6709,50.5083],[7.6736,50.5133],[7.6683,50.5188],[7.6552,50.5217]]]},"properties":{"id":"07138069","name":"Stebach","subdivision":"Neuwied","cx":7.662,"cy":50.512}},
{"type":"Feature","geometry":{"type":"MultiPolygon","coordinates":[[[[7.6804,50.5658],[7.6697,50.5609],[7.6777,50.5512],[7.6919,50.5505],[7.7042,50.5617],[7.6949,50.5688],[7.6984,50.5746],[7.6932,50.5752],[7.6847,50.5674],[7.6804,50.5658]]],[[[7.7048,50.5996],[7.6947,50.5996],[7.6897,50.5962],[7.6997,50.5898],[7.7091,50.5908],[7.7101,50.5932],[7.7048,50.5996]]]]},"properties":{"id":"07138201","name":"Marienhausen","subdivision":"Neuwied","cx":7.688,"cy":50.56}},
{"type":"Feature","geometry":{"type":"Polygon","coordinates":[[[7.2798,50.5556],[7.2877,50.5542],[7.2901,50.5496],[7.3156,50.5552],[7.3195,50.5607],[7.3286,50.5633],[7.3429,50.5614],[7.3528,50.5662],[7.3686,50.5653],[7.3827,50.56],[7.3859,50.5603],[7.384,50.5679],[7.3854,50.5762],[7.3929,50.5779],[7.3917,50.5787],[7.376,50.5794],[7.3688,50.5744],[7.3562,50.577],[7.3395,50.5746],[7.3251,50.5698],[7.3192,50.5658],[7.3111,50.566],[7.3063,50.5617],[7.2992,50.5627],[7.286,50.5591],[7.2787,50.5589],[7.2798,50.5556]]]},"properties":{"id":"07138009","name":"Dattenberg","subdivision":"Neuwied","cx":7.375,"cy":50.57}},
{"type":"Feature","geometry":{"type":"Polygon","coordinates":[[[7.2847,50.5437],[7.2917,50.5296],[7.2952,50.5332],[7.304,50.5317],[7.3157,50.5415],[7.325,50.5414],[7.3389,50.5513],[7.3557,50.5567],[7.3654,50.5579],[7.377,50.5566],[7.3827,50.56],[7.3686,50.5653],[7.3528,50.5662],[7.3429,50.5614],[7.3286,50.5633],[7.3195,50.5607],[7.3156,50.5552],[7.2901,50.5496],[7.2877,50.5542],[7.2798,50.5556],[7.2847,50.5437]]]},"properties":{"id":"07138037","name":"Leubsdorf","subdivision":"Neuwied","cx":7.323,"cy":50.551}},
{"type":"Feature","geometry":{"type":"Polygon","coordinates":[[[7.2775,50.5617],[7.2787,50.5589],[7.286,50.5591],[7.2992,50.5627],[7.3063,50.5617],[7.3111,50.566],[7.3192,50.5658],[7.3251,50.5698],[7.3395,50.5746],[7.3296,50.5782],[7.3238,50.5908],[7.3329,50.5891],[7.3348,50.5961],[7.3254,50.5962],[7.3232,50.6004],[7.3304,50.6045],[7.3108,50.6102],[7.3111,50.6171],[7.3001,50.6136],[7.2845,50.6146],[7.2781,50.6023],[7.2787,50.5987],[7.2848,50.5964],[7.2972,50.5968],[7.2916,50.5892],[7.2965,50.5849],[7.2889,50.582],[7.2804,50.575],[7.2701,50.5774],[7.2652,50.5741],[7.2775,50.5617]]]},"properties":{"id":"07138041","name":"Linz am Rhein","subdivision":"Neuwied","cx":7.31,"cy":50.588}},
{"type":"Feature","geometry":{"type":"Polygon","coordinates":[[[6.3977,49.9338],[6.3886,49.9372],[6.375,49.9269],[6.374,49.9236],[6.3807,49.9174],[6.3794,49.9119],[6.3861,49.9108],[6.3884,49.9172],[6.4083,49.9197],[6.4104,49.9261],[6.3984,49.9293],[6.3977,49.9338]]]},"properties":{"id":"07232124","name":"Stockem","subdivision":"Eifelkreis Bitburg-Prüm","cx":6.39,"cy":49.926}},
{"type":"Feature","geometry":{"type":"Polygon","coordinates":[[[6.6148,49.9218],[6.6214,49.9236],[6.6133,49.9301],[6.614,49.9329],[6.6035,49.9314],[6.5907,49.932],[6.5768,49.9297],[6.5684,49.9342],[6.5656,49.9276],[6.5555,49.9208],[6.5521,49.9155],[6.5518,49.9108],[6.5599,49.913],[6.5653,49.9087],[6.5721,49.9099],[6.5846,49.916],[6.5882,49.9141],[6.5966,49.9218],[6.6103,49.9248],[6.6148,49.9218]]]},"properties":{"id":"07232125","name":"Sülm","subdivision":"Eifelkreis Bitburg-Prüm","cx":6.575,"cy":49.921}},
{"type":"Feature","geometry":{"type":"Polygon","coordinates":[[[6.5721,49.9099],[6.5839,49.8977],[6.5968,49.8945],[6.5998,49.8965],[6.589,49.9071],[6.5882,49.9141],[6.5846,49.916],[6.5721,49.9099]]]},"properties":{"id":"07232126","name":"Trimport","subdivision":"Eifelkreis Bitburg-Prüm","cx":6.583,"cy":49.906}},
{"type":"Feature","geometry":{"type":"Polygon","coordinates":[[[6.6031,50.0988],[6.6082,50.1064],[6.601,50.109],[6.5848,50.1092],[6.5933,50.0985],[6.6031,50.0988]]]},"properties":{"id":"07232129","name":"Usch","subdivision":"Eifelkreis Bitburg-Prüm","cx":6.597,"cy":50.104}},
{"type":"Feature","geometry":{"type":"Polygon","coordinates":[[[6.4725,50.0036],[6.4757,50.0121],[6.4711,50.0185],[6.4474,50.0107],[6.443,50.016],[6.4315,50.0147],[6.4315,50.0088],[6.436,50.0029],[6.4496,49.9996],[6.4599,50.0042],[6.4725,50.0036]]]},"properties":{"id":"07232134","name":"Wiersdorf","subdivision":"Eifelkreis Bitburg-Prüm","cx":6.465,"cy":50.01}},
{"type":"Feature","geometry":{"type":"Polygon","coordinates":[[[6.5777,50.0162],[6.5931,50.0158],[6.5943,50.0187],[6.6064,50.0189],[6.6141,50.0211],[6.6082,50.0266],[6.6011,50.0269],[6.598,50.0325],[6.5875,50.0297],[6.5708,50.025],[6.5716,50.0189],[6.5777,50.0162]]]},"properties":{"id":"07232135","name":"Wilsecker","subdivision":"Eifelkreis Bitburg-Prüm","cx":6.59,"cy":50.023}},
{"type":"Feature","geometry":{"type":"Polygon","coordinates":[[[6.4926,49.898],[6.4953,49.9023],[6.5076,49.9053],[6.5054,49.9143],[6.4968,49.9102],[6.4937,49.9136],[6.4811,49.9141],[6.4711,49.9168],[6.4597,49.9181],[6.4491,49.9138],[6.4451,49.9097],[6.4309,49.9064],[6.4316,49.905],[6.4347,49.8972],[6.4414,49.8928],[6.4558,49.8971],[6.4795,49.8957],[6.4926,49.898]]]},"properties":{"id":"07232137","name":"Wolsfeld","subdivision":"Eifelkreis Bitburg-Prüm","cx":6.468,"cy":49.906}},
{"type":"Feature","geometry":{"type":"Polygon","coordinates":[[[6.5257,50.0957],[6.5349,50.0927],[6.5413,50.0968],[6.5454,50.1068],[6.5478,50.1116],[6.5387,50.1155],[6.5334,50.1138],[6.5324,50.1076],[6.5276,50.1045],[6.5257,50.0957]]]},"properties":{"id":"07232203","name":"Balesfeld","subdivision":"Eifelkreis Bitburg-Prüm","cx":6.537,"cy":50.103}},
{"type":"Feature","geometry":{"type":"Polygon","coordinates":[[[6.5478,50.1116],[6.5611,50.1155],[6.5707,50.1109],[6.5795,50.1101],[6.5836,50.1139],[6.5911,50.118],[6.575,50.1297],[6.5857,50.1299],[6.5828,50.136],[6.5482,50.146],[6.5395,50.1271],[6.5331,50.127],[6.5255,50.1335],[6.5205,50.1335],[6.5211,50.1254],[6.5049,50.1124],[6.5059,50.1006],[6.5037,50.0937],[6.5121,50.0858],[6.5198,50.0895],[6.5257,50.0957],[6.5276,50.1045],[6.5324,50.1076],[6.5334,50.1138],[6.5387,50.1155],[6.5478,50.1116]]]},"properties":{"id":"07232210","name":"Burbach","subdivision":"Eifelkreis Bitburg-Prüm","cx":6.553,"cy":50.127}},
{"type":"Feature","geometry":{"type":"Polygon","coordinates":[[[6.6571,50.0025],[6.6647,50.002],[6.6711,50.0067],[6.6939,50.0087],[6.7035,50.0074],[6.7125,50.0091],[6.7102,50.0165],[6.7036,50.0203],[6.6991,50.0261],[6.688,50.029],[6.6681,50.0186],[6.6571,50.0115],[6.6622,50.0078],[6.6571,50.0025]]]},"properties":{"id":"07232228","name":"Gransdorf","subdivision":"Eifelkreis Bitburg-Prüm","cx":6.685,"cy":50.017}},
{"type":"Feature","geometry":{"type":"Polygon","coordinates":[[[7.3876,49.4362],[7.3988,49.4317],[7.4117,49.4306],[7.418,49.4369],[7.4097,49.4454],[7.4149,49.4519],[7.4144,49.4566],[7.4071,49.4546],[7.3981,49.4516],[7.3812,49.44],[7.3876,49.4362]]]},"properties":{"id":"07336008","name":"Börsborn","subdivision":"Kusel","cx":7.402,"cy":49.442}},
{"type":"Feature","geometry":{"type":"Polygon","coordinates":[[[7.2844,49.4452],[7.2869,49.4577],[7.2748,49.4557],[7.2665,49.4515],[7.2464,49.4455],[7.2553,49.4406],[7.2502,49.4352],[7.261,49.4236],[7.2728,49.4242],[7.2824,49.4175],[7.2901,49.4147],[7.2937,49.4273],[7.2907,49.4322],[7.284,49.4404],[7.2844,49.4452]]]},"properties":{"id":"07336010","name":"Breitenbach","subdivision":"Kusel","cx":7.272,"cy":49.437}},
{"type":"Feature","geometry":{"type":"Polygon","coordinates":[[[7.3812,49.44],[7.3763,49.4384],[7.3568,49.4421],[7.3411,49.4388],[7.3486,49.4309],[7.3382,49.4201],[7.3283,49.4169],[7.3504,49.4144],[7.354,49.4167],[7.3823,49.4214],[7.3904,49.4294],[7.3876,49.4362],[7.3812,49.44]]]},"properties":{"id":"07336011","name":"Brücken (Pfalz)","subdivision":"Kusel","cx":7.363,"cy":49.429}},
{"type":"Feature","geometry":{"type":"Polygon","coordinates":[[[7.2937,49.4273],[7.2972,49.4242],[7.3116,49.4233],[7.3198,49.4179],[7.3283,49.4169],[7.3382,49.4201],[7.3486,49.4309],[7.3411,49.4388],[7.3374,49.4402],[7.3289,49.4364],[7.3038,49.4322],[7.2907,49.4322],[7.2937,49.4273]]]},"properties":{"id":"07336016","name":"Dittweiler","subdivision":"Kusel","cx":7.324,"cy":49.427}},
{"type":"Feature","geometry":{"type":"Polygon","coordinates":[[[7.2901,49.4147],[7.2972,49.4046],[7.2989,49.3985],[7.3048,49.3967],[7.326,49.4009],[7.3179,49.4088],[7.3198,49.4179],[7.3116,49.4233],[7.2972,49.4242],[7.2937,49.4273],[7.2901,49.4147]]]},"properties":{"id":"07336017","name":"Dunzweiler","subdivision":"Kusel","cx":7.306,"cy":49.411}},
{"type":"Feature","geometry":{"type":"Polygon","coordinates":[[[7.2844,49.4452],[7.3008,49.4472],[7.311,49.4526],[7.3184,49.4502],[7.3325,49.4564],[7.3287,49.4584],[7.3146,49.4579],[7.3056,49.4594],[7.2994,49.466],[7.2863,49.4601],[7.2869,49.4577],[7.2844,49.4452]]]},"properties":{"id":"07336027","name":"Frohnhofen","subdivision":"Kusel","cx":7.299,"cy":49.455}},
{"type":"Feature","geometry":{"type":"Polygon","coordinates":[[[7.2305,49.5904],[7.2281,49.5854],[7.2156,49.5809],[7.2205,49.5772],[7.2283,49.5767],[7.2408,49.569],[7.2422,49.5739],[7.2495,49.5744],[7.2455,49.5823],[7.2473,49.587],[7.2416,49.5854],[7.2359,49.5911],[7.2305,49.5904]]]},"properties":{"id":"07134074","name":"Rückweiler","subdivision":"Birkenfeld","cx":7.235,"cy":49.581}},
{"type":"Feature","geometry":{"type":"Polygon","coordinates":[[[7.4149,49.4519],[7.4224,49.4572],[7.4342,49.4555],[7.4446,49.4589],[7.4507,49.4578],[7.4617,49.4667],[7.4595,49.4712],[7.4556,49.4757],[7.4489,49.4754],[7.4433,49.4809],[7.4384,49.4785],[7.4357,49.4754],[7.4179,49.4691],[7.4204,49.4593],[7.4144,49.4566],[7.4149,49.4519]]]},"properties":{"id":"07336031","name":"Glan-Münchweiler","subdivision":"Kusel","cx":7.439,"cy":49.466}},
{"type":"Feature","geometry":{"type":"Polygon","coordinates":[[[7.3876,49.4362],[7.3904,49.4294],[7.3823,49.4214],[7.3933,49.4162],[7.4135,49.4149],[7.4209,49.4202],[7.4209,49.4236],[7.4117,49.4306],[7.3988,49.4317],[7.3876,49.4362]]]},"properties":{"id":"07336032","name":"Gries","subdivision":"Kusel","cx":7.402,"cy":49.424}},
{"type":"Feature","geometry":{"type":"Polygon","coordinates":[[[7.4144,49.4566],[7.4204,49.4593],[7.4179,49.4691],[7.4114,49.4675],[7.3933,49.4768],[7.3846,49.4744],[7.3801,49.47],[7.3804,49.4671],[7.3843,49.4642],[7.3951,49.4612],[7.3996,49.463],[7.4071,49.4546],[7.4144,49.4566]]]},"properties":{"id":"07336037","name":"Henschtal","subdivision":"Kusel","cx":7.396,"cy":49.468}},
{"type":"Feature","geometry":{"type":"Polygon","coordinates":[[[7.3478,49.4943],[7.3425,49.4887],[7.3246,49.4816],[7.3209,49.4759],[7.3414,49.4729],[7.3485,49.4658],[7.3496,49.4585],[7.3639,49.4601],[7.3684,49.4643],[7.365,49.472],[7.3639,49.4841],[7.3657,49.4886],[7.3591,49.4942],[7.3478,49.4943]]]},"properties":{"id":"07336041","name":"Herschweiler-Pettersheim","subdivision":"Kusel","cx":7.351,"cy":49.479}},
{"type":"Feature","geometry":{"type":"Polygon","coordinates":[[[7.4059,49.4985],[7.4075,49.5039],[7.4035,49.5061],[7.3894,49.5042],[7.3777,49.5043],[7.3722,49.4989],[7.377,49.4954],[7.3873,49.4827],[7.3982,49.4929],[7.4059,49.4985]]]},"properties":{"id":"07336047","name":"Hüffler","subdivision":"Kusel","cx":7.39,"cy":49.496}},
{"type":"Feature","geometry":{"type":"Polygon","coordinates":[[[8.2111,49.8873],[8.2154,49.8877],[8.2188,49.8959],[8.2271,49.9002],[8.2308,49.9153],[8.2284,49.9211],[8.2214,49.9181],[8.2033,49.9173],[8.1949,49.9104],[8.1878,49.9113],[8.1872,49.9162],[8.1797,49.9175],[8.1705,49.9157],[8.174,49.9139],[8.1769,49.9],[8.1868,49.8914],[8.1854,49.8887],[8.1932,49.8796],[8.1915,49.8874],[8.2111,49.8873]]]},"properties":{"id":"07339042","name":"Nieder-Olm","subdivision":"Mainz-Bingen","cx":8.204,"cy":49.902}},
{"type":"Feature","geometry":{"type":"Polygon","coordinates":[[[8.2284,49.9211],[8.2349,49.9288],[8.2209,49.9297],[8.2197,49.9339],[8.2079,49.9365],[8.2003,49.9421],[8.2129,49.9497],[8.2123,49.9561],[8.2026,49.9585],[8.1908,49.9526],[8.1858,49.9628],[8.1792,49.9675],[8.1551,49.9646],[8.158,49.9519],[8.1702,49.9356],[8.1797,49.9175],[8.1872,49.9162],[8.1878,49.9113],[8.1949,49.9104],[8.2033,49.9173],[8.2214,49.9181],[8.2284,49.9211]]]},"properties":{"id":"07339047","name":"Ober-Olm","subdivision":"Mainz-Bingen","cx":8.187,"cy":49.938}},
{"type":"Feature","geometry":{"type":"Polygon","coordinates":[[[8.1932,49.8796],[8.1912,49.8766],[8.1959,49.8686],[8.2043,49.868],[8.2118,49.8738],[8.2075,49.8783],[8.2111,49.8873],[8.1915,49.8874],[8.1932,49.8796]]]},"properties":{"id":"07339054","name":"Sörgenloch","subdivision":"Mainz-Bingen","cx":8.201,"cy":49.878}},
{"type":"Feature","geometry":{"type":"Polygon","coordinates":[[[8.1705,49.9157],[8.1654,49.9133],[8.1415,49.913],[8.1439,49.9299],[8.141,49.9324],[8.1375,49.9465],[8.1315,49.9375],[8.1121,49.9267],[8.1048,49.9186],[8.1184,49.9151],[8.1226,49.9101],[8.1156,49.9069],[8.1189,49.8994],[8.1207,49.8968],[8.1277,49.8907],[8.1391,49.8905],[8.16,49.8936],[8.161,49.8987],[8.1769,49.9],[8.174,49.9139],[8.1705,49.9157]]]},"properties":{"id":"07339057","name":"Stadecken-Elsheim","subdivision":"Mainz-Bingen","cx":8.133,"cy":49.905}},
{"type":"Feature","geometry":{"type":"Polygon","coordinates":[[[8.2111,49.8873],[8.2075,49.8783],[8.2118,49.8738],[8.2327,49.878],[8.2374,49.8823],[8.2472,49.8815],[8.2512,49.8877],[8.2487,49.8954],[8.2271,49.9002],[8.2188,49.8959],[8.2154,49.8877],[8.2111,49.8873]]]},"properties":{"id":"07339067","name":"Zornheim","subdivision":"Mainz-Bingen","cx":8.229,"cy":49.888}},
{"type":"Feature","geometry":{"type":"Polygon","coordinates":[[[8.3111,49.8257],[8.3032,49.8368],[8.2959,49.8391],[8.2898,49.8451],[8.2827,49.844],[8.2657,49.8383],[8.2674,49.8286],[8.2788,49.8174],[8.2914,49.8197],[8.3111,49.8257]]]},"properties":{"id":"07339010","name":"Dalheim","subdivision":"Mainz-Bingen","cx":8.286,"cy":49.831}},
{"type":"Feature","geometry":{"type":"Polygon","coordinates":[[[8.3111,49.8257],[8.3146,49.826],[8.3229,49.8303],[8.3307,49.845],[8.3324,49.8516],[8.3202,49.857],[8.3066,49.8517],[8.2885,49.8471],[8.2898,49.8451],[8.2959,49.8391],[8.3032,49.8368],[8.3111,49.8257]]]},"properties":{"id":"07339011","name":"Dexheim","subdivision":"Mainz-Bingen","cx":8.313,"cy":49.842}},
{"type":"Feature","geometry":{"type":"Polygon","coordinates":[[[7.7538,50.2359],[7.7545,50.2389],[7.7397,50.241],[7.7323,50.2447],[7.7126,50.2411],[7.7222,50.2337],[7.7342,50.2311],[7.7504,50.2334],[7.7538,50.2359]]]},"properties":{"id":"07141140","name":"Winterwerb","subdivision":"Rhein-Lahn-Kreis","cx":7.734,"cy":50.238}},
{"type":"Feature","geometry":{"type":"Polygon","coordinates":[[[8.3146,49.826],[8.3154,49.8212],[8.3258,49.8209],[8.3362,49.8139],[8.3405,49.82],[8.3518,49.8186],[8.3625,49.8198],[8.3778,49.8275],[8.3782,49.8325],[8.3693,49.8389],[8.3577,49.8445],[8.3416,49.847],[8.3307,49.845],[8.3229,49.8303],[8.3146,49.826]]]},"properties":{"id":"07339012","name":"Dienheim","subdivision":"Mainz-Bingen","cx":8.347,"cy":49.832}},
{"type":"Feature","geometry":{"type":"Polygon","coordinates":[[[8.2742,49.7892],[8.2714,49.7974],[8.2683,49.8053],[8.2619,49.8044],[8.2444,49.8082],[8.2354,49.8133],[8.2356,49.8062],[8.2286,49.8029],[8.2257,49.7987],[8.2293,49.7894],[8.2327,49.7889],[8.245,49.7873],[8.2606,49.7903],[8.2617,49.7859],[8.2742,49.7892]]]},"properties":{"id":"07339013","name":"Dolgesheim","subdivision":"Mainz-Bingen","cx":8.249,"cy":49.798}},
{"type":"Feature","geometry":{"type":"Polygon","coordinates":[[[8.2742,49.7892],[8.2801,49.7854],[8.288,49.7878],[8.3124,49.7832],[8.3156,49.7842],[8.3118,49.7902],[8.3148,49.7939],[8.3127,49.8022],[8.297,49.8003],[8.2904,49.803],[8.2762,49.7971],[8.2714,49.7974],[8.2742,49.7892]]]},"properties":{"id":"07339015","name":"Eimsheim","subdivision":"Mainz-Bingen","cx":8.292,"cy":49.794}},
{"type":"Feature","geometry":{"type":"Polygon","coordinates":[[[8.2827,49.844],[8.2799,49.8476],[8.2699,49.8455],[8.2705,49.8416],[8.2487,49.8396],[8.2417,49.8372],[8.246,49.831],[8.24,49.8279],[8.2444,49.8216],[8.2656,49.8267],[8.2674,49.8286],[8.2657,49.8383],[8.2827,49.844]]]},"properties":{"id":"07339018","name":"Friesenheim","subdivision":"Mainz-Bingen","cx":8.257,"cy":49.833}},
{"type":"Feature","geometry":{"type":"Polygon","coordinates":[[[7.2746,49.5611],[7.2735,49.5521],[7.2766,49.5486],[7.2869,49.5522],[7.3075,49.5534],[7.3138,49.5568],[7.3069,49.5587],[7.3074,49.5714],[7.2746,49.5611]]]},"properties":{"id":"07134021","name":"Eckersweiler","subdivision":"Birkenfeld","cx":7.293,"cy":49.56}},
{"type":"Feature","geometry":{"type":"Polygon","coordinates":[[[7.3043,49.6065],[7.2947,49.6043],[7.2863,49.6024],[7.2758,49.594],[7.2787,49.5923],[7.2687,49.5841],[7.2621,49.5736],[7.2638,49.5706],[7.2767,49.5761],[7.2853,49.5822],[7.3015,49.5832],[7.3136,49.595],[7.3028,49.6032],[7.3043,49.6065]]]},"properties":{"id":"07134026","name":"Fohren-Linden","subdivision":"Birkenfeld","cx":7.289,"cy":49.592}},
{"type":"Feature","geometry":{"type":"Polygon","coordinates":[[[7.2888,49.6808],[7.2845,49.6782],[7.2833,49.6672],[7.2736,49.6704],[7.2718,49.6607],[7.2828,49.6588],[7.2947,49.6612],[7.3048,49.6578],[7.3131,49.6644],[7.2997,49.6735],[7.2972,49.6781],[7.2888,49.6808]]]},"properties":{"id":"07134027","name":"Frauenberg","subdivision":"Birkenfeld","cx":7.291,"cy":49.668}},
{"type":"Feature","geometry":{"type":"Polygon","coordinates":[[[7.2156,49.5809],[7.21,49.5771],[7.214,49.5745],[7.2098,49.5682],[7.2244,49.5648],[7.2315,49.568],[7.2408,49.569],[7.2283,49.5767],[7.2205,49.5772],[7.2156,49.5809]]]},"properties":{"id":"07134033","name":"Hahnweiler","subdivision":"Birkenfeld","cx":7.223,"cy":49.572}},
{"type":"Feature","geometry":{"type":"Polygon","coordinates":[[[7.2614,49.6104],[7.2643,49.6175],[7.277,49.6227],[7.2659,49.6253],[7.256,49.6248],[7.2447,49.6288],[7.2363,49.6293],[7.2262,49.6262],[7.2302,49.621],[7.2298,49.6072],[7.2328,49.6015],[7.2413,49.5977],[7.2541,49.6079],[7.2614,49.6104]]]},"properties":{"id":"07134036","name":"Heimbach","subdivision":"Birkenfeld","cx":7.246,"cy":49.616}},
{"type":"Feature","geometry":{"type":"Polygon","coordinates":[[[7.2413,49.5977],[7.2328,49.6015],[7.216,49.5958],[7.2014,49.5956],[7.2156,49.5809],[7.2281,49.5854],[7.2305,49.5904],[7.2413,49.5977]]]},"properties":{"id":"07134051","name":"Leitzweiler","subdivision":"Birkenfeld","cx":7.222,"cy":49.591}},
{"type":"Feature","geometry":{"type":"Polygon","coordinates":[[[7.3125,49.5889],[7.3057,49.5842],[7.3068,49.5745],[7.322,49.565],[7.3339,49.5652],[7.3343,49.5725],[7.3408,49.5785],[7.3421,49.5817],[7.3348,49.5878],[7.3263,49.5893],[7.321,49.5867],[7.3125,49.5889]]]},"properties":{"id":"07134054","name":"Mettweiler","subdivision":"Birkenfeld","cx":7.324,"cy":49.577}},
{"type":"Feature","geometry":{"type":"Polygon","coordinates":[[[7.3048,49.6578],[7.2947,49.6612],[7.2828,49.6588],[7.2718,49.6607],[7.2636,49.6551],[7.2601,49.6494],[7.2597,49.6408],[7.2525,49.6364],[7.2555,49.6325],[7.2447,49.6288],[7.256,49.6248],[7.2659,49.6253],[7.277,49.6227],[7.2935,49.6389],[7.299,49.6452],[7.3139,49.6553],[7.3048,49.6578]]]},"properties":{"id":"07134068","name":"Reichenbach","subdivision":"Birkenfeld","cx":7.278,"cy":49.644}},
{"type":"Feature","geometry":{"type":"Polygon","coordinates":[[[7.2473,49.587],[7.2455,49.5823],[7.2495,49.5744],[7.2589,49.5785],[7.2603,49.5823],[7.2687,49.5841],[7.2787,49.5923],[7.2758,49.594],[7.2672,49.5921],[7.2586,49.5939],[7.2473,49.587]]]},"properties":{"id":"07134073","name":"Rohrbach (Birkenfeld)","subdivision":"Birkenfeld","cx":7.255,"cy":49.585}},
{"type":"Feature","geometry":{"type":"Polygon","coordinates":[[[7.2935,49.6389],[7.277,49.6227],[7.2643,49.6175],[7.2614,49.6104],[7.272,49.6102],[7.2947,49.6043],[7.3043,49.6065],[7.3119,49.6135],[7.3133,49.6186],[7.3036,49.6216],[7.3083,49.6261],[7.2978,49.6321],[7.2935,49.6389]]]},"properties":{"id":"07134075","name":"Ruschberg","subdivision":"Birkenfeld","cx":7.29,"cy":49.618}},
{"type":"Feature","geometry":{"type":"Polygon","coordinates":[[[7.2156,49.5809],[7.2014,49.5956],[7.1921,49.5987],[7.1864,49.5964],[7.1807,49.6005],[7.1737,49.5991],[7.1728,49.588],[7.1903,49.5771],[7.21,49.5771],[7.2156,49.5809]]]},"properties":{"id":"07134029","name":"Gimbweiler","subdivision":"Birkenfeld","cx":7.192,"cy":49.588}},
{"type":"Feature","geometry":{"type":"Polygon","coordinates":[[[7.1741,49.6694],[7.1749,49.6749],[7.1702,49.6796],[7.1546,49.6807],[7.1457,49.6796],[7.1483,49.6709],[7.1571,49.6605],[7.1659,49.6605],[7.1741,49.6694]]]},"properties":{"id":"07134031","name":"Gollenberg","subdivision":"Birkenfeld","cx":7.161,"cy":49.671}},
{"type":"Feature","geometry":{"type":"Polygon","coordinates":[[[7.1096,49.6969],[7.1187,49.7017],[7.1356,49.7035],[7.1416,49.6995],[7.1429,49.6898],[7.1535,49.6911],[7.1605,49.6886],[7.1762,49.6926],[7.1825,49.6955],[7.171,49.698],[7.1666,49.7053],[7.152,49.7081],[7.147,49.7154],[7.1332,49.7233],[7.1266,49.7161],[7.1154,49.7084],[7.1086,49.7005],[7.1096,49.6969]]]},"properties":{"id":"07134034","name":"Hattgenstein","subdivision":"Birkenfeld","cx":7.142,"cy":49.709}},
{"type":"Feature","geometry":{"type":"Polygon","coordinates":[[[7.1604,49.6218],[7.1564,49.6183],[7.1563,49.6072],[7.1615,49.5985],[7.1737,49.5991],[7.1807,49.6005],[7.1864,49.5964],[7.1921,49.5987],[7.2014,49.5956],[7.216,49.5958],[7.2328,49.6015],[7.2298,49.6072],[7.2302,49.621],[7.2262,49.6262],[7.2363,49.6293],[7.2284,49.6343],[7.2198,49.6335],[7.2142,49.6341],[7.1985,49.6309],[7.189,49.6312],[7.1854,49.6277],[7.1613,49.6217],[7.1604,49.6218]]]},"properties":{"id":"07134042","name":"Hoppstädten-Weiersbach","subdivision":"Birkenfeld","cx":7.199,"cy":49.614}},
{"type":"Feature","geometry":{"type":"Polygon","coordinates":[[[7.2736,49.6704],[7.2618,49.6728],[7.2536,49.6689],[7.2563,49.6636],[7.2417,49.6627],[7.2474,49.6571],[7.2502,49.6513],[7.2601,49.6494],[7.2636,49.6551],[7.2718,49.6607],[7.2736,49.6704]]]},"properties":{"id":"07134048","name":"Kronweiler","subdivision":"Birkenfeld","cx":7.263,"cy":49.663}},
{"type":"Feature","geometry":{"type":"Polygon","coordinates":[[[7.1853,49.7416],[7.1788,49.7409],[7.1708,49.733],[7.1654,49.7306],[7.1742,49.7182],[7.1991,49.7113],[7.2086,49.7098],[7.219,49.7118],[7.2122,49.718],[7.2175,49.7209],[7.2193,49.7225],[7.204,49.7313],[7.2044,49.7382],[7.1942,49.7387],[7.1853,49.7416]]]},"properties":{"id":"07134050","name":"Leisel","subdivision":"Birkenfeld","cx":7.192,"cy":49.725}},
{"type":"Feature","geometry":{"type":"Polygon","coordinates":[[[7.1027,49.625],[7.0846,49.6169],[7.0796,49.6121],[7.089,49.5994],[7.093,49.6036],[7.1081,49.5988],[7.1053,49.6043],[7.1128,49.6083],[7.1112,49.6109],[7.1063,49.615],[7.1027,49.625]]]},"properties":{"id":"07134053","name":"Meckenbach (Birkenfeld)","subdivision":"Birkenfeld","cx":7.096,"cy":49.611}},
{"type":"Feature","geometry":{"type":"Polygon","coordinates":[[[7.2618,49.6728],[7.2663,49.6792],[7.2623,49.6838],[7.2549,49.6875],[7.2505,49.694],[7.2443,49.6962],[7.2416,49.6903],[7.2304,49.692],[7.2166,49.6918],[7.2298,49.6789],[7.2265,49.6693],[7.2364,49.6651],[7.2417,49.6627],[7.2563,49.6636],[7.2536,49.6689],[7.2618,49.6728]]]},"properties":{"id":"07134057","name":"Niederbrombach","subdivision":"Birkenfeld","cx":7.243,"cy":49.678}},
{"type":"Feature","geometry":{"type":"Polygon","coordinates":[[[7.212,49.6681],[7.2189,49.6615],[7.2364,49.6651],[7.2265,49.6693],[7.2298,49.6789],[7.2166,49.6918],[7.2111,49.6996],[7.1944,49.6975],[7.1825,49.6955],[7.1762,49.6926],[7.1788,49.6891],[7.1749,49.6749],[7.1902,49.6742],[7.2043,49.6779],[7.2105,49.6747],[7.212,49.6681]]]},"properties":{"id":"07134058","name":"Niederhambach","subdivision":"Birkenfeld","cx":7.204,"cy":49.688}},
{"type":"Feature","geometry":{"type":"Polygon","coordinates":[[[7.2198,49.6335],[7.2284,49.6343],[7.2363,49.6293],[7.2447,49.6288],[7.2555,49.6325],[7.2525,49.6364],[7.2597,49.6408],[7.2601,49.6494],[7.2502,49.6513],[7.2474,49.6571],[7.237,49.6576],[7.2281,49.6537],[7.2189,49.6531],[7.2094,49.6484],[7.2167,49.6446],[7.2137,49.639],[7.2198,49.6335]]]},"properties":{"id":"07134061","name":"Nohen","subdivision":"Birkenfeld","cx":7.237,"cy":49.643}},
{"type":"Feature","geometry":{"type":"Polygon","coordinates":[[[7.276,49.7103],[7.2636,49.7037],[7.2588,49.7057],[7.2454,49.7037],[7.2443,49.6962],[7.2505,49.694],[7.2549,49.6875],[7.2623,49.6838],[7.2717,49.6855],[7.2803,49.6817],[7.2905,49.6836],[7.287,49.6914],[7.2885,49.6985],[7.276,49.7103]]]},"properties":{"id":"07134062","name":"Oberbrombach","subdivision":"Birkenfeld","cx":7.27,"cy":49.695}},
{"type":"Feature","geometry":{"type":"Polygon","coordinates":[[[7.1749,49.6749],[7.1788,49.6891],[7.1762,49.6926],[7.1605,49.6886],[7.1535,49.6911],[7.1429,49.6898],[7.1416,49.6995],[7.1356,49.7035],[7.1187,49.7017],[7.1096,49.6969],[7.1282,49.6942],[7.1421,49.6887],[7.1457,49.6796],[7.1546,49.6807],[7.1702,49.6796],[7.1749,49.6749]]]},"properties":{"id":"07134063","name":"Oberhambach","subdivision":"Birkenfeld","cx":7.136,"cy":49.697}},
{"type":"Feature","geometry":{"type":"Polygon","coordinates":[[[7.1995,49.6548],[7.2003,49.6513],[7.2094,49.6484],[7.2189,49.6531],[7.2281,49.6537],[7.237,49.6576],[7.2474,49.6571],[7.2417,49.6627],[7.2364,49.6651],[7.2189,49.6615],[7.203,49.6599],[7.1995,49.6548]]]},"properties":{"id":"07134070","name":"Rimsberg","subdivision":"Birkenfeld","cx":7.212,"cy":49.656}},
{"type":"Feature","geometry":{"type":"Polygon","coordinates":[[[7.1262,49.6638],[7.1335,49.664],[7.1483,49.6709],[7.1457,49.6796],[7.1421,49.6887],[7.1282,49.6942],[7.1096,49.6969],[7.0961,49.6964],[7.0903,49.6987],[7.0818,49.694],[7.085,49.6893],[7.0921,49.6856],[7.1058,49.6718],[7.1165,49.6712],[7.1161,49.6662],[7.1262,49.6638]]]},"properties":{"id":"07134071","name":"Rinzenberg","subdivision":"Birkenfeld","cx":7.124,"cy":49.682}},
{"type":"Feature","geometry":{"type":"Polygon","coordinates":[[[7.2725,49.7119],[7.2485,49.7197],[7.2332,49.7121],[7.2454,49.7037],[7.2588,49.7057],[7.2636,49.7037],[7.276,49.7103],[7.2725,49.7119]]]},"properties":{"id":"07134072","name":"Rötsweiler-Nockenthal","subdivision":"Birkenfeld","cx":7.252,"cy":49.711}},
{"type":"Feature","geometry":{"type":"Polygon","coordinates":[[[7.203,49.6599],[7.2189,49.6615],[7.212,49.6681],[7.2064,49.6707],[7.1907,49.6644],[7.1915,49.6569],[7.203,49.6599]]]},"properties":{"id":"07134078","name":"Schmißberg","subdivision":"Birkenfeld","cx":7.203,"cy":49.664}},
{"type":"Feature","geometry":{"type":"Polygon","coordinates":[[[7.1825,49.6955],[7.1944,49.6975],[7.191,49.6999],[7.2009,49.7056],[7.1991,49.7113],[7.1742,49.7182],[7.1654,49.7306],[7.1504,49.729],[7.1332,49.7233],[7.147,49.7154],[7.152,49.7081],[7.1666,49.7053],[7.171,49.698],[7.1825,49.6955]]]},"properties":{"id":"07134080","name":"Schwollen","subdivision":"Birkenfeld","cx":7.163,"cy":49.717}},
{"type":"Feature","geometry":{"type":"Polygon","coordinates":[[[7.2175,49.7209],[7.2332,49.7121],[7.2485,49.7197],[7.2425,49.7311],[7.2348,49.7326],[7.2201,49.7388],[7.2172,49.7446],[7.2104,49.752],[7.1853,49.7416],[7.1942,49.7387],[7.2044,49.7382],[7.204,49.7313],[7.2193,49.7225],[7.2175,49.7209]]]},"properties":{"id":"07134084","name":"Siesbach","subdivision":"Birkenfeld","cx":7.227,"cy":49.726}},
{"type":"Feature","geometry":{"type":"Polygon","coordinates":[[[7.2905,49.6836],[7.2803,49.6817],[7.2717,49.6855],[7.2623,49.6838],[7.2663,49.6792],[7.2618,49.6728],[7.2736,49.6704],[7.2833,49.6672],[7.2845,49.6782],[7.2888,49.6808],[7.2905,49.6836]]]},"properties":{"id":"07134085","name":"Sonnenberg-Winnenberg","subdivision":"Birkenfeld","cx":7.275,"cy":49.677}},
{"type":"Feature","geometry":{"type":"Polygon","coordinates":[[[7.1991,49.7113],[7.2009,49.7056],[7.191,49.6999],[7.1944,49.6975],[7.2111,49.6996],[7.2166,49.6918],[7.2304,49.692],[7.2416,49.6903],[7.2443,49.6962],[7.2454,49.7037],[7.2332,49.7121],[7.2175,49.7209],[7.2122,49.718],[7.219,49.7118],[7.2086,49.7098],[7.1991,49.7113]]]},"properties":{"id":"07134094","name":"Wilzenberg-Hußweiler","subdivision":"Birkenfeld","cx":7.223,"cy":49.702}},
{"type":"Feature","geometry":{"type":"Polygon","coordinates":[[[7.2531,49.7509],[7.2397,49.7478],[7.2314,49.7439],[7.2271,49.7519],[7.2333,49.7542],[7.2367,49.7645],[7.2326,49.7654],[7.2231,49.7577],[7.2104,49.752],[7.2172,49.7446],[7.2325,49.7404],[7.239,49.7336],[7.247,49.7361],[7.2643,49.7302],[7.2653,49.7345],[7.2608,49.7455],[7.2532,49.7459],[7.2531,49.7509]]]},"properties":{"id":"07134040","name":"Hettenrodt","subdivision":"Birkenfeld","cx":7.241,"cy":49.742}},
{"type":"Feature","geometry":{"type":"Polygon","coordinates":[[[7.0903,49.6987],[7.0961,49.6964],[7.1096,49.6969],[7.1086,49.7005],[7.1154,49.7084],[7.1266,49.7161],[7.1332,49.7233],[7.1504,49.729],[7.1654,49.7306],[7.1708,49.733],[7.1788,49.7409],[7.1853,49.7416],[7.2104,49.752],[7.2024,49.7491],[7.1963,49.7518],[7.1856,49.7526],[7.1798,49.7583],[7.1732,49.7558],[7.1469,49.7633],[7.1459,49.7672],[7.1354,49.7698],[7.1275,49.7666],[7.1303,49.7583],[7.1239,49.7507],[7.1113,49.7467],[7.1061,49.7397],[7.0965,49.7297],[7.0831,49.7221],[7.0718,49.7104],[7.0857,49.7065],[7.1048,49.7087],[7.096,49.7005],[7.0903,49.6987]]]},"properties":{"id":"07134003","name":"Allenbach","subdivision":"Birkenfeld","cx":7.138,"cy":49.742}},
{"type":"Feature","geometry":{"type":"Polygon","coordinates":[[[7.4251,49.7972],[7.4186,49.8001],[7.4094,49.7954],[7.4103,49.7924],[7.3845,49.7863],[7.387,49.7814],[7.3953,49.7824],[7.4097,49.77],[7.411,49.7628],[7.4059,49.7558],[7.3994,49.7529],[7.4101,49.7531],[7.4146,49.754],[7.4206,49.766],[7.4291,49.7676],[7.4416,49.7765],[7.4436,49.7868],[7.4251,49.7972]]]},"properties":{"id":"07134006","name":"Bergen","subdivision":"Birkenfeld","cx":7.418,"cy":49.781}},
{"type":"Feature","geometry":{"type":"Polygon","coordinates":[[[7.387,49.7814],[7.377,49.7763],[7.3655,49.7735],[7.3641,49.7659],[7.3729,49.761],[7.3896,49.752],[7.3994,49.7529],[7.4059,49.7558],[7.411,49.7628],[7.4097,49.77],[7.3953,49.7824],[7.387,49.7814]]]},"properties":{"id":"07134009","name":"Berschweiler bei Kirn","subdivision":"Birkenfeld","cx":7.389,"cy":49.767}},
{"type":"Feature","geometry":{"type":"Polygon","coordinates":[[[7.3084,49.8057],[7.3144,49.8017],[7.3106,49.7954],[7.3205,49.7904],[7.3257,49.7905],[7.3364,49.7978],[7.3388,49.7937],[7.3454,49.8013],[7.3539,49.8024],[7.3544,49.8098],[7.3363,49.8042],[7.3216,49.8089],[7.3084,49.8057]]]},"properties":{"id":"07134013","name":"Breitenthal","subdivision":"Birkenfeld","cx":7.325,"cy":49.8}},
{"type":"Feature","geometry":{"type":"Polygon","coordinates":[[[7.216,49.7835],[7.2258,49.7905],[7.2387,49.7969],[7.2383,49.8009],[7.2132,49.8056],[7.2086,49.8024],[7.1892,49.8125],[7.1766,49.8059],[7.1839,49.8006],[7.1859,49.7946],[7.1833,49.7876],[7.1905,49.7843],[7.2017,49.7872],[7.216,49.7835]]]},"properties":{"id":"07134014","name":"Bruchweiler","subdivision":"Birkenfeld","cx":7.199,"cy":49.796}},
{"type":"Feature","geometry":{"type":"Polygon","coordinates":[[[7.4272,49.6969],[7.4304,49.6999],[7.427,49.7105],[7.4275,49.7199],[7.422,49.7274],[7.4137,49.7208],[7.4119,49.7153],[7.3975,49.7068],[7.4109,49.6987],[7.4272,49.6969]]]},"properties":{"id":"07134019","name":"Dickesbach","subdivision":"Birkenfeld","cx":7.418,"cy":49.709}},
{"type":"Feature","geometry":{"type":"Polygon","coordinates":[[[7.4101,49.7531],[7.3994,49.7529],[7.3896,49.752],[7.3729,49.761],[7.3629,49.7545],[7.3676,49.75],[7.3714,49.7487],[7.3888,49.7436],[7.4009,49.7386],[7.4154,49.7477],[7.4101,49.7531]]]},"properties":{"id":"07134025","name":"Fischbach (Birkenfeld)","subdivision":"Birkenfeld","cx":7.397,"cy":49.747}},
{"type":"Feature","geometry":{"type":"Polygon","coordinates":[[[7.3378,49.742],[7.347,49.7426],[7.3479,49.7483],[7.3545,49.7521],[7.3629,49.7482],[7.3676,49.75],[7.3629,49.7545],[7.3528,49.7551],[7.3441,49.7587],[7.3326,49.7529],[7.3307,49.7484],[7.3378,49.742]]]},"properties":{"id":"07134028","name":"Gerach","subdivision":"Birkenfeld","cx":7.342,"cy":49.751}},
{"type":"Feature","geometry":{"type":"Polygon","coordinates":[[[7.4009,49.8122],[7.3932,49.8079],[7.3862,49.8088],[7.3805,49.8058],[7.3798,49.8055],[7.3848,49.8014],[7.3878,49.7912],[7.3845,49.7863],[7.4103,49.7924],[7.4094,49.7954],[7.4186,49.8001],[7.4047,49.8068],[7.4009,49.8122]]]},"properties":{"id":"07134032","name":"Griebelschied","subdivision":"Birkenfeld","cx":7.398,"cy":49.799}},
{"type":"Feature","geometry":{"type":"Polygon","coordinates":[[[7.3007,49.7736],[7.2746,49.7781],[7.2695,49.7813],[7.2674,49.7803],[7.282,49.7661],[7.2896,49.762],[7.3039,49.7652],[7.3006,49.7708],[7.3007,49.7736]]]},"properties":{"id":"07134038","name":"Herborn","subdivision":"Birkenfeld","cx":7.287,"cy":49.77}},
{"type":"Feature","geometry":{"type":"Polygon","coordinates":[[[7.3291,49.7789],[7.3324,49.7724],[7.3443,49.7718],[7.3593,49.7737],[7.3599,49.7821],[7.352,49.7883],[7.3431,49.7889],[7.3388,49.7937],[7.3364,49.7978],[7.3257,49.7905],[7.3294,49.787],[7.3233,49.783],[7.3291,49.7789]]]},"properties":{"id":"07134039","name":"Herrstein","subdivision":"Birkenfeld","cx":7.341,"cy":49.781}},
{"type":"Feature","geometry":{"type":"Polygon","coordinates":[[[7.3714,49.7487],[7.3676,49.75],[7.3629,49.7482],[7.3545,49.7521],[7.3479,49.7483],[7.347,49.7426],[7.3378,49.742],[7.3359,49.7368],[7.3424,49.73],[7.3559,49.7229],[7.3647,49.7326],[7.365,49.7371],[7.3714,49.7487]]]},"properties":{"id":"07134041","name":"Hintertiefenbach","subdivision":"Birkenfeld","cx":7.355,"cy":49.738}},
{"type":"Feature","geometry":{"type":"Polygon","coordinates":[[[7.2367,49.7645],[7.2554,49.773],[7.2566,49.7763],[7.2674,49.7803],[7.2695,49.7813],[7.2651,49.7848],[7.26,49.7989],[7.2612,49.8033],[7.2561,49.8034],[7.2559,49.8009],[7.2387,49.7969],[7.2258,49.7905],[7.216,49.7835],[7.2207,49.7685],[7.2326,49.7654],[7.2367,49.7645]]]},"properties":{"id":"07134046","name":"Kempfeld","subdivision":"Birkenfeld","cx":7.242,"cy":49.783}},
{"type":"Feature","geometry":{"type":"Polygon","coordinates":[[[7.2697,49.7544],[7.2554,49.773],[7.2367,49.7645],[7.2333,49.7542],[7.2271,49.7519],[7.2314,49.7439],[7.2397,49.7478],[7.2531,49.7509],[7.2697,49.7544]]]},"properties":{"id":"07134047","name":"Kirschweiler","subdivision":"Birkenfeld","cx":7.248,"cy":49.759}},
{"type":"Feature","geometry":{"type":"Polygon","coordinates":[[[7.2653,49.7345],[7.2643,49.7302],[7.247,49.7361],[7.239,49.7336],[7.2325,49.7404],[7.2172,49.7446],[7.2201,49.7388],[7.2348,49.7326],[7.2425,49.7311],[7.2485,49.7197],[7.2725,49.7119],[7.2741,49.7214],[7.2653,49.7345]]]},"properties":{"id":"07134052","name":"Mackenrodt","subdivision":"Birkenfeld","cx":7.253,"cy":49.727}},
{"type":"Feature","geometry":{"type":"Polygon","coordinates":[[[7.4314,49.7406],[7.4188,49.7325],[7.4205,49.7293],[7.4137,49.7208],[7.422,49.7274],[7.4275,49.7199],[7.427,49.7105],[7.4304,49.6999],[7.4272,49.6969],[7.436,49.6953],[7.4409,49.7011],[7.4336,49.7055],[7.434,49.7147],[7.4478,49.7215],[7.4468,49.73],[7.4406,49.7351],[7.4314,49.7406]]]},"properties":{"id":"07134055","name":"Mittelreidenbach","subdivision":"Birkenfeld","cx":7.435,"cy":49.725}},
{"type":"Feature","geometry":{"type":"Polygon","coordinates":[[[7.3233,49.783],[7.3294,49.787],[7.3257,49.7905],[7.3205,49.7904],[7.3106,49.7954],[7.2999,49.7947],[7.2918,49.7976],[7.2884,49.8022],[7.2773,49.8059],[7.2682,49.8066],[7.2612,49.8033],[7.26,49.7989],[7.2651,49.7848],[7.2695,49.7813],[7.2746,49.7781],[7.3007,49.7736],[7.3101,49.7764],[7.3159,49.7822],[7.3233,49.783]]]},"properties":{"id":"07134056","name":"Mörschied","subdivision":"Birkenfeld","cx":7.283,"cy":49.789}},
{"type":"Feature","geometry":{"type":"Polygon","coordinates":[[[7.3845,49.7863],[7.3878,49.7912],[7.3848,49.8014],[7.3798,49.8055],[7.3613,49.8051],[7.3539,49.8024],[7.3454,49.8013],[7.3388,49.7937],[7.3431,49.7889],[7.352,49.7883],[7.3599,49.7821],[7.3593,49.7737],[7.3655,49.7735],[7.377,49.7763],[7.387,49.7814],[7.3845,49.7863]]]},"properties":{"id":"07134059","name":"Niederhosenbach","subdivision":"Birkenfeld","cx":7.368,"cy":49.792}},
{"type":"Feature","geometry":{"type":"Polygon","coordinates":[[[7.3006,49.7708],[7.3039,49.7652],[7.3134,49.7599],[7.316,49.748],[7.3326,49.7529],[7.3441,49.7587],[7.3528,49.7551],[7.3629,49.7545],[7.3729,49.761],[7.3641,49.7659],[7.3655,49.7735],[7.3593,49.7737],[7.3443,49.7718],[7.3324,49.7724],[7.3291,49.7789],[7.3213,49.7746],[7.3006,49.7708]]]},"properties":{"id":"07134060","name":"Niederwörresbach","subdivision":"Birkenfeld","cx":7.328,"cy":49.763}},
{"type":"Feature","geometry":{"type":"Polygon","coordinates":[[[7.3544,49.8098],[7.3403,49.818],[7.336,49.8229],[7.3281,49.8223],[7.3194,49.8182],[7.3048,49.8143],[7.3084,49.8057],[7.3216,49.8089],[7.3363,49.8042],[7.3544,49.8098]]]},"properties":{"id":"07134064","name":"Oberhosenbach","subdivision":"Birkenfeld","cx":7.329,"cy":49.814}},
{"type":"Feature","geometry":{"type":"Polygon","coordinates":[[[7.4327,49.6786],[7.4415,49.6803],[7.4528,49.6771],[7.4572,49.6789],[7.4648,49.694],[7.466,49.7016],[7.4811,49.7082],[7.4702,49.7138],[7.458,49.7136],[7.4478,49.7215],[7.434,49.7147],[7.4336,49.7055],[7.4409,49.7011],[7.436,49.6953],[7.4292,49.6915],[7.4147,49.6767],[7.4248,49.6762],[7.4327,49.6786]]]},"properties":{"id":"07134066","name":"Oberreidenbach","subdivision":"Birkenfeld","cx":7.451,"cy":49.696}},
{"type":"Feature","geometry":{"type":"Polygon","coordinates":[[[7.4406,49.7351],[7.4468,49.73],[7.4478,49.7215],[7.458,49.7136],[7.4702,49.7138],[7.4811,49.7082],[7.4915,49.7027],[7.4878,49.7113],[7.4966,49.7172],[7.4908,49.7228],[7.4806,49.7379],[7.4727,49.7416],[7.4675,49.7402],[7.4642,49.7481],[7.4537,49.7446],[7.4406,49.7351]]]},"properties":{"id":"07134077","name":"Schmidthachenbach","subdivision":"Birkenfeld","cx":7.468,"cy":49.727}},
{"type":"Feature","geometry":{"type":"Polygon","coordinates":[[[7.2326,49.7654],[7.2207,49.7685],[7.216,49.7835],[7.2017,49.7872],[7.1905,49.7843],[7.1824,49.7746],[7.1866,49.7691],[7.197,49.7662],[7.1873,49.7616],[7.1963,49.7518],[7.2024,49.7491],[7.2104,49.752],[7.2231,49.7577],[7.2326,49.7654]]]},"properties":{"id":"07134081","name":"Sensweiler","subdivision":"Birkenfeld","cx":7.207,"cy":49.769}},
{"type":"Feature","geometry":{"type":"Polygon","coordinates":[[[7.4915,49.7027],[7.4868,49.6862],[7.4785,49.678],[7.4907,49.6749],[7.5022,49.6781],[7.5095,49.6764],[7.5219,49.6788],[7.5192,49.6965],[7.5257,49.7053],[7.5228,49.7076],[7.5058,49.7079],[7.4915,49.7027]]]},"properties":{"id":"07134082","name":"Sien","subdivision":"Birkenfeld","cx":7.504,"cy":49.691}},
{"type":"Feature","geometry":{"type":"Polygon","coordinates":[[[7.4462,49.6643],[7.4448,49.669],[7.4538,49.674],[7.4644,49.6725],[7.4686,49.676],[7.4785,49.678],[7.4868,49.6862],[7.4915,49.7027],[7.4811,49.7082],[7.466,49.7016],[7.4648,49.694],[7.4572,49.6789],[7.4528,49.6771],[7.4415,49.6803],[7.4327,49.6786],[7.4344,49.6704],[7.4462,49.6643]]]},"properties":{"id":"07134083","name":"Sienhachenbach","subdivision":"Birkenfeld","cx":7.474,"cy":49.688}},
{"type":"Feature","geometry":{"type":"Polygon","coordinates":[[[7.3743,49.8995],[7.3581,49.8993],[7.3378,49.8957],[7.3468,49.8854],[7.3454,49.8825],[7.3692,49.8943],[7.379,49.8961],[7.3743,49.8995]]]},"properties":{"id":"07134079","name":"Schwerbach","subdivision":"Birkenfeld","cx":7.354,"cy":49.893}},
{"type":"Feature","geometry":{"type":"Polygon","coordinates":[[[7.3982,49.8201],[7.3968,49.8235],[7.3947,49.8313],[7.3808,49.8291],[7.3772,49.8267],[7.3814,49.822],[7.3757,49.8142],[7.3805,49.8058],[7.3862,49.8088],[7.3932,49.8079],[7.4009,49.8122],[7.3982,49.8201]]]},"properties":{"id":"07134086","name":"Sonnschied","subdivision":"Birkenfeld","cx":7.389,"cy":49.818}},
{"type":"Feature","geometry":{"type":"Polygon","coordinates":[[[7.2816,49.7457],[7.3116,49.7486],[7.316,49.748],[7.3134,49.7599],[7.3039,49.7652],[7.2896,49.762],[7.282,49.7661],[7.2674,49.7803],[7.2566,49.7763],[7.2554,49.773],[7.2697,49.7544],[7.2816,49.7457]]]},"properties":{"id":"07134089","name":"Veitsrodt","subdivision":"Birkenfeld","cx":7.283,"cy":49.756}},
{"type":"Feature","geometry":{"type":"Polygon","coordinates":[[[7.316,49.748],[7.3116,49.7486],[7.2816,49.7457],[7.3031,49.7357],[7.3167,49.74],[7.316,49.748]]]},"properties":{"id":"07134090","name":"Vollmersbach","subdivision":"Birkenfeld","cx":7.303,"cy":49.743}},
{"type":"Feature","geometry":{"type":"Polygon","coordinates":[[[7.3084,49.8057],[7.3048,49.8143],[7.2963,49.8126],[7.2876,49.8082],[7.2884,49.8022],[7.2918,49.7976],[7.2999,49.7947],[7.3106,49.7954],[7.3144,49.8017],[7.3084,49.8057]]]},"properties":{"id":"07134091","name":"Weiden","subdivision":"Birkenfeld","cx":7.3,"cy":49.804}},
{"type":"Feature","geometry":{"type":"Polygon","coordinates":[[[7.3539,49.8024],[7.3613,49.8051],[7.3798,49.8055],[7.3805,49.8058],[7.3757,49.8142],[7.3814,49.822],[7.3772,49.8267],[7.3734,49.826],[7.3578,49.8251],[7.3518,49.8223],[7.336,49.8229],[7.3403,49.818],[7.3544,49.8098],[7.3539,49.8024]]]},"properties":{"id":"07134093","name":"Wickenrodt","subdivision":"Birkenfeld","cx":7.363,"cy":49.816}},
{"type":"Feature","geometry":{"type":"Polygon","coordinates":[[[7.1963,49.7518],[7.1873,49.7616],[7.197,49.7662],[7.1866,49.7691],[7.1824,49.7746],[7.1764,49.7748],[7.1514,49.7904],[7.1404,49.7833],[7.1279,49.7774],[7.1254,49.7724],[7.1275,49.7666],[7.1354,49.7698],[7.1459,49.7672],[7.1469,49.7633],[7.1732,49.7558],[7.1798,49.7583],[7.1856,49.7526],[7.1963,49.7518]]]},"properties":{"id":"07134095","name":"Wirschweiler","subdivision":"Birkenfeld","cx":7.161,"cy":49.771}},
{"type":"Feature","geometry":{"type":"Polygon","coordinates":[[[7.1766,49.8059],[7.1608,49.7975],[7.1514,49.7904],[7.1764,49.7748],[7.1824,49.7746],[7.1905,49.7843],[7.1833,49.7876],[7.1859,49.7946],[7.1839,49.8006],[7.1766,49.8059]]]},"properties":{"id":"07134502","name":"Langweiler (Birkenfeld)","subdivision":"Birkenfeld","cx":7.173,"cy":49.79}},
{"type":"Feature","geometry":{"type":"Polygon","coordinates":[[[7.2612,49.8033],[7.2682,49.8066],[7.2773,49.8059],[7.2884,49.8022],[7.2876,49.8082],[7.2963,49.8126],[7.2873,49.8153],[7.2797,49.8172],[7.2709,49.8127],[7.2574,49.8124],[7.2431,49.8183],[7.2561,49.8034],[7.2612,49.8033]]]},"properties":{"id":"07134004","name":"Asbach (Birkenfeld)","subdivision":"Birkenfeld","cx":7.279,"cy":49.811}},
{"type":"Feature","geometry":{"type":"Polygon","coordinates":[[[7.3734,49.826],[7.3653,49.83],[7.3626,49.8351],[7.3667,49.8408],[7.3614,49.8483],[7.3556,49.8496],[7.3456,49.851],[7.3408,49.8409],[7.3473,49.8302],[7.3578,49.8251],[7.3734,49.826]]]},"properties":{"id":"07134012","name":"Bollenbach","subdivision":"Birkenfeld","cx":7.354,"cy":49.838}},
{"type":"Feature","geometry":{"type":"Polygon","coordinates":[[[7.3955,49.8396],[7.3884,49.8457],[7.3978,49.8481],[7.3987,49.8561],[7.3864,49.8611],[7.3848,49.8667],[7.3732,49.8628],[7.3688,49.8579],[7.3556,49.8496],[7.3614,49.8483],[7.3667,49.8408],[7.3626,49.8351],[7.3653,49.83],[7.3734,49.826],[7.3772,49.8267],[7.3808,49.8291],[7.3947,49.8313],[7.3913,49.8364],[7.3955,49.8396]]]},"properties":{"id":"07134017","name":"Bundenbach","subdivision":"Birkenfeld","cx":7.377,"cy":49.846}},
{"type":"Feature","geometry":{"type":"Polygon","coordinates":[[[7.3378,49.8957],[7.331,49.9005],[7.3235,49.8993],[7.3109,49.8839],[7.3063,49.8826],[7.3257,49.878],[7.33,49.8745],[7.3381,49.88],[7.3457,49.8815],[7.3454,49.8825],[7.3468,49.8854],[7.3378,49.8957]]]},"properties":{"id":"07134030","name":"Gösenroth","subdivision":"Birkenfeld","cx":7.329,"cy":49.887}},
{"type":"Feature","geometry":{"type":"Polygon","coordinates":[[[7.3864,49.8611],[7.3948,49.8609],[7.3962,49.8676],[7.3932,49.8713],[7.398,49.8802],[7.3955,49.8837],[7.3853,49.8799],[7.3755,49.8806],[7.3624,49.8742],[7.3526,49.8722],[7.3561,49.8651],[7.3673,49.8642],[7.3688,49.8579],[7.3732,49.8628],[7.3848,49.8667],[7.3864,49.8611]]]},"properties":{"id":"07134035","name":"Hausen","subdivision":"Birkenfeld","cx":7.378,"cy":49.872}},
{"type":"Feature","geometry":{"type":"Polygon","coordinates":[[[7.2873,49.8153],[7.2861,49.8231],[7.2818,49.8249],[7.2535,49.8251],[7.2264,49.8345],[7.2143,49.8302],[7.2057,49.824],[7.2233,49.8229],[7.222,49.8157],[7.2334,49.8142],[7.2432,49.8102],[7.2431,49.8183],[7.2574,49.8124],[7.2709,49.8127],[7.2797,49.8172],[7.2873,49.8153]]]},"properties":{"id":"07134037","name":"Hellertshausen","subdivision":"Birkenfeld","cx":7.236,"cy":49.823}},
{"type":"Feature","geometry":{"type":"Polygon","coordinates":[[[7.2592,49.8617],[7.2626,49.8682],[7.2559,49.8769],[7.2483,49.883],[7.2569,49.8917],[7.2516,49.8937],[7.2389,49.8925],[7.2225,49.885],[7.2264,49.8798],[7.2356,49.8756],[7.2309,49.8718],[7.2371,49.868],[7.2448,49.8707],[7.2525,49.8641],[7.2592,49.8617]]]},"properties":{"id":"07134043","name":"Horbruch","subdivision":"Birkenfeld","cx":7.241,"cy":49.882}},
{"type":"Feature","geometry":{"type":"Polygon","coordinates":[[[7.3281,49.8223],[7.3158,49.8294],[7.3046,49.8377],[7.2978,49.8386],[7.2821,49.8376],[7.2725,49.8389],[7.265,49.8423],[7.2526,49.8395],[7.2452,49.835],[7.232,49.8382],[7.2264,49.8345],[7.2535,49.8251],[7.2818,49.8249],[7.2861,49.8231],[7.2873,49.8153],[7.2963,49.8126],[7.3048,49.8143],[7.3194,49.8182],[7.3281,49.8223]]]},"properties":{"id":"07134044","name":"Hottenbach","subdivision":"Birkenfeld","cx":7.297,"cy":49.827}},
{"type":"Feature","geometry":{"type":"Polygon","coordinates":[[[7.2559,49.8769],[7.2553,49.8794],[7.2882,49.8769],[7.2903,49.8796],[7.2805,49.882],[7.2867,49.8914],[7.2809,49.8995],[7.2718,49.896],[7.2569,49.8917],[7.2483,49.883],[7.2559,49.8769]]]},"properties":{"id":"07134049","name":"Krummenau","subdivision":"Birkenfeld","cx":7.27,"cy":49.887}},
{"type":"Feature","geometry":{"type":"Polygon","coordinates":[[[7.3454,49.8825],[7.3457,49.8815],[7.3476,49.8749],[7.3526,49.8722],[7.3624,49.8742],[7.3755,49.8806],[7.3853,49.8799],[7.3955,49.8837],[7.3926,49.886],[7.3943,49.8933],[7.379,49.8961],[7.3692,49.8943],[7.3454,49.8825]]]},"properties":{"id":"07134065","name":"Oberkirn","subdivision":"Birkenfeld","cx":7.37,"cy":49.886}},
{"type":"Feature","geometry":{"type":"Polygon","coordinates":[[[7.3556,49.8496],[7.3688,49.8579],[7.3673,49.8642],[7.3561,49.8651],[7.3526,49.8722],[7.3476,49.8749],[7.3457,49.8815],[7.3381,49.88],[7.33,49.8745],[7.3253,49.8684],[7.3097,49.8639],[7.299,49.866],[7.3021,49.8598],[7.3162,49.8556],[7.3126,49.8473],[7.2978,49.8386],[7.3046,49.8377],[7.327,49.8476],[7.3456,49.851],[7.3556,49.8496]]]},"properties":{"id":"07134069","name":"Rhaunen","subdivision":"Birkenfeld","cx":7.336,"cy":49.862}},
{"type":"Feature","geometry":{"type":"Polygon","coordinates":[[[7.2387,49.7969],[7.2559,49.8009],[7.2561,49.8034],[7.2431,49.8183],[7.2432,49.8102],[7.2334,49.8142],[7.222,49.8157],[7.2233,49.8229],[7.2057,49.824],[7.1892,49.8125],[7.2086,49.8024],[7.2132,49.8056],[7.2383,49.8009],[7.2387,49.7969]]]},"properties":{"id":"07134076","name":"Schauren (Birkenfeld)","subdivision":"Birkenfeld","cx":7.213,"cy":49.814}},
{"type":"Feature","geometry":{"type":"Polygon","coordinates":[[[7.2978,49.8386],[7.3126,49.8473],[7.3162,49.8556],[7.3021,49.8598],[7.299,49.866],[7.2822,49.8676],[7.2681,49.8608],[7.2638,49.8556],[7.2623,49.8535],[7.232,49.8382],[7.2452,49.835],[7.2526,49.8395],[7.265,49.8423],[7.2725,49.8389],[7.2821,49.8376],[7.2978,49.8386]]]},"properties":{"id":"07134087","name":"Stipshausen","subdivision":"Birkenfeld","cx":7.281,"cy":49.851}},
{"type":"Feature","geometry":{"type":"Polygon","coordinates":[[[7.336,49.8229],[7.3518,49.8223],[7.3578,49.8251],[7.3473,49.8302],[7.3408,49.8409],[7.3456,49.851],[7.327,49.8476],[7.3046,49.8377],[7.3158,49.8294],[7.3281,49.8223],[7.336,49.8229]]]},"properties":{"id":"07134088","name":"Sulzbach (Birkenfeld)","subdivision":"Birkenfeld","cx":7.331,"cy":49.835}},
{"type":"Feature","geometry":{"type":"Polygon","coordinates":[[[7.3063,49.8826],[7.2903,49.8796],[7.2882,49.8769],[7.2553,49.8794],[7.2559,49.8769],[7.2626,49.8682],[7.2592,49.8617],[7.2638,49.8556],[7.2681,49.8608],[7.2822,49.8676],[7.299,49.866],[7.3097,49.8639],[7.3253,49.8684],[7.33,49.8745],[7.3257,49.878],[7.3063,49.8826]]]},"properties":{"id":"07134092","name":"Weitersbach","subdivision":"Birkenfeld","cx":7.301,"cy":49.874}},
{"type":"Feature","geometry":{"type":"Polygon","coordinates":[[[7.2326,50.0962],[7.2306,50.0912],[7.2479,50.095],[7.2568,50.0991],[7.2583,50.0992],[7.2419,50.1015],[7.2421,50.112],[7.2337,50.1075],[7.2399,50.1031],[7.2326,50.0962]]]},"properties":{"id":"07135007","name":"Beilstein","subdivision":"Cochem-Zell","cx":7.241,"cy":50.098}},
{"type":"Feature","geometry":{"type":"Polygon","coordinates":[[[7.0686,50.1047],[7.0764,50.0982],[7.0827,50.0983],[7.0981,50.0869],[7.1116,50.0879],[7.123,50.0854],[7.1348,50.0899],[7.1345,50.0957],[7.1266,50.1001],[7.1286,50.1056],[7.1231,50.1093],[7.1142,50.1072],[7.1035,50.1079],[7.0982,50.113],[7.0867,50.1109],[7.0827,50.1125],[7.0759,50.1107],[7.0686,50.1047]]]},"properties":{"id":"07135012","name":"Bremm","subdivision":"Cochem-Zell","cx":7.104,"cy":50.098}},
{"type":"Feature","geometry":{"type":"Polygon","coordinates":[[[7.2337,50.1075],[7.227,50.1058],[7.2172,50.1103],[7.2079,50.1179],[7.1936,50.1089],[7.2038,50.1029],[7.2126,50.1031],[7.221,50.0995],[7.2212,50.0949],[7.2326,50.0962],[7.2399,50.1031],[7.2337,50.1075]]]},"properties":{"id":"07135015","name":"Briedern","subdivision":"Cochem-Zell","cx":7.209,"cy":50.109}},
{"type":"Feature","geometry":{"type":"Polygon","coordinates":[[[7.2554,50.1603],[7.2328,50.145],[7.2313,50.1384],[7.2217,50.133],[7.2209,50.1284],[7.2199,50.125],[7.2285,50.1217],[7.2391,50.1132],[7.246,50.1167],[7.2575,50.1188],[7.2593,50.1124],[7.2662,50.1094],[7.2781,50.1095],[7.2794,50.109],[7.29,50.12],[7.2768,50.125],[7.2743,50.1304],[7.2659,50.1375],[7.2683,50.1484],[7.2615,50.1533],[7.264,50.1566],[7.2554,50.1603]]]},"properties":{"id":"07135017","name":"Bruttig-Fankel","subdivision":"Cochem-Zell","cx":7.251,"cy":50.133}},
{"type":"Feature","geometry":{"type":"Polygon","coordinates":[[[7.1456,50.16],[7.1616,50.1538],[7.1662,50.1599],[7.1731,50.1582],[7.1809,50.1615],[7.1872,50.1608],[7.1925,50.154],[7.2114,50.1606],[7.2135,50.1628],[7.2286,50.1627],[7.2296,50.1726],[7.2225,50.1812],[7.2156,50.1845],[7.2151,50.1896],[7.2073,50.1876],[7.1948,50.1927],[7.1967,50.188],[7.1803,50.1817],[7.1774,50.1828],[7.1618,50.1834],[7.1511,50.1753],[7.146,50.1669],[7.1456,50.16]]]},"properties":{"id":"07135049","name":"Klotten","subdivision":"Cochem-Zell","cx":7.195,"cy":50.172}},
{"type":"Feature","geometry":{"type":"Polygon","coordinates":[[[7.1456,50.16],[7.1397,50.1595],[7.1373,50.168],[7.1176,50.1794],[7.108,50.1748],[7.1184,50.1685],[7.1185,50.1611],[7.1308,50.1599],[7.1327,50.1427],[7.1266,50.136],[7.1409,50.128],[7.1308,50.1214],[7.1432,50.1195],[7.1518,50.1278],[7.159,50.1244],[7.1713,50.1266],[7.1749,50.1205],[7.1826,50.1194],[7.1898,50.1248],[7.1965,50.1292],[7.1967,50.1379],[7.2008,50.1415],[7.2113,50.1508],[7.2114,50.1606],[7.1925,50.154],[7.1872,50.1608],[7.1809,50.1615],[7.1731,50.1582],[7.1662,50.1599],[7.1616,50.1538],[7.1456,50.16]]]},"properties":{"id":"07135020","name":"Cochem","subdivision":"Cochem-Zell","cx":7.172,"cy":50.142}},
{"type":"Feature","geometry":{"type":"Polygon","coordinates":[[[7.1266,50.136],[7.1108,50.1356],[7.1049,50.1326],[7.1017,50.1267],[7.1061,50.1176],[7.1177,50.1122],[7.1312,50.1141],[7.1308,50.1214],[7.1409,50.128],[7.1266,50.136]]]},"properties":{"id":"07135021","name":"Dohr","subdivision":"Cochem-Zell","cx":7.12,"cy":50.125}},
{"type":"Feature","geometry":{"type":"Polygon","coordinates":[[[7.1266,50.1001],[7.1376,50.0988],[7.1465,50.094],[7.1559,50.0837],[7.1711,50.0789],[7.1771,50.0715],[7.1756,50.0663],[7.1777,50.0652],[7.1796,50.071],[7.1883,50.0777],[7.185,50.0831],[7.1838,50.0912],[7.1803,50.1039],[7.1898,50.1102],[7.1965,50.1161],[7.1961,50.1224],[7.1898,50.1248],[7.1826,50.1194],[7.1749,50.1205],[7.1713,50.1266],[7.159,50.1244],[7.1518,50.1278],[7.1432,50.1195],[7.1308,50.1214],[7.1312,50.1141],[7.1177,50.1122],[7.1061,50.1176],[7.0961,50.117],[7.0857,50.1139],[7.0827,50.1125],[7.0867,50.1109],[7.0982,50.113],[7.1035,50.1079],[7.1142,50.1072],[7.1231,50.1093],[7.1286,50.1056],[7.1266,50.1001]]]},"properties":{"id":"07135024","name":"Ediger-Eller","subdivision":"Cochem-Zell","cx":7.158,"cy":50.106}},
{"type":"Feature","geometry":{"type":"Polygon","coordinates":[[[7.2583,50.0992],[7.26,50.1036],[7.2781,50.1095],[7.2662,50.1094],[7.2593,50.1124],[7.2575,50.1188],[7.246,50.1167],[7.2391,50.1132],[7.2285,50.1217],[7.2199,50.125],[7.2209,50.1284],[7.2053,50.1224],[7.1965,50.1292],[7.1898,50.1248],[7.1961,50.1224],[7.1965,50.1161],[7.1898,50.1102],[7.1936,50.1089],[7.2079,50.1179],[7.2172,50.1103],[7.227,50.1058],[7.2337,50.1075],[7.2421,50.112],[7.2419,50.1015],[7.2583,50.0992]]]},"properties":{"id":"07135025","name":"Ellenz-Poltersdorf","subdivision":"Cochem-Zell","cx":7.25,"cy":50.11}},
{"type":"Feature","geometry":{"type":"Polygon","coordinates":[[[7.2328,50.145],[7.2245,50.1461],[7.2095,50.1409],[7.2008,50.1415],[7.1967,50.1379],[7.1965,50.1292],[7.2053,50.1224],[7.2209,50.1284],[7.2217,50.133],[7.2313,50.1384],[7.2328,50.145]]]},"properties":{"id":"07135027","name":"Ernst","subdivision":"Cochem-Zell","cx":7.213,"cy":50.134}},
{"type":"Feature","geometry":{"type":"Polygon","coordinates":[[[7.108,50.1748],[7.0993,50.1659],[7.1031,50.1562],[7.1014,50.152],[7.0915,50.145],[7.096,50.1384],[7.1049,50.1326],[7.1108,50.1356],[7.1266,50.136],[7.1327,50.1427],[7.1308,50.1599],[7.1185,50.1611],[7.1184,50.1685],[7.108,50.1748]]]},"properties":{"id":"07135029","name":"Faid","subdivision":"Cochem-Zell","cx":7.113,"cy":50.15}},
{"type":"Feature","geometry":{"type":"Polygon","coordinates":[[[7.1618,50.1834],[7.1314,50.1974],[7.1255,50.2032],[7.106,50.2036],[7.0985,50.194],[7.1098,50.1833],[7.1176,50.1794],[7.1373,50.168],[7.1397,50.1595],[7.1456,50.16],[7.146,50.1669],[7.1511,50.1753],[7.1618,50.1834]]]},"properties":{"id":"07135036","name":"Greimersburg","subdivision":"Cochem-Zell","cx":7.129,"cy":50.186}},
{"type":"Feature","geometry":{"type":"Polygon","coordinates":[[[7.376,50.1338],[7.3744,50.1392],[7.3687,50.1407],[7.3535,50.1534],[7.3422,50.1477],[7.3375,50.1558],[7.3305,50.1505],[7.3241,50.15],[7.3038,50.1419],[7.3043,50.1382],[7.3142,50.1343],[7.3287,50.1252],[7.3391,50.1294],[7.3438,50.1264],[7.3579,50.1328],[7.3691,50.1288],[7.376,50.1338]]]},"properties":{"id":"07135053","name":"Lieg","subdivision":"Cochem-Zell","cx":7.335,"cy":50.139}},
{"type":"Feature","geometry":{"type":"Polygon","coordinates":[[[7.3687,50.1407],[7.3642,50.147],[7.3739,50.1571],[7.3819,50.1608],[7.3748,50.1735],[7.3692,50.1718],[7.3646,50.1694],[7.3555,50.1705],[7.3499,50.1679],[7.3521,50.1633],[7.3402,50.1593],[7.3375,50.1558],[7.3422,50.1477],[7.3535,50.1534],[7.3687,50.1407]]]},"properties":{"id":"07135056","name":"Lütz","subdivision":"Cochem-Zell","cx":7.361,"cy":50.16}},
{"type":"Feature","geometry":{"type":"Polygon","coordinates":[[[7.1936,50.1089],[7.1906,50.1038],[7.1932,50.097],[7.2028,50.0888],[7.216,50.0902],[7.2212,50.0949],[7.221,50.0995],[7.2126,50.1031],[7.2038,50.1029],[7.1936,50.1089]]]},"properties":{"id":"07135060","name":"Mesenich","subdivision":"Cochem-Zell","cx":7.206,"cy":50.097}},
{"type":"Feature","geometry":{"type":"Polygon","coordinates":[[[7.3634,50.2181],[7.35,50.2073],[7.3503,50.1983],[7.3523,50.1935],[7.3608,50.1861],[7.3713,50.1912],[7.3764,50.2014],[7.3836,50.2092],[7.3776,50.2108],[7.3661,50.2129],[7.3634,50.2181]]]},"properties":{"id":"07135065","name":"Moselkern","subdivision":"Cochem-Zell","cx":7.364,"cy":50.202}},
{"type":"Feature","geometry":{"type":"MultiPolygon","coordinates":[[[[7.3692,50.1718],[7.3738,50.1771],[7.3644,50.1778],[7.359,50.1824],[7.3456,50.1809],[7.3448,50.1697],[7.3499,50.1679],[7.3555,50.1705],[7.3646,50.1694],[7.3692,50.1718]]],[[[7.3503,50.1983],[7.3454,50.2008],[7.3345,50.2008],[7.3257,50.1985],[7.3173,50.1994],[7.3138,50.1911],[7.3152,50.1862],[7.3338,50.1823],[7.3447,50.1835],[7.3608,50.1861],[7.3523,50.1935],[7.3503,50.1983]]]]},"properties":{"id":"07135066","name":"Müden (Mosel)","subdivision":"Cochem-Zell","cx":7.335,"cy":50.191}},
{"type":"Feature","geometry":{"type":"Polygon","coordinates":[[[7.185,50.0831],[7.1929,50.0793],[7.1891,50.0919],[7.1838,50.0912],[7.185,50.0831]]]},"properties":{"id":"07135069","name":"Nehren","subdivision":"Cochem-Zell","cx":7.188,"cy":50.086}},
{"type":"Feature","geometry":{"type":"Polygon","coordinates":[[[7.2286,50.1627],[7.2404,50.1631],[7.2409,50.168],[7.2609,50.1671],[7.2904,50.1689],[7.2962,50.1737],[7.2911,50.1769],[7.29,50.1864],[7.2835,50.1905],[7.2792,50.1918],[7.2701,50.1745],[7.2565,50.1779],[7.2449,50.173],[7.2296,50.1726],[7.2286,50.1627]]]},"properties":{"id":"07135072","name":"Pommern","subdivision":"Cochem-Zell","cx":7.28,"cy":50.176}},
{"type":"Feature","geometry":{"type":"Polygon","coordinates":[[[7.2326,50.0962],[7.2212,50.0949],[7.216,50.0902],[7.2028,50.0888],[7.1932,50.097],[7.1906,50.1038],[7.1936,50.1089],[7.1898,50.1102],[7.1803,50.1039],[7.1838,50.0912],[7.1891,50.0919],[7.1929,50.0793],[7.185,50.0831],[7.1883,50.0777],[7.1796,50.071],[7.1777,50.0652],[7.1826,50.0608],[7.1996,50.0608],[7.2049,50.056],[7.2125,50.0542],[7.2053,50.0469],[7.2182,50.0468],[7.2119,50.05],[7.2152,50.0538],[7.212,50.0557],[7.2173,50.0621],[7.2099,50.0718],[7.2227,50.0783],[7.2469,50.0803],[7.2445,50.0909],[7.2479,50.095],[7.2306,50.0912],[7.2326,50.0962]]]},"properties":{"id":"07135079","name":"Senheim","subdivision":"Cochem-Zell","cx":7.205,"cy":50.08}},
{"type":"Feature","geometry":{"type":"Polygon","coordinates":[[[7.1877,50.2336],[7.1921,50.2184],[7.1822,50.2127],[7.1899,50.2122],[7.2091,50.2145],[7.2143,50.2194],[7.2101,50.231],[7.2173,50.2343],[7.2165,50.2346],[7.2098,50.2324],[7.2042,50.2359],[7.1877,50.2336]]]},"properties":{"id":"07135093","name":"Zettingen","subdivision":"Cochem-Zell","cx":7.2,"cy":50.224}},
{"type":"Feature","geometry":{"type":"Polygon","coordinates":[[[7.29,50.12],[7.2933,50.119],[7.3039,50.1282],[7.3142,50.1343],[7.3043,50.1382],[7.3038,50.1419],[7.3241,50.15],[7.3305,50.1505],[7.3375,50.1558],[7.3402,50.1593],[7.3521,50.1633],[7.3499,50.1679],[7.3448,50.1697],[7.3456,50.1809],[7.3447,50.1835],[7.3338,50.1823],[7.3152,50.1862],[7.3138,50.1911],[7.3173,50.1994],[7.3141,50.199],[7.3007,50.2068],[7.2942,50.2024],[7.2848,50.1972],[7.2835,50.1905],[7.29,50.1864],[7.2911,50.1769],[7.2962,50.1737],[7.2904,50.1689],[7.2609,50.1671],[7.2409,50.168],[7.2404,50.1631],[7.2505,50.1637],[7.2554,50.1603],[7.264,50.1566],[7.2615,50.1533],[7.2683,50.1484],[7.2659,50.1375],[7.2743,50.1304],[7.2768,50.125],[7.29,50.12]]]},"properties":{"id":"07135082","name":"Treis-Karden","subdivision":"Cochem-Zell","cx":7.31,"cy":50.163}},
{"type":"Feature","geometry":{"type":"Polygon","coordinates":[[[7.2554,50.1603],[7.2505,50.1637],[7.2404,50.1631],[7.2286,50.1627],[7.2135,50.1628],[7.2114,50.1606],[7.2113,50.1508],[7.2008,50.1415],[7.2095,50.1409],[7.2245,50.1461],[7.2328,50.145],[7.2554,50.1603]]]},"properties":{"id":"07135086","name":"Valwig","subdivision":"Cochem-Zell","cx":7.227,"cy":50.154}},
{"type":"Feature","geometry":{"type":"Polygon","coordinates":[[[7.2151,50.1896],[7.2171,50.1958],[7.2308,50.1991],[7.2194,50.2004],[7.2164,50.2044],[7.2092,50.2106],[7.2091,50.2145],[7.1899,50.2122],[7.1888,50.2077],[7.1943,50.1991],[7.1948,50.1927],[7.2073,50.1876],[7.2151,50.1896]]]},"properties":{"id":"07135090","name":"Wirfus","subdivision":"Cochem-Zell","cx":7.205,"cy":50.201}},
{"type":"Feature","geometry":{"type":"Polygon","coordinates":[[[7.2308,50.1991],[7.2506,50.1972],[7.2553,50.1983],[7.2764,50.1943],[7.2784,50.1927],[7.2825,50.1948],[7.2771,50.2038],[7.2684,50.2131],[7.2625,50.2143],[7.2498,50.2125],[7.2379,50.215],[7.2287,50.2119],[7.2278,50.2086],[7.2164,50.2044],[7.2194,50.2004],[7.2308,50.1991]]]},"properties":{"id":"07135009","name":"Binningen","subdivision":"Cochem-Zell","cx":7.247,"cy":50.205}},
{"type":"Feature","geometry":{"type":"Polygon","coordinates":[[[7.2143,50.2194],[7.2221,50.2261],[7.2337,50.2259],[7.2406,50.2291],[7.2429,50.2325],[7.2341,50.2373],[7.2173,50.2343],[7.2101,50.231],[7.2143,50.2194]]]},"properties":{"id":"07135011","name":"Brachtendorf","subdivision":"Cochem-Zell","cx":7.227,"cy":50.231}},
{"type":"Feature","geometry":{"type":"Polygon","coordinates":[[[7.2792,50.1918],[7.2784,50.1927],[7.2764,50.1943],[7.2553,50.1983],[7.2506,50.1972],[7.2495,50.1858],[7.2565,50.1779],[7.2701,50.1745],[7.2792,50.1918]]]},"properties":{"id":"07135014","name":"Brieden","subdivision":"Cochem-Zell","cx":7.263,"cy":50.187}},
{"type":"Feature","geometry":{"type":"Polygon","coordinates":[[[7.1912,50.2619],[7.185,50.2657],[7.1888,50.2695],[7.1861,50.2795],[7.1771,50.2743],[7.1633,50.281],[7.1506,50.2748],[7.1464,50.268],[7.1521,50.2666],[7.1388,50.2504],[7.1543,50.2481],[7.1814,50.25],[7.1928,50.2569],[7.1912,50.2619]]]},"properties":{"id":"07135023","name":"Düngenheim","subdivision":"Cochem-Zell","cx":7.167,"cy":50.263}},
{"type":"Feature","geometry":{"type":"Polygon","coordinates":[[[7.2835,50.1905],[7.2848,50.1972],[7.2942,50.2024],[7.2972,50.2106],[7.2946,50.2186],[7.2891,50.2266],[7.274,50.2318],[7.267,50.229],[7.2682,50.2192],[7.2625,50.2143],[7.2684,50.2131],[7.2771,50.2038],[7.2825,50.1948],[7.2784,50.1927],[7.2792,50.1918],[7.2835,50.1905]]]},"properties":{"id":"07135016","name":"Brohl","subdivision":"Cochem-Zell","cx":7.282,"cy":50.215}},
{"type":"Feature","geometry":{"type":"Polygon","coordinates":[[[7.2091,50.2145],[7.2092,50.2106],[7.2164,50.2044],[7.2278,50.2086],[7.2287,50.2119],[7.2379,50.215],[7.2373,50.2238],[7.2406,50.2291],[7.2337,50.2259],[7.2221,50.2261],[7.2143,50.2194],[7.2091,50.2145]]]},"properties":{"id":"07135022","name":"Dünfus","subdivision":"Cochem-Zell","cx":7.224,"cy":50.217}},
{"type":"Feature","geometry":{"type":"Polygon","coordinates":[[[7.0912,50.2001],[7.1047,50.2164],[7.0914,50.223],[7.0837,50.2217],[7.0754,50.215],[7.0788,50.2048],[7.0912,50.2001]]]},"properties":{"id":"07135502","name":"Leienkaul","subdivision":"Cochem-Zell","cx":7.089,"cy":50.212}},
{"type":"Feature","geometry":{"type":"Polygon","coordinates":[[[7.0764,50.24],[7.0865,50.2403],[7.092,50.2442],[7.0858,50.2502],[7.073,50.2562],[7.062,50.2541],[7.0585,50.2509],[7.0586,50.2505],[7.0458,50.2389],[7.0482,50.2367],[7.0551,50.2351],[7.062,50.2395],[7.0764,50.24]]]},"properties":{"id":"07135026","name":"Eppenberg","subdivision":"Cochem-Zell","cx":7.069,"cy":50.247}},
{"type":"Feature","geometry":{"type":"Polygon","coordinates":[[[7.1543,50.2481],[7.15,50.2457],[7.1691,50.2343],[7.1766,50.234],[7.1848,50.2359],[7.1814,50.25],[7.1543,50.2481]]]},"properties":{"id":"07135028","name":"Eulgem","subdivision":"Cochem-Zell","cx":7.17,"cy":50.242}},
{"type":"Feature","geometry":{"type":"Polygon","coordinates":[[[7.2625,50.2143],[7.2682,50.2192],[7.267,50.229],[7.249,50.2348],[7.2429,50.2325],[7.2406,50.2291],[7.2373,50.2238],[7.2379,50.215],[7.2498,50.2125],[7.2625,50.2143]]]},"properties":{"id":"07135031","name":"Forst (Eifel)","subdivision":"Cochem-Zell","cx":7.252,"cy":50.223}},
{"type":"Feature","geometry":{"type":"Polygon","coordinates":[[[7.2165,50.2346],[7.21,50.2446],[7.2075,50.2522],[7.2123,50.258],[7.1976,50.2641],[7.1912,50.2619],[7.1928,50.2569],[7.1814,50.25],[7.1848,50.2359],[7.1877,50.2336],[7.2042,50.2359],[7.2098,50.2324],[7.2165,50.2346]]]},"properties":{"id":"07135033","name":"Gamlen","subdivision":"Cochem-Zell","cx":7.198,"cy":50.247}},
{"type":"Feature","geometry":{"type":"Polygon","coordinates":[[[7.1877,50.2336],[7.1848,50.2359],[7.1766,50.234],[7.1655,50.23],[7.1586,50.2303],[7.1525,50.2187],[7.1822,50.2127],[7.1921,50.2184],[7.1877,50.2336]]]},"properties":{"id":"07135038","name":"Hambuch","subdivision":"Cochem-Zell","cx":7.176,"cy":50.224}},
{"type":"Feature","geometry":{"type":"Polygon","coordinates":[[[7.092,50.2442],[7.099,50.2448],[7.1194,50.2509],[7.1119,50.2554],[7.1138,50.2701],[7.1132,50.2705],[7.0908,50.2611],[7.0868,50.2575],[7.0858,50.2502],[7.092,50.2442]]]},"properties":{"id":"07135040","name":"Hauroth","subdivision":"Cochem-Zell","cx":7.101,"cy":50.256}},
{"type":"Feature","geometry":{"type":"Polygon","coordinates":[[[7.1948,50.1927],[7.1943,50.1991],[7.1888,50.2077],[7.1899,50.2122],[7.1822,50.2127],[7.1525,50.2187],[7.1504,50.2178],[7.144,50.2129],[7.1524,50.202],[7.1579,50.1997],[7.1664,50.2009],[7.1677,50.1945],[7.1728,50.1931],[7.1774,50.1828],[7.1803,50.1817],[7.1967,50.188],[7.1948,50.1927]]]},"properties":{"id":"07135042","name":"Illerich","subdivision":"Cochem-Zell","cx":7.176,"cy":50.203}},
{"type":"Feature","geometry":{"type":"Polygon","coordinates":[[[7.2173,50.2343],[7.2341,50.2373],[7.2455,50.2448],[7.2436,50.2534],[7.246,50.2612],[7.2375,50.2601],[7.23,50.2634],[7.2244,50.2602],[7.2123,50.258],[7.2075,50.2522],[7.21,50.2446],[7.2165,50.2346],[7.2173,50.2343]]]},"properties":{"id":"07135043","name":"Kaifenheim","subdivision":"Cochem-Zell","cx":7.227,"cy":50.249}},
{"type":"Feature","geometry":{"type":"Polygon","coordinates":[[[7.2296,50.1726],[7.2449,50.173],[7.2565,50.1779],[7.2495,50.1858],[7.2506,50.1972],[7.2308,50.1991],[7.2171,50.1958],[7.2151,50.1896],[7.2156,50.1845],[7.2225,50.1812],[7.2296,50.1726]]]},"properties":{"id":"07135044","name":"Kail","subdivision":"Cochem-Zell","cx":7.235,"cy":50.186}},
{"type":"Feature","geometry":{"type":"Polygon","coordinates":[[[7.0029,50.1595],[6.9977,50.1649],[6.9912,50.1662],[6.9804,50.1626],[6.9716,50.1627],[6.9617,50.1584],[6.9564,50.1586],[6.9581,50.1553],[6.9716,50.1468],[6.981,50.1477],[6.9954,50.1539],[7.0029,50.1595]]]},"properties":{"id":"07135091","name":"Wollmerath","subdivision":"Cochem-Zell","cx":6.98,"cy":50.156}},
{"type":"Feature","geometry":{"type":"Polygon","coordinates":[[[7.1388,50.2504],[7.1334,50.2486],[7.1287,50.2382],[7.1286,50.2322],[7.1116,50.2228],[7.1145,50.2195],[7.1047,50.2164],[7.1159,50.2193],[7.1295,50.2171],[7.1504,50.2178],[7.1525,50.2187],[7.1586,50.2303],[7.1655,50.23],[7.1766,50.234],[7.1691,50.2343],[7.15,50.2457],[7.1543,50.2481],[7.1388,50.2504]]]},"properties":{"id":"07135045","name":"Kaisersesch","subdivision":"Cochem-Zell","cx":7.142,"cy":50.232}},
{"type":"Feature","geometry":{"type":"Polygon","coordinates":[[[7.0858,50.2502],[7.0868,50.2575],[7.0908,50.2611],[7.1132,50.2705],[7.1007,50.2733],[7.0872,50.2714],[7.0774,50.272],[7.0715,50.281],[7.0688,50.2798],[7.0704,50.2769],[7.0622,50.2618],[7.0585,50.2509],[7.062,50.2541],[7.073,50.2562],[7.0858,50.2502]]]},"properties":{"id":"07135046","name":"Kalenborn (Cochem-Zell)","subdivision":"Cochem-Zell","cx":7.081,"cy":50.264}},
{"type":"Feature","geometry":{"type":"Polygon","coordinates":[[[7.1774,50.1828],[7.1728,50.1931],[7.1677,50.1945],[7.1664,50.2009],[7.1579,50.1997],[7.1524,50.202],[7.144,50.2129],[7.1504,50.2178],[7.1295,50.2171],[7.1159,50.2193],[7.1047,50.2164],[7.0912,50.2001],[7.0985,50.194],[7.106,50.2036],[7.1255,50.2032],[7.1314,50.1974],[7.1618,50.1834],[7.1774,50.1828]]]},"properties":{"id":"07135051","name":"Landkern","subdivision":"Cochem-Zell","cx":7.137,"cy":50.205}},
{"type":"Feature","geometry":{"type":"Polygon","coordinates":[[[7.0914,50.223],[7.0804,50.2331],[7.0764,50.24],[7.062,50.2395],[7.0551,50.2351],[7.0482,50.2367],[7.0447,50.2304],[7.0501,50.2266],[7.062,50.2304],[7.0747,50.227],[7.079,50.2226],[7.0754,50.215],[7.0837,50.2217],[7.0914,50.223]]]},"properties":{"id":"07135052","name":"Laubach (Cochem-Zell)","subdivision":"Cochem-Zell","cx":7.069,"cy":50.234}},
{"type":"Feature","geometry":{"type":"Polygon","coordinates":[[[7.1047,50.2164],[7.1145,50.2195],[7.1116,50.2228],[7.1286,50.2322],[7.1287,50.2382],[7.1334,50.2486],[7.1194,50.2509],[7.099,50.2448],[7.092,50.2442],[7.0865,50.2403],[7.0764,50.24],[7.0804,50.2331],[7.0914,50.223],[7.1047,50.2164]]]},"properties":{"id":"07135058","name":"Masburg","subdivision":"Cochem-Zell","cx":7.107,"cy":50.235}},
{"type":"Feature","geometry":{"type":"Polygon","coordinates":[[[7.2972,50.2106],[7.3083,50.2066],[7.3187,50.2143],[7.3151,50.2203],[7.3059,50.2206],[7.2951,50.2338],[7.2915,50.2358],[7.2791,50.2371],[7.274,50.2318],[7.2891,50.2266],[7.2946,50.2186],[7.2972,50.2106]]]},"properties":{"id":"07135062","name":"Möntenich","subdivision":"Cochem-Zell","cx":7.301,"cy":50.217}},
{"type":"Feature","geometry":{"type":"Polygon","coordinates":[[[7.0754,50.215],[7.079,50.2226],[7.0747,50.227],[7.062,50.2304],[7.0501,50.2266],[7.0558,50.2167],[7.0542,50.2128],[7.0584,50.2044],[7.0653,50.2029],[7.0782,50.2042],[7.0788,50.2048],[7.0754,50.215]]]},"properties":{"id":"07135067","name":"Müllenbach (Cochem-Zell)","subdivision":"Cochem-Zell","cx":7.066,"cy":50.217}},
{"type":"Feature","geometry":{"type":"Polygon","coordinates":[[[7.2429,50.2325],[7.249,50.2348],[7.267,50.229],[7.274,50.2318],[7.2791,50.2371],[7.2915,50.2358],[7.2887,50.2403],[7.2728,50.2484],[7.2689,50.2519],[7.2575,50.2547],[7.2436,50.2534],[7.2455,50.2448],[7.2341,50.2373],[7.2429,50.2325]]]},"properties":{"id":"07135075","name":"Roes","subdivision":"Cochem-Zell","cx":7.261,"cy":50.242}},
{"type":"Feature","geometry":{"type":"Polygon","coordinates":[[[7.1464,50.268],[7.1375,50.265],[7.1203,50.2682],[7.1233,50.2773],[7.1138,50.2701],[7.1119,50.2554],[7.1194,50.2509],[7.1334,50.2486],[7.1388,50.2504],[7.1521,50.2666],[7.1464,50.268]]]},"properties":{"id":"07135084","name":"Urmersbach","subdivision":"Cochem-Zell","cx":7.129,"cy":50.259}},
{"type":"Feature","geometry":{"type":"Polygon","coordinates":[[[7.0653,50.2029],[7.0531,50.1968],[7.0447,50.1954],[7.0275,50.2006],[7.0249,50.1948],[7.017,50.1877],[7.0112,50.1777],[7.0154,50.1727],[7.025,50.1652],[7.0385,50.161],[7.0432,50.1583],[7.053,50.159],[7.066,50.1763],[7.0683,50.1824],[7.0641,50.1987],[7.075,50.1993],[7.0782,50.2042],[7.0653,50.2029]]]},"properties":{"id":"07135002","name":"Alflen","subdivision":"Cochem-Zell","cx":7.043,"cy":50.18}},
{"type":"Feature","geometry":{"type":"Polygon","coordinates":[[[7.0275,50.2006],[7.0095,50.2039],[6.9999,50.1931],[6.9904,50.1917],[6.9822,50.1844],[6.9899,50.1766],[6.996,50.1762],[6.9992,50.1688],[7.0154,50.1727],[7.0112,50.1777],[7.017,50.1877],[7.0249,50.1948],[7.0275,50.2006]]]},"properties":{"id":"07135005","name":"Auderath","subdivision":"Cochem-Zell","cx":7.005,"cy":50.186}},
{"type":"Feature","geometry":{"type":"Polygon","coordinates":[[[7.0686,50.1047],[7.0488,50.0969],[7.0392,50.0902],[7.037,50.0857],[7.0444,50.0769],[7.0558,50.0699],[7.0597,50.0678],[7.0724,50.0645],[7.0852,50.0661],[7.0799,50.0709],[7.0825,50.0772],[7.0893,50.086],[7.0981,50.0869],[7.0827,50.0983],[7.0764,50.0982],[7.0686,50.1047]]]},"properties":{"id":"07135008","name":"Beuren","subdivision":"Cochem-Zell","cx":7.066,"cy":50.085}},
{"type":"Feature","geometry":{"type":"Polygon","coordinates":[[[7.1176,50.1794],[7.1098,50.1833],[7.0985,50.194],[7.0912,50.2001],[7.0788,50.2048],[7.0782,50.2042],[7.075,50.1993],[7.0641,50.1987],[7.0683,50.1824],[7.066,50.1763],[7.053,50.159],[7.0709,50.1591],[7.0993,50.1659],[7.108,50.1748],[7.1176,50.1794]]]},"properties":{"id":"07135018","name":"Büchel","subdivision":"Cochem-Zell","cx":7.084,"cy":50.18}},
{"type":"Feature","geometry":{"type":"Polygon","coordinates":[[[6.9912,50.1662],[6.9992,50.1688],[6.996,50.1762],[6.9899,50.1766],[6.9822,50.1844],[6.9695,50.1769],[6.972,50.1756],[6.9683,50.1655],[6.9716,50.1627],[6.9804,50.1626],[6.9912,50.1662]]]},"properties":{"id":"07135030","name":"Filz","subdivision":"Cochem-Zell","cx":6.982,"cy":50.172}},
{"type":"Feature","geometry":{"type":"Polygon","coordinates":[[[7.0993,50.1659],[7.0709,50.1591],[7.053,50.159],[7.0432,50.1583],[7.0351,50.1539],[7.0441,50.1467],[7.0494,50.1388],[7.0582,50.1476],[7.0666,50.1493],[7.0863,50.145],[7.0915,50.145],[7.1014,50.152],[7.1031,50.1562],[7.0993,50.1659]]]},"properties":{"id":"07135034","name":"Gevenich","subdivision":"Cochem-Zell","cx":7.084,"cy":50.154}},
{"type":"Feature","geometry":{"type":"Polygon","coordinates":[[[6.9954,50.1539],[6.9908,50.1497],[6.9941,50.1455],[7.0042,50.1412],[7.0125,50.1422],[7.0351,50.1539],[7.0432,50.1583],[7.0385,50.161],[7.0321,50.1618],[7.0221,50.1591],[7.0116,50.1609],[7.0029,50.1595],[6.9954,50.1539]]]},"properties":{"id":"07135035","name":"Gillenbeuren","subdivision":"Cochem-Zell","cx":7.013,"cy":50.152}},
{"type":"Feature","geometry":{"type":"Polygon","coordinates":[[[7.0827,50.1125],[7.0857,50.1139],[7.0738,50.1106],[7.0611,50.1129],[7.0473,50.1105],[7.0358,50.1142],[7.0337,50.1066],[7.0304,50.1027],[7.0316,50.091],[7.037,50.0857],[7.0392,50.0902],[7.0488,50.0969],[7.0686,50.1047],[7.0759,50.1107],[7.0827,50.1125]]]},"properties":{"id":"07135048","name":"Kliding","subdivision":"Cochem-Zell","cx":7.044,"cy":50.103}},
{"type":"Feature","geometry":{"type":"Polygon","coordinates":[[[7.5814,50.5344],[7.5738,50.5337],[7.5609,50.5329],[7.5494,50.5294],[7.5438,50.5221],[7.5649,50.5131],[7.571,50.5147],[7.5744,50.5196],[7.5819,50.5165],[7.5909,50.5237],[7.5852,50.5333],[7.5814,50.5344]]]},"properties":{"id":"07138066","name":"Rüscheid","subdivision":"Neuwied","cx":7.567,"cy":50.525}},
{"type":"Feature","geometry":{"type":"Polygon","coordinates":[[[7.0351,50.1539],[7.0125,50.1422],[7.0042,50.1412],[6.9941,50.1455],[6.99,50.1371],[6.9956,50.1331],[6.9825,50.1281],[6.9794,50.1229],[6.9807,50.1171],[6.9776,50.1131],[6.9813,50.1047],[6.979,50.0979],[6.9784,50.0866],[6.9828,50.0826],[7.0031,50.0854],[7.0078,50.0998],[7.023,50.1059],[7.0337,50.1066],[7.0358,50.1142],[7.0416,50.1207],[7.0541,50.1288],[7.0494,50.1388],[7.0441,50.1467],[7.0351,50.1539]]]},"properties":{"id":"07135057","name":"Lutzerath","subdivision":"Cochem-Zell","cx":7.011,"cy":50.12}},
{"type":"Feature","geometry":{"type":"Polygon","coordinates":[[[7.0029,50.1595],[7.0116,50.1609],[7.0221,50.1591],[7.0321,50.1618],[7.0385,50.161],[7.025,50.1652],[7.0154,50.1727],[6.9992,50.1688],[6.9912,50.1662],[6.9977,50.1649],[7.0029,50.1595]]]},"properties":{"id":"07135078","name":"Schmitt","subdivision":"Cochem-Zell","cx":7.013,"cy":50.166}},
{"type":"Feature","geometry":{"type":"Polygon","coordinates":[[[7.0458,50.2389],[7.0366,50.2364],[7.032,50.2252],[7.0232,50.2256],[7.0045,50.2223],[7.0052,50.2274],[6.9948,50.2366],[6.9876,50.2335],[6.9788,50.2368],[6.9661,50.2269],[6.9586,50.2263],[6.9553,50.2234],[6.96,50.2175],[6.9539,50.2135],[6.9552,50.2013],[6.9634,50.1874],[6.9648,50.1799],[6.9695,50.1769],[6.9822,50.1844],[6.9904,50.1917],[6.9999,50.1931],[7.0095,50.2039],[7.0275,50.2006],[7.0447,50.1954],[7.0531,50.1968],[7.0653,50.2029],[7.0584,50.2044],[7.0542,50.2128],[7.0558,50.2167],[7.0501,50.2266],[7.0447,50.2304],[7.0482,50.2367],[7.0458,50.2389]]]},"properties":{"id":"07135083","name":"Ulmen","subdivision":"Cochem-Zell","cx":6.988,"cy":50.211}},
{"type":"Feature","geometry":{"type":"Polygon","coordinates":[[[7.1017,50.1267],[7.0742,50.1248],[7.0697,50.1313],[7.0541,50.1288],[7.0416,50.1207],[7.0358,50.1142],[7.0473,50.1105],[7.0611,50.1129],[7.0738,50.1106],[7.0857,50.1139],[7.0961,50.117],[7.1061,50.1176],[7.1017,50.1267]]]},"properties":{"id":"07135085","name":"Urschmitt","subdivision":"Cochem-Zell","cx":7.067,"cy":50.12}},
{"type":"Feature","geometry":{"type":"Polygon","coordinates":[[[6.9716,50.1468],[6.9761,50.1394],[6.99,50.1371],[6.9941,50.1455],[6.9908,50.1497],[6.9954,50.1539],[6.981,50.1477],[6.9716,50.1468]]]},"properties":{"id":"07135087","name":"Wagenhausen","subdivision":"Cochem-Zell","cx":6.985,"cy":50.143}},
{"type":"Feature","geometry":{"type":"Polygon","coordinates":[[[7.1049,50.1326],[7.096,50.1384],[7.0915,50.145],[7.0863,50.145],[7.0666,50.1493],[7.0582,50.1476],[7.0494,50.1388],[7.0541,50.1288],[7.0697,50.1313],[7.0742,50.1248],[7.1017,50.1267],[7.1049,50.1326]]]},"properties":{"id":"07135089","name":"Weiler (Cochem-Zell)","subdivision":"Cochem-Zell","cx":7.077,"cy":50.137}},
{"type":"Feature","geometry":{"type":"Polygon","coordinates":[[[7.037,50.0857],[7.0316,50.091],[7.0304,50.1027],[7.0337,50.1066],[7.023,50.1059],[7.0078,50.0998],[7.0031,50.0854],[7.0024,50.0803],[7.0152,50.078],[7.021,50.0735],[7.0227,50.0667],[7.0424,50.0655],[7.0558,50.0699],[7.0444,50.0769],[7.037,50.0857]]]},"properties":{"id":"07135501","name":"Bad Bertrich","subdivision":"Cochem-Zell","cx":7.02,"cy":50.088}},
{"type":"Feature","geometry":{"type":"Polygon","coordinates":[[[7.0852,50.0661],[7.0887,50.0628],[7.0985,50.062],[7.1011,50.0572],[7.099,50.0498],[7.1032,50.0473],[7.119,50.0507],[7.1289,50.0477],[7.1327,50.0492],[7.1282,50.0551],[7.1307,50.0643],[7.1203,50.067],[7.1116,50.0733],[7.0973,50.0698],[7.0825,50.0772],[7.0799,50.0709],[7.0852,50.0661]]]},"properties":{"id":"07135001","name":"Alf","subdivision":"Cochem-Zell","cx":7.11,"cy":50.062}},
{"type":"Feature","geometry":{"type":"Polygon","coordinates":[[[7.2605,49.9763],[7.2684,49.972],[7.2838,49.9703],[7.2909,49.9814],[7.287,49.9859],[7.2864,49.9939],[7.2717,49.9946],[7.2632,49.9916],[7.2525,49.9944],[7.25,49.9946],[7.245,49.9883],[7.2474,49.9843],[7.2602,49.982],[7.2605,49.9763]]]},"properties":{"id":"07135003","name":"Altlay","subdivision":"Cochem-Zell","cx":7.271,"cy":49.983}},
{"type":"Feature","geometry":{"type":"Polygon","coordinates":[[[7.2794,50.109],[7.2796,50.1043],[7.2742,50.0982],[7.2868,50.0946],[7.2965,50.0851],[7.2963,50.0753],[7.3114,50.0684],[7.3132,50.073],[7.3073,50.0803],[7.3144,50.0843],[7.3211,50.0967],[7.3088,50.1035],[7.3055,50.1106],[7.3,50.112],[7.2933,50.119],[7.29,50.12],[7.2794,50.109]]]},"properties":{"id":"07135004","name":"Altstrimmig","subdivision":"Cochem-Zell","cx":7.3,"cy":50.097}},
{"type":"Feature","geometry":{"type":"Polygon","coordinates":[[[7.313,50.0306],[7.3093,50.0388],[7.3162,50.0438],[7.3321,50.0505],[7.331,50.052],[7.3254,50.0493],[7.3136,50.0518],[7.3076,50.0475],[7.3,50.0504],[7.2893,50.0467],[7.2956,50.0415],[7.2827,50.0342],[7.2887,50.0295],[7.3088,50.0277],[7.313,50.0306]]]},"properties":{"id":"07135010","name":"Blankenrath","subdivision":"Cochem-Zell","cx":7.302,"cy":50.038}},
{"type":"Feature","geometry":{"type":"Polygon","coordinates":[[[7.25,49.9946],[7.2191,49.9869],[7.2093,49.9916],[7.1989,49.9928],[7.1923,49.9971],[7.1895,50.0027],[7.1734,50.0074],[7.169,50.0144],[7.1573,50.0232],[7.1543,50.0353],[7.1448,50.0408],[7.1397,50.0397],[7.1282,50.0177],[7.1302,50.0082],[7.1361,50.0046],[7.1362,49.9999],[7.1454,49.9995],[7.1467,49.9957],[7.1468,49.9906],[7.1628,49.9934],[7.1736,49.9893],[7.1965,49.9864],[7.1897,49.977],[7.2027,49.9663],[7.2156,49.9673],[7.2432,49.9594],[7.2532,49.9618],[7.2535,49.9684],[7.2584,49.9699],[7.2605,49.9763],[7.2602,49.982],[7.2474,49.9843],[7.245,49.9883],[7.25,49.9946]]]},"properties":{"id":"07135013","name":"Briedel","subdivision":"Cochem-Zell","cx":7.158,"cy":50.006}},
{"type":"Feature","geometry":{"type":"Polygon","coordinates":[[[7.1771,50.0715],[7.1651,50.0673],[7.1511,50.0656],[7.1307,50.0691],[7.1307,50.0643],[7.1282,50.0551],[7.1327,50.0492],[7.1374,50.0464],[7.1527,50.0553],[7.1585,50.0643],[7.1756,50.0663],[7.1771,50.0715]]]},"properties":{"id":"07135019","name":"Bullay","subdivision":"Cochem-Zell","cx":7.142,"cy":50.059}},
{"type":"Feature","geometry":{"type":"Polygon","coordinates":[[[7.3114,50.0684],[7.3147,50.0659],[7.3182,50.0682],[7.3201,50.0741],[7.3394,50.0918],[7.3374,50.095],[7.3211,50.0967],[7.3144,50.0843],[7.3073,50.0803],[7.3132,50.073],[7.3114,50.0684]]]},"properties":{"id":"07135032","name":"Forst (Hunsrück)","subdivision":"Cochem-Zell","cx":7.322,"cy":50.085}},
{"type":"Feature","geometry":{"type":"Polygon","coordinates":[[[7.2182,50.0468],[7.2305,50.0465],[7.2514,50.0363],[7.2526,50.0356],[7.261,50.0395],[7.2527,50.0485],[7.2275,50.0596],[7.2381,50.0649],[7.2399,50.0705],[7.2495,50.0733],[7.2469,50.0803],[7.2227,50.0783],[7.2099,50.0718],[7.2173,50.0621],[7.212,50.0557],[7.2152,50.0538],[7.2119,50.05],[7.2182,50.0468]]]},"properties":{"id":"07135037","name":"Grenderich","subdivision":"Cochem-Zell","cx":7.224,"cy":50.069}},
{"type":"Feature","geometry":{"type":"Polygon","coordinates":[[[7.313,50.0306],[7.3173,50.026],[7.3339,50.0255],[7.3467,50.0261],[7.3321,50.0505],[7.3162,50.0438],[7.3093,50.0388],[7.313,50.0306]]]},"properties":{"id":"07135039","name":"Haserich","subdivision":"Cochem-Zell","cx":7.327,"cy":50.036}},
{"type":"Feature","geometry":{"type":"Polygon","coordinates":[[[7.2893,50.0467],[7.2804,50.0467],[7.2729,50.0524],[7.2641,50.0395],[7.2728,50.0367],[7.2827,50.0342],[7.2956,50.0415],[7.2893,50.0467]]]},"properties":{"id":"07135041","name":"Hesweiler","subdivision":"Cochem-Zell","cx":7.278,"cy":50.042}},
{"type":"Feature","geometry":{"type":"Polygon","coordinates":[[[7.2479,50.095],[7.2445,50.0909],[7.2469,50.0803],[7.2495,50.0733],[7.2455,50.0695],[7.2521,50.0598],[7.2854,50.0639],[7.2798,50.0794],[7.274,50.0842],[7.2722,50.092],[7.2649,50.0985],[7.2568,50.0991],[7.2479,50.095]]]},"properties":{"id":"07135054","name":"Liesenich","subdivision":"Cochem-Zell","cx":7.263,"cy":50.078}},
{"type":"Feature","geometry":{"type":"Polygon","coordinates":[[[7.2568,50.0991],[7.2649,50.0985],[7.2722,50.092],[7.274,50.0842],[7.2798,50.0794],[7.2854,50.0639],[7.2521,50.0598],[7.2556,50.0572],[7.2729,50.0524],[7.2804,50.0467],[7.2893,50.0467],[7.3,50.0504],[7.3097,50.056],[7.3181,50.0635],[7.3147,50.0659],[7.3114,50.0684],[7.2963,50.0753],[7.2965,50.0851],[7.2868,50.0946],[7.2742,50.0982],[7.2796,50.1043],[7.2794,50.109],[7.2781,50.1095],[7.26,50.1036],[7.2583,50.0992],[7.2568,50.0991]]]},"properties":{"id":"07135061","name":"Mittelstrimmig","subdivision":"Cochem-Zell","cx":7.296,"cy":50.064}},
{"type":"Feature","geometry":{"type":"Polygon","coordinates":[[[7.261,50.0395],[7.2641,50.0395],[7.2729,50.0524],[7.2556,50.0572],[7.2521,50.0598],[7.2455,50.0695],[7.2495,50.0733],[7.2399,50.0705],[7.2381,50.0649],[7.2275,50.0596],[7.2527,50.0485],[7.261,50.0395]]]},"properties":{"id":"07135064","name":"Moritzheim","subdivision":"Cochem-Zell","cx":7.245,"cy":50.059}},
{"type":"Feature","geometry":{"type":"Polygon","coordinates":[[[7.1348,50.0899],[7.1307,50.0691],[7.1511,50.0656],[7.1651,50.0673],[7.1771,50.0715],[7.1711,50.0789],[7.1559,50.0837],[7.1465,50.094],[7.1376,50.0988],[7.1266,50.1001],[7.1345,50.0957],[7.1348,50.0899]]]},"properties":{"id":"07135068","name":"Neef","subdivision":"Cochem-Zell","cx":7.148,"cy":50.077}},
{"type":"Feature","geometry":{"type":"Polygon","coordinates":[[[7.2887,50.0295],[7.2852,50.0276],[7.2915,50.0209],[7.2848,50.0147],[7.2949,50.0156],[7.3002,50.0119],[7.3222,50.0201],[7.3334,50.0221],[7.3339,50.0255],[7.3173,50.026],[7.313,50.0306],[7.3088,50.0277],[7.2887,50.0295]]]},"properties":{"id":"07135070","name":"Panzweiler","subdivision":"Cochem-Zell","cx":7.305,"cy":50.021}},
{"type":"Feature","geometry":{"type":"Polygon","coordinates":[[[7.2858,50.4124],[7.2956,50.4083],[7.3051,50.407],[7.3245,50.394],[7.3358,50.3934],[7.3397,50.3905],[7.3663,50.4053],[7.3788,50.4133],[7.3662,50.4159],[7.3617,50.4222],[7.3485,50.4179],[7.3445,50.4217],[7.3247,50.4223],[7.3173,50.4243],[7.3059,50.4239],[7.2984,50.4259],[7.2958,50.4354],[7.2886,50.4341],[7.2865,50.428],[7.266,50.4273],[7.2561,50.4251],[7.2621,50.4198],[7.2673,50.423],[7.2771,50.4217],[7.2851,50.4171],[7.2858,50.4124]]]},"properties":{"id":"07137081","name":"Nickenich","subdivision":"Mayen-Koblenz","cx":7.325,"cy":50.409}},
{"type":"Feature","geometry":{"type":"Polygon","coordinates":[[[7.2864,49.9939],[7.3051,49.9928],[7.3175,49.9968],[7.3342,50.004],[7.3348,50.0113],[7.3485,50.0092],[7.3551,50.015],[7.3495,50.0239],[7.3467,50.0261],[7.3339,50.0255],[7.3334,50.0221],[7.3222,50.0201],[7.3002,50.0119],[7.2949,50.0156],[7.2848,50.0147],[7.2769,50.0149],[7.264,50.0119],[7.2536,50.0098],[7.2549,50.0034],[7.2525,49.9944],[7.2632,49.9916],[7.2717,49.9946],[7.2864,49.9939]]]},"properties":{"id":"07135071","name":"Peterswald-Löffelscheid","subdivision":"Cochem-Zell","cx":7.303,"cy":50.003}},
{"type":"Feature","geometry":{"type":"Polygon","coordinates":[[[7.1032,50.0473],[7.1033,50.0361],[7.1259,50.0242],[7.1282,50.0177],[7.1397,50.0397],[7.1448,50.0408],[7.1289,50.0477],[7.119,50.0507],[7.1032,50.0473]]]},"properties":{"id":"07135073","name":"Pünderich","subdivision":"Cochem-Zell","cx":7.122,"cy":50.038}},
{"type":"Feature","geometry":{"type":"Polygon","coordinates":[[[7.331,50.052],[7.3275,50.0587],[7.3181,50.0635],[7.3097,50.056],[7.3,50.0504],[7.3076,50.0475],[7.3136,50.0518],[7.3254,50.0493],[7.331,50.052]]]},"properties":{"id":"07135074","name":"Reidenhausen","subdivision":"Cochem-Zell","cx":7.318,"cy":50.056}},
{"type":"Feature","geometry":{"type":"Polygon","coordinates":[[[7.0981,50.0869],[7.0893,50.086],[7.0825,50.0772],[7.0973,50.0698],[7.1116,50.0733],[7.1203,50.067],[7.1307,50.0643],[7.1307,50.0691],[7.1348,50.0899],[7.123,50.0854],[7.1116,50.0879],[7.0981,50.0869]]]},"properties":{"id":"07135076","name":"Sankt Aldegund","subdivision":"Cochem-Zell","cx":7.119,"cy":50.078}},
{"type":"Feature","geometry":{"type":"Polygon","coordinates":[[[7.2526,50.0356],[7.2574,50.0335],[7.2644,50.0287],[7.2651,50.0212],[7.2578,50.0167],[7.2536,50.0098],[7.264,50.0119],[7.272,50.0161],[7.278,50.0303],[7.2728,50.0367],[7.2641,50.0395],[7.261,50.0395],[7.2526,50.0356]]]},"properties":{"id":"07135077","name":"Schauren (Cochem-Zell)","subdivision":"Cochem-Zell","cx":7.27,"cy":50.027}},
{"type":"Feature","geometry":{"type":"Polygon","coordinates":[[[7.3182,50.0682],[7.3265,50.0625],[7.3407,50.0632],[7.3439,50.067],[7.3417,50.0736],[7.3457,50.083],[7.3488,50.0847],[7.3394,50.0918],[7.3201,50.0741],[7.3182,50.0682]]]},"properties":{"id":"07135080","name":"Sosberg","subdivision":"Cochem-Zell","cx":7.333,"cy":50.074}},
{"type":"Feature","geometry":{"type":"Polygon","coordinates":[[[7.2514,50.0363],[7.2468,50.0287],[7.2423,50.0269],[7.2498,50.0205],[7.2576,50.0216],[7.2574,50.0335],[7.2526,50.0356],[7.2514,50.0363]]]},"properties":{"id":"07135081","name":"Tellig","subdivision":"Cochem-Zell","cx":7.252,"cy":50.028}},
{"type":"Feature","geometry":{"type":"Polygon","coordinates":[[[7.2827,50.0342],[7.2728,50.0367],[7.278,50.0303],[7.272,50.0161],[7.264,50.0119],[7.2769,50.0149],[7.2848,50.0147],[7.2915,50.0209],[7.2852,50.0276],[7.2887,50.0295],[7.2827,50.0342]]]},"properties":{"id":"07135088","name":"Walhausen","subdivision":"Cochem-Zell","cx":7.281,"cy":50.023}},
{"type":"Feature","geometry":{"type":"Polygon","coordinates":[[[7.1756,50.0663],[7.1585,50.0643],[7.1527,50.0553],[7.1374,50.0464],[7.1327,50.0492],[7.1289,50.0477],[7.1448,50.0408],[7.1543,50.0353],[7.1573,50.0232],[7.169,50.0144],[7.1734,50.0074],[7.1895,50.0027],[7.1923,49.9971],[7.1989,49.9928],[7.2093,49.9916],[7.2191,49.9869],[7.25,49.9946],[7.2525,49.9944],[7.2549,50.0034],[7.2536,50.0098],[7.2578,50.0167],[7.2651,50.0212],[7.2644,50.0287],[7.2574,50.0335],[7.2576,50.0216],[7.2498,50.0205],[7.2423,50.0269],[7.2468,50.0287],[7.2514,50.0363],[7.2305,50.0465],[7.2182,50.0468],[7.2053,50.0469],[7.2125,50.0542],[7.2049,50.056],[7.1996,50.0608],[7.1826,50.0608],[7.1777,50.0652],[7.1756,50.0663]]]},"properties":{"id":"07135092","name":"Zell (Mosel)","subdivision":"Cochem-Zell","cx":7.206,"cy":50.022}},
{"type":"Feature","geometry":{"type":"Polygon","coordinates":[[[7.6641,50.3815],[7.6596,50.385],[7.6485,50.3838],[7.6462,50.3871],[7.6279,50.3856],[7.6174,50.3873],[7.6146,50.3807],[7.6127,50.3752],[7.6314,50.3747],[7.6575,50.3821],[7.6641,50.3815]]]},"properties":{"id":"07137224","name":"Urbar (Mayen-Koblenz)","subdivision":"Mayen-Koblenz","cx":7.633,"cy":50.381}},
{"type":"Feature","geometry":{"type":"Polygon","coordinates":[[[7.298,50.4589],[7.2943,50.452],[7.287,50.4507],[7.2908,50.4482],[7.2901,50.4388],[7.2958,50.4354],[7.2984,50.4259],[7.3059,50.4239],[7.3173,50.4243],[7.3247,50.4223],[7.3445,50.4217],[7.3485,50.4179],[7.3617,50.4222],[7.3662,50.4159],[7.3788,50.4133],[7.3879,50.4127],[7.3886,50.4052],[7.3956,50.3997],[7.4053,50.3955],[7.4035,50.3884],[7.417,50.3914],[7.4343,50.386],[7.4396,50.3875],[7.4385,50.3945],[7.4417,50.4048],[7.4471,50.4112],[7.4406,50.4141],[7.437,50.4196],[7.4435,50.4224],[7.4415,50.4271],[7.4509,50.4288],[7.4437,50.4383],[7.4378,50.4424],[7.4257,50.4445],[7.4091,50.4432],[7.3963,50.4435],[7.3817,50.4491],[7.3551,50.4658],[7.3444,50.4766],[7.3328,50.4672],[7.3179,50.4633],[7.307,50.466],[7.298,50.4589]]]},"properties":{"id":"07137003","name":"Andernach","subdivision":"Mayen-Koblenz","cx":7.35,"cy":50.443}},
{"type":"Feature","geometry":{"type":"Polygon","coordinates":[[[7.1206,50.3603],[7.1042,50.3599],[7.0977,50.3569],[7.1025,50.3462],[7.0987,50.343],[7.1075,50.3377],[7.1139,50.3368],[7.1228,50.3258],[7.1294,50.3212],[7.1387,50.3153],[7.1469,50.321],[7.1621,50.325],[7.1817,50.3172],[7.1701,50.3111],[7.1661,50.3041],[7.1697,50.3022],[7.1893,50.3084],[7.1936,50.3018],[7.2058,50.2957],[7.1968,50.2902],[7.1815,50.2872],[7.1864,50.2804],[7.1914,50.2836],[7.2087,50.2889],[7.2141,50.2854],[7.221,50.2898],[7.2293,50.2845],[7.2468,50.2818],[7.2605,50.2844],[7.2468,50.2995],[7.2521,50.3031],[7.2522,50.3089],[7.268,50.312],[7.2759,50.3182],[7.2778,50.326],[7.2881,50.3311],[7.2963,50.3316],[7.2919,50.3416],[7.285,50.3383],[7.2736,50.3369],[7.2534,50.3332],[7.2333,50.3458],[7.2289,50.3435],[7.2126,50.3445],[7.2084,50.3437],[7.1729,50.3508],[7.1527,50.3632],[7.1418,50.3577],[7.1284,50.3558],[7.1206,50.3603]]]},"properties":{"id":"07137068","name":"Mayen","subdivision":"Mayen-Koblenz","cx":7.213,"cy":50.32}},
{"type":"Feature","geometry":{"type":"Polygon","coordinates":[[[7.5811,50.4637],[7.5763,50.4624],[7.5765,50.4493],[7.5621,50.4428],[7.5546,50.4371],[7.5521,50.4295],[7.5555,50.4251],[7.5507,50.4187],[7.5561,50.4169],[7.5712,50.4103],[7.5905,50.4064],[7.5943,50.4099],[7.5924,50.4157],[7.6084,50.4193],[7.6099,50.4234],[7.6308,50.4305],[7.6369,50.4302],[7.6445,50.4347],[7.6351,50.4455],[7.6487,50.4554],[7.6468,50.4598],[7.6357,50.4551],[7.6253,50.4428],[7.6187,50.4507],[7.613,50.454],[7.614,50.4613],[7.6029,50.4634],[7.5983,50.4646],[7.5886,50.4613],[7.5811,50.4637]]]},"properties":{"id":"07137203","name":"Bendorf","subdivision":"Mayen-Koblenz","cx":7.594,"cy":50.436}},
{"type":"Feature","geometry":{"type":"Polygon","coordinates":[[[7.3397,50.3905],[7.35,50.3903],[7.3629,50.3818],[7.3752,50.3912],[7.3722,50.3947],[7.3767,50.4023],[7.3831,50.4062],[7.3788,50.4133],[7.3663,50.4053],[7.3397,50.3905]]]},"properties":{"id":"07137056","name":"Kretz","subdivision":"Mayen-Koblenz","cx":7.364,"cy":50.395}},
{"type":"Feature","geometry":{"type":"Polygon","coordinates":[[[7.2777,50.397],[7.2851,50.3965],[7.303,50.3875],[7.3,50.3827],[7.3166,50.3745],[7.3188,50.3672],[7.3292,50.3629],[7.324,50.3579],[7.334,50.3493],[7.3435,50.3539],[7.3496,50.3537],[7.3631,50.3667],[7.3559,50.3746],[7.3629,50.3818],[7.35,50.3903],[7.3397,50.3905],[7.3358,50.3934],[7.3245,50.394],[7.3051,50.407],[7.2956,50.4083],[7.2858,50.4124],[7.2779,50.4078],[7.2777,50.397]]]},"properties":{"id":"07137057","name":"Kruft","subdivision":"Mayen-Koblenz","cx":7.33,"cy":50.379}},
{"type":"Feature","geometry":{"type":"Polygon","coordinates":[[[7.3788,50.4133],[7.3831,50.4062],[7.3767,50.4023],[7.3722,50.3947],[7.3752,50.3912],[7.3629,50.3818],[7.3559,50.3746],[7.3631,50.3667],[7.3714,50.367],[7.379,50.3732],[7.3925,50.3672],[7.3967,50.3682],[7.4022,50.3757],[7.401,50.3832],[7.4035,50.3884],[7.4053,50.3955],[7.3956,50.3997],[7.3886,50.4052],[7.3879,50.4127],[7.3788,50.4133]]]},"properties":{"id":"07137088","name":"Plaidt","subdivision":"Mayen-Koblenz","cx":7.385,"cy":50.384}},
{"type":"Feature","geometry":{"type":"Polygon","coordinates":[[[7.4035,50.3884],[7.401,50.3832],[7.4022,50.3757],[7.3967,50.3682],[7.4126,50.3673],[7.422,50.3696],[7.4251,50.3636],[7.4369,50.3618],[7.4415,50.3736],[7.4373,50.3799],[7.4396,50.3875],[7.4343,50.386],[7.417,50.3914],[7.4035,50.3884]]]},"properties":{"id":"07137096","name":"Saffig","subdivision":"Mayen-Koblenz","cx":7.42,"cy":50.379}},
{"type":"Feature","geometry":{"type":"Polygon","coordinates":[[[7.2468,50.2818],[7.2451,50.2782],[7.2646,50.2805],[7.2696,50.2741],[7.279,50.2782],[7.2948,50.2861],[7.2875,50.2915],[7.2697,50.2887],[7.2605,50.2844],[7.2468,50.2818]]]},"properties":{"id":"07137023","name":"Einig","subdivision":"Mayen-Koblenz","cx":7.273,"cy":50.283}},
{"type":"Feature","geometry":{"type":"Polygon","coordinates":[[[7.3544,50.2729],[7.3527,50.2753],[7.366,50.2833],[7.3577,50.2887],[7.3511,50.2864],[7.344,50.2881],[7.328,50.2801],[7.328,50.2736],[7.3339,50.2691],[7.3544,50.2729]]]},"properties":{"id":"07137027","name":"Gappenach","subdivision":"Mayen-Koblenz","cx":7.345,"cy":50.279}},
{"type":"Feature","geometry":{"type":"Polygon","coordinates":[[[7.246,50.2612],[7.2696,50.2741],[7.2646,50.2805],[7.2451,50.2782],[7.2373,50.2684],[7.2429,50.2646],[7.2375,50.2601],[7.246,50.2612]]]},"properties":{"id":"07137029","name":"Gering","subdivision":"Mayen-Koblenz","cx":7.252,"cy":50.272}},
{"type":"Feature","geometry":{"type":"Polygon","coordinates":[[[7.328,50.2736],[7.3224,50.2655],[7.331,50.2644],[7.3411,50.2558],[7.3415,50.2523],[7.3582,50.2624],[7.3544,50.2729],[7.3339,50.2691],[7.328,50.2736]]]},"properties":{"id":"07137030","name":"Gierschnach","subdivision":"Mayen-Koblenz","cx":7.343,"cy":50.264}},
{"type":"Feature","geometry":{"type":"Polygon","coordinates":[[[7.408,50.2729],[7.4013,50.2772],[7.4,50.2835],[7.394,50.286],[7.3823,50.2862],[7.378,50.2729],[7.3825,50.265],[7.3796,50.2605],[7.3838,50.2562],[7.4068,50.2596],[7.4149,50.2683],[7.408,50.2729]]]},"properties":{"id":"07137041","name":"Kalt","subdivision":"Mayen-Koblenz","cx":7.393,"cy":50.271}},
{"type":"Feature","geometry":{"type":"Polygon","coordinates":[[[7.3785,50.3227],[7.3722,50.3189],[7.3654,50.3194],[7.3437,50.3107],[7.3446,50.308],[7.3578,50.3013],[7.3697,50.3033],[7.3783,50.3071],[7.3853,50.3065],[7.3898,50.3136],[7.3857,50.3157],[7.3864,50.3233],[7.3785,50.3227]]]},"properties":{"id":"07137048","name":"Kerben","subdivision":"Mayen-Koblenz","cx":7.368,"cy":50.312}},
{"type":"Feature","geometry":{"type":"Polygon","coordinates":[[[7.2436,50.2534],[7.2575,50.2547],[7.2689,50.2519],[7.2881,50.2678],[7.279,50.2782],[7.2696,50.2741],[7.246,50.2612],[7.2436,50.2534]]]},"properties":{"id":"07137053","name":"Kollig","subdivision":"Mayen-Koblenz","cx":7.267,"cy":50.263}},
{"type":"Feature","geometry":{"type":"Polygon","coordinates":[[[7.3853,50.3065],[7.3888,50.3019],[7.4021,50.2975],[7.4155,50.2988],[7.4094,50.306],[7.419,50.3127],[7.4201,50.3163],[7.409,50.3229],[7.4086,50.3278],[7.3864,50.3233],[7.3857,50.3157],[7.3898,50.3136],[7.3853,50.3065]]]},"properties":{"id":"07137065","name":"Lonnig","subdivision":"Mayen-Koblenz","cx":7.401,"cy":50.312}},
{"type":"Feature","geometry":{"type":"Polygon","coordinates":[[[7.2728,50.2484],[7.2885,50.2549],[7.2998,50.2538],[7.3132,50.2586],[7.3134,50.2621],[7.3224,50.2655],[7.328,50.2736],[7.328,50.2801],[7.3219,50.2872],[7.2948,50.2861],[7.279,50.2782],[7.2881,50.2678],[7.2689,50.2519],[7.2728,50.2484]]]},"properties":{"id":"07137070","name":"Mertloch","subdivision":"Mayen-Koblenz","cx":7.302,"cy":50.27}},
{"type":"Feature","geometry":{"type":"Polygon","coordinates":[[[7.5381,50.5792],[7.5389,50.5745],[7.5319,50.5639],[7.5312,50.5571],[7.5348,50.5585],[7.5496,50.5551],[7.5586,50.5611],[7.5608,50.5665],[7.5746,50.5701],[7.5646,50.576],[7.5688,50.5788],[7.5499,50.5793],[7.5436,50.584],[7.5381,50.5792]]]},"properties":{"id":"07138040","name":"Linkenbach","subdivision":"Neuwied","cx":7.55,"cy":50.569}},
{"type":"Feature","geometry":{"type":"Polygon","coordinates":[[[7.2887,50.2403],[7.3,50.2456],[7.3197,50.2455],[7.3333,50.2504],[7.3411,50.2493],[7.3415,50.2523],[7.3411,50.2558],[7.331,50.2644],[7.3224,50.2655],[7.3134,50.2621],[7.3132,50.2586],[7.2998,50.2538],[7.2885,50.2549],[7.2728,50.2484],[7.2887,50.2403]]]},"properties":{"id":"07137080","name":"Naunheim","subdivision":"Mayen-Koblenz","cx":7.32,"cy":50.254}},
{"type":"Feature","geometry":{"type":"Polygon","coordinates":[[[7.334,50.3493],[7.3332,50.3449],[7.3562,50.3395],[7.3527,50.3355],[7.3536,50.3287],[7.3601,50.3254],[7.3726,50.3274],[7.3785,50.3227],[7.3864,50.3233],[7.4086,50.3278],[7.4165,50.3347],[7.4116,50.3368],[7.4081,50.3455],[7.416,50.3485],[7.4234,50.3464],[7.435,50.3502],[7.4251,50.3636],[7.422,50.3696],[7.4126,50.3673],[7.3967,50.3682],[7.3925,50.3672],[7.379,50.3732],[7.3714,50.367],[7.3631,50.3667],[7.3496,50.3537],[7.3435,50.3539],[7.334,50.3493]]]},"properties":{"id":"07137086","name":"Ochtendung","subdivision":"Mayen-Koblenz","cx":7.385,"cy":50.348}},
{"type":"Feature","geometry":{"type":"Polygon","coordinates":[[[7.3151,50.2203],[7.3264,50.2299],[7.3266,50.2402],[7.3448,50.2438],[7.3411,50.2493],[7.3333,50.2504],[7.3197,50.2455],[7.3,50.2456],[7.2887,50.2403],[7.2915,50.2358],[7.2951,50.2338],[7.3059,50.2206],[7.3151,50.2203]]]},"properties":{"id":"07137087","name":"Pillig","subdivision":"Mayen-Koblenz","cx":7.314,"cy":50.234}},
{"type":"Feature","geometry":{"type":"Polygon","coordinates":[[[7.2605,50.2844],[7.2697,50.2887],[7.2875,50.2915],[7.2948,50.2861],[7.3219,50.2872],[7.328,50.2801],[7.344,50.2881],[7.3511,50.2864],[7.3577,50.2887],[7.3631,50.2954],[7.3578,50.3013],[7.3446,50.308],[7.3437,50.3107],[7.3654,50.3194],[7.3722,50.3189],[7.3785,50.3227],[7.3726,50.3274],[7.3601,50.3254],[7.3536,50.3287],[7.3436,50.3277],[7.3423,50.3235],[7.325,50.3217],[7.3095,50.3235],[7.3076,50.3216],[7.3004,50.3179],[7.2908,50.3217],[7.2759,50.3182],[7.268,50.312],[7.2522,50.3089],[7.2521,50.3031],[7.2468,50.2995],[7.2605,50.2844]]]},"properties":{"id":"07137089","name":"Polch","subdivision":"Mayen-Koblenz","cx":7.311,"cy":50.304}},
{"type":"Feature","geometry":{"type":"Polygon","coordinates":[[[7.366,50.2833],[7.374,50.282],[7.3823,50.2862],[7.394,50.286],[7.4021,50.2975],[7.3888,50.3019],[7.3853,50.3065],[7.3783,50.3071],[7.3697,50.3033],[7.3578,50.3013],[7.3631,50.2954],[7.3577,50.2887],[7.366,50.2833]]]},"properties":{"id":"07137095","name":"Rüber","subdivision":"Mayen-Koblenz","cx":7.378,"cy":50.295}},
{"type":"Feature","geometry":{"type":"Polygon","coordinates":[[[7.2759,50.3182],[7.2908,50.3217],[7.3004,50.3179],[7.3076,50.3216],[7.3039,50.3271],[7.3063,50.333],[7.3124,50.3359],[7.315,50.3435],[7.307,50.3494],[7.2977,50.3488],[7.2919,50.3416],[7.2963,50.3316],[7.2881,50.3311],[7.2778,50.326],[7.2759,50.3182]]]},"properties":{"id":"07137102","name":"Trimbs","subdivision":"Mayen-Koblenz","cx":7.301,"cy":50.339}},
{"type":"Feature","geometry":{"type":"Polygon","coordinates":[[[7.3332,50.3449],[7.321,50.3426],[7.315,50.3435],[7.3124,50.3359],[7.3063,50.333],[7.3039,50.3271],[7.3076,50.3216],[7.3095,50.3235],[7.325,50.3217],[7.3423,50.3235],[7.3436,50.3277],[7.3536,50.3287],[7.3527,50.3355],[7.3562,50.3395],[7.3332,50.3449]]]},"properties":{"id":"07137112","name":"Welling","subdivision":"Mayen-Koblenz","cx":7.329,"cy":50.333}},
{"type":"Feature","geometry":{"type":"Polygon","coordinates":[[[7.5963,50.5576],[7.6084,50.5577],[7.6177,50.5603],[7.6093,50.5687],[7.5965,50.5674],[7.5963,50.5576]]]},"properties":{"id":"07138048","name":"Niederhofen","subdivision":"Neuwied","cx":7.605,"cy":50.563}},
{"type":"Feature","geometry":{"type":"Polygon","coordinates":[[[7.3634,50.2181],[7.3645,50.2308],[7.3612,50.2381],[7.354,50.2397],[7.3411,50.2366],[7.3442,50.2337],[7.3356,50.2251],[7.3388,50.2147],[7.3289,50.2124],[7.3171,50.2046],[7.3141,50.199],[7.3173,50.1994],[7.3257,50.1985],[7.3345,50.2008],[7.3454,50.2008],[7.3503,50.1983],[7.35,50.2073],[7.3634,50.2181]]]},"properties":{"id":"07137114","name":"Wierschem","subdivision":"Mayen-Koblenz","cx":7.349,"cy":50.22}},
{"type":"Feature","geometry":{"type":"Polygon","coordinates":[[[7.3776,50.2108],[7.3926,50.2246],[7.392,50.2319],[7.4044,50.2313],[7.4122,50.2422],[7.4184,50.2501],[7.4103,50.2542],[7.4068,50.2596],[7.3838,50.2562],[7.3796,50.2605],[7.3825,50.265],[7.378,50.2729],[7.3823,50.2862],[7.374,50.282],[7.366,50.2833],[7.3527,50.2753],[7.3544,50.2729],[7.3582,50.2624],[7.3415,50.2523],[7.3411,50.2493],[7.3448,50.2438],[7.3266,50.2402],[7.3264,50.2299],[7.3151,50.2203],[7.3187,50.2143],[7.3083,50.2066],[7.2972,50.2106],[7.2942,50.2024],[7.3007,50.2068],[7.3141,50.199],[7.3171,50.2046],[7.3289,50.2124],[7.3388,50.2147],[7.3356,50.2251],[7.3442,50.2337],[7.3411,50.2366],[7.354,50.2397],[7.3612,50.2381],[7.3645,50.2308],[7.3634,50.2181],[7.3661,50.2129],[7.3776,50.2108]]]},"properties":{"id":"07137501","name":"Münstermaifeld","subdivision":"Mayen-Koblenz","cx":7.375,"cy":50.245}},
{"type":"Feature","geometry":{"type":"Polygon","coordinates":[[[7.0896,50.3616],[7.0845,50.3705],[7.0842,50.3779],[7.0738,50.3782],[7.0702,50.3834],[7.0584,50.3822],[7.0448,50.3881],[7.0596,50.3749],[7.0645,50.3657],[7.0802,50.3619],[7.0896,50.3616]]]},"properties":{"id":"07137001","name":"Acht","subdivision":"Mayen-Koblenz","cx":7.071,"cy":50.372}},
{"type":"Feature","geometry":{"type":"Polygon","coordinates":[[[7.0859,50.2877],[7.1099,50.2889],[7.1141,50.2924],[7.1097,50.2976],[7.1,50.3003],[7.1006,50.3081],[7.0918,50.3092],[7.0746,50.3059],[7.0607,50.3067],[7.0617,50.3041],[7.0859,50.2877]]]},"properties":{"id":"07137004","name":"Anschau","subdivision":"Mayen-Koblenz","cx":7.089,"cy":50.298}},
{"type":"Feature","geometry":{"type":"Polygon","coordinates":[[[7.0475,50.3924],[7.0448,50.3881],[7.0584,50.3822],[7.0702,50.3834],[7.0738,50.3782],[7.0842,50.3779],[7.0916,50.3835],[7.0895,50.3872],[7.0997,50.3943],[7.0948,50.3948],[7.0831,50.4003],[7.0763,50.4004],[7.0475,50.3924]]]},"properties":{"id":"07137006","name":"Arft","subdivision":"Mayen-Koblenz","cx":7.077,"cy":50.39}},
{"type":"Feature","geometry":{"type":"Polygon","coordinates":[[[7.0868,50.3523],[7.0761,50.3541],[7.0686,50.3612],[7.0481,50.3684],[7.0495,50.375],[7.0441,50.3742],[7.0357,50.3677],[7.0361,50.3621],[7.032,50.3572],[7.0172,50.3515],[7.0213,50.3455],[7.0128,50.3409],[7.0162,50.3405],[7.0383,50.3352],[7.0502,50.3342],[7.061,50.3326],[7.0697,50.347],[7.0773,50.348],[7.0868,50.3523]]]},"properties":{"id":"07137007","name":"Baar","subdivision":"Mayen-Koblenz","cx":7.048,"cy":50.351}},
{"type":"Feature","geometry":{"type":"Polygon","coordinates":[[[7.1138,50.2701],[7.1233,50.2773],[7.127,50.2828],[7.1453,50.2976],[7.1239,50.2913],[7.1141,50.2924],[7.1099,50.2889],[7.0859,50.2877],[7.0715,50.281],[7.0774,50.272],[7.0872,50.2714],[7.1007,50.2733],[7.1132,50.2705],[7.1138,50.2701]]]},"properties":{"id":"07137011","name":"Bermel","subdivision":"Mayen-Koblenz","cx":7.106,"cy":50.281}},
{"type":"Feature","geometry":{"type":"Polygon","coordinates":[[[7.6386,50.1173],[7.631,50.1196],[7.6144,50.12],[7.6004,50.1092],[7.6006,50.1024],[7.6181,50.1104],[7.6386,50.1173]]]},"properties":{"id":"07140016","name":"Birkheim","subdivision":"Rhein-Hunsrück-Kreis","cx":7.616,"cy":50.114}},
{"type":"Feature","geometry":{"type":"Polygon","coordinates":[[[7.0171,50.2937],[7.0282,50.3086],[7.038,50.314],[7.0345,50.3189],[7.0277,50.3201],[7.023,50.3301],[7.0147,50.3265],[7.0043,50.3196],[6.9912,50.3191],[6.9879,50.3103],[6.9738,50.3064],[6.9875,50.2971],[6.9968,50.2947],[6.9991,50.2897],[7.0066,50.2894],[7.0171,50.2937]]]},"properties":{"id":"07137014","name":"Boos (Mayen-Koblenz)","subdivision":"Mayen-Koblenz","cx":7.008,"cy":50.307}},
{"type":"Feature","geometry":{"type":"Polygon","coordinates":[[[7.0715,50.281],[7.0859,50.2877],[7.0617,50.3041],[7.0607,50.3067],[7.058,50.3068],[7.0574,50.3026],[7.0424,50.2893],[7.0639,50.2829],[7.0659,50.2808],[7.0688,50.2798],[7.0715,50.281]]]},"properties":{"id":"07137019","name":"Ditscheid","subdivision":"Mayen-Koblenz","cx":7.064,"cy":50.292}},
{"type":"Feature","geometry":{"type":"Polygon","coordinates":[[[7.1206,50.3603],[7.1195,50.3674],[7.114,50.3697],[7.1131,50.3758],[7.0916,50.3835],[7.0842,50.3779],[7.0845,50.3705],[7.0896,50.3616],[7.0958,50.3564],[7.0977,50.3569],[7.1042,50.3599],[7.1206,50.3603]]]},"properties":{"id":"07137060","name":"Langenfeld","subdivision":"Mayen-Koblenz","cx":7.1,"cy":50.369}},
{"type":"Feature","geometry":{"type":"Polygon","coordinates":[[[7.2333,50.3458],[7.2371,50.3508],[7.2284,50.3603],[7.2123,50.3765],[7.1958,50.3834],[7.1941,50.379],[7.1859,50.3783],[7.1803,50.3715],[7.1746,50.3632],[7.1835,50.3619],[7.1887,50.3647],[7.2025,50.3603],[7.2026,50.3536],[7.2075,50.3524],[7.2126,50.3445],[7.2289,50.3435],[7.2333,50.3458]]]},"properties":{"id":"07137025","name":"Ettringen","subdivision":"Mayen-Koblenz","cx":7.212,"cy":50.364}},
{"type":"Feature","geometry":{"type":"Polygon","coordinates":[[[7.1009,50.3928],[7.1181,50.3821],[7.1203,50.3839],[7.1212,50.3879],[7.1317,50.3908],[7.1315,50.3959],[7.1233,50.406],[7.1019,50.4032],[7.1009,50.3928]]]},"properties":{"id":"07137034","name":"Hausten","subdivision":"Mayen-Koblenz","cx":7.116,"cy":50.396}},
{"type":"Feature","geometry":{"type":"Polygon","coordinates":[[[6.9812,50.3527],[6.9843,50.3489],[6.9968,50.3483],[7.0091,50.3496],[7.0128,50.3409],[7.0213,50.3455],[7.0172,50.3515],[7.032,50.3572],[7.0361,50.3621],[7.0357,50.3677],[7.0275,50.3721],[7.0191,50.3797],[7.0127,50.3888],[7.0048,50.3797],[7.0091,50.3749],[6.9955,50.3592],[6.9812,50.3527]]]},"properties":{"id":"07137035","name":"Herresbach","subdivision":"Mayen-Koblenz","cx":7.013,"cy":50.362}},
{"type":"Feature","geometry":{"type":"Polygon","coordinates":[[[7.1075,50.3377],[7.0938,50.3346],[7.1228,50.3173],[7.1294,50.3212],[7.1228,50.3258],[7.1139,50.3368],[7.1075,50.3377]]]},"properties":{"id":"07137036","name":"Hirten","subdivision":"Mayen-Koblenz","cx":7.113,"cy":50.329}},
{"type":"Feature","geometry":{"type":"Polygon","coordinates":[[[7.1912,50.2619],[7.1976,50.2641],[7.2123,50.258],[7.2244,50.2602],[7.23,50.2634],[7.2375,50.2601],[7.2429,50.2646],[7.2373,50.2684],[7.2451,50.2782],[7.2468,50.2818],[7.2293,50.2845],[7.221,50.2898],[7.2141,50.2854],[7.2087,50.2889],[7.1914,50.2836],[7.1864,50.2804],[7.1861,50.2795],[7.1888,50.2695],[7.185,50.2657],[7.1912,50.2619]]]},"properties":{"id":"07137043","name":"Kehrig","subdivision":"Mayen-Koblenz","cx":7.215,"cy":50.273}},
{"type":"Feature","geometry":{"type":"Polygon","coordinates":[[[7.1527,50.3632],[7.1679,50.3584],[7.1746,50.3632],[7.1803,50.3715],[7.1731,50.3767],[7.1645,50.378],[7.151,50.3834],[7.122,50.3784],[7.1131,50.3758],[7.114,50.3697],[7.1195,50.3674],[7.1206,50.3603],[7.1284,50.3558],[7.1418,50.3577],[7.1527,50.3632]]]},"properties":{"id":"07137049","name":"Kirchwald","subdivision":"Mayen-Koblenz","cx":7.145,"cy":50.371}},
{"type":"Feature","geometry":{"type":"Polygon","coordinates":[[[7.2736,50.3369],[7.2719,50.3467],[7.2638,50.3553],[7.2653,50.3583],[7.2414,50.3585],[7.2284,50.3603],[7.2371,50.3508],[7.2333,50.3458],[7.2534,50.3332],[7.2736,50.3369]]]},"properties":{"id":"07137055","name":"Kottenheim","subdivision":"Mayen-Koblenz","cx":7.253,"cy":50.347}},
{"type":"Feature","geometry":{"type":"Polygon","coordinates":[[[7.3819,50.1608],[7.3928,50.1644],[7.3988,50.1601],[7.4091,50.1627],[7.4171,50.1713],[7.4268,50.1753],[7.4296,50.1789],[7.4208,50.1849],[7.4145,50.193],[7.4053,50.1929],[7.402,50.1897],[7.3858,50.1826],[7.3843,50.1758],[7.3738,50.1771],[7.3692,50.1718],[7.3748,50.1735],[7.3819,50.1608]]]},"properties":{"id":"07137215","name":"Macken","subdivision":"Mayen-Koblenz","cx":7.401,"cy":50.176}},
{"type":"Feature","geometry":{"type":"Polygon","coordinates":[[[7.0997,50.3943],[7.0895,50.3872],[7.0916,50.3835],[7.1131,50.3758],[7.122,50.3784],[7.1181,50.3821],[7.1009,50.3928],[7.0997,50.3943]]]},"properties":{"id":"07137061","name":"Langscheid","subdivision":"Mayen-Koblenz","cx":7.104,"cy":50.385}},
{"type":"Feature","geometry":{"type":"Polygon","coordinates":[[[7.0383,50.3352],[7.018,50.3303],[7.0147,50.3265],[7.023,50.3301],[7.0277,50.3201],[7.0345,50.3189],[7.038,50.314],[7.0437,50.3158],[7.0403,50.3186],[7.0478,50.3244],[7.0459,50.3293],[7.0502,50.3342],[7.0383,50.3352]]]},"properties":{"id":"07137063","name":"Lind (Mayen-Koblenz)","subdivision":"Mayen-Koblenz","cx":7.036,"cy":50.327}},
{"type":"Feature","geometry":{"type":"Polygon","coordinates":[[[7.1006,50.3081],[7.1228,50.3173],[7.0938,50.3346],[7.0825,50.3335],[7.0808,50.3304],[7.0862,50.3117],[7.0918,50.3092],[7.1006,50.3081]]]},"properties":{"id":"07137066","name":"Luxem","subdivision":"Mayen-Koblenz","cx":7.098,"cy":50.32}},
{"type":"Feature","geometry":{"type":"Polygon","coordinates":[[[7.1861,50.2795],[7.1864,50.2804],[7.1815,50.2872],[7.1968,50.2902],[7.2058,50.2957],[7.1936,50.3018],[7.1893,50.3084],[7.1697,50.3022],[7.1661,50.3041],[7.1701,50.3111],[7.1547,50.3034],[7.1502,50.3052],[7.1453,50.2976],[7.127,50.2828],[7.1233,50.2773],[7.1203,50.2682],[7.1375,50.265],[7.1464,50.268],[7.1506,50.2748],[7.1633,50.281],[7.1771,50.2743],[7.1861,50.2795]]]},"properties":{"id":"07137074","name":"Monreal","subdivision":"Mayen-Koblenz","cx":7.159,"cy":50.291}},
{"type":"Feature","geometry":{"type":"Polygon","coordinates":[[[7.0171,50.2937],[7.0424,50.2893],[7.0574,50.3026],[7.058,50.3068],[7.0437,50.3158],[7.038,50.314],[7.0282,50.3086],[7.0171,50.2937]]]},"properties":{"id":"07137077","name":"Münk","subdivision":"Mayen-Koblenz","cx":7.039,"cy":50.302}},
{"type":"Feature","geometry":{"type":"Polygon","coordinates":[[[7.0918,50.3092],[7.0862,50.3117],[7.0808,50.3304],[7.0775,50.3292],[7.061,50.3326],[7.0502,50.3342],[7.0459,50.3293],[7.0478,50.3244],[7.0403,50.3186],[7.0437,50.3158],[7.058,50.3068],[7.0607,50.3067],[7.0746,50.3059],[7.0918,50.3092]]]},"properties":{"id":"07137079","name":"Nachtsheim","subdivision":"Mayen-Koblenz","cx":7.065,"cy":50.319}},
{"type":"Feature","geometry":{"type":"Polygon","coordinates":[[[7.1387,50.3153],[7.1502,50.3052],[7.1547,50.3034],[7.1701,50.3111],[7.1817,50.3172],[7.1621,50.325],[7.1469,50.321],[7.1387,50.3153]]]},"properties":{"id":"07137092","name":"Reudelsterz","subdivision":"Mayen-Koblenz","cx":7.159,"cy":50.315}},
{"type":"Feature","geometry":{"type":"Polygon","coordinates":[[[7.2126,50.3445],[7.2075,50.3524],[7.2026,50.3536],[7.2025,50.3603],[7.1887,50.3647],[7.1835,50.3619],[7.1746,50.3632],[7.1679,50.3584],[7.1527,50.3632],[7.1729,50.3508],[7.2084,50.3437],[7.2126,50.3445]]]},"properties":{"id":"07137097","name":"Sankt Johann (Mayen-Koblenz)","subdivision":"Mayen-Koblenz","cx":7.188,"cy":50.355}},
{"type":"Feature","geometry":{"type":"Polygon","coordinates":[[[7.0191,50.3797],[7.0275,50.3721],[7.0357,50.3677],[7.0441,50.3742],[7.0495,50.375],[7.0596,50.3749],[7.0448,50.3881],[7.0475,50.3924],[7.0457,50.3941],[7.0372,50.3846],[7.0255,50.383],[7.0191,50.3797]]]},"properties":{"id":"07137099","name":"Siebenbach","subdivision":"Mayen-Koblenz","cx":7.038,"cy":50.378}},
{"type":"Feature","geometry":{"type":"Polygon","coordinates":[[[7.0977,50.3569],[7.0958,50.3564],[7.0868,50.3523],[7.0773,50.348],[7.0697,50.347],[7.061,50.3326],[7.0775,50.3292],[7.0808,50.3304],[7.0825,50.3335],[7.0938,50.3346],[7.1075,50.3377],[7.0987,50.343],[7.1025,50.3462],[7.0977,50.3569]]]},"properties":{"id":"07137105","name":"Virneburg","subdivision":"Mayen-Koblenz","cx":7.084,"cy":50.342}},
{"type":"Feature","geometry":{"type":"Polygon","coordinates":[[[7.1294,50.3212],[7.1228,50.3173],[7.1006,50.3081],[7.1,50.3003],[7.1097,50.2976],[7.1141,50.2924],[7.1239,50.2913],[7.1453,50.2976],[7.1502,50.3052],[7.1387,50.3153],[7.1294,50.3212]]]},"properties":{"id":"07137110","name":"Weiler (Mayen-Koblenz)","subdivision":"Mayen-Koblenz","cx":7.125,"cy":50.305}},
{"type":"Feature","geometry":{"type":"Polygon","coordinates":[[[7.0596,50.3749],[7.0495,50.375],[7.0481,50.3684],[7.0686,50.3612],[7.0761,50.3541],[7.0868,50.3523],[7.0958,50.3564],[7.0896,50.3616],[7.0802,50.3619],[7.0645,50.3657],[7.0596,50.3749]]]},"properties":{"id":"07137113","name":"Welschenbach","subdivision":"Mayen-Koblenz","cx":7.078,"cy":50.358}},
{"type":"Feature","geometry":{"type":"Polygon","coordinates":[[[7.2401,50.4053],[7.2232,50.4092],[7.2014,50.4079],[7.1928,50.4117],[7.1891,50.4102],[7.1911,50.4024],[7.1995,50.3988],[7.1975,50.3903],[7.2206,50.3842],[7.2353,50.3779],[7.2417,50.3801],[7.2476,50.3891],[7.257,50.3945],[7.2447,50.3999],[7.2401,50.4053]]]},"properties":{"id":"07137008","name":"Bell","subdivision":"Mayen-Koblenz","cx":7.223,"cy":50.396}},
{"type":"Feature","geometry":{"type":"Polygon","coordinates":[[[7.257,50.3945],[7.2476,50.3891],[7.2417,50.3801],[7.2353,50.3779],[7.2206,50.3842],[7.1975,50.3903],[7.1958,50.3834],[7.2123,50.3765],[7.2284,50.3603],[7.2414,50.3585],[7.2653,50.3583],[7.2739,50.3637],[7.2817,50.3609],[7.2903,50.3627],[7.2993,50.358],[7.3082,50.3578],[7.3136,50.3622],[7.324,50.3579],[7.3292,50.3629],[7.3188,50.3672],[7.3166,50.3745],[7.3,50.3827],[7.303,50.3875],[7.2851,50.3965],[7.2777,50.397],[7.257,50.3945]]]},"properties":{"id":"07137069","name":"Mendig","subdivision":"Mayen-Koblenz","cx":7.265,"cy":50.377}},
{"type":"Feature","geometry":{"type":"Polygon","coordinates":[[[7.1538,50.3956],[7.1619,50.3916],[7.151,50.3834],[7.1645,50.378],[7.1731,50.3767],[7.1803,50.3715],[7.1859,50.3783],[7.1941,50.379],[7.1958,50.3834],[7.1975,50.3903],[7.1995,50.3988],[7.1911,50.4024],[7.1891,50.4102],[7.1796,50.4114],[7.1746,50.4065],[7.1611,50.4024],[7.1538,50.3956]]]},"properties":{"id":"07137093","name":"Rieden","subdivision":"Mayen-Koblenz","cx":7.177,"cy":50.392}},
{"type":"Feature","geometry":{"type":"Polygon","coordinates":[[[7.2919,50.3416],[7.2977,50.3488],[7.307,50.3494],[7.315,50.3435],[7.321,50.3426],[7.3332,50.3449],[7.334,50.3493],[7.324,50.3579],[7.3136,50.3622],[7.3082,50.3578],[7.2993,50.358],[7.2903,50.3627],[7.2817,50.3609],[7.2739,50.3637],[7.2653,50.3583],[7.2638,50.3553],[7.2719,50.3467],[7.2736,50.3369],[7.285,50.3383],[7.2919,50.3416]]]},"properties":{"id":"07137101","name":"Thür","subdivision":"Mayen-Koblenz","cx":7.287,"cy":50.352}},
{"type":"Feature","geometry":{"type":"Polygon","coordinates":[[[7.1203,50.3839],[7.1181,50.3821],[7.122,50.3784],[7.151,50.3834],[7.1619,50.3916],[7.1538,50.3956],[7.1419,50.3906],[7.1327,50.389],[7.1203,50.3839]]]},"properties":{"id":"07137106","name":"Volkesfeld","subdivision":"Mayen-Koblenz","cx":7.145,"cy":50.387}},
{"type":"Feature","geometry":{"type":"Polygon","coordinates":[[[7.6146,50.3807],[7.6174,50.3873],[7.6097,50.398],[7.5979,50.4046],[7.5905,50.4064],[7.5712,50.4103],[7.5833,50.402],[7.603,50.3918],[7.6146,50.3807]]]},"properties":{"id":"07137218","name":"Niederwerth","subdivision":"Mayen-Koblenz","cx":7.599,"cy":50.398}},
{"type":"Feature","geometry":{"type":"Polygon","coordinates":[[[7.6462,50.3871],[7.6501,50.3999],[7.6583,50.3989],[7.6743,50.4006],[7.681,50.4056],[7.6695,50.4134],[7.6712,50.4199],[7.6682,50.4249],[7.6599,50.4257],[7.6523,50.4309],[7.6442,50.4224],[7.6356,50.421],[7.6358,50.416],[7.6239,50.4058],[7.6142,50.4094],[7.6065,50.4049],[7.5943,50.4099],[7.5905,50.4064],[7.5979,50.4046],[7.6097,50.398],[7.6174,50.3873],[7.6279,50.3856],[7.6462,50.3871]]]},"properties":{"id":"07137226","name":"Vallendar","subdivision":"Mayen-Koblenz","cx":7.638,"cy":50.401}},
{"type":"Feature","geometry":{"type":"Polygon","coordinates":[[[7.5943,50.4099],[7.6065,50.4049],[7.6142,50.4094],[7.6239,50.4058],[7.6358,50.416],[7.6356,50.421],[7.6442,50.4224],[7.6523,50.4309],[7.6445,50.4347],[7.6369,50.4302],[7.6308,50.4305],[7.6099,50.4234],[7.6084,50.4193],[7.5924,50.4157],[7.5943,50.4099]]]},"properties":{"id":"07137229","name":"Weitersburg","subdivision":"Mayen-Koblenz","cx":7.622,"cy":50.418}},
{"type":"Feature","geometry":{"type":"Polygon","coordinates":[[[7.4864,50.3633],[7.477,50.3679],[7.4702,50.3745],[7.4705,50.3804],[7.4651,50.3819],[7.458,50.3804],[7.4512,50.375],[7.4415,50.3736],[7.4369,50.3618],[7.4251,50.3636],[7.435,50.3502],[7.4234,50.3464],[7.416,50.3485],[7.4081,50.3455],[7.4116,50.3368],[7.4165,50.3347],[7.4216,50.3386],[7.4308,50.3408],[7.4574,50.3413],[7.4812,50.3455],[7.4824,50.3477],[7.4901,50.3513],[7.491,50.3563],[7.4864,50.3633]]]},"properties":{"id":"07137202","name":"Bassenheim","subdivision":"Mayen-Koblenz","cx":7.454,"cy":50.357}},
{"type":"Feature","geometry":{"type":"Polygon","coordinates":[[[7.5404,50.3943],[7.5427,50.4007],[7.549,50.4063],[7.5502,50.4118],[7.5561,50.4169],[7.5507,50.4187],[7.5319,50.4219],[7.5313,50.4104],[7.5344,50.3978],[7.5368,50.3923],[7.5404,50.3943]]]},"properties":{"id":"07137209","name":"Kaltenengers","subdivision":"Mayen-Koblenz","cx":7.541,"cy":50.41}},
{"type":"Feature","geometry":{"type":"Polygon","coordinates":[[[7.4396,50.3875],[7.4373,50.3799],[7.4415,50.3736],[7.4512,50.375],[7.458,50.3804],[7.4651,50.3819],[7.4663,50.3904],[7.4813,50.4016],[7.4789,50.4071],[7.4641,50.4071],[7.4471,50.4112],[7.4417,50.4048],[7.4385,50.3945],[7.4396,50.3875]]]},"properties":{"id":"07137211","name":"Kettig","subdivision":"Mayen-Koblenz","cx":7.454,"cy":50.394}},
{"type":"Feature","geometry":{"type":"Polygon","coordinates":[[[7.5368,50.3923],[7.5344,50.3978],[7.5134,50.4032],[7.5107,50.4109],[7.5017,50.4129],[7.4795,50.4121],[7.4789,50.4071],[7.4813,50.4016],[7.4663,50.3904],[7.4651,50.3819],[7.4705,50.3804],[7.4702,50.3745],[7.477,50.3679],[7.4864,50.3633],[7.508,50.3768],[7.5121,50.3817],[7.5264,50.3815],[7.5361,50.3847],[7.5368,50.3923]]]},"properties":{"id":"07137216","name":"Mülheim-Kärlich","subdivision":"Mayen-Koblenz","cx":7.497,"cy":50.39}},
{"type":"Feature","geometry":{"type":"Polygon","coordinates":[[[7.5712,50.4103],[7.5561,50.4169],[7.5502,50.4118],[7.549,50.4063],[7.5427,50.4007],[7.5404,50.3943],[7.5517,50.3978],[7.5712,50.4103]]]},"properties":{"id":"07137222","name":"Sankt Sebastian","subdivision":"Mayen-Koblenz","cx":7.555,"cy":50.407}},
{"type":"Feature","geometry":{"type":"Polygon","coordinates":[[[7.5319,50.4219],[7.5201,50.4201],[7.5102,50.4144],[7.5017,50.4129],[7.5107,50.4109],[7.5134,50.4032],[7.5344,50.3978],[7.5313,50.4104],[7.5319,50.4219]]]},"properties":{"id":"07137225","name":"Urmitz","subdivision":"Mayen-Koblenz","cx":7.522,"cy":50.41}},
{"type":"Feature","geometry":{"type":"Polygon","coordinates":[[[7.4471,50.4112],[7.4641,50.4071],[7.4789,50.4071],[7.4795,50.4121],[7.4552,50.4233],[7.4509,50.4288],[7.4415,50.4271],[7.4435,50.4224],[7.437,50.4196],[7.4406,50.4141],[7.4471,50.4112]]]},"properties":{"id":"07137228","name":"Weißenthurm","subdivision":"Mayen-Koblenz","cx":7.454,"cy":50.416}},
{"type":"Feature","geometry":{"type":"Polygon","coordinates":[[[7.4424,50.2544],[7.4454,50.2492],[7.4433,50.2411],[7.446,50.23],[7.4572,50.2247],[7.4634,50.2252],[7.4832,50.2345],[7.5014,50.2375],[7.4973,50.244],[7.4887,50.2499],[7.4608,50.2481],[7.4532,50.2529],[7.4424,50.2544]]]},"properties":{"id":"07137201","name":"Alken","subdivision":"Mayen-Koblenz","cx":7.466,"cy":50.238}},
{"type":"Feature","geometry":{"type":"Polygon","coordinates":[[[7.603,50.1641],[7.6015,50.168],[7.5927,50.1698],[7.5897,50.1736],[7.5735,50.1666],[7.5761,50.1634],[7.5653,50.1577],[7.5654,50.1533],[7.5718,50.1531],[7.5813,50.1425],[7.5939,50.1475],[7.5937,50.1528],[7.5989,50.1564],[7.603,50.1641]]]},"properties":{"id":"07140031","name":"Dörth","subdivision":"Rhein-Hunsrück-Kreis","cx":7.585,"cy":50.159}},
{"type":"Feature","geometry":{"type":"Polygon","coordinates":[[[7.6288,50.2521],[7.6378,50.2546],[7.6379,50.2603],[7.6301,50.2664],[7.6414,50.2711],[7.6289,50.2786],[7.6103,50.2705],[7.5982,50.2679],[7.587,50.2606],[7.5695,50.2584],[7.5784,50.2573],[7.6133,50.2606],[7.6176,50.2545],[7.6288,50.2521]]]},"properties":{"id":"07137204","name":"Brey","subdivision":"Mayen-Koblenz","cx":7.62,"cy":50.266}},
{"type":"Feature","geometry":{"type":"Polygon","coordinates":[[[7.446,50.23],[7.4381,50.226],[7.4172,50.2263],[7.4104,50.2241],[7.4176,50.22],[7.4148,50.215],[7.4161,50.2085],[7.4087,50.2022],[7.4124,50.1982],[7.4224,50.2029],[7.4279,50.2081],[7.4439,50.2104],[7.45,50.2037],[7.4589,50.1988],[7.4688,50.2012],[7.4763,50.2075],[7.4769,50.2153],[7.4611,50.219],[7.4572,50.2247],[7.446,50.23]]]},"properties":{"id":"07137205","name":"Brodenbach","subdivision":"Mayen-Koblenz","cx":7.444,"cy":50.219}},
{"type":"Feature","geometry":{"type":"Polygon","coordinates":[[[7.3608,50.1861],[7.3447,50.1835],[7.3456,50.1809],[7.359,50.1824],[7.3644,50.1778],[7.3738,50.1771],[7.3843,50.1758],[7.3858,50.1826],[7.402,50.1897],[7.4053,50.1929],[7.4145,50.193],[7.4243,50.1951],[7.4224,50.2029],[7.4124,50.1982],[7.4087,50.2022],[7.4161,50.2085],[7.4148,50.215],[7.4176,50.22],[7.4104,50.2241],[7.3963,50.2201],[7.3875,50.2146],[7.3836,50.2092],[7.3764,50.2014],[7.3713,50.1912],[7.3608,50.1861]]]},"properties":{"id":"07137206","name":"Burgen (Mayen-Koblenz)","subdivision":"Mayen-Koblenz","cx":7.392,"cy":50.199}},
{"type":"Feature","geometry":{"type":"Polygon","coordinates":[[[7.5157,50.3091],[7.5015,50.3085],[7.4878,50.3193],[7.4785,50.321],[7.4673,50.3164],[7.4627,50.3093],[7.4688,50.3],[7.4803,50.296],[7.4908,50.29],[7.4851,50.2834],[7.492,50.2766],[7.5,50.2753],[7.5043,50.2674],[7.4968,50.26],[7.5088,50.2563],[7.5153,50.2502],[7.5155,50.2537],[7.5235,50.2598],[7.5319,50.2686],[7.5272,50.2769],[7.5268,50.2884],[7.5169,50.3007],[7.5157,50.3091]]]},"properties":{"id":"07137207","name":"Dieblich","subdivision":"Mayen-Koblenz","cx":7.505,"cy":50.29}},
{"type":"Feature","geometry":{"type":"Polygon","coordinates":[[[7.3836,50.2092],[7.3875,50.2146],[7.3963,50.2201],[7.4104,50.2241],[7.4172,50.2263],[7.4381,50.226],[7.4365,50.2297],[7.4228,50.2333],[7.4122,50.2422],[7.4044,50.2313],[7.392,50.2319],[7.3926,50.2246],[7.3776,50.2108],[7.3836,50.2092]]]},"properties":{"id":"07137208","name":"Hatzenport","subdivision":"Mayen-Koblenz","cx":7.412,"cy":50.231}},
{"type":"Feature","geometry":{"type":"Polygon","coordinates":[[[7.4901,50.3513],[7.4824,50.3477],[7.4901,50.3363],[7.4871,50.3331],[7.4755,50.3297],[7.4577,50.3345],[7.4574,50.3413],[7.4308,50.3408],[7.4216,50.3386],[7.4165,50.3347],[7.4086,50.3278],[7.409,50.3229],[7.4201,50.3163],[7.419,50.3127],[7.4094,50.306],[7.4155,50.2988],[7.4021,50.2975],[7.394,50.286],[7.4,50.2835],[7.4013,50.2772],[7.408,50.2729],[7.4262,50.2856],[7.4346,50.2858],[7.4512,50.2899],[7.4577,50.2883],[7.4639,50.296],[7.4627,50.3093],[7.4673,50.3164],[7.4785,50.321],[7.4878,50.3193],[7.5028,50.3304],[7.4995,50.3367],[7.4936,50.3405],[7.4968,50.3445],[7.4901,50.3513]]]},"properties":{"id":"07137212","name":"Kobern-Gondorf","subdivision":"Mayen-Koblenz","cx":7.442,"cy":50.313}},
{"type":"Feature","geometry":{"type":"Polygon","coordinates":[[[7.4122,50.2422],[7.4228,50.2333],[7.4365,50.2297],[7.4381,50.226],[7.446,50.23],[7.4433,50.2411],[7.4454,50.2492],[7.4424,50.2544],[7.441,50.2572],[7.4243,50.2551],[7.4184,50.2501],[7.4122,50.2422]]]},"properties":{"id":"07137214","name":"Löf","subdivision":"Mayen-Koblenz","cx":7.432,"cy":50.243}},
{"type":"Feature","geometry":{"type":"Polygon","coordinates":[[[7.4627,50.3093],[7.4639,50.296],[7.4577,50.2883],[7.4594,50.2747],[7.4542,50.2687],[7.4707,50.268],[7.4742,50.2603],[7.4799,50.2563],[7.4976,50.2523],[7.5045,50.2483],[7.5142,50.2491],[7.5153,50.2502],[7.5088,50.2563],[7.4968,50.26],[7.5043,50.2674],[7.5,50.2753],[7.492,50.2766],[7.4851,50.2834],[7.4908,50.29],[7.4803,50.296],[7.4688,50.3],[7.4627,50.3093]]]},"properties":{"id":"07137217","name":"Niederfell","subdivision":"Mayen-Koblenz","cx":7.474,"cy":50.28}},
{"type":"Feature","geometry":{"type":"Polygon","coordinates":[[[7.4572,50.2247],[7.4611,50.219],[7.4769,50.2153],[7.4866,50.2157],[7.4928,50.2261],[7.5083,50.2313],[7.5103,50.2431],[7.5142,50.2491],[7.5045,50.2483],[7.4973,50.244],[7.5014,50.2375],[7.4832,50.2345],[7.4634,50.2252],[7.4572,50.2247]]]},"properties":{"id":"07137219","name":"Nörtershausen","subdivision":"Mayen-Koblenz","cx":7.484,"cy":50.226}},
{"type":"Feature","geometry":{"type":"Polygon","coordinates":[[[7.4973,50.244],[7.5045,50.2483],[7.4976,50.2523],[7.4799,50.2563],[7.4742,50.2603],[7.4707,50.268],[7.4542,50.2687],[7.4424,50.2603],[7.441,50.2572],[7.4424,50.2544],[7.4532,50.2529],[7.4608,50.2481],[7.4887,50.2499],[7.4973,50.244]]]},"properties":{"id":"07137220","name":"Oberfell","subdivision":"Mayen-Koblenz","cx":7.466,"cy":50.257}},
{"type":"Feature","geometry":{"type":"Polygon","coordinates":[[[7.5577,50.2834],[7.5428,50.2735],[7.5306,50.2625],[7.5365,50.2655],[7.5506,50.2582],[7.5571,50.2569],[7.5695,50.2584],[7.587,50.2606],[7.5982,50.2679],[7.6103,50.2705],[7.6289,50.2786],[7.6266,50.2801],[7.6055,50.2938],[7.597,50.2904],[7.5866,50.2975],[7.5743,50.2947],[7.5732,50.2911],[7.5577,50.2834]]]},"properties":{"id":"07137221","name":"Rhens","subdivision":"Mayen-Koblenz","cx":7.58,"cy":50.276}},
{"type":"Feature","geometry":{"type":"Polygon","coordinates":[[[7.6288,50.2521],[7.6357,50.2456],[7.6493,50.2512],[7.6521,50.2571],[7.6484,50.2658],[7.6414,50.2711],[7.6301,50.2664],[7.6379,50.2603],[7.6378,50.2546],[7.6288,50.2521]]]},"properties":{"id":"07137223","name":"Spay","subdivision":"Mayen-Koblenz","cx":7.644,"cy":50.258}},
{"type":"Feature","geometry":{"type":"Polygon","coordinates":[[[7.5268,50.2884],[7.5272,50.2769],[7.5319,50.2686],[7.5235,50.2598],[7.5306,50.2625],[7.5428,50.2735],[7.5577,50.2834],[7.5468,50.2894],[7.5396,50.2858],[7.5268,50.2884]]]},"properties":{"id":"07137227","name":"Waldesch","subdivision":"Mayen-Koblenz","cx":7.538,"cy":50.279}},
{"type":"Feature","geometry":{"type":"Polygon","coordinates":[[[7.5028,50.3304],[7.4878,50.3193],[7.5015,50.3085],[7.5157,50.3091],[7.5346,50.3227],[7.5304,50.3341],[7.5147,50.3377],[7.5088,50.3299],[7.5028,50.3304]]]},"properties":{"id":"07137230","name":"Winningen","subdivision":"Mayen-Koblenz","cx":7.513,"cy":50.321}},
{"type":"Feature","geometry":{"type":"Polygon","coordinates":[[[7.4574,50.3413],[7.4577,50.3345],[7.4755,50.3297],[7.4871,50.3331],[7.4901,50.3363],[7.4824,50.3477],[7.4812,50.3455],[7.4574,50.3413]]]},"properties":{"id":"07137231","name":"Wolken","subdivision":"Mayen-Koblenz","cx":7.474,"cy":50.338}},
{"type":"Feature","geometry":{"type":"Polygon","coordinates":[[[7.4068,50.2596],[7.4103,50.2542],[7.4184,50.2501],[7.4243,50.2551],[7.441,50.2572],[7.4424,50.2603],[7.4542,50.2687],[7.4594,50.2747],[7.4577,50.2883],[7.4512,50.2899],[7.4346,50.2858],[7.4262,50.2856],[7.408,50.2729],[7.4149,50.2683],[7.4068,50.2596]]]},"properties":{"id":"07137504","name":"Lehmen","subdivision":"Mayen-Koblenz","cx":7.433,"cy":50.271}},
{"type":"Feature","geometry":{"type":"Polygon","coordinates":[[[7.4797,50.5186],[7.4755,50.5089],[7.4785,50.5046],[7.4754,50.5],[7.4815,50.495],[7.4964,50.4906],[7.5047,50.4923],[7.5006,50.4994],[7.5119,50.5001],[7.5205,50.5032],[7.5235,50.506],[7.5127,50.5117],[7.5054,50.5194],[7.489,50.5176],[7.4797,50.5186]]]},"properties":{"id":"07138061","name":"Rengsdorf","subdivision":"Neuwied","cx":7.493,"cy":50.507}},
{"type":"Feature","geometry":{"type":"Polygon","coordinates":[[[7.4091,50.4432],[7.4257,50.4445],[7.4378,50.4424],[7.4437,50.4383],[7.4509,50.4288],[7.4552,50.4233],[7.4795,50.4121],[7.5017,50.4129],[7.5102,50.4144],[7.5201,50.4201],[7.5319,50.4219],[7.5507,50.4187],[7.5555,50.4251],[7.5521,50.4295],[7.5546,50.4371],[7.5621,50.4428],[7.5765,50.4493],[7.5763,50.4624],[7.5811,50.4637],[7.5809,50.4718],[7.5693,50.4761],[7.5639,50.4834],[7.5541,50.4791],[7.5434,50.4844],[7.5336,50.4879],[7.5135,50.4845],[7.5126,50.4917],[7.5162,50.4965],[7.5263,50.4968],[7.5205,50.5032],[7.5119,50.5001],[7.5006,50.4994],[7.5047,50.4923],[7.4964,50.4906],[7.4888,50.4836],[7.4811,50.4799],[7.4713,50.4853],[7.4674,50.4904],[7.4727,50.498],[7.4685,50.5011],[7.4629,50.5027],[7.456,50.4986],[7.4416,50.4916],[7.4088,50.4929],[7.4064,50.4972],[7.3979,50.4968],[7.3959,50.5086],[7.3898,50.5077],[7.3833,50.5004],[7.3903,50.494],[7.3963,50.4945],[7.3987,50.4853],[7.4064,50.479],[7.4009,50.4709],[7.4,50.4638],[7.4033,50.4489],[7.4091,50.4432]]]},"properties":{"id":"07138045","name":"Neuwied","subdivision":"Neuwied","cx":7.49,"cy":50.449}},
{"type":"Feature","geometry":{"type":"Polygon","coordinates":[[[7.4577,50.6883],[7.4523,50.6929],[7.4434,50.6914],[7.4316,50.6949],[7.4229,50.6931],[7.4257,50.6828],[7.4151,50.6847],[7.4143,50.6804],[7.3967,50.6754],[7.3939,50.6708],[7.3786,50.6674],[7.3693,50.6725],[7.3629,50.6712],[7.3713,50.6666],[7.3766,50.6576],[7.3769,50.6476],[7.3879,50.6437],[7.3918,50.6468],[7.4073,50.6451],[7.4108,50.6418],[7.4313,50.638],[7.4386,50.6396],[7.4504,50.6307],[7.4425,50.6268],[7.45,50.6175],[7.4629,50.6232],[7.4816,50.6255],[7.4742,50.6352],[7.4824,50.6404],[7.4849,50.6467],[7.4799,50.6526],[7.4815,50.6659],[7.4854,50.668],[7.4698,50.6724],[7.4639,50.6829],[7.4577,50.6883]]]},"properties":{"id":"07138003","name":"Asbach (Neuwied)","subdivision":"Neuwied","cx":7.438,"cy":50.663}},
{"type":"Feature","geometry":{"type":"Polygon","coordinates":[[[7.4707,50.611],[7.4528,50.612],[7.45,50.6175],[7.4425,50.6268],[7.4504,50.6307],[7.4386,50.6396],[7.4313,50.638],[7.4108,50.6418],[7.4073,50.6451],[7.3918,50.6468],[7.3879,50.6437],[7.3765,50.6247],[7.3664,50.6187],[7.363,50.613],[7.3693,50.6079],[7.3781,50.6058],[7.3826,50.5942],[7.3957,50.584],[7.3917,50.5787],[7.3929,50.5779],[7.4014,50.5816],[7.4101,50.5887],[7.4224,50.5871],[7.427,50.5907],[7.4365,50.5911],[7.4382,50.586],[7.4625,50.5807],[7.4656,50.5769],[7.4758,50.5754],[7.4747,50.5826],[7.4744,50.5849],[7.471,50.5964],[7.4661,50.6074],[7.4707,50.611]]]},"properties":{"id":"07138044","name":"Neustadt (Wied)","subdivision":"Neuwied","cx":7.418,"cy":50.613}},
{"type":"Feature","geometry":{"type":"Polygon","coordinates":[[[7.3629,50.6712],[7.3558,50.6652],[7.3557,50.6554],[7.359,50.6495],[7.3306,50.6396],[7.3187,50.6406],[7.3147,50.6374],[7.3164,50.6351],[7.3152,50.6307],[7.3299,50.6298],[7.3354,50.6306],[7.3478,50.626],[7.3511,50.6217],[7.3664,50.6187],[7.3765,50.6247],[7.3879,50.6437],[7.3769,50.6476],[7.3766,50.6576],[7.3713,50.6666],[7.3629,50.6712]]]},"properties":{"id":"07138077","name":"Windhagen","subdivision":"Neuwied","cx":7.36,"cy":50.635}},
{"type":"Feature","geometry":{"type":"Polygon","coordinates":[[[7.4408,50.7114],[7.4234,50.71],[7.4071,50.7182],[7.3973,50.7143],[7.3876,50.7157],[7.3709,50.7152],[7.3602,50.6971],[7.3651,50.6876],[7.3721,50.6821],[7.3693,50.6725],[7.3786,50.6674],[7.3939,50.6708],[7.3967,50.6754],[7.4143,50.6804],[7.4151,50.6847],[7.4257,50.6828],[7.4229,50.6931],[7.4316,50.6949],[7.4434,50.6914],[7.4523,50.6929],[7.4431,50.7046],[7.4408,50.7114]]]},"properties":{"id":"07138080","name":"Buchholz (Westerwald)","subdivision":"Neuwied","cx":7.399,"cy":50.696}},
{"type":"Feature","geometry":{"type":"Polygon","coordinates":[[[7.3122,50.503],[7.3196,50.5062],[7.3351,50.5187],[7.381,50.5284],[7.3871,50.5325],[7.3798,50.5362],[7.3771,50.5418],[7.3788,50.5481],[7.377,50.5566],[7.3654,50.5579],[7.3557,50.5567],[7.3389,50.5513],[7.325,50.5414],[7.3157,50.5415],[7.304,50.5317],[7.2952,50.5332],[7.2917,50.5296],[7.2995,50.5159],[7.3122,50.503]]]},"properties":{"id":"07138004","name":"Bad Hönningen","subdivision":"Neuwied","cx":7.342,"cy":50.535}},
{"type":"Feature","geometry":{"type":"Polygon","coordinates":[[[7.3444,50.4766],[7.3551,50.4658],[7.3743,50.4813],[7.3786,50.4797],[7.3963,50.4945],[7.3903,50.494],[7.3833,50.5004],[7.3749,50.4949],[7.3589,50.4956],[7.3571,50.4919],[7.3382,50.4823],[7.3444,50.4766]]]},"properties":{"id":"07138024","name":"Hammerstein","subdivision":"Neuwied","cx":7.364,"cy":50.485}},
{"type":"Feature","geometry":{"type":"Polygon","coordinates":[[[7.4797,50.5186],[7.4723,50.5211],[7.4681,50.5253],[7.4593,50.5266],[7.4421,50.5206],[7.4384,50.5167],[7.4405,50.5132],[7.4372,50.5065],[7.4497,50.4995],[7.456,50.4986],[7.4629,50.5027],[7.4685,50.5011],[7.4785,50.5046],[7.4755,50.5089],[7.4797,50.5186]]]},"properties":{"id":"07138015","name":"Ehlscheid","subdivision":"Neuwied","cx":7.458,"cy":50.513}},
{"type":"Feature","geometry":{"type":"Polygon","coordinates":[[[7.5235,50.506],[7.5306,50.5073],[7.5438,50.5221],[7.5394,50.5234],[7.5323,50.521],[7.5154,50.5265],[7.5054,50.5194],[7.5127,50.5117],[7.5235,50.506]]]},"properties":{"id":"07138026","name":"Hardert","subdivision":"Neuwied","cx":7.523,"cy":50.516}},
{"type":"Feature","geometry":{"type":"Polygon","coordinates":[[[7.4747,50.5826],[7.4758,50.5754],[7.4763,50.5654],[7.4716,50.5583],[7.4813,50.5588],[7.4923,50.5565],[7.5094,50.5643],[7.5009,50.5726],[7.4887,50.576],[7.4888,50.5803],[7.4747,50.5826]]]},"properties":{"id":"07138030","name":"Hümmerich","subdivision":"Neuwied","cx":7.488,"cy":50.568}},
{"type":"Feature","geometry":{"type":"Polygon","coordinates":[[[7.4723,50.5211],[7.4776,50.5257],[7.4778,50.5375],[7.478,50.5431],[7.4702,50.5455],[7.4648,50.554],[7.4656,50.5505],[7.4552,50.547],[7.4501,50.5454],[7.4532,50.5379],[7.4423,50.527],[7.4421,50.5206],[7.4593,50.5266],[7.4681,50.5253],[7.4723,50.5211]]]},"properties":{"id":"07138036","name":"Kurtscheid","subdivision":"Neuwied","cx":7.463,"cy":50.536}},
{"type":"Feature","geometry":{"type":"Polygon","coordinates":[[[7.581,50.4913],[7.5819,50.4927],[7.5709,50.5043],[7.5634,50.5027],[7.5543,50.4959],[7.5434,50.4844],[7.5541,50.4791],[7.5639,50.4834],[7.5742,50.4822],[7.5793,50.4845],[7.581,50.4913]]]},"properties":{"id":"07138042","name":"Meinborn","subdivision":"Neuwied","cx":7.565,"cy":50.492}},
{"type":"Feature","geometry":{"type":"Polygon","coordinates":[[[7.4785,50.5046],[7.4685,50.5011],[7.4727,50.498],[7.4674,50.4904],[7.4713,50.4853],[7.4811,50.4799],[7.4888,50.4836],[7.4964,50.4906],[7.4815,50.495],[7.4754,50.5],[7.4785,50.5046]]]},"properties":{"id":"07138043","name":"Melsbach","subdivision":"Neuwied","cx":7.479,"cy":50.489}},
{"type":"Feature","geometry":{"type":"Polygon","coordinates":[[[7.5009,50.5726],[7.5094,50.5643],[7.4923,50.5565],[7.5061,50.5508],[7.5123,50.5529],[7.5285,50.5487],[7.5312,50.5571],[7.5319,50.5639],[7.5161,50.5713],[7.5009,50.5726]]]},"properties":{"id":"07138053","name":"Oberhonnefeld-Gierend","subdivision":"Neuwied","cx":7.516,"cy":50.56}},
{"type":"Feature","geometry":{"type":"Polygon","coordinates":[[[7.5312,50.5571],[7.5285,50.5487],[7.5247,50.5443],[7.5261,50.5352],[7.543,50.5317],[7.5479,50.5412],[7.5583,50.5454],[7.55,50.5514],[7.5496,50.5551],[7.5348,50.5585],[7.5312,50.5571]]]},"properties":{"id":"07138054","name":"Oberraden","subdivision":"Neuwied","cx":7.539,"cy":50.545}},
{"type":"Feature","geometry":{"type":"Polygon","coordinates":[[[7.5394,50.5234],[7.543,50.5317],[7.5261,50.5352],[7.5247,50.5443],[7.5285,50.5487],[7.5123,50.5529],[7.5061,50.5508],[7.4923,50.5565],[7.4813,50.5588],[7.4716,50.5583],[7.4648,50.554],[7.4702,50.5455],[7.478,50.5431],[7.4778,50.5375],[7.4894,50.5399],[7.4914,50.5361],[7.5094,50.5311],[7.5154,50.5265],[7.5323,50.521],[7.5394,50.5234]]]},"properties":{"id":"07138071","name":"Straßenhaus","subdivision":"Neuwied","cx":7.509,"cy":50.541}},
{"type":"Feature","geometry":{"type":"Polygon","coordinates":[[[7.2916,50.5892],[7.2701,50.5774],[7.2804,50.575],[7.2889,50.582],[7.2965,50.5849],[7.2916,50.5892]]]},"properties":{"id":"07138055","name":"Ockenfels","subdivision":"Neuwied","cx":7.282,"cy":50.581}},
{"type":"Feature","geometry":{"type":"Polygon","coordinates":[[[7.3917,50.5787],[7.3957,50.584],[7.3826,50.5942],[7.3781,50.6058],[7.3693,50.6079],[7.363,50.613],[7.3562,50.6114],[7.3555,50.6065],[7.3452,50.6054],[7.3383,50.6071],[7.3304,50.6045],[7.3232,50.6004],[7.3254,50.5962],[7.3348,50.5961],[7.3329,50.5891],[7.3238,50.5908],[7.3296,50.5782],[7.3395,50.5746],[7.3562,50.577],[7.3688,50.5744],[7.376,50.5794],[7.3917,50.5787]]]},"properties":{"id":"07138068","name":"Sankt Katharinen (Landkreis Neuwied)","subdivision":"Neuwied","cx":7.358,"cy":50.592}},
{"type":"Feature","geometry":{"type":"Polygon","coordinates":[[[7.3304,50.6045],[7.3383,50.6071],[7.3452,50.6054],[7.3555,50.6065],[7.3562,50.6114],[7.363,50.613],[7.3664,50.6187],[7.3511,50.6217],[7.3478,50.626],[7.3354,50.6306],[7.3299,50.6298],[7.326,50.6236],[7.3104,50.6195],[7.3111,50.6171],[7.3108,50.6102],[7.3304,50.6045]]]},"properties":{"id":"07138075","name":"Vettelschoß","subdivision":"Neuwied","cx":7.337,"cy":50.617}},
{"type":"Feature","geometry":{"type":"Polygon","coordinates":[[[7.2652,50.5741],[7.2701,50.5774],[7.2916,50.5892],[7.2972,50.5968],[7.2848,50.5964],[7.2787,50.5987],[7.267,50.5977],[7.2602,50.5949],[7.2485,50.579],[7.2652,50.5741]]]},"properties":{"id":"07138501","name":"Kasbach-Ohlenberg","subdivision":"Neuwied","cx":7.271,"cy":50.588}},
{"type":"Feature","geometry":{"type":"Polygon","coordinates":[[[7.6193,50.5575],[7.6177,50.5603],[7.6084,50.5577],[7.5963,50.5576],[7.5853,50.5497],[7.5738,50.5337],[7.5814,50.5344],[7.5955,50.5362],[7.615,50.5416],[7.6208,50.5492],[7.6193,50.5575]]]},"properties":{"id":"07138011","name":"Dernbach (Neuwied)","subdivision":"Neuwied","cx":7.6,"cy":50.547}},
{"type":"Feature","geometry":{"type":"Polygon","coordinates":[[[7.5433,50.6119],[7.5456,50.6066],[7.5589,50.5988],[7.5668,50.5986],[7.5773,50.6046],[7.5869,50.6078],[7.5751,50.6165],[7.5731,50.6173],[7.5455,50.6269],[7.5425,50.6207],[7.5433,50.6119]]]},"properties":{"id":"07138013","name":"Döttesfeld","subdivision":"Neuwied","cx":7.561,"cy":50.611}},
{"type":"Feature","geometry":{"type":"Polygon","coordinates":[[[7.5436,50.584],[7.5499,50.5793],[7.5688,50.5788],[7.5811,50.5778],[7.5997,50.5836],[7.593,50.5868],[7.5893,50.594],[7.5773,50.6046],[7.5668,50.5986],[7.5589,50.5988],[7.5477,50.589],[7.5436,50.584]]]},"properties":{"id":"07138014","name":"Dürrholz","subdivision":"Neuwied","cx":7.572,"cy":50.589}},
{"type":"Feature","geometry":{"type":"Polygon","coordinates":[[[7.6529,50.592],[7.6392,50.5944],[7.6214,50.5866],[7.623,50.5843],[7.6381,50.5818],[7.6585,50.5835],[7.6529,50.592]]]},"properties":{"id":"07138025","name":"Hanroth","subdivision":"Neuwied","cx":7.641,"cy":50.588}},
{"type":"Feature","geometry":{"type":"Polygon","coordinates":[[[7.6093,50.5687],[7.6062,50.5774],[7.5997,50.5836],[7.5811,50.5778],[7.5869,50.575],[7.5877,50.5687],[7.5965,50.5674],[7.6093,50.5687]]]},"properties":{"id":"07138027","name":"Harschbach","subdivision":"Neuwied","cx":7.597,"cy":50.575}},
{"type":"Feature","geometry":{"type":"Polygon","coordinates":[[[7.5037,50.0674],[7.4861,50.0789],[7.4759,50.0808],[7.4774,50.0694],[7.4738,50.0653],[7.4803,50.0648],[7.4967,50.0678],[7.4998,50.0662],[7.5037,50.0674]]]},"properties":{"id":"07140055","name":"Hollnich","subdivision":"Rhein-Hunsrück-Kreis","cx":7.486,"cy":50.072}},
{"type":"Feature","geometry":{"type":"Polygon","coordinates":[[[7.587,50.648],[7.5809,50.6441],[7.5717,50.6453],[7.5699,50.6363],[7.5762,50.6303],[7.5791,50.6197],[7.5731,50.6173],[7.5751,50.6165],[7.5842,50.6164],[7.5899,50.6202],[7.5989,50.616],[7.6187,50.618],[7.5999,50.6275],[7.6019,50.6353],[7.5923,50.639],[7.6046,50.6484],[7.5924,50.652],[7.5895,50.6507],[7.587,50.648]]]},"properties":{"id":"07138050","name":"Niederwambach","subdivision":"Neuwied","cx":7.589,"cy":50.63}},
{"type":"Feature","geometry":{"type":"Polygon","coordinates":[[[7.6574,50.6452],[7.6573,50.6383],[7.651,50.6307],[7.6432,50.6263],[7.6476,50.6195],[7.6568,50.6188],[7.6593,50.6144],[7.6743,50.6122],[7.6895,50.617],[7.7008,50.6229],[7.6896,50.6292],[7.6889,50.6325],[7.6788,50.6442],[7.6724,50.6467],[7.6574,50.6452]]]},"properties":{"id":"07138052","name":"Oberdreis","subdivision":"Neuwied","cx":7.671,"cy":50.628}},
{"type":"Feature","geometry":{"type":"Polygon","coordinates":[[[7.5773,50.6046],[7.5893,50.594],[7.593,50.5868],[7.5997,50.5836],[7.6214,50.5866],[7.6392,50.5944],[7.6324,50.5991],[7.6316,50.6054],[7.6187,50.618],[7.5989,50.616],[7.5899,50.6202],[7.5842,50.6164],[7.5751,50.6165],[7.5869,50.6078],[7.5773,50.6046]]]},"properties":{"id":"07138057","name":"Puderbach","subdivision":"Neuwied","cx":7.607,"cy":50.602}},
{"type":"Feature","geometry":{"type":"Polygon","coordinates":[[[7.6046,50.6484],[7.5923,50.639],[7.6019,50.6353],[7.6177,50.6326],[7.6261,50.6401],[7.6198,50.6478],[7.6156,50.6457],[7.6046,50.6484]]]},"properties":{"id":"07138058","name":"Ratzert","subdivision":"Neuwied","cx":7.61,"cy":50.64}},
{"type":"Feature","geometry":{"type":"Polygon","coordinates":[[[7.6585,50.5835],[7.6381,50.5818],[7.623,50.5843],[7.6214,50.5866],[7.5997,50.5836],[7.6062,50.5774],[7.6093,50.5687],[7.6177,50.5603],[7.6193,50.5575],[7.6291,50.5582],[7.6325,50.5631],[7.6466,50.5687],[7.6508,50.5685],[7.6585,50.5835]]]},"properties":{"id":"07138059","name":"Raubach","subdivision":"Neuwied","cx":7.627,"cy":50.572}},
{"type":"Feature","geometry":{"type":"Polygon","coordinates":[[[7.6276,50.6528],[7.6198,50.6478],[7.6261,50.6401],[7.6177,50.6326],[7.6206,50.6278],[7.6366,50.6225],[7.6432,50.6263],[7.651,50.6307],[7.6573,50.6383],[7.6574,50.6452],[7.653,50.6514],[7.6382,50.649],[7.6342,50.6538],[7.6276,50.6528]]]},"properties":{"id":"07138064","name":"Rodenbach bei Puderbach","subdivision":"Neuwied","cx":7.638,"cy":50.638}},
{"type":"Feature","geometry":{"type":"Polygon","coordinates":[[[7.6187,50.618],[7.6316,50.6054],[7.6489,50.6079],[7.6476,50.6195],[7.6432,50.6263],[7.6366,50.6225],[7.6206,50.6278],[7.6177,50.6326],[7.6019,50.6353],[7.5999,50.6275],[7.6187,50.618]]]},"properties":{"id":"07138070","name":"Steimel","subdivision":"Neuwied","cx":7.631,"cy":50.616}},
{"type":"Feature","geometry":{"type":"Polygon","coordinates":[[[7.5738,50.5337],[7.5853,50.5497],[7.5963,50.5576],[7.5965,50.5674],[7.5877,50.5687],[7.5869,50.575],[7.5811,50.5778],[7.5688,50.5788],[7.5646,50.576],[7.5746,50.5701],[7.5608,50.5665],[7.5586,50.5611],[7.5496,50.5551],[7.55,50.5514],[7.5583,50.5454],[7.5479,50.5412],[7.543,50.5317],[7.5394,50.5234],[7.5438,50.5221],[7.5494,50.5294],[7.5609,50.5329],[7.5738,50.5337]]]},"properties":{"id":"07138074","name":"Urbach","subdivision":"Neuwied","cx":7.57,"cy":50.553}},
{"type":"Feature","geometry":{"type":"Polygon","coordinates":[[[7.6652,50.5946],[7.6743,50.6122],[7.6593,50.6144],[7.6568,50.6188],[7.6476,50.6195],[7.6489,50.6079],[7.6316,50.6054],[7.6324,50.5991],[7.6392,50.5944],[7.6529,50.592],[7.6652,50.5946]]]},"properties":{"id":"07138078","name":"Woldert","subdivision":"Neuwied","cx":7.656,"cy":50.602}},
{"type":"Feature","geometry":{"type":"Polygon","coordinates":[[[7.5438,50.5221],[7.5306,50.5073],[7.5235,50.506],[7.5205,50.5032],[7.5263,50.4968],[7.5162,50.4965],[7.5126,50.4917],[7.5135,50.4845],[7.5336,50.4879],[7.5434,50.4844],[7.5543,50.4959],[7.5634,50.5027],[7.5709,50.5043],[7.571,50.5147],[7.5649,50.5131],[7.5438,50.5221]]]},"properties":{"id":"07138002","name":"Anhausen","subdivision":"Neuwied","cx":7.542,"cy":50.502}},
{"type":"Feature","geometry":{"type":"Polygon","coordinates":[[[7.2922,49.9433],[7.2708,49.9516],[7.259,49.9463],[7.2541,49.9412],[7.2498,49.935],[7.2557,49.9369],[7.2616,49.9316],[7.2709,49.928],[7.2809,49.9311],[7.2914,49.9357],[7.2922,49.9433]]]},"properties":{"id":"07140082","name":"Lautzenhausen","subdivision":"Rhein-Hunsrück-Kreis","cx":7.273,"cy":49.94}},
{"type":"Feature","geometry":{"type":"Polygon","coordinates":[[[7.5054,50.5194],[7.5154,50.5265],[7.5094,50.5311],[7.4914,50.5361],[7.4894,50.5399],[7.4778,50.5375],[7.4776,50.5257],[7.4723,50.5211],[7.4797,50.5186],[7.489,50.5176],[7.5054,50.5194]]]},"properties":{"id":"07138005","name":"Bonefeld","subdivision":"Neuwied","cx":7.492,"cy":50.527}},
{"type":"Feature","geometry":{"type":"Polygon","coordinates":[[[7.5909,50.5237],[7.5819,50.5165],[7.5744,50.5196],[7.571,50.5147],[7.5709,50.5043],[7.5819,50.4927],[7.5927,50.5],[7.5897,50.5164],[7.5932,50.5215],[7.5909,50.5237]]]},"properties":{"id":"07138072","name":"Thalhausen","subdivision":"Neuwied","cx":7.582,"cy":50.508}},
{"type":"Feature","geometry":{"type":"Polygon","coordinates":[[[7.2689,50.6146],[7.2511,50.6074],[7.2422,50.6006],[7.2574,50.5946],[7.2675,50.601],[7.2712,50.6086],[7.2689,50.6146]]]},"properties":{"id":"07138008","name":"Bruchhausen","subdivision":"Neuwied","cx":7.259,"cy":50.604}},
{"type":"Feature","geometry":{"type":"Polygon","coordinates":[[[7.2485,50.579],[7.2602,50.5949],[7.267,50.5977],[7.2787,50.5987],[7.2781,50.6023],[7.2845,50.6146],[7.3001,50.6136],[7.3111,50.6171],[7.3104,50.6195],[7.326,50.6236],[7.3299,50.6298],[7.3152,50.6307],[7.2822,50.6227],[7.2734,50.622],[7.2689,50.6146],[7.2712,50.6086],[7.2675,50.601],[7.2574,50.5946],[7.2422,50.6006],[7.2382,50.5949],[7.2271,50.5914],[7.2229,50.5836],[7.2485,50.579]]]},"properties":{"id":"07138019","name":"Erpel","subdivision":"Neuwied","cx":7.247,"cy":50.59}},
{"type":"Feature","geometry":{"type":"Polygon","coordinates":[[[7.2136,50.6125],[7.224,50.6135],[7.2345,50.6122],[7.2458,50.6157],[7.2606,50.6168],[7.2729,50.6239],[7.3028,50.6304],[7.3107,50.6354],[7.3164,50.6351],[7.3147,50.6374],[7.3051,50.6376],[7.2973,50.6318],[7.2829,50.6288],[7.2647,50.6275],[7.2609,50.6253],[7.2402,50.6282],[7.2157,50.6279],[7.2124,50.6234],[7.2136,50.6125]]]},"properties":{"id":"07138062","name":"Rheinbreitbach","subdivision":"Neuwied","cx":7.239,"cy":50.621}},
{"type":"Feature","geometry":{"type":"Polygon","coordinates":[[[7.2229,50.5836],[7.2271,50.5914],[7.2382,50.5949],[7.2422,50.6006],[7.2511,50.6074],[7.2689,50.6146],[7.2734,50.622],[7.2822,50.6227],[7.3152,50.6307],[7.3164,50.6351],[7.3107,50.6354],[7.3028,50.6304],[7.2729,50.6239],[7.2606,50.6168],[7.2458,50.6157],[7.2345,50.6122],[7.224,50.6135],[7.2136,50.6125],[7.2136,50.6018],[7.2106,50.5972],[7.2131,50.5895],[7.2229,50.5836]]]},"properties":{"id":"07138073","name":"Unkel","subdivision":"Neuwied","cx":7.23,"cy":50.603}},
{"type":"Feature","geometry":{"type":"Polygon","coordinates":[[[7.4101,50.5887],[7.4108,50.5853],[7.4229,50.586],[7.4233,50.5797],[7.4307,50.5735],[7.4226,50.5677],[7.4217,50.5615],[7.4332,50.5595],[7.4386,50.5538],[7.4496,50.5524],[7.4552,50.547],[7.4656,50.5505],[7.4648,50.554],[7.4716,50.5583],[7.4763,50.5654],[7.4758,50.5754],[7.4656,50.5769],[7.4625,50.5807],[7.4382,50.586],[7.4365,50.5911],[7.427,50.5907],[7.4224,50.5871],[7.4101,50.5887]]]},"properties":{"id":"07138006","name":"Breitscheid (Neuwied)","subdivision":"Neuwied","cx":7.448,"cy":50.569}},
{"type":"Feature","geometry":{"type":"Polygon","coordinates":[[[7.402,50.5112],[7.4033,50.5111],[7.4081,50.5161],[7.4076,50.5267],[7.4014,50.5242],[7.3962,50.528],[7.399,50.5338],[7.4088,50.5362],[7.4131,50.5408],[7.4122,50.5445],[7.3961,50.5521],[7.3983,50.5616],[7.3859,50.5603],[7.3827,50.56],[7.377,50.5566],[7.3788,50.5481],[7.3771,50.5418],[7.3798,50.5362],[7.3871,50.5325],[7.388,50.5275],[7.3937,50.5235],[7.3934,50.519],[7.402,50.5112]]]},"properties":{"id":"07138007","name":"Hausen (Wied)","subdivision":"Neuwied","cx":7.393,"cy":50.541}},
{"type":"Feature","geometry":{"type":"Polygon","coordinates":[[[7.379,49.8961],[7.3943,49.8933],[7.3926,49.886],[7.3988,49.8872],[7.3987,49.8886],[7.4024,49.898],[7.408,49.9041],[7.3916,49.9093],[7.384,49.9075],[7.3758,49.9019],[7.3743,49.8995],[7.379,49.8961]]]},"properties":{"id":"07140086","name":"Lindenschied","subdivision":"Rhein-Hunsrück-Kreis","cx":7.392,"cy":49.901}},
{"type":"Feature","geometry":{"type":"Polygon","coordinates":[[[7.3959,50.5086],[7.3979,50.4968],[7.4064,50.4972],[7.4088,50.4929],[7.4416,50.4916],[7.456,50.4986],[7.4497,50.4995],[7.4372,50.5065],[7.4405,50.5132],[7.4384,50.5167],[7.426,50.5137],[7.4133,50.5158],[7.4033,50.5111],[7.402,50.5112],[7.3959,50.5086]]]},"properties":{"id":"07138010","name":"Datzeroth","subdivision":"Neuwied","cx":7.423,"cy":50.503}},
{"type":"Feature","geometry":{"type":"Polygon","coordinates":[[[7.4421,50.5206],[7.4423,50.527],[7.4532,50.5379],[7.4501,50.5454],[7.4281,50.5411],[7.4131,50.5408],[7.4088,50.5362],[7.399,50.5338],[7.3962,50.528],[7.4014,50.5242],[7.4076,50.5267],[7.4081,50.5161],[7.4033,50.5111],[7.4133,50.5158],[7.426,50.5137],[7.4384,50.5167],[7.4421,50.5206]]]},"properties":{"id":"07138047","name":"Niederbreitbach","subdivision":"Neuwied","cx":7.426,"cy":50.529}},
{"type":"Feature","geometry":{"type":"Polygon","coordinates":[[[7.3859,50.5603],[7.3983,50.5616],[7.4097,50.5652],[7.4217,50.5615],[7.4226,50.5677],[7.4307,50.5735],[7.4233,50.5797],[7.4229,50.586],[7.4108,50.5853],[7.4101,50.5887],[7.4014,50.5816],[7.3929,50.5779],[7.3854,50.5762],[7.384,50.5679],[7.3859,50.5603]]]},"properties":{"id":"07138065","name":"Roßbach (Neuwied)","subdivision":"Neuwied","cx":7.408,"cy":50.574}},
{"type":"Feature","geometry":{"type":"Polygon","coordinates":[[[7.4552,50.547],[7.4496,50.5524],[7.4386,50.5538],[7.4332,50.5595],[7.4217,50.5615],[7.4097,50.5652],[7.3983,50.5616],[7.3961,50.5521],[7.4122,50.5445],[7.4131,50.5408],[7.4281,50.5411],[7.4501,50.5454],[7.4552,50.547]]]},"properties":{"id":"07138076","name":"Waldbreitbach","subdivision":"Neuwied","cx":7.422,"cy":50.552}},
{"type":"Feature","geometry":{"type":"Polygon","coordinates":[[[7.603,50.1641],[7.6187,50.1657],[7.6343,50.1657],[7.6388,50.1595],[7.6458,50.1571],[7.6606,50.1688],[7.6687,50.1717],[7.6621,50.1734],[7.6482,50.1775],[7.6439,50.1828],[7.6465,50.1922],[7.6435,50.201],[7.6405,50.2048],[7.6198,50.2172],[7.6153,50.2254],[7.6039,50.2327],[7.59,50.234],[7.5802,50.2368],[7.5782,50.2411],[7.5882,50.2488],[7.6006,50.2502],[7.6357,50.2456],[7.6288,50.2521],[7.6176,50.2545],[7.6133,50.2606],[7.5784,50.2573],[7.5695,50.2584],[7.5571,50.2569],[7.5506,50.2582],[7.5365,50.2655],[7.5306,50.2625],[7.5235,50.2598],[7.5155,50.2537],[7.5153,50.2502],[7.5142,50.2491],[7.5103,50.2431],[7.5083,50.2313],[7.4928,50.2261],[7.4866,50.2157],[7.4769,50.2153],[7.4763,50.2075],[7.4688,50.2012],[7.4589,50.1988],[7.4628,50.1945],[7.4663,50.1893],[7.4716,50.185],[7.4856,50.1829],[7.5036,50.1919],[7.5121,50.1902],[7.517,50.194],[7.5292,50.198],[7.5476,50.2117],[7.5638,50.2037],[7.5728,50.2024],[7.5805,50.198],[7.5868,50.1963],[7.5944,50.1846],[7.5897,50.1736],[7.5927,50.1698],[7.6015,50.168],[7.603,50.1641]]]},"properties":{"id":"07140501","name":"Boppard","subdivision":"Rhein-Hunsrück-Kreis","cx":7.545,"cy":50.235}},
{"type":"Feature","geometry":{"type":"Polygon","coordinates":[[[7.6386,50.1173],[7.6455,50.115],[7.6557,50.1197],[7.6442,50.1185],[7.6372,50.1203],[7.6415,50.126],[7.6048,50.126],[7.6007,50.125],[7.6031,50.1201],[7.6004,50.1092],[7.6144,50.12],[7.631,50.1196],[7.6386,50.1173]]]},"properties":{"id":"07140005","name":"Badenhard","subdivision":"Rhein-Hunsrück-Kreis","cx":7.609,"cy":50.122}},
{"type":"Feature","geometry":{"type":"Polygon","coordinates":[[[7.5391,50.1099],[7.5385,50.1193],[7.5288,50.1261],[7.509,50.135],[7.5073,50.1395],[7.498,50.1362],[7.4943,50.1333],[7.5085,50.1232],[7.5153,50.1226],[7.5181,50.1169],[7.5158,50.1107],[7.5244,50.1018],[7.5436,50.0967],[7.5434,50.1043],[7.5391,50.1099]]]},"properties":{"id":"07140014","name":"Bickenbach","subdivision":"Rhein-Hunsrück-Kreis","cx":7.528,"cy":50.115}},
{"type":"Feature","geometry":{"type":"Polygon","coordinates":[[[7.5653,50.1577],[7.5567,50.1586],[7.5525,50.1631],[7.5446,50.1624],[7.5237,50.1726],[7.5097,50.1792],[7.5208,50.1673],[7.5158,50.1558],[7.5191,50.1462],[7.5158,50.1409],[7.5324,50.139],[7.5403,50.1406],[7.5467,50.1478],[7.5647,50.1531],[7.5654,50.1533],[7.5653,50.1577]]]},"properties":{"id":"07140036","name":"Emmelshausen","subdivision":"Rhein-Hunsrück-Kreis","cx":7.534,"cy":50.154}},
{"type":"Feature","geometry":{"type":"Polygon","coordinates":[[[7.5073,50.1395],[7.5158,50.1409],[7.5191,50.1462],[7.5158,50.1558],[7.5208,50.1673],[7.5097,50.1792],[7.505,50.1788],[7.4856,50.1645],[7.4802,50.1657],[7.4692,50.1575],[7.4693,50.1499],[7.4647,50.1433],[7.4568,50.1384],[7.467,50.1349],[7.498,50.1362],[7.5073,50.1395]]]},"properties":{"id":"07140043","name":"Gondershausen","subdivision":"Rhein-Hunsrück-Kreis","cx":7.494,"cy":50.152}},
{"type":"Feature","geometry":{"type":"Polygon","coordinates":[[[7.5897,50.1736],[7.5944,50.1846],[7.5868,50.1963],[7.5805,50.198],[7.5795,50.1911],[7.5693,50.1817],[7.5612,50.179],[7.5497,50.1844],[7.5237,50.1726],[7.5446,50.1624],[7.5525,50.1631],[7.5567,50.1586],[7.5653,50.1577],[7.5761,50.1634],[7.5735,50.1666],[7.5897,50.1736]]]},"properties":{"id":"07140045","name":"Halsenbach","subdivision":"Rhein-Hunsrück-Kreis","cx":7.565,"cy":50.17}},
{"type":"Feature","geometry":{"type":"Polygon","coordinates":[[[7.5416,50.1207],[7.5391,50.1099],[7.5434,50.1043],[7.5521,50.0994],[7.5662,50.103],[7.5762,50.1004],[7.581,50.1026],[7.5726,50.1092],[7.5604,50.1094],[7.5613,50.1147],[7.5455,50.1163],[7.5416,50.1207]]]},"properties":{"id":"07140047","name":"Hausbay","subdivision":"Rhein-Hunsrück-Kreis","cx":7.554,"cy":50.107}},
{"type":"Feature","geometry":{"type":"Polygon","coordinates":[[[7.5813,50.1425],[7.5957,50.1379],[7.5949,50.1354],[7.6007,50.1362],[7.6125,50.1405],[7.6384,50.14],[7.6586,50.1429],[7.6572,50.1499],[7.6496,50.155],[7.6227,50.1487],[7.6182,50.1506],[7.5998,50.1508],[7.5937,50.1528],[7.5939,50.1475],[7.5813,50.1425]]]},"properties":{"id":"07140060","name":"Hungenroth","subdivision":"Rhein-Hunsrück-Kreis","cx":7.604,"cy":50.144}},
{"type":"Feature","geometry":{"type":"Polygon","coordinates":[[[7.5937,50.1528],[7.5998,50.1508],[7.6182,50.1506],[7.6227,50.1487],[7.6496,50.155],[7.6458,50.1571],[7.6388,50.1595],[7.6343,50.1657],[7.6187,50.1657],[7.603,50.1641],[7.5989,50.1564],[7.5937,50.1528]]]},"properties":{"id":"07140063","name":"Karbach","subdivision":"Rhein-Hunsrück-Kreis","cx":7.62,"cy":50.158}},
{"type":"Feature","geometry":{"type":"Polygon","coordinates":[[[7.5292,50.198],[7.5497,50.1844],[7.5612,50.179],[7.5693,50.1817],[7.5795,50.1911],[7.5805,50.198],[7.5728,50.2024],[7.5638,50.2037],[7.5476,50.2117],[7.5292,50.198]]]},"properties":{"id":"07140075","name":"Kratzenburg","subdivision":"Rhein-Hunsrück-Kreis","cx":7.556,"cy":50.195}},
{"type":"Feature","geometry":{"type":"Polygon","coordinates":[[[7.5623,50.1215],[7.5663,50.1251],[7.5949,50.1354],[7.5957,50.1379],[7.5813,50.1425],[7.5718,50.1531],[7.5654,50.1533],[7.5647,50.1531],[7.5597,50.143],[7.5537,50.1406],[7.5473,50.1337],[7.5542,50.1339],[7.5572,50.1262],[7.5623,50.1215]]]},"properties":{"id":"07140084","name":"Leiningen","subdivision":"Rhein-Hunsrück-Kreis","cx":7.57,"cy":50.137}},
{"type":"Feature","geometry":{"type":"Polygon","coordinates":[[[7.5436,50.0967],[7.548,50.0932],[7.5479,50.0837],[7.5587,50.0792],[7.568,50.0869],[7.5782,50.0867],[7.5887,50.0893],[7.599,50.0959],[7.6069,50.0954],[7.5976,50.1009],[7.5827,50.0971],[7.5762,50.1004],[7.5662,50.103],[7.5521,50.0994],[7.5434,50.1043],[7.5436,50.0967]]]},"properties":{"id":"07140087","name":"Lingerhahn","subdivision":"Rhein-Hunsrück-Kreis","cx":7.562,"cy":50.093}},
{"type":"Feature","geometry":{"type":"Polygon","coordinates":[[[7.568,50.0869],[7.5738,50.0826],[7.5791,50.0743],[7.5849,50.0752],[7.5887,50.0893],[7.5782,50.0867],[7.568,50.0869]]]},"properties":{"id":"07140089","name":"Maisborn","subdivision":"Rhein-Hunsrück-Kreis","cx":7.581,"cy":50.082}},
{"type":"Feature","geometry":{"type":"Polygon","coordinates":[[[7.4305,49.944],[7.4306,49.9384],[7.4216,49.9299],[7.4268,49.9269],[7.4445,49.9281],[7.4457,49.9318],[7.4593,49.9335],[7.4574,49.9361],[7.4571,49.9376],[7.4305,49.944]]]},"properties":{"id":"07140090","name":"Maitzborn","subdivision":"Rhein-Hunsrück-Kreis","cx":7.439,"cy":49.935}},
{"type":"Feature","geometry":{"type":"Polygon","coordinates":[[[7.4663,50.1893],[7.4611,50.1852],[7.4629,50.1773],[7.4787,50.1702],[7.4802,50.1657],[7.4856,50.1645],[7.505,50.1788],[7.5028,50.1824],[7.5036,50.1919],[7.4856,50.1829],[7.4716,50.185],[7.4663,50.1893]]]},"properties":{"id":"07140093","name":"Mermuth","subdivision":"Rhein-Hunsrück-Kreis","cx":7.484,"cy":50.176}},
{"type":"Feature","geometry":{"type":"Polygon","coordinates":[[[7.5036,50.1919],[7.5028,50.1824],[7.505,50.1788],[7.5097,50.1792],[7.5237,50.1726],[7.5497,50.1844],[7.5292,50.198],[7.517,50.194],[7.5121,50.1902],[7.5036,50.1919]]]},"properties":{"id":"07140102","name":"Ney","subdivision":"Rhein-Hunsrück-Kreis","cx":7.524,"cy":50.185}},
{"type":"Feature","geometry":{"type":"Polygon","coordinates":[[[7.5572,50.1262],[7.5542,50.1339],[7.5473,50.1337],[7.5434,50.1355],[7.5382,50.1341],[7.5288,50.1261],[7.5385,50.1193],[7.5391,50.1099],[7.5416,50.1207],[7.5572,50.1262]]]},"properties":{"id":"07140108","name":"Niedert","subdivision":"Rhein-Hunsrück-Kreis","cx":7.543,"cy":50.128}},
{"type":"Feature","geometry":{"type":"Polygon","coordinates":[[[7.5655,50.1179],[7.5791,50.1181],[7.6007,50.125],[7.6048,50.126],[7.6007,50.1362],[7.5949,50.1354],[7.5663,50.1251],[7.5623,50.1215],[7.5655,50.1179]]]},"properties":{"id":"07140110","name":"Norath","subdivision":"Rhein-Hunsrück-Kreis","cx":7.585,"cy":50.126}},
{"type":"Feature","geometry":{"type":"Polygon","coordinates":[[[7.5613,50.1147],[7.5604,50.1094],[7.5726,50.1092],[7.581,50.1026],[7.5762,50.1004],[7.5827,50.0971],[7.5976,50.1009],[7.6006,50.1024],[7.6004,50.1092],[7.6031,50.1201],[7.6007,50.125],[7.5791,50.1181],[7.5655,50.1179],[7.5613,50.1147]]]},"properties":{"id":"07140117","name":"Pfalzfeld","subdivision":"Rhein-Hunsrück-Kreis","cx":7.587,"cy":50.11}},
{"type":"Feature","geometry":{"type":"Polygon","coordinates":[[[7.5403,50.1406],[7.5434,50.1355],[7.5473,50.1337],[7.5537,50.1406],[7.5597,50.143],[7.5647,50.1531],[7.5467,50.1478],[7.5403,50.1406]]]},"properties":{"id":"07140140","name":"Schwall","subdivision":"Rhein-Hunsrück-Kreis","cx":7.551,"cy":50.144}},
{"type":"Feature","geometry":{"type":"Polygon","coordinates":[[[7.5288,50.1261],[7.5382,50.1341],[7.5434,50.1355],[7.5403,50.1406],[7.5324,50.139],[7.5158,50.1409],[7.5073,50.1395],[7.509,50.135],[7.5288,50.1261]]]},"properties":{"id":"07140149","name":"Thörlingen","subdivision":"Rhein-Hunsrück-Kreis","cx":7.525,"cy":50.134}},
{"type":"Feature","geometry":{"type":"Polygon","coordinates":[[[7.6415,50.126],[7.6492,50.1322],[7.6384,50.14],[7.6125,50.1405],[7.6007,50.1362],[7.6048,50.126],[7.6415,50.126]]]},"properties":{"id":"07140156","name":"Utzenhain","subdivision":"Rhein-Hunsrück-Kreis","cx":7.624,"cy":50.133}},
{"type":"Feature","geometry":{"type":"Polygon","coordinates":[[[7.4268,50.1753],[7.4271,50.1617],[7.4431,50.1429],[7.4515,50.1382],[7.4568,50.1384],[7.4647,50.1433],[7.4693,50.1499],[7.4692,50.1575],[7.4802,50.1657],[7.4787,50.1702],[7.4629,50.1773],[7.4611,50.1852],[7.4663,50.1893],[7.4628,50.1945],[7.4551,50.1879],[7.4435,50.1823],[7.4296,50.1789],[7.4268,50.1753]]]},"properties":{"id":"07140201","name":"Beulich","subdivision":"Rhein-Hunsrück-Kreis","cx":7.452,"cy":50.164}},
{"type":"Feature","geometry":{"type":"Polygon","coordinates":[[[7.3474,49.9704],[7.3406,49.9675],[7.3456,49.9695],[7.3535,49.9667],[7.3599,49.9613],[7.3749,49.964],[7.3857,49.967],[7.3834,49.9728],[7.3762,49.9769],[7.3627,49.9805],[7.3646,49.975],[7.3474,49.9704]]]},"properties":{"id":"07140094","name":"Metzenhausen","subdivision":"Rhein-Hunsrück-Kreis","cx":7.369,"cy":49.97}},
{"type":"Feature","geometry":{"type":"Polygon","coordinates":[[[7.4296,50.1789],[7.4435,50.1823],[7.4551,50.1879],[7.4628,50.1945],[7.4589,50.1988],[7.45,50.2037],[7.4439,50.2104],[7.4279,50.2081],[7.4224,50.2029],[7.4243,50.1951],[7.4145,50.193],[7.4208,50.1849],[7.4296,50.1789]]]},"properties":{"id":"07140205","name":"Morshausen","subdivision":"Rhein-Hunsrück-Kreis","cx":7.438,"cy":50.195}},
{"type":"Feature","geometry":{"type":"Polygon","coordinates":[[[7.431,50.0224],[7.4372,50.0185],[7.4439,50.023],[7.4632,50.0222],[7.4689,50.0172],[7.4809,50.0216],[7.4893,50.0293],[7.4889,50.032],[7.4897,50.034],[7.4849,50.038],[7.4855,50.0457],[7.4783,50.0417],[7.4591,50.0422],[7.4485,50.0331],[7.4347,50.0297],[7.431,50.0224]]]},"properties":{"id":"07140001","name":"Alterkülz","subdivision":"Rhein-Hunsrück-Kreis","cx":7.468,"cy":50.032}},
{"type":"Feature","geometry":{"type":"Polygon","coordinates":[[[7.3495,50.0239],[7.3594,50.0254],[7.3671,50.0204],[7.389,50.0175],[7.3947,50.0208],[7.4155,50.0202],[7.4266,50.0224],[7.4286,50.0295],[7.4271,50.0387],[7.4193,50.0432],[7.4427,50.0559],[7.4248,50.0579],[7.4278,50.064],[7.4255,50.0703],[7.4101,50.0699],[7.4043,50.0615],[7.3923,50.0588],[7.3771,50.0643],[7.3696,50.0592],[7.3777,50.0553],[7.3617,50.0466],[7.3533,50.0352],[7.3544,50.0307],[7.3495,50.0239]]]},"properties":{"id":"07140009","name":"Bell (Hunsrück)","subdivision":"Rhein-Hunsrück-Kreis","cx":7.396,"cy":50.041}},
{"type":"Feature","geometry":{"type":"Polygon","coordinates":[[[7.498,50.1362],[7.467,50.1349],[7.4568,50.1384],[7.4515,50.1382],[7.4473,50.1319],[7.4506,50.1285],[7.4452,50.1203],[7.4252,50.1189],[7.4224,50.1124],[7.4225,50.1009],[7.4468,50.0939],[7.4553,50.092],[7.4627,50.0933],[7.4686,50.0893],[7.4754,50.0918],[7.4774,50.0965],[7.4877,50.0973],[7.4963,50.1006],[7.5066,50.0974],[7.5116,50.096],[7.5244,50.1018],[7.5158,50.1107],[7.5181,50.1169],[7.5153,50.1226],[7.5085,50.1232],[7.4943,50.1333],[7.498,50.1362]]]},"properties":{"id":"07140010","name":"Beltheim","subdivision":"Rhein-Hunsrück-Kreis","cx":7.472,"cy":50.114}},
{"type":"Feature","geometry":{"type":"Polygon","coordinates":[[[7.5244,50.1018],[7.5116,50.096],[7.5066,50.0974],[7.5159,50.0853],[7.5085,50.083],[7.5102,50.0698],[7.5209,50.0684],[7.5364,50.0732],[7.5294,50.084],[7.5398,50.0865],[7.5479,50.0837],[7.548,50.0932],[7.5436,50.0967],[7.5244,50.1018]]]},"properties":{"id":"07140018","name":"Braunshorn","subdivision":"Rhein-Hunsrück-Kreis","cx":7.523,"cy":50.09}},
{"type":"Feature","geometry":{"type":"Polygon","coordinates":[[[7.4255,50.0703],[7.4312,50.0769],[7.4287,50.0811],[7.4201,50.0803],[7.4047,50.0867],[7.4015,50.0913],[7.4065,50.0977],[7.4025,50.1005],[7.3882,50.1011],[7.3784,50.1009],[7.3772,50.0968],[7.3599,50.0817],[7.3552,50.0815],[7.3663,50.0758],[7.3677,50.0708],[7.3771,50.0643],[7.3923,50.0588],[7.4043,50.0615],[7.4101,50.0699],[7.4255,50.0703]]]},"properties":{"id":"07140021","name":"Buch (Rhein-Hunsrück-Kreis)","subdivision":"Rhein-Hunsrück-Kreis","cx":7.39,"cy":50.078}},
{"type":"Feature","geometry":{"type":"Polygon","coordinates":[[[7.5037,50.0674],[7.5102,50.0698],[7.5085,50.083],[7.5159,50.0853],[7.5066,50.0974],[7.4963,50.1006],[7.4877,50.0973],[7.4774,50.0965],[7.4754,50.0918],[7.4686,50.0893],[7.4696,50.0843],[7.4759,50.0808],[7.4861,50.0789],[7.5037,50.0674]]]},"properties":{"id":"07140042","name":"Gödenroth","subdivision":"Rhein-Hunsrück-Kreis","cx":7.495,"cy":50.087}},
{"type":"Feature","geometry":{"type":"Polygon","coordinates":[[[7.4591,50.0422],[7.4541,50.0442],[7.4492,50.0536],[7.4427,50.0559],[7.4193,50.0432],[7.4271,50.0387],[7.4286,50.0295],[7.4266,50.0224],[7.431,50.0224],[7.4347,50.0297],[7.4485,50.0331],[7.4591,50.0422]]]},"properties":{"id":"07140046","name":"Hasselbach (Rhein-Hunsrück-Kreis)","subdivision":"Rhein-Hunsrück-Kreis","cx":7.439,"cy":50.041}},
{"type":"Feature","geometry":{"type":"Polygon","coordinates":[[[7.4738,50.0653],[7.4621,50.0723],[7.458,50.0788],[7.4461,50.085],[7.4312,50.0769],[7.4255,50.0703],[7.4278,50.064],[7.4248,50.0579],[7.4427,50.0559],[7.4492,50.0536],[7.4517,50.0575],[7.4781,50.0543],[7.4815,50.0587],[7.4813,50.0631],[7.4998,50.0662],[7.4967,50.0678],[7.4803,50.0648],[7.4738,50.0653]]]},"properties":{"id":"07140064","name":"Kastellaun","subdivision":"Rhein-Hunsrück-Kreis","cx":7.45,"cy":50.069}},
{"type":"Feature","geometry":{"type":"Polygon","coordinates":[[[7.4252,50.1189],[7.4089,50.1124],[7.4025,50.1005],[7.4065,50.0977],[7.4225,50.1009],[7.4224,50.1124],[7.4252,50.1189]]]},"properties":{"id":"07140073","name":"Korweiler","subdivision":"Rhein-Hunsrück-Kreis","cx":7.414,"cy":50.107}},
{"type":"Feature","geometry":{"type":"Polygon","coordinates":[[[7.4372,50.0185],[7.4432,50.014],[7.4506,50.0128],[7.4568,50.0118],[7.4765,50.01],[7.4689,50.0172],[7.4632,50.0222],[7.4439,50.023],[7.4372,50.0185]]]},"properties":{"id":"07140095","name":"Michelbach","subdivision":"Rhein-Hunsrück-Kreis","cx":7.456,"cy":50.017}},
{"type":"Feature","geometry":{"type":"Polygon","coordinates":[[[7.4759,50.0808],[7.4696,50.0843],[7.4686,50.0893],[7.4627,50.0933],[7.4553,50.092],[7.4468,50.0939],[7.4461,50.085],[7.458,50.0788],[7.4621,50.0723],[7.4738,50.0653],[7.4774,50.0694],[7.4759,50.0808]]]},"properties":{"id":"07140131","name":"Roth (Rhein-Hunsrück-Kreis)","subdivision":"Rhein-Hunsrück-Kreis","cx":7.463,"cy":50.083}},
{"type":"Feature","geometry":{"type":"Polygon","coordinates":[[[7.4855,50.0457],[7.4815,50.0587],[7.4781,50.0543],[7.4517,50.0575],[7.4492,50.0536],[7.4541,50.0442],[7.4591,50.0422],[7.4783,50.0417],[7.4855,50.0457]]]},"properties":{"id":"07140147","name":"Spesenroth","subdivision":"Rhein-Hunsrück-Kreis","cx":7.467,"cy":50.049}},
{"type":"Feature","geometry":{"type":"Polygon","coordinates":[[[7.4225,50.1009],[7.4065,50.0977],[7.4015,50.0913],[7.4047,50.0867],[7.4201,50.0803],[7.4287,50.0811],[7.4312,50.0769],[7.4461,50.085],[7.4468,50.0939],[7.4225,50.1009]]]},"properties":{"id":"07140153","name":"Uhler","subdivision":"Rhein-Hunsrück-Kreis","cx":7.425,"cy":50.09}},
{"type":"Feature","geometry":{"type":"Polygon","coordinates":[[[7.376,50.1338],[7.3867,50.1311],[7.3955,50.1249],[7.3956,50.1182],[7.4044,50.1129],[7.3966,50.1053],[7.3882,50.1011],[7.4025,50.1005],[7.4089,50.1124],[7.4252,50.1189],[7.4452,50.1203],[7.4506,50.1285],[7.4473,50.1319],[7.4515,50.1382],[7.4431,50.1429],[7.4271,50.1617],[7.4268,50.1753],[7.4171,50.1713],[7.4091,50.1627],[7.3988,50.1601],[7.3928,50.1644],[7.3819,50.1608],[7.3739,50.1571],[7.3642,50.147],[7.3687,50.1407],[7.3744,50.1392],[7.376,50.1338]]]},"properties":{"id":"07140202","name":"Dommershausen","subdivision":"Rhein-Hunsrück-Kreis","cx":7.41,"cy":50.14}},
{"type":"Feature","geometry":{"type":"Polygon","coordinates":[[[7.3321,50.0505],[7.3467,50.0261],[7.3495,50.0239],[7.3544,50.0307],[7.3533,50.0352],[7.3617,50.0466],[7.3777,50.0553],[7.3696,50.0592],[7.3771,50.0643],[7.3677,50.0708],[7.3663,50.0758],[7.3552,50.0815],[7.3457,50.083],[7.3417,50.0736],[7.3439,50.067],[7.3407,50.0632],[7.3265,50.0625],[7.3182,50.0682],[7.3147,50.0659],[7.3181,50.0635],[7.3275,50.0587],[7.331,50.052],[7.3321,50.0505]]]},"properties":{"id":"07140204","name":"Mastershausen","subdivision":"Rhein-Hunsrück-Kreis","cx":7.351,"cy":50.056}},
{"type":"Feature","geometry":{"type":"Polygon","coordinates":[[[7.3485,49.9345],[7.3662,49.9357],[7.3754,49.9387],[7.3811,49.9456],[7.3754,49.9576],[7.3615,49.9514],[7.3587,49.9476],[7.3489,49.9476],[7.3328,49.9414],[7.334,49.9408],[7.3463,49.9413],[7.3485,49.9345]]]},"properties":{"id":"07140105","name":"Nieder Kostenz","subdivision":"Rhein-Hunsrück-Kreis","cx":7.365,"cy":49.943}},
{"type":"Feature","geometry":{"type":"Polygon","coordinates":[[[7.3438,50.1264],[7.3446,50.1184],[7.3554,50.1121],[7.366,50.112],[7.3702,50.1198],[7.3759,50.1242],[7.3691,50.1288],[7.3579,50.1328],[7.3438,50.1264]]]},"properties":{"id":"07140502","name":"Lahr (Rhein-Hunsrück-Kreis)","subdivision":"Rhein-Hunsrück-Kreis","cx":7.359,"cy":50.122}},
{"type":"Feature","geometry":{"type":"Polygon","coordinates":[[[7.3142,50.1343],[7.3039,50.1282],[7.2933,50.119],[7.3,50.112],[7.3055,50.1106],[7.3088,50.1035],[7.3211,50.0967],[7.3374,50.095],[7.3394,50.0918],[7.3488,50.0847],[7.3457,50.083],[7.3552,50.0815],[7.3599,50.0817],[7.3772,50.0968],[7.3784,50.1009],[7.3642,50.1092],[7.366,50.112],[7.3554,50.1121],[7.3446,50.1184],[7.3438,50.1264],[7.3391,50.1294],[7.3287,50.1252],[7.3142,50.1343]]]},"properties":{"id":"07140503","name":"Mörsdorf","subdivision":"Rhein-Hunsrück-Kreis","cx":7.335,"cy":50.109}},
{"type":"Feature","geometry":{"type":"Polygon","coordinates":[[[7.3691,50.1288],[7.3759,50.1242],[7.3702,50.1198],[7.366,50.112],[7.3642,50.1092],[7.3784,50.1009],[7.3882,50.1011],[7.3966,50.1053],[7.4044,50.1129],[7.3956,50.1182],[7.3955,50.1249],[7.3867,50.1311],[7.376,50.1338],[7.3691,50.1288]]]},"properties":{"id":"07140504","name":"Zilshausen","subdivision":"Rhein-Hunsrück-Kreis","cx":7.383,"cy":50.115}},
{"type":"Feature","geometry":{"type":"Polygon","coordinates":[[[7.2922,49.9433],[7.3107,49.9429],[7.3126,49.9547],[7.3115,49.9623],[7.3003,49.9591],[7.2955,49.9627],[7.2873,49.9625],[7.2708,49.9516],[7.2922,49.9433]]]},"properties":{"id":"07140006","name":"Bärenbach (Rhein-Hunsrück-Kreis)","subdivision":"Rhein-Hunsrück-Kreis","cx":7.295,"cy":49.952}},
{"type":"Feature","geometry":{"type":"Polygon","coordinates":[[[7.287,49.9859],[7.2955,49.9874],[7.3024,49.9847],[7.3148,49.9671],[7.3187,49.9715],[7.3314,49.9716],[7.333,49.9764],[7.318,49.9907],[7.3175,49.9968],[7.3051,49.9928],[7.2864,49.9939],[7.287,49.9859]]]},"properties":{"id":"07140007","name":"Belg","subdivision":"Rhein-Hunsrück-Kreis","cx":7.313,"cy":49.984}},
{"type":"Feature","geometry":{"type":"Polygon","coordinates":[[[7.2498,49.935],[7.2389,49.9221],[7.2424,49.9185],[7.259,49.9142],[7.2827,49.9154],[7.2954,49.9189],[7.2809,49.9311],[7.2709,49.928],[7.2616,49.9316],[7.2557,49.9369],[7.2498,49.935]]]},"properties":{"id":"07140024","name":"Büchenbeuren","subdivision":"Rhein-Hunsrück-Kreis","cx":7.26,"cy":49.923}},
{"type":"Feature","geometry":{"type":"Polygon","coordinates":[[[7.3987,49.8886],[7.4101,49.8876],[7.4109,49.8911],[7.4217,49.8944],[7.44,49.8955],[7.4362,49.8998],[7.4495,49.9036],[7.4339,49.9107],[7.4265,49.9175],[7.4147,49.9167],[7.4132,49.9092],[7.408,49.9041],[7.4024,49.898],[7.3987,49.8886]]]},"properties":{"id":"07140028","name":"Dickenschied","subdivision":"Rhein-Hunsrück-Kreis","cx":7.422,"cy":49.904}},
{"type":"Feature","geometry":{"type":"Polygon","coordinates":[[[7.3303,49.9017],[7.3344,49.9076],[7.3418,49.9052],[7.3544,49.9119],[7.3665,49.9123],[7.3613,49.9149],[7.353,49.9277],[7.3423,49.9261],[7.3371,49.9223],[7.316,49.9131],[7.3132,49.9121],[7.3085,49.9096],[7.3155,49.9054],[7.3303,49.9017]]]},"properties":{"id":"07140029","name":"Dill","subdivision":"Rhein-Hunsrück-Kreis","cx":7.339,"cy":49.914}},
{"type":"Feature","geometry":{"type":"Polygon","coordinates":[[[7.3485,49.9345],[7.353,49.9277],[7.3613,49.9149],[7.3665,49.9123],[7.3806,49.9137],[7.3935,49.9187],[7.4008,49.9269],[7.3859,49.9307],[7.3754,49.9387],[7.3662,49.9357],[7.3485,49.9345]]]},"properties":{"id":"07140030","name":"Dillendorf","subdivision":"Rhein-Hunsrück-Kreis","cx":7.374,"cy":49.925}},
{"type":"Feature","geometry":{"type":"Polygon","coordinates":[[[7.4505,49.8882],[7.4637,49.8793],[7.4684,49.8666],[7.4897,49.8773],[7.4999,49.8808],[7.4853,49.8888],[7.4764,49.8861],[7.4672,49.8899],[7.4508,49.8899],[7.4505,49.8882]]]},"properties":{"id":"07140040","name":"Gehlweiler","subdivision":"Rhein-Hunsrück-Kreis","cx":7.474,"cy":49.879}},
{"type":"Feature","geometry":{"type":"Polygon","coordinates":[[[7.44,49.8955],[7.4508,49.8899],[7.4672,49.8899],[7.4764,49.8861],[7.4853,49.8888],[7.4999,49.8808],[7.5141,49.8896],[7.5224,49.8913],[7.497,49.9012],[7.4833,49.9116],[7.4754,49.9136],[7.4634,49.9129],[7.4495,49.9036],[7.4362,49.8998],[7.44,49.8955]]]},"properties":{"id":"07140041","name":"Gemünden (Rhein-Hunsrück-Kreis)","subdivision":"Rhein-Hunsrück-Kreis","cx":7.477,"cy":49.898}},
{"type":"Feature","geometry":{"type":"Polygon","coordinates":[[[7.2605,49.9763],[7.2584,49.9699],[7.2535,49.9684],[7.2532,49.9618],[7.2432,49.9594],[7.2519,49.9538],[7.259,49.9463],[7.2708,49.9516],[7.2873,49.9625],[7.2838,49.9703],[7.2684,49.972],[7.2605,49.9763]]]},"properties":{"id":"07140044","name":"Hahn","subdivision":"Rhein-Hunsrück-Kreis","cx":7.266,"cy":49.961}},
{"type":"Feature","geometry":{"type":"Polygon","coordinates":[[[7.408,49.9041],[7.4132,49.9092],[7.4147,49.9167],[7.4265,49.9175],[7.4254,49.9191],[7.415,49.9181],[7.4077,49.9264],[7.4008,49.9269],[7.3935,49.9187],[7.3806,49.9137],[7.3805,49.9085],[7.3758,49.9019],[7.384,49.9075],[7.3916,49.9093],[7.408,49.9041]]]},"properties":{"id":"07140048","name":"Hecken","subdivision":"Rhein-Hunsrück-Kreis","cx":7.402,"cy":49.915}},
{"type":"Feature","geometry":{"type":"Polygon","coordinates":[[[7.4186,49.9675],[7.4286,49.9739],[7.4304,49.9817],[7.4224,49.9857],[7.4206,49.9861],[7.4157,49.9806],[7.3955,49.9728],[7.3856,49.9784],[7.3905,49.972],[7.4078,49.9673],[7.4186,49.9675]]]},"properties":{"id":"07140049","name":"Heinzenbach","subdivision":"Rhein-Hunsrück-Kreis","cx":7.414,"cy":49.974}},
{"type":"Feature","geometry":{"type":"Polygon","coordinates":[[[7.497,49.8611],[7.5243,49.88],[7.5326,49.8881],[7.5397,49.8905],[7.5224,49.8913],[7.5141,49.8896],[7.4999,49.8808],[7.4897,49.8773],[7.4684,49.8666],[7.4799,49.8644],[7.4886,49.8593],[7.4942,49.86],[7.497,49.8611]]]},"properties":{"id":"07140050","name":"Henau","subdivision":"Rhein-Hunsrück-Kreis","cx":7.499,"cy":49.872}},
{"type":"Feature","geometry":{"type":"Polygon","coordinates":[[[7.2516,49.8937],[7.2535,49.9007],[7.236,49.91],[7.2238,49.9118],[7.2195,49.9064],[7.2118,49.9001],[7.2209,49.8872],[7.2225,49.885],[7.2389,49.8925],[7.2516,49.8937]]]},"properties":{"id":"07140053","name":"Hirschfeld (Hunsrück)","subdivision":"Rhein-Hunsrück-Kreis","cx":7.231,"cy":49.9}},
{"type":"Feature","geometry":{"type":"Polygon","coordinates":[[[7.3502,49.9861],[7.3645,49.9917],[7.3747,49.9927],[7.3854,49.9899],[7.3892,49.9989],[7.3888,50.007],[7.3822,50.0127],[7.389,50.0175],[7.3671,50.0204],[7.3594,50.0254],[7.3495,50.0239],[7.3551,50.015],[7.3485,50.0092],[7.3348,50.0113],[7.3342,50.004],[7.3311,49.9948],[7.3338,49.9884],[7.3446,49.9824],[7.3425,49.9761],[7.3443,49.9757],[7.3507,49.981],[7.3502,49.9861]]]},"properties":{"id":"07140062","name":"Kappel","subdivision":"Rhein-Hunsrück-Kreis","cx":7.362,"cy":50.004}},
{"type":"Feature","geometry":{"type":"Polygon","coordinates":[[[7.4305,49.944],[7.4323,49.949],[7.4543,49.9558],[7.4236,49.9569],[7.4261,49.9636],[7.4186,49.9675],[7.4078,49.9673],[7.3905,49.972],[7.3856,49.9784],[7.3852,49.9815],[7.3762,49.9769],[7.3834,49.9728],[7.3857,49.967],[7.3749,49.964],[7.3754,49.9576],[7.3811,49.9456],[7.3754,49.9387],[7.3859,49.9307],[7.4008,49.9269],[7.4077,49.9264],[7.415,49.9181],[7.4254,49.9191],[7.4268,49.9269],[7.4216,49.9299],[7.4306,49.9384],[7.4305,49.944]]]},"properties":{"id":"07140067","name":"Kirchberg (Hunsrück)","subdivision":"Rhein-Hunsrück-Kreis","cx":7.405,"cy":49.948}},
{"type":"Feature","geometry":{"type":"Polygon","coordinates":[[[7.3627,49.9805],[7.3762,49.9769],[7.3852,49.9815],[7.3854,49.9899],[7.3747,49.9927],[7.3645,49.9917],[7.3502,49.9861],[7.3627,49.9805]]]},"properties":{"id":"07140071","name":"Kludenbach","subdivision":"Rhein-Hunsrück-Kreis","cx":7.371,"cy":49.985}},
{"type":"Feature","geometry":{"type":"Polygon","coordinates":[[[7.331,49.9005],[7.3303,49.9017],[7.3155,49.9054],[7.3085,49.9096],[7.2809,49.8995],[7.2867,49.8914],[7.2805,49.882],[7.2903,49.8796],[7.3063,49.8826],[7.3109,49.8839],[7.3235,49.8993],[7.331,49.9005]]]},"properties":{"id":"07140081","name":"Laufersweiler","subdivision":"Rhein-Hunsrück-Kreis","cx":7.302,"cy":49.894}},
{"type":"Feature","geometry":{"type":"Polygon","coordinates":[[[7.334,49.9408],[7.3262,49.9359],[7.3251,49.9292],[7.3155,49.9199],[7.316,49.9131],[7.3371,49.9223],[7.3423,49.9261],[7.353,49.9277],[7.3485,49.9345],[7.3463,49.9413],[7.334,49.9408]]]},"properties":{"id":"07140107","name":"Niedersohren","subdivision":"Rhein-Hunsrück-Kreis","cx":7.333,"cy":49.929}},
{"type":"Feature","geometry":{"type":"Polygon","coordinates":[[[7.2809,49.8995],[7.3085,49.9096],[7.3132,49.9121],[7.3017,49.9142],[7.2954,49.9189],[7.2827,49.9154],[7.259,49.9142],[7.2718,49.896],[7.2809,49.8995]]]},"properties":{"id":"07140109","name":"Niederweiler (Rhein-Hunsrück-Kreis)","subdivision":"Rhein-Hunsrück-Kreis","cx":7.28,"cy":49.908}},
{"type":"Feature","geometry":{"type":"Polygon","coordinates":[[[7.3406,49.9675],[7.3316,49.9541],[7.3328,49.9414],[7.3489,49.9476],[7.3587,49.9476],[7.3615,49.9514],[7.3754,49.9576],[7.3749,49.964],[7.3599,49.9613],[7.3535,49.9667],[7.3456,49.9695],[7.3406,49.9675]]]},"properties":{"id":"07140111","name":"Ober Kostenz","subdivision":"Rhein-Hunsrück-Kreis","cx":7.35,"cy":49.957}},
{"type":"Feature","geometry":{"type":"Polygon","coordinates":[[[7.2027,49.9663],[7.2132,49.9624],[7.2143,49.9567],[7.2216,49.9485],[7.2541,49.9412],[7.259,49.9463],[7.2519,49.9538],[7.2432,49.9594],[7.2156,49.9673],[7.2027,49.9663]]]},"properties":{"id":"07140120","name":"Raversbeuren","subdivision":"Rhein-Hunsrück-Kreis","cx":7.233,"cy":49.954}},
{"type":"Feature","geometry":{"type":"Polygon","coordinates":[[[7.4206,49.9861],[7.4143,49.989],[7.4079,49.9973],[7.4131,50.0013],[7.4095,50.0056],[7.4112,50.0119],[7.4073,50.0194],[7.3992,50.0162],[7.3822,50.0127],[7.3888,50.007],[7.3892,49.9989],[7.3854,49.9899],[7.3852,49.9815],[7.3856,49.9784],[7.3955,49.9728],[7.4157,49.9806],[7.4206,49.9861]]]},"properties":{"id":"07140122","name":"Reckershausen","subdivision":"Rhein-Hunsrück-Kreis","cx":7.398,"cy":49.99}},
{"type":"Feature","geometry":{"type":"Polygon","coordinates":[[[7.3175,49.9968],[7.318,49.9907],[7.333,49.9764],[7.3425,49.9761],[7.3446,49.9824],[7.3338,49.9884],[7.3311,49.9948],[7.3342,50.004],[7.3175,49.9968]]]},"properties":{"id":"07140128","name":"Rödelhausen","subdivision":"Rhein-Hunsrück-Kreis","cx":7.327,"cy":49.991}},
{"type":"Feature","geometry":{"type":"Polygon","coordinates":[[[7.4574,49.9361],[7.4628,49.941],[7.4563,49.9468],[7.4554,49.9561],[7.4543,49.9558],[7.4323,49.949],[7.4305,49.944],[7.4571,49.9376],[7.4574,49.9361]]]},"properties":{"id":"07140129","name":"Rödern","subdivision":"Rhein-Hunsrück-Kreis","cx":7.448,"cy":49.946}},
{"type":"Feature","geometry":{"type":"Polygon","coordinates":[[[7.3988,49.8872],[7.4093,49.8846],[7.4201,49.8777],[7.4413,49.8837],[7.4505,49.8882],[7.4508,49.8899],[7.44,49.8955],[7.4217,49.8944],[7.4109,49.8911],[7.4101,49.8876],[7.3987,49.8886],[7.3988,49.8872]]]},"properties":{"id":"07140130","name":"Rohrbach (Rhein-Hunsrück-Kreis)","subdivision":"Rhein-Hunsrück-Kreis","cx":7.427,"cy":49.888}},
{"type":"Feature","geometry":{"type":"Polygon","coordinates":[[[7.4473,49.8528],[7.4642,49.8627],[7.4684,49.8666],[7.4637,49.8793],[7.4505,49.8882],[7.4413,49.8837],[7.4201,49.8777],[7.4318,49.8645],[7.4372,49.8512],[7.432,49.8452],[7.4473,49.8528]]]},"properties":{"id":"07140135","name":"Schlierschied","subdivision":"Rhein-Hunsrück-Kreis","cx":7.446,"cy":49.87}},
{"type":"Feature","geometry":{"type":"Polygon","coordinates":[[[7.3443,49.9757],[7.3425,49.9761],[7.333,49.9764],[7.3314,49.9716],[7.3187,49.9715],[7.3148,49.9671],[7.3115,49.9623],[7.3126,49.9547],[7.3316,49.9541],[7.3406,49.9675],[7.3474,49.9704],[7.3443,49.9757]]]},"properties":{"id":"07140141","name":"Schwarzen","subdivision":"Rhein-Hunsrück-Kreis","cx":7.328,"cy":49.964}},
{"type":"Feature","geometry":{"type":"Polygon","coordinates":[[[7.2809,49.9311],[7.2954,49.9189],[7.3017,49.9142],[7.3132,49.9121],[7.316,49.9131],[7.3155,49.9199],[7.3251,49.9292],[7.3262,49.9359],[7.334,49.9408],[7.3328,49.9414],[7.3316,49.9541],[7.3126,49.9547],[7.3107,49.9429],[7.2922,49.9433],[7.2914,49.9357],[7.2809,49.9311]]]},"properties":{"id":"07140145","name":"Sohren","subdivision":"Rhein-Hunsrück-Kreis","cx":7.308,"cy":49.93}},
{"type":"Feature","geometry":{"type":"Polygon","coordinates":[[[7.3743,49.8995],[7.3758,49.9019],[7.3805,49.9085],[7.3806,49.9137],[7.3665,49.9123],[7.3544,49.9119],[7.3418,49.9052],[7.3344,49.9076],[7.3303,49.9017],[7.331,49.9005],[7.3378,49.8957],[7.3581,49.8993],[7.3743,49.8995]]]},"properties":{"id":"07140146","name":"Sohrschied","subdivision":"Rhein-Hunsrück-Kreis","cx":7.357,"cy":49.905}},
{"type":"Feature","geometry":{"type":"Polygon","coordinates":[[[7.4186,49.9675],[7.4261,49.9636],[7.4236,49.9569],[7.4543,49.9558],[7.4554,49.9561],[7.4526,49.9705],[7.458,49.977],[7.4505,49.9826],[7.4471,49.985],[7.4304,49.9817],[7.4286,49.9739],[7.4186,49.9675]]]},"properties":{"id":"07140154","name":"Unzenberg","subdivision":"Rhein-Hunsrück-Kreis","cx":7.44,"cy":49.969}},
{"type":"Feature","geometry":{"type":"Polygon","coordinates":[[[7.2569,49.8917],[7.2718,49.896],[7.259,49.9142],[7.2424,49.9185],[7.2389,49.9221],[7.2336,49.916],[7.2239,49.9138],[7.2238,49.9118],[7.236,49.91],[7.2535,49.9007],[7.2516,49.8937],[7.2569,49.8917]]]},"properties":{"id":"07140159","name":"Wahlenau","subdivision":"Rhein-Hunsrück-Kreis","cx":7.252,"cy":49.909}},
{"type":"Feature","geometry":{"type":"Polygon","coordinates":[[[7.4268,49.9269],[7.4254,49.9191],[7.4265,49.9175],[7.4339,49.9107],[7.4495,49.9036],[7.4634,49.9129],[7.4754,49.9136],[7.4814,49.9185],[7.4714,49.9298],[7.4593,49.9335],[7.4457,49.9318],[7.4445,49.9281],[7.4268,49.9269]]]},"properties":{"id":"07140163","name":"Womrath","subdivision":"Rhein-Hunsrück-Kreis","cx":7.452,"cy":49.92}},
{"type":"Feature","geometry":{"type":"Polygon","coordinates":[[[7.432,49.8452],[7.4372,49.8512],[7.4318,49.8645],[7.4201,49.8777],[7.4093,49.8846],[7.3988,49.8872],[7.3926,49.886],[7.3955,49.8837],[7.398,49.8802],[7.3932,49.8713],[7.3962,49.8676],[7.3948,49.8609],[7.3864,49.8611],[7.3987,49.8561],[7.4121,49.858],[7.4136,49.8542],[7.4256,49.8508],[7.4197,49.8446],[7.4244,49.8405],[7.432,49.8452]]]},"properties":{"id":"07140164","name":"Woppenroth","subdivision":"Rhein-Hunsrück-Kreis","cx":7.412,"cy":49.869}},
{"type":"Feature","geometry":{"type":"Polygon","coordinates":[[[7.2838,49.9703],[7.2873,49.9625],[7.2955,49.9627],[7.3003,49.9591],[7.3115,49.9623],[7.3148,49.9671],[7.3024,49.9847],[7.2955,49.9874],[7.287,49.9859],[7.2909,49.9814],[7.2838,49.9703]]]},"properties":{"id":"07140165","name":"Würrich","subdivision":"Rhein-Hunsrück-Kreis","cx":7.299,"cy":49.972}},
{"type":"Feature","geometry":{"type":"Polygon","coordinates":[[[7.6509,49.9286],[7.6621,49.9399],[7.6608,49.943],[7.6578,49.9454],[7.6586,49.9535],[7.655,49.9612],[7.6462,49.9638],[7.6369,49.981],[7.6241,49.9793],[7.6172,49.9833],[7.6199,49.9899],[7.6107,49.9872],[7.5989,49.989],[7.5882,49.9862],[7.5813,49.9807],[7.5746,49.9743],[7.5639,49.9699],[7.5639,49.9668],[7.5699,49.9614],[7.5886,49.9546],[7.6006,49.942],[7.6,49.9373],[7.6187,49.926],[7.6308,49.935],[7.6509,49.9286]]]},"properties":{"id":"07140003","name":"Argenthal","subdivision":"Rhein-Hunsrück-Kreis","cx":7.616,"cy":49.959}},
{"type":"Feature","geometry":{"type":"Polygon","coordinates":[[[7.6102,50.0369],[7.5984,50.0353],[7.5942,50.0175],[7.603,50.0134],[7.6151,50.0179],[7.6223,50.0266],[7.6145,50.0288],[7.6102,50.0369]]]},"properties":{"id":"07140011","name":"Benzweiler","subdivision":"Rhein-Hunsrück-Kreis","cx":7.606,"cy":50.025}},
{"type":"Feature","geometry":{"type":"Polygon","coordinates":[[[7.7346,49.9987],[7.7324,50.0048],[7.7297,50.0065],[7.7255,50.0025],[7.7172,50.0059],[7.7145,50.0101],[7.7026,50.0114],[7.6951,50.0214],[7.6934,50.0238],[7.6823,50.0199],[7.6845,50.0155],[7.679,50.0118],[7.6788,50.0038],[7.6864,49.9961],[7.6873,50.001],[7.7085,49.9976],[7.7292,49.9973],[7.7346,49.9987]]]},"properties":{"id":"07140027","name":"Dichtelbach","subdivision":"Rhein-Hunsrück-Kreis","cx":7.694,"cy":50.009}},
{"type":"Feature","geometry":{"type":"Polygon","coordinates":[[[7.625,49.9922],[7.6199,49.9899],[7.6172,49.9833],[7.6241,49.9793],[7.6369,49.981],[7.6462,49.9638],[7.655,49.9612],[7.6586,49.9535],[7.669,49.9593],[7.6671,49.9692],[7.6702,49.9703],[7.6629,49.9762],[7.6672,49.9855],[7.6572,49.9963],[7.6484,49.9966],[7.6334,50.003],[7.625,49.9922]]]},"properties":{"id":"07140035","name":"Ellern (Hunsrück)","subdivision":"Rhein-Hunsrück-Kreis","cx":7.65,"cy":49.982}},
{"type":"Feature","geometry":{"type":"Polygon","coordinates":[[[7.665,50.0321],[7.6693,50.024],[7.6754,50.0186],[7.6823,50.0199],[7.6934,50.0238],[7.6916,50.0321],[7.6852,50.0315],[7.6829,50.0286],[7.6648,50.0327],[7.665,50.0321]]]},"properties":{"id":"07140037","name":"Erbach","subdivision":"Rhein-Hunsrück-Kreis","cx":7.68,"cy":50.024}},
{"type":"Feature","geometry":{"type":"Polygon","coordinates":[[[7.6383,50.0484],[7.6337,50.0643],[7.6235,50.0634],[7.6236,50.068],[7.6176,50.0715],[7.6098,50.0737],[7.6046,50.0692],[7.5952,50.0673],[7.5856,50.0609],[7.5892,50.0482],[7.5981,50.0469],[7.6099,50.0375],[7.6383,50.0484]]]},"properties":{"id":"07140068","name":"Kisselbach","subdivision":"Rhein-Hunsrück-Kreis","cx":7.612,"cy":50.056}},
{"type":"Feature","geometry":{"type":"Polygon","coordinates":[[[7.6392,50.0248],[7.6365,50.0067],[7.6334,50.003],[7.6484,49.9966],[7.6572,49.9963],[7.6672,49.9855],[7.6629,49.9762],[7.6702,49.9703],[7.6822,49.977],[7.7071,49.9797],[7.702,49.9853],[7.6864,49.9961],[7.6788,50.0038],[7.679,50.0118],[7.6845,50.0155],[7.6823,50.0199],[7.6754,50.0186],[7.6693,50.024],[7.665,50.0321],[7.645,50.0282],[7.6392,50.0248]]]},"properties":{"id":"07140125","name":"Rheinböllen","subdivision":"Rhein-Hunsrück-Kreis","cx":7.661,"cy":50.011}},
{"type":"Feature","geometry":{"type":"Polygon","coordinates":[[[7.6187,49.926],[7.6,49.9373],[7.6006,49.942],[7.5886,49.9546],[7.5699,49.9614],[7.5639,49.9668],[7.5498,49.9724],[7.5392,49.9675],[7.5425,49.9643],[7.5423,49.9526],[7.5503,49.9473],[7.5561,49.9503],[7.5639,49.9463],[7.5655,49.9377],[7.5532,49.9319],[7.5606,49.9228],[7.5868,49.9126],[7.595,49.9176],[7.6187,49.926]]]},"properties":{"id":"07140127","name":"Riesweiler","subdivision":"Rhein-Hunsrück-Kreis","cx":7.581,"cy":49.939}},
{"type":"Feature","geometry":{"type":"Polygon","coordinates":[[[7.6107,50.001],[7.5982,49.9963],[7.5832,49.9933],[7.5757,49.9884],[7.5813,49.9807],[7.5882,49.9862],[7.5989,49.989],[7.6107,49.9872],[7.6199,49.9899],[7.625,49.9922],[7.6107,50.001]]]},"properties":{"id":"07140138","name":"Schnorbach","subdivision":"Rhein-Hunsrück-Kreis","cx":7.608,"cy":49.994}},
{"type":"Feature","geometry":{"type":"Polygon","coordinates":[[[7.6099,50.0375],[7.5981,50.0469],[7.5892,50.0482],[7.5764,50.0509],[7.5724,50.046],[7.5838,50.0411],[7.585,50.035],[7.5984,50.0353],[7.6102,50.0369],[7.6099,50.0375]]]},"properties":{"id":"07140148","name":"Steinbach","subdivision":"Rhein-Hunsrück-Kreis","cx":7.591,"cy":50.042}},
{"type":"Feature","geometry":{"type":"Polygon","coordinates":[[[7.6006,50.1024],[7.5976,50.1009],[7.6069,50.0954],[7.6244,50.085],[7.6409,50.0916],[7.6488,50.092],[7.6553,50.0848],[7.6615,50.0885],[7.6658,50.0832],[7.6667,50.0897],[7.675,50.0931],[7.6968,50.0948],[7.6976,50.1036],[7.6888,50.1067],[7.6858,50.1138],[7.6537,50.1111],[7.6457,50.1094],[7.6377,50.113],[7.6386,50.1173],[7.6181,50.1104],[7.6006,50.1024]]]},"properties":{"id":"07140025","name":"Damscheid","subdivision":"Rhein-Hunsrück-Kreis","cx":7.658,"cy":50.1}},
{"type":"Feature","geometry":{"type":"Polygon","coordinates":[[[7.5887,50.0893],[7.5849,50.0752],[7.5952,50.0673],[7.6046,50.0692],[7.6098,50.0737],[7.6176,50.0715],[7.623,50.0761],[7.6184,50.0796],[7.6244,50.085],[7.6069,50.0954],[7.599,50.0959],[7.5887,50.0893]]]},"properties":{"id":"07140080","name":"Laudert","subdivision":"Rhein-Hunsrück-Kreis","cx":7.603,"cy":50.082}},
{"type":"Feature","geometry":{"type":"Polygon","coordinates":[[[7.6386,50.1173],[7.6377,50.113],[7.6457,50.1094],[7.6537,50.1111],[7.6858,50.1138],[7.6888,50.1067],[7.6976,50.1036],[7.7101,50.1124],[7.7111,50.1186],[7.7058,50.1228],[7.6897,50.1267],[7.6676,50.1201],[7.6557,50.1197],[7.6455,50.115],[7.6386,50.1173]]]},"properties":{"id":"07140104","name":"Niederburg","subdivision":"Rhein-Hunsrück-Kreis","cx":7.695,"cy":50.116}},
{"type":"Feature","geometry":{"type":"Polygon","coordinates":[[[7.675,50.0931],[7.6856,50.093],[7.6809,50.0748],[7.6956,50.0809],[7.7021,50.0784],[7.704,50.0726],[7.7171,50.0676],[7.7385,50.0745],[7.7469,50.0796],[7.7587,50.08],[7.7648,50.0826],[7.744,50.0998],[7.7248,50.111],[7.7226,50.1171],[7.7318,50.1235],[7.7387,50.1295],[7.7376,50.1335],[7.7246,50.1235],[7.7139,50.1233],[7.7111,50.1186],[7.7101,50.1124],[7.6976,50.1036],[7.6968,50.0948],[7.675,50.0931]]]},"properties":{"id":"07140112","name":"Oberwesel","subdivision":"Rhein-Hunsrück-Kreis","cx":7.72,"cy":50.092}},
{"type":"Feature","geometry":{"type":"Polygon","coordinates":[[[7.6648,50.0327],[7.6723,50.0396],[7.6919,50.0524],[7.6951,50.0568],[7.7134,50.0654],[7.7171,50.0676],[7.704,50.0726],[7.7021,50.0784],[7.6956,50.0809],[7.6809,50.0748],[7.6856,50.093],[7.675,50.0931],[7.6667,50.0897],[7.6658,50.0832],[7.6661,50.0771],[7.6553,50.0696],[7.6488,50.0712],[7.6446,50.0648],[7.6337,50.0643],[7.6383,50.0484],[7.6392,50.0467],[7.6648,50.0327]]]},"properties":{"id":"07140116","name":"Perscheid","subdivision":"Rhein-Hunsrück-Kreis","cx":7.672,"cy":50.062}},
{"type":"Feature","geometry":{"type":"Polygon","coordinates":[[[7.6458,50.1571],[7.6496,50.155],[7.6572,50.1499],[7.6586,50.1429],[7.6384,50.14],[7.6492,50.1322],[7.6415,50.126],[7.6372,50.1203],[7.6442,50.1185],[7.6557,50.1197],[7.6676,50.1201],[7.6897,50.1267],[7.7045,50.1302],[7.7259,50.1387],[7.7227,50.149],[7.7094,50.1558],[7.7027,50.1637],[7.6883,50.1698],[7.6687,50.1717],[7.6606,50.1688],[7.6458,50.1571]]]},"properties":{"id":"07140133","name":"Sankt Goar","subdivision":"Rhein-Hunsrück-Kreis","cx":7.679,"cy":50.145}},
{"type":"Feature","geometry":{"type":"Polygon","coordinates":[[[7.7111,50.1186],[7.7139,50.1233],[7.7246,50.1235],[7.7376,50.1335],[7.7259,50.1387],[7.7045,50.1302],[7.6897,50.1267],[7.7058,50.1228],[7.7111,50.1186]]]},"properties":{"id":"07140155","name":"Urbar (Rhein-Hunsrück-Kreis)","subdivision":"Rhein-Hunsrück-Kreis","cx":7.719,"cy":50.129}},
{"type":"Feature","geometry":{"type":"Polygon","coordinates":[[[7.6337,50.0643],[7.6446,50.0648],[7.6488,50.0712],[7.6553,50.0696],[7.6661,50.0771],[7.6658,50.0832],[7.6615,50.0885],[7.6553,50.0848],[7.6488,50.092],[7.6409,50.0916],[7.6244,50.085],[7.6184,50.0796],[7.623,50.0761],[7.6176,50.0715],[7.6236,50.068],[7.6235,50.0634],[7.6337,50.0643]]]},"properties":{"id":"07140161","name":"Wiebelsheim","subdivision":"Rhein-Hunsrück-Kreis","cx":7.64,"cy":50.078}},
{"type":"Feature","geometry":{"type":"Polygon","coordinates":[[[7.5832,49.9933],[7.5778,49.9943],[7.5811,50.0109],[7.5766,50.0076],[7.5684,50.008],[7.5534,50.0041],[7.5451,49.9961],[7.5524,49.9903],[7.5612,49.991],[7.5649,49.9869],[7.5757,49.9884],[7.5832,49.9933]]]},"properties":{"id":"07140002","name":"Altweidelbach","subdivision":"Rhein-Hunsrück-Kreis","cx":7.566,"cy":49.998}},
{"type":"Feature","geometry":{"type":"Polygon","coordinates":[[[7.4998,49.9367],[7.5151,49.9438],[7.5144,49.9495],[7.4951,49.9562],[7.4877,49.9515],[7.4804,49.9431],[7.4877,49.9394],[7.4998,49.9367]]]},"properties":{"id":"07140008","name":"Belgweiler","subdivision":"Rhein-Hunsrück-Kreis","cx":7.498,"cy":49.946}},
{"type":"Feature","geometry":{"type":"Polygon","coordinates":[[[7.573,50.0191],[7.5824,50.0207],[7.5817,50.0255],[7.5897,50.0281],[7.5833,50.0332],[7.571,50.0292],[7.5612,50.031],[7.5491,50.0302],[7.5413,50.0353],[7.5496,50.0276],[7.5597,50.0257],[7.573,50.0191]]]},"properties":{"id":"07140012","name":"Bergenhausen","subdivision":"Rhein-Hunsrück-Kreis","cx":7.573,"cy":50.025}},
{"type":"Feature","geometry":{"type":"Polygon","coordinates":[[[7.4506,50.0128],[7.4417,49.9996],[7.4249,49.9925],[7.4224,49.9857],[7.4304,49.9817],[7.4471,49.985],[7.4573,49.9961],[7.4512,50.0042],[7.4547,50.0089],[7.4568,50.0118],[7.4506,50.0128]]]},"properties":{"id":"07140015","name":"Biebern","subdivision":"Rhein-Hunsrück-Kreis","cx":7.442,"cy":49.992}},
{"type":"Feature","geometry":{"type":"Polygon","coordinates":[[[7.5479,50.0837],[7.5398,50.0865],[7.5294,50.084],[7.5364,50.0732],[7.541,50.0703],[7.5398,50.0619],[7.5585,50.0619],[7.5665,50.0592],[7.5728,50.064],[7.5791,50.0743],[7.5738,50.0826],[7.568,50.0869],[7.5587,50.0792],[7.5479,50.0837]]]},"properties":{"id":"07140020","name":"Bubach","subdivision":"Rhein-Hunsrück-Kreis","cx":7.554,"cy":50.071}},
{"type":"Feature","geometry":{"type":"Polygon","coordinates":[[[7.5764,50.0509],[7.5711,50.0515],[7.5631,50.0386],[7.5501,50.04],[7.5407,50.0362],[7.5413,50.0353],[7.5491,50.0302],[7.5612,50.031],[7.571,50.0292],[7.5833,50.0332],[7.585,50.035],[7.5838,50.0411],[7.5724,50.046],[7.5764,50.0509]]]},"properties":{"id":"07140023","name":"Budenbach","subdivision":"Rhein-Hunsrück-Kreis","cx":7.57,"cy":50.037}},
{"type":"Feature","geometry":{"type":"Polygon","coordinates":[[[7.4505,49.9826],[7.455,49.9804],[7.4742,49.9846],[7.4817,49.988],[7.4785,49.9955],[7.4577,50.001],[7.4547,50.0089],[7.4512,50.0042],[7.4573,49.9961],[7.4471,49.985],[7.4505,49.9826]]]},"properties":{"id":"07140039","name":"Fronhofen","subdivision":"Rhein-Hunsrück-Kreis","cx":7.464,"cy":49.991}},
{"type":"Feature","geometry":{"type":"Polygon","coordinates":[[[7.5392,49.9675],[7.5305,49.9644],[7.5182,49.9647],[7.5125,49.9563],[7.5144,49.9495],[7.5151,49.9438],[7.5254,49.9384],[7.5427,49.9481],[7.5503,49.9473],[7.5423,49.9526],[7.5425,49.9643],[7.5392,49.9675]]]},"properties":{"id":"07140056","name":"Holzbach","subdivision":"Rhein-Hunsrück-Kreis","cx":7.529,"cy":49.953}},
{"type":"Feature","geometry":{"type":"Polygon","coordinates":[[[7.5398,50.0619],[7.5247,50.0529],[7.5259,50.0498],[7.5274,50.0437],[7.5407,50.0362],[7.5501,50.04],[7.5631,50.0386],[7.5711,50.0515],[7.5665,50.0592],[7.5585,50.0619],[7.5398,50.0619]]]},"properties":{"id":"07140058","name":"Horn","subdivision":"Rhein-Hunsrück-Kreis","cx":7.548,"cy":50.051}},
{"type":"Feature","geometry":{"type":"Polygon","coordinates":[[[7.4817,49.988],[7.4844,49.9802],[7.5012,49.9802],[7.5039,49.9841],[7.5013,49.9972],[7.4785,49.9955],[7.4817,49.988]]]},"properties":{"id":"07140065","name":"Keidelheim","subdivision":"Rhein-Hunsrück-Kreis","cx":7.492,"cy":49.989}},
{"type":"Feature","geometry":{"type":"Polygon","coordinates":[[[7.4889,50.032],[7.5021,50.0307],[7.5194,50.0215],[7.5287,50.0186],[7.538,50.0185],[7.5453,50.0212],[7.5496,50.0276],[7.5413,50.0353],[7.5407,50.0362],[7.5274,50.0437],[7.5259,50.0498],[7.5164,50.0449],[7.5124,50.0402],[7.5038,50.0412],[7.4901,50.0362],[7.4897,50.034],[7.4889,50.032]]]},"properties":{"id":"07140070","name":"Klosterkumbd","subdivision":"Rhein-Hunsrück-Kreis","cx":7.523,"cy":50.032}},
{"type":"Feature","geometry":{"type":"Polygon","coordinates":[[[7.4568,50.0118],[7.4547,50.0089],[7.4577,50.001],[7.4785,49.9955],[7.5013,49.9972],[7.5183,50.0059],[7.5281,50.0087],[7.5194,50.0136],[7.5182,50.0193],[7.4956,50.0091],[7.4765,50.01],[7.4568,50.0118]]]},"properties":{"id":"07140076","name":"Külz (Hunsrück)","subdivision":"Rhein-Hunsrück-Kreis","cx":7.49,"cy":50.003}},
{"type":"Feature","geometry":{"type":"Polygon","coordinates":[[[7.5039,49.9841],[7.5083,49.9835],[7.5136,49.9909],[7.5295,49.9976],[7.5347,50.0056],[7.5281,50.0087],[7.5183,50.0059],[7.5013,49.9972],[7.5039,49.9841]]]},"properties":{"id":"07140077","name":"Kümbdchen","subdivision":"Rhein-Hunsrück-Kreis","cx":7.516,"cy":49.998}},
{"type":"Feature","geometry":{"type":"Polygon","coordinates":[[[7.4998,50.0662],[7.4813,50.0631],[7.4815,50.0587],[7.4855,50.0457],[7.4849,50.038],[7.4897,50.034],[7.4901,50.0362],[7.5038,50.0412],[7.5124,50.0402],[7.5164,50.0449],[7.5259,50.0498],[7.5247,50.0529],[7.5398,50.0619],[7.541,50.0703],[7.5364,50.0732],[7.5209,50.0684],[7.5102,50.0698],[7.5037,50.0674],[7.4998,50.0662]]]},"properties":{"id":"07140079","name":"Laubach (Rhein-Hunsrück-Kreis)","subdivision":"Rhein-Hunsrück-Kreis","cx":7.508,"cy":50.056}},
{"type":"Feature","geometry":{"type":"Polygon","coordinates":[[[7.5426,49.8921],[7.5451,49.8962],[7.5441,49.901],[7.534,49.9071],[7.5388,49.9158],[7.5139,49.9231],[7.5095,49.9236],[7.5001,49.9209],[7.4949,49.9143],[7.4833,49.9116],[7.497,49.9012],[7.5224,49.8913],[7.5397,49.8905],[7.5426,49.8921]]]},"properties":{"id":"07140092","name":"Mengerschied","subdivision":"Rhein-Hunsrück-Kreis","cx":7.517,"cy":49.907}},
{"type":"Feature","geometry":{"type":"Polygon","coordinates":[[[7.5813,49.9807],[7.5757,49.9884],[7.5649,49.9869],[7.5612,49.991],[7.5524,49.9903],[7.5559,49.9753],[7.5639,49.9699],[7.5746,49.9743],[7.5813,49.9807]]]},"properties":{"id":"07140099","name":"Mutterschied","subdivision":"Rhein-Hunsrück-Kreis","cx":7.566,"cy":49.98}},
{"type":"Feature","geometry":{"type":"Polygon","coordinates":[[[7.4554,49.9561],[7.4719,49.9619],[7.4733,49.9655],[7.4887,49.972],[7.501,49.9745],[7.5012,49.9802],[7.4844,49.9802],[7.4817,49.988],[7.4742,49.9846],[7.455,49.9804],[7.4505,49.9826],[7.458,49.977],[7.4526,49.9705],[7.4554,49.9561]]]},"properties":{"id":"07140100","name":"Nannhausen","subdivision":"Rhein-Hunsrück-Kreis","cx":7.472,"cy":49.974}},
{"type":"Feature","geometry":{"type":"Polygon","coordinates":[[[7.4689,50.0172],[7.4765,50.01],[7.4956,50.0091],[7.5182,50.0193],[7.5194,50.0215],[7.5021,50.0307],[7.4889,50.032],[7.4893,50.0293],[7.4809,50.0216],[7.4689,50.0172]]]},"properties":{"id":"07140101","name":"Neuerkirch","subdivision":"Rhein-Hunsrück-Kreis","cx":7.494,"cy":50.02}},
{"type":"Feature","geometry":{"type":"Polygon","coordinates":[[[7.5194,50.0215],[7.5182,50.0193],[7.5194,50.0136],[7.5281,50.0087],[7.5347,50.0056],[7.5427,50.0114],[7.5453,50.0212],[7.538,50.0185],[7.5287,50.0186],[7.5194,50.0215]]]},"properties":{"id":"07140106","name":"Niederkumbd","subdivision":"Rhein-Hunsrück-Kreis","cx":7.532,"cy":50.013}},
{"type":"Feature","geometry":{"type":"Polygon","coordinates":[[[7.5144,49.9495],[7.5125,49.9563],[7.5182,49.9647],[7.501,49.9745],[7.4887,49.972],[7.4733,49.9655],[7.4869,49.9659],[7.4974,49.9587],[7.4951,49.9562],[7.5144,49.9495]]]},"properties":{"id":"07140113","name":"Ohlweiler","subdivision":"Rhein-Hunsrück-Kreis","cx":7.503,"cy":49.964}},
{"type":"Feature","geometry":{"type":"Polygon","coordinates":[[[7.4628,49.941],[7.4715,49.9434],[7.4804,49.9431],[7.4877,49.9515],[7.4629,49.9502],[7.4563,49.9468],[7.4628,49.941]]]},"properties":{"id":"07140115","name":"Oppertshausen","subdivision":"Rhein-Hunsrück-Kreis","cx":7.468,"cy":49.947}},
{"type":"Feature","geometry":{"type":"Polygon","coordinates":[[[7.5811,50.0109],[7.5804,50.0146],[7.573,50.0191],[7.5597,50.0257],[7.5496,50.0276],[7.5453,50.0212],[7.5427,50.0114],[7.5534,50.0041],[7.5684,50.008],[7.5766,50.0076],[7.5811,50.0109]]]},"properties":{"id":"07140118","name":"Pleizenhausen","subdivision":"Rhein-Hunsrück-Kreis","cx":7.559,"cy":50.015}},
{"type":"Feature","geometry":{"type":"MultiPolygon","coordinates":[[[[7.4593,49.9335],[7.4714,49.9298],[7.4814,49.9185],[7.4754,49.9136],[7.4833,49.9116],[7.4949,49.9143],[7.5001,49.9209],[7.5095,49.9236],[7.498,49.9287],[7.4998,49.9367],[7.4877,49.9394],[7.4804,49.9431],[7.4715,49.9434],[7.4628,49.941],[7.4574,49.9361],[7.4593,49.9335]]],[[[7.5388,49.9158],[7.5266,49.9209],[7.5139,49.9231],[7.5388,49.9158]]]]},"properties":{"id":"07140119","name":"Ravengiersburg","subdivision":"Rhein-Hunsrück-Kreis","cx":7.484,"cy":49.93}},
{"type":"Feature","geometry":{"type":"Polygon","coordinates":[[[7.5984,50.0353],[7.585,50.035],[7.5833,50.0332],[7.5897,50.0281],[7.5817,50.0255],[7.5824,50.0207],[7.573,50.0191],[7.5804,50.0146],[7.5942,50.0175],[7.5984,50.0353]]]},"properties":{"id":"07140121","name":"Rayerschied","subdivision":"Rhein-Hunsrück-Kreis","cx":7.589,"cy":50.023}},
{"type":"Feature","geometry":{"type":"Polygon","coordinates":[[[7.4432,50.014],[7.4399,50.0149],[7.4266,50.0086],[7.4095,50.0056],[7.4131,50.0013],[7.4079,49.9973],[7.4143,49.989],[7.4206,49.9861],[7.4224,49.9857],[7.4249,49.9925],[7.4417,49.9996],[7.4506,50.0128],[7.4432,50.014]]]},"properties":{"id":"07140123","name":"Reich","subdivision":"Rhein-Hunsrück-Kreis","cx":7.428,"cy":50.001}},
{"type":"Feature","geometry":{"type":"Polygon","coordinates":[[[7.5791,50.0743],[7.5728,50.064],[7.5665,50.0592],[7.5711,50.0515],[7.5764,50.0509],[7.5892,50.0482],[7.5856,50.0609],[7.5952,50.0673],[7.5849,50.0752],[7.5791,50.0743]]]},"properties":{"id":"07140126","name":"Riegenroth","subdivision":"Rhein-Hunsrück-Kreis","cx":7.579,"cy":50.06}},
{"type":"Feature","geometry":{"type":"Polygon","coordinates":[[[7.5868,49.9126],[7.5606,49.9228],[7.5497,49.9194],[7.5459,49.9251],[7.5356,49.9265],[7.5254,49.9384],[7.5151,49.9438],[7.4998,49.9367],[7.498,49.9287],[7.5095,49.9236],[7.5139,49.9231],[7.5266,49.9209],[7.5388,49.9158],[7.534,49.9071],[7.5441,49.901],[7.5451,49.8962],[7.5673,49.8976],[7.5726,49.8997],[7.5822,49.9084],[7.5868,49.9126]]]},"properties":{"id":"07140134","name":"Sargenroth","subdivision":"Rhein-Hunsrück-Kreis","cx":7.552,"cy":49.909}},
{"type":"Feature","geometry":{"type":"Polygon","coordinates":[[[7.4563,49.9468],[7.4629,49.9502],[7.4877,49.9515],[7.4951,49.9562],[7.4974,49.9587],[7.4869,49.9659],[7.4733,49.9655],[7.4719,49.9619],[7.4554,49.9561],[7.4563,49.9468]]]},"properties":{"id":"07140139","name":"Schönborn (Rhein-Hunsrück-Kreis)","subdivision":"Rhein-Hunsrück-Kreis","cx":7.477,"cy":49.958}},
{"type":"Feature","geometry":{"type":"Polygon","coordinates":[[[7.5639,49.9699],[7.5559,49.9753],[7.5524,49.9903],[7.5451,49.9961],[7.5534,50.0041],[7.5427,50.0114],[7.5347,50.0056],[7.5295,49.9976],[7.5136,49.9909],[7.5083,49.9835],[7.5039,49.9841],[7.5012,49.9802],[7.501,49.9745],[7.5182,49.9647],[7.5305,49.9644],[7.5392,49.9675],[7.5498,49.9724],[7.5639,49.9668],[7.5639,49.9699]]]},"properties":{"id":"07140144","name":"Simmern/Hunsrück","subdivision":"Rhein-Hunsrück-Kreis","cx":7.532,"cy":49.983}},
{"type":"Feature","geometry":{"type":"Polygon","coordinates":[[[7.5503,49.9473],[7.5427,49.9481],[7.5254,49.9384],[7.5356,49.9265],[7.5459,49.9251],[7.5497,49.9194],[7.5606,49.9228],[7.5532,49.9319],[7.5655,49.9377],[7.5639,49.9463],[7.5561,49.9503],[7.5503,49.9473]]]},"properties":{"id":"07140150","name":"Tiefenbach","subdivision":"Rhein-Hunsrück-Kreis","cx":7.545,"cy":49.938}},
{"type":"Feature","geometry":{"type":"Polygon","coordinates":[[[7.603,50.0134],[7.5942,50.0175],[7.5804,50.0146],[7.5811,50.0109],[7.5778,49.9943],[7.5832,49.9933],[7.5982,49.9963],[7.6107,50.001],[7.6101,50.0056],[7.603,50.0134]]]},"properties":{"id":"07140158","name":"Wahlbach","subdivision":"Rhein-Hunsrück-Kreis","cx":7.593,"cy":50.005}},
{"type":"Feature","geometry":{"type":"Polygon","coordinates":[[[7.431,50.0224],[7.4266,50.0224],[7.4155,50.0202],[7.3947,50.0208],[7.389,50.0175],[7.3822,50.0127],[7.3992,50.0162],[7.4073,50.0194],[7.4112,50.0119],[7.4095,50.0056],[7.4266,50.0086],[7.4399,50.0149],[7.4432,50.014],[7.4372,50.0185],[7.431,50.0224]]]},"properties":{"id":"07140166","name":"Wüschheim","subdivision":"Rhein-Hunsrück-Kreis","cx":7.418,"cy":50.014}},
{"type":"Feature","geometry":{"type":"MultiPolygon","coordinates":[[[[7.6055,50.2938],[7.6266,50.2801],[7.6373,50.2896],[7.6476,50.2918],[7.6661,50.2896],[7.6854,50.2776],[7.703,50.2687],[7.71,50.2691],[7.7054,50.2768],[7.704,50.2816],[7.692,50.2826],[7.7048,50.2934],[7.6976,50.2978],[7.7049,50.3007],[7.7143,50.2997],[7.7411,50.2861],[7.7394,50.2828],[7.7385,50.2738],[7.7539,50.2935],[7.7445,50.2973],[7.7368,50.2899],[7.7309,50.2982],[7.7557,50.3071],[7.7519,50.3085],[7.7414,50.3167],[7.7332,50.3156],[7.7277,50.322],[7.7207,50.3222],[7.72,50.3157],[7.7075,50.3115],[7.6754,50.3072],[7.6526,50.3099],[7.645,50.3174],[7.6502,50.3244],[7.6403,50.3272],[7.6302,50.3233],[7.6185,50.3254],[7.5906,50.3257],[7.5888,50.321],[7.5913,50.3108],[7.5964,50.303],[7.6055,50.2938]]],[[[7.6665,50.3395],[7.6767,50.3429],[7.6837,50.3427],[7.6956,50.3486],[7.6977,50.3517],[7.6889,50.3601],[7.6824,50.36],[7.6815,50.3532],[7.6671,50.3454],[7.6665,50.3395]]]]},"properties":{"id":"07141075","name":"Lahnstein","subdivision":"Rhein-Lahn-Kreis","cx":7.631,"cy":50.306}},
{"type":"Feature","geometry":{"type":"Polygon","coordinates":[[[7.7519,50.3085],[7.7415,50.3174],[7.7355,50.3174],[7.7358,50.3267],[7.748,50.3303],[7.749,50.3355],[7.7438,50.3384],[7.753,50.3581],[7.7424,50.3608],[7.7477,50.3651],[7.7354,50.3673],[7.7287,50.3645],[7.7214,50.3656],[7.6994,50.3581],[7.6977,50.3517],[7.6956,50.3486],[7.6985,50.3427],[7.6945,50.3354],[7.7123,50.3248],[7.7207,50.3222],[7.7277,50.322],[7.7332,50.3156],[7.7414,50.3167],[7.7519,50.3085]]]},"properties":{"id":"07141006","name":"Bad Ems","subdivision":"Rhein-Lahn-Kreis","cx":7.724,"cy":50.344}},
{"type":"Feature","geometry":{"type":"Polygon","coordinates":[[[7.7054,50.2768],[7.7183,50.2807],[7.7227,50.2847],[7.7289,50.2858],[7.7394,50.2828],[7.7411,50.2861],[7.7143,50.2997],[7.7049,50.3007],[7.6976,50.2978],[7.7048,50.2934],[7.692,50.2826],[7.704,50.2816],[7.7054,50.2768]]]},"properties":{"id":"07141008","name":"Becheln","subdivision":"Rhein-Lahn-Kreis","cx":7.714,"cy":50.289}},
{"type":"Feature","geometry":{"type":"Polygon","coordinates":[[[7.7557,50.3071],[7.761,50.3069],[7.7739,50.3115],[7.7731,50.3183],[7.7747,50.3289],[7.7724,50.3335],[7.7787,50.3445],[7.7768,50.35],[7.7871,50.3537],[7.7924,50.3607],[7.7845,50.3611],[7.7771,50.3554],[7.7695,50.3522],[7.7592,50.3527],[7.7595,50.3442],[7.7524,50.3422],[7.749,50.3355],[7.748,50.3303],[7.7358,50.3267],[7.7355,50.3174],[7.7415,50.3174],[7.7519,50.3085],[7.7557,50.3071]]]},"properties":{"id":"07141025","name":"Dausenau","subdivision":"Rhein-Lahn-Kreis","cx":7.761,"cy":50.328}},
{"type":"Feature","geometry":{"type":"Polygon","coordinates":[[[7.6597,50.3323],[7.6698,50.331],[7.6803,50.3391],[7.6945,50.3354],[7.6985,50.3427],[7.6956,50.3486],[7.6837,50.3427],[7.6767,50.3429],[7.6665,50.3395],[7.6597,50.3323]]]},"properties":{"id":"07141041","name":"Fachbach","subdivision":"Rhein-Lahn-Kreis","cx":7.69,"cy":50.341}},
{"type":"Feature","geometry":{"type":"Polygon","coordinates":[[[7.7207,50.3222],[7.7123,50.3248],[7.7024,50.3186],[7.6838,50.3226],[7.6755,50.3208],[7.6692,50.322],[7.6569,50.3169],[7.6526,50.3099],[7.6754,50.3072],[7.7075,50.3115],[7.72,50.3157],[7.7207,50.3222]]]},"properties":{"id":"07141044","name":"Frücht","subdivision":"Rhein-Lahn-Kreis","cx":7.686,"cy":50.315}},
{"type":"Feature","geometry":{"type":"Polygon","coordinates":[[[8.0379,50.2491],[8.0178,50.2457],[8.0114,50.2367],[7.9992,50.2304],[8.0055,50.2291],[8.0256,50.2321],[8.0348,50.2316],[8.0381,50.2269],[8.0467,50.2276],[8.0561,50.2338],[8.0385,50.2462],[8.0379,50.2491]]]},"properties":{"id":"07141036","name":"Eisighofen","subdivision":"Rhein-Lahn-Kreis","cx":8.031,"cy":50.239}},
{"type":"Feature","geometry":{"type":"Polygon","coordinates":[[[7.749,50.3355],[7.7524,50.3422],[7.7595,50.3442],[7.7592,50.3527],[7.7695,50.3522],[7.7771,50.3554],[7.7721,50.3662],[7.7679,50.3668],[7.7629,50.3642],[7.7477,50.3651],[7.7424,50.3608],[7.753,50.3581],[7.7438,50.3384],[7.749,50.3355]]]},"properties":{"id":"07141071","name":"Kemmenau","subdivision":"Rhein-Lahn-Kreis","cx":7.765,"cy":50.359}},
{"type":"Feature","geometry":{"type":"Polygon","coordinates":[[[7.6502,50.3244],[7.645,50.3174],[7.6526,50.3099],[7.6569,50.3169],[7.6692,50.322],[7.6755,50.3208],[7.6698,50.331],[7.6597,50.3323],[7.6577,50.328],[7.6502,50.3244]]]},"properties":{"id":"07141086","name":"Miellen","subdivision":"Rhein-Lahn-Kreis","cx":7.662,"cy":50.325}},
{"type":"Feature","geometry":{"type":"Polygon","coordinates":[[[7.6945,50.3354],[7.6803,50.3391],[7.6698,50.331],[7.6755,50.3208],[7.6838,50.3226],[7.7024,50.3186],[7.7123,50.3248],[7.6945,50.3354]]]},"properties":{"id":"07141098","name":"Nievern","subdivision":"Rhein-Lahn-Kreis","cx":7.689,"cy":50.329}},
{"type":"Feature","geometry":{"type":"Polygon","coordinates":[[[7.7477,50.3651],[7.7629,50.3642],[7.7679,50.3668],[7.7894,50.3842],[7.7919,50.3874],[7.7829,50.3955],[7.7762,50.3969],[7.7682,50.3947],[7.7605,50.3889],[7.756,50.4007],[7.7446,50.3963],[7.7404,50.3863],[7.7354,50.3818],[7.7366,50.3772],[7.7397,50.3721],[7.7287,50.3645],[7.7354,50.3673],[7.7477,50.3651]]]},"properties":{"id":"07141201","name":"Arzbach","subdivision":"Rhein-Lahn-Kreis","cx":7.76,"cy":50.377}},
{"type":"Feature","geometry":{"type":"Polygon","coordinates":[[[7.9885,50.3539],[7.9908,50.3559],[7.9857,50.3665],[7.9955,50.3693],[7.996,50.3731],[7.972,50.3748],[7.9681,50.3819],[7.959,50.3829],[7.9525,50.3884],[7.9434,50.3886],[7.9334,50.3787],[7.9379,50.3705],[7.9431,50.3685],[7.9504,50.3607],[7.9697,50.3568],[7.9719,50.3543],[7.9793,50.3572],[7.9885,50.3539]]]},"properties":{"id":"07141002","name":"Altendiez","subdivision":"Rhein-Lahn-Kreis","cx":7.962,"cy":50.371}},
{"type":"Feature","geometry":{"type":"Polygon","coordinates":[[[7.9759,50.3939],[7.9738,50.3887],[7.9887,50.3847],[7.9901,50.3813],[8.0005,50.3808],[8.0032,50.3847],[8.0143,50.3845],[8.0204,50.3885],[8.0159,50.3873],[8.0022,50.3897],[7.9933,50.3932],[7.9759,50.3939]]]},"properties":{"id":"07141005","name":"Aull","subdivision":"Rhein-Lahn-Kreis","cx":7.994,"cy":50.388}},
{"type":"Feature","geometry":{"type":"Polygon","coordinates":[[[7.9348,50.3284],[7.9251,50.3302],[7.9032,50.3287],[7.8989,50.3254],[7.9057,50.315],[7.9316,50.3141],[7.9354,50.3195],[7.9317,50.3231],[7.9348,50.3284]]]},"properties":{"id":"07141050","name":"Gutenacker","subdivision":"Rhein-Lahn-Kreis","cx":7.918,"cy":50.322}},
{"type":"Feature","geometry":{"type":"Polygon","coordinates":[[[7.7538,50.2359],[7.76,50.2378],[7.755,50.2506],[7.7419,50.2553],[7.7355,50.2493],[7.7157,50.2443],[7.7126,50.2411],[7.7323,50.2447],[7.7397,50.241],[7.7545,50.2389],[7.7538,50.2359]]]},"properties":{"id":"07141100","name":"Oberbachheim","subdivision":"Rhein-Lahn-Kreis","cx":7.743,"cy":50.247}},
{"type":"Feature","geometry":{"type":"Polygon","coordinates":[[[8.26,49.1349],[8.2553,49.146],[8.2558,49.1509],[8.2639,49.1532],[8.2578,49.1592],[8.2568,49.1702],[8.2419,49.1705],[8.2493,49.1586],[8.2443,49.1565],[8.2474,49.1497],[8.246,49.1413],[8.2499,49.1335],[8.26,49.1349]]]},"properties":{"id":"07337039","name":"Herxheimweyher","subdivision":"Südliche Weinstraße","cx":8.252,"cy":49.153}},
{"type":"Feature","geometry":{"type":"Polygon","coordinates":[[[7.9885,50.3539],[7.9968,50.3496],[7.9902,50.3357],[7.9954,50.3411],[8.0054,50.3458],[8.0143,50.3596],[8.006,50.3658],[7.9994,50.3636],[7.9955,50.3693],[7.9857,50.3665],[7.9908,50.3559],[7.9885,50.3539]]]},"properties":{"id":"07141014","name":"Birlenbach","subdivision":"Rhein-Lahn-Kreis","cx":8,"cy":50.356}},
{"type":"Feature","geometry":{"type":"Polygon","coordinates":[[[7.8689,50.3324],[7.8766,50.3415],[7.8853,50.3421],[7.8803,50.3491],[7.8722,50.3421],[7.866,50.3332],[7.8689,50.3324]]]},"properties":{"id":"07141021","name":"Charlottenberg","subdivision":"Rhein-Lahn-Kreis","cx":7.879,"cy":50.344}},
{"type":"Feature","geometry":{"type":"Polygon","coordinates":[[[7.9781,50.3302],[7.9686,50.3336],[7.9579,50.3417],[7.9394,50.3526],[7.9328,50.3526],[7.9281,50.3475],[7.92,50.3451],[7.9192,50.3418],[7.939,50.3343],[7.9446,50.3373],[7.9476,50.3309],[7.9497,50.3293],[7.9679,50.3296],[7.9722,50.3258],[7.9781,50.3302]]]},"properties":{"id":"07141022","name":"Cramberg","subdivision":"Rhein-Lahn-Kreis","cx":7.94,"cy":50.343}},
{"type":"Feature","geometry":{"type":"Polygon","coordinates":[[[7.9955,50.3693],[7.9994,50.3636],[8.006,50.3658],[8.0143,50.3596],[8.0054,50.3458],[7.9954,50.3411],[7.9902,50.3357],[7.9927,50.3339],[7.9986,50.3393],[8.0065,50.3437],[8.0243,50.3457],[8.0353,50.3546],[8.034,50.3596],[8.0507,50.3617],[8.0557,50.3672],[8.0639,50.3688],[8.0575,50.3734],[8.0486,50.3756],[8.0426,50.3861],[8.0379,50.3825],[8.0224,50.3822],[8.0143,50.3845],[8.0032,50.3847],[8.0005,50.3808],[8.0028,50.3755],[7.996,50.3731],[7.9955,50.3693]]]},"properties":{"id":"07141029","name":"Diez","subdivision":"Rhein-Lahn-Kreis","cx":8.024,"cy":50.367}},
{"type":"Feature","geometry":{"type":"Polygon","coordinates":[[[7.8989,50.3254],[7.8961,50.328],[7.9058,50.3349],[7.894,50.342],[7.8853,50.3421],[7.8766,50.3415],[7.8689,50.3324],[7.8733,50.329],[7.8715,50.3226],[7.8778,50.3187],[7.8887,50.3178],[7.8988,50.3112],[7.9057,50.315],[7.8989,50.3254]]]},"properties":{"id":"07141030","name":"Dörnberg","subdivision":"Rhein-Lahn-Kreis","cx":7.886,"cy":50.329}},
{"type":"Feature","geometry":{"type":"Polygon","coordinates":[[[7.9467,50.3969],[7.9395,50.4107],[7.9343,50.4148],[7.9149,50.4109],[7.8985,50.4012],[7.8951,50.3964],[7.9054,50.3909],[7.9171,50.3872],[7.9227,50.3872],[7.9384,50.3941],[7.9467,50.3969]]]},"properties":{"id":"07141038","name":"Eppenrod","subdivision":"Rhein-Lahn-Kreis","cx":7.922,"cy":50.4}},
{"type":"Feature","geometry":{"type":"Polygon","coordinates":[[[7.9394,50.3526],[7.9349,50.3572],[7.9255,50.3548],[7.9108,50.3607],[7.9054,50.3654],[7.9063,50.3592],[7.9126,50.3548],[7.9037,50.3493],[7.92,50.3451],[7.9281,50.3475],[7.9328,50.3526],[7.9394,50.3526]]]},"properties":{"id":"07141045","name":"Geilnau","subdivision":"Rhein-Lahn-Kreis","cx":7.919,"cy":50.352}},
{"type":"Feature","geometry":{"type":"Polygon","coordinates":[[[8.0204,50.3885],[8.021,50.3987],[7.9896,50.3982],[7.9933,50.3932],[8.0022,50.3897],[8.0159,50.3873],[8.0204,50.3885]]]},"properties":{"id":"07141049","name":"Gückingen","subdivision":"Rhein-Lahn-Kreis","cx":8.009,"cy":50.394}},
{"type":"Feature","geometry":{"type":"Polygon","coordinates":[[[7.9933,50.3932],[7.9896,50.3982],[7.9824,50.4081],[7.9716,50.4062],[7.9596,50.4002],[7.9616,50.3928],[7.9759,50.3939],[7.9933,50.3932]]]},"properties":{"id":"07141052","name":"Hambach","subdivision":"Rhein-Lahn-Kreis","cx":7.975,"cy":50.4}},
{"type":"Feature","geometry":{"type":"Polygon","coordinates":[[[7.996,50.3731],[8.0028,50.3755],[8.0005,50.3808],[7.9901,50.3813],[7.9887,50.3847],[7.9738,50.3887],[7.9759,50.3939],[7.9616,50.3928],[7.9596,50.4002],[7.9538,50.3966],[7.9467,50.3969],[7.9384,50.3941],[7.9434,50.3886],[7.9525,50.3884],[7.959,50.3829],[7.9681,50.3819],[7.972,50.3748],[7.996,50.3731]]]},"properties":{"id":"07141053","name":"Heistenbach","subdivision":"Rhein-Lahn-Kreis","cx":7.975,"cy":50.382}},
{"type":"Feature","geometry":{"type":"Polygon","coordinates":[[[7.9434,50.3886],[7.9384,50.3941],[7.9227,50.3872],[7.9171,50.3872],[7.9168,50.3817],[7.9209,50.3782],[7.9379,50.3705],[7.9334,50.3787],[7.9434,50.3886]]]},"properties":{"id":"07141057","name":"Hirschberg","subdivision":"Rhein-Lahn-Kreis","cx":7.93,"cy":50.384}},
{"type":"Feature","geometry":{"type":"MultiPolygon","coordinates":[[[[7.8853,50.3421],[7.894,50.342],[7.8972,50.3478],[7.9037,50.3493],[7.9126,50.3548],[7.9063,50.3592],[7.9054,50.3654],[7.9017,50.3689],[7.8985,50.3596],[7.8902,50.3577],[7.8803,50.3491],[7.8853,50.3421]]],[[[7.862,50.3427],[7.8677,50.3431],[7.8704,50.3487],[7.8659,50.3486],[7.865,50.3474],[7.8668,50.3462],[7.862,50.3427]]]]},"properties":{"id":"07141059","name":"Holzappel","subdivision":"Rhein-Lahn-Kreis","cx":7.893,"cy":50.352}},
{"type":"Feature","geometry":{"type":"Polygon","coordinates":[[[7.9986,50.3393],[8.0035,50.3315],[8.0291,50.341],[8.0243,50.345],[8.036,50.3525],[8.0545,50.3466],[8.0616,50.3542],[8.0704,50.3558],[8.0673,50.3578],[8.0639,50.3688],[8.0557,50.3672],[8.0507,50.3617],[8.034,50.3596],[8.0353,50.3546],[8.0243,50.3457],[8.0065,50.3437],[7.9986,50.3393]]]},"properties":{"id":"07141061","name":"Holzheim","subdivision":"Rhein-Lahn-Kreis","cx":8.052,"cy":50.355}},
{"type":"Feature","geometry":{"type":"Polygon","coordinates":[[[7.8803,50.3491],[7.8902,50.3577],[7.8985,50.3596],[7.9017,50.3689],[7.8976,50.3718],[7.8902,50.376],[7.8799,50.3725],[7.8765,50.3686],[7.8772,50.3635],[7.877,50.361],[7.8715,50.3588],[7.8671,50.3561],[7.8659,50.3486],[7.8704,50.3487],[7.8677,50.3431],[7.862,50.3427],[7.8568,50.3346],[7.866,50.3332],[7.8722,50.3421],[7.8803,50.3491]]]},"properties":{"id":"07141062","name":"Horhausen","subdivision":"Rhein-Lahn-Kreis","cx":7.885,"cy":50.364}},
{"type":"Feature","geometry":{"type":"Polygon","coordinates":[[[7.8951,50.3964],[7.8945,50.4022],[7.8842,50.4023],[7.8792,50.3991],[7.8816,50.3979],[7.8859,50.3837],[7.8789,50.3844],[7.8687,50.3845],[7.859,50.3906],[7.8546,50.3889],[7.8525,50.3834],[7.8635,50.3803],[7.8653,50.3771],[7.8807,50.3771],[7.8799,50.3725],[7.8902,50.376],[7.8976,50.3718],[7.9168,50.3817],[7.9171,50.3872],[7.9054,50.3909],[7.8951,50.3964]]]},"properties":{"id":"07141064","name":"Isselbach","subdivision":"Rhein-Lahn-Kreis","cx":7.895,"cy":50.386}},
{"type":"Feature","geometry":{"type":"Polygon","coordinates":[[[7.9379,50.3705],[7.9209,50.3782],[7.9168,50.3817],[7.8976,50.3718],[7.9017,50.3689],[7.9054,50.3654],[7.9108,50.3607],[7.9255,50.3548],[7.9349,50.3572],[7.9394,50.3526],[7.9579,50.3417],[7.9656,50.3423],[7.965,50.3527],[7.9719,50.3543],[7.9697,50.3568],[7.9504,50.3607],[7.9431,50.3685],[7.9379,50.3705]]]},"properties":{"id":"07141076","name":"Langenscheid","subdivision":"Rhein-Lahn-Kreis","cx":7.928,"cy":50.365}},
{"type":"Feature","geometry":{"type":"Polygon","coordinates":[[[7.9348,50.3284],[7.943,50.3286],[7.9476,50.3309],[7.9446,50.3373],[7.9465,50.331],[7.9366,50.3287],[7.9242,50.3313],[7.9097,50.3417],[7.8972,50.3478],[7.894,50.342],[7.9058,50.3349],[7.8961,50.328],[7.8989,50.3254],[7.9032,50.3287],[7.9251,50.3302],[7.9348,50.3284]]]},"properties":{"id":"07141077","name":"Laurenburg","subdivision":"Rhein-Lahn-Kreis","cx":7.91,"cy":50.335}},
{"type":"Feature","geometry":{"type":"Polygon","coordinates":[[[7.92,50.3451],[7.9037,50.3493],[7.8972,50.3478],[7.9097,50.3417],[7.9242,50.3313],[7.9366,50.3287],[7.9465,50.331],[7.9446,50.3373],[7.939,50.3343],[7.9192,50.3418],[7.92,50.3451]]]},"properties":{"id":"07141124","name":"Scheidt","subdivision":"Rhein-Lahn-Kreis","cx":7.923,"cy":50.336}},
{"type":"Feature","geometry":{"type":"Polygon","coordinates":[[[7.9354,50.3195],[7.9409,50.3158],[7.9528,50.3141],[7.9552,50.3203],[7.9722,50.3258],[7.9679,50.3296],[7.9497,50.3293],[7.9476,50.3309],[7.943,50.3286],[7.9348,50.3284],[7.9317,50.3231],[7.9354,50.3195]]]},"properties":{"id":"07141130","name":"Steinsberg","subdivision":"Rhein-Lahn-Kreis","cx":7.949,"cy":50.323}},
{"type":"Feature","geometry":{"type":"Polygon","coordinates":[[[7.9722,50.3258],[7.9552,50.3203],[7.9528,50.3141],[7.962,50.3144],[7.9693,50.3104],[7.9787,50.3139],[7.9833,50.3271],[7.9865,50.3294],[7.9781,50.3302],[7.9722,50.3258]]]},"properties":{"id":"07141133","name":"Wasenbach","subdivision":"Rhein-Lahn-Kreis","cx":7.971,"cy":50.319}},
{"type":"Feature","geometry":{"type":"Polygon","coordinates":[[[7.9719,50.3543],[7.965,50.3527],[7.9656,50.3423],[7.9579,50.3417],[7.9686,50.3336],[7.9781,50.3302],[7.9865,50.3294],[7.9927,50.3339],[7.9902,50.3357],[7.9968,50.3496],[7.9885,50.3539],[7.9793,50.3572],[7.9719,50.3543]]]},"properties":{"id":"07141503","name":"Balduinstein","subdivision":"Rhein-Lahn-Kreis","cx":7.979,"cy":50.343}},
{"type":"Feature","geometry":{"type":"Polygon","coordinates":[[[8.1115,50.2701],[8.1089,50.2778],[8.0956,50.2835],[8.101,50.2889],[8.0953,50.2922],[8.0879,50.3007],[8.0849,50.2955],[8.0641,50.2886],[8.0638,50.2815],[8.0593,50.2734],[8.0721,50.2732],[8.0747,50.2672],[8.092,50.2652],[8.1031,50.2598],[8.1068,50.2609],[8.1115,50.2701]]]},"properties":{"id":"07141020","name":"Burgschwalbach","subdivision":"Rhein-Lahn-Kreis","cx":8.085,"cy":50.278}},
{"type":"Feature","geometry":{"type":"Polygon","coordinates":[[[8.0035,50.3315],[8.0077,50.3227],[8.0172,50.3299],[8.0388,50.3345],[8.0574,50.3443],[8.0545,50.3466],[8.036,50.3525],[8.0243,50.345],[8.0291,50.341],[8.0035,50.3315]]]},"properties":{"id":"07141043","name":"Flacht","subdivision":"Rhein-Lahn-Kreis","cx":8.037,"cy":50.342}},
{"type":"Feature","geometry":{"type":"Polygon","coordinates":[[[8.0879,50.3007],[8.0867,50.3058],[8.0786,50.3149],[8.0636,50.3183],[8.0425,50.3071],[8.0253,50.3059],[8.0178,50.3033],[8.0214,50.2963],[8.0124,50.2937],[8.0207,50.2902],[8.0292,50.2923],[8.0332,50.2971],[8.0491,50.2847],[8.0618,50.2872],[8.0641,50.2886],[8.0849,50.2955],[8.0879,50.3007]]]},"properties":{"id":"07141051","name":"Hahnstätten","subdivision":"Rhein-Lahn-Kreis","cx":8.056,"cy":50.3}},
{"type":"Feature","geometry":{"type":"Polygon","coordinates":[[[8.1115,50.2701],[8.1219,50.2772],[8.1198,50.283],[8.1228,50.2905],[8.1155,50.3028],[8.1039,50.308],[8.0974,50.3086],[8.0867,50.3058],[8.0879,50.3007],[8.0953,50.2922],[8.101,50.2889],[8.0956,50.2835],[8.1089,50.2778],[8.1115,50.2701]]]},"properties":{"id":"07141065","name":"Kaltenholzhausen","subdivision":"Rhein-Lahn-Kreis","cx":8.109,"cy":50.294}},
{"type":"Feature","geometry":{"type":"Polygon","coordinates":[[[8.0636,50.3183],[8.0579,50.3246],[8.0514,50.3272],[8.0402,50.3228],[8.0303,50.3154],[8.015,50.3109],[8.0178,50.3033],[8.0253,50.3059],[8.0425,50.3071],[8.0636,50.3183]]]},"properties":{"id":"07141081","name":"Lohrheim","subdivision":"Rhein-Lahn-Kreis","cx":8.041,"cy":50.315}},
{"type":"Feature","geometry":{"type":"Polygon","coordinates":[[[8.0207,50.2902],[8.0261,50.2837],[8.0283,50.2814],[8.0149,50.2693],[8.0321,50.2638],[8.0359,50.2712],[8.0425,50.2724],[8.0444,50.2773],[8.0618,50.2872],[8.0491,50.2847],[8.0332,50.2971],[8.0292,50.2923],[8.0207,50.2902]]]},"properties":{"id":"07141089","name":"Mudershausen","subdivision":"Rhein-Lahn-Kreis","cx":8.036,"cy":50.28}},
{"type":"Feature","geometry":{"type":"Polygon","coordinates":[[[8.0867,50.3058],[8.0974,50.3086],[8.1039,50.308],[8.1072,50.3216],[8.0941,50.3303],[8.0865,50.3299],[8.0871,50.3221],[8.0786,50.3149],[8.0867,50.3058]]]},"properties":{"id":"07141093","name":"Netzbach","subdivision":"Rhein-Lahn-Kreis","cx":8.094,"cy":50.317}},
{"type":"Feature","geometry":{"type":"Polygon","coordinates":[[[8.0545,50.3466],[8.0574,50.3443],[8.0388,50.3345],[8.0172,50.3299],[8.0077,50.3227],[8.0129,50.3161],[8.0373,50.3241],[8.0402,50.3228],[8.0514,50.3272],[8.0714,50.3326],[8.0772,50.3404],[8.0731,50.3541],[8.0704,50.3558],[8.0616,50.3542],[8.0545,50.3466]]]},"properties":{"id":"07141095","name":"Niederneisen","subdivision":"Rhein-Lahn-Kreis","cx":8.065,"cy":50.34}},
{"type":"Feature","geometry":{"type":"MultiPolygon","coordinates":[[[[8.0786,50.3149],[8.0871,50.3221],[8.0865,50.3299],[8.0744,50.3294],[8.0714,50.3326],[8.0514,50.3272],[8.0579,50.3246],[8.0636,50.3183],[8.0786,50.3149]]],[[[8.0402,50.3228],[8.0373,50.3241],[8.0129,50.3161],[8.015,50.3109],[8.0303,50.3154],[8.0402,50.3228]]]]},"properties":{"id":"07141102","name":"Oberneisen","subdivision":"Rhein-Lahn-Kreis","cx":8.072,"cy":50.323}},
{"type":"Feature","geometry":{"type":"Polygon","coordinates":[[[8.0641,50.2886],[8.0618,50.2872],[8.0444,50.2773],[8.0425,50.2724],[8.0593,50.2734],[8.0638,50.2815],[8.0641,50.2886]]]},"properties":{"id":"07141125","name":"Schiesheim","subdivision":"Rhein-Lahn-Kreis","cx":8.055,"cy":50.278}},
{"type":"Feature","geometry":{"type":"Polygon","coordinates":[[[8.0261,50.2837],[8.0058,50.2761],[7.9953,50.2754],[7.9891,50.2701],[7.9898,50.2579],[7.9975,50.2624],[8.0149,50.2693],[8.0283,50.2814],[8.0261,50.2837]]]},"properties":{"id":"07141001","name":"Allendorf","subdivision":"Rhein-Lahn-Kreis","cx":8.002,"cy":50.27}},
{"type":"Feature","geometry":{"type":"Polygon","coordinates":[[[8.0149,50.2693],[7.9975,50.2624],[7.9898,50.2579],[7.9751,50.2485],[7.9736,50.2474],[7.9759,50.2455],[7.9921,50.2507],[8.009,50.2528],[8.0217,50.2583],[8.0321,50.2638],[8.0149,50.2693]]]},"properties":{"id":"07141010","name":"Berghausen","subdivision":"Rhein-Lahn-Kreis","cx":8.004,"cy":50.258}},
{"type":"Feature","geometry":{"type":"Polygon","coordinates":[[[7.9736,50.2474],[7.9675,50.2444],[7.9589,50.2426],[7.9485,50.2375],[7.9472,50.2249],[7.9531,50.2204],[7.9713,50.2225],[7.9846,50.2269],[7.9902,50.2387],[7.99,50.2454],[7.9759,50.2455],[7.9736,50.2474]]]},"properties":{"id":"07141011","name":"Berndroth","subdivision":"Rhein-Lahn-Kreis","cx":7.968,"cy":50.234}},
{"type":"Feature","geometry":{"type":"Polygon","coordinates":[[[7.9409,50.3158],[7.9384,50.3111],[7.9458,50.3069],[7.9503,50.2966],[7.9575,50.2962],[7.9619,50.2942],[7.9678,50.2976],[7.9655,50.3063],[7.9693,50.3104],[7.962,50.3144],[7.9528,50.3141],[7.9409,50.3158]]]},"properties":{"id":"07141013","name":"Biebrich","subdivision":"Rhein-Lahn-Kreis","cx":7.955,"cy":50.306}},
{"type":"Feature","geometry":{"type":"Polygon","coordinates":[[[7.9057,50.315],[7.8988,50.3112],[7.8887,50.3178],[7.8895,50.3047],[7.8853,50.3006],[7.8977,50.3019],[7.9013,50.2977],[7.9081,50.2964],[7.9205,50.298],[7.9253,50.3025],[7.9458,50.3069],[7.9384,50.3111],[7.9409,50.3158],[7.9354,50.3195],[7.9316,50.3141],[7.9057,50.315]]]},"properties":{"id":"07141018","name":"Bremberg","subdivision":"Rhein-Lahn-Kreis","cx":7.914,"cy":50.306}},
{"type":"Feature","geometry":{"type":"Polygon","coordinates":[[[8.0379,50.2491],[8.0315,50.256],[8.0217,50.2583],[8.009,50.2528],[7.9921,50.2507],[7.9759,50.2455],[7.99,50.2454],[7.9902,50.2387],[7.9925,50.2323],[7.9992,50.2304],[8.0114,50.2367],[8.0178,50.2457],[8.0379,50.2491]]]},"properties":{"id":"07141032","name":"Dörsdorf","subdivision":"Rhein-Lahn-Kreis","cx":8.005,"cy":50.243}},
{"type":"Feature","geometry":{"type":"Polygon","coordinates":[[[7.9784,50.2783],[7.9966,50.2805],[7.9952,50.2901],[7.9932,50.2947],[7.9813,50.2936],[7.971,50.2896],[7.9784,50.2783]]]},"properties":{"id":"07141034","name":"Ebertshausen","subdivision":"Rhein-Lahn-Kreis","cx":7.985,"cy":50.287}},
{"type":"Feature","geometry":{"type":"Polygon","coordinates":[[[7.9507,50.2779],[7.9531,50.2912],[7.9575,50.2962],[7.9503,50.2966],[7.9453,50.2951],[7.9376,50.2871],[7.9246,50.2797],[7.9161,50.2728],[7.9213,50.2705],[7.9221,50.2638],[7.9297,50.2646],[7.9307,50.2633],[7.93,50.2714],[7.9507,50.2779]]]},"properties":{"id":"07141054","name":"Herold","subdivision":"Rhein-Lahn-Kreis","cx":7.942,"cy":50.282}},
{"type":"Feature","geometry":{"type":"Polygon","coordinates":[[[8.0124,50.2937],[8.0025,50.2962],[7.9968,50.2946],[7.9952,50.2901],[7.9966,50.2805],[7.9784,50.2783],[7.9742,50.2732],[7.9621,50.267],[7.9406,50.2594],[7.9388,50.255],[7.9421,50.2537],[7.9638,50.2593],[7.9751,50.2485],[7.9898,50.2579],[7.9891,50.2701],[7.9953,50.2754],[8.0058,50.2761],[8.0261,50.2837],[8.0207,50.2902],[8.0124,50.2937]]]},"properties":{"id":"07141068","name":"Katzenelnbogen","subdivision":"Rhein-Lahn-Kreis","cx":7.98,"cy":50.265}},
{"type":"Feature","geometry":{"type":"MultiPolygon","coordinates":[[[[7.932,50.2579],[7.9388,50.255],[7.9406,50.2594],[7.9621,50.267],[7.9742,50.2732],[7.9784,50.2783],[7.971,50.2896],[7.9619,50.2942],[7.9575,50.2962],[7.9531,50.2912],[7.9507,50.2779],[7.9573,50.2718],[7.9494,50.27],[7.949,50.2658],[7.932,50.2579]]],[[[7.9952,50.2901],[7.9968,50.2946],[7.9932,50.2947],[7.9952,50.2901]]]]},"properties":{"id":"07141073","name":"Klingelbach","subdivision":"Rhein-Lahn-Kreis","cx":7.962,"cy":50.28}},
{"type":"Feature","geometry":{"type":"Polygon","coordinates":[[[7.9458,50.3069],[7.9253,50.3025],[7.9205,50.298],[7.9081,50.2964],[7.9013,50.2977],[7.8968,50.2914],[7.8904,50.2879],[7.8939,50.2832],[7.9051,50.2813],[7.9049,50.2776],[7.9133,50.2728],[7.9161,50.2728],[7.9246,50.2797],[7.9376,50.2871],[7.9453,50.2951],[7.9503,50.2966],[7.9458,50.3069]]]},"properties":{"id":"07141074","name":"Kördorf","subdivision":"Rhein-Lahn-Kreis","cx":7.919,"cy":50.288}},
{"type":"Feature","geometry":{"type":"Polygon","coordinates":[[[7.9751,50.2485],[7.9638,50.2593],[7.9421,50.2537],[7.9527,50.2523],[7.9651,50.2476],[7.9675,50.2444],[7.9736,50.2474],[7.9751,50.2485]]]},"properties":{"id":"07141088","name":"Mittelfischbach","subdivision":"Rhein-Lahn-Kreis","cx":7.962,"cy":50.253}},
{"type":"Feature","geometry":{"type":"Polygon","coordinates":[[[7.9307,50.2633],[7.9297,50.2646],[7.9221,50.2638],[7.9213,50.2705],[7.9161,50.2728],[7.9133,50.2728],[7.9086,50.2688],[7.8883,50.2579],[7.8796,50.2486],[7.8871,50.252],[7.9113,50.2538],[7.9154,50.258],[7.9265,50.2556],[7.9287,50.2583],[7.9307,50.2633]]]},"properties":{"id":"07141096","name":"Niedertiefenbach","subdivision":"Rhein-Lahn-Kreis","cx":7.908,"cy":50.261}},
{"type":"Feature","geometry":{"type":"Polygon","coordinates":[[[7.9287,50.2583],[7.9265,50.2556],[7.9154,50.258],[7.9113,50.2538],[7.9185,50.2536],[7.9205,50.2418],[7.9144,50.2399],[7.9202,50.2383],[7.923,50.243],[7.9379,50.2415],[7.9485,50.2375],[7.9589,50.2426],[7.9675,50.2444],[7.9651,50.2476],[7.9527,50.2523],[7.9421,50.2537],[7.9388,50.255],[7.932,50.2579],[7.9287,50.2583]]]},"properties":{"id":"07141101","name":"Oberfischbach","subdivision":"Rhein-Lahn-Kreis","cx":7.937,"cy":50.249}},
{"type":"Feature","geometry":{"type":"Polygon","coordinates":[[[8.0055,50.2291],[8.0027,50.2244],[8.0115,50.2224],[8.0161,50.2172],[8.0306,50.2153],[8.0381,50.2269],[8.0348,50.2316],[8.0256,50.2321],[8.0055,50.2291]]]},"properties":{"id":"07141113","name":"Reckenroth","subdivision":"Rhein-Lahn-Kreis","cx":8.022,"cy":50.224}},
{"type":"Feature","geometry":{"type":"Polygon","coordinates":[[[7.9485,50.2375],[7.9379,50.2415],[7.923,50.243],[7.9202,50.2383],[7.9144,50.2399],[7.9077,50.2337],[7.9374,50.2189],[7.9516,50.2143],[7.9531,50.2204],[7.9472,50.2249],[7.9485,50.2375]]]},"properties":{"id":"07141117","name":"Rettert","subdivision":"Rhein-Lahn-Kreis","cx":7.934,"cy":50.231}},
{"type":"Feature","geometry":{"type":"Polygon","coordinates":[[[7.9051,50.2813],[7.8895,50.277],[7.8856,50.2741],[7.8766,50.2769],[7.8766,50.2705],[7.8816,50.2643],[7.8883,50.2579],[7.9086,50.2688],[7.9133,50.2728],[7.9049,50.2776],[7.9051,50.2813]]]},"properties":{"id":"07141118","name":"Roth (Rhein-Lahn-Kreis)","subdivision":"Rhein-Lahn-Kreis","cx":7.894,"cy":50.27}},
{"type":"Feature","geometry":{"type":"Polygon","coordinates":[[[7.9927,50.3339],[7.9865,50.3294],[7.9833,50.3271],[7.9787,50.3139],[7.9693,50.3104],[7.9655,50.3063],[7.9678,50.2976],[7.9619,50.2942],[7.971,50.2896],[7.9813,50.2936],[7.9932,50.2947],[7.9968,50.2946],[8.0025,50.2962],[8.0124,50.2937],[8.0214,50.2963],[8.0178,50.3033],[8.015,50.3109],[8.0129,50.3161],[8.0077,50.3227],[8.0035,50.3315],[7.9986,50.3393],[7.9927,50.3339]]]},"properties":{"id":"07141126","name":"Schönborn (Rhein-Lahn-Kreis)","subdivision":"Rhein-Lahn-Kreis","cx":7.993,"cy":50.31}},
{"type":"Feature","geometry":{"type":"Polygon","coordinates":[[[7.8853,50.3006],[7.8543,50.3029],[7.8566,50.2972],[7.8549,50.2866],[7.863,50.2801],[7.8749,50.2799],[7.8825,50.2836],[7.8904,50.2879],[7.8968,50.2914],[7.9013,50.2977],[7.8977,50.3019],[7.8853,50.3006]]]},"properties":{"id":"07141003","name":"Attenhausen","subdivision":"Rhein-Lahn-Kreis","cx":7.875,"cy":50.291}},
{"type":"Feature","geometry":{"type":"Polygon","coordinates":[[[7.7809,50.2632],[7.7805,50.2689],[7.7728,50.2728],[7.7654,50.2761],[7.7595,50.2725],[7.7477,50.2729],[7.7467,50.27],[7.7617,50.2663],[7.7661,50.2608],[7.7627,50.2535],[7.774,50.2493],[7.7794,50.2537],[7.7809,50.2632]]]},"properties":{"id":"07141026","name":"Dessighofen","subdivision":"Rhein-Lahn-Kreis","cx":7.771,"cy":50.266}},
{"type":"Feature","geometry":{"type":"Polygon","coordinates":[[[7.7629,50.3031],[7.7652,50.2968],[7.7731,50.2936],[7.788,50.3047],[7.7803,50.3077],[7.7713,50.3039],[7.7629,50.3031]]]},"properties":{"id":"07141027","name":"Dienethal","subdivision":"Rhein-Lahn-Kreis","cx":7.775,"cy":50.301}},
{"type":"Feature","geometry":{"type":"Polygon","coordinates":[[[7.7809,50.2632],[7.7969,50.2678],[7.7996,50.2716],[7.8042,50.2796],[7.8007,50.2868],[7.7949,50.29],[7.7737,50.2807],[7.7728,50.2728],[7.7805,50.2689],[7.7809,50.2632]]]},"properties":{"id":"07141033","name":"Dornholzhausen","subdivision":"Rhein-Lahn-Kreis","cx":7.789,"cy":50.277}},
{"type":"Feature","geometry":{"type":"Polygon","coordinates":[[[7.774,50.2493],[7.7789,50.2474],[7.7867,50.2454],[7.7925,50.2455],[7.8048,50.2528],[7.8014,50.2606],[7.8035,50.2682],[7.7996,50.2716],[7.7969,50.2678],[7.7809,50.2632],[7.7794,50.2537],[7.774,50.2493]]]},"properties":{"id":"07141046","name":"Geisig","subdivision":"Rhein-Lahn-Kreis","cx":7.791,"cy":50.256}},
{"type":"Feature","geometry":{"type":"Polygon","coordinates":[[[7.7731,50.3183],[7.7876,50.3257],[7.7942,50.3332],[7.7953,50.345],[7.8145,50.3471],[7.8074,50.3581],[7.7918,50.3468],[7.7787,50.3445],[7.7724,50.3335],[7.7747,50.3289],[7.7731,50.3183]]]},"properties":{"id":"07141058","name":"Hömberg","subdivision":"Rhein-Lahn-Kreis","cx":7.786,"cy":50.337}},
{"type":"Feature","geometry":{"type":"Polygon","coordinates":[[[7.8895,50.277],[7.8825,50.2836],[7.8749,50.2799],[7.8727,50.2736],[7.8577,50.2666],[7.8538,50.2568],[7.8616,50.2521],[7.8703,50.2536],[7.879,50.258],[7.8816,50.2643],[7.8766,50.2705],[7.8766,50.2769],[7.8856,50.2741],[7.8895,50.277]]]},"properties":{"id":"07141082","name":"Lollschied","subdivision":"Rhein-Lahn-Kreis","cx":7.871,"cy":50.264}},
{"type":"Feature","geometry":{"type":"Polygon","coordinates":[[[7.761,50.3069],[7.7629,50.3031],[7.7713,50.3039],[7.7803,50.3077],[7.7739,50.3115],[7.761,50.3069]]]},"properties":{"id":"07141087","name":"Misselberg","subdivision":"Rhein-Lahn-Kreis","cx":7.77,"cy":50.307}},
{"type":"Feature","geometry":{"type":"Polygon","coordinates":[[[7.8699,50.1536],[7.8737,50.1571],[7.8866,50.1598],[7.8951,50.1569],[7.8989,50.1596],[7.8924,50.1618],[7.884,50.1696],[7.8866,50.173],[7.8831,50.1804],[7.8657,50.1731],[7.8591,50.1738],[7.8586,50.1673],[7.8641,50.1638],[7.8669,50.1566],[7.8623,50.1549],[7.8699,50.1536]]]},"properties":{"id":"07141502","name":"Diethardt","subdivision":"Rhein-Lahn-Kreis","cx":7.876,"cy":50.166}},
{"type":"Feature","geometry":{"type":"Polygon","coordinates":[[[7.7739,50.3115],[7.7803,50.3077],[7.788,50.3047],[7.7731,50.2936],[7.771,50.291],[7.7929,50.2919],[7.7949,50.29],[7.8007,50.2868],[7.8117,50.2949],[7.82,50.3049],[7.8294,50.2996],[7.8316,50.3027],[7.8277,50.3111],[7.8355,50.3182],[7.8247,50.319],[7.8272,50.3282],[7.8197,50.3361],[7.823,50.3401],[7.8136,50.3434],[7.8145,50.3471],[7.7953,50.345],[7.7942,50.3332],[7.7876,50.3257],[7.7731,50.3183],[7.7739,50.3115]]]},"properties":{"id":"07141091","name":"Nassau","subdivision":"Rhein-Lahn-Kreis","cx":7.803,"cy":50.316}},
{"type":"Feature","geometry":{"type":"Polygon","coordinates":[[[7.866,50.3332],[7.8568,50.3346],[7.8581,50.3204],[7.8406,50.3203],[7.8355,50.3182],[7.8277,50.3111],[7.8316,50.3027],[7.8346,50.3101],[7.8482,50.3086],[7.8571,50.3158],[7.8654,50.317],[7.8715,50.3226],[7.8733,50.329],[7.8689,50.3324],[7.866,50.3332]]]},"properties":{"id":"07141103","name":"Obernhof","subdivision":"Rhein-Lahn-Kreis","cx":7.864,"cy":50.325}},
{"type":"Feature","geometry":{"type":"Polygon","coordinates":[[[7.7728,50.2728],[7.7737,50.2807],[7.7949,50.29],[7.7929,50.2919],[7.771,50.291],[7.7737,50.2884],[7.7617,50.2838],[7.7623,50.275],[7.7595,50.2725],[7.7654,50.2761],[7.7728,50.2728]]]},"properties":{"id":"07141106","name":"Oberwies","subdivision":"Rhein-Lahn-Kreis","cx":7.769,"cy":50.281}},
{"type":"Feature","geometry":{"type":"MultiPolygon","coordinates":[[[[7.8904,50.2879],[7.8825,50.2836],[7.8895,50.277],[7.9051,50.2813],[7.8939,50.2832],[7.8904,50.2879]]],[[[7.8883,50.2579],[7.8816,50.2643],[7.879,50.258],[7.8703,50.2536],[7.8616,50.2521],[7.8538,50.2568],[7.8508,50.2433],[7.8613,50.24],[7.8765,50.244],[7.8796,50.2486],[7.8883,50.2579]]]]},"properties":{"id":"07141111","name":"Pohl","subdivision":"Rhein-Lahn-Kreis","cx":7.869,"cy":50.248}},
{"type":"Feature","geometry":{"type":"Polygon","coordinates":[[[7.7385,50.2738],[7.742,50.2718],[7.7477,50.2729],[7.7595,50.2725],[7.7623,50.275],[7.7617,50.2838],[7.7737,50.2884],[7.771,50.291],[7.7731,50.2936],[7.7652,50.2968],[7.7539,50.2935],[7.7385,50.2738]]]},"properties":{"id":"07141127","name":"Schweighausen","subdivision":"Rhein-Lahn-Kreis","cx":7.755,"cy":50.283}},
{"type":"Feature","geometry":{"type":"Polygon","coordinates":[[[7.8715,50.3226],[7.8654,50.317],[7.8571,50.3158],[7.8482,50.3086],[7.8346,50.3101],[7.8316,50.3027],[7.8294,50.2996],[7.8379,50.3009],[7.8491,50.2959],[7.8566,50.2972],[7.8543,50.3029],[7.8853,50.3006],[7.8895,50.3047],[7.8887,50.3178],[7.8778,50.3187],[7.8715,50.3226]]]},"properties":{"id":"07141128","name":"Seelbach","subdivision":"Rhein-Lahn-Kreis","cx":7.87,"cy":50.31}},
{"type":"Feature","geometry":{"type":"Polygon","coordinates":[[[7.8566,50.2972],[7.8491,50.2959],[7.8379,50.3009],[7.8294,50.2996],[7.82,50.3049],[7.8117,50.2949],[7.8007,50.2868],[7.8042,50.2796],[7.7996,50.2716],[7.8035,50.2682],[7.8153,50.2665],[7.8314,50.2591],[7.8375,50.2592],[7.8577,50.2666],[7.8727,50.2736],[7.8749,50.2799],[7.863,50.2801],[7.8549,50.2866],[7.8566,50.2972]]]},"properties":{"id":"07141129","name":"Singhofen","subdivision":"Rhein-Lahn-Kreis","cx":7.833,"cy":50.28}},
{"type":"Feature","geometry":{"type":"Polygon","coordinates":[[[7.7539,50.2935],[7.7652,50.2968],[7.7629,50.3031],[7.761,50.3069],[7.7557,50.3071],[7.7309,50.2982],[7.7368,50.2899],[7.7445,50.2973],[7.7539,50.2935]]]},"properties":{"id":"07141132","name":"Sulzbach (Rhein-Lahn-Kreis)","subdivision":"Rhein-Lahn-Kreis","cx":7.753,"cy":50.3}},
{"type":"Feature","geometry":{"type":"Polygon","coordinates":[[[7.8668,50.3462],[7.8575,50.342],[7.8547,50.3444],[7.8397,50.3367],[7.8406,50.3328],[7.8364,50.3233],[7.8292,50.3223],[7.8272,50.3282],[7.8247,50.319],[7.8355,50.3182],[7.8406,50.3203],[7.8581,50.3204],[7.8568,50.3346],[7.862,50.3427],[7.8668,50.3462]]]},"properties":{"id":"07141135","name":"Weinähr","subdivision":"Rhein-Lahn-Kreis","cx":7.848,"cy":50.329}},
{"type":"Feature","geometry":{"type":"Polygon","coordinates":[[[7.865,50.3474],[7.8545,50.3501],[7.853,50.3542],[7.843,50.3509],[7.8268,50.3525],[7.8233,50.3595],[7.8092,50.3593],[7.8074,50.3581],[7.8145,50.3471],[7.8136,50.3434],[7.823,50.3401],[7.8197,50.3361],[7.8272,50.3282],[7.8292,50.3223],[7.8364,50.3233],[7.8406,50.3328],[7.8397,50.3367],[7.8547,50.3444],[7.8575,50.342],[7.8668,50.3462],[7.865,50.3474]]]},"properties":{"id":"07141139","name":"Winden (Rhein-Lahn-Kreis)","subdivision":"Rhein-Lahn-Kreis","cx":7.833,"cy":50.343}},
{"type":"Feature","geometry":{"type":"Polygon","coordinates":[[[7.7787,50.3445],[7.7918,50.3468],[7.8074,50.3581],[7.8092,50.3593],[7.8139,50.3629],[7.7924,50.3607],[7.7871,50.3537],[7.7768,50.35],[7.7787,50.3445]]]},"properties":{"id":"07141141","name":"Zimmerschied","subdivision":"Rhein-Lahn-Kreis","cx":7.793,"cy":50.354}},
{"type":"Feature","geometry":{"type":"Polygon","coordinates":[[[7.8014,50.2606],[7.8066,50.2526],[7.821,50.2465],[7.8314,50.2591],[7.8153,50.2665],[7.8035,50.2682],[7.8014,50.2606]]]},"properties":{"id":"07141009","name":"Berg (Rhein-Lahn-Kreis)","subdivision":"Rhein-Lahn-Kreis","cx":7.815,"cy":50.258}},
{"type":"Feature","geometry":{"type":"Polygon","coordinates":[[[7.8613,50.24],[7.8617,50.2321],[7.8572,50.2289],[7.864,50.2234],[7.8778,50.2231],[7.8874,50.2287],[7.8765,50.244],[7.8613,50.24]]]},"properties":{"id":"07141012","name":"Bettendorf","subdivision":"Rhein-Lahn-Kreis","cx":7.872,"cy":50.232}},
{"type":"Feature","geometry":{"type":"Polygon","coordinates":[[[7.7934,50.1722],[7.8147,50.1818],[7.8246,50.1816],[7.8172,50.1891],[7.8042,50.1945],[7.7927,50.1954],[7.7783,50.1883],[7.7749,50.1838],[7.7865,50.1775],[7.7824,50.1737],[7.7934,50.1722]]]},"properties":{"id":"07141015","name":"Bogel","subdivision":"Rhein-Lahn-Kreis","cx":7.797,"cy":50.185}},
{"type":"Feature","geometry":{"type":"Polygon","coordinates":[[[7.8596,50.2106],[7.8729,50.2002],[7.8808,50.1984],[7.8952,50.199],[7.9056,50.2027],[7.8974,50.2115],[7.8903,50.2126],[7.8883,50.2176],[7.8722,50.2154],[7.8596,50.2106]]]},"properties":{"id":"07141019","name":"Buch (Rhein-Lahn-Kreis)","subdivision":"Rhein-Lahn-Kreis","cx":7.883,"cy":50.207}},
{"type":"Feature","geometry":{"type":"Polygon","coordinates":[[[7.7789,50.2474],[7.7787,50.2415],[7.7726,50.2371],[7.7748,50.2319],[7.7748,50.2314],[7.7851,50.2316],[7.7915,50.238],[7.7867,50.2454],[7.7789,50.2474]]]},"properties":{"id":"07141035","name":"Ehr","subdivision":"Rhein-Lahn-Kreis","cx":7.783,"cy":50.238}},
{"type":"Feature","geometry":{"type":"Polygon","coordinates":[[[7.8148,50.2126],[7.8096,50.2055],[7.8204,50.194],[7.8271,50.1985],[7.8348,50.209],[7.8148,50.2126]]]},"properties":{"id":"07141037","name":"Endlichhofen","subdivision":"Rhein-Lahn-Kreis","cx":7.821,"cy":50.205}},
{"type":"Feature","geometry":{"type":"Polygon","coordinates":[[[7.7162,50.2184],[7.7095,50.2156],[7.7087,50.2051],[7.716,50.1995],[7.7237,50.2033],[7.7233,50.2085],[7.7402,50.2131],[7.7318,50.2172],[7.7162,50.2184]]]},"properties":{"id":"07141040","name":"Eschbach (Rhein-Lahn-Kreis)","subdivision":"Rhein-Lahn-Kreis","cx":7.718,"cy":50.212}},
{"type":"Feature","geometry":{"type":"Polygon","coordinates":[[[7.7342,50.2311],[7.7184,50.2233],[7.7162,50.2184],[7.7318,50.2172],[7.7402,50.2131],[7.7445,50.2054],[7.757,50.2192],[7.7694,50.2188],[7.7748,50.2314],[7.7748,50.2319],[7.76,50.2378],[7.7538,50.2359],[7.7504,50.2334],[7.7342,50.2311]]]},"properties":{"id":"07141047","name":"Gemmerich","subdivision":"Rhein-Lahn-Kreis","cx":7.748,"cy":50.224}},
{"type":"Feature","geometry":{"type":"Polygon","coordinates":[[[7.7445,50.2054],[7.747,50.2015],[7.7448,50.1942],[7.7503,50.1923],[7.7607,50.1972],[7.7693,50.2063],[7.7791,50.2095],[7.7827,50.2133],[7.7906,50.2132],[7.7939,50.215],[7.7925,50.2163],[7.7694,50.2188],[7.757,50.2192],[7.7445,50.2054]]]},"properties":{"id":"07141055","name":"Himmighofen","subdivision":"Rhein-Lahn-Kreis","cx":7.761,"cy":50.21}},
{"type":"Feature","geometry":{"type":"Polygon","coordinates":[[[7.7749,50.1838],[7.7693,50.1743],[7.7511,50.1647],[7.7557,50.162],[7.7598,50.1594],[7.7697,50.1605],[7.7745,50.1669],[7.7824,50.1737],[7.7865,50.1775],[7.7749,50.1838]]]},"properties":{"id":"07141004","name":"Auel","subdivision":"Rhein-Lahn-Kreis","cx":7.769,"cy":50.168}},
{"type":"Feature","geometry":{"type":"Polygon","coordinates":[[[7.9077,50.2337],[7.9024,50.2359],[7.8972,50.2304],[7.8911,50.2289],[7.8889,50.2225],[7.8883,50.2176],[7.8903,50.2126],[7.8974,50.2115],[7.9056,50.2027],[7.9078,50.2008],[7.9208,50.208],[7.9389,50.2101],[7.9516,50.2143],[7.9374,50.2189],[7.9077,50.2337]]]},"properties":{"id":"07141060","name":"Holzhausen an der Haide","subdivision":"Rhein-Lahn-Kreis","cx":7.913,"cy":50.218}},
{"type":"Feature","geometry":{"type":"Polygon","coordinates":[[[7.8577,50.2666],[7.8375,50.2592],[7.8314,50.2591],[7.821,50.2465],[7.8262,50.2408],[7.835,50.2405],[7.8508,50.2433],[7.8538,50.2568],[7.8577,50.2666]]]},"properties":{"id":"07141063","name":"Hunzel","subdivision":"Rhein-Lahn-Kreis","cx":7.84,"cy":50.251}},
{"type":"Feature","geometry":{"type":"Polygon","coordinates":[[[7.7503,50.1923],[7.7504,50.1915],[7.7584,50.1925],[7.7647,50.1886],[7.7746,50.1888],[7.7785,50.194],[7.7919,50.1973],[7.794,50.2029],[7.7906,50.2132],[7.7827,50.2133],[7.7791,50.2095],[7.7693,50.2063],[7.7607,50.1972],[7.7503,50.1923]]]},"properties":{"id":"07141067","name":"Kasdorf","subdivision":"Rhein-Lahn-Kreis","cx":7.775,"cy":50.2}},
{"type":"Feature","geometry":{"type":"Polygon","coordinates":[[[7.7477,50.2729],[7.742,50.2718],[7.7466,50.2667],[7.7432,50.2634],[7.744,50.259],[7.7627,50.2535],[7.7661,50.2608],[7.7617,50.2663],[7.7467,50.27],[7.7477,50.2729]]]},"properties":{"id":"07141070","name":"Kehlbach","subdivision":"Rhein-Lahn-Kreis","cx":7.754,"cy":50.262}},
{"type":"Feature","geometry":{"type":"Polygon","coordinates":[[[7.8591,50.1738],[7.8459,50.1772],[7.8367,50.1778],[7.8354,50.1777],[7.8326,50.1749],[7.8415,50.1614],[7.8494,50.1558],[7.8623,50.1549],[7.8669,50.1566],[7.8641,50.1638],[7.8586,50.1673],[7.8591,50.1738]]]},"properties":{"id":"07141078","name":"Lautert","subdivision":"Rhein-Lahn-Kreis","cx":7.85,"cy":50.166}},
{"type":"Feature","geometry":{"type":"Polygon","coordinates":[[[7.8623,50.1549],[7.8575,50.1464],[7.8525,50.1462],[7.8499,50.1371],[7.8425,50.1342],[7.8406,50.1312],[7.8423,50.1267],[7.854,50.1283],[7.86,50.1276],[7.8684,50.1209],[7.8769,50.1312],[7.8712,50.1369],[7.8701,50.1491],[7.8699,50.1536],[7.8623,50.1549]]]},"properties":{"id":"07141080","name":"Lipporn","subdivision":"Rhein-Lahn-Kreis","cx":7.861,"cy":50.137}},
{"type":"Feature","geometry":{"type":"Polygon","coordinates":[[[7.7867,50.2454],[7.7915,50.238],[7.7851,50.2316],[7.7956,50.2319],[7.8262,50.2408],[7.821,50.2465],[7.8066,50.2526],[7.8014,50.2606],[7.8048,50.2528],[7.7925,50.2455],[7.7867,50.2454]]]},"properties":{"id":"07141084","name":"Marienfels","subdivision":"Rhein-Lahn-Kreis","cx":7.804,"cy":50.242}},
{"type":"Feature","geometry":{"type":"Polygon","coordinates":[[[7.8508,50.2433],[7.835,50.2405],[7.8262,50.2408],[7.7956,50.2319],[7.7995,50.2291],[7.8021,50.2196],[7.7999,50.2172],[7.8148,50.2126],[7.8348,50.209],[7.8391,50.2052],[7.8409,50.209],[7.852,50.2123],[7.8596,50.2106],[7.8722,50.2154],[7.8755,50.2188],[7.8889,50.2225],[7.8911,50.2289],[7.8874,50.2287],[7.8778,50.2231],[7.864,50.2234],[7.8572,50.2289],[7.8617,50.2321],[7.8613,50.24],[7.8508,50.2433]]]},"properties":{"id":"07141085","name":"Miehlen","subdivision":"Rhein-Lahn-Kreis","cx":7.837,"cy":50.225}},
{"type":"Feature","geometry":{"type":"MultiPolygon","coordinates":[[[[7.8831,50.1804],[7.8975,50.1891],[7.9125,50.1955],[7.9078,50.2008],[7.9056,50.2027],[7.8952,50.199],[7.8808,50.1984],[7.8729,50.2002],[7.8596,50.2106],[7.852,50.2123],[7.8409,50.209],[7.8391,50.2052],[7.844,50.1992],[7.8408,50.1962],[7.8456,50.1896],[7.8434,50.1785],[7.8459,50.1772],[7.8591,50.1738],[7.8657,50.1731],[7.8831,50.1804]]],[[[7.8883,50.2176],[7.8889,50.2225],[7.8755,50.2188],[7.8722,50.2154],[7.8883,50.2176]]]]},"properties":{"id":"07141092","name":"Nastätten","subdivision":"Rhein-Lahn-Kreis","cx":7.865,"cy":50.188}},
{"type":"Feature","geometry":{"type":"Polygon","coordinates":[[[7.76,50.2378],[7.7748,50.2319],[7.7726,50.2371],[7.7787,50.2415],[7.7789,50.2474],[7.774,50.2493],[7.7627,50.2535],[7.744,50.259],[7.7432,50.2634],[7.7419,50.2553],[7.755,50.2506],[7.76,50.2378]]]},"properties":{"id":"07141094","name":"Niederbachheim","subdivision":"Rhein-Lahn-Kreis","cx":7.765,"cy":50.245}},
{"type":"Feature","geometry":{"type":"Polygon","coordinates":[[[8.012,50.6341],[8.0212,50.6428],[8.019,50.6532],[8.0168,50.657],[8.0035,50.6599],[8.0005,50.6565],[8.0015,50.6537],[7.9903,50.6426],[7.9933,50.6376],[8.0119,50.637],[8.012,50.6341]]]},"properties":{"id":"07143222","name":"Fehl-Ritzhausen","subdivision":"Westerwaldkreis","cx":8.007,"cy":50.647}},
{"type":"Feature","geometry":{"type":"MultiPolygon","coordinates":[[[[7.7934,50.1722],[7.7984,50.1703],[7.8005,50.1505],[7.8109,50.1465],[7.8199,50.1519],[7.8264,50.1518],[7.8281,50.1571],[7.8182,50.1619],[7.8198,50.1682],[7.831,50.1716],[7.8326,50.1749],[7.8354,50.1777],[7.8263,50.1826],[7.8246,50.1816],[7.8147,50.1818],[7.7934,50.1722]]],[[[7.7997,50.1423],[7.8066,50.142],[7.8096,50.1455],[7.7997,50.1423]]]]},"properties":{"id":"07141097","name":"Niederwallmenach","subdivision":"Rhein-Lahn-Kreis","cx":7.81,"cy":50.167}},
{"type":"Feature","geometry":{"type":"Polygon","coordinates":[[[7.8796,50.2486],[7.8765,50.244],[7.8874,50.2287],[7.8911,50.2289],[7.8972,50.2304],[7.9024,50.2359],[7.9077,50.2337],[7.9144,50.2399],[7.9205,50.2418],[7.9185,50.2536],[7.9113,50.2538],[7.8871,50.252],[7.8796,50.2486]]]},"properties":{"id":"07141104","name":"Obertiefenbach","subdivision":"Rhein-Lahn-Kreis","cx":7.895,"cy":50.243}},
{"type":"Feature","geometry":{"type":"MultiPolygon","coordinates":[[[[7.8326,50.1749],[7.831,50.1716],[7.8198,50.1682],[7.8182,50.1619],[7.8281,50.1571],[7.8341,50.1593],[7.841,50.1538],[7.8495,50.1512],[7.8525,50.1462],[7.8575,50.1464],[7.8623,50.1549],[7.8494,50.1558],[7.8415,50.1614],[7.8326,50.1749]]],[[[7.8459,50.1772],[7.8434,50.1785],[7.8367,50.1778],[7.8459,50.1772]]]]},"properties":{"id":"07141105","name":"Oberwallmenach","subdivision":"Rhein-Lahn-Kreis","cx":7.832,"cy":50.165}},
{"type":"Feature","geometry":{"type":"Polygon","coordinates":[[[7.8204,50.194],[7.8263,50.1826],[7.8354,50.1777],[7.8367,50.1778],[7.8434,50.1785],[7.8456,50.1896],[7.8408,50.1962],[7.844,50.1992],[7.8391,50.2052],[7.8348,50.209],[7.8271,50.1985],[7.8204,50.194]]]},"properties":{"id":"07141107","name":"Oelsberg","subdivision":"Rhein-Lahn-Kreis","cx":7.834,"cy":50.191}},
{"type":"Feature","geometry":{"type":"Polygon","coordinates":[[[7.7748,50.2314],[7.7694,50.2188],[7.7925,50.2163],[7.7939,50.215],[7.7999,50.2172],[7.8021,50.2196],[7.7995,50.2291],[7.7956,50.2319],[7.7851,50.2316],[7.7748,50.2314]]]},"properties":{"id":"07141110","name":"Hainau","subdivision":"Rhein-Lahn-Kreis","cx":7.787,"cy":50.224}},
{"type":"Feature","geometry":{"type":"Polygon","coordinates":[[[7.8525,50.1462],[7.8495,50.1512],[7.841,50.1538],[7.8341,50.1593],[7.8281,50.1571],[7.8264,50.1518],[7.8199,50.1519],[7.8109,50.1465],[7.8096,50.1455],[7.8066,50.142],[7.818,50.1437],[7.8258,50.1374],[7.8372,50.1369],[7.8425,50.1342],[7.8499,50.1371],[7.8525,50.1462]]]},"properties":{"id":"07141116","name":"Rettershain","subdivision":"Rhein-Lahn-Kreis","cx":7.834,"cy":50.146}},
{"type":"Feature","geometry":{"type":"Polygon","coordinates":[[[7.8246,50.1816],[7.8263,50.1826],[7.8204,50.194],[7.8096,50.2055],[7.8148,50.2126],[7.7999,50.2172],[7.7939,50.215],[7.7906,50.2132],[7.794,50.2029],[7.7919,50.1973],[7.7785,50.194],[7.7746,50.1888],[7.7783,50.1883],[7.7927,50.1954],[7.8042,50.1945],[7.8172,50.1891],[7.8246,50.1816]]]},"properties":{"id":"07141120","name":"Ruppertshofen","subdivision":"Rhein-Lahn-Kreis","cx":7.803,"cy":50.202}},
{"type":"Feature","geometry":{"type":"MultiPolygon","coordinates":[[[[7.8951,50.1569],[7.9027,50.1585],[7.8989,50.1596],[7.8951,50.1569]]],[[[7.8769,50.1312],[7.8903,50.1357],[7.8983,50.1365],[7.9141,50.1423],[7.9173,50.1492],[7.9138,50.1511],[7.9096,50.1439],[7.9011,50.1496],[7.8745,50.1504],[7.8701,50.1491],[7.8712,50.1369],[7.8769,50.1312]]]]},"properties":{"id":"07141131","name":"Strüth","subdivision":"Rhein-Lahn-Kreis","cx":7.885,"cy":50.142}},
{"type":"Feature","geometry":{"type":"Polygon","coordinates":[[[7.8699,50.1536],[7.8701,50.1491],[7.8745,50.1504],[7.9011,50.1496],[7.9116,50.1523],[7.9027,50.1585],[7.8951,50.1569],[7.8866,50.1598],[7.8737,50.1571],[7.8699,50.1536]]]},"properties":{"id":"07141134","name":"Weidenbach (Rhein-Lahn-Kreis)","subdivision":"Rhein-Lahn-Kreis","cx":7.889,"cy":50.154}},
{"type":"Feature","geometry":{"type":"MultiPolygon","coordinates":[[[[7.8684,50.1209],[7.8847,50.1144],[7.9007,50.1223],[7.9092,50.1184],[7.9201,50.1084],[7.9277,50.1193],[7.9232,50.126],[7.9225,50.1346],[7.9329,50.1439],[7.9173,50.1492],[7.9141,50.1423],[7.8983,50.1365],[7.8903,50.1357],[7.8769,50.1312],[7.8684,50.1209]]],[[[7.9138,50.1511],[7.9116,50.1523],[7.9011,50.1496],[7.9096,50.1439],[7.9138,50.1511]]]]},"properties":{"id":"07141137","name":"Welterod","subdivision":"Rhein-Lahn-Kreis","cx":7.909,"cy":50.13}},
{"type":"Feature","geometry":{"type":"Polygon","coordinates":[[[7.7369,50.121],[7.7576,50.1102],[7.7782,50.1176],[7.7836,50.1202],[7.7895,50.1309],[7.7983,50.1389],[7.7962,50.1423],[7.7889,50.1464],[7.7757,50.1486],[7.7694,50.141],[7.7605,50.1353],[7.7496,50.146],[7.7365,50.1479],[7.7329,50.1406],[7.74,50.1379],[7.7445,50.1276],[7.7369,50.121]]]},"properties":{"id":"07141016","name":"Bornich","subdivision":"Rhein-Lahn-Kreis","cx":7.768,"cy":50.127}},
{"type":"Feature","geometry":{"type":"Polygon","coordinates":[[[7.7394,50.2828],[7.7289,50.2858],[7.7227,50.2847],[7.7291,50.2819],[7.7315,50.2719],[7.7155,50.2652],[7.71,50.2691],[7.703,50.2687],[7.7059,50.263],[7.6999,50.2582],[7.6854,50.2537],[7.6876,50.2399],[7.6951,50.238],[7.7042,50.2411],[7.7126,50.2411],[7.7157,50.2443],[7.7355,50.2493],[7.7419,50.2553],[7.7432,50.2634],[7.7466,50.2667],[7.742,50.2718],[7.7385,50.2738],[7.7394,50.2828]]]},"properties":{"id":"07141023","name":"Dachsenhausen","subdivision":"Rhein-Lahn-Kreis","cx":7.718,"cy":50.256}},
{"type":"Feature","geometry":{"type":"Polygon","coordinates":[[[7.7162,50.2184],[7.7184,50.2233],[7.707,50.2271],[7.7023,50.2264],[7.6941,50.2291],[7.6825,50.2258],[7.6896,50.2193],[7.6776,50.2174],[7.6723,50.2144],[7.6771,50.2114],[7.6792,50.2057],[7.6787,50.2046],[7.6867,50.2016],[7.7044,50.2003],[7.7049,50.1948],[7.7127,50.1944],[7.716,50.1995],[7.7087,50.2051],[7.7095,50.2156],[7.7162,50.2184]]]},"properties":{"id":"07141024","name":"Dahlheim","subdivision":"Rhein-Lahn-Kreis","cx":7.697,"cy":50.213}},
{"type":"Feature","geometry":{"type":"MultiPolygon","coordinates":[[[[7.8406,50.1312],[7.8292,50.1227],[7.8281,50.1119],[7.8352,50.11],[7.8431,50.1117],[7.8449,50.1235],[7.8423,50.1267],[7.8406,50.1312]]],[[[7.7369,50.121],[7.7295,50.1136],[7.7476,50.1034],[7.7618,50.0924],[7.7719,50.0999],[7.7795,50.1025],[7.7866,50.1015],[7.7825,50.1037],[7.7782,50.1176],[7.7576,50.1102],[7.7369,50.121]]]]},"properties":{"id":"07141031","name":"Dörscheid","subdivision":"Rhein-Lahn-Kreis","cx":7.76,"cy":50.103}},
{"type":"Feature","geometry":{"type":"Polygon","coordinates":[[[7.59,50.234],[7.5901,50.2384],[7.6066,50.2401],[7.5927,50.2434],[7.5882,50.2488],[7.5782,50.2411],[7.5802,50.2368],[7.59,50.234]]]},"properties":{"id":"07141042","name":"Filsen","subdivision":"Rhein-Lahn-Kreis","cx":7.588,"cy":50.242}},
{"type":"Feature","geometry":{"type":"Polygon","coordinates":[[[7.6435,50.201],[7.6505,50.2028],[7.6434,50.2095],[7.6495,50.212],[7.6547,50.2155],[7.6642,50.2171],[7.6723,50.2144],[7.6776,50.2174],[7.6896,50.2193],[7.6825,50.2258],[7.6941,50.2291],[7.7023,50.2264],[7.6922,50.231],[7.6722,50.2287],[7.6605,50.2252],[7.6537,50.2254],[7.6448,50.2332],[7.6362,50.2369],[7.6066,50.2401],[7.5901,50.2384],[7.59,50.234],[7.6039,50.2327],[7.6153,50.2254],[7.6198,50.2172],[7.6405,50.2048],[7.6435,50.201]],[[7.6426,50.22],[7.6599,50.2225],[7.6598,50.2194],[7.6483,50.2182],[7.6426,50.22]]]},"properties":{"id":"07141066","name":"Kamp-Bornhofen","subdivision":"Rhein-Lahn-Kreis","cx":7.633,"cy":50.226}},
{"type":"Feature","geometry":{"type":"Polygon","coordinates":[[[7.7648,50.0826],[7.7715,50.0779],[7.774,50.0665],[7.7822,50.0666],[7.7888,50.0731],[7.7962,50.0766],[7.8042,50.0865],[7.8042,50.0903],[7.8144,50.0985],[7.8257,50.097],[7.8301,50.0932],[7.8313,50.0995],[7.8377,50.1073],[7.8352,50.11],[7.8281,50.1119],[7.8137,50.103],[7.8045,50.1066],[7.7866,50.1015],[7.7795,50.1025],[7.7719,50.0999],[7.7618,50.0924],[7.7476,50.1034],[7.7295,50.1136],[7.7369,50.121],[7.7318,50.1235],[7.7226,50.1171],[7.7248,50.111],[7.744,50.0998],[7.7648,50.0826]]]},"properties":{"id":"07141069","name":"Kaub","subdivision":"Rhein-Lahn-Kreis","cx":7.783,"cy":50.088}},
{"type":"Feature","geometry":{"type":"Polygon","coordinates":[[[7.9723,50.6405],[7.9622,50.6397],[7.958,50.63],[7.9699,50.6283],[7.9793,50.6306],[7.9776,50.6379],[7.9723,50.6405]]]},"properties":{"id":"07143227","name":"Großseifen","subdivision":"Westerwaldkreis","cx":7.969,"cy":50.634}},
{"type":"Feature","geometry":{"type":"MultiPolygon","coordinates":[[[[7.6621,50.1734],[7.6707,50.1759],[7.6756,50.1831],[7.6733,50.2004],[7.661,50.2017],[7.6529,50.1995],[7.6495,50.212],[7.6434,50.2095],[7.6505,50.2028],[7.6435,50.201],[7.6465,50.1922],[7.6439,50.1828],[7.6482,50.1775],[7.6621,50.1734]]],[[[7.6787,50.2046],[7.6739,50.2045],[7.6798,50.1996],[7.6867,50.2016],[7.6787,50.2046]]],[[[7.6426,50.22],[7.6483,50.2182],[7.6598,50.2194],[7.6599,50.2225],[7.6426,50.22]]]]},"properties":{"id":"07141072","name":"Kestert","subdivision":"Rhein-Lahn-Kreis","cx":7.659,"cy":50.189}},
{"type":"Feature","geometry":{"type":"Polygon","coordinates":[[[7.7783,50.1883],[7.7746,50.1888],[7.7647,50.1886],[7.7517,50.1802],[7.7405,50.1768],[7.7252,50.1682],[7.7237,50.1604],[7.7346,50.1593],[7.7511,50.1647],[7.7693,50.1743],[7.7749,50.1838],[7.7783,50.1883]]]},"properties":{"id":"07141079","name":"Lierschied","subdivision":"Rhein-Lahn-Kreis","cx":7.751,"cy":50.173}},
{"type":"Feature","geometry":{"type":"Polygon","coordinates":[[[7.6792,50.2057],[7.6771,50.2114],[7.6723,50.2144],[7.6642,50.2171],[7.6547,50.2155],[7.6495,50.212],[7.6529,50.1995],[7.661,50.2017],[7.6733,50.2004],[7.6739,50.2045],[7.6787,50.2046],[7.6792,50.2057]]]},"properties":{"id":"07141083","name":"Lykershausen","subdivision":"Rhein-Lahn-Kreis","cx":7.664,"cy":50.208}},
{"type":"Feature","geometry":{"type":"Polygon","coordinates":[[[7.7504,50.1915],[7.7427,50.1907],[7.7294,50.1847],[7.7142,50.1862],[7.7085,50.1813],[7.7007,50.184],[7.7092,50.1769],[7.7027,50.1733],[7.7168,50.1588],[7.7237,50.1604],[7.7252,50.1682],[7.7405,50.1768],[7.7517,50.1802],[7.7647,50.1886],[7.7584,50.1925],[7.7504,50.1915]]]},"properties":{"id":"07141099","name":"Nochern","subdivision":"Rhein-Lahn-Kreis","cx":7.722,"cy":50.177}},
{"type":"Feature","geometry":{"type":"Polygon","coordinates":[[[7.7126,50.2411],[7.7042,50.2411],[7.6951,50.238],[7.6876,50.2399],[7.6638,50.2451],[7.6493,50.2512],[7.6357,50.2456],[7.6006,50.2502],[7.5882,50.2488],[7.5927,50.2434],[7.6066,50.2401],[7.6362,50.2369],[7.6448,50.2332],[7.6537,50.2254],[7.6605,50.2252],[7.6722,50.2287],[7.6922,50.231],[7.7023,50.2264],[7.707,50.2271],[7.7184,50.2233],[7.7342,50.2311],[7.7222,50.2337],[7.7126,50.2411]]]},"properties":{"id":"07141108","name":"Osterspai","subdivision":"Rhein-Lahn-Kreis","cx":7.662,"cy":50.236}},
{"type":"Feature","geometry":{"type":"Polygon","coordinates":[[[7.7511,50.1647],[7.7346,50.1593],[7.7271,50.1563],[7.735,50.1523],[7.7365,50.1479],[7.7496,50.146],[7.7567,50.1584],[7.7557,50.162],[7.7511,50.1647]]]},"properties":{"id":"07141109","name":"Patersberg","subdivision":"Rhein-Lahn-Kreis","cx":7.744,"cy":50.155}},
{"type":"Feature","geometry":{"type":"Polygon","coordinates":[[[7.6867,50.2016],[7.6798,50.1996],[7.6739,50.2045],[7.6733,50.2004],[7.6756,50.1831],[7.6707,50.1759],[7.6784,50.1784],[7.6833,50.1757],[7.6992,50.1918],[7.7049,50.1948],[7.7044,50.2003],[7.6867,50.2016]]]},"properties":{"id":"07141112","name":"Prath","subdivision":"Rhein-Lahn-Kreis","cx":7.686,"cy":50.191}},
{"type":"Feature","geometry":{"type":"Polygon","coordinates":[[[7.7557,50.162],[7.7567,50.1584],[7.7496,50.146],[7.7605,50.1353],[7.7694,50.141],[7.7757,50.1486],[7.7662,50.158],[7.7754,50.1631],[7.7745,50.1669],[7.7697,50.1605],[7.7598,50.1594],[7.7557,50.162]]]},"properties":{"id":"07141114","name":"Reichenberg","subdivision":"Rhein-Lahn-Kreis","cx":7.763,"cy":50.149}},
{"type":"Feature","geometry":{"type":"Polygon","coordinates":[[[7.7824,50.1737],[7.7745,50.1669],[7.7754,50.1631],[7.7662,50.158],[7.7757,50.1486],[7.7889,50.1464],[7.7962,50.1423],[7.7997,50.1423],[7.8096,50.1455],[7.8109,50.1465],[7.8005,50.1505],[7.7984,50.1703],[7.7934,50.1722],[7.7824,50.1737]]]},"properties":{"id":"07141115","name":"Reitzenhain","subdivision":"Rhein-Lahn-Kreis","cx":7.788,"cy":50.158}},
{"type":"Feature","geometry":{"type":"Polygon","coordinates":[[[7.6687,50.1717],[7.6883,50.1698],[7.7027,50.1637],[7.7094,50.1558],[7.7227,50.149],[7.7259,50.1387],[7.7376,50.1335],[7.7387,50.1295],[7.7318,50.1235],[7.7369,50.121],[7.7445,50.1276],[7.74,50.1379],[7.7329,50.1406],[7.7365,50.1479],[7.735,50.1523],[7.7271,50.1563],[7.7346,50.1593],[7.7237,50.1604],[7.7168,50.1588],[7.7027,50.1733],[7.7092,50.1769],[7.7007,50.184],[7.7127,50.1944],[7.7049,50.1948],[7.6992,50.1918],[7.6833,50.1757],[7.6784,50.1784],[7.6707,50.1759],[7.6621,50.1734],[7.6687,50.1717]]]},"properties":{"id":"07141121","name":"Sankt Goarshausen","subdivision":"Rhein-Lahn-Kreis","cx":7.695,"cy":50.175}},
{"type":"Feature","geometry":{"type":"Polygon","coordinates":[[[7.7962,50.0766],[7.8035,50.0846],[7.8146,50.0834],[7.8168,50.0807],[7.8316,50.0818],[7.8392,50.0875],[7.8301,50.0932],[7.8257,50.097],[7.8144,50.0985],[7.8042,50.0903],[7.8042,50.0865],[7.7962,50.0766]]]},"properties":{"id":"07141122","name":"Sauerthal","subdivision":"Rhein-Lahn-Kreis","cx":7.82,"cy":50.089}},
{"type":"Feature","geometry":{"type":"MultiPolygon","coordinates":[[[[7.8423,50.1267],[7.8449,50.1235],[7.854,50.1283],[7.8423,50.1267]]],[[[7.8425,50.1342],[7.8372,50.1369],[7.8258,50.1374],[7.818,50.1437],[7.8066,50.142],[7.7997,50.1423],[7.7962,50.1423],[7.7983,50.1389],[7.7895,50.1309],[7.7836,50.1202],[7.7782,50.1176],[7.7825,50.1037],[7.7866,50.1015],[7.8045,50.1066],[7.8137,50.103],[7.8281,50.1119],[7.8292,50.1227],[7.8406,50.1312],[7.8425,50.1342]]]]},"properties":{"id":"07141136","name":"Weisel","subdivision":"Rhein-Lahn-Kreis","cx":7.808,"cy":50.123}},
{"type":"Feature","geometry":{"type":"Polygon","coordinates":[[[7.716,50.1995],[7.7127,50.1944],[7.7007,50.184],[7.7085,50.1813],[7.7142,50.1862],[7.7294,50.1847],[7.7427,50.1907],[7.7504,50.1915],[7.7503,50.1923],[7.7448,50.1942],[7.747,50.2015],[7.7445,50.2054],[7.7402,50.2131],[7.7233,50.2085],[7.7237,50.2033],[7.716,50.1995]]]},"properties":{"id":"07141138","name":"Weyer","subdivision":"Rhein-Lahn-Kreis","cx":7.732,"cy":50.197}},
{"type":"Feature","geometry":{"type":"MultiPolygon","coordinates":[[[[7.6414,50.2711],[7.6484,50.2658],[7.6521,50.2571],[7.6493,50.2512],[7.6638,50.2451],[7.6876,50.2399],[7.6854,50.2537],[7.6999,50.2582],[7.7059,50.263],[7.703,50.2687],[7.6854,50.2776],[7.6661,50.2896],[7.6476,50.2918],[7.6373,50.2896],[7.6266,50.2801],[7.6289,50.2786],[7.6414,50.2711]]],[[[7.71,50.2691],[7.7155,50.2652],[7.7315,50.2719],[7.7291,50.2819],[7.7227,50.2847],[7.7183,50.2807],[7.7054,50.2768],[7.71,50.2691]]]]},"properties":{"id":"07141501","name":"Braubach","subdivision":"Rhein-Lahn-Kreis","cx":7.667,"cy":50.268}},
{"type":"Feature","geometry":{"type":"Polygon","coordinates":[[[7.9723,50.6405],[7.9726,50.6464],[7.9679,50.651],[7.9781,50.6546],[7.9751,50.6589],[7.975,50.6673],[7.9561,50.6666],[7.9482,50.6643],[7.9386,50.6609],[7.9382,50.6586],[7.9204,50.6441],[7.9244,50.6392],[7.9309,50.6402],[7.9339,50.6341],[7.9467,50.6352],[7.9569,50.6308],[7.958,50.63],[7.9622,50.6397],[7.9723,50.6405]]]},"properties":{"id":"07143206","name":"Bad Marienberg (Westerwald)","subdivision":"Westerwaldkreis","cx":7.952,"cy":50.65}},
{"type":"Feature","geometry":{"type":"Polygon","coordinates":[[[7.9386,50.6609],[7.9231,50.6648],[7.9255,50.6716],[7.9212,50.6737],[7.9099,50.6702],[7.9064,50.6664],[7.9161,50.6614],[7.9319,50.661],[7.9382,50.6586],[7.9386,50.6609]]]},"properties":{"id":"07143211","name":"Bölsberg","subdivision":"Westerwaldkreis","cx":7.918,"cy":50.667}},
{"type":"Feature","geometry":{"type":"Polygon","coordinates":[[[7.924,50.6083],[7.9584,50.6087],[7.9656,50.6124],[7.9477,50.6133],[7.9369,50.6238],[7.9336,50.6233],[7.9178,50.6265],[7.9097,50.6233],[7.9099,50.6155],[7.924,50.6083]]]},"properties":{"id":"07143216","name":"Dreisbach","subdivision":"Westerwaldkreis","cx":7.931,"cy":50.616}},
{"type":"Feature","geometry":{"type":"Polygon","coordinates":[[[7.7367,50.643],[7.7315,50.6365],[7.7311,50.6185],[7.7376,50.6194],[7.7628,50.6154],[7.7674,50.6186],[7.7765,50.6189],[7.771,50.6278],[7.7559,50.6346],[7.751,50.6348],[7.7367,50.643]]]},"properties":{"id":"07143241","name":"Höchstenbach","subdivision":"Westerwaldkreis","cx":7.746,"cy":50.627}},
{"type":"Feature","geometry":{"type":"Polygon","coordinates":[[[7.9339,50.6341],[7.9178,50.6265],[7.9336,50.6233],[7.9363,50.6267],[7.9459,50.6273],[7.9569,50.6308],[7.9467,50.6352],[7.9339,50.6341]]]},"properties":{"id":"07143231","name":"Hahn bei Marienberg","subdivision":"Westerwaldkreis","cx":7.933,"cy":50.629}},
{"type":"Feature","geometry":{"type":"Polygon","coordinates":[[[7.9204,50.6441],[7.9145,50.643],[7.9147,50.6374],[7.9087,50.6298],[7.9097,50.6233],[7.9178,50.6265],[7.9339,50.6341],[7.9309,50.6402],[7.9244,50.6392],[7.9204,50.6441]]]},"properties":{"id":"07143234","name":"Hardt","subdivision":"Westerwaldkreis","cx":7.92,"cy":50.634}},
{"type":"Feature","geometry":{"type":"Polygon","coordinates":[[[8.0052,50.6883],[8.0016,50.6825],[7.9929,50.676],[7.9845,50.6757],[7.9868,50.6678],[7.9969,50.669],[7.997,50.6627],[8.0035,50.6599],[8.0168,50.657],[8.024,50.6621],[8.0302,50.6636],[8.0377,50.6716],[8.035,50.678],[8.0287,50.6784],[8.0207,50.6843],[8.0213,50.6886],[8.0284,50.697],[8.0272,50.6964],[8.018,50.6917],[8.0052,50.6883]]]},"properties":{"id":"07143243","name":"Hof","subdivision":"Westerwaldkreis","cx":8.013,"cy":50.674}},
{"type":"Feature","geometry":{"type":"Polygon","coordinates":[[[7.9482,50.6643],[7.9484,50.6717],[7.9362,50.6814],[7.9424,50.6883],[7.9419,50.6878],[7.9225,50.6799],[7.9106,50.6777],[7.9099,50.6702],[7.9212,50.6737],[7.9255,50.6716],[7.9231,50.6648],[7.9386,50.6609],[7.9482,50.6643]]]},"properties":{"id":"07143248","name":"Kirburg","subdivision":"Westerwaldkreis","cx":7.934,"cy":50.673}},
{"type":"Feature","geometry":{"type":"MultiPolygon","coordinates":[[[[7.9272,50.7117],[7.9212,50.7091],[7.9216,50.7033],[7.9343,50.6949],[7.9457,50.6937],[7.9487,50.6887],[7.9654,50.6814],[7.9686,50.6927],[7.9465,50.7091],[7.9272,50.7117]]],[[[7.9424,50.6883],[7.9278,50.6922],[7.9244,50.69],[7.9419,50.6878],[7.9424,50.6883]]]]},"properties":{"id":"07143253","name":"Langenbach bei Kirburg","subdivision":"Westerwaldkreis","cx":7.946,"cy":50.701}},
{"type":"Feature","geometry":{"type":"Polygon","coordinates":[[[7.9654,50.6814],[7.9487,50.6887],[7.9424,50.6883],[7.9362,50.6814],[7.9484,50.6717],[7.9482,50.6643],[7.9561,50.6666],[7.975,50.6673],[7.9743,50.6762],[7.9654,50.6814]]]},"properties":{"id":"07143255","name":"Lautzenbrücken","subdivision":"Westerwaldkreis","cx":7.956,"cy":50.676}},
{"type":"Feature","geometry":{"type":"Polygon","coordinates":[[[7.8929,50.6818],[7.8959,50.685],[7.9095,50.6857],[7.9096,50.6893],[7.8949,50.6945],[7.8869,50.7024],[7.8857,50.7086],[7.8822,50.6955],[7.8745,50.6882],[7.886,50.6859],[7.8929,50.6818]]]},"properties":{"id":"07143264","name":"Mörlen","subdivision":"Westerwaldkreis","cx":7.89,"cy":50.691}},
{"type":"Feature","geometry":{"type":"Polygon","coordinates":[[[7.9066,50.7189],[7.8909,50.7158],[7.8857,50.7086],[7.8869,50.7024],[7.8949,50.6945],[7.9096,50.6893],[7.9244,50.69],[7.9278,50.6922],[7.9424,50.6883],[7.9487,50.6887],[7.9457,50.6937],[7.9343,50.6949],[7.9216,50.7033],[7.9212,50.7091],[7.9272,50.7117],[7.9163,50.7168],[7.9066,50.7189]]]},"properties":{"id":"07143270","name":"Neunkhausen","subdivision":"Westerwaldkreis","cx":7.909,"cy":50.703}},
{"type":"Feature","geometry":{"type":"Polygon","coordinates":[[[7.9743,50.6762],[7.975,50.6673],[7.9751,50.6589],[7.9781,50.6546],[7.9957,50.6546],[8.0005,50.6565],[8.0035,50.6599],[7.997,50.6627],[7.9969,50.669],[7.9868,50.6678],[7.9845,50.6757],[7.9743,50.6762]]]},"properties":{"id":"07143277","name":"Nisterau","subdivision":"Westerwaldkreis","cx":7.986,"cy":50.661}},
{"type":"Feature","geometry":{"type":"Polygon","coordinates":[[[7.9097,50.6233],[7.9087,50.6298],[7.9147,50.6374],[7.9145,50.643],[7.9067,50.638],[7.8974,50.637],[7.8874,50.6445],[7.887,50.64],[7.8933,50.6332],[7.8832,50.6274],[7.896,50.6132],[7.9099,50.6155],[7.9097,50.6233]]]},"properties":{"id":"07143279","name":"Nistertal","subdivision":"Westerwaldkreis","cx":7.9,"cy":50.627}},
{"type":"Feature","geometry":{"type":"Polygon","coordinates":[[[7.8892,50.6787],[7.8766,50.671],[7.8713,50.6709],[7.8802,50.6688],[7.8875,50.662],[7.8966,50.6611],[7.9064,50.6664],[7.9099,50.6702],[7.9106,50.6777],[7.9225,50.6799],[7.9419,50.6878],[7.9244,50.69],[7.9096,50.6893],[7.9095,50.6857],[7.8959,50.685],[7.8929,50.6818],[7.8892,50.6787]]]},"properties":{"id":"07143280","name":"Norken","subdivision":"Westerwaldkreis","cx":7.901,"cy":50.676}},
{"type":"Feature","geometry":{"type":"Polygon","coordinates":[[[8.0005,50.6565],[7.9957,50.6546],[7.9781,50.6546],[7.9679,50.651],[7.9726,50.6464],[7.9723,50.6405],[7.9776,50.6379],[7.9793,50.6306],[7.9933,50.6376],[7.9903,50.6426],[8.0015,50.6537],[8.0005,50.6565]]]},"properties":{"id":"07143297","name":"Stockhausen-Illfurth","subdivision":"Westerwaldkreis","cx":7.983,"cy":50.646}},
{"type":"Feature","geometry":{"type":"Polygon","coordinates":[[[7.9382,50.6586],[7.9319,50.661],[7.9161,50.6614],[7.9064,50.6664],[7.8966,50.6611],[7.8875,50.662],[7.8802,50.6688],[7.8713,50.6709],[7.8593,50.6678],[7.8729,50.6648],[7.8729,50.6613],[7.8786,50.6589],[7.889,50.6496],[7.8874,50.6445],[7.8974,50.637],[7.9067,50.638],[7.9145,50.643],[7.9204,50.6441],[7.9382,50.6586]]]},"properties":{"id":"07143300","name":"Unnau","subdivision":"Westerwaldkreis","cx":7.904,"cy":50.652}},
{"type":"Feature","geometry":{"type":"MultiPolygon","coordinates":[[[[7.8874,50.6445],[7.889,50.6496],[7.8786,50.6589],[7.8729,50.6613],[7.8628,50.6529],[7.8519,50.6482],[7.8455,50.6336],[7.8436,50.6239],[7.85,50.6187],[7.8616,50.622],[7.8654,50.6159],[7.873,50.6143],[7.8783,50.6179],[7.8832,50.6274],[7.8933,50.6332],[7.887,50.64],[7.8874,50.6445]]],[[[7.8392,50.6226],[7.8272,50.6191],[7.8264,50.6142],[7.8377,50.6169],[7.8392,50.6226]]]]},"properties":{"id":"07143202","name":"Alpenrod","subdivision":"Westerwaldkreis","cx":7.868,"cy":50.637}},
{"type":"Feature","geometry":{"type":"Polygon","coordinates":[[[7.7923,50.6888],[7.7936,50.6907],[7.7856,50.6989],[7.7719,50.6984],[7.7664,50.6919],[7.7698,50.6844],[7.7815,50.6856],[7.7923,50.6888]]]},"properties":{"id":"07143204","name":"Astert","subdivision":"Westerwaldkreis","cx":7.779,"cy":50.692}},
{"type":"Feature","geometry":{"type":"Polygon","coordinates":[[[7.8139,50.7057],[7.8117,50.6963],[7.8203,50.6925],[7.8323,50.6905],[7.8378,50.6855],[7.8474,50.6843],[7.8531,50.693],[7.8568,50.6945],[7.8312,50.7007],[7.8169,50.7004],[7.8148,50.7038],[7.8139,50.7057]]]},"properties":{"id":"07143205","name":"Atzelgift","subdivision":"Westerwaldkreis","cx":7.838,"cy":50.693}},
{"type":"Feature","geometry":{"type":"Polygon","coordinates":[[[7.691,50.6626],[7.7011,50.6581],[7.7225,50.659],[7.7237,50.6716],[7.7175,50.6723],[7.7025,50.6748],[7.6961,50.673],[7.691,50.6626]]]},"properties":{"id":"07143212","name":"Borod","subdivision":"Westerwaldkreis","cx":7.708,"cy":50.666}},
{"type":"Feature","geometry":{"type":"Polygon","coordinates":[[[7.8288,50.6022],[7.8227,50.5987],[7.8164,50.6003],[7.8181,50.5858],[7.8274,50.5798],[7.8417,50.5806],[7.8554,50.5845],[7.8606,50.5898],[7.8502,50.5967],[7.8288,50.6022]]]},"properties":{"id":"07143215","name":"Dreifelden","subdivision":"Westerwaldkreis","cx":7.836,"cy":50.59}},
{"type":"Feature","geometry":{"type":"Polygon","coordinates":[[[7.8455,50.6336],[7.8408,50.6413],[7.8322,50.6481],[7.8198,50.6448],[7.8121,50.6268],[7.8272,50.6191],[7.8392,50.6226],[7.8436,50.6239],[7.8455,50.6336]]]},"properties":{"id":"07143223","name":"Gehlert","subdivision":"Westerwaldkreis","cx":7.829,"cy":50.633}},
{"type":"Feature","geometry":{"type":"Polygon","coordinates":[[[7.6989,50.708],[7.6959,50.7047],[7.7003,50.6938],[7.7166,50.6931],[7.7246,50.6895],[7.7285,50.7003],[7.735,50.7067],[7.7348,50.7105],[7.7262,50.7102],[7.7246,50.716],[7.7152,50.716],[7.6989,50.708]]]},"properties":{"id":"07143225","name":"Giesenhausen","subdivision":"Westerwaldkreis","cx":7.715,"cy":50.703}},
{"type":"Feature","geometry":{"type":"Polygon","coordinates":[[[7.8593,50.6678],[7.8526,50.6742],[7.8293,50.6677],[7.8186,50.6751],[7.8021,50.6748],[7.7962,50.6684],[7.7871,50.6595],[7.7905,50.651],[7.7888,50.6477],[7.7998,50.6436],[7.7992,50.6333],[7.7897,50.6262],[7.7881,50.6219],[7.7835,50.6157],[7.7851,50.6136],[7.7951,50.6121],[7.8051,50.6138],[7.8121,50.6268],[7.8198,50.6448],[7.8322,50.6481],[7.8408,50.6413],[7.8455,50.6336],[7.8519,50.6482],[7.8628,50.6529],[7.8729,50.6613],[7.8729,50.6648],[7.8593,50.6678]]]},"properties":{"id":"07143229","name":"Hachenburg","subdivision":"Westerwaldkreis","cx":7.815,"cy":50.659}},
{"type":"Feature","geometry":{"type":"Polygon","coordinates":[[[7.7261,50.6825],[7.7366,50.6827],[7.7493,50.694],[7.7487,50.7011],[7.7553,50.7024],[7.7431,50.7093],[7.7348,50.7105],[7.735,50.7067],[7.7285,50.7003],[7.7246,50.6895],[7.7261,50.6825]]]},"properties":{"id":"07143250","name":"Kroppach","subdivision":"Westerwaldkreis","cx":7.738,"cy":50.696}},
{"type":"Feature","geometry":{"type":"Polygon","coordinates":[[[8.3405,49.82],[8.3374,49.8117],[8.3413,49.8097],[8.3608,49.8116],[8.3846,49.8173],[8.3778,49.8275],[8.3625,49.8198],[8.3518,49.8186],[8.3405,49.82]]]},"properties":{"id":"07339035","name":"Ludwigshöhe","subdivision":"Mainz-Bingen","cx":8.372,"cy":49.819}},
{"type":"Feature","geometry":{"type":"Polygon","coordinates":[[[8.2472,49.8815],[8.2624,49.8749],[8.274,49.8657],[8.29,49.8692],[8.2897,49.8785],[8.2861,49.8882],[8.2775,49.8983],[8.2527,49.8966],[8.2487,49.8954],[8.2512,49.8877],[8.2472,49.8815]]]},"properties":{"id":"07339037","name":"Mommenheim","subdivision":"Mainz-Bingen","cx":8.271,"cy":49.884}},
{"type":"Feature","geometry":{"type":"Polygon","coordinates":[[[7.7962,50.6684],[7.7894,50.6733],[7.7663,50.678],[7.7534,50.6743],[7.7465,50.6603],[7.74,50.6551],[7.7396,50.6489],[7.7424,50.6476],[7.7565,50.6497],[7.7702,50.6517],[7.7793,50.6468],[7.7892,50.6346],[7.7874,50.6274],[7.7881,50.6219],[7.7897,50.6262],[7.7992,50.6333],[7.7998,50.6436],[7.7888,50.6477],[7.7905,50.651],[7.7871,50.6595],[7.7962,50.6684]]]},"properties":{"id":"07143235","name":"Hattert","subdivision":"Westerwaldkreis","cx":7.773,"cy":50.663}},
{"type":"Feature","geometry":{"type":"Polygon","coordinates":[[[7.7553,50.7024],[7.7591,50.7069],[7.7827,50.7022],[7.7902,50.7091],[7.778,50.7135],[7.769,50.7189],[7.7636,50.7173],[7.7497,50.7195],[7.7431,50.7093],[7.7553,50.7024]]]},"properties":{"id":"07143236","name":"Heimborn","subdivision":"Westerwaldkreis","cx":7.768,"cy":50.712}},
{"type":"Feature","geometry":{"type":"Polygon","coordinates":[[[7.7719,50.6984],[7.7827,50.7022],[7.7591,50.7069],[7.7553,50.7024],[7.7487,50.7011],[7.7493,50.694],[7.7664,50.6919],[7.7719,50.6984]]]},"properties":{"id":"07143240","name":"Heuzert","subdivision":"Westerwaldkreis","cx":7.763,"cy":50.699}},
{"type":"Feature","geometry":{"type":"Polygon","coordinates":[[[7.794,50.7301],[7.7877,50.7212],[7.7817,50.7207],[7.778,50.7135],[7.7902,50.7091],[7.8052,50.7109],[7.8004,50.7164],[7.8085,50.7282],[7.8082,50.7299],[7.794,50.7301]]]},"properties":{"id":"07143252","name":"Kundert","subdivision":"Westerwaldkreis","cx":7.794,"cy":50.719}},
{"type":"Feature","geometry":{"type":"Polygon","coordinates":[[[7.8052,50.7109],[7.7902,50.7091],[7.7827,50.7022],[7.7719,50.6984],[7.7856,50.6989],[7.7936,50.6907],[7.8053,50.6913],[7.8117,50.6963],[7.8139,50.7057],[7.8052,50.7109]]]},"properties":{"id":"07143257","name":"Limbach (Westerwaldkreis)","subdivision":"Westerwaldkreis","cx":7.798,"cy":50.701}},
{"type":"Feature","geometry":{"type":"Polygon","coordinates":[[[7.8606,50.5898],[7.866,50.5923],[7.8632,50.6004],[7.8572,50.6043],[7.8396,50.6081],[7.8288,50.6022],[7.8502,50.5967],[7.8606,50.5898]]]},"properties":{"id":"07143258","name":"Linden (Westerwaldkreis)","subdivision":"Westerwaldkreis","cx":7.853,"cy":50.6}},
{"type":"Feature","geometry":{"type":"Polygon","coordinates":[[[7.8436,50.6239],[7.8392,50.6226],[7.8377,50.6169],[7.8264,50.6142],[7.828,50.6105],[7.8396,50.6081],[7.8572,50.6043],[7.8632,50.6004],[7.866,50.5923],[7.8708,50.6002],[7.8692,50.607],[7.873,50.6143],[7.8654,50.6159],[7.8616,50.622],[7.85,50.6187],[7.8436,50.6239]]]},"properties":{"id":"07143259","name":"Lochum","subdivision":"Westerwaldkreis","cx":7.855,"cy":50.612}},
{"type":"Feature","geometry":{"type":"MultiPolygon","coordinates":[[[[7.8148,50.7038],[7.8169,50.7004],[7.8312,50.7007],[7.8568,50.6945],[7.854,50.702],[7.8364,50.7118],[7.8201,50.7077],[7.8148,50.7038]]],[[[7.8531,50.693],[7.8474,50.6843],[7.8579,50.6835],[7.8531,50.693]]]]},"properties":{"id":"07143260","name":"Luckenbach","subdivision":"Westerwaldkreis","cx":7.836,"cy":50.705}},
{"type":"Feature","geometry":{"type":"Polygon","coordinates":[[[7.7664,50.6919],[7.7493,50.694],[7.7366,50.6827],[7.7534,50.6743],[7.7663,50.678],[7.7698,50.6844],[7.7664,50.6919]]]},"properties":{"id":"07143261","name":"Marzhausen","subdivision":"Westerwaldkreis","cx":7.755,"cy":50.684}},
{"type":"Feature","geometry":{"type":"Polygon","coordinates":[[[7.7565,50.6497],[7.7568,50.6442],[7.7784,50.6362],[7.7874,50.6274],[7.7892,50.6346],[7.7793,50.6468],[7.7702,50.6517],[7.7565,50.6497]]]},"properties":{"id":"07143262","name":"Merkelbach","subdivision":"Westerwaldkreis","cx":7.774,"cy":50.643}},
{"type":"Feature","geometry":{"type":"Polygon","coordinates":[[[7.7439,50.73],[7.7499,50.7242],[7.7497,50.7195],[7.7636,50.7173],[7.769,50.7189],[7.778,50.7135],[7.7817,50.7207],[7.7877,50.7212],[7.794,50.7301],[7.7883,50.7313],[7.7753,50.737],[7.7572,50.7361],[7.7546,50.7383],[7.7429,50.7401],[7.75,50.7331],[7.7439,50.73]]]},"properties":{"id":"07143265","name":"Mörsbach","subdivision":"Westerwaldkreis","cx":7.768,"cy":50.727}},
{"type":"Feature","geometry":{"type":"Polygon","coordinates":[[[7.7175,50.6723],[7.7237,50.6716],[7.7225,50.659],[7.7305,50.659],[7.74,50.6551],[7.7465,50.6603],[7.7534,50.6743],[7.7366,50.6827],[7.7261,50.6825],[7.7263,50.6777],[7.7175,50.6723]]]},"properties":{"id":"07143267","name":"Mudenbach","subdivision":"Westerwaldkreis","cx":7.736,"cy":50.67}},
{"type":"Feature","geometry":{"type":"Polygon","coordinates":[[[7.7101,50.5932],[7.7282,50.5869],[7.7309,50.5851],[7.7458,50.6003],[7.7684,50.6095],[7.7628,50.6154],[7.7376,50.6194],[7.7311,50.6185],[7.7293,50.6176],[7.7267,50.6125],[7.7078,50.6094],[7.701,50.6023],[7.7035,50.6],[7.7048,50.5996],[7.7101,50.5932]]]},"properties":{"id":"07143268","name":"Mündersbach","subdivision":"Westerwaldkreis","cx":7.733,"cy":50.603}},
{"type":"Feature","geometry":{"type":"Polygon","coordinates":[[[7.7698,50.6844],[7.7663,50.678],[7.7894,50.6733],[7.7962,50.6684],[7.8021,50.6748],[7.8186,50.6751],[7.8075,50.6765],[7.7923,50.6888],[7.7815,50.6856],[7.7698,50.6844]]]},"properties":{"id":"07143269","name":"Müschenbach","subdivision":"Westerwaldkreis","cx":7.788,"cy":50.68}},
{"type":"Feature","geometry":{"type":"Polygon","coordinates":[[[7.8579,50.6835],[7.8474,50.6843],[7.8378,50.6855],[7.8239,50.6803],[7.8186,50.6751],[7.8293,50.6677],[7.8526,50.6742],[7.8593,50.6678],[7.8713,50.6709],[7.8766,50.671],[7.8892,50.6787],[7.8579,50.6835]]]},"properties":{"id":"07143276","name":"Nister","subdivision":"Westerwaldkreis","cx":7.86,"cy":50.677}},
{"type":"Feature","geometry":{"type":"Polygon","coordinates":[[[7.7008,50.6229],[7.6895,50.617],[7.6743,50.6122],[7.6652,50.5946],[7.6802,50.5935],[7.6897,50.5962],[7.6947,50.5996],[7.7035,50.6],[7.701,50.6023],[7.7078,50.6094],[7.7267,50.6125],[7.7293,50.6176],[7.7205,50.622],[7.7087,50.6219],[7.7032,50.6227],[7.7008,50.6229]]]},"properties":{"id":"07143287","name":"Roßbach (Westerwaldkreis)","subdivision":"Westerwaldkreis","cx":7.695,"cy":50.609}},
{"type":"Feature","geometry":{"type":"Polygon","coordinates":[[[7.8272,50.6191],[7.8121,50.6268],[7.8051,50.6138],[7.7951,50.6121],[7.7851,50.6136],[7.7848,50.6082],[7.789,50.5964],[7.7999,50.5917],[7.8097,50.5916],[7.8149,50.5841],[7.8181,50.5858],[7.8164,50.6003],[7.8227,50.5987],[7.8288,50.6022],[7.8396,50.6081],[7.828,50.6105],[7.8264,50.6142],[7.8272,50.6191]]]},"properties":{"id":"07143294","name":"Steinebach an der Wied","subdivision":"Westerwaldkreis","cx":7.807,"cy":50.604}},
{"type":"Feature","geometry":{"type":"Polygon","coordinates":[[[7.7202,50.7311],[7.7176,50.7241],[7.7314,50.7231],[7.7246,50.716],[7.7262,50.7102],[7.7348,50.7105],[7.7431,50.7093],[7.7497,50.7195],[7.7499,50.7242],[7.7439,50.73],[7.7402,50.7303],[7.7382,50.7299],[7.7256,50.7328],[7.7202,50.7311]]]},"properties":{"id":"07143296","name":"Stein-Wingert","subdivision":"Westerwaldkreis","cx":7.739,"cy":50.72}},
{"type":"Feature","geometry":{"type":"Polygon","coordinates":[[[7.7923,50.6888],[7.8075,50.6765],[7.8186,50.6751],[7.8239,50.6803],[7.8378,50.6855],[7.8323,50.6905],[7.8203,50.6925],[7.8117,50.6963],[7.8053,50.6913],[7.7936,50.6907],[7.7923,50.6888]]]},"properties":{"id":"07143299","name":"Streithausen","subdivision":"Westerwaldkreis","cx":7.815,"cy":50.686}},
{"type":"Feature","geometry":{"type":"Polygon","coordinates":[[[7.7032,50.6227],[7.7087,50.6219],[7.7137,50.6315],[7.7088,50.6335],[7.7225,50.6389],[7.7334,50.6487],[7.7396,50.6489],[7.74,50.6551],[7.7305,50.659],[7.7225,50.659],[7.7011,50.6581],[7.704,50.6547],[7.701,50.6407],[7.7032,50.6227]]]},"properties":{"id":"07143301","name":"Wahlrod","subdivision":"Westerwaldkreis","cx":7.716,"cy":50.647}},
{"type":"Feature","geometry":{"type":"Polygon","coordinates":[[[7.7315,50.6365],[7.7279,50.6381],[7.7163,50.6358],[7.7137,50.6315],[7.7087,50.6219],[7.7205,50.622],[7.7293,50.6176],[7.7311,50.6185],[7.7315,50.6365]]]},"properties":{"id":"07143306","name":"Welkenbach","subdivision":"Westerwaldkreis","cx":7.723,"cy":50.629}},
{"type":"Feature","geometry":{"type":"Polygon","coordinates":[[[7.7765,50.6189],[7.7825,50.6158],[7.7835,50.6157],[7.7881,50.6219],[7.7874,50.6274],[7.7784,50.6362],[7.7568,50.6442],[7.7565,50.6497],[7.7424,50.6476],[7.7367,50.643],[7.751,50.6348],[7.7559,50.6346],[7.771,50.6278],[7.7765,50.6189]]]},"properties":{"id":"07143310","name":"Wied","subdivision":"Westerwaldkreis","cx":7.778,"cy":50.628}},
{"type":"Feature","geometry":{"type":"Polygon","coordinates":[[[7.7367,50.643],[7.7424,50.6476],[7.7396,50.6489],[7.7334,50.6487],[7.7225,50.6389],[7.7088,50.6335],[7.7137,50.6315],[7.7163,50.6358],[7.7279,50.6381],[7.7315,50.6365],[7.7367,50.643]]]},"properties":{"id":"07143313","name":"Winkelbach","subdivision":"Westerwaldkreis","cx":7.73,"cy":50.641}},
{"type":"Feature","geometry":{"type":"Polygon","coordinates":[[[7.6732,50.4497],[7.687,50.4487],[7.6971,50.4447],[7.7074,50.4454],[7.7082,50.4518],[7.7053,50.4633],[7.6982,50.4715],[7.6787,50.4647],[7.6819,50.4569],[7.6732,50.4497]]]},"properties":{"id":"07143030","name":"Hilgert","subdivision":"Westerwaldkreis","cx":7.694,"cy":50.457}},
{"type":"Feature","geometry":{"type":"Polygon","coordinates":[[[7.6743,50.4006],[7.6815,50.3966],[7.6883,50.3973],[7.7023,50.3928],[7.7137,50.3958],[7.7184,50.401],[7.7195,50.405],[7.7301,50.4074],[7.7454,50.4082],[7.7381,50.4162],[7.7394,50.4193],[7.728,50.423],[7.7333,50.4295],[7.7367,50.4362],[7.7316,50.4384],[7.7311,50.4337],[7.7238,50.4272],[7.6875,50.4286],[7.6874,50.4211],[7.6712,50.4199],[7.6695,50.4134],[7.681,50.4056],[7.6743,50.4006]]]},"properties":{"id":"07143031","name":"Hillscheid","subdivision":"Westerwaldkreis","cx":7.705,"cy":50.412}},
{"type":"Feature","geometry":{"type":"Polygon","coordinates":[[[7.9149,50.4109],[7.9093,50.4194],[7.904,50.4174],[7.8958,50.4221],[7.8772,50.4243],[7.8739,50.4209],[7.8691,50.4128],[7.8698,50.4037],[7.8792,50.3991],[7.8842,50.4023],[7.8945,50.4022],[7.8951,50.3964],[7.8985,50.4012],[7.9149,50.4109]]]},"properties":{"id":"07143026","name":"Heilberscheid","subdivision":"Westerwaldkreis","cx":7.889,"cy":50.412}},
{"type":"Feature","geometry":{"type":"Polygon","coordinates":[[[8.1653,49.7266],[8.1536,49.7219],[8.1525,49.7213],[8.1558,49.7162],[8.1534,49.71],[8.1444,49.7034],[8.1486,49.6974],[8.1704,49.7007],[8.1774,49.6981],[8.1858,49.7001],[8.1785,49.7066],[8.1781,49.7149],[8.1707,49.7278],[8.1653,49.7266]]]},"properties":{"id":"07331020","name":"Eppelsheim","subdivision":"Alzey-Worms","cx":8.165,"cy":49.71}},
{"type":"Feature","geometry":{"type":"Polygon","coordinates":[[[7.6445,50.4347],[7.6523,50.4309],[7.6599,50.4257],[7.6682,50.4249],[7.6712,50.4199],[7.6874,50.4211],[7.6875,50.4286],[7.7238,50.4272],[7.7311,50.4337],[7.7316,50.4384],[7.7235,50.4452],[7.7162,50.4423],[7.7074,50.4454],[7.6971,50.4447],[7.687,50.4487],[7.6732,50.4497],[7.6635,50.4549],[7.6673,50.4584],[7.6563,50.4569],[7.6477,50.46],[7.6468,50.4598],[7.6487,50.4554],[7.6351,50.4455],[7.6445,50.4347]]]},"properties":{"id":"07143032","name":"Höhr-Grenzhausen","subdivision":"Westerwaldkreis","cx":7.679,"cy":50.437}},
{"type":"Feature","geometry":{"type":"Polygon","coordinates":[[[7.6787,50.4647],[7.6673,50.4584],[7.6635,50.4549],[7.6732,50.4497],[7.6819,50.4569],[7.6787,50.4647]]]},"properties":{"id":"07143040","name":"Kammerforst","subdivision":"Westerwaldkreis","cx":7.674,"cy":50.457}},
{"type":"Feature","geometry":{"type":"Polygon","coordinates":[[[7.8538,50.4874],[7.851,50.4857],[7.8555,50.4764],[7.8538,50.4726],[7.8511,50.4629],[7.8464,50.4627],[7.8507,50.4571],[7.8547,50.4655],[7.8607,50.4624],[7.8646,50.4678],[7.8626,50.4811],[7.8629,50.4865],[7.8538,50.4874]]]},"properties":{"id":"07143005","name":"Boden","subdivision":"Westerwaldkreis","cx":7.859,"cy":50.472}},
{"type":"Feature","geometry":{"type":"Polygon","coordinates":[[[7.8546,50.3889],[7.8504,50.3962],[7.8418,50.3958],[7.8347,50.3963],[7.8246,50.3876],[7.8301,50.3834],[7.8276,50.3761],[7.8371,50.3789],[7.8372,50.3829],[7.8525,50.3834],[7.8546,50.3889]]]},"properties":{"id":"07143008","name":"Daubach (Westerwaldkreis)","subdivision":"Westerwaldkreis","cx":7.84,"cy":50.389}},
{"type":"Feature","geometry":{"type":"MultiPolygon","coordinates":[[[[7.6889,50.3601],[7.6977,50.3517],[7.6994,50.3581],[7.7214,50.3656],[7.7287,50.3645],[7.7397,50.3721],[7.7366,50.3772],[7.7298,50.3832],[7.7195,50.3822],[7.7106,50.3771],[7.705,50.3795],[7.6882,50.3674],[7.6889,50.3601]]],[[[7.7137,50.3958],[7.7154,50.3921],[7.7281,50.3974],[7.7184,50.401],[7.7137,50.3958]]]]},"properties":{"id":"07143013","name":"Eitelborn","subdivision":"Westerwaldkreis","cx":7.708,"cy":50.37}},
{"type":"Feature","geometry":{"type":"Polygon","coordinates":[[[7.8765,50.3686],[7.8799,50.3725],[7.8807,50.3771],[7.8653,50.3771],[7.8547,50.3665],[7.8399,50.3651],[7.8278,50.3686],[7.8211,50.3731],[7.8191,50.3649],[7.8285,50.3669],[7.85,50.3616],[7.853,50.3542],[7.8545,50.3501],[7.865,50.3474],[7.8659,50.3486],[7.8671,50.3561],[7.8715,50.3588],[7.877,50.361],[7.8772,50.3635],[7.8765,50.3686]]]},"properties":{"id":"07143020","name":"Gackenbach","subdivision":"Westerwaldkreis","cx":7.862,"cy":50.363}},
{"type":"Feature","geometry":{"type":"Polygon","coordinates":[[[7.9105,50.4676],[7.9058,50.4673],[7.901,50.4642],[7.8982,50.4566],[7.8975,50.4457],[7.8938,50.4391],[7.8726,50.4308],[7.871,50.4222],[7.8847,50.4296],[7.8985,50.433],[7.912,50.4379],[7.9161,50.4348],[7.9212,50.4382],[7.939,50.4392],[7.9399,50.4429],[7.9297,50.4454],[7.9259,50.4554],[7.9175,50.4557],[7.9105,50.4676]]]},"properties":{"id":"07143021","name":"Girod","subdivision":"Westerwaldkreis","cx":7.908,"cy":50.447}},
{"type":"Feature","geometry":{"type":"Polygon","coordinates":[[[7.9467,50.3969],[7.9538,50.3966],[7.9596,50.4002],[7.9716,50.4062],[7.9644,50.4102],[7.9662,50.4152],[7.9597,50.4174],[7.9434,50.4143],[7.9395,50.4107],[7.9467,50.3969]]]},"properties":{"id":"07143023","name":"Görgeshausen","subdivision":"Westerwaldkreis","cx":7.954,"cy":50.407}},
{"type":"Feature","geometry":{"type":"Polygon","coordinates":[[[7.8982,50.4566],[7.885,50.4559],[7.8794,50.453],[7.8694,50.4382],[7.8721,50.4318],[7.8726,50.4308],[7.8938,50.4391],[7.8975,50.4457],[7.8982,50.4566]]]},"properties":{"id":"07143024","name":"Großholbach","subdivision":"Westerwaldkreis","cx":7.885,"cy":50.445}},
{"type":"Feature","geometry":{"type":"Polygon","coordinates":[[[7.9093,50.4194],[7.9208,50.4219],[7.9217,50.428],[7.9161,50.4348],[7.912,50.4379],[7.8985,50.433],[7.8847,50.4296],[7.8772,50.4243],[7.8958,50.4221],[7.904,50.4174],[7.9093,50.4194]]]},"properties":{"id":"07143055","name":"Nomborn","subdivision":"Westerwaldkreis","cx":7.904,"cy":50.427}},
{"type":"Feature","geometry":{"type":"Polygon","coordinates":[[[7.8507,50.4571],[7.843,50.4548],[7.8457,50.4407],[7.8531,50.4344],[7.8614,50.4315],[7.8721,50.4318],[7.8694,50.4382],[7.8794,50.453],[7.8781,50.4573],[7.8677,50.4558],[7.8607,50.4624],[7.8547,50.4655],[7.8507,50.4571]]]},"properties":{"id":"07143027","name":"Heiligenroth","subdivision":"Westerwaldkreis","cx":7.86,"cy":50.447}},
{"type":"Feature","geometry":{"type":"Polygon","coordinates":[[[7.8225,50.4071],[7.8386,50.403],[7.8418,50.4069],[7.8512,50.4099],[7.8573,50.4202],[7.8534,50.4251],[7.833,50.4227],[7.8254,50.4177],[7.8132,50.4133],[7.8225,50.4071]]]},"properties":{"id":"07143033","name":"Holler","subdivision":"Westerwaldkreis","cx":7.838,"cy":50.415}},
{"type":"Feature","geometry":{"type":"Polygon","coordinates":[[[7.8525,50.3834],[7.8372,50.3829],[7.8371,50.3789],[7.8276,50.3761],[7.8211,50.3731],[7.8278,50.3686],[7.8399,50.3651],[7.8547,50.3665],[7.8653,50.3771],[7.8635,50.3803],[7.8525,50.3834]]]},"properties":{"id":"07143034","name":"Horbach (Westerwaldkreis)","subdivision":"Westerwaldkreis","cx":7.845,"cy":50.374}},
{"type":"Feature","geometry":{"type":"Polygon","coordinates":[[[7.853,50.3542],[7.85,50.3616],[7.8285,50.3669],[7.8191,50.3649],[7.8211,50.3731],[7.8139,50.3629],[7.8092,50.3593],[7.8233,50.3595],[7.8268,50.3525],[7.843,50.3509],[7.853,50.3542]]]},"properties":{"id":"07143036","name":"Hübingen","subdivision":"Westerwaldkreis","cx":7.833,"cy":50.359}},
{"type":"Feature","geometry":{"type":"Polygon","coordinates":[[[7.756,50.4007],[7.7531,50.4028],[7.7454,50.4082],[7.7301,50.4074],[7.7195,50.405],[7.7184,50.401],[7.7281,50.3974],[7.7154,50.3921],[7.7195,50.3822],[7.7298,50.3832],[7.7366,50.3772],[7.7354,50.3818],[7.7404,50.3863],[7.7446,50.3963],[7.756,50.4007]]]},"properties":{"id":"07143039","name":"Kadenbach","subdivision":"Westerwaldkreis","cx":7.735,"cy":50.395}},
{"type":"Feature","geometry":{"type":"Polygon","coordinates":[[[7.8792,50.3991],[7.8698,50.4037],[7.8691,50.4128],[7.8739,50.4209],[7.871,50.4222],[7.8726,50.4308],[7.8721,50.4318],[7.8614,50.4315],[7.8531,50.4344],[7.8457,50.4407],[7.843,50.4548],[7.8381,50.4535],[7.82,50.4569],[7.8137,50.4571],[7.8002,50.4506],[7.7799,50.4465],[7.7706,50.4432],[7.7713,50.4369],[7.7333,50.4295],[7.728,50.423],[7.7394,50.4193],[7.7381,50.4162],[7.7454,50.4082],[7.7531,50.4028],[7.7677,50.4091],[7.7737,50.4053],[7.8091,50.4204],[7.8254,50.4177],[7.833,50.4227],[7.8534,50.4251],[7.8573,50.4202],[7.8512,50.4099],[7.8606,50.4007],[7.8684,50.4009],[7.8789,50.3844],[7.8859,50.3837],[7.8816,50.3979],[7.8792,50.3991]]]},"properties":{"id":"07143048","name":"Montabaur","subdivision":"Westerwaldkreis","cx":7.812,"cy":50.437}},
{"type":"Feature","geometry":{"type":"Polygon","coordinates":[[[7.9395,50.4107],[7.9434,50.4143],[7.9597,50.4174],[7.9565,50.4204],[7.9588,50.431],[7.9539,50.4364],[7.939,50.4392],[7.9212,50.4382],[7.9161,50.4348],[7.9217,50.428],[7.9208,50.4219],[7.9093,50.4194],[7.9149,50.4109],[7.9343,50.4148],[7.9395,50.4107]]]},"properties":{"id":"07143051","name":"Nentershausen","subdivision":"Westerwaldkreis","cx":7.936,"cy":50.426}},
{"type":"Feature","geometry":{"type":"Polygon","coordinates":[[[7.7023,50.3928],[7.7054,50.388],[7.7011,50.3835],[7.705,50.3795],[7.7106,50.3771],[7.7195,50.3822],[7.7154,50.3921],[7.7137,50.3958],[7.7023,50.3928]]]},"properties":{"id":"07143052","name":"Neuhäusel","subdivision":"Westerwaldkreis","cx":7.711,"cy":50.386}},
{"type":"Feature","geometry":{"type":"Polygon","coordinates":[[[7.7919,50.3874],[7.8025,50.39],[7.8055,50.3945],[7.8133,50.393],[7.8253,50.3995],[7.8225,50.4071],[7.8132,50.4133],[7.8254,50.4177],[7.8091,50.4204],[7.7737,50.4053],[7.7677,50.4091],[7.7531,50.4028],[7.756,50.4007],[7.7605,50.3889],[7.7682,50.3947],[7.7762,50.3969],[7.7829,50.3955],[7.7919,50.3874]]]},"properties":{"id":"07143053","name":"Niederelbert","subdivision":"Westerwaldkreis","cx":7.794,"cy":50.402}},
{"type":"Feature","geometry":{"type":"Polygon","coordinates":[[[7.9662,50.4152],[7.9749,50.4142],[7.9812,50.418],[7.9846,50.4316],[7.9751,50.4359],[7.9574,50.4366],[7.9539,50.4364],[7.9588,50.431],[7.9565,50.4204],[7.9597,50.4174],[7.9662,50.4152]]]},"properties":{"id":"07143054","name":"Niedererbach","subdivision":"Westerwaldkreis","cx":7.97,"cy":50.426}},
{"type":"Feature","geometry":{"type":"Polygon","coordinates":[[[7.7894,50.3842],[7.7944,50.3851],[7.8073,50.3762],[7.8166,50.3784],[7.8246,50.3876],[7.8347,50.3963],[7.8253,50.3995],[7.8133,50.393],[7.8055,50.3945],[7.8025,50.39],[7.7919,50.3874],[7.7894,50.3842]]]},"properties":{"id":"07143057","name":"Oberelbert","subdivision":"Westerwaldkreis","cx":7.813,"cy":50.386}},
{"type":"Feature","geometry":{"type":"Polygon","coordinates":[[[7.8607,50.4624],[7.8677,50.4558],[7.8781,50.4573],[7.8794,50.453],[7.885,50.4559],[7.8982,50.4566],[7.901,50.4642],[7.9058,50.4673],[7.8881,50.4717],[7.8705,50.4708],[7.8646,50.4678],[7.8607,50.4624]]]},"properties":{"id":"07143065","name":"Ruppach-Goldhausen","subdivision":"Westerwaldkreis","cx":7.882,"cy":50.463}},
{"type":"Feature","geometry":{"type":"Polygon","coordinates":[[[7.6882,50.3674],[7.705,50.3795],[7.7011,50.3835],[7.7054,50.388],[7.7023,50.3928],[7.6883,50.3973],[7.6815,50.3966],[7.6743,50.4006],[7.6583,50.3989],[7.6501,50.3999],[7.6462,50.3871],[7.6485,50.3838],[7.6596,50.385],[7.6641,50.3815],[7.6668,50.379],[7.6865,50.3735],[7.6882,50.3674]]]},"properties":{"id":"07143071","name":"Simmern","subdivision":"Westerwaldkreis","cx":7.678,"cy":50.387}},
{"type":"Feature","geometry":{"type":"Polygon","coordinates":[[[7.8789,50.3844],[7.8684,50.4009],[7.8606,50.4007],[7.8512,50.4099],[7.8519,50.4011],[7.8418,50.3958],[7.8504,50.3962],[7.8546,50.3889],[7.859,50.3906],[7.8687,50.3845],[7.8789,50.3844]]]},"properties":{"id":"07143072","name":"Stahlhofen","subdivision":"Westerwaldkreis","cx":7.863,"cy":50.395}},
{"type":"Feature","geometry":{"type":"Polygon","coordinates":[[[7.8418,50.3958],[7.8519,50.4011],[7.8512,50.4099],[7.8418,50.4069],[7.8386,50.403],[7.8225,50.4071],[7.8253,50.3995],[7.8347,50.3963],[7.8418,50.3958]]]},"properties":{"id":"07143077","name":"Untershausen","subdivision":"Westerwaldkreis","cx":7.843,"cy":50.401}},
{"type":"Feature","geometry":{"type":"Polygon","coordinates":[[[7.7924,50.3607],[7.8139,50.3629],[7.8211,50.3731],[7.8276,50.3761],[7.8301,50.3834],[7.8246,50.3876],[7.8166,50.3784],[7.8073,50.3762],[7.7944,50.3851],[7.7894,50.3842],[7.7679,50.3668],[7.7721,50.3662],[7.7771,50.3554],[7.7845,50.3611],[7.7924,50.3607]]]},"properties":{"id":"07143079","name":"Welschneudorf","subdivision":"Westerwaldkreis","cx":7.796,"cy":50.371}},
{"type":"Feature","geometry":{"type":"Polygon","coordinates":[[[7.6982,50.4715],[7.703,50.4746],[7.7032,50.4838],[7.694,50.4861],[7.6796,50.4761],[7.6695,50.4702],[7.6527,50.4657],[7.6477,50.46],[7.6563,50.4569],[7.6673,50.4584],[7.6787,50.4647],[7.6982,50.4715]]]},"properties":{"id":"07143001","name":"Alsbach","subdivision":"Westerwaldkreis","cx":7.69,"cy":50.476}},
{"type":"Feature","geometry":{"type":"Polygon","coordinates":[[[7.6533,50.4897],[7.6796,50.4761],[7.694,50.4861],[7.7032,50.4838],[7.7132,50.489],[7.709,50.4919],[7.7005,50.487],[7.6906,50.4917],[7.6942,50.5003],[7.6999,50.5047],[7.6709,50.5083],[7.6701,50.5043],[7.6783,50.4998],[7.6785,50.4963],[7.668,50.4903],[7.654,50.4939],[7.6533,50.4897]]]},"properties":{"id":"07143006","name":"Breitenau","subdivision":"Westerwaldkreis","cx":7.683,"cy":50.49}},
{"type":"Feature","geometry":{"type":"Polygon","coordinates":[[[7.6004,50.4792],[7.5949,50.4695],[7.5983,50.4646],[7.6029,50.4634],[7.6099,50.4702],[7.6169,50.4708],[7.6192,50.4761],[7.6342,50.4789],[7.6315,50.4846],[7.6201,50.4862],[7.6004,50.4792]]]},"properties":{"id":"07143007","name":"Caan","subdivision":"Westerwaldkreis","cx":7.612,"cy":50.476}},
{"type":"Feature","geometry":{"type":"MultiPolygon","coordinates":[[[[7.6709,50.5083],[7.6999,50.5047],[7.711,50.506],[7.7058,50.5153],[7.7044,50.5173],[7.697,50.5186],[7.6921,50.5135],[7.6848,50.5168],[7.6736,50.5133],[7.6709,50.5083]]],[[[7.7123,50.5044],[7.7073,50.4997],[7.7135,50.4948],[7.7207,50.4937],[7.728,50.498],[7.7201,50.4988],[7.7123,50.5044]]]]},"properties":{"id":"07143009","name":"Deesen","subdivision":"Westerwaldkreis","cx":7.698,"cy":50.511}},
{"type":"Feature","geometry":{"type":"Polygon","coordinates":[[[7.7053,50.4633],[7.7138,50.4689],[7.7086,50.4803],[7.7032,50.4838],[7.703,50.4746],[7.6982,50.4715],[7.7053,50.4633]]]},"properties":{"id":"07143038","name":"Hundsdorf","subdivision":"Westerwaldkreis","cx":7.707,"cy":50.472}},
{"type":"Feature","geometry":{"type":"Polygon","coordinates":[[[7.6468,50.4598],[7.6477,50.46],[7.6527,50.4657],[7.6365,50.47],[7.6342,50.4789],[7.6192,50.4761],[7.6169,50.4708],[7.6099,50.4702],[7.6029,50.4634],[7.614,50.4613],[7.613,50.454],[7.6187,50.4507],[7.6253,50.4428],[7.6357,50.4551],[7.6468,50.4598]]]},"properties":{"id":"07143050","name":"Nauort","subdivision":"Westerwaldkreis","cx":7.627,"cy":50.463}},
{"type":"Feature","geometry":{"type":"Polygon","coordinates":[[[8.1185,49.6812],[8.111,49.6783],[8.1038,49.6929],[8.0998,49.6895],[8.0801,49.6823],[8.0736,49.6822],[8.0732,49.68],[8.0874,49.6629],[8.1116,49.6658],[8.1209,49.6707],[8.1185,49.6812]]]},"properties":{"id":"07333076","name":"Stetten","subdivision":"Donnersbergkreis","cx":8.098,"cy":49.676}},
{"type":"Feature","geometry":{"type":"MultiPolygon","coordinates":[[[[7.711,50.506],[7.7123,50.5044],[7.7201,50.4988],[7.728,50.498],[7.7343,50.5017],[7.7335,50.5064],[7.7234,50.5087],[7.7226,50.5134],[7.7094,50.5128],[7.7058,50.5153],[7.711,50.506]]],[[[7.736,50.5064],[7.7371,50.5032],[7.7374,50.4961],[7.7382,50.4992],[7.7406,50.5046],[7.736,50.5064]]]]},"properties":{"id":"07143059","name":"Oberhaid","subdivision":"Westerwaldkreis","cx":7.719,"cy":50.506}},
{"type":"Feature","geometry":{"type":"Polygon","coordinates":[[[7.7074,50.4454],[7.7162,50.4423],[7.7235,50.4452],[7.7316,50.4384],[7.7367,50.4362],[7.7364,50.4483],[7.748,50.4606],[7.7587,50.468],[7.7542,50.4766],[7.7509,50.4812],[7.7309,50.4828],[7.7268,50.4853],[7.7199,50.481],[7.7086,50.4803],[7.7138,50.4689],[7.7053,50.4633],[7.7082,50.4518],[7.7074,50.4454]]]},"properties":{"id":"07143062","name":"Ransbach-Baumbach","subdivision":"Westerwaldkreis","cx":7.729,"cy":50.464}},
{"type":"Feature","geometry":{"type":"Polygon","coordinates":[[[7.6315,50.4846],[7.6342,50.4789],[7.6365,50.47],[7.6527,50.4657],[7.6497,50.4726],[7.6568,50.4735],[7.6492,50.4853],[7.6419,50.4875],[7.6315,50.4846]]]},"properties":{"id":"07143068","name":"Sessenbach","subdivision":"Westerwaldkreis","cx":7.644,"cy":50.477}},
{"type":"Feature","geometry":{"type":"Polygon","coordinates":[[[7.6492,50.4853],[7.6568,50.4735],[7.6497,50.4726],[7.6527,50.4657],[7.6695,50.4702],[7.6796,50.4761],[7.6533,50.4897],[7.6492,50.4853]]]},"properties":{"id":"07143082","name":"Wirscheid","subdivision":"Westerwaldkreis","cx":7.662,"cy":50.477}},
{"type":"Feature","geometry":{"type":"Polygon","coordinates":[[[7.7032,50.4838],[7.7086,50.4803],[7.7199,50.481],[7.7268,50.4853],[7.7374,50.4961],[7.7371,50.5032],[7.7343,50.5017],[7.728,50.498],[7.7207,50.4937],[7.7135,50.4948],[7.7073,50.4997],[7.7123,50.5044],[7.711,50.506],[7.6999,50.5047],[7.6942,50.5003],[7.6906,50.4917],[7.7005,50.487],[7.709,50.4919],[7.7132,50.489],[7.7032,50.4838]]]},"properties":{"id":"07143084","name":"Wittgert","subdivision":"Westerwaldkreis","cx":7.702,"cy":50.496}},
{"type":"Feature","geometry":{"type":"Polygon","coordinates":[[[8.077,50.6631],[8.082,50.6706],[8.0871,50.6734],[8.0856,50.6764],[8.0652,50.6864],[8.0672,50.6803],[8.0644,50.6733],[8.0538,50.6713],[8.059,50.6652],[8.0719,50.6656],[8.077,50.6631]]]},"properties":{"id":"07143214","name":"Bretthausen","subdivision":"Westerwaldkreis","cx":8.072,"cy":50.673}},
{"type":"Feature","geometry":{"type":"Polygon","coordinates":[[[8.1106,50.5843],[8.0914,50.5765],[8.0931,50.5633],[8.0988,50.5603],[8.1218,50.5488],[8.1379,50.5509],[8.1319,50.557],[8.1361,50.5655],[8.1471,50.5821],[8.133,50.5761],[8.1106,50.5843]]]},"properties":{"id":"07143218","name":"Elsoff (Westerwald)","subdivision":"Westerwaldkreis","cx":8.117,"cy":50.567}},
{"type":"Feature","geometry":{"type":"Polygon","coordinates":[[[8.0098,50.6091],[8.0166,50.5965],[8.023,50.5906],[8.0413,50.5984],[8.0468,50.6159],[8.0333,50.6197],[8.0173,50.6274],[8.0148,50.6219],[8.0061,50.6203],[8.0098,50.6091]]]},"properties":{"id":"07143237","name":"Hellenhahn-Schellenberg","subdivision":"Westerwaldkreis","cx":8.026,"cy":50.609}},
{"type":"Feature","geometry":{"type":"Polygon","coordinates":[[[8.0994,50.6286],[8.1032,50.6353],[8.1103,50.6362],[8.121,50.6481],[8.1156,50.6519],[8.1145,50.6512],[8.1042,50.6466],[8.0914,50.638],[8.0994,50.6286]]]},"properties":{"id":"07143244","name":"Homberg (Westerwaldkreis)","subdivision":"Westerwaldkreis","cx":8.106,"cy":50.641}},
{"type":"Feature","geometry":{"type":"Polygon","coordinates":[[[8.0914,50.5765],[8.0788,50.5833],[8.0681,50.5803],[8.0705,50.5766],[8.0638,50.5725],[8.0709,50.5671],[8.0742,50.5587],[8.0833,50.5545],[8.0905,50.5555],[8.0988,50.5603],[8.0931,50.5633],[8.0914,50.5765]]]},"properties":{"id":"07143245","name":"Hüblingen","subdivision":"Westerwaldkreis","cx":8.081,"cy":50.569}},
{"type":"Feature","geometry":{"type":"Polygon","coordinates":[[[8.0638,50.5725],[8.0574,50.5694],[8.0485,50.564],[8.0384,50.5622],[8.0416,50.557],[8.0493,50.5528],[8.0664,50.5489],[8.069,50.5459],[8.0772,50.5437],[8.0801,50.5522],[8.0742,50.5587],[8.0709,50.5671],[8.0638,50.5725]]]},"properties":{"id":"07143246","name":"Irmtraut","subdivision":"Westerwaldkreis","cx":8.062,"cy":50.559}},
{"type":"Feature","geometry":{"type":"Polygon","coordinates":[[[8.0871,50.6734],[8.1018,50.6723],[8.1126,50.6756],[8.1197,50.6771],[8.1258,50.6834],[8.1098,50.698],[8.0992,50.7036],[8.0825,50.7029],[8.0751,50.7048],[8.0708,50.7002],[8.0597,50.695],[8.0652,50.6864],[8.0856,50.6764],[8.0871,50.6734]]]},"properties":{"id":"07143256","name":"Liebenscheid","subdivision":"Westerwaldkreis","cx":8.093,"cy":50.689}},
{"type":"Feature","geometry":{"type":"Polygon","coordinates":[[[8.0988,50.5603],[8.0905,50.5555],[8.0833,50.5545],[8.0742,50.5587],[8.0801,50.5522],[8.0772,50.5437],[8.069,50.5459],[8.0705,50.538],[8.0873,50.5385],[8.0907,50.5354],[8.1054,50.5341],[8.115,50.5358],[8.1112,50.5437],[8.1218,50.5488],[8.0988,50.5603]]]},"properties":{"id":"07143271","name":"Neunkirchen (Westerwaldkreis)","subdivision":"Westerwaldkreis","cx":8.096,"cy":50.546}},
{"type":"Feature","geometry":{"type":"Polygon","coordinates":[[[8.0468,50.6159],[8.0476,50.6164],[8.051,50.6221],[8.0505,50.6291],[8.0445,50.6326],[8.0212,50.6315],[8.0173,50.6274],[8.0333,50.6197],[8.0468,50.6159]]]},"properties":{"id":"07143272","name":"Neustadt/Westerwald","subdivision":"Westerwaldkreis","cx":8.038,"cy":50.625}},
{"type":"Feature","geometry":{"type":"Polygon","coordinates":[[[8.012,50.6341],[8.0212,50.6315],[8.0445,50.6326],[8.0505,50.6291],[8.0502,50.6356],[8.0446,50.6433],[8.0456,50.6505],[8.0368,50.6499],[8.019,50.6532],[8.0212,50.6428],[8.012,50.6341]]]},"properties":{"id":"07143274","name":"Niederroßbach","subdivision":"Westerwaldkreis","cx":8.032,"cy":50.641}},
{"type":"Feature","geometry":{"type":"Polygon","coordinates":[[[8.059,50.6652],[8.0604,50.661],[8.0664,50.6575],[8.0707,50.6485],[8.0791,50.6508],[8.0911,50.6509],[8.0987,50.6545],[8.1145,50.6512],[8.1156,50.6519],[8.1127,50.6541],[8.077,50.6631],[8.0719,50.6656],[8.059,50.6652]]]},"properties":{"id":"07143278","name":"Nister-Möhrendorf","subdivision":"Westerwaldkreis","cx":8.077,"cy":50.657}},
{"type":"Feature","geometry":{"type":"Polygon","coordinates":[[[8.1471,50.5821],[8.1522,50.5937],[8.1475,50.6021],[8.128,50.6077],[8.1241,50.6092],[8.1226,50.6022],[8.1147,50.5884],[8.1106,50.5843],[8.133,50.5761],[8.1471,50.5821]]]},"properties":{"id":"07143282","name":"Oberrod","subdivision":"Westerwaldkreis","cx":8.133,"cy":50.592}},
{"type":"Feature","geometry":{"type":"Polygon","coordinates":[[[8.019,50.6532],[8.0368,50.6499],[8.0456,50.6505],[8.053,50.6554],[8.0442,50.6589],[8.0406,50.6635],[8.024,50.6621],[8.0168,50.657],[8.019,50.6532]]]},"properties":{"id":"07143283","name":"Oberroßbach","subdivision":"Westerwaldkreis","cx":8.034,"cy":50.656}},
{"type":"Feature","geometry":{"type":"Polygon","coordinates":[[[8.0994,50.6286],[8.0957,50.6264],[8.115,50.6135],[8.1241,50.6092],[8.128,50.6077],[8.126,50.6101],[8.1377,50.6182],[8.1414,50.6267],[8.1403,50.6317],[8.1265,50.6415],[8.121,50.6481],[8.1103,50.6362],[8.1032,50.6353],[8.0994,50.6286]]]},"properties":{"id":"07143285","name":"Rehe","subdivision":"Westerwaldkreis","cx":8.121,"cy":50.627}},
{"type":"Feature","geometry":{"type":"Polygon","coordinates":[[[8.0413,50.5984],[8.0502,50.5916],[8.0588,50.5887],[8.0832,50.5943],[8.0843,50.6],[8.115,50.6135],[8.0957,50.6264],[8.0881,50.6343],[8.0789,50.6361],[8.075,50.6426],[8.071,50.6441],[8.058,50.6422],[8.0502,50.6356],[8.0505,50.6291],[8.051,50.6221],[8.0476,50.6164],[8.0468,50.6159],[8.0413,50.5984]]]},"properties":{"id":"07143286","name":"Rennerod","subdivision":"Westerwaldkreis","cx":8.072,"cy":50.615}},
{"type":"Feature","geometry":{"type":"Polygon","coordinates":[[[8.024,50.6621],[8.0406,50.6635],[8.0442,50.6589],[8.053,50.6554],[8.0604,50.661],[8.059,50.6652],[8.0538,50.6713],[8.0392,50.6695],[8.0377,50.6716],[8.0302,50.6636],[8.024,50.6621]]]},"properties":{"id":"07143291","name":"Salzburg","subdivision":"Westerwaldkreis","cx":8.048,"cy":50.664}},
{"type":"Feature","geometry":{"type":"Polygon","coordinates":[[[8.023,50.5906],[8.0165,50.5842],[8.0176,50.5764],[8.0259,50.5725],[8.0305,50.5683],[8.0287,50.5625],[8.034,50.5519],[8.0416,50.557],[8.0384,50.5622],[8.0485,50.564],[8.0574,50.5694],[8.0525,50.5768],[8.0592,50.581],[8.0502,50.5916],[8.0413,50.5984],[8.023,50.5906]]]},"properties":{"id":"07143292","name":"Seck","subdivision":"Westerwaldkreis","cx":8.039,"cy":50.579}},
{"type":"Feature","geometry":{"type":"Polygon","coordinates":[[[8.0284,50.697],[8.0213,50.6886],[8.0207,50.6843],[8.0287,50.6784],[8.035,50.678],[8.0377,50.6716],[8.0392,50.6695],[8.0538,50.6713],[8.0644,50.6733],[8.0672,50.6803],[8.0652,50.6864],[8.0597,50.695],[8.0397,50.6974],[8.0284,50.697]]]},"properties":{"id":"07143295","name":"Stein-Neukirch","subdivision":"Westerwaldkreis","cx":8.045,"cy":50.684}},
{"type":"Feature","geometry":{"type":"Polygon","coordinates":[[[8.1145,50.6512],[8.0987,50.6545],[8.0911,50.6509],[8.0791,50.6508],[8.0707,50.6485],[8.075,50.6426],[8.0789,50.6361],[8.0881,50.6343],[8.0957,50.6264],[8.0994,50.6286],[8.0914,50.638],[8.1042,50.6466],[8.1145,50.6512]]]},"properties":{"id":"07143302","name":"Waigandshain","subdivision":"Westerwaldkreis","cx":8.087,"cy":50.644}},
{"type":"Feature","geometry":{"type":"Polygon","coordinates":[[[8.0788,50.5833],[8.0765,50.5854],[8.0832,50.5943],[8.0588,50.5887],[8.0502,50.5916],[8.0592,50.581],[8.0525,50.5768],[8.0574,50.5694],[8.0638,50.5725],[8.0705,50.5766],[8.0681,50.5803],[8.0788,50.5833]]]},"properties":{"id":"07143303","name":"Waldmühlen","subdivision":"Westerwaldkreis","cx":8.064,"cy":50.584}},
{"type":"Feature","geometry":{"type":"Polygon","coordinates":[[[8.1106,50.5843],[8.1147,50.5884],[8.1226,50.6022],[8.1241,50.6092],[8.115,50.6135],[8.0843,50.6],[8.0832,50.5943],[8.0765,50.5854],[8.0788,50.5833],[8.0914,50.5765],[8.1106,50.5843]]]},"properties":{"id":"07143309","name":"Westernohe","subdivision":"Westerwaldkreis","cx":8.101,"cy":50.595}},
{"type":"Feature","geometry":{"type":"Polygon","coordinates":[[[8.077,50.6631],[8.1127,50.6541],[8.1101,50.6573],[8.1102,50.6709],[8.1126,50.6756],[8.1018,50.6723],[8.0871,50.6734],[8.082,50.6706],[8.077,50.6631]]]},"properties":{"id":"07143311","name":"Willingen","subdivision":"Westerwaldkreis","cx":8.097,"cy":50.665}},
{"type":"Feature","geometry":{"type":"Polygon","coordinates":[[[8.0502,50.6356],[8.058,50.6422],[8.071,50.6441],[8.075,50.6426],[8.0707,50.6485],[8.0664,50.6575],[8.0604,50.661],[8.053,50.6554],[8.0456,50.6505],[8.0446,50.6433],[8.0502,50.6356]]]},"properties":{"id":"07143315","name":"Zehnhausen bei Rennerod","subdivision":"Westerwaldkreis","cx":8.058,"cy":50.65}},
{"type":"Feature","geometry":{"type":"MultiPolygon","coordinates":[[[[7.7058,50.5153],[7.7094,50.5128],[7.7226,50.5134],[7.7307,50.5173],[7.7302,50.5232],[7.7289,50.5232],[7.7087,50.5206],[7.7044,50.5173],[7.7058,50.5153]]],[[[7.7343,50.5017],[7.7371,50.5032],[7.736,50.5064],[7.7335,50.5064],[7.7343,50.5017]]]]},"properties":{"id":"07143015","name":"Ellenhausen","subdivision":"Westerwaldkreis","cx":7.718,"cy":50.518}},
{"type":"Feature","geometry":{"type":"Polygon","coordinates":[[[7.8274,50.5798],[7.8291,50.5713],[7.8244,50.5704],[7.8219,50.563],[7.8308,50.5544],[7.8325,50.5491],[7.8444,50.5575],[7.8402,50.5733],[7.8417,50.5806],[7.8274,50.5798]]]},"properties":{"id":"07143018","name":"Freilingen","subdivision":"Westerwaldkreis","cx":7.834,"cy":50.565}},
{"type":"Feature","geometry":{"type":"Polygon","coordinates":[[[7.7042,50.5617],[7.7132,50.5619],[7.7102,50.5668],[7.713,50.5719],[7.7243,50.5777],[7.7282,50.5869],[7.7101,50.5932],[7.7091,50.5908],[7.7078,50.5824],[7.7004,50.58],[7.6984,50.5746],[7.6949,50.5688],[7.7042,50.5617]]]},"properties":{"id":"07143019","name":"Freirachdorf","subdivision":"Westerwaldkreis","cx":7.715,"cy":50.581}},
{"type":"Feature","geometry":{"type":"Polygon","coordinates":[[[7.7599,50.553],[7.7414,50.5494],[7.7296,50.5518],[7.7258,50.5462],[7.7296,50.5419],[7.7416,50.5389],[7.7594,50.5449],[7.7599,50.553]]]},"properties":{"id":"07143022","name":"Goddert","subdivision":"Westerwaldkreis","cx":7.743,"cy":50.545}},
{"type":"Feature","geometry":{"type":"MultiPolygon","coordinates":[[[[7.7628,50.6154],[7.7684,50.6095],[7.7754,50.6106],[7.7825,50.6158],[7.7765,50.6189],[7.7674,50.6186],[7.7628,50.6154]]],[[[7.789,50.5964],[7.7848,50.5893],[7.7947,50.5828],[7.7842,50.58],[7.7805,50.5753],[7.7661,50.5743],[7.7719,50.5644],[7.7716,50.5555],[7.7827,50.558],[7.7935,50.5578],[7.7998,50.5607],[7.8071,50.578],[7.8149,50.5841],[7.8097,50.5916],[7.7999,50.5917],[7.789,50.5964]]]]},"properties":{"id":"07143025","name":"Hartenfels","subdivision":"Westerwaldkreis","cx":7.792,"cy":50.571}},
{"type":"Feature","geometry":{"type":"Polygon","coordinates":[[[7.7835,50.6157],[7.7825,50.6158],[7.7754,50.6106],[7.7684,50.6095],[7.7458,50.6003],[7.7309,50.5851],[7.7282,50.5869],[7.7243,50.5777],[7.713,50.5719],[7.7102,50.5668],[7.7132,50.5619],[7.7239,50.5569],[7.7325,50.5581],[7.7394,50.5657],[7.7528,50.5628],[7.7719,50.5644],[7.7661,50.5743],[7.7771,50.5894],[7.7754,50.5952],[7.7775,50.6057],[7.7848,50.6082],[7.7851,50.6136],[7.7835,50.6157]]]},"properties":{"id":"07143029","name":"Herschbach","subdivision":"Westerwaldkreis","cx":7.75,"cy":50.582}},
{"type":"Feature","geometry":{"type":"Polygon","coordinates":[[[7.7302,50.5232],[7.7364,50.535],[7.7416,50.5389],[7.7296,50.5419],[7.7258,50.5462],[7.7147,50.5354],[7.7154,50.5319],[7.7261,50.5296],[7.7289,50.5232],[7.7302,50.5232]]]},"properties":{"id":"07143041","name":"Krümmel","subdivision":"Westerwaldkreis","cx":7.727,"cy":50.536}},
{"type":"Feature","geometry":{"type":"Polygon","coordinates":[[[7.6978,50.5348],[7.7147,50.5354],[7.7258,50.5462],[7.7296,50.5518],[7.7325,50.5581],[7.7239,50.5569],[7.7132,50.5619],[7.7042,50.5617],[7.6919,50.5505],[7.7015,50.5495],[7.6978,50.5348]]]},"properties":{"id":"07143044","name":"Marienrachdorf","subdivision":"Westerwaldkreis","cx":7.712,"cy":50.549}},
{"type":"Feature","geometry":{"type":"Polygon","coordinates":[[[7.8325,50.5491],[7.8265,50.5435],[7.8351,50.5389],[7.8482,50.5399],[7.8579,50.5404],[7.8546,50.5455],[7.862,50.5489],[7.8659,50.5544],[7.8547,50.5544],[7.8444,50.5575],[7.8325,50.5491]]]},"properties":{"id":"07143305","name":"Weidenhahn","subdivision":"Westerwaldkreis","cx":7.846,"cy":50.548}},
{"type":"Feature","geometry":{"type":"MultiPolygon","coordinates":[[[[7.6697,50.5609],[7.6804,50.5658],[7.6664,50.5688],[7.6697,50.5609]]],[[[7.6847,50.5674],[7.6932,50.5752],[7.6984,50.5746],[7.7004,50.58],[7.7078,50.5824],[7.7091,50.5908],[7.6997,50.5898],[7.6897,50.5962],[7.6802,50.5935],[7.6878,50.5798],[7.6847,50.5674]]],[[[7.7048,50.5996],[7.7035,50.6],[7.6947,50.5996],[7.7048,50.5996]]]]},"properties":{"id":"07143045","name":"Maroth","subdivision":"Westerwaldkreis","cx":7.694,"cy":50.585}},
{"type":"Feature","geometry":{"type":"Polygon","coordinates":[[[7.8219,50.563],[7.8119,50.5576],[7.7998,50.5607],[7.7935,50.5578],[7.7827,50.558],[7.7716,50.5555],[7.7599,50.553],[7.7594,50.5449],[7.7721,50.5359],[7.7756,50.5304],[7.7834,50.5296],[7.7856,50.5235],[7.7979,50.5292],[7.8117,50.5299],[7.8118,50.5326],[7.8265,50.5435],[7.8325,50.5491],[7.8308,50.5544],[7.8219,50.563]]]},"properties":{"id":"07143046","name":"Maxsain","subdivision":"Westerwaldkreis","cx":7.796,"cy":50.544}},
{"type":"Feature","geometry":{"type":"Polygon","coordinates":[[[7.9587,50.4735],[7.9601,50.4717],[7.9686,50.4741],[7.9877,50.4727],[7.9856,50.4826],[7.9792,50.4846],[7.9789,50.4954],[7.9687,50.4968],[7.96,50.488],[7.9635,50.4784],[7.9587,50.4735]]]},"properties":{"id":"07143266","name":"Molsberg","subdivision":"Westerwaldkreis","cx":7.971,"cy":50.483}},
{"type":"Feature","geometry":{"type":"Polygon","coordinates":[[[7.7382,50.4992],[7.746,50.4965],[7.7527,50.4987],[7.7596,50.5031],[7.758,50.5092],[7.7636,50.5107],[7.7729,50.5203],[7.7582,50.5201],[7.7464,50.5232],[7.7456,50.5143],[7.7335,50.5064],[7.736,50.5064],[7.7406,50.5046],[7.7382,50.4992]]]},"properties":{"id":"07143056","name":"Nordhofen","subdivision":"Westerwaldkreis","cx":7.75,"cy":50.508}},
{"type":"Feature","geometry":{"type":"Polygon","coordinates":[[[7.7856,50.5235],[7.7788,50.5203],[7.7807,50.5124],[7.7851,50.5072],[7.7963,50.5059],[7.7983,50.5013],[7.7957,50.5137],[7.8076,50.5277],[7.8117,50.5299],[7.7979,50.5292],[7.7856,50.5235]]]},"properties":{"id":"07143061","name":"Quirnbach","subdivision":"Westerwaldkreis","cx":7.79,"cy":50.518}},
{"type":"Feature","geometry":{"type":"Polygon","coordinates":[[[7.7599,50.553],[7.7716,50.5555],[7.7719,50.5644],[7.7528,50.5628],[7.7394,50.5657],[7.7325,50.5581],[7.7296,50.5518],[7.7414,50.5494],[7.7599,50.553]]]},"properties":{"id":"07143064","name":"Rückeroth","subdivision":"Westerwaldkreis","cx":7.746,"cy":50.557}},
{"type":"Feature","geometry":{"type":"Polygon","coordinates":[[[7.7848,50.6082],[7.7775,50.6057],[7.7754,50.5952],[7.7771,50.5894],[7.7661,50.5743],[7.7805,50.5753],[7.7842,50.58],[7.7947,50.5828],[7.7848,50.5893],[7.789,50.5964],[7.7848,50.6082]]]},"properties":{"id":"07143066","name":"Schenkelberg","subdivision":"Westerwaldkreis","cx":7.781,"cy":50.585}},
{"type":"Feature","geometry":{"type":"Polygon","coordinates":[[[7.7335,50.5064],[7.7456,50.5143],[7.7464,50.5232],[7.7582,50.5201],[7.7729,50.5203],[7.7788,50.5203],[7.7856,50.5235],[7.7834,50.5296],[7.7756,50.5304],[7.7721,50.5359],[7.7594,50.5449],[7.7416,50.5389],[7.7364,50.535],[7.7302,50.5232],[7.7307,50.5173],[7.7226,50.5134],[7.7234,50.5087],[7.7335,50.5064]]]},"properties":{"id":"07143067","name":"Selters (Westerwald)","subdivision":"Westerwaldkreis","cx":7.754,"cy":50.532}},
{"type":"Feature","geometry":{"type":"Polygon","coordinates":[[[7.6683,50.5188],[7.6736,50.5133],[7.6848,50.5168],[7.6921,50.5135],[7.697,50.5186],[7.7044,50.5173],[7.7087,50.5206],[7.7289,50.5232],[7.7261,50.5296],[7.7154,50.5319],[7.7147,50.5354],[7.6978,50.5348],[7.6955,50.528],[7.678,50.5252],[7.6683,50.5188]]]},"properties":{"id":"07143069","name":"Sessenhausen","subdivision":"Westerwaldkreis","cx":7.702,"cy":50.525}},
{"type":"Feature","geometry":{"type":"Polygon","coordinates":[[[7.8181,50.5858],[7.8149,50.5841],[7.8071,50.578],[7.7998,50.5607],[7.8119,50.5576],[7.8219,50.563],[7.8244,50.5704],[7.8291,50.5713],[7.8274,50.5798],[7.8181,50.5858]]]},"properties":{"id":"07143075","name":"Steinen","subdivision":"Westerwaldkreis","cx":7.815,"cy":50.571}},
{"type":"Feature","geometry":{"type":"Polygon","coordinates":[[[7.7527,50.4987],[7.7644,50.5],[7.7758,50.4944],[7.7857,50.4956],[7.7959,50.4995],[7.7983,50.5013],[7.7963,50.5059],[7.7851,50.5072],[7.7807,50.5124],[7.7788,50.5203],[7.7729,50.5203],[7.7636,50.5107],[7.758,50.5092],[7.7596,50.5031],[7.7527,50.4987]]]},"properties":{"id":"07143078","name":"Vielbach","subdivision":"Westerwaldkreis","cx":7.776,"cy":50.505}},
{"type":"Feature","geometry":{"type":"Polygon","coordinates":[[[7.8417,50.5806],[7.8402,50.5733],[7.8444,50.5575],[7.8547,50.5544],[7.8659,50.5544],[7.867,50.5543],[7.8754,50.5622],[7.8823,50.5632],[7.8785,50.5695],[7.8826,50.5751],[7.8709,50.5839],[7.866,50.5923],[7.8606,50.5898],[7.8554,50.5845],[7.8417,50.5806]]]},"properties":{"id":"07143085","name":"Wölferlingen","subdivision":"Westerwaldkreis","cx":7.86,"cy":50.571}},
{"type":"Feature","geometry":{"type":"Polygon","coordinates":[[[7.8265,50.5435],[7.8118,50.5326],[7.8117,50.5299],[7.8219,50.522],[7.8349,50.5298],[7.8351,50.5389],[7.8265,50.5435]]]},"properties":{"id":"07143221","name":"Ewighausen","subdivision":"Westerwaldkreis","cx":7.824,"cy":50.533}},
{"type":"Feature","geometry":{"type":"Polygon","coordinates":[[[7.939,50.4392],[7.9539,50.4364],[7.9574,50.4366],[7.9566,50.4432],[7.9622,50.4498],[7.976,50.4487],[7.9718,50.4584],[7.9621,50.4632],[7.9556,50.4593],[7.9552,50.4542],[7.9462,50.4544],[7.9462,50.4504],[7.9399,50.4429],[7.939,50.4392]]]},"properties":{"id":"07143011","name":"Dreikirchen","subdivision":"Westerwaldkreis","cx":7.953,"cy":50.448}},
{"type":"Feature","geometry":{"type":"Polygon","coordinates":[[[7.9601,50.4717],[7.9621,50.4632],[7.9718,50.4584],[7.976,50.4487],[7.9894,50.4429],[8.001,50.4453],[8.0108,50.4527],[8.0105,50.4606],[8.0011,50.4624],[7.9877,50.4727],[7.9686,50.4741],[7.9601,50.4717]]]},"properties":{"id":"07143037","name":"Hundsangen","subdivision":"Westerwaldkreis","cx":7.986,"cy":50.459}},
{"type":"Feature","geometry":{"type":"Polygon","coordinates":[[[7.9751,50.4359],[7.9894,50.4397],[7.9894,50.4429],[7.976,50.4487],[7.9622,50.4498],[7.9566,50.4432],[7.9574,50.4366],[7.9751,50.4359]]]},"properties":{"id":"07143058","name":"Obererbach","subdivision":"Westerwaldkreis","cx":7.971,"cy":50.442}},
{"type":"Feature","geometry":{"type":"MultiPolygon","coordinates":[[[[7.8772,50.4243],[7.8847,50.4296],[7.871,50.4222],[7.8739,50.4209],[7.8772,50.4243]]],[[[7.9399,50.4429],[7.9462,50.4504],[7.9462,50.4544],[7.9402,50.4681],[7.9338,50.4672],[7.9288,50.4714],[7.9132,50.4713],[7.9105,50.4676],[7.9175,50.4557],[7.9259,50.4554],[7.9297,50.4454],[7.9399,50.4429]]]]},"properties":{"id":"07143074","name":"Steinefrenz","subdivision":"Westerwaldkreis","cx":7.933,"cy":50.459}},
{"type":"Feature","geometry":{"type":"Polygon","coordinates":[[[7.9587,50.4735],[7.9534,50.4765],[7.9462,50.4736],[7.9454,50.473],[7.9408,50.4692],[7.9402,50.4681],[7.9462,50.4544],[7.9552,50.4542],[7.9556,50.4593],[7.9621,50.4632],[7.9601,50.4717],[7.9587,50.4735]]]},"properties":{"id":"07143080","name":"Weroth","subdivision":"Westerwaldkreis","cx":7.951,"cy":50.466}},
{"type":"Feature","geometry":{"type":"Polygon","coordinates":[[[7.8579,50.5404],[7.8645,50.5328],[7.872,50.5291],[7.8749,50.5278],[7.8813,50.5337],[7.8799,50.5416],[7.8706,50.5462],[7.867,50.5543],[7.8659,50.5544],[7.862,50.5489],[7.8546,50.5455],[7.8579,50.5404]]]},"properties":{"id":"07143203","name":"Arnshöfen","subdivision":"Westerwaldkreis","cx":7.869,"cy":50.54}},
{"type":"Feature","geometry":{"type":"Polygon","coordinates":[[[7.9454,50.473],[7.9462,50.4736],[7.9477,50.4786],[7.9387,50.4923],[7.9339,50.4966],[7.9319,50.4972],[7.9266,50.4963],[7.9215,50.4899],[7.9213,50.4826],[7.9288,50.4714],[7.9338,50.4672],[7.9402,50.4681],[7.9408,50.4692],[7.9454,50.473]]]},"properties":{"id":"07143208","name":"Berod bei Wallmerod","subdivision":"Westerwaldkreis","cx":7.934,"cy":50.482}},
{"type":"Feature","geometry":{"type":"Polygon","coordinates":[[[7.9687,50.4968],[7.9616,50.5032],[7.9525,50.507],[7.9469,50.5062],[7.9319,50.4972],[7.9339,50.4966],[7.9579,50.4908],[7.96,50.488],[7.9687,50.4968]]]},"properties":{"id":"07143210","name":"Bilkheim","subdivision":"Westerwaldkreis","cx":7.952,"cy":50.499}},
{"type":"Feature","geometry":{"type":"Polygon","coordinates":[[[7.872,50.5291],[7.863,50.5236],[7.8606,50.5195],[7.8679,50.5096],[7.8854,50.5135],[7.8846,50.5204],[7.8749,50.5278],[7.872,50.5291]]]},"properties":{"id":"07143220","name":"Ettinghausen","subdivision":"Westerwaldkreis","cx":7.873,"cy":50.519}},
{"type":"Feature","geometry":{"type":"Polygon","coordinates":[[[7.8749,50.5278],[7.8846,50.5204],[7.8961,50.5186],[7.901,50.5204],[7.9079,50.5151],[7.9109,50.5169],[7.9058,50.5229],[7.9016,50.5291],[7.888,50.5407],[7.8799,50.5416],[7.8813,50.5337],[7.8749,50.5278]]]},"properties":{"id":"07143232","name":"Hahn am See","subdivision":"Westerwaldkreis","cx":7.891,"cy":50.528}},
{"type":"Feature","geometry":{"type":"Polygon","coordinates":[[[7.9319,50.4972],[7.9469,50.5062],[7.9445,50.515],[7.9414,50.5163],[7.9372,50.5182],[7.9198,50.5192],[7.9109,50.5169],[7.9079,50.5151],[7.9078,50.51],[7.9266,50.4963],[7.9319,50.4972]]]},"properties":{"id":"07143239","name":"Herschbach (Oberwesterwald)","subdivision":"Westerwaldkreis","cx":7.928,"cy":50.509}},
{"type":"Feature","geometry":{"type":"Polygon","coordinates":[[[7.8482,50.5399],[7.8533,50.5273],[7.863,50.5236],[7.872,50.5291],[7.8645,50.5328],[7.8579,50.5404],[7.8482,50.5399]]]},"properties":{"id":"07143251","name":"Kuhnhöfen","subdivision":"Westerwaldkreis","cx":7.858,"cy":50.532}},
{"type":"Feature","geometry":{"type":"Polygon","coordinates":[[[7.8646,50.4678],[7.8705,50.4708],[7.8881,50.4717],[7.9058,50.4673],[7.9105,50.4676],[7.9132,50.4713],[7.9049,50.4801],[7.9213,50.4826],[7.9215,50.4899],[7.9266,50.4963],[7.9078,50.51],[7.9079,50.5151],[7.901,50.5204],[7.8961,50.5186],[7.8846,50.5204],[7.8854,50.5135],[7.8829,50.5028],[7.886,50.4999],[7.8787,50.494],[7.8731,50.4848],[7.8626,50.4811],[7.8646,50.4678]]]},"properties":{"id":"07143263","name":"Meudt","subdivision":"Westerwaldkreis","cx":7.898,"cy":50.493}},
{"type":"Feature","geometry":{"type":"Polygon","coordinates":[[[7.8626,50.4811],[7.8731,50.4848],[7.8787,50.494],[7.8703,50.4962],[7.8518,50.5041],[7.8499,50.5119],[7.8417,50.4945],[7.8538,50.4874],[7.8629,50.4865],[7.8626,50.4811]]]},"properties":{"id":"07143273","name":"Niederahr","subdivision":"Westerwaldkreis","cx":7.859,"cy":50.494}},
{"type":"Feature","geometry":{"type":"Polygon","coordinates":[[[7.8606,50.5195],[7.8528,50.5173],[7.8499,50.5119],[7.8518,50.5041],[7.8703,50.4962],[7.8787,50.494],[7.886,50.4999],[7.8829,50.5028],[7.8854,50.5135],[7.8679,50.5096],[7.8606,50.5195]]]},"properties":{"id":"07143281","name":"Oberahr","subdivision":"Westerwaldkreis","cx":7.872,"cy":50.503}},
{"type":"Feature","geometry":{"type":"Polygon","coordinates":[[[7.9789,50.4954],[7.99,50.4986],[7.9829,50.5115],[7.966,50.5187],[7.9567,50.516],[7.9445,50.515],[7.9469,50.5062],[7.9525,50.507],[7.9616,50.5032],[7.9687,50.4968],[7.9789,50.4954]]]},"properties":{"id":"07143290","name":"Salz","subdivision":"Westerwaldkreis","cx":7.969,"cy":50.508}},
{"type":"Feature","geometry":{"type":"Polygon","coordinates":[[[7.96,50.488],[7.9579,50.4908],[7.9339,50.4966],[7.9387,50.4923],[7.9477,50.4786],[7.9462,50.4736],[7.9534,50.4765],[7.9587,50.4735],[7.9635,50.4784],[7.96,50.488]]]},"properties":{"id":"07143304","name":"Wallmerod","subdivision":"Westerwaldkreis","cx":7.952,"cy":50.485}},
{"type":"Feature","geometry":{"type":"Polygon","coordinates":[[[7.9288,50.4714],[7.9213,50.4826],[7.9049,50.4801],[7.9132,50.4713],[7.9288,50.4714]]]},"properties":{"id":"07143316","name":"Zehnhausen bei Wallmerod","subdivision":"Westerwaldkreis","cx":7.917,"cy":50.477}},
{"type":"Feature","geometry":{"type":"Polygon","coordinates":[[[7.9058,50.5229],[7.9166,50.5241],[7.9283,50.5277],[7.9199,50.5329],[7.901,50.5396],[7.8929,50.5399],[7.892,50.5415],[7.888,50.5407],[7.9016,50.5291],[7.9058,50.5229]]]},"properties":{"id":"07143501","name":"Elbingen","subdivision":"Westerwaldkreis","cx":7.908,"cy":50.531}},
{"type":"Feature","geometry":{"type":"Polygon","coordinates":[[[7.9109,50.5169],[7.9198,50.5192],[7.9372,50.5182],[7.9308,50.5277],[7.9283,50.5277],[7.9166,50.5241],[7.9058,50.5229],[7.9109,50.5169]]]},"properties":{"id":"07143502","name":"Mähren","subdivision":"Westerwaldkreis","cx":7.926,"cy":50.523}},
{"type":"Feature","geometry":{"type":"MultiPolygon","coordinates":[[[[7.9369,50.6238],[7.9459,50.6273],[7.9363,50.6267],[7.9336,50.6233],[7.9369,50.6238]]],[[[7.924,50.6083],[7.9238,50.6017],[7.9266,50.5927],[7.9377,50.5869],[7.9448,50.5905],[7.9625,50.5963],[7.9705,50.6012],[7.9656,50.6124],[7.9584,50.6087],[7.924,50.6083]]]]},"properties":{"id":"07143200","name":"Ailertchen","subdivision":"Westerwaldkreis","cx":7.942,"cy":50.599}},
{"type":"Feature","geometry":{"type":"Polygon","coordinates":[[[7.8826,50.5751],[7.8937,50.5751],[7.8912,50.5826],[7.9029,50.5874],[7.9097,50.5868],[7.9135,50.5962],[7.8933,50.6],[7.8898,50.5928],[7.8816,50.5936],[7.8709,50.5839],[7.8826,50.5751]]]},"properties":{"id":"07143207","name":"Bellingen","subdivision":"Westerwaldkreis","cx":7.885,"cy":50.586}},
{"type":"Feature","geometry":{"type":"Polygon","coordinates":[[[7.9963,50.5245],[8.0046,50.5306],[8.0091,50.5295],[8.0238,50.5421],[8.0058,50.5479],[7.9964,50.5446],[7.9935,50.5326],[7.9861,50.5274],[7.9947,50.5253],[7.9963,50.5245]]]},"properties":{"id":"07143209","name":"Berzhahn","subdivision":"Westerwaldkreis","cx":8.005,"cy":50.538}},
{"type":"Feature","geometry":{"type":"Polygon","coordinates":[[[7.9324,50.565],[7.9236,50.5755],[7.9126,50.5724],[7.9104,50.5668],[7.9156,50.5634],[7.9091,50.559],[7.8986,50.5604],[7.8961,50.5575],[7.9105,50.5526],[7.9189,50.553],[7.9324,50.565]]]},"properties":{"id":"07143213","name":"Brandscheid (Westerwaldkreis)","subdivision":"Westerwaldkreis","cx":7.922,"cy":50.564}},
{"type":"Feature","geometry":{"type":"Polygon","coordinates":[[[7.8832,50.6274],[7.8783,50.6179],[7.8859,50.6111],[7.8883,50.6057],[7.8902,50.6111],[7.896,50.6132],[7.8832,50.6274]]]},"properties":{"id":"07143219","name":"Enspel","subdivision":"Westerwaldkreis","cx":7.886,"cy":50.617}},
{"type":"Feature","geometry":{"type":"Polygon","coordinates":[[[7.7374,50.4961],[7.7268,50.4853],[7.7309,50.4828],[7.7509,50.4812],[7.7625,50.4897],[7.7758,50.4944],[7.7644,50.5],[7.7527,50.4987],[7.746,50.4965],[7.7382,50.4992],[7.7374,50.4961]]]},"properties":{"id":"07143047","name":"Mogendorf","subdivision":"Westerwaldkreis","cx":7.75,"cy":50.49}},
{"type":"Feature","geometry":{"type":"Polygon","coordinates":[[[8.0259,50.5725],[8.0241,50.5693],[8.0083,50.5667],[7.9984,50.5543],[8.0058,50.5479],[8.0238,50.5421],[8.0283,50.5445],[8.0281,50.5506],[8.034,50.5519],[8.0287,50.5625],[8.0305,50.5683],[8.0259,50.5725]]]},"properties":{"id":"07143224","name":"Gemünden (Westerwaldkreis)","subdivision":"Westerwaldkreis","cx":8.017,"cy":50.556}},
{"type":"Feature","geometry":{"type":"Polygon","coordinates":[[[7.9829,50.5115],[7.9908,50.5147],[7.9957,50.5195],[7.9963,50.5245],[7.9947,50.5253],[7.9878,50.5233],[7.9749,50.5276],[7.9628,50.5242],[7.9567,50.516],[7.966,50.5187],[7.9829,50.5115]]]},"properties":{"id":"07143226","name":"Girkenroth","subdivision":"Westerwaldkreis","cx":7.979,"cy":50.52}},
{"type":"Feature","geometry":{"type":"Polygon","coordinates":[[[7.9414,50.5163],[7.9469,50.5171],[7.9543,50.5247],[7.9559,50.5301],[7.9659,50.5353],[7.9465,50.5368],[7.9384,50.5424],[7.9306,50.5393],[7.9308,50.5277],[7.9372,50.5182],[7.9414,50.5163]]]},"properties":{"id":"07143228","name":"Guckheim","subdivision":"Westerwaldkreis","cx":7.943,"cy":50.529}},
{"type":"Feature","geometry":{"type":"Polygon","coordinates":[[[7.901,50.5396],[7.9199,50.5329],[7.9283,50.5277],[7.9308,50.5277],[7.9306,50.5393],[7.9219,50.5437],[7.906,50.5447],[7.8955,50.5473],[7.892,50.5415],[7.8929,50.5399],[7.901,50.5396]]]},"properties":{"id":"07143230","name":"Härtlingen","subdivision":"Westerwaldkreis","cx":7.917,"cy":50.539}},
{"type":"Feature","geometry":{"type":"Polygon","coordinates":[[[7.9448,50.5905],[7.9485,50.5856],[7.9673,50.5849],[7.9718,50.5886],[7.9739,50.597],[7.9705,50.6012],[7.9625,50.5963],[7.9448,50.5905]]]},"properties":{"id":"07143233","name":"Halbs","subdivision":"Westerwaldkreis","cx":7.962,"cy":50.59}},
{"type":"Feature","geometry":{"type":"Polygon","coordinates":[[[7.9485,50.5856],[7.9628,50.5752],[7.9751,50.5754],[7.9765,50.58],[7.9801,50.5835],[7.9718,50.5886],[7.9673,50.5849],[7.9485,50.5856]]]},"properties":{"id":"07143238","name":"Hergenroth","subdivision":"Westerwaldkreis","cx":7.969,"cy":50.58}},
{"type":"Feature","geometry":{"type":"Polygon","coordinates":[[[7.9933,50.6376],[7.9793,50.6306],[7.9699,50.6283],[7.958,50.63],[7.9569,50.6308],[7.9459,50.6273],[7.9369,50.6238],[7.9477,50.6133],[7.9656,50.6124],[7.9705,50.6012],[7.9739,50.597],[7.9764,50.5969],[7.9873,50.6014],[7.9956,50.6081],[8.0098,50.6091],[8.0061,50.6203],[8.0148,50.6219],[8.0173,50.6274],[8.0212,50.6315],[8.012,50.6341],[8.0119,50.637],[7.9933,50.6376]]]},"properties":{"id":"07143242","name":"Höhn","subdivision":"Westerwaldkreis","cx":7.982,"cy":50.617}},
{"type":"Feature","geometry":{"type":"Polygon","coordinates":[[[7.8961,50.5575],[7.8891,50.5549],[7.8955,50.5473],[7.906,50.5447],[7.9219,50.5437],[7.9189,50.553],[7.9105,50.5526],[7.8961,50.5575]]]},"properties":{"id":"07143247","name":"Kaden","subdivision":"Westerwaldkreis","cx":7.906,"cy":50.55}},
{"type":"Feature","geometry":{"type":"Polygon","coordinates":[[[7.9189,50.553],[7.9219,50.5437],[7.9306,50.5393],[7.9384,50.5424],[7.9536,50.5504],[7.9485,50.5577],[7.9407,50.5634],[7.9324,50.565],[7.9189,50.553]]]},"properties":{"id":"07143249","name":"Kölbingen","subdivision":"Westerwaldkreis","cx":7.935,"cy":50.552}},
{"type":"Feature","geometry":{"type":"Polygon","coordinates":[[[7.9238,50.6017],[7.9135,50.5962],[7.9097,50.5868],[7.9029,50.5874],[7.8912,50.5826],[7.8937,50.5751],[7.9126,50.5724],[7.9236,50.5755],[7.9313,50.5772],[7.9377,50.5869],[7.9266,50.5927],[7.9238,50.6017]]]},"properties":{"id":"07143254","name":"Langenhahn","subdivision":"Westerwaldkreis","cx":7.918,"cy":50.584}},
{"type":"Feature","geometry":{"type":"Polygon","coordinates":[[[8.0098,50.6091],[7.9956,50.6081],[7.9873,50.6014],[7.9764,50.5969],[7.9853,50.5961],[8.0004,50.5875],[8.0092,50.5884],[8.0165,50.5842],[8.023,50.5906],[8.0166,50.5965],[8.0098,50.6091]]]},"properties":{"id":"07143284","name":"Pottum","subdivision":"Westerwaldkreis","cx":8.003,"cy":50.597}},
{"type":"Feature","geometry":{"type":"Polygon","coordinates":[[[7.873,50.6143],[7.8692,50.607],[7.8708,50.6002],[7.866,50.5923],[7.8709,50.5839],[7.8816,50.5936],[7.8898,50.5928],[7.8933,50.6],[7.8883,50.6057],[7.8859,50.6111],[7.8783,50.6179],[7.873,50.6143]]]},"properties":{"id":"07143288","name":"Rotenhain","subdivision":"Westerwaldkreis","cx":7.879,"cy":50.601}},
{"type":"Feature","geometry":{"type":"Polygon","coordinates":[[[7.867,50.5543],[7.8706,50.5462],[7.8799,50.5416],[7.888,50.5407],[7.892,50.5415],[7.8955,50.5473],[7.8891,50.5549],[7.8961,50.5575],[7.8986,50.5604],[7.9091,50.559],[7.9156,50.5634],[7.9104,50.5668],[7.9126,50.5724],[7.8937,50.5751],[7.8826,50.5751],[7.8785,50.5695],[7.8823,50.5632],[7.8754,50.5622],[7.867,50.5543]]]},"properties":{"id":"07143289","name":"Rothenbach","subdivision":"Westerwaldkreis","cx":7.891,"cy":50.565}},
{"type":"Feature","geometry":{"type":"Polygon","coordinates":[[[7.8538,50.4874],[7.8417,50.4945],[7.8288,50.4908],[7.8224,50.4845],[7.8294,50.479],[7.8262,50.4754],[7.8383,50.477],[7.8538,50.4726],[7.8555,50.4764],[7.851,50.4857],[7.8538,50.4874]]]},"properties":{"id":"07143049","name":"Moschheim","subdivision":"Westerwaldkreis","cx":7.84,"cy":50.484}},
{"type":"Feature","geometry":{"type":"Polygon","coordinates":[[[7.9718,50.5886],[7.9801,50.5835],[7.9765,50.58],[7.991,50.5794],[7.9986,50.5818],[8.0004,50.5875],[7.9853,50.5961],[7.9764,50.5969],[7.9739,50.597],[7.9718,50.5886]]]},"properties":{"id":"07143293","name":"Stahlhofen am Wiesensee","subdivision":"Westerwaldkreis","cx":7.985,"cy":50.588}},
{"type":"Feature","geometry":{"type":"Polygon","coordinates":[[[7.9099,50.6155],[7.896,50.6132],[7.8902,50.6111],[7.8883,50.6057],[7.8933,50.6],[7.9135,50.5962],[7.9238,50.6017],[7.924,50.6083],[7.9099,50.6155]]]},"properties":{"id":"07143298","name":"Stockum-Püschen","subdivision":"Westerwaldkreis","cx":7.907,"cy":50.606}},
{"type":"Feature","geometry":{"type":"Polygon","coordinates":[[[7.9445,50.515],[7.9567,50.516],[7.9628,50.5242],[7.9749,50.5276],[7.9878,50.5233],[7.9947,50.5253],[7.9861,50.5274],[7.9792,50.5329],[7.9671,50.5355],[7.9659,50.5353],[7.9559,50.5301],[7.9543,50.5247],[7.9469,50.5171],[7.9414,50.5163],[7.9445,50.515]]]},"properties":{"id":"07143307","name":"Weltersburg","subdivision":"Westerwaldkreis","cx":7.965,"cy":50.529}},
{"type":"Feature","geometry":{"type":"Polygon","coordinates":[[[7.9377,50.5869],[7.9313,50.5772],[7.9236,50.5755],[7.9324,50.565],[7.9407,50.5634],[7.9485,50.5577],[7.9536,50.5504],[7.9384,50.5424],[7.9465,50.5368],[7.9659,50.5353],[7.9671,50.5355],[7.972,50.5383],[7.9631,50.5446],[7.9681,50.5496],[7.9789,50.5504],[7.9964,50.5446],[8.0058,50.5479],[7.9984,50.5543],[8.0083,50.5667],[8.0006,50.5743],[7.9917,50.5754],[7.991,50.5794],[7.9765,50.58],[7.9751,50.5754],[7.9628,50.5752],[7.9485,50.5856],[7.9448,50.5905],[7.9377,50.5869]]]},"properties":{"id":"07143308","name":"Westerburg","subdivision":"Westerwaldkreis","cx":7.967,"cy":50.563}},
{"type":"Feature","geometry":{"type":"Polygon","coordinates":[[[7.9964,50.5446],[7.9789,50.5504],[7.9681,50.5496],[7.9631,50.5446],[7.972,50.5383],[7.9671,50.5355],[7.9792,50.5329],[7.9861,50.5274],[7.9935,50.5326],[7.9964,50.5446]]]},"properties":{"id":"07143312","name":"Willmenrod","subdivision":"Westerwaldkreis","cx":7.981,"cy":50.541}},
{"type":"Feature","geometry":{"type":"Polygon","coordinates":[[[8.0165,50.5842],[8.0092,50.5884],[8.0004,50.5875],[7.9986,50.5818],[7.991,50.5794],[7.9917,50.5754],[8.0006,50.5743],[8.0083,50.5667],[8.0241,50.5693],[8.0259,50.5725],[8.0176,50.5764],[8.0165,50.5842]]]},"properties":{"id":"07143314","name":"Winnen","subdivision":"Westerwaldkreis","cx":8.009,"cy":50.577}},
{"type":"Feature","geometry":{"type":"Polygon","coordinates":[[[7.8538,50.4726],[7.8383,50.477],[7.8262,50.4754],[7.8265,50.472],[7.8364,50.4648],[7.8464,50.4627],[7.8511,50.4629],[7.8538,50.4726]]]},"properties":{"id":"07143003","name":"Bannberscheid","subdivision":"Westerwaldkreis","cx":7.841,"cy":50.47}},
{"type":"Feature","geometry":{"type":"Polygon","coordinates":[[[7.7333,50.4295],[7.7713,50.4369],[7.7706,50.4432],[7.7799,50.4465],[7.8002,50.4506],[7.8137,50.4571],[7.82,50.4569],[7.8118,50.4633],[7.8038,50.4616],[7.7872,50.4653],[7.771,50.4613],[7.7664,50.4522],[7.7483,50.4359],[7.7388,50.4458],[7.7364,50.4483],[7.7367,50.4362],[7.7333,50.4295]]]},"properties":{"id":"07143010","name":"Dernbach (Westerwald)","subdivision":"Westerwaldkreis","cx":7.775,"cy":50.453}},
{"type":"Feature","geometry":{"type":"Polygon","coordinates":[[[7.7364,50.4483],[7.7388,50.4458],[7.7513,50.4581],[7.7575,50.4564],[7.766,50.4591],[7.7626,50.4639],[7.779,50.4669],[7.7791,50.4757],[7.775,50.4777],[7.7542,50.4766],[7.7587,50.468],[7.748,50.4606],[7.7364,50.4483]]]},"properties":{"id":"07143012","name":"Ebernhahn","subdivision":"Westerwaldkreis","cx":7.764,"cy":50.47}},
{"type":"Feature","geometry":{"type":"Polygon","coordinates":[[[7.7983,50.5013],[7.7959,50.4995],[7.8143,50.5019],[7.8269,50.5113],[7.8321,50.5176],[7.8219,50.522],[7.8117,50.5299],[7.8076,50.5277],[7.7957,50.5137],[7.7983,50.5013]]]},"properties":{"id":"07143028","name":"Helferskirchen","subdivision":"Westerwaldkreis","cx":7.811,"cy":50.514}},
{"type":"Feature","geometry":{"type":"Polygon","coordinates":[[[7.7857,50.4956],[7.7935,50.4816],[7.8012,50.4872],[7.8112,50.4895],[7.8224,50.4845],[7.8288,50.4908],[7.8262,50.4957],[7.8143,50.5019],[7.7959,50.4995],[7.7857,50.4956]]]},"properties":{"id":"07143042","name":"Leuterod","subdivision":"Westerwaldkreis","cx":7.803,"cy":50.494}},
{"type":"Feature","geometry":{"type":"Polygon","coordinates":[[[7.863,50.5236],[7.8533,50.5273],[7.8521,50.5249],[7.8349,50.5215],[7.8321,50.5176],[7.8269,50.5113],[7.8143,50.5019],[7.8262,50.4957],[7.8288,50.4908],[7.8417,50.4945],[7.8499,50.5119],[7.8528,50.5173],[7.8606,50.5195],[7.863,50.5236]]]},"properties":{"id":"07143060","name":"Ötzingen","subdivision":"Westerwaldkreis","cx":7.838,"cy":50.509}},
{"type":"Feature","geometry":{"type":"Polygon","coordinates":[[[7.7542,50.4766],[7.775,50.4777],[7.7791,50.4757],[7.791,50.4785],[7.7935,50.4816],[7.7857,50.4956],[7.7758,50.4944],[7.7625,50.4897],[7.7509,50.4812],[7.7542,50.4766]]]},"properties":{"id":"07143070","name":"Siershahn","subdivision":"Westerwaldkreis","cx":7.777,"cy":50.486}},
{"type":"Feature","geometry":{"type":"Polygon","coordinates":[[[7.8464,50.4627],[7.8364,50.4648],[7.8265,50.472],[7.8246,50.4677],[7.8118,50.4633],[7.82,50.4569],[7.8381,50.4535],[7.843,50.4548],[7.8507,50.4571],[7.8464,50.4627]]]},"properties":{"id":"07143073","name":"Staudt","subdivision":"Westerwaldkreis","cx":7.831,"cy":50.461}},
{"type":"Feature","geometry":{"type":"Polygon","coordinates":[[[7.8224,50.4845],[7.8112,50.4895],[7.8012,50.4872],[7.7935,50.4816],[7.791,50.4785],[7.7791,50.4757],[7.779,50.4669],[7.7626,50.4639],[7.766,50.4591],[7.7575,50.4564],[7.7513,50.4581],[7.7388,50.4458],[7.7483,50.4359],[7.7664,50.4522],[7.771,50.4613],[7.7872,50.4653],[7.8038,50.4616],[7.8118,50.4633],[7.8246,50.4677],[7.8265,50.472],[7.8262,50.4754],[7.8294,50.479],[7.8224,50.4845]]]},"properties":{"id":"07143081","name":"Wirges","subdivision":"Westerwaldkreis","cx":7.802,"cy":50.474}},
{"type":"Feature","geometry":{"type":"Polygon","coordinates":[[[7.8351,50.5389],[7.8349,50.5298],[7.8219,50.522],[7.8321,50.5176],[7.8349,50.5215],[7.8521,50.5249],[7.8533,50.5273],[7.8482,50.5399],[7.8351,50.5389]]]},"properties":{"id":"07143275","name":"Niedersayn","subdivision":"Westerwaldkreis","cx":7.842,"cy":50.53}},
{"type":"Feature","geometry":{"type":"Polygon","coordinates":[[[6.6796,49.8544],[6.6735,49.8534],[6.6723,49.8443],[6.6602,49.8234],[6.6571,49.8133],[6.6474,49.8067],[6.6355,49.8028],[6.6362,49.7969],[6.632,49.7936],[6.6292,49.785],[6.6211,49.7831],[6.5978,49.7852],[6.6021,49.7796],[6.5893,49.7767],[6.593,49.7722],[6.6127,49.7682],[6.6156,49.7622],[6.6068,49.7606],[6.5955,49.7547],[6.5788,49.7573],[6.5605,49.7452],[6.5542,49.7398],[6.558,49.7348],[6.5529,49.7286],[6.5572,49.7186],[6.5623,49.7132],[6.5598,49.7018],[6.5626,49.7014],[6.5791,49.7091],[6.6059,49.7174],[6.6173,49.7231],[6.6227,49.7209],[6.6104,49.7083],[6.6152,49.7052],[6.6129,49.6994],[6.6228,49.7],[6.6322,49.7033],[6.6444,49.6993],[6.6517,49.7024],[6.6573,49.7115],[6.6658,49.713],[6.6687,49.7087],[6.6793,49.7077],[6.6844,49.7105],[6.6965,49.71],[6.7019,49.7171],[6.7128,49.7173],[6.7164,49.728],[6.7149,49.7339],[6.7232,49.737],[6.7347,49.7304],[6.7425,49.7389],[6.7298,49.7384],[6.7154,49.7482],[6.7077,49.7514],[6.7136,49.7609],[6.7071,49.7556],[6.6984,49.763],[6.694,49.7574],[6.6864,49.7598],[6.6862,49.7652],[6.6966,49.7719],[6.7126,49.7765],[6.7172,49.7721],[6.7312,49.7766],[6.7382,49.7763],[6.7391,49.7833],[6.7323,49.784],[6.7266,49.7915],[6.7213,49.7929],[6.7116,49.7958],[6.7029,49.7931],[6.7008,49.8031],[6.7313,49.8112],[6.7465,49.8135],[6.7464,49.8143],[6.7411,49.8142],[6.7261,49.8203],[6.7135,49.8211],[6.7068,49.8282],[6.7113,49.8337],[6.7034,49.8412],[6.7049,49.8447],[6.6953,49.8516],[6.6909,49.8577],[6.6796,49.8544]]]},"properties":{"id":"07211000","name":"Trier","subdivision":"Trier","cx":6.653,"cy":49.761}},
{"type":"Feature","geometry":{"type":"Polygon","coordinates":[[[6.9858,49.7887],[6.9775,49.7883],[6.975,49.7938],[6.968,49.7969],[6.9636,49.8091],[6.9588,49.8122],[6.9528,49.8046],[6.956,49.7991],[6.9498,49.7963],[6.9479,49.7841],[6.9412,49.7792],[6.9456,49.7704],[6.9606,49.7712],[6.973,49.7761],[6.9823,49.7806],[6.9858,49.7887]]]},"properties":{"id":"07231006","name":"Berglicht","subdivision":"Bernkastel-Wittlich","cx":6.962,"cy":49.787}},
{"type":"Feature","geometry":{"type":"Polygon","coordinates":[[[6.9538,50.0187],[6.9359,50.0109],[6.924,50.0085],[6.9171,50.0112],[6.9109,50.0089],[6.903,50.0172],[6.9047,50.0217],[6.8998,50.0307],[6.8909,50.0249],[6.8729,50.0198],[6.8726,50.0144],[6.8865,50.0114],[6.866,50.0085],[6.8659,50.0041],[6.8556,49.996],[6.8557,49.9921],[6.8476,49.989],[6.835,49.9905],[6.835,49.9854],[6.8419,49.9763],[6.8492,49.9714],[6.8615,49.9593],[6.8653,49.9565],[6.8717,49.9593],[6.89,49.9627],[6.896,49.9668],[6.8967,49.9714],[6.9129,49.9692],[6.9267,49.9622],[6.9343,49.9551],[6.9481,49.9632],[6.9612,49.9616],[6.9678,49.9681],[6.9556,49.9745],[6.9596,49.9805],[6.97,49.986],[6.9714,49.9932],[6.9767,49.9928],[6.9825,50.0037],[6.9768,50.0087],[6.9722,50.0139],[6.9622,50.0183],[6.9538,50.0187]]]},"properties":{"id":"07231134","name":"Wittlich","subdivision":"Bernkastel-Wittlich","cx":6.926,"cy":49.987}},
{"type":"Feature","geometry":{"type":"Polygon","coordinates":[[[7.1275,49.7666],[7.1254,49.7724],[7.1279,49.7774],[7.1404,49.7833],[7.1514,49.7904],[7.1608,49.7975],[7.1766,49.8059],[7.1892,49.8125],[7.2057,49.824],[7.2143,49.8302],[7.2264,49.8345],[7.2157,49.8425],[7.2135,49.8464],[7.1993,49.8542],[7.1892,49.8633],[7.1643,49.8741],[7.154,49.8762],[7.1434,49.8585],[7.1271,49.8669],[7.1131,49.8682],[7.1047,49.8667],[7.0958,49.8574],[7.0878,49.8585],[7.0884,49.8646],[7.0745,49.8633],[7.0777,49.8525],[7.0734,49.8465],[7.0654,49.8419],[7.0584,49.8391],[7.0393,49.8389],[7.0326,49.8352],[7.0249,49.8322],[7.0037,49.8275],[7.0048,49.8192],[7.014,49.8202],[7.0169,49.8167],[7.0171,49.8019],[7.0073,49.7944],[7.0075,49.7926],[7.0206,49.795],[7.0251,49.7936],[7.0276,49.7869],[7.0364,49.7834],[7.0383,49.7822],[7.0425,49.78],[7.0577,49.78],[7.0648,49.7673],[7.0699,49.7509],[7.0738,49.7539],[7.0852,49.7501],[7.0835,49.7456],[7.0902,49.7417],[7.1061,49.7397],[7.1113,49.7467],[7.1239,49.7507],[7.1303,49.7583],[7.1275,49.7666]]]},"properties":{"id":"07231502","name":"Morbach","subdivision":"Bernkastel-Wittlich","cx":7.111,"cy":49.815}},
{"type":"Feature","geometry":{"type":"Polygon","coordinates":[[[7.0348,49.9153],[7.0299,49.9073],[7.0342,49.8981],[7.0537,49.8934],[7.0721,49.9003],[7.0891,49.9003],[7.1028,49.8962],[7.0989,49.9023],[7.1044,49.9059],[7.1056,49.9134],[7.0932,49.9214],[7.0827,49.925],[7.08,49.9297],[7.0669,49.9265],[7.054,49.9378],[7.0547,49.944],[7.0456,49.9493],[7.0348,49.9467],[7.0157,49.951],[7.0009,49.9582],[6.9967,49.9547],[6.9854,49.9542],[6.9792,49.9562],[6.9775,49.9512],[6.9784,49.9454],[6.9903,49.9441],[6.9977,49.9464],[7.0132,49.9435],[7.0178,49.9412],[7.0304,49.9293],[7.0434,49.9249],[7.0479,49.9176],[7.0348,49.9153]]]},"properties":{"id":"07231008","name":"Bernkastel-Kues","subdivision":"Bernkastel-Wittlich","cx":7.061,"cy":49.914}},
{"type":"Feature","geometry":{"type":"Polygon","coordinates":[[[7.0393,49.8389],[7.0371,49.8441],[7.0224,49.8546],[7.0134,49.8586],[6.9894,49.8648],[6.989,49.8767],[6.9857,49.8802],[6.9924,49.8856],[7.0057,49.888],[7.0048,49.8924],[7.0055,49.9021],[7.0006,49.9051],[6.9986,49.9129],[7.006,49.9146],[7.0025,49.917],[6.9807,49.9142],[6.9781,49.9126],[6.9803,49.9092],[6.9596,49.9011],[6.9686,49.8948],[6.9864,49.8721],[6.9847,49.8664],[6.9984,49.8546],[7.0048,49.8539],[7.0099,49.8466],[7.0208,49.8403],[7.0312,49.8395],[7.0326,49.8352],[7.0393,49.8389]]]},"properties":{"id":"07231012","name":"Brauneberg","subdivision":"Bernkastel-Wittlich","cx":6.989,"cy":49.899}},
{"type":"Feature","geometry":{"type":"Polygon","coordinates":[[[7.0224,49.8546],[7.0314,49.8608],[7.0303,49.8642],[7.0105,49.8833],[7.008,49.8936],[7.0048,49.8924],[7.0057,49.888],[6.9924,49.8856],[6.9857,49.8802],[6.989,49.8767],[6.9894,49.8648],[7.0134,49.8586],[7.0224,49.8546]]]},"properties":{"id":"07231016","name":"Burgen (Bernkastel-Wittlich)","subdivision":"Bernkastel-Wittlich","cx":7.006,"cy":49.872}},
{"type":"Feature","geometry":{"type":"Polygon","coordinates":[[[7.0357,49.9646],[7.0315,49.9707],[7.0357,49.979],[7.0442,49.9805],[7.036,49.9848],[7.0273,49.9852],[7.024,49.993],[7.019,49.9812],[7.0085,49.9782],[7.0207,49.9653],[7.0357,49.9646]]]},"properties":{"id":"07231030","name":"Erden","subdivision":"Bernkastel-Wittlich","cx":7.025,"cy":49.976}},
{"type":"Feature","geometry":{"type":"Polygon","coordinates":[[[7.0654,49.8419],[7.0512,49.8576],[7.0515,49.863],[7.0438,49.8651],[7.0314,49.8608],[7.0224,49.8546],[7.0371,49.8441],[7.0393,49.8389],[7.0584,49.8391],[7.0654,49.8419]]]},"properties":{"id":"07231040","name":"Gornhausen","subdivision":"Bernkastel-Wittlich","cx":7.044,"cy":49.851}},
{"type":"Feature","geometry":{"type":"Polygon","coordinates":[[[7.1056,49.9134],[7.1091,49.9117],[7.1153,49.9186],[7.115,49.9225],[7.0972,49.928],[7.0926,49.9341],[7.0917,49.9412],[7.0798,49.9486],[7.0659,49.954],[7.0492,49.9499],[7.0456,49.9493],[7.0547,49.944],[7.054,49.9378],[7.0669,49.9265],[7.08,49.9297],[7.0827,49.925],[7.0932,49.9214],[7.1056,49.9134]]]},"properties":{"id":"07231041","name":"Graach an der Mosel","subdivision":"Bernkastel-Wittlich","cx":7.074,"cy":49.939}},
{"type":"Feature","geometry":{"type":"Polygon","coordinates":[[[7.2225,49.885],[7.2209,49.8872],[7.2115,49.8797],[7.1957,49.8704],[7.1892,49.8633],[7.1993,49.8542],[7.2135,49.8464],[7.2157,49.8425],[7.2264,49.8345],[7.232,49.8382],[7.2623,49.8535],[7.2638,49.8556],[7.2592,49.8617],[7.2525,49.8641],[7.2448,49.8707],[7.2371,49.868],[7.2309,49.8718],[7.2356,49.8756],[7.2264,49.8798],[7.2225,49.885]]]},"properties":{"id":"07231056","name":"Hochscheid","subdivision":"Bernkastel-Wittlich","cx":7.225,"cy":49.858}},
{"type":"Feature","geometry":{"type":"Polygon","coordinates":[[[6.9781,49.9126],[6.9724,49.9095],[6.962,49.9086],[6.9571,49.9041],[6.9474,49.9025],[6.9369,49.9043],[6.9291,49.9006],[6.9199,49.8998],[6.9285,49.8937],[6.9403,49.8909],[6.9461,49.8842],[6.9508,49.8953],[6.9596,49.9011],[6.9803,49.9092],[6.9781,49.9126]]]},"properties":{"id":"07231066","name":"Kesten","subdivision":"Bernkastel-Wittlich","cx":6.945,"cy":49.897}},
{"type":"Feature","geometry":{"type":"Polygon","coordinates":[[[7.2195,49.9064],[7.2115,49.9028],[7.198,49.9013],[7.1932,49.9077],[7.1764,49.9047],[7.1714,49.9092],[7.1608,49.9104],[7.1477,49.9163],[7.1386,49.9152],[7.1355,49.9101],[7.1402,49.9066],[7.1394,49.8895],[7.1519,49.8786],[7.154,49.8762],[7.1643,49.8741],[7.1892,49.8633],[7.1957,49.8704],[7.2115,49.8797],[7.2209,49.8872],[7.2118,49.9001],[7.2195,49.9064]]]},"properties":{"id":"07231070","name":"Kleinich","subdivision":"Bernkastel-Wittlich","cx":7.178,"cy":49.887}},
{"type":"Feature","geometry":{"type":"Polygon","coordinates":[[[7.154,49.8762],[7.1519,49.8786],[7.1463,49.876],[7.1372,49.8839],[7.1272,49.8838],[7.1215,49.881],[7.1298,49.869],[7.1384,49.8651],[7.1434,49.8585],[7.154,49.8762]]]},"properties":{"id":"07231071","name":"Kommen","subdivision":"Bernkastel-Wittlich","cx":7.138,"cy":49.874}},
{"type":"Feature","geometry":{"type":"Polygon","coordinates":[[[7.0132,49.9435],[7.0036,49.9311],[7.0114,49.9235],[7.0068,49.9146],[7.0348,49.9153],[7.0479,49.9176],[7.0434,49.9249],[7.0304,49.9293],[7.0178,49.9412],[7.0132,49.9435]]]},"properties":{"id":"07231075","name":"Lieser","subdivision":"Bernkastel-Wittlich","cx":7.022,"cy":49.925}},
{"type":"Feature","geometry":{"type":"Polygon","coordinates":[[[7.0357,49.9646],[7.0442,49.9591],[7.0603,49.9579],[7.0713,49.962],[7.058,49.96],[7.0484,49.9643],[7.0508,49.9733],[7.0442,49.9805],[7.0357,49.979],[7.0315,49.9707],[7.0357,49.9646]]]},"properties":{"id":"07231076","name":"Lösnich","subdivision":"Bernkastel-Wittlich","cx":7.042,"cy":49.97}},
{"type":"Feature","geometry":{"type":"Polygon","coordinates":[[[7.1434,49.8585],[7.1384,49.8651],[7.1298,49.869],[7.1215,49.881],[7.1272,49.8838],[7.1372,49.8839],[7.1463,49.876],[7.1519,49.8786],[7.1394,49.8895],[7.1402,49.9066],[7.1246,49.9106],[7.1203,49.9082],[7.1091,49.9117],[7.1056,49.9134],[7.1044,49.9059],[7.0989,49.9023],[7.1028,49.8962],[7.1049,49.8873],[7.1034,49.8824],[7.1096,49.8722],[7.1047,49.8667],[7.1131,49.8682],[7.1271,49.8669],[7.1434,49.8585]]]},"properties":{"id":"07231077","name":"Longkamp","subdivision":"Bernkastel-Wittlich","cx":7.12,"cy":49.894}},
{"type":"Feature","geometry":{"type":"Polygon","coordinates":[[[6.9775,49.9512],[6.9659,49.9501],[6.9521,49.9386],[6.9458,49.9367],[6.9526,49.926],[6.9717,49.9257],[6.9713,49.9231],[6.9807,49.9142],[7.0025,49.917],[7.006,49.9146],[7.0068,49.9146],[7.0114,49.9235],[7.0036,49.9311],[7.0132,49.9435],[6.9977,49.9464],[6.9903,49.9441],[6.9784,49.9454],[6.9775,49.9512]]]},"properties":{"id":"07231081","name":"Maring-Noviand","subdivision":"Bernkastel-Wittlich","cx":6.984,"cy":49.931}},
{"type":"Feature","geometry":{"type":"Polygon","coordinates":[[[6.9199,49.8998],[6.9024,49.9083],[6.8937,49.9058],[6.8978,49.8954],[6.9079,49.8958],[6.9334,49.8884],[6.9376,49.8785],[6.9307,49.8749],[6.927,49.8672],[6.9343,49.8622],[6.9412,49.8632],[6.9467,49.8694],[6.9483,49.878],[6.9461,49.8842],[6.9403,49.8909],[6.9285,49.8937],[6.9199,49.8998]]]},"properties":{"id":"07231086","name":"Minheim","subdivision":"Bernkastel-Wittlich","cx":6.937,"cy":49.87}},
{"type":"Feature","geometry":{"type":"Polygon","coordinates":[[[8.1209,49.6707],[8.1324,49.6735],[8.1457,49.661],[8.1502,49.6612],[8.1735,49.6668],[8.1853,49.6729],[8.1781,49.6837],[8.1723,49.6831],[8.1713,49.6931],[8.156,49.6894],[8.1487,49.6891],[8.1185,49.6812],[8.1209,49.6707]]]},"properties":{"id":"07331052","name":"Ober-Flörsheim","subdivision":"Alzey-Worms","cx":8.153,"cy":49.677}},
{"type":"Feature","geometry":{"type":"Polygon","coordinates":[[[7.1047,49.8667],[7.1096,49.8722],[7.1034,49.8824],[7.1049,49.8873],[7.1028,49.8962],[7.0891,49.9003],[7.0721,49.9003],[7.0537,49.8934],[7.0529,49.886],[7.055,49.8829],[7.0667,49.8809],[7.0668,49.8751],[7.0745,49.8633],[7.0884,49.8646],[7.0878,49.8585],[7.0958,49.8574],[7.1047,49.8667]]]},"properties":{"id":"07231087","name":"Monzelfeld","subdivision":"Bernkastel-Wittlich","cx":7.084,"cy":49.882}},
{"type":"Feature","geometry":{"type":"Polygon","coordinates":[[[7.0348,49.9153],[7.0068,49.9146],[7.006,49.9146],[6.9986,49.9129],[7.0006,49.9051],[7.0055,49.9021],[7.0048,49.8924],[7.008,49.8936],[7.0085,49.9003],[7.0214,49.9038],[7.0287,49.8958],[7.0359,49.8935],[7.0445,49.8869],[7.0529,49.886],[7.0537,49.8934],[7.0342,49.8981],[7.0299,49.9073],[7.0348,49.9153]]]},"properties":{"id":"07231090","name":"Mülheim an der Mosel","subdivision":"Bernkastel-Wittlich","cx":7.015,"cy":49.909}},
{"type":"Feature","geometry":{"type":"Polygon","coordinates":[[[6.8861,49.8472],[6.8935,49.8431],[6.9011,49.8318],[6.9127,49.8274],[6.9299,49.8238],[6.9382,49.8262],[6.9484,49.8182],[6.9515,49.8186],[6.9509,49.8237],[6.9439,49.8278],[6.951,49.8328],[6.9431,49.8312],[6.9387,49.8402],[6.9257,49.854],[6.9144,49.8596],[6.9105,49.8651],[6.8973,49.8671],[6.8942,49.8749],[6.8888,49.8788],[6.8748,49.8782],[6.8724,49.8805],[6.8715,49.8798],[6.8719,49.873],[6.8779,49.8692],[6.8771,49.8628],[6.8845,49.8594],[6.8861,49.8472]]]},"properties":{"id":"07231092","name":"Neumagen-Dhron","subdivision":"Bernkastel-Wittlich","cx":6.909,"cy":49.847}},
{"type":"Feature","geometry":{"type":"Polygon","coordinates":[[[6.8978,49.8954],[6.8927,49.8882],[6.8819,49.8875],[6.8726,49.8837],[6.8724,49.8805],[6.8748,49.8782],[6.8888,49.8788],[6.8942,49.8749],[6.8973,49.8671],[6.9105,49.8651],[6.9144,49.8596],[6.9257,49.854],[6.9387,49.8402],[6.9431,49.8312],[6.951,49.8328],[6.9581,49.8317],[6.9824,49.8419],[6.9748,49.8519],[6.9577,49.8605],[6.9553,49.8677],[6.9467,49.8694],[6.9412,49.8632],[6.9343,49.8622],[6.927,49.8672],[6.9307,49.8749],[6.9376,49.8785],[6.9334,49.8884],[6.9079,49.8958],[6.8978,49.8954]]]},"properties":{"id":"07231105","name":"Piesport","subdivision":"Bernkastel-Wittlich","cx":6.917,"cy":49.877}},
{"type":"Feature","geometry":{"type":"Polygon","coordinates":[[[7.024,49.993],[7.0112,49.9971],[7.0079,50.0032],[6.9955,50.0038],[6.9913,49.9975],[6.9814,49.9887],[6.9988,49.9765],[7.0085,49.9782],[7.019,49.9812],[7.024,49.993]]]},"properties":{"id":"07231125","name":"Ürzig","subdivision":"Bernkastel-Wittlich","cx":7.003,"cy":49.99}},
{"type":"Feature","geometry":{"type":"Polygon","coordinates":[[[7.0745,49.8633],[7.0668,49.8751],[7.0667,49.8809],[7.055,49.8829],[7.0529,49.886],[7.0445,49.8869],[7.0359,49.8935],[7.0287,49.8958],[7.0214,49.9038],[7.0085,49.9003],[7.008,49.8936],[7.0105,49.8833],[7.0303,49.8642],[7.0314,49.8608],[7.0438,49.8651],[7.0515,49.863],[7.0512,49.8576],[7.0654,49.8419],[7.0734,49.8465],[7.0777,49.8525],[7.0745,49.8633]]]},"properties":{"id":"07231126","name":"Veldenz","subdivision":"Bernkastel-Wittlich","cx":7.04,"cy":49.876}},
{"type":"Feature","geometry":{"type":"Polygon","coordinates":[[[7.0326,49.8352],[7.0312,49.8395],[7.0208,49.8403],[7.0099,49.8466],[7.0048,49.8539],[6.9984,49.8546],[6.9847,49.8664],[6.9864,49.8721],[6.9686,49.8948],[6.9596,49.9011],[6.9508,49.8953],[6.9461,49.8842],[6.9483,49.878],[6.9467,49.8694],[6.9553,49.8677],[6.9577,49.8605],[6.9748,49.8519],[6.9824,49.8419],[6.9875,49.8299],[6.9925,49.827],[7.0037,49.8275],[7.0249,49.8322],[7.0326,49.8352]]]},"properties":{"id":"07231133","name":"Wintrich","subdivision":"Bernkastel-Wittlich","cx":6.972,"cy":49.868}},
{"type":"Feature","geometry":{"type":"Polygon","coordinates":[[[6.9612,49.9616],[6.9682,49.9574],[6.9792,49.9562],[6.9854,49.9542],[6.9967,49.9547],[7.0009,49.9582],[7.0157,49.951],[7.0348,49.9467],[7.0456,49.9493],[7.0492,49.9499],[7.0512,49.9543],[7.0603,49.9579],[7.0442,49.9591],[7.0357,49.9646],[7.0207,49.9653],[7.0085,49.9782],[6.9988,49.9765],[6.9814,49.9887],[6.9913,49.9975],[6.9955,50.0038],[6.9817,50.0093],[6.9768,50.0087],[6.9825,50.0037],[6.9767,49.9928],[6.9714,49.9932],[6.97,49.986],[6.9596,49.9805],[6.9556,49.9745],[6.9678,49.9681],[6.9612,49.9616]]]},"properties":{"id":"07231136","name":"Zeltingen-Rachtig","subdivision":"Bernkastel-Wittlich","cx":6.989,"cy":49.968}},
{"type":"Feature","geometry":{"type":"Polygon","coordinates":[[[6.9677,49.7262],[6.9695,49.7318],[6.9758,49.7364],[6.9811,49.7435],[6.9754,49.7436],[6.9636,49.7374],[6.9533,49.7413],[6.9462,49.7356],[6.9486,49.7301],[6.9535,49.7242],[6.9627,49.7226],[6.9677,49.7262]]]},"properties":{"id":"07231017","name":"Burtscheid","subdivision":"Bernkastel-Wittlich","cx":6.961,"cy":49.731}},
{"type":"Feature","geometry":{"type":"Polygon","coordinates":[[[7.0648,49.7673],[7.0408,49.7605],[7.0379,49.7612],[7.0328,49.7564],[7.0389,49.7548],[7.0405,49.7482],[7.0491,49.7469],[7.0699,49.7509],[7.0648,49.7673]]]},"properties":{"id":"07231018","name":"Deuselbach","subdivision":"Bernkastel-Wittlich","cx":7.053,"cy":49.756}},
{"type":"Feature","geometry":{"type":"Polygon","coordinates":[[[6.9677,49.7262],[6.9882,49.7255],[6.9899,49.7326],[6.9758,49.7364],[6.9695,49.7318],[6.9677,49.7262]]]},"properties":{"id":"07231019","name":"Dhronecken","subdivision":"Bernkastel-Wittlich","cx":6.979,"cy":49.73}},
{"type":"Feature","geometry":{"type":"Polygon","coordinates":[[[7.0075,49.7926],[7.0042,49.7896],[7.0071,49.78],[7.0115,49.7752],[7.0217,49.7713],[7.0321,49.7771],[7.0364,49.7834],[7.0276,49.7869],[7.0251,49.7936],[7.0206,49.795],[7.0075,49.7926]]]},"properties":{"id":"07231032","name":"Etgert","subdivision":"Bernkastel-Wittlich","cx":7.019,"cy":49.783}},
{"type":"Feature","geometry":{"type":"Polygon","coordinates":[[[6.255,49.9621],[6.2457,49.9612],[6.2412,49.9546],[6.2517,49.9442],[6.2706,49.9434],[6.2725,49.9399],[6.2827,49.947],[6.2756,49.9628],[6.271,49.9657],[6.2599,49.9606],[6.255,49.9621]]]},"properties":{"id":"07232040","name":"Geichlingen","subdivision":"Eifelkreis Bitburg-Prüm","cx":6.264,"cy":49.953}},
{"type":"Feature","geometry":{"type":"Polygon","coordinates":[[[6.973,49.7761],[6.9738,49.7743],[6.9845,49.777],[6.9965,49.7732],[7.0073,49.7643],[7.0132,49.7678],[7.0115,49.7752],[7.0071,49.78],[7.0042,49.7896],[6.9924,49.7875],[6.9858,49.7887],[6.9823,49.7806],[6.973,49.7761]]]},"properties":{"id":"07231035","name":"Gielert","subdivision":"Bernkastel-Wittlich","cx":6.998,"cy":49.78}},
{"type":"Feature","geometry":{"type":"Polygon","coordinates":[[[6.9858,49.7887],[6.9924,49.7875],[7.0042,49.7896],[7.0075,49.7926],[7.0073,49.7944],[6.9994,49.7955],[6.9934,49.802],[6.9841,49.8023],[6.9768,49.7994],[6.9636,49.8091],[6.968,49.7969],[6.975,49.7938],[6.9775,49.7883],[6.9858,49.7887]]]},"properties":{"id":"07231042","name":"Gräfendhron","subdivision":"Bernkastel-Wittlich","cx":6.986,"cy":49.796}},
{"type":"Feature","geometry":{"type":"Polygon","coordinates":[[[7.1061,49.7397],[7.0902,49.7417],[7.0835,49.7456],[7.0766,49.7405],[7.0404,49.7273],[7.0383,49.7334],[7.0234,49.7379],[7.0082,49.7395],[7.0003,49.7365],[6.9952,49.742],[6.9811,49.7435],[6.9758,49.7364],[6.9899,49.7326],[6.9882,49.7255],[7.0024,49.7262],[7.0112,49.7219],[7.0262,49.7209],[7.0349,49.7095],[7.0388,49.7072],[7.0564,49.7109],[7.0718,49.7104],[7.0831,49.7221],[7.0965,49.7297],[7.1061,49.7397]]]},"properties":{"id":"07231054","name":"Hilscheid","subdivision":"Bernkastel-Wittlich","cx":7.06,"cy":49.722}},
{"type":"Feature","geometry":{"type":"Polygon","coordinates":[[[6.9636,49.8091],[6.9768,49.7994],[6.9841,49.8023],[6.9934,49.802],[7.0033,49.8117],[7.0048,49.8192],[7.0037,49.8275],[6.9925,49.827],[6.9875,49.8299],[6.9824,49.8419],[6.9581,49.8317],[6.951,49.8328],[6.9439,49.8278],[6.9509,49.8237],[6.9515,49.8186],[6.9588,49.8122],[6.9636,49.8091]]]},"properties":{"id":"07231058","name":"Horath","subdivision":"Bernkastel-Wittlich","cx":6.977,"cy":49.82}},
{"type":"Feature","geometry":{"type":"Polygon","coordinates":[[[7.0364,49.7834],[7.0321,49.7771],[7.0217,49.7713],[7.0115,49.7752],[7.0132,49.7678],[7.0073,49.7643],[7.0328,49.7564],[7.0379,49.7612],[7.0371,49.772],[7.0338,49.7751],[7.0383,49.7822],[7.0364,49.7834]]]},"properties":{"id":"07231064","name":"Immert","subdivision":"Bernkastel-Wittlich","cx":7.027,"cy":49.766}},
{"type":"Feature","geometry":{"type":"Polygon","coordinates":[[[6.9811,49.7435],[6.9759,49.7552],[6.9498,49.7493],[6.9571,49.7467],[6.9533,49.7413],[6.9636,49.7374],[6.9754,49.7436],[6.9811,49.7435]]]},"properties":{"id":"07231078","name":"Lückenburg","subdivision":"Bernkastel-Wittlich","cx":6.966,"cy":49.746}},
{"type":"Feature","geometry":{"type":"Polygon","coordinates":[[[7.0718,49.7104],[7.0564,49.7109],[7.0388,49.7072],[7.0349,49.7095],[7.0262,49.7209],[7.0112,49.7219],[7.0024,49.7262],[6.9882,49.7255],[6.9677,49.7262],[6.9627,49.7226],[6.9733,49.7171],[6.9742,49.7128],[6.9662,49.7062],[6.9648,49.6941],[6.9715,49.6909],[6.9762,49.6902],[6.9849,49.683],[6.9783,49.6776],[6.9925,49.6771],[7.0043,49.673],[7.0139,49.6769],[7.0237,49.6814],[7.0314,49.6803],[7.0443,49.6893],[7.0579,49.7015],[7.0718,49.7104]]]},"properties":{"id":"07231079","name":"Malborn","subdivision":"Bernkastel-Wittlich","cx":7.007,"cy":49.7}},
{"type":"Feature","geometry":{"type":"Polygon","coordinates":[[[7.0048,49.8192],[7.0033,49.8117],[6.9934,49.802],[6.9994,49.7955],[7.0073,49.7944],[7.0171,49.8019],[7.0169,49.8167],[7.014,49.8202],[7.0048,49.8192]]]},"properties":{"id":"07231083","name":"Merschbach","subdivision":"Bernkastel-Wittlich","cx":7.008,"cy":49.806}},
{"type":"Feature","geometry":{"type":"Polygon","coordinates":[[[6.9533,49.7413],[6.9571,49.7467],[6.9498,49.7493],[6.9447,49.7556],[6.9314,49.749],[6.9223,49.7506],[6.9171,49.7481],[6.9224,49.7436],[6.9462,49.7356],[6.9533,49.7413]]]},"properties":{"id":"07231093","name":"Neunkirchen (Bernkastel-Wittlich)","subdivision":"Bernkastel-Wittlich","cx":6.94,"cy":49.745}},
{"type":"Feature","geometry":{"type":"Polygon","coordinates":[[[7.0383,49.7822],[7.0338,49.7751],[7.0371,49.772],[7.0379,49.7612],[7.0408,49.7605],[7.0648,49.7673],[7.0577,49.78],[7.0425,49.78],[7.0383,49.7822]]]},"properties":{"id":"07231112","name":"Rorodt","subdivision":"Bernkastel-Wittlich","cx":7.048,"cy":49.771}},
{"type":"Feature","geometry":{"type":"Polygon","coordinates":[[[6.9412,49.7792],[6.9332,49.7692],[6.9118,49.7617],[6.9002,49.7636],[6.9012,49.7599],[6.9071,49.7578],[6.9072,49.7513],[6.9115,49.7491],[6.9171,49.7481],[6.9223,49.7506],[6.9314,49.749],[6.9447,49.7556],[6.9419,49.7621],[6.9456,49.7704],[6.9412,49.7792]]]},"properties":{"id":"07231115","name":"Schönberg","subdivision":"Bernkastel-Wittlich","cx":6.927,"cy":49.758}},
{"type":"Feature","geometry":{"type":"Polygon","coordinates":[[[6.9456,49.7704],[6.9419,49.7621],[6.9447,49.7556],[6.9498,49.7493],[6.9759,49.7552],[6.9672,49.7632],[6.9593,49.7667],[6.9654,49.7725],[6.9738,49.7743],[6.973,49.7761],[6.9606,49.7712],[6.9456,49.7704]]]},"properties":{"id":"07231122","name":"Talling","subdivision":"Bernkastel-Wittlich","cx":6.956,"cy":49.759}},
{"type":"Feature","geometry":{"type":"Polygon","coordinates":[[[7.0699,49.7509],[7.0491,49.7469],[7.0405,49.7482],[7.0389,49.7548],[7.0328,49.7564],[7.0073,49.7643],[6.9965,49.7732],[6.9845,49.777],[6.9738,49.7743],[6.9654,49.7725],[6.9593,49.7667],[6.9672,49.7632],[6.9759,49.7552],[6.9811,49.7435],[6.9952,49.742],[7.0003,49.7365],[7.0082,49.7395],[7.0234,49.7379],[7.0383,49.7334],[7.0404,49.7273],[7.0766,49.7405],[7.0835,49.7456],[7.0852,49.7501],[7.0738,49.7539],[7.0699,49.7509]]]},"properties":{"id":"07231123","name":"Thalfang","subdivision":"Bernkastel-Wittlich","cx":6.996,"cy":49.756}},
{"type":"Feature","geometry":{"type":"Polygon","coordinates":[[[6.9412,49.7792],[6.9388,49.7794],[6.9352,49.7745],[6.9247,49.7759],[6.9116,49.7805],[6.9009,49.7794],[6.8959,49.7736],[6.9002,49.7636],[6.9118,49.7617],[6.9332,49.7692],[6.9412,49.7792]]]},"properties":{"id":"07231202","name":"Breit","subdivision":"Bernkastel-Wittlich","cx":6.914,"cy":49.771}},
{"type":"Feature","geometry":{"type":"Polygon","coordinates":[[[6.9388,49.7794],[6.9221,49.7848],[6.9031,49.7862],[6.8984,49.7915],[6.8969,49.7881],[6.8788,49.7834],[6.8754,49.7796],[6.8959,49.7736],[6.9009,49.7794],[6.9116,49.7805],[6.9247,49.7759],[6.9352,49.7745],[6.9388,49.7794]]]},"properties":{"id":"07231203","name":"Büdlich","subdivision":"Bernkastel-Wittlich","cx":6.896,"cy":49.782}},
{"type":"Feature","geometry":{"type":"Polygon","coordinates":[[[6.9588,49.8122],[6.9515,49.8186],[6.9484,49.8182],[6.9436,49.8052],[6.9371,49.8063],[6.9237,49.803],[6.9127,49.8074],[6.9049,49.8033],[6.8984,49.7915],[6.9031,49.7862],[6.9221,49.7848],[6.9388,49.7794],[6.9412,49.7792],[6.9479,49.7841],[6.9498,49.7963],[6.956,49.7991],[6.9528,49.8046],[6.9588,49.8122]]]},"properties":{"id":"07231204","name":"Heidenburg","subdivision":"Bernkastel-Wittlich","cx":6.932,"cy":49.793}},
{"type":"Feature","geometry":{"type":"Polygon","coordinates":[[[6.8653,49.9565],[6.8595,49.9503],[6.8848,49.9329],[6.8865,49.9272],[6.8916,49.9298],[6.9027,49.9211],[6.9083,49.9243],[6.9267,49.9392],[6.9228,49.9494],[6.9343,49.9551],[6.9267,49.9622],[6.9129,49.9692],[6.8967,49.9714],[6.896,49.9668],[6.89,49.9627],[6.8717,49.9593],[6.8653,49.9565]]]},"properties":{"id":"07231001","name":"Altrich","subdivision":"Bernkastel-Wittlich","cx":6.9,"cy":49.947}},
{"type":"Feature","geometry":{"type":"Polygon","coordinates":[[[6.7078,49.9409],[6.7189,49.9459],[6.7298,49.9459],[6.7406,49.9481],[6.7457,49.9434],[6.755,49.9461],[6.7704,49.9453],[6.7643,49.9521],[6.7712,49.9552],[6.7693,49.9634],[6.7649,49.9677],[6.7581,49.9703],[6.7423,49.9703],[6.7411,49.956],[6.7339,49.9563],[6.7161,49.9491],[6.7105,49.9443],[6.7045,49.9482],[6.7078,49.9409]]]},"properties":{"id":"07231003","name":"Arenrath","subdivision":"Bernkastel-Wittlich","cx":6.752,"cy":49.957}},
{"type":"Feature","geometry":{"type":"Polygon","coordinates":[[[7.9956,49.7829],[8.0084,49.7974],[8.0049,49.8003],[8.0177,49.8052],[8.0142,49.8091],[8.0082,49.8092],[7.981,49.8059],[7.9833,49.8004],[7.9767,49.797],[7.9767,49.7924],[7.989,49.7799],[7.9956,49.7829]]]},"properties":{"id":"07331017","name":"Eckelsheim","subdivision":"Alzey-Worms","cx":7.994,"cy":49.797}},
{"type":"Feature","geometry":{"type":"Polygon","coordinates":[[[6.835,49.9905],[6.8207,49.992],[6.8135,49.9901],[6.7997,49.9905],[6.7829,49.9834],[6.7738,49.9764],[6.7851,49.9794],[6.7961,49.9756],[6.8009,49.9699],[6.8021,49.9538],[6.8082,49.9514],[6.8148,49.9555],[6.8322,49.9578],[6.8501,49.9626],[6.8615,49.9593],[6.8492,49.9714],[6.8419,49.9763],[6.835,49.9854],[6.835,49.9905]]]},"properties":{"id":"07231007","name":"Bergweiler","subdivision":"Bernkastel-Wittlich","cx":6.819,"cy":49.973}},
{"type":"Feature","geometry":{"type":"Polygon","coordinates":[[[6.8083,50.0668],[6.802,50.0728],[6.7994,50.0837],[6.789,50.0958],[6.7557,50.0909],[6.7544,50.085],[6.7352,50.08],[6.7152,50.0704],[6.724,50.0706],[6.7305,50.0651],[6.7334,50.059],[6.7393,50.0549],[6.7603,50.0476],[6.7574,50.0533],[6.7492,50.0554],[6.7552,50.0616],[6.7626,50.0598],[6.7967,50.0637],[6.8083,50.0668]]]},"properties":{"id":"07231009","name":"Bettenfeld","subdivision":"Bernkastel-Wittlich","cx":6.765,"cy":50.075}},
{"type":"Feature","geometry":{"type":"Polygon","coordinates":[[[6.7423,49.9703],[6.7303,49.9721],[6.7182,49.9689],[6.7117,49.9712],[6.7128,49.9762],[6.7216,49.9828],[6.7139,49.9849],[6.695,49.9716],[6.6812,49.9649],[6.6864,49.9561],[6.6927,49.9507],[6.7045,49.9482],[6.7105,49.9443],[6.7161,49.9491],[6.7339,49.9563],[6.7411,49.956],[6.7423,49.9703]]]},"properties":{"id":"07231010","name":"Binsfeld","subdivision":"Bernkastel-Wittlich","cx":6.711,"cy":49.959}},
{"type":"Feature","geometry":{"type":"Polygon","coordinates":[[[6.7704,49.9453],[6.7713,49.9399],[6.788,49.9458],[6.7936,49.9456],[6.7932,49.9513],[6.8082,49.9514],[6.8021,49.9538],[6.8009,49.9699],[6.7961,49.9756],[6.7851,49.9794],[6.7738,49.9764],[6.7667,49.9732],[6.7649,49.9677],[6.7693,49.9634],[6.7712,49.9552],[6.7643,49.9521],[6.7704,49.9453]]]},"properties":{"id":"07231013","name":"Bruch","subdivision":"Bernkastel-Wittlich","cx":6.784,"cy":49.961}},
{"type":"Feature","geometry":{"type":"Polygon","coordinates":[[[6.9054,50.0785],[6.9028,50.087],[6.8912,50.0885],[6.8818,50.0855],[6.8841,50.0806],[6.9001,50.0773],[6.9054,50.0785]]]},"properties":{"id":"07231021","name":"Dierfeld","subdivision":"Bernkastel-Wittlich","cx":6.894,"cy":50.083}},
{"type":"Feature","geometry":{"type":"Polygon","coordinates":[[[6.7449,49.8884],[6.7555,49.8926],[6.763,49.8915],[6.7725,49.8945],[6.7691,49.9105],[6.7611,49.9105],[6.7613,49.9057],[6.7499,49.8965],[6.7449,49.8884]]]},"properties":{"id":"07231022","name":"Dierscheid","subdivision":"Bernkastel-Wittlich","cx":6.762,"cy":49.898}},
{"type":"Feature","geometry":{"type":"Polygon","coordinates":[[[6.7691,49.9105],[6.7845,49.9094],[6.7854,49.9159],[6.794,49.9184],[6.7939,49.9189],[6.7965,49.927],[6.7941,49.9326],[6.7864,49.9292],[6.7741,49.9296],[6.7658,49.9229],[6.7611,49.9105],[6.7691,49.9105]]]},"properties":{"id":"07231023","name":"Dodenburg","subdivision":"Bernkastel-Wittlich","cx":6.778,"cy":49.921}},
{"type":"Feature","geometry":{"type":"Polygon","coordinates":[[[6.8615,49.9593],[6.8501,49.9626],[6.8322,49.9578],[6.8148,49.9555],[6.8082,49.9514],[6.7932,49.9513],[6.7936,49.9456],[6.8,49.9373],[6.7941,49.9326],[6.7965,49.927],[6.804,49.9271],[6.8206,49.9348],[6.8288,49.9291],[6.8382,49.9417],[6.854,49.9469],[6.8595,49.9503],[6.8653,49.9565],[6.8615,49.9593]]]},"properties":{"id":"07231024","name":"Dreis","subdivision":"Bernkastel-Wittlich","cx":6.825,"cy":49.946}},
{"type":"Feature","geometry":{"type":"Polygon","coordinates":[[[6.763,49.8915],[6.7604,49.8788],[6.7669,49.8797],[6.7846,49.8776],[6.7971,49.861],[6.7947,49.8539],[6.7981,49.8517],[6.8043,49.8542],[6.8142,49.8621],[6.8231,49.859],[6.8266,49.8628],[6.8385,49.864],[6.8348,49.8667],[6.8359,49.8739],[6.8255,49.8852],[6.8146,49.8834],[6.8068,49.8893],[6.8047,49.8949],[6.7913,49.8978],[6.7725,49.8945],[6.763,49.8915]]]},"properties":{"id":"07231053","name":"Hetzerath","subdivision":"Bernkastel-Wittlich","cx":6.801,"cy":49.878}},
{"type":"Feature","geometry":{"type":"Polygon","coordinates":[[[6.8124,50.1194],[6.8115,50.1135],[6.8158,50.1062],[6.8087,50.1041],[6.8178,50.0951],[6.8238,50.0983],[6.8523,50.1008],[6.8541,50.0992],[6.865,50.1023],[6.8741,50.1098],[6.8775,50.1084],[6.8801,50.1149],[6.8773,50.1184],[6.8659,50.1228],[6.8606,50.1294],[6.8446,50.1288],[6.822,50.124],[6.8143,50.1239],[6.8124,50.1194]]]},"properties":{"id":"07231025","name":"Eckfeld","subdivision":"Bernkastel-Wittlich","cx":6.843,"cy":50.113}},
{"type":"Feature","geometry":{"type":"Polygon","coordinates":[[[6.7152,50.0704],[6.7037,50.0718],[6.6974,50.0815],[6.695,50.068],[6.6985,50.0594],[6.704,50.057],[6.718,50.0454],[6.717,50.0425],[6.7326,50.0397],[6.7464,50.0338],[6.7514,50.0291],[6.7519,50.0287],[6.7622,50.0428],[6.7603,50.0476],[6.7393,50.0549],[6.7334,50.059],[6.7305,50.0651],[6.724,50.0706],[6.7152,50.0704]]]},"properties":{"id":"07231026","name":"Eisenschmitt","subdivision":"Bernkastel-Wittlich","cx":6.724,"cy":50.054}},
{"type":"Feature","geometry":{"type":"Polygon","coordinates":[[[6.8576,49.9075],[6.8486,49.9087],[6.8451,49.9004],[6.838,49.8982],[6.8435,49.8869],[6.8469,49.8908],[6.8636,49.8949],[6.8576,49.9075]]]},"properties":{"id":"07231031","name":"Esch (Bernkastel-Wittlich)","subdivision":"Bernkastel-Wittlich","cx":6.852,"cy":49.899}},
{"type":"Feature","geometry":{"type":"Polygon","coordinates":[[[6.8764,50.0369],[6.8757,50.0456],[6.8682,50.0565],[6.8528,50.0554],[6.8441,50.0489],[6.847,50.0414],[6.8438,50.0371],[6.8525,50.0315],[6.8714,50.0344],[6.8764,50.0369]]]},"properties":{"id":"07231036","name":"Gipperath","subdivision":"Bernkastel-Wittlich","cx":6.86,"cy":50.044}},
{"type":"Feature","geometry":{"type":"Polygon","coordinates":[[[6.7713,49.9399],[6.7609,49.9357],[6.7658,49.9229],[6.7741,49.9296],[6.7864,49.9292],[6.7941,49.9326],[6.8,49.9373],[6.7936,49.9456],[6.788,49.9458],[6.7713,49.9399]]]},"properties":{"id":"07231037","name":"Gladbach","subdivision":"Bernkastel-Wittlich","cx":6.781,"cy":49.936}},
{"type":"Feature","geometry":{"type":"Polygon","coordinates":[[[6.903,50.0172],[6.9195,50.0315],[6.9214,50.0374],[6.9163,50.0449],[6.9076,50.0469],[6.8954,50.0459],[6.8852,50.0416],[6.8998,50.0307],[6.9047,50.0217],[6.903,50.0172]]]},"properties":{"id":"07231044","name":"Greimerath (Bernkastel-Wittlich)","subdivision":"Bernkastel-Wittlich","cx":6.907,"cy":50.037}},
{"type":"Feature","geometry":{"type":"Polygon","coordinates":[[[6.7603,50.0476],[6.7622,50.0428],[6.7519,50.0287],[6.7556,50.0255],[6.7799,50.0145],[6.7913,50.0128],[6.8077,50.0161],[6.8153,50.0142],[6.8223,50.0211],[6.8334,50.0269],[6.8198,50.0374],[6.811,50.0354],[6.7894,50.0369],[6.7854,50.0422],[6.7755,50.0441],[6.7639,50.056],[6.7574,50.0533],[6.7603,50.0476]]]},"properties":{"id":"07231046","name":"Großlittgen","subdivision":"Bernkastel-Wittlich","cx":6.784,"cy":50.026}},
{"type":"Feature","geometry":{"type":"Polygon","coordinates":[[[6.9214,50.0374],[6.9287,50.0448],[6.9372,50.046],[6.9353,50.0522],[6.9268,50.0599],[6.9207,50.0632],[6.9103,50.0734],[6.9096,50.0736],[6.9014,50.0703],[6.9042,50.0659],[6.8983,50.0567],[6.8954,50.0459],[6.9076,50.0469],[6.9163,50.0449],[6.9214,50.0374]]]},"properties":{"id":"07231049","name":"Hasborn","subdivision":"Bernkastel-Wittlich","cx":6.915,"cy":50.055}},
{"type":"Feature","geometry":{"type":"Polygon","coordinates":[[[6.7725,49.8945],[6.7913,49.8978],[6.8047,49.8949],[6.81,49.9015],[6.794,49.9184],[6.7854,49.9159],[6.7845,49.9094],[6.7691,49.9105],[6.7725,49.8945]]]},"properties":{"id":"07231050","name":"Heckenmünster","subdivision":"Bernkastel-Wittlich","cx":6.792,"cy":49.906}},
{"type":"Feature","geometry":{"type":"Polygon","coordinates":[[[6.7611,49.9105],[6.7658,49.9229],[6.7584,49.9186],[6.7412,49.9203],[6.7356,49.9169],[6.7178,49.9136],[6.713,49.9145],[6.7119,49.9048],[6.722,49.8926],[6.7239,49.8812],[6.7321,49.8794],[6.7449,49.8884],[6.7499,49.8965],[6.7613,49.9057],[6.7611,49.9105]]]},"properties":{"id":"07231051","name":"Heidweiler","subdivision":"Bernkastel-Wittlich","cx":6.737,"cy":49.903}},
{"type":"Feature","geometry":{"type":"Polygon","coordinates":[[[6.8556,49.996],[6.8488,49.9966],[6.8423,50.0022],[6.8284,50.0006],[6.8219,49.9978],[6.8094,49.9993],[6.7975,49.998],[6.7997,49.9905],[6.8135,49.9901],[6.8207,49.992],[6.835,49.9905],[6.8476,49.989],[6.8557,49.9921],[6.8556,49.996]]]},"properties":{"id":"07231062","name":"Hupperath","subdivision":"Bernkastel-Wittlich","cx":6.835,"cy":49.996}},
{"type":"Feature","geometry":{"type":"Polygon","coordinates":[[[6.7574,50.0533],[6.7639,50.056],[6.7755,50.0441],[6.7854,50.0422],[6.7894,50.0369],[6.811,50.0354],[6.8198,50.0374],[6.8158,50.0433],[6.8176,50.0503],[6.8139,50.0532],[6.8203,50.0614],[6.814,50.0633],[6.8083,50.0668],[6.7967,50.0637],[6.7626,50.0598],[6.7552,50.0616],[6.7492,50.0554],[6.7574,50.0533]]]},"properties":{"id":"07231065","name":"Karl","subdivision":"Bernkastel-Wittlich","cx":6.795,"cy":50.051}},
{"type":"Feature","geometry":{"type":"Polygon","coordinates":[[[6.8937,49.9058],[6.8867,49.9092],[6.8995,49.9166],[6.9027,49.9211],[6.8916,49.9298],[6.8865,49.9272],[6.8691,49.9157],[6.8642,49.9096],[6.8576,49.9075],[6.8636,49.8949],[6.8708,49.8914],[6.8726,49.8837],[6.8819,49.8875],[6.8927,49.8882],[6.8978,49.8954],[6.8937,49.9058]]]},"properties":{"id":"07231069","name":"Klausen","subdivision":"Bernkastel-Wittlich","cx":6.877,"cy":49.904}},
{"type":"Feature","geometry":{"type":"Polygon","coordinates":[[[6.8562,50.0933],[6.8574,50.088],[6.8419,50.0839],[6.84,50.0795],[6.8248,50.075],[6.8226,50.0667],[6.8283,50.0667],[6.8463,50.0724],[6.8558,50.0698],[6.8678,50.074],[6.8785,50.0727],[6.8787,50.0789],[6.8715,50.091],[6.8674,50.0896],[6.8562,50.0933]]]},"properties":{"id":"07231074","name":"Laufeld","subdivision":"Bernkastel-Wittlich","cx":6.854,"cy":50.079}},
{"type":"Feature","geometry":{"type":"Polygon","coordinates":[[[6.8083,50.0668],[6.814,50.0633],[6.8226,50.0667],[6.8248,50.075],[6.8152,50.0804],[6.8247,50.0946],[6.8238,50.0983],[6.8178,50.0951],[6.8087,50.1041],[6.8158,50.1062],[6.8115,50.1135],[6.8124,50.1194],[6.7758,50.1081],[6.7836,50.1037],[6.789,50.0958],[6.7994,50.0837],[6.802,50.0728],[6.8083,50.0668]]]},"properties":{"id":"07231080","name":"Manderscheid (Bernkastel-Wittlich)","subdivision":"Bernkastel-Wittlich","cx":6.805,"cy":50.093}},
{"type":"Feature","geometry":{"type":"Polygon","coordinates":[[[6.789,50.0958],[6.7836,50.1037],[6.7758,50.1081],[6.7755,50.1137],[6.7643,50.115],[6.7623,50.1178],[6.755,50.1178],[6.7482,50.1137],[6.7508,50.1084],[6.7424,50.1038],[6.7303,50.0906],[6.7182,50.0915],[6.7023,50.0893],[6.7007,50.0844],[6.6974,50.0815],[6.7037,50.0718],[6.7152,50.0704],[6.7352,50.08],[6.7544,50.085],[6.7557,50.0909],[6.789,50.0958]]]},"properties":{"id":"07231082","name":"Meerfeld","subdivision":"Bernkastel-Wittlich","cx":6.759,"cy":50.102}},
{"type":"Feature","geometry":{"type":"Polygon","coordinates":[[[6.866,50.0085],[6.8612,50.0137],[6.8544,50.0126],[6.8498,50.0182],[6.8485,50.0258],[6.8334,50.0269],[6.8223,50.0211],[6.8153,50.0142],[6.8188,50.0052],[6.8094,49.9993],[6.8219,49.9978],[6.8284,50.0006],[6.8423,50.0022],[6.8488,49.9966],[6.8556,49.996],[6.8659,50.0041],[6.866,50.0085]]]},"properties":{"id":"07231085","name":"Minderlittgen","subdivision":"Bernkastel-Wittlich","cx":6.838,"cy":50.013}},
{"type":"Feature","geometry":{"type":"Polygon","coordinates":[[[6.7913,50.0128],[6.7872,50.0063],[6.7964,50.0016],[6.7975,49.998],[6.8094,49.9993],[6.8188,50.0052],[6.8153,50.0142],[6.8077,50.0161],[6.7913,50.0128]]]},"properties":{"id":"07231091","name":"Musweiler","subdivision":"Bernkastel-Wittlich","cx":6.804,"cy":50.007}},
{"type":"Feature","geometry":{"type":"Polygon","coordinates":[[[6.8841,50.0806],[6.8787,50.0789],[6.8785,50.0727],[6.8718,50.0675],[6.8721,50.0597],[6.8682,50.0565],[6.8757,50.0456],[6.8764,50.0369],[6.8852,50.0416],[6.8954,50.0459],[6.8983,50.0567],[6.9042,50.0659],[6.9014,50.0703],[6.9096,50.0736],[6.9054,50.0785],[6.9001,50.0773],[6.8841,50.0806]]]},"properties":{"id":"07231095","name":"Niederöfflingen","subdivision":"Bernkastel-Wittlich","cx":6.887,"cy":50.061}},
{"type":"Feature","geometry":{"type":"Polygon","coordinates":[[[6.9372,50.046],[6.945,50.0425],[6.9545,50.0431],[6.9634,50.039],[6.9624,50.0441],[6.9635,50.0501],[6.9704,50.0581],[6.9633,50.0592],[6.9614,50.0661],[6.9638,50.0723],[6.9533,50.08],[6.951,50.0801],[6.9432,50.074],[6.9406,50.0681],[6.9268,50.0599],[6.9353,50.0522],[6.9372,50.046]]]},"properties":{"id":"07231096","name":"Niederscheidweiler","subdivision":"Bernkastel-Wittlich","cx":6.95,"cy":50.059}},
{"type":"Feature","geometry":{"type":"Polygon","coordinates":[[[6.8682,50.0565],[6.8721,50.0597],[6.8718,50.0675],[6.8785,50.0727],[6.8678,50.074],[6.8558,50.0698],[6.8463,50.0724],[6.8283,50.0667],[6.8226,50.0667],[6.814,50.0633],[6.8203,50.0614],[6.8139,50.0532],[6.8176,50.0503],[6.8291,50.0535],[6.8406,50.0527],[6.8441,50.0489],[6.8528,50.0554],[6.8682,50.0565]]]},"properties":{"id":"07231100","name":"Oberöfflingen","subdivision":"Bernkastel-Wittlich","cx":6.845,"cy":50.062}},
{"type":"Feature","geometry":{"type":"Polygon","coordinates":[[[6.9268,50.0599],[6.9406,50.0681],[6.9432,50.074],[6.951,50.0801],[6.9425,50.0887],[6.9379,50.0853],[6.9103,50.0734],[6.9207,50.0632],[6.9268,50.0599]]]},"properties":{"id":"07231101","name":"Oberscheidweiler","subdivision":"Bernkastel-Wittlich","cx":6.931,"cy":50.074}},
{"type":"Feature","geometry":{"type":"Polygon","coordinates":[[[6.9807,49.9142],[6.9713,49.9231],[6.9717,49.9257],[6.9526,49.926],[6.9458,49.9367],[6.9393,49.9425],[6.9267,49.9392],[6.9083,49.9243],[6.9027,49.9211],[6.8995,49.9166],[6.8867,49.9092],[6.8937,49.9058],[6.9024,49.9083],[6.9199,49.8998],[6.9291,49.9006],[6.9369,49.9043],[6.9474,49.9025],[6.9571,49.9041],[6.962,49.9086],[6.9724,49.9095],[6.9781,49.9126],[6.9807,49.9142]]]},"properties":{"id":"07231103","name":"Osann-Monzel","subdivision":"Bernkastel-Wittlich","cx":6.934,"cy":49.92}},
{"type":"Feature","geometry":{"type":"Polygon","coordinates":[[[6.9028,50.087],[6.9019,50.0914],[6.8981,50.1029],[6.8929,50.1027],[6.8775,50.1084],[6.8741,50.1098],[6.865,50.1023],[6.8541,50.0992],[6.8562,50.0933],[6.8674,50.0896],[6.8715,50.091],[6.8787,50.0789],[6.8841,50.0806],[6.8818,50.0855],[6.8912,50.0885],[6.9028,50.087]]]},"properties":{"id":"07231127","name":"Wallscheid","subdivision":"Bernkastel-Wittlich","cx":6.88,"cy":50.096}},
{"type":"Feature","geometry":{"type":"Polygon","coordinates":[[[6.8238,50.0983],[6.8247,50.0946],[6.8152,50.0804],[6.8248,50.075],[6.84,50.0795],[6.8419,50.0839],[6.8574,50.088],[6.8562,50.0933],[6.8541,50.0992],[6.8523,50.1008],[6.8238,50.0983]]]},"properties":{"id":"07231104","name":"Pantenburg","subdivision":"Bernkastel-Wittlich","cx":6.835,"cy":50.09}},
{"type":"Feature","geometry":{"type":"Polygon","coordinates":[[[6.9343,49.9551],[6.9228,49.9494],[6.9267,49.9392],[6.9393,49.9425],[6.9458,49.9367],[6.9521,49.9386],[6.9659,49.9501],[6.9775,49.9512],[6.9792,49.9562],[6.9682,49.9574],[6.9612,49.9616],[6.9481,49.9632],[6.9343,49.9551]]]},"properties":{"id":"07231107","name":"Platten","subdivision":"Bernkastel-Wittlich","cx":6.949,"cy":49.951}},
{"type":"Feature","geometry":{"type":"Polygon","coordinates":[[[6.8998,50.0307],[6.8852,50.0416],[6.8764,50.0369],[6.8714,50.0344],[6.8525,50.0315],[6.8485,50.0258],[6.8498,50.0182],[6.8544,50.0126],[6.8612,50.0137],[6.866,50.0085],[6.8865,50.0114],[6.8726,50.0144],[6.8729,50.0198],[6.8909,50.0249],[6.8998,50.0307]]]},"properties":{"id":"07231108","name":"Plein","subdivision":"Bernkastel-Wittlich","cx":6.865,"cy":50.025}},
{"type":"Feature","geometry":{"type":"Polygon","coordinates":[[[6.8724,49.8805],[6.8726,49.8837],[6.8708,49.8914],[6.8636,49.8949],[6.8469,49.8908],[6.8435,49.8869],[6.8255,49.8852],[6.8359,49.8739],[6.8348,49.8667],[6.8385,49.864],[6.8463,49.8669],[6.8515,49.8624],[6.8677,49.8652],[6.8659,49.8741],[6.8715,49.8798],[6.8724,49.8805]]]},"properties":{"id":"07231111","name":"Rivenich","subdivision":"Bernkastel-Wittlich","cx":6.852,"cy":49.879}},
{"type":"Feature","geometry":{"type":"Polygon","coordinates":[[[6.8595,49.9503],[6.854,49.9469],[6.8382,49.9417],[6.8288,49.9291],[6.8206,49.9348],[6.804,49.9271],[6.7965,49.927],[6.7939,49.9189],[6.8111,49.9166],[6.8123,49.9124],[6.8214,49.9129],[6.8456,49.9209],[6.8507,49.9168],[6.8615,49.9183],[6.8691,49.9157],[6.8865,49.9272],[6.8848,49.9329],[6.8595,49.9503]]]},"properties":{"id":"07231113","name":"Salmtal","subdivision":"Bernkastel-Wittlich","cx":6.852,"cy":49.932}},
{"type":"Feature","geometry":{"type":"Polygon","coordinates":[[[6.8441,50.0489],[6.8406,50.0527],[6.8291,50.0535],[6.8176,50.0503],[6.8158,50.0433],[6.8198,50.0374],[6.8334,50.0269],[6.8485,50.0258],[6.8525,50.0315],[6.8438,50.0371],[6.847,50.0414],[6.8441,50.0489]]]},"properties":{"id":"07231114","name":"Schladt","subdivision":"Bernkastel-Wittlich","cx":6.834,"cy":50.04}},
{"type":"Feature","geometry":{"type":"Polygon","coordinates":[[[6.7036,50.0203],[6.7148,50.0247],[6.7239,50.0262],[6.7317,50.0309],[6.7395,50.0251],[6.7514,50.0291],[6.7464,50.0338],[6.7326,50.0397],[6.717,50.0425],[6.7065,50.0427],[6.6987,50.038],[6.7045,50.032],[6.6991,50.0261],[6.7036,50.0203]]]},"properties":{"id":"07231116","name":"Schwarzenborn","subdivision":"Bernkastel-Wittlich","cx":6.72,"cy":50.034}},
{"type":"Feature","geometry":{"type":"Polygon","coordinates":[[[6.794,49.9184],[6.81,49.9015],[6.8047,49.8949],[6.8068,49.8893],[6.8146,49.8834],[6.8255,49.8852],[6.8435,49.8869],[6.838,49.8982],[6.8451,49.9004],[6.8486,49.9087],[6.8576,49.9075],[6.8642,49.9096],[6.8691,49.9157],[6.8615,49.9183],[6.8507,49.9168],[6.8456,49.9209],[6.8214,49.9129],[6.8123,49.9124],[6.8111,49.9166],[6.7939,49.9189],[6.794,49.9184]]]},"properties":{"id":"07231117","name":"Sehlem","subdivision":"Bernkastel-Wittlich","cx":6.826,"cy":49.901}},
{"type":"Feature","geometry":{"type":"Polygon","coordinates":[[[7.1579,49.9515],[7.151,49.9514],[7.138,49.9633],[7.137,49.9516],[7.148,49.9431],[7.1579,49.9515]]]},"properties":{"id":"07231120","name":"Starkenburg","subdivision":"Bernkastel-Wittlich","cx":7.145,"cy":49.952}},
{"type":"Feature","geometry":{"type":"Polygon","coordinates":[[[6.7125,50.0091],[6.718,50.0024],[6.7154,49.999],[6.7282,49.984],[6.7216,49.9828],[6.7128,49.9762],[6.7117,49.9712],[6.7182,49.9689],[6.7303,49.9721],[6.7423,49.9703],[6.7581,49.9703],[6.7649,49.9677],[6.7667,49.9732],[6.7738,49.9764],[6.7829,49.9834],[6.7997,49.9905],[6.7975,49.998],[6.7964,50.0016],[6.7872,50.0063],[6.7913,50.0128],[6.7799,50.0145],[6.7556,50.0255],[6.7519,50.0287],[6.7514,50.0291],[6.7395,50.0251],[6.7317,50.0309],[6.7239,50.0262],[6.7148,50.0247],[6.7036,50.0203],[6.7102,50.0165],[6.7125,50.0091]]]},"properties":{"id":"07231503","name":"Landscheid","subdivision":"Bernkastel-Wittlich","cx":6.75,"cy":49.999}},
{"type":"Feature","geometry":{"type":"Polygon","coordinates":[[[6.7078,49.9409],[6.7047,49.9308],[6.6995,49.9249],[6.7076,49.9243],[6.7126,49.9198],[6.713,49.9145],[6.7178,49.9136],[6.7356,49.9169],[6.7412,49.9203],[6.7584,49.9186],[6.7658,49.9229],[6.7609,49.9357],[6.7713,49.9399],[6.7704,49.9453],[6.755,49.9461],[6.7457,49.9434],[6.7406,49.9481],[6.7298,49.9459],[6.7189,49.9459],[6.7078,49.9409]]]},"properties":{"id":"07231504","name":"Niersbach","subdivision":"Bernkastel-Wittlich","cx":6.735,"cy":49.932}},
{"type":"Feature","geometry":{"type":"Polygon","coordinates":[[[6.9768,50.0087],[6.9817,50.0093],[6.9955,50.0038],[7.0079,50.0032],[7.01,50.0049],[7.0135,50.0208],[7.0013,50.0254],[7.0015,50.0293],[6.9939,50.0317],[6.9888,50.0382],[6.9781,50.0364],[6.9731,50.0406],[6.9624,50.0441],[6.9634,50.039],[6.9485,50.0295],[6.9595,50.0219],[6.9538,50.0187],[6.9622,50.0183],[6.9722,50.0139],[6.9768,50.0087]]]},"properties":{"id":"07231004","name":"Bausendorf","subdivision":"Bernkastel-Wittlich","cx":6.983,"cy":50.022}},
{"type":"Feature","geometry":{"type":"Polygon","coordinates":[[[7.0597,50.0678],[7.0458,50.0583],[7.0349,50.046],[7.0248,50.0512],[7.0203,50.0509],[7.0108,50.0432],[6.9888,50.0382],[6.9939,50.0317],[7.0015,50.0293],[7.0013,50.0254],[7.0135,50.0208],[7.0157,50.0248],[7.0266,50.0256],[7.0391,50.0207],[7.0345,50.0181],[7.0463,50.0071],[7.0604,50.0044],[7.0703,50.0127],[7.0837,50.0207],[7.0752,50.0313],[7.0842,50.0414],[7.0667,50.0426],[7.0798,50.0491],[7.0927,50.0469],[7.099,50.0498],[7.1011,50.0572],[7.0985,50.062],[7.0887,50.0628],[7.0852,50.0661],[7.0724,50.0645],[7.0597,50.0678]]]},"properties":{"id":"07231005","name":"Bengel","subdivision":"Bernkastel-Wittlich","cx":7.051,"cy":50.038}},
{"type":"Feature","geometry":{"type":"Polygon","coordinates":[[[7.1282,50.0177],[7.1259,50.0242],[7.1178,50.0235],[7.1216,50.0115],[7.1155,50.0038],[7.1149,49.9985],[7.1148,49.9955],[7.1292,49.9944],[7.1467,49.9957],[7.1454,49.9995],[7.1362,49.9999],[7.1361,50.0046],[7.1302,50.0082],[7.1282,50.0177]]]},"properties":{"id":"07231014","name":"Burg (Mosel)","subdivision":"Bernkastel-Wittlich","cx":7.125,"cy":50.003}},
{"type":"Feature","geometry":{"type":"Polygon","coordinates":[[[6.945,50.0425],[6.9427,50.0333],[6.9322,50.0285],[6.9485,50.0295],[6.9634,50.039],[6.9545,50.0431],[6.945,50.0425]]]},"properties":{"id":"07231020","name":"Diefenbach","subdivision":"Bernkastel-Wittlich","cx":6.949,"cy":50.036}},
{"type":"Feature","geometry":{"type":"Polygon","coordinates":[[[6.4177,50.1198],[6.4103,50.1284],[6.4126,50.1304],[6.4063,50.1317],[6.3902,50.1247],[6.3796,50.1247],[6.3764,50.1183],[6.3799,50.1061],[6.3954,50.1071],[6.4061,50.1161],[6.4177,50.1198]]]},"properties":{"id":"07232211","name":"Dackscheid","subdivision":"Eifelkreis Bitburg-Prüm","cx":6.395,"cy":50.118}},
{"type":"Feature","geometry":{"type":"Polygon","coordinates":[[[6.4414,49.8928],[6.4465,49.8894],[6.4417,49.8834],[6.448,49.8765],[6.4598,49.8787],[6.4726,49.8774],[6.4786,49.8829],[6.4951,49.8924],[6.4926,49.898],[6.4795,49.8957],[6.4558,49.8971],[6.4414,49.8928]]]},"properties":{"id":"07232002","name":"Alsdorf (Eifelkreis Bitburg-Prüm)","subdivision":"Eifelkreis Bitburg-Prüm","cx":6.466,"cy":49.888}},
{"type":"Feature","geometry":{"type":"Polygon","coordinates":[[[7.1467,49.9957],[7.1292,49.9944],[7.1148,49.9955],[7.1154,49.99],[7.1228,49.9779],[7.138,49.9633],[7.151,49.9514],[7.1579,49.9515],[7.1677,49.9456],[7.1735,49.9461],[7.1826,49.9412],[7.1878,49.9414],[7.1964,49.9467],[7.2106,49.9475],[7.2143,49.9567],[7.2132,49.9624],[7.2027,49.9663],[7.1897,49.977],[7.1965,49.9864],[7.1736,49.9893],[7.1628,49.9934],[7.1468,49.9906],[7.1467,49.9957]]]},"properties":{"id":"07231029","name":"Enkirch","subdivision":"Bernkastel-Wittlich","cx":7.166,"cy":49.97}},
{"type":"Feature","geometry":{"type":"Polygon","coordinates":[[[6.9538,50.0187],[6.9595,50.0219],[6.9485,50.0295],[6.9322,50.0285],[6.9195,50.0315],[6.903,50.0172],[6.9109,50.0089],[6.9171,50.0112],[6.924,50.0085],[6.9359,50.0109],[6.9538,50.0187]]]},"properties":{"id":"07231033","name":"Flußbach","subdivision":"Bernkastel-Wittlich","cx":6.929,"cy":50.019}},
{"type":"Feature","geometry":{"type":"Polygon","coordinates":[[[7.0558,50.0699],[7.0424,50.0655],[7.0227,50.0667],[7.021,50.0735],[7.0152,50.078],[7.0024,50.0803],[7.0031,50.0854],[6.9828,50.0826],[6.9784,50.0866],[6.979,50.0979],[6.9674,50.0981],[6.9674,50.089],[6.9551,50.0836],[6.9533,50.08],[6.9638,50.0723],[6.9614,50.0661],[6.9633,50.0592],[6.9704,50.0581],[6.9635,50.0501],[6.9624,50.0441],[6.9731,50.0406],[6.9781,50.0364],[6.9888,50.0382],[7.0108,50.0432],[7.0203,50.0509],[7.0248,50.0512],[7.0349,50.046],[7.0458,50.0583],[7.0597,50.0678],[7.0558,50.0699]]]},"properties":{"id":"07231057","name":"Hontheim","subdivision":"Bernkastel-Wittlich","cx":6.995,"cy":50.062}},
{"type":"Feature","geometry":{"type":"Polygon","coordinates":[[[7.01,50.0049],[7.02,50.0042],[7.0353,49.9933],[7.0463,50.0071],[7.0345,50.0181],[7.0391,50.0207],[7.0266,50.0256],[7.0157,50.0248],[7.0135,50.0208],[7.01,50.0049]]]},"properties":{"id":"07231067","name":"Kinderbeuern","subdivision":"Bernkastel-Wittlich","cx":7.028,"cy":50.011}},
{"type":"Feature","geometry":{"type":"Polygon","coordinates":[[[7.0442,49.9805],[7.0508,49.9733],[7.0484,49.9643],[7.058,49.96],[7.0713,49.962],[7.0839,49.9671],[7.072,49.9675],[7.0682,49.976],[7.062,49.9793],[7.056,49.9881],[7.057,50.0021],[7.0604,50.0044],[7.0463,50.0071],[7.0353,49.9933],[7.02,50.0042],[7.01,50.0049],[7.0079,50.0032],[7.0112,49.9971],[7.024,49.993],[7.0273,49.9852],[7.036,49.9848],[7.0442,49.9805]]]},"properties":{"id":"07231068","name":"Kinheim","subdivision":"Bernkastel-Wittlich","cx":7.047,"cy":49.989}},
{"type":"Feature","geometry":{"type":"Polygon","coordinates":[[[7.0604,50.0044],[7.057,50.0021],[7.056,49.9881],[7.062,49.9793],[7.0682,49.976],[7.072,49.9675],[7.0839,49.9671],[7.0884,49.9701],[7.0928,49.981],[7.1082,49.9848],[7.1174,49.9765],[7.1228,49.9779],[7.1154,49.99],[7.1148,49.9955],[7.1149,49.9985],[7.1075,49.9987],[7.1033,50.0029],[7.0944,50.0043],[7.093,50.0078],[7.08,50.0167],[7.0837,50.0207],[7.0703,50.0127],[7.0604,50.0044]]]},"properties":{"id":"07231072","name":"Kröv","subdivision":"Bernkastel-Wittlich","cx":7.08,"cy":49.993}},
{"type":"Feature","geometry":{"type":"Polygon","coordinates":[[[7.099,50.0498],[7.0927,50.0469],[7.0798,50.0491],[7.0667,50.0426],[7.0842,50.0414],[7.0752,50.0313],[7.0837,50.0207],[7.08,50.0167],[7.093,50.0078],[7.0944,50.0043],[7.1033,50.0029],[7.1075,49.9987],[7.1149,49.9985],[7.1155,50.0038],[7.1216,50.0115],[7.1178,50.0235],[7.1259,50.0242],[7.1033,50.0361],[7.1032,50.0473],[7.099,50.0498]]]},"properties":{"id":"07231110","name":"Reil","subdivision":"Bernkastel-Wittlich","cx":7.098,"cy":50.024}},
{"type":"Feature","geometry":{"type":"Polygon","coordinates":[[[7.1091,49.9117],[7.1203,49.9082],[7.1246,49.9106],[7.1402,49.9066],[7.1355,49.9101],[7.1386,49.9152],[7.1477,49.9163],[7.1548,49.9219],[7.1529,49.9282],[7.155,49.9342],[7.1698,49.9377],[7.1735,49.9461],[7.1677,49.9456],[7.1579,49.9515],[7.148,49.9431],[7.137,49.9516],[7.138,49.9633],[7.1228,49.9779],[7.1174,49.9765],[7.1082,49.9848],[7.0928,49.981],[7.0884,49.9701],[7.0839,49.9671],[7.0713,49.962],[7.0603,49.9579],[7.0512,49.9543],[7.0492,49.9499],[7.0659,49.954],[7.0798,49.9486],[7.0917,49.9412],[7.0926,49.9341],[7.0972,49.928],[7.115,49.9225],[7.1153,49.9186],[7.1091,49.9117]]]},"properties":{"id":"07231124","name":"Traben-Trarbach","subdivision":"Bernkastel-Wittlich","cx":7.116,"cy":49.946}},
{"type":"Feature","geometry":{"type":"Polygon","coordinates":[[[6.9195,50.0315],[6.9322,50.0285],[6.9427,50.0333],[6.945,50.0425],[6.9372,50.046],[6.9287,50.0448],[6.9214,50.0374],[6.9195,50.0315]]]},"properties":{"id":"07231132","name":"Willwerscheid","subdivision":"Bernkastel-Wittlich","cx":6.933,"cy":50.037}},
{"type":"Feature","geometry":{"type":"Polygon","coordinates":[[[7.2541,49.9412],[7.2216,49.9485],[7.2143,49.9567],[7.2106,49.9475],[7.1964,49.9467],[7.1878,49.9414],[7.2048,49.9353],[7.2123,49.928],[7.2166,49.9173],[7.2239,49.9138],[7.2336,49.916],[7.2389,49.9221],[7.2498,49.935],[7.2541,49.9412]]]},"properties":{"id":"07231206","name":"Lötzbeuren","subdivision":"Bernkastel-Wittlich","cx":7.225,"cy":49.934}},
{"type":"Feature","geometry":{"type":"Polygon","coordinates":[[[7.2238,49.9118],[7.2239,49.9138],[7.2166,49.9173],[7.2123,49.928],[7.2048,49.9353],[7.1878,49.9414],[7.1826,49.9412],[7.1735,49.9461],[7.1698,49.9377],[7.155,49.9342],[7.1529,49.9282],[7.1548,49.9219],[7.1477,49.9163],[7.1608,49.9104],[7.1714,49.9092],[7.1764,49.9047],[7.1932,49.9077],[7.198,49.9013],[7.2115,49.9028],[7.2195,49.9064],[7.2238,49.9118]]]},"properties":{"id":"07231501","name":"Irmenach","subdivision":"Bernkastel-Wittlich","cx":7.186,"cy":49.922}},
{"type":"Feature","geometry":{"type":"Polygon","coordinates":[[[6.5716,50.0189],[6.5677,50.014],[6.5523,50.0132],[6.5469,50.0101],[6.5472,50.0039],[6.5357,50.0058],[6.5265,50.0024],[6.5273,49.9955],[6.5075,49.9913],[6.5007,49.9872],[6.4957,49.9804],[6.484,49.9848],[6.4711,49.9784],[6.4634,49.9817],[6.4553,49.98],[6.4665,49.9744],[6.4534,49.9687],[6.4564,49.9631],[6.4721,49.9629],[6.4918,49.9527],[6.501,49.9556],[6.5042,49.9485],[6.5122,49.9445],[6.5184,49.9408],[6.5262,49.94],[6.5319,49.9353],[6.547,49.9415],[6.5578,49.942],[6.5868,49.9548],[6.5828,49.9627],[6.576,49.9695],[6.5696,49.9713],[6.5684,49.9761],[6.573,49.9819],[6.5786,49.9829],[6.5867,49.989],[6.5832,49.9923],[6.5807,49.9949],[6.5858,50.0017],[6.588,50.0128],[6.5777,50.0162],[6.5716,50.0189]]]},"properties":{"id":"07232018","name":"Bitburg","subdivision":"Eifelkreis Bitburg-Prüm","cx":6.535,"cy":49.971}},
{"type":"Feature","geometry":{"type":"Polygon","coordinates":[[[6.2795,50.064],[6.2869,50.0657],[6.2839,50.0704],[6.2868,50.0775],[6.2935,50.0795],[6.3073,50.0721],[6.3175,50.0704],[6.3278,50.0768],[6.3186,50.0811],[6.2999,50.0868],[6.3029,50.0889],[6.3,50.0913],[6.2871,50.1026],[6.2693,50.109],[6.2695,50.1128],[6.2778,50.1173],[6.2607,50.1133],[6.2584,50.1095],[6.2372,50.1038],[6.2366,50.0956],[6.2427,50.0848],[6.2469,50.0842],[6.2492,50.0762],[6.256,50.0692],[6.249,50.0665],[6.2502,50.059],[6.2622,50.0618],[6.2728,50.067],[6.2795,50.064]]]},"properties":{"id":"07232201","name":"Arzfeld","subdivision":"Eifelkreis Bitburg-Prüm","cx":6.271,"cy":50.088}},
{"type":"Feature","geometry":{"type":"Polygon","coordinates":[[[8.1853,49.6729],[8.2062,49.6763],[8.2023,49.6822],[8.2211,49.6896],[8.2142,49.7],[8.2104,49.7115],[8.1943,49.7061],[8.1858,49.7001],[8.1817,49.696],[8.1713,49.6931],[8.1723,49.6831],[8.1781,49.6837],[8.1853,49.6729]]]},"properties":{"id":"07331036","name":"Gundersheim","subdivision":"Alzey-Worms","cx":8.196,"cy":49.692}},
{"type":"Feature","geometry":{"type":"Polygon","coordinates":[[[6.1673,50.0746],[6.1592,50.0708],[6.1566,50.0643],[6.1548,50.0622],[6.1613,50.0491],[6.1598,50.0426],[6.169,50.0364],[6.1756,50.0277],[6.1799,50.0279],[6.1921,50.0326],[6.1993,50.0291],[6.2075,50.0317],[6.2074,50.0387],[6.2062,50.0457],[6.1983,50.0498],[6.1963,50.0566],[6.2014,50.0651],[6.2084,50.0673],[6.2052,50.0742],[6.1987,50.0801],[6.196,50.0865],[6.1876,50.0861],[6.1831,50.0743],[6.1774,50.0724],[6.1673,50.0746]]]},"properties":{"id":"07232213","name":"Daleiden","subdivision":"Eifelkreis Bitburg-Prüm","cx":6.18,"cy":50.055}},
{"type":"Feature","geometry":{"type":"Polygon","coordinates":[[[6.4063,50.1317],[6.4036,50.1382],[6.3858,50.1382],[6.3756,50.1297],[6.3796,50.1247],[6.3902,50.1247],[6.4063,50.1317]]]},"properties":{"id":"07232217","name":"Eilscheid","subdivision":"Eifelkreis Bitburg-Prüm","cx":6.391,"cy":50.132}},
{"type":"Feature","geometry":{"type":"Polygon","coordinates":[[[6.1762,50.1044],[6.1814,50.1002],[6.191,50.0973],[6.1993,50.0896],[6.201,50.0947],[6.2131,50.1209],[6.2068,50.1214],[6.2023,50.1206],[6.1874,50.1133],[6.1704,50.1074],[6.1762,50.1044]]]},"properties":{"id":"07232220","name":"Eschfeld","subdivision":"Eifelkreis Bitburg-Prüm","cx":6.195,"cy":50.107}},
{"type":"Feature","geometry":{"type":"Polygon","coordinates":[[[6.3133,50.1315],[6.3074,50.1348],[6.3068,50.141],[6.315,50.1442],[6.3126,50.1497],[6.2928,50.1464],[6.2887,50.1433],[6.2898,50.1328],[6.3016,50.1251],[6.3131,50.1262],[6.3133,50.1315]]]},"properties":{"id":"07232221","name":"Euscheid","subdivision":"Eifelkreis Bitburg-Prüm","cx":6.299,"cy":50.137}},
{"type":"Feature","geometry":{"type":"Polygon","coordinates":[[[6.2186,50.1506],[6.2239,50.1547],[6.2246,50.1644],[6.2171,50.1668],[6.2148,50.1732],[6.1989,50.1792],[6.1868,50.1712],[6.1898,50.1589],[6.1978,50.1475],[6.2186,50.1506]]]},"properties":{"id":"07232229","name":"Großkampenberg","subdivision":"Eifelkreis Bitburg-Prüm","cx":6.205,"cy":50.163}},
{"type":"Feature","geometry":{"type":"Polygon","coordinates":[[[6.4262,50.1066],[6.4166,50.1045],[6.4012,50.104],[6.3951,50.1009],[6.3983,50.0931],[6.4077,50.0941],[6.4227,50.1026],[6.4262,50.1066]]]},"properties":{"id":"07232233","name":"Hargarten","subdivision":"Eifelkreis Bitburg-Prüm","cx":6.408,"cy":50.099}},
{"type":"Feature","geometry":{"type":"Polygon","coordinates":[[[6.2068,50.1214],[6.1991,50.1293],[6.19,50.135],[6.1859,50.1428],[6.1786,50.1443],[6.1694,50.1418],[6.1652,50.1507],[6.1529,50.1501],[6.1547,50.1419],[6.1384,50.1313],[6.1506,50.1313],[6.165,50.1345],[6.1745,50.1306],[6.1891,50.1314],[6.2023,50.1206],[6.2068,50.1214]]]},"properties":{"id":"07232234","name":"Harspelt","subdivision":"Eifelkreis Bitburg-Prüm","cx":6.177,"cy":50.137}},
{"type":"Feature","geometry":{"type":"Polygon","coordinates":[[[6.2131,50.1209],[6.2156,50.1229],[6.2215,50.1254],[6.2148,50.1294],[6.2117,50.1382],[6.2006,50.1409],[6.19,50.135],[6.1991,50.1293],[6.2068,50.1214],[6.2131,50.1209]]]},"properties":{"id":"07232240","name":"Herzfeld","subdivision":"Eifelkreis Bitburg-Prüm","cx":6.206,"cy":50.131}},
{"type":"Feature","geometry":{"type":"Polygon","coordinates":[[[6.3858,50.1382],[6.3707,50.1446],[6.3587,50.1305],[6.3691,50.1332],[6.3756,50.1297],[6.3858,50.1382]]]},"properties":{"id":"07232261","name":"Lierfeld","subdivision":"Eifelkreis Bitburg-Prüm","cx":6.373,"cy":50.137}},
{"type":"Feature","geometry":{"type":"Polygon","coordinates":[[[6.2366,50.0956],[6.232,50.0955],[6.2247,50.0884],[6.2033,50.0921],[6.201,50.0947],[6.1993,50.0896],[6.196,50.0865],[6.1987,50.0801],[6.2052,50.0742],[6.2084,50.0673],[6.2123,50.0698],[6.2344,50.0727],[6.244,50.0719],[6.2492,50.0762],[6.2469,50.0842],[6.2427,50.0848],[6.2366,50.0956]]]},"properties":{"id":"07232245","name":"Irrhausen","subdivision":"Eifelkreis Bitburg-Prüm","cx":6.22,"cy":50.08}},
{"type":"Feature","geometry":{"type":"Polygon","coordinates":[[[6.2074,50.0387],[6.2353,50.0373],[6.2526,50.0445],[6.2502,50.059],[6.241,50.058],[6.2353,50.0604],[6.212,50.0528],[6.2062,50.0457],[6.2074,50.0387]]]},"properties":{"id":"07232246","name":"Jucken","subdivision":"Eifelkreis Bitburg-Prüm","cx":6.23,"cy":50.048}},
{"type":"Feature","geometry":{"type":"Polygon","coordinates":[[[6.2186,50.1506],[6.2283,50.1505],[6.2331,50.1464],[6.2434,50.1435],[6.2516,50.1472],[6.2502,50.1548],[6.257,50.1567],[6.2413,50.1663],[6.2246,50.1644],[6.2239,50.1547],[6.2186,50.1506]]]},"properties":{"id":"07232247","name":"Kesfeld","subdivision":"Eifelkreis Bitburg-Prüm","cx":6.238,"cy":50.155}},
{"type":"Feature","geometry":{"type":"Polygon","coordinates":[[[6.2492,50.0762],[6.244,50.0719],[6.2344,50.0727],[6.241,50.058],[6.2502,50.059],[6.249,50.0665],[6.256,50.0692],[6.2492,50.0762]]]},"properties":{"id":"07232248","name":"Kickeshausen","subdivision":"Eifelkreis Bitburg-Prüm","cx":6.244,"cy":50.067}},
{"type":"Feature","geometry":{"type":"Polygon","coordinates":[[[6.343,50.1144],[6.3439,50.1227],[6.3289,50.1233],[6.3235,50.121],[6.3391,50.1119],[6.342,50.1124],[6.343,50.1144]]]},"properties":{"id":"07232249","name":"Kinzenburg","subdivision":"Eifelkreis Bitburg-Prüm","cx":6.336,"cy":50.119}},
{"type":"Feature","geometry":{"type":"Polygon","coordinates":[[[6.3175,50.0704],[6.3113,50.0651],[6.3113,50.0553],[6.3195,50.056],[6.3336,50.0531],[6.3449,50.0558],[6.3503,50.0549],[6.3534,50.0595],[6.3627,50.0627],[6.3601,50.0722],[6.363,50.0753],[6.3663,50.0818],[6.3618,50.0859],[6.3609,50.0851],[6.3602,50.0811],[6.3514,50.0777],[6.3342,50.0755],[6.3278,50.0768],[6.3175,50.0704]]]},"properties":{"id":"07232253","name":"Krautscheid","subdivision":"Eifelkreis Bitburg-Prüm","cx":6.339,"cy":50.066}},
{"type":"Feature","geometry":{"type":"Polygon","coordinates":[[[6.3951,50.1009],[6.3921,50.0995],[6.3795,50.0929],[6.3826,50.0832],[6.389,50.0761],[6.394,50.079],[6.4068,50.0815],[6.4105,50.0851],[6.4077,50.0941],[6.3983,50.0931],[6.3951,50.1009]]]},"properties":{"id":"07232254","name":"Lambertsberg","subdivision":"Eifelkreis Bitburg-Prüm","cx":6.392,"cy":50.087}},
{"type":"Feature","geometry":{"type":"Polygon","coordinates":[[[6.3799,50.1061],[6.3787,50.105],[6.3921,50.0995],[6.3951,50.1009],[6.4012,50.104],[6.4166,50.1045],[6.4262,50.1066],[6.4299,50.1096],[6.426,50.1155],[6.4177,50.1198],[6.4061,50.1161],[6.3954,50.1071],[6.3799,50.1061]]]},"properties":{"id":"07232255","name":"Lascheid","subdivision":"Eifelkreis Bitburg-Prüm","cx":6.411,"cy":50.111}},
{"type":"Feature","geometry":{"type":"Polygon","coordinates":[[[6.3278,50.0768],[6.3342,50.0755],[6.3514,50.0777],[6.3602,50.0811],[6.3609,50.0851],[6.3497,50.0914],[6.3504,50.0967],[6.3226,50.0929],[6.3097,50.0886],[6.3029,50.0889],[6.2999,50.0868],[6.3186,50.0811],[6.3278,50.0768]]]},"properties":{"id":"07232258","name":"Lauperath","subdivision":"Eifelkreis Bitburg-Prüm","cx":6.335,"cy":50.086}},
{"type":"Feature","geometry":{"type":"Polygon","coordinates":[[[6.1978,50.1475],[6.2006,50.1409],[6.2117,50.1382],[6.2148,50.1294],[6.2215,50.1254],[6.2354,50.125],[6.244,50.1325],[6.2395,50.1398],[6.2434,50.1435],[6.2331,50.1464],[6.2283,50.1505],[6.2186,50.1506],[6.1978,50.1475]]]},"properties":{"id":"07232259","name":"Leidenborn","subdivision":"Eifelkreis Bitburg-Prüm","cx":6.223,"cy":50.139}},
{"type":"Feature","geometry":{"type":"Polygon","coordinates":[[[6.3,50.0913],[6.3038,50.0959],[6.3144,50.1004],[6.3394,50.1055],[6.3391,50.1119],[6.3235,50.121],[6.3148,50.1216],[6.3016,50.1251],[6.2898,50.1328],[6.2894,50.1303],[6.2756,50.1264],[6.2778,50.1173],[6.2695,50.1128],[6.2693,50.109],[6.2871,50.1026],[6.3,50.0913]]]},"properties":{"id":"07232260","name":"Lichtenborn","subdivision":"Eifelkreis Bitburg-Prüm","cx":6.302,"cy":50.111}},
{"type":"Feature","geometry":{"type":"Polygon","coordinates":[[[6.3016,50.1251],[6.3148,50.1216],[6.3235,50.121],[6.3289,50.1233],[6.3439,50.1227],[6.3473,50.1282],[6.3587,50.1305],[6.3707,50.1446],[6.3665,50.1515],[6.3495,50.1515],[6.3427,50.1485],[6.3187,50.1546],[6.3126,50.1497],[6.315,50.1442],[6.3214,50.144],[6.3267,50.1367],[6.3133,50.1315],[6.3131,50.1262],[6.3016,50.1251]]]},"properties":{"id":"07232262","name":"Lünebach","subdivision":"Eifelkreis Bitburg-Prüm","cx":6.339,"cy":50.138}},
{"type":"Feature","geometry":{"type":"Polygon","coordinates":[[[6.1868,50.1712],[6.172,50.1697],[6.1612,50.1746],[6.1469,50.1778],[6.1457,50.1697],[6.1398,50.1678],[6.1475,50.1606],[6.1446,50.1567],[6.1343,50.1518],[6.1432,50.1491],[6.1529,50.1501],[6.1652,50.1507],[6.1694,50.1418],[6.1786,50.1443],[6.1859,50.1428],[6.19,50.135],[6.2006,50.1409],[6.1978,50.1475],[6.1898,50.1589],[6.1868,50.1712]]]},"properties":{"id":"07232263","name":"Lützkampen","subdivision":"Eifelkreis Bitburg-Prüm","cx":6.174,"cy":50.158}},
{"type":"Feature","geometry":{"type":"Polygon","coordinates":[[[6.3029,50.0889],[6.3097,50.0886],[6.3226,50.0929],[6.3504,50.0967],[6.3549,50.1056],[6.342,50.1124],[6.3391,50.1119],[6.3394,50.1055],[6.3144,50.1004],[6.3038,50.0959],[6.3,50.0913],[6.3029,50.0889]]]},"properties":{"id":"07232264","name":"Manderscheid (Eifelkreis Bitburg-Prüm)","subdivision":"Eifelkreis Bitburg-Prüm","cx":6.344,"cy":50.102}},
{"type":"Feature","geometry":{"type":"Polygon","coordinates":[[[6.3826,50.0832],[6.3772,50.0827],[6.3824,50.0769],[6.3812,50.0658],[6.3819,50.0547],[6.387,50.0518],[6.3955,50.0529],[6.4075,50.049],[6.4124,50.0506],[6.4103,50.0532],[6.4183,50.0596],[6.4081,50.0659],[6.3979,50.0686],[6.394,50.079],[6.389,50.0761],[6.3826,50.0832]]]},"properties":{"id":"07232267","name":"Mauel","subdivision":"Eifelkreis Bitburg-Prüm","cx":6.393,"cy":50.061}},
{"type":"Feature","geometry":{"type":"Polygon","coordinates":[[[6.3796,50.1247],[6.3756,50.1297],[6.3691,50.1332],[6.3587,50.1305],[6.3473,50.1282],[6.3439,50.1227],[6.343,50.1144],[6.3548,50.1168],[6.3764,50.1183],[6.3796,50.1247]]]},"properties":{"id":"07232270","name":"Merlscheid","subdivision":"Eifelkreis Bitburg-Prüm","cx":6.361,"cy":50.124}},
{"type":"Feature","geometry":{"type":"Polygon","coordinates":[[[6.363,50.0753],[6.3708,50.0736],[6.3755,50.067],[6.3812,50.0658],[6.3824,50.0769],[6.3772,50.0827],[6.3618,50.0859],[6.3663,50.0818],[6.363,50.0753]]]},"properties":{"id":"07232277","name":"Niederpierscheid","subdivision":"Eifelkreis Bitburg-Prüm","cx":6.374,"cy":50.077}},
{"type":"Feature","geometry":{"type":"Polygon","coordinates":[[[6.3503,50.0549],[6.3555,50.0476],[6.3664,50.0445],[6.3799,50.037],[6.39,50.0384],[6.3962,50.0346],[6.4115,50.031],[6.4203,50.0372],[6.417,50.0423],[6.4124,50.0506],[6.4075,50.049],[6.3955,50.0529],[6.387,50.0518],[6.3819,50.0547],[6.3812,50.0658],[6.3755,50.067],[6.3708,50.0736],[6.363,50.0753],[6.3601,50.0722],[6.3627,50.0627],[6.3534,50.0595],[6.3503,50.0549]]]},"properties":{"id":"07232285","name":"Oberpierscheid","subdivision":"Eifelkreis Bitburg-Prüm","cx":6.372,"cy":50.053}},
{"type":"Feature","geometry":{"type":"Polygon","coordinates":[[[8.2247,49.6761],[8.2225,49.6685],[8.2327,49.6657],[8.2452,49.6671],[8.2614,49.6716],[8.2576,49.6887],[8.2401,49.6856],[8.2348,49.6862],[8.2364,49.6821],[8.2247,49.6761]]]},"properties":{"id":"07331037","name":"Gundheim","subdivision":"Alzey-Worms","cx":8.243,"cy":49.676}},
{"type":"Feature","geometry":{"type":"Polygon","coordinates":[[[6.2062,50.0457],[6.212,50.0528],[6.2353,50.0604],[6.241,50.058],[6.2344,50.0727],[6.2123,50.0698],[6.2084,50.0673],[6.2014,50.0651],[6.1963,50.0566],[6.1983,50.0498],[6.2062,50.0457]]]},"properties":{"id":"07232287","name":"Olmscheid","subdivision":"Eifelkreis Bitburg-Prüm","cx":6.216,"cy":50.062}},
{"type":"Feature","geometry":{"type":"Polygon","coordinates":[[[6.3764,50.1183],[6.3548,50.1168],[6.3621,50.1151],[6.3636,50.1095],[6.3613,50.1015],[6.3684,50.1002],[6.3787,50.105],[6.3799,50.1061],[6.3764,50.1183]]]},"properties":{"id":"07232291","name":"Pintesfeld","subdivision":"Eifelkreis Bitburg-Prüm","cx":6.37,"cy":50.11}},
{"type":"Feature","geometry":{"type":"Polygon","coordinates":[[[6.4077,50.0941],[6.4105,50.0851],[6.4068,50.0815],[6.394,50.079],[6.3979,50.0686],[6.4081,50.0659],[6.4183,50.0596],[6.434,50.0576],[6.4392,50.0509],[6.4454,50.0516],[6.4495,50.0588],[6.4471,50.0624],[6.44,50.0708],[6.4476,50.0802],[6.4461,50.0841],[6.4407,50.0854],[6.4369,50.0965],[6.4299,50.1096],[6.4262,50.1066],[6.4227,50.1026],[6.4077,50.0941]]]},"properties":{"id":"07232293","name":"Plütscheid","subdivision":"Eifelkreis Bitburg-Prüm","cx":6.425,"cy":50.078}},
{"type":"Feature","geometry":{"type":"Polygon","coordinates":[[[6.2372,50.1038],[6.2313,50.1086],[6.2242,50.1101],[6.2242,50.1159],[6.2181,50.117],[6.2156,50.1229],[6.2131,50.1209],[6.201,50.0947],[6.2033,50.0921],[6.2247,50.0884],[6.232,50.0955],[6.2366,50.0956],[6.2372,50.1038]]]},"properties":{"id":"07232297","name":"Reiff","subdivision":"Eifelkreis Bitburg-Prüm","cx":6.218,"cy":50.102}},
{"type":"Feature","geometry":{"type":"Polygon","coordinates":[[[6.196,50.0865],[6.1993,50.0896],[6.191,50.0973],[6.1814,50.1002],[6.1762,50.1044],[6.1743,50.0959],[6.1648,50.0925],[6.1709,50.0836],[6.1656,50.0803],[6.1673,50.0746],[6.1774,50.0724],[6.1831,50.0743],[6.1876,50.0861],[6.196,50.0865]]]},"properties":{"id":"07232298","name":"Reipeldingen","subdivision":"Eifelkreis Bitburg-Prüm","cx":6.179,"cy":50.088}},
{"type":"Feature","geometry":{"type":"Polygon","coordinates":[[[6.2023,50.1206],[6.1891,50.1314],[6.1745,50.1306],[6.1647,50.1223],[6.156,50.118],[6.1601,50.1106],[6.1704,50.1074],[6.1874,50.1133],[6.2023,50.1206]]]},"properties":{"id":"07232301","name":"Roscheid","subdivision":"Eifelkreis Bitburg-Prüm","cx":6.178,"cy":50.12}},
{"type":"Feature","geometry":{"type":"Polygon","coordinates":[[[6.2156,50.1229],[6.2181,50.117],[6.2242,50.1159],[6.2321,50.1179],[6.2354,50.125],[6.2215,50.1254],[6.2156,50.1229]]]},"properties":{"id":"07232309","name":"Sengerich","subdivision":"Eifelkreis Bitburg-Prüm","cx":6.225,"cy":50.121}},
{"type":"Feature","geometry":{"type":"Polygon","coordinates":[[[6.3133,50.1315],[6.3267,50.1367],[6.3214,50.144],[6.315,50.1442],[6.3068,50.141],[6.3074,50.1348],[6.3133,50.1315]]]},"properties":{"id":"07232315","name":"Strickscheid","subdivision":"Eifelkreis Bitburg-Prüm","cx":6.316,"cy":50.138}},
{"type":"Feature","geometry":{"type":"Polygon","coordinates":[[[6.342,50.1124],[6.3549,50.1056],[6.3504,50.0967],[6.3497,50.0914],[6.3609,50.0851],[6.3618,50.0859],[6.3772,50.0827],[6.3826,50.0832],[6.3795,50.0929],[6.3921,50.0995],[6.3787,50.105],[6.3684,50.1002],[6.3613,50.1015],[6.3636,50.1095],[6.3621,50.1151],[6.3548,50.1168],[6.343,50.1144],[6.342,50.1124]]]},"properties":{"id":"07232322","name":"Waxweiler","subdivision":"Eifelkreis Bitburg-Prüm","cx":6.365,"cy":50.093}},
{"type":"Feature","geometry":{"type":"Polygon","coordinates":[[[6.2778,50.1173],[6.2756,50.1264],[6.2894,50.1303],[6.2898,50.1328],[6.2887,50.1433],[6.2928,50.1464],[6.2756,50.1451],[6.2711,50.1517],[6.257,50.1567],[6.2502,50.1548],[6.2516,50.1472],[6.2434,50.1435],[6.2395,50.1398],[6.244,50.1325],[6.2354,50.125],[6.2321,50.1179],[6.2242,50.1159],[6.2242,50.1101],[6.2313,50.1086],[6.2372,50.1038],[6.2584,50.1095],[6.2607,50.1133],[6.2778,50.1173]]]},"properties":{"id":"07232333","name":"Üttfeld","subdivision":"Eifelkreis Bitburg-Prüm","cx":6.259,"cy":50.13}},
{"type":"Feature","geometry":{"type":"Polygon","coordinates":[[[6.3799,50.037],[6.3652,50.0338],[6.3611,50.0298],[6.3644,50.0254],[6.3716,50.0265],[6.3772,50.0177],[6.3862,50.0168],[6.4006,50.012],[6.4012,50.0084],[6.4107,50.005],[6.4129,50.0052],[6.4144,50.0122],[6.4146,50.0188],[6.4096,50.018],[6.3942,50.0274],[6.3962,50.0346],[6.39,50.0384],[6.3799,50.037]]]},"properties":{"id":"07232003","name":"Altscheid","subdivision":"Eifelkreis Bitburg-Prüm","cx":6.385,"cy":50.026}},
{"type":"Feature","geometry":{"type":"Polygon","coordinates":[[[6.2764,50.0285],[6.2789,50.0364],[6.2875,50.0462],[6.2789,50.0628],[6.266,50.0541],[6.2663,50.0495],[6.2571,50.0438],[6.262,50.0352],[6.2707,50.033],[6.2764,50.0285]]]},"properties":{"id":"07232005","name":"Ammeldingen bei Neuerburg","subdivision":"Eifelkreis Bitburg-Prüm","cx":6.274,"cy":50.045}},
{"type":"Feature","geometry":{"type":"Polygon","coordinates":[[[6.3336,50.0531],[6.334,50.0469],[6.3273,50.0437],[6.3237,50.0378],[6.3256,50.0345],[6.3356,50.0319],[6.3373,50.0255],[6.354,50.0267],[6.3611,50.0298],[6.3652,50.0338],[6.3799,50.037],[6.3664,50.0445],[6.3555,50.0476],[6.3503,50.0549],[6.3449,50.0558],[6.3336,50.0531]]]},"properties":{"id":"07232011","name":"Berkoth","subdivision":"Eifelkreis Bitburg-Prüm","cx":6.348,"cy":50.039}},
{"type":"Feature","geometry":{"type":"Polygon","coordinates":[[[6.255,49.9621],[6.2537,49.9685],[6.2471,49.9755],[6.2504,49.9833],[6.2505,49.9885],[6.2348,49.9864],[6.2282,49.9927],[6.2192,49.9958],[6.2148,49.9878],[6.2201,49.9849],[6.2167,49.9815],[6.2214,49.9721],[6.2292,49.9687],[6.2268,49.9647],[6.2377,49.9558],[6.2412,49.9546],[6.2457,49.9612],[6.255,49.9621]]]},"properties":{"id":"07232012","name":"Berscheid","subdivision":"Eifelkreis Bitburg-Prüm","cx":6.235,"cy":49.976}},
{"type":"Feature","geometry":{"type":"Polygon","coordinates":[[[6.3401,49.8828],[6.3205,49.8888],[6.3163,49.8924],[6.303,49.8939],[6.287,49.8895],[6.2971,49.8826],[6.2956,49.8759],[6.3073,49.8735],[6.3288,49.8804],[6.3367,49.8718],[6.3428,49.8734],[6.3449,49.8778],[6.3401,49.8828]]]},"properties":{"id":"07232016","name":"Biesdorf","subdivision":"Eifelkreis Bitburg-Prüm","cx":6.312,"cy":49.884}},
{"type":"Feature","geometry":{"type":"Polygon","coordinates":[[[6.352,49.9512],[6.3642,49.9598],[6.3571,49.9679],[6.3464,49.9665],[6.3438,49.9744],[6.3403,49.9725],[6.3364,49.9585],[6.3486,49.9505],[6.352,49.9512]]]},"properties":{"id":"07232022","name":"Burg","subdivision":"Eifelkreis Bitburg-Prüm","cx":6.349,"cy":49.96}},
{"type":"Feature","geometry":{"type":"Polygon","coordinates":[[[6.19,50.0109],[6.1815,50.012],[6.1746,50.0052],[6.1748,50.0003],[6.1791,49.9987],[6.1894,49.996],[6.2006,50.0014],[6.19,50.0109]]]},"properties":{"id":"07232025","name":"Dauwelshausen","subdivision":"Eifelkreis Bitburg-Prüm","cx":6.186,"cy":50.004}},
{"type":"Feature","geometry":{"type":"Polygon","coordinates":[[[6.2502,50.059],[6.2526,50.0445],[6.2571,50.0438],[6.2663,50.0495],[6.266,50.0541],[6.2789,50.0628],[6.2795,50.064],[6.2728,50.067],[6.2622,50.0618],[6.2502,50.059]]]},"properties":{"id":"07232031","name":"Emmelbaum","subdivision":"Eifelkreis Bitburg-Prüm","cx":6.259,"cy":50.054}},
{"type":"Feature","geometry":{"type":"Polygon","coordinates":[[[6.4406,49.8296],[6.4386,49.8387],[6.4407,49.844],[6.435,49.8463],[6.4337,49.8581],[6.4259,49.8581],[6.4159,49.853],[6.4061,49.8504],[6.3917,49.8412],[6.3908,49.8331],[6.4033,49.824],[6.4106,49.825],[6.4241,49.8197],[6.4347,49.8234],[6.4406,49.8296]]]},"properties":{"id":"07232033","name":"Ernzen","subdivision":"Eifelkreis Bitburg-Prüm","cx":6.418,"cy":49.838}},
{"type":"Feature","geometry":{"type":"Polygon","coordinates":[[[6.4337,49.8581],[6.4343,49.8584],[6.4305,49.8623],[6.42,49.8635],[6.4155,49.8719],[6.4074,49.8762],[6.3938,49.8771],[6.3856,49.8816],[6.3816,49.8793],[6.3742,49.8743],[6.3853,49.8668],[6.3925,49.8641],[6.3988,49.8568],[6.3902,49.8508],[6.3917,49.8412],[6.4061,49.8504],[6.4159,49.853],[6.4259,49.8581],[6.4337,49.8581]]]},"properties":{"id":"07232037","name":"Ferschweiler","subdivision":"Eifelkreis Bitburg-Prüm","cx":6.404,"cy":49.866}},
{"type":"Feature","geometry":{"type":"Polygon","coordinates":[[[6.3373,50.0255],[6.3291,50.0225],[6.319,50.0158],[6.318,50.0086],[6.3241,49.9989],[6.3209,49.9924],[6.3316,49.9919],[6.3413,49.9997],[6.348,50.002],[6.3516,50.0117],[6.3579,50.0207],[6.354,50.0267],[6.3373,50.0255]]]},"properties":{"id":"07232038","name":"Fischbach-Oberraden","subdivision":"Eifelkreis Bitburg-Prüm","cx":6.336,"cy":50.011}},
{"type":"Feature","geometry":{"type":"Polygon","coordinates":[[[6.2795,50.064],[6.2789,50.0628],[6.2875,50.0462],[6.2989,50.046],[6.3038,50.042],[6.3021,50.0496],[6.3113,50.0553],[6.3113,50.0651],[6.3175,50.0704],[6.3073,50.0721],[6.2935,50.0795],[6.2868,50.0775],[6.2839,50.0704],[6.2869,50.0657],[6.2795,50.064]]]},"properties":{"id":"07232047","name":"Heilbach","subdivision":"Eifelkreis Bitburg-Prüm","cx":6.297,"cy":50.062}},
{"type":"Feature","geometry":{"type":"Polygon","coordinates":[[[6.2199,49.9966],[6.2418,50.0083],[6.2357,50.0125],[6.2256,50.0141],[6.2169,50.0106],[6.2187,50.0024],[6.2136,49.9967],[6.2199,49.9966]]]},"properties":{"id":"07232049","name":"Herbstmühle","subdivision":"Eifelkreis Bitburg-Prüm","cx":6.226,"cy":50.007}},
{"type":"Feature","geometry":{"type":"Polygon","coordinates":[[[6.4316,49.905],[6.4183,49.9003],[6.3994,49.8985],[6.4016,49.8939],[6.3856,49.8816],[6.3938,49.8771],[6.4074,49.8762],[6.4155,49.8719],[6.4272,49.8729],[6.4417,49.8834],[6.4465,49.8894],[6.4414,49.8928],[6.4347,49.8972],[6.4316,49.905]]]},"properties":{"id":"07232053","name":"Holsthum","subdivision":"Eifelkreis Bitburg-Prüm","cx":6.418,"cy":49.887}},
{"type":"Feature","geometry":{"type":"Polygon","coordinates":[[[6.2953,49.9062],[6.3144,49.9086],[6.3165,49.9045],[6.3301,49.9077],[6.3209,49.9164],[6.3155,49.9147],[6.3105,49.9205],[6.3029,49.9169],[6.2953,49.9062]]]},"properties":{"id":"07232054","name":"Hommerdingen","subdivision":"Eifelkreis Bitburg-Prüm","cx":6.31,"cy":49.913}},
{"type":"Feature","geometry":{"type":"Polygon","coordinates":[[[6.2418,50.0083],[6.252,50.0053],[6.2614,50.0048],[6.2636,50.0047],[6.2691,50.0189],[6.2588,50.0213],[6.2404,50.0207],[6.2357,50.0125],[6.2418,50.0083]]]},"properties":{"id":"07232056","name":"Hütten","subdivision":"Eifelkreis Bitburg-Prüm","cx":6.253,"cy":50.014}},
{"type":"Feature","geometry":{"type":"Polygon","coordinates":[[[6.3105,49.9205],[6.3095,49.9271],[6.3179,49.9296],[6.3109,49.9303],[6.3047,49.9409],[6.2932,49.9353],[6.2807,49.9358],[6.2769,49.932],[6.2802,49.9272],[6.2925,49.9168],[6.3029,49.9169],[6.3105,49.9205]]]},"properties":{"id":"07232059","name":"Hüttingen bei Lahr","subdivision":"Eifelkreis Bitburg-Prüm","cx":6.297,"cy":49.927}},
{"type":"Feature","geometry":{"type":"Polygon","coordinates":[[[6.4406,49.8296],[6.4447,49.8281],[6.4503,49.8288],[6.4567,49.8349],[6.4662,49.8369],[6.4615,49.8432],[6.472,49.8484],[6.4876,49.8465],[6.4777,49.8485],[6.4751,49.8546],[6.4487,49.8622],[6.4343,49.8584],[6.4337,49.8581],[6.435,49.8463],[6.4407,49.844],[6.4386,49.8387],[6.4406,49.8296]]]},"properties":{"id":"07232063","name":"Irrel","subdivision":"Eifelkreis Bitburg-Prüm","cx":6.452,"cy":49.847}},
{"type":"Feature","geometry":{"type":"Polygon","coordinates":[[[6.1993,50.0291],[6.2016,50.02],[6.2071,50.0208],[6.2169,50.0106],[6.2256,50.0141],[6.2357,50.0125],[6.2404,50.0207],[6.2463,50.0233],[6.2384,50.0291],[6.2432,50.0335],[6.2353,50.0373],[6.2074,50.0387],[6.2075,50.0317],[6.1993,50.0291]]]},"properties":{"id":"07232064","name":"Karlshausen","subdivision":"Eifelkreis Bitburg-Prüm","cx":6.223,"cy":50.026}},
{"type":"Feature","geometry":{"type":"Polygon","coordinates":[[[6.4726,49.8774],[6.4882,49.8655],[6.491,49.8616],[6.499,49.863],[6.5037,49.8603],[6.5081,49.8632],[6.5124,49.8713],[6.5059,49.8714],[6.4923,49.8842],[6.4951,49.8924],[6.4786,49.8829],[6.4726,49.8774]]]},"properties":{"id":"07232065","name":"Kaschenbach","subdivision":"Eifelkreis Bitburg-Prüm","cx":6.492,"cy":49.874}},
{"type":"Feature","geometry":{"type":"Polygon","coordinates":[[[6.2505,49.9885],[6.2496,49.991],[6.2614,50.0048],[6.252,50.0053],[6.2418,50.0083],[6.2199,49.9966],[6.2192,49.9958],[6.2282,49.9927],[6.2348,49.9864],[6.2505,49.9885]]]},"properties":{"id":"07232068","name":"Koxhausen","subdivision":"Eifelkreis Bitburg-Prüm","cx":6.241,"cy":49.997}},
{"type":"Feature","geometry":{"type":"Polygon","coordinates":[[[6.3401,49.8828],[6.3478,49.891],[6.3359,49.896],[6.3319,49.8999],[6.3301,49.9077],[6.3165,49.9045],[6.3144,49.9086],[6.2953,49.9062],[6.303,49.8939],[6.3163,49.8924],[6.3205,49.8888],[6.3401,49.8828]]]},"properties":{"id":"07232069","name":"Kruchten","subdivision":"Eifelkreis Bitburg-Prüm","cx":6.322,"cy":49.898}},
{"type":"Feature","geometry":{"type":"Polygon","coordinates":[[[6.4162,50.1341],[6.4282,50.1415],[6.4395,50.1406],[6.4461,50.1456],[6.4477,50.1519],[6.4536,50.1541],[6.4471,50.1594],[6.4369,50.1609],[6.4325,50.1555],[6.4254,50.1538],[6.42,50.1506],[6.42,50.1442],[6.4106,50.1388],[6.4162,50.1341]]]},"properties":{"id":"07232216","name":"Dingdorf","subdivision":"Eifelkreis Bitburg-Prüm","cx":6.435,"cy":50.148}},
{"type":"Feature","geometry":{"type":"Polygon","coordinates":[[[6.2725,49.9399],[6.2807,49.9358],[6.2932,49.9353],[6.3047,49.9409],[6.3073,49.9488],[6.3015,49.9587],[6.3033,49.9631],[6.2879,49.9644],[6.2727,49.968],[6.2739,49.9733],[6.2665,49.9747],[6.2537,49.9685],[6.255,49.9621],[6.2599,49.9606],[6.271,49.9657],[6.2756,49.9628],[6.2827,49.947],[6.2725,49.9399]]]},"properties":{"id":"07232072","name":"Lahr (Eifelkreis Bitburg-Prüm)","subdivision":"Eifelkreis Bitburg-Prüm","cx":6.291,"cy":49.954}},
{"type":"Feature","geometry":{"type":"Polygon","coordinates":[[[6.2707,50.033],[6.2579,50.0342],[6.2432,50.0335],[6.2384,50.0291],[6.2463,50.0233],[6.2404,50.0207],[6.2588,50.0213],[6.2691,50.0189],[6.2765,50.0279],[6.2764,50.0285],[6.2707,50.033]]]},"properties":{"id":"07232073","name":"Leimbach (Eifelkreis Bitburg-Prüm)","subdivision":"Eifelkreis Bitburg-Prüm","cx":6.258,"cy":50.027}},
{"type":"Feature","geometry":{"type":"Polygon","coordinates":[[[6.4567,49.8349],[6.4628,49.8338],[6.4868,49.8348],[6.4913,49.8316],[6.4986,49.8356],[6.4907,49.8385],[6.4876,49.8465],[6.472,49.8484],[6.4615,49.8432],[6.4662,49.8369],[6.4567,49.8349]]]},"properties":{"id":"07232078","name":"Menningen","subdivision":"Eifelkreis Bitburg-Prüm","cx":6.478,"cy":49.841}},
{"type":"Feature","geometry":{"type":"Polygon","coordinates":[[[6.3438,49.9744],[6.3457,49.9785],[6.342,49.9845],[6.3413,49.9807],[6.3301,49.9715],[6.3142,49.9677],[6.3033,49.9631],[6.3015,49.9587],[6.3073,49.9488],[6.3047,49.9409],[6.3109,49.9303],[6.3179,49.9296],[6.3268,49.9263],[6.3368,49.9338],[6.3499,49.9282],[6.3566,49.9277],[6.3613,49.9305],[6.3582,49.937],[6.3663,49.9438],[6.352,49.9512],[6.3486,49.9505],[6.3364,49.9585],[6.3403,49.9725],[6.3438,49.9744]]]},"properties":{"id":"07232080","name":"Mettendorf","subdivision":"Eifelkreis Bitburg-Prüm","cx":6.327,"cy":49.946}},
{"type":"Feature","geometry":{"type":"Polygon","coordinates":[[[6.4461,50.0841],[6.4549,50.0848],[6.4578,50.0896],[6.4734,50.0992],[6.4683,50.1058],[6.4465,50.1108],[6.4419,50.1134],[6.4299,50.1096],[6.4369,50.0965],[6.4407,50.0854],[6.4461,50.0841]]]},"properties":{"id":"07232222","name":"Feuerscheid","subdivision":"Eifelkreis Bitburg-Prüm","cx":6.45,"cy":50.099}},
{"type":"Feature","geometry":{"type":"Polygon","coordinates":[[[6.2504,49.9833],[6.2626,49.9828],[6.2699,49.986],[6.2773,49.9785],[6.2822,49.9928],[6.2765,50.0021],[6.2636,50.0047],[6.2614,50.0048],[6.2496,49.991],[6.2505,49.9885],[6.2504,49.9833]]]},"properties":{"id":"07232084","name":"Muxerath","subdivision":"Eifelkreis Bitburg-Prüm","cx":6.266,"cy":49.994}},
{"type":"Feature","geometry":{"type":"Polygon","coordinates":[[[6.2537,49.9685],[6.2665,49.9747],[6.2739,49.9733],[6.2773,49.9785],[6.2699,49.986],[6.2626,49.9828],[6.2504,49.9833],[6.2471,49.9755],[6.2537,49.9685]]]},"properties":{"id":"07232085","name":"Nasingen","subdivision":"Eifelkreis Bitburg-Prüm","cx":6.258,"cy":49.977}},
{"type":"Feature","geometry":{"type":"Polygon","coordinates":[[[6.318,50.0086],[6.3046,50.0129],[6.2955,50.0223],[6.2951,50.0282],[6.2873,50.0268],[6.2765,50.0279],[6.2691,50.0189],[6.2636,50.0047],[6.2765,50.0021],[6.2822,49.9928],[6.2965,49.9991],[6.3084,49.9861],[6.3185,49.9846],[6.3209,49.9924],[6.3241,49.9989],[6.318,50.0086]]]},"properties":{"id":"07232088","name":"Neuerburg","subdivision":"Eifelkreis Bitburg-Prüm","cx":6.29,"cy":50.01}},
{"type":"Feature","geometry":{"type":"Polygon","coordinates":[[[6.3209,49.9924],[6.3185,49.9846],[6.3206,49.98],[6.3313,49.9782],[6.3413,49.9807],[6.342,49.9845],[6.3316,49.9919],[6.3209,49.9924]]]},"properties":{"id":"07232090","name":"Niederraden","subdivision":"Eifelkreis Bitburg-Prüm","cx":6.329,"cy":49.985}},
{"type":"Feature","geometry":{"type":"Polygon","coordinates":[[[6.448,49.8765],[6.4487,49.8622],[6.4751,49.8546],[6.4777,49.8485],[6.4876,49.8465],[6.4987,49.8536],[6.5037,49.8603],[6.499,49.863],[6.491,49.8616],[6.4882,49.8655],[6.4726,49.8774],[6.4598,49.8787],[6.448,49.8765]]]},"properties":{"id":"07232093","name":"Niederweis","subdivision":"Eifelkreis Bitburg-Prüm","cx":6.474,"cy":49.865}},
{"type":"Feature","geometry":{"type":"Polygon","coordinates":[[[6.352,49.9512],[6.3663,49.9438],[6.3742,49.9443],[6.3762,49.955],[6.3642,49.9598],[6.352,49.9512]]]},"properties":{"id":"07232094","name":"Niehl","subdivision":"Eifelkreis Bitburg-Prüm","cx":6.366,"cy":49.951}},
{"type":"Feature","geometry":{"type":"Polygon","coordinates":[[[6.3428,49.8734],[6.3516,49.8693],[6.3669,49.8708],[6.3742,49.8743],[6.3816,49.8793],[6.3654,49.8877],[6.3668,49.8912],[6.3631,49.8999],[6.3726,49.9121],[6.3641,49.9197],[6.3568,49.9231],[6.3566,49.9277],[6.3499,49.9282],[6.3368,49.9338],[6.3268,49.9263],[6.3179,49.9296],[6.3095,49.9271],[6.3105,49.9205],[6.3155,49.9147],[6.3209,49.9164],[6.3301,49.9077],[6.3319,49.8999],[6.3359,49.896],[6.3478,49.891],[6.3401,49.8828],[6.3449,49.8778],[6.3428,49.8734]]]},"properties":{"id":"07232095","name":"Nusbaum","subdivision":"Eifelkreis Bitburg-Prüm","cx":6.349,"cy":49.907}},
{"type":"Feature","geometry":{"type":"Polygon","coordinates":[[[6.3033,49.9631],[6.3142,49.9677],[6.3161,49.9764],[6.3058,49.9807],[6.3084,49.9861],[6.2965,49.9991],[6.2822,49.9928],[6.2773,49.9785],[6.2739,49.9733],[6.2727,49.968],[6.2879,49.9644],[6.3033,49.9631]]]},"properties":{"id":"07232503","name":"Obergeckler","subdivision":"Eifelkreis Bitburg-Prüm","cx":6.293,"cy":49.978}},
{"type":"Feature","geometry":{"type":"Polygon","coordinates":[[[6.3316,49.9919],[6.342,49.9845],[6.3457,49.9785],[6.3507,49.9774],[6.3688,49.9842],[6.3722,49.9895],[6.3698,49.9972],[6.3693,50.0007],[6.3632,49.9985],[6.3555,50.0028],[6.3574,50.0076],[6.3516,50.0117],[6.348,50.002],[6.3413,49.9997],[6.3316,49.9919]]]},"properties":{"id":"07232102","name":"Utscheid","subdivision":"Eifelkreis Bitburg-Prüm","cx":6.353,"cy":49.992}},
{"type":"Feature","geometry":{"type":"Polygon","coordinates":[[[6.4083,49.9197],[6.3884,49.9172],[6.3861,49.9108],[6.3915,49.9087],[6.3939,49.9007],[6.3994,49.8985],[6.4183,49.9003],[6.4316,49.905],[6.4309,49.9064],[6.4247,49.9189],[6.4225,49.921],[6.4083,49.9197]]]},"properties":{"id":"07232103","name":"Peffingen","subdivision":"Eifelkreis Bitburg-Prüm","cx":6.409,"cy":49.91}},
{"type":"Feature","geometry":{"type":"Polygon","coordinates":[[[6.2764,50.0285],[6.2765,50.0279],[6.2873,50.0268],[6.2951,50.0282],[6.3002,50.0385],[6.3038,50.042],[6.2989,50.046],[6.2875,50.0462],[6.2789,50.0364],[6.2764,50.0285]]]},"properties":{"id":"07232106","name":"Plascheid","subdivision":"Eifelkreis Bitburg-Prüm","cx":6.29,"cy":50.036}},
{"type":"Feature","geometry":{"type":"Polygon","coordinates":[[[6.4417,49.8834],[6.4272,49.8729],[6.4155,49.8719],[6.42,49.8635],[6.4305,49.8623],[6.4343,49.8584],[6.4487,49.8622],[6.448,49.8765],[6.4417,49.8834]]]},"properties":{"id":"07232108","name":"Prümzurlay","subdivision":"Eifelkreis Bitburg-Prüm","cx":6.436,"cy":49.869}},
{"type":"Feature","geometry":{"type":"Polygon","coordinates":[[[6.3794,49.9119],[6.3726,49.9121],[6.3631,49.8999],[6.3668,49.8912],[6.3654,49.8877],[6.3816,49.8793],[6.3856,49.8816],[6.4016,49.8939],[6.3994,49.8985],[6.3939,49.9007],[6.3915,49.9087],[6.3861,49.9108],[6.3794,49.9119]]]},"properties":{"id":"07232114","name":"Schankweiler","subdivision":"Eifelkreis Bitburg-Prüm","cx":6.381,"cy":49.897}},
{"type":"Feature","geometry":{"type":"Polygon","coordinates":[[[6.2006,50.0014],[6.2136,49.9967],[6.2187,50.0024],[6.2169,50.0106],[6.2071,50.0208],[6.2016,50.02],[6.2015,50.0147],[6.19,50.0109],[6.2006,50.0014]]]},"properties":{"id":"07232116","name":"Scheitenkorb","subdivision":"Eifelkreis Bitburg-Prüm","cx":6.207,"cy":50.008}},
{"type":"Feature","geometry":{"type":"Polygon","coordinates":[[[6.3237,50.0378],[6.3169,50.0395],[6.3081,50.0366],[6.3002,50.0385],[6.2951,50.0282],[6.2955,50.0223],[6.3046,50.0129],[6.318,50.0086],[6.319,50.0158],[6.3291,50.0225],[6.3373,50.0255],[6.3356,50.0319],[6.3256,50.0345],[6.3237,50.0378]]]},"properties":{"id":"07232117","name":"Scheuern","subdivision":"Eifelkreis Bitburg-Prüm","cx":6.314,"cy":50.026}},
{"type":"Feature","geometry":{"type":"Polygon","coordinates":[[[6.1799,50.0279],[6.1685,50.0234],[6.1652,50.0163],[6.1609,50.0098],[6.1595,50.0021],[6.1748,50.0003],[6.1746,50.0052],[6.1815,50.012],[6.19,50.0109],[6.2015,50.0147],[6.2016,50.02],[6.1993,50.0291],[6.1921,50.0326],[6.1799,50.0279]]]},"properties":{"id":"07232121","name":"Sevenig bei Neuerburg","subdivision":"Eifelkreis Bitburg-Prüm","cx":6.185,"cy":50.02}},
{"type":"Feature","geometry":{"type":"Polygon","coordinates":[[[6.3413,49.9807],[6.3313,49.9782],[6.3206,49.98],[6.3185,49.9846],[6.3084,49.9861],[6.3058,49.9807],[6.3161,49.9764],[6.3142,49.9677],[6.3301,49.9715],[6.3413,49.9807]]]},"properties":{"id":"07232122","name":"Sinspelt","subdivision":"Eifelkreis Bitburg-Prüm","cx":6.321,"cy":49.975}},
{"type":"Feature","geometry":{"type":"Polygon","coordinates":[[[6.3113,50.0553],[6.3021,50.0496],[6.3038,50.042],[6.3002,50.0385],[6.3081,50.0366],[6.3169,50.0395],[6.3237,50.0378],[6.3273,50.0437],[6.334,50.0469],[6.3336,50.0531],[6.3195,50.056],[6.3113,50.0553]]]},"properties":{"id":"07232128","name":"Uppershausen","subdivision":"Eifelkreis Bitburg-Prüm","cx":6.317,"cy":50.047}},
{"type":"Feature","geometry":{"type":"Polygon","coordinates":[[[6.3611,50.0298],[6.354,50.0267],[6.3579,50.0207],[6.3516,50.0117],[6.3574,50.0076],[6.3555,50.0028],[6.3632,49.9985],[6.3693,50.0007],[6.3863,50.0073],[6.3886,50.0105],[6.4012,50.0084],[6.4006,50.012],[6.3862,50.0168],[6.3772,50.0177],[6.3716,50.0265],[6.3644,50.0254],[6.3611,50.0298]]]},"properties":{"id":"07232132","name":"Weidingen","subdivision":"Eifelkreis Bitburg-Prüm","cx":6.369,"cy":50.012}},
{"type":"Feature","geometry":{"type":"Polygon","coordinates":[[[6.2353,50.0373],[6.2432,50.0335],[6.2579,50.0342],[6.2707,50.033],[6.262,50.0352],[6.2571,50.0438],[6.2526,50.0445],[6.2353,50.0373]]]},"properties":{"id":"07232138","name":"Zweifelscheid","subdivision":"Eifelkreis Bitburg-Prüm","cx":6.251,"cy":50.038}},
{"type":"Feature","geometry":{"type":"Polygon","coordinates":[[[6.5037,49.8603],[6.4987,49.8536],[6.4876,49.8465],[6.4907,49.8385],[6.4986,49.8356],[6.5177,49.8418],[6.5276,49.8413],[6.531,49.8383],[6.5324,49.8481],[6.5253,49.8532],[6.5334,49.8581],[6.5081,49.8632],[6.5037,49.8603]]]},"properties":{"id":"07232218","name":"Eisenach","subdivision":"Eifelkreis Bitburg-Prüm","cx":6.511,"cy":49.85}},
{"type":"Feature","geometry":{"type":"Polygon","coordinates":[[[6.5081,49.8632],[6.5334,49.8581],[6.5425,49.8628],[6.5431,49.8829],[6.5186,49.8768],[6.5124,49.8713],[6.5081,49.8632]]]},"properties":{"id":"07232225","name":"Gilzem","subdivision":"Eifelkreis Bitburg-Prüm","cx":6.528,"cy":49.869}},
{"type":"Feature","geometry":{"type":"Polygon","coordinates":[[[6.3559,50.3094],[6.3484,50.315],[6.3359,50.3175],[6.3333,50.3232],[6.3273,50.3245],[6.318,50.3191],[6.3128,50.3219],[6.3055,50.3176],[6.3092,50.3117],[6.3008,50.3104],[6.2983,50.3041],[6.2854,50.286],[6.2921,50.2788],[6.2988,50.2835],[6.3045,50.2802],[6.3132,50.2841],[6.3306,50.2872],[6.3389,50.2797],[6.3478,50.2737],[6.3594,50.2697],[6.3728,50.2622],[6.3859,50.2747],[6.3753,50.2851],[6.3577,50.2924],[6.3594,50.2971],[6.355,50.3034],[6.3559,50.3094]]]},"properties":{"id":"07232202","name":"Auw bei Prüm","subdivision":"Eifelkreis Bitburg-Prüm","cx":6.338,"cy":50.301}},
{"type":"Feature","geometry":{"type":"Polygon","coordinates":[[[6.3155,50.2345],[6.3082,50.2342],[6.2984,50.2395],[6.2996,50.2508],[6.2886,50.2553],[6.2783,50.2667],[6.277,50.2661],[6.2722,50.2449],[6.2616,50.2391],[6.2673,50.2364],[6.2599,50.2274],[6.275,50.2253],[6.2828,50.2314],[6.2997,50.2321],[6.3084,50.2279],[6.3155,50.2345]]]},"properties":{"id":"07232206","name":"Bleialf","subdivision":"Eifelkreis Bitburg-Prüm","cx":6.284,"cy":50.242}},
{"type":"Feature","geometry":{"type":"Polygon","coordinates":[[[6.275,50.2253],[6.2724,50.2186],[6.2857,50.2094],[6.2841,50.2024],[6.2873,50.193],[6.3071,50.1854],[6.3064,50.2017],[6.3201,50.2006],[6.3252,50.1981],[6.3384,50.2045],[6.3376,50.2124],[6.3319,50.2185],[6.3383,50.2357],[6.334,50.2392],[6.3249,50.2327],[6.3155,50.2345],[6.3084,50.2279],[6.2997,50.2321],[6.2828,50.2314],[6.275,50.2253]]]},"properties":{"id":"07232207","name":"Brandscheid (Eifelkreis Bitburg-Prüm)","subdivision":"Eifelkreis Bitburg-Prüm","cx":6.304,"cy":50.215}},
{"type":"Feature","geometry":{"type":"Polygon","coordinates":[[[6.3389,50.2797],[6.3257,50.273],[6.3234,50.2661],[6.3169,50.2648],[6.3073,50.2519],[6.2996,50.2508],[6.2984,50.2395],[6.3082,50.2342],[6.3155,50.2345],[6.3249,50.2327],[6.334,50.2392],[6.348,50.25],[6.356,50.2521],[6.3711,50.261],[6.3728,50.2622],[6.3594,50.2697],[6.3478,50.2737],[6.3389,50.2797]]]},"properties":{"id":"07232208","name":"Buchet","subdivision":"Eifelkreis Bitburg-Prüm","cx":6.332,"cy":50.255}},
{"type":"Feature","geometry":{"type":"Polygon","coordinates":[[[6.5621,50.1892],[6.5704,50.1862],[6.5768,50.1932],[6.5892,50.1957],[6.5904,50.2019],[6.5966,50.2068],[6.5893,50.2092],[6.5941,50.2178],[6.5872,50.2183],[6.5867,50.2256],[6.5795,50.2243],[6.5626,50.2299],[6.5613,50.2356],[6.5489,50.227],[6.5414,50.2248],[6.532,50.2185],[6.5391,50.2122],[6.538,50.2085],[6.5496,50.2004],[6.5645,50.1958],[6.5621,50.1892]]]},"properties":{"id":"07232209","name":"Büdesheim","subdivision":"Eifelkreis Bitburg-Prüm","cx":6.566,"cy":50.211}},
{"type":"Feature","geometry":{"type":"Polygon","coordinates":[[[6.4799,50.2144],[6.482,50.2116],[6.4734,50.2059],[6.483,50.2033],[6.4875,50.1971],[6.4872,50.1909],[6.4921,50.1824],[6.4992,50.1815],[6.5119,50.188],[6.504,50.1917],[6.5101,50.1965],[6.508,50.2001],[6.5219,50.2061],[6.5202,50.2163],[6.505,50.2204],[6.4987,50.2218],[6.4868,50.2193],[6.4799,50.2144]]]},"properties":{"id":"07232223","name":"Fleringen","subdivision":"Eifelkreis Bitburg-Prüm","cx":6.497,"cy":50.205}},
{"type":"Feature","geometry":{"type":"Polygon","coordinates":[[[6.4774,50.1795],[6.4664,50.184],[6.4595,50.1898],[6.455,50.185],[6.4438,50.1856],[6.4348,50.1797],[6.4364,50.1743],[6.4501,50.1686],[6.4603,50.1778],[6.4733,50.177],[6.4774,50.1795]]]},"properties":{"id":"07232224","name":"Giesdorf","subdivision":"Eifelkreis Bitburg-Prüm","cx":6.451,"cy":50.178}},
{"type":"Feature","geometry":{"type":"Polygon","coordinates":[[[6.505,50.2204],[6.5014,50.2232],[6.5132,50.2293],[6.5154,50.2392],[6.51,50.2504],[6.5119,50.2587],[6.511,50.2677],[6.5103,50.2651],[6.4986,50.2618],[6.4789,50.2609],[6.471,50.2651],[6.4651,50.2631],[6.4572,50.2573],[6.4467,50.2543],[6.4345,50.2551],[6.4382,50.244],[6.4331,50.234],[6.452,50.2305],[6.4573,50.2207],[6.4514,50.215],[6.4604,50.2171],[6.4645,50.2126],[6.4799,50.2144],[6.4868,50.2193],[6.4987,50.2218],[6.505,50.2204]]]},"properties":{"id":"07232226","name":"Weinsheim (Eifelkreis Bitburg-Prüm)","subdivision":"Eifelkreis Bitburg-Prüm","cx":6.477,"cy":50.24}},
{"type":"Feature","geometry":{"type":"Polygon","coordinates":[[[6.3728,50.2622],[6.3711,50.261],[6.3713,50.2552],[6.3841,50.2458],[6.3827,50.2393],[6.3859,50.2312],[6.3796,50.2213],[6.3761,50.2117],[6.3863,50.2057],[6.3917,50.21],[6.4045,50.2113],[6.4022,50.2208],[6.4199,50.2275],[6.4331,50.234],[6.4382,50.244],[6.4345,50.2551],[6.4328,50.2579],[6.42,50.258],[6.4223,50.263],[6.4171,50.2713],[6.4089,50.2718],[6.401,50.2757],[6.3969,50.2831],[6.3859,50.2747],[6.3728,50.2622]]]},"properties":{"id":"07232227","name":"Gondenbrett","subdivision":"Eifelkreis Bitburg-Prüm","cx":6.403,"cy":50.245}},
{"type":"Feature","geometry":{"type":"Polygon","coordinates":[[[6.2599,50.2274],[6.239,50.2248],[6.2398,50.216],[6.2473,50.2116],[6.2462,50.2043],[6.2557,50.2025],[6.266,50.2011],[6.2841,50.2024],[6.2857,50.2094],[6.2724,50.2186],[6.275,50.2253],[6.2599,50.2274]]]},"properties":{"id":"07232230","name":"Großlangenfeld","subdivision":"Eifelkreis Bitburg-Prüm","cx":6.262,"cy":50.214}},
{"type":"Feature","geometry":{"type":"Polygon","coordinates":[[[6.257,50.1567],[6.2711,50.1517],[6.2793,50.1595],[6.2894,50.1634],[6.3042,50.1645],[6.3018,50.1747],[6.2933,50.1833],[6.2992,50.1877],[6.3071,50.1854],[6.2873,50.193],[6.2841,50.2024],[6.266,50.2011],[6.2557,50.2025],[6.2548,50.1944],[6.2454,50.1891],[6.2397,50.1787],[6.238,50.1743],[6.2413,50.1663],[6.257,50.1567]]]},"properties":{"id":"07232231","name":"Habscheid","subdivision":"Eifelkreis Bitburg-Prüm","cx":6.27,"cy":50.178}},
{"type":"Feature","geometry":{"type":"Polygon","coordinates":[[[6.2246,50.1644],[6.2413,50.1663],[6.238,50.1743],[6.2397,50.1787],[6.2397,50.1825],[6.2238,50.1958],[6.2144,50.1905],[6.1997,50.1878],[6.1928,50.1819],[6.1875,50.1789],[6.1653,50.1791],[6.1612,50.1746],[6.172,50.1697],[6.1868,50.1712],[6.1989,50.1792],[6.2148,50.1732],[6.2171,50.1668],[6.2246,50.1644]]]},"properties":{"id":"07232236","name":"Heckhuscheid","subdivision":"Eifelkreis Bitburg-Prüm","cx":6.222,"cy":50.182}},
{"type":"Feature","geometry":{"type":"Polygon","coordinates":[[[6.4177,50.1198],[6.426,50.1155],[6.432,50.1202],[6.4328,50.1252],[6.4432,50.1333],[6.4395,50.1406],[6.4282,50.1415],[6.4162,50.1341],[6.4126,50.1304],[6.4103,50.1284],[6.4177,50.1198]]]},"properties":{"id":"07232238","name":"Heisdorf","subdivision":"Eifelkreis Bitburg-Prüm","cx":6.426,"cy":50.13}},
{"type":"Feature","geometry":{"type":"Polygon","coordinates":[[[6.511,50.2677],[6.5212,50.277],[6.5157,50.2782],[6.5112,50.2858],[6.504,50.2867],[6.4837,50.2845],[6.473,50.2793],[6.4651,50.2631],[6.471,50.2651],[6.4789,50.2609],[6.4986,50.2618],[6.5103,50.2651],[6.511,50.2677]]]},"properties":{"id":"07232250","name":"Kleinlangenfeld","subdivision":"Eifelkreis Bitburg-Prüm","cx":6.493,"cy":50.273}},
{"type":"Feature","geometry":{"type":"Polygon","coordinates":[[[6.4299,50.1096],[6.4419,50.1134],[6.4465,50.1108],[6.4683,50.1058],[6.4743,50.1071],[6.4694,50.124],[6.4589,50.121],[6.4479,50.124],[6.432,50.1202],[6.426,50.1155],[6.4299,50.1096]]]},"properties":{"id":"07232256","name":"Lasel","subdivision":"Eifelkreis Bitburg-Prüm","cx":6.461,"cy":50.114}},
{"type":"Feature","geometry":{"type":"Polygon","coordinates":[[[6.3126,50.1497],[6.3187,50.1546],[6.3093,50.1584],[6.3042,50.1645],[6.2894,50.1634],[6.2793,50.1595],[6.2711,50.1517],[6.2756,50.1451],[6.2928,50.1464],[6.3126,50.1497]]]},"properties":{"id":"07232265","name":"Masthorn","subdivision":"Eifelkreis Bitburg-Prüm","cx":6.293,"cy":50.154}},
{"type":"Feature","geometry":{"type":"Polygon","coordinates":[[[6.4126,50.1304],[6.4162,50.1341],[6.4106,50.1388],[6.402,50.1454],[6.4035,50.1547],[6.379,50.1515],[6.3712,50.1526],[6.3665,50.1515],[6.3707,50.1446],[6.3858,50.1382],[6.4036,50.1382],[6.4063,50.1317],[6.4126,50.1304]]]},"properties":{"id":"07232266","name":"Matzerath","subdivision":"Eifelkreis Bitburg-Prüm","cx":6.392,"cy":50.145}},
{"type":"Feature","geometry":{"type":"Polygon","coordinates":[[[6.277,50.2661],[6.2666,50.2648],[6.2587,50.2678],[6.2455,50.2619],[6.2272,50.2587],[6.2381,50.2487],[6.2415,50.2508],[6.2531,50.2456],[6.2517,50.2423],[6.2616,50.2391],[6.2722,50.2449],[6.277,50.2661]]]},"properties":{"id":"07232271","name":"Mützenich","subdivision":"Eifelkreis Bitburg-Prüm","cx":6.258,"cy":50.255}},
{"type":"Feature","geometry":{"type":"Polygon","coordinates":[[[6.4706,50.3135],[6.4603,50.3125],[6.4583,50.3058],[6.4457,50.2947],[6.453,50.2856],[6.4527,50.2812],[6.4637,50.2811],[6.4774,50.2847],[6.4801,50.2899],[6.4702,50.3111],[6.4706,50.3135]]]},"properties":{"id":"07232272","name":"Neuendorf","subdivision":"Eifelkreis Bitburg-Prüm","cx":6.464,"cy":50.295}},
{"type":"Feature","geometry":{"type":"Polygon","coordinates":[[[6.4369,50.1609],[6.4269,50.1651],[6.4202,50.1616],[6.4265,50.158],[6.4254,50.1538],[6.4325,50.1555],[6.4369,50.1609]]]},"properties":{"id":"07232276","name":"Niederlauch","subdivision":"Eifelkreis Bitburg-Prüm","cx":6.43,"cy":50.16}},
{"type":"Feature","geometry":{"type":"Polygon","coordinates":[[[6.5049,50.1124],[6.5025,50.1091],[6.4891,50.1072],[6.4743,50.1071],[6.4683,50.1058],[6.4734,50.0992],[6.4745,50.0932],[6.4865,50.0837],[6.4934,50.0834],[6.4979,50.0909],[6.5037,50.0937],[6.5059,50.1006],[6.5049,50.1124]]]},"properties":{"id":"07232279","name":"Nimshuscheid","subdivision":"Eifelkreis Bitburg-Prüm","cx":6.489,"cy":50.097}},
{"type":"Feature","geometry":{"type":"Polygon","coordinates":[[[6.4395,50.1406],[6.4432,50.1333],[6.4328,50.1252],[6.432,50.1202],[6.4479,50.124],[6.4589,50.121],[6.4694,50.124],[6.4688,50.1247],[6.4683,50.133],[6.4567,50.1382],[6.4548,50.143],[6.4461,50.1456],[6.4395,50.1406]]]},"properties":{"id":"07232280","name":"Nimsreuland","subdivision":"Eifelkreis Bitburg-Prüm","cx":6.451,"cy":50.131}},
{"type":"Feature","geometry":{"type":"Polygon","coordinates":[[[6.2921,50.2788],[6.2783,50.2667],[6.2886,50.2553],[6.2996,50.2508],[6.3073,50.2519],[6.3169,50.2648],[6.3234,50.2661],[6.3257,50.273],[6.3389,50.2797],[6.3306,50.2872],[6.3132,50.2841],[6.3045,50.2802],[6.2988,50.2835],[6.2921,50.2788]]]},"properties":{"id":"07232283","name":"Oberlascheid","subdivision":"Eifelkreis Bitburg-Prüm","cx":6.302,"cy":50.267}},
{"type":"Feature","geometry":{"type":"Polygon","coordinates":[[[6.4471,50.1594],[6.4452,50.1639],[6.4501,50.1686],[6.4364,50.1743],[6.4091,50.1703],[6.4136,50.1671],[6.4094,50.1587],[6.4202,50.1616],[6.4269,50.1651],[6.4369,50.1609],[6.4471,50.1594]]]},"properties":{"id":"07232284","name":"Oberlauch","subdivision":"Eifelkreis Bitburg-Prüm","cx":6.433,"cy":50.168}},
{"type":"Feature","geometry":{"type":"Polygon","coordinates":[[[6.6279,49.96],[6.6296,49.9645],[6.6178,49.9724],[6.6141,49.98],[6.6031,49.9722],[6.5965,49.9597],[6.6058,49.957],[6.6221,49.9548],[6.6279,49.96]]]},"properties":{"id":"07232044","name":"Gondorf","subdivision":"Eifelkreis Bitburg-Prüm","cx":6.613,"cy":49.965}},
{"type":"Feature","geometry":{"type":"Polygon","coordinates":[[[6.4315,50.0147],[6.4317,50.0241],[6.4257,50.0224],[6.422,50.0184],[6.4146,50.0188],[6.4144,50.0122],[6.4227,50.0082],[6.4315,50.0088],[6.4315,50.0147]]]},"properties":{"id":"07232046","name":"Hamm","subdivision":"Eifelkreis Bitburg-Prüm","cx":6.425,"cy":50.014}},
{"type":"Feature","geometry":{"type":"Polygon","coordinates":[[[7.5767,49.2438],[7.5637,49.2406],[7.5623,49.2381],[7.5708,49.2347],[7.598,49.2333],[7.5965,49.2403],[7.6035,49.2531],[7.5967,49.2483],[7.5767,49.2438]]]},"properties":{"id":"07340037","name":"Petersberg","subdivision":"Südwestpfalz","cx":7.585,"cy":49.24}},
{"type":"Feature","geometry":{"type":"Polygon","coordinates":[[[6.4651,50.2631],[6.473,50.2793],[6.4837,50.2845],[6.4774,50.2847],[6.4637,50.2811],[6.4527,50.2812],[6.453,50.2856],[6.4457,50.2947],[6.4419,50.2965],[6.4238,50.2974],[6.4203,50.2939],[6.406,50.2888],[6.3969,50.2831],[6.401,50.2757],[6.4089,50.2718],[6.4171,50.2713],[6.4223,50.263],[6.42,50.258],[6.4328,50.2579],[6.4345,50.2551],[6.4467,50.2543],[6.4572,50.2573],[6.4651,50.2631]]]},"properties":{"id":"07232288","name":"Olzheim","subdivision":"Eifelkreis Bitburg-Prüm","cx":6.437,"cy":50.276}},
{"type":"Feature","geometry":{"type":"Polygon","coordinates":[[[6.4035,50.1547],[6.4094,50.1587],[6.4136,50.1671],[6.4091,50.1703],[6.398,50.1779],[6.3872,50.1755],[6.375,50.1747],[6.3727,50.1706],[6.3774,50.1677],[6.3703,50.1617],[6.3758,50.1582],[6.3712,50.1526],[6.379,50.1515],[6.4035,50.1547]]]},"properties":{"id":"07232290","name":"Orlenbach","subdivision":"Eifelkreis Bitburg-Prüm","cx":6.391,"cy":50.164}},
{"type":"Feature","geometry":{"type":"Polygon","coordinates":[[[6.375,50.1747],[6.3725,50.1765],[6.3498,50.1791],[6.3456,50.1824],[6.3297,50.1868],[6.325,50.1789],[6.3339,50.1721],[6.3417,50.1698],[6.349,50.171],[6.3636,50.1679],[6.3727,50.1706],[6.375,50.1747]]]},"properties":{"id":"07232292","name":"Pittenbach","subdivision":"Eifelkreis Bitburg-Prüm","cx":6.344,"cy":50.176}},
{"type":"Feature","geometry":{"type":"Polygon","coordinates":[[[6.3665,50.1515],[6.3712,50.1526],[6.3758,50.1582],[6.3703,50.1617],[6.3774,50.1677],[6.3727,50.1706],[6.3636,50.1679],[6.349,50.171],[6.3417,50.1698],[6.3339,50.1721],[6.325,50.1789],[6.3297,50.1868],[6.3279,50.1917],[6.317,50.1957],[6.3201,50.2006],[6.3064,50.2017],[6.3071,50.1854],[6.2992,50.1877],[6.2933,50.1833],[6.3018,50.1747],[6.3042,50.1645],[6.3093,50.1584],[6.3187,50.1546],[6.3427,50.1485],[6.3495,50.1515],[6.3665,50.1515]]]},"properties":{"id":"07232295","name":"Pronsfeld","subdivision":"Eifelkreis Bitburg-Prüm","cx":6.324,"cy":50.165}},
{"type":"Feature","geometry":{"type":"Polygon","coordinates":[[[6.4331,50.234],[6.4199,50.2275],[6.4022,50.2208],[6.4045,50.2113],[6.3917,50.21],[6.3863,50.2057],[6.3761,50.2117],[6.3796,50.2213],[6.369,50.2182],[6.3692,50.2149],[6.3522,50.202],[6.349,50.1968],[6.3517,50.1891],[6.3569,50.1864],[6.3748,50.1871],[6.3872,50.1755],[6.398,50.1779],[6.4013,50.183],[6.4212,50.1879],[6.4226,50.1985],[6.4315,50.2016],[6.4363,50.2104],[6.4514,50.215],[6.4573,50.2207],[6.452,50.2305],[6.4331,50.234]]]},"properties":{"id":"07232296","name":"Prüm","subdivision":"Eifelkreis Bitburg-Prüm","cx":6.403,"cy":50.198}},
{"type":"Feature","geometry":{"type":"Polygon","coordinates":[[[6.4799,50.2144],[6.4645,50.2126],[6.4604,50.2171],[6.4514,50.215],[6.4363,50.2104],[6.4315,50.2016],[6.4226,50.1985],[6.4212,50.1879],[6.4013,50.183],[6.398,50.1779],[6.4091,50.1703],[6.4364,50.1743],[6.4348,50.1797],[6.4438,50.1856],[6.455,50.185],[6.4595,50.1898],[6.4664,50.184],[6.4774,50.1795],[6.4863,50.1792],[6.4921,50.1824],[6.4872,50.1909],[6.4875,50.1971],[6.483,50.2033],[6.4734,50.2059],[6.482,50.2116],[6.4799,50.2144]]]},"properties":{"id":"07232300","name":"Rommersheim","subdivision":"Eifelkreis Bitburg-Prüm","cx":6.45,"cy":50.198}},
{"type":"Feature","geometry":{"type":"Polygon","coordinates":[[[6.3859,50.2747],[6.3969,50.2831],[6.406,50.2888],[6.4203,50.2939],[6.4238,50.2974],[6.4419,50.2965],[6.4445,50.3028],[6.4297,50.311],[6.4207,50.3137],[6.4253,50.323],[6.4152,50.3245],[6.3894,50.3211],[6.3826,50.322],[6.3705,50.3128],[6.3616,50.3147],[6.3559,50.3094],[6.355,50.3034],[6.3594,50.2971],[6.3577,50.2924],[6.3753,50.2851],[6.3859,50.2747]]]},"properties":{"id":"07232302","name":"Roth bei Prüm","subdivision":"Eifelkreis Bitburg-Prüm","cx":6.395,"cy":50.303}},
{"type":"Feature","geometry":{"type":"Polygon","coordinates":[[[6.4461,50.1456],[6.4548,50.143],[6.4567,50.1382],[6.4683,50.133],[6.4688,50.1247],[6.4783,50.1257],[6.489,50.1332],[6.4852,50.1438],[6.4917,50.153],[6.5036,50.1588],[6.4953,50.1611],[6.4733,50.177],[6.4603,50.1778],[6.4501,50.1686],[6.4452,50.1639],[6.4471,50.1594],[6.4536,50.1541],[6.4477,50.1519],[6.4461,50.1456]]]},"properties":{"id":"07232304","name":"Schönecken","subdivision":"Eifelkreis Bitburg-Prüm","cx":6.471,"cy":50.153}},
{"type":"Feature","geometry":{"type":"Polygon","coordinates":[[[6.5613,50.2356],[6.5673,50.2445],[6.5573,50.2489],[6.553,50.2535],[6.5338,50.2504],[6.5255,50.2575],[6.5195,50.2655],[6.5184,50.2744],[6.5213,50.2761],[6.5212,50.277],[6.511,50.2677],[6.5119,50.2587],[6.51,50.2504],[6.5154,50.2392],[6.5132,50.2293],[6.5014,50.2232],[6.505,50.2204],[6.5202,50.2163],[6.532,50.2185],[6.5414,50.2248],[6.5489,50.227],[6.5613,50.2356]]]},"properties":{"id":"07232305","name":"Schwirzheim","subdivision":"Eifelkreis Bitburg-Prüm","cx":6.531,"cy":50.237}},
{"type":"Feature","geometry":{"type":"Polygon","coordinates":[[[6.5482,50.146],[6.5386,50.1446],[6.5223,50.1487],[6.5243,50.1544],[6.5036,50.1588],[6.4917,50.153],[6.4852,50.1438],[6.489,50.1332],[6.5037,50.1346],[6.5108,50.1324],[6.5205,50.1335],[6.5255,50.1335],[6.5331,50.127],[6.5395,50.1271],[6.5482,50.146]]]},"properties":{"id":"07232307","name":"Seiwerath","subdivision":"Eifelkreis Bitburg-Prüm","cx":6.513,"cy":50.144}},
{"type":"Feature","geometry":{"type":"Polygon","coordinates":[[[6.3252,50.1981],[6.3335,50.1941],[6.3395,50.1945],[6.3517,50.1891],[6.349,50.1968],[6.3522,50.202],[6.3692,50.2149],[6.369,50.2182],[6.3796,50.2213],[6.3859,50.2312],[6.3827,50.2393],[6.3841,50.2458],[6.3713,50.2552],[6.3711,50.261],[6.356,50.2521],[6.348,50.25],[6.334,50.2392],[6.3383,50.2357],[6.3319,50.2185],[6.3376,50.2124],[6.3384,50.2045],[6.3252,50.1981]]]},"properties":{"id":"07232308","name":"Sellerich","subdivision":"Eifelkreis Bitburg-Prüm","cx":6.355,"cy":50.228}},
{"type":"Feature","geometry":{"type":"Polygon","coordinates":[[[6.532,50.2185],[6.5202,50.2163],[6.5219,50.2061],[6.508,50.2001],[6.5101,50.1965],[6.504,50.1917],[6.5119,50.188],[6.5182,50.1834],[6.5256,50.1838],[6.5315,50.1798],[6.5356,50.1726],[6.5339,50.1663],[6.546,50.1609],[6.5525,50.1549],[6.5627,50.1576],[6.5543,50.166],[6.5639,50.1741],[6.559,50.1804],[6.5507,50.1861],[6.5621,50.1892],[6.5645,50.1958],[6.5496,50.2004],[6.538,50.2085],[6.5391,50.2122],[6.532,50.2185]]]},"properties":{"id":"07232318","name":"Wallersheim","subdivision":"Eifelkreis Bitburg-Prüm","cx":6.539,"cy":50.19}},
{"type":"Feature","geometry":{"type":"Polygon","coordinates":[[[6.3201,50.2006],[6.317,50.1957],[6.3279,50.1917],[6.3297,50.1868],[6.3456,50.1824],[6.3498,50.1791],[6.3725,50.1765],[6.375,50.1747],[6.3872,50.1755],[6.3748,50.1871],[6.3569,50.1864],[6.3517,50.1891],[6.3395,50.1945],[6.3335,50.1941],[6.3252,50.1981],[6.3201,50.2006]]]},"properties":{"id":"07232320","name":"Watzerath","subdivision":"Eifelkreis Bitburg-Prüm","cx":6.352,"cy":50.184}},
{"type":"Feature","geometry":{"type":"Polygon","coordinates":[[[6.5205,50.1335],[6.5108,50.1324],[6.5037,50.1346],[6.489,50.1332],[6.4783,50.1257],[6.4688,50.1247],[6.4694,50.124],[6.4743,50.1071],[6.4891,50.1072],[6.5025,50.1091],[6.5049,50.1124],[6.5211,50.1254],[6.5205,50.1335]]]},"properties":{"id":"07232321","name":"Wawern (Eifelkreis Bitburg-Prüm)","subdivision":"Eifelkreis Bitburg-Prüm","cx":6.494,"cy":50.121}},
{"type":"Feature","geometry":{"type":"Polygon","coordinates":[[[6.4254,50.1538],[6.4265,50.158],[6.4202,50.1616],[6.4094,50.1587],[6.4035,50.1547],[6.402,50.1454],[6.4106,50.1388],[6.42,50.1442],[6.42,50.1506],[6.4254,50.1538]]]},"properties":{"id":"07232327","name":"Winringen","subdivision":"Eifelkreis Bitburg-Prüm","cx":6.412,"cy":50.151}},
{"type":"Feature","geometry":{"type":"Polygon","coordinates":[[[6.2616,50.2391],[6.2517,50.2423],[6.2531,50.2456],[6.2415,50.2508],[6.2381,50.2487],[6.2272,50.2587],[6.2228,50.2572],[6.2217,50.2446],[6.2163,50.2423],[6.2218,50.2345],[6.2147,50.2297],[6.2188,50.2235],[6.2276,50.2228],[6.239,50.2248],[6.2599,50.2274],[6.2673,50.2364],[6.2616,50.2391]]]},"properties":{"id":"07232328","name":"Winterscheid","subdivision":"Eifelkreis Bitburg-Prüm","cx":6.238,"cy":50.237}},
{"type":"Feature","geometry":{"type":"Polygon","coordinates":[[[6.3886,49.9372],[6.3838,49.9423],[6.3742,49.9443],[6.3663,49.9438],[6.3582,49.937],[6.3613,49.9305],[6.3697,49.9232],[6.374,49.9236],[6.375,49.9269],[6.3886,49.9372]]]},"properties":{"id":"07232045","name":"Halsdorf","subdivision":"Eifelkreis Bitburg-Prüm","cx":6.372,"cy":49.935}},
{"type":"Feature","geometry":{"type":"Polygon","coordinates":[[[6.239,50.2248],[6.2276,50.2228],[6.2188,50.2235],[6.2147,50.2297],[6.2218,50.2345],[6.2163,50.2423],[6.2217,50.2446],[6.2228,50.2572],[6.2158,50.257],[6.2067,50.2493],[6.2003,50.2398],[6.1918,50.2366],[6.1857,50.2377],[6.1755,50.2351],[6.1774,50.2285],[6.1663,50.2211],[6.1777,50.2167],[6.1856,50.2033],[6.1849,50.1918],[6.1928,50.1819],[6.1997,50.1878],[6.2144,50.1905],[6.2238,50.1958],[6.2397,50.1825],[6.2397,50.1787],[6.2454,50.1891],[6.2548,50.1944],[6.2557,50.2025],[6.2462,50.2043],[6.2473,50.2116],[6.2398,50.216],[6.239,50.2248]]]},"properties":{"id":"07232329","name":"Winterspelt","subdivision":"Eifelkreis Bitburg-Prüm","cx":6.208,"cy":50.209}},
{"type":"Feature","geometry":{"type":"Polygon","coordinates":[[[6.4921,50.1824],[6.4863,50.1792],[6.4774,50.1795],[6.4733,50.177],[6.4953,50.1611],[6.5036,50.1588],[6.5243,50.1544],[6.5223,50.1487],[6.5386,50.1446],[6.5482,50.146],[6.5525,50.1549],[6.546,50.1609],[6.5339,50.1663],[6.5356,50.1726],[6.5315,50.1798],[6.5256,50.1838],[6.5182,50.1834],[6.5119,50.188],[6.4992,50.1815],[6.4921,50.1824]]]},"properties":{"id":"07232332","name":"Hersdorf","subdivision":"Eifelkreis Bitburg-Prüm","cx":6.517,"cy":50.169}},
{"type":"Feature","geometry":{"type":"Polygon","coordinates":[[[6.6061,49.8923],[6.6174,49.8979],[6.6264,49.8929],[6.6287,49.8974],[6.6144,49.9052],[6.613,49.9011],[6.6049,49.8966],[6.6061,49.8923]]]},"properties":{"id":"07232006","name":"Auw an der Kyll","subdivision":"Eifelkreis Bitburg-Prüm","cx":6.616,"cy":49.9}},
{"type":"Feature","geometry":{"type":"Polygon","coordinates":[[[6.6804,49.9403],[6.6751,49.9455],[6.682,49.9488],[6.6745,49.9542],[6.6681,49.9646],[6.6634,49.9663],[6.64,49.9569],[6.6365,49.9525],[6.6445,49.9536],[6.6484,49.9497],[6.6638,49.9461],[6.667,49.9419],[6.6804,49.9403]]]},"properties":{"id":"07232010","name":"Beilingen","subdivision":"Eifelkreis Bitburg-Prüm","cx":6.662,"cy":49.955}},
{"type":"Feature","geometry":{"type":"Polygon","coordinates":[[[6.7045,49.9482],[6.6927,49.9507],[6.6864,49.9561],[6.6745,49.9542],[6.682,49.9488],[6.6751,49.9455],[6.6804,49.9403],[6.6959,49.9388],[6.6938,49.93],[6.6962,49.9246],[6.6995,49.9249],[6.7047,49.9308],[6.7078,49.9409],[6.7045,49.9482]]]},"properties":{"id":"07232050","name":"Herforst","subdivision":"Eifelkreis Bitburg-Prüm","cx":6.69,"cy":49.945}},
{"type":"Feature","geometry":{"type":"Polygon","coordinates":[[[6.6061,49.8923],[6.6005,49.8863],[6.6002,49.8812],[6.6067,49.8784],[6.6193,49.8832],[6.6297,49.8769],[6.6363,49.8757],[6.6366,49.8787],[6.6286,49.8816],[6.6242,49.8892],[6.6264,49.8929],[6.6174,49.8979],[6.6061,49.8923]]]},"properties":{"id":"07232055","name":"Hosten","subdivision":"Eifelkreis Bitburg-Prüm","cx":6.615,"cy":49.888}},
{"type":"Feature","geometry":{"type":"Polygon","coordinates":[[[6.6221,49.9548],[6.6282,49.9498],[6.6365,49.9525],[6.64,49.9569],[6.6279,49.96],[6.6221,49.9548]]]},"properties":{"id":"07232104","name":"Philippsheim","subdivision":"Eifelkreis Bitburg-Prüm","cx":6.631,"cy":49.955}},
{"type":"Feature","geometry":{"type":"Polygon","coordinates":[[[6.6148,49.9218],[6.6096,49.9136],[6.6162,49.9086],[6.6144,49.9052],[6.6287,49.8974],[6.6433,49.8989],[6.6471,49.9098],[6.6587,49.9157],[6.6666,49.9173],[6.6647,49.9205],[6.6517,49.9179],[6.6366,49.9177],[6.6295,49.9226],[6.6214,49.9236],[6.6148,49.9218]]]},"properties":{"id":"07232107","name":"Preist","subdivision":"Eifelkreis Bitburg-Prüm","cx":6.631,"cy":49.909}},
{"type":"Feature","geometry":{"type":"Polygon","coordinates":[[[6.6214,49.9236],[6.6295,49.9226],[6.6366,49.9177],[6.6517,49.9179],[6.6647,49.9205],[6.6666,49.9173],[6.6818,49.9196],[6.6962,49.9246],[6.6938,49.93],[6.6959,49.9388],[6.6804,49.9403],[6.667,49.9419],[6.6638,49.9461],[6.6484,49.9497],[6.6445,49.9536],[6.6365,49.9525],[6.6282,49.9498],[6.6308,49.9443],[6.6225,49.943],[6.6273,49.9367],[6.614,49.9329],[6.6133,49.9301],[6.6214,49.9236]]]},"properties":{"id":"07232123","name":"Speicher","subdivision":"Eifelkreis Bitburg-Prüm","cx":6.654,"cy":49.933}},
{"type":"Feature","geometry":{"type":"Polygon","coordinates":[[[6.713,49.9145],[6.7126,49.9198],[6.7076,49.9243],[6.6995,49.9249],[6.6962,49.9246],[6.6818,49.9196],[6.6666,49.9173],[6.6587,49.9157],[6.6471,49.9098],[6.6433,49.8989],[6.6287,49.8974],[6.6264,49.8929],[6.6242,49.8892],[6.6286,49.8816],[6.6366,49.8787],[6.6518,49.8893],[6.6671,49.8926],[6.6797,49.903],[6.6817,49.91],[6.6912,49.9107],[6.6968,49.9146],[6.7119,49.9048],[6.713,49.9145]]]},"properties":{"id":"07232289","name":"Orenhofen","subdivision":"Eifelkreis Bitburg-Prüm","cx":6.665,"cy":49.905}},
{"type":"Feature","geometry":{"type":"Polygon","coordinates":[[[6.6647,50.002],[6.6632,49.9984],[6.674,49.9882],[6.6707,49.9814],[6.6705,49.974],[6.6812,49.9649],[6.695,49.9716],[6.7139,49.9849],[6.7216,49.9828],[6.7282,49.984],[6.7154,49.999],[6.718,50.0024],[6.7125,50.0091],[6.7035,50.0074],[6.6939,50.0087],[6.6711,50.0067],[6.6647,50.002]]]},"properties":{"id":"07232311","name":"Spangdahlem","subdivision":"Eifelkreis Bitburg-Prüm","cx":6.692,"cy":49.99}},
{"type":"Feature","geometry":{"type":"Polygon","coordinates":[[[6.5777,50.0162],[6.588,50.0128],[6.5858,50.0017],[6.5807,49.9949],[6.5832,49.9923],[6.605,49.9947],[6.6095,49.9901],[6.6163,49.9887],[6.6291,49.9929],[6.6318,50.0012],[6.6329,50.005],[6.6237,50.0168],[6.6141,50.0211],[6.6064,50.0189],[6.5943,50.0187],[6.5931,50.0158],[6.5777,50.0162]]]},"properties":{"id":"07232007","name":"Badem","subdivision":"Eifelkreis Bitburg-Prüm","cx":6.61,"cy":50.007}},
{"type":"Feature","geometry":{"type":"Polygon","coordinates":[[[6.3688,49.9842],[6.3773,49.9797],[6.382,49.9726],[6.3898,49.9691],[6.3898,49.9713],[6.4103,49.9758],[6.4077,49.9804],[6.3978,49.9845],[6.3982,49.9929],[6.3825,49.9881],[6.3752,49.9972],[6.3698,49.9972],[6.3722,49.9895],[6.3688,49.9842]]]},"properties":{"id":"07232009","name":"Baustert","subdivision":"Eifelkreis Bitburg-Prüm","cx":6.388,"cy":49.981}},
{"type":"Feature","geometry":{"type":"Polygon","coordinates":[[[6.4275,49.9359],[6.4387,49.9364],[6.4486,49.9428],[6.4472,49.9477],[6.4368,49.9553],[6.4203,49.9531],[6.4087,49.9484],[6.403,49.9536],[6.3903,49.9476],[6.3838,49.9423],[6.3886,49.9372],[6.3977,49.9338],[6.4118,49.9368],[6.4275,49.9359]]]},"properties":{"id":"07232013","name":"Bettingen","subdivision":"Eifelkreis Bitburg-Prüm","cx":6.422,"cy":49.945}},
{"type":"Feature","geometry":{"type":"Polygon","coordinates":[[[6.4904,50.0258],[6.5068,50.0255],[6.5132,50.0283],[6.5212,50.0425],[6.5023,50.0491],[6.5032,50.0524],[6.4911,50.0542],[6.4864,50.046],[6.4881,50.0403],[6.4847,50.0333],[6.4904,50.0258]]]},"properties":{"id":"07232014","name":"Bickendorf","subdivision":"Eifelkreis Bitburg-Prüm","cx":6.501,"cy":50.038}},
{"type":"Feature","geometry":{"type":"Polygon","coordinates":[[[6.4711,50.0185],[6.4632,50.0291],[6.4567,50.0246],[6.4502,50.0248],[6.441,50.0208],[6.4317,50.0241],[6.4315,50.0147],[6.443,50.016],[6.4474,50.0107],[6.4711,50.0185]]]},"properties":{"id":"07232015","name":"Biersdorf am See","subdivision":"Eifelkreis Bitburg-Prüm","cx":6.452,"cy":50.019}},
{"type":"Feature","geometry":{"type":"Polygon","coordinates":[[[6.4564,49.9631],[6.4581,49.9603],[6.4618,49.9566],[6.4733,49.9561],[6.4823,49.9434],[6.497,49.9464],[6.5006,49.9448],[6.5042,49.9485],[6.501,49.9556],[6.4918,49.9527],[6.4721,49.9629],[6.4564,49.9631]]]},"properties":{"id":"07232017","name":"Birtlingen","subdivision":"Eifelkreis Bitburg-Prüm","cx":6.483,"cy":49.951}},
{"type":"Feature","geometry":{"type":"Polygon","coordinates":[[[6.4553,49.98],[6.4543,49.9816],[6.432,49.9887],[6.4308,49.9944],[6.4201,49.9985],[6.4129,50.0052],[6.4107,50.005],[6.4219,49.9865],[6.4293,49.978],[6.44,49.9742],[6.4468,49.9687],[6.4534,49.9687],[6.4665,49.9744],[6.4553,49.98]]]},"properties":{"id":"07232020","name":"Brecht","subdivision":"Eifelkreis Bitburg-Prüm","cx":6.446,"cy":49.978}},
{"type":"Feature","geometry":{"type":"Polygon","coordinates":[[[6.5882,49.9141],[6.589,49.9071],[6.5998,49.8965],[6.6049,49.8966],[6.613,49.9011],[6.6144,49.9052],[6.6162,49.9086],[6.6096,49.9136],[6.6148,49.9218],[6.6103,49.9248],[6.5966,49.9218],[6.5882,49.9141]]]},"properties":{"id":"07232024","name":"Dahlem","subdivision":"Eifelkreis Bitburg-Prüm","cx":6.601,"cy":49.91}},
{"type":"Feature","geometry":{"type":"Polygon","coordinates":[[[6.4247,49.9189],[6.4309,49.9064],[6.4451,49.9097],[6.4491,49.9138],[6.4597,49.9181],[6.4711,49.9168],[6.4737,49.921],[6.4703,49.926],[6.4699,49.9328],[6.4652,49.9304],[6.45,49.9301],[6.4424,49.9256],[6.4351,49.9266],[6.4247,49.9189]]]},"properties":{"id":"07232026","name":"Dockendorf","subdivision":"Eifelkreis Bitburg-Prüm","cx":6.441,"cy":49.917}},
{"type":"Feature","geometry":{"type":"Polygon","coordinates":[[[6.6812,49.9649],[6.6705,49.974],[6.6707,49.9814],[6.654,49.98],[6.6501,49.9829],[6.6405,49.9818],[6.6291,49.9929],[6.6163,49.9887],[6.6119,49.9858],[6.6141,49.98],[6.6178,49.9724],[6.6296,49.9645],[6.6279,49.96],[6.64,49.9569],[6.6634,49.9663],[6.6681,49.9646],[6.6745,49.9542],[6.6864,49.9561],[6.6812,49.9649]]]},"properties":{"id":"07232027","name":"Dudeldorf","subdivision":"Eifelkreis Bitburg-Prüm","cx":6.645,"cy":49.971}},
{"type":"Feature","geometry":{"type":"Polygon","coordinates":[[[6.3962,50.0346],[6.3942,50.0274],[6.4096,50.018],[6.4146,50.0188],[6.422,50.0184],[6.4257,50.0224],[6.4219,50.0278],[6.4115,50.031],[6.3962,50.0346]]]},"properties":{"id":"07232029","name":"Echtershausen","subdivision":"Eifelkreis Bitburg-Prüm","cx":6.41,"cy":50.026}},
{"type":"Feature","geometry":{"type":"Polygon","coordinates":[[[6.4454,50.0516],[6.4543,50.048],[6.4532,50.0413],[6.4569,50.037],[6.466,50.0297],[6.4794,50.0297],[6.4847,50.0333],[6.4881,50.0403],[6.4864,50.046],[6.4768,50.0509],[6.4719,50.054],[6.4614,50.0559],[6.4471,50.0624],[6.4495,50.0588],[6.4454,50.0516]]]},"properties":{"id":"07232030","name":"Ehlenz","subdivision":"Eifelkreis Bitburg-Prüm","cx":6.468,"cy":50.044}},
{"type":"Feature","geometry":{"type":"Polygon","coordinates":[[[6.374,49.9236],[6.3697,49.9232],[6.3613,49.9305],[6.3566,49.9277],[6.3568,49.9231],[6.3641,49.9197],[6.3726,49.9121],[6.3794,49.9119],[6.3807,49.9174],[6.374,49.9236]]]},"properties":{"id":"07232032","name":"Enzen","subdivision":"Eifelkreis Bitburg-Prüm","cx":6.371,"cy":49.919}},
{"type":"Feature","geometry":{"type":"Polygon","coordinates":[[[6.5521,49.9155],[6.5367,49.916],[6.5347,49.9237],[6.5108,49.9204],[6.5054,49.918],[6.5054,49.9143],[6.5076,49.9053],[6.5155,49.905],[6.5172,49.9009],[6.5284,49.9029],[6.5387,49.9085],[6.5429,49.9056],[6.5417,49.9099],[6.5518,49.9108],[6.5521,49.9155]]]},"properties":{"id":"07232034","name":"Eßlingen","subdivision":"Eifelkreis Bitburg-Prüm","cx":6.525,"cy":49.913}},
{"type":"Feature","geometry":{"type":"Polygon","coordinates":[[[6.5875,50.0297],[6.5802,50.0381],[6.5632,50.0377],[6.5569,50.0445],[6.5474,50.0437],[6.547,50.0405],[6.5576,50.0352],[6.5569,50.0269],[6.5708,50.025],[6.5875,50.0297]]]},"properties":{"id":"07232035","name":"Etteldorf","subdivision":"Eifelkreis Bitburg-Prüm","cx":6.567,"cy":50.032}},
{"type":"Feature","geometry":{"type":"Polygon","coordinates":[[[6.4012,50.0084],[6.3886,50.0105],[6.3863,50.0073],[6.3955,50.0031],[6.4023,49.9971],[6.3982,49.9929],[6.3978,49.9845],[6.4077,49.9804],[6.4114,49.9873],[6.4219,49.9865],[6.4107,50.005],[6.4012,50.0084]]]},"properties":{"id":"07232036","name":"Feilsdorf","subdivision":"Eifelkreis Bitburg-Prüm","cx":6.408,"cy":49.995}},
{"type":"Feature","geometry":{"type":"Polygon","coordinates":[[[6.5708,50.025],[6.5569,50.0269],[6.5576,50.0352],[6.547,50.0405],[6.5436,50.0377],[6.5292,50.0436],[6.5264,50.0248],[6.5347,50.017],[6.5357,50.0058],[6.5472,50.0039],[6.5469,50.0101],[6.5523,50.0132],[6.5677,50.014],[6.5716,50.0189],[6.5708,50.025]]]},"properties":{"id":"07232039","name":"Fließem","subdivision":"Eifelkreis Bitburg-Prüm","cx":6.546,"cy":50.024}},
{"type":"Feature","geometry":{"type":"Polygon","coordinates":[[[6.6681,50.0186],[6.6629,50.023],[6.6457,50.0284],[6.6386,50.0275],[6.6237,50.0168],[6.6329,50.005],[6.6318,50.0012],[6.6489,49.9992],[6.6571,50.0025],[6.6622,50.0078],[6.6571,50.0115],[6.6681,50.0186]]]},"properties":{"id":"07232043","name":"Gindorf","subdivision":"Eifelkreis Bitburg-Prüm","cx":6.645,"cy":50.014}},
{"type":"Feature","geometry":{"type":"Polygon","coordinates":[[[6.4471,50.0624],[6.4614,50.0559],[6.4719,50.054],[6.4768,50.0509],[6.4817,50.0569],[6.475,50.0637],[6.4794,50.0658],[6.4676,50.0755],[6.4656,50.0839],[6.474,50.0847],[6.4745,50.0932],[6.4734,50.0992],[6.4578,50.0896],[6.4549,50.0848],[6.4461,50.0841],[6.4476,50.0802],[6.44,50.0708],[6.4471,50.0624]]]},"properties":{"id":"07232048","name":"Heilenbach","subdivision":"Eifelkreis Bitburg-Prüm","cx":6.458,"cy":50.07}},
{"type":"Feature","geometry":{"type":"Polygon","coordinates":[[[6.3698,49.9972],[6.3752,49.9972],[6.3825,49.9881],[6.3982,49.9929],[6.4023,49.9971],[6.3955,50.0031],[6.3863,50.0073],[6.3693,50.0007],[6.3698,49.9972]]]},"properties":{"id":"07232057","name":"Hütterscheid","subdivision":"Eifelkreis Bitburg-Prüm","cx":6.386,"cy":49.998}},
{"type":"Feature","geometry":{"type":"Polygon","coordinates":[[[6.5868,49.9548],[6.5988,49.9544],[6.6058,49.957],[6.5965,49.9597],[6.6031,49.9722],[6.5985,49.9737],[6.5879,49.9697],[6.5792,49.9782],[6.5684,49.9761],[6.5696,49.9713],[6.576,49.9695],[6.5828,49.9627],[6.5868,49.9548]]]},"properties":{"id":"07232058","name":"Hüttingen an der Kyll","subdivision":"Eifelkreis Bitburg-Prüm","cx":6.589,"cy":49.964}},
{"type":"Feature","geometry":{"type":"Polygon","coordinates":[[[6.5518,49.9108],[6.5417,49.9099],[6.5429,49.9056],[6.5473,49.8943],[6.5467,49.8852],[6.5564,49.8874],[6.5624,49.8841],[6.5752,49.8878],[6.5938,49.8901],[6.5968,49.8945],[6.5839,49.8977],[6.5721,49.9099],[6.5653,49.9087],[6.5599,49.913],[6.5518,49.9108]]]},"properties":{"id":"07232060","name":"Idenheim","subdivision":"Eifelkreis Bitburg-Prüm","cx":6.565,"cy":49.898}},
{"type":"Feature","geometry":{"type":"Polygon","coordinates":[[[6.5425,49.8628],[6.5578,49.8644],[6.5709,49.8688],[6.5793,49.8677],[6.5849,49.8733],[6.5849,49.886],[6.5938,49.8901],[6.5752,49.8878],[6.5624,49.8841],[6.5564,49.8874],[6.5467,49.8852],[6.5431,49.8829],[6.5425,49.8628]]]},"properties":{"id":"07232061","name":"Idesheim","subdivision":"Eifelkreis Bitburg-Prüm","cx":6.558,"cy":49.875}},
{"type":"Feature","geometry":{"type":"Polygon","coordinates":[[[6.4351,49.9266],[6.4424,49.9256],[6.45,49.9301],[6.4652,49.9304],[6.4699,49.9328],[6.4638,49.9437],[6.4486,49.9428],[6.4387,49.9364],[6.4275,49.9359],[6.4296,49.9295],[6.4351,49.9266]]]},"properties":{"id":"07232062","name":"Ingendorf","subdivision":"Eifelkreis Bitburg-Prüm","cx":6.449,"cy":49.936}},
{"type":"Feature","geometry":{"type":"Polygon","coordinates":[[[6.6082,50.0266],[6.6099,50.0317],[6.6175,50.0342],[6.6173,50.0384],[6.6118,50.0433],[6.6133,50.0493],[6.6022,50.0559],[6.6011,50.0545],[6.5997,50.0479],[6.5895,50.0445],[6.5802,50.0381],[6.5875,50.0297],[6.598,50.0325],[6.6011,50.0269],[6.6082,50.0266]]]},"properties":{"id":"07232070","name":"Kyllburg","subdivision":"Eifelkreis Bitburg-Prüm","cx":6.601,"cy":50.04}},
{"type":"Feature","geometry":{"type":"Polygon","coordinates":[[[6.6173,50.0384],[6.6275,50.0389],[6.6364,50.0444],[6.6374,50.0483],[6.6312,50.0546],[6.6217,50.0657],[6.6238,50.0709],[6.6148,50.0779],[6.6211,50.0834],[6.6061,50.0846],[6.6038,50.0821],[6.6065,50.0725],[6.5998,50.0601],[6.6022,50.0559],[6.6133,50.0493],[6.6118,50.0433],[6.6173,50.0384]]]},"properties":{"id":"07232071","name":"Kyllburgweiler","subdivision":"Eifelkreis Bitburg-Prüm","cx":6.616,"cy":50.059}},
{"type":"Feature","geometry":{"type":"Polygon","coordinates":[[[6.4757,50.0121],[6.484,50.0121],[6.4944,50.0177],[6.4904,50.0258],[6.4847,50.0333],[6.4794,50.0297],[6.466,50.0297],[6.4632,50.0291],[6.4711,50.0185],[6.4757,50.0121]]]},"properties":{"id":"07232074","name":"Ließem","subdivision":"Eifelkreis Bitburg-Prüm","cx":6.48,"cy":50.022}},
{"type":"Feature","geometry":{"type":"Polygon","coordinates":[[[6.5802,50.0381],[6.5895,50.0445],[6.5997,50.0479],[6.6011,50.0545],[6.5924,50.055],[6.5868,50.0592],[6.5879,50.0667],[6.5785,50.0711],[6.5787,50.0675],[6.5657,50.0637],[6.5624,50.0603],[6.5659,50.0533],[6.5624,50.0487],[6.5474,50.0437],[6.5569,50.0445],[6.5632,50.0377],[6.5802,50.0381]]]},"properties":{"id":"07232075","name":"Malberg (Eifelkreis Bitburg-Prüm)","subdivision":"Eifelkreis Bitburg-Prüm","cx":6.577,"cy":50.052}},
{"type":"Feature","geometry":{"type":"Polygon","coordinates":[[[6.5474,50.0437],[6.5624,50.0487],[6.5659,50.0533],[6.5624,50.0603],[6.5657,50.0637],[6.5787,50.0675],[6.5785,50.0711],[6.5822,50.0777],[6.5809,50.0854],[6.5765,50.0908],[6.5683,50.0845],[6.5562,50.0799],[6.5451,50.073],[6.5403,50.0787],[6.5417,50.0673],[6.5385,50.0577],[6.5292,50.0436],[6.5436,50.0377],[6.547,50.0405],[6.5474,50.0437]]]},"properties":{"id":"07232076","name":"Malbergweich","subdivision":"Eifelkreis Bitburg-Prüm","cx":6.553,"cy":50.065}},
{"type":"Feature","geometry":{"type":"Polygon","coordinates":[[[6.4926,49.898],[6.4951,49.8924],[6.4923,49.8842],[6.5059,49.8714],[6.5124,49.8713],[6.5186,49.8768],[6.5431,49.8829],[6.5467,49.8852],[6.5473,49.8943],[6.5429,49.9056],[6.5387,49.9085],[6.5284,49.9029],[6.5172,49.9009],[6.5155,49.905],[6.5076,49.9053],[6.4953,49.9023],[6.4926,49.898]]]},"properties":{"id":"07232077","name":"Meckel","subdivision":"Eifelkreis Bitburg-Prüm","cx":6.512,"cy":49.889}},
{"type":"Feature","geometry":{"type":"Polygon","coordinates":[[[6.4486,49.9428],[6.4638,49.9437],[6.4699,49.9328],[6.4703,49.926],[6.4784,49.9256],[6.4834,49.9305],[6.4962,49.9376],[6.5006,49.9448],[6.497,49.9464],[6.4823,49.9434],[6.4733,49.9561],[6.4618,49.9566],[6.4581,49.9603],[6.4472,49.9477],[6.4486,49.9428]]]},"properties":{"id":"07232079","name":"Messerich","subdivision":"Eifelkreis Bitburg-Prüm","cx":6.473,"cy":49.943}},
{"type":"Feature","geometry":{"type":"Polygon","coordinates":[[[6.5684,49.9761],[6.5792,49.9782],[6.5879,49.9697],[6.5985,49.9737],[6.6031,49.9722],[6.6141,49.98],[6.6119,49.9858],[6.6163,49.9887],[6.6095,49.9901],[6.605,49.9947],[6.5832,49.9923],[6.5867,49.989],[6.5786,49.9829],[6.573,49.9819],[6.5684,49.9761]]]},"properties":{"id":"07232081","name":"Metterich","subdivision":"Eifelkreis Bitburg-Prüm","cx":6.595,"cy":49.983}},
{"type":"Feature","geometry":{"type":"Polygon","coordinates":[[[6.3898,49.9691],[6.392,49.9642],[6.4021,49.962],[6.4123,49.9672],[6.4103,49.9758],[6.3898,49.9713],[6.3898,49.9691]]]},"properties":{"id":"07232083","name":"Mülbach","subdivision":"Eifelkreis Bitburg-Prüm","cx":6.401,"cy":49.969}},
{"type":"Feature","geometry":{"type":"Polygon","coordinates":[[[6.5357,50.0058],[6.5347,50.017],[6.5264,50.0248],[6.5292,50.0436],[6.5212,50.0425],[6.5132,50.0283],[6.5068,50.0255],[6.4904,50.0258],[6.4944,50.0177],[6.5016,50.0166],[6.507,50.0071],[6.5187,50.0083],[6.5265,50.0024],[6.5357,50.0058]]]},"properties":{"id":"07232086","name":"Nattenheim","subdivision":"Eifelkreis Bitburg-Prüm","cx":6.518,"cy":50.02}},
{"type":"Feature","geometry":{"type":"Polygon","coordinates":[[[6.5848,50.1092],[6.5836,50.1139],[6.5795,50.1101],[6.5707,50.1109],[6.5553,50.107],[6.5454,50.1068],[6.5413,50.0968],[6.5403,50.0787],[6.5451,50.073],[6.5562,50.0799],[6.5683,50.0845],[6.5765,50.0908],[6.5818,50.0961],[6.5933,50.0985],[6.5848,50.1092]]]},"properties":{"id":"07232087","name":"Neidenbach","subdivision":"Eifelkreis Bitburg-Prüm","cx":6.562,"cy":50.095}},
{"type":"Feature","geometry":{"type":"Polygon","coordinates":[[[6.5054,49.9143],[6.5054,49.918],[6.5074,49.9267],[6.5012,49.931],[6.5122,49.9445],[6.5042,49.9485],[6.5006,49.9448],[6.4962,49.9376],[6.4834,49.9305],[6.4784,49.9256],[6.4703,49.926],[6.4737,49.921],[6.4711,49.9168],[6.4811,49.9141],[6.4937,49.9136],[6.4968,49.9102],[6.5054,49.9143]]]},"properties":{"id":"07232091","name":"Niederstedem","subdivision":"Eifelkreis Bitburg-Prüm","cx":6.494,"cy":49.925}},
{"type":"Feature","geometry":{"type":"Polygon","coordinates":[[[6.4115,50.031],[6.4219,50.0278],[6.4257,50.0224],[6.4317,50.0241],[6.441,50.0208],[6.4502,50.0248],[6.4567,50.0246],[6.4632,50.0291],[6.466,50.0297],[6.4569,50.037],[6.4393,50.0386],[6.4284,50.0349],[6.4236,50.0405],[6.417,50.0423],[6.4203,50.0372],[6.4115,50.031]]]},"properties":{"id":"07232092","name":"Niederweiler (Eifelkreis Bitburg-Prüm)","subdivision":"Eifelkreis Bitburg-Prüm","cx":6.439,"cy":50.03}},
{"type":"Feature","geometry":{"type":"Polygon","coordinates":[[[6.5122,49.9445],[6.5012,49.931],[6.5074,49.9267],[6.5054,49.918],[6.5108,49.9204],[6.5347,49.9237],[6.5319,49.9353],[6.5262,49.94],[6.5184,49.9408],[6.5122,49.9445]]]},"properties":{"id":"07232097","name":"Oberstedem","subdivision":"Eifelkreis Bitburg-Prüm","cx":6.518,"cy":49.931}},
{"type":"Feature","geometry":{"type":"Polygon","coordinates":[[[6.4124,50.0506],[6.417,50.0423],[6.4236,50.0405],[6.4284,50.0349],[6.4393,50.0386],[6.4569,50.037],[6.4532,50.0413],[6.4543,50.048],[6.4454,50.0516],[6.4392,50.0509],[6.434,50.0576],[6.4183,50.0596],[6.4103,50.0532],[6.4124,50.0506]]]},"properties":{"id":"07232098","name":"Oberweiler","subdivision":"Eifelkreis Bitburg-Prüm","cx":6.432,"cy":50.047}},
{"type":"Feature","geometry":{"type":"Polygon","coordinates":[[[6.4534,49.9687],[6.4468,49.9687],[6.44,49.9742],[6.4293,49.978],[6.4219,49.9865],[6.4114,49.9873],[6.4077,49.9804],[6.4103,49.9758],[6.4123,49.9672],[6.4021,49.962],[6.403,49.9536],[6.4087,49.9484],[6.4203,49.9531],[6.4368,49.9553],[6.4472,49.9477],[6.4581,49.9603],[6.4564,49.9631],[6.4534,49.9687]]]},"properties":{"id":"07232099","name":"Oberweis","subdivision":"Eifelkreis Bitburg-Prüm","cx":6.427,"cy":49.965}},
{"type":"Feature","geometry":{"type":"Polygon","coordinates":[[[6.3742,49.9443],[6.3838,49.9423],[6.3903,49.9476],[6.403,49.9536],[6.4021,49.962],[6.392,49.9642],[6.3859,49.9631],[6.3762,49.955],[6.3742,49.9443]]]},"properties":{"id":"07232100","name":"Olsdorf","subdivision":"Eifelkreis Bitburg-Prüm","cx":6.388,"cy":49.954}},
{"type":"Feature","geometry":{"type":"Polygon","coordinates":[[[6.6141,50.0211],[6.6237,50.0168],[6.6386,50.0275],[6.6457,50.0284],[6.645,50.0347],[6.6483,50.0408],[6.6418,50.0428],[6.6364,50.0444],[6.6275,50.0389],[6.6173,50.0384],[6.6175,50.0342],[6.6099,50.0317],[6.6082,50.0266],[6.6141,50.0211]]]},"properties":{"id":"07232101","name":"Orsfeld","subdivision":"Eifelkreis Bitburg-Prüm","cx":6.628,"cy":50.031}},
{"type":"Feature","geometry":{"type":"Polygon","coordinates":[[[6.6571,50.0025],[6.6489,49.9992],[6.6318,50.0012],[6.6291,49.9929],[6.6405,49.9818],[6.6501,49.9829],[6.654,49.98],[6.6707,49.9814],[6.674,49.9882],[6.6632,49.9984],[6.6647,50.002],[6.6571,50.0025]]]},"properties":{"id":"07232105","name":"Pickließem","subdivision":"Eifelkreis Bitburg-Prüm","cx":6.654,"cy":49.991}},
{"type":"Feature","geometry":{"type":"Polygon","coordinates":[[[6.4725,50.0036],[6.468,49.9949],[6.4583,49.9889],[6.4543,49.9816],[6.4553,49.98],[6.4634,49.9817],[6.4711,49.9784],[6.484,49.9848],[6.4957,49.9804],[6.5007,49.9872],[6.5075,49.9913],[6.5273,49.9955],[6.5265,50.0024],[6.5187,50.0083],[6.507,50.0071],[6.5016,50.0166],[6.4944,50.0177],[6.484,50.0121],[6.4757,50.0121],[6.4725,50.0036]]]},"properties":{"id":"07232109","name":"Rittersdorf","subdivision":"Eifelkreis Bitburg-Prüm","cx":6.491,"cy":49.997}},
{"type":"Feature","geometry":{"type":"Polygon","coordinates":[[[6.614,49.9329],[6.6273,49.9367],[6.6225,49.943],[6.6308,49.9443],[6.6282,49.9498],[6.6221,49.9548],[6.6058,49.957],[6.5988,49.9544],[6.5868,49.9548],[6.5578,49.942],[6.5684,49.9342],[6.5768,49.9297],[6.5907,49.932],[6.6035,49.9314],[6.614,49.9329]]]},"properties":{"id":"07232111","name":"Röhl","subdivision":"Eifelkreis Bitburg-Prüm","cx":6.597,"cy":49.943}},
{"type":"Feature","geometry":{"type":"Polygon","coordinates":[[[6.5933,50.0985],[6.5818,50.0961],[6.5765,50.0908],[6.5809,50.0854],[6.5822,50.0777],[6.5785,50.0711],[6.5879,50.0667],[6.5868,50.0592],[6.5924,50.055],[6.6011,50.0545],[6.6022,50.0559],[6.5998,50.0601],[6.6065,50.0725],[6.6038,50.0821],[6.6061,50.0846],[6.6211,50.0834],[6.62,50.0907],[6.6311,50.0948],[6.6289,50.1029],[6.6144,50.0991],[6.6031,50.0988],[6.5933,50.0985]]]},"properties":{"id":"07232113","name":"Sankt Thomas","subdivision":"Eifelkreis Bitburg-Prüm","cx":6.593,"cy":50.083}},
{"type":"Feature","geometry":{"type":"Polygon","coordinates":[[[6.5684,49.9342],[6.5578,49.942],[6.547,49.9415],[6.5319,49.9353],[6.5347,49.9237],[6.5367,49.916],[6.5521,49.9155],[6.5555,49.9208],[6.5656,49.9276],[6.5684,49.9342]]]},"properties":{"id":"07232115","name":"Scharfbillig","subdivision":"Eifelkreis Bitburg-Prüm","cx":6.549,"cy":49.929}},
{"type":"Feature","geometry":{"type":"Polygon","coordinates":[[[6.4745,50.0932],[6.474,50.0847],[6.4656,50.0839],[6.4676,50.0755],[6.4794,50.0658],[6.475,50.0637],[6.4817,50.0569],[6.4768,50.0509],[6.4864,50.046],[6.4911,50.0542],[6.5032,50.0524],[6.4956,50.063],[6.4974,50.0676],[6.4905,50.0739],[6.4952,50.0784],[6.4865,50.0837],[6.4745,50.0932]]]},"properties":{"id":"07232118","name":"Schleid","subdivision":"Eifelkreis Bitburg-Prüm","cx":6.482,"cy":50.074}},
{"type":"Feature","geometry":{"type":"Polygon","coordinates":[[[6.5037,50.0937],[6.4979,50.0909],[6.4934,50.0834],[6.4865,50.0837],[6.4952,50.0784],[6.4905,50.0739],[6.4974,50.0676],[6.4956,50.063],[6.5032,50.0524],[6.5023,50.0491],[6.5081,50.0571],[6.5091,50.0661],[6.5123,50.0679],[6.5121,50.0858],[6.5037,50.0937]]]},"properties":{"id":"07232119","name":"Seffern","subdivision":"Eifelkreis Bitburg-Prüm","cx":6.503,"cy":50.075}},
{"type":"Feature","geometry":{"type":"Polygon","coordinates":[[[6.5257,50.0957],[6.5198,50.0895],[6.5121,50.0858],[6.5123,50.0679],[6.5091,50.0661],[6.5081,50.0571],[6.5023,50.0491],[6.5212,50.0425],[6.5292,50.0436],[6.5385,50.0577],[6.5417,50.0673],[6.5403,50.0787],[6.5413,50.0968],[6.5349,50.0927],[6.5257,50.0957]]]},"properties":{"id":"07232120","name":"Sefferweich","subdivision":"Eifelkreis Bitburg-Prüm","cx":6.525,"cy":50.068}},
{"type":"Feature","geometry":{"type":"Polygon","coordinates":[[[6.5454,50.1068],[6.5553,50.107],[6.5707,50.1109],[6.5611,50.1155],[6.5478,50.1116],[6.5454,50.1068]]]},"properties":{"id":"07232273","name":"Neuheilenbach","subdivision":"Eifelkreis Bitburg-Prüm","cx":6.557,"cy":50.111}},
{"type":"Feature","geometry":{"type":"Polygon","coordinates":[[[6.775,50.2415],[6.7825,50.2371],[6.7895,50.241],[6.8051,50.2352],[6.8184,50.2419],[6.8219,50.2418],[6.8019,50.2538],[6.7854,50.2596],[6.7746,50.2564],[6.7698,50.2576],[6.7698,50.2505],[6.7639,50.2485],[6.775,50.2415]]]},"properties":{"id":"07233018","name":"Dockweiler","subdivision":"Vulkaneifel","cx":6.787,"cy":50.25}},
{"type":"Feature","geometry":{"type":"Polygon","coordinates":[[[6.6991,50.0261],[6.7045,50.032],[6.6987,50.038],[6.7065,50.0427],[6.717,50.0425],[6.718,50.0454],[6.704,50.057],[6.6985,50.0594],[6.695,50.068],[6.6974,50.0815],[6.7007,50.0844],[6.6827,50.0913],[6.663,50.0947],[6.6562,50.0902],[6.6582,50.0858],[6.6684,50.0813],[6.674,50.0685],[6.6635,50.0673],[6.6502,50.0518],[6.6507,50.0484],[6.6418,50.0428],[6.6483,50.0408],[6.645,50.0347],[6.6457,50.0284],[6.6629,50.023],[6.6681,50.0186],[6.688,50.029],[6.6991,50.0261]]]},"properties":{"id":"07232282","name":"Oberkail","subdivision":"Eifelkreis Bitburg-Prüm","cx":6.679,"cy":50.049}},
{"type":"Feature","geometry":{"type":"Polygon","coordinates":[[[6.6364,50.0444],[6.6418,50.0428],[6.6507,50.0484],[6.6502,50.0518],[6.6635,50.0673],[6.674,50.0685],[6.6684,50.0813],[6.6582,50.0858],[6.6526,50.0882],[6.6413,50.0827],[6.6488,50.0769],[6.6369,50.0645],[6.6365,50.0572],[6.6312,50.0546],[6.6374,50.0483],[6.6364,50.0444]]]},"properties":{"id":"07232306","name":"Seinsfeld","subdivision":"Eifelkreis Bitburg-Prüm","cx":6.652,"cy":50.067}},
{"type":"Feature","geometry":{"type":"Polygon","coordinates":[[[6.6312,50.0546],[6.6365,50.0572],[6.6369,50.0645],[6.6488,50.0769],[6.6413,50.0827],[6.6526,50.0882],[6.6582,50.0858],[6.6562,50.0902],[6.663,50.0947],[6.6602,50.1],[6.652,50.1044],[6.6498,50.1114],[6.6364,50.1163],[6.6319,50.1148],[6.6289,50.1029],[6.6311,50.0948],[6.62,50.0907],[6.6211,50.0834],[6.6148,50.0779],[6.6238,50.0709],[6.6217,50.0657],[6.6312,50.0546]]]},"properties":{"id":"07232313","name":"Steinborn","subdivision":"Eifelkreis Bitburg-Prüm","cx":6.642,"cy":50.095}},
{"type":"Feature","geometry":{"type":"Polygon","coordinates":[[[6.6031,50.0988],[6.6144,50.0991],[6.6289,50.1029],[6.6319,50.1148],[6.616,50.1058],[6.6082,50.1064],[6.6031,50.0988]]]},"properties":{"id":"07232331","name":"Zendscheid","subdivision":"Eifelkreis Bitburg-Prüm","cx":6.622,"cy":50.105}},
{"type":"Feature","geometry":{"type":"Polygon","coordinates":[[[6.4315,50.0088],[6.4227,50.0082],[6.4144,50.0122],[6.4129,50.0052],[6.4201,49.9985],[6.4308,49.9944],[6.432,49.9887],[6.4543,49.9816],[6.4583,49.9889],[6.468,49.9949],[6.4725,50.0036],[6.4599,50.0042],[6.4496,49.9996],[6.436,50.0029],[6.4315,50.0088]]]},"properties":{"id":"07232501","name":"Wißmannsdorf","subdivision":"Eifelkreis Bitburg-Prüm","cx":6.442,"cy":49.994}},
{"type":"Feature","geometry":{"type":"Polygon","coordinates":[[[6.7698,50.2576],[6.7687,50.2609],[6.7652,50.2604],[6.7476,50.2653],[6.7421,50.2612],[6.7448,50.2535],[6.744,50.2449],[6.7639,50.2485],[6.7698,50.2505],[6.7698,50.2576]]]},"properties":{"id":"07233006","name":"Betteldorf","subdivision":"Vulkaneifel","cx":6.755,"cy":50.255}},
{"type":"Feature","geometry":{"type":"Polygon","coordinates":[[[6.8124,50.1194],[6.8051,50.1216],[6.7968,50.1285],[6.795,50.1342],[6.7832,50.1317],[6.7795,50.1335],[6.7662,50.1306],[6.7582,50.1263],[6.7623,50.1178],[6.7643,50.115],[6.7755,50.1137],[6.7758,50.1081],[6.8124,50.1194]]]},"properties":{"id":"07233008","name":"Bleckhausen","subdivision":"Vulkaneifel","cx":6.782,"cy":50.122}},
{"type":"Feature","geometry":{"type":"Polygon","coordinates":[[[6.8606,50.1294],[6.8491,50.1361],[6.8337,50.1344],[6.8269,50.1294],[6.8135,50.1289],[6.8143,50.1239],[6.822,50.124],[6.8446,50.1288],[6.8606,50.1294]]]},"properties":{"id":"07233011","name":"Brockscheid","subdivision":"Vulkaneifel","cx":6.836,"cy":50.131}},
{"type":"Feature","geometry":{"type":"Polygon","coordinates":[[[6.8876,50.1969],[6.9081,50.2037],[6.9133,50.2101],[6.9138,50.2112],[6.9095,50.215],[6.9066,50.2273],[6.8983,50.2296],[6.8962,50.2234],[6.8795,50.2125],[6.8724,50.2047],[6.8755,50.2],[6.8876,50.1969]]]},"properties":{"id":"07233014","name":"Darscheid","subdivision":"Vulkaneifel","cx":6.895,"cy":50.211}},
{"type":"Feature","geometry":{"type":"Polygon","coordinates":[[[6.9716,50.1627],[6.9683,50.1655],[6.972,50.1756],[6.9695,50.1769],[6.9648,50.1799],[6.9634,50.1874],[6.9552,50.2013],[6.9521,50.2001],[6.9471,50.1939],[6.939,50.1877],[6.9309,50.1848],[6.9209,50.1739],[6.9309,50.1668],[6.9352,50.1634],[6.933,50.1573],[6.9564,50.1586],[6.9617,50.1584],[6.9716,50.1627]]]},"properties":{"id":"07233016","name":"Demerath","subdivision":"Vulkaneifel","cx":6.949,"cy":50.175}},
{"type":"Feature","geometry":{"type":"Polygon","coordinates":[[[6.7623,50.1178],[6.7387,50.1214],[6.7237,50.1095],[6.6974,50.1102],[6.6932,50.1012],[6.7059,50.0969],[6.7023,50.0893],[6.7182,50.0915],[6.7303,50.0906],[6.7424,50.1038],[6.7508,50.1084],[6.7482,50.1137],[6.755,50.1178],[6.7623,50.1178]]]},"properties":{"id":"07233017","name":"Deudesfeld","subdivision":"Vulkaneifel","cx":6.725,"cy":50.101}},
{"type":"Feature","geometry":{"type":"Polygon","coordinates":[[[6.8219,50.2418],[6.8334,50.2462],[6.842,50.2516],[6.8515,50.2619],[6.8482,50.2644],[6.8413,50.2682],[6.8423,50.2776],[6.8323,50.2858],[6.8168,50.2888],[6.8022,50.2895],[6.8049,50.2798],[6.789,50.2788],[6.7679,50.2679],[6.7687,50.2609],[6.7698,50.2576],[6.7746,50.2564],[6.7854,50.2596],[6.8019,50.2538],[6.8219,50.2418]]]},"properties":{"id":"07233020","name":"Dreis-Brück","subdivision":"Vulkaneifel","cx":6.818,"cy":50.266}},
{"type":"Feature","geometry":{"type":"Polygon","coordinates":[[[6.9309,50.1668],[6.9248,50.1642],[6.9122,50.1638],[6.9125,50.1595],[6.9002,50.1579],[6.8927,50.1504],[6.9049,50.1393],[6.9203,50.1457],[6.9313,50.1408],[6.933,50.1573],[6.9352,50.1634],[6.9309,50.1668]]]},"properties":{"id":"07233021","name":"Ellscheid","subdivision":"Vulkaneifel","cx":6.919,"cy":50.154}},
{"type":"Feature","geometry":{"type":"Polygon","coordinates":[[[6.9066,50.2273],[6.9267,50.2382],[6.914,50.2419],[6.899,50.2437],[6.8943,50.2428],[6.8887,50.2334],[6.8983,50.2296],[6.9066,50.2273]]]},"properties":{"id":"07233025","name":"Gefell","subdivision":"Vulkaneifel","cx":6.906,"cy":50.236}},
{"type":"Feature","geometry":{"type":"Polygon","coordinates":[[[6.8775,50.1084],[6.8929,50.1027],[6.8981,50.1029],[6.9081,50.1073],[6.9147,50.1126],[6.9157,50.1206],[6.9283,50.126],[6.9383,50.1169],[6.9426,50.1107],[6.9536,50.1083],[6.9568,50.1162],[6.9473,50.1209],[6.9432,50.1267],[6.9446,50.135],[6.9387,50.1334],[6.9313,50.1408],[6.9203,50.1457],[6.9049,50.1393],[6.8898,50.1334],[6.8831,50.1285],[6.8659,50.1228],[6.8773,50.1184],[6.8801,50.1149],[6.8775,50.1084]]]},"properties":{"id":"07233027","name":"Gillenfeld","subdivision":"Vulkaneifel","cx":6.902,"cy":50.123}},
{"type":"Feature","geometry":{"type":"Polygon","coordinates":[[[6.7639,50.2485],[6.744,50.2449],[6.7355,50.2419],[6.7304,50.2386],[6.7388,50.2347],[6.7459,50.2362],[6.7548,50.2312],[6.7617,50.2319],[6.7691,50.2213],[6.7794,50.2211],[6.7819,50.2277],[6.7756,50.2323],[6.775,50.2415],[6.7639,50.2485]]]},"properties":{"id":"07233030","name":"Hinterweiler","subdivision":"Vulkaneifel","cx":6.76,"cy":50.239}},
{"type":"Feature","geometry":{"type":"Polygon","coordinates":[[[6.8983,50.2296],[6.8887,50.2334],[6.8801,50.2313],[6.8699,50.2251],[6.8691,50.2195],[6.861,50.2148],[6.8627,50.2098],[6.8724,50.2047],[6.8795,50.2125],[6.8962,50.2234],[6.8983,50.2296]]]},"properties":{"id":"07233031","name":"Hörscheid","subdivision":"Vulkaneifel","cx":6.879,"cy":50.221}},
{"type":"Feature","geometry":{"type":"Polygon","coordinates":[[[6.99,50.1371],[6.9761,50.1394],[6.9635,50.1357],[6.9542,50.1381],[6.9446,50.135],[6.9432,50.1267],[6.9473,50.1209],[6.9568,50.1162],[6.9637,50.1178],[6.9807,50.1171],[6.9794,50.1229],[6.9825,50.1281],[6.9956,50.1331],[6.99,50.1371]]]},"properties":{"id":"07233034","name":"Immerath","subdivision":"Vulkaneifel","cx":6.967,"cy":50.127}},
{"type":"Feature","geometry":{"type":"Polygon","coordinates":[[[6.7304,50.2386],[6.7246,50.2239],[6.7331,50.2191],[6.7271,50.2083],[6.7373,50.2119],[6.7439,50.2091],[6.7447,50.2128],[6.7577,50.213],[6.7649,50.2152],[6.7691,50.2213],[6.7617,50.2319],[6.7548,50.2312],[6.7459,50.2362],[6.7388,50.2347],[6.7304,50.2386]]]},"properties":{"id":"07233039","name":"Kirchweiler","subdivision":"Vulkaneifel","cx":6.745,"cy":50.223}},
{"type":"Feature","geometry":{"type":"Polygon","coordinates":[[[6.842,50.2516],[6.861,50.2448],[6.8649,50.2501],[6.8637,50.2557],[6.8515,50.2619],[6.842,50.2516]]]},"properties":{"id":"07233040","name":"Kradenbach","subdivision":"Vulkaneifel","cx":6.855,"cy":50.253}},
{"type":"Feature","geometry":{"type":"Polygon","coordinates":[[[6.8755,50.2],[6.876,50.1976],[6.8579,50.1867],[6.8597,50.1817],[6.8555,50.1772],[6.8676,50.1749],[6.8755,50.1666],[6.8783,50.1588],[6.8773,50.1498],[6.8814,50.1474],[6.8927,50.1504],[6.9002,50.1579],[6.9125,50.1595],[6.9122,50.1638],[6.9167,50.1683],[6.9056,50.1803],[6.8876,50.1969],[6.8755,50.2]]]},"properties":{"id":"07233042","name":"Mehren (Vulkaneifel)","subdivision":"Vulkaneifel","cx":6.887,"cy":50.175}},
{"type":"Feature","geometry":{"type":"Polygon","coordinates":[[[6.7023,50.0893],[6.7059,50.0969],[6.6932,50.1012],[6.6974,50.1102],[6.697,50.1177],[6.6914,50.1231],[6.6756,50.1204],[6.668,50.1121],[6.6766,50.1077],[6.6602,50.1],[6.663,50.0947],[6.6827,50.0913],[6.7007,50.0844],[6.7023,50.0893]]]},"properties":{"id":"07233043","name":"Meisburg","subdivision":"Vulkaneifel","cx":6.684,"cy":50.101}},
{"type":"Feature","geometry":{"type":"Polygon","coordinates":[[[6.9054,50.0785],[6.9096,50.0736],[6.9103,50.0734],[6.9379,50.0853],[6.9425,50.0887],[6.9482,50.0934],[6.94,50.0986],[6.9336,50.0936],[6.9213,50.096],[6.9086,50.0909],[6.9019,50.0914],[6.9028,50.087],[6.9054,50.0785]]]},"properties":{"id":"07233046","name":"Mückeln","subdivision":"Vulkaneifel","cx":6.922,"cy":50.087}},
{"type":"Feature","geometry":{"type":"Polygon","coordinates":[[[6.8334,50.2462],[6.8376,50.2386],[6.8455,50.237],[6.8566,50.2309],[6.8596,50.2269],[6.8699,50.2251],[6.8801,50.2313],[6.8683,50.2376],[6.861,50.2448],[6.842,50.2516],[6.8334,50.2462]]]},"properties":{"id":"07233049","name":"Nerdlen","subdivision":"Vulkaneifel","cx":6.856,"cy":50.239}},
{"type":"Feature","geometry":{"type":"Polygon","coordinates":[[[6.7686,50.1433],[6.7855,50.1531],[6.7876,50.163],[6.7829,50.1673],[6.7664,50.1669],[6.751,50.1715],[6.7357,50.1676],[6.7358,50.1591],[6.7389,50.1527],[6.7373,50.144],[6.7521,50.1429],[6.758,50.14],[6.7686,50.1433]]]},"properties":{"id":"07233052","name":"Niederstadtfeld","subdivision":"Vulkaneifel","cx":6.759,"cy":50.156}},
{"type":"Feature","geometry":{"type":"Polygon","coordinates":[[[6.7829,50.1673],[6.7925,50.1698],[6.7869,50.1727],[6.7842,50.1851],[6.7747,50.19],[6.7571,50.1905],[6.7498,50.1909],[6.7341,50.1858],[6.724,50.1807],[6.7167,50.1754],[6.7185,50.1706],[6.7357,50.1676],[6.751,50.1715],[6.7664,50.1669],[6.7829,50.1673]]]},"properties":{"id":"07233055","name":"Oberstadtfeld","subdivision":"Vulkaneifel","cx":6.759,"cy":50.18}},
{"type":"Feature","geometry":{"type":"Polygon","coordinates":[[[6.899,50.2437],[6.8988,50.2484],[6.9056,50.2591],[6.8873,50.2554],[6.8649,50.2501],[6.861,50.2448],[6.8683,50.2376],[6.8801,50.2313],[6.8887,50.2334],[6.8943,50.2428],[6.899,50.2437]]]},"properties":{"id":"07233061","name":"Sarmersbach","subdivision":"Vulkaneifel","cx":6.883,"cy":50.244}},
{"type":"Feature","geometry":{"type":"Polygon","coordinates":[[[6.8927,50.1504],[6.8814,50.1474],[6.8824,50.142],[6.8895,50.1379],[6.8898,50.1334],[6.9049,50.1393],[6.8927,50.1504]]]},"properties":{"id":"07233062","name":"Saxler","subdivision":"Vulkaneifel","cx":6.892,"cy":50.142}},
{"type":"Feature","geometry":{"type":"Polygon","coordinates":[[[6.8579,50.1867],[6.8441,50.1835],[6.8443,50.1802],[6.8335,50.1774],[6.8223,50.1719],[6.8317,50.1659],[6.8326,50.1588],[6.8402,50.1514],[6.842,50.1458],[6.8567,50.1498],[6.8773,50.1498],[6.8783,50.1588],[6.8755,50.1666],[6.8676,50.1749],[6.8555,50.1772],[6.8597,50.1817],[6.8579,50.1867]]]},"properties":{"id":"07233063","name":"Schalkenmehren","subdivision":"Vulkaneifel","cx":6.852,"cy":50.164}},
{"type":"Feature","geometry":{"type":"Polygon","coordinates":[[[6.9586,50.2263],[6.942,50.2307],[6.9408,50.2227],[6.9439,50.2175],[6.933,50.2116],[6.9138,50.2112],[6.9133,50.2101],[6.9336,50.2066],[6.9373,50.2014],[6.9521,50.2001],[6.9552,50.2013],[6.9539,50.2135],[6.96,50.2175],[6.9553,50.2234],[6.9586,50.2263]]]},"properties":{"id":"07233064","name":"Schönbach","subdivision":"Vulkaneifel","cx":6.946,"cy":50.21}},
{"type":"Feature","geometry":{"type":"Polygon","coordinates":[[[6.7795,50.1335],[6.7686,50.1433],[6.758,50.14],[6.7521,50.1429],[6.7373,50.144],[6.7444,50.134],[6.7324,50.1268],[6.7218,50.1227],[6.697,50.1177],[6.6974,50.1102],[6.7237,50.1095],[6.7387,50.1214],[6.7623,50.1178],[6.7582,50.1263],[6.7662,50.1306],[6.7795,50.1335]]]},"properties":{"id":"07233065","name":"Schutz","subdivision":"Vulkaneifel","cx":6.749,"cy":50.128}},
{"type":"Feature","geometry":{"type":"Polygon","coordinates":[[[6.9471,50.1939],[6.9372,50.1918],[6.9236,50.1855],[6.9056,50.1803],[6.9167,50.1683],[6.9122,50.1638],[6.9248,50.1642],[6.9309,50.1668],[6.9209,50.1739],[6.9309,50.1848],[6.939,50.1877],[6.9471,50.1939]]]},"properties":{"id":"07233067","name":"Steineberg","subdivision":"Vulkaneifel","cx":6.918,"cy":50.178}},
{"type":"Feature","geometry":{"type":"Polygon","coordinates":[[[6.8876,50.1969],[6.9056,50.1803],[6.9236,50.1855],[6.9372,50.1918],[6.9471,50.1939],[6.9521,50.2001],[6.9373,50.2014],[6.9336,50.2066],[6.9133,50.2101],[6.9081,50.2037],[6.8876,50.1969]]]},"properties":{"id":"07233068","name":"Steiningen","subdivision":"Vulkaneifel","cx":6.918,"cy":50.196}},
{"type":"Feature","geometry":{"type":"Polygon","coordinates":[[[6.9019,50.0914],[6.9086,50.0909],[6.9213,50.096],[6.9336,50.0936],[6.94,50.0986],[6.9482,50.0934],[6.954,50.1006],[6.9536,50.1083],[6.9426,50.1107],[6.9383,50.1169],[6.9283,50.126],[6.9157,50.1206],[6.9147,50.1126],[6.9081,50.1073],[6.8981,50.1029],[6.9019,50.0914]]]},"properties":{"id":"07233070","name":"Strohn","subdivision":"Vulkaneifel","cx":6.926,"cy":50.107}},
{"type":"Feature","geometry":{"type":"Polygon","coordinates":[[[6.9807,50.1171],[6.9637,50.1178],[6.9568,50.1162],[6.9536,50.1083],[6.954,50.1006],[6.9482,50.0934],[6.9425,50.0887],[6.951,50.0801],[6.9533,50.08],[6.9551,50.0836],[6.9674,50.089],[6.9674,50.0981],[6.979,50.0979],[6.9813,50.1047],[6.9776,50.1131],[6.9807,50.1171]]]},"properties":{"id":"07233071","name":"Strotzbüsch","subdivision":"Vulkaneifel","cx":6.963,"cy":50.106}},
{"type":"Feature","geometry":{"type":"Polygon","coordinates":[[[6.8659,50.1228],[6.8831,50.1285],[6.8898,50.1334],[6.8895,50.1379],[6.8824,50.142],[6.8814,50.1474],[6.8773,50.1498],[6.8567,50.1498],[6.842,50.1458],[6.8469,50.1439],[6.8491,50.1361],[6.8606,50.1294],[6.8659,50.1228]]]},"properties":{"id":"07233074","name":"Udler","subdivision":"Vulkaneifel","cx":6.868,"cy":50.138}},
{"type":"Feature","geometry":{"type":"Polygon","coordinates":[[[6.8143,50.1239],[6.8135,50.1289],[6.8269,50.1294],[6.8337,50.1344],[6.8491,50.1361],[6.8469,50.1439],[6.842,50.1458],[6.8402,50.1514],[6.8326,50.1588],[6.8317,50.1659],[6.8223,50.1719],[6.8206,50.1671],[6.8275,50.163],[6.8151,50.16],[6.8049,50.1637],[6.7981,50.1699],[6.7925,50.1698],[6.7829,50.1673],[6.7876,50.163],[6.7855,50.1531],[6.7686,50.1433],[6.7795,50.1335],[6.7832,50.1317],[6.795,50.1342],[6.7968,50.1285],[6.8051,50.1216],[6.8124,50.1194],[6.8143,50.1239]]]},"properties":{"id":"07233075","name":"Üdersdorf","subdivision":"Vulkaneifel","cx":6.809,"cy":50.146}},
{"type":"Feature","geometry":{"type":"Polygon","coordinates":[[[6.9138,50.2112],[6.933,50.2116],[6.9439,50.2175],[6.9408,50.2227],[6.942,50.2307],[6.9415,50.2338],[6.9267,50.2382],[6.9066,50.2273],[6.9095,50.215],[6.9138,50.2112]]]},"properties":{"id":"07233077","name":"Utzerath","subdivision":"Vulkaneifel","cx":6.926,"cy":50.224}},
{"type":"Feature","geometry":{"type":"Polygon","coordinates":[[[6.7357,50.1676],[6.7185,50.1706],[6.7167,50.1754],[6.724,50.1807],[6.7113,50.1875],[6.6988,50.166],[6.6921,50.1601],[6.7023,50.1558],[6.7119,50.1478],[6.7225,50.1468],[6.7298,50.15],[6.7373,50.144],[6.7389,50.1527],[6.7358,50.1591],[6.7357,50.1676]]]},"properties":{"id":"07233079","name":"Wallenborn","subdivision":"Vulkaneifel","cx":6.716,"cy":50.16}},
{"type":"Feature","geometry":{"type":"Polygon","coordinates":[[[6.697,50.1177],[6.7218,50.1227],[6.7324,50.1268],[6.7444,50.134],[6.7373,50.144],[6.7298,50.15],[6.7225,50.1468],[6.7168,50.1423],[6.6872,50.1371],[6.671,50.1301],[6.6717,50.1235],[6.6551,50.118],[6.6598,50.1131],[6.668,50.1121],[6.6756,50.1204],[6.6914,50.1231],[6.697,50.1177]]]},"properties":{"id":"07233081","name":"Weidenbach (Vulkaneifel)","subdivision":"Vulkaneifel","cx":6.705,"cy":50.13}},
{"type":"Feature","geometry":{"type":"Polygon","coordinates":[[[6.9564,50.1586],[6.933,50.1573],[6.9313,50.1408],[6.9387,50.1334],[6.9446,50.135],[6.9542,50.1381],[6.9635,50.1357],[6.9761,50.1394],[6.9716,50.1468],[6.9581,50.1553],[6.9564,50.1586]]]},"properties":{"id":"07233084","name":"Winkel (Eifel)","subdivision":"Vulkaneifel","cx":6.95,"cy":50.147}},
{"type":"Feature","geometry":{"type":"Polygon","coordinates":[[[6.7162,50.2965],[6.716,50.3054],[6.7084,50.3142],[6.7036,50.3153],[6.6892,50.3268],[6.6814,50.3291],[6.6585,50.3203],[6.6689,50.3149],[6.6718,50.3079],[6.6894,50.2952],[6.7003,50.2944],[6.7065,50.2914],[6.7162,50.2965]]]},"properties":{"id":"07233005","name":"Berndorf","subdivision":"Vulkaneifel","cx":6.691,"cy":50.31}},
{"type":"Feature","geometry":{"type":"Polygon","coordinates":[[[6.775,50.2415],[6.7756,50.2323],[6.7819,50.2277],[6.7794,50.2211],[6.7691,50.2213],[6.7649,50.2152],[6.7577,50.213],[6.7447,50.2128],[6.7439,50.2091],[6.7471,50.2118],[6.7615,50.21],[6.763,50.2058],[6.7539,50.1997],[6.7523,50.1908],[6.7571,50.1905],[6.7747,50.19],[6.7842,50.1851],[6.7869,50.1727],[6.7925,50.1698],[6.7981,50.1699],[6.8049,50.1637],[6.8151,50.16],[6.8275,50.163],[6.8206,50.1671],[6.8223,50.1719],[6.8335,50.1774],[6.8443,50.1802],[6.8441,50.1835],[6.8579,50.1867],[6.876,50.1976],[6.8755,50.2],[6.8724,50.2047],[6.8627,50.2098],[6.861,50.2148],[6.8691,50.2195],[6.8699,50.2251],[6.8596,50.2269],[6.8566,50.2309],[6.8455,50.237],[6.8376,50.2386],[6.8334,50.2462],[6.8219,50.2418],[6.8184,50.2419],[6.8051,50.2352],[6.7895,50.241],[6.7825,50.2371],[6.775,50.2415]]]},"properties":{"id":"07233501","name":"Daun","subdivision":"Vulkaneifel","cx":6.815,"cy":50.206}},
{"type":"Feature","geometry":{"type":"Polygon","coordinates":[[[6.7355,50.2419],[6.7129,50.2481],[6.7115,50.2444],[6.699,50.2423],[6.708,50.2325],[6.7155,50.2271],[6.7246,50.2239],[6.7304,50.2386],[6.7355,50.2419]]]},"properties":{"id":"07233004","name":"Berlingen","subdivision":"Vulkaneifel","cx":6.718,"cy":50.237}},
{"type":"Feature","geometry":{"type":"Polygon","coordinates":[[[6.5892,50.1957],[6.5917,50.1913],[6.6063,50.2006],[6.6109,50.1974],[6.6246,50.1933],[6.6366,50.1992],[6.6375,50.1931],[6.6433,50.1874],[6.6596,50.1822],[6.6604,50.173],[6.6729,50.1738],[6.6771,50.1673],[6.6845,50.1638],[6.6921,50.1601],[6.6988,50.166],[6.7113,50.1875],[6.7189,50.2013],[6.7252,50.2006],[6.7271,50.2083],[6.7331,50.2191],[6.7246,50.2239],[6.7155,50.2271],[6.7059,50.2246],[6.699,50.2264],[6.6919,50.2232],[6.693,50.2157],[6.7068,50.2093],[6.7132,50.2014],[6.7085,50.1969],[6.6921,50.1945],[6.6804,50.2024],[6.6817,50.2082],[6.6722,50.2354],[6.6741,50.2434],[6.6785,50.2463],[6.6698,50.2531],[6.66,50.258],[6.6474,50.2523],[6.6439,50.2552],[6.6349,50.2575],[6.6291,50.2634],[6.6092,50.2608],[6.6057,50.2537],[6.5873,50.2512],[6.5804,50.2464],[6.5704,50.2472],[6.5673,50.2445],[6.5613,50.2356],[6.5626,50.2299],[6.5795,50.2243],[6.5867,50.2256],[6.5872,50.2183],[6.5941,50.2178],[6.5893,50.2092],[6.5966,50.2068],[6.5904,50.2019],[6.5892,50.1957]]]},"properties":{"id":"07233026","name":"Gerolstein","subdivision":"Vulkaneifel","cx":6.634,"cy":50.227}},
{"type":"Feature","geometry":{"type":"Polygon","coordinates":[[[6.7421,50.2612],[6.7377,50.267],[6.7248,50.2668],[6.7148,50.264],[6.7161,50.2617],[6.7089,50.252],[6.7129,50.2481],[6.7355,50.2419],[6.744,50.2449],[6.7448,50.2535],[6.7421,50.2612]]]},"properties":{"id":"07233033","name":"Hohenfels-Essingen","subdivision":"Vulkaneifel","cx":6.729,"cy":50.255}},
{"type":"Feature","geometry":{"type":"Polygon","coordinates":[[[6.6291,50.2634],[6.6272,50.2717],[6.623,50.2704],[6.6047,50.2746],[6.6013,50.2789],[6.5961,50.2761],[6.578,50.2718],[6.5819,50.268],[6.5792,50.2566],[6.5704,50.2472],[6.5804,50.2464],[6.5873,50.2512],[6.6057,50.2537],[6.6092,50.2608],[6.6291,50.2634]]]},"properties":{"id":"07233036","name":"Kalenborn-Scheuern","subdivision":"Vulkaneifel","cx":6.598,"cy":50.263}},
{"type":"Feature","geometry":{"type":"Polygon","coordinates":[[[6.7271,50.2083],[6.7252,50.2006],[6.7189,50.2013],[6.7113,50.1875],[6.724,50.1807],[6.7341,50.1858],[6.7498,50.1909],[6.7571,50.1905],[6.7523,50.1908],[6.7539,50.1997],[6.763,50.2058],[6.7615,50.21],[6.7471,50.2118],[6.7439,50.2091],[6.7373,50.2119],[6.7271,50.2083]]]},"properties":{"id":"07233050","name":"Neroth","subdivision":"Vulkaneifel","cx":6.736,"cy":50.198}},
{"type":"Feature","geometry":{"type":"Polygon","coordinates":[[[8.1858,49.7001],[8.1943,49.7061],[8.2104,49.7115],[8.2095,49.7139],[8.2005,49.715],[8.197,49.7204],[8.19,49.7231],[8.1865,49.7327],[8.1707,49.7278],[8.1781,49.7149],[8.1785,49.7066],[8.1858,49.7001]]]},"properties":{"id":"07331039","name":"Hangen-Weisheim","subdivision":"Alzey-Worms","cx":8.187,"cy":49.715}},
{"type":"Feature","geometry":{"type":"Polygon","coordinates":[[[6.699,50.2423],[6.6948,50.2451],[6.6785,50.2463],[6.6741,50.2434],[6.6722,50.2354],[6.6817,50.2082],[6.6804,50.2024],[6.6921,50.1945],[6.7085,50.1969],[6.7132,50.2014],[6.7068,50.2093],[6.693,50.2157],[6.6919,50.2232],[6.699,50.2264],[6.7059,50.2246],[6.7155,50.2271],[6.708,50.2325],[6.699,50.2423]]]},"properties":{"id":"07233056","name":"Pelm","subdivision":"Vulkaneifel","cx":6.685,"cy":50.232}},
{"type":"Feature","geometry":{"type":"Polygon","coordinates":[[[6.7129,50.2481],[6.7089,50.252],[6.7161,50.2617],[6.7148,50.264],[6.7091,50.2647],[6.6943,50.262],[6.6911,50.2669],[6.6935,50.2728],[6.6893,50.2768],[6.6841,50.2637],[6.6698,50.2531],[6.6785,50.2463],[6.6948,50.2451],[6.699,50.2423],[6.7115,50.2444],[6.7129,50.2481]]]},"properties":{"id":"07233058","name":"Rockeskyll","subdivision":"Vulkaneifel","cx":6.696,"cy":50.254}},
{"type":"Feature","geometry":{"type":"Polygon","coordinates":[[[6.6921,50.1601],[6.6845,50.1638],[6.6722,50.1521],[6.6689,50.1408],[6.644,50.1293],[6.652,50.1251],[6.6551,50.118],[6.6717,50.1235],[6.671,50.1301],[6.6872,50.1371],[6.7168,50.1423],[6.7225,50.1468],[6.7119,50.1478],[6.7023,50.1558],[6.6921,50.1601]]]},"properties":{"id":"07233060","name":"Salm","subdivision":"Vulkaneifel","cx":6.682,"cy":50.147}},
{"type":"Feature","geometry":{"type":"Polygon","coordinates":[[[6.5917,50.1913],[6.5978,50.1843],[6.5923,50.1732],[6.5909,50.1639],[6.5868,50.1613],[6.5984,50.1625],[6.6155,50.1559],[6.6243,50.1586],[6.6304,50.1575],[6.6429,50.1636],[6.6509,50.163],[6.6584,50.1557],[6.6722,50.1521],[6.6845,50.1638],[6.6771,50.1673],[6.6729,50.1738],[6.6604,50.173],[6.6596,50.1822],[6.6433,50.1874],[6.6375,50.1931],[6.6366,50.1992],[6.6246,50.1933],[6.6109,50.1974],[6.6063,50.2006],[6.5917,50.1913]]]},"properties":{"id":"07233204","name":"Birresborn","subdivision":"Vulkaneifel","cx":6.63,"cy":50.176}},
{"type":"Feature","geometry":{"type":"Polygon","coordinates":[[[6.6082,50.1064],[6.616,50.1058],[6.6319,50.1148],[6.6364,50.1163],[6.6498,50.1114],[6.652,50.1044],[6.6602,50.1],[6.6766,50.1077],[6.668,50.1121],[6.6598,50.1131],[6.6551,50.118],[6.652,50.1251],[6.644,50.1293],[6.6322,50.1264],[6.6146,50.1325],[6.615,50.1368],[6.6084,50.1396],[6.5828,50.136],[6.5857,50.1299],[6.575,50.1297],[6.5911,50.118],[6.5836,50.1139],[6.5848,50.1092],[6.601,50.109],[6.6082,50.1064]]]},"properties":{"id":"07233209","name":"Densborn","subdivision":"Vulkaneifel","cx":6.614,"cy":50.119}},
{"type":"Feature","geometry":{"type":"Polygon","coordinates":[[[6.5673,50.2445],[6.5704,50.2472],[6.5792,50.2566],[6.5819,50.268],[6.578,50.2718],[6.5647,50.2714],[6.5499,50.2746],[6.5213,50.2761],[6.5184,50.2744],[6.5195,50.2655],[6.5255,50.2575],[6.5338,50.2504],[6.553,50.2535],[6.5573,50.2489],[6.5673,50.2445]]]},"properties":{"id":"07233211","name":"Duppach","subdivision":"Vulkaneifel","cx":6.546,"cy":50.264}},
{"type":"Feature","geometry":{"type":"Polygon","coordinates":[[[6.5621,50.1892],[6.5507,50.1861],[6.559,50.1804],[6.5639,50.1741],[6.5543,50.166],[6.5627,50.1576],[6.5868,50.1613],[6.5909,50.1639],[6.5923,50.1732],[6.5978,50.1843],[6.5917,50.1913],[6.5892,50.1957],[6.5768,50.1932],[6.5704,50.1862],[6.5621,50.1892]]]},"properties":{"id":"07233223","name":"Kopp","subdivision":"Vulkaneifel","cx":6.577,"cy":50.175}},
{"type":"Feature","geometry":{"type":"Polygon","coordinates":[[[6.5828,50.136],[6.6084,50.1396],[6.615,50.1368],[6.6146,50.1325],[6.6322,50.1264],[6.644,50.1293],[6.6689,50.1408],[6.6722,50.1521],[6.6584,50.1557],[6.6509,50.163],[6.6429,50.1636],[6.6304,50.1575],[6.6243,50.1586],[6.6155,50.1559],[6.5984,50.1625],[6.5868,50.1613],[6.5627,50.1576],[6.5525,50.1549],[6.5482,50.146],[6.5828,50.136]]]},"properties":{"id":"07233227","name":"Mürlenbach","subdivision":"Vulkaneifel","cx":6.627,"cy":50.144}},
{"type":"Feature","geometry":{"type":"Polygon","coordinates":[[[6.598,50.3023],[6.5963,50.2915],[6.6025,50.2889],[6.6248,50.2991],[6.6116,50.306],[6.598,50.3023]]]},"properties":{"id":"07233002","name":"Basberg","subdivision":"Vulkaneifel","cx":6.608,"cy":50.298}},
{"type":"Feature","geometry":{"type":"Polygon","coordinates":[[[8.2471,49.7292],[8.2372,49.7335],[8.2271,49.731],[8.2162,49.733],[8.2123,49.7246],[8.2159,49.715],[8.236,49.7197],[8.2516,49.7204],[8.2471,49.7292]]]},"properties":{"id":"07331049","name":"Monzernheim","subdivision":"Alzey-Worms","cx":8.225,"cy":49.724}},
{"type":"Feature","geometry":{"type":"Polygon","coordinates":[[[6.6698,50.2531],[6.6841,50.2637],[6.6893,50.2768],[6.691,50.278],[6.6885,50.2798],[6.6662,50.2717],[6.6439,50.2552],[6.6474,50.2523],[6.66,50.258],[6.6698,50.2531]]]},"properties":{"id":"07233019","name":"Dohm-Lammersdorf","subdivision":"Vulkaneifel","cx":6.67,"cy":50.265}},
{"type":"Feature","geometry":{"type":"Polygon","coordinates":[[[6.6585,50.3203],[6.653,50.3177],[6.6374,50.3074],[6.635,50.3031],[6.6371,50.2973],[6.6343,50.2909],[6.6344,50.28],[6.6272,50.2717],[6.6291,50.2634],[6.6349,50.2575],[6.6439,50.2552],[6.6662,50.2717],[6.6885,50.2798],[6.691,50.278],[6.7069,50.2884],[6.7065,50.2914],[6.7003,50.2944],[6.6894,50.2952],[6.6718,50.3079],[6.6689,50.3149],[6.6585,50.3203]]]},"properties":{"id":"07233029","name":"Hillesheim (Vulkaneifel)","subdivision":"Vulkaneifel","cx":6.659,"cy":50.289}},
{"type":"Feature","geometry":{"type":"Polygon","coordinates":[[[6.7162,50.2965],[6.7249,50.2971],[6.7351,50.2901],[6.7551,50.297],[6.7428,50.3067],[6.7365,50.3092],[6.7458,50.3158],[6.7347,50.322],[6.7249,50.3192],[6.7082,50.3228],[6.6972,50.3303],[6.6973,50.3346],[6.6898,50.3296],[6.6814,50.3291],[6.6892,50.3268],[6.7036,50.3153],[6.7084,50.3142],[6.716,50.3054],[6.7162,50.2965]]]},"properties":{"id":"07233038","name":"Kerpen (Eifel)","subdivision":"Vulkaneifel","cx":6.724,"cy":50.31}},
{"type":"Feature","geometry":{"type":"Polygon","coordinates":[[[6.6272,50.2717],[6.6344,50.28],[6.6343,50.2909],[6.6371,50.2973],[6.635,50.3031],[6.6326,50.3049],[6.6248,50.2991],[6.6025,50.2889],[6.5979,50.2836],[6.6013,50.2789],[6.6047,50.2746],[6.623,50.2704],[6.6272,50.2717]]]},"properties":{"id":"07233053","name":"Oberbettingen","subdivision":"Vulkaneifel","cx":6.62,"cy":50.285}},
{"type":"Feature","geometry":{"type":"Polygon","coordinates":[[[6.7687,50.2609],[6.7679,50.2679],[6.789,50.2788],[6.8049,50.2798],[6.8022,50.2895],[6.793,50.2862],[6.7886,50.2907],[6.7795,50.2898],[6.7551,50.297],[6.7351,50.2901],[6.7386,50.2859],[6.7525,50.2783],[6.7479,50.2708],[6.7377,50.267],[6.7421,50.2612],[6.7476,50.2653],[6.7652,50.2604],[6.7687,50.2609]]]},"properties":{"id":"07233054","name":"Oberehe-Stroheich","subdivision":"Vulkaneifel","cx":6.766,"cy":50.28}},
{"type":"Feature","geometry":{"type":"Polygon","coordinates":[[[6.8168,50.2888],[6.8132,50.296],[6.804,50.2998],[6.8035,50.3035],[6.7953,50.3036],[6.7852,50.3087],[6.7704,50.3205],[6.7691,50.3241],[6.7738,50.3363],[6.7821,50.341],[6.7844,50.3472],[6.791,50.3535],[6.7891,50.3581],[6.7954,50.3605],[6.7882,50.3625],[6.7709,50.3612],[6.7535,50.3541],[6.7324,50.3525],[6.7271,50.3493],[6.706,50.3428],[6.6992,50.3361],[6.6973,50.3346],[6.6972,50.3303],[6.7082,50.3228],[6.7249,50.3192],[6.7347,50.322],[6.7458,50.3158],[6.7365,50.3092],[6.7428,50.3067],[6.7551,50.297],[6.7795,50.2898],[6.7886,50.2907],[6.793,50.2862],[6.8022,50.2895],[6.8168,50.2888]]]},"properties":{"id":"07233076","name":"Üxheim","subdivision":"Vulkaneifel","cx":6.753,"cy":50.332}},
{"type":"Feature","geometry":{"type":"Polygon","coordinates":[[[6.7065,50.2914],[6.7069,50.2884],[6.691,50.278],[6.6893,50.2768],[6.6935,50.2728],[6.6911,50.2669],[6.6943,50.262],[6.7091,50.2647],[6.7148,50.264],[6.7248,50.2668],[6.7377,50.267],[6.7479,50.2708],[6.7525,50.2783],[6.7386,50.2859],[6.7351,50.2901],[6.7249,50.2971],[6.7162,50.2965],[6.7065,50.2914]]]},"properties":{"id":"07233080","name":"Walsdorf","subdivision":"Vulkaneifel","cx":6.719,"cy":50.279}},
{"type":"Feature","geometry":{"type":"Polygon","coordinates":[[[6.6814,50.3291],[6.6898,50.3296],[6.6973,50.3346],[6.6992,50.3361],[6.6964,50.3464],[6.6868,50.3584],[6.6674,50.372],[6.656,50.3674],[6.6575,50.357],[6.65,50.3482],[6.6379,50.3453],[6.6363,50.3395],[6.6412,50.33],[6.6468,50.3273],[6.6459,50.3195],[6.653,50.3177],[6.6585,50.3203],[6.6814,50.3291]]]},"properties":{"id":"07233083","name":"Wiesbaum","subdivision":"Vulkaneifel","cx":6.668,"cy":50.343}},
{"type":"Feature","geometry":{"type":"Polygon","coordinates":[[[8.2759,49.4568],[8.2774,49.4591],[8.2712,49.4788],[8.2544,49.4775],[8.2364,49.4722],[8.234,49.4688],[8.2339,49.462],[8.2446,49.4619],[8.2479,49.4571],[8.26,49.4571],[8.2611,49.4533],[8.2759,49.4568]]]},"properties":{"id":"07332013","name":"Ellerstadt","subdivision":"Bad Dürkheim","cx":8.257,"cy":49.467}},
{"type":"Feature","geometry":{"type":"Polygon","coordinates":[[[6.9766,50.3381],[6.9774,50.3383],[6.9868,50.3355],[6.986,50.332],[6.9954,50.3292],[7.0102,50.3319],[7.0162,50.3405],[7.0128,50.3409],[7.0091,50.3496],[6.9968,50.3483],[6.9843,50.3489],[6.9839,50.3425],[6.9766,50.3381]]]},"properties":{"id":"07233210","name":"Drees","subdivision":"Vulkaneifel","cx":6.998,"cy":50.34}},
{"type":"Feature","geometry":{"type":"Polygon","coordinates":[[[6.8687,50.3024],[6.8577,50.2996],[6.8485,50.3021],[6.8554,50.2943],[6.857,50.2842],[6.8801,50.2834],[6.8885,50.2979],[6.8794,50.2977],[6.8687,50.3024]]]},"properties":{"id":"07233212","name":"Gelenberg","subdivision":"Vulkaneifel","cx":6.869,"cy":50.293}},
{"type":"Feature","geometry":{"type":"Polygon","coordinates":[[[6.8007,50.3618],[6.7954,50.3605],[6.7891,50.3581],[6.791,50.3535],[6.7844,50.3472],[6.7821,50.341],[6.7738,50.3363],[6.7691,50.3241],[6.7704,50.3205],[6.7852,50.3087],[6.7953,50.3036],[6.8035,50.3035],[6.8135,50.3036],[6.8016,50.3086],[6.8046,50.3137],[6.8188,50.3239],[6.8149,50.3291],[6.8075,50.3274],[6.7935,50.3276],[6.7945,50.3327],[6.8116,50.3368],[6.7984,50.3448],[6.7983,50.3516],[6.8089,50.3594],[6.8007,50.3618]]]},"properties":{"id":"07233229","name":"Nohn","subdivision":"Vulkaneifel","cx":6.783,"cy":50.33}},
{"type":"Feature","geometry":{"type":"Polygon","coordinates":[[[6.9056,50.2591],[6.8997,50.2698],[6.8898,50.2754],[6.8836,50.2739],[6.8844,50.268],[6.875,50.2674],[6.8786,50.26],[6.8873,50.2554],[6.9056,50.2591]]]},"properties":{"id":"07233003","name":"Beinhausen","subdivision":"Vulkaneifel","cx":6.891,"cy":50.264}},
{"type":"Feature","geometry":{"type":"Polygon","coordinates":[[[6.8482,50.2644],[6.8505,50.2664],[6.875,50.2674],[6.8844,50.268],[6.8836,50.2739],[6.8898,50.2754],[6.8961,50.2816],[6.8801,50.2834],[6.857,50.2842],[6.8529,50.2783],[6.8423,50.2776],[6.8413,50.2682],[6.8482,50.2644]]]},"properties":{"id":"07233010","name":"Boxberg","subdivision":"Vulkaneifel","cx":6.866,"cy":50.275}},
{"type":"Feature","geometry":{"type":"Polygon","coordinates":[[[6.9267,50.2382],[6.9415,50.2338],[6.9482,50.2389],[6.9457,50.245],[6.9393,50.25],[6.914,50.2419],[6.9267,50.2382]]]},"properties":{"id":"07233032","name":"Hörschhausen","subdivision":"Vulkaneifel","cx":6.935,"cy":50.242}},
{"type":"Feature","geometry":{"type":"Polygon","coordinates":[[[6.914,50.2419],[6.9393,50.25],[6.9246,50.2523],[6.9113,50.2635],[6.904,50.2702],[6.8997,50.2698],[6.9056,50.2591],[6.8988,50.2484],[6.899,50.2437],[6.914,50.2419]]]},"properties":{"id":"07233037","name":"Katzwinkel","subdivision":"Vulkaneifel","cx":6.912,"cy":50.252}},
{"type":"Feature","geometry":{"type":"Polygon","coordinates":[[[6.8515,50.2619],[6.8637,50.2557],[6.8649,50.2501],[6.8873,50.2554],[6.8786,50.26],[6.875,50.2674],[6.8505,50.2664],[6.8482,50.2644],[6.8515,50.2619]]]},"properties":{"id":"07233048","name":"Neichen","subdivision":"Vulkaneifel","cx":6.869,"cy":50.26}},
{"type":"Feature","geometry":{"type":"Polygon","coordinates":[[[7.0066,50.2894],[7.0049,50.282],[7.0193,50.28],[7.0298,50.2749],[7.0353,50.2774],[7.0569,50.2813],[7.0659,50.2808],[7.0639,50.2829],[7.0424,50.2893],[7.0171,50.2937],[7.0066,50.2894]]]},"properties":{"id":"07233201","name":"Arbach","subdivision":"Vulkaneifel","cx":7.03,"cy":50.284}},
{"type":"Feature","geometry":{"type":"Polygon","coordinates":[[[6.9574,50.2921],[6.9513,50.2789],[6.9589,50.2746],[6.9765,50.2764],[6.9764,50.2822],[6.9662,50.2919],[6.9574,50.2921]]]},"properties":{"id":"07233202","name":"Bereborn","subdivision":"Vulkaneifel","cx":6.964,"cy":50.283}},
{"type":"Feature","geometry":{"type":"Polygon","coordinates":[[[6.9701,50.2448],[6.9613,50.2403],[6.9482,50.2389],[6.9415,50.2338],[6.942,50.2307],[6.9586,50.2263],[6.9661,50.2269],[6.9788,50.2368],[6.9712,50.2444],[6.9701,50.2448]]]},"properties":{"id":"07233203","name":"Berenbach","subdivision":"Vulkaneifel","cx":6.961,"cy":50.234}},
{"type":"Feature","geometry":{"type":"Polygon","coordinates":[[[6.8362,50.3181],[6.8385,50.3113],[6.8372,50.3045],[6.8485,50.3021],[6.8577,50.2996],[6.8687,50.3024],[6.8726,50.3129],[6.8673,50.3164],[6.8645,50.3237],[6.8532,50.3271],[6.8427,50.32],[6.8362,50.3181]]]},"properties":{"id":"07233205","name":"Bodenbach","subdivision":"Vulkaneifel","cx":6.854,"cy":50.312}},
{"type":"Feature","geometry":{"type":"Polygon","coordinates":[[[6.8423,50.2776],[6.8529,50.2783],[6.857,50.2842],[6.8554,50.2943],[6.8485,50.3021],[6.8372,50.3045],[6.8241,50.3004],[6.8135,50.3036],[6.8035,50.3035],[6.804,50.2998],[6.8132,50.296],[6.8168,50.2888],[6.8323,50.2858],[6.8423,50.2776]]]},"properties":{"id":"07233206","name":"Bongard","subdivision":"Vulkaneifel","cx":6.838,"cy":50.294}},
{"type":"Feature","geometry":{"type":"Polygon","coordinates":[[[6.8188,50.3239],[6.8046,50.3137],[6.8016,50.3086],[6.8135,50.3036],[6.8241,50.3004],[6.8372,50.3045],[6.8385,50.3113],[6.8362,50.3181],[6.8188,50.3239]]]},"properties":{"id":"07233207","name":"Borler","subdivision":"Vulkaneifel","cx":6.822,"cy":50.312}},
{"type":"Feature","geometry":{"type":"MultiPolygon","coordinates":[[[[6.9737,50.3377],[6.9739,50.3309],[6.9774,50.3383],[6.9766,50.3381],[6.9737,50.3377]]],[[[6.9912,50.3191],[6.9726,50.3286],[6.9772,50.3255],[6.9717,50.3149],[6.9717,50.3067],[6.9738,50.3064],[6.9879,50.3103],[6.9912,50.3191]]]]},"properties":{"id":"07233208","name":"Brücktal","subdivision":"Vulkaneifel","cx":6.98,"cy":50.316}},
{"type":"Feature","geometry":{"type":"Polygon","coordinates":[[[7.0232,50.2256],[7.0258,50.2322],[7.0179,50.2461],[7.0043,50.2478],[6.9915,50.245],[6.9948,50.2366],[7.0052,50.2274],[7.0045,50.2223],[7.0232,50.2256]]]},"properties":{"id":"07233215","name":"Höchstberg","subdivision":"Vulkaneifel","cx":7.01,"cy":50.236}},
{"type":"Feature","geometry":{"type":"Polygon","coordinates":[[[6.9686,50.2453],[6.9551,50.2539],[6.9417,50.2548],[6.9393,50.25],[6.9457,50.245],[6.9482,50.2389],[6.9613,50.2403],[6.9701,50.2448],[6.9686,50.2453]]]},"properties":{"id":"07233216","name":"Horperath","subdivision":"Vulkaneifel","cx":6.953,"cy":50.247}},
{"type":"Feature","geometry":{"type":"Polygon","coordinates":[[[7.0366,50.2364],[7.0367,50.2429],[7.0246,50.2531],[7.0179,50.2461],[7.0258,50.2322],[7.0232,50.2256],[7.032,50.2252],[7.0366,50.2364]]]},"properties":{"id":"07233217","name":"Kaperich","subdivision":"Vulkaneifel","cx":7.029,"cy":50.239}},
{"type":"Feature","geometry":{"type":"Polygon","coordinates":[[[6.8645,50.3237],[6.8673,50.3164],[6.8726,50.3129],[6.8687,50.3024],[6.8794,50.2977],[6.8885,50.2979],[6.8801,50.2834],[6.8961,50.2816],[6.8898,50.2754],[6.8997,50.2698],[6.904,50.2702],[6.9113,50.2635],[6.9133,50.265],[6.917,50.2715],[6.9315,50.2706],[6.9364,50.2654],[6.9504,50.2709],[6.9509,50.2713],[6.9513,50.2789],[6.9574,50.2921],[6.9524,50.2953],[6.9441,50.3092],[6.9447,50.3138],[6.9363,50.3089],[6.9277,50.3069],[6.9166,50.3083],[6.9,50.315],[6.8922,50.3151],[6.8889,50.3217],[6.8858,50.322],[6.8716,50.3192],[6.8645,50.3237]]]},"properties":{"id":"07233218","name":"Kelberg","subdivision":"Vulkaneifel","cx":6.913,"cy":50.292}},
{"type":"Feature","geometry":{"type":"Polygon","coordinates":[[[7.0147,50.3265],[7.018,50.3303],[7.0102,50.3319],[6.9954,50.3292],[6.986,50.332],[6.9868,50.3355],[6.9774,50.3383],[6.9739,50.3309],[6.9726,50.3286],[6.9912,50.3191],[7.0043,50.3196],[7.0147,50.3265]]]},"properties":{"id":"07233220","name":"Kirsbach","subdivision":"Vulkaneifel","cx":6.993,"cy":50.325}},
{"type":"Feature","geometry":{"type":"Polygon","coordinates":[[[6.9948,50.2366],[6.9915,50.245],[6.9712,50.2444],[6.9788,50.2368],[6.9876,50.2335],[6.9948,50.2366]]]},"properties":{"id":"07233221","name":"Kötterichen","subdivision":"Vulkaneifel","cx":6.985,"cy":50.24}},
{"type":"Feature","geometry":{"type":"Polygon","coordinates":[[[6.9513,50.2789],[6.9509,50.2713],[6.9607,50.2679],[6.9654,50.269],[6.9863,50.2648],[6.987,50.2648],[6.9927,50.2729],[6.9765,50.2764],[6.9589,50.2746],[6.9513,50.2789]]]},"properties":{"id":"07233222","name":"Kolverath","subdivision":"Vulkaneifel","cx":6.973,"cy":50.272}},
{"type":"Feature","geometry":{"type":"Polygon","coordinates":[[[7.0586,50.2505],[7.0533,50.2565],[7.0375,50.2635],[7.0353,50.2678],[7.0222,50.2622],[7.0176,50.2639],[7.0089,50.2605],[6.9924,50.2597],[7.0001,50.2585],[7.0167,50.2601],[7.0246,50.2531],[7.0367,50.2429],[7.0366,50.2364],[7.0458,50.2389],[7.0586,50.2505]]]},"properties":{"id":"07233224","name":"Lirstal","subdivision":"Vulkaneifel","cx":7.038,"cy":50.254}},
{"type":"Feature","geometry":{"type":"Polygon","coordinates":[[[6.9738,50.3064],[6.9717,50.3067],[6.9542,50.3025],[6.9524,50.2953],[6.9574,50.2921],[6.9662,50.2919],[6.9764,50.2822],[6.9765,50.2764],[6.9927,50.2729],[6.998,50.2788],[7.0049,50.282],[7.0066,50.2894],[6.9991,50.2897],[6.9968,50.2947],[6.9875,50.2971],[6.9738,50.3064]]]},"properties":{"id":"07233225","name":"Mannebach (Vulkaneifel)","subdivision":"Vulkaneifel","cx":6.985,"cy":50.287}},
{"type":"Feature","geometry":{"type":"Polygon","coordinates":[[[6.9551,50.2539],[6.9501,50.264],[6.9504,50.2709],[6.9364,50.2654],[6.9315,50.2706],[6.917,50.2715],[6.9133,50.265],[6.9236,50.2605],[6.9313,50.26],[6.9417,50.2548],[6.9551,50.2539]]]},"properties":{"id":"07233226","name":"Mosbruch","subdivision":"Vulkaneifel","cx":6.942,"cy":50.261}},
{"type":"Feature","geometry":{"type":"Polygon","coordinates":[[[7.0162,50.3405],[7.0102,50.3319],[7.018,50.3303],[7.0383,50.3352],[7.0162,50.3405]]]},"properties":{"id":"07233228","name":"Nitz","subdivision":"Vulkaneifel","cx":7.02,"cy":50.335}},
{"type":"Feature","geometry":{"type":"Polygon","coordinates":[[[7.0585,50.2509],[7.0622,50.2618],[7.0704,50.2769],[7.0688,50.2798],[7.0659,50.2808],[7.0569,50.2813],[7.0353,50.2774],[7.0298,50.2749],[7.0353,50.2678],[7.0375,50.2635],[7.0533,50.2565],[7.0586,50.2505],[7.0585,50.2509]]]},"properties":{"id":"07233230","name":"Oberelz","subdivision":"Vulkaneifel","cx":7.052,"cy":50.27}},
{"type":"Feature","geometry":{"type":"Polygon","coordinates":[[[6.9447,50.3138],[6.9441,50.3092],[6.9524,50.2953],[6.9542,50.3025],[6.9717,50.3067],[6.9717,50.3149],[6.9521,50.317],[6.9436,50.315],[6.9447,50.3138]]]},"properties":{"id":"07233233","name":"Reimerath","subdivision":"Vulkaneifel","cx":6.957,"cy":50.31}},
{"type":"Feature","geometry":{"type":"Polygon","coordinates":[[[7.0049,50.282],[6.998,50.2788],[6.9927,50.2729],[6.987,50.2648],[6.9924,50.2597],[7.0089,50.2605],[7.0176,50.2639],[7.0222,50.2622],[7.0353,50.2678],[7.0298,50.2749],[7.0193,50.28],[7.0049,50.282]]]},"properties":{"id":"07233234","name":"Retterath","subdivision":"Vulkaneifel","cx":7.01,"cy":50.271}},
{"type":"Feature","geometry":{"type":"Polygon","coordinates":[[[6.9819,50.2589],[6.9863,50.2648],[6.9654,50.269],[6.9607,50.2679],[6.9509,50.2713],[6.9504,50.2709],[6.9501,50.264],[6.9551,50.2539],[6.9686,50.2453],[6.9665,50.2512],[6.977,50.2603],[6.9819,50.2589]]]},"properties":{"id":"07233236","name":"Sassen","subdivision":"Vulkaneifel","cx":6.965,"cy":50.261}},
{"type":"Feature","geometry":{"type":"Polygon","coordinates":[[[6.9712,50.2444],[6.9915,50.245],[7.0043,50.2478],[7.0179,50.2461],[7.0246,50.2531],[7.0167,50.2601],[7.0001,50.2585],[6.9924,50.2597],[6.987,50.2648],[6.9863,50.2648],[6.9819,50.2589],[6.9809,50.2499],[6.9712,50.2444]]]},"properties":{"id":"07233242","name":"Uersfeld","subdivision":"Vulkaneifel","cx":6.993,"cy":50.253}},
{"type":"Feature","geometry":{"type":"Polygon","coordinates":[[[6.9393,50.25],[6.9417,50.2548],[6.9313,50.26],[6.9236,50.2605],[6.9133,50.265],[6.9113,50.2635],[6.9246,50.2523],[6.9393,50.25]]]},"properties":{"id":"07233243","name":"Ueß","subdivision":"Vulkaneifel","cx":6.928,"cy":50.256}},
{"type":"Feature","geometry":{"type":"Polygon","coordinates":[[[6.9524,50.3296],[6.9486,50.3259],[6.9436,50.315],[6.9521,50.317],[6.9717,50.3149],[6.9772,50.3255],[6.9726,50.3286],[6.9739,50.3309],[6.9737,50.3377],[6.9675,50.3367],[6.9662,50.3291],[6.9524,50.3296]]]},"properties":{"id":"07233244","name":"Welcherath","subdivision":"Vulkaneifel","cx":6.962,"cy":50.323}},
{"type":"Feature","geometry":{"type":"Polygon","coordinates":[[[6.653,50.3177],[6.6459,50.3195],[6.6468,50.3273],[6.6412,50.33],[6.6363,50.3395],[6.6254,50.3384],[6.617,50.3343],[6.6142,50.3276],[6.609,50.326],[6.6153,50.3192],[6.6219,50.3173],[6.6254,50.3088],[6.6326,50.3049],[6.635,50.3031],[6.6374,50.3074],[6.653,50.3177]]]},"properties":{"id":"07233007","name":"Birgel","subdivision":"Vulkaneifel","cx":6.631,"cy":50.323}},
{"type":"Feature","geometry":{"type":"Polygon","coordinates":[[[6.5819,50.3775],[6.5827,50.362],[6.5737,50.3558],[6.5922,50.3488],[6.6065,50.3474],[6.6101,50.354],[6.6222,50.3537],[6.6263,50.3675],[6.6254,50.3749],[6.6163,50.377],[6.6041,50.3751],[6.6068,50.381],[6.6031,50.3882],[6.5852,50.3825],[6.5819,50.3775]]]},"properties":{"id":"07233022","name":"Esch (Vulkaneifel)","subdivision":"Vulkaneifel","cx":6.6,"cy":50.363}},
{"type":"Feature","geometry":{"type":"Polygon","coordinates":[[[6.6379,50.3453],[6.6222,50.3537],[6.6101,50.354],[6.6065,50.3474],[6.5922,50.3488],[6.5896,50.3433],[6.6037,50.3362],[6.617,50.3343],[6.6254,50.3384],[6.6363,50.3395],[6.6379,50.3453]]]},"properties":{"id":"07233023","name":"Feusdorf","subdivision":"Vulkaneifel","cx":6.615,"cy":50.344}},
{"type":"Feature","geometry":{"type":"Polygon","coordinates":[[[6.617,50.3343],[6.6037,50.3362],[6.5946,50.3374],[6.5939,50.3322],[6.5867,50.3323],[6.5612,50.324],[6.5532,50.3254],[6.5477,50.3228],[6.5476,50.3197],[6.5653,50.3216],[6.5776,50.3186],[6.5926,50.3179],[6.609,50.326],[6.6142,50.3276],[6.617,50.3343]]]},"properties":{"id":"07233028","name":"Gönnersdorf (Vulkaneifel)","subdivision":"Vulkaneifel","cx":6.588,"cy":50.326}},
{"type":"Feature","geometry":{"type":"Polygon","coordinates":[[[6.5819,50.3775],[6.5692,50.3766],[6.559,50.3694],[6.5432,50.3662],[6.5331,50.3694],[6.5327,50.3663],[6.5553,50.3549],[6.5557,50.3449],[6.5459,50.3338],[6.5528,50.3347],[6.564,50.3428],[6.5739,50.344],[6.5872,50.3355],[6.5867,50.3323],[6.5939,50.3322],[6.5946,50.3374],[6.6037,50.3362],[6.5896,50.3433],[6.5922,50.3488],[6.5737,50.3558],[6.5827,50.362],[6.5819,50.3775]]]},"properties":{"id":"07233035","name":"Jünkerath","subdivision":"Vulkaneifel","cx":6.564,"cy":50.357}},
{"type":"Feature","geometry":{"type":"Polygon","coordinates":[[[6.6248,50.2991],[6.6326,50.3049],[6.6254,50.3088],[6.6219,50.3173],[6.6153,50.3192],[6.609,50.326],[6.5926,50.3179],[6.5776,50.3186],[6.5653,50.3216],[6.5476,50.3197],[6.5357,50.3112],[6.5374,50.3079],[6.5504,50.3072],[6.5574,50.3034],[6.5933,50.3067],[6.598,50.3023],[6.6116,50.306],[6.6248,50.2991]]]},"properties":{"id":"07233041","name":"Lissendorf","subdivision":"Vulkaneifel","cx":6.6,"cy":50.312}},
{"type":"Feature","geometry":{"type":"MultiPolygon","coordinates":[[[[6.4043,50.3509],[6.4037,50.3454],[6.415,50.3327],[6.4241,50.3338],[6.4313,50.3345],[6.4468,50.3398],[6.4496,50.3384],[6.4587,50.344],[6.4572,50.3518],[6.4612,50.359],[6.4491,50.3644],[6.4486,50.3713],[6.4354,50.3703],[6.43,50.3632],[6.4209,50.3689],[6.4319,50.358],[6.4182,50.3568],[6.4143,50.3529],[6.4043,50.3509]]],[[[6.4209,50.3689],[6.4147,50.3746],[6.4217,50.3806],[6.413,50.3895],[6.3949,50.386],[6.4038,50.3772],[6.4135,50.3749],[6.4209,50.3689]]]]},"properties":{"id":"07233214","name":"Hallschlag","subdivision":"Vulkaneifel","cx":6.441,"cy":50.35}},
{"type":"Feature","geometry":{"type":"Polygon","coordinates":[[[6.4858,50.3121],[6.5039,50.3244],[6.4996,50.3335],[6.502,50.341],[6.5108,50.3392],[6.5154,50.3423],[6.5126,50.3505],[6.5048,50.3524],[6.4918,50.347],[6.4847,50.3386],[6.4755,50.3323],[6.4775,50.3287],[6.4684,50.3258],[6.4743,50.3146],[6.4858,50.3121]]]},"properties":{"id":"07233219","name":"Kerschenbach","subdivision":"Vulkaneifel","cx":6.49,"cy":50.33}},
{"type":"Feature","geometry":{"type":"Polygon","coordinates":[[[6.4706,50.3135],[6.4743,50.3146],[6.4684,50.3258],[6.4775,50.3287],[6.4755,50.3323],[6.4847,50.3386],[6.4752,50.3385],[6.4644,50.3423],[6.453,50.3364],[6.4496,50.3384],[6.4468,50.3398],[6.4313,50.3345],[6.4241,50.3338],[6.4253,50.323],[6.4207,50.3137],[6.4297,50.311],[6.4445,50.3028],[6.4419,50.2965],[6.4457,50.2947],[6.4583,50.3058],[6.4603,50.3125],[6.4706,50.3135]]]},"properties":{"id":"07233232","name":"Ormont","subdivision":"Vulkaneifel","cx":6.448,"cy":50.322}},
{"type":"Feature","geometry":{"type":"Polygon","coordinates":[[[6.5112,50.2858],[6.5195,50.2988],[6.4921,50.3076],[6.4858,50.3121],[6.4743,50.3146],[6.4706,50.3135],[6.4702,50.3111],[6.4801,50.2899],[6.4774,50.2847],[6.4837,50.2845],[6.504,50.2867],[6.5112,50.2858]]]},"properties":{"id":"07233235","name":"Reuth","subdivision":"Vulkaneifel","cx":6.492,"cy":50.297}},
{"type":"Feature","geometry":{"type":"Polygon","coordinates":[[[6.4209,50.3689],[6.4135,50.3749],[6.4038,50.3772],[6.3949,50.386],[6.3895,50.3726],[6.3948,50.3673],[6.3972,50.3579],[6.4043,50.3509],[6.4143,50.3529],[6.4182,50.3568],[6.4319,50.358],[6.4209,50.3689]]]},"properties":{"id":"07233237","name":"Scheid","subdivision":"Vulkaneifel","cx":6.407,"cy":50.365}},
{"type":"Feature","geometry":{"type":"Polygon","coordinates":[[[6.5867,50.3323],[6.5872,50.3355],[6.5739,50.344],[6.564,50.3428],[6.5528,50.3347],[6.5459,50.3338],[6.5477,50.3228],[6.5532,50.3254],[6.5612,50.324],[6.5867,50.3323]]]},"properties":{"id":"07233239","name":"Schüller","subdivision":"Vulkaneifel","cx":6.566,"cy":50.333}},
{"type":"Feature","geometry":{"type":"Polygon","coordinates":[[[6.5477,50.3228],[6.5459,50.3338],[6.5557,50.3449],[6.5553,50.3549],[6.5327,50.3663],[6.5331,50.3694],[6.5133,50.3576],[6.5042,50.3576],[6.5048,50.3524],[6.5126,50.3505],[6.5154,50.3423],[6.5108,50.3392],[6.502,50.341],[6.4996,50.3335],[6.5039,50.3244],[6.4858,50.3121],[6.4921,50.3076],[6.5195,50.2988],[6.5266,50.3087],[6.5357,50.3112],[6.5476,50.3197],[6.5477,50.3228]]]},"properties":{"id":"07233240","name":"Stadtkyll","subdivision":"Vulkaneifel","cx":6.527,"cy":50.33}},
{"type":"Feature","geometry":{"type":"Polygon","coordinates":[[[7.5486,49.6295],[7.5497,49.6346],[7.561,49.6404],[7.5527,49.6404],[7.5455,49.6474],[7.536,49.6454],[7.5267,49.64],[7.5238,49.635],[7.529,49.6307],[7.5386,49.6315],[7.5486,49.6295]]]},"properties":{"id":"07336012","name":"Buborn","subdivision":"Kusel","cx":7.54,"cy":49.638}},
{"type":"Feature","geometry":{"type":"Polygon","coordinates":[[[6.5212,50.277],[6.5213,50.2761],[6.5499,50.2746],[6.5647,50.2714],[6.578,50.2718],[6.5961,50.2761],[6.6013,50.2789],[6.5979,50.2836],[6.6025,50.2889],[6.5963,50.2915],[6.598,50.3023],[6.5933,50.3067],[6.5574,50.3034],[6.5504,50.3072],[6.5374,50.3079],[6.5357,50.3112],[6.5266,50.3087],[6.5195,50.2988],[6.5112,50.2858],[6.5157,50.2782],[6.5212,50.277]]]},"properties":{"id":"07233241","name":"Steffeln","subdivision":"Vulkaneifel","cx":6.557,"cy":50.288}},
{"type":"Feature","geometry":{"type":"Polygon","coordinates":[[[6.9012,49.7599],[6.8959,49.7637],[6.8898,49.7596],[6.884,49.7503],[6.8758,49.7455],[6.8702,49.7505],[6.8645,49.7503],[6.8683,49.7449],[6.8676,49.7295],[6.8742,49.7294],[6.8875,49.733],[6.8941,49.7326],[6.9075,49.7374],[6.9133,49.7438],[6.9115,49.7491],[6.9072,49.7513],[6.9071,49.7578],[6.9012,49.7599]]]},"properties":{"id":"07235005","name":"Bescheid","subdivision":"Trier-Saarburg","cx":6.893,"cy":49.744}},
{"type":"Feature","geometry":{"type":"Polygon","coordinates":[[[6.9462,49.7356],[6.9224,49.7436],[6.9171,49.7481],[6.9115,49.7491],[6.9133,49.7438],[6.9075,49.7374],[6.8941,49.7326],[6.8875,49.733],[6.8742,49.7294],[6.8676,49.7295],[6.8585,49.7285],[6.857,49.7266],[6.8612,49.7139],[6.8593,49.7077],[6.8593,49.6991],[6.8707,49.6938],[6.8786,49.6994],[6.8829,49.6966],[6.8933,49.7074],[6.902,49.7109],[6.9137,49.7114],[6.9176,49.7168],[6.9246,49.7181],[6.941,49.7274],[6.9486,49.7301],[6.9462,49.7356]]]},"properties":{"id":"07235008","name":"Beuren (Hochwald)","subdivision":"Trier-Saarburg","cx":6.884,"cy":49.718}},
{"type":"Feature","geometry":{"type":"Polygon","coordinates":[[[6.9783,49.6776],[6.9772,49.6637],[6.9798,49.6576],[6.9989,49.6567],[7.0221,49.6715],[7.0139,49.6769],[7.0043,49.673],[6.9925,49.6771],[6.9783,49.6776]]]},"properties":{"id":"07235014","name":"Damflos","subdivision":"Trier-Saarburg","cx":6.995,"cy":49.667}},
{"type":"Feature","geometry":{"type":"Polygon","coordinates":[[[6.9535,49.7242],[6.9467,49.7118],[6.9413,49.7079],[6.9346,49.6913],[6.9295,49.6884],[6.9415,49.6774],[6.9559,49.6857],[6.9715,49.6909],[6.9648,49.6941],[6.9662,49.7062],[6.9742,49.7128],[6.9733,49.7171],[6.9627,49.7226],[6.9535,49.7242]]]},"properties":{"id":"07235030","name":"Geisfeld","subdivision":"Trier-Saarburg","cx":6.953,"cy":49.701}},
{"type":"Feature","geometry":{"type":"Polygon","coordinates":[[[6.8642,49.6079],[6.8722,49.6048],[6.88,49.6062],[6.8931,49.6167],[6.9063,49.6141],[6.9351,49.6194],[6.9255,49.6185],[6.9086,49.6259],[6.9036,49.624],[6.8909,49.6299],[6.8883,49.6396],[6.8956,49.6489],[6.8908,49.6547],[6.8882,49.65],[6.8796,49.6449],[6.869,49.6427],[6.8699,49.6356],[6.8667,49.6323],[6.8713,49.6274],[6.864,49.6196],[6.8642,49.6079]]]},"properties":{"id":"07235035","name":"Grimburg","subdivision":"Trier-Saarburg","cx":6.883,"cy":49.623}},
{"type":"Feature","geometry":{"type":"Polygon","coordinates":[[[6.9351,49.6194],[6.9368,49.6256],[6.9328,49.631],[6.9269,49.6318],[6.914,49.6393],[6.9068,49.6474],[6.9049,49.6536],[6.8991,49.6599],[6.8908,49.6547],[6.8956,49.6489],[6.8883,49.6396],[6.8909,49.6299],[6.9036,49.624],[6.9086,49.6259],[6.9255,49.6185],[6.9351,49.6194]]]},"properties":{"id":"07235036","name":"Gusenburg","subdivision":"Trier-Saarburg","cx":6.904,"cy":49.635}},
{"type":"Feature","geometry":{"type":"Polygon","coordinates":[[[6.9715,49.6909],[6.9559,49.6857],[6.9415,49.6774],[6.9234,49.6735],[6.9163,49.6794],[6.9006,49.6725],[6.8991,49.6599],[6.9049,49.6536],[6.9068,49.6474],[6.914,49.6393],[6.9269,49.6318],[6.9328,49.631],[6.9409,49.6349],[6.9486,49.6351],[6.9494,49.6261],[6.9747,49.6339],[6.9875,49.6336],[6.9915,49.6355],[6.9908,49.6433],[6.9864,49.6471],[6.9883,49.6554],[6.9798,49.6576],[6.9772,49.6637],[6.9783,49.6776],[6.9849,49.683],[6.9762,49.6902],[6.9715,49.6909]]]},"properties":{"id":"07235045","name":"Hermeskeil","subdivision":"Trier-Saarburg","cx":6.947,"cy":49.657}},
{"type":"Feature","geometry":{"type":"Polygon","coordinates":[[[8.228,49.4666],[8.2213,49.4645],[8.2219,49.4589],[8.2088,49.4585],[8.2069,49.4377],[8.2094,49.4373],[8.2136,49.4387],[8.2312,49.4388],[8.2343,49.4374],[8.2358,49.4396],[8.2315,49.4412],[8.2313,49.4539],[8.228,49.4666]]]},"properties":{"id":"07332020","name":"Friedelsheim","subdivision":"Bad Dürkheim","cx":8.22,"cy":49.45}},
{"type":"Feature","geometry":{"type":"Polygon","coordinates":[[[6.8829,49.6966],[6.9101,49.6884],[6.9151,49.6908],[6.9177,49.6944],[6.9166,49.7034],[6.9223,49.7075],[6.9196,49.7133],[6.9246,49.7181],[6.9176,49.7168],[6.9137,49.7114],[6.902,49.7109],[6.8933,49.7074],[6.8829,49.6966]]]},"properties":{"id":"07235047","name":"Hinzert-Pölert","subdivision":"Trier-Saarburg","cx":6.905,"cy":49.701}},
{"type":"Feature","geometry":{"type":"Polygon","coordinates":[[[6.9002,49.7636],[6.8959,49.7736],[6.8754,49.7796],[6.8663,49.7782],[6.8657,49.7684],[6.8725,49.7586],[6.8702,49.7505],[6.8758,49.7455],[6.884,49.7503],[6.8898,49.7596],[6.8959,49.7637],[6.9012,49.7599],[6.9002,49.7636]]]},"properties":{"id":"07235092","name":"Naurath (Wald)","subdivision":"Trier-Saarburg","cx":6.881,"cy":49.765}},
{"type":"Feature","geometry":{"type":"Polygon","coordinates":[[[7.0537,49.6762],[7.0651,49.6769],[7.0615,49.6808],[7.0443,49.6893],[7.0314,49.6803],[7.0237,49.6814],[7.0139,49.6769],[7.0221,49.6715],[7.0364,49.6613],[7.0289,49.6533],[7.0178,49.6486],[7.0068,49.6406],[7.001,49.6309],[7.0124,49.6284],[7.028,49.6394],[7.0419,49.6474],[7.0508,49.6546],[7.052,49.6595],[7.044,49.6716],[7.0537,49.6762]]]},"properties":{"id":"07235093","name":"Neuhütten","subdivision":"Trier-Saarburg","cx":7.035,"cy":49.673}},
{"type":"Feature","geometry":{"type":"Polygon","coordinates":[[[6.9486,49.7301],[6.941,49.7274],[6.9246,49.7181],[6.9196,49.7133],[6.9223,49.7075],[6.9166,49.7034],[6.9177,49.6944],[6.9151,49.6908],[6.922,49.6859],[6.9163,49.6794],[6.9234,49.6735],[6.9415,49.6774],[6.9295,49.6884],[6.9346,49.6913],[6.9413,49.7079],[6.9467,49.7118],[6.9535,49.7242],[6.9486,49.7301]]]},"properties":{"id":"07235112","name":"Rascheid","subdivision":"Trier-Saarburg","cx":6.929,"cy":49.702}},
{"type":"Feature","geometry":{"type":"Polygon","coordinates":[[[6.8707,49.6938],[6.8587,49.6914],[6.8515,49.6878],[6.8496,49.6753],[6.8416,49.6685],[6.8422,49.6629],[6.855,49.6578],[6.8652,49.6485],[6.869,49.6427],[6.8796,49.6449],[6.8882,49.65],[6.8908,49.6547],[6.8991,49.6599],[6.9006,49.6725],[6.9163,49.6794],[6.922,49.6859],[6.9151,49.6908],[6.9101,49.6884],[6.8829,49.6966],[6.8786,49.6994],[6.8707,49.6938]]]},"properties":{"id":"07235114","name":"Reinsfeld","subdivision":"Trier-Saarburg","cx":6.878,"cy":49.673}},
{"type":"Feature","geometry":{"type":"Polygon","coordinates":[[[6.9798,49.6576],[6.9883,49.6554],[6.9864,49.6471],[6.9908,49.6433],[6.9915,49.6355],[6.9877,49.6291],[6.9922,49.6238],[7.001,49.6309],[7.0068,49.6406],[7.0178,49.6486],[7.0289,49.6533],[7.0364,49.6613],[7.0221,49.6715],[6.9989,49.6567],[6.9798,49.6576]]]},"properties":{"id":"07235153","name":"Züsch","subdivision":"Trier-Saarburg","cx":7.007,"cy":49.652}},
{"type":"Feature","geometry":{"type":"Polygon","coordinates":[[[6.6982,49.6089],[6.6894,49.6163],[6.6804,49.618],[6.6754,49.6234],[6.6654,49.6179],[6.6667,49.6157],[6.6769,49.6098],[6.6848,49.6108],[6.6982,49.6089]]]},"properties":{"id":"07235003","name":"Baldringen","subdivision":"Trier-Saarburg","cx":6.677,"cy":49.615}},
{"type":"Feature","geometry":{"type":"Polygon","coordinates":[[[6.6528,49.5509],[6.6582,49.5439],[6.6641,49.5427],[6.6835,49.5484],[6.6885,49.5362],[6.7009,49.5423],[6.7086,49.5533],[6.7187,49.5557],[6.7101,49.5647],[6.7052,49.5757],[6.6977,49.5765],[6.6873,49.5729],[6.6855,49.5682],[6.6679,49.5684],[6.6626,49.5652],[6.6503,49.5706],[6.6535,49.5656],[6.6491,49.5562],[6.6528,49.5509]]]},"properties":{"id":"07235033","name":"Greimerath (Trier-Saarburg)","subdivision":"Trier-Saarburg","cx":6.692,"cy":49.558}},
{"type":"Feature","geometry":{"type":"Polygon","coordinates":[[[6.7299,49.6503],[6.74,49.6466],[6.739,49.6428],[6.751,49.6415],[6.7652,49.637],[6.7747,49.6468],[6.7688,49.6539],[6.762,49.657],[6.7572,49.6532],[6.7473,49.6508],[6.7401,49.6528],[6.7335,49.6584],[6.7237,49.6631],[6.7184,49.6631],[6.7207,49.6545],[6.7299,49.6503]]]},"properties":{"id":"07235040","name":"Heddert","subdivision":"Trier-Saarburg","cx":6.761,"cy":49.646}},
{"type":"Feature","geometry":{"type":"Polygon","coordinates":[[[6.6982,49.6089],[6.7054,49.6105],[6.7181,49.6135],[6.7273,49.6213],[6.7165,49.6229],[6.709,49.6282],[6.7003,49.6299],[6.6895,49.6269],[6.6837,49.6335],[6.6742,49.6273],[6.6662,49.6292],[6.6635,49.6358],[6.6551,49.6378],[6.662,49.6321],[6.6624,49.6232],[6.6654,49.6179],[6.6754,49.6234],[6.6804,49.618],[6.6894,49.6163],[6.6982,49.6089]]]},"properties":{"id":"07235043","name":"Hentern","subdivision":"Trier-Saarburg","cx":6.699,"cy":49.62}},
{"type":"Feature","geometry":{"type":"MultiPolygon","coordinates":[[[[6.869,49.6427],[6.8652,49.6485],[6.855,49.6578],[6.8422,49.6629],[6.8272,49.6625],[6.8152,49.6591],[6.7987,49.6611],[6.7972,49.6451],[6.802,49.6394],[6.8008,49.633],[6.791,49.6245],[6.7943,49.6223],[6.8037,49.6252],[6.8078,49.6212],[6.8199,49.6251],[6.8336,49.6169],[6.8321,49.6094],[6.8391,49.5926],[6.846,49.5896],[6.8579,49.6056],[6.8642,49.6079],[6.864,49.6196],[6.8713,49.6274],[6.8667,49.6323],[6.8699,49.6356],[6.869,49.6427]]],[[[6.7665,49.6586],[6.7786,49.6504],[6.7832,49.6516],[6.7952,49.6611],[6.7821,49.665],[6.7737,49.6627],[6.7665,49.6586]]]]},"properties":{"id":"07235058","name":"Kell am See","subdivision":"Trier-Saarburg","cx":6.838,"cy":49.638}},
{"type":"Feature","geometry":{"type":"Polygon","coordinates":[[[6.7184,49.6631],[6.706,49.6624],[6.689,49.6699],[6.6867,49.662],[6.6733,49.6521],[6.6762,49.6453],[6.6872,49.6431],[6.6957,49.6438],[6.7044,49.6416],[6.718,49.637],[6.7173,49.6406],[6.7274,49.6445],[6.7299,49.6503],[6.7207,49.6545],[6.7184,49.6631]]]},"properties":{"id":"07235072","name":"Lampaden","subdivision":"Trier-Saarburg","cx":6.701,"cy":49.653}},
{"type":"Feature","geometry":{"type":"Polygon","coordinates":[[[6.791,49.6245],[6.7862,49.6269],[6.7779,49.6236],[6.7716,49.6287],[6.7625,49.6274],[6.7601,49.6219],[6.7647,49.6147],[6.7465,49.6112],[6.7344,49.6137],[6.7239,49.6102],[6.7159,49.6045],[6.717,49.5964],[6.7302,49.5893],[6.7342,49.5854],[6.7561,49.5775],[6.7697,49.5689],[6.7782,49.5702],[6.7871,49.5762],[6.7982,49.5863],[6.8134,49.592],[6.8243,49.5884],[6.8195,49.5923],[6.8016,49.6013],[6.7888,49.6015],[6.7835,49.6101],[6.7877,49.6146],[6.7873,49.6208],[6.7943,49.6223],[6.791,49.6245]]]},"properties":{"id":"07235081","name":"Mandern","subdivision":"Trier-Saarburg","cx":6.765,"cy":49.596}},
{"type":"Feature","geometry":{"type":"Polygon","coordinates":[[[6.6837,49.6335],[6.7044,49.6416],[6.6957,49.6438],[6.6872,49.6431],[6.6762,49.6453],[6.6733,49.6521],[6.6713,49.6513],[6.6518,49.6371],[6.6551,49.6378],[6.6635,49.6358],[6.6662,49.6292],[6.6742,49.6273],[6.6837,49.6335]]]},"properties":{"id":"07235105","name":"Paschel","subdivision":"Trier-Saarburg","cx":6.675,"cy":49.637}},
{"type":"Feature","geometry":{"type":"Polygon","coordinates":[[[6.7299,49.6503],[6.7274,49.6445],[6.7173,49.6406],[6.718,49.637],[6.7149,49.6295],[6.709,49.6282],[6.7165,49.6229],[6.7273,49.6213],[6.7181,49.6135],[6.7054,49.6105],[6.7159,49.6045],[6.7239,49.6102],[6.7344,49.6137],[6.7465,49.6112],[6.7647,49.6147],[6.7601,49.6219],[6.7625,49.6274],[6.7716,49.6287],[6.7779,49.6236],[6.7862,49.6269],[6.791,49.6245],[6.8008,49.633],[6.802,49.6394],[6.7972,49.6451],[6.7987,49.6611],[6.7952,49.6611],[6.7832,49.6516],[6.7786,49.6504],[6.7665,49.6586],[6.762,49.657],[6.7688,49.6539],[6.7747,49.6468],[6.7652,49.637],[6.751,49.6415],[6.739,49.6428],[6.74,49.6466],[6.7299,49.6503]]]},"properties":{"id":"07235119","name":"Schillingen","subdivision":"Trier-Saarburg","cx":6.748,"cy":49.628}},
{"type":"Feature","geometry":{"type":"Polygon","coordinates":[[[6.709,49.6282],[6.7149,49.6295],[6.718,49.637],[6.7044,49.6416],[6.6837,49.6335],[6.6895,49.6269],[6.7003,49.6299],[6.709,49.6282]]]},"properties":{"id":"07235123","name":"Schömerich","subdivision":"Trier-Saarburg","cx":6.702,"cy":49.635}},
{"type":"Feature","geometry":{"type":"Polygon","coordinates":[[[6.6654,49.6179],[6.6624,49.6232],[6.662,49.6321],[6.6551,49.6378],[6.6518,49.6371],[6.6448,49.6342],[6.6515,49.6211],[6.6478,49.6151],[6.6519,49.6114],[6.6405,49.6094],[6.6445,49.6035],[6.6397,49.5978],[6.6306,49.5981],[6.6302,49.5937],[6.6409,49.5855],[6.6505,49.5825],[6.6505,49.5941],[6.6538,49.6004],[6.6718,49.5977],[6.6741,49.6053],[6.6667,49.6157],[6.6654,49.6179]]]},"properties":{"id":"07235140","name":"Vierherrenborn","subdivision":"Trier-Saarburg","cx":6.659,"cy":49.608}},
{"type":"Feature","geometry":{"type":"Polygon","coordinates":[[[6.468,49.6078],[6.4958,49.6059],[6.5047,49.6041],[6.5134,49.6094],[6.5137,49.613],[6.5229,49.6169],[6.5207,49.6214],[6.4865,49.6293],[6.4823,49.6282],[6.4717,49.62],[6.4772,49.6169],[6.468,49.6078]]]},"properties":{"id":"07235025","name":"Fisch","subdivision":"Trier-Saarburg","cx":6.495,"cy":49.616}},
{"type":"Feature","geometry":{"type":"Polygon","coordinates":[[[6.7943,49.6223],[6.7873,49.6208],[6.7877,49.6146],[6.7835,49.6101],[6.7888,49.6015],[6.8016,49.6013],[6.8195,49.5923],[6.8243,49.5884],[6.8354,49.5829],[6.84,49.5874],[6.8391,49.5926],[6.8321,49.6094],[6.8336,49.6169],[6.8199,49.6251],[6.8078,49.6212],[6.8037,49.6252],[6.7943,49.6223]]]},"properties":{"id":"07235142","name":"Waldweiler","subdivision":"Trier-Saarburg","cx":6.815,"cy":49.609}},
{"type":"Feature","geometry":{"type":"Polygon","coordinates":[[[6.6667,49.6157],[6.6741,49.6053],[6.6718,49.5977],[6.6538,49.6004],[6.6505,49.5941],[6.6505,49.5825],[6.6503,49.5706],[6.6626,49.5652],[6.6679,49.5684],[6.6855,49.5682],[6.6873,49.5729],[6.6977,49.5765],[6.7052,49.5757],[6.7101,49.5647],[6.7187,49.5557],[6.7283,49.559],[6.7474,49.5578],[6.7569,49.5614],[6.7697,49.5689],[6.7561,49.5775],[6.7342,49.5854],[6.7302,49.5893],[6.717,49.5964],[6.7159,49.6045],[6.7054,49.6105],[6.6982,49.6089],[6.6848,49.6108],[6.6769,49.6098],[6.6667,49.6157]]]},"properties":{"id":"07235152","name":"Zerf","subdivision":"Trier-Saarburg","cx":6.701,"cy":49.592}},
{"type":"Feature","geometry":{"type":"Polygon","coordinates":[[[6.5746,49.6466],[6.5818,49.6516],[6.5875,49.6688],[6.5793,49.6736],[6.5665,49.6669],[6.5601,49.6573],[6.5621,49.6502],[6.559,49.6457],[6.5746,49.6466]]]},"properties":{"id":"07235055","name":"Kanzem","subdivision":"Trier-Saarburg","cx":6.573,"cy":49.659}},
{"type":"Feature","geometry":{"type":"Polygon","coordinates":[[[6.5626,49.7014],[6.5624,49.6929],[6.5576,49.6885],[6.5471,49.6924],[6.5345,49.6871],[6.5197,49.6877],[6.5295,49.6818],[6.5365,49.6811],[6.5394,49.6742],[6.5359,49.6691],[6.5402,49.6636],[6.5354,49.6594],[6.55,49.6625],[6.5601,49.6573],[6.5665,49.6669],[6.5793,49.6736],[6.5921,49.6763],[6.6074,49.6721],[6.6081,49.662],[6.611,49.6544],[6.6175,49.655],[6.6235,49.6449],[6.636,49.6374],[6.6448,49.6342],[6.6518,49.6371],[6.6713,49.6513],[6.6617,49.6535],[6.6571,49.6648],[6.6604,49.6711],[6.6613,49.6831],[6.6674,49.6893],[6.6546,49.6891],[6.6483,49.6955],[6.6517,49.7024],[6.6444,49.6993],[6.6322,49.7033],[6.6228,49.7],[6.6129,49.6994],[6.6152,49.7052],[6.6104,49.7083],[6.6227,49.7209],[6.6173,49.7231],[6.6059,49.7174],[6.5791,49.7091],[6.5626,49.7014]]]},"properties":{"id":"07235068","name":"Konz","subdivision":"Trier-Saarburg","cx":6.629,"cy":49.678}},
{"type":"Feature","geometry":{"type":"Polygon","coordinates":[[[6.5084,49.6452],[6.504,49.6522],[6.488,49.658],[6.4786,49.652],[6.4783,49.6435],[6.4691,49.6428],[6.4671,49.6381],[6.4807,49.6381],[6.4844,49.6315],[6.4944,49.6448],[6.5084,49.6452]]]},"properties":{"id":"07235101","name":"Onsdorf","subdivision":"Trier-Saarburg","cx":6.487,"cy":49.647}},
{"type":"Feature","geometry":{"type":"Polygon","coordinates":[[[6.689,49.6699],[6.6888,49.6823],[6.679,49.6851],[6.6707,49.6845],[6.6674,49.6893],[6.6613,49.6831],[6.6604,49.6711],[6.6571,49.6648],[6.6617,49.6535],[6.6713,49.6513],[6.6733,49.6521],[6.6867,49.662],[6.689,49.6699]]]},"properties":{"id":"07235106","name":"Pellingen","subdivision":"Trier-Saarburg","cx":6.673,"cy":49.67}},
{"type":"Feature","geometry":{"type":"Polygon","coordinates":[[[6.5197,49.6877],[6.5119,49.6892],[6.508,49.6904],[6.495,49.6838],[6.4884,49.6854],[6.4873,49.6758],[6.4828,49.6726],[6.4974,49.6684],[6.4917,49.6598],[6.5014,49.6576],[6.5204,49.6592],[6.5233,49.6548],[6.5354,49.6594],[6.5402,49.6636],[6.5359,49.6691],[6.5394,49.6742],[6.5365,49.6811],[6.5295,49.6818],[6.5197,49.6877]]]},"properties":{"id":"07235132","name":"Tawern","subdivision":"Trier-Saarburg","cx":6.513,"cy":49.672}},
{"type":"Feature","geometry":{"type":"Polygon","coordinates":[[[6.5598,49.7018],[6.5352,49.7127],[6.5256,49.7136],[6.5203,49.7124],[6.5215,49.7077],[6.5121,49.6989],[6.5119,49.6892],[6.5197,49.6877],[6.5345,49.6871],[6.5471,49.6924],[6.5576,49.6885],[6.5624,49.6929],[6.5626,49.7014],[6.5598,49.7018]]]},"properties":{"id":"07235143","name":"Wasserliesch","subdivision":"Trier-Saarburg","cx":6.535,"cy":49.7}},
{"type":"Feature","geometry":{"type":"Polygon","coordinates":[[[6.5601,49.6573],[6.55,49.6625],[6.5354,49.6594],[6.5233,49.6548],[6.5216,49.6434],[6.5281,49.6368],[6.5342,49.6419],[6.559,49.6457],[6.5621,49.6502],[6.5601,49.6573]]]},"properties":{"id":"07235144","name":"Wawern (Trier-Saarburg)","subdivision":"Trier-Saarburg","cx":6.541,"cy":49.651}},
{"type":"Feature","geometry":{"type":"Polygon","coordinates":[[[6.7136,49.7609],[6.7185,49.7687],[6.7284,49.7655],[6.7417,49.7703],[6.7519,49.7711],[6.7594,49.7679],[6.7575,49.7817],[6.7391,49.7833],[6.7382,49.7763],[6.7312,49.7766],[6.7172,49.7721],[6.7126,49.7765],[6.6966,49.7719],[6.6862,49.7652],[6.6864,49.7598],[6.694,49.7574],[6.6984,49.763],[6.7071,49.7556],[6.7136,49.7609]]]},"properties":{"id":"07235085","name":"Mertesdorf","subdivision":"Trier-Saarburg","cx":6.709,"cy":49.768}},
{"type":"Feature","geometry":{"type":"Polygon","coordinates":[[[6.6448,49.6342],[6.636,49.6374],[6.6235,49.6449],[6.6175,49.655],[6.611,49.6544],[6.6081,49.662],[6.6074,49.6721],[6.5921,49.6763],[6.5793,49.6736],[6.5875,49.6688],[6.5818,49.6516],[6.5746,49.6466],[6.5746,49.6413],[6.5882,49.6434],[6.5974,49.6423],[6.5973,49.6369],[6.6117,49.6349],[6.619,49.6306],[6.621,49.624],[6.6089,49.619],[6.6184,49.6129],[6.6317,49.6111],[6.6418,49.6139],[6.6519,49.6114],[6.6478,49.6151],[6.6515,49.6211],[6.6448,49.6342]]]},"properties":{"id":"07235148","name":"Wiltingen","subdivision":"Trier-Saarburg","cx":6.599,"cy":49.654}},
{"type":"Feature","geometry":{"type":"Polygon","coordinates":[[[6.7535,49.6828],[6.7719,49.689],[6.7849,49.6834],[6.7978,49.6842],[6.7926,49.6876],[6.8003,49.6935],[6.7847,49.6926],[6.7754,49.6964],[6.7664,49.6974],[6.7635,49.7008],[6.7576,49.6979],[6.7507,49.6989],[6.7493,49.6843],[6.7535,49.6828]]]},"properties":{"id":"07235010","name":"Bonerath","subdivision":"Trier-Saarburg","cx":6.763,"cy":49.692}},
{"type":"Feature","geometry":{"type":"Polygon","coordinates":[[[6.8585,49.7285],[6.8518,49.7327],[6.832,49.7346],[6.8278,49.7287],[6.8122,49.7286],[6.8125,49.7279],[6.818,49.7245],[6.8161,49.7183],[6.8224,49.7119],[6.8329,49.7098],[6.8593,49.7077],[6.8612,49.7139],[6.857,49.7266],[6.8585,49.7285]]]},"properties":{"id":"07235021","name":"Farschweiler","subdivision":"Trier-Saarburg","cx":6.839,"cy":49.721}},
{"type":"Feature","geometry":{"type":"Polygon","coordinates":[[[6.6965,49.71],[6.6946,49.7006],[6.7126,49.6955],[6.7265,49.6985],[6.7318,49.7034],[6.7311,49.7079],[6.7221,49.7076],[6.7217,49.7143],[6.7148,49.7171],[6.7128,49.7173],[6.7019,49.7171],[6.6965,49.71]]]},"properties":{"id":"07235037","name":"Gusterath","subdivision":"Trier-Saarburg","cx":6.712,"cy":49.706}},
{"type":"Feature","geometry":{"type":"Polygon","coordinates":[[[6.7318,49.7034],[6.7394,49.7069],[6.7417,49.7118],[6.7316,49.7188],[6.7379,49.7233],[6.7352,49.7274],[6.7148,49.7171],[6.7217,49.7143],[6.7221,49.7076],[6.7311,49.7079],[6.7318,49.7034]]]},"properties":{"id":"07235038","name":"Gutweiler","subdivision":"Trier-Saarburg","cx":6.729,"cy":49.714}},
{"type":"Feature","geometry":{"type":"Polygon","coordinates":[[[6.832,49.7346],[6.8302,49.7464],[6.8117,49.7513],[6.818,49.7427],[6.8098,49.7375],[6.8122,49.7286],[6.8278,49.7287],[6.832,49.7346]]]},"properties":{"id":"07235044","name":"Herl","subdivision":"Trier-Saarburg","cx":6.822,"cy":49.737}},
{"type":"Feature","geometry":{"type":"Polygon","coordinates":[[[6.7572,49.6532],[6.763,49.6652],[6.7437,49.6593],[6.7415,49.6627],[6.7283,49.6668],[6.7298,49.6713],[6.721,49.6726],[6.7236,49.6667],[6.7184,49.6631],[6.7237,49.6631],[6.7335,49.6584],[6.7401,49.6528],[6.7473,49.6508],[6.7572,49.6532]]]},"properties":{"id":"07235046","name":"Hinzenburg","subdivision":"Trier-Saarburg","cx":6.746,"cy":49.656}},
{"type":"Feature","geometry":{"type":"Polygon","coordinates":[[[6.7821,49.665],[6.806,49.6715],[6.8055,49.6783],[6.7978,49.6842],[6.7849,49.6834],[6.7719,49.689],[6.7535,49.6828],[6.7522,49.6778],[6.7599,49.6758],[6.7626,49.6704],[6.7737,49.6627],[6.7821,49.665]]]},"properties":{"id":"07235050","name":"Holzerath","subdivision":"Trier-Saarburg","cx":6.779,"cy":49.675}},
{"type":"Feature","geometry":{"type":"Polygon","coordinates":[[[6.7154,49.7482],[6.7227,49.7548],[6.7237,49.7603],[6.7359,49.7564],[6.7527,49.7556],[6.7551,49.7622],[6.7612,49.766],[6.7594,49.7679],[6.7519,49.7711],[6.7417,49.7703],[6.7284,49.7655],[6.7185,49.7687],[6.7136,49.7609],[6.7077,49.7514],[6.7154,49.7482]]]},"properties":{"id":"07235056","name":"Kasel","subdivision":"Trier-Saarburg","cx":6.741,"cy":49.763}},
{"type":"Feature","geometry":{"type":"Polygon","coordinates":[[[6.7128,49.7173],[6.7148,49.7171],[6.7352,49.7274],[6.7365,49.7289],[6.7347,49.7304],[6.7232,49.737],[6.7149,49.7339],[6.7164,49.728],[6.7128,49.7173]]]},"properties":{"id":"07235070","name":"Korlingen","subdivision":"Trier-Saarburg","cx":6.723,"cy":49.728}},
{"type":"Feature","geometry":{"type":"Polygon","coordinates":[[[6.8645,49.7503],[6.8468,49.7506],[6.8309,49.7475],[6.8302,49.7464],[6.832,49.7346],[6.8518,49.7327],[6.8585,49.7285],[6.8676,49.7295],[6.8683,49.7449],[6.8645,49.7503]]]},"properties":{"id":"07235080","name":"Lorscheid","subdivision":"Trier-Saarburg","cx":6.853,"cy":49.742}},
{"type":"Feature","geometry":{"type":"Polygon","coordinates":[[[7.6351,49.659],[7.6295,49.6602],[7.6151,49.6575],[7.6125,49.6514],[7.6145,49.641],[7.619,49.6437],[7.6335,49.642],[7.6326,49.6494],[7.6356,49.6561],[7.6351,49.659]]]},"properties":{"id":"07336013","name":"Cronenberg","subdivision":"Kusel","cx":7.624,"cy":49.651}},
{"type":"Feature","geometry":{"type":"Polygon","coordinates":[[[6.7347,49.7304],[6.7365,49.7289],[6.7422,49.7197],[6.7503,49.7169],[6.7417,49.7118],[6.7394,49.7069],[6.7519,49.7043],[6.7507,49.6989],[6.7576,49.6979],[6.7632,49.7019],[6.7609,49.7088],[6.763,49.715],[6.761,49.7267],[6.7555,49.7368],[6.7425,49.7389],[6.7347,49.7304]]]},"properties":{"id":"07235090","name":"Morscheid","subdivision":"Trier-Saarburg","cx":6.751,"cy":49.726}},
{"type":"Feature","geometry":{"type":"Polygon","coordinates":[[[6.7184,49.6631],[6.7236,49.6667],[6.721,49.6726],[6.7187,49.6761],[6.6993,49.6853],[6.6888,49.6823],[6.689,49.6699],[6.706,49.6624],[6.7184,49.6631]]]},"properties":{"id":"07235100","name":"Ollmuth","subdivision":"Trier-Saarburg","cx":6.705,"cy":49.673}},
{"type":"Feature","geometry":{"type":"Polygon","coordinates":[[[6.8593,49.7077],[6.8329,49.7098],[6.8224,49.7119],[6.8161,49.7183],[6.818,49.7245],[6.8125,49.7279],[6.8066,49.7267],[6.8003,49.7347],[6.7883,49.7365],[6.7869,49.7281],[6.77,49.7278],[6.7726,49.7182],[6.7706,49.7115],[6.7661,49.7091],[6.7635,49.7008],[6.7664,49.6974],[6.7754,49.6964],[6.7847,49.6926],[6.8003,49.6935],[6.7926,49.6876],[6.7978,49.6842],[6.8055,49.6783],[6.806,49.6715],[6.7821,49.665],[6.7952,49.6611],[6.7987,49.6611],[6.8152,49.6591],[6.8272,49.6625],[6.8422,49.6629],[6.8416,49.6685],[6.8496,49.6753],[6.8515,49.6878],[6.8587,49.6914],[6.8707,49.6938],[6.8593,49.6991],[6.8593,49.7077]]]},"properties":{"id":"07235103","name":"Osburg","subdivision":"Trier-Saarburg","cx":6.823,"cy":49.69}},
{"type":"Feature","geometry":{"type":"Polygon","coordinates":[[[6.6946,49.7006],[6.6933,49.6929],[6.6993,49.6853],[6.7187,49.6761],[6.7287,49.6771],[6.7301,49.6829],[6.7265,49.6985],[6.7126,49.6955],[6.6946,49.7006]]]},"properties":{"id":"07235107","name":"Pluwig","subdivision":"Trier-Saarburg","cx":6.716,"cy":49.687}},
{"type":"Feature","geometry":{"type":"Polygon","coordinates":[[[6.7635,49.7008],[6.7661,49.7091],[6.7706,49.7115],[6.7726,49.7182],[6.77,49.7278],[6.7675,49.7327],[6.7555,49.7368],[6.761,49.7267],[6.763,49.715],[6.7609,49.7088],[6.7632,49.7019],[6.7576,49.6979],[6.7635,49.7008]]]},"properties":{"id":"07235116","name":"Riveris","subdivision":"Trier-Saarburg","cx":6.766,"cy":49.721}},
{"type":"Feature","geometry":{"type":"Polygon","coordinates":[[[8.1444,49.7034],[8.1371,49.7016],[8.133,49.7059],[8.1245,49.7025],[8.1024,49.6983],[8.1038,49.6929],[8.111,49.6783],[8.1185,49.6812],[8.1487,49.6891],[8.156,49.6894],[8.1713,49.6931],[8.1817,49.696],[8.1858,49.7001],[8.1774,49.6981],[8.1704,49.7007],[8.1486,49.6974],[8.1444,49.7034]]]},"properties":{"id":"07331024","name":"Flomborn","subdivision":"Alzey-Worms","cx":8.132,"cy":49.694}},
{"type":"Feature","geometry":{"type":"Polygon","coordinates":[[[6.762,49.657],[6.7665,49.6586],[6.7737,49.6627],[6.7626,49.6704],[6.7599,49.6758],[6.7522,49.6778],[6.7535,49.6828],[6.7493,49.6843],[6.7507,49.6989],[6.7519,49.7043],[6.7394,49.7069],[6.7318,49.7034],[6.7265,49.6985],[6.7301,49.6829],[6.7287,49.6771],[6.7187,49.6761],[6.721,49.6726],[6.7298,49.6713],[6.7283,49.6668],[6.7415,49.6627],[6.7437,49.6593],[6.763,49.6652],[6.7572,49.6532],[6.762,49.657]]]},"properties":{"id":"07235124","name":"Schöndorf","subdivision":"Trier-Saarburg","cx":6.741,"cy":49.678}},
{"type":"Feature","geometry":{"type":"Polygon","coordinates":[[[6.7417,49.7118],[6.7503,49.7169],[6.7422,49.7197],[6.7365,49.7289],[6.7352,49.7274],[6.7379,49.7233],[6.7316,49.7188],[6.7417,49.7118]]]},"properties":{"id":"07235129","name":"Sommerau","subdivision":"Trier-Saarburg","cx":6.739,"cy":49.718}},
{"type":"Feature","geometry":{"type":"Polygon","coordinates":[[[6.8122,49.7286],[6.8098,49.7375],[6.818,49.7427],[6.8117,49.7513],[6.8003,49.7529],[6.7886,49.7576],[6.785,49.7511],[6.7883,49.7365],[6.8003,49.7347],[6.8066,49.7267],[6.8125,49.7279],[6.8122,49.7286]]]},"properties":{"id":"07235135","name":"Thomm","subdivision":"Trier-Saarburg","cx":6.8,"cy":49.743}},
{"type":"Feature","geometry":{"type":"Polygon","coordinates":[[[6.7425,49.7389],[6.7555,49.7368],[6.7675,49.7327],[6.77,49.7278],[6.7869,49.7281],[6.7883,49.7365],[6.785,49.7511],[6.7826,49.7554],[6.7612,49.766],[6.7551,49.7622],[6.7527,49.7556],[6.7359,49.7564],[6.7237,49.7603],[6.7227,49.7548],[6.7154,49.7482],[6.7298,49.7384],[6.7425,49.7389]]]},"properties":{"id":"07235141","name":"Waldrach","subdivision":"Trier-Saarburg","cx":6.763,"cy":49.748}},
{"type":"Feature","geometry":{"type":"Polygon","coordinates":[[[6.559,49.6457],[6.5342,49.6419],[6.5281,49.6368],[6.5296,49.629],[6.5448,49.6226],[6.5682,49.6229],[6.5741,49.6277],[6.5727,49.6388],[6.5746,49.6413],[6.5746,49.6466],[6.559,49.6457]]]},"properties":{"id":"07235002","name":"Ayl","subdivision":"Trier-Saarburg","cx":6.553,"cy":49.634}},
{"type":"Feature","geometry":{"type":"Polygon","coordinates":[[[6.5317,49.5642],[6.5228,49.5562],[6.5072,49.5487],[6.5082,49.5437],[6.5149,49.5351],[6.5149,49.5292],[6.5229,49.5283],[6.5386,49.5395],[6.5548,49.536],[6.564,49.5406],[6.5697,49.5428],[6.57,49.5482],[6.5764,49.551],[6.5792,49.5609],[6.5692,49.5561],[6.5647,49.5594],[6.5561,49.555],[6.5415,49.5543],[6.5405,49.5633],[6.5346,49.5647],[6.5317,49.5642]]]},"properties":{"id":"07235028","name":"Freudenburg","subdivision":"Trier-Saarburg","cx":6.533,"cy":49.548}},
{"type":"Feature","geometry":{"type":"Polygon","coordinates":[[[6.6503,49.5706],[6.6505,49.5825],[6.6409,49.5855],[6.6302,49.5937],[6.6306,49.5981],[6.6397,49.5978],[6.6445,49.6035],[6.6405,49.6094],[6.6519,49.6114],[6.6418,49.6139],[6.6317,49.6111],[6.6184,49.6129],[6.6089,49.619],[6.6047,49.6203],[6.5927,49.6148],[6.573,49.6186],[6.5798,49.6127],[6.5914,49.5932],[6.6089,49.5886],[6.6221,49.5878],[6.6361,49.5732],[6.629,49.5689],[6.6418,49.5627],[6.6491,49.5562],[6.6535,49.5656],[6.6503,49.5706]]]},"properties":{"id":"07235052","name":"Irsch","subdivision":"Trier-Saarburg","cx":6.613,"cy":49.601}},
{"type":"Feature","geometry":{"type":"Polygon","coordinates":[[[6.5792,49.5609],[6.5835,49.5649],[6.5751,49.5674],[6.5652,49.5752],[6.5536,49.5739],[6.5487,49.5765],[6.5467,49.5725],[6.5346,49.5647],[6.5405,49.5633],[6.5415,49.5543],[6.5561,49.555],[6.5647,49.5594],[6.5692,49.5561],[6.5792,49.5609]]]},"properties":{"id":"07235057","name":"Kastel-Staadt","subdivision":"Trier-Saarburg","cx":6.557,"cy":49.565}},
{"type":"Feature","geometry":{"type":"Polygon","coordinates":[[[6.5317,49.5642],[6.5201,49.5689],[6.5132,49.5673],[6.4934,49.5662],[6.4898,49.5645],[6.4792,49.5686],[6.4667,49.562],[6.4501,49.5658],[6.4321,49.5638],[6.4284,49.5622],[6.4221,49.5528],[6.4245,49.5477],[6.4303,49.549],[6.4495,49.542],[6.4527,49.5384],[6.4636,49.5441],[6.4767,49.5417],[6.4873,49.5329],[6.4941,49.5306],[6.5076,49.5353],[6.5149,49.5351],[6.5082,49.5437],[6.5072,49.5487],[6.5228,49.5562],[6.5317,49.5642]]]},"properties":{"id":"07235062","name":"Kirf","subdivision":"Trier-Saarburg","cx":6.487,"cy":49.551}},
{"type":"Feature","geometry":{"type":"Polygon","coordinates":[[[6.5207,49.6214],[6.5296,49.629],[6.5281,49.6368],[6.5216,49.6434],[6.5084,49.6452],[6.4944,49.6448],[6.4844,49.6315],[6.4823,49.6282],[6.4865,49.6293],[6.5207,49.6214]]]},"properties":{"id":"07235082","name":"Mannebach (Trier-Saarburg)","subdivision":"Trier-Saarburg","cx":6.508,"cy":49.634}},
{"type":"Feature","geometry":{"type":"Polygon","coordinates":[[[6.5682,49.6229],[6.573,49.6186],[6.5927,49.6148],[6.6047,49.6203],[6.6009,49.6205],[6.5894,49.6295],[6.5741,49.6277],[6.5682,49.6229]]]},"properties":{"id":"07235098","name":"Ockfen","subdivision":"Trier-Saarburg","cx":6.585,"cy":49.622}},
{"type":"Feature","geometry":{"type":"Polygon","coordinates":[[[6.5047,49.6041],[6.4999,49.5969],[6.4857,49.5891],[6.49,49.5876],[6.5042,49.5891],[6.5151,49.5856],[6.5227,49.5885],[6.5384,49.5986],[6.5472,49.5957],[6.557,49.5862],[6.5537,49.5837],[6.5601,49.5819],[6.5682,49.5852],[6.5654,49.5918],[6.5707,49.5934],[6.6036,49.5861],[6.6221,49.5878],[6.6089,49.5886],[6.5914,49.5932],[6.5798,49.6127],[6.573,49.6186],[6.5682,49.6229],[6.5448,49.6226],[6.5296,49.629],[6.5207,49.6214],[6.5229,49.6169],[6.5137,49.613],[6.5134,49.6094],[6.5047,49.6041]]]},"properties":{"id":"07235118","name":"Saarburg","subdivision":"Trier-Saarburg","cx":6.555,"cy":49.608}},
{"type":"Feature","geometry":{"type":"Polygon","coordinates":[[[6.5746,49.6413],[6.5727,49.6388],[6.5741,49.6277],[6.5894,49.6295],[6.6009,49.6205],[6.6047,49.6203],[6.6089,49.619],[6.621,49.624],[6.619,49.6306],[6.6117,49.6349],[6.5973,49.6369],[6.5974,49.6423],[6.5882,49.6434],[6.5746,49.6413]]]},"properties":{"id":"07235122","name":"Schoden","subdivision":"Trier-Saarburg","cx":6.601,"cy":49.629}},
{"type":"Feature","geometry":{"type":"Polygon","coordinates":[[[6.7213,49.7929],[6.7326,49.7926],[6.7488,49.8095],[6.7465,49.8135],[6.7313,49.8112],[6.7008,49.8031],[6.7029,49.7931],[6.7116,49.7958],[6.7213,49.7929]]]},"properties":{"id":"07235060","name":"Kenn","subdivision":"Trier-Saarburg","cx":6.725,"cy":49.801}},
{"type":"Feature","geometry":{"type":"Polygon","coordinates":[[[6.6491,49.5562],[6.6418,49.5627],[6.629,49.5689],[6.6361,49.5732],[6.6221,49.5878],[6.6036,49.5861],[6.5707,49.5934],[6.5654,49.5918],[6.5682,49.5852],[6.5601,49.5819],[6.5537,49.5837],[6.5487,49.5765],[6.5536,49.5739],[6.5652,49.5752],[6.5751,49.5674],[6.5835,49.5649],[6.5966,49.5684],[6.6089,49.5684],[6.6069,49.5623],[6.5987,49.5597],[6.5959,49.5538],[6.604,49.5495],[6.6163,49.5476],[6.6309,49.551],[6.6374,49.5467],[6.6504,49.5495],[6.6528,49.5509],[6.6491,49.5562]]]},"properties":{"id":"07235126","name":"Serrig","subdivision":"Trier-Saarburg","cx":6.617,"cy":49.576}},
{"type":"Feature","geometry":{"type":"Polygon","coordinates":[[[6.564,49.5406],[6.5742,49.5344],[6.5794,49.5288],[6.5797,49.5222],[6.5884,49.5175],[6.6036,49.518],[6.6104,49.5221],[6.6063,49.528],[6.6192,49.5287],[6.6179,49.5359],[6.636,49.5419],[6.646,49.5391],[6.6515,49.544],[6.6504,49.5495],[6.6374,49.5467],[6.6309,49.551],[6.6163,49.5476],[6.604,49.5495],[6.5959,49.5538],[6.5987,49.5597],[6.6069,49.5623],[6.6089,49.5684],[6.5966,49.5684],[6.5835,49.5649],[6.5792,49.5609],[6.5764,49.551],[6.57,49.5482],[6.5697,49.5428],[6.564,49.5406]]]},"properties":{"id":"07235131","name":"Taben-Rodt","subdivision":"Trier-Saarburg","cx":6.596,"cy":49.538}},
{"type":"Feature","geometry":{"type":"Polygon","coordinates":[[[6.5346,49.5647],[6.5467,49.5725],[6.5487,49.5765],[6.5537,49.5837],[6.557,49.5862],[6.5472,49.5957],[6.5384,49.5986],[6.5227,49.5885],[6.5151,49.5856],[6.5089,49.581],[6.5073,49.5747],[6.5201,49.5689],[6.5317,49.5642],[6.5346,49.5647]]]},"properties":{"id":"07235136","name":"Trassem","subdivision":"Trier-Saarburg","cx":6.533,"cy":49.581}},
{"type":"Feature","geometry":{"type":"Polygon","coordinates":[[[6.468,49.6078],[6.4626,49.5967],[6.4658,49.5913],[6.457,49.5904],[6.4405,49.5814],[6.4366,49.5746],[6.4286,49.5702],[6.4321,49.5638],[6.4501,49.5658],[6.4667,49.562],[6.4792,49.5686],[6.4898,49.5645],[6.4934,49.5662],[6.5132,49.5673],[6.5201,49.5689],[6.5073,49.5747],[6.5089,49.581],[6.5151,49.5856],[6.5042,49.5891],[6.49,49.5876],[6.4857,49.5891],[6.4999,49.5969],[6.5047,49.6041],[6.4958,49.6059],[6.468,49.6078]]]},"properties":{"id":"07235154","name":"Merzkirchen","subdivision":"Trier-Saarburg","cx":6.475,"cy":49.582}},
{"type":"Feature","geometry":{"type":"Polygon","coordinates":[[[6.7981,49.8517],[6.7895,49.8434],[6.79,49.8356],[6.7949,49.8317],[6.803,49.8364],[6.8045,49.8469],[6.8117,49.8488],[6.8257,49.8436],[6.8301,49.8479],[6.8203,49.8501],[6.8231,49.859],[6.8142,49.8621],[6.8043,49.8542],[6.7981,49.8517]]]},"properties":{"id":"07235004","name":"Bekond","subdivision":"Trier-Saarburg","cx":6.815,"cy":49.854}},
{"type":"Feature","geometry":{"type":"Polygon","coordinates":[[[6.8788,49.7834],[6.8716,49.7899],[6.8692,49.7975],[6.8593,49.811],[6.8563,49.8235],[6.8581,49.8283],[6.8454,49.8293],[6.8377,49.8267],[6.8428,49.8171],[6.8446,49.8122],[6.8581,49.8013],[6.8611,49.7908],[6.8584,49.7847],[6.8534,49.7816],[6.8584,49.7773],[6.8663,49.7782],[6.8754,49.7796],[6.8788,49.7834]]]},"properties":{"id":"07235015","name":"Detzem","subdivision":"Trier-Saarburg","cx":6.851,"cy":49.815}},
{"type":"Feature","geometry":{"type":"Polygon","coordinates":[[[6.803,49.8364],[6.804,49.8278],[6.8094,49.8182],[6.8278,49.816],[6.8357,49.8197],[6.8428,49.8171],[6.8377,49.8267],[6.8349,49.8361],[6.8257,49.8436],[6.8117,49.8488],[6.8045,49.8469],[6.803,49.8364]]]},"properties":{"id":"07235019","name":"Ensch","subdivision":"Trier-Saarburg","cx":6.82,"cy":49.831}},
{"type":"Feature","geometry":{"type":"Polygon","coordinates":[[[6.7594,49.7679],[6.7612,49.766],[6.7826,49.7554],[6.785,49.7511],[6.7886,49.7576],[6.8003,49.7529],[6.8117,49.7513],[6.8302,49.7464],[6.8309,49.7475],[6.8296,49.7576],[6.8356,49.7689],[6.8339,49.7754],[6.8303,49.7768],[6.8182,49.7742],[6.7895,49.7785],[6.7782,49.7958],[6.7667,49.7931],[6.7654,49.7877],[6.7575,49.7817],[6.7594,49.7679]]]},"properties":{"id":"07235022","name":"Fell","subdivision":"Trier-Saarburg","cx":6.778,"cy":49.772}},
{"type":"Feature","geometry":{"type":"Polygon","coordinates":[[[6.7604,49.8788],[6.7521,49.8685],[6.7393,49.8672],[6.733,49.8641],[6.7495,49.8579],[6.7469,49.8533],[6.7569,49.8489],[6.7891,49.8514],[6.7947,49.8539],[6.7971,49.861],[6.7846,49.8776],[6.7669,49.8797],[6.7604,49.8788]]]},"properties":{"id":"07235026","name":"Föhren","subdivision":"Trier-Saarburg","cx":6.769,"cy":49.863}},
{"type":"Feature","geometry":{"type":"Polygon","coordinates":[[[6.8715,49.8798],[6.8659,49.8741],[6.8677,49.8652],[6.8515,49.8624],[6.8463,49.8669],[6.8385,49.864],[6.8266,49.8628],[6.8231,49.859],[6.8203,49.8501],[6.8301,49.8479],[6.8341,49.8404],[6.846,49.8392],[6.8557,49.8405],[6.8664,49.8431],[6.8831,49.8401],[6.8861,49.8472],[6.8845,49.8594],[6.8771,49.8628],[6.8779,49.8692],[6.8719,49.873],[6.8715,49.8798]]]},"properties":{"id":"07235063","name":"Klüsserath","subdivision":"Trier-Saarburg","cx":6.849,"cy":49.851}},
{"type":"Feature","geometry":{"type":"Polygon","coordinates":[[[6.8557,49.8405],[6.8572,49.8367],[6.8663,49.829],[6.876,49.833],[6.8867,49.8325],[6.8831,49.8401],[6.8664,49.8431],[6.8557,49.8405]]]},"properties":{"id":"07235067","name":"Köwerich","subdivision":"Trier-Saarburg","cx":6.87,"cy":49.837}},
{"type":"Feature","geometry":{"type":"Polygon","coordinates":[[[6.8984,49.7915],[6.9049,49.8033],[6.9127,49.8074],[6.9021,49.8168],[6.8958,49.8152],[6.887,49.8192],[6.8893,49.8247],[6.8867,49.8325],[6.876,49.833],[6.8663,49.829],[6.8572,49.8367],[6.8581,49.8283],[6.8563,49.8235],[6.8593,49.811],[6.8692,49.7975],[6.8716,49.7899],[6.8788,49.7834],[6.8969,49.7881],[6.8984,49.7915]]]},"properties":{"id":"07235074","name":"Leiwen","subdivision":"Trier-Saarburg","cx":6.882,"cy":49.805}},
{"type":"Feature","geometry":{"type":"Polygon","coordinates":[[[6.7871,49.8203],[6.7817,49.8152],[6.7884,49.8097],[6.7845,49.8074],[6.7851,49.8031],[6.7883,49.8017],[6.7942,49.8066],[6.7927,49.8124],[6.7875,49.8148],[6.7871,49.8203]]]},"properties":{"id":"07235077","name":"Longen","subdivision":"Trier-Saarburg","cx":6.791,"cy":49.808}},
{"type":"Feature","geometry":{"type":"Polygon","coordinates":[[[6.7465,49.8135],[6.7488,49.8095],[6.7326,49.7926],[6.7213,49.7929],[6.7266,49.7915],[6.7323,49.784],[6.7391,49.7833],[6.7575,49.7817],[6.7654,49.7877],[6.7667,49.7931],[6.7782,49.7958],[6.7851,49.8031],[6.7845,49.8074],[6.7749,49.8136],[6.7617,49.8149],[6.7464,49.8143],[6.7465,49.8135]]]},"properties":{"id":"07235078","name":"Longuich","subdivision":"Trier-Saarburg","cx":6.756,"cy":49.799}},
{"type":"Feature","geometry":{"type":"Polygon","coordinates":[[[6.8702,49.7505],[6.8725,49.7586],[6.8657,49.7684],[6.8663,49.7782],[6.8584,49.7773],[6.8534,49.7816],[6.8584,49.7847],[6.8492,49.7896],[6.835,49.8056],[6.8243,49.8109],[6.8094,49.8182],[6.804,49.8278],[6.803,49.8364],[6.7949,49.8317],[6.7824,49.8234],[6.7871,49.8203],[6.7875,49.8148],[6.7927,49.8124],[6.7942,49.8066],[6.7883,49.8017],[6.816,49.7927],[6.8102,49.7872],[6.8167,49.7801],[6.8325,49.7798],[6.8339,49.7754],[6.8356,49.7689],[6.8296,49.7576],[6.8309,49.7475],[6.8468,49.7506],[6.8645,49.7503],[6.8702,49.7505]]]},"properties":{"id":"07235083","name":"Mehring","subdivision":"Trier-Saarburg","cx":6.849,"cy":49.768}},
{"type":"Feature","geometry":{"type":"Polygon","coordinates":[[[6.7449,49.8884],[6.7321,49.8794],[6.7255,49.8753],[6.733,49.8641],[6.7393,49.8672],[6.7521,49.8685],[6.7604,49.8788],[6.763,49.8915],[6.7555,49.8926],[6.7449,49.8884]]]},"properties":{"id":"07235091","name":"Naurath (Eifel)","subdivision":"Trier-Saarburg","cx":6.746,"cy":49.878}},
{"type":"Feature","geometry":{"type":"Polygon","coordinates":[[[6.8446,49.8122],[6.8409,49.8089],[6.8243,49.8109],[6.835,49.8056],[6.8492,49.7896],[6.8584,49.7847],[6.8611,49.7908],[6.8581,49.8013],[6.8446,49.8122]]]},"properties":{"id":"07235108","name":"Pölich","subdivision":"Trier-Saarburg","cx":6.848,"cy":49.8}},
{"type":"Feature","geometry":{"type":"Polygon","coordinates":[[[6.8339,49.7754],[6.8325,49.7798],[6.8167,49.7801],[6.8102,49.7872],[6.816,49.7927],[6.7883,49.8017],[6.7851,49.8031],[6.7782,49.7958],[6.7895,49.7785],[6.8182,49.7742],[6.8303,49.7768],[6.8339,49.7754]]]},"properties":{"id":"07235115","name":"Riol","subdivision":"Trier-Saarburg","cx":6.801,"cy":49.787}},
{"type":"Feature","geometry":{"type":"Polygon","coordinates":[[[6.8428,49.8171],[6.8357,49.8197],[6.8278,49.816],[6.8094,49.8182],[6.8243,49.8109],[6.8409,49.8089],[6.8446,49.8122],[6.8428,49.8171]]]},"properties":{"id":"07235120","name":"Schleich","subdivision":"Trier-Saarburg","cx":6.834,"cy":49.814}},
{"type":"Feature","geometry":{"type":"Polygon","coordinates":[[[6.6355,49.8028],[6.6403,49.8074],[6.6385,49.8205],[6.6331,49.8251],[6.6179,49.8302],[6.6067,49.8249],[6.5979,49.8258],[6.5977,49.8193],[6.5846,49.8235],[6.5749,49.8214],[6.5694,49.8268],[6.5675,49.8149],[6.5708,49.8089],[6.5671,49.8018],[6.5682,49.7956],[6.5641,49.7922],[6.5648,49.7924],[6.578,49.7916],[6.5899,49.7998],[6.5993,49.7997],[6.6045,49.7967],[6.6166,49.7992],[6.6232,49.795],[6.6292,49.785],[6.632,49.7936],[6.6362,49.7969],[6.6355,49.8028]]]},"properties":{"id":"07235094","name":"Newel","subdivision":"Trier-Saarburg","cx":6.609,"cy":49.811}},
{"type":"Feature","geometry":{"type":"Polygon","coordinates":[[[6.7464,49.8143],[6.7617,49.8149],[6.7749,49.8136],[6.7845,49.8074],[6.7884,49.8097],[6.7817,49.8152],[6.7871,49.8203],[6.7824,49.8234],[6.7949,49.8317],[6.79,49.8356],[6.7895,49.8434],[6.7981,49.8517],[6.7947,49.8539],[6.7891,49.8514],[6.7569,49.8489],[6.7469,49.8533],[6.7495,49.8579],[6.733,49.8641],[6.7255,49.8753],[6.7321,49.8794],[6.7239,49.8812],[6.7124,49.8761],[6.709,49.8705],[6.6911,49.863],[6.6909,49.8577],[6.6953,49.8516],[6.7049,49.8447],[6.7034,49.8412],[6.7113,49.8337],[6.7068,49.8282],[6.7135,49.8211],[6.7261,49.8203],[6.7411,49.8142],[6.7464,49.8143]]]},"properties":{"id":"07235125","name":"Schweich","subdivision":"Trier-Saarburg","cx":6.739,"cy":49.836}},
{"type":"Feature","geometry":{"type":"Polygon","coordinates":[[[6.8257,49.8436],[6.8349,49.8361],[6.8377,49.8267],[6.8454,49.8293],[6.8581,49.8283],[6.8572,49.8367],[6.8557,49.8405],[6.846,49.8392],[6.8341,49.8404],[6.8301,49.8479],[6.8257,49.8436]]]},"properties":{"id":"07235134","name":"Thörnich","subdivision":"Trier-Saarburg","cx":6.844,"cy":49.834}},
{"type":"Feature","geometry":{"type":"Polygon","coordinates":[[[6.8861,49.8472],[6.8831,49.8401],[6.8867,49.8325],[6.8893,49.8247],[6.887,49.8192],[6.8958,49.8152],[6.9021,49.8168],[6.9127,49.8074],[6.9237,49.803],[6.9371,49.8063],[6.9436,49.8052],[6.9484,49.8182],[6.9382,49.8262],[6.9299,49.8238],[6.9127,49.8274],[6.9011,49.8318],[6.8935,49.8431],[6.8861,49.8472]]]},"properties":{"id":"07235207","name":"Trittenheim","subdivision":"Trier-Saarburg","cx":6.916,"cy":49.817}},
{"type":"Feature","geometry":{"type":"Polygon","coordinates":[[[6.6292,49.785],[6.6232,49.795],[6.6166,49.7992],[6.6045,49.7967],[6.5993,49.7997],[6.5899,49.7998],[6.578,49.7916],[6.5648,49.7924],[6.5676,49.7864],[6.5768,49.7792],[6.5893,49.7767],[6.6021,49.7796],[6.5978,49.7852],[6.6211,49.7831],[6.6292,49.785]]]},"properties":{"id":"07235001","name":"Aach","subdivision":"Trier-Saarburg","cx":6.59,"cy":49.789}},
{"type":"Feature","geometry":{"type":"Polygon","coordinates":[[[6.6517,49.7024],[6.6483,49.6955],[6.6546,49.6891],[6.6674,49.6893],[6.6707,49.6845],[6.679,49.6851],[6.6888,49.6823],[6.6993,49.6853],[6.6933,49.6929],[6.6881,49.6906],[6.6788,49.7022],[6.6793,49.7077],[6.6687,49.7087],[6.6658,49.713],[6.6573,49.7115],[6.6517,49.7024]]]},"properties":{"id":"07235027","name":"Franzenheim","subdivision":"Trier-Saarburg","cx":6.67,"cy":49.699}},
{"type":"Feature","geometry":{"type":"Polygon","coordinates":[[[6.6793,49.7077],[6.6788,49.7022],[6.6881,49.6906],[6.6933,49.6929],[6.6946,49.7006],[6.6965,49.71],[6.6844,49.7105],[6.6793,49.7077]]]},"properties":{"id":"07235048","name":"Hockweiler","subdivision":"Trier-Saarburg","cx":6.688,"cy":49.702}},
{"type":"Feature","geometry":{"type":"Polygon","coordinates":[[[6.5542,49.7398],[6.5466,49.7429],[6.5398,49.7399],[6.5326,49.7349],[6.5258,49.7219],[6.5256,49.7136],[6.5352,49.7127],[6.5598,49.7018],[6.5623,49.7132],[6.5572,49.7186],[6.5529,49.7286],[6.558,49.7348],[6.5542,49.7398]]]},"properties":{"id":"07235051","name":"Igel","subdivision":"Trier-Saarburg","cx":6.543,"cy":49.722}},
{"type":"Feature","geometry":{"type":"Polygon","coordinates":[[[6.6796,49.8544],[6.6671,49.8577],[6.6505,49.8588],[6.6398,49.8704],[6.6334,49.857],[6.6368,49.8461],[6.6297,49.8426],[6.6208,49.8451],[6.624,49.8345],[6.6097,49.8344],[6.6009,49.8283],[6.5966,49.8289],[6.5846,49.8235],[6.5977,49.8193],[6.5979,49.8258],[6.6067,49.8249],[6.6179,49.8302],[6.6331,49.8251],[6.6385,49.8205],[6.6403,49.8074],[6.6355,49.8028],[6.6474,49.8067],[6.6571,49.8133],[6.6602,49.8234],[6.6723,49.8443],[6.6735,49.8534],[6.6796,49.8544]]]},"properties":{"id":"07235069","name":"Kordel","subdivision":"Trier-Saarburg","cx":6.646,"cy":49.835}},
{"type":"Feature","geometry":{"type":"Polygon","coordinates":[[[8.1348,49.7938],[8.1443,49.794],[8.1526,49.785],[8.1573,49.7863],[8.1836,49.7989],[8.1774,49.8064],[8.1736,49.8151],[8.1569,49.81],[8.1417,49.8046],[8.1406,49.7987],[8.1348,49.7938]]]},"properties":{"id":"07331010","name":"Biebelnheim","subdivision":"Alzey-Worms","cx":8.16,"cy":49.8}},
{"type":"Feature","geometry":{"type":"Polygon","coordinates":[[[6.5893,49.7767],[6.5768,49.7792],[6.5676,49.7864],[6.5648,49.7924],[6.5641,49.7922],[6.5482,49.7869],[6.543,49.7815],[6.5271,49.7759],[6.5297,49.7649],[6.5353,49.763],[6.5337,49.7568],[6.5439,49.756],[6.5472,49.7456],[6.5398,49.7399],[6.5466,49.7429],[6.5542,49.7398],[6.5605,49.7452],[6.5788,49.7573],[6.5955,49.7547],[6.6068,49.7606],[6.6156,49.7622],[6.6127,49.7682],[6.593,49.7722],[6.5893,49.7767]]]},"properties":{"id":"07235137","name":"Trierweiler","subdivision":"Trier-Saarburg","cx":6.563,"cy":49.768}},
{"type":"Feature","geometry":{"type":"Polygon","coordinates":[[[6.6909,49.8577],[6.6911,49.863],[6.709,49.8705],[6.7124,49.8761],[6.7239,49.8812],[6.722,49.8926],[6.7119,49.9048],[6.6968,49.9146],[6.6912,49.9107],[6.6817,49.91],[6.6797,49.903],[6.6671,49.8926],[6.6518,49.8893],[6.6366,49.8787],[6.6363,49.8757],[6.6398,49.8704],[6.6505,49.8588],[6.6671,49.8577],[6.6796,49.8544],[6.6909,49.8577]]]},"properties":{"id":"07235151","name":"Zemmer","subdivision":"Trier-Saarburg","cx":6.683,"cy":49.881}},
{"type":"Feature","geometry":{"type":"Polygon","coordinates":[[[6.5968,49.8945],[6.5938,49.8901],[6.5849,49.886],[6.5849,49.8733],[6.5793,49.8677],[6.5709,49.8688],[6.5578,49.8644],[6.5425,49.8628],[6.5334,49.8581],[6.5253,49.8532],[6.5324,49.8481],[6.531,49.8383],[6.5335,49.8323],[6.5537,49.8252],[6.5694,49.8268],[6.5749,49.8214],[6.5846,49.8235],[6.5966,49.8289],[6.6009,49.8283],[6.6097,49.8344],[6.624,49.8345],[6.6208,49.8451],[6.6297,49.8426],[6.6368,49.8461],[6.6334,49.857],[6.6398,49.8704],[6.6363,49.8757],[6.6297,49.8769],[6.6193,49.8832],[6.6067,49.8784],[6.6002,49.8812],[6.6005,49.8863],[6.6061,49.8923],[6.6049,49.8966],[6.5998,49.8965],[6.5968,49.8945]]]},"properties":{"id":"07235501","name":"Welschbillig","subdivision":"Trier-Saarburg","cx":6.588,"cy":49.849}},
{"type":"Feature","geometry":{"type":"Polygon","coordinates":[[[8.3096,49.4852],[8.3456,49.4903],[8.3691,49.4994],[8.3694,49.5084],[8.3822,49.5198],[8.3754,49.5218],[8.3794,49.539],[8.3848,49.5409],[8.393,49.5501],[8.399,49.5445],[8.4149,49.5438],[8.4231,49.5418],[8.4142,49.556],[8.4165,49.5664],[8.4227,49.5742],[8.4135,49.5769],[8.3923,49.5752],[8.3839,49.5681],[8.3768,49.5655],[8.3693,49.5696],[8.3546,49.568],[8.3565,49.5611],[8.3426,49.5581],[8.3376,49.5505],[8.3129,49.5498],[8.3137,49.5455],[8.3223,49.5394],[8.3173,49.5329],[8.312,49.5333],[8.3094,49.523],[8.3132,49.5175],[8.3134,49.5068],[8.3087,49.5019],[8.3096,49.4852]]]},"properties":{"id":"07311000","name":"Frankenthal (Pfalz)","subdivision":"Frankenthal (Pfalz)","cx":8.351,"cy":49.528}},
{"type":"Feature","geometry":{"type":"Polygon","coordinates":[[[8.3096,49.4852],[8.2991,49.4813],[8.3009,49.4722],[8.3057,49.4728],[8.3116,49.4601],[8.319,49.4591],[8.3235,49.4614],[8.347,49.4673],[8.3575,49.471],[8.3588,49.4632],[8.3638,49.4628],[8.3669,49.4562],[8.3775,49.4433],[8.3835,49.4399],[8.3849,49.4342],[8.3944,49.4283],[8.4064,49.4306],[8.4114,49.4267],[8.4207,49.433],[8.4264,49.4318],[8.4465,49.439],[8.4594,49.4358],[8.4762,49.4401],[8.4725,49.4435],[8.4555,49.4438],[8.4427,49.4502],[8.4416,49.4548],[8.4473,49.461],[8.4624,49.4663],[8.4629,49.4729],[8.4571,49.4798],[8.4453,49.4895],[8.4231,49.5418],[8.4149,49.5438],[8.399,49.5445],[8.393,49.5501],[8.3848,49.5409],[8.3794,49.539],[8.3754,49.5218],[8.3822,49.5198],[8.3694,49.5084],[8.3691,49.4994],[8.3456,49.4903],[8.3096,49.4852]]]},"properties":{"id":"07314000","name":"Ludwigshafen am Rhein","subdivision":"Ludwigshafen a. Rh.","cx":8.401,"cy":49.479}},
{"type":"Feature","geometry":{"type":"Polygon","coordinates":[[[8.0594,49.7632],[8.0659,49.7656],[8.0662,49.7712],[8.0711,49.7813],[8.0822,49.7958],[8.0807,49.7998],[8.0688,49.7977],[8.0596,49.7893],[8.0496,49.7841],[8.0515,49.7762],[8.0572,49.7722],[8.0491,49.7694],[8.0594,49.7632]]]},"properties":{"id":"07331012","name":"Bornheim (Alzey-Worms)","subdivision":"Alzey-Worms","cx":8.063,"cy":49.782}},
{"type":"Feature","geometry":{"type":"Polygon","coordinates":[[[8.0491,49.7694],[8.0311,49.7716],[8.0206,49.7742],[8.0136,49.7691],[8.0015,49.7597],[8.0066,49.7527],[8.0145,49.7516],[8.023,49.7387],[8.0404,49.744],[8.046,49.7502],[8.0517,49.7497],[8.0578,49.7556],[8.0594,49.7632],[8.0491,49.7694]]]},"properties":{"id":"07331021","name":"Erbes-Büdesheim","subdivision":"Alzey-Worms","cx":8.031,"cy":49.758}},
{"type":"Feature","geometry":{"type":"Polygon","coordinates":[[[7.7406,49.3919],[7.7515,49.3956],[7.7693,49.395],[7.7759,49.3885],[7.7953,49.3801],[7.8046,49.3722],[7.8156,49.3684],[7.8165,49.3638],[7.8305,49.3586],[7.8405,49.3589],[7.8488,49.3622],[7.847,49.3665],[7.8287,49.3722],[7.8247,49.3782],[7.8173,49.3832],[7.8182,49.39],[7.8152,49.3957],[7.8305,49.396],[7.8442,49.3989],[7.8467,49.4016],[7.8691,49.4084],[7.8707,49.4214],[7.8611,49.4433],[7.8559,49.4447],[7.8582,49.4516],[7.8439,49.4651],[7.8274,49.4625],[7.8134,49.462],[7.8012,49.4677],[7.7998,49.4737],[7.8066,49.4778],[7.8021,49.4818],[7.798,49.4856],[7.7879,49.4851],[7.7794,49.4901],[7.7729,49.4878],[7.7641,49.4907],[7.7574,49.4886],[7.7537,49.482],[7.7555,49.476],[7.7377,49.4729],[7.7351,49.4767],[7.7197,49.4895],[7.7034,49.4948],[7.6818,49.4879],[7.6801,49.4794],[7.6829,49.4742],[7.6769,49.469],[7.6824,49.4598],[7.6935,49.4538],[7.7003,49.4531],[7.7028,49.4423],[7.671,49.4494],[7.6548,49.4467],[7.6348,49.4467],[7.6348,49.4368],[7.6312,49.4354],[7.6267,49.4338],[7.6299,49.4252],[7.6496,49.4299],[7.6534,49.4248],[7.6617,49.4264],[7.6683,49.4186],[7.6775,49.4084],[7.6786,49.3983],[7.6921,49.3948],[7.6914,49.3875],[7.6987,49.3852],[7.7094,49.3938],[7.7213,49.3946],[7.7406,49.3919]]]},"properties":{"id":"07312000","name":"Kaiserslautern","subdivision":"Kaiserslautern","cx":7.76,"cy":49.433}},
{"type":"Feature","geometry":{"type":"MultiPolygon","coordinates":[[[[8.1326,49.1713],[8.1545,49.176],[8.1567,49.1698],[8.1753,49.1646],[8.1774,49.1687],[8.1794,49.1835],[8.1778,49.193],[8.1687,49.1927],[8.1697,49.2027],[8.1808,49.2081],[8.157,49.2067],[8.1603,49.2145],[8.1565,49.2263],[8.1522,49.2285],[8.1359,49.2274],[8.1292,49.2277],[8.1225,49.2323],[8.1124,49.2314],[8.1063,49.2339],[8.0923,49.2293],[8.0746,49.2299],[8.0748,49.2273],[8.0576,49.2219],[8.0605,49.2086],[8.0654,49.2035],[8.0491,49.2023],[8.0421,49.2009],[8.0434,49.1973],[8.0217,49.1962],[8.0182,49.193],[8.0207,49.192],[8.0389,49.1923],[8.0583,49.19],[8.057,49.1862],[8.0706,49.1863],[8.0644,49.1777],[8.0644,49.1718],[8.0586,49.1707],[8.0541,49.1645],[8.0645,49.1601],[8.064,49.1557],[8.0724,49.1551],[8.0916,49.1567],[8.0979,49.161],[8.1005,49.1667],[8.1108,49.175],[8.1228,49.171],[8.1326,49.1713]]],[[[7.9836,49.1742],[7.9923,49.1697],[7.9952,49.1779],[7.9927,49.1801],[7.9833,49.1816],[7.9771,49.1782],[7.9836,49.1742]]],[[[7.8721,49.2831],[7.8739,49.2781],[7.8807,49.2756],[7.8894,49.2798],[7.9045,49.2823],[7.9074,49.2793],[7.9186,49.2831],[7.9241,49.2894],[7.9345,49.2903],[7.9471,49.2864],[7.9464,49.2803],[7.9364,49.2826],[7.9274,49.279],[7.9256,49.2755],[7.9459,49.2618],[7.9583,49.2589],[7.9639,49.2591],[7.9722,49.2641],[7.963,49.2692],[7.9632,49.2744],[7.9628,49.2804],[7.9633,49.2837],[7.964,49.2951],[7.9519,49.2976],[7.9447,49.2933],[7.9373,49.2943],[7.9387,49.3009],[7.9367,49.309],[7.9272,49.3099],[7.9201,49.3153],[7.9133,49.3164],[7.8931,49.3117],[7.8813,49.3133],[7.8713,49.3113],[7.8677,49.3133],[7.8641,49.3097],[7.8717,49.3036],[7.8676,49.2946],[7.8687,49.2848],[7.8721,49.2831]]]]},"properties":{"id":"07313000","name":"Landau in der Pfalz","subdivision":"Südliche Weinstraße","cx":8.11,"cy":49.201}},
{"type":"Feature","geometry":{"type":"Polygon","coordinates":[[[8.467,49.283],[8.4823,49.2865],[8.4891,49.2931],[8.4872,49.3017],[8.4781,49.3083],[8.4586,49.3129],[8.4505,49.3217],[8.4543,49.331],[8.4709,49.3407],[8.4712,49.3466],[8.4675,49.353],[8.4668,49.3611],[8.458,49.3648],[8.4448,49.3646],[8.442,49.3513],[8.4337,49.3559],[8.429,49.3665],[8.424,49.3663],[8.4225,49.3766],[8.4183,49.3755],[8.4068,49.3719],[8.3977,49.3601],[8.389,49.353],[8.3837,49.351],[8.3754,49.342],[8.4069,49.3288],[8.4073,49.3255],[8.3997,49.3197],[8.4042,49.3126],[8.4035,49.3053],[8.4188,49.301],[8.4323,49.2938],[8.4433,49.2925],[8.467,49.283]]]},"properties":{"id":"07318000","name":"Speyer","subdivision":"Speyer","cx":8.432,"cy":49.33}},
{"type":"Feature","geometry":{"type":"Polygon","coordinates":[[[8.2271,49.9002],[8.2487,49.8954],[8.2527,49.8966],[8.253,49.9051],[8.2611,49.9096],[8.259,49.9141],[8.2691,49.9191],[8.2716,49.9271],[8.2801,49.9312],[8.28,49.9414],[8.2958,49.9423],[8.311,49.9413],[8.3262,49.9455],[8.3333,49.9381],[8.343,49.9405],[8.3422,49.949],[8.3345,49.9607],[8.3223,49.9736],[8.3077,49.9841],[8.2902,49.9935],[8.2724,50.0103],[8.2446,50.0276],[8.2295,50.0314],[8.19,50.0353],[8.1917,50.0315],[8.1998,50.0299],[8.1998,50.0222],[8.191,50.0111],[8.1816,50.0059],[8.1705,50.0034],[8.158,50.0037],[8.1511,49.9943],[8.1538,49.9879],[8.1436,49.983],[8.1463,49.9769],[8.1439,49.9731],[8.1486,49.9639],[8.1551,49.9646],[8.1792,49.9675],[8.1858,49.9628],[8.1908,49.9526],[8.2026,49.9585],[8.2123,49.9561],[8.2237,49.9533],[8.2271,49.948],[8.2434,49.9474],[8.245,49.9398],[8.2349,49.9288],[8.2284,49.9211],[8.2308,49.9153],[8.2271,49.9002]]]},"properties":{"id":"07315000","name":"Mainz","subdivision":"Mainz","cx":8.243,"cy":49.982}},
{"type":"Feature","geometry":{"type":"Polygon","coordinates":[[[8.1329,49.4009],[8.1319,49.3962],[8.1371,49.3887],[8.1231,49.3812],[8.1156,49.3868],[8.1071,49.3877],[8.1004,49.3922],[8.0999,49.3809],[8.0974,49.3724],[8.1067,49.3695],[8.1035,49.3649],[8.0907,49.3602],[8.0807,49.3626],[8.0644,49.3595],[8.0502,49.353],[8.0322,49.3534],[8.0255,49.3556],[8.0147,49.3522],[8.0087,49.3446],[7.9996,49.3438],[8.0004,49.34],[8.0188,49.3358],[8.0228,49.3333],[8.0117,49.3246],[8.0129,49.3213],[8.0205,49.3225],[8.0269,49.3201],[8.0375,49.324],[8.0542,49.3227],[8.0644,49.3186],[8.0752,49.3233],[8.0824,49.3236],[8.1057,49.3153],[8.1238,49.3149],[8.1361,49.3113],[8.143,49.3123],[8.1578,49.3147],[8.1735,49.3117],[8.1849,49.3129],[8.1864,49.3096],[8.1991,49.3076],[8.2001,49.2998],[8.1967,49.2965],[8.211,49.2973],[8.223,49.2962],[8.2367,49.2984],[8.2495,49.301],[8.2527,49.2961],[8.2701,49.2989],[8.2866,49.3031],[8.3056,49.3049],[8.3174,49.3081],[8.3174,49.3109],[8.3144,49.3115],[8.2994,49.3163],[8.293,49.3149],[8.2768,49.3196],[8.2552,49.323],[8.2342,49.3295],[8.2267,49.3329],[8.2274,49.3469],[8.2177,49.3475],[8.2179,49.3593],[8.2242,49.3731],[8.2234,49.3798],[8.2087,49.3783],[8.2072,49.382],[8.1988,49.3855],[8.1828,49.3829],[8.1818,49.39],[8.1693,49.3925],[8.1481,49.3919],[8.1329,49.4009]]]},"properties":{"id":"07316000","name":"Neustadt an der Weinstraße","subdivision":"Neustadt a.d.W.","cx":8.152,"cy":49.349}},
{"type":"Feature","geometry":{"type":"Polygon","coordinates":[[[7.5708,49.2347],[7.5546,49.2202],[7.5409,49.2172],[7.5354,49.217],[7.52,49.2112],[7.5187,49.2029],[7.5149,49.2004],[7.5304,49.1903],[7.5411,49.1814],[7.5638,49.1652],[7.5707,49.1664],[7.5792,49.1718],[7.5901,49.1736],[7.5909,49.1615],[7.5839,49.1552],[7.5774,49.1413],[7.5896,49.1462],[7.609,49.163],[7.6128,49.1593],[7.6353,49.1626],[7.6415,49.1714],[7.6325,49.178],[7.6557,49.1866],[7.6544,49.1915],[7.654,49.1957],[7.6653,49.2077],[7.6573,49.2125],[7.6633,49.2153],[7.6734,49.2286],[7.6528,49.2287],[7.6507,49.2237],[7.6278,49.2218],[7.6155,49.218],[7.6134,49.2263],[7.6002,49.2264],[7.598,49.2333],[7.5708,49.2347]]]},"properties":{"id":"07317000","name":"Pirmasens","subdivision":"Pirmasens","cx":7.59,"cy":49.201}},
{"type":"Feature","geometry":{"type":"Polygon","coordinates":[[[8.1525,49.7213],[8.1413,49.7169],[8.143,49.7144],[8.133,49.7059],[8.1371,49.7016],[8.1444,49.7034],[8.1534,49.71],[8.1558,49.7162],[8.1525,49.7213]]]},"properties":{"id":"07331014","name":"Dintesheim","subdivision":"Alzey-Worms","cx":8.148,"cy":49.712}},
{"type":"Feature","geometry":{"type":"Polygon","coordinates":[[[8.2614,49.6716],[8.2726,49.6686],[8.2788,49.655],[8.2452,49.6502],[8.2415,49.647],[8.2385,49.6277],[8.2434,49.6241],[8.2444,49.6171],[8.2529,49.6181],[8.2523,49.6023],[8.2562,49.5913],[8.268,49.5864],[8.281,49.5868],[8.2883,49.5878],[8.2941,49.5903],[8.3227,49.5947],[8.3314,49.6002],[8.343,49.5951],[8.3497,49.6064],[8.3611,49.6065],[8.3625,49.6022],[8.3783,49.6051],[8.3865,49.6037],[8.3963,49.5981],[8.4021,49.5985],[8.4058,49.5931],[8.4148,49.5951],[8.4105,49.6034],[8.4041,49.609],[8.3929,49.6153],[8.3808,49.6293],[8.3758,49.6408],[8.3696,49.6592],[8.3631,49.6663],[8.3565,49.678],[8.3573,49.6921],[8.3634,49.6986],[8.375,49.7045],[8.3947,49.7108],[8.4193,49.7152],[8.4382,49.7223],[8.4464,49.7308],[8.4385,49.7314],[8.4235,49.7265],[8.4078,49.7347],[8.4005,49.7367],[8.3782,49.7337],[8.3776,49.7248],[8.3683,49.7266],[8.3696,49.7303],[8.3524,49.7305],[8.3519,49.7243],[8.3502,49.7111],[8.3468,49.711],[8.3499,49.6955],[8.3394,49.6956],[8.3423,49.6829],[8.3092,49.6841],[8.3074,49.6885],[8.295,49.6875],[8.288,49.6929],[8.2797,49.692],[8.2576,49.6887],[8.2614,49.6716]]]},"properties":{"id":"07319000","name":"Worms","subdivision":"Worms","cx":8.325,"cy":49.645}},
{"type":"Feature","geometry":{"type":"Polygon","coordinates":[[[7.3467,49.2028],[7.3518,49.2061],[7.3574,49.2159],[7.3622,49.2183],[7.3669,49.2101],[7.3799,49.2104],[7.3885,49.2141],[7.399,49.2146],[7.4101,49.2207],[7.4237,49.2188],[7.4249,49.2285],[7.4174,49.2279],[7.4019,49.2342],[7.4047,49.2462],[7.4109,49.2479],[7.4135,49.255],[7.4215,49.2631],[7.437,49.2702],[7.4483,49.2691],[7.4422,49.2755],[7.428,49.2802],[7.429,49.2823],[7.4186,49.2881],[7.411,49.285],[7.4063,49.2905],[7.4107,49.3026],[7.4081,49.3099],[7.406,49.3162],[7.3985,49.3134],[7.3945,49.3164],[7.3807,49.3067],[7.38,49.2976],[7.3854,49.2941],[7.3747,49.2829],[7.367,49.2831],[7.3653,49.2781],[7.355,49.2822],[7.3415,49.2815],[7.3345,49.2783],[7.3442,49.2734],[7.3391,49.2639],[7.3249,49.2575],[7.3278,49.2546],[7.3246,49.2481],[7.3065,49.2561],[7.3035,49.2455],[7.2955,49.2402],[7.2945,49.2347],[7.289,49.2306],[7.3029,49.2233],[7.3027,49.2165],[7.2983,49.214],[7.3057,49.201],[7.3203,49.1895],[7.3327,49.2055],[7.3467,49.2028]]]},"properties":{"id":"07320000","name":"Zweibrücken","subdivision":"Zweibrücken","cx":7.366,"cy":49.248}},
{"type":"Feature","geometry":{"type":"Polygon","coordinates":[[[8.1653,49.7266],[8.1604,49.7418],[8.1532,49.749],[8.1617,49.7521],[8.1489,49.7666],[8.1416,49.7619],[8.1336,49.7641],[8.1112,49.7635],[8.0982,49.7724],[8.0881,49.7723],[8.0779,49.7692],[8.0662,49.7712],[8.0659,49.7656],[8.0594,49.7632],[8.0578,49.7556],[8.0517,49.7497],[8.046,49.7502],[8.0404,49.744],[8.0414,49.7387],[8.0492,49.7355],[8.0527,49.7279],[8.0605,49.7309],[8.0726,49.7215],[8.08,49.7203],[8.0881,49.7247],[8.0943,49.7236],[8.1061,49.7286],[8.1149,49.7313],[8.116,49.7259],[8.1354,49.7316],[8.1536,49.7219],[8.1653,49.7266]]]},"properties":{"id":"07331003","name":"Alzey","subdivision":"Alzey-Worms","cx":8.096,"cy":49.748}},
{"type":"Feature","geometry":{"type":"Polygon","coordinates":[[[8.1348,49.7938],[8.121,49.793],[8.1164,49.7906],[8.1073,49.784],[8.1119,49.7752],[8.0982,49.7724],[8.1112,49.7635],[8.1336,49.7641],[8.1416,49.7619],[8.1489,49.7666],[8.1571,49.7753],[8.1573,49.7863],[8.1526,49.785],[8.1443,49.794],[8.1348,49.7938]]]},"properties":{"id":"07331001","name":"Albig","subdivision":"Alzey-Worms","cx":8.131,"cy":49.778}},
{"type":"Feature","geometry":{"type":"Polygon","coordinates":[[[7.9987,49.7348],[7.9896,49.7274],[7.9882,49.7222],[8.0039,49.7216],[8.0143,49.7239],[8.0215,49.7279],[8.0165,49.7363],[7.9987,49.7348]]]},"properties":{"id":"07331005","name":"Bechenheim","subdivision":"Alzey-Worms","cx":8.005,"cy":49.729}},
{"type":"Feature","geometry":{"type":"Polygon","coordinates":[[[8.2354,49.8133],[8.2311,49.8171],[8.2336,49.823],[8.2282,49.8238],[8.1986,49.8216],[8.1953,49.8234],[8.1856,49.8184],[8.1736,49.8151],[8.1774,49.8064],[8.1836,49.7989],[8.1868,49.7926],[8.196,49.7915],[8.2286,49.8029],[8.2356,49.8062],[8.2354,49.8133]]]},"properties":{"id":"07331007","name":"Bechtolsheim","subdivision":"Alzey-Worms","cx":8.205,"cy":49.809}},
{"type":"Feature","geometry":{"type":"Polygon","coordinates":[[[8.0982,49.7724],[8.1119,49.7752],[8.1073,49.784],[8.1164,49.7906],[8.115,49.793],[8.1001,49.7909],[8.0937,49.7834],[8.0881,49.7723],[8.0982,49.7724]]]},"properties":{"id":"07331008","name":"Bermersheim vor der Höhe","subdivision":"Alzey-Worms","cx":8.101,"cy":49.781}},
{"type":"Feature","geometry":{"type":"Polygon","coordinates":[[[8.133,49.7059],[8.143,49.7144],[8.1413,49.7169],[8.1294,49.7206],[8.1152,49.7155],[8.1014,49.7048],[8.1024,49.6983],[8.1245,49.7025],[8.133,49.7059]]]},"properties":{"id":"07331022","name":"Esselborn","subdivision":"Alzey-Worms","cx":8.122,"cy":49.71}},
{"type":"Feature","geometry":{"type":"Polygon","coordinates":[[[7.9956,49.7829],[8.0136,49.7691],[8.0206,49.7742],[8.0311,49.7716],[8.0491,49.7694],[8.0572,49.7722],[8.0515,49.7762],[8.0496,49.7841],[8.0596,49.7893],[8.0688,49.7977],[8.0613,49.7965],[8.0508,49.8017],[8.0309,49.8086],[8.0267,49.8145],[8.0198,49.8132],[8.0142,49.8091],[8.0177,49.8052],[8.0049,49.8003],[8.0084,49.7974],[7.9956,49.7829]]]},"properties":{"id":"07331025","name":"Flonheim","subdivision":"Alzey-Worms","cx":8.03,"cy":49.789}},
{"type":"Feature","geometry":{"type":"Polygon","coordinates":[[[8.1617,49.7521],[8.1731,49.7506],[8.1867,49.7428],[8.1929,49.7449],[8.2038,49.7445],[8.2036,49.7484],[8.2152,49.7523],[8.2151,49.7559],[8.2066,49.7613],[8.2006,49.761],[8.1907,49.7706],[8.1805,49.7651],[8.1738,49.7708],[8.1645,49.7752],[8.1571,49.7753],[8.1489,49.7666],[8.1617,49.7521]]]},"properties":{"id":"07331026","name":"Framersheim","subdivision":"Alzey-Worms","cx":8.186,"cy":49.756}},
{"type":"Feature","geometry":{"type":"Polygon","coordinates":[[[8.0726,49.7215],[8.0709,49.7169],[8.0617,49.7082],[8.0507,49.7028],[8.0571,49.6993],[8.0593,49.6951],[8.0759,49.6984],[8.0896,49.6966],[8.1024,49.6983],[8.1014,49.7048],[8.08,49.7203],[8.0726,49.7215]]]},"properties":{"id":"07331027","name":"Freimersheim","subdivision":"Alzey-Worms","cx":8.078,"cy":49.708}},
{"type":"Feature","geometry":{"type":"Polygon","coordinates":[[[8.1707,49.7278],[8.1865,49.7327],[8.2079,49.738],[8.2038,49.7445],[8.1929,49.7449],[8.1867,49.7428],[8.1731,49.7506],[8.1617,49.7521],[8.1532,49.749],[8.1604,49.7418],[8.1653,49.7266],[8.1707,49.7278]]]},"properties":{"id":"07331031","name":"Gau-Heppenheim","subdivision":"Alzey-Worms","cx":8.175,"cy":49.739}},
{"type":"Feature","geometry":{"type":"Polygon","coordinates":[[[8.2286,49.8029],[8.196,49.7915],[8.1868,49.7926],[8.1836,49.7989],[8.1573,49.7863],[8.1571,49.7753],[8.1645,49.7752],[8.1738,49.7708],[8.1805,49.7651],[8.1907,49.7706],[8.2006,49.761],[8.2066,49.7613],[8.2151,49.7559],[8.2294,49.7591],[8.2337,49.7685],[8.2327,49.7889],[8.2293,49.7894],[8.2257,49.7987],[8.2286,49.8029]]]},"properties":{"id":"07331032","name":"Gau-Odernheim","subdivision":"Alzey-Worms","cx":8.208,"cy":49.778}},
{"type":"Feature","geometry":{"type":"Polygon","coordinates":[[[8.1536,49.7219],[8.1354,49.7316],[8.116,49.7259],[8.1149,49.7313],[8.1061,49.7286],[8.1131,49.7258],[8.1103,49.7178],[8.1152,49.7155],[8.1294,49.7206],[8.1413,49.7169],[8.1525,49.7213],[8.1536,49.7219]]]},"properties":{"id":"07331042","name":"Kettenheim","subdivision":"Alzey-Worms","cx":8.133,"cy":49.725}},
{"type":"Feature","geometry":{"type":"Polygon","coordinates":[[[8.0662,49.7712],[8.0779,49.7692],[8.0881,49.7723],[8.0937,49.7834],[8.1001,49.7909],[8.0861,49.8018],[8.0807,49.7998],[8.0822,49.7958],[8.0711,49.7813],[8.0662,49.7712]]]},"properties":{"id":"07331043","name":"Lonsheim","subdivision":"Alzey-Worms","cx":8.083,"cy":49.784}},
{"type":"Feature","geometry":{"type":"Polygon","coordinates":[[[8.0527,49.7279],[8.0293,49.7201],[8.0273,49.7148],[8.0185,49.7109],[8.0191,49.7083],[8.034,49.7075],[8.0396,49.7034],[8.0507,49.7028],[8.0617,49.7082],[8.0709,49.7169],[8.0726,49.7215],[8.0605,49.7309],[8.0527,49.7279]]]},"properties":{"id":"07331044","name":"Mauchenheim","subdivision":"Alzey-Worms","cx":8.049,"cy":49.716}},
{"type":"Feature","geometry":{"type":"Polygon","coordinates":[[[8.0015,49.7597],[7.9934,49.7533],[7.9817,49.7495],[7.9782,49.7437],[7.984,49.7355],[7.9987,49.7348],[8.0165,49.7363],[8.023,49.7387],[8.0145,49.7516],[8.0066,49.7527],[8.0015,49.7597]]]},"properties":{"id":"07331050","name":"Nack","subdivision":"Alzey-Worms","cx":8,"cy":49.744}},
{"type":"Feature","geometry":{"type":"Polygon","coordinates":[[[7.9987,49.7348],[7.984,49.7355],[7.9782,49.7437],[7.9744,49.7451],[7.9637,49.741],[7.9535,49.7305],[7.9645,49.7276],[7.9688,49.7225],[7.9701,49.718],[7.9759,49.7179],[7.9882,49.7222],[7.9896,49.7274],[7.9987,49.7348]]]},"properties":{"id":"07331051","name":"Nieder-Wiesen","subdivision":"Alzey-Worms","cx":7.975,"cy":49.731}},
{"type":"Feature","geometry":{"type":"Polygon","coordinates":[[[8.023,49.7387],[8.0165,49.7363],[8.0215,49.7279],[8.0143,49.7239],[8.0039,49.7216],[7.9882,49.7222],[7.9759,49.7179],[7.9701,49.7164],[7.9667,49.718],[7.9652,49.7119],[7.9603,49.7017],[7.9732,49.6977],[7.9862,49.6968],[8.0029,49.7035],[8.0185,49.7109],[8.0273,49.7148],[8.0293,49.7201],[8.0527,49.7279],[8.0492,49.7355],[8.0414,49.7387],[8.0404,49.744],[8.023,49.7387]]]},"properties":{"id":"07331053","name":"Offenheim","subdivision":"Alzey-Worms","cx":7.995,"cy":49.711}},
{"type":"Feature","geometry":{"type":"Polygon","coordinates":[[[8.08,49.7203],[8.1014,49.7048],[8.1152,49.7155],[8.1103,49.7178],[8.1131,49.7258],[8.1061,49.7286],[8.0943,49.7236],[8.0881,49.7247],[8.08,49.7203]]]},"properties":{"id":"07331067","name":"Wahlheim","subdivision":"Alzey-Worms","cx":8.1,"cy":49.717}},
{"type":"Feature","geometry":{"type":"Polygon","coordinates":[[[8.3124,49.7832],[8.3081,49.7792],[8.3095,49.7739],[8.3008,49.7708],[8.2929,49.7617],[8.2962,49.7549],[8.286,49.7529],[8.2873,49.7491],[8.2865,49.7462],[8.3026,49.7466],[8.322,49.7492],[8.3502,49.7443],[8.3509,49.7716],[8.35,49.7792],[8.3545,49.7818],[8.3338,49.7842],[8.3156,49.7842],[8.3124,49.7832]]]},"properties":{"id":"07331002","name":"Alsheim","subdivision":"Alzey-Worms","cx":8.324,"cy":49.765}},
{"type":"Feature","geometry":{"type":"Polygon","coordinates":[[[8.4078,49.7347],[8.4299,49.7365],[8.4338,49.746],[8.4467,49.7496],[8.4558,49.7558],[8.4581,49.7604],[8.4431,49.7657],[8.4241,49.7679],[8.4176,49.7725],[8.4131,49.7726],[8.3846,49.7641],[8.3764,49.7522],[8.3548,49.7461],[8.3536,49.7441],[8.3564,49.7356],[8.3523,49.7326],[8.3524,49.7305],[8.3696,49.7303],[8.3683,49.7266],[8.3776,49.7248],[8.3782,49.7337],[8.4005,49.7367],[8.4078,49.7347]]]},"properties":{"id":"07331018","name":"Eich","subdivision":"Alzey-Worms","cx":8.405,"cy":49.753}},
{"type":"Feature","geometry":{"type":"Polygon","coordinates":[[[8.3502,49.7443],[8.3536,49.7441],[8.3548,49.7461],[8.3764,49.7522],[8.3846,49.7641],[8.4131,49.7726],[8.4176,49.7725],[8.4121,49.7867],[8.4001,49.8037],[8.3943,49.801],[8.3873,49.8025],[8.3776,49.7995],[8.3676,49.7887],[8.3545,49.7818],[8.35,49.7792],[8.3509,49.7716],[8.3502,49.7443]]]},"properties":{"id":"07331034","name":"Gimbsheim","subdivision":"Alzey-Worms","cx":8.382,"cy":49.78}},
{"type":"Feature","geometry":{"type":"Polygon","coordinates":[[[8.4464,49.7308],[8.4542,49.741],[8.4774,49.7572],[8.4786,49.7652],[8.4666,49.7692],[8.4431,49.7657],[8.4581,49.7604],[8.4558,49.7558],[8.4467,49.7496],[8.4338,49.746],[8.4299,49.7365],[8.4078,49.7347],[8.4235,49.7265],[8.4385,49.7314],[8.4464,49.7308]]]},"properties":{"id":"07331038","name":"Hamm am Rhein","subdivision":"Alzey-Worms","cx":8.444,"cy":49.741}},
{"type":"Feature","geometry":{"type":"Polygon","coordinates":[[[8.2865,49.7462],[8.2875,49.7401],[8.3041,49.7403],[8.3154,49.7335],[8.3346,49.7319],[8.3523,49.7326],[8.3564,49.7356],[8.3536,49.7441],[8.3502,49.7443],[8.322,49.7492],[8.3026,49.7466],[8.2865,49.7462]]]},"properties":{"id":"07331045","name":"Mettenheim","subdivision":"Alzey-Worms","cx":8.325,"cy":49.741}},
{"type":"Feature","geometry":{"type":"Polygon","coordinates":[[[8.1735,49.6668],[8.1874,49.6441],[8.2019,49.6438],[8.2097,49.6456],[8.2364,49.6469],[8.2377,49.6497],[8.2327,49.6657],[8.2225,49.6685],[8.2247,49.6761],[8.2205,49.6778],[8.2062,49.6763],[8.1853,49.6729],[8.1735,49.6668]]]},"properties":{"id":"07331023","name":"Flörsheim-Dalsheim","subdivision":"Alzey-Worms","cx":8.206,"cy":49.66}},
{"type":"Feature","geometry":{"type":"Polygon","coordinates":[[[8.2385,49.6277],[8.224,49.6273],[8.2065,49.6212],[8.2118,49.6107],[8.2189,49.61],[8.2412,49.6137],[8.2444,49.6171],[8.2434,49.6241],[8.2385,49.6277]]]},"properties":{"id":"07331041","name":"Hohen-Sülzen","subdivision":"Alzey-Worms","cx":8.226,"cy":49.619}},
{"type":"Feature","geometry":{"type":"Polygon","coordinates":[[[8.1502,49.6612],[8.1564,49.6547],[8.1583,49.6445],[8.1612,49.6422],[8.1784,49.6416],[8.1874,49.6441],[8.1735,49.6668],[8.1502,49.6612]]]},"properties":{"id":"07331046","name":"Mölsheim","subdivision":"Alzey-Worms","cx":8.169,"cy":49.653}},
{"type":"Feature","geometry":{"type":"Polygon","coordinates":[[[8.2327,49.6657],[8.2377,49.6497],[8.2364,49.6469],[8.2415,49.647],[8.2452,49.6502],[8.2788,49.655],[8.2726,49.6686],[8.2614,49.6716],[8.2452,49.6671],[8.2327,49.6657]]]},"properties":{"id":"07331047","name":"Mörstadt","subdivision":"Alzey-Worms","cx":8.255,"cy":49.66}},
{"type":"Feature","geometry":{"type":"Polygon","coordinates":[[[8.2415,49.647],[8.2364,49.6469],[8.2097,49.6456],[8.2019,49.6438],[8.1874,49.6441],[8.1784,49.6416],[8.1834,49.6358],[8.1833,49.6289],[8.1914,49.6276],[8.2005,49.621],[8.2065,49.6212],[8.224,49.6273],[8.2385,49.6277],[8.2415,49.647]]]},"properties":{"id":"07331048","name":"Monsheim","subdivision":"Alzey-Worms","cx":8.212,"cy":49.635}},
{"type":"Feature","geometry":{"type":"Polygon","coordinates":[[[8.2444,49.6171],[8.2412,49.6137],[8.2189,49.61],[8.223,49.6034],[8.2236,49.5986],[8.233,49.5881],[8.2562,49.5913],[8.2523,49.6023],[8.2529,49.6181],[8.2444,49.6171]]]},"properties":{"id":"07331054","name":"Offstein","subdivision":"Alzey-Worms","cx":8.239,"cy":49.602}},
{"type":"Feature","geometry":{"type":"Polygon","coordinates":[[[8.1612,49.6422],[8.1576,49.6411],[8.1524,49.6269],[8.1541,49.623],[8.1671,49.6253],[8.1833,49.6289],[8.1834,49.6358],[8.1784,49.6416],[8.1612,49.6422]]]},"properties":{"id":"07331066","name":"Wachenheim","subdivision":"Alzey-Worms","cx":8.168,"cy":49.633}},
{"type":"Feature","geometry":{"type":"Polygon","coordinates":[[[8.0159,49.8177],[8.0322,49.8229],[8.043,49.8289],[8.0386,49.8319],[8.037,49.8387],[8.0333,49.848],[8.0282,49.8503],[8.0156,49.8523],[8.0044,49.8452],[7.9938,49.8444],[7.9967,49.8414],[7.9929,49.8344],[8.0018,49.8314],[8.0114,49.8209],[8.0159,49.8177]]]},"properties":{"id":"07331030","name":"Gau-Bickelheim","subdivision":"Alzey-Worms","cx":8.019,"cy":49.836}},
{"type":"Feature","geometry":{"type":"Polygon","coordinates":[[[8.0142,49.8091],[8.0198,49.8132],[8.0159,49.8177],[8.0114,49.8209],[8.002,49.8206],[7.9918,49.8169],[7.9795,49.8152],[7.9768,49.8087],[7.981,49.8059],[8.0082,49.8092],[8.0142,49.8091]]]},"properties":{"id":"07331035","name":"Gumbsheim","subdivision":"Alzey-Worms","cx":7.998,"cy":49.813}},
{"type":"Feature","geometry":{"type":"Polygon","coordinates":[[[7.9326,49.7804],[7.9436,49.7877],[7.9632,49.7911],[7.974,49.7892],[7.9767,49.7924],[7.9767,49.797],[7.9833,49.8004],[7.981,49.8059],[7.9768,49.8087],[7.9573,49.8056],[7.947,49.8019],[7.9328,49.8004],[7.9298,49.7876],[7.9326,49.7804]]]},"properties":{"id":"07331060","name":"Siefersheim","subdivision":"Alzey-Worms","cx":7.959,"cy":49.798}},
{"type":"Feature","geometry":{"type":"Polygon","coordinates":[[[7.9329,49.7666],[7.9251,49.76],[7.9233,49.7537],[7.93,49.7498],[7.9374,49.7536],[7.9486,49.7558],[7.9645,49.7622],[7.9739,49.7714],[7.9606,49.7774],[7.9495,49.7733],[7.9441,49.7754],[7.9346,49.768],[7.9329,49.7666]]]},"properties":{"id":"07331062","name":"Stein-Bockenheim","subdivision":"Alzey-Worms","cx":7.947,"cy":49.764}},
{"type":"Feature","geometry":{"type":"Polygon","coordinates":[[[7.989,49.7799],[7.9815,49.774],[7.9739,49.7714],[7.9645,49.7622],[7.9486,49.7558],[7.9487,49.7459],[7.9354,49.7386],[7.9414,49.7313],[7.9535,49.7305],[7.9637,49.741],[7.9744,49.7451],[7.9782,49.7437],[7.9817,49.7495],[7.9934,49.7533],[8.0015,49.7597],[8.0136,49.7691],[7.9956,49.7829],[7.989,49.7799]]]},"properties":{"id":"07331070","name":"Wendelsheim","subdivision":"Alzey-Worms","cx":7.976,"cy":49.758}},
{"type":"Feature","geometry":{"type":"Polygon","coordinates":[[[7.925,49.8035],[7.9328,49.8004],[7.947,49.8019],[7.9573,49.8056],[7.9768,49.8087],[7.9795,49.8152],[7.9918,49.8169],[8.002,49.8206],[8.0114,49.8209],[8.0018,49.8314],[7.9929,49.8344],[7.9728,49.8314],[7.9636,49.8331],[7.9507,49.8254],[7.9416,49.8239],[7.9441,49.8181],[7.9276,49.8114],[7.925,49.8035]]]},"properties":{"id":"07331072","name":"Wöllstein","subdivision":"Alzey-Worms","cx":7.966,"cy":49.818}},
{"type":"Feature","geometry":{"type":"MultiPolygon","coordinates":[[[[7.9346,49.768],[7.9441,49.7754],[7.9495,49.7733],[7.9606,49.7774],[7.9739,49.7714],[7.9815,49.774],[7.989,49.7799],[7.9767,49.7924],[7.974,49.7892],[7.9632,49.7911],[7.9436,49.7877],[7.9326,49.7804],[7.9288,49.7762],[7.9346,49.768]]],[[[7.9206,49.7639],[7.9148,49.7581],[7.9054,49.7523],[7.9055,49.7493],[7.9175,49.7433],[7.9216,49.7426],[7.93,49.7498],[7.9233,49.7537],[7.9251,49.76],[7.9329,49.7666],[7.9206,49.7639]]]]},"properties":{"id":"07331075","name":"Wonsheim","subdivision":"Alzey-Worms","cx":7.968,"cy":49.782}},
{"type":"Feature","geometry":{"type":"Polygon","coordinates":[[[8.0807,49.7998],[8.0861,49.8018],[8.0861,49.8086],[8.0994,49.8101],[8.0916,49.8162],[8.0828,49.8192],[8.075,49.8272],[8.0727,49.8291],[8.0622,49.8288],[8.0543,49.8262],[8.0472,49.8185],[8.039,49.8186],[8.0267,49.8145],[8.0309,49.8086],[8.0508,49.8017],[8.0613,49.7965],[8.0688,49.7977],[8.0807,49.7998]]]},"properties":{"id":"07331004","name":"Armsheim","subdivision":"Alzey-Worms","cx":8.063,"cy":49.812}},
{"type":"Feature","geometry":{"type":"Polygon","coordinates":[[[8.115,49.793],[8.1151,49.7996],[8.1206,49.8054],[8.1113,49.8142],[8.0994,49.8101],[8.0861,49.8086],[8.0861,49.8018],[8.1001,49.7909],[8.115,49.793]]]},"properties":{"id":"07331019","name":"Ensheim","subdivision":"Alzey-Worms","cx":8.103,"cy":49.802}},
{"type":"Feature","geometry":{"type":"Polygon","coordinates":[[[8.1736,49.8151],[8.1856,49.8184],[8.1953,49.8234],[8.1899,49.8385],[8.181,49.8369],[8.1535,49.8354],[8.1501,49.8366],[8.1463,49.832],[8.1461,49.8248],[8.1461,49.8167],[8.1569,49.81],[8.1736,49.8151]]]},"properties":{"id":"07331029","name":"Gabsheim","subdivision":"Alzey-Worms","cx":8.169,"cy":49.825}},
{"type":"Feature","geometry":{"type":"Polygon","coordinates":[[[8.037,49.8387],[8.0459,49.8388],[8.0535,49.8437],[8.0626,49.8532],[8.0456,49.8607],[8.0442,49.863],[8.0293,49.857],[8.0306,49.853],[8.0333,49.848],[8.037,49.8387]]]},"properties":{"id":"07331033","name":"Gau-Weinheim","subdivision":"Alzey-Worms","cx":8.044,"cy":49.851}},
{"type":"Feature","geometry":{"type":"Polygon","coordinates":[[[8.1189,49.8994],[8.0917,49.889],[8.0504,49.8849],[8.0582,49.8744],[8.0649,49.8713],[8.0714,49.8687],[8.0908,49.8724],[8.0925,49.8702],[8.107,49.8748],[8.1109,49.8831],[8.1203,49.8918],[8.1207,49.8968],[8.1189,49.8994]]]},"properties":{"id":"07331056","name":"Partenheim","subdivision":"Alzey-Worms","cx":8.087,"cy":49.88}},
{"type":"Feature","geometry":{"type":"Polygon","coordinates":[[[7.5267,49.64],[7.5145,49.6428],[7.5133,49.6364],[7.5182,49.6334],[7.5065,49.6299],[7.504,49.6247],[7.5056,49.6206],[7.5279,49.6276],[7.529,49.6307],[7.5238,49.635],[7.5267,49.64]]]},"properties":{"id":"07336014","name":"Deimberg","subdivision":"Kusel","cx":7.518,"cy":49.629}},
{"type":"Feature","geometry":{"type":"Polygon","coordinates":[[[8.1769,49.9],[8.161,49.8987],[8.16,49.8936],[8.1391,49.8905],[8.1277,49.8907],[8.1207,49.8968],[8.1203,49.8918],[8.1109,49.8831],[8.107,49.8748],[8.0925,49.8702],[8.0948,49.8667],[8.1033,49.8662],[8.1048,49.8624],[8.1253,49.8596],[8.1366,49.8529],[8.1434,49.8461],[8.1489,49.8468],[8.1514,49.8526],[8.1481,49.8568],[8.1588,49.8683],[8.1627,49.8668],[8.1854,49.8887],[8.1868,49.8914],[8.1769,49.9]]]},"properties":{"id":"07331058","name":"Saulheim","subdivision":"Alzey-Worms","cx":8.142,"cy":49.875}},
{"type":"Feature","geometry":{"type":"Polygon","coordinates":[[[8.1899,49.8385],[8.1893,49.8434],[8.2035,49.846],[8.2129,49.8523],[8.2098,49.8608],[8.2032,49.8598],[8.1881,49.8586],[8.1627,49.8528],[8.1514,49.8526],[8.1489,49.8468],[8.1434,49.8461],[8.1504,49.843],[8.1501,49.8366],[8.1535,49.8354],[8.181,49.8369],[8.1899,49.8385]]]},"properties":{"id":"07331059","name":"Schornsheim","subdivision":"Alzey-Worms","cx":8.179,"cy":49.847}},
{"type":"Feature","geometry":{"type":"Polygon","coordinates":[[[8.1569,49.81],[8.1461,49.8167],[8.1461,49.8248],[8.1122,49.8211],[8.1113,49.8142],[8.1206,49.8054],[8.1151,49.7996],[8.115,49.793],[8.1164,49.7906],[8.121,49.793],[8.1348,49.7938],[8.1406,49.7987],[8.1417,49.8046],[8.1569,49.81]]]},"properties":{"id":"07331061","name":"Spiesheim","subdivision":"Alzey-Worms","cx":8.131,"cy":49.809}},
{"type":"Feature","geometry":{"type":"Polygon","coordinates":[[[8.075,49.8272],[8.0908,49.8303],[8.0926,49.8347],[8.1006,49.8374],[8.106,49.8432],[8.1017,49.8496],[8.1014,49.8565],[8.0883,49.8601],[8.0689,49.8522],[8.0764,49.842],[8.0818,49.8388],[8.0705,49.8345],[8.0727,49.8291],[8.075,49.8272]]]},"properties":{"id":"07331063","name":"Sulzheim","subdivision":"Alzey-Worms","cx":8.089,"cy":49.847}},
{"type":"Feature","geometry":{"type":"Polygon","coordinates":[[[8.1854,49.8887],[8.1627,49.8668],[8.1588,49.8683],[8.1481,49.8568],[8.1514,49.8526],[8.1627,49.8528],[8.1881,49.8586],[8.2032,49.8598],[8.2043,49.868],[8.1959,49.8686],[8.1912,49.8766],[8.1932,49.8796],[8.1854,49.8887]]]},"properties":{"id":"07331064","name":"Udenheim","subdivision":"Alzey-Worms","cx":8.178,"cy":49.867}},
{"type":"Feature","geometry":{"type":"Polygon","coordinates":[[[8.0456,49.8607],[8.0548,49.8623],[8.0593,49.8572],[8.0689,49.8522],[8.0883,49.8601],[8.0832,49.8632],[8.0948,49.8667],[8.0925,49.8702],[8.0908,49.8724],[8.0714,49.8687],[8.0649,49.8713],[8.0442,49.863],[8.0456,49.8607]]]},"properties":{"id":"07331065","name":"Vendersheim","subdivision":"Alzey-Worms","cx":8.071,"cy":49.862}},
{"type":"Feature","geometry":{"type":"MultiPolygon","coordinates":[[[[8.0267,49.8145],[8.039,49.8186],[8.0472,49.8185],[8.0543,49.8262],[8.0622,49.8288],[8.0727,49.8291],[8.0705,49.8345],[8.0818,49.8388],[8.0764,49.842],[8.0689,49.8522],[8.0593,49.8572],[8.0548,49.8623],[8.0456,49.8607],[8.0626,49.8532],[8.0535,49.8437],[8.0459,49.8388],[8.037,49.8387],[8.0386,49.8319],[8.043,49.8289],[8.0322,49.8229],[8.0159,49.8177],[8.0198,49.8132],[8.0267,49.8145]]],[[[8.0333,49.848],[8.0306,49.853],[8.0282,49.8503],[8.0333,49.848]]]]},"properties":{"id":"07331068","name":"Wallertheim","subdivision":"Alzey-Worms","cx":8.058,"cy":49.837}},
{"type":"Feature","geometry":{"type":"Polygon","coordinates":[[[8.0994,49.8101],[8.1113,49.8142],[8.1122,49.8211],[8.1461,49.8248],[8.1463,49.832],[8.1501,49.8366],[8.1504,49.843],[8.1434,49.8461],[8.1366,49.8529],[8.1253,49.8596],[8.1048,49.8624],[8.1033,49.8662],[8.0948,49.8667],[8.0832,49.8632],[8.0883,49.8601],[8.1014,49.8565],[8.1017,49.8496],[8.106,49.8432],[8.1006,49.8374],[8.0926,49.8347],[8.0908,49.8303],[8.075,49.8272],[8.0828,49.8192],[8.0916,49.8162],[8.0994,49.8101]]]},"properties":{"id":"07331073","name":"Wörrstadt","subdivision":"Alzey-Worms","cx":8.121,"cy":49.838}},
{"type":"Feature","geometry":{"type":"Polygon","coordinates":[[[8.2516,49.7204],[8.2517,49.7158],[8.2762,49.7144],[8.2995,49.7189],[8.3274,49.7226],[8.3519,49.7243],[8.3524,49.7305],[8.3523,49.7326],[8.3346,49.7319],[8.3154,49.7335],[8.3041,49.7403],[8.2875,49.7401],[8.2707,49.7391],[8.2488,49.7313],[8.2471,49.7292],[8.2516,49.7204]]]},"properties":{"id":"07331006","name":"Bechtheim","subdivision":"Alzey-Worms","cx":8.292,"cy":49.729}},
{"type":"Feature","geometry":{"type":"Polygon","coordinates":[[[8.2062,49.6763],[8.2205,49.6778],[8.2247,49.6761],[8.2364,49.6821],[8.2348,49.6862],[8.2292,49.6901],[8.2211,49.6896],[8.2023,49.6822],[8.2062,49.6763]]]},"properties":{"id":"07331009","name":"Bermersheim","subdivision":"Alzey-Worms","cx":8.222,"cy":49.684}},
{"type":"Feature","geometry":{"type":"Polygon","coordinates":[[[8.2095,49.7139],[8.2159,49.715],[8.2123,49.7246],[8.2162,49.733],[8.2079,49.738],[8.1865,49.7327],[8.19,49.7231],[8.197,49.7204],[8.2005,49.715],[8.2095,49.7139]]]},"properties":{"id":"07331011","name":"Hochborn","subdivision":"Alzey-Worms","cx":8.203,"cy":49.726}},
{"type":"Feature","geometry":{"type":"Polygon","coordinates":[[[8.2471,49.7292],[8.2488,49.7313],[8.2707,49.7391],[8.2875,49.7401],[8.2865,49.7462],[8.2873,49.7491],[8.2822,49.7485],[8.2722,49.7596],[8.2605,49.7611],[8.2598,49.7583],[8.2445,49.755],[8.2325,49.7543],[8.2294,49.7591],[8.2151,49.7559],[8.2152,49.7523],[8.2036,49.7484],[8.2038,49.7445],[8.2079,49.738],[8.2162,49.733],[8.2271,49.731],[8.2372,49.7335],[8.2471,49.7292]]]},"properties":{"id":"07331015","name":"Dittelsheim-Heßloch","subdivision":"Alzey-Worms","cx":8.244,"cy":49.744}},
{"type":"Feature","geometry":{"type":"Polygon","coordinates":[[[8.2294,49.7591],[8.2325,49.7543],[8.2445,49.755],[8.2598,49.7583],[8.2605,49.7611],[8.2543,49.7677],[8.2372,49.7698],[8.2337,49.7685],[8.2294,49.7591]]]},"properties":{"id":"07331028","name":"Frettenheim","subdivision":"Alzey-Worms","cx":8.244,"cy":49.762}},
{"type":"Feature","geometry":{"type":"Polygon","coordinates":[[[8.3519,49.7243],[8.3274,49.7226],[8.2995,49.7189],[8.2762,49.7144],[8.2797,49.692],[8.288,49.6929],[8.295,49.6875],[8.3074,49.6885],[8.3092,49.6841],[8.3423,49.6829],[8.3394,49.6956],[8.3499,49.6955],[8.3468,49.711],[8.3502,49.7111],[8.3519,49.7243]]]},"properties":{"id":"07331055","name":"Osthofen","subdivision":"Alzey-Worms","cx":8.316,"cy":49.704}},
{"type":"Feature","geometry":{"type":"Polygon","coordinates":[[[8.2211,49.6896],[8.2292,49.6901],[8.2348,49.6862],[8.2401,49.6856],[8.2576,49.6887],[8.2797,49.692],[8.2762,49.7144],[8.2517,49.7158],[8.2516,49.7204],[8.236,49.7197],[8.2159,49.715],[8.2095,49.7139],[8.2104,49.7115],[8.2142,49.7],[8.2211,49.6896]]]},"properties":{"id":"07331071","name":"Westhofen","subdivision":"Alzey-Worms","cx":8.245,"cy":49.702}},
{"type":"Feature","geometry":{"type":"Polygon","coordinates":[[[8.2544,49.4775],[8.2481,49.486],[8.2394,49.4889],[8.2386,49.487],[8.2132,49.4804],[8.2055,49.4858],[8.2032,49.4949],[8.1942,49.4944],[8.1889,49.4877],[8.1743,49.4849],[8.1598,49.4793],[8.1554,49.4754],[8.1446,49.4755],[8.1514,49.4853],[8.1607,49.4882],[8.1687,49.5008],[8.1651,49.5042],[8.1463,49.5024],[8.1311,49.4976],[8.1256,49.4977],[8.13,49.4918],[8.123,49.4882],[8.122,49.4847],[8.1249,49.4789],[8.1329,49.4788],[8.1291,49.4724],[8.1233,49.4723],[8.1031,49.4794],[8.0971,49.4842],[8.0906,49.4799],[8.0924,49.4722],[8.0883,49.4672],[8.0798,49.4633],[8.0726,49.4658],[8.0725,49.4777],[8.0678,49.4753],[8.0666,49.4729],[8.069,49.4618],[8.0776,49.4555],[8.064,49.4531],[8.0531,49.4551],[8.0518,49.4596],[8.0397,49.4605],[8.0376,49.4643],[8.0326,49.4598],[8.0244,49.461],[8.0191,49.4635],[8.0104,49.4679],[7.9951,49.4861],[7.9812,49.4805],[7.9748,49.4798],[7.9622,49.4749],[7.9523,49.4741],[7.9537,49.4666],[7.9513,49.4612],[7.9617,49.4453],[7.9664,49.4417],[7.9817,49.4413],[7.9868,49.4349],[7.9827,49.4296],[7.9872,49.4263],[7.9975,49.4297],[7.997,49.4207],[8.0084,49.4148],[8.0165,49.4068],[8.0217,49.4059],[8.026,49.3995],[8.037,49.4056],[8.0506,49.4065],[8.0598,49.4042],[8.0679,49.4112],[8.0799,49.4177],[8.1004,49.4185],[8.1096,49.425],[8.1123,49.4299],[8.1192,49.4322],[8.126,49.4419],[8.1337,49.4459],[8.1543,49.4457],[8.1716,49.4518],[8.1889,49.4551],[8.1886,49.4584],[8.2061,49.4612],[8.2088,49.4585],[8.2219,49.4589],[8.2213,49.4645],[8.228,49.4666],[8.234,49.4688],[8.2364,49.4722],[8.2544,49.4775]]]},"properties":{"id":"07332002","name":"Bad Dürkheim","subdivision":"Bad Dürkheim","cx":8.046,"cy":49.431}},
{"type":"Feature","geometry":{"type":"MultiPolygon","coordinates":[[[[8.1714,49.5458],[8.1686,49.5523],[8.1806,49.5556],[8.1994,49.5568],[8.1967,49.5733],[8.1779,49.5721],[8.1707,49.5754],[8.1564,49.5963],[8.1402,49.5911],[8.1406,49.5816],[8.1449,49.5792],[8.1465,49.5683],[8.1424,49.5654],[8.1264,49.5637],[8.1234,49.5632],[8.1251,49.553],[8.127,49.5518],[8.1389,49.5566],[8.1408,49.5512],[8.1492,49.5508],[8.152,49.5437],[8.1714,49.5458]]],[[[8.0483,49.4994],[8.0377,49.4917],[8.0494,49.491],[8.0483,49.4994]]]]},"properties":{"id":"07332024","name":"Grünstadt","subdivision":"Bad Dürkheim","cx":8.161,"cy":49.567}},
{"type":"Feature","geometry":{"type":"Polygon","coordinates":[[[8.3144,49.3115],[8.3174,49.3161],[8.304,49.3499],[8.297,49.3565],[8.2929,49.3658],[8.295,49.3735],[8.2795,49.3891],[8.2696,49.3891],[8.2619,49.3848],[8.2526,49.3849],[8.2379,49.3815],[8.2234,49.3798],[8.2242,49.3731],[8.2179,49.3593],[8.2177,49.3475],[8.2274,49.3469],[8.2267,49.3329],[8.2342,49.3295],[8.2552,49.323],[8.2768,49.3196],[8.293,49.3149],[8.2994,49.3163],[8.3144,49.3115]]]},"properties":{"id":"07332025","name":"Haßloch","subdivision":"Bad Dürkheim","cx":8.266,"cy":49.351}},
{"type":"Feature","geometry":{"type":"Polygon","coordinates":[[[8.2094,49.4373],[8.212,49.4344],[8.2004,49.4274],[8.1948,49.4204],[8.1842,49.4188],[8.1733,49.4245],[8.1565,49.42],[8.1499,49.4203],[8.1385,49.4162],[8.1273,49.4156],[8.1133,49.4103],[8.1042,49.4033],[8.0912,49.4026],[8.0837,49.3998],[8.0671,49.3987],[8.0525,49.3863],[8.0519,49.3784],[8.0536,49.377],[8.0664,49.3802],[8.0802,49.3807],[8.0827,49.3892],[8.0964,49.3932],[8.1004,49.3922],[8.1071,49.3877],[8.1156,49.3868],[8.1231,49.3812],[8.1371,49.3887],[8.1319,49.3962],[8.1329,49.4009],[8.1543,49.3997],[8.1678,49.4008],[8.1786,49.4042],[8.2036,49.4033],[8.2116,49.4041],[8.2128,49.4042],[8.2056,49.4088],[8.2056,49.4177],[8.2142,49.4186],[8.2162,49.4243],[8.2264,49.4239],[8.2244,49.4296],[8.2333,49.43],[8.2343,49.4374],[8.2312,49.4388],[8.2136,49.4387],[8.2094,49.4373]]]},"properties":{"id":"07332009","name":"Deidesheim","subdivision":"Bad Dürkheim","cx":8.121,"cy":49.401}},
{"type":"Feature","geometry":{"type":"Polygon","coordinates":[[[8.2069,49.4377],[8.1975,49.4339],[8.174,49.4306],[8.1657,49.426],[8.1577,49.425],[8.1499,49.4203],[8.1565,49.42],[8.1733,49.4245],[8.1842,49.4188],[8.1948,49.4204],[8.2004,49.4274],[8.212,49.4344],[8.2094,49.4373],[8.2069,49.4377]]]},"properties":{"id":"07332017","name":"Forst an der Weinstraße","subdivision":"Bad Dürkheim","cx":8.186,"cy":49.426}},
{"type":"Feature","geometry":{"type":"Polygon","coordinates":[[[8.2234,49.3798],[8.2379,49.3815],[8.2526,49.3849],[8.2619,49.3848],[8.2696,49.3891],[8.2697,49.3948],[8.2594,49.4138],[8.2579,49.4209],[8.2378,49.4183],[8.2304,49.4168],[8.2222,49.4061],[8.2128,49.4042],[8.2116,49.4041],[8.2164,49.3895],[8.1988,49.3855],[8.2072,49.382],[8.2087,49.3783],[8.2234,49.3798]]]},"properties":{"id":"07332035","name":"Meckenheim","subdivision":"Bad Dürkheim","cx":8.239,"cy":49.398}},
{"type":"Feature","geometry":{"type":"Polygon","coordinates":[[[8.2128,49.4042],[8.2222,49.4061],[8.2304,49.4168],[8.2378,49.4183],[8.2333,49.43],[8.2244,49.4296],[8.2264,49.4239],[8.2162,49.4243],[8.2142,49.4186],[8.2056,49.4177],[8.2056,49.4088],[8.2128,49.4042]]]},"properties":{"id":"07332039","name":"Niederkirchen bei Deidesheim","subdivision":"Bad Dürkheim","cx":8.221,"cy":49.417}},
{"type":"Feature","geometry":{"type":"Polygon","coordinates":[[[8.1988,49.3855],[8.2164,49.3895],[8.2116,49.4041],[8.2036,49.4033],[8.1786,49.4042],[8.1678,49.4008],[8.1543,49.3997],[8.1329,49.4009],[8.1481,49.3919],[8.1693,49.3925],[8.1818,49.39],[8.1828,49.3829],[8.1988,49.3855]]]},"properties":{"id":"07332043","name":"Ruppertsberg","subdivision":"Bad Dürkheim","cx":8.189,"cy":49.395}},
{"type":"Feature","geometry":{"type":"MultiPolygon","coordinates":[[[[8.0244,49.461],[8.0354,49.4673],[8.04,49.4726],[8.0315,49.4725],[8.0191,49.4635],[8.0244,49.461]]],[[[8.0842,49.4941],[8.0891,49.4963],[8.1003,49.4963],[8.1093,49.4992],[8.1136,49.5032],[8.1269,49.5085],[8.1406,49.5174],[8.1641,49.525],[8.1664,49.5268],[8.1669,49.5291],[8.1592,49.5312],[8.1482,49.5307],[8.1397,49.5272],[8.1195,49.5108],[8.0991,49.507],[8.0842,49.4941]]]]},"properties":{"id":"07332005","name":"Bobenheim am Berg","subdivision":"Bad Dürkheim","cx":8.142,"cy":49.523}},
{"type":"Feature","geometry":{"type":"MultiPolygon","coordinates":[[[[8.0678,49.4753],[8.0574,49.4773],[8.0502,49.4749],[8.0469,49.4738],[8.0461,49.4706],[8.0629,49.4726],[8.0666,49.4729],[8.0678,49.4753]]],[[[8.198,49.5291],[8.1687,49.5261],[8.1753,49.514],[8.1912,49.5165],[8.2015,49.5195],[8.1996,49.5242],[8.198,49.5291]]]]},"properties":{"id":"07332008","name":"Dackenheim","subdivision":"Bad Dürkheim","cx":8.185,"cy":49.522}},
{"type":"Feature","geometry":{"type":"Polygon","coordinates":[[[8.2394,49.4889],[8.2388,49.4921],[8.2363,49.4989],[8.2032,49.4949],[8.2055,49.4858],[8.2132,49.4804],[8.2386,49.487],[8.2394,49.4889]]]},"properties":{"id":"07332015","name":"Erpolzheim","subdivision":"Bad Dürkheim","cx":8.221,"cy":49.49}},
{"type":"Feature","geometry":{"type":"MultiPolygon","coordinates":[[[[8.0971,49.4842],[8.1165,49.4772],[8.1249,49.4789],[8.122,49.4847],[8.1053,49.4856],[8.1046,49.4938],[8.0894,49.4886],[8.0822,49.4824],[8.0725,49.4777],[8.0726,49.4658],[8.0798,49.4633],[8.0883,49.4672],[8.0924,49.4722],[8.0906,49.4799],[8.0971,49.4842]]],[[[8.2032,49.4949],[8.2363,49.4989],[8.2367,49.5107],[8.234,49.5123],[8.23,49.5255],[8.2141,49.5236],[8.1996,49.5242],[8.2015,49.5195],[8.1912,49.5165],[8.1945,49.5046],[8.1867,49.4999],[8.1942,49.4944],[8.2032,49.4949]]]]},"properties":{"id":"07332019","name":"Freinsheim","subdivision":"Bad Dürkheim","cx":8.213,"cy":49.509}},
{"type":"Feature","geometry":{"type":"MultiPolygon","coordinates":[[[[8.0397,49.4605],[8.0468,49.4652],[8.0536,49.4661],[8.0629,49.4726],[8.0461,49.4706],[8.0376,49.4643],[8.0397,49.4605]]],[[[8.1256,49.4977],[8.1158,49.4971],[8.123,49.4882],[8.13,49.4918],[8.1256,49.4977]]],[[[8.1687,49.5008],[8.1867,49.4999],[8.1945,49.5046],[8.1912,49.5165],[8.1753,49.514],[8.1651,49.5042],[8.1687,49.5008]]]]},"properties":{"id":"07332026","name":"Herxheim am Berg","subdivision":"Bad Dürkheim","cx":8.181,"cy":49.507}},
{"type":"Feature","geometry":{"type":"MultiPolygon","coordinates":[[[[8.064,49.4531],[8.0624,49.4575],[8.0533,49.4612],[8.0536,49.4661],[8.0468,49.4652],[8.0397,49.4605],[8.0518,49.4596],[8.0531,49.4551],[8.064,49.4531]]],[[[8.1249,49.4789],[8.1165,49.4772],[8.0971,49.4842],[8.1031,49.4794],[8.1233,49.4723],[8.1291,49.4724],[8.1329,49.4788],[8.1249,49.4789]]],[[[8.1942,49.4944],[8.1867,49.4999],[8.1687,49.5008],[8.1607,49.4882],[8.1514,49.4853],[8.1446,49.4755],[8.1554,49.4754],[8.1598,49.4793],[8.1743,49.4849],[8.1889,49.4877],[8.1942,49.4944]]]]},"properties":{"id":"07332028","name":"Kallstadt","subdivision":"Bad Dürkheim","cx":8.171,"cy":49.491}},
{"type":"Feature","geometry":{"type":"MultiPolygon","coordinates":[[[[8.0376,49.4643],[8.0461,49.4706],[8.0469,49.4738],[8.04,49.4726],[8.0354,49.4673],[8.0244,49.461],[8.0326,49.4598],[8.0376,49.4643]]],[[[8.1651,49.5042],[8.1753,49.514],[8.1687,49.5261],[8.1664,49.5268],[8.1641,49.525],[8.1406,49.5174],[8.1269,49.5085],[8.1136,49.5032],[8.1093,49.4992],[8.1003,49.4963],[8.0891,49.4963],[8.0842,49.4941],[8.0822,49.4824],[8.0894,49.4886],[8.1046,49.4938],[8.1158,49.4971],[8.1256,49.4977],[8.1311,49.4976],[8.1463,49.5024],[8.1651,49.5042]]]]},"properties":{"id":"07332049","name":"Weisenheim am Berg","subdivision":"Bad Dürkheim","cx":8.152,"cy":49.512}},
{"type":"Feature","geometry":{"type":"MultiPolygon","coordinates":[[[[8.0666,49.4729],[8.0629,49.4726],[8.0536,49.4661],[8.0533,49.4612],[8.0624,49.4575],[8.064,49.4531],[8.0776,49.4555],[8.069,49.4618],[8.0666,49.4729]]],[[[8.123,49.4882],[8.1158,49.4971],[8.1046,49.4938],[8.1053,49.4856],[8.122,49.4847],[8.123,49.4882]]],[[[8.2388,49.4921],[8.2491,49.494],[8.2555,49.4927],[8.2706,49.4982],[8.2641,49.5077],[8.2714,49.5085],[8.266,49.5284],[8.2579,49.5287],[8.2564,49.5335],[8.239,49.5337],[8.23,49.5255],[8.234,49.5123],[8.2367,49.5107],[8.2363,49.4989],[8.2388,49.4921]]]]},"properties":{"id":"07332050","name":"Weisenheim am Sand","subdivision":"Bad Dürkheim","cx":8.251,"cy":49.513}},
{"type":"Feature","geometry":{"type":"Polygon","coordinates":[[[8.1482,49.5307],[8.1419,49.5381],[8.1374,49.5384],[8.1185,49.532],[8.1076,49.5228],[8.1068,49.5199],[8.1082,49.5133],[8.1022,49.5121],[8.0991,49.507],[8.1195,49.5108],[8.1397,49.5272],[8.1482,49.5307]]]},"properties":{"id":"07332003","name":"Battenberg (Pfalz)","subdivision":"Bad Dürkheim","cx":8.123,"cy":49.524}},
{"type":"Feature","geometry":{"type":"Polygon","coordinates":[[[8.1996,49.5242],[8.2141,49.5236],[8.2086,49.5381],[8.2109,49.542],[8.2071,49.548],[8.2019,49.5469],[8.1962,49.5404],[8.1908,49.541],[8.198,49.5291],[8.1996,49.5242]]]},"properties":{"id":"07332004","name":"Bissersheim","subdivision":"Bad Dürkheim","cx":8.203,"cy":49.535}},
{"type":"Feature","geometry":{"type":"Polygon","coordinates":[[[8.2065,49.6212],[8.2005,49.621],[8.1914,49.6276],[8.1833,49.6289],[8.1671,49.6253],[8.1716,49.624],[8.1718,49.6168],[8.1775,49.6109],[8.1729,49.6071],[8.1586,49.6037],[8.1589,49.6007],[8.1401,49.5935],[8.1402,49.5911],[8.1564,49.5963],[8.1824,49.5929],[8.2009,49.5963],[8.223,49.6034],[8.2189,49.61],[8.2118,49.6107],[8.2065,49.6212]]]},"properties":{"id":"07332006","name":"Bockenheim an der Weinstraße","subdivision":"Bad Dürkheim","cx":8.19,"cy":49.608}},
{"type":"Feature","geometry":{"type":"Polygon","coordinates":[[[8.2562,49.5913],[8.233,49.5881],[8.2216,49.5842],[8.2201,49.5792],[8.2226,49.5671],[8.2178,49.5606],[8.229,49.562],[8.2485,49.5547],[8.2825,49.558],[8.2793,49.5739],[8.281,49.5868],[8.268,49.5864],[8.2562,49.5913]]]},"properties":{"id":"07332010","name":"Dirmstein","subdivision":"Bad Dürkheim","cx":8.252,"cy":49.573}},
{"type":"Feature","geometry":{"type":"Polygon","coordinates":[[[8.1234,49.5632],[8.1147,49.5675],[8.1162,49.5792],[8.112,49.5835],[8.0991,49.5781],[8.0895,49.5764],[8.0936,49.5673],[8.0865,49.5674],[8.1014,49.554],[8.1118,49.5572],[8.1251,49.553],[8.1234,49.5632]]]},"properties":{"id":"07332012","name":"Ebertsheim","subdivision":"Bad Dürkheim","cx":8.105,"cy":49.567}},
{"type":"Feature","geometry":{"type":"Polygon","coordinates":[[[8.2485,49.5547],[8.253,49.5363],[8.2562,49.5362],[8.2678,49.5371],[8.2817,49.5428],[8.2806,49.5483],[8.2842,49.5503],[8.2825,49.558],[8.2485,49.5547]]]},"properties":{"id":"07332021","name":"Gerolsheim","subdivision":"Bad Dürkheim","cx":8.266,"cy":49.548}},
{"type":"Feature","geometry":{"type":"Polygon","coordinates":[[[8.23,49.5255],[8.239,49.5337],[8.2334,49.5462],[8.215,49.549],[8.2109,49.5535],[8.2064,49.5531],[8.2071,49.548],[8.2109,49.542],[8.2086,49.5381],[8.2141,49.5236],[8.23,49.5255]]]},"properties":{"id":"07332023","name":"Großkarlbach","subdivision":"Bad Dürkheim","cx":8.222,"cy":49.537}},
{"type":"Feature","geometry":{"type":"Polygon","coordinates":[[[8.1524,49.6269],[8.1406,49.6197],[8.1361,49.6156],[8.129,49.6134],[8.1279,49.6102],[8.1156,49.6047],[8.1212,49.5961],[8.1267,49.5971],[8.1401,49.5935],[8.1589,49.6007],[8.1586,49.6037],[8.1729,49.6071],[8.1775,49.6109],[8.1718,49.6168],[8.1716,49.624],[8.1671,49.6253],[8.1541,49.623],[8.1524,49.6269]]]},"properties":{"id":"07332029","name":"Kindenheim","subdivision":"Bad Dürkheim","cx":8.148,"cy":49.609}},
{"type":"Feature","geometry":{"type":"MultiPolygon","coordinates":[[[[8.1714,49.5458],[8.171,49.5354],[8.1669,49.5291],[8.1664,49.5268],[8.1687,49.5261],[8.198,49.5291],[8.1908,49.541],[8.1962,49.5404],[8.2019,49.5469],[8.2071,49.548],[8.2064,49.5531],[8.1994,49.5568],[8.1806,49.5556],[8.1686,49.5523],[8.1714,49.5458]]],[[[8.04,49.4726],[8.0469,49.4738],[8.0502,49.4749],[8.0465,49.4798],[8.0498,49.4905],[8.0296,49.4809],[8.0217,49.472],[8.0191,49.4635],[8.0315,49.4725],[8.04,49.4726]]]]},"properties":{"id":"07332030","name":"Kirchheim an der Weinstraße","subdivision":"Bad Dürkheim","cx":8.182,"cy":49.543}},
{"type":"Feature","geometry":{"type":"Polygon","coordinates":[[[8.152,49.5437],[8.1425,49.5416],[8.1419,49.5381],[8.1482,49.5307],[8.1592,49.5312],[8.1669,49.5291],[8.171,49.5354],[8.1714,49.5458],[8.152,49.5437]]]},"properties":{"id":"07332031","name":"Kleinkarlbach","subdivision":"Bad Dürkheim","cx":8.158,"cy":49.538}},
{"type":"Feature","geometry":{"type":"Polygon","coordinates":[[[8.2564,49.5335],[8.2562,49.5362],[8.253,49.5363],[8.2485,49.5547],[8.229,49.562],[8.2178,49.5606],[8.2109,49.5535],[8.215,49.549],[8.2334,49.5462],[8.239,49.5337],[8.2564,49.5335]]]},"properties":{"id":"07332033","name":"Laumersheim","subdivision":"Bad Dürkheim","cx":8.24,"cy":49.55}},
{"type":"Feature","geometry":{"type":"Polygon","coordinates":[[[8.1406,49.5816],[8.1311,49.5787],[8.1232,49.5693],[8.1264,49.5637],[8.1424,49.5654],[8.1465,49.5683],[8.1449,49.5792],[8.1406,49.5816]]]},"properties":{"id":"07332036","name":"Mertesheim","subdivision":"Bad Dürkheim","cx":8.136,"cy":49.572}},
{"type":"Feature","geometry":{"type":"Polygon","coordinates":[[[8.234,49.4688],[8.228,49.4666],[8.2313,49.4539],[8.2315,49.4412],[8.2358,49.4396],[8.2621,49.4423],[8.2652,49.4455],[8.2806,49.4467],[8.2837,49.4469],[8.2804,49.4554],[8.2759,49.4568],[8.2611,49.4533],[8.26,49.4571],[8.2479,49.4571],[8.2446,49.4619],[8.2339,49.462],[8.234,49.4688]]]},"properties":{"id":"07332022","name":"Gönnheim","subdivision":"Bad Dürkheim","cx":8.244,"cy":49.449}},
{"type":"Feature","geometry":{"type":"MultiPolygon","coordinates":[[[[8.0191,49.4635],[8.0217,49.472],[8.0296,49.4809],[8.0219,49.4881],[8.0061,49.4855],[8.0039,49.4893],[7.9951,49.4861],[8.0104,49.4679],[8.0191,49.4635]]],[[[8.127,49.5518],[8.1222,49.5444],[8.1011,49.5345],[8.0997,49.5316],[8.0895,49.5281],[8.0913,49.5233],[8.0816,49.5191],[8.084,49.5138],[8.0919,49.514],[8.0967,49.5199],[8.1068,49.5199],[8.1076,49.5228],[8.1185,49.532],[8.1374,49.5384],[8.1419,49.5381],[8.1425,49.5416],[8.152,49.5437],[8.1492,49.5508],[8.1408,49.5512],[8.1389,49.5566],[8.127,49.5518]]]]},"properties":{"id":"07332038","name":"Neuleiningen","subdivision":"Bad Dürkheim","cx":8.131,"cy":49.544}},
{"type":"Feature","geometry":{"type":"Polygon","coordinates":[[[7.7908,49.7236],[7.7936,49.7192],[7.7827,49.7164],[7.7782,49.71],[7.771,49.708],[7.7561,49.7074],[7.7726,49.7049],[7.7765,49.7025],[7.795,49.7071],[7.7956,49.7129],[7.8011,49.7166],[7.7948,49.7229],[7.7908,49.7236]]]},"properties":{"id":"07333072","name":"Sitters","subdivision":"Donnersbergkreis","cx":7.786,"cy":49.711}},
{"type":"Feature","geometry":{"type":"Polygon","coordinates":[[[7.7227,49.7142],[7.7281,49.7096],[7.7352,49.6974],[7.7456,49.7033],[7.7561,49.7074],[7.7564,49.7219],[7.7393,49.7275],[7.7244,49.7207],[7.7227,49.7142]]]},"properties":{"id":"07333078","name":"Unkenbach","subdivision":"Donnersbergkreis","cx":7.741,"cy":49.714}},
{"type":"Feature","geometry":{"type":"Polygon","coordinates":[[[8.1994,49.5568],[8.2064,49.5531],[8.2109,49.5535],[8.2178,49.5606],[8.2226,49.5671],[8.2201,49.5792],[8.2086,49.578],[8.1967,49.5733],[8.1994,49.5568]]]},"properties":{"id":"07332040","name":"Obersülzen","subdivision":"Bad Dürkheim","cx":8.21,"cy":49.567}},
{"type":"Feature","geometry":{"type":"Polygon","coordinates":[[[8.223,49.6034],[8.2009,49.5963],[8.1824,49.5929],[8.1564,49.5963],[8.1707,49.5754],[8.1779,49.5721],[8.1967,49.5733],[8.2086,49.578],[8.2201,49.5792],[8.2216,49.5842],[8.233,49.5881],[8.2236,49.5986],[8.223,49.6034]]]},"properties":{"id":"07332041","name":"Obrigheim (Pfalz)","subdivision":"Bad Dürkheim","cx":8.196,"cy":49.585}},
{"type":"Feature","geometry":{"type":"Polygon","coordinates":[[[8.1264,49.5637],[8.1232,49.5693],[8.1311,49.5787],[8.1406,49.5816],[8.1402,49.5911],[8.1401,49.5935],[8.1267,49.5971],[8.1212,49.5961],[8.1118,49.5921],[8.112,49.5835],[8.1162,49.5792],[8.1147,49.5675],[8.1234,49.5632],[8.1264,49.5637]]]},"properties":{"id":"07332042","name":"Quirnheim","subdivision":"Bad Dürkheim","cx":8.124,"cy":49.585}},
{"type":"Feature","geometry":{"type":"Polygon","coordinates":[[[8.0725,49.4777],[8.0822,49.4824],[8.0842,49.4941],[8.0991,49.507],[8.1022,49.5121],[8.1082,49.5133],[8.1068,49.5199],[8.0967,49.5199],[8.0919,49.514],[8.084,49.5138],[8.0816,49.5191],[8.0697,49.5142],[8.0587,49.5083],[8.0483,49.4994],[8.0494,49.491],[8.0498,49.4905],[8.0465,49.4798],[8.0502,49.4749],[8.0574,49.4773],[8.0678,49.4753],[8.0725,49.4777]]]},"properties":{"id":"07332001","name":"Altleiningen","subdivision":"Bad Dürkheim","cx":8.069,"cy":49.497}},
{"type":"Feature","geometry":{"type":"Polygon","coordinates":[[[8.0483,49.4994],[8.0587,49.5083],[8.0697,49.5142],[8.0581,49.5164],[8.0492,49.5147],[8.0334,49.5067],[8.0305,49.5037],[8.017,49.501],[8.004,49.4941],[8.0039,49.4893],[8.0061,49.4855],[8.0219,49.4881],[8.0296,49.4809],[8.0498,49.4905],[8.0494,49.491],[8.0377,49.4917],[8.0483,49.4994]]]},"properties":{"id":"07332007","name":"Carlsberg","subdivision":"Bad Dürkheim","cx":8.03,"cy":49.495}},
{"type":"Feature","geometry":{"type":"Polygon","coordinates":[[[8.1011,49.5345],[8.0966,49.5344],[8.0931,49.5456],[8.0859,49.5468],[8.0631,49.5427],[8.0555,49.5383],[8.0466,49.5301],[8.0443,49.5241],[8.0623,49.5312],[8.0838,49.5322],[8.0895,49.5281],[8.0997,49.5316],[8.1011,49.5345]]]},"properties":{"id":"07332027","name":"Hettenleidelheim","subdivision":"Bad Dürkheim","cx":8.08,"cy":49.539}},
{"type":"Feature","geometry":{"type":"Polygon","coordinates":[[[8.1251,49.553],[8.1118,49.5572],[8.1014,49.554],[8.0859,49.5468],[8.0931,49.5456],[8.0966,49.5344],[8.1011,49.5345],[8.1222,49.5444],[8.127,49.5518],[8.1251,49.553]]]},"properties":{"id":"07332044","name":"Tiefenthal (Bad Dürkheim)","subdivision":"Bad Dürkheim","cx":8.107,"cy":49.547}},
{"type":"Feature","geometry":{"type":"Polygon","coordinates":[[[7.9951,49.4861],[8.0039,49.4893],[8.004,49.4941],[8.017,49.501],[8.0305,49.5037],[8.0334,49.5067],[8.0492,49.5147],[8.0581,49.5164],[8.0697,49.5142],[8.0816,49.5191],[8.0913,49.5233],[8.0895,49.5281],[8.0838,49.5322],[8.0623,49.5312],[8.0443,49.5241],[8.0211,49.5137],[8.0147,49.5073],[8.0145,49.5024],[8.0081,49.498],[7.999,49.497],[7.9901,49.4928],[7.9729,49.4934],[7.9641,49.4896],[7.9552,49.4885],[7.9511,49.4844],[7.9523,49.4741],[7.9622,49.4749],[7.9748,49.4798],[7.9812,49.4805],[7.9951,49.4861]]]},"properties":{"id":"07332047","name":"Wattenheim","subdivision":"Bad Dürkheim","cx":8.063,"cy":49.523}},
{"type":"Feature","geometry":{"type":"Polygon","coordinates":[[[8.2088,49.4585],[8.2061,49.4612],[8.1886,49.4584],[8.1889,49.4551],[8.1716,49.4518],[8.1543,49.4457],[8.1337,49.4459],[8.126,49.4419],[8.1192,49.4322],[8.1123,49.4299],[8.1096,49.425],[8.1004,49.4185],[8.0799,49.4177],[8.0679,49.4112],[8.0598,49.4042],[8.0671,49.3987],[8.0837,49.3998],[8.0912,49.4026],[8.1042,49.4033],[8.1133,49.4103],[8.1273,49.4156],[8.1385,49.4162],[8.1499,49.4203],[8.1577,49.425],[8.1657,49.426],[8.174,49.4306],[8.1975,49.4339],[8.2069,49.4377],[8.2088,49.4585]]]},"properties":{"id":"07332046","name":"Wachenheim an der Weinstraße","subdivision":"Bad Dürkheim","cx":8.141,"cy":49.431}},
{"type":"Feature","geometry":{"type":"Polygon","coordinates":[[[7.7976,49.7537],[7.8008,49.7473],[7.8123,49.7477],[7.8147,49.7436],[7.8081,49.7402],[7.8065,49.7304],[7.802,49.7248],[7.7948,49.7229],[7.8011,49.7166],[7.7956,49.7129],[7.795,49.7071],[7.8,49.7055],[7.8102,49.7154],[7.8309,49.7061],[7.8393,49.7053],[7.8431,49.7063],[7.8469,49.7111],[7.8468,49.7243],[7.8441,49.7275],[7.8365,49.7276],[7.8294,49.734],[7.8269,49.7416],[7.8249,49.7474],[7.8377,49.7512],[7.8386,49.7563],[7.8309,49.756],[7.8242,49.7519],[7.8041,49.7576],[7.7951,49.7579],[7.7976,49.7537]]]},"properties":{"id":"07333003","name":"Alsenz","subdivision":"Donnersbergkreis","cx":7.819,"cy":49.728}},
{"type":"Feature","geometry":{"type":"Polygon","coordinates":[[[7.8405,49.3589],[7.8342,49.3559],[7.8275,49.3453],[7.8246,49.3348],[7.8259,49.3292],[7.832,49.3238],[7.8453,49.3299],[7.8554,49.3287],[7.8606,49.3182],[7.8677,49.3133],[7.8713,49.3113],[7.8813,49.3133],[7.8931,49.3117],[7.9133,49.3164],[7.9201,49.3153],[7.9272,49.3099],[7.9367,49.309],[7.9393,49.32],[7.9478,49.3233],[7.962,49.3252],[7.9723,49.3292],[7.9772,49.3334],[7.9815,49.3339],[7.9841,49.3424],[7.9875,49.3485],[7.9825,49.3597],[7.9779,49.3622],[7.9752,49.3715],[7.9686,49.3819],[7.9761,49.3949],[7.9634,49.4005],[7.9541,49.3981],[7.9504,49.3905],[7.9427,49.3881],[7.9231,49.3933],[7.906,49.3881],[7.8963,49.3792],[7.8839,49.38],[7.8721,49.3744],[7.866,49.3759],[7.8571,49.3735],[7.8488,49.3622],[7.8405,49.3589]]]},"properties":{"id":"07332014","name":"Elmstein","subdivision":"Bad Dürkheim","cx":7.913,"cy":49.35}},
{"type":"Feature","geometry":{"type":"Polygon","coordinates":[[[8.0255,49.3556],[8.0307,49.3639],[8.0367,49.3678],[8.0277,49.3721],[8.0195,49.3792],[8.0092,49.3836],[7.9945,49.3864],[7.9849,49.393],[7.9761,49.3949],[7.9686,49.3819],[7.9752,49.3715],[7.9779,49.3622],[7.9825,49.3597],[7.9875,49.3485],[7.9841,49.3424],[7.9933,49.3395],[7.9996,49.3438],[8.0087,49.3446],[8.0147,49.3522],[8.0255,49.3556]]]},"properties":{"id":"07332016","name":"Esthal","subdivision":"Bad Dürkheim","cx":7.999,"cy":49.368}},
{"type":"Feature","geometry":{"type":"Polygon","coordinates":[[[8.0519,49.3784],[8.0325,49.386],[8.0191,49.3868],[8.0124,49.3894],[8.0065,49.3876],[7.9849,49.393],[7.9945,49.3864],[8.0092,49.3836],[8.0195,49.3792],[8.0277,49.3721],[8.0367,49.3678],[8.0452,49.3705],[8.0536,49.377],[8.0519,49.3784]]]},"properties":{"id":"07332018","name":"Frankeneck","subdivision":"Bad Dürkheim","cx":8.03,"cy":49.379}},
{"type":"Feature","geometry":{"type":"Polygon","coordinates":[[[8.0807,49.3626],[8.0884,49.3712],[8.0867,49.377],[8.0802,49.3807],[8.0664,49.3802],[8.0536,49.377],[8.0452,49.3705],[8.0367,49.3678],[8.0307,49.3639],[8.0255,49.3556],[8.0322,49.3534],[8.0502,49.353],[8.0644,49.3595],[8.0807,49.3626]]]},"properties":{"id":"07332032","name":"Lambrecht (Pfalz)","subdivision":"Bad Dürkheim","cx":8.058,"cy":49.367}},
{"type":"Feature","geometry":{"type":"Polygon","coordinates":[[[8.1004,49.3922],[8.0964,49.3932],[8.0827,49.3892],[8.0802,49.3807],[8.0867,49.377],[8.0884,49.3712],[8.0807,49.3626],[8.0907,49.3602],[8.1035,49.3649],[8.1067,49.3695],[8.0974,49.3724],[8.0999,49.3809],[8.1004,49.3922]]]},"properties":{"id":"07332034","name":"Lindenberg","subdivision":"Bad Dürkheim","cx":8.092,"cy":49.382}},
{"type":"Feature","geometry":{"type":"Polygon","coordinates":[[[8.026,49.3995],[8.0201,49.398],[8.0124,49.3894],[8.0191,49.3868],[8.0325,49.386],[8.0519,49.3784],[8.0525,49.3863],[8.0671,49.3987],[8.0598,49.4042],[8.0506,49.4065],[8.037,49.4056],[8.026,49.3995]]]},"properties":{"id":"07332037","name":"Neidenfels","subdivision":"Bad Dürkheim","cx":8.041,"cy":49.394}},
{"type":"Feature","geometry":{"type":"Polygon","coordinates":[[[7.9827,49.4296],[7.9637,49.4235],[7.9509,49.4171],[7.9506,49.4131],[7.9634,49.4005],[7.9761,49.3949],[7.9849,49.393],[8.0065,49.3876],[8.0124,49.3894],[8.0201,49.398],[8.026,49.3995],[8.0217,49.4059],[8.0165,49.4068],[8.0084,49.4148],[7.997,49.4207],[7.9975,49.4297],[7.9872,49.4263],[7.9827,49.4296]]]},"properties":{"id":"07332048","name":"Weidenthal","subdivision":"Bad Dürkheim","cx":7.987,"cy":49.408}},
{"type":"Feature","geometry":{"type":"Polygon","coordinates":[[[7.7217,49.6732],[7.7254,49.6723],[7.746,49.6768],[7.7506,49.6718],[7.7578,49.6726],[7.7605,49.668],[7.7666,49.6685],[7.7648,49.6794],[7.7591,49.6827],[7.7636,49.6887],[7.7564,49.6932],[7.7514,49.7009],[7.7456,49.7033],[7.7352,49.6974],[7.7295,49.6922],[7.7199,49.6832],[7.7217,49.6732]]]},"properties":{"id":"07333021","name":"Finkenbach-Gersweiler","subdivision":"Donnersbergkreis","cx":7.743,"cy":49.687}},
{"type":"Feature","geometry":{"type":"Polygon","coordinates":[[[7.8431,49.7063],[7.8421,49.6985],[7.8447,49.6926],[7.8662,49.6948],[7.8819,49.69],[7.8934,49.697],[7.9006,49.706],[7.8921,49.7098],[7.9,49.7131],[7.8998,49.7178],[7.9093,49.7209],[7.9147,49.7261],[7.908,49.7278],[7.9075,49.7234],[7.8908,49.7185],[7.8832,49.7185],[7.8741,49.7115],[7.868,49.7161],[7.8597,49.7152],[7.8469,49.7111],[7.8431,49.7063]]]},"properties":{"id":"07333023","name":"Gaugrehweiler","subdivision":"Donnersbergkreis","cx":7.878,"cy":49.702}},
{"type":"Feature","geometry":{"type":"Polygon","coordinates":[[[7.8441,49.7275],[7.8543,49.7333],[7.8269,49.7416],[7.8294,49.734],[7.8365,49.7276],[7.8441,49.7275]]]},"properties":{"id":"07333036","name":"Kalkofen","subdivision":"Donnersbergkreis","cx":7.839,"cy":49.733}},
{"type":"Feature","geometry":{"type":"Polygon","coordinates":[[[7.777,49.6823],[7.803,49.6826],[7.8066,49.6882],[7.8201,49.6902],[7.8297,49.6942],[7.821,49.6981],[7.7986,49.7042],[7.7872,49.6952],[7.7848,49.688],[7.777,49.6823]]]},"properties":{"id":"07333043","name":"Mannweiler-Cölln","subdivision":"Donnersbergkreis","cx":7.801,"cy":49.694}},
{"type":"Feature","geometry":{"type":"Polygon","coordinates":[[[7.8468,49.7243],[7.8597,49.7251],[7.8728,49.7295],[7.8789,49.722],[7.8908,49.7185],[7.9075,49.7234],[7.908,49.7278],[7.9121,49.7326],[7.9089,49.7358],[7.8987,49.7352],[7.8811,49.7427],[7.8752,49.7412],[7.867,49.7363],[7.8543,49.7333],[7.8441,49.7275],[7.8468,49.7243]]]},"properties":{"id":"07333049","name":"Münsterappel","subdivision":"Donnersbergkreis","cx":7.883,"cy":49.731}},
{"type":"Feature","geometry":{"type":"Polygon","coordinates":[[[7.8701,49.756],[7.8794,49.7441],[7.8752,49.7412],[7.8811,49.7427],[7.8987,49.7352],[7.9089,49.7358],[7.9121,49.7326],[7.9112,49.7377],[7.9175,49.7433],[7.9055,49.7493],[7.9054,49.7523],[7.9016,49.7526],[7.8979,49.762],[7.8873,49.758],[7.8701,49.756]]]},"properties":{"id":"07333050","name":"Niederhausen an der Appel","subdivision":"Donnersbergkreis","cx":7.894,"cy":49.747}},
{"type":"Feature","geometry":{"type":"Polygon","coordinates":[[[7.7744,49.7525],[7.7692,49.7431],[7.7818,49.7341],[7.7908,49.7236],[7.7948,49.7229],[7.802,49.7248],[7.8065,49.7304],[7.8081,49.7402],[7.8147,49.7436],[7.8123,49.7477],[7.8008,49.7473],[7.7976,49.7537],[7.7804,49.7512],[7.7744,49.7525]]]},"properties":{"id":"07333051","name":"Niedermoschel","subdivision":"Donnersbergkreis","cx":7.792,"cy":49.74}},
{"type":"Feature","geometry":{"type":"Polygon","coordinates":[[[7.8469,49.7111],[7.8597,49.7152],[7.868,49.7161],[7.8741,49.7115],[7.8832,49.7185],[7.8908,49.7185],[7.8789,49.722],[7.8728,49.7295],[7.8597,49.7251],[7.8468,49.7243],[7.8469,49.7111]]]},"properties":{"id":"07333053","name":"Oberhausen an der Appel","subdivision":"Donnersbergkreis","cx":7.868,"cy":49.722}},
{"type":"Feature","geometry":{"type":"Polygon","coordinates":[[[7.7393,49.7275],[7.7564,49.7219],[7.7561,49.7074],[7.771,49.708],[7.7782,49.71],[7.7827,49.7164],[7.7936,49.7192],[7.7908,49.7236],[7.7818,49.7341],[7.7692,49.7431],[7.7744,49.7525],[7.7767,49.7566],[7.7723,49.7643],[7.7662,49.7641],[7.7578,49.7589],[7.7665,49.7444],[7.7641,49.7435],[7.7393,49.7275]]]},"properties":{"id":"07333054","name":"Obermoschel","subdivision":"Donnersbergkreis","cx":7.768,"cy":49.728}},
{"type":"Feature","geometry":{"type":"Polygon","coordinates":[[[7.8,49.7055],[7.7986,49.7042],[7.821,49.6981],[7.8393,49.7053],[7.8309,49.7061],[7.8102,49.7154],[7.8,49.7055]]]},"properties":{"id":"07333055","name":"Oberndorf","subdivision":"Donnersbergkreis","cx":7.817,"cy":49.706}},
{"type":"Feature","geometry":{"type":"Polygon","coordinates":[[[7.7561,49.7074],[7.7456,49.7033],[7.7514,49.7009],[7.7564,49.6932],[7.7636,49.6887],[7.7591,49.6827],[7.7648,49.6794],[7.7666,49.6685],[7.7761,49.6719],[7.777,49.6823],[7.7848,49.688],[7.7872,49.6952],[7.7986,49.7042],[7.8,49.7055],[7.795,49.7071],[7.7765,49.7025],[7.7726,49.7049],[7.7561,49.7074]]]},"properties":{"id":"07333067","name":"Schiersfeld","subdivision":"Donnersbergkreis","cx":7.772,"cy":49.693}},
{"type":"Feature","geometry":{"type":"Polygon","coordinates":[[[7.7125,49.6667],[7.7033,49.6525],[7.7112,49.6478],[7.7206,49.6463],[7.7269,49.6499],[7.7392,49.6527],[7.745,49.6586],[7.7605,49.668],[7.7578,49.6726],[7.7506,49.6718],[7.746,49.6768],[7.7254,49.6723],[7.7217,49.6732],[7.7125,49.6667]]]},"properties":{"id":"07333079","name":"Waldgrehweiler","subdivision":"Donnersbergkreis","cx":7.73,"cy":49.662}},
{"type":"Feature","geometry":{"type":"Polygon","coordinates":[[[7.8599,49.7658],[7.852,49.7623],[7.8438,49.7622],[7.8386,49.7563],[7.8377,49.7512],[7.8249,49.7474],[7.8269,49.7416],[7.8543,49.7333],[7.867,49.7363],[7.8752,49.7412],[7.8794,49.7441],[7.8701,49.756],[7.8599,49.7658]]]},"properties":{"id":"07333083","name":"Winterborn","subdivision":"Donnersbergkreis","cx":7.853,"cy":49.748}},
{"type":"Feature","geometry":{"type":"Polygon","coordinates":[[[8.0865,49.5674],[8.0662,49.5652],[8.0557,49.5652],[8.0416,49.5578],[8.0292,49.5553],[8.0187,49.5579],[8.0078,49.5582],[7.9979,49.5533],[7.9918,49.5585],[7.9832,49.5502],[7.9904,49.5442],[8.0049,49.5443],[8.0249,49.5465],[8.0338,49.5422],[8.0277,49.5286],[8.0157,49.5208],[8.0211,49.5137],[8.0443,49.5241],[8.0466,49.5301],[8.0555,49.5383],[8.0631,49.5427],[8.0859,49.5468],[8.1014,49.554],[8.0865,49.5674]]]},"properties":{"id":"07333019","name":"Eisenberg (Pfalz)","subdivision":"Donnersbergkreis","cx":8.045,"cy":49.547}},
{"type":"Feature","geometry":{"type":"Polygon","coordinates":[[[8.0895,49.5764],[8.0865,49.5759],[8.0794,49.5881],[8.0665,49.5878],[8.0494,49.5849],[8.0335,49.5761],[8.007,49.5697],[8.0038,49.573],[7.993,49.5667],[7.9803,49.5634],[7.9725,49.5677],[7.9667,49.5572],[7.9732,49.5514],[7.9594,49.5431],[7.9578,49.5329],[7.9575,49.5297],[7.9718,49.5341],[7.9642,49.5381],[7.9627,49.5443],[7.9755,49.5493],[7.9832,49.5502],[7.9918,49.5585],[7.9979,49.5533],[8.0078,49.5582],[8.0187,49.5579],[8.0292,49.5553],[8.0416,49.5578],[8.0557,49.5652],[8.0662,49.5652],[8.0865,49.5674],[8.0936,49.5673],[8.0895,49.5764]]]},"properties":{"id":"07333038","name":"Kerzenheim","subdivision":"Donnersbergkreis","cx":8.045,"cy":49.571}},
{"type":"Feature","geometry":{"type":"Polygon","coordinates":[[[8.0211,49.5137],[8.0157,49.5208],[8.0277,49.5286],[8.0338,49.5422],[8.0249,49.5465],[8.0049,49.5443],[7.9904,49.5442],[7.9832,49.5502],[7.9755,49.5493],[7.9627,49.5443],[7.9642,49.5381],[7.9718,49.5341],[7.9575,49.5297],[7.9514,49.5222],[7.951,49.5143],[7.957,49.5095],[7.9582,49.4986],[7.9566,49.493],[7.9641,49.4896],[7.9729,49.4934],[7.9901,49.4928],[7.999,49.497],[8.0081,49.498],[8.0145,49.5024],[8.0147,49.5073],[8.0211,49.5137]]]},"properties":{"id":"07333060","name":"Ramsen","subdivision":"Donnersbergkreis","cx":7.989,"cy":49.521}},
{"type":"Feature","geometry":{"type":"Polygon","coordinates":[[[8.0874,49.6629],[8.0865,49.653],[8.0689,49.6488],[8.0626,49.6496],[8.0489,49.6454],[8.0573,49.6366],[8.0635,49.6252],[8.0757,49.6276],[8.0836,49.6289],[8.0921,49.635],[8.0991,49.6368],[8.1023,49.647],[8.1099,49.6475],[8.1132,49.6631],[8.1116,49.6658],[8.0874,49.6629]]]},"properties":{"id":"07333001","name":"Albisheim (Pfrimm)","subdivision":"Donnersbergkreis","cx":8.084,"cy":49.642}},
{"type":"Feature","geometry":{"type":"Polygon","coordinates":[[[8.129,49.6134],[8.1242,49.6135],[8.1155,49.619],[8.1056,49.6158],[8.0874,49.6111],[8.0886,49.6014],[8.0837,49.599],[8.0832,49.5925],[8.0985,49.5948],[8.1118,49.5921],[8.1212,49.5961],[8.1156,49.6047],[8.1279,49.6102],[8.129,49.6134]]]},"properties":{"id":"07333006","name":"Biedesheim","subdivision":"Donnersbergkreis","cx":8.105,"cy":49.605}},
{"type":"Feature","geometry":{"type":"Polygon","coordinates":[[[8.1406,49.6197],[8.1426,49.623],[8.1276,49.6338],[8.1177,49.6366],[8.1099,49.6331],[8.1143,49.6251],[8.1315,49.6154],[8.1361,49.6156],[8.1406,49.6197]]]},"properties":{"id":"07333012","name":"Bubenheim (Donnersbergkreis)","subdivision":"Donnersbergkreis","cx":8.126,"cy":49.626}},
{"type":"Feature","geometry":{"type":"Polygon","coordinates":[[[7.9714,49.5792],[7.9839,49.5816],[8.0062,49.5891],[8.0143,49.5904],[8.0268,49.5968],[8.0278,49.6019],[8.0362,49.6051],[8.0259,49.614],[8.0207,49.6146],[8.0093,49.6128],[7.9995,49.6086],[7.9768,49.608],[7.9738,49.6025],[7.9872,49.5974],[7.9743,49.5899],[7.9714,49.5792]]]},"properties":{"id":"07333017","name":"Dreisen","subdivision":"Donnersbergkreis","cx":8.002,"cy":49.599}},
{"type":"Feature","geometry":{"type":"Polygon","coordinates":[[[8.1116,49.6658],[8.1132,49.6631],[8.1099,49.6475],[8.1189,49.646],[8.1289,49.6474],[8.1347,49.6511],[8.1461,49.6513],[8.1457,49.661],[8.1324,49.6735],[8.1209,49.6707],[8.1116,49.6658]]]},"properties":{"id":"07333018","name":"Einselthum","subdivision":"Donnersbergkreis","cx":8.127,"cy":49.659}},
{"type":"Feature","geometry":{"type":"Polygon","coordinates":[[[8.0794,49.5881],[8.0832,49.5925],[8.0837,49.599],[8.0886,49.6014],[8.0874,49.6111],[8.0679,49.6064],[8.0609,49.6066],[8.0278,49.6019],[8.0268,49.5968],[8.0143,49.5904],[8.0062,49.5891],[7.9839,49.5816],[7.9714,49.5792],[7.9684,49.5739],[7.9725,49.5677],[7.9803,49.5634],[7.993,49.5667],[8.0038,49.573],[8.007,49.5697],[8.0335,49.5761],[8.0494,49.5849],[8.0665,49.5878],[8.0794,49.5881]]]},"properties":{"id":"07333026","name":"Göllheim","subdivision":"Donnersbergkreis","cx":8.031,"cy":49.587}},
{"type":"Feature","geometry":{"type":"Polygon","coordinates":[[[8.0757,49.6276],[8.0807,49.6245],[8.089,49.6264],[8.1099,49.6331],[8.1177,49.6366],[8.1189,49.646],[8.1099,49.6475],[8.1023,49.647],[8.0991,49.6368],[8.0921,49.635],[8.0836,49.6289],[8.0757,49.6276]]]},"properties":{"id":"07333032","name":"Immesheim","subdivision":"Donnersbergkreis","cx":8.107,"cy":49.639}},
{"type":"Feature","geometry":{"type":"Polygon","coordinates":[[[8.112,49.5835],[8.1118,49.5921],[8.0985,49.5948],[8.0832,49.5925],[8.0794,49.5881],[8.0865,49.5759],[8.0895,49.5764],[8.0991,49.5781],[8.112,49.5835]]]},"properties":{"id":"07333041","name":"Lautersheim","subdivision":"Donnersbergkreis","cx":8.096,"cy":49.586}},
{"type":"Feature","geometry":{"type":"Polygon","coordinates":[[[8.1361,49.6156],[8.1315,49.6154],[8.1143,49.6251],[8.1099,49.6331],[8.089,49.6264],[8.0955,49.6248],[8.1056,49.6158],[8.1155,49.619],[8.1242,49.6135],[8.129,49.6134],[8.1361,49.6156]]]},"properties":{"id":"07333058","name":"Ottersheim","subdivision":"Donnersbergkreis","cx":8.108,"cy":49.623}},
{"type":"Feature","geometry":{"type":"Polygon","coordinates":[[[8.0635,49.6252],[8.058,49.6205],[8.0679,49.6064],[8.0874,49.6111],[8.1056,49.6158],[8.0955,49.6248],[8.089,49.6264],[8.0807,49.6245],[8.0757,49.6276],[8.0635,49.6252]]]},"properties":{"id":"07333064","name":"Rüssingen","subdivision":"Donnersbergkreis","cx":8.076,"cy":49.617}},
{"type":"Feature","geometry":{"type":"Polygon","coordinates":[[[7.9738,49.6025],[7.9685,49.5964],[7.9743,49.5899],[7.9872,49.5974],[7.9738,49.6025]]]},"properties":{"id":"07333074","name":"Standenbühl","subdivision":"Donnersbergkreis","cx":7.976,"cy":49.597}},
{"type":"Feature","geometry":{"type":"Polygon","coordinates":[[[8.0207,49.6146],[8.012,49.621],[8.0085,49.6239],[7.9781,49.6188],[7.9661,49.6101],[7.9512,49.6072],[7.967,49.6091],[7.9768,49.608],[7.9995,49.6086],[8.0093,49.6128],[8.0207,49.6146]]]},"properties":{"id":"07333081","name":"Weitersweiler","subdivision":"Donnersbergkreis","cx":7.993,"cy":49.615}},
{"type":"Feature","geometry":{"type":"Polygon","coordinates":[[[8.1457,49.661],[8.1461,49.6513],[8.1347,49.6511],[8.1289,49.6474],[8.1189,49.646],[8.1177,49.6366],[8.1276,49.6338],[8.1426,49.623],[8.1406,49.6197],[8.1524,49.6269],[8.1576,49.6411],[8.1612,49.6422],[8.1583,49.6445],[8.1564,49.6547],[8.1502,49.6612],[8.1457,49.661]]]},"properties":{"id":"07333501","name":"Zellertal","subdivision":"Donnersbergkreis","cx":8.141,"cy":49.64}},
{"type":"Feature","geometry":{"type":"Polygon","coordinates":[[[8.0085,49.6239],[7.9918,49.6249],[7.9892,49.627],[7.97,49.6232],[7.9781,49.6188],[8.0085,49.6239]]]},"properties":{"id":"07333005","name":"Bennhausen","subdivision":"Donnersbergkreis","cx":7.986,"cy":49.623}},
{"type":"Feature","geometry":{"type":"Polygon","coordinates":[[[8.0216,49.6856],[8.0164,49.6782],[8.0212,49.6733],[8.0221,49.666],[8.0375,49.6594],[8.0421,49.6554],[8.0445,49.6565],[8.0486,49.6643],[8.0505,49.674],[8.0548,49.6803],[8.0505,49.6888],[8.0432,49.6883],[8.0216,49.6856]]]},"properties":{"id":"07333007","name":"Bischheim","subdivision":"Donnersbergkreis","cx":8.037,"cy":49.675}},
{"type":"Feature","geometry":{"type":"Polygon","coordinates":[[[8.012,49.621],[8.0332,49.6281],[8.0355,49.641],[8.0478,49.6469],[8.0447,49.6508],[8.0373,49.6476],[8.026,49.6473],[8.0188,49.6518],[8.0056,49.6516],[7.9803,49.6493],[7.9626,49.6453],[7.9608,49.6532],[7.9495,49.6507],[7.9468,49.6547],[7.9301,49.6531],[7.9249,49.6455],[7.9291,49.6433],[7.9448,49.643],[7.9685,49.6312],[7.97,49.6232],[7.9892,49.627],[7.9918,49.6249],[8.0085,49.6239],[8.012,49.621]]]},"properties":{"id":"07333010","name":"Bolanden","subdivision":"Donnersbergkreis","cx":7.997,"cy":49.638}},
{"type":"Feature","geometry":{"type":"Polygon","coordinates":[[[8.0736,49.6822],[8.0548,49.6803],[8.0505,49.674],[8.0486,49.6643],[8.0445,49.6565],[8.059,49.6583],[8.0694,49.6684],[8.0739,49.6689],[8.0732,49.68],[8.0736,49.6822]]]},"properties":{"id":"07333062","name":"Rittersheim","subdivision":"Donnersbergkreis","cx":8.06,"cy":49.67}},
{"type":"Feature","geometry":{"type":"Polygon","coordinates":[[[7.9249,49.6455],[7.9182,49.639],[7.9105,49.6425],[7.8988,49.6373],[7.891,49.6299],[7.8919,49.6208],[7.8997,49.6162],[7.9072,49.6169],[7.9278,49.6098],[7.9355,49.6057],[7.9435,49.6057],[7.9485,49.6091],[7.9489,49.6191],[7.9618,49.6235],[7.97,49.6232],[7.9685,49.6312],[7.9448,49.643],[7.9291,49.6433],[7.9249,49.6455]]]},"properties":{"id":"07333013","name":"Dannenfels","subdivision":"Donnersbergkreis","cx":7.929,"cy":49.627}},
{"type":"Feature","geometry":{"type":"Polygon","coordinates":[[[8.0732,49.68],[8.0739,49.6689],[8.0694,49.6684],[8.059,49.6583],[8.0445,49.6565],[8.0421,49.6554],[8.0447,49.6508],[8.0478,49.6469],[8.0489,49.6454],[8.0626,49.6496],[8.0689,49.6488],[8.0865,49.653],[8.0874,49.6629],[8.0732,49.68]]]},"properties":{"id":"07333022","name":"Gauersheim","subdivision":"Donnersbergkreis","cx":8.071,"cy":49.658}},
{"type":"Feature","geometry":{"type":"Polygon","coordinates":[[[8.1038,49.6929],[8.1024,49.6983],[8.0896,49.6966],[8.0759,49.6984],[8.0593,49.6951],[8.0571,49.6993],[8.0425,49.6952],[8.0432,49.6883],[8.0505,49.6888],[8.0548,49.6803],[8.0736,49.6822],[8.0801,49.6823],[8.0998,49.6895],[8.1038,49.6929]]]},"properties":{"id":"07333031","name":"Ilbesheim","subdivision":"Donnersbergkreis","cx":8.072,"cy":49.69}},
{"type":"Feature","geometry":{"type":"Polygon","coordinates":[[[7.9781,49.6188],[7.97,49.6232],[7.9618,49.6235],[7.9489,49.6191],[7.9485,49.6091],[7.9512,49.6072],[7.9661,49.6101],[7.9781,49.6188]]]},"properties":{"id":"07333035","name":"Jakobsweiler","subdivision":"Donnersbergkreis","cx":7.961,"cy":49.616}},
{"type":"Feature","geometry":{"type":"Polygon","coordinates":[[[8.0216,49.6856],[8.0062,49.6829],[7.9935,49.6815],[7.9884,49.675],[7.975,49.6728],[7.9749,49.6804],[7.9657,49.6912],[7.9572,49.6918],[7.9504,49.6906],[7.9386,49.6833],[7.926,49.6698],[7.9343,49.6669],[7.9502,49.6681],[7.9368,49.6579],[7.9127,49.6548],[7.9096,49.6463],[7.9105,49.6425],[7.9182,49.639],[7.9249,49.6455],[7.9301,49.6531],[7.9468,49.6547],[7.9495,49.6507],[7.9608,49.6532],[7.9626,49.6453],[7.9803,49.6493],[8.0056,49.6516],[8.0188,49.6518],[8.026,49.6473],[8.0373,49.6476],[8.0447,49.6508],[8.0421,49.6554],[8.0375,49.6594],[8.0221,49.666],[8.0212,49.6733],[8.0164,49.6782],[8.0216,49.6856]]]},"properties":{"id":"07333039","name":"Kirchheimbolanden","subdivision":"Donnersbergkreis","cx":7.998,"cy":49.665}},
{"type":"Feature","geometry":{"type":"Polygon","coordinates":[[[7.9535,49.7305],[7.9414,49.7313],[7.9228,49.7261],[7.9147,49.7261],[7.9093,49.7209],[7.8998,49.7178],[7.9,49.7131],[7.8921,49.7098],[7.9006,49.706],[7.8934,49.697],[7.8993,49.6935],[7.908,49.6941],[7.9084,49.6857],[7.9028,49.6792],[7.8945,49.6784],[7.8913,49.6703],[7.9237,49.6604],[7.9298,49.6629],[7.9457,49.6652],[7.9502,49.6681],[7.9343,49.6669],[7.926,49.6698],[7.9386,49.6833],[7.9504,49.6906],[7.9572,49.6918],[7.9599,49.7087],[7.9652,49.7119],[7.9667,49.718],[7.9701,49.7164],[7.9759,49.7179],[7.9701,49.718],[7.9688,49.7225],[7.9645,49.7276],[7.9535,49.7305]]]},"properties":{"id":"07333040","name":"Kriegsfeld","subdivision":"Donnersbergkreis","cx":7.928,"cy":49.701}},
{"type":"Feature","geometry":{"type":"Polygon","coordinates":[[[8.0489,49.6454],[8.0478,49.6469],[8.0355,49.641],[8.0332,49.6281],[8.012,49.621],[8.0207,49.6146],[8.0259,49.614],[8.0362,49.6051],[8.0278,49.6019],[8.0609,49.6066],[8.0679,49.6064],[8.058,49.6205],[8.0635,49.6252],[8.0573,49.6366],[8.0489,49.6454]]]},"properties":{"id":"07333045","name":"Marnheim","subdivision":"Donnersbergkreis","cx":8.044,"cy":49.622}},
{"type":"Feature","geometry":{"type":"Polygon","coordinates":[[[7.93,49.7498],[7.9216,49.7426],[7.9175,49.7433],[7.9112,49.7377],[7.9121,49.7326],[7.908,49.7278],[7.9147,49.7261],[7.9228,49.7261],[7.9414,49.7313],[7.9354,49.7386],[7.9487,49.7459],[7.9486,49.7558],[7.9374,49.7536],[7.93,49.7498]]]},"properties":{"id":"07333046","name":"Mörsfeld","subdivision":"Donnersbergkreis","cx":7.928,"cy":49.738}},
{"type":"Feature","geometry":{"type":"Polygon","coordinates":[[[8.0507,49.7028],[8.0396,49.7034],[8.034,49.7075],[8.0191,49.7083],[8.0185,49.7109],[8.0029,49.7035],[8.008,49.6978],[8.0051,49.6936],[8.0062,49.6829],[8.0216,49.6856],[8.0432,49.6883],[8.0425,49.6952],[8.0571,49.6993],[8.0507,49.7028]]]},"properties":{"id":"07333047","name":"Morschheim","subdivision":"Donnersbergkreis","cx":8.025,"cy":49.697}},
{"type":"Feature","geometry":{"type":"Polygon","coordinates":[[[7.9652,49.7119],[7.9599,49.7087],[7.9572,49.6918],[7.9657,49.6912],[7.9773,49.6914],[7.9862,49.6968],[7.9732,49.6977],[7.9603,49.7017],[7.9652,49.7119]]]},"properties":{"id":"07333056","name":"Oberwiesen","subdivision":"Donnersbergkreis","cx":7.966,"cy":49.695}},
{"type":"Feature","geometry":{"type":"Polygon","coordinates":[[[7.9862,49.6968],[7.9773,49.6914],[7.9657,49.6912],[7.9749,49.6804],[7.975,49.6728],[7.9884,49.675],[7.9935,49.6815],[8.0062,49.6829],[8.0051,49.6936],[8.008,49.6978],[8.0029,49.7035],[7.9862,49.6968]]]},"properties":{"id":"07333057","name":"Orbis","subdivision":"Donnersbergkreis","cx":7.988,"cy":49.688}},
{"type":"Feature","geometry":{"type":"Polygon","coordinates":[[[7.8393,49.7053],[7.821,49.6981],[7.8297,49.6942],[7.8201,49.6902],[7.8066,49.6882],[7.803,49.6826],[7.777,49.6823],[7.7761,49.6719],[7.7785,49.6699],[7.7919,49.6701],[7.7983,49.6656],[7.8088,49.673],[7.8203,49.6734],[7.8236,49.6785],[7.8408,49.6808],[7.839,49.6839],[7.8447,49.6926],[7.8421,49.6985],[7.8431,49.7063],[7.8393,49.7053]]]},"properties":{"id":"07333004","name":"Bayerfeld-Steckweiler","subdivision":"Donnersbergkreis","cx":7.814,"cy":49.682}},
{"type":"Feature","geometry":{"type":"Polygon","coordinates":[[[7.7269,49.6499],[7.7279,49.6418],[7.746,49.631],[7.7563,49.627],[7.7627,49.6315],[7.7579,49.6382],[7.7602,49.6462],[7.745,49.6586],[7.7392,49.6527],[7.7269,49.6499]]]},"properties":{"id":"07333008","name":"Bisterschied","subdivision":"Donnersbergkreis","cx":7.746,"cy":49.643}},
{"type":"Feature","geometry":{"type":"Polygon","coordinates":[[[7.7983,49.6656],[7.8026,49.6572],[7.8211,49.6552],[7.8224,49.6474],[7.8302,49.6542],[7.8407,49.6576],[7.8544,49.6582],[7.8542,49.6613],[7.8496,49.672],[7.8408,49.6808],[7.8236,49.6785],[7.8203,49.6734],[7.8088,49.673],[7.7983,49.6656]]]},"properties":{"id":"07333014","name":"Dielkirchen","subdivision":"Donnersbergkreis","cx":7.828,"cy":49.665}},
{"type":"Feature","geometry":{"type":"Polygon","coordinates":[[[7.746,49.631],[7.7417,49.6273],[7.7487,49.6212],[7.7408,49.6187],[7.745,49.6121],[7.7591,49.611],[7.7656,49.6167],[7.7691,49.6237],[7.7655,49.6303],[7.7627,49.6315],[7.7563,49.627],[7.746,49.631]]]},"properties":{"id":"07333016","name":"Dörrmoschel","subdivision":"Donnersbergkreis","cx":7.756,"cy":49.62}},
{"type":"Feature","geometry":{"type":"Polygon","coordinates":[[[7.8048,49.5801],[7.8026,49.5809],[7.7968,49.5773],[7.7808,49.5788],[7.7726,49.5832],[7.7619,49.5741],[7.7554,49.5729],[7.7682,49.5654],[7.7763,49.5664],[7.7815,49.5615],[7.7956,49.5665],[7.7958,49.5719],[7.8048,49.5801]]]},"properties":{"id":"07333024","name":"Gehrweiler","subdivision":"Donnersbergkreis","cx":7.781,"cy":49.572}},
{"type":"Feature","geometry":{"type":"Polygon","coordinates":[[[7.8819,49.69],[7.8868,49.6835],[7.8757,49.6818],[7.8496,49.672],[7.8542,49.6613],[7.8663,49.6618],[7.8913,49.6703],[7.8945,49.6784],[7.9028,49.6792],[7.9084,49.6857],[7.908,49.6941],[7.8993,49.6935],[7.8934,49.697],[7.8819,49.69]]]},"properties":{"id":"07333025","name":"Gerbach","subdivision":"Donnersbergkreis","cx":7.881,"cy":49.675}},
{"type":"Feature","geometry":{"type":"Polygon","coordinates":[[[7.8026,49.5809],[7.8057,49.5878],[7.7951,49.5912],[7.7968,49.596],[7.788,49.6],[7.7748,49.602],[7.7592,49.599],[7.7478,49.5948],[7.743,49.5924],[7.7396,49.5854],[7.7408,49.5795],[7.7469,49.5739],[7.7554,49.5729],[7.7619,49.5741],[7.7726,49.5832],[7.7808,49.5788],[7.7968,49.5773],[7.8026,49.5809]]]},"properties":{"id":"07333028","name":"Gundersweiler","subdivision":"Donnersbergkreis","cx":7.762,"cy":49.589}},
{"type":"Feature","geometry":{"type":"Polygon","coordinates":[[[7.745,49.6121],[7.7344,49.6044],[7.7448,49.5971],[7.7478,49.5948],[7.7592,49.599],[7.7748,49.602],[7.788,49.6],[7.7968,49.596],[7.7951,49.5912],[7.8057,49.5878],[7.8026,49.5809],[7.8048,49.5801],[7.8135,49.5885],[7.821,49.5897],[7.8354,49.6014],[7.8217,49.6011],[7.8228,49.6056],[7.8186,49.6124],[7.8105,49.6147],[7.7923,49.607],[7.7821,49.6049],[7.7709,49.6048],[7.7591,49.611],[7.745,49.6121]]]},"properties":{"id":"07333034","name":"Imsweiler","subdivision":"Donnersbergkreis","cx":7.807,"cy":49.601}},
{"type":"Feature","geometry":{"type":"Polygon","coordinates":[[[7.8026,49.6572],[7.7901,49.6542],[7.7839,49.6507],[7.7834,49.6496],[7.7822,49.6387],[7.7981,49.6336],[7.8172,49.6378],[7.8261,49.6432],[7.8224,49.6474],[7.8211,49.6552],[7.8026,49.6572]]]},"properties":{"id":"07333037","name":"Katzenbach","subdivision":"Donnersbergkreis","cx":7.803,"cy":49.646}},
{"type":"Feature","geometry":{"type":"Polygon","coordinates":[[[7.7605,49.668],[7.745,49.6586],[7.7602,49.6462],[7.7729,49.6504],[7.7834,49.6496],[7.7839,49.6507],[7.7798,49.658],[7.7785,49.6699],[7.7761,49.6719],[7.7666,49.6685],[7.7605,49.668]]]},"properties":{"id":"07333061","name":"Ransweiler","subdivision":"Donnersbergkreis","cx":7.766,"cy":49.658}},
{"type":"Feature","geometry":{"type":"Polygon","coordinates":[[[7.9743,49.5899],[7.9685,49.5964],[7.954,49.5942],[7.9383,49.5883],[7.9292,49.595],[7.94,49.5985],[7.9429,49.604],[7.9327,49.6029],[7.9119,49.611],[7.9063,49.6089],[7.91,49.6035],[7.8935,49.6021],[7.8985,49.5967],[7.9073,49.5947],[7.9127,49.5857],[7.9278,49.5877],[7.9108,49.5763],[7.9008,49.5743],[7.9122,49.5628],[7.9223,49.5617],[7.9478,49.565],[7.9433,49.5693],[7.9583,49.5743],[7.968,49.5805],[7.9714,49.5792],[7.9743,49.5899]]]},"properties":{"id":"07333009","name":"Börrstadt","subdivision":"Donnersbergkreis","cx":7.934,"cy":49.578}},
{"type":"Feature","geometry":{"type":"Polygon","coordinates":[[[7.9502,49.6681],[7.9457,49.6652],[7.9298,49.6629],[7.9237,49.6604],[7.8913,49.6703],[7.8663,49.6618],[7.8659,49.657],[7.8787,49.6492],[7.8722,49.6424],[7.8698,49.6346],[7.889,49.6426],[7.9028,49.6469],[7.9096,49.6463],[7.9127,49.6548],[7.9368,49.6579],[7.9502,49.6681]]]},"properties":{"id":"07333065","name":"Ruppertsecken","subdivision":"Donnersbergkreis","cx":7.895,"cy":49.657}},
{"type":"Feature","geometry":{"type":"Polygon","coordinates":[[[7.8447,49.6926],[7.839,49.6839],[7.8408,49.6808],[7.8496,49.672],[7.8757,49.6818],[7.8868,49.6835],[7.8819,49.69],[7.8662,49.6948],[7.8447,49.6926]]]},"properties":{"id":"07333066","name":"Sankt Alban","subdivision":"Donnersbergkreis","cx":7.86,"cy":49.685}},
{"type":"Feature","geometry":{"type":"Polygon","coordinates":[[[7.7627,49.6315],[7.7655,49.6303],[7.7682,49.6336],[7.7822,49.6387],[7.7834,49.6496],[7.7729,49.6504],[7.7602,49.6462],[7.7579,49.6382],[7.7627,49.6315]]]},"properties":{"id":"07333068","name":"Schönborn (Donnersbergkreis)","subdivision":"Donnersbergkreis","cx":7.771,"cy":49.642}},
{"type":"Feature","geometry":{"type":"Polygon","coordinates":[[[7.7785,49.6699],[7.7798,49.658],[7.7839,49.6507],[7.7901,49.6542],[7.8026,49.6572],[7.7983,49.6656],[7.7919,49.6701],[7.7785,49.6699]]]},"properties":{"id":"07333073","name":"Stahlberg","subdivision":"Donnersbergkreis","cx":7.789,"cy":49.662}},
{"type":"Feature","geometry":{"type":"Polygon","coordinates":[[[7.7279,49.6418],[7.7188,49.6393],[7.7169,49.6336],[7.723,49.6278],[7.7141,49.6247],[7.7248,49.6232],[7.7292,49.6196],[7.7408,49.6187],[7.7487,49.6212],[7.7417,49.6273],[7.746,49.631],[7.7279,49.6418]]]},"properties":{"id":"07333077","name":"Teschenmoschel","subdivision":"Donnersbergkreis","cx":7.731,"cy":49.629}},
{"type":"Feature","geometry":{"type":"Polygon","coordinates":[[[7.8544,49.6582],[7.853,49.6526],[7.8587,49.6453],[7.8682,49.6458],[7.8722,49.6424],[7.8787,49.6492],[7.8659,49.657],[7.8663,49.6618],[7.8542,49.6613],[7.8544,49.6582]]]},"properties":{"id":"07333084","name":"Würzweiler","subdivision":"Donnersbergkreis","cx":7.864,"cy":49.651}},
{"type":"Feature","geometry":{"type":"Polygon","coordinates":[[[7.7408,49.6187],[7.7292,49.6196],[7.7248,49.6232],[7.7141,49.6247],[7.7073,49.6246],[7.6969,49.62],[7.7055,49.6118],[7.7023,49.6052],[7.7137,49.6117],[7.7199,49.6103],[7.7247,49.6021],[7.7344,49.6044],[7.745,49.6121],[7.7408,49.6187]]]},"properties":{"id":"07333201","name":"Rathskirchen","subdivision":"Donnersbergkreis","cx":7.727,"cy":49.613}},
{"type":"Feature","geometry":{"type":"Polygon","coordinates":[[[7.7344,49.6044],[7.7247,49.6021],[7.7205,49.5947],[7.7211,49.589],[7.7351,49.5862],[7.7448,49.5971],[7.7344,49.6044]]]},"properties":{"id":"07333202","name":"Reichsthal","subdivision":"Donnersbergkreis","cx":7.732,"cy":49.595}},
{"type":"Feature","geometry":{"type":"Polygon","coordinates":[[[7.7023,49.6052],[7.705,49.5967],[7.6963,49.5887],[7.7036,49.5907],[7.7211,49.589],[7.7205,49.5947],[7.7247,49.6021],[7.7199,49.6103],[7.7137,49.6117],[7.7023,49.6052]]]},"properties":{"id":"07333203","name":"Seelen","subdivision":"Donnersbergkreis","cx":7.713,"cy":49.6}},
{"type":"Feature","geometry":{"type":"Polygon","coordinates":[[[7.9105,49.6425],[7.9096,49.6463],[7.9028,49.6469],[7.889,49.6426],[7.8698,49.6346],[7.8722,49.6424],[7.8682,49.6458],[7.8587,49.6453],[7.853,49.6526],[7.8544,49.6582],[7.8407,49.6576],[7.8302,49.6542],[7.8224,49.6474],[7.8261,49.6432],[7.8172,49.6378],[7.7981,49.6336],[7.7822,49.6387],[7.7682,49.6336],[7.7655,49.6303],[7.7691,49.6237],[7.7656,49.6167],[7.7591,49.611],[7.7709,49.6048],[7.7821,49.6049],[7.7923,49.607],[7.8105,49.6147],[7.8186,49.6124],[7.8228,49.6056],[7.8217,49.6011],[7.8354,49.6014],[7.8447,49.6039],[7.8518,49.6066],[7.8643,49.6159],[7.8665,49.625],[7.8806,49.6308],[7.8876,49.6222],[7.8815,49.6153],[7.8848,49.6099],[7.8946,49.6068],[7.8935,49.6021],[7.91,49.6035],[7.9063,49.6089],[7.9119,49.611],[7.9327,49.6029],[7.9429,49.604],[7.9435,49.6057],[7.9355,49.6057],[7.9278,49.6098],[7.9072,49.6169],[7.8997,49.6162],[7.8919,49.6208],[7.891,49.6299],[7.8988,49.6373],[7.9105,49.6425]]]},"properties":{"id":"07333502","name":"Rockenhausen","subdivision":"Donnersbergkreis","cx":7.837,"cy":49.626}},
{"type":"Feature","geometry":{"type":"Polygon","coordinates":[[[7.9725,49.5677],[7.9684,49.5739],[7.9714,49.5792],[7.968,49.5805],[7.9583,49.5743],[7.9433,49.5693],[7.9478,49.565],[7.9588,49.5545],[7.9667,49.5572],[7.9725,49.5677]]]},"properties":{"id":"07333011","name":"Breunigweiler","subdivision":"Donnersbergkreis","cx":7.961,"cy":49.566}},
{"type":"Feature","geometry":{"type":"Polygon","coordinates":[[[7.8447,49.6039],[7.8513,49.6009],[7.8503,49.588],[7.858,49.5881],[7.8687,49.5907],[7.8691,49.5952],[7.8782,49.5994],[7.8856,49.6069],[7.8848,49.6099],[7.8815,49.6153],[7.8876,49.6222],[7.8806,49.6308],[7.8665,49.625],[7.8643,49.6159],[7.8518,49.6066],[7.8447,49.6039]]]},"properties":{"id":"07333020","name":"Falkenstein","subdivision":"Donnersbergkreis","cx":7.869,"cy":49.607}},
{"type":"Feature","geometry":{"type":"Polygon","coordinates":[[[7.9149,49.5353],[7.9042,49.5586],[7.8966,49.5574],[7.8932,49.5514],[7.9001,49.5399],[7.8978,49.5341],[7.8916,49.5297],[7.8956,49.5277],[7.9049,49.5337],[7.9149,49.5353]]]},"properties":{"id":"07333027","name":"Gonbach","subdivision":"Donnersbergkreis","cx":7.904,"cy":49.544}},
{"type":"Feature","geometry":{"type":"Polygon","coordinates":[[[7.7815,49.5615],[7.7828,49.5592],[7.7699,49.5516],[7.7631,49.5439],[7.7674,49.5417],[7.7723,49.5325],[7.7761,49.5352],[7.7903,49.5382],[7.8003,49.5374],[7.8094,49.5484],[7.8149,49.5507],[7.8129,49.5569],[7.8194,49.5633],[7.8205,49.5706],[7.8057,49.5759],[7.8088,49.5781],[7.8048,49.5801],[7.7958,49.5719],[7.7956,49.5665],[7.7815,49.5615]]]},"properties":{"id":"07333030","name":"Höringen","subdivision":"Donnersbergkreis","cx":7.795,"cy":49.553}},
{"type":"Feature","geometry":{"type":"Polygon","coordinates":[[[7.8935,49.6021],[7.8946,49.6068],[7.8848,49.6099],[7.8856,49.6069],[7.8782,49.5994],[7.8691,49.5952],[7.8687,49.5907],[7.858,49.5881],[7.8652,49.5809],[7.8828,49.5796],[7.8938,49.5817],[7.9021,49.5782],[7.9008,49.5743],[7.9108,49.5763],[7.9278,49.5877],[7.9127,49.5857],[7.9073,49.5947],[7.8985,49.5967],[7.8935,49.6021]]]},"properties":{"id":"07333033","name":"Imsbach","subdivision":"Donnersbergkreis","cx":7.889,"cy":49.591}},
{"type":"Feature","geometry":{"type":"Polygon","coordinates":[[[7.8631,49.5355],[7.8609,49.5453],[7.8669,49.5495],[7.8795,49.5545],[7.8767,49.5576],[7.8688,49.5582],[7.8616,49.5627],[7.8316,49.5553],[7.8378,49.5394],[7.8312,49.5377],[7.8264,49.5309],[7.8346,49.5308],[7.8562,49.5377],[7.8631,49.5355]]]},"properties":{"id":"07333042","name":"Lohnsfeld","subdivision":"Donnersbergkreis","cx":7.851,"cy":49.548}},
{"type":"Feature","geometry":{"type":"Polygon","coordinates":[[[7.8966,49.5574],[7.8878,49.5595],[7.8767,49.5576],[7.8795,49.5545],[7.8669,49.5495],[7.8609,49.5453],[7.8631,49.5355],[7.8649,49.5281],[7.8731,49.5299],[7.8822,49.5268],[7.8916,49.5297],[7.8978,49.5341],[7.9001,49.5399],[7.8932,49.5514],[7.8966,49.5574]]]},"properties":{"id":"07333048","name":"Münchweiler an der Alsenz","subdivision":"Donnersbergkreis","cx":7.881,"cy":49.542}},
{"type":"Feature","geometry":{"type":"Polygon","coordinates":[[[7.8048,49.5801],[7.8088,49.5781],[7.8163,49.5753],[7.8248,49.5816],[7.8347,49.5827],[7.8503,49.588],[7.8513,49.6009],[7.8447,49.6039],[7.8354,49.6014],[7.821,49.5897],[7.8135,49.5885],[7.8048,49.5801]]]},"properties":{"id":"07333069","name":"Schweisweiler","subdivision":"Donnersbergkreis","cx":7.835,"cy":49.591}},
{"type":"Feature","geometry":{"type":"Polygon","coordinates":[[[7.9667,49.5572],[7.9588,49.5545],[7.9478,49.565],[7.9223,49.5617],[7.9122,49.5628],[7.9042,49.5586],[7.9149,49.5353],[7.9388,49.5304],[7.9369,49.5286],[7.9484,49.5281],[7.9578,49.5329],[7.9594,49.5431],[7.9732,49.5514],[7.9667,49.5572]]]},"properties":{"id":"07333071","name":"Sippersfeld","subdivision":"Donnersbergkreis","cx":7.937,"cy":49.548}},
{"type":"Feature","geometry":{"type":"Polygon","coordinates":[[[7.9768,49.608],[7.967,49.6091],[7.9512,49.6072],[7.9485,49.6091],[7.9435,49.6057],[7.9429,49.604],[7.94,49.5985],[7.9292,49.595],[7.9383,49.5883],[7.954,49.5942],[7.9685,49.5964],[7.9738,49.6025],[7.9768,49.608]]]},"properties":{"id":"07333075","name":"Steinbach am Donnersberg","subdivision":"Donnersbergkreis","cx":7.954,"cy":49.601}},
{"type":"Feature","geometry":{"type":"Polygon","coordinates":[[[7.8346,49.5308],[7.8421,49.5227],[7.8341,49.5196],[7.8336,49.5133],[7.8408,49.5138],[7.8593,49.5223],[7.8719,49.5215],[7.8822,49.5268],[7.8731,49.5299],[7.8649,49.5281],[7.8631,49.5355],[7.8562,49.5377],[7.8346,49.5308]]]},"properties":{"id":"07333080","name":"Wartenberg-Rohrbach","subdivision":"Donnersbergkreis","cx":7.853,"cy":49.528}},
{"type":"Feature","geometry":{"type":"Polygon","coordinates":[[[7.9008,49.5743],[7.9021,49.5782],[7.8938,49.5817],[7.8828,49.5796],[7.8652,49.5809],[7.858,49.5881],[7.8503,49.588],[7.8347,49.5827],[7.8248,49.5816],[7.8163,49.5753],[7.8088,49.5781],[7.8057,49.5759],[7.8205,49.5706],[7.8194,49.5633],[7.8129,49.5569],[7.8149,49.5507],[7.8094,49.5484],[7.8003,49.5374],[7.8101,49.5342],[7.8173,49.5353],[7.8264,49.5309],[7.8312,49.5377],[7.8378,49.5394],[7.8316,49.5553],[7.8616,49.5627],[7.8688,49.5582],[7.8767,49.5576],[7.8878,49.5595],[7.8966,49.5574],[7.9042,49.5586],[7.9122,49.5628],[7.9008,49.5743]]]},"properties":{"id":"07333503","name":"Winnweiler","subdivision":"Donnersbergkreis","cx":7.849,"cy":49.572}},
{"type":"Feature","geometry":{"type":"Polygon","coordinates":[[[8.3416,49.1857],[8.3508,49.185],[8.3568,49.1796],[8.3667,49.179],[8.3774,49.1806],[8.3812,49.1857],[8.385,49.1983],[8.3985,49.2077],[8.405,49.2204],[8.4035,49.2247],[8.3855,49.2257],[8.3908,49.2361],[8.3975,49.242],[8.3819,49.2444],[8.3693,49.2553],[8.3586,49.2542],[8.3577,49.2495],[8.3615,49.243],[8.3643,49.2271],[8.3629,49.2229],[8.354,49.2227],[8.351,49.2186],[8.3472,49.2098],[8.3398,49.2036],[8.3499,49.2012],[8.3451,49.196],[8.3416,49.1857]]]},"properties":{"id":"07334007","name":"Germersheim","subdivision":"Germersheim","cx":8.374,"cy":49.21}},
{"type":"Feature","geometry":{"type":"Polygon","coordinates":[[[8.164,48.9823],[8.1921,48.9846],[8.204,48.9914],[8.2165,48.9921],[8.218,48.9976],[8.2236,48.9993],[8.2218,49.0069],[8.2295,49.0097],[8.234,49.0147],[8.2255,49.0176],[8.2247,49.0258],[8.2323,49.0326],[8.2445,49.0404],[8.2507,49.035],[8.2582,49.0336],[8.2659,49.0289],[8.2766,49.0187],[8.2815,49.0078],[8.2915,49.0036],[8.3002,49.0217],[8.3041,49.0407],[8.3087,49.05],[8.3164,49.0605],[8.3281,49.0722],[8.3505,49.0889],[8.3388,49.0877],[8.3302,49.0911],[8.3269,49.0868],[8.3227,49.083],[8.3112,49.0789],[8.3003,49.0794],[8.2729,49.07],[8.2627,49.0728],[8.2517,49.0677],[8.2519,49.0774],[8.2587,49.0833],[8.2531,49.0878],[8.2241,49.0783],[8.2098,49.0752],[8.2044,49.0697],[8.197,49.0682],[8.1843,49.06],[8.1782,49.059],[8.1644,49.0555],[8.1506,49.0563],[8.144,49.0548],[8.1176,49.0548],[8.1128,49.0622],[8.1071,49.0643],[8.0846,49.0658],[8.0698,49.0627],[8.0714,49.0486],[8.0764,49.0333],[8.0743,49.032],[8.074,49.0169],[8.0667,49.0108],[8.0691,49.0007],[8.0956,48.9931],[8.1057,48.993],[8.1371,48.9844],[8.145,48.9852],[8.1604,48.9795],[8.164,48.9823]]]},"properties":{"id":"07334501","name":"Wörth am Rhein","subdivision":"Germersheim","cx":8.19,"cy":49.027}},
{"type":"Feature","geometry":{"type":"Polygon","coordinates":[[[8.3398,49.2036],[8.3211,49.2055],[8.3122,49.2093],[8.301,49.2096],[8.2951,49.2121],[8.2869,49.211],[8.2716,49.2126],[8.2606,49.2114],[8.2621,49.2083],[8.2597,49.1926],[8.2603,49.1852],[8.2575,49.1812],[8.2595,49.173],[8.2689,49.1726],[8.2952,49.1753],[8.3061,49.1741],[8.3124,49.187],[8.3186,49.184],[8.3252,49.1862],[8.3416,49.1857],[8.3451,49.196],[8.3499,49.2012],[8.3398,49.2036]]]},"properties":{"id":"07334001","name":"Bellheim","subdivision":"Germersheim","cx":8.296,"cy":49.193}},
{"type":"Feature","geometry":{"type":"Polygon","coordinates":[[[8.2568,49.1702],[8.2595,49.173],[8.2575,49.1812],[8.2603,49.1852],[8.2597,49.1926],[8.2621,49.2083],[8.2606,49.2114],[8.2439,49.213],[8.2414,49.2007],[8.2408,49.1785],[8.2376,49.1716],[8.2419,49.1705],[8.2568,49.1702]]]},"properties":{"id":"07334014","name":"Knittelsheim","subdivision":"Germersheim","cx":8.25,"cy":49.191}},
{"type":"Feature","geometry":{"type":"Polygon","coordinates":[[[8.2721,49.1204],[8.2722,49.1171],[8.2557,49.1108],[8.2597,49.1018],[8.273,49.1047],[8.2843,49.1036],[8.2859,49.0957],[8.3033,49.0888],[8.3177,49.0897],[8.3156,49.0977],[8.3095,49.1031],[8.3117,49.1087],[8.3158,49.1179],[8.3154,49.1264],[8.3088,49.1318],[8.2999,49.1306],[8.2912,49.1346],[8.2904,49.1348],[8.2847,49.1325],[8.2721,49.1204]]]},"properties":{"id":"07334024","name":"Rheinzabern","subdivision":"Germersheim","cx":8.295,"cy":49.114}},
{"type":"Feature","geometry":{"type":"Polygon","coordinates":[[[8.2439,49.213],[8.2378,49.2129],[8.2173,49.2098],[8.2185,49.2016],[8.2151,49.1961],[8.2163,49.1711],[8.2376,49.1716],[8.2408,49.1785],[8.2414,49.2007],[8.2439,49.213]]]},"properties":{"id":"07334023","name":"Ottersheim bei Landau","subdivision":"Germersheim","cx":8.229,"cy":49.192}},
{"type":"Feature","geometry":{"type":"Polygon","coordinates":[[[8.2869,49.211],[8.2842,49.2193],[8.2666,49.2219],[8.2571,49.2367],[8.2499,49.2399],[8.2462,49.2518],[8.2412,49.2614],[8.2318,49.2603],[8.2371,49.245],[8.2331,49.2403],[8.2387,49.2317],[8.2368,49.2271],[8.2378,49.2129],[8.2439,49.213],[8.2606,49.2114],[8.2716,49.2126],[8.2869,49.211]]]},"properties":{"id":"07334036","name":"Zeiskam","subdivision":"Germersheim","cx":8.25,"cy":49.228}},
{"type":"Feature","geometry":{"type":"Polygon","coordinates":[[[7.6188,49.4954],[7.6072,49.4989],[7.6065,49.5053],[7.5959,49.5134],[7.5727,49.5014],[7.5706,49.4975],[7.5606,49.4938],[7.5576,49.4843],[7.5628,49.4849],[7.5793,49.4817],[7.5875,49.4825],[7.6029,49.484],[7.608,49.4926],[7.6188,49.4954]]]},"properties":{"id":"07335043","name":"Schwedelbach","subdivision":"Kaiserslautern","cx":7.587,"cy":49.495}},
{"type":"Feature","geometry":{"type":"Polygon","coordinates":[[[8.164,48.9823],[8.1631,48.9776],[8.1706,48.979],[8.1944,48.9771],[8.1993,48.9669],[8.2151,48.9752],[8.2226,48.9759],[8.2282,48.9722],[8.2351,48.9761],[8.2273,48.9799],[8.2221,48.9855],[8.2217,48.9907],[8.2295,48.9951],[8.2236,48.9993],[8.218,48.9976],[8.2165,48.9921],[8.204,48.9914],[8.1921,48.9846],[8.164,48.9823]]]},"properties":{"id":"07334002","name":"Berg (Pfalz)","subdivision":"Germersheim","cx":8.205,"cy":48.982}},
{"type":"Feature","geometry":{"type":"Polygon","coordinates":[[[8.2236,48.9993],[8.2295,48.9951],[8.2464,48.9991],[8.2558,48.9963],[8.2708,48.9975],[8.2762,48.9911],[8.2876,48.9984],[8.2915,49.0036],[8.2815,49.0078],[8.2766,49.0187],[8.2659,49.0289],[8.2582,49.0336],[8.2507,49.035],[8.2445,49.0404],[8.2323,49.0326],[8.2247,49.0258],[8.2255,49.0176],[8.234,49.0147],[8.2295,49.0097],[8.2218,49.0069],[8.2236,48.9993]]]},"properties":{"id":"07334008","name":"Hagenbach","subdivision":"Germersheim","cx":8.253,"cy":49.014}},
{"type":"Feature","geometry":{"type":"Polygon","coordinates":[[[8.2282,48.9722],[8.2326,48.9666],[8.2392,48.9693],[8.2773,48.9899],[8.2876,48.9984],[8.2762,48.9911],[8.2708,48.9975],[8.2558,48.9963],[8.2464,48.9991],[8.2295,48.9951],[8.2217,48.9907],[8.2221,48.9855],[8.2273,48.9799],[8.2351,48.9761],[8.2282,48.9722]]]},"properties":{"id":"07334021","name":"Neuburg am Rhein","subdivision":"Germersheim","cx":8.247,"cy":48.986}},
{"type":"Feature","geometry":{"type":"Polygon","coordinates":[[[8.0691,49.0007],[8.0684,48.9993],[8.0701,48.9963],[8.0855,48.9932],[8.0918,48.9893],[8.1011,48.9899],[8.1091,48.9873],[8.1254,48.9847],[8.1365,48.9796],[8.1535,48.9771],[8.1631,48.9776],[8.164,48.9823],[8.1604,48.9795],[8.145,48.9852],[8.1371,48.9844],[8.1057,48.993],[8.0956,48.9931],[8.0691,49.0007]]]},"properties":{"id":"07334027","name":"Scheibenhardt","subdivision":"Germersheim","cx":8.142,"cy":48.982}},
{"type":"Feature","geometry":{"type":"Polygon","coordinates":[[[8.2721,49.1204],[8.2635,49.126],[8.2554,49.1277],[8.2301,49.124],[8.2175,49.116],[8.2099,49.1166],[8.2106,49.1091],[8.2163,49.1055],[8.2494,49.1053],[8.2557,49.1108],[8.2722,49.1171],[8.2721,49.1204]]]},"properties":{"id":"07334009","name":"Hatzenbühl","subdivision":"Germersheim","cx":8.241,"cy":49.116}},
{"type":"Feature","geometry":{"type":"Polygon","coordinates":[[[8.3269,49.0868],[8.3265,49.0914],[8.3165,49.1012],[8.3117,49.1087],[8.3095,49.1031],[8.3156,49.0977],[8.3177,49.0897],[8.3033,49.0888],[8.2859,49.0957],[8.2843,49.1036],[8.273,49.1047],[8.2597,49.1018],[8.2568,49.0904],[8.2531,49.0878],[8.2587,49.0833],[8.2519,49.0774],[8.2517,49.0677],[8.2627,49.0728],[8.2729,49.07],[8.3003,49.0794],[8.3112,49.0789],[8.3227,49.083],[8.3269,49.0868]]]},"properties":{"id":"07334012","name":"Jockgrim","subdivision":"Germersheim","cx":8.276,"cy":49.086}},
{"type":"Feature","geometry":{"type":"Polygon","coordinates":[[[8.3505,49.0889],[8.3596,49.1013],[8.3444,49.1077],[8.339,49.1125],[8.3261,49.1184],[8.3166,49.1201],[8.3154,49.1264],[8.3158,49.1179],[8.3117,49.1087],[8.3165,49.1012],[8.3265,49.0914],[8.3269,49.0868],[8.3302,49.0911],[8.3388,49.0877],[8.3505,49.0889]]]},"properties":{"id":"07334022","name":"Neupotz","subdivision":"Germersheim","cx":8.334,"cy":49.103}},
{"type":"Feature","geometry":{"type":"Polygon","coordinates":[[[7.3418,49.5279],[7.3515,49.5167],[7.3671,49.5176],[7.3781,49.5142],[7.3862,49.5219],[7.3834,49.5207],[7.3503,49.5339],[7.3418,49.5279]]]},"properties":{"id":"07336018","name":"Ehweiler","subdivision":"Kusel","cx":7.358,"cy":49.524}},
{"type":"Feature","geometry":{"type":"Polygon","coordinates":[[[8.2106,49.1091],[8.2016,49.1108],[8.1822,49.121],[8.1754,49.1275],[8.1744,49.1275],[8.1681,49.1226],[8.1691,49.1169],[8.1653,49.1102],[8.171,49.1021],[8.1836,49.1004],[8.2046,49.1044],[8.2109,49.1017],[8.2163,49.1055],[8.2106,49.1091]]]},"properties":{"id":"07334004","name":"Erlenbach bei Kandel","subdivision":"Germersheim","cx":8.183,"cy":49.11}},
{"type":"Feature","geometry":{"type":"Polygon","coordinates":[[[8.1644,49.0555],[8.1594,49.0591],[8.15,49.0607],[8.137,49.0687],[8.1305,49.0753],[8.1151,49.0768],[8.1195,49.0825],[8.1193,49.0894],[8.1024,49.0853],[8.0985,49.0881],[8.0849,49.0871],[8.084,49.085],[8.0789,49.0786],[8.0832,49.0775],[8.0819,49.0676],[8.0846,49.0658],[8.1071,49.0643],[8.1128,49.0622],[8.1176,49.0548],[8.144,49.0548],[8.1506,49.0563],[8.1644,49.0555]]]},"properties":{"id":"07334005","name":"Freckenfeld","subdivision":"Germersheim","cx":8.105,"cy":49.075}},
{"type":"Feature","geometry":{"type":"Polygon","coordinates":[[[8.2531,49.0878],[8.2568,49.0904],[8.2597,49.1018],[8.2557,49.1108],[8.2494,49.1053],[8.2163,49.1055],[8.2109,49.1017],[8.2046,49.1044],[8.1836,49.1004],[8.171,49.1021],[8.157,49.1022],[8.1388,49.1003],[8.1335,49.0934],[8.1446,49.0917],[8.1498,49.0839],[8.1589,49.0832],[8.165,49.0629],[8.1782,49.059],[8.1843,49.06],[8.197,49.0682],[8.2044,49.0697],[8.2098,49.0752],[8.2241,49.0783],[8.2531,49.0878]]]},"properties":{"id":"07334013","name":"Kandel","subdivision":"Germersheim","cx":8.187,"cy":49.083}},
{"type":"Feature","geometry":{"type":"Polygon","coordinates":[[[8.1782,49.059],[8.165,49.0629],[8.1589,49.0832],[8.1498,49.0839],[8.1446,49.0917],[8.1335,49.0934],[8.1254,49.0932],[8.1193,49.0894],[8.1195,49.0825],[8.1151,49.0768],[8.1305,49.0753],[8.137,49.0687],[8.15,49.0607],[8.1594,49.0591],[8.1644,49.0555],[8.1782,49.059]]]},"properties":{"id":"07334020","name":"Minfeld","subdivision":"Germersheim","cx":8.144,"cy":49.076}},
{"type":"Feature","geometry":{"type":"Polygon","coordinates":[[[8.1744,49.1275],[8.1669,49.1328],[8.17,49.1371],[8.1569,49.1311],[8.1395,49.1271],[8.118,49.1318],[8.117,49.1202],[8.1196,49.1089],[8.1187,49.1027],[8.1388,49.1003],[8.157,49.1022],[8.171,49.1021],[8.1653,49.1102],[8.1691,49.1169],[8.1681,49.1226],[8.1744,49.1275]]]},"properties":{"id":"07334030","name":"Steinweiler","subdivision":"Germersheim","cx":8.144,"cy":49.115}},
{"type":"Feature","geometry":{"type":"Polygon","coordinates":[[[8.0846,49.0658],[8.0819,49.0676],[8.0832,49.0775],[8.0789,49.0786],[8.0757,49.0722],[8.0556,49.0738],[8.0572,49.0602],[8.0698,49.0627],[8.0846,49.0658]]]},"properties":{"id":"07334031","name":"Vollmersweiler","subdivision":"Germersheim","cx":8.067,"cy":49.068}},
{"type":"Feature","geometry":{"type":"Polygon","coordinates":[[[8.1193,49.0894],[8.1254,49.0932],[8.1335,49.0934],[8.1388,49.1003],[8.1187,49.1027],[8.1171,49.1004],[8.1014,49.0991],[8.1024,49.0853],[8.1193,49.0894]]]},"properties":{"id":"07334034","name":"Winden (Germersheim)","subdivision":"Germersheim","cx":8.116,"cy":49.095}},
{"type":"Feature","geometry":{"type":"Polygon","coordinates":[[[7.4059,49.4985],[7.4187,49.4973],[7.4265,49.4997],[7.4262,49.5036],[7.4357,49.5162],[7.4294,49.5204],[7.4143,49.516],[7.4099,49.517],[7.4075,49.5039],[7.4059,49.4985]]]},"properties":{"id":"07336024","name":"Etschberg","subdivision":"Kusel","cx":7.42,"cy":49.509}},
{"type":"Feature","geometry":{"type":"Polygon","coordinates":[[[8.251,49.2637],[8.269,49.2644],[8.2848,49.2683],[8.2913,49.2714],[8.2925,49.2759],[8.3,49.2803],[8.2998,49.2841],[8.2703,49.28],[8.2476,49.2756],[8.251,49.2637]]]},"properties":{"id":"07334006","name":"Freisbach","subdivision":"Germersheim","cx":8.272,"cy":49.273}},
{"type":"Feature","geometry":{"type":"Polygon","coordinates":[[[8.3975,49.242],[8.4131,49.2498],[8.4105,49.2545],[8.3908,49.2533],[8.3801,49.2624],[8.3689,49.2681],[8.3294,49.2598],[8.3337,49.2536],[8.3367,49.2401],[8.3278,49.2385],[8.3305,49.2307],[8.3278,49.2204],[8.3443,49.2179],[8.351,49.2186],[8.354,49.2227],[8.3629,49.2229],[8.3643,49.2271],[8.3615,49.243],[8.3577,49.2495],[8.3586,49.2542],[8.3693,49.2553],[8.3819,49.2444],[8.3975,49.242]]]},"properties":{"id":"07334017","name":"Lingenfeld","subdivision":"Germersheim","cx":8.35,"cy":49.239}},
{"type":"Feature","geometry":{"type":"Polygon","coordinates":[[[8.3472,49.2098],[8.3359,49.2177],[8.3245,49.219],[8.3132,49.2228],[8.3138,49.2289],[8.3091,49.2404],[8.3102,49.2441],[8.3065,49.2542],[8.276,49.2522],[8.2702,49.2576],[8.269,49.2644],[8.251,49.2637],[8.2412,49.2614],[8.2462,49.2518],[8.2499,49.2399],[8.2571,49.2367],[8.2666,49.2219],[8.2842,49.2193],[8.2869,49.211],[8.2951,49.2121],[8.301,49.2096],[8.3122,49.2093],[8.3211,49.2055],[8.3398,49.2036],[8.3472,49.2098]]]},"properties":{"id":"07334018","name":"Lustadt","subdivision":"Germersheim","cx":8.289,"cy":49.235}},
{"type":"Feature","geometry":{"type":"Polygon","coordinates":[[[8.3689,49.2681],[8.3677,49.2816],[8.3627,49.2855],[8.3536,49.2827],[8.3495,49.2878],[8.3298,49.2926],[8.3272,49.2977],[8.3203,49.2967],[8.317,49.2919],[8.3055,49.2876],[8.3086,49.2829],[8.3147,49.2662],[8.3153,49.2604],[8.319,49.2581],[8.3294,49.2598],[8.3689,49.2681]]]},"properties":{"id":"07334028","name":"Schwegenheim","subdivision":"Germersheim","cx":8.335,"cy":49.276}},
{"type":"Feature","geometry":{"type":"Polygon","coordinates":[[[8.269,49.2644],[8.2702,49.2576],[8.276,49.2522],[8.3065,49.2542],[8.3153,49.2604],[8.3147,49.2662],[8.3086,49.2829],[8.3055,49.2876],[8.2998,49.2841],[8.3,49.2803],[8.2925,49.2759],[8.2913,49.2714],[8.2848,49.2683],[8.269,49.2644]]]},"properties":{"id":"07334032","name":"Weingarten (Pfalz)","subdivision":"Germersheim","cx":8.3,"cy":49.265}},
{"type":"Feature","geometry":{"type":"Polygon","coordinates":[[[8.351,49.2186],[8.3443,49.2179],[8.3278,49.2204],[8.3305,49.2307],[8.3278,49.2385],[8.3367,49.2401],[8.3337,49.2536],[8.3294,49.2598],[8.319,49.2581],[8.3153,49.2604],[8.3065,49.2542],[8.3102,49.2441],[8.3091,49.2404],[8.3138,49.2289],[8.3132,49.2228],[8.3245,49.219],[8.3359,49.2177],[8.3472,49.2098],[8.351,49.2186]]]},"properties":{"id":"07334033","name":"Westheim (Pfalz)","subdivision":"Germersheim","cx":8.32,"cy":49.245}},
{"type":"Feature","geometry":{"type":"Polygon","coordinates":[[[8.3416,49.1857],[8.3252,49.1862],[8.3186,49.184],[8.3124,49.187],[8.3061,49.1741],[8.3063,49.1662],[8.3208,49.1612],[8.3142,49.1548],[8.3228,49.1467],[8.3415,49.1507],[8.3493,49.1451],[8.3607,49.1414],[8.3711,49.1452],[8.3727,49.152],[8.3676,49.1642],[8.3698,49.1708],[8.3774,49.1806],[8.3667,49.179],[8.3568,49.1796],[8.3508,49.185],[8.3416,49.1857]]]},"properties":{"id":"07334011","name":"Hördt","subdivision":"Germersheim","cx":8.341,"cy":49.167}},
{"type":"Feature","geometry":{"type":"Polygon","coordinates":[[[8.2912,49.1346],[8.2958,49.1387],[8.3019,49.1345],[8.3169,49.1341],[8.3271,49.1376],[8.3354,49.1361],[8.3384,49.1414],[8.3493,49.1451],[8.3415,49.1507],[8.3228,49.1467],[8.3142,49.1548],[8.3084,49.1543],[8.2904,49.1348],[8.2912,49.1346]]]},"properties":{"id":"07334015","name":"Kuhardt","subdivision":"Germersheim","cx":8.314,"cy":49.143}},
{"type":"Feature","geometry":{"type":"Polygon","coordinates":[[[8.3154,49.1264],[8.3166,49.1201],[8.3261,49.1184],[8.339,49.1125],[8.3444,49.1077],[8.3596,49.1013],[8.3642,49.1167],[8.3711,49.1452],[8.3607,49.1414],[8.3493,49.1451],[8.3384,49.1414],[8.3354,49.1361],[8.3271,49.1376],[8.3169,49.1341],[8.3019,49.1345],[8.2958,49.1387],[8.2912,49.1346],[8.2999,49.1306],[8.3088,49.1318],[8.3154,49.1264]]]},"properties":{"id":"07334016","name":"Leimersheim","subdivision":"Germersheim","cx":8.347,"cy":49.126}},
{"type":"Feature","geometry":{"type":"Polygon","coordinates":[[[8.26,49.1349],[8.2635,49.126],[8.2721,49.1204],[8.2847,49.1325],[8.2904,49.1348],[8.3084,49.1543],[8.3142,49.1548],[8.3208,49.1612],[8.3063,49.1662],[8.3061,49.1741],[8.2952,49.1753],[8.2689,49.1726],[8.2595,49.173],[8.2568,49.1702],[8.2578,49.1592],[8.2639,49.1532],[8.2558,49.1509],[8.2553,49.146],[8.26,49.1349]]]},"properties":{"id":"07334025","name":"Rülzheim","subdivision":"Germersheim","cx":8.282,"cy":49.153}},
{"type":"Feature","geometry":{"type":"Polygon","coordinates":[[[7.4135,49.4149],[7.4048,49.4053],[7.407,49.4028],[7.3987,49.3908],[7.4057,49.3854],[7.3925,49.3833],[7.4028,49.3789],[7.3959,49.372],[7.4021,49.3677],[7.409,49.3635],[7.4155,49.3713],[7.4303,49.3708],[7.4415,49.374],[7.4433,49.3696],[7.4559,49.3725],[7.4569,49.3654],[7.4604,49.3746],[7.481,49.3781],[7.4868,49.3812],[7.4866,49.3861],[7.4846,49.3905],[7.4729,49.3977],[7.4748,49.4041],[7.4639,49.4151],[7.4488,49.414],[7.4375,49.4181],[7.4209,49.4202],[7.4135,49.4149]]]},"properties":{"id":"07335003","name":"Bruchmühlbach-Miesau","subdivision":"Kaiserslautern","cx":7.438,"cy":49.395}},
{"type":"Feature","geometry":{"type":"Polygon","coordinates":[[[7.5597,49.3545],[7.5481,49.3553],[7.5468,49.3603],[7.5266,49.3741],[7.5144,49.3732],[7.5052,49.3651],[7.5004,49.3587],[7.5029,49.356],[7.5056,49.3517],[7.5176,49.3451],[7.5209,49.3374],[7.5289,49.3423],[7.5374,49.3391],[7.559,49.3526],[7.5597,49.3545]]]},"properties":{"id":"07335011","name":"Gerhardsbrunn","subdivision":"Kaiserslautern","cx":7.527,"cy":49.356}},
{"type":"Feature","geometry":{"type":"Polygon","coordinates":[[[7.409,49.3635],[7.4171,49.3588],[7.4236,49.3598],[7.4379,49.3538],[7.4436,49.3538],[7.4569,49.3654],[7.4559,49.3725],[7.4433,49.3696],[7.4415,49.374],[7.4303,49.3708],[7.4155,49.3713],[7.409,49.3635]]]},"properties":{"id":"07335201","name":"Lambsborn","subdivision":"Kaiserslautern","cx":7.435,"cy":49.364}},
{"type":"Feature","geometry":{"type":"Polygon","coordinates":[[[7.481,49.3781],[7.4959,49.3679],[7.5052,49.3651],[7.5144,49.3732],[7.5266,49.3741],[7.534,49.3786],[7.5392,49.3866],[7.5289,49.3841],[7.52,49.3959],[7.5083,49.3911],[7.4866,49.3861],[7.4868,49.3812],[7.481,49.3781]]]},"properties":{"id":"07335202","name":"Langwieden","subdivision":"Kaiserslautern","cx":7.507,"cy":49.38}},
{"type":"Feature","geometry":{"type":"Polygon","coordinates":[[[7.4569,49.3654],[7.4436,49.3538],[7.4526,49.3509],[7.4641,49.3477],[7.478,49.3412],[7.4863,49.3401],[7.486,49.3429],[7.495,49.3488],[7.4923,49.3516],[7.5029,49.356],[7.5004,49.3587],[7.5052,49.3651],[7.4959,49.3679],[7.481,49.3781],[7.4604,49.3746],[7.4569,49.3654]]]},"properties":{"id":"07335203","name":"Martinshöhe","subdivision":"Kaiserslautern","cx":7.476,"cy":49.36}},
{"type":"Feature","geometry":{"type":"Polygon","coordinates":[[[7.8582,49.4516],[7.8784,49.4599],[7.8841,49.4653],[7.9102,49.4732],[7.9197,49.4785],[7.9389,49.4793],[7.9511,49.4844],[7.9552,49.4885],[7.9641,49.4896],[7.9566,49.493],[7.9582,49.4986],[7.957,49.5095],[7.951,49.5143],[7.9514,49.5222],[7.9575,49.5297],[7.9578,49.5329],[7.9484,49.5281],[7.9369,49.5286],[7.9382,49.5157],[7.9189,49.5139],[7.9127,49.5207],[7.9064,49.5117],[7.8959,49.5078],[7.892,49.5183],[7.8928,49.5248],[7.8854,49.5244],[7.8824,49.5106],[7.8842,49.4989],[7.8774,49.4817],[7.8667,49.4783],[7.8532,49.4678],[7.8439,49.4651],[7.8582,49.4516]]]},"properties":{"id":"07335004","name":"Enkenbach-Alsenborn","subdivision":"Kaiserslautern","cx":7.909,"cy":49.492}},
{"type":"Feature","geometry":{"type":"Polygon","coordinates":[[[7.8611,49.4433],[7.8813,49.4457],[7.8914,49.4526],[7.9033,49.4507],[7.9046,49.4479],[7.9222,49.4462],[7.9211,49.4571],[7.9267,49.4562],[7.9378,49.4624],[7.9513,49.4612],[7.9537,49.4666],[7.9523,49.4741],[7.9511,49.4844],[7.9389,49.4793],[7.9197,49.4785],[7.9102,49.4732],[7.8841,49.4653],[7.8784,49.4599],[7.8582,49.4516],[7.8559,49.4447],[7.8611,49.4433]]]},"properties":{"id":"07335007","name":"Fischbach (Kaiserslautern)","subdivision":"Kaiserslautern","cx":7.91,"cy":49.462}},
{"type":"Feature","geometry":{"type":"Polygon","coordinates":[[[7.9513,49.4612],[7.9378,49.4624],[7.9267,49.4562],[7.9211,49.4571],[7.9222,49.4462],[7.9229,49.4424],[7.9358,49.4366],[7.9303,49.43],[7.9434,49.4226],[7.9506,49.4131],[7.9509,49.4171],[7.9637,49.4235],[7.9827,49.4296],[7.9868,49.4349],[7.9817,49.4413],[7.9664,49.4417],[7.9617,49.4453],[7.9513,49.4612]]]},"properties":{"id":"07335010","name":"Frankenstein","subdivision":"Kaiserslautern","cx":7.95,"cy":49.439}},
{"type":"Feature","geometry":{"type":"Polygon","coordinates":[[[7.8442,49.3989],[7.8527,49.4002],[7.8651,49.3961],[7.8803,49.3977],[7.8836,49.4018],[7.8916,49.4005],[7.9138,49.4101],[7.9235,49.4183],[7.9384,49.4174],[7.9434,49.4226],[7.9303,49.43],[7.9358,49.4366],[7.9229,49.4424],[7.9222,49.4462],[7.9046,49.4479],[7.9033,49.4507],[7.8914,49.4526],[7.8813,49.4457],[7.8611,49.4433],[7.8707,49.4214],[7.8691,49.4084],[7.8467,49.4016],[7.8442,49.3989]]]},"properties":{"id":"07335015","name":"Hochspeyer","subdivision":"Kaiserslautern","cx":7.895,"cy":49.425}},
{"type":"Feature","geometry":{"type":"MultiPolygon","coordinates":[[[[7.8439,49.4651],[7.8532,49.4678],[7.8667,49.4783],[7.8774,49.4817],[7.8842,49.4989],[7.8824,49.5106],[7.8608,49.5046],[7.8482,49.504],[7.8506,49.5086],[7.8386,49.5086],[7.834,49.5122],[7.8244,49.504],[7.829,49.501],[7.8209,49.4971],[7.8279,49.4937],[7.8182,49.4867],[7.8021,49.4818],[7.8066,49.4778],[7.7998,49.4737],[7.8012,49.4677],[7.8134,49.462],[7.8274,49.4625],[7.8439,49.4651]]],[[[7.8264,49.5309],[7.8341,49.5196],[7.8421,49.5227],[7.8346,49.5308],[7.8264,49.5309]]]]},"properties":{"id":"07335026","name":"Mehlingen","subdivision":"Kaiserslautern","cx":7.843,"cy":49.486}},
{"type":"Feature","geometry":{"type":"Polygon","coordinates":[[[7.8956,49.5277],[7.8928,49.5248],[7.892,49.5183],[7.8959,49.5078],[7.9064,49.5117],[7.9127,49.5207],[7.9189,49.5139],[7.9382,49.5157],[7.9369,49.5286],[7.9388,49.5304],[7.9149,49.5353],[7.9049,49.5337],[7.8956,49.5277]]]},"properties":{"id":"07335028","name":"Neuhemsbach","subdivision":"Kaiserslautern","cx":7.92,"cy":49.525}},
{"type":"Feature","geometry":{"type":"Polygon","coordinates":[[[7.8488,49.3622],[7.8571,49.3735],[7.866,49.3759],[7.8721,49.3744],[7.8839,49.38],[7.8963,49.3792],[7.906,49.3881],[7.9231,49.3933],[7.9427,49.3881],[7.9504,49.3905],[7.9541,49.3981],[7.9634,49.4005],[7.9506,49.4131],[7.9434,49.4226],[7.9384,49.4174],[7.9235,49.4183],[7.9138,49.4101],[7.8916,49.4005],[7.8836,49.4018],[7.8803,49.3977],[7.8651,49.3961],[7.8527,49.4002],[7.8442,49.3989],[7.8305,49.396],[7.8152,49.3957],[7.8182,49.39],[7.8173,49.3832],[7.8247,49.3782],[7.8287,49.3722],[7.847,49.3665],[7.8488,49.3622]]]},"properties":{"id":"07335048","name":"Waldleiningen","subdivision":"Kaiserslautern","cx":7.851,"cy":49.386}},
{"type":"Feature","geometry":{"type":"Polygon","coordinates":[[[7.8916,49.5297],[7.8822,49.5268],[7.8719,49.5215],[7.8593,49.5223],[7.8408,49.5138],[7.8336,49.5133],[7.834,49.5122],[7.8386,49.5086],[7.8506,49.5086],[7.8482,49.504],[7.8608,49.5046],[7.8824,49.5106],[7.8854,49.5244],[7.8928,49.5248],[7.8956,49.5277],[7.8916,49.5297]]]},"properties":{"id":"07335205","name":"Sembach","subdivision":"Kaiserslautern","cx":7.865,"cy":49.514}},
{"type":"Feature","geometry":{"type":"Polygon","coordinates":[[[7.6914,49.3875],[7.6823,49.3813],[7.6726,49.3813],[7.6542,49.3743],[7.6503,49.3688],[7.649,49.3607],[7.6568,49.3591],[7.6588,49.3519],[7.6726,49.3434],[7.6917,49.3661],[7.6983,49.3766],[7.6987,49.3852],[7.6914,49.3875]]]},"properties":{"id":"07335021","name":"Krickenbach","subdivision":"Kaiserslautern","cx":7.674,"cy":49.367}},
{"type":"Feature","geometry":{"type":"Polygon","coordinates":[[[7.649,49.3607],[7.6375,49.3567],[7.6287,49.359],[7.6229,49.3456],[7.6278,49.3421],[7.6412,49.3432],[7.6689,49.3419],[7.6726,49.3434],[7.6588,49.3519],[7.6568,49.3591],[7.649,49.3607]]]},"properties":{"id":"07335023","name":"Linden (Kaiserslautern)","subdivision":"Kaiserslautern","cx":7.645,"cy":49.351}},
{"type":"Feature","geometry":{"type":"Polygon","coordinates":[[[7.6786,49.3983],[7.6641,49.3947],[7.6512,49.3981],[7.624,49.3819],[7.6033,49.3758],[7.61,49.3711],[7.6076,49.3642],[7.6116,49.3602],[7.6241,49.3609],[7.6287,49.359],[7.6375,49.3567],[7.649,49.3607],[7.6503,49.3688],[7.6542,49.3743],[7.6726,49.3813],[7.6823,49.3813],[7.6914,49.3875],[7.6921,49.3948],[7.6786,49.3983]]]},"properties":{"id":"07335037","name":"Queidersbach","subdivision":"Kaiserslautern","cx":7.639,"cy":49.376}},
{"type":"Feature","geometry":{"type":"Polygon","coordinates":[[[7.6987,49.3852],[7.6983,49.3766],[7.6917,49.3661],[7.6954,49.3691],[7.7133,49.367],[7.7242,49.3678],[7.7362,49.3622],[7.7482,49.366],[7.7417,49.3712],[7.7439,49.3749],[7.7386,49.3889],[7.7406,49.3919],[7.7213,49.3946],[7.7094,49.3938],[7.6987,49.3852]]]},"properties":{"id":"07335045","name":"Stelzenberg","subdivision":"Kaiserslautern","cx":7.721,"cy":49.38}},
{"type":"Feature","geometry":{"type":"Polygon","coordinates":[[[7.7406,49.3919],[7.7386,49.3889],[7.7439,49.3749],[7.7417,49.3712],[7.7482,49.366],[7.7362,49.3622],[7.7301,49.3554],[7.7265,49.3453],[7.7435,49.3425],[7.7593,49.345],[7.765,49.3404],[7.7666,49.3315],[7.7648,49.3213],[7.7678,49.3144],[7.7784,49.312],[7.788,49.3123],[7.7914,49.3077],[7.7987,49.3068],[7.8115,49.3182],[7.8279,49.3176],[7.8336,49.3213],[7.832,49.3238],[7.8259,49.3292],[7.8246,49.3348],[7.8275,49.3453],[7.8342,49.3559],[7.8405,49.3589],[7.8305,49.3586],[7.8165,49.3638],[7.8156,49.3684],[7.8046,49.3722],[7.7953,49.3801],[7.7759,49.3885],[7.7693,49.395],[7.7515,49.3956],[7.7406,49.3919]]]},"properties":{"id":"07335047","name":"Trippstadt","subdivision":"Kaiserslautern","cx":7.79,"cy":49.349}},
{"type":"Feature","geometry":{"type":"Polygon","coordinates":[[[7.6726,49.3434],[7.6689,49.3419],[7.6696,49.3324],[7.681,49.3379],[7.6981,49.3376],[7.7049,49.3413],[7.724,49.3434],[7.7265,49.3453],[7.7301,49.3554],[7.7362,49.3622],[7.7242,49.3678],[7.7133,49.367],[7.6954,49.3691],[7.6917,49.3661],[7.6726,49.3434]]]},"properties":{"id":"07335204","name":"Schopp","subdivision":"Kaiserslautern","cx":7.703,"cy":49.354}},
{"type":"Feature","geometry":{"type":"Polygon","coordinates":[[[7.6683,49.4186],[7.6521,49.415],[7.6464,49.4114],[7.6232,49.4036],[7.6046,49.4037],[7.5955,49.3994],[7.5978,49.3911],[7.6034,49.3847],[7.6014,49.3763],[7.6033,49.3758],[7.624,49.3819],[7.6512,49.3981],[7.6641,49.3947],[7.6786,49.3983],[7.6775,49.4084],[7.6683,49.4186]]]},"properties":{"id":"07335002","name":"Bann","subdivision":"Kaiserslautern","cx":7.621,"cy":49.393}},
{"type":"Feature","geometry":{"type":"Polygon","coordinates":[[[7.6548,49.4467],[7.6542,49.4517],[7.6468,49.462],[7.6372,49.4678],[7.6387,49.4734],[7.6523,49.4768],[7.6511,49.4879],[7.6472,49.4895],[7.6188,49.4954],[7.608,49.4926],[7.6029,49.484],[7.5875,49.4825],[7.5936,49.4801],[7.596,49.4748],[7.6077,49.4689],[7.6179,49.4492],[7.6254,49.45],[7.6281,49.4375],[7.6312,49.4354],[7.6348,49.4368],[7.6348,49.4467],[7.6548,49.4467]]]},"properties":{"id":"07335049","name":"Weilerbach","subdivision":"Kaiserslautern","cx":7.623,"cy":49.473}},
{"type":"Feature","geometry":{"type":"Polygon","coordinates":[[[7.4866,49.3861],[7.5083,49.3911],[7.52,49.3959],[7.518,49.4051],[7.5059,49.405],[7.4903,49.4053],[7.4748,49.4041],[7.4729,49.3977],[7.4846,49.3905],[7.4866,49.3861]]]},"properties":{"id":"07335012","name":"Hauptstuhl","subdivision":"Kaiserslautern","cx":7.496,"cy":49.397}},
{"type":"Feature","geometry":{"type":"Polygon","coordinates":[[[7.6299,49.4252],[7.6218,49.4227],[7.5989,49.4201],[7.5943,49.4188],[7.5925,49.4109],[7.6004,49.4095],[7.6046,49.4037],[7.6232,49.4036],[7.6464,49.4114],[7.6521,49.415],[7.6683,49.4186],[7.6617,49.4264],[7.6534,49.4248],[7.6496,49.4299],[7.6299,49.4252]]]},"properties":{"id":"07335018","name":"Kindsbach","subdivision":"Kaiserslautern","cx":7.628,"cy":49.416}},
{"type":"Feature","geometry":{"type":"Polygon","coordinates":[[[7.5392,49.3866],[7.5523,49.3918],[7.5619,49.3912],[7.5721,49.3947],[7.5743,49.3907],[7.5955,49.3994],[7.6046,49.4037],[7.6004,49.4095],[7.5925,49.4109],[7.5943,49.4188],[7.5989,49.4201],[7.572,49.4193],[7.5594,49.4169],[7.5259,49.4088],[7.518,49.4051],[7.52,49.3959],[7.5289,49.3841],[7.5392,49.3866]]]},"properties":{"id":"07335022","name":"Landstuhl","subdivision":"Kaiserslautern","cx":7.56,"cy":49.403}},
{"type":"Feature","geometry":{"type":"Polygon","coordinates":[[[7.5597,49.3545],[7.5628,49.3617],[7.5703,49.3694],[7.5681,49.3765],[7.5768,49.3883],[7.5743,49.3907],[7.5721,49.3947],[7.5619,49.3912],[7.5523,49.3918],[7.5392,49.3866],[7.534,49.3786],[7.5266,49.3741],[7.5468,49.3603],[7.5481,49.3553],[7.5597,49.3545]]]},"properties":{"id":"07335027","name":"Mittelbrunn","subdivision":"Kaiserslautern","cx":7.554,"cy":49.376}},
{"type":"Feature","geometry":{"type":"Polygon","coordinates":[[[7.5955,49.3994],[7.5743,49.3907],[7.5768,49.3883],[7.5681,49.3765],[7.5703,49.3694],[7.5724,49.3722],[7.5886,49.3753],[7.596,49.3734],[7.6014,49.3763],[7.6034,49.3847],[7.5978,49.3911],[7.5955,49.3994]]]},"properties":{"id":"07335031","name":"Oberarnbach","subdivision":"Kaiserslautern","cx":7.587,"cy":49.384}},
{"type":"Feature","geometry":{"type":"Polygon","coordinates":[[[7.6818,49.4879],[7.6725,49.4955],[7.6643,49.4945],[7.6511,49.4879],[7.6523,49.4768],[7.6387,49.4734],[7.6372,49.4678],[7.6468,49.462],[7.6542,49.4517],[7.6548,49.4467],[7.671,49.4494],[7.7028,49.4423],[7.7003,49.4531],[7.6935,49.4538],[7.6824,49.4598],[7.6769,49.469],[7.6829,49.4742],[7.6801,49.4794],[7.6818,49.4879]]]},"properties":{"id":"07335040","name":"Rodenbach","subdivision":"Kaiserslautern","cx":7.664,"cy":49.467}},
{"type":"Feature","geometry":{"type":"Polygon","coordinates":[[[7.4209,49.4202],[7.4375,49.4181],[7.4488,49.414],[7.4639,49.4151],[7.4748,49.4041],[7.4903,49.4053],[7.5059,49.405],[7.4958,49.41],[7.5014,49.4144],[7.5156,49.419],[7.5146,49.4306],[7.5201,49.4367],[7.5065,49.4423],[7.4927,49.4421],[7.4747,49.4421],[7.4601,49.4365],[7.4458,49.4312],[7.4383,49.424],[7.4345,49.4274],[7.4209,49.4236],[7.4209,49.4202]]]},"properties":{"id":"07335016","name":"Hütschenhausen","subdivision":"Kaiserslautern","cx":7.479,"cy":49.425}},
{"type":"Feature","geometry":{"type":"Polygon","coordinates":[[[7.4987,49.485],[7.5062,49.4794],[7.5216,49.4724],[7.5283,49.4671],[7.5389,49.4638],[7.5485,49.4697],[7.5479,49.4752],[7.5585,49.4798],[7.5576,49.4843],[7.5459,49.4854],[7.5378,49.4915],[7.5268,49.4898],[7.5228,49.4925],[7.5062,49.4928],[7.4987,49.485]]]},"properties":{"id":"07335020","name":"Kottweiler-Schwanden","subdivision":"Kaiserslautern","cx":7.531,"cy":49.479}},
{"type":"Feature","geometry":{"type":"Polygon","coordinates":[[[7.4507,49.4578],[7.4463,49.4533],[7.4557,49.4502],[7.4627,49.4406],[7.4601,49.4365],[7.4747,49.4421],[7.4927,49.4421],[7.4963,49.4475],[7.4962,49.4565],[7.4885,49.4557],[7.4895,49.4634],[7.4861,49.4673],[7.4883,49.4742],[7.4962,49.479],[7.4976,49.4855],[7.4811,49.4875],[7.4728,49.4801],[7.4595,49.4712],[7.4617,49.4667],[7.4507,49.4578]]]},"properties":{"id":"07335030","name":"Niedermohr","subdivision":"Kaiserslautern","cx":7.474,"cy":49.46}},
{"type":"Feature","geometry":{"type":"Polygon","coordinates":[[[7.6312,49.4354],[7.6281,49.4375],[7.6254,49.45],[7.6179,49.4492],[7.6077,49.4689],[7.5876,49.4636],[7.5762,49.4696],[7.5641,49.481],[7.5576,49.4843],[7.5585,49.4798],[7.5479,49.4752],[7.5485,49.4697],[7.5389,49.4638],[7.5448,49.4575],[7.5412,49.454],[7.528,49.4496],[7.5253,49.4429],[7.5065,49.4423],[7.5201,49.4367],[7.5146,49.4306],[7.5156,49.419],[7.5014,49.4144],[7.4958,49.41],[7.5059,49.405],[7.518,49.4051],[7.5259,49.4088],[7.5594,49.4169],[7.572,49.4193],[7.5989,49.4201],[7.6218,49.4227],[7.6299,49.4252],[7.6267,49.4338],[7.6312,49.4354]]]},"properties":{"id":"07335038","name":"Ramstein-Miesenbach","subdivision":"Kaiserslautern","cx":7.567,"cy":49.442}},
{"type":"Feature","geometry":{"type":"Polygon","coordinates":[[[7.5065,49.4423],[7.5253,49.4429],[7.528,49.4496],[7.5412,49.454],[7.5448,49.4575],[7.5389,49.4638],[7.5283,49.4671],[7.5216,49.4724],[7.5062,49.4794],[7.4987,49.485],[7.4976,49.4855],[7.4962,49.479],[7.4883,49.4742],[7.4861,49.4673],[7.4895,49.4634],[7.4885,49.4557],[7.4962,49.4565],[7.4963,49.4475],[7.4927,49.4421],[7.5065,49.4423]]]},"properties":{"id":"07335044","name":"Steinwenden","subdivision":"Kaiserslautern","cx":7.511,"cy":49.461}},
{"type":"Feature","geometry":{"type":"Polygon","coordinates":[[[7.6188,49.4954],[7.6472,49.4895],[7.6443,49.4987],[7.632,49.505],[7.6234,49.5146],[7.6066,49.5218],[7.5959,49.5134],[7.6065,49.5053],[7.6072,49.4989],[7.6188,49.4954]]]},"properties":{"id":"07335005","name":"Erzenhausen","subdivision":"Kaiserslautern","cx":7.62,"cy":49.505}},
{"type":"Feature","geometry":{"type":"Polygon","coordinates":[[[7.6511,49.4879],[7.6643,49.4945],[7.6615,49.499],[7.6685,49.5033],[7.6693,49.5096],[7.6646,49.507],[7.6559,49.511],[7.6483,49.5076],[7.6441,49.512],[7.6322,49.5093],[7.6234,49.5146],[7.632,49.505],[7.6443,49.4987],[7.6472,49.4895],[7.6511,49.4879]]]},"properties":{"id":"07335006","name":"Eulenbis","subdivision":"Kaiserslautern","cx":7.652,"cy":49.501}},
{"type":"Feature","geometry":{"type":"Polygon","coordinates":[[[7.5959,49.5134],[7.6066,49.5218],[7.5846,49.53],[7.5835,49.5271],[7.5618,49.5184],[7.5624,49.5074],[7.5727,49.5014],[7.5959,49.5134]]]},"properties":{"id":"07335019","name":"Kollweiler","subdivision":"Kaiserslautern","cx":7.581,"cy":49.516}},
{"type":"Feature","geometry":{"type":"Polygon","coordinates":[[[7.5576,49.4843],[7.5641,49.481],[7.5762,49.4696],[7.5876,49.4636],[7.6077,49.4689],[7.596,49.4748],[7.5936,49.4801],[7.5875,49.4825],[7.5793,49.4817],[7.5628,49.4849],[7.5576,49.4843]]]},"properties":{"id":"07335024","name":"Mackenbach","subdivision":"Kaiserslautern","cx":7.584,"cy":49.474}},
{"type":"Feature","geometry":{"type":"Polygon","coordinates":[[[7.4357,49.5162],[7.4425,49.5201],[7.4503,49.5341],[7.4389,49.5315],[7.4353,49.5346],[7.4258,49.5355],[7.4156,49.5299],[7.4097,49.5191],[7.4099,49.517],[7.4143,49.516],[7.4294,49.5204],[7.4357,49.5162]]]},"properties":{"id":"07336034","name":"Haschbach am Remigiusberg","subdivision":"Kusel","cx":7.429,"cy":49.527}},
{"type":"Feature","geometry":{"type":"Polygon","coordinates":[[[7.5727,49.5014],[7.5624,49.5074],[7.5618,49.5184],[7.537,49.5185],[7.5309,49.5277],[7.5267,49.5263],[7.5278,49.5229],[7.5278,49.5165],[7.5232,49.5126],[7.5008,49.5031],[7.4946,49.4975],[7.4793,49.4971],[7.4831,49.4906],[7.4811,49.4875],[7.4976,49.4855],[7.4987,49.485],[7.5062,49.4928],[7.5228,49.4925],[7.5268,49.4898],[7.5378,49.4915],[7.5459,49.4854],[7.5576,49.4843],[7.5606,49.4938],[7.5706,49.4975],[7.5727,49.5014]]]},"properties":{"id":"07335501","name":"Reichenbach-Steegen","subdivision":"Kaiserslautern","cx":7.541,"cy":49.505}},
{"type":"Feature","geometry":{"type":"Polygon","coordinates":[[[7.6083,49.5237],[7.6121,49.5202],[7.6398,49.5244],[7.6434,49.5284],[7.6622,49.5311],[7.6511,49.5398],[7.6414,49.5429],[7.6379,49.5399],[7.6147,49.5342],[7.6098,49.5319],[7.6083,49.5237]]]},"properties":{"id":"07335009","name":"Frankelbach","subdivision":"Kaiserslautern","cx":7.632,"cy":49.531}},
{"type":"Feature","geometry":{"type":"Polygon","coordinates":[[[7.7554,49.5729],[7.7469,49.5739],[7.7336,49.5589],[7.7381,49.5535],[7.7509,49.5439],[7.7514,49.5389],[7.7671,49.5336],[7.7723,49.5325],[7.7674,49.5417],[7.7631,49.5439],[7.7699,49.5516],[7.7828,49.5592],[7.7815,49.5615],[7.7763,49.5664],[7.7682,49.5654],[7.7554,49.5729]]]},"properties":{"id":"07335013","name":"Heiligenmoschel","subdivision":"Kaiserslautern","cx":7.757,"cy":49.556}},
{"type":"Feature","geometry":{"type":"Polygon","coordinates":[[[7.6766,49.5185],[7.6845,49.5112],[7.6968,49.5171],[7.6996,49.5234],[7.6855,49.532],[7.6785,49.5301],[7.6671,49.5223],[7.6628,49.5219],[7.6636,49.5188],[7.6766,49.5185]]]},"properties":{"id":"07335014","name":"Hirschhorn/Pfalz","subdivision":"Kaiserslautern","cx":7.684,"cy":49.522}},
{"type":"Feature","geometry":{"type":"Polygon","coordinates":[[[7.7034,49.4948],[7.7251,49.5026],[7.7361,49.5088],[7.7289,49.5119],[7.72,49.512],[7.7007,49.5177],[7.6968,49.5171],[7.6845,49.5112],[7.6766,49.5185],[7.6776,49.5149],[7.6693,49.5096],[7.6685,49.5033],[7.6615,49.499],[7.6643,49.4945],[7.6725,49.4955],[7.6818,49.4879],[7.7034,49.4948]]]},"properties":{"id":"07335017","name":"Katzweiler","subdivision":"Kaiserslautern","cx":7.695,"cy":49.504}},
{"type":"Feature","geometry":{"type":"Polygon","coordinates":[[[7.6968,49.5171],[7.7007,49.5177],[7.72,49.512],[7.7289,49.5119],[7.7361,49.5088],[7.7461,49.5153],[7.7438,49.5194],[7.7467,49.5258],[7.7393,49.5321],[7.7291,49.5357],[7.7262,49.5402],[7.7118,49.5391],[7.7084,49.5352],[7.6972,49.5319],[7.6889,49.5348],[7.6855,49.532],[7.6996,49.5234],[7.6968,49.5171]]]},"properties":{"id":"07335025","name":"Mehlbach","subdivision":"Kaiserslautern","cx":7.72,"cy":49.525}},
{"type":"Feature","geometry":{"type":"Polygon","coordinates":[[[7.7478,49.5948],[7.7448,49.5971],[7.7351,49.5862],[7.7211,49.589],[7.7036,49.5907],[7.6963,49.5887],[7.6845,49.5923],[7.6717,49.5859],[7.6609,49.5858],[7.6517,49.5881],[7.6393,49.575],[7.6506,49.5738],[7.6558,49.5711],[7.6616,49.5697],[7.6601,49.5604],[7.6651,49.5534],[7.6715,49.554],[7.685,49.546],[7.6975,49.549],[7.7019,49.5608],[7.7214,49.5572],[7.7336,49.5589],[7.7469,49.5739],[7.7408,49.5795],[7.7396,49.5854],[7.743,49.5924],[7.7478,49.5948]]]},"properties":{"id":"07335029","name":"Niederkirchen","subdivision":"Kaiserslautern","cx":7.688,"cy":49.572}},
{"type":"Feature","geometry":{"type":"Polygon","coordinates":[[[7.6622,49.5311],[7.6628,49.5219],[7.6671,49.5223],[7.6785,49.5301],[7.6855,49.532],[7.6889,49.5348],[7.6936,49.5374],[7.685,49.546],[7.6715,49.554],[7.6651,49.5534],[7.6601,49.5604],[7.6494,49.5532],[7.6414,49.5429],[7.6511,49.5398],[7.6622,49.5311]]]},"properties":{"id":"07335033","name":"Olsbrücken","subdivision":"Kaiserslautern","cx":7.667,"cy":49.542}},
{"type":"Feature","geometry":{"type":"Polygon","coordinates":[[[7.7574,49.4886],[7.7569,49.4924],[7.7454,49.4952],[7.7395,49.4945],[7.7273,49.499],[7.7251,49.5026],[7.7034,49.4948],[7.7197,49.4895],[7.7351,49.4767],[7.7377,49.4729],[7.7555,49.476],[7.7537,49.482],[7.7574,49.4886]]]},"properties":{"id":"07335034","name":"Otterbach","subdivision":"Kaiserslautern","cx":7.74,"cy":49.485}},
{"type":"Feature","geometry":{"type":"Polygon","coordinates":[[[7.578,49.5746],[7.5818,49.5745],[7.5878,49.574],[7.5866,49.5826],[7.5826,49.5882],[7.5877,49.5915],[7.5888,49.6008],[7.5866,49.6139],[7.5692,49.6125],[7.5689,49.6037],[7.5619,49.5993],[7.5724,49.5916],[7.5819,49.5798],[7.578,49.5746]]]},"properties":{"id":"07336005","name":"Aschbach","subdivision":"Kusel","cx":7.579,"cy":49.598}},
{"type":"Feature","geometry":{"type":"Polygon","coordinates":[[[7.8021,49.4818],[7.8182,49.4867],[7.8279,49.4937],[7.8209,49.4971],[7.829,49.501],[7.8244,49.504],[7.834,49.5122],[7.8336,49.5133],[7.8341,49.5196],[7.8264,49.5309],[7.8173,49.5353],[7.8101,49.5342],[7.8003,49.5374],[7.7903,49.5382],[7.7761,49.5352],[7.7723,49.5325],[7.7671,49.5336],[7.7565,49.5269],[7.7467,49.5258],[7.7438,49.5194],[7.7461,49.5153],[7.7361,49.5088],[7.7251,49.5026],[7.7273,49.499],[7.7395,49.4945],[7.7454,49.4952],[7.7569,49.4924],[7.7574,49.4886],[7.7641,49.4907],[7.7729,49.4878],[7.7794,49.4901],[7.7879,49.4851],[7.798,49.4856],[7.8021,49.4818]]]},"properties":{"id":"07335035","name":"Otterberg","subdivision":"Kaiserslautern","cx":7.787,"cy":49.512}},
{"type":"Feature","geometry":{"type":"Polygon","coordinates":[[[7.7336,49.5589],[7.7214,49.5572],[7.7019,49.5608],[7.6975,49.549],[7.685,49.546],[7.6936,49.5374],[7.6889,49.5348],[7.6972,49.5319],[7.7084,49.5352],[7.7118,49.5391],[7.7262,49.5402],[7.7378,49.548],[7.7381,49.5535],[7.7336,49.5589]]]},"properties":{"id":"07335041","name":"Schallodenbach","subdivision":"Kaiserslautern","cx":7.712,"cy":49.548}},
{"type":"Feature","geometry":{"type":"Polygon","coordinates":[[[7.7381,49.5535],[7.7378,49.548],[7.7262,49.5402],[7.7291,49.5357],[7.7393,49.5321],[7.7467,49.5258],[7.7565,49.5269],[7.7671,49.5336],[7.7514,49.5389],[7.7509,49.5439],[7.7381,49.5535]]]},"properties":{"id":"07335042","name":"Schneckenhausen","subdivision":"Kaiserslautern","cx":7.744,"cy":49.538}},
{"type":"Feature","geometry":{"type":"Polygon","coordinates":[[[7.6234,49.5146],[7.6322,49.5093],[7.6441,49.512],[7.6483,49.5076],[7.6559,49.511],[7.6646,49.507],[7.6693,49.5096],[7.6776,49.5149],[7.6766,49.5185],[7.6636,49.5188],[7.6628,49.5219],[7.6622,49.5311],[7.6434,49.5284],[7.6398,49.5244],[7.6121,49.5202],[7.6083,49.5237],[7.6066,49.5218],[7.6234,49.5146]]]},"properties":{"id":"07335046","name":"Sulzbachtal","subdivision":"Kaiserslautern","cx":7.648,"cy":49.52}},
{"type":"Feature","geometry":{"type":"Polygon","coordinates":[[[7.4205,49.5563],[7.4314,49.5495],[7.4387,49.5512],[7.4538,49.5454],[7.4503,49.5341],[7.4558,49.5316],[7.4735,49.5287],[7.4863,49.5349],[7.4879,49.5403],[7.485,49.5479],[7.4897,49.5522],[7.5044,49.5517],[7.5095,49.5583],[7.5011,49.5584],[7.4929,49.564],[7.4859,49.5614],[7.4761,49.5634],[7.4578,49.5597],[7.4511,49.5723],[7.4336,49.5625],[7.417,49.5594],[7.4205,49.5563]]]},"properties":{"id":"07336003","name":"Altenglan","subdivision":"Kusel","cx":7.468,"cy":49.547}},
{"type":"Feature","geometry":{"type":"Polygon","coordinates":[[[7.5309,49.5277],[7.5421,49.531],[7.5373,49.5486],[7.5317,49.5474],[7.5257,49.5553],[7.5183,49.5542],[7.5095,49.5583],[7.5044,49.5517],[7.4897,49.5522],[7.485,49.5479],[7.4879,49.5403],[7.4863,49.5349],[7.4954,49.539],[7.5051,49.5322],[7.5206,49.5358],[7.5267,49.5263],[7.5309,49.5277]]]},"properties":{"id":"07336009","name":"Bosenbach","subdivision":"Kusel","cx":7.514,"cy":49.544}},
{"type":"Feature","geometry":{"type":"Polygon","coordinates":[[[7.5257,49.5553],[7.5221,49.5578],[7.5175,49.5616],[7.5207,49.5707],[7.5173,49.5722],[7.5206,49.5802],[7.5172,49.5835],[7.5102,49.5789],[7.5083,49.5693],[7.5095,49.5583],[7.5183,49.5542],[7.5257,49.5553]]]},"properties":{"id":"07336021","name":"Elzweiler","subdivision":"Kusel","cx":7.515,"cy":49.568}},
{"type":"Feature","geometry":{"type":"Polygon","coordinates":[[[7.4511,49.5723],[7.4597,49.575],[7.4579,49.5777],[7.4458,49.5811],[7.4204,49.5757],[7.4194,49.5695],[7.4148,49.5656],[7.417,49.5594],[7.4336,49.5625],[7.4511,49.5723]]]},"properties":{"id":"07336022","name":"Erdesbach","subdivision":"Kusel","cx":7.435,"cy":49.571}},
{"type":"Feature","geometry":{"type":"Polygon","coordinates":[[[7.4735,49.5287],[7.4745,49.5226],[7.4807,49.5194],[7.501,49.5183],[7.5066,49.5237],[7.5051,49.5322],[7.4954,49.539],[7.4863,49.5349],[7.4735,49.5287]]]},"properties":{"id":"07336025","name":"Föckelberg","subdivision":"Kusel","cx":7.491,"cy":49.527}},
{"type":"Feature","geometry":{"type":"Polygon","coordinates":[[[7.5221,49.5578],[7.5287,49.5653],[7.5403,49.5645],[7.534,49.5684],[7.5328,49.5745],[7.5359,49.5821],[7.5433,49.5989],[7.531,49.6007],[7.5215,49.5958],[7.5167,49.5998],[7.4993,49.5845],[7.5086,49.5811],[7.5172,49.5835],[7.5206,49.5802],[7.5173,49.5722],[7.5207,49.5707],[7.5175,49.5616],[7.5221,49.5578]]]},"properties":{"id":"07336046","name":"Horschbach","subdivision":"Kusel","cx":7.527,"cy":49.586}},
{"type":"Feature","geometry":{"type":"Polygon","coordinates":[[[7.5008,49.5031],[7.5056,49.5108],[7.501,49.5183],[7.4807,49.5194],[7.4745,49.5226],[7.4698,49.5211],[7.4694,49.5128],[7.4749,49.5093],[7.4793,49.4971],[7.4946,49.4975],[7.5008,49.5031]]]},"properties":{"id":"07336066","name":"Neunkirchen am Potzberg","subdivision":"Kusel","cx":7.487,"cy":49.509}},
{"type":"Feature","geometry":{"type":"Polygon","coordinates":[[[7.3098,49.5199],[7.3078,49.52],[7.301,49.518],[7.2971,49.5229],[7.2857,49.5169],[7.2828,49.5105],[7.2827,49.5019],[7.2871,49.4991],[7.2903,49.5045],[7.3008,49.5061],[7.3088,49.5105],[7.314,49.5139],[7.3098,49.5199]]]},"properties":{"id":"07336039","name":"Herchweiler","subdivision":"Kusel","cx":7.296,"cy":49.512}},
{"type":"Feature","geometry":{"type":"Polygon","coordinates":[[[7.4489,49.6153],[7.4588,49.612],[7.4642,49.6006],[7.4628,49.5947],[7.4735,49.5979],[7.484,49.6079],[7.4794,49.6129],[7.4836,49.6178],[7.4729,49.6244],[7.4617,49.6202],[7.4606,49.6275],[7.4536,49.6335],[7.4625,49.6435],[7.4339,49.6405],[7.4377,49.6323],[7.4384,49.6201],[7.4489,49.6153]]]},"properties":{"id":"07336067","name":"Niederalben","subdivision":"Kusel","cx":7.45,"cy":49.624}},
{"type":"Feature","geometry":{"type":"Polygon","coordinates":[[[7.5267,49.5263],[7.5206,49.5358],[7.5051,49.5322],[7.5066,49.5237],[7.5182,49.5204],[7.5278,49.5229],[7.5267,49.5263]]]},"properties":{"id":"07336068","name":"Niederstaufenbach","subdivision":"Kusel","cx":7.516,"cy":49.528}},
{"type":"Feature","geometry":{"type":"Polygon","coordinates":[[[7.5278,49.5229],[7.5182,49.5204],[7.5066,49.5237],[7.501,49.5183],[7.5056,49.5108],[7.5008,49.5031],[7.5232,49.5126],[7.5278,49.5165],[7.5278,49.5229]]]},"properties":{"id":"07336071","name":"Oberstaufenbach","subdivision":"Kusel","cx":7.513,"cy":49.515}},
{"type":"Feature","geometry":{"type":"Polygon","coordinates":[[[7.4503,49.5341],[7.4538,49.5454],[7.4387,49.5512],[7.4314,49.5495],[7.4356,49.5449],[7.4343,49.5379],[7.4258,49.5355],[7.4353,49.5346],[7.4389,49.5315],[7.4503,49.5341]]]},"properties":{"id":"07336079","name":"Rammelsbach","subdivision":"Kusel","cx":7.442,"cy":49.541}},
{"type":"Feature","geometry":{"type":"Polygon","coordinates":[[[7.4205,49.5898],[7.4381,49.5884],[7.4628,49.5947],[7.4642,49.6006],[7.4588,49.612],[7.4489,49.6153],[7.4404,49.6075],[7.4432,49.5983],[7.4367,49.5924],[7.4252,49.5924],[7.4205,49.5898]]]},"properties":{"id":"07336081","name":"Rathsweiler","subdivision":"Kusel","cx":7.452,"cy":49.601}},
{"type":"Feature","geometry":{"type":"Polygon","coordinates":[[[7.4558,49.5316],[7.4497,49.523],[7.458,49.5227],[7.4677,49.5189],[7.4698,49.5211],[7.4745,49.5226],[7.4735,49.5287],[7.4558,49.5316]]]},"properties":{"id":"07336089","name":"Rutsweiler am Glan","subdivision":"Kusel","cx":7.463,"cy":49.526}},
{"type":"Feature","geometry":{"type":"Polygon","coordinates":[[[7.4155,49.5913],[7.4238,49.5787],[7.4204,49.5757],[7.4458,49.5811],[7.4579,49.5777],[7.4597,49.575],[7.4714,49.5757],[7.4781,49.5788],[7.4852,49.5767],[7.4874,49.5779],[7.4812,49.5813],[7.4782,49.5927],[7.4735,49.5979],[7.4628,49.5947],[7.4381,49.5884],[7.4205,49.5898],[7.4155,49.5913]]]},"properties":{"id":"07336099","name":"Ulmet","subdivision":"Kusel","cx":7.463,"cy":49.585}},
{"type":"Feature","geometry":{"type":"Polygon","coordinates":[[[7.5095,49.5583],[7.5083,49.5693],[7.5102,49.5789],[7.5172,49.5835],[7.5086,49.5811],[7.4993,49.5845],[7.4874,49.5779],[7.4852,49.5767],[7.4914,49.5704],[7.4929,49.564],[7.5011,49.5584],[7.5095,49.5583]]]},"properties":{"id":"07336103","name":"Welchweiler","subdivision":"Kusel","cx":7.5,"cy":49.572}},
{"type":"Feature","geometry":{"type":"Polygon","coordinates":[[[7.4929,49.564],[7.4914,49.5704],[7.4852,49.5767],[7.4781,49.5788],[7.4714,49.5757],[7.4597,49.575],[7.4511,49.5723],[7.4578,49.5597],[7.4761,49.5634],[7.4859,49.5614],[7.4929,49.564]]]},"properties":{"id":"07336106","name":"Bedesbach","subdivision":"Kusel","cx":7.476,"cy":49.57}},
{"type":"Feature","geometry":{"type":"Polygon","coordinates":[[[7.3418,49.5279],[7.3314,49.5271],[7.3258,49.5211],[7.3191,49.5227],[7.3098,49.5199],[7.314,49.5139],[7.3088,49.5105],[7.3127,49.5097],[7.3191,49.5066],[7.3333,49.5122],[7.3446,49.5114],[7.3515,49.5167],[7.3418,49.5279]]]},"properties":{"id":"07336002","name":"Albessen","subdivision":"Kusel","cx":7.334,"cy":49.519}},
{"type":"Feature","geometry":{"type":"Polygon","coordinates":[[[7.417,49.5594],[7.4148,49.5656],[7.4101,49.5622],[7.3998,49.5702],[7.396,49.5645],[7.3895,49.5619],[7.3861,49.5557],[7.3892,49.5517],[7.3998,49.5494],[7.4147,49.5563],[7.4205,49.5563],[7.417,49.5594]]]},"properties":{"id":"07336006","name":"Blaubach","subdivision":"Kusel","cx":7.401,"cy":49.559}},
{"type":"Feature","geometry":{"type":"Polygon","coordinates":[[[7.6338,49.5903],[7.6483,49.5949],[7.6465,49.6052],[7.6521,49.6079],[7.65,49.6172],[7.6433,49.6234],[7.6366,49.62],[7.6271,49.6101],[7.6249,49.6058],[7.6276,49.5968],[7.6338,49.5903]]]},"properties":{"id":"07336019","name":"Einöllen","subdivision":"Kusel","cx":7.637,"cy":49.606}},
{"type":"Feature","geometry":{"type":"Polygon","coordinates":[[[7.3522,49.5875],[7.3651,49.5867],[7.3739,49.5729],[7.3786,49.5696],[7.3929,49.5685],[7.3956,49.5744],[7.392,49.5804],[7.3948,49.5953],[7.3846,49.6004],[7.3805,49.5948],[7.3744,49.5989],[7.363,49.5959],[7.3522,49.5875]]]},"properties":{"id":"07336015","name":"Dennweiler-Frohnbach","subdivision":"Kusel","cx":7.379,"cy":49.585}},
{"type":"Feature","geometry":{"type":"Polygon","coordinates":[[[7.346,49.579],[7.3641,49.5709],[7.3656,49.5678],[7.3588,49.5559],[7.3705,49.5574],[7.3806,49.5507],[7.3861,49.5557],[7.3895,49.5619],[7.396,49.5645],[7.3998,49.5702],[7.3929,49.5685],[7.3786,49.5696],[7.3739,49.5729],[7.3651,49.5867],[7.3522,49.5875],[7.346,49.579]]]},"properties":{"id":"07336051","name":"Körborn","subdivision":"Kusel","cx":7.372,"cy":49.565}},
{"type":"Feature","geometry":{"type":"Polygon","coordinates":[[[7.3591,49.4942],[7.3722,49.4989],[7.3777,49.5043],[7.3781,49.5142],[7.3671,49.5176],[7.3515,49.5167],[7.3446,49.5114],[7.3333,49.5122],[7.3191,49.5066],[7.33,49.5019],[7.3343,49.4957],[7.3478,49.4943],[7.3591,49.4942]]]},"properties":{"id":"07336052","name":"Konken","subdivision":"Kusel","cx":7.353,"cy":49.505}},
{"type":"Feature","geometry":{"type":"Polygon","coordinates":[[[7.3862,49.5219],[7.3957,49.5234],[7.4097,49.5191],[7.4156,49.5299],[7.4258,49.5355],[7.4343,49.5379],[7.4356,49.5449],[7.4314,49.5495],[7.4205,49.5563],[7.4147,49.5563],[7.3998,49.5494],[7.3892,49.5517],[7.3861,49.5557],[7.3806,49.5507],[7.3789,49.5449],[7.3596,49.5391],[7.348,49.5373],[7.3503,49.5339],[7.3834,49.5207],[7.3862,49.5219]]]},"properties":{"id":"07336055","name":"Kusel","subdivision":"Kusel","cx":7.396,"cy":49.537}},
{"type":"Feature","geometry":{"type":"Polygon","coordinates":[[[7.3948,49.5953],[7.392,49.5804],[7.3956,49.5744],[7.3929,49.5685],[7.3998,49.5702],[7.4101,49.5622],[7.4148,49.5656],[7.4194,49.5695],[7.4204,49.5757],[7.4238,49.5787],[7.4155,49.5913],[7.4077,49.5948],[7.3948,49.5953]]]},"properties":{"id":"07336070","name":"Oberalben","subdivision":"Kusel","cx":7.407,"cy":49.58}},
{"type":"Feature","geometry":{"type":"Polygon","coordinates":[[[7.3138,49.5568],[7.3075,49.5534],[7.3005,49.5466],[7.3062,49.5377],[7.302,49.5348],[7.299,49.5314],[7.3099,49.5232],[7.3078,49.52],[7.3098,49.5199],[7.3191,49.5227],[7.3258,49.5211],[7.3314,49.5271],[7.3418,49.5279],[7.3503,49.5339],[7.348,49.5373],[7.357,49.5475],[7.3496,49.5537],[7.3435,49.5511],[7.3246,49.5565],[7.3138,49.5568]]]},"properties":{"id":"07336077","name":"Pfeffelbach","subdivision":"Kusel","cx":7.325,"cy":49.54}},
{"type":"Feature","geometry":{"type":"Polygon","coordinates":[[[7.2766,49.5486],[7.2761,49.5379],[7.291,49.5346],[7.302,49.5348],[7.3062,49.5377],[7.3005,49.5466],[7.3075,49.5534],[7.2869,49.5522],[7.2766,49.5486]]]},"properties":{"id":"07336084","name":"Reichweiler","subdivision":"Kusel","cx":7.291,"cy":49.544}},
{"type":"Feature","geometry":{"type":"Polygon","coordinates":[[[7.3588,49.5559],[7.3496,49.5537],[7.357,49.5475],[7.348,49.5373],[7.3596,49.5391],[7.3789,49.5449],[7.3806,49.5507],[7.3705,49.5574],[7.3588,49.5559]]]},"properties":{"id":"07336088","name":"Ruthweiler","subdivision":"Kusel","cx":7.365,"cy":49.548}},
{"type":"Feature","geometry":{"type":"Polygon","coordinates":[[[7.4075,49.5039],[7.4099,49.517],[7.4097,49.5191],[7.3957,49.5234],[7.3862,49.5219],[7.3781,49.5142],[7.3777,49.5043],[7.3894,49.5042],[7.4035,49.5061],[7.4075,49.5039]]]},"properties":{"id":"07336091","name":"Schellweiler","subdivision":"Kusel","cx":7.394,"cy":49.513}},
{"type":"Feature","geometry":{"type":"Polygon","coordinates":[[[7.2871,49.4991],[7.2831,49.4955],[7.2795,49.4837],[7.2968,49.4835],[7.3017,49.4841],[7.3081,49.4911],[7.3166,49.5051],[7.3127,49.5097],[7.3088,49.5105],[7.3008,49.5061],[7.2903,49.5045],[7.2871,49.4991]]]},"properties":{"id":"07336094","name":"Selchenbach","subdivision":"Kusel","cx":7.298,"cy":49.496}},
{"type":"Feature","geometry":{"type":"Polygon","coordinates":[[[7.3408,49.5785],[7.3343,49.5725],[7.3339,49.5652],[7.322,49.565],[7.3191,49.5623],[7.3246,49.5565],[7.3435,49.5511],[7.3496,49.5537],[7.3588,49.5559],[7.3656,49.5678],[7.3641,49.5709],[7.346,49.579],[7.3408,49.5785]]]},"properties":{"id":"07336097","name":"Thallichtenberg","subdivision":"Kusel","cx":7.345,"cy":49.564}},
{"type":"Feature","geometry":{"type":"Polygon","coordinates":[[[7.4187,49.4973],[7.4262,49.4954],[7.4363,49.4979],[7.4494,49.4989],[7.4486,49.5093],[7.4677,49.5189],[7.458,49.5227],[7.4497,49.523],[7.4558,49.5316],[7.4503,49.5341],[7.4425,49.5201],[7.4357,49.5162],[7.4262,49.5036],[7.4265,49.4997],[7.4187,49.4973]]]},"properties":{"id":"07336098","name":"Theisbergstegen","subdivision":"Kusel","cx":7.441,"cy":49.51}},
{"type":"Feature","geometry":{"type":"Polygon","coordinates":[[[7.6715,49.6705],[7.6663,49.6694],[7.6463,49.6725],[7.6351,49.659],[7.6356,49.6561],[7.642,49.6599],[7.6555,49.6581],[7.6573,49.6559],[7.6667,49.6598],[7.6663,49.6656],[7.6715,49.6705]]]},"properties":{"id":"07336001","name":"Adenbach","subdivision":"Kusel","cx":7.653,"cy":49.664}},
{"type":"Feature","geometry":{"type":"Polygon","coordinates":[[[7.5818,49.5745],[7.5733,49.5682],[7.5636,49.566],[7.543,49.566],[7.5403,49.5645],[7.5287,49.5653],[7.5221,49.5578],[7.5257,49.5553],[7.5317,49.5474],[7.5373,49.5486],[7.5475,49.5521],[7.5598,49.5527],[7.5674,49.5487],[7.5857,49.5556],[7.5859,49.5622],[7.5904,49.5674],[7.5883,49.5736],[7.5878,49.574],[7.5818,49.5745]]]},"properties":{"id":"07336023","name":"Eßweiler","subdivision":"Kusel","cx":7.565,"cy":49.558}},
{"type":"Feature","geometry":{"type":"Polygon","coordinates":[[[7.6573,49.6559],[7.6555,49.6581],[7.642,49.6599],[7.6356,49.6561],[7.6326,49.6494],[7.6335,49.642],[7.6397,49.635],[7.6384,49.6309],[7.6553,49.6396],[7.6527,49.6455],[7.6582,49.6478],[7.6573,49.6559]]]},"properties":{"id":"07336029","name":"Ginsweiler","subdivision":"Kusel","cx":7.644,"cy":49.648}},
{"type":"Feature","geometry":{"type":"Polygon","coordinates":[[[7.5056,49.6206],[7.5167,49.6153],[7.5175,49.6107],[7.5278,49.6069],[7.5167,49.5998],[7.5215,49.5958],[7.531,49.6007],[7.5433,49.5989],[7.5442,49.6041],[7.5394,49.6137],[7.5311,49.6191],[7.5279,49.6276],[7.5056,49.6206]]]},"properties":{"id":"07336030","name":"Glanbrücken","subdivision":"Kusel","cx":7.526,"cy":49.615}},
{"type":"Feature","geometry":{"type":"MultiPolygon","coordinates":[[[[7.57,49.6531],[7.5725,49.6604],[7.5679,49.6644],[7.5533,49.6624],[7.5397,49.6608],[7.5463,49.6476],[7.5606,49.65],[7.57,49.6531]]],[[[7.5838,49.6737],[7.5687,49.6659],[7.5836,49.6702],[7.5852,49.673],[7.5838,49.6737]]]]},"properties":{"id":"07336033","name":"Grumbach","subdivision":"Kusel","cx":7.556,"cy":49.656}},
{"type":"Feature","geometry":{"type":"Polygon","coordinates":[[[7.561,49.6404],[7.5735,49.6484],[7.57,49.6531],[7.5606,49.65],[7.5463,49.6476],[7.5455,49.6474],[7.5527,49.6404],[7.561,49.6404]]]},"properties":{"id":"07336035","name":"Hausweiler","subdivision":"Kusel","cx":7.56,"cy":49.646}},
{"type":"Feature","geometry":{"type":"Polygon","coordinates":[[[7.6969,49.62],[7.6842,49.6214],[7.6808,49.6165],[7.6688,49.6149],[7.6613,49.6105],[7.6632,49.6057],[7.6805,49.5961],[7.6845,49.5923],[7.6963,49.5887],[7.705,49.5967],[7.7023,49.6052],[7.7055,49.6118],[7.6969,49.62]]]},"properties":{"id":"07336036","name":"Hefersweiler","subdivision":"Kusel","cx":7.687,"cy":49.606}},
{"type":"Feature","geometry":{"type":"Polygon","coordinates":[[[7.6154,49.6341],[7.6081,49.6318],[7.5952,49.6228],[7.6047,49.6216],[7.6099,49.6166],[7.6084,49.6127],[7.6156,49.6135],[7.6157,49.6144],[7.6213,49.6174],[7.6213,49.6262],[7.6154,49.6341]]]},"properties":{"id":"07336038","name":"Heinzenhausen","subdivision":"Kusel","cx":7.612,"cy":49.624}},
{"type":"Feature","geometry":{"type":"Polygon","coordinates":[[[7.5455,49.6474],[7.5463,49.6476],[7.5397,49.6608],[7.5287,49.6608],[7.5247,49.6564],[7.5239,49.6478],[7.5133,49.6442],[7.5145,49.6428],[7.5267,49.64],[7.536,49.6454],[7.5455,49.6474]]]},"properties":{"id":"07336040","name":"Herren-Sulzbach","subdivision":"Kusel","cx":7.532,"cy":49.651}},
{"type":"Feature","geometry":{"type":"Polygon","coordinates":[[[7.5619,49.5993],[7.5541,49.5974],[7.5433,49.5989],[7.5359,49.5821],[7.5468,49.5861],[7.5551,49.5857],[7.5589,49.5781],[7.5665,49.5747],[7.578,49.5746],[7.5819,49.5798],[7.5724,49.5916],[7.5619,49.5993]]]},"properties":{"id":"07336042","name":"Hinzweiler","subdivision":"Kusel","cx":7.563,"cy":49.588}},
{"type":"Feature","geometry":{"type":"Polygon","coordinates":[[[7.6145,49.641],[7.6126,49.6365],[7.6154,49.6341],[7.6213,49.6262],[7.6213,49.6174],[7.6157,49.6144],[7.6163,49.6087],[7.6271,49.6101],[7.6366,49.62],[7.6433,49.6234],[7.6384,49.6309],[7.6397,49.635],[7.6335,49.642],[7.619,49.6437],[7.6145,49.641]]]},"properties":{"id":"07336043","name":"Hohenöllen","subdivision":"Kusel","cx":7.63,"cy":49.629}},
{"type":"Feature","geometry":{"type":"Polygon","coordinates":[[[7.4255,49.6493],[7.4263,49.6447],[7.4339,49.6405],[7.4625,49.6435],[7.4659,49.6431],[7.4811,49.6492],[7.4941,49.6491],[7.4966,49.643],[7.5133,49.6442],[7.5239,49.6478],[7.5247,49.6564],[7.5287,49.6608],[7.5181,49.659],[7.5089,49.6607],[7.4968,49.6563],[7.4914,49.6518],[7.4809,49.6579],[7.4688,49.6539],[7.4637,49.6549],[7.4604,49.6612],[7.4502,49.6616],[7.4462,49.6643],[7.4363,49.657],[7.4257,49.6535],[7.4255,49.6493]]]},"properties":{"id":"07336044","name":"Homberg (Kusel)","subdivision":"Kusel","cx":7.455,"cy":49.652}},
{"type":"Feature","geometry":{"type":"Polygon","coordinates":[[[7.5276,49.7087],[7.5228,49.7076],[7.5257,49.7053],[7.5192,49.6965],[7.5219,49.6788],[7.5286,49.6755],[7.5402,49.6763],[7.5459,49.6788],[7.5471,49.6885],[7.5554,49.6916],[7.5479,49.6928],[7.5397,49.7025],[7.5362,49.714],[7.5276,49.7087]]]},"properties":{"id":"07336045","name":"Hoppstädten","subdivision":"Kusel","cx":7.533,"cy":49.692}},
{"type":"Feature","geometry":{"type":"Polygon","coordinates":[[[7.5846,49.53],[7.5831,49.5385],[7.5733,49.5393],[7.5674,49.5487],[7.5598,49.5527],[7.5475,49.5521],[7.5373,49.5486],[7.5421,49.531],[7.5309,49.5277],[7.537,49.5185],[7.5618,49.5184],[7.5835,49.5271],[7.5846,49.53]]]},"properties":{"id":"07336048","name":"Jettenbach","subdivision":"Kusel","cx":7.557,"cy":49.534}},
{"type":"Feature","geometry":{"type":"Polygon","coordinates":[[[7.5554,49.6916],[7.5471,49.6885],[7.5459,49.6788],[7.5402,49.6763],[7.5533,49.6624],[7.5679,49.6644],[7.5687,49.6659],[7.5838,49.6737],[7.5997,49.6798],[7.5912,49.685],[7.5773,49.6887],[7.5623,49.6866],[7.5554,49.6916]]]},"properties":{"id":"07336049","name":"Kappeln","subdivision":"Kusel","cx":7.564,"cy":49.676}},
{"type":"Feature","geometry":{"type":"Polygon","coordinates":[[[7.5145,49.6428],[7.5133,49.6442],[7.4966,49.643],[7.4941,49.6491],[7.4811,49.6492],[7.4659,49.6431],[7.4724,49.6383],[7.4732,49.6315],[7.4816,49.629],[7.4887,49.6231],[7.4965,49.6268],[7.504,49.6247],[7.5065,49.6299],[7.5182,49.6334],[7.5133,49.6364],[7.5145,49.6428]]]},"properties":{"id":"07336050","name":"Kirrweiler","subdivision":"Kusel","cx":7.49,"cy":49.636}},
{"type":"Feature","geometry":{"type":"Polygon","coordinates":[[[7.6414,49.5429],[7.6494,49.5532],[7.6601,49.5604],[7.6616,49.5697],[7.6558,49.5711],[7.6459,49.5706],[7.6217,49.5592],[7.6146,49.5573],[7.6083,49.5521],[7.6097,49.5424],[7.6068,49.5366],[7.6098,49.5319],[7.6147,49.5342],[7.6379,49.5399],[7.6414,49.5429]]]},"properties":{"id":"07336053","name":"Kreimbach-Kaulbach","subdivision":"Kusel","cx":7.633,"cy":49.552}},
{"type":"Feature","geometry":{"type":"Polygon","coordinates":[[[7.4907,49.6749],[7.4971,49.6706],[7.5011,49.6611],[7.5089,49.6607],[7.5181,49.659],[7.5287,49.6608],[7.5306,49.6639],[7.5253,49.6735],[7.5286,49.6755],[7.5219,49.6788],[7.5095,49.6764],[7.5022,49.6781],[7.4907,49.6749]]]},"properties":{"id":"07336057","name":"Langweiler (Kusel)","subdivision":"Kusel","cx":7.513,"cy":49.669}},
{"type":"Feature","geometry":{"type":"Polygon","coordinates":[[[7.6151,49.6575],[7.596,49.6658],[7.5945,49.6707],[7.5852,49.673],[7.5836,49.6702],[7.5687,49.6659],[7.5679,49.6644],[7.5725,49.6604],[7.57,49.6531],[7.5735,49.6484],[7.5862,49.6388],[7.5836,49.6361],[7.6074,49.6419],[7.6126,49.6365],[7.6145,49.641],[7.6125,49.6514],[7.6151,49.6575]]]},"properties":{"id":"07336058","name":"Lauterecken","subdivision":"Kusel","cx":7.592,"cy":49.654}},
{"type":"Feature","geometry":{"type":"Polygon","coordinates":[[[7.6154,49.6341],[7.6126,49.6365],[7.6074,49.6419],[7.5836,49.6361],[7.5792,49.628],[7.5825,49.6224],[7.5864,49.6144],[7.6084,49.6127],[7.6099,49.6166],[7.6047,49.6216],[7.5952,49.6228],[7.6081,49.6318],[7.6154,49.6341]]]},"properties":{"id":"07336060","name":"Lohnweiler","subdivision":"Kusel","cx":7.593,"cy":49.631}},
{"type":"Feature","geometry":{"type":"Polygon","coordinates":[[[7.6091,49.6843],[7.5997,49.6798],[7.5838,49.6737],[7.5852,49.673],[7.5945,49.6707],[7.596,49.6658],[7.6151,49.6575],[7.6295,49.6602],[7.6337,49.6656],[7.6259,49.6709],[7.6212,49.6794],[7.6237,49.6844],[7.6191,49.6864],[7.6091,49.6843]]]},"properties":{"id":"07336061","name":"Medard","subdivision":"Kusel","cx":7.612,"cy":49.671}},
{"type":"Feature","geometry":{"type":"Polygon","coordinates":[[[7.5533,49.6624],[7.5402,49.6763],[7.5286,49.6755],[7.5253,49.6735],[7.5306,49.6639],[7.5287,49.6608],[7.5397,49.6608],[7.5533,49.6624]]]},"properties":{"id":"07336062","name":"Merzweiler","subdivision":"Kusel","cx":7.538,"cy":49.668}},
{"type":"Feature","geometry":{"type":"Polygon","coordinates":[[[7.5692,49.6125],[7.5531,49.6099],[7.5442,49.6041],[7.5433,49.5989],[7.5541,49.5974],[7.5619,49.5993],[7.5689,49.6037],[7.5692,49.6125]]]},"properties":{"id":"07336065","name":"Nerzweiler","subdivision":"Kusel","cx":7.557,"cy":49.605}},
{"type":"Feature","geometry":{"type":"Polygon","coordinates":[[[7.6774,49.6398],[7.6792,49.6325],[7.677,49.6281],[7.6927,49.6286],[7.6842,49.6214],[7.6969,49.62],[7.7073,49.6246],[7.7141,49.6247],[7.723,49.6278],[7.7169,49.6336],[7.7188,49.6393],[7.7279,49.6418],[7.7269,49.6499],[7.7206,49.6463],[7.7112,49.6478],[7.7033,49.6525],[7.6972,49.651],[7.6774,49.6398]]]},"properties":{"id":"07336069","name":"Nußbach","subdivision":"Kusel","cx":7.702,"cy":49.637}},
{"type":"Feature","geometry":{"type":"Polygon","coordinates":[[[7.578,49.5746],[7.5665,49.5747],[7.5589,49.5781],[7.5551,49.5857],[7.5468,49.5861],[7.5359,49.5821],[7.5328,49.5745],[7.534,49.5684],[7.5403,49.5645],[7.543,49.566],[7.5636,49.566],[7.5733,49.5682],[7.5818,49.5745],[7.578,49.5746]]]},"properties":{"id":"07336072","name":"Oberweiler im Tal","subdivision":"Kusel","cx":7.55,"cy":49.575}},
{"type":"Feature","geometry":{"type":"Polygon","coordinates":[[[7.6271,49.6101],[7.6163,49.6087],[7.6157,49.6144],[7.6156,49.6135],[7.608,49.5986],[7.6081,49.5925],[7.6162,49.5928],[7.6308,49.5871],[7.6338,49.5903],[7.6276,49.5968],[7.6249,49.6058],[7.6271,49.6101]]]},"properties":{"id":"07336073","name":"Oberweiler-Tiefenbach","subdivision":"Kusel","cx":7.619,"cy":49.599}},
{"type":"Feature","geometry":{"type":"Polygon","coordinates":[[[7.6237,49.6844],[7.6212,49.6794],[7.6259,49.6709],[7.6337,49.6656],[7.6295,49.6602],[7.6351,49.659],[7.6463,49.6725],[7.6663,49.6694],[7.6715,49.6705],[7.6648,49.6736],[7.6635,49.6841],[7.6736,49.6857],[7.6736,49.6879],[7.6625,49.695],[7.6528,49.6987],[7.6426,49.687],[7.6342,49.6845],[7.6237,49.6844]]]},"properties":{"id":"07336074","name":"Odenbach","subdivision":"Kusel","cx":7.651,"cy":49.682}},
{"type":"Feature","geometry":{"type":"Polygon","coordinates":[[[7.529,49.6307],[7.5279,49.6276],[7.5311,49.6191],[7.5394,49.6137],[7.5442,49.6041],[7.5531,49.6099],[7.5692,49.6125],[7.5866,49.6139],[7.5864,49.6144],[7.5825,49.6224],[7.5754,49.6283],[7.5642,49.634],[7.5486,49.6295],[7.5386,49.6315],[7.529,49.6307]]]},"properties":{"id":"07336075","name":"Offenbach-Hundheim","subdivision":"Kusel","cx":7.556,"cy":49.621}},
{"type":"Feature","geometry":{"type":"Polygon","coordinates":[[[7.6553,49.6396],[7.6384,49.6309],[7.6433,49.6234],[7.65,49.6172],[7.6521,49.6079],[7.6613,49.6105],[7.6688,49.6149],[7.6808,49.6165],[7.6842,49.6214],[7.6927,49.6286],[7.677,49.6281],[7.6792,49.6325],[7.6774,49.6398],[7.6697,49.6398],[7.6637,49.636],[7.6553,49.6396]]]},"properties":{"id":"07336085","name":"Reipoltskirchen","subdivision":"Kusel","cx":7.663,"cy":49.625}},
{"type":"Feature","geometry":{"type":"Polygon","coordinates":[[[7.6845,49.5923],[7.6805,49.5961],[7.6632,49.6057],[7.6613,49.6105],[7.6521,49.6079],[7.6465,49.6052],[7.6483,49.5949],[7.6517,49.5881],[7.6609,49.5858],[7.6717,49.5859],[7.6845,49.5923]]]},"properties":{"id":"07336086","name":"Relsberg","subdivision":"Kusel","cx":7.662,"cy":49.596}},
{"type":"Feature","geometry":{"type":"Polygon","coordinates":[[[7.6066,49.5218],[7.6083,49.5237],[7.6098,49.5319],[7.6068,49.5366],[7.6097,49.5424],[7.6083,49.5521],[7.6045,49.5605],[7.5993,49.5655],[7.5904,49.5674],[7.5859,49.5622],[7.5857,49.5556],[7.5674,49.5487],[7.5733,49.5393],[7.5831,49.5385],[7.5846,49.53],[7.6066,49.5218]]]},"properties":{"id":"07336087","name":"Rothselberg","subdivision":"Kusel","cx":7.594,"cy":49.545}},
{"type":"Feature","geometry":{"type":"Polygon","coordinates":[[[7.5904,49.5674],[7.5993,49.5655],[7.6045,49.5605],[7.6083,49.5521],[7.6146,49.5573],[7.6217,49.5592],[7.624,49.5647],[7.6196,49.5793],[7.6065,49.5747],[7.5979,49.5758],[7.5883,49.5736],[7.5904,49.5674]]]},"properties":{"id":"07336090","name":"Rutsweiler an der Lauter","subdivision":"Kusel","cx":7.61,"cy":49.567}},
{"type":"Feature","geometry":{"type":"Polygon","coordinates":[[[7.504,49.6247],[7.4965,49.6268],[7.4887,49.6231],[7.4816,49.629],[7.4732,49.6315],[7.4724,49.6383],[7.4659,49.6431],[7.4625,49.6435],[7.4536,49.6335],[7.4606,49.6275],[7.4617,49.6202],[7.4729,49.6244],[7.4836,49.6178],[7.4794,49.6129],[7.484,49.6079],[7.4735,49.5979],[7.4782,49.5927],[7.4812,49.5813],[7.4874,49.5779],[7.4993,49.5845],[7.5167,49.5998],[7.5278,49.6069],[7.5175,49.6107],[7.5167,49.6153],[7.5056,49.6206],[7.504,49.6247]]]},"properties":{"id":"07336095","name":"Sankt Julian","subdivision":"Kusel","cx":7.498,"cy":49.608}},
{"type":"Feature","geometry":{"type":"Polygon","coordinates":[[[7.4785,49.678],[7.4686,49.676],[7.4644,49.6725],[7.4538,49.674],[7.4448,49.669],[7.4462,49.6643],[7.4502,49.6616],[7.4604,49.6612],[7.4637,49.6549],[7.4688,49.6539],[7.4809,49.6579],[7.4914,49.6518],[7.4968,49.6563],[7.5089,49.6607],[7.5011,49.6611],[7.4971,49.6706],[7.4907,49.6749],[7.4785,49.678]]]},"properties":{"id":"07336100","name":"Unterjeckenbach","subdivision":"Kusel","cx":7.476,"cy":49.666}},
{"type":"Feature","geometry":{"type":"Polygon","coordinates":[[[7.5486,49.6295],[7.5642,49.634],[7.5754,49.6283],[7.5825,49.6224],[7.5792,49.628],[7.5836,49.6361],[7.5862,49.6388],[7.5735,49.6484],[7.561,49.6404],[7.5497,49.6346],[7.5486,49.6295]]]},"properties":{"id":"07336104","name":"Wiesweiler","subdivision":"Kusel","cx":7.571,"cy":49.638}},
{"type":"Feature","geometry":{"type":"Polygon","coordinates":[[[7.6517,49.5881],[7.6483,49.5949],[7.6338,49.5903],[7.6308,49.5871],[7.6162,49.5928],[7.6081,49.5925],[7.608,49.5986],[7.6156,49.6135],[7.6084,49.6127],[7.5864,49.6144],[7.5866,49.6139],[7.5888,49.6008],[7.5877,49.5915],[7.5826,49.5882],[7.5866,49.5826],[7.5878,49.574],[7.5883,49.5736],[7.5979,49.5758],[7.6065,49.5747],[7.6196,49.5793],[7.624,49.5647],[7.6217,49.5592],[7.6459,49.5706],[7.6558,49.5711],[7.6506,49.5738],[7.6393,49.575],[7.6517,49.5881]]]},"properties":{"id":"07336105","name":"Wolfstein","subdivision":"Kusel","cx":7.601,"cy":49.586}},
{"type":"Feature","geometry":{"type":"MultiPolygon","coordinates":[[[[7.4384,49.4785],[7.4239,49.4809],[7.4131,49.4889],[7.3982,49.4929],[7.3873,49.4827],[7.3801,49.47],[7.3846,49.4744],[7.3933,49.4768],[7.4114,49.4675],[7.4179,49.4691],[7.4357,49.4754],[7.4384,49.4785]]],[[[7.3804,49.4671],[7.3795,49.4621],[7.3843,49.4642],[7.3804,49.4671]]]]},"properties":{"id":"07336501","name":"Quirnbach/Pfalz","subdivision":"Kusel","cx":7.408,"cy":49.48}},
{"type":"Feature","geometry":{"type":"Polygon","coordinates":[[[7.2907,49.4322],[7.3038,49.4322],[7.3289,49.4364],[7.3374,49.4402],[7.3332,49.4455],[7.3325,49.4564],[7.3184,49.4502],[7.311,49.4526],[7.3008,49.4472],[7.2844,49.4452],[7.284,49.4404],[7.2907,49.4322]]]},"properties":{"id":"07336004","name":"Altenkirchen","subdivision":"Kusel","cx":7.311,"cy":49.442}},
{"type":"Feature","geometry":{"type":"Polygon","coordinates":[[[7.3325,49.4564],[7.3404,49.4609],[7.3496,49.4585],[7.3485,49.4658],[7.3414,49.4729],[7.3209,49.4759],[7.3049,49.4742],[7.2994,49.466],[7.3056,49.4594],[7.3146,49.4579],[7.3287,49.4584],[7.3325,49.4564]]]},"properties":{"id":"07336054","name":"Krottelbach","subdivision":"Kusel","cx":7.324,"cy":49.466}},
{"type":"Feature","geometry":{"type":"Polygon","coordinates":[[[7.3478,49.4943],[7.3343,49.4957],[7.33,49.5019],[7.3191,49.5066],[7.3127,49.5097],[7.3166,49.5051],[7.3081,49.4911],[7.3017,49.4841],[7.2968,49.4835],[7.3049,49.4742],[7.3209,49.4759],[7.3246,49.4816],[7.3425,49.4887],[7.3478,49.4943]]]},"properties":{"id":"07336056","name":"Langenbach","subdivision":"Kusel","cx":7.32,"cy":49.491}},
{"type":"Feature","geometry":{"type":"Polygon","coordinates":[[[7.4117,49.4306],[7.4209,49.4236],[7.4345,49.4274],[7.4383,49.424],[7.4458,49.4312],[7.4601,49.4365],[7.4627,49.4406],[7.4557,49.4502],[7.4463,49.4533],[7.4507,49.4578],[7.4446,49.4589],[7.4342,49.4555],[7.4224,49.4572],[7.4149,49.4519],[7.4097,49.4454],[7.418,49.4369],[7.4117,49.4306]]]},"properties":{"id":"07336064","name":"Nanzdietschweiler","subdivision":"Kusel","cx":7.435,"cy":49.442}},
{"type":"Feature","geometry":{"type":"Polygon","coordinates":[[[7.3568,49.4421],[7.3572,49.4494],[7.3621,49.4526],[7.3639,49.4601],[7.3496,49.4585],[7.3404,49.4609],[7.3325,49.4564],[7.3332,49.4455],[7.3374,49.4402],[7.3411,49.4388],[7.3568,49.4421]]]},"properties":{"id":"07336076","name":"Ohmbach","subdivision":"Kusel","cx":7.346,"cy":49.45}},
{"type":"Feature","geometry":{"type":"Polygon","coordinates":[[[7.4595,49.4712],[7.4728,49.4801],[7.4612,49.481],[7.4649,49.4866],[7.4552,49.4907],[7.4378,49.4935],[7.4363,49.4979],[7.4262,49.4954],[7.4187,49.4973],[7.4059,49.4985],[7.3982,49.4929],[7.4131,49.4889],[7.4239,49.4809],[7.4384,49.4785],[7.4433,49.4809],[7.4489,49.4754],[7.4556,49.4757],[7.4595,49.4712]]]},"properties":{"id":"07336082","name":"Rehweiler","subdivision":"Kusel","cx":7.435,"cy":49.487}},
{"type":"Feature","geometry":{"type":"Polygon","coordinates":[[[7.3283,49.4169],[7.3198,49.4179],[7.3179,49.4088],[7.326,49.4009],[7.331,49.3988],[7.3405,49.4018],[7.3564,49.398],[7.3585,49.3916],[7.3565,49.3861],[7.3657,49.386],[7.3769,49.3816],[7.3843,49.3822],[7.3947,49.3769],[7.4028,49.3789],[7.3925,49.3833],[7.4057,49.3854],[7.3987,49.3908],[7.407,49.4028],[7.4048,49.4053],[7.4135,49.4149],[7.3933,49.4162],[7.3823,49.4214],[7.354,49.4167],[7.3504,49.4144],[7.3283,49.4169]]]},"properties":{"id":"07336092","name":"Schönenberg-Kübelberg","subdivision":"Kusel","cx":7.373,"cy":49.402}},
{"type":"Feature","geometry":{"type":"Polygon","coordinates":[[[7.4071,49.4546],[7.3996,49.463],[7.3951,49.4612],[7.3843,49.4642],[7.3795,49.4621],[7.3684,49.4643],[7.3639,49.4601],[7.3621,49.4526],[7.3572,49.4494],[7.3568,49.4421],[7.3763,49.4384],[7.3812,49.44],[7.3981,49.4516],[7.4071,49.4546]]]},"properties":{"id":"07336096","name":"Steinbach am Glan","subdivision":"Kusel","cx":7.379,"cy":49.451}},
{"type":"Feature","geometry":{"type":"Polygon","coordinates":[[[7.3801,49.47],[7.3873,49.4827],[7.377,49.4954],[7.3722,49.4989],[7.3591,49.4942],[7.3657,49.4886],[7.3639,49.4841],[7.365,49.472],[7.3684,49.4643],[7.3795,49.4621],[7.3804,49.4671],[7.3801,49.47]]]},"properties":{"id":"07336101","name":"Wahnwegen","subdivision":"Kusel","cx":7.374,"cy":49.481}},
{"type":"Feature","geometry":{"type":"Polygon","coordinates":[[[7.2989,49.3985],[7.2897,49.3933],[7.2893,49.3888],[7.2993,49.3894],[7.3162,49.3843],[7.3178,49.3814],[7.3294,49.3802],[7.3461,49.3808],[7.3558,49.3798],[7.3548,49.3744],[7.3691,49.374],[7.3669,49.3632],[7.379,49.366],[7.3959,49.372],[7.4028,49.3789],[7.3947,49.3769],[7.3843,49.3822],[7.3769,49.3816],[7.3657,49.386],[7.3565,49.3861],[7.3585,49.3916],[7.3564,49.398],[7.3405,49.4018],[7.331,49.3988],[7.326,49.4009],[7.3048,49.3967],[7.2989,49.3985]]]},"properties":{"id":"07336102","name":"Waldmohr","subdivision":"Kusel","cx":7.345,"cy":49.39}},
{"type":"Feature","geometry":{"type":"Polygon","coordinates":[[[7.4811,49.4875],[7.4831,49.4906],[7.4793,49.4971],[7.4749,49.5093],[7.4694,49.5128],[7.4698,49.5211],[7.4677,49.5189],[7.4486,49.5093],[7.4494,49.4989],[7.4363,49.4979],[7.4378,49.4935],[7.4552,49.4907],[7.4649,49.4866],[7.4612,49.481],[7.4728,49.4801],[7.4811,49.4875]]]},"properties":{"id":"07336107","name":"Matzenbach","subdivision":"Kusel","cx":7.464,"cy":49.5}},
{"type":"Feature","geometry":{"type":"MultiPolygon","coordinates":[[[[7.8807,49.2756],[7.8903,49.2671],[7.898,49.2575],[7.9063,49.2629],[7.9179,49.2647],[7.9225,49.2731],[7.922,49.2799],[7.9186,49.2831],[7.9074,49.2793],[7.9045,49.2823],[7.8894,49.2798],[7.8807,49.2756]]],[[[8.0411,49.2112],[8.0434,49.223],[8.035,49.2316],[8.0121,49.2359],[8.0051,49.2354],[7.9981,49.2301],[8.0016,49.2245],[8.0153,49.2238],[8.0195,49.2207],[8.0174,49.2101],[8.0212,49.2074],[8.0411,49.2112]]]]},"properties":{"id":"07337001","name":"Albersweiler","subdivision":"Südliche Weinstraße","cx":8.029,"cy":49.223}},
{"type":"Feature","geometry":{"type":"Polygon","coordinates":[[[8.0121,49.2359],[8.0205,49.2425],[8.0243,49.246],[8.0218,49.2515],[8.024,49.2571],[7.9956,49.2546],[7.9855,49.266],[7.9822,49.2668],[7.975,49.2635],[7.9859,49.2611],[7.9961,49.2522],[7.9947,49.2455],[8.0051,49.2354],[8.0121,49.2359]]]},"properties":{"id":"07337017","name":"Dernbach (Südliche Weinstraße)","subdivision":"Südliche Weinstraße","cx":8.007,"cy":49.247}},
{"type":"Feature","geometry":{"type":"Polygon","coordinates":[[[7.9583,49.2589],[7.9502,49.2567],[7.9396,49.2487],[7.9345,49.2453],[7.9364,49.2408],[7.9467,49.2387],[7.9502,49.2325],[7.9602,49.2333],[7.977,49.2324],[7.9816,49.2267],[7.9981,49.2301],[8.0051,49.2354],[7.9947,49.2455],[7.9961,49.2522],[7.9859,49.2611],[7.975,49.2635],[7.9722,49.2641],[7.9639,49.2591],[7.9583,49.2589]]]},"properties":{"id":"07337024","name":"Eußerthal","subdivision":"Südliche Weinstraße","cx":7.971,"cy":49.246}},
{"type":"Feature","geometry":{"type":"Polygon","coordinates":[[[7.9104,49.1372],[7.9214,49.1399],[7.9352,49.1519],[7.9527,49.1515],[7.9536,49.1566],[7.948,49.1639],[7.9264,49.1661],[7.9219,49.173],[7.9133,49.1716],[7.9092,49.1684],[7.9111,49.1634],[7.9,49.1555],[7.897,49.1476],[7.9104,49.1372]]]},"properties":{"id":"07337033","name":"Gossersweiler-Stein","subdivision":"Südliche Weinstraße","cx":7.922,"cy":49.155}},
{"type":"Feature","geometry":{"type":"Polygon","coordinates":[[[7.9618,49.1394],[7.9718,49.1449],[7.9827,49.1442],[7.9818,49.1536],[7.9738,49.1575],[7.9602,49.156],[7.9585,49.1502],[7.9646,49.1421],[7.9618,49.1394]]]},"properties":{"id":"07337054","name":"Münchweiler am Klingbach","subdivision":"Südliche Weinstraße","cx":7.97,"cy":49.151}},
{"type":"Feature","geometry":{"type":"Polygon","coordinates":[[[8.024,49.2571],[8.0232,49.2582],[8.0183,49.2592],[8.0216,49.2689],[8.0248,49.2711],[8.0299,49.2691],[8.0444,49.271],[8.032,49.2743],[8.0258,49.2806],[8.0223,49.2823],[8.0141,49.2794],[7.9915,49.2826],[7.9865,49.2804],[7.987,49.2746],[7.9855,49.266],[7.9956,49.2546],[8.024,49.2571]]]},"properties":{"id":"07337064","name":"Ramberg","subdivision":"Südliche Weinstraße","cx":8.007,"cy":49.269}},
{"type":"Feature","geometry":{"type":"Polygon","coordinates":[[[7.9345,49.2453],[7.9315,49.2454],[7.9019,49.2447],[7.896,49.2406],[7.8826,49.2444],[7.8744,49.24],[7.8671,49.2394],[7.8692,49.2316],[7.8801,49.2312],[7.882,49.2343],[7.8923,49.2321],[7.9015,49.2327],[7.9075,49.2206],[7.9005,49.211],[7.9027,49.2085],[7.9148,49.2098],[7.918,49.2111],[7.9287,49.2136],[7.9389,49.2182],[7.9477,49.2199],[7.9502,49.2325],[7.9467,49.2387],[7.9364,49.2408],[7.9345,49.2453]]]},"properties":{"id":"07337067","name":"Rinnthal","subdivision":"Südliche Weinstraße","cx":7.919,"cy":49.23}},
{"type":"Feature","geometry":{"type":"Polygon","coordinates":[[[7.9104,49.1372],[7.9207,49.128],[7.9119,49.1208],[7.9236,49.1238],[7.9365,49.1239],[7.9465,49.1234],[7.9467,49.1273],[7.9573,49.1316],[7.9583,49.1341],[7.9618,49.1394],[7.9646,49.1421],[7.9585,49.1502],[7.9602,49.156],[7.9536,49.1566],[7.9527,49.1515],[7.9352,49.1519],[7.9214,49.1399],[7.9104,49.1372]]]},"properties":{"id":"07337074","name":"Silz","subdivision":"Südliche Weinstraße","cx":7.939,"cy":49.138}},
{"type":"Feature","geometry":{"type":"Polygon","coordinates":[[[7.948,49.1639],[7.9543,49.1659],[7.9514,49.1797],[7.9562,49.1854],[7.9501,49.1854],[7.943,49.1834],[7.9412,49.1782],[7.9167,49.1779],[7.9133,49.1716],[7.9219,49.173],[7.9264,49.1661],[7.948,49.1639]]]},"properties":{"id":"07337078","name":"Völkersweiler","subdivision":"Südliche Weinstraße","cx":7.942,"cy":49.171}},
{"type":"Feature","geometry":{"type":"Polygon","coordinates":[[[7.9836,49.1742],[7.9751,49.1731],[7.9797,49.1669],[7.9738,49.1575],[7.9818,49.1536],[8.0006,49.1588],[8.011,49.1585],[7.9988,49.1709],[7.9923,49.1697],[7.9836,49.1742]]]},"properties":{"id":"07337080","name":"Waldhambach","subdivision":"Südliche Weinstraße","cx":7.989,"cy":49.163}},
{"type":"Feature","geometry":{"type":"Polygon","coordinates":[[[7.9536,49.1566],[7.9602,49.156],[7.9738,49.1575],[7.9797,49.1669],[7.9751,49.1731],[7.9739,49.1784],[7.9839,49.1848],[7.9774,49.1833],[7.9721,49.1879],[7.9643,49.1886],[7.9562,49.1854],[7.9514,49.1797],[7.9543,49.1659],[7.948,49.1639],[7.9536,49.1566]]]},"properties":{"id":"07337081","name":"Waldrohrbach","subdivision":"Südliche Weinstraße","cx":7.965,"cy":49.172}},
{"type":"Feature","geometry":{"type":"Polygon","coordinates":[[[7.9148,49.2098],[7.9139,49.2008],[7.8893,49.1922],[7.8881,49.1905],[7.904,49.1899],[7.9104,49.1807],[7.9167,49.1779],[7.9412,49.1782],[7.943,49.1834],[7.9501,49.1854],[7.945,49.1938],[7.9329,49.202],[7.928,49.1997],[7.918,49.2111],[7.9148,49.2098]]]},"properties":{"id":"07337083","name":"Wernersberg","subdivision":"Südliche Weinstraße","cx":7.923,"cy":49.19}},
{"type":"Feature","geometry":{"type":"MultiPolygon","coordinates":[[[[7.8721,49.2831],[7.8679,49.2776],[7.8561,49.2723],[7.8485,49.274],[7.8371,49.2723],[7.8313,49.269],[7.8283,49.2662],[7.8295,49.2526],[7.8244,49.2494],[7.8289,49.2458],[7.8286,49.2483],[7.8419,49.2553],[7.8526,49.2552],[7.8775,49.2497],[7.8826,49.2444],[7.896,49.2406],[7.9019,49.2447],[7.9315,49.2454],[7.9198,49.2536],[7.9212,49.2605],[7.9179,49.2647],[7.9063,49.2629],[7.898,49.2575],[7.8903,49.2671],[7.8807,49.2756],[7.8739,49.2781],[7.8721,49.2831]]],[[[7.9981,49.2301],[7.9816,49.2267],[7.977,49.2324],[7.9602,49.2333],[7.9502,49.2325],[7.9477,49.2199],[7.9389,49.2182],[7.9287,49.2136],[7.918,49.2111],[7.928,49.1997],[7.9329,49.202],[7.945,49.1938],[7.9501,49.1854],[7.9562,49.1854],[7.9643,49.1886],[7.9721,49.1879],[7.9774,49.1833],[7.9839,49.1848],[7.9848,49.1853],[7.9817,49.1951],[7.9937,49.2027],[8.0008,49.1971],[8.0041,49.1977],[8.0019,49.2048],[8.011,49.2106],[8.0174,49.2101],[8.0195,49.2207],[8.0153,49.2238],[8.0016,49.2245],[7.9981,49.2301]]]]},"properties":{"id":"07337501","name":"Annweiler am Trifels","subdivision":"Südliche Weinstraße","cx":7.97,"cy":49.21}},
{"type":"Feature","geometry":{"type":"Polygon","coordinates":[[[7.9365,49.1239],[7.9439,49.1214],[7.9544,49.1219],[7.964,49.1194],[7.9663,49.1079],[7.9535,49.1108],[7.9454,49.1044],[7.9505,49.0996],[7.9612,49.1023],[7.9666,49.0986],[7.9825,49.0964],[7.9836,49.0932],[8.0073,49.0902],[8.0113,49.0915],[8.0107,49.1007],[8.0138,49.1056],[8.0111,49.1127],[7.9912,49.1119],[7.9772,49.1095],[7.9812,49.1219],[7.9737,49.1275],[7.9634,49.1248],[7.9573,49.1316],[7.9467,49.1273],[7.9465,49.1234],[7.9365,49.1239]]]},"properties":{"id":"07337005","name":"Bad Bergzabern","subdivision":"Südliche Weinstraße","cx":7.99,"cy":49.102}},
{"type":"Feature","geometry":{"type":"Polygon","coordinates":[[[8.0849,49.0871],[8.0829,49.0978],[8.0929,49.0992],[8.0844,49.1031],[8.0701,49.1126],[8.0584,49.115],[8.0513,49.1082],[8.0674,49.1033],[8.067,49.0893],[8.073,49.0896],[8.084,49.085],[8.0849,49.0871]]]},"properties":{"id":"07337006","name":"Barbelroth","subdivision":"Südliche Weinstraße","cx":8.074,"cy":49.101}},
{"type":"Feature","geometry":{"type":"Polygon","coordinates":[[[7.9119,49.1208],[7.9048,49.118],[7.9114,49.115],[7.9083,49.1076],[7.9127,49.1008],[7.9243,49.0975],[7.9354,49.0992],[7.9463,49.0981],[7.9505,49.0996],[7.9454,49.1044],[7.9535,49.1108],[7.9663,49.1079],[7.964,49.1194],[7.9544,49.1219],[7.9439,49.1214],[7.9365,49.1239],[7.9236,49.1238],[7.9119,49.1208]]]},"properties":{"id":"07337008","name":"Birkenhördt","subdivision":"Südliche Weinstraße","cx":7.934,"cy":49.112}},
{"type":"Feature","geometry":{"type":"Polygon","coordinates":[[[7.9127,49.1008],[7.9097,49.0911],[7.9024,49.0903],[7.8914,49.0924],[7.8856,49.0851],[7.8872,49.0812],[7.895,49.0778],[7.8992,49.0841],[7.9119,49.0833],[7.9109,49.088],[7.924,49.0903],[7.9266,49.0873],[7.9389,49.0918],[7.9463,49.0981],[7.9354,49.0992],[7.9243,49.0975],[7.9127,49.1008]]]},"properties":{"id":"07337013","name":"Böllenborn","subdivision":"Südliche Weinstraße","cx":7.916,"cy":49.094}},
{"type":"Feature","geometry":{"type":"Polygon","coordinates":[[[8.084,49.085],[8.073,49.0896],[8.067,49.0893],[8.0573,49.09],[8.0518,49.0832],[8.0334,49.0838],[8.0275,49.0766],[8.0272,49.074],[8.0556,49.0738],[8.0757,49.0722],[8.0789,49.0786],[8.084,49.085]]]},"properties":{"id":"07337018","name":"Dierbach","subdivision":"Südliche Weinstraße","cx":8.06,"cy":49.081}},
{"type":"Feature","geometry":{"type":"Polygon","coordinates":[[[7.9505,49.0996],[7.9463,49.0981],[7.9389,49.0918],[7.9266,49.0873],[7.9513,49.0843],[7.9603,49.0778],[7.9691,49.076],[7.9915,49.078],[8.0132,49.0819],[8.0157,49.0883],[8.0113,49.0915],[8.0073,49.0902],[7.9836,49.0932],[7.9825,49.0964],[7.9666,49.0986],[7.9612,49.1023],[7.9505,49.0996]]]},"properties":{"id":"07337019","name":"Dörrenbach","subdivision":"Südliche Weinstraße","cx":7.973,"cy":49.088}},
{"type":"Feature","geometry":{"type":"Polygon","coordinates":[[[7.9573,49.1316],[7.9634,49.1248],[7.9737,49.1275],[7.9812,49.1219],[7.9975,49.1248],[8.0082,49.1233],[8.0315,49.1267],[8.0335,49.1335],[8.0066,49.1345],[7.9951,49.1317],[7.9886,49.1337],[7.9746,49.1317],[7.9583,49.1341],[7.9573,49.1316]]]},"properties":{"id":"07337029","name":"Gleiszellen-Gleishorbach","subdivision":"Südliche Weinstraße","cx":8.005,"cy":49.129}},
{"type":"Feature","geometry":{"type":"Polygon","coordinates":[[[8.1024,49.0853],[8.1014,49.0991],[8.0929,49.0992],[8.0829,49.0978],[8.0849,49.0871],[8.0985,49.0881],[8.1024,49.0853]]]},"properties":{"id":"07337037","name":"Hergersweiler","subdivision":"Südliche Weinstraße","cx":8.093,"cy":49.093}},
{"type":"Feature","geometry":{"type":"Polygon","coordinates":[[[8.0113,49.0915],[8.0157,49.0883],[8.0132,49.0819],[8.016,49.0758],[8.0275,49.0766],[8.0334,49.0838],[8.0397,49.099],[8.0448,49.1052],[8.0188,49.1057],[8.0138,49.1056],[8.0107,49.1007],[8.0113,49.0915]]]},"properties":{"id":"07337045","name":"Kapellen-Drusweiler","subdivision":"Südliche Weinstraße","cx":8.025,"cy":49.093}},
{"type":"Feature","geometry":{"type":"Polygon","coordinates":[[[8.0074,49.0611],[8.0101,49.0498],[8.0066,49.0474],[8.0145,49.0325],[8.015,49.0272],[8.0264,49.0222],[8.0233,49.0181],[8.031,49.0189],[8.0417,49.0158],[8.0428,49.0226],[8.0394,49.0407],[8.0293,49.0442],[8.0282,49.0521],[8.0205,49.0597],[8.0202,49.0605],[8.0074,49.0611]]]},"properties":{"id":"07337046","name":"Kapsweyer","subdivision":"Südliche Weinstraße","cx":8.024,"cy":49.036}},
{"type":"Feature","geometry":{"type":"Polygon","coordinates":[[[7.9618,49.1394],[7.9583,49.1341],[7.9746,49.1317],[7.9886,49.1337],[7.9951,49.1317],[8.0066,49.1345],[8.0335,49.1335],[8.0385,49.1364],[8.0358,49.1445],[8.0299,49.1498],[8.0233,49.1501],[8.011,49.1585],[8.0006,49.1588],[7.9818,49.1536],[7.9827,49.1442],[7.9718,49.1449],[7.9618,49.1394]]]},"properties":{"id":"07337049","name":"Klingenmünster","subdivision":"Südliche Weinstraße","cx":8.001,"cy":49.145}},
{"type":"Feature","geometry":{"type":"Polygon","coordinates":[[[8.0584,49.115],[8.0518,49.1164],[8.0421,49.1228],[8.0324,49.1267],[8.0221,49.1201],[8.0188,49.1057],[8.0448,49.1052],[8.0513,49.1082],[8.0584,49.115]]]},"properties":{"id":"07337055","name":"Niederhorbach","subdivision":"Südliche Weinstraße","cx":8.036,"cy":49.114}},
{"type":"Feature","geometry":{"type":"Polygon","coordinates":[[[8.0556,49.0738],[8.0272,49.074],[8.0268,49.0699],[8.0202,49.0605],[8.0205,49.0597],[8.0341,49.0606],[8.0405,49.0591],[8.0572,49.0602],[8.0556,49.0738]]]},"properties":{"id":"07337056","name":"Niederotterbach","subdivision":"Südliche Weinstraße","cx":8.04,"cy":49.067}},
{"type":"Feature","geometry":{"type":"Polygon","coordinates":[[[8.0513,49.1082],[8.0448,49.1052],[8.0397,49.099],[8.0334,49.0838],[8.0518,49.0832],[8.0573,49.09],[8.067,49.0893],[8.0674,49.1033],[8.0513,49.1082]]]},"properties":{"id":"07337058","name":"Oberhausen","subdivision":"Südliche Weinstraße","cx":8.051,"cy":49.096}},
{"type":"Feature","geometry":{"type":"Polygon","coordinates":[[[7.895,49.0778],[7.8942,49.0742],[7.898,49.0679],[7.9107,49.0658],[7.9339,49.0735],[7.9363,49.0785],[7.9469,49.0748],[7.9546,49.0697],[7.9794,49.0648],[7.9936,49.0635],[7.9944,49.0609],[8.0074,49.0611],[8.0202,49.0605],[8.0268,49.0699],[8.0272,49.074],[8.0275,49.0766],[8.016,49.0758],[8.0132,49.0819],[7.9915,49.078],[7.9691,49.076],[7.9603,49.0778],[7.9513,49.0843],[7.9266,49.0873],[7.924,49.0903],[7.9109,49.088],[7.9119,49.0833],[7.8992,49.0841],[7.895,49.0778]]]},"properties":{"id":"07337059","name":"Oberotterbach","subdivision":"Südliche Weinstraße","cx":7.923,"cy":49.079}},
{"type":"Feature","geometry":{"type":"Polygon","coordinates":[[[7.8533,49.1313],[7.8706,49.1327],[7.8733,49.1352],[7.8854,49.1367],[7.8875,49.1423],[7.8847,49.1462],[7.872,49.1531],[7.8625,49.1561],[7.8574,49.1514],[7.8594,49.1468],[7.8541,49.1385],[7.8471,49.1365],[7.8533,49.1313]]]},"properties":{"id":"07337060","name":"Oberschlettenbach","subdivision":"Südliche Weinstraße","cx":7.868,"cy":49.142}},
{"type":"Feature","geometry":{"type":"Polygon","coordinates":[[[8.0138,49.1056],[8.0188,49.1057],[8.0221,49.1201],[8.0324,49.1267],[8.0315,49.1267],[8.0082,49.1233],[7.9975,49.1248],[7.9812,49.1219],[7.9772,49.1095],[7.9912,49.1119],[8.0111,49.1127],[8.0138,49.1056]]]},"properties":{"id":"07337062","name":"Pleisweiler-Oberhofen","subdivision":"Südliche Weinstraße","cx":8.003,"cy":49.118}},
{"type":"Feature","geometry":{"type":"Polygon","coordinates":[[[7.8942,49.0742],[7.8852,49.0641],[7.8804,49.0554],[7.892,49.0529],[7.9028,49.0567],[7.9107,49.0451],[7.9144,49.0406],[7.923,49.0437],[7.9312,49.0543],[7.9318,49.0581],[7.9451,49.0554],[7.949,49.0472],[7.9644,49.0429],[7.9688,49.0497],[7.9854,49.0594],[7.9944,49.0609],[7.9936,49.0635],[7.9794,49.0648],[7.9546,49.0697],[7.9469,49.0748],[7.9363,49.0785],[7.9339,49.0735],[7.9107,49.0658],[7.898,49.0679],[7.8942,49.0742]]]},"properties":{"id":"07337071","name":"Schweigen-Rechtenbach","subdivision":"Südliche Weinstraße","cx":7.92,"cy":49.058}},
{"type":"Feature","geometry":{"type":"Polygon","coordinates":[[[8.0074,49.0611],[7.9944,49.0609],[7.9854,49.0594],[7.9688,49.0497],[7.9644,49.0429],[7.9715,49.0361],[7.9745,49.0272],[7.9814,49.0259],[7.994,49.029],[8.0103,49.0257],[8.0138,49.021],[8.0233,49.0181],[8.0264,49.0222],[8.015,49.0272],[8.0145,49.0325],[8.0066,49.0474],[8.0101,49.0498],[8.0074,49.0611]]]},"properties":{"id":"07337072","name":"Schweighofen","subdivision":"Südliche Weinstraße","cx":7.992,"cy":49.043}},
{"type":"Feature","geometry":{"type":"Polygon","coordinates":[[[8.0698,49.0627],[8.0572,49.0602],[8.0405,49.0591],[8.0341,49.0606],[8.0205,49.0597],[8.0282,49.0521],[8.0293,49.0442],[8.0394,49.0407],[8.0428,49.0226],[8.0417,49.0158],[8.05,49.0138],[8.0574,49.0074],[8.0639,49.0055],[8.0684,48.9993],[8.0691,49.0007],[8.0667,49.0108],[8.074,49.0169],[8.0743,49.032],[8.0764,49.0333],[8.0714,49.0486],[8.0698,49.0627]]]},"properties":{"id":"07337076","name":"Steinfeld","subdivision":"Südliche Weinstraße","cx":8.056,"cy":49.037}},
{"type":"Feature","geometry":{"type":"Polygon","coordinates":[[[7.897,49.1476],[7.8875,49.1423],[7.8854,49.1367],[7.8733,49.1352],[7.8706,49.1327],[7.8533,49.1313],[7.8556,49.1253],[7.8607,49.1224],[7.8636,49.1162],[7.8714,49.1142],[7.9048,49.118],[7.9119,49.1208],[7.9207,49.128],[7.9104,49.1372],[7.897,49.1476]]]},"properties":{"id":"07337079","name":"Vorderweidenthal","subdivision":"Südliche Weinstraße","cx":7.895,"cy":49.129}},
{"type":"Feature","geometry":{"type":"MultiPolygon","coordinates":[[[[8.1967,49.2965],[8.1963,49.2892],[8.1996,49.2813],[8.1972,49.2769],[8.2063,49.275],[8.2222,49.2777],[8.2274,49.282],[8.2287,49.295],[8.2367,49.2984],[8.223,49.2962],[8.211,49.2973],[8.1967,49.2965]]],[[[8.0398,49.2875],[8.0491,49.2951],[8.0508,49.2999],[8.0476,49.3016],[8.039,49.2946],[8.0362,49.2884],[8.0398,49.2875]]],[[[7.9869,49.3325],[7.9855,49.3233],[7.9979,49.3238],[7.9937,49.3312],[7.9869,49.3325]]]]},"properties":{"id":"07337002","name":"Altdorf","subdivision":"Südliche Weinstraße","cx":8.212,"cy":49.287}},
{"type":"Feature","geometry":{"type":"MultiPolygon","coordinates":[[[[8.2367,49.2984],[8.2287,49.295],[8.2274,49.282],[8.2222,49.2777],[8.2221,49.2745],[8.2433,49.2775],[8.2476,49.2756],[8.2703,49.28],[8.2623,49.2813],[8.2587,49.2905],[8.2527,49.2961],[8.2495,49.301],[8.2367,49.2984]]],[[[8.0476,49.3016],[8.043,49.304],[8.0325,49.2903],[8.0362,49.2884],[8.039,49.2946],[8.0476,49.3016]]],[[[7.9855,49.3233],[7.9856,49.3198],[7.9902,49.3167],[7.9975,49.3189],[7.9979,49.3238],[7.9855,49.3233]]]]},"properties":{"id":"07337011","name":"Böbingen","subdivision":"Südliche Weinstraße","cx":8.243,"cy":49.288}},
{"type":"Feature","geometry":{"type":"MultiPolygon","coordinates":[[[[7.9915,49.2826],[7.9936,49.2859],[8.0033,49.2856],[8.0033,49.2906],[7.9892,49.2921],[7.9737,49.2858],[7.9734,49.2835],[7.9758,49.2806],[7.9865,49.2804],[7.9915,49.2826]]],[[[8.0183,49.2592],[8.0236,49.2612],[8.0535,49.2494],[8.0748,49.2437],[8.0773,49.2415],[8.0854,49.2414],[8.088,49.2472],[8.0869,49.2543],[8.0825,49.2605],[8.0694,49.2589],[8.0708,49.2549],[8.0557,49.2543],[8.043,49.2604],[8.036,49.2634],[8.0252,49.2645],[8.0248,49.2711],[8.0216,49.2689],[8.0183,49.2592]]]]},"properties":{"id":"07337015","name":"Burrweiler","subdivision":"Südliche Weinstraße","cx":8.077,"cy":49.251}},
{"type":"Feature","geometry":{"type":"MultiPolygon","coordinates":[[[[7.9722,49.2641],[7.975,49.2635],[7.9822,49.2668],[7.9765,49.2704],[7.9632,49.2744],[7.963,49.2692],[7.9722,49.2641]]],[[[8.0535,49.2494],[8.0485,49.2469],[8.0343,49.2523],[8.035,49.2477],[8.0412,49.2471],[8.0545,49.2357],[8.0699,49.2357],[8.0773,49.2415],[8.0748,49.2437],[8.0535,49.2494]]]]},"properties":{"id":"07337028","name":"Gleisweiler","subdivision":"Südliche Weinstraße","cx":8.058,"cy":49.242}},
{"type":"Feature","geometry":{"type":"MultiPolygon","coordinates":[[[[8.0398,49.2875],[8.0449,49.2843],[8.0528,49.2852],[8.0591,49.2811],[8.073,49.2856],[8.0887,49.2821],[8.0864,49.2783],[8.0937,49.2762],[8.1122,49.2769],[8.1218,49.2734],[8.1485,49.2737],[8.1502,49.2906],[8.1384,49.2876],[8.1309,49.2865],[8.1287,49.2913],[8.1213,49.2924],[8.1183,49.2882],[8.0792,49.294],[8.0635,49.2984],[8.0508,49.2999],[8.0491,49.2951],[8.0398,49.2875]]],[[[7.9622,49.3065],[7.961,49.2998],[7.98,49.2986],[7.9913,49.295],[8.0017,49.2985],[8.0087,49.297],[8.0243,49.2974],[8.025,49.2991],[8.0103,49.3001],[8.0006,49.3063],[7.9961,49.3112],[7.9836,49.3115],[7.9816,49.3178],[7.973,49.3192],[7.9651,49.3127],[7.9622,49.3065]]]]},"properties":{"id":"07337020","name":"Edenkoben","subdivision":"Südliche Weinstraße","cx":8.122,"cy":49.281}},
{"type":"Feature","geometry":{"type":"MultiPolygon","coordinates":[[[[7.9387,49.3009],[7.9505,49.3017],[7.9532,49.3095],[7.9522,49.3108],[7.962,49.3252],[7.9478,49.3233],[7.9393,49.32],[7.9367,49.309],[7.9387,49.3009]]],[[[8.0223,49.2823],[8.0206,49.2936],[8.0243,49.2974],[8.0087,49.297],[8.0033,49.2906],[8.0033,49.2856],[8.0141,49.2794],[8.0223,49.2823]]],[[[8.0694,49.2589],[8.0579,49.2642],[8.0525,49.2693],[8.0444,49.271],[8.043,49.2604],[8.0557,49.2543],[8.0708,49.2549],[8.0694,49.2589]]],[[[8.1218,49.2734],[8.123,49.265],[8.1079,49.2643],[8.1089,49.2519],[8.1358,49.2524],[8.1389,49.2486],[8.1455,49.2502],[8.1661,49.2536],[8.1631,49.2722],[8.1626,49.2755],[8.1485,49.2737],[8.1218,49.2734]]]]},"properties":{"id":"07337021","name":"Edesheim","subdivision":"Südliche Weinstraße","cx":8.139,"cy":49.262}},
{"type":"Feature","geometry":{"type":"MultiPolygon","coordinates":[[[[7.9633,49.2837],[7.9734,49.2835],[7.9737,49.2858],[7.9739,49.2924],[7.964,49.2951],[7.9633,49.2837]]],[[[8.0218,49.2515],[8.035,49.2477],[8.0343,49.2523],[8.0277,49.2587],[8.0232,49.2582],[8.024,49.2571],[8.0218,49.2515]]],[[[8.0854,49.2414],[8.0962,49.2395],[8.1052,49.2402],[8.1118,49.2434],[8.1062,49.2518],[8.0925,49.2516],[8.0869,49.2543],[8.088,49.2472],[8.0854,49.2414]]]]},"properties":{"id":"07337025","name":"Flemlingen","subdivision":"Südliche Weinstraße","cx":8.098,"cy":49.246}},
{"type":"Feature","geometry":{"type":"Polygon","coordinates":[[[8.2412,49.2614],[8.251,49.2637],[8.2476,49.2756],[8.2433,49.2775],[8.2221,49.2745],[8.2222,49.2777],[8.2063,49.275],[8.2063,49.2683],[8.209,49.2594],[8.2318,49.2603],[8.2412,49.2614]]]},"properties":{"id":"07337027","name":"Freimersheim (Pfalz)","subdivision":"Südliche Weinstraße","cx":8.229,"cy":49.268}},
{"type":"Feature","geometry":{"type":"MultiPolygon","coordinates":[[[[8.2527,49.2961],[8.2587,49.2905],[8.2623,49.2813],[8.2703,49.28],[8.2998,49.2841],[8.3055,49.2876],[8.317,49.2919],[8.3203,49.2967],[8.3243,49.3005],[8.3174,49.3081],[8.3056,49.3049],[8.2866,49.3031],[8.2701,49.2989],[8.2527,49.2961]]],[[[7.9856,49.3198],[7.9816,49.3178],[7.9836,49.3115],[7.9961,49.3112],[7.9984,49.3171],[7.9975,49.3189],[7.9902,49.3167],[7.9856,49.3198]]],[[[8.043,49.304],[8.0323,49.3015],[8.025,49.2991],[8.0243,49.2974],[8.0325,49.2903],[8.043,49.304]]]]},"properties":{"id":"07337032","name":"Gommersheim","subdivision":"Südliche Weinstraße","cx":8.289,"cy":49.294}},
{"type":"Feature","geometry":{"type":"Polygon","coordinates":[[[8.1972,49.2769],[8.1762,49.2751],[8.1631,49.2722],[8.1661,49.2536],[8.1759,49.254],[8.1763,49.2656],[8.183,49.2672],[8.2063,49.2683],[8.2063,49.275],[8.1972,49.2769]]]},"properties":{"id":"07337035","name":"Großfischlingen","subdivision":"Südliche Weinstraße","cx":8.171,"cy":49.268}},
{"type":"Feature","geometry":{"type":"MultiPolygon","coordinates":[[[[7.964,49.2951],[7.9739,49.2924],[7.9825,49.2947],[7.9892,49.2921],[8.0033,49.2906],[8.0087,49.297],[8.0017,49.2985],[7.9913,49.295],[7.98,49.2986],[7.961,49.2998],[7.9622,49.3065],[7.9532,49.3095],[7.9505,49.3017],[7.9519,49.2976],[7.964,49.2951]]],[[[8.0248,49.2711],[8.0252,49.2645],[8.036,49.2634],[8.043,49.2604],[8.0444,49.271],[8.0299,49.2691],[8.0248,49.2711]]],[[[8.0869,49.2543],[8.0925,49.2516],[8.1062,49.2518],[8.1089,49.2519],[8.1079,49.2643],[8.0944,49.266],[8.0825,49.2605],[8.0869,49.2543]]]]},"properties":{"id":"07337036","name":"Hainfeld","subdivision":"Südliche Weinstraße","cx":7.957,"cy":49.302}},
{"type":"Feature","geometry":{"type":"Polygon","coordinates":[[[8.2063,49.2683],[8.183,49.2672],[8.1763,49.2656],[8.1759,49.254],[8.1859,49.2556],[8.209,49.2594],[8.2063,49.2683]]]},"properties":{"id":"07337048","name":"Kleinfischlingen","subdivision":"Südliche Weinstraße","cx":8.191,"cy":49.262}},
{"type":"Feature","geometry":{"type":"MultiPolygon","coordinates":[[[[7.962,49.3252],[7.9522,49.3108],[7.9532,49.3095],[7.9622,49.3065],[7.9651,49.3127],[7.973,49.3192],[7.9772,49.3334],[7.9723,49.3292],[7.962,49.3252]]],[[[8.0258,49.2806],[8.0344,49.2851],[8.0463,49.2763],[8.0654,49.2683],[8.0795,49.2683],[8.0875,49.273],[8.0944,49.266],[8.1079,49.2643],[8.123,49.265],[8.1218,49.2734],[8.1122,49.2769],[8.0937,49.2762],[8.0864,49.2783],[8.0736,49.2793],[8.0657,49.2771],[8.0591,49.2811],[8.0528,49.2852],[8.0449,49.2843],[8.0398,49.2875],[8.0362,49.2884],[8.0325,49.2903],[8.0243,49.2974],[8.0206,49.2936],[8.0223,49.2823],[8.0258,49.2806]]]]},"properties":{"id":"07337066","name":"Rhodt unter Rietburg","subdivision":"Südliche Weinstraße","cx":8.101,"cy":49.271}},
{"type":"Feature","geometry":{"type":"MultiPolygon","coordinates":[[[[8.0141,49.2794],[8.0033,49.2856],[7.9936,49.2859],[7.9915,49.2826],[8.0141,49.2794]]],[[[7.9892,49.2921],[7.9825,49.2947],[7.9739,49.2924],[7.9737,49.2858],[7.9892,49.2921]]],[[[8.1089,49.2519],[8.1062,49.2518],[8.1118,49.2434],[8.1265,49.2435],[8.1377,49.2483],[8.1389,49.2486],[8.1358,49.2524],[8.1089,49.2519]]]]},"properties":{"id":"07337069","name":"Roschbach","subdivision":"Südliche Weinstraße","cx":8.122,"cy":49.248}},
{"type":"Feature","geometry":{"type":"MultiPolygon","coordinates":[[[[7.9772,49.3334],[7.973,49.3192],[7.9816,49.3178],[7.9856,49.3198],[7.9855,49.3233],[7.9869,49.3325],[7.9815,49.3339],[7.9772,49.3334]]],[[[8.1967,49.2965],[8.1765,49.2961],[8.1502,49.2906],[8.1485,49.2737],[8.1626,49.2755],[8.1631,49.2722],[8.1762,49.2751],[8.1972,49.2769],[8.1996,49.2813],[8.1963,49.2892],[8.1967,49.2965]]],[[[8.0591,49.2811],[8.0657,49.2771],[8.0736,49.2793],[8.0864,49.2783],[8.0887,49.2821],[8.073,49.2856],[8.0591,49.2811]]]]},"properties":{"id":"07337077","name":"Venningen","subdivision":"Südliche Weinstraße","cx":8.174,"cy":49.285}},
{"type":"Feature","geometry":{"type":"MultiPolygon","coordinates":[[[[7.9519,49.2976],[7.9505,49.3017],[7.9387,49.3009],[7.9373,49.2943],[7.9447,49.2933],[7.9519,49.2976]]],[[[8.0444,49.271],[8.0525,49.2693],[8.0579,49.2642],[8.0694,49.2589],[8.0825,49.2605],[8.0944,49.266],[8.0875,49.273],[8.0795,49.2683],[8.0654,49.2683],[8.0463,49.2763],[8.0344,49.2851],[8.0258,49.2806],[8.032,49.2743],[8.0444,49.271]]]]},"properties":{"id":"07337084","name":"Weyher in der Pfalz","subdivision":"Südliche Weinstraße","cx":8.069,"cy":49.264}},
{"type":"Feature","geometry":{"type":"Polygon","coordinates":[[[8.2419,49.1705],[8.2376,49.1716],[8.2163,49.1711],[8.2075,49.17],[8.2022,49.1667],[8.1839,49.165],[8.1774,49.1687],[8.1753,49.1646],[8.1724,49.1521],[8.1678,49.1455],[8.173,49.1365],[8.1885,49.1368],[8.1974,49.1332],[8.1941,49.1295],[8.1852,49.1272],[8.1754,49.1275],[8.1822,49.121],[8.2016,49.1108],[8.2106,49.1091],[8.2099,49.1166],[8.2175,49.116],[8.2301,49.124],[8.2554,49.1277],[8.2635,49.126],[8.26,49.1349],[8.2499,49.1335],[8.246,49.1413],[8.2474,49.1497],[8.2443,49.1565],[8.2493,49.1586],[8.2419,49.1705]]]},"properties":{"id":"07337038","name":"Herxheim bei Landau/Pfalz","subdivision":"Südliche Weinstraße","cx":8.215,"cy":49.147}},
{"type":"Feature","geometry":{"type":"Polygon","coordinates":[[[8.1326,49.1713],[8.1324,49.1556],[8.1424,49.1555],[8.1532,49.1532],[8.165,49.1482],[8.17,49.1371],[8.1669,49.1328],[8.1744,49.1275],[8.1754,49.1275],[8.1852,49.1272],[8.1941,49.1295],[8.1974,49.1332],[8.1885,49.1368],[8.173,49.1365],[8.1678,49.1455],[8.1724,49.1521],[8.1753,49.1646],[8.1567,49.1698],[8.1545,49.176],[8.1326,49.1713]]]},"properties":{"id":"07337044","name":"Insheim","subdivision":"Südliche Weinstraße","cx":8.163,"cy":49.159}},
{"type":"Feature","geometry":{"type":"Polygon","coordinates":[[[8.17,49.1371],[8.165,49.1482],[8.1532,49.1532],[8.1424,49.1555],[8.1324,49.1556],[8.1167,49.1526],[8.116,49.138],[8.118,49.1318],[8.1395,49.1271],[8.1569,49.1311],[8.17,49.1371]]]},"properties":{"id":"07337068","name":"Rohrbach (Südliche Weinstraße)","subdivision":"Südliche Weinstraße","cx":8.141,"cy":49.142}},
{"type":"Feature","geometry":{"type":"Polygon","coordinates":[[[8.064,49.1557],[8.0639,49.1546],[8.073,49.1542],[8.0717,49.1446],[8.0754,49.138],[8.0604,49.1313],[8.0464,49.1279],[8.0421,49.1228],[8.0518,49.1164],[8.0584,49.115],[8.0701,49.1126],[8.0844,49.1031],[8.0929,49.0992],[8.1014,49.0991],[8.1171,49.1004],[8.1187,49.1027],[8.1196,49.1089],[8.117,49.1202],[8.118,49.1318],[8.116,49.138],[8.1167,49.1526],[8.0916,49.1567],[8.0724,49.1551],[8.064,49.1557]]]},"properties":{"id":"07337007","name":"Billigheim-Ingenheim","subdivision":"Südliche Weinstraße","cx":8.092,"cy":49.126}},
{"type":"Feature","geometry":{"type":"MultiPolygon","coordinates":[[[[8.0491,49.2023],[8.0487,49.2067],[8.0411,49.2112],[8.0212,49.2074],[8.0174,49.2101],[8.011,49.2106],[8.0019,49.2048],[8.0041,49.1977],[8.0101,49.197],[8.0238,49.1997],[8.0421,49.2009],[8.0491,49.2023]]],[[[7.9396,49.2487],[7.9369,49.2565],[7.9273,49.2567],[7.9212,49.2605],[7.9198,49.2536],[7.9315,49.2454],[7.9345,49.2453],[7.9396,49.2487]]]]},"properties":{"id":"07337009","name":"Birkweiler","subdivision":"Südliche Weinstraße","cx":8.016,"cy":49.204}},
{"type":"Feature","geometry":{"type":"MultiPolygon","coordinates":[[[[8.1063,49.2339],[8.1052,49.2402],[8.0962,49.2395],[8.0854,49.2414],[8.0773,49.2415],[8.0699,49.2357],[8.0746,49.2299],[8.0923,49.2293],[8.1063,49.2339]]],[[[7.9632,49.2744],[7.9765,49.2704],[7.9822,49.2668],[7.9855,49.266],[7.987,49.2746],[7.9628,49.2804],[7.9632,49.2744]]],[[[8.0205,49.2425],[8.0278,49.244],[8.0401,49.2428],[8.0485,49.2339],[8.0545,49.2357],[8.0412,49.2471],[8.035,49.2477],[8.0218,49.2515],[8.0243,49.246],[8.0205,49.2425]]]]},"properties":{"id":"07337012","name":"Böchingen","subdivision":"Südliche Weinstraße","cx":8.03,"cy":49.246}},
{"type":"Feature","geometry":{"type":"Polygon","coordinates":[[[7.9923,49.1697],[7.9988,49.1709],[8.011,49.1585],[8.0166,49.1676],[8.028,49.173],[8.035,49.172],[8.0365,49.1773],[8.0143,49.1803],[7.9952,49.1779],[7.9923,49.1697]]]},"properties":{"id":"07337022","name":"Eschbach (Südliche Weinstraße)","subdivision":"Südliche Weinstraße","cx":8.011,"cy":49.173}},
{"type":"Feature","geometry":{"type":"Polygon","coordinates":[[[8.3087,49.5019],[8.2834,49.4985],[8.2687,49.4955],[8.2712,49.4788],[8.2762,49.4786],[8.2836,49.4703],[8.3009,49.4722],[8.2991,49.4813],[8.3096,49.4852],[8.3087,49.5019]]]},"properties":{"id":"07338018","name":"Maxdorf","subdivision":"Rhein-Pfalz-Kreis","cx":8.289,"cy":49.487}},
{"type":"Feature","geometry":{"type":"MultiPolygon","coordinates":[[[[8.0746,49.2299],[8.0699,49.2357],[8.0545,49.2357],[8.0485,49.2339],[8.0401,49.2428],[8.0278,49.244],[8.0205,49.2425],[8.0121,49.2359],[8.035,49.2316],[8.0434,49.223],[8.0576,49.2219],[8.0748,49.2273],[8.0746,49.2299]]],[[[7.9186,49.2831],[7.922,49.2799],[7.9274,49.279],[7.9364,49.2826],[7.9464,49.2803],[7.9471,49.2864],[7.9345,49.2903],[7.9241,49.2894],[7.9186,49.2831]]]]},"properties":{"id":"07337026","name":"Frankweiler","subdivision":"Südliche Weinstraße","cx":8.052,"cy":49.229}},
{"type":"Feature","geometry":{"type":"Polygon","coordinates":[[[8.0586,49.1707],[8.035,49.172],[8.028,49.173],[8.0166,49.1676],[8.011,49.1585],[8.0233,49.1501],[8.0299,49.1498],[8.0361,49.1496],[8.0524,49.155],[8.0639,49.1546],[8.064,49.1557],[8.0645,49.1601],[8.0541,49.1645],[8.0586,49.1707]]]},"properties":{"id":"07337031","name":"Göcklingen","subdivision":"Südliche Weinstraße","cx":8.037,"cy":49.161}},
{"type":"Feature","geometry":{"type":"Polygon","coordinates":[[[8.0315,49.1267],[8.0324,49.1267],[8.0421,49.1228],[8.0464,49.1279],[8.0604,49.1313],[8.0754,49.138],[8.0717,49.1446],[8.073,49.1542],[8.0639,49.1546],[8.0524,49.155],[8.0361,49.1496],[8.0299,49.1498],[8.0358,49.1445],[8.0385,49.1364],[8.0335,49.1335],[8.0315,49.1267]]]},"properties":{"id":"07337040","name":"Heuchelheim-Klingen","subdivision":"Südliche Weinstraße","cx":8.053,"cy":49.141}},
{"type":"Feature","geometry":{"type":"MultiPolygon","coordinates":[[[[8.0207,49.192],[8.0215,49.1876],[8.0322,49.1847],[8.0401,49.1852],[8.0365,49.1773],[8.035,49.172],[8.0586,49.1707],[8.0644,49.1718],[8.0644,49.1777],[8.0706,49.1863],[8.057,49.1862],[8.0583,49.19],[8.0389,49.1923],[8.0207,49.192]]],[[[7.9927,49.1801],[8.0004,49.185],[7.993,49.1872],[7.9848,49.1853],[7.9839,49.1848],[7.9739,49.1784],[7.9751,49.1731],[7.9836,49.1742],[7.9771,49.1782],[7.9833,49.1816],[7.9927,49.1801]]]]},"properties":{"id":"07337042","name":"Ilbesheim bei Landau in der Pfalz","subdivision":"Südliche Weinstraße","cx":8.048,"cy":49.182}},
{"type":"Feature","geometry":{"type":"Polygon","coordinates":[[[8.0916,49.1567],[8.1167,49.1526],[8.1324,49.1556],[8.1326,49.1713],[8.1228,49.171],[8.1108,49.175],[8.1005,49.1667],[8.0979,49.161],[8.0916,49.1567]]]},"properties":{"id":"07337043","name":"Impflingen","subdivision":"Südliche Weinstraße","cx":8.115,"cy":49.163}},
{"type":"Feature","geometry":{"type":"Polygon","coordinates":[[[8.1522,49.2285],[8.1522,49.2448],[8.1455,49.2502],[8.1389,49.2486],[8.1377,49.2483],[8.1342,49.2415],[8.1372,49.2306],[8.1359,49.2274],[8.1522,49.2285]]]},"properties":{"id":"07337050","name":"Knöringen","subdivision":"Südliche Weinstraße","cx":8.144,"cy":49.238}},
{"type":"Feature","geometry":{"type":"Polygon","coordinates":[[[8.0182,49.193],[8.0008,49.1971],[7.9937,49.2027],[7.9817,49.1951],[7.9848,49.1853],[7.993,49.1872],[8.0004,49.185],[7.9927,49.1801],[7.9952,49.1779],[8.0143,49.1803],[8.0365,49.1773],[8.0401,49.1852],[8.0322,49.1847],[8.0215,49.1876],[8.0207,49.192],[8.0182,49.193]]]},"properties":{"id":"07337051","name":"Leinsweiler","subdivision":"Südliche Weinstraße","cx":8.007,"cy":49.188}},
{"type":"Feature","geometry":{"type":"Polygon","coordinates":[[[8.0421,49.2009],[8.0238,49.1997],[8.0101,49.197],[8.0041,49.1977],[8.0008,49.1971],[8.0182,49.193],[8.0217,49.1962],[8.0434,49.1973],[8.0421,49.2009]]]},"properties":{"id":"07337065","name":"Ranschbach","subdivision":"Südliche Weinstraße","cx":8.018,"cy":49.196}},
{"type":"Feature","geometry":{"type":"MultiPolygon","coordinates":[[[[8.0576,49.2219],[8.0434,49.223],[8.0411,49.2112],[8.0487,49.2067],[8.0491,49.2023],[8.0654,49.2035],[8.0605,49.2086],[8.0576,49.2219]]],[[[7.9274,49.279],[7.922,49.2799],[7.9225,49.2731],[7.9179,49.2647],[7.9212,49.2605],[7.9273,49.2567],[7.9369,49.2565],[7.9396,49.2487],[7.9502,49.2567],[7.9583,49.2589],[7.9459,49.2618],[7.9256,49.2755],[7.9274,49.279]]]]},"properties":{"id":"07337073","name":"Siebeldingen","subdivision":"Südliche Weinstraße","cx":7.932,"cy":49.263}},
{"type":"Feature","geometry":{"type":"Polygon","coordinates":[[[8.3426,49.5581],[8.3388,49.5661],[8.3379,49.5816],[8.3333,49.5837],[8.3233,49.5795],[8.3174,49.5667],[8.3077,49.5588],[8.3129,49.5498],[8.3376,49.5505],[8.3426,49.5581]]]},"properties":{"id":"07338002","name":"Beindersheim","subdivision":"Rhein-Pfalz-Kreis","cx":8.327,"cy":49.564}},
{"type":"Feature","geometry":{"type":"MultiPolygon","coordinates":[[[[8.1359,49.2274],[8.1372,49.2306],[8.1342,49.2415],[8.1377,49.2483],[8.1265,49.2435],[8.1118,49.2434],[8.1052,49.2402],[8.1063,49.2339],[8.1124,49.2314],[8.1225,49.2323],[8.1292,49.2277],[8.1359,49.2274]]],[[[7.9628,49.2804],[7.987,49.2746],[7.9865,49.2804],[7.9758,49.2806],[7.9734,49.2835],[7.9633,49.2837],[7.9628,49.2804]]],[[[8.0232,49.2582],[8.0277,49.2587],[8.0343,49.2523],[8.0485,49.2469],[8.0535,49.2494],[8.0236,49.2612],[8.0183,49.2592],[8.0232,49.2582]]]]},"properties":{"id":"07337082","name":"Walsheim","subdivision":"Südliche Weinstraße","cx":8.126,"cy":49.237}},
{"type":"Feature","geometry":{"type":"MultiPolygon","coordinates":[[[[8.143,49.3123],[8.139,49.2993],[8.1384,49.2876],[8.1502,49.2906],[8.1765,49.2961],[8.1967,49.2965],[8.2001,49.2998],[8.1991,49.3076],[8.1864,49.3096],[8.1849,49.3129],[8.1735,49.3117],[8.1578,49.3147],[8.143,49.3123]]],[[[7.9996,49.3438],[7.9933,49.3395],[7.9841,49.3424],[7.9815,49.3339],[7.9869,49.3325],[7.9937,49.3312],[7.9979,49.3238],[7.9975,49.3189],[7.9984,49.3171],[8.0075,49.3126],[8.0129,49.3213],[8.0117,49.3246],[8.0228,49.3333],[8.0188,49.3358],[8.0004,49.34],[7.9996,49.3438]]],[[[8.0508,49.2999],[8.0635,49.2984],[8.0638,49.3006],[8.0481,49.3084],[8.0348,49.3076],[8.0323,49.3015],[8.043,49.304],[8.0476,49.3016],[8.0508,49.2999]]]]},"properties":{"id":"07337047","name":"Kirrweiler (Pfalz)","subdivision":"Südliche Weinstraße","cx":8.163,"cy":49.304}},
{"type":"Feature","geometry":{"type":"Polygon","coordinates":[[[8.0129,49.3213],[8.0075,49.3126],[7.9984,49.3171],[7.9961,49.3112],[8.0006,49.3063],[8.0126,49.3054],[8.0141,49.3093],[8.0329,49.3144],[8.042,49.3096],[8.0493,49.3123],[8.0616,49.3105],[8.0617,49.3144],[8.0814,49.314],[8.0948,49.3054],[8.1023,49.3063],[8.1193,49.3025],[8.1213,49.2924],[8.1287,49.2913],[8.1309,49.2865],[8.1384,49.2876],[8.139,49.2993],[8.143,49.3123],[8.1361,49.3113],[8.1238,49.3149],[8.1057,49.3153],[8.0824,49.3236],[8.0752,49.3233],[8.0644,49.3186],[8.0542,49.3227],[8.0375,49.324],[8.0269,49.3201],[8.0205,49.3225],[8.0129,49.3213]]]},"properties":{"id":"07337052","name":"Maikammer","subdivision":"Südliche Weinstraße","cx":8.13,"cy":49.303}},
{"type":"Feature","geometry":{"type":"Polygon","coordinates":[[[8.1213,49.2924],[8.1193,49.3025],[8.1023,49.3063],[8.0948,49.3054],[8.0814,49.314],[8.0617,49.3144],[8.0616,49.3105],[8.0493,49.3123],[8.042,49.3096],[8.0329,49.3144],[8.0141,49.3093],[8.0126,49.3054],[8.0006,49.3063],[8.0103,49.3001],[8.025,49.2991],[8.0323,49.3015],[8.0348,49.3076],[8.0481,49.3084],[8.0638,49.3006],[8.0635,49.2984],[8.0792,49.294],[8.1183,49.2882],[8.1213,49.2924]]]},"properties":{"id":"07337070","name":"Sankt Martin","subdivision":"Südliche Weinstraße","cx":8.072,"cy":49.305}},
{"type":"Feature","geometry":{"type":"Polygon","coordinates":[[[8.1808,49.2081],[8.1804,49.2115],[8.1766,49.2277],[8.1631,49.228],[8.1565,49.2263],[8.1603,49.2145],[8.157,49.2067],[8.1808,49.2081]]]},"properties":{"id":"07337014","name":"Bornheim (Südliche Weinstraße)","subdivision":"Südliche Weinstraße","cx":8.169,"cy":49.217}},
{"type":"Feature","geometry":{"type":"Polygon","coordinates":[[[8.1565,49.2263],[8.1631,49.228],[8.1766,49.2277],[8.1804,49.2115],[8.2073,49.2179],[8.2035,49.2272],[8.1937,49.2315],[8.1859,49.2556],[8.1759,49.254],[8.1661,49.2536],[8.1455,49.2502],[8.1522,49.2448],[8.1522,49.2285],[8.1565,49.2263]]]},"properties":{"id":"07337023","name":"Essingen","subdivision":"Südliche Weinstraße","cx":8.177,"cy":49.24}},
{"type":"Feature","geometry":{"type":"Polygon","coordinates":[[[8.2378,49.2129],[8.2368,49.2271],[8.2387,49.2317],[8.2331,49.2403],[8.2371,49.245],[8.2318,49.2603],[8.209,49.2594],[8.1859,49.2556],[8.1937,49.2315],[8.2035,49.2272],[8.2073,49.2179],[8.2098,49.2124],[8.2173,49.2098],[8.2378,49.2129]]]},"properties":{"id":"07337041","name":"Hochstadt (Pfalz)","subdivision":"Südliche Weinstraße","cx":8.216,"cy":49.238}},
{"type":"Feature","geometry":{"type":"Polygon","coordinates":[[[8.1774,49.1687],[8.1839,49.165],[8.2022,49.1667],[8.2075,49.17],[8.2163,49.1711],[8.2151,49.1961],[8.2185,49.2016],[8.2173,49.2098],[8.2098,49.2124],[8.2073,49.2179],[8.1804,49.2115],[8.1808,49.2081],[8.1697,49.2027],[8.1687,49.1927],[8.1778,49.193],[8.1794,49.1835],[8.1774,49.1687]]]},"properties":{"id":"07337061","name":"Offenbach an der Queich","subdivision":"Südliche Weinstraße","cx":8.196,"cy":49.191}},
{"type":"Feature","geometry":{"type":"Polygon","coordinates":[[[8.4227,49.5742],[8.4239,49.5797],[8.4148,49.5951],[8.4058,49.5931],[8.4021,49.5985],[8.3963,49.5981],[8.3865,49.6037],[8.3783,49.6051],[8.3625,49.6022],[8.3611,49.6065],[8.3497,49.6064],[8.343,49.5951],[8.3422,49.5908],[8.3345,49.5878],[8.3333,49.5837],[8.3379,49.5816],[8.3388,49.5661],[8.3426,49.5581],[8.3565,49.5611],[8.3546,49.568],[8.3693,49.5696],[8.3768,49.5655],[8.3839,49.5681],[8.3923,49.5752],[8.4135,49.5769],[8.4227,49.5742]]]},"properties":{"id":"07338004","name":"Bobenheim-Roxheim","subdivision":"Rhein-Pfalz-Kreis","cx":8.373,"cy":49.586}},
{"type":"Feature","geometry":{"type":"Polygon","coordinates":[[[8.3174,49.3161],[8.3331,49.3206],[8.3431,49.3299],[8.3565,49.3342],[8.3622,49.34],[8.3797,49.3494],[8.3625,49.3474],[8.3528,49.3561],[8.349,49.3638],[8.3535,49.3682],[8.3465,49.3746],[8.3415,49.3736],[8.3269,49.3955],[8.3211,49.4006],[8.3071,49.3989],[8.2987,49.4054],[8.2877,49.4005],[8.2805,49.4012],[8.277,49.3948],[8.2697,49.3948],[8.2696,49.3891],[8.2795,49.3891],[8.295,49.3735],[8.2929,49.3658],[8.297,49.3565],[8.304,49.3499],[8.3174,49.3161]]]},"properties":{"id":"07338005","name":"Böhl-Iggelheim","subdivision":"Rhein-Pfalz-Kreis","cx":8.321,"cy":49.363}},
{"type":"Feature","geometry":{"type":"Polygon","coordinates":[[[8.3849,49.4342],[8.3684,49.4268],[8.3697,49.419],[8.3752,49.4141],[8.3872,49.4026],[8.4063,49.3938],[8.4151,49.3988],[8.4127,49.4069],[8.4114,49.4267],[8.4064,49.4306],[8.3944,49.4283],[8.3849,49.4342]]]},"properties":{"id":"07338017","name":"Limburgerhof","subdivision":"Rhein-Pfalz-Kreis","cx":8.394,"cy":49.415}},
{"type":"Feature","geometry":{"type":"Polygon","coordinates":[[[8.319,49.4591],[8.3188,49.4552],[8.3073,49.4531],[8.3122,49.4407],[8.3253,49.4292],[8.3303,49.4294],[8.3355,49.4223],[8.3443,49.4218],[8.3528,49.412],[8.3626,49.4146],[8.3752,49.4141],[8.3697,49.419],[8.3684,49.4268],[8.3849,49.4342],[8.3835,49.4399],[8.3775,49.4433],[8.3669,49.4562],[8.3638,49.4628],[8.3588,49.4632],[8.3575,49.471],[8.347,49.4673],[8.3235,49.4614],[8.319,49.4591]]]},"properties":{"id":"07338019","name":"Mutterstadt","subdivision":"Rhein-Pfalz-Kreis","cx":8.347,"cy":49.442}},
{"type":"Feature","geometry":{"type":"Polygon","coordinates":[[[8.4183,49.3755],[8.4134,49.3821],[8.4075,49.3877],[8.4063,49.3938],[8.3872,49.4026],[8.3752,49.4141],[8.3626,49.4146],[8.3528,49.412],[8.3558,49.4068],[8.3416,49.3987],[8.3269,49.3955],[8.3415,49.3736],[8.3465,49.3746],[8.3535,49.3682],[8.349,49.3638],[8.3528,49.3561],[8.3625,49.3474],[8.3797,49.3494],[8.389,49.353],[8.3977,49.3601],[8.4068,49.3719],[8.4183,49.3755]]]},"properties":{"id":"07338025","name":"Schifferstadt","subdivision":"Rhein-Pfalz-Kreis","cx":8.373,"cy":49.382}},
{"type":"Feature","geometry":{"type":"Polygon","coordinates":[[[8.2806,49.4467],[8.2845,49.4347],[8.3002,49.4369],[8.306,49.4306],[8.3048,49.4167],[8.2977,49.4137],[8.2987,49.4054],[8.3071,49.3989],[8.3211,49.4006],[8.3269,49.3955],[8.3416,49.3987],[8.3558,49.4068],[8.3528,49.412],[8.3443,49.4218],[8.3355,49.4223],[8.3303,49.4294],[8.3253,49.4292],[8.3122,49.4407],[8.3073,49.4531],[8.2837,49.4469],[8.2806,49.4467]]]},"properties":{"id":"07338006","name":"Dannstadt-Schauernheim","subdivision":"Rhein-Pfalz-Kreis","cx":8.318,"cy":49.418}},
{"type":"Feature","geometry":{"type":"Polygon","coordinates":[[[8.2697,49.3948],[8.277,49.3948],[8.2805,49.4012],[8.2877,49.4005],[8.2987,49.4054],[8.2977,49.4137],[8.3048,49.4167],[8.306,49.4306],[8.3002,49.4369],[8.2845,49.4347],[8.2797,49.429],[8.2806,49.4237],[8.2579,49.4209],[8.2594,49.4138],[8.2697,49.3948]]]},"properties":{"id":"07338014","name":"Hochdorf-Assenheim","subdivision":"Rhein-Pfalz-Kreis","cx":8.284,"cy":49.414}},
{"type":"Feature","geometry":{"type":"Polygon","coordinates":[[[8.2343,49.4374],[8.2333,49.43],[8.2378,49.4183],[8.2579,49.4209],[8.2806,49.4237],[8.2797,49.429],[8.2845,49.4347],[8.2806,49.4467],[8.2652,49.4455],[8.2621,49.4423],[8.2358,49.4396],[8.2343,49.4374]]]},"properties":{"id":"07338022","name":"Rödersheim-Gronau","subdivision":"Rhein-Pfalz-Kreis","cx":8.259,"cy":49.432}},
{"type":"Feature","geometry":{"type":"Polygon","coordinates":[[[8.2712,49.4788],[8.2687,49.4955],[8.2706,49.4982],[8.2555,49.4927],[8.2491,49.494],[8.2388,49.4921],[8.2394,49.4889],[8.2481,49.486],[8.2544,49.4775],[8.2712,49.4788]]]},"properties":{"id":"07338003","name":"Birkenheide","subdivision":"Rhein-Pfalz-Kreis","cx":8.259,"cy":49.486}},
{"type":"Feature","geometry":{"type":"Polygon","coordinates":[[[8.2759,49.4568],[8.2804,49.4554],[8.2837,49.4469],[8.3073,49.4531],[8.3188,49.4552],[8.319,49.4591],[8.3116,49.4601],[8.3057,49.4728],[8.3009,49.4722],[8.2836,49.4703],[8.2762,49.4786],[8.2712,49.4788],[8.2774,49.4591],[8.2759,49.4568]]]},"properties":{"id":"07338008","name":"Fußgönheim","subdivision":"Rhein-Pfalz-Kreis","cx":8.293,"cy":49.461}},
{"type":"Feature","geometry":{"type":"Polygon","coordinates":[[[6.5119,49.6892],[6.5121,49.6989],[6.5215,49.7077],[6.5203,49.7124],[6.513,49.7111],[6.5063,49.7135],[6.5001,49.7126],[6.4788,49.6969],[6.4862,49.6917],[6.4884,49.6854],[6.495,49.6838],[6.508,49.6904],[6.5119,49.6892]]]},"properties":{"id":"07235096","name":"Oberbillig","subdivision":"Trier-Saarburg","cx":6.501,"cy":49.699}},
{"type":"Feature","geometry":{"type":"Polygon","coordinates":[[[8.2883,49.5878],[8.295,49.573],[8.3016,49.5722],[8.3089,49.5637],[8.3174,49.5667],[8.3233,49.5795],[8.317,49.5825],[8.3069,49.5821],[8.3032,49.5866],[8.2941,49.5903],[8.2883,49.5878]]]},"properties":{"id":"07338009","name":"Großniedesheim","subdivision":"Rhein-Pfalz-Kreis","cx":8.31,"cy":49.575}},
{"type":"Feature","geometry":{"type":"Polygon","coordinates":[[[8.3129,49.5498],[8.3077,49.5588],[8.2975,49.55],[8.2806,49.5483],[8.2817,49.5428],[8.2678,49.5371],[8.2562,49.5362],[8.2564,49.5335],[8.2888,49.5375],[8.2889,49.5347],[8.3098,49.5351],[8.312,49.5333],[8.3173,49.5329],[8.3223,49.5394],[8.3137,49.5455],[8.3129,49.5498]]]},"properties":{"id":"07338012","name":"Heßheim","subdivision":"Rhein-Pfalz-Kreis","cx":8.302,"cy":49.543}},
{"type":"Feature","geometry":{"type":"Polygon","coordinates":[[[8.281,49.5868],[8.2793,49.5739],[8.2825,49.558],[8.2842,49.5503],[8.2806,49.5483],[8.2975,49.55],[8.3077,49.5588],[8.3174,49.5667],[8.3089,49.5637],[8.3016,49.5722],[8.295,49.573],[8.2883,49.5878],[8.281,49.5868]]]},"properties":{"id":"07338013","name":"Heuchelheim bei Frankenthal","subdivision":"Rhein-Pfalz-Kreis","cx":8.292,"cy":49.563}},
{"type":"Feature","geometry":{"type":"Polygon","coordinates":[[[8.2941,49.5903],[8.3032,49.5866],[8.3069,49.5821],[8.317,49.5825],[8.3233,49.5795],[8.3333,49.5837],[8.3345,49.5878],[8.3422,49.5908],[8.343,49.5951],[8.3314,49.6002],[8.3227,49.5947],[8.2941,49.5903]]]},"properties":{"id":"07338015","name":"Kleinniedesheim","subdivision":"Rhein-Pfalz-Kreis","cx":8.322,"cy":49.588}},
{"type":"Feature","geometry":{"type":"Polygon","coordinates":[[[8.312,49.5333],[8.3098,49.5351],[8.2889,49.5347],[8.2888,49.5375],[8.2564,49.5335],[8.2579,49.5287],[8.266,49.5284],[8.2714,49.5085],[8.2641,49.5077],[8.2706,49.4982],[8.2687,49.4955],[8.2834,49.4985],[8.3087,49.5019],[8.3134,49.5068],[8.3132,49.5175],[8.3094,49.523],[8.312,49.5333]]]},"properties":{"id":"07338016","name":"Lambsheim","subdivision":"Rhein-Pfalz-Kreis","cx":8.288,"cy":49.518}},
{"type":"Feature","geometry":{"type":"Polygon","coordinates":[[[8.389,49.353],[8.3797,49.3494],[8.3622,49.34],[8.3565,49.3342],[8.3627,49.3274],[8.3659,49.3154],[8.3502,49.3155],[8.3538,49.3085],[8.3706,49.3051],[8.3745,49.2978],[8.4035,49.3053],[8.4042,49.3126],[8.3997,49.3197],[8.4073,49.3255],[8.4069,49.3288],[8.3754,49.342],[8.3837,49.351],[8.389,49.353]]]},"properties":{"id":"07338007","name":"Dudenhofen","subdivision":"Rhein-Pfalz-Kreis","cx":8.38,"cy":49.321}},
{"type":"Feature","geometry":{"type":"Polygon","coordinates":[[[8.3174,49.3109],[8.3421,49.3107],[8.3406,49.3048],[8.3538,49.3085],[8.3502,49.3155],[8.3659,49.3154],[8.3627,49.3274],[8.3565,49.3342],[8.3431,49.3299],[8.3331,49.3206],[8.3174,49.3161],[8.3144,49.3115],[8.3174,49.3109]]]},"properties":{"id":"07338010","name":"Hanhofen","subdivision":"Rhein-Pfalz-Kreis","cx":8.344,"cy":49.32}},
{"type":"Feature","geometry":{"type":"Polygon","coordinates":[[[8.3174,49.3081],[8.3243,49.3005],[8.3203,49.2967],[8.3272,49.2977],[8.3298,49.2926],[8.3495,49.2878],[8.3536,49.2827],[8.3627,49.2855],[8.374,49.2921],[8.3745,49.2978],[8.3706,49.3051],[8.3538,49.3085],[8.3406,49.3048],[8.3421,49.3107],[8.3174,49.3109],[8.3174,49.3081]]]},"properties":{"id":"07338011","name":"Harthausen","subdivision":"Rhein-Pfalz-Kreis","cx":8.353,"cy":49.298}},
{"type":"Feature","geometry":{"type":"Polygon","coordinates":[[[8.4035,49.3053],[8.3745,49.2978],[8.374,49.2921],[8.3627,49.2855],[8.3677,49.2816],[8.3689,49.2681],[8.3801,49.2624],[8.3908,49.2533],[8.4105,49.2545],[8.4131,49.2498],[8.4316,49.2577],[8.4455,49.2669],[8.454,49.276],[8.467,49.283],[8.4433,49.2925],[8.4323,49.2938],[8.4188,49.301],[8.4035,49.3053]]]},"properties":{"id":"07338023","name":"Römerberg","subdivision":"Rhein-Pfalz-Kreis","cx":8.41,"cy":49.278}},
{"type":"Feature","geometry":{"type":"Polygon","coordinates":[[[8.4594,49.4358],[8.4527,49.4315],[8.4555,49.4204],[8.4687,49.4197],[8.4785,49.4154],[8.4965,49.4081],[8.4998,49.4173],[8.508,49.4311],[8.507,49.4375],[8.4989,49.4427],[8.4725,49.4435],[8.4762,49.4401],[8.4594,49.4358]]]},"properties":{"id":"07338001","name":"Altrip","subdivision":"Rhein-Pfalz-Kreis","cx":8.483,"cy":49.428}},
{"type":"Feature","geometry":{"type":"Polygon","coordinates":[[[7.8905,49.9301],[7.8982,49.9304],[7.903,49.9406],[7.8988,49.9443],[7.8989,49.9538],[7.8885,49.9561],[7.8722,49.9534],[7.8666,49.9481],[7.8492,49.9491],[7.8464,49.9428],[7.8651,49.9389],[7.8689,49.9351],[7.8765,49.9363],[7.8905,49.9301]]]},"properties":{"id":"07339038","name":"Münster-Sarmsheim","subdivision":"Mainz-Bingen","cx":7.883,"cy":49.945}},
{"type":"Feature","geometry":{"type":"Polygon","coordinates":[[[8.4114,49.4267],[8.4127,49.4069],[8.4151,49.3988],[8.4063,49.3938],[8.4075,49.3877],[8.4134,49.3821],[8.4138,49.3895],[8.4214,49.3919],[8.4167,49.3976],[8.4209,49.4026],[8.4273,49.4039],[8.4291,49.4092],[8.4367,49.4089],[8.4506,49.4137],[8.4561,49.4098],[8.4683,49.4114],[8.4785,49.4154],[8.4687,49.4197],[8.4555,49.4204],[8.4527,49.4315],[8.4594,49.4358],[8.4465,49.439],[8.4264,49.4318],[8.4207,49.433],[8.4114,49.4267]]]},"properties":{"id":"07338020","name":"Neuhofen","subdivision":"Rhein-Pfalz-Kreis","cx":8.435,"cy":49.42}},
{"type":"Feature","geometry":{"type":"Polygon","coordinates":[[[8.4709,49.3407],[8.4798,49.346],[8.4921,49.3572],[8.4968,49.3642],[8.5009,49.3764],[8.5004,49.389],[8.4938,49.3872],[8.4775,49.3751],[8.4715,49.3733],[8.4635,49.378],[8.4654,49.3873],[8.4942,49.4002],[8.496,49.4043],[8.4838,49.3985],[8.4648,49.392],[8.4541,49.392],[8.4409,49.3806],[8.4323,49.3803],[8.4225,49.3766],[8.424,49.3663],[8.429,49.3665],[8.4337,49.3559],[8.442,49.3513],[8.4448,49.3646],[8.458,49.3648],[8.4668,49.3611],[8.4675,49.353],[8.4712,49.3466],[8.4709,49.3407]]]},"properties":{"id":"07338021","name":"Otterstadt","subdivision":"Rhein-Pfalz-Kreis","cx":8.478,"cy":49.363}},
{"type":"Feature","geometry":{"type":"Polygon","coordinates":[[[8.4225,49.3766],[8.4323,49.3803],[8.4409,49.3806],[8.4541,49.392],[8.4648,49.392],[8.4838,49.3985],[8.496,49.4043],[8.4965,49.4081],[8.4785,49.4154],[8.4683,49.4114],[8.4561,49.4098],[8.4506,49.4137],[8.4367,49.4089],[8.4291,49.4092],[8.4273,49.4039],[8.4209,49.4026],[8.4167,49.3976],[8.4214,49.3919],[8.4138,49.3895],[8.4134,49.3821],[8.4183,49.3755],[8.4225,49.3766]]]},"properties":{"id":"07338026","name":"Waldsee","subdivision":"Rhein-Pfalz-Kreis","cx":8.443,"cy":49.398}},
{"type":"Feature","geometry":{"type":"Polygon","coordinates":[[[7.8987,49.9198],[7.9145,49.9203],[7.9236,49.9183],[7.9417,49.9209],[7.9447,49.9127],[7.9528,49.913],[7.9606,49.9132],[7.9621,49.9164],[7.9759,49.9149],[7.9953,49.9211],[8.0024,49.9257],[7.9919,49.9237],[7.985,49.9336],[7.9751,49.9301],[7.961,49.9331],[7.952,49.9518],[7.9833,49.9558],[7.9829,49.964],[7.9809,49.9752],[7.9764,49.9804],[7.9674,49.9778],[7.9363,49.9738],[7.9261,49.9746],[7.8866,49.9719],[7.8775,49.9729],[7.868,49.9787],[7.8766,49.9616],[7.8885,49.9561],[7.8989,49.9538],[7.8988,49.9443],[7.903,49.9406],[7.8982,49.9304],[7.8987,49.9198]]]},"properties":{"id":"07339005","name":"Bingen am Rhein","subdivision":"Mainz-Bingen","cx":7.93,"cy":49.946}},
{"type":"Feature","geometry":{"type":"Polygon","coordinates":[[[8.19,50.0353],[8.1809,50.0352],[8.152,50.028],[8.1381,50.0255],[8.1397,50.0195],[8.152,50.0105],[8.158,50.0037],[8.1705,50.0034],[8.1816,50.0059],[8.191,50.0111],[8.1998,50.0222],[8.1998,50.0299],[8.1917,50.0315],[8.19,50.0353]]]},"properties":{"id":"07339009","name":"Budenheim","subdivision":"Mainz-Bingen","cx":8.171,"cy":50.02}},
{"type":"Feature","geometry":{"type":"Polygon","coordinates":[[[7.6951,50.0214],[7.7047,50.0188],[7.722,50.0247],[7.7236,50.0296],[7.7308,50.0369],[7.7476,50.0424],[7.7574,50.0401],[7.7643,50.0388],[7.7847,50.0484],[7.7737,50.0563],[7.774,50.0665],[7.7715,50.0779],[7.7648,50.0826],[7.7587,50.08],[7.7469,50.0796],[7.7385,50.0745],[7.7171,50.0676],[7.7134,50.0654],[7.7207,50.0588],[7.7162,50.0535],[7.7063,50.0497],[7.7019,50.0445],[7.6892,50.0364],[7.6852,50.0315],[7.6916,50.0321],[7.6934,50.0238],[7.6951,50.0214]]]},"properties":{"id":"07339003","name":"Bacharach","subdivision":"Mainz-Bingen","cx":7.748,"cy":50.06}},
{"type":"Feature","geometry":{"type":"Polygon","coordinates":[[[7.6852,50.0315],[7.6892,50.0364],[7.7019,50.0445],[7.7063,50.0497],[7.7162,50.0535],[7.7207,50.0588],[7.7134,50.0654],[7.6951,50.0568],[7.6919,50.0524],[7.6723,50.0396],[7.6648,50.0327],[7.6829,50.0286],[7.6852,50.0315]]]},"properties":{"id":"07339007","name":"Breitscheid (Mainz-Bingen)","subdivision":"Mainz-Bingen","cx":7.697,"cy":50.049}},
{"type":"Feature","geometry":{"type":"Polygon","coordinates":[[[7.7145,50.0101],[7.7215,50.0126],[7.7245,50.0183],[7.737,50.0208],[7.7467,50.0249],[7.7535,50.0236],[7.7673,50.0291],[7.7687,50.0345],[7.7574,50.0401],[7.7476,50.0424],[7.7308,50.0369],[7.7236,50.0296],[7.722,50.0247],[7.7047,50.0188],[7.6951,50.0214],[7.7026,50.0114],[7.7145,50.0101]]]},"properties":{"id":"07339036","name":"Manubach","subdivision":"Mainz-Bingen","cx":7.735,"cy":50.028}},
{"type":"Feature","geometry":{"type":"Polygon","coordinates":[[[7.8031,50.0005],[7.8246,50.0099],[7.825,50.0186],[7.8301,50.0216],[7.8087,50.0365],[7.8038,50.0372],[7.7943,50.031],[7.7985,50.0274],[7.7899,50.0237],[7.7887,50.0119],[7.7943,50.0054],[7.8031,50.0005]]]},"properties":{"id":"07339040","name":"Niederheimbach","subdivision":"Mainz-Bingen","cx":7.807,"cy":50.018}},
{"type":"Feature","geometry":{"type":"Polygon","coordinates":[[[7.7297,50.0065],[7.7502,50.0182],[7.7566,50.0188],[7.78,50.0257],[7.7873,50.0304],[7.7943,50.031],[7.8038,50.0372],[7.8087,50.0365],[7.8059,50.0393],[7.7847,50.0484],[7.7643,50.0388],[7.7574,50.0401],[7.7687,50.0345],[7.7673,50.0291],[7.7535,50.0236],[7.7467,50.0249],[7.737,50.0208],[7.7245,50.0183],[7.7215,50.0126],[7.7145,50.0101],[7.7172,50.0059],[7.7255,50.0025],[7.7297,50.0065]]]},"properties":{"id":"07339044","name":"Oberdiebach","subdivision":"Mainz-Bingen","cx":7.777,"cy":50.033}},
{"type":"Feature","geometry":{"type":"Polygon","coordinates":[[[7.7324,50.0048],[7.7526,50.0006],[7.7717,49.9993],[7.781,50.0031],[7.7943,50.0054],[7.7887,50.0119],[7.7899,50.0237],[7.7985,50.0274],[7.7943,50.031],[7.7873,50.0304],[7.78,50.0257],[7.7566,50.0188],[7.7502,50.0182],[7.7297,50.0065],[7.7324,50.0048]]]},"properties":{"id":"07339045","name":"Oberheimbach","subdivision":"Mainz-Bingen","cx":7.768,"cy":50.011}},
{"type":"Feature","geometry":{"type":"Polygon","coordinates":[[[7.8031,50.0005],[7.8356,49.9925],[7.8445,49.9957],[7.8519,49.9952],[7.8529,49.9899],[7.8644,49.9827],[7.8572,50.0082],[7.8484,50.015],[7.8301,50.0216],[7.825,50.0186],[7.8246,50.0099],[7.8031,50.0005]]]},"properties":{"id":"07339058","name":"Trechtingshausen","subdivision":"Mainz-Bingen","cx":7.837,"cy":50.005}},
{"type":"Feature","geometry":{"type":"Polygon","coordinates":[[[7.8464,49.9428],[7.8492,49.9491],[7.8518,49.9528],[7.8501,49.9625],[7.842,49.9639],[7.8288,49.9718],[7.8164,49.9829],[7.8118,49.9806],[7.8043,49.9839],[7.7966,49.9809],[7.7878,49.9819],[7.7782,49.9858],[7.7706,49.9821],[7.7697,49.9797],[7.7735,49.9732],[7.7887,49.9675],[7.803,49.9593],[7.8177,49.9569],[7.8218,49.9486],[7.8049,49.9481],[7.8018,49.938],[7.8145,49.9336],[7.8369,49.94],[7.8464,49.9428]]]},"properties":{"id":"07339062","name":"Waldalgesheim","subdivision":"Mainz-Bingen","cx":7.831,"cy":49.956}},
{"type":"Feature","geometry":{"type":"Polygon","coordinates":[[[7.7706,49.9821],[7.7782,49.9858],[7.7878,49.9819],[7.7966,49.9809],[7.8043,49.9839],[7.8118,49.9806],[7.8164,49.9829],[7.8288,49.9718],[7.842,49.9639],[7.8501,49.9625],[7.8518,49.9528],[7.8492,49.9491],[7.8666,49.9481],[7.8722,49.9534],[7.8885,49.9561],[7.8766,49.9616],[7.868,49.9787],[7.8644,49.9827],[7.8529,49.9899],[7.8519,49.9952],[7.8445,49.9957],[7.8356,49.9925],[7.8031,50.0005],[7.7943,50.0054],[7.781,50.0031],[7.7717,49.9993],[7.7526,50.0006],[7.7324,50.0048],[7.7346,49.9987],[7.7392,49.9998],[7.7584,49.994],[7.7623,49.9878],[7.7706,49.9821]]]},"properties":{"id":"07339063","name":"Weiler bei Bingen","subdivision":"Mainz-Bingen","cx":7.839,"cy":49.98}},
{"type":"Feature","geometry":{"type":"Polygon","coordinates":[[[8.2716,49.9271],[8.2757,49.9229],[8.284,49.9216],[8.2918,49.9165],[8.2978,49.9075],[8.307,49.909],[8.3238,49.9156],[8.3298,49.9251],[8.3478,49.9302],[8.343,49.9405],[8.3333,49.9381],[8.3262,49.9455],[8.311,49.9413],[8.2958,49.9423],[8.28,49.9414],[8.2801,49.9312],[8.2716,49.9271]]]},"properties":{"id":"07339006","name":"Bodenheim","subdivision":"Mainz-Bingen","cx":8.309,"cy":49.927}},
{"type":"Feature","geometry":{"type":"Polygon","coordinates":[[[8.2757,49.9229],[8.2708,49.9209],[8.2703,49.9108],[8.276,49.9062],[8.2845,49.904],[8.2978,49.9075],[8.2918,49.9165],[8.284,49.9216],[8.2757,49.9229]]]},"properties":{"id":"07339020","name":"Gau-Bischofsheim","subdivision":"Mainz-Bingen","cx":8.282,"cy":49.913}},
{"type":"Feature","geometry":{"type":"Polygon","coordinates":[[[8.2775,49.8983],[8.2845,49.904],[8.276,49.9062],[8.2703,49.9108],[8.2708,49.9209],[8.2757,49.9229],[8.2716,49.9271],[8.2691,49.9191],[8.259,49.9141],[8.2611,49.9096],[8.253,49.9051],[8.2527,49.8966],[8.2775,49.8983]]]},"properties":{"id":"07339026","name":"Harxheim","subdivision":"Mainz-Bingen","cx":8.266,"cy":49.906}},
{"type":"Feature","geometry":{"type":"Polygon","coordinates":[[[8.2897,49.8785],[8.3077,49.8841],[8.3191,49.8897],[8.3149,49.8934],[8.307,49.909],[8.2978,49.9075],[8.2845,49.904],[8.2775,49.8983],[8.2861,49.8882],[8.2897,49.8785]]]},"properties":{"id":"07339034","name":"Lörzweiler","subdivision":"Mainz-Bingen","cx":8.298,"cy":49.894}},
{"type":"Feature","geometry":{"type":"Polygon","coordinates":[[[8.307,49.909],[8.3149,49.8934],[8.3191,49.8897],[8.3309,49.8968],[8.3365,49.8976],[8.3408,49.9034],[8.349,49.9022],[8.3536,49.9083],[8.3534,49.92],[8.3478,49.9302],[8.3298,49.9251],[8.3238,49.9156],[8.307,49.909]]]},"properties":{"id":"07339039","name":"Nackenheim","subdivision":"Mainz-Bingen","cx":8.335,"cy":49.913}},
{"type":"Feature","geometry":{"type":"Polygon","coordinates":[[[7.9953,49.9211],[8.0008,49.915],[8.0076,49.9124],[8.0271,49.916],[8.0418,49.9208],[8.0414,49.9237],[8.0522,49.9316],[8.0425,49.9341],[8.0367,49.9419],[8.0268,49.9389],[8.0178,49.9328],[8.0066,49.9305],[8.0024,49.9257],[7.9953,49.9211]]]},"properties":{"id":"07339001","name":"Appenheim","subdivision":"Mainz-Bingen","cx":8.025,"cy":49.926}},
{"type":"Feature","geometry":{"type":"Polygon","coordinates":[[[8.1015,49.9215],[8.0877,49.9231],[8.0854,49.9294],[8.0601,49.9284],[8.059,49.9312],[8.0565,49.93],[8.0598,49.9215],[8.0596,49.9117],[8.0802,49.9113],[8.1015,49.9215]]]},"properties":{"id":"07339008","name":"Bubenheim (Mainz-Bingen)","subdivision":"Mainz-Bingen","cx":8.075,"cy":49.92}},
{"type":"Feature","geometry":{"type":"Polygon","coordinates":[[[8.1048,49.9186],[8.1015,49.9215],[8.0802,49.9113],[8.0596,49.9117],[8.049,49.9062],[8.0445,49.8973],[8.0486,49.8929],[8.0594,49.8941],[8.0967,49.9057],[8.1156,49.9069],[8.1226,49.9101],[8.1184,49.9151],[8.1048,49.9186]]]},"properties":{"id":"07339016","name":"Engelstadt","subdivision":"Mainz-Bingen","cx":8.067,"cy":49.904}},
{"type":"Feature","geometry":{"type":"Polygon","coordinates":[[[7.9833,49.9558],[7.9947,49.9386],[7.985,49.9336],[7.9919,49.9237],[8.0024,49.9257],[8.0066,49.9305],[8.0178,49.9328],[8.0268,49.9389],[8.0367,49.9419],[8.0386,49.9486],[8.0313,49.9623],[8.0234,49.9724],[8.0104,49.9712],[7.993,49.9651],[7.9829,49.964],[7.9833,49.9558]]]},"properties":{"id":"07339019","name":"Gau-Algesheim","subdivision":"Mainz-Bingen","cx":8.009,"cy":49.95}},
{"type":"Feature","geometry":{"type":"Polygon","coordinates":[[[8.0076,49.9124],[8.0074,49.9071],[8.0169,49.9109],[8.0279,49.9116],[8.0309,49.9069],[8.0396,49.9081],[8.049,49.9062],[8.0596,49.9117],[8.0598,49.9215],[8.0565,49.93],[8.0522,49.9316],[8.0414,49.9237],[8.0418,49.9208],[8.0271,49.916],[8.0076,49.9124]]]},"properties":{"id":"07339041","name":"Nieder-Hilbersheim","subdivision":"Mainz-Bingen","cx":8.048,"cy":49.915}},
{"type":"Feature","geometry":{"type":"Polygon","coordinates":[[[8.049,49.9062],[8.0396,49.9081],[8.0309,49.9069],[8.0279,49.9116],[8.0169,49.9109],[8.0074,49.9071],[7.9937,49.9017],[7.9914,49.893],[8.0016,49.896],[8.0111,49.8936],[8.0225,49.8866],[8.0291,49.8863],[8.0428,49.8885],[8.0486,49.8929],[8.0445,49.8973],[8.049,49.9062]]]},"properties":{"id":"07339046","name":"Ober-Hilbersheim","subdivision":"Mainz-Bingen","cx":8.023,"cy":49.899}},
{"type":"Feature","geometry":{"type":"Polygon","coordinates":[[[7.985,49.9336],[7.9947,49.9386],[7.9833,49.9558],[7.952,49.9518],[7.961,49.9331],[7.9751,49.9301],[7.985,49.9336]]]},"properties":{"id":"07339048","name":"Ockenheim","subdivision":"Mainz-Bingen","cx":7.973,"cy":49.943}},
{"type":"Feature","geometry":{"type":"Polygon","coordinates":[[[8.1375,49.9465],[8.14,49.9528],[8.1375,49.9589],[8.119,49.9542],[8.1007,49.946],[8.0971,49.941],[8.0791,49.9323],[8.059,49.9312],[8.0601,49.9284],[8.0854,49.9294],[8.0877,49.9231],[8.1015,49.9215],[8.1048,49.9186],[8.1121,49.9267],[8.1315,49.9375],[8.1375,49.9465]]]},"properties":{"id":"07339051","name":"Schwabenheim an der Selz","subdivision":"Mainz-Bingen","cx":8.11,"cy":49.938}},
{"type":"Feature","geometry":{"type":"Polygon","coordinates":[[[8.1797,49.9175],[8.1702,49.9356],[8.158,49.9519],[8.1551,49.9646],[8.1486,49.9639],[8.1375,49.9589],[8.14,49.9528],[8.1375,49.9465],[8.141,49.9324],[8.1439,49.9299],[8.1415,49.913],[8.1654,49.9133],[8.1705,49.9157],[8.1797,49.9175]]]},"properties":{"id":"07339017","name":"Essenheim","subdivision":"Mainz-Bingen","cx":8.157,"cy":49.932}},
{"type":"Feature","geometry":{"type":"Polygon","coordinates":[[[8.1156,49.9069],[8.0967,49.9057],[8.0594,49.8941],[8.0486,49.8929],[8.0428,49.8885],[8.0504,49.8849],[8.0917,49.889],[8.1189,49.8994],[8.1156,49.9069]]]},"properties":{"id":"07339031","name":"Jugenheim in Rheinhessen","subdivision":"Mainz-Bingen","cx":8.084,"cy":49.895}},
{"type":"Feature","geometry":{"type":"Polygon","coordinates":[[[8.2349,49.9288],[8.245,49.9398],[8.2434,49.9474],[8.2271,49.948],[8.2237,49.9533],[8.2123,49.9561],[8.2129,49.9497],[8.2003,49.9421],[8.2079,49.9365],[8.2197,49.9339],[8.2209,49.9297],[8.2349,49.9288]]]},"properties":{"id":"07339032","name":"Klein-Winternheim","subdivision":"Mainz-Bingen","cx":8.226,"cy":49.94}},
{"type":"Feature","geometry":{"type":"Polygon","coordinates":[[[8.3154,49.8212],[8.3151,49.8084],[8.3127,49.8022],[8.3148,49.7939],[8.3118,49.7902],[8.3156,49.7842],[8.3338,49.7842],[8.3545,49.7818],[8.3676,49.7887],[8.3776,49.7995],[8.3873,49.8025],[8.3943,49.801],[8.4001,49.8037],[8.3846,49.8173],[8.3608,49.8116],[8.3413,49.8097],[8.3374,49.8117],[8.3362,49.8139],[8.3258,49.8209],[8.3154,49.8212]]]},"properties":{"id":"07339024","name":"Guntersblum","subdivision":"Mainz-Bingen","cx":8.348,"cy":49.797}},
{"type":"Feature","geometry":{"type":"Polygon","coordinates":[[[8.2043,49.868],[8.2032,49.8598],[8.2098,49.8608],[8.2129,49.8523],[8.2204,49.85],[8.2314,49.852],[8.236,49.8499],[8.2433,49.8545],[8.2486,49.8632],[8.237,49.8642],[8.2327,49.878],[8.2118,49.8738],[8.2043,49.868]]]},"properties":{"id":"07339025","name":"Hahnheim","subdivision":"Mainz-Bingen","cx":8.225,"cy":49.863}},
{"type":"Feature","geometry":{"type":"Polygon","coordinates":[[[8.2327,49.7889],[8.2337,49.7685],[8.2372,49.7698],[8.2543,49.7677],[8.2687,49.7763],[8.2679,49.7797],[8.2801,49.7854],[8.2742,49.7892],[8.2617,49.7859],[8.2606,49.7903],[8.245,49.7873],[8.2327,49.7889]]]},"properties":{"id":"07339028","name":"Hillesheim (Mainz-Bingen)","subdivision":"Mainz-Bingen","cx":8.252,"cy":49.779}},
{"type":"Feature","geometry":{"type":"Polygon","coordinates":[[[8.2799,49.8476],[8.2786,49.8525],[8.2693,49.8522],[8.2433,49.8545],[8.236,49.8499],[8.2379,49.843],[8.2487,49.8396],[8.2705,49.8416],[8.2699,49.8455],[8.2799,49.8476]]]},"properties":{"id":"07339033","name":"Köngernheim","subdivision":"Mainz-Bingen","cx":8.256,"cy":49.847}},
{"type":"Feature","geometry":{"type":"Polygon","coordinates":[[[8.2898,49.8451],[8.2885,49.8471],[8.3066,49.8517],[8.3202,49.857],[8.3324,49.8516],[8.3535,49.858],[8.3591,49.8642],[8.3465,49.8748],[8.3426,49.8886],[8.349,49.9022],[8.3408,49.9034],[8.3365,49.8976],[8.3309,49.8968],[8.3191,49.8897],[8.3077,49.8841],[8.2897,49.8785],[8.29,49.8692],[8.274,49.8657],[8.2786,49.8525],[8.2799,49.8476],[8.2827,49.844],[8.2898,49.8451]]]},"properties":{"id":"07339043","name":"Nierstein","subdivision":"Mainz-Bingen","cx":8.323,"cy":49.873}},
{"type":"Feature","geometry":{"type":"Polygon","coordinates":[[[8.3307,49.845],[8.3416,49.847],[8.3577,49.8445],[8.3693,49.8389],[8.3782,49.8325],[8.3854,49.8509],[8.38,49.859],[8.3703,49.8628],[8.3591,49.8642],[8.3535,49.858],[8.3324,49.8516],[8.3307,49.845]]]},"properties":{"id":"07339049","name":"Oppenheim","subdivision":"Mainz-Bingen","cx":8.365,"cy":49.852}},
{"type":"Feature","geometry":{"type":"Polygon","coordinates":[[[8.2327,49.878],[8.237,49.8642],[8.2486,49.8632],[8.2433,49.8545],[8.2693,49.8522],[8.2786,49.8525],[8.274,49.8657],[8.2624,49.8749],[8.2472,49.8815],[8.2374,49.8823],[8.2327,49.878]]]},"properties":{"id":"07339053","name":"Selzen","subdivision":"Mainz-Bingen","cx":8.258,"cy":49.866}},
{"type":"Feature","geometry":{"type":"MultiPolygon","coordinates":[[[[8.2788,49.8174],[8.2769,49.8128],[8.2683,49.8053],[8.2714,49.7974],[8.2762,49.7971],[8.2904,49.803],[8.297,49.8003],[8.3127,49.8022],[8.3151,49.8084],[8.3154,49.8212],[8.3146,49.826],[8.3111,49.8257],[8.2914,49.8197],[8.2788,49.8174]]],[[[8.3362,49.8139],[8.3374,49.8117],[8.3405,49.82],[8.3362,49.8139]]]]},"properties":{"id":"07339059","name":"Uelversheim","subdivision":"Mainz-Bingen","cx":8.297,"cy":49.811}},
{"type":"Feature","geometry":{"type":"Polygon","coordinates":[[[8.2487,49.8396],[8.2379,49.843],[8.236,49.8499],[8.2314,49.852],[8.2204,49.85],[8.2129,49.8523],[8.2035,49.846],[8.1893,49.8434],[8.1899,49.8385],[8.1953,49.8234],[8.1986,49.8216],[8.2282,49.8238],[8.2336,49.823],[8.2366,49.8278],[8.246,49.831],[8.2417,49.8372],[8.2487,49.8396]]]},"properties":{"id":"07339060","name":"Undenheim","subdivision":"Mainz-Bingen","cx":8.217,"cy":49.836}},
{"type":"Feature","geometry":{"type":"Polygon","coordinates":[[[8.2674,49.8286],[8.2656,49.8267],[8.2444,49.8216],[8.24,49.8279],[8.246,49.831],[8.2366,49.8278],[8.2336,49.823],[8.2311,49.8171],[8.2354,49.8133],[8.2444,49.8082],[8.2619,49.8044],[8.2683,49.8053],[8.2769,49.8128],[8.2788,49.8174],[8.2674,49.8286]]]},"properties":{"id":"07339064","name":"Weinolsheim","subdivision":"Mainz-Bingen","cx":8.258,"cy":49.815}},
{"type":"Feature","geometry":{"type":"Polygon","coordinates":[[[8.2801,49.7854],[8.2679,49.7797],[8.2687,49.7763],[8.276,49.7771],[8.2794,49.7721],[8.2958,49.7727],[8.3008,49.7708],[8.3095,49.7739],[8.3081,49.7792],[8.3124,49.7832],[8.288,49.7878],[8.2801,49.7854]]]},"properties":{"id":"07339066","name":"Wintersheim","subdivision":"Mainz-Bingen","cx":8.291,"cy":49.779}},
{"type":"Feature","geometry":{"type":"Polygon","coordinates":[[[8.3008,49.7708],[8.2958,49.7727],[8.2794,49.7721],[8.276,49.7771],[8.2687,49.7763],[8.2543,49.7677],[8.2605,49.7611],[8.2722,49.7596],[8.2822,49.7485],[8.2873,49.7491],[8.286,49.7529],[8.2962,49.7549],[8.2929,49.7617],[8.3008,49.7708]]]},"properties":{"id":"07339201","name":"Dorn-Dürkheim","subdivision":"Mainz-Bingen","cx":8.281,"cy":49.763}},
{"type":"Feature","geometry":{"type":"Polygon","coordinates":[[[7.9606,49.9132],[7.9807,49.8959],[7.9834,49.8901],[7.9861,49.8898],[7.9914,49.893],[7.9937,49.9017],[8.0074,49.9071],[8.0076,49.9124],[8.0008,49.915],[7.9953,49.9211],[7.9759,49.9149],[7.9621,49.9164],[7.9606,49.9132]]]},"properties":{"id":"07339002","name":"Aspisheim","subdivision":"Mainz-Bingen","cx":7.986,"cy":49.908}},
{"type":"Feature","geometry":{"type":"Polygon","coordinates":[[[7.9527,49.8419],[7.9602,49.8411],[7.9636,49.8331],[7.9728,49.8314],[7.9929,49.8344],[7.9967,49.8414],[7.9938,49.8444],[7.9871,49.8434],[7.9688,49.8541],[7.9545,49.8461],[7.9527,49.8419]]]},"properties":{"id":"07339004","name":"Badenheim","subdivision":"Mainz-Bingen","cx":7.974,"cy":49.841}},
{"type":"Feature","geometry":{"type":"Polygon","coordinates":[[[7.9348,49.8786],[7.9477,49.8806],[7.9526,49.8827],[7.9555,49.8966],[7.9528,49.913],[7.9447,49.9127],[7.9419,49.9099],[7.9273,49.9089],[7.9126,49.9038],[7.9191,49.8857],[7.9194,49.8818],[7.9348,49.8786]]]},"properties":{"id":"07339021","name":"Gensingen","subdivision":"Mainz-Bingen","cx":7.936,"cy":49.895}},
{"type":"Feature","geometry":{"type":"Polygon","coordinates":[[[7.9126,49.9038],[7.9273,49.9089],[7.9419,49.9099],[7.9447,49.9127],[7.9417,49.9209],[7.9236,49.9183],[7.9145,49.9203],[7.8987,49.9198],[7.9085,49.9129],[7.908,49.9075],[7.9126,49.9038]]]},"properties":{"id":"07339022","name":"Grolsheim","subdivision":"Mainz-Bingen","cx":7.918,"cy":49.913}},
{"type":"Feature","geometry":{"type":"Polygon","coordinates":[[[7.9528,49.913],[7.9555,49.8966],[7.9526,49.8827],[7.977,49.8874],[7.9834,49.8901],[7.9807,49.8959],[7.9606,49.9132],[7.9528,49.913]]]},"properties":{"id":"07339029","name":"Horrweiler","subdivision":"Mainz-Bingen","cx":7.965,"cy":49.897}},
{"type":"Feature","geometry":{"type":"Polygon","coordinates":[[[8.0282,49.8503],[8.0306,49.853],[8.0293,49.857],[8.0281,49.8644],[8.024,49.8701],[8.0358,49.876],[8.0358,49.8808],[8.0291,49.8863],[8.0225,49.8866],[8.0099,49.8833],[8.0063,49.8785],[8.0084,49.8739],[8.0063,49.8636],[8.02,49.8565],[8.0156,49.8523],[8.0282,49.8503]]]},"properties":{"id":"07339050","name":"Sankt Johann (Mainz-Bingen)","subdivision":"Mainz-Bingen","cx":8.016,"cy":49.871}},
{"type":"Feature","geometry":{"type":"Polygon","coordinates":[[[7.9688,49.8541],[7.9871,49.8434],[7.9938,49.8444],[8.0044,49.8452],[8.0156,49.8523],[8.02,49.8565],[8.0063,49.8636],[8.0084,49.8739],[8.0063,49.8785],[8.0099,49.8833],[8.0225,49.8866],[8.0111,49.8936],[8.0016,49.896],[7.9914,49.893],[7.9861,49.8898],[7.9879,49.8894],[7.9898,49.8805],[7.9842,49.8738],[7.9612,49.8626],[7.9688,49.8541]]]},"properties":{"id":"07339056","name":"Sprendlingen","subdivision":"Mainz-Bingen","cx":7.992,"cy":49.862}},
{"type":"Feature","geometry":{"type":"Polygon","coordinates":[[[7.9521,49.873],[7.9625,49.8789],[7.9671,49.8768],[7.98,49.8822],[7.9812,49.887],[7.9879,49.8894],[7.9861,49.8898],[7.9834,49.8901],[7.977,49.8874],[7.9526,49.8827],[7.9477,49.8806],[7.9521,49.873]]]},"properties":{"id":"07339065","name":"Welgesheim","subdivision":"Mainz-Bingen","cx":7.966,"cy":49.881}},
{"type":"Feature","geometry":{"type":"Polygon","coordinates":[[[7.9599,49.8639],[7.9612,49.8626],[7.9842,49.8738],[7.9898,49.8805],[7.9879,49.8894],[7.9812,49.887],[7.98,49.8822],[7.9671,49.8768],[7.9625,49.8789],[7.9521,49.873],[7.9599,49.8639]]]},"properties":{"id":"07339068","name":"Zotzenheim","subdivision":"Mainz-Bingen","cx":7.964,"cy":49.871}},
{"type":"Feature","geometry":{"type":"Polygon","coordinates":[[[8.0442,49.863],[8.0649,49.8713],[8.0582,49.8744],[8.0504,49.8849],[8.0428,49.8885],[8.0291,49.8863],[8.0358,49.8808],[8.0358,49.876],[8.024,49.8701],[8.0281,49.8644],[8.0293,49.857],[8.0442,49.863]]]},"properties":{"id":"07339202","name":"Wolfsheim","subdivision":"Mainz-Bingen","cx":8.044,"cy":49.873}},
{"type":"Feature","geometry":{"type":"Polygon","coordinates":[[[7.8914,49.0924],[7.8803,49.0935],[7.8715,49.0907],[7.866,49.0961],[7.8615,49.0871],[7.8635,49.0771],[7.8588,49.076],[7.8583,49.0689],[7.842,49.0737],[7.8362,49.0793],[7.8272,49.0754],[7.8167,49.0715],[7.8268,49.0692],[7.8275,49.0589],[7.8187,49.0545],[7.8259,49.0522],[7.8305,49.0473],[7.8363,49.0473],[7.8516,49.0423],[7.8547,49.0355],[7.8668,49.0329],[7.8745,49.0405],[7.8891,49.049],[7.9034,49.0449],[7.9107,49.0451],[7.9028,49.0567],[7.892,49.0529],[7.8804,49.0554],[7.8852,49.0641],[7.8942,49.0742],[7.895,49.0778],[7.8872,49.0812],[7.8856,49.0851],[7.8914,49.0924]]]},"properties":{"id":"07340001","name":"Bobenthal","subdivision":"Südwestpfalz","cx":7.865,"cy":49.056}},
{"type":"Feature","geometry":{"type":"Polygon","coordinates":[[[7.8625,49.1561],[7.862,49.1609],[7.8555,49.1623],[7.8392,49.1559],[7.8372,49.1526],[7.8274,49.1501],[7.8271,49.1413],[7.8374,49.1414],[7.8336,49.1355],[7.8224,49.1332],[7.8217,49.1246],[7.8257,49.1165],[7.84,49.114],[7.8505,49.1172],[7.8636,49.1162],[7.8607,49.1224],[7.8556,49.1253],[7.8533,49.1313],[7.8471,49.1365],[7.8541,49.1385],[7.8594,49.1468],[7.8574,49.1514],[7.8625,49.1561]]]},"properties":{"id":"07340002","name":"Busenberg","subdivision":"Südwestpfalz","cx":7.841,"cy":49.128}},
{"type":"Feature","geometry":{"type":"Polygon","coordinates":[[[7.7543,49.1097],[7.7532,49.113],[7.7634,49.1153],[7.7697,49.1209],[7.7724,49.1275],[7.788,49.1246],[7.8017,49.1271],[7.8022,49.1384],[7.8077,49.1443],[7.8001,49.1666],[7.7989,49.1738],[7.8042,49.1775],[7.8062,49.1874],[7.8005,49.1879],[7.7861,49.1805],[7.7597,49.1818],[7.7574,49.1777],[7.7451,49.1736],[7.7302,49.1646],[7.7225,49.1577],[7.7216,49.1526],[7.7113,49.1471],[7.7079,49.1399],[7.7104,49.1302],[7.7141,49.1264],[7.7185,49.1149],[7.7228,49.1117],[7.7309,49.1157],[7.744,49.1085],[7.7543,49.1097]]]},"properties":{"id":"07340004","name":"Dahn","subdivision":"Südwestpfalz","cx":7.759,"cy":49.149}},
{"type":"Feature","geometry":{"type":"Polygon","coordinates":[[[7.8555,49.1623],[7.8623,49.1681],[7.8481,49.1624],[7.8335,49.1734],[7.8251,49.1712],[7.8205,49.1778],[7.8042,49.1775],[7.7989,49.1738],[7.8001,49.1666],[7.8077,49.1443],[7.8191,49.1492],[7.8274,49.1501],[7.8372,49.1526],[7.8392,49.1559],[7.8555,49.1623]]]},"properties":{"id":"07340009","name":"Erfweiler","subdivision":"Südwestpfalz","cx":7.819,"cy":49.161}},
{"type":"Feature","geometry":{"type":"Polygon","coordinates":[[[7.9048,49.118],[7.8714,49.1142],[7.8636,49.1162],[7.8505,49.1172],[7.84,49.114],[7.8257,49.1165],[7.8389,49.1089],[7.8369,49.0995],[7.8433,49.1007],[7.863,49.0983],[7.866,49.0961],[7.8715,49.0907],[7.8803,49.0935],[7.8914,49.0924],[7.9024,49.0903],[7.9097,49.0911],[7.9127,49.1008],[7.9083,49.1076],[7.9114,49.115],[7.9048,49.118]]]},"properties":{"id":"07340010","name":"Erlenbach bei Dahn","subdivision":"Südwestpfalz","cx":7.885,"cy":49.104}},
{"type":"Feature","geometry":{"type":"Polygon","coordinates":[[[7.7104,49.1302],[7.7001,49.1273],[7.6954,49.1219],[7.6732,49.1201],[7.6638,49.1169],[7.6519,49.1235],[7.6569,49.1115],[7.6652,49.1088],[7.6744,49.1022],[7.6769,49.0911],[7.682,49.0798],[7.6615,49.0677],[7.6483,49.0513],[7.6734,49.0451],[7.6809,49.049],[7.6923,49.0489],[7.6959,49.0578],[7.7052,49.069],[7.7135,49.0719],[7.7156,49.0851],[7.7223,49.0861],[7.7297,49.0829],[7.7352,49.0842],[7.743,49.099],[7.7598,49.104],[7.7543,49.1097],[7.744,49.1085],[7.7309,49.1157],[7.7228,49.1117],[7.7185,49.1149],[7.7141,49.1264],[7.7104,49.1302]]]},"properties":{"id":"07340011","name":"Fischbach bei Dahn","subdivision":"Südwestpfalz","cx":7.698,"cy":49.095}},
{"type":"Feature","geometry":{"type":"Polygon","coordinates":[[[7.7744,49.0547],[7.7564,49.0565],[7.7523,49.052],[7.7414,49.0494],[7.7348,49.0441],[7.7407,49.0473],[7.7526,49.0477],[7.7567,49.0455],[7.7693,49.0476],[7.7744,49.0547]]]},"properties":{"id":"07340021","name":"Hirschthal","subdivision":"Südwestpfalz","cx":7.759,"cy":49.051}},
{"type":"Feature","geometry":{"type":"Polygon","coordinates":[[[7.6519,49.1235],[7.6442,49.1184],[7.6356,49.1142],[7.6259,49.1045],[7.6272,49.098],[7.6429,49.0883],[7.6253,49.083],[7.6141,49.0837],[7.606,49.0813],[7.6201,49.0741],[7.6308,49.0726],[7.6325,49.0638],[7.6312,49.0549],[7.6483,49.0513],[7.6615,49.0677],[7.682,49.0798],[7.6769,49.0911],[7.6744,49.1022],[7.6652,49.1088],[7.6569,49.1115],[7.6519,49.1235]]]},"properties":{"id":"07340029","name":"Ludwigswinkel","subdivision":"Südwestpfalz","cx":7.658,"cy":49.083}},
{"type":"Feature","geometry":{"type":"Polygon","coordinates":[[[7.5374,49.3391],[7.5315,49.3341],[7.5339,49.3298],[7.5518,49.3339],[7.5573,49.3292],[7.5772,49.3364],[7.5749,49.34],[7.5721,49.3451],[7.559,49.3526],[7.5374,49.3391]]]},"properties":{"id":"07340018","name":"Hettenhausen","subdivision":"Südwestpfalz","cx":7.558,"cy":49.341}},
{"type":"Feature","geometry":{"type":"Polygon","coordinates":[[[7.866,49.0961],[7.863,49.0983],[7.8433,49.1007],[7.8369,49.0995],[7.827,49.0939],[7.825,49.0843],[7.8272,49.0754],[7.8362,49.0793],[7.842,49.0737],[7.8583,49.0689],[7.8588,49.076],[7.8635,49.0771],[7.8615,49.0871],[7.866,49.0961]]]},"properties":{"id":"07340033","name":"Niederschlettenbach","subdivision":"Südwestpfalz","cx":7.846,"cy":49.087}},
{"type":"Feature","geometry":{"type":"Polygon","coordinates":[[[7.8167,49.0715],[7.8124,49.0751],[7.8021,49.0714],[7.7926,49.0729],[7.7872,49.0661],[7.7894,49.0616],[7.7839,49.0584],[7.7882,49.058],[7.7944,49.0657],[7.8105,49.0613],[7.8187,49.0545],[7.8275,49.0589],[7.8268,49.0692],[7.8167,49.0715]]]},"properties":{"id":"07340034","name":"Nothweiler","subdivision":"Südwestpfalz","cx":7.817,"cy":49.065}},
{"type":"Feature","geometry":{"type":"Polygon","coordinates":[[[7.7297,49.0829],[7.7406,49.0779],[7.7444,49.0717],[7.7669,49.0771],[7.7734,49.071],[7.7906,49.075],[7.7967,49.0845],[7.7925,49.0929],[7.8052,49.0969],[7.8069,49.0995],[7.8011,49.1067],[7.7859,49.1081],[7.7631,49.1027],[7.7598,49.104],[7.743,49.099],[7.7352,49.0842],[7.7297,49.0829]]]},"properties":{"id":"07340039","name":"Rumbach","subdivision":"Südwestpfalz","cx":7.773,"cy":49.09}},
{"type":"Feature","geometry":{"type":"Polygon","coordinates":[[[7.8274,49.1501],[7.8191,49.1492],[7.8077,49.1443],[7.8022,49.1384],[7.8017,49.1271],[7.8217,49.1246],[7.8224,49.1332],[7.8336,49.1355],[7.8374,49.1414],[7.8271,49.1413],[7.8274,49.1501]]]},"properties":{"id":"07340043","name":"Schindhard","subdivision":"Südwestpfalz","cx":7.815,"cy":49.138}},
{"type":"Feature","geometry":{"type":"Polygon","coordinates":[[[7.6959,49.0578],[7.7056,49.0561],[7.7082,49.0525],[7.7202,49.0516],[7.7314,49.0555],[7.7316,49.0469],[7.7348,49.0441],[7.7414,49.0494],[7.7523,49.052],[7.7564,49.0565],[7.7744,49.0547],[7.7839,49.0584],[7.7894,49.0616],[7.7872,49.0661],[7.7926,49.0729],[7.7906,49.075],[7.7734,49.071],[7.7669,49.0771],[7.7444,49.0717],[7.7406,49.0779],[7.7297,49.0829],[7.7223,49.0861],[7.7156,49.0851],[7.7135,49.0719],[7.7052,49.069],[7.6959,49.0578]]]},"properties":{"id":"07340045","name":"Schönau (Pfalz)","subdivision":"Südwestpfalz","cx":7.732,"cy":49.068}},
{"type":"Feature","geometry":{"type":"Polygon","coordinates":[[[7.8217,49.1246],[7.8017,49.1271],[7.788,49.1246],[7.7724,49.1275],[7.7697,49.1209],[7.7634,49.1153],[7.7532,49.113],[7.7543,49.1097],[7.7598,49.104],[7.7631,49.1027],[7.7859,49.1081],[7.8011,49.1067],[7.8257,49.1165],[7.8217,49.1246]]]},"properties":{"id":"07340501","name":"Bruchweiler-Bärenbach","subdivision":"Südwestpfalz","cx":7.792,"cy":49.116}},
{"type":"Feature","geometry":{"type":"Polygon","coordinates":[[[7.8272,49.0754],[7.825,49.0843],[7.827,49.0939],[7.8369,49.0995],[7.8389,49.1089],[7.8257,49.1165],[7.8011,49.1067],[7.8069,49.0995],[7.8052,49.0969],[7.7925,49.0929],[7.7967,49.0845],[7.7906,49.075],[7.7926,49.0729],[7.8021,49.0714],[7.8124,49.0751],[7.8167,49.0715],[7.8272,49.0754]]]},"properties":{"id":"07340502","name":"Bundenthal","subdivision":"Südwestpfalz","cx":7.815,"cy":49.092}},
{"type":"Feature","geometry":{"type":"Polygon","coordinates":[[[7.9,49.1555],[7.8933,49.1566],[7.8889,49.1619],[7.8845,49.1612],[7.872,49.1531],[7.8847,49.1462],[7.8875,49.1423],[7.897,49.1476],[7.9,49.1555]]]},"properties":{"id":"07340005","name":"Darstein","subdivision":"Südwestpfalz","cx":7.887,"cy":49.153}},
{"type":"Feature","geometry":{"type":"Polygon","coordinates":[[[7.9092,49.1684],[7.8974,49.1763],[7.8957,49.1707],[7.8889,49.1619],[7.8933,49.1566],[7.9,49.1555],[7.9111,49.1634],[7.9092,49.1684]]]},"properties":{"id":"07340006","name":"Dimbach","subdivision":"Südwestpfalz","cx":7.9,"cy":49.165}},
{"type":"Feature","geometry":{"type":"Polygon","coordinates":[[[7.6837,49.315],[7.6737,49.3159],[7.6648,49.3256],[7.6503,49.3172],[7.6558,49.3117],[7.667,49.3116],[7.6605,49.3044],[7.6759,49.3082],[7.6837,49.315]]]},"properties":{"id":"07340050","name":"Steinalben","subdivision":"Südwestpfalz","cx":7.665,"cy":49.317}},
{"type":"Feature","geometry":{"type":"Polygon","coordinates":[[[7.8042,49.1775],[7.8205,49.1778],[7.8251,49.1712],[7.8335,49.1734],[7.8481,49.1624],[7.8623,49.1681],[7.8657,49.1704],[7.8626,49.1771],[7.8727,49.1862],[7.8689,49.1902],[7.868,49.1985],[7.8474,49.1969],[7.8324,49.2002],[7.815,49.2002],[7.8145,49.2036],[7.8037,49.2084],[7.8031,49.2054],[7.8133,49.2004],[7.8102,49.1898],[7.8062,49.1874],[7.8042,49.1775]]]},"properties":{"id":"07340014","name":"Hauenstein","subdivision":"Südwestpfalz","cx":7.842,"cy":49.184}},
{"type":"Feature","geometry":{"type":"Polygon","coordinates":[[[7.8062,49.1874],[7.8102,49.1898],[7.8133,49.2004],[7.8031,49.2054],[7.8037,49.2084],[7.7898,49.2097],[7.7775,49.2078],[7.7692,49.2034],[7.751,49.2023],[7.7418,49.2037],[7.7381,49.1989],[7.7405,49.1931],[7.7316,49.1926],[7.7238,49.1857],[7.7194,49.1792],[7.7259,49.1732],[7.7302,49.1646],[7.7451,49.1736],[7.7574,49.1777],[7.7597,49.1818],[7.7861,49.1805],[7.8005,49.1879],[7.8062,49.1874]]]},"properties":{"id":"07340020","name":"Hinterweidenthal","subdivision":"Südwestpfalz","cx":7.777,"cy":49.194}},
{"type":"Feature","geometry":{"type":"Polygon","coordinates":[[[7.9167,49.1779],[7.9104,49.1807],[7.904,49.1899],[7.8881,49.1905],[7.8895,49.1874],[7.8815,49.182],[7.8913,49.1821],[7.8949,49.1787],[7.9061,49.1769],[7.9133,49.1716],[7.9167,49.1779]]]},"properties":{"id":"07340030","name":"Lug","subdivision":"Südwestpfalz","cx":7.9,"cy":49.183}},
{"type":"Feature","geometry":{"type":"Polygon","coordinates":[[[7.9133,49.1716],[7.9061,49.1769],[7.8949,49.1787],[7.8913,49.1821],[7.8815,49.182],[7.8727,49.1862],[7.8626,49.1771],[7.8657,49.1704],[7.8623,49.1681],[7.8555,49.1623],[7.862,49.1609],[7.8625,49.1561],[7.872,49.1531],[7.8845,49.1612],[7.8889,49.1619],[7.8957,49.1707],[7.8974,49.1763],[7.9092,49.1684],[7.9133,49.1716]]]},"properties":{"id":"07340047","name":"Schwanheim","subdivision":"Südwestpfalz","cx":7.879,"cy":49.171}},
{"type":"Feature","geometry":{"type":"MultiPolygon","coordinates":[[[[7.9005,49.211],[7.8959,49.2073],[7.8884,49.208],[7.8794,49.2018],[7.868,49.1985],[7.8689,49.1902],[7.8727,49.1862],[7.8815,49.182],[7.8895,49.1874],[7.8881,49.1905],[7.8893,49.1922],[7.9139,49.2008],[7.9148,49.2098],[7.9027,49.2085],[7.9005,49.211]]],[[[7.8324,49.2002],[7.8322,49.2084],[7.8284,49.2154],[7.818,49.2108],[7.8145,49.2036],[7.815,49.2002],[7.8324,49.2002]]]]},"properties":{"id":"07340049","name":"Spirkelbach","subdivision":"Südwestpfalz","cx":7.881,"cy":49.194}},
{"type":"Feature","geometry":{"type":"MultiPolygon","coordinates":[[[[7.8677,49.3133],[7.8606,49.3182],[7.8554,49.3287],[7.8453,49.3299],[7.832,49.3238],[7.8336,49.3213],[7.8441,49.3072],[7.8423,49.296],[7.8301,49.289],[7.8262,49.2837],[7.8275,49.2734],[7.8313,49.269],[7.8371,49.2723],[7.8485,49.274],[7.8561,49.2723],[7.8679,49.2776],[7.8721,49.2831],[7.8687,49.2848],[7.8676,49.2946],[7.8717,49.3036],[7.8641,49.3097],[7.8677,49.3133]]],[[[7.8826,49.2444],[7.8775,49.2497],[7.8526,49.2552],[7.8419,49.2553],[7.8286,49.2483],[7.8289,49.2458],[7.8217,49.2396],[7.8138,49.2375],[7.7957,49.2384],[7.7869,49.2357],[7.7677,49.2339],[7.7576,49.2243],[7.7587,49.2111],[7.751,49.2023],[7.7692,49.2034],[7.7775,49.2078],[7.7898,49.2097],[7.8037,49.2084],[7.8145,49.2036],[7.818,49.2108],[7.8284,49.2154],[7.8322,49.2084],[7.8324,49.2002],[7.8474,49.1969],[7.868,49.1985],[7.8794,49.2018],[7.8884,49.208],[7.8959,49.2073],[7.9005,49.211],[7.9075,49.2206],[7.9015,49.2327],[7.8923,49.2321],[7.882,49.2343],[7.8801,49.2312],[7.8692,49.2316],[7.8671,49.2394],[7.8744,49.24],[7.8826,49.2444]]]]},"properties":{"id":"07340057","name":"Wilgartswiesen","subdivision":"Südwestpfalz","cx":7.843,"cy":49.23}},
{"type":"Feature","geometry":{"type":"Polygon","coordinates":[[[7.5394,49.125],[7.5469,49.1264],[7.5571,49.125],[7.5717,49.1368],[7.5828,49.1338],[7.5835,49.1342],[7.5746,49.1411],[7.5747,49.1465],[7.5613,49.1506],[7.5529,49.1507],[7.5377,49.1473],[7.5295,49.1408],[7.526,49.1313],[7.5319,49.131],[7.5394,49.125]]]},"properties":{"id":"07340052","name":"Trulben","subdivision":"Südwestpfalz","cx":7.552,"cy":49.138}},
{"type":"Feature","geometry":{"type":"Polygon","coordinates":[[[7.6442,49.1184],[7.6243,49.119],[7.6163,49.1165],[7.6044,49.1222],[7.5995,49.1332],[7.5828,49.1338],[7.5717,49.1368],[7.5571,49.125],[7.5469,49.1264],[7.5394,49.125],[7.5432,49.1229],[7.5358,49.1129],[7.5354,49.1082],[7.5295,49.1021],[7.5287,49.0971],[7.5498,49.0858],[7.5636,49.0802],[7.5693,49.0797],[7.5994,49.0832],[7.606,49.0813],[7.6141,49.0837],[7.6253,49.083],[7.6429,49.0883],[7.6272,49.098],[7.6259,49.1045],[7.6356,49.1142],[7.6442,49.1184]]]},"properties":{"id":"07340008","name":"Eppenbrunn","subdivision":"Südwestpfalz","cx":7.583,"cy":49.105}},
{"type":"Feature","geometry":{"type":"Polygon","coordinates":[[[7.526,49.1313],[7.5189,49.1333],[7.5254,49.1183],[7.5239,49.1056],[7.5295,49.1021],[7.5354,49.1082],[7.5358,49.1129],[7.5432,49.1229],[7.5394,49.125],[7.5319,49.131],[7.526,49.1313]]]},"properties":{"id":"07340019","name":"Hilst","subdivision":"Südwestpfalz","cx":7.532,"cy":49.119}},
{"type":"Feature","geometry":{"type":"MultiPolygon","coordinates":[[[[7.5377,49.1473],[7.5366,49.1594],[7.5234,49.1592],[7.5211,49.1663],[7.5075,49.1735],[7.4938,49.1677],[7.4932,49.1606],[7.4975,49.1557],[7.5065,49.1547],[7.506,49.1506],[7.4977,49.1462],[7.508,49.1398],[7.5135,49.1388],[7.5189,49.1333],[7.526,49.1313],[7.5295,49.1408],[7.5377,49.1473]]],[[[7.4726,49.181],[7.4735,49.1747],[7.479,49.1717],[7.4907,49.1716],[7.4937,49.1762],[7.4816,49.1817],[7.4726,49.181]]]]},"properties":{"id":"07340026","name":"Kröppen","subdivision":"Südwestpfalz","cx":7.517,"cy":49.151}},
{"type":"Feature","geometry":{"type":"Polygon","coordinates":[[[7.5774,49.1413],[7.5835,49.1342],[7.5828,49.1338],[7.5995,49.1332],[7.6044,49.1222],[7.6163,49.1165],[7.6243,49.119],[7.6442,49.1184],[7.6519,49.1235],[7.6638,49.1169],[7.6732,49.1201],[7.6954,49.1219],[7.7001,49.1273],[7.7104,49.1302],[7.7079,49.1399],[7.7113,49.1471],[7.7216,49.1526],[7.7225,49.1577],[7.7302,49.1646],[7.7259,49.1732],[7.7194,49.1792],[7.7238,49.1857],[7.7,49.1863],[7.6988,49.1929],[7.6667,49.1865],[7.6666,49.19],[7.6544,49.1915],[7.6557,49.1866],[7.6325,49.178],[7.6415,49.1714],[7.6353,49.1626],[7.6128,49.1593],[7.609,49.163],[7.5896,49.1462],[7.5774,49.1413]]]},"properties":{"id":"07340028","name":"Lemberg","subdivision":"Südwestpfalz","cx":7.664,"cy":49.151}},
{"type":"Feature","geometry":{"type":"Polygon","coordinates":[[[7.5707,49.1664],[7.5849,49.1585],[7.5747,49.1465],[7.5746,49.1411],[7.5835,49.1342],[7.5774,49.1413],[7.5839,49.1552],[7.5909,49.1615],[7.5901,49.1736],[7.5792,49.1718],[7.5707,49.1664]]]},"properties":{"id":"07340036","name":"Obersimten","subdivision":"Südwestpfalz","cx":7.584,"cy":49.165}},
{"type":"Feature","geometry":{"type":"Polygon","coordinates":[[[7.7381,49.1989],[7.7295,49.2],[7.7132,49.1975],[7.7074,49.1951],[7.698,49.1972],[7.6972,49.2061],[7.689,49.2],[7.6666,49.19],[7.6667,49.1865],[7.6988,49.1929],[7.7,49.1863],[7.7238,49.1857],[7.7316,49.1926],[7.7405,49.1931],[7.7381,49.1989]]]},"properties":{"id":"07340040","name":"Ruppertsweiler","subdivision":"Südwestpfalz","cx":7.714,"cy":49.192}},
{"type":"Feature","geometry":{"type":"Polygon","coordinates":[[[7.5189,49.1333],[7.5135,49.1388],[7.508,49.1398],[7.4977,49.1462],[7.4896,49.1365],[7.4967,49.1354],[7.5055,49.1224],[7.5155,49.121],[7.5239,49.1056],[7.5254,49.1183],[7.5189,49.1333]]]},"properties":{"id":"07340048","name":"Schweix","subdivision":"Südwestpfalz","cx":7.51,"cy":49.13}},
{"type":"Feature","geometry":{"type":"Polygon","coordinates":[[[7.5304,49.1903],[7.5041,49.1755],[7.5075,49.1735],[7.5211,49.1663],[7.5234,49.1592],[7.5366,49.1594],[7.5377,49.1473],[7.5529,49.1507],[7.5613,49.1506],[7.5747,49.1465],[7.5849,49.1585],[7.5707,49.1664],[7.5638,49.1652],[7.5411,49.1814],[7.5304,49.1903]]]},"properties":{"id":"07340053","name":"Vinningen","subdivision":"Südwestpfalz","cx":7.548,"cy":49.163}},
{"type":"Feature","geometry":{"type":"Polygon","coordinates":[[[7.5149,49.2004],[7.5083,49.1967],[7.4948,49.2013],[7.4885,49.2014],[7.4859,49.1863],[7.4816,49.1817],[7.4937,49.1762],[7.5041,49.1755],[7.5304,49.1903],[7.5149,49.2004]]]},"properties":{"id":"07340205","name":"Bottenbach","subdivision":"Südwestpfalz","cx":7.503,"cy":49.187}},
{"type":"Feature","geometry":{"type":"Polygon","coordinates":[[[7.7419,49.2618],[7.7388,49.2704],[7.7283,49.273],[7.7285,49.2778],[7.7228,49.2752],[7.7129,49.2751],[7.6993,49.2711],[7.6895,49.2652],[7.6833,49.2604],[7.6727,49.2654],[7.6552,49.261],[7.6524,49.2539],[7.6581,49.2462],[7.6707,49.2452],[7.6718,49.2398],[7.6824,49.2442],[7.6849,49.2477],[7.6981,49.25],[7.7051,49.2489],[7.708,49.2567],[7.7288,49.258],[7.7379,49.2565],[7.7419,49.2618]]]},"properties":{"id":"07340003","name":"Clausen","subdivision":"Südwestpfalz","cx":7.697,"cy":49.259}},
{"type":"Feature","geometry":{"type":"Polygon","coordinates":[[[7.4796,49.2684],[7.4847,49.2616],[7.4857,49.2456],[7.4842,49.2415],[7.5034,49.2409],[7.508,49.2355],[7.5282,49.2319],[7.5322,49.2365],[7.5424,49.24],[7.5381,49.2443],[7.5272,49.2458],[7.5233,49.249],[7.5261,49.2551],[7.5169,49.2596],[7.5148,49.2632],[7.4949,49.2683],[7.4915,49.2714],[7.4796,49.2684]]]},"properties":{"id":"07340222","name":"Rieschweiler-Mühlbach","subdivision":"Südwestpfalz","cx":7.508,"cy":49.252}},
{"type":"Feature","geometry":{"type":"Polygon","coordinates":[[[7.6895,49.2652],[7.677,49.2712],[7.6694,49.2696],[7.6523,49.2729],[7.6392,49.2724],[7.6301,49.275],[7.6175,49.2711],[7.6091,49.2661],[7.6046,49.2592],[7.6072,49.2544],[7.6278,49.253],[7.6445,49.2568],[7.6524,49.2539],[7.6552,49.261],[7.6727,49.2654],[7.6833,49.2604],[7.6895,49.2652]]]},"properties":{"id":"07340007","name":"Donsieders","subdivision":"Südwestpfalz","cx":7.634,"cy":49.264}},
{"type":"Feature","geometry":{"type":"Polygon","coordinates":[[[7.7987,49.3068],[7.7919,49.2934],[7.7867,49.2918],[7.7676,49.2963],[7.7608,49.2946],[7.7485,49.2851],[7.7285,49.2778],[7.7283,49.273],[7.7388,49.2704],[7.7419,49.2618],[7.7464,49.259],[7.7632,49.2561],[7.7754,49.2606],[7.7844,49.2664],[7.7949,49.2652],[7.8149,49.2732],[7.8275,49.2734],[7.8262,49.2837],[7.8301,49.289],[7.8423,49.296],[7.8441,49.3072],[7.8336,49.3213],[7.8279,49.3176],[7.8115,49.3182],[7.7987,49.3068]]]},"properties":{"id":"07340027","name":"Leimen","subdivision":"Südwestpfalz","cx":7.807,"cy":49.288}},
{"type":"Feature","geometry":{"type":"Polygon","coordinates":[[[7.8313,49.269],[7.8275,49.2734],[7.8149,49.2732],[7.7949,49.2652],[7.7844,49.2664],[7.7754,49.2606],[7.7632,49.2561],[7.7464,49.259],[7.7419,49.2618],[7.7379,49.2565],[7.7288,49.258],[7.708,49.2567],[7.7051,49.2489],[7.6981,49.25],[7.6849,49.2477],[7.6926,49.2479],[7.6916,49.2412],[7.7051,49.2338],[7.7173,49.2339],[7.724,49.2276],[7.735,49.2307],[7.7502,49.2243],[7.7576,49.2243],[7.7677,49.2339],[7.7869,49.2357],[7.7957,49.2384],[7.8138,49.2375],[7.8217,49.2396],[7.8289,49.2458],[7.8244,49.2494],[7.8295,49.2526],[7.8283,49.2662],[7.8313,49.269]]]},"properties":{"id":"07340031","name":"Merzalben","subdivision":"Südwestpfalz","cx":7.755,"cy":49.242}},
{"type":"Feature","geometry":{"type":"Polygon","coordinates":[[[7.7265,49.3453],[7.724,49.3434],[7.7049,49.3413],[7.6981,49.3376],[7.7197,49.3253],[7.7243,49.3254],[7.7432,49.3205],[7.7599,49.3135],[7.7678,49.3144],[7.7648,49.3213],[7.7666,49.3315],[7.765,49.3404],[7.7593,49.345],[7.7435,49.3425],[7.7265,49.3453]]]},"properties":{"id":"07340044","name":"Schmalenberg","subdivision":"Südwestpfalz","cx":7.748,"cy":49.331}},
{"type":"Feature","geometry":{"type":"Polygon","coordinates":[[[7.6544,49.1915],[7.6666,49.19],[7.689,49.2],[7.6972,49.2061],[7.698,49.1972],[7.7074,49.1951],[7.7132,49.1975],[7.7295,49.2],[7.7381,49.1989],[7.7418,49.2037],[7.751,49.2023],[7.7587,49.2111],[7.7576,49.2243],[7.7502,49.2243],[7.735,49.2307],[7.724,49.2276],[7.7173,49.2339],[7.7051,49.2338],[7.6916,49.2412],[7.6926,49.2479],[7.6849,49.2477],[7.6824,49.2442],[7.6718,49.2398],[7.67,49.2349],[7.6734,49.2286],[7.6633,49.2153],[7.6573,49.2125],[7.6653,49.2077],[7.654,49.1957],[7.6544,49.1915]]]},"properties":{"id":"07340032","name":"Münchweiler an der Rodalb","subdivision":"Südwestpfalz","cx":7.708,"cy":49.218}},
{"type":"Feature","geometry":{"type":"Polygon","coordinates":[[[7.598,49.2333],[7.6002,49.2264],[7.6134,49.2263],[7.6155,49.218],[7.6278,49.2218],[7.6507,49.2237],[7.6528,49.2287],[7.6734,49.2286],[7.67,49.2349],[7.6718,49.2398],[7.6707,49.2452],[7.6581,49.2462],[7.6524,49.2539],[7.6445,49.2568],[7.6278,49.253],[7.6072,49.2544],[7.6035,49.2531],[7.5965,49.2403],[7.598,49.2333]]]},"properties":{"id":"07340038","name":"Rodalben","subdivision":"Südwestpfalz","cx":7.632,"cy":49.238}},
{"type":"Feature","geometry":{"type":"Polygon","coordinates":[[[7.6696,49.3324],[7.6648,49.3256],[7.6737,49.3159],[7.6837,49.315],[7.6844,49.3157],[7.6994,49.322],[7.7158,49.3211],[7.7243,49.3254],[7.7197,49.3253],[7.6981,49.3376],[7.681,49.3379],[7.6696,49.3324]]]},"properties":{"id":"07340012","name":"Geiselberg","subdivision":"Südwestpfalz","cx":7.688,"cy":49.328}},
{"type":"Feature","geometry":{"type":"Polygon","coordinates":[[[7.7678,49.3144],[7.7599,49.3135],[7.7432,49.3205],[7.7243,49.3254],[7.7158,49.3211],[7.6994,49.322],[7.6844,49.3157],[7.6843,49.3092],[7.6774,49.3025],[7.6977,49.2991],[7.701,49.2927],[7.6944,49.2745],[7.6993,49.2711],[7.7129,49.2751],[7.7228,49.2752],[7.7285,49.2778],[7.7485,49.2851],[7.7608,49.2946],[7.7676,49.2963],[7.7867,49.2918],[7.7919,49.2934],[7.7987,49.3068],[7.7914,49.3077],[7.788,49.3123],[7.7784,49.312],[7.7678,49.3144]]]},"properties":{"id":"07340015","name":"Heltersberg","subdivision":"Südwestpfalz","cx":7.732,"cy":49.301}},
{"type":"Feature","geometry":{"type":"Polygon","coordinates":[[[7.6503,49.3172],[7.6457,49.3239],[7.6461,49.3304],[7.6322,49.332],[7.6189,49.3307],[7.6054,49.3239],[7.6036,49.3174],[7.5911,49.3068],[7.5945,49.3004],[7.6027,49.3016],[7.6091,49.3072],[7.6269,49.3075],[7.6373,49.3007],[7.6409,49.2915],[7.6466,49.2899],[7.6555,49.2921],[7.6643,49.2975],[7.6605,49.3044],[7.667,49.3116],[7.6558,49.3117],[7.6503,49.3172]]]},"properties":{"id":"07340016","name":"Hermersberg","subdivision":"Südwestpfalz","cx":7.634,"cy":49.317}},
{"type":"Feature","geometry":{"type":"Polygon","coordinates":[[[7.6175,49.2711],[7.6218,49.279],[7.6192,49.2905],[7.6334,49.3004],[7.6373,49.3007],[7.6269,49.3075],[7.6091,49.3072],[7.6027,49.3016],[7.5945,49.3004],[7.5851,49.2949],[7.5753,49.2911],[7.5741,49.2822],[7.5692,49.2775],[7.5757,49.2823],[7.5857,49.2822],[7.5929,49.2745],[7.6091,49.2661],[7.6175,49.2711]]]},"properties":{"id":"07340022","name":"Höheinöd","subdivision":"Südwestpfalz","cx":7.605,"cy":49.288}},
{"type":"Feature","geometry":{"type":"Polygon","coordinates":[[[7.6278,49.3421],[7.6322,49.332],[7.6461,49.3304],[7.6457,49.3239],[7.6503,49.3172],[7.6648,49.3256],[7.6696,49.3324],[7.6689,49.3419],[7.6412,49.3432],[7.6278,49.3421]]]},"properties":{"id":"07340025","name":"Horbach (Südwestpfalz)","subdivision":"Südwestpfalz","cx":7.655,"cy":49.333}},
{"type":"Feature","geometry":{"type":"Polygon","coordinates":[[[7.5623,49.2381],[7.5455,49.2358],[7.5424,49.24],[7.5322,49.2365],[7.5282,49.2319],[7.5251,49.2292],[7.5327,49.2239],[7.5402,49.2228],[7.5409,49.2172],[7.5546,49.2202],[7.5708,49.2347],[7.5623,49.2381]]]},"properties":{"id":"07340023","name":"Höheischweiler","subdivision":"Südwestpfalz","cx":7.547,"cy":49.228}},
{"type":"Feature","geometry":{"type":"Polygon","coordinates":[[[7.6605,49.3044],[7.6643,49.2975],[7.6555,49.2921],[7.6466,49.2899],[7.6409,49.2915],[7.6373,49.3007],[7.6334,49.3004],[7.6192,49.2905],[7.6218,49.279],[7.6175,49.2711],[7.6301,49.275],[7.6392,49.2724],[7.6523,49.2729],[7.6694,49.2696],[7.677,49.2712],[7.6895,49.2652],[7.6993,49.2711],[7.6944,49.2745],[7.701,49.2927],[7.6977,49.2991],[7.6774,49.3025],[7.6843,49.3092],[7.6844,49.3157],[7.6837,49.315],[7.6759,49.3082],[7.6605,49.3044]]]},"properties":{"id":"07340054","name":"Waldfischbach-Burgalben","subdivision":"Südwestpfalz","cx":7.669,"cy":49.284}},
{"type":"Feature","geometry":{"type":"Polygon","coordinates":[[[7.3467,49.2028],[7.3702,49.1995],[7.3741,49.1938],[7.3856,49.195],[7.3902,49.2002],[7.3973,49.1999],[7.3977,49.2007],[7.3936,49.2036],[7.3974,49.2084],[7.399,49.2146],[7.3885,49.2141],[7.3799,49.2104],[7.3669,49.2101],[7.3622,49.2183],[7.3574,49.2159],[7.3518,49.2061],[7.3467,49.2028]]]},"properties":{"id":"07340201","name":"Althornbach","subdivision":"Südwestpfalz","cx":7.377,"cy":49.203}},
{"type":"Feature","geometry":{"type":"Polygon","coordinates":[[[7.4483,49.2691],[7.4565,49.2668],[7.4626,49.2745],[7.4698,49.2753],[7.48,49.2831],[7.4782,49.2917],[7.4867,49.2946],[7.4777,49.2951],[7.4595,49.2864],[7.4412,49.2849],[7.4385,49.2885],[7.429,49.2823],[7.428,49.2802],[7.4422,49.2755],[7.4483,49.2691]]]},"properties":{"id":"07340202","name":"Battweiler","subdivision":"Südwestpfalz","cx":7.455,"cy":49.278}},
{"type":"Feature","geometry":{"type":"Polygon","coordinates":[[[7.4021,49.3677],[7.3934,49.3635],[7.4026,49.3562],[7.3939,49.3541],[7.4038,49.3461],[7.4,49.3367],[7.4089,49.3396],[7.4188,49.3381],[7.4246,49.3338],[7.4312,49.3391],[7.4299,49.3466],[7.4379,49.3538],[7.4236,49.3598],[7.4171,49.3588],[7.409,49.3635],[7.4021,49.3677]]]},"properties":{"id":"07340203","name":"Bechhofen","subdivision":"Südwestpfalz","cx":7.415,"cy":49.35}},
{"type":"Feature","geometry":{"type":"Polygon","coordinates":[[[7.399,49.2146],[7.3974,49.2084],[7.401,49.205],[7.4087,49.2088],[7.4252,49.2128],[7.429,49.2183],[7.436,49.2174],[7.4479,49.2196],[7.4585,49.2225],[7.461,49.2347],[7.4686,49.2436],[7.4773,49.2505],[7.4741,49.2601],[7.4847,49.2616],[7.4796,49.2684],[7.4698,49.2753],[7.4626,49.2745],[7.4565,49.2668],[7.4483,49.2691],[7.437,49.2702],[7.4215,49.2631],[7.4135,49.255],[7.4109,49.2479],[7.4047,49.2462],[7.4019,49.2342],[7.4174,49.2279],[7.4249,49.2285],[7.4237,49.2188],[7.4101,49.2207],[7.399,49.2146]]]},"properties":{"id":"07340206","name":"Contwig","subdivision":"Südwestpfalz","cx":7.44,"cy":49.244}},
{"type":"Feature","geometry":{"type":"Polygon","coordinates":[[[7.4847,49.2616],[7.4741,49.2601],[7.4773,49.2505],[7.4686,49.2436],[7.461,49.2347],[7.4585,49.2225],[7.4711,49.2208],[7.4814,49.2219],[7.4886,49.2259],[7.4948,49.2339],[7.508,49.2355],[7.5034,49.2409],[7.4842,49.2415],[7.4857,49.2456],[7.4847,49.2616]]]},"properties":{"id":"07340207","name":"Dellfeld","subdivision":"Südwestpfalz","cx":7.476,"cy":49.234}},
{"type":"Feature","geometry":{"type":"Polygon","coordinates":[[[7.3973,49.1999],[7.41,49.1892],[7.4107,49.1793],[7.4456,49.1842],[7.4468,49.1855],[7.4433,49.1902],[7.4359,49.1895],[7.4321,49.1933],[7.4348,49.2041],[7.4471,49.2084],[7.4435,49.2141],[7.4479,49.2196],[7.436,49.2174],[7.429,49.2183],[7.4252,49.2128],[7.4087,49.2088],[7.401,49.205],[7.3977,49.2007],[7.3973,49.1999]]]},"properties":{"id":"07340208","name":"Dietrichingen","subdivision":"Südwestpfalz","cx":7.421,"cy":49.199}},
{"type":"Feature","geometry":{"type":"Polygon","coordinates":[[[7.429,49.2823],[7.4385,49.2885],[7.4413,49.2927],[7.4417,49.2971],[7.4354,49.3028],[7.4316,49.3099],[7.4385,49.3151],[7.438,49.3213],[7.4247,49.3183],[7.4137,49.3097],[7.4081,49.3099],[7.4107,49.3026],[7.4063,49.2905],[7.411,49.285],[7.4186,49.2881],[7.429,49.2823]]]},"properties":{"id":"07340209","name":"Großbundenbach","subdivision":"Südwestpfalz","cx":7.424,"cy":49.3}},
{"type":"Feature","geometry":{"type":"Polygon","coordinates":[[[7.4468,49.1855],[7.4544,49.1809],[7.4726,49.181],[7.467,49.1853],[7.4751,49.19],[7.4604,49.1974],[7.4485,49.2006],[7.4511,49.2075],[7.4471,49.2084],[7.4348,49.2041],[7.4321,49.1933],[7.4359,49.1895],[7.4433,49.1902],[7.4468,49.1855]]]},"properties":{"id":"07340210","name":"Großsteinhausen","subdivision":"Südwestpfalz","cx":7.452,"cy":49.192}},
{"type":"Feature","geometry":{"type":"Polygon","coordinates":[[[7.3203,49.1895],[7.3385,49.1844],[7.3359,49.1759],[7.3431,49.173],[7.3501,49.1628],[7.3541,49.1611],[7.3665,49.1619],[7.3651,49.1718],[7.3808,49.175],[7.3792,49.1851],[7.387,49.1909],[7.3856,49.195],[7.3741,49.1938],[7.3702,49.1995],[7.3467,49.2028],[7.3327,49.2055],[7.3203,49.1895]]]},"properties":{"id":"07340211","name":"Hornbach","subdivision":"Südwestpfalz","cx":7.354,"cy":49.185}},
{"type":"Feature","geometry":{"type":"Polygon","coordinates":[[[7.4081,49.3099],[7.4137,49.3097],[7.4247,49.3183],[7.438,49.3213],[7.451,49.3249],[7.4501,49.3293],[7.435,49.3341],[7.4246,49.3338],[7.4188,49.3381],[7.4089,49.3396],[7.4,49.3367],[7.3928,49.3283],[7.384,49.3218],[7.3924,49.3207],[7.3945,49.3164],[7.3985,49.3134],[7.406,49.3162],[7.4081,49.3099]]]},"properties":{"id":"07340212","name":"Käshofen","subdivision":"Südwestpfalz","cx":7.416,"cy":49.326}},
{"type":"Feature","geometry":{"type":"Polygon","coordinates":[[[7.4413,49.2927],[7.4598,49.3009],[7.4574,49.3141],[7.451,49.3249],[7.438,49.3213],[7.4385,49.3151],[7.4316,49.3099],[7.4354,49.3028],[7.4417,49.2971],[7.4413,49.2927]]]},"properties":{"id":"07340213","name":"Kleinbundenbach","subdivision":"Südwestpfalz","cx":7.447,"cy":49.309}},
{"type":"Feature","geometry":{"type":"Polygon","coordinates":[[[7.4816,49.1817],[7.4859,49.1863],[7.4885,49.2014],[7.4926,49.2082],[7.4842,49.2062],[7.4733,49.2093],[7.4511,49.2075],[7.4485,49.2006],[7.4604,49.1974],[7.4751,49.19],[7.467,49.1853],[7.4726,49.181],[7.4816,49.1817]]]},"properties":{"id":"07340214","name":"Kleinsteinhausen","subdivision":"Südwestpfalz","cx":7.474,"cy":49.2}},
{"type":"Feature","geometry":{"type":"MultiPolygon","coordinates":[[[[7.3977,49.2007],[7.401,49.205],[7.3974,49.2084],[7.3936,49.2036],[7.3977,49.2007]]],[[[7.3856,49.195],[7.387,49.1909],[7.3792,49.1851],[7.3808,49.175],[7.4107,49.1793],[7.41,49.1892],[7.3973,49.1999],[7.3902,49.2002],[7.3856,49.195]]]]},"properties":{"id":"07340218","name":"Mauschbach","subdivision":"Südwestpfalz","cx":7.395,"cy":49.187}},
{"type":"Feature","geometry":{"type":"Polygon","coordinates":[[[7.5075,49.1735],[7.5041,49.1755],[7.4937,49.1762],[7.4907,49.1716],[7.479,49.1717],[7.4735,49.1747],[7.4726,49.181],[7.4544,49.1809],[7.4468,49.1855],[7.4456,49.1842],[7.4359,49.1797],[7.441,49.1743],[7.437,49.1643],[7.4482,49.1688],[7.4577,49.163],[7.4673,49.1673],[7.4823,49.1697],[7.4938,49.1677],[7.5075,49.1735]]]},"properties":{"id":"07340221","name":"Riedelberg","subdivision":"Südwestpfalz","cx":7.462,"cy":49.173}},
{"type":"Feature","geometry":{"type":"Polygon","coordinates":[[[7.4379,49.3538],[7.4299,49.3466],[7.4312,49.3391],[7.4246,49.3338],[7.435,49.3341],[7.445,49.333],[7.443,49.3431],[7.4526,49.3509],[7.4436,49.3538],[7.4379,49.3538]]]},"properties":{"id":"07340223","name":"Rosenkopf","subdivision":"Südwestpfalz","cx":7.437,"cy":49.344}},
{"type":"Feature","geometry":{"type":"Polygon","coordinates":[[[7.4479,49.2196],[7.4435,49.2141],[7.4471,49.2084],[7.4511,49.2075],[7.4733,49.2093],[7.4842,49.2062],[7.4926,49.2082],[7.4951,49.2141],[7.4814,49.2219],[7.4711,49.2208],[7.4585,49.2225],[7.4479,49.2196]]]},"properties":{"id":"07340226","name":"Walshausen","subdivision":"Südwestpfalz","cx":7.465,"cy":49.215}},
{"type":"Feature","geometry":{"type":"Polygon","coordinates":[[[7.4526,49.3509],[7.443,49.3431],[7.445,49.333],[7.435,49.3341],[7.4501,49.3293],[7.4684,49.3365],[7.4778,49.3375],[7.478,49.3412],[7.4641,49.3477],[7.4526,49.3509]]]},"properties":{"id":"07340227","name":"Wiesbach","subdivision":"Südwestpfalz","cx":7.457,"cy":49.341}},
{"type":"Feature","geometry":{"type":"Polygon","coordinates":[[[7.5851,49.2949],[7.5742,49.2944],[7.5709,49.3021],[7.5664,49.3056],[7.5625,49.314],[7.5448,49.3177],[7.5339,49.3168],[7.5248,49.312],[7.5296,49.3069],[7.5276,49.2983],[7.5342,49.2931],[7.5375,49.2853],[7.5471,49.28],[7.5545,49.2735],[7.5692,49.2775],[7.5741,49.2822],[7.5753,49.2911],[7.5851,49.2949]]]},"properties":{"id":"07340017","name":"Herschberg","subdivision":"Südwestpfalz","cx":7.552,"cy":49.297}},
{"type":"Feature","geometry":{"type":"Polygon","coordinates":[[[7.5767,49.2438],[7.5685,49.254],[7.5461,49.2534],[7.5339,49.2501],[7.5272,49.2458],[7.5381,49.2443],[7.5424,49.24],[7.5455,49.2358],[7.5623,49.2381],[7.5637,49.2406],[7.5767,49.2438]]]},"properties":{"id":"07340024","name":"Höhfröschen","subdivision":"Südwestpfalz","cx":7.554,"cy":49.246}},
{"type":"Feature","geometry":{"type":"Polygon","coordinates":[[[7.5409,49.2172],[7.5402,49.2228],[7.5327,49.2239],[7.5251,49.2292],[7.5282,49.2319],[7.508,49.2355],[7.4948,49.2339],[7.4886,49.2259],[7.4814,49.2219],[7.4951,49.2141],[7.4926,49.2082],[7.4885,49.2014],[7.4948,49.2013],[7.5083,49.1967],[7.5149,49.2004],[7.5187,49.2029],[7.52,49.2112],[7.5354,49.217],[7.5409,49.2172]]]},"properties":{"id":"07340035","name":"Nünschweiler","subdivision":"Südwestpfalz","cx":7.509,"cy":49.218}},
{"type":"Feature","geometry":{"type":"Polygon","coordinates":[[[7.5339,49.3298],[7.5316,49.3243],[7.5339,49.3168],[7.5448,49.3177],[7.5625,49.314],[7.5741,49.3233],[7.5772,49.3364],[7.5573,49.3292],[7.5518,49.3339],[7.5339,49.3298]]]},"properties":{"id":"07340041","name":"Saalstadt","subdivision":"Südwestpfalz","cx":7.552,"cy":49.324}},
{"type":"Feature","geometry":{"type":"Polygon","coordinates":[[[7.5911,49.3068],[7.5872,49.3081],[7.5815,49.3172],[7.5741,49.3233],[7.5625,49.314],[7.5664,49.3056],[7.5709,49.3021],[7.5742,49.2944],[7.5851,49.2949],[7.5945,49.3004],[7.5911,49.3068]]]},"properties":{"id":"07340042","name":"Schauerberg","subdivision":"Südwestpfalz","cx":7.578,"cy":49.307}},
{"type":"Feature","geometry":{"type":"Polygon","coordinates":[[[7.6035,49.2531],[7.6072,49.2544],[7.6046,49.2592],[7.6091,49.2661],[7.5929,49.2745],[7.5857,49.2822],[7.5757,49.2823],[7.5692,49.2775],[7.5545,49.2735],[7.544,49.2622],[7.5538,49.2575],[7.5425,49.2555],[7.5339,49.2501],[7.5461,49.2534],[7.5685,49.254],[7.5767,49.2438],[7.5967,49.2483],[7.6035,49.2531]]]},"properties":{"id":"07340051","name":"Thaleischweiler-Fröschen","subdivision":"Südwestpfalz","cx":7.579,"cy":49.264}},
{"type":"Feature","geometry":{"type":"Polygon","coordinates":[[[7.6287,49.359],[7.6241,49.3609],[7.6116,49.3602],[7.6076,49.3642],[7.5932,49.3543],[7.5851,49.344],[7.5749,49.34],[7.5772,49.3364],[7.5741,49.3233],[7.5815,49.3172],[7.5872,49.3081],[7.5911,49.3068],[7.6036,49.3174],[7.6054,49.3239],[7.6189,49.3307],[7.6322,49.332],[7.6278,49.3421],[7.6229,49.3456],[7.6287,49.359]]]},"properties":{"id":"07340055","name":"Weselberg","subdivision":"Südwestpfalz","cx":7.601,"cy":49.338}},
{"type":"Feature","geometry":{"type":"Polygon","coordinates":[[[7.494,49.3296],[7.4746,49.3208],[7.4793,49.3192],[7.4827,49.3067],[7.4876,49.3033],[7.4932,49.3054],[7.5049,49.3111],[7.5002,49.318],[7.5031,49.3217],[7.494,49.3296]]]},"properties":{"id":"07340204","name":"Biedershausen","subdivision":"Südwestpfalz","cx":7.491,"cy":49.316}},
{"type":"Feature","geometry":{"type":"Polygon","coordinates":[[[7.5029,49.356],[7.4923,49.3516],[7.495,49.3488],[7.486,49.3429],[7.4863,49.3401],[7.4949,49.3311],[7.5143,49.3288],[7.5203,49.3245],[7.5315,49.3341],[7.5374,49.3391],[7.5289,49.3423],[7.5209,49.3374],[7.5176,49.3451],[7.5056,49.3517],[7.5029,49.356]]]},"properties":{"id":"07340215","name":"Knopp-Labach","subdivision":"Südwestpfalz","cx":7.508,"cy":49.339}},
{"type":"Feature","geometry":{"type":"Polygon","coordinates":[[[7.478,49.3412],[7.4778,49.3375],[7.4684,49.3365],[7.4501,49.3293],[7.451,49.3249],[7.4574,49.3141],[7.4642,49.3152],[7.4746,49.3208],[7.494,49.3296],[7.4949,49.3311],[7.4863,49.3401],[7.478,49.3412]]]},"properties":{"id":"07340216","name":"Krähenberg","subdivision":"Südwestpfalz","cx":7.471,"cy":49.328}},
{"type":"Feature","geometry":{"type":"Polygon","coordinates":[[[7.5272,49.2458],[7.5339,49.2501],[7.5425,49.2555],[7.5538,49.2575],[7.544,49.2622],[7.5545,49.2735],[7.5471,49.28],[7.5375,49.2853],[7.5342,49.2931],[7.5242,49.2905],[7.5126,49.2796],[7.5153,49.2751],[7.4915,49.2714],[7.4949,49.2683],[7.5148,49.2632],[7.5169,49.2596],[7.5261,49.2551],[7.5233,49.249],[7.5272,49.2458]]]},"properties":{"id":"07340217","name":"Maßweiler","subdivision":"Südwestpfalz","cx":7.529,"cy":49.27}},
{"type":"Feature","geometry":{"type":"Polygon","coordinates":[[[7.559,49.3526],[7.5721,49.3451],[7.5749,49.34],[7.5851,49.344],[7.5932,49.3543],[7.6076,49.3642],[7.61,49.3711],[7.6033,49.3758],[7.6014,49.3763],[7.596,49.3734],[7.5886,49.3753],[7.5724,49.3722],[7.5703,49.3694],[7.5628,49.3617],[7.5597,49.3545],[7.559,49.3526]]]},"properties":{"id":"07340219","name":"Obernheim-Kirchenarnbach","subdivision":"Südwestpfalz","cx":7.583,"cy":49.361}},
{"type":"Feature","geometry":{"type":"Polygon","coordinates":[[[7.4915,49.2714],[7.5153,49.2751],[7.5126,49.2796],[7.5242,49.2905],[7.517,49.2933],[7.5096,49.2996],[7.5023,49.2946],[7.4935,49.2954],[7.4867,49.2946],[7.4782,49.2917],[7.48,49.2831],[7.4698,49.2753],[7.4796,49.2684],[7.4915,49.2714]]]},"properties":{"id":"07340220","name":"Reifenberg","subdivision":"Südwestpfalz","cx":7.497,"cy":49.284}},
{"type":"Feature","geometry":{"type":"Polygon","coordinates":[[[7.5248,49.312],[7.5228,49.3158],[7.5056,49.3088],[7.5024,49.2999],[7.4932,49.3054],[7.4876,49.3033],[7.4935,49.2954],[7.5023,49.2946],[7.5096,49.2996],[7.517,49.2933],[7.5242,49.2905],[7.5342,49.2931],[7.5276,49.2983],[7.5296,49.3069],[7.5248,49.312]]]},"properties":{"id":"07340224","name":"Schmitshausen","subdivision":"Südwestpfalz","cx":7.517,"cy":49.304}},
{"type":"Feature","geometry":{"type":"Polygon","coordinates":[[[7.5315,49.3341],[7.5203,49.3245],[7.5143,49.3288],[7.4949,49.3311],[7.494,49.3296],[7.5031,49.3217],[7.5002,49.318],[7.5049,49.3111],[7.4932,49.3054],[7.5024,49.2999],[7.5056,49.3088],[7.5228,49.3158],[7.5248,49.312],[7.5339,49.3168],[7.5316,49.3243],[7.5339,49.3298],[7.5315,49.3341]]]},"properties":{"id":"07340225","name":"Wallhalben","subdivision":"Südwestpfalz","cx":7.513,"cy":49.32}},
{"type":"Feature","geometry":{"type":"Polygon","coordinates":[[[7.4867,49.2946],[7.4935,49.2954],[7.4876,49.3033],[7.4827,49.3067],[7.4793,49.3192],[7.4746,49.3208],[7.4642,49.3152],[7.4574,49.3141],[7.4598,49.3009],[7.4413,49.2927],[7.4385,49.2885],[7.4412,49.2849],[7.4595,49.2864],[7.4777,49.2951],[7.4867,49.2946]]]},"properties":{"id":"07340228","name":"Winterbach (Pfalz)","subdivision":"Südwestpfalz","cx":7.47,"cy":49.303}},
{"type":"Feature","geometry":{"type":"Polygon","coordinates":[[[6.1673,50.0746],[6.1656,50.0803],[6.1709,50.0836],[6.1648,50.0925],[6.1743,50.0959],[6.1762,50.1044],[6.1704,50.1074],[6.1601,50.1106],[6.1421,50.1119],[6.1339,50.1197],[6.1284,50.1172],[6.1349,50.1129],[6.1309,50.1082],[6.1337,50.1027],[6.1259,50.0987],[6.1195,50.0896],[6.122,50.0813],[6.1291,50.0734],[6.1139,50.0642],[6.1226,50.0629],[6.1328,50.0582],[6.1428,50.0593],[6.1566,50.0643],[6.1592,50.0708],[6.1673,50.0746]]]},"properties":{"id":"07232212","name":"Dahnen","subdivision":"Eifelkreis Bitburg-Prüm","cx":6.145,"cy":50.087}},
{"type":"Feature","geometry":{"type":"Polygon","coordinates":[[[6.1566,50.0643],[6.1428,50.0593],[6.1328,50.0582],[6.1226,50.0629],[6.1139,50.0642],[6.1122,50.0597],[6.1213,50.0544],[6.1335,50.0419],[6.1613,50.0491],[6.1548,50.0622],[6.1566,50.0643]]]},"properties":{"id":"07232214","name":"Dasburg","subdivision":"Eifelkreis Bitburg-Prüm","cx":6.139,"cy":50.052}},
{"type":"Feature","geometry":{"type":"Polygon","coordinates":[[[6.1613,50.0491],[6.1335,50.0419],[6.1302,50.0293],[6.1454,50.0231],[6.1685,50.0234],[6.1799,50.0279],[6.1756,50.0277],[6.169,50.0364],[6.1598,50.0426],[6.1613,50.0491]]]},"properties":{"id":"07232294","name":"Preischeid","subdivision":"Eifelkreis Bitburg-Prüm","cx":6.152,"cy":50.034}},
{"type":"Feature","geometry":{"type":"Polygon","coordinates":[[[6.4317,49.6614],[6.4399,49.6643],[6.4593,49.6661],[6.4669,49.668],[6.4689,49.6706],[6.4495,49.6811],[6.4433,49.676],[6.4314,49.6704],[6.4254,49.6644],[6.4318,49.6605],[6.4317,49.6614]]]},"properties":{"id":"07235146","name":"Wellen","subdivision":"Trier-Saarburg","cx":6.448,"cy":49.671}},
{"type":"Feature","geometry":{"type":"Polygon","coordinates":[[[6.1384,50.1313],[6.1365,50.1242],[6.1296,50.1216],[6.1284,50.1172],[6.1339,50.1197],[6.1421,50.1119],[6.1601,50.1106],[6.156,50.118],[6.1647,50.1223],[6.1745,50.1306],[6.165,50.1345],[6.1506,50.1313],[6.1384,50.1313]]]},"properties":{"id":"07232310","name":"Sevenig (Our)","subdivision":"Eifelkreis Bitburg-Prüm","cx":6.148,"cy":50.122}},
{"type":"Feature","geometry":{"type":"Polygon","coordinates":[[[6.1685,50.0234],[6.1454,50.0231],[6.1344,50.0149],[6.1375,50.0117],[6.1472,50.0164],[6.1507,50.0117],[6.1652,50.0163],[6.1685,50.0234]]]},"properties":{"id":"07232001","name":"Affler","subdivision":"Eifelkreis Bitburg-Prüm","cx":6.152,"cy":50.018}},
{"type":"Feature","geometry":{"type":"Polygon","coordinates":[[[6.2643,49.9067],[6.2451,49.8956],[6.2559,49.8877],[6.2589,49.8833],[6.2662,49.8886],[6.2753,49.8914],[6.2662,49.9013],[6.2643,49.9067]]]},"properties":{"id":"07232004","name":"Ammeldingen an der Our","subdivision":"Eifelkreis Bitburg-Prüm","cx":6.26,"cy":49.895}},
{"type":"Feature","geometry":{"type":"Polygon","coordinates":[[[6.2201,49.9849],[6.2083,49.9851],[6.2029,49.9807],[6.1847,49.979],[6.1931,49.976],[6.201,49.9764],[6.2008,49.9697],[6.208,49.9592],[6.2047,49.9551],[6.2117,49.9502],[6.2238,49.9501],[6.226,49.9543],[6.2377,49.9558],[6.2268,49.9647],[6.2292,49.9687],[6.2214,49.9721],[6.2167,49.9815],[6.2201,49.9849]]]},"properties":{"id":"07232008","name":"Bauler (Eifelkreis Bitburg-Prüm)","subdivision":"Eifelkreis Bitburg-Prüm","cx":6.214,"cy":49.967}},
{"type":"Feature","geometry":{"type":"Polygon","coordinates":[[[6.3917,49.8412],[6.3902,49.8508],[6.3988,49.8568],[6.3925,49.8641],[6.3853,49.8668],[6.3742,49.8743],[6.3669,49.8708],[6.3516,49.8693],[6.3401,49.8635],[6.3316,49.8557],[6.321,49.8532],[6.32,49.8399],[6.3261,49.8362],[6.3352,49.8378],[6.3399,49.8474],[6.35,49.8504],[6.3639,49.8507],[6.3726,49.8422],[6.3913,49.8281],[6.3908,49.8331],[6.3917,49.8412]]]},"properties":{"id":"07232019","name":"Bollendorf","subdivision":"Eifelkreis Bitburg-Prüm","cx":6.372,"cy":49.86}},
{"type":"Feature","geometry":{"type":"Polygon","coordinates":[[[6.3908,49.8331],[6.3913,49.8281],[6.4026,49.8194],[6.42,49.816],[6.4323,49.8106],[6.4536,49.8113],[6.4569,49.818],[6.4525,49.8246],[6.4447,49.8281],[6.4406,49.8296],[6.4347,49.8234],[6.4241,49.8197],[6.4106,49.825],[6.4033,49.824],[6.3908,49.8331]]]},"properties":{"id":"07232028","name":"Echternacherbrück","subdivision":"Eifelkreis Bitburg-Prüm","cx":6.441,"cy":49.819}},
{"type":"Feature","geometry":{"type":"Polygon","coordinates":[[[6.1748,50.0003],[6.1595,50.0021],[6.1535,49.9895],[6.1573,49.9872],[6.1712,49.9853],[6.1684,49.9807],[6.1741,49.9836],[6.1823,49.9879],[6.1791,49.9987],[6.1748,50.0003]]]},"properties":{"id":"07232041","name":"Gemünd","subdivision":"Eifelkreis Bitburg-Prüm","cx":6.168,"cy":49.993}},
{"type":"Feature","geometry":{"type":"Polygon","coordinates":[[[6.2643,49.9067],[6.2545,49.9168],[6.2521,49.9216],[6.2434,49.9186],[6.2339,49.9142],[6.2304,49.9083],[6.234,49.9],[6.2451,49.8956],[6.2643,49.9067]]]},"properties":{"id":"07232042","name":"Gentingen","subdivision":"Eifelkreis Bitburg-Prüm","cx":6.246,"cy":49.908}},
{"type":"Feature","geometry":{"type":"Polygon","coordinates":[[[6.1847,49.979],[6.1741,49.9836],[6.1684,49.9807],[6.1649,49.9705],[6.1699,49.9635],[6.176,49.9613],[6.1803,49.969],[6.1931,49.976],[6.1847,49.979]]]},"properties":{"id":"07232066","name":"Keppeshausen","subdivision":"Eifelkreis Bitburg-Prüm","cx":6.175,"cy":49.974}},
{"type":"Feature","geometry":{"type":"Polygon","coordinates":[[[6.2412,49.9546],[6.2377,49.9558],[6.226,49.9543],[6.2238,49.9501],[6.2239,49.95],[6.2239,49.9499],[6.2169,49.9454],[6.2273,49.9366],[6.2262,49.9294],[6.2384,49.9321],[6.2456,49.9224],[6.2434,49.9186],[6.2521,49.9216],[6.2545,49.9168],[6.2643,49.9067],[6.2662,49.9013],[6.2753,49.8914],[6.287,49.8895],[6.303,49.8939],[6.2953,49.9062],[6.3029,49.9169],[6.2925,49.9168],[6.2802,49.9272],[6.2769,49.932],[6.2807,49.9358],[6.2725,49.9399],[6.2706,49.9434],[6.2517,49.9442],[6.2412,49.9546]]]},"properties":{"id":"07232067","name":"Körperich","subdivision":"Eifelkreis Bitburg-Prüm","cx":6.265,"cy":49.925}},
{"type":"Feature","geometry":{"type":"Polygon","coordinates":[[[6.4447,49.8281],[6.4525,49.8246],[6.4569,49.818],[6.4536,49.8113],[6.464,49.8193],[6.4748,49.821],[6.4832,49.8219],[6.4843,49.8266],[6.4913,49.8316],[6.4868,49.8348],[6.4628,49.8338],[6.4567,49.8349],[6.4503,49.8288],[6.4447,49.8281]]]},"properties":{"id":"07232082","name":"Minden","subdivision":"Eifelkreis Bitburg-Prüm","cx":6.468,"cy":49.827}},
{"type":"Feature","geometry":{"type":"Polygon","coordinates":[[[6.2192,49.9958],[6.2199,49.9966],[6.2136,49.9967],[6.2006,50.0014],[6.1894,49.996],[6.1791,49.9987],[6.1823,49.9879],[6.1741,49.9836],[6.1847,49.979],[6.2029,49.9807],[6.2083,49.9851],[6.2201,49.9849],[6.2148,49.9878],[6.2192,49.9958]]]},"properties":{"id":"07232110","name":"Rodershausen","subdivision":"Eifelkreis Bitburg-Prüm","cx":6.197,"cy":49.99}},
{"type":"Feature","geometry":{"type":"Polygon","coordinates":[[[6.2434,49.9186],[6.2456,49.9224],[6.2384,49.9321],[6.2262,49.9294],[6.2187,49.9226],[6.2295,49.9209],[6.2339,49.9142],[6.2434,49.9186]]]},"properties":{"id":"07232112","name":"Roth an der Our","subdivision":"Eifelkreis Bitburg-Prüm","cx":6.235,"cy":49.924}},
{"type":"Feature","geometry":{"type":"Polygon","coordinates":[[[6.1652,50.0163],[6.1507,50.0117],[6.1472,50.0164],[6.1375,50.0117],[6.1481,50.0103],[6.1494,50.0063],[6.1419,49.9949],[6.1507,49.9942],[6.1535,49.9895],[6.1595,50.0021],[6.1609,50.0098],[6.1652,50.0163]]]},"properties":{"id":"07232127","name":"Übereisenbach","subdivision":"Eifelkreis Bitburg-Prüm","cx":6.154,"cy":50.004}},
{"type":"Feature","geometry":{"type":"Polygon","coordinates":[[[6.1931,49.976],[6.1803,49.969],[6.176,49.9613],[6.1844,49.9677],[6.1905,49.9689],[6.1978,49.9507],[6.2047,49.9551],[6.208,49.9592],[6.2008,49.9697],[6.201,49.9764],[6.1931,49.976]]]},"properties":{"id":"07232130","name":"Waldhof-Falkenstein","subdivision":"Eifelkreis Bitburg-Prüm","cx":6.198,"cy":49.965}},
{"type":"Feature","geometry":{"type":"Polygon","coordinates":[[[6.287,49.8895],[6.2753,49.8914],[6.2662,49.8886],[6.2589,49.8833],[6.2758,49.8767],[6.2827,49.8786],[6.2915,49.8745],[6.2971,49.8661],[6.3074,49.8696],[6.3137,49.8671],[6.3141,49.8599],[6.321,49.8532],[6.3316,49.8557],[6.3401,49.8635],[6.3516,49.8693],[6.3428,49.8734],[6.3367,49.8718],[6.3288,49.8804],[6.3073,49.8735],[6.2956,49.8759],[6.2971,49.8826],[6.287,49.8895]]]},"properties":{"id":"07232131","name":"Wallendorf","subdivision":"Eifelkreis Bitburg-Prüm","cx":6.324,"cy":49.868}},
{"type":"Feature","geometry":{"type":"Polygon","coordinates":[[[6.3642,49.9598],[6.3762,49.955],[6.3859,49.9631],[6.392,49.9642],[6.3898,49.9691],[6.382,49.9726],[6.3773,49.9797],[6.3688,49.9842],[6.3507,49.9774],[6.3457,49.9785],[6.3438,49.9744],[6.3464,49.9665],[6.3571,49.9679],[6.3642,49.9598]]]},"properties":{"id":"07232502","name":"Brimingen","subdivision":"Eifelkreis Bitburg-Prüm","cx":6.368,"cy":49.971}},
{"type":"Feature","geometry":{"type":"Polygon","coordinates":[[[6.5084,49.6452],[6.5216,49.6434],[6.5233,49.6548],[6.5204,49.6592],[6.5014,49.6576],[6.4917,49.6598],[6.4769,49.6686],[6.4669,49.668],[6.4593,49.6661],[6.4399,49.6643],[6.4317,49.6614],[6.4318,49.6605],[6.4408,49.6559],[6.429,49.6365],[6.4228,49.6223],[6.4391,49.6157],[6.4436,49.6206],[6.4671,49.6381],[6.4691,49.6428],[6.4783,49.6435],[6.4786,49.652],[6.488,49.658],[6.504,49.6522],[6.5084,49.6452]]]},"properties":{"id":"07235095","name":"Nittel","subdivision":"Trier-Saarburg","cx":6.457,"cy":49.649}},
{"type":"Feature","geometry":{"type":"Polygon","coordinates":[[[6.4669,49.668],[6.4769,49.6686],[6.4917,49.6598],[6.4974,49.6684],[6.4828,49.6726],[6.4873,49.6758],[6.4884,49.6854],[6.4862,49.6917],[6.4788,49.6969],[6.4575,49.6905],[6.4495,49.6811],[6.4689,49.6706],[6.4669,49.668]]]},"properties":{"id":"07235133","name":"Temmels","subdivision":"Trier-Saarburg","cx":6.474,"cy":49.681}},
{"type":"Feature","geometry":{"type":"Polygon","coordinates":[[[6.4321,49.5638],[6.4286,49.5702],[6.4366,49.5746],[6.4405,49.5814],[6.4421,49.5858],[6.4324,49.5894],[6.429,49.597],[6.4091,49.5943],[6.4038,49.5987],[6.3961,49.5946],[6.3919,49.5886],[6.3853,49.5893],[6.3835,49.5946],[6.3924,49.6003],[6.3843,49.5997],[6.3745,49.5915],[6.374,49.5879],[6.3823,49.5797],[6.3807,49.577],[6.368,49.5792],[6.3568,49.5729],[6.3585,49.5697],[6.3808,49.5583],[6.3801,49.5511],[6.3939,49.5474],[6.4041,49.5486],[6.4184,49.544],[6.4245,49.5477],[6.4221,49.5528],[6.4284,49.5622],[6.4321,49.5638]]]},"properties":{"id":"07235104","name":"Palzem","subdivision":"Trier-Saarburg","cx":6.403,"cy":49.572}},
{"type":"Feature","geometry":{"type":"Polygon","coordinates":[[[6.4823,49.6282],[6.4844,49.6315],[6.4807,49.6381],[6.4671,49.6381],[6.4436,49.6206],[6.4391,49.6157],[6.4228,49.6223],[6.411,49.6138],[6.4023,49.6045],[6.3924,49.6003],[6.3835,49.5946],[6.3853,49.5893],[6.3919,49.5886],[6.3961,49.5946],[6.4038,49.5987],[6.4091,49.5943],[6.429,49.597],[6.4324,49.5894],[6.4421,49.5858],[6.4405,49.5814],[6.457,49.5904],[6.4658,49.5913],[6.4626,49.5967],[6.468,49.6078],[6.4772,49.6169],[6.4717,49.62],[6.4823,49.6282]]]},"properties":{"id":"07235149","name":"Wincheringen","subdivision":"Trier-Saarburg","cx":6.445,"cy":49.603}},
{"type":"Feature","geometry":{"type":"Polygon","coordinates":[[[6.5256,49.7136],[6.5258,49.7219],[6.5326,49.7349],[6.5398,49.7399],[6.5472,49.7456],[6.5439,49.756],[6.5337,49.7568],[6.5353,49.763],[6.5269,49.7647],[6.5182,49.7624],[6.5128,49.7578],[6.5002,49.7521],[6.5024,49.7458],[6.5023,49.7317],[6.5159,49.7249],[6.4971,49.7268],[6.4955,49.7233],[6.5061,49.7163],[6.5063,49.7135],[6.513,49.7111],[6.5203,49.7124],[6.5256,49.7136]]]},"properties":{"id":"07235073","name":"Langsur","subdivision":"Trier-Saarburg","cx":6.519,"cy":49.74}},
{"type":"Feature","geometry":{"type":"Polygon","coordinates":[[[6.4913,49.8316],[6.4843,49.8266],[6.4832,49.8219],[6.4748,49.821],[6.4886,49.8116],[6.4957,49.8122],[6.5063,49.8083],[6.5095,49.8024],[6.5167,49.8052],[6.5213,49.8131],[6.5309,49.806],[6.5201,49.7964],[6.5073,49.7919],[6.5074,49.7869],[6.5162,49.7836],[6.5098,49.7734],[6.5165,49.7696],[6.5182,49.7624],[6.5269,49.7647],[6.5353,49.763],[6.5297,49.7649],[6.5271,49.7759],[6.543,49.7815],[6.5482,49.7869],[6.5641,49.7922],[6.5682,49.7956],[6.5671,49.8018],[6.5708,49.8089],[6.5675,49.8149],[6.5694,49.8268],[6.5537,49.8252],[6.5335,49.8323],[6.531,49.8383],[6.5276,49.8413],[6.5177,49.8418],[6.4986,49.8356],[6.4913,49.8316]]]},"properties":{"id":"07235111","name":"Ralingen","subdivision":"Trier-Saarburg","cx":6.547,"cy":49.81}},
{"type":"Feature","geometry":{"type":"Polygon","coordinates":[[[8.158,50.0037],[8.152,50.0105],[8.1397,50.0195],[8.1381,50.0255],[8.1298,50.0244],[8.1074,50.0173],[8.0932,50.0107],[8.0725,50.0059],[8.046,50.0043],[8.0303,50.0002],[8.0066,49.9903],[7.9764,49.9804],[7.9809,49.9752],[7.9829,49.964],[7.993,49.9651],[8.0104,49.9712],[8.0234,49.9724],[8.0313,49.9623],[8.0386,49.9486],[8.0367,49.9419],[8.0425,49.9341],[8.0522,49.9316],[8.0565,49.93],[8.059,49.9312],[8.0791,49.9323],[8.0971,49.941],[8.1007,49.946],[8.119,49.9542],[8.1375,49.9589],[8.1486,49.9639],[8.1439,49.9731],[8.1463,49.9769],[8.1436,49.983],[8.1538,49.9879],[8.1511,49.9943],[8.158,50.0037]]]},"properties":{"id":"07339030","name":"Ingelheim am Rhein","subdivision":"Mainz-Bingen","cx":8.08,"cy":49.974}},
{"type":"Feature","geometry":{"type":"Polygon","coordinates":[[[7.5895,50.6507],[7.5924,50.652],[7.5938,50.6528],[7.5894,50.6596],[7.594,50.6675],[7.6028,50.6682],[7.6017,50.6872],[7.5967,50.6885],[7.59,50.6883],[7.5812,50.682],[7.5767,50.682],[7.5699,50.674],[7.5613,50.6745],[7.5575,50.6675],[7.5625,50.6621],[7.568,50.6594],[7.5818,50.6586],[7.5895,50.6507]]]},"properties":{"id":"07132502","name":"Neitersen","subdivision":"Altenkirchen (Ww)","cx":7.583,"cy":50.671}}
]}