{"type":"FeatureCollection", "features": [
{"type":"Feature","geometry":{"type":"Polygon","coordinates":[[[4.6701,50.4209],[4.6817,50.4223],[4.6822,50.4219],[4.6918,50.4259],[4.6915,50.4274],[4.6952,50.4282],[4.699,50.4305],[4.6981,50.4344],[4.702,50.439],[4.7025,50.4418],[4.7045,50.4437],[4.7078,50.4428],[4.7094,50.4452],[4.709,50.4471],[4.7136,50.4518],[4.7126,50.4544],[4.7153,50.4561],[4.7152,50.4586],[4.7165,50.4601],[4.7146,50.4642],[4.7117,50.4672],[4.7168,50.4681],[4.719,50.4696],[4.7329,50.4719],[4.7313,50.4736],[4.7261,50.4759],[4.7239,50.4785],[4.723,50.4825],[4.7253,50.488],[4.7245,50.493],[4.7247,50.4968],[4.6992,50.5053],[4.6805,50.5005],[4.6733,50.5014],[4.6662,50.4996],[4.66,50.5124],[4.6457,50.5131],[4.6433,50.5127],[4.6443,50.5108],[4.6362,50.5087],[4.6314,50.507],[4.6277,50.5068],[4.6235,50.5052],[4.6208,50.4999],[4.6227,50.495],[4.6255,50.4926],[4.6265,50.4915],[4.6261,50.4889],[4.6294,50.489],[4.6336,50.487],[4.6439,50.4771],[4.6437,50.4762],[4.6375,50.4722],[4.6353,50.4682],[4.6333,50.4665],[4.6338,50.4624],[4.6379,50.4563],[4.6434,50.4518],[4.6449,50.449],[4.6487,50.4479],[4.658,50.4436],[4.6619,50.4428],[4.6586,50.4404],[4.6644,50.429],[4.6681,50.4246],[4.6701,50.4209]]]},"properties":{"id":"92140","name":"Jemeppe-sur-Sambre","subdivision":"Namur","cx":4.676,"cy":50.472}},
{"type":"Feature","geometry":{"type":"Polygon","coordinates":[[[5.2372,50.4272],[5.2483,50.4323],[5.251,50.4317],[5.2551,50.4357],[5.257,50.4352],[5.2613,50.4358],[5.2637,50.4342],[5.2664,50.4348],[5.2706,50.437],[5.2692,50.4392],[5.2707,50.4399],[5.2714,50.4432],[5.2756,50.4455],[5.2813,50.4499],[5.2782,50.4529],[5.2802,50.4547],[5.2828,50.4555],[5.2846,50.4583],[5.2796,50.462],[5.277,50.4624],[5.274,50.4655],[5.2703,50.4677],[5.27,50.469],[5.266,50.4711],[5.2658,50.4738],[5.2683,50.4764],[5.2666,50.478],[5.2669,50.4809],[5.2598,50.4849],[5.2568,50.4894],[5.2565,50.4915],[5.2533,50.4931],[5.2492,50.4918],[5.2429,50.4919],[5.2408,50.4912],[5.2369,50.4921],[5.2355,50.4952],[5.2375,50.496],[5.2403,50.4954],[5.243,50.4967],[5.2424,50.4986],[5.2377,50.5044],[5.2346,50.5066],[5.2296,50.5078],[5.2216,50.5058],[5.217,50.5033],[5.2139,50.5008],[5.2125,50.4975],[5.2139,50.4958],[5.2127,50.4934],[5.2089,50.4937],[5.2012,50.4871],[5.1973,50.4789],[5.1989,50.4766],[5.2037,50.4738],[5.2064,50.4669],[5.2099,50.4613],[5.2102,50.4592],[5.2148,50.4548],[5.223,50.4443],[5.2249,50.4425],[5.2286,50.4443],[5.23,50.4441],[5.2367,50.4382],[5.2362,50.4365],[5.2332,50.4339],[5.2345,50.4322],[5.2328,50.4312],[5.2372,50.4272]]]},"properties":{"id":"61039","name":"Marchin","subdivision":"Liège","cx":5.24,"cy":50.467}},
{"type":"Feature","geometry":{"type":"Polygon","coordinates":[[[5.5027,49.5678],[5.4971,49.5677],[5.4954,49.5689],[5.4941,49.5737],[5.49,49.5749],[5.486,49.5745],[5.4833,49.573],[5.4843,49.5719],[5.4832,49.5694],[5.4852,49.568],[5.4837,49.5662],[5.4777,49.5649],[5.4706,49.5672],[5.4696,49.5644],[5.4639,49.5638],[5.4568,49.5667],[5.4482,49.5566],[5.4473,49.554],[5.4453,49.5529],[5.4413,49.5522],[5.4425,49.5503],[5.4486,49.5483],[5.4553,49.5438],[5.465,49.5389],[5.466,49.5363],[5.465,49.533],[5.4668,49.5259],[5.4603,49.5258],[5.4587,49.523],[5.4566,49.5224],[5.455,49.5203],[5.4472,49.5179],[5.4491,49.516],[5.4533,49.5146],[5.4541,49.5125],[5.4578,49.5118],[5.4654,49.5089],[5.4641,49.5023],[5.465,49.4991],[5.4709,49.4972],[5.4747,49.4976],[5.4787,49.5],[5.48,49.5015],[5.4801,49.5042],[5.4841,49.5072],[5.4895,49.5076],[5.5015,49.5068],[5.5173,49.5093],[5.5314,49.5125],[5.5327,49.5131],[5.5215,49.5132],[5.5208,49.5162],[5.5183,49.5168],[5.5165,49.5186],[5.5177,49.5229],[5.5161,49.5258],[5.5128,49.5288],[5.5155,49.5299],[5.5147,49.5336],[5.5153,49.5348],[5.512,49.537],[5.511,49.5398],[5.5085,49.5397],[5.5072,49.5465],[5.5085,49.5487],[5.501,49.5523],[5.5039,49.5541],[5.5028,49.5555],[5.5052,49.5569],[5.5063,49.5598],[5.5094,49.5609],[5.5088,49.5632],[5.5028,49.5613],[5.5035,49.564],[5.5008,49.5654],[5.5027,49.5678]]]},"properties":{"id":"85047","name":"Rouvroy","subdivision":"Luxembourg","cx":5.486,"cy":49.535}},
{"type":"Feature","geometry":{"type":"Polygon","coordinates":[[[5.7346,49.5457],[5.7297,49.5492],[5.7288,49.5506],[5.7276,49.5633],[5.7285,49.5693],[5.7327,49.5716],[5.7317,49.5769],[5.734,49.5803],[5.7326,49.5814],[5.7282,49.5794],[5.7236,49.5792],[5.7213,49.5768],[5.7135,49.5782],[5.7092,49.5806],[5.7066,49.5806],[5.7045,49.5818],[5.7053,49.5853],[5.7074,49.5879],[5.7058,49.5893],[5.7065,49.5909],[5.7045,49.5947],[5.7054,49.5969],[5.7072,49.5982],[5.7044,49.5997],[5.7052,49.6067],[5.7013,49.6051],[5.6993,49.6051],[5.6976,49.6023],[5.696,49.6027],[5.6962,49.6069],[5.6932,49.6077],[5.6889,49.6042],[5.6891,49.6032],[5.6854,49.6018],[5.6821,49.6024],[5.678,49.5984],[5.6812,49.595],[5.6824,49.5915],[5.6803,49.5897],[5.6751,49.5872],[5.6702,49.587],[5.662,49.5885],[5.6591,49.5903],[5.6542,49.5906],[5.6526,49.5892],[5.6483,49.5882],[5.6453,49.5884],[5.6399,49.5926],[5.6365,49.5905],[5.6347,49.5935],[5.6361,49.5947],[5.6339,49.5962],[5.6316,49.5949],[5.6277,49.5972],[5.6227,49.5981],[5.6221,49.6001],[5.6247,49.6024],[5.6217,49.6007],[5.6191,49.6004],[5.6168,49.5941],[5.6206,49.5941],[5.6208,49.5915],[5.6248,49.5914],[5.6259,49.5879],[5.6295,49.5846],[5.6362,49.5841],[5.6359,49.5813],[5.6375,49.5782],[5.6402,49.5755],[5.6439,49.5733],[5.643,49.5698],[5.6397,49.5651],[5.6368,49.564],[5.632,49.56],[5.6293,49.5603],[5.6268,49.5579],[5.6264,49.5545],[5.6285,49.5513],[5.6304,49.5469],[5.6331,49.5472],[5.6354,49.5449],[5.6435,49.5472],[5.6429,49.5506],[5.6468,49.55],[5.6507,49.5512],[5.6517,49.5502],[5.6578,49.5516],[5.6604,49.5536],[5.6645,49.5525],[5.6692,49.5485],[5.6796,49.5489],[5.6817,49.548],[5.6817,49.5457],[5.6896,49.5464],[5.6917,49.5448],[5.6993,49.5423],[5.6992,49.5407],[5.7039,49.5392],[5.7077,49.539],[5.7137,49.5407],[5.7206,49.5398],[5.7234,49.5416],[5.7251,49.5447],[5.7273,49.5438],[5.7346,49.5457]]]},"properties":{"id":"85026","name":"Musson","subdivision":"Luxembourg","cx":5.681,"cy":49.569}},
{"type":"Feature","geometry":{"type":"Polygon","coordinates":[[[5.7346,49.5457],[5.7326,49.5446],[5.7364,49.5425],[5.7388,49.5387],[5.7482,49.5396],[5.7558,49.5429],[5.7556,49.5459],[5.7572,49.5483],[5.7575,49.5523],[5.7562,49.5532],[5.7563,49.5572],[5.7594,49.5584],[5.7583,49.561],[5.7628,49.561],[5.7702,49.5631],[5.7742,49.563],[5.7785,49.5588],[5.7805,49.5596],[5.7826,49.558],[5.7853,49.5578],[5.7867,49.5556],[5.7925,49.5516],[5.8011,49.5497],[5.8074,49.5506],[5.8098,49.5498],[5.812,49.5475],[5.8156,49.5482],[5.8181,49.5463],[5.82,49.5492],[5.826,49.5522],[5.828,49.55],[5.8356,49.5525],[5.842,49.5531],[5.842,49.5545],[5.8461,49.5569],[5.8452,49.5592],[5.8434,49.5603],[5.8465,49.5621],[5.8505,49.5631],[5.8521,49.5652],[5.8608,49.567],[5.8604,49.5698],[5.8632,49.5705],[5.8675,49.5731],[5.8725,49.5743],[5.8696,49.5767],[5.8715,49.5796],[5.866,49.5806],[5.8684,49.5822],[5.8731,49.5835],[5.871,49.5876],[5.8678,49.5896],[5.8643,49.5864],[5.8595,49.586],[5.8505,49.587],[5.8488,49.5904],[5.8478,49.5959],[5.8486,49.5972],[5.8431,49.5925],[5.8385,49.5867],[5.8407,49.5841],[5.8404,49.5825],[5.8422,49.5796],[5.8402,49.5778],[5.8421,49.5762],[5.8418,49.5731],[5.838,49.572],[5.8319,49.5727],[5.831,49.5756],[5.8251,49.5728],[5.8196,49.5771],[5.8187,49.5771],[5.8122,49.5807],[5.8109,49.5804],[5.8067,49.5824],[5.8038,49.5846],[5.7956,49.589],[5.7919,49.5888],[5.7907,49.5902],[5.7872,49.5912],[5.7827,49.5941],[5.7785,49.5944],[5.7753,49.5912],[5.7693,49.5949],[5.7671,49.5944],[5.7664,49.5975],[5.7632,49.5966],[5.7529,49.5992],[5.749,49.5973],[5.747,49.5951],[5.7448,49.5951],[5.7431,49.5978],[5.7397,49.5964],[5.7383,49.5975],[5.7384,49.6012],[5.7412,49.6023],[5.7416,49.6069],[5.7377,49.6102],[5.7329,49.6104],[5.7288,49.6118],[5.7194,49.6107],[5.7175,49.608],[5.7148,49.6088],[5.7114,49.6085],[5.7099,49.6101],[5.7039,49.6092],[5.7052,49.6067],[5.7044,49.5997],[5.7072,49.5982],[5.7054,49.5969],[5.7045,49.5947],[5.7065,49.5909],[5.7058,49.5893],[5.7074,49.5879],[5.7053,49.5853],[5.7045,49.5818],[5.7066,49.5806],[5.7092,49.5806],[5.7135,49.5782],[5.7213,49.5768],[5.7236,49.5792],[5.7282,49.5794],[5.7326,49.5814],[5.734,49.5803],[5.7317,49.5769],[5.7327,49.5716],[5.7285,49.5693],[5.7276,49.5633],[5.7288,49.5506],[5.7297,49.5492],[5.7346,49.5457]]]},"properties":{"id":"81004","name":"Aubange","subdivision":"Luxembourg","cx":5.763,"cy":49.578}},
{"type":"Feature","geometry":{"type":"Polygon","coordinates":[[[5.5327,49.5131],[5.5353,49.5147],[5.5416,49.5158],[5.544,49.518],[5.5459,49.5239],[5.5496,49.5266],[5.5564,49.5292],[5.5634,49.5257],[5.567,49.5277],[5.5709,49.5279],[5.574,49.5261],[5.5886,49.5217],[5.5907,49.5229],[5.593,49.5221],[5.6022,49.5157],[5.6011,49.5132],[5.6034,49.5123],[5.6038,49.5086],[5.611,49.506],[5.6129,49.5106],[5.6174,49.5144],[5.6213,49.5199],[5.6196,49.5248],[5.6159,49.5272],[5.6199,49.5327],[5.6243,49.5361],[5.629,49.5388],[5.6328,49.5396],[5.6306,49.5418],[5.6341,49.5427],[5.6354,49.5449],[5.6331,49.5472],[5.6304,49.5469],[5.6285,49.5513],[5.6264,49.5545],[5.6268,49.5579],[5.6293,49.5603],[5.632,49.56],[5.6368,49.564],[5.6397,49.5651],[5.643,49.5698],[5.6439,49.5733],[5.6402,49.5755],[5.6375,49.5782],[5.6359,49.5813],[5.6362,49.5841],[5.6295,49.5846],[5.6259,49.5879],[5.6248,49.5914],[5.6208,49.5915],[5.6206,49.5941],[5.6168,49.5941],[5.6191,49.6004],[5.6217,49.6007],[5.6247,49.6024],[5.6171,49.609],[5.6165,49.6106],[5.6169,49.616],[5.62,49.6176],[5.6265,49.6183],[5.6313,49.6196],[5.6307,49.6221],[5.6269,49.6237],[5.6293,49.6271],[5.6252,49.6261],[5.6226,49.6242],[5.6187,49.6245],[5.6127,49.6234],[5.6091,49.6238],[5.6069,49.6258],[5.6026,49.6255],[5.5986,49.6273],[5.5946,49.6269],[5.591,49.6302],[5.5919,49.6324],[5.5918,49.6352],[5.5875,49.6367],[5.5857,49.6385],[5.5786,49.6384],[5.5769,49.6395],[5.5741,49.6388],[5.5723,49.6364],[5.5726,49.6311],[5.5744,49.6296],[5.5761,49.6264],[5.5748,49.6214],[5.5693,49.6227],[5.5506,49.6245],[5.5428,49.6274],[5.5409,49.6303],[5.5385,49.6311],[5.5359,49.6281],[5.5316,49.6254],[5.5313,49.6228],[5.5332,49.6201],[5.5305,49.6194],[5.5223,49.616],[5.5218,49.6127],[5.523,49.611],[5.5327,49.6089],[5.5331,49.6046],[5.529,49.6036],[5.5276,49.5999],[5.5274,49.597],[5.5241,49.5959],[5.5283,49.5929],[5.5238,49.5897],[5.5245,49.588],[5.523,49.5853],[5.5192,49.5843],[5.5141,49.5787],[5.5157,49.5759],[5.5157,49.5726],[5.5121,49.5692],[5.5081,49.5691],[5.504,49.5701],[5.5027,49.5678],[5.5008,49.5654],[5.5035,49.564],[5.5028,49.5613],[5.5088,49.5632],[5.5094,49.5609],[5.5063,49.5598],[5.5052,49.5569],[5.5028,49.5555],[5.5039,49.5541],[5.501,49.5523],[5.5085,49.5487],[5.5072,49.5465],[5.5085,49.5397],[5.511,49.5398],[5.512,49.537],[5.5153,49.5348],[5.5147,49.5336],[5.5155,49.5299],[5.5128,49.5288],[5.5161,49.5258],[5.5177,49.5229],[5.5165,49.5186],[5.5183,49.5168],[5.5208,49.5162],[5.5215,49.5132],[5.5327,49.5131]]]},"properties":{"id":"85045","name":"Virton","subdivision":"Luxembourg","cx":5.572,"cy":49.571}},
{"type":"Feature","geometry":{"type":"Polygon","coordinates":[[[5.5027,49.5678],[5.504,49.5701],[5.5081,49.5691],[5.5121,49.5692],[5.5157,49.5726],[5.5157,49.5759],[5.5141,49.5787],[5.5192,49.5843],[5.523,49.5853],[5.5245,49.588],[5.5238,49.5897],[5.5283,49.5929],[5.5241,49.5959],[5.5274,49.597],[5.5276,49.5999],[5.529,49.6036],[5.5331,49.6046],[5.5327,49.6089],[5.523,49.611],[5.5218,49.6127],[5.5223,49.616],[5.5305,49.6194],[5.5287,49.6209],[5.5303,49.6234],[5.5286,49.6274],[5.5266,49.6287],[5.5257,49.6316],[5.5233,49.6313],[5.5205,49.634],[5.517,49.6348],[5.5104,49.6346],[5.5007,49.6326],[5.4958,49.6339],[5.4924,49.6323],[5.4917,49.6305],[5.4873,49.6282],[5.4841,49.6283],[5.4841,49.6316],[5.4826,49.6339],[5.473,49.6313],[5.468,49.6316],[5.4607,49.6333],[5.4576,49.6314],[5.4532,49.6321],[5.4503,49.6344],[5.4505,49.6362],[5.4492,49.6392],[5.4464,49.64],[5.4427,49.6383],[5.4399,49.636],[5.4337,49.635],[5.4287,49.6329],[5.4269,49.6313],[5.4221,49.6318],[5.4163,49.6293],[5.4133,49.6275],[5.4082,49.6294],[5.4061,49.6294],[5.4027,49.625],[5.3998,49.6222],[5.3932,49.6185],[5.3891,49.6187],[5.3821,49.6202],[5.3781,49.6224],[5.3755,49.6229],[5.3814,49.6196],[5.3935,49.6171],[5.398,49.6152],[5.4024,49.6099],[5.4078,49.6094],[5.4113,49.6081],[5.4188,49.5997],[5.4263,49.5977],[5.4309,49.5924],[5.4288,49.5902],[5.4292,49.5875],[5.4333,49.581],[5.4379,49.5698],[5.4464,49.5672],[5.4568,49.5667],[5.4639,49.5638],[5.4696,49.5644],[5.4706,49.5672],[5.4777,49.5649],[5.4837,49.5662],[5.4852,49.568],[5.4832,49.5694],[5.4843,49.5719],[5.4833,49.573],[5.486,49.5745],[5.49,49.5749],[5.4941,49.5737],[5.4954,49.5689],[5.4971,49.5677],[5.5027,49.5678]]]},"properties":{"id":"85024","name":"Meix-devant-Virton","subdivision":"Luxembourg","cx":5.47,"cy":49.602}},
{"type":"Feature","geometry":{"type":"Polygon","coordinates":[[[5.7052,49.6067],[5.7039,49.6092],[5.7099,49.6101],[5.7114,49.6085],[5.7148,49.6088],[5.7175,49.608],[5.7194,49.6107],[5.7288,49.6118],[5.7318,49.6164],[5.7369,49.6196],[5.7366,49.6232],[5.7378,49.6236],[5.7406,49.6258],[5.7381,49.6306],[5.739,49.6345],[5.7366,49.6367],[5.7379,49.6396],[5.7343,49.639],[5.7306,49.6369],[5.7285,49.6412],[5.7189,49.6425],[5.7161,49.641],[5.7127,49.6417],[5.7116,49.6429],[5.7056,49.6458],[5.6994,49.6462],[5.6937,49.6457],[5.6917,49.6442],[5.6862,49.6422],[5.6815,49.6369],[5.6724,49.6317],[5.6718,49.6341],[5.6682,49.6358],[5.667,49.6374],[5.6639,49.6371],[5.6589,49.6413],[5.6528,49.6435],[5.6503,49.6455],[5.6488,49.6424],[5.6408,49.6393],[5.6413,49.6358],[5.6448,49.6317],[5.6441,49.6306],[5.6399,49.6298],[5.6367,49.6273],[5.6339,49.6278],[5.6293,49.6271],[5.6269,49.6237],[5.6307,49.6221],[5.6313,49.6196],[5.6265,49.6183],[5.62,49.6176],[5.6169,49.616],[5.6165,49.6106],[5.6171,49.609],[5.6247,49.6024],[5.6221,49.6001],[5.6227,49.5981],[5.6277,49.5972],[5.6316,49.5949],[5.6339,49.5962],[5.6361,49.5947],[5.6347,49.5935],[5.6365,49.5905],[5.6399,49.5926],[5.6453,49.5884],[5.6483,49.5882],[5.6526,49.5892],[5.6542,49.5906],[5.6591,49.5903],[5.662,49.5885],[5.6702,49.587],[5.6751,49.5872],[5.6803,49.5897],[5.6824,49.5915],[5.6812,49.595],[5.678,49.5984],[5.6821,49.6024],[5.6854,49.6018],[5.6891,49.6032],[5.6889,49.6042],[5.6932,49.6077],[5.6962,49.6069],[5.696,49.6027],[5.6976,49.6023],[5.6993,49.6051],[5.7013,49.6051],[5.7052,49.6067]]]},"properties":{"id":"85034","name":"Saint-Léger","subdivision":"Luxembourg","cx":5.664,"cy":49.613}},
{"type":"Feature","geometry":{"type":"Polygon","coordinates":[[[5.8486,49.5972],[5.8528,49.5992],[5.8575,49.6007],[5.866,49.6053],[5.8701,49.6058],[5.8758,49.6079],[5.8757,49.6114],[5.877,49.6133],[5.8754,49.6146],[5.8756,49.6188],[5.8769,49.6209],[5.8801,49.6234],[5.8758,49.6261],[5.8757,49.6273],[5.8665,49.6298],[5.8667,49.6316],[5.8689,49.6343],[5.8675,49.6352],[5.8633,49.6417],[5.8587,49.6409],[5.8537,49.6408],[5.8533,49.6423],[5.8479,49.6422],[5.8479,49.6435],[5.844,49.6457],[5.8408,49.6421],[5.8359,49.6455],[5.8334,49.6451],[5.8312,49.6467],[5.8265,49.6468],[5.8227,49.6447],[5.8225,49.6431],[5.8183,49.6423],[5.818,49.6403],[5.8126,49.6402],[5.8115,49.6418],[5.8169,49.6442],[5.8191,49.6507],[5.8098,49.6599],[5.8086,49.6537],[5.8048,49.6537],[5.8033,49.6505],[5.7994,49.6464],[5.7948,49.6472],[5.7928,49.6503],[5.7933,49.6526],[5.792,49.6553],[5.7866,49.6532],[5.7861,49.6482],[5.7867,49.6431],[5.7841,49.6418],[5.7833,49.64],[5.7862,49.6387],[5.7888,49.6356],[5.7884,49.632],[5.7848,49.6323],[5.7836,49.6342],[5.7803,49.6341],[5.778,49.6312],[5.7785,49.6266],[5.7762,49.6237],[5.7688,49.6241],[5.7664,49.6249],[5.7629,49.6245],[5.7614,49.6264],[5.7568,49.6254],[5.7517,49.6221],[5.7497,49.6233],[5.7473,49.6219],[5.7453,49.6242],[5.7384,49.6226],[5.7378,49.6236],[5.7366,49.6232],[5.7369,49.6196],[5.7318,49.6164],[5.7288,49.6118],[5.7329,49.6104],[5.7377,49.6102],[5.7416,49.6069],[5.7412,49.6023],[5.7384,49.6012],[5.7383,49.5975],[5.7397,49.5964],[5.7431,49.5978],[5.7448,49.5951],[5.747,49.5951],[5.749,49.5973],[5.7529,49.5992],[5.7632,49.5966],[5.7664,49.5975],[5.7671,49.5944],[5.7693,49.5949],[5.7753,49.5912],[5.7785,49.5944],[5.7827,49.5941],[5.7872,49.5912],[5.7907,49.5902],[5.7919,49.5888],[5.7956,49.589],[5.8038,49.5846],[5.8067,49.5824],[5.8109,49.5804],[5.8122,49.5807],[5.8187,49.5771],[5.8196,49.5771],[5.8251,49.5728],[5.831,49.5756],[5.8319,49.5727],[5.838,49.572],[5.8418,49.5731],[5.8421,49.5762],[5.8402,49.5778],[5.8422,49.5796],[5.8404,49.5825],[5.8407,49.5841],[5.8385,49.5867],[5.8431,49.5925],[5.8486,49.5972]]]},"properties":{"id":"81015","name":"Messancy","subdivision":"Luxembourg","cx":5.811,"cy":49.613}},
{"type":"Feature","geometry":{"type":"Polygon","coordinates":[[[5.9959,50.3358],[5.9977,50.3412],[5.999,50.3431],[5.9975,50.3455],[5.9996,50.3478],[5.9965,50.3504],[5.9947,50.3581],[5.9882,50.361],[5.9836,50.3619],[5.9761,50.362],[5.97,50.364],[5.9664,50.3714],[5.9611,50.3715],[5.9563,50.3742],[5.9433,50.3732],[5.9376,50.3713],[5.9288,50.3713],[5.926,50.373],[5.9202,50.3744],[5.9161,50.3736],[5.9124,50.3773],[5.9065,50.3787],[5.9052,50.3825],[5.9023,50.3832],[5.8994,50.3811],[5.8992,50.3777],[5.898,50.3769],[5.886,50.378],[5.8831,50.3778],[5.8784,50.3763],[5.8757,50.3769],[5.874,50.3792],[5.8765,50.3837],[5.8751,50.3844],[5.8689,50.383],[5.8626,50.3837],[5.863,50.3853],[5.8618,50.3885],[5.8567,50.3876],[5.851,50.3912],[5.847,50.3899],[5.8457,50.3877],[5.8425,50.3878],[5.8384,50.3839],[5.8335,50.3847],[5.8225,50.3789],[5.8151,50.3774],[5.8146,50.3761],[5.8073,50.3749],[5.7942,50.3744],[5.7747,50.3688],[5.7602,50.3659],[5.7603,50.3646],[5.7607,50.3627],[5.7634,50.3607],[5.7658,50.3557],[5.769,50.3566],[5.7695,50.3537],[5.7713,50.3509],[5.7852,50.3443],[5.7898,50.3414],[5.7932,50.3402],[5.7993,50.3404],[5.8043,50.3421],[5.8215,50.3442],[5.8282,50.347],[5.8321,50.3471],[5.8346,50.3481],[5.834,50.339],[5.8365,50.3373],[5.8384,50.3324],[5.8382,50.3279],[5.8429,50.3245],[5.8439,50.3216],[5.8498,50.3198],[5.8508,50.3214],[5.8505,50.3268],[5.8513,50.3355],[5.856,50.3401],[5.8554,50.3407],[5.8609,50.3456],[5.8621,50.3484],[5.8666,50.3456],[5.8704,50.344],[5.8801,50.3417],[5.8833,50.3402],[5.8894,50.3386],[5.8964,50.3399],[5.902,50.3388],[5.911,50.3351],[5.9163,50.3345],[5.9219,50.3328],[5.9284,50.3325],[5.9333,50.3347],[5.9369,50.3384],[5.9441,50.3364],[5.9491,50.3364],[5.9556,50.3334],[5.9609,50.3274],[5.9802,50.3299],[5.9983,50.33],[6.002,50.3331],[6.0004,50.3361],[5.9959,50.3358]]]},"properties":{"id":"63086","name":"Trois-Ponts","subdivision":"Liège","cx":5.903,"cy":50.358}},
{"type":"Feature","geometry":{"type":"Polygon","coordinates":[[[5.6293,49.6271],[5.6339,49.6278],[5.6367,49.6273],[5.6399,49.6298],[5.6441,49.6306],[5.6448,49.6317],[5.6413,49.6358],[5.6408,49.6393],[5.6488,49.6424],[5.6503,49.6455],[5.6528,49.6435],[5.6589,49.6413],[5.6639,49.6371],[5.667,49.6374],[5.6682,49.6358],[5.6718,49.6341],[5.6724,49.6317],[5.6815,49.6369],[5.6862,49.6422],[5.6917,49.6442],[5.6937,49.6457],[5.6984,49.6506],[5.6987,49.6551],[5.6997,49.6571],[5.6952,49.6575],[5.6959,49.66],[5.6944,49.6658],[5.6891,49.6705],[5.6874,49.6781],[5.6847,49.6792],[5.6841,49.6824],[5.68,49.6852],[5.6786,49.6873],[5.6752,49.6896],[5.6697,49.6885],[5.661,49.6916],[5.6565,49.6905],[5.6528,49.6903],[5.6504,49.6911],[5.6476,49.6893],[5.6448,49.6902],[5.6398,49.6906],[5.6389,49.69],[5.626,49.6929],[5.6209,49.6946],[5.6153,49.6938],[5.6051,49.6961],[5.6041,49.6972],[5.5994,49.6976],[5.5974,49.7029],[5.5981,49.7044],[5.5975,49.7081],[5.599,49.7098],[5.5929,49.7098],[5.5897,49.7115],[5.5877,49.7108],[5.5841,49.7113],[5.5824,49.7091],[5.5794,49.7102],[5.5694,49.7077],[5.566,49.7083],[5.5623,49.707],[5.5574,49.7061],[5.5547,49.7063],[5.5446,49.7037],[5.5289,49.701],[5.5355,49.6974],[5.5373,49.6975],[5.542,49.6936],[5.5441,49.6934],[5.5478,49.6902],[5.5477,49.688],[5.555,49.6868],[5.5566,49.6835],[5.552,49.6811],[5.5496,49.681],[5.5472,49.6767],[5.5458,49.6757],[5.5502,49.6698],[5.5491,49.6682],[5.5488,49.6639],[5.5499,49.6602],[5.5474,49.6575],[5.5384,49.6567],[5.5328,49.6572],[5.5314,49.6552],[5.5317,49.6506],[5.5336,49.6487],[5.5327,49.6459],[5.5356,49.6422],[5.5365,49.6379],[5.5393,49.634],[5.5385,49.6311],[5.5409,49.6303],[5.5428,49.6274],[5.5506,49.6245],[5.5693,49.6227],[5.5748,49.6214],[5.5761,49.6264],[5.5744,49.6296],[5.5726,49.6311],[5.5723,49.6364],[5.5741,49.6388],[5.5769,49.6395],[5.5786,49.6384],[5.5857,49.6385],[5.5875,49.6367],[5.5918,49.6352],[5.5919,49.6324],[5.591,49.6302],[5.5946,49.6269],[5.5986,49.6273],[5.6026,49.6255],[5.6069,49.6258],[5.6091,49.6238],[5.6127,49.6234],[5.6187,49.6245],[5.6226,49.6242],[5.6252,49.6261],[5.6293,49.6271]]]},"properties":{"id":"85009","name":"Étalle","subdivision":"Luxembourg","cx":5.609,"cy":49.664}},
{"type":"Feature","geometry":{"type":"Polygon","coordinates":[[[5.7378,49.6236],[5.7384,49.6226],[5.7453,49.6242],[5.7473,49.6219],[5.7497,49.6233],[5.7517,49.6221],[5.7568,49.6254],[5.7614,49.6264],[5.7629,49.6245],[5.7664,49.6249],[5.7688,49.6241],[5.7762,49.6237],[5.7785,49.6266],[5.778,49.6312],[5.7803,49.6341],[5.7836,49.6342],[5.7848,49.6323],[5.7884,49.632],[5.7888,49.6356],[5.7862,49.6387],[5.7833,49.64],[5.7841,49.6418],[5.7867,49.6431],[5.7861,49.6482],[5.7866,49.6532],[5.792,49.6553],[5.7933,49.6526],[5.7928,49.6503],[5.7948,49.6472],[5.7994,49.6464],[5.8033,49.6505],[5.8048,49.6537],[5.8086,49.6537],[5.8098,49.6599],[5.8191,49.6507],[5.8169,49.6442],[5.8115,49.6418],[5.8126,49.6402],[5.818,49.6403],[5.8183,49.6423],[5.8225,49.6431],[5.8227,49.6447],[5.8265,49.6468],[5.8312,49.6467],[5.8334,49.6451],[5.8359,49.6455],[5.8408,49.6421],[5.844,49.6457],[5.8479,49.6435],[5.8479,49.6422],[5.8533,49.6423],[5.8537,49.6408],[5.8587,49.6409],[5.8633,49.6417],[5.8675,49.6352],[5.8689,49.6343],[5.8667,49.6316],[5.8665,49.6298],[5.8757,49.6273],[5.8758,49.6261],[5.8801,49.6234],[5.8809,49.6244],[5.8864,49.6273],[5.8827,49.6309],[5.8839,49.633],[5.8869,49.635],[5.8923,49.6362],[5.8977,49.6358],[5.8991,49.6344],[5.9032,49.6362],[5.9077,49.6391],[5.9042,49.6419],[5.9041,49.6455],[5.9027,49.6471],[5.9017,49.6514],[5.9033,49.6542],[5.9053,49.6549],[5.9029,49.6576],[5.9049,49.661],[5.9106,49.6625],[5.9079,49.6657],[5.9019,49.6643],[5.9001,49.666],[5.898,49.6664],[5.8958,49.6686],[5.8928,49.6662],[5.8897,49.6705],[5.8846,49.6694],[5.8824,49.6717],[5.878,49.6733],[5.8739,49.6733],[5.8702,49.6754],[5.8654,49.6761],[5.8618,49.6811],[5.8626,49.6846],[5.8645,49.6874],[5.8634,49.6885],[5.8669,49.6918],[5.8657,49.693],[5.8683,49.6947],[5.8718,49.6984],[5.8732,49.6986],[5.8779,49.7012],[5.8822,49.7057],[5.8869,49.7093],[5.8815,49.7131],[5.8748,49.7158],[5.8741,49.7174],[5.8766,49.7181],[5.8752,49.7219],[5.8707,49.7216],[5.8703,49.7235],[5.8654,49.7267],[5.8617,49.7262],[5.86,49.7272],[5.8555,49.725],[5.8514,49.7243],[5.8445,49.7213],[5.8409,49.7214],[5.8375,49.7239],[5.8314,49.7245],[5.8262,49.7236],[5.8263,49.7193],[5.8253,49.7185],[5.8207,49.7182],[5.8193,49.7168],[5.8149,49.7163],[5.8107,49.719],[5.8047,49.718],[5.7995,49.7187],[5.8018,49.7156],[5.7946,49.7135],[5.7956,49.7105],[5.7918,49.71],[5.7856,49.7131],[5.787,49.7165],[5.786,49.7188],[5.7869,49.7205],[5.7857,49.722],[5.7821,49.7225],[5.777,49.722],[5.7722,49.7201],[5.7694,49.7201],[5.7671,49.7181],[5.7636,49.7192],[5.7606,49.713],[5.7581,49.7107],[5.7557,49.7111],[5.7515,49.7094],[5.7481,49.7099],[5.7454,49.7085],[5.7404,49.7076],[5.7374,49.7058],[5.7348,49.7021],[5.7297,49.6995],[5.7284,49.6967],[5.7209,49.6978],[5.713,49.7003],[5.7103,49.7032],[5.7088,49.7076],[5.7057,49.7075],[5.7011,49.7091],[5.6992,49.7131],[5.6974,49.7113],[5.6948,49.7107],[5.6946,49.7058],[5.6924,49.7047],[5.6932,49.6955],[5.6877,49.6941],[5.6874,49.6912],[5.6844,49.6909],[5.6813,49.6876],[5.6786,49.6873],[5.68,49.6852],[5.6841,49.6824],[5.6847,49.6792],[5.6874,49.6781],[5.6891,49.6705],[5.6944,49.6658],[5.6959,49.66],[5.6952,49.6575],[5.6997,49.6571],[5.6987,49.6551],[5.6984,49.6506],[5.6937,49.6457],[5.6994,49.6462],[5.7056,49.6458],[5.7116,49.6429],[5.7127,49.6417],[5.7161,49.641],[5.7189,49.6425],[5.7285,49.6412],[5.7306,49.6369],[5.7343,49.639],[5.7379,49.6396],[5.7366,49.6367],[5.739,49.6345],[5.7381,49.6306],[5.7406,49.6258],[5.7378,49.6236]]]},"properties":{"id":"81001","name":"Arlon","subdivision":"Luxembourg","cx":5.766,"cy":49.679}},
{"type":"Feature","geometry":{"type":"Polygon","coordinates":[[[5.4163,49.6293],[5.419,49.6348],[5.4207,49.642],[5.425,49.6473],[5.4197,49.6532],[5.4167,49.6611],[5.4144,49.6593],[5.4073,49.6579],[5.4003,49.6547],[5.3925,49.6523],[5.3919,49.6573],[5.3906,49.6583],[5.3851,49.6589],[5.3849,49.6603],[5.3821,49.6615],[5.3758,49.6626],[5.3729,49.6624],[5.3697,49.6634],[5.3704,49.667],[5.368,49.6686],[5.3669,49.6663],[5.3637,49.6634],[5.3639,49.6604],[5.354,49.6576],[5.3432,49.6571],[5.3381,49.6598],[5.3348,49.664],[5.3339,49.6679],[5.3379,49.6692],[5.3404,49.6748],[5.3393,49.6781],[5.3412,49.6784],[5.3415,49.6815],[5.3472,49.6841],[5.3485,49.6872],[5.3523,49.6894],[5.3529,49.6918],[5.3567,49.6939],[5.3581,49.697],[5.3604,49.6985],[5.3564,49.7001],[5.3547,49.702],[5.3503,49.704],[5.3441,49.7083],[5.3426,49.7116],[5.339,49.7123],[5.3369,49.7137],[5.3364,49.7173],[5.3324,49.7175],[5.3277,49.7153],[5.3215,49.7147],[5.3218,49.7219],[5.3139,49.7267],[5.3155,49.7298],[5.3191,49.7317],[5.3211,49.7344],[5.3208,49.7365],[5.3163,49.7373],[5.3186,49.7393],[5.3192,49.7426],[5.3162,49.745],[5.309,49.7434],[5.3268,49.7751],[5.3354,49.7792],[5.3257,49.7812],[5.3197,49.7795],[5.3099,49.7789],[5.3077,49.7778],[5.2972,49.7805],[5.295,49.7776],[5.2914,49.7761],[5.29,49.7718],[5.2858,49.7698],[5.2856,49.7672],[5.2832,49.7648],[5.2795,49.7639],[5.2747,49.7596],[5.2682,49.7599],[5.2685,49.7643],[5.2675,49.7655],[5.2638,49.7654],[5.2592,49.7635],[5.2561,49.7638],[5.2533,49.7673],[5.247,49.7682],[5.2478,49.7714],[5.2461,49.7721],[5.2397,49.7709],[5.2363,49.7688],[5.2331,49.7698],[5.2312,49.775],[5.2291,49.7747],[5.23,49.7699],[5.2291,49.7633],[5.2297,49.7601],[5.2276,49.7595],[5.2245,49.7614],[5.2251,49.7665],[5.2222,49.7714],[5.2167,49.7747],[5.212,49.7724],[5.2061,49.7731],[5.2041,49.7748],[5.1989,49.776],[5.1851,49.7757],[5.1865,49.7693],[5.1848,49.7677],[5.1806,49.7662],[5.1741,49.7649],[5.1723,49.7629],[5.1681,49.7608],[5.1636,49.7607],[5.1548,49.7584],[5.1552,49.7552],[5.1537,49.7527],[5.1554,49.7504],[5.1525,49.7471],[5.1525,49.7442],[5.156,49.7411],[5.1556,49.7377],[5.158,49.7352],[5.1561,49.7297],[5.151,49.731],[5.1471,49.7275],[5.1486,49.724],[5.1504,49.7226],[5.1537,49.7179],[5.156,49.7176],[5.1614,49.7149],[5.1653,49.7115],[5.1658,49.7071],[5.1637,49.7001],[5.1645,49.6939],[5.1662,49.6929],[5.1794,49.6942],[5.1875,49.6941],[5.1913,49.695],[5.196,49.6935],[5.1956,49.692],[5.1996,49.6923],[5.2051,49.6961],[5.2064,49.696],[5.2147,49.6891],[5.2179,49.6875],[5.229,49.6909],[5.2317,49.691],[5.2366,49.6894],[5.242,49.689],[5.2443,49.6859],[5.25,49.6883],[5.2559,49.6941],[5.2627,49.6948],[5.2673,49.6965],[5.2708,49.6952],[5.2807,49.6891],[5.2822,49.6856],[5.2865,49.6818],[5.2892,49.6817],[5.2946,49.6767],[5.3081,49.6719],[5.311,49.669],[5.3144,49.6676],[5.3191,49.6637],[5.3289,49.6578],[5.3324,49.6543],[5.3324,49.6526],[5.3178,49.6464],[5.3182,49.6448],[5.3117,49.6383],[5.3086,49.6366],[5.3079,49.634],[5.3049,49.6301],[5.3049,49.625],[5.3081,49.6203],[5.3107,49.6183],[5.3118,49.6124],[5.315,49.612],[5.3189,49.6147],[5.3209,49.6138],[5.3234,49.6156],[5.3297,49.6171],[5.3332,49.6158],[5.3397,49.6166],[5.3393,49.6184],[5.3427,49.622],[5.3431,49.6269],[5.3457,49.6307],[5.3481,49.6312],[5.3521,49.6307],[5.3568,49.6267],[5.3591,49.6268],[5.3623,49.6254],[5.3634,49.6231],[5.366,49.6234],[5.3708,49.6227],[5.3755,49.6229],[5.3781,49.6224],[5.3821,49.6202],[5.3891,49.6187],[5.3932,49.6185],[5.3998,49.6222],[5.4027,49.625],[5.4061,49.6294],[5.4082,49.6294],[5.4133,49.6275],[5.4163,49.6293]]]},"properties":{"id":"85011","name":"Florenville","subdivision":"Luxembourg","cx":5.256,"cy":49.728}},
{"type":"Feature","geometry":{"type":"Polygon","coordinates":[[[5.5385,49.6311],[5.5393,49.634],[5.5365,49.6379],[5.5356,49.6422],[5.5327,49.6459],[5.5336,49.6487],[5.5317,49.6506],[5.5314,49.6552],[5.5328,49.6572],[5.5384,49.6567],[5.5474,49.6575],[5.5499,49.6602],[5.5488,49.6639],[5.5491,49.6682],[5.5502,49.6698],[5.5458,49.6757],[5.5472,49.6767],[5.5496,49.681],[5.552,49.6811],[5.5566,49.6835],[5.555,49.6868],[5.5477,49.688],[5.5478,49.6902],[5.5441,49.6934],[5.542,49.6936],[5.5373,49.6975],[5.5355,49.6974],[5.5289,49.701],[5.5261,49.7007],[5.5195,49.7029],[5.5185,49.704],[5.5213,49.7068],[5.5198,49.7091],[5.5177,49.7087],[5.5152,49.7109],[5.5104,49.7129],[5.5103,49.7146],[5.5127,49.7167],[5.5118,49.721],[5.5101,49.7249],[5.5081,49.7275],[5.5039,49.729],[5.5008,49.731],[5.501,49.7344],[5.4913,49.7405],[5.4848,49.7423],[5.479,49.7477],[5.4785,49.752],[5.4706,49.7551],[5.4682,49.7566],[5.4643,49.7614],[5.4495,49.7738],[5.4476,49.7778],[5.4479,49.7807],[5.4394,49.7831],[5.4378,49.7829],[5.4322,49.7819],[5.4255,49.7765],[5.4253,49.773],[5.43,49.7711],[5.429,49.7689],[5.4246,49.7658],[5.4207,49.765],[5.4175,49.7635],[5.423,49.7611],[5.4284,49.7613],[5.4267,49.7594],[5.4307,49.7591],[5.4577,49.7444],[5.4485,49.7325],[5.4471,49.728],[5.4618,49.7263],[5.4614,49.7253],[5.4656,49.7223],[5.4711,49.7173],[5.4754,49.716],[5.4753,49.7143],[5.4807,49.7112],[5.4796,49.7033],[5.4775,49.7029],[5.4756,49.7051],[5.4726,49.7043],[5.4701,49.705],[5.4686,49.7036],[5.4686,49.6978],[5.4655,49.6965],[5.4608,49.6961],[5.4591,49.6945],[5.4607,49.6929],[5.4603,49.6906],[5.4529,49.6912],[5.4491,49.6905],[5.4465,49.6864],[5.4463,49.6826],[5.4494,49.6805],[5.448,49.6777],[5.4493,49.6756],[5.4481,49.6731],[5.4495,49.6684],[5.4485,49.6675],[5.439,49.6672],[5.4381,49.6635],[5.4345,49.6634],[5.4343,49.6609],[5.4167,49.6611],[5.4197,49.6532],[5.425,49.6473],[5.4207,49.642],[5.419,49.6348],[5.4163,49.6293],[5.4221,49.6318],[5.4269,49.6313],[5.4287,49.6329],[5.4337,49.635],[5.4399,49.636],[5.4427,49.6383],[5.4464,49.64],[5.4492,49.6392],[5.4505,49.6362],[5.4503,49.6344],[5.4532,49.6321],[5.4576,49.6314],[5.4607,49.6333],[5.468,49.6316],[5.473,49.6313],[5.4826,49.6339],[5.4841,49.6316],[5.4841,49.6283],[5.4873,49.6282],[5.4917,49.6305],[5.4924,49.6323],[5.4958,49.6339],[5.5007,49.6326],[5.5104,49.6346],[5.517,49.6348],[5.5205,49.634],[5.5233,49.6313],[5.5257,49.6316],[5.5266,49.6287],[5.5286,49.6274],[5.5303,49.6234],[5.5287,49.6209],[5.5305,49.6194],[5.5332,49.6201],[5.5313,49.6228],[5.5316,49.6254],[5.5359,49.6281],[5.5385,49.6311]]]},"properties":{"id":"85039","name":"Tintigny","subdivision":"Luxembourg","cx":5.489,"cy":49.671}},
{"type":"Feature","geometry":{"type":"Polygon","coordinates":[[[5.6786,49.6873],[5.6813,49.6876],[5.6844,49.6909],[5.6874,49.6912],[5.6877,49.6941],[5.6932,49.6955],[5.6924,49.7047],[5.6946,49.7058],[5.6948,49.7107],[5.6974,49.7113],[5.6992,49.7131],[5.7011,49.7091],[5.7057,49.7075],[5.7088,49.7076],[5.7082,49.7096],[5.706,49.7118],[5.7059,49.7153],[5.6994,49.7173],[5.6983,49.7201],[5.6984,49.7224],[5.6964,49.7236],[5.6919,49.7244],[5.6909,49.7281],[5.6873,49.7283],[5.6851,49.7301],[5.6814,49.7362],[5.6775,49.7399],[5.677,49.7415],[5.6815,49.7434],[5.6854,49.7443],[5.6895,49.7492],[5.691,49.7523],[5.6934,49.7539],[5.7037,49.7561],[5.706,49.7579],[5.7088,49.7622],[5.7072,49.7644],[5.7112,49.7674],[5.7131,49.7703],[5.7126,49.7751],[5.7116,49.7755],[5.6981,49.7759],[5.6847,49.7824],[5.6804,49.7839],[5.6776,49.7825],[5.6692,49.7825],[5.6545,49.7776],[5.6547,49.7742],[5.6522,49.7739],[5.6513,49.7694],[5.6482,49.7675],[5.6444,49.7688],[5.6423,49.7718],[5.6397,49.7736],[5.6316,49.7727],[5.6317,49.7758],[5.6299,49.7767],[5.6247,49.7768],[5.6225,49.7801],[5.6151,49.7779],[5.6121,49.7782],[5.6092,49.7757],[5.6077,49.7733],[5.5937,49.7712],[5.5889,49.7744],[5.5835,49.7753],[5.5813,49.7748],[5.5726,49.7756],[5.5681,49.7747],[5.5648,49.7753],[5.566,49.7699],[5.5644,49.7674],[5.5666,49.7645],[5.5642,49.7625],[5.5621,49.759],[5.558,49.7571],[5.5551,49.7598],[5.5532,49.7596],[5.5523,49.7572],[5.5534,49.7544],[5.5522,49.7504],[5.5492,49.7496],[5.5495,49.7476],[5.5468,49.7469],[5.5457,49.7431],[5.5365,49.7454],[5.5313,49.7438],[5.5221,49.7427],[5.5158,49.7437],[5.5104,49.7433],[5.5084,49.7408],[5.5088,49.738],[5.5073,49.7369],[5.501,49.7344],[5.5008,49.731],[5.5039,49.729],[5.5081,49.7275],[5.5101,49.7249],[5.5118,49.721],[5.5127,49.7167],[5.5103,49.7146],[5.5104,49.7129],[5.5152,49.7109],[5.5177,49.7087],[5.5198,49.7091],[5.5213,49.7068],[5.5185,49.704],[5.5195,49.7029],[5.5261,49.7007],[5.5289,49.701],[5.5446,49.7037],[5.5547,49.7063],[5.5574,49.7061],[5.5623,49.707],[5.566,49.7083],[5.5694,49.7077],[5.5794,49.7102],[5.5824,49.7091],[5.5841,49.7113],[5.5877,49.7108],[5.5897,49.7115],[5.5929,49.7098],[5.599,49.7098],[5.5975,49.7081],[5.5981,49.7044],[5.5974,49.7029],[5.5994,49.6976],[5.6041,49.6972],[5.6051,49.6961],[5.6153,49.6938],[5.6209,49.6946],[5.626,49.6929],[5.6389,49.69],[5.6398,49.6906],[5.6448,49.6902],[5.6476,49.6893],[5.6504,49.6911],[5.6528,49.6903],[5.6565,49.6905],[5.661,49.6916],[5.6697,49.6885],[5.6752,49.6896],[5.6786,49.6873]]]},"properties":{"id":"85046","name":"Habay","subdivision":"Luxembourg","cx":5.619,"cy":49.738}},
{"type":"Feature","geometry":{"type":"Polygon","coordinates":[[[5.4167,49.6611],[5.4343,49.6609],[5.4345,49.6634],[5.4381,49.6635],[5.439,49.6672],[5.4485,49.6675],[5.4495,49.6684],[5.4481,49.6731],[5.4493,49.6756],[5.448,49.6777],[5.4494,49.6805],[5.4463,49.6826],[5.4465,49.6864],[5.4491,49.6905],[5.4529,49.6912],[5.4603,49.6906],[5.4607,49.6929],[5.4591,49.6945],[5.4608,49.6961],[5.4655,49.6965],[5.4686,49.6978],[5.4686,49.7036],[5.4701,49.705],[5.4726,49.7043],[5.4756,49.7051],[5.4775,49.7029],[5.4796,49.7033],[5.4807,49.7112],[5.4753,49.7143],[5.4754,49.716],[5.4711,49.7173],[5.4656,49.7223],[5.4614,49.7253],[5.4618,49.7263],[5.4471,49.728],[5.4485,49.7325],[5.4577,49.7444],[5.4307,49.7591],[5.4267,49.7594],[5.4284,49.7613],[5.423,49.7611],[5.4175,49.7635],[5.4207,49.765],[5.4246,49.7658],[5.429,49.7689],[5.43,49.7711],[5.4253,49.773],[5.4255,49.7765],[5.4322,49.7819],[5.4378,49.7829],[5.436,49.7837],[5.4276,49.7825],[5.4244,49.7838],[5.4205,49.784],[5.4171,49.7855],[5.4148,49.7852],[5.4127,49.7867],[5.4118,49.7905],[5.412,49.7869],[5.4132,49.7845],[5.4088,49.7844],[5.4048,49.7817],[5.4014,49.781],[5.3987,49.7794],[5.3947,49.779],[5.3913,49.7806],[5.393,49.7772],[5.3628,49.7752],[5.3635,49.7773],[5.3577,49.7778],[5.3514,49.7757],[5.3411,49.7762],[5.3389,49.7768],[5.3354,49.7792],[5.3268,49.7751],[5.309,49.7434],[5.3162,49.745],[5.3192,49.7426],[5.3186,49.7393],[5.3163,49.7373],[5.3208,49.7365],[5.3211,49.7344],[5.3191,49.7317],[5.3155,49.7298],[5.3139,49.7267],[5.3218,49.7219],[5.3215,49.7147],[5.3277,49.7153],[5.3324,49.7175],[5.3364,49.7173],[5.3369,49.7137],[5.339,49.7123],[5.3426,49.7116],[5.3441,49.7083],[5.3503,49.704],[5.3547,49.702],[5.3564,49.7001],[5.3604,49.6985],[5.3581,49.697],[5.3567,49.6939],[5.3529,49.6918],[5.3523,49.6894],[5.3485,49.6872],[5.3472,49.6841],[5.3415,49.6815],[5.3412,49.6784],[5.3393,49.6781],[5.3404,49.6748],[5.3379,49.6692],[5.3339,49.6679],[5.3348,49.664],[5.3381,49.6598],[5.3432,49.6571],[5.354,49.6576],[5.3639,49.6604],[5.3637,49.6634],[5.3669,49.6663],[5.368,49.6686],[5.3704,49.667],[5.3697,49.6634],[5.3729,49.6624],[5.3758,49.6626],[5.3821,49.6615],[5.3849,49.6603],[5.3851,49.6589],[5.3906,49.6583],[5.3919,49.6573],[5.3925,49.6523],[5.4003,49.6547],[5.4073,49.6579],[5.4144,49.6593],[5.4167,49.6611]]]},"properties":{"id":"85007","name":"Chiny","subdivision":"Luxembourg","cx":5.395,"cy":49.722}},
{"type":"Feature","geometry":{"type":"Polygon","coordinates":[[[5.8262,49.7236],[5.8244,49.7261],[5.8268,49.727],[5.8272,49.7289],[5.8254,49.732],[5.8282,49.7335],[5.827,49.739],[5.8321,49.7413],[5.8304,49.7434],[5.8324,49.7469],[5.8304,49.7495],[5.8283,49.7502],[5.824,49.7493],[5.8205,49.7513],[5.8205,49.7534],[5.8178,49.754],[5.8159,49.7622],[5.8112,49.7653],[5.8094,49.7653],[5.8075,49.7719],[5.8039,49.7763],[5.7995,49.778],[5.7984,49.7819],[5.7919,49.7871],[5.7933,49.7906],[5.7903,49.7956],[5.7887,49.7966],[5.7849,49.7953],[5.7813,49.7923],[5.7768,49.7946],[5.7722,49.7933],[5.7694,49.7942],[5.7627,49.7932],[5.7554,49.7914],[5.7509,49.7898],[5.7498,49.7878],[5.7506,49.7837],[5.7452,49.7799],[5.7422,49.7799],[5.7401,49.7779],[5.7354,49.7765],[5.7337,49.7742],[5.7297,49.7747],[5.7286,49.7728],[5.7258,49.772],[5.722,49.7739],[5.7205,49.7723],[5.718,49.7731],[5.7173,49.7757],[5.7116,49.7755],[5.7126,49.7751],[5.7131,49.7703],[5.7112,49.7674],[5.7072,49.7644],[5.7088,49.7622],[5.706,49.7579],[5.7037,49.7561],[5.6934,49.7539],[5.691,49.7523],[5.6895,49.7492],[5.6854,49.7443],[5.6815,49.7434],[5.677,49.7415],[5.6775,49.7399],[5.6814,49.7362],[5.6851,49.7301],[5.6873,49.7283],[5.6909,49.7281],[5.6919,49.7244],[5.6964,49.7236],[5.6984,49.7224],[5.6983,49.7201],[5.6994,49.7173],[5.7059,49.7153],[5.706,49.7118],[5.7082,49.7096],[5.7088,49.7076],[5.7103,49.7032],[5.713,49.7003],[5.7209,49.6978],[5.7284,49.6967],[5.7297,49.6995],[5.7348,49.7021],[5.7374,49.7058],[5.7404,49.7076],[5.7454,49.7085],[5.7481,49.7099],[5.7515,49.7094],[5.7557,49.7111],[5.7581,49.7107],[5.7606,49.713],[5.7636,49.7192],[5.7671,49.7181],[5.7694,49.7201],[5.7722,49.7201],[5.777,49.722],[5.7821,49.7225],[5.7857,49.722],[5.7869,49.7205],[5.786,49.7188],[5.787,49.7165],[5.7856,49.7131],[5.7918,49.71],[5.7956,49.7105],[5.7946,49.7135],[5.8018,49.7156],[5.7995,49.7187],[5.8047,49.718],[5.8107,49.719],[5.8149,49.7163],[5.8193,49.7168],[5.8207,49.7182],[5.8253,49.7185],[5.8263,49.7193],[5.8262,49.7236]]]},"properties":{"id":"81003","name":"Attert","subdivision":"Luxembourg","cx":5.756,"cy":49.749}},
{"type":"Feature","geometry":{"type":"Polygon","coordinates":[[[5.3354,49.7792],[5.3389,49.7768],[5.3411,49.7762],[5.3514,49.7757],[5.3577,49.7778],[5.3635,49.7773],[5.3628,49.7752],[5.393,49.7772],[5.3913,49.7806],[5.3912,49.7843],[5.3953,49.7885],[5.394,49.7918],[5.3966,49.7941],[5.3962,49.7975],[5.3942,49.8],[5.3901,49.8009],[5.3911,49.8045],[5.3941,49.8063],[5.3935,49.8089],[5.3892,49.8083],[5.3896,49.8114],[5.3801,49.8128],[5.3767,49.8168],[5.3747,49.8158],[5.3691,49.8225],[5.3669,49.8238],[5.3659,49.8262],[5.3611,49.8221],[5.3595,49.8225],[5.3584,49.819],[5.3557,49.8165],[5.3519,49.8151],[5.3525,49.818],[5.3489,49.822],[5.3449,49.8248],[5.341,49.8241],[5.3343,49.8289],[5.3304,49.8285],[5.3273,49.8305],[5.3224,49.8302],[5.3178,49.8265],[5.3158,49.8275],[5.3036,49.8234],[5.3024,49.82],[5.2974,49.8171],[5.2966,49.8153],[5.2919,49.8155],[5.2835,49.813],[5.2817,49.8132],[5.2808,49.8093],[5.2789,49.8083],[5.2719,49.8096],[5.2693,49.8125],[5.2639,49.8115],[5.2613,49.812],[5.2553,49.8114],[5.2514,49.81],[5.2485,49.8105],[5.2443,49.8097],[5.2385,49.8061],[5.2334,49.8055],[5.2292,49.8021],[5.2235,49.8002],[5.2157,49.8022],[5.219,49.7991],[5.2201,49.7945],[5.2227,49.7926],[5.2251,49.7967],[5.2281,49.7959],[5.2269,49.7918],[5.2287,49.7875],[5.2322,49.7831],[5.2331,49.7805],[5.2317,49.778],[5.2256,49.777],[5.2228,49.7756],[5.2219,49.7739],[5.2222,49.7714],[5.2251,49.7665],[5.2245,49.7614],[5.2276,49.7595],[5.2297,49.7601],[5.2291,49.7633],[5.23,49.7699],[5.2291,49.7747],[5.2312,49.775],[5.2331,49.7698],[5.2363,49.7688],[5.2397,49.7709],[5.2461,49.7721],[5.2478,49.7714],[5.247,49.7682],[5.2533,49.7673],[5.2561,49.7638],[5.2592,49.7635],[5.2638,49.7654],[5.2675,49.7655],[5.2685,49.7643],[5.2682,49.7599],[5.2747,49.7596],[5.2795,49.7639],[5.2832,49.7648],[5.2856,49.7672],[5.2858,49.7698],[5.29,49.7718],[5.2914,49.7761],[5.295,49.7776],[5.2972,49.7805],[5.3077,49.7778],[5.3099,49.7789],[5.3197,49.7795],[5.3257,49.7812],[5.3354,49.7792]]]},"properties":{"id":"84029","name":"Herbeumont","subdivision":"Luxembourg","cx":5.312,"cy":49.8}},
{"type":"Feature","geometry":{"type":"Polygon","coordinates":[[[5.7116,49.7755],[5.7173,49.7757],[5.718,49.7731],[5.7205,49.7723],[5.722,49.7739],[5.7258,49.772],[5.7286,49.7728],[5.7297,49.7747],[5.7337,49.7742],[5.7354,49.7765],[5.7401,49.7779],[5.7422,49.7799],[5.7452,49.7799],[5.7506,49.7837],[5.7498,49.7878],[5.7509,49.7898],[5.7554,49.7914],[5.7533,49.7934],[5.7531,49.7961],[5.7508,49.8069],[5.75,49.8119],[5.7511,49.8148],[5.7471,49.8152],[5.7441,49.8193],[5.7435,49.8211],[5.7474,49.823],[5.7482,49.8245],[5.7463,49.8261],[5.7437,49.8315],[5.7392,49.8336],[5.7409,49.8389],[5.7439,49.8396],[5.7492,49.8389],[5.7504,49.8404],[5.7486,49.8423],[5.7482,49.8462],[5.7515,49.8473],[5.753,49.8453],[5.7554,49.8451],[5.7582,49.8463],[5.7581,49.8493],[5.7551,49.8516],[5.7489,49.8514],[5.746,49.8523],[5.7471,49.8544],[5.748,49.8554],[5.742,49.8578],[5.7387,49.8575],[5.73,49.8547],[5.7287,49.8555],[5.724,49.8546],[5.7183,49.8543],[5.7149,49.8511],[5.7167,49.8452],[5.7139,49.842],[5.71,49.8406],[5.7105,49.8394],[5.7084,49.8351],[5.704,49.8331],[5.7021,49.8305],[5.7046,49.8276],[5.7035,49.8231],[5.7006,49.8207],[5.7016,49.8202],[5.7053,49.8108],[5.6861,49.7836],[5.6847,49.7824],[5.6981,49.7759],[5.7116,49.7755]]]},"properties":{"id":"81013","name":"Martelange","subdivision":"Luxembourg","cx":5.727,"cy":49.805}},
{"type":"Feature","geometry":{"type":"Polygon","coordinates":[[[5.1851,49.7757],[5.1839,49.7793],[5.1807,49.7818],[5.1827,49.7854],[5.1866,49.7891],[5.1895,49.7907],[5.19,49.7921],[5.1887,49.7955],[5.1826,49.791],[5.1766,49.7891],[5.1741,49.7896],[5.1691,49.7959],[5.1704,49.7984],[5.1689,49.8024],[5.1648,49.8095],[5.1657,49.8118],[5.1603,49.8112],[5.1639,49.8149],[5.165,49.818],[5.1636,49.821],[5.1608,49.8185],[5.1581,49.8193],[5.1611,49.8212],[5.1615,49.823],[5.1644,49.8255],[5.1609,49.8294],[5.1532,49.8303],[5.1504,49.8333],[5.1496,49.8353],[5.1511,49.8365],[5.1492,49.8386],[5.1468,49.8385],[5.1467,49.8414],[5.1425,49.8428],[5.1428,49.8448],[5.1378,49.8441],[5.1353,49.8427],[5.1311,49.8428],[5.1303,49.8475],[5.1243,49.8485],[5.1227,49.8496],[5.1183,49.85],[5.1124,49.8491],[5.0986,49.8503],[5.0947,49.8514],[5.0964,49.853],[5.0933,49.8573],[5.0925,49.8594],[5.0881,49.8623],[5.0909,49.8626],[5.0894,49.8662],[5.0837,49.8681],[5.0788,49.871],[5.0694,49.8744],[5.064,49.875],[5.0674,49.8791],[5.0647,49.8834],[5.0623,49.8834],[5.0595,49.8812],[5.05,49.8764],[5.0475,49.8786],[5.0422,49.8754],[5.0378,49.8743],[5.0357,49.872],[5.0339,49.8728],[5.0271,49.8733],[5.0206,49.8729],[5.0225,49.8708],[5.0266,49.8707],[5.0259,49.8651],[5.0214,49.863],[5.0178,49.862],[5.0121,49.8579],[5.0027,49.8574],[4.9995,49.8566],[4.9966,49.8549],[4.9958,49.8532],[4.9895,49.8529],[4.989,49.8486],[4.9879,49.8465],[4.9835,49.8432],[4.9814,49.8429],[4.9853,49.8386],[4.9834,49.8345],[4.9835,49.8294],[4.9841,49.827],[4.9883,49.8231],[4.9874,49.8204],[4.9826,49.821],[4.9773,49.8199],[4.9812,49.8165],[4.9731,49.8133],[4.9695,49.8108],[4.9707,49.808],[4.9707,49.8049],[4.9685,49.8028],[4.9694,49.8018],[4.9775,49.8014],[4.9797,49.8004],[4.9849,49.7998],[4.9944,49.8007],[4.9983,49.7999],[4.9991,49.7966],[4.9981,49.7946],[5.0018,49.7937],[5.0029,49.7914],[5.0075,49.7874],[5.0068,49.7848],[5.0083,49.7824],[5.0149,49.7795],[5.0308,49.7744],[5.0364,49.7719],[5.0427,49.7703],[5.0468,49.7702],[5.0608,49.767],[5.0622,49.7656],[5.0626,49.7621],[5.0719,49.7613],[5.0783,49.7628],[5.0837,49.7626],[5.0859,49.7636],[5.0878,49.766],[5.0935,49.7637],[5.0966,49.7598],[5.1185,49.7384],[5.1184,49.7357],[5.1248,49.727],[5.123,49.7173],[5.1253,49.7165],[5.1258,49.7124],[5.1294,49.7135],[5.1332,49.713],[5.1398,49.7136],[5.1436,49.7093],[5.1496,49.7141],[5.1522,49.7182],[5.1537,49.7179],[5.1504,49.7226],[5.1486,49.724],[5.1471,49.7275],[5.151,49.731],[5.1561,49.7297],[5.158,49.7352],[5.1556,49.7377],[5.156,49.7411],[5.1525,49.7442],[5.1525,49.7471],[5.1554,49.7504],[5.1537,49.7527],[5.1552,49.7552],[5.1548,49.7584],[5.1636,49.7607],[5.1681,49.7608],[5.1723,49.7629],[5.1741,49.7649],[5.1806,49.7662],[5.1848,49.7677],[5.1865,49.7693],[5.1851,49.7757]]]},"properties":{"id":"84010","name":"Bouillon","subdivision":"Luxembourg","cx":5.069,"cy":49.813}},
{"type":"Feature","geometry":{"type":"Polygon","coordinates":[[[5.501,49.7344],[5.5073,49.7369],[5.5088,49.738],[5.5084,49.7408],[5.5104,49.7433],[5.5158,49.7437],[5.5221,49.7427],[5.5313,49.7438],[5.5365,49.7454],[5.5457,49.7431],[5.5468,49.7469],[5.5495,49.7476],[5.5492,49.7496],[5.5522,49.7504],[5.5534,49.7544],[5.5523,49.7572],[5.5532,49.7596],[5.5551,49.7598],[5.558,49.7571],[5.5621,49.759],[5.5642,49.7625],[5.5666,49.7645],[5.5644,49.7674],[5.566,49.7699],[5.5648,49.7753],[5.5681,49.7747],[5.5726,49.7756],[5.5813,49.7748],[5.5835,49.7753],[5.5889,49.7744],[5.5937,49.7712],[5.6077,49.7733],[5.6092,49.7757],[5.6121,49.7782],[5.6151,49.7779],[5.6225,49.7801],[5.6247,49.7768],[5.6299,49.7767],[5.6317,49.7758],[5.6316,49.7727],[5.6397,49.7736],[5.6423,49.7718],[5.6444,49.7688],[5.6482,49.7675],[5.6513,49.7694],[5.6522,49.7739],[5.6547,49.7742],[5.6545,49.7776],[5.6692,49.7825],[5.6776,49.7825],[5.6804,49.7839],[5.6847,49.7824],[5.6861,49.7836],[5.7053,49.8108],[5.7016,49.8202],[5.7006,49.8207],[5.6964,49.8237],[5.6975,49.8249],[5.6962,49.8271],[5.6933,49.8255],[5.6919,49.8268],[5.6854,49.8255],[5.6825,49.8282],[5.6729,49.8286],[5.6749,49.8307],[5.6735,49.8337],[5.6684,49.8325],[5.6665,49.8328],[5.6618,49.8316],[5.6559,49.8319],[5.6481,49.8315],[5.6398,49.8328],[5.6367,49.8313],[5.6342,49.8317],[5.6329,49.8342],[5.6333,49.8372],[5.6246,49.8357],[5.6224,49.8336],[5.6212,49.8307],[5.6198,49.8296],[5.6163,49.8305],[5.6183,49.8338],[5.6185,49.8358],[5.63,49.8371],[5.6334,49.8381],[5.6322,49.8403],[5.6298,49.8416],[5.6309,49.8457],[5.6359,49.8448],[5.6378,49.847],[5.6359,49.8488],[5.637,49.8519],[5.6373,49.8557],[5.6324,49.8596],[5.6327,49.8614],[5.6374,49.8661],[5.6349,49.8682],[5.6355,49.8716],[5.6353,49.8755],[5.6376,49.8763],[5.6385,49.8801],[5.6402,49.8814],[5.6359,49.8828],[5.6384,49.8844],[5.6453,49.8862],[5.647,49.8855],[5.6504,49.8867],[5.6494,49.8903],[5.6522,49.8931],[5.6518,49.8957],[5.6537,49.8981],[5.6562,49.8985],[5.6571,49.9003],[5.6549,49.9006],[5.6439,49.8976],[5.6395,49.8955],[5.634,49.8948],[5.6251,49.8924],[5.606,49.8842],[5.6062,49.8834],[5.5946,49.879],[5.5873,49.8775],[5.5844,49.8759],[5.583,49.8728],[5.5771,49.8698],[5.5755,49.8683],[5.5692,49.8684],[5.5675,49.8698],[5.5646,49.8697],[5.5587,49.8678],[5.5544,49.8708],[5.5441,49.867],[5.5434,49.8677],[5.5364,49.8682],[5.5321,49.8702],[5.5295,49.8699],[5.5256,49.8687],[5.5242,49.8663],[5.5213,49.8641],[5.5159,49.8636],[5.5142,49.8612],[5.5041,49.8585],[5.5037,49.8579],[5.5073,49.8523],[5.5071,49.8463],[5.5104,49.8455],[5.5151,49.8433],[5.5179,49.8429],[5.5196,49.8402],[5.5192,49.8358],[5.5196,49.8338],[5.5249,49.8318],[5.5241,49.8302],[5.5172,49.8285],[5.5159,49.8261],[5.5136,49.8242],[5.5142,49.823],[5.5107,49.8199],[5.5071,49.8191],[5.5092,49.8145],[5.5033,49.8155],[5.5015,49.8152],[5.4993,49.8182],[5.4964,49.8191],[5.494,49.8183],[5.4913,49.8195],[5.4888,49.8189],[5.4833,49.819],[5.4782,49.8127],[5.4723,49.814],[5.4647,49.8135],[5.4639,49.8153],[5.4589,49.8155],[5.4565,49.8123],[5.4543,49.8108],[5.448,49.8087],[5.4477,49.807],[5.4424,49.804],[5.4402,49.8001],[5.4404,49.7983],[5.4339,49.7958],[5.4303,49.7951],[5.4297,49.7934],[5.4257,49.7947],[5.4118,49.7905],[5.4127,49.7867],[5.4148,49.7852],[5.4171,49.7855],[5.4205,49.784],[5.4244,49.7838],[5.4276,49.7825],[5.436,49.7837],[5.4378,49.7829],[5.4394,49.7831],[5.4479,49.7807],[5.4476,49.7778],[5.4495,49.7738],[5.4643,49.7614],[5.4682,49.7566],[5.4706,49.7551],[5.4785,49.752],[5.479,49.7477],[5.4848,49.7423],[5.4913,49.7405],[5.501,49.7344]]]},"properties":{"id":"84033","name":"Léglise","subdivision":"Luxembourg","cx":5.567,"cy":49.817}},
{"type":"Feature","geometry":{"type":"Polygon","coordinates":[[[5.4118,49.7905],[5.4257,49.7947],[5.4297,49.7934],[5.4303,49.7951],[5.4339,49.7958],[5.4404,49.7983],[5.4402,49.8001],[5.4424,49.804],[5.4477,49.807],[5.448,49.8087],[5.4543,49.8108],[5.4565,49.8123],[5.4589,49.8155],[5.4639,49.8153],[5.4647,49.8135],[5.4723,49.814],[5.4782,49.8127],[5.4833,49.819],[5.4888,49.8189],[5.4913,49.8195],[5.494,49.8183],[5.4964,49.8191],[5.4993,49.8182],[5.5015,49.8152],[5.5033,49.8155],[5.5092,49.8145],[5.5071,49.8191],[5.5107,49.8199],[5.5142,49.823],[5.5136,49.8242],[5.5159,49.8261],[5.5172,49.8285],[5.5241,49.8302],[5.5249,49.8318],[5.5196,49.8338],[5.5192,49.8358],[5.5196,49.8402],[5.5179,49.8429],[5.5151,49.8433],[5.5104,49.8455],[5.5071,49.8463],[5.5073,49.8523],[5.5037,49.8579],[5.5041,49.8585],[5.5142,49.8612],[5.5159,49.8636],[5.5213,49.8641],[5.5242,49.8663],[5.5256,49.8687],[5.5295,49.8699],[5.5261,49.8741],[5.526,49.8763],[5.5285,49.8772],[5.5286,49.8805],[5.5203,49.8827],[5.5165,49.8868],[5.5116,49.8871],[5.5089,49.8905],[5.5041,49.8929],[5.5052,49.8954],[5.5023,49.8991],[5.4986,49.9003],[5.4963,49.9032],[5.4815,49.9031],[5.4704,49.9001],[5.4657,49.8974],[5.4569,49.8979],[5.4519,49.8974],[5.4444,49.9006],[5.4388,49.9008],[5.437,49.8992],[5.4302,49.8951],[5.4311,49.8937],[5.4201,49.8916],[5.4189,49.8927],[5.4128,49.8917],[5.4093,49.8898],[5.4061,49.8898],[5.3977,49.8874],[5.3974,49.8858],[5.3947,49.8854],[5.3929,49.8838],[5.3897,49.883],[5.3778,49.8771],[5.3666,49.8759],[5.3642,49.8751],[5.3607,49.8761],[5.3485,49.8827],[5.3447,49.887],[5.3413,49.8877],[5.3331,49.8857],[5.3298,49.887],[5.3252,49.8876],[5.3212,49.8843],[5.3183,49.8833],[5.315,49.8814],[5.3215,49.8746],[5.3256,49.8726],[5.3269,49.8709],[5.3271,49.8682],[5.3325,49.8665],[5.3352,49.8647],[5.3385,49.8612],[5.342,49.8603],[5.35,49.8562],[5.3526,49.8544],[5.3544,49.8505],[5.3517,49.8474],[5.3532,49.8449],[5.3514,49.8406],[5.3541,49.8389],[5.3574,49.8385],[5.3635,49.8365],[5.3638,49.8332],[5.3616,49.8328],[5.361,49.8288],[5.3659,49.8262],[5.3669,49.8238],[5.3691,49.8225],[5.3747,49.8158],[5.3767,49.8168],[5.3801,49.8128],[5.3896,49.8114],[5.3892,49.8083],[5.3935,49.8089],[5.3941,49.8063],[5.3911,49.8045],[5.3901,49.8009],[5.3942,49.8],[5.3962,49.7975],[5.3966,49.7941],[5.394,49.7918],[5.3953,49.7885],[5.3912,49.7843],[5.3913,49.7806],[5.3947,49.779],[5.3987,49.7794],[5.4014,49.781],[5.4048,49.7817],[5.4088,49.7844],[5.4132,49.7845],[5.412,49.7869],[5.4118,49.7905]]]},"properties":{"id":"84043","name":"Neufchâteau","subdivision":"Luxembourg","cx":5.434,"cy":49.851}},
{"type":"Feature","geometry":{"type":"Polygon","coordinates":[[[4.9814,49.8429],[4.9791,49.8468],[4.976,49.8476],[4.9746,49.8518],[4.9784,49.8562],[4.9752,49.8581],[4.9679,49.866],[4.9538,49.8763],[4.9447,49.8784],[4.9444,49.8812],[4.9412,49.8818],[4.939,49.8807],[4.9354,49.8818],[4.9342,49.8838],[4.9347,49.8881],[4.9329,49.8888],[4.9308,49.8934],[4.9337,49.8954],[4.9389,49.8963],[4.9418,49.8956],[4.945,49.8974],[4.9433,49.901],[4.9477,49.9044],[4.9492,49.9087],[4.9527,49.9096],[4.9506,49.9139],[4.946,49.9172],[4.9429,49.917],[4.9373,49.9237],[4.9351,49.9226],[4.9284,49.9256],[4.9205,49.924],[4.9212,49.9281],[4.9204,49.9299],[4.913,49.9307],[4.9106,49.9269],[4.908,49.9277],[4.9023,49.9255],[4.9018,49.924],[4.8963,49.926],[4.8925,49.9251],[4.8912,49.9233],[4.8877,49.923],[4.8858,49.924],[4.8819,49.9235],[4.8768,49.9255],[4.8758,49.9247],[4.881,49.922],[4.8804,49.9168],[4.8899,49.9092],[4.8862,49.9056],[4.8807,49.9056],[4.8773,49.9043],[4.8769,49.9015],[4.8851,49.9021],[4.8873,49.8989],[4.8849,49.8968],[4.8776,49.8945],[4.8767,49.8919],[4.8741,49.8899],[4.8692,49.8836],[4.8711,49.8803],[4.866,49.8779],[4.8622,49.8722],[4.8616,49.8704],[4.8628,49.8671],[4.8585,49.865],[4.8512,49.8645],[4.8516,49.8538],[4.8551,49.849],[4.8573,49.8469],[4.8568,49.8418],[4.8663,49.8424],[4.8669,49.8419],[4.8688,49.8348],[4.8665,49.8332],[4.869,49.8312],[4.8688,49.823],[4.8768,49.8197],[4.8758,49.8172],[4.8695,49.8155],[4.8656,49.8133],[4.8656,49.8101],[4.8628,49.8018],[4.8595,49.8003],[4.8588,49.7969],[4.8516,49.7933],[4.858,49.7918],[4.8617,49.7893],[4.8708,49.7895],[4.8701,49.7934],[4.8755,49.7934],[4.8807,49.7925],[4.8872,49.7881],[4.8895,49.789],[4.8949,49.7884],[4.8986,49.789],[4.9004,49.7866],[4.9055,49.7855],[4.9173,49.7875],[4.9194,49.7886],[4.9314,49.7867],[4.9323,49.7898],[4.9388,49.7929],[4.9423,49.7924],[4.9429,49.7907],[4.9475,49.7988],[4.9572,49.8017],[4.9582,49.8001],[4.9625,49.7979],[4.9676,49.7987],[4.9694,49.8018],[4.9685,49.8028],[4.9707,49.8049],[4.9707,49.808],[4.9695,49.8108],[4.9731,49.8133],[4.9812,49.8165],[4.9773,49.8199],[4.9826,49.821],[4.9874,49.8204],[4.9883,49.8231],[4.9841,49.827],[4.9835,49.8294],[4.9834,49.8345],[4.9853,49.8386],[4.9814,49.8429]]]},"properties":{"id":"91143","name":"Vresse-sur-Semois","subdivision":"Namur","cx":4.913,"cy":49.846}},
{"type":"Feature","geometry":{"type":"Polygon","coordinates":[[[5.2222,49.7714],[5.2219,49.7739],[5.2228,49.7756],[5.2256,49.777],[5.2317,49.778],[5.2331,49.7805],[5.2322,49.7831],[5.2287,49.7875],[5.2269,49.7918],[5.2281,49.7959],[5.2251,49.7967],[5.2227,49.7926],[5.2201,49.7945],[5.219,49.7991],[5.2157,49.8022],[5.2235,49.8002],[5.2292,49.8021],[5.2334,49.8055],[5.2385,49.8061],[5.2443,49.8097],[5.2485,49.8105],[5.2514,49.81],[5.2553,49.8114],[5.2613,49.812],[5.2639,49.8115],[5.2693,49.8125],[5.2719,49.8096],[5.2789,49.8083],[5.2808,49.8093],[5.2817,49.8132],[5.2835,49.813],[5.2919,49.8155],[5.2966,49.8153],[5.2974,49.8171],[5.3024,49.82],[5.3036,49.8234],[5.3158,49.8275],[5.3178,49.8265],[5.3224,49.8302],[5.3273,49.8305],[5.3304,49.8285],[5.3343,49.8289],[5.341,49.8241],[5.3449,49.8248],[5.3489,49.822],[5.3525,49.818],[5.3519,49.8151],[5.3557,49.8165],[5.3584,49.819],[5.3595,49.8225],[5.3611,49.8221],[5.3659,49.8262],[5.361,49.8288],[5.3616,49.8328],[5.3638,49.8332],[5.3635,49.8365],[5.3574,49.8385],[5.3541,49.8389],[5.3514,49.8406],[5.3532,49.8449],[5.3517,49.8474],[5.3544,49.8505],[5.3526,49.8544],[5.35,49.8562],[5.342,49.8603],[5.3385,49.8612],[5.3352,49.8647],[5.3325,49.8665],[5.3271,49.8682],[5.3269,49.8709],[5.3256,49.8726],[5.3215,49.8746],[5.315,49.8814],[5.3183,49.8833],[5.3194,49.8864],[5.3056,49.8869],[5.3031,49.8875],[5.301,49.8905],[5.3003,49.8953],[5.296,49.899],[5.2945,49.9014],[5.2943,49.9061],[5.2917,49.9075],[5.2988,49.9114],[5.2997,49.9134],[5.2939,49.9129],[5.2914,49.9118],[5.2874,49.9119],[5.28,49.9105],[5.2787,49.9096],[5.2743,49.909],[5.271,49.9078],[5.2611,49.9085],[5.2561,49.9102],[5.2526,49.91],[5.2497,49.9115],[5.2459,49.912],[5.2385,49.9161],[5.2336,49.9175],[5.2331,49.9185],[5.2284,49.9215],[5.2294,49.9244],[5.226,49.9253],[5.2236,49.9269],[5.207,49.9303],[5.1893,49.9323],[5.1874,49.9291],[5.1861,49.9292],[5.1814,49.9251],[5.1815,49.9204],[5.1763,49.9193],[5.1701,49.912],[5.1688,49.9076],[5.1648,49.9069],[5.1662,49.9002],[5.1622,49.9],[5.1663,49.8973],[5.1708,49.901],[5.1711,49.9039],[5.1765,49.9],[5.1813,49.8989],[5.1908,49.8937],[5.1965,49.8921],[5.2006,49.8881],[5.2015,49.8854],[5.2,49.8845],[5.1959,49.8844],[5.1969,49.8823],[5.1958,49.8796],[5.1931,49.8781],[5.1931,49.8754],[5.1916,49.8676],[5.1919,49.8638],[5.1935,49.8618],[5.193,49.8586],[5.1834,49.8541],[5.1842,49.8475],[5.1869,49.8434],[5.1842,49.8394],[5.1814,49.8398],[5.1813,49.8372],[5.1755,49.8345],[5.174,49.8325],[5.1719,49.8335],[5.1689,49.8306],[5.1637,49.83],[5.1644,49.8255],[5.1615,49.823],[5.1611,49.8212],[5.1581,49.8193],[5.1608,49.8185],[5.1636,49.821],[5.165,49.818],[5.1639,49.8149],[5.1603,49.8112],[5.1657,49.8118],[5.1648,49.8095],[5.1689,49.8024],[5.1704,49.7984],[5.1691,49.7959],[5.1741,49.7896],[5.1766,49.7891],[5.1826,49.791],[5.1887,49.7955],[5.19,49.7921],[5.1895,49.7907],[5.1866,49.7891],[5.1827,49.7854],[5.1807,49.7818],[5.1839,49.7793],[5.1851,49.7757],[5.1989,49.776],[5.2041,49.7748],[5.2061,49.7731],[5.212,49.7724],[5.2167,49.7747],[5.2222,49.7714]]]},"properties":{"id":"84009","name":"Bertrix","subdivision":"Luxembourg","cx":5.246,"cy":49.856}},
{"type":"Feature","geometry":{"type":"Polygon","coordinates":[[[4.9429,49.917],[4.946,49.9202],[4.948,49.9206],[4.9496,49.9228],[4.9497,49.9253],[4.9562,49.9273],[4.9612,49.9306],[4.9659,49.9318],[4.9674,49.9347],[4.9717,49.9332],[4.9739,49.9334],[4.9772,49.9385],[4.9758,49.9431],[4.9764,49.9448],[4.9847,49.9472],[4.9895,49.9503],[4.9951,49.9516],[4.9957,49.9542],[4.9943,49.9561],[4.998,49.9579],[4.9951,49.9606],[4.9938,49.9663],[5.0069,49.9706],[5.0096,49.9728],[5.0069,49.9733],[5.0036,49.9762],[4.9961,49.977],[4.9956,49.982],[4.9939,49.9852],[4.9918,49.987],[4.9946,49.9911],[4.9969,49.9933],[4.9948,49.9966],[4.9971,49.9985],[4.9903,50.0048],[4.9855,50.012],[4.9872,50.0151],[4.9908,50.0161],[4.9882,50.0182],[4.9837,50.0234],[4.9795,50.0252],[4.973,50.029],[4.9703,50.0297],[4.965,50.029],[4.9522,50.0247],[4.9467,50.0242],[4.9421,50.0219],[4.9419,50.0193],[4.9367,50.0181],[4.9347,50.0209],[4.9341,50.0236],[4.9388,50.025],[4.9388,50.0271],[4.9405,50.029],[4.9445,50.0299],[4.9458,50.0316],[4.9489,50.0331],[4.9545,50.0379],[4.9621,50.0396],[4.9624,50.042],[4.9646,50.045],[4.9652,50.0478],[4.9616,50.0479],[4.9458,50.0459],[4.9353,50.0453],[4.9336,50.0426],[4.9302,50.0431],[4.9273,50.0445],[4.9226,50.0502],[4.9181,50.0514],[4.9063,50.0476],[4.9007,50.0465],[4.8947,50.0389],[4.8918,50.0367],[4.8888,50.0384],[4.8845,50.0364],[4.8801,50.0385],[4.8784,50.0405],[4.8739,50.0403],[4.87,50.0379],[4.8629,50.0388],[4.8618,50.0364],[4.8576,50.0353],[4.8556,50.0383],[4.8499,50.0407],[4.8487,50.0442],[4.8463,50.0446],[4.8434,50.0423],[4.8412,50.0428],[4.8404,50.0377],[4.8352,50.0349],[4.8293,50.0336],[4.8276,50.0303],[4.823,50.0285],[4.8194,50.0259],[4.8219,50.0219],[4.818,50.0197],[4.8169,50.0154],[4.8209,50.0119],[4.8209,50.011],[4.816,50.0029],[4.8161,49.9977],[4.8185,49.9948],[4.8126,49.9888],[4.8101,49.9881],[4.8059,49.9837],[4.8037,49.9827],[4.7956,49.9828],[4.7931,49.9811],[4.7953,49.977],[4.79,49.9698],[4.7909,49.9584],[4.7963,49.9582],[4.807,49.9545],[4.8138,49.9543],[4.821,49.9517],[4.8276,49.951],[4.8301,49.949],[4.8391,49.9507],[4.8469,49.9491],[4.8502,49.9463],[4.8539,49.9387],[4.8586,49.9322],[4.8596,49.9316],[4.8704,49.9277],[4.8758,49.9247],[4.8768,49.9255],[4.8819,49.9235],[4.8858,49.924],[4.8877,49.923],[4.8912,49.9233],[4.8925,49.9251],[4.8963,49.926],[4.9018,49.924],[4.9023,49.9255],[4.908,49.9277],[4.9106,49.9269],[4.913,49.9307],[4.9204,49.9299],[4.9212,49.9281],[4.9205,49.924],[4.9284,49.9256],[4.9351,49.9226],[4.9373,49.9237],[4.9429,49.917]]]},"properties":{"id":"91054","name":"Gedinne","subdivision":"Namur","cx":4.901,"cy":49.984}},
{"type":"Feature","geometry":{"type":"Polygon","coordinates":[[[5.7471,49.8544],[5.7502,49.8544],[5.7546,49.8565],[5.7574,49.8559],[5.7605,49.8563],[5.755,49.861],[5.7547,49.8625],[5.7568,49.8652],[5.7559,49.8669],[5.7532,49.868],[5.7539,49.8719],[5.7564,49.8732],[5.7587,49.8728],[5.7623,49.8698],[5.7673,49.87],[5.7693,49.8725],[5.7721,49.8714],[5.7738,49.8676],[5.7775,49.8721],[5.7828,49.8719],[5.7835,49.8732],[5.7792,49.8745],[5.7781,49.876],[5.7836,49.8775],[5.7828,49.8792],[5.7789,49.8811],[5.7779,49.8839],[5.7717,49.8852],[5.7705,49.8869],[5.7674,49.8873],[5.7602,49.8893],[5.7573,49.8895],[5.7556,49.8908],[5.7479,49.8924],[5.7464,49.8942],[5.7428,49.8951],[5.7398,49.895],[5.7357,49.8969],[5.7376,49.901],[5.7405,49.9023],[5.7399,49.9042],[5.7466,49.9064],[5.7461,49.9077],[5.7482,49.9095],[5.7446,49.909],[5.7392,49.9133],[5.7322,49.9137],[5.7266,49.9152],[5.7239,49.9165],[5.7224,49.9195],[5.7242,49.9203],[5.7236,49.9251],[5.7281,49.926],[5.7209,49.9295],[5.7211,49.934],[5.7258,49.9376],[5.7247,49.941],[5.7202,49.9406],[5.7169,49.9397],[5.7147,49.9411],[5.7104,49.942],[5.7088,49.9397],[5.7079,49.9412],[5.7044,49.9409],[5.6968,49.9385],[5.6949,49.9343],[5.695,49.9325],[5.6928,49.9315],[5.6958,49.9294],[5.6925,49.9275],[5.6914,49.9245],[5.6919,49.9226],[5.6869,49.9227],[5.6861,49.9174],[5.6689,49.9084],[5.665,49.9079],[5.6644,49.9059],[5.6613,49.905],[5.6571,49.9003],[5.6562,49.8985],[5.6537,49.8981],[5.6518,49.8957],[5.6522,49.8931],[5.6494,49.8903],[5.6504,49.8867],[5.647,49.8855],[5.6453,49.8862],[5.6384,49.8844],[5.6359,49.8828],[5.6402,49.8814],[5.6385,49.8801],[5.6376,49.8763],[5.6353,49.8755],[5.6355,49.8716],[5.6349,49.8682],[5.6374,49.8661],[5.6327,49.8614],[5.6324,49.8596],[5.6373,49.8557],[5.637,49.8519],[5.6359,49.8488],[5.6378,49.847],[5.6359,49.8448],[5.6309,49.8457],[5.6298,49.8416],[5.6322,49.8403],[5.6334,49.8381],[5.63,49.8371],[5.6185,49.8358],[5.6183,49.8338],[5.6163,49.8305],[5.6198,49.8296],[5.6212,49.8307],[5.6224,49.8336],[5.6246,49.8357],[5.6333,49.8372],[5.6329,49.8342],[5.6342,49.8317],[5.6367,49.8313],[5.6398,49.8328],[5.6481,49.8315],[5.6559,49.8319],[5.6618,49.8316],[5.6665,49.8328],[5.6684,49.8325],[5.6735,49.8337],[5.6749,49.8307],[5.6729,49.8286],[5.6825,49.8282],[5.6854,49.8255],[5.6919,49.8268],[5.6933,49.8255],[5.6962,49.8271],[5.6975,49.8249],[5.6964,49.8237],[5.7006,49.8207],[5.7035,49.8231],[5.7046,49.8276],[5.7021,49.8305],[5.704,49.8331],[5.7084,49.8351],[5.7105,49.8394],[5.71,49.8406],[5.7139,49.842],[5.7167,49.8452],[5.7149,49.8511],[5.7183,49.8543],[5.724,49.8546],[5.7287,49.8555],[5.73,49.8547],[5.7387,49.8575],[5.742,49.8578],[5.748,49.8554],[5.7471,49.8544]]]},"properties":{"id":"82009","name":"Fauvillers","subdivision":"Luxembourg","cx":5.695,"cy":49.879}},
{"type":"Feature","geometry":{"type":"Polygon","coordinates":[[[5.1644,49.8255],[5.1637,49.83],[5.1689,49.8306],[5.1719,49.8335],[5.174,49.8325],[5.1755,49.8345],[5.1813,49.8372],[5.1814,49.8398],[5.1842,49.8394],[5.1869,49.8434],[5.1842,49.8475],[5.1834,49.8541],[5.193,49.8586],[5.1935,49.8618],[5.1919,49.8638],[5.1916,49.8676],[5.1931,49.8754],[5.1931,49.8781],[5.1958,49.8796],[5.1969,49.8823],[5.1959,49.8844],[5.2,49.8845],[5.2015,49.8854],[5.2006,49.8881],[5.1965,49.8921],[5.1908,49.8937],[5.1813,49.8989],[5.1765,49.9],[5.1711,49.9039],[5.1708,49.901],[5.1663,49.8973],[5.1622,49.9],[5.1662,49.9002],[5.1648,49.9069],[5.1688,49.9076],[5.1701,49.912],[5.1763,49.9193],[5.1815,49.9204],[5.1814,49.9251],[5.1861,49.9292],[5.1874,49.9291],[5.1893,49.9323],[5.1859,49.9344],[5.1815,49.9337],[5.1758,49.935],[5.1797,49.938],[5.1941,49.9463],[5.1936,49.9492],[5.1913,49.9507],[5.1914,49.9538],[5.1853,49.9575],[5.1847,49.9586],[5.1865,49.9619],[5.1931,49.9632],[5.196,49.9645],[5.1915,49.9699],[5.1936,49.9725],[5.1922,49.9748],[5.1871,49.9741],[5.1849,49.9772],[5.1825,49.9791],[5.1823,49.981],[5.1797,49.9838],[5.1734,49.9857],[5.1742,49.9869],[5.1711,49.99],[5.1653,49.9883],[5.1674,49.9845],[5.1674,49.9828],[5.1629,49.9836],[5.1608,49.9854],[5.1562,49.9841],[5.1609,49.9797],[5.1523,49.9782],[5.1466,49.9829],[5.1428,49.9845],[5.1438,49.9888],[5.1376,49.989],[5.1351,49.9899],[5.1351,49.9883],[5.1385,49.9863],[5.1345,49.9835],[5.1343,49.9812],[5.1323,49.9788],[5.1289,49.9806],[5.126,49.9797],[5.1216,49.9827],[5.1167,49.9811],[5.1136,49.9794],[5.1081,49.9781],[5.111,49.9764],[5.1119,49.9733],[5.111,49.9716],[5.105,49.9697],[5.1018,49.9694],[5.1001,49.9669],[5.1006,49.9627],[5.0995,49.9619],[5.1022,49.9603],[5.1004,49.9561],[5.1024,49.9512],[5.1025,49.9466],[5.0988,49.9424],[5.0984,49.9369],[5.1005,49.934],[5.1047,49.9298],[5.1098,49.9279],[5.11,49.9254],[5.112,49.9244],[5.1184,49.9235],[5.1196,49.9224],[5.1153,49.9205],[5.0985,49.9205],[5.0923,49.9189],[5.0872,49.9169],[5.0867,49.9151],[5.0812,49.9128],[5.0742,49.9131],[5.072,49.9125],[5.0702,49.9096],[5.0658,49.9065],[5.0657,49.9021],[5.063,49.9],[5.0575,49.8971],[5.052,49.8982],[5.0475,49.8978],[5.0467,49.8957],[5.0429,49.8924],[5.0496,49.8901],[5.0482,49.8883],[5.0628,49.8865],[5.0565,49.8819],[5.0513,49.8805],[5.0475,49.8786],[5.05,49.8764],[5.0595,49.8812],[5.0623,49.8834],[5.0647,49.8834],[5.0674,49.8791],[5.064,49.875],[5.0694,49.8744],[5.0788,49.871],[5.0837,49.8681],[5.0894,49.8662],[5.0909,49.8626],[5.0881,49.8623],[5.0925,49.8594],[5.0933,49.8573],[5.0964,49.853],[5.0947,49.8514],[5.0986,49.8503],[5.1124,49.8491],[5.1183,49.85],[5.1227,49.8496],[5.1243,49.8485],[5.1303,49.8475],[5.1311,49.8428],[5.1353,49.8427],[5.1378,49.8441],[5.1428,49.8448],[5.1425,49.8428],[5.1467,49.8414],[5.1468,49.8385],[5.1492,49.8386],[5.1511,49.8365],[5.1496,49.8353],[5.1504,49.8333],[5.1532,49.8303],[5.1609,49.8294],[5.1644,49.8255]]]},"properties":{"id":"84050","name":"Paliseul","subdivision":"Luxembourg","cx":5.13,"cy":49.891}},
{"type":"Feature","geometry":{"type":"Polygon","coordinates":[[[5.6571,49.9003],[5.6613,49.905],[5.6644,49.9059],[5.665,49.9079],[5.6689,49.9084],[5.6861,49.9174],[5.6869,49.9227],[5.6919,49.9226],[5.6914,49.9245],[5.6925,49.9275],[5.6958,49.9294],[5.6928,49.9315],[5.695,49.9325],[5.6949,49.9343],[5.6968,49.9385],[5.7044,49.9409],[5.7079,49.9412],[5.7088,49.9397],[5.7136,49.9577],[5.7085,49.9593],[5.7057,49.9593],[5.704,49.9619],[5.7022,49.9622],[5.7038,49.9658],[5.702,49.9663],[5.6992,49.969],[5.698,49.9711],[5.6938,49.9706],[5.6958,49.9678],[5.6915,49.9662],[5.6887,49.9678],[5.6898,49.9711],[5.6927,49.9728],[5.6896,49.9745],[5.6883,49.9772],[5.6843,49.9796],[5.6818,49.9836],[5.6791,49.9854],[5.6746,49.9849],[5.6695,49.9882],[5.6678,49.9923],[5.6529,49.9898],[5.6494,49.9934],[5.6466,49.9983],[5.6455,50.0019],[5.6401,50.0034],[5.6402,50.006],[5.6382,50.0084],[5.6363,50.0069],[5.6241,50.0099],[5.6229,50.0118],[5.6162,50.0099],[5.6088,50.0068],[5.6123,50.0025],[5.6043,49.9977],[5.6016,49.9941],[5.5972,49.9924],[5.5943,49.9891],[5.5865,49.9865],[5.5867,49.9842],[5.5888,49.9835],[5.5856,49.9811],[5.5864,49.9756],[5.5842,49.9734],[5.5835,49.9703],[5.5794,49.9681],[5.5791,49.9643],[5.577,49.9622],[5.576,49.9588],[5.5704,49.9587],[5.5621,49.9554],[5.56,49.9607],[5.5642,49.9639],[5.5625,49.9657],[5.5546,49.965],[5.5487,49.9667],[5.5427,49.9637],[5.5422,49.9627],[5.5454,49.9589],[5.5494,49.9563],[5.5534,49.9525],[5.5495,49.9518],[5.5492,49.9487],[5.5378,49.9469],[5.5337,49.9456],[5.5308,49.9457],[5.5281,49.9438],[5.5244,49.9399],[5.5252,49.9378],[5.5236,49.9363],[5.5244,49.9326],[5.5282,49.9312],[5.5243,49.9275],[5.5179,49.9244],[5.5161,49.9198],[5.5067,49.9121],[5.5057,49.9107],[5.498,49.9039],[5.4963,49.9032],[5.4986,49.9003],[5.5023,49.8991],[5.5052,49.8954],[5.5041,49.8929],[5.5089,49.8905],[5.5116,49.8871],[5.5165,49.8868],[5.5203,49.8827],[5.5286,49.8805],[5.5285,49.8772],[5.526,49.8763],[5.5261,49.8741],[5.5295,49.8699],[5.5321,49.8702],[5.5364,49.8682],[5.5434,49.8677],[5.5441,49.867],[5.5544,49.8708],[5.5587,49.8678],[5.5646,49.8697],[5.5675,49.8698],[5.5692,49.8684],[5.5755,49.8683],[5.5771,49.8698],[5.583,49.8728],[5.5844,49.8759],[5.5873,49.8775],[5.5946,49.879],[5.6062,49.8834],[5.606,49.8842],[5.6251,49.8924],[5.634,49.8948],[5.6395,49.8955],[5.6439,49.8976],[5.6549,49.9006],[5.6571,49.9003]]]},"properties":{"id":"82036","name":"Vaux-sur-Sûre","subdivision":"Luxembourg","cx":5.616,"cy":49.937}},
{"type":"Feature","geometry":{"type":"Polygon","coordinates":[[[5.0475,49.8786],[5.0513,49.8805],[5.0565,49.8819],[5.0628,49.8865],[5.0482,49.8883],[5.0496,49.8901],[5.0429,49.8924],[5.0467,49.8957],[5.0475,49.8978],[5.052,49.8982],[5.0575,49.8971],[5.063,49.9],[5.0657,49.9021],[5.0658,49.9065],[5.0702,49.9096],[5.072,49.9125],[5.0742,49.9131],[5.0812,49.9128],[5.0867,49.9151],[5.0872,49.9169],[5.0923,49.9189],[5.0985,49.9205],[5.1153,49.9205],[5.1196,49.9224],[5.1184,49.9235],[5.112,49.9244],[5.11,49.9254],[5.1098,49.9279],[5.1047,49.9298],[5.1005,49.934],[5.0984,49.9369],[5.0988,49.9424],[5.1025,49.9466],[5.1024,49.9512],[5.1004,49.9561],[5.1022,49.9603],[5.0995,49.9619],[5.0937,49.9613],[5.0835,49.9665],[5.0791,49.9669],[5.0771,49.969],[5.0728,49.9706],[5.0674,49.9738],[5.066,49.9756],[5.0649,49.9796],[5.0667,49.9819],[5.0623,49.9829],[5.0605,49.9845],[5.0528,49.9835],[5.0517,49.986],[5.049,49.9866],[5.0465,49.9852],[5.0431,49.9812],[5.037,49.9804],[5.0358,49.9807],[5.0312,49.9785],[5.0233,49.9783],[5.0193,49.9778],[5.0176,49.9789],[5.0112,49.9802],[5.0071,49.983],[5.0076,49.9872],[5.0065,49.9888],[5.0101,49.9916],[5.0125,49.9924],[5.0127,49.9973],[5.0096,49.9972],[5.004,50.0009],[4.9994,50.0055],[4.9948,50.0068],[4.9965,50.0095],[4.9978,50.0136],[4.9969,50.0149],[4.9908,50.0161],[4.9872,50.0151],[4.9855,50.012],[4.9903,50.0048],[4.9971,49.9985],[4.9948,49.9966],[4.9969,49.9933],[4.9946,49.9911],[4.9918,49.987],[4.9939,49.9852],[4.9956,49.982],[4.9961,49.977],[5.0036,49.9762],[5.0069,49.9733],[5.0096,49.9728],[5.0069,49.9706],[4.9938,49.9663],[4.9951,49.9606],[4.998,49.9579],[4.9943,49.9561],[4.9957,49.9542],[4.9951,49.9516],[4.9895,49.9503],[4.9847,49.9472],[4.9764,49.9448],[4.9758,49.9431],[4.9772,49.9385],[4.9739,49.9334],[4.9717,49.9332],[4.9674,49.9347],[4.9659,49.9318],[4.9612,49.9306],[4.9562,49.9273],[4.9497,49.9253],[4.9496,49.9228],[4.948,49.9206],[4.946,49.9202],[4.9429,49.917],[4.946,49.9172],[4.9506,49.9139],[4.9527,49.9096],[4.9492,49.9087],[4.9477,49.9044],[4.9433,49.901],[4.945,49.8974],[4.9418,49.8956],[4.9389,49.8963],[4.9337,49.8954],[4.9308,49.8934],[4.9329,49.8888],[4.9347,49.8881],[4.9342,49.8838],[4.9354,49.8818],[4.939,49.8807],[4.9412,49.8818],[4.9444,49.8812],[4.9447,49.8784],[4.9538,49.8763],[4.9679,49.866],[4.9752,49.8581],[4.9784,49.8562],[4.9746,49.8518],[4.976,49.8476],[4.9791,49.8468],[4.9814,49.8429],[4.9835,49.8432],[4.9879,49.8465],[4.989,49.8486],[4.9895,49.8529],[4.9958,49.8532],[4.9966,49.8549],[4.9995,49.8566],[5.0027,49.8574],[5.0121,49.8579],[5.0178,49.862],[5.0214,49.863],[5.0259,49.8651],[5.0266,49.8707],[5.0225,49.8708],[5.0206,49.8729],[5.0271,49.8733],[5.0339,49.8728],[5.0357,49.872],[5.0378,49.8743],[5.0422,49.8754],[5.0475,49.8786]]]},"properties":{"id":"91015","name":"Bièvre","subdivision":"Namur","cx":5.019,"cy":49.922}},
{"type":"Feature","geometry":{"type":"Polygon","coordinates":[[[5.4963,49.9032],[5.498,49.9039],[5.5057,49.9107],[5.5067,49.9121],[5.5161,49.9198],[5.5179,49.9244],[5.5243,49.9275],[5.5282,49.9312],[5.5244,49.9326],[5.5236,49.9363],[5.5252,49.9378],[5.5244,49.9399],[5.5281,49.9438],[5.5308,49.9457],[5.5337,49.9456],[5.5378,49.9469],[5.5492,49.9487],[5.5495,49.9518],[5.5534,49.9525],[5.5494,49.9563],[5.5454,49.9589],[5.5422,49.9627],[5.5427,49.9637],[5.5487,49.9667],[5.5449,49.9678],[5.536,49.9664],[5.5327,49.9665],[5.5299,49.9687],[5.5305,49.9743],[5.5327,49.9762],[5.5301,49.9775],[5.5266,49.9828],[5.5243,49.9855],[5.5199,49.988],[5.5041,49.995],[5.501,49.9978],[5.4968,49.9991],[5.4905,50.0021],[5.4894,50.004],[5.489,50.0094],[5.487,50.0129],[5.4924,50.0201],[5.4949,50.0219],[5.4852,50.0241],[5.4745,50.0232],[5.4643,50.0251],[5.4604,50.0252],[5.4599,50.0219],[5.4467,50.0207],[5.4413,50.0186],[5.4367,50.015],[5.4382,50.012],[5.4379,50.0091],[5.4335,50.003],[5.429,49.999],[5.4182,49.9957],[5.415,49.9922],[5.4096,49.9902],[5.3989,49.9914],[5.3951,49.9925],[5.3939,49.9939],[5.3802,49.9929],[5.3752,49.9959],[5.3668,49.9995],[5.367,49.9984],[5.3632,49.9949],[5.3612,49.9921],[5.3546,49.9914],[5.353,49.9898],[5.3531,49.9878],[5.3494,49.9853],[5.3445,49.9828],[5.3401,49.9836],[5.3325,49.9828],[5.3248,49.9811],[5.3231,49.9802],[5.3253,49.975],[5.3291,49.9733],[5.3272,49.9706],[5.327,49.9684],[5.3303,49.9663],[5.3301,49.9645],[5.3266,49.9606],[5.327,49.9589],[5.3236,49.957],[5.3228,49.9544],[5.3243,49.9499],[5.3264,49.9484],[5.3269,49.9462],[5.3256,49.9388],[5.3252,49.9334],[5.3265,49.9299],[5.3299,49.9258],[5.3299,49.9225],[5.3273,49.92],[5.3258,49.9163],[5.3218,49.9135],[5.3164,49.9127],[5.2997,49.9134],[5.2988,49.9114],[5.2917,49.9075],[5.2943,49.9061],[5.2945,49.9014],[5.296,49.899],[5.3003,49.8953],[5.301,49.8905],[5.3031,49.8875],[5.3056,49.8869],[5.3194,49.8864],[5.3183,49.8833],[5.3212,49.8843],[5.3252,49.8876],[5.3298,49.887],[5.3331,49.8857],[5.3413,49.8877],[5.3447,49.887],[5.3485,49.8827],[5.3607,49.8761],[5.3642,49.8751],[5.3666,49.8759],[5.3778,49.8771],[5.3897,49.883],[5.3929,49.8838],[5.3947,49.8854],[5.3974,49.8858],[5.3977,49.8874],[5.4061,49.8898],[5.4093,49.8898],[5.4128,49.8917],[5.4189,49.8927],[5.4201,49.8916],[5.4311,49.8937],[5.4302,49.8951],[5.437,49.8992],[5.4388,49.9008],[5.4444,49.9006],[5.4519,49.8974],[5.4569,49.8979],[5.4657,49.8974],[5.4704,49.9001],[5.4815,49.9031],[5.4963,49.9032]]]},"properties":{"id":"84077","name":"Libramont-Chevigny","subdivision":"Luxembourg","cx":5.405,"cy":49.941}},
{"type":"Feature","geometry":{"type":"Polygon","coordinates":[[[4.9908,50.0161],[4.9969,50.0149],[4.9978,50.0136],[4.9965,50.0095],[4.9948,50.0068],[4.9994,50.0055],[5.004,50.0009],[5.0096,49.9972],[5.0127,49.9973],[5.0125,49.9924],[5.0101,49.9916],[5.0065,49.9888],[5.0076,49.9872],[5.0071,49.983],[5.0112,49.9802],[5.0176,49.9789],[5.0193,49.9778],[5.0233,49.9783],[5.0312,49.9785],[5.0358,49.9807],[5.037,49.9804],[5.0431,49.9812],[5.0465,49.9852],[5.049,49.9866],[5.0517,49.986],[5.0528,49.9835],[5.0605,49.9845],[5.0623,49.9829],[5.0667,49.9819],[5.0649,49.9796],[5.066,49.9756],[5.0674,49.9738],[5.0728,49.9706],[5.0771,49.969],[5.0791,49.9669],[5.0835,49.9665],[5.0937,49.9613],[5.0995,49.9619],[5.1006,49.9627],[5.1001,49.9669],[5.1018,49.9694],[5.105,49.9697],[5.111,49.9716],[5.1119,49.9733],[5.111,49.9764],[5.1081,49.9781],[5.1136,49.9794],[5.1167,49.9811],[5.1216,49.9827],[5.126,49.9797],[5.1289,49.9806],[5.1323,49.9788],[5.1343,49.9812],[5.1345,49.9835],[5.1385,49.9863],[5.1351,49.9883],[5.1351,49.9899],[5.1293,49.9882],[5.1274,49.9897],[5.1293,49.9975],[5.1351,49.998],[5.1354,49.9993],[5.1314,50.0033],[5.128,50.0045],[5.1286,50.0066],[5.1248,50.0084],[5.1254,50.011],[5.13,50.0123],[5.1281,50.017],[5.1352,50.0176],[5.1373,50.0185],[5.1402,50.0215],[5.1467,50.0203],[5.1517,50.0224],[5.1506,50.0267],[5.1521,50.0291],[5.1473,50.0294],[5.1443,50.0345],[5.137,50.0373],[5.1376,50.0388],[5.134,50.0388],[5.129,50.0403],[5.1252,50.0387],[5.1267,50.0333],[5.1231,50.0298],[5.1179,50.0275],[5.1131,50.0276],[5.1106,50.0248],[5.1048,50.0244],[5.1021,50.0234],[5.095,50.0241],[5.0883,50.0223],[5.0861,50.0197],[5.0869,50.0168],[5.0847,50.0159],[5.0811,50.0174],[5.0757,50.0177],[5.0704,50.0195],[5.0569,50.0212],[5.0554,50.023],[5.0505,50.0258],[5.0404,50.0264],[5.0366,50.0272],[5.034,50.0298],[5.0248,50.0312],[5.0199,50.0333],[5.0179,50.0355],[5.0113,50.0382],[5.0072,50.0395],[5.0016,50.0442],[4.9975,50.0453],[4.9949,50.0429],[4.9952,50.0415],[4.9935,50.0364],[4.9944,50.0328],[4.9884,50.0275],[4.9831,50.0286],[4.983,50.03],[4.9787,50.0308],[4.9754,50.0289],[4.973,50.029],[4.9795,50.0252],[4.9837,50.0234],[4.9882,50.0182],[4.9908,50.0161]]]},"properties":{"id":"84016","name":"Daverdisse","subdivision":"Luxembourg","cx":5.085,"cy":49.994}},
{"type":"Feature","geometry":{"type":"Polygon","coordinates":[[[5.2997,49.9134],[5.3164,49.9127],[5.3218,49.9135],[5.3258,49.9163],[5.3273,49.92],[5.3299,49.9225],[5.3299,49.9258],[5.3265,49.9299],[5.3252,49.9334],[5.3256,49.9388],[5.3269,49.9462],[5.3264,49.9484],[5.3243,49.9499],[5.3228,49.9544],[5.3236,49.957],[5.327,49.9589],[5.3266,49.9606],[5.3301,49.9645],[5.3303,49.9663],[5.327,49.9684],[5.3272,49.9706],[5.3291,49.9733],[5.3253,49.975],[5.3231,49.9802],[5.3206,49.9861],[5.321,49.9886],[5.3182,49.9894],[5.3177,49.9917],[5.3149,49.9932],[5.3137,49.9954],[5.31,49.9995],[5.3114,50.0009],[5.3107,50.003],[5.3062,50.0029],[5.3041,50.0044],[5.3049,50.008],[5.2969,50.0065],[5.2895,50.0044],[5.2898,50.0067],[5.2829,50.006],[5.2794,50.0067],[5.2804,50.0094],[5.2797,50.013],[5.2826,50.0147],[5.2821,50.017],[5.2801,50.0189],[5.2816,50.0217],[5.2767,50.0225],[5.2744,50.0244],[5.2755,50.026],[5.2749,50.0302],[5.2703,50.0323],[5.2716,50.0359],[5.2525,50.0376],[5.2376,50.0381],[5.2358,50.0361],[5.2386,50.0331],[5.2316,50.0314],[5.2285,50.0261],[5.2244,50.028],[5.2186,50.0319],[5.2116,50.0335],[5.2101,50.0364],[5.2065,50.0358],[5.2012,50.0363],[5.1971,50.0382],[5.1917,50.0371],[5.1793,50.0362],[5.1781,50.0448],[5.1685,50.0426],[5.1635,50.0442],[5.1619,50.0455],[5.1575,50.0453],[5.1536,50.0441],[5.15,50.0442],[5.1461,50.0459],[5.1393,50.0453],[5.1378,50.0438],[5.14,50.0417],[5.1376,50.0388],[5.137,50.0373],[5.1443,50.0345],[5.1473,50.0294],[5.1521,50.0291],[5.1506,50.0267],[5.1517,50.0224],[5.1467,50.0203],[5.1402,50.0215],[5.1373,50.0185],[5.1352,50.0176],[5.1281,50.017],[5.13,50.0123],[5.1254,50.011],[5.1248,50.0084],[5.1286,50.0066],[5.128,50.0045],[5.1314,50.0033],[5.1354,49.9993],[5.1351,49.998],[5.1293,49.9975],[5.1274,49.9897],[5.1293,49.9882],[5.1351,49.9899],[5.1376,49.989],[5.1438,49.9888],[5.1428,49.9845],[5.1466,49.9829],[5.1523,49.9782],[5.1609,49.9797],[5.1562,49.9841],[5.1608,49.9854],[5.1629,49.9836],[5.1674,49.9828],[5.1674,49.9845],[5.1653,49.9883],[5.1711,49.99],[5.1742,49.9869],[5.1734,49.9857],[5.1797,49.9838],[5.1823,49.981],[5.1825,49.9791],[5.1849,49.9772],[5.1871,49.9741],[5.1922,49.9748],[5.1936,49.9725],[5.1915,49.9699],[5.196,49.9645],[5.1931,49.9632],[5.1865,49.9619],[5.1847,49.9586],[5.1853,49.9575],[5.1914,49.9538],[5.1913,49.9507],[5.1936,49.9492],[5.1941,49.9463],[5.1797,49.938],[5.1758,49.935],[5.1815,49.9337],[5.1859,49.9344],[5.1893,49.9323],[5.207,49.9303],[5.2236,49.9269],[5.226,49.9253],[5.2294,49.9244],[5.2284,49.9215],[5.2331,49.9185],[5.2336,49.9175],[5.2385,49.9161],[5.2459,49.912],[5.2497,49.9115],[5.2526,49.91],[5.2561,49.9102],[5.2611,49.9085],[5.271,49.9078],[5.2743,49.909],[5.2787,49.9096],[5.28,49.9105],[5.2874,49.9119],[5.2914,49.9118],[5.2939,49.9129],[5.2997,49.9134]]]},"properties":{"id":"84035","name":"Libin","subdivision":"Luxembourg","cx":5.238,"cy":49.978}},
{"type":"Feature","geometry":{"type":"Polygon","coordinates":[[[4.3951,50.3556],[4.4006,50.3574],[4.4032,50.3598],[4.4066,50.3596],[4.4097,50.3574],[4.4164,50.3591],[4.4178,50.3624],[4.4109,50.3656],[4.4092,50.3646],[4.3988,50.37],[4.394,50.3689],[4.3913,50.3712],[4.394,50.3745],[4.3909,50.3766],[4.3897,50.381],[4.387,50.3856],[4.3871,50.3871],[4.3901,50.3885],[4.389,50.3907],[4.382,50.3923],[4.3791,50.3902],[4.3688,50.3956],[4.3633,50.3961],[4.3662,50.4042],[4.3619,50.4033],[4.3564,50.4045],[4.3556,50.4012],[4.3528,50.3968],[4.3456,50.3914],[4.341,50.3892],[4.3373,50.386],[4.3353,50.3817],[4.3353,50.375],[4.337,50.3735],[4.3398,50.3754],[4.3482,50.3753],[4.3486,50.3716],[4.3501,50.368],[4.3539,50.3682],[4.3577,50.3669],[4.3609,50.362],[4.364,50.3597],[4.3692,50.3577],[4.3729,50.3569],[4.3902,50.3551],[4.3951,50.3556]]]},"properties":{"id":"52048","name":"Montigny-le-Tilleul","subdivision":"Hainaut","cx":4.371,"cy":50.376}},
{"type":"Feature","geometry":{"type":"Polygon","coordinates":[[[4.2216,50.063],[4.2169,50.0606],[4.208,50.0579],[4.1986,50.0564],[4.1949,50.0521],[4.1938,50.0493],[4.19,50.0504],[4.186,50.0494],[4.1832,50.0474],[4.1753,50.0457],[4.171,50.047],[4.1647,50.0476],[4.1621,50.049],[4.1543,50.04],[4.1523,50.039],[4.1491,50.0325],[4.1447,50.0311],[4.1442,50.0286],[4.1374,50.0219],[4.1358,50.0195],[4.1354,50.0152],[4.1364,50.013],[4.1401,50.0096],[4.1447,50.0083],[4.1445,50.0067],[4.1476,50.0056],[4.1462,50.0037],[4.1542,50.0001],[4.1585,50.0018],[4.1619,50.0006],[4.1631,49.9953],[4.1597,49.9927],[4.1572,49.9876],[4.1541,49.9848],[4.1477,49.9834],[4.1448,49.9796],[4.1409,49.9788],[4.1458,49.9758],[4.1503,49.9766],[4.1526,49.9745],[4.1609,49.9761],[4.1644,49.9758],[4.1678,49.9771],[4.173,49.9767],[4.1783,49.972],[4.185,49.9714],[4.1912,49.9696],[4.193,49.9683],[4.1967,49.9677],[4.1981,49.9652],[4.1959,49.9632],[4.196,49.9589],[4.1948,49.9565],[4.1973,49.9545],[4.1989,49.9558],[4.2059,49.9575],[4.2098,49.9571],[4.2122,49.9577],[4.2161,49.957],[4.2228,49.9577],[4.2257,49.9591],[4.2277,49.958],[4.2331,49.9578],[4.2392,49.9588],[4.2419,49.9613],[4.251,49.9621],[4.2555,49.9638],[4.2637,49.9639],[4.2711,49.9654],[4.2733,49.9645],[4.2795,49.9647],[4.2832,49.9642],[4.2857,49.9647],[4.2902,49.9638],[4.2969,49.9647],[4.306,49.968],[4.3046,49.9715],[4.3044,49.9739],[4.3092,49.9802],[4.3087,49.9834],[4.3101,49.9885],[4.3145,49.9937],[4.3124,49.9956],[4.3006,49.9932],[4.2943,49.9942],[4.2898,49.9941],[4.2838,50.0112],[4.273,50.0166],[4.2703,50.015],[4.2674,50.0158],[4.2589,50.0156],[4.2593,50.0191],[4.2579,50.0223],[4.2533,50.0231],[4.2498,50.0245],[4.2467,50.0223],[4.2427,50.0205],[4.2396,50.0177],[4.2379,50.0183],[4.235,50.0262],[4.2319,50.0262],[4.2301,50.0287],[4.2297,50.031],[4.2326,50.0352],[4.2406,50.0414],[4.2373,50.0415],[4.2349,50.0472],[4.2293,50.0466],[4.2264,50.0528],[4.2256,50.0562],[4.2216,50.063]]]},"properties":{"id":"56051","name":"Momignies","subdivision":"Hainaut","cx":4.21,"cy":49.999}},
{"type":"Feature","geometry":{"type":"Polygon","coordinates":[[[5.6229,50.0118],[5.6237,50.0135],[5.6296,50.0169],[5.6263,50.0202],[5.6225,50.0183],[5.6192,50.0212],[5.6149,50.0202],[5.6124,50.022],[5.6149,50.0229],[5.6126,50.0251],[5.6103,50.0244],[5.6086,50.0264],[5.6036,50.0252],[5.602,50.0268],[5.5965,50.0298],[5.5942,50.0336],[5.5881,50.0352],[5.5837,50.0375],[5.5853,50.0392],[5.5852,50.0422],[5.5838,50.0453],[5.5769,50.0495],[5.5742,50.0549],[5.5734,50.0578],[5.5651,50.0634],[5.5623,50.061],[5.5524,50.0615],[5.551,50.0628],[5.5471,50.0586],[5.5441,50.0585],[5.5398,50.0607],[5.5386,50.0626],[5.5424,50.0677],[5.5406,50.0683],[5.5354,50.0674],[5.5342,50.0685],[5.5307,50.0678],[5.5274,50.0692],[5.5242,50.0693],[5.5206,50.0745],[5.511,50.0774],[5.5052,50.0765],[5.5025,50.0771],[5.4995,50.0762],[5.496,50.077],[5.4921,50.076],[5.4831,50.0725],[5.4779,50.073],[5.4743,50.072],[5.4682,50.073],[5.4608,50.0707],[5.4552,50.0664],[5.4526,50.0632],[5.4398,50.0558],[5.4351,50.0518],[5.4221,50.0499],[5.4174,50.0484],[5.4146,50.0466],[5.4177,50.0442],[5.4222,50.0419],[5.4254,50.0374],[5.4286,50.0351],[5.4272,50.0325],[5.4281,50.0291],[5.4308,50.0305],[5.4395,50.0249],[5.4443,50.023],[5.452,50.0234],[5.4556,50.0249],[5.4604,50.0252],[5.4643,50.0251],[5.4745,50.0232],[5.4852,50.0241],[5.4949,50.0219],[5.4924,50.0201],[5.487,50.0129],[5.489,50.0094],[5.4894,50.004],[5.4905,50.0021],[5.4968,49.9991],[5.501,49.9978],[5.5041,49.995],[5.5199,49.988],[5.5243,49.9855],[5.5266,49.9828],[5.5301,49.9775],[5.5327,49.9762],[5.5305,49.9743],[5.5299,49.9687],[5.5327,49.9665],[5.536,49.9664],[5.5449,49.9678],[5.5487,49.9667],[5.5546,49.965],[5.5625,49.9657],[5.5642,49.9639],[5.56,49.9607],[5.5621,49.9554],[5.5704,49.9587],[5.576,49.9588],[5.577,49.9622],[5.5791,49.9643],[5.5794,49.9681],[5.5835,49.9703],[5.5842,49.9734],[5.5864,49.9756],[5.5856,49.9811],[5.5888,49.9835],[5.5867,49.9842],[5.5865,49.9865],[5.5943,49.9891],[5.5972,49.9924],[5.6016,49.9941],[5.6043,49.9977],[5.6123,50.0025],[5.6088,50.0068],[5.6162,50.0099],[5.6229,50.0118]]]},"properties":{"id":"82038","name":"Sainte-Ode","subdivision":"Luxembourg","cx":5.531,"cy":50.025}},
{"type":"Feature","geometry":{"type":"Polygon","coordinates":[[[5.4604,50.0252],[5.4556,50.0249],[5.452,50.0234],[5.4443,50.023],[5.4395,50.0249],[5.4308,50.0305],[5.4281,50.0291],[5.4272,50.0325],[5.4286,50.0351],[5.4254,50.0374],[5.4222,50.0419],[5.4177,50.0442],[5.4146,50.0466],[5.4174,50.0484],[5.4137,50.0476],[5.4117,50.0522],[5.4053,50.0607],[5.4057,50.0652],[5.4018,50.0664],[5.4007,50.0688],[5.3972,50.0696],[5.3937,50.0719],[5.3921,50.0738],[5.3903,50.0786],[5.3883,50.0795],[5.3873,50.0817],[5.3842,50.0838],[5.3808,50.0881],[5.3735,50.0924],[5.3651,50.0946],[5.3634,50.0955],[5.3591,50.0956],[5.3574,50.0945],[5.3531,50.094],[5.3495,50.0923],[5.3434,50.0917],[5.3381,50.0929],[5.3317,50.0932],[5.3276,50.0898],[5.325,50.09],[5.322,50.0888],[5.3235,50.0853],[5.3212,50.0849],[5.3169,50.0858],[5.3153,50.0826],[5.3089,50.082],[5.2999,50.0787],[5.2973,50.0795],[5.2954,50.0775],[5.2946,50.075],[5.2891,50.0749],[5.2876,50.0755],[5.2797,50.0734],[5.2721,50.0703],[5.267,50.0676],[5.2669,50.065],[5.265,50.0626],[5.2579,50.0612],[5.2555,50.0588],[5.2527,50.06],[5.2509,50.0591],[5.2488,50.0556],[5.25,50.0547],[5.2457,50.0529],[5.2432,50.0493],[5.2331,50.0435],[5.232,50.041],[5.2346,50.0384],[5.2309,50.037],[5.2319,50.0328],[5.2316,50.0314],[5.2386,50.0331],[5.2358,50.0361],[5.2376,50.0381],[5.2525,50.0376],[5.2716,50.0359],[5.2703,50.0323],[5.2749,50.0302],[5.2755,50.026],[5.2744,50.0244],[5.2767,50.0225],[5.2816,50.0217],[5.2801,50.0189],[5.2821,50.017],[5.2826,50.0147],[5.2797,50.013],[5.2804,50.0094],[5.2794,50.0067],[5.2829,50.006],[5.2898,50.0067],[5.2895,50.0044],[5.2969,50.0065],[5.3049,50.008],[5.3041,50.0044],[5.3062,50.0029],[5.3107,50.003],[5.3114,50.0009],[5.31,49.9995],[5.3137,49.9954],[5.3149,49.9932],[5.3177,49.9917],[5.3182,49.9894],[5.321,49.9886],[5.3206,49.9861],[5.3231,49.9802],[5.3248,49.9811],[5.3325,49.9828],[5.3401,49.9836],[5.3445,49.9828],[5.3494,49.9853],[5.3531,49.9878],[5.353,49.9898],[5.3546,49.9914],[5.3612,49.9921],[5.3632,49.9949],[5.367,49.9984],[5.3668,49.9995],[5.3752,49.9959],[5.3802,49.9929],[5.3939,49.9939],[5.3951,49.9925],[5.3989,49.9914],[5.4096,49.9902],[5.415,49.9922],[5.4182,49.9957],[5.429,49.999],[5.4335,50.003],[5.4379,50.0091],[5.4382,50.012],[5.4367,50.015],[5.4413,50.0186],[5.4467,50.0207],[5.4599,50.0219],[5.4604,50.0252]]]},"properties":{"id":"84059","name":"Saint-Hubert","subdivision":"Luxembourg","cx":5.346,"cy":50.038}},
{"type":"Feature","geometry":{"type":"Polygon","coordinates":[[[5.2316,50.0314],[5.2319,50.0328],[5.2309,50.037],[5.2346,50.0384],[5.232,50.041],[5.2331,50.0435],[5.2432,50.0493],[5.2457,50.0529],[5.25,50.0547],[5.2488,50.0556],[5.2509,50.0591],[5.2527,50.06],[5.2555,50.0588],[5.2579,50.0612],[5.265,50.0626],[5.2669,50.065],[5.267,50.0676],[5.2721,50.0703],[5.2797,50.0734],[5.2876,50.0755],[5.2891,50.0749],[5.2946,50.075],[5.2954,50.0775],[5.2973,50.0795],[5.2999,50.0787],[5.3089,50.082],[5.3153,50.0826],[5.3169,50.0858],[5.3162,50.0886],[5.3126,50.0906],[5.3112,50.0885],[5.3089,50.0886],[5.3034,50.0912],[5.302,50.0905],[5.2988,50.0935],[5.2942,50.0945],[5.2896,50.0983],[5.2918,50.1],[5.2886,50.1007],[5.2841,50.1025],[5.2755,50.1045],[5.2631,50.1085],[5.2603,50.1102],[5.2486,50.1095],[5.2371,50.1103],[5.2267,50.1071],[5.227,50.1024],[5.2058,50.0984],[5.2003,50.0964],[5.1984,50.0986],[5.1939,50.0981],[5.1915,50.0985],[5.1885,50.0977],[5.1888,50.1004],[5.1695,50.1],[5.1584,50.1004],[5.1586,50.098],[5.1561,50.0963],[5.1524,50.0967],[5.1528,50.0943],[5.1606,50.0922],[5.1603,50.0847],[5.1587,50.0836],[5.1628,50.0771],[5.167,50.0759],[5.1678,50.0733],[5.1693,50.0726],[5.171,50.0623],[5.1735,50.0553],[5.1753,50.0548],[5.1748,50.0514],[5.1781,50.0448],[5.1793,50.0362],[5.1917,50.0371],[5.1971,50.0382],[5.2012,50.0363],[5.2065,50.0358],[5.2101,50.0364],[5.2116,50.0335],[5.2186,50.0319],[5.2244,50.028],[5.2285,50.0261],[5.2316,50.0314]]]},"properties":{"id":"84068","name":"Tellin","subdivision":"Luxembourg","cx":5.226,"cy":50.073}},
{"type":"Feature","geometry":{"type":"Polygon","coordinates":[[[4.5916,50.1089],[4.5844,50.1075],[4.5885,50.1014],[4.5708,50.094],[4.568,50.0936],[4.562,50.0944],[4.5431,50.0911],[4.5388,50.0918],[4.541,50.0873],[4.5347,50.0851],[4.5302,50.0842],[4.5327,50.0799],[4.5298,50.0721],[4.5265,50.0703],[4.5295,50.0664],[4.5349,50.0661],[4.5436,50.0624],[4.546,50.0539],[4.5418,50.0526],[4.5426,50.0492],[4.5453,50.0458],[4.55,50.0435],[4.5505,50.0402],[4.5526,50.0348],[4.5559,50.0319],[4.558,50.0282],[4.5658,50.0219],[4.5674,50.0168],[4.5721,50.009],[4.5776,50.0128],[4.5847,50.0153],[4.5945,50.0173],[4.6016,50.018],[4.6033,50.0128],[4.6009,50.0104],[4.6009,50.0061],[4.5985,50.0021],[4.5986,49.9998],[4.6033,49.9958],[4.6032,49.9936],[4.6052,49.9892],[4.6001,49.986],[4.6078,49.9855],[4.6224,49.9863],[4.6296,49.9877],[4.6334,49.9872],[4.6376,49.9893],[4.6415,49.9895],[4.6434,49.9907],[4.6461,49.9906],[4.6561,49.9934],[4.6641,49.994],[4.667,49.9968],[4.671,49.9971],[4.6771,49.9955],[4.6835,49.9964],[4.6886,49.9954],[4.6946,49.9965],[4.6868,50.0022],[4.6869,50.0047],[4.685,50.0078],[4.6885,50.0114],[4.6859,50.0143],[4.6858,50.0204],[4.6871,50.0246],[4.6849,50.0268],[4.6873,50.0284],[4.6906,50.034],[4.6917,50.0374],[4.6963,50.0425],[4.6951,50.0472],[4.6958,50.0487],[4.6997,50.053],[4.6971,50.0554],[4.697,50.0593],[4.6922,50.0576],[4.6866,50.0575],[4.6837,50.0642],[4.6802,50.0664],[4.6805,50.0681],[4.6854,50.0697],[4.6884,50.0727],[4.6883,50.0762],[4.6918,50.083],[4.7018,50.0951],[4.7039,50.0962],[4.7134,50.097],[4.7162,50.1008],[4.7201,50.1021],[4.7219,50.104],[4.7201,50.1073],[4.7193,50.1116],[4.7158,50.1114],[4.7094,50.1094],[4.7013,50.1116],[4.6925,50.1107],[4.6826,50.1118],[4.6789,50.1139],[4.6736,50.1117],[4.668,50.1101],[4.6672,50.1093],[4.6587,50.1076],[4.6465,50.1062],[4.6427,50.1023],[4.6389,50.1016],[4.6385,50.0971],[4.6336,50.0977],[4.6282,50.0955],[4.626,50.0933],[4.6225,50.0919],[4.6207,50.0934],[4.6173,50.1004],[4.6139,50.1045],[4.6107,50.1053],[4.6093,50.1075],[4.5993,50.1066],[4.5968,50.1074],[4.5941,50.106],[4.5916,50.1089]]]},"properties":{"id":"93090","name":"Viroinval","subdivision":"Namur","cx":4.629,"cy":50.05}},
{"type":"Feature","geometry":{"type":"Polygon","coordinates":[[[5.7482,49.9095],[5.7531,49.912],[5.7637,49.9154],[5.7607,49.9174],[5.762,49.9209],[5.7619,49.9231],[5.764,49.928],[5.7639,49.9315],[5.7709,49.9317],[5.7698,49.9332],[5.7705,49.9364],[5.7751,49.9377],[5.7739,49.9414],[5.7718,49.9445],[5.7704,49.9496],[5.775,49.9531],[5.7737,49.9565],[5.7772,49.9578],[5.775,49.9608],[5.7805,49.9627],[5.7856,49.961],[5.7912,49.9618],[5.7909,49.9639],[5.7959,49.9658],[5.8004,49.963],[5.8031,49.9634],[5.8069,49.9625],[5.8105,49.9641],[5.8096,49.9677],[5.8104,49.9707],[5.8131,49.9726],[5.8198,49.9723],[5.8203,49.9738],[5.824,49.9753],[5.8304,49.9759],[5.8375,49.9809],[5.8388,49.9844],[5.8392,49.9889],[5.8372,49.9907],[5.8326,49.9905],[5.8281,49.9951],[5.8236,49.997],[5.8208,50.0002],[5.8217,50.0018],[5.8204,50.0052],[5.8222,50.0059],[5.82,50.0093],[5.819,50.0128],[5.8243,50.0149],[5.8293,50.0158],[5.8338,50.0184],[5.8395,50.0192],[5.841,50.0185],[5.8507,50.0226],[5.8525,50.0229],[5.8515,50.0261],[5.8534,50.0277],[5.8598,50.029],[5.8579,50.0343],[5.8561,50.0363],[5.8628,50.0398],[5.8632,50.0422],[5.8683,50.0438],[5.8699,50.0459],[5.8675,50.0501],[5.8614,50.0545],[5.8575,50.055],[5.8565,50.0577],[5.8542,50.0589],[5.8566,50.0616],[5.8505,50.0632],[5.8495,50.0642],[5.8443,50.0635],[5.8434,50.0658],[5.8411,50.0664],[5.8271,50.0639],[5.8246,50.0684],[5.8245,50.0756],[5.8219,50.0773],[5.8164,50.0792],[5.8177,50.0808],[5.8171,50.0828],[5.8194,50.0841],[5.8244,50.0856],[5.8192,50.0918],[5.8151,50.0945],[5.8144,50.0963],[5.8104,50.0982],[5.8087,50.1004],[5.8037,50.0982],[5.8001,50.0987],[5.7989,50.1016],[5.7964,50.102],[5.7891,50.1163],[5.785,50.1161],[5.7828,50.1168],[5.7754,50.1148],[5.7775,50.1113],[5.7746,50.1089],[5.7687,50.107],[5.7692,50.1039],[5.767,50.1028],[5.7651,50.0989],[5.7616,50.0964],[5.7611,50.092],[5.7616,50.09],[5.7592,50.0892],[5.7531,50.0912],[5.7482,50.0877],[5.7472,50.0853],[5.7439,50.0849],[5.739,50.0901],[5.7297,50.086],[5.7262,50.0848],[5.7235,50.0852],[5.7206,50.0891],[5.714,50.0906],[5.7123,50.0933],[5.7072,50.0963],[5.7041,50.1001],[5.7024,50.1003],[5.6991,50.1046],[5.6968,50.106],[5.6976,50.1089],[5.6961,50.1109],[5.694,50.1115],[5.6884,50.1115],[5.6829,50.1137],[5.6819,50.1152],[5.678,50.1148],[5.6756,50.113],[5.6722,50.1163],[5.6703,50.1164],[5.6685,50.1143],[5.6678,50.1117],[5.6641,50.1106],[5.6609,50.1119],[5.6594,50.1143],[5.6567,50.11],[5.6584,50.1055],[5.6564,50.1033],[5.6532,50.1036],[5.6535,50.1082],[5.6491,50.1088],[5.6465,50.1074],[5.6458,50.1024],[5.6441,50.1006],[5.641,50.1007],[5.6369,50.1024],[5.6313,50.1019],[5.6299,50.099],[5.6297,50.0964],[5.6257,50.096],[5.6228,50.0976],[5.6184,50.0974],[5.6175,50.0948],[5.6138,50.0931],[5.6085,50.0925],[5.6045,50.0902],[5.601,50.0901],[5.5998,50.095],[5.5972,50.0962],[5.594,50.0947],[5.5952,50.0906],[5.5926,50.0889],[5.5854,50.0863],[5.5831,50.0836],[5.58,50.0835],[5.576,50.0857],[5.5708,50.0854],[5.5684,50.0844],[5.5685,50.082],[5.5635,50.0786],[5.5601,50.0784],[5.557,50.0761],[5.5558,50.0743],[5.5506,50.0742],[5.5463,50.0752],[5.5421,50.0738],[5.5428,50.0692],[5.5424,50.0677],[5.5386,50.0626],[5.5398,50.0607],[5.5441,50.0585],[5.5471,50.0586],[5.551,50.0628],[5.5524,50.0615],[5.5623,50.061],[5.5651,50.0634],[5.5734,50.0578],[5.5742,50.0549],[5.5769,50.0495],[5.5838,50.0453],[5.5852,50.0422],[5.5853,50.0392],[5.5837,50.0375],[5.5881,50.0352],[5.5942,50.0336],[5.5965,50.0298],[5.602,50.0268],[5.6036,50.0252],[5.6086,50.0264],[5.6103,50.0244],[5.6126,50.0251],[5.6149,50.0229],[5.6124,50.022],[5.6149,50.0202],[5.6192,50.0212],[5.6225,50.0183],[5.6263,50.0202],[5.6296,50.0169],[5.6237,50.0135],[5.6229,50.0118],[5.6241,50.0099],[5.6363,50.0069],[5.6382,50.0084],[5.6402,50.006],[5.6401,50.0034],[5.6455,50.0019],[5.6466,49.9983],[5.6494,49.9934],[5.6529,49.9898],[5.6678,49.9923],[5.6695,49.9882],[5.6746,49.9849],[5.6791,49.9854],[5.6818,49.9836],[5.6843,49.9796],[5.6883,49.9772],[5.6896,49.9745],[5.6927,49.9728],[5.6898,49.9711],[5.6887,49.9678],[5.6915,49.9662],[5.6958,49.9678],[5.6938,49.9706],[5.698,49.9711],[5.6992,49.969],[5.702,49.9663],[5.7038,49.9658],[5.7022,49.9622],[5.704,49.9619],[5.7057,49.9593],[5.7085,49.9593],[5.7136,49.9577],[5.7088,49.9397],[5.7104,49.942],[5.7147,49.9411],[5.7169,49.9397],[5.7202,49.9406],[5.7247,49.941],[5.7258,49.9376],[5.7211,49.934],[5.7209,49.9295],[5.7281,49.926],[5.7236,49.9251],[5.7242,49.9203],[5.7224,49.9195],[5.7239,49.9165],[5.7266,49.9152],[5.7322,49.9137],[5.7392,49.9133],[5.7446,49.909],[5.7482,49.9095]]]},"properties":{"id":"82039","name":"Bastogne","subdivision":"Luxembourg","cx":5.724,"cy":50.025}},
{"type":"Feature","geometry":{"type":"Polygon","coordinates":[[[5.1376,50.0388],[5.14,50.0417],[5.1378,50.0438],[5.1393,50.0453],[5.1461,50.0459],[5.15,50.0442],[5.1536,50.0441],[5.1575,50.0453],[5.1619,50.0455],[5.1635,50.0442],[5.1685,50.0426],[5.1781,50.0448],[5.1748,50.0514],[5.1753,50.0548],[5.1735,50.0553],[5.171,50.0623],[5.1693,50.0726],[5.1678,50.0733],[5.167,50.0759],[5.1628,50.0771],[5.1587,50.0836],[5.1603,50.0847],[5.1606,50.0922],[5.1528,50.0943],[5.1495,50.0947],[5.1366,50.0944],[5.1337,50.0958],[5.1327,50.0988],[5.1249,50.0977],[5.1226,50.0997],[5.0972,50.0951],[5.0825,50.0942],[5.0823,50.0952],[5.0717,50.0934],[5.0677,50.1],[5.0647,50.1037],[5.0614,50.1054],[5.0604,50.1079],[5.0669,50.115],[5.0683,50.1175],[5.0661,50.1189],[5.0689,50.123],[5.0658,50.1231],[5.0627,50.1167],[5.0612,50.111],[5.0594,50.1078],[5.0595,50.1038],[5.055,50.0995],[5.0568,50.0942],[5.0552,50.093],[5.0528,50.0879],[5.0539,50.086],[5.0529,50.0834],[5.055,50.0815],[5.0607,50.0803],[5.0606,50.0777],[5.0584,50.0751],[5.0536,50.0774],[5.0492,50.0779],[5.0487,50.076],[5.0546,50.0732],[5.0528,50.0712],[5.054,50.0667],[5.0518,50.0668],[5.0512,50.0643],[5.0468,50.0613],[5.0425,50.0621],[5.0423,50.0596],[5.044,50.0567],[5.0417,50.0534],[5.0356,50.052],[5.0306,50.0499],[5.0291,50.0473],[5.0254,50.0439],[5.0167,50.042],[5.0113,50.0382],[5.0179,50.0355],[5.0199,50.0333],[5.0248,50.0312],[5.034,50.0298],[5.0366,50.0272],[5.0404,50.0264],[5.0505,50.0258],[5.0554,50.023],[5.0569,50.0212],[5.0704,50.0195],[5.0757,50.0177],[5.0811,50.0174],[5.0847,50.0159],[5.0869,50.0168],[5.0861,50.0197],[5.0883,50.0223],[5.095,50.0241],[5.1021,50.0234],[5.1048,50.0244],[5.1106,50.0248],[5.1131,50.0276],[5.1179,50.0275],[5.1231,50.0298],[5.1267,50.0333],[5.1252,50.0387],[5.129,50.0403],[5.134,50.0388],[5.1376,50.0388]]]},"properties":{"id":"84075","name":"Wellin","subdivision":"Luxembourg","cx":5.099,"cy":50.06}},
{"type":"Feature","geometry":{"type":"Polygon","coordinates":[[[4.4768,50.1395],[4.4766,50.1415],[4.4787,50.1445],[4.4822,50.1465],[4.4812,50.1481],[4.4833,50.153],[4.4872,50.1552],[4.4901,50.1601],[4.489,50.1654],[4.495,50.1699],[4.4973,50.1703],[4.4967,50.1774],[4.5027,50.1797],[4.5034,50.1832],[4.5073,50.1863],[4.5109,50.1865],[4.5144,50.1878],[4.5137,50.1989],[4.5186,50.2059],[4.5158,50.2061],[4.5078,50.2035],[4.5059,50.2021],[4.4987,50.2004],[4.4951,50.2011],[4.4905,50.2049],[4.4902,50.2064],[4.4875,50.2078],[4.4824,50.2172],[4.476,50.216],[4.4707,50.2166],[4.471,50.2199],[4.4683,50.2233],[4.468,50.2255],[4.4579,50.2264],[4.4513,50.2297],[4.4452,50.2297],[4.442,50.2267],[4.4402,50.2285],[4.4361,50.2293],[4.4343,50.2309],[4.4307,50.2292],[4.4289,50.2311],[4.4223,50.2338],[4.4208,50.2366],[4.4232,50.2396],[4.4144,50.2401],[4.4119,50.2372],[4.4072,50.2369],[4.3961,50.2393],[4.3959,50.2365],[4.3938,50.2329],[4.4014,50.2328],[4.3996,50.2305],[4.3997,50.2259],[4.3961,50.2254],[4.3949,50.2232],[4.3948,50.2198],[4.3975,50.218],[4.3952,50.217],[4.3988,50.2132],[4.3954,50.2123],[4.3935,50.2131],[4.392,50.2103],[4.3916,50.2073],[4.3927,50.2037],[4.3891,50.2001],[4.3924,50.1969],[4.3902,50.1946],[4.3918,50.1935],[4.3959,50.1931],[4.3961,50.1868],[4.397,50.1856],[4.3931,50.1812],[4.3861,50.1793],[4.3769,50.1746],[4.3681,50.1731],[4.3616,50.1707],[4.364,50.1642],[4.3653,50.1623],[4.3634,50.1616],[4.3664,50.1577],[4.3756,50.1569],[4.376,50.153],[4.381,50.1533],[4.385,50.1504],[4.387,50.1477],[4.3886,50.1428],[4.3844,50.1359],[4.3885,50.1341],[4.3896,50.1302],[4.3945,50.1297],[4.397,50.1275],[4.3987,50.1242],[4.401,50.1229],[4.4069,50.1219],[4.4109,50.1243],[4.4161,50.1261],[4.419,50.1286],[4.4219,50.1298],[4.4249,50.1274],[4.4312,50.1281],[4.4351,50.1299],[4.4436,50.1304],[4.4463,50.1343],[4.4502,50.1341],[4.4589,50.1359],[4.4618,50.1349],[4.4655,50.1346],[4.4692,50.1359],[4.4768,50.1395]]]},"properties":{"id":"93010","name":"Cerfontaine","subdivision":"Namur","cx":4.438,"cy":50.179}},
{"type":"Feature","geometry":{"type":"Polygon","coordinates":[[[4.306,49.968],[4.3081,49.9695],[4.3105,49.969],[4.3135,49.9665],[4.3229,49.9631],[4.3277,49.9627],[4.3343,49.9635],[4.3448,49.9566],[4.3493,49.9522],[4.3629,49.9526],[4.3721,49.9515],[4.3797,49.9533],[4.3809,49.9545],[4.3838,49.9511],[4.3892,49.9492],[4.3917,49.9475],[4.3951,49.9487],[4.3991,49.9484],[4.4031,49.9491],[4.4146,49.9469],[4.4176,49.9472],[4.4325,49.9416],[4.4402,49.947],[4.4411,49.949],[4.4453,49.9529],[4.4436,49.9586],[4.436,49.971],[4.4345,49.9731],[4.4233,49.9833],[4.4197,49.988],[4.4174,49.9947],[4.4142,49.9972],[4.4132,50.0012],[4.4153,50.0074],[4.4152,50.0122],[4.4101,50.0276],[4.4104,50.031],[4.4088,50.0349],[4.4064,50.037],[4.4075,50.042],[4.4092,50.0451],[4.4061,50.0496],[4.4016,50.0481],[4.4012,50.0511],[4.3937,50.0477],[4.3897,50.0513],[4.3956,50.0576],[4.3937,50.0598],[4.395,50.0618],[4.392,50.0623],[4.3902,50.0672],[4.3922,50.074],[4.3925,50.0778],[4.3941,50.0812],[4.3916,50.0855],[4.3915,50.089],[4.3898,50.0921],[4.39,50.0957],[4.3888,50.1013],[4.3867,50.107],[4.3812,50.1075],[4.3792,50.1068],[4.3802,50.1023],[4.379,50.0997],[4.3764,50.099],[4.3773,50.0951],[4.3772,50.0895],[4.3601,50.0828],[4.3521,50.0836],[4.343,50.0856],[4.3486,50.0869],[4.3459,50.0885],[4.3466,50.0905],[4.3424,50.0915],[4.3421,50.1095],[4.3406,50.1204],[4.3297,50.1202],[4.3252,50.1211],[4.3184,50.1215],[4.3115,50.1199],[4.3095,50.1185],[4.3059,50.1188],[4.304,50.1198],[4.2982,50.1203],[4.296,50.1193],[4.2897,50.1193],[4.2873,50.1187],[4.2821,50.1203],[4.2809,50.1218],[4.2779,50.1225],[4.2742,50.1211],[4.2713,50.1217],[4.2648,50.1253],[4.2624,50.1282],[4.2594,50.1272],[4.2559,50.1273],[4.2545,50.1287],[4.2506,50.1275],[4.2464,50.1275],[4.2443,50.1263],[4.2418,50.1269],[4.2391,50.126],[4.2361,50.1283],[4.2315,50.1268],[4.2275,50.124],[4.2237,50.1231],[4.2169,50.1229],[4.2149,50.1241],[4.211,50.1228],[4.2063,50.1242],[4.2018,50.1231],[4.2033,50.1212],[4.2025,50.1168],[4.2036,50.1154],[4.1976,50.1094],[4.1975,50.1071],[4.2055,50.106],[4.2074,50.105],[4.2013,50.1015],[4.2025,50.099],[4.2067,50.0958],[4.2106,50.0965],[4.2142,50.0943],[4.2171,50.0884],[4.221,50.086],[4.2249,50.0855],[4.2254,50.082],[4.2275,50.0797],[4.231,50.072],[4.2266,50.0656],[4.2216,50.063],[4.2256,50.0562],[4.2264,50.0528],[4.2293,50.0466],[4.2349,50.0472],[4.2373,50.0415],[4.2406,50.0414],[4.2326,50.0352],[4.2297,50.031],[4.2301,50.0287],[4.2319,50.0262],[4.235,50.0262],[4.2379,50.0183],[4.2396,50.0177],[4.2427,50.0205],[4.2467,50.0223],[4.2498,50.0245],[4.2533,50.0231],[4.2579,50.0223],[4.2593,50.0191],[4.2589,50.0156],[4.2674,50.0158],[4.2703,50.015],[4.273,50.0166],[4.2838,50.0112],[4.2898,49.9941],[4.2943,49.9942],[4.3006,49.9932],[4.3124,49.9956],[4.3145,49.9937],[4.3101,49.9885],[4.3087,49.9834],[4.3092,49.9802],[4.3044,49.9739],[4.3046,49.9715],[4.306,49.968]]]},"properties":{"id":"56016","name":"Chimay","subdivision":"Hainaut","cx":4.321,"cy":50.043}},
{"type":"Feature","geometry":{"type":"Polygon","coordinates":[[[4.5388,50.0918],[4.5272,50.114],[4.5118,50.1109],[4.505,50.1119],[4.4928,50.1231],[4.4911,50.1232],[4.4897,50.1257],[4.4895,50.1334],[4.4874,50.1373],[4.4779,50.14],[4.4768,50.1395],[4.4692,50.1359],[4.4655,50.1346],[4.4618,50.1349],[4.4589,50.1359],[4.4502,50.1341],[4.4463,50.1343],[4.4436,50.1304],[4.4351,50.1299],[4.4312,50.1281],[4.4249,50.1274],[4.4219,50.1298],[4.419,50.1286],[4.4161,50.1261],[4.4109,50.1243],[4.4069,50.1219],[4.401,50.1229],[4.3976,50.1219],[4.3957,50.1175],[4.3917,50.1157],[4.3886,50.1132],[4.3861,50.1094],[4.3867,50.107],[4.3888,50.1013],[4.39,50.0957],[4.3898,50.0921],[4.3915,50.089],[4.3916,50.0855],[4.3941,50.0812],[4.3925,50.0778],[4.3922,50.074],[4.3902,50.0672],[4.392,50.0623],[4.395,50.0618],[4.3937,50.0598],[4.3956,50.0576],[4.3897,50.0513],[4.3937,50.0477],[4.4012,50.0511],[4.4016,50.0481],[4.4061,50.0496],[4.4092,50.0451],[4.4075,50.042],[4.4064,50.037],[4.4088,50.0349],[4.4104,50.031],[4.4101,50.0276],[4.4152,50.0122],[4.4153,50.0074],[4.4132,50.0012],[4.4142,49.9972],[4.4174,49.9947],[4.4197,49.988],[4.4233,49.9833],[4.4345,49.9731],[4.436,49.971],[4.4436,49.9586],[4.4453,49.9529],[4.4411,49.949],[4.4402,49.947],[4.4325,49.9416],[4.4401,49.9415],[4.4458,49.9372],[4.4806,49.9477],[4.486,49.9461],[4.4952,49.9485],[4.5113,49.9468],[4.5155,49.9503],[4.5178,49.9512],[4.524,49.9508],[4.5251,49.9542],[4.5313,49.9599],[4.5307,49.9614],[4.5391,49.9666],[4.5411,49.9693],[4.5474,49.9684],[4.5526,49.9684],[4.5641,49.9701],[4.5722,49.9747],[4.5738,49.977],[4.5736,49.9803],[4.5817,49.9834],[4.5884,49.9841],[4.5973,49.9862],[4.6001,49.986],[4.6052,49.9892],[4.6032,49.9936],[4.6033,49.9958],[4.5986,49.9998],[4.5985,50.0021],[4.6009,50.0061],[4.6009,50.0104],[4.6033,50.0128],[4.6016,50.018],[4.5945,50.0173],[4.5847,50.0153],[4.5776,50.0128],[4.5721,50.009],[4.5674,50.0168],[4.5658,50.0219],[4.558,50.0282],[4.5559,50.0319],[4.5526,50.0348],[4.5505,50.0402],[4.55,50.0435],[4.5453,50.0458],[4.5426,50.0492],[4.5418,50.0526],[4.546,50.0539],[4.5436,50.0624],[4.5349,50.0661],[4.5295,50.0664],[4.5265,50.0703],[4.5298,50.0721],[4.5327,50.0799],[4.5302,50.0842],[4.5347,50.0851],[4.541,50.0873],[4.5388,50.0918]]]},"properties":{"id":"93014","name":"Couvin","subdivision":"Namur","cx":4.477,"cy":50.036}},
{"type":"Feature","geometry":{"type":"Polygon","coordinates":[[[5.5424,50.0677],[5.5428,50.0692],[5.5421,50.0738],[5.5463,50.0752],[5.5506,50.0742],[5.5558,50.0743],[5.557,50.0761],[5.5601,50.0784],[5.5635,50.0786],[5.5685,50.082],[5.5684,50.0844],[5.5708,50.0854],[5.576,50.0857],[5.58,50.0835],[5.5831,50.0836],[5.5854,50.0863],[5.5926,50.0889],[5.5952,50.0906],[5.594,50.0947],[5.5972,50.0962],[5.5955,50.0993],[5.593,50.1009],[5.5931,50.1027],[5.5913,50.1047],[5.5873,50.1066],[5.5874,50.1094],[5.5907,50.1123],[5.5881,50.1137],[5.5883,50.116],[5.5862,50.1192],[5.5836,50.1205],[5.5829,50.1228],[5.5801,50.1271],[5.573,50.1255],[5.5704,50.1301],[5.5672,50.133],[5.5685,50.1356],[5.5591,50.1328],[5.5585,50.1372],[5.5587,50.1403],[5.5545,50.138],[5.5498,50.1365],[5.5507,50.1339],[5.5494,50.1312],[5.5463,50.1282],[5.5433,50.1278],[5.5358,50.1242],[5.5299,50.1276],[5.5307,50.1323],[5.5251,50.1331],[5.5284,50.1356],[5.5265,50.1378],[5.5245,50.1375],[5.5168,50.1403],[5.5134,50.1397],[5.5032,50.1406],[5.4968,50.1401],[5.4932,50.1377],[5.4903,50.1343],[5.4886,50.1353],[5.4822,50.1365],[5.4783,50.1388],[5.4761,50.1414],[5.4688,50.1457],[5.4693,50.1487],[5.4597,50.1515],[5.4506,50.1506],[5.4463,50.1484],[5.4501,50.1451],[5.4538,50.1388],[5.4529,50.1361],[5.4536,50.1306],[5.4553,50.1285],[5.4588,50.1268],[5.4604,50.1233],[5.4593,50.1218],[5.4529,50.1172],[5.4495,50.1162],[5.4461,50.1162],[5.4432,50.118],[5.4403,50.1171],[5.4369,50.1119],[5.4306,50.1141],[5.4266,50.114],[5.417,50.1164],[5.4084,50.1129],[5.4051,50.1077],[5.4034,50.1062],[5.4018,50.1021],[5.3983,50.096],[5.3956,50.094],[5.398,50.0842],[5.3903,50.0786],[5.3921,50.0738],[5.3937,50.0719],[5.3972,50.0696],[5.4007,50.0688],[5.4018,50.0664],[5.4057,50.0652],[5.4053,50.0607],[5.4117,50.0522],[5.4137,50.0476],[5.4174,50.0484],[5.4221,50.0499],[5.4351,50.0518],[5.4398,50.0558],[5.4526,50.0632],[5.4552,50.0664],[5.4608,50.0707],[5.4682,50.073],[5.4743,50.072],[5.4779,50.073],[5.4831,50.0725],[5.4921,50.076],[5.496,50.077],[5.4995,50.0762],[5.5025,50.0771],[5.5052,50.0765],[5.511,50.0774],[5.5206,50.0745],[5.5242,50.0693],[5.5274,50.0692],[5.5307,50.0678],[5.5342,50.0685],[5.5354,50.0674],[5.5406,50.0683],[5.5424,50.0677]]]},"properties":{"id":"83049","name":"Tenneville","subdivision":"Luxembourg","cx":5.489,"cy":50.104}},
{"type":"Feature","geometry":{"type":"Polygon","coordinates":[[[4.973,50.029],[4.9754,50.0289],[4.9787,50.0308],[4.983,50.03],[4.9831,50.0286],[4.9884,50.0275],[4.9944,50.0328],[4.9935,50.0364],[4.9952,50.0415],[4.9949,50.0429],[4.9975,50.0453],[5.0016,50.0442],[5.0072,50.0395],[5.0113,50.0382],[5.0167,50.042],[5.0254,50.0439],[5.0291,50.0473],[5.0306,50.0499],[5.0356,50.052],[5.0417,50.0534],[5.044,50.0567],[5.0423,50.0596],[5.0425,50.0621],[5.0468,50.0613],[5.0512,50.0643],[5.0518,50.0668],[5.054,50.0667],[5.0528,50.0712],[5.0546,50.0732],[5.0487,50.076],[5.0492,50.0779],[5.0536,50.0774],[5.0584,50.0751],[5.0606,50.0777],[5.0607,50.0803],[5.055,50.0815],[5.0529,50.0834],[5.0539,50.086],[5.0528,50.0879],[5.0552,50.093],[5.0568,50.0942],[5.055,50.0995],[5.0595,50.1038],[5.0594,50.1078],[5.0612,50.111],[5.0627,50.1167],[5.0658,50.1231],[5.0647,50.1277],[5.0661,50.1302],[5.0739,50.1249],[5.0776,50.1237],[5.0808,50.1269],[5.0735,50.1354],[5.0677,50.1347],[5.0641,50.14],[5.0598,50.1431],[5.0531,50.1435],[5.0514,50.1448],[5.0425,50.1391],[5.0394,50.1363],[5.0319,50.1325],[5.0244,50.1364],[5.0184,50.1381],[5.0162,50.1414],[5.01,50.1452],[5.0052,50.1465],[5.0029,50.1513],[4.9994,50.1548],[5.0007,50.1574],[4.9861,50.1555],[4.9805,50.1559],[4.9693,50.1551],[4.9536,50.1507],[4.9542,50.1475],[4.9584,50.1362],[4.956,50.1358],[4.9514,50.1372],[4.9434,50.1418],[4.9334,50.144],[4.9348,50.1494],[4.9278,50.15],[4.9277,50.1546],[4.9264,50.1599],[4.9233,50.1598],[4.9236,50.1647],[4.9193,50.1627],[4.9169,50.1648],[4.9147,50.1653],[4.9126,50.1624],[4.9108,50.1613],[4.9063,50.162],[4.8976,50.1611],[4.8944,50.1594],[4.8945,50.1576],[4.8884,50.1554],[4.8851,50.1559],[4.8811,50.1531],[4.8769,50.1535],[4.8795,50.1517],[4.8786,50.1501],[4.8824,50.1437],[4.8813,50.1413],[4.8876,50.1402],[4.8945,50.1404],[4.8968,50.1374],[4.8951,50.135],[4.8914,50.1343],[4.8849,50.1302],[4.8785,50.131],[4.8783,50.1275],[4.8713,50.125],[4.8672,50.1187],[4.873,50.1096],[4.8735,50.1072],[4.8704,50.1032],[4.87,50.1006],[4.8682,50.0965],[4.8736,50.0957],[4.8755,50.0945],[4.8722,50.0879],[4.8672,50.089],[4.8602,50.0931],[4.8615,50.0973],[4.8592,50.0995],[4.8516,50.1013],[4.8485,50.0979],[4.8427,50.0955],[4.8401,50.0952],[4.8375,50.0935],[4.8418,50.0917],[4.8465,50.0845],[4.8458,50.0831],[4.8404,50.0828],[4.8426,50.0771],[4.8376,50.0671],[4.824,50.0666],[4.8186,50.0614],[4.8213,50.0597],[4.8267,50.0592],[4.8291,50.0563],[4.8265,50.0514],[4.8291,50.0482],[4.8322,50.0468],[4.8383,50.0471],[4.8405,50.0463],[4.8412,50.0428],[4.8434,50.0423],[4.8463,50.0446],[4.8487,50.0442],[4.8499,50.0407],[4.8556,50.0383],[4.8576,50.0353],[4.8618,50.0364],[4.8629,50.0388],[4.87,50.0379],[4.8739,50.0403],[4.8784,50.0405],[4.8801,50.0385],[4.8845,50.0364],[4.8888,50.0384],[4.8918,50.0367],[4.8947,50.0389],[4.9007,50.0465],[4.9063,50.0476],[4.9181,50.0514],[4.9226,50.0502],[4.9273,50.0445],[4.9302,50.0431],[4.9336,50.0426],[4.9353,50.0453],[4.9458,50.0459],[4.9616,50.0479],[4.9652,50.0478],[4.9646,50.045],[4.9624,50.042],[4.9621,50.0396],[4.9545,50.0379],[4.9489,50.0331],[4.9458,50.0316],[4.9445,50.0299],[4.9405,50.029],[4.9388,50.0271],[4.9388,50.025],[4.9341,50.0236],[4.9347,50.0209],[4.9367,50.0181],[4.9419,50.0193],[4.9421,50.0219],[4.9467,50.0242],[4.9522,50.0247],[4.965,50.029],[4.9703,50.0297],[4.973,50.029]]]},"properties":{"id":"91013","name":"Beauraing","subdivision":"Namur","cx":4.943,"cy":50.092}},
{"type":"Feature","geometry":{"type":"Polygon","coordinates":[[[5.3903,50.0786],[5.398,50.0842],[5.3956,50.094],[5.3983,50.096],[5.4018,50.1021],[5.4034,50.1062],[5.4051,50.1077],[5.4084,50.1129],[5.417,50.1164],[5.4266,50.114],[5.4306,50.1141],[5.4369,50.1119],[5.4403,50.1171],[5.4432,50.118],[5.4461,50.1162],[5.4495,50.1162],[5.4529,50.1172],[5.4593,50.1218],[5.4604,50.1233],[5.4588,50.1268],[5.4553,50.1285],[5.4536,50.1306],[5.4529,50.1361],[5.4538,50.1388],[5.4501,50.1451],[5.4463,50.1484],[5.4506,50.1506],[5.4597,50.1515],[5.4646,50.1528],[5.4665,50.1543],[5.4617,50.1582],[5.4551,50.1574],[5.448,50.1576],[5.4412,50.1675],[5.4424,50.1685],[5.4371,50.1723],[5.4354,50.1713],[5.4304,50.1767],[5.4274,50.1772],[5.4258,50.1789],[5.4219,50.1787],[5.4186,50.1762],[5.4049,50.172],[5.4057,50.1708],[5.3995,50.1674],[5.3959,50.1669],[5.3963,50.1651],[5.3922,50.1648],[5.386,50.1658],[5.3886,50.1679],[5.39,50.1723],[5.3923,50.1753],[5.3896,50.177],[5.391,50.1795],[5.3895,50.1819],[5.3932,50.1838],[5.3924,50.1861],[5.3875,50.1875],[5.3859,50.1888],[5.384,50.1938],[5.3785,50.1952],[5.3774,50.1974],[5.3742,50.1962],[5.3734,50.1979],[5.3689,50.1974],[5.3651,50.1984],[5.3616,50.1954],[5.3504,50.1905],[5.3444,50.1897],[5.3431,50.1883],[5.3398,50.1879],[5.3377,50.1828],[5.3381,50.1782],[5.3299,50.1774],[5.3277,50.1785],[5.3252,50.1742],[5.3215,50.1728],[5.3207,50.1705],[5.3186,50.1689],[5.3154,50.1688],[5.3128,50.167],[5.3149,50.1646],[5.3206,50.1646],[5.319,50.1615],[5.3099,50.1601],[5.3039,50.1575],[5.3027,50.1584],[5.2968,50.159],[5.2889,50.1575],[5.2809,50.1587],[5.2793,50.1587],[5.2741,50.156],[5.2819,50.1555],[5.2832,50.1533],[5.2817,50.1514],[5.2842,50.1494],[5.2834,50.1479],[5.2735,50.1452],[5.2737,50.1426],[5.2712,50.1403],[5.2689,50.1396],[5.2652,50.1427],[5.2554,50.1385],[5.2426,50.1343],[5.2434,50.1317],[5.2474,50.1272],[5.2488,50.1269],[5.2538,50.1285],[5.2559,50.1271],[5.2581,50.1241],[5.2624,50.1205],[5.2644,50.1218],[5.2698,50.1173],[5.2686,50.1114],[5.2665,50.1109],[5.2631,50.1085],[5.2755,50.1045],[5.2841,50.1025],[5.2886,50.1007],[5.2918,50.1],[5.2896,50.0983],[5.2942,50.0945],[5.2988,50.0935],[5.302,50.0905],[5.3034,50.0912],[5.3089,50.0886],[5.3112,50.0885],[5.3126,50.0906],[5.3162,50.0886],[5.3169,50.0858],[5.3212,50.0849],[5.3235,50.0853],[5.322,50.0888],[5.325,50.09],[5.3276,50.0898],[5.3317,50.0932],[5.3381,50.0929],[5.3434,50.0917],[5.3495,50.0923],[5.3531,50.094],[5.3574,50.0945],[5.3591,50.0956],[5.3634,50.0955],[5.3651,50.0946],[5.3735,50.0924],[5.3808,50.0881],[5.3842,50.0838],[5.3873,50.0817],[5.3883,50.0795],[5.3903,50.0786]]]},"properties":{"id":"83040","name":"Nassogne","subdivision":"Luxembourg","cx":5.359,"cy":50.137}},
{"type":"Feature","geometry":{"type":"Polygon","coordinates":[[[4.7201,50.1021],[4.7513,50.1118],[4.7527,50.1169],[4.7478,50.1223],[4.7559,50.1217],[4.7625,50.134],[4.7623,50.1365],[4.7719,50.1397],[4.7796,50.1413],[4.7967,50.1487],[4.7958,50.149],[4.7691,50.1508],[4.767,50.1528],[4.7646,50.1569],[4.7575,50.1591],[4.7525,50.1618],[4.7571,50.168],[4.766,50.1659],[4.7759,50.168],[4.7825,50.1715],[4.7993,50.178],[4.7971,50.1813],[4.7943,50.1837],[4.7866,50.1862],[4.784,50.1861],[4.7838,50.1906],[4.7818,50.1936],[4.7806,50.2013],[4.7779,50.2017],[4.7751,50.1987],[4.7697,50.1986],[4.7682,50.2002],[4.7688,50.2032],[4.767,50.2033],[4.7636,50.2011],[4.7598,50.2031],[4.7581,50.2009],[4.7546,50.2039],[4.7536,50.2064],[4.7485,50.2068],[4.7436,50.2095],[4.7394,50.2092],[4.734,50.21],[4.7274,50.2016],[4.7278,50.2],[4.7195,50.1998],[4.7143,50.1975],[4.7164,50.1945],[4.713,50.1931],[4.7101,50.189],[4.7186,50.1876],[4.7149,50.1744],[4.7208,50.1672],[4.7214,50.1646],[4.7291,50.163],[4.7293,50.1548],[4.7152,50.1504],[4.7087,50.1509],[4.7021,50.1499],[4.6985,50.1481],[4.6954,50.1477],[4.6943,50.1451],[4.6891,50.1458],[4.6873,50.1476],[4.684,50.1489],[4.6807,50.1521],[4.6776,50.1535],[4.6741,50.1538],[4.6668,50.1579],[4.6625,50.157],[4.6562,50.1545],[4.6499,50.1526],[4.6441,50.1526],[4.6399,50.1538],[4.6348,50.153],[4.6308,50.1514],[4.6287,50.1524],[4.6259,50.1521],[4.6156,50.1492],[4.6065,50.1449],[4.6084,50.1422],[4.6068,50.1391],[4.6034,50.1361],[4.6052,50.1352],[4.6022,50.1331],[4.6028,50.1319],[4.5823,50.1246],[4.585,50.1231],[4.5905,50.1103],[4.5916,50.1089],[4.5941,50.106],[4.5968,50.1074],[4.5993,50.1066],[4.6093,50.1075],[4.6107,50.1053],[4.6139,50.1045],[4.6173,50.1004],[4.6207,50.0934],[4.6225,50.0919],[4.626,50.0933],[4.6282,50.0955],[4.6336,50.0977],[4.6385,50.0971],[4.6389,50.1016],[4.6427,50.1023],[4.6465,50.1062],[4.6587,50.1076],[4.6672,50.1093],[4.668,50.1101],[4.6736,50.1117],[4.6789,50.1139],[4.6826,50.1118],[4.6925,50.1107],[4.7013,50.1116],[4.7094,50.1094],[4.7158,50.1114],[4.7193,50.1116],[4.7201,50.1073],[4.7219,50.104],[4.7201,50.1021]]]},"properties":{"id":"93018","name":"Doische","subdivision":"Namur","cx":4.645,"cy":50.129}},
{"type":"Feature","geometry":{"type":"Polygon","coordinates":[[[4.2821,50.1203],[4.2906,50.1206],[4.2897,50.1222],[4.2958,50.1244],[4.296,50.1284],[4.3003,50.1297],[4.3003,50.1318],[4.3043,50.1327],[4.3042,50.1347],[4.3006,50.1374],[4.2986,50.1412],[4.299,50.148],[4.2999,50.1501],[4.2934,50.1517],[4.2905,50.1537],[4.2869,50.1538],[4.2878,50.1573],[4.285,50.1588],[4.2796,50.1604],[4.2797,50.1623],[4.2761,50.1633],[4.2729,50.1658],[4.2666,50.1683],[4.2596,50.1681],[4.2551,50.1707],[4.2502,50.1744],[4.2451,50.1753],[4.2393,50.1787],[4.2331,50.1793],[4.233,50.1817],[4.235,50.1847],[4.2357,50.1872],[4.2295,50.1882],[4.2204,50.1846],[4.2183,50.187],[4.2146,50.186],[4.2145,50.191],[4.2134,50.192],[4.2148,50.1946],[4.2103,50.1964],[4.2029,50.1977],[4.2083,50.1999],[4.2104,50.2037],[4.2099,50.206],[4.212,50.2087],[4.2029,50.2087],[4.1862,50.2127],[4.1843,50.2138],[4.1726,50.2155],[4.171,50.2149],[4.166,50.215],[4.1569,50.2141],[4.1534,50.2129],[4.1523,50.2071],[4.1603,50.202],[4.1598,50.1923],[4.1562,50.1928],[4.1578,50.1895],[4.1566,50.1879],[4.1564,50.1835],[4.1514,50.1798],[4.1485,50.1733],[4.1551,50.1721],[4.155,50.1671],[4.1556,50.1646],[4.154,50.1612],[4.1508,50.1584],[4.1469,50.1577],[4.1382,50.1521],[4.1355,50.1462],[4.1355,50.1427],[4.1316,50.1403],[4.1269,50.1349],[4.1294,50.1344],[4.1328,50.1319],[4.1444,50.129],[4.154,50.1285],[4.1558,50.1293],[4.1574,50.1352],[4.1584,50.1355],[4.1789,50.1336],[4.1966,50.1354],[4.2006,50.133],[4.1978,50.1281],[4.2018,50.1231],[4.2063,50.1242],[4.211,50.1228],[4.2149,50.1241],[4.2169,50.1229],[4.2237,50.1231],[4.2275,50.124],[4.2315,50.1268],[4.2361,50.1283],[4.2391,50.126],[4.2418,50.1269],[4.2443,50.1263],[4.2464,50.1275],[4.2506,50.1275],[4.2545,50.1287],[4.2559,50.1273],[4.2594,50.1272],[4.2624,50.1282],[4.2648,50.1253],[4.2713,50.1217],[4.2742,50.1211],[4.2779,50.1225],[4.2809,50.1218],[4.2821,50.1203]]]},"properties":{"id":"56088","name":"Sivry-Rance","subdivision":"Hainaut","cx":4.195,"cy":50.165}},
{"type":"Feature","geometry":{"type":"Polygon","coordinates":[[[5.678,50.1148],[5.6726,50.1185],[5.6713,50.1236],[5.6718,50.1247],[5.6769,50.1252],[5.6781,50.1264],[5.6773,50.129],[5.6783,50.1333],[5.6773,50.1342],[5.6791,50.1364],[5.676,50.1374],[5.671,50.1361],[5.6693,50.1392],[5.6652,50.1416],[5.6659,50.1442],[5.6686,50.1446],[5.6709,50.1431],[5.672,50.14],[5.675,50.1404],[5.6761,50.1437],[5.6745,50.1511],[5.6722,50.153],[5.6678,50.1524],[5.6634,50.1498],[5.6616,50.1511],[5.6617,50.1533],[5.6588,50.1539],[5.6554,50.1507],[5.6565,50.1467],[5.6521,50.15],[5.6523,50.1516],[5.6584,50.1557],[5.6585,50.1572],[5.6565,50.1601],[5.6611,50.1613],[5.6567,50.1661],[5.6543,50.1665],[5.6566,50.1691],[5.6596,50.1703],[5.6633,50.1737],[5.6704,50.1739],[5.6679,50.1773],[5.6713,50.1773],[5.6742,50.1786],[5.6794,50.1798],[5.6833,50.1795],[5.6848,50.1817],[5.6847,50.1836],[5.687,50.1848],[5.6935,50.1917],[5.6946,50.1945],[5.698,50.1985],[5.7011,50.1995],[5.7065,50.1993],[5.7097,50.2],[5.7127,50.2022],[5.7156,50.1989],[5.715,50.1949],[5.7161,50.1925],[5.7158,50.1899],[5.7166,50.1869],[5.7207,50.1876],[5.7239,50.1891],[5.7429,50.193],[5.7426,50.1957],[5.7445,50.1977],[5.7436,50.1997],[5.7388,50.2018],[5.7321,50.203],[5.7283,50.2055],[5.7307,50.2098],[5.7308,50.2123],[5.7284,50.2149],[5.7284,50.2182],[5.718,50.2222],[5.7137,50.2229],[5.7116,50.224],[5.7139,50.226],[5.7098,50.2307],[5.699,50.2277],[5.6936,50.2253],[5.6755,50.2261],[5.6643,50.2252],[5.6552,50.2221],[5.6509,50.2228],[5.6466,50.2252],[5.6426,50.2263],[5.6366,50.226],[5.6346,50.2252],[5.6319,50.2272],[5.6292,50.2217],[5.623,50.2235],[5.6226,50.2265],[5.6162,50.2245],[5.6146,50.2214],[5.6123,50.2202],[5.6105,50.2169],[5.6065,50.2178],[5.6036,50.2161],[5.6003,50.2152],[5.5992,50.2122],[5.5933,50.2088],[5.5905,50.208],[5.5881,50.2058],[5.586,50.2027],[5.5824,50.2014],[5.5774,50.2006],[5.5717,50.1977],[5.5702,50.1977],[5.567,50.2002],[5.5629,50.1976],[5.5556,50.1974],[5.5546,50.1964],[5.5494,50.1986],[5.5453,50.1996],[5.5386,50.1996],[5.5415,50.1964],[5.5401,50.195],[5.5401,50.1899],[5.5348,50.1873],[5.5327,50.1877],[5.5272,50.1868],[5.5254,50.1858],[5.5179,50.1859],[5.5118,50.1841],[5.5036,50.1835],[5.5003,50.1827],[5.497,50.1807],[5.4913,50.179],[5.4895,50.1777],[5.4868,50.1738],[5.4847,50.1685],[5.4781,50.1647],[5.4731,50.1637],[5.4696,50.1625],[5.4685,50.1599],[5.4662,50.1586],[5.4617,50.1582],[5.4665,50.1543],[5.4646,50.1528],[5.4597,50.1515],[5.4693,50.1487],[5.4688,50.1457],[5.4761,50.1414],[5.4783,50.1388],[5.4822,50.1365],[5.4886,50.1353],[5.4903,50.1343],[5.4932,50.1377],[5.4968,50.1401],[5.5032,50.1406],[5.5134,50.1397],[5.5168,50.1403],[5.5245,50.1375],[5.5265,50.1378],[5.5284,50.1356],[5.5251,50.1331],[5.5307,50.1323],[5.5299,50.1276],[5.5358,50.1242],[5.5433,50.1278],[5.5463,50.1282],[5.5494,50.1312],[5.5507,50.1339],[5.5498,50.1365],[5.5545,50.138],[5.5587,50.1403],[5.5585,50.1372],[5.5591,50.1328],[5.5685,50.1356],[5.5672,50.133],[5.5704,50.1301],[5.573,50.1255],[5.5801,50.1271],[5.5829,50.1228],[5.5836,50.1205],[5.5862,50.1192],[5.5883,50.116],[5.5881,50.1137],[5.5907,50.1123],[5.5874,50.1094],[5.5873,50.1066],[5.5913,50.1047],[5.5931,50.1027],[5.593,50.1009],[5.5955,50.0993],[5.5972,50.0962],[5.5998,50.095],[5.601,50.0901],[5.6045,50.0902],[5.6085,50.0925],[5.6138,50.0931],[5.6175,50.0948],[5.6184,50.0974],[5.6228,50.0976],[5.6257,50.096],[5.6297,50.0964],[5.6299,50.099],[5.6313,50.1019],[5.6369,50.1024],[5.641,50.1007],[5.6441,50.1006],[5.6458,50.1024],[5.6465,50.1074],[5.6491,50.1088],[5.6535,50.1082],[5.6532,50.1036],[5.6564,50.1033],[5.6584,50.1055],[5.6567,50.11],[5.6594,50.1143],[5.6609,50.1119],[5.6641,50.1106],[5.6678,50.1117],[5.6685,50.1143],[5.6703,50.1164],[5.6722,50.1163],[5.6756,50.113],[5.678,50.1148]]]},"properties":{"id":"83031","name":"La Roche-en-Ardenne","subdivision":"Luxembourg","cx":5.606,"cy":50.166}},
{"type":"Feature","geometry":{"type":"Polygon","coordinates":[[[4.5916,50.1089],[4.5905,50.1103],[4.585,50.1231],[4.5823,50.1246],[4.6028,50.1319],[4.6022,50.1331],[4.6052,50.1352],[4.6034,50.1361],[4.6068,50.1391],[4.6084,50.1422],[4.6065,50.1449],[4.6156,50.1492],[4.6259,50.1521],[4.6287,50.1524],[4.6308,50.1514],[4.6348,50.153],[4.6399,50.1538],[4.6441,50.1526],[4.6499,50.1526],[4.6562,50.1545],[4.6625,50.157],[4.6668,50.1579],[4.6741,50.1538],[4.6776,50.1535],[4.6807,50.1521],[4.684,50.1489],[4.6873,50.1476],[4.6891,50.1458],[4.6943,50.1451],[4.6954,50.1477],[4.6985,50.1481],[4.7021,50.1499],[4.7087,50.1509],[4.7152,50.1504],[4.7293,50.1548],[4.7291,50.163],[4.7214,50.1646],[4.7208,50.1672],[4.7149,50.1744],[4.7186,50.1876],[4.7101,50.189],[4.713,50.1931],[4.7164,50.1945],[4.7143,50.1975],[4.713,50.1983],[4.7164,50.2017],[4.7092,50.2033],[4.7069,50.2058],[4.7084,50.2084],[4.7056,50.2112],[4.7014,50.2136],[4.7043,50.2156],[4.7028,50.2171],[4.6974,50.2165],[4.6943,50.2172],[4.6914,50.2144],[4.6941,50.2106],[4.6903,50.2108],[4.6885,50.2088],[4.6857,50.209],[4.6849,50.2109],[4.6827,50.2121],[4.6765,50.2117],[4.673,50.2136],[4.6727,50.2153],[4.6666,50.2141],[4.6604,50.2182],[4.6564,50.2176],[4.6492,50.2145],[4.6458,50.2158],[4.6424,50.2142],[4.6382,50.2145],[4.6359,50.2137],[4.6241,50.2158],[4.6207,50.2181],[4.612,50.2168],[4.6055,50.2167],[4.6034,50.2148],[4.6,50.2137],[4.5902,50.2135],[4.5848,50.2151],[4.5847,50.2169],[4.5814,50.2168],[4.5802,50.2141],[4.5716,50.2134],[4.5682,50.2144],[4.565,50.2138],[4.5632,50.2125],[4.5552,50.2108],[4.5527,50.2151],[4.5532,50.2171],[4.5408,50.2257],[4.5382,50.2274],[4.5379,50.2314],[4.532,50.2303],[4.5193,50.2295],[4.5135,50.2304],[4.5088,50.2284],[4.507,50.2266],[4.5082,50.2248],[4.5055,50.2235],[4.4996,50.2237],[4.4993,50.2226],[4.4942,50.2222],[4.4916,50.2203],[4.4824,50.2172],[4.4875,50.2078],[4.4902,50.2064],[4.4905,50.2049],[4.4951,50.2011],[4.4987,50.2004],[4.5059,50.2021],[4.5078,50.2035],[4.5158,50.2061],[4.5186,50.2059],[4.5137,50.1989],[4.5144,50.1878],[4.5109,50.1865],[4.5073,50.1863],[4.5034,50.1832],[4.5027,50.1797],[4.4967,50.1774],[4.4973,50.1703],[4.495,50.1699],[4.489,50.1654],[4.4901,50.1601],[4.4872,50.1552],[4.4833,50.153],[4.4812,50.1481],[4.4822,50.1465],[4.4787,50.1445],[4.4766,50.1415],[4.4768,50.1395],[4.4779,50.14],[4.4874,50.1373],[4.4895,50.1334],[4.4897,50.1257],[4.4911,50.1232],[4.4928,50.1231],[4.505,50.1119],[4.5118,50.1109],[4.5272,50.114],[4.5388,50.0918],[4.5431,50.0911],[4.562,50.0944],[4.568,50.0936],[4.5708,50.094],[4.5885,50.1014],[4.5844,50.1075],[4.5916,50.1089]]]},"properties":{"id":"93056","name":"Philippeville","subdivision":"Namur","cx":4.572,"cy":50.171}},
{"type":"Feature","geometry":{"type":"Polygon","coordinates":[[[5.8566,50.0616],[5.8567,50.0637],[5.8607,50.0692],[5.8652,50.0704],[5.8677,50.072],[5.8677,50.0733],[5.8729,50.0751],[5.8789,50.0764],[5.8831,50.0769],[5.8868,50.0787],[5.8875,50.0819],[5.8865,50.0904],[5.8893,50.0955],[5.892,50.0993],[5.8946,50.1012],[5.8953,50.1055],[5.8953,50.1122],[5.8917,50.1103],[5.8857,50.1152],[5.8802,50.1184],[5.8776,50.1187],[5.8782,50.1207],[5.8757,50.1229],[5.8742,50.1254],[5.8723,50.126],[5.8691,50.1307],[5.8677,50.1312],[5.8649,50.1362],[5.8543,50.1371],[5.8512,50.142],[5.8486,50.1437],[5.8442,50.1436],[5.846,50.1414],[5.8445,50.1397],[5.8422,50.1428],[5.8384,50.1432],[5.8321,50.1415],[5.8304,50.1431],[5.8331,50.1439],[5.8318,50.1457],[5.8363,50.1481],[5.8354,50.1509],[5.8381,50.1523],[5.837,50.1544],[5.8383,50.1576],[5.8354,50.1626],[5.8327,50.1649],[5.8301,50.1682],[5.8273,50.1678],[5.8227,50.1715],[5.8199,50.178],[5.8083,50.19],[5.8063,50.191],[5.8057,50.195],[5.8017,50.1962],[5.7998,50.1988],[5.7971,50.2007],[5.7921,50.2022],[5.7882,50.2063],[5.7915,50.208],[5.7939,50.2064],[5.797,50.2058],[5.7974,50.2079],[5.7895,50.2097],[5.7897,50.2143],[5.7928,50.2145],[5.8004,50.2136],[5.8005,50.217],[5.7953,50.2178],[5.7955,50.2195],[5.7872,50.2196],[5.7831,50.2189],[5.7807,50.2195],[5.7765,50.2221],[5.775,50.2251],[5.7703,50.2283],[5.7662,50.2295],[5.7607,50.2299],[5.7538,50.2315],[5.739,50.2359],[5.7357,50.236],[5.7298,50.2329],[5.7187,50.2334],[5.714,50.2325],[5.7098,50.2307],[5.7139,50.226],[5.7116,50.224],[5.7137,50.2229],[5.718,50.2222],[5.7284,50.2182],[5.7284,50.2149],[5.7308,50.2123],[5.7307,50.2098],[5.7283,50.2055],[5.7321,50.203],[5.7388,50.2018],[5.7436,50.1997],[5.7445,50.1977],[5.7426,50.1957],[5.7429,50.193],[5.7239,50.1891],[5.7207,50.1876],[5.7166,50.1869],[5.7158,50.1899],[5.7161,50.1925],[5.715,50.1949],[5.7156,50.1989],[5.7127,50.2022],[5.7097,50.2],[5.7065,50.1993],[5.7011,50.1995],[5.698,50.1985],[5.6946,50.1945],[5.6935,50.1917],[5.687,50.1848],[5.6847,50.1836],[5.6848,50.1817],[5.6833,50.1795],[5.6794,50.1798],[5.6742,50.1786],[5.6713,50.1773],[5.6679,50.1773],[5.6704,50.1739],[5.6633,50.1737],[5.6596,50.1703],[5.6566,50.1691],[5.6543,50.1665],[5.6567,50.1661],[5.6611,50.1613],[5.6565,50.1601],[5.6585,50.1572],[5.6584,50.1557],[5.6523,50.1516],[5.6521,50.15],[5.6565,50.1467],[5.6554,50.1507],[5.6588,50.1539],[5.6617,50.1533],[5.6616,50.1511],[5.6634,50.1498],[5.6678,50.1524],[5.6722,50.153],[5.6745,50.1511],[5.6761,50.1437],[5.675,50.1404],[5.672,50.14],[5.6709,50.1431],[5.6686,50.1446],[5.6659,50.1442],[5.6652,50.1416],[5.6693,50.1392],[5.671,50.1361],[5.676,50.1374],[5.6791,50.1364],[5.6773,50.1342],[5.6783,50.1333],[5.6773,50.129],[5.6781,50.1264],[5.6769,50.1252],[5.6718,50.1247],[5.6713,50.1236],[5.6726,50.1185],[5.678,50.1148],[5.6819,50.1152],[5.6829,50.1137],[5.6884,50.1115],[5.694,50.1115],[5.6961,50.1109],[5.6976,50.1089],[5.6968,50.106],[5.6991,50.1046],[5.7024,50.1003],[5.7041,50.1001],[5.7072,50.0963],[5.7123,50.0933],[5.714,50.0906],[5.7206,50.0891],[5.7235,50.0852],[5.7262,50.0848],[5.7297,50.086],[5.739,50.0901],[5.7439,50.0849],[5.7472,50.0853],[5.7482,50.0877],[5.7531,50.0912],[5.7592,50.0892],[5.7616,50.09],[5.7611,50.092],[5.7616,50.0964],[5.7651,50.0989],[5.767,50.1028],[5.7692,50.1039],[5.7687,50.107],[5.7746,50.1089],[5.7775,50.1113],[5.7754,50.1148],[5.7828,50.1168],[5.785,50.1161],[5.7891,50.1163],[5.7964,50.102],[5.7989,50.1016],[5.8001,50.0987],[5.8037,50.0982],[5.8087,50.1004],[5.8104,50.0982],[5.8144,50.0963],[5.8151,50.0945],[5.8192,50.0918],[5.8244,50.0856],[5.8194,50.0841],[5.8171,50.0828],[5.8177,50.0808],[5.8164,50.0792],[5.8219,50.0773],[5.8245,50.0756],[5.8246,50.0684],[5.8271,50.0639],[5.8411,50.0664],[5.8434,50.0658],[5.8443,50.0635],[5.8495,50.0642],[5.8505,50.0632],[5.8566,50.0616]]]},"properties":{"id":"82014","name":"Houffalize","subdivision":"Luxembourg","cx":5.77,"cy":50.158}},
{"type":"Feature","geometry":{"type":"Polygon","coordinates":[[[5.2631,50.1085],[5.2665,50.1109],[5.2686,50.1114],[5.2698,50.1173],[5.2644,50.1218],[5.2624,50.1205],[5.2581,50.1241],[5.2559,50.1271],[5.2538,50.1285],[5.2488,50.1269],[5.2474,50.1272],[5.2434,50.1317],[5.2426,50.1343],[5.2554,50.1385],[5.2652,50.1427],[5.2689,50.1396],[5.2712,50.1403],[5.2737,50.1426],[5.2735,50.1452],[5.2834,50.1479],[5.2842,50.1494],[5.2817,50.1514],[5.2832,50.1533],[5.2819,50.1555],[5.2741,50.156],[5.2793,50.1587],[5.2809,50.1587],[5.2753,50.1587],[5.2723,50.1593],[5.2673,50.1635],[5.2662,50.1682],[5.2611,50.1709],[5.2559,50.1764],[5.2538,50.1795],[5.2515,50.1807],[5.2485,50.1835],[5.2461,50.1846],[5.2427,50.1873],[5.2492,50.1911],[5.2494,50.1938],[5.2466,50.1954],[5.2421,50.1927],[5.2399,50.1943],[5.2343,50.1955],[5.2381,50.1991],[5.2461,50.2039],[5.2411,50.206],[5.2345,50.21],[5.2318,50.2149],[5.2218,50.2142],[5.2155,50.2159],[5.2097,50.2163],[5.207,50.2172],[5.2129,50.2206],[5.2132,50.2217],[5.2189,50.2237],[5.2171,50.2263],[5.2143,50.2336],[5.2089,50.2336],[5.2071,50.235],[5.1839,50.2342],[5.181,50.2361],[5.1774,50.2374],[5.1727,50.2363],[5.1639,50.2302],[5.1613,50.23],[5.1598,50.2285],[5.1553,50.2275],[5.1559,50.2215],[5.1529,50.2205],[5.1463,50.2161],[5.139,50.2132],[5.1361,50.2127],[5.1074,50.2121],[5.099,50.2105],[5.0939,50.2121],[5.0909,50.2144],[5.0889,50.2139],[5.086,50.212],[5.0815,50.2106],[5.081,50.2074],[5.0836,50.2035],[5.0826,50.2014],[5.0779,50.1997],[5.0766,50.1971],[5.0834,50.1979],[5.0883,50.1991],[5.0951,50.2017],[5.0991,50.1988],[5.1027,50.198],[5.1039,50.1932],[5.107,50.1923],[5.1116,50.1944],[5.1171,50.1906],[5.1156,50.1891],[5.1183,50.1851],[5.1197,50.1795],[5.1108,50.1758],[5.113,50.1732],[5.1098,50.1712],[5.1097,50.1693],[5.1121,50.165],[5.104,50.1657],[5.098,50.1648],[5.0939,50.1626],[5.0886,50.1627],[5.0813,50.1651],[5.0772,50.1686],[5.0785,50.1692],[5.0764,50.1723],[5.0744,50.1729],[5.0698,50.1767],[5.0588,50.1717],[5.0553,50.1713],[5.0573,50.1665],[5.0614,50.1669],[5.0637,50.1648],[5.0659,50.1648],[5.0702,50.1627],[5.0717,50.1601],[5.0694,50.1589],[5.0713,50.155],[5.0757,50.1536],[5.0777,50.1514],[5.0775,50.1496],[5.0829,50.146],[5.0851,50.1372],[5.0793,50.1354],[5.0735,50.1354],[5.0808,50.1269],[5.0776,50.1237],[5.0739,50.1249],[5.0661,50.1302],[5.0647,50.1277],[5.0658,50.1231],[5.0689,50.123],[5.0661,50.1189],[5.0683,50.1175],[5.0669,50.115],[5.0604,50.1079],[5.0614,50.1054],[5.0647,50.1037],[5.0677,50.1],[5.0717,50.0934],[5.0823,50.0952],[5.0825,50.0942],[5.0972,50.0951],[5.1226,50.0997],[5.1249,50.0977],[5.1327,50.0988],[5.1337,50.0958],[5.1366,50.0944],[5.1495,50.0947],[5.1528,50.0943],[5.1524,50.0967],[5.1561,50.0963],[5.1586,50.098],[5.1584,50.1004],[5.1695,50.1],[5.1888,50.1004],[5.1885,50.0977],[5.1915,50.0985],[5.1939,50.0981],[5.1984,50.0986],[5.2003,50.0964],[5.2058,50.0984],[5.227,50.1024],[5.2267,50.1071],[5.2371,50.1103],[5.2486,50.1095],[5.2603,50.1102],[5.2631,50.1085]]]},"properties":{"id":"91114","name":"Rochefort","subdivision":"Namur","cx":5.17,"cy":50.156}},
{"type":"Feature","geometry":{"type":"Polygon","coordinates":[[[5.3837,50.4467],[5.4068,50.4436],[5.4153,50.4452],[5.4168,50.4425],[5.4213,50.4386],[5.4199,50.4374],[5.4218,50.4348],[5.4201,50.4332],[5.422,50.4306],[5.429,50.4305],[5.4353,50.4258],[5.4337,50.4241],[5.4411,50.4207],[5.4513,50.4199],[5.4507,50.4175],[5.4553,50.4159],[5.4568,50.4124],[5.4559,50.41],[5.4629,50.4103],[5.4676,50.4076],[5.4694,50.41],[5.4754,50.4124],[5.4767,50.4142],[5.4842,50.4163],[5.4875,50.4164],[5.4921,50.4196],[5.4985,50.4203],[5.5008,50.4233],[5.5123,50.4251],[5.5105,50.4266],[5.5111,50.4285],[5.509,50.4306],[5.5078,50.4335],[5.5116,50.4345],[5.5152,50.4376],[5.52,50.4372],[5.5241,50.4383],[5.5279,50.4377],[5.5331,50.4394],[5.5329,50.443],[5.5368,50.4461],[5.5348,50.4492],[5.5353,50.4506],[5.5295,50.453],[5.525,50.4534],[5.5221,50.455],[5.5153,50.453],[5.5117,50.4509],[5.5063,50.4553],[5.5051,50.4606],[5.4998,50.4621],[5.4926,50.4614],[5.4897,50.4623],[5.4866,50.4646],[5.4869,50.4665],[5.4848,50.4684],[5.4807,50.4663],[5.4779,50.4657],[5.4763,50.467],[5.4737,50.4654],[5.4663,50.4681],[5.4638,50.4683],[5.464,50.4736],[5.4623,50.4775],[5.4588,50.4813],[5.4562,50.4826],[5.4519,50.4814],[5.4407,50.4812],[5.4424,50.4783],[5.4399,50.4765],[5.4286,50.4712],[5.4296,50.47],[5.4262,50.4686],[5.4239,50.4662],[5.4273,50.4612],[5.4163,50.4571],[5.4133,50.4519],[5.4133,50.4498],[5.4058,50.4485],[5.4022,50.4491],[5.4003,50.4506],[5.3958,50.4507],[5.3837,50.4467]]]},"properties":{"id":"61048","name":"Ouffet","subdivision":"Liège","cx":5.465,"cy":50.443}},
{"type":"Feature","geometry":{"type":"Polygon","coordinates":[[[4.3938,50.2329],[4.3893,50.234],[4.3878,50.2357],[4.3884,50.2372],[4.3871,50.2393],[4.3792,50.2387],[4.373,50.2407],[4.3709,50.2426],[4.3662,50.2424],[4.3604,50.239],[4.3589,50.2364],[4.3536,50.2348],[4.3497,50.2314],[4.3465,50.2301],[4.3451,50.2273],[4.3453,50.2229],[4.3423,50.2207],[4.3387,50.217],[4.3398,50.2163],[4.3384,50.212],[4.333,50.2098],[4.3334,50.2087],[4.3301,50.2066],[4.3245,50.2055],[4.3202,50.2059],[4.3123,50.208],[4.2997,50.2063],[4.2907,50.2038],[4.292,50.1965],[4.289,50.1941],[4.2886,50.1899],[4.2975,50.1888],[4.2942,50.185],[4.2907,50.1794],[4.294,50.1777],[4.3015,50.1778],[4.3036,50.1713],[4.3037,50.1693],[4.2984,50.1701],[4.2958,50.1683],[4.2871,50.1669],[4.2896,50.1644],[4.2882,50.1628],[4.285,50.1618],[4.2838,50.1599],[4.285,50.1588],[4.2878,50.1573],[4.2869,50.1538],[4.2905,50.1537],[4.2934,50.1517],[4.2999,50.1501],[4.299,50.148],[4.2986,50.1412],[4.3006,50.1374],[4.3042,50.1347],[4.3043,50.1327],[4.3003,50.1318],[4.3003,50.1297],[4.296,50.1284],[4.2958,50.1244],[4.2897,50.1222],[4.2906,50.1206],[4.2821,50.1203],[4.2873,50.1187],[4.2897,50.1193],[4.296,50.1193],[4.2982,50.1203],[4.304,50.1198],[4.3059,50.1188],[4.3095,50.1185],[4.3115,50.1199],[4.3184,50.1215],[4.3252,50.1211],[4.3297,50.1202],[4.3406,50.1204],[4.3421,50.1095],[4.3424,50.0915],[4.3466,50.0905],[4.3459,50.0885],[4.3486,50.0869],[4.343,50.0856],[4.3521,50.0836],[4.3601,50.0828],[4.3772,50.0895],[4.3773,50.0951],[4.3764,50.099],[4.379,50.0997],[4.3802,50.1023],[4.3792,50.1068],[4.3812,50.1075],[4.3867,50.107],[4.3861,50.1094],[4.3886,50.1132],[4.3917,50.1157],[4.3957,50.1175],[4.3976,50.1219],[4.401,50.1229],[4.3987,50.1242],[4.397,50.1275],[4.3945,50.1297],[4.3896,50.1302],[4.3885,50.1341],[4.3844,50.1359],[4.3886,50.1428],[4.387,50.1477],[4.385,50.1504],[4.381,50.1533],[4.376,50.153],[4.3756,50.1569],[4.3664,50.1577],[4.3634,50.1616],[4.3653,50.1623],[4.364,50.1642],[4.3616,50.1707],[4.3681,50.1731],[4.3769,50.1746],[4.3861,50.1793],[4.3931,50.1812],[4.397,50.1856],[4.3961,50.1868],[4.3959,50.1931],[4.3918,50.1935],[4.3902,50.1946],[4.3924,50.1969],[4.3891,50.2001],[4.3927,50.2037],[4.3916,50.2073],[4.392,50.2103],[4.3935,50.2131],[4.3954,50.2123],[4.3988,50.2132],[4.3952,50.217],[4.3975,50.218],[4.3948,50.2198],[4.3949,50.2232],[4.3961,50.2254],[4.3997,50.2259],[4.3996,50.2305],[4.4014,50.2328],[4.3938,50.2329]]]},"properties":{"id":"56029","name":"Froidchapelle","subdivision":"Hainaut","cx":4.334,"cy":50.161}},
{"type":"Feature","geometry":{"type":"Polygon","coordinates":[[[4.7967,50.1487],[4.8051,50.1523],[4.8231,50.1692],[4.8245,50.1692],[4.8238,50.1616],[4.8308,50.1562],[4.8321,50.1536],[4.8415,50.1531],[4.845,50.1538],[4.8506,50.1522],[4.863,50.1524],[4.8675,50.1537],[4.872,50.1536],[4.8712,50.1581],[4.8612,50.1652],[4.8586,50.1656],[4.8596,50.1677],[4.8556,50.1704],[4.8596,50.1719],[4.8581,50.1736],[4.8594,50.1772],[4.8524,50.1784],[4.8543,50.1805],[4.8599,50.1812],[4.8612,50.1845],[4.8543,50.1853],[4.8551,50.1875],[4.8589,50.1904],[4.8577,50.1927],[4.8599,50.1956],[4.8651,50.1981],[4.8687,50.1984],[4.8696,50.201],[4.8686,50.2019],[4.8718,50.2039],[4.873,50.2059],[4.8719,50.2083],[4.8694,50.2097],[4.8711,50.2137],[4.8727,50.2154],[4.877,50.2171],[4.8873,50.2184],[4.8919,50.2215],[4.8921,50.2241],[4.889,50.2284],[4.8881,50.2308],[4.8889,50.2366],[4.8885,50.2386],[4.8936,50.2412],[4.8942,50.2433],[4.9003,50.2448],[4.8875,50.246],[4.8848,50.2474],[4.8822,50.247],[4.879,50.244],[4.873,50.2427],[4.8712,50.2398],[4.8661,50.2396],[4.8572,50.2406],[4.8583,50.2381],[4.8494,50.2271],[4.8333,50.2213],[4.8264,50.2246],[4.8215,50.2229],[4.8172,50.225],[4.8108,50.2247],[4.8115,50.2292],[4.8096,50.2329],[4.805,50.2394],[4.7936,50.2396],[4.7946,50.2367],[4.7924,50.2364],[4.7941,50.2335],[4.7854,50.2281],[4.7863,50.2265],[4.7856,50.2228],[4.7784,50.2192],[4.7725,50.2184],[4.7706,50.2155],[4.7748,50.2097],[4.7826,50.2082],[4.7877,50.2039],[4.7839,50.203],[4.7835,50.2012],[4.7806,50.2013],[4.7818,50.1936],[4.7838,50.1906],[4.784,50.1861],[4.7866,50.1862],[4.7943,50.1837],[4.7971,50.1813],[4.7993,50.178],[4.7825,50.1715],[4.7759,50.168],[4.766,50.1659],[4.7571,50.168],[4.7525,50.1618],[4.7575,50.1591],[4.7646,50.1569],[4.767,50.1528],[4.7691,50.1508],[4.7958,50.149],[4.7967,50.1487]]]},"properties":{"id":"91142","name":"Hastière","subdivision":"Namur","cx":4.826,"cy":50.195}},
{"type":"Feature","geometry":{"type":"Polygon","coordinates":[[[5.0735,50.1354],[5.0793,50.1354],[5.0851,50.1372],[5.0829,50.146],[5.0775,50.1496],[5.0777,50.1514],[5.0757,50.1536],[5.0713,50.155],[5.0694,50.1589],[5.0717,50.1601],[5.0702,50.1627],[5.0659,50.1648],[5.0637,50.1648],[5.0614,50.1669],[5.0573,50.1665],[5.0553,50.1713],[5.0588,50.1717],[5.0698,50.1767],[5.0744,50.1729],[5.0764,50.1723],[5.0785,50.1692],[5.0772,50.1686],[5.0813,50.1651],[5.0886,50.1627],[5.0939,50.1626],[5.098,50.1648],[5.104,50.1657],[5.1121,50.165],[5.1097,50.1693],[5.1098,50.1712],[5.113,50.1732],[5.1108,50.1758],[5.1197,50.1795],[5.1183,50.1851],[5.1156,50.1891],[5.1171,50.1906],[5.1116,50.1944],[5.107,50.1923],[5.1039,50.1932],[5.1027,50.198],[5.0991,50.1988],[5.0951,50.2017],[5.0883,50.1991],[5.0834,50.1979],[5.0766,50.1971],[5.0779,50.1997],[5.0826,50.2014],[5.0836,50.2035],[5.081,50.2074],[5.0815,50.2106],[5.086,50.212],[5.0889,50.2139],[5.0846,50.216],[5.0838,50.2185],[5.0814,50.2203],[5.08,50.2236],[5.0767,50.2258],[5.0744,50.2249],[5.0715,50.2267],[5.0695,50.229],[5.0668,50.2283],[5.0646,50.2289],[5.0545,50.2256],[5.0508,50.2286],[5.0463,50.2299],[5.0419,50.2353],[5.0399,50.2349],[5.0373,50.2379],[5.0379,50.2401],[5.0414,50.2456],[5.0421,50.2496],[5.0408,50.2514],[5.0352,50.2491],[5.0298,50.2479],[5.023,50.2471],[5.0155,50.2505],[5.0027,50.2472],[4.9996,50.2448],[5.0014,50.2401],[5.0009,50.2374],[4.9991,50.2348],[4.9994,50.2321],[4.9974,50.2316],[5.0016,50.2277],[4.9948,50.2247],[4.9938,50.2266],[4.9905,50.2267],[4.9898,50.2291],[4.983,50.2327],[4.9827,50.2302],[4.9705,50.2273],[4.9686,50.2159],[4.9702,50.2141],[4.9675,50.2113],[4.9633,50.2117],[4.9635,50.2093],[4.9652,50.2043],[4.9571,50.1996],[4.9562,50.2006],[4.9622,50.2042],[4.9617,50.21],[4.9603,50.2159],[4.9578,50.2152],[4.9554,50.2099],[4.9522,50.2095],[4.9489,50.2108],[4.9513,50.2168],[4.9506,50.2213],[4.9469,50.2218],[4.9425,50.2206],[4.9402,50.2185],[4.9366,50.2173],[4.9316,50.2166],[4.9335,50.212],[4.9345,50.2118],[4.9349,50.2078],[4.9372,50.2058],[4.9328,50.2021],[4.9301,50.2009],[4.9105,50.1802],[4.9078,50.1825],[4.9009,50.1813],[4.8902,50.1822],[4.8837,50.1816],[4.8808,50.1826],[4.8783,50.1812],[4.8721,50.1823],[4.8636,50.1809],[4.8599,50.1812],[4.8543,50.1805],[4.8524,50.1784],[4.8594,50.1772],[4.8581,50.1736],[4.8596,50.1719],[4.8556,50.1704],[4.8596,50.1677],[4.8586,50.1656],[4.8612,50.1652],[4.8712,50.1581],[4.872,50.1536],[4.8769,50.1535],[4.8811,50.1531],[4.8851,50.1559],[4.8884,50.1554],[4.8945,50.1576],[4.8944,50.1594],[4.8976,50.1611],[4.9063,50.162],[4.9108,50.1613],[4.9126,50.1624],[4.9147,50.1653],[4.9169,50.1648],[4.9193,50.1627],[4.9236,50.1647],[4.9233,50.1598],[4.9264,50.1599],[4.9277,50.1546],[4.9278,50.15],[4.9348,50.1494],[4.9334,50.144],[4.9434,50.1418],[4.9514,50.1372],[4.956,50.1358],[4.9584,50.1362],[4.9542,50.1475],[4.9536,50.1507],[4.9693,50.1551],[4.9805,50.1559],[4.9861,50.1555],[5.0007,50.1574],[4.9994,50.1548],[5.0029,50.1513],[5.0052,50.1465],[5.01,50.1452],[5.0162,50.1414],[5.0184,50.1381],[5.0244,50.1364],[5.0319,50.1325],[5.0394,50.1363],[5.0425,50.1391],[5.0514,50.1448],[5.0531,50.1435],[5.0598,50.1431],[5.0641,50.14],[5.0677,50.1347],[5.0735,50.1354]]]},"properties":{"id":"91072","name":"Houyet","subdivision":"Namur","cx":5.011,"cy":50.192}},
{"type":"Feature","geometry":{"type":"Polygon","coordinates":[[[6.0249,50.1828],[6.027,50.1771],[6.0291,50.1729],[6.0299,50.1655],[6.0321,50.1634],[6.0372,50.1606],[6.0452,50.1577],[6.0503,50.1568],[6.057,50.1543],[6.0635,50.1535],[6.0686,50.1553],[6.072,50.1574],[6.0787,50.1565],[6.0786,50.1585],[6.0802,50.1612],[6.0802,50.164],[6.0789,50.1681],[6.0792,50.1708],[6.0834,50.1719],[6.0869,50.1716],[6.0927,50.1695],[6.0971,50.1696],[6.1024,50.1706],[6.1198,50.1634],[6.1204,50.1618],[6.115,50.1558],[6.1176,50.1548],[6.1207,50.152],[6.1241,50.1512],[6.1246,50.1497],[6.1217,50.1491],[6.1174,50.1469],[6.117,50.1445],[6.1151,50.1442],[6.1121,50.1362],[6.1207,50.1363],[6.1265,50.134],[6.1321,50.1296],[6.1377,50.13],[6.1388,50.135],[6.147,50.1357],[6.151,50.1378],[6.1509,50.1391],[6.1547,50.1419],[6.1525,50.1474],[6.1529,50.1501],[6.1485,50.1519],[6.1432,50.1491],[6.1343,50.1518],[6.1323,50.1533],[6.1321,50.1553],[6.1386,50.1551],[6.1429,50.1557],[6.1446,50.1567],[6.1475,50.1606],[6.1463,50.1628],[6.1428,50.1646],[6.1398,50.1678],[6.1406,50.1696],[6.1457,50.1697],[6.1476,50.1711],[6.1443,50.1735],[6.1469,50.1778],[6.1502,50.1775],[6.1527,50.1762],[6.156,50.1718],[6.1603,50.1718],[6.1618,50.1758],[6.1614,50.1776],[6.1653,50.1791],[6.1708,50.1787],[6.1751,50.1793],[6.1801,50.1781],[6.1875,50.1789],[6.1928,50.1819],[6.1858,50.184],[6.1895,50.1858],[6.1903,50.1876],[6.1871,50.1892],[6.1849,50.1918],[6.1862,50.1951],[6.1853,50.1994],[6.1865,50.2013],[6.1856,50.2033],[6.1889,50.2053],[6.1846,50.2064],[6.1823,50.209],[6.1818,50.2117],[6.1786,50.2144],[6.1777,50.2167],[6.171,50.2192],[6.1677,50.2191],[6.1663,50.2211],[6.1677,50.2241],[6.1693,50.2249],[6.1747,50.2252],[6.1767,50.2262],[6.1774,50.2285],[6.1739,50.2316],[6.1715,50.2319],[6.1679,50.2301],[6.1657,50.2328],[6.1607,50.2327],[6.1531,50.2355],[6.1457,50.2366],[6.1471,50.235],[6.1469,50.2322],[6.1412,50.2308],[6.1338,50.232],[6.1338,50.2336],[6.1316,50.2369],[6.1315,50.2399],[6.1257,50.2424],[6.1193,50.2425],[6.116,50.2407],[6.1088,50.2428],[6.106,50.2417],[6.1031,50.242],[6.0924,50.2447],[6.0889,50.2426],[6.0871,50.2452],[6.0815,50.2435],[6.0773,50.2443],[6.0787,50.2458],[6.0776,50.2487],[6.0692,50.2511],[6.066,50.255],[6.0601,50.2567],[6.056,50.2608],[6.0511,50.2622],[6.0503,50.2616],[6.0297,50.2641],[6.0125,50.2646],[6.0138,50.2594],[6.0167,50.2529],[6.0145,50.2493],[6.0125,50.2444],[6.0087,50.2384],[6.0101,50.2346],[6.0097,50.2292],[6.0128,50.2258],[6.0119,50.2221],[6.012,50.2184],[6.0152,50.2148],[6.0117,50.2079],[6.0139,50.2049],[6.0214,50.2078],[6.0267,50.209],[6.0282,50.2078],[6.0315,50.2076],[6.0345,50.2059],[6.0327,50.2039],[6.033,50.2013],[6.0302,50.1997],[6.028,50.1971],[6.0207,50.1936],[6.0204,50.1918],[6.0261,50.1833],[6.0249,50.1828]]]},"properties":{"id":"63087","name":"Burg-Reuland","subdivision":"Liège","cx":6.093,"cy":50.205}},
{"type":"Feature","geometry":{"type":"Polygon","coordinates":[[[5.6123,50.2202],[5.6044,50.221],[5.6065,50.2234],[5.6061,50.2259],[5.6023,50.2267],[5.5956,50.2295],[5.593,50.2335],[5.5899,50.2359],[5.5836,50.2392],[5.5786,50.2402],[5.5811,50.2439],[5.5808,50.2454],[5.5757,50.247],[5.5691,50.2481],[5.5612,50.2475],[5.5531,50.2507],[5.5436,50.2554],[5.541,50.2621],[5.5334,50.2571],[5.529,50.2581],[5.5253,50.2602],[5.5224,50.2607],[5.522,50.2622],[5.5169,50.2651],[5.513,50.264],[5.5109,50.2649],[5.5061,50.2645],[5.5004,50.2605],[5.5027,50.2593],[5.5009,50.2547],[5.5032,50.2533],[5.4993,50.2513],[5.4968,50.251],[5.4933,50.249],[5.4891,50.2516],[5.4878,50.2503],[5.4844,50.2511],[5.4832,50.2474],[5.4811,50.2441],[5.4785,50.2446],[5.4752,50.2425],[5.4734,50.2431],[5.4718,50.2403],[5.4698,50.2403],[5.4667,50.2387],[5.4637,50.2391],[5.4593,50.2424],[5.4534,50.2359],[5.4545,50.2313],[5.4523,50.2277],[5.4477,50.2269],[5.4458,50.2285],[5.4421,50.226],[5.4428,50.2199],[5.4421,50.2164],[5.4446,50.2144],[5.443,50.2128],[5.447,50.2113],[5.444,50.2101],[5.4469,50.2081],[5.4531,50.2006],[5.4561,50.1996],[5.4607,50.1964],[5.4604,50.1915],[5.4612,50.19],[5.46,50.1877],[5.4621,50.1873],[5.4634,50.1832],[5.4663,50.18],[5.4692,50.1783],[5.4677,50.1747],[5.469,50.1708],[5.4668,50.1693],[5.468,50.168],[5.4733,50.1648],[5.4731,50.1637],[5.4781,50.1647],[5.4847,50.1685],[5.4868,50.1738],[5.4895,50.1777],[5.4913,50.179],[5.497,50.1807],[5.5003,50.1827],[5.5036,50.1835],[5.5118,50.1841],[5.5179,50.1859],[5.5254,50.1858],[5.5272,50.1868],[5.5327,50.1877],[5.5348,50.1873],[5.5401,50.1899],[5.5401,50.195],[5.5415,50.1964],[5.5386,50.1996],[5.5453,50.1996],[5.5494,50.1986],[5.5546,50.1964],[5.5556,50.1974],[5.5629,50.1976],[5.567,50.2002],[5.5702,50.1977],[5.5717,50.1977],[5.5774,50.2006],[5.5824,50.2014],[5.586,50.2027],[5.5881,50.2058],[5.5905,50.208],[5.5933,50.2088],[5.5992,50.2122],[5.6003,50.2152],[5.6036,50.2161],[5.6065,50.2178],[5.6105,50.2169],[5.6123,50.2202]]]},"properties":{"id":"83044","name":"Rendeux","subdivision":"Luxembourg","cx":5.516,"cy":50.221}},
{"type":"Feature","geometry":{"type":"Polygon","coordinates":[[[4.8599,50.1812],[4.8636,50.1809],[4.8721,50.1823],[4.8783,50.1812],[4.8808,50.1826],[4.8837,50.1816],[4.8902,50.1822],[4.9009,50.1813],[4.9078,50.1825],[4.9105,50.1802],[4.9301,50.2009],[4.9328,50.2021],[4.9372,50.2058],[4.9349,50.2078],[4.9345,50.2118],[4.9335,50.212],[4.9316,50.2166],[4.9366,50.2173],[4.9402,50.2185],[4.9425,50.2206],[4.9469,50.2218],[4.9506,50.2213],[4.9513,50.2168],[4.9489,50.2108],[4.9522,50.2095],[4.9554,50.2099],[4.9578,50.2152],[4.9603,50.2159],[4.9617,50.21],[4.9622,50.2042],[4.9562,50.2006],[4.9571,50.1996],[4.9652,50.2043],[4.9635,50.2093],[4.9633,50.2117],[4.9675,50.2113],[4.9702,50.2141],[4.9686,50.2159],[4.9705,50.2273],[4.9827,50.2302],[4.983,50.2327],[4.9898,50.2291],[4.9905,50.2267],[4.9938,50.2266],[4.9948,50.2247],[5.0016,50.2277],[4.9974,50.2316],[4.9994,50.2321],[4.9991,50.2348],[5.0009,50.2374],[5.0014,50.2401],[4.9996,50.2448],[5.0027,50.2472],[5.0155,50.2505],[5.023,50.2471],[5.0298,50.2479],[5.0352,50.2491],[5.0408,50.2514],[5.0421,50.2496],[5.045,50.251],[5.0481,50.2545],[5.0204,50.2827],[5.0143,50.2898],[5.0106,50.2926],[5.008,50.2959],[5.0026,50.3],[4.9984,50.3016],[4.9933,50.3007],[4.9921,50.3019],[4.9858,50.3001],[4.9756,50.2988],[4.9756,50.2979],[4.9686,50.2983],[4.9684,50.3],[4.9644,50.2994],[4.9597,50.3033],[4.954,50.3046],[4.9515,50.3032],[4.9459,50.3032],[4.9424,50.302],[4.9402,50.3036],[4.9349,50.3007],[4.9324,50.3006],[4.9252,50.2977],[4.9252,50.2957],[4.923,50.2938],[4.9181,50.2926],[4.9182,50.2909],[4.901,50.2882],[4.8972,50.2888],[4.8966,50.2873],[4.8969,50.2811],[4.8938,50.2809],[4.8929,50.2874],[4.8953,50.294],[4.8938,50.2933],[4.8827,50.292],[4.8851,50.2904],[4.8813,50.2883],[4.8852,50.2871],[4.8838,50.2859],[4.8859,50.2865],[4.8898,50.2825],[4.8914,50.2775],[4.8937,50.2741],[4.8929,50.2714],[4.8894,50.273],[4.884,50.2738],[4.8696,50.2677],[4.8682,50.2655],[4.8688,50.2639],[4.8754,50.2616],[4.8808,50.2608],[4.8775,50.2578],[4.8749,50.2573],[4.8722,50.2552],[4.8783,50.2519],[4.8853,50.2508],[4.8822,50.247],[4.8848,50.2474],[4.8875,50.246],[4.9003,50.2448],[4.8942,50.2433],[4.8936,50.2412],[4.8885,50.2386],[4.8889,50.2366],[4.8881,50.2308],[4.889,50.2284],[4.8921,50.2241],[4.8919,50.2215],[4.8873,50.2184],[4.877,50.2171],[4.8727,50.2154],[4.8711,50.2137],[4.8694,50.2097],[4.8719,50.2083],[4.873,50.2059],[4.8718,50.2039],[4.8686,50.2019],[4.8696,50.201],[4.8687,50.1984],[4.8651,50.1981],[4.8599,50.1956],[4.8577,50.1927],[4.8589,50.1904],[4.8551,50.1875],[4.8543,50.1853],[4.8612,50.1845],[4.8599,50.1812]]]},"properties":{"id":"91034","name":"Dinant","subdivision":"Namur","cx":4.942,"cy":50.258}},
{"type":"Feature","geometry":{"type":"Polygon","coordinates":[[[5.8953,50.1122],[5.9006,50.1159],[5.9103,50.1197],[5.9141,50.1219],[5.9173,50.1216],[5.9297,50.1262],[5.9363,50.127],[5.9434,50.1292],[5.95,50.1292],[5.9547,50.1311],[5.9613,50.1315],[5.9598,50.1343],[5.9585,50.1389],[5.9613,50.1426],[5.9602,50.1476],[5.9612,50.1498],[5.9581,50.1514],[5.9627,50.1533],[5.9654,50.1537],[5.9671,50.1554],[5.962,50.1613],[5.9642,50.1649],[5.9643,50.1713],[5.9651,50.1731],[5.9684,50.1728],[5.9721,50.175],[5.9999,50.1759],[6.003,50.1763],[6.0132,50.179],[6.018,50.1813],[6.0249,50.1828],[6.0261,50.1833],[6.0204,50.1918],[6.0207,50.1936],[6.028,50.1971],[6.0302,50.1997],[6.033,50.2013],[6.0327,50.2039],[6.0345,50.2059],[6.0315,50.2076],[6.0282,50.2078],[6.0267,50.209],[6.0214,50.2078],[6.0139,50.2049],[6.0117,50.2079],[6.0152,50.2148],[6.012,50.2184],[6.0119,50.2221],[6.0128,50.2258],[6.0097,50.2292],[6.0101,50.2346],[6.0087,50.2384],[6.0125,50.2444],[6.0098,50.2452],[6.0071,50.2405],[6.0032,50.2387],[5.9985,50.2348],[5.9947,50.2372],[5.9832,50.2344],[5.981,50.2371],[5.9771,50.2384],[5.9719,50.2379],[5.9674,50.2395],[5.9669,50.2415],[5.9742,50.2441],[5.9761,50.246],[5.9803,50.2478],[5.9782,50.2512],[5.9747,50.2543],[5.9723,50.2581],[5.9691,50.261],[5.9693,50.2628],[5.972,50.2643],[5.9745,50.2645],[5.9809,50.2676],[5.9788,50.2704],[5.9504,50.2634],[5.9459,50.2599],[5.9284,50.2534],[5.9253,50.2552],[5.9187,50.2563],[5.9109,50.2548],[5.9148,50.2538],[5.9148,50.2511],[5.9111,50.249],[5.9097,50.2446],[5.9053,50.2437],[5.9029,50.2425],[5.8955,50.2426],[5.8818,50.238],[5.8759,50.2389],[5.8681,50.2363],[5.8638,50.2362],[5.8631,50.2404],[5.8601,50.2388],[5.8551,50.2394],[5.8446,50.2381],[5.8445,50.2368],[5.8382,50.2364],[5.8362,50.237],[5.8332,50.2335],[5.8263,50.231],[5.8259,50.2278],[5.8213,50.2269],[5.8194,50.2251],[5.8123,50.2224],[5.8105,50.2241],[5.8071,50.2215],[5.7999,50.2198],[5.7955,50.2195],[5.7953,50.2178],[5.8005,50.217],[5.8004,50.2136],[5.7928,50.2145],[5.7897,50.2143],[5.7895,50.2097],[5.7974,50.2079],[5.797,50.2058],[5.7939,50.2064],[5.7915,50.208],[5.7882,50.2063],[5.7921,50.2022],[5.7971,50.2007],[5.7998,50.1988],[5.8017,50.1962],[5.8057,50.195],[5.8063,50.191],[5.8083,50.19],[5.8199,50.178],[5.8227,50.1715],[5.8273,50.1678],[5.8301,50.1682],[5.8327,50.1649],[5.8354,50.1626],[5.8383,50.1576],[5.837,50.1544],[5.8381,50.1523],[5.8354,50.1509],[5.8363,50.1481],[5.8318,50.1457],[5.8331,50.1439],[5.8304,50.1431],[5.8321,50.1415],[5.8384,50.1432],[5.8422,50.1428],[5.8445,50.1397],[5.846,50.1414],[5.8442,50.1436],[5.8486,50.1437],[5.8512,50.142],[5.8543,50.1371],[5.8649,50.1362],[5.8677,50.1312],[5.8691,50.1307],[5.8723,50.126],[5.8742,50.1254],[5.8757,50.1229],[5.8782,50.1207],[5.8776,50.1187],[5.8802,50.1184],[5.8857,50.1152],[5.8917,50.1103],[5.8953,50.1122]]]},"properties":{"id":"82037","name":"Gouvy","subdivision":"Luxembourg","cx":5.913,"cy":50.189}},
{"type":"Feature","geometry":{"type":"Polygon","coordinates":[[[5.4617,50.1582],[5.4662,50.1586],[5.4685,50.1599],[5.4696,50.1625],[5.4731,50.1637],[5.4733,50.1648],[5.468,50.168],[5.4668,50.1693],[5.469,50.1708],[5.4677,50.1747],[5.4692,50.1783],[5.4663,50.18],[5.4634,50.1832],[5.4621,50.1873],[5.46,50.1877],[5.4612,50.19],[5.4604,50.1915],[5.4607,50.1964],[5.4561,50.1996],[5.4531,50.2006],[5.4469,50.2081],[5.444,50.2101],[5.447,50.2113],[5.443,50.2128],[5.4446,50.2144],[5.4421,50.2164],[5.4345,50.2176],[5.4327,50.219],[5.4293,50.2188],[5.4364,50.2232],[5.4307,50.2276],[5.4249,50.2249],[5.4177,50.2319],[5.4103,50.2312],[5.4057,50.237],[5.4076,50.2384],[5.4022,50.2431],[5.3995,50.2443],[5.3922,50.2398],[5.3808,50.2353],[5.3785,50.2375],[5.3754,50.2384],[5.3749,50.2402],[5.372,50.2423],[5.3734,50.244],[5.3846,50.2479],[5.386,50.2495],[5.3901,50.2516],[5.3925,50.2558],[5.3944,50.2578],[5.4002,50.2614],[5.4034,50.2625],[5.4015,50.2641],[5.3993,50.2628],[5.3919,50.2606],[5.3926,50.2598],[5.3875,50.2576],[5.3835,50.2613],[5.3739,50.2673],[5.3738,50.2686],[5.3696,50.2731],[5.3721,50.2752],[5.3763,50.277],[5.3755,50.2784],[5.3721,50.2774],[5.3659,50.2778],[5.3626,50.2757],[5.3568,50.2732],[5.3546,50.2706],[5.3486,50.2667],[5.3434,50.2655],[5.34,50.2617],[5.3323,50.2551],[5.3243,50.2517],[5.3139,50.2457],[5.3113,50.2449],[5.3062,50.2443],[5.2971,50.2412],[5.2935,50.2393],[5.2849,50.2464],[5.2832,50.249],[5.2778,50.2449],[5.2732,50.2426],[5.2656,50.2407],[5.2545,50.2395],[5.2519,50.2381],[5.2575,50.2356],[5.2617,50.2302],[5.2577,50.2284],[5.2587,50.2273],[5.2344,50.222],[5.2287,50.2278],[5.223,50.2246],[5.2189,50.2237],[5.2132,50.2217],[5.2129,50.2206],[5.207,50.2172],[5.2097,50.2163],[5.2155,50.2159],[5.2218,50.2142],[5.2318,50.2149],[5.2345,50.21],[5.2411,50.206],[5.2461,50.2039],[5.2381,50.1991],[5.2343,50.1955],[5.2399,50.1943],[5.2421,50.1927],[5.2466,50.1954],[5.2494,50.1938],[5.2492,50.1911],[5.2427,50.1873],[5.2461,50.1846],[5.2485,50.1835],[5.2515,50.1807],[5.2538,50.1795],[5.2559,50.1764],[5.2611,50.1709],[5.2662,50.1682],[5.2673,50.1635],[5.2723,50.1593],[5.2753,50.1587],[5.2809,50.1587],[5.2889,50.1575],[5.2968,50.159],[5.3027,50.1584],[5.3039,50.1575],[5.3099,50.1601],[5.319,50.1615],[5.3206,50.1646],[5.3149,50.1646],[5.3128,50.167],[5.3154,50.1688],[5.3186,50.1689],[5.3207,50.1705],[5.3215,50.1728],[5.3252,50.1742],[5.3277,50.1785],[5.3299,50.1774],[5.3381,50.1782],[5.3377,50.1828],[5.3398,50.1879],[5.3431,50.1883],[5.3444,50.1897],[5.3504,50.1905],[5.3616,50.1954],[5.3651,50.1984],[5.3689,50.1974],[5.3734,50.1979],[5.3742,50.1962],[5.3774,50.1974],[5.3785,50.1952],[5.384,50.1938],[5.3859,50.1888],[5.3875,50.1875],[5.3924,50.1861],[5.3932,50.1838],[5.3895,50.1819],[5.391,50.1795],[5.3896,50.177],[5.3923,50.1753],[5.39,50.1723],[5.3886,50.1679],[5.386,50.1658],[5.3922,50.1648],[5.3963,50.1651],[5.3959,50.1669],[5.3995,50.1674],[5.4057,50.1708],[5.4049,50.172],[5.4186,50.1762],[5.4219,50.1787],[5.4258,50.1789],[5.4274,50.1772],[5.4304,50.1767],[5.4354,50.1713],[5.4371,50.1723],[5.4424,50.1685],[5.4412,50.1675],[5.448,50.1576],[5.4551,50.1574],[5.4617,50.1582]]]},"properties":{"id":"83034","name":"Marche-en-Famenne","subdivision":"Luxembourg","cx":5.304,"cy":50.205}},
{"type":"Feature","geometry":{"type":"Polygon","coordinates":[[[4.285,50.1588],[4.2838,50.1599],[4.285,50.1618],[4.2882,50.1628],[4.2896,50.1644],[4.2871,50.1669],[4.2958,50.1683],[4.2984,50.1701],[4.3037,50.1693],[4.3036,50.1713],[4.3015,50.1778],[4.294,50.1777],[4.2907,50.1794],[4.2942,50.185],[4.2975,50.1888],[4.2886,50.1899],[4.289,50.1941],[4.292,50.1965],[4.2907,50.2038],[4.2997,50.2063],[4.3123,50.208],[4.3202,50.2059],[4.3245,50.2055],[4.3301,50.2066],[4.3334,50.2087],[4.333,50.2098],[4.3384,50.212],[4.3398,50.2163],[4.3387,50.217],[4.3423,50.2207],[4.3453,50.2229],[4.3451,50.2273],[4.3363,50.2298],[4.3302,50.2332],[4.3203,50.2346],[4.3187,50.2372],[4.3163,50.2379],[4.3129,50.2374],[4.3092,50.238],[4.3084,50.2418],[4.3024,50.2425],[4.2984,50.2437],[4.2959,50.2456],[4.2955,50.2486],[4.2911,50.2503],[4.2876,50.2494],[4.2896,50.2537],[4.2869,50.2558],[4.2899,50.2584],[4.2965,50.2622],[4.3032,50.265],[4.3042,50.2637],[4.3088,50.2671],[4.3084,50.2706],[4.313,50.2759],[4.3113,50.2778],[4.3128,50.2798],[4.2991,50.2804],[4.2999,50.2831],[4.3048,50.285],[4.3033,50.286],[4.2905,50.2911],[4.2855,50.2914],[4.2812,50.2928],[4.2769,50.2931],[4.2758,50.2945],[4.2719,50.2949],[4.2675,50.292],[4.2628,50.288],[4.2614,50.2843],[4.254,50.2819],[4.2262,50.2829],[4.2201,50.281],[4.2126,50.2805],[4.2131,50.2786],[4.206,50.2773],[4.2043,50.2742],[4.2081,50.2726],[4.2136,50.2664],[4.2161,50.2614],[4.2196,50.2599],[4.2219,50.2567],[4.22,50.2516],[4.214,50.2479],[4.2119,50.2457],[4.206,50.2435],[4.2043,50.2402],[4.199,50.2405],[4.1971,50.2395],[4.1934,50.24],[4.1888,50.2358],[4.1817,50.2315],[4.1805,50.2281],[4.1718,50.2195],[4.1724,50.2175],[4.169,50.2173],[4.166,50.215],[4.171,50.2149],[4.1726,50.2155],[4.1843,50.2138],[4.1862,50.2127],[4.2029,50.2087],[4.212,50.2087],[4.2099,50.206],[4.2104,50.2037],[4.2083,50.1999],[4.2029,50.1977],[4.2103,50.1964],[4.2148,50.1946],[4.2134,50.192],[4.2145,50.191],[4.2146,50.186],[4.2183,50.187],[4.2204,50.1846],[4.2295,50.1882],[4.2357,50.1872],[4.235,50.1847],[4.233,50.1817],[4.2331,50.1793],[4.2393,50.1787],[4.2451,50.1753],[4.2502,50.1744],[4.2551,50.1707],[4.2596,50.1681],[4.2666,50.1683],[4.2729,50.1658],[4.2761,50.1633],[4.2797,50.1623],[4.2796,50.1604],[4.285,50.1588]]]},"properties":{"id":"56005","name":"Beaumont","subdivision":"Hainaut","cx":4.257,"cy":50.228}},
{"type":"Feature","geometry":{"type":"Polygon","coordinates":[[[5.7603,50.3646],[5.7513,50.3642],[5.7455,50.3635],[5.7401,50.3611],[5.7375,50.3605],[5.7264,50.3619],[5.7242,50.3609],[5.7242,50.3587],[5.7202,50.3581],[5.7215,50.3553],[5.72,50.3529],[5.7151,50.3494],[5.7108,50.3482],[5.7144,50.3467],[5.7117,50.3431],[5.7095,50.3429],[5.7138,50.3383],[5.7141,50.3347],[5.7126,50.3336],[5.7091,50.329],[5.7029,50.3292],[5.7078,50.3181],[5.7121,50.311],[5.7167,50.308],[5.7185,50.3053],[5.7236,50.3018],[5.7271,50.3038],[5.747,50.3025],[5.7481,50.2981],[5.7477,50.2956],[5.741,50.2932],[5.7352,50.2887],[5.7353,50.2858],[5.7315,50.2751],[5.7245,50.2701],[5.7176,50.2667],[5.7215,50.262],[5.7236,50.2609],[5.7283,50.2617],[5.7331,50.2603],[5.7449,50.2606],[5.7478,50.2613],[5.7501,50.2637],[5.751,50.266],[5.7571,50.2665],[5.7634,50.2683],[5.7695,50.2678],[5.7786,50.2638],[5.7793,50.263],[5.7894,50.2648],[5.7998,50.2651],[5.8028,50.2634],[5.8021,50.2612],[5.806,50.261],[5.806,50.255],[5.8076,50.2544],[5.8098,50.2643],[5.8209,50.2641],[5.8272,50.2667],[5.8312,50.2658],[5.8363,50.2627],[5.8398,50.2613],[5.8433,50.2631],[5.8478,50.2634],[5.862,50.2685],[5.8705,50.2684],[5.8702,50.2703],[5.8733,50.2766],[5.8768,50.2759],[5.8779,50.2792],[5.8814,50.2804],[5.8655,50.2827],[5.8449,50.2805],[5.847,50.2835],[5.845,50.2849],[5.8472,50.2861],[5.846,50.2884],[5.8507,50.2891],[5.855,50.2945],[5.859,50.2957],[5.8574,50.2983],[5.8549,50.3001],[5.8564,50.3013],[5.8603,50.302],[5.8602,50.3037],[5.8633,50.3042],[5.8665,50.3127],[5.8692,50.314],[5.8673,50.3152],[5.8692,50.3194],[5.8661,50.3205],[5.8626,50.3251],[5.8541,50.3277],[5.8505,50.3268],[5.8508,50.3214],[5.8498,50.3198],[5.8439,50.3216],[5.8429,50.3245],[5.8382,50.3279],[5.8384,50.3324],[5.8365,50.3373],[5.834,50.339],[5.8346,50.3481],[5.8321,50.3471],[5.8282,50.347],[5.8215,50.3442],[5.8043,50.3421],[5.7993,50.3404],[5.7932,50.3402],[5.7898,50.3414],[5.7852,50.3443],[5.7713,50.3509],[5.7695,50.3537],[5.769,50.3566],[5.7658,50.3557],[5.7634,50.3607],[5.7607,50.3627],[5.7603,50.3646]]]},"properties":{"id":"63045","name":"Lierneux","subdivision":"Liège","cx":5.785,"cy":50.307}},
{"type":"Feature","geometry":{"type":"Polygon","coordinates":[[[4.8822,50.247],[4.8853,50.2508],[4.8783,50.2519],[4.8722,50.2552],[4.8749,50.2573],[4.8775,50.2578],[4.8808,50.2608],[4.8754,50.2616],[4.8688,50.2639],[4.8682,50.2655],[4.8696,50.2677],[4.884,50.2738],[4.8894,50.273],[4.8929,50.2714],[4.8937,50.2741],[4.8914,50.2775],[4.8898,50.2825],[4.8859,50.2865],[4.8838,50.2859],[4.876,50.2834],[4.8663,50.2817],[4.8639,50.2823],[4.86,50.2848],[4.8625,50.2876],[4.8586,50.2904],[4.8606,50.2931],[4.8574,50.2944],[4.8588,50.2972],[4.8538,50.2978],[4.8517,50.2963],[4.8473,50.2979],[4.8463,50.2967],[4.8423,50.2951],[4.8388,50.2999],[4.8369,50.2951],[4.8327,50.293],[4.8353,50.2913],[4.8344,50.2902],[4.8342,50.2856],[4.8318,50.2847],[4.8252,50.2851],[4.8205,50.2889],[4.8192,50.2919],[4.817,50.2941],[4.8149,50.2981],[4.8194,50.299],[4.8216,50.302],[4.8041,50.3032],[4.802,50.3083],[4.8026,50.3111],[4.7968,50.3102],[4.7976,50.3058],[4.7969,50.3041],[4.7932,50.3029],[4.794,50.3018],[4.79,50.3007],[4.796,50.2992],[4.7915,50.2959],[4.7911,50.2941],[4.7847,50.2883],[4.7789,50.2871],[4.7797,50.2916],[4.7678,50.2936],[4.7615,50.2929],[4.76,50.2918],[4.7614,50.2866],[4.7632,50.2832],[4.7575,50.2824],[4.7534,50.2752],[4.7657,50.275],[4.7617,50.2678],[4.7441,50.2562],[4.736,50.2498],[4.7471,50.2438],[4.7503,50.2391],[4.7492,50.238],[4.7494,50.2336],[4.7513,50.2296],[4.7493,50.2285],[4.7483,50.2228],[4.7527,50.2222],[4.7689,50.2244],[4.767,50.2221],[4.7668,50.2191],[4.7632,50.2174],[4.7653,50.2147],[4.7706,50.2155],[4.7725,50.2184],[4.7784,50.2192],[4.7856,50.2228],[4.7863,50.2265],[4.7854,50.2281],[4.7941,50.2335],[4.7924,50.2364],[4.7946,50.2367],[4.7936,50.2396],[4.805,50.2394],[4.8096,50.2329],[4.8115,50.2292],[4.8108,50.2247],[4.8172,50.225],[4.8215,50.2229],[4.8264,50.2246],[4.8333,50.2213],[4.8494,50.2271],[4.8583,50.2381],[4.8572,50.2406],[4.8661,50.2396],[4.8712,50.2398],[4.873,50.2427],[4.879,50.244],[4.8822,50.247]]]},"properties":{"id":"91103","name":"Onhaye","subdivision":"Namur","cx":4.806,"cy":50.266}},
{"type":"Feature","geometry":{"type":"Polygon","coordinates":[[[5.5004,50.2605],[5.4966,50.2637],[5.4929,50.2708],[5.489,50.273],[5.4867,50.2755],[5.4833,50.2744],[5.4817,50.2762],[5.487,50.2791],[5.4812,50.2788],[5.4847,50.2843],[5.4838,50.2852],[5.4856,50.2885],[5.4807,50.2883],[5.4774,50.2909],[5.4687,50.2942],[5.4651,50.2963],[5.4644,50.2926],[5.4614,50.2882],[5.4597,50.2901],[5.4574,50.2909],[5.4544,50.2969],[5.447,50.3022],[5.4414,50.3035],[5.4292,50.3054],[5.426,50.3046],[5.421,50.3082],[5.4158,50.307],[5.4136,50.3055],[5.41,50.3053],[5.4065,50.3078],[5.4083,50.31],[5.4132,50.3132],[5.4152,50.3134],[5.4112,50.3172],[5.4083,50.319],[5.4064,50.3152],[5.4007,50.3155],[5.3984,50.314],[5.3932,50.3143],[5.3934,50.3164],[5.3901,50.3173],[5.3864,50.3171],[5.3884,50.3161],[5.3894,50.3125],[5.3927,50.3096],[5.3901,50.3069],[5.3921,50.3022],[5.3937,50.3004],[5.393,50.2986],[5.3955,50.2942],[5.396,50.2898],[5.3948,50.2871],[5.3928,50.2871],[5.3909,50.2851],[5.3868,50.285],[5.3847,50.2826],[5.3774,50.2789],[5.3755,50.2784],[5.3763,50.277],[5.3721,50.2752],[5.3696,50.2731],[5.3738,50.2686],[5.3739,50.2673],[5.3835,50.2613],[5.3875,50.2576],[5.3926,50.2598],[5.3919,50.2606],[5.3993,50.2628],[5.4015,50.2641],[5.4034,50.2625],[5.4002,50.2614],[5.3944,50.2578],[5.3925,50.2558],[5.3901,50.2516],[5.386,50.2495],[5.3846,50.2479],[5.3734,50.244],[5.372,50.2423],[5.3749,50.2402],[5.3754,50.2384],[5.3785,50.2375],[5.3808,50.2353],[5.3922,50.2398],[5.3995,50.2443],[5.4022,50.2431],[5.4076,50.2384],[5.4057,50.237],[5.4103,50.2312],[5.4177,50.2319],[5.4249,50.2249],[5.4307,50.2276],[5.4364,50.2232],[5.4293,50.2188],[5.4327,50.219],[5.4345,50.2176],[5.4421,50.2164],[5.4428,50.2199],[5.4421,50.226],[5.4458,50.2285],[5.4477,50.2269],[5.4523,50.2277],[5.4545,50.2313],[5.4534,50.2359],[5.4593,50.2424],[5.4637,50.2391],[5.4667,50.2387],[5.4698,50.2403],[5.4718,50.2403],[5.4734,50.2431],[5.4752,50.2425],[5.4785,50.2446],[5.4811,50.2441],[5.4832,50.2474],[5.4844,50.2511],[5.4878,50.2503],[5.4891,50.2516],[5.4933,50.249],[5.4968,50.251],[5.4993,50.2513],[5.5032,50.2533],[5.5009,50.2547],[5.5027,50.2593],[5.5004,50.2605]]]},"properties":{"id":"83028","name":"Hotton","subdivision":"Luxembourg","cx":5.433,"cy":50.267}},
{"type":"Feature","geometry":{"type":"Polygon","coordinates":[[[4.7806,50.2013],[4.7835,50.2012],[4.7839,50.203],[4.7877,50.2039],[4.7826,50.2082],[4.7748,50.2097],[4.7706,50.2155],[4.7653,50.2147],[4.7632,50.2174],[4.7668,50.2191],[4.767,50.2221],[4.7689,50.2244],[4.7527,50.2222],[4.7483,50.2228],[4.7493,50.2285],[4.7513,50.2296],[4.7494,50.2336],[4.7492,50.238],[4.7503,50.2391],[4.7471,50.2438],[4.736,50.2498],[4.7441,50.2562],[4.7617,50.2678],[4.7657,50.275],[4.7534,50.2752],[4.748,50.2747],[4.7346,50.275],[4.71,50.2772],[4.705,50.2782],[4.7024,50.2777],[4.7013,50.2719],[4.6949,50.2731],[4.6926,50.2721],[4.6844,50.2708],[4.6825,50.2667],[4.676,50.2663],[4.6694,50.2654],[4.6714,50.2631],[4.6665,50.2624],[4.6639,50.2613],[4.663,50.264],[4.6593,50.2636],[4.6573,50.2654],[4.6488,50.2659],[4.6455,50.2672],[4.6404,50.2679],[4.6394,50.2703],[4.6431,50.2734],[4.6418,50.2767],[4.6373,50.2767],[4.6319,50.2752],[4.6182,50.2763],[4.6184,50.2768],[4.6052,50.2762],[4.6017,50.2753],[4.596,50.2753],[4.5987,50.2786],[4.6026,50.2804],[4.6043,50.2824],[4.6112,50.2855],[4.6116,50.2865],[4.6212,50.2962],[4.5965,50.2908],[4.5948,50.2894],[4.5899,50.2879],[4.5861,50.2882],[4.5856,50.2928],[4.5876,50.2971],[4.5911,50.3007],[4.5925,50.3054],[4.5914,50.3117],[4.5914,50.3145],[4.5887,50.3213],[4.5751,50.3224],[4.5715,50.322],[4.5685,50.3231],[4.5615,50.3222],[4.5572,50.3204],[4.5384,50.3174],[4.5286,50.3152],[4.5186,50.3152],[4.5176,50.3146],[4.5183,50.3111],[4.5177,50.3071],[4.519,50.3059],[4.5121,50.3019],[4.5078,50.2972],[4.5046,50.2958],[4.5058,50.2924],[4.5076,50.2901],[4.5129,50.289],[4.5145,50.2868],[4.5214,50.2872],[4.5284,50.2864],[4.529,50.2845],[4.5269,50.2808],[4.5223,50.2771],[4.524,50.2757],[4.5227,50.2708],[4.5307,50.2659],[4.5316,50.263],[4.5331,50.2628],[4.5335,50.2597],[4.5325,50.2572],[4.5324,50.2516],[4.5356,50.2489],[4.5441,50.2429],[4.5421,50.2314],[4.5451,50.2288],[4.5408,50.2257],[4.5532,50.2171],[4.5527,50.2151],[4.5552,50.2108],[4.5632,50.2125],[4.565,50.2138],[4.5682,50.2144],[4.5716,50.2134],[4.5802,50.2141],[4.5814,50.2168],[4.5847,50.2169],[4.5848,50.2151],[4.5902,50.2135],[4.6,50.2137],[4.6034,50.2148],[4.6055,50.2167],[4.612,50.2168],[4.6207,50.2181],[4.6241,50.2158],[4.6359,50.2137],[4.6382,50.2145],[4.6424,50.2142],[4.6458,50.2158],[4.6492,50.2145],[4.6564,50.2176],[4.6604,50.2182],[4.6666,50.2141],[4.6727,50.2153],[4.673,50.2136],[4.6765,50.2117],[4.6827,50.2121],[4.6849,50.2109],[4.6857,50.209],[4.6885,50.2088],[4.6903,50.2108],[4.6941,50.2106],[4.6914,50.2144],[4.6943,50.2172],[4.6974,50.2165],[4.7028,50.2171],[4.7043,50.2156],[4.7014,50.2136],[4.7056,50.2112],[4.7084,50.2084],[4.7069,50.2058],[4.7092,50.2033],[4.7164,50.2017],[4.713,50.1983],[4.7143,50.1975],[4.7195,50.1998],[4.7278,50.2],[4.7274,50.2016],[4.734,50.21],[4.7394,50.2092],[4.7436,50.2095],[4.7485,50.2068],[4.7536,50.2064],[4.7546,50.2039],[4.7581,50.2009],[4.7598,50.2031],[4.7636,50.2011],[4.767,50.2033],[4.7688,50.2032],[4.7682,50.2002],[4.7697,50.1986],[4.7751,50.1987],[4.7779,50.2017],[4.7806,50.2013]]]},"properties":{"id":"93022","name":"Florennes","subdivision":"Namur","cx":4.614,"cy":50.247}},
{"type":"Feature","geometry":{"type":"Polygon","coordinates":[[[4.4824,50.2172],[4.4916,50.2203],[4.4942,50.2222],[4.4993,50.2226],[4.4996,50.2237],[4.5055,50.2235],[4.5082,50.2248],[4.507,50.2266],[4.5088,50.2284],[4.5135,50.2304],[4.5193,50.2295],[4.532,50.2303],[4.5379,50.2314],[4.5382,50.2274],[4.5408,50.2257],[4.5451,50.2288],[4.5421,50.2314],[4.5441,50.2429],[4.5356,50.2489],[4.5324,50.2516],[4.5325,50.2572],[4.5335,50.2597],[4.5331,50.2628],[4.5316,50.263],[4.5307,50.2659],[4.5227,50.2708],[4.524,50.2757],[4.5223,50.2771],[4.5269,50.2808],[4.529,50.2845],[4.5284,50.2864],[4.5214,50.2872],[4.5145,50.2868],[4.5129,50.289],[4.5076,50.2901],[4.5058,50.2924],[4.5046,50.2958],[4.5078,50.2972],[4.5121,50.3019],[4.519,50.3059],[4.5177,50.3071],[4.5183,50.3111],[4.5176,50.3146],[4.5179,50.3186],[4.5125,50.3208],[4.5076,50.3206],[4.5053,50.3216],[4.508,50.3251],[4.5046,50.329],[4.4907,50.3287],[4.4877,50.3281],[4.4837,50.329],[4.4773,50.327],[4.475,50.3276],[4.473,50.3264],[4.4716,50.3235],[4.4709,50.3188],[4.4635,50.3136],[4.466,50.3103],[4.4632,50.3082],[4.46,50.3084],[4.457,50.3048],[4.4538,50.3049],[4.4519,50.3062],[4.4447,50.3081],[4.4379,50.3074],[4.435,50.3079],[4.4317,50.3103],[4.4282,50.3076],[4.426,50.3083],[4.4231,50.3061],[4.4194,50.3072],[4.4123,50.308],[4.4068,50.3093],[4.4023,50.3111],[4.401,50.3078],[4.4046,50.3047],[4.3973,50.2975],[4.3988,50.2969],[4.3944,50.2934],[4.3913,50.2929],[4.3867,50.2901],[4.3828,50.291],[4.3777,50.2912],[4.3771,50.2898],[4.3723,50.292],[4.3694,50.292],[4.3677,50.2891],[4.3693,50.288],[4.3677,50.2843],[4.3635,50.2828],[4.3625,50.2795],[4.3606,50.2792],[4.3581,50.2753],[4.3539,50.276],[4.3541,50.2773],[4.3509,50.2783],[4.3414,50.2787],[4.3386,50.2767],[4.3349,50.277],[4.3326,50.2757],[4.3285,50.2776],[4.3262,50.2745],[4.3269,50.2727],[4.3214,50.2737],[4.3182,50.2716],[4.3199,50.2692],[4.3171,50.2689],[4.3145,50.2673],[4.3111,50.2684],[4.3088,50.2671],[4.3042,50.2637],[4.3032,50.265],[4.2965,50.2622],[4.2899,50.2584],[4.2869,50.2558],[4.2896,50.2537],[4.2876,50.2494],[4.2911,50.2503],[4.2955,50.2486],[4.2959,50.2456],[4.2984,50.2437],[4.3024,50.2425],[4.3084,50.2418],[4.3092,50.238],[4.3129,50.2374],[4.3163,50.2379],[4.3187,50.2372],[4.3203,50.2346],[4.3302,50.2332],[4.3363,50.2298],[4.3451,50.2273],[4.3465,50.2301],[4.3497,50.2314],[4.3536,50.2348],[4.3589,50.2364],[4.3604,50.239],[4.3662,50.2424],[4.3709,50.2426],[4.373,50.2407],[4.3792,50.2387],[4.3871,50.2393],[4.3884,50.2372],[4.3878,50.2357],[4.3893,50.234],[4.3938,50.2329],[4.3959,50.2365],[4.3961,50.2393],[4.4072,50.2369],[4.4119,50.2372],[4.4144,50.2401],[4.4232,50.2396],[4.4208,50.2366],[4.4223,50.2338],[4.4289,50.2311],[4.4307,50.2292],[4.4343,50.2309],[4.4361,50.2293],[4.4402,50.2285],[4.442,50.2267],[4.4452,50.2297],[4.4513,50.2297],[4.4579,50.2264],[4.468,50.2255],[4.4683,50.2233],[4.471,50.2199],[4.4707,50.2166],[4.476,50.216],[4.4824,50.2172]]]},"properties":{"id":"93088","name":"Walcourt","subdivision":"Namur","cx":4.447,"cy":50.268}},
{"type":"Feature","geometry":{"type":"Polygon","coordinates":[[[5.2189,50.2237],[5.223,50.2246],[5.2287,50.2278],[5.2344,50.222],[5.2587,50.2273],[5.2577,50.2284],[5.2617,50.2302],[5.2575,50.2356],[5.2519,50.2381],[5.2545,50.2395],[5.2594,50.2422],[5.2565,50.2447],[5.2551,50.2478],[5.2566,50.2535],[5.2496,50.2537],[5.2489,50.2546],[5.2431,50.257],[5.2376,50.2611],[5.2341,50.2653],[5.2272,50.2644],[5.2202,50.2616],[5.2171,50.2652],[5.2202,50.2676],[5.2187,50.2701],[5.2215,50.2712],[5.2215,50.2727],[5.2248,50.2756],[5.2258,50.2774],[5.2294,50.2791],[5.2302,50.2827],[5.223,50.2822],[5.218,50.2836],[5.2163,50.2885],[5.214,50.2907],[5.211,50.2917],[5.2072,50.2943],[5.2034,50.2934],[5.1967,50.2955],[5.1888,50.3001],[5.1828,50.2982],[5.181,50.2982],[5.1642,50.3103],[5.1605,50.3092],[5.1505,50.3096],[5.1388,50.3136],[5.1328,50.3119],[5.1191,50.3136],[5.1157,50.3161],[5.1139,50.3152],[5.1043,50.3213],[5.1022,50.3156],[5.0961,50.322],[5.0943,50.3267],[5.0903,50.3243],[5.0817,50.3321],[5.0828,50.3327],[5.0802,50.3355],[5.0749,50.3308],[5.0694,50.3299],[5.0686,50.3288],[5.064,50.3284],[5.0597,50.3271],[5.0594,50.3257],[5.0535,50.3236],[5.055,50.3198],[5.0471,50.317],[5.0435,50.3195],[5.0408,50.323],[5.041,50.3254],[5.0377,50.3262],[5.0345,50.3316],[5.0386,50.3332],[5.0369,50.3376],[5.0342,50.3404],[5.0249,50.3375],[5.0257,50.3337],[5.0229,50.3331],[5.0222,50.3281],[5.0247,50.3232],[5.0206,50.3213],[5.018,50.321],[5.0183,50.3182],[5.0142,50.3167],[5.0159,50.3136],[5.02,50.3124],[5.0241,50.3126],[5.0026,50.3],[5.008,50.2959],[5.0106,50.2926],[5.0143,50.2898],[5.0204,50.2827],[5.0481,50.2545],[5.045,50.251],[5.0421,50.2496],[5.0414,50.2456],[5.0379,50.2401],[5.0373,50.2379],[5.0399,50.2349],[5.0419,50.2353],[5.0463,50.2299],[5.0508,50.2286],[5.0545,50.2256],[5.0646,50.2289],[5.0668,50.2283],[5.0695,50.229],[5.0715,50.2267],[5.0744,50.2249],[5.0767,50.2258],[5.08,50.2236],[5.0814,50.2203],[5.0838,50.2185],[5.0846,50.216],[5.0889,50.2139],[5.0909,50.2144],[5.0939,50.2121],[5.099,50.2105],[5.1074,50.2121],[5.1361,50.2127],[5.139,50.2132],[5.1463,50.2161],[5.1529,50.2205],[5.1559,50.2215],[5.1553,50.2275],[5.1598,50.2285],[5.1613,50.23],[5.1639,50.2302],[5.1727,50.2363],[5.1774,50.2374],[5.181,50.2361],[5.1839,50.2342],[5.2071,50.235],[5.2089,50.2336],[5.2143,50.2336],[5.2171,50.2263],[5.2189,50.2237]]]},"properties":{"id":"91030","name":"Ciney","subdivision":"Namur","cx":5.122,"cy":50.267}},
{"type":"Feature","geometry":{"type":"Polygon","coordinates":[[[5.5757,50.247],[5.5739,50.2508],[5.575,50.2544],[5.578,50.2571],[5.5785,50.2608],[5.5843,50.2585],[5.5896,50.2577],[5.5917,50.2567],[5.5961,50.2564],[5.5954,50.259],[5.599,50.2621],[5.5998,50.264],[5.6027,50.2661],[5.6037,50.2683],[5.606,50.2704],[5.6113,50.2731],[5.6102,50.2757],[5.6135,50.2776],[5.6109,50.2841],[5.6125,50.2873],[5.616,50.2885],[5.6183,50.297],[5.6215,50.3001],[5.6281,50.3081],[5.6341,50.3117],[5.6511,50.3165],[5.6555,50.3394],[5.6503,50.3373],[5.6412,50.3354],[5.6359,50.3356],[5.6283,50.3343],[5.623,50.335],[5.6207,50.3377],[5.6133,50.3392],[5.609,50.3416],[5.6013,50.3392],[5.5969,50.339],[5.5942,50.3403],[5.5919,50.3394],[5.5888,50.3418],[5.5878,50.3394],[5.5855,50.3384],[5.5835,50.336],[5.583,50.3336],[5.5795,50.3323],[5.5757,50.3331],[5.573,50.3324],[5.5711,50.3344],[5.5681,50.3321],[5.5687,50.3291],[5.567,50.3265],[5.5533,50.3346],[5.5509,50.3312],[5.5504,50.327],[5.5458,50.3243],[5.5554,50.319],[5.5536,50.3172],[5.5509,50.3168],[5.5455,50.3124],[5.5457,50.3106],[5.544,50.3075],[5.539,50.3092],[5.5375,50.3087],[5.5316,50.3095],[5.5291,50.3093],[5.5252,50.3076],[5.5215,50.3044],[5.5225,50.3031],[5.5164,50.3005],[5.5132,50.3003],[5.5007,50.3023],[5.4977,50.3044],[5.4956,50.3042],[5.4926,50.3069],[5.4938,50.3116],[5.4919,50.3121],[5.4915,50.3151],[5.488,50.3163],[5.4902,50.3186],[5.492,50.3219],[5.4887,50.3216],[5.4857,50.3242],[5.483,50.3249],[5.4803,50.3229],[5.4784,50.3247],[5.4753,50.3245],[5.4705,50.3275],[5.4672,50.3252],[5.4691,50.3244],[5.4676,50.3224],[5.4642,50.3211],[5.4614,50.3188],[5.4663,50.3129],[5.4588,50.3085],[5.4551,50.3084],[5.4414,50.3035],[5.447,50.3022],[5.4544,50.2969],[5.4574,50.2909],[5.4597,50.2901],[5.4614,50.2882],[5.4644,50.2926],[5.4651,50.2963],[5.4687,50.2942],[5.4774,50.2909],[5.4807,50.2883],[5.4856,50.2885],[5.4838,50.2852],[5.4847,50.2843],[5.4812,50.2788],[5.487,50.2791],[5.4817,50.2762],[5.4833,50.2744],[5.4867,50.2755],[5.489,50.273],[5.4929,50.2708],[5.4966,50.2637],[5.5004,50.2605],[5.5061,50.2645],[5.5109,50.2649],[5.513,50.264],[5.5169,50.2651],[5.522,50.2622],[5.5224,50.2607],[5.5253,50.2602],[5.529,50.2581],[5.5334,50.2571],[5.541,50.2621],[5.5436,50.2554],[5.5531,50.2507],[5.5612,50.2475],[5.5691,50.2481],[5.5757,50.247]]]},"properties":{"id":"83013","name":"Érezée","subdivision":"Luxembourg","cx":5.568,"cy":50.29}},
{"type":"Feature","geometry":{"type":"Polygon","coordinates":[[[5.8505,50.3268],[5.8541,50.3277],[5.8626,50.3251],[5.8661,50.3205],[5.8692,50.3194],[5.8673,50.3152],[5.8692,50.314],[5.8665,50.3127],[5.8633,50.3042],[5.8602,50.3037],[5.8603,50.302],[5.8564,50.3013],[5.8549,50.3001],[5.8574,50.2983],[5.859,50.2957],[5.855,50.2945],[5.8507,50.2891],[5.846,50.2884],[5.8472,50.2861],[5.845,50.2849],[5.847,50.2835],[5.8449,50.2805],[5.8655,50.2827],[5.8814,50.2804],[5.8779,50.2792],[5.8768,50.2759],[5.8733,50.2766],[5.8702,50.2703],[5.8705,50.2684],[5.862,50.2685],[5.8478,50.2634],[5.8433,50.2631],[5.8398,50.2613],[5.8363,50.2627],[5.8312,50.2658],[5.8272,50.2667],[5.8209,50.2641],[5.8098,50.2643],[5.8076,50.2544],[5.806,50.255],[5.806,50.261],[5.8021,50.2612],[5.8028,50.2634],[5.7998,50.2651],[5.7894,50.2648],[5.7793,50.263],[5.7786,50.2638],[5.7695,50.2678],[5.7634,50.2683],[5.7571,50.2665],[5.751,50.266],[5.7501,50.2637],[5.7478,50.2613],[5.7449,50.2606],[5.7331,50.2603],[5.7283,50.2617],[5.7236,50.2609],[5.7215,50.262],[5.7262,50.2518],[5.7098,50.2307],[5.714,50.2325],[5.7187,50.2334],[5.7298,50.2329],[5.7357,50.236],[5.739,50.2359],[5.7538,50.2315],[5.7607,50.2299],[5.7662,50.2295],[5.7703,50.2283],[5.775,50.2251],[5.7765,50.2221],[5.7807,50.2195],[5.7831,50.2189],[5.7872,50.2196],[5.7955,50.2195],[5.7999,50.2198],[5.8071,50.2215],[5.8105,50.2241],[5.8123,50.2224],[5.8194,50.2251],[5.8213,50.2269],[5.8259,50.2278],[5.8263,50.231],[5.8332,50.2335],[5.8362,50.237],[5.8382,50.2364],[5.8445,50.2368],[5.8446,50.2381],[5.8551,50.2394],[5.8601,50.2388],[5.8631,50.2404],[5.8638,50.2362],[5.8681,50.2363],[5.8759,50.2389],[5.8818,50.238],[5.8955,50.2426],[5.9029,50.2425],[5.9053,50.2437],[5.9097,50.2446],[5.9111,50.249],[5.9148,50.2511],[5.9148,50.2538],[5.9109,50.2548],[5.9187,50.2563],[5.9253,50.2552],[5.9284,50.2534],[5.9459,50.2599],[5.9504,50.2634],[5.9788,50.2704],[5.9809,50.2676],[5.9745,50.2645],[5.972,50.2643],[5.9693,50.2628],[5.9691,50.261],[5.9723,50.2581],[5.9747,50.2543],[5.9782,50.2512],[5.9803,50.2478],[5.9761,50.246],[5.9742,50.2441],[5.9669,50.2415],[5.9674,50.2395],[5.9719,50.2379],[5.9771,50.2384],[5.981,50.2371],[5.9832,50.2344],[5.9947,50.2372],[5.9985,50.2348],[6.0032,50.2387],[6.0071,50.2405],[6.0098,50.2452],[6.0125,50.2444],[6.0145,50.2493],[6.0167,50.2529],[6.0138,50.2594],[6.0125,50.2646],[6.0124,50.2681],[6.0114,50.2702],[6.0121,50.2718],[6.0118,50.2753],[6.013,50.2785],[6.0137,50.2847],[6.0153,50.2869],[6.0149,50.2925],[6.0169,50.2995],[6.0143,50.3038],[6.0127,50.3088],[6.013,50.3108],[6.0092,50.3142],[6.0001,50.316],[5.9967,50.3175],[5.9834,50.3203],[5.9835,50.3222],[5.9787,50.327],[5.9802,50.3299],[5.9609,50.3274],[5.9556,50.3334],[5.9491,50.3364],[5.9441,50.3364],[5.9369,50.3384],[5.9333,50.3347],[5.9284,50.3325],[5.9219,50.3328],[5.9163,50.3345],[5.911,50.3351],[5.902,50.3388],[5.8964,50.3399],[5.8894,50.3386],[5.8833,50.3402],[5.8801,50.3417],[5.8704,50.344],[5.8666,50.3456],[5.8621,50.3484],[5.8609,50.3456],[5.8554,50.3407],[5.856,50.3401],[5.8513,50.3355],[5.8505,50.3268]]]},"properties":{"id":"82032","name":"Vielsalm","subdivision":"Luxembourg","cx":5.914,"cy":50.291}},
{"type":"Feature","geometry":{"type":"Polygon","coordinates":[[[4.2201,50.281],[4.2101,50.2867],[4.2099,50.2893],[4.2035,50.2939],[4.2059,50.2969],[4.2025,50.298],[4.1996,50.3005],[4.1982,50.3047],[4.1996,50.3082],[4.1987,50.3109],[4.1969,50.3112],[4.188,50.3097],[4.1828,50.3102],[4.1761,50.3153],[4.17,50.3189],[4.1634,50.3196],[4.1641,50.3224],[4.1605,50.3228],[4.1561,50.322],[4.1523,50.3204],[4.1445,50.3251],[4.1412,50.3257],[4.1379,50.33],[4.1326,50.3305],[4.1268,50.3313],[4.1138,50.3306],[4.1076,50.3323],[4.105,50.3318],[4.0995,50.3363],[4.0946,50.3331],[4.0921,50.3322],[4.0768,50.346],[4.0713,50.3499],[4.0697,50.3483],[4.0666,50.3494],[4.0638,50.3473],[4.0505,50.3462],[4.0506,50.3448],[4.048,50.3437],[4.0458,50.3412],[4.0425,50.3398],[4.0547,50.3388],[4.0538,50.3354],[4.0556,50.3346],[4.0562,50.3321],[4.0652,50.3305],[4.0664,50.328],[4.0705,50.3244],[4.0781,50.3206],[4.0795,50.312],[4.0788,50.3092],[4.0813,50.3089],[4.0867,50.3116],[4.0933,50.3128],[4.0976,50.313],[4.1031,50.3103],[4.1099,50.3018],[4.1137,50.3021],[4.1167,50.3039],[4.1191,50.3021],[4.1186,50.3],[4.1228,50.2977],[4.1259,50.2864],[4.1248,50.2802],[4.1217,50.2774],[4.1241,50.2733],[4.1279,50.2742],[4.1363,50.2743],[4.1356,50.2682],[4.1342,50.2667],[4.1372,50.2653],[4.1387,50.2629],[4.1384,50.2602],[4.1349,50.2591],[4.1363,50.2568],[4.1453,50.2587],[4.1527,50.2567],[4.1636,50.2573],[4.1653,50.2597],[4.1676,50.26],[4.1683,50.2662],[4.1643,50.2686],[4.1634,50.2719],[4.1579,50.2722],[4.1542,50.2735],[4.1503,50.2738],[4.1494,50.2755],[4.1509,50.2779],[4.1549,50.28],[4.1554,50.2835],[4.1606,50.2847],[4.1626,50.2888],[4.1693,50.2881],[4.1689,50.2848],[4.1766,50.2841],[4.176,50.2797],[4.1748,50.2782],[4.1775,50.2754],[4.1814,50.2744],[4.1867,50.2752],[4.1947,50.2738],[4.2014,50.2748],[4.2043,50.2742],[4.206,50.2773],[4.2131,50.2786],[4.2126,50.2805],[4.2201,50.281]]]},"properties":{"id":"56022","name":"Erquelinnes","subdivision":"Hainaut","cx":4.14,"cy":50.305}},
{"type":"Feature","geometry":{"type":"Polygon","coordinates":[[[5.8186,50.4337],[5.8237,50.4345],[5.8332,50.4379],[5.8597,50.4437],[5.8727,50.4493],[5.8961,50.4549],[5.901,50.4555],[5.9119,50.4607],[5.9188,50.4626],[5.9225,50.4631],[5.9262,50.4645],[5.9293,50.4651],[5.9317,50.4666],[5.9317,50.4675],[5.9228,50.4737],[5.9253,50.4748],[5.9207,50.4835],[5.9217,50.4869],[5.9182,50.487],[5.9181,50.4856],[5.9129,50.4834],[5.91,50.4865],[5.9079,50.4875],[5.9056,50.4905],[5.9051,50.493],[5.9033,50.4949],[5.8989,50.4981],[5.894,50.4985],[5.8907,50.5008],[5.8915,50.5035],[5.8953,50.505],[5.8924,50.5068],[5.8858,50.512],[5.8792,50.5102],[5.872,50.5113],[5.8678,50.5103],[5.8643,50.5085],[5.8654,50.507],[5.8635,50.5048],[5.8675,50.5031],[5.8678,50.5004],[5.8664,50.4985],[5.8572,50.4977],[5.8492,50.4944],[5.8439,50.4931],[5.8406,50.4912],[5.8311,50.4904],[5.8287,50.4883],[5.8295,50.4837],[5.827,50.4818],[5.8203,50.4785],[5.8188,50.4756],[5.8174,50.4683],[5.819,50.4664],[5.8218,50.4657],[5.8222,50.4643],[5.82,50.4596],[5.8198,50.456],[5.8153,50.4464],[5.8159,50.4422],[5.8186,50.4337]]]},"properties":{"id":"63072","name":"Spa","subdivision":"Liège","cx":5.867,"cy":50.472}},
{"type":"Feature","geometry":{"type":"Polygon","coordinates":[[[5.9802,50.3299],[5.9787,50.327],[5.9835,50.3222],[5.9834,50.3203],[5.9967,50.3175],[6.0001,50.316],[6.0092,50.3142],[6.013,50.3108],[6.0127,50.3088],[6.0143,50.3038],[6.0169,50.2995],[6.0149,50.2925],[6.0153,50.2869],[6.0137,50.2847],[6.013,50.2785],[6.0118,50.2753],[6.0121,50.2718],[6.0114,50.2702],[6.0124,50.2681],[6.0125,50.2646],[6.0297,50.2641],[6.0503,50.2616],[6.0511,50.2622],[6.056,50.2608],[6.0601,50.2567],[6.066,50.255],[6.0692,50.2511],[6.0776,50.2487],[6.0787,50.2458],[6.0773,50.2443],[6.0815,50.2435],[6.0871,50.2452],[6.0889,50.2426],[6.0924,50.2447],[6.1031,50.242],[6.106,50.2417],[6.1088,50.2428],[6.116,50.2407],[6.1193,50.2425],[6.1257,50.2424],[6.1315,50.2399],[6.1316,50.2369],[6.1338,50.2336],[6.1338,50.232],[6.1412,50.2308],[6.1469,50.2322],[6.1471,50.235],[6.1457,50.2366],[6.1531,50.2355],[6.1607,50.2327],[6.1657,50.2328],[6.1679,50.2301],[6.1715,50.2319],[6.1739,50.2316],[6.1738,50.2333],[6.1772,50.2359],[6.1857,50.2377],[6.1918,50.2366],[6.1957,50.2372],[6.2003,50.2398],[6.2011,50.2421],[6.2067,50.2493],[6.2053,50.2512],[6.2089,50.2535],[6.2119,50.2529],[6.2158,50.257],[6.2211,50.2565],[6.224,50.2587],[6.2272,50.2587],[6.2323,50.2604],[6.2361,50.2625],[6.2376,50.2616],[6.2455,50.2619],[6.2501,50.2636],[6.2587,50.2678],[6.2615,50.2651],[6.2666,50.2648],[6.2692,50.2668],[6.2732,50.2672],[6.2779,50.2664],[6.2812,50.2691],[6.2822,50.2713],[6.2865,50.2745],[6.2891,50.2751],[6.2921,50.2788],[6.2892,50.282],[6.2865,50.2826],[6.2854,50.286],[6.2886,50.2905],[6.2859,50.2941],[6.2915,50.2956],[6.2957,50.2997],[6.2983,50.3041],[6.2959,50.3053],[6.2984,50.309],[6.3008,50.3104],[6.3066,50.3097],[6.3088,50.3114],[6.3028,50.3117],[6.2947,50.3107],[6.2913,50.3111],[6.2886,50.3091],[6.2848,50.309],[6.2797,50.3072],[6.2775,50.3056],[6.2698,50.3082],[6.2607,50.3065],[6.2601,50.3036],[6.2608,50.3016],[6.2594,50.2984],[6.2576,50.2973],[6.2574,50.2948],[6.2553,50.2918],[6.2522,50.2922],[6.2499,50.2963],[6.2462,50.3013],[6.2409,50.3039],[6.2415,50.3069],[6.2387,50.3106],[6.2297,50.3153],[6.2271,50.3147],[6.2279,50.3112],[6.2267,50.3095],[6.2229,50.3095],[6.2206,50.3067],[6.2174,50.3055],[6.2186,50.3032],[6.2228,50.3042],[6.2257,50.3027],[6.222,50.3013],[6.2181,50.3024],[6.2133,50.3018],[6.2109,50.298],[6.2045,50.2949],[6.2064,50.2927],[6.2048,50.2911],[6.2065,50.285],[6.2055,50.2843],[6.1981,50.2859],[6.1944,50.2873],[6.1889,50.2859],[6.1888,50.2877],[6.1859,50.2908],[6.1884,50.2953],[6.1835,50.2976],[6.1792,50.2969],[6.1732,50.2998],[6.1708,50.3061],[6.1693,50.3077],[6.163,50.3073],[6.1593,50.3077],[6.1525,50.3098],[6.1505,50.3109],[6.1485,50.3052],[6.1493,50.3026],[6.1458,50.2999],[6.1438,50.2976],[6.1402,50.2992],[6.1338,50.2983],[6.1313,50.2995],[6.1232,50.3002],[6.1221,50.3036],[6.119,50.3051],[6.1183,50.3105],[6.1137,50.3132],[6.1105,50.3126],[6.107,50.3133],[6.1022,50.3156],[6.0923,50.3162],[6.0927,50.3178],[6.0805,50.3362],[6.0799,50.3416],[6.0777,50.344],[6.0698,50.3506],[6.0583,50.3526],[6.0393,50.3528],[6.034,50.3526],[6.0217,50.3505],[6.0216,50.347],[6.0226,50.3442],[6.0209,50.3434],[6.0133,50.3422],[6.0078,50.3423],[6.0052,50.3416],[5.9959,50.3358],[6.0004,50.3361],[6.002,50.3331],[5.9983,50.33],[5.9802,50.3299]]]},"properties":{"id":"63067","name":"Sankt Vith","subdivision":"Liège","cx":6.094,"cy":50.28}},
{"type":"Feature","geometry":{"type":"Polygon","coordinates":[[[4.8953,50.294],[4.8968,50.3011],[4.8953,50.304],[4.8813,50.3121],[4.8777,50.3152],[4.8756,50.322],[4.8722,50.3266],[4.872,50.3293],[4.8731,50.334],[4.8721,50.3367],[4.8706,50.3375],[4.8624,50.3391],[4.8545,50.3463],[4.8543,50.3501],[4.8572,50.351],[4.8617,50.3511],[4.861,50.3539],[4.8543,50.3536],[4.8501,50.3516],[4.846,50.3555],[4.8467,50.3581],[4.8435,50.3594],[4.8311,50.3617],[4.8264,50.3595],[4.8224,50.36],[4.8197,50.3586],[4.8229,50.3568],[4.818,50.3551],[4.8163,50.3533],[4.8095,50.3554],[4.807,50.3534],[4.8032,50.3549],[4.7904,50.3564],[4.7885,50.3543],[4.7931,50.3434],[4.7879,50.343],[4.784,50.3436],[4.7763,50.3436],[4.7722,50.3428],[4.7647,50.3434],[4.7584,50.343],[4.7567,50.3435],[4.7484,50.3359],[4.7368,50.3308],[4.7379,50.3277],[4.7325,50.3192],[4.7295,50.3159],[4.7264,50.3152],[4.7296,50.3065],[4.7321,50.3059],[4.7379,50.3065],[4.7381,50.3018],[4.7372,50.2997],[4.7344,50.2972],[4.7352,50.2944],[4.7322,50.2937],[4.734,50.2913],[4.7345,50.2886],[4.7391,50.287],[4.7431,50.2801],[4.7575,50.2824],[4.7632,50.2832],[4.7614,50.2866],[4.76,50.2918],[4.7615,50.2929],[4.7678,50.2936],[4.7797,50.2916],[4.7789,50.2871],[4.7847,50.2883],[4.7911,50.2941],[4.7915,50.2959],[4.796,50.2992],[4.79,50.3007],[4.794,50.3018],[4.7932,50.3029],[4.7969,50.3041],[4.7976,50.3058],[4.7968,50.3102],[4.8026,50.3111],[4.802,50.3083],[4.8041,50.3032],[4.8216,50.302],[4.8194,50.299],[4.8149,50.2981],[4.817,50.2941],[4.8192,50.2919],[4.8205,50.2889],[4.8252,50.2851],[4.8318,50.2847],[4.8342,50.2856],[4.8344,50.2902],[4.8353,50.2913],[4.8327,50.293],[4.8369,50.2951],[4.8388,50.2999],[4.8423,50.2951],[4.8463,50.2967],[4.8473,50.2979],[4.8517,50.2963],[4.8538,50.2978],[4.8588,50.2972],[4.8574,50.2944],[4.8606,50.2931],[4.8586,50.2904],[4.8625,50.2876],[4.86,50.2848],[4.8639,50.2823],[4.8663,50.2817],[4.876,50.2834],[4.8838,50.2859],[4.8852,50.2871],[4.8813,50.2883],[4.8851,50.2904],[4.8827,50.292],[4.8938,50.2933],[4.8953,50.294]]]},"properties":{"id":"91005","name":"Anhée","subdivision":"Namur","cx":4.822,"cy":50.328}},
{"type":"Feature","geometry":{"type":"Polygon","coordinates":[[[4.3951,50.3556],[4.3824,50.344],[4.3784,50.35],[4.369,50.3381],[4.3696,50.3353],[4.3713,50.3325],[4.3688,50.3317],[4.3653,50.3325],[4.3613,50.3261],[4.3561,50.326],[4.3596,50.3227],[4.3592,50.3213],[4.3546,50.3196],[4.3531,50.3181],[4.3547,50.3168],[4.3466,50.3115],[4.3496,50.3074],[4.3533,50.3073],[4.3555,50.3033],[4.3542,50.302],[4.3569,50.2973],[4.3643,50.2992],[4.3648,50.2963],[4.3678,50.2967],[4.3694,50.292],[4.3723,50.292],[4.3771,50.2898],[4.3777,50.2912],[4.3828,50.291],[4.3867,50.2901],[4.3913,50.2929],[4.3944,50.2934],[4.3988,50.2969],[4.3973,50.2975],[4.4046,50.3047],[4.401,50.3078],[4.4023,50.3111],[4.4068,50.3093],[4.4123,50.308],[4.4194,50.3072],[4.4231,50.3061],[4.426,50.3083],[4.4282,50.3076],[4.4317,50.3103],[4.435,50.3079],[4.4379,50.3074],[4.4447,50.3081],[4.4519,50.3062],[4.4538,50.3049],[4.457,50.3048],[4.46,50.3084],[4.4632,50.3082],[4.466,50.3103],[4.4635,50.3136],[4.4709,50.3188],[4.4716,50.3235],[4.473,50.3264],[4.475,50.3276],[4.4759,50.3309],[4.4754,50.3338],[4.4767,50.3369],[4.474,50.341],[4.4733,50.3433],[4.4712,50.344],[4.4698,50.3472],[4.4651,50.3494],[4.4631,50.3552],[4.4635,50.3564],[4.4619,50.3594],[4.459,50.362],[4.4538,50.3614],[4.4518,50.359],[4.4478,50.357],[4.4436,50.3539],[4.4396,50.353],[4.4337,50.3529],[4.4329,50.3556],[4.4325,50.3603],[4.4298,50.3588],[4.4284,50.361],[4.4174,50.3588],[4.4164,50.3591],[4.4097,50.3574],[4.4066,50.3596],[4.4032,50.3598],[4.4006,50.3574],[4.3951,50.3556]]]},"properties":{"id":"56086","name":"Ham-sur-Heure-Nalinnes","subdivision":"Hainaut","cx":4.415,"cy":50.331}},
{"type":"Feature","geometry":{"type":"Polygon","coordinates":[[[5.0026,50.3],[5.0241,50.3126],[5.02,50.3124],[5.0159,50.3136],[5.0142,50.3167],[5.0183,50.3182],[5.018,50.321],[5.0206,50.3213],[5.0247,50.3232],[5.0222,50.3281],[5.0229,50.3331],[5.0222,50.3375],[5.0206,50.3421],[5.018,50.3417],[5.0155,50.3452],[5.0134,50.3508],[5.0092,50.3501],[5.0056,50.3504],[4.9999,50.3495],[4.9941,50.3502],[4.9921,50.3456],[4.9762,50.3432],[4.9667,50.3424],[4.9603,50.3427],[4.9572,50.3419],[4.9493,50.3412],[4.9494,50.3426],[4.9396,50.3412],[4.9263,50.338],[4.9223,50.3381],[4.9191,50.3372],[4.9117,50.3396],[4.9155,50.3414],[4.9171,50.3433],[4.917,50.3478],[4.9144,50.3504],[4.9149,50.3567],[4.9119,50.3585],[4.9007,50.3581],[4.8994,50.3612],[4.8957,50.3642],[4.8926,50.3628],[4.8852,50.3608],[4.881,50.3617],[4.8778,50.3607],[4.873,50.3603],[4.8745,50.3584],[4.8785,50.3557],[4.8781,50.3538],[4.8754,50.3527],[4.8662,50.351],[4.8617,50.3511],[4.8572,50.351],[4.8543,50.3501],[4.8545,50.3463],[4.8624,50.3391],[4.8706,50.3375],[4.8721,50.3367],[4.8731,50.334],[4.872,50.3293],[4.8722,50.3266],[4.8756,50.322],[4.8777,50.3152],[4.8813,50.3121],[4.8953,50.304],[4.8968,50.3011],[4.8953,50.294],[4.8929,50.2874],[4.8938,50.2809],[4.8969,50.2811],[4.8966,50.2873],[4.8972,50.2888],[4.901,50.2882],[4.9182,50.2909],[4.9181,50.2926],[4.923,50.2938],[4.9252,50.2957],[4.9252,50.2977],[4.9324,50.3006],[4.9349,50.3007],[4.9402,50.3036],[4.9424,50.302],[4.9459,50.3032],[4.9515,50.3032],[4.954,50.3046],[4.9597,50.3033],[4.9644,50.2994],[4.9684,50.3],[4.9686,50.2983],[4.9756,50.2979],[4.9756,50.2988],[4.9858,50.3001],[4.9921,50.3019],[4.9933,50.3007],[4.9984,50.3016],[5.0026,50.3]]]},"properties":{"id":"91141","name":"Yvoir","subdivision":"Namur","cx":4.921,"cy":50.317}},
{"type":"Feature","geometry":{"type":"Polygon","coordinates":[[[4.2675,50.292],[4.2635,50.2935],[4.2578,50.2944],[4.258,50.2959],[4.255,50.2977],[4.252,50.2937],[4.249,50.2928],[4.2494,50.2891],[4.2474,50.2893],[4.2458,50.2921],[4.2441,50.2997],[4.2416,50.2999],[4.2381,50.3016],[4.2392,50.3026],[4.2373,50.3047],[4.2411,50.3055],[4.2384,50.3079],[4.2384,50.3096],[4.2425,50.3108],[4.2404,50.3128],[4.2406,50.3142],[4.2303,50.3158],[4.23,50.3178],[4.2267,50.3181],[4.227,50.3201],[4.2218,50.319],[4.2166,50.3202],[4.2158,50.3217],[4.219,50.3251],[4.2185,50.3261],[4.2145,50.327],[4.2104,50.3254],[4.2091,50.3258],[4.2062,50.3291],[4.2025,50.33],[4.1974,50.3302],[4.1904,50.3294],[4.1889,50.3349],[4.1888,50.338],[4.1877,50.3393],[4.1842,50.3463],[4.1842,50.3488],[4.1859,50.351],[4.1868,50.3534],[4.182,50.3562],[4.1842,50.3577],[4.1812,50.3586],[4.1826,50.3605],[4.1801,50.3625],[4.1785,50.3646],[4.1686,50.366],[4.1666,50.3646],[4.1617,50.3653],[4.1595,50.367],[4.1572,50.365],[4.1554,50.3655],[4.1536,50.3626],[4.1498,50.3607],[4.1514,50.3574],[4.1516,50.3533],[4.153,50.3532],[4.1526,50.3452],[4.1511,50.3456],[4.1461,50.3442],[4.1468,50.3425],[4.1412,50.3373],[4.1399,50.3382],[4.1359,50.3348],[4.1348,50.3319],[4.1326,50.3305],[4.1379,50.33],[4.1412,50.3257],[4.1445,50.3251],[4.1523,50.3204],[4.1561,50.322],[4.1605,50.3228],[4.1641,50.3224],[4.1634,50.3196],[4.17,50.3189],[4.1761,50.3153],[4.1828,50.3102],[4.188,50.3097],[4.1969,50.3112],[4.1987,50.3109],[4.1996,50.3082],[4.1982,50.3047],[4.1996,50.3005],[4.2025,50.298],[4.2059,50.2969],[4.2035,50.2939],[4.2099,50.2893],[4.2101,50.2867],[4.2201,50.281],[4.2262,50.2829],[4.254,50.2819],[4.2614,50.2843],[4.2628,50.288],[4.2675,50.292]]]},"properties":{"id":"56049","name":"Merbes-le-Château","subdivision":"Hainaut","cx":4.172,"cy":50.336}},
{"type":"Feature","geometry":{"type":"Polygon","coordinates":[[[5.7098,50.2307],[5.7262,50.2518],[5.7215,50.262],[5.7176,50.2667],[5.7245,50.2701],[5.7315,50.2751],[5.7353,50.2858],[5.7352,50.2887],[5.741,50.2932],[5.7477,50.2956],[5.7481,50.2981],[5.747,50.3025],[5.7271,50.3038],[5.7236,50.3018],[5.7185,50.3053],[5.7167,50.308],[5.7121,50.311],[5.7078,50.3181],[5.7029,50.3292],[5.7091,50.329],[5.7126,50.3336],[5.7141,50.3347],[5.7138,50.3383],[5.7095,50.3429],[5.7117,50.3431],[5.7144,50.3467],[5.7108,50.3482],[5.7151,50.3494],[5.72,50.3529],[5.7215,50.3553],[5.7202,50.3581],[5.7109,50.358],[5.7066,50.3611],[5.6965,50.3572],[5.6929,50.3579],[5.6885,50.3567],[5.6816,50.3581],[5.6762,50.3578],[5.6734,50.3564],[5.6703,50.3568],[5.6712,50.3608],[5.6709,50.3634],[5.6758,50.3685],[5.6611,50.3658],[5.6476,50.3654],[5.6347,50.3716],[5.6307,50.3721],[5.6282,50.3699],[5.6215,50.3681],[5.6253,50.366],[5.6167,50.3623],[5.6084,50.3574],[5.5906,50.3502],[5.5877,50.35],[5.5911,50.3442],[5.5919,50.3394],[5.5942,50.3403],[5.5969,50.339],[5.6013,50.3392],[5.609,50.3416],[5.6133,50.3392],[5.6207,50.3377],[5.623,50.335],[5.6283,50.3343],[5.6359,50.3356],[5.6412,50.3354],[5.6503,50.3373],[5.6555,50.3394],[5.6511,50.3165],[5.6341,50.3117],[5.6281,50.3081],[5.6215,50.3001],[5.6183,50.297],[5.616,50.2885],[5.6125,50.2873],[5.6109,50.2841],[5.6135,50.2776],[5.6102,50.2757],[5.6113,50.2731],[5.606,50.2704],[5.6037,50.2683],[5.6027,50.2661],[5.5998,50.264],[5.599,50.2621],[5.5954,50.259],[5.5961,50.2564],[5.5917,50.2567],[5.5896,50.2577],[5.5843,50.2585],[5.5785,50.2608],[5.578,50.2571],[5.575,50.2544],[5.5739,50.2508],[5.5757,50.247],[5.5808,50.2454],[5.5811,50.2439],[5.5786,50.2402],[5.5836,50.2392],[5.5899,50.2359],[5.593,50.2335],[5.5956,50.2295],[5.6023,50.2267],[5.6061,50.2259],[5.6065,50.2234],[5.6044,50.221],[5.6123,50.2202],[5.6146,50.2214],[5.6162,50.2245],[5.6226,50.2265],[5.623,50.2235],[5.6292,50.2217],[5.6319,50.2272],[5.6346,50.2252],[5.6366,50.226],[5.6426,50.2263],[5.6466,50.2252],[5.6509,50.2228],[5.6552,50.2221],[5.6643,50.2252],[5.6755,50.2261],[5.6936,50.2253],[5.699,50.2277],[5.7098,50.2307]]]},"properties":{"id":"83055","name":"Manhay","subdivision":"Luxembourg","cx":5.668,"cy":50.277}},
{"type":"Feature","geometry":{"type":"Polygon","coordinates":[[[4.337,50.3735],[4.3385,50.3707],[4.3375,50.3675],[4.3345,50.3663],[4.3328,50.3671],[4.3313,50.3697],[4.3266,50.3744],[4.3153,50.3706],[4.3077,50.3718],[4.3042,50.3697],[4.2995,50.3686],[4.2979,50.3669],[4.2939,50.3678],[4.2924,50.3691],[4.2935,50.3731],[4.291,50.3749],[4.2892,50.3744],[4.2863,50.3647],[4.2838,50.3617],[4.2813,50.356],[4.2811,50.3502],[4.2789,50.3475],[4.2748,50.3478],[4.2725,50.3417],[4.2669,50.3391],[4.2643,50.3395],[4.2584,50.3373],[4.2573,50.335],[4.2536,50.3371],[4.2503,50.3372],[4.2477,50.3397],[4.2438,50.3392],[4.2378,50.3336],[4.2347,50.3337],[4.2312,50.3327],[4.2304,50.3279],[4.2311,50.3227],[4.227,50.3201],[4.2267,50.3181],[4.23,50.3178],[4.2303,50.3158],[4.2406,50.3142],[4.2404,50.3128],[4.2425,50.3108],[4.2384,50.3096],[4.2384,50.3079],[4.2411,50.3055],[4.2373,50.3047],[4.2392,50.3026],[4.2381,50.3016],[4.2416,50.2999],[4.2441,50.2997],[4.2458,50.2921],[4.2474,50.2893],[4.2494,50.2891],[4.249,50.2928],[4.252,50.2937],[4.255,50.2977],[4.258,50.2959],[4.2578,50.2944],[4.2635,50.2935],[4.2675,50.292],[4.2719,50.2949],[4.2758,50.2945],[4.2769,50.2931],[4.2812,50.2928],[4.2855,50.2914],[4.2905,50.2911],[4.3033,50.286],[4.3048,50.285],[4.2999,50.2831],[4.2991,50.2804],[4.3128,50.2798],[4.3113,50.2778],[4.313,50.2759],[4.3084,50.2706],[4.3088,50.2671],[4.3111,50.2684],[4.3145,50.2673],[4.3171,50.2689],[4.3199,50.2692],[4.3182,50.2716],[4.3214,50.2737],[4.3269,50.2727],[4.3262,50.2745],[4.3285,50.2776],[4.3326,50.2757],[4.3349,50.277],[4.3386,50.2767],[4.3414,50.2787],[4.3509,50.2783],[4.3541,50.2773],[4.3539,50.276],[4.3581,50.2753],[4.3606,50.2792],[4.3625,50.2795],[4.3635,50.2828],[4.3677,50.2843],[4.3693,50.288],[4.3677,50.2891],[4.3694,50.292],[4.3678,50.2967],[4.3648,50.2963],[4.3643,50.2992],[4.3569,50.2973],[4.3542,50.302],[4.3555,50.3033],[4.3533,50.3073],[4.3496,50.3074],[4.3466,50.3115],[4.3547,50.3168],[4.3531,50.3181],[4.3546,50.3196],[4.3592,50.3213],[4.3596,50.3227],[4.3561,50.326],[4.3613,50.3261],[4.3653,50.3325],[4.3688,50.3317],[4.3713,50.3325],[4.3696,50.3353],[4.369,50.3381],[4.3784,50.35],[4.3824,50.344],[4.3951,50.3556],[4.3902,50.3551],[4.3729,50.3569],[4.3692,50.3577],[4.364,50.3597],[4.3609,50.362],[4.3577,50.3669],[4.3539,50.3682],[4.3501,50.368],[4.3486,50.3716],[4.3482,50.3753],[4.3398,50.3754],[4.337,50.3735]]]},"properties":{"id":"56078","name":"Thuin","subdivision":"Hainaut","cx":4.311,"cy":50.324}},
{"type":"Feature","geometry":{"type":"Polygon","coordinates":[[[4.5887,50.3213],[4.5913,50.3224],[4.5896,50.3244],[4.5924,50.3247],[4.594,50.3263],[4.5942,50.3324],[4.5938,50.3399],[4.5826,50.342],[4.5826,50.3438],[4.5849,50.3468],[4.5891,50.3498],[4.5869,50.3526],[4.5831,50.3545],[4.5821,50.3582],[4.5849,50.3609],[4.5842,50.3638],[4.5873,50.3678],[4.5924,50.3701],[4.5941,50.3718],[4.5936,50.3742],[4.5847,50.3736],[4.572,50.3702],[4.5688,50.3687],[4.5666,50.3667],[4.5614,50.3686],[4.5573,50.369],[4.558,50.3716],[4.5554,50.3704],[4.5519,50.3706],[4.5438,50.369],[4.5331,50.3694],[4.5297,50.3687],[4.5284,50.3702],[4.5249,50.3713],[4.5207,50.3696],[4.5171,50.3706],[4.51,50.37],[4.5083,50.3688],[4.5033,50.3681],[4.5013,50.3693],[4.4994,50.3723],[4.4973,50.3717],[4.4936,50.3747],[4.4856,50.3782],[4.483,50.3784],[4.4794,50.3761],[4.4754,50.3788],[4.4665,50.3775],[4.4643,50.3786],[4.4622,50.3763],[4.4622,50.3737],[4.4589,50.3713],[4.4592,50.369],[4.4576,50.3684],[4.459,50.362],[4.4619,50.3594],[4.4635,50.3564],[4.4631,50.3552],[4.4651,50.3494],[4.4698,50.3472],[4.4712,50.344],[4.4733,50.3433],[4.474,50.341],[4.4767,50.3369],[4.4754,50.3338],[4.4759,50.3309],[4.475,50.3276],[4.4773,50.327],[4.4837,50.329],[4.4877,50.3281],[4.4907,50.3287],[4.5046,50.329],[4.508,50.3251],[4.5053,50.3216],[4.5076,50.3206],[4.5125,50.3208],[4.5179,50.3186],[4.5176,50.3146],[4.5186,50.3152],[4.5286,50.3152],[4.5384,50.3174],[4.5572,50.3204],[4.5615,50.3222],[4.5685,50.3231],[4.5715,50.322],[4.5751,50.3224],[4.5887,50.3213]]]},"properties":{"id":"52025","name":"Gerpinnes","subdivision":"Hainaut","cx":4.528,"cy":50.345}},
{"type":"Feature","geometry":{"type":"Polygon","coordinates":[[[4.227,50.3201],[4.2311,50.3227],[4.2304,50.3279],[4.2312,50.3327],[4.2347,50.3337],[4.2378,50.3336],[4.2438,50.3392],[4.2477,50.3397],[4.2503,50.3372],[4.2536,50.3371],[4.2573,50.335],[4.2584,50.3373],[4.2643,50.3395],[4.2669,50.3391],[4.2725,50.3417],[4.2748,50.3478],[4.2789,50.3475],[4.2811,50.3502],[4.2813,50.356],[4.2838,50.3617],[4.2863,50.3647],[4.2892,50.3744],[4.291,50.3749],[4.2935,50.3731],[4.2924,50.3691],[4.2939,50.3678],[4.2979,50.3669],[4.2995,50.3686],[4.3042,50.3697],[4.3019,50.3701],[4.3017,50.3756],[4.3,50.3775],[4.2996,50.3805],[4.2939,50.3848],[4.293,50.3889],[4.2868,50.3872],[4.2784,50.3866],[4.2755,50.3833],[4.2706,50.3825],[4.2677,50.3851],[4.265,50.3833],[4.2551,50.3817],[4.251,50.3798],[4.2473,50.3811],[4.2427,50.3809],[4.2385,50.3774],[4.2366,50.3787],[4.2311,50.3806],[4.2302,50.3796],[4.2254,50.3812],[4.2227,50.3789],[4.2203,50.3756],[4.2229,50.3744],[4.224,50.3763],[4.2266,50.3756],[4.2268,50.3736],[4.2208,50.3675],[4.2324,50.363],[4.2349,50.3576],[4.2342,50.3567],[4.2294,50.3571],[4.2265,50.3597],[4.2197,50.3613],[4.2167,50.3639],[4.2134,50.3638],[4.2072,50.3609],[4.2034,50.3632],[4.198,50.362],[4.1949,50.3601],[4.1963,50.356],[4.1964,50.3523],[4.1915,50.3493],[4.1859,50.351],[4.1842,50.3488],[4.1842,50.3463],[4.1877,50.3393],[4.1888,50.338],[4.1889,50.3349],[4.1904,50.3294],[4.1974,50.3302],[4.2025,50.33],[4.2062,50.3291],[4.2091,50.3258],[4.2104,50.3254],[4.2145,50.327],[4.2185,50.3261],[4.219,50.3251],[4.2158,50.3217],[4.2166,50.3202],[4.2218,50.319],[4.227,50.3201]]]},"properties":{"id":"56044","name":"Lobbes","subdivision":"Hainaut","cx":4.254,"cy":50.358}},
{"type":"Feature","geometry":{"type":"Polygon","coordinates":[[[4.7575,50.2824],[4.7431,50.2801],[4.7391,50.287],[4.7345,50.2886],[4.734,50.2913],[4.7322,50.2937],[4.7352,50.2944],[4.7344,50.2972],[4.7372,50.2997],[4.7381,50.3018],[4.7379,50.3065],[4.7321,50.3059],[4.7296,50.3065],[4.7264,50.3152],[4.7295,50.3159],[4.7325,50.3192],[4.7379,50.3277],[4.7368,50.3308],[4.7484,50.3359],[4.7567,50.3435],[4.7587,50.3514],[4.7569,50.3565],[4.7641,50.3584],[4.7668,50.358],[4.7653,50.3617],[4.7616,50.3635],[4.7508,50.3704],[4.7496,50.3753],[4.7545,50.3772],[4.7545,50.3788],[4.741,50.3796],[4.7372,50.3798],[4.7318,50.3787],[4.7224,50.3779],[4.7188,50.3781],[4.715,50.38],[4.7147,50.3779],[4.7065,50.3744],[4.7047,50.3717],[4.6889,50.3709],[4.6863,50.3713],[4.6854,50.3689],[4.6802,50.3667],[4.674,50.363],[4.6703,50.3618],[4.6641,50.364],[4.6613,50.3659],[4.6587,50.3663],[4.6539,50.366],[4.6508,50.3674],[4.6442,50.3684],[4.6384,50.3675],[4.6359,50.3651],[4.631,50.367],[4.628,50.3652],[4.6278,50.3638],[4.6249,50.3626],[4.6278,50.3604],[4.6282,50.3583],[4.6205,50.3597],[4.6174,50.3595],[4.6143,50.3616],[4.6114,50.3585],[4.6078,50.3584],[4.606,50.3615],[4.6063,50.3658],[4.6028,50.3673],[4.5998,50.3674],[4.5961,50.3686],[4.594,50.365],[4.5884,50.3664],[4.5842,50.3638],[4.5849,50.3609],[4.5821,50.3582],[4.5831,50.3545],[4.5869,50.3526],[4.5891,50.3498],[4.5849,50.3468],[4.5826,50.3438],[4.5826,50.342],[4.5938,50.3399],[4.5942,50.3324],[4.594,50.3263],[4.5924,50.3247],[4.5896,50.3244],[4.5913,50.3224],[4.5887,50.3213],[4.5914,50.3145],[4.5914,50.3117],[4.5925,50.3054],[4.5911,50.3007],[4.5876,50.2971],[4.5856,50.2928],[4.5861,50.2882],[4.5899,50.2879],[4.5948,50.2894],[4.5965,50.2908],[4.6212,50.2962],[4.6116,50.2865],[4.6112,50.2855],[4.6043,50.2824],[4.6026,50.2804],[4.5987,50.2786],[4.596,50.2753],[4.6017,50.2753],[4.6052,50.2762],[4.6184,50.2768],[4.6182,50.2763],[4.6319,50.2752],[4.6373,50.2767],[4.6418,50.2767],[4.6431,50.2734],[4.6394,50.2703],[4.6404,50.2679],[4.6455,50.2672],[4.6488,50.2659],[4.6573,50.2654],[4.6593,50.2636],[4.663,50.264],[4.6639,50.2613],[4.6665,50.2624],[4.6714,50.2631],[4.6694,50.2654],[4.676,50.2663],[4.6825,50.2667],[4.6844,50.2708],[4.6926,50.2721],[4.6949,50.2731],[4.7013,50.2719],[4.7024,50.2777],[4.705,50.2782],[4.71,50.2772],[4.7346,50.275],[4.748,50.2747],[4.7534,50.2752],[4.7575,50.2824]]]},"properties":{"id":"92087","name":"Mettet","subdivision":"Namur","cx":4.672,"cy":50.32}},
{"type":"Feature","geometry":{"type":"Polygon","coordinates":[[[5.214,50.2907],[5.2159,50.2919],[5.2188,50.2918],[5.2226,50.2939],[5.2284,50.295],[5.2323,50.2946],[5.233,50.2982],[5.2385,50.3032],[5.2321,50.3104],[5.2366,50.3131],[5.231,50.3166],[5.2273,50.3224],[5.2223,50.3215],[5.2205,50.3197],[5.2164,50.3182],[5.2135,50.3188],[5.211,50.3213],[5.2201,50.3269],[5.2146,50.3309],[5.212,50.3365],[5.209,50.34],[5.2141,50.3427],[5.2103,50.347],[5.2074,50.3489],[5.2074,50.3503],[5.2121,50.3537],[5.2067,50.3547],[5.202,50.3527],[5.1958,50.356],[5.1936,50.356],[5.1917,50.3579],[5.187,50.3588],[5.1831,50.3568],[5.1819,50.3578],[5.1779,50.3633],[5.1722,50.3661],[5.1684,50.3688],[5.1649,50.367],[5.1623,50.3687],[5.1607,50.3679],[5.1576,50.3695],[5.1563,50.3685],[5.1493,50.3727],[5.1474,50.3713],[5.1446,50.3737],[5.1398,50.3723],[5.1363,50.3736],[5.1321,50.3766],[5.1369,50.3789],[5.1336,50.3815],[5.1298,50.3836],[5.1267,50.3804],[5.1198,50.378],[5.1163,50.3812],[5.1103,50.3794],[5.1081,50.378],[5.0971,50.3732],[5.0917,50.3704],[5.0965,50.3669],[5.1008,50.3648],[5.0965,50.3633],[5.0973,50.3621],[5.0832,50.357],[5.0766,50.3535],[5.0736,50.354],[5.0699,50.3509],[5.0681,50.3531],[5.0636,50.3558],[5.0608,50.3551],[5.0532,50.3616],[5.0501,50.3638],[5.0364,50.3566],[5.0303,50.3544],[5.0245,50.353],[5.0251,50.35],[5.0294,50.346],[5.0353,50.3469],[5.04,50.3438],[5.0325,50.342],[5.0342,50.3404],[5.0369,50.3376],[5.0386,50.3332],[5.0345,50.3316],[5.0377,50.3262],[5.041,50.3254],[5.0408,50.323],[5.0435,50.3195],[5.0471,50.317],[5.055,50.3198],[5.0535,50.3236],[5.0594,50.3257],[5.0597,50.3271],[5.064,50.3284],[5.0686,50.3288],[5.0694,50.3299],[5.0749,50.3308],[5.0802,50.3355],[5.0828,50.3327],[5.0817,50.3321],[5.0903,50.3243],[5.0943,50.3267],[5.0961,50.322],[5.1022,50.3156],[5.1043,50.3213],[5.1139,50.3152],[5.1157,50.3161],[5.1191,50.3136],[5.1328,50.3119],[5.1388,50.3136],[5.1505,50.3096],[5.1605,50.3092],[5.1642,50.3103],[5.181,50.2982],[5.1828,50.2982],[5.1888,50.3001],[5.1967,50.2955],[5.2034,50.2934],[5.2072,50.2943],[5.211,50.2917],[5.214,50.2907]]]},"properties":{"id":"91059","name":"Hamois","subdivision":"Namur","cx":5.14,"cy":50.341}},
{"type":"Feature","geometry":{"type":"Polygon","coordinates":[[[3.6685,50.3845],[3.6653,50.3799],[3.6656,50.3791],[3.6621,50.3756],[3.658,50.3735],[3.6585,50.3712],[3.6577,50.3681],[3.6619,50.3658],[3.6645,50.3655],[3.6672,50.3605],[3.6673,50.3504],[3.665,50.3487],[3.6649,50.3471],[3.6689,50.3469],[3.6696,50.3445],[3.6721,50.3439],[3.6776,50.3404],[3.6736,50.3349],[3.6757,50.3329],[3.6784,50.3328],[3.6803,50.3287],[3.6849,50.3275],[3.6853,50.3251],[3.6876,50.3247],[3.6894,50.3229],[3.6934,50.3222],[3.6929,50.3188],[3.6847,50.3199],[3.6945,50.3167],[3.6944,50.3134],[3.7001,50.3119],[3.7058,50.308],[3.708,50.3049],[3.7104,50.3032],[3.7196,50.3049],[3.7162,50.3063],[3.7174,50.3089],[3.7157,50.3122],[3.7109,50.3136],[3.7092,50.3188],[3.7123,50.3195],[3.7192,50.3169],[3.7208,50.3154],[3.7205,50.3125],[3.7218,50.3111],[3.7282,50.3094],[3.7317,50.3119],[3.7282,50.3148],[3.7316,50.3183],[3.732,50.3215],[3.7297,50.3237],[3.7301,50.3299],[3.7338,50.3298],[3.7343,50.335],[3.7355,50.3361],[3.7335,50.3381],[3.7358,50.3403],[3.7382,50.3412],[3.7368,50.3435],[3.7392,50.3455],[3.7393,50.3472],[3.7473,50.3509],[3.7579,50.3495],[3.7635,50.3481],[3.7667,50.353],[3.7706,50.3511],[3.7731,50.3515],[3.7762,50.3533],[3.7842,50.3536],[3.7893,50.3522],[3.7983,50.3513],[3.8033,50.3527],[3.805,50.3558],[3.8137,50.3531],[3.8152,50.3497],[3.8116,50.3449],[3.8222,50.3459],[3.8245,50.3491],[3.8242,50.3534],[3.8269,50.3537],[3.832,50.3524],[3.8371,50.3531],[3.8388,50.3543],[3.8395,50.3561],[3.8344,50.3569],[3.8233,50.3573],[3.8225,50.3582],[3.8162,50.3586],[3.8121,50.3602],[3.8103,50.3595],[3.8019,50.364],[3.7983,50.3652],[3.7951,50.3685],[3.7943,50.3707],[3.7915,50.3701],[3.7912,50.3722],[3.7869,50.3722],[3.7823,50.3743],[3.7684,50.3736],[3.7659,50.3739],[3.7599,50.3757],[3.7501,50.3762],[3.7479,50.3773],[3.7438,50.3779],[3.7411,50.3752],[3.7375,50.373],[3.7301,50.3732],[3.7291,50.3746],[3.7251,50.372],[3.7192,50.3714],[3.7155,50.37],[3.705,50.3782],[3.7017,50.3766],[3.6983,50.3761],[3.693,50.3768],[3.6849,50.3751],[3.673,50.3748],[3.669,50.3767],[3.6717,50.3781],[3.6733,50.3813],[3.6732,50.3832],[3.6685,50.3845]]]},"properties":{"id":"53083","name":"Honnelles","subdivision":"Hainaut","cx":3.711,"cy":50.347}},
{"type":"Feature","geometry":{"type":"Polygon","coordinates":[[[5.3755,50.2784],[5.3774,50.2789],[5.3847,50.2826],[5.3868,50.285],[5.3909,50.2851],[5.3928,50.2871],[5.3948,50.2871],[5.396,50.2898],[5.3955,50.2942],[5.393,50.2986],[5.3937,50.3004],[5.3921,50.3022],[5.3901,50.3069],[5.3927,50.3096],[5.3894,50.3125],[5.3884,50.3161],[5.3864,50.3171],[5.3844,50.3149],[5.381,50.3138],[5.379,50.3153],[5.3679,50.3173],[5.3661,50.3182],[5.3619,50.3176],[5.3587,50.316],[5.3554,50.3122],[5.3557,50.3106],[5.3499,50.308],[5.3492,50.3059],[5.3416,50.3107],[5.3429,50.3164],[5.3513,50.3215],[5.3704,50.3249],[5.377,50.3267],[5.3766,50.3286],[5.3878,50.3323],[5.3912,50.3356],[5.395,50.3354],[5.3945,50.3386],[5.3969,50.3404],[5.3936,50.3426],[5.3883,50.3433],[5.3843,50.3454],[5.3833,50.3489],[5.3811,50.3503],[5.3817,50.3522],[5.3869,50.3555],[5.3893,50.3564],[5.392,50.3602],[5.3954,50.362],[5.3994,50.363],[5.4001,50.3664],[5.4014,50.3677],[5.3976,50.3693],[5.4005,50.371],[5.3993,50.3724],[5.4016,50.3736],[5.3969,50.3773],[5.3954,50.3768],[5.3932,50.3794],[5.3913,50.3822],[5.3826,50.3868],[5.3786,50.3858],[5.3787,50.3836],[5.3733,50.3812],[5.3678,50.3799],[5.3661,50.3811],[5.3631,50.3815],[5.3622,50.3837],[5.3634,50.3851],[5.3583,50.3873],[5.3518,50.3887],[5.3465,50.3867],[5.3506,50.3744],[5.3505,50.3685],[5.3517,50.3647],[5.3616,50.35],[5.3622,50.3472],[5.3568,50.3465],[5.3554,50.3445],[5.3521,50.3425],[5.3514,50.3408],[5.353,50.3388],[5.3445,50.3388],[5.3416,50.3356],[5.3387,50.3362],[5.3364,50.3348],[5.3336,50.3344],[5.333,50.3329],[5.328,50.3321],[5.3263,50.3363],[5.3273,50.3382],[5.3236,50.3393],[5.32,50.3416],[5.3132,50.3391],[5.3101,50.3369],[5.3122,50.3303],[5.3099,50.3262],[5.3157,50.3212],[5.3135,50.3199],[5.3093,50.3191],[5.3071,50.3178],[5.3015,50.3157],[5.2993,50.3113],[5.3007,50.3094],[5.2843,50.3079],[5.2826,50.3098],[5.2755,50.3124],[5.2719,50.3111],[5.269,50.3137],[5.2663,50.3129],[5.2645,50.3098],[5.265,50.3074],[5.2618,50.3056],[5.2569,50.3038],[5.2534,50.3006],[5.249,50.3],[5.2414,50.2978],[5.2343,50.2941],[5.2323,50.2946],[5.2284,50.295],[5.2226,50.2939],[5.2188,50.2918],[5.2159,50.2919],[5.214,50.2907],[5.2163,50.2885],[5.218,50.2836],[5.223,50.2822],[5.2302,50.2827],[5.2294,50.2791],[5.2258,50.2774],[5.2248,50.2756],[5.2215,50.2727],[5.2215,50.2712],[5.2187,50.2701],[5.2202,50.2676],[5.2171,50.2652],[5.2202,50.2616],[5.2272,50.2644],[5.2341,50.2653],[5.2376,50.2611],[5.2431,50.257],[5.2489,50.2546],[5.2496,50.2537],[5.2566,50.2535],[5.2551,50.2478],[5.2565,50.2447],[5.2594,50.2422],[5.2545,50.2395],[5.2656,50.2407],[5.2732,50.2426],[5.2778,50.2449],[5.2832,50.249],[5.2849,50.2464],[5.2935,50.2393],[5.2971,50.2412],[5.3062,50.2443],[5.3113,50.2449],[5.3139,50.2457],[5.3243,50.2517],[5.3323,50.2551],[5.34,50.2617],[5.3434,50.2655],[5.3486,50.2667],[5.3546,50.2706],[5.3568,50.2732],[5.3626,50.2757],[5.3659,50.2778],[5.3721,50.2774],[5.3755,50.2784]]]},"properties":{"id":"91120","name":"Somme-Leuze","subdivision":"Namur","cx":5.322,"cy":50.289}},
{"type":"Feature","geometry":{"type":"Polygon","coordinates":[[[5.5419,50.4614],[5.543,50.4616],[5.5532,50.4592],[5.5616,50.4609],[5.5677,50.4609],[5.5804,50.4634],[5.5817,50.4631],[5.6036,50.465],[5.6075,50.4639],[5.6112,50.464],[5.6109,50.4599],[5.622,50.4596],[5.6238,50.4601],[5.6246,50.4627],[5.6264,50.4641],[5.6256,50.4688],[5.6264,50.4721],[5.6308,50.475],[5.6333,50.4791],[5.6358,50.4801],[5.6327,50.4837],[5.6311,50.4871],[5.6272,50.4886],[5.6226,50.4874],[5.6202,50.4836],[5.62,50.4811],[5.6181,50.4772],[5.6164,50.4769],[5.6112,50.4776],[5.6077,50.4813],[5.6026,50.4826],[5.596,50.4811],[5.5895,50.4819],[5.5861,50.4829],[5.5833,50.4853],[5.5836,50.4877],[5.5874,50.4932],[5.594,50.4984],[5.5958,50.5011],[5.5955,50.5054],[5.5912,50.5111],[5.5876,50.5121],[5.5772,50.511],[5.5666,50.5069],[5.5599,50.5107],[5.5532,50.5073],[5.5458,50.5055],[5.547,50.502],[5.5504,50.4995],[5.5518,50.4964],[5.5511,50.4937],[5.5538,50.4913],[5.5527,50.4886],[5.5488,50.4838],[5.5489,50.4805],[5.5467,50.4787],[5.5452,50.4729],[5.5414,50.472],[5.5353,50.4673],[5.5389,50.4636],[5.5419,50.4614]]]},"properties":{"id":"62026","name":"Comblain-au-Pont","subdivision":"Liège","cx":5.57,"cy":50.477}},
{"type":"Feature","geometry":{"type":"Polygon","coordinates":[[[6.2848,50.309],[6.2859,50.3102],[6.2832,50.3127],[6.28,50.3145],[6.2757,50.3207],[6.2708,50.3234],[6.2691,50.326],[6.2686,50.3286],[6.2704,50.3309],[6.2669,50.3367],[6.2684,50.3388],[6.2681,50.341],[6.2696,50.3425],[6.2744,50.3447],[6.2726,50.3477],[6.2753,50.3508],[6.2771,50.3548],[6.2731,50.3595],[6.2739,50.3614],[6.2687,50.3633],[6.265,50.3697],[6.2565,50.3799],[6.2474,50.3846],[6.2383,50.3839],[6.2381,50.3852],[6.2329,50.3875],[6.2305,50.3893],[6.2235,50.388],[6.2184,50.3902],[6.2152,50.3923],[6.2194,50.3944],[6.2162,50.3965],[6.2084,50.3956],[6.2026,50.3941],[6.2024,50.3965],[6.1965,50.3986],[6.1955,50.4011],[6.1882,50.3998],[6.1863,50.402],[6.1819,50.4048],[6.1768,50.4031],[6.1743,50.4044],[6.1716,50.4046],[6.1703,50.4022],[6.1669,50.4012],[6.1679,50.3993],[6.1637,50.3995],[6.1606,50.3988],[6.1566,50.3951],[6.1531,50.3926],[6.1479,50.3919],[6.1449,50.3922],[6.1376,50.3888],[6.1312,50.3876],[6.1284,50.3856],[6.123,50.3846],[6.125,50.3814],[6.124,50.3789],[6.1177,50.3763],[6.1164,50.3792],[6.1136,50.3798],[6.106,50.3779],[6.1042,50.376],[6.1001,50.3731],[6.0965,50.3721],[6.0934,50.3691],[6.0893,50.3667],[6.0861,50.3659],[6.0889,50.3622],[6.0865,50.3609],[6.0848,50.3581],[6.0795,50.3565],[6.0779,50.3536],[6.0714,50.3503],[6.0698,50.3506],[6.0777,50.344],[6.0799,50.3416],[6.0805,50.3362],[6.0927,50.3178],[6.0923,50.3162],[6.1022,50.3156],[6.107,50.3133],[6.1105,50.3126],[6.1137,50.3132],[6.1183,50.3105],[6.119,50.3051],[6.1221,50.3036],[6.1232,50.3002],[6.1313,50.2995],[6.1338,50.2983],[6.1402,50.2992],[6.1438,50.2976],[6.1458,50.2999],[6.1493,50.3026],[6.1485,50.3052],[6.1505,50.3109],[6.1525,50.3098],[6.1593,50.3077],[6.163,50.3073],[6.1693,50.3077],[6.1708,50.3061],[6.1732,50.2998],[6.1792,50.2969],[6.1835,50.2976],[6.1884,50.2953],[6.1859,50.2908],[6.1888,50.2877],[6.1889,50.2859],[6.1944,50.2873],[6.1981,50.2859],[6.2055,50.2843],[6.2065,50.285],[6.2048,50.2911],[6.2064,50.2927],[6.2045,50.2949],[6.2109,50.298],[6.2133,50.3018],[6.2181,50.3024],[6.222,50.3013],[6.2257,50.3027],[6.2228,50.3042],[6.2186,50.3032],[6.2174,50.3055],[6.2206,50.3067],[6.2229,50.3095],[6.2267,50.3095],[6.2279,50.3112],[6.2271,50.3147],[6.2297,50.3153],[6.2387,50.3106],[6.2415,50.3069],[6.2409,50.3039],[6.2462,50.3013],[6.2499,50.2963],[6.2522,50.2922],[6.2553,50.2918],[6.2574,50.2948],[6.2576,50.2973],[6.2594,50.2984],[6.2608,50.3016],[6.2601,50.3036],[6.2607,50.3065],[6.2698,50.3082],[6.2775,50.3056],[6.2797,50.3072],[6.2848,50.309]]]},"properties":{"id":"63001","name":"Amel","subdivision":"Liège","cx":6.183,"cy":50.348}},
{"type":"Feature","geometry":{"type":"Polygon","coordinates":[[[4.0278,50.3583],[4.0297,50.359],[4.0412,50.358],[4.0396,50.3593],[4.0406,50.3615],[4.0467,50.3591],[4.0513,50.3616],[4.0461,50.3652],[4.0503,50.3667],[4.052,50.3695],[4.0551,50.37],[4.0535,50.3722],[4.0523,50.376],[4.049,50.3794],[4.0536,50.3811],[4.0474,50.3846],[4.0456,50.388],[4.0454,50.3918],[4.0404,50.3948],[4.0408,50.401],[4.0393,50.4014],[4.0334,50.3986],[4.0363,50.3966],[4.0323,50.3924],[4.0285,50.3942],[4.0267,50.3929],[4.0189,50.3929],[4.0146,50.3906],[4.01,50.3918],[4.0039,50.3926],[4.0032,50.389],[4.0043,50.3844],[4.0012,50.3838],[4.0001,50.3857],[3.9939,50.3859],[3.9945,50.3835],[3.9888,50.3814],[3.987,50.3793],[3.9836,50.379],[3.9787,50.3804],[3.9746,50.3824],[3.9725,50.3807],[3.9697,50.3823],[3.97,50.3843],[3.9684,50.3853],[3.9701,50.3893],[3.9716,50.3909],[3.9654,50.3926],[3.968,50.3963],[3.9678,50.398],[3.965,50.3996],[3.9665,50.4008],[3.9623,50.4035],[3.9632,50.4053],[3.96,50.4071],[3.9542,50.4058],[3.9531,50.4032],[3.9493,50.4051],[3.9408,50.3971],[3.9413,50.3966],[3.9375,50.3927],[3.9352,50.3937],[3.9283,50.3946],[3.923,50.3959],[3.9215,50.3971],[3.9247,50.3996],[3.9173,50.4015],[3.9144,50.3957],[3.911,50.3936],[3.9088,50.3946],[3.9066,50.3936],[3.903,50.396],[3.8966,50.393],[3.8991,50.3917],[3.902,50.3884],[3.902,50.3852],[3.9011,50.384],[3.8964,50.3817],[3.8989,50.3794],[3.8928,50.3747],[3.8958,50.3723],[3.893,50.368],[3.8863,50.3699],[3.8792,50.3641],[3.8826,50.3626],[3.8763,50.3597],[3.8737,50.3575],[3.8647,50.3536],[3.8608,50.3505],[3.8622,50.346],[3.8616,50.3435],[3.8622,50.3415],[3.872,50.338],[3.8761,50.3377],[3.881,50.3382],[3.8876,50.3411],[3.8895,50.3358],[3.8887,50.3311],[3.8894,50.3296],[3.8858,50.3286],[3.886,50.3271],[3.8966,50.3288],[3.9,50.3273],[3.9089,50.3284],[3.9198,50.3322],[3.9674,50.3502],[3.9684,50.3473],[3.9667,50.344],[3.971,50.3432],[3.9722,50.3474],[3.9773,50.3453],[3.9822,50.3443],[3.9843,50.3421],[3.9868,50.3425],[3.9882,50.3462],[3.9939,50.3486],[3.9996,50.3479],[4.0014,50.3502],[4.0104,50.35],[4.0175,50.3524],[4.0155,50.3536],[4.0176,50.3568],[4.0215,50.3569],[4.0238,50.3589],[4.0278,50.3583]]]},"properties":{"id":"53084","name":"Quévy","subdivision":"Hainaut","cx":3.935,"cy":50.366}},
{"type":"Feature","geometry":{"type":"Polygon","coordinates":[[[4.8617,50.3511],[4.8662,50.351],[4.8754,50.3527],[4.8781,50.3538],[4.8785,50.3557],[4.8745,50.3584],[4.873,50.3603],[4.8778,50.3607],[4.881,50.3617],[4.8852,50.3608],[4.8926,50.3628],[4.8957,50.3642],[4.8995,50.3679],[4.9108,50.368],[4.9123,50.3712],[4.9181,50.3718],[4.9187,50.3736],[4.9166,50.3765],[4.9141,50.377],[4.9157,50.3818],[4.9174,50.3828],[4.9191,50.3878],[4.9111,50.3887],[4.9099,50.3882],[4.9029,50.39],[4.9031,50.3916],[4.9055,50.3951],[4.9019,50.3962],[4.8934,50.3971],[4.8819,50.397],[4.8804,50.3903],[4.8653,50.3897],[4.8602,50.3908],[4.8547,50.3904],[4.8516,50.394],[4.8463,50.3957],[4.8391,50.4018],[4.8395,50.4043],[4.8381,50.408],[4.8292,50.4109],[4.8296,50.4087],[4.8242,50.4092],[4.8224,50.4071],[4.8186,50.4055],[4.8148,50.4028],[4.811,50.4011],[4.8045,50.396],[4.7992,50.393],[4.7946,50.3913],[4.7776,50.3912],[4.7696,50.3902],[4.7691,50.3889],[4.7556,50.3859],[4.7493,50.3823],[4.7423,50.3807],[4.741,50.3796],[4.7545,50.3788],[4.7545,50.3772],[4.7496,50.3753],[4.7508,50.3704],[4.7616,50.3635],[4.7653,50.3617],[4.7668,50.358],[4.7641,50.3584],[4.7569,50.3565],[4.7587,50.3514],[4.7567,50.3435],[4.7584,50.343],[4.7647,50.3434],[4.7722,50.3428],[4.7763,50.3436],[4.784,50.3436],[4.7879,50.343],[4.7931,50.3434],[4.7885,50.3543],[4.7904,50.3564],[4.8032,50.3549],[4.807,50.3534],[4.8095,50.3554],[4.8163,50.3533],[4.818,50.3551],[4.8229,50.3568],[4.8197,50.3586],[4.8224,50.36],[4.8264,50.3595],[4.8311,50.3617],[4.8435,50.3594],[4.8467,50.3581],[4.846,50.3555],[4.8501,50.3516],[4.8543,50.3536],[4.861,50.3539],[4.8617,50.3511]]]},"properties":{"id":"92101","name":"Profondeville","subdivision":"Namur","cx":4.828,"cy":50.381}},
{"type":"Feature","geometry":{"type":"Polygon","coordinates":[[[5.2323,50.2946],[5.2343,50.2941],[5.2414,50.2978],[5.249,50.3],[5.2534,50.3006],[5.2569,50.3038],[5.2618,50.3056],[5.265,50.3074],[5.2645,50.3098],[5.2663,50.3129],[5.269,50.3137],[5.2719,50.3111],[5.2755,50.3124],[5.2826,50.3098],[5.2843,50.3079],[5.3007,50.3094],[5.2993,50.3113],[5.3015,50.3157],[5.3071,50.3178],[5.3093,50.3191],[5.3135,50.3199],[5.3157,50.3212],[5.3099,50.3262],[5.3122,50.3303],[5.3101,50.3369],[5.3132,50.3391],[5.32,50.3416],[5.3236,50.3393],[5.3273,50.3382],[5.3263,50.3363],[5.328,50.3321],[5.333,50.3329],[5.3336,50.3344],[5.3364,50.3348],[5.3387,50.3362],[5.3416,50.3356],[5.3445,50.3388],[5.353,50.3388],[5.3514,50.3408],[5.3521,50.3425],[5.3554,50.3445],[5.3568,50.3465],[5.3622,50.3472],[5.3616,50.35],[5.3517,50.3647],[5.3505,50.3685],[5.3506,50.3744],[5.3465,50.3867],[5.3447,50.3861],[5.3375,50.3803],[5.3186,50.3729],[5.3093,50.3714],[5.2973,50.3649],[5.2929,50.3697],[5.2847,50.3769],[5.2811,50.3784],[5.2805,50.3868],[5.2793,50.3892],[5.2869,50.3943],[5.2805,50.3963],[5.2757,50.3944],[5.2745,50.399],[5.2704,50.3985],[5.2683,50.4009],[5.2638,50.4007],[5.26,50.4034],[5.2539,50.4003],[5.2484,50.4024],[5.237,50.403],[5.2347,50.4039],[5.2334,50.4068],[5.2297,50.4087],[5.2213,50.4173],[5.218,50.4155],[5.2151,50.4125],[5.2118,50.4109],[5.209,50.4116],[5.2054,50.4141],[5.1995,50.4117],[5.2022,50.4072],[5.2052,50.4048],[5.2011,50.4027],[5.2033,50.3992],[5.2006,50.3986],[5.196,50.3991],[5.1927,50.4017],[5.1909,50.4006],[5.1862,50.3998],[5.1844,50.4012],[5.1867,50.4023],[5.184,50.4051],[5.1816,50.4054],[5.1766,50.4037],[5.1713,50.4003],[5.1666,50.4023],[5.1655,50.4018],[5.1614,50.4034],[5.1596,50.4055],[5.1513,50.4079],[5.1436,50.4048],[5.137,50.4021],[5.1381,50.4001],[5.1324,50.3977],[5.1316,50.3965],[5.134,50.3939],[5.1324,50.3929],[5.138,50.3891],[5.1343,50.3877],[5.1342,50.3854],[5.1298,50.3836],[5.1336,50.3815],[5.1369,50.3789],[5.1321,50.3766],[5.1363,50.3736],[5.1398,50.3723],[5.1446,50.3737],[5.1474,50.3713],[5.1493,50.3727],[5.1563,50.3685],[5.1576,50.3695],[5.1607,50.3679],[5.1623,50.3687],[5.1649,50.367],[5.1684,50.3688],[5.1722,50.3661],[5.1779,50.3633],[5.1819,50.3578],[5.1831,50.3568],[5.187,50.3588],[5.1917,50.3579],[5.1936,50.356],[5.1958,50.356],[5.202,50.3527],[5.2067,50.3547],[5.2121,50.3537],[5.2074,50.3503],[5.2074,50.3489],[5.2103,50.347],[5.2141,50.3427],[5.209,50.34],[5.212,50.3365],[5.2146,50.3309],[5.2201,50.3269],[5.211,50.3213],[5.2135,50.3188],[5.2164,50.3182],[5.2205,50.3197],[5.2223,50.3215],[5.2273,50.3224],[5.231,50.3166],[5.2366,50.3131],[5.2321,50.3104],[5.2385,50.3032],[5.233,50.2982],[5.2323,50.2946]]]},"properties":{"id":"91064","name":"Havelange","subdivision":"Namur","cx":5.248,"cy":50.361}},
{"type":"Feature","geometry":{"type":"Polygon","coordinates":[[[5.4407,50.4812],[5.4393,50.4839],[5.4379,50.4899],[5.4402,50.4917],[5.4428,50.4923],[5.4455,50.4943],[5.4438,50.4957],[5.4403,50.4952],[5.4317,50.498],[5.4262,50.4956],[5.4201,50.4944],[5.4207,50.4972],[5.4181,50.4978],[5.4086,50.4893],[5.4047,50.4932],[5.3972,50.4983],[5.3975,50.5006],[5.3951,50.5037],[5.3919,50.5053],[5.3879,50.5058],[5.3735,50.5027],[5.3657,50.5016],[5.3586,50.4998],[5.3577,50.4956],[5.3438,50.4888],[5.339,50.4806],[5.3305,50.478],[5.3231,50.4753],[5.3177,50.4728],[5.311,50.4705],[5.3097,50.4695],[5.3116,50.4666],[5.308,50.4654],[5.3103,50.4624],[5.3129,50.461],[5.3123,50.4593],[5.3097,50.4582],[5.3126,50.4546],[5.3178,50.4512],[5.3213,50.4533],[5.323,50.4555],[5.3259,50.456],[5.33,50.4545],[5.3335,50.4549],[5.3373,50.4566],[5.3439,50.4587],[5.3502,50.4575],[5.3618,50.4616],[5.3618,50.4596],[5.3652,50.4566],[5.368,50.4558],[5.3706,50.4571],[5.3781,50.4475],[5.3813,50.4484],[5.3837,50.4467],[5.3958,50.4507],[5.4003,50.4506],[5.4022,50.4491],[5.4058,50.4485],[5.4133,50.4498],[5.4133,50.4519],[5.4163,50.4571],[5.4273,50.4612],[5.4239,50.4662],[5.4262,50.4686],[5.4296,50.47],[5.4286,50.4712],[5.4399,50.4765],[5.4424,50.4783],[5.4407,50.4812]]]},"properties":{"id":"61081","name":"Tinlot","subdivision":"Liège","cx":5.381,"cy":50.477}},
{"type":"Feature","geometry":{"type":"Polygon","coordinates":[[[5.0342,50.3404],[5.0325,50.342],[5.04,50.3438],[5.0353,50.3469],[5.0294,50.346],[5.0251,50.35],[5.0245,50.353],[5.0303,50.3544],[5.0364,50.3566],[5.0501,50.3638],[5.0532,50.3616],[5.0608,50.3551],[5.0636,50.3558],[5.0681,50.3531],[5.0699,50.3509],[5.0736,50.354],[5.0766,50.3535],[5.0832,50.357],[5.0973,50.3621],[5.0965,50.3633],[5.1008,50.3648],[5.0965,50.3669],[5.0917,50.3704],[5.0971,50.3732],[5.093,50.3768],[5.0951,50.3778],[5.0936,50.3793],[5.0969,50.3811],[5.0949,50.3846],[5.0951,50.3869],[5.0907,50.3925],[5.0863,50.3895],[5.0818,50.3879],[5.0802,50.3864],[5.0772,50.3857],[5.0708,50.3911],[5.0694,50.3931],[5.061,50.3911],[5.0541,50.3882],[5.0518,50.3885],[5.0487,50.3874],[5.0398,50.3971],[5.0347,50.4003],[5.0316,50.405],[5.029,50.4061],[5.0285,50.4083],[5.0252,50.4107],[5.0199,50.4129],[5.0157,50.4172],[5.0083,50.4141],[5.007,50.4118],[5.0071,50.4088],[5.0036,50.4069],[5.0027,50.4087],[4.9949,50.4081],[4.993,50.4125],[4.9909,50.4126],[4.9903,50.4094],[4.987,50.408],[4.9822,50.4093],[4.984,50.413],[4.9794,50.417],[4.9767,50.4165],[4.9755,50.4184],[4.9705,50.416],[4.9646,50.4144],[4.9619,50.4145],[4.9579,50.4119],[4.9555,50.4096],[4.9436,50.4171],[4.9433,50.4139],[4.9458,50.4116],[4.9397,50.4082],[4.9398,50.4067],[4.9429,50.4066],[4.9422,50.4045],[4.9395,50.4011],[4.9354,50.3981],[4.9352,50.3968],[4.9239,50.3958],[4.9241,50.3917],[4.9232,50.3893],[4.9212,50.3874],[4.9191,50.3878],[4.9174,50.3828],[4.9157,50.3818],[4.9141,50.377],[4.9166,50.3765],[4.9187,50.3736],[4.9181,50.3718],[4.9123,50.3712],[4.9108,50.368],[4.8995,50.3679],[4.8957,50.3642],[4.8994,50.3612],[4.9007,50.3581],[4.9119,50.3585],[4.9149,50.3567],[4.9144,50.3504],[4.917,50.3478],[4.9171,50.3433],[4.9155,50.3414],[4.9117,50.3396],[4.9191,50.3372],[4.9223,50.3381],[4.9263,50.338],[4.9396,50.3412],[4.9494,50.3426],[4.9493,50.3412],[4.9572,50.3419],[4.9603,50.3427],[4.9667,50.3424],[4.9762,50.3432],[4.9921,50.3456],[4.9941,50.3502],[4.9999,50.3495],[5.0056,50.3504],[5.0092,50.3501],[5.0134,50.3508],[5.0155,50.3452],[5.018,50.3417],[5.0206,50.3421],[5.0222,50.3375],[5.0229,50.3331],[5.0257,50.3337],[5.0249,50.3375],[5.0342,50.3404]]]},"properties":{"id":"92006","name":"Assesse","subdivision":"Namur","cx":4.979,"cy":50.378}},
{"type":"Feature","geometry":{"type":"Polygon","coordinates":[[[3.8388,50.3543],[3.8438,50.3536],[3.8462,50.3591],[3.8499,50.3613],[3.8524,50.3668],[3.8392,50.3755],[3.842,50.3779],[3.8441,50.3807],[3.838,50.3823],[3.842,50.3831],[3.8411,50.3847],[3.835,50.385],[3.8348,50.389],[3.8313,50.3913],[3.8307,50.3948],[3.8211,50.3978],[3.8196,50.3986],[3.8129,50.395],[3.8096,50.3998],[3.8096,50.4009],[3.8058,50.4017],[3.8007,50.4038],[3.7951,50.4026],[3.7911,50.4085],[3.7843,50.4075],[3.7828,50.4082],[3.7753,50.4074],[3.7678,50.4112],[3.7619,50.416],[3.7587,50.4201],[3.7533,50.4189],[3.741,50.4173],[3.7369,50.4175],[3.7324,50.4151],[3.7312,50.4134],[3.7278,50.4132],[3.7284,50.4023],[3.7253,50.402],[3.7251,50.3997],[3.7266,50.3967],[3.7291,50.3967],[3.7318,50.395],[3.7313,50.393],[3.7336,50.3899],[3.7359,50.3891],[3.736,50.3872],[3.7397,50.3866],[3.741,50.3816],[3.7403,50.3796],[3.7438,50.3779],[3.7479,50.3773],[3.7501,50.3762],[3.7599,50.3757],[3.7659,50.3739],[3.7684,50.3736],[3.7823,50.3743],[3.7869,50.3722],[3.7912,50.3722],[3.7915,50.3701],[3.7943,50.3707],[3.7951,50.3685],[3.7983,50.3652],[3.8019,50.364],[3.8103,50.3595],[3.8121,50.3602],[3.8162,50.3586],[3.8225,50.3582],[3.8233,50.3573],[3.8344,50.3569],[3.8395,50.3561],[3.8388,50.3543]]]},"properties":{"id":"53020","name":"Dour","subdivision":"Hainaut","cx":3.77,"cy":50.391}},
{"type":"Feature","geometry":{"type":"Polygon","coordinates":[[[3.7438,50.3779],[3.7403,50.3796],[3.741,50.3816],[3.7397,50.3866],[3.736,50.3872],[3.7359,50.3891],[3.7336,50.3899],[3.7313,50.393],[3.7318,50.395],[3.7291,50.3967],[3.7266,50.3967],[3.7251,50.3997],[3.7253,50.402],[3.7284,50.4023],[3.7278,50.4132],[3.724,50.4145],[3.7143,50.419],[3.7114,50.4198],[3.7039,50.4202],[3.6995,50.4222],[3.6956,50.4223],[3.6939,50.4215],[3.6957,50.4186],[3.6851,50.4211],[3.6723,50.4221],[3.6703,50.4194],[3.6702,50.4167],[3.6734,50.4096],[3.6728,50.4053],[3.6748,50.4021],[3.6732,50.4008],[3.6725,50.394],[3.6736,50.389],[3.67,50.3869],[3.6685,50.3845],[3.6732,50.3832],[3.6733,50.3813],[3.6717,50.3781],[3.669,50.3767],[3.673,50.3748],[3.6849,50.3751],[3.693,50.3768],[3.6983,50.3761],[3.7017,50.3766],[3.705,50.3782],[3.7155,50.37],[3.7192,50.3714],[3.7251,50.372],[3.7291,50.3746],[3.7301,50.3732],[3.7375,50.373],[3.7411,50.3752],[3.7438,50.3779]]]},"properties":{"id":"53068","name":"Quiévrain","subdivision":"Hainaut","cx":3.702,"cy":50.397}},
{"type":"Feature","geometry":{"type":"Polygon","coordinates":[[[3.9493,50.4051],[3.9399,50.4083],[3.9294,50.4104],[3.9305,50.413],[3.9215,50.4162],[3.9172,50.417],[3.9087,50.4209],[3.8994,50.4242],[3.8957,50.4195],[3.8943,50.4199],[3.8887,50.4153],[3.8843,50.4184],[3.8836,50.4204],[3.8797,50.4199],[3.8753,50.4208],[3.8729,50.4137],[3.8693,50.4114],[3.8699,50.4077],[3.8723,50.404],[3.8702,50.4038],[3.8685,50.3996],[3.8693,50.3972],[3.8669,50.3952],[3.8623,50.3952],[3.8613,50.3853],[3.8634,50.3841],[3.856,50.3793],[3.8542,50.383],[3.8486,50.3854],[3.8461,50.3855],[3.842,50.3831],[3.838,50.3823],[3.8441,50.3807],[3.842,50.3779],[3.8392,50.3755],[3.8524,50.3668],[3.8499,50.3613],[3.8462,50.3591],[3.8438,50.3536],[3.8532,50.3513],[3.8575,50.3479],[3.8589,50.3454],[3.8578,50.3425],[3.8616,50.3435],[3.8622,50.346],[3.8608,50.3505],[3.8647,50.3536],[3.8737,50.3575],[3.8763,50.3597],[3.8826,50.3626],[3.8792,50.3641],[3.8863,50.3699],[3.893,50.368],[3.8958,50.3723],[3.8928,50.3747],[3.8989,50.3794],[3.8964,50.3817],[3.9011,50.384],[3.902,50.3852],[3.902,50.3884],[3.8991,50.3917],[3.8966,50.393],[3.903,50.396],[3.9066,50.3936],[3.9088,50.3946],[3.911,50.3936],[3.9144,50.3957],[3.9173,50.4015],[3.9247,50.3996],[3.9215,50.3971],[3.923,50.3959],[3.9283,50.3946],[3.9352,50.3937],[3.9375,50.3927],[3.9413,50.3966],[3.9408,50.3971],[3.9493,50.4051]]]},"properties":{"id":"53028","name":"Frameries","subdivision":"Hainaut","cx":3.883,"cy":50.389}},
{"type":"Feature","geometry":{"type":"Polygon","coordinates":[[[4.293,50.3889],[4.291,50.3954],[4.2921,50.3999],[4.2905,50.4015],[4.2928,50.4105],[4.2922,50.4136],[4.2924,50.4174],[4.2935,50.4198],[4.2938,50.4244],[4.2937,50.4279],[4.2847,50.4281],[4.2764,50.4268],[4.2745,50.4254],[4.269,50.4246],[4.2633,50.4253],[4.2585,50.4241],[4.2556,50.4248],[4.2523,50.4235],[4.2513,50.4204],[4.2485,50.4177],[4.2471,50.4129],[4.2446,50.411],[4.2406,50.4108],[4.234,50.4088],[4.228,50.4079],[4.2329,50.4063],[4.2393,50.4032],[4.2379,50.4013],[4.2404,50.4005],[4.2376,50.3943],[4.2321,50.3884],[4.2375,50.3861],[4.2398,50.3839],[4.2386,50.3823],[4.2427,50.3809],[4.2473,50.3811],[4.251,50.3798],[4.2551,50.3817],[4.265,50.3833],[4.2677,50.3851],[4.2706,50.3825],[4.2755,50.3833],[4.2784,50.3866],[4.2868,50.3872],[4.293,50.3889]]]},"properties":{"id":"56001","name":"Anderlues","subdivision":"Hainaut","cx":4.266,"cy":50.404}},
{"type":"Feature","geometry":{"type":"Polygon","coordinates":[[[4.6701,50.4209],[4.6712,50.4183],[4.6639,50.4169],[4.6598,50.417],[4.6593,50.4201],[4.655,50.4217],[4.6517,50.4245],[4.6477,50.4247],[4.6502,50.4217],[4.6476,50.4211],[4.6467,50.4171],[4.6285,50.4066],[4.6238,50.4059],[4.6208,50.403],[4.6135,50.4002],[4.6092,50.4036],[4.6075,50.4086],[4.6038,50.4079],[4.6037,50.4029],[4.5993,50.4035],[4.5937,50.4015],[4.5939,50.3984],[4.5859,50.3997],[4.584,50.3981],[4.585,50.3964],[4.589,50.3943],[4.592,50.3915],[4.5972,50.3893],[4.6033,50.3881],[4.6059,50.3868],[4.6058,50.3827],[4.6016,50.3823],[4.596,50.3806],[4.5931,50.3805],[4.5953,50.3771],[4.5936,50.3742],[4.5941,50.3718],[4.5924,50.3701],[4.5873,50.3678],[4.5842,50.3638],[4.5884,50.3664],[4.594,50.365],[4.5961,50.3686],[4.5998,50.3674],[4.6028,50.3673],[4.6063,50.3658],[4.606,50.3615],[4.6078,50.3584],[4.6114,50.3585],[4.6143,50.3616],[4.6174,50.3595],[4.6205,50.3597],[4.6282,50.3583],[4.6278,50.3604],[4.6249,50.3626],[4.6278,50.3638],[4.628,50.3652],[4.631,50.367],[4.6359,50.3651],[4.6384,50.3675],[4.6442,50.3684],[4.6508,50.3674],[4.6539,50.366],[4.6587,50.3663],[4.6613,50.3659],[4.6641,50.364],[4.6703,50.3618],[4.674,50.363],[4.6802,50.3667],[4.6854,50.3689],[4.6863,50.3713],[4.6889,50.3709],[4.7047,50.3717],[4.7065,50.3744],[4.7147,50.3779],[4.715,50.38],[4.7188,50.3781],[4.7224,50.3779],[4.7318,50.3787],[4.7372,50.3798],[4.741,50.3796],[4.7423,50.3807],[4.7493,50.3823],[4.7556,50.3859],[4.7691,50.3889],[4.7696,50.3902],[4.7776,50.3912],[4.7946,50.3913],[4.7992,50.393],[4.7856,50.4056],[4.7601,50.408],[4.7577,50.414],[4.754,50.4125],[4.7315,50.4199],[4.7257,50.4158],[4.7237,50.4157],[4.7194,50.4128],[4.7146,50.4186],[4.7096,50.4207],[4.7024,50.4228],[4.7008,50.4245],[4.6952,50.4282],[4.6915,50.4274],[4.6918,50.4259],[4.6822,50.4219],[4.6817,50.4223],[4.6701,50.4209]]]},"properties":{"id":"92048","name":"Fosses-la-Ville","subdivision":"Namur","cx":4.681,"cy":50.395}},
{"type":"Feature","geometry":{"type":"Polygon","coordinates":[[[4.2938,50.4244],[4.298,50.4279],[4.299,50.43],[4.298,50.432],[4.3035,50.4348],[4.3032,50.4383],[4.3171,50.4417],[4.3223,50.4449],[4.3227,50.4483],[4.3271,50.4543],[4.3234,50.4528],[4.3197,50.4528],[4.311,50.4495],[4.3021,50.4475],[4.2955,50.447],[4.2937,50.4482],[4.2936,50.4513],[4.2964,50.455],[4.2971,50.4585],[4.2964,50.4609],[4.2978,50.4619],[4.297,50.4649],[4.2982,50.4692],[4.2984,50.4749],[4.2998,50.4783],[4.2984,50.4831],[4.3013,50.4866],[4.3044,50.4878],[4.3085,50.4917],[4.3026,50.4935],[4.3001,50.4948],[4.2935,50.5041],[4.2914,50.5056],[4.2869,50.5071],[4.2862,50.5046],[4.2826,50.5021],[4.2832,50.4971],[4.2816,50.4963],[4.2788,50.4937],[4.2799,50.4921],[4.2757,50.4921],[4.2715,50.4893],[4.2646,50.4867],[4.2671,50.4761],[4.2683,50.4734],[4.2677,50.4716],[4.2673,50.4681],[4.2685,50.4665],[4.2685,50.4635],[4.2696,50.4593],[4.2828,50.4515],[4.2776,50.4503],[4.2785,50.4438],[4.2714,50.4428],[4.2708,50.4384],[4.2685,50.4388],[4.2682,50.4362],[4.2663,50.4342],[4.2683,50.4324],[4.2685,50.4285],[4.262,50.4266],[4.2633,50.4253],[4.269,50.4246],[4.2745,50.4254],[4.2764,50.4268],[4.2847,50.4281],[4.2937,50.4279],[4.2938,50.4244]]]},"properties":{"id":"52010","name":"Chapelle-lez-Herlaimont","subdivision":"Hainaut","cx":4.283,"cy":50.467}},
{"type":"Feature","geometry":{"type":"Polygon","coordinates":[[[4.1326,50.3305],[4.1348,50.3319],[4.1359,50.3348],[4.1399,50.3382],[4.1412,50.3373],[4.1468,50.3425],[4.1461,50.3442],[4.1511,50.3456],[4.1526,50.3452],[4.153,50.3532],[4.1516,50.3533],[4.1514,50.3574],[4.1498,50.3607],[4.1536,50.3626],[4.1554,50.3655],[4.1572,50.365],[4.1595,50.367],[4.1617,50.3653],[4.1666,50.3646],[4.1686,50.366],[4.1785,50.3646],[4.1801,50.3625],[4.1856,50.3776],[4.1737,50.3821],[4.1648,50.3821],[4.1633,50.383],[4.1679,50.3866],[4.1639,50.3885],[4.1594,50.389],[4.1583,50.3902],[4.1516,50.3919],[4.1471,50.3923],[4.143,50.3948],[4.1406,50.3935],[4.1387,50.395],[4.1366,50.3936],[4.1344,50.397],[4.132,50.3956],[4.1271,50.397],[4.1285,50.3988],[4.1255,50.401],[4.1287,50.4055],[4.1322,50.4084],[4.1288,50.4109],[4.1312,50.4122],[4.1319,50.4148],[4.1308,50.4173],[4.1284,50.419],[4.1339,50.4195],[4.1089,50.4264],[4.078,50.4285],[4.0583,50.4305],[4.0587,50.4268],[4.0614,50.4246],[4.0594,50.4211],[4.0566,50.4218],[4.052,50.4177],[4.0484,50.4187],[4.0507,50.4135],[4.0487,50.4118],[4.0503,50.4106],[4.0473,50.4091],[4.0475,50.4073],[4.0396,50.405],[4.0411,50.4031],[4.0408,50.401],[4.0404,50.3948],[4.0454,50.3918],[4.0456,50.388],[4.0474,50.3846],[4.0536,50.3811],[4.049,50.3794],[4.0523,50.376],[4.0535,50.3722],[4.0551,50.37],[4.052,50.3695],[4.0503,50.3667],[4.0461,50.3652],[4.0513,50.3616],[4.0467,50.3591],[4.0406,50.3615],[4.0396,50.3593],[4.0412,50.358],[4.0297,50.359],[4.0278,50.3583],[4.0273,50.3568],[4.0303,50.3551],[4.0314,50.3526],[4.0332,50.3524],[4.0349,50.3487],[4.0336,50.3472],[4.0376,50.3429],[4.0425,50.3398],[4.0458,50.3412],[4.048,50.3437],[4.0506,50.3448],[4.0505,50.3462],[4.0638,50.3473],[4.0666,50.3494],[4.0697,50.3483],[4.0713,50.3499],[4.0768,50.346],[4.0921,50.3322],[4.0946,50.3331],[4.0995,50.3363],[4.105,50.3318],[4.1076,50.3323],[4.1138,50.3306],[4.1268,50.3313],[4.1326,50.3305]]]},"properties":{"id":"58003","name":"Estinnes","subdivision":"Hainaut","cx":4.099,"cy":50.378}},
{"type":"Feature","geometry":{"type":"Polygon","coordinates":[[[5.422,50.4306],[5.4189,50.43],[5.4065,50.4256],[5.407,50.4168],[5.4086,50.4149],[5.406,50.4138],[5.4068,50.4124],[5.4107,50.4116],[5.4204,50.413],[5.4243,50.4112],[5.4277,50.4064],[5.4289,50.4027],[5.4263,50.3991],[5.4232,50.3983],[5.4199,50.3963],[5.4164,50.3957],[5.4113,50.3924],[5.4074,50.3907],[5.4018,50.3875],[5.4011,50.3864],[5.3958,50.3838],[5.3971,50.381],[5.3932,50.3794],[5.3954,50.3768],[5.3969,50.3773],[5.4016,50.3736],[5.3993,50.3724],[5.4005,50.371],[5.3976,50.3693],[5.4014,50.3677],[5.4001,50.3664],[5.3994,50.363],[5.3954,50.362],[5.392,50.3602],[5.3893,50.3564],[5.3869,50.3555],[5.3817,50.3522],[5.3811,50.3503],[5.3833,50.3489],[5.3843,50.3454],[5.3883,50.3433],[5.3936,50.3426],[5.3969,50.3404],[5.3945,50.3386],[5.395,50.3354],[5.3912,50.3356],[5.3878,50.3323],[5.3766,50.3286],[5.377,50.3267],[5.3704,50.3249],[5.3513,50.3215],[5.3429,50.3164],[5.3416,50.3107],[5.3492,50.3059],[5.3499,50.308],[5.3557,50.3106],[5.3554,50.3122],[5.3587,50.316],[5.3619,50.3176],[5.3661,50.3182],[5.3679,50.3173],[5.379,50.3153],[5.381,50.3138],[5.3844,50.3149],[5.3864,50.3171],[5.3901,50.3173],[5.3934,50.3164],[5.3932,50.3143],[5.3984,50.314],[5.4007,50.3155],[5.4064,50.3152],[5.4083,50.319],[5.4112,50.3172],[5.4152,50.3134],[5.4132,50.3132],[5.4083,50.31],[5.4065,50.3078],[5.41,50.3053],[5.4136,50.3055],[5.4158,50.307],[5.421,50.3082],[5.426,50.3046],[5.4292,50.3054],[5.4414,50.3035],[5.4551,50.3084],[5.4588,50.3085],[5.4663,50.3129],[5.4614,50.3188],[5.4642,50.3211],[5.4676,50.3224],[5.4691,50.3244],[5.4672,50.3252],[5.4705,50.3275],[5.4753,50.3245],[5.4784,50.3247],[5.4803,50.3229],[5.483,50.3249],[5.4857,50.3242],[5.4887,50.3216],[5.492,50.3219],[5.4902,50.3186],[5.488,50.3163],[5.4915,50.3151],[5.4919,50.3121],[5.4938,50.3116],[5.4926,50.3069],[5.4956,50.3042],[5.4977,50.3044],[5.5007,50.3023],[5.5132,50.3003],[5.5164,50.3005],[5.5225,50.3031],[5.5215,50.3044],[5.5252,50.3076],[5.5291,50.3093],[5.5316,50.3095],[5.5375,50.3087],[5.539,50.3092],[5.544,50.3075],[5.5457,50.3106],[5.5455,50.3124],[5.5509,50.3168],[5.5536,50.3172],[5.5554,50.319],[5.5458,50.3243],[5.5504,50.327],[5.5509,50.3312],[5.5533,50.3346],[5.567,50.3265],[5.5687,50.3291],[5.5681,50.3321],[5.5711,50.3344],[5.573,50.3324],[5.5757,50.3331],[5.5795,50.3323],[5.583,50.3336],[5.5835,50.336],[5.5855,50.3384],[5.5878,50.3394],[5.5888,50.3418],[5.5919,50.3394],[5.5911,50.3442],[5.5877,50.35],[5.5906,50.3502],[5.6084,50.3574],[5.6167,50.3623],[5.6253,50.366],[5.6215,50.3681],[5.6282,50.3699],[5.6307,50.3721],[5.6321,50.3734],[5.6368,50.3747],[5.6365,50.3757],[5.6296,50.3771],[5.6134,50.3827],[5.608,50.3867],[5.6031,50.3916],[5.597,50.3938],[5.5974,50.3951],[5.593,50.3979],[5.5868,50.3994],[5.5798,50.3976],[5.5745,50.3969],[5.5703,50.397],[5.562,50.3918],[5.5538,50.3885],[5.5513,50.3903],[5.5438,50.391],[5.5399,50.3908],[5.538,50.3921],[5.5312,50.3944],[5.5291,50.3961],[5.5308,50.3987],[5.5353,50.3993],[5.5362,50.4021],[5.5329,50.4043],[5.5272,50.4017],[5.5203,50.4025],[5.5185,50.4048],[5.5205,50.4075],[5.519,50.4103],[5.5113,50.4126],[5.5094,50.4145],[5.5132,50.4181],[5.5107,50.4195],[5.5127,50.4212],[5.5111,50.4231],[5.5123,50.4251],[5.5008,50.4233],[5.4985,50.4203],[5.4921,50.4196],[5.4875,50.4164],[5.4842,50.4163],[5.4767,50.4142],[5.4754,50.4124],[5.4694,50.41],[5.4676,50.4076],[5.4629,50.4103],[5.4559,50.41],[5.4568,50.4124],[5.4553,50.4159],[5.4507,50.4175],[5.4513,50.4199],[5.4411,50.4207],[5.4337,50.4241],[5.4353,50.4258],[5.429,50.4305],[5.422,50.4306]]]},"properties":{"id":"83012","name":"Durbuy","subdivision":"Luxembourg","cx":5.489,"cy":50.365}},
{"type":"Feature","geometry":{"type":"Polygon","coordinates":[[[3.842,50.3831],[3.8461,50.3855],[3.8486,50.3854],[3.8542,50.383],[3.856,50.3793],[3.8634,50.3841],[3.8613,50.3853],[3.8623,50.3952],[3.8669,50.3952],[3.8693,50.3972],[3.8685,50.3996],[3.8702,50.4038],[3.8723,50.404],[3.8699,50.4077],[3.8693,50.4114],[3.8699,50.4132],[3.8653,50.414],[3.8624,50.4177],[3.8621,50.4196],[3.8571,50.4193],[3.8559,50.4166],[3.85,50.4159],[3.8494,50.4176],[3.8513,50.42],[3.8531,50.4245],[3.8518,50.4261],[3.8469,50.4277],[3.8492,50.4317],[3.8509,50.433],[3.8473,50.4345],[3.8453,50.4334],[3.8429,50.4343],[3.8383,50.4316],[3.8394,50.4296],[3.8344,50.4297],[3.8312,50.4247],[3.8302,50.4171],[3.8259,50.417],[3.8242,50.414],[3.8218,50.4136],[3.8189,50.4146],[3.8154,50.411],[3.8141,50.4064],[3.814,50.4005],[3.8196,50.3986],[3.8211,50.3978],[3.8307,50.3948],[3.8313,50.3913],[3.8348,50.389],[3.835,50.385],[3.8411,50.3847],[3.842,50.3831]]]},"properties":{"id":"53082","name":"Colfontaine","subdivision":"Hainaut","cx":3.843,"cy":50.404}},
{"type":"Feature","geometry":{"type":"Polygon","coordinates":[[[4.5936,50.3742],[4.5953,50.3771],[4.5931,50.3805],[4.596,50.3806],[4.6016,50.3823],[4.6058,50.3827],[4.6059,50.3868],[4.6033,50.3881],[4.5972,50.3893],[4.592,50.3915],[4.589,50.3943],[4.585,50.3964],[4.584,50.3981],[4.5859,50.3997],[4.5939,50.3984],[4.5937,50.4015],[4.5993,50.4035],[4.6037,50.4029],[4.6038,50.4079],[4.6075,50.4086],[4.6086,50.4111],[4.6105,50.4219],[4.614,50.4239],[4.6172,50.4243],[4.6151,50.4282],[4.613,50.4301],[4.607,50.427],[4.6042,50.4266],[4.5945,50.4287],[4.5894,50.4328],[4.588,50.431],[4.5816,50.4327],[4.5847,50.4348],[4.5835,50.4386],[4.5792,50.4381],[4.5773,50.4365],[4.5797,50.4349],[4.572,50.4318],[4.5646,50.4312],[4.5591,50.4283],[4.5579,50.4252],[4.5592,50.4243],[4.5641,50.4256],[4.566,50.4243],[4.5677,50.4175],[4.5652,50.4137],[4.5615,50.4143],[4.5565,50.4184],[4.5539,50.4183],[4.549,50.4195],[4.5446,50.419],[4.5443,50.4206],[4.5378,50.4235],[4.5338,50.4219],[4.5312,50.4191],[4.5303,50.4144],[4.5356,50.4126],[4.5373,50.4108],[4.5355,50.4081],[4.5383,50.4062],[4.546,50.4052],[4.5491,50.4039],[4.5533,50.4044],[4.5595,50.3985],[4.5592,50.3971],[4.5621,50.394],[4.5627,50.3909],[4.5617,50.3857],[4.5605,50.3824],[4.561,50.3791],[4.5629,50.3768],[4.558,50.3716],[4.5573,50.369],[4.5614,50.3686],[4.5666,50.3667],[4.5688,50.3687],[4.572,50.3702],[4.5847,50.3736],[4.5936,50.3742]]]},"properties":{"id":"52074","name":"Aiseau-Presles","subdivision":"Hainaut","cx":4.582,"cy":50.414}},
{"type":"Feature","geometry":{"type":"Polygon","coordinates":[[[4.558,50.3716],[4.5629,50.3768],[4.561,50.3791],[4.5605,50.3824],[4.5617,50.3857],[4.5627,50.3909],[4.5621,50.394],[4.5592,50.3971],[4.5595,50.3985],[4.5533,50.4044],[4.5491,50.4039],[4.546,50.4052],[4.5383,50.4062],[4.5355,50.4081],[4.5373,50.4108],[4.5356,50.4126],[4.5303,50.4144],[4.5312,50.4191],[4.5338,50.4219],[4.5284,50.4217],[4.5245,50.424],[4.5233,50.4276],[4.5203,50.4316],[4.5259,50.4354],[4.5269,50.4369],[4.5235,50.4396],[4.5223,50.4415],[4.5186,50.4417],[4.5171,50.4432],[4.5113,50.4418],[4.5071,50.4396],[4.5022,50.4381],[4.5053,50.4334],[4.5076,50.4288],[4.5051,50.4263],[4.5027,50.4263],[4.5003,50.4225],[4.4982,50.421],[4.5014,50.4171],[4.4985,50.4157],[4.495,50.4191],[4.4888,50.4158],[4.4919,50.4102],[4.4961,50.4078],[4.498,50.4034],[4.5019,50.4007],[4.4943,50.3968],[4.4944,50.3961],[4.4837,50.393],[4.4876,50.3863],[4.4935,50.3811],[4.4856,50.3782],[4.4936,50.3747],[4.4973,50.3717],[4.4994,50.3723],[4.5013,50.3693],[4.5033,50.3681],[4.5083,50.3688],[4.51,50.37],[4.5171,50.3706],[4.5207,50.3696],[4.5249,50.3713],[4.5284,50.3702],[4.5297,50.3687],[4.5331,50.3694],[4.5438,50.369],[4.5519,50.3706],[4.5554,50.3704],[4.558,50.3716]]]},"properties":{"id":"52012","name":"Châtelet","subdivision":"Hainaut","cx":4.521,"cy":50.396}},
{"type":"Feature","geometry":{"type":"Polygon","coordinates":[[[4.1859,50.351],[4.1915,50.3493],[4.1964,50.3523],[4.1963,50.356],[4.1949,50.3601],[4.198,50.362],[4.2034,50.3632],[4.2072,50.3609],[4.2134,50.3638],[4.2167,50.3639],[4.2197,50.3613],[4.2265,50.3597],[4.2294,50.3571],[4.2342,50.3567],[4.2349,50.3576],[4.2324,50.363],[4.2208,50.3675],[4.2268,50.3736],[4.2266,50.3756],[4.224,50.3763],[4.2229,50.3744],[4.2203,50.3756],[4.2227,50.3789],[4.2254,50.3812],[4.2302,50.3796],[4.2311,50.3806],[4.2366,50.3787],[4.2385,50.3774],[4.2427,50.3809],[4.2386,50.3823],[4.2398,50.3839],[4.2375,50.3861],[4.2321,50.3884],[4.2376,50.3943],[4.2404,50.4005],[4.2379,50.4013],[4.2393,50.4032],[4.2329,50.4063],[4.228,50.4079],[4.234,50.4088],[4.2406,50.4108],[4.2446,50.411],[4.2471,50.4129],[4.2485,50.4177],[4.2513,50.4204],[4.2523,50.4235],[4.2408,50.422],[4.2329,50.4221],[4.2336,50.4247],[4.2298,50.4256],[4.2268,50.4283],[4.2238,50.4299],[4.2212,50.4297],[4.2191,50.4337],[4.2136,50.4391],[4.2026,50.4351],[4.1971,50.4389],[4.1926,50.4428],[4.1826,50.4407],[4.1806,50.4448],[4.1767,50.447],[4.1752,50.4468],[4.1617,50.4407],[4.159,50.4433],[4.1536,50.4429],[4.1504,50.4442],[4.1445,50.4419],[4.1413,50.4426],[4.1375,50.4401],[4.1348,50.4398],[4.127,50.4356],[4.1207,50.4333],[4.1125,50.438],[4.1069,50.4395],[4.1061,50.4383],[4.1024,50.4379],[4.103,50.4362],[4.0998,50.435],[4.0962,50.4381],[4.0861,50.4399],[4.0832,50.4409],[4.0806,50.4397],[4.0756,50.4406],[4.0721,50.4408],[4.0652,50.4424],[4.0608,50.4416],[4.0596,50.4395],[4.0576,50.4397],[4.0562,50.4341],[4.0583,50.4305],[4.078,50.4285],[4.1089,50.4264],[4.1339,50.4195],[4.1284,50.419],[4.1308,50.4173],[4.1319,50.4148],[4.1312,50.4122],[4.1288,50.4109],[4.1322,50.4084],[4.1287,50.4055],[4.1255,50.401],[4.1285,50.3988],[4.1271,50.397],[4.132,50.3956],[4.1344,50.397],[4.1366,50.3936],[4.1387,50.395],[4.1406,50.3935],[4.143,50.3948],[4.1471,50.3923],[4.1516,50.3919],[4.1583,50.3902],[4.1594,50.389],[4.1639,50.3885],[4.1679,50.3866],[4.1633,50.383],[4.1648,50.3821],[4.1737,50.3821],[4.1856,50.3776],[4.1801,50.3625],[4.1826,50.3605],[4.1812,50.3586],[4.1842,50.3577],[4.182,50.3562],[4.1868,50.3534],[4.1859,50.351]]]},"properties":{"id":"58002","name":"Binche","subdivision":"Hainaut","cx":4.178,"cy":50.412}},
{"type":"Feature","geometry":{"type":"Polygon","coordinates":[[[4.3564,50.4045],[4.3561,50.4091],[4.3548,50.4145],[4.3518,50.4231],[4.3485,50.4297],[4.346,50.4326],[4.3441,50.4322],[4.3417,50.4388],[4.3342,50.4407],[4.3318,50.4423],[4.3273,50.4471],[4.3223,50.4449],[4.3171,50.4417],[4.3032,50.4383],[4.3035,50.4348],[4.298,50.432],[4.299,50.43],[4.298,50.4279],[4.2938,50.4244],[4.2935,50.4198],[4.2924,50.4174],[4.2922,50.4136],[4.2928,50.4105],[4.2905,50.4015],[4.2921,50.3999],[4.291,50.3954],[4.293,50.3889],[4.2939,50.3848],[4.2996,50.3805],[4.3,50.3775],[4.3017,50.3756],[4.3019,50.3701],[4.3042,50.3697],[4.3077,50.3718],[4.3153,50.3706],[4.3266,50.3744],[4.3313,50.3697],[4.3328,50.3671],[4.3345,50.3663],[4.3375,50.3675],[4.3385,50.3707],[4.337,50.3735],[4.3353,50.375],[4.3353,50.3817],[4.3373,50.386],[4.341,50.3892],[4.3456,50.3914],[4.3528,50.3968],[4.3556,50.4012],[4.3564,50.4045]]]},"properties":{"id":"52022","name":"Fontaine-l'Évêque","subdivision":"Hainaut","cx":4.322,"cy":50.407}},
{"type":"Feature","geometry":{"type":"Polygon","coordinates":[[[4.5792,50.4381],[4.5774,50.4381],[4.5728,50.4418],[4.5619,50.4442],[4.5627,50.4463],[4.5571,50.4497],[4.5556,50.4485],[4.549,50.446],[4.5457,50.4472],[4.5397,50.4507],[4.5285,50.4507],[4.5229,50.4455],[4.5171,50.4432],[4.5186,50.4417],[4.5223,50.4415],[4.5235,50.4396],[4.5269,50.4369],[4.5259,50.4354],[4.5203,50.4316],[4.5233,50.4276],[4.5245,50.424],[4.5284,50.4217],[4.5338,50.4219],[4.5378,50.4235],[4.5443,50.4206],[4.5446,50.419],[4.549,50.4195],[4.5539,50.4183],[4.5565,50.4184],[4.5615,50.4143],[4.5652,50.4137],[4.5677,50.4175],[4.566,50.4243],[4.5641,50.4256],[4.5592,50.4243],[4.5579,50.4252],[4.5591,50.4283],[4.5646,50.4312],[4.572,50.4318],[4.5797,50.4349],[4.5773,50.4365],[4.5792,50.4381]]]},"properties":{"id":"52018","name":"Farciennes","subdivision":"Hainaut","cx":4.547,"cy":50.434}},
{"type":"Feature","geometry":{"type":"Polygon","coordinates":[[[3.8196,50.3986],[3.814,50.4005],[3.8141,50.4064],[3.8154,50.411],[3.8189,50.4146],[3.8218,50.4136],[3.8242,50.414],[3.8259,50.417],[3.8302,50.4171],[3.8312,50.4247],[3.8344,50.4297],[3.8394,50.4296],[3.8383,50.4316],[3.8429,50.4343],[3.8425,50.4388],[3.8379,50.4442],[3.8319,50.4435],[3.8295,50.442],[3.8232,50.4418],[3.8211,50.4401],[3.8129,50.4382],[3.8079,50.4445],[3.8052,50.4437],[3.7937,50.4444],[3.8035,50.4523],[3.7693,50.4517],[3.7675,50.4478],[3.7675,50.4457],[3.7652,50.4443],[3.7675,50.444],[3.7673,50.4415],[3.7702,50.4405],[3.7747,50.4403],[3.7745,50.4314],[3.7772,50.426],[3.7748,50.4232],[3.7671,50.4225],[3.763,50.4208],[3.7587,50.4201],[3.7619,50.416],[3.7678,50.4112],[3.7753,50.4074],[3.7828,50.4082],[3.7843,50.4075],[3.7911,50.4085],[3.7951,50.4026],[3.8007,50.4038],[3.8058,50.4017],[3.8096,50.4009],[3.8096,50.3998],[3.8129,50.395],[3.8196,50.3986]]]},"properties":{"id":"53014","name":"Boussu","subdivision":"Hainaut","cx":3.8,"cy":50.427}},
{"type":"Feature","geometry":{"type":"Polygon","coordinates":[[[3.8836,50.4204],[3.8852,50.4228],[3.8831,50.4249],[3.8841,50.4268],[3.8812,50.4286],[3.8814,50.4331],[3.8796,50.4348],[3.8806,50.4373],[3.8762,50.4389],[3.8749,50.4423],[3.8727,50.4429],[3.8726,50.4462],[3.8707,50.4531],[3.8706,50.4562],[3.8653,50.4549],[3.8593,50.4567],[3.8577,50.4558],[3.8508,50.4563],[3.8492,50.4577],[3.8465,50.4574],[3.8428,50.4584],[3.8386,50.4583],[3.8369,50.4575],[3.8376,50.4553],[3.8341,50.4549],[3.8309,50.4534],[3.8287,50.4537],[3.8305,50.446],[3.8319,50.4435],[3.8379,50.4442],[3.8425,50.4388],[3.8429,50.4343],[3.8453,50.4334],[3.8473,50.4345],[3.8509,50.433],[3.8492,50.4317],[3.8469,50.4277],[3.8518,50.4261],[3.8531,50.4245],[3.8513,50.42],[3.8494,50.4176],[3.85,50.4159],[3.8559,50.4166],[3.8571,50.4193],[3.8621,50.4196],[3.8624,50.4177],[3.8653,50.414],[3.8699,50.4132],[3.8693,50.4114],[3.8729,50.4137],[3.8753,50.4208],[3.8797,50.4199],[3.8836,50.4204]]]},"properties":{"id":"53065","name":"Quaregnon","subdivision":"Hainaut","cx":3.861,"cy":50.439}},
{"type":"Feature","geometry":{"type":"Polygon","coordinates":[[[5.6758,50.3685],[5.6785,50.3726],[5.6906,50.3746],[5.7009,50.3745],[5.7084,50.3754],[5.7086,50.3792],[5.7041,50.3786],[5.7015,50.3801],[5.699,50.383],[5.7005,50.3874],[5.7048,50.3903],[5.7053,50.3959],[5.7094,50.4005],[5.7069,50.4025],[5.7025,50.404],[5.6993,50.4],[5.6944,50.3992],[5.6876,50.4007],[5.6825,50.4001],[5.6798,50.4016],[5.6761,50.4023],[5.6753,50.4036],[5.6722,50.4031],[5.6658,50.401],[5.666,50.3978],[5.6613,50.3955],[5.6547,50.3989],[5.6506,50.4024],[5.6506,50.4043],[5.653,50.4053],[5.6591,50.4055],[5.6586,50.4076],[5.6614,50.4097],[5.6561,50.4159],[5.6518,50.4148],[5.646,50.4141],[5.644,50.416],[5.6465,50.4185],[5.6437,50.4209],[5.6378,50.4229],[5.6379,50.426],[5.6471,50.4256],[5.6532,50.4265],[5.647,50.4311],[5.634,50.4427],[5.6308,50.447],[5.6279,50.4531],[5.6286,50.4575],[5.6244,50.4589],[5.6238,50.4601],[5.622,50.4596],[5.6109,50.4599],[5.6111,50.4542],[5.6078,50.4522],[5.6037,50.4528],[5.5957,50.4524],[5.5849,50.4555],[5.583,50.4541],[5.5861,50.4477],[5.5811,50.4469],[5.5735,50.4447],[5.5703,50.4454],[5.5685,50.4475],[5.5661,50.4462],[5.5629,50.4456],[5.5674,50.4391],[5.593,50.4322],[5.6051,50.4314],[5.6164,50.4283],[5.6191,50.4252],[5.6232,50.4236],[5.619,50.4223],[5.6086,50.4258],[5.606,50.4275],[5.5956,50.4232],[5.5868,50.4185],[5.5846,50.4202],[5.5836,50.4224],[5.5804,50.4224],[5.5728,50.4195],[5.5609,50.4137],[5.5592,50.4153],[5.5534,50.4128],[5.5505,50.4154],[5.5401,50.4126],[5.5295,50.4089],[5.523,50.4073],[5.5205,50.4075],[5.5185,50.4048],[5.5203,50.4025],[5.5272,50.4017],[5.5329,50.4043],[5.5362,50.4021],[5.5353,50.3993],[5.5308,50.3987],[5.5291,50.3961],[5.5312,50.3944],[5.538,50.3921],[5.5399,50.3908],[5.5438,50.391],[5.5513,50.3903],[5.5538,50.3885],[5.562,50.3918],[5.5703,50.397],[5.5745,50.3969],[5.5798,50.3976],[5.5868,50.3994],[5.593,50.3979],[5.5974,50.3951],[5.597,50.3938],[5.6031,50.3916],[5.608,50.3867],[5.6134,50.3827],[5.6296,50.3771],[5.6365,50.3757],[5.6368,50.3747],[5.6321,50.3734],[5.6307,50.3721],[5.6347,50.3716],[5.6476,50.3654],[5.6611,50.3658],[5.6758,50.3685]]]},"properties":{"id":"61019","name":"Ferrières","subdivision":"Liège","cx":5.621,"cy":50.402}},
{"type":"Feature","geometry":{"type":"Polygon","coordinates":[[[5.2372,50.4272],[5.2354,50.4249],[5.2213,50.4173],[5.2297,50.4087],[5.2334,50.4068],[5.2347,50.4039],[5.237,50.403],[5.2484,50.4024],[5.2539,50.4003],[5.26,50.4034],[5.2638,50.4007],[5.2683,50.4009],[5.2704,50.3985],[5.2745,50.399],[5.2757,50.3944],[5.2805,50.3963],[5.2869,50.3943],[5.2793,50.3892],[5.2805,50.3868],[5.2811,50.3784],[5.2847,50.3769],[5.2929,50.3697],[5.2973,50.3649],[5.3093,50.3714],[5.3186,50.3729],[5.3375,50.3803],[5.3447,50.3861],[5.3465,50.3867],[5.3518,50.3887],[5.3583,50.3873],[5.3634,50.3851],[5.3622,50.3837],[5.3631,50.3815],[5.3661,50.3811],[5.3678,50.3799],[5.3733,50.3812],[5.3787,50.3836],[5.3786,50.3858],[5.3826,50.3868],[5.3913,50.3822],[5.3932,50.3794],[5.3971,50.381],[5.3958,50.3838],[5.4011,50.3864],[5.4018,50.3875],[5.4074,50.3907],[5.4113,50.3924],[5.4164,50.3957],[5.4199,50.3963],[5.4232,50.3983],[5.4263,50.3991],[5.4289,50.4027],[5.4277,50.4064],[5.4243,50.4112],[5.4204,50.413],[5.4107,50.4116],[5.4068,50.4124],[5.406,50.4138],[5.4086,50.4149],[5.407,50.4168],[5.4065,50.4256],[5.4189,50.43],[5.422,50.4306],[5.4201,50.4332],[5.4218,50.4348],[5.4199,50.4374],[5.4213,50.4386],[5.4168,50.4425],[5.4153,50.4452],[5.4068,50.4436],[5.3837,50.4467],[5.3813,50.4484],[5.3781,50.4475],[5.3706,50.4571],[5.368,50.4558],[5.3652,50.4566],[5.3618,50.4596],[5.3618,50.4616],[5.3502,50.4575],[5.3439,50.4587],[5.3373,50.4566],[5.3335,50.4549],[5.3317,50.4543],[5.3344,50.4504],[5.3326,50.4456],[5.3278,50.4432],[5.3292,50.4394],[5.3314,50.4386],[5.3282,50.4366],[5.3311,50.4337],[5.3255,50.4314],[5.318,50.4301],[5.3055,50.426],[5.3008,50.4258],[5.3018,50.4238],[5.2984,50.4207],[5.2908,50.4196],[5.2796,50.4287],[5.2796,50.4323],[5.272,50.4376],[5.2706,50.437],[5.2664,50.4348],[5.2637,50.4342],[5.2613,50.4358],[5.257,50.4352],[5.2551,50.4357],[5.251,50.4317],[5.2483,50.4323],[5.2372,50.4272]]]},"properties":{"id":"61012","name":"Clavier","subdivision":"Liège","cx":5.356,"cy":50.418}},
{"type":"Feature","geometry":{"type":"Polygon","coordinates":[[[5.1298,50.3836],[5.1342,50.3854],[5.1343,50.3877],[5.138,50.3891],[5.1324,50.3929],[5.134,50.3939],[5.1316,50.3965],[5.1324,50.3977],[5.1381,50.4001],[5.137,50.4021],[5.1436,50.4048],[5.1454,50.4074],[5.1439,50.4101],[5.1364,50.4084],[5.1298,50.4134],[5.128,50.4126],[5.1206,50.407],[5.1038,50.4211],[5.0999,50.4211],[5.0946,50.4203],[5.0915,50.422],[5.0825,50.4247],[5.0761,50.4274],[5.0948,50.4338],[5.1063,50.4385],[5.1014,50.4418],[5.1022,50.443],[5.1,50.4473],[5.0992,50.4491],[5.0947,50.4506],[5.0867,50.4588],[5.0839,50.4577],[5.081,50.4606],[5.0772,50.4605],[5.0721,50.4625],[5.0703,50.4598],[5.066,50.4578],[5.0325,50.4572],[5.0239,50.4536],[5.0199,50.4528],[5.014,50.4507],[5.0095,50.4532],[5.0061,50.4524],[5.0014,50.4556],[4.9945,50.4552],[4.9913,50.4545],[4.99,50.4527],[4.9876,50.4519],[4.9782,50.4524],[4.9715,50.4544],[4.967,50.4527],[4.9666,50.4516],[4.9703,50.448],[4.9671,50.4422],[4.9594,50.4421],[4.9613,50.4403],[4.9661,50.4378],[4.9673,50.4365],[4.9714,50.4352],[4.9763,50.4312],[4.9725,50.4275],[4.9686,50.4257],[4.9739,50.4207],[4.9755,50.4184],[4.9767,50.4165],[4.9794,50.417],[4.984,50.413],[4.9822,50.4093],[4.987,50.408],[4.9903,50.4094],[4.9909,50.4126],[4.993,50.4125],[4.9949,50.4081],[5.0027,50.4087],[5.0036,50.4069],[5.0071,50.4088],[5.007,50.4118],[5.0083,50.4141],[5.0157,50.4172],[5.0199,50.4129],[5.0252,50.4107],[5.0285,50.4083],[5.029,50.4061],[5.0316,50.405],[5.0347,50.4003],[5.0398,50.3971],[5.0487,50.3874],[5.0518,50.3885],[5.0541,50.3882],[5.061,50.3911],[5.0694,50.3931],[5.0708,50.3911],[5.0772,50.3857],[5.0802,50.3864],[5.0818,50.3879],[5.0863,50.3895],[5.0907,50.3925],[5.0951,50.3869],[5.0949,50.3846],[5.0969,50.3811],[5.0936,50.3793],[5.0951,50.3778],[5.093,50.3768],[5.0971,50.3732],[5.1081,50.378],[5.1103,50.3794],[5.1163,50.3812],[5.1198,50.378],[5.1267,50.3804],[5.1298,50.3836]]]},"properties":{"id":"92054","name":"Gesves","subdivision":"Namur","cx":5.051,"cy":50.422}},
{"type":"Feature","geometry":{"type":"Polygon","coordinates":[[[3.7587,50.4201],[3.763,50.4208],[3.7671,50.4225],[3.7748,50.4232],[3.7772,50.426],[3.7745,50.4314],[3.7747,50.4403],[3.7702,50.4405],[3.7673,50.4415],[3.7675,50.444],[3.7652,50.4443],[3.7607,50.4454],[3.758,50.4445],[3.7521,50.4459],[3.7466,50.4455],[3.7383,50.4423],[3.7356,50.4445],[3.7302,50.4437],[3.7242,50.4435],[3.72,50.4473],[3.7154,50.4465],[3.7083,50.4487],[3.7069,50.4505],[3.7034,50.4507],[3.7023,50.4522],[3.6944,50.4558],[3.6833,50.458],[3.6797,50.4605],[3.6713,50.4627],[3.6664,50.4624],[3.6605,50.464],[3.6555,50.4617],[3.6578,50.459],[3.6617,50.4569],[3.6642,50.4531],[3.661,50.4503],[3.6592,50.4468],[3.6597,50.4447],[3.6638,50.4412],[3.6675,50.4403],[3.6695,50.4379],[3.6688,50.4364],[3.6689,50.4233],[3.6723,50.4221],[3.6851,50.4211],[3.6957,50.4186],[3.6939,50.4215],[3.6956,50.4223],[3.6995,50.4222],[3.7039,50.4202],[3.7114,50.4198],[3.7143,50.419],[3.724,50.4145],[3.7278,50.4132],[3.7312,50.4134],[3.7324,50.4151],[3.7369,50.4175],[3.741,50.4173],[3.7533,50.4189],[3.7587,50.4201]]]},"properties":{"id":"53039","name":"Hensies","subdivision":"Hainaut","cx":3.693,"cy":50.438}},
{"type":"Feature","geometry":{"type":"Polygon","coordinates":[[[5.851,50.3912],[5.8518,50.3934],[5.8621,50.399],[5.865,50.398],[5.8749,50.3961],[5.8783,50.3983],[5.8803,50.3986],[5.8882,50.4017],[5.8875,50.3999],[5.8939,50.4002],[5.8964,50.4031],[5.8977,50.4066],[5.9025,50.4085],[5.908,50.4153],[5.9128,50.4163],[5.9183,50.421],[5.9212,50.4259],[5.9236,50.4277],[5.9264,50.4284],[5.9262,50.4315],[5.928,50.4337],[5.9161,50.4413],[5.9169,50.4432],[5.92,50.4443],[5.9208,50.446],[5.9251,50.4467],[5.9246,50.4492],[5.9216,50.4512],[5.9199,50.4536],[5.9254,50.4549],[5.931,50.4575],[5.9275,50.4616],[5.9262,50.4645],[5.9225,50.4631],[5.9188,50.4626],[5.9119,50.4607],[5.901,50.4555],[5.8961,50.4549],[5.8727,50.4493],[5.8597,50.4437],[5.8332,50.4379],[5.8237,50.4345],[5.8186,50.4337],[5.8092,50.4354],[5.793,50.4353],[5.7861,50.4346],[5.7756,50.4363],[5.7696,50.4348],[5.7649,50.4356],[5.7607,50.4378],[5.7549,50.4392],[5.7545,50.4409],[5.7519,50.4433],[5.746,50.4437],[5.744,50.445],[5.74,50.4448],[5.7368,50.4438],[5.734,50.4399],[5.7338,50.4381],[5.7295,50.4381],[5.7244,50.4363],[5.7202,50.437],[5.7159,50.4348],[5.7113,50.4346],[5.7077,50.4326],[5.707,50.4306],[5.7075,50.4197],[5.7061,50.4116],[5.7048,50.4076],[5.7025,50.404],[5.7069,50.4025],[5.7094,50.4005],[5.7053,50.3959],[5.7048,50.3903],[5.7005,50.3874],[5.699,50.383],[5.7015,50.3801],[5.7041,50.3786],[5.7086,50.3792],[5.7084,50.3754],[5.7009,50.3745],[5.6906,50.3746],[5.6785,50.3726],[5.6758,50.3685],[5.6709,50.3634],[5.6712,50.3608],[5.6703,50.3568],[5.6734,50.3564],[5.6762,50.3578],[5.6816,50.3581],[5.6885,50.3567],[5.6929,50.3579],[5.6965,50.3572],[5.7066,50.3611],[5.7109,50.358],[5.7202,50.3581],[5.7242,50.3587],[5.7242,50.3609],[5.7264,50.3619],[5.7375,50.3605],[5.7401,50.3611],[5.7455,50.3635],[5.7513,50.3642],[5.7603,50.3646],[5.7602,50.3659],[5.7747,50.3688],[5.7942,50.3744],[5.8073,50.3749],[5.8146,50.3761],[5.8151,50.3774],[5.8225,50.3789],[5.8335,50.3847],[5.8384,50.3839],[5.8425,50.3878],[5.8457,50.3877],[5.847,50.3899],[5.851,50.3912]]]},"properties":{"id":"63075","name":"Stoumont","subdivision":"Liège","cx":5.763,"cy":50.401}},
{"type":"Feature","geometry":{"type":"Polygon","coordinates":[[[5.5123,50.4251],[5.5111,50.4231],[5.5127,50.4212],[5.5107,50.4195],[5.5132,50.4181],[5.5094,50.4145],[5.5113,50.4126],[5.519,50.4103],[5.5205,50.4075],[5.523,50.4073],[5.5295,50.4089],[5.5401,50.4126],[5.5505,50.4154],[5.5534,50.4128],[5.5592,50.4153],[5.5609,50.4137],[5.5728,50.4195],[5.5804,50.4224],[5.5836,50.4224],[5.5846,50.4202],[5.5868,50.4185],[5.5956,50.4232],[5.606,50.4275],[5.6086,50.4258],[5.619,50.4223],[5.6232,50.4236],[5.6191,50.4252],[5.6164,50.4283],[5.6051,50.4314],[5.593,50.4322],[5.5674,50.4391],[5.5629,50.4456],[5.5661,50.4462],[5.5685,50.4475],[5.5703,50.4454],[5.5735,50.4447],[5.5811,50.4469],[5.5861,50.4477],[5.583,50.4541],[5.5849,50.4555],[5.5957,50.4524],[5.6037,50.4528],[5.6078,50.4522],[5.6111,50.4542],[5.6109,50.4599],[5.6112,50.464],[5.6075,50.4639],[5.6036,50.465],[5.5817,50.4631],[5.5804,50.4634],[5.5677,50.4609],[5.5616,50.4609],[5.5532,50.4592],[5.543,50.4616],[5.5419,50.4614],[5.5328,50.4579],[5.5281,50.4581],[5.526,50.4608],[5.5212,50.46],[5.5162,50.4606],[5.5169,50.4631],[5.5051,50.4606],[5.5063,50.4553],[5.5117,50.4509],[5.5153,50.453],[5.5221,50.455],[5.525,50.4534],[5.5295,50.453],[5.5353,50.4506],[5.5348,50.4492],[5.5368,50.4461],[5.5329,50.443],[5.5331,50.4394],[5.5279,50.4377],[5.5241,50.4383],[5.52,50.4372],[5.5152,50.4376],[5.5116,50.4345],[5.5078,50.4335],[5.509,50.4306],[5.5111,50.4285],[5.5105,50.4266],[5.5123,50.4251]]]},"properties":{"id":"61024","name":"Hamoir","subdivision":"Liège","cx":5.551,"cy":50.434}},
{"type":"Feature","geometry":{"type":"Polygon","coordinates":[[[4.6952,50.4282],[4.7008,50.4245],[4.7024,50.4228],[4.7096,50.4207],[4.7146,50.4186],[4.7194,50.4128],[4.7237,50.4157],[4.7257,50.4158],[4.7315,50.4199],[4.754,50.4125],[4.7577,50.414],[4.7601,50.408],[4.7856,50.4056],[4.7992,50.393],[4.8045,50.396],[4.811,50.4011],[4.8148,50.4028],[4.8186,50.4055],[4.8224,50.4071],[4.8242,50.4092],[4.8296,50.4087],[4.8292,50.4109],[4.8225,50.424],[4.8194,50.4226],[4.8178,50.4205],[4.8155,50.421],[4.814,50.4189],[4.8108,50.417],[4.8055,50.4167],[4.8001,50.4139],[4.7955,50.4151],[4.7937,50.4143],[4.7877,50.4152],[4.7843,50.4162],[4.7855,50.4195],[4.7835,50.4279],[4.7852,50.434],[4.7881,50.4401],[4.7918,50.4407],[4.7926,50.443],[4.7904,50.4444],[4.7934,50.4487],[4.7903,50.4497],[4.7784,50.4611],[4.7769,50.4637],[4.7705,50.4697],[4.7622,50.4691],[4.7505,50.4647],[4.7388,50.4652],[4.734,50.4659],[4.7341,50.4682],[4.7329,50.4719],[4.719,50.4696],[4.7168,50.4681],[4.7117,50.4672],[4.7146,50.4642],[4.7165,50.4601],[4.7152,50.4586],[4.7153,50.4561],[4.7126,50.4544],[4.7136,50.4518],[4.709,50.4471],[4.7094,50.4452],[4.7078,50.4428],[4.7045,50.4437],[4.7025,50.4418],[4.702,50.439],[4.6981,50.4344],[4.699,50.4305],[4.6952,50.4282]]]},"properties":{"id":"92045","name":"Floreffe","subdivision":"Namur","cx":4.755,"cy":50.437}},
{"type":"Feature","geometry":{"type":"Polygon","coordinates":[[[4.2633,50.4253],[4.262,50.4266],[4.2685,50.4285],[4.2683,50.4324],[4.2663,50.4342],[4.2682,50.4362],[4.2685,50.4388],[4.2708,50.4384],[4.2714,50.4428],[4.2785,50.4438],[4.2776,50.4503],[4.2828,50.4515],[4.2696,50.4593],[4.2685,50.4635],[4.2685,50.4665],[4.2673,50.4681],[4.2677,50.4716],[4.2617,50.4687],[4.254,50.471],[4.2533,50.4729],[4.2499,50.4746],[4.2491,50.4731],[4.2452,50.4728],[4.241,50.4741],[4.2303,50.4681],[4.2287,50.4659],[4.2219,50.4649],[4.2178,50.4654],[4.2197,50.4625],[4.2173,50.4617],[4.2182,50.4589],[4.2166,50.4526],[4.2128,50.4505],[4.2124,50.4475],[4.2104,50.4465],[4.2107,50.4448],[4.2071,50.4438],[4.2052,50.4421],[4.1998,50.4407],[4.1971,50.4389],[4.2026,50.4351],[4.2136,50.4391],[4.2191,50.4337],[4.2212,50.4297],[4.2238,50.4299],[4.2268,50.4283],[4.2298,50.4256],[4.2336,50.4247],[4.2329,50.4221],[4.2408,50.422],[4.2523,50.4235],[4.2556,50.4248],[4.2585,50.4241],[4.2633,50.4253]]]},"properties":{"id":"58004","name":"Morlanwelz","subdivision":"Hainaut","cx":4.244,"cy":50.447}},
{"type":"Feature","geometry":{"type":"Polygon","coordinates":[[[5.1973,50.4789],[5.192,50.4781],[5.19,50.476],[5.18,50.476],[5.1788,50.4743],[5.1723,50.4694],[5.1639,50.4676],[5.1556,50.4655],[5.1449,50.4609],[5.135,50.4608],[5.126,50.4576],[5.1191,50.4545],[5.1188,50.4528],[5.1,50.4473],[5.1022,50.443],[5.1014,50.4418],[5.1063,50.4385],[5.0948,50.4338],[5.0761,50.4274],[5.0825,50.4247],[5.0915,50.422],[5.0946,50.4203],[5.0999,50.4211],[5.1038,50.4211],[5.1206,50.407],[5.128,50.4126],[5.1298,50.4134],[5.1364,50.4084],[5.1439,50.4101],[5.1454,50.4074],[5.1436,50.4048],[5.1513,50.4079],[5.1596,50.4055],[5.1614,50.4034],[5.1655,50.4018],[5.1666,50.4023],[5.1713,50.4003],[5.1766,50.4037],[5.1816,50.4054],[5.184,50.4051],[5.1867,50.4023],[5.1844,50.4012],[5.1862,50.3998],[5.1909,50.4006],[5.1927,50.4017],[5.196,50.3991],[5.2006,50.3986],[5.2033,50.3992],[5.2011,50.4027],[5.2052,50.4048],[5.2022,50.4072],[5.1995,50.4117],[5.2054,50.4141],[5.209,50.4116],[5.2118,50.4109],[5.2151,50.4125],[5.218,50.4155],[5.2213,50.4173],[5.2354,50.4249],[5.2372,50.4272],[5.2328,50.4312],[5.2345,50.4322],[5.2332,50.4339],[5.2362,50.4365],[5.2367,50.4382],[5.23,50.4441],[5.2286,50.4443],[5.2249,50.4425],[5.223,50.4443],[5.2148,50.4548],[5.2102,50.4592],[5.2099,50.4613],[5.2064,50.4669],[5.2037,50.4738],[5.1989,50.4766],[5.1973,50.4789]]]},"properties":{"id":"92097","name":"Ohey","subdivision":"Namur","cx":5.166,"cy":50.436}},
{"type":"Feature","geometry":{"type":"Polygon","coordinates":[[[4.4164,50.3591],[4.4174,50.3588],[4.4284,50.361],[4.4298,50.3588],[4.4325,50.3603],[4.4329,50.3556],[4.4337,50.3529],[4.4396,50.353],[4.4436,50.3539],[4.4478,50.357],[4.4518,50.359],[4.4538,50.3614],[4.459,50.362],[4.4576,50.3684],[4.4592,50.369],[4.4589,50.3713],[4.4622,50.3737],[4.4622,50.3763],[4.4643,50.3786],[4.4665,50.3775],[4.4754,50.3788],[4.4794,50.3761],[4.483,50.3784],[4.4856,50.3782],[4.4935,50.3811],[4.4876,50.3863],[4.4837,50.393],[4.4944,50.3961],[4.4943,50.3968],[4.5019,50.4007],[4.498,50.4034],[4.4961,50.4078],[4.4919,50.4102],[4.4888,50.4158],[4.495,50.4191],[4.4985,50.4157],[4.5014,50.4171],[4.4982,50.421],[4.5003,50.4225],[4.5027,50.4263],[4.5051,50.4263],[4.5076,50.4288],[4.5053,50.4334],[4.5022,50.4381],[4.4982,50.4414],[4.4963,50.4466],[4.4987,50.4494],[4.501,50.4507],[4.4994,50.4547],[4.5008,50.4606],[4.4977,50.4616],[4.4936,50.4614],[4.492,50.4643],[4.49,50.4658],[4.4874,50.4652],[4.4847,50.4697],[4.4791,50.4735],[4.4848,50.4759],[4.4777,50.477],[4.4585,50.4812],[4.4573,50.4855],[4.4557,50.487],[4.4606,50.4901],[4.4581,50.4923],[4.4561,50.4918],[4.4503,50.4883],[4.4486,50.4865],[4.4354,50.4793],[4.4281,50.4788],[4.4264,50.4762],[4.4217,50.4753],[4.4172,50.4714],[4.414,50.4695],[4.4088,50.4679],[4.4064,50.4693],[4.4004,50.4704],[4.4051,50.4617],[4.4016,50.4599],[4.4001,50.4581],[4.3969,50.4569],[4.3957,50.4548],[4.3946,50.4494],[4.3904,50.451],[4.3833,50.4502],[4.3783,50.4472],[4.3789,50.4449],[4.3767,50.4413],[4.3634,50.4371],[4.3537,50.4272],[4.3501,50.4299],[4.3485,50.4297],[4.3518,50.4231],[4.3548,50.4145],[4.3561,50.4091],[4.3564,50.4045],[4.3619,50.4033],[4.3662,50.4042],[4.3633,50.3961],[4.3688,50.3956],[4.3791,50.3902],[4.382,50.3923],[4.389,50.3907],[4.3901,50.3885],[4.3871,50.3871],[4.387,50.3856],[4.3897,50.381],[4.3909,50.3766],[4.394,50.3745],[4.3913,50.3712],[4.394,50.3689],[4.3988,50.37],[4.4092,50.3646],[4.4109,50.3656],[4.4178,50.3624],[4.4164,50.3591]]]},"properties":{"id":"52011","name":"Charleroi","subdivision":"Hainaut","cx":4.435,"cy":50.421}},
{"type":"Feature","geometry":{"type":"Polygon","coordinates":[[[4.6255,50.4926],[4.6167,50.4909],[4.5925,50.484],[4.6007,50.4767],[4.5998,50.4743],[4.5977,50.4726],[4.5967,50.4698],[4.5948,50.4674],[4.5901,50.4639],[4.5879,50.4595],[4.5888,50.4575],[4.5849,50.4544],[4.5824,50.4547],[4.5732,50.4537],[4.5792,50.4505],[4.5841,50.4458],[4.5815,50.4447],[4.5817,50.4422],[4.5779,50.4416],[4.5728,50.4418],[4.5774,50.4381],[4.5792,50.4381],[4.5835,50.4386],[4.5847,50.4348],[4.5816,50.4327],[4.588,50.431],[4.5894,50.4328],[4.5945,50.4287],[4.6042,50.4266],[4.607,50.427],[4.613,50.4301],[4.6151,50.4282],[4.6172,50.4243],[4.614,50.4239],[4.6105,50.4219],[4.6086,50.4111],[4.6075,50.4086],[4.6092,50.4036],[4.6135,50.4002],[4.6208,50.403],[4.6238,50.4059],[4.6285,50.4066],[4.6467,50.4171],[4.6476,50.4211],[4.6502,50.4217],[4.6477,50.4247],[4.6517,50.4245],[4.655,50.4217],[4.6593,50.4201],[4.6598,50.417],[4.6639,50.4169],[4.6712,50.4183],[4.6701,50.4209],[4.6681,50.4246],[4.6644,50.429],[4.6586,50.4404],[4.6619,50.4428],[4.658,50.4436],[4.6487,50.4479],[4.6449,50.449],[4.6434,50.4518],[4.6379,50.4563],[4.6338,50.4624],[4.6333,50.4665],[4.6353,50.4682],[4.6375,50.4722],[4.6437,50.4762],[4.6439,50.4771],[4.6336,50.487],[4.6294,50.489],[4.6261,50.4889],[4.6265,50.4915],[4.6255,50.4926]]]},"properties":{"id":"92137","name":"Sambreville","subdivision":"Namur","cx":4.617,"cy":50.45}},
{"type":"Feature","geometry":{"type":"Polygon","coordinates":[[[5.9959,50.3358],[6.0052,50.3416],[6.0078,50.3423],[6.0133,50.3422],[6.0209,50.3434],[6.0226,50.3442],[6.0216,50.347],[6.0217,50.3505],[6.0229,50.353],[6.0225,50.3547],[6.026,50.3589],[6.026,50.3639],[6.0282,50.3671],[6.0305,50.3689],[6.0275,50.3717],[6.0244,50.3724],[6.0186,50.3753],[6.0148,50.3758],[6.0085,50.3807],[6.005,50.3815],[6.0027,50.3804],[6.0021,50.3868],[6.0005,50.3882],[5.9978,50.3878],[5.9952,50.3861],[5.9916,50.386],[5.9909,50.3847],[5.9869,50.3851],[5.9848,50.3869],[5.9786,50.3881],[5.9768,50.391],[5.9791,50.3939],[5.9833,50.3936],[5.9833,50.3965],[5.9812,50.399],[5.9842,50.4006],[5.9813,50.4031],[5.9838,50.4043],[5.9883,50.4093],[5.9904,50.4132],[5.987,50.4147],[5.9847,50.417],[5.9817,50.4187],[5.9816,50.4234],[5.9783,50.4271],[5.975,50.4345],[5.9717,50.4372],[5.9697,50.4406],[5.9731,50.4444],[5.9782,50.4437],[5.9791,50.4444],[5.9851,50.4444],[5.9944,50.4465],[6.0021,50.4457],[6.0047,50.4445],[6.009,50.4444],[6.0136,50.4468],[6.015,50.4465],[6.0195,50.4482],[6.0197,50.4495],[6.0173,50.4517],[6.0229,50.4564],[6.0217,50.4584],[6.0174,50.4596],[6.0143,50.4641],[6.0129,50.4687],[6.0136,50.4772],[6.0151,50.4821],[6.0051,50.4963],[6.0008,50.4952],[5.9979,50.4913],[5.9919,50.4868],[5.9869,50.4871],[5.9801,50.4862],[5.9766,50.4868],[5.9715,50.4864],[5.9662,50.4832],[5.9662,50.4801],[5.941,50.4721],[5.9317,50.4666],[5.9293,50.4651],[5.9262,50.4645],[5.9275,50.4616],[5.931,50.4575],[5.9254,50.4549],[5.9199,50.4536],[5.9216,50.4512],[5.9246,50.4492],[5.9251,50.4467],[5.9208,50.446],[5.92,50.4443],[5.9169,50.4432],[5.9161,50.4413],[5.928,50.4337],[5.9262,50.4315],[5.9264,50.4284],[5.9236,50.4277],[5.9212,50.4259],[5.9183,50.421],[5.9128,50.4163],[5.908,50.4153],[5.9025,50.4085],[5.8977,50.4066],[5.8964,50.4031],[5.8939,50.4002],[5.8875,50.3999],[5.8882,50.4017],[5.8803,50.3986],[5.8783,50.3983],[5.8749,50.3961],[5.865,50.398],[5.8621,50.399],[5.8518,50.3934],[5.851,50.3912],[5.8567,50.3876],[5.8618,50.3885],[5.863,50.3853],[5.8626,50.3837],[5.8689,50.383],[5.8751,50.3844],[5.8765,50.3837],[5.874,50.3792],[5.8757,50.3769],[5.8784,50.3763],[5.8831,50.3778],[5.886,50.378],[5.898,50.3769],[5.8992,50.3777],[5.8994,50.3811],[5.9023,50.3832],[5.9052,50.3825],[5.9065,50.3787],[5.9124,50.3773],[5.9161,50.3736],[5.9202,50.3744],[5.926,50.373],[5.9288,50.3713],[5.9376,50.3713],[5.9433,50.3732],[5.9563,50.3742],[5.9611,50.3715],[5.9664,50.3714],[5.97,50.364],[5.9761,50.362],[5.9836,50.3619],[5.9882,50.361],[5.9947,50.3581],[5.9965,50.3504],[5.9996,50.3478],[5.9975,50.3455],[5.999,50.3431],[5.9977,50.3412],[5.9959,50.3358]]]},"properties":{"id":"63073","name":"Stavelot","subdivision":"Liège","cx":5.953,"cy":50.414}},
{"type":"Feature","geometry":{"type":"Polygon","coordinates":[[[6.3088,50.3114],[6.3068,50.3141],[6.3079,50.3159],[6.3055,50.3176],[6.3065,50.3201],[6.3128,50.3219],[6.318,50.3191],[6.3255,50.3229],[6.3273,50.3245],[6.3309,50.3229],[6.3333,50.3232],[6.3359,50.3175],[6.3407,50.3181],[6.3405,50.3158],[6.3461,50.3147],[6.3484,50.315],[6.3513,50.3108],[6.3559,50.3094],[6.3587,50.3073],[6.3607,50.3074],[6.3587,50.3129],[6.3616,50.3147],[6.3705,50.3128],[6.3751,50.3136],[6.3764,50.3149],[6.3761,50.3177],[6.3788,50.3193],[6.3814,50.3193],[6.3826,50.322],[6.3894,50.3211],[6.405,50.3233],[6.4079,50.3351],[6.4061,50.3368],[6.4002,50.3385],[6.3999,50.3428],[6.3975,50.3462],[6.3871,50.3518],[6.3849,50.3519],[6.3828,50.3542],[6.381,50.3534],[6.3763,50.3552],[6.3734,50.3582],[6.3681,50.3581],[6.3694,50.3611],[6.3667,50.3646],[6.3606,50.3715],[6.3563,50.3734],[6.3525,50.3741],[6.3479,50.3779],[6.3422,50.38],[6.3466,50.3852],[6.3569,50.3911],[6.3576,50.3958],[6.3601,50.3982],[6.3652,50.4014],[6.3699,50.4089],[6.37,50.4098],[6.3667,50.4192],[6.3669,50.4199],[6.3739,50.4283],[6.376,50.4317],[6.3776,50.4394],[6.3749,50.4512],[6.3718,50.4556],[6.3629,50.4539],[6.3571,50.4564],[6.3501,50.4569],[6.3483,50.4585],[6.3456,50.4589],[6.3432,50.4611],[6.3405,50.4622],[6.3407,50.4638],[6.3438,50.4688],[6.3409,50.4721],[6.3379,50.4728],[6.3376,50.4749],[6.3404,50.4768],[6.3413,50.4787],[6.3409,50.4825],[6.3419,50.4837],[6.3465,50.4863],[6.3507,50.4878],[6.3485,50.489],[6.3393,50.4896],[6.3348,50.489],[6.3313,50.4927],[6.3229,50.4939],[6.3165,50.4965],[6.3141,50.499],[6.3091,50.5014],[6.2976,50.4977],[6.285,50.499],[6.2905,50.495],[6.2974,50.4884],[6.2992,50.4854],[6.3013,50.4841],[6.302,50.4813],[6.3006,50.4792],[6.3001,50.4685],[6.2913,50.4636],[6.2876,50.4608],[6.2826,50.4586],[6.2808,50.4585],[6.2775,50.4601],[6.2779,50.4622],[6.269,50.4623],[6.2603,50.4557],[6.2553,50.4507],[6.2521,50.4452],[6.2411,50.435],[6.2427,50.4317],[6.2385,50.427],[6.2446,50.4264],[6.2382,50.42],[6.2312,50.4143],[6.2314,50.4127],[6.2294,50.4082],[6.2296,50.4005],[6.2266,50.3971],[6.2194,50.3944],[6.2152,50.3923],[6.2184,50.3902],[6.2235,50.388],[6.2305,50.3893],[6.2329,50.3875],[6.2381,50.3852],[6.2383,50.3839],[6.2474,50.3846],[6.2565,50.3799],[6.265,50.3697],[6.2687,50.3633],[6.2739,50.3614],[6.2731,50.3595],[6.2771,50.3548],[6.2753,50.3508],[6.2726,50.3477],[6.2744,50.3447],[6.2696,50.3425],[6.2681,50.341],[6.2684,50.3388],[6.2669,50.3367],[6.2704,50.3309],[6.2686,50.3286],[6.2691,50.326],[6.2708,50.3234],[6.2757,50.3207],[6.28,50.3145],[6.2832,50.3127],[6.2859,50.3102],[6.2848,50.309],[6.2886,50.3091],[6.2913,50.3111],[6.2947,50.3107],[6.3028,50.3117],[6.3088,50.3114]]]},"properties":{"id":"63012","name":"Büllingen","subdivision":"Liège","cx":6.301,"cy":50.402}},
{"type":"Feature","geometry":{"type":"Polygon","coordinates":[[[4.0408,50.401],[4.0411,50.4031],[4.0396,50.405],[4.0475,50.4073],[4.0473,50.4091],[4.0503,50.4106],[4.0487,50.4118],[4.0507,50.4135],[4.0484,50.4187],[4.052,50.4177],[4.0566,50.4218],[4.0594,50.4211],[4.0614,50.4246],[4.0587,50.4268],[4.0583,50.4305],[4.0562,50.4341],[4.0576,50.4397],[4.0596,50.4395],[4.0608,50.4416],[4.0652,50.4424],[4.0721,50.4408],[4.0756,50.4406],[4.0772,50.4422],[4.0799,50.4419],[4.0833,50.4433],[4.0818,50.4455],[4.0846,50.447],[4.0755,50.4532],[4.0789,50.4546],[4.076,50.4574],[4.0701,50.4584],[4.0753,50.4648],[4.0767,50.4668],[4.0814,50.4655],[4.0817,50.4672],[4.0725,50.4683],[4.0571,50.4711],[4.0604,50.4735],[4.0579,50.4758],[4.0568,50.4795],[4.0538,50.483],[4.0479,50.4863],[4.0435,50.4951],[4.04,50.4978],[4.0393,50.5005],[4.0366,50.503],[4.0351,50.5058],[4.0299,50.5076],[4.0247,50.5082],[4.0219,50.5074],[4.0189,50.5038],[4.0161,50.5046],[4.0121,50.503],[3.9979,50.5049],[3.9936,50.5043],[3.9868,50.5072],[3.9752,50.5138],[3.9742,50.5114],[3.9671,50.5081],[3.9573,50.5086],[3.9534,50.5004],[3.9553,50.4959],[3.9502,50.4892],[3.9452,50.4887],[3.9406,50.4917],[3.933,50.5013],[3.9311,50.5007],[3.9124,50.5003],[3.9086,50.4996],[3.8998,50.4994],[3.8795,50.5038],[3.8663,50.4969],[3.8577,50.4809],[3.8546,50.4791],[3.8548,50.475],[3.8748,50.4771],[3.8761,50.4701],[3.8745,50.4674],[3.8751,50.4627],[3.8706,50.4562],[3.8707,50.4531],[3.8726,50.4462],[3.8727,50.4429],[3.8749,50.4423],[3.8762,50.4389],[3.8806,50.4373],[3.8796,50.4348],[3.8814,50.4331],[3.8812,50.4286],[3.8841,50.4268],[3.8831,50.4249],[3.8852,50.4228],[3.8836,50.4204],[3.8843,50.4184],[3.8887,50.4153],[3.8943,50.4199],[3.8957,50.4195],[3.8994,50.4242],[3.9087,50.4209],[3.9172,50.417],[3.9215,50.4162],[3.9305,50.413],[3.9294,50.4104],[3.9399,50.4083],[3.9493,50.4051],[3.9531,50.4032],[3.9542,50.4058],[3.96,50.4071],[3.9632,50.4053],[3.9623,50.4035],[3.9665,50.4008],[3.965,50.3996],[3.9678,50.398],[3.968,50.3963],[3.9654,50.3926],[3.9716,50.3909],[3.9701,50.3893],[3.9684,50.3853],[3.97,50.3843],[3.9697,50.3823],[3.9725,50.3807],[3.9746,50.3824],[3.9787,50.3804],[3.9836,50.379],[3.987,50.3793],[3.9888,50.3814],[3.9945,50.3835],[3.9939,50.3859],[4.0001,50.3857],[4.0012,50.3838],[4.0043,50.3844],[4.0032,50.389],[4.0039,50.3926],[4.01,50.3918],[4.0146,50.3906],[4.0189,50.3929],[4.0267,50.3929],[4.0285,50.3942],[4.0323,50.3924],[4.0363,50.3966],[4.0334,50.3986],[4.0393,50.4014],[4.0408,50.401]]]},"properties":{"id":"53053","name":"Mons","subdivision":"Hainaut","cx":3.984,"cy":50.452}},
{"type":"Feature","geometry":{"type":"Polygon","coordinates":[[[3.7521,50.4459],[3.7497,50.4487],[3.7471,50.4504],[3.746,50.453],[3.7433,50.4544],[3.7473,50.4568],[3.7463,50.4578],[3.7472,50.4623],[3.7497,50.4659],[3.7511,50.4692],[3.7534,50.4707],[3.7511,50.472],[3.7538,50.4764],[3.7511,50.4797],[3.749,50.4834],[3.7483,50.4862],[3.7365,50.4962],[3.7189,50.4924],[3.7187,50.4862],[3.7159,50.4846],[3.7122,50.4812],[3.7012,50.4856],[3.6921,50.4875],[3.6858,50.4925],[3.6883,50.4929],[3.6845,50.4969],[3.6828,50.4971],[3.6828,50.5],[3.6848,50.5008],[3.6876,50.5001],[3.6895,50.5042],[3.6895,50.5071],[3.6874,50.5069],[3.6814,50.509],[3.6751,50.513],[3.6749,50.5118],[3.6705,50.5126],[3.6687,50.512],[3.6646,50.5126],[3.6643,50.5147],[3.6578,50.5132],[3.6533,50.5138],[3.6507,50.5127],[3.6474,50.5129],[3.6392,50.5144],[3.6382,50.5131],[3.6344,50.514],[3.6241,50.5115],[3.6232,50.5108],[3.6241,50.5069],[3.6203,50.5059],[3.6197,50.5047],[3.6259,50.502],[3.6273,50.5009],[3.623,50.4978],[3.6254,50.4957],[3.6245,50.4922],[3.6151,50.4904],[3.6191,50.4868],[3.6321,50.48],[3.6303,50.4793],[3.6322,50.4753],[3.6378,50.4682],[3.6436,50.4632],[3.6492,50.4645],[3.6555,50.4617],[3.6605,50.464],[3.6664,50.4624],[3.6713,50.4627],[3.6797,50.4605],[3.6833,50.458],[3.6944,50.4558],[3.7023,50.4522],[3.7034,50.4507],[3.7069,50.4505],[3.7083,50.4487],[3.7154,50.4465],[3.72,50.4473],[3.7242,50.4435],[3.7302,50.4437],[3.7356,50.4445],[3.7383,50.4423],[3.7466,50.4455],[3.7521,50.4459]]]},"properties":{"id":"51009","name":"Bernissart","subdivision":"Hainaut","cx":3.663,"cy":50.486}},
{"type":"Feature","geometry":{"type":"Polygon","coordinates":[[[6.0698,50.3506],[6.0714,50.3503],[6.0779,50.3536],[6.0795,50.3565],[6.0848,50.3581],[6.0865,50.3609],[6.0889,50.3622],[6.0861,50.3659],[6.0893,50.3667],[6.0934,50.3691],[6.0965,50.3721],[6.1001,50.3731],[6.1042,50.376],[6.106,50.3779],[6.1136,50.3798],[6.1108,50.381],[6.1079,50.3808],[6.1055,50.3793],[6.1032,50.3798],[6.0977,50.3786],[6.096,50.3769],[6.0908,50.3743],[6.0865,50.3744],[6.0839,50.376],[6.0794,50.3774],[6.0744,50.3824],[6.0726,50.382],[6.0704,50.3839],[6.0739,50.3872],[6.0768,50.3914],[6.0715,50.3926],[6.0688,50.3947],[6.0708,50.3958],[6.0725,50.3982],[6.0718,50.4001],[6.0741,50.402],[6.0732,50.4034],[6.0766,50.4073],[6.0746,50.4098],[6.0771,50.4119],[6.0787,50.4175],[6.0802,50.4197],[6.0789,50.4229],[6.0744,50.425],[6.0683,50.4261],[6.0745,50.428],[6.0776,50.4298],[6.0863,50.4324],[6.0922,50.437],[6.0881,50.4385],[6.0869,50.4378],[6.0818,50.4385],[6.0741,50.4411],[6.0715,50.4414],[6.0688,50.4444],[6.0727,50.4453],[6.0754,50.449],[6.0799,50.4499],[6.083,50.4485],[6.0862,50.4483],[6.09,50.4503],[6.0905,50.4538],[6.0895,50.455],[6.088,50.4615],[6.0883,50.4639],[6.091,50.4661],[6.0925,50.4692],[6.096,50.4696],[6.0959,50.4718],[6.0983,50.4758],[6.0946,50.4788],[6.0907,50.4869],[6.0883,50.4939],[6.0824,50.4996],[6.0666,50.5128],[6.0629,50.5188],[6.0144,50.5013],[6.0091,50.498],[6.0051,50.4963],[6.0151,50.4821],[6.0136,50.4772],[6.0129,50.4687],[6.0143,50.4641],[6.0174,50.4596],[6.0217,50.4584],[6.0229,50.4564],[6.0173,50.4517],[6.0197,50.4495],[6.0195,50.4482],[6.015,50.4465],[6.0136,50.4468],[6.009,50.4444],[6.0047,50.4445],[6.0021,50.4457],[5.9944,50.4465],[5.9851,50.4444],[5.9791,50.4444],[5.9782,50.4437],[5.9731,50.4444],[5.9697,50.4406],[5.9717,50.4372],[5.975,50.4345],[5.9783,50.4271],[5.9816,50.4234],[5.9817,50.4187],[5.9847,50.417],[5.987,50.4147],[5.9904,50.4132],[5.9883,50.4093],[5.9838,50.4043],[5.9813,50.4031],[5.9842,50.4006],[5.9812,50.399],[5.9833,50.3965],[5.9833,50.3936],[5.9791,50.3939],[5.9768,50.391],[5.9786,50.3881],[5.9848,50.3869],[5.9869,50.3851],[5.9909,50.3847],[5.9916,50.386],[5.9952,50.3861],[5.9978,50.3878],[6.0005,50.3882],[6.0021,50.3868],[6.0027,50.3804],[6.005,50.3815],[6.0085,50.3807],[6.0148,50.3758],[6.0186,50.3753],[6.0244,50.3724],[6.0275,50.3717],[6.0305,50.3689],[6.0282,50.3671],[6.026,50.3639],[6.026,50.3589],[6.0225,50.3547],[6.0229,50.353],[6.0217,50.3505],[6.034,50.3526],[6.0393,50.3528],[6.0583,50.3526],[6.0698,50.3506]]]},"properties":{"id":"63049","name":"Malmedy","subdivision":"Liège","cx":6.035,"cy":50.417}},
{"type":"Feature","geometry":{"type":"Polygon","coordinates":[[[6.2194,50.3944],[6.2266,50.3971],[6.2296,50.4005],[6.2294,50.4082],[6.2314,50.4127],[6.2312,50.4143],[6.2382,50.42],[6.2446,50.4264],[6.2385,50.427],[6.2427,50.4317],[6.2411,50.435],[6.2521,50.4452],[6.2553,50.4507],[6.2603,50.4557],[6.269,50.4623],[6.2779,50.4622],[6.2775,50.4601],[6.2808,50.4585],[6.2826,50.4586],[6.2876,50.4608],[6.2913,50.4636],[6.3001,50.4685],[6.3006,50.4792],[6.302,50.4813],[6.3013,50.4841],[6.2992,50.4854],[6.2974,50.4884],[6.2905,50.495],[6.285,50.499],[6.2815,50.5032],[6.2748,50.5023],[6.2698,50.5046],[6.2666,50.5026],[6.2621,50.4989],[6.2548,50.4993],[6.2537,50.5028],[6.2518,50.5035],[6.2441,50.5006],[6.2414,50.499],[6.2358,50.4985],[6.2307,50.4975],[6.2276,50.495],[6.2241,50.4954],[6.22,50.4987],[6.2226,50.5015],[6.2199,50.5053],[6.2168,50.5065],[6.2132,50.513],[6.2101,50.5131],[6.2091,50.5147],[6.2125,50.5156],[6.2083,50.5173],[6.2059,50.521],[6.1998,50.5214],[6.1922,50.5211],[6.19,50.5202],[6.1845,50.5196],[6.1718,50.5161],[6.1651,50.516],[6.1581,50.5145],[6.153,50.5142],[6.1503,50.5119],[6.1462,50.5107],[6.1446,50.5093],[6.1395,50.5084],[6.1333,50.5029],[6.1331,50.4996],[6.1315,50.4978],[6.1353,50.4944],[6.1389,50.493],[6.1446,50.4928],[6.1466,50.4884],[6.1459,50.4821],[6.1479,50.4728],[6.1525,50.4652],[6.1532,50.4623],[6.1529,50.4584],[6.1533,50.4503],[6.1529,50.4494],[6.1539,50.4445],[6.1529,50.4432],[6.1568,50.4417],[6.1543,50.4378],[6.1482,50.4345],[6.1498,50.434],[6.1519,50.4285],[6.1506,50.4251],[6.1587,50.4224],[6.1627,50.4221],[6.1658,50.4196],[6.1709,50.4171],[6.1762,50.4181],[6.1786,50.4174],[6.1783,50.4134],[6.1824,50.4089],[6.1819,50.4048],[6.1863,50.402],[6.1882,50.3998],[6.1955,50.4011],[6.1965,50.3986],[6.2024,50.3965],[6.2026,50.3941],[6.2084,50.3956],[6.2162,50.3965],[6.2194,50.3944]]]},"properties":{"id":"63013","name":"Butgenbach","subdivision":"Liège","cx":6.206,"cy":50.459}},
{"type":"Feature","geometry":{"type":"Polygon","coordinates":[[[5.6238,50.4601],[5.6244,50.4589],[5.6286,50.4575],[5.6279,50.4531],[5.6308,50.447],[5.634,50.4427],[5.647,50.4311],[5.6532,50.4265],[5.6471,50.4256],[5.6379,50.426],[5.6378,50.4229],[5.6437,50.4209],[5.6465,50.4185],[5.644,50.416],[5.646,50.4141],[5.6518,50.4148],[5.6561,50.4159],[5.6614,50.4097],[5.6586,50.4076],[5.6591,50.4055],[5.653,50.4053],[5.6506,50.4043],[5.6506,50.4024],[5.6547,50.3989],[5.6613,50.3955],[5.666,50.3978],[5.6658,50.401],[5.6722,50.4031],[5.6753,50.4036],[5.6761,50.4023],[5.6798,50.4016],[5.6825,50.4001],[5.6876,50.4007],[5.6944,50.3992],[5.6993,50.4],[5.7025,50.404],[5.7048,50.4076],[5.7061,50.4116],[5.7075,50.4197],[5.707,50.4306],[5.7077,50.4326],[5.7113,50.4346],[5.7159,50.4348],[5.7202,50.437],[5.7244,50.4363],[5.7295,50.4381],[5.7338,50.4381],[5.734,50.4399],[5.7368,50.4438],[5.74,50.4448],[5.744,50.445],[5.746,50.4437],[5.7519,50.4433],[5.7545,50.4409],[5.7549,50.4392],[5.7607,50.4378],[5.7649,50.4356],[5.7696,50.4348],[5.7756,50.4363],[5.7861,50.4346],[5.793,50.4353],[5.7503,50.483],[5.7412,50.4927],[5.7413,50.495],[5.7476,50.4949],[5.7503,50.4917],[5.7588,50.4905],[5.7659,50.5169],[5.7631,50.5215],[5.7555,50.5192],[5.7487,50.5185],[5.7376,50.5155],[5.7358,50.5175],[5.7318,50.5179],[5.7308,50.5194],[5.7267,50.518],[5.724,50.5162],[5.7232,50.5138],[5.7195,50.5082],[5.7178,50.5037],[5.7136,50.499],[5.7095,50.4988],[5.7093,50.4972],[5.7021,50.4942],[5.6959,50.49],[5.6918,50.4859],[5.6873,50.4859],[5.6829,50.4865],[5.679,50.4829],[5.6751,50.4805],[5.6721,50.4801],[5.6698,50.4786],[5.6701,50.4765],[5.6618,50.4774],[5.6594,50.4797],[5.6493,50.4806],[5.6527,50.4848],[5.6445,50.482],[5.6363,50.482],[5.6334,50.486],[5.6311,50.4871],[5.6327,50.4837],[5.6358,50.4801],[5.6333,50.4791],[5.6308,50.475],[5.6264,50.4721],[5.6256,50.4688],[5.6264,50.4641],[5.6246,50.4627],[5.6238,50.4601]]]},"properties":{"id":"62009","name":"Aywaille","subdivision":"Liège","cx":5.693,"cy":50.457}},
{"type":"Feature","geometry":{"type":"Polygon","coordinates":[[[5.5051,50.4606],[5.5169,50.4631],[5.5162,50.4606],[5.5212,50.46],[5.526,50.4608],[5.5281,50.4581],[5.5328,50.4579],[5.5419,50.4614],[5.5389,50.4636],[5.5353,50.4673],[5.5414,50.472],[5.5452,50.4729],[5.5467,50.4787],[5.5489,50.4805],[5.5488,50.4838],[5.5527,50.4886],[5.5538,50.4913],[5.5511,50.4937],[5.5518,50.4964],[5.5504,50.4995],[5.547,50.502],[5.5458,50.5055],[5.5429,50.5048],[5.538,50.5052],[5.5296,50.5033],[5.5285,50.5045],[5.5204,50.5054],[5.5208,50.5075],[5.5237,50.5082],[5.5246,50.5099],[5.5179,50.5088],[5.5143,50.51],[5.5183,50.5119],[5.5172,50.5136],[5.5143,50.5153],[5.5146,50.5166],[5.5079,50.5148],[5.5087,50.5135],[5.505,50.5122],[5.5031,50.5137],[5.4982,50.5204],[5.5014,50.5225],[5.4945,50.5229],[5.4906,50.5218],[5.4874,50.5224],[5.4815,50.5202],[5.4769,50.5214],[5.4763,50.5204],[5.4703,50.5164],[5.466,50.5167],[5.4621,50.5152],[5.4636,50.5122],[5.4632,50.5076],[5.4596,50.5062],[5.4566,50.5064],[5.4521,50.5039],[5.4494,50.501],[5.4501,50.4969],[5.4455,50.4943],[5.4428,50.4923],[5.4402,50.4917],[5.4379,50.4899],[5.4393,50.4839],[5.4407,50.4812],[5.4519,50.4814],[5.4562,50.4826],[5.4588,50.4813],[5.4623,50.4775],[5.464,50.4736],[5.4638,50.4683],[5.4663,50.4681],[5.4737,50.4654],[5.4763,50.467],[5.4779,50.4657],[5.4807,50.4663],[5.4848,50.4684],[5.4869,50.4665],[5.4866,50.4646],[5.4897,50.4623],[5.4926,50.4614],[5.4998,50.4621],[5.5051,50.4606]]]},"properties":{"id":"61079","name":"Anthisnes","subdivision":"Liège","cx":5.499,"cy":50.489}},
{"type":"Feature","geometry":{"type":"Polygon","coordinates":[[[4.2816,50.4963],[4.2795,50.4972],[4.2771,50.4998],[4.275,50.5008],[4.2727,50.4996],[4.2697,50.5011],[4.2653,50.4986],[4.2599,50.5008],[4.2568,50.5029],[4.259,50.5068],[4.2538,50.507],[4.2543,50.5105],[4.2472,50.5152],[4.2389,50.517],[4.2366,50.5169],[4.2297,50.5207],[4.2227,50.5196],[4.2204,50.5205],[4.2165,50.5149],[4.2112,50.5115],[4.2117,50.5108],[4.2046,50.5052],[4.2067,50.5021],[4.2106,50.5006],[4.2064,50.4927],[4.2041,50.491],[4.2094,50.4878],[4.2122,50.4848],[4.212,50.4809],[4.215,50.4787],[4.217,50.4783],[4.217,50.4821],[4.2231,50.4775],[4.228,50.4763],[4.2244,50.4728],[4.2214,50.4723],[4.2191,50.4686],[4.2157,50.4667],[4.2178,50.4654],[4.2219,50.4649],[4.2287,50.4659],[4.2303,50.4681],[4.241,50.4741],[4.2452,50.4728],[4.2491,50.4731],[4.2499,50.4746],[4.2533,50.4729],[4.254,50.471],[4.2617,50.4687],[4.2677,50.4716],[4.2683,50.4734],[4.2671,50.4761],[4.2646,50.4867],[4.2715,50.4893],[4.2757,50.4921],[4.2799,50.4921],[4.2788,50.4937],[4.2816,50.4963]]]},"properties":{"id":"55086","name":"Manage","subdivision":"Hainaut","cx":4.238,"cy":50.493}},
{"type":"Feature","geometry":{"type":"Polygon","coordinates":[[[4.3223,50.4449],[4.3273,50.4471],[4.3318,50.4423],[4.3342,50.4407],[4.3417,50.4388],[4.3441,50.4322],[4.346,50.4326],[4.3485,50.4297],[4.3501,50.4299],[4.3537,50.4272],[4.3634,50.4371],[4.3767,50.4413],[4.3789,50.4449],[4.3783,50.4472],[4.3833,50.4502],[4.3904,50.451],[4.3946,50.4494],[4.3957,50.4548],[4.3969,50.4569],[4.4001,50.4581],[4.4016,50.4599],[4.4051,50.4617],[4.4004,50.4704],[4.4,50.4738],[4.397,50.478],[4.3917,50.4775],[4.3892,50.4786],[4.3884,50.4814],[4.3866,50.4838],[4.3867,50.4868],[4.3771,50.4821],[4.3722,50.4834],[4.3666,50.484],[4.3631,50.4837],[4.3607,50.4884],[4.3591,50.49],[4.3364,50.505],[4.329,50.5073],[4.3243,50.5107],[4.3224,50.5157],[4.3176,50.5152],[4.3196,50.5189],[4.3136,50.5213],[4.3103,50.5239],[4.3021,50.5188],[4.3011,50.5162],[4.2972,50.5125],[4.2908,50.5108],[4.2911,50.5096],[4.2871,50.5082],[4.2869,50.5071],[4.2914,50.5056],[4.2935,50.5041],[4.3001,50.4948],[4.3026,50.4935],[4.3085,50.4917],[4.3044,50.4878],[4.3013,50.4866],[4.2984,50.4831],[4.2998,50.4783],[4.2984,50.4749],[4.2982,50.4692],[4.297,50.4649],[4.2978,50.4619],[4.2964,50.4609],[4.2971,50.4585],[4.2964,50.455],[4.2936,50.4513],[4.2937,50.4482],[4.2955,50.447],[4.3021,50.4475],[4.311,50.4495],[4.3197,50.4528],[4.3234,50.4528],[4.3271,50.4543],[4.3227,50.4483],[4.3223,50.4449]]]},"properties":{"id":"52015","name":"Courcelles","subdivision":"Hainaut","cx":4.341,"cy":50.472}},
{"type":"Feature","geometry":{"type":"Polygon","coordinates":[[[5.2706,50.437],[5.272,50.4376],[5.2796,50.4323],[5.2796,50.4287],[5.2908,50.4196],[5.2984,50.4207],[5.3018,50.4238],[5.3008,50.4258],[5.3055,50.426],[5.318,50.4301],[5.3255,50.4314],[5.3311,50.4337],[5.3282,50.4366],[5.3314,50.4386],[5.3292,50.4394],[5.3278,50.4432],[5.3326,50.4456],[5.3344,50.4504],[5.3317,50.4543],[5.3335,50.4549],[5.33,50.4545],[5.3259,50.456],[5.323,50.4555],[5.3213,50.4533],[5.3178,50.4512],[5.3126,50.4546],[5.3097,50.4582],[5.3123,50.4593],[5.3129,50.461],[5.3103,50.4624],[5.308,50.4654],[5.3116,50.4666],[5.3097,50.4695],[5.311,50.4705],[5.3177,50.4728],[5.3231,50.4753],[5.3305,50.478],[5.339,50.4806],[5.3438,50.4888],[5.3414,50.4915],[5.3347,50.4946],[5.3384,50.497],[5.3426,50.5011],[5.3485,50.5034],[5.3508,50.5049],[5.3541,50.5053],[5.3544,50.5092],[5.3496,50.5108],[5.3487,50.5131],[5.3438,50.5139],[5.3385,50.5134],[5.3387,50.5147],[5.3353,50.5161],[5.3374,50.5193],[5.3415,50.5213],[5.3398,50.5248],[5.3286,50.52],[5.3238,50.5169],[5.315,50.5122],[5.3124,50.5133],[5.3102,50.5099],[5.3108,50.5066],[5.3132,50.5058],[5.299,50.5018],[5.292,50.5036],[5.2874,50.5042],[5.2837,50.5032],[5.2841,50.5011],[5.2828,50.4986],[5.2793,50.5002],[5.2766,50.5003],[5.2705,50.5019],[5.2653,50.5005],[5.2637,50.5025],[5.2488,50.4976],[5.243,50.4967],[5.2403,50.4954],[5.2375,50.496],[5.2355,50.4952],[5.2369,50.4921],[5.2408,50.4912],[5.2429,50.4919],[5.2492,50.4918],[5.2533,50.4931],[5.2565,50.4915],[5.2568,50.4894],[5.2598,50.4849],[5.2669,50.4809],[5.2666,50.478],[5.2683,50.4764],[5.2658,50.4738],[5.266,50.4711],[5.27,50.469],[5.2703,50.4677],[5.274,50.4655],[5.277,50.4624],[5.2796,50.462],[5.2846,50.4583],[5.2828,50.4555],[5.2802,50.4547],[5.2782,50.4529],[5.2813,50.4499],[5.2756,50.4455],[5.2714,50.4432],[5.2707,50.4399],[5.2692,50.4392],[5.2706,50.437]]]},"properties":{"id":"61041","name":"Modave","subdivision":"Liège","cx":5.293,"cy":50.479}},
{"type":"Feature","geometry":{"type":"Polygon","coordinates":[[[4.1971,50.4389],[4.1998,50.4407],[4.2052,50.4421],[4.2071,50.4438],[4.2107,50.4448],[4.2104,50.4465],[4.2124,50.4475],[4.2128,50.4505],[4.2166,50.4526],[4.2182,50.4589],[4.2173,50.4617],[4.2197,50.4625],[4.2178,50.4654],[4.2157,50.4667],[4.2191,50.4686],[4.2214,50.4723],[4.2244,50.4728],[4.228,50.4763],[4.2231,50.4775],[4.217,50.4821],[4.217,50.4783],[4.215,50.4787],[4.212,50.4809],[4.2122,50.4848],[4.2094,50.4878],[4.2041,50.491],[4.2064,50.4927],[4.2106,50.5006],[4.2067,50.5021],[4.2046,50.5052],[4.2117,50.5108],[4.2112,50.5115],[4.2036,50.5162],[4.1863,50.5252],[4.1861,50.5249],[4.1864,50.5246],[4.1805,50.5156],[4.1779,50.5139],[4.1691,50.5161],[4.1668,50.5176],[4.1621,50.5156],[4.1573,50.5157],[4.1539,50.517],[4.1493,50.5161],[4.1507,50.5114],[4.1479,50.5109],[4.1465,50.5124],[4.1427,50.5101],[4.1385,50.5091],[4.1379,50.5067],[4.1355,50.5054],[4.1315,50.5005],[4.1332,50.4989],[4.1331,50.497],[4.1288,50.4966],[4.1104,50.4926],[4.1097,50.4897],[4.11,50.4833],[4.1079,50.48],[4.1092,50.4779],[4.1095,50.4743],[4.1046,50.471],[4.1022,50.4681],[4.0968,50.4662],[4.0925,50.4635],[4.0906,50.4661],[4.0879,50.467],[4.0799,50.4627],[4.0753,50.4648],[4.0701,50.4584],[4.076,50.4574],[4.0789,50.4546],[4.0755,50.4532],[4.0846,50.447],[4.0818,50.4455],[4.0833,50.4433],[4.0799,50.4419],[4.0772,50.4422],[4.0756,50.4406],[4.0806,50.4397],[4.0832,50.4409],[4.0861,50.4399],[4.0962,50.4381],[4.0998,50.435],[4.103,50.4362],[4.1024,50.4379],[4.1061,50.4383],[4.1069,50.4395],[4.1125,50.438],[4.1207,50.4333],[4.127,50.4356],[4.1348,50.4398],[4.1375,50.4401],[4.1413,50.4426],[4.1445,50.4419],[4.1504,50.4442],[4.1536,50.4429],[4.159,50.4433],[4.1617,50.4407],[4.1752,50.4468],[4.1767,50.447],[4.1806,50.4448],[4.1826,50.4407],[4.1926,50.4428],[4.1971,50.4389]]]},"properties":{"id":"58001","name":"La Louvière","subdivision":"Hainaut","cx":4.157,"cy":50.475}},
{"type":"Feature","geometry":{"type":"Polygon","coordinates":[[[5.4455,50.4943],[5.4501,50.4969],[5.4494,50.501],[5.4521,50.5039],[5.4566,50.5064],[5.4596,50.5062],[5.4632,50.5076],[5.4636,50.5122],[5.4621,50.5152],[5.466,50.5167],[5.4703,50.5164],[5.4763,50.5204],[5.4769,50.5214],[5.4704,50.5244],[5.4648,50.5245],[5.4635,50.5287],[5.4579,50.5273],[5.4568,50.5262],[5.4487,50.5218],[5.4461,50.5255],[5.4462,50.5294],[5.4421,50.5325],[5.4392,50.5366],[5.4421,50.5382],[5.4402,50.5408],[5.4367,50.5351],[5.4294,50.5319],[5.4276,50.5351],[5.4284,50.5377],[5.4246,50.5392],[5.4233,50.5374],[5.4185,50.5404],[5.4209,50.5423],[5.4192,50.5439],[5.4075,50.5376],[5.4038,50.5376],[5.4017,50.54],[5.3966,50.5385],[5.3917,50.5387],[5.3895,50.5373],[5.3821,50.5356],[5.3796,50.5373],[5.3735,50.5398],[5.3706,50.5376],[5.3613,50.5342],[5.35,50.5371],[5.3486,50.5363],[5.3429,50.5356],[5.3394,50.5331],[5.3366,50.527],[5.3398,50.5248],[5.3415,50.5213],[5.3374,50.5193],[5.3353,50.5161],[5.3387,50.5147],[5.3385,50.5134],[5.3438,50.5139],[5.3487,50.5131],[5.3496,50.5108],[5.3544,50.5092],[5.3541,50.5053],[5.3508,50.5049],[5.3485,50.5034],[5.3426,50.5011],[5.3384,50.497],[5.3347,50.4946],[5.3414,50.4915],[5.3438,50.4888],[5.3577,50.4956],[5.3586,50.4998],[5.3657,50.5016],[5.3735,50.5027],[5.3879,50.5058],[5.3919,50.5053],[5.3951,50.5037],[5.3975,50.5006],[5.3972,50.4983],[5.4047,50.4932],[5.4086,50.4893],[5.4181,50.4978],[5.4207,50.4972],[5.4201,50.4944],[5.4262,50.4956],[5.4317,50.498],[5.4403,50.4952],[5.4438,50.4957],[5.4455,50.4943]]]},"properties":{"id":"61043","name":"Nandrin","subdivision":"Liège","cx":5.406,"cy":50.519}},
{"type":"Feature","geometry":{"type":"Polygon","coordinates":[[[4.0753,50.4648],[4.0799,50.4627],[4.0879,50.467],[4.0906,50.4661],[4.0925,50.4635],[4.0968,50.4662],[4.1022,50.4681],[4.1046,50.471],[4.1095,50.4743],[4.1092,50.4779],[4.1079,50.48],[4.11,50.4833],[4.1097,50.4897],[4.1104,50.4926],[4.1288,50.4966],[4.1331,50.497],[4.1332,50.4989],[4.1315,50.5005],[4.1355,50.5054],[4.1379,50.5067],[4.1385,50.5091],[4.1427,50.5101],[4.1465,50.5124],[4.1479,50.5109],[4.1507,50.5114],[4.1493,50.5161],[4.1539,50.517],[4.1573,50.5157],[4.1621,50.5156],[4.1668,50.5176],[4.1691,50.5161],[4.1779,50.5139],[4.1805,50.5156],[4.1864,50.5246],[4.1861,50.5249],[4.1822,50.527],[4.1765,50.5285],[4.1675,50.5373],[4.1634,50.5378],[4.1599,50.5409],[4.1576,50.5407],[4.1547,50.5425],[4.1491,50.544],[4.1489,50.5451],[4.141,50.5469],[4.135,50.5452],[4.1306,50.545],[4.1295,50.5414],[4.1272,50.5389],[4.1217,50.5369],[4.12,50.534],[4.1168,50.5318],[4.1128,50.5314],[4.1078,50.53],[4.1041,50.5305],[4.102,50.5319],[4.0983,50.5308],[4.0922,50.5299],[4.0865,50.5317],[4.0797,50.5313],[4.0744,50.5283],[4.0712,50.5255],[4.0728,50.5202],[4.0738,50.5134],[4.0733,50.5102],[4.0709,50.5067],[4.0644,50.5075],[4.0513,50.5068],[4.0468,50.5043],[4.0446,50.5047],[4.0415,50.5038],[4.0393,50.5005],[4.04,50.4978],[4.0435,50.4951],[4.0479,50.4863],[4.0538,50.483],[4.0568,50.4795],[4.0579,50.4758],[4.0604,50.4735],[4.0571,50.4711],[4.0725,50.4683],[4.0817,50.4672],[4.0814,50.4655],[4.0767,50.4668],[4.0753,50.4648]]]},"properties":{"id":"55035","name":"Le Roeulx","subdivision":"Hainaut","cx":4.099,"cy":50.51}},
{"type":"Feature","geometry":{"type":"Polygon","coordinates":[[[4.7329,50.4719],[4.7341,50.4682],[4.734,50.4659],[4.7388,50.4652],[4.7505,50.4647],[4.7622,50.4691],[4.7705,50.4697],[4.7769,50.4637],[4.7784,50.4611],[4.7903,50.4497],[4.7934,50.4487],[4.7904,50.4444],[4.7926,50.443],[4.7918,50.4407],[4.7881,50.4401],[4.7852,50.434],[4.7835,50.4279],[4.7855,50.4195],[4.7843,50.4162],[4.7877,50.4152],[4.7937,50.4143],[4.7955,50.4151],[4.8001,50.4139],[4.8055,50.4167],[4.8108,50.417],[4.814,50.4189],[4.8155,50.421],[4.8178,50.4205],[4.8194,50.4226],[4.8225,50.424],[4.8292,50.4109],[4.8381,50.408],[4.8395,50.4043],[4.8391,50.4018],[4.8463,50.3957],[4.8516,50.394],[4.8547,50.3904],[4.8602,50.3908],[4.8653,50.3897],[4.8804,50.3903],[4.8819,50.397],[4.8934,50.3971],[4.9019,50.3962],[4.9055,50.3951],[4.9031,50.3916],[4.9029,50.39],[4.9099,50.3882],[4.9111,50.3887],[4.9191,50.3878],[4.9212,50.3874],[4.9232,50.3893],[4.9241,50.3917],[4.9239,50.3958],[4.9352,50.3968],[4.9354,50.3981],[4.9395,50.4011],[4.9422,50.4045],[4.9429,50.4066],[4.9398,50.4067],[4.9397,50.4082],[4.9458,50.4116],[4.9433,50.4139],[4.9436,50.4171],[4.9555,50.4096],[4.9579,50.4119],[4.9619,50.4145],[4.9646,50.4144],[4.9705,50.416],[4.9755,50.4184],[4.9739,50.4207],[4.9686,50.4257],[4.9725,50.4275],[4.9763,50.4312],[4.9714,50.4352],[4.9673,50.4365],[4.9661,50.4378],[4.9613,50.4403],[4.9594,50.4421],[4.9671,50.4422],[4.9703,50.448],[4.9666,50.4516],[4.9619,50.4546],[4.964,50.457],[4.9656,50.4569],[4.9677,50.4599],[4.9681,50.4621],[4.9703,50.4637],[4.9664,50.4656],[4.9625,50.4707],[4.9668,50.4726],[4.9716,50.4768],[4.9747,50.4774],[4.9813,50.4834],[4.9832,50.4869],[4.9836,50.4894],[4.9812,50.4933],[4.9841,50.4963],[4.9822,50.498],[4.9826,50.4999],[4.9705,50.5039],[4.9651,50.507],[4.9696,50.5085],[4.9721,50.5104],[4.9736,50.5118],[4.9675,50.5166],[4.9642,50.5152],[4.9598,50.5168],[4.9601,50.5197],[4.9563,50.5186],[4.9549,50.5215],[4.953,50.5227],[4.9477,50.5216],[4.9443,50.5176],[4.9429,50.5168],[4.9432,50.5139],[4.9426,50.5108],[4.9404,50.5073],[4.9377,50.5048],[4.9353,50.5064],[4.9306,50.5061],[4.9264,50.5067],[4.9229,50.5094],[4.9197,50.511],[4.9262,50.5142],[4.9295,50.5144],[4.9324,50.5161],[4.926,50.5198],[4.9203,50.5191],[4.9171,50.5195],[4.9202,50.5222],[4.919,50.5259],[4.9109,50.53],[4.9081,50.5279],[4.9047,50.5312],[4.903,50.5296],[4.8959,50.5268],[4.8985,50.522],[4.8961,50.5206],[4.8915,50.5211],[4.8917,50.5247],[4.8886,50.5241],[4.8823,50.5213],[4.8779,50.5255],[4.8709,50.5262],[4.8673,50.5237],[4.8623,50.5233],[4.8593,50.5243],[4.8581,50.523],[4.8524,50.5216],[4.8564,50.5199],[4.8607,50.5153],[4.8532,50.5135],[4.8552,50.5087],[4.8483,50.5069],[4.8485,50.5054],[4.8349,50.5033],[4.8346,50.5014],[4.8385,50.4971],[4.8344,50.4958],[4.8305,50.4928],[4.8295,50.4904],[4.8258,50.4891],[4.8253,50.4871],[4.8173,50.4897],[4.8048,50.4976],[4.7999,50.4957],[4.7942,50.4946],[4.7859,50.4946],[4.7803,50.4955],[4.7762,50.4949],[4.7763,50.4966],[4.7733,50.4999],[4.7735,50.5019],[4.7679,50.5012],[4.767,50.5048],[4.7653,50.5048],[4.7644,50.5083],[4.7623,50.5075],[4.7581,50.5077],[4.7482,50.5067],[4.744,50.505],[4.7394,50.5015],[4.7336,50.4997],[4.7282,50.4966],[4.7247,50.4968],[4.7245,50.493],[4.7253,50.488],[4.723,50.4825],[4.7239,50.4785],[4.7261,50.4759],[4.7313,50.4736],[4.7329,50.4719]]]},"properties":{"id":"92094","name":"Namur","subdivision":"Namur","cx":4.875,"cy":50.456}},
{"type":"Feature","geometry":{"type":"Polygon","coordinates":[[[5.1,50.4473],[5.1188,50.4528],[5.1191,50.4545],[5.126,50.4576],[5.135,50.4608],[5.1449,50.4609],[5.1556,50.4655],[5.1639,50.4676],[5.1637,50.4703],[5.1582,50.4724],[5.1562,50.4741],[5.1568,50.4758],[5.1552,50.479],[5.1526,50.4793],[5.1497,50.4825],[5.1596,50.4872],[5.1573,50.4895],[5.148,50.4874],[5.1471,50.4864],[5.1426,50.4873],[5.1393,50.4867],[5.1378,50.4882],[5.1343,50.4889],[5.1327,50.4924],[5.1343,50.4964],[5.1323,50.4999],[5.1292,50.5028],[5.1402,50.5056],[5.1449,50.5087],[5.1424,50.5121],[5.12,50.5047],[5.1153,50.5038],[5.1129,50.5068],[5.1046,50.5075],[5.1012,50.5088],[5.1,50.5109],[5.0948,50.5151],[5.0977,50.5167],[5.0959,50.5186],[5.0979,50.52],[5.0939,50.5239],[5.0947,50.526],[5.0931,50.5294],[5.0343,50.5318],[5.0297,50.5292],[5.0278,50.527],[5.0272,50.5246],[5.0255,50.5233],[5.0282,50.5197],[5.0281,50.5182],[5.0244,50.5169],[5.0201,50.514],[5.0188,50.5143],[5.0147,50.5121],[5.0098,50.5111],[5.0056,50.5155],[5.0026,50.5147],[4.9995,50.5156],[4.9965,50.5144],[4.9952,50.5157],[4.9893,50.5149],[4.9847,50.5123],[4.9825,50.5122],[4.9787,50.5086],[4.9741,50.5079],[4.9721,50.5104],[4.9696,50.5085],[4.9651,50.507],[4.9705,50.5039],[4.9826,50.4999],[4.9822,50.498],[4.9841,50.4963],[4.9812,50.4933],[4.9836,50.4894],[4.9832,50.4869],[4.9813,50.4834],[4.9747,50.4774],[4.9716,50.4768],[4.9668,50.4726],[4.9625,50.4707],[4.9664,50.4656],[4.9703,50.4637],[4.9681,50.4621],[4.9677,50.4599],[4.9656,50.4569],[4.964,50.457],[4.9619,50.4546],[4.9666,50.4516],[4.967,50.4527],[4.9715,50.4544],[4.9782,50.4524],[4.9876,50.4519],[4.99,50.4527],[4.9913,50.4545],[4.9945,50.4552],[5.0014,50.4556],[5.0061,50.4524],[5.0095,50.4532],[5.014,50.4507],[5.0199,50.4528],[5.0239,50.4536],[5.0325,50.4572],[5.066,50.4578],[5.0703,50.4598],[5.0721,50.4625],[5.0772,50.4605],[5.081,50.4606],[5.0839,50.4577],[5.0867,50.4588],[5.0947,50.4506],[5.0992,50.4491],[5.1,50.4473]]]},"properties":{"id":"92003","name":"Andenne","subdivision":"Namur","cx":5.056,"cy":50.49}},
{"type":"Feature","geometry":{"type":"Polygon","coordinates":[[[5.243,50.4967],[5.2488,50.4976],[5.2637,50.5025],[5.2653,50.5005],[5.2705,50.5019],[5.2766,50.5003],[5.2793,50.5002],[5.2828,50.4986],[5.2841,50.5011],[5.2837,50.5032],[5.2874,50.5042],[5.292,50.5036],[5.299,50.5018],[5.3132,50.5058],[5.3108,50.5066],[5.3102,50.5099],[5.3124,50.5133],[5.315,50.5122],[5.3238,50.5169],[5.3169,50.5172],[5.3143,50.52],[5.3146,50.5214],[5.3105,50.524],[5.3068,50.5238],[5.3004,50.5287],[5.3019,50.5325],[5.2753,50.5369],[5.2641,50.5368],[5.2629,50.5383],[5.2577,50.5378],[5.2507,50.5355],[5.2494,50.5391],[5.2325,50.5356],[5.2292,50.5353],[5.2203,50.5322],[5.2167,50.5277],[5.2104,50.5279],[5.2043,50.5271],[5.1997,50.5258],[5.1956,50.5234],[5.1929,50.52],[5.1904,50.5181],[5.1775,50.516],[5.1666,50.5131],[5.153,50.5111],[5.1449,50.5087],[5.1402,50.5056],[5.1292,50.5028],[5.1323,50.4999],[5.1343,50.4964],[5.1327,50.4924],[5.1343,50.4889],[5.1378,50.4882],[5.1393,50.4867],[5.1426,50.4873],[5.1471,50.4864],[5.148,50.4874],[5.1573,50.4895],[5.1596,50.4872],[5.1497,50.4825],[5.1526,50.4793],[5.1552,50.479],[5.1568,50.4758],[5.1562,50.4741],[5.1582,50.4724],[5.1637,50.4703],[5.1639,50.4676],[5.1723,50.4694],[5.1788,50.4743],[5.18,50.476],[5.19,50.476],[5.192,50.4781],[5.1973,50.4789],[5.2012,50.4871],[5.2089,50.4937],[5.2127,50.4934],[5.2139,50.4958],[5.2125,50.4975],[5.2139,50.5008],[5.217,50.5033],[5.2216,50.5058],[5.2296,50.5078],[5.2346,50.5066],[5.2377,50.5044],[5.2424,50.4986],[5.243,50.4967]]]},"properties":{"id":"61031","name":"Huy","subdivision":"Liège","cx":5.187,"cy":50.499}},
{"type":"Feature","geometry":{"type":"Polygon","coordinates":[[[3.8319,50.4435],[3.8305,50.446],[3.8287,50.4537],[3.8309,50.4534],[3.8341,50.4549],[3.8376,50.4553],[3.8369,50.4575],[3.8386,50.4583],[3.8428,50.4584],[3.8465,50.4574],[3.8492,50.4577],[3.8508,50.4563],[3.8577,50.4558],[3.8593,50.4567],[3.8653,50.4549],[3.8706,50.4562],[3.8751,50.4627],[3.8745,50.4674],[3.8761,50.4701],[3.8748,50.4771],[3.8548,50.475],[3.8546,50.4791],[3.8577,50.4809],[3.8663,50.4969],[3.8795,50.5038],[3.8743,50.5053],[3.869,50.5056],[3.866,50.5021],[3.8616,50.5018],[3.8541,50.5046],[3.8519,50.5064],[3.846,50.5084],[3.8347,50.5093],[3.8304,50.51],[3.8262,50.5115],[3.8243,50.5132],[3.825,50.515],[3.8234,50.5166],[3.8246,50.5193],[3.8207,50.5209],[3.8191,50.5229],[3.8138,50.5266],[3.8018,50.5303],[3.8001,50.5351],[3.8059,50.5373],[3.8073,50.5399],[3.7987,50.5406],[3.7981,50.5397],[3.7934,50.5398],[3.7867,50.5374],[3.7827,50.538],[3.7799,50.5373],[3.7784,50.5358],[3.7743,50.5336],[3.7726,50.5265],[3.7602,50.5288],[3.7552,50.5312],[3.7533,50.5293],[3.7484,50.5279],[3.7452,50.5248],[3.7429,50.5256],[3.7411,50.5213],[3.7436,50.52],[3.7439,50.517],[3.7385,50.5158],[3.7378,50.5144],[3.7397,50.5121],[3.7419,50.5123],[3.7452,50.511],[3.7455,50.5023],[3.7402,50.498],[3.7365,50.4962],[3.7483,50.4862],[3.749,50.4834],[3.7511,50.4797],[3.7538,50.4764],[3.7511,50.472],[3.7534,50.4707],[3.7511,50.4692],[3.7497,50.4659],[3.7472,50.4623],[3.7463,50.4578],[3.7473,50.4568],[3.7433,50.4544],[3.746,50.453],[3.7471,50.4504],[3.7497,50.4487],[3.7521,50.4459],[3.758,50.4445],[3.7607,50.4454],[3.7652,50.4443],[3.7675,50.4457],[3.7675,50.4478],[3.7693,50.4517],[3.8035,50.4523],[3.7937,50.4444],[3.8052,50.4437],[3.8079,50.4445],[3.8129,50.4382],[3.8211,50.4401],[3.8232,50.4418],[3.8295,50.442],[3.8319,50.4435]]]},"properties":{"id":"53070","name":"Saint-Ghislain","subdivision":"Hainaut","cx":3.799,"cy":50.488}},
{"type":"Feature","geometry":{"type":"Polygon","coordinates":[[[4.5171,50.4432],[4.5229,50.4455],[4.5285,50.4507],[4.5397,50.4507],[4.5457,50.4472],[4.549,50.446],[4.5556,50.4485],[4.5571,50.4497],[4.5627,50.4463],[4.5619,50.4442],[4.5728,50.4418],[4.5779,50.4416],[4.5817,50.4422],[4.5815,50.4447],[4.5841,50.4458],[4.5792,50.4505],[4.5732,50.4537],[4.5824,50.4547],[4.5849,50.4544],[4.5888,50.4575],[4.5879,50.4595],[4.5901,50.4639],[4.5948,50.4674],[4.5967,50.4698],[4.5977,50.4726],[4.5998,50.4743],[4.6007,50.4767],[4.5925,50.484],[4.5917,50.4859],[4.5888,50.4882],[4.5902,50.4908],[4.5864,50.4937],[4.5949,50.498],[4.5939,50.4993],[4.588,50.4977],[4.5855,50.4957],[4.579,50.4996],[4.5621,50.4894],[4.5597,50.4932],[4.5639,50.4977],[4.5595,50.4996],[4.5593,50.5037],[4.5572,50.5057],[4.5625,50.5082],[4.5613,50.5093],[4.5618,50.5117],[4.5656,50.5136],[4.5662,50.5156],[4.5643,50.5177],[4.5687,50.5204],[4.5728,50.5206],[4.576,50.5232],[4.5757,50.5263],[4.5805,50.5302],[4.5805,50.5345],[4.5775,50.5423],[4.5351,50.5313],[4.5305,50.5309],[4.5263,50.5288],[4.5127,50.5254],[4.5109,50.5275],[4.5075,50.5271],[4.5056,50.5293],[4.5026,50.5282],[4.5027,50.5265],[4.4975,50.5256],[4.4961,50.5211],[4.4865,50.5185],[4.4898,50.5152],[4.4937,50.5177],[4.5052,50.5074],[4.5101,50.502],[4.5131,50.4994],[4.5097,50.496],[4.5055,50.4933],[4.5041,50.4913],[4.5003,50.4935],[4.4963,50.4904],[4.4934,50.4923],[4.4901,50.4915],[4.4889,50.4959],[4.4858,50.495],[4.4843,50.4923],[4.4821,50.4902],[4.4819,50.4875],[4.4783,50.4831],[4.4817,50.4809],[4.4817,50.479],[4.4861,50.4772],[4.4848,50.4759],[4.4791,50.4735],[4.4847,50.4697],[4.4874,50.4652],[4.49,50.4658],[4.492,50.4643],[4.4936,50.4614],[4.4977,50.4616],[4.5008,50.4606],[4.4994,50.4547],[4.501,50.4507],[4.4987,50.4494],[4.4963,50.4466],[4.4982,50.4414],[4.5022,50.4381],[4.5071,50.4396],[4.5113,50.4418],[4.5171,50.4432]]]},"properties":{"id":"52021","name":"Fleurus","subdivision":"Hainaut","cx":4.535,"cy":50.485}},
{"type":"Feature","geometry":{"type":"Polygon","coordinates":[[[3.9752,50.5138],[3.9762,50.5168],[3.9807,50.5165],[3.9861,50.5173],[3.9857,50.5199],[3.9894,50.5216],[3.9943,50.5228],[3.9956,50.5252],[3.9895,50.527],[3.9885,50.5292],[3.9922,50.5324],[3.991,50.5373],[3.9878,50.5387],[3.983,50.5426],[3.9871,50.5446],[3.985,50.5475],[3.9808,50.55],[3.9754,50.5473],[3.9581,50.5498],[3.9557,50.5496],[3.9547,50.5473],[3.9579,50.5427],[3.9566,50.5407],[3.953,50.5401],[3.9449,50.5439],[3.9419,50.5421],[3.9273,50.5519],[3.9182,50.5468],[3.9192,50.5461],[3.9139,50.5435],[3.9092,50.5423],[3.902,50.5421],[3.9017,50.5412],[3.8959,50.5413],[3.8927,50.5386],[3.8909,50.5391],[3.8905,50.5412],[3.8815,50.5411],[3.8739,50.5439],[3.8711,50.5437],[3.8694,50.5455],[3.8648,50.5438],[3.8622,50.547],[3.859,50.5453],[3.8569,50.5474],[3.8545,50.5511],[3.846,50.5553],[3.846,50.5534],[3.8433,50.5495],[3.8401,50.55],[3.8351,50.5473],[3.8297,50.5486],[3.827,50.5503],[3.8232,50.5516],[3.8203,50.5518],[3.8177,50.5469],[3.8073,50.5399],[3.8059,50.5373],[3.8001,50.5351],[3.8018,50.5303],[3.8138,50.5266],[3.8191,50.5229],[3.8207,50.5209],[3.8246,50.5193],[3.8234,50.5166],[3.825,50.515],[3.8243,50.5132],[3.8262,50.5115],[3.8304,50.51],[3.8347,50.5093],[3.846,50.5084],[3.8519,50.5064],[3.8541,50.5046],[3.8616,50.5018],[3.866,50.5021],[3.869,50.5056],[3.8743,50.5053],[3.8795,50.5038],[3.8998,50.4994],[3.9086,50.4996],[3.9124,50.5003],[3.9311,50.5007],[3.933,50.5013],[3.9406,50.4917],[3.9452,50.4887],[3.9502,50.4892],[3.9553,50.4959],[3.9534,50.5004],[3.9573,50.5086],[3.9671,50.5081],[3.9742,50.5114],[3.9752,50.5138]]]},"properties":{"id":"53044","name":"Jurbise","subdivision":"Hainaut","cx":3.905,"cy":50.521}},
{"type":"Feature","geometry":{"type":"Polygon","coordinates":[[[5.6311,50.4871],[5.6334,50.486],[5.6363,50.482],[5.6445,50.482],[5.6527,50.4848],[5.6493,50.4806],[5.6594,50.4797],[5.6618,50.4774],[5.6701,50.4765],[5.6698,50.4786],[5.6721,50.4801],[5.6751,50.4805],[5.679,50.4829],[5.6829,50.4865],[5.6873,50.4859],[5.6918,50.4859],[5.6959,50.49],[5.7021,50.4942],[5.7093,50.4972],[5.7095,50.4988],[5.7136,50.499],[5.7178,50.5037],[5.7195,50.5082],[5.7232,50.5138],[5.724,50.5162],[5.7267,50.518],[5.7308,50.5194],[5.7318,50.5179],[5.7358,50.5175],[5.7376,50.5155],[5.7487,50.5185],[5.7555,50.5192],[5.7631,50.5215],[5.7524,50.539],[5.7552,50.5468],[5.7513,50.5474],[5.7474,50.5491],[5.7411,50.5501],[5.7369,50.5516],[5.7334,50.5511],[5.7295,50.5521],[5.7261,50.5519],[5.7189,50.5545],[5.7129,50.5524],[5.708,50.553],[5.7066,50.5554],[5.7046,50.5559],[5.6889,50.5503],[5.6839,50.5503],[5.6813,50.5509],[5.6747,50.5507],[5.6617,50.5509],[5.6589,50.5496],[5.6568,50.5513],[5.6536,50.5523],[5.6456,50.5515],[5.6303,50.5516],[5.6201,50.5524],[5.6151,50.551],[5.6088,50.5481],[5.6058,50.5481],[5.6012,50.5464],[5.6017,50.5437],[5.6002,50.5419],[5.5973,50.5341],[5.5987,50.5304],[5.6019,50.5268],[5.6056,50.5258],[5.608,50.5215],[5.6013,50.5191],[5.5959,50.5158],[5.5913,50.5142],[5.5912,50.5111],[5.5955,50.5054],[5.5958,50.5011],[5.594,50.4984],[5.5874,50.4932],[5.5836,50.4877],[5.5833,50.4853],[5.5861,50.4829],[5.5895,50.4819],[5.596,50.4811],[5.6026,50.4826],[5.6077,50.4813],[5.6112,50.4776],[5.6164,50.4769],[5.6181,50.4772],[5.62,50.4811],[5.6202,50.4836],[5.6226,50.4874],[5.6272,50.4886],[5.6311,50.4871]]]},"properties":{"id":"62100","name":"Sprimont","subdivision":"Liège","cx":5.666,"cy":50.519}},
{"type":"Feature","geometry":{"type":"Polygon","coordinates":[[[4.4561,50.4918],[4.4554,50.4937],[4.4512,50.4961],[4.4488,50.4997],[4.4457,50.4993],[4.4444,50.5044],[4.4478,50.5038],[4.4519,50.5061],[4.4509,50.5074],[4.4527,50.5107],[4.4484,50.5136],[4.4331,50.5197],[4.423,50.5255],[4.4168,50.5321],[4.4152,50.5328],[4.4096,50.5324],[4.4076,50.5302],[4.4044,50.5287],[4.4057,50.5267],[4.405,50.5249],[4.4012,50.5234],[4.3969,50.5261],[4.3946,50.525],[4.3879,50.5304],[4.3828,50.5382],[4.3875,50.5392],[4.3855,50.5411],[4.3874,50.5424],[4.3857,50.5454],[4.3822,50.5495],[4.3807,50.5523],[4.3729,50.5554],[4.3739,50.5574],[4.3767,50.5592],[4.3728,50.5612],[4.3705,50.5598],[4.3682,50.5619],[4.3648,50.5604],[4.3588,50.5629],[4.3564,50.5616],[4.3588,50.5581],[4.3575,50.5562],[4.3519,50.5568],[4.3478,50.5543],[4.3424,50.5527],[4.3452,50.5502],[4.3448,50.5485],[4.3417,50.5472],[4.3384,50.5438],[4.3318,50.5433],[4.3309,50.5456],[4.3283,50.5457],[4.3253,50.5492],[4.323,50.5478],[4.3189,50.5504],[4.3152,50.5486],[4.309,50.5477],[4.3099,50.5435],[4.308,50.5415],[4.3074,50.5381],[4.3093,50.5379],[4.3137,50.5336],[4.3227,50.5297],[4.3199,50.5274],[4.3134,50.5246],[4.3103,50.5239],[4.3136,50.5213],[4.3196,50.5189],[4.3176,50.5152],[4.3224,50.5157],[4.3243,50.5107],[4.329,50.5073],[4.3364,50.505],[4.3591,50.49],[4.3607,50.4884],[4.3631,50.4837],[4.3666,50.484],[4.3722,50.4834],[4.3771,50.4821],[4.3867,50.4868],[4.3866,50.4838],[4.3884,50.4814],[4.3892,50.4786],[4.3917,50.4775],[4.397,50.478],[4.4,50.4738],[4.4004,50.4704],[4.4064,50.4693],[4.4088,50.4679],[4.414,50.4695],[4.4172,50.4714],[4.4217,50.4753],[4.4264,50.4762],[4.4281,50.4788],[4.4354,50.4793],[4.4486,50.4865],[4.4503,50.4883],[4.4561,50.4918]]]},"properties":{"id":"52055","name":"Pont-à-Celles","subdivision":"Hainaut","cx":4.369,"cy":50.514}},
{"type":"Feature","geometry":{"type":"Polygon","coordinates":[[[4.4848,50.4759],[4.4861,50.4772],[4.4817,50.479],[4.4817,50.4809],[4.4783,50.4831],[4.4819,50.4875],[4.4821,50.4902],[4.4843,50.4923],[4.4858,50.495],[4.4889,50.4959],[4.4901,50.4915],[4.4934,50.4923],[4.4963,50.4904],[4.5003,50.4935],[4.5041,50.4913],[4.5055,50.4933],[4.5097,50.496],[4.5131,50.4994],[4.5101,50.502],[4.5052,50.5074],[4.4937,50.5177],[4.4898,50.5152],[4.4865,50.5185],[4.4961,50.5211],[4.4975,50.5256],[4.5027,50.5265],[4.5026,50.5282],[4.504,50.5309],[4.503,50.535],[4.5035,50.5397],[4.4945,50.5371],[4.4906,50.5381],[4.4871,50.5346],[4.4841,50.5337],[4.4759,50.5366],[4.4748,50.535],[4.4723,50.5348],[4.4724,50.5316],[4.4689,50.5309],[4.4696,50.5288],[4.4675,50.5278],[4.4636,50.5333],[4.468,50.5377],[4.4662,50.5397],[4.4671,50.5443],[4.4658,50.5465],[4.4736,50.55],[4.4782,50.5512],[4.475,50.5551],[4.472,50.5538],[4.4696,50.5589],[4.4645,50.5582],[4.4576,50.5561],[4.4497,50.5544],[4.4473,50.5575],[4.4441,50.5599],[4.4408,50.5604],[4.4309,50.5598],[4.4219,50.5584],[4.4172,50.5646],[4.4113,50.5647],[4.4,50.5624],[4.3987,50.5635],[4.3956,50.5629],[4.3887,50.5635],[4.3839,50.5633],[4.3825,50.564],[4.3795,50.561],[4.3767,50.5592],[4.3739,50.5574],[4.3729,50.5554],[4.3807,50.5523],[4.3822,50.5495],[4.3857,50.5454],[4.3874,50.5424],[4.3855,50.5411],[4.3875,50.5392],[4.3828,50.5382],[4.3879,50.5304],[4.3946,50.525],[4.3969,50.5261],[4.4012,50.5234],[4.405,50.5249],[4.4057,50.5267],[4.4044,50.5287],[4.4076,50.5302],[4.4096,50.5324],[4.4152,50.5328],[4.4168,50.5321],[4.423,50.5255],[4.4331,50.5197],[4.4484,50.5136],[4.4527,50.5107],[4.4509,50.5074],[4.4519,50.5061],[4.4478,50.5038],[4.4444,50.5044],[4.4457,50.4993],[4.4488,50.4997],[4.4512,50.4961],[4.4554,50.4937],[4.4561,50.4918],[4.4581,50.4923],[4.4606,50.4901],[4.4557,50.487],[4.4573,50.4855],[4.4585,50.4812],[4.4777,50.477],[4.4848,50.4759]]]},"properties":{"id":"52075","name":"Les Bons Villers","subdivision":"Hainaut","cx":4.446,"cy":50.533}},
{"type":"Feature","geometry":{"type":"Polygon","coordinates":[[[3.4704,50.5326],[3.4605,50.5309],[3.4577,50.5339],[3.4543,50.5396],[3.449,50.5395],[3.4478,50.5363],[3.4512,50.5356],[3.4453,50.5331],[3.4444,50.5322],[3.4403,50.5338],[3.4389,50.5376],[3.4373,50.538],[3.4375,50.541],[3.4364,50.5433],[3.4383,50.5451],[3.4378,50.5469],[3.4279,50.548],[3.4259,50.5487],[3.4209,50.5528],[3.4165,50.5592],[3.4136,50.5614],[3.4116,50.5642],[3.4081,50.5635],[3.4057,50.563],[3.4045,50.5674],[3.3989,50.5674],[3.3974,50.5647],[3.3929,50.5659],[3.3916,50.5621],[3.387,50.5637],[3.3859,50.5622],[3.3879,50.5608],[3.3867,50.5581],[3.3836,50.5562],[3.3786,50.5587],[3.3711,50.5563],[3.3742,50.5545],[3.3704,50.5523],[3.367,50.5533],[3.365,50.5555],[3.3612,50.5554],[3.3608,50.5526],[3.3579,50.5517],[3.3569,50.5502],[3.3571,50.5472],[3.3543,50.5414],[3.352,50.5415],[3.351,50.5372],[3.3457,50.5323],[3.3459,50.5305],[3.3498,50.531],[3.3424,50.5214],[3.3245,50.5268],[3.3213,50.5239],[3.3287,50.5187],[3.3294,50.5149],[3.3277,50.5126],[3.3271,50.5094],[3.3288,50.5081],[3.3347,50.5079],[3.3371,50.5085],[3.3619,50.5035],[3.365,50.4999],[3.369,50.4976],[3.3699,50.4943],[3.3747,50.4916],[3.3772,50.491],[3.3802,50.4926],[3.3865,50.4944],[3.3917,50.4984],[3.396,50.4964],[3.3974,50.4982],[3.4082,50.499],[3.4089,50.5005],[3.416,50.5029],[3.4184,50.5025],[3.4292,50.5047],[3.4349,50.5095],[3.4382,50.5102],[3.4394,50.5072],[3.4471,50.506],[3.45,50.5072],[3.4515,50.5097],[3.4508,50.5112],[3.4542,50.5156],[3.4539,50.519],[3.4577,50.5223],[3.4624,50.5243],[3.467,50.5276],[3.4679,50.5293],[3.4707,50.5311],[3.4704,50.5326]]]},"properties":{"id":"57093","name":"Brunehaut","subdivision":"Hainaut","cx":3.395,"cy":50.527}},
{"type":"Feature","geometry":{"type":"Polygon","coordinates":[[[5.8792,50.5102],[5.8819,50.5161],[5.8813,50.5292],[5.8824,50.5301],[5.8781,50.5351],[5.8792,50.5366],[5.8866,50.5409],[5.8907,50.5418],[5.8961,50.5419],[5.9007,50.5408],[5.9034,50.5419],[5.9113,50.5414],[5.9109,50.5458],[5.9115,50.5477],[5.9181,50.5508],[5.9204,50.5527],[5.9211,50.555],[5.9189,50.5561],[5.9143,50.5631],[5.9095,50.5676],[5.9059,50.5664],[5.9023,50.567],[5.9004,50.5643],[5.8981,50.5626],[5.8974,50.5608],[5.8903,50.5559],[5.8855,50.5553],[5.8776,50.5557],[5.8686,50.5539],[5.8611,50.5511],[5.8467,50.5492],[5.8615,50.5578],[5.8646,50.5621],[5.8556,50.5612],[5.8529,50.5589],[5.8445,50.5586],[5.841,50.5573],[5.8389,50.5554],[5.8338,50.555],[5.8318,50.5537],[5.8291,50.5544],[5.8219,50.5546],[5.823,50.5519],[5.8175,50.5511],[5.8156,50.5517],[5.8123,50.5509],[5.8047,50.5536],[5.8003,50.5488],[5.7936,50.5495],[5.7903,50.554],[5.7832,50.5514],[5.78,50.5478],[5.7716,50.544],[5.7602,50.5396],[5.7524,50.539],[5.7631,50.5215],[5.7659,50.5169],[5.7588,50.4905],[5.7503,50.4917],[5.7476,50.4949],[5.7413,50.495],[5.7412,50.4927],[5.7503,50.483],[5.793,50.4353],[5.8092,50.4354],[5.8186,50.4337],[5.8159,50.4422],[5.8153,50.4464],[5.8198,50.456],[5.82,50.4596],[5.8222,50.4643],[5.8218,50.4657],[5.819,50.4664],[5.8174,50.4683],[5.8188,50.4756],[5.8203,50.4785],[5.827,50.4818],[5.8295,50.4837],[5.8287,50.4883],[5.8311,50.4904],[5.8406,50.4912],[5.8439,50.4931],[5.8492,50.4944],[5.8572,50.4977],[5.8664,50.4985],[5.8678,50.5004],[5.8675,50.5031],[5.8635,50.5048],[5.8654,50.507],[5.8643,50.5085],[5.8678,50.5103],[5.872,50.5113],[5.8792,50.5102]]]},"properties":{"id":"63076","name":"Theux","subdivision":"Liège","cx":5.813,"cy":50.517}},
{"type":"Feature","geometry":{"type":"Polygon","coordinates":[[[4.6433,50.5127],[4.6373,50.5221],[4.6341,50.5285],[4.64,50.5351],[4.641,50.5376],[4.645,50.5408],[4.6383,50.5435],[4.6353,50.5455],[4.6301,50.547],[4.6264,50.5517],[4.6252,50.555],[4.6322,50.5569],[4.6305,50.5595],[4.6272,50.5602],[4.6277,50.5645],[4.6266,50.5646],[4.622,50.5617],[4.6194,50.5635],[4.6206,50.5672],[4.6179,50.5697],[4.6111,50.5675],[4.6097,50.5694],[4.604,50.569],[4.5989,50.5667],[4.5973,50.5673],[4.5882,50.5627],[4.5808,50.562],[4.575,50.5608],[4.5743,50.5559],[4.5763,50.5507],[4.5775,50.5423],[4.5805,50.5345],[4.5805,50.5302],[4.5757,50.5263],[4.576,50.5232],[4.5728,50.5206],[4.5687,50.5204],[4.5643,50.5177],[4.5662,50.5156],[4.5656,50.5136],[4.5618,50.5117],[4.5613,50.5093],[4.5625,50.5082],[4.5572,50.5057],[4.5593,50.5037],[4.5595,50.4996],[4.5639,50.4977],[4.5597,50.4932],[4.5621,50.4894],[4.579,50.4996],[4.5855,50.4957],[4.588,50.4977],[4.5939,50.4993],[4.5949,50.498],[4.5864,50.4937],[4.5902,50.4908],[4.5888,50.4882],[4.5917,50.4859],[4.5925,50.484],[4.6167,50.4909],[4.6255,50.4926],[4.6227,50.495],[4.6208,50.4999],[4.6235,50.5052],[4.6277,50.5068],[4.6314,50.507],[4.6362,50.5087],[4.6443,50.5108],[4.6433,50.5127]]]},"properties":{"id":"92114","name":"Sombreffe","subdivision":"Namur","cx":4.604,"cy":50.526}},
{"type":"Feature","geometry":{"type":"Polygon","coordinates":[[[6.1819,50.4048],[6.1824,50.4089],[6.1783,50.4134],[6.1786,50.4174],[6.1762,50.4181],[6.1709,50.4171],[6.1658,50.4196],[6.1627,50.4221],[6.1587,50.4224],[6.1506,50.4251],[6.1519,50.4285],[6.1498,50.434],[6.1482,50.4345],[6.1543,50.4378],[6.1568,50.4417],[6.1529,50.4432],[6.1539,50.4445],[6.1529,50.4494],[6.1533,50.4503],[6.1529,50.4584],[6.1532,50.4623],[6.1525,50.4652],[6.1479,50.4728],[6.1459,50.4821],[6.1466,50.4884],[6.1446,50.4928],[6.1389,50.493],[6.1353,50.4944],[6.1315,50.4978],[6.1331,50.4996],[6.1333,50.5029],[6.1395,50.5084],[6.1446,50.5093],[6.1462,50.5107],[6.1503,50.5119],[6.153,50.5142],[6.1581,50.5145],[6.1651,50.516],[6.1718,50.5161],[6.1845,50.5196],[6.19,50.5202],[6.1922,50.5211],[6.1897,50.5247],[6.1873,50.5271],[6.1921,50.5309],[6.1962,50.531],[6.1973,50.5361],[6.1957,50.5362],[6.1898,50.539],[6.1886,50.5403],[6.1843,50.5416],[6.1805,50.541],[6.178,50.5416],[6.1784,50.554],[6.1744,50.5575],[6.1817,50.5608],[6.1893,50.5661],[6.1658,50.5705],[6.1649,50.5574],[6.1605,50.5551],[6.1584,50.553],[6.1503,50.5505],[6.1485,50.5492],[6.1443,50.5483],[6.1391,50.549],[6.1376,50.5481],[6.1398,50.5469],[6.1398,50.5449],[6.1377,50.5418],[6.1388,50.5404],[6.1337,50.5384],[6.1301,50.5365],[6.1276,50.5324],[6.1269,50.5298],[6.1239,50.5281],[6.1159,50.526],[6.1103,50.5231],[6.1035,50.5209],[6.1006,50.5207],[6.0905,50.5229],[6.0873,50.5218],[6.0849,50.5225],[6.078,50.5218],[6.073,50.5195],[6.0629,50.5188],[6.0666,50.5128],[6.0824,50.4996],[6.0883,50.4939],[6.0907,50.4869],[6.0946,50.4788],[6.0983,50.4758],[6.0959,50.4718],[6.096,50.4696],[6.0925,50.4692],[6.091,50.4661],[6.0883,50.4639],[6.088,50.4615],[6.0895,50.455],[6.0905,50.4538],[6.09,50.4503],[6.0862,50.4483],[6.083,50.4485],[6.0799,50.4499],[6.0754,50.449],[6.0727,50.4453],[6.0688,50.4444],[6.0715,50.4414],[6.0741,50.4411],[6.0818,50.4385],[6.0869,50.4378],[6.0881,50.4385],[6.0922,50.437],[6.0863,50.4324],[6.0776,50.4298],[6.0745,50.428],[6.0683,50.4261],[6.0744,50.425],[6.0789,50.4229],[6.0802,50.4197],[6.0787,50.4175],[6.0771,50.4119],[6.0746,50.4098],[6.0766,50.4073],[6.0732,50.4034],[6.0741,50.402],[6.0718,50.4001],[6.0725,50.3982],[6.0708,50.3958],[6.0688,50.3947],[6.0715,50.3926],[6.0768,50.3914],[6.0739,50.3872],[6.0704,50.3839],[6.0726,50.382],[6.0744,50.3824],[6.0794,50.3774],[6.0839,50.376],[6.0865,50.3744],[6.0908,50.3743],[6.096,50.3769],[6.0977,50.3786],[6.1032,50.3798],[6.1055,50.3793],[6.1079,50.3808],[6.1108,50.381],[6.1136,50.3798],[6.1164,50.3792],[6.1177,50.3763],[6.124,50.3789],[6.125,50.3814],[6.123,50.3846],[6.1284,50.3856],[6.1312,50.3876],[6.1376,50.3888],[6.1449,50.3922],[6.1479,50.3919],[6.1531,50.3926],[6.1566,50.3951],[6.1606,50.3988],[6.1637,50.3995],[6.1679,50.3993],[6.1669,50.4012],[6.1703,50.4022],[6.1716,50.4046],[6.1743,50.4044],[6.1768,50.4031],[6.1819,50.4048]]]},"properties":{"id":"63080","name":"Waimes","subdivision":"Liège","cx":6.123,"cy":50.457}},
{"type":"Feature","geometry":{"type":"Polygon","coordinates":[[[5.5014,50.5225],[5.5052,50.5238],[5.5078,50.5231],[5.5104,50.5245],[5.5132,50.5238],[5.5198,50.5268],[5.5323,50.5273],[5.5372,50.5288],[5.5385,50.531],[5.5421,50.5319],[5.5429,50.5302],[5.5526,50.5327],[5.5547,50.5339],[5.5539,50.536],[5.551,50.5396],[5.5494,50.5436],[5.5464,50.5465],[5.5468,50.5484],[5.549,50.5503],[5.5545,50.5508],[5.5539,50.5531],[5.545,50.5515],[5.5426,50.5537],[5.5465,50.5573],[5.5476,50.5595],[5.5471,50.5613],[5.5092,50.5516],[5.5023,50.5494],[5.4996,50.5478],[5.4974,50.5497],[5.4966,50.552],[5.4975,50.557],[5.4987,50.5585],[5.4981,50.564],[5.4947,50.5662],[5.4925,50.5686],[5.4835,50.5718],[5.4831,50.5705],[5.48,50.5703],[5.4779,50.5688],[5.4747,50.5689],[5.4721,50.568],[5.4665,50.5678],[5.4622,50.5654],[5.4611,50.5608],[5.4617,50.5586],[5.4599,50.5571],[5.4532,50.5579],[5.4476,50.5613],[5.4441,50.561],[5.4417,50.5625],[5.4377,50.5627],[5.4317,50.5652],[5.4288,50.5645],[5.425,50.5639],[5.425,50.5606],[5.4226,50.5565],[5.4247,50.5525],[5.4275,50.552],[5.4321,50.55],[5.4402,50.5408],[5.4421,50.5382],[5.4392,50.5366],[5.4421,50.5325],[5.4462,50.5294],[5.4461,50.5255],[5.4487,50.5218],[5.4568,50.5262],[5.4579,50.5273],[5.4635,50.5287],[5.4648,50.5245],[5.4704,50.5244],[5.4769,50.5214],[5.4815,50.5202],[5.4874,50.5224],[5.4906,50.5218],[5.4945,50.5229],[5.5014,50.5225]]]},"properties":{"id":"62121","name":"Neupré","subdivision":"Liège","cx":5.481,"cy":50.54}},
{"type":"Feature","geometry":{"type":"Polygon","coordinates":[[[3.3612,50.5554],[3.3625,50.5569],[3.3627,50.5606],[3.3645,50.5635],[3.3611,50.5641],[3.3619,50.5659],[3.3589,50.5668],[3.3578,50.564],[3.3519,50.5635],[3.3507,50.5647],[3.3471,50.5623],[3.3452,50.564],[3.3419,50.5631],[3.3365,50.5646],[3.3335,50.563],[3.3313,50.5657],[3.3253,50.5661],[3.323,50.569],[3.3253,50.5709],[3.3216,50.5724],[3.3177,50.5721],[3.312,50.5707],[3.3122,50.5671],[3.3101,50.5672],[3.3083,50.5641],[3.3043,50.5646],[3.3001,50.5636],[3.2961,50.56],[3.2949,50.5571],[3.2888,50.5548],[3.2849,50.5582],[3.2813,50.5553],[3.2827,50.5518],[3.2787,50.5514],[3.2815,50.5437],[3.2791,50.5381],[3.2847,50.5348],[3.2852,50.5322],[3.287,50.5311],[3.2865,50.5276],[3.2927,50.5238],[3.2946,50.524],[3.3053,50.52],[3.3124,50.5187],[3.3201,50.5188],[3.3248,50.5131],[3.3277,50.5126],[3.3294,50.5149],[3.3287,50.5187],[3.3213,50.5239],[3.3245,50.5268],[3.3424,50.5214],[3.3498,50.531],[3.3459,50.5305],[3.3457,50.5323],[3.351,50.5372],[3.352,50.5415],[3.3543,50.5414],[3.3571,50.5472],[3.3569,50.5502],[3.3579,50.5517],[3.3608,50.5526],[3.3612,50.5554]]]},"properties":{"id":"57072","name":"Rumes","subdivision":"Hainaut","cx":3.319,"cy":50.545}},
{"type":"Feature","geometry":{"type":"Polygon","coordinates":[[[4.8959,50.5268],[4.8945,50.5288],[4.8882,50.5349],[4.8873,50.5332],[4.8841,50.5308],[4.8761,50.5337],[4.8726,50.5346],[4.8756,50.539],[4.8728,50.5417],[4.8758,50.5428],[4.8747,50.5446],[4.8723,50.5457],[4.8668,50.5453],[4.8648,50.5466],[4.8609,50.544],[4.858,50.5465],[4.8506,50.5486],[4.8385,50.554],[4.8383,50.5516],[4.8359,50.5466],[4.833,50.5453],[4.8331,50.5544],[4.8277,50.5591],[4.8182,50.5539],[4.8085,50.5636],[4.8024,50.5678],[4.8045,50.5691],[4.7971,50.5733],[4.791,50.5721],[4.7895,50.5719],[4.7833,50.5678],[4.7778,50.5632],[4.7755,50.562],[4.7669,50.5597],[4.7646,50.5602],[4.7623,50.5585],[4.7632,50.5564],[4.7568,50.5585],[4.7551,50.5611],[4.753,50.5601],[4.7566,50.5569],[4.7538,50.5555],[4.7541,50.5536],[4.7518,50.5509],[4.754,50.5493],[4.7446,50.544],[4.7499,50.5416],[4.7539,50.5372],[4.7541,50.5339],[4.7559,50.5324],[4.7596,50.5319],[4.7616,50.5307],[4.7613,50.5285],[4.7554,50.5265],[4.7615,50.5229],[4.7638,50.5208],[4.7674,50.5191],[4.7603,50.5141],[4.7551,50.5117],[4.7581,50.5077],[4.7623,50.5075],[4.7644,50.5083],[4.7653,50.5048],[4.767,50.5048],[4.7679,50.5012],[4.7735,50.5019],[4.7733,50.4999],[4.7763,50.4966],[4.7762,50.4949],[4.7803,50.4955],[4.7859,50.4946],[4.7942,50.4946],[4.7999,50.4957],[4.8048,50.4976],[4.8173,50.4897],[4.8253,50.4871],[4.8258,50.4891],[4.8295,50.4904],[4.8305,50.4928],[4.8344,50.4958],[4.8385,50.4971],[4.8346,50.5014],[4.8349,50.5033],[4.8485,50.5054],[4.8483,50.5069],[4.8552,50.5087],[4.8532,50.5135],[4.8607,50.5153],[4.8564,50.5199],[4.8524,50.5216],[4.8581,50.523],[4.8593,50.5243],[4.8623,50.5233],[4.8673,50.5237],[4.8709,50.5262],[4.8779,50.5255],[4.8823,50.5213],[4.8886,50.5241],[4.8917,50.5247],[4.8915,50.5211],[4.8961,50.5206],[4.8985,50.522],[4.8959,50.5268]]]},"properties":{"id":"92141","name":"La Bruyère","subdivision":"Namur","cx":4.809,"cy":50.527}},
{"type":"Feature","geometry":{"type":"Polygon","coordinates":[[[5.1424,50.5121],[5.1392,50.514],[5.1393,50.5154],[5.143,50.5158],[5.1542,50.5212],[5.1561,50.5243],[5.1613,50.528],[5.1681,50.531],[5.1671,50.5325],[5.1682,50.5342],[5.1724,50.5355],[5.1716,50.5367],[5.1649,50.5398],[5.1522,50.5414],[5.1509,50.5402],[5.1465,50.5417],[5.1469,50.5432],[5.1356,50.5459],[5.1397,50.5489],[5.1393,50.5501],[5.1425,50.5521],[5.1391,50.5546],[5.1359,50.5558],[5.1321,50.5589],[5.1331,50.5628],[5.128,50.5633],[5.1242,50.5629],[5.1203,50.5668],[5.117,50.5655],[5.1151,50.5695],[5.1118,50.5723],[5.1025,50.5776],[5.0972,50.5793],[5.0942,50.576],[5.09,50.574],[5.0908,50.5725],[5.0907,50.5688],[5.0862,50.5647],[5.0852,50.5607],[5.0816,50.5582],[5.0776,50.5613],[5.0739,50.563],[5.0696,50.5634],[5.0658,50.5655],[5.0567,50.5679],[5.0536,50.5642],[5.0544,50.56],[5.0511,50.5554],[5.0484,50.5536],[5.0466,50.5511],[5.0513,50.5465],[5.0538,50.543],[5.0542,50.5411],[5.0521,50.5399],[5.0479,50.5395],[5.0461,50.5375],[5.0407,50.5366],[5.0383,50.5371],[5.0377,50.5339],[5.0343,50.5318],[5.0931,50.5294],[5.0947,50.526],[5.0939,50.5239],[5.0979,50.52],[5.0959,50.5186],[5.0977,50.5167],[5.0948,50.5151],[5.1,50.5109],[5.1012,50.5088],[5.1046,50.5075],[5.1129,50.5068],[5.1153,50.5038],[5.12,50.5047],[5.1424,50.5121]]]},"properties":{"id":"61028","name":"Héron","subdivision":"Liège","cx":5.108,"cy":50.544}},
{"type":"Feature","geometry":{"type":"Polygon","coordinates":[[[3.6241,50.5115],[3.6236,50.513],[3.6252,50.5148],[3.6289,50.5153],[3.6261,50.5191],[3.6227,50.5166],[3.6204,50.516],[3.6183,50.5171],[3.6169,50.5213],[3.6133,50.5209],[3.6087,50.5212],[3.6109,50.5254],[3.6159,50.5264],[3.6196,50.5288],[3.6217,50.532],[3.6141,50.5387],[3.6132,50.5413],[3.6132,50.5474],[3.6157,50.5519],[3.6155,50.555],[3.6143,50.5575],[3.6153,50.5608],[3.6113,50.5601],[3.6105,50.5588],[3.607,50.5589],[3.6048,50.5565],[3.6011,50.5582],[3.5972,50.5591],[3.5924,50.5583],[3.5866,50.5609],[3.592,50.564],[3.589,50.5666],[3.5844,50.5664],[3.5843,50.5683],[3.5791,50.5714],[3.5817,50.5728],[3.5764,50.5758],[3.5709,50.5775],[3.5676,50.5758],[3.5693,50.5727],[3.5618,50.5696],[3.5563,50.5702],[3.5485,50.5726],[3.5488,50.5753],[3.5513,50.578],[3.5491,50.5787],[3.5466,50.58],[3.5437,50.5794],[3.5426,50.5769],[3.5365,50.5764],[3.5321,50.5708],[3.5318,50.5685],[3.5295,50.5687],[3.5268,50.565],[3.5246,50.5656],[3.523,50.5622],[3.5202,50.5603],[3.5137,50.5572],[3.5125,50.5554],[3.5169,50.5548],[3.5168,50.5514],[3.5249,50.5491],[3.5286,50.5469],[3.5244,50.545],[3.5242,50.5433],[3.5219,50.5411],[3.5188,50.5414],[3.5129,50.5376],[3.5154,50.5357],[3.509,50.5339],[3.5053,50.5318],[3.5008,50.531],[3.4991,50.5299],[3.5044,50.5295],[3.5093,50.5276],[3.5121,50.5257],[3.5175,50.5248],[3.5196,50.5237],[3.518,50.5215],[3.5157,50.5124],[3.509,50.5084],[3.5033,50.5065],[3.5038,50.5057],[3.4963,50.4987],[3.4992,50.4946],[3.4976,50.4932],[3.4989,50.4891],[3.5012,50.487],[3.5111,50.4909],[3.5162,50.4918],[3.5203,50.4946],[3.5236,50.4954],[3.5288,50.4952],[3.5319,50.4962],[3.5381,50.4948],[3.5417,50.4953],[3.5442,50.4972],[3.5586,50.4984],[3.561,50.4979],[3.5685,50.501],[3.573,50.4991],[3.5725,50.4972],[3.5782,50.495],[3.5796,50.4919],[3.5859,50.4906],[3.5928,50.4912],[3.6067,50.4971],[3.6079,50.497],[3.6151,50.4904],[3.6245,50.4922],[3.6254,50.4957],[3.623,50.4978],[3.6273,50.5009],[3.6259,50.502],[3.6197,50.5047],[3.6203,50.5059],[3.6241,50.5069],[3.6232,50.5108],[3.6241,50.5115]]]},"properties":{"id":"57064","name":"Péruwelz","subdivision":"Hainaut","cx":3.564,"cy":50.532}},
{"type":"Feature","geometry":{"type":"Polygon","coordinates":[[[5.5912,50.5111],[5.5913,50.5142],[5.5959,50.5158],[5.6013,50.5191],[5.608,50.5215],[5.6056,50.5258],[5.6019,50.5268],[5.5987,50.5304],[5.5973,50.5341],[5.6002,50.5419],[5.6017,50.5437],[5.6012,50.5464],[5.6058,50.5481],[5.6088,50.5481],[5.6151,50.551],[5.607,50.5573],[5.6103,50.5587],[5.6168,50.5587],[5.6156,50.5601],[5.6167,50.5638],[5.6165,50.5684],[5.6139,50.5712],[5.6084,50.5734],[5.6066,50.575],[5.605,50.5786],[5.6004,50.5807],[5.6009,50.5774],[5.5977,50.576],[5.5939,50.5759],[5.591,50.577],[5.5891,50.5764],[5.5814,50.5769],[5.577,50.5763],[5.5743,50.5731],[5.5774,50.5706],[5.5731,50.5683],[5.5674,50.566],[5.5676,50.5638],[5.5638,50.5622],[5.557,50.562],[5.5528,50.5611],[5.5471,50.5613],[5.5476,50.5595],[5.5465,50.5573],[5.5426,50.5537],[5.545,50.5515],[5.5539,50.5531],[5.5545,50.5508],[5.549,50.5503],[5.5468,50.5484],[5.5464,50.5465],[5.5494,50.5436],[5.551,50.5396],[5.5539,50.536],[5.5547,50.5339],[5.5526,50.5327],[5.5429,50.5302],[5.5421,50.5319],[5.5385,50.531],[5.5372,50.5288],[5.5323,50.5273],[5.5198,50.5268],[5.5132,50.5238],[5.5104,50.5245],[5.5078,50.5231],[5.5052,50.5238],[5.5014,50.5225],[5.4982,50.5204],[5.5031,50.5137],[5.505,50.5122],[5.5087,50.5135],[5.5079,50.5148],[5.5146,50.5166],[5.5143,50.5153],[5.5172,50.5136],[5.5183,50.5119],[5.5143,50.51],[5.5179,50.5088],[5.5246,50.5099],[5.5237,50.5082],[5.5208,50.5075],[5.5204,50.5054],[5.5285,50.5045],[5.5296,50.5033],[5.538,50.5052],[5.5429,50.5048],[5.5458,50.5055],[5.5532,50.5073],[5.5599,50.5107],[5.5666,50.5069],[5.5772,50.511],[5.5876,50.5121],[5.5912,50.5111]]]},"properties":{"id":"62032","name":"Esneux","subdivision":"Liège","cx":5.575,"cy":50.539}},
{"type":"Feature","geometry":{"type":"Polygon","coordinates":[[[3.7365,50.4962],[3.7402,50.498],[3.7455,50.5023],[3.7452,50.511],[3.7419,50.5123],[3.7397,50.5121],[3.7378,50.5144],[3.7385,50.5158],[3.7439,50.517],[3.7436,50.52],[3.7411,50.5213],[3.7429,50.5256],[3.7452,50.5248],[3.7484,50.5279],[3.7533,50.5293],[3.7552,50.5312],[3.7566,50.5339],[3.7556,50.5357],[3.7585,50.5376],[3.7587,50.5396],[3.7605,50.5421],[3.7543,50.5447],[3.7528,50.5503],[3.7389,50.5551],[3.7328,50.5548],[3.7305,50.557],[3.7262,50.5572],[3.7154,50.5565],[3.7142,50.5583],[3.7139,50.5624],[3.7099,50.5647],[3.7111,50.5664],[3.705,50.5679],[3.6953,50.5713],[3.6972,50.5732],[3.6948,50.5741],[3.6951,50.5774],[3.6969,50.5788],[3.7008,50.5779],[3.7022,50.5803],[3.6951,50.5807],[3.6891,50.5797],[3.6809,50.5817],[3.6793,50.5806],[3.6753,50.5757],[3.6716,50.5741],[3.6721,50.5722],[3.6708,50.5707],[3.6645,50.5662],[3.6622,50.5634],[3.6619,50.5613],[3.6662,50.559],[3.6576,50.5557],[3.6625,50.5527],[3.6523,50.5478],[3.6503,50.549],[3.641,50.5516],[3.6371,50.5519],[3.6341,50.5507],[3.6292,50.5497],[3.6326,50.5533],[3.6305,50.5573],[3.6256,50.5612],[3.6196,50.5632],[3.6153,50.5608],[3.6143,50.5575],[3.6155,50.555],[3.6157,50.5519],[3.6132,50.5474],[3.6132,50.5413],[3.6141,50.5387],[3.6217,50.532],[3.6196,50.5288],[3.6159,50.5264],[3.6109,50.5254],[3.6087,50.5212],[3.6133,50.5209],[3.6169,50.5213],[3.6183,50.5171],[3.6204,50.516],[3.6227,50.5166],[3.6261,50.5191],[3.6289,50.5153],[3.6252,50.5148],[3.6236,50.513],[3.6241,50.5115],[3.6344,50.514],[3.6382,50.5131],[3.6392,50.5144],[3.6474,50.5129],[3.6507,50.5127],[3.6533,50.5138],[3.6578,50.5132],[3.6643,50.5147],[3.6646,50.5126],[3.6687,50.512],[3.6705,50.5126],[3.6749,50.5118],[3.6751,50.513],[3.6814,50.509],[3.6874,50.5069],[3.6895,50.5071],[3.6895,50.5042],[3.6876,50.5001],[3.6848,50.5008],[3.6828,50.5],[3.6828,50.4971],[3.6845,50.4969],[3.6883,50.4929],[3.6858,50.4925],[3.6921,50.4875],[3.7012,50.4856],[3.7122,50.4812],[3.7159,50.4846],[3.7187,50.4862],[3.7189,50.4924],[3.7365,50.4962]]]},"properties":{"id":"51008","name":"Beloeil","subdivision":"Hainaut","cx":3.691,"cy":50.536}},
{"type":"Feature","geometry":{"type":"Polygon","coordinates":[[[5.1449,50.5087],[5.153,50.5111],[5.1666,50.5131],[5.1775,50.516],[5.1904,50.5181],[5.1929,50.52],[5.1956,50.5234],[5.1997,50.5258],[5.2043,50.5271],[5.2104,50.5279],[5.2167,50.5277],[5.2203,50.5322],[5.2292,50.5353],[5.2325,50.5356],[5.2494,50.5391],[5.2507,50.5355],[5.2577,50.5378],[5.2629,50.5383],[5.2641,50.5416],[5.2619,50.5442],[5.2637,50.5475],[5.2636,50.5508],[5.2657,50.5518],[5.2651,50.5546],[5.2599,50.554],[5.2562,50.5593],[5.2583,50.5602],[5.2563,50.5624],[5.2562,50.5656],[5.2535,50.5674],[5.2527,50.5693],[5.2491,50.574],[5.2436,50.5776],[5.2397,50.5825],[5.2332,50.582],[5.2279,50.5789],[5.2238,50.5776],[5.2186,50.5775],[5.2144,50.5784],[5.2079,50.5752],[5.1952,50.5709],[5.1907,50.5737],[5.1886,50.5727],[5.1841,50.576],[5.1781,50.5756],[5.1777,50.5771],[5.1727,50.5776],[5.1698,50.5798],[5.1668,50.5791],[5.1618,50.5762],[5.1599,50.5727],[5.1614,50.5707],[5.1543,50.5703],[5.151,50.5695],[5.151,50.5679],[5.141,50.5651],[5.1354,50.5658],[5.1331,50.5628],[5.1321,50.5589],[5.1359,50.5558],[5.1391,50.5546],[5.1425,50.5521],[5.1393,50.5501],[5.1397,50.5489],[5.1356,50.5459],[5.1469,50.5432],[5.1465,50.5417],[5.1509,50.5402],[5.1522,50.5414],[5.1649,50.5398],[5.1716,50.5367],[5.1724,50.5355],[5.1682,50.5342],[5.1671,50.5325],[5.1681,50.531],[5.1613,50.528],[5.1561,50.5243],[5.1542,50.5212],[5.143,50.5158],[5.1393,50.5154],[5.1392,50.514],[5.1424,50.5121],[5.1449,50.5087]]]},"properties":{"id":"61072","name":"Wanze","subdivision":"Liège","cx":5.198,"cy":50.55}},
{"type":"Feature","geometry":{"type":"Polygon","coordinates":[[[5.4835,50.5718],[5.4818,50.5737],[5.4828,50.575],[5.4817,50.578],[5.476,50.5794],[5.4725,50.5787],[5.4706,50.5796],[5.4701,50.5822],[5.4728,50.5857],[5.4789,50.589],[5.4799,50.5934],[5.4786,50.5955],[5.4818,50.5994],[5.4891,50.6042],[5.4846,50.6081],[5.4857,50.6093],[5.4821,50.6129],[5.4825,50.6163],[5.4808,50.6185],[5.4759,50.6201],[5.4762,50.6214],[5.4746,50.623],[5.4695,50.6236],[5.4658,50.6251],[5.4644,50.6275],[5.4622,50.6294],[5.4543,50.629],[5.4503,50.6273],[5.4482,50.6292],[5.4361,50.6269],[5.4353,50.628],[5.4148,50.6192],[5.408,50.6171],[5.3805,50.6139],[5.3856,50.6098],[5.3863,50.6053],[5.3858,50.603],[5.3908,50.5992],[5.388,50.5964],[5.388,50.5921],[5.3944,50.5898],[5.396,50.5921],[5.4049,50.5931],[5.4085,50.5914],[5.4107,50.5887],[5.4128,50.5889],[5.4144,50.5854],[5.4137,50.583],[5.4156,50.5796],[5.4118,50.5774],[5.418,50.5771],[5.4257,50.5695],[5.4288,50.5645],[5.4317,50.5652],[5.4377,50.5627],[5.4417,50.5625],[5.4441,50.561],[5.4476,50.5613],[5.4532,50.5579],[5.4599,50.5571],[5.4617,50.5586],[5.4611,50.5608],[5.4622,50.5654],[5.4665,50.5678],[5.4721,50.568],[5.4747,50.5689],[5.4779,50.5688],[5.48,50.5703],[5.4831,50.5705],[5.4835,50.5718]]]},"properties":{"id":"62120","name":"Flémalle","subdivision":"Liège","cx":5.441,"cy":50.597}},
{"type":"Feature","geometry":{"type":"Polygon","coordinates":[[[3.4704,50.5326],[3.4748,50.5334],[3.4819,50.5307],[3.4844,50.5309],[3.491,50.5281],[3.4944,50.5293],[3.4991,50.5299],[3.5008,50.531],[3.5053,50.5318],[3.509,50.5339],[3.5154,50.5357],[3.5129,50.5376],[3.5188,50.5414],[3.5219,50.5411],[3.5242,50.5433],[3.5244,50.545],[3.5286,50.5469],[3.5249,50.5491],[3.5168,50.5514],[3.5169,50.5548],[3.5125,50.5554],[3.5137,50.5572],[3.5202,50.5603],[3.516,50.5624],[3.5127,50.5602],[3.5044,50.5603],[3.4991,50.5608],[3.4912,50.5587],[3.4898,50.5614],[3.4908,50.5649],[3.4871,50.5639],[3.4838,50.5664],[3.4843,50.5691],[3.4823,50.5701],[3.4843,50.5749],[3.4813,50.5772],[3.4741,50.5778],[3.4755,50.581],[3.4687,50.5826],[3.4651,50.5844],[3.4617,50.5876],[3.4557,50.5845],[3.4512,50.5831],[3.4485,50.583],[3.4449,50.5814],[3.4412,50.5807],[3.4405,50.5821],[3.4373,50.583],[3.4305,50.5867],[3.424,50.5809],[3.4218,50.5782],[3.4206,50.5746],[3.4235,50.571],[3.4206,50.5688],[3.4176,50.5706],[3.4094,50.5676],[3.4083,50.5666],[3.4081,50.5635],[3.4116,50.5642],[3.4136,50.5614],[3.4165,50.5592],[3.4209,50.5528],[3.4259,50.5487],[3.4279,50.548],[3.4378,50.5469],[3.4383,50.5451],[3.4364,50.5433],[3.4375,50.541],[3.4373,50.538],[3.4389,50.5376],[3.4403,50.5338],[3.4444,50.5322],[3.4453,50.5331],[3.4512,50.5356],[3.4478,50.5363],[3.449,50.5395],[3.4543,50.5396],[3.4577,50.5339],[3.4605,50.5309],[3.4704,50.5326]]]},"properties":{"id":"57003","name":"Antoing","subdivision":"Hainaut","cx":3.466,"cy":50.556}},
{"type":"Feature","geometry":{"type":"Polygon","coordinates":[[[5.3398,50.5248],[5.3366,50.527],[5.3394,50.5331],[5.3429,50.5356],[5.3415,50.5368],[5.3387,50.5428],[5.3351,50.5466],[5.3338,50.551],[5.3335,50.5541],[5.3361,50.5565],[5.346,50.5607],[5.344,50.5638],[5.3452,50.5661],[5.3501,50.5664],[5.3481,50.5707],[5.343,50.5764],[5.3443,50.5787],[5.3421,50.5801],[5.3396,50.5841],[5.3261,50.5919],[5.3262,50.5893],[5.3232,50.5892],[5.3207,50.5837],[5.3165,50.5816],[5.3056,50.5777],[5.3022,50.5782],[5.3005,50.5763],[5.2957,50.574],[5.2927,50.576],[5.2926,50.5772],[5.2884,50.5743],[5.2862,50.5738],[5.2853,50.5688],[5.288,50.5662],[5.2851,50.5622],[5.2807,50.5594],[5.281,50.5561],[5.2786,50.5554],[5.2751,50.5529],[5.2691,50.5513],[5.2657,50.5518],[5.2636,50.5508],[5.2637,50.5475],[5.2619,50.5442],[5.2641,50.5416],[5.2629,50.5383],[5.2641,50.5368],[5.2753,50.5369],[5.3019,50.5325],[5.3004,50.5287],[5.3068,50.5238],[5.3105,50.524],[5.3146,50.5214],[5.3143,50.52],[5.3169,50.5172],[5.3238,50.5169],[5.3286,50.52],[5.3398,50.5248]]]},"properties":{"id":"61003","name":"Amay","subdivision":"Liège","cx":5.312,"cy":50.553}},
{"type":"Feature","geometry":{"type":"Polygon","coordinates":[[[5.4402,50.5408],[5.4321,50.55],[5.4275,50.552],[5.4247,50.5525],[5.4226,50.5565],[5.425,50.5606],[5.425,50.5639],[5.4288,50.5645],[5.4257,50.5695],[5.418,50.5771],[5.4118,50.5774],[5.4156,50.5796],[5.4137,50.583],[5.4144,50.5854],[5.4128,50.5889],[5.4107,50.5887],[5.4085,50.5914],[5.4049,50.5931],[5.396,50.5921],[5.3944,50.5898],[5.3941,50.5888],[5.3877,50.585],[5.3836,50.5833],[5.3798,50.5803],[5.3753,50.5783],[5.375,50.5763],[5.3777,50.5748],[5.3772,50.5734],[5.3805,50.5727],[5.3824,50.5707],[5.3678,50.5667],[5.3582,50.5647],[5.346,50.5607],[5.3361,50.5565],[5.3335,50.5541],[5.3338,50.551],[5.3351,50.5466],[5.3387,50.5428],[5.3415,50.5368],[5.3429,50.5356],[5.3486,50.5363],[5.35,50.5371],[5.3613,50.5342],[5.3706,50.5376],[5.3735,50.5398],[5.3796,50.5373],[5.3821,50.5356],[5.3895,50.5373],[5.3917,50.5387],[5.3966,50.5385],[5.4017,50.54],[5.4038,50.5376],[5.4075,50.5376],[5.4192,50.5439],[5.4209,50.5423],[5.4185,50.5404],[5.4233,50.5374],[5.4246,50.5392],[5.4284,50.5377],[5.4276,50.5351],[5.4294,50.5319],[5.4367,50.5351],[5.4402,50.5408]]]},"properties":{"id":"61080","name":"Engis","subdivision":"Liège","cx":5.395,"cy":50.557}},
{"type":"Feature","geometry":{"type":"Polygon","coordinates":[[[5.9317,50.4666],[5.941,50.4721],[5.9662,50.4801],[5.9662,50.4832],[5.9715,50.4864],[5.9766,50.4868],[5.9801,50.4862],[5.9869,50.4871],[5.9919,50.4868],[5.9979,50.4913],[6.0008,50.4952],[6.0051,50.4963],[6.0091,50.498],[6.0144,50.5013],[6.0629,50.5188],[6.073,50.5195],[6.0732,50.5247],[6.0587,50.5361],[6.0502,50.546],[6.0462,50.5472],[6.0426,50.5493],[6.031,50.5519],[6.0295,50.5578],[6.028,50.561],[6.0223,50.5633],[6.0216,50.5642],[6.0148,50.5657],[6.0109,50.5679],[6.0104,50.5711],[6.0079,50.5729],[6.0028,50.5725],[6.0007,50.5738],[6.0006,50.5775],[6.0028,50.5795],[5.9994,50.5833],[5.9952,50.5851],[5.9863,50.5846],[5.9747,50.5885],[5.9736,50.5901],[5.9745,50.594],[5.9702,50.5933],[5.9677,50.591],[5.9644,50.5901],[5.9621,50.588],[5.9593,50.587],[5.9595,50.5839],[5.9582,50.5826],[5.953,50.5804],[5.9451,50.579],[5.9404,50.5766],[5.9332,50.5763],[5.9299,50.577],[5.9268,50.5786],[5.9256,50.5817],[5.9223,50.5815],[5.9166,50.5822],[5.9137,50.5832],[5.9111,50.586],[5.9076,50.5862],[5.9013,50.583],[5.8995,50.581],[5.9104,50.5767],[5.9105,50.5743],[5.9084,50.5686],[5.9095,50.5676],[5.9143,50.5631],[5.9189,50.5561],[5.9211,50.555],[5.9204,50.5527],[5.9181,50.5508],[5.9115,50.5477],[5.9109,50.5458],[5.9113,50.5414],[5.9034,50.5419],[5.9007,50.5408],[5.8961,50.5419],[5.8907,50.5418],[5.8866,50.5409],[5.8792,50.5366],[5.8781,50.5351],[5.8824,50.5301],[5.8813,50.5292],[5.8819,50.5161],[5.8792,50.5102],[5.8858,50.512],[5.8924,50.5068],[5.8953,50.505],[5.8915,50.5035],[5.8907,50.5008],[5.894,50.4985],[5.8989,50.4981],[5.9033,50.4949],[5.9051,50.493],[5.9056,50.4905],[5.9079,50.4875],[5.91,50.4865],[5.9129,50.4834],[5.9181,50.4856],[5.9182,50.487],[5.9217,50.4869],[5.9207,50.4835],[5.9253,50.4748],[5.9228,50.4737],[5.9317,50.4675],[5.9317,50.4666]]]},"properties":{"id":"63038","name":"Jalhay","subdivision":"Liège","cx":5.966,"cy":50.531}},
{"type":"Feature","geometry":{"type":"Polygon","coordinates":[[[5.7552,50.5468],[5.7584,50.5493],[5.7629,50.5512],[5.7642,50.553],[5.7719,50.5591],[5.7737,50.5628],[5.7714,50.5654],[5.7684,50.567],[5.7671,50.5636],[5.7624,50.5636],[5.7626,50.5691],[5.7657,50.5735],[5.7633,50.5748],[5.7589,50.5757],[5.7562,50.5748],[5.753,50.5724],[5.7509,50.5726],[5.7512,50.5776],[5.7484,50.5781],[5.7453,50.5808],[5.7411,50.5805],[5.7399,50.5842],[5.7358,50.5851],[5.7333,50.5877],[5.7297,50.5868],[5.7302,50.5821],[5.7344,50.5826],[5.739,50.5791],[5.7335,50.5744],[5.7376,50.5687],[5.7352,50.5646],[5.7325,50.5636],[5.7304,50.565],[5.7234,50.5665],[5.7199,50.5686],[5.718,50.5688],[5.709,50.5647],[5.7048,50.5652],[5.6993,50.5705],[5.6929,50.5716],[5.6964,50.5728],[5.7065,50.5742],[5.7113,50.5779],[5.7079,50.5823],[5.7066,50.5875],[5.709,50.5924],[5.7054,50.5933],[5.7022,50.5953],[5.6997,50.5953],[5.6997,50.5941],[5.6918,50.5922],[5.6912,50.59],[5.6871,50.5902],[5.6838,50.5924],[5.6807,50.5928],[5.6802,50.5905],[5.6725,50.5881],[5.6718,50.5861],[5.6681,50.5853],[5.6621,50.5819],[5.6587,50.582],[5.6564,50.5806],[5.6583,50.5794],[5.6538,50.5763],[5.6506,50.5724],[5.6478,50.5724],[5.6456,50.5703],[5.6409,50.5689],[5.644,50.5677],[5.6538,50.5692],[5.6567,50.5708],[5.6633,50.5718],[5.6649,50.5683],[5.6646,50.5661],[5.6595,50.5651],[5.6573,50.563],[5.6537,50.5631],[5.6517,50.5595],[5.6603,50.559],[5.661,50.5577],[5.6717,50.5556],[5.6735,50.5538],[5.6761,50.5537],[5.6747,50.5507],[5.6813,50.5509],[5.6839,50.5503],[5.6889,50.5503],[5.7046,50.5559],[5.7066,50.5554],[5.708,50.553],[5.7129,50.5524],[5.7189,50.5545],[5.7261,50.5519],[5.7295,50.5521],[5.7334,50.5511],[5.7369,50.5516],[5.7411,50.5501],[5.7474,50.5491],[5.7513,50.5474],[5.7552,50.5468]]]},"properties":{"id":"62122","name":"Trooz","subdivision":"Liège","cx":5.679,"cy":50.573}},
{"type":"Feature","geometry":{"type":"Polygon","coordinates":[[[4.1863,50.5252],[4.1914,50.535],[4.192,50.5386],[4.2009,50.5405],[4.204,50.5405],[4.2045,50.5391],[4.2152,50.5404],[4.2171,50.5418],[4.2234,50.5443],[4.2236,50.547],[4.2253,50.5476],[4.2238,50.552],[4.2256,50.5531],[4.2218,50.557],[4.2222,50.5586],[4.2184,50.5596],[4.2167,50.5618],[4.2174,50.5652],[4.2236,50.5673],[4.2282,50.5724],[4.2296,50.5729],[4.2219,50.5763],[4.2261,50.5829],[4.2203,50.5831],[4.2162,50.582],[4.2089,50.585],[4.2092,50.5869],[4.2056,50.5887],[4.207,50.5903],[4.2014,50.5927],[4.2024,50.5941],[4.1968,50.5963],[4.1931,50.5968],[4.19,50.5935],[4.1863,50.5905],[4.1837,50.5918],[4.177,50.5907],[4.174,50.5946],[4.1711,50.5953],[4.1693,50.594],[4.1676,50.5908],[4.1618,50.5861],[4.1589,50.5833],[4.1558,50.5818],[4.145,50.5789],[4.1444,50.5771],[4.1399,50.576],[4.1376,50.5761],[4.1374,50.5735],[4.1331,50.57],[4.1294,50.5688],[4.1243,50.5645],[4.1235,50.5648],[4.1243,50.5606],[4.128,50.5585],[4.1281,50.5553],[4.1298,50.5514],[4.1292,50.5475],[4.1306,50.545],[4.135,50.5452],[4.141,50.5469],[4.1489,50.5451],[4.1491,50.544],[4.1547,50.5425],[4.1576,50.5407],[4.1599,50.5409],[4.1634,50.5378],[4.1675,50.5373],[4.1765,50.5285],[4.1822,50.527],[4.1861,50.5249],[4.1863,50.5252]]]},"properties":{"id":"55050","name":"Écaussinnes","subdivision":"Hainaut","cx":4.179,"cy":50.563}},
{"type":"Feature","geometry":{"type":"Polygon","coordinates":[[[4.5775,50.5423],[4.5763,50.5507],[4.5743,50.5559],[4.575,50.5608],[4.5749,50.5654],[4.5733,50.5686],[4.5802,50.5703],[4.582,50.5719],[4.5801,50.5741],[4.5788,50.5804],[4.5812,50.5842],[4.5794,50.5881],[4.5815,50.5897],[4.585,50.5939],[4.5907,50.5978],[4.5876,50.5986],[4.579,50.5977],[4.5746,50.598],[4.5653,50.5997],[4.5646,50.5986],[4.5596,50.5998],[4.5537,50.5963],[4.5384,50.6001],[4.5355,50.5997],[4.5336,50.597],[4.5316,50.5959],[4.5305,50.5938],[4.5282,50.5925],[4.5271,50.5905],[4.5213,50.5884],[4.5153,50.5869],[4.5116,50.5849],[4.5067,50.5801],[4.5084,50.5786],[4.5007,50.5747],[4.4927,50.5722],[4.4854,50.5805],[4.4812,50.5768],[4.468,50.5748],[4.4578,50.5728],[4.4537,50.5712],[4.4578,50.5628],[4.4627,50.5625],[4.4659,50.5632],[4.4747,50.5612],[4.4696,50.5589],[4.472,50.5538],[4.475,50.5551],[4.4782,50.5512],[4.4736,50.55],[4.4658,50.5465],[4.4671,50.5443],[4.4662,50.5397],[4.468,50.5377],[4.4636,50.5333],[4.4675,50.5278],[4.4696,50.5288],[4.4689,50.5309],[4.4724,50.5316],[4.4723,50.5348],[4.4748,50.535],[4.4759,50.5366],[4.4841,50.5337],[4.4871,50.5346],[4.4906,50.5381],[4.4945,50.5371],[4.5035,50.5397],[4.503,50.535],[4.504,50.5309],[4.5026,50.5282],[4.5056,50.5293],[4.5075,50.5271],[4.5109,50.5275],[4.5127,50.5254],[4.5263,50.5288],[4.5305,50.5309],[4.5351,50.5313],[4.5775,50.5423]]]},"properties":{"id":"25107","name":"Villers-la-Ville","subdivision":"Brabant wallon","cx":4.529,"cy":50.561}},
{"type":"Feature","geometry":{"type":"Polygon","coordinates":[[[4.2869,50.5071],[4.2871,50.5082],[4.2911,50.5096],[4.2908,50.5108],[4.2972,50.5125],[4.3011,50.5162],[4.3021,50.5188],[4.3103,50.5239],[4.3134,50.5246],[4.3199,50.5274],[4.3227,50.5297],[4.3137,50.5336],[4.3093,50.5379],[4.3074,50.5381],[4.308,50.5415],[4.3099,50.5435],[4.309,50.5477],[4.3152,50.5486],[4.3189,50.5504],[4.323,50.5478],[4.3253,50.5492],[4.3313,50.5507],[4.3316,50.5527],[4.334,50.557],[4.3322,50.5579],[4.3308,50.5602],[4.3363,50.5669],[4.3344,50.569],[4.3287,50.5698],[4.321,50.5685],[4.3207,50.5678],[4.3137,50.5672],[4.3046,50.567],[4.3023,50.5679],[4.3016,50.5721],[4.297,50.5761],[4.2966,50.5782],[4.289,50.5838],[4.2841,50.5863],[4.2845,50.5881],[4.2807,50.5915],[4.2753,50.5925],[4.2744,50.5944],[4.2608,50.5929],[4.2584,50.5939],[4.2561,50.5933],[4.2516,50.5939],[4.2502,50.5955],[4.2472,50.5961],[4.2427,50.595],[4.2413,50.5963],[4.2424,50.5992],[4.2408,50.6003],[4.2371,50.5998],[4.233,50.6005],[4.2299,50.6003],[4.2285,50.5962],[4.2309,50.5946],[4.2338,50.5938],[4.235,50.5907],[4.2283,50.5858],[4.2261,50.5829],[4.2219,50.5763],[4.2296,50.5729],[4.2282,50.5724],[4.2236,50.5673],[4.2174,50.5652],[4.2167,50.5618],[4.2184,50.5596],[4.2222,50.5586],[4.2218,50.557],[4.2256,50.5531],[4.2238,50.552],[4.2253,50.5476],[4.2236,50.547],[4.2234,50.5443],[4.2171,50.5418],[4.2152,50.5404],[4.2045,50.5391],[4.204,50.5405],[4.2009,50.5405],[4.192,50.5386],[4.1914,50.535],[4.1863,50.5252],[4.2036,50.5162],[4.2112,50.5115],[4.2165,50.5149],[4.2204,50.5205],[4.2227,50.5196],[4.2297,50.5207],[4.2366,50.5169],[4.2389,50.517],[4.2472,50.5152],[4.2543,50.5105],[4.2538,50.507],[4.259,50.5068],[4.2568,50.5029],[4.2599,50.5008],[4.2653,50.4986],[4.2697,50.5011],[4.2727,50.4996],[4.275,50.5008],[4.2771,50.4998],[4.2795,50.4972],[4.2816,50.4963],[4.2832,50.4971],[4.2826,50.5021],[4.2862,50.5046],[4.2869,50.5071]]]},"properties":{"id":"55085","name":"Seneffe","subdivision":"Hainaut","cx":4.263,"cy":50.548}},
{"type":"Feature","geometry":{"type":"Polygon","coordinates":[[[5.7524,50.539],[5.7602,50.5396],[5.7716,50.544],[5.78,50.5478],[5.7832,50.5514],[5.7903,50.554],[5.7936,50.5495],[5.8003,50.5488],[5.8047,50.5536],[5.8123,50.5509],[5.8156,50.5517],[5.8175,50.5511],[5.823,50.5519],[5.8219,50.5546],[5.8291,50.5544],[5.8318,50.5537],[5.8338,50.555],[5.8389,50.5554],[5.841,50.5573],[5.8445,50.5586],[5.8529,50.5589],[5.8556,50.5612],[5.8412,50.5593],[5.8291,50.5664],[5.8289,50.57],[5.8322,50.5712],[5.8309,50.5754],[5.8361,50.5771],[5.8337,50.58],[5.8278,50.5801],[5.8265,50.583],[5.8247,50.5839],[5.8228,50.5869],[5.8233,50.589],[5.8215,50.5915],[5.8235,50.5951],[5.8238,50.5977],[5.8203,50.6004],[5.8183,50.5996],[5.8102,50.5993],[5.8033,50.597],[5.7924,50.6009],[5.7899,50.6034],[5.7861,50.6017],[5.7816,50.6007],[5.7755,50.5976],[5.7673,50.5949],[5.7711,50.5863],[5.7716,50.5826],[5.7692,50.5795],[5.7665,50.578],[5.7667,50.5739],[5.7657,50.5735],[5.7626,50.5691],[5.7624,50.5636],[5.7671,50.5636],[5.7684,50.567],[5.7714,50.5654],[5.7737,50.5628],[5.7719,50.5591],[5.7642,50.553],[5.7629,50.5512],[5.7584,50.5493],[5.7552,50.5468],[5.7524,50.539]]]},"properties":{"id":"63058","name":"Pepinster","subdivision":"Liège","cx":5.797,"cy":50.573}},
{"type":"Feature","geometry":{"type":"Polygon","coordinates":[[[5.1331,50.5628],[5.1354,50.5658],[5.141,50.5651],[5.151,50.5679],[5.151,50.5695],[5.1543,50.5703],[5.1614,50.5707],[5.1599,50.5727],[5.1618,50.5762],[5.1668,50.5791],[5.1668,50.5806],[5.1632,50.5834],[5.1656,50.5855],[5.163,50.5954],[5.1582,50.5981],[5.1547,50.5989],[5.1499,50.6021],[5.1406,50.6064],[5.1352,50.6082],[5.131,50.6044],[5.1231,50.6016],[5.1183,50.5986],[5.1128,50.5972],[5.1092,50.5935],[5.1066,50.5948],[5.104,50.5935],[5.098,50.5986],[5.0954,50.5991],[5.083,50.5984],[5.0833,50.5997],[5.076,50.5985],[5.0725,50.5992],[5.0702,50.6028],[5.0678,50.6028],[5.0674,50.6001],[5.0618,50.6025],[5.0594,50.5991],[5.0607,50.5973],[5.0567,50.5954],[5.0521,50.5898],[5.0453,50.5889],[5.0435,50.5911],[5.0347,50.5914],[5.03,50.5924],[5.0285,50.5888],[5.0276,50.5845],[5.0344,50.5823],[5.0303,50.5789],[5.0334,50.5707],[5.0396,50.568],[5.0485,50.5607],[5.0445,50.5574],[5.0511,50.5554],[5.0544,50.56],[5.0536,50.5642],[5.0567,50.5679],[5.0658,50.5655],[5.0696,50.5634],[5.0739,50.563],[5.0776,50.5613],[5.0816,50.5582],[5.0852,50.5607],[5.0862,50.5647],[5.0907,50.5688],[5.0908,50.5725],[5.09,50.574],[5.0942,50.576],[5.0972,50.5793],[5.1025,50.5776],[5.1118,50.5723],[5.1151,50.5695],[5.117,50.5655],[5.1203,50.5668],[5.1242,50.5629],[5.128,50.5633],[5.1331,50.5628]]]},"properties":{"id":"61010","name":"Burdinne","subdivision":"Liège","cx":5.128,"cy":50.583}},
{"type":"Feature","geometry":{"type":"Polygon","coordinates":[[[5.7657,50.5735],[5.7667,50.5739],[5.7665,50.578],[5.7692,50.5795],[5.7716,50.5826],[5.7711,50.5863],[5.7673,50.5949],[5.7658,50.5999],[5.7636,50.6021],[5.753,50.6004],[5.7527,50.5998],[5.7447,50.5993],[5.7357,50.6028],[5.7285,50.6028],[5.7268,50.6024],[5.7177,50.6058],[5.7105,50.6104],[5.7041,50.6097],[5.7019,50.6064],[5.698,50.6039],[5.696,50.6006],[5.6962,50.5993],[5.6999,50.5979],[5.6997,50.5953],[5.7022,50.5953],[5.7054,50.5933],[5.709,50.5924],[5.7066,50.5875],[5.7079,50.5823],[5.7113,50.5779],[5.7065,50.5742],[5.6964,50.5728],[5.6929,50.5716],[5.6993,50.5705],[5.7048,50.5652],[5.709,50.5647],[5.718,50.5688],[5.7199,50.5686],[5.7234,50.5665],[5.7304,50.565],[5.7325,50.5636],[5.7352,50.5646],[5.7376,50.5687],[5.7335,50.5744],[5.739,50.5791],[5.7344,50.5826],[5.7302,50.5821],[5.7297,50.5868],[5.7333,50.5877],[5.7358,50.5851],[5.7399,50.5842],[5.7411,50.5805],[5.7453,50.5808],[5.7484,50.5781],[5.7512,50.5776],[5.7509,50.5726],[5.753,50.5724],[5.7562,50.5748],[5.7589,50.5757],[5.7633,50.5748],[5.7657,50.5735]]]},"properties":{"id":"63057","name":"Olne","subdivision":"Liège","cx":5.721,"cy":50.593}},
{"type":"Feature","geometry":{"type":"Polygon","coordinates":[[[4.7247,50.4968],[4.7282,50.4966],[4.7336,50.4997],[4.7394,50.5015],[4.744,50.505],[4.7482,50.5067],[4.7581,50.5077],[4.7551,50.5117],[4.7603,50.5141],[4.7674,50.5191],[4.7638,50.5208],[4.7615,50.5229],[4.7554,50.5265],[4.7613,50.5285],[4.7616,50.5307],[4.7596,50.5319],[4.7559,50.5324],[4.7541,50.5339],[4.7539,50.5372],[4.7499,50.5416],[4.7446,50.544],[4.754,50.5493],[4.7518,50.5509],[4.7541,50.5536],[4.7538,50.5555],[4.7566,50.5569],[4.753,50.5601],[4.7551,50.5611],[4.7568,50.5585],[4.7632,50.5564],[4.7623,50.5585],[4.7646,50.5602],[4.7669,50.5597],[4.7755,50.562],[4.7778,50.5632],[4.7833,50.5678],[4.7895,50.5719],[4.791,50.5721],[4.787,50.5764],[4.7899,50.5791],[4.7882,50.5805],[4.7917,50.585],[4.7934,50.5833],[4.7967,50.5824],[4.8016,50.5831],[4.8071,50.5852],[4.8001,50.5923],[4.7885,50.6021],[4.7866,50.6018],[4.7879,50.5982],[4.7927,50.5955],[4.7961,50.5919],[4.7912,50.5897],[4.7868,50.5983],[4.783,50.6005],[4.7797,50.6011],[4.7761,50.5994],[4.7706,50.6008],[4.7662,50.5998],[4.756,50.595],[4.7515,50.5921],[4.7488,50.5894],[4.7432,50.5889],[4.7437,50.5931],[4.7403,50.5978],[4.7445,50.5994],[4.7455,50.6007],[4.7436,50.6037],[4.741,50.603],[4.7368,50.6053],[4.7387,50.6089],[4.7343,50.6105],[4.732,50.6103],[4.7312,50.6084],[4.7273,50.6114],[4.7252,50.6113],[4.7233,50.6085],[4.7193,50.6099],[4.7155,50.6073],[4.7138,50.6083],[4.7104,50.6056],[4.7071,50.6041],[4.7075,50.6028],[4.712,50.6011],[4.7099,50.5997],[4.7119,50.598],[4.7105,50.5956],[4.7041,50.5956],[4.7007,50.5967],[4.6972,50.5992],[4.6951,50.598],[4.6903,50.5992],[4.6801,50.6041],[4.6784,50.6027],[4.6725,50.6083],[4.6695,50.6069],[4.6647,50.6063],[4.6626,50.6045],[4.6602,50.6044],[4.6595,50.6022],[4.6568,50.601],[4.656,50.592],[4.6587,50.587],[4.6571,50.5859],[4.6618,50.5769],[4.6734,50.5712],[4.6684,50.5668],[4.6622,50.5646],[4.6446,50.5602],[4.6439,50.564],[4.6419,50.565],[4.6374,50.5627],[4.6337,50.5662],[4.6286,50.5641],[4.6277,50.5645],[4.6272,50.5602],[4.6305,50.5595],[4.6322,50.5569],[4.6252,50.555],[4.6264,50.5517],[4.6301,50.547],[4.6353,50.5455],[4.6383,50.5435],[4.645,50.5408],[4.641,50.5376],[4.64,50.5351],[4.6341,50.5285],[4.6373,50.5221],[4.6433,50.5127],[4.6457,50.5131],[4.66,50.5124],[4.6662,50.4996],[4.6733,50.5014],[4.6805,50.5005],[4.6992,50.5053],[4.7247,50.4968]]]},"properties":{"id":"92142","name":"Gembloux","subdivision":"Namur","cx":4.709,"cy":50.554}},
{"type":"Feature","geometry":{"type":"Polygon","coordinates":[[[3.8073,50.5399],[3.8177,50.5469],[3.8203,50.5518],[3.8232,50.5516],[3.827,50.5503],[3.8317,50.551],[3.8317,50.5552],[3.836,50.5582],[3.8354,50.5594],[3.8375,50.5613],[3.8333,50.5635],[3.8297,50.5686],[3.8332,50.5713],[3.8331,50.5742],[3.8348,50.5757],[3.8348,50.5791],[3.8367,50.5803],[3.8356,50.5821],[3.8343,50.5835],[3.8371,50.5861],[3.836,50.59],[3.834,50.5904],[3.8307,50.5932],[3.8321,50.594],[3.819,50.6009],[3.8205,50.6044],[3.8115,50.6073],[3.8078,50.605],[3.8014,50.6071],[3.7901,50.6137],[3.7872,50.6136],[3.7778,50.6056],[3.7731,50.6052],[3.7607,50.6032],[3.7558,50.5999],[3.7567,50.5974],[3.7609,50.5952],[3.758,50.5941],[3.7599,50.5893],[3.7567,50.5908],[3.7513,50.5856],[3.7543,50.5841],[3.7525,50.5829],[3.748,50.5829],[3.7393,50.5792],[3.7379,50.5799],[3.7352,50.5773],[3.7305,50.5793],[3.7287,50.5808],[3.7245,50.5791],[3.7237,50.5777],[3.7192,50.5745],[3.727,50.5729],[3.7249,50.5707],[3.7274,50.5698],[3.7267,50.5675],[3.7305,50.5665],[3.7296,50.5648],[3.7144,50.5646],[3.7139,50.5624],[3.7142,50.5583],[3.7154,50.5565],[3.7262,50.5572],[3.7305,50.557],[3.7328,50.5548],[3.7389,50.5551],[3.7528,50.5503],[3.7543,50.5447],[3.7605,50.5421],[3.7587,50.5396],[3.7585,50.5376],[3.7556,50.5357],[3.7566,50.5339],[3.7552,50.5312],[3.7602,50.5288],[3.7726,50.5265],[3.7743,50.5336],[3.7784,50.5358],[3.7799,50.5373],[3.7827,50.538],[3.7867,50.5374],[3.7934,50.5398],[3.7981,50.5397],[3.7987,50.5406],[3.8073,50.5399]]]},"properties":{"id":"51014","name":"Chièvres","subdivision":"Hainaut","cx":3.785,"cy":50.571}},
{"type":"Feature","geometry":{"type":"Polygon","coordinates":[[[5.6747,50.5507],[5.6761,50.5537],[5.6735,50.5538],[5.6717,50.5556],[5.661,50.5577],[5.6603,50.559],[5.6517,50.5595],[5.6537,50.5631],[5.6573,50.563],[5.6595,50.5651],[5.6646,50.5661],[5.6649,50.5683],[5.6633,50.5718],[5.6567,50.5708],[5.6538,50.5692],[5.644,50.5677],[5.6409,50.5689],[5.6456,50.5703],[5.6478,50.5724],[5.6506,50.5724],[5.6538,50.5763],[5.6583,50.5794],[5.6564,50.5806],[5.6587,50.582],[5.6621,50.5819],[5.6681,50.5853],[5.6718,50.5861],[5.6725,50.5881],[5.6802,50.5905],[5.6807,50.5928],[5.6772,50.5936],[5.6755,50.5957],[5.6732,50.5966],[5.6688,50.5944],[5.6657,50.5935],[5.6633,50.5958],[5.6616,50.5953],[5.6585,50.5978],[5.6558,50.5982],[5.6515,50.6041],[5.6552,50.6051],[5.6545,50.6076],[5.6506,50.6079],[5.6488,50.6103],[5.6462,50.6117],[5.6431,50.6121],[5.6446,50.6144],[5.6411,50.6147],[5.639,50.6149],[5.6312,50.6127],[5.6299,50.6107],[5.6266,50.6085],[5.6271,50.6022],[5.6156,50.6068],[5.6147,50.6062],[5.6148,50.5997],[5.6089,50.6033],[5.6064,50.6036],[5.6041,50.6],[5.5969,50.6002],[5.5937,50.5987],[5.5896,50.5937],[5.5921,50.5912],[5.5889,50.5887],[5.5944,50.5843],[5.5949,50.5829],[5.6004,50.5807],[5.605,50.5786],[5.6066,50.575],[5.6084,50.5734],[5.6139,50.5712],[5.6165,50.5684],[5.6167,50.5638],[5.6156,50.5601],[5.6168,50.5587],[5.6103,50.5587],[5.607,50.5573],[5.6151,50.551],[5.6201,50.5524],[5.6303,50.5516],[5.6456,50.5515],[5.6536,50.5523],[5.6568,50.5513],[5.6589,50.5496],[5.6617,50.5509],[5.6747,50.5507]]]},"properties":{"id":"62022","name":"Chaudfontaine","subdivision":"Liège","cx":5.633,"cy":50.584}},
{"type":"Feature","geometry":{"type":"Polygon","coordinates":[[[3.9754,50.5473],[3.9793,50.5552],[3.9774,50.5564],[3.974,50.5569],[3.9748,50.5598],[3.9724,50.5629],[3.9746,50.5653],[3.972,50.5665],[3.9706,50.5686],[3.9783,50.5702],[3.9774,50.5745],[3.9754,50.5742],[3.9708,50.5767],[3.9711,50.5795],[3.9679,50.5832],[3.9714,50.5861],[3.9693,50.588],[3.9658,50.5849],[3.9618,50.586],[3.9581,50.5854],[3.9521,50.5871],[3.9531,50.589],[3.9621,50.5901],[3.9592,50.5928],[3.9511,50.5944],[3.9525,50.5989],[3.9527,50.602],[3.9543,50.6048],[3.9538,50.6066],[3.9483,50.6049],[3.9433,50.604],[3.94,50.605],[3.9365,50.6075],[3.9377,50.6088],[3.9447,50.6094],[3.9476,50.6126],[3.9456,50.6146],[3.9415,50.615],[3.9342,50.614],[3.9332,50.6114],[3.929,50.6084],[3.9181,50.6133],[3.9196,50.6143],[3.9162,50.6163],[3.9139,50.6144],[3.9123,50.6165],[3.9092,50.6172],[3.9042,50.6156],[3.9059,50.6138],[3.9068,50.6109],[3.9091,50.6084],[3.9114,50.6044],[3.9064,50.596],[3.9059,50.594],[3.8962,50.588],[3.8983,50.5876],[3.9097,50.5822],[3.9073,50.5793],[3.9036,50.5797],[3.8983,50.5792],[3.8953,50.578],[3.8911,50.5741],[3.888,50.5723],[3.8841,50.573],[3.8791,50.5693],[3.8702,50.574],[3.8726,50.5771],[3.8669,50.578],[3.8675,50.58],[3.8636,50.5808],[3.863,50.5821],[3.8437,50.5817],[3.8356,50.5821],[3.8367,50.5803],[3.8348,50.5791],[3.8348,50.5757],[3.8331,50.5742],[3.8332,50.5713],[3.8297,50.5686],[3.8333,50.5635],[3.8375,50.5613],[3.8354,50.5594],[3.836,50.5582],[3.8317,50.5552],[3.8317,50.551],[3.827,50.5503],[3.8297,50.5486],[3.8351,50.5473],[3.8401,50.55],[3.8433,50.5495],[3.846,50.5534],[3.846,50.5553],[3.8545,50.5511],[3.8569,50.5474],[3.859,50.5453],[3.8622,50.547],[3.8648,50.5438],[3.8694,50.5455],[3.8711,50.5437],[3.8739,50.5439],[3.8815,50.5411],[3.8905,50.5412],[3.8909,50.5391],[3.8927,50.5386],[3.8959,50.5413],[3.9017,50.5412],[3.902,50.5421],[3.9092,50.5423],[3.9139,50.5435],[3.9192,50.5461],[3.9182,50.5468],[3.9273,50.5519],[3.9419,50.5421],[3.9449,50.5439],[3.953,50.5401],[3.9566,50.5407],[3.9579,50.5427],[3.9547,50.5473],[3.9557,50.5496],[3.9581,50.5498],[3.9754,50.5473]]]},"properties":{"id":"53046","name":"Lens","subdivision":"Hainaut","cx":3.929,"cy":50.573}},
{"type":"Feature","geometry":{"type":"Polygon","coordinates":[[[4.9721,50.5104],[4.9741,50.5079],[4.9787,50.5086],[4.9825,50.5122],[4.9847,50.5123],[4.9893,50.5149],[4.9952,50.5157],[4.9965,50.5144],[4.9995,50.5156],[5.0026,50.5147],[5.0056,50.5155],[5.0098,50.5111],[5.0147,50.5121],[5.0188,50.5143],[5.0201,50.514],[5.0244,50.5169],[5.0281,50.5182],[5.0282,50.5197],[5.0255,50.5233],[5.0272,50.5246],[5.0278,50.527],[5.0297,50.5292],[5.0343,50.5318],[5.0377,50.5339],[5.0383,50.5371],[5.0407,50.5366],[5.0461,50.5375],[5.0479,50.5395],[5.0521,50.5399],[5.0542,50.5411],[5.0538,50.543],[5.0513,50.5465],[5.0466,50.5511],[5.0484,50.5536],[5.0511,50.5554],[5.0445,50.5574],[5.0485,50.5607],[5.0396,50.568],[5.0334,50.5707],[5.0303,50.5789],[5.0344,50.5823],[5.0276,50.5845],[5.0285,50.5888],[5.0249,50.5893],[5.0191,50.5911],[5.0079,50.5954],[4.9992,50.6002],[4.9998,50.6057],[5.003,50.6068],[5.0007,50.6101],[4.9883,50.6153],[4.9817,50.6168],[4.9795,50.6185],[4.9635,50.6057],[4.9668,50.6008],[4.9714,50.5965],[4.9755,50.5978],[4.9857,50.5961],[4.9805,50.5912],[4.9801,50.5898],[4.9833,50.5848],[4.9811,50.5832],[4.9745,50.5865],[4.9712,50.5891],[4.9631,50.5846],[4.9592,50.5811],[4.9566,50.5811],[4.9521,50.5758],[4.9407,50.5688],[4.9381,50.5653],[4.9371,50.5621],[4.9325,50.5615],[4.9315,50.5585],[4.9305,50.551],[4.935,50.5493],[4.9398,50.5371],[4.9352,50.534],[4.919,50.5259],[4.9202,50.5222],[4.9171,50.5195],[4.9203,50.5191],[4.926,50.5198],[4.9324,50.5161],[4.9295,50.5144],[4.9262,50.5142],[4.9197,50.511],[4.9229,50.5094],[4.9264,50.5067],[4.9306,50.5061],[4.9353,50.5064],[4.9377,50.5048],[4.9404,50.5073],[4.9426,50.5108],[4.9432,50.5139],[4.9429,50.5168],[4.9443,50.5176],[4.9477,50.5216],[4.953,50.5227],[4.9549,50.5215],[4.9563,50.5186],[4.9601,50.5197],[4.9598,50.5168],[4.9642,50.5152],[4.9675,50.5166],[4.9736,50.5118],[4.9721,50.5104]]]},"properties":{"id":"92138","name":"Fernelmont","subdivision":"Namur","cx":4.988,"cy":50.551}},
{"type":"Feature","geometry":{"type":"Polygon","coordinates":[[[5.9095,50.5676],[5.9084,50.5686],[5.9105,50.5743],[5.9104,50.5767],[5.8995,50.581],[5.9013,50.583],[5.9076,50.5862],[5.9111,50.586],[5.9137,50.5832],[5.9166,50.5822],[5.9223,50.5815],[5.9256,50.5817],[5.9241,50.5885],[5.9201,50.5929],[5.9191,50.5948],[5.9189,50.5996],[5.9198,50.6009],[5.9159,50.603],[5.9126,50.6066],[5.9099,50.6085],[5.9053,50.607],[5.905,50.6048],[5.8991,50.6026],[5.8923,50.6038],[5.8875,50.6028],[5.8839,50.6038],[5.8816,50.6031],[5.8773,50.6],[5.8748,50.6017],[5.8717,50.6],[5.8708,50.5979],[5.8681,50.597],[5.8663,50.599],[5.8614,50.5967],[5.8598,50.5984],[5.8514,50.5973],[5.8487,50.5975],[5.8422,50.6015],[5.8382,50.6053],[5.8408,50.6074],[5.8387,50.6093],[5.8425,50.6108],[5.8428,50.6138],[5.8413,50.6161],[5.8481,50.619],[5.8432,50.6224],[5.8411,50.6261],[5.8379,50.6247],[5.8272,50.6241],[5.8223,50.6232],[5.8215,50.6219],[5.8129,50.617],[5.8155,50.6158],[5.8198,50.6109],[5.8238,50.6087],[5.8269,50.6056],[5.8243,50.6042],[5.8203,50.6004],[5.8238,50.5977],[5.8235,50.5951],[5.8215,50.5915],[5.8233,50.589],[5.8228,50.5869],[5.8247,50.5839],[5.8265,50.583],[5.8278,50.5801],[5.8337,50.58],[5.8361,50.5771],[5.8309,50.5754],[5.8322,50.5712],[5.8289,50.57],[5.8291,50.5664],[5.8412,50.5593],[5.8556,50.5612],[5.8646,50.5621],[5.8615,50.5578],[5.8467,50.5492],[5.8611,50.5511],[5.8686,50.5539],[5.8776,50.5557],[5.8855,50.5553],[5.8903,50.5559],[5.8974,50.5608],[5.8981,50.5626],[5.9004,50.5643],[5.9023,50.567],[5.9059,50.5664],[5.9095,50.5676]]]},"properties":{"id":"63079","name":"Verviers","subdivision":"Liège","cx":5.874,"cy":50.579}},
{"type":"Feature","geometry":{"type":"Polygon","coordinates":[[[5.5471,50.5613],[5.5528,50.5611],[5.5514,50.564],[5.5516,50.567],[5.5534,50.568],[5.5517,50.5696],[5.5517,50.5716],[5.5469,50.5741],[5.5451,50.577],[5.5468,50.5789],[5.5508,50.5804],[5.5538,50.585],[5.5568,50.5866],[5.5558,50.5888],[5.5659,50.5906],[5.5611,50.5985],[5.5595,50.6002],[5.5597,50.6045],[5.5587,50.6071],[5.5478,50.6072],[5.5373,50.6084],[5.5337,50.6095],[5.5298,50.6129],[5.5252,50.6162],[5.5197,50.618],[5.5217,50.6214],[5.5196,50.6238],[5.5234,50.6252],[5.5217,50.6283],[5.5196,50.6268],[5.5136,50.6268],[5.5126,50.6279],[5.509,50.627],[5.508,50.6281],[5.503,50.6245],[5.496,50.622],[5.4946,50.6237],[5.4884,50.6259],[5.4859,50.6277],[5.4836,50.6268],[5.4796,50.6229],[5.4762,50.6214],[5.4759,50.6201],[5.4808,50.6185],[5.4825,50.6163],[5.4821,50.6129],[5.4857,50.6093],[5.4846,50.6081],[5.4891,50.6042],[5.4818,50.5994],[5.4786,50.5955],[5.4799,50.5934],[5.4789,50.589],[5.4728,50.5857],[5.4701,50.5822],[5.4706,50.5796],[5.4725,50.5787],[5.476,50.5794],[5.4817,50.578],[5.4828,50.575],[5.4818,50.5737],[5.4835,50.5718],[5.4925,50.5686],[5.4947,50.5662],[5.4981,50.564],[5.4987,50.5585],[5.4975,50.557],[5.4966,50.552],[5.4974,50.5497],[5.4996,50.5478],[5.5023,50.5494],[5.5092,50.5516],[5.5471,50.5613]]]},"properties":{"id":"62096","name":"Seraing","subdivision":"Liège","cx":5.516,"cy":50.589}},
{"type":"Feature","geometry":{"type":"Polygon","coordinates":[[[5.2657,50.5518],[5.2691,50.5513],[5.2751,50.5529],[5.2786,50.5554],[5.281,50.5561],[5.2807,50.5594],[5.2851,50.5622],[5.288,50.5662],[5.2853,50.5688],[5.2862,50.5738],[5.2884,50.5743],[5.2926,50.5772],[5.2941,50.5801],[5.2916,50.582],[5.2888,50.5863],[5.2974,50.5901],[5.2947,50.5927],[5.2897,50.5956],[5.2933,50.6017],[5.2878,50.604],[5.2776,50.5987],[5.2761,50.5996],[5.269,50.5969],[5.2672,50.5983],[5.2631,50.5961],[5.2605,50.5971],[5.2538,50.5947],[5.2526,50.5998],[5.2527,50.6029],[5.2561,50.6049],[5.2588,50.6087],[5.2604,50.6136],[5.2596,50.616],[5.2551,50.6176],[5.2519,50.6163],[5.2491,50.6183],[5.2462,50.6231],[5.2441,50.6226],[5.2404,50.6243],[5.2392,50.6233],[5.2349,50.6251],[5.2259,50.622],[5.2216,50.6214],[5.2175,50.624],[5.215,50.6235],[5.21,50.6244],[5.2085,50.6262],[5.2059,50.6268],[5.2024,50.6299],[5.1991,50.6275],[5.1967,50.627],[5.1916,50.6231],[5.1897,50.6209],[5.1935,50.6166],[5.2009,50.6097],[5.1967,50.6064],[5.1951,50.604],[5.1924,50.6022],[5.195,50.6002],[5.1911,50.5965],[5.1936,50.5957],[5.192,50.5906],[5.193,50.5899],[5.1983,50.5913],[5.2,50.5901],[5.2042,50.5891],[5.2068,50.59],[5.2073,50.5868],[5.21,50.5841],[5.2085,50.5815],[5.2034,50.5787],[5.208,50.5769],[5.2079,50.5752],[5.2144,50.5784],[5.2186,50.5775],[5.2238,50.5776],[5.2279,50.5789],[5.2332,50.582],[5.2397,50.5825],[5.2436,50.5776],[5.2491,50.574],[5.2527,50.5693],[5.2535,50.5674],[5.2562,50.5656],[5.2563,50.5624],[5.2583,50.5602],[5.2562,50.5593],[5.2599,50.554],[5.2651,50.5546],[5.2657,50.5518]]]},"properties":{"id":"61068","name":"Villers-le-Bouillet","subdivision":"Liège","cx":5.234,"cy":50.601}},
{"type":"Feature","geometry":{"type":"Polygon","coordinates":[[[4.6277,50.5645],[4.6286,50.5641],[4.6337,50.5662],[4.6374,50.5627],[4.6419,50.565],[4.6439,50.564],[4.6446,50.5602],[4.6622,50.5646],[4.6684,50.5668],[4.6734,50.5712],[4.6618,50.5769],[4.6571,50.5859],[4.6587,50.587],[4.656,50.592],[4.6568,50.601],[4.6528,50.6052],[4.6521,50.6079],[4.6498,50.6093],[4.6497,50.6111],[4.6526,50.6113],[4.6585,50.6138],[4.6603,50.6163],[4.6633,50.6167],[4.6605,50.6207],[4.6579,50.6229],[4.6538,50.6244],[4.6512,50.6265],[4.651,50.6288],[4.6426,50.6259],[4.6338,50.6293],[4.6307,50.6273],[4.6318,50.6251],[4.6373,50.6232],[4.6363,50.6208],[4.6327,50.6208],[4.6345,50.617],[4.6275,50.6127],[4.6273,50.6112],[4.622,50.6069],[4.6195,50.6069],[4.6111,50.6095],[4.6065,50.609],[4.5976,50.6115],[4.594,50.6114],[4.592,50.6104],[4.5889,50.6113],[4.5869,50.6076],[4.5746,50.598],[4.579,50.5977],[4.5876,50.5986],[4.5907,50.5978],[4.585,50.5939],[4.5815,50.5897],[4.5794,50.5881],[4.5812,50.5842],[4.5788,50.5804],[4.5801,50.5741],[4.582,50.5719],[4.5802,50.5703],[4.5733,50.5686],[4.5749,50.5654],[4.575,50.5608],[4.5808,50.562],[4.5882,50.5627],[4.5973,50.5673],[4.5989,50.5667],[4.604,50.569],[4.6097,50.5694],[4.6111,50.5675],[4.6179,50.5697],[4.6206,50.5672],[4.6194,50.5635],[4.622,50.5617],[4.6266,50.5646],[4.6277,50.5645]]]},"properties":{"id":"25117","name":"Chastre","subdivision":"Brabant wallon","cx":4.627,"cy":50.587}},
{"type":"Feature","geometry":{"type":"Polygon","coordinates":[[[5.3805,50.6139],[5.3744,50.6184],[5.3738,50.6206],[5.3716,50.6223],[5.3647,50.6252],[5.3604,50.6281],[5.3502,50.6313],[5.3492,50.6334],[5.3476,50.6285],[5.3422,50.6246],[5.3398,50.6249],[5.3378,50.6214],[5.3384,50.6196],[5.3408,50.6188],[5.3422,50.616],[5.3347,50.612],[5.3397,50.609],[5.3373,50.6066],[5.3395,50.6055],[5.3363,50.6028],[5.3398,50.5999],[5.3341,50.5971],[5.3324,50.5923],[5.329,50.5933],[5.3261,50.5919],[5.3396,50.5841],[5.3421,50.5801],[5.3443,50.5787],[5.343,50.5764],[5.3481,50.5707],[5.3501,50.5664],[5.3452,50.5661],[5.344,50.5638],[5.346,50.5607],[5.3582,50.5647],[5.3678,50.5667],[5.3824,50.5707],[5.3805,50.5727],[5.3772,50.5734],[5.3777,50.5748],[5.375,50.5763],[5.3753,50.5783],[5.3798,50.5803],[5.3836,50.5833],[5.3877,50.585],[5.3941,50.5888],[5.3944,50.5898],[5.388,50.5921],[5.388,50.5964],[5.3908,50.5992],[5.3858,50.603],[5.3863,50.6053],[5.3856,50.6098],[5.3805,50.6139]]]},"properties":{"id":"64065","name":"Saint-Georges-sur-Meuse","subdivision":"Liège","cx":5.36,"cy":50.597}},
{"type":"Feature","geometry":{"type":"Polygon","coordinates":[[[4.0393,50.5005],[4.0415,50.5038],[4.0446,50.5047],[4.0468,50.5043],[4.0513,50.5068],[4.0644,50.5075],[4.0709,50.5067],[4.0733,50.5102],[4.0738,50.5134],[4.0728,50.5202],[4.0712,50.5255],[4.0744,50.5283],[4.0797,50.5313],[4.0865,50.5317],[4.0922,50.5299],[4.0983,50.5308],[4.102,50.5319],[4.1041,50.5305],[4.1078,50.53],[4.1128,50.5314],[4.1168,50.5318],[4.12,50.534],[4.1217,50.5369],[4.1272,50.5389],[4.1295,50.5414],[4.1306,50.545],[4.1292,50.5475],[4.1298,50.5514],[4.1281,50.5553],[4.128,50.5585],[4.1243,50.5606],[4.1235,50.5648],[4.1129,50.5685],[4.1056,50.5694],[4.1038,50.5737],[4.1,50.5768],[4.0979,50.5803],[4.0977,50.5844],[4.0965,50.5844],[4.0924,50.5898],[4.0877,50.5927],[4.0834,50.5939],[4.0792,50.5971],[4.075,50.5987],[4.0679,50.6035],[4.066,50.6062],[4.0671,50.6074],[4.0665,50.6097],[4.0629,50.6123],[4.0694,50.615],[4.0692,50.6174],[4.0728,50.6197],[4.0724,50.6212],[4.0683,50.6238],[4.0593,50.6263],[4.0564,50.6294],[4.0489,50.6307],[4.0488,50.632],[4.0435,50.6309],[4.0406,50.6316],[4.0365,50.63],[4.0353,50.6311],[4.0312,50.6319],[4.0265,50.6337],[4.015,50.6329],[4.0091,50.6298],[4.0039,50.625],[4.0006,50.6279],[3.9873,50.6248],[3.9832,50.6232],[3.9791,50.6233],[3.9783,50.6211],[3.9807,50.6193],[3.9831,50.6118],[3.9819,50.608],[3.9776,50.6021],[3.9715,50.6011],[3.971,50.5989],[3.9732,50.5956],[3.9689,50.5922],[3.9621,50.5901],[3.9531,50.589],[3.9521,50.5871],[3.9581,50.5854],[3.9618,50.586],[3.9658,50.5849],[3.9693,50.588],[3.9714,50.5861],[3.9679,50.5832],[3.9711,50.5795],[3.9708,50.5767],[3.9754,50.5742],[3.9774,50.5745],[3.9783,50.5702],[3.9706,50.5686],[3.972,50.5665],[3.9746,50.5653],[3.9724,50.5629],[3.9748,50.5598],[3.974,50.5569],[3.9774,50.5564],[3.9793,50.5552],[3.9754,50.5473],[3.9808,50.55],[3.985,50.5475],[3.9871,50.5446],[3.983,50.5426],[3.9878,50.5387],[3.991,50.5373],[3.9922,50.5324],[3.9885,50.5292],[3.9895,50.527],[3.9956,50.5252],[3.9943,50.5228],[3.9894,50.5216],[3.9857,50.5199],[3.9861,50.5173],[3.9807,50.5165],[3.9762,50.5168],[3.9752,50.5138],[3.9868,50.5072],[3.9936,50.5043],[3.9979,50.5049],[4.0121,50.503],[4.0161,50.5046],[4.0189,50.5038],[4.0219,50.5074],[4.0247,50.5082],[4.0299,50.5076],[4.0351,50.5058],[4.0366,50.503],[4.0393,50.5005]]]},"properties":{"id":"55040","name":"Soignies","subdivision":"Hainaut","cx":4.038,"cy":50.566}},
{"type":"Feature","geometry":{"type":"Polygon","coordinates":[[[5.9126,50.6066],[5.9138,50.6089],[5.9101,50.6109],[5.9124,50.6161],[5.9112,50.618],[5.9053,50.6204],[5.9052,50.6221],[5.9017,50.6219],[5.8983,50.6244],[5.9007,50.6265],[5.896,50.6267],[5.8935,50.6291],[5.8918,50.6293],[5.8873,50.6328],[5.8845,50.634],[5.8791,50.6327],[5.874,50.6296],[5.8694,50.6292],[5.8608,50.6267],[5.8533,50.625],[5.8502,50.6249],[5.8479,50.6227],[5.8432,50.6224],[5.8481,50.619],[5.8413,50.6161],[5.8428,50.6138],[5.8425,50.6108],[5.8387,50.6093],[5.8408,50.6074],[5.8382,50.6053],[5.8422,50.6015],[5.8487,50.5975],[5.8514,50.5973],[5.8598,50.5984],[5.8614,50.5967],[5.8663,50.599],[5.8681,50.597],[5.8708,50.5979],[5.8717,50.6],[5.8748,50.6017],[5.8773,50.6],[5.8816,50.6031],[5.8839,50.6038],[5.8875,50.6028],[5.8923,50.6038],[5.8991,50.6026],[5.905,50.6048],[5.9053,50.607],[5.9099,50.6085],[5.9126,50.6066]]]},"properties":{"id":"63020","name":"Dison","subdivision":"Liège","cx":5.875,"cy":50.615}},
{"type":"Feature","geometry":{"type":"Polygon","coordinates":[[[3.8356,50.5821],[3.8437,50.5817],[3.863,50.5821],[3.8636,50.5808],[3.8675,50.58],[3.8669,50.578],[3.8726,50.5771],[3.8702,50.574],[3.8791,50.5693],[3.8841,50.573],[3.888,50.5723],[3.8911,50.5741],[3.8953,50.578],[3.8983,50.5792],[3.9036,50.5797],[3.9073,50.5793],[3.9097,50.5822],[3.8983,50.5876],[3.8962,50.588],[3.9059,50.594],[3.9064,50.596],[3.9114,50.6044],[3.9091,50.6084],[3.9068,50.6109],[3.9059,50.6138],[3.9042,50.6156],[3.9018,50.6176],[3.9008,50.6201],[3.8949,50.623],[3.8943,50.6199],[3.8889,50.6211],[3.8873,50.6225],[3.8847,50.6217],[3.8771,50.6228],[3.8731,50.6257],[3.87,50.6252],[3.8668,50.63],[3.8672,50.6325],[3.8607,50.6337],[3.8601,50.6309],[3.8573,50.632],[3.8559,50.6282],[3.8516,50.6282],[3.8451,50.6257],[3.8396,50.6265],[3.8366,50.6233],[3.8318,50.621],[3.8301,50.6172],[3.8278,50.6171],[3.8231,50.614],[3.8242,50.6119],[3.8211,50.6068],[3.8205,50.6044],[3.819,50.6009],[3.8321,50.594],[3.8307,50.5932],[3.834,50.5904],[3.836,50.59],[3.8371,50.5861],[3.8343,50.5835],[3.8356,50.5821]]]},"properties":{"id":"51012","name":"Brugelette","subdivision":"Hainaut","cx":3.867,"cy":50.602}},
{"type":"Feature","geometry":{"type":"Polygon","coordinates":[[[4.3767,50.5592],[4.3795,50.561],[4.3825,50.564],[4.3795,50.5662],[4.3785,50.5685],[4.381,50.57],[4.381,50.5713],[4.3852,50.5742],[4.3845,50.5755],[4.3856,50.5801],[4.3889,50.5809],[4.3894,50.5834],[4.3995,50.5871],[4.3983,50.5882],[4.4026,50.5902],[4.4024,50.593],[4.4057,50.5965],[4.4012,50.5986],[4.3981,50.601],[4.3979,50.6033],[4.3953,50.603],[4.3917,50.6041],[4.3884,50.6035],[4.3806,50.6035],[4.3848,50.6095],[4.3875,50.6126],[4.3853,50.6151],[4.385,50.6175],[4.3872,50.6223],[4.3911,50.6227],[4.3912,50.6261],[4.387,50.6262],[4.384,50.6288],[4.3779,50.6275],[4.3756,50.6289],[4.3708,50.628],[4.3648,50.6257],[4.3612,50.6262],[4.3534,50.629],[4.3461,50.6306],[4.341,50.6301],[4.3359,50.631],[4.3302,50.6353],[4.3243,50.6336],[4.3243,50.6326],[4.3204,50.6306],[4.3185,50.6321],[4.3148,50.632],[4.3071,50.6301],[4.303,50.6307],[4.2984,50.6275],[4.2943,50.6258],[4.2902,50.6252],[4.2848,50.6235],[4.282,50.6213],[4.2778,50.6192],[4.2705,50.6179],[4.2683,50.6156],[4.2694,50.6133],[4.262,50.6149],[4.258,50.6149],[4.2537,50.6159],[4.2503,50.6148],[4.2505,50.6134],[4.2456,50.6123],[4.2514,50.601],[4.2508,50.5996],[4.2469,50.5983],[4.2472,50.5961],[4.2502,50.5955],[4.2516,50.5939],[4.2561,50.5933],[4.2584,50.5939],[4.2608,50.5929],[4.2744,50.5944],[4.2753,50.5925],[4.2807,50.5915],[4.2845,50.5881],[4.2841,50.5863],[4.289,50.5838],[4.2966,50.5782],[4.297,50.5761],[4.3016,50.5721],[4.3023,50.5679],[4.3046,50.567],[4.3137,50.5672],[4.3207,50.5678],[4.321,50.5685],[4.3287,50.5698],[4.3344,50.569],[4.3363,50.5669],[4.3308,50.5602],[4.3322,50.5579],[4.334,50.557],[4.3316,50.5527],[4.3313,50.5507],[4.3253,50.5492],[4.3283,50.5457],[4.3309,50.5456],[4.3318,50.5433],[4.3384,50.5438],[4.3417,50.5472],[4.3448,50.5485],[4.3452,50.5502],[4.3424,50.5527],[4.3478,50.5543],[4.3519,50.5568],[4.3575,50.5562],[4.3588,50.5581],[4.3564,50.5616],[4.3588,50.5629],[4.3648,50.5604],[4.3682,50.5619],[4.3705,50.5598],[4.3728,50.5612],[4.3767,50.5592]]]},"properties":{"id":"25072","name":"Nivelles","subdivision":"Brabant wallon","cx":4.332,"cy":50.598}},
{"type":"Feature","geometry":{"type":"Polygon","coordinates":[[[5.3261,50.5919],[5.329,50.5933],[5.3324,50.5923],[5.3341,50.5971],[5.3398,50.5999],[5.3363,50.6028],[5.3395,50.6055],[5.3373,50.6066],[5.3397,50.609],[5.3347,50.612],[5.3422,50.616],[5.3408,50.6188],[5.3384,50.6196],[5.3378,50.6214],[5.3398,50.6249],[5.3422,50.6246],[5.3476,50.6285],[5.3492,50.6334],[5.3405,50.6327],[5.3345,50.631],[5.3298,50.6302],[5.3189,50.6262],[5.3145,50.6259],[5.3119,50.6265],[5.3047,50.6252],[5.3007,50.626],[5.2972,50.6277],[5.2994,50.629],[5.2919,50.6333],[5.2814,50.6372],[5.2779,50.6364],[5.2693,50.6316],[5.2733,50.6307],[5.2772,50.6282],[5.2727,50.6255],[5.2766,50.6221],[5.2753,50.6206],[5.2695,50.6185],[5.2652,50.6195],[5.2652,50.6172],[5.2596,50.616],[5.2604,50.6136],[5.2588,50.6087],[5.2561,50.6049],[5.2527,50.6029],[5.2526,50.5998],[5.2538,50.5947],[5.2605,50.5971],[5.2631,50.5961],[5.2672,50.5983],[5.269,50.5969],[5.2761,50.5996],[5.2776,50.5987],[5.2878,50.604],[5.2933,50.6017],[5.2897,50.5956],[5.2947,50.5927],[5.2974,50.5901],[5.2888,50.5863],[5.2916,50.582],[5.2941,50.5801],[5.2926,50.5772],[5.2927,50.576],[5.2957,50.574],[5.3005,50.5763],[5.3022,50.5782],[5.3056,50.5777],[5.3165,50.5816],[5.3207,50.5837],[5.3232,50.5892],[5.3262,50.5893],[5.3261,50.5919]]]},"properties":{"id":"61063","name":"Verlaine","subdivision":"Liège","cx":5.31,"cy":50.608}},
{"type":"Feature","geometry":{"type":"Polygon","coordinates":[[[5.6997,50.5953],[5.6999,50.5979],[5.6962,50.5993],[5.696,50.6006],[5.6924,50.605],[5.6929,50.608],[5.6948,50.6091],[5.6978,50.6124],[5.7003,50.6136],[5.7019,50.6114],[5.7042,50.6126],[5.7017,50.6144],[5.7035,50.6161],[5.7066,50.616],[5.7128,50.6183],[5.71,50.6216],[5.7102,50.6237],[5.714,50.6308],[5.7119,50.6316],[5.702,50.6388],[5.699,50.6403],[5.6965,50.6434],[5.6927,50.6449],[5.686,50.6415],[5.6819,50.638],[5.683,50.6324],[5.689,50.6273],[5.6928,50.6253],[5.6909,50.6236],[5.6831,50.6273],[5.6749,50.6299],[5.6731,50.63],[5.6717,50.6265],[5.673,50.6242],[5.6692,50.6227],[5.6733,50.6189],[5.6691,50.6161],[5.6731,50.6155],[5.6684,50.6131],[5.6627,50.616],[5.6583,50.6151],[5.6545,50.613],[5.6507,50.612],[5.6462,50.6117],[5.6488,50.6103],[5.6506,50.6079],[5.6545,50.6076],[5.6552,50.6051],[5.6515,50.6041],[5.6558,50.5982],[5.6585,50.5978],[5.6616,50.5953],[5.6633,50.5958],[5.6657,50.5935],[5.6688,50.5944],[5.6732,50.5966],[5.6755,50.5957],[5.6772,50.5936],[5.6807,50.5928],[5.6838,50.5924],[5.6871,50.5902],[5.6912,50.59],[5.6918,50.5922],[5.6997,50.5941],[5.6997,50.5953]]]},"properties":{"id":"62038","name":"Fléron","subdivision":"Liège","cx":5.684,"cy":50.615}},
{"type":"Feature","geometry":{"type":"Polygon","coordinates":[[[3.6153,50.5608],[3.6196,50.5632],[3.6256,50.5612],[3.6305,50.5573],[3.6326,50.5533],[3.6292,50.5497],[3.6341,50.5507],[3.6371,50.5519],[3.641,50.5516],[3.6503,50.549],[3.6523,50.5478],[3.6625,50.5527],[3.6576,50.5557],[3.6662,50.559],[3.6619,50.5613],[3.6622,50.5634],[3.6645,50.5662],[3.6708,50.5707],[3.6721,50.5722],[3.6716,50.5741],[3.6753,50.5757],[3.6793,50.5806],[3.6809,50.5817],[3.6891,50.5797],[3.6951,50.5807],[3.7022,50.5803],[3.7072,50.5796],[3.709,50.5823],[3.7083,50.5837],[3.7138,50.5893],[3.7073,50.5906],[3.7068,50.5896],[3.7019,50.5909],[3.6957,50.5949],[3.6967,50.5968],[3.6899,50.5985],[3.6907,50.6036],[3.6935,50.6087],[3.6961,50.6085],[3.6977,50.6115],[3.6983,50.6162],[3.6956,50.6171],[3.6966,50.6214],[3.6889,50.623],[3.6848,50.6222],[3.6835,50.6241],[3.6798,50.6248],[3.6772,50.6317],[3.6785,50.6339],[3.6702,50.6352],[3.6679,50.6383],[3.6677,50.6413],[3.6661,50.6431],[3.6592,50.6453],[3.655,50.6454],[3.6502,50.6459],[3.6444,50.6442],[3.6455,50.6426],[3.6495,50.6423],[3.6492,50.6389],[3.6531,50.6382],[3.6555,50.6345],[3.655,50.632],[3.6518,50.6312],[3.6481,50.6313],[3.6437,50.633],[3.6406,50.6329],[3.6403,50.6354],[3.6373,50.6374],[3.6371,50.6398],[3.633,50.6399],[3.6301,50.6415],[3.6255,50.6382],[3.6248,50.6367],[3.6187,50.6348],[3.6142,50.6347],[3.6113,50.6333],[3.606,50.6332],[3.6012,50.6339],[3.5965,50.6359],[3.5933,50.6361],[3.5867,50.6339],[3.5877,50.6315],[3.5918,50.6323],[3.5912,50.6286],[3.5842,50.6271],[3.5805,50.6257],[3.5793,50.6282],[3.5747,50.6274],[3.5737,50.6294],[3.5679,50.6286],[3.567,50.6313],[3.5642,50.631],[3.5652,50.6279],[3.5599,50.6273],[3.5558,50.6255],[3.5606,50.6234],[3.565,50.6225],[3.5685,50.6227],[3.5743,50.6248],[3.5754,50.6231],[3.5736,50.62],[3.5769,50.6161],[3.5758,50.6116],[3.5736,50.6097],[3.5648,50.6062],[3.5645,50.6029],[3.561,50.6012],[3.5608,50.5993],[3.5587,50.5961],[3.5574,50.5921],[3.5538,50.5898],[3.5509,50.5888],[3.5507,50.5866],[3.5523,50.5822],[3.5491,50.5787],[3.5513,50.578],[3.5488,50.5753],[3.5485,50.5726],[3.5563,50.5702],[3.5618,50.5696],[3.5693,50.5727],[3.5676,50.5758],[3.5709,50.5775],[3.5764,50.5758],[3.5817,50.5728],[3.5791,50.5714],[3.5843,50.5683],[3.5844,50.5664],[3.589,50.5666],[3.592,50.564],[3.5866,50.5609],[3.5924,50.5583],[3.5972,50.5591],[3.6011,50.5582],[3.6048,50.5565],[3.607,50.5589],[3.6105,50.5588],[3.6113,50.5601],[3.6153,50.5608]]]},"properties":{"id":"57094","name":"Leuze-en-Hainaut","subdivision":"Hainaut","cx":3.629,"cy":50.597}},
{"type":"Feature","geometry":{"type":"Polygon","coordinates":[[[5.0618,50.6025],[5.0598,50.6048],[5.0545,50.608],[5.0491,50.6167],[5.0471,50.6216],[5.0565,50.6289],[5.0573,50.6308],[5.0547,50.6373],[5.0563,50.6422],[5.0468,50.6443],[5.0458,50.6457],[5.0397,50.6433],[5.0264,50.6465],[5.0227,50.6452],[5.0216,50.6411],[5.0196,50.6378],[5.0146,50.6334],[5.0091,50.6375],[5.004,50.6383],[4.9978,50.6368],[4.9942,50.6369],[4.9903,50.6411],[4.9882,50.6455],[4.9833,50.6422],[4.9877,50.6392],[4.9899,50.6368],[4.9869,50.6364],[4.9821,50.6346],[4.9883,50.6254],[4.984,50.6208],[4.9795,50.6185],[4.9817,50.6168],[4.9883,50.6153],[5.0007,50.6101],[5.003,50.6068],[4.9998,50.6057],[4.9992,50.6002],[5.0079,50.5954],[5.0191,50.5911],[5.0249,50.5893],[5.0285,50.5888],[5.03,50.5924],[5.0347,50.5914],[5.0435,50.5911],[5.0453,50.5889],[5.0521,50.5898],[5.0567,50.5954],[5.0607,50.5973],[5.0594,50.5991],[5.0618,50.6025]]]},"properties":{"id":"64075","name":"Wasseiges","subdivision":"Liège","cx":5.025,"cy":50.617}},
{"type":"Feature","geometry":{"type":"Polygon","coordinates":[[[4.919,50.5259],[4.9352,50.534],[4.9398,50.5371],[4.935,50.5493],[4.9305,50.551],[4.9315,50.5585],[4.9325,50.5615],[4.9371,50.5621],[4.9381,50.5653],[4.9407,50.5688],[4.9521,50.5758],[4.9566,50.5811],[4.9592,50.5811],[4.9631,50.5846],[4.9712,50.5891],[4.9745,50.5865],[4.9811,50.5832],[4.9833,50.5848],[4.9801,50.5898],[4.9805,50.5912],[4.9857,50.5961],[4.9755,50.5978],[4.9714,50.5965],[4.9668,50.6008],[4.9635,50.6057],[4.9795,50.6185],[4.984,50.6208],[4.9883,50.6254],[4.9821,50.6346],[4.9869,50.6364],[4.9899,50.6368],[4.9877,50.6392],[4.9833,50.6422],[4.9789,50.6395],[4.9665,50.6481],[4.9648,50.6483],[4.9567,50.6451],[4.9535,50.6479],[4.9502,50.6467],[4.9428,50.6421],[4.9412,50.6434],[4.9404,50.64],[4.9411,50.636],[4.9369,50.6345],[4.9297,50.6292],[4.9294,50.6274],[4.9205,50.6258],[4.9146,50.6259],[4.9002,50.6289],[4.8977,50.628],[4.9015,50.6226],[4.8892,50.6221],[4.8718,50.6184],[4.8617,50.6176],[4.8517,50.6152],[4.8389,50.6097],[4.8314,50.6085],[4.817,50.6093],[4.8073,50.6068],[4.8055,50.6052],[4.8005,50.6025],[4.7997,50.6046],[4.7885,50.6021],[4.8001,50.5923],[4.8071,50.5852],[4.8016,50.5831],[4.7967,50.5824],[4.7934,50.5833],[4.7917,50.585],[4.7882,50.5805],[4.7899,50.5791],[4.787,50.5764],[4.791,50.5721],[4.7971,50.5733],[4.8045,50.5691],[4.8024,50.5678],[4.8085,50.5636],[4.8182,50.5539],[4.8277,50.5591],[4.8331,50.5544],[4.833,50.5453],[4.8359,50.5466],[4.8383,50.5516],[4.8385,50.554],[4.8506,50.5486],[4.858,50.5465],[4.8609,50.544],[4.8648,50.5466],[4.8668,50.5453],[4.8723,50.5457],[4.8747,50.5446],[4.8758,50.5428],[4.8728,50.5417],[4.8756,50.539],[4.8726,50.5346],[4.8761,50.5337],[4.8841,50.5308],[4.8873,50.5332],[4.8882,50.5349],[4.8945,50.5288],[4.8959,50.5268],[4.903,50.5296],[4.9047,50.5312],[4.9081,50.5279],[4.9109,50.53],[4.919,50.5259]]]},"properties":{"id":"92035","name":"Éghezée","subdivision":"Namur","cx":4.894,"cy":50.585}},
{"type":"Feature","geometry":{"type":"Polygon","coordinates":[[[5.2079,50.5752],[5.208,50.5769],[5.2034,50.5787],[5.2085,50.5815],[5.21,50.5841],[5.2073,50.5868],[5.2068,50.59],[5.2042,50.5891],[5.2,50.5901],[5.1983,50.5913],[5.193,50.5899],[5.192,50.5906],[5.1936,50.5957],[5.1911,50.5965],[5.195,50.6002],[5.1924,50.6022],[5.1951,50.604],[5.1967,50.6064],[5.2009,50.6097],[5.1935,50.6166],[5.1897,50.6209],[5.1916,50.6231],[5.1967,50.627],[5.1939,50.629],[5.1963,50.6326],[5.1936,50.6337],[5.1968,50.636],[5.1926,50.6396],[5.1958,50.6413],[5.1957,50.6436],[5.1942,50.6461],[5.1904,50.6494],[5.1768,50.6456],[5.1678,50.6451],[5.1654,50.647],[5.1615,50.6457],[5.1589,50.6469],[5.152,50.6486],[5.1404,50.6441],[5.1343,50.6397],[5.1309,50.6416],[5.1271,50.6373],[5.1168,50.6381],[5.1096,50.64],[5.1008,50.6407],[5.0961,50.6398],[5.0985,50.6357],[5.099,50.6314],[5.0944,50.6316],[5.0913,50.6305],[5.092,50.6282],[5.0866,50.6272],[5.0832,50.6253],[5.0806,50.6211],[5.0822,50.618],[5.0842,50.6098],[5.083,50.6068],[5.0837,50.6032],[5.0833,50.5997],[5.083,50.5984],[5.0954,50.5991],[5.098,50.5986],[5.104,50.5935],[5.1066,50.5948],[5.1092,50.5935],[5.1128,50.5972],[5.1183,50.5986],[5.1231,50.6016],[5.131,50.6044],[5.1352,50.6082],[5.1406,50.6064],[5.1499,50.6021],[5.1547,50.5989],[5.1582,50.5981],[5.163,50.5954],[5.1656,50.5855],[5.1632,50.5834],[5.1668,50.5806],[5.1668,50.5791],[5.1698,50.5798],[5.1727,50.5776],[5.1777,50.5771],[5.1781,50.5756],[5.1841,50.576],[5.1886,50.5727],[5.1907,50.5737],[5.1952,50.5709],[5.2079,50.5752]]]},"properties":{"id":"64015","name":"Braives","subdivision":"Liège","cx":5.154,"cy":50.624}},
{"type":"Feature","geometry":{"type":"Polygon","coordinates":[[[6.1376,50.5481],[6.1362,50.5508],[6.1337,50.5515],[6.1324,50.5535],[6.1346,50.5564],[6.1348,50.5586],[6.1323,50.5599],[6.1286,50.5641],[6.125,50.566],[6.1193,50.5703],[6.1184,50.572],[6.1195,50.5752],[6.1186,50.5763],[6.118,50.5816],[6.1169,50.5847],[6.1125,50.5865],[6.1108,50.5892],[6.1065,50.5905],[6.106,50.5918],[6.1027,50.5928],[6.1026,50.5948],[6.1009,50.5972],[6.0961,50.5981],[6.0884,50.5961],[6.0825,50.599],[6.0774,50.6002],[6.0715,50.599],[6.0673,50.601],[6.0628,50.5999],[6.0587,50.5977],[6.0556,50.5994],[6.0531,50.6059],[6.0504,50.6069],[6.0422,50.6153],[6.0356,50.6145],[6.0346,50.6137],[6.0295,50.6162],[6.0257,50.6161],[6.0169,50.6127],[6.014,50.6139],[6.0149,50.6167],[6.0108,50.6196],[6.0048,50.6227],[6.0016,50.627],[6.0032,50.6294],[6.0067,50.6305],[6.0094,50.6327],[6.005,50.6371],[6.0009,50.6396],[6.0082,50.6447],[6.0002,50.65],[5.9881,50.6472],[5.9787,50.6468],[5.9375,50.6497],[5.9389,50.6478],[5.9387,50.6454],[5.9347,50.6433],[5.9342,50.6412],[5.9362,50.6391],[5.934,50.6367],[5.9394,50.6313],[5.9389,50.6279],[5.9421,50.6271],[5.9595,50.6177],[5.9694,50.6145],[5.9745,50.6113],[5.982,50.6054],[5.9808,50.6033],[5.9785,50.602],[5.9715,50.6023],[5.9708,50.601],[5.9743,50.5977],[5.9745,50.594],[5.9736,50.5901],[5.9747,50.5885],[5.9863,50.5846],[5.9952,50.5851],[5.9994,50.5833],[6.0028,50.5795],[6.0006,50.5775],[6.0007,50.5738],[6.0028,50.5725],[6.0079,50.5729],[6.0104,50.5711],[6.0109,50.5679],[6.0148,50.5657],[6.0216,50.5642],[6.0223,50.5633],[6.028,50.561],[6.0295,50.5578],[6.031,50.5519],[6.0426,50.5493],[6.0462,50.5472],[6.0502,50.546],[6.0587,50.5361],[6.0732,50.5247],[6.073,50.5195],[6.078,50.5218],[6.0849,50.5225],[6.0873,50.5218],[6.0905,50.5229],[6.1006,50.5207],[6.1035,50.5209],[6.1103,50.5231],[6.1159,50.526],[6.1239,50.5281],[6.1269,50.5298],[6.1276,50.5324],[6.1301,50.5365],[6.1337,50.5384],[6.1388,50.5404],[6.1377,50.5418],[6.1398,50.5449],[6.1398,50.5469],[6.1376,50.5481]]]},"properties":{"id":"63004","name":"Baelen","subdivision":"Liège","cx":6.074,"cy":50.567}},
{"type":"Feature","geometry":{"type":"Polygon","coordinates":[[[5.6462,50.6117],[5.6507,50.612],[5.6545,50.613],[5.6583,50.6151],[5.6627,50.616],[5.6684,50.6131],[5.6731,50.6155],[5.6691,50.6161],[5.6733,50.6189],[5.6692,50.6227],[5.673,50.6242],[5.6717,50.6265],[5.6731,50.63],[5.6749,50.6299],[5.6831,50.6273],[5.6909,50.6236],[5.6928,50.6253],[5.689,50.6273],[5.683,50.6324],[5.6819,50.638],[5.6743,50.6404],[5.6682,50.6466],[5.6661,50.6462],[5.662,50.6473],[5.659,50.6504],[5.6564,50.6507],[5.6539,50.6486],[5.6553,50.6476],[5.6508,50.644],[5.6521,50.6428],[5.6583,50.6407],[5.6601,50.6373],[5.6633,50.6359],[5.6589,50.6341],[5.6568,50.6325],[5.6573,50.63],[5.6528,50.6295],[5.6505,50.63],[5.6494,50.6318],[5.6454,50.6294],[5.6445,50.6261],[5.639,50.6269],[5.6386,50.6255],[5.6416,50.6222],[5.6381,50.6205],[5.6386,50.6181],[5.6364,50.6168],[5.6411,50.6147],[5.6446,50.6144],[5.6431,50.6121],[5.6462,50.6117]]]},"properties":{"id":"62015","name":"Beyne-Heusay","subdivision":"Liège","cx":5.662,"cy":50.624}},
{"type":"Feature","geometry":{"type":"Polygon","coordinates":[[[5.5298,50.6129],[5.5362,50.6193],[5.5386,50.6188],[5.5403,50.6208],[5.544,50.6189],[5.5479,50.6194],[5.5492,50.6213],[5.5477,50.6246],[5.5451,50.6264],[5.544,50.6288],[5.5452,50.6313],[5.5392,50.6342],[5.5361,50.6396],[5.5319,50.6449],[5.5284,50.6454],[5.5249,50.6475],[5.5232,50.6498],[5.5206,50.6514],[5.5117,50.6492],[5.5128,50.6478],[5.5103,50.6413],[5.5088,50.6391],[5.5063,50.6319],[5.508,50.6281],[5.509,50.627],[5.5126,50.6279],[5.5136,50.6268],[5.5196,50.6268],[5.5217,50.6283],[5.5234,50.6252],[5.5196,50.6238],[5.5217,50.6214],[5.5197,50.618],[5.5252,50.6162],[5.5298,50.6129]]]},"properties":{"id":"62093","name":"Saint-Nicolas","subdivision":"Liège","cx":5.528,"cy":50.635}},
{"type":"Feature","geometry":{"type":"Polygon","coordinates":[[[5.9745,50.594],[5.9743,50.5977],[5.9708,50.601],[5.9715,50.6023],[5.9785,50.602],[5.9808,50.6033],[5.982,50.6054],[5.9745,50.6113],[5.9694,50.6145],[5.9595,50.6177],[5.9421,50.6271],[5.9389,50.6279],[5.9394,50.6313],[5.934,50.6367],[5.9362,50.6391],[5.9342,50.6412],[5.9347,50.6433],[5.9387,50.6454],[5.9389,50.6478],[5.9375,50.6497],[5.9361,50.6521],[5.9316,50.6532],[5.9269,50.6507],[5.9209,50.6493],[5.9178,50.6457],[5.917,50.6434],[5.9151,50.6435],[5.9132,50.6413],[5.9075,50.6401],[5.901,50.6378],[5.9,50.6353],[5.9027,50.6346],[5.905,50.6327],[5.9029,50.6304],[5.9007,50.6265],[5.8983,50.6244],[5.9017,50.6219],[5.9052,50.6221],[5.9053,50.6204],[5.9112,50.618],[5.9124,50.6161],[5.9101,50.6109],[5.9138,50.6089],[5.9126,50.6066],[5.9159,50.603],[5.9198,50.6009],[5.9189,50.5996],[5.9191,50.5948],[5.9201,50.5929],[5.9241,50.5885],[5.9256,50.5817],[5.9268,50.5786],[5.9299,50.577],[5.9332,50.5763],[5.9404,50.5766],[5.9451,50.579],[5.953,50.5804],[5.9582,50.5826],[5.9595,50.5839],[5.9593,50.587],[5.9621,50.588],[5.9644,50.5901],[5.9677,50.591],[5.9702,50.5933],[5.9745,50.594]]]},"properties":{"id":"63046","name":"Limbourg","subdivision":"Liège","cx":5.939,"cy":50.606}},
{"type":"Feature","geometry":{"type":"Polygon","coordinates":[[[4.5746,50.598],[4.5869,50.6076],[4.5889,50.6113],[4.5898,50.616],[4.5942,50.6188],[4.5932,50.6235],[4.5919,50.6261],[4.5924,50.6287],[4.5956,50.6306],[4.5944,50.6315],[4.598,50.6372],[4.6025,50.6405],[4.6059,50.6512],[4.6078,50.6534],[4.5977,50.6539],[4.5956,50.653],[4.591,50.6544],[4.5895,50.6539],[4.586,50.6491],[4.5797,50.6513],[4.5748,50.6551],[4.5728,50.6556],[4.5706,50.6538],[4.5699,50.658],[4.5637,50.6539],[4.5554,50.6533],[4.5542,50.6521],[4.5424,50.6499],[4.5386,50.6508],[4.5349,50.654],[4.533,50.6521],[4.528,50.6527],[4.5249,50.6517],[4.5276,50.6487],[4.5315,50.6481],[4.5333,50.6493],[4.5374,50.6469],[4.5369,50.643],[4.5396,50.6406],[4.5374,50.6381],[4.5418,50.6365],[4.5398,50.6337],[4.5305,50.6269],[4.5303,50.6245],[4.5286,50.6223],[4.5325,50.6174],[4.5358,50.6152],[4.527,50.611],[4.5183,50.6081],[4.5139,50.608],[4.5127,50.6045],[4.5132,50.6024],[4.5187,50.6031],[4.5238,50.6033],[4.5316,50.5959],[4.5336,50.597],[4.5355,50.5997],[4.5384,50.6001],[4.5537,50.5963],[4.5596,50.5998],[4.5646,50.5986],[4.5653,50.5997],[4.5746,50.598]]]},"properties":{"id":"25023","name":"Court-Saint-Étienne","subdivision":"Brabant wallon","cx":4.563,"cy":50.626}},
{"type":"Feature","geometry":{"type":"Polygon","coordinates":[[[4.4696,50.5589],[4.4747,50.5612],[4.4659,50.5632],[4.4627,50.5625],[4.4578,50.5628],[4.4537,50.5712],[4.4578,50.5728],[4.468,50.5748],[4.4812,50.5768],[4.4854,50.5805],[4.4927,50.5722],[4.5007,50.5747],[4.5084,50.5786],[4.5067,50.5801],[4.5116,50.5849],[4.5153,50.5869],[4.5213,50.5884],[4.5271,50.5905],[4.5282,50.5925],[4.5305,50.5938],[4.5316,50.5959],[4.5238,50.6033],[4.5187,50.6031],[4.5132,50.6024],[4.5127,50.6045],[4.5139,50.608],[4.5183,50.6081],[4.527,50.611],[4.5358,50.6152],[4.5325,50.6174],[4.5286,50.6223],[4.5303,50.6245],[4.5305,50.6269],[4.5398,50.6337],[4.5418,50.6365],[4.5374,50.6381],[4.5396,50.6406],[4.5369,50.643],[4.5374,50.6469],[4.5333,50.6493],[4.5315,50.6481],[4.5276,50.6487],[4.5249,50.6517],[4.518,50.6534],[4.5157,50.6559],[4.5045,50.6524],[4.5002,50.6539],[4.4994,50.6555],[4.4922,50.6549],[4.4807,50.6523],[4.4689,50.6456],[4.4635,50.6443],[4.4526,50.6485],[4.4494,50.6481],[4.4407,50.6508],[4.4391,50.6526],[4.44,50.6539],[4.4385,50.6586],[4.4295,50.6542],[4.4229,50.6518],[4.4158,50.6514],[4.4091,50.6494],[4.4078,50.6476],[4.4007,50.6439],[4.3976,50.642],[4.3938,50.641],[4.3891,50.6464],[4.3849,50.6437],[4.384,50.642],[4.3889,50.6389],[4.3802,50.6316],[4.3756,50.6289],[4.3779,50.6275],[4.384,50.6288],[4.387,50.6262],[4.3912,50.6261],[4.3911,50.6227],[4.3872,50.6223],[4.385,50.6175],[4.3853,50.6151],[4.3875,50.6126],[4.3848,50.6095],[4.3806,50.6035],[4.3884,50.6035],[4.3917,50.6041],[4.3953,50.603],[4.3979,50.6033],[4.3981,50.601],[4.4012,50.5986],[4.4057,50.5965],[4.4024,50.593],[4.4026,50.5902],[4.3983,50.5882],[4.3995,50.5871],[4.3894,50.5834],[4.3889,50.5809],[4.3856,50.5801],[4.3845,50.5755],[4.3852,50.5742],[4.381,50.5713],[4.381,50.57],[4.3785,50.5685],[4.3795,50.5662],[4.3825,50.564],[4.3839,50.5633],[4.3887,50.5635],[4.3956,50.5629],[4.3987,50.5635],[4.4,50.5624],[4.4113,50.5647],[4.4172,50.5646],[4.4219,50.5584],[4.4309,50.5598],[4.4408,50.5604],[4.4441,50.5599],[4.4473,50.5575],[4.4497,50.5544],[4.4576,50.5561],[4.4645,50.5582],[4.4696,50.5589]]]},"properties":{"id":"25031","name":"Genappe","subdivision":"Brabant wallon","cx":4.456,"cy":50.61}},
{"type":"Feature","geometry":{"type":"Polygon","coordinates":[[[5.4762,50.6214],[5.4796,50.6229],[5.4836,50.6268],[5.4859,50.6277],[5.4884,50.6259],[5.4946,50.6237],[5.496,50.622],[5.503,50.6245],[5.508,50.6281],[5.5063,50.6319],[5.5088,50.6391],[5.5103,50.6413],[5.5128,50.6478],[5.5117,50.6492],[5.5078,50.6527],[5.5051,50.6541],[5.5069,50.6555],[5.5021,50.6587],[5.4944,50.6594],[5.488,50.6589],[5.4876,50.6603],[5.4564,50.6586],[5.4402,50.6607],[5.4404,50.658],[5.4355,50.6516],[5.4323,50.6515],[5.4301,50.6488],[5.4279,50.6494],[5.4256,50.648],[5.4236,50.6494],[5.4188,50.647],[5.4172,50.6451],[5.4146,50.6446],[5.411,50.6462],[5.4092,50.644],[5.409,50.6419],[5.3944,50.6404],[5.3925,50.6416],[5.389,50.6392],[5.3819,50.6427],[5.3824,50.6433],[5.3736,50.6466],[5.3702,50.6456],[5.3504,50.6348],[5.3492,50.6334],[5.3502,50.6313],[5.3604,50.6281],[5.3647,50.6252],[5.3716,50.6223],[5.3738,50.6206],[5.3744,50.6184],[5.3805,50.6139],[5.408,50.6171],[5.4148,50.6192],[5.4353,50.628],[5.4361,50.6269],[5.4482,50.6292],[5.4503,50.6273],[5.4543,50.629],[5.4622,50.6294],[5.4644,50.6275],[5.4658,50.6251],[5.4695,50.6236],[5.4746,50.623],[5.4762,50.6214]]]},"properties":{"id":"62118","name":"Grâce-Hollogne","subdivision":"Liège","cx":5.47,"cy":50.643}},
{"type":"Feature","geometry":{"type":"Polygon","coordinates":[[[4.6338,50.6293],[4.6318,50.6321],[4.6284,50.6317],[4.629,50.6347],[4.6271,50.6364],[4.6301,50.6402],[4.6416,50.6365],[4.644,50.638],[4.6526,50.6394],[4.6593,50.6409],[4.6639,50.6426],[4.6622,50.6447],[4.6647,50.6467],[4.663,50.6485],[4.6663,50.6525],[4.6586,50.6573],[4.6563,50.658],[4.65,50.6631],[4.6482,50.6622],[4.6433,50.662],[4.6393,50.6631],[4.6349,50.6598],[4.6317,50.6592],[4.6305,50.6623],[4.6269,50.6607],[4.6226,50.6598],[4.6093,50.6582],[4.6065,50.6584],[4.6008,50.6571],[4.5984,50.656],[4.5937,50.6554],[4.591,50.6544],[4.5956,50.653],[4.5977,50.6539],[4.6078,50.6534],[4.6059,50.6512],[4.6025,50.6405],[4.598,50.6372],[4.5944,50.6315],[4.5956,50.6306],[4.5924,50.6287],[4.5919,50.6261],[4.5932,50.6235],[4.5942,50.6188],[4.5898,50.616],[4.5889,50.6113],[4.592,50.6104],[4.594,50.6114],[4.5976,50.6115],[4.6065,50.609],[4.6111,50.6095],[4.6195,50.6069],[4.622,50.6069],[4.6273,50.6112],[4.6275,50.6127],[4.6345,50.617],[4.6327,50.6208],[4.6363,50.6208],[4.6373,50.6232],[4.6318,50.6251],[4.6307,50.6273],[4.6338,50.6293]]]},"properties":{"id":"25068","name":"Mont-Saint-Guibert","subdivision":"Brabant wallon","cx":4.613,"cy":50.629}},
{"type":"Feature","geometry":{"type":"Polygon","coordinates":[[[4.7343,50.6105],[4.7429,50.6145],[4.7445,50.6184],[4.7433,50.6211],[4.7438,50.6254],[4.7398,50.63],[4.7383,50.6334],[4.7341,50.6337],[4.7335,50.6349],[4.7406,50.6357],[4.7444,50.6402],[4.7379,50.6477],[4.7445,50.6506],[4.7434,50.655],[4.7465,50.6587],[4.7408,50.6593],[4.7424,50.6616],[4.7363,50.6637],[4.7338,50.6622],[4.7292,50.6621],[4.7261,50.6639],[4.7184,50.6608],[4.7137,50.6649],[4.7085,50.6638],[4.7024,50.6611],[4.7014,50.6598],[4.6982,50.6594],[4.6936,50.6561],[4.6901,50.6561],[4.684,50.6522],[4.6775,50.6548],[4.6729,50.6529],[4.6695,50.6532],[4.6663,50.6525],[4.663,50.6485],[4.6647,50.6467],[4.6622,50.6447],[4.6639,50.6426],[4.6593,50.6409],[4.6526,50.6394],[4.644,50.638],[4.6416,50.6365],[4.6301,50.6402],[4.6271,50.6364],[4.629,50.6347],[4.6284,50.6317],[4.6318,50.6321],[4.6338,50.6293],[4.6426,50.6259],[4.651,50.6288],[4.6512,50.6265],[4.6538,50.6244],[4.6579,50.6229],[4.6605,50.6207],[4.6633,50.6167],[4.6603,50.6163],[4.6585,50.6138],[4.6526,50.6113],[4.6497,50.6111],[4.6498,50.6093],[4.6521,50.6079],[4.6528,50.6052],[4.6568,50.601],[4.6595,50.6022],[4.6602,50.6044],[4.6626,50.6045],[4.6647,50.6063],[4.6695,50.6069],[4.6725,50.6083],[4.6784,50.6027],[4.6801,50.6041],[4.6903,50.5992],[4.6951,50.598],[4.6972,50.5992],[4.7007,50.5967],[4.7041,50.5956],[4.7105,50.5956],[4.7119,50.598],[4.7099,50.5997],[4.712,50.6011],[4.7075,50.6028],[4.7071,50.6041],[4.7104,50.6056],[4.7138,50.6083],[4.7155,50.6073],[4.7193,50.6099],[4.7233,50.6085],[4.7252,50.6113],[4.7273,50.6114],[4.7312,50.6084],[4.732,50.6103],[4.7343,50.6105]]]},"properties":{"id":"25124","name":"Walhain","subdivision":"Brabant wallon","cx":4.697,"cy":50.631}},
{"type":"Feature","geometry":{"type":"Polygon","coordinates":[[[5.7636,50.6021],[5.7626,50.6043],[5.759,50.6079],[5.762,50.6091],[5.7683,50.6096],[5.7681,50.6127],[5.7628,50.6192],[5.7602,50.6216],[5.7575,50.6226],[5.7583,50.6252],[5.7602,50.6272],[5.7608,50.6305],[5.7643,50.6333],[5.7621,50.6368],[5.7632,50.6398],[5.7666,50.6429],[5.7626,50.6459],[5.7557,50.6484],[5.7548,50.6519],[5.7516,50.654],[5.7506,50.6564],[5.7473,50.6592],[5.7471,50.6622],[5.7432,50.6623],[5.7372,50.6633],[5.7324,50.6627],[5.73,50.6623],[5.7207,50.6636],[5.7165,50.6647],[5.7134,50.6665],[5.7106,50.6645],[5.7086,50.6608],[5.7084,50.6589],[5.7035,50.6599],[5.7055,50.657],[5.7027,50.655],[5.6988,50.6564],[5.6964,50.6599],[5.6923,50.6607],[5.6892,50.6597],[5.6906,50.6576],[5.6899,50.6562],[5.6919,50.6541],[5.6924,50.6482],[5.6903,50.6459],[5.6927,50.6449],[5.6965,50.6434],[5.699,50.6403],[5.702,50.6388],[5.7119,50.6316],[5.714,50.6308],[5.7102,50.6237],[5.71,50.6216],[5.7128,50.6183],[5.7066,50.616],[5.7035,50.6161],[5.7017,50.6144],[5.7042,50.6126],[5.7019,50.6114],[5.7003,50.6136],[5.6978,50.6124],[5.6948,50.6091],[5.6929,50.608],[5.6924,50.605],[5.696,50.6006],[5.698,50.6039],[5.7019,50.6064],[5.7041,50.6097],[5.7105,50.6104],[5.7177,50.6058],[5.7268,50.6024],[5.7285,50.6028],[5.7357,50.6028],[5.7447,50.5993],[5.7527,50.5998],[5.753,50.6004],[5.7636,50.6021]]]},"properties":{"id":"62099","name":"Soumagne","subdivision":"Liège","cx":5.735,"cy":50.633}},
{"type":"Feature","geometry":{"type":"Polygon","coordinates":[[[4.7885,50.6021],[4.7997,50.6046],[4.8005,50.6025],[4.8055,50.6052],[4.8073,50.6068],[4.817,50.6093],[4.8314,50.6085],[4.8389,50.6097],[4.8517,50.6152],[4.8455,50.6203],[4.8457,50.6219],[4.8417,50.6228],[4.8437,50.628],[4.8414,50.6284],[4.8387,50.6319],[4.8416,50.6337],[4.8419,50.6357],[4.8386,50.6381],[4.8391,50.6401],[4.8313,50.6463],[4.8336,50.648],[4.8367,50.6476],[4.8395,50.6498],[4.8389,50.6512],[4.8339,50.6544],[4.8347,50.6555],[4.8407,50.6589],[4.8399,50.661],[4.8304,50.6679],[4.8268,50.6701],[4.8213,50.6713],[4.8162,50.6682],[4.8116,50.6685],[4.805,50.6715],[4.8046,50.6731],[4.8075,50.6776],[4.8058,50.6778],[4.8016,50.674],[4.7977,50.6761],[4.7919,50.6714],[4.7891,50.6724],[4.7841,50.671],[4.78,50.671],[4.7741,50.6683],[4.7714,50.6698],[4.7687,50.6687],[4.7688,50.6657],[4.7617,50.6644],[4.7526,50.66],[4.7485,50.659],[4.7499,50.6546],[4.7451,50.6543],[4.7434,50.655],[4.7445,50.6506],[4.7379,50.6477],[4.7444,50.6402],[4.7406,50.6357],[4.7335,50.6349],[4.7341,50.6337],[4.7383,50.6334],[4.7398,50.63],[4.7438,50.6254],[4.7433,50.6211],[4.7445,50.6184],[4.7429,50.6145],[4.7343,50.6105],[4.7387,50.6089],[4.7368,50.6053],[4.741,50.603],[4.7436,50.6037],[4.7455,50.6007],[4.7445,50.5994],[4.7403,50.5978],[4.7437,50.5931],[4.7432,50.5889],[4.7488,50.5894],[4.7515,50.5921],[4.756,50.595],[4.7662,50.5998],[4.7706,50.6008],[4.7761,50.5994],[4.7797,50.6011],[4.783,50.6005],[4.7868,50.5983],[4.7912,50.5897],[4.7961,50.5919],[4.7927,50.5955],[4.7879,50.5982],[4.7866,50.6018],[4.7885,50.6021]]]},"properties":{"id":"25084","name":"Perwez","subdivision":"Brabant wallon","cx":4.79,"cy":50.634}},
{"type":"Feature","geometry":{"type":"Polygon","coordinates":[[[4.2261,50.5829],[4.2283,50.5858],[4.235,50.5907],[4.2338,50.5938],[4.2309,50.5946],[4.2285,50.5962],[4.2299,50.6003],[4.233,50.6005],[4.2371,50.5998],[4.2408,50.6003],[4.2424,50.5992],[4.2413,50.5963],[4.2427,50.595],[4.2472,50.5961],[4.2469,50.5983],[4.2508,50.5996],[4.2514,50.601],[4.2456,50.6123],[4.2505,50.6134],[4.2503,50.6148],[4.2537,50.6159],[4.2498,50.6174],[4.2449,50.6207],[4.2348,50.6235],[4.232,50.6233],[4.2293,50.6242],[4.225,50.6241],[4.2098,50.6245],[4.2064,50.6264],[4.2019,50.6251],[4.1997,50.6252],[4.2002,50.6319],[4.1969,50.6348],[4.2007,50.6386],[4.2036,50.6461],[4.2048,50.6469],[4.1993,50.6521],[4.1946,50.6541],[4.1909,50.6569],[4.1821,50.6622],[4.1774,50.6634],[4.1741,50.66],[4.1684,50.6567],[4.1636,50.6514],[4.1641,50.6503],[4.16,50.6465],[4.1474,50.6397],[4.1456,50.6367],[4.1453,50.6339],[4.1408,50.6317],[4.1345,50.6302],[4.1329,50.6293],[4.123,50.632],[4.1173,50.6347],[4.1086,50.6331],[4.1068,50.632],[4.1058,50.636],[4.1,50.6389],[4.099,50.6412],[4.0996,50.6434],[4.0981,50.6473],[4.0944,50.6513],[4.0961,50.6517],[4.0984,50.6562],[4.1004,50.6627],[4.1,50.6644],[4.0976,50.6676],[4.0949,50.6661],[4.0918,50.6689],[4.0881,50.6658],[4.085,50.6652],[4.0744,50.6608],[4.0727,50.6572],[4.0703,50.6547],[4.0667,50.6542],[4.0644,50.6541],[4.0611,50.6514],[4.0542,50.65],[4.0518,50.6484],[4.0509,50.6465],[4.0428,50.6423],[4.0376,50.6382],[4.031,50.6372],[4.0265,50.6337],[4.0312,50.6319],[4.0353,50.6311],[4.0365,50.63],[4.0406,50.6316],[4.0435,50.6309],[4.0488,50.632],[4.0489,50.6307],[4.0564,50.6294],[4.0593,50.6263],[4.0683,50.6238],[4.0724,50.6212],[4.0728,50.6197],[4.0692,50.6174],[4.0694,50.615],[4.0629,50.6123],[4.0665,50.6097],[4.0671,50.6074],[4.066,50.6062],[4.0679,50.6035],[4.075,50.5987],[4.0792,50.5971],[4.0834,50.5939],[4.0877,50.5927],[4.0924,50.5898],[4.0965,50.5844],[4.0977,50.5844],[4.0979,50.5803],[4.1,50.5768],[4.1038,50.5737],[4.1056,50.5694],[4.1129,50.5685],[4.1235,50.5648],[4.1243,50.5645],[4.1294,50.5688],[4.1331,50.57],[4.1374,50.5735],[4.1376,50.5761],[4.1399,50.576],[4.1444,50.5771],[4.145,50.5789],[4.1558,50.5818],[4.1589,50.5833],[4.1618,50.5861],[4.1676,50.5908],[4.1693,50.594],[4.1711,50.5953],[4.174,50.5946],[4.177,50.5907],[4.1837,50.5918],[4.1863,50.5905],[4.19,50.5935],[4.1931,50.5968],[4.1968,50.5963],[4.2024,50.5941],[4.2014,50.5927],[4.207,50.5903],[4.2056,50.5887],[4.2092,50.5869],[4.2089,50.585],[4.2162,50.582],[4.2203,50.5831],[4.2261,50.5829]]]},"properties":{"id":"55004","name":"Braine-le-Comte","subdivision":"Hainaut","cx":4.132,"cy":50.603}},
{"type":"Feature","geometry":{"type":"Polygon","coordinates":[[[6.1893,50.5661],[6.1919,50.5655],[6.2031,50.5693],[6.2037,50.5723],[6.2076,50.5761],[6.2191,50.5814],[6.2221,50.5846],[6.2225,50.587],[6.2252,50.5905],[6.2294,50.5902],[6.2412,50.5871],[6.2436,50.5913],[6.2496,50.5982],[6.2475,50.6028],[6.2499,50.6054],[6.2548,50.6071],[6.26,50.6098],[6.2691,50.6192],[6.2694,50.6255],[6.2667,50.6272],[6.2608,50.6286],[6.2555,50.6271],[6.2366,50.6262],[6.2355,50.6259],[6.2299,50.62],[6.224,50.6166],[6.2265,50.6146],[6.2282,50.6097],[6.2266,50.604],[6.2102,50.6083],[6.2021,50.6097],[6.1881,50.6216],[6.1844,50.6219],[6.1762,50.6195],[6.1725,50.6215],[6.1649,50.6221],[6.1615,50.6242],[6.1581,50.6272],[6.1571,50.6248],[6.1544,50.6222],[6.1543,50.6189],[6.1522,50.6165],[6.1488,50.6113],[6.1486,50.6076],[6.1452,50.6005],[6.1239,50.617],[6.1272,50.6219],[6.1268,50.6235],[6.1286,50.626],[6.1274,50.628],[6.1275,50.6321],[6.1249,50.6381],[6.1176,50.638],[6.1136,50.6396],[6.1066,50.6395],[6.1033,50.6389],[6.0964,50.6413],[6.0886,50.6418],[6.0839,50.6411],[6.0794,50.6393],[6.0758,50.6408],[6.0761,50.644],[6.0739,50.6463],[6.0737,50.6503],[6.0768,50.6522],[6.0748,50.6538],[6.0779,50.6561],[6.0726,50.6609],[6.067,50.667],[6.068,50.668],[6.0756,50.6706],[6.0702,50.6724],[6.0687,50.6729],[6.0642,50.6712],[6.0593,50.6717],[6.0573,50.6695],[6.0542,50.6678],[6.0496,50.6668],[6.0478,50.6634],[6.0446,50.661],[6.0422,50.6624],[6.0384,50.6617],[6.0353,50.6603],[6.0336,50.6619],[6.0296,50.6595],[6.0273,50.6588],[6.0227,50.6548],[6.0192,50.6526],[6.0148,50.6512],[6.0106,50.6544],[6.0002,50.65],[6.0082,50.6447],[6.0009,50.6396],[6.005,50.6371],[6.0094,50.6327],[6.0067,50.6305],[6.0032,50.6294],[6.0016,50.627],[6.0048,50.6227],[6.0108,50.6196],[6.0149,50.6167],[6.014,50.6139],[6.0169,50.6127],[6.0257,50.6161],[6.0295,50.6162],[6.0346,50.6137],[6.0356,50.6145],[6.0422,50.6153],[6.0504,50.6069],[6.0531,50.6059],[6.0556,50.5994],[6.0587,50.5977],[6.0628,50.5999],[6.0673,50.601],[6.0715,50.599],[6.0774,50.6002],[6.0825,50.599],[6.0884,50.5961],[6.0961,50.5981],[6.1009,50.5972],[6.1026,50.5948],[6.1027,50.5928],[6.106,50.5918],[6.1065,50.5905],[6.1108,50.5892],[6.1125,50.5865],[6.1169,50.5847],[6.118,50.5816],[6.1186,50.5763],[6.1195,50.5752],[6.1184,50.572],[6.1193,50.5703],[6.125,50.566],[6.1286,50.5641],[6.1323,50.5599],[6.1348,50.5586],[6.1346,50.5564],[6.1324,50.5535],[6.1337,50.5515],[6.1362,50.5508],[6.1376,50.5481],[6.1391,50.549],[6.1443,50.5483],[6.1485,50.5492],[6.1503,50.5505],[6.1584,50.553],[6.1605,50.5551],[6.1649,50.5574],[6.1658,50.5705],[6.1893,50.5661]]]},"properties":{"id":"63023","name":"Eupen","subdivision":"Liège","cx":6.168,"cy":50.594}},
{"type":"Feature","geometry":{"type":"Polygon","coordinates":[[[5.3492,50.6334],[5.3504,50.6348],[5.3702,50.6456],[5.3736,50.6466],[5.3727,50.6476],[5.3749,50.6495],[5.3729,50.6505],[5.3758,50.6555],[5.3683,50.6579],[5.3683,50.6602],[5.3617,50.6626],[5.3622,50.6635],[5.3532,50.6668],[5.3549,50.6687],[5.3544,50.6706],[5.3484,50.6717],[5.3485,50.6707],[5.3419,50.6684],[5.3367,50.6656],[5.33,50.6678],[5.3284,50.6676],[5.3182,50.6703],[5.3182,50.6713],[5.3126,50.673],[5.3119,50.6722],[5.3053,50.6749],[5.301,50.6704],[5.3027,50.6692],[5.2999,50.6667],[5.2979,50.6612],[5.2948,50.6603],[5.2934,50.6561],[5.2844,50.6565],[5.2839,50.6534],[5.2855,50.6528],[5.2843,50.65],[5.2861,50.6437],[5.2851,50.6401],[5.2814,50.6372],[5.2919,50.6333],[5.2994,50.629],[5.2972,50.6277],[5.3007,50.626],[5.3047,50.6252],[5.3119,50.6265],[5.3145,50.6259],[5.3189,50.6262],[5.3298,50.6302],[5.3345,50.631],[5.3405,50.6327],[5.3492,50.6334]]]},"properties":{"id":"64023","name":"Donceel","subdivision":"Liège","cx":5.323,"cy":50.649}},
{"type":"Feature","geometry":{"type":"Polygon","coordinates":[[[5.2596,50.616],[5.2652,50.6172],[5.2652,50.6195],[5.2695,50.6185],[5.2753,50.6206],[5.2766,50.6221],[5.2727,50.6255],[5.2772,50.6282],[5.2733,50.6307],[5.2693,50.6316],[5.2779,50.6364],[5.2814,50.6372],[5.2851,50.6401],[5.2861,50.6437],[5.2843,50.65],[5.2855,50.6528],[5.2839,50.6534],[5.2844,50.6565],[5.2758,50.6555],[5.2776,50.66],[5.2803,50.6638],[5.2683,50.6674],[5.2649,50.6668],[5.2635,50.6681],[5.2509,50.6706],[5.2428,50.6767],[5.2401,50.678],[5.2268,50.6702],[5.2251,50.6677],[5.219,50.6637],[5.2134,50.6615],[5.209,50.6575],[5.2117,50.6562],[5.2097,50.654],[5.2145,50.652],[5.2095,50.6483],[5.2063,50.647],[5.2028,50.6472],[5.1985,50.6442],[5.1957,50.6436],[5.1958,50.6413],[5.1926,50.6396],[5.1968,50.636],[5.1936,50.6337],[5.1963,50.6326],[5.1939,50.629],[5.1967,50.627],[5.1991,50.6275],[5.2024,50.6299],[5.2059,50.6268],[5.2085,50.6262],[5.21,50.6244],[5.215,50.6235],[5.2175,50.624],[5.2216,50.6214],[5.2259,50.622],[5.2349,50.6251],[5.2392,50.6233],[5.2404,50.6243],[5.2441,50.6226],[5.2462,50.6231],[5.2491,50.6183],[5.2519,50.6163],[5.2551,50.6176],[5.2596,50.616]]]},"properties":{"id":"64076","name":"Faimes","subdivision":"Liège","cx":5.243,"cy":50.646}},
{"type":"Feature","geometry":{"type":"Polygon","coordinates":[[[4.3185,50.6321],[4.3242,50.6349],[4.3242,50.6367],[4.3205,50.6382],[4.3175,50.6409],[4.3103,50.6422],[4.3092,50.6455],[4.3005,50.6505],[4.3019,50.6527],[4.305,50.6542],[4.3116,50.6563],[4.3121,50.6608],[4.3079,50.663],[4.3038,50.6672],[4.3024,50.6675],[4.289,50.6666],[4.288,50.6655],[4.2843,50.6653],[4.2807,50.6624],[4.2792,50.6602],[4.2735,50.6619],[4.27,50.6621],[4.2663,50.6609],[4.2633,50.6608],[4.2581,50.6589],[4.2551,50.6593],[4.2511,50.662],[4.2439,50.6628],[4.2435,50.6651],[4.2393,50.67],[4.2382,50.6722],[4.2379,50.6775],[4.2227,50.6794],[4.2217,50.6776],[4.2231,50.6747],[4.2251,50.6726],[4.2284,50.6738],[4.2331,50.6725],[4.2345,50.6674],[4.2368,50.663],[4.2342,50.6615],[4.2314,50.6583],[4.2236,50.6565],[4.2202,50.6589],[4.2151,50.6579],[4.2121,50.6566],[4.2081,50.6563],[4.1993,50.6521],[4.2048,50.6469],[4.2036,50.6461],[4.2007,50.6386],[4.1969,50.6348],[4.2002,50.6319],[4.1997,50.6252],[4.2019,50.6251],[4.2064,50.6264],[4.2098,50.6245],[4.225,50.6241],[4.2293,50.6242],[4.232,50.6233],[4.2348,50.6235],[4.2449,50.6207],[4.2498,50.6174],[4.2537,50.6159],[4.258,50.6149],[4.262,50.6149],[4.2694,50.6133],[4.2683,50.6156],[4.2705,50.6179],[4.2778,50.6192],[4.282,50.6213],[4.2848,50.6235],[4.2902,50.6252],[4.2943,50.6258],[4.2984,50.6275],[4.303,50.6307],[4.3071,50.6301],[4.3148,50.632],[4.3185,50.6321]]]},"properties":{"id":"25044","name":"Ittre","subdivision":"Brabant wallon","cx":4.257,"cy":50.639}},
{"type":"Feature","geometry":{"type":"Polygon","coordinates":[[[5.9007,50.6265],[5.9029,50.6304],[5.905,50.6327],[5.9027,50.6346],[5.9,50.6353],[5.901,50.6378],[5.9075,50.6401],[5.9132,50.6413],[5.9151,50.6435],[5.917,50.6434],[5.9178,50.6457],[5.9209,50.6493],[5.9269,50.6507],[5.9316,50.6532],[5.9361,50.6521],[5.9375,50.6497],[5.9787,50.6468],[5.9881,50.6472],[6.0002,50.65],[5.9933,50.6543],[5.9814,50.6601],[5.9749,50.6665],[5.9677,50.6752],[5.9548,50.6842],[5.9627,50.6919],[5.967,50.6949],[5.9591,50.6995],[5.9561,50.698],[5.9413,50.6939],[5.9346,50.6895],[5.9327,50.6892],[5.9309,50.6863],[5.9265,50.6822],[5.9261,50.6807],[5.9224,50.6785],[5.9188,50.6763],[5.9155,50.6747],[5.9111,50.6741],[5.9062,50.6725],[5.8971,50.6664],[5.897,50.6646],[5.9,50.6583],[5.898,50.6536],[5.8989,50.6496],[5.9032,50.6454],[5.8959,50.6425],[5.8934,50.6396],[5.889,50.6374],[5.8845,50.634],[5.8873,50.6328],[5.8918,50.6293],[5.8935,50.6291],[5.896,50.6267],[5.9007,50.6265]]]},"properties":{"id":"63084","name":"Welkenraedt","subdivision":"Liège","cx":5.94,"cy":50.669}},
{"type":"Feature","geometry":{"type":"Polygon","coordinates":[[[5.6004,50.5807],[5.5949,50.5829],[5.5944,50.5843],[5.5889,50.5887],[5.5921,50.5912],[5.5896,50.5937],[5.5937,50.5987],[5.5969,50.6002],[5.6041,50.6],[5.6064,50.6036],[5.6089,50.6033],[5.6148,50.5997],[5.6147,50.6062],[5.6156,50.6068],[5.6271,50.6022],[5.6266,50.6085],[5.6299,50.6107],[5.6312,50.6127],[5.639,50.6149],[5.6411,50.6147],[5.6364,50.6168],[5.6386,50.6181],[5.6381,50.6205],[5.6416,50.6222],[5.6386,50.6255],[5.639,50.6269],[5.6445,50.6261],[5.6454,50.6294],[5.6494,50.6318],[5.6505,50.63],[5.6528,50.6295],[5.6573,50.63],[5.6568,50.6325],[5.6589,50.6341],[5.6633,50.6359],[5.6601,50.6373],[5.6583,50.6407],[5.6521,50.6428],[5.6508,50.644],[5.6553,50.6476],[5.6539,50.6486],[5.6523,50.6496],[5.6451,50.6505],[5.643,50.6523],[5.6507,50.6563],[5.6567,50.6574],[5.6625,50.659],[5.6644,50.6617],[5.6726,50.6657],[5.6752,50.6686],[5.6728,50.6693],[5.674,50.6714],[5.6689,50.6752],[5.6635,50.6767],[5.6593,50.682],[5.6598,50.6843],[5.6529,50.6815],[5.6495,50.6792],[5.6462,50.6759],[5.6438,50.6722],[5.6433,50.6678],[5.6406,50.6685],[5.6368,50.6637],[5.6303,50.658],[5.6264,50.6572],[5.6229,50.6556],[5.6176,50.6548],[5.6165,50.6553],[5.6104,50.6548],[5.6085,50.6573],[5.6115,50.6579],[5.6144,50.6618],[5.6137,50.6638],[5.5826,50.6675],[5.5795,50.6668],[5.5736,50.6666],[5.5688,50.6654],[5.5675,50.6675],[5.5672,50.6728],[5.5658,50.6771],[5.5665,50.6796],[5.5647,50.6822],[5.5608,50.6821],[5.5585,50.6838],[5.5508,50.6854],[5.5516,50.6871],[5.5491,50.688],[5.5481,50.6859],[5.5431,50.6864],[5.54,50.6846],[5.5394,50.6817],[5.5364,50.6786],[5.5382,50.674],[5.5346,50.6715],[5.5408,50.6695],[5.5369,50.6646],[5.5419,50.6637],[5.5466,50.6591],[5.5519,50.6597],[5.5524,50.6586],[5.5503,50.6546],[5.5477,50.6538],[5.5468,50.6492],[5.5423,50.6495],[5.5394,50.6509],[5.5366,50.6497],[5.5267,50.6531],[5.5232,50.6498],[5.5249,50.6475],[5.5284,50.6454],[5.5319,50.6449],[5.5361,50.6396],[5.5392,50.6342],[5.5452,50.6313],[5.544,50.6288],[5.5451,50.6264],[5.5477,50.6246],[5.5492,50.6213],[5.5479,50.6194],[5.544,50.6189],[5.5403,50.6208],[5.5386,50.6188],[5.5362,50.6193],[5.5298,50.6129],[5.5337,50.6095],[5.5373,50.6084],[5.5478,50.6072],[5.5587,50.6071],[5.5597,50.6045],[5.5595,50.6002],[5.5611,50.5985],[5.5659,50.5906],[5.5558,50.5888],[5.5568,50.5866],[5.5538,50.585],[5.5508,50.5804],[5.5468,50.5789],[5.5451,50.577],[5.5469,50.5741],[5.5517,50.5716],[5.5517,50.5696],[5.5534,50.568],[5.5516,50.567],[5.5514,50.564],[5.5528,50.5611],[5.557,50.562],[5.5638,50.5622],[5.5676,50.5638],[5.5674,50.566],[5.5731,50.5683],[5.5774,50.5706],[5.5743,50.5731],[5.577,50.5763],[5.5814,50.5769],[5.5891,50.5764],[5.591,50.577],[5.5939,50.5759],[5.5977,50.576],[5.6009,50.5774],[5.6004,50.5807]]]},"properties":{"id":"62063","name":"Liège","subdivision":"Liège","cx":5.59,"cy":50.631}},
{"type":"Feature","geometry":{"type":"Polygon","coordinates":[[[3.4081,50.5635],[3.4083,50.5666],[3.4094,50.5676],[3.4176,50.5706],[3.4206,50.5688],[3.4235,50.571],[3.4206,50.5746],[3.4218,50.5782],[3.424,50.5809],[3.4305,50.5867],[3.4373,50.583],[3.4405,50.5821],[3.4412,50.5807],[3.4449,50.5814],[3.4485,50.583],[3.4512,50.5831],[3.4557,50.5845],[3.4617,50.5876],[3.4651,50.5844],[3.4687,50.5826],[3.4755,50.581],[3.4741,50.5778],[3.4813,50.5772],[3.4843,50.5749],[3.4823,50.5701],[3.4843,50.5691],[3.4838,50.5664],[3.4871,50.5639],[3.4908,50.5649],[3.4898,50.5614],[3.4912,50.5587],[3.4991,50.5608],[3.5044,50.5603],[3.5127,50.5602],[3.516,50.5624],[3.5202,50.5603],[3.523,50.5622],[3.5246,50.5656],[3.5268,50.565],[3.5295,50.5687],[3.5318,50.5685],[3.5321,50.5708],[3.5365,50.5764],[3.5426,50.5769],[3.5437,50.5794],[3.5466,50.58],[3.5491,50.5787],[3.5523,50.5822],[3.5507,50.5866],[3.5509,50.5888],[3.5538,50.5898],[3.5574,50.5921],[3.5587,50.5961],[3.5608,50.5993],[3.561,50.6012],[3.5645,50.6029],[3.5648,50.6062],[3.5736,50.6097],[3.5758,50.6116],[3.5769,50.6161],[3.5736,50.62],[3.5754,50.6231],[3.5743,50.6248],[3.5685,50.6227],[3.565,50.6225],[3.5606,50.6234],[3.5558,50.6255],[3.5599,50.6273],[3.5537,50.6294],[3.5497,50.63],[3.5553,50.6318],[3.5569,50.6342],[3.5632,50.6363],[3.5653,50.6381],[3.5599,50.6403],[3.5573,50.6398],[3.5502,50.6485],[3.5484,50.6483],[3.5454,50.6462],[3.5427,50.6498],[3.54,50.6509],[3.5342,50.655],[3.5316,50.6562],[3.5336,50.6577],[3.5292,50.6607],[3.5239,50.6581],[3.51,50.655],[3.5025,50.652],[3.4975,50.6553],[3.4925,50.6556],[3.4854,50.6538],[3.4809,50.6572],[3.4768,50.6553],[3.4751,50.6564],[3.4698,50.6581],[3.4669,50.66],[3.4625,50.6616],[3.4605,50.6633],[3.4622,50.6663],[3.4567,50.6676],[3.4534,50.67],[3.4471,50.6712],[3.4448,50.6737],[3.4349,50.6766],[3.4333,50.6781],[3.4355,50.6822],[3.4307,50.6842],[3.4247,50.6856],[3.4221,50.6878],[3.419,50.6888],[3.4064,50.6831],[3.4041,50.6809],[3.3995,50.6786],[3.3992,50.6777],[3.3993,50.6742],[3.397,50.6723],[3.3951,50.6646],[3.3952,50.6606],[3.3942,50.6567],[3.3897,50.6575],[3.3838,50.6563],[3.3781,50.6524],[3.3647,50.6491],[3.362,50.6479],[3.3475,50.6475],[3.3487,50.6506],[3.3523,50.6506],[3.3565,50.655],[3.353,50.6546],[3.3518,50.6534],[3.3484,50.6528],[3.3454,50.6511],[3.3427,50.652],[3.3399,50.6558],[3.3399,50.6595],[3.3365,50.6587],[3.3359,50.6562],[3.3298,50.6563],[3.3292,50.6576],[3.3236,50.6569],[3.3227,50.6586],[3.3191,50.6578],[3.3191,50.6604],[3.3107,50.6636],[3.3073,50.6613],[3.3054,50.6611],[3.3029,50.6627],[3.3034,50.6639],[3.2988,50.6646],[3.2961,50.6664],[3.2955,50.6687],[3.2893,50.6652],[3.2845,50.6634],[3.2774,50.6628],[3.2738,50.6593],[3.2702,50.6581],[3.2665,50.6582],[3.2563,50.6579],[3.2514,50.6548],[3.2495,50.6549],[3.2463,50.6528],[3.245,50.6514],[3.2489,50.6494],[3.2492,50.6468],[3.2443,50.6408],[3.2506,50.6361],[3.2527,50.6337],[3.259,50.6299],[3.2587,50.6282],[3.2552,50.6227],[3.2578,50.6204],[3.2634,50.6178],[3.2632,50.6163],[3.2666,50.6147],[3.2701,50.6112],[3.2712,50.6047],[3.2737,50.6045],[3.2742,50.6004],[3.2762,50.5999],[3.2746,50.5965],[3.2794,50.5953],[3.2767,50.5913],[3.2761,50.5817],[3.2792,50.58],[3.2826,50.5752],[3.2816,50.5727],[3.2786,50.5719],[3.2783,50.5642],[3.2833,50.5631],[3.2852,50.5618],[3.276,50.5583],[3.279,50.5552],[3.2813,50.5553],[3.2849,50.5582],[3.2888,50.5548],[3.2949,50.5571],[3.2961,50.56],[3.3001,50.5636],[3.3043,50.5646],[3.3083,50.5641],[3.3101,50.5672],[3.3122,50.5671],[3.312,50.5707],[3.3177,50.5721],[3.3216,50.5724],[3.3253,50.5709],[3.323,50.569],[3.3253,50.5661],[3.3313,50.5657],[3.3335,50.563],[3.3365,50.5646],[3.3419,50.5631],[3.3452,50.564],[3.3471,50.5623],[3.3507,50.5647],[3.3519,50.5635],[3.3578,50.564],[3.3589,50.5668],[3.3619,50.5659],[3.3611,50.5641],[3.3645,50.5635],[3.3627,50.5606],[3.3625,50.5569],[3.3612,50.5554],[3.365,50.5555],[3.367,50.5533],[3.3704,50.5523],[3.3742,50.5545],[3.3711,50.5563],[3.3786,50.5587],[3.3836,50.5562],[3.3867,50.5581],[3.3879,50.5608],[3.3859,50.5622],[3.387,50.5637],[3.3916,50.5621],[3.3929,50.5659],[3.3974,50.5647],[3.3989,50.5674],[3.4045,50.5674],[3.4057,50.563],[3.4081,50.5635]]]},"properties":{"id":"57081","name":"Tournai","subdivision":"Hainaut","cx":3.407,"cy":50.618}},
{"type":"Feature","geometry":{"type":"Polygon","coordinates":[[[5.4402,50.6607],[5.4383,50.6621],[5.4396,50.6647],[5.4364,50.6696],[5.4323,50.6708],[5.4321,50.6721],[5.4226,50.6762],[5.4227,50.6784],[5.4207,50.6788],[5.428,50.6854],[5.3965,50.6922],[5.3945,50.6878],[5.3824,50.6671],[5.3495,50.6734],[5.3484,50.6717],[5.3544,50.6706],[5.3549,50.6687],[5.3532,50.6668],[5.3622,50.6635],[5.3617,50.6626],[5.3683,50.6602],[5.3683,50.6579],[5.3758,50.6555],[5.3729,50.6505],[5.3749,50.6495],[5.3727,50.6476],[5.3736,50.6466],[5.3824,50.6433],[5.3819,50.6427],[5.389,50.6392],[5.3925,50.6416],[5.3944,50.6404],[5.409,50.6419],[5.4092,50.644],[5.411,50.6462],[5.4146,50.6446],[5.4172,50.6451],[5.4188,50.647],[5.4236,50.6494],[5.4256,50.648],[5.4279,50.6494],[5.4301,50.6488],[5.4323,50.6515],[5.4355,50.6516],[5.4404,50.658],[5.4402,50.6607]]]},"properties":{"id":"64025","name":"Fexhe-le-Haut-Clocher","subdivision":"Liège","cx":5.402,"cy":50.664}},
{"type":"Feature","geometry":{"type":"Polygon","coordinates":[[[4.3121,50.6608],[4.3141,50.6639],[4.3159,50.6614],[4.3193,50.662],[4.3272,50.6673],[4.3266,50.6678],[4.3292,50.6733],[4.3315,50.6801],[4.3334,50.6819],[4.3326,50.6844],[4.3328,50.689],[4.3295,50.688],[4.326,50.6897],[4.3221,50.69],[4.32,50.6922],[4.3178,50.6925],[4.3153,50.6953],[4.3092,50.6984],[4.308,50.7002],[4.2995,50.6981],[4.2955,50.6958],[4.2903,50.694],[4.2864,50.6974],[4.2781,50.699],[4.2703,50.6996],[4.2687,50.6987],[4.2616,50.7004],[4.2559,50.6955],[4.2467,50.6894],[4.2376,50.6789],[4.2379,50.6775],[4.2382,50.6722],[4.2393,50.67],[4.2435,50.6651],[4.2439,50.6628],[4.2511,50.662],[4.2551,50.6593],[4.2581,50.6589],[4.2633,50.6608],[4.2663,50.6609],[4.27,50.6621],[4.2735,50.6619],[4.2792,50.6602],[4.2807,50.6624],[4.2843,50.6653],[4.288,50.6655],[4.289,50.6666],[4.3024,50.6675],[4.3038,50.6672],[4.3079,50.663],[4.3121,50.6608]]]},"properties":{"id":"25015","name":"Braine-le-Château","subdivision":"Brabant wallon","cx":4.279,"cy":50.681}},
{"type":"Feature","geometry":{"type":"Polygon","coordinates":[[[5.6529,50.6815],[5.6546,50.6848],[5.6579,50.6879],[5.6517,50.6896],[5.6313,50.697],[5.6265,50.6991],[5.6245,50.7015],[5.621,50.7],[5.6187,50.7011],[5.6118,50.6995],[5.6091,50.6982],[5.6035,50.7008],[5.5988,50.7],[5.6002,50.7026],[5.5927,50.7015],[5.5823,50.6984],[5.5821,50.6997],[5.5792,50.7012],[5.5781,50.6984],[5.5622,50.6981],[5.5594,50.6972],[5.5553,50.6937],[5.5642,50.687],[5.5655,50.6866],[5.5647,50.6822],[5.5665,50.6796],[5.5658,50.6771],[5.5672,50.6728],[5.5675,50.6675],[5.5688,50.6654],[5.5736,50.6666],[5.5795,50.6668],[5.5826,50.6675],[5.6137,50.6638],[5.6144,50.6618],[5.6115,50.6579],[5.6085,50.6573],[5.6104,50.6548],[5.6165,50.6553],[5.6176,50.6548],[5.6229,50.6556],[5.6264,50.6572],[5.6303,50.658],[5.6368,50.6637],[5.6406,50.6685],[5.6433,50.6678],[5.6438,50.6722],[5.6462,50.6759],[5.6495,50.6792],[5.6529,50.6815]]]},"properties":{"id":"62051","name":"Herstal","subdivision":"Liège","cx":5.603,"cy":50.682}},
{"type":"Feature","geometry":{"type":"Polygon","coordinates":[[[3.9621,50.5901],[3.9689,50.5922],[3.9732,50.5956],[3.971,50.5989],[3.9715,50.6011],[3.9776,50.6021],[3.9819,50.608],[3.9831,50.6118],[3.9807,50.6193],[3.9783,50.6211],[3.9791,50.6233],[3.9832,50.6232],[3.9873,50.6248],[4.0006,50.6279],[4.0039,50.625],[4.0091,50.6298],[4.015,50.6329],[4.0265,50.6337],[4.031,50.6372],[4.0376,50.6382],[4.0428,50.6423],[4.0509,50.6465],[4.0518,50.6484],[4.0542,50.65],[4.0611,50.6514],[4.0644,50.6541],[4.0667,50.6542],[4.0648,50.6548],[4.0586,50.66],[4.0645,50.664],[4.0611,50.6664],[4.0597,50.6662],[4.0522,50.6679],[4.0473,50.6715],[4.0432,50.6802],[4.0384,50.685],[4.0291,50.6812],[4.0255,50.6749],[4.0219,50.6711],[4.0198,50.6698],[4.0123,50.6608],[4.0075,50.654],[4.002,50.6501],[3.9986,50.6457],[3.9946,50.6423],[3.9876,50.6386],[3.9819,50.6367],[3.9795,50.6348],[3.9772,50.6308],[3.9694,50.634],[3.9702,50.6401],[3.9731,50.6439],[3.9781,50.6469],[3.9779,50.6501],[3.976,50.6531],[3.9764,50.6548],[3.9701,50.6573],[3.9623,50.6583],[3.9655,50.6612],[3.9678,50.6624],[3.9665,50.6639],[3.9695,50.665],[3.9633,50.6725],[3.9641,50.6753],[3.9624,50.6782],[3.9639,50.6787],[3.9627,50.682],[3.9613,50.6831],[3.9651,50.6898],[3.9562,50.689],[3.9524,50.6902],[3.9431,50.6908],[3.9393,50.6893],[3.9356,50.6906],[3.9312,50.6895],[3.9299,50.6912],[3.9309,50.6933],[3.9291,50.695],[3.9224,50.6939],[3.9172,50.6922],[3.912,50.6911],[3.9097,50.6925],[3.9066,50.6884],[3.8995,50.6869],[3.9005,50.686],[3.8959,50.6844],[3.8881,50.6798],[3.8871,50.6778],[3.8816,50.6758],[3.8777,50.6723],[3.8791,50.6706],[3.8765,50.6697],[3.8777,50.6662],[3.8798,50.6666],[3.8831,50.663],[3.8836,50.6607],[3.8883,50.6597],[3.89,50.6562],[3.8929,50.6524],[3.8967,50.6532],[3.9013,50.6478],[3.9131,50.644],[3.912,50.641],[3.9131,50.639],[3.9111,50.6368],[3.9088,50.6364],[3.9012,50.6318],[3.8968,50.626],[3.8991,50.6247],[3.8949,50.623],[3.9008,50.6201],[3.9018,50.6176],[3.9042,50.6156],[3.9092,50.6172],[3.9123,50.6165],[3.9139,50.6144],[3.9162,50.6163],[3.9196,50.6143],[3.9181,50.6133],[3.929,50.6084],[3.9332,50.6114],[3.9342,50.614],[3.9415,50.615],[3.9456,50.6146],[3.9476,50.6126],[3.9447,50.6094],[3.9377,50.6088],[3.9365,50.6075],[3.94,50.605],[3.9433,50.604],[3.9483,50.6049],[3.9538,50.6066],[3.9543,50.6048],[3.9527,50.602],[3.9525,50.5989],[3.9511,50.5944],[3.9592,50.5928],[3.9621,50.5901]]]},"properties":{"id":"51068","name":"Silly","subdivision":"Hainaut","cx":3.945,"cy":50.64}},
{"type":"Feature","geometry":{"type":"Polygon","coordinates":[[[4.591,50.6544],[4.5937,50.6554],[4.5984,50.656],[4.6008,50.6571],[4.6065,50.6584],[4.6093,50.6582],[4.6226,50.6598],[4.6269,50.6607],[4.6305,50.6623],[4.6317,50.6592],[4.6349,50.6598],[4.6393,50.6631],[4.6433,50.662],[4.6482,50.6622],[4.6398,50.6658],[4.634,50.6702],[4.629,50.6764],[4.6248,50.6846],[4.6178,50.6826],[4.6144,50.6894],[4.6111,50.6889],[4.6058,50.6868],[4.6005,50.6857],[4.5981,50.6874],[4.5954,50.6855],[4.5971,50.6829],[4.5929,50.6828],[4.5853,50.6847],[4.5792,50.6878],[4.5775,50.6871],[4.5722,50.6869],[4.5592,50.6885],[4.5576,50.6879],[4.5298,50.6951],[4.5265,50.6965],[4.5252,50.6954],[4.5251,50.6914],[4.5232,50.6901],[4.5218,50.6871],[4.522,50.6849],[4.5176,50.6863],[4.5161,50.6834],[4.5128,50.6806],[4.511,50.6779],[4.515,50.6771],[4.5152,50.6757],[4.5109,50.6738],[4.5071,50.6736],[4.5088,50.6714],[4.5037,50.668],[4.5019,50.6684],[4.4962,50.6634],[4.4921,50.6626],[4.4924,50.6603],[4.4942,50.6567],[4.4922,50.6549],[4.4994,50.6555],[4.5002,50.6539],[4.5045,50.6524],[4.5157,50.6559],[4.518,50.6534],[4.5249,50.6517],[4.528,50.6527],[4.533,50.6521],[4.5349,50.654],[4.5386,50.6508],[4.5424,50.6499],[4.5542,50.6521],[4.5554,50.6533],[4.5637,50.6539],[4.5699,50.658],[4.5706,50.6538],[4.5728,50.6556],[4.5748,50.6551],[4.5797,50.6513],[4.586,50.6491],[4.5895,50.6539],[4.591,50.6544]]]},"properties":{"id":"25121","name":"Ottignies-Louvain-la-Neuve","subdivision":"Brabant wallon","cx":4.552,"cy":50.671}},
{"type":"Feature","geometry":{"type":"Polygon","coordinates":[[[3.7139,50.5624],[3.7144,50.5646],[3.7296,50.5648],[3.7305,50.5665],[3.7267,50.5675],[3.7274,50.5698],[3.7249,50.5707],[3.727,50.5729],[3.7192,50.5745],[3.7237,50.5777],[3.7245,50.5791],[3.7287,50.5808],[3.7305,50.5793],[3.7352,50.5773],[3.7379,50.5799],[3.7393,50.5792],[3.748,50.5829],[3.7525,50.5829],[3.7543,50.5841],[3.7513,50.5856],[3.7567,50.5908],[3.7599,50.5893],[3.758,50.5941],[3.7609,50.5952],[3.7567,50.5974],[3.7558,50.5999],[3.7607,50.6032],[3.7731,50.6052],[3.7778,50.6056],[3.7872,50.6136],[3.7901,50.6137],[3.8014,50.6071],[3.8078,50.605],[3.8115,50.6073],[3.8205,50.6044],[3.8211,50.6068],[3.8242,50.6119],[3.8231,50.614],[3.8278,50.6171],[3.8301,50.6172],[3.8318,50.621],[3.8366,50.6233],[3.8396,50.6265],[3.8451,50.6257],[3.8516,50.6282],[3.8559,50.6282],[3.8573,50.632],[3.8601,50.6309],[3.8607,50.6337],[3.8672,50.6325],[3.8668,50.63],[3.87,50.6252],[3.8731,50.6257],[3.8771,50.6228],[3.8847,50.6217],[3.8873,50.6225],[3.8889,50.6211],[3.8943,50.6199],[3.8949,50.623],[3.8991,50.6247],[3.8968,50.626],[3.9012,50.6318],[3.9088,50.6364],[3.9111,50.6368],[3.9131,50.639],[3.912,50.641],[3.9131,50.644],[3.9013,50.6478],[3.8967,50.6532],[3.8929,50.6524],[3.89,50.6562],[3.8883,50.6597],[3.8836,50.6607],[3.8831,50.663],[3.8798,50.6666],[3.8777,50.6662],[3.8765,50.6697],[3.8791,50.6706],[3.8777,50.6723],[3.8816,50.6758],[3.8768,50.6752],[3.873,50.676],[3.8695,50.6725],[3.8632,50.6716],[3.8581,50.6694],[3.8481,50.6723],[3.8432,50.6754],[3.8395,50.6766],[3.8379,50.6781],[3.8386,50.6802],[3.8326,50.6838],[3.8308,50.6812],[3.8267,50.6822],[3.8246,50.6814],[3.8202,50.6766],[3.8148,50.6748],[3.8112,50.6764],[3.8078,50.6762],[3.8033,50.6785],[3.8016,50.6804],[3.7996,50.6777],[3.7968,50.6786],[3.7941,50.681],[3.7951,50.6825],[3.7919,50.6841],[3.7867,50.6886],[3.7835,50.6889],[3.7791,50.6924],[3.7744,50.6918],[3.7712,50.6947],[3.7675,50.6924],[3.7685,50.6903],[3.7625,50.6888],[3.758,50.6957],[3.7568,50.6974],[3.751,50.6963],[3.7522,50.6947],[3.749,50.6937],[3.7503,50.6907],[3.7496,50.6893],[3.7511,50.6871],[3.7543,50.6858],[3.7487,50.6837],[3.7431,50.6844],[3.7395,50.686],[3.735,50.6855],[3.7314,50.6863],[3.7289,50.6857],[3.7244,50.6869],[3.7288,50.684],[3.731,50.6834],[3.7289,50.6763],[3.7279,50.6746],[3.7315,50.6722],[3.7307,50.671],[3.7208,50.6714],[3.7182,50.6722],[3.7161,50.6715],[3.712,50.6686],[3.7085,50.6704],[3.7036,50.6702],[3.7012,50.6686],[3.6967,50.6697],[3.6871,50.6739],[3.6828,50.6728],[3.6792,50.6728],[3.6732,50.6705],[3.6747,50.669],[3.6712,50.6675],[3.6712,50.6644],[3.6774,50.6661],[3.6793,50.6634],[3.6768,50.661],[3.6733,50.659],[3.6716,50.6554],[3.6682,50.6548],[3.6627,50.6504],[3.6596,50.6492],[3.655,50.6454],[3.6592,50.6453],[3.6661,50.6431],[3.6677,50.6413],[3.6679,50.6383],[3.6702,50.6352],[3.6785,50.6339],[3.6772,50.6317],[3.6798,50.6248],[3.6835,50.6241],[3.6848,50.6222],[3.6889,50.623],[3.6966,50.6214],[3.6956,50.6171],[3.6983,50.6162],[3.6977,50.6115],[3.6961,50.6085],[3.6935,50.6087],[3.6907,50.6036],[3.6899,50.5985],[3.6967,50.5968],[3.6957,50.5949],[3.7019,50.5909],[3.7068,50.5896],[3.7073,50.5906],[3.7138,50.5893],[3.7083,50.5837],[3.709,50.5823],[3.7072,50.5796],[3.7022,50.5803],[3.7008,50.5779],[3.6969,50.5788],[3.6951,50.5774],[3.6948,50.5741],[3.6972,50.5732],[3.6953,50.5713],[3.705,50.5679],[3.7111,50.5664],[3.7099,50.5647],[3.7139,50.5624]]]},"properties":{"id":"51004","name":"Ath","subdivision":"Hainaut","cx":3.769,"cy":50.645}},
{"type":"Feature","geometry":{"type":"Polygon","coordinates":[[[5.8845,50.634],[5.889,50.6374],[5.8934,50.6396],[5.8959,50.6425],[5.9032,50.6454],[5.8989,50.6496],[5.898,50.6536],[5.9,50.6583],[5.897,50.6646],[5.8971,50.6664],[5.9062,50.6725],[5.9111,50.6741],[5.9155,50.6747],[5.9188,50.6763],[5.9147,50.6792],[5.9066,50.6808],[5.9045,50.6834],[5.8982,50.688],[5.8937,50.6903],[5.8879,50.6911],[5.8846,50.6903],[5.8845,50.694],[5.8811,50.6968],[5.8781,50.6982],[5.8738,50.6975],[5.8737,50.6948],[5.8653,50.69],[5.8642,50.6886],[5.8597,50.6886],[5.8553,50.6872],[5.8426,50.685],[5.838,50.6859],[5.8362,50.6848],[5.839,50.6812],[5.8419,50.6804],[5.8462,50.6779],[5.847,50.6752],[5.8403,50.6737],[5.8334,50.6698],[5.8286,50.6712],[5.8251,50.6683],[5.8275,50.6653],[5.8321,50.6573],[5.8321,50.6532],[5.8344,50.6517],[5.8348,50.6494],[5.8396,50.6443],[5.8438,50.6414],[5.8477,50.6403],[5.8503,50.6385],[5.8506,50.6355],[5.8562,50.6346],[5.8575,50.6321],[5.8597,50.6305],[5.8608,50.6267],[5.8694,50.6292],[5.874,50.6296],[5.8791,50.6327],[5.8845,50.634]]]},"properties":{"id":"63089","name":"Thimister-Clermont","subdivision":"Liège","cx":5.87,"cy":50.663}},
{"type":"Feature","geometry":{"type":"Polygon","coordinates":[[[5.1957,50.6436],[5.1985,50.6442],[5.2028,50.6472],[5.2063,50.647],[5.2095,50.6483],[5.2145,50.652],[5.2097,50.654],[5.2117,50.6562],[5.209,50.6575],[5.2134,50.6615],[5.219,50.6637],[5.2251,50.6677],[5.2268,50.6702],[5.2237,50.6713],[5.2217,50.6735],[5.2189,50.6741],[5.2171,50.6786],[5.2183,50.6794],[5.214,50.6837],[5.2099,50.6871],[5.206,50.6889],[5.2,50.6863],[5.1957,50.6906],[5.1935,50.6945],[5.1885,50.6933],[5.1854,50.691],[5.1821,50.6901],[5.1793,50.6931],[5.1746,50.6911],[5.1675,50.6907],[5.1657,50.6928],[5.1649,50.6955],[5.1622,50.6957],[5.1562,50.6984],[5.1504,50.6955],[5.1487,50.6955],[5.1459,50.6928],[5.1504,50.6897],[5.1465,50.688],[5.1441,50.6828],[5.147,50.6799],[5.1566,50.6749],[5.1603,50.6725],[5.1624,50.6672],[5.15,50.6646],[5.1436,50.6629],[5.1446,50.6619],[5.1399,50.6593],[5.141,50.6575],[5.1445,50.6552],[5.1435,50.6545],[5.152,50.65],[5.152,50.6486],[5.1589,50.6469],[5.1615,50.6457],[5.1654,50.647],[5.1678,50.6451],[5.1768,50.6456],[5.1904,50.6494],[5.1942,50.6461],[5.1957,50.6436]]]},"properties":{"id":"64029","name":"Geer","subdivision":"Liège","cx":5.181,"cy":50.67}},
{"type":"Feature","geometry":{"type":"Polygon","coordinates":[[[5.8203,50.6004],[5.8243,50.6042],[5.8269,50.6056],[5.8238,50.6087],[5.8198,50.6109],[5.8155,50.6158],[5.8129,50.617],[5.8215,50.6219],[5.8223,50.6232],[5.8272,50.6241],[5.8379,50.6247],[5.8411,50.6261],[5.8432,50.6224],[5.8479,50.6227],[5.8502,50.6249],[5.8533,50.625],[5.8608,50.6267],[5.8597,50.6305],[5.8575,50.6321],[5.8562,50.6346],[5.8506,50.6355],[5.8503,50.6385],[5.8477,50.6403],[5.8438,50.6414],[5.8396,50.6443],[5.8348,50.6494],[5.8344,50.6517],[5.8321,50.6532],[5.8321,50.6573],[5.8275,50.6653],[5.8251,50.6683],[5.8286,50.6712],[5.8334,50.6698],[5.8403,50.6737],[5.847,50.6752],[5.8462,50.6779],[5.8419,50.6804],[5.839,50.6812],[5.8362,50.6848],[5.8308,50.6837],[5.826,50.6869],[5.8234,50.6868],[5.8221,50.69],[5.8176,50.6905],[5.8128,50.6901],[5.8104,50.6933],[5.8046,50.6969],[5.7975,50.7027],[5.7956,50.7028],[5.7938,50.6995],[5.7903,50.6976],[5.7827,50.6953],[5.7779,50.6963],[5.7729,50.6956],[5.7682,50.6974],[5.763,50.6983],[5.7578,50.7032],[5.7537,50.7005],[5.7588,50.6939],[5.7669,50.6902],[5.771,50.686],[5.7739,50.6828],[5.7752,50.6787],[5.7718,50.6752],[5.7725,50.6737],[5.7671,50.6698],[5.763,50.6693],[5.7587,50.672],[5.7558,50.6745],[5.7517,50.6727],[5.7455,50.6764],[5.7455,50.6781],[5.742,50.6793],[5.7401,50.6756],[5.7398,50.6731],[5.7416,50.6703],[5.7352,50.6686],[5.731,50.6684],[5.73,50.6654],[5.7324,50.6627],[5.7372,50.6633],[5.7432,50.6623],[5.7471,50.6622],[5.7473,50.6592],[5.7506,50.6564],[5.7516,50.654],[5.7548,50.6519],[5.7557,50.6484],[5.7626,50.6459],[5.7666,50.6429],[5.7632,50.6398],[5.7621,50.6368],[5.7643,50.6333],[5.7608,50.6305],[5.7602,50.6272],[5.7583,50.6252],[5.7575,50.6226],[5.7602,50.6216],[5.7628,50.6192],[5.7681,50.6127],[5.7683,50.6096],[5.762,50.6091],[5.759,50.6079],[5.7626,50.6043],[5.7636,50.6021],[5.7658,50.5999],[5.7673,50.5949],[5.7755,50.5976],[5.7816,50.6007],[5.7861,50.6017],[5.7899,50.6034],[5.7924,50.6009],[5.8033,50.597],[5.8102,50.5993],[5.8183,50.5996],[5.8203,50.6004]]]},"properties":{"id":"63035","name":"Herve","subdivision":"Liège","cx":5.796,"cy":50.649}},
{"type":"Feature","geometry":{"type":"Polygon","coordinates":[[[6.0702,50.6724],[6.0729,50.6771],[6.0707,50.6788],[6.0699,50.6817],[6.0663,50.6837],[6.0638,50.6876],[6.0598,50.6897],[6.0564,50.6895],[6.052,50.6928],[6.0468,50.6928],[6.0411,50.6965],[6.0406,50.701],[6.0421,50.7027],[6.0397,50.7023],[6.0364,50.7034],[6.0292,50.7033],[6.0303,50.7015],[6.0265,50.6963],[6.0201,50.6915],[6.0175,50.6916],[6.015,50.6939],[6.0088,50.6932],[6.0058,50.6951],[6.0041,50.6938],[5.9998,50.6936],[5.9956,50.6942],[5.9921,50.6957],[5.9878,50.6954],[5.9839,50.6994],[5.9844,50.701],[5.9818,50.7026],[5.967,50.6949],[5.9627,50.6919],[5.9548,50.6842],[5.9677,50.6752],[5.9749,50.6665],[5.9814,50.6601],[5.9933,50.6543],[6.0002,50.65],[6.0106,50.6544],[6.0148,50.6512],[6.0192,50.6526],[6.0227,50.6548],[6.0273,50.6588],[6.0296,50.6595],[6.0336,50.6619],[6.0353,50.6603],[6.0384,50.6617],[6.0422,50.6624],[6.0446,50.661],[6.0478,50.6634],[6.0496,50.6668],[6.0542,50.6678],[6.0573,50.6695],[6.0593,50.6717],[6.0642,50.6712],[6.0687,50.6729],[6.0702,50.6724]]]},"properties":{"id":"63048","name":"Lontzen","subdivision":"Liège","cx":6.011,"cy":50.674}},
{"type":"Feature","geometry":{"type":"Polygon","coordinates":[[[5.3484,50.6717],[5.3495,50.6734],[5.3824,50.6671],[5.3945,50.6878],[5.3965,50.6922],[5.3634,50.6988],[5.3448,50.7014],[5.304,50.7038],[5.2962,50.7038],[5.2961,50.7013],[5.2979,50.6998],[5.2968,50.6922],[5.2928,50.6917],[5.2924,50.6905],[5.2949,50.6858],[5.291,50.6818],[5.292,50.6794],[5.2883,50.6769],[5.2928,50.6755],[5.2937,50.6764],[5.3013,50.6742],[5.3019,50.6759],[5.3053,50.6749],[5.3119,50.6722],[5.3126,50.673],[5.3182,50.6713],[5.3182,50.6703],[5.3284,50.6676],[5.33,50.6678],[5.3367,50.6656],[5.3419,50.6684],[5.3485,50.6707],[5.3484,50.6717]]]},"properties":{"id":"64063","name":"Remicourt","subdivision":"Liège","cx":5.34,"cy":50.686}},
{"type":"Feature","geometry":{"type":"Polygon","coordinates":[[[4.9412,50.6434],[4.9329,50.6456],[4.9343,50.6473],[4.9304,50.6516],[4.9263,50.6527],[4.9236,50.6499],[4.9197,50.6514],[4.9242,50.6564],[4.9289,50.6587],[4.9326,50.6625],[4.9293,50.6657],[4.9351,50.6678],[4.925,50.6765],[4.9215,50.6786],[4.9185,50.6847],[4.9151,50.6847],[4.9115,50.6856],[4.9134,50.6883],[4.913,50.6912],[4.9142,50.6932],[4.9163,50.6932],[4.9163,50.6959],[4.9184,50.6962],[4.9147,50.7002],[4.9117,50.7019],[4.9071,50.7039],[4.9046,50.7016],[4.9005,50.7032],[4.8945,50.7008],[4.8898,50.6997],[4.8851,50.7004],[4.8819,50.6979],[4.87,50.7014],[4.8666,50.7005],[4.8671,50.6943],[4.8628,50.6886],[4.8665,50.6857],[4.8613,50.6835],[4.8544,50.6817],[4.855,50.6793],[4.8499,50.6778],[4.8514,50.6756],[4.8484,50.6737],[4.8518,50.6696],[4.8481,50.6661],[4.8457,50.6649],[4.8457,50.6632],[4.8399,50.661],[4.8407,50.6589],[4.8347,50.6555],[4.8339,50.6544],[4.8389,50.6512],[4.8395,50.6498],[4.8367,50.6476],[4.8336,50.648],[4.8313,50.6463],[4.8391,50.6401],[4.8386,50.6381],[4.8419,50.6357],[4.8416,50.6337],[4.8387,50.6319],[4.8414,50.6284],[4.8437,50.628],[4.8417,50.6228],[4.8457,50.6219],[4.8455,50.6203],[4.8517,50.6152],[4.8617,50.6176],[4.8718,50.6184],[4.8892,50.6221],[4.9015,50.6226],[4.8977,50.628],[4.9002,50.6289],[4.9146,50.6259],[4.9205,50.6258],[4.9294,50.6274],[4.9297,50.6292],[4.9369,50.6345],[4.9411,50.636],[4.9404,50.64],[4.9412,50.6434]]]},"properties":{"id":"25122","name":"Ramillies","subdivision":"Brabant wallon","cx":4.886,"cy":50.657}},
{"type":"Feature","geometry":{"type":"Polygon","coordinates":[[[5.6927,50.6449],[5.6903,50.6459],[5.6924,50.6482],[5.6919,50.6541],[5.6899,50.6562],[5.6906,50.6576],[5.6892,50.6597],[5.6923,50.6607],[5.6964,50.6599],[5.6988,50.6564],[5.7027,50.655],[5.7055,50.657],[5.7035,50.6599],[5.7084,50.6589],[5.7086,50.6608],[5.7106,50.6645],[5.7134,50.6665],[5.7165,50.6647],[5.7207,50.6636],[5.73,50.6623],[5.7324,50.6627],[5.73,50.6654],[5.731,50.6684],[5.7352,50.6686],[5.7416,50.6703],[5.7398,50.6731],[5.7401,50.6756],[5.742,50.6793],[5.7455,50.6781],[5.7455,50.6764],[5.7517,50.6727],[5.7558,50.6745],[5.7587,50.672],[5.763,50.6693],[5.7671,50.6698],[5.7725,50.6737],[5.7718,50.6752],[5.7752,50.6787],[5.7739,50.6828],[5.771,50.686],[5.7688,50.6823],[5.7649,50.6823],[5.7618,50.6811],[5.7542,50.6829],[5.7498,50.6821],[5.7483,50.6855],[5.7495,50.6894],[5.7444,50.6949],[5.7441,50.6972],[5.7362,50.7024],[5.736,50.704],[5.7325,50.7049],[5.7292,50.7073],[5.7235,50.7056],[5.7204,50.7055],[5.7175,50.701],[5.7107,50.7004],[5.7081,50.6983],[5.7032,50.7008],[5.7036,50.7035],[5.7016,50.7042],[5.7005,50.7043],[5.6981,50.6978],[5.6964,50.6915],[5.6964,50.6889],[5.6926,50.6882],[5.6895,50.6868],[5.6868,50.6833],[5.6866,50.6817],[5.6823,50.6778],[5.678,50.6772],[5.674,50.6714],[5.6728,50.6693],[5.6752,50.6686],[5.6726,50.6657],[5.6644,50.6617],[5.6625,50.659],[5.6567,50.6574],[5.6507,50.6563],[5.643,50.6523],[5.6451,50.6505],[5.6523,50.6496],[5.6539,50.6486],[5.6564,50.6507],[5.659,50.6504],[5.662,50.6473],[5.6661,50.6462],[5.6682,50.6466],[5.6743,50.6404],[5.6819,50.638],[5.686,50.6415],[5.6927,50.6449]]]},"properties":{"id":"62119","name":"Blegny","subdivision":"Liège","cx":5.713,"cy":50.683}},
{"type":"Feature","geometry":{"type":"Polygon","coordinates":[[[4.0918,50.6689],[4.0932,50.6726],[4.0973,50.6766],[4.0946,50.6799],[4.0983,50.6867],[4.0967,50.6892],[4.0995,50.6915],[4.0987,50.6949],[4.0952,50.6952],[4.0939,50.6999],[4.0921,50.7012],[4.0951,50.7032],[4.1009,50.7034],[4.1059,50.7057],[4.1135,50.7053],[4.111,50.7088],[4.1082,50.7091],[4.104,50.707],[4.1005,50.706],[4.099,50.7055],[4.0932,50.7082],[4.0907,50.7071],[4.0857,50.7117],[4.0782,50.7116],[4.0738,50.7109],[4.0721,50.7118],[4.0588,50.6945],[4.0575,50.6953],[4.054,50.7013],[4.0476,50.7016],[4.0376,50.6972],[4.0321,50.6941],[4.0301,50.6938],[4.0222,50.6942],[4.0193,50.6951],[4.017,50.6939],[4.0138,50.6961],[4.0127,50.6979],[4.0098,50.6994],[4.0083,50.698],[4.0034,50.6969],[3.9984,50.6935],[3.9955,50.6923],[3.9902,50.6877],[3.9856,50.6877],[3.9824,50.6885],[3.9749,50.6885],[3.9711,50.6905],[3.9651,50.6898],[3.9613,50.6831],[3.9627,50.682],[3.9639,50.6787],[3.9624,50.6782],[3.9641,50.6753],[3.9633,50.6725],[3.9695,50.665],[3.9665,50.6639],[3.9678,50.6624],[3.9655,50.6612],[3.9623,50.6583],[3.9701,50.6573],[3.9764,50.6548],[3.976,50.6531],[3.9779,50.6501],[3.9781,50.6469],[3.9731,50.6439],[3.9702,50.6401],[3.9694,50.634],[3.9772,50.6308],[3.9795,50.6348],[3.9819,50.6367],[3.9876,50.6386],[3.9946,50.6423],[3.9986,50.6457],[4.002,50.6501],[4.0075,50.654],[4.0123,50.6608],[4.0198,50.6698],[4.0219,50.6711],[4.0255,50.6749],[4.0291,50.6812],[4.0384,50.685],[4.0432,50.6802],[4.0473,50.6715],[4.0522,50.6679],[4.0597,50.6662],[4.0611,50.6664],[4.0645,50.664],[4.0586,50.66],[4.0648,50.6548],[4.0667,50.6542],[4.0703,50.6547],[4.0727,50.6572],[4.0744,50.6608],[4.085,50.6652],[4.0881,50.6658],[4.0918,50.6689]]]},"properties":{"id":"51067","name":"Enghien","subdivision":"Hainaut","cx":3.992,"cy":50.668}},
{"type":"Feature","geometry":{"type":"Polygon","coordinates":[[[4.1993,50.6521],[4.2081,50.6563],[4.2121,50.6566],[4.2151,50.6579],[4.2202,50.6589],[4.2236,50.6565],[4.2314,50.6583],[4.2342,50.6615],[4.2368,50.663],[4.2345,50.6674],[4.2331,50.6725],[4.2284,50.6738],[4.2251,50.6726],[4.2231,50.6747],[4.2217,50.6776],[4.2227,50.6794],[4.2379,50.6775],[4.2376,50.6789],[4.2467,50.6894],[4.24,50.6908],[4.2381,50.6941],[4.2313,50.6988],[4.2274,50.6994],[4.2207,50.702],[4.2119,50.7071],[4.2049,50.7088],[4.1979,50.7081],[4.1876,50.7082],[4.1833,50.7076],[4.1803,50.7093],[4.1784,50.7135],[4.1763,50.7164],[4.1732,50.7191],[4.1724,50.7215],[4.1677,50.7233],[4.1649,50.7234],[4.1626,50.7249],[4.1623,50.7266],[4.1568,50.7284],[4.1524,50.7287],[4.1529,50.7248],[4.1479,50.7265],[4.1465,50.728],[4.1423,50.7288],[4.1397,50.725],[4.1413,50.7232],[4.1349,50.7182],[4.1342,50.716],[4.131,50.7134],[4.1357,50.7102],[4.1395,50.7065],[4.1445,50.705],[4.1479,50.7031],[4.1432,50.6983],[4.151,50.6978],[4.1491,50.6922],[4.1536,50.6919],[4.1606,50.6901],[4.1643,50.6867],[4.1663,50.6882],[4.1708,50.6867],[4.1684,50.6792],[4.1731,50.6749],[4.1746,50.6746],[4.1771,50.67],[4.181,50.6684],[4.1774,50.6634],[4.1821,50.6622],[4.1909,50.6569],[4.1946,50.6541],[4.1993,50.6521]]]},"properties":{"id":"25105","name":"Tubize","subdivision":"Brabant wallon","cx":4.192,"cy":50.687}},
{"type":"Feature","geometry":{"type":"Polygon","coordinates":[[[5.0833,50.5997],[5.0837,50.6032],[5.083,50.6068],[5.0842,50.6098],[5.0822,50.618],[5.0806,50.6211],[5.0832,50.6253],[5.0866,50.6272],[5.092,50.6282],[5.0913,50.6305],[5.0944,50.6316],[5.099,50.6314],[5.0985,50.6357],[5.0961,50.6398],[5.1008,50.6407],[5.1096,50.64],[5.1168,50.6381],[5.1271,50.6373],[5.1309,50.6416],[5.1343,50.6397],[5.1404,50.6441],[5.152,50.6486],[5.152,50.65],[5.1435,50.6545],[5.1445,50.6552],[5.141,50.6575],[5.1399,50.6593],[5.1446,50.6619],[5.1436,50.6629],[5.15,50.6646],[5.1624,50.6672],[5.1603,50.6725],[5.1566,50.6749],[5.147,50.6799],[5.1441,50.6828],[5.1465,50.688],[5.1504,50.6897],[5.1459,50.6928],[5.1487,50.6955],[5.1447,50.6973],[5.1388,50.699],[5.1346,50.7013],[5.1326,50.7032],[5.1288,50.7044],[5.1273,50.7061],[5.1199,50.7082],[5.1173,50.7072],[5.1063,50.7097],[5.1014,50.708],[5.1014,50.7051],[5.0986,50.705],[5.0958,50.7033],[5.0921,50.7039],[5.0863,50.7066],[5.0832,50.7053],[5.0812,50.7081],[5.0753,50.7091],[5.0703,50.7064],[5.0697,50.7087],[5.0654,50.7107],[5.0619,50.716],[5.0564,50.7157],[5.0577,50.7137],[5.0569,50.7116],[5.0608,50.7094],[5.0541,50.7052],[5.0483,50.7047],[5.0405,50.702],[5.0388,50.7002],[5.029,50.6986],[5.0234,50.6985],[5.0173,50.7026],[5.0148,50.699],[5.0095,50.6981],[5.0026,50.6959],[5.0002,50.6906],[5.0006,50.6864],[4.9976,50.6837],[4.9976,50.6795],[4.9989,50.6782],[4.9994,50.6753],[4.9965,50.6715],[4.9992,50.6693],[5.0026,50.665],[4.9941,50.6593],[4.9901,50.6558],[4.9873,50.65],[4.9889,50.6476],[4.9882,50.6455],[4.9903,50.6411],[4.9942,50.6369],[4.9978,50.6368],[5.004,50.6383],[5.0091,50.6375],[5.0146,50.6334],[5.0196,50.6378],[5.0216,50.6411],[5.0227,50.6452],[5.0264,50.6465],[5.0397,50.6433],[5.0458,50.6457],[5.0468,50.6443],[5.0563,50.6422],[5.0547,50.6373],[5.0573,50.6308],[5.0565,50.6289],[5.0471,50.6216],[5.0491,50.6167],[5.0545,50.608],[5.0598,50.6048],[5.0618,50.6025],[5.0674,50.6001],[5.0678,50.6028],[5.0702,50.6028],[5.0725,50.5992],[5.076,50.5985],[5.0833,50.5997]]]},"properties":{"id":"64034","name":"Hannut","subdivision":"Liège","cx":5.075,"cy":50.668}},
{"type":"Feature","geometry":{"type":"Polygon","coordinates":[[[4.1774,50.6634],[4.181,50.6684],[4.1771,50.67],[4.1746,50.6746],[4.1731,50.6749],[4.1684,50.6792],[4.1708,50.6867],[4.1663,50.6882],[4.1643,50.6867],[4.1606,50.6901],[4.1536,50.6919],[4.1491,50.6922],[4.151,50.6978],[4.1432,50.6983],[4.1479,50.7031],[4.1445,50.705],[4.1395,50.7065],[4.1357,50.7102],[4.131,50.7134],[4.1342,50.716],[4.132,50.717],[4.1244,50.7151],[4.1171,50.7127],[4.113,50.7133],[4.1112,50.7154],[4.109,50.7155],[4.1037,50.7113],[4.1027,50.7097],[4.0974,50.7078],[4.1005,50.706],[4.104,50.707],[4.1082,50.7091],[4.111,50.7088],[4.1135,50.7053],[4.1059,50.7057],[4.1009,50.7034],[4.0951,50.7032],[4.0921,50.7012],[4.0939,50.6999],[4.0952,50.6952],[4.0987,50.6949],[4.0995,50.6915],[4.0967,50.6892],[4.0983,50.6867],[4.0946,50.6799],[4.0973,50.6766],[4.0932,50.6726],[4.0918,50.6689],[4.0949,50.6661],[4.0976,50.6676],[4.1,50.6644],[4.1004,50.6627],[4.0984,50.6562],[4.0961,50.6517],[4.0944,50.6513],[4.0981,50.6473],[4.0996,50.6434],[4.099,50.6412],[4.1,50.6389],[4.1058,50.636],[4.1068,50.632],[4.1086,50.6331],[4.1173,50.6347],[4.123,50.632],[4.1329,50.6293],[4.1345,50.6302],[4.1408,50.6317],[4.1453,50.6339],[4.1456,50.6367],[4.1474,50.6397],[4.16,50.6465],[4.1641,50.6503],[4.1636,50.6514],[4.1684,50.6567],[4.1741,50.66],[4.1774,50.6634]]]},"properties":{"id":"25123","name":"Rebecq","subdivision":"Brabant wallon","cx":4.13,"cy":50.671}},
{"type":"Feature","geometry":{"type":"Polygon","coordinates":[[[5.9224,50.6785],[5.9149,50.6829],[5.904,50.6926],[5.8999,50.6951],[5.8977,50.6979],[5.8953,50.7027],[5.8921,50.7065],[5.8875,50.7091],[5.8825,50.7101],[5.8742,50.7138],[5.8689,50.715],[5.8656,50.7167],[5.8582,50.7177],[5.8531,50.7165],[5.8422,50.7162],[5.8357,50.7145],[5.8208,50.7136],[5.8191,50.7146],[5.8132,50.7129],[5.8109,50.713],[5.8067,50.7111],[5.7975,50.7027],[5.8046,50.6969],[5.8104,50.6933],[5.8128,50.6901],[5.8176,50.6905],[5.8221,50.69],[5.8234,50.6868],[5.826,50.6869],[5.8308,50.6837],[5.8362,50.6848],[5.838,50.6859],[5.8426,50.685],[5.8553,50.6872],[5.8597,50.6886],[5.8642,50.6886],[5.8653,50.69],[5.8737,50.6948],[5.8738,50.6975],[5.8781,50.6982],[5.8811,50.6968],[5.8845,50.694],[5.8846,50.6903],[5.8879,50.6911],[5.8937,50.6903],[5.8982,50.688],[5.9045,50.6834],[5.9066,50.6808],[5.9147,50.6792],[5.9188,50.6763],[5.9224,50.6785]]]},"properties":{"id":"63003","name":"Aubel","subdivision":"Liège","cx":5.851,"cy":50.701}},
{"type":"Feature","geometry":{"type":"Polygon","coordinates":[[[3.3365,50.6587],[3.336,50.6658],[3.337,50.6657],[3.3397,50.6711],[3.3346,50.6711],[3.3325,50.6743],[3.3283,50.6729],[3.3249,50.6738],[3.3221,50.6773],[3.3202,50.6814],[3.3205,50.6833],[3.3177,50.6866],[3.3149,50.6859],[3.3096,50.6888],[3.303,50.6898],[3.3066,50.6925],[3.3064,50.6941],[3.3157,50.6983],[3.3179,50.7009],[3.3207,50.7008],[3.3218,50.703],[3.3262,50.7052],[3.3272,50.7095],[3.3294,50.7124],[3.3257,50.718],[3.3265,50.7207],[3.3241,50.7223],[3.3199,50.7204],[3.316,50.7213],[3.3109,50.7184],[3.3089,50.7195],[3.3045,50.7189],[3.3002,50.7153],[3.2973,50.7176],[3.2891,50.7209],[3.2853,50.7173],[3.2806,50.7165],[3.2764,50.7187],[3.2695,50.7174],[3.2657,50.7161],[3.2544,50.7151],[3.2453,50.713],[3.2515,50.7071],[3.2516,50.7049],[3.2611,50.7015],[3.2586,50.6959],[3.2611,50.6914],[3.2572,50.692],[3.2536,50.6911],[3.2534,50.6894],[3.2554,50.6864],[3.2581,50.6842],[3.2605,50.6796],[3.2653,50.6767],[3.2571,50.6744],[3.2519,50.6738],[3.242,50.669],[3.2422,50.6626],[3.2403,50.6588],[3.2463,50.6528],[3.2495,50.6549],[3.2514,50.6548],[3.2563,50.6579],[3.2665,50.6582],[3.2702,50.6581],[3.2738,50.6593],[3.2774,50.6628],[3.2845,50.6634],[3.2893,50.6652],[3.2955,50.6687],[3.2961,50.6664],[3.2988,50.6646],[3.3034,50.6639],[3.3029,50.6627],[3.3054,50.6611],[3.3073,50.6613],[3.3107,50.6636],[3.3191,50.6604],[3.3191,50.6578],[3.3227,50.6586],[3.3236,50.6569],[3.3292,50.6576],[3.3298,50.6563],[3.3359,50.6562],[3.3365,50.6587]]]},"properties":{"id":"57027","name":"Estaimpuis","subdivision":"Hainaut","cx":3.284,"cy":50.687}},
{"type":"Feature","geometry":{"type":"Polygon","coordinates":[[[3.3992,50.6777],[3.3944,50.6757],[3.3843,50.6755],[3.384,50.6783],[3.3869,50.6819],[3.3873,50.6856],[3.3859,50.6876],[3.3873,50.6893],[3.3874,50.6928],[3.3865,50.6943],[3.3909,50.6981],[3.3941,50.6975],[3.3993,50.7008],[3.3942,50.7028],[3.3957,50.7036],[3.392,50.7063],[3.3873,50.7071],[3.3891,50.7088],[3.3857,50.7098],[3.3754,50.7153],[3.3781,50.7172],[3.3654,50.7214],[3.3636,50.7192],[3.366,50.7185],[3.3609,50.7139],[3.3607,50.7095],[3.3491,50.7137],[3.3471,50.7152],[3.3432,50.716],[3.3418,50.7174],[3.3363,50.717],[3.3276,50.7224],[3.3241,50.7223],[3.3265,50.7207],[3.3257,50.718],[3.3294,50.7124],[3.3272,50.7095],[3.3262,50.7052],[3.3218,50.703],[3.3207,50.7008],[3.3179,50.7009],[3.3157,50.6983],[3.3064,50.6941],[3.3066,50.6925],[3.303,50.6898],[3.3096,50.6888],[3.3149,50.6859],[3.3177,50.6866],[3.3205,50.6833],[3.3202,50.6814],[3.3221,50.6773],[3.3249,50.6738],[3.3283,50.6729],[3.3325,50.6743],[3.3346,50.6711],[3.3397,50.6711],[3.337,50.6657],[3.336,50.6658],[3.3365,50.6587],[3.3399,50.6595],[3.3399,50.6558],[3.3427,50.652],[3.3454,50.6511],[3.3484,50.6528],[3.3518,50.6534],[3.353,50.6546],[3.3565,50.655],[3.3523,50.6506],[3.3487,50.6506],[3.3475,50.6475],[3.362,50.6479],[3.3647,50.6491],[3.3781,50.6524],[3.3838,50.6563],[3.3897,50.6575],[3.3942,50.6567],[3.3952,50.6606],[3.3951,50.6646],[3.397,50.6723],[3.3993,50.6742],[3.3992,50.6777]]]},"properties":{"id":"57062","name":"Pecq","subdivision":"Hainaut","cx":3.357,"cy":50.685}},
{"type":"Feature","geometry":{"type":"Polygon","coordinates":[[[5.5232,50.6498],[5.5267,50.6531],[5.5366,50.6497],[5.5394,50.6509],[5.5423,50.6495],[5.5468,50.6492],[5.5477,50.6538],[5.5503,50.6546],[5.5524,50.6586],[5.5519,50.6597],[5.5466,50.6591],[5.5419,50.6637],[5.5369,50.6646],[5.5408,50.6695],[5.5346,50.6715],[5.5382,50.674],[5.5364,50.6786],[5.5289,50.683],[5.5226,50.6855],[5.52,50.6835],[5.5165,50.6859],[5.5158,50.6877],[5.5103,50.6882],[5.5052,50.6919],[5.5078,50.6935],[5.5082,50.695],[5.5067,50.6969],[5.5109,50.6984],[5.5138,50.7009],[5.5174,50.7027],[5.5107,50.7062],[5.5111,50.7086],[5.5184,50.7089],[5.5191,50.7111],[5.5173,50.713],[5.5163,50.718],[5.5126,50.7201],[5.508,50.7178],[5.5031,50.7191],[5.4931,50.7228],[5.4905,50.719],[5.4891,50.7155],[5.4848,50.7134],[5.4683,50.7054],[5.4673,50.706],[5.4607,50.7015],[5.4697,50.6965],[5.4763,50.6944],[5.4807,50.6905],[5.4767,50.6822],[5.4809,50.6829],[5.4829,50.6806],[5.4912,50.6772],[5.4897,50.6744],[5.4914,50.6735],[5.4881,50.6709],[5.4859,50.6664],[5.4853,50.6621],[5.4876,50.6603],[5.488,50.6589],[5.4944,50.6594],[5.5021,50.6587],[5.5069,50.6555],[5.5051,50.6541],[5.5078,50.6527],[5.5117,50.6492],[5.5206,50.6514],[5.5232,50.6498]]]},"properties":{"id":"62003","name":"Ans","subdivision":"Liège","cx":5.506,"cy":50.674}},
{"type":"Feature","geometry":{"type":"Polygon","coordinates":[[[4.6663,50.6525],[4.6695,50.6532],[4.6729,50.6529],[4.6775,50.6548],[4.684,50.6522],[4.6901,50.6561],[4.6936,50.6561],[4.6982,50.6594],[4.7014,50.6598],[4.7024,50.6611],[4.7085,50.6638],[4.7137,50.6649],[4.7184,50.6608],[4.7261,50.6639],[4.7292,50.6621],[4.7338,50.6622],[4.7363,50.6637],[4.7424,50.6616],[4.7446,50.6643],[4.7433,50.665],[4.7538,50.6719],[4.7449,50.6752],[4.7408,50.6789],[4.7331,50.6821],[4.7319,50.6852],[4.737,50.6875],[4.736,50.6901],[4.7338,50.6912],[4.7368,50.6928],[4.7412,50.6931],[4.744,50.6945],[4.746,50.6931],[4.7531,50.6939],[4.7684,50.6922],[4.7666,50.6949],[4.7698,50.6962],[4.768,50.6993],[4.7698,50.7001],[4.7659,50.7029],[4.7649,50.7049],[4.7609,50.7069],[4.7586,50.7104],[4.7518,50.7118],[4.7487,50.7134],[4.7424,50.7117],[4.7396,50.707],[4.7348,50.7054],[4.7255,50.7067],[4.7211,50.7068],[4.7189,50.7076],[4.7185,50.7101],[4.712,50.7147],[4.7051,50.7174],[4.6996,50.7164],[4.6965,50.7165],[4.6915,50.7155],[4.6855,50.7123],[4.6802,50.7115],[4.6767,50.7026],[4.6724,50.7027],[4.6696,50.7083],[4.6729,50.7096],[4.6726,50.7117],[4.6691,50.715],[4.6662,50.7167],[4.6666,50.7186],[4.6636,50.7199],[4.6622,50.7235],[4.6522,50.7221],[4.6498,50.7204],[4.6417,50.72],[4.6399,50.7137],[4.642,50.7127],[4.6424,50.7089],[4.6417,50.7055],[4.6468,50.7045],[4.6383,50.6969],[4.6387,50.6938],[4.6353,50.6914],[4.6345,50.689],[4.6248,50.6846],[4.629,50.6764],[4.634,50.6702],[4.6398,50.6658],[4.6482,50.6622],[4.65,50.6631],[4.6563,50.658],[4.6586,50.6573],[4.6663,50.6525]]]},"properties":{"id":"25018","name":"Chaumont-Gistoux","subdivision":"Brabant wallon","cx":4.693,"cy":50.685}},
{"type":"Feature","geometry":{"type":"Polygon","coordinates":[[[5.214,50.6837],[5.2189,50.6847],[5.222,50.686],[5.2258,50.6837],[5.2307,50.6883],[5.2296,50.689],[5.2323,50.6914],[5.2354,50.6958],[5.2337,50.6987],[5.2312,50.7008],[5.2339,50.7032],[5.2303,50.7068],[5.2284,50.7121],[5.2277,50.7168],[5.229,50.7176],[5.2279,50.7177],[5.2243,50.7208],[5.2057,50.7209],[5.2029,50.7197],[5.1974,50.7189],[5.1941,50.7165],[5.1911,50.7169],[5.1888,50.7191],[5.1831,50.72],[5.1768,50.7225],[5.1746,50.721],[5.1703,50.7215],[5.1705,50.7197],[5.1677,50.7165],[5.169,50.7143],[5.1752,50.7146],[5.1758,50.7116],[5.1809,50.7049],[5.1744,50.7004],[5.1703,50.6987],[5.1649,50.6955],[5.1657,50.6928],[5.1675,50.6907],[5.1746,50.6911],[5.1793,50.6931],[5.1821,50.6901],[5.1854,50.691],[5.1885,50.6933],[5.1935,50.6945],[5.1957,50.6906],[5.2,50.6863],[5.206,50.6889],[5.2099,50.6871],[5.214,50.6837]]]},"properties":{"id":"64008","name":"Berloz","subdivision":"Liège","cx":5.205,"cy":50.705}},
{"type":"Feature","geometry":{"type":"Polygon","coordinates":[[[6.2355,50.6259],[6.2168,50.6322],[6.2146,50.6314],[6.208,50.6314],[6.2036,50.6326],[6.2,50.6315],[6.1943,50.6339],[6.1898,50.6302],[6.1872,50.6301],[6.1888,50.6274],[6.1856,50.6264],[6.1818,50.6238],[6.1761,50.6259],[6.1756,50.6273],[6.1802,50.6285],[6.1833,50.6323],[6.1808,50.6334],[6.1669,50.6439],[6.1751,50.6449],[6.1785,50.6444],[6.1839,50.6489],[6.1814,50.6497],[6.1834,50.652],[6.1788,50.6544],[6.1734,50.6562],[6.1701,50.6585],[6.1648,50.6633],[6.1615,50.6697],[6.1625,50.6714],[6.1584,50.6725],[6.1567,50.6748],[6.1488,50.6778],[6.1482,50.6795],[6.1442,50.6816],[6.1424,50.6871],[6.1437,50.6889],[6.1406,50.6907],[6.1393,50.6935],[6.1361,50.6944],[6.1331,50.6969],[6.133,50.699],[6.1231,50.7072],[6.1248,50.7111],[6.1217,50.7144],[6.1192,50.7196],[6.1153,50.7221],[6.1107,50.7229],[6.098,50.7231],[6.0951,50.7205],[6.0916,50.7229],[6.0879,50.7215],[6.0732,50.721],[6.0595,50.724],[6.0622,50.7217],[6.0625,50.7196],[6.0558,50.7163],[6.0589,50.7132],[6.0613,50.7119],[6.0595,50.7098],[6.0538,50.7059],[6.0533,50.704],[6.0501,50.7051],[6.0477,50.7038],[6.0421,50.7027],[6.0406,50.701],[6.0411,50.6965],[6.0468,50.6928],[6.052,50.6928],[6.0564,50.6895],[6.0598,50.6897],[6.0638,50.6876],[6.0663,50.6837],[6.0699,50.6817],[6.0707,50.6788],[6.0729,50.6771],[6.0702,50.6724],[6.0756,50.6706],[6.068,50.668],[6.067,50.667],[6.0726,50.6609],[6.0779,50.6561],[6.0748,50.6538],[6.0768,50.6522],[6.0737,50.6503],[6.0739,50.6463],[6.0761,50.644],[6.0758,50.6408],[6.0794,50.6393],[6.0839,50.6411],[6.0886,50.6418],[6.0964,50.6413],[6.1033,50.6389],[6.1066,50.6395],[6.1136,50.6396],[6.1176,50.638],[6.1249,50.6381],[6.1275,50.6321],[6.1274,50.628],[6.1286,50.626],[6.1268,50.6235],[6.1272,50.6219],[6.1239,50.617],[6.1452,50.6005],[6.1486,50.6076],[6.1488,50.6113],[6.1522,50.6165],[6.1543,50.6189],[6.1544,50.6222],[6.1571,50.6248],[6.1581,50.6272],[6.1615,50.6242],[6.1649,50.6221],[6.1725,50.6215],[6.1762,50.6195],[6.1844,50.6219],[6.1881,50.6216],[6.2021,50.6097],[6.2102,50.6083],[6.2266,50.604],[6.2282,50.6097],[6.2265,50.6146],[6.224,50.6166],[6.2299,50.62],[6.2355,50.6259]]]},"properties":{"id":"63061","name":"Raeren","subdivision":"Liège","cx":6.116,"cy":50.67}},
{"type":"Feature","geometry":{"type":"Polygon","coordinates":[[[4.4922,50.6549],[4.4942,50.6567],[4.4924,50.6603],[4.4921,50.6626],[4.4962,50.6634],[4.5019,50.6684],[4.5037,50.668],[4.5088,50.6714],[4.5071,50.6736],[4.5109,50.6738],[4.5152,50.6757],[4.515,50.6771],[4.511,50.6779],[4.5128,50.6806],[4.5161,50.6834],[4.5176,50.6863],[4.522,50.6849],[4.5218,50.6871],[4.5232,50.6901],[4.5251,50.6914],[4.5252,50.6954],[4.5265,50.6965],[4.5135,50.7015],[4.5099,50.7019],[4.5054,50.7036],[4.5032,50.7031],[4.5008,50.7051],[4.5001,50.7088],[4.5021,50.7099],[4.4983,50.7115],[4.4938,50.711],[4.4915,50.7136],[4.4861,50.7165],[4.4791,50.7217],[4.4772,50.7241],[4.4746,50.7233],[4.4696,50.7203],[4.4666,50.7197],[4.4643,50.7217],[4.4544,50.7222],[4.4481,50.7183],[4.4412,50.7157],[4.4412,50.7138],[4.4383,50.7111],[4.4343,50.7111],[4.4326,50.7091],[4.4263,50.7064],[4.4262,50.703],[4.432,50.701],[4.4319,50.6984],[4.4255,50.7007],[4.4235,50.6987],[4.4241,50.6959],[4.42,50.6961],[4.4162,50.6931],[4.4256,50.6889],[4.4357,50.6815],[4.4357,50.6797],[4.4313,50.6749],[4.4244,50.673],[4.4226,50.6753],[4.4208,50.6757],[4.4206,50.6784],[4.419,50.681],[4.412,50.6801],[4.4108,50.6777],[4.4059,50.6734],[4.4025,50.6731],[4.3948,50.6703],[4.3959,50.6633],[4.3957,50.6607],[4.4043,50.6561],[4.4019,50.6522],[4.4039,50.6486],[4.3996,50.6469],[4.4007,50.6439],[4.4078,50.6476],[4.4091,50.6494],[4.4158,50.6514],[4.4229,50.6518],[4.4295,50.6542],[4.4385,50.6586],[4.44,50.6539],[4.4391,50.6526],[4.4407,50.6508],[4.4494,50.6481],[4.4526,50.6485],[4.4635,50.6443],[4.4689,50.6456],[4.4807,50.6523],[4.4922,50.6549]]]},"properties":{"id":"25119","name":"Lasne","subdivision":"Brabant wallon","cx":4.466,"cy":50.682}},
{"type":"Feature","geometry":{"type":"Polygon","coordinates":[[[5.3053,50.6749],[5.3019,50.6759],[5.3013,50.6742],[5.2937,50.6764],[5.2928,50.6755],[5.2883,50.6769],[5.292,50.6794],[5.291,50.6818],[5.2949,50.6858],[5.2924,50.6905],[5.2928,50.6917],[5.2968,50.6922],[5.2979,50.6998],[5.2961,50.7013],[5.2962,50.7038],[5.304,50.7038],[5.3038,50.7065],[5.3092,50.7101],[5.3081,50.711],[5.3134,50.7139],[5.309,50.7181],[5.3061,50.718],[5.3039,50.716],[5.2997,50.72],[5.3007,50.7206],[5.2965,50.7235],[5.292,50.7238],[5.2871,50.7248],[5.2816,50.7275],[5.2763,50.729],[5.274,50.7261],[5.27,50.7257],[5.2703,50.7228],[5.2643,50.7196],[5.2627,50.7167],[5.2595,50.7164],[5.2557,50.7151],[5.2434,50.7168],[5.2411,50.7168],[5.2381,50.7214],[5.2388,50.7228],[5.2369,50.7273],[5.2345,50.7242],[5.2337,50.7207],[5.229,50.7176],[5.2277,50.7168],[5.2284,50.7121],[5.2303,50.7068],[5.2339,50.7032],[5.2312,50.7008],[5.2337,50.6987],[5.2354,50.6958],[5.2323,50.6914],[5.2296,50.689],[5.2307,50.6883],[5.2258,50.6837],[5.222,50.686],[5.2189,50.6847],[5.214,50.6837],[5.2183,50.6794],[5.2171,50.6786],[5.2189,50.6741],[5.2217,50.6735],[5.2237,50.6713],[5.2268,50.6702],[5.2401,50.678],[5.2428,50.6767],[5.2509,50.6706],[5.2635,50.6681],[5.2649,50.6668],[5.2683,50.6674],[5.2803,50.6638],[5.2776,50.66],[5.2758,50.6555],[5.2844,50.6565],[5.2934,50.6561],[5.2948,50.6603],[5.2979,50.6612],[5.2999,50.6667],[5.3027,50.6692],[5.301,50.6704],[5.3053,50.6749]]]},"properties":{"id":"64074","name":"Waremme","subdivision":"Liège","cx":5.267,"cy":50.694}},
{"type":"Feature","geometry":{"type":"Polygon","coordinates":[[[4.3756,50.6289],[4.3802,50.6316],[4.3889,50.6389],[4.384,50.642],[4.3849,50.6437],[4.3891,50.6464],[4.3938,50.641],[4.3976,50.642],[4.4007,50.6439],[4.3996,50.6469],[4.4039,50.6486],[4.4019,50.6522],[4.4043,50.6561],[4.3957,50.6607],[4.3959,50.6633],[4.3948,50.6703],[4.4025,50.6731],[4.4059,50.6734],[4.4108,50.6777],[4.412,50.6801],[4.4055,50.6795],[4.3995,50.6813],[4.4091,50.6864],[4.4073,50.6893],[4.4054,50.6881],[4.4011,50.6867],[4.391,50.6864],[4.393,50.6911],[4.3934,50.6962],[4.3965,50.6989],[4.3969,50.701],[4.3895,50.7039],[4.3843,50.7052],[4.3767,50.7043],[4.3725,50.7024],[4.3663,50.7008],[4.3643,50.703],[4.3595,50.7058],[4.3549,50.7115],[4.361,50.7126],[4.3586,50.7162],[4.3516,50.7151],[4.34,50.7319],[4.3381,50.7341],[4.3325,50.7324],[4.3286,50.7288],[4.3238,50.7289],[4.3252,50.7262],[4.3253,50.7232],[4.3317,50.7259],[4.3308,50.7207],[4.3353,50.7166],[4.3315,50.7167],[4.3285,50.7183],[4.3263,50.7155],[4.323,50.7199],[4.3139,50.7203],[4.3126,50.7152],[4.3115,50.7143],[4.3115,50.7108],[4.3084,50.7072],[4.3097,50.7037],[4.3111,50.7029],[4.308,50.7002],[4.3092,50.6984],[4.3153,50.6953],[4.3178,50.6925],[4.32,50.6922],[4.3221,50.69],[4.326,50.6897],[4.3295,50.688],[4.3328,50.689],[4.3326,50.6844],[4.3334,50.6819],[4.3315,50.6801],[4.3292,50.6733],[4.3266,50.6678],[4.3272,50.6673],[4.3193,50.662],[4.3159,50.6614],[4.3141,50.6639],[4.3121,50.6608],[4.3116,50.6563],[4.305,50.6542],[4.3019,50.6527],[4.3005,50.6505],[4.3092,50.6455],[4.3103,50.6422],[4.3175,50.6409],[4.3205,50.6382],[4.3242,50.6367],[4.3242,50.6349],[4.3185,50.6321],[4.3204,50.6306],[4.3243,50.6326],[4.3243,50.6336],[4.3302,50.6353],[4.3359,50.631],[4.341,50.6301],[4.3461,50.6306],[4.3534,50.629],[4.3612,50.6262],[4.3648,50.6257],[4.3708,50.628],[4.3756,50.6289]]]},"properties":{"id":"25014","name":"Braine-l'Alleud","subdivision":"Brabant wallon","cx":4.36,"cy":50.671}},
{"type":"Feature","geometry":{"type":"Polygon","coordinates":[[[3.655,50.6454],[3.6596,50.6492],[3.6627,50.6504],[3.6682,50.6548],[3.6716,50.6554],[3.6733,50.659],[3.6768,50.661],[3.6793,50.6634],[3.6774,50.6661],[3.6712,50.6644],[3.6712,50.6675],[3.6747,50.669],[3.6732,50.6705],[3.6792,50.6728],[3.6828,50.6728],[3.6871,50.6739],[3.6967,50.6697],[3.7012,50.6686],[3.7036,50.6702],[3.7085,50.6704],[3.712,50.6686],[3.7161,50.6715],[3.7182,50.6722],[3.7208,50.6714],[3.7307,50.671],[3.7315,50.6722],[3.7279,50.6746],[3.7289,50.6763],[3.731,50.6834],[3.7288,50.684],[3.7244,50.6869],[3.7225,50.6887],[3.716,50.6931],[3.7059,50.696],[3.7036,50.695],[3.6954,50.6934],[3.6911,50.6938],[3.6905,50.695],[3.6864,50.6941],[3.683,50.6919],[3.6812,50.6918],[3.677,50.6942],[3.6739,50.6922],[3.669,50.6917],[3.6691,50.6953],[3.6735,50.6981],[3.6741,50.6993],[3.6798,50.7036],[3.6567,50.7053],[3.6466,50.7083],[3.6399,50.7119],[3.6474,50.716],[3.6377,50.7172],[3.6397,50.7191],[3.6405,50.7223],[3.6329,50.7221],[3.6308,50.721],[3.6268,50.7223],[3.6236,50.7225],[3.6149,50.7277],[3.6143,50.7306],[3.6103,50.7323],[3.6035,50.7318],[3.5985,50.7324],[3.5911,50.7294],[3.5863,50.729],[3.5778,50.7303],[3.5682,50.7281],[3.5633,50.7298],[3.5593,50.7342],[3.5554,50.7345],[3.5514,50.7341],[3.5489,50.7328],[3.544,50.7325],[3.5413,50.7337],[3.5407,50.7319],[3.5449,50.7317],[3.5368,50.7256],[3.5404,50.7215],[3.5343,50.7205],[3.5327,50.7222],[3.5289,50.7225],[3.533,50.7193],[3.5284,50.7156],[3.5226,50.7141],[3.5208,50.7151],[3.5186,50.7131],[3.5107,50.7105],[3.5042,50.7103],[3.5036,50.711],[3.4979,50.7086],[3.4941,50.7101],[3.4904,50.7052],[3.4877,50.7036],[3.4874,50.7025],[3.4928,50.6982],[3.4971,50.6977],[3.504,50.6939],[3.505,50.692],[3.5085,50.6913],[3.5115,50.6865],[3.5174,50.6814],[3.5154,50.6801],[3.5206,50.6766],[3.5225,50.6723],[3.5275,50.6709],[3.5306,50.6694],[3.5332,50.6657],[3.5296,50.6642],[3.5323,50.6616],[3.5292,50.6607],[3.5336,50.6577],[3.5316,50.6562],[3.5342,50.655],[3.54,50.6509],[3.5427,50.6498],[3.5454,50.6462],[3.5484,50.6483],[3.5502,50.6485],[3.5573,50.6398],[3.5599,50.6403],[3.5653,50.6381],[3.5632,50.6363],[3.5569,50.6342],[3.5553,50.6318],[3.5497,50.63],[3.5537,50.6294],[3.5599,50.6273],[3.5652,50.6279],[3.5642,50.631],[3.567,50.6313],[3.5679,50.6286],[3.5737,50.6294],[3.5747,50.6274],[3.5793,50.6282],[3.5805,50.6257],[3.5842,50.6271],[3.5912,50.6286],[3.5918,50.6323],[3.5877,50.6315],[3.5867,50.6339],[3.5933,50.6361],[3.5965,50.6359],[3.6012,50.6339],[3.606,50.6332],[3.6113,50.6333],[3.6142,50.6347],[3.6187,50.6348],[3.6248,50.6367],[3.6255,50.6382],[3.6301,50.6415],[3.633,50.6399],[3.6371,50.6398],[3.6373,50.6374],[3.6403,50.6354],[3.6406,50.6329],[3.6437,50.633],[3.6481,50.6313],[3.6518,50.6312],[3.655,50.632],[3.6555,50.6345],[3.6531,50.6382],[3.6492,50.6389],[3.6495,50.6423],[3.6455,50.6426],[3.6444,50.6442],[3.6502,50.6459],[3.655,50.6454]]]},"properties":{"id":"51065","name":"Frasnes-lez-Anvaing","subdivision":"Hainaut","cx":3.601,"cy":50.682}},
{"type":"Feature","geometry":{"type":"Polygon","coordinates":[[[5.428,50.6854],[5.4295,50.6866],[5.4275,50.6881],[5.4297,50.6917],[5.4256,50.6927],[5.4214,50.6946],[5.4248,50.6991],[5.4253,50.7018],[5.4231,50.7025],[5.4251,50.7049],[5.4233,50.7085],[5.425,50.7109],[5.4245,50.7123],[5.429,50.7155],[5.428,50.7181],[5.4317,50.7198],[5.4281,50.7232],[5.423,50.72],[5.4207,50.719],[5.4167,50.7205],[5.4164,50.7228],[5.4096,50.7243],[5.408,50.7267],[5.4047,50.7269],[5.4023,50.7281],[5.4027,50.7318],[5.4019,50.7352],[5.3963,50.7354],[5.3942,50.7349],[5.3872,50.7349],[5.3829,50.7303],[5.3776,50.7302],[5.3767,50.7327],[5.3748,50.7332],[5.3703,50.731],[5.3685,50.7312],[5.3696,50.7254],[5.3687,50.7217],[5.369,50.7184],[5.3725,50.7155],[5.3713,50.7137],[5.3631,50.7063],[5.3657,50.7026],[5.3634,50.6988],[5.3965,50.6922],[5.428,50.6854]]]},"properties":{"id":"64021","name":"Crisnée","subdivision":"Liège","cx":5.397,"cy":50.711}},
{"type":"Feature","geometry":{"type":"Polygon","coordinates":[[[4.4412,50.7157],[4.4365,50.7159],[4.4368,50.7182],[4.4352,50.7206],[4.4371,50.723],[4.4313,50.7248],[4.4239,50.7254],[4.4242,50.7359],[4.3963,50.7338],[4.3938,50.7345],[4.3916,50.7323],[4.3878,50.7314],[4.3833,50.7313],[4.3718,50.7295],[4.3727,50.7162],[4.3644,50.7169],[4.3586,50.7162],[4.361,50.7126],[4.3549,50.7115],[4.3595,50.7058],[4.3643,50.703],[4.3663,50.7008],[4.3725,50.7024],[4.3767,50.7043],[4.3843,50.7052],[4.3895,50.7039],[4.3969,50.701],[4.3965,50.6989],[4.3934,50.6962],[4.393,50.6911],[4.391,50.6864],[4.4011,50.6867],[4.4054,50.6881],[4.4073,50.6893],[4.4091,50.6864],[4.3995,50.6813],[4.4055,50.6795],[4.412,50.6801],[4.419,50.681],[4.4206,50.6784],[4.4208,50.6757],[4.4226,50.6753],[4.4244,50.673],[4.4313,50.6749],[4.4357,50.6797],[4.4357,50.6815],[4.4256,50.6889],[4.4162,50.6931],[4.42,50.6961],[4.4241,50.6959],[4.4235,50.6987],[4.4255,50.7007],[4.4319,50.6984],[4.432,50.701],[4.4262,50.703],[4.4263,50.7064],[4.4326,50.7091],[4.4343,50.7111],[4.4383,50.7111],[4.4412,50.7138],[4.4412,50.7157]]]},"properties":{"id":"25110","name":"Waterloo","subdivision":"Brabant wallon","cx":4.407,"cy":50.714}},
{"type":"Feature","geometry":{"type":"Polygon","coordinates":[[[5.4876,50.6603],[5.4853,50.6621],[5.4859,50.6664],[5.4881,50.6709],[5.4914,50.6735],[5.4897,50.6744],[5.4912,50.6772],[5.4829,50.6806],[5.4809,50.6829],[5.4767,50.6822],[5.4807,50.6905],[5.4763,50.6944],[5.4697,50.6965],[5.4607,50.7015],[5.4673,50.706],[5.4683,50.7054],[5.4848,50.7134],[5.4783,50.716],[5.4798,50.717],[5.4785,50.72],[5.4805,50.7223],[5.4787,50.7236],[5.474,50.7259],[5.4756,50.7274],[5.4756,50.7335],[5.473,50.735],[5.471,50.7348],[5.4676,50.7366],[5.4671,50.739],[5.462,50.7388],[5.4626,50.7368],[5.4602,50.7364],[5.463,50.7306],[5.4572,50.7279],[5.4545,50.7271],[5.4547,50.7249],[5.4525,50.7231],[5.4548,50.7217],[5.4495,50.7202],[5.4478,50.7219],[5.4429,50.7222],[5.4376,50.721],[5.4357,50.722],[5.4317,50.7198],[5.428,50.7181],[5.429,50.7155],[5.4245,50.7123],[5.425,50.7109],[5.4233,50.7085],[5.4251,50.7049],[5.4231,50.7025],[5.4253,50.7018],[5.4248,50.6991],[5.4214,50.6946],[5.4256,50.6927],[5.4297,50.6917],[5.4275,50.6881],[5.4295,50.6866],[5.428,50.6854],[5.4207,50.6788],[5.4227,50.6784],[5.4226,50.6762],[5.4321,50.6721],[5.4323,50.6708],[5.4364,50.6696],[5.4396,50.6647],[5.4383,50.6621],[5.4402,50.6607],[5.4564,50.6586],[5.4876,50.6603]]]},"properties":{"id":"62006","name":"Awans","subdivision":"Liège","cx":5.45,"cy":50.685}},
{"type":"Feature","geometry":{"type":"Polygon","coordinates":[[[5.967,50.6949],[5.9818,50.7026],[5.9963,50.708],[6.0156,50.7424],[6.021,50.7543],[6.0191,50.7549],[6.0131,50.7551],[5.9991,50.753],[5.9967,50.7537],[5.991,50.7529],[5.9847,50.7533],[5.983,50.7529],[5.9789,50.7546],[5.9744,50.7552],[5.9749,50.758],[5.9732,50.7595],[5.9684,50.7608],[5.9589,50.7623],[5.9532,50.7601],[5.9465,50.7599],[5.9441,50.7585],[5.939,50.758],[5.9361,50.7568],[5.9308,50.7568],[5.9215,50.7513],[5.9156,50.7507],[5.9147,50.7519],[5.9155,50.7547],[5.9137,50.7559],[5.909,50.7544],[5.9046,50.7553],[5.9017,50.7514],[5.8979,50.7527],[5.8951,50.7545],[5.8921,50.7552],[5.8899,50.7535],[5.8904,50.752],[5.8971,50.7445],[5.9009,50.7451],[5.9019,50.7434],[5.9068,50.7424],[5.9061,50.7407],[5.9087,50.7394],[5.9111,50.7352],[5.9045,50.7302],[5.9023,50.7277],[5.894,50.7221],[5.8914,50.7185],[5.8891,50.7181],[5.8868,50.7163],[5.8841,50.7114],[5.8825,50.7101],[5.8875,50.7091],[5.8921,50.7065],[5.8953,50.7027],[5.8977,50.6979],[5.8999,50.6951],[5.904,50.6926],[5.9149,50.6829],[5.9224,50.6785],[5.9261,50.6807],[5.9265,50.6822],[5.9309,50.6863],[5.9327,50.6892],[5.9346,50.6895],[5.9413,50.6939],[5.9561,50.698],[5.9591,50.6995],[5.967,50.6949]]]},"properties":{"id":"63088","name":"Plombières","subdivision":"Liège","cx":5.949,"cy":50.726}},
{"type":"Feature","geometry":{"type":"Polygon","coordinates":[[[4.9882,50.6455],[4.9889,50.6476],[4.9873,50.65],[4.9901,50.6558],[4.9941,50.6593],[5.0026,50.665],[4.9992,50.6693],[4.9965,50.6715],[4.9994,50.6753],[4.9989,50.6782],[4.9976,50.6795],[4.9976,50.6837],[5.0006,50.6864],[5.0002,50.6906],[5.0026,50.6959],[5.0095,50.6981],[5.0148,50.699],[5.0173,50.7026],[5.0126,50.7061],[5.0096,50.7072],[5.01,50.7119],[4.9982,50.7151],[4.997,50.7169],[4.9946,50.7173],[4.9968,50.7223],[4.9926,50.7237],[4.9899,50.7239],[4.991,50.7266],[4.99,50.7279],[4.9934,50.7331],[4.9886,50.7364],[4.9824,50.7365],[4.9812,50.7385],[4.9715,50.7353],[4.9677,50.7363],[4.9661,50.7378],[4.9628,50.7377],[4.9606,50.7366],[4.9559,50.7387],[4.9547,50.742],[4.9499,50.7388],[4.9461,50.738],[4.9433,50.7351],[4.9488,50.7308],[4.9445,50.729],[4.9431,50.7259],[4.9411,50.724],[4.9415,50.7215],[4.9442,50.7201],[4.9395,50.715],[4.9356,50.7126],[4.9335,50.7122],[4.9303,50.7096],[4.9275,50.7107],[4.9258,50.7093],[4.9232,50.7105],[4.9213,50.7088],[4.9208,50.7033],[4.9164,50.7013],[4.9129,50.7028],[4.9117,50.7019],[4.9147,50.7002],[4.9184,50.6962],[4.9163,50.6959],[4.9163,50.6932],[4.9142,50.6932],[4.913,50.6912],[4.9134,50.6883],[4.9115,50.6856],[4.9151,50.6847],[4.9185,50.6847],[4.9215,50.6786],[4.925,50.6765],[4.9351,50.6678],[4.9293,50.6657],[4.9326,50.6625],[4.9289,50.6587],[4.9242,50.6564],[4.9197,50.6514],[4.9236,50.6499],[4.9263,50.6527],[4.9304,50.6516],[4.9343,50.6473],[4.9329,50.6456],[4.9412,50.6434],[4.9428,50.6421],[4.9502,50.6467],[4.9535,50.6479],[4.9567,50.6451],[4.9648,50.6483],[4.9665,50.6481],[4.9789,50.6395],[4.9833,50.6422],[4.9882,50.6455]]]},"properties":{"id":"25120","name":"Orp-Jauche","subdivision":"Brabant wallon","cx":4.963,"cy":50.69}},
{"type":"Feature","geometry":{"type":"Polygon","coordinates":[[[5.3634,50.6988],[5.3657,50.7026],[5.3631,50.7063],[5.3713,50.7137],[5.3725,50.7155],[5.369,50.7184],[5.3687,50.7217],[5.3696,50.7254],[5.3685,50.7312],[5.3703,50.731],[5.3748,50.7332],[5.3767,50.7327],[5.3776,50.7302],[5.3829,50.7303],[5.3872,50.7349],[5.3942,50.7349],[5.3929,50.7384],[5.3925,50.744],[5.3895,50.7479],[5.3822,50.745],[5.3761,50.7421],[5.3718,50.7462],[5.3679,50.7469],[5.3503,50.7464],[5.3336,50.7353],[5.325,50.7323],[5.3163,50.7283],[5.3138,50.7293],[5.3095,50.7245],[5.308,50.7239],[5.3104,50.7191],[5.309,50.7181],[5.3134,50.7139],[5.3081,50.711],[5.3092,50.7101],[5.3038,50.7065],[5.304,50.7038],[5.3448,50.7014],[5.3634,50.6988]]]},"properties":{"id":"64056","name":"Oreye","subdivision":"Liège","cx":5.347,"cy":50.723}},
{"type":"Feature","geometry":{"type":"Polygon","coordinates":[[[4.5298,50.6951],[4.531,50.6972],[4.5366,50.701],[4.5401,50.7025],[4.5482,50.7043],[4.5471,50.7063],[4.5498,50.7091],[4.549,50.713],[4.5507,50.7148],[4.5507,50.7188],[4.5538,50.7231],[4.5561,50.7241],[4.5553,50.7269],[4.5538,50.7282],[4.5567,50.7319],[4.5544,50.7337],[4.5576,50.7348],[4.5612,50.7351],[4.5629,50.7332],[4.5668,50.735],[4.5669,50.7381],[4.5631,50.741],[4.5653,50.7429],[4.5626,50.7449],[4.5592,50.7449],[4.5591,50.7465],[4.5564,50.7488],[4.5544,50.7475],[4.5463,50.7443],[4.5427,50.7423],[4.5394,50.7414],[4.5342,50.7391],[4.5298,50.7409],[4.5251,50.7385],[4.5324,50.7336],[4.5316,50.7313],[4.5241,50.7273],[4.5145,50.7293],[4.5138,50.7304],[4.5093,50.7313],[4.499,50.7326],[4.4864,50.7269],[4.4772,50.7241],[4.4791,50.7217],[4.4861,50.7165],[4.4915,50.7136],[4.4938,50.711],[4.4983,50.7115],[4.5021,50.7099],[4.5001,50.7088],[4.5008,50.7051],[4.5032,50.7031],[4.5054,50.7036],[4.5099,50.7019],[4.5135,50.7015],[4.5265,50.6965],[4.5298,50.6951]]]},"properties":{"id":"25091","name":"Rixensart","subdivision":"Brabant wallon","cx":4.527,"cy":50.714}},
{"type":"Feature","geometry":{"type":"Polygon","coordinates":[[[5.5647,50.6822],[5.5655,50.6866],[5.5642,50.687],[5.5553,50.6937],[5.5594,50.6972],[5.5622,50.6981],[5.5781,50.6984],[5.5792,50.7012],[5.5821,50.6997],[5.5823,50.6984],[5.5927,50.7015],[5.5984,50.7061],[5.5994,50.7088],[5.597,50.7144],[5.5974,50.7169],[5.595,50.721],[5.5986,50.7232],[5.5991,50.7263],[5.5972,50.728],[5.5944,50.7341],[5.5891,50.7328],[5.583,50.7339],[5.5778,50.7365],[5.5758,50.7407],[5.5724,50.7435],[5.5715,50.7471],[5.572,50.7495],[5.5613,50.7474],[5.5528,50.7446],[5.551,50.7428],[5.5495,50.737],[5.5459,50.7337],[5.5435,50.733],[5.5401,50.7344],[5.5376,50.7307],[5.5357,50.7317],[5.5327,50.7365],[5.5297,50.7391],[5.5262,50.7401],[5.5244,50.7424],[5.5204,50.7408],[5.5187,50.7419],[5.5129,50.7382],[5.5092,50.7365],[5.4946,50.7308],[5.4907,50.7273],[5.489,50.7276],[5.4815,50.7256],[5.4787,50.7236],[5.4805,50.7223],[5.4785,50.72],[5.4798,50.717],[5.4783,50.716],[5.4848,50.7134],[5.4891,50.7155],[5.4905,50.719],[5.4931,50.7228],[5.5031,50.7191],[5.508,50.7178],[5.5126,50.7201],[5.5163,50.718],[5.5173,50.713],[5.5191,50.7111],[5.5184,50.7089],[5.5111,50.7086],[5.5107,50.7062],[5.5174,50.7027],[5.5138,50.7009],[5.5109,50.6984],[5.5067,50.6969],[5.5082,50.695],[5.5078,50.6935],[5.5052,50.6919],[5.5103,50.6882],[5.5158,50.6877],[5.5165,50.6859],[5.52,50.6835],[5.5226,50.6855],[5.5289,50.683],[5.5364,50.6786],[5.5394,50.6817],[5.54,50.6846],[5.5431,50.6864],[5.5481,50.6859],[5.5491,50.688],[5.5516,50.6871],[5.5508,50.6854],[5.5585,50.6838],[5.5608,50.6821],[5.5647,50.6822]]]},"properties":{"id":"62060","name":"Juprelle","subdivision":"Liège","cx":5.547,"cy":50.714}},
{"type":"Feature","geometry":{"type":"Polygon","coordinates":[[[4.7434,50.655],[4.7451,50.6543],[4.7499,50.6546],[4.7485,50.659],[4.7526,50.66],[4.7617,50.6644],[4.7688,50.6657],[4.7687,50.6687],[4.7714,50.6698],[4.7741,50.6683],[4.78,50.671],[4.7841,50.671],[4.7891,50.6724],[4.7919,50.6714],[4.7977,50.6761],[4.8016,50.674],[4.8058,50.6778],[4.8075,50.6776],[4.8046,50.6731],[4.805,50.6715],[4.8116,50.6685],[4.8162,50.6682],[4.8213,50.6713],[4.8268,50.6701],[4.8304,50.6679],[4.8399,50.661],[4.8457,50.6632],[4.8457,50.6649],[4.8481,50.6661],[4.8518,50.6696],[4.8484,50.6737],[4.8514,50.6756],[4.8499,50.6778],[4.8451,50.6784],[4.8424,50.6808],[4.8418,50.6837],[4.8353,50.6844],[4.8281,50.6875],[4.824,50.6883],[4.8257,50.6914],[4.8206,50.6932],[4.8155,50.6908],[4.812,50.6923],[4.8157,50.6947],[4.814,50.6967],[4.8043,50.6969],[4.805,50.6977],[4.805,50.7024],[4.8011,50.7025],[4.7995,50.7056],[4.7958,50.7087],[4.7966,50.7131],[4.7889,50.7178],[4.7909,50.7186],[4.7958,50.7219],[4.8041,50.7263],[4.8071,50.7293],[4.8034,50.7313],[4.809,50.7354],[4.8042,50.7359],[4.792,50.7354],[4.7873,50.7359],[4.7852,50.7353],[4.7796,50.7364],[4.773,50.739],[4.7742,50.7397],[4.7657,50.7469],[4.7649,50.7483],[4.7589,50.7461],[4.7542,50.7496],[4.7516,50.7485],[4.7434,50.7475],[4.7447,50.7411],[4.7413,50.7352],[4.7394,50.7335],[4.7425,50.7325],[4.7428,50.7302],[4.7445,50.7268],[4.7438,50.7258],[4.7501,50.723],[4.7476,50.7205],[4.7433,50.7181],[4.7419,50.7157],[4.7415,50.7126],[4.7424,50.7117],[4.7487,50.7134],[4.7518,50.7118],[4.7586,50.7104],[4.7609,50.7069],[4.7649,50.7049],[4.7659,50.7029],[4.7698,50.7001],[4.768,50.6993],[4.7698,50.6962],[4.7666,50.6949],[4.7684,50.6922],[4.7531,50.6939],[4.746,50.6931],[4.744,50.6945],[4.7412,50.6931],[4.7368,50.6928],[4.7338,50.6912],[4.736,50.6901],[4.737,50.6875],[4.7319,50.6852],[4.7331,50.6821],[4.7408,50.6789],[4.7449,50.6752],[4.7538,50.6719],[4.7433,50.665],[4.7446,50.6643],[4.7424,50.6616],[4.7408,50.6593],[4.7465,50.6587],[4.7434,50.655]]]},"properties":{"id":"25043","name":"Incourt","subdivision":"Brabant wallon","cx":4.786,"cy":50.695}},
{"type":"Feature","geometry":{"type":"Polygon","coordinates":[[[5.0564,50.7157],[5.0478,50.722],[5.044,50.7234],[5.0464,50.7253],[5.0462,50.7284],[5.047,50.7313],[5.0424,50.7341],[5.048,50.7391],[5.0413,50.7421],[5.0368,50.743],[5.0344,50.7449],[5.0216,50.7503],[5.0196,50.7508],[5.0205,50.7485],[5.0166,50.7437],[5.0171,50.7407],[5.016,50.7396],[5.0171,50.7371],[5.0154,50.7346],[5.0171,50.7329],[5.0128,50.7306],[5.0087,50.7331],[5.0075,50.729],[5.0008,50.7288],[4.9971,50.728],[4.9941,50.7264],[4.9926,50.7237],[4.9968,50.7223],[4.9946,50.7173],[4.997,50.7169],[4.9982,50.7151],[5.01,50.7119],[5.0096,50.7072],[5.0126,50.7061],[5.0173,50.7026],[5.0234,50.6985],[5.029,50.6986],[5.0388,50.7002],[5.0405,50.702],[5.0483,50.7047],[5.0541,50.7052],[5.0608,50.7094],[5.0569,50.7116],[5.0577,50.7137],[5.0564,50.7157]]]},"properties":{"id":"64047","name":"Lincent","subdivision":"Liège","cx":5.028,"cy":50.721}},
{"type":"Feature","geometry":{"type":"Polygon","coordinates":[[[3.9097,50.6925],[3.9107,50.6953],[3.9135,50.6987],[3.9103,50.7004],[3.9018,50.7075],[3.9017,50.7108],[3.8972,50.7091],[3.8953,50.7108],[3.8928,50.7097],[3.8899,50.7102],[3.8888,50.7127],[3.8915,50.7164],[3.8928,50.7209],[3.8947,50.7237],[3.8951,50.7266],[3.8969,50.7293],[3.8939,50.7299],[3.8957,50.7329],[3.8927,50.735],[3.899,50.737],[3.893,50.7425],[3.8894,50.7443],[3.8903,50.7453],[3.8875,50.7485],[3.8842,50.7504],[3.8799,50.7514],[3.8768,50.7496],[3.8729,50.7494],[3.8705,50.748],[3.8664,50.7479],[3.8622,50.7498],[3.8552,50.7475],[3.8517,50.7488],[3.8483,50.7461],[3.8438,50.7455],[3.8383,50.7414],[3.8349,50.7433],[3.8289,50.7423],[3.8248,50.7442],[3.8197,50.7449],[3.817,50.7463],[3.8162,50.7498],[3.8108,50.7503],[3.8015,50.75],[3.7964,50.7496],[3.7861,50.7479],[3.7826,50.749],[3.7781,50.7475],[3.7757,50.7479],[3.7738,50.746],[3.7765,50.7434],[3.7764,50.738],[3.772,50.7353],[3.7726,50.7314],[3.7688,50.7321],[3.7639,50.7343],[3.759,50.7339],[3.7566,50.7363],[3.7528,50.7341],[3.7506,50.7337],[3.7447,50.7294],[3.7489,50.7277],[3.7527,50.7251],[3.7558,50.7242],[3.7549,50.7206],[3.7572,50.7199],[3.7616,50.7203],[3.7627,50.7182],[3.7608,50.7171],[3.7636,50.7132],[3.7624,50.709],[3.7668,50.7055],[3.7652,50.7051],[3.7624,50.7024],[3.7627,50.6998],[3.7603,50.6984],[3.758,50.6957],[3.7625,50.6888],[3.7685,50.6903],[3.7675,50.6924],[3.7712,50.6947],[3.7744,50.6918],[3.7791,50.6924],[3.7835,50.6889],[3.7867,50.6886],[3.7919,50.6841],[3.7951,50.6825],[3.7941,50.681],[3.7968,50.6786],[3.7996,50.6777],[3.8016,50.6804],[3.8033,50.6785],[3.8078,50.6762],[3.8112,50.6764],[3.8148,50.6748],[3.8202,50.6766],[3.8246,50.6814],[3.8267,50.6822],[3.8308,50.6812],[3.8326,50.6838],[3.8386,50.6802],[3.8379,50.6781],[3.8395,50.6766],[3.8432,50.6754],[3.8481,50.6723],[3.8581,50.6694],[3.8632,50.6716],[3.8695,50.6725],[3.873,50.676],[3.8768,50.6752],[3.8816,50.6758],[3.8871,50.6778],[3.8881,50.6798],[3.8959,50.6844],[3.9005,50.686],[3.8995,50.6869],[3.9066,50.6884],[3.9097,50.6925]]]},"properties":{"id":"51069","name":"Lessines","subdivision":"Hainaut","cx":3.82,"cy":50.713}},
{"type":"Feature","geometry":{"type":"Polygon","coordinates":[[[5.6598,50.6843],[5.6658,50.6862],[5.671,50.6893],[5.6739,50.6923],[5.6765,50.6988],[5.6759,50.7014],[5.6795,50.7048],[5.6829,50.709],[5.6858,50.7147],[5.6897,50.7185],[5.692,50.7274],[5.6918,50.7323],[5.6823,50.7324],[5.6761,50.7331],[5.6766,50.7366],[5.6756,50.7453],[5.6717,50.7456],[5.6703,50.7468],[5.6611,50.7475],[5.6594,50.7492],[5.6554,50.7497],[5.6545,50.7522],[5.6498,50.7523],[5.6456,50.7502],[5.6456,50.7492],[5.6404,50.7473],[5.6394,50.7478],[5.6281,50.7429],[5.6281,50.7444],[5.6183,50.7501],[5.6152,50.7494],[5.6104,50.7521],[5.6088,50.7497],[5.6039,50.7454],[5.5981,50.751],[5.5975,50.7458],[5.5946,50.7431],[5.5936,50.7412],[5.5944,50.7341],[5.5972,50.728],[5.5991,50.7263],[5.5986,50.7232],[5.595,50.721],[5.5974,50.7169],[5.597,50.7144],[5.5994,50.7088],[5.5984,50.7061],[5.5927,50.7015],[5.6002,50.7026],[5.5988,50.7],[5.6035,50.7008],[5.6091,50.6982],[5.6118,50.6995],[5.6187,50.7011],[5.621,50.7],[5.6245,50.7015],[5.6265,50.6991],[5.6313,50.697],[5.6517,50.6896],[5.6579,50.6879],[5.6546,50.6848],[5.6529,50.6815],[5.6598,50.6843]]]},"properties":{"id":"62079","name":"Oupeye","subdivision":"Liège","cx":5.642,"cy":50.721}},
{"type":"Feature","geometry":{"type":"Polygon","coordinates":[[[6.0421,50.7027],[6.0477,50.7038],[6.0501,50.7051],[6.0533,50.704],[6.0538,50.7059],[6.0595,50.7098],[6.0613,50.7119],[6.0589,50.7132],[6.0558,50.7163],[6.0625,50.7196],[6.0622,50.7217],[6.0595,50.724],[6.0487,50.7264],[6.0447,50.7286],[6.0415,50.7187],[6.039,50.7184],[6.0365,50.7201],[6.0367,50.7237],[6.0337,50.7267],[6.0345,50.7283],[6.0337,50.7307],[6.0343,50.7334],[6.0402,50.7378],[6.0408,50.7403],[6.0395,50.7424],[6.0405,50.7455],[6.0214,50.7531],[6.021,50.7543],[6.0156,50.7424],[5.9963,50.708],[5.9818,50.7026],[5.9844,50.701],[5.9839,50.6994],[5.9878,50.6954],[5.9921,50.6957],[5.9956,50.6942],[5.9998,50.6936],[6.0041,50.6938],[6.0058,50.6951],[6.0088,50.6932],[6.015,50.6939],[6.0175,50.6916],[6.0201,50.6915],[6.0265,50.6963],[6.0303,50.7015],[6.0292,50.7033],[6.0364,50.7034],[6.0397,50.7023],[6.0421,50.7027]]]},"properties":{"id":"63040","name":"Kelmis","subdivision":"Liège","cx":6.022,"cy":50.717}},
{"type":"Feature","geometry":{"type":"Polygon","coordinates":[[[5.7975,50.7027],[5.8067,50.7111],[5.8109,50.713],[5.8132,50.7129],[5.8191,50.7146],[5.813,50.7155],[5.8142,50.7176],[5.8125,50.7191],[5.8108,50.7237],[5.8093,50.7239],[5.8002,50.7315],[5.8029,50.735],[5.7932,50.7393],[5.7905,50.743],[5.7878,50.7448],[5.7775,50.7486],[5.7725,50.7497],[5.7706,50.7514],[5.7489,50.7453],[5.7463,50.7465],[5.7451,50.7489],[5.7469,50.7523],[5.7434,50.753],[5.7437,50.7543],[5.7371,50.7554],[5.7259,50.7517],[5.7264,50.7489],[5.7245,50.7484],[5.7255,50.7461],[5.7218,50.7456],[5.723,50.7442],[5.7221,50.7402],[5.7249,50.7389],[5.7245,50.7358],[5.7219,50.7344],[5.7204,50.7284],[5.7213,50.7263],[5.7199,50.7248],[5.7223,50.7192],[5.7195,50.7192],[5.7192,50.7222],[5.7175,50.7233],[5.7094,50.7257],[5.7072,50.7208],[5.7095,50.7176],[5.7105,50.7128],[5.7073,50.7104],[5.7016,50.7042],[5.7036,50.7035],[5.7032,50.7008],[5.7081,50.6983],[5.7107,50.7004],[5.7175,50.701],[5.7204,50.7055],[5.7235,50.7056],[5.7292,50.7073],[5.7325,50.7049],[5.736,50.704],[5.7362,50.7024],[5.7441,50.6972],[5.7444,50.6949],[5.7495,50.6894],[5.7483,50.6855],[5.7498,50.6821],[5.7542,50.6829],[5.7618,50.6811],[5.7649,50.6823],[5.7688,50.6823],[5.771,50.686],[5.7669,50.6902],[5.7588,50.6939],[5.7537,50.7005],[5.7578,50.7032],[5.763,50.6983],[5.7682,50.6974],[5.7729,50.6956],[5.7779,50.6963],[5.7827,50.6953],[5.7903,50.6976],[5.7938,50.6995],[5.7956,50.7028],[5.7975,50.7027]]]},"properties":{"id":"62027","name":"Dalhem","subdivision":"Liège","cx":5.763,"cy":50.725}},
{"type":"Feature","geometry":{"type":"Polygon","coordinates":[[[4.4772,50.7241],[4.4864,50.7269],[4.499,50.7326],[4.5093,50.7313],[4.5125,50.7321],[4.5069,50.7367],[4.5039,50.7367],[4.5005,50.7383],[4.5006,50.7409],[4.5028,50.7431],[4.4997,50.7441],[4.4975,50.7411],[4.4952,50.7404],[4.4918,50.7433],[4.5015,50.7538],[4.4984,50.7547],[4.4944,50.7569],[4.4923,50.7545],[4.4855,50.7519],[4.4826,50.7545],[4.4802,50.7515],[4.4763,50.7526],[4.4712,50.7517],[4.4664,50.7545],[4.4633,50.755],[4.4387,50.7419],[4.4242,50.7359],[4.4239,50.7254],[4.4313,50.7248],[4.4371,50.723],[4.4352,50.7206],[4.4368,50.7182],[4.4365,50.7159],[4.4412,50.7157],[4.4481,50.7183],[4.4544,50.7222],[4.4643,50.7217],[4.4666,50.7197],[4.4696,50.7203],[4.4746,50.7233],[4.4772,50.7241]]]},"properties":{"id":"25050","name":"La Hulpe","subdivision":"Brabant wallon","cx":4.465,"cy":50.736}},
{"type":"Feature","geometry":{"type":"Polygon","coordinates":[[[3.5292,50.6607],[3.5323,50.6616],[3.5296,50.6642],[3.5332,50.6657],[3.5306,50.6694],[3.5275,50.6709],[3.5225,50.6723],[3.5206,50.6766],[3.5154,50.6801],[3.5174,50.6814],[3.5115,50.6865],[3.5085,50.6913],[3.505,50.692],[3.504,50.6939],[3.4971,50.6977],[3.4928,50.6982],[3.4874,50.7025],[3.4877,50.7036],[3.4858,50.7048],[3.4832,50.7115],[3.4782,50.7143],[3.4755,50.7146],[3.4711,50.7167],[3.4681,50.7158],[3.4644,50.7202],[3.4675,50.723],[3.4816,50.7292],[3.4854,50.7327],[3.4858,50.7354],[3.4889,50.7389],[3.4802,50.7398],[3.476,50.7408],[3.4726,50.7442],[3.4688,50.7448],[3.4682,50.748],[3.4638,50.7519],[3.4605,50.7537],[3.4576,50.7543],[3.4534,50.7581],[3.4502,50.7585],[3.4485,50.7575],[3.4439,50.757],[3.4429,50.7585],[3.4393,50.7588],[3.4364,50.7577],[3.4326,50.7522],[3.4351,50.75],[3.4327,50.7483],[3.4306,50.7491],[3.4268,50.747],[3.4219,50.7459],[3.419,50.7458],[3.4128,50.7469],[3.4073,50.7468],[3.4031,50.7445],[3.4038,50.7426],[3.4024,50.7402],[3.4042,50.7393],[3.3993,50.7363],[3.3978,50.7335],[3.3986,50.7319],[3.3927,50.7314],[3.3947,50.7295],[3.3909,50.7293],[3.3876,50.7283],[3.3765,50.728],[3.3729,50.7276],[3.3689,50.7259],[3.3689,50.7239],[3.3654,50.7214],[3.3781,50.7172],[3.3754,50.7153],[3.3857,50.7098],[3.3891,50.7088],[3.3873,50.7071],[3.392,50.7063],[3.3957,50.7036],[3.3942,50.7028],[3.3993,50.7008],[3.3941,50.6975],[3.3909,50.6981],[3.3865,50.6943],[3.3874,50.6928],[3.3873,50.6893],[3.3859,50.6876],[3.3873,50.6856],[3.3869,50.6819],[3.384,50.6783],[3.3843,50.6755],[3.3944,50.6757],[3.3992,50.6777],[3.3995,50.6786],[3.4041,50.6809],[3.4064,50.6831],[3.419,50.6888],[3.4221,50.6878],[3.4247,50.6856],[3.4307,50.6842],[3.4355,50.6822],[3.4333,50.6781],[3.4349,50.6766],[3.4448,50.6737],[3.4471,50.6712],[3.4534,50.67],[3.4567,50.6676],[3.4622,50.6663],[3.4605,50.6633],[3.4625,50.6616],[3.4669,50.66],[3.4698,50.6581],[3.4751,50.6564],[3.4768,50.6553],[3.4809,50.6572],[3.4854,50.6538],[3.4925,50.6556],[3.4975,50.6553],[3.5025,50.652],[3.51,50.655],[3.5239,50.6581],[3.5292,50.6607]]]},"properties":{"id":"57018","name":"Celles","subdivision":"Hainaut","cx":3.438,"cy":50.711}},
{"type":"Feature","geometry":{"type":"Polygon","coordinates":[[[4.6248,50.6846],[4.6345,50.689],[4.6353,50.6914],[4.6387,50.6938],[4.6383,50.6969],[4.6468,50.7045],[4.6417,50.7055],[4.6424,50.7089],[4.642,50.7127],[4.6399,50.7137],[4.6417,50.72],[4.6388,50.7244],[4.6441,50.7274],[4.6455,50.7301],[4.6419,50.7334],[4.6351,50.7301],[4.6283,50.73],[4.625,50.7354],[4.6254,50.7399],[4.6203,50.7435],[4.6099,50.7424],[4.6051,50.741],[4.6038,50.7426],[4.5984,50.7456],[4.5997,50.7478],[4.5994,50.7504],[4.6011,50.7518],[4.6011,50.7556],[4.5979,50.7589],[4.599,50.7611],[4.5973,50.7635],[4.5922,50.7612],[4.5895,50.7615],[4.5853,50.7603],[4.5818,50.7579],[4.5785,50.7568],[4.5811,50.754],[4.5737,50.7484],[4.5695,50.7473],[4.5665,50.7486],[4.5638,50.7468],[4.5626,50.7449],[4.5653,50.7429],[4.5631,50.741],[4.5669,50.7381],[4.5668,50.735],[4.5629,50.7332],[4.5612,50.7351],[4.5576,50.7348],[4.5544,50.7337],[4.5567,50.7319],[4.5538,50.7282],[4.5553,50.7269],[4.5561,50.7241],[4.5538,50.7231],[4.5507,50.7188],[4.5507,50.7148],[4.549,50.713],[4.5498,50.7091],[4.5471,50.7063],[4.5482,50.7043],[4.5401,50.7025],[4.5366,50.701],[4.531,50.6972],[4.5298,50.6951],[4.5576,50.6879],[4.5592,50.6885],[4.5722,50.6869],[4.5775,50.6871],[4.5792,50.6878],[4.5853,50.6847],[4.5929,50.6828],[4.5971,50.6829],[4.5954,50.6855],[4.5981,50.6874],[4.6005,50.6857],[4.6058,50.6868],[4.6111,50.6889],[4.6144,50.6894],[4.6178,50.6826],[4.6248,50.6846]]]},"properties":{"id":"25112","name":"Wavre","subdivision":"Brabant wallon","cx":4.593,"cy":50.716}},
{"type":"Feature","geometry":{"type":"Polygon","coordinates":[[[3.3241,50.7223],[3.3291,50.731],[3.3249,50.7333],[3.3228,50.7358],[3.3234,50.7387],[3.3206,50.7409],[3.3056,50.7547],[3.3012,50.7533],[3.2972,50.7529],[3.292,50.7494],[3.2888,50.7498],[3.2891,50.7517],[3.2822,50.7519],[3.2772,50.7507],[3.2646,50.7506],[3.2588,50.7518],[3.2526,50.7541],[3.2481,50.7575],[3.2405,50.7565],[3.2399,50.758],[3.2303,50.7633],[3.2276,50.7651],[3.2205,50.7659],[3.2127,50.7618],[3.2058,50.7607],[3.191,50.7556],[3.1852,50.7587],[3.183,50.756],[3.1794,50.7551],[3.1856,50.7476],[3.1857,50.7441],[3.188,50.74],[3.1927,50.739],[3.1989,50.735],[3.1989,50.7332],[3.1962,50.7301],[3.1919,50.7279],[3.1912,50.7244],[3.1987,50.7204],[3.2083,50.7187],[3.2096,50.7171],[3.2086,50.7138],[3.2051,50.7125],[3.2087,50.7113],[3.2111,50.713],[3.2185,50.7122],[3.2213,50.7097],[3.227,50.7122],[3.2349,50.713],[3.2396,50.7122],[3.2453,50.713],[3.2544,50.7151],[3.2657,50.7161],[3.2695,50.7174],[3.2764,50.7187],[3.2806,50.7165],[3.2853,50.7173],[3.2891,50.7209],[3.2973,50.7176],[3.3002,50.7153],[3.3045,50.7189],[3.3089,50.7195],[3.3109,50.7184],[3.316,50.7213],[3.3199,50.7204],[3.3241,50.7223]]]},"properties":{"id":"57096","name":"Mouscron","subdivision":"Hainaut","cx":3.233,"cy":50.735}},
{"type":"Feature","geometry":{"type":"Polygon","coordinates":[[[4.9926,50.7237],[4.9941,50.7264],[4.9971,50.728],[5.0008,50.7288],[5.0075,50.729],[5.0087,50.7331],[5.0128,50.7306],[5.0171,50.7329],[5.0154,50.7346],[5.0171,50.7371],[5.016,50.7396],[5.0171,50.7407],[5.0166,50.7437],[5.0205,50.7485],[5.0196,50.7508],[5.0161,50.7561],[5.0071,50.7635],[5.0031,50.7659],[5.002,50.7651],[4.9946,50.7669],[4.9865,50.7692],[4.9817,50.7697],[4.9785,50.7683],[4.9787,50.766],[4.976,50.766],[4.972,50.7679],[4.9686,50.7672],[4.9694,50.7623],[4.9658,50.7621],[4.9615,50.7584],[4.957,50.7555],[4.9534,50.7547],[4.953,50.7521],[4.9541,50.751],[4.9474,50.7496],[4.9433,50.7492],[4.939,50.7473],[4.9322,50.7477],[4.9288,50.7473],[4.9296,50.745],[4.9257,50.7428],[4.9275,50.7412],[4.9326,50.7385],[4.9352,50.74],[4.939,50.7405],[4.9435,50.7372],[4.9461,50.738],[4.9499,50.7388],[4.9547,50.742],[4.9559,50.7387],[4.9606,50.7366],[4.9628,50.7377],[4.9661,50.7378],[4.9677,50.7363],[4.9715,50.7353],[4.9812,50.7385],[4.9824,50.7365],[4.9886,50.7364],[4.9934,50.7331],[4.99,50.7279],[4.991,50.7266],[4.9899,50.7239],[4.9926,50.7237]]]},"properties":{"id":"25118","name":"Hélécine","subdivision":"Brabant wallon","cx":4.985,"cy":50.753}},
{"type":"Feature","geometry":{"type":"Polygon","coordinates":[[[3.5413,50.7337],[3.5405,50.7343],[3.5449,50.7392],[3.5464,50.7432],[3.5458,50.7468],[3.5478,50.7472],[3.5386,50.7573],[3.5379,50.7593],[3.5407,50.763],[3.5395,50.764],[3.5332,50.7648],[3.5267,50.7638],[3.5198,50.7611],[3.5105,50.7595],[3.5088,50.7587],[3.5003,50.7588],[3.4968,50.7576],[3.4924,50.7577],[3.4879,50.7587],[3.4804,50.7588],[3.4781,50.76],[3.4814,50.7615],[3.4784,50.7629],[3.4751,50.7609],[3.4694,50.7628],[3.4666,50.7647],[3.4596,50.7618],[3.4603,50.7659],[3.4562,50.7675],[3.4567,50.7709],[3.4541,50.7703],[3.4535,50.7673],[3.4543,50.7648],[3.4575,50.7635],[3.4552,50.7612],[3.4534,50.7581],[3.4576,50.7543],[3.4605,50.7537],[3.4638,50.7519],[3.4682,50.748],[3.4688,50.7448],[3.4726,50.7442],[3.476,50.7408],[3.4802,50.7398],[3.4889,50.7389],[3.4858,50.7354],[3.4854,50.7327],[3.4816,50.7292],[3.4675,50.723],[3.4644,50.7202],[3.4681,50.7158],[3.4711,50.7167],[3.4755,50.7146],[3.4782,50.7143],[3.4832,50.7115],[3.4858,50.7048],[3.4877,50.7036],[3.4904,50.7052],[3.4941,50.7101],[3.4979,50.7086],[3.5036,50.711],[3.5042,50.7103],[3.5107,50.7105],[3.5186,50.7131],[3.5208,50.7151],[3.5226,50.7141],[3.5284,50.7156],[3.533,50.7193],[3.5289,50.7225],[3.5327,50.7222],[3.5343,50.7205],[3.5404,50.7215],[3.5368,50.7256],[3.5449,50.7317],[3.5407,50.7319],[3.5413,50.7337]]]},"properties":{"id":"57095","name":"Mont-de-l'Enclus","subdivision":"Hainaut","cx":3.509,"cy":50.737}},
{"type":"Feature","geometry":{"type":"Polygon","coordinates":[[[3.758,50.6957],[3.7603,50.6984],[3.7627,50.6998],[3.7624,50.7024],[3.7652,50.7051],[3.7668,50.7055],[3.7624,50.709],[3.7636,50.7132],[3.7608,50.7171],[3.7627,50.7182],[3.7616,50.7203],[3.7572,50.7199],[3.7549,50.7206],[3.7558,50.7242],[3.7527,50.7251],[3.7489,50.7277],[3.7447,50.7294],[3.7346,50.732],[3.731,50.7337],[3.7267,50.7349],[3.7205,50.7343],[3.7138,50.7362],[3.7094,50.7354],[3.7022,50.7393],[3.6986,50.7435],[3.6946,50.7447],[3.6941,50.7468],[3.6955,50.75],[3.6911,50.7525],[3.692,50.7551],[3.6899,50.7578],[3.6903,50.7616],[3.6858,50.7633],[3.6898,50.7659],[3.6911,50.77],[3.6885,50.7736],[3.6848,50.771],[3.6824,50.7727],[3.6775,50.7707],[3.6753,50.7686],[3.6773,50.7671],[3.6695,50.7639],[3.6736,50.7605],[3.673,50.7588],[3.6678,50.7549],[3.6654,50.7542],[3.66,50.7544],[3.6602,50.7502],[3.6588,50.7469],[3.6422,50.738],[3.6429,50.736],[3.6416,50.7324],[3.6412,50.7236],[3.6405,50.7223],[3.6397,50.7191],[3.6377,50.7172],[3.6474,50.716],[3.6399,50.7119],[3.6466,50.7083],[3.6567,50.7053],[3.6798,50.7036],[3.6741,50.6993],[3.6735,50.6981],[3.6691,50.6953],[3.669,50.6917],[3.6739,50.6922],[3.677,50.6942],[3.6812,50.6918],[3.683,50.6919],[3.6864,50.6941],[3.6905,50.695],[3.6911,50.6938],[3.6954,50.6934],[3.7036,50.695],[3.7059,50.696],[3.716,50.6931],[3.7225,50.6887],[3.7244,50.6869],[3.7289,50.6857],[3.7314,50.6863],[3.735,50.6855],[3.7395,50.686],[3.7431,50.6844],[3.7487,50.6837],[3.7543,50.6858],[3.7511,50.6871],[3.7496,50.6893],[3.7503,50.6907],[3.749,50.6937],[3.7522,50.6947],[3.751,50.6963],[3.7568,50.6974],[3.758,50.6957]]]},"properties":{"id":"51017","name":"Ellezelles","subdivision":"Hainaut","cx":3.683,"cy":50.726}},
{"type":"Feature","geometry":{"type":"Polygon","coordinates":[[[3.7757,50.7479],[3.7722,50.7523],[3.7731,50.7542],[3.7667,50.7589],[3.7609,50.7616],[3.7584,50.7681],[3.7532,50.7716],[3.7537,50.7732],[3.7575,50.7754],[3.7593,50.7788],[3.7568,50.7793],[3.753,50.7782],[3.7484,50.7744],[3.7423,50.7748],[3.7399,50.7726],[3.7362,50.7707],[3.7313,50.7714],[3.7265,50.7706],[3.7145,50.7679],[3.7116,50.7706],[3.7147,50.773],[3.7091,50.7747],[3.7107,50.7782],[3.7133,50.7804],[3.7103,50.7819],[3.7046,50.7788],[3.6975,50.7741],[3.6944,50.7748],[3.6885,50.7736],[3.6911,50.77],[3.6898,50.7659],[3.6858,50.7633],[3.6903,50.7616],[3.6899,50.7578],[3.692,50.7551],[3.6911,50.7525],[3.6955,50.75],[3.6941,50.7468],[3.6946,50.7447],[3.6986,50.7435],[3.7022,50.7393],[3.7094,50.7354],[3.7138,50.7362],[3.7205,50.7343],[3.7267,50.7349],[3.731,50.7337],[3.7346,50.732],[3.7447,50.7294],[3.7506,50.7337],[3.7528,50.7341],[3.7566,50.7363],[3.759,50.7339],[3.7639,50.7343],[3.7688,50.7321],[3.7726,50.7314],[3.772,50.7353],[3.7764,50.738],[3.7765,50.7434],[3.7738,50.746],[3.7757,50.7479]]]},"properties":{"id":"51019","name":"Flobecq","subdivision":"Hainaut","cx":3.732,"cy":50.753}},
{"type":"Feature","geometry":{"type":"Polygon","coordinates":[[[4.7424,50.7117],[4.7415,50.7126],[4.7419,50.7157],[4.7433,50.7181],[4.7476,50.7205],[4.7501,50.723],[4.7438,50.7258],[4.7445,50.7268],[4.7428,50.7302],[4.7425,50.7325],[4.7394,50.7335],[4.7413,50.7352],[4.7447,50.7411],[4.7434,50.7475],[4.7428,50.7549],[4.7344,50.7582],[4.7209,50.7668],[4.7215,50.7705],[4.7081,50.7762],[4.7031,50.7796],[4.7026,50.7833],[4.6976,50.7851],[4.6992,50.7876],[4.6991,50.7895],[4.6957,50.7888],[4.692,50.7892],[4.6913,50.7918],[4.6876,50.7909],[4.6877,50.7928],[4.6846,50.7928],[4.6813,50.7938],[4.678,50.7932],[4.6744,50.794],[4.6737,50.7921],[4.6692,50.793],[4.6672,50.7921],[4.6634,50.7932],[4.6593,50.7932],[4.6495,50.7978],[4.642,50.7986],[4.6444,50.7949],[4.6443,50.7935],[4.6471,50.7904],[4.6432,50.7806],[4.6432,50.7788],[4.6373,50.7765],[4.639,50.7747],[4.6363,50.7724],[4.6417,50.769],[4.6406,50.7682],[4.6444,50.7655],[4.6462,50.7609],[4.6498,50.7588],[4.6527,50.7597],[4.6554,50.7577],[4.6551,50.7549],[4.6527,50.7529],[4.6494,50.7517],[4.6473,50.7522],[4.6449,50.7496],[4.6468,50.7486],[4.6436,50.746],[4.635,50.7433],[4.6281,50.7427],[4.6257,50.7441],[4.6203,50.7435],[4.6254,50.7399],[4.625,50.7354],[4.6283,50.73],[4.6351,50.7301],[4.6419,50.7334],[4.6455,50.7301],[4.6441,50.7274],[4.6388,50.7244],[4.6417,50.72],[4.6498,50.7204],[4.6522,50.7221],[4.6622,50.7235],[4.6636,50.7199],[4.6666,50.7186],[4.6662,50.7167],[4.6691,50.715],[4.6726,50.7117],[4.6729,50.7096],[4.6696,50.7083],[4.6724,50.7027],[4.6767,50.7026],[4.6802,50.7115],[4.6855,50.7123],[4.6915,50.7155],[4.6965,50.7165],[4.6996,50.7164],[4.7051,50.7174],[4.712,50.7147],[4.7185,50.7101],[4.7189,50.7076],[4.7211,50.7068],[4.7255,50.7067],[4.7348,50.7054],[4.7396,50.707],[4.7424,50.7117]]]},"properties":{"id":"25037","name":"Grez-Doiceau","subdivision":"Brabant wallon","cx":4.688,"cy":50.748}},
{"type":"Feature","geometry":{"type":"Polygon","coordinates":[[[4.7742,50.7397],[4.7791,50.7416],[4.7809,50.7457],[4.7798,50.75],[4.7837,50.7523],[4.7856,50.7552],[4.7891,50.7579],[4.7987,50.7533],[4.803,50.752],[4.8077,50.7514],[4.8129,50.7569],[4.813,50.7586],[4.8217,50.7639],[4.8252,50.7653],[4.8292,50.7699],[4.8311,50.7705],[4.8385,50.7729],[4.8352,50.7763],[4.8306,50.7744],[4.8285,50.7772],[4.8229,50.7761],[4.8123,50.7763],[4.8125,50.7775],[4.8094,50.781],[4.8074,50.787],[4.8042,50.7877],[4.8005,50.7904],[4.8001,50.7928],[4.7964,50.7955],[4.7907,50.7987],[4.7856,50.7998],[4.7843,50.7994],[4.7753,50.8015],[4.7668,50.8041],[4.7621,50.8025],[4.7606,50.8039],[4.7601,50.8067],[4.7539,50.8064],[4.7475,50.807],[4.74,50.8022],[4.7322,50.8014],[4.729,50.803],[4.7238,50.801],[4.7279,50.7977],[4.7193,50.793],[4.721,50.7919],[4.7155,50.7889],[4.7131,50.7908],[4.7118,50.7932],[4.7094,50.7935],[4.7031,50.7905],[4.6991,50.7895],[4.6992,50.7876],[4.6976,50.7851],[4.7026,50.7833],[4.7031,50.7796],[4.7081,50.7762],[4.7215,50.7705],[4.7209,50.7668],[4.7344,50.7582],[4.7428,50.7549],[4.7434,50.7475],[4.7516,50.7485],[4.7542,50.7496],[4.7589,50.7461],[4.7649,50.7483],[4.7657,50.7469],[4.7742,50.7397]]]},"properties":{"id":"25005","name":"Beauvechain","subdivision":"Brabant wallon","cx":4.765,"cy":50.776}},
{"type":"Feature","geometry":{"type":"Polygon","coordinates":[[[5.5944,50.7341],[5.5936,50.7412],[5.5946,50.7431],[5.5975,50.7458],[5.5981,50.751],[5.6039,50.7454],[5.6088,50.7497],[5.6104,50.7521],[5.6152,50.7494],[5.6183,50.7501],[5.6281,50.7444],[5.6281,50.7429],[5.6394,50.7478],[5.6404,50.7473],[5.6456,50.7492],[5.6456,50.7502],[5.6498,50.7523],[5.648,50.7539],[5.6509,50.7566],[5.6533,50.7572],[5.6544,50.7605],[5.6527,50.762],[5.6565,50.7636],[5.6585,50.7666],[5.6585,50.7683],[5.6567,50.7713],[5.6589,50.7729],[5.6671,50.7703],[5.6728,50.7765],[5.6746,50.7805],[5.6774,50.7842],[5.6777,50.7874],[5.6817,50.7905],[5.681,50.7915],[5.6837,50.7941],[5.6849,50.8004],[5.6871,50.8041],[5.6852,50.804],[5.6802,50.8065],[5.6739,50.8052],[5.6714,50.806],[5.6681,50.8047],[5.6564,50.8059],[5.6531,50.8054],[5.6495,50.8002],[5.6513,50.7993],[5.6477,50.7955],[5.6463,50.793],[5.636,50.7861],[5.6319,50.7857],[5.6275,50.7833],[5.6238,50.7822],[5.6204,50.7837],[5.6185,50.7831],[5.6158,50.7843],[5.6108,50.7809],[5.6064,50.779],[5.6059,50.7772],[5.6026,50.7767],[5.5945,50.7731],[5.5871,50.7723],[5.5849,50.7711],[5.5803,50.7731],[5.5786,50.772],[5.5746,50.7715],[5.5708,50.7671],[5.5697,50.7648],[5.566,50.7638],[5.5565,50.7648],[5.5529,50.764],[5.5514,50.7603],[5.5455,50.7584],[5.5408,50.7583],[5.5326,50.759],[5.5326,50.7569],[5.5263,50.7592],[5.5224,50.7585],[5.5194,50.7521],[5.5216,50.7507],[5.5197,50.7493],[5.5193,50.7473],[5.5245,50.7436],[5.5244,50.7424],[5.5262,50.7401],[5.5297,50.7391],[5.5327,50.7365],[5.5357,50.7317],[5.5376,50.7307],[5.5401,50.7344],[5.5435,50.733],[5.5459,50.7337],[5.5495,50.737],[5.551,50.7428],[5.5528,50.7446],[5.5613,50.7474],[5.572,50.7495],[5.5715,50.7471],[5.5724,50.7435],[5.5758,50.7407],[5.5778,50.7365],[5.583,50.7339],[5.5891,50.7328],[5.5944,50.7341]]]},"properties":{"id":"62011","name":"Bassenge","subdivision":"Liège","cx":5.626,"cy":50.765}},
{"type":"Feature","geometry":{"type":"Polygon","coordinates":[[[3.0294,50.7803],[3.0268,50.7802],[3.0218,50.7828],[3.0186,50.7822],[3.0157,50.7838],[3.0132,50.7836],[3.0135,50.7893],[3.0147,50.79],[3.0099,50.7936],[3.0085,50.7953],[3.01,50.7994],[3.0151,50.8027],[3.0116,50.8075],[3.0062,50.8089],[3.0026,50.8084],[3.0001,50.8108],[2.9897,50.8064],[2.9791,50.8034],[2.968,50.8024],[2.9655,50.8018],[2.9603,50.7978],[2.9527,50.7973],[2.9484,50.7948],[2.942,50.7946],[2.9375,50.7929],[2.9467,50.7911],[2.9518,50.7866],[2.9532,50.7846],[2.9578,50.7822],[2.9603,50.7773],[2.9589,50.775],[2.96,50.7735],[2.9491,50.7728],[2.945,50.7721],[2.9345,50.7683],[2.9188,50.7639],[2.918,50.7611],[2.9225,50.7572],[2.913,50.7554],[2.9008,50.7542],[2.8971,50.7528],[2.8945,50.7528],[2.8861,50.7549],[2.8853,50.7571],[2.8832,50.7577],[2.8782,50.7615],[2.8761,50.7612],[2.8782,50.7578],[2.8778,50.7543],[2.8706,50.7546],[2.8695,50.7599],[2.8589,50.7576],[2.8547,50.7577],[2.8532,50.755],[2.8514,50.7541],[2.847,50.7534],[2.8422,50.7514],[2.8451,50.748],[2.848,50.7461],[2.8527,50.7404],[2.8486,50.7394],[2.8448,50.7366],[2.8423,50.7356],[2.8462,50.7307],[2.851,50.7269],[2.853,50.7243],[2.8579,50.7215],[2.8601,50.7217],[2.862,50.7183],[2.8643,50.716],[2.8696,50.7131],[2.8633,50.7083],[2.8672,50.7059],[2.8701,50.7029],[2.8739,50.7038],[2.8792,50.7028],[2.8853,50.7064],[2.8864,50.7062],[2.8983,50.6944],[2.9004,50.6933],[2.9054,50.6923],[2.9102,50.6937],[2.9109,50.6953],[2.9094,50.6977],[2.9089,50.7019],[2.9116,50.7038],[2.9223,50.7028],[2.9243,50.7039],[2.9257,50.7073],[2.9289,50.7089],[2.9299,50.7105],[2.9312,50.7175],[2.9298,50.7252],[2.9319,50.7285],[2.9372,50.73],[2.9412,50.7303],[2.945,50.7315],[2.9418,50.7369],[2.9384,50.7383],[2.9374,50.7426],[2.938,50.7443],[2.946,50.7477],[2.9514,50.7518],[2.9582,50.7534],[2.9618,50.7525],[2.9622,50.75],[2.9691,50.7496],[2.9732,50.7503],[2.9785,50.7532],[2.9809,50.7564],[2.9921,50.7597],[2.9957,50.7613],[2.9969,50.7628],[3.0044,50.7653],[3.0124,50.7693],[3.0151,50.7713],[3.0142,50.7737],[3.0187,50.7735],[3.022,50.7767],[3.0297,50.7789],[3.0294,50.7803]]]},"properties":{"id":"57097","name":"Comines-Warneton","subdivision":"Hainaut","cx":2.908,"cy":50.732}},
{"type":"Feature","geometry":{"type":"Polygon","coordinates":[[[5.674,50.6714],[5.678,50.6772],[5.6823,50.6778],[5.6866,50.6817],[5.6868,50.6833],[5.6895,50.6868],[5.6926,50.6882],[5.6964,50.6889],[5.6964,50.6915],[5.6981,50.6978],[5.7005,50.7043],[5.7016,50.7042],[5.7073,50.7104],[5.7105,50.7128],[5.7095,50.7176],[5.7072,50.7208],[5.7094,50.7257],[5.7175,50.7233],[5.7192,50.7222],[5.7195,50.7192],[5.7223,50.7192],[5.7199,50.7248],[5.7213,50.7263],[5.7204,50.7284],[5.7219,50.7344],[5.7245,50.7358],[5.7249,50.7389],[5.7221,50.7402],[5.723,50.7442],[5.7218,50.7456],[5.7149,50.7479],[5.7135,50.7472],[5.7064,50.7499],[5.7031,50.7505],[5.6989,50.7501],[5.6895,50.7511],[5.6853,50.7551],[5.683,50.7548],[5.682,50.7574],[5.6824,50.7601],[5.6851,50.7636],[5.6929,50.7697],[5.6959,50.7725],[5.6996,50.7785],[5.7012,50.7823],[5.7007,50.7849],[5.6959,50.7892],[5.6947,50.7921],[5.6912,50.7957],[5.6913,50.7974],[5.6983,50.8037],[5.6989,50.8057],[5.6977,50.8075],[5.6932,50.8112],[5.6908,50.8122],[5.6876,50.8119],[5.687,50.8099],[5.688,50.8082],[5.6871,50.8041],[5.6849,50.8004],[5.6837,50.7941],[5.681,50.7915],[5.6817,50.7905],[5.6777,50.7874],[5.6774,50.7842],[5.6746,50.7805],[5.6728,50.7765],[5.6671,50.7703],[5.6589,50.7729],[5.6567,50.7713],[5.6585,50.7683],[5.6585,50.7666],[5.6565,50.7636],[5.6527,50.762],[5.6544,50.7605],[5.6533,50.7572],[5.6509,50.7566],[5.648,50.7539],[5.6498,50.7523],[5.6545,50.7522],[5.6554,50.7497],[5.6594,50.7492],[5.6611,50.7475],[5.6703,50.7468],[5.6717,50.7456],[5.6756,50.7453],[5.6766,50.7366],[5.6761,50.7331],[5.6823,50.7324],[5.6918,50.7323],[5.692,50.7274],[5.6897,50.7185],[5.6858,50.7147],[5.6829,50.709],[5.6795,50.7048],[5.6759,50.7014],[5.6765,50.6988],[5.6739,50.6923],[5.671,50.6893],[5.6658,50.6862],[5.6598,50.6843],[5.6593,50.682],[5.6635,50.6767],[5.6689,50.6752],[5.674,50.6714]]]},"properties":{"id":"62108","name":"Visé","subdivision":"Liège","cx":5.701,"cy":50.739}},
{"type":"Feature","geometry":{"type":"Polygon","coordinates":[[[4.9117,50.7019],[4.9129,50.7028],[4.9164,50.7013],[4.9208,50.7033],[4.9213,50.7088],[4.9232,50.7105],[4.9258,50.7093],[4.9275,50.7107],[4.9303,50.7096],[4.9335,50.7122],[4.9356,50.7126],[4.9395,50.715],[4.9442,50.7201],[4.9415,50.7215],[4.9411,50.724],[4.9431,50.7259],[4.9445,50.729],[4.9488,50.7308],[4.9433,50.7351],[4.9461,50.738],[4.9435,50.7372],[4.939,50.7405],[4.9352,50.74],[4.9326,50.7385],[4.9275,50.7412],[4.9257,50.7428],[4.9196,50.7478],[4.9139,50.7498],[4.9063,50.7498],[4.9091,50.7541],[4.9088,50.7566],[4.9025,50.7605],[4.9074,50.7649],[4.9054,50.7659],[4.9079,50.7694],[4.9024,50.7681],[4.8998,50.7691],[4.9,50.7723],[4.8946,50.7706],[4.8927,50.7663],[4.8891,50.7652],[4.8855,50.7628],[4.8822,50.7633],[4.8768,50.7668],[4.8733,50.7644],[4.8692,50.7663],[4.861,50.7639],[4.8538,50.7668],[4.8517,50.7653],[4.8483,50.7677],[4.8455,50.7668],[4.8387,50.7632],[4.8352,50.7628],[4.8319,50.7671],[4.8311,50.7705],[4.8292,50.7699],[4.8252,50.7653],[4.8217,50.7639],[4.813,50.7586],[4.8129,50.7569],[4.8077,50.7514],[4.803,50.752],[4.7987,50.7533],[4.7891,50.7579],[4.7856,50.7552],[4.7837,50.7523],[4.7798,50.75],[4.7809,50.7457],[4.7791,50.7416],[4.7742,50.7397],[4.773,50.739],[4.7796,50.7364],[4.7852,50.7353],[4.7873,50.7359],[4.792,50.7354],[4.8042,50.7359],[4.809,50.7354],[4.8034,50.7313],[4.8071,50.7293],[4.8041,50.7263],[4.7958,50.7219],[4.7909,50.7186],[4.7889,50.7178],[4.7966,50.7131],[4.7958,50.7087],[4.7995,50.7056],[4.8011,50.7025],[4.805,50.7024],[4.805,50.6977],[4.8043,50.6969],[4.814,50.6967],[4.8157,50.6947],[4.812,50.6923],[4.8155,50.6908],[4.8206,50.6932],[4.8257,50.6914],[4.824,50.6883],[4.8281,50.6875],[4.8353,50.6844],[4.8418,50.6837],[4.8424,50.6808],[4.8451,50.6784],[4.8499,50.6778],[4.855,50.6793],[4.8544,50.6817],[4.8613,50.6835],[4.8665,50.6857],[4.8628,50.6886],[4.8671,50.6943],[4.8666,50.7005],[4.87,50.7014],[4.8819,50.6979],[4.8851,50.7004],[4.8898,50.6997],[4.8945,50.7008],[4.9005,50.7032],[4.9046,50.7016],[4.9071,50.7039],[4.9117,50.7019]]]},"properties":{"id":"25048","name":"Jodoigne","subdivision":"Brabant wallon","cx":4.859,"cy":50.732}}
]}