{"type":"Topology","arcs":[[[51263,70238],[-56,280],[-103,338],[-163,865],[-4,56],[97,131],[-55,94],[-54,-34],[-261,326],[-107,83],[-42,215],[-154,342],[-117,461],[-13,310],[58,128],[61,307],[173,304],[5,72],[-289,747],[-117,151],[-92,-1],[-12,66],[24,132],[-30,83]],[[50012,75694],[-76,180],[-17,-33],[-24,143],[11,6],[-25,256],[62,22],[-28,161],[9,108],[25,20],[9,95],[116,123],[105,9],[122,154],[11,-22],[90,95],[9,-25],[130,89],[-30,143]],[[50511,77218],[67,34],[403,-58],[174,-971],[200,136],[202,-64],[524,360],[713,-646]],[[52794,76009],[-4,-290],[21,-373],[-64,-426],[26,-299],[61,-200],[147,-172],[44,-128]],[[53025,74121],[-389,-178],[-61,-113],[-144,-70],[82,-229],[18,-195],[34,-51],[-1,-62],[-36,-118],[2,-191],[-75,-124],[28,-199],[-129,-360],[12,-147],[-46,-176],[-91,65],[-56,-143],[-14,-217],[-111,-347],[27,-295],[-57,-143],[-51,-34]],[[51967,70794],[-103,-64],[17,-65],[-10,-42],[-267,-305],[-14,28],[-327,-108]],[[67167,70717],[-122,304],[46,74],[-37,133],[40,33],[14,60],[-10,16],[42,86],[13,135],[-186,448],[-21,-26],[-19,40],[-105,-141],[-53,142],[-229,797],[-130,331],[-9,165],[-96,426],[-77,520],[-134,214],[2,169],[-47,9]],[[66049,74652],[109,622],[217,499],[106,-22],[27,79],[7,105],[-40,130],[40,249],[58,209],[29,-21],[39,91],[13,-21],[76,124],[93,25],[3,43],[129,81],[141,-89],[42,-189],[45,25],[41,-130],[0,-137],[43,-12],[47,-161],[-9,-71],[12,-45],[13,-30]],[[67330,76006],[-22,-62],[-54,-37],[-78,44],[-47,-38],[-9,-27],[39,-234],[111,-67],[59,55],[38,-12],[29,63],[33,-68],[39,-15],[36,22],[17,63],[98,36],[31,-20],[-5,-52],[65,-46],[23,-69],[-14,-94],[81,-344],[201,-303],[-9,-216],[49,-127],[-31,-145],[-41,-53],[7,-205],[112,-155],[8,-104],[105,-167],[83,-236],[74,-31],[68,-101],[71,-180],[-51,-210],[-73,-62],[-56,-136],[4,-66],[44,-37],[40,-124],[-160,-339],[-117,-175],[-20,-245],[-43,-56],[40,-171]],[[68105,71460],[-119,-164],[-75,-44],[-68,123],[-119,-49],[-40,2],[-13,40],[-77,-65],[35,-96],[-34,-46],[12,-30],[-51,-68],[-38,71],[-39,-31],[-312,-386]],[[74615,5368],[-55,-186],[77,-103],[-19,-52],[27,-26],[-29,-128],[169,144],[22,-6],[3,-117],[-8,-56],[-86,-81],[-20,-117],[-21,-13],[10,-92],[-69,-105],[32,-109],[-60,-49],[-22,-88],[209,-272],[-73,-135],[37,-29],[11,-243],[44,-21],[-34,-42],[13,-34],[-8,-134],[10,-42],[71,2],[-6,-128],[18,20],[16,-105],[16,1],[26,-111],[21,34],[31,-85],[-17,-34],[1,-60],[20,-279],[-76,-51],[0,-38],[93,-228],[46,-219],[-35,-326],[50,-135],[71,-50],[20,-227],[313,-7]],[[75454,1206],[-20,-25],[-14,-17],[-4,-2],[-5,-3],[-387,-240],[-310,-136],[-81,-36],[-7,-3],[-45,-20],[-226,43],[-113,22],[-35,-8],[-115,-26],[-52,-107],[-2,-5],[-9,-17],[-50,-100],[-1,-111],[-1,-90],[-36,-116],[-112,-182],[-108,-27],[-100,88],[-65,56],[-21,207],[-3,32],[3,49],[20,277],[12,181],[-213,217],[-10,25],[-23,60],[-29,-44],[-5,-8],[-27,14],[-9,4],[-19,147],[-2,14],[-81,73],[-38,34],[6,19],[10,32],[-58,32],[-9,44],[-3,19],[106,93],[1,-2],[12,-37],[89,116],[11,14],[8,29],[37,126],[34,26],[25,19],[23,114],[21,102],[50,3],[132,7],[-17,183],[-16,182],[-16,172],[26,253],[-8,57],[-18,140],[-85,116],[-188,256],[-187,341],[-5,5],[-11,10],[-8,6],[-147,132],[-33,142],[22,11],[88,43],[41,65],[15,23],[23,173],[3,23],[29,90],[15,48],[126,404],[70,223]],[[73325,5280],[13,36],[188,-258],[79,2],[26,82],[53,-36],[31,218],[29,12],[92,-144],[38,3],[38,-52],[123,64],[47,41],[-3,88],[43,48],[-55,107],[31,186],[-27,81],[74,116],[112,33],[117,-90],[31,-214],[4,-156],[46,0],[3,-92],[157,13]],[[81116,3685],[-110,-76],[-95,-65],[-37,39],[-23,23],[-48,-102],[0,-108],[-1,-23],[-17,-58],[-49,-65],[-12,-16],[-3,1],[0,0],[-19,8],[-71,29],[-63,-73],[-36,104],[-170,-126],[-7,11],[-5,7],[-14,19],[-13,17],[-13,18],[-55,-55],[-43,14],[-30,10],[-8,11],[-49,74],[3,122],[-214,195],[-18,75],[-4,14],[-2,8],[-2,11],[-4,1],[-18,4],[-6,2],[-3,1],[-224,-50],[0,82],[0,47],[0,48],[-5,6],[-35,40],[-19,21],[-206,-21],[-45,-4],[-28,-3],[-12,-1],[-44,101],[-32,74],[-49,112],[-7,16],[-114,79],[-7,-15],[-2,-3],[-65,-132],[-41,-25],[-6,-4],[-124,-75],[-27,72],[-109,-91],[-86,37],[-18,7],[-7,3],[18,-259],[-5,-3],[-10,-8],[-8,-7],[-64,-48],[-139,-109]],[[78337,3623],[-48,55],[-19,122],[-21,23],[-55,-47],[-18,91],[10,50],[-25,33],[-19,162],[-23,-4],[-13,62],[-22,187],[9,259],[15,54],[39,-9],[18,138],[75,-26],[13,117],[38,6],[85,178],[81,85],[91,358],[32,221],[-5,49],[-106,165],[-74,203],[-1,86],[-25,31],[-19,117],[29,40],[-16,30],[20,48],[-25,96],[-189,40],[-4,71],[-96,178],[-31,265],[-22,33],[-89,-25],[-7,199],[-27,29],[-80,-26],[65,477],[73,26],[86,128]],[[78037,7998],[-75,-179],[-4,-54],[22,-92],[140,-68],[110,-181],[64,102],[20,-5],[42,-111],[-41,-89],[52,-227],[93,158],[154,-323],[29,10],[-22,66],[35,35],[40,-126],[122,77],[46,111],[85,-2],[13,-43],[39,23],[80,-141],[74,-9],[33,-55],[123,-46],[121,48],[17,-36],[146,191],[58,140],[-34,262],[-76,151],[-13,106],[116,304],[42,30],[50,-70],[30,69],[16,-27],[57,60],[-4,77],[120,270],[26,-34],[17,41],[40,-70],[9,-152],[-14,-169],[45,-29],[48,213],[56,-5],[110,122]],[[80294,8321],[-23,-532],[79,-114],[-53,-97],[-25,-168],[59,-288],[-21,-124],[45,-106],[-60,-194],[-21,-268],[46,12],[12,-106],[74,3],[11,-87],[50,-2],[58,-97],[87,4],[-11,-59],[144,-47],[28,130],[35,50],[129,20],[124,152],[40,-84],[-31,-61],[-2,-106],[-31,-91],[28,-407],[-99,-109],[10,-36],[-30,-29],[-26,-456],[35,-968],[25,-106],[48,-25],[6,-69],[80,-156],[2,-15]],[[80294,8321],[-37,190],[5,78],[86,-69],[78,62],[41,-120],[95,21],[76,-63],[-32,-110],[25,-7],[19,23],[42,305],[264,79]],[[80956,8710],[113,-108],[136,-10],[110,-250],[-37,-83],[49,-77],[-1,-84],[-68,-62],[46,-44],[-81,-86],[-11,-137],[52,5],[6,-79],[-49,-72],[-1,-36],[40,-43],[43,28],[53,79],[16,119],[39,7],[12,-86],[-16,-88],[10,-10],[-24,-42],[9,-113],[-19,-14],[0,-53],[82,74],[56,164],[108,145],[291,-199],[89,68],[19,-238],[61,41],[170,-278],[89,243],[41,-45],[20,38],[36,-65],[21,44],[128,-216],[20,57],[31,-119],[45,-19],[35,-105],[27,15],[51,-58],[24,64],[43,-62],[36,79],[-15,-117],[166,-240],[83,-167],[117,-150],[36,20],[183,-272],[26,-1],[84,-168],[12,-81],[57,-80],[71,66],[73,203],[23,-50],[-7,-57],[18,-13],[13,-157],[170,-52],[108,85],[-24,140],[33,36],[-1,61],[-53,118],[57,142],[-14,57],[15,10],[-17,53],[11,15],[-46,86],[12,19],[-18,87],[14,15],[-61,198],[22,121],[66,153],[40,164],[154,359]],[[84314,7602],[1,-6],[-23,-91],[0,0],[-1,-3],[2,-10],[13,-159],[6,-75],[8,-171],[17,-83],[18,-137],[1,-45],[13,3],[133,-41],[39,-27],[60,-4],[19,-6],[73,54],[6,-1],[17,-29],[9,21],[31,-8],[3,12],[8,17],[19,41],[-6,10],[31,50],[-6,10],[-6,10],[15,27],[40,64],[35,-69],[15,30],[3,-2],[37,-116],[13,-71],[1,-37],[13,-45],[6,-23],[25,-131],[-4,-10],[-78,-32],[-5,-8],[-5,-1],[-19,-20],[-22,-27],[-10,-31],[-6,-17],[-39,-62],[0,0],[-11,-17],[29,-15],[54,-52],[1,1],[4,-4],[65,-3],[12,-29],[0,-9],[-21,-103],[-40,-73],[1,-1],[-5,-8],[24,-43],[36,-61],[23,-80],[-64,-29],[-42,-44],[0,0],[-21,27],[-16,-29],[1,-14],[-60,-103],[-59,-92],[-21,16],[-16,-6],[-19,14],[-19,-49],[-4,-30],[9,-63],[2,-148],[-14,-22],[-13,-14],[-27,-13],[-22,-10],[-5,-1],[-37,3],[-34,-19],[-4,-9],[-62,-45],[-3,-2],[-23,-3],[-16,-55],[-30,-107],[-1,0],[-7,8],[-53,-57],[-28,-23],[-22,-4],[-14,-38],[-40,-55],[-27,-17],[-22,19],[15,-45],[25,-43],[27,-45],[10,-37],[-7,-7],[11,-27],[6,-58],[-3,-5],[6,-22],[1,-7],[1,-11],[-1,-4],[-3,-14],[2,-21],[0,-5],[-1,-2],[-30,-11],[-17,-49],[-22,-21],[0,-8],[-41,-45],[0,-2],[-2,1],[3,-43],[-5,-63],[-117,-18],[-61,-31],[-38,-38],[-93,-84],[-19,-6],[-63,-59],[-37,111],[-8,44],[-10,15],[-19,-13],[-17,-27],[-16,-27],[-2,-3],[-1,-3],[-13,-28],[-15,-41],[-12,-24],[-8,-9],[-17,-8],[-1,0],[-11,5],[-37,-53],[4,-42],[-2,-10],[-8,-29],[8,-31],[-1,-7],[-29,-41],[-17,-56],[-8,-3],[-42,85],[-30,62],[-101,-57],[-16,46],[-26,74],[-3,9],[-9,25],[-7,19],[-66,64],[-19,-8],[-73,-29],[-84,-34],[-170,95],[-72,50],[-111,205],[-25,46],[-6,12],[-4,9],[-17,35],[-35,142],[-3,14],[-2,8],[-19,3],[-57,11],[-2,5],[-17,35],[-40,84],[-4,-4],[-52,-59],[-47,127],[-72,198],[-6,1],[-24,6],[-47,10],[-23,-8],[-14,-5],[-27,-26],[-23,-22],[-85,-82],[-73,-30],[-53,42],[-15,12],[-27,-8],[-5,-2],[-24,-42],[29,-198],[-86,-96],[-19,-58],[23,-44],[-1,-15],[-7,-186],[0,-1],[7,-12],[16,-30],[10,-18],[4,-8],[-7,-299],[-45,-185],[42,-251],[-36,22],[-213,-247],[-264,-70],[-4,66],[-3,50],[-62,169],[-107,161],[56,85]],[[74615,5368],[34,171],[117,-73],[13,57],[100,-53],[9,49],[-15,35],[54,33],[-8,91],[58,53],[1,250],[-54,153],[9,58],[97,290],[0,62],[45,77],[107,72],[-7,55],[51,154],[-20,132],[127,242],[-119,228],[93,81],[4,218],[41,287],[116,77],[-12,323],[-228,136],[-61,-48],[16,74],[-32,130],[2,158],[10,90],[231,261]],[[75394,9291],[46,1],[30,49],[-54,207],[9,197],[35,107],[86,99],[15,104],[57,127]],[[75618,10182],[67,-64],[55,-219],[217,-218],[524,-140],[154,-101],[0,146],[38,233],[-47,247],[-52,113],[-15,165],[5,240],[52,185],[80,51],[28,-20],[18,-69],[198,9],[51,-132],[120,-114],[5,-219],[-26,-161],[52,-186],[49,-66],[114,28],[109,-134],[121,18],[51,-59],[13,-89],[99,-32],[170,86],[108,-26],[59,74],[15,70],[55,25],[23,57],[35,-5]],[[78163,9875],[-55,-148],[-12,-107],[107,-125],[17,-186],[-134,-102],[-182,-51],[-42,30],[-46,-158],[-28,-26],[24,-97],[-7,-284],[16,-122],[216,-501]],[[78337,3623],[-6,-4],[-4,-3],[-6,-30],[-21,-127],[-101,-73],[63,-165],[-107,-60],[-57,-89],[-75,-119],[-122,-253],[-104,-356],[-8,-65],[6,-11],[4,-7],[8,-14],[84,-151],[49,-374],[-40,-153],[-69,-266],[-38,-85],[-89,-202],[-13,-81],[-2,-17],[-2,-15],[-7,-45],[-13,-81],[-4,-27],[-13,-87],[-47,35],[-62,45],[-46,60],[-46,61],[-2,34],[0,15],[-2,41],[-2,76],[-5,114],[-65,68],[29,177],[2,12],[-24,46],[-81,154],[-153,290],[-63,56],[-2,2],[-24,-37],[-34,-50],[-65,53],[-346,284],[-70,107],[-15,23],[-82,-9],[-27,-3],[-10,-23],[-55,-132],[-32,3],[-5,0],[-75,102],[-9,13],[-2,3],[-110,150],[-19,-21],[-55,-57],[-65,-69],[-53,-55],[-45,-87],[-59,-113],[-35,-309],[-13,-106],[-5,-40],[-66,-164],[-42,-20],[-135,-64],[-53,-96],[0,0],[-1,-2],[-20,-24]],[[73325,5280],[-183,24],[-106,13],[-110,93],[-129,109],[-16,106],[-12,76],[-101,666],[-81,355],[-33,144],[-1,13],[-12,189],[39,109],[21,60],[0,0],[-130,402],[-210,154],[-32,97],[-31,95],[-45,135],[-69,208],[-25,78],[-8,23],[-99,98],[-151,40],[-117,382],[-8,25],[-31,36],[-6,6],[-11,13],[-8,9],[-27,31],[-8,9],[-4,5],[-16,17],[-13,16],[-16,8],[-323,183],[-31,46],[-6,9],[-130,192]],[[71046,9554],[50,58],[24,-96],[35,-52],[77,-114],[86,-21],[109,-94],[117,-17],[185,286],[82,212],[94,336],[57,-1],[145,-142],[65,57],[19,76]],[[72191,10042],[163,187],[30,1],[13,-55],[91,17],[49,126],[142,158],[173,79],[79,174],[105,127],[78,-62],[37,-224],[-14,-50],[7,-93],[81,-169],[124,-57],[87,143],[203,-128],[141,-23],[270,198],[3,-87],[38,-84],[4,-115],[-17,-31],[14,-111],[69,-72],[22,71],[122,169],[21,139],[94,121],[138,-100],[271,156],[184,12],[99,-61],[79,-204],[67,24],[26,-224],[36,-25],[20,-67],[47,-310],[0,-87],[-44,-104],[-1,-83],[52,-27]],[[78163,9875],[131,52],[78,-39],[37,46],[52,144],[120,63],[18,83],[-98,312],[-22,150],[8,115],[224,237],[43,233],[70,-148],[171,-166],[139,-321],[89,26],[34,-124],[100,-128],[17,-188],[22,-68],[49,160],[184,308],[131,400],[155,155],[54,115]],[[79969,11292],[162,39],[81,-45],[92,10],[168,-220],[30,-92],[61,-47],[36,-5],[77,117],[221,-64],[48,-41],[60,-327],[103,166],[46,136],[37,2],[19,-97],[-37,-218],[58,-50],[-3,-110],[12,-8],[-24,-300],[10,-93],[60,-267],[42,51],[25,-71],[-145,-147]],[[81208,9611],[-34,-31],[21,-185],[-19,32],[-92,-88],[91,17],[7,-54],[-144,-237],[-44,-130],[-15,-196],[-23,-29]],[[81208,9611],[17,-78],[193,124],[20,-36],[-15,-27],[51,-114],[65,103],[59,-85],[141,245],[26,26],[21,-30],[83,80],[43,-138],[98,26],[67,-62],[207,-26],[64,217],[-18,23],[15,43],[-22,29],[34,96],[-15,0],[-9,158],[26,3],[0,95],[41,126],[48,-42],[43,50],[35,-148],[101,-18],[10,32],[-11,12],[12,49],[-26,27],[17,84],[23,-8],[-16,74],[-73,237],[-81,100],[17,37],[-33,100],[24,33],[17,-37],[72,100],[-10,127],[15,19],[-23,245],[14,377],[90,62],[63,95],[35,-204],[-15,-175],[58,-230],[129,-68],[10,34],[-10,84],[-24,58],[68,-23],[23,-88],[21,31],[8,-26],[20,151],[-6,97],[40,143],[2,102],[106,-7],[3,194],[31,284],[39,7],[72,-197],[-33,-17],[18,-121],[16,19],[69,-181],[28,-158],[24,5],[5,-67],[21,4],[-61,-492],[-150,-183],[31,-122],[151,8],[8,154],[117,62],[5,121],[80,62],[27,98],[60,9],[17,-121],[55,104],[62,-121],[69,30],[17,-108],[39,-9],[82,-146],[90,275],[42,-40],[-14,-59],[82,-67],[1,-100],[152,7],[9,-110],[140,6],[129,57],[119,-489],[38,-72],[-61,-205],[20,-24],[-25,-109],[258,-192],[17,-27],[-14,-64],[119,-209]],[[85197,9591],[-3,-11],[-24,-38],[-62,-137],[-23,-73],[-2,-13],[-1,-1],[-5,-34],[-6,-42],[-3,-277],[1,-28],[-2,-15],[6,-20],[10,-37],[29,-38],[-6,-30],[6,-2],[0,0],[1,-12],[0,-33],[-10,-23],[-27,-48],[15,-77],[-10,-37],[11,-20],[0,-42],[0,0],[-6,-64],[-10,-12],[1,-9],[-37,-37],[-8,-8],[-4,8],[-21,-33],[-90,-92],[-113,-42],[-4,-5],[-2,-1],[-3,-8],[-121,-192],[-110,-141],[-66,-67],[-16,-5],[-50,-41],[-105,-113],[-13,-37],[0,-2]],[[88444,63767],[44,-26],[85,50],[43,-228],[-103,-238],[-508,-9]],[[88005,63316],[-541,-185],[-147,451],[-51,78],[-134,157],[-138,-4],[-202,150],[-26,-27],[-24,-124],[-51,-129],[-139,-162],[-182,18],[-156,134],[-149,43],[-29,66],[-101,54],[-24,64],[-98,97],[-6,61],[-123,-23],[-28,41],[-198,-92],[-67,76],[-103,41],[-91,115],[-272,178],[-106,118],[-127,215],[-44,-202],[12,-14],[-156,-372],[18,-42],[-133,-348],[-21,-663]],[[84368,63086],[9,-410],[-7,-87],[-22,-41],[-166,139],[-3,137],[-26,86],[-129,254],[-15,76],[20,271],[-54,368],[-70,129],[-11,68],[-4,87],[23,51],[11,271],[20,88],[-22,133],[-71,-77],[-108,-10],[-190,-210],[-481,-159],[-141,-134],[-54,18],[-38,-54],[-78,21],[-95,93],[-130,223],[-389,503],[-51,211],[10,98],[-23,123],[-29,7],[-61,-78],[-69,381],[-75,150],[-11,147]],[[81838,65959],[-4,95],[408,226],[547,423],[367,38],[206,89],[14,98],[208,121],[306,441],[23,19],[114,-84],[28,26],[89,273],[90,-6],[36,168],[111,95]],[[84381,67981],[160,-272],[80,9],[65,61],[31,-245],[-41,-60],[30,-60],[178,-59],[174,108],[39,-51],[-71,-341],[37,-57],[81,237],[28,-34],[-86,-286],[14,-35],[-25,-2],[19,-49],[56,5],[132,116],[82,11],[336,-85],[34,60],[6,258],[48,45],[32,119],[57,3],[25,-60],[37,-286],[31,-49],[135,-61],[101,-281],[118,61],[160,-102],[80,-129],[98,-15],[148,10],[162,150],[362,70],[134,-203],[149,-5],[4,48],[48,-254],[-3,-102],[53,-257],[171,-155],[210,-4],[129,-72],[184,-214],[49,-586],[69,-116],[19,-83],[-60,-173],[42,-187],[-35,-143],[-53,-412]],[[75618,10182],[20,67],[2,151],[-78,300],[-26,320],[-80,286],[23,212],[-52,145],[11,175],[-19,170],[38,154],[158,-36],[124,20],[129,38],[59,99],[10,111],[-24,106],[-7,171],[22,127],[-13,206],[16,-3],[15,120],[-31,141],[-40,69],[-53,237],[21,77],[18,1],[33,189],[35,63],[-13,28],[14,47],[65,12],[131,177],[-47,256],[-55,43],[22,48],[-59,24],[7,-110],[-34,64],[-84,16],[3,170],[-104,245],[-60,18],[-72,187],[-26,-5],[-33,114],[-51,-13],[-120,205],[-43,-48],[-21,52],[-30,-28],[31,97]],[[75350,15497],[438,205],[283,199],[77,-19],[59,73],[77,-3],[104,99],[36,-58],[61,15],[86,82],[-9,25],[65,2],[11,61],[47,47],[19,-46],[61,13],[4,59],[16,-44],[7,38],[33,-51],[-13,-74],[37,-11],[48,168],[67,-17],[-4,-53],[37,31],[4,-74],[53,132],[90,-129],[39,67],[44,16],[1,-84],[88,1],[-43,-136],[-5,-97],[21,-177],[-21,-121],[57,-398],[-6,-82],[139,52],[28,-87],[104,-18],[5,-48],[176,-110],[24,39],[34,-45],[101,72],[18,-45],[55,19],[60,-129],[9,26],[116,-34],[9,-35],[237,-156],[25,50],[139,-34],[1,45],[36,13],[42,-129],[80,142],[66,-62],[104,11],[51,81],[76,10],[10,-79],[55,2],[9,-51],[36,14],[134,-122],[155,78],[46,-39],[47,-132]],[[79546,14455],[39,-162],[46,-17],[-2,-68],[32,-100],[40,-30],[16,-241],[46,-87],[32,1],[47,-572],[148,-360],[42,-440],[-19,-196],[127,-27],[-29,-149],[-9,-346],[-63,-220],[-70,-149]],[[79546,14455],[76,18],[37,125],[70,7],[-19,123],[85,25],[9,34],[-18,126],[15,54],[156,108],[-16,66],[12,76],[-16,132],[16,4],[-8,172],[12,10],[-16,83],[21,19],[-27,136],[61,90],[-11,197],[58,46],[-41,123],[8,41],[96,-86],[9,14],[-42,80],[52,138],[30,-5],[28,-42],[-26,-80],[22,-179],[82,-46],[46,-78],[87,10]],[[80394,15996],[42,-332],[75,-221],[221,-190],[128,-77],[83,-5],[1,81],[35,5],[0,123],[144,197],[22,-16],[50,301],[86,137],[91,70],[18,53],[29,-55],[76,102],[35,-53],[53,46],[9,-29],[118,129],[28,-78],[39,48],[35,132],[34,43],[25,205],[61,265],[46,-4],[50,-76],[37,28],[1,61],[27,63],[80,1],[135,145],[142,31],[100,-34],[-7,-31],[40,-85],[-24,-129],[28,-172],[-57,-119],[24,-25],[-7,-116],[46,-74],[-25,-37],[106,-48],[47,-74],[9,-71],[99,107],[-34,158],[4,71],[92,102],[32,-16],[80,74],[-65,232],[146,-52],[169,77],[40,-35],[17,-104],[61,-66],[121,37],[40,108],[129,21],[28,60],[-3,329]],[[83686,17214],[1,1],[3,-7],[46,10],[95,61],[1,1],[3,-2],[84,-31],[6,7],[0,20],[17,6],[5,-14],[57,-28],[7,-44],[4,-20],[-2,-6],[4,-8],[0,-2],[3,-3],[25,-45],[54,-61],[51,-16],[44,6],[2,3],[4,-1],[192,224],[9,6],[76,21],[20,21],[6,2],[6,3],[47,62],[9,13],[57,75],[0,0],[1,1],[2,3],[10,13],[7,-11],[25,-40],[16,-25],[102,44],[3,-3],[13,-20],[8,-3],[16,-17],[4,-20],[61,-115],[15,-35],[-2,-12],[20,-24],[0,0],[3,-24],[-3,-45],[12,-72],[80,-1],[45,19],[1,-6],[0,-81],[-5,-5],[-1,-14],[11,-73],[32,-104],[-68,-53],[3,-8],[16,-89],[0,-31],[34,-43],[54,-41],[101,-120],[28,-82],[22,-20],[3,-7],[3,-7],[8,-18],[-5,-5],[25,-49],[13,-26],[54,-74],[-131,-270],[-72,-218],[-51,-129],[-131,-198],[-17,-14],[-20,4],[-2,1],[-29,-83],[-2,-12],[-66,-191],[-31,-9],[-15,-5],[-17,-75],[-10,-39],[26,-37],[3,-5],[1,-4],[2,-49],[-8,-20],[-25,-54],[-15,-53],[-24,-67],[-25,-54],[25,-18],[7,-69],[-13,-15],[5,-42],[-1,-2],[-11,-13],[-34,-140],[-3,-44],[0,-4],[-1,-2],[10,-69],[-14,-62],[0,-46],[-15,-39],[18,-107],[82,-271],[1,-1],[18,-22],[40,-49],[76,16],[104,-159],[71,10],[14,2],[19,-14],[11,5],[13,-29],[10,-9],[10,6],[48,-64],[36,-18],[7,-9],[-4,-103],[11,-4],[16,-6],[36,28],[12,-5],[3,-8],[-1,-37],[0,-1],[-11,-36],[3,-30],[10,-28],[39,-59],[19,5],[5,33],[-4,13],[-4,21],[10,59],[2,8],[62,60],[13,-3],[-1,-10],[3,-43],[2,-28],[15,-29],[16,-29],[3,-44],[17,-41],[-1,-17],[-5,-20],[1,-17],[18,-34],[5,-10],[30,9],[8,107],[26,53],[10,11],[11,1],[12,-11],[4,-7],[4,-28],[22,-49],[3,-20],[2,-15],[15,-37],[37,-37],[23,9],[4,11],[11,28],[6,16],[-2,15],[7,41],[18,44],[11,4],[8,-12],[4,-32],[6,-6],[10,-25],[-13,-20],[-28,-42],[-8,-11],[-2,-29],[8,-16],[-2,-41],[10,-61],[10,-9],[8,-9],[27,12],[16,44],[23,8],[14,30],[71,33],[6,-1],[21,-41],[11,-37],[8,-3],[0,0],[14,-98],[17,-61],[0,-2],[-84,-31],[-77,-76],[1,-4],[-38,-177],[-18,-86],[3,-9],[39,-142],[17,-39],[7,-15],[-54,-51],[-5,-23],[-6,-6],[-12,-44],[-4,-51],[0,-8],[-11,-51],[-3,0],[-4,-28],[19,-4],[10,-3],[-1,-11],[-10,-55],[-5,-81],[8,-107],[4,-69],[-1,-14],[-2,0],[-9,-74],[5,-18],[15,-13],[24,4],[9,-4],[1,-86],[1,-189],[4,-29],[0,-9],[31,-90],[1,-3],[1,-3],[10,-10],[48,-66],[4,-6],[-26,-33],[-25,-31],[-76,-158],[-14,-16],[-21,-24],[-53,-61],[-27,-29],[-39,106],[-7,2],[-11,5],[-48,25],[-71,-2],[-12,0],[-3,0],[-129,-88],[-21,-10],[-7,-52],[-13,-39],[-5,-5],[-27,-24],[-14,0],[-19,-28],[-1,-2],[-3,-14],[-29,-139],[0,-1],[4,-8],[74,-149],[0,0],[11,-52],[1,-4],[14,-67],[-2,-1],[-10,-23],[-14,-33],[-21,-16],[-10,-7],[-19,-44],[-14,-5],[-7,-21],[-3,-4],[-8,4],[-4,-21],[-5,-7],[-20,-17],[4,-9],[-10,-21],[-11,11],[-2,-13],[-2,0],[-10,-22],[-5,-1],[-3,-2],[2,-34],[0,-2],[-4,-9]],[[71046,9554],[-27,41],[-104,-51],[-136,50],[-72,-27],[-31,176],[-26,47],[-62,65],[-66,-7],[-132,299],[-79,31],[-33,13],[-66,-42],[-54,-174],[-19,-111],[-9,-276],[-3,-97],[-19,-75],[-11,-44],[-39,-94],[-28,-66],[-38,-3],[51,-133],[-183,-63],[-80,85],[-18,19],[-23,-5],[-53,-11],[-36,-35],[-14,-13],[-49,-49],[-36,-91],[-7,-18],[-28,-33],[-38,50],[-18,24],[-112,-205],[-68,-29],[-21,53],[-29,454],[-73,149],[-91,356],[0,388],[41,143],[45,157],[19,198],[86,125],[69,191],[113,308],[-11,123],[410,470],[0,124],[-99,272],[-273,445],[-133,297],[-48,52],[-47,52],[-64,171],[-18,50],[-379,368],[-150,376],[-76,14],[-25,60],[-97,225],[-29,9],[-12,256],[-278,468],[-98,100],[-130,-132],[-190,-54],[-165,-442],[-161,-182],[-35,-6],[-3,202],[-26,40],[-152,29],[-137,122],[-76,-4],[-310,-261],[-90,123],[-234,522],[-36,12],[-84,-159],[-65,-122],[-4,-7],[-112,-29],[10,120],[-130,107],[-107,-68],[-229,10],[-365,-93],[-5,-2],[-43,67],[-5,9],[-8,179],[-2,35],[-11,254],[58,529],[-14,338],[-109,260],[-152,205],[-63,24]],[[64827,16782],[-58,172],[-34,185],[-53,106],[-40,269],[41,139],[68,124],[141,-102],[38,-95],[48,-20],[-56,195],[-8,101],[33,236],[-11,73],[-57,121],[12,261],[-97,232],[10,147],[-12,78],[81,245],[-48,178],[11,123],[31,66],[10,171],[-20,76],[248,173],[126,10],[116,153],[51,155],[183,96],[116,116],[50,120],[-18,113],[6,118],[-33,107],[15,97],[-9,52]],[[65708,21173],[386,25],[146,-93],[56,-128],[165,-52],[132,171],[155,-244]],[[66748,20852],[80,-378],[-16,-382],[33,-90],[55,-58],[57,46],[-15,243],[23,504],[-25,360],[40,52],[19,-25],[24,-137],[29,-261],[42,-92],[48,16],[96,161],[180,94],[48,-55],[-30,-189],[7,-59],[120,-18],[58,-51],[77,-261],[88,-21],[129,140],[102,10],[30,-91],[-10,-332],[182,-28],[38,26],[13,123],[55,75],[28,108],[105,61],[37,73],[30,114],[7,196],[44,92],[72,65],[41,324],[101,115],[41,190],[20,27],[294,-207],[62,83],[275,50],[167,130],[273,-156]],[[69922,21439],[-241,-308],[-500,-2413],[201,123],[85,-179],[-19,-54],[2,-200],[-63,-150],[125,-63],[17,-49],[-7,-115],[-58,-203],[-99,-143],[-47,-192],[1,-44],[222,-368],[-8,-544],[173,47],[130,168],[113,-16],[15,-48],[1,-228],[38,-12],[20,-91],[46,22],[55,-76],[32,35],[13,-32],[-89,-90],[6,-25],[43,36],[14,-63],[43,12],[-21,-127],[56,-87],[-6,-28],[24,-1],[61,-122],[10,18],[30,-109],[124,-152],[47,-145],[67,-41],[45,-78],[-65,-111],[-39,-240],[-108,-159],[-23,-131],[7,-49],[-37,-106],[-69,-65],[-34,-133],[-1,-100],[-161,-196],[-7,-235],[-55,-28],[30,-250],[-70,-425],[-111,-98],[25,-296],[26,-126],[66,-192],[144,-205],[302,37],[280,208],[9,127],[-17,108],[89,221],[32,172],[49,17],[18,-138],[-27,-168],[9,-108],[88,-79],[82,18],[177,-86],[79,-92],[-11,-55],[16,-48],[154,-47],[37,-74],[-2,-191],[17,-186],[221,181],[195,240],[199,105],[65,138]],[[72202,12459],[83,-595],[149,-452],[-119,-401],[-49,-554],[-37,-138],[-38,-277]],[[72202,12459],[492,-14],[8,189],[101,6],[24,285],[265,19],[30,75],[-38,355],[33,187],[-38,158],[40,216],[-33,54],[-4,67],[-34,54],[-17,-17],[6,289],[51,261],[23,50],[105,59],[209,-48],[11,36],[-11,123],[12,18],[-45,119],[40,46],[8,78],[131,29],[87,100],[-16,51],[4,62],[-68,50],[41,60],[35,-36],[4,256],[43,102],[28,-5],[21,-127],[20,84],[53,65],[30,-11],[55,-164],[58,34],[13,69],[75,-42],[-19,77],[-43,49],[-19,131],[32,213],[-8,99],[-37,89],[-29,-22],[-86,170],[-22,103],[24,29],[-119,97],[-40,-55],[3,118],[-23,-9],[-8,96],[10,80],[-49,33],[14,120],[-62,-1],[-52,64],[-66,164],[11,72],[-410,132],[38,339],[257,907],[-756,1121],[-112,17],[46,148],[-151,-20],[-56,31],[-97,155],[90,115],[109,62],[79,126],[8,85],[36,22],[29,165],[-45,29],[-46,119],[-41,-1],[3,268],[190,407],[157,81]],[[72794,21726],[45,15],[239,-183],[-9,-220],[49,-209],[4,-95],[415,-946],[110,-363],[67,-115],[220,-237],[-3,-125],[22,-34],[-4,-170],[111,-310],[52,-102],[183,-134],[36,-81],[38,-16],[69,-164],[76,-78],[52,-121]],[[74566,18038],[9,-185],[-16,-78],[87,-154],[-7,-27],[126,-80],[-3,-67],[30,-105],[29,-30],[-8,-27],[21,-33],[-3,-46],[24,-27],[-13,-80],[27,-84],[2,-259],[23,-68],[-66,-159],[-8,-63],[22,-17],[-14,-48],[63,-50],[21,95],[17,-6],[2,-55],[35,-6],[-2,-129],[72,-170],[59,31],[15,-27],[25,-147],[-39,-37],[1,-63],[-39,-114],[37,-43],[-11,-42],[94,-98],[13,36],[80,-105],[78,56],[1,-30]],[[74566,18038],[176,190],[42,84],[-11,208],[56,194],[153,27],[176,-77],[131,56],[10,-93],[34,-85],[10,62],[-13,128],[87,18],[145,122],[256,-178],[30,81],[3,214],[75,48],[-8,156],[84,59],[-3,113],[36,188],[-1,122],[-29,94],[24,185],[55,10],[79,-200],[116,144],[59,264],[67,151],[-62,222],[46,191],[-33,410],[91,-47],[128,65],[244,-61],[60,41],[151,-67],[137,-244],[391,161],[33,67],[10,112],[31,88],[16,-23],[33,125],[40,46],[45,-63],[56,58],[-15,109],[56,31],[33,-92],[34,56],[43,0],[56,-161],[-14,-40],[39,-4],[-18,-45],[66,-44],[79,36],[-5,92],[56,-159],[-21,-192],[18,-44],[228,68],[73,-139],[59,-226],[69,2],[36,-99],[88,145],[13,75],[-8,173],[19,89],[35,13],[5,-49],[32,64],[-28,175],[22,82],[292,280],[57,-33],[18,29],[-13,57],[58,42],[-6,81],[114,-78],[126,-4],[80,106],[120,-115]],[[79718,21685],[377,-495],[377,-32]],[[80472,21158],[28,-32],[13,-364],[-51,-218],[-113,-230],[45,-163],[-37,-76],[20,-4],[-62,-247],[-72,-107],[8,-30],[-288,-168],[-69,-125],[-42,-231],[-113,-376],[-111,-66],[-127,-148],[93,-74],[-78,-45],[110,-280],[104,-465],[65,-47],[-4,-91],[71,23],[30,-38],[27,-280],[127,-61],[58,-96],[-4,-83],[33,-12],[-3,-46],[-31,-32],[31,-209],[61,-85],[122,-70],[-1,-76],[24,-60],[-27,-75],[6,-57],[63,-163],[16,-155]],[[69922,21439],[98,-183],[61,-45],[290,-32],[175,155],[163,-33],[-19,-167],[846,159],[-31,136],[25,-1],[-40,124]],[[71490,21552],[22,33],[44,-42],[53,36],[-46,-80],[22,-75],[112,34],[76,122],[94,54],[115,203],[60,33],[23,-38],[40,10],[-34,187],[8,108],[-15,166]],[[72064,22303],[29,-161],[-2,-134],[56,-108],[129,246],[13,-34],[-77,-188],[96,-121],[109,-11],[89,-99],[236,88],[52,-55]],[[80472,21158],[64,36],[97,-16],[1,-39],[19,-3],[-1,-155],[69,-61],[44,118],[105,-142],[80,60],[29,147],[113,-40],[43,94],[-16,30],[21,51],[132,107],[58,149],[84,0],[152,289],[-23,314],[48,-12],[-18,159],[70,33],[13,67],[44,28]],[[81700,22372],[17,11],[114,75],[38,23],[0,2],[35,23],[40,-2],[0,-2],[1,2],[8,0],[49,13],[69,50],[21,16],[14,-27],[5,13],[33,-26],[14,-38],[13,10],[43,73],[19,14],[21,3],[47,6],[8,-2],[2,-3],[1,0],[11,-17],[16,-41],[39,-49],[25,-31],[25,-33],[18,60],[2,8],[11,6],[27,52],[42,102],[7,59],[34,28],[12,6],[3,-6],[14,4],[20,6],[15,2],[11,-14],[35,-59],[17,-75],[33,-141],[34,-167],[-42,-166],[-4,-42],[8,-53],[4,-10],[66,-152],[7,-28],[55,-92],[22,-45],[28,-71],[14,-133],[6,-73],[3,-18],[7,-75],[14,-23],[86,-72],[15,-15],[1,-2],[8,-12],[21,-71],[17,-63],[15,-45],[47,-155],[5,-33],[15,-232],[12,-55],[0,-4],[0,-50],[23,-129],[6,0],[44,-4],[131,-232],[7,-81],[14,-239],[22,-156],[7,-73],[6,-61],[-1,-17],[54,-22],[19,-21],[2,-145],[-2,-19],[41,-58],[31,-78],[25,-11],[3,-1],[15,10],[61,33],[43,23],[17,-7],[33,-35],[11,-12],[5,-21],[7,-45],[29,-71],[15,-57],[-27,-127],[-29,-137],[-1,-5],[6,-14],[21,-71],[5,-20],[16,-55],[-59,-53],[-62,-95],[-23,-26],[34,-418],[-28,-67],[-48,-38],[1,-6],[-3,-2],[20,-118],[30,-118],[-1,-4],[-2,-7],[-14,-34],[8,-89],[-1,-10],[-34,-35],[-30,-31],[0,-2],[-5,-5],[19,-98],[29,-76],[3,-12]],[[66748,20852],[-10,189],[27,126],[77,107],[171,76],[34,88],[7,102],[-27,195],[-96,338],[-45,247],[-6,80],[33,167],[0,145],[-37,69],[-48,-8],[-30,-85],[-36,-225],[-35,0],[-40,144],[-31,350],[-92,237],[-8,192],[38,-17],[14,-89],[57,-135],[118,-107],[160,142],[119,265],[143,42],[161,277],[118,54],[83,-36],[110,112],[166,45],[73,-44],[153,77],[72,-221],[196,-97],[55,75],[23,298],[52,-12],[236,190],[132,-16],[27,65],[-7,73],[68,61],[74,153],[-9,81],[42,178],[341,315],[57,-78],[32,25],[-34,93],[44,12],[88,152],[141,100],[9,-35],[-13,-39],[88,-156],[107,29],[190,-365],[109,58],[112,-217],[101,-304],[-18,-218],[107,105],[77,192],[33,5],[18,67],[-33,9],[12,183],[45,-32],[55,102],[-41,108],[67,8],[53,95]],[[70777,25014],[-2,-80],[30,-103],[61,-94],[48,-190],[-15,-17],[9,-24],[19,12],[22,-72],[28,38],[-10,-98],[38,-33],[20,-125],[56,76],[51,0],[11,-58],[-55,-17],[47,-37],[-12,-67],[54,-131],[36,-31],[0,46],[22,-3],[0,-65],[58,15],[150,-69],[-17,-67],[5,-166],[42,32],[13,-58],[85,168],[14,-31],[-33,-64],[-2,-102],[19,-99],[-55,-44],[-30,-92],[-29,-271],[36,-54],[79,-14],[15,-114],[41,-81],[7,-116],[-15,-101],[21,-38],[-39,-145],[-34,-29],[38,-173],[-1,-80],[-116,-318],[-27,-259],[9,-34],[21,15]],[[79718,21685],[40,92],[538,2069],[-103,716],[-29,32]],[[80164,24594],[81,185],[31,342],[-67,169],[-3,56],[54,192],[121,158],[27,194],[-18,93],[51,36],[-15,93],[111,108],[-5,62],[15,49],[58,33],[10,97],[-27,130],[6,109],[-27,84],[-2,122],[95,244],[55,49],[104,-20],[132,67],[18,-62],[19,3],[243,208],[6,-45],[89,67],[168,-184],[-27,-75]],[[81467,27158],[-5,-3],[-18,-12],[-10,-16],[-5,-36],[8,-88],[32,-40],[9,9],[10,1],[31,-42],[21,6],[3,-5],[28,11],[2,3],[26,2],[12,-7],[38,20],[8,2],[5,-1],[29,-14],[23,-47],[62,-128],[7,-40],[3,-23],[-8,-167],[-5,-13],[-3,-5],[-15,-27],[-32,-31],[-21,-14],[-43,-3],[-25,21],[-17,48],[-4,25],[-22,73],[-33,2],[-33,-19],[-25,-63],[5,-47],[-2,-75],[1,-13],[-3,-17],[3,-37],[5,-105],[8,-20],[6,-38],[26,-40],[11,-51],[-10,-71],[-23,-42],[-42,-23],[-4,-2],[-57,19],[-46,61],[-38,-10],[-45,-44],[-4,-30],[-12,-82],[-12,-45],[-7,-30],[9,-43],[-2,-30],[1,-3],[-9,-94],[-13,-45],[128,-164],[24,-125],[35,-138],[13,-142],[20,-63],[33,-65],[-3,-67],[-10,-22],[-10,-21],[-110,-144],[0,-32],[16,-108],[45,-162],[17,-105],[21,-29],[1,-4],[2,-10],[73,-21],[39,-11],[-2,-46],[0,-28],[-6,-17],[3,-13],[-3,-15],[-9,-47],[9,-32],[-24,-15],[1,-3],[1,-96],[0,-69],[1,-52],[-1,-1],[1,-4],[0,-2],[11,-92],[-2,-45],[9,-4],[2,-16],[0,-2],[-12,-49],[18,-38],[53,-669],[18,-19],[-10,-37],[0,0],[0,-1],[-2,-6],[3,-144],[-3,-64],[7,1],[22,-58],[0,0],[27,-71],[2,-19],[4,2],[2,-4]],[[64827,16782],[-44,17],[-72,-304],[-168,-367],[-29,88],[-6,17],[-19,57],[-29,88],[-24,73],[-184,-47],[-108,39],[-100,-84],[-15,317],[-63,61],[51,732],[-180,663],[1,204],[-43,116],[-571,1515],[-87,300],[-160,172],[-52,-180],[-61,-78],[-152,15],[-179,-119],[-262,65],[-2,37],[-8,229],[-40,108],[-393,238],[-33,3],[-82,6],[-176,122],[-157,195],[-447,387],[-185,218],[-41,183],[5,56],[13,138],[-128,308],[-32,173],[-103,73],[-17,57],[46,91],[-10,193],[-13,58],[-71,50],[-38,8],[-268,-68],[-145,48],[-61,77],[-227,32]],[[59658,23162],[-10,58],[-16,16],[5,44],[18,59],[26,-21],[14,82],[-1,231],[-35,217],[102,188],[226,239],[-38,129],[-81,20],[12,116],[147,79],[136,-43],[26,204],[61,54],[-6,42],[-120,65],[-53,135],[-17,181],[-3,388],[53,310],[-110,327]],[[59994,26282],[60,24],[121,257],[16,154],[16,6],[15,325],[176,18],[22,130],[27,51],[55,83],[89,59],[264,36],[160,313],[102,75],[126,162],[17,428],[-112,2],[-54,163],[183,28],[190,-38],[22,29],[29,-87],[44,69],[15,106],[121,82],[150,245]],[[61848,29002],[69,-168],[192,258],[10,120],[64,-14],[80,165],[67,3],[77,-324],[-11,-87],[-85,-231],[150,-45],[62,33],[26,-100],[177,-189],[43,13],[24,-107],[70,-125],[174,-106],[9,-28],[-22,-10],[30,-200],[17,-8],[-6,-67],[-79,-27],[67,-168],[57,-53],[-10,-132],[32,-22],[53,-166],[35,-164],[-48,-123],[99,-112],[11,31],[291,-53],[76,34],[19,-72],[165,70],[85,-31],[42,61],[-3,-62],[45,-82],[167,-82],[23,-134],[2,-216],[117,-9],[-1,111],[69,-8],[2,-71],[15,2],[53,85],[73,35],[-42,73],[-13,72],[-53,-40],[-30,25],[34,174],[-31,82],[49,139],[42,1],[6,-29],[-25,-54],[-7,-177],[122,-275],[-2,-62],[-60,-80],[119,-107],[-22,-55],[23,-164],[68,12],[53,-165],[-10,-58],[-73,62],[-7,-24],[47,-66],[24,-159],[78,-227],[215,-65],[45,-92],[-3,-86],[59,-123]],[[65128,24959],[-24,-127],[-60,-63],[-10,-136],[-84,-141],[76,-59],[29,108],[48,76],[46,-21],[-23,-81],[18,-126],[-33,-235],[-47,-133],[-95,-61],[41,-84],[93,48],[60,-5],[46,-58],[-2,-45],[-70,-67],[-5,-85],[36,-62],[85,-397],[41,-305],[-37,-130],[1,-58],[41,-159],[100,-321],[70,-36],[91,43],[77,99],[171,340],[17,-100],[18,-158],[-13,-101],[-80,-124],[-111,-282],[-56,-273],[17,-105],[74,-87],[1,-167],[33,-108]],[[72064,22303],[390,314],[113,-92],[26,76],[-9,48],[99,56],[183,191],[20,32],[-26,107],[62,293],[82,102],[-12,63],[79,63],[-9,69],[21,10],[-4,49],[88,110],[90,51],[-14,60],[75,57],[-26,50],[46,62],[-25,62],[71,65],[141,-17],[17,-40],[-20,-89],[26,-6],[213,42],[-14,36],[26,39],[62,-151],[45,20],[47,-45],[36,41],[-5,58],[112,379],[153,-8],[70,49],[30,-80],[39,15],[9,-31],[66,66],[50,-44],[10,-27],[-19,-9],[11,-28],[30,37],[62,-229],[49,20],[167,-74],[-20,142],[-34,21],[13,100],[-19,84],[102,61],[25,118],[72,122],[-16,93],[64,143],[36,182],[195,129],[23,120],[-149,153],[-14,150],[14,334],[-50,206],[-76,31],[-133,173],[-93,56],[6,456],[-101,426],[12,49],[281,207],[49,182],[151,34],[48,92],[2,55],[33,24],[36,133],[3,44],[109,94]],[[75366,28339],[71,23],[123,-155],[194,-32],[-9,-47],[30,-11],[289,293],[73,-100],[46,-128],[30,15],[14,55],[11,-29],[112,104],[82,3],[48,-103],[22,24],[21,-44],[23,40],[108,-31],[47,114],[164,233],[-23,51],[59,117],[4,67],[82,119],[204,115],[326,333],[-6,60],[535,626],[250,178],[153,55],[11,45],[114,115],[308,227],[61,-23]],[[78943,30648],[-23,-135],[-71,-26],[-54,-185],[12,-199],[-80,-214],[30,-130],[-1,-143],[-96,-88],[-47,54],[-65,-36],[-127,-102],[4,-28],[-74,-93],[119,-107],[-46,-105],[-28,-284],[-63,-60],[5,-300],[-11,-79],[-18,-2],[1,-34],[21,10],[-10,-150],[20,-5],[51,-156],[-62,-129],[-69,-228],[-10,-138],[42,-102],[92,45],[-33,-123],[37,-119],[-10,-289],[-31,-232],[47,-71],[-11,-34],[18,-30],[-52,-88],[-1,-80],[-141,62],[-53,-15],[32,-121],[-9,-174],[66,-96],[34,-167],[-94,-78],[-323,-95],[-4,-158],[-112,-255],[55,9],[97,-69],[41,83],[40,191],[-7,30],[60,159],[247,114],[32,-19],[-46,-207],[3,-66],[35,-126],[68,-32],[-50,-120],[34,21],[8,-48],[18,9],[22,197],[56,55],[61,-27],[23,-115],[-27,-65],[72,58],[4,78],[44,21],[6,-51],[50,5],[-2,-49],[77,111],[34,-72],[110,38],[64,-37],[103,11],[130,98],[55,-22],[141,85],[41,-225],[-78,-103],[20,-56],[269,-35],[-35,-45],[-11,-81],[92,43],[36,-122],[-76,-116],[12,-27],[-18,-61],[-33,-12],[16,-167],[26,-65],[-7,122],[22,97],[50,133],[45,-25],[-25,39],[47,142],[61,50],[61,-10],[42,-99],[40,94],[41,27],[35,-163],[-29,-97],[117,-228]],[[70777,25014],[53,51],[-3,31],[-48,-13],[-22,69],[-50,-19],[-20,80],[-47,1],[16,303],[62,30],[-27,154],[-45,-25],[-6,36],[50,29],[21,56],[-172,154],[-93,32],[-76,126],[39,221],[32,1],[-21,105],[-19,-6],[-19,81],[-4,116],[49,128],[-1,41],[35,31],[-5,37],[38,14],[-6,26],[-88,-28],[52,104],[-47,180],[-47,-26],[-27,161],[-31,-2],[-3,36],[-21,-2],[0,53],[-168,225],[-99,75],[-57,107],[-35,153],[-76,142],[-152,131],[-6,204],[-37,124],[-113,159],[-111,318],[9,29],[59,-54],[-2,42],[-79,81],[-27,-13],[-33,111],[22,86],[71,59]],[[69442,29359],[83,76],[44,135],[68,115],[129,-48],[91,-100],[229,156],[97,-57],[105,-327],[344,-502],[98,-74],[68,58],[312,95],[336,446],[-1,50],[88,16],[52,123],[45,-12],[-5,34],[36,9],[13,28],[-5,90],[45,-8],[10,45],[180,147],[91,-2],[97,144],[111,46],[25,-26],[35,61],[34,-88],[309,156],[-26,109],[191,310],[23,106],[29,22],[156,-17],[210,-245],[140,38],[247,-38],[4,56],[129,151],[309,224],[415,7]],[[74433,30868],[11,-96],[56,-118],[101,-98],[17,-107],[65,-171],[0,-92],[-29,-101],[135,-181],[74,-257],[66,37],[43,-72],[30,11],[104,-313],[38,26],[31,-123],[50,18],[116,-89],[-5,-250],[-83,-23],[15,-46],[2,-162],[54,-172],[23,15],[19,-165]],[[59658,23162],[-50,-236],[-34,-14],[-110,-47],[-120,164],[-27,122],[-273,-221],[-95,-456],[-33,-158],[-17,127],[-99,37],[-182,-229],[-26,-237],[-15,7],[-321,136],[-59,-83],[-332,-153],[-143,80],[-51,185],[-102,-45],[-152,46],[-64,-72],[-183,335],[-145,70],[-152,4],[18,-298],[-254,-17],[-105,194],[-179,107],[204,278],[19,255],[92,115],[79,637],[0,12],[-1,66],[0,22],[0,137],[4,6],[102,161],[3,6],[177,126],[28,192],[-109,124],[-113,128],[0,36],[1,141],[0,56],[0,19],[2,173],[1,199],[-71,151],[67,122],[-54,534],[-19,42],[-236,-43],[-29,-6],[6,181],[8,207],[-63,165],[-98,363],[-9,812],[-77,287],[70,-152],[25,-54],[70,-56],[115,14],[122,163],[-34,252],[15,133],[108,436],[59,80],[75,-25],[11,46],[4,15],[-8,63],[-52,249],[84,301],[53,180],[75,154],[25,193],[204,182],[30,42],[36,117],[-4,66],[-56,174],[-231,-45],[-19,22],[31,194],[23,51],[73,48],[154,-5],[103,276],[-266,574],[15,399],[-144,208]],[[57033,32509],[28,55],[142,-148],[5,36],[106,1],[51,-77],[34,-1],[65,27],[37,134],[106,72],[154,-153],[15,115],[95,61],[65,103],[72,-62],[31,97],[-25,47],[46,44],[17,99],[96,3],[109,-57],[25,-141],[-21,-313],[221,125],[188,-228],[62,86],[140,-479],[18,-36]],[[58915,31919],[0,-34],[87,47],[55,-71],[72,-180],[24,-155],[31,-67],[5,-104],[-99,-67],[-21,-62],[7,-86],[-26,-178],[-125,-261],[14,-111],[39,-91],[-5,-68],[-90,-141],[-82,53],[-144,-69],[-83,-148],[4,-111],[46,-117],[38,7],[-27,-131],[50,-55],[-15,-326],[62,-25],[-29,-127],[39,-67],[62,-13],[63,81],[63,-11],[26,-34],[9,-209],[255,-163],[395,-779],[206,-602],[67,-62],[-29,-9],[52,-73],[-109,-338],[4,-146],[37,-174],[48,-6],[37,-56],[66,-298]],[[65128,24959],[7,53],[-15,21],[-14,270],[12,47],[88,-32],[47,30],[82,223],[61,-77],[40,154],[80,120],[122,-60],[2,63],[-41,84],[-2,92],[-38,67],[44,38],[80,-33],[23,137],[119,95],[-67,72],[-76,314],[-14,308],[39,43],[-42,36],[-7,115],[269,341],[-12,65],[28,181],[-19,113],[-28,38],[-7,287],[29,461],[41,45],[-28,84],[43,46],[-42,164],[75,111],[59,8],[9,47],[-57,47],[19,103],[-43,33],[17,126],[114,7],[43,70],[-26,209],[-116,301],[-160,125],[-4,53],[-87,-30],[29,71],[-203,303],[-61,47],[9,47],[-37,57],[-46,-69],[-20,120],[-17,-13],[-45,91],[3,85],[-73,15],[8,-114],[-17,-112],[-126,-283],[-113,210],[110,15],[-39,511],[113,50],[34,-114],[58,64],[-14,62],[19,13],[-5,30],[-41,-2],[-52,96],[37,189],[117,388],[32,-16],[-23,109],[49,71],[146,81],[-15,39],[17,180],[-7,143],[132,309],[39,-6],[52,243]],[[65825,33084],[495,-149],[415,-222],[52,-37],[24,-64],[59,45],[-17,-103],[37,-7],[-4,84],[63,-146],[-30,-141],[1,-85],[133,-225],[14,-77],[136,-102],[210,-312],[38,64],[11,-84],[57,-17],[80,-120],[100,21],[106,-55],[34,-77],[277,-54],[91,94],[124,42],[38,69],[207,107],[112,-5],[70,78],[99,16],[10,66],[55,-41]],[[68922,31647],[-14,-27],[11,-74],[-24,-54],[-197,-291],[72,-109],[6,-358],[41,-181],[119,-282],[20,-367],[60,-228],[69,-45],[388,-36],[16,-26],[-41,-128],[-6,-82]],[[57033,32509],[-152,221],[-21,21],[-30,29],[-252,250],[-27,48],[-131,491],[-104,579],[-64,168],[-30,44],[-180,125],[-38,0],[-253,-133],[-69,157],[-186,49],[-202,198],[-190,13],[-301,288],[-140,12],[-12,1],[-1,33],[-23,836],[147,541],[-61,318],[3,65],[68,63],[111,-33],[115,20],[33,35],[29,44],[119,337],[70,53],[165,452],[-67,221],[-9,64],[-2,136],[7,172],[1,23],[137,621],[0,63],[-111,273],[10,111],[19,214],[109,163],[-69,303],[101,198],[102,87],[26,51],[48,253],[58,74],[108,27],[146,215],[22,130],[2,252]],[[56064,41485],[59,-37],[29,58],[16,71],[36,50],[67,-36],[18,-65],[16,-197],[22,-47],[31,14],[107,-148],[32,-117],[0,-79],[25,-36],[118,85],[8,157],[21,25],[200,-69],[60,50],[49,132],[73,46],[54,-29],[47,-153],[41,-16],[82,-143],[5,40],[46,-2],[72,114],[82,-132],[82,169],[127,399],[28,32],[14,145],[156,87],[332,288],[52,8],[75,-101],[130,-432],[82,-105],[95,-42],[48,206],[295,45],[443,153],[102,-4],[-20,-81],[2,-136],[-61,-224],[-10,-183],[-214,-132],[-156,-367],[-87,-111],[-36,-126],[-112,-72],[-47,-145],[-1,-158],[-71,-94],[-61,-11],[19,-209],[53,-213],[90,14],[57,78],[-11,137],[18,64],[128,176],[155,34],[358,327],[150,55],[75,-54]],[[59759,40438],[182,-292],[117,-134],[125,-399],[75,-153]],[[60258,39460],[-101,-79],[-49,-237],[136,-544],[190,-479],[-64,-148],[59,-251],[-64,-164],[-36,-159],[-47,-83],[5,-75],[58,-133],[48,-247],[13,-381],[212,-58],[56,-97],[35,-120],[76,-41],[-77,-170],[-366,-328],[-5,-110],[40,-159],[0,-159],[71,-106],[13,-103],[-105,-137],[40,-141],[-18,-197],[-156,-98],[-136,-236],[-233,-187],[-15,-129],[40,-345],[-95,-392],[-60,-18],[-123,118],[2,-107],[-44,-113],[-73,-83],[-57,-6],[-141,-254],[0,-37],[-73,-8],[-50,-83],[-60,-23],[-12,-86],[11,-109],[-46,-167],[-57,-28],[-33,-148],[-52,-96]],[[78943,30648],[74,182],[31,200],[15,-22],[86,68],[17,155],[109,33],[483,690],[20,397],[141,-8],[-14,147],[36,121],[-5,106],[93,150],[-84,160],[62,73],[-31,94],[29,39],[35,-66],[14,17],[-31,184],[34,190],[213,179],[-16,-137],[30,16],[13,129],[73,19],[-17,-104],[41,-15]],[[80394,33645],[29,-11],[15,186],[122,-68],[60,-109],[94,74],[127,28],[30,-260],[78,-95],[-139,-55],[-72,-125],[-9,-266],[21,-25],[-54,-64],[37,17],[138,-166],[12,89],[22,-6],[-8,-86],[37,-98],[-52,-26],[-6,40],[-22,-5],[4,-71],[-50,-8],[27,-199],[-38,-29],[29,-132],[-51,-62],[34,-91],[16,-102],[-9,-39],[81,-65],[-5,-36],[157,-107],[-7,-27],[203,-9],[152,-327],[76,65],[25,-26]],[[81498,31349],[-2,-3],[0,-2],[-43,-83],[-1,-2],[-1,-1],[0,-2],[-9,-32],[-3,-4],[2,-9],[14,-99],[-8,-7],[-19,-7],[-26,-27],[-9,-15],[-48,-44],[-9,-4],[-70,-61],[-3,-15],[20,-61],[1,-24],[-1,-28],[-1,-14],[-18,-23],[-7,-9],[-19,-14],[-36,-57],[-31,-117],[-10,-30],[5,-15],[10,-53],[-22,-75],[-4,-14],[0,0],[-2,-6],[23,-18],[61,-69],[30,-58],[29,11],[38,-1],[19,-3],[66,-62],[34,-7],[0,-1],[5,-17],[-2,-17],[7,-4],[1,-19],[23,-46],[-4,-6],[11,-26],[63,-58],[9,-9],[43,-17],[29,2],[1,11],[5,-1],[29,-11],[39,-36],[6,-13],[0,-2],[-1,-3],[22,-59],[5,0],[5,-11],[8,-2],[3,-14],[80,-14],[89,-78],[44,-1],[6,-14],[18,15],[22,-21],[22,-52],[36,-25],[37,0],[6,9],[10,0],[1,-4],[-1,-12],[10,-23],[1,-3],[7,-24],[16,-79],[19,-33],[41,-25],[53,-9],[61,-31],[14,-32],[-7,-3],[4,-46],[-8,-56],[10,-32],[8,3],[5,-44],[23,-29],[8,-9],[7,-26],[14,-7],[8,-25],[51,-50],[13,-32],[4,-28],[1,-17],[3,-50],[-2,-13],[-18,-108],[-1,-6],[-2,-2],[-5,-8],[-34,48],[-30,53],[-33,8],[-30,-85],[4,-34],[9,-22],[2,-18],[17,-41],[68,-58],[52,-44],[7,-18],[3,-7],[-6,-37],[-23,-36],[0,0],[-72,25],[-13,5],[-36,-1],[-27,-14],[-3,-21],[0,0],[-24,-59],[-2,-3],[0,-4],[-5,-10],[-12,-49],[-11,-89],[-1,-16],[-11,-77],[-15,-37],[-21,23],[-48,289],[-14,36],[-30,38],[-33,13],[-12,-21],[-3,-38],[-2,-6],[-15,-65],[-25,-61],[-43,-32],[-50,-4],[-47,19],[-24,54],[-5,36],[-71,138],[-31,16],[-33,18],[-40,-57],[-6,-9],[-25,-36],[1,-36],[-8,-21],[-2,-31],[-1,-4],[-3,-51],[-1,-22],[-17,-59],[-3,-10],[13,-63],[41,-37],[35,-49],[27,-126],[-6,-52],[-14,-44],[-41,-114],[-3,-45],[10,-19],[2,-45],[12,-24],[0,-1],[0,0],[5,-8],[29,-43],[6,-67],[14,-45],[18,-17],[42,-51],[26,-52],[1,-51],[-1,-3],[-31,-27],[-20,-3],[-34,3],[-12,8],[-13,26],[-54,15],[-32,-52],[-44,-56],[-13,-25],[-11,-5],[-22,-29],[-34,16],[-32,0],[-22,-15]],[[61848,29002],[107,143],[144,103],[178,354],[-409,133],[-19,65],[59,72],[-190,178],[48,76],[59,177],[23,158],[-19,34],[60,-49],[85,42],[122,-29],[33,-50],[154,217],[75,160],[-23,33],[32,42],[-27,20],[18,17],[-14,149],[16,78],[126,232],[48,222],[62,43],[197,-18],[155,175],[-7,50],[22,83],[51,23],[89,132],[174,120],[148,-30],[30,35],[171,6],[47,-41],[75,28],[122,145],[-1,52],[-34,33],[-179,66],[-55,76],[-6,196],[-144,145],[-116,313],[-60,226],[11,415],[106,316],[4,107],[-8,249],[-57,373],[50,316],[-74,118]],[[63307,35331],[31,68],[2,171],[-18,149],[47,186],[28,41],[64,-16],[93,65],[74,74],[15,61],[12,73],[-28,94],[0,137],[-79,135],[152,96],[89,127],[138,122],[1,-54],[37,15],[84,-183],[82,64],[33,-35],[18,-113],[43,8],[58,184],[-8,112],[13,69],[56,48],[56,162],[-7,59],[-36,9],[-53,87],[0,117]],[[64304,37463],[22,95],[-1,88],[33,68],[-6,-69],[13,-22],[91,17],[10,-114],[-84,-26],[-7,-106],[93,-37],[80,22],[-26,-154],[-1,-171],[105,-120],[162,-361],[0,-42],[239,154],[-60,198],[-71,138],[42,71],[87,30],[59,-135],[125,-63],[2,128],[-60,288],[164,131],[85,-237],[-21,-89],[177,-141],[14,-102],[57,-112],[6,-150],[39,-114],[30,-25],[62,-238],[32,-31],[110,80],[42,-91],[-3,-80],[-58,-195],[-29,-41],[47,-63],[109,-311],[-83,-99],[-186,-100],[-32,-79],[-18,-172],[18,-83],[96,-177],[63,-41],[13,-59],[-5,-234],[66,-118],[-8,-125],[21,-92],[-403,-632],[-109,-231],[159,-97],[123,55],[96,-163]],[[74433,30868],[48,58],[216,513],[28,111],[265,585],[49,348],[180,240],[109,280],[-106,104],[-25,124],[2,156],[45,118],[-23,161],[105,294],[76,141],[80,-9],[117,104],[320,136],[9,238],[109,52],[-114,289],[-113,196],[-89,287],[26,48],[-12,30],[169,225]],[[75904,35697],[165,-125],[222,55],[0,-55],[48,-83],[-67,-91],[14,-82],[-65,-76],[58,-397],[56,100],[87,61],[-20,115],[19,-11],[41,105],[50,-121],[47,35],[110,-27],[30,254],[58,161],[-14,155],[32,105],[-12,30],[117,170],[-24,97],[22,68],[21,-51],[26,76],[-27,46],[63,169],[6,159],[-27,257],[34,29],[-1,39],[56,110],[-61,54],[-14,122],[9,58],[77,112],[37,-25],[62,102],[-17,35],[14,57],[46,-84],[83,247],[124,134],[-6,44],[56,109],[-58,174],[48,58],[35,-115],[222,367],[-96,325],[206,238],[189,146]],[[77985,39132],[32,-150],[55,-91],[53,26],[234,-162],[55,115],[57,-182],[-5,-194],[152,-120],[31,-271],[69,-268],[9,-102],[100,-277],[417,194],[48,-315],[143,-251],[127,39],[-4,51],[45,40],[33,-231],[71,-301],[113,-184],[36,-205],[56,54],[16,-61],[14,-119],[-80,-132],[-33,-253],[21,-55],[58,-69],[120,127],[-13,100],[-41,109],[117,38],[-5,31],[24,13],[51,-79],[-37,-124],[58,-107],[22,-100],[141,218],[100,83],[-30,-99],[-161,-234],[-45,-280],[7,-32],[42,10],[49,-196],[47,7],[33,103],[31,-50],[-31,-59],[142,-118],[-135,-1374]],[[60258,39460],[57,-61],[115,-34],[24,-98],[-36,-315],[-63,-162],[14,-43],[130,-99],[130,-347],[156,-279],[86,7],[-6,-377],[-67,-62],[-100,-206],[24,-44],[7,-77],[-10,-135],[13,-89],[-16,-99],[43,-126],[71,-86],[78,-15],[60,-79],[42,-3],[47,-89],[112,39],[166,-14],[56,29],[30,84],[35,-4],[64,91],[32,-29],[172,67],[50,62],[-3,69],[48,172],[70,108],[51,4],[25,-52],[31,-189],[217,75],[51,-121],[124,-75],[-52,-177],[31,-304],[38,-134],[153,-247],[121,-119],[54,-160],[126,-32],[285,-397],[163,43]],[[68922,31647],[467,-56],[150,60],[48,132],[66,86],[42,281],[74,188],[0,252],[-96,311],[-37,269],[19,180],[-9,231],[13,13],[-1,151],[28,116],[-12,60],[9,221],[-13,166],[-59,115],[-25,136],[-16,209],[21,192],[94,147],[-11,126],[50,203],[49,98],[7,134],[-61,65],[-31,99],[3,161],[49,140],[4,70],[-105,129],[-33,255],[17,35],[-45,105]],[[69578,36727],[51,0],[-5,64],[216,134],[214,58],[124,-55],[136,183],[104,196],[10,29],[-25,20],[14,102],[42,117],[186,59],[56,211],[106,262],[-51,-5],[-9,68],[34,-16],[23,43],[131,-109],[-10,-33],[114,-135],[81,-152],[24,20],[9,-67],[26,-29],[383,77],[33,-61],[1,-47],[107,-39],[-2,-44],[303,-92],[94,70],[57,80],[88,268],[304,250],[126,306],[123,463],[-13,97],[21,125],[-42,227],[129,279],[152,157],[371,91],[13,248]],[[73427,40147],[110,-4],[286,-149],[301,70],[270,-164],[105,20],[11,-24],[-51,-54],[-71,1],[-62,-81],[-87,-315],[10,-54],[-75,-180],[4,-93],[51,-171],[11,-409],[43,-81],[-11,-66],[175,-225],[119,-99],[88,-216],[442,-530],[124,-192],[-8,-68],[73,-136],[96,-405],[73,-101],[-34,-40],[-28,-102],[-15,-425],[50,-48],[29,-120],[92,-10],[249,104],[107,-83]],[[59759,40438],[68,-12],[90,148],[123,-57],[-24,-35],[24,-74],[150,-85],[105,259],[49,41],[15,103],[-27,274],[48,390],[-7,105],[73,180],[115,-79],[156,-364],[116,-98]],[[60833,41134],[185,-204],[54,-169],[138,-153],[258,-107],[74,-202],[105,-57],[284,-47],[140,-216],[2,-100],[37,-33],[381,-134],[58,-87],[91,-50],[151,-16],[100,-114],[62,64],[-23,224],[61,195],[189,135],[198,-51],[76,73],[162,30],[70,214],[51,45],[85,-48],[145,173],[55,121],[34,7],[14,136],[-43,415],[44,108],[62,14],[141,-119],[102,0]],[[64376,41181],[-36,-36],[17,-79],[207,-207],[66,-240],[17,-151],[135,-24],[-43,-182],[30,-328],[-140,-160],[-183,91],[-37,-61],[-41,-165],[-60,-65],[-199,-46],[54,-358],[-38,-71],[-93,-30],[-38,-96],[21,-104],[107,-134],[-22,-105],[6,-56],[95,-93],[113,-302],[-10,-97],[-161,-39],[-1,-179],[-25,-83],[-22,-268],[-17,-9],[11,-57],[52,-115],[88,100],[75,31]],[[64376,41181],[38,68],[29,156],[-8,67],[-54,88],[42,114],[59,31],[130,16],[111,-130],[57,26],[44,-28],[109,89],[123,16],[44,-102],[142,-117],[268,163]],[[65510,41638],[35,-655],[346,70],[152,80],[117,-141],[148,-35],[101,42],[42,-222],[194,-122],[100,-177],[36,9],[28,-125],[116,-148],[52,200],[12,191],[22,13]],[[67011,40618],[196,134],[-78,224],[51,150],[417,-33],[535,-133],[-37,-270],[129,-164],[19,-102],[0,-213],[-31,-57],[-2,-63],[66,-149],[110,-5],[26,-55],[-41,-212],[13,-73],[44,-74],[3,-72],[-22,-58],[32,-40],[-82,-131],[22,-271],[-29,-210],[98,-49],[100,18],[58,59],[8,48],[26,-73],[-1,-80],[-6,-98],[-30,-91],[236,249],[99,42],[29,57],[28,-24],[36,46],[16,-45],[18,44],[-1,-155],[-23,-123],[9,-53],[51,-61],[125,5],[21,-155],[-41,-63],[2,-43],[103,-311],[52,-65],[-17,-107],[25,-68],[53,-44],[-11,-48],[17,-10],[7,-119],[78,-57],[5,-54],[-13,-29],[15,-72],[-17,-35],[32,-147],[7,-178],[32,-125]],[[43550,65273],[-137,-35],[-483,132],[-106,66],[-144,149],[-88,176],[-38,214],[-36,60],[-16,95],[-105,99],[-108,-10],[-10,162],[-31,106],[1,222],[-14,62],[-235,10],[-47,-29],[-26,-70],[-6,-48]],[[41921,66634],[-46,113],[-11,155],[11,359],[57,328],[101,239],[130,169],[202,413],[78,330],[15,-26],[10,79],[-18,19],[17,181]],[[42467,68993],[153,-94],[121,67],[-82,-610],[154,-44],[93,58],[3,-60],[-51,-69],[246,-339],[38,296],[68,23],[-27,-160],[61,-51],[136,-68],[-11,-64],[43,-100],[-85,-108],[-4,-118],[76,-348],[36,-332],[42,-30],[45,-132],[-8,-68],[-30,-32],[-20,-65],[7,-61],[-25,-27],[34,-115],[41,-54],[87,71],[47,6],[291,-405],[12,50],[35,23],[194,-246],[-39,-248]],[[44148,65539],[-114,-52],[-15,-71],[-58,-8],[-87,170],[-96,14],[-73,-183],[-155,-136]],[[38685,43021],[50,-177],[-10,-3],[7,-58],[15,8],[52,-284],[13,6],[8,-266],[56,38],[6,-28],[-33,-77],[26,-203],[31,-53],[-14,-82],[12,-8],[-3,-60],[158,45],[66,-429],[93,-11],[-114,-244],[-31,-115],[-78,-115],[-82,-315],[10,-178],[50,-187],[90,-3],[81,-601],[-125,-79],[-22,-97],[138,96],[18,47],[37,-9],[87,214],[114,135],[87,170],[44,8],[52,-120],[131,-61],[37,-238],[0,-102],[-25,-24],[-2,-98],[16,-44],[239,13],[82,-58],[75,123],[304,-409],[166,-1303],[128,4],[177,-74],[331,181],[60,-24],[-2,-119],[-16,-55],[-107,-341],[-39,-386],[15,-243],[-135,-484],[4,-183],[39,-264]],[[41052,35797],[-255,-246],[-24,-11],[-162,-64],[-30,17],[-29,16],[-69,38],[-30,-17],[-41,-23],[-26,11],[-77,33],[-117,-13],[-58,-6],[-59,68],[-75,-16],[-135,-97],[-227,-10],[-128,-126],[-92,-21],[-39,-9],[-123,-28],[-27,-70],[-27,-68],[-22,-57],[-171,-73],[-5,1],[-147,10],[-57,85],[-82,-107],[-185,-50],[-112,52],[-66,-43],[-109,28],[-196,-130],[-45,-99],[-39,82],[-32,67],[34,189],[-3,324],[13,32],[8,21],[40,100],[-38,186],[-105,52],[-50,98],[-121,95],[-52,42],[-188,42],[-57,140],[-67,168],[-3,6],[-6,13],[-15,33],[-85,16],[-62,11],[-96,-96],[-96,18],[-235,-120],[-64,158],[-107,-47],[-20,-9],[-138,224],[33,19],[77,45],[83,292],[30,42],[149,60],[86,216],[72,385],[84,140],[10,61],[-34,401],[-24,51],[-71,43],[-51,-55],[-69,-74],[-225,268],[39,148],[-5,20],[-9,38],[-73,23],[-59,-60],[-18,42],[84,138],[-109,83],[-22,17],[-23,58],[-71,180],[-8,21],[-29,168],[6,178],[6,153],[45,183],[56,150],[6,14],[37,100],[34,91],[21,57],[22,57],[14,37],[2,31],[12,156],[122,110],[91,496],[57,74],[180,572],[39,110],[36,8],[21,-67],[14,-42],[178,-48],[121,-102],[221,134],[77,146],[79,-4],[34,82],[107,-85],[40,108],[-9,107],[8,25],[96,304],[11,5],[80,35],[124,55],[18,8],[31,14],[249,198],[131,184]],[[73427,40147],[-135,-22],[-101,-114],[-216,-28],[-133,142],[-243,430],[-33,-257],[-46,150],[-24,254],[9,54],[32,13],[0,132],[-90,179],[-92,338],[-125,175],[-86,186],[78,137]],[[72222,41916],[131,114],[364,139],[42,61],[35,137],[55,110],[165,260],[41,16],[18,31],[-5,43],[44,33],[96,177],[29,112],[53,89],[-7,43],[69,161],[-4,34],[44,26],[46,109],[79,87],[129,83],[69,-45],[56,38],[8,-44],[39,-23],[101,74],[87,-60],[59,24],[252,268],[-21,138],[61,-76],[69,15],[98,-64],[85,68],[76,-41],[163,66],[268,-223],[36,-117],[54,10],[-47,-103],[47,-70],[10,-115],[92,-6],[92,-106],[0,-49],[96,101],[8,-67],[26,-15],[89,55],[20,-66],[39,79],[50,-43]],[[75728,43384],[-80,-240],[-29,-150],[36,-142],[120,-167],[83,5],[111,320],[40,-101],[196,-17],[60,-135],[19,118],[79,176],[232,-426],[24,-219],[75,-410],[194,-319],[-11,-15],[51,-217],[5,-156],[-4,-76],[-44,-131],[122,-173],[115,-114],[58,-9],[81,-251],[-17,-38],[155,-226],[46,-120],[139,90],[49,-152],[64,50],[63,-167],[-69,-66],[70,-135],[121,77],[49,-8],[41,64],[-8,-111],[-49,-91],[58,-77],[106,143],[44,-177],[50,-75],[-167,-253],[35,-85],[-56,-46]],[[67011,40618],[9,111],[-70,361],[22,51],[18,-92],[104,106],[-71,194],[31,192],[38,43],[6,77],[49,5],[189,316],[70,271],[121,139],[-34,71],[36,108],[24,158],[50,68],[78,-95],[30,41],[9,87],[28,58],[199,106],[55,180],[2,198],[55,90],[4,104],[21,68],[28,30],[-1,-58],[36,-28],[135,164],[37,-32],[14,31],[-7,90],[31,25],[3,-41],[222,162],[47,1],[-7,-47],[154,2],[21,31],[3,160],[54,152],[73,-57],[252,246],[180,47],[44,245]],[[69403,44757],[120,-69],[65,27],[-14,175],[-29,94],[85,93],[74,-17],[51,75],[20,42],[-7,48],[27,16],[23,77],[-16,16],[3,99],[25,-114],[166,-21],[149,-95],[173,50],[102,128],[118,36],[48,85],[122,-5],[46,-67],[237,-168],[203,-333],[95,-321],[90,-164],[28,-163],[55,-75]],[[71462,44206],[37,-148],[14,-217],[44,-141],[99,-171],[98,-67],[29,-182],[110,-92],[-9,-339],[179,-647],[54,-351],[83,83],[22,-18]],[[65510,41638],[-93,505],[16,258],[-51,34],[-70,538],[-48,779],[-43,58],[-23,190],[-73,26],[-44,70],[-113,493],[44,86],[13,309],[-8,173],[-14,35],[16,49],[-217,164]],[[64802,45405],[-11,184],[101,-32],[71,126],[-5,188],[311,-34],[542,31],[4,-86],[-35,-88],[22,-30],[84,62],[66,-35],[93,21],[-3,-35],[21,3],[-4,42],[20,12],[-9,90],[45,5],[17,-266],[155,155],[594,298],[-7,357],[292,244],[321,-59],[330,54],[52,-50],[24,-80]],[[67893,46482],[350,-302],[239,-152],[126,-141],[79,-35],[12,-14],[-62,-129],[130,-288],[57,39],[10,-70],[61,-48],[18,-124],[30,20],[41,-120],[42,50],[152,-202],[66,-1],[40,160],[27,-24],[74,-133],[18,-211]],[[49062,46516],[71,-227],[75,113],[69,-63],[283,64],[38,-163],[91,-62],[95,-309],[13,11],[27,-108],[-22,-26],[78,-408],[48,-116],[99,106],[63,168],[150,167],[137,-46],[13,342],[106,50],[105,297],[342,106],[239,132],[22,58],[158,122],[148,171],[49,-110],[54,-53],[67,53],[17,-57],[195,-79],[248,67],[225,-164],[180,149],[100,15],[21,-321],[50,-255],[-51,-147]],[[52665,45993],[-109,-92],[-63,-232],[-9,-34],[-7,-25],[-266,-65],[-58,-78],[-8,-25],[-24,-80],[-131,-434],[-7,-22],[-44,-146],[-6,-19],[-60,-198],[-97,-514],[1,-270],[-84,-225],[-138,-120],[-8,-131],[97,-171],[83,-504],[156,4],[135,129],[2,-296],[75,-184],[-112,-329],[-17,-112],[33,-353],[-129,-389],[-32,-259],[-93,-424],[-66,-127],[61,-165],[-37,-320],[4,-462],[73,-223],[-98,-276],[54,-231],[-4,-190],[209,-417],[9,-17],[-22,-57],[-75,20],[-17,-12],[-53,-37],[-144,80],[-179,-72],[-171,126],[-113,-26],[-15,-40],[-64,-169],[-155,-15],[-72,-37],[-279,-212],[-75,10],[-55,-90],[-110,-19],[-115,-159],[-107,40],[-204,-105],[-410,-63],[-177,32],[-38,7]],[[49300,37169],[143,245],[-57,333],[5,169],[-131,300],[-7,82],[2,96],[69,302],[-17,205],[15,123],[51,93],[17,90],[-34,197],[-13,200],[-201,-55],[-273,-154],[-200,-187],[-154,-292],[-47,117],[4,63],[-87,417],[2,109],[-48,279],[-89,219],[-109,193],[-22,67],[-36,281],[-23,-5],[-92,222],[-59,414],[19,127],[-24,26],[-8,97],[-133,172],[-29,151],[-45,109],[-24,141],[0,114],[117,100],[-65,650],[-244,278],[-151,24],[-84,295],[32,81],[60,58],[79,591],[-68,327],[126,69],[177,166],[-62,349]],[[47582,45217],[120,-56],[529,246],[169,-60],[80,34],[495,565],[-16,125],[-44,92],[-54,246],[201,107]],[[75728,43384],[11,114],[-19,343],[22,-17],[9,78],[70,-15],[15,62],[120,-77],[147,11],[32,139],[44,50],[44,120],[96,20],[28,94],[36,5],[48,90],[29,68],[-3,179],[66,80],[147,24],[74,-67],[37,-104],[88,5],[63,211],[204,192],[73,131],[8,111],[-27,74],[-14,130],[88,112]],[[77264,45547],[74,-93],[25,-116],[-14,-173],[23,-85],[96,15],[112,173],[151,42],[77,92],[24,43],[25,194],[33,38],[92,-26],[82,-117],[97,8],[15,24],[5,192],[38,224],[33,42],[125,-5],[115,-126],[87,-9],[48,135],[20,379],[73,105],[123,-45],[-7,-345],[28,-44],[60,19],[52,102],[5,66],[-50,343],[31,170],[-6,117],[24,76],[28,-35],[43,-187],[88,-100],[104,86],[20,196],[50,162],[55,-4],[96,-251],[65,32],[2,102]],[[79531,46963],[110,29],[27,-117],[59,-34],[94,-130],[157,0],[59,-44],[44,-153],[-23,-121],[-1,-103],[64,-105],[45,-199],[-7,-31],[54,-97],[50,-17],[86,-285],[53,67],[7,-160],[46,-161],[37,27],[28,-114],[27,19],[-7,-111],[90,50],[2,-114],[-16,-38],[105,74],[5,-86],[95,50],[-62,-209],[20,-6],[28,-131],[21,-19],[54,-15],[117,57],[-18,37],[259,311],[33,-108],[59,-44],[-6,-79],[53,-162],[17,-172],[76,202],[17,-20],[14,41],[-48,5],[-7,26],[18,25],[-26,70],[47,56],[13,-21],[137,262],[43,-68],[126,-85],[70,67],[-16,153],[13,330],[98,188],[56,300],[61,84],[-15,232],[167,149],[81,184],[40,15],[-37,31],[3,74],[-35,-18],[-29,100],[-1,65],[139,101],[-9,57],[46,23],[14,-46],[18,10],[8,-115],[55,16],[-3,46],[114,16],[207,-1086],[68,-29],[9,-35],[-20,-28],[4,-40],[25,5],[18,-123],[99,-41],[87,140],[55,28],[24,-28],[34,-65],[-10,-69],[112,-151],[19,-135],[61,-72],[53,-130],[146,-471],[-138,-113],[-65,-100],[16,-155],[-36,-120],[153,-147],[74,-131],[12,-148],[-19,-48],[0,-164],[56,-92],[41,-8],[7,-43],[-95,-42],[70,-341],[181,74],[69,86],[13,-31],[130,59],[66,-42],[0,-90],[24,-89],[145,56],[21,-56],[-41,-14],[17,-57],[33,53],[171,-122]],[[84540,42919],[0,-1],[-4,-10],[-48,-113],[-8,-67],[-3,-10],[-5,-8],[40,-79],[10,2],[2,-16],[11,2],[30,-203],[20,-1],[11,-1],[53,-40],[2,-1],[2,5],[17,16],[4,-16],[62,-108],[10,-20],[21,-49],[38,-91],[33,-54],[5,-11],[14,-86],[55,-233],[-69,-47],[26,-85],[-1,-29],[0,-3],[-28,-34],[-4,6],[-54,-54],[2,-18],[-5,-5],[-54,-15],[2,-33],[-26,-45],[-2,-4],[4,-16],[7,-60],[-4,-3],[6,-15],[1,-7],[-37,-68],[-9,-2],[-38,-37],[-61,-110],[-44,-51],[1,-18],[16,-20],[2,-11],[0,-1],[-7,-17],[22,-27],[18,-55],[-11,-83],[6,-27],[14,-30],[11,-73],[2,-12],[15,-59],[-6,-25],[22,-98],[-180,-95],[1,-8],[-5,-3],[10,-27],[3,-46],[-60,-38],[-2,-1],[27,-243],[-51,-26],[-25,-26],[-86,-100],[-102,-106],[-3,-4],[-11,3],[-11,-32],[-33,-46],[-8,19],[-1,23],[-15,7],[0,23],[-17,-15],[-32,-1],[2,-21],[-8,-6],[-31,-13],[-29,4],[-64,-24],[-38,-36],[13,-49],[-10,-16],[-27,-41],[-61,-58],[-2,-2],[24,-70],[-67,0],[-1,-4],[-49,5],[-3,5],[-2,-5],[-41,3],[-2,3],[-3,3],[-5,-10],[-45,-34],[-1,-1],[-1,2],[-11,-17],[-22,-28],[-35,-33],[-22,-38],[-1,-3],[-2,-3],[3,-13],[9,-107],[0,-1],[-1,0],[14,-116],[3,-26],[31,-162],[32,-101],[-18,-33],[-33,-21],[4,-17],[10,-107],[0,0],[-2,-3],[23,-51],[1,-78],[-28,-76],[4,-48],[53,-171],[24,-72],[30,-18],[79,-91],[18,-31],[111,-317],[10,-35],[2,1],[1,-5],[131,19],[38,-45],[25,-37],[15,-12],[3,-4],[-24,-41],[-5,-31],[2,-22],[0,-2],[-10,-132],[3,-30],[-4,-127],[20,-22],[-11,-59],[-16,-65],[-2,-8],[-4,4],[-22,-111],[-6,-13],[-94,-184],[-11,13],[-28,-90],[-49,-93],[-10,-12],[-29,1],[-10,0],[-33,8],[-94,-61],[-14,1],[-105,-112],[4,-20],[2,-12],[-4,-25],[-17,-57],[-29,3],[-52,19],[-18,-14],[-23,1],[-6,9],[-57,3],[-23,-33],[-53,-112],[11,-61],[-23,-140],[-11,-28],[28,-128],[8,-10],[-9,-69],[-12,-29],[9,-8],[-3,-15],[4,-11],[1,-1],[-12,-19],[-14,-16],[-16,-20],[-59,-70],[-12,9],[-63,42],[-32,21],[-55,-31],[-2,-1],[-21,-1],[-11,18],[-114,195],[-118,-126],[-21,-17],[3,-84],[8,-37],[-4,-38],[-53,-18],[-12,-8],[-33,-13],[-18,-7],[-34,-14],[-6,-1],[-25,46],[-10,-11],[-28,49],[-2,-3],[0,1],[-23,14],[-56,36],[-96,-94],[-57,-53],[18,-102],[43,-129],[-53,-51],[-4,9],[-42,-53],[7,-24],[19,-143],[0,0],[-2,-4],[3,-35],[-5,-11],[16,-37],[0,-3],[-31,-63],[-49,-60],[-11,-28],[-7,-17],[-10,-23],[3,-11],[-4,-18],[-6,-29],[-16,-20],[28,-264],[41,30],[-3,-69],[13,-56],[2,-8],[-25,-14],[-16,-8],[59,-231],[9,-75],[19,-151],[8,-56],[-58,-2],[-3,-25],[-2,-12],[-11,-4],[0,-33],[-59,-4],[3,-23],[-21,-242],[1,-5],[-1,-2],[12,-28],[6,-18],[6,-24],[8,-35],[-24,-6],[-32,1],[-27,-15],[-53,-14],[-51,12],[-9,2],[2,-28],[-12,-3],[9,-35],[-2,-37],[-5,-97],[7,-34],[3,-25],[-4,-6],[-4,-5],[-4,-20],[-4,-20],[0,-28],[4,0],[-40,-272],[-13,-14],[7,-12],[2,-32],[-2,-25],[2,-111],[-6,-76],[-2,-13],[-9,-68],[-12,-24],[-8,-82],[-6,-10],[13,-2],[86,-114],[-9,-28],[-60,-52],[-237,-208],[-138,-190]],[[60833,41134],[152,294],[244,143],[103,261],[-15,187],[56,9],[140,162],[173,104],[63,251],[-6,122],[-40,100],[5,188],[120,-60],[84,202],[39,25],[18,192],[60,-9],[-33,339],[52,151],[-76,114],[5,26],[-94,79],[0,59],[13,83],[123,-40],[133,-169],[63,197],[4,196],[-159,87],[-49,68],[-12,81],[29,195],[-31,145],[68,385],[44,96],[-14,77],[12,37],[-32,113],[-17,175],[127,325],[-4,309],[51,241],[41,431],[89,489]],[[62362,47594],[85,-8],[-76,-313],[61,-105],[-39,-194],[-183,-539],[26,-190],[94,-129],[84,-276],[18,12],[8,-81],[25,-14],[-20,-50],[42,-101],[-20,-22],[60,-253],[297,140],[5,-73],[413,66],[712,350],[64,-150],[218,85],[36,-88],[-5,-144],[83,-28],[-4,-76],[361,23],[95,-31]],[[45843,48840],[-212,-270],[-105,-99],[-105,20],[-79,78],[-130,-88],[-32,-7],[-40,-32],[-42,-15],[-60,10],[-27,14],[-22,-4],[-11,-124],[-65,-172],[-62,-60],[-63,54],[-113,-36],[-110,-134],[-177,-58],[-86,183],[-80,-87],[-82,-192],[-111,-133],[-35,-4],[-111,-180],[-67,48],[-4,36],[-43,-34],[-52,27]],[[43717,47581],[-65,94],[-1,103],[-47,152],[-83,82],[13,84],[-135,35],[-32,298],[-115,137],[117,528],[-44,369],[-58,205],[-112,218],[-139,-19],[-11,295],[-257,60],[-31,-34],[-55,329],[54,61],[-37,144],[-67,490],[182,186],[92,7],[31,65],[125,38],[257,358],[37,33],[95,69],[37,1],[28,42],[25,132],[48,65],[36,140],[-25,87],[-8,149],[5,90],[-3,242],[-116,29],[-44,83],[61,174],[4,79],[-35,-7],[-62,175],[74,181],[28,1],[-21,44],[20,47],[-9,197],[14,26],[-35,49],[11,227],[-28,52],[8,54],[34,17],[-3,68],[34,-24],[-1,52],[52,-64],[96,71],[-101,288],[18,53],[47,25],[-21,97],[-55,40],[-15,109],[32,42],[-14,104],[76,47],[0,37],[-43,24],[-1,63],[101,31],[5,204],[27,9],[-2,49],[-41,-9],[7,101],[59,134],[-7,38],[-214,13]],[[43514,55946],[59,274],[8,213],[309,-187],[65,-3],[67,24],[41,81],[29,144],[74,2],[11,44],[51,-58],[111,-28],[-66,-224],[14,-253],[28,36],[184,-208],[51,-141],[101,130],[51,-121],[114,-66],[50,-133],[91,225],[171,0],[186,-248],[282,-71],[7,-168],[78,-256],[-9,-251],[150,-48],[179,95]],[[46001,54750],[141,-718],[75,-106],[10,-115],[130,-286],[23,35],[76,-87],[83,66],[22,-24],[97,84],[53,110],[121,128],[103,68],[80,-13],[-138,-533],[20,-847],[-99,-100],[-100,-10],[-109,-235],[-19,-270],[-169,-178],[6,-400],[-24,-13],[34,-123],[-63,-31],[-170,-339],[32,-407],[27,-88],[-62,-40],[-46,-243],[-109,-166],[-33,-149],[19,-55],[-33,-62],[-14,-112],[36,-37],[-7,-81],[-99,-149],[-57,-234],[5,-150]],[[38685,43021],[141,198],[124,487],[-27,160],[-7,42],[-8,47],[-57,337],[-58,173],[-7,136],[-7,133],[-4,1],[-106,36],[-88,131],[-23,52],[-79,446],[-103,169],[-108,-53],[-96,201],[-23,46],[-33,123],[1,64],[40,62],[129,203],[-9,15],[-42,66],[-226,80],[-20,53],[4,23],[5,27],[15,76],[168,454],[-30,108],[23,333],[-25,84],[-4,11],[-15,50]],[[38130,47595],[24,43],[9,-10],[11,19],[18,-4],[2,-26],[24,14],[8,21],[31,26],[16,-27],[21,8],[26,0],[17,-22],[53,-64],[63,80],[46,15],[56,-89],[191,15],[104,72],[112,212],[129,109],[85,-173],[75,65],[11,-48],[59,5],[59,92],[118,2],[57,74],[53,16],[39,-111],[49,43],[49,-47],[57,82],[28,-5],[67,-222],[182,-273],[59,1],[23,-49],[104,105],[85,-48],[33,-117]],[[40383,47379],[65,-81],[82,-36],[65,43],[176,-1],[63,80],[163,-43],[54,-77],[66,-24],[34,6],[56,107],[70,31],[43,67],[80,21],[99,-43],[91,14],[129,-73],[304,16],[42,-825],[8,-1372],[54,11],[63,-83],[5,-76],[-23,-81],[72,-50],[4,-68],[-159,-103],[256,-149],[225,-64],[479,513],[-9,305],[11,122],[-23,296],[71,54],[34,196],[-28,341],[57,52],[154,-38]],[[43316,46367],[58,-429],[36,-427],[7,-173],[-14,-100],[49,-241],[0,-263],[71,-329],[-13,-136],[-32,-123],[-14,-152],[6,-138],[-56,-511],[49,-374],[86,-38],[-4,-116],[-33,-38],[53,-169],[-96,-266],[22,-29],[-90,-185],[9,-82],[47,-49],[54,-139],[211,258],[29,-73],[-27,-129],[9,-27],[126,116],[87,-342],[-23,-236],[-24,-2],[-32,-382],[63,23],[5,-181],[28,-95],[-4,-79],[21,-122],[-7,-260],[143,-1168],[3,-368],[-60,-473],[4,-177],[25,-124],[90,-189],[64,-508],[100,-360],[315,-775],[43,-159],[210,-945],[-1,-84],[56,-283],[-5,-65],[-120,-298],[-25,-151],[-215,-410]],[[44600,33792],[-417,423],[-84,-21],[-324,170],[-53,-27],[-16,-8],[-41,-21],[-114,26],[-94,-97],[-36,24],[-14,46],[-20,64],[-41,38],[-113,104],[-81,260],[-33,-90],[-212,-139],[-132,42],[-54,17],[-74,24],[-379,-27],[-42,109],[-86,221],[-6,11],[-74,137],[-74,139],[-107,200],[-33,37],[-186,-61],[-135,35],[-175,171],[-87,85],[-85,194],[-30,41],[-37,-3],[-42,-104],[-17,-15]],[[49300,37169],[-76,14],[-253,-157],[-187,-53],[-159,-176],[-67,-66],[4,-246],[-43,-179],[-58,-79],[-169,-265],[-198,-81],[-124,-52],[-148,-2],[-176,74],[-56,-211],[-138,-227],[-30,-50],[-23,-39],[-45,-74],[17,-121],[-173,-431],[-32,-259],[-173,34],[-66,-71],[-117,-264],[-183,52],[-170,48],[-99,28],[-258,-186],[-151,124],[-977,-799],[-158,332],[-150,-17],[-37,-4],[-27,26]],[[43316,46367],[-25,79],[7,106],[70,287],[89,192],[112,134],[28,109],[25,231],[95,76]],[[45843,48840],[30,42],[267,-209],[59,-294],[5,-590],[41,-187],[47,-9],[341,-852],[191,-78],[433,236],[325,-1682]],[[71462,44206],[216,432],[-68,745],[76,151],[97,460],[45,316],[49,115],[91,389],[243,270],[267,-182],[115,7],[176,-168],[23,55],[14,146],[38,79],[18,115],[35,51],[48,19],[80,-137],[97,3],[94,75],[179,347],[34,117],[-7,110],[-38,153],[-100,126],[-47,160],[7,60],[-17,65],[-11,294],[25,205],[-38,78],[-3,104],[-62,297],[-94,186],[-12,66],[120,169],[256,65]],[[73408,49749],[270,-209],[-14,-226],[205,-331],[61,-198],[45,-40],[65,-131],[178,-94],[-6,-22],[53,-54],[82,262],[101,182],[51,20],[129,14],[285,-63],[98,39],[126,-100],[-1,-57],[90,-54],[56,26],[-18,-58],[29,4],[42,-112],[-93,-192],[158,-58],[-29,-83],[27,-68],[-23,-207],[167,-265],[211,275],[83,34],[18,35],[3,84],[67,107],[37,206],[31,33],[-59,161],[134,90],[-1,30],[118,176],[-6,-237],[18,-339],[143,130],[8,-34],[111,120],[-36,-198],[89,-225],[76,-346],[196,119],[79,-328],[20,-171],[70,18],[4,-114],[59,-250],[-22,-10],[17,-164],[71,-104],[-92,-222],[-14,-132],[13,-77],[111,-150],[50,-149],[-16,-73],[14,-65],[70,-119],[47,-238]],[[56064,41485],[1,69],[-22,196],[-62,62],[-173,-19],[-86,106],[-71,239],[73,378],[-6,66],[-63,153],[-150,33],[-60,78],[-16,55],[83,250],[-24,46],[92,96],[303,34],[11,1],[66,8],[40,216],[12,65],[18,95],[70,381],[-3,27],[-56,409],[151,25],[19,101],[-132,554],[-121,130],[18,34],[14,24],[41,77],[75,21],[162,183],[43,173],[29,55],[14,29],[212,-134],[67,-167],[-37,-320],[195,-317],[140,-80],[32,171],[57,309],[4,18],[-54,96],[-150,63],[-7,57],[58,249],[10,203],[86,304],[-14,182],[-25,105],[-8,36],[-124,523],[-4,15],[-2,8],[14,58],[28,119],[66,276],[8,32],[198,185],[2,135],[1,68],[0,19],[0,48],[181,-65],[61,107],[9,17],[112,193],[104,48],[47,186],[-41,180],[-22,48],[-194,-13],[-88,38],[-88,39],[2,15],[27,173],[-30,128],[-15,62],[-28,121],[19,120],[-21,20],[-32,31],[26,127],[-28,53],[-28,52],[-16,29]],[[57064,49905],[46,-3],[72,-26],[111,212],[92,-42],[73,85],[66,20],[32,67],[-1,136],[89,130],[244,64],[126,-48],[50,81],[61,223],[61,-40],[68,-161],[119,152],[52,-56],[-57,-135],[-4,-180],[87,6],[36,-401],[3,-347],[197,-50],[-42,-302],[2,-108],[283,-166],[224,-351],[128,-107],[6,-69],[61,98],[-91,629],[-24,78],[25,19],[-29,137],[-15,240],[440,338],[216,36],[15,-95],[66,43],[16,73],[159,-26],[409,143],[-4,-89],[-34,-111],[6,-71],[66,-199],[28,4],[65,-365],[22,-13],[27,-130],[16,47],[67,-1],[82,-128],[58,-161],[35,0],[62,-251],[169,-132],[209,-297],[46,-24],[49,154],[115,161],[88,211],[249,435],[38,-30],[10,-68],[187,-32],[121,-232],[23,-125],[44,-41],[-7,-40],[42,-196],[73,-13],[88,63]],[[62576,48528],[207,-644],[-91,-245],[-104,91],[-219,404],[-23,-50],[-14,-139],[30,-351]],[[67893,46482],[96,185],[60,37],[26,61],[16,80],[-33,42],[1,116],[22,151],[-151,343],[-55,-99],[-120,270],[-63,232],[-59,102],[-141,-119],[-9,40],[-30,-17],[-111,340],[-22,198],[358,320],[276,322],[102,-236],[65,54],[71,169],[-5,202],[130,90],[-4,28],[70,64],[42,-31],[37,51],[25,114],[-71,153],[-4,56],[45,92],[-7,86],[-29,81],[-63,56],[-55,-59],[-100,43],[144,198],[46,5]],[[68393,50302],[224,-93],[222,116],[166,-44],[34,-71],[167,198],[257,105],[43,233],[-160,6],[-59,182],[73,135],[90,5],[60,127],[-11,89],[32,81],[106,106],[34,221],[35,108],[62,-86],[20,31],[20,-31],[83,12],[-42,-70],[23,-19],[126,137],[-11,352],[36,158],[22,229],[92,36],[5,49],[27,-6],[4,57],[168,65],[217,261],[-3,40],[102,69],[7,79],[91,148],[56,26],[62,92],[-11,-189],[127,37],[-3,-83],[25,-44],[88,84],[32,-167],[41,-88],[33,57],[80,-73],[71,6],[-1,-41],[-65,-62],[31,-93],[18,-186],[43,-99],[139,-108],[21,-178],[-65,-30],[-54,-105],[17,-9],[11,-124],[30,-54],[-40,-192],[76,-128],[-63,-231],[-40,-337],[-73,-156],[175,-78],[113,26],[-9,135],[100,39],[79,112],[94,145],[-21,89],[383,321],[92,190],[110,16],[45,-126],[59,3],[24,-43],[141,-414],[48,74],[148,-285],[-34,-80],[191,-752],[201,-12],[185,58]],[[73465,50260],[54,-78],[79,-219],[-54,-110],[-136,-104]],[[49062,46516],[-31,106],[-154,973],[-74,114],[575,551],[-18,91],[83,164],[-50,69],[95,229],[45,233],[-53,203],[256,327],[288,224],[79,20],[58,-76],[113,121],[25,-22],[119,86],[117,-93],[162,3],[119,125],[57,15],[95,124],[52,-8],[-8,36],[38,38],[91,9],[30,64],[206,-311],[96,-26],[88,-109],[91,-237],[93,-100],[3,-62],[32,-12],[15,-67],[73,-56],[74,6],[11,148],[20,45],[86,32],[103,140],[186,75],[182,-40],[394,332],[-6,629],[-216,117],[-16,198],[-166,553],[104,1004],[-238,104],[68,221],[-44,75],[56,17],[97,108],[-61,229]],[[52502,53255],[148,173],[232,13],[9,104],[-21,22],[185,637],[152,-67],[117,24],[56,-115],[83,-90],[143,-28],[27,-191],[65,-134],[-18,-97],[12,-10],[41,10],[45,79],[1,94],[40,92],[20,-49],[9,-142],[38,-56],[94,170],[51,-10],[3,-99],[-20,-126],[12,-78],[31,-44],[152,8],[31,25],[-8,39],[36,62],[18,97],[78,-30]],[[54364,53538],[-10,-108],[28,-147],[15,-328],[57,-231],[-11,-188],[22,-67],[-6,-87],[73,12],[146,-140],[2,-45],[68,-9],[76,-180],[70,-221],[-7,-31],[-472,-496],[-94,-166],[-89,-97],[-279,-164],[-250,165],[-127,-475],[77,-69],[61,-133],[201,-170],[67,-315],[59,-151],[747,-138],[26,-21]],[[54814,49538],[-8,-9],[-285,-332],[-16,-18],[-169,-198],[-217,-123],[-30,-27],[-61,-57],[-91,-83],[-87,-80],[5,-188],[-185,-940],[-227,47],[41,-123],[4,-12],[31,-89],[8,-25],[54,-159],[-2,-24],[-3,-28],[-12,-113],[-4,-44],[-15,-146],[-2,-17],[-2,-19],[-260,-219],[-77,-65],[-539,-454]],[[38130,47595],[-20,69],[-7,24],[-47,162],[-37,125],[67,317],[11,54],[-4,6],[-108,173],[-65,-17],[-432,-118],[-575,146],[-29,-20],[-42,-451],[-54,-58],[-266,32],[-37,18],[-149,105],[-5,3],[-71,50],[-64,44],[-96,197],[-71,36],[133,409],[65,110],[45,75],[-1,182],[0,80],[76,449],[243,431],[109,53],[91,210],[41,232],[4,24],[-17,195],[3,377],[-186,92],[0,47],[82,447],[142,283],[1,66],[4,269],[31,123],[-5,28],[-33,193],[-5,30],[101,-41],[1,45],[9,563],[2,133],[-163,282],[-60,105],[7,249],[-49,229],[72,-37],[100,85],[24,6],[217,63],[14,4]],[[37127,54583],[140,-12],[1,30],[43,17],[328,-125],[54,-88],[468,-301],[66,32],[16,-53],[81,37],[92,-17],[-58,-203],[13,-177],[-59,-291],[-69,-44],[-83,-123],[23,-53],[84,11],[103,-53],[115,-112],[9,-30],[-39,-196],[32,-72],[4,-385],[102,76],[59,-182],[256,277],[270,12],[-96,-87],[-20,-193],[-56,-227],[1,-183],[157,-78],[19,30],[162,-256],[142,-70],[75,-128],[64,-154],[126,-199],[195,21],[179,-196],[45,-3],[-1,-113],[24,-24],[20,-47],[60,-50],[42,-24],[15,-52],[-18,-96],[20,-44],[30,-6],[100,-74]],[[40463,50305],[56,-53],[22,-56],[-25,-269],[32,-33],[70,29],[51,-52],[31,-101],[83,-82],[98,-40],[-24,-159],[11,-193],[-23,-91],[1,-234],[56,-293],[66,-173],[34,-27],[4,-158],[-112,-68],[15,-62],[-15,-10],[0,-84],[-159,-67],[38,-30],[8,-194],[-16,-29],[3,-81],[-173,-170],[39,-67],[-13,-52],[-238,-27]],[[73465,50260],[125,32],[66,102],[30,193],[98,92]],[[73784,50679],[59,16],[54,50],[27,14],[101,151],[75,11],[33,37],[-23,89],[1,85],[26,166],[28,38],[4,115],[50,118],[25,173],[50,101],[159,132],[95,149],[91,61],[85,-24],[9,44],[135,24],[102,52],[70,89],[209,-8],[51,74],[156,73],[57,-30],[150,193],[10,266],[-10,122],[40,107],[-81,240],[187,6],[-1,-66],[115,-15],[145,-164],[29,74],[82,34],[-26,-87],[10,-54],[48,92],[92,34],[115,198],[10,-43],[44,23],[-14,-38],[50,-132],[41,0],[160,221],[141,57],[101,100],[47,122],[10,116],[69,163],[78,65],[164,255],[31,232],[93,63],[81,131],[112,-69],[33,92],[18,158]],[[77687,54975],[37,112],[28,-15],[21,59],[22,85],[-23,28],[23,58],[182,151],[12,-227],[27,-55],[28,19],[33,-82],[20,44],[65,-60],[14,62],[41,8],[-29,123],[14,146],[34,77],[77,-149],[55,61],[171,18],[110,-77],[122,-189],[120,-48],[253,236],[141,33],[176,32],[508,-63],[149,183],[303,230]],[[80421,55775],[117,-355],[-22,-14],[-42,-139],[54,-42],[2,-44],[121,-55],[294,-299],[11,-59],[-13,-197],[38,-158],[30,-40],[-2,-184],[13,-5],[-58,-172],[-23,-155],[43,-16],[4,-71],[60,-99],[188,-91],[133,-164],[25,-149],[-52,-154],[-8,-114],[15,-91],[-531,-294],[-90,-116],[-114,-54],[-25,231],[11,25],[-11,34],[9,137],[-30,185],[12,73],[-12,153],[17,78],[-82,248],[-84,-167],[-90,-52],[-150,15],[-89,-78],[-95,-301],[-31,-218],[-112,-342],[-71,-177],[-64,-94],[23,-73],[-20,-70],[-55,-62],[-5,-53],[22,-26],[-4,-31],[-110,24],[-144,-91],[-82,-99],[-94,3],[-11,-103],[55,28],[6,-34],[-18,-12],[38,-135],[-58,-55],[2,40],[-90,52],[19,-38],[-74,-19],[-58,-119],[-18,16],[-28,-157],[-83,-88],[-65,-199],[68,-27],[123,-365],[-23,-53],[-106,-44],[-2,-43],[59,-174],[-5,-113],[-170,-315],[-4,-116],[123,-252],[45,-23],[28,54],[-80,128],[-25,139],[55,196],[41,54],[58,-10],[22,-41],[-1,-164],[50,-101],[122,200],[65,48],[58,-4],[66,-148],[46,-556],[-31,-251],[-32,-50],[-53,16],[-32,236],[-62,117],[-77,-35],[-28,-104],[7,-90],[115,-188],[17,-193],[31,-40],[141,103],[87,-77],[-4,-73],[-39,-46],[-7,-50],[29,-68],[-29,-330],[22,-193],[-34,-96],[-142,-38],[-16,-83],[37,-386],[153,-281]],[[46001,54750],[257,239],[73,143],[144,30],[6,85],[166,-18],[66,39],[12,61],[-35,137],[56,69],[-5,63],[132,156],[162,-99],[-1,29],[357,60],[165,86],[8,-303],[75,-135]],[[47639,55392],[345,-654],[2,-79],[30,-3],[-44,-67],[71,-329],[222,135],[9,-23],[42,121],[91,42],[94,-74],[240,54],[37,43],[-1,158],[91,12],[4,-138],[151,-124],[275,16],[94,84],[60,145],[183,10],[243,95],[81,-99],[14,-74],[332,-158],[65,58],[116,-25],[96,122],[58,-112],[37,12],[203,238],[111,45],[46,-167],[29,23],[101,-169],[51,-11],[0,68],[119,37],[8,-131],[97,-143],[96,48],[79,-13],[61,-92],[22,-144],[52,-38],[27,16],[52,158],[106,-18],[-5,54],[-66,143],[-4,90],[80,217],[86,-51],[154,41],[40,-117],[-79,-146],[59,-144],[57,-38],[78,-215],[5,-80],[-47,-119],[23,-120],[43,-69],[202,-124],[-95,-258],[34,-56]],[[80421,55775],[118,140],[132,69],[313,-38],[95,102],[10,53],[58,81],[95,-8],[414,-335],[194,-125],[153,-32],[114,-91],[1,-101],[49,-23],[48,-103],[35,-14],[43,-230],[117,-194],[69,-46],[114,52],[233,-9]],[[82826,54923],[-8,-124],[147,-65],[-3,-256],[-213,69],[-86,-16],[-7,-352],[223,-134],[-18,-79],[19,-50],[-12,-31],[-89,41],[-66,121],[-79,-69],[-14,-59],[111,-314],[140,-109],[75,-143],[53,-203],[51,-71],[60,-21],[76,-120],[-62,-55],[6,-123],[53,-78],[48,-188],[38,-50],[241,-678],[77,-492],[131,-285],[17,-18],[42,84],[18,-29],[73,-253],[76,-173],[62,-250],[19,-135],[-37,-244],[32,-161],[30,-51],[-104,-51],[36,-163],[-29,-18],[17,-31],[-126,-182],[34,-136],[-75,-67],[2,-58],[-70,-166],[52,-1],[65,109],[87,73],[10,-58],[42,21],[39,92],[32,10],[72,-41],[67,-237],[25,14],[15,113],[-51,173],[39,-11],[-23,69],[108,-52],[75,-134],[37,-142],[48,-229],[-9,-68],[73,15],[70,-49],[-15,94],[180,-55],[76,-386],[41,-33],[90,-363],[53,-45],[41,-189],[70,-164],[-59,-59],[43,-97],[72,-24],[70,-84],[7,-62],[78,-97],[19,-119],[-7,-52],[38,-31],[25,51],[94,-221],[99,148]],[[85623,46766],[1,-151],[-7,-80],[8,-279],[-10,-69],[-16,-114],[4,-149],[-72,-139],[-9,-44],[-39,-157],[-28,-86],[-26,-167],[-53,-223],[24,-362],[-2,-136],[9,-148],[-5,-120],[-3,-51],[-6,-39],[-8,-33],[-57,-89],[-46,-51],[-13,-25],[-5,-26],[-2,-2],[-4,28],[-1,20],[-31,-10],[-62,-20],[-168,-104],[-135,-119],[-8,-8],[-2,-3],[1,-32],[-2,-71],[-70,-122],[-2,-1],[-1,-1],[-16,-12],[-92,-69],[-16,-7],[-63,-182],[-14,-59],[-16,-67],[-3,-17],[-4,-12],[-4,-36],[-8,-49],[-2,-33],[-2,-16],[0,-14],[-2,-54],[5,-37]],[[62576,48528],[163,0],[162,134],[-60,670],[-49,128],[-102,152],[6,133],[-59,171],[-76,30],[-45,76],[-54,296],[65,90],[-58,173],[14,27],[-119,159],[-62,0],[-66,153],[-113,-29],[-25,54],[16,66],[-17,32],[-29,212],[97,38],[307,378],[66,10],[51,-77],[-50,-39],[22,-79],[42,-108],[56,-46],[2,-94],[28,-4],[29,-136],[-38,-47],[4,-35],[47,-123],[-34,-104],[44,-57],[56,53],[203,-180],[53,-15],[43,50],[54,-43],[114,167],[169,71],[121,-43],[63,-127],[43,114],[-69,324],[61,33],[-58,117],[92,154],[-48,103],[-16,87],[251,284],[-33,243],[-6,188],[-44,166],[8,101],[-41,31],[43,115],[-154,287],[-128,-154],[-88,65],[-11,44],[14,54],[-35,115],[-3,151],[-99,63],[-114,217],[-191,-193],[-136,-91],[-191,-66],[-62,54],[53,27],[46,119],[130,134],[29,157],[-30,52],[8,97],[-51,149],[14,245],[128,102],[21,72],[60,70]],[[63010,54495],[56,41],[43,-56],[39,-117],[17,12],[18,-59],[15,20],[29,-76],[45,25],[7,-137],[43,-57],[51,0],[-6,44],[-76,102],[238,121],[804,47],[81,37],[203,222],[188,334],[83,80],[-16,456],[124,71],[44,115],[72,19],[126,250],[97,135],[25,80],[118,138],[12,-60],[103,-97],[79,-145],[651,59],[6,-76],[46,-27],[54,34],[97,-33],[77,-559],[52,-195]],[[66655,55243],[-61,-26],[-19,-29],[16,-31],[-97,-62],[-7,-85],[-166,-262],[-11,-104],[87,36],[162,-28],[178,-133],[279,56],[45,-284],[32,-89],[184,-304],[141,-163],[-224,-365],[-107,-268],[155,-96],[65,-122],[125,204],[79,-120],[-15,-32],[21,-33],[-13,-142],[-181,-287],[93,-204],[68,-80],[84,-216],[65,-89],[60,-238],[146,-418],[143,-205],[29,-359],[45,-26],[-11,-51],[107,-245],[84,-45],[111,41],[46,-37]],[[71278,72204],[337,305],[127,-11],[53,-115],[102,-43],[210,100],[-2,160],[87,392],[307,314],[-96,377],[56,43],[-13,44],[43,37],[-21,58],[96,109],[-29,92],[318,404],[70,137],[-48,219]],[[72875,74826],[117,23],[82,-32],[95,53],[19,-33],[123,97],[101,12],[18,-74],[-28,8],[-18,-48],[47,-203],[49,-84],[47,-301],[-4,-398],[70,-17],[115,-143],[37,42],[55,-103],[73,118],[47,-100],[78,49],[115,160],[56,-142],[-8,-148],[71,-105],[17,-68],[82,-69],[201,49],[150,-110]],[[74682,73259],[19,-105],[-5,-155],[18,-147],[151,-333],[103,162],[96,70],[49,98],[45,-13],[82,-121],[105,42],[20,-76],[164,-184],[-16,-102],[57,-237],[-56,-56],[22,-73],[-76,-111],[-15,-208],[21,-63],[-145,-131],[-106,45],[-115,-79],[-70,62],[-65,-31],[-101,-239],[-108,-75],[35,-223],[44,-77],[15,-82],[-21,-85],[4,-62],[50,-113]],[[74883,70557],[-300,-114],[-22,-20],[-66,-231],[-31,5],[-25,-56],[-122,-2],[-53,-88],[-17,-78],[-61,-75],[-90,-12],[-147,-138],[-65,-19],[-37,-137],[-41,-68],[-21,22],[-32,-87],[-74,-51],[-37,-126],[11,-13],[-25,-40],[-37,17],[-92,184],[-199,-23],[-23,99],[49,84],[63,25],[-88,123],[-17,123],[-128,118],[15,187],[50,62],[2,45],[-195,-99],[-142,49],[-208,260],[1,86],[46,44],[-179,357],[-195,6]],[[72351,70976],[-54,200],[49,117],[-54,201],[-1,53],[40,39],[-125,299],[-44,204],[-236,-123],[-648,238]],[[40463,50305],[-33,84],[9,67],[25,81],[49,26],[4,41],[36,10],[39,119],[-86,114],[16,76],[35,14],[208,93],[38,118],[29,-25],[8,43],[147,-56],[-11,79],[9,71],[-22,74],[10,114],[-15,4],[-32,299],[-210,-2],[-88,37],[-5,91],[99,427],[91,282],[-248,85],[11,319],[83,186],[-34,558],[250,187],[355,131],[220,-161],[39,28],[83,-59],[156,85],[93,155],[-10,87],[65,39],[8,50],[78,74],[37,332],[-29,48],[100,286],[66,100],[20,65],[13,165],[-27,112],[7,62]],[[42149,55520],[40,101],[-12,75],[12,33],[90,101],[107,256],[150,126],[30,78],[-7,16],[18,104],[20,38],[85,112],[9,53],[49,54],[16,75],[51,-52],[66,-6],[49,-61],[11,-83],[73,38],[7,-40],[10,-97],[81,6],[1,-63],[222,45],[38,-155],[-17,-117],[41,-128],[84,-8],[41,-75]],[[54364,53538],[48,-39],[31,31],[12,140],[-75,124],[10,46],[35,35],[25,-105],[111,-30],[15,35],[-15,121],[-53,-42],[-89,212],[-220,116],[-118,435]],[[54081,54617],[56,221],[164,61],[201,279],[-20,62],[4,34],[26,-12],[-3,62],[-26,124],[39,6],[-24,123],[154,254],[33,5],[58,149],[-49,223],[60,23],[-25,224],[318,-19],[27,-231],[32,-19],[71,-243],[53,-278],[-20,-343],[180,23],[13,-30],[-24,-53],[31,-73],[59,82],[40,-92],[60,98],[77,32],[-17,-96],[72,29],[38,-81],[102,-99],[452,439],[250,839],[-32,187],[250,-78],[143,17],[49,223],[168,101],[34,135],[57,89]],[[57212,57014],[74,35],[76,-106],[358,-92],[-39,-58],[-133,-61],[-22,-74],[6,-80],[-95,-92],[-48,-106],[12,-159],[-23,-227],[0,-211],[25,-181],[88,-331],[7,-123],[-14,-71],[-128,-235],[-289,-98],[-121,-128],[-44,-135],[-48,-304],[37,-22],[-10,-84],[41,-2],[1,-150],[30,-30],[-33,-149],[-90,-152],[29,-72],[-26,-194],[-102,-25],[-144,-188],[-61,-226],[23,-15],[9,-156],[-50,-70],[-55,-152],[-24,-163],[195,-63],[-38,-252]],[[56586,52012],[-74,-8],[-22,45],[-71,-21],[11,-69],[-52,-162],[75,1],[12,-57],[106,-32],[-34,-277],[41,-124],[-6,-75],[-51,13],[-55,-54],[113,-208],[-28,-161],[73,-27],[281,-545],[16,-110],[-14,-146],[16,-42],[2,-43]],[[56925,49910],[-35,-13],[-22,-8],[-69,31],[-13,-11],[-82,-66],[-31,-25],[-109,-4],[-157,-5],[-80,-2],[-157,124],[-101,-53],[-57,59],[-37,-25],[-34,-23],[-7,1],[-104,20],[-24,4],[-37,194],[-195,411],[15,439],[5,138],[-8,0],[-31,1],[-3,-8],[-14,-34],[-489,-1244],[-235,-273]],[[57064,49905],[-9,17],[-37,22],[-93,-34]],[[56586,52012],[105,-19],[237,101],[9,-50],[43,-23],[33,35],[91,-46],[27,102],[42,8],[80,-45],[0,-31],[183,46],[301,-68],[193,86],[74,-172],[504,1439],[54,-11],[-63,165],[55,-18],[77,86],[-2,115],[70,22],[7,68],[49,78],[-65,152],[-12,308],[-28,15],[5,143],[-21,27],[-36,179],[26,59],[114,-7],[101,92],[65,157],[121,92],[107,-38],[17,-343],[-21,-197],[-38,-4],[10,-141],[-18,-110],[26,-58],[66,-43],[92,29],[43,279],[43,44],[-19,86],[69,48],[45,-39],[12,-43],[-52,-95],[9,-128],[15,-3],[23,-101],[-13,-38],[11,-370],[-15,-45],[19,-26],[-46,-42],[7,-51],[-130,-180],[26,-74],[227,356],[-48,380],[-5,183],[116,-36],[76,215],[-43,136],[51,866],[345,222],[-35,110],[43,83],[76,-79],[112,-192],[23,-185],[46,-30],[73,59],[-28,-41],[29,-143],[87,85],[48,-10],[2,75],[54,76],[-24,79],[-82,-53],[-2,56],[54,56],[-64,159],[17,43],[39,-5],[-9,208],[33,31],[-6,80],[24,86],[13,207],[-34,146],[23,6],[-40,206],[-48,94],[93,7],[44,80],[163,62],[2,46],[151,135],[41,7],[211,-257],[191,64],[140,118],[11,-27],[156,170],[37,-136]],[[61696,57212],[-18,-306],[-100,-416],[-16,-170],[11,-139],[34,30],[26,-118],[58,33],[125,-408],[124,-100],[105,-234],[281,258],[63,-50],[75,58],[56,-181],[82,-136],[65,67],[91,-164],[39,-253],[67,-137],[23,-188],[123,-163]],[[89259,52132],[35,40],[-161,642],[9,143],[205,264],[61,196],[78,122],[-8,197],[50,151],[-85,131],[-93,13],[-40,96],[20,45],[-6,31],[-163,-169],[-28,-69],[4,-73],[-11,-9],[-54,44],[-122,-110],[-9,90],[-54,-37],[11,83],[-9,88],[98,524],[-90,278],[-4,278],[26,283],[-16,93],[-71,165],[-9,199],[20,212],[-40,291],[19,8],[-11,76],[21,83],[15,-8],[63,295]],[[88910,56818],[48,273],[19,-12],[10,103],[-20,9],[62,271],[-19,-1],[-2,148],[-60,347],[-38,397]],[[88910,58353],[483,-41],[579,-190],[22,51],[89,-60],[48,-46],[101,-218],[15,-94],[163,-134],[54,-107],[-3,-97],[39,-90],[106,-107],[59,8],[72,-85],[9,-39],[-14,-97],[35,-82],[-38,-116],[103,-11],[13,-47],[157,126],[50,-198],[99,159],[135,-89],[166,-112],[63,47],[18,-72],[78,81],[105,-50],[-6,-38],[105,-70],[90,137],[181,-6],[14,-150],[58,41],[90,-78],[8,-97],[18,-14],[-23,-119],[18,-144],[44,-110],[0,-121],[207,-90],[50,4],[112,104],[4,211],[-53,102],[13,16],[87,-41],[61,30],[14,-23],[-6,-33],[53,-16],[10,-55],[96,-30],[108,-125],[139,7],[61,-206],[61,54],[39,87],[44,7],[25,-31]],[[93438,55846],[28,-49],[52,-129],[11,-24],[5,-18],[1,-7],[1,-9],[0,-26],[-4,-68],[-5,-36],[-11,-48],[-9,-25],[-14,-18],[-22,-22],[-2,-1],[-9,-9],[-16,-9],[-1,-1],[-18,-11],[-21,-4],[-58,0],[-25,8],[-12,-4],[-2,-2],[-19,-13],[-11,-13],[-14,-31],[-14,-57],[-12,-67],[-7,-59],[-2,-13],[-3,-33],[0,-23],[0,-22],[1,-22],[1,-16],[2,-14],[2,-12],[6,-21],[13,-17],[13,-6],[2,1],[12,5],[62,0],[1,0],[15,0],[27,-15],[35,-32],[20,-30],[19,-29],[25,-39],[19,-29],[11,-10],[6,-4],[3,-3],[10,0],[1,0],[6,0],[7,-2],[8,-13],[10,-33],[7,-33],[2,-13],[1,-13],[1,-7],[0,-11],[0,-13],[-1,-9],[-3,-24],[48,-99],[25,-53],[7,-15],[2,-7],[4,-10],[1,-5],[4,-17],[1,-9],[1,-7],[4,-42],[0,-4],[2,-35],[1,-49],[2,-24],[3,-34],[3,-21],[5,-31],[13,-53],[16,-43],[3,-8],[6,-11],[7,-16],[11,-19],[10,-10],[3,-3],[14,-12],[59,-33],[28,-21],[6,-5],[0,0],[-6,-53],[-28,-13],[-2,-1],[-11,-5],[-8,-11],[-5,-7],[-26,-45],[-8,-13],[-4,-9],[-1,-3],[-2,-16],[2,-18],[0,-2],[3,-22],[4,-20],[1,-5],[9,-25],[0,0],[9,-19],[2,-8],[5,-12],[3,-14],[-1,-14],[-3,-22],[-4,-17],[-11,-25],[-13,-28],[-6,-17],[-1,-7],[-1,-5],[-1,-20],[1,-16],[1,-17],[5,-43],[10,-77],[8,-33],[1,-4],[1,-3],[5,-15],[4,-15],[1,-14],[0,-4],[0,0],[0,-17],[0,0],[-1,-2],[-2,-13],[-6,-25],[-11,-29],[-14,-30],[-4,-8],[-5,-12],[-6,-14],[-5,-13],[-1,-8],[0,0],[-1,-6],[-2,-11],[0,-12],[0,-26],[-14,2],[-1,-64],[28,-18],[3,-16],[2,-11],[3,-12],[9,-18],[21,-46],[9,-27],[7,-25],[3,-9],[3,-16],[1,-12],[2,-9],[4,-3],[21,-14],[7,-7],[7,-9],[23,-34],[26,-53],[-4,-51],[-2,-30],[-17,-57],[-55,-71],[-47,-63],[0,0],[37,-48],[16,-7],[49,-22],[35,-72],[44,-12],[13,-3],[-2,-4],[-38,-57],[-38,-57],[-39,-60],[0,0],[-29,-46],[-116,-59],[-19,-1],[-71,-4],[-2,0],[-22,52],[-38,86],[-3,-10],[-21,-75],[-32,22],[-25,17],[-120,-44],[-50,-1],[0,0],[-9,37],[-12,47],[-30,-73],[-53,16],[-8,-7],[-14,-15],[-15,-15],[-73,-75],[7,-99],[2,-29],[1,-5],[0,0],[-12,-72],[-3,-13],[-1,-7],[-6,-50],[-15,-139],[-2,-14],[-1,-11],[0,0],[-118,2],[-3,1],[0,0],[0,0],[-49,177],[-44,157],[-70,94],[-25,6],[-27,6],[-31,8],[-10,2],[-19,-53],[-8,-31],[-3,-9],[0,0],[-7,-35],[-31,-148],[-2,-14],[-1,-6],[-2,-24],[-1,-5],[1,-8],[2,-26],[1,-5],[4,-19],[8,-19],[2,-5],[16,-23],[50,-66],[10,-14],[0,0],[2,-22],[-3,-24],[-10,-23],[-4,-5],[-11,-15],[-12,-8],[-2,-1],[-5,-1],[-8,-3],[-43,-3],[-71,-2],[-31,-2],[-13,-10],[-1,-3],[-7,-15],[-1,-8],[-1,-7],[-1,-5],[1,-51],[3,-44],[9,-42],[0,0],[6,-29],[9,-39],[3,-10],[16,-46],[0,0],[4,-11],[1,-3],[16,-33],[18,-29],[66,-78],[23,-34],[10,-23],[1,-18],[-1,-28],[0,-18],[1,-21],[7,-21],[0,0],[17,-27],[8,-17],[2,-15],[-1,-1],[-4,-17],[-11,-40],[-34,-105],[-10,-36],[-10,-59],[-13,-44],[-21,-40],[-5,-9],[-7,-12],[-7,-5],[-7,-6],[-33,-15],[-4,-1],[-52,-23],[-26,-7],[-4,-1],[-86,20],[-59,12],[-27,2],[-5,-4],[-3,-2],[-5,-12],[-1,-18],[-1,-14],[0,-13],[0,-30],[0,-25],[3,-33],[7,-20],[14,-22],[6,-10],[9,-12],[6,-8],[7,-14],[5,-18],[4,-13],[3,-14],[1,-4],[10,-12],[15,-8],[90,-68],[28,-26],[8,-8],[16,-27],[11,-22],[5,-26],[-2,-27],[-5,-53],[-1,-12],[35,2],[12,0],[28,80],[149,216],[41,-71],[23,-36],[58,-30],[0,0],[-10,-174],[-1,-15],[-1,-14],[19,-127],[4,-26],[2,-14],[37,-253],[0,0],[-30,-42],[-17,-23],[-16,-40],[-42,-104],[2,-104],[-111,-158],[-82,-10],[-59,-41],[-1,0],[-20,0],[0,0],[-68,0],[-6,-12],[-3,-8],[-2,-15],[-1,-8],[0,-5],[-1,-32],[5,-70],[2,-52],[0,-25],[-1,-13],[-2,-11],[-4,-31],[0,-1],[-20,-104],[-5,-5],[-3,1],[-15,19],[-8,-24],[-12,20],[-17,7],[-20,-16],[-1,-23],[-37,-14],[-16,16],[-21,-6],[-78,127],[-20,73],[-27,39],[-32,94],[-50,55],[-23,-2],[-46,66],[1,14],[-23,7],[-23,36],[-19,-1],[-5,-11],[-27,1],[-3,3],[-7,-3],[-10,1],[-7,9],[-51,4],[-4,15],[-9,-13],[-54,-2],[-27,-17],[-13,-8],[-6,11],[2,139],[17,32],[22,82],[13,168],[5,30],[15,61],[9,84],[3,16],[5,10],[6,12],[42,2],[0,22],[3,103],[4,27],[5,31],[119,165],[1,0],[0,1],[82,42],[4,5],[4,2],[21,27],[-16,19],[-4,-6],[-24,72],[-13,12],[-4,-15],[-18,18],[-19,2],[-11,30],[-8,-4],[-1,16],[-23,-2],[-38,117],[-37,68],[-10,26],[-25,22],[-8,3],[-12,12],[-23,-2],[-5,38],[-1,6],[1,8],[10,44],[40,97],[19,80],[82,229],[-17,116],[-253,285],[-4,4],[-230,265],[-38,0],[-1,1],[-1,-1],[-6,0],[-11,0],[-11,8],[-6,-8],[-2,0],[-36,-38],[-6,-3],[-8,-11],[-22,-24],[-32,-5],[-67,-2],[-6,-1],[-1,1],[-1,-1],[-19,0],[-3,3],[-1,21],[-17,-4],[0,1],[-25,35],[-10,-2],[-105,100],[-6,3],[-1,2],[-45,29],[-21,-5],[-19,-4],[-8,-2],[-116,-81],[3,-17],[-4,-147],[1,-11],[-8,-33],[37,-307],[3,-56],[2,-93],[-6,-66],[-32,-92],[-13,-110],[-3,-103],[4,-21],[2,-29],[-3,2],[-35,29],[-11,-6],[-73,38],[0,1],[-5,8],[-61,-6],[-28,-43],[-7,2],[0,-15],[-14,1],[-28,-74],[-18,-30],[-31,-36],[-48,-56],[-9,-6],[-27,-17],[-29,-19],[-3,1],[-1,3],[-20,20],[-20,-9],[-128,42],[-10,4],[-46,61],[-142,127],[-102,53],[-26,13],[-2,-7],[-14,8],[-57,71],[-87,59],[-78,88],[-57,102],[-5,4],[-4,4],[-34,47],[-45,59],[-19,39],[-24,67],[-19,54],[-3,156],[-6,238],[0,4],[0,5],[-11,151],[0,5],[-47,263],[-6,15],[-8,43],[-40,295],[-18,139]],[[73784,50679],[7,83],[-33,-15],[4,72],[-122,186],[-34,100],[63,116],[-36,300],[1,49],[27,44],[13,181],[-26,105],[-55,21],[-83,240],[-26,126],[-10,185],[-58,30],[35,181],[-46,35],[24,77],[6,372],[-60,58],[19,45],[-67,67],[4,32],[-23,39],[-85,82],[-6,67],[-86,257],[-36,53],[-45,187],[-83,156],[86,88],[-114,120],[15,44],[-18,17],[49,59],[-71,98],[0,50]],[[72914,54686],[19,266],[-18,467],[102,189],[55,-118],[128,55],[61,274],[-31,355],[166,495],[15,13],[108,-269],[85,-25],[-13,-17],[11,-26],[89,162],[57,-3],[45,63],[-14,14],[13,138],[51,-49],[93,160],[73,-37],[59,254],[34,283],[93,-60],[38,94],[118,-195],[96,151],[71,21],[91,101],[19,55],[-64,101],[48,129],[-29,11],[32,212],[-67,90]],[[74548,58040],[160,304],[61,-15],[2,34],[73,11],[59,-64],[108,81],[81,-137],[-13,-25],[76,-56],[-15,-43],[37,-45],[-12,-28],[82,-36],[103,-163],[125,-72],[213,375],[74,-508],[267,-357],[225,-239],[73,-31],[35,58],[114,14],[186,-79]],[[76662,57019],[142,-125],[8,-117],[-71,-280],[143,-77],[175,-247],[88,-184],[73,-305],[34,-55],[152,-157],[108,-59],[-53,-147],[63,-43],[-59,-185],[222,-63]],[[57212,57014],[86,291],[-196,85],[-12,82],[-89,47],[-70,118],[60,71],[16,92],[73,33],[94,232],[-151,60],[-188,178],[23,65],[-39,55],[28,90],[-15,15],[26,62],[406,461],[150,-55],[-1,-36],[29,6],[3,-42],[29,4],[37,-60],[21,20],[2,187],[-64,258],[-44,383],[-109,306],[-59,-48]],[[57258,59974],[-7,40],[46,54],[-111,89],[44,49],[-1,33],[64,40],[1,40],[-67,121],[311,94],[3,47],[37,10]],[[57578,60591],[0,-82],[-65,-422],[24,-496],[86,16],[-6,471],[15,118],[109,-47],[481,207],[-3,128],[138,90],[78,144],[-17,4],[-1,152],[203,218],[70,4],[148,224],[63,-123],[97,93],[157,-3],[70,110],[162,-98],[130,-301],[30,-15],[82,65],[7,-132],[196,-31],[0,71],[287,95],[50,70],[124,72],[36,-91],[142,67],[118,-121]],[[60589,61048],[151,-311],[73,-252],[105,-212],[171,-540],[775,-2150],[-70,-149],[-18,-118],[-80,-104]],[[82826,54923],[123,20],[202,131],[94,203],[52,-130],[198,206],[54,137],[68,69],[60,-1],[28,183],[-17,59],[195,192],[60,210],[38,-55],[-14,105],[57,-43],[127,0],[2,35],[46,-7],[2,104],[296,98],[-1,-44],[142,-3],[83,125],[21,-324],[29,-19],[90,27],[219,198],[166,-66],[384,348],[207,-11],[67,92],[123,69],[19,73],[-6,168],[28,98],[102,156],[0,208],[-95,4],[-25,42],[11,28],[219,113],[185,-83],[87,-133],[492,490],[124,271],[797,532],[59,-219],[-179,-232],[-69,-14],[-61,-87],[-16,-29],[-4,-141],[88,-214],[69,-295],[96,-230],[23,-197],[37,-61],[-118,-140],[-53,-148],[-205,-192],[21,-55],[-6,-101],[126,-122],[144,41],[-11,50],[46,21],[9,-108],[68,-59],[-12,-81],[73,-131],[321,218],[39,-102],[67,-80],[18,74],[25,13],[90,210],[109,135],[77,360],[74,-64]],[[89259,52132],[-5,-3],[0,2],[-73,-26],[-45,-46],[-42,-24],[-30,-14],[-2,-3],[-9,-9],[-15,-45],[-61,-56],[-46,-65],[-7,-5],[-2,-2],[-86,-45],[-9,-3],[-182,-146],[-86,-35],[-308,-25],[-104,-9],[-370,-31],[-28,-1],[-9,-11],[-35,-111],[-32,-42],[-91,15],[-40,-32],[16,-105],[-2,-484],[-9,-73],[-54,-200],[-5,-41],[40,14],[31,-206],[78,-213],[2,-21],[-21,-63],[-27,-47],[-45,-32],[-24,0],[-5,-6],[-3,10],[-128,-148],[0,0],[1,0],[17,-44],[-2,-22],[71,-54],[-18,-71],[-12,-101],[8,-109],[7,-36],[18,-221],[0,-14],[-77,-276],[-1,-5],[36,-349],[18,-115],[22,-99],[1,-6],[-8,-7],[-38,-21],[-140,6],[-18,-9],[-7,-19],[-1,-3],[9,-35],[-114,-79],[-66,-5],[-24,11],[-47,-12],[-47,4],[-22,-12],[2,-8],[1,-3],[-1,0],[-181,-138],[-57,-16],[-3,9],[-34,-20],[-28,-16],[-47,-16],[-16,-6],[-35,-45],[-165,-161],[-25,-19],[-58,-62],[-30,-30],[-35,-34],[-81,22],[-1,0],[-7,3],[-81,-88],[-22,-73],[-4,-8],[-87,-91],[-53,-54],[-50,-42],[-22,-33],[-30,-31],[-23,-19],[-7,-18],[-149,-279]],[[66655,55243],[114,67],[100,185],[60,60],[160,-443],[682,405],[-28,87],[111,133],[-42,199],[-74,214],[-157,187],[72,110]],[[67653,56447],[310,90],[215,145],[128,177],[152,311],[48,-198],[242,-540],[98,143],[164,150],[42,-4],[52,90],[141,42],[73,66],[292,451],[225,261],[125,307],[24,115],[32,48],[-5,36],[40,-4],[-3,93],[64,52],[34,141],[34,-5],[5,-33],[31,23],[-5,84],[80,25],[39,97],[45,21],[8,58],[25,7],[-9,40],[62,74],[-18,65],[38,46],[-10,36],[30,-24],[20,78],[82,106],[-23,46],[45,47],[5,-44],[20,38],[36,-9],[31,50],[-4,42],[58,-3],[5,75],[176,-34],[3,71],[28,0],[10,50],[53,-41]],[[71046,59405],[22,-111],[-115,-136],[-72,-160],[117,-337],[4,-99],[267,-462],[114,-276],[143,168],[-19,59],[207,166],[61,101],[54,-123],[-90,-85],[-15,-61],[-45,-31],[-104,-184],[-52,-152],[-67,-319],[-59,-80],[-17,-66],[-40,-10],[-37,-120],[-316,-303],[-6,-30],[18,-45],[-51,-50],[35,-102],[6,-92],[41,35],[13,-138],[-26,-26],[11,-35],[68,75],[-8,-27],[12,-38],[31,-20],[64,-165],[111,73],[-7,27],[215,243],[204,338],[28,-100],[50,10],[152,-359],[-54,-103],[129,-440],[74,45],[133,7],[201,-532],[163,206],[161,-335],[-198,-336],[67,-20],[28,36],[49,-109],[213,-91]],[[37127,54583],[-7,62],[91,110],[95,15],[17,54],[-25,50],[-63,-15],[55,63],[13,34],[16,45],[43,114],[19,53],[140,377],[13,35],[33,260],[198,322],[124,303],[6,15],[104,-33],[16,20],[7,10],[30,41],[37,-6],[110,-17],[3,11],[5,25],[42,215],[163,167],[40,111],[10,29],[11,31],[56,94],[112,185],[39,257],[10,67],[3,67],[-42,190],[-22,56],[-98,107],[-37,208],[-32,179],[-124,377],[-31,93],[-106,117]],[[38201,59081],[34,74],[13,164],[79,-12],[24,57],[98,55],[-16,145],[97,31],[13,-7],[-27,-58],[26,3],[102,69]],[[38644,59602],[172,142],[779,-73],[69,29],[139,150],[38,286],[132,304]],[[39973,60440],[33,49],[3,60],[72,44],[15,67],[109,-36],[31,-106],[51,-33],[71,12],[121,-108],[139,-18],[299,-331],[124,6],[-63,-68],[41,-76],[-89,-103],[-6,-34],[-42,-2],[1,-54],[-59,-10],[-1,-32],[44,3],[-8,-116],[384,-46],[-43,-153],[47,-69],[-18,-39],[19,-33],[-129,-403],[-10,-172],[22,-96]],[[41131,58543],[-129,-256],[-28,100],[-111,-137],[-22,44],[-64,-66],[8,-55],[-33,-149],[-28,30],[-122,-172],[-86,-198],[78,-159],[-66,-79],[25,-87],[-62,-121],[46,-39],[98,67],[58,-3],[-11,-71],[77,-57],[-7,-96],[17,-128],[70,-150],[113,-85],[167,-55],[-8,-142],[33,-150],[102,-40],[5,49],[90,-17],[11,-48],[56,1],[8,-86],[39,-117],[277,-104],[172,-258],[245,-189]],[[84368,63086],[100,70],[240,-202],[96,-352],[14,-110],[74,31],[-53,-322],[52,-89],[-62,-45],[-12,-52],[-91,-647],[-62,-7],[-24,-34],[2,-129],[-108,-56],[-44,-90],[27,-120],[44,-16],[46,-199],[-113,-87],[-122,-188],[46,-38],[-44,-190],[-133,-47],[35,-179],[-62,-89],[56,-105],[-49,-117],[11,-8],[-21,-103],[578,167],[445,-178],[4,-113],[-101,21],[-31,-248],[-100,50],[-35,-133],[-51,-346],[13,-4],[-13,-65],[14,-19],[-7,-55],[-238,6],[-396,-389],[-127,-17],[-98,-142],[-98,54],[0,56],[-145,236],[-110,63],[-178,-192],[-310,15],[-25,-92],[37,-46],[-28,-45],[24,-131],[-30,0],[-40,-443],[-45,47],[0,454],[-110,20],[-16,45],[33,49],[4,71],[-48,34],[-36,99],[-293,-30],[-203,-102],[-9,-51],[-70,22],[-21,61],[-256,299],[-171,40],[-174,-139],[-172,-37],[-17,-43],[-8,-128],[-65,-186],[-83,-52],[-330,-20],[-135,104],[-131,-59],[-58,81]],[[80751,58155],[-112,359],[194,258],[198,383],[107,811],[28,107],[-31,111],[161,345],[190,179],[-7,118],[18,79],[-29,126],[29,103],[-34,51],[3,51],[-558,100],[-55,-77],[-18,-86],[-25,9],[-144,264],[-50,211],[-129,224],[-120,538],[-138,845],[9,73],[23,-4],[-1,-46],[30,-63],[111,23],[50,156],[34,-36],[8,150],[42,54],[-35,31],[41,80],[-7,278],[-27,119],[-94,228],[61,16],[65,166],[12,109],[-97,60],[-3,50],[120,96],[137,268],[43,178],[-36,212]],[[80715,65462],[110,46],[1,169],[53,27],[8,45],[311,-102],[74,45],[152,184],[157,-3],[5,52],[252,34]],[[54081,54617],[-148,-56],[2,100],[-74,-17],[15,37],[-2,87],[77,64],[25,64],[4,224],[64,106],[-9,72],[-455,-166],[-67,-12],[-57,53],[4,229],[34,91],[-10,112],[58,87],[-54,304],[8,95],[-25,88],[24,33],[-13,122],[31,82],[-79,261],[-12,94],[-309,461],[225,486],[495,880],[111,548],[-345,10]],[[53599,59156],[115,554]],[[53714,59710],[160,57],[-49,262],[-41,393],[44,17],[0,68],[176,54],[259,-105],[-2,-77],[51,50],[26,-23],[-6,-98],[-38,-62],[31,-35],[-11,-144],[164,87],[96,253],[36,26],[5,73],[43,90],[9,135],[67,116],[28,-18],[34,153],[-170,119],[8,52],[53,-20],[53,50],[-23,82],[51,59],[-11,26],[61,9],[-7,99],[29,32],[-23,331],[162,70],[27,-117],[-42,-93],[7,-117],[52,-279],[489,-86],[-51,-90],[12,-49],[-21,-89],[-64,-7],[-63,-63],[-9,-85],[34,-87],[-27,-90],[11,-37],[50,-6],[-3,-106],[63,-61],[38,-226],[82,-58],[-18,-90],[68,-143],[185,-29],[67,70],[-20,119],[30,55],[-38,58],[44,36],[-12,77],[35,27],[-7,58],[-45,59],[-69,-12],[-58,80],[96,0],[121,165],[11,-23],[41,383],[97,-363],[114,126],[27,88],[123,-119],[58,108],[84,3],[6,-62],[52,19],[-7,-93],[17,-41],[-49,-82],[90,-101],[-19,-154],[-37,-49],[109,-211],[-9,-99],[-61,-113],[109,-190],[27,15],[39,-63],[274,126],[219,194]],[[71046,59405],[41,-17],[12,51],[46,24],[-4,40],[51,79],[60,48],[9,23],[-17,54],[60,19],[28,126],[39,13],[-8,43],[81,31],[35,-30],[52,159],[57,-1],[32,204],[-4,183],[-22,45],[12,103],[-52,214],[-18,28],[-44,-70],[-73,120],[19,70],[99,-27],[25,35],[-6,106],[-45,132],[-54,360],[73,206],[-93,223],[-29,274],[-56,69]],[[71352,62342],[110,126],[-6,-105],[39,-65],[55,-2],[-6,-162],[146,-21],[49,25],[15,89],[82,-3],[18,-54],[60,32],[23,107],[-7,76],[37,104],[81,-137],[111,-285],[-56,-21],[-83,-151],[6,-32],[-60,-55],[-14,-89],[-37,-77],[99,-196],[41,-34],[3,-39],[58,88],[40,137],[20,-18],[79,79],[8,-43],[60,55],[139,-276],[39,-2],[51,66],[342,-149]],[[72894,61310],[-13,-14],[32,-41],[140,-46],[102,-190],[51,-147],[54,-61],[83,-456],[51,-84],[15,22],[46,-145],[85,337],[18,277],[101,-158],[245,-254],[92,-194],[28,-117],[15,137],[96,-3],[-52,-251],[25,-72],[-56,-190],[-41,-226],[163,25],[-149,-222],[32,-44],[11,-55],[-13,-18],[14,-19],[97,84],[34,-34],[30,-91],[-2,-64],[111,-174],[105,-536],[90,-167],[14,-79]],[[47639,55392],[120,236],[-84,203],[54,874],[-238,453],[15,10],[-27,76],[-78,122],[15,195],[-12,234],[30,183],[-12,237],[-44,15],[-24,112],[0,110],[-224,375],[18,255],[27,36],[-8,78],[-48,110],[129,279],[59,280],[-18,143],[-196,62],[49,-133],[3,-136],[-17,-45],[-17,132],[-91,137],[-46,6],[-123,-159],[-44,73],[94,94],[-24,120],[-21,49],[-149,87],[-51,172],[-32,257],[40,85],[49,21],[119,362],[195,302],[-38,91],[18,308],[-20,263]],[[46987,62156],[27,42],[281,2],[274,171],[528,223],[120,140],[131,60],[68,5],[83,-77],[100,28],[381,-83]],[[48980,62667],[78,-518],[-1,-213],[31,-482],[-40,-355],[-99,-271],[-56,-328],[-5,-249],[20,-104],[108,-18],[135,108],[50,111],[690,407],[-268,-733],[-12,-77],[-194,-235],[-45,-154],[-109,-138],[-58,-133],[-20,-120],[-41,-108],[57,-6],[68,122],[76,-5],[98,71],[371,43],[-5,-41],[383,-80],[152,112],[126,3],[37,-251],[-103,-240],[-8,-71],[35,-110],[144,-52],[92,-100],[109,-18],[28,-100],[20,-9],[17,97],[34,10],[30,-16],[13,-105],[44,-35],[103,35],[25,-205],[73,80],[136,56],[-54,173],[184,71],[2,31],[181,-1],[34,199],[-21,4],[2,55],[37,51],[87,-16],[3,44],[142,70],[-2,53],[67,24],[177,-89],[35,351],[-4,91],[73,38],[142,-81],[690,-162],[375,-27],[150,35]],[[41131,58543],[22,218],[50,-23],[-9,-99],[96,-81],[75,123],[32,-64],[46,85],[-92,180],[-27,95],[70,-90],[30,125],[60,32],[155,-75],[25,99],[-45,39],[65,232],[60,-8],[27,-40],[-23,-39],[50,-58],[64,104],[51,-24],[33,77],[22,-76],[-47,-124],[14,-17],[109,291],[269,-29],[-7,-71],[96,-9],[-6,-99],[84,-68],[34,15],[48,139],[-43,28],[8,46],[37,0],[21,87],[52,21],[-10,77],[10,59],[-32,43],[10,25],[-22,27],[11,47],[61,-29],[62,83],[-20,22],[77,12],[22,64],[-24,67],[40,69],[5,79],[-44,84],[47,221]],[[42830,60435],[81,-1],[137,-166],[16,106],[143,-11],[108,-70],[129,210],[88,38],[123,269],[-41,48],[204,543],[-37,49],[-64,188],[39,97],[-62,67],[59,89],[127,-141],[153,-96],[200,-58],[-24,-88],[15,-39],[66,83],[45,-40],[47,63],[12,81],[25,24],[35,-19],[27,-34],[34,46],[62,158],[45,-57],[47,-129],[20,10],[41,-5],[22,-39],[190,54],[201,-150],[56,-100],[87,-3],[41,78],[11,35],[-16,29],[50,129],[89,-11],[80,159],[-13,113],[-59,132],[208,398],[19,117],[2,241],[31,60],[-10,71],[19,46],[-3,43],[57,93]],[[45792,63145],[65,-44],[180,150],[111,-68],[86,44],[388,22],[94,-297],[-74,-262],[66,-78],[135,12],[152,-166],[13,-208],[-21,-94]],[[60589,61048],[604,955],[-20,55],[-96,-70],[-24,76],[-44,-36],[-19,73],[-28,-21],[-47,235],[114,118],[-7,207],[65,58],[7,-35],[114,144],[-70,374],[19,378]],[[61157,63559],[80,47],[-22,291],[61,87],[87,30],[112,106]],[[61475,64120],[77,-212],[16,-85],[-14,-36],[45,-218],[-115,-123],[67,-280],[34,-3],[-13,-128],[44,4],[50,-58],[45,-159],[-51,-25],[16,-60],[61,-210],[101,-188],[221,216],[11,-66],[67,83],[-21,88],[-32,-22],[-16,55],[-20,-9],[-32,153],[87,63],[-11,69],[89,27],[8,109],[27,36],[35,-5],[59,71],[130,27],[22,85],[77,23],[51,78],[26,-32],[149,357],[31,-38],[42,-175],[-31,-47],[243,-592],[109,179],[52,-353],[96,-302],[23,-134],[52,-50],[45,88],[-24,36],[20,146],[-31,42],[-6,79],[55,41],[270,-460],[50,66],[95,-191],[384,-132],[76,24],[91,107],[328,-306],[283,-25],[104,79],[469,-922],[52,5],[167,141],[223,-347],[187,-158],[26,-63],[81,129],[107,-197],[82,-80]],[[66516,60335],[66,-168],[32,-169],[16,-202],[141,-103],[202,36],[-29,-99],[4,-171],[-100,-129],[-28,-140],[-93,-223],[-12,-57],[14,-53],[-80,-86],[43,-190],[-87,-184],[74,-180],[-17,-44],[30,-49],[194,216],[28,-85],[58,96],[108,54],[98,-317],[154,-315],[164,-177],[-8,-34],[27,-37],[198,-12],[-38,-277],[-5,-159],[40,-236],[80,-192],[-137,-202]],[[72894,61310],[384,373],[104,11],[210,330],[-136,450],[27,15],[19,103],[32,58],[95,102],[41,152],[-52,61],[94,169],[0,107],[132,-333],[38,-44],[49,60],[56,-136],[74,151],[77,-55],[83,-199],[0,-69],[67,115],[26,-20],[-51,-254],[-63,-170],[98,-91],[-10,-51],[33,-23],[-9,-155],[51,-42],[-32,-356],[55,-74],[28,-132],[60,15],[79,-89],[5,-68],[218,-79],[147,-169],[-14,98],[85,44],[3,-32],[173,199],[-29,102],[51,47],[-17,51],[57,53],[36,-36],[-23,121],[110,129],[70,16],[165,-60],[42,37],[140,-127],[18,61],[-15,61],[44,117],[-6,137],[50,42],[3,52],[100,238],[-9,113],[-19,46],[12,46],[90,-174],[-1,64],[14,-25],[38,94],[-269,407],[24,55],[28,-6],[76,157],[16,316],[68,260],[382,-613],[48,194],[-31,46],[14,182],[-30,95],[5,99],[34,-22],[4,-108],[17,-17],[56,126],[30,-23],[23,-122],[75,48],[41,-52],[33,31],[32,-38],[39,50],[12,83],[48,-34],[14,182],[-9,53],[60,22],[5,108],[64,78],[-4,104],[-49,76],[10,33],[70,-31],[42,-99],[-5,-35],[25,-77],[26,29]],[[77115,64044],[65,66],[74,-96],[70,42],[54,-30],[80,97],[30,-10],[106,92],[34,-82],[87,-98],[207,-114],[65,-202],[148,-58],[215,104],[67,-41],[80,20],[257,145],[144,163],[-121,-1739],[-477,-367],[-168,-272],[-187,-608],[-90,-235],[-62,-649],[-24,-56],[-76,-34],[-45,-245],[72,-493],[-90,-147],[28,-196],[-146,-205],[-65,-161],[-29,-168],[-82,-159],[-23,-141],[-99,-236],[-1,-69],[28,-40],[-8,-94],[-122,27],[-61,72],[-148,61],[-163,179],[-16,-97],[2,-186],[-83,-207],[-22,-185],[7,-58],[-17,-28],[13,-150],[39,-137]],[[88005,63316],[3,-139],[-46,-78],[136,-363],[-2,-149],[372,-208],[95,-117],[256,-133],[106,-261],[-10,-155],[47,-380],[-13,-130],[45,-10],[41,-182],[-57,-535],[-6,-152],[17,-272],[-45,-168],[-18,-177],[-2,-299],[-32,-241],[9,-263],[-22,-128],[29,-156],[2,-267]],[[80421,55775],[461,1605],[-131,775]],[[38201,59081],[-10,11],[-73,39],[-12,-52],[-57,25],[-10,5],[-98,-53],[-11,-6],[-5,2],[-217,108],[-5,-2],[-135,-54],[-10,-3],[-108,73],[-22,47],[-54,168],[18,60],[7,24],[9,28],[15,339],[-214,52],[9,246],[-154,56],[-34,-1],[-54,-311],[-110,-2],[-51,-1],[-27,-1],[41,-89],[-1,-51],[-3,-67],[-4,-107],[-5,-42],[-6,-9],[-108,-151],[-37,-116],[-5,-67],[26,-124],[47,-11],[63,-14],[103,-96],[155,-22],[1,-17],[24,-239],[113,-183],[-21,-471],[-66,-19],[-46,-185],[-306,-42],[-76,54],[-72,53],[-48,34],[-11,8],[-252,-143],[-39,173],[50,44],[47,40],[8,205],[-14,64],[-7,31],[-20,90],[-85,107],[40,115],[1,28],[19,435],[-235,-8],[-108,-72],[-66,315],[85,210],[21,323],[10,146],[-87,863],[-77,118],[-39,60],[-19,126],[32,33],[-37,118],[-30,15],[-84,-139],[-106,-19],[-19,63],[-7,23],[-17,58],[-70,235],[-7,25],[-73,244],[-120,163],[-32,42],[-58,-58],[-62,38],[-187,-87],[-150,-205],[-71,25],[-5,90],[23,115],[-38,659],[-75,101],[-101,136],[-38,51],[-95,226],[-3,8],[-16,38],[-33,191],[-252,122],[-19,192],[-36,43],[-12,14],[3,31],[22,229],[-343,80]],[[33663,64075],[58,149],[35,-44],[60,186],[74,89],[-2,104],[189,50],[71,94],[33,-93],[52,123],[28,-92],[30,25],[-10,18],[58,118],[87,-85],[46,125],[153,-302],[-11,-25],[45,-64],[394,-959],[70,67],[90,143],[-15,44],[64,64],[152,-343],[64,73],[9,-42],[103,-39],[9,30],[65,-117],[364,53],[164,-106],[-2,46]],[[36190,63365],[148,-38],[92,-324],[18,11],[20,-63],[55,2],[220,-353],[48,-19],[59,134],[121,61],[101,-24],[8,-56],[-26,-163],[185,-48],[-26,-130],[81,-74],[14,82],[102,-153],[-22,-37],[107,-132],[30,-89],[86,-72],[-13,-62],[145,-32],[250,111],[6,-34],[43,9],[27,-201],[-40,-268],[38,-323],[84,-188],[93,-79],[-65,-232],[136,-246],[39,9],[3,-112],[-33,-8],[2,-110],[37,-79],[281,-433]],[[83473,71211],[-76,650],[-17,319],[126,725],[7,274],[15,38],[-1,82],[35,62],[-9,62],[22,115],[-13,106],[-77,57],[-46,143],[25,96],[-8,135],[22,325],[40,105],[3,116],[187,247],[70,148],[1,151],[-24,194],[67,160],[28,-19],[8,37],[16,-90],[0,96],[26,-66],[6,59],[36,25],[9,-32],[23,44],[16,-39],[101,51],[92,143],[147,101],[224,247],[144,51],[57,-40],[59,52],[38,145],[-17,118],[9,89],[-82,47],[-30,78],[42,133],[98,1],[-87,35],[-30,116],[63,96],[35,39],[21,-39],[96,116],[203,-83]],[[85173,77032],[184,132],[2,-81],[50,-21],[135,-292],[46,-16],[10,-37],[-13,-29],[41,-15],[-4,-37],[-107,-118],[-21,-206],[52,-63],[5,-54],[34,-54],[139,-34],[123,-237],[50,-150],[13,-188],[23,-110],[43,-117],[58,-76],[82,-235],[145,164],[3,112],[99,-15],[-28,-254],[33,-236],[26,-55],[69,-372],[-68,-85],[248,-473],[-15,-34],[14,-35]],[[86644,73711],[-67,-114],[-31,17],[-56,-60]],[[86490,73554],[-103,-105],[-103,-36],[-194,-147],[-307,-398],[-138,-45],[-654,-421],[-366,-426],[-742,-446],[-266,-258],[-144,-61]],[[88444,63767],[263,445],[72,50],[154,-7],[213,94],[49,61],[-21,115],[11,50],[-20,43],[9,57],[-10,62],[22,58],[-16,88]],[[89170,64883],[343,166],[149,14],[412,-15],[124,-83],[-2,79],[323,-153]],[[90519,64891],[221,-497],[60,-185],[19,-407],[341,-1401],[-10,-121],[277,-49],[67,-46],[66,-126],[63,-50],[37,-4],[28,88],[62,-45],[128,-208],[21,-407],[85,-115],[33,-121],[-2,-138],[228,-50],[70,-96],[180,72],[101,-120],[55,177],[99,201],[-23,200],[26,107],[31,325],[62,-62],[-7,-23],[190,-162],[105,-26],[177,29],[41,-119],[-13,-109],[20,-88],[20,-11],[14,-176],[27,-96],[115,-142],[25,34],[28,-114],[84,4],[37,50],[123,-124],[14,-55],[-69,-340],[81,-233],[-3,-37],[-66,-14],[68,-53],[2,-34],[69,52],[3,59],[82,-6],[104,-105],[210,-122],[26,57],[1,86],[-15,97],[-24,-11],[-12,79],[25,108],[-23,100],[45,123],[-53,167],[100,116],[83,38],[-3,83],[52,246],[-17,78],[32,-37],[135,48],[109,-89],[104,107],[-25,75],[-57,45],[-116,-80],[-36,180],[27,57],[65,33],[62,213],[107,-6],[35,136],[-21,259],[41,0],[31,51],[-18,69],[28,75],[128,-363],[113,-137],[21,-137],[58,-148],[-23,-154],[5,-77],[57,-77],[50,32],[-5,-48],[47,-101],[53,-244],[53,-137],[12,-153],[52,-155],[36,-32],[51,2],[8,111],[51,110],[4,196],[24,-1],[28,81],[39,241],[-20,155],[18,224],[54,18],[74,165],[35,-112],[47,-26],[44,84],[215,-203],[64,127],[141,136]],[[96547,61732],[108,9],[76,147],[95,-25],[51,35],[62,-72],[33,28],[-4,48],[86,33],[59,-8],[107,-17]],[[97220,61910],[-60,-126],[-48,6],[-19,2],[-18,17],[-29,26],[-44,0],[-6,0],[-42,-65],[-24,-38],[-58,-1],[-7,0],[-16,-104],[37,-29],[-3,-16],[-4,-21],[-5,-26],[-14,-76],[-2,-9],[10,-12],[57,-77],[-26,-103],[21,-49],[-47,-12],[-11,-11],[-4,-4],[-34,-36],[28,-122],[-29,-36],[-9,-12],[0,0],[11,-53],[-14,-8],[0,0],[0,0],[-87,-44],[0,0],[45,-60],[-3,-9],[-31,-88],[-34,-26],[-21,-16],[-24,-18],[0,0],[-79,-60],[18,-122],[10,-25],[32,-80],[5,-13],[11,-26],[1,-4],[0,0],[-30,-3],[-18,-17],[0,0],[37,-107],[0,0],[-34,-40],[-26,-70],[-19,-105],[-6,-129],[37,-131],[77,-48],[58,-168],[22,-70],[0,0],[-17,-36],[-1,-8],[-2,-14],[-4,-51],[-1,-10],[-3,-25],[-8,-34],[-23,-45],[-11,-23],[-7,-24],[-7,-17],[-10,-11],[-7,-2],[-11,-3],[-22,-11],[-12,-7],[-2,-1],[-10,-6],[0,0],[-12,-17],[0,0],[0,0],[-26,-45],[-6,-15],[-3,-16],[-2,-21],[0,0],[-8,-19],[-55,-96],[-6,-12],[-3,-25],[1,-28],[-3,-29],[-11,-47],[-14,-42],[-27,-47],[-26,-40],[-13,-33],[-7,-26],[-9,-34],[0,0],[0,0],[-9,-23],[-13,-15],[-14,-8],[0,0],[-18,33],[-6,9],[-7,13],[-9,6],[-11,7],[-17,11],[-4,3],[-35,-4],[-18,33],[-4,7],[-13,-19],[-11,-16],[-2,-3],[-27,-22],[0,0],[0,0],[-23,-3],[-12,-2],[-41,-86],[-32,-68],[-59,34],[-6,-1],[-8,-1],[-70,-12],[-46,121],[-33,85],[0,0],[-79,-80],[-22,-71],[-140,-166],[-117,-64],[-13,-63],[-44,-5],[0,0],[-178,-22],[31,53],[8,12],[-74,6],[-7,1],[-105,-163],[-98,-87],[-27,-25],[-18,-17],[0,0],[0,0],[-91,-2],[-32,-107],[0,0],[0,0],[-40,-65],[-8,6],[-1,-1],[-75,-158],[-32,37],[12,33],[29,78],[-28,17],[-20,13],[-7,5],[-8,4],[-20,13],[-23,-87],[-20,-77],[0,0],[-49,-84],[-15,-62],[-1,1],[-1,-5],[-55,32],[-29,17],[0,0],[-9,-8],[-8,-17],[-28,-81],[-9,-22],[-5,-9],[-1,-2],[-12,-10],[-18,-15],[-10,-13],[1,-3],[1,-17],[7,-19],[30,-72],[1,-16],[0,-2],[-3,-17],[-55,-92],[0,0],[0,-1],[-4,-12],[1,-20],[6,-27],[7,-15],[2,-19],[-1,-7],[-3,-11],[-108,-345],[-4,-23],[-2,-29],[-5,-67],[-3,-25],[-3,-12],[-1,-4],[0,0],[0,0],[-4,-13],[-79,-128],[-50,-70],[-14,-13],[-18,-11],[-38,-16],[-3,-1],[-24,-1],[-14,-1],[-6,3],[-9,5],[-156,75],[-4,1],[-7,1],[-12,-2],[-16,-9],[-60,-37],[-9,-5],[-3,-3],[-5,-6],[0,-1],[-2,-2],[-8,-13],[-5,-12],[-9,-21],[-6,-9],[-7,-2],[-1,0],[-5,-1],[-8,-2],[-15,-5],[-56,-9],[-12,-4],[-19,-15],[-11,-19],[-7,-20],[1,-28],[-2,-32],[-3,-13],[-5,-11],[-28,-32],[-6,-9],[0,0],[-5,-14],[-3,-45],[-1,-26],[0,-8],[-1,-18],[3,-17],[7,-15]],[[53714,59710],[-403,-176],[-111,527],[-51,12],[-80,103],[-13,207],[-50,182],[84,51],[-3,135],[22,6],[-4,35],[-37,-1],[-1,41],[79,188],[-11,35],[46,85],[-127,-15],[81,94],[7,-37],[30,-2],[-8,361],[-163,-50],[-68,45],[-18,73],[-19,-35],[-11,94],[21,15],[-6,111],[-58,407],[88,56],[84,246],[150,651],[-29,234],[325,385],[233,583]],[[53693,64356],[46,-42],[178,36],[211,-51],[113,59],[216,2],[109,-47],[147,32],[-47,103],[15,90],[-97,636],[6,68],[48,92],[358,-111],[107,-114],[70,152],[191,-163],[48,136],[136,133],[-90,136],[19,32],[58,75],[113,-37],[132,164],[347,-172],[89,-103],[-20,-192],[57,-66],[-26,-38],[85,-200],[119,154],[187,21],[18,-211]],[[56636,64930],[-124,-7],[-81,-65],[-12,-140],[16,-152],[221,-546],[231,-126],[43,-58],[27,-203],[-30,-361],[6,-207],[93,-344],[61,-521],[99,-237],[394,-616],[43,-219],[-45,-537]],[[44148,65539],[29,-25],[309,167],[40,-167],[73,120],[12,-364],[24,-200],[21,14],[144,-10],[113,73],[54,90],[63,142],[112,156],[56,177],[145,47]],[[45343,65759],[8,-26],[21,-66],[-4,-31],[56,-70],[15,-99],[6,-52],[19,-47],[7,-31],[-10,-24],[8,-44],[-10,-23],[22,-35],[16,-26],[-4,-52],[-11,-33],[5,-94],[8,-112],[19,-95],[118,-126],[16,-36],[38,-243],[58,-57],[20,-170],[51,-153],[26,-162],[-37,-238],[13,-215],[-25,-254]],[[42830,60435],[-37,47],[17,150],[22,7],[-3,55],[-36,-36],[-7,135],[-85,-29],[-21,130],[22,11],[-15,80],[-206,-142],[-78,357],[24,14],[-11,71],[24,13],[-62,303],[-132,-89],[-18,64],[46,35],[-49,132],[67,38],[-16,77],[-61,-42],[-24,101],[112,185],[14,74],[101,150],[-45,93],[43,114],[128,132],[71,7],[-48,108],[-12,-9],[-80,203],[-19,-21],[-17,46],[19,22],[76,35],[70,-29],[44,226],[68,267],[98,-67],[26,65],[45,-2],[-49,216],[-16,211],[263,904],[111,-456],[356,882]],[[56636,64930],[127,-3],[258,126],[75,82],[11,148],[-110,203],[-43,146],[133,27],[93,79],[116,-66],[208,146],[85,108]],[[57589,65926],[105,-226],[38,-237],[312,29],[84,-135],[-33,-159],[21,-44],[-2,-273],[58,-109],[16,-93],[-9,-206],[13,-136],[-46,-142],[-108,-138],[-93,67],[-52,-49],[-12,-51],[11,-69],[85,70],[209,-74],[60,-74],[92,64],[112,-3],[370,242],[-6,37],[282,68],[20,-66],[-23,-39],[222,51],[86,60],[181,-18],[265,58],[448,184],[21,222],[34,128],[84,9],[79,-62],[161,70],[101,-24],[117,48],[60,-420],[69,-268],[72,27],[45,-349],[19,-337]],[[36190,63365],[62,107],[30,221],[77,81],[-27,47],[64,130],[36,-68],[67,104],[-10,18],[47,122],[-40,52],[93,101],[-31,55],[27,44],[-16,32],[138,103],[17,-41],[26,12],[10,608],[-37,6],[2,143],[-33,-23],[-10,70],[44,21],[-9,100],[-19,33],[-31,-77],[-32,4],[-1,108],[48,11],[-9,170],[105,150],[-18,46],[71,168],[50,-31],[64,149],[62,-128],[50,10],[42,-51],[31,25],[12,-38],[57,102],[96,-27],[25,51],[20,-74],[50,-42],[52,66],[2,-48],[32,-29],[3,-135],[44,-26]],[[37523,65797],[37,-84],[-2,-49],[35,-21],[-40,-141],[30,-56],[13,27],[41,-39],[-63,-115],[134,-209],[-25,-185]],[[37683,64925],[-47,-168],[-26,-2],[22,-145],[-8,-21],[14,-24],[97,-533],[32,-94],[3,-237],[40,-418],[198,62],[-8,-72],[54,-21],[1,49],[96,29],[-5,-32],[35,-59],[73,23],[81,-255],[38,-32],[114,121],[58,-6],[53,-56],[16,-82],[-91,-258],[23,-110],[58,-66],[89,-30],[143,86]],[[38836,62574],[-8,-152],[93,-20],[26,-73],[-16,-82],[192,-79],[-3,-37],[100,-7],[-8,-105],[60,-156],[-42,-66],[-73,-19],[0,-130],[75,-182],[-29,2],[-9,-64],[-68,-1],[14,-75],[-22,-20],[62,-66],[-32,-78],[99,-125],[35,99],[35,-114],[-27,-32],[31,-68],[29,-173],[14,-305],[58,-53],[-23,-57],[10,-101],[56,-19],[-4,161],[30,79],[-36,45],[38,118],[44,-50],[49,118],[25,94],[-15,32],[28,58],[57,-92],[0,-42],[25,-5],[-6,-113],[113,-85],[49,15],[111,-109]],[[77115,64044],[-23,362],[-36,220],[-41,61],[6,73],[-24,86],[83,19],[498,543],[234,372],[66,-32],[7,38],[-37,43],[203,233],[-105,164],[187,134],[53,90],[16,77]],[[78202,66527],[37,-50],[75,13],[364,-471],[377,30],[414,207]],[[79469,66256],[-73,-162],[-66,-225],[10,-202],[-26,-303],[87,-32],[78,112],[151,21],[194,-110],[124,93],[102,-56],[281,299],[123,-235],[118,21],[89,-46],[54,31]],[[38836,62574],[115,199],[-19,397],[22,362],[100,80],[86,-15],[168,429],[92,168],[77,78],[2,-34],[-61,-170],[48,-93],[-30,-144],[55,44],[91,-11],[72,-137],[-12,-41],[26,-15],[20,35],[30,179],[58,-14],[35,122],[53,-40],[19,100],[72,-33],[12,51],[48,4],[17,79],[52,8],[30,54],[64,464],[69,27],[45,-51],[64,204],[-1,85],[-18,46],[19,56],[4,261],[71,431],[70,227],[80,741],[20,65],[-3,84],[23,62],[-8,-52],[20,-122],[70,-139],[-30,-164],[25,-93],[-28,-50],[43,-97],[114,-66],[43,125],[131,84]],[[41001,66344],[13,-12],[86,172],[212,-88],[317,291],[38,-57],[33,-151],[64,-152],[41,-201],[48,-57],[83,86],[32,108],[-3,137],[-41,161],[-3,30],[0,23]],[[45343,65759],[-38,488],[44,43],[-15,92],[8,88],[93,182],[-2,194],[40,3],[18,172],[63,-80],[105,21],[1,56],[28,53],[46,-71],[70,36],[113,-200],[100,174],[33,-4],[19,48],[20,-63]],[[46089,66991],[225,-268],[103,-228],[60,48],[51,-230],[28,23],[29,-109],[141,52],[48,91],[107,54],[93,-7],[101,-76],[71,27],[47,96],[97,-80],[37,-115],[96,51],[299,-26],[228,121],[96,-15],[60,107],[15,-14]],[[48121,66493],[-26,-80],[5,-123],[116,-30],[145,-144],[62,156],[89,111],[257,199],[100,59],[249,49]],[[49118,66690],[-16,-32],[38,-72],[-8,-77],[-31,-46],[-17,-86],[-80,-85],[-14,-89],[-47,1],[-1,-49],[-26,-6],[-4,-90],[-53,-111],[-4,-48]],[[48855,65900],[-4,-96],[23,-123],[-79,-211],[15,-217],[15,-65],[106,-139],[61,-219],[-117,-229],[-50,-163],[-16,-62],[36,-17],[-35,-122],[313,-157],[-42,-185],[41,-24],[-4,-164],[18,-194],[-15,-321],[13,-6],[-4,-139],[-45,-123],[-80,-25],[-19,-74],[64,-31],[4,-48],[-81,-31],[7,-48]],[[37683,64925],[159,-129],[137,227],[-4,282],[-27,52],[11,144],[-22,118],[40,29],[47,111],[151,95],[45,-94],[-30,-103],[91,16],[176,225],[17,71],[73,-60],[32,-56],[-4,-49],[57,-95],[191,-123],[-6,-55],[86,-143],[136,-29],[-4,44],[24,19],[-37,222],[-63,147],[30,42],[-327,347],[70,223],[-2,87],[55,3],[20,115],[26,38],[-5,148],[-74,53],[-30,-145],[-45,-19],[0,88],[-29,25],[69,252],[76,173],[50,-86],[85,-36],[24,77],[154,-144],[55,-104],[116,270]],[[39277,67198],[130,12],[59,-91],[44,-3],[114,143],[278,119],[77,139],[80,-201],[98,20],[41,46],[80,249],[236,44],[175,131]],[[40689,67806],[24,-309],[160,-328],[13,-230],[46,-145],[-7,-293],[14,-122],[62,-35]],[[48855,65900],[118,196],[157,-110],[60,273],[101,-91],[86,-3],[97,-114],[-20,-69],[36,-32],[-24,-229],[50,-233],[34,4],[2,38],[66,-35],[82,236],[85,-161],[87,18],[15,84],[99,-160],[104,-34],[-12,158],[-83,171],[84,90],[5,106],[32,85],[50,54],[138,-147],[70,184],[164,65],[184,-75],[89,-105],[57,-20],[77,45],[72,-35],[80,-144],[172,-164],[68,-5],[36,98],[174,277],[98,75],[47,94],[26,185],[73,-32],[443,60],[52,205],[228,268],[9,159],[106,-142],[103,-21],[261,64],[153,85],[14,-66],[92,49]],[[53252,67099],[379,-59],[-2,-123],[-136,-142],[17,-38],[-23,-16],[27,-159],[70,62],[-44,-126],[-12,-102],[303,-524],[19,-76],[-68,-187],[152,132],[31,-140],[34,-44],[-22,-98],[-78,28],[-79,-37],[-20,-50],[-101,-56],[-22,-65],[15,-9],[56,-319],[-55,-595]],[[61475,64120],[-47,122],[210,133],[-132,237],[-165,-71],[-121,304],[-18,232],[165,104],[169,172],[385,541],[82,-98],[6,-62],[212,-499],[77,55],[22,-38],[-7,-35],[46,-78],[25,31],[40,-90],[-36,-58],[24,-67],[65,-40],[33,115],[69,125],[27,-61],[34,49],[24,-28],[125,177],[5,-87],[44,76],[12,100],[394,389],[-21,86],[121,116],[-121,158],[-135,269],[152,211]],[[63240,66610],[308,366],[60,109],[168,134],[98,-243],[196,187],[19,-38],[52,73],[-43,101],[58,106]],[[64156,67405],[48,-104],[40,46],[32,-80],[-13,-20],[91,-201],[-134,-174],[118,-229],[52,69],[68,-110],[-21,-55],[38,-104],[28,27],[21,-80],[47,62],[-61,134],[60,66],[80,-186],[53,106],[113,-152],[82,-165],[37,73],[87,-121],[46,63],[72,-130],[100,139],[105,-206],[47,43],[41,-162],[19,8],[52,-100],[112,-420],[-30,-25],[19,-47],[46,-2],[108,149],[25,-5],[107,-63],[55,-141],[-32,-45],[21,-54],[72,98],[173,-255],[132,153],[152,-76],[-131,-260],[-2,-107],[81,-144],[107,-328],[-141,-204],[23,-129],[60,-133],[29,-242],[44,-185],[156,-304],[-258,-426],[-4,-45],[77,-148],[52,53],[27,-95],[117,115],[-18,73],[68,57],[60,-9],[78,80],[104,-440],[158,-269],[-126,-201],[178,-549],[-154,-383],[-26,-186],[7,-86]],[[67030,60634],[-108,35],[-89,-37],[-75,-51],[-107,-159],[-81,8],[-22,-80],[-32,-15]],[[23173,67468],[133,-95],[-27,-128],[31,-18],[-47,-244],[-37,5],[-37,-113],[110,-139],[13,54],[59,-61],[264,28],[16,-33],[58,76],[152,83],[4,-27],[64,21],[16,-47],[-6,-67],[73,-15],[-2,88],[95,35],[92,125],[295,-627],[103,104],[166,51],[46,94],[5,101],[25,24],[36,-27],[28,-107],[207,-12],[103,165],[75,208]],[[25286,66970],[114,-45],[61,-86],[277,-38],[167,-137],[72,-18],[44,-64],[14,68],[330,46],[11,-59],[118,-100],[120,3],[10,-164],[79,49],[21,-169],[-43,-42],[15,-94],[68,75],[50,-189],[100,-94],[238,-338],[49,50],[114,-125],[177,-30],[22,-68],[313,-32],[143,-57],[-20,-135]],[[27950,65177],[-48,-95],[-142,-52],[-143,96],[-39,4],[-37,-20],[9,-333],[-66,-240],[-296,-79],[99,364],[-42,260],[-244,203],[-48,-228],[-139,-109],[-253,69],[-142,102],[-25,-3],[-200,-21],[-85,-130],[-72,-34],[-108,142],[-90,-372],[-34,23],[-125,85],[-65,-20],[-39,-12],[-4,58],[-186,83],[-59,-57],[-2,-3],[29,-145],[-109,41],[-6,-66],[-64,-24],[-15,-29],[-2,-132],[-69,-150],[-54,-31],[94,-146],[-67,-66],[-22,-57],[-42,-107],[25,-68],[31,-88],[22,6],[8,2],[19,5],[-27,-31],[-51,-60],[-7,-8],[6,-201],[-19,-190],[-102,3],[-10,-182],[-8,-153],[7,-134],[64,-164],[-29,-122],[16,-127],[-94,-262],[22,-117],[75,-104],[-30,-125],[-64,3],[-3,-67],[-181,129],[-37,106],[9,223],[-43,113],[-194,192],[-63,-10],[-24,-38],[38,-363],[2,-8],[6,-25],[136,-106],[47,-254],[-41,-94],[9,-104],[95,-102],[-259,-135],[-34,66],[-32,63],[-9,32],[-55,206],[-128,252],[-30,44],[-101,92],[-31,-22],[-29,44],[-13,62],[6,67],[38,83],[-29,41],[-274,241],[-1,24],[0,12],[3,-2],[140,-67],[48,77],[4,-108],[36,-14],[30,195],[-15,58],[-112,54],[-50,137],[-67,34],[-2,43],[-8,141],[-130,88],[3,111],[-50,69],[-5,133],[-77,2],[-57,157],[112,419],[-154,264],[-71,43],[-20,188],[-113,10],[4,125],[37,13],[27,114],[-3,771],[-11,134],[-64,241],[-74,30],[-117,174],[2,181],[22,53],[-15,172],[114,160],[84,230],[14,36],[-9,61],[45,163],[36,7],[-22,46],[31,132]],[[67030,60634],[57,-38],[198,282],[213,164],[123,46],[100,248],[137,135],[90,138],[-15,178],[50,241],[76,57],[83,-193],[100,94],[38,-67],[160,-127],[69,-93],[-19,-54],[-58,-34],[517,151],[-34,81],[-4,66],[61,332],[158,156],[61,103],[118,61],[60,94],[-162,379],[53,189],[11,130],[-47,307],[-11,190],[57,64],[30,105],[97,109],[19,-39],[73,119],[103,-172],[102,-84],[-2,-105],[-27,-38],[49,-322],[53,47],[46,-40],[41,53],[18,117],[77,25],[65,113],[81,-50],[83,247],[237,0],[-44,151],[18,125],[95,154],[5,107],[34,46],[150,54],[38,231],[-54,-20],[-277,1122],[-33,285],[2,447],[-115,936]],[[70234,67637],[147,152],[183,-104],[144,-170],[15,-59],[-51,-47],[17,-128],[-37,-65],[46,27],[86,-27],[48,-94],[152,100],[152,183],[22,64],[-26,99],[54,72],[58,6],[245,-346],[55,-219]],[[71544,67081],[61,-197],[42,38],[68,-183],[63,-97],[-65,-93],[34,-103],[-82,-127],[108,-128],[23,36],[10,-24],[-68,-110],[-25,-170],[4,-84],[-90,-135],[-23,60],[-95,-144],[8,-29],[-19,-77],[-15,6],[-51,-189],[-67,-67],[-146,-251],[-17,-143],[63,-108],[34,-160],[-7,-104],[49,-96],[66,-65],[147,-50],[81,-129],[11,-41],[-67,-139],[-3,-159],[19,-79],[-62,13],[-34,-42],[-12,45],[-160,-234],[63,-19],[-197,-177],[13,-47],[-127,-60],[8,-140],[-184,-141],[-535,-259],[-236,-385],[-16,-47],[-20,-303],[1,-85],[125,-225],[39,-207],[48,69],[19,161],[163,198],[10,52],[-17,65],[91,288],[90,124],[118,42],[49,-63],[184,-81],[39,-60],[89,-12],[57,-116],[95,84],[56,164]],[[75714,73322],[-85,167],[-101,277],[171,358],[106,71],[44,440],[-4,132],[66,6],[-6,253],[24,14],[-10,85],[43,121],[1,93],[54,46],[29,205],[-26,165],[-48,19],[-4,69],[18,75],[-83,8],[88,57],[-40,236],[-94,185],[-35,266]],[[75822,76670],[207,138],[188,258],[188,-288],[298,314],[292,83],[100,-76]],[[77095,77099],[41,-58],[-8,-61],[89,-312],[14,-91],[-5,-237],[-52,-209],[-186,-390],[-105,-421],[-8,-183],[18,-81],[59,-100],[96,-80],[183,-58],[184,111],[89,-23],[54,-75],[98,-278],[147,-58],[47,29],[54,292],[5,191],[68,289],[49,62],[80,28],[85,-57],[24,-55]],[[78215,75274],[46,-261],[86,-268],[-69,-81],[-71,-311],[-124,-220],[-13,-112],[9,-93],[-18,-47],[23,-353],[17,3],[4,-73],[-72,-38],[-21,-93],[-1,-106]],[[78011,73221],[-52,-36],[-310,23]],[[77649,73208],[7,312],[-104,-9],[-109,84],[-613,-148],[24,44],[-61,-17],[-357,-196],[-171,1],[-235,-129],[-285,184],[-31,-12]],[[90519,64891],[44,-22],[182,255],[-11,40],[36,70],[21,112],[146,119],[48,213],[69,96],[-78,285],[87,55],[118,187],[86,230],[101,76],[116,217],[48,147],[215,146]],[[91747,67117],[78,-50],[36,-219],[59,94],[118,100],[29,196],[-56,239],[150,78],[77,152],[182,93],[205,255],[84,-24],[144,59],[99,186],[111,281],[88,53],[117,-12],[-27,145],[22,39],[20,-35],[53,70],[37,179],[75,-12],[0,-62],[42,-71],[-6,-160],[12,-24],[31,48],[-7,170],[141,128]],[[93661,69013],[29,19],[-23,-66],[119,-163],[54,-166],[64,60],[140,33],[54,-134],[-27,-53],[164,-157],[9,-185],[161,117],[217,63],[90,-155]],[[94712,68226],[-116,-164],[90,-159],[66,-43],[77,-124],[72,5],[13,51],[59,46],[53,-2],[65,-137],[147,-174],[6,-101],[254,58],[257,-359],[237,-775],[105,-492],[144,-143],[-20,-141],[110,-361],[-34,-114],[-16,-192],[-56,-129],[-20,-106],[50,-227],[-30,-82],[-105,-81],[-42,-119],[14,-59],[-3,-102],[-39,-95],[-6,-67],[101,-439],[-51,-180],[-2,-83],[18,-7],[-3,-109],[47,-196],[139,-203],[78,-337],[56,-102],[-15,-37],[91,-136],[19,14],[-5,-51],[62,-150],[-32,-90]],[[33250,65481],[-38,15],[-75,27],[-63,-153],[-110,-4],[-58,-244],[55,-92],[-199,-181],[-71,39],[-71,-50],[-109,24],[-52,-175],[-160,54],[-33,-23],[-125,-157],[14,-38],[-39,-91],[22,-56],[-37,-102],[-69,-30],[-60,171],[-139,79],[-50,93],[-25,-35],[-37,114],[-28,-13],[-36,-320],[-8,-16],[-95,-186],[-33,29],[63,143],[-46,86],[48,254],[-30,219],[-340,-349],[-114,-117],[-117,-119],[-110,-113],[-122,-125],[-532,-547],[-95,-87],[-96,-89],[-83,-77],[-32,-30],[-3,7],[-15,34],[-16,36],[-82,-134],[-108,15],[-25,-46],[-53,63],[-41,49],[-151,-66],[-147,-64],[-1,28],[-6,91],[102,73],[-20,117],[22,359],[-77,8],[-21,57],[8,46],[64,26],[-26,260],[-102,-95],[-12,-65],[-71,-58],[-32,35],[-106,-72],[-63,12],[-53,11],[-274,264],[-16,157]],[[28590,64357],[20,15],[3,70],[-7,102],[-38,343],[108,235],[252,299],[73,166],[177,222],[-96,110],[202,439],[187,-141],[77,329],[-84,182],[172,359],[-53,88],[-17,84],[130,172],[26,93],[-43,152],[29,20],[11,-41],[52,38],[-50,75],[-29,-25],[-7,35],[41,16],[-32,94],[-14,-15],[-39,145],[-70,103],[180,222],[99,-177],[64,71],[62,-75],[78,201],[16,-36],[82,439],[207,-147],[-90,-191],[43,-87],[54,38],[19,-22],[-8,-35],[83,-79],[3,70],[54,-17],[-6,-67],[143,-62],[64,-70],[86,244],[33,-10],[-22,31],[11,32],[-16,37],[239,607]],[[31049,69038],[108,-142],[30,99],[-21,27],[21,71],[101,-20],[18,43],[-35,42],[42,169],[36,-136],[-18,-13],[108,-125],[24,19],[-48,-155],[70,-67],[-19,-60],[66,-78],[-42,-94],[77,-117],[87,-35],[-8,-45],[28,-13],[-11,-77],[-90,35],[-74,-282],[174,-128],[-41,-119],[-47,-305],[46,-74],[-18,-40],[40,-73],[-31,-43],[78,-120],[59,131],[38,-58],[-17,-38],[31,-47],[24,45],[38,-56],[-77,-152],[30,-49],[115,161],[19,-49],[50,-19],[60,46],[36,-18],[69,100],[-18,56],[160,161],[-16,179],[173,-10],[-13,-107],[31,1],[12,-39],[88,47],[-31,343],[2,216],[18,61],[108,-50],[33,101],[44,-62],[-15,-48],[68,-72],[18,20],[42,-38],[86,106],[-10,24],[46,44],[61,24],[19,-42],[61,104],[17,-57],[61,-30],[50,94],[107,-130],[111,315],[-34,44],[15,35],[-62,78],[167,209],[24,-62],[18,29]],[[33616,68723],[32,46],[42,-80],[-68,-124],[15,-37],[-38,-118],[36,-34],[-30,-124],[139,-227],[-11,-32],[16,-257],[52,-259],[58,35],[31,-150],[85,-145],[-130,-130],[29,-121],[64,-142],[32,-284],[47,-174],[-87,-36],[16,-88],[-64,-37],[1,-87],[-119,-117],[145,-271],[-127,-190],[-27,-27],[-32,52],[10,39],[-122,120],[-31,-166],[47,-101],[-323,73],[-54,-49]],[[53252,67099],[46,27],[-9,60],[196,118],[176,277],[379,225],[15,95],[224,79],[475,5],[131,133]],[[54885,68118],[147,229],[184,389],[21,-21],[22,78],[63,69],[105,205],[109,120],[51,165],[150,-43],[-36,157],[24,12]],[[55725,69478],[251,-217],[38,-283],[-10,-192],[203,-460],[147,-129],[59,-140],[28,-133],[154,24],[144,-83],[422,44],[42,515],[322,3],[239,-64],[103,-89],[-68,-259],[-8,-129],[197,-133],[33,36],[227,-67]],[[58248,67722],[-50,-381],[-22,4],[-11,-80],[-13,1],[-46,-364],[69,-40],[-9,-133],[43,14],[27,-97],[-17,-138],[-82,14],[2,122],[-34,-1],[-67,-155],[17,-29],[-4,-72],[-43,16],[36,-50],[-4,-39],[-49,20],[22,-114],[-98,-1],[-7,65],[-85,-82],[-65,20],[-33,-47],[-27,32],[-72,-160],[20,-53],[-57,-68]],[[64156,67405],[124,132],[-28,89],[68,59],[-37,30],[104,105],[-48,177],[-45,-43],[-60,118],[-7,35],[45,76],[-65,201],[36,32],[-15,62],[160,178],[-35,93],[6,58],[183,207]],[[64542,69014],[218,235],[231,-178],[2,-62],[49,-99],[39,35],[14,-87],[38,-61],[25,-12],[31,38],[130,-146],[149,252],[20,-29],[120,162],[19,-65],[48,41],[77,-213],[-66,-82],[52,-108],[56,60],[58,-145],[19,145],[48,81],[22,-71],[72,-120],[128,-42],[13,-35],[63,80],[-61,269],[115,159],[-85,182],[-23,162],[-51,178],[9,22],[155,162],[101,-186],[31,-40],[48,-18],[91,121],[84,230],[90,136]],[[66721,69965],[238,-652],[102,-146],[35,-223],[67,-70],[319,-41],[155,-163],[171,241],[42,-104],[-14,-11],[79,-96],[125,22],[59,-186],[116,38],[33,-226],[1,-122],[134,140],[178,-148],[-213,-389],[34,-183],[18,-640],[63,-166],[38,51],[30,-68],[199,-476],[123,-362],[337,487],[262,115],[528,569],[202,439],[52,42]],[[71278,72204],[-70,130],[-89,-73],[-211,735],[-73,-102],[-44,100],[-33,-39],[-97,226],[33,89],[-33,67],[-324,-311],[-25,70],[-33,-48],[-27,67],[-41,-54],[-32,113],[-24,-24],[5,-40],[-184,-158],[9,-45],[-118,-82]],[[69867,72825],[-21,56],[-75,-85],[-23,61],[-21,-19],[-13,41],[-31,-31],[-28,59],[-81,-37],[-41,-79],[-6,-85],[-100,-161],[-144,257],[20,40],[-41,83],[4,65],[-52,-25],[-13,110],[72,82],[17,133],[-125,-33],[-12,46],[28,15],[-21,56],[57,19],[-63,234],[99,91],[-52,221],[47,33],[-10,42],[186,172],[153,194],[122,118],[20,-31],[71,86],[-6,27],[237,197],[137,626]],[[70158,75403],[388,520],[26,314],[199,142],[219,77],[-4,52],[51,32],[27,-43],[195,109],[-6,27],[141,64],[-1,39],[88,-89],[26,10],[56,-253],[34,134],[66,-241],[-10,-9],[21,-87],[-19,-74],[210,-391],[111,-298],[266,651],[72,-46],[-38,-149],[20,-67],[171,90],[157,184],[240,-211],[98,40],[47,-106]],[[73009,75824],[-76,-157],[-72,-42],[-64,-135],[38,-458],[40,-206]],[[58248,67722],[57,-32],[57,148],[25,178],[-4,312],[315,79],[6,97],[115,227],[75,258],[21,166],[-86,4],[-5,117],[172,254],[-71,179],[-7,140],[15,105],[334,-571],[68,176],[80,96],[31,95],[78,-5],[164,124],[141,184]],[[59829,70053],[34,-147],[76,34],[129,-300],[0,-95],[-51,-190],[135,-100],[93,108],[35,-43],[-20,287],[59,-6],[55,-336],[216,44],[28,-134],[96,144],[15,82],[-18,148],[37,170],[208,239],[62,-183],[44,-57],[-5,-53],[17,-34],[150,-168],[90,-185],[15,-166],[73,-81],[18,-140],[57,-144],[11,-76],[143,-242],[250,-737],[87,84],[13,-40],[52,20],[192,219],[236,152],[28,-13],[13,-137],[179,-413],[84,51],[46,114],[124,124],[123,225],[32,-111],[-42,-37],[27,-103],[43,44],[65,-214],[56,-91],[-62,-90],[53,-106],[-39,-46],[41,-115],[-91,-131],[42,-116],[-59,-75],[116,-277]],[[25286,66970],[-98,129],[-53,144],[71,11],[-1,134],[-13,164],[-16,-7],[-6,86],[-103,45],[-3,144],[-23,0],[-2,63],[-40,-3],[-49,131],[43,22],[-1,87],[-57,-2],[13,151],[-76,127],[-69,1],[-12,76],[-23,-6],[-8,41],[26,16],[-23,105],[35,34],[-22,22],[-9,117],[86,26],[-31,284],[23,8],[-1,338],[-20,7],[13,189]],[[24837,69654],[95,17],[33,130],[41,8],[19,105],[39,-40],[-2,88],[27,-17],[4,36],[85,-9],[-4,31],[31,4],[3,-39],[224,81],[122,41],[103,75],[29,38],[18,-28]],[[25704,70175],[2,-70],[88,-236],[68,-152],[41,-58],[56,-156],[129,-175],[38,-18],[42,-97],[212,64],[41,-54],[191,73],[73,-237],[40,-209],[104,87],[52,-2],[82,-69],[61,-3],[0,-83],[64,-8],[42,-53],[0,-86],[95,-367],[187,280]],[[27412,68546],[49,-4],[-8,-59],[270,-231],[16,-266],[60,-59],[38,-117],[5,-302],[172,-22],[26,-119]],[[28040,67367],[-89,-22],[-24,-43],[172,-122],[-59,-213],[-80,-183],[373,-656],[-71,-418],[-44,-109],[-74,-34],[15,-25],[-69,-420]],[[28090,65122],[-140,55]],[[23173,67468],[34,147],[9,36],[44,36],[6,4],[12,10],[32,89],[7,21],[-1,19],[-9,108],[-22,254],[10,301],[0,9],[3,77],[9,134],[18,40],[2,5],[24,52],[-29,122],[-28,120],[8,154],[1,24],[8,153],[-17,105],[-72,435],[3,199],[52,82],[3,123]],[[23280,70327],[359,-73],[298,-190],[-50,224],[47,62],[109,-12],[96,-83],[28,-68],[78,33],[21,-44],[111,-22],[2,38],[72,-21],[12,53],[19,-6],[-22,-125],[271,-342],[-14,-180],[43,-4],[12,97],[65,-10]],[[28590,64357],[-108,-82],[33,221],[-40,191],[-3,6],[-117,255],[-177,139],[-88,35]],[[28040,67367],[115,177],[71,-5],[79,-116],[78,-65],[50,-284],[208,369],[-61,91],[29,752],[130,-4],[0,38],[36,18],[7,82],[23,18],[-21,180],[44,195],[4,125],[59,19],[-69,279],[15,75],[-31,24],[29,72],[-8,37],[-28,10],[6,63]],[[28805,69517],[36,7],[13,106],[53,63],[67,539],[124,-65],[23,104],[87,-67]],[[29208,70204],[40,-31],[-22,-123],[71,-89],[52,-149],[158,351],[39,-27],[104,357],[261,-255],[239,-292],[85,-64],[35,2],[130,-141],[121,-103],[-31,-198],[296,-163],[97,-154],[22,30],[41,-71],[17,21],[86,-67]],[[39277,67198],[-114,106],[33,122],[-48,58],[-16,111],[-87,130],[-64,41],[153,452],[41,318],[37,155],[-69,57],[38,144],[-178,236],[-138,123],[-3,42],[172,26],[183,154],[113,10],[71,148],[-6,44],[28,117],[17,207],[80,200],[31,145],[-5,93]],[[39546,70437],[9,43],[84,53],[65,-8],[16,-39],[136,88]],[[39856,70574],[158,-52],[23,47],[131,12],[54,105],[233,98],[202,-4],[50,-6],[-7,-186],[12,-84]],[[40712,70504],[-10,-350],[-30,-180],[8,-125],[-14,-167],[18,-232],[-22,-174],[-56,-154],[56,4],[-43,-361],[45,-125],[-31,-341],[28,-100],[-13,-125],[32,-111],[9,-157]],[[51967,70794],[158,-284],[44,-126],[202,-158],[141,-159],[136,-440],[118,220],[58,1],[162,312],[630,-557],[105,115],[66,-462],[716,-178],[382,-960]],[[49118,66690],[17,19],[-12,119],[44,81],[-56,179],[-55,11],[47,65],[83,8],[156,135],[120,30],[0,311],[-72,96],[-170,93],[-92,117],[14,42],[-68,9],[-84,210],[-113,160],[-27,132],[54,123],[223,-100],[19,107],[-26,128],[157,153],[123,-49],[-11,126],[15,254],[21,54],[82,0]],[[49507,69303],[36,-156],[13,-224],[121,-259],[203,217],[86,219],[39,-9],[25,40],[19,-30],[49,54],[510,795],[25,303],[74,45],[-72,231],[106,66],[6,-80],[92,-215],[121,-125],[-3,-155],[17,-74],[117,-10],[203,105],[-31,197]],[[39856,70574],[-36,99],[83,40],[98,103],[-5,296],[-58,140],[54,151],[10,194],[63,-30],[21,235],[23,21],[-27,83],[199,77],[-24,494],[146,86],[-370,598],[-31,314],[-1,232],[-35,125],[22,170],[-8,91]],[[39980,74093],[16,137],[-34,210],[-28,32],[6,177],[-17,26],[-4,114],[13,72],[-19,140],[16,75],[-21,97],[8,42],[-23,30],[193,197],[116,210],[118,0],[7,39],[-38,87],[50,110],[-12,40],[41,49]],[[40368,75977],[44,59],[-16,130],[16,157],[-15,88],[101,192],[19,188]],[[40517,76791],[126,-112],[60,-114],[184,-705],[69,-99],[167,-137],[-3,-50],[-113,-250],[-25,10],[-33,-61],[7,-28],[-34,-12],[-83,-261],[39,-365],[-39,-260],[-2,-239],[-25,-58],[22,-141],[-26,-133],[-7,-188],[23,-231],[-39,-76],[18,-183],[-9,-143],[-12,-121],[-59,-198],[4,-73],[-22,-9],[3,-242],[49,13],[2,-104],[184,45],[251,149],[243,249],[104,4],[105,109],[-124,-457],[-13,-259]],[[41509,72061],[-145,-244],[-391,-257],[10,-264],[-155,-209],[29,-156],[-28,-161],[-113,-215],[-4,-51]],[[33663,64075],[-138,233],[-113,327],[37,115],[-17,98],[-8,47],[-22,134],[-46,12],[-5,1],[-16,103],[-15,88],[-85,131],[15,117]],[[33616,68723],[-40,131],[48,32],[-42,142],[221,181],[-59,151],[28,32],[24,-53],[86,118],[-45,87],[57,133],[-39,55],[16,114],[-30,18],[10,82],[-50,26],[29,99],[99,-75],[41,137],[20,-37],[68,210],[78,-50],[56,261],[-43,36],[17,98],[-48,38],[3,240],[-18,7],[3,36]],[[34106,70972],[552,-156],[867,-160],[701,-524],[-153,-36],[32,-99],[-18,-30],[53,-4],[29,-184],[-60,-5],[28,-129],[-9,-15],[22,-49],[-66,-101],[94,-192],[-55,-122],[11,-29],[-53,-70],[13,-54],[-53,-72],[-41,-139],[12,-13],[-20,-64],[81,-168],[-35,-61],[13,-32],[-17,-38],[66,-80],[46,47],[28,-80],[65,112],[34,-165],[-3,-104],[31,4],[1,-59],[24,11],[12,109],[23,47],[54,-115],[21,65],[45,37],[51,-42],[-4,-31],[69,-114],[90,-89],[36,53],[66,-28],[10,57],[28,-15],[-3,-94],[86,-49],[-16,-115],[33,-26],[14,54],[126,-44],[53,-114],[61,-29],[9,-45],[-13,-46],[-48,-1],[-78,-178],[41,-71],[250,-2],[204,-222],[73,-30],[57,-91],[-153,-1146]],[[74883,70557],[-35,-148],[4,-51],[42,-95],[83,-38],[-139,-93],[70,-103],[-83,-166],[-24,-114],[53,-142],[216,-176],[43,-208]],[[75113,69223],[15,-71],[-72,-139],[23,-135],[30,-40],[192,-59],[159,196],[94,-167],[14,-119],[-41,-93],[-125,-44],[-46,-76],[-3,-125],[59,-126],[122,-104],[4,-70],[66,-4],[53,-95],[110,14],[101,-57],[109,1],[70,-132],[230,252],[117,196],[26,-37],[46,70],[-30,57],[74,106],[112,27],[6,-36],[147,84],[2,-28],[196,134],[173,-116],[24,32],[101,-241],[-19,-71],[8,-30],[169,-163],[138,-374],[151,-308],[453,-422],[194,-104],[18,-50],[-8,-28],[-131,-103],[-42,-98]],[[71544,67081],[109,126],[5,49],[-47,88],[4,71],[150,199],[19,88],[158,244],[7,53],[101,71],[143,250],[99,45],[93,159],[85,61],[35,84],[7,149],[32,39],[-34,279],[-39,100],[-56,266],[-56,124],[-53,16],[-272,-108],[-111,56],[-21,111],[73,85],[-44,142],[-14,666],[347,335],[87,47]],[[27412,68546],[-157,145],[9,231],[38,163],[-44,49],[35,350],[99,279],[81,-76],[18,62],[50,-35],[15,109],[31,-17],[-6,83],[6,55],[122,8],[29,574],[90,383],[140,-7],[-33,151],[34,18],[-2,84],[40,6],[26,99],[32,1]],[[28065,71261],[68,-67],[10,30],[27,-20],[20,69],[74,-78],[24,-35],[-46,-99],[-65,-303],[14,-3],[-6,-57],[130,-60],[-12,-93],[48,-34],[-50,-338],[-55,-184],[21,-2],[-3,-128],[87,-4],[78,58],[-1,39],[-26,11],[2,50],[50,5],[9,103],[104,9],[16,121],[29,40],[23,-20],[-32,-128],[17,-29],[-8,-115],[32,-30],[8,-101],[58,27],[-15,-177],[129,-65],[-19,-136]],[[48121,66493],[44,58],[5,142],[20,8],[67,188],[-1,69],[-51,106],[-14,251],[34,245],[28,402],[-18,230],[-47,85],[24,21],[-59,134],[8,103],[-172,452],[-119,-43],[-87,104],[-217,70],[-24,82],[-11,-20],[-43,90],[15,22],[-17,91],[53,90],[10,132],[-41,45],[-15,-39],[-149,137],[21,75],[4,280],[73,215]],[[47442,70318],[113,119],[182,-218],[6,-123],[123,37],[140,-90],[73,9],[140,-318],[104,-39],[39,83],[30,202],[-47,519],[-53,101],[-138,-98],[-38,65],[9,146],[26,86],[154,221],[206,49],[105,122],[63,28],[50,85],[-67,124],[51,118]],[[48713,71546],[122,41],[33,-89],[0,-200],[-24,24],[-5,-123],[-59,-61],[27,-80],[63,19],[39,-81],[32,-5],[20,20],[4,98],[35,39],[75,-127],[68,-189],[274,-161],[77,29],[168,239],[60,-147],[57,-296],[-88,-31],[-100,-150],[-53,-824],[-55,-99],[24,-89]],[[46089,66991],[223,221],[-166,395],[-110,507],[300,239],[-4,56],[216,295],[-109,207],[-38,151],[-17,179],[-119,185],[-25,181],[-61,242],[173,257],[100,-263],[82,109],[-92,297],[59,112],[9,115],[60,171],[66,3],[70,189],[-54,208],[-10,146],[-87,354]],[[46555,71547],[138,112],[117,168],[90,68],[40,86],[33,-43]],[[46973,71938],[41,-120],[57,25],[48,-40],[33,-143],[96,-207],[-35,-89],[8,-25],[-159,-283],[2,-75],[82,-235],[33,-268],[111,-178],[152,18]],[[34106,70972],[-56,17],[34,156],[-36,95],[56,124],[-32,59],[15,246],[56,-12],[32,160],[52,-60],[20,79],[52,39],[193,-124],[7,23],[93,-36]],[[34592,71738],[58,-42],[33,59],[50,-83],[25,82],[46,7],[83,-76],[69,-28],[28,14],[42,-60],[114,-31],[30,-35],[100,-233],[39,16],[-7,49],[57,29],[-15,130],[103,25],[23,92],[105,-111],[41,83],[28,-20],[-18,-67],[231,-354],[76,116],[16,-29],[48,49],[15,-36],[35,49],[-15,27],[220,318],[14,-26],[61,45],[12,-66],[66,4],[0,100],[-25,50],[53,105],[-25,55],[37,30],[79,-142],[164,176],[89,-96],[28,123],[41,-138],[85,48],[11,-98],[57,-6],[8,-100],[376,467],[14,-27],[31,39],[86,-175],[21,7],[57,-307],[279,160],[127,-297]],[[37998,71609],[154,-287],[310,302],[153,-412],[59,-300],[72,13],[36,-142],[49,20],[85,-209],[106,-69],[-19,-194],[222,-5],[57,54],[16,-32],[248,89]],[[41509,72061],[140,173],[126,-370],[-26,-48],[21,-48],[-14,-21],[89,0],[209,-149],[67,-496],[54,26],[34,-228],[36,11]],[[42245,70911],[-20,-60],[56,-163],[55,-283],[85,-650],[37,-413],[9,-349]],[[46973,71938],[164,169],[24,100],[131,301],[314,-1],[95,-165],[74,-100],[61,-26],[32,-69],[185,193],[41,87],[159,-255],[-82,7],[58,-166],[306,-185]],[[48535,71828],[129,-277],[49,-5]],[[25704,70175],[122,59],[114,126],[6,-31],[74,29],[-2,33],[138,26],[0,64],[189,52],[1,73],[-123,20],[-6,164],[-28,-9],[-43,258],[7,677],[-127,11],[-29,97],[-51,-21],[4,195],[-65,21]],[[25885,72019],[12,112],[55,-3],[-1,160],[50,293],[959,47],[-276,-602],[325,-53],[76,65],[138,-480],[230,142],[50,73],[11,59],[47,-2],[15,71],[11,-35],[-9,-34],[79,12],[32,-3],[67,114]],[[27756,71955],[11,13],[6,-29],[42,7],[110,63],[32,-88],[22,-119],[74,-205],[-17,-68],[23,-26],[14,-113],[-16,-35],[24,-37],[-16,-57]],[[27756,71955],[-65,116],[25,76],[-48,586],[60,-19],[92,111],[34,-33],[25,56],[39,10],[2,105],[-22,57],[47,63],[36,-47],[11,41],[-7,85],[36,-124],[40,50],[104,-74],[10,69],[66,-47],[46,-104],[68,-36],[-24,-70],[18,-27],[63,95],[69,2],[45,67],[68,-27],[100,-108],[8,12],[-16,46],[0,45],[8,7],[43,-38],[19,-49],[20,-1],[27,60],[20,21],[19,-6]],[[28842,72925],[-22,-234],[24,0],[55,-531],[1,-245],[63,-45],[-4,-82],[21,-2],[-2,-93],[28,-11],[-6,-76],[122,-117],[-31,-122],[23,-16],[-19,-58],[29,-55],[-11,-37],[32,-36],[-31,-103],[34,-22],[-10,-214],[61,-50],[0,-80],[22,-6],[-30,-150],[42,-27],[18,-125],[-43,-184]],[[75113,69223],[69,-15],[183,116],[297,285],[292,211],[82,-193],[163,190],[47,-122],[334,435],[214,223],[90,-1],[27,-164],[63,-131],[246,357],[290,329],[75,-131],[290,-266],[104,73],[15,25],[-115,120],[-76,235],[-316,238],[-340,63],[-719,526],[-125,495],[90,42],[47,114],[19,-11],[50,-165],[72,-11],[19,-41],[213,169],[141,61],[-88,481],[-46,144],[20,33],[51,-2],[27,-65],[305,-234],[224,32],[115,-47],[93,151],[-6,436]],[[78011,73221],[17,-90],[117,-107],[-21,-338],[81,-461],[92,-325],[363,-889],[174,-349],[-170,-66],[-259,31],[-1,-235],[165,-150],[76,-187],[-7,-68],[-61,-119],[55,-143],[-10,-38],[96,102],[78,-14],[119,83],[148,-471],[-28,-101],[-48,-62],[75,-72],[-61,-82],[-171,-20],[-69,-71],[0,-148],[115,-266],[186,-257],[132,172],[19,92],[-25,151],[180,162],[86,39],[23,-101],[104,-48],[40,-98],[34,-22],[144,47],[192,-116],[136,67],[91,298]],[[80218,68951],[122,-107],[72,-158],[-116,-344],[-15,-433],[-40,-109],[-81,-111],[-42,-330],[12,-84],[58,-141],[73,-115],[73,2],[54,49],[13,-173],[-18,-121],[-210,-64],[-290,4],[-338,-147],[-76,-313]],[[68105,71460],[38,50],[213,-404],[19,-95],[-19,-175],[314,-695],[-93,-159],[93,71],[215,172],[39,74],[55,162],[-26,148],[59,37],[71,-20],[351,316],[210,96],[156,176],[-81,216],[90,155],[-20,59],[-42,1],[-38,294],[134,177],[-12,61],[40,91],[10,84],[-11,106],[23,24],[-75,299],[49,44]],[[66721,69965],[397,575],[49,177]],[[59829,70053],[-44,173],[-151,382],[109,132],[108,283],[-138,306],[-66,86],[-48,8],[-33,105],[-135,190],[-55,132],[216,8],[49,290],[42,151],[-103,273]],[[59580,72572],[29,31],[-19,56],[127,128],[63,-56],[46,21],[22,-77],[55,-40],[266,-36],[65,58],[-64,149],[101,-10],[90,49],[12,71],[96,-65],[86,27],[131,-241],[95,60],[126,-188],[167,159],[112,59],[241,275],[940,40],[121,157],[20,133],[30,67],[143,-150],[107,9],[80,-219],[79,85],[224,-624],[127,-113],[22,-143]],[[63320,72244],[61,-325],[-22,-89],[137,-251],[-322,-360],[-523,-487],[177,-206],[253,-203],[87,-128],[151,63],[45,-58],[62,51],[472,-1070],[208,425],[51,61],[42,-137],[20,20],[122,-259],[210,128],[35,-112],[-16,-17],[22,-76],[-68,-146],[18,-54]],[[23280,70327],[-95,97],[-3,997],[20,114],[-49,155],[-7,21],[-104,71],[-116,265],[12,113],[-26,48],[50,167],[-11,55],[10,35],[2,7],[9,20],[69,166],[11,28],[-47,199],[-22,91],[-36,54],[-73,109],[-64,206]],[[22810,73345],[25,57],[20,-5],[30,72],[43,-42],[-10,69],[32,19],[124,-75],[43,-48],[135,23],[57,-31],[33,21],[13,-50],[49,-26],[15,-79],[25,-5],[10,-49],[34,55],[23,-25],[-12,-82],[12,-42],[43,51],[35,-95],[36,37],[14,-74],[34,-16],[101,-29],[15,-60],[113,-23],[70,-74],[31,-72],[-42,-33],[3,-37],[157,-55],[32,-117],[99,-15],[38,-136],[39,-14],[13,-50],[91,-27],[56,-76],[69,68],[61,-6],[117,-288],[167,10],[40,-86],[29,117],[-44,31],[12,55],[66,-22],[20,-71],[31,35],[17,-141],[59,-19],[18,69],[32,-73],[3,47],[178,194],[116,-4],[38,38]],[[25518,72141],[25,-23],[37,-52],[22,39],[36,-15],[25,-43],[22,-16],[33,36],[24,-42],[18,77],[47,-56],[78,-27]],[[80218,68951],[63,281],[36,304],[17,313],[-11,6],[34,296],[-8,511],[12,142],[-17,176],[20,150],[99,151],[69,37],[60,-24],[61,46],[61,122],[117,-52],[142,139],[122,-4],[6,136],[78,298],[91,75],[30,-23],[81,38],[57,-92],[165,-36],[72,-183],[-2,-105],[12,-22],[164,-106],[74,-75],[45,-95],[69,-2],[61,-56],[99,29],[71,81],[293,-126],[194,53]],[[82755,71334],[454,11],[264,-134]],[[86490,73554],[37,-216],[98,-312],[-156,-198],[-154,-104],[30,-68],[16,-112],[84,-153],[-8,-83],[22,-105],[-121,-57],[-22,-124],[-85,-88],[-24,-144],[335,-573],[5,-50],[-56,-118],[4,-241],[-76,-49],[-70,-138],[-79,-375],[-155,-355],[-135,-79],[-155,-516],[-134,-143],[-36,-267],[-71,-219],[-178,-24],[18,139],[-220,-239],[-58,-21],[-34,-118],[-60,-52],[-278,143],[-82,81],[-288,-429],[-1,-87],[-22,-79]],[[74682,73259],[330,189],[10,-33],[-31,-154],[141,-50],[81,74],[54,-10],[59,-206],[133,-12],[57,103],[57,11],[141,151]],[[53025,74121],[13,-53],[-7,-107],[16,-4],[13,-124],[-3,-170],[132,-51],[330,-41],[327,332],[234,45],[49,-67],[-15,-28],[145,-360],[42,-198],[334,-865],[86,-79],[-84,-328],[63,-102],[3,-98],[-25,-78],[-52,-51],[-52,6],[-82,-467],[-33,-294],[-16,-170],[56,-635],[-33,-254],[7,-125],[89,49],[8,-40],[39,23],[122,-50],[51,60],[94,-31],[35,-59],[150,216],[90,57],[20,-1],[-18,-48],[56,12],[91,143],[16,-20],[26,179],[63,-36],[45,159],[88,105],[187,-995]],[[37998,71609],[48,51],[-6,44],[33,41],[153,109],[26,8],[12,-28],[29,15],[-15,131],[23,2],[6,58],[39,20],[33,1],[-6,129],[22,71],[33,0],[3,93],[9,137],[24,-9],[27,25],[-7,81],[60,59],[3,72],[-25,79],[22,-1],[2,56],[11,-7],[34,282],[-11,82],[-88,56],[85,31],[-13,42],[68,67],[-20,124],[-56,-32],[22,125]],[[38578,73623],[84,33],[32,-68],[191,72],[24,35],[22,134],[299,452],[119,-98],[27,67],[34,-60],[23,50],[24,-34],[22,120],[12,-7],[84,-121],[35,20],[-16,-167],[59,-45],[20,-89],[54,26],[84,-66],[52,46],[60,118],[57,52]],[[63320,72244],[527,420],[-10,54],[18,80],[195,236],[51,117],[33,-33],[168,159],[277,4],[301,348],[233,164]],[[65113,73793],[235,137],[181,367],[4,94],[29,35],[283,6],[54,158],[150,62]],[[42245,70911],[45,16],[100,-207],[16,150],[33,3],[222,595],[374,319],[-11,63],[72,216],[-17,175],[142,224],[101,46],[98,16],[72,-39],[47,-81],[30,411],[33,161],[89,90],[0,46],[42,90],[98,136],[-5,93],[-30,-10],[-22,217],[-75,361]],[[43699,74002],[137,48],[-52,-119],[61,-63],[24,50],[34,-70],[32,-33],[42,7],[104,112],[26,-58],[24,34],[40,167],[54,151],[40,95],[32,52],[79,51],[52,17],[42,73],[6,130],[205,37],[41,46],[330,502],[47,134],[162,264]],[[45261,75629],[37,46],[20,-10],[71,-165],[-139,-232],[15,-96],[30,-20],[9,-275],[24,-49],[541,-321],[11,38],[186,-126]],[[46066,74419],[-160,-181],[127,-225],[18,22],[23,-41],[-9,-44],[75,-342],[72,49],[56,-117],[4,-99],[42,-122],[114,12],[87,-70],[-14,-57],[1,-141],[-24,-111],[-1,-145],[21,-3],[-7,-88],[27,-42],[13,-92],[-10,-77],[-51,-111],[-13,15],[-67,-215],[52,-396],[113,-251]],[[48535,71828],[23,46],[121,-63],[106,50],[-7,188],[73,86],[-49,166],[-60,89],[-28,101],[-169,245],[259,72],[69,-23],[111,239],[-27,149],[29,174],[-37,110],[70,49],[134,268],[53,181],[28,214],[18,3],[40,128],[-24,59],[51,123],[-74,163],[34,77],[-30,41],[-38,-31],[-122,306]],[[49089,75038],[678,527],[245,129]],[[86644,73711],[261,423],[709,607],[-2,239],[148,237],[144,35],[99,-48],[189,71],[140,-25],[169,344],[20,127],[63,166],[120,85]],[[88704,75972],[280,-1075],[-43,-376],[-18,-649],[37,-350],[90,-339],[119,-89],[42,-80],[-7,-76],[-158,-358],[17,-77],[50,-90],[-4,-96],[-129,-131],[-33,-8],[-5,30],[-64,-90],[-2,-38],[-64,-56],[-21,30],[-100,-17],[-71,91],[-216,61],[-63,-10],[-39,-70],[-106,-18],[5,-35],[-59,-32],[-166,-1],[-27,-53],[-97,42],[-29,-29],[-18,40],[-53,-104],[-43,-180],[65,-217],[-8,-44],[94,-202],[91,-562],[94,-284],[-14,-141],[17,-216],[84,-128],[28,-231],[35,52],[97,-111],[-61,-296],[-124,-381],[-72,-93],[83,-190],[-84,-118],[58,-193],[1,-218],[-118,22],[-105,-192],[41,-30],[49,-217],[173,-96],[60,-135],[112,-32],[19,100],[101,5],[25,67],[49,67],[74,29],[46,-104],[-36,-172],[33,-36],[3,-182],[17,-100],[65,83],[98,-63],[84,-178],[52,-36],[40,-158],[107,-33],[31,-91],[64,-19],[69,-117],[84,-48],[85,-212],[-64,-143],[-61,-243],[16,-197],[-16,-182],[-98,-318],[12,-131],[-44,-91],[10,-100]],[[94712,68226],[204,201],[84,261],[-5,585],[54,345],[-5,121],[197,434],[180,482],[-92,-98],[-18,31],[26,52],[2,59],[-90,1],[117,357],[-43,254],[307,773],[90,422],[141,379],[242,503],[92,-4],[158,-7],[-11,-159],[92,-122],[52,13],[139,167],[104,212],[247,370],[14,814],[40,157],[-26,168],[6,45],[-59,105],[-50,228],[-193,497],[-60,81],[-95,223]],[[96553,76176],[354,-99],[226,201],[95,84],[142,-181],[2,-93],[38,-58],[28,-43],[118,-131],[38,7],[7,-24],[14,-47],[26,-11],[70,-17],[61,-13],[31,-33],[29,-11],[20,-8],[27,-32],[15,-22],[5,-22],[1,-38],[5,-16],[29,-92],[16,-56],[21,6],[27,-9],[21,0],[37,27],[21,16],[46,-2],[110,-20],[59,-14],[25,15],[17,-23],[34,-27],[14,-4],[13,-14],[16,-10],[-2,-22],[-14,-13],[-18,9],[-6,-6],[-5,-36],[-29,-31],[-14,-2],[-18,-28],[-28,-19],[-24,-43],[-29,-54],[-9,-23],[-15,-20],[-51,-59],[-8,-13],[-5,-24],[-7,-16],[-5,-14],[-3,-27],[2,-64],[6,-163],[4,-59],[0,-24],[-1,-27],[-5,-27],[-21,-65],[-59,-120],[-7,-10],[-11,-15],[-4,-13],[0,-22],[11,-30],[2,-33],[-2,-32],[1,-30],[8,-30],[12,-24],[13,-7],[18,4],[20,1],[13,-1],[9,-5],[5,-12],[8,-14],[5,-32],[8,-28],[14,-38],[7,-16],[7,-11],[1,-15],[-2,-20],[12,-40],[8,-21],[-3,-33],[-15,-70],[-13,-61],[-6,-46],[-12,-32],[-8,-25],[-8,-44],[-13,-33],[-9,-35],[-13,-72],[-1,-17],[7,-30],[56,-71],[20,-15],[17,-36],[25,-76],[26,-50],[18,-12],[33,-8],[12,-4],[12,-9],[36,-90],[7,-18],[9,-13],[23,-16],[23,-13],[30,-14],[15,-8],[15,-1],[31,-3],[8,0],[10,8],[17,14],[11,3],[12,-9],[78,-120],[12,-15],[18,-17],[54,-37],[96,49],[155,78],[73,-252],[13,-78],[15,-172],[58,-633],[-24,-67],[28,-30],[-13,-172],[-32,-412],[-10,-43],[-45,-99],[-4,-120],[-117,-375],[-79,-257],[-6,-60],[92,-714],[-4,-64],[-67,-291],[-64,-279],[-144,-247],[-69,-183],[-21,-353],[-253,-393],[-35,-55],[-122,-398],[130,-132],[28,-29],[84,-156],[47,-130],[52,-49],[53,-9],[121,-146],[77,-223],[34,-77],[-25,15],[25,-75],[62,-159],[9,-103],[66,-163],[-19,-51],[-5,-36],[-29,-56],[-11,-32],[26,-54],[53,50],[19,-47],[36,13],[41,-12],[6,-65],[20,22],[56,-180],[21,60],[64,-170],[16,7],[29,-38],[9,2],[42,59],[23,-37],[9,-13],[20,-31],[-9,-9],[-4,-5],[12,-22],[13,-26],[-3,-29],[34,-61],[25,50],[89,-128],[203,-295],[15,-27],[9,-15],[13,-32],[13,-44],[19,-141],[3,-130],[6,-194],[2,-13],[6,-21],[8,-14],[10,-13],[4,-3],[135,-72],[27,-39],[11,-40],[11,-45],[-11,-115],[-11,-121],[-9,-126],[-7,-85],[-13,-153],[-13,-144],[-16,-155],[-39,-16],[-9,-4],[-48,-19],[-62,-25],[-89,-36],[-33,-12],[-158,-57],[-191,73],[-12,-12],[-6,-6],[-28,-30],[14,-160],[0,0],[0,0],[-74,-4],[-75,-117],[-1,-100],[1,-38],[6,-78],[-34,-94],[-129,-65],[-39,22],[-56,33],[-157,91],[-1,-4],[-2,-6],[-2,-51],[-1,-3],[-1,-26],[0,0],[-14,-6],[-6,-3],[-17,-9],[-8,-4],[-11,-19],[-3,12],[-7,27],[0,-3],[-3,-12],[-2,-19],[-2,-14],[3,-45],[4,-34],[1,-9],[2,-18],[5,-42],[0,0],[-20,31],[-9,-2],[-7,-2],[-2,-1],[41,-84],[0,0],[-28,-26],[17,-39],[1,-2],[6,-8],[21,-22],[9,-30],[0,0],[6,-46],[1,0],[0,0],[6,-39],[16,-24],[3,-3],[14,-16],[8,-21],[7,-18],[3,-4],[11,-17],[18,-35],[-3,-4],[-4,-6],[0,0],[-17,21],[-32,43],[-3,5],[-3,1],[-25,10],[-19,20],[-11,12],[-19,29],[-6,24],[0,2],[-9,22],[-10,25],[-10,23],[-8,12],[-7,10],[-14,20],[-17,22],[-47,44],[-55,39],[-10,10],[-15,15],[-16,52],[-1,5],[-11,56],[-9,5],[-10,6],[-10,40],[-8,54],[-2,25],[1,5],[0,2],[0,3],[-2,28],[-4,18],[-10,17],[-6,1],[-6,1],[0,0],[-2,-3],[-24,3],[-7,-5],[-12,-10],[-3,-4],[-3,-3],[0,0],[0,-1],[-1,0],[-12,0],[-13,13],[0,1],[-33,14],[0,0],[-30,14],[-3,2],[-27,18],[-18,9],[-22,12],[1,15],[1,1],[0,0],[7,23],[9,14],[10,0],[8,-6],[6,-14],[9,-4],[0,0],[4,4],[5,53],[27,27],[5,5],[-3,6],[-11,22],[-15,-22],[-6,-10],[-14,50],[0,1],[0,0],[25,38],[-44,14],[-17,-38],[-164,-130],[0,0],[-1,59],[21,16],[9,8],[-7,99],[-39,-3],[-35,44],[-5,109],[15,-1],[26,0],[-3,25],[-3,20],[-11,72],[-11,65],[0,0],[-67,-21],[-102,125],[-51,-122],[-209,-293],[-14,34],[-15,38],[19,87],[-11,11],[-14,14],[-35,-68],[-34,42],[0,0],[-42,54],[-135,-115],[-43,-15],[-12,-53],[0,0],[-7,-30],[-9,-40],[0,-26],[1,-44],[66,-128],[-23,-106],[-6,-32],[11,-30],[30,-80],[14,-37],[0,0],[8,-24],[5,-12],[-13,-26]],[[28842,72925],[127,490],[-17,363],[45,200],[-38,534],[-559,-160],[-7,311],[51,23],[36,117],[243,1216],[370,523]],[[29093,76542],[568,-336],[248,18],[105,55],[525,31],[54,43],[212,-732],[69,-75],[61,-153],[95,18],[44,25],[143,510],[-22,69],[19,63],[-49,205],[109,625],[273,-36],[201,247],[29,184]],[[31777,77303],[324,-503],[192,-221],[120,51],[398,-148],[111,119],[78,-61],[45,155],[29,29],[12,90],[44,-37],[1,55],[36,-51],[-4,96],[44,26],[25,-51],[76,-18],[146,-142],[42,-209],[78,-191]],[[33574,76292],[19,-207],[97,-203],[125,-668],[94,-124],[17,-94],[54,-36],[8,-97],[26,-41],[51,-125],[38,-173],[-10,-64],[2,-44],[70,-179],[-65,-118],[-46,-1],[20,-63],[431,-212],[258,-80],[-8,-130],[-132,93],[-39,-151]],[[34584,73575],[-53,-128],[5,-64],[-100,-289],[31,-40],[135,-37],[-68,-108],[33,-62],[47,74],[69,-121],[-62,-102],[-34,0],[256,-477],[-10,-14],[18,-54],[-31,-39],[-13,40],[-42,-46],[11,-41],[21,-25],[56,10],[-62,-62],[16,-47],[-94,-105],[-76,24],[-45,-124]],[[22810,73345],[-28,88],[-29,35],[-33,-30],[-87,115],[-105,-51],[-20,-85],[-32,36],[-87,205],[-75,176],[-133,460],[-24,80],[-17,97],[-36,209],[49,57],[-144,202],[-83,117],[-138,192],[-112,276]],[[21676,75524],[265,136],[23,271],[22,1],[-88,158],[180,221],[-59,9],[-40,88],[-172,201],[15,93],[106,80],[-25,293],[25,53]],[[21928,77128],[290,195],[62,-21],[-16,-43],[22,-20],[15,38],[24,-27],[27,102],[117,-71],[54,28],[60,-76],[93,-9],[71,78],[126,-41],[184,109],[23,-82],[-16,-76],[41,-23],[75,-24],[10,43],[40,5],[123,-62],[8,91],[76,-54],[-5,-55],[46,-41],[-8,-19],[65,-131],[26,7],[143,-169],[58,15],[2,-224],[25,-76],[-44,-32],[-11,-133],[-23,-64],[-49,-15],[-30,61],[-58,-59],[11,-119],[-10,-102],[49,-14],[70,-148],[30,-116],[6,-36],[-70,-36],[47,-118],[128,-261],[256,-142],[309,-336],[20,4],[82,258],[79,122],[6,465],[494,288]],[[25081,75962],[16,-114],[25,17],[289,-656],[2,-197],[19,-19],[58,-285],[46,-129],[19,2],[12,-119],[-16,-115],[-61,-218],[64,-102],[-62,-116],[-64,-224],[23,-27],[-37,-167],[10,-34],[-21,-74],[-21,-1],[-16,-162],[-9,-175],[27,-77],[-111,-185],[28,-87],[48,-20],[30,-194],[73,-131],[66,-212]],[[88704,75972],[111,127],[148,252],[1362,1337]],[[90325,77688],[103,-457],[442,-1007],[168,-431],[65,-538],[110,-614],[59,-185],[44,-44],[-65,-303],[2,-168],[-97,-28],[-35,-118],[-9,-115],[-76,-170],[14,-92],[-20,-90],[93,-104],[-69,-77],[25,-61],[-43,-68],[25,-37],[8,-147],[29,-95],[-19,-120],[6,-141],[-53,-16],[-54,-136],[-90,14],[-87,101],[-127,-61],[-75,-288],[-108,-67],[-36,-66],[12,-68],[59,-3],[40,-89],[72,-26],[45,-122],[40,44],[51,-71],[20,24],[60,-68],[144,-57],[33,58],[114,-116],[-164,-352],[-245,-199],[-86,-132],[-174,-144],[29,-51],[141,-38],[52,-111],[76,-46],[38,-102],[-11,-69],[10,-75],[-43,-163],[-45,-429],[-71,-161],[56,-187],[-81,-55],[42,-91],[-45,-83],[-12,-72],[36,-43],[-9,-57],[-65,-151],[70,-110],[-50,-33],[-12,-66],[-36,-43],[1,-74],[-56,-77],[75,-164],[148,-87],[-43,-83],[15,-62],[-82,-132],[29,-48],[-98,-246],[62,-144],[50,28],[141,-381],[125,-105],[29,-187],[45,63],[120,-10],[43,35],[102,163],[48,131],[66,15],[29,51],[60,22],[64,-37],[50,45],[17,71],[83,17],[78,-89]],[[93661,69013],[-11,49],[17,68],[8,196],[-114,342],[21,165],[-14,6],[2,131],[-67,59],[9,39],[-158,-114],[-106,136],[-39,49],[-85,191],[-112,23],[-270,191],[11,43],[32,-28],[25,51],[-29,26],[26,62],[13,121],[-40,240],[28,31],[-46,147],[-45,40],[171,247],[33,216],[36,81],[-109,113],[28,96],[-29,373],[14,72],[-13,615],[9,295],[-21,224],[-127,576],[-58,706],[20,483],[-56,331],[-161,18],[-100,109],[-106,253],[-8,135],[53,7],[5,247],[175,416],[143,76],[45,105],[116,86],[13,94],[62,86],[142,17],[196,115],[50,-26],[78,48],[59,-13],[357,269],[156,44],[61,65]],[[93951,77856],[214,26],[51,-45],[119,14],[11,23],[7,-34],[10,-44],[39,-226],[118,-128],[-95,-70],[29,-119],[32,-3],[53,-5],[27,-144],[49,-234],[25,-118],[34,-42],[53,-50],[11,-115],[64,-173],[1,-71],[-10,-51],[-62,-90],[113,-249],[16,-17],[43,-45],[40,32],[88,185],[142,78],[59,14],[98,23],[76,121],[144,150],[72,75],[54,-57],[29,-266],[11,1],[93,7],[102,-35],[17,37],[110,245],[40,68],[49,80],[140,-174],[96,67],[92,2],[98,-323]],[[78215,75274],[18,31],[48,-118],[79,-302],[23,58],[42,-61],[166,1],[69,123],[26,-17],[135,110],[-97,-318],[251,-53],[35,-20],[66,-134],[0,-41],[233,-64],[-8,156],[42,147],[-10,48],[31,-5],[2,-72],[82,29],[43,62],[38,124],[28,-6],[111,276],[124,-49],[125,6],[114,312],[176,320],[28,95],[46,-8],[61,53],[-24,71],[91,10],[6,128],[114,14],[117,355],[49,346],[102,420],[22,187],[78,132],[115,113],[27,-117],[70,-67],[43,38],[48,-155],[312,229],[192,52],[211,178]],[[81915,77891],[80,-350],[-198,-2008],[-240,92],[-76,245],[-45,36],[-130,-34],[-72,42],[44,-238],[24,25],[257,-736],[1196,-3631]],[[73009,75824],[128,193],[-20,154],[20,40],[-18,119],[58,129],[-8,26],[24,70],[74,65],[55,125],[83,-21],[32,63],[70,44],[11,154],[-21,158],[20,38],[-43,232],[12,49],[98,61],[122,-19],[168,305],[17,76]],[[73891,77885],[53,12],[76,-109],[166,170],[90,-49],[108,85],[194,-29]],[[74578,77965],[-91,-158],[8,-134],[-33,-41],[11,-38],[26,-47],[5,47],[29,26],[91,-326],[54,-111],[103,97],[-21,101],[186,134],[45,67],[24,-104],[-77,-63],[83,-126],[30,-133],[-113,-139],[101,-94],[189,81],[5,-48],[-31,-74],[-46,4],[-3,-45],[-30,-12],[-12,-160],[226,-70],[32,-92],[235,142],[136,-27],[82,48]],[[38578,73623],[-58,96],[16,55],[78,95],[-3,76],[70,201],[30,-26],[53,69],[26,120],[23,-9],[53,152],[52,44],[-168,56],[-23,-10],[-170,355],[-1,-291],[-28,58],[-28,-27],[-84,167],[7,298],[-79,222],[-149,246],[65,132],[118,602],[-66,49],[-43,63],[-6,78],[-54,157],[198,428],[-12,48]],[[38395,77127],[148,257],[61,194],[2,118],[-23,157],[-28,66],[-78,48],[12,73],[28,16],[134,-244],[65,-63],[96,12],[101,69],[107,-152],[10,19],[76,-154],[64,3],[140,-96],[16,38],[77,-75],[140,-232],[102,-63],[-43,-68],[-14,-267],[146,-12],[-60,-299],[85,-157],[13,28],[73,-121],[19,36],[48,-111],[123,191],[83,-116],[66,97],[59,-76],[67,-205],[58,-61]],[[40517,76791],[5,87],[114,107],[-9,87],[178,133],[111,280],[28,196],[84,125],[-9,17],[35,86],[10,-16],[109,182]],[[41173,78075],[8,-61],[86,-140],[168,-185],[-58,-277],[101,36],[0,-73],[35,76],[52,-384],[46,-129],[88,-132],[206,-172],[638,-1139],[44,-123],[29,-188],[16,10],[22,-180],[98,21],[158,-40],[23,28],[113,-128],[123,157],[6,72],[48,-2],[49,150],[-15,54],[30,16],[29,-88],[45,-27],[-40,-43],[15,-127],[-23,-36],[17,-106],[20,-19],[-12,-37],[25,-20],[-2,-51],[19,-42],[-8,-57],[21,-32],[-7,-30],[47,-15],[24,-66],[147,36],[57,-164],[27,-158],[-7,-145],[-20,-23],[-10,-95],[48,5]],[[67330,76006],[8,-16],[15,49],[113,57],[27,-24],[419,376],[44,-155],[146,106],[171,-119],[2,25],[42,-90],[32,55],[98,-123],[71,171],[-36,21],[-10,158],[104,73],[127,-40],[198,-141],[398,309],[-67,57],[-19,-28],[-14,21],[22,73],[-7,186],[64,262],[38,23],[35,-109],[246,354]],[[69597,77537],[21,2],[33,110],[80,130],[190,207],[55,18],[69,138]],[[70045,78142],[54,-189],[-6,-75],[-115,-153],[-18,-127],[-53,-81],[12,-40],[95,-108],[11,-51],[-19,-8],[3,-38],[150,38],[3,128],[35,8],[53,-177],[45,-19],[37,-121],[-11,-51],[133,-122],[12,-88],[-25,-58],[5,-153],[-91,-31],[-65,-111],[-165,-178],[-119,-314],[-102,-182],[186,-232],[68,-206]],[[34584,73575],[4,-42],[124,-111],[225,321],[75,-64],[-20,-49],[31,-26],[-14,-44],[49,-31],[7,-53],[122,208],[149,144],[68,220],[139,253],[9,99],[-21,80],[3,90],[-38,162],[60,256],[-3,382],[-16,-10],[10,113],[43,22],[-22,199],[515,300],[121,30],[-30,103],[33,46],[-49,116],[72,264],[20,0],[32,98],[-12,18],[67,94],[-16,68],[27,43],[8,69],[62,85],[54,-6],[108,176],[22,-9],[16,-109],[79,38],[-39,360],[70,71],[59,0],[96,-101],[134,-5],[-10,-86],[143,236],[64,-118],[247,-167],[73,133],[164,684],[-8,22]],[[37690,78147],[7,21]],[[37697,78168],[485,-681],[213,-360]],[[70045,78142],[-18,68],[-71,100],[0,79],[50,143],[27,239],[99,194]],[[70132,78965],[160,52],[39,60],[197,-134],[50,29],[43,-106],[27,-8],[261,254],[83,171],[97,-128],[9,-58],[63,-9],[70,-124],[209,131],[-10,22],[70,84],[138,-22],[143,117],[59,-179],[103,0],[329,477],[47,-125],[-65,-139],[134,-233],[36,138],[45,-54],[-37,-122],[22,-26],[48,101],[28,-14],[-23,-196],[14,-116],[37,-126],[205,243],[98,434]],[[72861,79359],[41,142],[22,-28],[-19,-132],[9,-181],[-82,-126],[83,-311],[46,-38],[24,-119],[21,3],[7,-76],[17,-3],[-4,-297],[74,-281],[227,332],[30,84],[158,107],[12,-217],[24,-97],[37,-19],[67,44],[53,-33],[183,-228]],[[33574,76292],[62,251],[85,72],[62,-37],[125,193],[370,51],[182,-55],[66,263],[15,242],[-29,516],[-43,403],[71,128],[19,88],[148,230],[190,25],[147,-86],[23,-21],[-9,-23],[169,62],[6,82],[98,1],[-1,-46],[62,-19],[-1,-35],[102,-38],[141,106],[114,30],[88,165],[47,221],[154,152],[67,189],[30,276]],[[36134,79678],[115,76],[9,-61],[167,126],[222,-134],[5,-81],[158,-117],[81,-134],[66,15],[97,-238],[114,-39],[80,-211],[36,11],[77,-211],[-24,-26],[85,-234],[159,-115],[109,-158]],[[52794,76009],[81,-74],[19,64],[152,230],[161,143],[130,261],[118,130],[61,-79],[-1,100],[215,58]],[[53730,76842],[121,-20],[56,61],[28,-266],[46,3],[27,-275],[155,57],[17,-92],[-22,-64],[32,-144],[26,22],[25,-124],[-2,-136],[106,89],[10,-39],[157,-70],[233,-3],[158,89],[139,140],[349,-599],[227,-198],[12,151],[105,102],[27,178],[41,118],[68,114],[116,96],[-73,174],[40,49],[-19,56],[-27,-24],[-30,77],[44,51],[-36,90],[380,163],[-4,112],[192,133],[-56,368],[210,134],[-119,354],[-112,128],[160,109],[-1,60],[33,36],[71,-32],[13,-43],[97,60],[45,-32],[35,90],[-62,62],[18,24],[52,-47],[56,60],[89,-34],[112,101],[17,-25],[-21,-93],[60,-148],[-26,-34],[-11,-70],[82,-5],[19,-59],[176,208],[87,44],[9,-110],[-15,-158],[10,-32],[43,49],[78,-58],[66,107],[-74,364]],[[57595,78291],[201,212],[13,89],[34,37],[96,-254],[78,162],[227,-310]],[[58244,78227],[34,-284],[-22,-15],[-66,-194],[57,-86],[33,58],[161,57],[180,-282],[-81,-130],[-95,-19],[-69,-69],[-114,-169],[68,-163],[24,35],[96,-204],[118,-41],[132,23],[68,-123],[76,189],[15,132],[46,137],[15,121],[-11,51],[15,59],[-11,220],[42,61],[95,307],[146,83],[17,-109],[38,18],[38,-223],[107,83],[-9,-214],[78,-88],[7,-46],[20,52],[19,-46],[94,109],[171,-368],[-41,-102]],[[59735,77047],[-71,-143],[-127,-115],[152,-237],[340,-302],[-17,-47],[4,-102],[53,-127],[-74,-159],[-6,-68],[67,-297],[-20,-86],[8,-108],[-45,-119],[5,-78],[-14,-70],[-82,-235],[-62,-87],[-40,-132],[-66,73],[-20,-121],[-134,-314],[-123,-147],[109,-388],[27,-2],[83,-139],[-60,-125],[-13,-166],[-57,-229],[-45,10],[-61,-186],[63,-155],[19,-116],[52,42]],[[59735,77047],[53,-188],[131,48],[107,274],[62,13],[128,192],[166,60],[36,-96],[84,87],[87,-63],[83,61],[118,-339],[139,81],[52,69],[-16,46],[78,46],[40,-96],[-2,75],[51,108],[68,115],[105,95],[-23,93],[24,26],[-76,275],[49,96],[16,179],[52,171],[130,195]],[[61477,78670],[1648,-180],[-24,-19],[42,-176],[21,12],[8,-74],[-65,-51],[-34,98],[-39,-69],[32,-97],[82,-43],[112,-293],[-107,-112],[9,-34],[42,33],[53,-143],[-62,-39],[-20,-77],[90,-233],[56,25],[-1,-112],[35,-158],[81,-57],[14,-48],[108,51],[16,-84],[52,16],[19,-63],[38,27],[66,-225],[99,16],[10,130],[15,2],[8,-81],[165,128],[79,129],[9,-37],[153,137],[-20,56],[12,17],[61,-29],[168,162]],[[64508,77175],[70,-262]],[[64578,76913],[-132,-230],[-306,-216],[87,-217],[54,-272],[-43,-299],[6,-150],[39,-121],[97,-52],[9,-63],[34,-49],[92,46],[126,-68],[25,74],[260,162],[23,-131],[42,-48],[-278,-357],[82,-241],[73,-24],[29,-68],[17,-173],[-18,-132],[57,-125],[155,-162],[5,-204]],[[64578,76913],[230,186],[379,150],[307,222],[361,162],[71,143],[76,258],[113,185],[129,95],[172,63],[177,-17],[15,62],[52,34],[39,-35],[-2,57],[-53,38],[10,57],[-16,109],[55,18],[250,241],[92,21],[298,177],[64,4],[112,84],[39,-276],[194,176],[146,39]],[[67888,79166],[2,-65],[25,-7],[7,-44],[316,10],[744,-330],[-42,-290],[181,-372],[102,10],[68,-62],[49,-134],[-11,-105],[74,-212],[-24,-50],[218,22]],[[25081,75962],[104,143],[24,90],[125,236],[-7,411],[-36,73],[21,13],[14,159],[-92,101],[-64,-12],[-51,174],[20,108],[150,92],[11,41],[-20,181],[-69,101],[50,325],[65,-56],[90,231],[35,-10],[74,92],[5,57],[21,-27],[56,140]],[[25607,78625],[140,-180],[346,-172],[30,224],[-11,100],[44,124],[-25,27],[10,63],[116,169],[40,115],[36,-42],[45,90],[110,-42],[158,122],[31,59],[131,-11],[17,68],[99,68],[14,-20],[-13,-76],[141,-21]],[[27066,79290],[2,-113],[-41,-84],[-111,-82],[-21,18],[-31,-107],[-2,-87],[16,6],[17,-92],[19,-187],[335,-285],[35,-107],[113,-174],[46,-152],[110,-119],[3,-76],[-34,-76],[-4,-58],[46,-122],[-19,-137],[53,-130],[114,-77],[1,-32],[122,-56],[317,-66],[166,-156],[60,-133],[98,-53],[0,-51],[112,-111],[124,21],[11,53],[41,36],[33,177],[150,-20],[146,-116]],[[46066,74419],[37,101],[-124,141],[0,142],[-93,166],[29,149],[71,189],[17,108],[-11,98],[61,153],[43,210],[87,68],[5,-209],[27,-128],[92,64],[22,-111],[22,21],[39,-54],[76,220],[36,14],[105,-168],[42,149],[116,209],[95,261],[-31,96],[-10,135],[-42,-34],[-137,406],[-322,788],[-110,-193],[-94,254],[271,194],[39,342],[144,67],[-49,90],[48,45]],[[46567,78402],[84,77],[53,-162],[96,29],[50,-159],[381,261],[-7,41],[124,114],[12,85],[102,6],[14,-63],[1192,839]],[[48668,79470],[82,-593],[1,-324],[-23,-153],[-43,9],[-69,-154],[33,-99],[-24,-137],[-57,-148],[-33,-49],[-114,-17],[-84,-62],[23,-60],[-64,-82],[10,-84],[44,-73],[-46,-107],[30,-47],[-108,-145],[35,-58],[-31,-41],[15,-45],[-32,-41],[34,-79],[-148,-194],[57,-151],[5,-310],[124,-143],[13,-64],[-40,-34],[-91,-246],[67,-293],[475,777],[181,-297],[80,113],[-10,41],[166,119],[28,-99],[-238,-323],[107,-220],[-39,-67],[-15,32],[-24,-39],[55,-96],[-17,-29],[49,-71],[-11,-22],[44,-84],[24,-143]],[[27066,79290],[90,171],[41,31],[38,127],[123,205],[75,370],[80,-13],[107,-102]],[[27620,80079],[75,-131],[75,-41],[27,32],[50,-86],[30,82],[35,-28],[74,151],[90,-40],[33,146],[-17,30],[60,121],[-35,40],[34,104],[241,-318],[65,-282],[60,-161],[89,129],[45,-95],[-20,-23],[4,-53],[45,-68],[58,87],[10,-31],[61,67],[41,-13],[6,-120],[77,15],[43,-110],[43,12],[103,-88],[3,-97],[25,7],[-3,60],[80,-24],[54,48],[118,-13],[0,-92],[28,-8],[-16,-58],[51,-39],[90,204],[163,-6],[-16,43],[22,27],[203,12],[133,95],[149,195],[-30,49],[256,388],[409,-744],[85,137],[227,-291],[48,54],[52,-3],[36,148],[-68,265],[13,88],[-34,-1],[29,176],[68,11],[485,-187]],[[31782,79851],[-10,-55],[19,18],[142,244],[117,-193],[17,-66],[11,20],[1,-108],[30,-64],[-114,-150],[134,-297],[88,-112],[33,-210],[2,-156],[-68,-120],[-36,-127],[25,-76],[3,-88],[97,-20],[-13,-41],[89,-79],[-48,-43],[48,-61],[-38,-76],[64,-46],[-6,-33],[-196,-11],[-37,-86],[-65,-50],[10,-192],[-81,-2],[-42,43],[-29,-104],[-125,25],[-27,-232]],[[77095,77099],[53,140],[-33,-7],[-16,100],[129,126],[151,247],[189,186],[70,2],[28,63],[14,87],[-21,7],[-37,-67],[-61,20],[-60,211],[-106,78],[-90,272],[-38,285],[53,417],[-18,165],[46,12],[42,135],[-14,203],[45,6],[84,123],[85,2],[177,224]],[[77767,80136],[139,107],[284,-96],[3,34],[429,-7],[223,61],[91,-82],[58,-127],[79,97],[365,-14]],[[79438,80109],[183,16],[74,-45],[142,1],[440,424],[56,-40],[39,-178],[137,-49],[171,216],[-4,-58],[204,-191],[95,11],[108,-74],[42,53],[57,-15],[117,-118],[177,-71],[111,-135],[109,-40]],[[81696,79816],[-66,-434],[-40,-29],[27,-136]],[[81617,79217],[298,-1326]],[[41173,78075],[87,49],[181,217],[81,175],[-253,290],[-124,328],[-36,-35],[-16,49],[15,264],[54,151],[-32,231],[8,88],[173,66],[105,140],[113,-200],[64,104]],[[41593,79992],[85,-264],[50,38],[23,-42],[18,-85],[-16,-20],[24,-73],[183,38],[1,88],[34,4],[58,170],[89,96],[11,131],[-80,188],[152,122],[115,190],[156,-46],[39,147],[3,88],[-38,5],[-5,90],[-30,83],[69,100],[41,-27],[23,-75],[28,10],[76,-98],[57,66],[31,-14],[8,59],[63,-158],[65,104],[108,-149]],[[43034,80758],[-77,-141],[44,-81],[-50,-14],[-23,-58],[220,-232],[41,-213],[99,-314],[2,-121],[45,-109],[-54,-92],[58,-146],[-131,-74],[141,-594],[91,-226],[98,-188],[63,81],[120,-205],[31,3],[78,115],[-14,47],[32,88],[-36,153],[91,116],[-23,63],[78,105],[22,-18],[57,54],[78,-5],[30,-81],[16,23],[172,-503],[174,-268],[78,-61],[32,-109],[429,-467],[121,-215],[18,-63],[-52,-38],[-18,-154],[30,-94],[-114,-175],[-96,42],[33,-263],[-20,-68],[23,-55],[85,31],[69,-276],[118,-181],[-9,-19],[24,-55],[-18,-40],[21,-34]],[[43034,80758],[79,136],[42,159],[42,68]],[[43197,81121],[41,-52],[135,18],[193,-48],[87,48],[37,-90],[316,177],[166,-9],[115,-384],[12,17],[3,-102],[140,67],[111,-17],[4,58],[106,21],[170,20],[94,-34],[89,-187],[67,-231],[71,12],[61,80],[89,32],[192,162],[145,53]],[[45641,80732],[31,-15],[0,-58],[18,-26],[-18,-53],[36,-238],[85,100],[90,-298],[-129,-88],[-219,-268],[37,-168],[-40,-70],[21,-30],[-7,-107],[17,-12],[-16,-126],[49,-152],[-124,-340],[-1,-126],[34,-44],[77,-246],[58,74],[-20,164],[98,51],[-6,116],[28,28],[-24,100],[70,19],[-4,82],[36,40],[230,-222],[19,125],[66,-56],[19,33],[37,177],[22,-16],[18,70],[109,-79],[255,202],[-15,-356],[28,-165],[0,-146],[-39,-206]],[[17617,78735],[11,-115],[-12,-21],[-32,-55],[-36,-64],[-26,-127],[-128,-253],[-130,-147],[-110,-256],[10,-217],[2,-42],[-96,-334],[18,-110],[-40,-191],[-38,-42],[-45,-48],[-57,67],[-56,-18],[-34,94],[-64,-49],[-5,-4],[-34,229],[-92,-56],[-50,-115],[-109,-249],[-303,-167],[-69,30],[-198,-184],[-5,-30],[-14,-79],[-59,-16],[-17,-5],[-79,-14],[-148,-27],[-28,-95],[-13,-44],[-94,119],[-25,30],[-48,-99],[-98,-205],[-148,-112],[-29,-21],[-83,-125],[-73,44],[-92,145],[-4,7],[-36,55],[-10,107],[-15,145],[-114,173],[-34,112],[-52,163],[-69,38],[-628,342],[-67,-45],[-164,17],[-47,97],[14,243]],[[13615,77211],[12,-5],[10,57],[27,126],[-20,290],[-208,390],[14,63],[60,91],[16,69],[504,-408],[206,732],[-109,-43],[-22,47],[16,93],[149,369],[-3,91],[27,-8],[-12,97],[16,150],[66,-7],[25,74],[-18,2],[31,90],[-26,19],[2,67],[33,-8],[6,56],[-45,98],[70,43],[7,108],[18,17],[-31,105],[18,37],[-14,42],[23,33],[39,-33],[7,105],[37,-2],[-5,127],[15,81]],[[14556,80466],[106,12],[56,-90],[1,-79],[95,-76],[43,87],[27,-29],[35,105],[-84,140],[210,184],[139,-193],[88,146],[-28,63],[62,140],[-49,53],[-7,58],[31,108],[127,-120],[38,290],[125,-93],[42,205],[53,-39],[105,45],[33,-335],[67,36]],[[15871,81084],[98,55],[58,-214],[79,-167],[29,-10],[-22,-21],[31,-198],[26,12],[61,-274],[140,-309],[55,-56],[277,-79],[16,-140],[-55,-134],[60,-136],[-29,-39],[-6,-227],[46,-32],[40,-292],[27,-2],[11,-51],[77,-69],[23,74],[52,23],[34,69],[86,35],[-4,59],[-97,50],[1,80],[59,79],[-23,20],[-2,69],[52,42],[97,-36],[68,-286],[-11,-30],[20,-19],[17,-98],[41,-85],[6,-55],[31,-89],[185,89],[70,-5],[22,48]],[[81617,79217],[218,51],[320,330],[236,290],[18,118],[70,156],[201,198],[10,-98],[82,-244],[83,-44],[66,33],[39,-43],[40,78],[17,102],[43,54],[5,152],[20,-16],[34,73],[16,-134],[162,-146],[93,61],[53,-50],[67,8],[23,48],[64,6],[31,58],[-64,147],[204,-15],[75,-53],[57,98],[144,34],[58,146],[97,93],[235,27],[78,173]],[[84512,80908],[251,71],[-86,-328],[-415,-652],[404,142],[209,215],[252,131],[221,-26],[137,44],[80,123],[44,22],[10,100],[64,127],[19,137],[66,133],[53,203],[102,-48],[99,93]],[[86022,81395],[134,-339],[131,-535],[62,-84],[-29,-133],[8,-41],[-63,-147],[-186,-231],[-16,-151],[11,-334],[-223,42],[-77,-84],[-62,51],[-43,86],[-23,-57],[-95,-41],[-57,33],[-113,-66],[-208,-323],[-32,-114],[30,-65],[31,-174],[59,-143],[-30,-70],[-3,-257],[12,-525],[35,-157],[-27,-56],[-75,-448]],[[48668,79470],[-34,637],[-58,397],[20,375]],[[48596,80879],[163,88],[13,-58],[111,101],[84,10],[254,352],[47,-47],[96,78],[-3,126],[49,-31],[161,33],[39,-142],[191,165],[75,-188],[-35,-283],[73,-140],[129,223],[30,-10]],[[50073,81156],[-12,-322],[48,28],[-7,-64],[16,-43],[36,21],[46,-198],[-194,-145],[33,-248],[-15,-63],[55,-88],[12,-93],[52,-115],[146,-110],[83,-153],[189,-208],[-115,-243],[-28,-190],[-165,-497],[90,-487],[168,-720]],[[90325,77688],[284,52]],[[90609,77740],[138,172],[194,53],[68,-52],[90,81],[283,-166],[82,17],[189,166],[157,219],[225,158],[26,83],[57,52],[21,199],[44,57],[-10,20],[24,75],[-25,9],[37,144],[46,23],[54,127],[145,153],[0,45],[-33,59],[43,59],[-26,80],[43,93],[-16,59],[15,98],[-61,88]],[[92419,79911],[41,70],[147,-57],[118,74],[51,94],[227,193],[59,157],[122,178],[25,996],[289,-151],[372,-184]],[[93870,81281],[-7,-121],[-68,-23],[-140,-259],[-203,-250],[-7,-79],[54,-27],[66,-160],[-12,-944],[69,-44],[107,42],[122,-96],[33,-100],[166,-212],[39,6],[6,-11],[-33,-390],[-113,-9],[-137,-289],[-1,-60],[69,-119],[27,-161],[44,-119]],[[72861,79359],[-227,696],[-130,155],[-77,38],[-45,204],[-14,103],[66,312],[0,246],[108,45]],[[72542,81158],[80,54],[170,-190],[21,50],[89,-62],[69,-120],[97,25],[93,-192],[64,-65],[190,-62],[50,118],[-19,163],[33,221],[-1,128],[47,128],[73,60],[157,10],[73,73],[90,-12],[59,114],[87,13],[12,103]],[[74076,81715],[252,-245],[62,-179],[95,-171],[19,-327],[-15,-47],[13,-44],[-35,-115],[-17,-157],[-9,-219],[25,-177],[-24,-183],[85,41],[74,119],[97,51],[97,114],[1064,742]],[[75859,80918],[14,-140],[-22,-72],[-8,-96],[-61,-153],[-10,-87],[-39,-32],[4,-96],[25,-52],[38,-16],[250,116],[16,-174],[-84,-3],[-69,-37],[-64,-145],[-9,-137],[83,-227],[44,-301],[83,-270],[22,-164],[-60,-89],[-172,-136],[-42,-11],[-38,-47],[-20,6],[-1,84],[-20,40],[-102,-64],[-18,-33],[-17,-141],[-29,-42],[-73,-25],[-36,-46],[-76,27],[-54,-36],[-220,-30],[-185,-226],[-27,-3],[-51,60],[-73,-109],[-27,5],[-15,41],[-31,9],[-67,-45],[-40,-56]],[[13615,77211],[-30,99],[-50,-60],[-131,432],[-216,-2],[-200,94],[-97,101],[-48,49],[-154,159],[-55,-22],[-173,290],[11,189],[4,81],[-51,84],[-15,198],[-157,250],[68,421],[-34,253],[-44,333],[112,37],[-41,264]],[[12314,80461],[-8,47],[111,172],[108,-258],[120,154],[51,19],[35,222],[-26,76],[3,48],[53,-32],[-7,119],[13,54],[42,-94],[35,101],[97,24],[20,54],[89,-60],[22,23],[50,237],[59,-10],[14,163],[-18,114],[160,106],[109,24],[10,-78],[114,39],[9,-57],[-30,-22],[17,-110],[-80,-34],[63,-220],[-12,-12],[19,-48],[-17,-25],[22,-59],[64,123],[16,-28],[76,21],[62,-209],[85,123],[16,-30],[17,30],[26,-62],[142,205],[36,-54],[-37,-54],[-14,21],[-58,-115],[23,-52],[93,62],[52,-127],[101,182],[40,-33],[-5,-55],[98,50],[67,-12],[31,209],[84,-65],[-23,-136],[94,-52],[-50,-216],[-13,-128],[12,-6],[-4,-145],[-36,-119]],[[53730,76842],[-25,171],[-56,132],[82,135],[63,44],[198,383],[-101,130],[-65,162],[-170,269],[164,150],[11,169],[-56,90],[-104,40],[-15,138],[-35,-25],[-8,255],[-112,335],[-149,182],[266,399],[-64,122],[66,209],[72,104],[-81,38],[79,107],[-103,240],[61,81],[48,-198],[51,3],[13,-35],[-18,-17],[19,-29],[113,-80],[-34,-119],[48,-51],[44,181],[-81,149],[1,51],[62,72],[22,-58],[43,21],[240,180],[-3,54],[68,37],[155,345],[173,311],[42,15]],[[54654,81734],[84,21],[88,77],[207,-321],[-59,-101],[172,-320],[204,-553],[0,-43],[67,-141],[266,399],[152,-362],[-11,-151],[15,-177],[-17,-168],[10,-194],[38,5],[45,92],[65,379],[7,184],[339,-406],[208,-163],[79,-192],[41,45],[13,103],[58,52],[18,-72],[36,-24],[154,24],[-2,-43],[71,-42],[31,-136],[-24,-65],[-59,-12],[78,-210],[-28,-169],[-25,-22],[18,-18],[-50,-124],[54,-80],[45,14],[223,-221],[89,184],[26,127],[94,-110],[-38,-58],[122,-297],[37,-154]],[[61477,78670],[97,159],[18,64],[-1,185],[67,-43],[151,74],[17,25],[-25,48],[59,74],[118,31],[58,94],[-12,140],[-70,267],[-132,352],[52,194],[37,-49],[37,181]],[[61948,80466],[94,351],[-22,150],[-1,168],[88,286],[254,-182],[107,-162],[121,-33],[102,-127],[113,-234],[101,190],[28,303],[127,310],[-15,93],[17,190],[-23,112],[120,156],[83,245],[148,-125],[262,-406],[18,11],[16,-117],[58,-102],[31,-253],[22,-52],[35,-18],[6,48],[38,13],[12,52],[110,-293],[106,26],[144,-32]],[[64248,81034],[-26,-302],[105,-234],[89,-90],[95,-192],[-90,-148],[12,-98],[-115,-224],[318,-206],[29,-34],[-41,-81],[124,-115],[36,90],[231,-65],[108,16],[18,-66],[186,-240],[24,-89],[-117,-104],[23,-68],[-55,-61],[29,-109],[-192,-230],[-15,-64],[-130,-219],[-1,-47],[-52,-100],[0,-84],[39,-13],[-121,-93],[-96,-136],[-26,-88],[-18,50],[-93,-136],[-103,-25],[-3,-107],[88,-147]],[[21676,75524],[-184,456],[-10,24],[-8,19],[-24,9],[-8,3],[-277,-318],[-113,-129],[-159,-41],[-35,-9],[-10,5],[-64,28],[-92,59],[-12,7],[-39,240],[-160,167],[14,139],[-90,121],[-36,24],[-209,-234],[-68,39],[-281,-62],[-123,-27],[-70,-145],[-70,-48],[-32,6],[-11,6],[-162,99],[-57,-48],[-30,-25],[-75,8],[-27,4],[-42,4],[-53,-36],[-40,-27],[-115,-212],[-143,-69],[-126,-132],[-154,-164],[-63,158],[-1,8],[-34,310],[10,26],[33,80],[-14,53],[-67,253],[73,186],[138,352],[-16,56],[161,150],[113,182],[31,50],[44,71],[65,690],[44,169],[-58,78],[-151,72],[-80,141],[-51,35],[-71,47],[-14,63],[-33,13],[-69,27],[-6,-1],[-43,-6]],[[18422,78528],[49,83],[52,-3],[75,65],[102,162],[97,79],[30,-53],[52,109],[-40,57],[11,46],[-40,38],[118,190],[15,-14],[32,114],[40,-53],[29,65],[19,-29],[60,36],[-35,26],[39,98],[19,107],[-12,23],[116,146],[-37,67],[-16,-26],[-50,126],[-116,69],[-12,65],[-99,43],[31,103],[-45,42],[16,116],[-123,40],[-4,63],[37,73],[184,241]],[[19016,80842],[78,146],[-13,37],[38,58],[21,158],[59,-43],[78,280],[63,-16],[10,176],[123,426],[27,-39],[40,68],[55,-22],[21,43],[28,-9],[31,189],[79,44],[72,-100]],[[19826,82238],[60,-55],[-68,-202],[25,-28],[-35,-177],[219,-184],[-6,-30],[54,-71],[15,64],[29,-21],[6,47],[56,-34],[211,235],[-48,235],[93,129],[154,-125],[150,-233],[-16,-68],[-32,13],[-27,-47],[146,-237],[-57,-3],[61,-142],[48,22],[32,-60],[48,51],[85,-194],[-152,-235],[162,-203],[35,64],[49,-71],[51,73],[82,-134],[27,66],[105,-133],[26,49],[25,-34],[9,166],[100,-6],[22,101],[112,54]],[[21682,80880],[-28,-253],[35,-186],[4,-242],[-70,-341],[0,-466],[25,-197],[174,-397],[-16,-21],[56,-86],[-58,-245],[-105,-184],[-107,-25],[-33,-50],[-61,-319],[128,-27],[29,59],[24,-55],[26,22],[19,-44],[3,48],[37,-32],[-38,-63],[21,-81],[68,-10],[-3,-78],[-42,15],[-3,-68],[-55,-26],[112,-59],[65,46],[97,196],[78,-291],[-103,-40],[-47,-139],[-31,-17],[45,-96]],[[75859,80918],[61,28],[98,-47]],[[76018,80899],[120,73],[190,15],[105,122],[-5,166],[161,171],[41,105],[78,76],[-87,183],[75,247],[116,3],[8,39],[218,-32],[52,45],[80,-86],[107,6],[92,110],[-9,130],[-26,83],[20,33]],[[77354,82388],[63,-49],[65,-109],[43,-134],[3,-139],[51,-121],[155,-168],[28,-78],[-17,-18],[61,-117],[4,-347],[-30,-279],[35,-111],[-110,-20],[-9,49],[-65,-26],[9,-62],[-28,-38],[-8,37],[-66,-50],[229,-472]],[[21682,80880],[119,184],[170,-158],[66,-181],[71,-112],[59,-303],[-54,-102],[-40,-172],[135,71],[87,96],[21,-73],[39,57],[28,-47],[20,41],[66,-59],[26,44],[70,-40],[-15,-59],[113,-83],[57,-97],[285,376],[-137,229],[241,251],[-119,170],[19,114],[-12,49],[64,216],[68,134],[71,126],[46,-23],[-8,102],[37,117],[-13,37],[14,68],[-15,37],[105,122],[112,374],[44,82],[229,-153],[170,77],[198,-34]],[[24119,82358],[-39,-183],[-110,72],[-35,-111],[-15,5],[-9,-255],[68,-63],[-53,-144],[272,-265],[21,-141],[58,-50],[21,138],[72,-59],[-35,-131],[53,-111],[61,-60]],[[24449,81000],[14,-118],[-7,-196],[34,-137],[203,29],[93,75],[7,-47],[121,-19],[62,-165],[-34,-55],[20,-26],[184,170],[4,-63],[389,-365],[-6,-152],[36,-43],[-6,-110],[19,-127],[172,-192],[-51,-196],[8,-93],[-13,-58],[-80,-144],[14,-62],[-13,-65],[25,-10],[-31,-97],[-6,-109]],[[64248,81034],[19,125],[47,102],[155,-54],[23,56],[135,51],[-4,73],[128,33],[1,123],[81,16],[10,44],[101,-22],[0,37],[99,9],[-10,72],[-27,0],[-6,85],[50,172],[4,90],[-41,113],[109,-21],[71,135]],[[65193,82273],[18,-35],[33,13],[1,57],[32,19],[83,-170],[140,-43],[11,-112],[94,47],[74,-17],[21,-96],[28,21],[77,-174],[60,79],[30,-86],[23,28],[71,-156],[357,328]],[[66346,81976],[182,244],[119,-68],[-2,-33],[146,39],[117,99],[148,235],[183,39],[109,-376],[154,-276],[102,-351],[-11,-8],[32,-142],[50,-9],[25,-130],[2,-242],[18,3],[3,-75],[36,-92],[-57,-72],[52,-163],[42,-295],[13,12],[-4,45],[89,62],[56,-15],[16,-215]],[[67966,80192],[-57,-71],[-18,-193],[21,-59],[-50,-253],[60,-197],[-3,-76],[-40,-52],[9,-125]],[[72542,81158],[-87,380],[-153,420],[-32,32],[-31,126],[-175,26],[-4,51],[111,112],[-54,261],[71,42],[-50,138],[-45,266],[-60,-10],[-60,200],[-102,131],[-48,-63],[-74,37],[-128,-49],[-44,-64],[0,-109]],[[71577,83085],[-62,49],[-24,-23],[-13,67],[26,63],[-70,44],[-37,-29],[0,330],[78,213],[-139,284],[64,70],[-50,108],[16,51],[-28,86],[-10,207],[33,52],[2,63],[-50,-23],[-14,54],[-30,-18],[-84,186]],[[71185,84919],[772,237],[192,164],[575,671],[22,-89],[341,177],[56,-145],[112,100],[2,32],[220,29],[22,-37],[-18,-49],[10,-87],[50,31],[33,-115],[-18,-19],[23,-51],[103,-117],[28,40],[32,10],[17,-40],[72,59],[-4,-111],[18,10],[2,-100],[24,-35]],[[73871,85484],[-9,-98],[138,-122],[46,-163],[4,-162],[-15,-103],[28,-120],[75,-149],[-32,-89],[127,-303],[-204,-361],[-54,-137],[-36,-157],[76,-94],[-42,-72],[-27,-330],[-170,-252],[-77,-263],[-6,-78],[20,-121],[53,-74],[99,56],[83,-87],[77,-15],[17,-43],[14,-188],[-29,-103],[13,-92],[36,-49]],[[15871,81084],[-6,52],[32,8],[-19,174],[31,79],[229,224],[85,-133],[59,76],[-15,43],[35,50],[-49,114],[-31,160],[24,60],[-16,60],[69,149],[-44,2],[63,206],[183,438],[190,-280],[90,-71],[19,-107],[102,54],[22,63],[81,60],[76,10],[50,71],[74,32],[170,235],[54,-76],[42,-162],[79,-55],[-5,-24],[33,-23],[-8,-35],[193,-127],[-46,-191],[5,-47],[112,-54],[20,31],[70,-22],[14,-15],[-4,-61],[33,-25],[15,-73],[26,-5],[-55,-362],[55,-76],[-17,-89],[34,-43],[-31,-73],[13,-45],[80,-149],[29,56],[48,-24],[26,46],[77,-68],[-23,-82],[-52,17],[-30,-134],[-6,-85],[17,-20],[-9,-83],[38,-20],[221,161],[150,-38],[18,47],[36,-45],[179,-8],[90,167],[120,-157]],[[18422,78528],[-17,-3],[-38,-6],[-59,-27],[-17,-8],[-95,-92],[-184,209],[-72,-15],[-197,208],[-126,-59]],[[67966,80192],[97,-39],[48,71],[120,53],[99,187],[65,59],[8,97],[-15,155],[124,206],[36,180],[45,125],[-7,68],[-40,5],[-26,69],[-4,56],[89,97],[-71,6],[-15,90],[24,190],[59,41],[32,111],[19,-31],[69,134]],[[68722,82122],[21,-34],[-19,-57],[84,-147],[136,173],[47,-38],[-17,122],[17,63],[61,44],[35,-85],[80,4],[-19,65],[243,231],[119,160],[71,418],[83,2],[-2,201]],[[69662,83244],[102,-125],[5,-51],[269,-416],[71,-306],[64,-108],[-26,-52],[-11,-122],[143,-430],[56,-327],[-71,-56],[-66,29],[-35,-176],[31,-62],[-6,-57],[30,-113]],[[70218,80872],[-276,-322],[-61,-114],[-12,-69],[7,-233],[37,-335],[42,-56],[59,-233],[46,-78],[-38,-48],[33,-91],[39,-240],[38,-88]],[[70218,80872],[344,303],[269,149],[409,304],[-44,62],[-9,92],[-92,53],[-6,49],[20,59],[-77,116],[8,149],[55,112],[72,43],[108,223],[123,107],[-9,27],[115,181],[-6,41],[70,63],[9,80]],[[86022,81395],[-31,73],[59,436],[-3,181],[-42,84],[-85,39],[-92,133],[-71,42],[-16,33],[50,149],[178,244],[34,4],[64,-19],[73,-216],[48,-9],[34,-67],[159,-50],[94,17]],[[86475,82469],[33,-234],[86,-129],[92,-51],[203,22],[95,87],[35,98],[224,108],[146,168],[35,97],[-18,167],[13,72],[77,75],[67,157],[92,69],[69,173],[121,51]],[[87845,83399],[-25,-296],[32,-118],[76,-40],[69,-107],[180,-148],[54,69],[48,-52],[147,17],[119,-135],[95,-290],[-63,-148],[18,-54],[-31,-122],[16,-110],[60,-95],[141,29],[72,-136],[14,-243],[88,-96],[21,-71],[189,-117],[22,-71],[157,-175],[25,-106],[-19,-77],[39,-56],[-9,-108],[21,-78],[-13,-103],[33,-43],[10,-120],[325,-197],[46,-86],[41,-7],[14,-65],[110,-95],[163,-503],[5,-63],[71,-180],[408,-870],[-5,-393]],[[79438,80109],[39,231],[-73,4],[-49,139],[-87,81],[-69,-47],[2,43],[-147,85],[-18,25],[-3,70],[-374,-27],[2,38],[130,25],[59,276],[100,-8],[9,99],[52,65],[143,74],[45,65],[-37,102],[25,47],[-38,76],[-30,145],[28,93],[-214,-175],[-83,-117],[-274,-112],[-57,-78],[-27,85],[-4,85],[134,100],[60,162],[79,2],[13,99],[77,199],[128,230],[-55,93],[64,105],[97,-5],[80,-69],[14,59],[-15,110],[43,89],[47,72],[102,56],[19,157],[-23,16],[240,166],[-12,103],[27,68]],[[79607,83310],[85,-27],[-5,139],[32,78],[36,-345],[29,-44],[117,-11],[15,164],[57,47],[23,-23],[17,47],[73,35],[31,-20],[21,61],[0,94]],[[80138,83505],[71,-4],[90,-153],[100,-65],[-36,-133],[-30,-245],[34,-391],[66,-176],[32,-159],[-135,-280],[-284,-105],[-97,-94],[178,-82],[154,-403],[118,-39],[253,311],[54,-12],[96,-160],[197,-115],[59,-107],[77,70],[51,164],[15,155],[-40,160],[-34,28],[3,123],[-41,61],[-3,59],[156,354],[-130,270],[-119,-43],[-42,58],[15,79],[21,1],[-8,223],[62,58],[41,13],[27,-48],[-17,-18],[5,-30],[26,-6],[28,-94],[71,-8],[43,-67],[20,-242],[16,-37],[116,25],[34,-128],[54,-83],[77,-31],[-6,-386],[57,-16],[90,186],[76,67],[124,-67],[67,-99]],[[81990,81844],[4,-73],[-50,-74],[-42,-186],[-4,-424],[53,-40],[77,46],[17,64],[-1,178],[21,15],[85,-118],[49,-124],[14,-76],[-21,-52],[5,-75],[-33,-154],[-162,-345],[3,-38],[-58,-80],[-37,-137],[-125,-147],[-89,-188]],[[36134,79678],[-39,190],[17,295],[-48,294],[-5,246],[-102,158],[-17,74],[-7,245]],[[35933,81180],[24,-22],[143,326],[80,128],[23,-35],[91,176],[30,92],[5,199],[56,48],[9,-60],[85,86],[43,-2],[17,141],[300,216],[88,113],[80,220],[93,173],[17,91],[54,89],[47,241],[51,101],[49,-49],[9,25],[23,-31],[8,33],[38,-176],[-62,-108],[54,-99],[46,55],[107,49],[7,-37],[76,70],[25,-78],[15,44],[32,-66],[104,229],[52,-2],[-35,73],[68,182],[73,-95],[33,60],[157,-171],[-28,-103],[157,-184],[-41,-126],[102,-133],[-41,-96],[32,-52],[205,-223],[115,81],[17,-66],[33,-8],[38,77],[74,-20]],[[38811,82556],[-78,-338],[21,-73],[-59,-91],[216,-257],[-40,-37],[-130,-390],[-173,-160],[-13,-97],[15,-78],[-23,-78],[14,-99],[34,-75],[65,-2],[43,-67],[3,-84],[-15,-42],[107,-297],[-51,-86],[42,-333],[-46,-41],[-6,-210],[-177,-187],[-54,-110],[-300,-95],[-15,104],[-85,1],[-159,-97],[-42,69],[-49,-116],[23,-84],[-52,-88],[-9,-49],[25,-16],[-5,-38],[-141,-747]],[[45641,80732],[143,174],[-93,3],[10,65],[-163,85],[-91,-53],[-56,59],[-80,-32],[-115,633],[107,148],[8,-25],[114,55],[-18,85],[40,20],[6,-36],[64,44],[9,-66],[47,20],[16,72],[6,-41],[370,150],[119,281],[204,-628],[64,35],[162,156],[216,293],[-37,40],[-12,74],[136,369],[105,152],[107,97],[63,13],[161,160],[31,158],[22,-2],[42,99],[32,156]],[[47380,83545],[56,88],[47,153],[6,52],[-27,135],[24,9],[85,-114],[428,-290],[167,269],[-7,79],[147,-173],[18,82],[261,-128]],[[48585,83707],[123,-25],[243,68],[87,-57],[5,-132],[-59,44],[-21,-36],[-76,-187],[-11,15],[-96,-325],[-59,-120],[14,-24],[-7,-53],[36,-50],[-36,-85],[44,-83],[-53,-221],[7,-23],[-23,-43],[13,-213],[26,-131],[-21,-22],[18,-117],[19,18],[20,-72],[-16,-14],[31,-97],[-58,-69],[8,-51],[-194,-131],[44,-242],[3,-350]],[[38811,82556],[62,225],[189,371],[-34,234],[-82,59],[-66,127],[14,202],[18,29],[-17,119],[24,16],[0,-55],[87,16],[113,-54],[57,23],[2,58],[52,56],[-6,-102],[44,-82],[-32,-111],[2,-107],[47,-1],[-27,-74],[20,-29],[126,88]],[[39404,83564],[55,23],[4,60],[13,-2],[22,-22],[-11,-107],[41,-124],[127,-46],[63,46],[67,-76],[67,56],[52,-26],[27,56],[36,-34],[118,35],[14,13],[-8,72],[19,29],[69,24],[-13,-111],[26,-143],[150,-78],[65,-137],[11,-84],[33,-36],[-13,-138],[26,-59],[113,-127],[212,-424],[10,20],[63,-114],[-60,-71],[128,-304],[20,-317],[46,50],[-12,-71],[29,-5],[0,-40],[176,25],[9,105],[37,-7],[-9,-114],[42,6],[68,104],[17,-87],[113,23],[8,55],[215,102],[160,-61],[54,-161],[-32,-110],[0,-63],[-42,-64],[-80,-270],[19,-44],[38,27],[-32,-97],[13,-64],[52,-66],[21,-145],[-50,-1],[-38,-185],[10,-89],[-19,-61],[-107,-42],[-63,-76]],[[81990,81844],[27,32],[-5,311],[77,112],[66,237],[-15,280],[-107,655]],[[82033,83471],[232,206],[170,236],[111,100],[16,-23],[107,124],[69,-184],[307,-298],[192,172],[227,21],[56,65]],[[83520,83890],[99,-203],[-22,-78],[13,-123],[-57,-271],[-1,-112],[52,-77],[-13,-164],[44,-132],[10,-96],[50,-66],[-11,-43],[11,-71],[37,-111],[164,-8],[16,-119],[52,-96],[-48,-77],[-99,-55],[36,-316],[-92,-91],[6,-279],[340,-541],[405,147]],[[61948,80466],[-183,156],[112,249],[-252,554],[-172,206],[-45,307],[-20,-4],[-24,320],[-15,31],[59,56],[71,170],[-46,73],[-142,97],[-5,96],[29,232]],[[61315,83009],[41,275],[134,-80],[246,-21],[49,-167],[135,23],[94,-91],[35,72],[-71,61],[44,170],[28,-1],[21,89],[-8,56],[42,118],[114,142],[-37,132],[66,262]],[[62248,84049],[159,-186],[10,210],[67,-4],[64,-271],[99,-57],[204,96]],[[62851,83837],[-6,-101],[346,53],[72,-38],[170,-385],[73,95],[72,-96],[100,277],[155,114],[136,224],[220,212],[74,133],[43,158],[153,-135],[261,-333],[135,-240],[98,-57],[135,-208],[-7,-38],[51,-138],[-28,-32],[55,-542],[-26,-117],[-39,-48],[32,-123],[67,-90],[0,-109]],[[80138,83505],[19,94],[-13,99],[-104,111],[-6,94]],[[80034,83903],[35,17],[23,234],[107,192],[63,253],[178,50],[204,-351],[254,-260],[49,38],[202,-1],[253,-267],[224,34],[6,49],[300,127]],[[81932,84018],[10,-46],[19,4],[30,-125],[12,-91],[-13,-33],[43,-256]],[[50073,81156],[27,-28],[144,162],[104,-270],[72,71],[53,107],[56,-76],[20,-290],[494,332],[62,93],[118,-3],[-7,79],[142,333],[-327,440],[-132,678],[44,84],[-74,380],[31,24],[-36,234],[18,8],[10,425]],[[50892,83939],[13,108],[63,-22],[19,172],[67,4],[63,65],[-5,70],[134,46],[85,108],[166,-424],[48,108],[285,-376],[20,75],[115,-166],[58,93],[99,-194],[-14,-5],[128,-181],[20,34],[-40,74],[181,-7],[41,52],[-3,136],[-55,130],[59,103],[-125,132],[-13,99],[93,111],[96,205],[48,-73],[78,96],[28,96],[113,-103],[13,56],[14,-12],[24,168],[48,-26],[11,37],[110,-232],[23,143],[63,20]],[[53063,84659],[124,-126],[-54,-270],[120,-178],[71,58],[25,-159],[16,6],[13,-78],[-42,-61],[13,-39],[-117,-123],[95,-357],[42,47],[40,-94],[-75,-112],[-20,-160],[26,-21],[47,39],[-19,106],[75,-89],[29,5],[74,209],[126,217],[287,362],[124,76],[154,-102],[99,126],[95,-44],[105,-166],[14,-155],[25,-54],[85,-445],[137,165],[-94,274],[-135,209],[-37,272],[53,23]],[[54584,84020],[327,-743],[196,-542],[-155,-161],[-138,-56],[-6,73],[-87,0],[-46,128],[-98,-344],[46,-108],[-41,-141],[-41,-61],[86,-202],[27,-129]],[[24449,81000],[12,28],[0,138],[426,16],[41,68],[-15,61],[-49,24],[3,56],[-39,-34],[-22,33],[20,171],[-71,69],[59,167],[-217,126],[126,244],[23,103],[118,133],[48,-120],[132,-148],[42,116],[-13,18],[49,58],[38,-47],[243,275],[53,35],[6,-48],[68,13],[51,97],[-19,57],[-65,52],[3,143],[36,-37],[113,293],[88,-117],[-52,368],[80,81],[-117,173],[-25,187],[138,248],[348,151],[70,-7],[36,66],[24,-29],[264,610],[51,-105],[30,114],[40,-21],[35,-92],[244,-389],[27,-73],[5,-91],[53,90],[36,-72],[-41,-89],[25,-31],[48,112],[25,-6],[104,173],[251,-220]],[[27436,84191],[2,-90],[-44,-173],[368,-524],[-38,-62],[58,-118],[45,-24],[-11,-73],[57,-30],[-11,-97],[27,-36],[-16,-118],[31,-41],[-32,-115],[-43,-7],[-6,-82],[22,-33],[1,-70],[16,-3]],[[27862,82495],[30,-138],[-54,-88],[-10,-150],[-23,-63],[34,-43],[-19,-54],[-51,-34],[21,-27],[14,-86],[-32,-129],[21,-9],[-97,-200],[-30,-32],[-17,58],[-20,-20],[41,-138],[41,35],[85,-290],[119,-170],[-60,-148],[-34,-16],[51,-75],[-120,-228],[13,-31],[4,-228],[32,-18],[-12,-70],[-39,30],[-130,-54]],[[77354,82388],[-153,168],[-16,107],[-152,340],[89,186],[-71,189],[114,382],[92,113],[201,-17],[17,49],[-4,102],[51,123],[70,-23],[165,-269],[-3,489],[26,46],[158,-178],[76,-51],[11,33],[79,-151],[27,68],[-25,123],[-17,292],[92,164],[37,3],[43,77],[8,31],[-52,43],[218,166],[46,-37],[14,24]],[[78495,84980],[98,-28],[-41,-174],[-41,-59],[126,26]],[[78637,84745],[29,-41],[-83,-51],[7,-50],[40,-33],[81,72],[50,-184],[-10,-63],[120,43],[-1,-82],[-22,-33],[41,-33],[2,-44],[-104,-72],[43,-126],[48,78],[18,-30],[5,-41],[-58,-110],[36,-28],[-9,-83],[46,-40],[-8,-72],[76,-33],[26,-98],[59,-89],[50,34],[67,-168],[87,63],[122,167],[65,-68],[-2,-39],[36,-46],[-1,-37],[16,-35],[33,2],[65,-65]],[[27862,82495],[225,-31],[543,37],[-8,-196],[18,-4],[5,100],[30,-8],[79,-56],[-15,-149],[159,-72],[-68,-231],[250,-359],[140,276],[20,-44],[77,51],[14,-56],[87,136],[115,298],[85,88],[96,-15],[53,53],[50,-61],[65,18],[-11,16],[74,197],[-7,23],[-319,408],[-59,34],[271,457],[-20,22],[36,130],[24,-15],[2,137],[37,179],[53,197],[36,5],[-12,132],[-65,309],[-66,184],[-25,223],[-46,134]],[[29785,85042],[140,124],[87,-54],[-10,-80],[53,-77],[65,145],[96,-156],[-42,-72],[85,-97],[30,54],[39,-54],[-28,-44],[180,-234],[118,232],[28,195],[-23,72],[21,28],[57,-50],[148,27],[28,-86],[88,55],[53,-111],[3,-45],[-40,-131],[-12,19],[-6,-63],[-23,6],[0,-68],[-36,-37],[-30,77],[-22,-12],[4,-50],[-85,-15],[28,-66],[-11,-15],[-43,70],[-36,-100],[99,-187],[93,-77],[39,54],[101,9],[155,131],[13,-138],[-44,-208],[-7,-239],[-39,-340],[227,-120],[61,-72],[21,-132]],[[31408,83110],[-254,-86],[-26,-149],[167,-128],[60,-4],[44,51],[49,-44],[13,27],[52,-67],[60,143],[-7,75],[43,22],[60,-151],[-86,-155],[16,-28],[-27,-37],[88,-278],[17,-176],[-25,-39],[130,-190],[55,21],[11,-86],[-9,-158],[23,-79],[-216,-126],[40,-158],[57,-19],[16,-73],[-63,-178],[24,-93],[71,-97],[-25,-51],[-25,-218],[97,-39],[54,-92],[-110,-599]],[[58244,78227],[453,611],[130,240],[-133,923],[-127,130],[6,242],[-14,68],[29,40],[14,101],[-7,120],[-32,82],[43,33],[18,113],[46,-18],[16,89],[66,-21],[35,163],[-7,77],[74,265],[319,537],[124,403],[75,0],[109,267],[226,338],[95,-200],[183,-250],[63,121],[-90,380],[19,57],[-8,52],[147,370],[-286,132],[-116,-103],[-131,328],[-91,373],[450,978]],[[59942,85268],[62,-135],[182,-109],[350,-398],[63,-248],[-61,-89],[-28,5],[2,-209],[-18,-213],[60,-112],[91,-68],[-7,-52],[108,-96],[-8,-32],[154,-148],[145,-207],[14,23],[164,-137],[100,-34]],[[83520,83890],[77,155],[36,131],[74,110],[-87,238],[-114,165],[-119,369],[-75,97],[241,367],[24,98],[137,68],[299,50],[90,108],[49,-299],[12,12]],[[84164,85559],[79,-158],[34,-7],[24,-87],[-191,-223],[41,-174],[32,-52],[-37,-59],[-15,-72],[13,-43],[-37,-64],[-22,40],[-49,-93],[61,-149],[-47,-37],[30,-67],[-56,-48],[112,-296],[95,-183],[51,-69],[43,26],[-8,-77],[52,-16],[-9,119],[34,-117],[233,81],[10,-27],[-9,-22],[46,-77],[138,175],[50,-150],[75,65],[27,69],[-2,88],[35,64],[3,100],[49,-32],[70,-131],[122,242],[64,49],[100,-74],[134,72],[98,-18],[94,-74],[165,173],[8,168],[54,61],[76,50],[30,-121],[45,-22]],[[86109,84362],[93,-275],[47,-31],[62,-126],[-26,-105],[6,-362],[29,-143],[56,-141],[14,-109],[43,-85],[42,-516]],[[73871,85484],[95,115],[111,296],[65,72],[42,-140],[28,5],[175,-172],[38,-130],[196,189],[140,278]],[[74761,85997],[29,-85],[101,66],[28,-84],[109,24],[17,-47],[42,23],[60,114],[46,-231],[-106,-109],[8,-148],[50,-30],[-37,-117],[-16,-149],[152,-129],[129,-258]],[[75373,84837],[111,-252],[99,-89],[296,-90],[304,-6],[21,-78],[8,-119],[-18,-177],[12,-150],[45,-128],[74,-349],[13,-152],[49,-102],[-284,-140],[28,-167],[-84,-121],[-26,-77],[-18,-151],[24,-268],[-34,-45],[-30,193],[-114,-113],[-45,-146],[48,-222],[136,-189],[1,-151],[41,-52],[-11,-26],[17,-41],[-51,-78],[-12,-94],[5,-133],[40,-225]],[[66346,81976],[3,130],[-130,136],[143,207],[3,81],[39,124],[-75,202],[6,138],[-20,105],[-74,-67],[-41,87],[-76,-13],[-47,90],[-150,-109],[-28,54],[-4,68],[40,57],[-23,24],[-3,57],[35,185],[-70,64],[61,145],[32,-19],[17,151],[-53,15],[-19,138],[-61,-9],[-9,62],[145,85],[3,57],[36,40],[5,86],[119,248],[-209,525],[-86,262],[18,20],[-38,50],[43,28],[12,139],[142,293]],[[66032,85912],[42,75],[25,-40],[92,183],[100,-236],[62,104],[37,-51],[-27,-94],[42,-135],[140,-73],[70,38],[51,-139],[63,-57],[123,49],[251,229],[33,-93],[20,40],[67,-80],[34,76],[105,-130],[59,40],[41,-72],[-15,-11],[52,-338],[15,9],[-12,45],[24,20],[53,-173],[106,170],[12,-25],[-28,-45],[35,-80],[53,-60],[39,18]],[[67796,85076],[23,-180],[-28,-21],[12,-78],[-49,-47],[26,-71],[-33,-39],[35,-34],[-9,-88],[-31,-72],[12,-10],[-55,-207],[-17,8],[-79,-158],[20,-56],[-30,-43],[-24,42],[-24,-36],[54,-142],[35,-274],[-1,-113],[188,181],[23,-64],[29,35],[23,-46],[114,168],[49,-110],[132,155],[30,-41],[39,94],[42,-72],[102,222],[27,-59],[155,243],[155,-174],[-100,-466],[139,-217],[77,-200],[-242,-292],[24,-77],[17,21],[12,-34],[-7,-52],[33,-183],[69,-142],[-36,-74],[19,-90],[-24,-61]],[[48585,83707],[346,726],[56,289]],[[48987,84722],[19,-53],[50,25],[18,-41],[56,76],[101,1],[185,-147],[60,-1],[4,-39],[94,41],[4,-115],[27,-7],[4,116],[138,-129],[14,27],[35,-67],[48,-28],[24,49],[46,-48],[80,155],[-20,32],[88,144],[-30,18],[52,58],[-16,33],[198,328],[-57,66],[48,78],[-62,113],[19,37],[101,-5],[30,181],[-155,145],[6,44],[-37,125],[88,154]],[[50247,86088],[8,114],[44,32],[6,-46],[-30,-52],[-6,-68],[139,-144],[139,178],[-1,-100],[-53,-174],[235,220],[5,-173],[39,-199],[33,37],[66,-66],[23,-67],[26,20],[73,-166],[-11,-29],[34,-55],[-12,-35],[53,-100],[17,-84],[-85,-29],[17,-67],[-48,-26],[-19,-104],[-166,-185],[-30,33],[-13,-63],[-39,10],[-16,-51],[20,-80],[63,-106],[-34,-206],[32,-36],[24,34],[112,-316]],[[69662,83244],[1,72],[44,-34],[37,69],[93,-75],[11,120],[21,-5],[5,67],[-19,14],[45,137],[-14,30],[74,132],[11,-21],[74,102],[-55,165],[-42,58],[88,206],[-57,38],[-3,40],[67,186],[-79,163],[-26,-11],[-36,74],[210,304],[-37,115],[-2,101],[-30,-4],[-6,63],[-30,-4],[-18,142],[56,267],[25,-55],[10,42],[33,-15],[152,302],[2,177],[29,1],[13,193]],[[70309,86400],[28,-160],[286,-245],[120,-221],[194,-219],[62,-133],[18,-167],[23,-65],[-10,-22],[27,-60],[17,33],[111,-222]],[[31408,83110],[192,154],[66,110],[53,148],[-19,151],[-41,100],[14,173],[170,71],[45,80],[7,153],[68,215],[11,186],[22,109],[-66,565],[-67,137],[21,172],[36,34],[79,-48],[117,124],[370,237],[29,-8],[65,-216],[60,76],[0,83],[85,211],[166,234],[323,58]],[[33214,86419],[64,-35],[67,-101],[116,-58],[33,-85],[115,120],[81,-52],[148,85],[10,-33],[-22,-41],[17,-26],[209,-100],[-8,-55],[74,-93],[17,-85],[111,-100],[25,-98],[41,48],[74,-40],[117,-201],[11,-112],[-101,-175],[-13,-90],[30,-60],[-13,-34],[-183,-203],[103,-196],[16,-174],[-32,-96],[81,-166],[-27,-37],[198,-363],[119,-125],[119,-239],[119,-95],[133,-218],[115,-414],[33,-2],[7,-311],[57,-263],[107,-237],[30,-198],[25,-36],[-3,-94],[202,-68],[297,-283]],[[84164,85559],[55,41],[75,-15],[63,104],[1,66],[89,5],[208,127]],[[84655,85887],[242,196],[131,28],[79,91],[62,146],[151,95]],[[85320,86443],[27,-75],[52,-16],[128,-264],[47,-19],[69,-180],[131,-14]],[[85774,85875],[-64,-162],[21,-97],[48,-33],[24,-62],[97,21],[5,-134],[166,-177],[-4,-77],[37,-72],[-6,-146],[-37,-35],[-20,-212],[102,-153],[7,-87],[-41,-87]],[[27436,84191],[9,30],[42,-31],[5,93],[-27,10],[-11,84],[55,187],[33,201],[-44,23],[33,120],[-20,14],[132,236],[33,-52],[31,62],[47,287],[134,179],[85,242],[155,-61],[180,189],[37,-72],[22,38],[36,-16],[27,47],[-36,69],[42,65],[33,156],[80,-85],[25,104],[-11,115],[67,13],[41,-53],[30,82],[20,-25],[26,-112],[0,-172],[-11,-16],[18,-222],[18,10],[53,-154],[71,110],[24,-55],[-8,-21],[112,-214],[21,37],[71,-52],[-1,-47],[122,-21],[73,59],[46,-111],[149,-89],[18,238]],[[29523,85610],[93,-22],[-14,-63],[88,-137],[-23,-44],[48,-83],[-34,-47],[37,-16],[53,-174],[14,18]],[[39404,83564],[-29,91],[21,76],[108,99],[16,103],[-162,860],[140,86],[-18,80],[11,23],[96,85]],[[39587,85067],[119,-78],[112,4],[208,-122],[-30,175],[62,172],[203,98],[119,160],[77,170],[152,129],[116,48],[115,127],[130,243],[115,-49],[215,148],[104,7]],[[41404,86299],[38,8],[15,-121],[109,153],[1,74],[166,128],[158,-325],[101,-2],[42,-68],[22,44],[23,-40],[99,40],[204,-126],[6,-64],[39,19],[172,-171],[103,14],[1,-46],[166,176],[136,66]],[[43005,86058],[41,-153],[29,21],[-6,28],[171,94],[18,-62],[22,19],[45,-157],[49,57],[29,-98],[39,40],[35,-113],[-55,-28],[18,-118],[-111,-34],[-60,-362],[7,-186],[61,-186],[-51,-100],[16,-55],[-41,-85],[30,-115],[-65,-22],[-80,-320],[77,68],[24,-44],[116,-22],[94,44],[101,-79],[71,17],[6,-174],[87,-184],[127,-154],[-31,-147],[41,-40],[-23,-61],[-80,-21],[28,-132],[-39,-15],[17,-65],[-121,-155],[35,-80],[-283,-286],[9,-24],[-26,-159],[-90,-67],[-33,26],[19,-254],[-18,-117],[20,-101],[-118,-218],[0,-100],[-70,-113],[28,-175],[83,-170]],[[67796,85076],[157,94],[-1,176],[123,-84],[45,137],[23,-59],[-27,-78],[16,-10],[60,136],[45,38],[-29,61],[65,54],[-67,116],[15,33],[-57,108],[126,205],[-48,80],[12,75],[-31,-41],[-44,80],[-12,-20],[-34,57],[-21,-27],[-43,56],[241,360],[98,62]],[[68408,86685],[293,-294],[211,-323],[-62,-100],[99,-132],[113,-64],[201,105],[73,-51],[122,28],[307,305],[133,55],[167,134],[244,52]],[[78637,84745],[17,35],[110,-11],[38,81],[68,-1],[108,156],[106,19],[18,49],[159,-221],[102,121],[30,65],[-112,46],[35,111],[81,100],[-114,291],[107,113],[-12,124],[-24,51],[37,264],[52,-8],[230,-193],[218,-286],[77,40],[-23,90],[-107,157],[-168,388],[-17,179],[10,30],[-18,43],[15,58],[-15,78],[8,26],[-13,8]],[[79640,86748],[114,266],[187,262]],[[79941,87276],[107,-113],[72,-242],[83,-110],[279,-549],[56,-58],[-104,-541],[11,-48],[-15,-16],[-4,-95],[80,-254],[97,-43],[-168,-55],[-104,-79],[-86,7],[-49,-125],[68,-141],[-65,-85],[-42,161],[-71,-90],[-84,-248],[-34,-18],[-20,-63],[-13,-232],[10,-76],[20,-9],[-5,-50],[26,-99],[64,-53],[-16,-49]],[[19826,82238],[88,269],[-45,330],[6,168],[84,81],[67,106],[9,59],[23,9],[38,302],[57,247],[-23,26],[30,113],[98,131],[-3,139],[43,47],[-33,66],[129,110],[-10,31],[142,104],[-14,22],[62,146],[32,342],[-11,79],[-81,215],[1,80],[48,158],[5,120],[-37,6],[-74,-114],[-10,47],[-76,-90],[-100,-19],[-122,71],[-135,162],[71,149],[42,-14]],[[20127,85936],[150,45],[9,37],[-31,97],[-7,103],[80,23],[17,-69],[-5,-63],[20,-12],[-8,-63],[165,58],[27,-146],[45,-12],[83,67],[34,-184],[103,102],[145,69],[-14,54],[66,-10],[23,92],[-6,194],[-116,-60],[-28,176],[-96,-35],[284,209],[28,-125],[61,104],[56,-76],[36,-142],[39,66],[135,-50],[50,39],[22,-34],[77,3],[79,104],[127,5],[172,148],[19,112],[129,252],[81,-118],[115,-13],[14,-55],[-9,-122],[86,-157],[7,-189],[88,12],[123,-134],[105,-6],[87,60],[16,193],[-41,119],[-25,162],[-110,50],[8,262],[-112,17],[-31,127],[162,125],[87,-51],[47,19]],[[22795,87315],[11,-29],[108,19],[116,-82],[1,-52],[20,-21],[56,-16],[45,-134],[-13,-97],[17,-132],[77,-197],[-10,-39],[233,-98],[-37,-170],[-14,-174],[29,-8],[56,-338],[103,-56],[38,-147],[116,62],[214,-122],[1,-196],[30,21],[6,-31],[-63,-121],[74,-64],[-17,-356],[-12,-14],[25,-58],[-58,-161],[-72,13],[-78,-381],[13,0],[-10,-131],[-13,-1],[-11,-256],[189,-135],[-29,-141],[174,-305],[-10,-39],[148,-58],[14,78],[80,-57],[10,45],[77,-39],[15,-53],[-153,-426],[-12,-75],[32,-26],[-52,-208],[-140,49]],[[59942,85268],[126,176],[121,349],[-176,700],[135,133],[85,30],[-62,183],[-122,232]],[[60049,87071],[47,134],[88,112]],[[60184,87317],[47,-182],[13,-148],[110,-320],[100,-7],[173,114],[87,-22],[57,-43],[154,-312],[35,30],[43,173],[62,136],[56,247],[30,310],[105,99],[373,-239],[170,180],[29,-104],[267,-163],[-45,-371],[14,-6],[-9,-87],[68,-401],[-10,-60],[-20,13],[-5,-33],[20,-10],[-7,-51],[-264,-560],[56,-372],[150,-663],[150,-242],[55,-174]],[[54584,84020],[313,186],[24,-155],[141,202],[48,124],[273,192],[404,-62],[211,93],[88,72],[72,122],[200,220]],[[56358,85014],[278,180],[285,66],[488,281],[345,40],[-89,293],[16,14],[-33,101],[68,71],[406,-235],[165,-5],[248,125],[8,133],[204,403],[117,113],[-19,307],[20,256]],[[58865,87157],[47,-99],[208,356],[93,85],[88,-213],[226,248],[50,-15],[348,-654],[124,206]],[[62851,83837],[11,265],[-19,277],[35,229],[-56,619],[-36,110],[-10,129],[11,83],[31,23],[32,212],[38,75],[-17,69],[4,79],[69,-78],[94,32],[58,42],[-27,63],[7,116],[65,21],[23,58],[19,-2],[4,-48],[-15,-25],[17,-10],[28,61],[35,-31],[39,39],[-13,330],[-16,-10],[-40,110],[23,26],[-34,182],[131,70],[117,-7],[132,-48],[200,-142],[289,-62],[47,185],[59,142],[96,-139],[171,334],[325,340]],[[64778,87556],[194,-128],[24,-64],[25,12],[23,-42],[111,100],[67,-145],[115,5],[138,33],[334,253],[-4,-45],[27,-24],[24,102],[23,-97],[17,14],[67,-165],[34,33],[15,-90],[-46,-70],[37,-61]],[[66003,87177],[-41,-88],[43,-93],[-87,-124],[54,-108],[-15,-22],[77,-146],[-89,-178],[75,-82],[-43,-92],[15,-15],[-37,-165],[55,-70],[-12,-45],[34,-37]],[[87845,83399],[18,43],[-24,238],[-98,254],[44,-33],[-24,133],[18,3],[18,-122],[17,47],[-14,62],[18,9],[51,-27],[87,7],[26,-91],[38,43],[31,-43],[-28,191],[9,51],[30,0],[30,52],[-13,34],[-44,-51],[-31,-2],[52,71],[-212,448],[-141,247],[-279,245],[22,61],[-118,88],[-392,560],[-88,66],[-40,-7],[1,62],[21,43],[120,34],[19,67],[-59,13],[-48,47],[-152,410],[60,178],[-54,164],[13,156],[62,30],[7,59],[42,71],[-20,75],[27,109],[-39,147]],[[86808,87641],[1155,-224],[262,31],[341,211]],[[88566,87659],[225,-403],[-205,-385],[116,-195],[105,-232],[18,-99],[-77,-167],[-99,-84],[-44,-184],[90,-326],[167,-236],[116,-220],[6,-57],[-24,-16],[-8,-140],[83,-90],[30,69],[93,38],[141,230],[20,-27],[-37,-53],[29,-104],[76,112],[143,-187],[38,15],[-9,47],[186,57],[145,-405],[35,25],[48,-260],[77,-74],[29,-95],[3,-174],[37,-223],[87,-134],[38,4],[6,65],[71,97],[126,89],[118,-154],[47,-10],[120,100],[80,-88],[61,-4],[166,-221],[46,6],[171,151],[134,-69],[9,-124],[38,-59],[4,-151],[93,-76],[-2,-62],[16,-38],[69,-27],[52,-73],[45,-209],[67,-40],[56,-94],[-3,-77],[35,-156],[19,-402],[24,-88],[-31,-245],[22,-48],[3,-80],[159,-329],[103,-139],[103,-319],[71,-103],[-7,-169],[-62,-214],[37,-154],[71,-56],[11,-136],[27,-69]],[[78495,84980],[11,28],[-142,130],[60,98],[-28,68],[15,117],[92,33],[5,89],[-83,257],[-79,96],[84,-32],[7,41],[154,-59],[26,251],[-38,82],[48,56],[34,-36],[67,77],[29,-137],[67,-40],[108,13],[17,30],[-12,190],[51,-16],[7,137],[48,69],[31,-67],[28,56],[-14,26],[31,50],[-42,33],[9,16],[-12,37],[-46,23],[-32,104],[-34,15],[-12,32],[25,37],[-17,37],[19,35],[-88,109],[15,38],[-20,45],[-81,-38],[-17,25],[5,46],[-24,24],[13,68],[55,34],[46,115],[12,60],[-38,69]],[[78855,87551],[70,163],[73,-26],[15,-103],[42,-18],[27,-114],[113,-84],[59,31],[25,-116],[46,-56],[101,-298],[214,-182]],[[74761,85997],[-46,288],[33,197],[-9,31],[32,18],[-5,110],[29,158],[-10,37],[43,161],[48,398],[-13,83],[33,13],[-31,112]],[[74865,87603],[249,163],[74,-117]],[[75188,87649],[48,-174],[87,-79],[12,-83],[99,-43],[39,-181],[78,-215],[54,-37],[-16,-135],[48,-245],[-20,-34],[119,-82],[69,-102],[48,90],[-45,-225],[-35,-54],[30,-185],[30,-15],[43,-119],[42,-249],[-35,-149],[-85,22],[-25,-57],[-104,141],[-29,-15],[-19,-136],[-66,42],[-182,-493]],[[85774,85875],[63,296],[51,74],[8,97],[-52,73],[-13,72],[-75,60],[-6,100],[33,86],[183,172],[161,96],[52,162],[54,-4],[23,178],[87,272],[168,106],[132,189],[25,-93],[16,44],[83,-35],[11,-96],[30,-83]],[[47380,83545],[-11,3],[8,73],[-24,13],[-150,355],[1,63],[-39,-33],[-3,91],[-131,-86],[-13,73],[-155,-58],[-27,161],[13,3],[34,263],[123,7],[80,59],[166,160],[246,325],[-14,120],[-31,-43],[-49,88],[3,66],[-57,114],[7,38],[-19,54],[-73,62],[32,42],[45,161],[-21,52],[27,131],[68,81],[2,53],[108,228],[8,81],[74,78],[2,108],[35,29],[20,74],[-77,42],[-44,77],[59,193],[-55,66],[-20,118],[48,78],[-43,87],[8,130],[25,67],[-86,12],[-34,-70],[-18,171],[-52,-87],[-49,58],[9,28],[-18,47],[-52,-87],[-69,145],[-4,84]],[[47193,87793],[84,71],[141,-39],[55,140],[104,-240],[34,-34],[71,-38],[83,24],[250,143],[33,95],[42,35],[6,-34],[185,40],[87,64],[-32,9],[7,73],[61,75],[-14,85],[43,19],[20,-11],[21,-319],[62,136],[54,-40],[140,-289],[86,-109],[90,-54],[97,362],[42,39]],[[49045,87996],[128,-110],[60,71],[131,-17],[228,98],[21,-55],[-31,-52],[-20,51],[-46,-58],[-53,-172],[-23,-175],[-41,-85],[24,-52],[-62,-107],[50,-78],[36,52],[31,-63],[-83,-150],[-25,55],[-29,-40],[18,-48],[-48,-74],[24,-28],[14,28],[20,-45],[-79,-113],[13,-16],[-28,-149],[-35,27],[-61,-315],[-22,27],[-18,-149],[38,-12],[-4,-57],[-89,-147],[-12,-191],[35,-200],[29,-356],[-124,-213],[-25,-356]],[[43005,86058],[128,205],[246,554],[-139,234],[26,129],[51,103],[65,101],[134,-409],[107,79],[87,144]],[[43710,87198],[198,280],[35,139],[190,151],[22,66],[54,-59],[101,45],[22,-25],[35,72],[16,-26],[132,137],[149,216],[7,44],[98,75],[31,7],[6,-33],[-32,-158],[38,-173],[-27,-94],[44,-139],[245,-204],[91,27],[305,-320],[150,103],[332,507],[321,196]],[[46273,88032],[203,45],[-1,-66],[25,-55],[119,-115],[98,92],[36,-18],[-11,32],[192,163],[63,-190],[196,-127]],[[70309,86400],[33,104],[292,442],[263,384],[95,69]],[[70992,87399],[247,-244],[-14,-49],[199,-264],[100,177],[53,-85],[409,108],[24,32],[-13,40],[18,38],[-23,50],[36,86],[-16,30],[31,55],[99,-124],[42,82],[33,-45],[61,124],[-16,25],[81,140],[13,-25],[38,65],[57,-102],[66,105],[3,51],[57,-98],[63,207],[20,-28],[18,44],[52,-11],[136,485],[-34,76],[30,134]],[[72862,88478],[455,-166],[872,136]],[[74189,88448],[12,-113],[180,38],[217,-52],[133,-240],[-51,-106],[76,-107],[109,-265]],[[49045,87996],[67,-9],[8,88],[134,42],[66,85],[160,97],[78,-11],[375,121],[120,68],[101,116],[33,-231],[90,43],[122,254],[22,-58],[46,52],[9,-42],[25,18],[10,-58],[71,24],[14,-63],[53,56]],[[50649,88588],[52,66],[176,-382],[65,-53],[215,-369]],[[51157,87850],[-46,-69],[27,-45],[-73,-192],[50,-90],[-2,-44],[-47,-76],[11,-23],[-34,-50],[47,-162],[-130,-133],[-186,-113],[-19,48],[-88,-102],[-28,53],[-14,-15],[14,-37],[-29,-40],[-19,37],[-47,-67],[-12,19],[-66,-117],[-69,134],[-13,-60],[-91,128],[-17,-50],[-77,90],[15,51],[-72,-5],[-43,-60],[17,-45],[-58,-187],[32,-82],[28,-11],[-6,-38],[-42,-13],[10,-65],[32,-47],[-17,-101],[96,30],[39,-76],[0,-120],[17,-17]],[[51157,87850],[28,61],[26,-46],[36,37],[22,-45],[74,25],[127,142],[184,-194],[171,296],[62,60],[35,-63],[130,256],[90,26],[28,100],[117,155],[-35,108],[45,35],[42,-91],[149,86],[131,-317],[216,237],[85,-134],[-3,-42],[17,-25],[37,99],[43,-45],[36,16],[72,119],[170,-161]],[[53292,88545],[-45,-176],[158,-49],[-22,-143],[-71,-59],[7,-78]],[[53319,88040],[-17,-17],[48,-320],[-185,-213],[120,-342],[-22,-27],[38,-29],[53,51],[-7,-228],[-107,-344],[-124,-44],[-8,49],[-67,-63],[17,-91],[119,-24],[31,-54],[7,-41],[-16,-13],[18,-152],[51,-111],[62,-235],[-13,-330],[33,-204],[-13,-149],[20,-22],[-52,-122],[-242,-306]],[[79941,87276],[-66,70],[58,175],[6,116],[-19,340],[-44,23],[19,53],[-32,78],[22,110],[-42,159],[89,71],[115,-57],[67,-264],[109,-110],[77,157],[-54,215],[138,-73],[13,74],[34,30],[-44,42],[56,276],[79,158],[88,-139],[117,-85],[262,-98],[67,27]],[[81056,88624],[135,47],[168,-72],[51,42],[58,-49],[7,-37],[-15,-38],[14,-157],[92,-213],[-13,-51],[40,-134],[90,-157],[26,-265],[195,-192],[110,-227],[-95,-232],[-30,-131],[-1,-100],[62,-266],[-98,-217],[-17,-245],[-54,-152],[-23,-202],[79,-76],[5,-71],[66,-108],[53,-187],[1,-70],[49,-81],[46,-157],[-1,-90],[29,-90],[-22,-55],[-178,-42],[-48,-94],[-34,3],[99,-271],[-4,-82],[34,-87]],[[53319,88040],[47,-51],[113,-19],[24,41],[-16,118],[23,42],[-41,86],[22,60],[-27,29],[114,120],[0,-42],[197,261],[42,-16],[15,84],[115,92],[20,-48],[64,61],[-22,40],[32,43],[-61,142],[29,39],[20,-37],[75,80],[76,-112],[167,206],[29,-30],[41,62],[44,-34],[63,93],[57,-35],[20,50],[78,-73],[37,116],[125,238],[111,-162],[117,288],[16,58],[-8,55],[36,44],[4,-172],[-38,-209],[-28,-34],[-16,-96],[12,-124],[186,-229],[16,42],[111,-64],[143,240],[49,-56],[25,36],[65,-112],[17,38],[72,-215],[28,47],[66,-153],[56,-37],[16,-73],[129,-262]],[[56026,88496],[-30,-31],[51,-126],[-166,-261],[9,-20],[-33,-64],[140,-239],[-22,-32],[38,-77],[-34,-37],[-44,-130],[-85,30],[-68,-87],[3,-39],[218,-472],[-40,-47],[16,-68],[-26,-28],[36,-12],[93,-183],[-47,-63],[38,-90],[-18,-82],[-11,21],[-52,-74],[23,-47],[-20,-26],[16,-68],[57,-123],[64,-32],[-57,-398],[112,-68],[15,-49],[-19,-74],[105,-227],[-10,-16],[17,-44],[63,-99]],[[33214,86419],[128,269],[65,-5],[118,81],[146,311],[228,322],[-8,19],[32,124],[68,125],[101,24],[93,76],[93,205],[24,-44],[40,51]],[[34342,87977],[37,-35],[63,80],[42,123],[-15,20],[22,60],[19,-20],[51,202],[29,-107],[17,75],[-49,106],[296,333],[88,45],[105,236]],[[35047,89095],[85,-213],[77,121],[67,-245],[10,-133],[-56,-493],[21,-17],[-52,-163],[10,-100],[-43,-63],[-81,139],[11,166],[-53,-37],[-2,-124],[28,-142],[36,-62],[13,31],[103,-302],[45,-302],[-19,-162],[28,-177],[163,-219],[25,-209],[-17,-62],[21,-33],[51,81],[242,126],[160,-209],[277,-206],[47,68],[177,118],[125,163],[14,85],[-5,129],[49,230],[355,519],[113,283],[-13,86],[135,407],[160,248],[34,149],[57,106]],[[37445,88677],[134,-85],[246,-406],[17,18],[21,-109],[66,-125],[132,-148]],[[38061,87822],[154,-395],[-33,-65],[-82,-569],[-106,-287],[44,-65],[48,-154],[-14,-509],[62,-9],[127,100],[94,-148],[426,-29],[39,38],[81,-27],[32,46],[46,-119],[78,19],[283,-219],[136,-247],[111,-116]],[[88566,87659],[293,339],[115,-244],[157,33],[-31,74],[98,168],[-16,51],[65,86],[15,-32],[32,27],[-15,75],[46,97],[65,48],[113,185],[47,-125],[86,106],[22,-49],[26,59],[47,-47],[12,94],[67,-103],[92,181],[49,255],[-45,118],[61,32],[31,-19],[-5,-78],[88,27],[14,30],[-6,49],[79,49],[-15,70],[22,-5],[49,100],[62,-31],[32,56],[42,-61],[128,128],[40,-35]],[[90528,89367],[135,-87],[19,-52],[-215,-200],[-28,-75],[101,-283],[-26,-43],[38,-22],[43,-117],[22,7],[59,-124],[33,-11],[-45,-49],[71,-125],[-16,-32],[26,-27],[-87,-174],[50,-68],[-28,-24],[35,-32],[-51,-81],[-55,75],[32,-117],[-14,-19],[10,-78],[-16,-47],[17,-104],[-6,-80],[63,-169],[-30,-140],[20,-105],[103,-115],[23,-87],[102,224],[133,49],[219,-33],[191,-183],[94,44],[195,6],[114,-123],[203,9],[75,-456],[-5,-309],[36,-154],[-53,-188],[13,-121],[-15,-99],[-30,-44],[-6,-135],[-43,-95],[597,-1255],[96,538],[7,280],[20,60],[-3,52],[22,24],[56,262],[59,179],[-1,138],[16,58],[-14,54],[35,137],[41,64],[-19,63],[22,19],[26,101],[28,-38],[3,-62],[33,-10],[31,-117],[43,-36],[54,-124],[75,-44],[31,31],[105,-31],[105,-154],[229,184],[104,-28],[392,-905],[229,-107],[137,-97],[323,-227],[44,432],[-47,371],[-70,152],[164,261],[86,215],[71,236]],[[95164,85830],[31,23],[530,69],[150,108],[166,-100],[53,-95],[22,-40],[-9,-479],[-44,-120],[-163,-454],[-49,-136],[-144,-206],[-139,-128],[-16,-29],[-22,-34],[-9,-28],[-13,-40],[-3,-39],[-3,-29],[58,-349],[-102,-321],[-65,-202],[-22,-99],[-47,-224],[-26,13],[-25,18],[-22,17],[-27,19],[-230,172],[-51,7],[-67,9],[-76,-264],[-10,-181],[-86,-245],[-84,-105],[-35,-42],[-188,-233],[-15,-18],[-37,9],[-10,-91],[21,-28],[-82,-185],[-1,-54],[23,-40],[-28,-94],[-12,-38],[-244,-226],[-51,-46],[-18,-17],[-73,46]],[[68408,86685],[102,220],[30,274],[-9,183],[17,-4],[-5,150],[-20,0],[1,-70],[-29,-3],[-5,224],[31,212],[-6,50],[-39,1],[17,236]],[[68493,88158],[251,-32],[40,322],[27,7],[4,51],[43,-23],[14,33],[31,265],[-10,7],[32,147],[14,-10],[65,197],[-47,88],[121,347]],[[69078,89557],[13,35],[171,-239],[20,57],[156,-129],[-14,-52],[16,-21],[268,-196],[16,-10],[24,81],[35,-29],[-13,-39],[187,-169],[147,213],[185,178],[-3,72]],[[70286,89309],[169,-79],[-21,-113],[35,-31],[-47,-146],[253,-249],[-15,-73],[89,-17],[-9,-58],[106,-108],[-12,-57],[29,-25],[-17,-95],[210,-179],[-82,-380],[45,-64],[15,45],[40,-54],[-45,-5],[-60,-144],[23,-78]],[[66003,87177],[24,-36],[57,76],[-23,50],[26,46],[21,-41],[95,176],[17,-28],[37,73],[44,-57],[63,127],[26,-35],[114,219],[29,66],[-52,67],[19,49],[-25,31],[-26,-57],[-53,66],[56,166],[-75,95],[123,307],[158,170],[172,298],[47,193]],[[66877,89198],[372,593],[76,-96],[226,-470],[354,-190],[-7,-31],[47,-63],[95,47],[338,-275],[-76,-292],[-51,-343],[242,80]],[[38061,87822],[247,319],[111,23],[83,98],[115,24],[31,49],[45,-108],[41,-5],[7,-67],[74,33],[51,-38],[0,91],[94,51],[78,243],[75,114],[-67,333],[-37,391],[-106,31],[-28,64],[-91,-86],[-81,109],[24,47],[-25,155],[41,52],[-55,17],[27,134],[427,-147]],[[39142,89749],[15,-166],[-5,-236],[30,-161],[-10,-66],[21,26],[84,-247],[0,-65],[22,-27],[12,-175],[202,-62],[113,-205],[83,-30],[147,146],[83,9],[105,94],[97,-21],[159,-130],[43,170],[100,222],[2,49],[102,-33],[29,82],[377,67],[38,-21],[116,-323],[118,-167]],[[41225,88479],[-16,-335],[-186,-163],[-85,-117],[-45,-118],[4,-49],[99,-106],[19,-70],[128,-198],[-3,-141],[32,-117],[204,-93],[84,-211],[57,-59],[21,32],[26,-82],[0,-136],[-134,-142],[-26,-75]],[[85320,86443],[127,262],[124,166],[71,223],[204,215],[-69,136],[-52,185],[-25,302],[43,196],[12,167],[-82,479],[-11,80],[12,51],[255,471],[138,119],[124,45],[92,124]],[[86283,89664],[102,166]],[[86385,89830],[104,166],[11,117],[123,310],[49,220],[54,26],[189,329],[413,313],[85,116],[221,-349]],[[87634,91078],[-120,-227],[-223,-586],[365,-688],[202,-659],[181,-490],[335,-443],[192,-326]],[[75188,87649],[98,245],[277,-258],[81,90],[82,-101],[77,26],[5,-52],[42,0],[26,354],[73,59],[60,302],[-17,88],[-147,-51],[-132,356],[-69,29],[-8,-30],[-63,64],[109,371],[-173,152],[100,193],[-51,353]],[[75558,89839],[84,229],[19,224],[41,85],[46,54],[138,-41],[29,157],[39,18],[30,-85],[69,-11],[-91,-112],[217,-124],[32,-32],[33,-102],[82,42],[28,-31]],[[76354,90110],[23,-156],[27,-43],[-21,-191],[15,-241],[25,-83],[9,-401],[15,-123],[17,39],[5,-78],[60,64],[10,-30],[63,58],[165,14],[89,56],[109,-35],[51,-59],[60,22],[488,-158],[14,50],[80,-38],[70,-64],[-33,-107],[51,-44],[-34,-185],[-47,-116],[-85,-42],[13,-154],[28,4],[14,-43],[169,41],[32,-40],[149,62],[98,117],[26,-55],[84,120],[181,430],[108,367],[74,-52],[16,330],[67,286],[93,251],[94,171]],[[78826,90054],[193,219]],[[79019,90273],[-14,-179],[-21,-21],[60,-55],[12,-39],[-13,-13],[37,-97],[55,-45],[-16,-57],[20,-18],[-16,-57],[76,-67],[-11,-30],[90,15],[-3,-35],[56,-139],[37,-43],[0,-90],[49,-16]],[[79417,89287],[-32,-155],[67,-54],[-72,-226],[-231,-303],[-48,-128],[-5,-72],[-116,-53],[-48,-75],[13,-44],[-106,16],[-74,-55],[-217,-304],[59,-137],[204,-68],[44,-78]],[[12314,80461],[-63,-7],[-84,230],[256,268],[-52,101],[-141,83],[-10,57],[5,131],[1,21],[12,377],[10,48],[75,14],[28,190],[-44,167],[-50,196],[-87,128],[8,293],[1,55],[6,246],[35,29],[-5,17],[-30,92],[12,47],[20,83],[44,178],[-133,92],[43,253],[-55,42],[-11,252],[-2,54],[-71,15],[-7,64],[-14,267],[-9,166],[-98,271],[-95,119],[2,95],[1,19],[-156,199],[19,60],[-92,110],[89,379],[9,38],[8,130],[-177,290],[-24,157],[-33,29],[-176,354],[137,460],[-2,54],[-8,143],[-107,151],[44,78],[-9,24]],[[11334,87870],[89,163],[19,-38],[35,30],[138,235],[17,-56],[89,6],[5,64],[175,14],[43,50],[33,-64],[28,3],[100,95],[101,264],[106,56],[5,-30],[88,20],[39,35],[-6,29],[24,35],[78,40],[172,263],[40,-117],[-22,-56],[77,-137],[127,-59],[-13,-84],[71,-129],[33,61],[19,-46],[97,178],[234,-243],[-43,-77],[43,-121],[102,59],[24,-123],[157,47],[18,-94],[97,27],[27,-55],[45,21],[-17,169],[36,20]],[[13864,88325],[94,59],[1,-280],[77,-290],[33,-39],[37,25],[6,-53],[86,128],[95,48],[33,90],[99,29],[-119,-338],[-30,-35],[-72,36],[-31,-233],[407,27],[74,92],[344,219],[-4,47],[37,-14],[158,295],[84,74],[51,-50],[33,67],[123,-57],[16,179],[-16,2],[12,100],[17,14],[-4,302],[-33,4],[41,167],[35,-20],[1,50],[-31,42],[25,56],[17,139],[-30,14],[30,135],[65,142],[-14,76],[11,196]],[[15622,89770],[7,68],[130,171],[46,129],[-13,35],[32,5],[272,319],[38,-41],[44,155],[85,-75],[75,-165],[166,-105],[5,-44],[132,-115],[-64,-310],[28,-135],[19,25],[57,-66],[17,26],[202,-186],[66,-184],[177,-98],[91,-178],[156,-100],[2,-86],[-52,-141],[-4,-124],[62,-6],[123,-121],[82,-145],[146,-128],[-23,-36],[20,-36],[21,33],[13,-53],[17,6],[117,141],[48,-104],[-9,-15],[85,-140],[200,143],[26,54],[77,-40],[14,-57],[22,21],[143,-252],[208,227],[391,235],[148,199]],[[19267,88476],[125,-228],[-58,-119],[75,-84],[162,-314],[74,-86],[78,-272],[82,162],[53,11],[63,-228],[12,6],[11,-95],[18,11],[14,-49],[7,-71],[-40,-33],[35,-82],[78,-120],[71,37],[153,-167],[-5,-61],[-53,-74],[-178,-159],[-45,-181],[-158,-139],[24,-63],[91,16],[180,-119],[-9,-39]],[[70286,89309],[32,129],[922,-474],[339,1569],[57,336]],[[71636,90869],[884,-518]],[[72520,90351],[-207,-502],[58,-27],[-3,-170],[267,-309],[-22,-51],[27,-47],[-62,-94],[35,-66],[77,135],[40,-88],[23,17],[72,-239],[-23,-78],[43,-56],[-38,-196],[62,-73],[-7,-29]],[[39142,89749],[-8,107],[255,798]],[[39389,90654],[259,465],[158,375],[202,-130],[53,12],[-9,54],[121,47],[-12,-75],[108,-12],[132,-80],[39,13],[63,-59],[26,-62],[14,-86],[69,-106],[89,76],[58,61],[111,171],[101,86],[82,14],[55,63]],[[41108,91481],[62,-73],[-27,-63],[85,-152],[-14,-36],[25,-55],[42,-55],[31,61],[22,-54],[4,-77],[17,8],[28,-94],[62,-18],[56,-114],[-11,-15],[14,-39],[109,-28],[97,-127],[94,75],[11,-90],[-17,-255],[23,-192],[-52,-138],[-66,-518],[-73,-417],[17,-37],[-222,-407],[-67,-44],[-26,-2],[-48,407],[-19,-135],[14,-82],[-54,-236]],[[76354,90110],[22,333],[-37,29],[-143,297],[8,15],[-116,204],[115,261],[80,74],[445,15],[31,218],[81,-117],[6,-96],[292,231]],[[77138,91574],[211,84],[-40,-198],[41,-28],[14,62],[76,32],[159,-201],[24,57],[4,84],[47,-41],[193,121],[65,-81],[20,34],[20,-22],[59,103],[55,-187],[133,-156],[573,-564],[175,-133],[-92,-234],[-49,-252]],[[29523,85610],[52,23],[67,104],[-66,100],[125,439],[212,349],[31,-25],[33,57],[58,169],[-19,15],[10,88],[-41,2],[3,40],[16,3],[39,128],[-24,9],[14,94],[-329,291],[-129,407],[-50,-49],[-24,42],[-34,-52],[-80,286],[-18,-9],[-2,142],[-28,139],[-65,86],[-68,-12],[-26,40],[-18,39],[31,96],[-92,272],[-61,-30],[-31,264],[72,70],[-39,132],[75,226],[32,37]],[[29149,89622],[155,156],[28,147],[-10,113],[89,-32],[72,136],[0,134],[68,3],[129,123],[-27,69],[198,108],[63,166],[23,148]],[[29937,90893],[17,6],[50,-111],[40,11],[35,76],[-13,43],[19,29],[63,-75],[39,67],[23,-20],[84,83],[-4,-72],[38,-39],[12,48],[-14,51],[54,20],[0,108],[50,7],[52,-41],[-11,-81],[61,-50],[-28,-159],[39,-131],[123,87],[104,-97],[50,25],[54,87],[76,-15],[82,4],[104,-36],[38,-59],[70,-33],[72,45],[70,-28],[107,44]],[[31493,90687],[-68,-274],[-5,-96],[-35,-137],[41,-88],[32,-245],[-42,-38],[49,-222],[-23,-214],[173,-573],[-84,-84],[37,-110],[-66,-90],[15,-58],[-53,-33],[-49,-136],[217,-76],[179,-184],[-12,-134],[25,-43],[9,-57],[-11,-43],[29,-81],[-8,-79],[13,-165],[-51,-109],[-34,6],[-54,-123],[-81,-294],[-24,-462],[-18,-75],[96,-26],[141,-143],[64,306],[67,144],[163,146],[194,275],[113,262],[95,337],[154,293],[136,519],[210,685],[58,99],[101,289],[102,478],[95,-150],[-19,241],[183,200],[71,-232],[27,4],[38,-137],[66,-381],[33,-56],[-12,-35],[28,-192],[15,7],[10,-69],[111,-214],[212,-126],[39,15],[96,-182],[-166,-309],[101,-152],[-6,-32],[78,-205],[29,15],[25,-67]],[[46273,88032],[47,68],[12,72],[-53,275],[-6,169],[113,65],[162,381],[48,-29],[51,120],[55,52],[-3,39],[42,47],[-49,166],[46,47],[60,-34],[123,143],[-7,110],[-112,57],[50,205],[-15,13],[108,204],[43,218],[123,-107],[88,3],[11,62],[-107,105],[40,230],[55,99],[-16,64],[17,56],[1,178],[36,84]],[[47236,91194],[93,-106]],[[47329,91088],[779,-546],[45,47],[366,-122],[59,4],[13,35],[76,-21],[47,54],[67,-56],[13,21],[14,-19],[-29,-41],[107,-147],[57,-10],[156,-135],[117,14],[-47,192],[36,68],[-9,24],[49,53],[66,-126],[151,81],[146,161],[22,-64],[71,103],[37,-69],[4,-182],[55,-263],[196,152]],[[49993,90296],[119,-629],[140,-471],[163,-334],[234,-274]],[[22795,87315],[130,283],[88,96],[152,333],[45,-57],[18,121],[32,-20],[55,230],[-7,42],[98,158],[70,181],[-52,203],[-173,-130],[-35,94],[30,25],[4,119],[98,111],[-43,118],[53,99],[10,-27],[105,97],[102,3],[120,86],[270,-324],[-10,-29],[19,-21],[13,37],[104,-70],[67,122],[85,4],[57,88],[17,-22],[-20,-52],[97,-139],[115,222],[22,101],[35,-6],[2,-39],[66,-1],[8,-65],[146,-35],[24,-49],[107,58],[-9,40],[30,47],[-101,186],[56,61],[-27,70],[59,537],[-62,46],[-124,219]],[[24741,90466],[79,-1],[48,-88],[69,44],[102,-63],[127,42],[101,-123],[91,-40],[45,33],[21,-43],[91,56],[67,101],[-90,98],[-43,167],[18,108],[-24,74],[16,63],[-28,89],[91,79],[-34,120],[109,78],[53,8],[33,-128]],[[25683,91140],[127,-530],[167,116],[-26,83],[0,76],[103,172],[63,-78],[28,-139],[92,-7],[38,51],[123,-262],[32,24],[38,-73],[21,22],[145,-341],[90,-119],[-7,-81],[-21,-35],[37,-97],[49,-44],[-10,-45],[78,-63],[56,204],[49,-145],[126,-179],[33,41],[46,-43],[16,24],[100,-125],[91,119],[60,15],[46,177],[79,192],[60,61],[39,-57],[18,43],[56,-60],[53,193],[166,-273],[-19,-162],[46,-113],[103,-92],[-15,-148],[71,18],[81,-105],[281,-220],[141,172],[177,68],[100,265],[106,-63],[133,45]],[[84655,85887],[-37,225],[8,66],[-63,119],[-35,196],[-59,-30],[-19,93],[-81,0],[-12,37],[19,59],[-44,42],[30,91],[-55,86],[10,80],[-29,-29],[-109,84],[-11,57],[-49,58],[-10,91],[-47,17],[-5,129],[-31,9],[-99,251],[-12,172],[-62,116],[14,102],[-16,207],[-128,610],[-57,143],[-12,84],[99,224],[66,-11],[70,-98],[74,88],[52,123],[54,29],[13,58],[188,109],[-6,75],[-24,28],[15,55],[-7,50],[-121,190],[-82,61],[-78,272]],[[83967,90305],[51,88],[128,-73],[49,52],[98,14],[19,43],[43,-18],[148,81],[124,108],[-8,21],[133,-25],[30,108],[85,115],[-8,40],[32,4],[127,202],[-14,129],[18,78],[121,57],[30,-73],[54,-35],[95,-216],[-9,-179],[-14,-21],[24,-79],[47,-15],[43,38],[3,37],[93,-22],[34,-59],[36,20],[43,-100],[84,-72],[105,-186],[72,-162],[17,-109],[42,-92],[227,-123],[114,-217]],[[64778,87556],[0,106],[-237,339],[27,56],[-99,172],[-19,50],[22,38],[-32,54],[132,193],[-30,80],[173,166],[7,-38],[349,194],[-20,99],[16,7],[-12,73],[-15,-2],[-29,226],[-90,97],[15,101],[-28,-16],[-179,250],[-43,-21],[-12,26],[51,63],[-60,98],[-27,-32],[-81,220],[53,53],[-20,74],[42,54],[-25,61],[51,72],[-34,84],[109,129],[-125,237],[89,162],[-11,39]],[[64686,91120],[49,3],[163,217],[165,-205],[38,1],[38,-12]],[[65139,91124],[23,-206],[33,-8],[17,-155],[201,31],[87,70],[-2,37],[47,44],[77,-226],[93,69],[52,223],[35,-46],[139,87],[64,-296],[120,-326],[168,199],[36,-93],[31,23],[41,-71],[117,-258]],[[66518,90222],[121,-322],[-34,-64],[26,-220],[36,-71],[-22,-19],[10,-30],[78,-50],[57,-167],[87,-81]],[[81056,88624],[-36,52],[0,54],[-32,105],[29,225],[117,15],[180,133],[-51,213],[8,184],[53,282],[26,-13],[7,-44],[66,-28],[13,-85],[-12,-49],[63,-78],[108,-253],[15,16],[-12,33],[114,141],[80,-193],[121,-204],[116,34],[128,256],[-8,48],[31,-3],[-19,112],[53,104],[42,164],[-12,23],[4,149],[-28,137],[-80,245]],[[82140,90399],[-117,318],[-228,280],[-108,389],[-55,39],[22,74],[-15,119],[41,40],[22,-39],[67,88],[43,-56],[2,-60],[42,-63],[-13,-20],[28,-73],[25,17],[19,-116],[86,-43],[-2,-40],[61,15],[131,-138],[140,54],[4,-33],[61,11],[71,-53],[212,175],[98,140],[51,253],[53,-10]],[[82881,91667],[44,-69],[-8,-57],[15,-58],[44,-20],[103,-232],[164,-274],[32,-197],[37,-47],[134,30],[32,-40],[94,-2],[15,-67],[-12,-45],[32,-126],[74,3],[134,-239],[103,86],[49,-8]],[[87634,91078],[416,581]],[[88050,91659],[73,-121],[-23,-29],[9,-95],[75,-154],[35,-147],[120,25],[69,-42],[30,-73],[60,7],[58,-52],[120,15],[48,99],[67,-85],[15,-62],[176,51],[68,-172],[28,31],[45,-38],[179,367],[58,181],[50,213],[-29,139],[202,6],[91,-81],[68,23]],[[89742,91665],[38,-72],[-82,-52],[-5,-200],[20,-142],[159,-286],[127,-29],[20,33],[123,-250],[97,12],[110,-160],[67,-207],[36,-40],[-32,-45],[100,-159],[22,-214],[62,-133],[-76,-354]],[[69078,89557],[-95,75],[-21,-60],[20,-24],[-15,-50],[-214,170],[-25,-65],[-127,105],[104,190],[-28,184],[110,304],[-46,29],[14,141],[-23,6],[10,107],[-25,72],[10,93],[111,33],[31,579],[-30,2],[2,112],[-20,4],[2,192],[218,-4]],[[69041,91752],[1143,-183],[523,-200]],[[70707,91369],[929,-500]],[[56026,88496],[163,171],[8,-46],[21,25],[-29,152],[66,87],[-12,27],[54,73],[62,170],[-55,205],[-44,31],[5,71],[83,146],[-71,56],[30,109]],[[56307,89773],[88,33],[55,87],[7,87],[-36,72],[11,18],[194,136],[145,169],[-104,225],[19,177],[24,11],[79,240],[-15,475],[37,43],[26,-40],[33,64],[56,-69],[-9,-28],[72,-5],[-9,-87],[85,20],[139,-96],[46,128],[44,57],[47,-108],[12,55],[71,1],[133,86],[144,152],[23,-15],[1,44],[116,-123],[69,177],[129,-155]],[[58039,91604],[86,-123],[102,-306],[-60,-26],[2,-199],[-59,-5],[-2,-72],[-22,-4],[1,-66],[-12,-7],[13,-221],[-61,-133],[8,-75],[99,-70],[26,53],[50,-69],[21,20],[38,-93],[-20,-15],[65,-357],[98,-162],[285,-658],[-163,-164],[93,-242],[-64,-124],[-42,-160],[-48,-24],[-82,-155],[-33,-89],[13,-36],[-46,-56],[-62,-196],[110,-118],[75,215],[116,-87],[109,-321],[-39,-130],[231,-172]],[[79417,89287],[94,310],[19,129],[119,52],[26,127],[24,-11],[72,176],[5,124],[77,268],[86,103],[15,84],[92,-33],[0,201],[47,479],[67,491],[31,-7]],[[80191,91780],[56,-49],[-27,-127],[31,-34],[-16,-49],[59,-58],[-16,-40],[30,13],[66,-103],[13,40],[16,-15],[43,133],[191,48],[83,343],[-7,28],[92,-20],[161,132],[93,-184],[98,-68],[6,-123],[122,-209],[33,-101],[78,-69],[-11,-20],[36,-112],[-28,-59],[142,-422],[-33,-292],[42,-260],[123,57],[212,-135],[88,92],[109,-3],[41,92],[-11,155],[34,38]],[[31493,90687],[166,57],[107,-157],[212,1],[88,-60],[129,1],[103,197],[48,150],[80,95],[26,74],[51,61],[-7,31],[71,89],[64,28],[74,54],[42,106],[45,-58],[49,26],[-14,-76],[31,-142],[28,-29],[34,-100],[28,-34],[64,88],[82,-63],[222,-34],[56,24],[153,233],[173,209],[109,129],[111,18],[66,-40],[99,-462],[36,-56],[244,874],[10,89],[46,111],[73,243],[18,-47],[30,-27],[105,25],[19,29],[104,23],[54,-5],[23,39],[49,96],[15,-29],[-34,-114],[141,-350],[68,80],[69,-75],[11,-44],[36,-40],[13,17],[35,-57],[41,31]],[[35289,91916],[98,80],[118,162],[83,35],[-5,-59],[72,-265],[-77,-28],[-15,69],[-123,-13],[-138,-179],[-8,-144],[-68,166],[-88,-35],[-85,-148],[51,-98],[36,-360],[100,-26],[26,-196],[-13,-2],[8,-60],[-78,-170],[45,-196],[-103,-518],[23,-26],[30,-179],[23,-38],[-38,-148],[-77,-158],[11,-74],[-68,-166],[18,-47]],[[37445,88677],[-17,14],[119,373],[-110,121],[-70,344],[-41,25],[-134,324],[35,304],[36,153],[-2,116],[-125,117],[-57,-114],[-103,253],[-99,78],[-67,6],[-32,57],[-127,22],[56,427],[-221,39],[132,365],[-93,141],[-141,114],[-109,279],[-27,12],[-104,238],[93,164],[-2,34]],[[36235,92683],[18,164],[38,25],[4,63],[139,292],[-46,137],[16,122],[24,-5],[-6,48],[40,125],[118,-59],[63,17],[-25,-134],[140,-132],[17,95],[48,76],[84,29],[-22,39],[-30,-16],[-86,-16],[-23,90],[113,34],[11,-53],[84,-56],[37,-42],[32,-43],[7,-129],[35,-71],[30,-40],[79,-8],[30,-59],[101,-78],[24,-180],[23,-65],[31,-108],[32,-32],[58,-227],[53,-317],[52,-200],[35,72],[118,46],[89,-13],[117,13],[83,-11],[128,30],[70,29],[112,-58],[82,-73],[248,-389],[76,-73],[32,-55],[80,-66],[111,-48],[189,-361],[43,-121],[12,-126],[186,-111]],[[60184,87317],[-27,118],[47,46],[-45,177],[78,447],[114,264],[237,434],[-53,199],[-49,105],[7,18],[-66,96],[-8,74],[79,292],[-16,29],[3,193],[-35,98],[-5,187],[26,81],[-22,49],[46,158],[36,50],[-11,313],[35,255],[33,155],[194,163],[150,70],[68,271]],[[61000,91659],[172,-310],[158,8],[273,119],[-34,174],[72,31],[10,-69],[220,208],[14,-41],[59,81],[42,-18],[26,52],[20,-33],[31,54],[-11,34],[68,114],[24,-25],[77,138],[-66,131],[-33,-33],[-12,71],[25,163],[-37,150]],[[62098,92658],[73,32],[13,-89],[35,22],[-6,40],[39,18],[16,-76],[28,9],[13,-52],[34,41],[12,-29],[-68,-85],[63,-212],[18,-38],[45,-22],[10,-35],[28,-26],[18,-33],[-31,-57],[49,-115],[140,202],[72,-39],[94,-33],[57,-213],[85,96],[63,-43],[44,-96],[57,-67],[103,-40],[78,125],[26,-7],[22,48],[31,-31],[0,216],[21,52],[38,32],[80,51],[59,-3],[50,-71],[58,-26],[139,-91],[28,74],[24,-12],[23,10],[206,-158],[-18,-52],[61,-79],[107,-89],[-26,-109],[65,-60],[16,28],[119,-178],[164,-130],[113,-138]],[[35289,91916],[-86,143],[149,145],[28,120],[149,315],[-8,45],[14,14],[60,35],[-5,-95],[25,-73],[-22,-44],[18,-88],[29,38],[115,-41],[30,47],[72,35],[43,19],[60,84],[46,31],[117,83],[49,26],[52,-21],[11,-51]],[[82881,91667],[258,642],[117,141],[67,-4],[163,124]],[[83486,92570],[49,-71],[418,63],[181,130],[307,28],[144,92],[208,-75],[91,-135],[150,-90],[230,-277]],[[85264,92235],[143,-76],[127,-203],[91,-287],[66,-364],[63,-211],[114,-196],[307,-738],[210,-330]],[[11334,87870],[-6,18],[-119,325],[-43,118],[45,252],[8,39],[-1,52],[-3,255],[-2,178],[277,360],[78,25],[68,21],[100,102],[74,-7],[58,85],[-136,223],[-68,344],[9,39],[5,25],[-42,51],[-47,57],[-10,37],[-46,185],[7,134],[8,6],[41,29],[49,34],[111,-45],[-69,339],[69,424],[-265,263],[-5,152],[0,10],[-65,185],[-18,50],[-53,149],[-16,46],[-6,7],[-11,11],[-4,5]],[[11306,92453],[254,155],[316,77],[109,101],[192,97],[119,-168],[26,61],[36,-48],[38,77],[33,-27],[104,275],[55,12],[22,-74],[97,-155],[58,-38],[81,-170],[47,80],[50,-81],[-17,-19],[19,-47],[29,36],[25,-37],[8,32],[-38,65],[7,52],[-66,110],[55,83],[126,44],[55,-86],[53,63],[-4,50],[95,111],[23,-64],[86,-4],[27,70],[90,74]],[[13516,93160],[68,-119],[-34,-89],[14,-1],[-4,-116],[28,-38],[43,-198],[-28,-36],[60,-159],[-86,-165],[25,-54],[-27,-324],[-123,-169],[-33,-168],[-78,10],[-73,-177],[13,-26],[-262,-316],[5,-123],[-99,-206],[99,-26],[69,-71],[16,26],[72,-94],[64,-180],[13,52],[47,28],[6,59],[25,-38],[21,-144],[40,-4],[18,-99],[-10,-150],[-26,-8],[42,-65],[40,-233],[76,-269],[98,-70],[117,108],[-1,-68],[49,-68],[9,-108],[78,-42],[21,75],[46,-29],[-75,-411],[-31,8],[16,-540]],[[13516,93160],[51,33],[47,-26],[189,-308],[17,-60],[28,14],[10,-55],[56,-5],[43,27],[21,-26],[34,35],[20,-60],[18,-48],[37,-28],[39,-1],[34,-30],[51,29],[7,-142],[38,-11],[-3,-28],[65,-42],[225,-243],[9,118],[-6,215],[21,71],[44,64],[81,215],[-67,52],[2,39],[48,134]],[[14675,93093],[354,-318],[-74,-149],[35,-60],[49,-11],[-12,-35],[216,-312],[85,-62],[9,-16],[-48,-130],[132,-58],[57,-79],[45,-124],[-40,-66],[142,-150],[-146,-248],[-91,44],[-123,-289],[-5,-91],[31,-23],[6,-94],[-18,-61],[10,-114],[-41,-125],[10,-94],[31,-61],[-12,-276],[-80,-277],[6,-215],[283,20],[136,151]],[[74189,88448],[17,5],[-11,124],[-68,7],[16,322],[60,275],[-12,13],[13,56],[-24,10],[59,53],[59,138],[-49,62],[40,113],[-15,46],[18,58],[-233,262],[4,125],[-60,49],[-18,-66],[-35,34],[-66,-21],[114,632],[30,14],[-155,279],[-184,157],[-252,379],[185,347],[27,-44],[463,603]],[[74112,92480],[66,124],[55,34],[31,115],[7,153],[75,294],[278,-287],[138,-92],[129,169],[103,-157],[-27,-95],[54,-71],[3,-216],[49,-144],[-43,-64],[24,-102],[-204,-25],[24,-110],[-35,-74],[71,-143],[31,28],[84,-148],[-100,-137],[-82,-188],[-116,-113],[-31,42],[-14,-30],[87,-158],[-44,-69],[31,-49],[-72,-120],[-37,113],[-13,-49],[91,-203],[40,-2],[62,-142],[25,35],[54,-92],[15,38],[39,-53],[20,37],[46,-76],[-25,-62],[98,-180],[74,148],[21,-15],[154,-176],[210,-329]],[[49993,90296],[273,329],[-3,102],[26,86],[95,176],[-33,49],[23,99],[-39,51],[36,37],[108,243],[130,340],[-142,75],[20,70],[1,189],[-17,20],[-8,177],[12,87],[-59,78],[51,480]],[[50467,92984],[226,29],[68,131],[282,105],[38,-274],[85,-97],[-19,-49],[7,-96],[82,-129],[97,-249],[26,-186],[-18,21],[-90,-99],[76,-425],[-19,-151],[140,144],[45,265],[-15,24],[36,235],[48,30],[-14,127],[86,46],[-6,38],[20,15],[48,-38],[169,239],[138,81],[17,-60],[-22,-30],[63,-40],[31,-101],[11,26],[-12,198],[65,-7],[6,39],[-13,8],[20,51],[24,-19],[34,106],[32,-52],[-13,-51],[193,-205],[-10,-58],[68,-10],[-15,-36],[139,-251],[11,-185],[45,-2],[-9,-33],[26,-29],[124,-6],[261,-98],[134,122],[79,357]],[[53292,92355],[175,127],[88,-122],[191,-106],[26,-54],[37,-213],[113,-150],[13,-83],[-21,-28],[18,-59],[19,13],[43,-102],[41,7],[24,-114],[-49,-61],[53,-185],[-2,-50],[-31,-67],[-7,27],[-52,-56],[48,-206],[-428,126],[-99,2],[-101,-61],[-55,102],[-78,-101],[-125,-23],[-82,-121],[-10,-60],[71,-27],[27,-200],[-142,-173],[-4,-233],[39,-2],[215,-246],[76,-177],[12,-117],[27,16],[181,-179],[28,25],[40,-97],[-293,-526],[34,-54],[-60,-202]],[[65139,91124],[153,243],[115,123],[181,344],[-56,89],[28,14],[-114,406],[12,9],[-28,107],[-1,112],[-174,-23],[-38,96],[22,44],[-20,31],[77,240],[-37,34],[33,104],[-28,23],[15,53],[134,-109],[19,73],[0,130],[45,-19],[-4,-75],[91,-116],[20,54],[53,-109],[19,27],[-4,-45],[30,51],[43,-75],[87,-46],[23,-81],[48,-34],[-7,-53],[28,-17],[56,-13],[66,104],[25,79],[156,62],[29,70],[41,-9],[8,35],[115,-4],[63,-69],[49,69],[294,-6],[101,-239],[21,24],[11,-29]],[[66939,92803],[3,-49],[-42,-16],[25,-222],[-21,-9],[-3,-98],[20,-27],[54,-400],[44,25],[13,-35],[-8,-72],[13,-92],[-12,-24],[51,-74],[-16,-26],[-5,-94],[-56,-65],[70,-160],[49,-218],[-80,-257],[-9,-83],[-74,-178],[32,-58],[-38,-133],[-21,14],[-80,-231],[-105,180],[-87,-98],[-138,-81]],[[89742,91665],[157,90],[67,96],[90,-87],[12,150],[161,292],[1,94],[48,-4],[-18,32],[21,43],[-54,110],[-14,-17],[-89,236],[129,174],[59,80],[-8,161],[-75,176]],[[90229,93291],[101,-59],[194,-116],[89,-59],[177,17],[235,23],[55,55],[8,8],[41,41],[98,-180],[82,200],[258,-13],[99,-5],[2,44],[50,-40],[76,-62],[73,-126],[37,-62],[27,-125],[2,-12],[43,-198],[-1,-18],[-3,-42],[45,-132],[42,-125],[-1,-96],[-1,-56],[-6,-19],[-7,-25],[-23,-76],[-7,-24],[154,-349],[23,-53],[99,-221],[4,-161],[20,-62],[65,-126],[88,-65],[4,-105],[33,-111],[23,-22],[18,-17],[46,-100],[-37,-136],[49,-296],[5,-33],[-4,-90],[33,-19],[6,-15],[26,-71],[48,-50],[16,-133],[65,-59],[29,-31],[5,-5],[123,-133],[0,-16],[0,-33],[0,-22],[5,-30],[6,-18],[12,-26],[10,-15],[15,-17],[17,-12],[24,-14],[18,-9],[19,-9],[22,-17],[13,-22],[10,-40],[-3,-19],[-8,-42],[-21,-24],[-5,-4],[50,-262],[42,-223],[9,-25],[10,-26],[7,-16],[4,-10],[119,-289],[93,-171],[151,-143],[129,-180],[-54,-173],[68,-64],[-28,-135],[-29,-24],[-81,-156],[-6,-24],[-6,-4],[-5,13],[-9,10],[-11,3],[-11,-10],[-16,-25],[-10,-10],[-10,4],[-8,14],[-5,16],[-6,19],[-6,6],[-8,-6],[-14,-13],[-36,-43],[-16,-8],[-8,9],[-7,23],[-8,17],[-10,5],[-10,2],[-13,-3],[-32,-16],[-68,-44],[32,-65],[147,-301],[197,-396],[16,-33],[69,-86],[-88,-287],[-129,-94],[16,-107],[114,-114],[35,-35],[11,-11],[106,203],[88,74],[-42,204],[71,7],[47,136],[22,65],[58,82],[37,-86],[59,-5],[62,-92],[87,75],[14,13],[61,-47],[63,-49],[37,24],[72,-20],[78,-1],[62,62],[32,-29],[88,-81],[273,-252],[129,-119]],[[43710,87198],[-42,80],[-2,62],[12,82],[33,64],[86,66],[-40,128],[24,24],[-40,127],[48,165],[27,15],[-7,113],[-242,354],[57,112],[-49,80],[-32,537],[215,214],[98,19],[81,110],[17,-14],[25,41],[-57,46],[71,145],[-14,136],[50,10],[-4,38]],[[44025,89952],[-3,30],[201,35],[11,-65],[-11,-67],[22,-64],[21,1],[15,-96],[-9,-112],[51,-30],[51,-177],[-72,-101],[28,-55],[236,302],[90,235],[-6,90],[39,43],[1,136],[-284,560],[-263,321],[107,230],[35,-64],[80,47],[2,123],[-18,90],[56,154],[75,-61],[72,-150],[31,32],[-46,106],[56,-19],[2,45],[-31,53],[21,15],[-22,81],[-14,-29],[-85,62],[49,65],[-50,76],[-38,-102],[-46,93],[53,48],[-8,48],[22,52],[-20,20],[59,141],[35,-42],[82,104],[50,155],[14,-58],[31,82],[20,-49],[47,19],[22,86],[-27,72],[25,45],[33,-55],[28,62],[-1,93],[-18,39],[17,12]],[[44843,92659],[194,195],[10,-23],[104,248],[63,75],[279,-37],[5,-88],[59,-70],[84,45],[140,230],[74,63]],[[45855,93297],[53,-187],[196,-393],[152,-218],[62,-201],[128,42],[106,-124],[-23,-13],[11,-40],[-30,15],[-14,-47],[18,-277],[-18,-21],[14,-29],[43,-13],[30,-92],[63,37],[126,-127],[29,-85],[56,-5],[2,55],[12,1],[365,-381]],[[66939,92803],[86,106],[45,125],[23,270],[67,233],[12,-63],[14,-178],[28,-96],[-21,-109],[85,-352],[65,1],[61,-36],[83,-10],[201,-82],[50,6],[4,53],[50,41],[42,-4],[48,22],[68,76],[-28,21],[21,41],[-18,20],[16,46],[-13,19],[80,111],[-11,16],[55,97],[44,17],[-9,221],[113,34],[34,128],[23,-32],[7,127],[149,-118],[-8,-25],[59,-69],[-10,-32],[50,-42],[-16,-38],[63,-43],[17,47],[35,-12],[19,29],[21,-40],[44,49],[17,-101],[58,27],[34,-89],[35,38],[45,-106],[-21,-36],[18,-35],[39,51],[37,-96],[-30,-44],[119,-308],[6,43],[46,42],[11,68],[22,6],[7,-46],[29,62],[22,-14]],[[69181,92840],[27,-41],[18,-119],[55,-5],[-5,-49],[28,-105],[-147,-221],[29,-69],[-44,-64],[48,-100],[-23,-29],[-48,37],[-82,-116],[4,-207]],[[41108,91481],[87,205],[-39,56],[-27,86],[-13,89],[4,96],[35,109],[14,79],[39,86],[7,57],[-15,74],[0,77],[8,59],[31,64],[9,86],[-7,28],[16,57],[2,105],[15,112],[67,-46],[33,-9],[3,132],[32,-86],[80,-27],[25,-7],[15,13],[94,-335],[21,-20],[40,235],[84,-123],[66,-18],[-9,-87],[13,24],[21,-23],[12,11],[-7,52],[11,32],[-127,313],[28,302],[20,-33],[2,91],[43,171],[-11,24],[-57,-159],[-99,-129],[-79,-79],[-39,24],[36,85],[-8,51],[7,69],[-40,209],[65,41],[35,-67],[36,18],[37,121],[72,149],[6,65],[25,28],[20,55],[24,-50],[82,34],[54,-164],[323,-1284],[197,89]],[[42527,92698],[20,-171],[38,-12],[11,-95],[-92,-81],[-79,-4],[127,-430],[136,-211],[56,-170],[174,126],[117,144],[214,63],[144,-96],[210,-224],[-12,-155],[-86,-211],[-11,-383],[-58,-360],[283,25],[121,102],[53,98],[50,-223],[-269,-386],[170,-139],[181,47]],[[19267,88476],[87,67],[-26,107],[-23,-16],[-26,105],[101,114],[-72,280],[-88,119],[-139,105],[-56,329],[-82,9],[-11,40],[17,83],[-70,132],[59,97],[-167,390],[-78,86],[32,78],[-38,197],[-47,-24],[-7,54],[-45,24],[3,59],[-29,90],[-78,71],[-14,62],[-103,153],[11,24],[-132,13],[-28,-42],[-40,203],[16,12],[-98,156],[8,84]],[[18104,91737],[75,120],[105,378],[42,-14],[63,-102],[160,181],[19,-53],[182,15],[220,199],[-19,49],[80,103],[52,-74],[162,114],[129,280],[-116,245],[39,56],[70,-85],[43,-127],[68,63],[103,13],[70,78],[-49,94],[-66,-6],[-55,143],[174,351],[48,-43],[5,156],[-62,-3],[-17,35],[-39,-12],[-16,-57],[-37,29],[19,67],[-19,31],[22,87],[47,-22]],[[19606,94026],[2,-56],[75,-37],[56,3],[80,22],[60,43],[11,54],[113,34],[107,-22],[115,-338],[32,17],[26,-62],[78,-80],[88,58],[73,50],[49,-3],[17,26],[43,31],[107,-53],[80,21],[52,-65],[57,-5],[32,34],[44,4],[97,103],[61,86],[51,39],[140,-45],[101,33],[26,-35],[62,34],[27,-50],[35,-45],[50,-32],[11,-52],[-14,-42],[20,-129],[36,-42],[71,-111],[42,-104],[56,-48],[39,-90],[59,-21],[32,11],[112,-105],[59,91],[95,21],[118,-9]],[[22389,93160],[-24,-243],[-55,-149],[30,-40],[48,30],[195,-78],[-73,-89],[-13,-64],[-69,-42],[-56,-114],[189,-279],[281,-229],[530,-104],[72,30],[47,-53],[-161,-328],[-15,-86],[-68,-86],[-55,-129],[-15,-217],[12,-54],[136,36],[88,149],[0,43],[118,-224],[51,11],[51,-62],[42,33],[-55,101],[56,93],[115,67],[2,-74],[15,-16],[119,-28],[231,115],[65,77],[283,-215],[183,-341],[23,-122],[29,-13]],[[70707,91369],[-12,37],[61,151],[-13,34],[28,73],[-22,158],[-50,123],[229,557],[-21,48],[55,90],[-98,223],[-7,254],[24,281],[-30,434],[49,-11],[128,167],[51,-35],[27,-197],[149,12],[10,70],[108,282],[45,-49],[33,70],[119,-24]],[[71570,94117],[61,42],[81,-5],[35,-29],[41,13],[22,-253],[-12,-286],[34,-3],[6,-43],[28,-16],[0,-29],[92,-14],[1,-64],[29,-49],[-12,-29],[26,-43],[192,-111],[-21,-99],[29,-40],[1,-33],[110,-116],[29,69],[9,39],[27,-37],[143,249],[101,-261]],[[72622,92969],[-102,-126],[9,-23],[-28,-47],[21,-42],[-15,-29],[41,-64],[-128,-238],[14,-111],[-48,-176],[6,-41],[37,19],[4,-37],[-30,-16],[-3,-42],[12,-118],[25,-41],[-56,-182],[61,-53],[-50,-154],[38,-50],[-96,-347],[116,-139],[42,31],[73,-111],[-20,-37],[18,-29],[-38,-94],[17,-33],[-38,-79],[56,-114],[-40,-95]],[[42527,92698],[163,48],[234,-49],[-19,775],[-7,235],[167,57],[155,83],[48,-11],[79,15],[73,49],[34,17],[60,171],[58,46],[12,-98],[507,99],[277,55]],[[44368,94190],[-10,-797],[209,-46],[161,-132],[-52,-188],[24,-48],[108,214],[7,-78],[-50,-127],[2,-75],[-46,-62],[-25,-133],[16,-44],[112,35],[19,-50]],[[72622,92969],[17,-120],[97,290],[52,-75],[52,105],[11,-36],[81,-11],[5,31],[137,-24],[13,-112],[34,-20],[96,46],[54,74],[-64,106],[62,136],[-36,65],[28,104],[56,-49],[19,103],[50,66],[40,67],[76,76],[-80,440],[67,29],[-16,153],[141,16],[25,-148],[-9,-37],[95,-132],[56,16],[73,-115],[3,-254],[-3,-74],[-24,-88],[24,-48],[-19,-59],[-25,-61],[130,-172]],[[73940,93257],[53,-97],[-26,-62],[20,-40],[-52,-70],[33,-96],[-16,-57],[19,-77],[-41,-79],[182,-199]],[[85264,92235],[46,98],[77,366],[64,142],[63,33],[74,269],[233,424],[62,195],[185,378],[-28,53],[-40,269],[-73,98],[20,127],[-138,74],[-29,135],[-105,-49],[-32,70],[-158,499],[-12,115],[61,133],[85,-54],[11,-20],[5,-9],[62,-111],[82,-91],[26,-6],[51,153],[-18,31],[46,109],[70,-12],[32,50],[23,-107],[57,72],[74,44],[7,-84],[44,-7],[-22,-208],[23,-98],[122,28],[46,21],[260,421],[68,-12],[66,7],[15,2],[81,89],[62,-1],[82,39],[38,48],[28,58],[42,4],[107,45],[40,-31],[89,111],[22,19],[5,5],[42,36],[54,0],[27,-31],[186,-87],[134,-95],[48,-121],[-13,-211],[22,-19],[41,-34],[35,6],[28,5],[110,-125],[5,-6],[41,28],[7,5],[176,-32],[92,14],[69,43],[61,-43],[6,-5],[41,32],[43,33],[19,14],[37,-8],[58,16],[149,42],[45,29],[51,-5],[52,-9],[65,-3],[53,-46]],[[89149,95592],[-151,-904],[-540,-2614],[-408,-415]],[[58039,91604],[34,73],[98,-158],[12,20],[-11,24],[102,92],[21,62],[-5,243],[-19,6],[39,169],[30,-9],[21,133],[74,-88],[47,105],[78,-84],[90,197],[63,-49],[21,56],[-25,25],[70,109],[-21,22],[19,46],[41,8],[37,97],[-12,12],[108,279],[-77,101],[41,43],[-31,35],[22,56],[-42,61],[56,142],[-16,24],[37,112],[48,51],[-30,49],[120,138],[-154,323],[79,227]],[[59004,94356],[63,138],[45,-78],[82,183],[51,56],[35,-246],[131,-164],[13,36],[39,-14],[11,64],[91,8],[1,-140],[43,26],[106,-80],[273,244],[33,-153],[56,-2],[27,43],[10,-34],[40,18],[16,-46],[27,18],[133,-250],[-96,-398],[17,-13],[-18,-58],[30,-25],[-29,-209],[74,-12]],[[60308,93268],[119,-107],[0,-44],[22,-21],[-44,-110],[38,-19],[-10,-68],[-48,-2],[-21,-116],[68,-34],[32,-139],[209,-156],[7,-41],[116,-42],[7,-89],[-17,-272],[84,-78],[130,-271]],[[69181,92840],[20,15],[19,62],[-38,105],[25,45],[-54,211],[42,48],[11,64],[39,80],[71,218],[69,-70],[246,298],[241,235],[468,841],[495,41],[22,-34],[36,14],[49,-39],[24,-47],[55,-120],[18,-101],[25,-45],[171,224],[205,223],[82,-302],[23,-304],[-10,-118],[35,-267]],[[45855,93297],[257,211],[242,304],[49,11],[62,122],[35,-58],[35,60],[86,-77],[134,-29]],[[46755,93841],[75,-36],[50,-29],[19,-84],[63,-27],[22,22],[19,-49],[32,-21],[19,37],[24,-19],[26,-62],[31,31],[11,-56],[24,-11],[35,72],[42,42],[134,195],[-37,79],[37,40],[21,54],[-150,250],[-54,121],[131,180],[61,-83],[19,-62],[43,12],[43,70],[103,107],[93,64],[73,106],[27,48],[56,26],[37,65],[135,149],[56,102],[76,-173],[4,-121],[75,-66],[20,61]],[[48250,94875],[74,-150],[-61,-147],[107,-218],[-28,-129],[24,-107],[-67,-113],[-40,-20],[-49,140],[-44,-55],[-57,36],[-34,-67],[-32,96],[-14,-10],[-10,-104],[66,-137],[-40,-71],[-44,-214],[43,-96],[22,-214],[-63,-74],[-88,-325],[1,-307],[-49,-140],[23,-48],[-18,-27],[9,-124],[-12,-20],[22,-75],[-31,-70],[8,-37],[-54,-103],[-36,-15],[67,-139],[-227,-137],[-99,-115],[-103,-227],[-53,-62],[-34,-162]],[[73940,93257],[80,156],[59,60],[149,85],[50,-20],[29,57],[9,83],[71,127],[410,434],[102,129],[163,280],[48,-83],[44,98],[17,-46],[50,67]],[[75221,94684],[19,-54],[-5,-51],[22,-3],[15,-67],[22,22],[33,-117],[43,22],[85,-194],[85,-369],[53,-75],[71,278],[42,-13],[53,-92],[65,59],[81,190],[21,59],[42,442],[50,134],[125,38],[-10,46],[123,126],[301,164],[-14,-184],[26,-271],[40,-131],[54,-84],[37,-194],[-12,-7],[7,-43],[13,3],[12,-78],[20,10],[51,-133],[76,-76],[171,-87],[148,99]],[[77186,94053],[77,-463],[55,-130],[-19,-113],[6,-120],[-102,-163],[40,-77],[-19,-34],[31,-65],[-32,-66],[46,-72],[-25,-74],[11,-28],[-61,-43],[44,-82],[20,37],[46,-79],[8,-45],[-25,-61],[19,-40],[-13,-26],[2,-88],[30,-87],[-49,-131],[23,-77],[-95,-246],[-66,-106]],[[53292,92355],[-26,69],[0,76],[13,158],[37,183],[120,179],[36,138],[36,55],[4,65],[-26,21],[-13,-38],[-144,163],[21,77],[-48,256],[18,10],[-23,37],[-2,128],[-88,80],[53,125],[97,451],[-37,485]],[[53320,95073],[230,81],[-3,49],[76,30],[132,-267],[166,168],[24,-105],[239,-544]],[[54184,94485],[-35,-58],[186,-195],[156,-85],[61,49],[111,-103],[19,64],[342,36],[87,-32],[75,95],[51,3],[3,-39],[-81,-66],[-157,-311],[68,-59],[36,-89],[-84,-234],[-232,-333],[-106,-47],[-15,-26],[73,-35],[-90,-146],[-33,30],[-23,-85],[216,-356],[-20,-127],[-2,-209],[54,-20],[-17,-84],[38,-52],[-12,-13],[20,-83],[20,12],[15,-70],[-14,-8],[8,-46],[16,8],[21,-120],[109,-2],[0,-364],[-19,-11],[-1,-48],[272,-15],[12,-89],[36,-65],[21,9],[-39,-99],[-28,-9],[6,-25],[-63,-57],[21,-42],[-22,-28],[14,-29],[46,58],[36,-73],[57,85],[24,-19],[63,122],[46,-34],[97,-108],[-48,-233],[71,-81],[43,16],[204,-236],[88,-7],[22,-49],[72,9],[25,-81],[-7,-142],[76,-181],[57,20],[50,-77],[27,7]],[[60308,93268],[42,199],[21,-14],[65,139],[74,-28],[29,87],[188,19],[33,312],[115,-194],[119,177],[-46,130],[41,41],[-13,54],[18,92],[-29,196],[25,26],[-10,41],[16,17],[-16,222],[63,183],[4,108],[42,78],[-44,110],[19,61]],[[61064,95324],[58,-33],[184,-207],[57,-63],[66,-109],[22,-77],[30,45],[67,-149],[127,-66],[82,-119],[105,-112],[-28,-80],[-52,-96],[-6,7],[32,-68],[-103,-141],[128,-215],[-44,-173],[23,-43],[12,-126],[-34,-77],[28,-32],[-67,-145],[57,-51],[49,-60],[100,-198],[141,-278]],[[25683,91140],[65,201],[67,107],[11,71],[-17,124],[77,212],[45,23],[-123,270],[25,62],[-20,118],[29,139],[-79,295],[54,89],[-13,122],[-19,32],[-124,-28],[-3,34],[-60,17],[3,159],[22,113],[-89,69],[-105,201],[-117,131]],[[25312,93701],[165,329],[63,26],[105,170],[68,-185],[38,59],[42,-50],[58,23],[136,-166],[43,4],[64,-61],[-45,301],[27,-7],[74,105],[51,103],[13,126],[-18,165],[6,123],[-75,196],[4,82],[49,61]],[[26180,95105],[31,30],[36,-60],[35,52],[91,63],[32,-44],[28,6],[40,-47],[74,57],[73,14],[23,-14],[117,70],[51,7],[93,30],[262,23],[76,-42],[52,71],[21,-72],[24,-266],[50,-123],[26,17],[144,-50],[62,-59],[53,-91],[166,80],[97,-143],[69,118],[83,188],[28,25],[55,3],[44,24],[97,199],[36,-22],[62,-75],[16,-3],[-10,66],[5,62],[17,-12],[22,-115],[31,17],[15,44],[-40,150],[-2,43],[13,64],[23,-31],[26,-140],[17,1],[10,49],[8,36],[22,27],[23,-83],[117,-144],[26,91],[23,-7],[65,-72],[69,101],[15,-14],[93,35],[87,136],[79,-58],[41,-24],[27,-34],[66,-108],[59,-197],[20,-45],[-24,-80],[31,-35],[40,-75],[28,-20],[35,-90],[-5,-22],[11,-52],[18,11],[57,-158],[17,6],[36,-117],[-176,-150],[35,-117],[50,-41],[-51,-228],[84,-53],[1,-32],[-22,-118],[-30,-53],[-12,-220],[-53,-211],[3,-57],[-22,-82],[-3,-95],[-15,-112],[-38,-120],[-14,-64],[-23,-95],[18,-70],[14,-118],[80,-37],[30,51],[41,33],[53,-130],[127,128],[1,-250],[35,-75],[25,8],[-11,-90],[57,-67],[62,-160],[41,-34],[29,-121],[90,-129],[-19,-68],[-57,-190],[-31,-217]],[[77186,94053],[-17,139],[-6,404],[28,148],[82,205],[16,395],[164,-427],[135,327],[19,132],[28,46],[39,-110],[17,28],[77,-117],[22,19],[25,-39],[42,69],[273,-435],[0,-113],[317,371],[28,-36],[147,147],[29,-44],[10,44],[-38,73],[115,160]],[[78738,95439],[27,61],[24,-79],[26,64],[55,-51],[33,-66],[-7,-125],[112,-39],[5,-70],[39,-11],[4,-44],[258,-57],[-3,-51],[41,9],[0,-52],[111,-21],[29,-657],[-16,-272],[175,-54],[267,-6],[8,-73],[-4,-299],[-43,-494],[-20,-181],[-111,-287],[-81,-439],[-94,-319],[-103,-253],[18,-203],[-72,-494],[-83,-224],[-63,-123],[-83,-114],[-168,-142]],[[89149,95592],[11,-90],[9,-9],[188,-202],[53,-56],[23,-26],[218,-234],[45,-51],[-28,-239],[5,-21],[32,-139],[-18,-189],[-69,-137],[-67,-136],[-28,-56],[23,-63],[7,-20],[-48,-126],[24,-179],[-25,-122],[2,-11],[2,-8],[12,-55],[37,-93],[62,26],[-29,-91],[-7,-276],[9,-17],[18,-30],[45,-81],[28,9],[28,9],[14,5],[46,394],[42,360],[113,-166],[53,-32],[172,-104],[47,-27],[31,-18]],[[80191,91780],[160,473],[90,182],[-30,188],[3,181],[-65,240],[62,373],[228,-178],[46,-91],[10,-222],[77,-3],[36,82],[-3,72],[-43,-25],[-22,134],[-34,14],[-1,152],[40,110],[-10,63],[-60,78],[45,16],[21,136],[17,9],[-11,114],[27,105],[-14,93],[36,-10],[-7,43],[46,80],[-21,19],[29,100],[-17,61],[21,49],[-81,99],[-5,139],[-20,11],[50,161],[-52,24],[21,78]],[[80760,94930],[24,99],[36,-67],[41,9],[-27,171],[53,40],[12,84],[-25,126],[17,54],[47,47],[24,-92],[57,8],[-9,99],[31,18],[-23,43],[36,-11],[1,77],[22,17],[3,-49],[105,15],[2,60],[156,-63],[29,-24],[-7,-99],[97,-53],[-39,-174],[14,-11],[-25,-73],[44,-118],[-12,-67],[74,-92],[608,465],[54,-123],[140,-89],[288,-291],[76,-132],[77,-282],[70,-103],[10,21],[76,-164],[21,48],[73,-29],[-11,-30],[33,-68],[-2,-45],[-39,-39],[13,-60],[-59,-74],[11,-50],[256,-575],[40,-21],[48,-347],[47,-118],[-32,-157],[170,-71]],[[44368,94190],[407,458],[690,997],[41,-84],[44,47],[42,-50],[14,-86],[37,0],[43,-77],[142,68],[111,-86],[29,77],[37,152],[82,-199],[133,153],[28,80],[28,-36],[61,188],[111,-170],[89,-71],[-274,-797],[56,-157],[39,-61],[37,74],[28,-18],[63,225],[21,-1],[38,-35],[27,-40],[-12,-28],[-6,-46],[-45,-95],[47,-79],[-48,-116],[52,-91],[45,14],[-2,-45],[84,1],[-4,-69],[15,-30],[35,9],[33,-36],[-20,-40],[21,-51],[33,5],[8,-55],[15,0],[20,-84],[-34,4],[-14,-52],[-40,-16]],[[14675,93093],[98,190],[0,148],[31,51],[79,76],[102,34],[310,22],[93,76],[71,-6],[37,23],[15,33],[-8,33],[-40,38],[-23,41],[13,33],[59,-9],[45,15],[48,-3],[23,20],[2,42],[-46,59],[26,91],[16,126],[45,28],[32,115],[59,84],[-1,42],[-19,14],[-30,11],[20,114],[18,73],[-26,100],[7,43],[64,130],[53,45],[154,8],[174,-86],[81,4],[78,35],[61,49],[-13,63],[19,28],[50,26],[25,33],[27,15],[33,-56],[23,-5],[41,56],[26,72],[-56,105],[-13,63],[28,111],[-63,55],[-18,64],[21,96],[32,18],[23,-55],[24,-84],[80,-47],[54,25],[9,52],[-42,44],[-60,27],[-6,52],[24,58],[83,82],[100,-18],[28,-119],[62,39],[67,2],[47,77],[91,-29]],[[17142,95885],[118,-293],[15,-92],[67,48],[90,-137],[43,-139],[81,-157],[17,-242],[107,-47],[33,-154],[63,-105],[117,-79],[244,-68],[-88,-266],[-10,-206],[-107,-267],[-395,-471],[-5,-56],[-71,-74],[-11,-81],[105,-331],[82,62],[125,-156],[60,46],[27,-35],[-13,-34],[141,-210],[10,-172],[22,-13],[42,-325],[53,-94]],[[48250,94875],[20,53],[25,18],[1,53],[-14,22],[5,53],[19,4],[18,62],[34,21],[49,-24],[35,-39],[0,-41],[63,-25],[13,18],[100,7],[-59,90],[209,427],[-32,115],[-40,94],[5,73],[19,-69],[22,23],[4,59],[26,6],[15,-12],[41,105],[27,-6],[31,86],[25,-43],[3,60],[22,-20],[0,42],[67,50],[75,-20],[51,99],[23,-2],[1,58],[26,-48],[7,31],[0,59],[35,-19],[32,-85],[17,-99],[-8,-117],[-23,-48],[29,-94],[12,-76],[19,-38],[29,-46],[1,-289],[-47,-110],[-4,-79],[11,-116],[-30,-22],[20,-82],[-27,-61],[88,-154],[65,-79],[-16,-43],[51,-74],[98,74],[17,-5],[21,33],[100,47],[139,44],[28,35],[25,-39]],[[49868,94772],[141,-274],[28,-14],[-21,-54],[7,-51],[-24,-105],[1,-120],[54,-185],[-3,-121],[39,-101],[-29,-35],[23,-67],[45,48],[26,-16],[21,78],[92,34],[15,-36],[189,248],[67,-138],[-15,-36],[50,-77],[-52,-169],[11,-32],[-147,-233],[69,-210],[40,-64],[-28,-58]],[[11306,92453],[-7,7],[-52,-25],[-100,-47],[-77,-1],[-9,9],[-22,25],[-26,29],[-115,-29],[-10,-2],[-69,-17],[-27,-7],[-124,-150],[-3,-4],[-33,-40],[-33,8],[-44,180],[-69,22],[-139,44],[-32,-63],[-37,-71],[-99,90],[26,28],[6,5],[64,69],[28,250],[-35,121],[-69,78],[-10,11],[-20,23],[-25,-35],[-147,54],[-45,67],[-34,49],[-59,86],[-57,83],[-13,19],[20,263],[120,172],[75,237],[0,131],[-61,134],[-11,24],[-71,52],[-31,98],[-132,76],[-65,309],[-1,264],[-38,113],[-27,89],[-33,110],[-78,261],[-66,82],[10,9],[108,-73],[52,55],[60,201],[40,-89],[85,-115],[23,8],[16,-40],[25,42],[81,52],[105,95],[130,138],[72,62],[194,84],[64,119],[155,194],[31,-69],[33,29],[64,-27],[72,3],[30,-101],[44,-38],[139,-205],[49,-93],[82,-100],[18,-117],[211,76],[31,-108],[97,-145],[67,-54],[107,-128],[129,-43],[33,-42],[354,7],[139,91],[54,1],[139,-20],[-6,-142],[41,-15],[35,12],[11,-30],[75,53],[0,64],[72,155],[112,24],[125,108],[420,-1051],[78,-161],[20,-6],[-40,-94],[44,-74],[-42,-52],[25,-96],[35,-44],[-1,-52],[84,-100],[34,-71],[-88,-437],[-56,-154],[5,-70]],[[59004,94356],[-34,25],[-39,-88],[-39,98],[-34,-34],[-8,19],[26,47],[-71,121],[-66,-99],[-42,60],[-73,-116],[-141,205],[-17,85],[-35,40]],[[58431,94719],[52,97],[59,72],[-23,170],[95,34],[191,-30],[80,95],[27,37],[12,10],[115,32],[191,108],[-32,84],[11,193],[42,29],[15,-15],[42,48],[129,219],[79,168],[-22,26],[17,38],[18,-11],[29,64],[98,17],[-22,373],[33,36],[62,13],[83,-55],[30,-90],[75,1],[-6,174],[92,26],[-1,83],[136,-36],[153,-112],[74,-68],[127,-83],[28,10],[52,-60],[32,60],[41,-47],[16,27],[12,-20],[-17,-45],[59,-96],[111,-246],[44,-116],[51,-84],[47,-120],[36,-206],[51,-131],[9,-68]],[[17142,95885],[28,37],[3,56],[-43,57],[62,84],[65,173],[-14,51],[-76,45],[-18,44],[-3,152],[16,228],[17,57],[36,15],[19,-26],[-20,-212],[7,-52],[114,-119],[-31,-92],[22,-56],[-19,-138],[10,-22],[196,217],[78,-147],[159,-139],[93,151],[16,-58],[68,-52],[-93,-116],[-4,-43],[69,-43],[33,0],[35,22],[142,-34],[125,-76],[126,-8],[49,26],[47,69],[100,20],[29,-21],[110,-9],[37,32],[12,32],[74,16],[41,42],[144,65],[51,82],[143,122],[184,77],[93,-14],[83,-49],[33,-78],[-38,-147],[-40,-132],[20,-155],[257,-767],[-55,-33],[16,-159],[-1,-110],[-30,-224],[-12,-79],[7,-66],[-44,-51],[-85,-256],[21,-48]],[[22389,93160],[21,95],[9,673],[37,274],[-21,150],[467,674],[1,149],[38,109],[-6,315],[151,-16],[67,58],[147,293],[-14,28],[31,101],[-66,44],[25,28],[-74,187],[219,241],[-57,117],[64,159],[18,117],[58,-67],[61,106],[65,-133],[106,201]],[[23736,97063],[72,-279],[-36,-181],[-1,-131],[-112,-194],[94,-66],[33,-64],[-13,-288],[53,-126],[6,-80],[-24,-199],[67,-137],[58,-56],[-41,-243],[15,-154],[111,-96],[102,-318],[202,-293],[123,60],[189,-150],[172,47],[122,-90],[100,-131],[284,-193]],[[23736,97063],[9,75],[69,-21],[62,37],[25,-6],[72,-102],[14,54],[124,203],[60,107],[17,47],[25,23],[27,52],[44,59],[62,98],[84,-114],[-4,-37],[-70,-124],[-15,-66],[0,-45],[-18,-72],[-11,-90],[21,-54],[33,30],[42,-34],[61,-65],[-86,-189],[50,-116],[12,-48],[20,-37],[29,2],[122,91],[184,109],[134,63],[29,-58],[111,5],[58,-29],[-6,88],[50,82],[43,129],[26,41],[33,-8],[20,22],[117,-44],[39,79],[23,85],[68,124],[104,81],[28,52],[23,33],[21,-116],[-8,-89],[-42,-173],[-55,-44],[-53,-125],[-13,-57],[0,-63],[54,-105],[65,-97],[26,-64],[-4,-59],[13,-82],[32,-89],[13,-73],[-5,-120],[23,-71],[35,-53],[29,-9],[70,-148],[28,4],[57,-83],[-9,-33],[59,-96],[9,-40],[1,-65],[34,-10],[29,-33],[1,-75],[-27,-31],[-1,-39],[98,-332]],[[49868,94772],[38,34],[9,-24],[41,24],[63,14],[66,-111],[30,38],[21,-24],[102,22],[28,-42],[14,50],[55,35],[45,67],[15,123],[71,-62],[54,43],[37,109],[52,88],[-51,82],[67,198],[59,-44],[72,48],[21,46],[-53,73],[9,29],[-22,42],[22,53],[21,-7],[32,-46],[22,15],[36,-10],[1,94],[-14,28],[21,95],[-29,92],[-46,60],[-83,-66],[-25,63],[-15,-24],[-30,-24],[-2,51],[-3,60],[-25,30],[-12,135],[13,17],[-27,24],[-24,172],[-60,77],[-49,127],[28,21],[5,46],[-24,34],[-21,55],[-47,93],[-23,12],[-36,58],[14,93],[23,-10],[7,48],[44,29],[-14,22],[-54,16],[18,40],[-10,79],[40,22],[40,87],[-19,56],[105,11],[-2,132],[35,237],[20,-2],[11,179],[27,5],[-2,42],[18,290],[-78,233],[2,108],[-36,184],[-31,92],[11,36],[33,30],[47,-59],[-13,-35],[133,-31],[29,-105],[27,37],[219,-282],[115,-2],[44,-63],[62,-17],[13,46],[24,-6],[20,30],[28,-24],[34,39],[-3,-58],[67,-23],[12,72],[7,71],[-16,69],[17,34],[36,-26],[25,-91],[40,-49],[50,46],[43,-1],[29,-36],[62,-38],[31,153],[57,-153],[-24,-74],[21,-74],[102,70],[20,-66],[-8,-71],[9,-61],[-14,-88],[35,29],[35,40],[49,-12],[12,21],[-16,45],[-48,20],[29,38],[26,-29],[39,-3],[52,-39]],[[52077,98268],[-17,-113],[19,-30],[-43,-193],[139,-131],[14,-284],[38,-42],[-12,-42],[34,-62],[-10,-63],[90,-51],[193,-206],[66,31],[78,-56],[-28,-58],[-23,10],[-6,-43],[96,-109],[-20,-50],[30,-30],[5,-49],[-33,-152],[379,-653],[235,-257],[19,-562]],[[52077,98268],[16,42],[49,14],[26,46],[21,-27],[127,194],[26,10],[23,30],[21,76],[4,135],[42,-44],[43,-131],[-40,-63],[14,-99],[20,-84],[68,-143],[34,73],[50,17],[70,140],[-48,84],[125,199],[11,-7],[36,87],[68,78],[-41,58],[-17,8],[-15,51],[20,26],[-60,109],[46,74],[-8,27],[34,53],[17,-68],[57,65],[31,-26],[59,-97],[60,30],[20,-67],[30,-48],[37,42],[-26,94],[30,34],[24,-34],[42,8],[-9,40],[-24,-2],[-12,38],[21,11],[0,82],[34,-30],[44,0],[20,-7],[65,101],[26,16],[47,118],[38,18],[57,-15],[83,-51],[174,25],[5,-112],[11,-101],[40,-103],[41,47],[47,17],[45,51],[175,-128],[63,-63],[70,-42],[120,-86],[63,-36],[35,34],[144,-89],[160,-243],[103,-207],[13,-178],[69,-87],[32,-116],[90,-59],[56,-456],[87,-262],[-3,-93],[69,10],[60,2],[88,-41],[80,16],[92,80],[64,0],[59,-213],[28,6],[19,85],[81,54],[26,-107],[30,-9],[-16,-41],[53,-100],[-121,-125],[-67,21],[-20,-81]],[[55778,96823],[-53,-45],[-112,-346],[-97,-106],[-243,-403],[-13,-46],[16,-43],[-7,-40],[-146,-423],[-132,48],[-122,97],[-269,351],[-98,-204],[-51,-224],[-111,-176],[4,-159],[28,-162],[-53,-312],[-135,-145]],[[75221,94684],[-20,48],[25,48],[-148,277],[33,101],[-19,54],[51,105],[-61,106],[37,170],[22,-6],[35,80],[-33,88],[23,158],[111,50],[30,-28],[-3,-66],[38,18],[45,-44],[10,-44],[56,-5],[-14,101],[13,56],[86,-26],[61,15],[83,-45],[133,11],[48,26],[28,19],[16,63],[26,2],[-3,45],[49,-11],[43,278],[86,-36],[15,98],[133,-61],[33,18],[100,-35],[42,34],[70,-1],[-9,49],[12,124],[18,50],[50,15],[-6,68],[3,85],[21,89],[28,34],[11,43],[112,37],[48,84],[85,-83],[17,-22],[0,-24],[27,-27],[64,93],[26,-46],[26,45],[20,-70],[56,-92],[30,39],[-59,150],[26,72],[50,33],[30,-67],[229,271],[26,-70],[65,109],[14,-29],[18,24],[89,-149],[12,16],[-45,104],[24,49],[-35,64],[-22,-33],[-40,94],[123,139],[140,258],[76,-87],[53,48],[97,-120],[16,71],[69,-61],[30,44],[-11,29],[121,187],[118,32],[53,81],[179,350],[54,89],[39,191],[101,292],[-48,67],[35,121],[-9,33],[16,24],[59,219],[14,-17],[71,-13],[6,66],[63,-15],[17,-25],[43,7],[205,-61],[33,65],[60,34],[-16,103],[62,33],[22,-137],[2,-61],[70,6],[-5,54],[112,44],[140,-193],[52,9]],[[79784,99380],[-60,-281],[-34,-478],[-77,-196],[14,-35],[-26,-4],[34,-41],[-47,-135],[-16,17],[-51,-116],[37,-49],[-10,-29],[-35,25],[23,-55],[-30,31],[6,-167],[-78,-284],[-51,-299],[-159,-478],[-113,120],[-62,141],[-21,113],[-31,4],[12,-24],[-13,-150],[17,-25],[-80,-100],[51,-231],[0,-124],[-58,-231],[-49,10],[10,-37],[-66,-94],[15,-125],[7,31],[24,-20],[-29,-249],[-67,-50],[-81,-203],[48,-123]],[[5252,97572],[8,-106],[-218,-167],[-91,-244],[-9,11],[-11,16],[-73,18],[-32,-33],[23,-179],[-51,-118],[-11,-22],[-12,-17],[-177,-215],[-17,-25],[-9,-18],[-9,-19],[-14,-23],[-14,-13],[-52,-34],[-20,-19],[-125,-130],[12,-28],[-44,-81],[-41,-55],[-13,-15],[-3,-18],[-10,3],[-33,-37],[-249,-193],[-66,-59],[-67,-245],[-150,-221],[-115,-53],[-42,7],[-152,25],[-5,107],[-4,81],[-102,70],[-4,-68],[-44,49],[-9,-7],[-133,-94],[-6,-11],[-14,-28],[-45,-93],[-30,-62],[-58,-118],[-119,-130],[-45,-49],[-59,-80],[-18,-130],[20,-261],[9,-63],[34,-38],[61,-68],[5,-24],[84,-390],[-54,-47],[-50,-44],[-112,-19],[-3,0],[-147,-118],[-59,-247],[35,-543],[3,-48],[-23,-348],[-12,-183],[-30,-123],[-90,-116],[-11,-79],[-26,-180],[-10,-14],[-47,-73],[-299,78],[-77,-143],[13,-326],[11,-44],[30,-116],[1,-6],[3,-10],[-8,-52],[-12,-72],[-14,-11],[-14,-10],[-109,-84],[-129,67],[-10,5],[-60,82],[-16,42],[-234,633],[-7,20],[-77,208],[-29,16],[-25,-40],[-69,-112],[-9,-14],[-67,-108],[-149,73],[-95,-61],[-11,-7],[-23,65],[-7,19],[-11,30],[-41,117],[-111,183],[178,362],[-150,222],[-64,172],[-54,260],[-60,-18],[-138,217],[-57,195],[-133,288],[-111,371],[70,81],[42,113],[33,7],[33,95],[115,76],[-133,428],[-82,150],[-81,255],[135,155],[125,48],[34,94],[16,-22],[41,201],[119,-2],[297,174],[30,-404],[201,-23],[24,45],[-12,222],[-58,257],[59,25],[36,-110],[22,-40],[25,-36],[35,-46],[12,-39],[10,-19],[58,-47],[23,-163],[62,-126],[36,41],[138,-82],[72,3],[105,110],[342,87],[250,131],[17,9],[-18,86],[-7,18],[-39,67],[-47,91],[-10,10],[-6,26],[1,74],[-8,49],[29,90],[439,333],[296,288],[68,34],[47,15],[38,6],[173,26],[94,23],[-31,112],[17,140],[23,39],[-1,101],[5,25],[-5,46],[-20,9],[-48,192],[-65,49],[4,36],[-28,41],[-41,54],[-38,152],[-145,347],[-256,137],[-9,55],[133,73],[179,11],[123,192],[103,13],[10,-29],[98,55],[88,176],[60,130],[40,13],[29,33],[171,49],[62,2],[77,25],[299,227],[262,307],[29,24],[71,-182],[29,18],[17,-38],[54,58],[151,-105],[99,-367],[-142,-250],[-7,-44],[-20,-55],[-15,-213],[38,-127],[134,-273],[-34,-54],[-14,-90],[-2,-139],[24,-57],[-25,-103],[8,-42],[73,13],[79,-122],[91,48],[141,-197],[73,6]],[[79784,99380],[28,96],[-15,137],[15,75],[-31,134],[19,153],[59,-15],[31,39],[35,-10],[11,-3],[4,-2],[15,-4],[1,-62],[14,-33],[76,-167],[36,-80],[34,-138],[-15,-153],[-58,-164],[-9,-19],[-17,-35],[-21,-43],[-4,-8],[-22,-46],[-29,-60],[-37,-105],[-5,-125],[75,-207],[25,-68],[32,-221],[86,-212],[28,-67],[21,-49],[14,-195],[-45,-287],[-54,-196],[-50,-262],[-82,-214],[-221,-466],[-76,-267],[-10,-199],[27,-201],[66,23],[77,-215],[37,-8],[3,-78],[71,-9],[7,48],[55,-24],[1,-43],[55,-49],[76,-5],[5,29],[41,-16],[4,16],[73,-43],[-6,49],[91,-46],[201,-206],[38,55],[112,-87],[15,52],[38,-23],[-18,-85],[49,-36]],[[55778,96823],[22,-257],[93,-330],[98,36],[192,270],[30,87],[49,-15],[94,-187],[60,120],[34,0],[4,-36],[164,-188],[40,57],[46,20],[94,56],[49,46],[65,-106],[51,-35],[18,25],[78,157],[18,-30],[13,-47],[122,-189],[38,57],[54,-97],[34,69],[21,-16],[46,133],[25,-14],[29,47],[21,-7],[11,48],[15,10],[4,115],[19,18],[-11,53],[42,140],[39,-4],[66,121],[2,104],[43,-93],[2,-158],[-7,-84],[27,-52],[32,19],[16,-45],[63,27],[89,72],[15,-21],[-84,-243],[41,-28],[14,-46],[-136,-339],[177,-298],[65,-60],[-58,-127],[-79,-331],[10,-25],[136,35],[68,-5],[40,-38],[56,-69],[65,-46],[48,-113],[48,-82],[17,-74],[51,-119],[5,8]]],"transform":{"scale":[0.000035657366579665793,0.000013150196505965086],"translate":[2.8421689997000006,49.4972379985]},"objects":{"communes_wallonie":{"type":"GeometryCollection","geometries":[{"arcs":[[0,1,2,3,4,5]],"type":"Polygon","properties":{"id":"92140","name":"Jemeppe-sur-Sambre","subdivision":"Namur","cx":4.676,"cy":50.472}},{"arcs":[[6,7,8,9]],"type":"Polygon","properties":{"id":"61039","name":"Marchin","subdivision":"Liège","cx":5.24,"cy":50.467}},{"arcs":[[10,11,12]],"type":"Polygon","properties":{"id":"85047","name":"Rouvroy","subdivision":"Luxembourg","cx":5.486,"cy":49.535}},{"arcs":[[13,14,15,16]],"type":"Polygon","properties":{"id":"85026","name":"Musson","subdivision":"Luxembourg","cx":5.681,"cy":49.569}},{"arcs":[[-17,17,18,19]],"type":"Polygon","properties":{"id":"81004","name":"Aubange","subdivision":"Luxembourg","cx":5.764,"cy":49.578}},{"arcs":[[-11,20,21,22,23,-15,24]],"type":"Polygon","properties":{"id":"85045","name":"Virton","subdivision":"Luxembourg","cx":5.572,"cy":49.571}},{"arcs":[[-13,25,26,27,-21]],"type":"Polygon","properties":{"id":"85024","name":"Meix-devant-Virton","subdivision":"Luxembourg","cx":5.47,"cy":49.602}},{"arcs":[[-16,-24,28,29,30,-18]],"type":"Polygon","properties":{"id":"85034","name":"Saint-Léger","subdivision":"Luxembourg","cx":5.664,"cy":49.613}},{"arcs":[[-19,-31,31,32]],"type":"Polygon","properties":{"id":"81015","name":"Messancy","subdivision":"Luxembourg","cx":5.811,"cy":49.613}},{"arcs":[[33,34,35,36,37]],"type":"Polygon","properties":{"id":"63086","name":"Trois-Ponts","subdivision":"Liège","cx":5.855,"cy":50.366}},{"arcs":[[-23,38,39,40,-29]],"type":"Polygon","properties":{"id":"85009","name":"Étalle","subdivision":"Luxembourg","cx":5.609,"cy":49.664}},{"arcs":[[-30,-41,41,42,43,-32]],"type":"Polygon","properties":{"id":"81001","name":"Arlon","subdivision":"Luxembourg","cx":5.767,"cy":49.679}},{"arcs":[[-27,44,45,46,47,48,49]],"type":"Polygon","properties":{"id":"85011","name":"Florenville","subdivision":"Luxembourg","cx":5.256,"cy":49.728}},{"arcs":[[-22,-28,-50,50,51,52,-39]],"type":"Polygon","properties":{"id":"85039","name":"Tintigny","subdivision":"Luxembourg","cx":5.488,"cy":49.671}},{"arcs":[[-40,-53,53,54,55,-42]],"type":"Polygon","properties":{"id":"85046","name":"Habay","subdivision":"Luxembourg","cx":5.62,"cy":49.738}},{"arcs":[[-49,56,57,58,-51]],"type":"Polygon","properties":{"id":"85007","name":"Chiny","subdivision":"Luxembourg","cx":5.394,"cy":49.723}},{"arcs":[[-43,-56,59,60]],"type":"Polygon","properties":{"id":"81003","name":"Attert","subdivision":"Luxembourg","cx":5.756,"cy":49.749}},{"arcs":[[-48,61,62,-57]],"type":"Polygon","properties":{"id":"84029","name":"Herbeumont","subdivision":"Luxembourg","cx":5.312,"cy":49.8}},{"arcs":[[-55,63,64,65,-60]],"type":"Polygon","properties":{"id":"81013","name":"Martelange","subdivision":"Luxembourg","cx":5.727,"cy":49.806}},{"arcs":[[-46,66,67,68,69,70]],"type":"Polygon","properties":{"id":"84010","name":"Bouillon","subdivision":"Luxembourg","cx":5.069,"cy":49.813}},{"arcs":[[-52,-59,71,72,73,-64,-54]],"type":"Polygon","properties":{"id":"84033","name":"Léglise","subdivision":"Luxembourg","cx":5.567,"cy":49.816}},{"arcs":[[-58,-63,74,75,76,-72]],"type":"Polygon","properties":{"id":"84043","name":"Neufchâteau","subdivision":"Luxembourg","cx":5.433,"cy":49.851}},{"arcs":[[-68,77,78,79]],"type":"Polygon","properties":{"id":"91143","name":"Vresse-sur-Semois","subdivision":"Namur","cx":4.913,"cy":49.846}},{"arcs":[[-47,-71,80,81,82,-75,-62]],"type":"Polygon","properties":{"id":"84009","name":"Bertrix","subdivision":"Luxembourg","cx":5.246,"cy":49.855}},{"arcs":[[-79,83,84,85,86]],"type":"Polygon","properties":{"id":"91054","name":"Gedinne","subdivision":"Namur","cx":4.902,"cy":49.983}},{"arcs":[[-65,-74,87,88,89]],"type":"Polygon","properties":{"id":"82009","name":"Fauvillers","subdivision":"Luxembourg","cx":5.695,"cy":49.879}},{"arcs":[[-70,90,91,92,-81]],"type":"Polygon","properties":{"id":"84050","name":"Paliseul","subdivision":"Luxembourg","cx":5.131,"cy":49.891}},{"arcs":[[-73,-77,93,94,95,-88]],"type":"Polygon","properties":{"id":"82036","name":"Vaux-sur-Sûre","subdivision":"Luxembourg","cx":5.616,"cy":49.937}},{"arcs":[[-69,-80,-87,96,-91]],"type":"Polygon","properties":{"id":"91015","name":"Bièvre","subdivision":"Namur","cx":5.019,"cy":49.922}},{"arcs":[[-76,-83,97,98,99,-94]],"type":"Polygon","properties":{"id":"84077","name":"Libramont-Chevigny","subdivision":"Luxembourg","cx":5.405,"cy":49.941}},{"arcs":[[-86,100,101,102,-92,-97]],"type":"Polygon","properties":{"id":"84016","name":"Daverdisse","subdivision":"Luxembourg","cx":5.085,"cy":49.994}},{"arcs":[[-82,-93,-103,103,104,105,-98]],"type":"Polygon","properties":{"id":"84035","name":"Libin","subdivision":"Luxembourg","cx":5.238,"cy":49.978}},{"arcs":[[106,107,108,109]],"type":"Polygon","properties":{"id":"52048","name":"Montigny-le-Tilleul","subdivision":"Hainaut","cx":4.371,"cy":50.376}},{"arcs":[[110,111]],"type":"Polygon","properties":{"id":"56051","name":"Momignies","subdivision":"Hainaut","cx":4.204,"cy":50}},{"arcs":[[-95,-100,112,113,114]],"type":"Polygon","properties":{"id":"82038","name":"Sainte-Ode","subdivision":"Luxembourg","cx":5.535,"cy":50.023}},{"arcs":[[-99,-106,115,116,117,-113]],"type":"Polygon","properties":{"id":"84059","name":"Saint-Hubert","subdivision":"Luxembourg","cx":5.346,"cy":50.038}},{"arcs":[[-105,118,119,120,-116]],"type":"Polygon","properties":{"id":"84068","name":"Tellin","subdivision":"Luxembourg","cx":5.226,"cy":50.073}},{"arcs":[[121,122,123,124]],"type":"Polygon","properties":{"id":"93090","name":"Viroinval","subdivision":"Namur","cx":4.629,"cy":50.05}},{"arcs":[[-89,-96,-115,125,126,127,128]],"type":"Polygon","properties":{"id":"82039","name":"Bastogne","subdivision":"Luxembourg","cx":5.722,"cy":50.028}},{"arcs":[[-102,129,130,-119,-104]],"type":"Polygon","properties":{"id":"84075","name":"Wellin","subdivision":"Luxembourg","cx":5.099,"cy":50.06}},{"arcs":[[131,132,133,134]],"type":"Polygon","properties":{"id":"93010","name":"Cerfontaine","subdivision":"Namur","cx":4.438,"cy":50.179}},{"arcs":[[-111,135,136,137,138,139]],"type":"Polygon","properties":{"id":"56016","name":"Chimay","subdivision":"Hainaut","cx":4.321,"cy":50.043}},{"arcs":[[-124,140,-139,141,-132,142]],"type":"Polygon","properties":{"id":"93014","name":"Couvin","subdivision":"Namur","cx":4.477,"cy":50.036}},{"arcs":[[-114,-118,143,144,-126]],"type":"Polygon","properties":{"id":"83049","name":"Tenneville","subdivision":"Luxembourg","cx":5.489,"cy":50.105}},{"arcs":[[-85,145,146,147,-130,-101]],"type":"Polygon","properties":{"id":"91013","name":"Beauraing","subdivision":"Namur","cx":4.931,"cy":50.096}},{"arcs":[[-117,-121,148,149,150,-144]],"type":"Polygon","properties":{"id":"83040","name":"Nassogne","subdivision":"Luxembourg","cx":5.359,"cy":50.137}},{"arcs":[[-122,151,152,153,154]],"type":"Polygon","properties":{"id":"93018","name":"Doische","subdivision":"Namur","cx":4.645,"cy":50.129}},{"arcs":[[-137,155,156,157]],"type":"Polygon","properties":{"id":"56088","name":"Sivry-Rance","subdivision":"Hainaut","cx":4.195,"cy":50.165}},{"arcs":[[-127,-145,-151,158,159,160,161]],"type":"Polygon","properties":{"id":"83031","name":"La Roche-en-Ardenne","subdivision":"Luxembourg","cx":5.606,"cy":50.166}},{"arcs":[[-125,-143,-135,162,163,-152]],"type":"Polygon","properties":{"id":"93056","name":"Philippeville","subdivision":"Namur","cx":4.572,"cy":50.171}},{"arcs":[[-128,-162,164,165,166]],"type":"Polygon","properties":{"id":"82014","name":"Houffalize","subdivision":"Luxembourg","cx":5.771,"cy":50.16}},{"arcs":[[-120,-131,-148,167,168,169,-149]],"type":"Polygon","properties":{"id":"91114","name":"Rochefort","subdivision":"Namur","cx":5.17,"cy":50.157}},{"arcs":[[170,171,172,173,174]],"type":"Polygon","properties":{"id":"61048","name":"Ouffet","subdivision":"Liège","cx":5.465,"cy":50.443}},{"arcs":[[-133,-142,-138,-158,175,176]],"type":"Polygon","properties":{"id":"56029","name":"Froidchapelle","subdivision":"Hainaut","cx":4.334,"cy":50.161}},{"arcs":[[-154,177,178,179,180,181]],"type":"Polygon","properties":{"id":"91142","name":"Hastière","subdivision":"Namur","cx":4.826,"cy":50.195}},{"arcs":[[-147,182,-181,183,184,-168]],"type":"Polygon","properties":{"id":"91072","name":"Houyet","subdivision":"Namur","cx":5.012,"cy":50.192}},{"arcs":[[185,186,187,188]],"type":"Polygon","properties":{"id":"63087","name":"Burg-Reuland","subdivision":"Liège","cx":6.093,"cy":50.204}},{"arcs":[[-160,189,190,191,192]],"type":"Polygon","properties":{"id":"83044","name":"Rendeux","subdivision":"Luxembourg","cx":5.516,"cy":50.221}},{"arcs":[[-180,193,194,195,196,-184]],"type":"Polygon","properties":{"id":"91034","name":"Dinant","subdivision":"Namur","cx":4.942,"cy":50.258}},{"arcs":[[-166,197,-186,198]],"type":"Polygon","properties":{"id":"82037","name":"Gouvy","subdivision":"Luxembourg","cx":5.912,"cy":50.189}},{"arcs":[[-150,-170,199,200,201,-190,-159]],"type":"Polygon","properties":{"id":"83034","name":"Marche-en-Famenne","subdivision":"Luxembourg","cx":5.304,"cy":50.205}},{"arcs":[[-157,202,203,204,205,206,-176]],"type":"Polygon","properties":{"id":"56005","name":"Beaumont","subdivision":"Hainaut","cx":4.257,"cy":50.227}},{"arcs":[[-36,207,208,209]],"type":"Polygon","properties":{"id":"63045","name":"Lierneux","subdivision":"Liège","cx":5.785,"cy":50.306}},{"arcs":[[-179,210,211,212,-194]],"type":"Polygon","properties":{"id":"91103","name":"Onhaye","subdivision":"Namur","cx":4.805,"cy":50.266}},{"arcs":[[-191,-202,213,214,215]],"type":"Polygon","properties":{"id":"83028","name":"Hotton","subdivision":"Luxembourg","cx":5.433,"cy":50.267}},{"arcs":[[-153,-164,216,217,218,-211,-178]],"type":"Polygon","properties":{"id":"93022","name":"Florennes","subdivision":"Namur","cx":4.621,"cy":50.247}},{"arcs":[[-134,-177,-207,219,220,221,-217,-163]],"type":"Polygon","properties":{"id":"93088","name":"Walcourt","subdivision":"Namur","cx":4.447,"cy":50.268}},{"arcs":[[-169,-185,-197,222,223,224,225,-200]],"type":"Polygon","properties":{"id":"91030","name":"Ciney","subdivision":"Namur","cx":5.122,"cy":50.267}},{"arcs":[[-192,-216,226,227]],"type":"Polygon","properties":{"id":"83013","name":"Érezée","subdivision":"Luxembourg","cx":5.569,"cy":50.29}},{"arcs":[[-35,228,-187,-198,-165,229,-208]],"type":"Polygon","properties":{"id":"82032","name":"Vielsalm","subdivision":"Luxembourg","cx":5.914,"cy":50.291}},{"arcs":[[-204,230,231,232]],"type":"Polygon","properties":{"id":"56022","name":"Erquelinnes","subdivision":"Hainaut","cx":4.14,"cy":50.304}},{"arcs":[[233,234,235,236]],"type":"Polygon","properties":{"id":"63072","name":"Spa","subdivision":"Liège","cx":5.867,"cy":50.472}},{"arcs":[[-34,237,238,239,240,241,-188,-229]],"type":"Polygon","properties":{"id":"63067","name":"Sankt Vith","subdivision":"Liège","cx":6.094,"cy":50.28}},{"arcs":[[-195,-213,242,243,244]],"type":"Polygon","properties":{"id":"91005","name":"Anhée","subdivision":"Namur","cx":4.822,"cy":50.328}},{"arcs":[[-110,245,246,-221,247]],"type":"Polygon","properties":{"id":"56086","name":"Ham-sur-Heure-Nalinnes","subdivision":"Hainaut","cx":4.415,"cy":50.331}},{"arcs":[[-196,-245,248,249,-223]],"type":"Polygon","properties":{"id":"91141","name":"Yvoir","subdivision":"Namur","cx":4.921,"cy":50.317}},{"arcs":[[-205,-233,250,251,252,253]],"type":"Polygon","properties":{"id":"56049","name":"Merbes-le-Château","subdivision":"Hainaut","cx":4.172,"cy":50.335}},{"arcs":[[-161,-193,-228,254,255,256,-209,-230]],"type":"Polygon","properties":{"id":"83055","name":"Manhay","subdivision":"Luxembourg","cx":5.668,"cy":50.277}},{"arcs":[[-107,-248,-220,-206,-254,257,258]],"type":"Polygon","properties":{"id":"56078","name":"Thuin","subdivision":"Hainaut","cx":4.311,"cy":50.324}},{"arcs":[[-218,-222,-247,259,260,261,262,263]],"type":"Polygon","properties":{"id":"52025","name":"Gerpinnes","subdivision":"Hainaut","cx":4.528,"cy":50.345}},{"arcs":[[-253,264,265,266,-258]],"type":"Polygon","properties":{"id":"56044","name":"Lobbes","subdivision":"Hainaut","cx":4.253,"cy":50.361}},{"arcs":[[-212,-219,-264,267,268,-243]],"type":"Polygon","properties":{"id":"92087","name":"Mettet","subdivision":"Namur","cx":4.672,"cy":50.32}},{"arcs":[[-225,269,270,271,272]],"type":"Polygon","properties":{"id":"91059","name":"Hamois","subdivision":"Namur","cx":5.14,"cy":50.341}},{"arcs":[[273,274,275]],"type":"Polygon","properties":{"id":"53083","name":"Honnelles","subdivision":"Hainaut","cx":3.711,"cy":50.347}},{"arcs":[[-201,-226,-273,276,277,278,-214]],"type":"Polygon","properties":{"id":"91120","name":"Somme-Leuze","subdivision":"Namur","cx":5.322,"cy":50.289}},{"arcs":[[279,280,281,282,283,284]],"type":"Polygon","properties":{"id":"62026","name":"Comblain-au-Pont","subdivision":"Liège","cx":5.57,"cy":50.477}},{"arcs":[[-240,285,286,287,288]],"type":"Polygon","properties":{"id":"63001","name":"Amel","subdivision":"Liège","cx":6.183,"cy":50.348}},{"arcs":[[289,290,291,292]],"type":"Polygon","properties":{"id":"53084","name":"Quévy","subdivision":"Hainaut","cx":3.935,"cy":50.366}},{"arcs":[[-244,-269,293,294,295,296,-249]],"type":"Polygon","properties":{"id":"92101","name":"Profondeville","subdivision":"Namur","cx":4.828,"cy":50.381}},{"arcs":[[-272,297,298,299,-277]],"type":"Polygon","properties":{"id":"91064","name":"Havelange","subdivision":"Namur","cx":5.248,"cy":50.361}},{"arcs":[[-171,300,301,302,303]],"type":"Polygon","properties":{"id":"61081","name":"Tinlot","subdivision":"Liège","cx":5.381,"cy":50.477}},{"arcs":[[-224,-250,-297,304,305,-270]],"type":"Polygon","properties":{"id":"92006","name":"Assesse","subdivision":"Namur","cx":4.979,"cy":50.378}},{"arcs":[[-275,306,307,308,309,310,311]],"type":"Polygon","properties":{"id":"53020","name":"Dour","subdivision":"Hainaut","cx":3.77,"cy":50.391}},{"arcs":[[-274,312,313,-307]],"type":"Polygon","properties":{"id":"53068","name":"Quiévrain","subdivision":"Hainaut","cx":3.702,"cy":50.397}},{"arcs":[[-291,314,-311,315,316,317]],"type":"Polygon","properties":{"id":"53028","name":"Frameries","subdivision":"Hainaut","cx":3.883,"cy":50.389}},{"arcs":[[-266,318,319,320,321]],"type":"Polygon","properties":{"id":"56001","name":"Anderlues","subdivision":"Hainaut","cx":4.266,"cy":50.404}},{"arcs":[[-6,322,-294,-268,-263,323,324]],"type":"Polygon","properties":{"id":"92048","name":"Fosses-la-Ville","subdivision":"Namur","cx":4.681,"cy":50.395}},{"arcs":[[-321,325,326,327,328,329]],"type":"Polygon","properties":{"id":"52010","name":"Chapelle-lez-Herlaimont","subdivision":"Hainaut","cx":4.283,"cy":50.467}},{"arcs":[[-232,330,-293,331,332,-251]],"type":"Polygon","properties":{"id":"58003","name":"Estinnes","subdivision":"Hainaut","cx":4.099,"cy":50.378}},{"arcs":[[-174,333,334,-255,-227,-215,-279,335]],"type":"Polygon","properties":{"id":"83012","name":"Durbuy","subdivision":"Luxembourg","cx":5.489,"cy":50.365}},{"arcs":[[-310,336,337,-316]],"type":"Polygon","properties":{"id":"53082","name":"Colfontaine","subdivision":"Hainaut","cx":3.843,"cy":50.404}},{"arcs":[[-262,338,339,340,-324]],"type":"Polygon","properties":{"id":"52074","name":"Aiseau-Presles","subdivision":"Hainaut","cx":4.581,"cy":50.413}},{"arcs":[[-261,341,342,343,-339]],"type":"Polygon","properties":{"id":"52012","name":"Châtelet","subdivision":"Hainaut","cx":4.521,"cy":50.396}},{"arcs":[[-252,-333,344,345,346,-319,-265]],"type":"Polygon","properties":{"id":"58002","name":"Binche","subdivision":"Hainaut","cx":4.179,"cy":50.411}},{"arcs":[[-108,-259,-267,-322,-330,347,348]],"type":"Polygon","properties":{"id":"52022","name":"Fontaine-l'Évêque","subdivision":"Hainaut","cx":4.322,"cy":50.407}},{"arcs":[[-340,-344,349,350]],"type":"Polygon","properties":{"id":"52018","name":"Farciennes","subdivision":"Hainaut","cx":4.547,"cy":50.434}},{"arcs":[[-309,351,352,353,-337]],"type":"Polygon","properties":{"id":"53014","name":"Boussu","subdivision":"Hainaut","cx":3.8,"cy":50.427}},{"arcs":[[-317,-338,-354,354,355]],"type":"Polygon","properties":{"id":"53065","name":"Quaregnon","subdivision":"Hainaut","cx":3.861,"cy":50.439}},{"arcs":[[-256,-335,356,-284,357,358]],"type":"Polygon","properties":{"id":"61019","name":"Ferrières","subdivision":"Liège","cx":5.622,"cy":50.402}},{"arcs":[[-10,359,-301,-175,-336,-278,-300,360]],"type":"Polygon","properties":{"id":"61012","name":"Clavier","subdivision":"Liège","cx":5.356,"cy":50.418}},{"arcs":[[-271,-306,361,362,363,-298]],"type":"Polygon","properties":{"id":"92054","name":"Gesves","subdivision":"Namur","cx":5.051,"cy":50.422}},{"arcs":[[-308,-314,364,365,366,-352]],"type":"Polygon","properties":{"id":"53039","name":"Hensies","subdivision":"Hainaut","cx":3.693,"cy":50.438}},{"arcs":[[-37,-210,-257,-359,367,368,-237,369]],"type":"Polygon","properties":{"id":"63075","name":"Stoumont","subdivision":"Liège","cx":5.763,"cy":50.401}},{"arcs":[[-173,370,-285,-357,-334]],"type":"Polygon","properties":{"id":"61024","name":"Hamoir","subdivision":"Liège","cx":5.551,"cy":50.434}},{"arcs":[[-5,371,-295,-323]],"type":"Polygon","properties":{"id":"92045","name":"Floreffe","subdivision":"Namur","cx":4.755,"cy":50.437}},{"arcs":[[-320,-347,372,373,-326]],"type":"Polygon","properties":{"id":"58004","name":"Morlanwelz","subdivision":"Hainaut","cx":4.244,"cy":50.447}},{"arcs":[[-7,-361,-299,-364,374,375]],"type":"Polygon","properties":{"id":"92097","name":"Ohey","subdivision":"Namur","cx":5.166,"cy":50.436}},{"arcs":[[-109,-349,376,377,378,379,-342,-260,-246]],"type":"Polygon","properties":{"id":"52011","name":"Charleroi","subdivision":"Hainaut","cx":4.435,"cy":50.421}},{"arcs":[[-1,-325,-341,-351,380,381]],"type":"Polygon","properties":{"id":"92137","name":"Sambreville","subdivision":"Namur","cx":4.617,"cy":50.45}},{"arcs":[[-38,-370,-236,382,383,-238]],"type":"Polygon","properties":{"id":"63073","name":"Stavelot","subdivision":"Liège","cx":5.953,"cy":50.414}},{"arcs":[[-241,-289,384,385]],"type":"Polygon","properties":{"id":"63012","name":"Büllingen","subdivision":"Liège","cx":6.301,"cy":50.402}},{"arcs":[[-292,-318,-356,386,387,388,389,390,-345,-332]],"type":"Polygon","properties":{"id":"53053","name":"Mons","subdivision":"Hainaut","cx":3.984,"cy":50.452}},{"arcs":[[-366,391,392,393,394]],"type":"Polygon","properties":{"id":"51009","name":"Bernissart","subdivision":"Hainaut","cx":3.663,"cy":50.486}},{"arcs":[[-239,-384,395,396,-286]],"type":"Polygon","properties":{"id":"63049","name":"Malmedy","subdivision":"Liège","cx":6.035,"cy":50.417}},{"arcs":[[-288,397,398,-385]],"type":"Polygon","properties":{"id":"63013","name":"Butgenbach","subdivision":"Liège","cx":6.206,"cy":50.459}},{"arcs":[[-283,399,400,-368,-358]],"type":"Polygon","properties":{"id":"62009","name":"Aywaille","subdivision":"Liège","cx":5.693,"cy":50.457}},{"arcs":[[-172,-304,401,402,403,-280,-371]],"type":"Polygon","properties":{"id":"61079","name":"Anthisnes","subdivision":"Liège","cx":5.499,"cy":50.489}},{"arcs":[[-327,-374,404,405]],"type":"Polygon","properties":{"id":"55086","name":"Manage","subdivision":"Hainaut","cx":4.238,"cy":50.493}},{"arcs":[[-329,406,407,-377,-348]],"type":"Polygon","properties":{"id":"52015","name":"Courcelles","subdivision":"Hainaut","cx":4.341,"cy":50.472}},{"arcs":[[-9,408,409,410,-302,-360]],"type":"Polygon","properties":{"id":"61041","name":"Modave","subdivision":"Liège","cx":5.293,"cy":50.479}},{"arcs":[[-346,-391,411,412,413,-405,-373]],"type":"Polygon","properties":{"id":"58001","name":"La Louvière","subdivision":"Hainaut","cx":4.157,"cy":50.476}},{"arcs":[[-303,-411,414,415,416,-402]],"type":"Polygon","properties":{"id":"61043","name":"Nandrin","subdivision":"Liège","cx":5.406,"cy":50.519}},{"arcs":[[-390,417,418,-412]],"type":"Polygon","properties":{"id":"55035","name":"Le Roeulx","subdivision":"Hainaut","cx":4.099,"cy":50.51}},{"arcs":[[-4,419,420,421,422,423,-362,-305,-296,-372]],"type":"Polygon","properties":{"id":"92094","name":"Namur","subdivision":"Namur","cx":4.876,"cy":50.457}},{"arcs":[[-363,-424,424,425,426,427,-375]],"type":"Polygon","properties":{"id":"92003","name":"Andenne","subdivision":"Namur","cx":5.056,"cy":50.49}},{"arcs":[[-8,-376,-428,428,429,-409]],"type":"Polygon","properties":{"id":"61031","name":"Huy","subdivision":"Liège","cx":5.187,"cy":50.499}},{"arcs":[[-353,-367,-395,430,431,432,-387,-355]],"type":"Polygon","properties":{"id":"53070","name":"Saint-Ghislain","subdivision":"Hainaut","cx":3.799,"cy":50.488}},{"arcs":[[-343,-380,433,434,435,-381,-350]],"type":"Polygon","properties":{"id":"52021","name":"Fleurus","subdivision":"Hainaut","cx":4.535,"cy":50.485}},{"arcs":[[-388,-433,436,437,438]],"type":"Polygon","properties":{"id":"53044","name":"Jurbise","subdivision":"Hainaut","cx":3.905,"cy":50.521}},{"arcs":[[-282,439,440,441,442,443,-400]],"type":"Polygon","properties":{"id":"62100","name":"Sprimont","subdivision":"Liège","cx":5.666,"cy":50.519}},{"arcs":[[-378,-408,444,445,446]],"type":"Polygon","properties":{"id":"52055","name":"Pont-à-Celles","subdivision":"Hainaut","cx":4.369,"cy":50.514}},{"arcs":[[-379,-447,447,448,449,-434]],"type":"Polygon","properties":{"id":"52075","name":"Les Bons Villers","subdivision":"Hainaut","cx":4.446,"cy":50.533}},{"arcs":[[450,451,452,453]],"type":"Polygon","properties":{"id":"57093","name":"Brunehaut","subdivision":"Hainaut","cx":3.395,"cy":50.527}},{"arcs":[[-234,-369,-401,-444,454,455,456]],"type":"Polygon","properties":{"id":"63076","name":"Theux","subdivision":"Liège","cx":5.813,"cy":50.517}},{"arcs":[[-2,-382,-436,457,458,459]],"type":"Polygon","properties":{"id":"92114","name":"Sombreffe","subdivision":"Namur","cx":4.604,"cy":50.527}},{"arcs":[[-287,-397,460,461,462,463,-398]],"type":"Polygon","properties":{"id":"63080","name":"Waimes","subdivision":"Liège","cx":6.123,"cy":50.458}},{"arcs":[[-403,-417,464,465,466,467]],"type":"Polygon","properties":{"id":"62121","name":"Neupré","subdivision":"Liège","cx":5.479,"cy":50.541}},{"arcs":[[-452,468,469]],"type":"Polygon","properties":{"id":"57072","name":"Rumes","subdivision":"Hainaut","cx":3.319,"cy":50.545}},{"arcs":[[-421,470,471]],"type":"Polygon","properties":{"id":"92141","name":"La Bruyère","subdivision":"Namur","cx":4.809,"cy":50.527}},{"arcs":[[-426,472,473,474]],"type":"Polygon","properties":{"id":"61028","name":"Héron","subdivision":"Liège","cx":5.109,"cy":50.544}},{"arcs":[[-393,475,476,477,478,479]],"type":"Polygon","properties":{"id":"57064","name":"Péruwelz","subdivision":"Hainaut","cx":3.564,"cy":50.532}},{"arcs":[[-281,-404,-468,480,481,482,-440]],"type":"Polygon","properties":{"id":"62032","name":"Esneux","subdivision":"Liège","cx":5.574,"cy":50.539}},{"arcs":[[-394,-480,483,484,485,-431]],"type":"Polygon","properties":{"id":"51008","name":"Beloeil","subdivision":"Hainaut","cx":3.691,"cy":50.536}},{"arcs":[[-427,-475,486,487,488,489,-429]],"type":"Polygon","properties":{"id":"61072","name":"Wanze","subdivision":"Liège","cx":5.198,"cy":50.55}},{"arcs":[[-466,490,491,492,493]],"type":"Polygon","properties":{"id":"62120","name":"Flémalle","subdivision":"Liège","cx":5.441,"cy":50.597}},{"arcs":[[-454,494,-477,495]],"type":"Polygon","properties":{"id":"57003","name":"Antoing","subdivision":"Hainaut","cx":3.466,"cy":50.556}},{"arcs":[[-410,-430,-490,496,497,498,499,-415]],"type":"Polygon","properties":{"id":"61003","name":"Amay","subdivision":"Liège","cx":5.312,"cy":50.553}},{"arcs":[[-416,-500,500,-491,-465]],"type":"Polygon","properties":{"id":"61080","name":"Engis","subdivision":"Liège","cx":5.395,"cy":50.557}},{"arcs":[[-235,-457,501,502,503,-461,-396,-383]],"type":"Polygon","properties":{"id":"63038","name":"Jalhay","subdivision":"Liège","cx":5.966,"cy":50.531}},{"arcs":[[-442,504,505,506,507]],"type":"Polygon","properties":{"id":"62122","name":"Trooz","subdivision":"Liège","cx":5.679,"cy":50.574}},{"arcs":[[-413,-419,508,509,510]],"type":"Polygon","properties":{"id":"55050","name":"Écaussinnes","subdivision":"Hainaut","cx":4.179,"cy":50.563}},{"arcs":[[-435,-450,511,512,513,-458]],"type":"Polygon","properties":{"id":"25107","name":"Villers-la-Ville","subdivision":"Brabant wallon","cx":4.529,"cy":50.561}},{"arcs":[[-328,-406,-414,-511,514,515,-445,-407]],"type":"Polygon","properties":{"id":"55085","name":"Seneffe","subdivision":"Hainaut","cx":4.263,"cy":50.548}},{"arcs":[[-443,-508,516,517,518,-455]],"type":"Polygon","properties":{"id":"63058","name":"Pepinster","subdivision":"Liège","cx":5.797,"cy":50.573}},{"arcs":[[-474,519,520,521,522,-487]],"type":"Polygon","properties":{"id":"61010","name":"Burdinne","subdivision":"Liège","cx":5.128,"cy":50.583}},{"arcs":[[-507,523,524,525,-517]],"type":"Polygon","properties":{"id":"63057","name":"Olne","subdivision":"Liège","cx":5.757,"cy":50.588}},{"arcs":[[-3,-460,526,527,528,529,-471,-420]],"type":"Polygon","properties":{"id":"92142","name":"Gembloux","subdivision":"Namur","cx":4.709,"cy":50.554}},{"arcs":[[-432,-486,530,531,532,-437]],"type":"Polygon","properties":{"id":"51014","name":"Chièvres","subdivision":"Hainaut","cx":3.784,"cy":50.571}},{"arcs":[[-441,-483,533,534,535,-505]],"type":"Polygon","properties":{"id":"62022","name":"Chaudfontaine","subdivision":"Liège","cx":5.632,"cy":50.584}},{"arcs":[[-438,-533,536,537,538]],"type":"Polygon","properties":{"id":"53046","name":"Lens","subdivision":"Hainaut","cx":3.929,"cy":50.573}},{"arcs":[[-423,539,540,-520,-473,-425]],"type":"Polygon","properties":{"id":"92138","name":"Fernelmont","subdivision":"Namur","cx":4.988,"cy":50.551}},{"arcs":[[-456,-519,541,542,543,-502]],"type":"Polygon","properties":{"id":"63079","name":"Verviers","subdivision":"Liège","cx":5.874,"cy":50.579}},{"arcs":[[-467,-494,544,545,546,-481]],"type":"Polygon","properties":{"id":"62096","name":"Seraing","subdivision":"Liège","cx":5.516,"cy":50.589}},{"arcs":[[-489,547,548,549,-497]],"type":"Polygon","properties":{"id":"61068","name":"Villers-le-Bouillet","subdivision":"Liège","cx":5.232,"cy":50.601}},{"arcs":[[-459,-514,550,551,552,-527]],"type":"Polygon","properties":{"id":"25117","name":"Chastre","subdivision":"Brabant wallon","cx":4.627,"cy":50.588}},{"arcs":[[-492,-501,-499,553,554]],"type":"Polygon","properties":{"id":"64065","name":"Saint-Georges-sur-Meuse","subdivision":"Liège","cx":5.361,"cy":50.597}},{"arcs":[[-389,-439,-539,555,556,-509,-418]],"type":"Polygon","properties":{"id":"55040","name":"Soignies","subdivision":"Hainaut","cx":4.038,"cy":50.566}},{"arcs":[[-543,557,558,559,560]],"type":"Polygon","properties":{"id":"63020","name":"Dison","subdivision":"Liège","cx":5.874,"cy":50.615}},{"arcs":[[-532,561,562,-537]],"type":"Polygon","properties":{"id":"51012","name":"Brugelette","subdivision":"Hainaut","cx":3.867,"cy":50.602}},{"arcs":[[-446,-516,563,564,565,566,-448]],"type":"Polygon","properties":{"id":"25072","name":"Nivelles","subdivision":"Brabant wallon","cx":4.332,"cy":50.598}},{"arcs":[[-498,-550,567,568,-554]],"type":"Polygon","properties":{"id":"61063","name":"Verlaine","subdivision":"Liège","cx":5.31,"cy":50.608}},{"arcs":[[-506,-536,569,570,571,-524]],"type":"Polygon","properties":{"id":"62038","name":"Fléron","subdivision":"Liège","cx":5.684,"cy":50.615}},{"arcs":[[-479,572,573,574,-484]],"type":"Polygon","properties":{"id":"57094","name":"Leuze-en-Hainaut","subdivision":"Hainaut","cx":3.629,"cy":50.597}},{"arcs":[[-521,-541,575,576,577]],"type":"Polygon","properties":{"id":"64075","name":"Wasseiges","subdivision":"Liège","cx":5.025,"cy":50.616}},{"arcs":[[-422,-472,-530,578,579,580,-576,-540]],"type":"Polygon","properties":{"id":"92035","name":"Éghezée","subdivision":"Namur","cx":4.894,"cy":50.585}},{"arcs":[[-488,-523,581,582,583,-548]],"type":"Polygon","properties":{"id":"64015","name":"Braives","subdivision":"Liège","cx":5.154,"cy":50.624}},{"arcs":[[-462,-504,584,585,586]],"type":"Polygon","properties":{"id":"63004","name":"Baelen","subdivision":"Liège","cx":6.074,"cy":50.567}},{"arcs":[[-535,587,588,-570]],"type":"Polygon","properties":{"id":"62015","name":"Beyne-Heusay","subdivision":"Liège","cx":5.662,"cy":50.624}},{"arcs":[[-546,589,590,591]],"type":"Polygon","properties":{"id":"62093","name":"Saint-Nicolas","subdivision":"Liège","cx":5.527,"cy":50.636}},{"arcs":[[-503,-544,-561,592,-585]],"type":"Polygon","properties":{"id":"63046","name":"Limbourg","subdivision":"Liège","cx":5.94,"cy":50.606}},{"arcs":[[-513,593,594,595,-551]],"type":"Polygon","properties":{"id":"25023","name":"Court-Saint-Étienne","subdivision":"Brabant wallon","cx":4.563,"cy":50.626}},{"arcs":[[-449,-567,596,597,598,-594,-512]],"type":"Polygon","properties":{"id":"25031","name":"Genappe","subdivision":"Brabant wallon","cx":4.456,"cy":50.61}},{"arcs":[[-493,-555,599,600,601,602,-590,-545]],"type":"Polygon","properties":{"id":"62118","name":"Grâce-Hollogne","subdivision":"Liège","cx":5.469,"cy":50.643}},{"arcs":[[-552,-596,603,604,605]],"type":"Polygon","properties":{"id":"25068","name":"Mont-Saint-Guibert","subdivision":"Brabant wallon","cx":4.613,"cy":50.63}},{"arcs":[[-528,-553,-606,606,607,608]],"type":"Polygon","properties":{"id":"25124","name":"Walhain","subdivision":"Brabant wallon","cx":4.697,"cy":50.631}},{"arcs":[[-525,-572,609,610]],"type":"Polygon","properties":{"id":"62099","name":"Soumagne","subdivision":"Liège","cx":5.735,"cy":50.633}},{"arcs":[[-529,-609,611,612,-579]],"type":"Polygon","properties":{"id":"25084","name":"Perwez","subdivision":"Brabant wallon","cx":4.79,"cy":50.634}},{"arcs":[[-510,-557,613,614,615,616,617,-564,-515]],"type":"Polygon","properties":{"id":"55004","name":"Braine-le-Comte","subdivision":"Hainaut","cx":4.132,"cy":50.603}},{"arcs":[[-463,-587,618,619,620]],"type":"Polygon","properties":{"id":"63023","name":"Eupen","subdivision":"Liège","cx":6.168,"cy":50.594}},{"arcs":[[-569,621,622,623,624,-600]],"type":"Polygon","properties":{"id":"64023","name":"Donceel","subdivision":"Liège","cx":5.323,"cy":50.649}},{"arcs":[[-549,-584,625,626,-622,-568]],"type":"Polygon","properties":{"id":"64076","name":"Faimes","subdivision":"Liège","cx":5.243,"cy":50.646}},{"arcs":[[-565,-618,627,628,629]],"type":"Polygon","properties":{"id":"25044","name":"Ittre","subdivision":"Brabant wallon","cx":4.257,"cy":50.639}},{"arcs":[[-560,630,631,632,633,-586,-593]],"type":"Polygon","properties":{"id":"63084","name":"Welkenraedt","subdivision":"Liège","cx":5.94,"cy":50.669}},{"arcs":[[-482,-547,-592,634,635,636,637,638,639,-588,-534]],"type":"Polygon","properties":{"id":"62063","name":"Liège","subdivision":"Liège","cx":5.59,"cy":50.631}},{"arcs":[[-453,-470,640,641,642,643,644,-573,-478,-495]],"type":"Polygon","properties":{"id":"57081","name":"Tournai","subdivision":"Hainaut","cx":3.406,"cy":50.618}},{"arcs":[[-601,-625,645,646,647]],"type":"Polygon","properties":{"id":"64025","name":"Fexhe-le-Haut-Clocher","subdivision":"Liège","cx":5.402,"cy":50.664}},{"arcs":[[-629,648,649,650]],"type":"Polygon","properties":{"id":"25015","name":"Braine-le-Château","subdivision":"Brabant wallon","cx":4.278,"cy":50.682}},{"arcs":[[-637,651,652]],"type":"Polygon","properties":{"id":"62051","name":"Herstal","subdivision":"Liège","cx":5.603,"cy":50.682}},{"arcs":[[-538,-563,653,654,655,656,-614,-556]],"type":"Polygon","properties":{"id":"51068","name":"Silly","subdivision":"Hainaut","cx":3.945,"cy":50.64}},{"arcs":[[-595,-599,657,658,659,660,-604]],"type":"Polygon","properties":{"id":"25121","name":"Ottignies-Louvain-la-Neuve","subdivision":"Brabant wallon","cx":4.552,"cy":50.671}},{"arcs":[[-485,-575,661,662,663,-654,-562,-531]],"type":"Polygon","properties":{"id":"51004","name":"Ath","subdivision":"Hainaut","cx":3.77,"cy":50.645}},{"arcs":[[-559,664,665,-631]],"type":"Polygon","properties":{"id":"63089","name":"Thimister-Clermont","subdivision":"Liège","cx":5.87,"cy":50.663}},{"arcs":[[-583,666,667,668,669,-626]],"type":"Polygon","properties":{"id":"64029","name":"Geer","subdivision":"Liège","cx":5.181,"cy":50.67}},{"arcs":[[-518,-526,-611,670,671,672,-665,-558,-542]],"type":"Polygon","properties":{"id":"63035","name":"Herve","subdivision":"Liège","cx":5.796,"cy":50.649}},{"arcs":[[-619,-634,673,674,675]],"type":"Polygon","properties":{"id":"63048","name":"Lontzen","subdivision":"Liège","cx":6.011,"cy":50.674}},{"arcs":[[-624,676,677,678,-646]],"type":"Polygon","properties":{"id":"64063","name":"Remicourt","subdivision":"Liège","cx":5.341,"cy":50.686}},{"arcs":[[-580,-613,679,680,681]],"type":"Polygon","properties":{"id":"25122","name":"Ramillies","subdivision":"Brabant wallon","cx":4.886,"cy":50.657}},{"arcs":[[-571,-589,-640,682,683,-671,-610]],"type":"Polygon","properties":{"id":"62119","name":"Blegny","subdivision":"Liège","cx":5.713,"cy":50.683}},{"arcs":[[-615,-657,684,685]],"type":"Polygon","properties":{"id":"51067","name":"Enghien","subdivision":"Hainaut","cx":3.992,"cy":50.668}},{"arcs":[[-617,686,687,-649,-628]],"type":"Polygon","properties":{"id":"25105","name":"Tubize","subdivision":"Brabant wallon","cx":4.192,"cy":50.687}},{"arcs":[[-522,-578,688,689,690,-667,-582]],"type":"Polygon","properties":{"id":"64034","name":"Hannut","subdivision":"Liège","cx":5.075,"cy":50.668}},{"arcs":[[-616,-686,691,-687]],"type":"Polygon","properties":{"id":"25123","name":"Rebecq","subdivision":"Brabant wallon","cx":4.13,"cy":50.671}},{"arcs":[[-632,-666,-673,692,693,694]],"type":"Polygon","properties":{"id":"63003","name":"Aubel","subdivision":"Liège","cx":5.851,"cy":50.7}},{"arcs":[[-642,695,696,697]],"type":"Polygon","properties":{"id":"57027","name":"Estaimpuis","subdivision":"Hainaut","cx":3.284,"cy":50.687}},{"arcs":[[-643,-698,698,699]],"type":"Polygon","properties":{"id":"57062","name":"Pecq","subdivision":"Hainaut","cx":3.357,"cy":50.685}},{"arcs":[[-591,-603,700,701,-635]],"type":"Polygon","properties":{"id":"62003","name":"Ans","subdivision":"Liège","cx":5.506,"cy":50.674}},{"arcs":[[-605,-661,702,703,704,-607]],"type":"Polygon","properties":{"id":"25018","name":"Chaumont-Gistoux","subdivision":"Brabant wallon","cx":4.692,"cy":50.686}},{"arcs":[[-669,705,706]],"type":"Polygon","properties":{"id":"64008","name":"Berloz","subdivision":"Liège","cx":5.204,"cy":50.705}},{"arcs":[[-620,-676,707,708]],"type":"Polygon","properties":{"id":"63061","name":"Raeren","subdivision":"Liège","cx":6.116,"cy":50.67}},{"arcs":[[-598,709,710,711,712,-658]],"type":"Polygon","properties":{"id":"25119","name":"Lasne","subdivision":"Brabant wallon","cx":4.466,"cy":50.682}},{"arcs":[[-623,-627,-670,-707,713,714,-677]],"type":"Polygon","properties":{"id":"64074","name":"Waremme","subdivision":"Liège","cx":5.267,"cy":50.694}},{"arcs":[[-566,-630,-651,715,716,-710,-597]],"type":"Polygon","properties":{"id":"25014","name":"Braine-l'Alleud","subdivision":"Brabant wallon","cx":4.36,"cy":50.671}},{"arcs":[[-574,-645,717,718,719,720,-662]],"type":"Polygon","properties":{"id":"51065","name":"Frasnes-lez-Anvaing","subdivision":"Hainaut","cx":3.601,"cy":50.682}},{"arcs":[[-647,-679,721,722,723]],"type":"Polygon","properties":{"id":"64021","name":"Crisnée","subdivision":"Liège","cx":5.397,"cy":50.711}},{"arcs":[[-711,-717,724,725]],"type":"Polygon","properties":{"id":"25110","name":"Waterloo","subdivision":"Brabant wallon","cx":4.407,"cy":50.714}},{"arcs":[[-602,-648,-724,726,727,-701]],"type":"Polygon","properties":{"id":"62006","name":"Awans","subdivision":"Liège","cx":5.451,"cy":50.685}},{"arcs":[[-633,-695,728,729,-674]],"type":"Polygon","properties":{"id":"63088","name":"Plombières","subdivision":"Liège","cx":5.949,"cy":50.726}},{"arcs":[[-577,-581,-682,730,731,732,-689]],"type":"Polygon","properties":{"id":"25120","name":"Orp-Jauche","subdivision":"Brabant wallon","cx":4.963,"cy":50.69}},{"arcs":[[-678,-715,733,-722]],"type":"Polygon","properties":{"id":"64056","name":"Oreye","subdivision":"Liège","cx":5.347,"cy":50.723}},{"arcs":[[-659,-713,734,735,736]],"type":"Polygon","properties":{"id":"25091","name":"Rixensart","subdivision":"Brabant wallon","cx":4.527,"cy":50.714}},{"arcs":[[-636,-702,-728,737,738,739,-652]],"type":"Polygon","properties":{"id":"62060","name":"Juprelle","subdivision":"Liège","cx":5.547,"cy":50.714}},{"arcs":[[-608,-705,740,741,742,-680,-612]],"type":"Polygon","properties":{"id":"25043","name":"Incourt","subdivision":"Brabant wallon","cx":4.786,"cy":50.695}},{"arcs":[[-690,-733,743,744]],"type":"Polygon","properties":{"id":"64047","name":"Lincent","subdivision":"Liège","cx":5.028,"cy":50.721}},{"arcs":[[-655,-664,745,746,747]],"type":"Polygon","properties":{"id":"51069","name":"Lessines","subdivision":"Hainaut","cx":3.82,"cy":50.713}},{"arcs":[[-638,-653,-740,748,749]],"type":"Polygon","properties":{"id":"62079","name":"Oupeye","subdivision":"Liège","cx":5.642,"cy":50.721}},{"arcs":[[-675,-730,750,-708]],"type":"Polygon","properties":{"id":"63040","name":"Kelmis","subdivision":"Liège","cx":6.022,"cy":50.717}},{"arcs":[[-672,-684,751,752,-693]],"type":"Polygon","properties":{"id":"62027","name":"Dalhem","subdivision":"Liège","cx":5.762,"cy":50.725}},{"arcs":[[-712,-726,753,-735]],"type":"Polygon","properties":{"id":"25050","name":"La Hulpe","subdivision":"Brabant wallon","cx":4.465,"cy":50.736}},{"arcs":[[-644,-700,754,755,-718]],"type":"Polygon","properties":{"id":"57018","name":"Celles","subdivision":"Hainaut","cx":3.438,"cy":50.711}},{"arcs":[[-660,-737,756,757,-703]],"type":"Polygon","properties":{"id":"25112","name":"Wavre","subdivision":"Brabant wallon","cx":4.593,"cy":50.716}},{"arcs":[[-697,758]],"type":"Polygon","properties":{"id":"57096","name":"Mouscron","subdivision":"Hainaut","cx":3.233,"cy":50.735}},{"arcs":[[-732,759,760,-744]],"type":"Polygon","properties":{"id":"25118","name":"Hélécine","subdivision":"Brabant wallon","cx":4.985,"cy":50.753}},{"arcs":[[-719,-756,761]],"type":"Polygon","properties":{"id":"57095","name":"Mont-de-l'Enclus","subdivision":"Hainaut","cx":3.509,"cy":50.738}},{"arcs":[[-663,-721,762,763,-746]],"type":"Polygon","properties":{"id":"51017","name":"Ellezelles","subdivision":"Hainaut","cx":3.682,"cy":50.726}},{"arcs":[[-747,-764,764]],"type":"Polygon","properties":{"id":"51019","name":"Flobecq","subdivision":"Hainaut","cx":3.732,"cy":50.753}},{"arcs":[[-704,-758,765,766,-741]],"type":"Polygon","properties":{"id":"25037","name":"Grez-Doiceau","subdivision":"Brabant wallon","cx":4.688,"cy":50.748}},{"arcs":[[-742,-767,767,768]],"type":"Polygon","properties":{"id":"25005","name":"Beauvechain","subdivision":"Brabant wallon","cx":4.765,"cy":50.776}},{"arcs":[[-739,769,770,-749]],"type":"Polygon","properties":{"id":"62011","name":"Bassenge","subdivision":"Liège","cx":5.625,"cy":50.766}},{"arcs":[[771]],"type":"Polygon","properties":{"id":"57097","name":"Comines-Warneton","subdivision":"Hainaut","cx":2.908,"cy":50.732}},{"arcs":[[-639,-750,-771,772,-752,-683]],"type":"Polygon","properties":{"id":"62108","name":"Visé","subdivision":"Liège","cx":5.702,"cy":50.738}},{"arcs":[[-681,-743,-769,773,-760,-731]],"type":"Polygon","properties":{"id":"25048","name":"Jodoigne","subdivision":"Brabant wallon","cx":4.859,"cy":50.731}}]}}}