{"type":"Topology","arcs":[[[62319,67174],[-157,-20],[-196,-150],[-55,105],[-80,-33],[-62,46],[-27,21],[-109,49],[-27,68],[-75,104],[-99,-32],[-84,-55],[-73,-5],[-60,2],[-88,9],[-52,-21],[-56,-43],[-7,-119],[-40,-60],[-58,-37],[-98,-69],[-84,-75],[-92,-61],[-212,-142],[-104,-9],[-77,-21],[-221,206],[-56,25],[-65,31],[-36,64],[-219,-80],[-79,-101],[-61,-21],[-56,-1],[-58,5],[-76,6],[-37,6],[-16,14],[-7,36],[-3,14],[-9,42],[-9,22],[-35,16],[-20,13],[-13,14],[-4,18],[-22,-53],[-49,3],[-60,-1],[31,44],[-7,36],[-14,13],[-22,14],[-16,28],[-29,34],[-29,31],[-80,40],[-54,34],[-12,22],[3,36],[-7,58],[-20,35],[-29,18],[-23,5],[-34,4],[-17,8],[-5,32],[2,75],[-17,19],[-34,36],[-8,36],[32,26],[0,19],[13,35],[5,35],[2,40],[-4,49],[-15,61],[-19,48],[-33,39],[-24,37],[10,5],[26,14],[54,23],[39,25],[49,32],[61,52],[69,75],[85,107],[90,107],[79,92],[37,36],[42,36],[42,31],[61,32],[46,20],[-125,197],[78,37],[-40,121],[26,52],[-51,108],[-87,12],[23,48],[-168,51],[-67,73],[-70,-28],[-50,35],[-148,-69],[20,-67],[-110,-34],[-61,225],[-33,10],[-151,-92],[18,-66],[-18,-103],[-63,-145],[-41,-32],[-55,-1],[-157,56],[-16,25],[-23,36],[30,58],[-36,61],[-69,68],[-24,72],[-101,62],[-41,61],[-103,70],[84,99],[-1,62],[51,39],[4,135],[-90,89],[-68,-44],[-127,164],[34,23],[-150,137],[156,94],[-59,81],[-17,38],[-2,33],[13,52],[-150,110],[-73,17],[31,15],[63,8],[173,138],[728,545],[173,252],[173,-16],[96,27],[99,-13],[102,-21],[126,13],[188,77],[217,83],[58,200],[30,79],[-16,67],[-41,36],[147,102],[89,39],[166,29],[122,51],[97,58],[253,177],[210,154],[143,127],[78,68],[53,45],[75,64],[192,-179],[313,-242],[193,-118],[128,-74],[48,-23],[169,-104],[63,-51],[78,-49],[145,-95],[107,-94],[110,-105],[105,-118],[45,-60],[63,-85],[33,-57],[19,-45],[-25,-123],[-54,-154],[194,-38],[83,-129],[55,-19],[119,69],[-7,97],[181,4],[156,-10],[16,40],[9,48],[177,-36],[69,-39],[29,-56],[201,-29],[63,56],[48,87],[-85,102],[25,6],[98,14],[83,15],[-8,66],[39,2],[33,13],[36,9],[52,8],[48,15],[93,46],[62,8],[46,-20],[53,-10],[39,-2],[37,-3],[59,-1],[41,6]],[[64763,71615],[49,1],[25,-7],[7,-1],[28,-28],[27,-35],[-9,-41],[-11,-17],[820,-276],[-59,-82],[3,-116],[-12,-32],[32,-3],[54,-12],[44,-41],[9,-24],[204,-77],[121,15],[-208,-183],[-43,-93],[-46,-31]],[[65798,70532],[-270,-6],[-3,-112],[8,-128],[-43,-107],[-136,-115],[-175,-129],[-108,-36],[-11,-62],[-168,-52],[-9,-84],[-24,-126],[-54,-19],[62,-69],[-98,-86],[-55,-172],[-59,-92],[-75,-16],[-43,-44],[16,-103],[-54,-69],[-231,-167],[-82,-14],[-116,34],[-46,36],[-43,34],[-112,38],[-98,-3],[-89,-89],[-22,-21],[-308,-84],[-491,104],[-217,-9],[-186,-18],[-39,1],[-88,2],[-102,1],[-240,10],[-159,19],[-50,6],[-85,3],[-35,-73],[-28,-50],[-9,-45],[-2,-68],[19,-104],[27,-90],[8,-88],[11,-84],[22,-89],[20,-60],[42,-76],[27,-60],[36,-79],[50,-90],[55,-90],[67,-92],[60,-70],[75,-97],[68,-79],[46,-58],[65,-72]],[[45914,83857],[-40,0],[15,-123],[-21,-103],[95,-323],[12,-139],[17,-205],[-5,-122],[-8,-41],[-15,-38],[-100,-170],[-28,-60],[-16,-69],[-8,-57],[5,-41],[1,-10],[0,-14],[4,-22],[3,-14],[2,-7],[5,-13],[6,-13],[7,-14],[12,-19],[13,-19],[13,-19],[10,-12],[16,-17],[17,-17],[18,-17],[84,-75],[55,-47],[50,-43],[26,-21],[24,-20],[45,-36],[71,-43],[53,-10],[94,-40],[132,-42],[174,-39],[236,-53],[215,-38],[143,-17],[73,-6],[54,-5],[119,-24],[103,-30],[78,-24],[23,-9],[38,-15],[65,-28],[89,-41],[92,-49],[36,-24],[47,-32],[84,-70],[70,-74],[77,-98],[85,-113],[10,-15],[31,-48],[15,-18],[46,-64],[49,-94],[5,-9],[16,-52],[23,-57],[7,-25],[15,-49],[20,-68],[9,-50],[4,-22],[12,-69],[10,-70],[14,-69],[28,-69],[41,-92],[54,-115],[41,-97],[8,-21],[41,-109],[59,-151],[50,-127],[41,-102],[68,-145],[27,-55],[149,-324],[36,-93],[43,-98],[96,-178],[157,-218],[76,-100],[298,-336],[77,-86],[212,-222],[48,-57],[63,-77],[189,-178],[60,-39],[64,-37],[53,-40],[61,-63],[257,-249],[95,-88],[81,-125],[84,-76]],[[51422,76427],[-140,-120],[-13,-7],[-107,-62],[-33,-44],[-5,-7],[-12,-2],[-165,-18],[-1,-43],[-6,-172],[-19,-10],[-59,-29],[-144,-60],[-134,52],[-72,-40],[-95,-9],[-99,-103],[-58,-2],[-43,35],[-48,-1],[-65,-54],[-31,5],[-78,14],[22,103],[-72,30],[-83,7],[-34,-19],[-38,-75],[-76,-54],[-56,-42],[-51,-35],[-70,-44],[-42,-36],[-1,-5],[-10,-48],[33,-77],[29,-91],[-105,-108],[-44,-41],[-64,-33],[-164,-10],[-12,-48],[-129,-10],[110,-60],[47,-67],[27,-105],[0,-91],[5,-42],[-56,-38],[9,-84],[-48,-4],[36,-107],[35,-18],[179,-88],[21,-66],[-80,-23],[-49,38],[-46,-97],[-125,14],[-12,-99],[-5,-48],[-53,-6],[18,-102],[-60,-10],[26,-46],[-212,-6],[-9,-47],[-184,21],[-91,-21],[-71,-20],[-69,10],[-70,10],[-152,21],[-311,-75],[-100,-40],[-8,-62],[-6,-76],[142,-119],[-68,-68],[-16,-43],[68,1],[-48,-55],[-71,-62],[-89,-77],[93,-42],[46,-20],[84,100],[54,52],[31,44],[21,59],[18,103],[23,23],[86,49],[109,88],[73,14],[124,-19],[47,-12],[41,-10],[121,-37],[60,-52],[65,-25],[24,-10],[31,-15],[23,-12],[14,-9],[14,-9],[13,-10],[13,-10],[12,-11],[35,-33],[11,-12],[10,-12],[4,-6],[4,-6],[3,-7],[2,-7],[6,-28],[12,-49],[7,-42],[3,-22],[2,-20],[-1,-15],[-1,-22],[-4,-29],[22,-45],[-31,-85],[-93,-57],[-30,-15],[-8,-4],[-7,-3],[-9,-3],[-8,-2],[-9,-2],[-18,-2],[-10,-1],[-18,0],[-36,1],[-19,-1],[-19,-1],[-9,-1],[-9,-1],[-8,-3],[-8,-4],[23,-67],[79,-62],[-114,-84],[63,-41],[11,-52],[-83,-8],[21,-79],[-57,13],[-46,-94],[95,-73],[-142,10],[-109,37],[15,-49],[-109,-29],[-15,30],[-47,-14],[5,-37],[-70,-13],[-131,-25],[-63,-12],[-36,-38],[-86,-21],[-49,48],[-27,-16],[-132,131],[-70,20],[-127,37],[-59,27],[-127,58],[-55,61],[-12,34],[-32,93],[-91,88],[-369,41],[-64,258],[-35,116],[-107,-38],[-40,69],[-208,-52],[117,-200],[-123,-5],[-11,-55],[-133,-9],[-48,50],[-163,-41],[-84,-2],[-177,44],[-170,-49],[-140,84],[-138,19],[-81,94],[-61,-30],[-96,-46],[-71,-12],[-120,90],[-204,-17],[-50,-61],[-87,-107],[-39,29],[-100,-58],[66,-54],[-199,-68],[-162,-97],[-58,9],[-108,-75],[-37,27],[-247,-214],[50,-34],[-107,-98],[-71,33],[-124,-149],[-130,15],[-148,-115],[-25,-37],[-198,-50],[-182,-31],[-24,-39],[-128,-46],[-75,-48],[-17,-46],[-93,-66],[-184,-13],[38,203],[341,60],[-21,48],[119,38],[-62,68],[89,43],[-35,148],[-71,-6],[-7,41],[65,13],[-2,38],[-71,21],[-116,155],[-51,-31],[-125,90],[37,190],[-341,-64],[-199,6],[-224,-53],[-129,-30],[-15,-142],[34,-43],[-40,-185],[71,-63],[-94,-97],[-18,50],[-13,17],[-18,12],[-76,14],[-130,8],[-15,1],[-39,3],[-64,13],[-67,33],[-11,12],[-20,56],[-45,28],[-62,13],[-32,-1],[-31,11],[-61,32],[-15,21],[-25,60],[-151,-23],[-131,24],[-323,-116],[-99,19],[-78,-41],[-92,-76],[-228,-13],[-75,-34],[63,-21],[-49,-58],[-24,-28],[-84,-43],[-61,-34],[-47,59],[-40,-7],[-64,-10],[-76,87],[-85,-38],[-12,-201],[-16,-42],[-27,-40],[-48,-42],[-72,-40],[-118,-33],[22,-48],[-268,-73],[-219,-3],[-270,-170],[-61,43],[-85,58],[-13,150],[-107,208],[-60,-140],[-179,-124],[-28,-98],[-63,-95],[-33,-66],[46,-31],[77,-56],[89,-92],[-31,-102],[-59,-110],[-21,-35],[-29,-19],[-177,-126],[-76,-102],[-44,-132],[-73,-119],[-58,-48],[-130,-62],[-102,-48],[-32,-19],[-125,-75],[-135,-83],[-73,-44],[97,-95],[36,-97]],[[36396,69963],[4,-74],[-29,-38],[25,-175],[-18,-38],[-162,18],[-44,-32],[-142,26],[13,-104],[45,-74],[-34,-14],[19,-40],[-120,-22],[-27,-11],[-127,-37],[-107,-1],[-8,-32],[-18,-70],[-29,-114],[58,-56],[40,-24],[22,-1],[116,1],[-22,-122],[-213,32],[-83,-16],[-119,6],[-74,-14],[-38,-43],[-120,50],[-46,20],[-96,21],[-20,-20],[-35,-34],[-15,-47],[-16,-36],[-72,-49],[-59,-130],[-168,-366],[20,-58],[45,-57],[-313,-177],[-39,-72],[-357,-103],[-161,21],[-158,-33],[-126,13],[-21,70],[-80,30],[-121,46],[-29,11],[-107,-1],[-44,47],[-28,36],[-49,-8],[-16,35],[-33,30],[-58,35],[-62,39],[-66,41],[-29,12],[-44,2],[-62,-12],[-27,-3],[-68,4],[-34,9],[-18,1],[-16,-10],[-24,2],[-1,22],[-14,21],[-8,19],[7,22],[18,12],[10,29],[2,31],[-14,16],[-14,13],[-9,12],[5,12],[15,9],[3,14],[1,23],[-10,32],[-30,34],[-22,9],[-28,-6],[-17,0],[-20,5],[-13,7],[-74,12],[-54,3],[-21,-6],[-21,-3],[-32,8],[-15,1],[-23,-15],[-22,-1],[-68,1],[-30,-5],[-30,-21],[-58,-39],[-80,-53],[-36,-12],[-27,5],[-13,16],[-22,6],[-24,-4],[-18,-14],[-27,-8],[-29,2],[-39,26],[-20,21],[-36,18],[-34,21],[-23,31],[5,26],[-5,18],[-12,19],[-23,12],[-52,17],[-54,15],[-93,6],[-15,-6],[-1,-8],[-2,-11],[-17,-2],[-39,-8],[-30,-10],[-30,3],[-21,22],[-9,17],[-8,22],[-21,18],[-21,4],[-13,-9],[-21,1],[-27,16],[-9,19],[11,27],[-9,13],[-39,27],[-31,19],[-29,12],[4,-35],[4,-34],[-372,-240],[-75,-48],[-79,-36],[-138,-43],[-53,-16],[-216,117],[-84,22],[-84,23],[-98,27],[-11,48],[-47,43],[-37,34],[-65,-38],[-32,27],[-21,18],[-32,-28],[-99,90],[-62,173],[-209,-17],[-99,-70],[-290,-31],[-169,-11],[-129,-5],[-30,-1],[10,24],[0,6],[4,7],[3,6],[9,12],[5,6],[11,13],[4,6],[4,6],[4,7],[5,13],[5,21],[8,35],[4,36],[3,28],[1,21],[-1,21],[-1,22],[-3,25],[87,73],[93,1],[98,-57],[78,65],[-58,110],[47,21],[40,-70],[269,44],[60,23],[-70,49],[-98,-40],[-48,64],[-19,31],[50,29],[-67,46],[-74,51],[-136,120],[-19,-56],[-109,-72],[-57,16],[25,25],[31,31],[17,53],[22,56],[144,124],[104,39],[25,22],[26,36],[-141,32],[-82,22],[-82,72],[286,234],[67,40],[63,81],[30,39],[-29,7],[-97,23],[-86,-63],[-44,51],[-48,56],[-40,46]],[[28732,70616],[-14,112],[90,173],[9,95],[-177,20],[-96,13],[-235,155],[-245,88],[31,36],[-58,85],[-145,211],[-160,200],[-33,57],[-14,33],[-42,72],[-31,53],[-190,164],[49,252],[131,179],[237,188],[-2,80],[-1,77],[-4,191],[4,89],[80,172],[81,107],[85,76],[-64,30],[-132,104],[-74,44],[-140,6],[-137,7],[-56,33],[23,73],[-34,122],[-46,108],[-3,73],[25,80],[57,101],[-187,-89],[-117,-46],[-139,-94],[-12,-7],[-104,134],[-108,11],[-83,-29],[-73,3],[-63,11],[-80,29],[13,32],[-61,27],[-58,11],[-6,17],[-4,13],[-9,23],[18,32],[6,7],[14,16],[-2,3],[-9,16],[-15,22],[-10,17],[-9,12],[-5,7],[-5,9],[-6,8],[-12,18],[-12,19],[-10,14],[58,43],[24,15],[35,22],[31,19],[26,16],[21,12],[31,23],[118,70],[207,94],[116,65],[33,12],[46,32],[106,63],[21,13],[-4,214],[-66,35],[43,53],[31,29],[10,9],[53,21],[17,37],[-83,90],[1,64],[-39,18],[-42,30],[-142,-43],[-51,43],[-43,20],[1,41],[-27,55],[84,59],[-22,50],[33,31],[-24,29],[-2,65],[2,70],[-59,12],[-121,13],[-48,-38],[-50,-23],[13,-110],[-30,-3],[-14,-68],[-126,-25],[-89,17],[-92,59],[-6,5],[57,247],[282,127],[324,-28],[352,392],[30,99],[296,-91],[138,136],[49,71],[336,84],[61,44],[65,-12],[224,56],[194,68],[119,-112],[100,-44],[28,-281],[26,-182],[72,-178],[119,-169],[202,-71],[63,-61],[300,-121],[125,-11],[125,-49],[206,-27],[167,-80],[128,-180],[162,-53],[112,-110],[110,20],[26,-57],[68,-114],[42,-36],[30,-13],[31,-4],[44,7],[40,26],[47,54],[56,68],[23,25],[24,14],[83,-19],[68,-17],[42,44],[42,45],[28,34],[29,44],[120,139],[155,126],[68,22],[92,30],[60,20],[143,30],[101,29],[48,-56],[97,56],[128,-19],[144,55],[153,51],[-67,96],[139,217],[-167,140],[108,172],[43,15],[54,19],[15,41],[46,107],[-56,97],[-162,142],[58,109],[-61,25],[-27,-7],[-47,-12],[-27,12],[38,57],[64,73],[31,131],[158,123],[61,92],[32,49],[-231,43],[-83,16],[-84,131],[-218,-8],[-157,39],[17,64],[107,138],[111,143],[84,35],[12,106],[56,55],[-167,3],[-49,28],[-225,18],[-115,65],[-28,92],[5,81],[21,69],[-98,112],[132,75],[34,45],[92,5],[264,16],[123,48],[133,5],[-18,-41],[-5,-11],[-31,-31],[-25,-38],[-8,-48],[3,-16],[58,-2],[181,6],[56,-73],[134,-13],[148,95],[165,30],[-22,57],[327,126],[-27,64],[156,28],[102,-13],[47,45],[37,77],[-100,357],[-58,14],[-72,57],[-41,202],[-25,99],[-37,87],[-56,131],[90,62],[18,45],[136,113],[129,93],[238,2],[112,34],[-1,14],[-5,43],[201,57],[76,3],[61,10],[48,-63],[121,48],[72,-41],[26,-67],[101,-19],[16,-194],[107,-11],[56,-30],[276,20],[55,33],[156,-69],[126,70],[41,24],[32,185],[-12,71],[30,31],[156,52],[106,64],[88,-44],[258,-32],[260,42],[333,261],[174,136],[103,89],[133,118],[270,289],[401,368],[138,222],[356,285],[217,163],[7,57],[83,14],[14,-60],[29,16],[136,72],[28,54],[123,-123],[7,-174],[88,5],[208,12],[5,-158],[74,-192],[33,-53],[102,16],[43,-50],[542,-197],[-26,-88],[107,-22],[141,-5],[108,7],[78,17],[-7,54],[206,83],[157,113],[39,55],[14,125],[11,90],[274,268],[-67,30],[42,69],[56,92],[6,126],[-40,53],[138,128],[178,26],[85,-90],[156,-114],[28,-97],[69,-41],[156,-94],[182,-36],[-7,-41],[191,-21],[-8,-56],[71,-5],[265,-13],[11,298],[30,117],[16,50],[38,19],[32,16],[24,11],[16,7],[15,127],[104,85],[102,-25],[11,-3],[305,-89],[136,12],[55,-18],[155,14],[33,54],[7,268],[260,179],[153,24],[125,-33],[124,82],[-19,84],[43,49],[-49,147],[58,335],[129,85],[62,253],[86,149],[72,56],[-21,72],[118,36],[103,38],[35,-51],[261,45],[25,-70],[16,-63],[9,-71],[1,-111],[-5,-197],[-22,-273],[1,-77],[2,-123],[37,-338]],[[80440,87601],[-76,-5],[-36,-2],[-43,-3],[-147,25],[-69,-14],[-99,-20],[-52,-32],[-383,-235],[-130,-55],[-269,-80],[-63,-18],[-72,-22],[-24,-51],[-34,-91],[-30,-67],[-8,-17],[-33,-45],[-21,-20],[-43,-27],[-55,-36],[-83,-56],[-42,-34],[-10,-8],[-1,-57],[-23,-47],[-70,-50],[-38,-16],[-136,-9],[-127,-3],[-87,0],[-32,0],[-130,1],[-127,11],[-63,7],[-68,7],[-4,-1],[-59,15],[-60,12],[-7,2],[-96,15],[-115,23],[-97,29],[61,164],[1,3],[21,100],[63,124],[-13,146],[71,174],[-7,26],[-18,61],[-79,74],[-245,175],[-176,135],[-25,25],[-91,89],[-242,235],[-48,37],[-275,61],[-369,7],[-161,64],[-174,74],[-282,181],[-346,110],[-57,0],[-167,-6],[-489,-154],[-57,-72],[-21,-26],[-61,-125],[-77,-139],[-61,-178],[-28,-72],[-62,-240],[-16,-129],[19,-47],[-105,-54],[-15,-12],[-9,-6],[-2,-22],[5,-39],[-20,-47],[-28,-13],[-43,-4],[-30,-3],[-4,-3],[-29,-20],[-15,-32],[5,-16],[7,-25],[-8,-39],[-17,-19],[-13,-14],[237,-80],[159,-23],[82,-13],[25,-38],[92,-33],[69,-24],[104,-114],[-111,-66],[-6,-28],[-6,-34],[-33,-26],[-59,19],[-173,-1],[-595,110],[-244,68],[-232,47],[-133,89],[-9,222],[-61,168],[0,29],[85,4],[70,41],[96,49],[36,69],[-203,228],[-46,36],[-212,170],[-34,27],[-60,34],[-187,94],[-150,111],[-91,60],[-102,-34],[-197,-56],[-110,-25],[-143,-73],[-127,-20],[-150,-108],[-23,-64],[-48,-23],[-41,93],[23,34],[169,70],[-9,40],[-100,-39],[-55,-22],[-263,132],[-47,-20],[-78,69],[-55,115],[-62,53],[1,50],[2,42],[-87,19],[44,160],[36,36],[48,48],[51,51],[29,38],[102,135],[27,129],[-12,86],[-40,-11],[-104,77],[-36,-7],[-141,-43],[-41,-21],[-43,-7],[-32,6],[-62,29],[-16,0],[-7,-2],[-38,-7],[-35,-2],[-31,10],[-42,24],[-43,17],[-73,8],[-45,-1],[-59,-2],[-28,14],[-52,40],[-29,28],[-88,47],[-61,46],[-110,61],[-107,46],[-11,10],[-60,24],[-33,-33],[-28,-28],[-162,-24],[32,-141],[-38,-20],[-414,163],[-52,11],[-107,113],[-28,-2],[-60,-4],[-231,90],[-171,6],[-12,-28],[-13,-49],[-26,-27],[-5,-4],[34,-44],[66,4],[126,-43],[126,-164],[-71,-45],[-85,-55],[-31,-52],[-67,-1],[-18,73],[-61,52],[-56,-9],[5,-33],[-3,-35],[-22,-37],[-33,-12],[-49,-5],[-52,6],[-94,28],[-25,11],[-62,26],[-63,33],[-64,81],[-24,26],[-34,11],[-56,-4],[-45,-20],[-12,-26],[4,-25],[29,-34],[45,-53],[22,-26],[42,-58],[3,-20],[0,-35],[-13,-31],[-45,-29],[-28,-4],[-22,2],[-20,22],[-21,41],[-32,52],[-46,14],[-31,42],[-109,31],[-163,-258],[57,-97],[82,-61],[82,-21],[32,68],[56,3],[100,8],[86,11],[50,12],[39,40],[51,56],[15,26],[21,16],[20,1],[19,-3],[31,-22],[16,-10],[37,-35],[7,-33],[-10,-24],[-19,-15],[-97,-43],[-45,-23],[-13,-23],[13,-62],[11,-33],[-115,-45],[-49,-132],[-130,-67],[-247,-59],[-146,57],[-195,-105],[-110,-37],[9,-37],[-261,-165],[-123,-60],[-86,-66],[-38,-101],[-6,-104],[134,-235],[39,-98],[15,-113],[132,-9],[73,15],[209,-12],[266,-29],[127,-67],[122,-69],[85,-49],[44,-31],[15,-97],[24,-158],[-20,-66],[9,-243],[-99,-104],[-133,-155],[-133,-14],[-126,-15],[-118,41],[-35,12],[-31,30],[-160,12],[-28,45],[-72,1],[-58,0],[-11,-30],[-186,-96],[-69,34],[-136,-173],[-19,-50],[-36,-90],[77,-71],[54,10],[2,-48],[-155,-101],[35,-55],[35,-57],[60,-42],[157,-55],[72,-18],[63,-4],[-24,-71],[145,-98],[-28,-358],[34,-49],[-58,-28],[34,-83],[17,-42],[9,-23],[-133,-127],[37,-276],[15,-302],[40,-332],[-101,9]],[[66297,83832],[-468,317],[-29,166],[-161,200],[-103,175],[-37,66],[-119,151],[-107,21],[-91,31],[-70,75],[-280,40],[-103,-21],[-65,-19],[-1,-45],[-81,-12],[-97,-15],[-34,-1],[-28,173],[-22,84],[-45,27],[-54,30],[-113,8],[-113,8],[-42,3],[-86,-18],[-34,-7],[-81,-123],[-147,7],[-12,26],[-18,43],[-54,124],[-74,-13],[-11,61],[-87,-9],[-91,-18],[-93,-20],[-5,-3],[-60,-20],[-64,-28],[-38,-39],[-44,-67],[-49,-44],[-34,-27],[-34,-27],[-42,-54],[-29,-31],[-33,-8],[-39,-3],[-33,-11],[-19,-26],[8,-39],[-3,-21],[-22,-19],[-38,-16],[-26,27],[-88,91],[-15,28],[-28,53],[-228,59],[-175,33],[-93,29],[-72,20],[-91,57],[-78,45],[-29,25],[-91,-93],[-98,-89],[-11,-49],[-2,-92],[-126,-42],[-89,-5],[-34,-56],[-386,58],[3,-117],[4,-147],[3,-81],[-23,-20],[-63,-86],[29,-46],[131,-26],[77,-96],[28,-136],[-13,-37],[-29,-80],[-74,-32],[-24,-79],[15,-47],[6,-34],[48,-16],[30,4],[76,32],[49,-137],[36,-114],[-14,-6],[-235,-116],[-69,-122],[-250,-91],[-66,41],[85,83],[-5,37],[-5,58],[-9,18],[-31,27],[-56,106],[-23,51],[8,98],[10,39],[16,27],[25,30],[13,28],[1,22],[-13,13],[-82,11],[-42,8],[-50,-4],[-62,-15],[-9,-15],[7,-15],[26,-15],[38,-22],[29,-27],[13,-34],[3,-23],[-14,-34],[-41,-33],[-30,-12],[-52,-9],[-60,12],[-89,24],[-50,34],[-19,22],[-42,121],[-32,25],[-46,8],[-30,-3],[-51,-9],[-46,1],[-53,29],[-36,16],[-90,36],[-56,6],[-47,-6],[-30,-13],[-23,-20],[-11,-44],[15,-39],[48,-49],[78,-35],[72,-29],[25,-30],[-9,-44],[-31,-35],[-37,-25],[5,-3],[46,-38],[18,-47],[-5,-13],[-5,-21],[-16,-48],[9,-54],[11,-47],[4,-67],[-17,-75],[-12,-37],[-26,-77],[3,-12],[5,-24],[45,-30],[27,-19],[23,-38],[17,-42],[5,-25],[6,-25],[51,-75],[52,-45],[70,-50],[121,-10],[35,-45],[117,-29],[-9,-22],[63,3],[31,-11],[17,-21],[-2,-30],[3,-37],[-17,-21],[-44,-54],[-55,-58],[-55,-67],[-44,-51],[-54,-29],[-60,-31],[-44,-44],[-27,-55],[-17,-48],[-52,-38],[-38,-37],[-53,-58],[-19,-21],[-1,-16],[6,-26],[-7,-29],[-20,-25],[-29,-19],[-8,-24],[-5,-15],[-2,-9],[-6,-24],[-13,-22],[-52,-19],[-55,-24],[-43,-8],[-38,-10],[-35,-27],[-5,-37],[23,-47],[42,-55],[31,-28],[6,-24],[-11,-28],[-5,-15],[-10,-32],[-20,-54],[-65,-48],[-96,-78],[-51,-46],[-16,-50],[6,-44],[44,-44],[44,-11],[17,-13],[5,-31],[-10,-32],[9,-24],[-95,-23],[-83,-94],[-81,39],[-148,77],[-181,108],[-87,52],[-165,99],[-287,-30],[-134,51],[-213,47],[-78,-36],[-57,-5],[-93,6],[-50,29],[-49,35],[-44,38],[-4,54],[-133,48],[5,219],[-123,57],[-125,40],[-103,16],[-238,5],[-11,115],[-70,41],[-11,68],[5,49],[-12,42],[-4,47],[-18,48],[-19,50],[4,33],[26,27],[6,36],[-12,45],[-1,7],[-10,52],[-27,38],[-74,141],[-70,227],[30,97],[-99,38],[9,54],[92,86],[100,93],[-52,33],[-32,19],[-31,19],[-23,2],[-27,-1],[-23,-12],[-8,-9],[-27,-27],[-27,-16],[-43,-10],[-40,4],[-48,12],[-34,29],[-25,28],[-10,13],[-19,0],[-95,-25],[-77,-35],[-34,-2],[-27,3],[-20,11],[-24,16],[-23,30],[-29,48],[-24,71],[-17,64],[-24,65],[76,-31],[57,-6],[88,-25],[46,-13],[20,4],[21,8],[7,16],[-3,17],[-18,20],[-2,15],[-3,23],[-12,24],[-37,48],[-30,39],[-6,19],[8,22],[21,26],[10,10],[11,21],[-3,14],[-20,14],[-2,15],[12,9],[17,0],[23,-13],[65,-43],[28,-19],[21,-2],[23,8],[118,72],[4,20],[-7,31],[4,16],[22,10],[11,20],[-1,21],[204,-54],[108,-53],[212,40],[225,64],[8,76],[6,57],[-82,26],[-53,84],[45,32],[-65,52],[-67,56],[-50,33],[-50,73],[44,34],[67,58],[44,23],[8,16],[4,12],[10,8],[17,1],[43,11],[26,6],[4,17],[-8,42],[-1,16],[13,12],[11,3],[7,1],[19,0],[18,-2],[15,7],[2,19],[-2,30],[15,49],[7,22],[27,32],[6,23],[21,38],[14,3],[15,8],[10,55],[-2,27],[-11,10],[-17,3],[-13,7],[-7,17],[-6,16],[-23,16],[-19,6],[-8,12],[7,16],[22,67],[-6,16],[-19,15],[-19,6],[-16,11],[-4,9],[-8,13],[-20,13],[-36,20],[-13,23],[-1,15],[24,63],[7,47],[-3,22],[-10,18],[-9,20],[-19,14],[-17,45],[-9,38],[3,27],[29,31],[44,58],[6,43],[0,30],[17,60],[14,34],[9,41],[-2,32],[-18,22],[-1,26],[17,20],[46,26],[43,14],[16,5],[43,45],[-32,82],[-264,42],[-355,98],[-64,-11],[-73,166],[21,135],[-89,72],[-43,168],[48,58],[-52,76],[-78,-36],[-178,176],[-139,161],[-82,73],[-35,53],[-352,536],[-27,52],[-36,72],[-13,79],[-9,59],[-12,86]],[[55444,88313],[97,19],[75,101],[4,116],[152,68],[13,-83],[207,-1],[107,116],[204,27],[125,-3],[25,-41],[105,11],[34,27],[420,-18],[62,6],[105,79],[107,132],[337,62],[-59,114],[97,-21],[109,51],[70,3],[157,175],[104,-2],[126,-29],[21,51],[343,-66],[165,-6],[-76,115],[36,134],[15,87],[-6,90],[106,-66],[-16,-124],[340,229],[205,109],[183,91],[315,88],[156,106],[68,19],[226,-145],[29,-19],[15,-5],[101,10],[95,9],[129,-83],[331,-71],[257,-111],[128,-12],[68,28],[56,38],[42,40],[60,13],[26,2],[33,2],[58,-3],[34,16],[23,11],[5,7],[32,41],[5,56],[-6,29],[-4,22],[-15,69],[-9,60],[-2,7],[3,20],[5,44],[59,55],[19,35],[8,13],[0,56],[-24,50],[-50,43],[-42,49],[-36,61],[-6,41],[4,12],[5,14],[3,8],[14,37],[40,60],[57,35],[24,13],[36,18],[65,12],[42,27],[24,32],[-2,44],[-13,34],[-6,52],[10,25],[11,28],[1,4],[6,9],[3,6],[4,6],[5,7],[15,26],[50,24],[58,-4],[26,-11],[30,-13],[48,-1],[26,15],[20,12],[42,40],[49,30],[42,29],[62,7],[43,-1],[39,-10],[12,-3],[50,-1],[9,0],[39,15],[18,7],[16,45],[86,39],[150,-41],[169,17],[81,-2],[60,-40],[284,33],[184,-20],[18,2],[156,20],[34,67],[352,-127],[68,-25],[10,20],[14,30],[-51,46],[88,-6],[39,13],[35,12],[33,28],[40,35],[47,50],[25,39],[6,46],[-26,46],[-41,62],[-5,8],[-26,54],[-31,76],[-15,62],[-5,20],[-1,94],[-6,56],[-1,10],[16,57],[45,37],[81,24],[92,12],[89,8],[91,-12],[59,-28],[50,-71],[60,-103],[59,-64],[11,-8],[73,-73],[21,28],[21,29],[37,64],[18,77],[16,68],[0,118],[16,131],[5,43],[26,96],[50,71],[48,52],[4,35],[-17,71],[-50,23],[-30,42],[7,38],[-52,32],[-9,30],[-63,81],[-63,30],[-22,22],[47,103],[-17,53],[-33,40],[157,130],[32,48],[-106,75],[-26,40],[-81,-8],[-89,-8],[-99,21],[-49,41],[-40,49],[-153,58],[-66,89],[15,85],[-78,80],[225,20],[46,-79],[35,-20],[36,-9],[36,6],[19,22],[17,7],[12,9],[45,11],[33,-12],[23,-12],[41,-2],[39,14],[41,9],[54,22],[53,36],[109,60],[156,19],[97,14],[161,44],[350,97],[117,110],[107,104],[46,46],[-4,167],[129,30],[172,-43],[16,205],[7,86],[5,55],[242,108],[67,30],[91,80],[60,69],[60,70],[109,153],[219,-124],[97,-42],[182,-9],[228,-10],[298,-120],[173,-51],[125,51],[48,32],[-62,58],[-15,117],[-230,30],[-59,65],[-9,46],[28,32],[135,82],[83,22],[66,-1],[58,49],[163,92],[-81,35],[-161,212],[-113,21],[-83,52],[-55,109],[-244,97],[17,55],[132,160],[40,188],[205,140],[43,93],[-240,435],[22,199],[124,85],[163,324],[-68,118],[-263,93],[-79,56],[-231,-24],[75,364],[-54,25],[-115,51],[-293,93],[-14,103],[288,101],[256,-32],[79,42],[171,85],[117,-74],[166,104],[97,37],[168,122],[359,186],[199,271],[205,279],[288,123],[426,-73],[47,-18],[128,-36],[66,-52],[151,-11],[36,73],[235,-340],[401,-224],[304,35],[23,-46],[54,17],[28,-137],[120,42],[-17,35],[163,131],[35,21],[42,-4],[78,-43],[33,-51],[97,-154],[0,0],[-31,-73],[-106,-117],[-59,-65],[-20,-22],[-200,-220],[-86,-162],[-46,-126],[-89,-34],[5,-23],[-111,-43],[-19,-55],[94,-201],[-22,-73],[-96,-263],[-58,-41],[-61,-43],[-130,-211],[56,-61],[-12,-151],[23,-80],[40,-135],[31,18],[21,-9],[107,-49],[102,-25],[105,-26],[302,-112],[78,6],[42,3],[50,-19],[62,-24],[401,-35],[71,25],[155,5],[88,38],[43,36],[37,-45],[72,-90],[12,-15],[15,-14],[24,-12],[88,-27],[59,-14],[34,-4],[28,4],[44,8],[46,6],[35,1],[3,0],[9,-1],[23,-2],[33,-7],[23,-9],[22,-15],[19,-22],[13,-20],[11,-19],[19,-32],[27,-45],[17,-52],[21,-143],[5,-26],[3,-13],[3,-11],[3,-23],[8,-50],[52,6],[39,6],[53,-12],[78,-19],[64,-15],[3,-191],[-43,-74],[179,-102],[142,-246],[8,-11],[74,-49],[70,-46],[63,-122],[81,-29],[34,-12],[43,-15],[139,-5],[22,-1],[43,-13],[45,-71],[127,-30],[71,10],[105,-9],[120,9],[57,11],[21,28],[17,23],[83,29],[180,14],[71,15],[95,60],[301,-36],[159,-94],[149,10],[31,22],[130,94],[39,28],[118,-46],[28,-19],[27,-18],[88,-60],[35,-50],[92,-51],[50,-119],[7,-29],[9,-67],[-7,-58],[-34,-47],[8,-44],[13,-41],[86,-53],[80,-23],[66,-56],[158,32],[37,-38],[-35,-48],[-40,-96],[-102,-92],[72,-113],[33,-69],[3,-6],[-43,-56],[15,-164],[-90,-96],[-19,-89],[-46,-88],[-13,-25],[52,-17],[24,-21],[24,-82],[12,-73],[-36,-233],[7,-107],[-41,-96],[-137,-105],[-59,-71],[-40,-28],[-20,-195],[-1,-124],[63,-162],[1,-15],[1,-31],[2,-38],[11,-33],[13,-41],[-14,-21],[-31,-47],[-153,-23],[106,-155],[44,-96],[3,-21],[5,-27],[18,-107],[17,-95],[38,-39],[151,-176],[174,-95],[97,-167],[129,-106],[86,-25],[-42,-46],[87,-25],[49,-50],[315,-127],[107,-46],[118,-51],[43,-38],[101,-158],[3,-3],[274,-287],[74,-71],[23,-27],[14,-16],[14,-16],[5,-3],[11,-7],[191,-132],[37,-29],[30,-33],[53,-62],[38,-37],[24,-28],[22,-30],[27,-34],[31,-24],[128,-62],[259,-126],[103,-77],[87,-99],[81,-91],[33,-246],[23,-142],[10,-110],[3,-44],[37,-84],[8,-79],[-8,-32],[-21,-94],[-85,-349],[-38,-154],[-10,-42],[22,-55]],[[77262,43858],[-62,-53],[-88,-68],[-146,-116],[-148,-101],[-93,-51],[-56,46],[-105,-54],[-104,-48],[-53,-18],[-61,-4],[43,-83],[67,23],[57,-81],[-101,-113],[38,-41],[-196,-96],[-20,-42],[-130,-65],[-344,-135],[-52,-223],[-81,-81],[26,-93],[42,-26],[49,-7],[75,-41],[82,-59],[15,-19],[63,-6],[-4,-44],[-5,-45],[-48,-105],[-7,-41],[-8,-45],[3,-89],[13,-95],[-93,-52],[23,-132],[52,-13],[48,-15],[19,-21],[17,-59],[-4,-51],[-7,-58],[0,-50],[3,-40],[-9,-60],[42,-33],[42,-84],[-109,-33],[-35,-13],[-24,-10],[-74,-35],[58,-39],[115,-77],[-49,-100],[-62,-83],[17,-57],[80,-68],[80,8],[-69,-71],[-23,-24],[-79,-17],[-25,-6],[-47,-25],[-135,-40],[-123,-7],[-82,-17],[-69,-51],[-28,-28],[-6,-39],[-82,-109],[-57,-70],[125,-116],[35,-40],[14,-16],[17,-23],[-12,-41],[-68,-18],[-80,-9],[-64,11],[-44,16],[-137,105],[-45,23],[-33,-6],[-24,-4],[-9,-2],[-72,-45],[3,-24],[5,-34],[-2,-71]],[[74837,39766],[-54,19],[-4,31],[-103,-34],[-73,131],[-45,37],[-44,70],[15,11],[29,26],[-70,47],[26,60],[87,56],[-2,41],[-78,-3],[-41,-31],[-41,-39],[-358,-129],[-208,0],[-350,-48],[-163,-56],[-45,28],[-43,27],[-52,142],[-60,69],[-54,73],[-84,157],[-85,-2],[-88,-22],[-19,-26],[-35,-37],[-100,-57],[-54,-26],[-35,-8],[-74,3],[-149,4],[-69,-12],[-51,0],[-54,-57],[-47,-24],[-73,-16],[3,-128],[64,-184],[-108,112],[-103,13],[-112,-8],[-67,-14],[-38,-8],[-117,-49],[-87,-70],[-64,-72],[-12,-15],[-426,150],[-303,90],[-110,47],[-220,38],[-156,-21],[71,-44],[33,-171],[-242,-17],[-76,3],[-22,117],[-62,-7],[-118,-144],[-86,-43],[-111,-32],[-26,113],[-112,-41],[-114,-7],[-31,253],[70,-34],[58,-11],[-185,388],[-161,-62],[-30,24],[50,57],[-14,6],[-75,-15],[-26,-18],[-56,-72],[-27,-22],[-56,-21],[-67,-33],[-53,-33],[-40,-53],[-50,-29],[-9,-60],[19,-34],[47,-23],[75,-171],[81,-95],[98,-193],[71,-60],[-38,-29],[21,-69],[-101,-47],[-151,-103],[-42,-52],[-47,-37],[-91,-70],[-32,-29],[-63,-59],[-19,-24],[-54,16],[-58,14],[-37,-114],[-17,-39],[-28,-39],[-82,-60],[-146,-88],[-142,-72],[-27,-52],[-97,-65],[-87,-74],[-190,-135],[-30,31],[-34,33],[-183,-136],[92,-25],[-120,-146],[17,-68],[-61,-91],[55,-97],[108,-79],[62,-54],[-40,-110],[86,11],[21,-62],[70,-202],[28,-81],[47,9],[86,-184],[-99,-49],[-64,-68],[-64,-80],[-12,-65],[-34,-39],[-68,-62],[-59,-117],[-14,-16],[-39,-43],[-40,-44],[-40,-47],[-50,-54],[-55,-37],[-22,-104],[107,-159],[-19,-33],[41,-46],[-22,-83],[-10,-80],[-27,-77],[-74,-76],[-116,-88],[-167,-86],[-36,-28],[-27,-39],[-36,-104],[-13,-134],[-54,-127],[-247,-21],[-148,-12],[35,-55],[142,-199]],[[66402,34718],[-66,-47],[-190,-32],[-148,-78],[-50,-80],[-20,-12],[-132,-106],[-105,-74],[-168,-84],[-38,-9],[-116,-84],[-50,-36],[-70,16],[-64,-5],[-187,-15],[-145,-96],[-63,-55],[-41,-42],[-21,12],[-47,22],[-58,12],[-61,8],[-26,7],[-18,5],[-55,25],[-29,41],[-19,29],[-17,26],[-6,48],[-9,44],[-21,40],[-1,4],[-16,37],[-28,25],[-10,34],[-19,65],[71,1],[121,89],[37,27],[23,51],[16,37],[11,23],[-87,32],[-25,151],[16,68],[12,46],[53,43],[183,90],[205,49],[-50,18],[-27,251],[8,39],[74,37],[40,21],[49,43],[30,27],[48,-2],[106,-3],[-4,16],[-4,11],[-14,48],[-23,11],[-83,42],[-281,155],[-19,56],[42,94],[-41,23],[-48,26],[49,60],[35,42],[-33,22],[-55,37],[58,25],[22,10],[-19,40],[-46,98],[52,2],[104,5],[81,-23],[55,53],[9,30],[6,21],[115,-7],[1,111],[-94,1],[-57,43],[-192,180],[-22,24],[-25,25],[-71,86],[-64,160],[-11,36],[-1,28],[-55,87],[-36,24],[-35,-1],[-134,-105],[-69,-43],[-140,-196],[-65,-78],[-121,-151],[-34,-101],[-68,-65],[-124,-47],[-53,-19],[-135,-46],[-38,-13],[-140,-8],[-93,20],[-206,-21],[-189,106],[-246,-63],[-176,-45],[-67,-13],[-169,-103],[-155,-112],[-168,73],[-105,109],[15,15],[26,24],[-122,43],[-186,-55],[-54,28],[4,35],[2,19],[-83,38],[-261,121],[-170,-39],[-289,-90],[-60,-6],[-108,28],[-39,51],[-52,71],[-70,64],[-130,70],[-102,23],[5,36],[-131,1],[-85,0],[-30,123],[14,17],[129,147],[-180,-24],[-73,36],[1,108],[-12,60],[-54,-19],[-21,32],[-10,14],[-10,-6],[-38,-23],[-35,-2],[-21,27],[5,40],[66,153],[-49,91],[-140,37],[101,239],[-102,-33],[-27,54],[-239,-200],[-119,-68],[-30,-17],[-173,-37]],[[58866,37507],[-208,11],[-139,7],[-92,2],[-46,64],[-129,24],[-96,-93],[-337,-138],[-167,-68],[-91,-58],[7,111],[-31,103],[-40,47],[-39,75],[-52,98],[-20,95],[324,151],[66,52],[-73,101],[-106,-50],[-46,56],[86,62],[-89,98],[-15,16],[-130,292],[-84,130],[-114,138],[-18,106],[-80,100],[-153,86],[-179,100],[-160,-87],[-56,15],[-56,163],[-82,241],[-224,-50],[-72,-93],[-81,-21],[-60,-16],[-108,-98],[-67,-60],[-118,-107],[-28,-24],[-81,-34],[-72,-71],[-44,-49],[-31,-34],[-76,63],[-77,47],[-228,164],[-42,29],[-85,86],[-32,71],[-43,61],[-97,70],[-65,50],[-16,-6],[-8,-2],[-9,-2],[-9,-1],[-19,1],[-26,0],[-97,5],[-66,2],[-29,-1],[-25,-1],[-5,41],[-16,120],[-73,40],[-94,51],[-36,19],[130,31],[60,14],[-3,41],[-4,50],[-3,40],[15,17],[41,49],[57,66],[20,173],[126,172],[224,36],[132,44],[130,129],[225,99],[47,-53],[120,279],[35,128],[-21,15],[-38,25],[47,31],[48,30],[14,289],[-103,94],[-176,75],[60,175],[-76,30],[-92,-79],[-55,-7],[-69,30],[-63,28],[-91,84],[-109,100],[-131,93],[-140,50],[-51,-2],[-37,-8],[-40,-6],[12,131],[-58,42],[-61,16],[-75,12],[-31,57],[-17,34],[-32,-12],[-54,-20],[-134,99],[-15,47],[-23,82],[-121,142],[198,85],[-30,47],[-19,49],[-38,63],[-35,47],[-57,32],[-135,80],[-60,40],[-30,33],[3,33],[10,35],[21,30],[26,44],[11,52],[-9,32],[-35,55],[-14,51],[-5,38],[-14,56],[-36,50],[-13,15],[-39,42],[-19,47],[-17,39],[-46,69],[-19,59],[23,24],[55,35],[34,20],[32,26],[30,43],[2,19],[0,10],[-20,29],[-36,15],[-55,19],[-36,13],[-22,1],[-52,5],[-18,16],[-10,58],[13,29],[25,12],[23,23],[3,26],[-20,15],[-68,19],[-24,15],[-29,67],[-14,29],[0,20],[16,11],[19,-5],[72,-30],[60,-36],[34,-5],[61,15],[41,10],[48,12],[42,16],[41,21],[26,23],[-1,23],[-28,16],[-40,3],[-73,-7],[-42,5],[-25,16],[-39,50],[-10,47],[11,22],[29,16],[41,-1],[60,-3],[48,-5],[48,5],[19,24],[-5,24],[-16,17],[-23,14],[59,112]],[[53690,45020],[237,122],[95,-7],[227,-15],[61,-195],[201,-106],[195,-37],[104,-28],[-131,-79],[6,-47],[5,-2],[54,-14],[-76,-96],[-88,-26],[-15,-5],[-1,-47],[74,-79],[122,-129],[316,238],[321,203],[197,116],[125,69],[172,86],[2,15],[6,60],[37,59],[147,84],[119,53],[60,64],[8,9],[153,70],[176,199],[26,-22],[44,-16],[42,2],[30,3],[49,6],[24,-4],[21,-8],[17,-7],[29,-23],[40,-40],[42,-58],[114,55],[64,-45],[52,-35],[69,-20],[58,-8],[56,-52],[66,-102],[38,45],[33,35],[53,25],[52,-33],[56,-35],[57,23],[62,35],[32,28],[38,41],[49,39],[55,17],[44,28],[17,27],[7,31],[19,41],[29,32],[50,23],[52,9],[41,28],[23,24],[29,35],[29,32],[35,23],[41,30],[50,39],[28,41],[14,31],[8,18],[32,39],[52,52],[55,52],[65,40],[62,33],[62,38],[46,28],[4,3],[71,54],[111,159],[124,121],[43,79],[66,49],[86,37],[102,30],[108,55],[72,42],[41,32],[8,10],[36,109],[1,42],[14,29],[53,24],[45,-28],[57,-14],[4,-1],[58,-3],[74,5],[51,13],[53,11],[56,9],[70,6],[48,-3],[57,0],[43,11],[47,22],[35,17],[48,3],[66,4],[62,9],[55,11],[33,15],[23,10],[44,25],[38,17],[30,14],[51,26],[4,3],[54,42],[48,56],[40,55],[15,21],[32,44],[29,49],[69,84],[33,39],[20,35],[16,11],[20,-2],[20,4],[39,30],[40,32],[21,18],[10,9],[29,41],[30,43],[26,39],[16,23],[23,19],[39,26],[49,27],[49,26],[42,20],[54,36],[30,39],[38,38],[54,36],[93,43],[92,30],[58,16],[49,21],[59,38],[85,44],[76,27],[59,24],[66,28],[48,17],[85,30],[100,37],[35,19],[31,16],[51,35],[35,34],[24,35],[40,34],[62,43],[49,35],[56,36],[47,37],[12,18],[11,14],[22,40],[29,47],[24,26],[12,12],[31,9],[42,-1],[54,-10],[69,-16],[77,-17],[36,-4],[21,-8],[22,-18],[41,-38],[84,-25],[67,-19],[38,-18],[35,-17],[58,-20],[56,-19],[64,-24],[32,-26],[41,-47],[8,110],[130,152],[171,150],[105,91],[57,67],[1,51],[-17,51],[-39,56],[-124,122],[-8,78],[21,253],[19,79],[104,-7],[29,50],[22,41],[52,46],[67,52],[33,27],[36,19],[29,15],[24,22],[13,13],[25,15],[-46,116],[-36,78],[-7,104],[10,86],[-68,43],[65,77],[125,49],[6,4],[150,115],[178,153],[82,28],[90,47],[116,12],[50,21],[378,62],[145,-2],[167,46],[185,-7],[-13,40],[-4,14],[-42,51],[-48,47],[-43,29],[-13,6],[-23,53],[-26,44],[-54,56],[-59,41],[-72,75],[-24,12],[-43,11],[-37,8],[-33,24],[-13,37],[-14,42],[-8,35],[-11,30],[-12,24],[-28,26],[-31,20],[-44,21],[-40,14],[-44,17],[-28,17],[-28,29],[-31,11],[34,59],[4,41],[3,38],[-7,24],[-4,33],[-1,27],[1,5],[7,21],[85,-17],[196,7],[122,-28],[132,-25],[160,-30],[34,18],[27,15],[21,-15],[58,-40],[50,-57],[155,-11],[179,-12],[49,-3],[70,-6],[96,29],[49,-10],[98,-20],[30,10],[55,19],[42,-6],[42,-6],[17,20],[22,25],[14,46],[174,-22]],[[67708,52238],[62,37],[130,20],[108,-50],[71,-34],[75,-1],[33,0],[40,-27],[43,-29],[105,-41],[35,0],[136,-3],[69,-28],[33,-31],[52,-50],[11,-36],[27,-31],[-2,-50],[97,-120],[-15,-38],[10,-24],[35,-15],[107,17],[86,15],[25,4],[7,-42],[16,-93],[89,-153],[18,-37],[-1,-44],[-19,-53],[-17,-26],[126,-263],[31,-62],[273,-197],[58,-15],[116,-31],[189,-49],[373,-211],[221,-200],[50,1],[150,3],[89,-56],[127,-29],[199,-44],[13,-34],[2,-41],[21,-43],[25,-16],[39,-18],[20,-12],[48,-256],[-125,-9],[-405,-9],[-173,-8],[6,-315],[-11,-48],[104,-7],[-99,-70],[-130,-67],[191,-53],[97,-62],[26,-40],[77,1],[-4,-66],[60,-21],[85,16],[68,27],[108,57],[53,26],[82,50],[132,49],[136,44],[180,39],[174,34],[92,28],[90,27],[62,55],[78,37],[75,-7],[175,-60],[94,8],[110,-10],[96,-21],[-6,-71],[167,-87],[142,45],[99,1],[-37,-43],[-25,-27],[91,-59],[33,-65],[169,-8],[146,69],[183,-103],[206,-72],[57,-42],[142,-96],[321,15],[-2,-51],[7,-52],[5,-74],[10,-66],[1,-9],[5,-56],[1,-40],[1,-18],[-10,-42],[-14,-33],[-8,-42],[11,-37],[14,-17],[9,-10],[33,-26],[41,-41],[17,-39],[7,-41],[23,-36],[27,-34],[25,-30],[34,-19],[42,-19],[84,-32],[66,-26],[38,-13],[30,-16],[21,-22],[8,-21],[0,-30],[-6,-24],[-26,-33],[-46,-52],[-40,-59],[-6,-30],[1,-29],[11,-34],[20,-32],[31,-26],[30,-17],[26,-6],[33,-5],[46,-9],[20,-19],[20,-24],[12,-18],[1,-25],[-2,-28],[-1,-30],[2,-30],[7,-40],[3,-39],[12,-46],[7,-41],[20,-44],[22,-42],[19,-33],[16,-30],[16,-42],[10,-57],[7,-54],[3,-63],[2,-45],[11,-53],[27,-63],[16,-24],[19,-29],[20,-20],[24,-36],[9,-36],[3,-42],[-8,-19],[-12,-24],[-21,-18],[89,-12],[375,-36],[179,-115],[69,64],[49,45],[134,-43],[57,22],[88,-71],[141,83],[249,-263],[-56,-35],[-61,-37],[52,-45],[184,-290],[140,-171],[56,-70],[113,-131],[76,-80],[46,-64],[49,-94],[31,-57],[-63,-37],[-90,-47],[-78,-51],[-56,-44],[8,-9],[5,-8],[0,-15],[4,-29],[2,-27],[8,-24],[20,-20],[24,-33],[8,-8],[-226,40],[-25,-72],[-20,-49],[-117,29],[-74,-214],[311,-39],[-2,-88],[143,-319]],[[58866,37507],[87,-90],[35,-30],[-38,-39],[-152,-176],[-22,-25],[-60,-121],[1,-81],[80,-100],[7,-23],[32,-99],[13,-50],[-11,-58],[-10,-65],[-29,-59],[0,-29],[15,-61],[122,-100],[78,-65],[-188,-141],[4,-47],[-156,-11],[-12,-15],[-35,-24],[-50,-23],[-139,-27],[-124,-23],[-19,39],[-25,48],[-83,-24],[-33,-2],[-54,9],[-91,18],[-38,2],[-75,-4],[-52,-8],[-66,-17],[-59,-26],[-36,-16],[-49,-10],[-57,0],[-39,7],[-79,21],[71,-113],[-142,32],[-70,10],[-147,18],[-6,48],[-8,52],[-71,3],[-66,-3],[-35,-49],[-4,-50],[-44,-3],[-80,-16],[-19,45],[-49,37],[-107,-36],[-74,-32],[-22,-17],[-35,-38],[-33,-50],[-61,-20],[-28,-53],[-442,77],[-153,-86],[-56,-35],[-50,-47],[-46,-30],[-49,-35],[-22,-20],[-1,-27],[20,-34],[37,-51],[15,-35],[5,-53],[-16,-36],[-27,-41],[-33,-15],[-56,-25],[-71,-19],[-60,-22],[-48,-31],[-20,-25],[-26,-49],[-4,-25],[-7,-33],[-10,-36],[-18,-25],[-32,-27],[-43,1],[-27,8],[-40,-8],[-37,-15],[-36,-27],[-37,-38],[-41,-33],[-62,-23],[-64,-23],[-57,-16],[-6,-38],[2,-53],[-2,-50],[0,-72],[20,-6],[24,-16],[4,-30],[-13,-29],[-17,-31],[-11,-44],[7,-48],[18,-31],[41,-21],[38,-5],[63,-18],[48,-17],[33,-26],[28,-26],[23,-35],[18,-43],[25,-22],[18,-40],[-9,-30],[-22,-30],[-10,-27],[0,-33],[10,-43],[18,-39],[20,-33],[38,-30],[36,-24],[38,-42],[21,-40],[-3,-32],[-18,-20],[-41,-12],[-45,-11],[-42,-17],[-11,-21],[13,-24],[24,-18],[38,-26],[34,-34],[13,-36],[3,-33],[15,-38],[16,-44],[16,-41],[7,-41],[5,-43],[5,-44],[-1,-33],[0,-50],[20,-26],[67,-27],[46,-30],[36,-24],[27,-13],[53,-12],[45,-8],[58,-4],[33,-11],[30,-24],[12,-39],[14,-27],[-61,8],[-36,-6],[-36,-15],[-27,-15],[-17,-16],[-11,-17],[-1,-14],[-5,-25],[-6,-28],[-21,-21],[-28,-20],[-22,-16],[-17,-29],[-12,-35],[-15,-34],[-10,-25],[1,-24],[-10,-22],[-24,-40],[74,-97],[-31,-81],[-22,-106],[24,-107],[32,-35],[43,-42],[-2,-23],[-30,-25],[-20,-18],[-45,-61],[-47,-89],[-128,-79],[-122,-20],[-47,22],[-110,3],[-45,-1],[-79,-3],[-69,36],[-34,19],[-13,52],[-84,-24],[35,-78],[87,-6],[-2,-47],[-82,-9],[-112,-79],[-50,53],[-67,19],[-92,8],[-31,40],[-49,-23],[-30,-13],[-70,-19],[-88,29],[87,89],[-27,43],[-99,-53],[-16,80],[-96,-20],[-13,23],[-17,27],[-82,-24],[-164,-30],[-52,8],[-117,43],[-22,6],[15,25],[24,41],[-116,-4],[-47,-3],[-84,40],[-38,27],[-156,128],[-42,-23],[51,-56],[-56,-13],[14,-81],[-6,-39],[-54,-1],[-81,-73],[-42,56],[-76,15],[-136,136],[-103,-68],[-152,-71],[-218,-13],[-13,-7],[-49,-56],[-96,-167],[-65,-83],[-72,-59],[-56,-14],[-70,-18],[-31,-17],[-57,-32],[-18,-32],[97,-60],[117,-71],[1,-66],[-259,19],[-104,-33],[6,-88],[-43,-69],[-63,17],[-91,-10],[-29,-14],[-32,-17],[-24,-114],[-57,-64],[-6,-93],[-112,1],[-73,-36],[-7,-7],[-18,-43],[-1,-34],[41,-1],[1,-78],[56,-20],[-16,-100],[-73,-85],[-84,-50],[-17,51],[-175,24],[-47,6],[15,-55],[18,-69],[-205,83],[-92,-107],[-31,-29],[42,-98],[189,-196],[-12,-31],[-60,-34],[-66,-4],[-64,36],[-8,4],[-36,23],[-35,-2],[-31,-2],[-68,0],[-70,24],[-71,1],[-86,1],[-71,-19],[-39,-29],[37,-34],[-36,-91],[-155,108],[-43,-40],[-27,-24],[-59,-41],[-149,-31],[-173,-22],[-76,4],[-176,-14],[-118,-38],[-80,-22],[-119,-15],[-36,-55],[-76,-53]],[[48594,29459],[-79,50],[-50,125],[0,28],[-10,108],[40,16],[-9,196],[29,49],[5,33],[-10,25],[-64,61],[-85,-1],[-76,-1],[-73,83],[71,57],[-61,156],[-70,64],[-95,64],[-56,66],[-13,86],[4,53],[25,64],[58,70],[58,65],[25,56],[19,54],[26,68],[30,52],[30,48],[-66,5],[-76,6],[-71,-7],[-94,-50],[-44,-44],[-4,-15],[-52,-177],[-58,-69],[-11,-5],[-149,-85],[-30,-44],[-18,-26],[-50,8],[-78,12],[-170,-11],[-135,-15],[-59,-33],[6,-73],[41,-38],[-45,-104],[-120,-19],[-88,-31],[-62,-22],[-120,25],[-134,-124],[-162,-38],[-92,10],[-134,15],[-108,12],[-127,14],[-34,27],[-105,82],[-11,9],[26,30],[71,119],[29,83],[52,86],[-73,53],[-62,41],[-33,42],[-162,20],[-259,-20],[-130,35],[-56,-54],[-103,-4],[-111,21],[-81,-73],[-51,16],[-2,147],[-15,42],[-58,23],[-45,10],[-34,21],[-55,95],[-75,33],[-207,93],[-81,-3],[-50,72],[-48,69],[73,5],[31,163],[62,174],[-4,160],[-53,64],[-212,-97],[-133,-5],[-164,76],[-250,211],[-49,26],[-57,14],[-53,10],[-34,1],[-66,-2],[-58,-8],[-36,-12],[-40,-17],[-17,-19],[-43,-80],[-24,-53],[-22,-25],[-32,-32],[-47,-27],[-68,-31],[-58,-18],[-113,-31],[-66,-14],[-62,-11],[-59,-9],[-65,-7],[-216,-14],[-264,18],[-169,86],[-98,-27],[-74,74],[-49,-8],[-41,16],[-137,13],[-9,108],[-47,55],[-7,110],[-55,59],[-76,5],[-18,-45],[38,-119],[-62,14],[-78,-1],[-66,33],[-113,12],[-49,-66],[-118,-145],[-55,9],[-34,84],[5,50],[-138,51],[44,89],[-68,80],[-138,240],[-6,38],[-93,73],[-52,54],[-37,39],[-100,99],[-29,37],[-163,290],[-166,149],[-61,54],[-157,136],[-128,52],[-163,27],[-64,5],[-377,136],[-442,178],[-124,56]],[[38217,34056],[169,154],[60,70],[353,181],[43,54],[81,50],[52,40],[49,64],[65,55],[80,100],[51,248],[-114,215],[-64,121],[-31,42],[-75,139],[-48,94],[82,58],[100,19],[182,7],[17,29],[-53,53],[76,65],[34,30],[315,-43],[126,52],[-152,195],[-490,282],[-226,149]],[[38899,36579],[64,74],[64,75],[173,215],[154,157],[112,97],[86,63],[246,180],[219,179],[28,29],[26,35],[54,67],[82,81],[48,52],[34,41],[31,46],[31,35],[51,43],[56,44],[66,40],[62,34],[-35,39],[-32,33],[36,27],[22,25],[19,21],[53,49],[60,45],[58,43],[56,38],[56,32],[60,36],[57,34],[79,36],[51,61],[234,247],[50,38],[41,60],[25,99],[80,211],[64,83],[76,60],[41,18],[119,51],[365,135],[97,117],[103,157],[68,109],[15,46],[-6,40],[-56,225],[-25,50],[-22,35],[-25,26],[-58,31],[7,89],[-17,81],[-19,94],[49,82],[35,52],[-2,88],[21,30],[240,169],[285,129],[114,75],[103,71],[41,38],[139,116],[61,57],[241,188],[60,79],[90,93],[196,138],[152,95],[89,43],[98,41],[37,30],[54,44],[33,38],[162,94],[363,240],[238,183],[229,188],[222,208],[38,34],[216,195],[105,87],[54,22],[232,86],[220,111],[233,186],[69,45],[362,212],[272,181],[560,337],[64,104],[-190,309],[-189,79],[-91,44],[-244,239],[-78,95],[-141,83],[-130,68],[-21,-86],[98,-86],[-126,-118],[-146,74],[-114,119],[84,43],[113,148],[-183,74],[-201,139],[89,55],[-141,136],[-111,71]],[[46336,46482],[132,73],[122,60],[219,123],[48,41],[11,6],[150,80],[45,46],[45,84],[157,-40],[125,-4],[119,-4],[40,-21],[116,-134],[106,30],[161,-27],[103,45],[-29,55],[128,59],[51,-1],[54,23],[152,66],[231,108],[149,66],[153,-256],[89,-149],[1,-132],[-109,-47],[-59,-25],[-30,-93],[-60,-183],[88,-23],[104,-36],[59,-36],[73,-23],[86,-4],[60,-4],[89,-43],[4,2],[225,202],[135,-46],[77,75],[77,-34],[113,22],[78,47],[32,52],[28,47],[103,75],[12,76],[144,66],[64,29],[13,24],[-86,37],[34,53],[24,49],[97,189],[62,81],[123,25],[188,37],[226,-93],[59,-152],[103,16],[311,49],[77,55],[27,-54],[94,70],[235,49],[-6,39],[71,-6],[-3,-61],[29,-6],[107,14],[64,-14],[170,-35],[190,-10],[9,34],[21,36],[23,19],[13,-107],[185,-65],[25,5],[86,15],[215,-14],[56,-81],[55,-77],[44,1],[158,7],[11,-40],[12,-45],[27,-97],[12,-18],[41,-61],[-176,-107],[123,-118],[86,-145],[19,-33],[-63,-51],[-112,-36],[-28,-84],[60,-6],[-50,-214],[-9,-57],[107,-85],[20,-105],[-68,-40],[-61,-36],[19,-14],[82,-63],[-10,-44],[21,-8],[13,-22],[2,-38],[-14,-51],[-19,-12],[-26,-7],[-39,-1],[-70,11],[-88,27],[-79,10],[-34,-6],[-38,-35],[8,-31],[17,-39],[58,-50],[40,-15],[35,5],[62,-3],[59,-7],[69,-3],[73,-45],[36,-57],[56,-8]],[[52990,60441],[-123,-14],[-67,-52],[-144,-118],[5,-39],[-189,-168],[-74,-96],[-45,-65],[40,-63],[-145,-81],[-30,-92],[40,-86],[60,-7],[187,74],[59,-75],[-92,-61],[15,-43],[-52,-27],[31,-24],[137,-35],[45,-3],[26,-16],[4,-20],[-11,-27],[9,-33],[16,-53],[-5,-51],[5,-52],[50,-38],[-8,-7],[-55,-70],[-107,-51],[19,-30],[-136,-93],[-261,156],[-210,43],[-23,-35],[-15,-22],[-110,-69],[-123,1],[-28,-18],[-62,-117],[-126,-49],[-99,-13],[6,21],[-18,22],[-59,9],[-70,5],[-27,12],[-7,19],[5,33],[24,29],[-7,10],[-15,-1],[-27,-7],[-45,-30],[-98,-51],[-77,-23],[-25,0],[-32,-2],[-43,-25],[-26,-7],[-42,-26],[-19,-25],[-29,-24],[-52,0],[-24,4],[-12,10],[-4,20],[-12,30],[-22,24],[-22,8],[-29,5],[-28,21],[-3,21],[-7,29],[-37,40],[-11,25],[-17,18],[-26,11],[-52,18],[-93,88],[-21,33],[43,36],[-56,49],[-101,12],[-18,-43],[10,-47],[-97,-66],[-346,-192],[-159,-221],[-229,-198],[-53,-47],[32,-10],[41,-9],[20,-6],[7,-18],[5,-10],[16,1],[22,4],[27,-1],[17,-14],[2,-24],[-12,-30],[-14,-24],[-19,-71],[2,-18],[30,-37],[59,-33],[27,-31],[17,-26],[22,-17],[25,2],[85,32],[18,13],[10,15],[1,23],[11,8],[26,6],[45,1],[14,-6],[0,-11],[-6,-18],[1,-23],[5,-39],[-10,-35],[-16,-20],[-25,-3],[-17,13],[-21,6],[-15,-7],[-4,-18],[14,-19],[27,-17],[77,-49],[38,-42],[13,-42],[-14,-40],[0,-29],[10,-28],[27,-30],[12,-41],[17,-12],[72,-18],[24,-4],[21,-15],[11,-21],[22,-17],[23,-19],[2,-22],[0,-58],[18,-37],[46,-33],[36,-12],[39,1],[26,17],[27,13],[29,-1],[47,-27],[56,-54],[12,-40],[-11,-54],[-9,-31],[1,-27],[8,-15],[30,-20],[50,-11],[23,4],[33,36],[36,26],[34,10],[62,5],[33,6],[35,14],[35,0],[29,-27],[43,-40],[29,-8],[46,-3],[44,1],[37,3],[6,16],[4,15],[16,10],[36,-1],[33,4],[28,-10],[3,-23],[-30,-15],[-19,-17],[1,-10],[17,-8],[27,-12],[55,-66],[25,-38],[47,-27],[25,-22],[38,-11],[25,3],[16,-3],[1,-12],[-10,-29],[7,-23],[27,-33],[45,-30],[68,-18],[41,-14],[28,-13],[11,-26],[3,-38],[-4,-24],[-25,-17],[-41,-17],[-36,-11],[-28,-43],[-83,-59],[93,-217],[-69,-60],[-62,-57],[-44,-82],[98,-150],[-26,-90],[17,-91],[-94,-77],[-39,-117],[-97,-19],[-17,8],[-63,30],[-114,5],[-116,-9],[-187,-53],[-31,52],[-95,159],[-74,51],[-143,27],[-146,-117],[36,-30],[105,-89],[229,-142],[120,-74],[42,-26],[120,-266],[28,-75],[42,-77],[64,-106],[138,-231],[123,-245],[116,-386],[30,-76],[56,-97],[83,-90],[47,-46],[70,-69],[19,-129],[98,-56],[120,-266],[-35,-159],[-241,-134],[-37,38],[-112,29],[-127,33],[-137,-39],[-158,46],[-25,-56],[-25,-54],[2,-21],[10,-26],[6,-44],[2,-39],[-6,-39],[-8,-56],[18,-33],[-218,-123],[-35,-18],[-42,-13],[-111,-39],[-64,-21],[-49,-58],[-37,-20],[-61,-33],[-44,-23],[-36,-18],[-9,-5],[-71,-18],[-52,-13],[-6,-1],[-50,-16],[-15,-4],[-49,-23],[-60,-29],[-53,-31],[-54,-30],[-52,-21],[-46,-10],[-47,2],[-37,6],[-32,12],[-19,10],[-6,4],[-37,4],[-41,-8],[-46,-20],[-33,-15],[-29,-7],[-10,-2],[-8,0],[-53,5],[-50,20],[-49,22],[-45,8],[-49,5],[-60,4],[-59,-1],[-71,5],[-7,1],[-19,-17],[-13,-13],[-9,-30],[-11,-24],[3,-56],[12,-39],[35,-28],[41,-33],[26,-41],[4,-48],[-20,-34],[-3,-5],[-14,-36],[16,-28],[29,-28],[18,-13],[17,-12],[20,-37],[60,-112],[-15,-42],[-17,-22],[-59,-71],[-22,-56],[63,-13],[-38,-69],[-36,-70],[-53,-97],[-118,-119],[-5,-4],[-172,17],[-258,26],[2,64],[-116,4],[-94,-21],[-36,28],[-18,58],[-13,44],[-68,20],[-109,31],[-84,34],[13,-55],[-21,-155],[-29,-39],[108,-98],[74,-32],[20,-53],[-50,-23],[-24,47],[-77,27],[-102,60],[-55,-11],[-57,-14],[-40,-54],[-55,2],[-23,-57],[28,-32],[-70,-50],[-44,22],[-40,78],[-60,-30],[46,-82],[84,-61],[17,-81],[49,-41],[-414,-121],[-11,-3],[-122,27],[-104,86],[-72,50],[-91,-47],[-45,-24],[-25,34],[-14,24],[-12,18],[-28,26],[-44,11],[-41,0],[-41,-5],[-42,2],[-194,67],[-52,16],[-57,21],[-133,48],[-26,48],[-124,-12],[-238,-29],[-176,-9]],[[45508,50600],[-7,6],[-68,48],[-32,25],[-25,20],[-11,12],[-6,5],[-9,12],[-10,41],[-10,28],[-16,22],[-35,32],[-46,33],[-36,32],[-34,21],[-27,21],[-15,20],[-11,25],[-18,25],[-23,24],[-27,16],[-26,21],[-29,25],[-22,28],[-6,25],[3,33],[13,37],[30,91],[-1,18],[104,138],[144,132],[-275,42],[-90,-42],[-61,40],[-120,78],[-195,15],[-215,16],[-68,35],[-150,78],[-234,91],[-124,-10],[-266,-73],[-177,-44],[-101,-13],[23,178],[-27,78],[-2,90],[-52,104],[-275,22],[-110,0],[-33,78],[28,160],[-53,66],[-105,32],[-86,84],[11,73],[15,180],[-55,85],[-42,111],[-15,31],[-115,229],[22,100],[-28,112],[-115,74],[-39,59],[-242,50],[-140,88],[-246,134],[-27,11],[-35,26],[-72,50],[-29,36],[-25,69],[-5,48],[15,36],[21,16],[43,15],[40,23],[17,15],[10,19],[-7,28],[-21,23],[-48,38],[-12,60],[-6,67],[0,71],[4,40],[7,32],[-11,38],[-13,30],[-16,14],[-21,-2],[-25,-7],[-42,-11],[-57,-6],[-18,6],[-32,13],[-26,25],[-17,34],[-16,54],[-9,67],[3,31],[26,25],[45,18],[51,4],[62,6],[27,7],[18,12],[15,27],[-40,44],[-22,44],[-29,56],[-56,142],[-27,-2],[-20,3],[-21,17],[-48,41],[-34,1],[-58,-5],[-63,-12],[-68,-4],[-70,1],[-50,12],[-19,14],[-21,28],[-2,22],[2,21],[19,39],[3,20],[-7,18],[-25,8],[-29,-5],[-20,-8],[-56,-14],[-51,-4],[-43,1],[-15,7],[-65,13],[-39,2],[-47,-6],[-58,-16],[-47,-21],[-44,-24],[-70,-20],[-64,2],[-35,12],[-44,21],[-39,51],[-3,31],[-7,33],[-11,9],[-47,7],[-59,21],[-70,43],[-25,7],[-23,-7],[-25,-21],[-18,-15],[-23,-17],[-34,-10],[-30,5],[-24,13],[-29,30],[-13,39],[-12,16],[-17,7],[-37,-2],[-52,-33],[-43,-10],[-54,-11],[-68,-30],[-36,-15],[-30,-13],[-29,-13],[-47,-5],[-40,6],[-62,26],[-99,-124],[-165,74],[-82,-22],[-60,6],[-56,-38],[-68,-43],[-47,5],[-210,48],[-41,45],[-38,-9],[-57,-5],[-54,44],[34,81],[-3,78],[-36,18],[6,57],[-30,12],[12,52],[-39,15],[-96,62],[-14,14],[-42,37],[-34,25],[-8,25],[-1,25],[-6,24],[-24,14],[-26,1],[-36,0],[-32,4],[-28,7],[-28,6],[-44,13],[-37,13],[-28,18],[-2,23],[27,13],[33,13],[14,15],[-5,28],[-34,11],[-41,22],[-37,22],[-20,21],[-35,22],[-30,-3],[-17,-15],[-9,-20],[1,-7],[11,-14],[20,-10],[22,-14],[33,-24],[28,-30],[-1,-23],[-20,-24],[-35,-13],[-39,6],[-56,17],[-60,26],[-20,33],[3,45],[26,32],[10,29],[-4,28],[-8,23],[2,17],[14,24],[4,29],[-13,18],[-25,11],[-24,-1],[-23,-7],[-19,-12],[2,-23],[1,-15],[-4,-11],[-9,-8],[-11,-1],[-12,9],[-5,12],[-15,13],[-21,13],[-17,7],[-24,0],[-29,-2],[-25,-1],[-32,-2],[-30,-8],[-31,-9],[-40,-10],[-68,-3],[-33,-4],[-25,-10],[-46,-23],[-76,-18],[-51,-21],[-32,-27],[-44,-11],[-49,-8],[-15,9],[13,46],[7,41],[8,37],[9,38],[-15,15],[-42,7],[-23,-12],[-20,-38],[-8,-17],[-31,-8],[-22,12],[-3,18],[-18,25],[-16,13],[-24,27],[-8,30],[9,25],[18,3],[27,1],[30,2],[27,9],[5,21],[-5,17],[-12,4],[-13,3],[-23,0],[-23,-1],[-26,12],[-10,15],[13,11],[18,13],[11,25],[-12,25],[-18,22],[-3,12],[-1,8],[-1,10],[22,12],[19,16],[-1,17],[-16,12],[-29,15],[-24,23],[-10,23],[-7,11],[12,18],[31,1],[8,1],[30,3],[4,11],[-7,22],[-11,8],[-18,6],[-15,18],[6,24],[30,62]],[[36174,57260],[29,65],[14,10],[96,-4],[28,19],[25,26],[3,12],[-6,11],[-25,-3],[-18,-2],[-11,-2],[-24,-4],[-23,-1],[-17,6],[-18,6],[-5,5],[-10,10],[-2,20],[1,22],[5,22],[-1,20],[-7,22],[-15,10],[-15,10],[-20,11],[-17,8],[-5,2],[-30,18],[-28,63],[-20,37],[2,27],[18,14],[37,-1],[25,-21],[17,-50],[45,-26],[66,-16],[70,10],[18,24],[3,28],[-7,15],[-17,-3],[-32,-10],[-43,0],[-34,19],[-49,45],[-10,17],[2,16],[19,10],[46,-8],[29,-8],[24,5],[28,7],[17,0],[26,-8],[6,-15],[4,-11],[7,-14],[22,1],[12,14],[8,29],[-2,20],[-9,23],[-26,48],[-36,19],[-37,15],[-97,-11],[-20,2],[-11,20],[-7,43],[-18,28],[-24,24],[-15,30],[7,28],[52,80],[29,6],[15,-11],[-1,-13],[-1,-8],[1,-20],[6,-10],[28,4],[21,46],[28,21],[5,17],[-11,13],[-25,4],[-14,11],[-9,16],[-1,17],[-1,6],[3,12],[21,17],[25,11],[7,15],[-9,16],[-27,9],[-22,13],[-13,14],[-2,22],[4,16],[29,11],[46,25],[21,17],[27,18],[-2,20],[-22,21],[-32,9],[-37,7],[-14,-1],[-24,2],[-34,12],[-8,15],[-3,16],[-1,10],[0,25],[11,19],[22,12],[34,8],[27,5],[22,17],[9,18],[18,43],[-2,44],[1,17],[2,17],[22,17],[25,-1],[5,0],[18,-18],[19,-17],[15,-12],[26,0],[22,12],[7,18],[-16,39],[-9,34],[11,32],[23,10],[26,4],[40,3],[38,5],[30,16],[8,22],[-20,50],[-4,8],[-25,26],[9,22],[29,14],[28,0],[50,-30],[61,-30],[36,-11],[31,1],[24,18],[14,23],[-11,32],[-26,42],[-19,36],[-2,41],[-11,21],[-26,12],[-53,15],[-51,6],[-34,-5],[-18,-2],[-67,-8],[-45,1],[-38,6],[-40,5],[-48,-5],[-44,7],[-75,10],[-186,67],[-17,36],[-57,70],[-6,50],[-69,117],[-26,41],[-4,51],[-10,33],[-18,12],[-14,9],[-37,30],[-11,44],[-72,47],[-83,55],[-23,64],[-138,23],[-96,117],[-43,19],[-43,20],[-106,133],[32,37],[165,-25],[55,12],[103,66],[58,37],[221,-18],[86,86],[-46,15],[-6,32],[-14,9],[-47,46],[-49,57],[-27,29],[-5,24],[8,14],[53,24],[82,32],[25,20],[8,24],[-14,36],[-31,14],[-23,15],[-6,20],[6,28],[30,74],[5,56],[8,30],[16,14],[15,6],[14,10],[3,17],[-9,24],[-33,33],[-104,63],[-45,41],[-10,22],[-2,19],[-20,14],[-48,34],[-45,10],[-27,11],[-13,30],[-30,52],[-5,19],[20,20],[-1,24],[-21,23],[-28,29],[-23,37],[1,45],[14,36],[9,10],[17,20],[5,35],[-20,31],[-11,26],[-23,40],[-20,42],[-30,41],[-20,48],[-6,17],[-11,36],[-17,52],[-18,64],[-3,8],[-14,45],[-30,44],[-66,67],[-34,49],[-16,48],[-7,45],[6,13],[9,22],[12,33],[-3,45],[-13,42],[-15,21],[-29,37],[-38,49],[-32,68],[-3,49],[19,90],[11,30],[23,41],[1,80],[9,25],[29,32],[51,26],[67,30],[24,16],[22,22],[31,31],[6,6],[14,13],[12,32],[5,33],[-9,36],[-22,22],[-37,11],[-32,9],[-38,21],[-3,5],[-13,19],[-6,12],[-36,57],[-17,42],[14,32],[35,23],[44,27],[47,67],[310,30],[79,59],[118,70],[55,67],[38,103],[150,186],[93,13],[81,-48],[64,-62],[74,-33],[148,-23],[62,16],[37,16],[73,53],[127,73],[14,-104],[21,-8],[53,-19],[33,-20],[19,-34],[4,-32],[5,-31],[9,-29],[24,-27],[34,-31],[61,-28],[53,-29],[50,-34],[54,-37],[10,-17],[34,-52],[5,-23],[6,-28],[-3,-31],[-28,-32],[-38,-36],[-14,-40],[8,-29],[21,-37],[29,-39],[48,-59],[75,57],[73,57],[49,69],[85,13],[165,26],[225,107],[94,8],[273,-29],[104,39],[-19,138],[29,43],[-3,54],[-3,51],[-1,17],[27,119],[58,109],[75,44],[103,94],[100,-27],[107,12],[90,3],[362,81],[-110,59],[-43,63],[-32,73],[40,104],[43,27],[145,74],[19,42],[22,61],[-7,24],[-35,55],[116,114],[41,156],[11,41],[122,61],[-7,79],[-91,43],[-4,43],[56,70],[52,164],[57,81],[8,73],[96,94],[78,240],[-7,134],[-62,11]],[[39920,66465],[61,28],[51,34],[15,-17],[32,-36],[31,-81],[7,-20],[32,-19],[34,-21],[83,107],[52,-19],[57,-18],[-29,-62],[-89,-82],[-40,-37],[64,-149],[-14,-79],[123,81],[176,56],[20,-64],[102,-24],[-7,60],[76,-22],[190,37],[104,-73],[113,53],[89,41],[113,5],[94,-53],[248,-78],[64,-20],[27,-20],[95,59],[37,62],[139,38],[109,158],[14,50],[69,-21],[3,0],[-4,-36],[-24,-59],[2,-44],[40,-26],[-55,-15],[-42,-39],[-82,-136],[-29,-82],[11,-81],[29,-61],[34,-35],[35,-58],[27,-25],[40,-7],[115,77],[51,34],[44,98],[99,-42],[73,-31],[1,-33],[36,-29],[120,28],[69,47],[37,25],[102,38],[83,52],[28,-35],[53,26],[117,77],[-15,30],[154,89],[-81,99],[0,48],[-47,53],[104,-34],[73,54],[134,41],[25,63],[45,-37],[196,174],[119,-73],[42,-44],[80,-2],[141,136],[59,-12],[117,-182],[-55,-106],[73,-54],[87,75],[61,22],[79,49],[99,95],[53,19],[5,-36],[20,-22],[19,-6],[-49,-105],[88,-94],[22,-196],[5,-47],[-77,-53],[-37,-25],[-45,-116],[21,-26],[52,-64],[69,34],[33,-38],[36,-40],[49,-58],[11,12],[94,60],[161,43],[74,-77],[140,-40],[38,-131],[49,-8],[58,34],[208,-32],[49,-54],[46,-7],[64,30],[134,109],[30,-4],[53,7],[53,-2],[51,-20],[41,-5],[33,1],[29,12],[42,33],[31,35],[45,32],[35,22],[49,26],[23,1],[28,-23],[63,-82],[29,-16],[62,-13],[71,-11],[37,-22],[43,-20],[70,3],[47,12],[38,25],[44,28],[58,8],[57,2],[3,-104],[-145,-100],[17,-93],[-34,-52],[38,-61],[20,16],[70,66],[80,34],[49,2],[147,7],[71,-31],[162,-13],[52,-71],[31,-16],[89,-45],[98,14],[34,-15],[69,-13],[56,-4],[48,6],[15,1],[50,14],[25,-3],[17,-11],[4,-21],[5,-16],[9,-7],[30,5],[36,0],[19,-7],[4,-13],[-9,-13],[-16,-6],[-4,-2],[-20,-2],[-28,-1],[-24,-10],[-17,-9],[-10,-19],[5,-11],[5,-12],[23,-15],[27,-10],[17,-7],[17,-7],[29,-19],[22,-23],[27,-19],[31,-25],[28,-26],[30,-17],[39,-14],[29,-17],[11,-7],[15,-9],[14,-20],[19,-4],[16,11],[5,13],[-3,13],[2,15],[20,5],[28,-5],[21,-8],[12,-14],[3,-5],[7,-6],[18,-7],[34,1],[9,3],[22,6],[34,3],[31,4],[36,3],[22,-2],[17,-8],[3,-13],[-3,-19],[3,-21],[16,-10],[30,-9],[26,0],[28,-7],[17,-8],[6,-17],[-18,-14],[-17,-8],[-26,-1],[-19,1],[-12,1],[-40,3],[-28,-1],[-26,-2],[-23,-10],[-20,-12],[-7,-17],[13,-33],[14,-17],[29,-10],[28,1],[44,-5],[41,-22],[17,-15],[17,-11],[7,-2],[12,-1],[21,1],[17,0],[9,-8],[9,-14],[4,-17],[-6,-19],[-9,-16],[-15,-14],[-11,-14],[-3,-7],[-4,-8],[2,-23],[9,-37],[17,1],[28,7],[53,14],[53,-3],[52,-20],[19,-7],[17,-5],[11,-10],[4,-10],[-1,-10],[-14,-11],[-13,-10],[-75,-35],[22,-68],[89,-18],[-42,-29],[49,-76],[34,-8],[45,5],[45,16],[37,21],[36,7],[29,-10],[11,-24],[-25,-40],[-58,-29],[-30,-25],[-6,-34],[11,-8],[-53,-47],[22,-36],[140,-29],[18,-114],[86,-81],[-10,-42],[162,-37],[57,-33],[131,76],[33,-23],[-51,-66],[38,-48],[1,-50],[97,-61],[55,-2],[12,-76],[-34,-53],[-181,-174],[-172,-135],[-49,-29],[-157,64],[-65,102],[-242,39],[-12,-35],[-60,-36],[-27,-47],[-84,-110],[-5,-82],[64,-104],[196,54],[27,63],[-29,28],[-23,22],[100,53],[16,-25],[63,-95],[100,-33],[248,-199],[78,-49],[56,10],[133,17],[97,-15],[73,-14],[56,-7],[119,102],[3,-113],[146,112],[35,-38],[190,45],[129,-104],[166,10],[61,71],[96,23],[103,-67],[85,-108],[19,46],[10,97],[47,14],[-12,15],[-1,17],[1,13],[-5,17],[-10,15],[-21,12],[-25,9],[-15,6],[-22,-1],[-28,-1],[-24,1],[-23,9],[-15,14],[-1,16],[-1,17],[14,7],[15,-2],[16,-8],[13,-2],[24,-4],[24,1],[24,4],[20,9],[16,12],[19,14],[11,12],[1,20],[-8,16],[-13,15],[-9,17],[-17,4],[-13,-6],[-11,-7],[-6,50],[9,35],[106,155],[51,75],[49,17],[54,71],[20,39],[84,61],[112,65],[85,64],[52,-49],[99,48],[-107,-141],[108,-56],[-40,-64],[407,-184],[72,75],[251,-79],[-87,-116],[-16,-23],[-28,-27],[-41,-40],[-36,-37],[-32,-42],[-22,-40],[-21,-32],[-17,-35],[-4,-32],[-14,-57],[-6,-36],[-2,-10],[-20,-61],[-27,-56],[-31,-58],[-37,-79],[-36,-69],[-35,-59],[-38,-49],[-34,-39],[-24,-25],[-42,-27],[-47,-28],[-44,-24],[-49,-19],[-55,-20],[-13,-3],[-34,-11],[-43,-12],[-15,-5],[-36,-10],[-121,-33],[-35,-9],[-26,-6],[-35,-7],[-63,-11],[-62,-10],[-72,-10],[-81,-12],[-18,-2],[-20,-3],[-70,-10],[-33,-4],[39,-134],[442,60],[115,18],[-15,-60],[52,-125],[191,-49],[234,144],[40,-47],[117,-135],[24,-55],[-72,-42],[-169,-130],[26,-38],[88,54],[145,32],[64,-123],[71,-137],[59,-115],[23,-42],[42,-120],[39,-110]],[[62319,67174],[65,-70],[85,-78],[112,-92],[477,-341],[144,-112],[94,-74],[523,-379],[61,-53],[88,-72],[81,-80],[59,-67],[57,-84],[31,-65],[10,-19],[11,-27],[11,-28],[10,-27],[8,-28],[6,-21],[4,-21],[3,-21],[3,-29],[1,-21],[0,-28],[0,-21],[-3,-29],[-3,-22],[-7,-34],[-6,-29],[-8,-28],[-6,-21],[-10,-27],[-9,-20],[-11,-19],[-12,-19],[-9,-13],[-9,-12],[-22,-25],[-21,-22],[-34,-33],[-23,-22],[-24,-21],[-26,-21],[-33,-25],[-20,-14],[-21,-14],[-23,-12],[-15,-8],[-25,-10],[-3,-2],[-12,-5],[-17,-6],[-114,-44],[-156,-23]],[[63581,64736],[-100,253],[-190,77],[-299,55],[-166,66],[-305,45],[-222,10],[161,42],[144,7],[85,-27],[67,59],[-113,173],[-35,39],[36,20],[-72,82],[-54,-62],[56,-52],[-53,-32],[-62,18],[-32,-37],[-80,10],[-44,-48],[-47,-53],[-44,-4],[-76,-26],[-27,47],[-26,43],[-88,-37],[-54,-2],[-167,5],[-41,0],[-167,3],[-37,1],[-3,2],[-44,36],[-119,-64],[-19,-10],[-76,-39],[-12,-2],[-68,-9],[-52,-69],[-17,-13],[-71,-67],[-215,-15],[-72,54],[57,169],[-85,14],[-82,5],[-127,-42],[-121,-28],[-102,-25],[-117,7],[-155,56],[-122,85],[-105,38],[-99,71],[-97,105],[-168,72],[-115,-56],[-48,-37],[-28,-23],[-54,-36],[-93,-41],[-127,-41],[-77,-52],[-19,-29],[-28,-48],[-93,-62],[4,-66],[-196,-106],[-9,-177],[-48,-55],[-63,-54],[-33,-63],[-65,-186],[-26,-119],[-7,-126],[34,-122],[-23,-15],[5,-122],[-67,-94],[-228,-80],[-38,-13],[-182,-87],[-196,-86],[-122,-184],[-88,-58],[-4,-103],[-70,-78],[23,-99],[-28,-15],[-79,-34],[-69,-18],[-39,6],[-17,22],[-15,11],[-50,2],[-107,3],[-19,-12],[-10,-17],[21,-18],[31,-8],[26,-7],[28,-28],[8,-71],[-99,-120],[-12,-111],[-46,-37],[14,-28],[-55,-45],[-97,-31],[-36,-62],[-93,-116],[-257,-16],[-156,-106],[-53,38],[-69,76],[32,126],[4,75],[-68,-45],[-47,-31],[-79,-88],[-126,-66],[-93,-73],[-50,38],[127,138],[-15,36],[67,21],[65,130],[-90,84],[-77,49],[22,127],[88,117],[-12,49],[-111,-82],[-80,-77],[-62,-58],[-113,-36],[-103,-56],[-161,78],[-55,32],[-66,-4],[-18,141],[-155,-13],[47,-56],[-45,-21],[2,-179],[106,-59],[-92,-67],[-201,-90],[-43,-48],[28,-48],[-64,-19],[-29,-8],[-28,-35],[17,-28],[17,-27],[11,-18],[29,-7],[55,-11],[14,-61],[28,-135],[36,1],[22,0],[-9,-28],[-145,-79],[-78,0],[-101,19],[-132,-18],[18,-26],[20,-49],[24,-55],[21,-35],[11,-19],[11,-26],[32,-45],[21,-22],[40,-20],[8,-3],[34,-8],[28,-15],[5,-8],[3,-5],[-3,-8],[-4,-13],[-5,-50],[9,-7],[23,-18],[44,-42],[19,-12],[40,-28],[78,-50],[57,-37],[16,-10],[20,-18],[2,-8],[2,-18],[1,-15],[20,-26],[35,-15],[11,-9],[16,-21],[3,-14],[2,-16],[-4,-17],[-16,-46],[-4,-14],[-4,-4],[-38,-8],[-31,5],[-30,-13],[-23,-28],[-61,-4],[-69,-35],[-124,-71],[-151,-89],[-26,-178],[-108,-70],[-197,-190],[14,-69],[-207,5],[-237,-66],[-95,27],[-103,81],[2,19],[7,42],[-37,26],[-26,19],[-108,-48],[-344,-134]],[[39920,66465],[-70,21],[-51,31],[-48,58],[-37,48],[-104,25],[-73,19],[-177,12],[35,47],[-234,90],[-66,-19],[-220,58],[-9,30],[-97,31],[49,29],[-396,86],[-130,28],[-287,30],[-72,42],[-168,37],[-61,-33],[-37,-136],[103,-81],[61,-22],[64,-80],[-31,-28],[-42,-20],[-47,4],[-82,25],[-84,42],[-47,29],[-22,23],[-19,5],[-97,17],[-47,22],[-52,16],[-45,-2],[-88,-8],[-66,5],[-70,12],[-43,11],[-20,16],[-23,33],[-10,39],[2,71],[-16,40],[-29,54],[-48,32],[-47,22],[-26,16],[-28,8],[-51,-1],[-87,0],[-42,11],[-62,34],[-36,40],[-55,50],[-53,31],[-50,28],[68,86],[-115,-21],[-58,38],[-58,37],[-114,17],[-37,117],[-62,44],[81,35],[37,19],[29,10],[32,16],[25,13],[65,-41],[73,-5],[117,73],[130,81],[31,61],[36,69],[1,29],[6,166],[-23,47],[5,64],[51,9],[29,-4],[61,-5],[29,7],[57,9],[26,6],[32,-7],[40,-8],[38,-12],[23,-7],[20,0],[18,8],[45,9],[86,14],[72,12],[41,13],[48,30],[21,20],[26,15],[34,19],[25,13],[36,15],[35,17],[27,13],[33,24],[22,19],[21,18],[21,19],[24,27],[20,31],[1,30],[-1,29],[55,82],[36,45],[48,66],[69,-34],[76,59],[125,35],[86,8],[-56,75],[37,10],[49,3],[64,-2],[163,25],[146,35],[86,31],[-122,48],[-398,82],[-81,45],[-139,30],[-180,63],[-41,3],[-100,21],[-112,73],[-36,178],[-6,187],[-66,21],[-11,-50],[-130,18],[-178,-22],[-128,-35],[-134,11],[-89,21],[-54,-28],[-7,93],[-62,0],[-56,7],[-120,-72]],[[51422,76427],[115,-117],[18,-57],[14,-63],[24,-52],[40,-59],[58,-62],[176,-135],[25,-20],[157,-117],[124,-90],[32,-23],[102,-89],[144,-116],[127,-100],[77,-59],[53,-40],[127,-95],[146,-97],[128,-55],[136,-63],[84,-38],[129,-67],[75,-39],[57,-20],[98,-16],[68,-6],[179,-3],[188,6],[69,3],[358,44],[266,21],[60,-1],[115,-3],[86,-11],[124,-35],[121,-59],[22,-15],[126,-88],[51,-54],[5,-6],[39,-43],[190,-270],[48,-91],[62,-119],[113,-180],[67,-97],[161,-152],[112,14],[70,-38],[113,-63],[134,-103],[12,-99],[140,-64],[180,-52],[47,-8],[45,-6],[57,-4],[111,-8],[193,-5],[316,31],[28,5],[223,26],[253,70],[103,2],[124,51],[118,73],[29,74],[143,93],[114,37],[110,32],[54,11],[12,1],[55,6],[54,3],[41,2],[52,0],[26,-1],[108,-7],[73,-11],[101,-17],[59,-13],[33,-7],[16,-3],[90,-21],[82,-21],[84,-24],[113,-40],[41,68],[44,72],[114,187],[-111,21],[17,87],[-43,33],[-3,19],[-1,63],[107,80],[89,186],[-92,114],[61,65],[105,94],[148,133],[142,90],[30,47],[58,-14],[37,56],[101,44],[36,-95],[196,198],[-26,12],[-19,17],[-15,27],[-18,59],[-5,59],[7,68],[18,39],[19,19],[21,13],[22,9],[6,1],[24,3],[25,0],[7,5],[-4,8],[-13,17],[-3,50],[-8,20],[-22,30],[-20,42],[-21,90],[2,44],[13,35],[17,23],[22,19],[28,12],[25,6],[49,4],[59,2],[187,-67],[129,-57],[87,5],[107,6],[79,38],[44,39],[60,53],[28,25]],[[62021,75818],[37,-12],[155,-49],[132,-30],[212,-50],[119,-27],[14,-37],[102,-23],[-9,-68],[-49,-41],[-67,-26],[-40,-118],[5,-55],[9,-7],[17,-13],[9,-13],[7,-10],[11,-10],[13,-11],[38,-5],[33,-3],[24,-9],[15,-21],[-1,-35],[-18,-24],[-8,-10],[1,-15],[11,-10],[6,-3],[23,11],[8,3],[16,20],[23,1],[19,-21],[1,-21],[-12,-24],[-13,-22],[8,-19],[23,-5],[34,-15],[38,-10],[28,-13],[26,-40],[7,-27],[9,-27],[20,-21],[26,-33],[14,-30],[14,-29],[35,-46],[41,-20],[28,-1],[-40,71],[27,36],[29,55],[41,50],[51,57],[35,51],[21,63],[57,92],[83,60],[42,55],[11,28],[9,24],[86,32],[96,-3],[35,3],[86,37],[46,67],[114,105],[43,-17],[23,-36],[-36,-35],[-12,-61],[62,-72],[-83,-76],[-99,-81],[-24,-9],[-17,-1],[-14,-4],[-11,-9],[-3,-13],[4,-10],[8,-13],[4,-11],[0,-12],[-2,-9],[-1,-5],[-6,-9],[-14,-11],[-16,-14],[-64,-38],[-29,-19],[-17,-12],[-36,-3],[-42,9],[-30,-2],[-49,-11],[-30,-16],[-16,-13],[-6,-5],[-27,-11],[-29,-16],[-29,-17],[-33,-14],[64,-31],[76,-15],[39,-35],[13,-40],[18,-51],[61,-46],[59,-90],[44,-49],[-63,-30],[34,-84],[42,3],[149,-125],[67,-12],[67,4],[77,-44],[37,1],[56,-6],[34,-38],[-14,-42],[-29,-30],[29,-29],[16,-44],[32,-41],[66,-42],[91,-32],[48,-64],[62,-40],[173,-28],[66,-53],[108,42],[283,45],[22,-62],[-196,-35],[-95,-42],[116,-52],[77,-34],[-115,-33],[33,-40],[-57,-32],[-64,-52],[-11,-65],[12,-60],[87,9],[18,-31],[-55,-100],[109,-102],[124,-156],[247,-134],[-64,-112],[-215,-144],[-24,24],[-44,18],[-91,6],[-38,-8],[-10,-7],[-39,-26],[-7,-4],[-52,-36],[-26,-17],[-45,-14],[-45,-5],[-55,3],[-98,29],[-93,-49],[-160,36],[-184,17],[-120,-81],[-19,-153],[40,-110],[-106,-4],[-45,-57],[22,-50],[-4,-97],[84,-58],[-14,-37],[118,-37],[-21,-133],[88,-8],[169,-26],[90,29],[114,70],[13,-81],[59,-4],[33,45],[62,-26],[20,-112]],[[45914,83857],[104,-2],[65,77],[-31,153],[55,8],[203,-1],[246,-32],[84,4],[204,9],[98,28],[132,0],[8,-56],[224,5],[66,9],[26,-28],[84,14],[65,-21],[17,57],[75,-90],[59,-45],[59,-24],[36,9],[40,16],[52,2],[55,3],[42,12],[36,29],[17,34],[17,25],[28,9],[16,4],[71,-54],[32,0],[121,-1],[84,54],[202,24],[252,44],[600,151],[65,103],[106,65],[153,123],[130,31],[124,-7],[80,-53],[66,22],[-2,59],[76,6],[96,95],[143,57],[36,-39],[4,-5],[42,-21],[46,-11],[43,-3],[6,-1],[44,-5],[28,-11],[31,-5],[37,1],[34,-7],[25,-14],[43,-27],[27,-12],[26,-8],[83,123],[72,48],[35,23],[54,21],[55,22],[35,13],[378,149],[352,162],[-9,65],[-9,70],[-37,140],[-84,22],[-14,167],[-6,153],[36,66],[19,36],[-28,78],[298,302],[28,56],[29,20],[46,13],[162,-21],[12,102],[16,173],[-107,77],[-52,61],[237,20],[9,51],[-196,171],[-94,108],[88,87],[-4,67],[-104,80],[71,80],[73,145],[9,20],[-37,7],[-59,-2],[-77,-2],[-166,-1],[-43,8],[-47,24],[-37,8],[56,55],[39,45],[34,30],[46,15],[46,17],[19,30],[6,39],[-4,38],[-19,35],[-2,29],[27,28],[43,26],[55,24],[45,12],[29,22],[20,37],[3,46],[11,41],[28,39],[24,40],[16,28],[14,36],[-57,16],[28,47],[103,-19],[59,95],[-95,26],[130,151],[90,-29],[7,-5],[18,-15],[11,-18],[1,-6],[6,-13],[21,-19],[18,-10],[33,-6],[34,4],[23,15],[4,1],[19,8],[22,3],[37,4],[30,-2],[191,51],[3,-89],[403,-74],[35,49],[101,57],[95,56],[177,36],[181,-67],[148,-95],[60,-67],[73,-80],[220,-108],[394,-3],[118,31],[145,35],[68,13]],[[66297,83832],[-33,-6],[-35,-10],[-33,-16],[-55,-37],[-35,-32],[-29,-33],[-33,-30],[-44,-13],[-10,-2],[-38,-8],[-42,-24],[-17,-16],[-33,-31],[-12,-14],[-24,-30],[-44,-31],[-45,-12],[-52,-3],[-60,-8],[-52,-18],[-58,-22],[-12,-6],[-35,-23],[-45,-53],[-85,17],[-78,24],[-69,-108],[-155,-338],[-73,-161],[-106,-96],[-25,-59],[-4,-32],[-9,-80],[-6,-51],[1,-72],[125,-13],[133,-15],[124,-12],[23,-2],[197,-12],[16,1],[7,-1],[25,-61],[46,-49],[-1,-37],[10,-37],[25,-32],[28,-21],[9,-24],[0,-5],[-5,-37],[1,-32],[13,-25],[54,-42],[19,-27],[13,-31],[-3,-57],[82,-177],[-16,-48],[-29,-39],[-15,-28],[-8,-29],[-6,-28],[15,-85],[7,-56],[-23,-60],[-42,-74],[-34,-37],[-14,-44],[5,-57],[30,-44],[219,248],[95,-17],[44,166],[215,-32],[-6,-14],[1,-31],[0,-36],[-4,-45],[-13,-37],[-31,-35],[-23,-25],[-39,-35],[-31,-36],[22,-45],[78,-28],[101,-35],[128,-174],[61,-78],[-105,-77],[-82,-69],[-168,-169],[-113,-114],[24,-62],[-69,-72],[295,-38],[102,-17],[-17,-62],[6,-22],[54,-200],[22,-64],[-66,-10],[-78,-10],[-11,-39],[-10,-33],[25,-156],[-23,-35],[-54,-110],[-54,-128],[0,-69],[-1,-43],[-20,-53],[-21,-54],[-41,-34],[-95,-81],[-225,72],[-369,-94],[-276,-167],[-130,-161],[51,-103],[50,-57],[119,-117],[-55,-90],[-33,-134],[-22,-30],[-109,-150],[76,-53],[126,-17],[56,-59],[24,-61],[97,-58],[39,-32],[30,-64],[-21,-114],[-111,-73],[-29,-39],[-22,-1],[-14,-11],[-16,-31],[-15,-33],[-11,-32],[-18,-21],[-21,-9],[-27,-3],[-45,-29],[-29,-18],[-25,-8],[-29,1],[-27,8],[-33,23],[-53,58],[-9,16],[7,14],[11,10],[3,4],[-1,12],[-32,16],[-9,14],[-23,62],[-17,26],[-6,8],[-18,3],[-24,-6],[-8,-19],[-6,-38],[-23,-32],[-32,-27],[-50,-14],[-55,2],[-56,12],[-45,25],[-25,27],[-30,14],[-9,5],[-22,-1],[-12,-9],[-8,-22],[-2,-6],[1,-25],[-2,-29],[0,-54],[7,-19],[4,-18],[-14,-34],[-22,-30],[-16,-8],[-15,0],[-15,6],[-5,1],[-10,0],[-14,-11],[-21,-40],[-13,-30],[2,-22],[21,-23],[14,-12],[7,-28],[-6,-24],[-40,-29],[-30,-5],[-34,3],[-21,4],[-22,15],[-49,26],[-85,23],[-64,31],[-61,13],[-45,-7],[-33,-15],[-23,-12],[-4,-15],[20,-32],[38,-27],[-1,-14],[-17,-8],[-44,-2],[-49,5],[-50,23],[-43,36],[-15,35],[-18,19],[-11,0],[-8,-8],[-6,-22],[-12,-33],[-16,-26],[-43,-27],[-56,-21],[-42,-5],[-34,6],[-44,12],[-53,7],[-64,-4],[-96,-6],[-49,17],[-70,50],[-21,5],[-25,-5],[-5,-1],[-29,-8],[-44,-6],[-54,-2],[-17,-8],[-27,-36],[-35,-30],[-37,-15],[-36,-3],[-52,-7],[-7,-10],[4,-21],[5,-29],[-11,-24],[-16,-21],[-37,-20],[-54,-2],[-102,12],[-78,12],[-45,12],[-16,0],[-9,-6],[7,-12],[26,-15],[18,-23],[12,-26],[-5,-30],[-19,-17],[-35,-13],[-38,-5],[-32,1],[-32,3],[-46,-34],[17,-29],[-77,-88],[-44,6],[-31,-27],[-8,-8],[-20,-4],[-17,-16],[63,-98],[-64,-190],[31,-118],[112,-133]],[[66296,82663],[125,-61],[41,50],[93,-39],[184,-77],[3,-127],[-56,-82],[-31,-62],[-10,-58],[-44,3],[-47,-82],[-77,-29],[41,-64],[-9,-47],[-110,-51],[-60,-116],[-138,-160],[-124,3],[-47,113],[254,71],[12,191],[-45,120],[-203,161],[-83,61],[-70,48],[-61,50],[86,123],[121,49],[192,-123],[63,135]],[[65293,80742],[1,65],[77,-6],[72,23],[4,119],[-279,79],[-62,18],[-111,48],[-134,8],[25,-268],[37,-44],[66,-79],[10,-12],[174,29],[58,10],[62,10]],[[46336,46482],[-67,112],[-63,100],[-30,43],[-70,113],[-85,108],[-54,69],[-78,222],[26,49],[67,114],[94,-19],[73,49],[61,128],[62,99],[-45,160],[164,9],[2,105],[131,-6],[112,7],[106,44],[58,64],[188,263],[33,49],[106,142],[64,113],[102,86],[24,95],[8,95],[61,107],[89,15],[-7,59],[78,13],[-9,91],[119,151],[-59,25],[-124,36],[-254,47],[-327,95],[-92,17],[-150,28],[-53,22],[-90,89],[-24,25],[-188,-16],[-73,164],[-64,67],[12,56],[-179,126],[-19,128],[-27,162],[-27,4],[-18,1],[-27,0],[-27,0],[-28,-2],[-63,-6],[-36,-2],[-9,0],[-10,1],[-9,3],[-6,5],[-13,18],[-13,19],[-25,38],[-13,19],[-15,18],[-11,11],[-6,6],[-24,21],[-25,21],[-6,4],[-26,19]],[[63581,64736],[-184,-3],[-119,17],[-175,44],[-61,15],[-118,22],[-132,21],[-144,24],[-152,25],[-135,24],[-118,23],[-128,18],[-93,1],[-71,-3],[-81,-7],[-83,-14],[-89,-20],[-99,-25],[-49,-22],[-63,-32],[-63,-39],[-69,-44],[-50,-49],[-56,-66],[-44,-76],[-24,-65],[-4,-56],[12,-46],[9,-21],[11,-19],[11,-20],[13,-19],[10,-13],[9,-11],[12,-11],[33,-25],[27,-19],[22,-14],[23,-13],[35,-16],[39,-18],[109,-22],[119,-14],[92,0],[179,9],[70,-7],[75,-15],[164,-53],[67,-30],[88,-49],[77,-54],[89,-67],[99,-102],[58,-66],[57,-86],[27,-61],[18,-63],[13,-45],[6,-20],[27,-58],[9,-19],[29,-64],[52,-61],[51,-55],[72,-50],[13,-10],[137,-69],[125,-70],[97,-58],[117,-79],[86,-69],[71,-65],[42,-43],[44,-58],[58,-84],[13,-26],[12,-25],[23,-45],[40,-115],[22,-84],[42,-198],[2,-49],[-10,-93],[-44,-132],[-37,-109],[-21,-96],[-1,-67],[14,-56],[34,-48],[58,-47],[73,-47],[86,-45],[144,-60],[204,-56],[148,-48],[163,-54],[113,-31],[325,-69],[109,-7],[223,-3],[93,-5],[69,-14],[103,-32],[230,-75],[99,-54],[101,-78],[65,-66],[206,-302],[28,-40],[45,-59],[68,-59],[72,-50],[303,-178],[62,-31],[53,-30],[50,-33],[34,-35],[30,-57],[6,-42],[-13,-48],[-13,-57],[0,-68],[9,-77],[9,-51],[21,-49],[26,-23],[6,-4],[65,-37],[29,-10],[176,-44],[31,-8],[27,-10],[34,-13],[24,-16],[16,-13],[21,-24],[17,-26],[16,-35],[33,-126],[9,-31],[2,-24],[0,-22],[-7,-14],[-22,-41],[-19,-29],[-16,-20],[-12,-16],[-55,-58],[-35,-34],[-12,-10],[-39,-31],[-70,-54],[-158,-155],[-61,-36],[-76,-42],[-56,-46],[-33,-43],[-19,-58],[0,-51],[3,-56],[29,-58],[79,-85],[167,-125],[57,-43],[339,-221],[53,-39],[185,-139],[80,-84],[68,-105],[140,-145],[171,-153],[411,-385]],[[68969,56485],[-255,-131],[-218,6],[-30,44],[-247,-72],[-24,-47],[-153,-106],[-124,-13],[-49,-92],[-123,-57],[-154,-36],[52,-55],[-134,15],[-137,-40],[-61,-29],[-147,-61],[-93,-42],[-95,-43],[-82,-126],[-35,13],[-40,0],[-22,-3],[-36,-4],[-61,-29],[-117,-33],[-80,-35],[-39,-63],[-21,-37],[-9,-35],[-38,-26],[-34,-24],[-85,-31],[-36,-26],[-45,-32],[-87,-33],[-51,-24],[-37,-45],[-21,-51],[-31,-52],[-47,-73],[-179,-120],[-31,-52],[-62,-60],[-87,-59],[-37,-47],[-30,-29],[-174,-101],[-101,-74],[-33,-25],[-84,-80],[-155,-249],[-48,-54],[-68,-10],[-39,-37],[66,-43],[34,-35],[271,-19],[91,-30],[294,-80],[77,79],[17,65],[47,10],[222,24],[78,-61],[61,-46],[-87,-18],[-85,-230],[60,-40],[48,-28],[73,-43],[-5,-78],[77,-180],[-9,-39],[96,-35],[44,-53],[51,6],[-56,-60],[-8,-72],[25,5],[26,3],[69,-79],[214,-99],[67,-29],[217,59],[55,-39],[10,-31],[31,-88],[17,-51],[344,-175],[101,43],[74,158],[113,-82],[-228,-168],[122,-7],[199,-136]],[[65798,70532],[39,-35],[110,-99],[5,-46],[122,-51],[28,-60],[-31,-42],[10,-66],[86,-30],[43,47],[-22,85],[186,129],[-23,20],[-131,10],[19,36],[200,76],[131,50],[70,16],[59,14],[89,76],[127,58],[122,32],[120,56],[111,145],[140,-29],[-50,-114],[102,-55],[81,14],[58,10],[1,48],[9,46],[30,20],[154,66],[37,29],[68,85],[22,66],[0,9],[-1,6],[-5,7],[-10,11],[-12,11],[-7,5],[-8,3],[-55,30],[-13,17],[-3,6],[-3,7],[-2,7],[-1,14],[-1,21],[3,36],[0,7],[0,15],[-13,45],[-13,94],[-6,48],[33,19],[-61,74],[139,32],[69,15],[63,18],[-30,74],[-35,86],[152,122],[-88,115],[32,77],[81,193],[96,18],[194,104],[184,100],[61,-64],[-3,-277],[-122,-181],[-9,-153],[-151,-187],[92,4],[81,40],[59,27],[78,34],[40,32],[33,39],[11,52],[19,39],[54,49],[72,44],[62,51],[37,51],[37,50],[61,44],[77,28],[82,10],[56,17],[55,38],[61,20],[54,-2],[55,-22],[172,-46],[73,3],[76,-62],[-33,-53],[153,-278],[101,38],[11,-25],[-7,-34],[-10,-46],[-50,-38],[-44,-78],[-380,-366],[-220,-197],[-220,-63],[-76,-252],[176,-31],[58,-96],[29,-66],[23,-51],[-57,-21],[0,-64],[1,-53],[107,-62],[-35,-110],[27,-29],[54,5],[2,66],[13,40],[28,18],[41,6],[75,24],[84,70],[68,64],[54,39],[43,13],[92,-3],[57,-49],[81,-22],[22,65],[104,38],[170,-20],[46,-16],[119,-23],[69,-6],[207,24],[106,55],[56,-4],[-196,-181],[129,-8],[123,-25],[68,30],[42,4],[225,8],[125,-124],[-97,-136],[47,-45],[73,-47],[202,-51],[147,6],[31,-37],[297,-2],[217,62],[200,105],[36,-22],[42,-17],[-16,-166],[48,5],[73,-96],[117,-44],[199,-1],[-6,26],[13,24],[32,7],[78,27],[76,43],[31,31],[4,41],[-22,50],[-65,37],[-9,13],[-3,28],[-13,50],[-29,62],[6,43],[7,74],[23,20],[40,13],[55,1],[52,-15],[46,-4],[50,0],[40,15],[54,33],[23,32],[16,37],[20,44],[6,22],[-17,56],[-37,55],[-22,55],[-7,42],[0,40],[36,70],[45,55],[27,48],[7,27],[11,36],[10,9],[29,8],[16,11],[4,69],[20,52],[-2,23],[-7,23],[17,65],[-88,30],[-103,-11],[-110,54],[-36,6],[-57,-8],[-102,-50],[-66,-24],[-79,7],[-78,159],[-107,24],[-159,-8],[-148,82],[-45,58],[41,35],[-59,28],[-53,24],[5,121],[60,21],[53,29],[42,24],[10,87],[33,58],[52,-21],[89,-39],[92,-91],[66,-65],[132,-19],[-2,-103],[116,-31],[123,50],[100,17],[92,-13],[111,-60],[60,-4],[71,4],[120,-20],[43,-14],[4,21],[-9,51],[2,73],[14,29],[-1,22],[-29,29],[-35,20],[-7,29],[-15,46],[-39,65],[-8,40],[-5,103],[-24,111],[-10,31],[-20,48],[-14,10],[-36,10],[-32,26],[-17,14],[32,33],[175,132],[118,-67],[47,-13],[45,44],[61,30],[46,-46],[114,43],[98,-52],[-59,-75],[-82,-178],[32,-27],[33,31],[5,12],[5,15],[21,44],[40,60],[10,15],[66,105],[60,45],[82,48],[65,36],[33,21],[17,43],[8,88],[202,25],[54,117],[80,56],[80,11],[149,37],[286,70],[69,40],[202,38],[106,14],[130,-9],[56,-108],[30,-88],[9,-42],[58,-123],[-3,-94],[109,-36],[79,-136],[20,-78],[-51,-95],[79,-96],[112,34],[187,-47],[47,108],[192,71],[131,37],[41,-20],[82,37],[55,96],[-9,90],[19,78],[7,30],[82,-50],[92,8]],[[77596,72865],[283,5],[64,54],[107,36],[83,-143],[45,12],[62,-93],[61,-90],[50,-44],[-7,-19],[-84,-55],[-132,-28],[119,-49],[103,6],[47,70],[265,-51],[337,5],[-19,60],[116,-52],[29,48],[29,45],[201,-36],[13,52],[407,-9],[-29,-80],[-84,-23],[1,-53],[-23,-90],[30,-144],[-37,-231],[-5,-42],[-9,-79],[-10,0],[-22,-5],[-21,-8],[-142,-59],[-33,-8],[-10,-3],[134,-87],[201,-30],[216,16],[95,20],[29,-62],[130,5],[178,39],[12,102],[86,11],[-20,65],[117,1],[72,-169],[53,-122],[13,-29],[23,-54],[87,-19],[-28,-48],[-127,-77],[53,-59],[108,46],[24,51],[72,149],[109,-33],[-106,-149],[63,-29],[209,-98],[36,-4],[57,100],[120,-229],[51,-99],[27,-56],[58,-25],[12,-94],[13,-105],[6,-51],[2,-16],[25,-198],[2,-15],[111,19],[18,-121],[51,-102],[52,17],[8,2],[22,-49],[63,-146],[17,-23],[52,-71],[-33,-28],[-10,-9],[0,-141],[39,-25],[-45,-53],[56,-31],[0,-21],[-35,-40],[36,-42],[10,-13],[1,-71],[-10,-4],[-19,-8],[14,-39],[10,-30],[-30,-11],[-12,-5],[4,-11],[20,-52],[-67,-34],[-99,-47],[-52,-83],[40,-5],[-2,-5],[-17,-33],[79,-10],[23,-108],[27,2],[36,5],[71,11],[17,2],[11,2],[54,15],[52,20],[58,9],[14,0],[28,-2],[60,-15],[42,-14],[27,-9],[6,-3],[32,-7],[28,-8],[46,-6],[38,6],[23,11],[19,9],[8,3],[26,11],[98,4],[-20,-115],[111,-14],[14,-2],[7,-9],[31,-49],[216,20],[-5,-170],[130,-25],[62,-80],[-59,-146],[-4,-60],[-6,-86],[-4,-64],[-125,-239],[88,-27],[-26,-66],[19,-49],[151,-88],[131,-106],[102,-8],[82,-10],[38,-54],[16,-55],[18,-65],[57,14],[82,-189],[-47,-65],[18,-80],[44,-70],[77,-62],[-85,-59],[-46,-28],[110,-130],[-104,-159],[89,-294],[-232,-176],[-159,-123],[-26,-37],[-19,-27],[34,-10],[-23,-45],[-206,-408],[-153,-57],[-407,194],[45,59],[-102,24],[-101,-53],[-172,-101],[-75,-42],[-87,-32],[-106,13],[63,59],[102,189],[-346,65],[-55,129],[5,71],[-59,102],[-41,-13],[-166,-46],[-31,18],[-50,-6],[-42,59],[-79,-24],[-46,-15],[-78,39],[-98,16],[-18,-54],[-146,29],[-4,46],[-161,-12],[-174,-71],[-50,10],[-52,-13],[-275,-62],[20,-88],[-44,-29],[-7,-143],[26,-75],[-152,-39],[-99,-28],[4,-62],[-178,-15],[-20,-91],[-144,-81],[137,-210],[275,89],[149,-188],[41,-60],[16,-24],[59,-74],[-121,-161],[48,-43],[100,57],[39,-35],[193,-154],[125,85],[98,11],[-43,-188],[76,-45],[43,5],[19,-98],[74,-46],[120,-47],[107,-85],[-117,-33],[-56,-42],[-115,-93],[-176,-144],[-47,-31],[-53,-17],[-51,-1],[-30,117],[-103,-18],[-53,-33],[-70,-84],[140,-28],[-26,-36],[-2,-3],[-30,-37],[-53,-41],[-31,-15],[-6,-5],[-8,-3],[-7,-5],[-7,-4],[-32,-15],[-15,-8],[-29,-18],[-22,-13],[-20,-14],[-14,-10],[-11,-10],[-35,-33],[-8,-11],[-3,-13],[2,-12],[11,-12],[18,-12],[26,-10],[80,-16],[18,-3],[11,-8],[6,-11],[2,-11],[0,-8],[-3,-8],[-6,-9],[-16,-22],[-28,-40],[-9,-13],[-10,-18],[-5,-17],[-3,-11],[0,-10],[-19,-2],[-168,-13],[-87,18],[-120,53],[-91,41],[-147,23],[-159,-41],[-81,8],[-99,36],[49,81],[-11,50],[-49,89],[-30,9],[-226,62],[-112,30],[66,119],[53,31],[23,46],[11,23],[-38,21],[-184,-17],[-43,23],[-35,60],[-170,76],[-66,-10],[-41,30],[189,196],[-110,38],[-140,-25],[-23,71],[-14,41],[-67,-19],[-22,-53],[-1,-17],[-5,-101],[-49,-14],[7,-80],[80,-60],[2,-41],[-97,-150],[-83,-62],[-156,-28],[-125,-67],[-168,13],[-58,-39],[-9,-19],[-36,-82],[-54,-5],[-57,-4],[-176,-70],[-122,-12],[-57,-32],[-221,-3],[-76,21],[-207,-141],[25,-29],[120,-141],[-8,-19],[-186,-106],[3,-12],[17,-75],[-35,-10],[-139,-38],[-40,-12],[-53,23],[-86,37],[-94,-35],[-33,-7],[-50,-10],[-87,-18],[-184,-39],[-309,2],[-70,-29],[-72,-35],[-89,-40],[-95,-101],[-11,-11],[-66,2],[-58,-83],[-80,-67],[-5,-62],[52,-25],[62,-28],[54,-59],[32,-45],[0,-49],[-74,-57],[-22,-43],[-95,-39],[-18,-44],[-66,-25],[-63,-36],[-87,-13],[-71,-28],[-61,-50],[-68,12],[-105,-92],[-29,-46],[-81,-18],[-40,-39],[-30,-69],[-45,5],[-284,-134],[11,-47],[25,-53],[8,-18],[37,-107],[11,-32],[90,6],[23,-49],[39,-85],[-87,-38],[7,-43],[-57,-32],[-14,-24],[-43,-73],[50,-21],[-23,-42],[14,-38],[55,-38],[38,-26],[137,-170],[78,-58],[272,-113],[160,-56],[227,-111],[48,-51],[80,-81],[14,-70],[93,-61],[128,-29],[20,-68],[62,-20],[34,-49],[122,-65],[304,-64],[129,-69],[-13,-19],[-3,-15],[-9,-12],[-9,-7],[-16,-6],[-93,-24],[-16,-9],[-15,-8],[-13,-10],[-6,-4],[-12,-11],[-11,-12],[-22,-23],[-2,-3],[-22,-27],[-18,-24],[-17,-26],[-13,-22],[-2,-4],[5,-59],[0,-15],[-1,-8],[-3,-8],[-22,-30],[-8,-11],[-11,-10],[-12,-9],[-13,-9],[-22,-8],[-18,-16],[-9,-10],[-5,-7],[-4,-5],[-2,-6],[1,-11],[17,-50],[3,-3],[2,-4],[2,-10],[-3,-9],[-14,-43],[-3,-8],[-4,-13],[-3,-8],[1,-12],[22,-224],[4,-15],[4,-18],[8,-15],[31,-37],[9,-6],[6,-4],[14,-14],[2,-5],[5,-9],[4,-13],[-1,-13],[-6,-14],[-7,-24],[-2,-23],[3,-23],[4,-19],[10,-23],[15,-16],[19,-20],[26,-21],[34,-26],[9,-8],[7,-7],[1,-7],[0,-8],[-8,-10],[-53,-50],[-3,-3],[-9,-7],[-6,-9],[-47,-98],[-4,-12],[-2,-11],[-7,-63],[0,-15],[0,-16],[1,-12],[5,-13],[10,-13],[61,-82],[6,-9],[1,-9],[-3,-9],[-24,-24],[-11,-11],[-9,-11],[-1,-13],[2,-13],[7,-16],[34,-63],[7,-24],[-1,-14],[-4,-12],[-3,-17],[-2,-25],[9,-18],[14,-11],[24,-9],[19,-4],[15,-1],[17,-4],[15,-5],[12,-8],[36,-28],[-31,-18],[-13,-8],[-18,-7],[-25,-5],[-28,2],[-39,8],[-83,18],[-18,1],[-16,-2],[-5,-8],[0,-8],[4,-11],[6,-7],[-23,-31],[-117,73],[11,89],[-23,151],[-277,347],[-22,10],[-63,48],[-94,101],[-63,30],[-87,59],[-98,70],[-103,35],[-138,-36],[-43,-58],[-26,-14],[-172,-95],[-38,-67],[-169,-64],[-14,-42],[-69,-22],[-49,38],[-38,50],[-54,28],[-58,-19],[-51,-37],[-58,97],[-86,99],[-128,-5],[-120,29],[-39,50],[-73,-14],[-53,9],[0,2],[4,45],[0,32],[-1,22],[-12,21],[-20,25],[-18,22],[-23,15],[-35,14],[-32,17],[-25,16],[-24,18],[-20,20],[-8,19],[-12,26],[-3,16],[4,15],[-158,28],[-91,8],[-45,-26],[-34,-20],[-240,-158],[-61,-41],[-21,-398],[-55,-201],[-79,2],[-89,-69],[-25,-19],[-60,1],[-75,2],[52,-44],[44,-31],[8,-61],[-27,-21],[-11,-7],[-23,-8],[-71,-26],[7,-14],[31,-64],[-37,-43],[84,-50],[24,-16],[57,-38],[-54,-99],[-40,-19],[-162,7],[-45,2],[-53,-75],[64,-15],[5,-112],[-69,-118],[57,-22],[144,129],[78,-44],[-142,-109],[118,-69],[-45,-47],[57,-41],[116,-86],[-50,-123],[-35,-46],[-98,-40],[-16,-7],[-53,-2],[-43,-42],[-25,-27],[-58,-3],[-125,-9],[-108,60],[-105,64],[-13,-25],[-12,-28],[-9,-13],[-15,-24],[-4,-22],[-2,-21],[-89,-35],[-78,-1],[-89,139],[-255,49],[-43,-9],[-168,19],[-118,-101],[-32,-106],[-153,-199],[-107,-81],[-58,-27],[-78,-36],[-66,-30],[-71,-57],[-24,-42],[23,-34],[12,-17],[9,-45],[-185,-111],[-40,-24],[-198,-3],[-73,0],[-71,0]],[[69351,55673],[8,303],[-8,85],[-22,69],[-38,65],[-44,54],[-85,73],[-119,101],[-74,62]],[[80440,87601],[70,-37],[763,-81],[190,220],[274,41],[21,20],[2,22],[-9,32],[165,161],[82,27],[106,36],[37,-50],[84,-111],[118,15],[143,20],[150,0],[254,0],[32,-2],[207,-131],[141,-89],[61,-39],[35,-22],[68,-79],[92,-98],[194,-208],[100,-107],[16,-145],[196,20],[-1,-45],[2,-19],[3,-20],[-2,-38],[-12,-29],[-33,-24],[-14,-28],[-17,-31],[-29,-26],[-23,-33],[-31,-33],[-3,-6],[-11,-18],[-32,-32],[-24,-27],[-26,-30],[-37,-24],[-54,-15],[-46,-12],[-52,-10],[-58,-13],[-50,-6],[-98,-236],[-23,-291],[9,-260],[8,-140],[108,-162],[53,-79],[67,-32],[114,-54],[85,-102],[26,-33],[118,-143],[155,-11],[-19,-84],[-22,-99],[94,-150],[93,-114],[41,32],[232,-175],[114,-87],[26,-75],[-71,-35],[92,-141],[-73,-46],[4,-10],[27,-65],[-108,-48],[8,-34],[7,-35],[22,-101],[-52,-27],[-78,0],[-9,-55],[100,-10],[-261,-270],[-167,-103],[-61,-39],[80,-120],[241,-85],[181,-56],[126,-39],[97,-33],[171,-71],[49,-92],[24,-47],[98,1],[24,-289],[-17,-44],[-36,-93],[-36,-95],[-103,-162],[-26,-100],[8,-91],[-174,-306],[-51,-130],[-65,-75],[-25,-203],[3,-75],[-73,-36],[-74,-17],[11,-51],[-72,-26],[19,-77],[-75,-31],[-34,-141],[-14,-54],[-10,-47],[94,-36],[21,-38],[39,-73],[62,-108],[33,-53],[-87,-46],[-137,-26],[-264,-50],[-184,15],[-118,-19],[-5,-58],[-2,-25],[-98,-77],[-79,-9],[-56,-7],[-40,-31],[-46,-36],[-15,-91],[16,-24],[11,-16],[11,-15],[16,-25],[38,-26],[20,-13],[10,-7],[14,-9],[10,-4],[24,-9],[35,-13],[15,-5],[74,11],[20,20],[27,30],[79,-7],[-103,-205],[-28,-55],[-72,43],[-41,25],[-295,-80],[-109,-7],[-80,-76],[-42,26],[-54,35],[-13,47],[-84,-7],[-18,25],[-160,12],[-81,66],[-45,-32],[-34,-33],[-142,160],[-304,-4],[-129,36],[-182,-19],[-86,-41],[-32,216],[-29,186],[-44,19],[-41,39],[-25,94],[-79,13],[-176,30],[-94,26],[-35,48],[-45,-13],[-42,41],[-35,-8],[-20,48],[-186,11],[-67,49],[1,61],[-70,103],[-187,-1],[54,-161],[-80,-63],[-73,-27],[-72,-27],[-86,2],[-62,18],[-31,-34],[-212,-33],[8,-28],[4,-2],[33,-18],[-4,-54],[-59,-96],[24,-110],[-186,-119],[27,-10],[19,-15],[-270,-261],[-53,22],[-111,-99],[-54,-71],[-46,-58],[28,-33],[-73,-59],[-32,5],[-52,-61],[-184,58],[-51,-55],[-26,-61],[-57,-21],[-92,-34],[-81,-92],[-41,-47],[-64,-55],[-80,-67],[17,-19],[101,-114],[37,-114],[-84,-62],[-159,-67],[-49,-82],[-171,-64],[-61,4],[-45,-21],[72,-92],[-5,-82],[56,-233],[42,-88],[35,-54],[33,-51],[61,-52],[-137,-84],[-155,-52],[-104,-7],[-66,-18],[51,-44],[46,-40],[-35,-73],[24,-84],[-93,-143],[10,-76],[46,-37],[-37,-47],[119,-101],[149,-3],[27,-138],[51,-1],[-4,-67],[-66,-95],[29,-81],[103,21],[-67,-68],[13,-70],[168,-25],[45,-29],[85,-54],[12,-63],[-21,-51],[63,-50],[110,-86],[50,-138],[46,-29],[154,-30],[74,-18],[18,-5],[133,-34],[14,-3],[-39,-114],[5,-29],[34,-190],[13,-66],[-70,-35],[-23,-12],[-43,-54],[25,-96],[-334,-67],[38,-110],[-171,-29],[-263,-40],[-51,-53],[-6,-31],[-17,-88],[23,-41],[-398,-66],[-85,-14],[-110,-27],[-3,-87],[129,-79],[61,63],[131,22],[125,-23],[95,-3],[40,-87],[-162,-21],[-33,-54],[9,-36],[63,-36],[59,-70],[11,-80],[-88,-83],[-75,-21],[-3,-51],[-32,-109],[-60,-101],[24,-43],[-39,-94],[-263,-192],[-150,32],[-216,19],[-82,-151],[8,-101],[208,-18],[16,-66],[22,-81],[53,-38]],[[23339,44577],[10,138],[81,105],[-6,63],[253,51],[345,86],[91,6],[36,79],[3,-21],[39,-54],[11,-44],[9,-17],[19,-10],[35,-6],[68,-6],[37,-15],[2,-8],[-5,-14],[-28,-64],[-7,-20],[-2,-15],[3,-17],[14,-18],[23,-19],[23,-8],[62,-6],[38,-6],[23,-14],[39,-23],[23,-29],[8,-22],[8,-17],[15,-8],[36,-10],[23,-26],[10,-18],[-5,-25],[-6,-28],[15,-9],[17,-12],[13,-21],[21,-31],[-6,-32],[-7,-19],[-12,-22],[-15,-24],[-6,-30],[-10,-22],[-6,-14],[-1,-14],[9,-21],[21,-30],[41,-44],[34,-18],[32,-22],[26,-25],[43,-44],[20,-24],[31,-50],[22,-17],[37,-6],[22,-6],[8,-20],[-1,-26],[-13,-27],[-47,-41],[-15,-27],[-45,-61],[-42,-59],[-20,-45],[-19,-46],[6,-41],[21,-17],[26,-61],[35,-41],[36,-33],[51,-27],[59,-29],[47,-106],[10,1],[64,8],[81,6],[89,1],[98,-10],[87,-22],[96,-27],[74,-31],[82,-37],[96,-43],[79,-42],[71,-39],[65,-35],[71,-37],[85,-47],[35,-10],[41,-4],[64,8],[82,14],[4,-43],[-85,-11],[-65,-6],[-56,-5],[-309,-57],[-119,-35],[-94,-45],[-103,-45],[-60,-23],[-59,-17],[-47,-7],[-38,-7],[-53,-11],[-54,-12],[-221,-51],[-45,-12],[-24,-7],[-36,-11],[-45,-15],[-53,-21],[-46,-26],[-28,9],[-14,3],[-15,3],[-16,1],[-17,0],[-26,-1],[-25,-4],[-22,-6],[-22,-7],[-13,-5],[-13,-6],[-17,-9],[-12,-11],[-5,-6],[-2,-2],[-18,-18],[-13,-15],[-18,-25],[-13,-33],[-9,-31],[-2,-18],[-5,-14],[-2,-19],[-1,-15],[-4,-45],[5,-68],[19,-67],[32,-56],[48,-59],[7,-71],[12,2],[1,-12],[251,23],[20,48],[69,47],[25,17],[75,0],[65,-22],[64,-21],[200,-104],[120,-47],[103,-26],[14,-77],[113,-177],[110,-124],[83,7],[133,-28],[67,-14],[-23,-81],[-24,-83],[10,-191],[-294,16],[-165,-46],[-40,-37],[-31,-11],[-34,-12],[-44,-16],[-69,-25],[-144,-52],[-54,-30],[-72,84],[-22,49],[-21,47],[-80,41],[-131,-103],[-207,-80],[-26,-5],[-82,-11],[-184,-25],[-38,-5],[-62,-76],[-90,-70],[-164,-157],[-116,-35],[7,-43],[-24,-59],[-10,-128],[36,-47],[75,-20],[34,-8],[18,-13],[10,-14],[15,-13],[25,-12],[140,-41],[25,53],[47,111],[-22,116],[134,5],[83,-122],[101,-144],[-19,-168],[86,-51],[77,5],[35,105],[88,101],[105,98],[75,71],[67,-78],[-30,-68],[-103,-135],[-119,-140],[-60,-60],[115,-110],[13,-68],[66,-8],[111,35],[16,-13],[30,-47],[63,-41],[85,-29],[53,-49],[161,-155],[176,-74],[32,-99],[80,29],[138,19],[107,80],[114,24],[17,-15],[14,-9],[4,-24],[15,-29],[43,-52],[-30,-37],[-45,-36],[-27,-33],[-11,-29],[-15,-55],[-42,-31],[-19,-27],[-11,-34],[-1,-36],[5,-42],[-21,-23],[-28,-17],[-34,-10],[-26,-10],[-22,-10],[-58,67],[-421,270],[-27,-20],[-70,-52],[-41,-26],[-70,-25],[-137,-34],[-67,-6],[68,-51],[-22,-119],[-9,-48],[45,-21],[-21,-43],[68,-14],[-23,-49],[-89,-145],[-157,-140],[77,-39],[28,-14],[5,-81],[7,-72],[-268,93],[-36,-67],[-76,-17],[-74,-17],[-100,-163],[-123,-198],[-184,61],[-95,-45],[54,144],[-65,25],[-59,-243],[-156,80],[-101,-43],[-37,-44],[-75,-54],[-82,16],[-248,64],[-40,-48],[-75,21],[-72,82],[-22,42],[-45,-14],[18,105],[-104,8],[-45,-31],[-44,-53],[-81,12],[-82,-9],[-23,-42],[-19,-29],[-11,-27],[-17,-37],[1,-35],[-5,-33],[-9,-22],[-19,-25],[-18,-28],[-19,-25],[-22,-37],[-18,-36],[-53,-83],[-137,98],[-93,-137],[-74,-119],[-63,31],[-192,73],[-256,99],[-82,-32],[-82,-37],[-228,-101],[-114,-2],[-94,-11],[-91,-36],[-114,19],[136,126],[-158,-54],[-42,45],[96,71],[-38,51],[102,55],[-199,158],[41,55],[58,77],[144,184],[198,216],[37,47],[37,60],[-77,37],[-149,72],[-145,-107],[-148,-94],[-185,-89],[-1118,-420],[-86,-35],[-79,-33],[-54,-31],[-51,-36],[-39,-31],[-40,-37],[-52,-48],[-61,-63],[-49,-45],[-65,-19],[-49,-6],[-63,-3],[-68,8],[-50,13],[70,348],[24,150],[12,78],[-55,86],[-74,37],[-84,149],[4,259],[-114,101],[72,62],[-106,62],[-36,21],[173,234],[42,83],[-48,112],[-111,137],[164,109],[64,39],[16,46],[2,41],[13,42],[176,140],[86,46],[76,58],[85,89],[137,127],[27,68],[122,56],[55,26],[43,-16],[111,-10],[74,-28],[55,0],[119,-15],[73,-17],[225,-43],[90,-4],[79,7],[86,25],[65,28],[-87,87],[240,152],[134,37],[231,46],[138,113],[-248,42],[-35,87],[25,64],[-37,29],[-105,84],[-140,-8],[-49,-3],[-157,30],[-149,36],[-96,21],[-90,13],[74,103],[21,54],[-122,79],[-128,-10],[55,123],[5,44],[129,-21],[195,-86],[36,24],[56,34],[58,31],[-38,39],[-18,37],[-17,20],[-38,14],[-55,19],[-61,28],[-71,51],[117,72],[113,-22],[78,0],[49,-1],[29,-5],[28,-10],[28,-16],[44,-17],[46,-11],[58,-6],[99,-4],[167,-7],[140,-4],[95,0],[56,6],[38,9],[64,26],[45,19],[67,21],[67,15],[145,-3],[-19,84],[-54,71],[-12,48],[29,100],[49,7],[-21,91],[2,37],[59,31],[9,102],[106,32],[45,145],[-31,39],[17,39],[10,23],[-71,53],[5,43],[68,29],[101,40],[187,41],[137,45],[185,101],[94,71],[59,64],[67,96],[63,178],[41,122],[8,126],[19,88],[60,45],[60,7],[162,170],[-81,20],[-39,42],[24,86],[114,252],[74,75],[31,189],[100,169],[-36,154]],[[38899,36579],[-89,-70],[-78,-57],[-93,-76],[-114,-43],[-166,-207],[-279,53],[-40,0],[-131,-78],[-226,-116],[-54,-32],[-400,-199],[-493,207],[-141,25],[-134,-3],[-102,37],[-95,7],[-120,-38],[-18,23],[4,28],[73,94],[103,69],[72,-2],[42,60],[-60,48],[-24,77],[-123,-14],[-59,87],[28,70],[-125,94],[-78,14],[-121,22],[-12,53],[-99,44],[-55,24],[-51,7],[-59,37],[-14,145],[-11,140],[4,3],[44,35],[29,52],[8,39],[-17,52],[-20,39],[0,50],[33,55],[49,19],[49,33],[38,27],[20,32],[26,43],[7,42],[33,51],[32,36],[39,18],[41,31],[10,46],[-20,43],[-13,53],[-13,78],[-24,40],[-44,47],[-67,42],[-51,31],[-57,60],[-7,47],[-10,47],[-56,1],[-89,-24],[-38,-13],[-21,-16],[-22,-9],[-37,-5],[-72,19],[-65,17],[-62,20],[-28,15],[-41,19],[-35,20],[-48,34],[-18,26],[-19,36],[-27,56],[-24,37],[-38,58],[-30,51],[-27,66],[-14,43],[-10,57],[-5,37],[-5,26],[-21,40],[-7,5],[-12,6],[-51,21],[-44,-4],[-44,0],[-56,17],[-37,23],[-19,23],[-10,25],[-14,13],[-30,10],[-53,13],[-39,11],[-33,16],[-44,42],[-50,20],[-45,9],[-53,11],[-27,7],[-16,4],[-36,29],[-10,44],[-7,29],[-16,32],[-25,20],[-43,13],[-42,4],[-13,-3],[-35,-6],[-63,-14],[-39,-3],[-27,12],[-21,21],[-21,31],[-8,38],[-6,32],[14,41],[4,31],[-16,17],[-33,6],[-61,-2],[-48,1],[-4,1],[-10,1],[-43,23],[-23,17],[-40,14],[-42,3],[-27,-4],[-39,-6],[-4,-1],[-63,-14],[-40,9],[-39,16],[-8,11],[-13,18],[-11,33],[-6,40],[5,68],[-3,41],[-1,68],[6,58],[-6,53],[-3,43],[-15,40],[-37,23],[-52,11],[-46,9],[-61,-3],[-35,7],[-2,19],[-17,128],[-25,56],[-29,68],[-138,290],[-11,152],[-5,-34],[-29,-74],[-19,-18],[-30,-19],[-24,-33],[-54,20],[-69,25],[18,48],[-10,118],[-13,35],[-29,25],[-82,16],[-45,34],[-140,52],[-242,14],[-20,76],[-65,18],[141,189],[94,67],[92,-84],[30,69],[124,106],[58,13],[130,16],[137,26],[94,25],[-12,31],[-22,34],[1,30],[33,43],[41,29],[5,4],[8,2],[9,-1],[14,0],[11,0],[47,-8],[45,-8],[25,3],[16,12],[2,3],[10,14],[11,19],[2,41],[-13,40],[-32,37],[-31,34],[-22,37],[4,48],[16,39],[52,62],[29,41],[17,41],[-4,51],[-15,42],[-24,25],[-43,18],[-56,13],[-71,18],[-30,18],[-16,41],[20,43],[95,-13],[55,-14],[81,-61],[74,-36],[104,2],[96,28],[42,39],[37,55],[23,66],[22,19],[79,-45],[85,-14],[139,-125],[56,-4],[101,-35],[73,36],[102,-36],[0,39],[386,128],[68,-72],[203,15],[228,177],[-1,74],[-136,83],[64,114],[121,76],[-75,131],[-131,60],[4,116],[-49,69],[-250,160],[-125,-104],[-100,13],[-80,-10],[-41,-19],[-80,50],[-66,-18],[-12,27],[-106,-24],[-41,-48],[-147,103],[-270,-8],[3,102],[-43,35],[-134,108],[-195,86],[-111,-7],[-26,45],[-28,45],[-64,95],[-31,50],[-45,70],[-35,58],[-19,32],[-6,13],[-8,21],[-8,19],[-13,27],[-14,39],[-20,56],[-149,20],[-79,28],[-82,161],[-42,242],[32,159],[-169,-26],[2,32],[1,36],[67,27],[72,79],[116,27],[-147,40],[-152,106],[33,32],[-190,38],[-29,51],[2,48],[23,32],[32,49],[7,59],[3,40],[-2,44],[-24,50],[-36,32],[-54,17],[-61,25],[-46,33],[-30,35],[-13,47],[-4,51],[28,28],[-3,47],[24,21],[55,46],[-72,84],[-32,21],[-142,-158],[-92,-130],[136,-259],[-30,-74],[-6,-73],[-27,-47],[-116,-51],[-126,-36],[-79,-28],[-117,-23],[-121,-4],[-114,2],[-65,30],[-65,48],[-42,60],[-48,86],[-33,-20],[-170,-80],[-53,-58],[-70,16],[-61,8],[-118,-30],[-175,-21],[-138,-23],[-3,-104],[-48,-25],[-99,-60],[-89,53],[-161,64],[-120,40],[-411,-400],[-90,-3],[-157,-135],[-13,9],[-144,114],[-166,129],[266,230],[-177,69],[100,91],[-101,68],[-19,27],[-91,139],[-103,217],[21,82],[-67,45],[-42,37],[-43,63],[-108,13],[-65,18],[-79,17],[-69,15],[-77,9],[-67,8],[-72,11],[-82,9],[-58,3],[-59,6],[-44,-2],[-35,-10],[-38,-36],[-46,-14],[-65,6],[-24,6],[-22,4],[-41,10],[17,41],[136,213],[63,27],[-13,43],[-40,81],[-13,228],[-68,-1],[-39,12],[-20,5],[-51,33],[-134,4],[-80,-36],[-105,-40],[-181,-114],[-76,-19],[-64,-54],[-120,-125],[-85,-127],[-93,-58],[-105,-13],[-45,-42],[-23,-37],[-343,89],[-104,65],[26,50],[27,51],[-216,84],[73,55],[168,85],[-13,93],[-38,96],[-146,241],[-123,163],[-151,100],[0,113]],[[25028,47487],[7,68],[19,60],[18,93],[-1,188],[0,79],[-1,92],[0,107],[-14,74],[-42,71],[-77,86],[-91,67],[-132,27],[-207,3],[-41,140],[-1,179],[87,-82],[198,-53],[-23,118],[104,272],[21,126],[1,111],[-76,126],[-4,19],[-38,169],[-16,54],[-117,47],[-43,17],[-134,-10],[12,66],[-41,9],[-22,85],[-150,-88],[-263,274],[-65,162],[-64,93],[-22,26],[-64,166],[100,18],[26,30],[125,34],[-5,37],[327,218],[161,118],[322,248],[175,142],[134,168],[230,-96],[89,-13],[38,-5],[86,-14],[51,15],[100,68],[-24,19],[-9,31],[-24,51],[-32,46],[-29,51],[-39,49],[0,43],[16,41],[-11,23],[-68,27],[-43,32],[-9,54],[14,32],[27,40],[-5,18],[-28,1],[-34,-7],[-32,0],[-67,15],[-54,30],[-35,42],[-32,55],[-13,64],[10,51],[18,29],[9,11],[30,18],[36,16],[12,25],[-8,25],[-34,33],[-30,28],[-21,45],[16,30],[17,29],[-18,33],[-28,35],[-46,35],[-49,35],[-37,33],[14,32],[24,16],[11,22],[-27,33],[-14,11],[-16,15],[-43,33],[-49,29],[-46,43],[-3,18],[-4,33],[17,35],[25,27],[15,30],[-15,29],[-33,26],[-61,32],[-58,17],[-48,13],[-33,28],[-25,38],[-4,6],[-24,37],[-26,20],[-36,13],[-33,13],[-16,20],[4,45],[12,36],[1,25],[-9,38],[-5,9],[-52,42],[33,95],[78,54],[106,46],[15,62],[-10,40],[-77,113],[-87,85],[-78,107],[35,125],[163,81],[127,30],[69,-10],[83,6],[235,1],[53,-6],[54,47],[-12,97],[-127,100],[-18,52],[-44,37],[-72,52],[-21,53],[-79,83],[-91,51],[-20,39],[-25,14],[-39,10],[-12,16],[-37,82],[-25,28],[-30,15],[-106,35],[-48,23],[-22,21],[4,53],[-10,42],[-4,60],[-11,67],[-33,70],[-35,47],[-37,47],[-17,49],[34,66],[26,69],[23,54],[8,61],[-24,55],[-33,34],[-44,29],[4,45],[9,16],[21,32],[32,50],[23,59],[11,55],[6,52],[4,7],[8,17],[9,18],[6,4],[31,19],[41,20],[19,27],[9,11],[11,29]],[[24556,56576],[10,22],[4,49],[9,47],[18,47],[28,81],[256,-2],[408,116],[431,-35],[73,-9],[85,142],[-17,71],[34,97],[115,-15],[112,179],[92,-11],[17,42],[66,162],[113,80],[60,42],[179,110],[46,56],[-21,90],[-73,30],[-61,92],[35,40],[37,40],[82,64],[132,64],[177,22],[128,-20],[17,-56],[29,-63],[38,-26],[118,17],[116,8],[69,-14],[12,-16],[6,-13],[29,-12],[69,-26],[46,-11],[14,-15],[0,-20],[-23,-31],[-33,-17],[-45,-4],[-56,-8],[-17,-21],[-12,-28],[3,-25],[39,-27],[47,-31],[98,-54],[263,110],[128,50],[189,74],[133,52],[155,61],[81,32],[273,106],[89,26],[213,62],[17,12],[22,4],[49,3],[15,12],[-1,11],[-18,19],[-22,23],[-9,30],[5,61],[23,51],[120,31],[57,-37],[142,13],[151,143],[182,-44],[149,54],[44,-46],[211,45],[139,60],[67,30],[186,17],[126,-26],[63,42],[133,104],[78,-51],[84,-57],[45,-86],[1,-6],[3,-14],[5,-14],[16,-41],[8,-28],[5,-14],[3,-6],[4,-7],[16,-24],[4,-7],[4,-6],[6,-5],[29,-17],[41,-26],[29,-30],[4,-4],[28,-41],[16,-29],[28,-30],[37,-26],[43,-17],[81,-33],[131,-29],[108,-17],[38,-18],[18,-83],[34,-33],[28,-39],[-10,-17],[-31,-21],[-39,-45],[-26,-41],[-14,-41],[2,-36],[25,-40],[2,-12],[-10,-24],[-9,-36],[0,-17],[15,-22],[36,-24],[28,-33],[45,-17],[37,-12],[52,-23],[37,-8],[55,4],[33,-4],[24,-16],[29,-23],[56,-15],[42,-8],[35,-19],[42,-33],[63,-21],[16,-17],[8,-25],[4,-29],[7,-30],[197,96],[92,-93],[104,-163],[-96,-16],[-98,8],[-3,-19],[10,-31],[31,-42],[0,-32],[14,-36],[20,-17],[32,-31],[38,-33],[22,-26],[-5,-33],[-3,-21],[-4,-18],[-12,-30],[-15,-34],[-7,-37],[14,-35],[3,-10],[17,-26],[41,-30],[36,-17],[37,-10],[22,-17],[6,-25],[-10,-27],[-12,-35],[-3,-42],[-5,-35],[-2,-39],[15,-14],[20,-12],[32,-21],[6,-23],[-8,-12],[-25,-15],[-17,-13],[0,-23],[3,-7],[11,-23],[6,-21],[8,-33],[7,-27],[11,-8],[27,-7],[24,0],[13,-8],[-2,-16],[-48,-31],[-6,-12],[1,-21],[16,-16],[31,-15],[65,-18],[19,-12],[9,-24],[27,-10],[43,42],[321,90],[14,-21],[60,32],[106,56],[-28,45],[456,273],[39,88],[49,-47],[91,42],[-28,101],[118,4],[103,68],[44,-46],[49,-22],[31,-10],[34,-20],[17,-43],[13,-23],[29,-34],[33,-33],[26,-7],[8,-24],[-7,-31],[7,-37],[48,-46],[7,-26],[17,-31],[96,-8],[29,126],[47,56],[206,105],[164,84],[55,60],[88,27],[-68,179],[157,45],[-92,236],[206,55],[96,-68],[185,3]],[[25028,47487],[-43,68],[-40,65],[-55,87],[-31,23],[-97,-45],[-19,15],[-72,57],[-96,75],[-105,91],[-75,60],[-25,34],[-87,118],[-31,-5],[-3,-139],[-85,-206],[-49,-64],[-93,-47],[-63,97],[-19,30],[-61,-18],[-112,-32],[-27,-20],[-89,-63],[-19,-83],[32,-123],[20,-66],[-148,-10],[-15,-99],[-140,-7],[31,-118],[18,-77],[119,44],[36,-65],[-18,-13],[-67,-31],[-98,-36],[-48,-16],[-8,-4],[-34,-16],[-45,-26],[-49,-26],[-51,-21],[-9,-4],[-82,-21],[-67,-21],[-86,-24],[-66,-14],[-61,-11],[-52,-5],[-73,-10],[-78,-28],[-77,-37],[-12,-8],[-32,-24],[-47,-38],[-40,-43],[-39,-39],[-31,-37],[-43,-37],[-51,-35],[-59,-44],[-89,24],[-50,-28],[-59,-81],[-26,-89],[-53,-56],[-16,-151],[-43,4],[-62,4],[-79,24],[-91,27],[-99,47],[-61,32],[-71,46],[-43,34],[-27,17],[-28,21],[-43,44],[-23,29],[-20,29],[-17,20],[-32,17],[-40,7],[-47,1],[-32,-4],[-44,-11],[-48,-23],[-15,-10],[-18,-13],[-31,-32],[-24,-41],[-28,-48],[-22,-33],[-42,-31],[-46,-15],[-11,-1],[-47,-6],[-61,4],[-55,12],[-57,21],[-50,29],[-30,33],[-16,42],[5,214],[5,46],[9,20],[28,39],[30,27],[56,39],[40,31],[31,24],[27,29],[12,45],[-1,50],[-5,40],[-15,54],[-27,76],[-2,48],[-210,-3],[50,-49],[1,-45],[-52,-2],[-88,-5],[-37,-2],[6,-37],[-25,-69],[-7,-87],[-101,-29],[-24,-4],[-93,-23],[-106,-47],[16,-56],[-165,-78],[26,-114],[14,-94],[11,-51],[-126,-113],[6,-36],[39,-75],[-11,-91],[19,-41],[24,-29],[-43,-60],[-148,-193],[-45,-28],[-82,7],[-122,28],[-143,16],[-70,-82],[-95,-39],[-190,38],[-68,-57],[-127,-79],[-95,-32],[-72,-7],[-97,59],[-85,-50],[-99,-24],[-189,-31],[-61,-34],[-53,-48],[-141,-72],[-125,-81],[-37,-65],[-5,-60],[-86,-39],[-210,-83],[36,-49],[102,-91],[158,-122],[49,-132],[-105,-66],[32,-63],[56,-67],[3,-124],[-91,-40],[-47,26],[-75,-12],[-23,136],[-50,5],[-159,21],[-160,6],[-43,-4],[-95,-39],[-139,-66],[-111,-85],[-226,50],[-110,-105],[-115,-72],[-41,-25],[-203,-128],[-61,-51],[16,-43],[-309,-206],[62,-39],[64,31],[79,-74],[-252,-156],[-61,30],[-36,-28],[-97,55],[-87,-6],[-62,-84],[-7,-13]],[[15130,43246],[-93,49],[-65,17],[-57,-13],[-136,-95],[-100,-44],[-127,-115],[-172,-214],[-94,-70],[-39,-8],[-71,3],[-41,-3],[-156,18],[-127,-15],[-32,3],[-39,37],[-21,45],[-5,48],[-20,11],[-172,-41],[-105,-58],[-103,-84],[-40,-16],[-41,6],[-85,34],[-65,51],[-34,66],[-8,111],[-21,19],[-215,4],[-226,40],[-242,49],[-155,66],[-106,17],[-54,28],[-125,83],[-59,48],[-117,167],[-72,85],[-44,29],[-104,68],[-41,49],[-139,113],[-93,146],[-71,66],[-67,43],[-71,81],[-22,42],[-173,108],[-68,113],[-129,161],[-61,95],[-103,60],[-46,2],[-89,-9],[-148,5],[-300,-14],[-271,-58],[-100,-38],[-29,-22],[-21,-32],[-71,-339],[-47,-82],[-76,-64],[-69,-35],[-158,-56],[-91,-8],[-64,17],[-187,114],[-7,-2],[-59,72],[-13,41],[5,65],[-11,63],[15,32],[7,63],[61,94],[43,193],[-1,38],[-24,45],[-40,39],[-147,113],[-141,227],[-23,51],[-7,62],[38,140],[-13,68],[-14,43],[-31,50],[-50,54],[-46,34],[-52,4],[-83,-17],[-88,-42],[-180,-110],[-48,-16],[-66,-8],[-46,4],[-53,27],[-55,47],[-65,77],[-60,114],[-7,68],[17,64],[-13,24],[-78,31],[-59,1],[-44,-10],[-25,6],[-18,15],[-12,9],[-17,14],[-113,142],[0,0],[-57,10],[-56,-8],[-85,-61],[-33,-13],[-58,-23],[-112,20],[0,0],[-36,25],[-88,58],[-83,30],[-38,6],[-32,4],[-57,29],[-147,46],[-9,33],[-23,26],[-44,24],[-34,31],[-49,145],[-76,82],[-231,132],[-29,97],[-67,61],[-10,17],[-25,43],[-6,12],[-17,22],[-26,14],[-42,1],[-56,3],[-27,2],[-70,11],[-59,15],[-25,13],[-21,12],[-32,28],[-37,37],[-36,33],[-40,28],[-35,24],[-25,17],[-15,18],[-8,23],[-13,72],[-5,35],[-13,28],[-18,56],[-8,33],[1,35],[1,0],[0,3],[0,9],[0,6],[0,1],[-1,3],[0,0],[0,0],[-2,4],[-4,5],[-3,14],[-21,31],[-40,41],[-69,53],[-36,31],[-22,9],[-12,15],[-3,18],[3,26],[11,11],[15,3],[29,-6],[67,-15],[7,0],[1,-1],[0,0],[7,0],[2,0],[1,0],[10,-1],[24,1],[8,3],[3,0],[0,0],[0,0],[1,2],[9,3],[11,12],[11,9],[25,17],[34,24],[12,15],[4,17],[-2,23],[-2,7],[-1,6],[-1,7],[-1,5],[-2,6],[0,1],[0,0],[0,0],[-1,4],[-3,6],[-2,4],[0,1],[-2,3],[-2,5],[-1,1],[-6,19],[-22,50],[-24,69],[-26,56],[-31,50],[-44,54],[-17,18],[-24,10],[-23,3],[-60,2],[-56,2],[-45,8],[-102,19],[-55,15],[-50,15],[-37,11],[-23,18],[-8,29],[3,33],[3,6],[2,5],[14,32],[24,25],[9,6],[4,3],[27,16],[44,15],[46,21],[40,20],[29,33],[5,-2],[13,-5],[8,0],[0,0],[34,28],[0,0],[7,7],[7,5],[15,16],[1,3],[4,6],[0,0],[4,19],[-1,2],[0,2],[-11,32],[-2,2],[0,3],[-2,3],[-29,60],[-8,4],[-2,5],[0,1],[-1,0],[-1,3],[-8,17],[-2,0],[-22,-1],[-1,4],[2,6],[6,10],[2,4],[6,11],[1,6],[19,-1],[1,0],[0,0],[0,0],[0,0],[13,32],[-60,13],[-11,19],[3,15],[69,59],[0,0],[87,59],[-85,108],[-28,-5],[-9,6],[6,30],[-28,34],[-31,19],[-11,30],[-64,27],[-11,20],[0,1],[-13,24],[-40,20],[8,25],[-9,4],[-65,21],[-41,21],[-27,13],[8,34],[1,1],[3,11],[68,5],[4,21],[0,4],[0,0],[1,0],[18,17],[46,43],[0,0],[141,93],[0,0],[0,1],[2,2],[13,44],[-2,0],[2,7],[0,0],[-3,0],[-22,1],[-25,0],[-31,1],[-23,1],[-36,0],[-4,0],[-16,0],[-18,0],[-6,0],[-14,1],[-22,0],[-14,0],[-15,0],[-35,1],[-55,0],[-26,1],[-28,0],[-27,0],[-26,1],[-3,0],[-4,0],[-32,0],[-23,1],[-3,3],[-118,137],[-12,37],[-1,4],[-1,3],[0,26],[0,10],[0,1],[-46,11],[-2,0],[-17,7],[-15,5],[-15,3],[-11,3],[-2,0],[-2,1],[-6,0],[-5,0],[-4,0],[-13,0],[-10,-4],[-3,-1],[-9,-2],[-3,0],[-4,-3],[-9,-5],[-5,-3],[-6,-3],[-21,-10],[-16,-13],[-16,-12],[-33,-23],[-49,-36],[-13,-37],[-36,-47],[-1,-56],[0,-34],[0,0],[0,0],[-3,-2],[-43,-38],[0,0],[0,0],[-1,-5],[-5,-5],[-7,-1],[-12,-2],[-1,-1],[-9,0],[0,2],[0,9],[0,0],[0,0],[0,0],[22,47],[-15,59],[0,0],[-1,2],[-1,2],[-2,1],[-2,0],[-6,2],[0,0],[-3,1],[-5,16],[-14,41],[-20,37],[-23,41],[-23,36],[-33,41],[-41,50],[-19,34],[-1,32],[34,60],[0,0],[1,6],[1,6],[3,10],[0,4],[0,5],[0,12],[0,0],[-3,24],[-10,78],[-59,87],[-10,53],[30,139],[-32,40],[-68,57],[0,0],[-42,-5],[-86,-33],[-57,-7],[-31,-4],[0,0],[-38,-11],[-87,-89],[-50,-84],[4,-16],[0,-2],[2,-5],[24,-31],[0,-1],[5,-7],[0,-2],[12,-36],[36,-55],[17,-35],[2,-8],[0,0],[-3,-40],[-14,-43],[5,-12],[60,-33],[2,0],[7,-2],[16,-14],[42,-16],[47,-14],[23,-8],[10,-18],[-14,-20],[-26,-17],[-4,-2],[-5,-3],[-3,-2],[-4,-3],[-2,-2],[-3,-3],[-6,-8],[-4,-5],[0,0],[-56,-37],[-71,-41],[-59,-24],[-59,-11],[-41,4],[-40,17],[-38,38],[-18,32],[-9,49],[-5,53],[-6,54],[-8,53],[-2,3],[0,6],[-18,58],[0,4],[-1,3],[0,2],[-1,9],[-1,3],[-4,24],[-3,14],[-16,26],[-20,10],[-29,9],[-39,5],[-35,2],[-44,10],[-38,23],[-33,28],[-22,36],[-20,37],[-26,47],[-20,54],[-21,63],[-39,46],[-32,26],[-26,47],[-4,45],[-4,56],[1,44],[2,19],[14,43],[9,29],[17,34],[1,2],[0,1],[12,24],[10,20],[4,9],[6,12],[0,0],[5,11],[1,17],[4,13],[-1,34],[16,37],[18,33],[34,30],[6,8],[0,0],[1,1],[10,13],[4,29],[-2,59],[12,36],[16,31],[20,8],[43,-11],[17,-1],[2,-1],[0,0],[2,-3],[37,-2],[8,11],[-7,22],[-55,34],[-73,20],[-26,-5],[-81,32],[-12,4],[-2,1],[-3,2],[-7,4],[-7,3],[-7,2],[-9,3],[-11,2],[-6,1],[-3,1],[-9,3],[-59,15],[-42,8],[-44,-2],[-10,-2],[-6,-1],[-8,-1],[-11,-1],[-7,-1],[-5,-2],[-8,-2],[0,0],[-1,0],[-48,2],[-39,3],[-36,7],[-31,23],[-20,25],[-33,21],[-28,14],[-3,2],[-8,6],[-10,7],[-7,5],[-2,1],[-9,8],[-4,3],[-2,1],[0,1],[-47,118],[-26,54],[-23,36],[-15,22],[0,0],[-1,4],[-1,1],[-2,1],[0,1],[-1,0],[-1,0],[-6,3],[-3,1],[-8,3],[-5,2],[-3,0],[-3,1],[-3,-1],[0,0],[-94,24],[-9,1],[0,0],[-7,1],[-6,1],[-8,1],[-2,0],[-9,1],[-5,0],[0,0],[-10,0],[-7,-1],[-12,-1],[-12,-1],[-13,-2],[-31,-4],[-13,-1],[-12,-1],[-12,-1],[-7,0],[-16,-1],[-9,0],[-16,3],[-16,3],[-11,4],[-20,14],[-9,7],[-4,5],[-7,8],[-5,5],[-3,2],[-4,4],[-4,3],[-11,11],[-32,29],[-31,47],[-31,34],[-7,23],[6,17],[42,41],[14,11],[16,1],[19,-7],[64,-31],[25,-20],[4,-5],[39,-24],[0,0],[12,-7],[12,-3],[14,-3],[3,-1],[24,4],[2,1],[2,0],[3,4],[1,1],[0,0],[8,7],[22,33],[20,51],[12,42],[1,36],[1,35],[7,28],[21,39],[33,56],[55,79],[7,59],[6,38],[-1,20],[1,6],[-1,1],[1,1],[-1,3],[0,3],[-3,4],[-1,4],[-8,9],[-5,4],[-8,7],[-17,20],[-15,11],[-2,3],[-2,4],[-2,2],[-2,3],[-2,1],[-4,2],[-1,0],[-1,1],[0,0],[-5,1],[-8,1],[-5,0],[-16,-1],[-12,-1],[-19,-1],[-48,-3],[-45,3],[-5,1],[-22,2],[-10,1],[-7,0],[-18,0],[-26,2],[-2,0],[-4,0],[-22,3],[-5,1],[-5,1],[-10,1],[-11,1],[-9,0],[-10,0],[-2,1],[-31,6],[-7,2],[-7,2],[-1,1],[-32,18],[-30,27],[-2,2],[-4,6],[-1,1],[-5,9],[-10,16],[-6,8],[-3,2],[-1,1],[-7,11],[-28,40],[-28,31],[-34,36],[-46,40],[-49,41],[-50,44],[-43,25],[-12,19],[5,26],[19,17],[26,8],[33,2],[28,-8],[28,-20],[8,-5],[73,-109],[3,-5],[21,-13],[12,-7],[20,-11],[40,-3],[1,1],[1,0],[37,22],[59,70],[56,21],[85,73],[2,3],[49,41],[53,63],[21,38],[0,1],[1,1],[0,2],[1,3],[-1,3],[-1,4],[-1,4],[-1,1],[0,2],[-8,8],[-1,1],[0,0],[-10,10],[-49,40],[-35,26],[-35,15],[-48,5],[-42,11],[-47,18],[-39,23],[-35,17],[-31,23],[-38,11],[-28,9],[-13,6],[-8,3],[-32,19],[-116,64],[-39,26],[-17,24],[-1,3],[-6,20],[-2,23],[1,39],[15,40],[26,47],[31,41],[27,31],[1,6],[1,1],[0,1],[2,2],[0,3],[2,5],[2,5],[0,6],[2,17],[0,10],[4,32],[7,28],[25,36],[35,55],[4,10],[11,17],[0,1],[0,0],[1,2],[0,2],[0,11],[0,3],[5,13],[-1,2],[-4,17],[-1,3],[-2,5],[-3,7],[0,0],[-6,20],[-23,48],[-35,61],[-29,39],[-44,37],[-48,47],[-37,46],[-38,42],[-32,46],[-32,56],[-26,47],[-27,40],[-36,19],[0,1],[-7,2],[-6,3],[-20,7],[-14,6],[-11,5],[-35,20],[-23,31],[-8,36],[-1,42],[23,38],[21,28],[2,2],[2,3],[65,122],[6,56],[-8,24],[-30,19],[-54,10],[-54,-16],[-13,-34],[0,0],[12,-23],[2,-76],[-16,-35],[-28,-17],[-49,2],[-28,-6],[-43,16],[-107,42],[-39,32],[-41,80],[3,41],[67,158],[-3,14],[0,0],[0,13],[-8,47],[3,16],[19,15],[20,5],[33,-1],[21,-8],[58,-44],[0,0],[31,-12],[28,0],[62,15],[20,29],[2,93],[17,90],[112,64],[86,39],[34,42],[50,30],[50,46],[-26,61],[-87,61],[-63,61],[0,0],[-44,-16],[-19,-14],[0,0],[-35,-66],[-18,-34],[-4,-23],[-7,-33],[-7,-16],[-4,-5],[-25,-18],[-32,-6],[-26,-1],[-22,0],[-16,5],[0,0],[-14,10],[-17,6],[-26,18],[-30,32],[-21,27],[6,23],[25,17],[34,18],[22,26],[0,26],[16,28],[24,23],[40,36],[29,42],[21,35],[16,38],[11,41],[5,41],[2,43],[-1,4],[1,7],[-2,9],[-2,5],[0,0],[-12,11],[-10,11],[-30,28],[-24,24],[-5,8],[-5,8],[-8,21],[-5,45],[5,35],[-9,40],[-1,35],[-3,46],[8,40],[11,46],[23,45],[25,33],[26,23],[51,17],[31,1],[30,-19],[34,-11],[53,-8],[37,-4],[26,-13],[33,-4],[36,-7],[39,-3],[44,8],[34,13],[22,26],[1,6],[0,0],[3,14],[0,0],[0,0],[-6,32],[-22,32],[0,0],[-8,3],[-7,1],[-10,-1],[-2,0],[-26,0],[-54,-1],[-38,10],[-27,21],[-29,36],[-51,83],[-20,38],[-8,20],[-7,35],[-1,37],[7,37],[11,20],[34,25],[44,16],[30,8],[35,10],[25,7],[49,-1],[42,-14],[65,3],[72,31],[6,20],[0,0],[-1,2],[1,8],[-17,25],[-12,17],[-1,0],[0,0],[-10,14],[-35,20],[-30,13],[-46,18],[-24,21],[-15,28],[-4,27],[-1,36],[30,47],[28,45],[40,38],[25,33],[25,38],[20,35],[3,23],[-6,6],[-4,6],[0,0],[0,0],[-13,7],[-115,2],[-22,4],[-40,9],[-6,3],[-37,26],[-14,19],[-19,38],[-10,26],[6,25],[5,25],[15,50],[9,49],[15,46],[2,51],[9,26],[28,21],[10,4],[10,2],[11,5],[5,2],[17,8],[30,15],[24,9],[55,10],[1,0],[14,2],[10,3],[0,0],[0,0],[0,0],[55,29],[0,0],[0,0],[19,23],[27,71],[0,1],[1,2],[0,1],[6,71],[13,31],[13,34],[0,0],[-4,76],[-16,1],[8,3],[29,69],[0,0],[7,21],[2,8],[1,8],[1,17],[-3,35],[-7,46],[1,21],[0,4],[1,5],[3,10],[5,5],[8,8],[102,0],[0,0],[30,0],[0,1],[89,27],[122,6],[165,105],[-4,69],[63,70],[24,26],[26,16],[44,28],[0,0],[-55,168],[-3,9],[-6,17],[-28,85],[1,10],[2,10],[14,115],[0,0],[-85,21],[-35,23],[-61,47],[-222,-143],[-42,-53],[-17,0],[-52,-2],[2,8],[7,36],[2,17],[-7,18],[-17,14],[-22,18],[-13,6],[-41,17],[-134,45],[-23,6],[-14,8],[-2,2],[-5,10],[-6,8],[-7,12],[-10,9],[-9,6],[-13,8],[-9,6],[-21,15],[-10,14],[-6,21],[0,17],[0,20],[0,9],[2,9],[3,12],[7,8],[3,1],[9,3],[39,-1],[88,-8],[128,-14],[6,1],[39,5],[77,15],[6,1],[49,9],[11,5],[10,3],[10,8],[9,6],[30,27],[19,29],[15,39],[15,24],[50,70],[17,27],[7,12],[-3,9],[-12,12],[-25,17],[0,0],[-10,15],[-2,14],[0,12],[3,18],[-3,13],[-14,14],[-35,23],[-98,52],[-26,19],[-24,22],[-2,2],[-6,8],[-24,30],[-3,7],[-14,26],[-10,19],[-13,28],[-5,30],[0,33],[1,4],[1,4],[2,6],[10,10],[2,2],[20,7],[45,0],[106,2],[64,2],[12,2],[7,1],[3,0],[18,6],[16,10],[6,3],[16,15],[1,6],[3,10],[-3,15],[0,0],[-15,10],[-75,43],[-23,15],[-3,4],[-12,13],[-6,12],[-1,4],[-4,17],[-1,5],[1,3],[3,16],[1,4],[4,10],[46,98],[10,23],[0,0],[4,6],[12,21],[29,36],[15,-2],[46,-5],[40,-5],[37,-4],[105,-62],[64,-104],[74,-118],[0,0],[4,0],[176,-2],[0,0],[2,7],[2,9],[23,93],[9,33],[2,5],[3,8],[18,49],[0,0],[0,3],[-3,19],[-12,66],[109,50],[22,10],[22,10],[11,5],[78,-11],[45,49],[18,-32],[14,-24],[0,0],[75,0],[178,29],[37,-11],[48,-14],[32,49],[4,7],[55,-57],[34,-35],[3,0],[106,3],[28,0],[172,40],[44,30],[58,40],[56,38],[56,38],[4,3],[-19,2],[-66,8],[-52,48],[-73,15],[-23,4],[-56,32],[71,42],[81,47],[25,38],[3,20],[5,34],[-38,36],[-34,22],[-10,6],[-11,5],[-31,9],[-6,2],[-3,6],[-2,8],[-4,11],[-4,6],[-11,16],[-13,18],[-32,31],[-12,12],[-5,8],[-3,7],[-5,11],[-42,12],[2,42],[21,-1],[-1,17],[2,8],[1,8],[2,4],[0,0],[2,5],[7,9],[9,9],[8,8],[5,6],[1,0],[20,19],[17,20],[9,16],[3,9],[1,1],[0,0],[0,0],[1,12],[0,0],[-1,2],[-2,10],[-5,9],[-7,10],[-1,2],[-2,3],[-13,22],[-14,51],[-7,29],[-2,11],[-1,11],[0,13],[2,4],[1,4],[9,12],[20,18],[17,17],[5,11],[5,15],[1,9],[-5,10],[-6,7],[-4,5],[-12,14],[-14,16],[-1,3],[-7,13],[-5,16],[0,1],[-3,12],[3,10],[2,3],[6,5],[12,9],[38,30],[8,5],[12,7],[16,3],[3,1],[41,8],[11,36],[-11,3],[-40,14],[-88,22],[-21,8],[-5,2],[-14,7],[-17,13],[-11,10],[-8,7],[-4,5],[-25,29],[-18,35],[-8,21],[-5,14],[-4,22],[-3,17],[-2,32],[-2,23],[-1,4],[-6,27],[-1,5],[-2,6],[-5,11],[-3,3],[-5,7],[-4,5],[-10,10],[-37,35],[-70,66],[4,16],[0,6],[1,8],[-1,8],[0,5],[-3,8],[-3,9],[-9,22],[-16,22],[-11,9],[-10,1],[-10,0],[-1,0],[-15,0],[-4,2],[-9,3],[-16,6],[-29,19],[-38,26],[-28,19],[-29,21],[-53,21],[-40,10],[-22,0],[-2,0],[-92,0],[-18,-3],[-3,-1],[-18,4],[-20,11],[-9,14],[-3,8],[-3,10],[-1,10],[-2,15],[0,14],[0,16],[5,22],[2,9],[11,38],[18,45],[20,38],[21,21],[17,8],[27,9],[4,2],[18,2],[36,-5],[88,0],[31,3],[27,7],[2,0],[22,6],[14,6],[3,1],[33,14],[20,13],[13,16],[17,33],[7,23],[7,45],[0,18],[-3,11],[-7,11],[-17,16],[-78,86],[-41,33],[-10,10],[-4,11],[0,12],[0,6],[2,17],[5,30],[6,9],[10,6],[42,21],[7,8],[5,8],[2,21],[-1,19],[10,14],[17,12],[28,10],[18,3],[83,6],[23,3],[12,1],[6,1],[2,0],[10,1],[7,5],[2,2],[14,13],[8,9],[11,8],[3,2],[8,4],[4,2],[13,4],[91,24],[23,6],[18,2],[10,-1],[6,-1],[233,-50],[13,-3],[8,-2],[22,1],[36,0],[3,0],[57,12],[27,7],[21,9],[74,46],[117,85],[7,9],[0,0],[1,2],[5,9],[4,16],[7,45],[3,19],[6,15],[162,230],[3,8],[3,4],[-4,13],[-10,10],[-9,17],[-2,14],[6,8],[0,0],[82,62],[4,11],[0,1],[-2,11],[-43,48],[-11,12],[-2,12],[-1,2],[15,9],[27,10],[17,6],[2,1],[7,7],[13,14],[43,54],[12,11],[13,6],[0,0],[43,-12],[82,-21],[1,3],[1,0],[22,41],[74,56],[0,0],[29,51],[34,58],[31,-9],[11,-2],[12,-4],[29,-8],[41,-12],[-42,-52],[-18,-22],[48,-24],[111,105],[1,1],[13,-4],[58,43],[0,0],[0,0],[48,71],[135,2],[0,0],[27,11],[41,16],[145,59],[157,108],[11,0],[109,-5],[-11,-8],[-47,-35],[265,14],[0,0],[65,4],[20,42],[175,42],[207,111],[32,47],[119,54],[0,0],[49,-57],[69,-80],[103,7],[12,1],[9,1],[89,-23],[47,45],[60,58],[19,1],[34,2],[0,0],[40,15],[2,1],[1,1],[16,10],[19,13],[6,-5],[28,-22],[52,3],[6,-2],[24,-7],[17,-5],[13,-4],[11,-9],[8,-6],[28,-21],[0,0],[21,5],[19,10],[14,15],[0,0],[13,22],[9,18],[21,22],[39,26],[39,32],[21,28],[16,31],[5,19],[-1,19],[3,16],[9,9],[83,63],[11,13],[0,0],[4,14],[3,11],[10,10],[38,29],[0,1],[18,11],[5,1],[10,3],[3,1],[19,4],[32,7],[16,2],[11,2],[15,7],[10,12],[10,16],[17,15],[34,30],[11,22],[5,17],[0,2],[2,5],[6,33],[3,10],[1,6],[25,23],[0,0],[-32,47],[-87,112],[-115,32],[-55,87],[9,86],[29,70],[38,46],[51,26],[0,0],[-54,72],[26,11],[45,3],[0,0],[-2,2],[-16,17],[-7,9],[-48,53],[-15,17],[-27,81],[117,40],[36,12],[32,10],[51,18],[46,59],[4,5],[-68,40],[0,0],[130,30],[0,0],[0,0],[22,5],[-18,35],[0,0],[14,8],[43,24],[-42,81],[52,24],[5,3],[16,8],[71,7],[-32,33],[39,68],[-85,51],[-14,9],[2,6],[21,51],[7,16],[6,15],[5,10],[-55,20],[24,69],[10,0],[86,0],[37,26],[62,43],[8,0],[66,0],[43,-18],[26,-11],[29,-1],[71,-4],[90,84],[19,17],[-7,8],[-13,16],[-20,25],[-45,53],[-16,20],[10,21],[33,71],[-99,85],[0,29],[-1,17],[14,27],[10,20],[18,35],[65,11],[200,76],[63,-36],[50,-28],[52,45],[21,-9],[17,-7],[-29,-58],[23,-25],[20,-23],[311,195],[76,81],[152,-83],[100,14],[16,-43],[17,-48],[4,-14],[4,-17],[-38,1],[-22,0],[6,-72],[52,-29],[58,2],[12,-66],[-14,-5],[-31,-12],[2,-38],[0,0],[243,86],[25,25],[67,-9],[-38,-25],[0,-1],[20,-34],[10,7],[22,15],[16,-14],[4,-4],[-7,-4],[-40,-18],[-8,-35],[-5,-3],[0,0],[0,0],[-14,3],[-9,9],[-11,4],[-15,0],[-14,-9],[-11,-15],[0,0],[0,-1],[-2,-10],[33,-8],[26,-6],[40,-12],[6,-2],[43,-8],[0,0],[49,-10],[0,0],[20,-9],[18,0],[1,0],[1,0],[3,2],[5,3],[19,6],[10,4],[36,-2],[2,1],[1,1],[0,0],[9,-1],[8,0],[15,-12],[6,-12],[0,0],[3,-18],[0,-3],[0,-1],[0,0],[-1,-3],[3,-17],[11,-35],[15,-27],[15,-4],[13,-4],[17,-37],[2,-3],[23,-35],[22,-10],[15,-6],[83,-26],[70,-29],[25,-16],[20,-12],[11,-7],[12,-8],[14,-15],[15,-17],[13,-15],[1,-1],[8,-16],[29,-20],[16,-7],[28,-13],[38,-7],[4,-1],[6,-3],[47,-29],[24,-14],[6,4],[5,3],[-26,23],[-17,11],[-5,3],[-10,12],[-12,14],[-21,11],[-4,2],[-24,16],[-9,25],[-1,1],[-9,30],[-14,20],[-31,14],[-5,3],[-4,3],[-2,1],[-24,27],[41,16],[0,0],[-60,57],[2,0],[11,1],[13,2],[29,-21],[0,0],[-7,28],[-3,12],[-1,6],[-6,23],[-5,30],[3,9],[4,13],[3,8],[1,2],[11,-18],[4,-8],[16,13],[11,2],[26,6],[9,2],[21,4],[0,0],[2,17],[0,3],[0,0],[4,33],[3,4],[2,3],[233,-61],[83,-22],[58,-15],[192,44],[52,62],[-11,52],[0,26],[1,67],[112,77],[109,3],[0,0],[0,0],[-20,107],[42,19],[9,5],[17,7],[284,-48],[236,38],[49,8],[132,24],[92,16],[71,13],[14,3],[59,10],[0,0],[78,11],[111,-21],[140,31],[95,42],[220,-61],[202,-17]],[[13065,68653],[18,-31],[-14,-43],[-24,-36],[-59,-37],[-46,-32],[-27,-36],[11,-21],[19,-114],[-69,-121],[64,-15],[35,-8],[274,-116],[176,-117],[41,-57],[47,-20],[30,-58],[118,-17],[120,16],[11,-26],[38,-38],[29,-55],[9,-41],[-32,-26],[-65,-36],[-26,-49],[-30,-65],[-1,-61],[20,-46],[27,-33],[22,-28],[68,-37],[65,-28],[-18,80],[130,45],[72,100],[24,17],[46,31],[55,37],[75,159],[142,91],[10,44],[21,100],[-54,35],[-104,65],[52,33],[40,22],[120,43],[38,-1],[60,-1],[44,-7],[66,20],[48,32],[24,21],[25,-8],[81,-45],[45,40],[34,-103],[-53,-21],[101,-212],[21,-122],[140,-154],[-37,-22],[-40,-24],[23,-114],[47,-90],[27,-43],[17,-100],[190,-171],[-73,-21],[-38,-44],[-64,-66],[-85,-52],[48,-70],[25,-32],[69,-71],[196,64],[59,33],[105,-12],[12,54],[62,-19],[199,27],[116,-64],[74,37],[89,21],[128,32],[152,7],[149,-54],[113,-184],[77,-200],[39,-28],[41,-29],[148,-4],[4,-46],[-122,-84],[34,-285],[13,-165],[64,-165],[84,-118],[101,-120],[182,-180],[97,-96],[-49,-18],[27,-60],[89,-8],[534,137],[178,14],[93,7],[147,-76],[-14,-92],[23,-34],[23,-34],[40,-22],[53,-28],[79,-19],[97,28],[19,-22],[129,-159],[-57,-52],[-67,-60],[46,-91],[-159,-190],[-16,-54],[39,-89],[60,-53],[37,-33],[-79,-116],[152,-92],[112,-55],[32,47],[272,-104],[135,-78],[103,178],[200,-111],[75,26],[71,-27],[50,-19],[-62,-59],[-127,-121],[-10,-53],[15,-23],[3,-55],[6,-40],[17,-17],[34,-8],[80,2],[40,4],[37,7],[9,1],[9,0],[9,0],[17,-4],[25,-8],[9,-3],[-45,-99],[-36,-11],[-31,-130],[-150,-117],[62,-79],[231,-51],[74,-68],[18,-104],[-40,-113],[-168,-43],[-68,11],[-134,-178],[81,-138],[-178,-55],[-80,8],[-256,-76],[16,-61],[-9,-50],[-156,-132],[-61,-27],[-59,-84],[-98,30],[-131,12],[-115,110],[-59,5],[-204,-89],[-122,-44],[-91,-33],[36,-30],[250,-209],[57,-47],[161,30],[-12,-73],[-24,-161],[137,-20],[-1,-56],[-1,-34],[-55,-5],[-64,22],[-32,-23],[52,-38],[-73,-35],[10,-19],[-68,-44],[-87,-51],[-43,-31],[-23,-30],[-26,-70],[-20,-60],[-26,-33],[123,-180],[149,-125],[81,-118],[-140,-24],[-189,-48],[-97,-13],[-3,-54],[3,-111],[2,-37],[-30,-61],[-102,-153],[-51,-88],[178,44],[352,-216],[812,-292],[103,-40],[33,-35],[92,-16],[85,-70],[-173,-45],[84,-143],[-22,-80],[-69,-61],[-126,31],[-72,126],[-36,-17],[-123,-10],[7,-103],[-98,-41],[52,-58],[126,-8],[32,-126],[62,22],[35,67],[51,8],[52,-57],[-41,-11],[50,-109],[83,0],[99,-103],[163,-71],[-31,-43],[-44,-14],[-118,-39],[-109,56],[-31,-37],[38,-34],[-6,-29],[-14,-70],[-32,-231],[83,-6],[109,40],[86,-33],[51,20],[188,-45],[244,7],[135,97],[98,-40],[51,-48],[12,-40],[2,-98],[72,0],[44,-30],[212,-1],[64,43],[17,32],[25,47],[-47,81],[102,49],[76,-54],[84,14],[34,44],[116,48],[83,103],[109,48],[188,74],[57,77],[99,-158],[98,-69],[115,-24],[187,-73],[5,-200],[38,-78],[49,-78],[188,-102],[157,-121],[26,-184],[89,-83],[178,-56],[117,-25],[121,-27],[50,-11],[94,-14],[262,-38],[42,31],[18,29],[5,47],[6,41],[15,18],[31,16],[32,20],[9,21],[-6,37],[140,-6],[89,-4],[14,-85],[-11,-294],[59,-93],[92,-57],[215,-71]],[[13065,68653],[-13,51],[-40,49],[11,60],[36,34],[-62,58],[-34,55],[-26,77],[8,52],[45,31],[23,33],[0,48],[-246,-15],[-73,-35],[-59,-9],[-187,211],[-109,129],[-136,226],[-41,81],[3,198],[55,36],[-30,42],[-39,48],[-260,307],[95,99],[113,35],[159,165],[-439,-122],[-50,100],[24,49],[132,88],[-29,80],[-104,-21],[-96,170],[-146,54],[21,45],[-7,231],[106,137],[-53,23],[-36,13],[-63,38],[-58,61],[-77,85],[345,75],[66,15],[759,178],[99,-148],[4,-57],[46,-61],[68,-73],[130,-6],[28,-37],[-14,-66],[-74,-9],[-8,-67],[-117,-108],[-25,-33],[-67,-89],[6,-2],[40,-17],[17,-5],[9,-3],[25,-7],[53,-12],[70,-16],[36,-9],[1,-217],[109,-10],[169,-139],[104,-140],[69,51],[62,5],[-34,131],[71,75],[101,36],[-45,63],[158,59],[156,11],[155,-5],[81,-14],[9,-50],[-11,-33],[-11,-26],[-10,-34],[2,-44],[6,-39],[35,-127],[18,-29],[36,-29],[20,-15],[28,-10],[30,-4],[68,18],[16,-21],[5,-18],[36,5],[18,3],[18,0],[17,0],[20,-1],[8,-2],[9,-1],[9,-1],[10,-2],[13,-2],[5,-1],[17,-4],[8,-4],[3,-1],[94,-151],[-68,-163],[-100,-204],[-2,-201],[65,-194],[-206,-127],[-70,-95],[-102,-62],[52,-72],[32,-26],[59,-3],[252,130],[223,172],[66,13],[86,-5],[92,-35],[50,-69],[21,-55],[136,-45],[318,-4],[80,9],[-26,41],[159,63],[-41,127],[72,49],[90,63],[19,40],[3,8],[17,36],[58,31],[23,13],[47,25],[311,143],[104,59],[-28,21],[-21,39],[-8,49],[3,50],[16,54],[14,55],[122,113],[258,-116],[79,-74],[50,-37],[-22,128],[-19,42],[-24,31],[126,86],[-52,57],[185,44],[77,47],[110,75],[167,160],[38,36],[98,35],[11,-33],[163,28],[86,55],[132,2],[104,-51],[-83,-120],[20,-73],[396,98],[144,34],[121,29],[77,47],[44,47],[193,61],[11,82],[100,128],[250,-12],[183,35],[95,23],[8,56],[61,115],[70,80],[153,73],[14,1],[123,22],[143,43],[86,26],[229,125],[153,-367],[-232,-131],[79,-108],[41,-57],[228,43],[160,30],[121,23],[72,-55],[145,-85],[62,12],[100,20],[87,-150],[-82,-11],[24,-154],[10,-59],[-3,-22],[-12,-73],[-17,-106],[-44,-13],[24,-54],[-135,-112],[58,-57],[-48,-98],[-21,-41],[71,-85],[-42,-40],[33,-62],[22,-40],[79,22],[34,2],[22,-6],[34,-12],[42,-17],[51,-9],[-40,-38],[107,-116],[48,29],[151,-172],[71,-5],[127,103],[151,-2],[225,46],[69,78],[109,69],[-82,63],[113,45],[107,191],[-39,88],[-25,441],[24,18],[61,50],[52,32],[13,7],[93,40],[54,19],[53,11],[69,27],[55,25],[55,-28],[55,-77],[100,-44],[57,-108],[50,5],[91,-103],[148,-129],[47,28],[64,-73],[97,-111],[46,-48],[70,-229],[85,-125],[41,-59],[204,-194],[11,-47],[-12,-70],[-28,-36],[29,-151],[68,-110],[53,-106],[110,106],[29,35],[19,33],[10,35],[22,36],[35,35],[28,31],[30,27],[14,8],[24,13],[41,19],[11,4],[31,12],[35,2],[14,1],[26,1],[24,4],[13,2],[40,10],[33,15],[11,4],[25,10],[20,12],[12,8],[31,16],[33,13],[32,19],[33,14],[33,9],[44,10],[34,11],[75,26],[25,9],[16,7],[24,10],[24,11],[102,48],[103,90],[16,13],[35,11],[30,9],[37,41],[88,-6],[61,44],[175,25],[153,14],[90,8],[253,67],[61,-70],[472,211],[24,14],[229,134],[58,-48],[33,-27],[54,-44],[64,-32],[36,-7],[54,190],[-45,77],[6,13],[7,13],[16,28],[7,-5],[7,-2],[119,-51],[13,-10],[6,-4],[74,-56],[101,15],[111,17],[140,-55],[153,26],[9,-72],[8,-51],[213,114]],[[38217,34056],[-70,-49],[-262,-281],[-122,-96],[-196,-135],[-171,57],[-129,64],[-92,35],[-83,-28],[-8,-13],[-43,-40],[-24,-26],[-48,-32],[-43,-19],[-41,-22],[-46,-35],[-37,-45],[-23,-45],[-27,-44],[-30,-36],[-37,-17],[-48,-10],[-38,-18],[-35,-25],[-44,-40],[-31,-25],[-25,-22],[-8,72],[8,43],[31,42],[42,37],[36,34],[10,28],[-27,90],[-18,37],[-2,40],[16,37],[45,41],[44,30],[38,33],[28,34],[3,47],[-11,55],[-3,46],[-78,-36],[-32,-92],[-57,35],[-282,-36],[-129,-11],[53,93],[-23,68],[-139,-24],[-15,-77],[-100,-24],[-149,-72],[-81,-81],[-104,14],[-171,-80],[-58,86],[-47,-50],[-52,-49],[-60,-56],[4,-60],[-155,-72],[-83,48],[-7,131],[-52,171],[26,157],[-144,37],[-177,-48],[-93,-54],[-248,-143],[19,-16],[5,-22],[-8,-25],[-11,-22],[1,-23],[8,-19],[32,-25],[22,-20],[9,-7],[34,-29],[31,-33],[28,-32],[9,-27],[4,-29],[-8,-22],[-21,-23],[-43,-16],[-37,-6],[-20,-10],[-3,-44],[9,-54],[14,-49],[23,-34],[9,-12],[64,-50],[40,-24],[-116,-89],[-59,37],[-246,81],[-14,-49],[45,-42],[-12,-61],[120,-42],[-61,-103],[-63,10],[-77,-22],[-18,70],[-43,73],[-65,18],[-74,65],[-127,-6],[-113,3],[-195,-28],[-195,-97],[-172,11],[-106,14],[-131,36],[-43,24],[-100,43],[-69,-19],[-43,-57],[43,-88],[-203,-11],[-46,-114],[49,-16],[14,-72],[156,-83],[-38,-65],[-254,114],[-47,-5],[-111,-114],[-16,-254],[-12,11],[-12,11],[-14,9],[-15,8],[-41,16],[-70,31],[-24,11],[-22,11],[-22,13],[-21,14],[-12,10],[-13,10],[-18,17],[-11,11],[-6,17],[3,28],[14,21],[9,18],[-4,22],[-22,10],[-27,10],[-21,14],[-5,15],[-7,27],[-100,2],[-75,12],[-95,-40],[-262,-113],[-28,-23],[-86,-139],[-49,-110],[-242,-403],[-90,-136],[-119,86],[-41,85],[-128,-18],[10,-18],[4,-9],[19,-94],[18,-74],[-13,-71],[-43,-65],[-39,-45],[-27,-15],[-28,-11],[-25,-28],[-25,-40],[-5,-21],[-106,68],[-268,142],[-92,67],[-82,-104],[-47,58],[-59,60],[-119,84],[-144,84],[-66,-38],[-96,-33],[-160,-70],[-170,-58],[-31,-74],[-113,-13],[-208,-252],[-143,-75],[-112,-186],[-225,-187],[-149,-116],[-145,-36],[-106,-20],[-102,-14],[-92,10],[-122,-65],[-129,-145],[-127,-119],[-65,-56],[-49,-17],[-63,-43],[-139,-57],[-145,-67],[-57,-3],[-166,-17],[-152,17],[-127,40],[-46,89],[-247,-66],[-231,-139],[-171,-27],[-46,-12],[-315,-82],[-40,-17],[-22,-11],[-25,-25],[-18,-34],[-20,-38],[-25,-29],[-18,-27],[-16,-31],[-19,-36],[-13,-28],[-13,-42],[-15,-43],[-12,-22],[-29,-25],[-19,-25],[-20,-30],[-27,-24],[-4,-22],[-9,-31],[-11,-26],[-7,-21],[-19,-26],[-20,-27],[-22,-19],[-32,-20],[-26,-13],[-75,-9],[-49,-7],[-35,-3],[-25,-13],[-10,-23],[3,-32],[5,-33],[-50,-62],[-82,-70],[-82,48],[-57,182],[1,94],[-96,131],[10,134],[-66,81],[-155,-71],[-252,-60],[-266,-103],[-135,-55],[-247,62],[-24,101],[-127,175],[-50,57],[-18,16],[-6,4],[-14,12],[-86,-84],[26,-80],[27,-73],[-7,-87],[-2,-41],[-22,-29],[-58,-70],[-51,-68],[-100,-77],[-73,-5],[-119,-65],[-10,126],[-211,85],[-57,-6],[-79,5],[-79,-28],[-37,-59],[-55,-36],[-36,-58],[-59,3],[-78,-23],[-120,-66],[-75,-5],[-83,-31],[21,-27],[71,-109],[21,-42],[20,-42],[7,-32],[0,-34],[-16,-42],[-30,-24],[-38,-15],[-57,-4],[-54,-1],[-77,7],[-74,-18],[-41,42],[-88,25],[-147,-85],[40,-46],[38,-51],[33,-54],[24,-51],[18,-47],[17,-51],[-4,-50],[-11,-32],[-25,-34],[-39,-35],[-56,-36],[-57,-28],[-43,-26],[-4,-2],[-46,37],[-6,1],[-85,12],[-69,10],[-67,9],[-117,9],[-168,-90],[-120,23],[-65,92],[-97,11],[-201,135],[20,134],[-33,201],[-47,67],[-170,218],[-54,11],[-48,75],[-128,77],[-147,14],[-51,133],[-95,-37],[-81,-104],[-140,-25],[-69,-66],[-218,64],[-197,21],[-148,39],[-113,52],[-134,-105],[-112,-88],[-114,-99],[-85,-76],[-111,-138],[-96,-56],[-68,10],[-72,28],[-34,-21],[-55,-57],[-54,14],[-34,29],[-19,41],[8,52],[5,29],[0,7],[0,6],[-2,8],[-2,6],[-5,14],[-24,51],[0,28],[4,28],[13,27],[2,7],[2,7],[2,14],[-1,13],[-56,2],[-102,-40],[-66,56],[-83,-9],[-291,-151],[-54,-97],[-74,38],[-142,-25],[-149,61],[-136,53],[-67,46],[-82,91],[-79,146],[-77,74],[-135,88],[-146,70],[-71,29],[-151,38],[-38,-69],[-15,5],[-66,25],[-61,23],[-42,-60],[-114,-37],[-5,-3],[-124,-88],[-171,-98],[-99,59],[29,44],[-64,81],[43,57],[-50,39],[-81,-81],[-138,30],[-61,107],[-156,-13],[-21,75],[-193,57],[-40,22],[-104,57],[-241,-65],[-2,-50],[-150,-49],[-105,-86],[-71,-3],[-97,-35],[26,121],[-37,36],[-132,36],[-59,10],[-74,11],[-151,56],[-189,-40],[-108,15],[-128,-33],[-102,49],[-97,-10],[-162,64],[-115,94],[-102,-12],[-75,-66],[113,190],[32,131],[-9,66],[-31,43],[-234,160],[-329,206],[-1,8],[-366,204],[-32,33],[-36,71],[-3,55],[21,48],[58,72],[46,39],[102,63],[160,67],[82,30],[69,9],[88,-12],[166,-93],[107,-27],[57,1],[42,12],[0,0],[0,0],[33,24],[28,47],[5,66],[-29,72],[-45,44],[-152,105],[-83,109],[-36,88],[-6,105],[24,73],[97,131],[158,167],[155,118],[71,19],[40,2],[191,7],[0,0],[8,1],[3,0],[9,1],[14,3],[2,0],[51,7],[70,17],[70,28],[65,34],[55,34],[57,45],[46,43],[42,55],[47,76],[45,83],[45,49],[45,38],[43,40],[32,48],[29,44],[37,41],[47,35],[61,36],[77,39],[72,33],[57,32],[45,38],[38,49],[37,53],[37,62],[19,52],[6,77],[12,56],[18,48],[25,46],[26,48],[24,55],[19,49],[14,59],[16,54],[16,55],[20,52],[30,56],[31,62],[52,86],[73,124],[51,99],[64,106],[35,68],[22,54],[35,69],[40,61],[27,61],[39,77],[25,61],[24,65],[8,54],[-8,53],[-13,46],[-25,45],[-32,28],[-48,31],[-51,23],[-45,9],[-56,2],[-97,-7],[-69,-11],[-52,4],[-45,15],[-52,31],[-20,30],[-7,41],[6,60],[-35,0],[8,27],[72,124],[94,81],[18,33],[66,69],[117,68],[118,47],[94,52],[35,32],[-4,4],[134,81],[151,130],[110,126],[-1,9],[49,58],[15,7],[182,235],[86,168],[150,93],[46,15],[223,31],[82,22],[192,92],[169,58],[30,13],[36,17],[91,73],[174,188],[180,159],[121,133],[203,172],[83,51],[161,49],[96,-3],[5,93],[-12,50],[-217,151],[-142,123],[-52,40],[-33,38],[-29,54],[-2,34],[18,39],[30,25],[52,27],[74,10],[74,4],[79,-6],[108,-42],[29,-22],[213,-224],[0,-1],[0,0],[0,0],[147,14],[0,0],[45,27],[0,0],[0,1],[67,70],[0,0],[0,0],[-5,28],[-47,43],[-77,31],[-126,83],[-137,51],[-86,54],[-142,126],[-19,30],[-10,44],[-6,150],[26,175],[-6,122],[-16,49],[7,73],[26,70],[-80,119],[-10,44],[3,49],[-2,109],[42,73],[50,48],[60,38],[59,26],[313,104],[85,52],[122,119],[19,58],[-29,166],[18,95],[-20,52],[-38,51],[-119,103],[-30,24],[-131,70],[-10,18],[6,72],[26,75],[17,25],[175,161],[59,65],[23,46],[-30,52],[-53,35],[-76,35],[-104,30],[-132,69],[-59,57],[-19,63],[11,48],[62,85],[143,63],[143,42],[0,0],[129,72],[119,49],[0,0],[9,8],[8,5],[7,6],[11,9],[4,3],[8,7],[7,7],[0,0],[0,0],[8,10],[4,5],[6,9],[4,7],[7,12],[4,6],[15,19],[29,40],[12,12],[0,1],[3,3],[32,33],[39,48],[40,40],[45,31],[13,9],[9,5],[1,1],[11,7],[8,6],[6,5],[13,9],[18,15],[18,13],[0,0],[40,52],[0,0],[11,43],[-34,50],[-28,114],[0,0],[-1,0],[-103,90],[-117,60],[-117,46],[-45,-11],[-41,-37],[-25,-57],[-10,-58],[5,-64],[-78,-173],[-78,-106],[-53,-55],[-52,-29],[-48,-4],[-35,12],[-35,42],[-71,185],[-59,109],[-39,45],[-39,16],[-136,26],[-98,40],[-132,74],[-37,-8],[-55,-42],[-19,-6],[-91,5],[-92,20],[-173,93],[-25,28],[-109,184],[-61,59],[-211,112]],[[91702,26247],[-8,122],[-12,173],[-5,288],[-10,267],[-2,221],[84,6],[104,16],[8,2],[0,154],[-2,158],[-10,120],[3,111],[-145,55],[-42,41],[-16,68],[19,68],[26,47],[46,29],[64,28],[91,26],[26,5],[-6,42],[4,48],[15,51],[-190,77],[24,78],[37,134],[222,-16],[18,56],[54,-12],[21,28],[25,20],[30,32],[25,20],[25,16],[42,26],[-32,141],[-102,34],[12,59],[-222,163],[-49,52],[-4,41],[-6,61],[-13,73],[-11,41],[296,36],[248,-5],[237,-19],[252,25],[4,31],[38,341],[165,15],[332,28],[2,99],[88,12],[159,13],[-62,194],[-17,151],[79,18],[-19,53],[120,7],[-9,73],[93,8],[87,-71],[262,-6],[147,-99],[120,-66],[48,-43],[380,-3],[-87,136],[-100,75],[170,43],[284,240],[377,-21],[33,62],[79,-9],[8,140],[21,27],[-159,91],[46,77],[168,-75],[27,43],[194,-166],[91,-82],[59,-84],[46,19],[47,5],[85,-16],[59,-24],[86,-37]],[[96424,30753],[-7,-16],[-5,-14],[-58,-85],[-98,-145],[-42,-52],[-4,-7],[-43,-70],[-4,-5],[-32,-79],[-25,-79],[-21,-66],[-11,-78],[-7,-110],[4,-113],[20,-108],[40,-125],[66,-120],[124,-171],[73,-106],[46,-89]],[[96440,29115],[-82,-23],[-77,15],[-97,65],[-87,41],[-176,15],[-167,-33],[-15,34],[-140,-4],[-162,25],[41,156],[-292,126],[-87,-127],[-41,-95],[-58,-63],[-142,0],[-15,-180],[-78,-5],[-8,-84],[-139,-7],[-5,-54],[-2,-56],[-5,-42],[-35,-101],[-70,-80],[38,-72],[-5,-49],[-41,-108],[-43,-308],[286,-100],[-193,-194],[-124,-133],[-138,-156],[-82,-96],[-43,-84],[-30,-94],[0,-80],[6,-63],[13,-50],[14,-56],[29,-28],[-97,-28],[-104,-26],[-146,-44],[-83,-26],[-17,-7],[11,-101],[-272,-55],[18,-78],[-243,-67],[-57,-8],[9,-22],[-225,-41],[-368,-62],[-633,-106],[-279,-49]],[[72471,20024],[-60,-56],[-284,-111]],[[72127,19857],[-417,-15],[-94,22],[-298,111],[-194,129],[-29,182],[-8,50],[-36,42],[-49,23],[-175,33],[-198,98],[-227,191],[-160,206],[-264,141],[-159,101],[-123,58],[-174,66],[-93,58],[-164,206],[-109,126],[-70,21],[-74,-33],[-116,-25],[-82,6],[-35,7],[-26,5],[-27,3],[-27,2],[-44,2],[-41,1],[-26,-3],[-39,-10],[-61,-24],[-77,79],[-98,-50],[-62,-24],[-25,-98],[-65,9],[-35,-18],[-106,-19],[-63,9],[-85,-2],[-94,8],[-64,3],[-76,18],[-66,13],[-62,10],[-66,2],[-55,0],[-54,4],[-67,24],[-42,27],[-72,31],[-73,7],[-109,-3],[-111,-7],[-92,-8],[-69,-16],[-43,-15],[-11,-6],[-34,-23],[-34,-24],[-33,-24],[-32,-24],[-32,-25],[-32,-25],[-18,-16],[-18,-16],[-16,-17],[-21,-21],[-32,-40],[-33,-38],[-35,-42],[-11,-32],[0,-54],[-53,-7],[-4,-1],[-60,-3],[-103,4],[-58,10],[-7,1],[-37,25],[-18,35],[-18,37],[-3,8],[-9,38],[-1,12],[-8,61],[12,85],[12,40],[14,32],[7,46],[7,34],[-6,23],[-16,10],[-43,12],[-48,8],[-136,27],[-21,8],[-26,7],[-55,19],[-50,11],[-35,11],[-50,23],[-45,27],[-37,13],[13,65],[29,96],[-131,210],[45,142],[-35,61],[-80,82],[-132,69],[-139,305],[-87,190],[-146,169],[-43,35],[-345,-81],[-152,105],[68,44],[-75,108],[-237,-63],[-274,-79],[-155,-48],[-157,-48],[-71,236],[-61,198],[376,-44],[-190,126],[149,74],[-6,29],[10,227],[-5,104],[3,139],[204,14],[231,20],[95,7],[306,-41],[103,-14],[360,56],[211,93],[546,-121],[197,-54],[105,-26],[288,-81],[137,-88],[56,12],[-14,86],[-15,67],[-20,186],[-23,120],[-34,88],[-104,7],[-95,-2],[-86,32],[-225,158],[-236,141],[-97,10],[-51,48],[89,120],[-103,116],[-34,53],[-62,36],[28,87],[47,62],[85,109],[118,89],[-28,104],[-12,37],[-12,34],[-65,88],[-17,172],[-4,54],[-7,138],[9,36],[92,34],[143,50],[288,101],[232,78],[150,113],[71,22],[16,-15],[10,-10],[90,-65],[96,-55],[103,-43],[82,-31],[87,-32],[23,-8],[95,-14],[92,-13],[27,-22],[9,-52],[1,-15],[3,-20],[44,-40],[48,-17],[43,-12],[22,-6],[40,-27],[21,-25],[27,-32],[23,-31],[31,-41],[42,-38],[18,-16],[66,-60],[8,-7],[83,-84],[48,-57],[42,-45],[15,-37],[13,-50],[11,-47],[4,-18],[65,-38],[151,31],[168,12],[80,31],[106,6],[236,77],[-39,179],[-41,39],[8,83],[55,26],[1,150],[48,34],[63,29],[-15,96],[60,16],[47,17],[77,24],[95,46],[102,-15],[54,-11],[58,-36],[18,-27],[136,-54],[52,40],[40,57],[78,31],[103,-14],[152,-60],[151,-34],[-27,-98],[77,-61],[103,-9],[138,-6],[89,13],[93,27],[93,-45],[77,-145],[21,-78],[166,-127],[-282,-204],[-59,-150],[24,-59],[93,-97],[111,-79],[85,-47],[94,-51],[58,-23],[58,-13],[104,-75],[42,1],[80,10],[135,2],[128,-3],[77,19],[76,7],[47,-11],[44,13],[131,45],[92,35],[85,24],[83,-22],[17,-48],[80,37],[140,67],[14,-21],[11,-11],[79,-123],[71,-73],[96,-139],[159,-127],[181,-206],[-29,-97],[-28,-134],[-40,-119],[217,-73],[117,-38],[-81,-225],[46,-154],[93,-86],[68,-116],[32,-225],[126,-266],[3,-178],[-49,-174],[-36,-223],[15,-80],[-73,-53],[-99,4],[-272,-84],[-112,-73],[-64,-36],[-102,-35],[-125,-32],[-86,-35],[-65,-80],[-41,-59],[-27,-12],[-63,-14],[-96,-23],[-88,29],[-23,-80],[-273,-45],[-235,21],[-131,-25],[-272,-11],[124,-291],[64,-7],[-67,-116],[-25,-51],[-17,-35],[-2,-76],[8,-57],[42,-44],[91,-50],[127,48],[253,64],[119,24],[49,-12],[-8,-59],[2,-71],[154,-51],[-15,-59],[-197,33],[-130,11],[-129,-51],[-46,-37],[-23,-160],[23,-32],[37,-22],[39,-23],[18,-17],[11,-10],[22,-22],[37,-19],[46,-15],[9,-2],[45,-12],[36,-10],[64,-19],[39,-12],[45,-12],[8,-3],[97,-78],[198,-33],[180,-91],[71,-217]],[[96440,29115],[35,-62],[563,-1645],[32,-114],[60,-167],[5,-14],[38,-135],[24,-89],[16,-100],[29,-90],[28,-70],[41,-78],[58,-84],[78,-72],[106,-101],[123,-116],[183,-202],[70,-96],[74,-98],[101,-156],[35,-126],[-3,-32],[-6,-42],[-1,-8],[-5,-36],[-43,-88],[-64,-66],[-40,-26],[-76,-28],[-81,-24],[-176,-60],[-108,-37],[-85,-29],[-85,-62],[-39,-29],[-34,-42],[-28,-37],[-23,-46],[-16,-40],[-14,-58],[-2,-46],[2,-48],[12,-49],[17,-47],[17,-40],[33,-49],[39,-49],[24,-26],[53,-42],[45,-29],[43,-27],[46,-27],[58,-24],[63,-22],[76,-20],[56,-13],[177,-21],[187,-9],[208,7],[137,10]],[[98503,24139],[-8,-113],[75,5],[121,-13],[-35,-50],[-203,-61],[-12,-4],[-209,-86],[-63,-2],[-71,-9],[-39,-8],[-35,-13],[-35,-15],[-35,-22],[-56,5],[-181,15],[-55,36],[-88,63],[-93,-49],[-49,71],[-16,23],[-44,-10],[-63,-26],[-34,-13],[-118,-44],[-39,-14],[-37,-22],[-32,-13],[-59,-19],[-70,-41],[-47,-27],[-119,-37],[-46,-25],[-131,-73],[-63,-11],[17,90],[-107,18],[-45,-12],[-16,-10],[-23,-16],[-10,-17],[-15,-24],[-19,-30],[-21,-24],[-26,-21],[-67,-41],[-104,-51],[-22,-14],[-40,-25],[-37,-28],[-25,-44],[-124,125],[-88,70],[-53,2],[-114,-57],[-12,-102],[-110,-2],[-9,50],[-106,-4],[-93,-1],[-23,77],[-26,84],[-246,-36],[-102,172],[93,38],[-152,73],[-108,53],[106,129],[-172,111],[-78,57],[21,16],[-86,105],[-21,37],[-77,143],[-106,140],[-171,215],[23,76],[-16,61],[-58,80],[-78,51],[0,66],[-209,21],[-14,81],[1,25],[-2,32],[-7,62],[-4,42],[-10,54],[-5,30],[-15,69],[-139,-21],[-22,-35],[-20,-21],[-9,-26],[-10,-43],[-230,-73],[-8,29],[-501,-148],[-480,-149],[4,-34],[-103,-15],[15,-35],[-102,-33],[-40,-2],[-59,121],[-210,-68],[-82,200],[-166,442],[-200,-32],[-11,19],[-60,116],[-45,100],[16,68],[4,47],[-9,38],[21,37],[9,37],[237,49],[206,51],[-7,95]],[[86714,54091],[66,-3],[55,-3],[108,-8],[39,-1],[45,-5],[82,-7],[245,-32],[215,-46],[167,-35],[151,-25],[169,-16],[133,-6],[171,-9],[134,-21],[84,-23],[71,-21],[199,-77],[26,-8],[34,-12],[35,-13],[47,-17],[75,-59],[81,-66],[93,-69],[99,-69],[117,-84],[145,-104],[125,-92],[119,-93],[77,-57],[110,-83],[118,-101],[218,-250],[255,-323],[80,-99],[111,-96],[82,-81],[267,-182],[202,-128],[262,-166],[113,-102],[348,-302],[149,-129],[122,-131],[174,-217],[106,-148],[105,-156],[131,-233],[139,-254],[50,-103],[8,-61],[17,-313],[11,-58]],[[93099,49294],[-95,-40],[-68,-10],[-49,-6],[-63,-9],[-51,-20],[-79,-36],[-296,374],[-197,-83],[-440,-129],[-48,-4],[-60,6],[-171,30],[80,278],[-121,18],[-42,-96],[-119,-3],[-86,147],[-23,-201],[-41,-126],[-117,-4],[-222,-1],[-57,10],[-9,-62],[-138,4],[-117,6],[-26,-53],[-46,-150],[-24,-105],[41,-134],[68,-8],[-8,-65],[-108,-100],[-36,26],[-5,-5],[-68,-61],[-141,-68],[-171,-99],[12,-111],[34,-117],[21,-78],[-336,-139],[16,-66],[-101,-47],[90,-228],[-134,-18],[6,-35],[-101,-1],[20,-44],[-18,-94],[-53,22],[-59,-58],[49,-147],[-80,-20],[14,-47],[-54,-14],[-71,-31],[96,-101],[33,-69],[-166,-61],[-123,43],[-273,76],[-36,42],[-148,22],[-70,-29],[-35,109],[-156,-18],[-60,-2],[57,87],[-49,19],[91,364],[-198,-8],[5,64],[204,21],[6,54],[38,164],[-36,148],[138,30],[-56,124],[-146,-9],[58,117],[108,80],[100,123],[3,67],[54,2],[4,96],[123,185],[49,90],[67,110],[-56,79],[182,-4],[-66,386],[-270,-35],[-34,128],[-84,-9],[2,-40],[-180,-37],[-35,56],[-80,-35],[-63,79],[-154,108],[75,81],[-206,115],[-72,78],[-199,-50],[-31,64],[-161,-32],[-91,-26],[-53,51],[-68,63],[-103,-73],[-78,-50],[-39,-25],[-48,-30],[-105,-65],[-118,-52],[-212,516],[27,42],[-47,35],[-192,146],[-63,15],[-512,-63],[-128,-15],[-181,-35],[-184,-33],[-273,-38],[-61,69],[-31,200],[-16,58],[-85,141],[14,140],[47,25],[38,28],[-120,129],[79,16],[-74,163],[137,45],[-24,50],[187,76],[-14,32],[144,41],[-52,173],[-62,151],[279,99],[-73,121],[-20,32],[41,38],[-44,168],[105,23],[385,-1],[135,-16],[114,26],[86,25],[262,74],[81,33],[214,144],[100,89],[72,154],[153,134],[-82,129],[-18,47],[-24,63],[265,32],[16,151],[36,86],[16,39],[123,-33],[13,62],[-210,50],[6,37],[-337,77],[-104,73],[34,121]],[[91906,17455],[122,-26],[2,-142]],[[92030,17287],[-47,-11],[-83,-13],[-86,3],[-226,15],[-102,6],[51,-161],[-201,-8],[-150,-17],[-267,-59],[-174,-11],[-213,-84],[-110,-7],[-49,-4],[-217,-62],[-99,-52],[-239,-42],[-66,-6],[-93,-22],[-72,16],[-147,-20],[-56,-46],[-54,-24],[-71,122],[-37,73],[-27,52],[-160,-36],[-41,-11],[-81,-36],[-75,-29],[-70,-8],[-106,-11],[-75,-10],[-144,-24],[-124,-16],[-97,-15],[-75,-9],[4,-30],[-63,-8],[-271,34],[-58,6],[-99,9],[-72,7],[-89,-26],[-127,-22],[-107,-9],[-87,-2],[-127,3],[-59,19],[-8,29],[15,25],[43,12],[4,90],[1,9],[14,0],[71,-1],[6,190],[-6,54],[-41,153],[60,8],[62,9],[-44,119],[-56,-3],[-34,-2],[-517,-29],[-8,87],[-48,-3],[-7,82],[-168,-21],[-306,-42],[-16,69],[-21,88],[-92,-32],[-129,-15],[-141,10],[-130,29],[-127,5],[-43,-5],[-50,-10],[-101,-21],[-261,-43],[-9,-43],[-153,0],[-84,-1],[-38,-25],[-63,-20],[-103,-3],[-205,42],[-59,40],[-128,57],[-121,38],[-128,-2],[-92,-4],[-11,-35],[-132,13],[-45,22],[-58,-14],[-17,-43],[-9,-22],[-34,-3],[-33,-4],[-36,77],[-160,36],[-75,44],[-78,53],[-67,66],[-40,19],[-203,-19],[-247,160],[-38,25],[-39,11],[-39,-1],[-42,-6],[-32,7],[-12,11],[-24,23],[-36,28],[-42,8],[-42,-1],[-32,-18],[-41,-6],[-30,2],[-71,3],[-46,-4],[-35,-15],[-31,-18],[-32,-33],[-30,-39],[-61,-38],[-60,-19],[-73,-24],[-27,-20],[-99,-31],[-3,26],[-6,17],[-22,9],[-24,-2],[-54,-14],[-47,-9],[-29,0],[-39,10],[-21,18],[-12,26],[-13,20],[-32,12],[-41,16],[-48,40],[-2,3],[-33,36],[-49,-12],[-36,-3],[-35,-1],[-101,5],[-142,22],[-216,78],[-61,-10],[-58,-13],[-55,-36],[-186,-136],[-93,-41],[-67,8],[-43,8],[-69,44],[-53,1],[-143,75],[-318,-61],[-43,151],[-6,20],[26,37],[41,13],[49,56],[57,25],[16,104],[228,160],[48,44],[-13,20],[-5,8],[-15,23],[-20,20],[-29,17],[-43,20],[-46,18],[-97,18],[-48,3],[-44,5],[-57,18],[-124,65],[-70,33],[-33,16],[-57,17],[-35,-1],[-50,-2],[-64,-12],[-32,7],[-30,16],[-23,27],[-10,37],[-11,46],[2,17],[-2,27],[-4,33],[-12,34]],[[78765,19092],[62,10],[126,16],[30,2],[53,4],[44,1],[33,2],[33,7],[22,12],[34,17],[15,13],[10,8],[22,29],[21,29],[38,38],[33,28],[7,7],[28,28],[12,22],[4,9],[4,19],[-8,20],[-12,24],[-5,11],[-6,10],[-1,22],[6,16],[15,14],[13,9],[28,13],[27,11],[30,15],[43,36],[16,22],[53,33],[162,-15],[57,25],[35,31],[46,55],[65,-18],[169,-147],[70,-38],[91,-12],[104,16],[54,25],[111,-2],[108,-15],[30,-4],[182,8],[21,29],[48,71],[162,28],[132,46],[227,156],[135,16],[15,2],[6,6],[35,38],[303,105],[187,-10],[100,-48],[171,-20],[38,-14],[110,-40],[218,85],[47,49],[47,49],[64,19],[28,2],[75,4],[55,30],[34,59],[41,74],[57,101],[-155,62],[-127,44],[-104,39],[0,28],[-1,33],[-71,4],[-6,37],[12,56],[14,74],[32,86],[52,71],[70,40],[14,183],[-30,10],[-12,111],[-75,7],[2,38],[50,37],[38,112],[34,74],[53,-42],[52,-32],[79,3],[53,-11],[36,-24],[11,-42],[-4,-76],[115,-2],[164,-27],[40,6],[37,-23],[51,-76],[184,-79],[-11,-84],[34,-35],[53,-9],[219,149],[139,125],[26,31],[20,-10],[53,-39],[18,24],[55,73],[56,26],[-13,92],[-62,35],[-71,106],[-73,145],[4,62],[-49,123],[91,52],[62,-58],[98,-110],[188,-130],[286,-156],[194,30],[97,4],[124,6],[142,-7],[47,-3],[5,10],[22,42],[254,-51],[-3,-17],[-6,-23],[-44,-1],[-12,-60],[33,-2],[63,-6],[230,12],[124,-18],[133,-11],[-42,-73],[-63,-99],[98,-21],[65,-14],[-13,-83],[-2,-72],[162,18],[174,38],[331,79],[23,-153],[67,26],[84,33],[39,-107],[140,21],[26,-152],[33,-34],[125,0],[167,-6],[81,9],[98,35],[58,13],[86,23],[12,-190],[22,-148],[66,-158],[-39,-25],[-59,-5],[5,-158],[-107,0],[-1,-75],[-47,2],[0,-87],[-52,-130],[27,-70],[-30,5],[-26,3],[-57,-234],[-6,-152],[53,-211],[408,-32],[-12,-326],[-3,-101],[-17,-279],[111,-31],[77,-27],[62,-22],[64,-93],[63,7],[83,-54],[66,-22],[137,-36],[62,-31],[-4,-34],[95,-29],[71,-20],[56,-25],[62,-9],[71,-28],[47,-30],[67,-18],[70,-5],[91,-10],[106,-31],[70,-32],[59,-2],[158,-35],[244,-28],[81,-19],[25,-12],[13,-33],[5,-47],[4,-26],[33,-21],[53,-25],[84,0],[55,22],[58,-5],[29,-25],[25,-6],[108,-22],[22,-12],[25,-10],[34,-10],[38,-4],[42,1],[47,-16],[51,20],[93,39],[66,15],[58,0],[25,-9],[29,-26],[106,-26],[40,6],[68,-3],[51,-23],[199,-101],[108,-65]],[[64630,12625],[-87,3],[-39,-110],[-25,-73],[125,-22],[33,-106],[178,-115],[-61,-68],[-92,-151],[-86,-132],[-73,-51],[-64,-46],[-97,-155],[17,-213],[52,-70],[-33,-16],[-126,-73],[-59,-83],[175,50],[5,2],[9,-14],[22,-32],[12,-16],[-72,-37],[-38,-15],[-275,-103],[-119,-66],[-109,-67],[-8,-5],[-79,-131],[-268,-9],[11,-50],[8,-33],[-19,-11],[-48,-27],[88,-94],[36,16],[88,39],[112,6],[8,-22],[33,-87],[55,-70],[-97,-47],[-48,-56],[-25,-64],[37,-8],[44,-9],[-34,-79],[-55,-66],[-28,-65],[-50,-51],[-137,-44],[-126,-34],[-108,-12],[-97,-28],[-143,9],[-58,15],[-38,34],[-81,-17],[-68,-18],[-39,-29],[-46,-46],[-18,50],[-52,136],[-58,-28],[-30,29],[-79,-95],[-64,-41],[-133,-114],[-87,-74],[-79,-95],[-45,-61],[-117,-121],[-128,-106],[-45,-40],[-23,-53],[-11,-48],[-70,-2],[-61,-8],[-62,-13],[-40,-49],[-130,-23],[-46,33],[-54,-70],[-19,-86],[-27,-29],[-29,46],[10,92],[89,93],[32,103],[45,101],[61,144],[67,123],[71,80],[36,26],[28,35],[63,102],[94,76],[-8,56],[-74,10],[-3,60],[82,46],[6,53],[-91,99],[97,56],[1,28],[131,165],[-7,56],[-72,-1],[-96,-18],[-75,-41],[-78,-25],[-76,-22],[-49,-26],[-71,-42],[-109,67],[-89,-79],[-81,-23],[-159,-119],[20,-30],[-46,-21],[-1,-14],[-10,-16],[-79,-19],[-72,-18],[-49,-3],[-76,9],[-99,56],[-23,36],[-33,47],[-30,31],[-84,62],[-32,37],[-14,19],[-47,-7],[-11,-1],[-5,31],[-5,32],[-19,26],[-27,26],[-30,23],[-70,30],[-54,58],[-56,55],[-41,43],[-26,10],[-36,18],[-22,32],[-16,54],[-12,27],[-8,20],[-42,35],[-33,8],[-16,4],[-57,7],[-10,46],[-37,15],[-100,68],[66,31],[-26,12],[-70,34],[-19,32],[-40,10],[-76,-13],[-53,31],[39,61],[-77,5],[-34,3],[-8,57],[0,58],[0,25],[-11,15],[-32,20],[-66,30],[-56,42],[10,56],[-39,25],[-66,-11],[-81,14],[-59,38],[-3,9],[-6,24],[-71,37],[-48,35],[-17,3],[-33,7],[-6,34],[-3,20],[-29,54],[-30,36],[159,124],[-23,93],[35,50],[31,113],[-15,87],[7,21],[19,55],[-47,-3],[-36,-9],[-47,-19],[-52,-13],[-24,40],[-35,47],[135,93],[232,128],[56,46],[43,-90],[38,-80],[41,11],[210,60],[24,28],[26,23],[43,23],[36,10],[39,4],[42,1],[56,2],[64,3],[29,-1],[28,-2],[74,1],[66,7],[90,18],[49,14],[46,10],[42,2],[88,47],[86,55],[102,104],[122,124],[98,115],[146,160],[50,105],[158,130],[94,-19],[68,-14],[67,-11],[465,-34],[216,-6],[73,4],[50,3],[104,5],[67,-9],[66,10],[32,-83],[-63,-220],[-11,-47],[3,-47],[25,-69],[216,35],[-9,101],[316,-24],[110,-97],[-11,-63],[-28,-102],[11,-66],[5,-96],[113,21],[103,84],[73,-54],[63,59],[22,19],[64,34],[74,31],[51,13],[137,33],[28,1],[37,-3],[27,-8],[63,38],[36,-33],[204,52],[189,-39],[187,44],[52,87],[33,166],[264,-42],[301,31],[-16,41],[-13,34],[63,52],[62,-19],[6,-1],[102,-39],[90,-62],[-7,-57],[-36,-125],[-85,-96],[-111,-75],[-53,-174],[-126,-147],[-84,28],[-19,7]],[[98272,16014],[-27,51],[-81,26],[-123,33],[-163,67],[-147,83],[-204,101],[-101,52],[-33,16],[-107,53],[-121,46],[-117,28],[-114,8],[-108,-14],[-563,362],[-32,48],[-122,-58],[-177,54],[-163,86],[-145,90],[28,366],[-108,194],[-81,166],[73,43],[-3,53],[94,51],[-24,72],[180,73],[-17,172],[-54,36],[-108,55],[-418,202],[-316,154],[-419,218],[195,290],[151,164],[164,29],[56,74],[109,95],[85,101],[169,163],[116,219],[21,38],[33,26],[165,127],[107,53],[-63,132],[183,95],[221,55],[78,35],[52,2],[125,52],[30,-393],[14,-64],[15,-64],[210,11],[20,-166],[6,-43],[11,-86],[95,3],[135,6],[-69,-252],[151,-28],[-17,-78],[5,-75],[95,-9],[109,-43],[89,124],[72,65],[-102,119],[-35,103],[5,80],[12,46],[78,139],[173,100],[65,-80],[199,-1],[115,-9],[241,-81],[123,-109],[60,78],[57,72],[45,65],[81,50],[170,37],[98,6],[93,-5],[174,-28],[133,-53],[111,-65],[23,-87],[-125,11],[-121,10],[-102,2],[-129,-5],[-86,-4],[-92,-15],[-99,-38],[-44,-17],[-88,-52],[-58,-52],[-40,-57],[-27,-62],[-18,-77],[4,-53],[12,-66],[64,-140],[88,-187],[14,-69],[-25,-229]],[[98436,18936],[-152,-88],[-177,-103],[-143,-101],[-85,-67],[-85,-77],[-53,-58],[-68,-92],[-44,-91],[-32,-116],[-13,-96],[0,-72],[16,-74],[17,-64],[29,-66],[86,-113],[74,-63],[115,-64],[133,-42],[388,-93],[166,-48],[50,-18],[79,-35],[75,-44],[58,-36],[58,-44],[48,-45],[51,-51],[48,-56],[39,-60],[25,-60],[17,-49],[30,-95],[14,-75],[1,-83],[-7,-69],[-31,-70],[-44,-87],[-61,-73],[-74,-58],[-74,-45],[-73,-31],[-80,-24],[-91,-16],[-78,-15],[-81,-16],[-75,-20],[-63,-20],[-97,-39]],[[97412,38680],[-51,-81],[-105,-145],[-61,-75],[-57,-58],[-67,-71],[-93,-67],[-101,-59],[-118,-64],[-129,-56],[-87,-31],[-74,-27],[-94,-31],[-91,-27],[-419,-79],[-331,-74],[-278,-65],[-268,-79],[-282,-114],[-272,-129],[-157,-92],[-83,-56],[-166,-92],[-80,-56],[-82,-70],[-66,-66],[-47,-70],[-34,-62],[-26,-61],[-14,-63],[-28,-358],[-4,-47],[0,-19],[-1,-34],[0,-51],[-1,-57],[16,-87],[36,-78],[39,-85],[4,-8],[46,-91],[45,-99],[16,-39],[30,-73],[59,-120],[118,-158],[12,-17],[51,-63],[64,-79],[28,-42],[51,-142],[61,-169],[41,-166],[21,-102],[26,-123],[33,-141],[23,-87],[39,-101],[52,-142],[18,-57],[43,-132],[60,-151],[48,-101],[59,-106],[41,-61],[41,-59],[27,-37],[73,-36],[143,-225],[69,-84],[65,-52],[69,-56],[86,-55],[12,-7],[121,-72],[96,-63],[23,-13],[39,-29],[55,-45],[58,-61],[52,-65],[62,-83],[39,-76],[33,-71],[21,-78],[30,-87],[54,-111]],[[96093,31809],[-85,-18],[-135,-29],[-110,-28],[-43,-25],[-40,63],[-63,122],[-54,90],[-146,43],[-94,-62],[-134,137],[-104,63],[-172,79],[-41,-33],[-12,-6],[-16,-5],[-20,4],[-191,89],[-11,10],[-21,10],[-31,5],[-31,-9],[-36,-12],[-16,-8],[-66,-23],[-43,18],[-39,-82],[-151,69],[-90,-57],[-185,-44],[-51,87],[-18,80],[11,52],[-182,8],[-1,39],[-53,-11],[-62,6],[-58,8],[-26,6],[-21,-65],[-76,4],[-279,-573],[-223,108],[-76,65],[-127,61],[-8,3],[-51,21],[-37,-40],[-86,-96],[-123,-72],[-116,-70],[-301,-52],[-159,-18],[-182,-50],[-158,-29],[-254,-34],[-138,-37],[-54,-9],[-217,-39],[28,-79],[-216,-46],[-88,-8]],[[90511,31390],[-124,1],[-25,50],[-170,-28],[-225,-43],[-83,24],[-88,-6],[-25,104],[-260,-26],[-13,80],[-23,71]],[[89475,31617],[-9,34],[-32,104],[-53,124],[-27,46],[-41,251],[16,51],[7,64],[-16,131],[5,65],[11,184],[1,304],[-354,-48],[-20,172],[-7,61],[-15,118],[-109,-20],[-64,-12],[-16,51],[-16,94],[-4,27],[5,43],[13,97],[63,185],[18,115],[-24,77],[6,57],[7,63],[12,107],[30,274],[74,89],[80,77],[198,36],[317,54],[888,153],[-69,183],[-109,177],[-82,329],[-195,-124],[9,148],[9,164],[-291,-37],[-227,183],[162,105],[-12,134],[-42,267],[-18,80],[-20,94],[408,80],[513,88],[80,6],[267,39],[33,-158],[211,23],[21,-36],[20,-71],[9,-31],[330,39],[92,7],[94,3],[74,-221],[313,70],[23,-47],[75,17],[12,-65],[186,28],[10,-46],[83,7],[45,-3],[41,-2],[18,0],[40,-2],[46,-6],[56,-5],[35,-4],[76,-4],[76,-3],[99,7],[30,1],[36,-1],[6,0],[76,-4],[-46,149],[-62,414],[-11,79],[237,-1],[37,0],[162,-2],[-8,133],[-11,220],[-27,120],[-25,91],[-56,220],[10,1],[92,4],[38,1],[0,48],[3,168],[67,423],[2,28],[15,171],[5,142],[717,-7],[-54,-190],[54,-23],[129,-55],[205,-14],[35,337],[-10,113],[131,17],[49,6],[73,7],[308,48],[25,5],[26,8],[47,16],[36,12],[38,10],[45,7],[154,21],[22,-3],[37,-9],[64,-17],[180,-74],[83,-129],[302,-162],[121,-67],[94,-69],[50,9],[8,4],[369,146],[254,103],[140,27],[190,-60]],[[50418,11283],[-14,7],[-15,19],[-12,25],[-43,26],[-45,22],[-88,85],[-153,201],[-40,52],[-199,147],[-37,97],[-17,83],[-38,59],[-230,-91],[-64,38],[-31,32],[11,67],[167,87],[53,55],[-90,53],[-30,40],[-12,95],[7,42],[45,44],[74,46],[12,42],[51,-7],[20,66],[-48,14],[17,88],[6,113],[62,4],[-47,58],[-266,143],[-94,30],[-221,198],[67,34],[82,109],[82,65],[-216,81],[83,49],[-91,28],[25,43],[97,58],[143,21],[55,50],[196,118],[82,98],[6,58],[-28,221],[77,57],[-16,53],[118,86],[-30,64],[126,36],[111,9],[-2,-96],[22,-34],[66,-40],[69,-111],[145,-84],[136,-112],[80,27],[100,215],[35,110],[-122,147],[84,61],[131,90],[34,-35],[94,70],[138,63],[53,37],[60,41],[22,51],[93,99],[29,80],[62,100],[13,70],[-6,78],[-29,46],[-92,-9],[-65,43],[-86,39],[-79,28],[-35,63],[-20,39],[91,35],[63,50],[141,76],[122,18],[80,-3],[55,-34],[87,56],[117,36],[135,41],[-36,-77],[210,-149],[75,-21],[83,-17],[65,-19],[23,103],[-32,67],[79,81],[84,-22],[112,-88],[45,45],[81,56],[447,567],[-111,27],[-116,149],[-13,164],[-11,46],[79,101],[-32,83],[5,69],[89,62],[31,61],[20,39],[145,29],[95,-39],[88,-7],[-18,41],[-63,43],[12,50],[176,121],[2,86]],[[53513,17703],[106,-83],[62,-66],[56,45],[25,19],[116,43],[117,34],[-2,-75],[-9,-59],[95,-182],[36,-112],[53,-156],[23,-105],[-28,-56],[-18,-16],[-12,-10],[-6,-6],[-10,-11],[-25,-37],[-12,-31],[-12,-30],[-10,-53],[-8,-102],[-15,-72],[-24,-51],[-17,-52],[2,-34],[8,-48],[51,-119],[48,-87],[40,-46],[59,-27],[145,100],[171,53],[51,-112],[141,7],[59,-5],[54,-37],[92,-107],[37,-37],[-24,-47],[-18,-58],[35,-10],[69,-14],[44,-7],[27,-3],[35,-4],[36,-2],[89,-5],[54,-5],[67,-26],[67,-22],[25,-8],[42,-11],[86,-13],[-69,-80],[-13,-31],[46,-63],[101,-114],[111,-109],[-4,-37],[-272,37],[-115,3],[-86,15],[-23,-42],[-47,-42],[-13,-37],[-43,10],[-34,-40],[-203,-59],[-284,-148],[-5,-113],[-93,-107],[-124,25],[-32,-20],[-24,5],[-38,-1],[-61,-11],[-47,-21],[-52,-30],[-15,-51],[111,-34],[49,-49],[4,-114],[-25,-82],[-38,-96],[-50,-72],[-257,-85],[27,-23],[67,-55],[-67,-63],[-30,-50],[15,-51],[-10,-96],[-37,-67],[-38,-36],[-88,-15],[25,-88],[19,-64],[44,-33],[45,-28],[97,-41],[167,-69],[81,-27],[103,-26],[65,-14],[17,-9],[9,-16],[2,-25],[14,-32],[120,-10],[76,-6],[61,12],[57,39],[119,-29],[-93,-83],[-48,-8],[-35,-202],[4,-132],[1,-41],[-85,-63],[-23,66],[-86,29],[-99,18],[-78,-18],[-91,31],[-106,36],[-103,-71],[-245,-56],[24,-40],[-139,-143],[-181,31],[-68,-25],[93,-66],[-40,-19],[-191,23],[-48,29],[-126,-61],[-14,-2],[-219,-120],[-180,-2],[-207,28],[-103,-27],[-55,-16],[-11,22],[-22,20],[-19,32],[-8,36],[-4,48],[-2,56],[-41,12],[18,38],[-61,36],[-39,58],[-5,57],[-201,-123],[-145,-226],[-55,5],[-93,-57],[96,-74],[-37,-145],[-193,119],[-145,-189],[125,-94],[4,-4],[-20,-72],[-70,22],[-124,94],[-375,96],[-24,-29],[-45,-63],[-20,-64],[-9,-20],[-23,-46],[-13,-56],[-29,-50],[-36,-42],[-33,-37],[-33,-50],[-24,-50],[-22,-57],[-28,-53],[-61,-99],[-40,-29],[-59,-44],[-16,-21]],[[77262,43858],[106,41],[114,46],[119,50],[67,2],[9,-28],[-2,-21],[-13,-31],[-10,-34],[-5,-26],[-3,-17],[3,-54],[0,-5],[0,-9],[191,14],[3,-55],[217,113],[91,-5],[113,-44],[225,131],[-18,166],[178,186],[-119,82],[-41,41],[38,26],[29,-28],[43,-26],[31,-21],[36,-19],[37,-11],[36,-13],[37,-6],[35,-2],[38,1],[54,1],[30,101],[37,67],[81,47],[88,50],[73,57],[46,46],[27,38],[24,67],[125,52],[34,-83],[41,12],[51,10],[15,-58],[129,3],[221,3],[37,13],[116,102],[-18,35],[-78,92],[-7,60],[33,50],[53,51],[92,59],[85,17],[93,88],[71,33],[22,10],[206,48],[272,64],[225,103],[-52,66],[417,183],[-279,159],[37,28],[-180,117],[77,68],[-322,284],[62,37],[122,59],[112,40],[124,44],[81,-114],[384,96],[173,3],[124,30],[35,7],[25,-32],[104,28],[51,22],[67,19],[83,-2],[90,-4],[18,-6],[26,-7],[26,-13],[82,36],[109,32],[116,33],[138,40],[30,14],[19,23],[18,21],[51,29],[66,37],[249,119],[207,106],[132,71],[65,-69],[9,-61],[113,-117],[119,-119],[61,-73],[55,15],[33,-2],[119,-9],[89,-7],[107,27],[57,19],[13,-54],[252,57],[228,69],[394,32],[-12,104],[51,4],[9,40],[7,31],[-13,77],[215,32],[58,-1],[69,-5],[120,-4],[1,-32],[84,25],[117,52],[411,-434],[51,108],[58,-100],[-165,-149],[6,-144],[245,-92],[34,-13],[-50,-197],[89,-11],[-21,-48],[-18,-14],[-27,-15],[-14,-25],[-3,-27],[0,-22],[18,-20],[55,-71],[-23,-30],[1,-15],[83,-133],[32,-59],[18,-49],[13,-29],[38,-20],[74,-4],[148,11],[58,-10],[32,-10],[12,-26],[19,-10],[-4,-148],[23,-42],[-59,-10],[-88,-15],[51,-164],[250,47],[25,5],[73,-162],[42,-92],[44,-55],[55,-69],[-85,-51],[-76,-83],[-19,-14],[41,-70],[-258,-112],[27,-34],[-106,-8],[-125,-25],[-115,-35],[-156,-38],[-198,-32],[9,-133],[16,-113],[32,-16],[36,-28],[21,-10],[19,-15],[22,-77],[-93,-32],[107,-242],[33,-82],[11,-29],[-39,-9],[14,-49],[14,-46],[42,-122],[7,-11],[73,54],[65,-146],[210,19],[65,-21],[39,17],[184,1],[220,54],[388,30],[115,36],[13,-24],[121,-35],[106,-2],[-18,-36],[-36,-58],[-7,-43],[3,-38],[0,-29],[2,-26],[-14,-29],[-16,-19],[-20,-22],[8,-22],[18,-46],[75,2],[80,-126],[-106,-14],[8,-120],[-49,-31],[153,-195],[-290,-166],[71,-95],[-191,-120],[54,-201],[16,-56],[32,-117],[40,-49],[8,-47],[130,6],[9,-32],[10,-89],[14,-56],[-21,-501],[116,-15],[-80,-189],[5,-183],[149,-3],[-2,72],[335,4],[-7,-63],[223,-16],[162,-35],[-37,-114],[229,-37],[-41,-162],[107,-17],[86,-16],[-14,-98],[325,63],[19,-63],[73,38],[127,-117],[76,-169],[42,11],[75,-137],[96,-150],[214,30],[-55,190],[427,103],[-140,343],[29,64],[20,29],[71,196],[195,-6],[17,177],[8,95],[122,-8],[0,50],[230,21],[-23,161],[-32,109],[103,36],[-44,87],[103,30],[16,48],[14,19],[78,36],[43,-4],[156,-12],[73,-1],[530,13],[81,-30],[14,84],[161,-63],[4,-57],[101,15],[239,4],[191,-44],[74,-29],[86,32],[257,213],[107,64],[95,40],[101,124],[135,135],[-15,97],[20,41],[94,93],[81,55],[190,79],[103,36],[114,36],[40,-83],[250,6],[172,105],[69,32]],[[95479,42368],[49,-62],[4,-5],[85,-119],[113,-173],[93,-155],[82,-171],[29,-69],[47,-105],[43,-140],[18,-93],[3,-72],[2,-49],[10,-68],[13,-63],[28,-65],[59,-99],[52,-72],[71,-78],[61,-55],[83,-59],[61,-37],[85,-37],[125,-38],[145,-24],[120,-9],[144,-4],[171,0],[230,23],[213,37],[416,96],[75,14],[45,6],[34,1],[35,1],[57,-3],[49,-6],[52,-8],[62,-20],[33,-13],[33,-15],[27,-18],[58,-55],[13,-12],[41,-44],[7,-8],[27,-52],[16,-64],[11,-60],[0,-49],[-19,-73],[-32,-57],[-51,-53],[-292,-238],[-420,-340],[-135,-115],[-82,-84],[-40,-42],[-43,-56],[-68,-97],[-132,-218],[-24,-43],[-59,-102]],[[89475,31617],[-97,-19],[-17,49],[-130,-44],[-29,-42],[-84,-7],[-9,31],[-187,-16],[-79,-17],[-334,-96],[-94,175],[-63,-19],[-102,176],[-110,143],[-39,-19],[-47,36],[62,40],[50,22],[13,6],[13,5],[47,18],[97,53],[-155,172],[-92,-32],[-116,211],[-54,125],[-296,33],[-61,105],[-57,-19],[-41,98],[-45,92],[47,13],[-36,70],[65,22],[-32,65],[-41,-8],[-21,92],[-54,19],[-194,-27],[-11,42],[-14,35],[-99,-3],[-5,94],[-42,-1],[-168,-7],[-12,77],[-30,97],[-104,10],[-217,-16],[-19,69],[-163,-61],[-171,-20],[-206,-52],[-135,-46],[-53,-35],[-70,-37],[-116,-20],[-22,40],[-281,-66],[-72,197]],[[85143,33420],[22,161],[53,151],[93,294],[51,113],[75,-11],[67,-14],[5,84],[-6,40],[-114,72],[-128,0],[50,153],[74,-9],[-14,130],[-61,243],[-79,172],[-103,-27],[-75,187],[-190,-12],[-30,34],[-524,599],[-481,-142],[-154,386],[79,18],[11,30],[-36,96],[-311,-146],[-49,99],[-29,60],[49,14],[-75,200],[-197,364],[76,26],[-137,249],[-176,-32],[-316,-123],[-13,22],[-26,47],[-185,-53],[-20,52],[-155,-39],[-7,54],[-180,-22],[-25,101],[-108,-21],[-100,-25],[-277,-69],[-208,-51],[-80,209],[-12,1],[-268,177],[-115,-33],[-114,153],[-168,-75],[-65,-16],[-54,117],[-182,95],[-82,-51],[-65,6],[-102,64],[-58,-5],[-139,15],[-4,50],[-172,-39],[-25,129],[-26,-24],[-104,-47],[-146,-97],[-124,-32],[-248,-174],[-259,-153],[-91,-78],[-168,-32],[-180,-74],[-73,24],[-99,-1],[-71,9],[-152,17],[-149,-7],[-309,68],[136,23],[1,39],[-120,4],[-79,25],[-166,46],[-4,21],[0,57],[11,67],[28,177],[19,39],[32,38],[76,67],[29,33],[11,17],[-3,18],[-23,23],[-56,38],[-40,37],[95,142],[38,29],[54,23],[143,-82],[123,8],[117,68],[-155,-19],[-87,23],[-23,91],[-29,136],[-183,257],[-219,52],[-155,37],[-84,60],[-104,-22],[-208,-39],[-193,101],[18,93],[10,26],[41,52],[40,92],[-57,107],[45,50],[-59,30],[-50,-109],[-60,-42],[-151,-104],[-36,66],[-1,35],[10,75],[95,65],[95,95],[106,65],[178,99],[79,44],[79,83],[-42,42],[-42,43],[24,26],[25,27],[-35,68],[-3,53],[-7,157],[-327,-57],[-142,-51],[-254,-156],[-52,-38],[-52,-33],[-302,-332],[-108,-28],[-39,40],[-24,25],[-213,163],[-285,141],[-39,61],[35,88]],[[72471,20024],[141,251],[12,125],[95,101],[100,93],[85,-10],[75,51],[110,49],[101,31],[77,-15],[89,-16],[88,-43],[135,16],[156,126],[95,-14],[107,158],[79,38],[66,14],[75,6],[61,-11],[44,-23],[46,-39],[46,-23],[99,-4],[40,42],[88,57],[75,74],[56,66],[50,71],[40,74],[58,66],[136,63],[114,62],[151,75],[114,41],[83,15],[116,5],[113,-21],[160,-60],[61,-8],[122,-49],[68,-37],[113,-34],[181,-54],[44,17],[32,9],[22,-1],[28,-2],[23,5],[27,8],[9,3],[20,9],[40,23],[28,19],[26,20],[22,15],[17,18],[12,26],[14,26],[12,28],[10,29],[6,28],[2,28],[3,26],[1,23],[5,21],[5,28],[10,31],[15,28],[21,24],[21,19],[32,17],[44,14],[81,19],[67,18],[47,15],[54,14],[58,21],[6,2],[-99,24],[-44,43],[-22,48],[-98,106],[-122,163],[-97,119],[-52,136],[21,124],[-10,80],[39,27],[130,50],[85,104],[133,71],[149,73],[173,30],[107,57],[201,66],[125,3],[94,-6],[18,14],[14,8],[26,4],[38,4],[35,7],[47,18],[-86,102],[-48,14],[-11,135],[25,6],[17,5],[40,12],[45,14],[16,6],[33,14],[15,6],[26,4],[133,-6],[129,-51],[158,3],[108,22],[143,39],[-22,49],[-90,-11],[-63,-4],[-59,4],[-7,52],[68,57],[90,44],[73,37],[-46,67],[-69,-35],[-73,-36],[-75,-38],[-148,-83],[-107,-35],[-128,-22],[-24,74],[-57,35],[-78,34],[63,52],[101,-35],[109,14],[-17,64],[-82,-15],[-43,25],[79,69],[79,82],[108,-44],[105,-8],[21,33],[-125,31],[-53,42],[43,33],[269,-63],[-13,150],[-215,63],[77,76],[16,16],[-5,109],[-65,-36],[0,-53],[-99,-94],[-68,-41],[-70,-52],[-64,19],[-34,29],[-50,43],[-94,127],[-72,-34],[111,-145],[47,-38],[46,-37],[26,-21],[-188,-183],[-77,-31],[-122,71],[-121,7],[18,101],[2,22],[-10,26],[-39,3],[-37,-32],[-49,-66],[-5,-63],[-199,-15],[-7,73],[-150,69],[-4,10],[-19,14],[-13,15],[-5,20],[-3,29],[-1,29],[-11,16],[-17,21],[-9,27],[-2,27],[5,29],[10,39],[5,28],[-1,21],[-10,21],[-22,12],[-30,12],[-47,16],[-10,5],[-17,7],[-7,14],[0,14],[5,14],[6,13],[-13,27],[-16,13],[-40,28],[-29,26],[-18,45],[-27,46],[-25,52],[-20,37],[-25,40],[-13,23],[-24,26],[-26,29],[74,76],[125,65],[3,38],[-38,52],[-63,42],[-37,87],[-29,143],[7,147],[1,13],[-13,68],[-26,71],[-7,78],[48,203],[0,53],[-39,29],[-14,9],[-34,27],[-27,36],[62,36],[87,62],[83,45],[99,28],[274,30]],[[77285,26474],[175,6],[103,-22],[91,207],[395,-33],[225,-9],[95,9],[199,80],[55,35],[87,84],[32,14],[380,50],[268,224],[17,127],[-11,122],[99,114],[58,72],[64,81],[49,70],[-3,-14],[43,35],[157,116],[188,84],[53,-66],[54,-72],[240,92],[-31,75],[-38,80],[307,147],[-5,38],[35,74],[13,83],[42,63],[5,79],[174,232],[79,61],[120,125],[131,105],[20,-27],[111,48],[84,30],[-6,14],[-23,50],[90,24],[182,57],[30,-26],[122,43],[83,49],[46,-44],[19,-19],[60,27],[172,81],[10,-28],[2,-22],[-2,-33],[140,102],[25,37],[119,50],[52,26],[46,27],[86,37],[73,35],[101,72],[66,40],[76,37],[-55,46],[0,18],[-60,89],[-65,60],[-115,143],[-84,78],[-76,71],[-41,38],[-58,75],[-68,65],[296,-8],[12,166],[-59,0],[19,177],[-108,-14],[-33,134],[399,82],[203,1],[-54,49],[59,28],[-30,30],[219,143],[143,26],[-2,45],[125,11],[-64,269],[-70,110],[394,201],[98,51],[-228,316],[-102,69],[514,277],[-76,105],[118,58],[201,77],[96,32],[104,39],[141,104],[-55,69],[127,52],[25,-64],[122,50],[-52,213],[76,45],[193,65]],[[90511,31390],[1,-58],[-8,-72],[-8,-112],[6,-124],[-42,-214],[-22,-73],[9,-111],[25,-134],[24,-173],[-44,6],[-15,-147],[135,-111],[-39,-3],[40,-128],[15,-89],[22,-90],[34,-212],[-150,-51],[0,-53],[-1,-72],[4,-107],[42,-98],[-192,-50],[-54,-23],[41,-75],[-50,-23],[-267,-96],[-59,-20],[-155,-20],[-114,4],[-213,-29],[7,-136],[24,-81],[18,-78],[21,-87],[131,19],[28,-54],[179,23],[61,-108],[18,-111],[37,-147],[25,-98],[37,-119],[16,-85],[21,-134],[14,-113],[-3,-93],[-305,-41],[15,-104],[55,-143],[204,27],[139,16],[15,-79],[74,-157],[-162,-27],[-70,-14],[-27,-6],[-185,-72],[-110,-54],[-40,-29],[-19,-8],[-84,-36],[-97,-50],[-68,-22],[-64,1],[-22,9],[-10,30],[-10,17],[-13,1],[-25,-3],[-20,0],[-20,8],[-20,4],[-18,-1],[-21,0],[-23,-2],[-14,-9],[-23,-21],[-38,-30],[-59,-28],[-14,-3],[-19,-2],[-82,0],[-100,2],[-51,-2],[-30,-4],[26,-160],[47,14],[56,12],[127,19],[61,7],[118,22],[44,11],[49,7],[48,7],[17,3],[60,-93],[-263,-157],[55,-156],[133,-113],[-74,-39],[83,-56],[63,-68],[97,37],[144,33],[29,3],[122,12],[66,-4],[244,-16],[85,-250],[91,-325],[41,-201],[44,-221],[-98,-6],[32,-108],[105,2],[21,-77],[65,5],[31,-132],[104,-301],[-126,-10],[-486,-31],[-159,-30],[11,-73],[-91,-3],[-20,57],[-48,-9],[17,-131],[-99,-18],[-286,-36],[-262,-18],[1,-33],[-63,-3],[-387,-28],[3,-53],[7,-59],[-72,-1],[5,-67],[-70,-4],[-1,-131],[20,-89],[3,-83],[30,-2],[54,-237],[26,10],[33,-131],[-30,-3],[75,-232],[239,58],[203,58],[201,45],[25,-66],[170,38],[7,-86],[103,-200],[-138,-33],[22,-48],[45,6],[24,5],[46,-89],[27,-55],[153,-286],[-36,-12],[92,-232],[57,-114],[156,14],[16,-94],[-55,-8],[-29,-4],[4,-83],[48,-91],[90,-133],[-142,-65],[-30,-27],[39,-93],[405,117],[161,-240],[74,10],[25,-45],[155,-219],[127,-123],[105,-171],[89,-236],[51,15],[29,-88],[-52,-21],[-43,-20],[-65,-20],[-43,-13],[-54,-4],[68,-181],[40,-102],[-105,-20],[30,-83],[93,17],[46,-104],[106,-100],[56,-56],[38,-44],[92,-132],[120,-380],[329,-1009],[41,-130],[16,-111],[52,-81],[0,-50],[-119,-11],[-5,-176]],[[78765,19092],[-63,-16],[-30,-13],[-34,-21],[-39,-38],[-28,-36],[-38,-66],[-28,-27],[-34,-14],[-35,-8],[-33,2],[-32,15],[-22,16],[-18,26],[-15,26],[-18,22],[-20,15],[-62,32],[-45,8],[-51,8],[-21,-27],[-20,-17],[-10,-9],[-19,-12],[-21,-13],[-32,-22],[-31,-27],[-7,-32],[10,-30],[14,-18],[2,-25],[-11,-24],[-10,-18],[-13,-21],[-1,-20],[7,-40],[21,-30],[32,-47],[-22,-33],[-62,-9],[-54,8],[-41,10],[-25,-53],[-44,-32],[-43,-54],[-37,-29],[-54,-45],[-60,-33],[-44,-5],[-37,7],[-30,10],[-36,8],[-29,-3],[-22,-12],[-19,-33],[-26,-40],[-32,-41],[-41,-30],[-38,-22],[-16,-6],[-52,-19],[-80,-23],[-76,-4],[-74,-8],[-102,-37],[-73,-26],[-53,-4],[-42,10],[-41,11],[-26,-2],[-45,-21],[-40,-26],[-34,-17],[-39,-16],[-41,-15],[-41,-13],[-26,-8],[-62,-48],[3,-70],[-9,-48],[-11,-36],[8,-25],[15,-39],[-2,-34],[-27,-36],[-40,-34],[-27,-29],[-3,-61],[13,-38],[11,-29],[-10,-30],[-30,-49]],[[76142,17330],[-143,41],[-64,6],[-26,2],[-164,0],[-119,139],[-178,134],[-89,31],[-193,21],[-173,-3],[-115,-33],[-87,-43],[-94,-65],[-85,-27],[-100,-3],[-105,-20],[-85,-42],[-247,1],[-87,39],[-63,34],[-95,5],[-320,-97],[-100,-5],[-102,90],[-48,15]],[[73260,17550],[-111,39],[-71,146],[-113,61],[-58,158],[-64,174],[-94,198],[4,119],[4,97],[-134,56],[-241,11],[-84,-25],[27,-179],[3,-16],[-33,-19],[-525,-292]],[[71770,18078],[-35,47],[-68,72],[-89,88],[-60,67],[-6,36],[5,55],[22,63],[3,11],[-80,119],[5,14],[84,254],[37,114],[-4,151],[187,264],[86,176],[8,96],[133,81],[129,71]],[[77285,26474],[-149,132],[-162,40],[-49,65],[3,76],[81,54],[24,44],[7,44],[-126,117],[90,170],[-14,262],[-63,65],[-74,50],[-58,46],[-56,82],[-28,100],[-23,130],[6,42],[18,65],[45,63],[235,224],[24,72],[-8,84],[62,74],[63,59],[-112,31],[-173,-93],[-160,-110],[-59,-39],[-105,13],[-112,13],[-102,5],[-159,-7],[78,89],[-127,22],[-183,34],[-472,103],[-120,31],[-71,21],[-24,40],[-111,-46],[-308,-38],[-257,-135],[-4,-19],[-33,-129],[-60,-15],[-31,-7],[-72,-31],[-38,27],[-29,40],[-32,66],[-99,8],[-163,-73],[-129,-83],[-38,-52],[-57,6],[-22,-58],[-117,-56],[-196,-105],[-128,34],[-4,42],[-83,21],[-22,-52],[-131,15],[-157,-18],[-91,-66],[-116,-45],[-165,-102],[-163,-83],[-235,-137],[-302,-23],[1,13],[27,165],[-8,139],[159,60],[81,54],[82,37],[12,7],[-31,55],[-37,66],[46,58],[-292,122],[1,19],[6,85],[-4,4],[-34,-5],[-272,-1],[-39,10],[-56,16],[-165,111],[-69,44],[-90,51],[-297,-54],[-36,-4],[-5,17],[49,44],[91,60],[-92,17],[-81,-21],[-116,88],[-82,-53],[-48,-115],[-35,-13],[-55,143],[-43,-33],[-17,-8],[-73,-41],[-52,-18],[-78,-11],[-38,-2],[-40,52],[-78,100],[-357,-84],[22,-49],[-131,-42],[-126,21],[-58,-130],[-101,-4],[-40,195],[-84,138],[-82,134],[-77,54],[-15,9],[-86,50],[9,40],[21,23],[197,133],[28,141],[27,51],[39,29],[73,50],[71,54],[72,55],[69,30],[139,92],[79,76],[-57,116],[-215,244],[-134,-27],[-43,-32],[-76,5],[-86,3],[-3,10],[-10,39],[-2,42],[-15,30],[-30,31],[-29,34],[-4,14],[-111,-19],[-99,-17],[-99,62],[-99,19],[-60,2],[-95,37],[-26,61],[30,25],[118,13],[-79,131],[-84,31],[-66,-21],[-69,-33],[-57,-59],[-83,123],[-171,160],[-26,40],[-19,52],[-3,93],[-4,112],[84,254],[18,30],[43,72],[101,54],[96,70],[-123,115],[-84,-137],[-171,-100],[-148,-314],[-38,31],[-115,93],[-107,-56],[-89,-46],[-75,84],[-66,-25],[-96,61],[-73,68],[-61,26],[-35,-41],[-185,15],[-65,-149],[-71,7],[34,85],[-99,0],[-8,42],[-65,19],[-103,12],[-56,-5],[-71,-28],[-41,-38],[-78,-27],[-60,-4]],[[66107,31486],[55,165],[176,105],[133,139],[-11,11],[-30,25],[27,17],[19,11],[2,28],[4,79],[-54,25],[89,56],[-140,42],[-109,33],[93,99],[74,101],[75,79],[-67,43],[48,113],[-15,8],[-181,100],[-59,57],[-43,63],[-40,129],[-18,57],[80,78],[32,31],[151,53],[33,43],[58,12],[77,14],[41,-20],[26,-2],[69,25],[149,4],[198,31],[20,92],[53,12],[100,22],[-24,37],[-128,195],[-101,61],[-23,70],[-5,46],[-6,60],[5,9],[42,58],[34,23],[31,22],[251,58],[112,37],[16,36],[13,27],[0,34],[-11,40],[-29,31],[-23,45],[-18,53],[-9,40],[8,37],[22,40],[16,39],[-8,19],[-61,-20],[-144,-76],[-58,-86],[-99,-11],[-113,18],[-181,70],[-33,60],[-41,35],[-32,41],[-19,24],[-24,76],[-67,-2],[-113,6]],[[96022,14336],[-250,-132],[-267,-154],[-134,-111],[-90,-84],[-99,-100],[-88,-114],[-64,-107],[-71,-143],[-51,-143],[-37,-134],[-20,-155],[-8,-151],[99,4],[41,12],[49,34],[30,39],[27,44],[26,48],[25,34],[35,31],[41,22],[57,21],[68,13],[75,8],[66,0],[143,-52],[35,-104],[26,-117],[-11,-54],[-83,-235],[-17,-50],[-161,-301],[-224,-252],[-288,-227],[-51,2],[-86,-412],[-38,-138],[-34,-88],[-50,-88],[-107,-168],[-318,-500],[-37,-74],[-22,-62],[-33,-193],[46,-174],[77,-142],[19,-35],[41,-85],[22,-97],[7,-88],[-42,-224],[-25,-118],[-156,-798],[-134,-644],[-94,-410],[-64,-274],[-34,-99],[-61,-176],[-145,-236],[-171,-211],[-23,-28],[-170,-191],[-161,-151],[-53,-46],[-33,-29],[-215,-182],[-281,-220],[-171,-191],[-144,-176],[-96,-123],[-76,-104],[-84,-129],[-114,-183],[-124,-221],[-104,-232],[-87,-239],[-63,-274],[-32,-229],[-31,-180],[-21,-143],[-18,-131],[-24,-105],[-40,-144],[-53,-168],[-60,-138],[-119,-249],[-65,-114],[-164,-262],[-75,-94],[-67,-80],[-100,-100],[-80,-73],[-106,-82],[-221,-154],[-101,-65],[-348,-238],[-243,-152],[-118,-79],[-244,-155],[-316,-204],[-102,-54],[-61,-32],[-112,-50],[-48,49],[-57,41],[-16,16],[-9,12],[-5,13],[-4,21],[-4,29],[-3,14],[-17,41],[-9,20],[-15,27],[-36,61],[-27,32],[-31,31],[-33,25],[-44,22],[-32,13],[-29,7],[-32,0],[-48,0],[-59,-5],[-54,-9],[-54,-11],[-35,-4],[-30,-9],[-32,-16],[-25,-16],[-12,-13],[-16,-13],[-28,-17],[-27,-16],[-17,-16],[-7,-14],[-12,-17],[-14,-9],[-44,-18],[-21,-10],[-12,-13],[-24,-52],[-7,-11],[-8,-6],[-12,-2],[-13,0],[-10,5],[-16,2],[-14,-2],[-16,-7],[-20,-2],[-16,-2],[-20,-7],[-20,-7],[-17,-7],[-18,-18],[-19,-18],[-12,-13],[-84,-62],[-10,-8],[-19,-11],[-11,-3],[-8,2],[-157,100],[-5,7],[-1,10],[4,14],[20,55],[10,15],[24,22],[22,24],[5,9],[2,30],[-53,30],[-10,12],[-2,16],[6,19],[4,21],[0,15],[-6,10],[-18,10],[-2,9],[6,14],[12,11],[11,8],[0,10],[-9,6],[-13,9],[-24,16],[-30,13],[-34,4],[-37,-4],[-34,-6],[-34,-1],[-18,-12],[-12,-12],[-31,-1],[-32,2],[-16,18],[-56,3],[-54,35],[10,15],[-57,27],[-86,-18],[-84,-26],[-16,34],[-135,27],[-111,9],[-74,2],[-83,-3],[8,-120],[-36,-7],[-31,2],[-31,10],[-17,15],[-12,21],[-24,13],[-24,11],[-21,-2],[-7,-21],[-5,-14],[-19,-5],[-16,17],[-22,12],[-23,4],[-32,-4],[-28,-3],[-26,8],[-13,11],[-4,14],[-22,19],[-28,-1],[-12,-9],[-6,-16],[-14,-13],[-20,-4],[-22,8],[-15,9],[-30,14],[-31,1],[-17,-3],[-4,-9],[-14,-13],[-18,-1],[-25,-2],[-18,-4],[-10,-18],[-23,-14],[-36,-1],[-20,3],[-21,9],[-25,1],[-25,1],[-8,11],[-13,12],[-22,-1],[-16,-11],[-27,-5],[-31,3],[-33,6],[-29,12],[-24,17],[-26,8],[-22,7],[-11,4],[-22,-4],[-25,-6],[-32,-2],[-17,5],[-15,15],[-20,3],[-10,-9],[-15,-8],[-23,-2],[-13,7],[-1,13],[-7,10],[-13,3],[-27,2],[-28,3],[-31,8],[-20,11],[-15,14],[-23,17],[-2,22],[-3,20],[-17,18],[-17,9],[-30,-1],[-25,-15],[-22,-4],[-15,13],[0,19],[-14,11],[-20,5],[-10,20],[-2,23],[-15,11],[-28,4],[-26,-6],[-29,-20],[-19,-11],[-22,6],[-10,14],[-4,13],[-18,11],[-21,14],[-11,10],[-22,5],[-13,14],[-12,26],[-21,9],[-20,7],[-17,11],[2,13],[8,16],[-6,19],[-13,7],[-20,-5],[-12,-10],[-16,-14],[-20,-2],[-27,-5],[-17,-15],[-16,-13],[-21,-12],[-11,-5],[-18,1],[-15,11],[3,22],[-6,17],[-24,11],[-16,-6],[-13,-9],[-29,-2],[-7,14],[-7,23],[-18,10],[-21,12],[-23,5],[-16,-12],[0,-14],[-8,-9],[-22,-1],[-12,13],[-13,14],[-20,6],[-27,0],[-27,0],[-16,-12],[-7,-8],[-27,-3],[-4,11],[-3,14],[-9,12],[-27,5],[-22,1],[-11,-9],[-1,-16],[-8,-13],[-18,-4],[-19,10],[-6,20],[3,10],[5,12],[-2,14],[-17,8],[-22,9],[-17,11],[-2,14],[5,15],[-5,11],[-16,3],[-16,-4],[-29,-5],[-36,4],[-55,18],[-39,15],[-26,10],[-22,1],[-12,-9],[1,-13],[-7,-14],[-11,-6],[-10,-3],[-11,-4],[-23,-5],[-26,-2],[-25,3],[-15,16],[-10,15],[-15,6],[-18,-4],[-18,-4],[-29,0],[-25,4],[-18,-2],[-15,-5],[-27,-2],[-25,0],[-29,-1],[-24,6],[-17,14],[-18,10],[-27,1],[-12,10],[-2,15],[-17,10],[-22,0],[-4,-15],[0,-12],[-7,-11],[-21,-2],[-13,9],[-7,22],[-1,20],[10,21],[1,5],[0,14],[-15,18],[-22,11],[-24,12],[-13,17],[1,13],[-8,9],[-16,1],[-31,-5],[-29,2],[-15,8],[-2,16],[-8,13],[-22,-1],[-27,-3],[-30,-1],[-29,-1],[-28,1],[-25,5],[-28,11],[-19,21],[-6,14],[-10,20],[-20,4],[-34,1],[-37,2],[-32,4],[-19,9],[-20,16],[-17,9],[-20,9],[-17,14],[-29,0],[-16,-12],[-16,-15],[-18,-2],[-22,16],[-1,12],[-1,23],[-4,19],[-8,7],[-20,1],[-27,12],[-5,22],[-1,23],[0,14],[-5,20]],[[81638,1657],[29,71],[-11,127],[-14,120],[-88,96],[-7,96],[19,71],[82,65],[118,91],[38,80],[28,29],[40,43],[14,63],[5,53],[-2,91],[-23,95],[-11,78],[61,147],[-38,141],[4,61],[0,37],[40,41],[52,27],[-26,63],[-8,39],[-30,74],[-13,32],[-4,34],[-6,49],[6,94],[-47,112],[-58,177],[-24,95],[4,96],[18,37],[-37,15],[-51,137],[32,18],[-3,56],[-5,72],[-7,10],[-18,274],[-68,-21],[-58,-13],[-39,-5],[-42,1],[-44,1],[-17,-1],[-25,-7],[-26,-14],[-61,-26],[-65,-21],[-80,-17],[-18,85],[-47,151],[-8,111],[17,136],[-36,5],[25,199],[146,-22],[53,-10],[46,-15],[96,-17],[182,-11],[213,0],[103,-6],[44,152],[66,-6],[59,-6],[15,138],[-52,43],[27,58],[99,58],[56,61],[32,151],[6,103],[29,0],[119,-13],[27,0],[100,0],[96,4],[19,1],[55,14],[107,40],[47,4],[2,-143],[158,3],[-13,108],[-6,54],[54,18],[-19,99],[-57,-5],[28,396],[-27,28],[169,15],[139,-9],[85,36],[97,27],[57,1],[52,-12],[57,7],[46,36],[21,83],[-10,218],[46,96],[-11,84],[-55,342],[-42,143],[23,396],[10,172],[11,21],[198,-22],[126,-43],[61,0],[54,-41],[42,-55],[11,-14],[25,-1],[6,0],[28,-15],[74,-36],[44,-37],[8,-5],[38,32],[181,-3],[212,95],[112,35],[70,-3],[34,8],[41,6],[72,16],[125,34],[58,14],[17,17],[5,20],[11,15],[23,13],[26,3],[33,4],[37,1],[43,8],[15,9],[14,12],[15,17],[47,44],[46,42],[24,24],[25,17],[55,20],[114,35],[66,-127],[-197,-89],[72,-224],[220,15],[20,-60],[41,-1],[51,-60],[32,-53],[-23,-92],[81,13],[2,-142],[80,4],[63,2],[378,-84],[7,-37],[-79,-26],[25,-56],[12,-44],[69,-27],[31,-32],[138,-48],[31,-21],[40,-28],[10,-44],[147,-66],[88,3],[72,-22],[132,-13],[85,-58],[7,140],[-40,244],[81,-3],[130,-2],[63,-10],[46,-16],[28,52],[27,58],[158,-31],[3,120],[97,-13],[-4,128],[-3,86],[-45,158],[76,15],[111,-93],[78,-78],[89,20],[243,55],[420,50],[205,69],[97,-6],[47,-145],[293,57],[-16,127],[-42,75],[-73,161],[-14,89],[-4,43],[-84,149],[-39,154],[-10,86],[-7,53],[-52,79],[20,249],[35,13],[103,38],[152,51],[21,5],[26,7],[-17,54],[-69,295],[-169,-46],[-49,255],[-53,294],[61,7],[-28,128],[-149,-23],[-107,-26],[-100,-2],[18,-35],[-134,-15],[-122,-13],[-36,-3],[-14,38],[-79,2],[-49,21],[-138,13],[-200,-97],[-45,123],[-216,-28],[-98,-39],[-23,29],[-169,-28],[11,142],[3,55],[-8,162],[-39,641],[-18,266],[120,22],[-33,185],[-19,67],[75,6],[-23,81],[-56,195],[-29,101],[-3,12],[57,0],[1,25],[50,14],[68,34],[59,29],[48,17],[69,8],[64,2],[39,-11],[97,-47],[18,41],[69,-10],[9,-1],[120,-51],[129,9],[20,125],[-83,5],[-1,204],[109,11],[-20,255],[-29,145],[-19,97],[80,232],[-42,48],[-22,67],[-16,64],[-105,0],[-50,258],[27,65],[94,9],[-15,129],[61,36],[-80,107],[-40,86],[69,7],[-29,84],[48,12],[-28,67],[-44,-4],[-39,96],[-37,135],[-13,56],[-12,61],[-18,64],[73,9],[53,9],[105,19],[89,14],[75,8],[62,1],[73,6],[89,16],[-9,32],[-7,30],[117,15],[81,15],[-63,219],[-35,151],[-42,230],[21,0],[51,5],[61,11],[58,15],[62,12],[39,10],[36,2],[42,2],[39,6],[37,9],[62,13],[69,17],[69,13],[67,6],[14,46],[7,20],[213,37],[64,16],[61,10],[73,13],[89,19],[87,17],[245,22],[14,-41],[9,-15],[5,-12],[17,-9],[30,0],[39,6],[59,8],[54,9],[55,11],[49,19],[55,23],[63,18],[81,22],[39,30],[28,30],[14,14],[26,28],[40,36],[39,33],[51,32],[52,28],[30,17],[33,19],[51,28],[106,49],[50,30],[45,21],[48,15],[65,26],[46,13],[38,16],[39,28],[53,46],[19,25],[9,23],[-3,21],[-5,23],[-1,23],[-4,20],[7,17],[24,19]],[[92152,16709],[46,14],[71,8],[57,3],[67,11],[43,16],[2,1],[109,-261],[85,2],[200,-36],[103,-18],[-10,-59],[85,-38],[128,-45],[89,2],[69,2],[-6,-73],[80,22],[52,-79],[64,-99],[54,-81],[114,42],[34,-52],[121,76],[109,75],[102,-96],[107,-104],[-7,-4],[-58,-39],[16,-31],[33,-65],[61,-349],[-64,-8],[22,-103],[26,-34],[23,-49],[221,-171],[44,-46],[121,75],[169,-128],[-32,-6],[-57,-9],[48,-48],[160,-165],[136,-155],[77,-72],[28,-25],[51,-138],[90,57],[52,13],[36,35],[165,69],[77,-26],[33,-33],[106,94],[211,-8],[84,-74],[-23,-104],[46,-59]],[[71770,18078],[41,-66],[27,-56],[-38,-56],[-201,-134],[-85,-22],[-87,1],[-80,14],[-49,-6],[-132,-29],[-28,3],[-67,20],[-156,50],[-17,-26],[-31,-27],[-50,-37],[-38,-36],[-42,-47],[-47,-44],[-53,-60],[-51,-47],[-28,-33],[-29,-27],[-53,-46],[-30,-25],[-20,-22],[-18,-27],[-16,-43],[-8,-29],[-143,35],[-163,11],[-35,296],[-109,-62],[-145,-9],[-256,-11],[-19,-39],[-19,-36],[-24,-21],[-50,1],[-58,24],[-42,33],[-29,57],[-3,43],[90,99],[-100,64],[-128,20],[6,-118],[-66,-4],[-19,56],[-37,109],[-29,62],[-22,54],[-18,68],[-3,89],[11,85],[-29,181],[28,79],[68,81],[-15,39],[-44,32],[21,95],[18,79],[28,47],[-36,34],[-23,70],[-14,56],[-37,40],[-64,45],[-47,74],[-32,45],[-57,29],[-191,-32],[-205,-28],[-36,-6],[-230,-62],[-44,23],[-14,7],[-74,17],[-49,15],[-48,9],[-24,2],[-28,3],[-43,6],[-35,9],[-25,12],[-29,10],[-42,7],[-42,-1],[-40,-5],[-36,2],[-32,6],[-41,13],[-64,7],[15,-48],[-17,-47],[-101,-1],[-210,-23],[-424,-43],[-164,-41],[-155,-86],[-15,-28],[-49,-28],[-6,5],[-6,5],[-8,5],[-7,3],[-8,3],[-8,1],[-19,2],[0,-65],[-61,13],[-40,4],[-43,1],[-71,6],[-87,5],[-68,-2],[-61,-2],[-58,-4],[-77,-4],[-71,-3],[-80,-3],[-67,-16],[-64,-33],[-47,-34],[-51,-42],[-40,-28],[-21,-16],[-17,-14],[-13,-10],[-14,-9],[-8,-4],[-8,-3],[-34,-10],[-91,-55],[-13,45],[-1,55],[-6,48],[-6,28],[-17,35],[-3,32],[3,59],[3,37],[0,39],[0,50],[4,28],[9,21],[-60,31],[-77,-14],[-180,-9],[-226,-9],[-47,10],[-41,9],[-121,4],[-107,11],[-108,15],[-72,9],[-116,12],[-274,0],[-134,-24],[-151,-35],[-3,58],[-132,45],[-73,74],[61,60],[-14,58],[-13,62],[54,176],[31,125],[-4,49],[-62,22],[32,47],[130,33],[27,49],[-98,53],[-93,40],[-144,15],[-125,0],[-157,-23],[-96,-23],[-74,56],[-27,77],[-65,66],[-53,-1],[10,64],[65,148],[78,141],[-10,25],[-29,68],[-53,68],[-70,30],[-118,45],[-33,51],[-47,-26],[-132,-86],[-54,-36],[-39,-25],[-25,28],[-128,-1],[-22,46],[-134,25],[-68,-51],[-110,-1],[-99,-11],[-132,-21],[-91,-39],[-176,-34],[-48,-102],[-40,-43],[-53,-53],[-47,-43],[-91,-194],[-121,-98],[-54,-118],[-15,-76],[-32,-82],[-26,-89],[-30,-93],[-42,-49],[-156,-69],[-157,-109],[-116,-142],[-97,-79],[-149,-68],[-115,-71],[-70,-96],[-93,22],[-134,19],[-99,106],[-32,15],[-28,-47],[-33,-54],[-24,-41],[-17,-28],[-19,-22],[-17,-23],[-25,-40],[-33,-46],[-35,-45],[-31,2],[-69,94],[-21,50],[-25,55],[-67,185],[-26,100],[-100,73],[-153,53],[-57,110],[-101,45],[-88,51],[-79,119],[-35,98],[-42,-23],[-27,-42],[-63,-38],[101,-147],[-93,-6],[-172,155],[-40,-73],[-107,-44],[114,-144],[-143,-135],[-135,-99],[-96,-67],[8,-77],[48,-42],[-45,-19],[-73,36],[-46,36],[-97,2],[-129,-22],[-73,50],[-507,283],[-337,8],[-13,86],[-131,68],[-137,72],[-70,18],[-71,-24],[-100,80],[-106,87],[-129,-89],[-41,62],[-115,-15],[-16,98],[-272,84],[-71,3],[2,43],[-85,28],[-121,-17],[-151,-35],[-80,54],[-91,34],[-167,69],[-1,82],[-74,41],[-129,153],[-84,21]],[[53830,20303],[-32,142],[-40,36],[-22,26],[-76,27],[-88,-12]],[[53572,20522],[164,125],[195,168],[11,45],[-82,10],[-290,35],[-45,61],[-55,68],[-39,56],[551,109],[-2,172],[-290,99],[344,609],[-104,35],[13,92],[45,80],[39,-4],[131,143],[3,48],[111,30],[-10,45],[-179,-59],[-6,56],[216,54],[40,25],[-29,65],[15,-2],[44,-1],[26,19],[46,32],[40,29],[12,10],[5,6],[29,28],[22,22],[21,23],[20,24],[9,12],[4,6],[8,13],[6,13],[5,14],[1,7],[-1,17],[-66,-12],[-54,-23],[-57,-16],[-65,3],[-50,19],[-65,25],[-31,15],[-23,21],[-17,38],[-10,35],[-2,24],[8,19],[12,13],[24,10],[21,1],[33,-10],[43,-12],[47,-5],[52,9],[37,15],[52,9],[55,4],[57,-12],[50,-22],[53,-12],[76,5],[44,39],[14,25],[13,21],[25,35],[62,30],[51,23],[59,-3],[57,11],[37,18],[26,22],[70,-91],[88,-79],[86,51],[105,61],[70,64],[53,188],[107,35],[109,39],[67,56],[52,49],[82,6],[128,-12],[24,47],[27,48],[82,91],[27,114],[-41,112],[-152,102],[-6,172],[-40,42],[-54,62],[-83,-39],[-75,102],[-234,91],[-11,33],[6,31],[11,25],[12,20],[100,79],[66,40],[44,21],[46,18],[89,49],[47,34],[29,36],[28,44],[17,38],[-12,42],[19,14],[100,26],[50,131],[-69,146],[-24,79],[5,87],[68,55],[65,44],[172,71],[166,74],[68,106],[12,17],[43,58],[41,108],[88,104],[175,99],[25,123],[61,36],[-187,183],[10,67],[-32,78],[50,3],[145,1],[155,-24],[42,-66],[65,28],[229,81],[77,134],[45,77],[137,73],[54,29],[85,31],[108,18],[91,35],[22,17],[96,124],[45,39],[267,98],[86,39],[82,49],[81,67],[41,75],[72,54],[-16,55],[18,65],[-50,69],[8,75],[40,64],[-40,140],[-7,32],[53,42],[58,44],[64,-15],[40,-40],[79,-146],[53,-153],[15,-35],[26,-59],[41,-37],[136,23],[162,20],[44,-36],[59,-49],[63,5],[47,4],[62,13],[109,24],[105,13],[79,-1],[26,-27],[-15,-40],[69,7],[88,38],[160,96],[330,107],[109,73],[162,110],[95,41],[50,15],[-10,61],[32,56],[24,29],[260,-121],[122,-112],[124,27],[180,-84],[46,-70],[185,-55],[34,32],[36,66],[34,174],[10,135],[21,106],[8,40],[71,34],[124,41],[148,-3],[180,101],[176,54],[111,34],[29,9],[156,34],[79,33],[40,-1],[52,29],[2,62],[-27,31],[34,21],[65,24],[34,11],[35,1],[45,58],[-21,76],[88,127],[55,22],[52,64],[84,40],[30,137],[38,52],[33,-11],[21,-6],[144,85],[-35,45],[101,-5],[55,116],[92,88],[35,59],[-22,38],[41,103],[-15,186],[25,86],[-105,101],[-44,34],[-50,-40],[14,-45],[23,-52],[-55,-19],[-58,-1],[19,48],[14,41],[-31,86],[-34,8],[-86,19],[-67,27],[-103,-6],[-272,13],[-97,52],[59,105],[142,195],[221,175],[12,100],[82,86],[175,-9],[105,-61],[107,-44],[163,43],[85,23],[202,-61],[143,131],[69,34],[33,44],[110,105],[50,3],[127,6],[95,5],[36,-2],[101,-7],[64,21],[90,40],[3,-60],[-6,-74],[-6,-24],[-16,-29],[131,-53]],[[53572,20522],[-627,-273],[-78,-31],[-178,-46],[-60,-23],[-65,-26],[-76,-23],[-42,-9],[-86,-17],[-15,62],[7,237],[76,40],[26,207],[-149,34],[-268,17],[-72,-2],[-107,-27],[41,271],[-177,35],[-227,19],[-227,0],[-156,-15],[-100,-32],[-134,-53],[-81,67],[-106,5],[-149,-4],[-67,34],[-165,26],[-72,68],[8,81],[-131,41],[-421,115],[48,72],[-91,29],[-112,2],[9,-67],[-94,10],[-19,50],[-310,-25],[3,42],[114,162],[-104,23],[196,131],[191,133],[-47,19],[-149,107],[124,181],[-28,19],[-164,165],[-25,48],[-78,100],[-31,61],[12,86],[16,33],[-64,88],[-93,49],[-163,5],[-146,89],[-25,50],[23,26],[-161,63],[-92,112],[-100,26],[-53,-39],[-94,23],[-62,1],[-185,-41],[-4,66],[-52,17],[33,47],[-143,-5],[-48,126],[-1,57],[-74,8],[-60,81],[-98,188],[150,48],[-60,45],[122,181],[-71,-3],[-37,70],[-122,52],[-85,51],[-56,79],[155,75],[107,53],[225,37],[101,33],[154,64],[96,40],[72,7],[87,-19],[131,29],[-2,47],[-6,80],[64,67],[112,23],[174,40],[220,40],[-27,121],[143,65],[5,46],[323,120],[75,66],[72,37],[-22,73],[1,42],[34,57],[64,65],[79,55],[4,88],[-39,69],[-117,59],[-59,105],[-122,241],[-75,-13],[-96,-60],[-38,24],[-38,24],[-241,7],[-101,25],[-135,3],[-57,26],[43,19],[115,70],[-90,55],[72,68],[36,129],[18,65],[12,161],[15,44],[55,86],[97,52],[-10,57],[-15,36],[-36,16],[-52,15],[-45,7],[-17,-5],[-6,20],[11,41],[36,55],[30,25],[36,16],[-143,58],[22,72],[26,67],[-16,99],[38,27],[38,18],[44,9],[61,23],[33,15],[59,10],[-13,25],[-58,55],[-81,142],[50,11],[43,74],[67,46],[82,30],[53,12],[-18,64],[70,24],[130,42],[55,-91],[16,-24],[118,51],[30,-55],[-56,-27],[-92,-44],[-6,-61],[99,2],[117,40],[166,60],[-35,76],[121,90],[-123,147],[-173,64],[-81,146],[-48,-37],[-31,92],[71,90],[73,41],[-16,43],[-97,-3],[-261,-8],[-60,-1],[-43,-1],[-43,4],[-40,9],[-164,47],[-179,54],[-42,5],[-36,0],[-34,-3],[-39,-2],[-30,15],[-13,16],[-2,22],[10,25],[7,33],[1,80],[4,74],[-3,57],[-8,49],[-35,51],[4,150],[43,26]],[[76142,17330],[-37,-95],[-9,-69],[24,-85],[56,-84],[48,-74],[14,-152],[-29,-99],[-42,-83],[59,-77],[87,-19],[9,-2],[86,49],[49,-3],[18,-1],[100,78],[106,88],[94,50],[70,24],[89,9],[94,-9],[67,-28],[76,-43],[58,-37],[53,-39],[-35,-78],[18,-98],[44,-27],[-27,-105],[13,-103],[16,-47],[3,-48],[2,-16],[-45,-18],[-20,-8],[0,-7],[2,-23],[-30,-54],[-4,-64],[11,-50],[47,-67],[0,-39],[-2,-3],[-43,-97],[17,-99],[-9,-59],[-44,-59],[42,-145],[61,-84],[72,-63],[49,22],[111,-57],[91,-73],[-104,-50],[-72,-22],[-167,-182],[-236,-11],[12,60],[-530,87],[-11,52],[-212,121],[14,211],[-102,45],[-58,19],[-48,-1],[-52,-8],[-58,-29],[-61,45],[-13,33],[-13,31],[-35,28],[-45,13],[-31,2],[-21,13],[-16,39],[-30,27],[-30,21],[-26,31],[-3,36],[16,49],[23,31],[28,31],[11,33],[77,50],[33,-42],[33,-43],[104,54],[-20,84],[150,75],[90,-48],[164,-34],[165,-34],[23,96],[17,78],[-6,74],[-6,61],[-252,87],[-221,-30],[-70,-9],[5,33],[11,116],[-104,2],[-56,-14],[-46,-24],[-21,-42],[-17,-33],[-140,51],[-48,19],[-33,-208],[-154,17],[-97,-77],[54,-53],[-291,-98],[-177,-94],[-54,67],[-48,59],[-21,25],[-193,-46],[-141,-1],[-296,-80],[-151,-90],[-211,-123],[-13,16],[-24,3],[-35,-1],[-35,2],[-37,5],[-37,11],[-36,28],[-28,23],[-19,19],[-21,24],[-6,27],[-10,27],[-5,31],[2,23],[10,24],[11,23],[2,21],[-5,23],[-15,18],[-14,11],[-45,23]],[[73444,16021],[-92,43],[-25,17],[-25,27],[-6,32],[4,28],[1,26],[-6,19],[-14,17],[-13,20],[-6,24],[-2,23],[1,26],[8,33],[5,24],[2,25],[-1,19],[-4,25],[-12,25],[-9,29],[-2,20],[0,27],[1,21],[8,29],[12,24],[16,24],[17,28],[14,30],[9,29],[2,19],[15,31],[13,28],[12,33],[1,18],[-6,22],[-16,20],[0,63],[38,48],[43,39],[-47,37],[-59,59],[-94,56],[-36,35],[-39,78],[-40,44],[24,30],[124,155]],[[78274,10323],[-63,45],[-50,56],[-23,82],[-39,5],[-8,75],[-39,44],[-82,9],[-65,5],[-79,69],[63,141],[83,9],[51,-41],[9,45],[54,16],[54,-25],[50,-31],[97,-56],[82,-13],[109,49],[105,-110],[-46,-82],[-138,-134],[36,-58],[17,-110],[10,-34],[-39,-7],[-89,36],[-60,15]],[[84687,10421],[-141,-10],[-113,-19],[-75,-20],[-43,-10],[-16,-2],[0,40],[-76,-6],[3,-62],[-59,0],[-102,14],[-74,-3],[-11,24],[-71,8],[0,-28],[-116,36],[-45,17],[-58,-1],[-192,48],[-1,8],[-5,82],[-83,14],[-11,-79],[-78,26],[-92,-5],[38,-51],[-65,-25],[-75,-35],[27,-45],[-215,-104],[38,-105],[-5,-24],[-16,-73],[-29,-67],[-60,-1],[1,-123],[-130,5],[-16,-70],[-150,-23],[27,-60],[8,-67],[-27,-44],[-220,-9],[-161,21],[-80,-5],[-312,-45],[-290,25],[-63,7],[40,129],[-19,91],[-112,-7],[-9,90],[-130,-14],[1,88],[0,15],[-20,1],[-87,-1],[-10,51],[-65,-1],[11,78],[3,22],[20,131],[41,5],[6,1],[0,14],[1,49],[22,3],[85,12],[238,57],[-36,51],[68,39],[35,20],[-38,24],[-73,151],[45,11],[-21,28],[-18,27],[35,-2],[28,0],[58,96],[28,86],[105,0],[4,121],[39,-1],[1,81],[-184,9],[-382,-12],[-10,67],[64,124],[-105,39],[-4,47],[-230,-45],[-326,24],[-146,50],[-111,-4],[-127,7],[-116,-30],[-249,6],[-157,7],[8,41],[-109,8],[17,54],[-12,77],[29,19],[63,-9],[48,23],[209,-5],[-5,-36],[-2,-11],[135,-10],[4,-46],[104,14],[20,83],[214,43],[128,-11],[97,36],[4,99],[-28,42],[-29,39],[197,34],[93,39],[75,20],[90,5],[68,5],[67,-19],[66,4],[199,33],[115,13],[-4,86],[-17,60],[-65,-4],[-17,33],[-5,45],[-3,40],[-91,-3],[-33,252],[-50,141],[-12,0],[-21,-1],[-22,107],[24,1],[40,3],[-27,65],[-13,34],[-8,68],[141,29],[-6,78],[170,-25],[9,66],[316,83],[-28,51],[117,-8],[-10,132],[88,11],[3,-25],[120,6],[12,-61],[247,7],[55,-4],[32,67],[89,-14],[-1,-33],[95,14],[222,71],[-18,52],[257,60],[-1,42],[124,9],[9,-98],[124,14],[1,-69],[122,28],[206,22],[214,21],[5,-50],[96,16],[4,-40],[119,-10],[-2,-69],[38,-12],[21,-67],[185,15],[92,-29],[101,-17],[93,0],[-1,93],[209,5],[192,9],[89,-33],[21,-46],[126,-2],[31,-64],[-2,-63],[19,-67],[43,-105],[70,-236],[29,-125],[-181,-31],[24,-90],[20,-277],[266,20],[185,6],[460,105],[17,-68],[65,11],[-26,-60],[-209,-136],[-55,-29],[-62,1],[-114,-48],[14,-77],[-64,-19],[63,-103],[-77,-23],[28,-145],[-3,-129],[0,-11],[74,3],[306,11],[1,-21],[2,-129],[15,-61],[49,-272],[-87,-30],[36,-181],[-95,-88],[40,-34],[43,-36],[-130,-111],[37,-105],[11,-160],[60,-1],[27,-205],[-116,-6],[-16,-5],[-28,53],[-68,57],[-77,20],[-223,1],[-10,57],[-37,2],[-67,5],[-84,37],[-94,3],[-3,34],[-67,1],[-4,109],[-46,-1],[-20,135],[-22,71],[-361,-36],[-16,-11],[-9,-23],[-13,-30],[-25,-36],[-29,-27],[-37,-10],[-32,-4],[-23,-2]],[[92030,17287],[288,-388],[-79,-13],[-167,-27],[-102,-40],[-73,-29],[126,-105],[100,52],[29,-28]],[[81638,1657],[-16,9],[-28,8],[-27,-6],[-32,-2],[-28,11],[-13,14],[3,13],[6,11],[-4,12],[-18,11],[-9,10],[2,13],[5,14],[7,17],[4,23],[1,34],[-1,12],[0,12],[-7,20],[-13,22],[-12,18],[-2,20],[-5,19],[-20,8],[-33,8],[-31,5],[-26,14],[-19,17],[-28,15],[-27,2],[-34,-1],[-32,11],[-24,16],[-23,23],[-3,4],[-16,19],[-22,19],[-12,26],[-5,30],[-7,25],[-18,19],[-13,4],[-15,-2],[-25,-3],[-22,12],[-17,17],[-10,20],[-5,22],[-15,20],[-21,22],[-32,23],[-24,25],[-24,14],[-21,9],[-18,4],[-15,1],[-23,-6],[-18,-9],[-17,-9],[-18,-4],[-28,-1],[-24,10],[-11,13],[-2,14],[-10,11],[-18,3],[-16,-5],[-25,-4],[-24,3],[-15,6],[-4,11],[-1,13],[-2,14],[-15,11],[-13,1],[-21,-18],[-16,-5],[-29,0],[-25,8],[-24,8],[-26,11],[-22,8],[-31,9],[-26,8],[-35,12],[-28,11],[-27,9],[-6,6],[8,13],[14,11],[4,13],[-19,14],[-24,11],[-22,2],[-20,-3],[-18,-10],[-20,4],[-2,12],[-4,13],[-13,8],[-26,-1],[-27,0],[-16,-8],[-16,-6],[-20,-1],[-30,-1],[-20,1],[-35,-1],[-23,0],[-22,-2],[-31,-8],[-23,-7],[-20,-5],[-14,0],[-20,-1],[-17,11],[-11,16],[-17,5],[-20,1],[-24,21],[-5,19],[0,13],[8,16],[7,18],[-6,10],[-13,7],[-9,-1],[-22,5],[-17,17],[-8,16],[-19,7],[-16,-9],[-4,-16],[1,-21],[-9,-11],[-9,-3],[-14,-1],[-20,0],[-24,0],[-26,7],[-22,5],[-13,8],[-23,7],[-24,2],[-26,14],[-17,17],[-3,16],[-2,23],[1,20],[6,10],[13,11],[8,15],[-3,18],[-13,19],[-22,11],[-21,11],[-15,11],[-11,15],[-3,16],[-20,10],[-18,-1],[-22,-7],[-16,-8],[-8,-9],[-11,-15],[-12,-9],[-23,-2],[-17,7],[-22,15],[-10,10],[-8,12],[-4,11],[-20,11],[-17,2],[-21,4],[-14,13],[-33,9],[-22,5],[-18,0],[-23,-1],[-21,10],[-22,12],[-8,11],[-6,12],[-8,23],[-20,14],[-19,1],[-18,-5],[-25,-2],[-29,3],[-31,1],[-18,2],[-10,9],[-27,31],[-35,2],[-27,-1],[-34,-4],[-30,-14],[-44,-5],[-28,-9],[-27,-5],[-36,7],[-22,10],[-24,1],[-14,-19],[-5,-21],[-16,-8],[-26,5],[-21,-8],[-29,-13],[-21,-16],[-16,-17],[-25,-10],[-23,-16],[-40,-12],[-41,-5],[-39,1],[-29,12],[-22,6],[-28,13],[-25,27],[-27,11],[-24,-5],[-45,-12],[-32,-14],[-25,-2],[-19,7],[-11,20],[-1,102],[30,21],[-36,5],[-42,25],[-33,33],[36,20],[15,12],[0,27],[-11,27],[-45,66],[-16,23],[5,52],[-7,27],[-20,11],[-99,-28],[-62,13],[-34,30],[17,86],[3,25],[-34,100],[0,49],[-88,68],[-86,3],[-74,-2],[-14,3],[-141,5],[21,92],[-106,59],[-49,3],[-23,2],[-113,45],[-57,9],[25,70],[-97,28],[3,21],[-86,5],[38,100],[-15,34],[3,61],[-15,66],[-18,30],[-103,-23],[8,-26],[-90,-11],[-26,97],[-60,33],[-40,8],[-85,36],[-120,20],[-43,0],[-34,-69],[19,-86],[-10,-36],[-48,-65],[-48,-64],[-99,-95],[-43,-154],[-46,-52],[-38,-87],[-16,-20],[-51,-12],[-49,-11],[-87,-85],[-23,-11],[-43,-22],[-52,-1],[-58,-12],[-52,-26],[2,32],[12,29],[16,12],[-30,25],[-27,0],[-31,28],[-9,22],[-32,25],[-15,34],[13,46]],[[75056,3975],[42,75],[-4,105],[-108,14],[-42,-102],[-179,404],[-39,88],[-42,-9],[-105,-22],[-176,-69],[-68,15],[-60,-106],[69,-168],[-55,-42],[-4,3],[-67,52],[-81,63],[-121,11],[-34,15],[-49,16],[-41,17],[-36,30],[-37,38],[-9,21],[-10,16],[-4,21],[-4,33],[8,60],[16,52],[22,22],[53,22],[28,16],[40,22],[18,62],[10,132],[7,54],[56,58],[39,52],[18,45],[39,61],[46,44],[51,48],[28,65],[36,18],[3,7],[10,20],[46,93],[32,59],[-8,30],[12,96],[-325,168],[59,147],[-128,52],[23,50],[20,48],[50,47],[77,60],[18,49],[-15,49],[-40,29],[110,36],[148,2],[126,-8],[184,-99],[305,43],[13,153],[35,50],[-40,28],[-2,35],[119,55],[-23,133],[22,33],[69,60],[-53,67],[-3,48],[-96,-12],[-53,81],[-45,99],[82,227],[10,94],[36,57],[-12,25],[-75,50],[-118,58],[-70,19],[-121,-15],[-134,-6],[-188,-37],[-174,-30],[-93,-53],[-62,2],[-227,70],[-89,-111],[-45,-12],[-54,-8],[-112,-2],[-95,9],[-69,32],[-124,53],[-129,10],[-4,4],[-111,83],[-19,14],[12,217],[-61,47],[-156,99],[-61,138],[-39,101],[5,68],[-179,32],[-134,61],[-3,2],[3,12],[20,109],[33,45],[80,4],[96,17],[70,25],[50,57],[19,94],[-13,38],[56,57],[9,64],[-42,80],[106,57],[53,-1],[32,30],[-31,139],[17,27],[17,26],[-18,9],[-71,32],[75,47],[12,7],[10,45],[117,90],[2,48],[11,-5],[182,-78],[161,-12],[43,-56],[0,-164],[58,-14],[84,24],[-3,-41],[-4,-46],[119,20],[276,-128],[114,-199],[87,9],[41,11],[69,19],[-54,132],[120,57],[134,41],[27,99],[-65,-13],[-29,38],[1,72],[111,19],[79,185],[130,75],[66,91],[97,6],[99,155],[74,72],[-69,39],[40,93],[-86,80],[33,43],[107,135],[65,30],[1,47],[95,16],[4,122],[2,88],[41,44],[-263,140],[-41,101],[-83,82],[-34,74],[-109,211],[-130,-9],[-271,72],[-85,-28],[-8,-3],[-168,-2],[48,83],[190,106],[238,84],[121,64],[293,77],[97,82],[87,23],[39,33],[73,61],[-81,8],[-51,5],[-1,4],[-12,62],[-19,91],[105,92],[-14,100],[-463,-60],[-41,-5],[-9,18],[-30,58],[-55,52],[69,45],[22,40],[50,91],[30,103],[173,107],[42,27],[-92,71],[-50,14],[-27,7],[-33,35],[25,13],[30,15],[-133,242],[27,88],[-92,200],[-233,89],[-149,-121],[-214,27],[-215,86],[9,-106],[-91,-53],[-453,21],[-63,57],[-93,85],[-5,120],[-1,21],[0,30],[2,3],[56,59],[18,18],[302,34],[52,-21],[6,-2],[15,14],[100,93],[29,95],[140,44],[-15,8],[-7,7],[-10,9],[-9,23],[-12,33],[-13,30],[-23,25],[-27,27],[-24,33],[-25,36],[-25,21],[-22,12],[-26,7],[-26,7],[-109,16],[-19,3],[-28,7],[-16,8],[-16,20],[-10,20],[-26,17],[-9,2],[-40,10],[-38,10],[-40,11],[-78,18],[-50,13],[-249,59],[-173,25],[-86,29],[-86,55],[-44,31],[-14,24],[-302,-106],[-48,-59],[-138,-45],[-150,-135],[-23,-77],[-6,-19],[-127,-14],[-65,-8],[12,-127],[-45,-7],[-45,-9],[-41,1],[-44,57],[-21,75],[1,39],[9,30],[28,35],[45,39],[54,32],[56,33],[30,24],[10,96],[10,68],[10,67],[11,65],[-8,82],[-22,53],[-57,166],[-3,87],[64,78],[61,67],[37,55],[43,24],[160,88],[478,84],[75,-54],[48,-34],[194,4],[492,267],[67,77],[43,112],[63,90]],[[98503,24139],[389,28],[256,-5],[165,-12],[152,-23],[138,-31],[82,-32],[74,-41],[77,-54],[52,-54],[55,-80],[34,-77],[17,-75],[5,-87],[-15,-83],[-28,-61],[-41,-82],[-125,-228],[-69,-139],[-79,-188],[-50,-141],[-54,-163],[-25,-94],[-11,-71],[-11,-73],[-8,-114],[0,-7],[8,-107],[-82,-97],[-144,-94],[-107,-72],[-345,-181],[-214,-117],[-182,-61],[-212,-131],[-65,-116],[-12,-27],[7,-127],[-15,-77],[8,-119],[41,-84],[76,-61],[217,-96],[71,4],[82,34],[97,52],[181,141],[79,81],[74,80],[117,142],[124,97],[104,73],[71,33],[128,37],[77,22],[21,-105],[19,-170],[0,-159],[-19,-206],[-48,-247],[-123,-370],[-71,-149],[-127,-205],[-116,-160],[-121,-143],[-129,-132],[-147,-133],[-192,-146],[-178,-120]],[[98272,16014],[-75,-32],[-82,-42],[-99,-51],[-110,-71],[-85,-70],[-89,-86],[-130,-178],[-121,-161],[-103,-124],[-117,-115],[-123,-114],[-158,-122],[-183,-114],[-179,-92],[-46,-26],[-550,-280]],[[96093,31809],[320,-590],[28,-74],[32,-111],[1,-30],[0,-66],[-17,-87],[-23,-74],[-10,-24]],[[69351,55673],[-56,-250],[-1,-160],[46,-108],[116,-142],[132,-122],[210,-136],[313,-214],[396,-184],[175,-61],[118,-143],[800,-694],[62,-44],[29,-19],[50,-33],[88,-51],[111,-50],[118,-45],[143,-58],[58,-19],[76,-26],[123,-50],[88,-54],[97,-90],[68,-67],[51,-55],[15,-16],[39,-52],[8,-11],[29,-53],[14,-40],[6,-15],[15,-57],[0,-30],[-4,-29],[-8,-68],[-2,-23],[1,-21],[2,-18],[5,-19],[6,-19],[11,-34],[12,-28],[65,-161],[6,-17],[13,-34],[18,-79],[8,-48],[5,-31],[1,-10],[8,-54],[4,-24],[14,-98],[23,-112],[17,-85],[23,-65],[8,-19],[10,-23],[25,-38],[14,-21],[54,-64],[17,-19],[19,-23],[13,-14],[109,-155],[285,-139],[380,-49],[214,6],[159,20],[366,26],[215,33],[144,14],[203,15],[110,8],[27,2],[210,10],[121,2],[110,-3],[64,-1],[17,-1],[20,0],[1,-4],[7,-6],[8,-4],[8,-3],[17,-5],[53,-12],[67,2],[37,3],[18,2],[18,3],[26,5],[26,7],[21,8],[3,1],[63,20],[166,10],[216,60],[220,38],[418,41],[374,132],[453,203],[216,86],[594,211],[107,55],[879,446],[114,54],[141,55],[13,3],[160,42],[228,58],[171,26],[178,13],[325,18],[434,22],[92,11],[110,19],[92,20],[343,114],[225,79],[129,55],[132,69],[220,137],[52,37],[59,34],[170,84],[72,22],[693,255],[347,56],[287,45],[293,83],[261,93],[140,50],[135,48],[227,68],[203,56],[243,48],[225,17],[154,-13]],[[93099,49294],[136,-351],[7,-25],[8,-29],[46,-116],[101,-211],[62,-132],[75,-173],[33,-122],[15,-90],[5,-133],[-17,-130],[-29,-120],[-51,-119],[-141,-186],[-37,-54],[-22,-33],[-4,-6],[-23,-34],[-21,-36],[-36,-67],[-35,-79],[-21,-58],[-29,-107],[-30,-149],[-11,-68],[-2,-48],[-2,-42],[5,-56],[7,-66],[13,-66],[13,-46],[11,-47],[15,-58],[26,-70],[37,-91],[42,-107],[72,-89],[101,-117],[86,-98],[87,-90],[32,-30],[81,-78],[64,-33],[66,-26],[109,-18],[100,-8],[104,-7],[92,-16],[100,-28],[76,-30],[75,-39],[38,-18],[57,-35],[56,-42],[46,-42],[71,-72],[34,-53],[31,-57],[17,-61],[19,-64],[8,-59],[-5,-68],[-7,-68],[-22,-91],[-42,-118],[-118,-280],[-50,-127],[-28,-79],[-19,-63],[-5,-19],[-4,-20],[-10,-55],[-6,-65],[-3,-63],[1,-48],[3,-21],[2,-18],[23,-118],[49,-114],[58,-88],[66,-90],[86,-86],[14,-15],[24,-27],[211,-213],[18,-17],[103,-101],[69,-75],[95,-120],[76,-86],[33,-38]],[[53513,17703],[-22,45],[-33,62],[-32,112],[-98,3],[-89,-3],[-100,-11],[-59,-46],[-48,-33],[-28,-42],[-34,-24],[-28,-49],[-129,107],[0,84],[70,-18],[46,35],[54,62],[94,-6],[172,156],[193,169],[42,63],[-23,44],[112,97],[40,145],[-18,41],[147,37],[23,51],[-43,34],[0,60],[129,179],[-71,7],[2,66],[73,12],[45,68],[-82,61],[-28,-42],[-116,71],[28,61],[-15,70],[-47,2],[-57,-1],[-163,-16],[-99,-18],[67,122],[-25,60],[126,32],[117,7],[114,-7],[132,109],[-77,76],[-126,73],[-163,150],[-21,69],[85,59],[184,84],[96,71]],[[75056,3975],[-66,-3],[-48,-3],[-62,-3],[-13,-15],[-70,6],[-44,8],[-37,-19],[-21,8],[-14,15],[-8,17],[-24,10],[-40,4],[-37,9],[-37,14],[-27,2],[-37,4],[-31,13],[-50,17],[-49,11],[-39,15],[-26,24],[-21,24],[-38,34],[-26,8],[-35,-1],[-29,-10],[-21,-23],[-11,-10],[-36,-22],[-97,-62],[-60,-19],[-73,-6],[-11,-84],[-30,-33],[-34,-26],[-21,-10],[-32,-12],[-32,-13],[-12,-10],[-61,-67],[-52,-23],[-19,-32],[-16,-32],[-63,-46],[-27,-69],[-76,-95],[-36,-44],[-28,-57],[-54,-11],[-40,13],[-104,33],[-53,28],[-53,29],[-141,3],[-46,9],[-71,15],[-28,29],[-74,85],[-19,164],[-4,41],[-3,24],[-72,88],[-73,-55],[-100,-17],[-83,29],[14,79],[-71,41],[-178,44],[-76,45],[-125,0],[-115,0],[-183,199],[-8,49],[-114,40],[-113,38],[-39,13],[-36,28],[-89,12],[-35,9],[-30,25],[-42,36],[-57,48],[-53,172],[-37,38],[-93,26],[-69,9],[-92,25],[-102,57],[-26,9],[-52,18],[-55,20],[-54,19],[-41,17],[-87,24],[-51,-109],[-46,-124],[-23,0],[-28,-41],[-69,-46],[9,-32],[-53,-38],[-108,23],[-68,-1],[-164,-5],[-67,-47],[-88,-45],[-81,-90],[-173,-224],[13,-44],[-52,-93],[-164,-65],[-177,-39],[-142,-5],[-43,3],[-15,9],[-51,34],[-59,40],[-44,29],[-45,8],[-54,-7],[-94,-47],[-43,-21],[-22,3],[-84,16],[-153,28],[-135,-120],[-22,-30],[-49,-14],[-42,4],[-106,-9],[-11,30],[-19,118],[0,24],[0,60],[0,70],[8,48],[14,35],[-30,97],[1,70],[2,33],[-181,-29],[-76,-46],[-73,-66],[-31,-78],[-40,2],[-27,2],[-40,16],[-73,53],[-11,29],[-9,26],[-12,9],[-58,0],[-22,0],[-83,-17],[-38,-16],[-37,-15],[-88,-13],[-69,-11],[-74,153],[-35,33],[-201,40],[-115,-54],[-43,37],[-23,21],[-22,39],[-71,-55],[-41,-72],[-34,-59],[205,-115],[11,-109],[-66,-12],[-79,-14],[-78,-14],[-119,6],[-90,4],[-65,4],[-70,-44],[-129,33],[-191,-169],[-2,-21],[-67,-12],[-56,6],[-18,6],[-168,55],[-261,85],[-151,49],[-395,106],[-55,15],[-298,75],[-414,105],[59,185],[-3,246],[0,20],[0,0],[-81,94],[-2,2],[5,26],[0,0],[13,74],[5,72],[-2,28],[-31,93],[21,59],[-63,46],[-263,19],[-118,9],[-2,0],[-413,218],[-105,86],[-72,57],[-1,1],[0,0],[-207,99],[-2,1],[0,0],[-55,-2],[-11,0],[-145,-21],[-367,-51],[-302,-42],[-161,-22],[-280,-39],[-59,3],[-172,21],[-7,0],[-17,9],[-182,94],[-129,66],[-249,115],[-217,132],[-172,135],[-199,126],[88,143],[-1,0],[-380,34],[18,136],[15,115],[0,0],[-16,17],[-33,61],[-82,0],[0,0],[-47,14],[-28,36],[8,27],[-26,11],[-5,8],[-3,4],[-1,1],[-11,18],[-4,6],[-64,91],[-47,110],[17,88],[0,0],[-49,120],[0,0],[-52,118],[-108,175],[-31,52],[-160,74],[-257,-2],[-1,1],[-79,186],[0,0],[0,0],[0,0],[-106,150],[-1,24],[-40,55],[-32,91],[-73,110],[0,0],[-38,40],[-53,20],[-104,15],[-139,21],[-20,124],[0,2],[10,56],[14,69],[8,43],[225,-47],[0,0],[0,0],[39,37],[6,6],[13,12],[0,0],[0,0],[-37,28],[-12,18],[-10,13],[2,2],[45,59],[55,70],[38,37],[5,4],[2,1],[144,123],[0,0],[0,0],[39,21],[119,38],[4,47],[4,34],[13,126],[-375,53],[-59,-26],[-4,-2],[-19,42],[-11,26],[-20,45],[-66,159],[0,1],[-10,64],[-19,123],[53,174],[0,1],[0,0],[12,43],[-4,39],[-2,0],[0,8],[-65,-12],[-49,-9],[0,14],[-10,1],[-1,6],[-10,1],[-351,6],[-1,0],[0,0],[-209,-50],[-199,-10],[-77,-19],[-138,-40],[-44,-68],[-21,-31],[-31,-30],[-149,-75],[0,0],[-72,-23],[-85,10],[-15,31],[-12,26],[0,0],[-21,39],[-16,18],[-23,18],[-32,44],[-25,20],[-102,27],[0,0],[0,0],[-15,5],[-17,7],[-1,0],[-82,41],[0,0],[-14,5],[-22,9],[-2,0],[-38,0],[-45,-16],[-76,-49],[0,0],[-25,-32],[-2,-2],[-78,-71],[0,0],[-39,-21],[-8,-5],[-11,-4],[-30,-13],[-65,-10],[-49,-1],[-1,1],[-104,21],[-27,12],[-19,9],[-23,28],[-3,22],[12,54],[-6,24],[0,21],[21,15],[146,37],[132,58],[1,0],[2,2],[8,5],[28,21],[22,30],[9,30],[-2,33],[-6,34],[-1,3],[-19,38],[-3,7],[-54,64],[-21,17],[-46,11],[-11,3],[-1,0],[-61,40],[-12,20],[-2,22],[-14,43],[1,26],[8,25],[25,18],[8,6],[39,19],[22,7],[19,6],[64,5],[48,35],[2,0],[69,26],[74,34],[0,0],[17,22],[15,23],[1,1],[2,14],[3,11],[0,0],[-54,-8],[-774,-131],[-631,-108],[-261,-45],[-545,-94],[-208,-37],[-189,-33],[-43,-6],[-64,-8],[-270,-66],[-261,-65],[-32,-12],[-11,-4],[-17,-6],[1,-13],[2,-23],[-1,-13],[-2,-23],[-4,-21],[-3,-14],[0,-28],[0,-1],[2,-8],[5,-19],[0,-15],[0,-27],[-4,-27],[-1,-5],[26,-119],[9,-26],[3,-3],[14,-20],[94,-68],[9,-11],[2,-3],[1,-6],[3,-15],[-5,-17],[0,0],[-92,23],[-33,-74],[-129,-105],[-18,44],[-44,104],[-298,-11],[-163,89],[-59,61],[-2,58],[-47,3],[-54,95],[-17,75],[7,43],[-42,26],[9,45],[-43,19],[-45,89],[-207,52],[-95,93],[-11,81],[-11,73],[-1,85],[37,43],[61,97],[34,55],[-54,39],[-133,48],[-91,21],[-27,31],[-182,57],[-234,10],[-37,50]]],"transform":{"scale":[0.000023961329538295387,0.000019757834063340625],"translate":[6.112248437,48.9665714408]},"objects":{"kreise-rlp":{"type":"GeometryCollection","geometries":[{"arcs":[[0,1,2]],"type":"Polygon","properties":{"id":"DEB11","name":"Stadt Koblenz","cx":7.574,"cy":50.359}},{"arcs":[[3,4,5,6]],"type":"Polygon","properties":{"id":"DEB12","name":"Ahrweiler","cx":7.039,"cy":50.482}},{"arcs":[[7,8,9]],"type":"Polygon","properties":{"id":"DEB13","name":"Altenkirchen (Ww)","cx":7.816,"cy":50.8}},{"arcs":[[10,11,12,13,14,15]],"type":"Polygon","properties":{"id":"DEB14","name":"Bad Kreuznach","cx":7.682,"cy":49.828}},{"arcs":[[-14,16,17,18,19,20]],"type":"Polygon","properties":{"id":"DEB15","name":"Birkenfeld","cx":7.278,"cy":49.713}},{"arcs":[[21,22,23,24]],"type":"Polygon","properties":{"id":"DEB1C","name":"Cochem-Zell","cx":7.175,"cy":50.133}},{"arcs":[[-1,25,26,-25,27,-5,28,29]],"type":"Polygon","properties":{"id":"DEB17","name":"Mayen-Koblenz","cx":7.352,"cy":50.326}},{"arcs":[[[-4,30,-9,31,-29],[33]],[[32]]],"type":"MultiPolygon","properties":{"id":"DEB18","name":"Neuwied","cx":7.421,"cy":50.524}},{"arcs":[[-15,-21,34,-22,-27,35,36]],"type":"Polygon","properties":{"id":"DEB1D","name":"Rhein-Hunsrück-Kreis","cx":7.5,"cy":50.044}},{"arcs":[[-3,37,38,39,-36,-26]],"type":"Polygon","properties":{"id":"DEB1A","name":"Rhein-Lahn-Kreis","cx":7.809,"cy":50.252}},{"arcs":[[[-2,-30,-32,-8,40,-38],[-33]],[[-34]]],"type":"MultiPolygon","properties":{"id":"DEB1B","name":"Westerwaldkreis","cx":7.862,"cy":50.552}},{"arcs":[[41]],"type":"Polygon","properties":{"id":"DEB21","name":"Stadt Trier","cx":6.653,"cy":49.759}},{"arcs":[[-20,42,43,44,-23,-35]],"type":"Polygon","properties":{"id":"DEB22","name":"Bernkastel-Wittlich","cx":6.978,"cy":49.939}},{"arcs":[[-44,45,46,47]],"type":"Polygon","properties":{"id":"DEB23","name":"Eifelkreis Bitburg-Prüm","cx":6.398,"cy":50.056}},{"arcs":[[-6,-28,-24,-45,-48,48]],"type":"Polygon","properties":{"id":"DEB24","name":"Vulkaneifel","cx":6.747,"cy":50.234}},{"arcs":[[-19,49,-46,-43],[-42]],"type":"Polygon","properties":{"id":"DEB25","name":"Trier-Saarburg","cx":6.805,"cy":49.678}},{"arcs":[[50,51,52]],"type":"Polygon","properties":{"id":"DEB31","name":"Stadt Frankenthal (Pfalz)","cx":8.352,"cy":49.53}},{"arcs":[[53,54]],"type":"Polygon","properties":{"id":"DEB32","name":"Stadt Kaiserslautern","cx":7.761,"cy":49.433}},{"arcs":[[-53,55,56]],"type":"Polygon","properties":{"id":"DEB34","name":"Stadt Ludwigshafen a. Rh.","cx":8.401,"cy":49.48}},{"arcs":[[57,58]],"type":"Polygon","properties":{"id":"DEB35","name":"Stadt Mainz","cx":8.243,"cy":49.983}},{"arcs":[[59,60,61]],"type":"Polygon","properties":{"id":"DEB36","name":"Stadt Neustadt a.d. W.","cx":8.152,"cy":49.349}},{"arcs":[[62]],"type":"Polygon","properties":{"id":"DEB37","name":"Stadt Pirmasens","cx":7.587,"cy":49.201}},{"arcs":[[63,64]],"type":"Polygon","properties":{"id":"DEB38","name":"Stadt Speyer","cx":8.431,"cy":49.33}},{"arcs":[[65,66,67,68]],"type":"Polygon","properties":{"id":"DEB39","name":"Stadt Worms","cx":8.325,"cy":49.645}},{"arcs":[[69,70]],"type":"Polygon","properties":{"id":"DEB3A","name":"Stadt Zweibrücken","cx":7.365,"cy":49.248}},{"arcs":[[-11,71,72,-69,73,74]],"type":"Polygon","properties":{"id":"DEB3B","name":"Alzey-Worms","cx":8.126,"cy":49.778}},{"arcs":[[-54,75,76,-74,-68,77,-62,78,79,80,81]],"type":"Polygon","properties":{"id":"DEB3C","name":"Bad Dürkheim","cx":8.121,"cy":49.477}},{"arcs":[[-12,-75,-77,82,83]],"type":"Polygon","properties":{"id":"DEB3D","name":"Donnersbergkreis","cx":7.883,"cy":49.634}},{"arcs":[[84,85,86]],"type":"Polygon","properties":{"id":"DEB3E","name":"Germersheim","cx":8.241,"cy":49.053}},{"arcs":[[-55,-82,87,88,89,-83,-76]],"type":"Polygon","properties":{"id":"DEB3F","name":"Kaiserslautern","cx":7.551,"cy":49.443}},{"arcs":[[-13,-84,-90,90,-17]],"type":"Polygon","properties":{"id":"DEB3G","name":"Kusel","cx":7.521,"cy":49.6}},{"arcs":[[[-80,91,92]],[[93]],[[94]]],"type":"MultiPolygon","properties":{"id":"DEB33","name":"Landau in der Pfalz","cx":8.11,"cy":49.201}},{"arcs":[[-61,95,-86,96,97,-92,-79],[-94],[-95]],"type":"Polygon","properties":{"id":"DEB3H","name":"Südliche Weinstraße","cx":8.008,"cy":49.111}},{"arcs":[[-51,-57,98,-64,99,-87,-96,-60,-78,-67,100]],"type":"Polygon","properties":{"id":"DEB3I","name":"Rhein-Pfalz-Kreis","cx":8.347,"cy":49.402}},{"arcs":[[-16,-37,-40,101,-59,102,-72]],"type":"Polygon","properties":{"id":"DEB3J","name":"Mainz-Bingen","cx":8.076,"cy":49.945}},{"arcs":[[-71,103,-88,-81,-93,-98,104],[-63]],"type":"Polygon","properties":{"id":"DEB3K","name":"Südwestpfalz","cx":7.75,"cy":49.155}}]}}}