{"type":"FeatureCollection", "features": [
{"type":"Feature","geometry":{"type":"Polygon","coordinates":[[[7.6665,50.3395],[7.6671,50.3454],[7.6712,50.3464],[7.6815,50.3532],[7.6825,50.3553],[7.6824,50.36],[7.6889,50.3601],[7.6931,50.3659],[7.6848,50.369],[7.6851,50.3719],[7.6865,50.3735],[7.6668,50.379],[7.666,50.3814],[7.6641,50.3815],[7.6575,50.3821],[7.6488,50.3801],[7.649,50.3788],[7.644,50.3781],[7.646,50.3761],[7.6434,50.3733],[7.6386,50.3739],[7.6362,50.3757],[7.632,50.3764],[7.6314,50.3747],[7.6233,50.3748],[7.6235,50.3729],[7.6193,50.3719],[7.6173,50.3745],[7.6127,50.3752],[7.6146,50.3807],[7.6133,50.3827],[7.6082,50.3879],[7.603,50.3918],[7.5962,50.3957],[7.5833,50.402],[7.5758,50.4068],[7.5712,50.4103],[7.5628,50.4043],[7.5517,50.3978],[7.5465,50.3956],[7.5425,50.395],[7.5368,50.3923],[7.5382,50.3902],[7.5361,50.3847],[7.5264,50.3815],[7.5234,50.3813],[7.5186,50.382],[7.5163,50.3814],[7.5121,50.3817],[7.508,50.3768],[7.4864,50.3633],[7.4895,50.3603],[7.4896,50.3579],[7.491,50.3563],[7.4873,50.3544],[7.4901,50.3513],[7.4931,50.348],[7.4947,50.3489],[7.4969,50.3471],[7.4968,50.3445],[7.4936,50.3405],[7.4995,50.3367],[7.5026,50.3327],[7.5028,50.3304],[7.5065,50.3293],[7.5088,50.3299],[7.5103,50.3328],[7.5103,50.3361],[7.5147,50.3377],[7.5162,50.3333],[7.5184,50.3353],[7.5219,50.3367],[7.5248,50.3365],[7.5264,50.3351],[7.5304,50.3341],[7.5332,50.3308],[7.5335,50.3273],[7.5316,50.3266],[7.5346,50.3227],[7.5292,50.3196],[7.5214,50.3121],[7.5157,50.3091],[7.5171,50.3076],[7.518,50.3045],[7.5169,50.3007],[7.5182,50.2975],[7.5212,50.2961],[7.5216,50.2939],[7.5248,50.2924],[7.5274,50.29],[7.5268,50.2884],[7.5317,50.2883],[7.5328,50.2857],[7.5368,50.2854],[7.5396,50.2858],[7.5415,50.2878],[7.5468,50.2894],[7.5505,50.287],[7.5559,50.283],[7.5602,50.2836],[7.5675,50.2876],[7.5732,50.2911],[7.5743,50.2947],[7.5769,50.2959],[7.5822,50.2958],[7.5866,50.2975],[7.5891,50.2941],[7.597,50.2904],[7.6017,50.2934],[7.6055,50.2938],[7.5964,50.303],[7.5913,50.3108],[7.5903,50.3138],[7.5888,50.321],[7.589,50.3232],[7.5906,50.3257],[7.5976,50.3251],[7.6088,50.3248],[7.6185,50.3254],[7.6302,50.3233],[7.6376,50.325],[7.6403,50.3272],[7.6453,50.3265],[7.6502,50.3244],[7.6522,50.3247],[7.6577,50.328],[7.659,50.3293],[7.6586,50.3314],[7.6615,50.3326],[7.6642,50.3378],[7.6665,50.3395]]]},"properties":{"id":"07111000","name":"Koblenz","territoire":"Rhénanie-Palatinat","sigle":"RLP","pays":"Allemagne","cx":7.574,"cy":50.359}},
{"type":"Feature","geometry":{"type":"Polygon","coordinates":[[[7.1691,50.5824],[7.1659,50.5795],[7.1662,50.5779],[7.1642,50.574],[7.1622,50.5717],[7.16,50.5707],[7.1552,50.5711],[7.1525,50.5678],[7.1555,50.5645],[7.1564,50.5587],[7.1549,50.5582],[7.1465,50.5578],[7.1371,50.5585],[7.1275,50.5604],[7.1272,50.558],[7.124,50.5587],[7.1222,50.5579],[7.1147,50.5577],[7.1147,50.5533],[7.1114,50.5522],[7.1019,50.5523],[7.0988,50.5512],[7.0931,50.5535],[7.0884,50.5531],[7.0796,50.5498],[7.0766,50.549],[7.0739,50.5466],[7.0689,50.5463],[7.0627,50.5435],[7.0634,50.5428],[7.058,50.5385],[7.0565,50.537],[7.0578,50.5345],[7.0562,50.5295],[7.0571,50.5291],[7.057,50.5251],[7.0588,50.5225],[7.0576,50.5192],[7.0557,50.5168],[7.0561,50.5139],[7.0543,50.5107],[7.0592,50.5042],[7.0548,50.502],[7.0543,50.5],[7.0597,50.5021],[7.0673,50.503],[7.0691,50.5014],[7.074,50.5011],[7.0742,50.4987],[7.077,50.4964],[7.0798,50.4967],[7.0817,50.4947],[7.0789,50.491],[7.0727,50.4904],[7.0675,50.4893],[7.0668,50.4849],[7.0647,50.4814],[7.0675,50.4806],[7.074,50.4802],[7.0785,50.4792],[7.084,50.4807],[7.0867,50.4783],[7.0936,50.4769],[7.0992,50.4781],[7.1016,50.4779],[7.1026,50.4822],[7.1077,50.4859],[7.1093,50.4885],[7.1136,50.4925],[7.1176,50.4945],[7.1248,50.5021],[7.1286,50.5039],[7.1387,50.5041],[7.1431,50.5061],[7.1481,50.5122],[7.1575,50.5117],[7.1509,50.513],[7.1534,50.5149],[7.1559,50.5127],[7.1592,50.5149],[7.1649,50.5158],[7.1701,50.5191],[7.1697,50.5201],[7.1736,50.5212],[7.1783,50.5247],[7.1871,50.5268],[7.1877,50.5342],[7.1907,50.5354],[7.2012,50.537],[7.203,50.543],[7.2087,50.5448],[7.2059,50.5464],[7.2027,50.5498],[7.2035,50.5512],[7.1978,50.5568],[7.1994,50.5593],[7.2038,50.5637],[7.2012,50.5654],[7.1997,50.5682],[7.1946,50.5671],[7.1893,50.5706],[7.181,50.5705],[7.1819,50.5734],[7.1788,50.5763],[7.171,50.5793],[7.1691,50.5824]]]},"properties":{"id":"07131007","name":"Bad Neuenahr-Ahrweiler","territoire":"Rhénanie-Palatinat","sigle":"RLP","pays":"Allemagne","cx":7.108,"cy":50.524}},
{"type":"Feature","geometry":{"type":"Polygon","coordinates":[[[7.2038,50.5637],[7.2072,50.5641],[7.2082,50.5657],[7.2133,50.5636],[7.2178,50.5653],[7.2257,50.5639],[7.2273,50.562],[7.232,50.5588],[7.2397,50.5615],[7.2432,50.5584],[7.249,50.56],[7.2512,50.5567],[7.2567,50.5574],[7.2583,50.5557],[7.2609,50.5556],[7.2727,50.5586],[7.2775,50.5617],[7.2763,50.5636],[7.27,50.5706],[7.2643,50.5746],[7.257,50.5774],[7.2485,50.579],[7.2381,50.5802],[7.2283,50.582],[7.2216,50.5838],[7.2131,50.5895],[7.2104,50.5924],[7.2106,50.5972],[7.2136,50.6018],[7.2143,50.6058],[7.2136,50.6125],[7.2113,50.6189],[7.2124,50.6234],[7.2115,50.6301],[7.2121,50.6455],[7.2109,50.6495],[7.2046,50.6487],[7.2038,50.6497],[7.1985,50.6482],[7.1952,50.6427],[7.1937,50.6377],[7.1906,50.636],[7.1892,50.6294],[7.1904,50.6265],[7.1898,50.6239],[7.1869,50.6223],[7.1839,50.6229],[7.1802,50.6224],[7.174,50.6189],[7.1738,50.6136],[7.173,50.6126],[7.1647,50.6124],[7.1547,50.6147],[7.1522,50.613],[7.1519,50.6105],[7.1492,50.6095],[7.1481,50.6062],[7.1479,50.6003],[7.1557,50.5989],[7.1651,50.5992],[7.1658,50.5957],[7.1634,50.5951],[7.1639,50.5934],[7.1717,50.5876],[7.1724,50.5858],[7.1691,50.5824],[7.171,50.5793],[7.1788,50.5763],[7.1819,50.5734],[7.181,50.5705],[7.1893,50.5706],[7.1946,50.5671],[7.1997,50.5682],[7.2012,50.5654],[7.2038,50.5637]]]},"properties":{"id":"07131070","name":"Remagen","territoire":"Rhénanie-Palatinat","sigle":"RLP","pays":"Allemagne","cx":7.191,"cy":50.595}},
{"type":"Feature","geometry":{"type":"Polygon","coordinates":[[[7.1575,50.5117],[7.1644,50.5101],[7.1702,50.5108],[7.1763,50.5099],[7.1778,50.508],[7.1866,50.5013],[7.1999,50.4932],[7.205,50.4957],[7.2068,50.4958],[7.2117,50.4925],[7.2131,50.4915],[7.2212,50.4942],[7.2324,50.494],[7.2435,50.4908],[7.2482,50.4931],[7.2515,50.4926],[7.2522,50.4958],[7.2507,50.499],[7.2541,50.4998],[7.2552,50.5024],[7.2503,50.5088],[7.2477,50.5106],[7.2539,50.5128],[7.2568,50.5161],[7.2618,50.5167],[7.2608,50.5257],[7.2615,50.5279],[7.2656,50.5318],[7.2636,50.534],[7.2779,50.5392],[7.2766,50.5419],[7.2847,50.5437],[7.2807,50.551],[7.2796,50.5566],[7.2775,50.5617],[7.2727,50.5586],[7.2609,50.5556],[7.2583,50.5557],[7.2567,50.5574],[7.2512,50.5567],[7.249,50.56],[7.2432,50.5584],[7.2397,50.5615],[7.232,50.5588],[7.2273,50.562],[7.2257,50.5639],[7.2178,50.5653],[7.2133,50.5636],[7.2082,50.5657],[7.2072,50.5641],[7.2038,50.5637],[7.1994,50.5593],[7.1978,50.5568],[7.2035,50.5512],[7.2027,50.5498],[7.2059,50.5464],[7.2087,50.5448],[7.203,50.543],[7.2012,50.537],[7.1907,50.5354],[7.1877,50.5342],[7.1871,50.5268],[7.1783,50.5247],[7.1736,50.5212],[7.1697,50.5201],[7.1701,50.5191],[7.1649,50.5158],[7.1592,50.5149],[7.1559,50.5127],[7.1534,50.5149],[7.1509,50.513],[7.1575,50.5117]]]},"properties":{"id":"07131077","name":"Sinzig","territoire":"Rhénanie-Palatinat","sigle":"RLP","pays":"Allemagne","cx":7.226,"cy":50.528}},
{"type":"Feature","geometry":{"type":"Polygon","coordinates":[[[7.1691,50.5824],[7.1724,50.5858],[7.1717,50.5876],[7.1639,50.5934],[7.1634,50.5951],[7.1658,50.5957],[7.1651,50.5992],[7.1557,50.5989],[7.1479,50.6003],[7.1398,50.6006],[7.14,50.6018],[7.1312,50.6037],[7.1258,50.6064],[7.1252,50.6083],[7.1194,50.6123],[7.1151,50.6118],[7.1118,50.6093],[7.1126,50.6057],[7.1103,50.6025],[7.1119,50.6019],[7.1053,50.5967],[7.1047,50.5924],[7.1,50.5891],[7.0951,50.5874],[7.0953,50.5864],[7.0908,50.5859],[7.0849,50.5864],[7.0855,50.5882],[7.0725,50.5921],[7.069,50.5927],[7.0665,50.5976],[7.0663,50.6007],[7.0593,50.6004],[7.0591,50.6038],[7.0555,50.6052],[7.0515,50.6034],[7.049,50.6032],[7.0353,50.5944],[7.032,50.59],[7.0224,50.5827],[7.0159,50.577],[7.0102,50.5729],[6.9981,50.565],[6.9996,50.5614],[7.0031,50.5581],[7.0048,50.5517],[7.0061,50.551],[7.0039,50.5483],[7.0069,50.5471],[7.0056,50.5449],[7.0069,50.5397],[7.0119,50.541],[7.017,50.5401],[7.0246,50.5409],[7.0299,50.5401],[7.0427,50.5431],[7.0473,50.543],[7.058,50.5385],[7.0634,50.5428],[7.0627,50.5435],[7.0689,50.5463],[7.0739,50.5466],[7.0766,50.549],[7.0796,50.5498],[7.0884,50.5531],[7.0931,50.5535],[7.0988,50.5512],[7.1019,50.5523],[7.1114,50.5522],[7.1147,50.5533],[7.1147,50.5577],[7.1222,50.5579],[7.124,50.5587],[7.1272,50.558],[7.1275,50.5604],[7.1371,50.5585],[7.1465,50.5578],[7.1549,50.5582],[7.1564,50.5587],[7.1555,50.5645],[7.1525,50.5678],[7.1552,50.5711],[7.16,50.5707],[7.1622,50.5717],[7.1642,50.574],[7.1662,50.5779],[7.1659,50.5795],[7.1691,50.5824]]]},"properties":{"id":"07131090","name":"Grafschaft","territoire":"Rhénanie-Palatinat","sigle":"RLP","pays":"Allemagne","cx":7.059,"cy":50.57}},
{"type":"Feature","geometry":{"type":"Polygon","coordinates":[[[7.846,49.8683],[7.8394,49.8644],[7.8347,49.862],[7.8333,49.8595],[7.8346,49.8584],[7.8314,49.8565],[7.8308,49.8551],[7.8272,49.8551],[7.8271,49.8515],[7.8281,49.8487],[7.8254,49.8482],[7.8272,49.8436],[7.8231,49.8426],[7.8197,49.8392],[7.8176,49.8405],[7.8116,49.836],[7.8105,49.8343],[7.8124,49.8312],[7.8187,49.83],[7.8208,49.828],[7.8266,49.8247],[7.8363,49.8234],[7.8399,49.8196],[7.8423,49.8188],[7.8381,49.8167],[7.8359,49.8134],[7.8328,49.8155],[7.8291,49.8164],[7.825,49.8157],[7.8252,49.814],[7.8234,49.8108],[7.824,49.8073],[7.8211,49.8075],[7.816,49.8045],[7.8098,49.8038],[7.8081,49.8019],[7.8036,49.8002],[7.802,49.8015],[7.7952,49.8038],[7.7912,49.8074],[7.7875,49.8073],[7.7882,49.8042],[7.787,49.8],[7.7904,49.7986],[7.7914,49.7972],[7.7959,49.798],[7.7971,49.7945],[7.8014,49.7921],[7.8111,49.789],[7.8181,49.7872],[7.8197,49.7873],[7.8233,49.7915],[7.8295,49.7944],[7.8328,49.7937],[7.8355,49.792],[7.8383,49.7926],[7.8438,49.7902],[7.8555,49.7905],[7.8594,49.7919],[7.8644,49.7928],[7.8643,49.7976],[7.872,49.8053],[7.888,49.8071],[7.8945,49.809],[7.8923,49.8118],[7.8878,49.8104],[7.8835,49.8145],[7.8856,49.8153],[7.8834,49.8186],[7.8831,49.8212],[7.8871,49.8244],[7.8855,49.8254],[7.8916,49.8296],[7.9,49.8385],[7.9023,49.8367],[7.9128,49.8382],[7.9245,49.8326],[7.9256,49.8324],[7.9358,49.8383],[7.9336,49.8421],[7.9334,49.8506],[7.9327,49.8553],[7.9297,49.8566],[7.9385,49.8607],[7.9513,49.8614],[7.9546,49.8625],[7.9512,49.8652],[7.9447,49.8642],[7.9401,49.8629],[7.931,49.8634],[7.9281,49.8682],[7.9293,49.8698],[7.9278,49.8713],[7.9326,49.8741],[7.9329,49.876],[7.9348,49.8786],[7.9305,49.8808],[7.9194,49.8818],[7.913,49.8816],[7.9075,49.8794],[7.9048,49.8768],[7.8969,49.8721],[7.8948,49.8702],[7.8949,49.8681],[7.8911,49.8646],[7.8878,49.8634],[7.8781,49.8671],[7.8821,49.8705],[7.8763,49.8722],[7.8708,49.8746],[7.8707,49.8761],[7.8758,49.8781],[7.8739,49.8794],[7.8655,49.8789],[7.8617,49.8808],[7.8544,49.8772],[7.8562,49.8753],[7.8517,49.8705],[7.846,49.8683]]]},"properties":{"id":"07133006","name":"Bad Kreuznach (Große kreisangehörige Stadt)","territoire":"Rhénanie-Palatinat","sigle":"RLP","pays":"Allemagne","cx":7.864,"cy":49.841}},
{"type":"Feature","geometry":{"type":"Polygon","coordinates":[[[7.4314,49.7406],[7.4284,49.7428],[7.4266,49.7454],[7.4227,49.7478],[7.4154,49.7477],[7.4119,49.7466],[7.4057,49.7426],[7.4009,49.7386],[7.3935,49.741],[7.3888,49.7436],[7.3839,49.7449],[7.3806,49.745],[7.3794,49.7469],[7.3714,49.7487],[7.3702,49.7472],[7.3721,49.746],[7.3684,49.7435],[7.368,49.7407],[7.365,49.7371],[7.3647,49.7326],[7.3598,49.726],[7.3559,49.7229],[7.3498,49.7232],[7.3496,49.7274],[7.3424,49.73],[7.3413,49.7332],[7.3393,49.7345],[7.3309,49.7334],[7.3359,49.7368],[7.3359,49.739],[7.3378,49.742],[7.3307,49.7484],[7.3292,49.7507],[7.3201,49.7491],[7.316,49.748],[7.3178,49.7438],[7.3167,49.74],[7.3096,49.737],[7.305,49.7367],[7.3031,49.7357],[7.299,49.7368],[7.2949,49.7387],[7.2925,49.7383],[7.2911,49.7405],[7.2935,49.7419],[7.2917,49.7429],[7.2874,49.74],[7.2864,49.7424],[7.2816,49.7457],[7.2787,49.7448],[7.2777,49.7473],[7.2757,49.7489],[7.2818,49.7533],[7.28,49.7546],[7.2752,49.7519],[7.2697,49.7544],[7.2669,49.7544],[7.2636,49.7532],[7.2608,49.7533],[7.2531,49.7509],[7.2532,49.7459],[7.2569,49.7461],[7.2608,49.7455],[7.2636,49.7398],[7.2605,49.7365],[7.2616,49.7329],[7.2643,49.7318],[7.2653,49.7345],[7.2675,49.7358],[7.2694,49.7317],[7.2716,49.7319],[7.2702,49.7289],[7.2762,49.7271],[7.2727,49.726],[7.2741,49.7214],[7.2725,49.7119],[7.2752,49.7108],[7.2799,49.7061],[7.284,49.703],[7.2866,49.7017],[7.2885,49.6985],[7.2872,49.6954],[7.2842,49.6953],[7.2832,49.6932],[7.2878,49.6905],[7.2906,49.6829],[7.2888,49.6808],[7.2929,49.6787],[7.2972,49.6781],[7.2977,49.6758],[7.2997,49.6735],[7.307,49.67],[7.3054,49.6683],[7.3078,49.6662],[7.3131,49.6644],[7.3149,49.6616],[7.3237,49.6594],[7.3288,49.6609],[7.3289,49.6591],[7.3387,49.6606],[7.344,49.6602],[7.3459,49.6614],[7.3492,49.6604],[7.3602,49.6604],[7.3618,49.6615],[7.3694,49.6624],[7.3807,49.6661],[7.3841,49.6634],[7.3906,49.6612],[7.3921,49.6577],[7.3921,49.6548],[7.3933,49.6525],[7.3964,49.6501],[7.4053,49.6505],[7.412,49.653],[7.4144,49.6522],[7.417,49.6495],[7.4195,49.6489],[7.4255,49.6493],[7.4257,49.6535],[7.4301,49.6547],[7.4328,49.6567],[7.4363,49.657],[7.438,49.6598],[7.4403,49.6619],[7.4456,49.6635],[7.4462,49.6643],[7.4412,49.6682],[7.4344,49.6704],[7.4352,49.6723],[7.4339,49.674],[7.4327,49.6786],[7.428,49.6781],[7.4248,49.6762],[7.4209,49.6764],[7.417,49.6722],[7.4141,49.6715],[7.4147,49.6767],[7.4197,49.6822],[7.4249,49.686],[7.4292,49.6915],[7.4288,49.6956],[7.4272,49.6969],[7.4226,49.6971],[7.4182,49.7005],[7.4164,49.6977],[7.413,49.6964],[7.4109,49.6987],[7.4047,49.6983],[7.4024,49.6995],[7.4047,49.7016],[7.4002,49.7043],[7.3964,49.7042],[7.3975,49.7068],[7.3961,49.7096],[7.4023,49.7087],[7.4042,49.7104],[7.4004,49.7134],[7.3997,49.7155],[7.4026,49.7157],[7.4072,49.7143],[7.4094,49.7126],[7.4119,49.7153],[7.4103,49.7179],[7.4102,49.7209],[7.4137,49.7208],[7.4146,49.7246],[7.4205,49.7293],[7.4188,49.7325],[7.4314,49.7406]]]},"properties":{"id":"07134045","name":"Idar-Oberstein","territoire":"Rhénanie-Palatinat","sigle":"RLP","pays":"Allemagne","cx":7.352,"cy":49.692}},
{"type":"Feature","geometry":{"type":"Polygon","coordinates":[[[7.4509,50.4288],[7.4482,50.433],[7.4437,50.4383],[7.4378,50.4424],[7.432,50.4442],[7.4257,50.4445],[7.4091,50.4432],[7.4003,50.4431],[7.3963,50.4435],[7.3817,50.4491],[7.3721,50.4549],[7.3632,50.4609],[7.3508,50.4685],[7.3479,50.4719],[7.3471,50.4743],[7.3444,50.4766],[7.3372,50.4719],[7.333,50.4715],[7.3328,50.4672],[7.3275,50.4653],[7.3243,50.4663],[7.3203,50.4653],[7.3179,50.4633],[7.3144,50.4639],[7.3128,50.4629],[7.3102,50.4632],[7.3107,50.4653],[7.307,50.466],[7.3053,50.4641],[7.2982,50.46],[7.298,50.4589],[7.2994,50.4556],[7.2943,50.452],[7.2904,50.4518],[7.2897,50.4495],[7.2908,50.4482],[7.2916,50.4435],[7.2893,50.441],[7.2901,50.4388],[7.2953,50.4367],[7.2958,50.4354],[7.2964,50.4328],[7.2952,50.4297],[7.298,50.4277],[7.2984,50.4259],[7.3044,50.4257],[7.3059,50.4239],[7.3121,50.4243],[7.3152,50.4233],[7.3173,50.4243],[7.3247,50.4223],[7.3404,50.4213],[7.3445,50.4217],[7.3485,50.4179],[7.3517,50.4194],[7.3547,50.4197],[7.3617,50.4222],[7.3633,50.4194],[7.3657,50.4175],[7.3662,50.4159],[7.3719,50.4154],[7.379,50.4141],[7.3793,50.4133],[7.3879,50.4127],[7.3886,50.4052],[7.3972,50.4032],[7.3956,50.3997],[7.4053,50.3955],[7.4062,50.3931],[7.4035,50.3884],[7.415,50.3892],[7.417,50.3914],[7.4266,50.3885],[7.4288,50.3882],[7.4313,50.3865],[7.4343,50.386],[7.4374,50.3883],[7.4396,50.3875],[7.4385,50.3945],[7.4417,50.4048],[7.4452,50.4081],[7.4471,50.4112],[7.4406,50.4141],[7.4336,50.4196],[7.437,50.4196],[7.4396,50.421],[7.4428,50.4209],[7.4435,50.4224],[7.4405,50.4247],[7.4415,50.4271],[7.4442,50.4272],[7.4509,50.4288]]]},"properties":{"id":"07137003","name":"Andernach","territoire":"Rhénanie-Palatinat","sigle":"RLP","pays":"Allemagne","cx":7.353,"cy":50.442}},
{"type":"Feature","geometry":{"type":"Polygon","coordinates":[[[7.2736,50.3369],[7.2617,50.3337],[7.2576,50.3366],[7.2534,50.3332],[7.2486,50.3354],[7.236,50.3448],[7.2333,50.3458],[7.2289,50.3435],[7.2156,50.3448],[7.212,50.3438],[7.2084,50.3437],[7.1992,50.3453],[7.1939,50.3469],[7.1906,50.3462],[7.1882,50.3467],[7.1865,50.3485],[7.1832,50.3483],[7.1791,50.3526],[7.176,50.3525],[7.1729,50.3508],[7.1696,50.3524],[7.1673,50.352],[7.1675,50.3557],[7.1642,50.3564],[7.1538,50.3621],[7.1508,50.3606],[7.1455,50.3601],[7.1434,50.3606],[7.1418,50.3577],[7.138,50.358],[7.136,50.357],[7.1343,50.3547],[7.1324,50.3565],[7.1284,50.3558],[7.1261,50.3586],[7.1221,50.3586],[7.121,50.3604],[7.1182,50.3618],[7.1151,50.3612],[7.1109,50.3614],[7.1091,50.3604],[7.1042,50.3599],[7.1042,50.3575],[7.1006,50.3559],[7.0993,50.3544],[7.0994,50.3521],[7.1021,50.3498],[7.1025,50.3462],[7.0987,50.343],[7.1005,50.3418],[7.1016,50.3385],[7.1036,50.3388],[7.1075,50.3377],[7.1139,50.3368],[7.1147,50.3342],[7.1188,50.3316],[7.1228,50.3258],[7.1284,50.3224],[7.1292,50.3205],[7.1337,50.3188],[7.1376,50.3184],[7.1387,50.3153],[7.1469,50.321],[7.1528,50.3219],[7.1533,50.3235],[7.1556,50.3246],[7.1578,50.3235],[7.1621,50.325],[7.1664,50.3222],[7.1674,50.3201],[7.1707,50.3214],[7.1745,50.3202],[7.1799,50.3219],[7.1786,50.3183],[7.1817,50.3172],[7.1701,50.3111],[7.171,50.3091],[7.1668,50.3062],[7.1661,50.3041],[7.1697,50.3022],[7.1769,50.3074],[7.1831,50.3094],[7.1796,50.306],[7.1802,50.3052],[7.1893,50.3084],[7.1914,50.3059],[7.1876,50.3029],[7.1902,50.3014],[7.1936,50.3018],[7.1996,50.298],[7.2058,50.2957],[7.2025,50.2941],[7.1968,50.2902],[7.1886,50.2889],[7.1844,50.2874],[7.1815,50.2872],[7.1804,50.2852],[7.1825,50.283],[7.1861,50.2812],[7.1914,50.2836],[7.1982,50.2851],[7.2032,50.2882],[7.2048,50.2874],[7.2087,50.2889],[7.2108,50.2869],[7.2141,50.2854],[7.2175,50.2868],[7.221,50.2898],[7.2256,50.2875],[7.2293,50.2845],[7.233,50.2834],[7.2354,50.2836],[7.2427,50.2829],[7.2468,50.2818],[7.2552,50.2851],[7.2575,50.2839],[7.2575,50.2885],[7.2523,50.2951],[7.2468,50.2995],[7.2485,50.3017],[7.2521,50.3031],[7.2495,50.306],[7.2515,50.3069],[7.2522,50.3089],[7.2476,50.3121],[7.2482,50.3144],[7.2513,50.3132],[7.2563,50.314],[7.2589,50.3132],[7.2612,50.311],[7.2656,50.3122],[7.268,50.312],[7.2716,50.3155],[7.2753,50.3174],[7.2788,50.3184],[7.2778,50.326],[7.2795,50.3271],[7.2881,50.3311],[7.2963,50.3316],[7.2961,50.3347],[7.2947,50.3389],[7.2919,50.3416],[7.2904,50.34],[7.285,50.3383],[7.2763,50.3388],[7.2736,50.3369]]]},"properties":{"id":"07137068","name":"Mayen","territoire":"Rhénanie-Palatinat","sigle":"RLP","pays":"Allemagne","cx":7.211,"cy":50.32}},
{"type":"Feature","geometry":{"type":"Polygon","coordinates":[[[7.5811,50.4637],[7.5763,50.4624],[7.5759,50.4609],[7.5776,50.4573],[7.5747,50.454],[7.5747,50.4515],[7.5765,50.4493],[7.5718,50.4454],[7.571,50.4472],[7.5677,50.4452],[7.5621,50.4428],[7.5546,50.4371],[7.5568,50.4348],[7.5547,50.4311],[7.5521,50.4295],[7.5533,50.4273],[7.5528,50.4255],[7.5555,50.4251],[7.5507,50.4187],[7.5652,50.4141],[7.5712,50.4103],[7.5772,50.4102],[7.581,50.4086],[7.5905,50.4064],[7.5943,50.4099],[7.5906,50.4124],[7.5924,50.4157],[7.6006,50.4179],[7.6084,50.4193],[7.6099,50.4234],[7.6162,50.4254],[7.6197,50.4215],[7.6217,50.4264],[7.6308,50.4305],[7.6369,50.4302],[7.6445,50.4347],[7.6392,50.4388],[7.6407,50.4394],[7.6367,50.4431],[7.6351,50.4455],[7.6317,50.4464],[7.6358,50.4483],[7.6395,50.4484],[7.6431,50.4507],[7.6444,50.4523],[7.6487,50.4554],[7.6473,50.4569],[7.6484,50.4588],[7.6468,50.4598],[7.643,50.4564],[7.6357,50.4551],[7.6323,50.4517],[7.6304,50.4487],[7.6253,50.4428],[7.6217,50.4478],[7.6188,50.4486],[7.6187,50.4507],[7.613,50.454],[7.6138,50.4574],[7.6166,50.4587],[7.6168,50.4601],[7.614,50.4613],[7.6029,50.4634],[7.5983,50.4646],[7.5933,50.4615],[7.5886,50.4613],[7.5811,50.4637]]]},"properties":{"id":"07137203","name":"Bendorf","territoire":"Rhénanie-Palatinat","sigle":"RLP","pays":"Allemagne","cx":7.595,"cy":50.436}},
{"type":"Feature","geometry":{"type":"Polygon","coordinates":[[[7.4509,50.4288],[7.4552,50.4233],[7.459,50.4203],[7.4617,50.4206],[7.4693,50.4166],[7.4696,50.4146],[7.4773,50.4123],[7.4881,50.4117],[7.5017,50.4129],[7.5078,50.4143],[7.5102,50.4144],[7.516,50.4168],[7.5167,50.4183],[7.5201,50.4201],[7.5255,50.4215],[7.5307,50.4219],[7.5352,50.4218],[7.546,50.4199],[7.5507,50.4187],[7.5555,50.4251],[7.5528,50.4255],[7.5533,50.4273],[7.5521,50.4295],[7.5547,50.4311],[7.5568,50.4348],[7.5546,50.4371],[7.5621,50.4428],[7.5677,50.4452],[7.571,50.4472],[7.5718,50.4454],[7.5765,50.4493],[7.5747,50.4515],[7.5747,50.454],[7.5776,50.4573],[7.5759,50.4609],[7.5763,50.4624],[7.5811,50.4637],[7.5817,50.4645],[7.5778,50.4675],[7.5811,50.4686],[7.5809,50.4718],[7.5721,50.4758],[7.5693,50.4761],[7.5684,50.4804],[7.5667,50.4808],[7.5639,50.4834],[7.5611,50.482],[7.5618,50.4799],[7.5577,50.48],[7.5541,50.4791],[7.5491,50.4816],[7.5474,50.483],[7.5399,50.4853],[7.5382,50.4872],[7.5336,50.4879],[7.5241,50.4864],[7.523,50.4844],[7.5208,50.484],[7.5135,50.4845],[7.5145,50.489],[7.5122,50.489],[7.5126,50.4917],[7.5162,50.4965],[7.5197,50.4976],[7.5228,50.4968],[7.5232,50.4953],[7.526,50.4949],[7.5263,50.4968],[7.5228,50.4998],[7.5218,50.5028],[7.5205,50.5032],[7.5119,50.5001],[7.5047,50.4998],[7.5028,50.5005],[7.5006,50.4994],[7.5035,50.4951],[7.5047,50.4923],[7.5048,50.4875],[7.5014,50.4884],[7.4964,50.4906],[7.4908,50.4897],[7.4931,50.487],[7.4898,50.4854],[7.4888,50.4836],[7.4845,50.4829],[7.4825,50.474],[7.4799,50.4745],[7.4811,50.4799],[7.4804,50.4806],[7.4742,50.4803],[7.4756,50.4823],[7.4713,50.4853],[7.4674,50.4904],[7.4677,50.4916],[7.4715,50.4929],[7.4727,50.495],[7.4727,50.498],[7.4629,50.5027],[7.456,50.4986],[7.462,50.4968],[7.4592,50.4947],[7.4557,50.496],[7.4503,50.4954],[7.4416,50.4916],[7.4392,50.4887],[7.4322,50.4922],[7.42,50.4931],[7.4179,50.4949],[7.4143,50.4933],[7.4112,50.4938],[7.4088,50.4929],[7.4064,50.4972],[7.4041,50.4966],[7.3997,50.4945],[7.3979,50.4968],[7.3971,50.5021],[7.3987,50.5039],[7.398,50.5055],[7.395,50.5056],[7.3959,50.5086],[7.3898,50.5077],[7.3903,50.5061],[7.3852,50.5046],[7.3833,50.5004],[7.3869,50.4976],[7.3865,50.4961],[7.3903,50.494],[7.3963,50.4945],[7.3992,50.49],[7.3987,50.4853],[7.4026,50.4833],[7.4058,50.4806],[7.4064,50.479],[7.4009,50.4709],[7.4021,50.4686],[7.4,50.4638],[7.401,50.4559],[7.4034,50.4506],[7.4033,50.4489],[7.4087,50.4486],[7.4091,50.4432],[7.4257,50.4445],[7.432,50.4442],[7.4378,50.4424],[7.4437,50.4383],[7.4482,50.433],[7.4509,50.4288]]]},"properties":{"id":"07138045","name":"Neuwied","territoire":"Rhénanie-Palatinat","sigle":"RLP","pays":"Allemagne","cx":7.492,"cy":50.445}},
{"type":"Feature","geometry":{"type":"Polygon","coordinates":[[[7.6357,50.2456],[7.6333,50.2506],[7.6288,50.2521],[7.6216,50.2532],[7.6176,50.2545],[7.6103,50.2554],[7.6123,50.2566],[7.616,50.2572],[7.6133,50.2606],[7.6062,50.2604],[7.604,50.2584],[7.6011,50.2578],[7.5977,50.2588],[7.5866,50.2589],[7.5854,50.2597],[7.5803,50.2575],[7.5784,50.2573],[7.575,50.2543],[7.5699,50.254],[7.5682,50.2551],[7.5695,50.2584],[7.5655,50.2588],[7.5571,50.2569],[7.5506,50.2582],[7.5452,50.2606],[7.5405,50.2641],[7.5365,50.2655],[7.5306,50.2625],[7.5253,50.2609],[7.5201,50.2571],[7.5202,50.2558],[7.5155,50.2537],[7.5153,50.2502],[7.5126,50.248],[7.5103,50.2431],[7.5095,50.2383],[7.5103,50.2359],[7.5099,50.2332],[7.5083,50.2313],[7.5019,50.2295],[7.4928,50.2261],[7.4899,50.2224],[7.4878,50.2213],[7.4877,50.2192],[7.486,50.2177],[7.4866,50.2157],[7.4824,50.2144],[7.4769,50.2153],[7.479,50.2121],[7.4766,50.2097],[7.4763,50.2075],[7.4742,50.2054],[7.4719,50.2048],[7.4688,50.2012],[7.4626,50.2009],[7.4589,50.1988],[7.4627,50.1971],[7.4623,50.1956],[7.4642,50.1912],[7.4663,50.191],[7.4666,50.1886],[7.4716,50.185],[7.4761,50.1835],[7.4826,50.1838],[7.4856,50.1829],[7.4942,50.1879],[7.4969,50.1881],[7.4992,50.1897],[7.5019,50.1904],[7.5029,50.1918],[7.5072,50.1921],[7.5121,50.1902],[7.5163,50.1916],[7.517,50.194],[7.5237,50.1952],[7.5257,50.1966],[7.5279,50.1961],[7.5301,50.1989],[7.5326,50.1994],[7.5364,50.202],[7.538,50.2023],[7.5376,50.2051],[7.5476,50.2117],[7.5567,50.208],[7.5638,50.2037],[7.5692,50.2037],[7.5728,50.2024],[7.5755,50.1989],[7.5839,50.1975],[7.5868,50.1963],[7.5911,50.1916],[7.5944,50.1846],[7.5959,50.1838],[7.5909,50.18],[7.5916,50.178],[7.5897,50.1736],[7.5927,50.1698],[7.6015,50.168],[7.603,50.1641],[7.6064,50.1634],[7.6187,50.1657],[7.6241,50.1655],[7.6276,50.1661],[7.6343,50.1657],[7.6348,50.1629],[7.6391,50.1606],[7.6388,50.1595],[7.6458,50.1571],[7.6521,50.1617],[7.6538,50.1625],[7.6552,50.165],[7.6606,50.1688],[7.6687,50.1717],[7.6537,50.1755],[7.6482,50.1775],[7.6442,50.1803],[7.6439,50.1828],[7.6463,50.1894],[7.6465,50.1922],[7.644,50.2001],[7.6405,50.2048],[7.6329,50.2098],[7.6243,50.2137],[7.6198,50.2172],[7.6173,50.2225],[7.6153,50.2254],[7.6116,50.2287],[7.6039,50.2327],[7.5964,50.2342],[7.59,50.234],[7.5845,50.2347],[7.5802,50.2368],[7.5784,50.239],[7.5782,50.2411],[7.5799,50.2438],[7.5824,50.2461],[7.5882,50.2488],[7.5947,50.25],[7.6006,50.2502],[7.6228,50.2471],[7.6313,50.2456],[7.6357,50.2456]]]},"properties":{"id":"07140501","name":"Boppard","territoire":"Rhénanie-Palatinat","sigle":"RLP","pays":"Allemagne","cx":7.545,"cy":50.235}},
{"type":"Feature","geometry":{"type":"MultiPolygon","coordinates":[[[[7.6055,50.2938],[7.6118,50.289],[7.6266,50.2801],[7.6284,50.2813],[7.626,50.2831],[7.6283,50.285],[7.6326,50.2854],[7.6373,50.2896],[7.6388,50.2889],[7.6426,50.2896],[7.6476,50.2918],[7.6523,50.2898],[7.6545,50.2907],[7.661,50.2898],[7.6661,50.2896],[7.6712,50.2875],[7.6731,50.2838],[7.6779,50.282],[7.6827,50.2829],[7.6869,50.2826],[7.6856,50.2807],[7.6854,50.2776],[7.6872,50.2768],[7.6883,50.2718],[7.6925,50.2704],[7.6926,50.2729],[7.7038,50.2705],[7.703,50.2687],[7.707,50.2677],[7.7103,50.2701],[7.7067,50.2721],[7.7077,50.274],[7.7054,50.2768],[7.7061,50.2797],[7.704,50.2816],[7.7006,50.2823],[7.6986,50.2842],[7.6967,50.2828],[7.692,50.2826],[7.6899,50.2847],[7.6899,50.2866],[7.6971,50.2881],[7.6954,50.291],[7.6992,50.2909],[7.7048,50.2934],[7.7015,50.2947],[7.6976,50.2978],[7.6991,50.2995],[7.7049,50.3007],[7.7066,50.2991],[7.7097,50.2983],[7.7143,50.2997],[7.7189,50.2965],[7.7251,50.2938],[7.7411,50.2861],[7.7394,50.2828],[7.7414,50.2819],[7.7365,50.2767],[7.7385,50.2738],[7.7434,50.2773],[7.7447,50.28],[7.7448,50.2824],[7.7475,50.2866],[7.7495,50.2871],[7.7516,50.2911],[7.754,50.2927],[7.7524,50.2957],[7.7494,50.2979],[7.7445,50.2973],[7.741,50.2955],[7.7419,50.2942],[7.7397,50.2894],[7.7368,50.2899],[7.7309,50.2982],[7.7359,50.299],[7.7397,50.3016],[7.7438,50.3037],[7.7514,50.3065],[7.7557,50.3071],[7.7473,50.3101],[7.7463,50.3121],[7.7415,50.3153],[7.7414,50.3167],[7.7332,50.3156],[7.7281,50.3177],[7.7277,50.322],[7.7259,50.3233],[7.7207,50.3222],[7.7177,50.3199],[7.7206,50.3168],[7.72,50.3157],[7.7154,50.3143],[7.7112,50.3137],[7.7075,50.3115],[7.699,50.3102],[7.6968,50.3092],[7.6917,50.3095],[7.6754,50.3072],[7.677,50.3088],[7.6703,50.3077],[7.6671,50.3078],[7.6651,50.3096],[7.6598,50.309],[7.6526,50.3099],[7.6482,50.3124],[7.6507,50.3168],[7.645,50.3174],[7.6461,50.3202],[7.6502,50.3244],[7.6453,50.3265],[7.6403,50.3272],[7.6376,50.325],[7.6302,50.3233],[7.6185,50.3254],[7.6088,50.3248],[7.5976,50.3251],[7.5906,50.3257],[7.589,50.3232],[7.5888,50.321],[7.5903,50.3138],[7.5913,50.3108],[7.5964,50.303],[7.6055,50.2938]]],[[[7.6665,50.3395],[7.6688,50.3388],[7.6713,50.3395],[7.6767,50.3429],[7.6837,50.3427],[7.69,50.3447],[7.6956,50.3486],[7.6977,50.3517],[7.6956,50.3523],[7.6955,50.3556],[7.6889,50.3601],[7.6824,50.36],[7.6825,50.3553],[7.6815,50.3532],[7.6712,50.3464],[7.6671,50.3454],[7.6665,50.3395]]]]},"properties":{"id":"07141075","name":"Lahnstein","territoire":"Rhénanie-Palatinat","sigle":"RLP","pays":"Allemagne","cx":7.63,"cy":50.306}},
{"type":"Feature","geometry":{"type":"Polygon","coordinates":[[[6.6909,49.8577],[6.6878,49.8561],[6.6735,49.8534],[6.6717,49.85],[6.6715,49.8473],[6.6723,49.8443],[6.67,49.8409],[6.6692,49.8372],[6.6674,49.8357],[6.6641,49.829],[6.667,49.8278],[6.6631,49.8245],[6.6602,49.8234],[6.6596,49.8192],[6.6571,49.8133],[6.6541,49.8101],[6.6474,49.8067],[6.6396,49.805],[6.6356,49.8037],[6.6372,49.8017],[6.6362,49.7969],[6.6336,49.7963],[6.632,49.7936],[6.6325,49.7911],[6.6306,49.789],[6.6326,49.785],[6.6292,49.785],[6.6211,49.7831],[6.6091,49.7834],[6.6035,49.7847],[6.5978,49.7852],[6.595,49.7838],[6.6003,49.7815],[6.6021,49.7796],[6.5985,49.7779],[6.5938,49.7796],[6.5907,49.78],[6.5893,49.7767],[6.5924,49.7769],[6.5953,49.7753],[6.593,49.7722],[6.6048,49.7703],[6.6093,49.7705],[6.6127,49.7682],[6.613,49.7653],[6.6189,49.7644],[6.6156,49.7622],[6.6068,49.7606],[6.6011,49.7576],[6.6032,49.7558],[6.5996,49.7548],[6.5955,49.7547],[6.5884,49.7559],[6.5842,49.7562],[6.5788,49.7573],[6.5745,49.7557],[6.5739,49.7543],[6.5685,49.75],[6.5605,49.7452],[6.5597,49.7427],[6.5542,49.7398],[6.5569,49.7371],[6.558,49.7348],[6.5529,49.7286],[6.5563,49.7269],[6.5546,49.7257],[6.5573,49.7237],[6.5572,49.7186],[6.5592,49.7157],[6.5623,49.7132],[6.5598,49.7018],[6.5626,49.7014],[6.5669,49.702],[6.5717,49.7058],[6.5751,49.7077],[6.5791,49.7091],[6.6059,49.7174],[6.6103,49.7191],[6.6173,49.7231],[6.6227,49.7209],[6.6162,49.7146],[6.6104,49.7083],[6.6152,49.7052],[6.6113,49.7017],[6.6129,49.6994],[6.6228,49.7],[6.6322,49.7033],[6.6444,49.6993],[6.6484,49.7044],[6.6517,49.7024],[6.6555,49.7075],[6.6573,49.7115],[6.6612,49.7115],[6.6633,49.7131],[6.6658,49.713],[6.6687,49.7087],[6.6714,49.7093],[6.6793,49.7077],[6.6844,49.7105],[6.6882,49.7089],[6.6896,49.7137],[6.6921,49.7112],[6.6965,49.71],[6.7019,49.7171],[6.7055,49.7178],[6.7063,49.7191],[6.7128,49.7173],[6.7125,49.7203],[6.71,49.7214],[6.7137,49.7241],[6.7164,49.728],[6.7142,49.7295],[6.7149,49.7339],[6.7199,49.7351],[6.7232,49.737],[6.7333,49.7317],[6.7347,49.7304],[6.7378,49.7318],[6.7377,49.7333],[6.7401,49.7368],[6.7425,49.7389],[6.7403,49.7414],[6.7375,49.741],[6.735,49.7394],[6.7298,49.7384],[6.729,49.7404],[6.7248,49.7419],[6.7196,49.7459],[6.715,49.7484],[6.7108,49.7479],[6.7104,49.7493],[6.7077,49.7514],[6.712,49.7554],[6.7152,49.7594],[6.7136,49.7609],[6.7071,49.7556],[6.7063,49.7535],[6.7024,49.7544],[6.7028,49.7577],[6.6984,49.763],[6.6952,49.7629],[6.6957,49.7606],[6.694,49.7574],[6.6864,49.7598],[6.6856,49.7607],[6.6862,49.7652],[6.689,49.7659],[6.6966,49.7719],[6.7045,49.7728],[6.7094,49.7744],[6.7126,49.7765],[6.7145,49.7756],[6.7172,49.7721],[6.7312,49.7766],[6.7382,49.7763],[6.738,49.7801],[6.7391,49.7833],[6.7323,49.784],[6.727,49.7899],[6.7266,49.7915],[6.7213,49.7929],[6.7165,49.795],[6.7116,49.7958],[6.7089,49.7936],[6.7029,49.7931],[6.7,49.7983],[6.7008,49.8031],[6.7034,49.8051],[6.7079,49.8051],[6.7138,49.8069],[6.7251,49.809],[6.7313,49.8112],[6.7415,49.813],[6.7411,49.8142],[6.7322,49.8181],[6.7261,49.8203],[6.7194,49.8215],[6.7135,49.8211],[6.7124,49.8232],[6.7081,49.8258],[6.7068,49.8282],[6.7078,49.83],[6.7113,49.8337],[6.7034,49.8412],[6.7049,49.8447],[6.7036,49.8472],[6.6991,49.8505],[6.6953,49.8516],[6.6962,49.8543],[6.6924,49.8551],[6.6909,49.8577]]]},"properties":{"id":"07211000","name":"Trier","territoire":"Rhénanie-Palatinat","sigle":"RLP","pays":"Allemagne","cx":6.653,"cy":49.759}},
{"type":"Feature","geometry":{"type":"Polygon","coordinates":[[[6.9768,50.0087],[6.9722,50.0139],[6.9676,50.0145],[6.9622,50.0183],[6.9577,50.0178],[6.9577,50.0189],[6.9496,50.0184],[6.9458,50.0148],[6.9402,50.0126],[6.9382,50.0095],[6.9359,50.0109],[6.924,50.0085],[6.9214,50.0055],[6.9171,50.0112],[6.9109,50.0089],[6.903,50.0172],[6.9019,50.018],[6.9047,50.0217],[6.8998,50.0307],[6.8909,50.0249],[6.8842,50.0224],[6.8817,50.023],[6.8752,50.0214],[6.8729,50.0198],[6.8733,50.0162],[6.8726,50.0144],[6.8768,50.0143],[6.8865,50.0114],[6.8794,50.0098],[6.8724,50.0064],[6.8733,50.0088],[6.87,50.0094],[6.866,50.0085],[6.8659,50.0041],[6.8602,49.9979],[6.857,49.9982],[6.8556,49.996],[6.8557,49.9921],[6.8476,49.989],[6.835,49.9905],[6.8356,49.9885],[6.8311,49.9866],[6.835,49.9854],[6.8393,49.9816],[6.8346,49.9796],[6.8346,49.9758],[6.8375,49.9743],[6.8419,49.9763],[6.8492,49.9714],[6.8615,49.9593],[6.8653,49.9565],[6.8717,49.9593],[6.8781,49.9604],[6.8817,49.9602],[6.8855,49.964],[6.89,49.9627],[6.896,49.9668],[6.8926,49.9691],[6.8967,49.9714],[6.9006,49.9695],[6.9034,49.9716],[6.9057,49.9706],[6.9129,49.9692],[6.9143,49.9657],[6.9165,49.9647],[6.9205,49.966],[6.9267,49.9622],[6.9293,49.9589],[6.9311,49.9583],[6.9343,49.9551],[6.9399,49.9602],[6.941,49.9595],[6.9481,49.9632],[6.9509,49.9618],[6.9541,49.9618],[6.9549,49.9632],[6.9581,49.9629],[6.9612,49.9616],[6.9627,49.961],[6.9662,49.9647],[6.9678,49.9681],[6.9597,49.9707],[6.9556,49.9745],[6.9596,49.9805],[6.9633,49.9809],[6.97,49.986],[6.9715,49.9891],[6.9685,49.9907],[6.9714,49.9932],[6.9756,49.992],[6.9748,49.9895],[6.9727,49.9873],[6.9761,49.986],[6.9811,49.9894],[6.9767,49.9928],[6.9749,49.9972],[6.9779,49.9962],[6.9797,49.9988],[6.983,49.9997],[6.9825,50.0037],[6.9774,50.0035],[6.9747,50.0077],[6.9768,50.0087]]]},"properties":{"id":"07231134","name":"Wittlich","territoire":"Rhénanie-Palatinat","sigle":"RLP","pays":"Allemagne","cx":6.929,"cy":49.986}},
{"type":"Feature","geometry":{"type":"Polygon","coordinates":[[[7.1061,49.7397],[7.108,49.7438],[7.1113,49.7467],[7.1239,49.7507],[7.1303,49.7583],[7.1305,49.76],[7.1292,49.7644],[7.1261,49.7672],[7.1254,49.7724],[7.1274,49.7751],[7.1279,49.7774],[7.1336,49.7808],[7.1404,49.7833],[7.1456,49.7862],[7.1572,49.7941],[7.1608,49.7975],[7.1691,49.8021],[7.1736,49.8037],[7.1766,49.8059],[7.1892,49.8125],[7.2004,49.8199],[7.2143,49.8302],[7.2211,49.8324],[7.2264,49.8345],[7.2157,49.8425],[7.2135,49.8464],[7.1993,49.8542],[7.193,49.8588],[7.1892,49.8633],[7.1868,49.8651],[7.1755,49.8699],[7.1687,49.8711],[7.165,49.8728],[7.1643,49.8741],[7.1606,49.8741],[7.1529,49.8767],[7.1521,49.8739],[7.1503,49.8715],[7.1434,49.8585],[7.1395,49.8565],[7.1379,49.8603],[7.1348,49.863],[7.1271,49.8669],[7.121,49.8672],[7.1131,49.8682],[7.1047,49.8667],[7.1017,49.8618],[7.0958,49.8574],[7.0878,49.8585],[7.0884,49.8646],[7.0838,49.8632],[7.0804,49.8648],[7.0745,49.8633],[7.0759,49.8571],[7.0776,49.8556],[7.0777,49.8525],[7.0753,49.8494],[7.0725,49.8475],[7.0734,49.8465],[7.0684,49.8422],[7.058,49.8406],[7.0584,49.8391],[7.0452,49.838],[7.0437,49.8393],[7.0364,49.8381],[7.0371,49.8367],[7.0249,49.8322],[7.0075,49.8291],[7.0037,49.8275],[7.0059,49.8213],[7.0083,49.8193],[7.014,49.8202],[7.0152,49.8198],[7.0169,49.8167],[7.0198,49.8174],[7.0204,49.8156],[7.0174,49.8128],[7.0168,49.8091],[7.0196,49.8078],[7.0169,49.8047],[7.0171,49.8019],[7.0129,49.8001],[7.0066,49.7963],[7.0075,49.7926],[7.0114,49.7923],[7.0157,49.7944],[7.0206,49.795],[7.0251,49.7936],[7.0259,49.7924],[7.0255,49.7894],[7.0276,49.7869],[7.0352,49.7844],[7.0374,49.7825],[7.0403,49.7816],[7.0425,49.78],[7.0459,49.7798],[7.0531,49.7806],[7.0577,49.78],[7.059,49.7751],[7.0646,49.7696],[7.0648,49.7673],[7.0672,49.7639],[7.0654,49.7621],[7.0671,49.7591],[7.0675,49.7565],[7.0699,49.7509],[7.071,49.753],[7.0738,49.7539],[7.0807,49.7523],[7.0852,49.7501],[7.0845,49.7479],[7.0822,49.7461],[7.0855,49.7439],[7.0902,49.7417],[7.098,49.7405],[7.1006,49.7392],[7.1061,49.7397]]]},"properties":{"id":"07231502","name":"Morbach","territoire":"Rhénanie-Palatinat","sigle":"RLP","pays":"Allemagne","cx":7.111,"cy":49.815}},
{"type":"Feature","geometry":{"type":"Polygon","coordinates":[[[6.5673,49.9761],[6.5652,49.9775],[6.5676,49.9796],[6.5696,49.9788],[6.573,49.9819],[6.5786,49.9829],[6.5867,49.989],[6.5816,49.9929],[6.5807,49.9949],[6.5821,50.0011],[6.5858,50.0017],[6.5866,50.0046],[6.5854,50.007],[6.5881,50.0069],[6.588,50.0128],[6.5892,50.015],[6.5856,50.0148],[6.5847,50.0161],[6.5777,50.0162],[6.5722,50.0172],[6.5716,50.0189],[6.568,50.0172],[6.5677,50.014],[6.565,50.0134],[6.5563,50.0135],[6.5523,50.0132],[6.5526,50.0103],[6.5469,50.0101],[6.5472,50.0039],[6.54,50.0042],[6.5403,50.0057],[6.5357,50.0058],[6.5353,50.0028],[6.5265,50.0024],[6.5265,49.9999],[6.5237,49.9996],[6.5255,49.9967],[6.5273,49.9955],[6.5181,49.9937],[6.5137,49.9924],[6.5106,49.9925],[6.5075,49.9913],[6.51,49.9881],[6.5007,49.9872],[6.4984,49.9859],[6.4982,49.9843],[6.4957,49.9804],[6.484,49.9848],[6.4833,49.983],[6.4764,49.9814],[6.4711,49.9784],[6.4634,49.9817],[6.46,49.9807],[6.4553,49.98],[6.4566,49.9779],[6.4618,49.9755],[6.464,49.9759],[6.4665,49.9744],[6.4608,49.9715],[6.4534,49.9687],[6.4527,49.9644],[6.4606,49.9622],[6.4655,49.9622],[6.4689,49.9611],[6.4721,49.9629],[6.4757,49.9613],[6.4814,49.9574],[6.4856,49.955],[6.4918,49.9527],[6.4962,49.9539],[6.4993,49.9561],[6.501,49.9556],[6.5023,49.9523],[6.5014,49.9502],[6.4994,49.9492],[6.5008,49.9477],[6.5042,49.9485],[6.508,49.9484],[6.5088,49.9457],[6.5122,49.9445],[6.5131,49.9459],[6.517,49.9426],[6.5184,49.9408],[6.5262,49.94],[6.5282,49.936],[6.5319,49.9353],[6.547,49.9415],[6.5519,49.9409],[6.5598,49.9427],[6.5584,49.945],[6.5624,49.9471],[6.5659,49.9453],[6.5676,49.9464],[6.5868,49.9548],[6.5829,49.9596],[6.5828,49.9627],[6.581,49.9651],[6.576,49.9695],[6.5773,49.9736],[6.5696,49.9713],[6.5673,49.9761]]]},"properties":{"id":"07232018","name":"Bitburg","territoire":"Rhénanie-Palatinat","sigle":"RLP","pays":"Allemagne","cx":6.535,"cy":49.971}},
{"type":"Feature","geometry":{"type":"Polygon","coordinates":[[[8.3096,49.4852],[8.3456,49.4903],[8.3526,49.4922],[8.3522,49.4937],[8.3587,49.4948],[8.3584,49.4968],[8.3691,49.4994],[8.3678,49.502],[8.3676,49.5048],[8.3694,49.5084],[8.3776,49.516],[8.3822,49.5198],[8.3754,49.5218],[8.3764,49.5279],[8.3775,49.531],[8.3766,49.5324],[8.3791,49.536],[8.3794,49.539],[8.3827,49.5391],[8.3848,49.5409],[8.3852,49.5444],[8.3886,49.5444],[8.393,49.5501],[8.4,49.5476],[8.399,49.5445],[8.4066,49.5434],[8.4106,49.5441],[8.4149,49.5438],[8.4193,49.5417],[8.4231,49.5418],[8.4157,49.5514],[8.4142,49.556],[8.4146,49.562],[8.4165,49.5664],[8.4227,49.5742],[8.4172,49.5757],[8.4149,49.5752],[8.4135,49.5769],[8.4067,49.5818],[8.4021,49.5824],[8.4009,49.5809],[8.4048,49.5791],[8.404,49.5758],[8.4014,49.5748],[8.3923,49.5752],[8.3855,49.5704],[8.3815,49.5696],[8.3839,49.5681],[8.3859,49.5654],[8.3768,49.5655],[8.3693,49.5696],[8.363,49.5697],[8.3609,49.5711],[8.3589,49.5695],[8.356,49.5694],[8.3546,49.568],[8.355,49.565],[8.3565,49.5611],[8.3506,49.5607],[8.3505,49.5587],[8.3426,49.5581],[8.3386,49.5578],[8.3376,49.5505],[8.3316,49.55],[8.32,49.5505],[8.3129,49.5498],[8.3137,49.5455],[8.3202,49.5413],[8.3223,49.5394],[8.3231,49.5366],[8.3173,49.5329],[8.312,49.5333],[8.3106,49.5291],[8.3151,49.5276],[8.3148,49.5248],[8.3094,49.523],[8.3083,49.5208],[8.3097,49.5186],[8.3132,49.5175],[8.3133,49.5068],[8.3087,49.5063],[8.3087,49.5019],[8.3091,49.491],[8.3096,49.4852]]]},"properties":{"id":"07311000","name":"Frankenthal (Pfalz)","territoire":"Rhénanie-Palatinat","sigle":"RLP","pays":"Allemagne","cx":8.352,"cy":49.53}},
{"type":"Feature","geometry":{"type":"Polygon","coordinates":[[[7.6299,49.4252],[7.6496,49.4299],[7.6514,49.4278],[7.6498,49.4269],[7.6534,49.4248],[7.6617,49.4264],[7.6662,49.4224],[7.6716,49.4126],[7.6748,49.4112],[7.6775,49.4084],[7.6765,49.4056],[7.6796,49.4015],[7.6786,49.3983],[7.6818,49.397],[7.6921,49.3948],[7.691,49.3897],[7.6915,49.3873],[7.6932,49.3854],[7.7,49.3853],[7.7003,49.387],[7.7045,49.3908],[7.7094,49.3938],[7.7121,49.3944],[7.7213,49.3946],[7.7257,49.393],[7.7299,49.3928],[7.7348,49.392],[7.7421,49.3917],[7.747,49.3922],[7.7476,49.3942],[7.7515,49.3956],[7.7533,49.3941],[7.7563,49.3948],[7.7631,49.3943],[7.7677,49.3954],[7.7693,49.395],[7.7759,49.3885],[7.7781,49.3873],[7.7852,49.3849],[7.7953,49.3801],[7.7992,49.376],[7.8046,49.3722],[7.8094,49.3703],[7.8135,49.3696],[7.8156,49.3684],[7.8165,49.3638],[7.8211,49.3612],[7.8305,49.3586],[7.8405,49.3589],[7.8473,49.3611],[7.8488,49.3622],[7.847,49.3665],[7.8427,49.3683],[7.838,49.3689],[7.8357,49.3705],[7.8287,49.3722],[7.8242,49.375],[7.8247,49.3782],[7.8289,49.3799],[7.8368,49.3791],[7.8371,49.3802],[7.8334,49.3812],[7.8324,49.384],[7.8235,49.3823],[7.8205,49.3813],[7.8173,49.3832],[7.8171,49.3858],[7.8197,49.3898],[7.8182,49.39],[7.8152,49.3957],[7.8249,49.3964],[7.8305,49.396],[7.8371,49.3969],[7.8442,49.3989],[7.8467,49.4016],[7.8542,49.4036],[7.8584,49.4058],[7.8691,49.4084],[7.8687,49.41],[7.8707,49.4178],[7.8707,49.4214],[7.8677,49.4266],[7.8669,49.4311],[7.863,49.435],[7.8619,49.4381],[7.8639,49.4425],[7.8559,49.4447],[7.8582,49.4516],[7.8539,49.4557],[7.85,49.4582],[7.8436,49.4655],[7.8383,49.4634],[7.8359,49.4648],[7.8274,49.4625],[7.8134,49.462],[7.8082,49.4642],[7.8012,49.4677],[7.7984,49.4708],[7.7998,49.4737],[7.8066,49.4778],[7.8026,49.4803],[7.8021,49.4818],[7.8003,49.4847],[7.798,49.4856],[7.7937,49.4848],[7.7879,49.4851],[7.7861,49.4863],[7.7867,49.4882],[7.7794,49.4901],[7.7751,49.4897],[7.7729,49.4878],[7.7678,49.4901],[7.7641,49.4907],[7.7574,49.4886],[7.7577,49.4867],[7.7551,49.4855],[7.7551,49.4825],[7.7537,49.482],[7.7555,49.476],[7.7498,49.4745],[7.7377,49.4729],[7.7362,49.4737],[7.7351,49.4767],[7.7278,49.4828],[7.7253,49.4853],[7.7216,49.4865],[7.7197,49.4895],[7.7152,49.49],[7.7081,49.4923],[7.703,49.4951],[7.6977,49.4925],[7.6818,49.4879],[7.6794,49.4866],[7.6801,49.4794],[7.6817,49.4776],[7.6829,49.4742],[7.6801,49.4724],[7.6769,49.469],[7.6777,49.4666],[7.681,49.4633],[7.6789,49.4609],[7.6824,49.4598],[7.6935,49.4538],[7.6955,49.4532],[7.7003,49.4531],[7.7011,49.4514],[7.7028,49.4423],[7.6982,49.4438],[7.6841,49.447],[7.671,49.4494],[7.6659,49.4475],[7.6573,49.4464],[7.6475,49.4475],[7.6348,49.4467],[7.6348,49.4368],[7.6312,49.4354],[7.6357,49.4329],[7.6267,49.4338],[7.6299,49.4252]]]},"properties":{"id":"07312000","name":"Kaiserslautern","territoire":"Rhénanie-Palatinat","sigle":"RLP","pays":"Allemagne","cx":7.761,"cy":49.433}},
{"type":"Feature","geometry":{"type":"MultiPolygon","coordinates":[[[[7.9836,49.1742],[7.9878,49.1705],[7.9923,49.1697],[7.9908,49.1737],[7.9952,49.1779],[7.9927,49.1801],[7.9881,49.1794],[7.9833,49.1816],[7.9786,49.181],[7.9771,49.1782],[7.9789,49.1769],[7.9825,49.1766],[7.9836,49.1742]]],[[[7.8721,49.2831],[7.8738,49.2821],[7.8739,49.2781],[7.8764,49.2763],[7.8807,49.2756],[7.8894,49.2798],[7.8964,49.2814],[7.8998,49.2814],[7.9045,49.2823],[7.9074,49.2793],[7.9116,49.2812],[7.9186,49.2831],[7.9173,49.2842],[7.9197,49.2857],[7.9233,49.2853],[7.9241,49.2894],[7.9286,49.2881],[7.9296,49.2895],[7.9345,49.2903],[7.9341,49.2873],[7.9411,49.2881],[7.9471,49.2864],[7.9474,49.2837],[7.9464,49.2803],[7.9386,49.2816],[7.9364,49.2826],[7.9328,49.2811],[7.9333,49.2794],[7.9308,49.2783],[7.9274,49.279],[7.9256,49.2755],[7.9285,49.2729],[7.9303,49.2726],[7.9333,49.2699],[7.937,49.2707],[7.9409,49.2694],[7.9405,49.2652],[7.9456,49.2628],[7.9459,49.2618],[7.9586,49.2601],[7.9583,49.2589],[7.9639,49.2591],[7.968,49.2627],[7.9722,49.2641],[7.9673,49.2667],[7.9662,49.2663],[7.963,49.2692],[7.962,49.272],[7.9632,49.2744],[7.9628,49.2763],[7.9639,49.2791],[7.9628,49.2804],[7.9633,49.2837],[7.9648,49.2848],[7.964,49.289],[7.9647,49.2911],[7.9632,49.2936],[7.964,49.2951],[7.9579,49.298],[7.9536,49.298],[7.9496,49.2966],[7.9447,49.2933],[7.941,49.2924],[7.9373,49.2943],[7.939,49.2979],[7.9387,49.3009],[7.9356,49.3057],[7.9367,49.309],[7.9333,49.3098],[7.9272,49.3099],[7.9244,49.3127],[7.9201,49.3153],[7.9133,49.3164],[7.9064,49.3156],[7.9021,49.3135],[7.8951,49.3125],[7.8931,49.3117],[7.8872,49.3117],[7.8836,49.3132],[7.8813,49.3133],[7.8737,49.3113],[7.8713,49.3113],[7.8677,49.3133],[7.8641,49.3097],[7.866,49.3073],[7.8717,49.3036],[7.8697,49.3019],[7.8702,49.2994],[7.8676,49.2946],[7.8676,49.2886],[7.8687,49.2848],[7.8721,49.2831]]],[[[8.1326,49.1713],[8.1437,49.1728],[8.1459,49.1753],[8.1545,49.176],[8.1555,49.1719],[8.1567,49.1698],[8.1627,49.1683],[8.1654,49.1671],[8.1726,49.1666],[8.1749,49.1645],[8.178,49.1647],[8.1774,49.1687],[8.176,49.1688],[8.1748,49.174],[8.1779,49.1762],[8.1759,49.1776],[8.1782,49.1793],[8.1774,49.1829],[8.1794,49.1835],[8.1779,49.1901],[8.1778,49.193],[8.1687,49.1927],[8.1681,49.1984],[8.1697,49.2027],[8.1739,49.2037],[8.1802,49.207],[8.1789,49.2093],[8.1678,49.2072],[8.157,49.2067],[8.156,49.2139],[8.1603,49.2145],[8.1558,49.2276],[8.1522,49.2285],[8.1501,49.2292],[8.1405,49.2289],[8.1405,49.2271],[8.1337,49.228],[8.1292,49.2277],[8.1279,49.2306],[8.1226,49.2313],[8.1225,49.2323],[8.1124,49.2314],[8.1095,49.2322],[8.1065,49.2319],[8.1034,49.2329],[8.0972,49.2317],[8.0976,49.2307],[8.0923,49.2293],[8.0879,49.2299],[8.0872,49.2286],[8.0799,49.2285],[8.0796,49.2297],[8.0746,49.2299],[8.0748,49.2273],[8.0727,49.2264],[8.0651,49.2248],[8.0649,49.2235],[8.0608,49.224],[8.061,49.2224],[8.0576,49.2219],[8.0587,49.2186],[8.0572,49.2185],[8.0597,49.2136],[8.0605,49.2086],[8.0627,49.2087],[8.0649,49.2064],[8.0654,49.2035],[8.0578,49.2026],[8.0509,49.2027],[8.0468,49.2016],[8.0421,49.2009],[8.0435,49.1993],[8.0434,49.1973],[8.0329,49.196],[8.0324,49.1944],[8.0217,49.1962],[8.0184,49.1956],[8.0182,49.193],[8.0207,49.192],[8.0304,49.1918],[8.0332,49.1924],[8.0389,49.1923],[8.0424,49.1913],[8.0502,49.1908],[8.0557,49.1917],[8.0583,49.19],[8.057,49.1862],[8.0662,49.1865],[8.0706,49.1863],[8.0695,49.1823],[8.067,49.1823],[8.0644,49.1777],[8.0651,49.1745],[8.0644,49.1718],[8.0561,49.1704],[8.0549,49.1691],[8.0541,49.1645],[8.0585,49.1635],[8.0585,49.1615],[8.0616,49.1617],[8.0618,49.16],[8.0645,49.1601],[8.0649,49.1583],[8.064,49.1557],[8.0724,49.1551],[8.0818,49.1561],[8.0857,49.1557],[8.0909,49.1559],[8.0908,49.1593],[8.0943,49.1597],[8.0947,49.1611],[8.0979,49.161],[8.1005,49.1667],[8.0996,49.1687],[8.1047,49.1708],[8.1108,49.175],[8.113,49.173],[8.119,49.172],[8.1228,49.171],[8.1304,49.1707],[8.1326,49.1713]]]]},"properties":{"id":"07313000","name":"Landau in der Pfalz","territoire":"Rhénanie-Palatinat","sigle":"RLP","pays":"Allemagne","cx":8.11,"cy":49.201}},
{"type":"Feature","geometry":{"type":"Polygon","coordinates":[[[8.3096,49.4852],[8.3097,49.4833],[8.2991,49.4813],[8.2981,49.4768],[8.3009,49.4722],[8.3057,49.4728],[8.3116,49.4601],[8.3167,49.4615],[8.319,49.4591],[8.3235,49.4614],[8.347,49.4673],[8.3527,49.4682],[8.3542,49.4706],[8.3575,49.471],[8.3588,49.4632],[8.3638,49.4628],[8.3675,49.4577],[8.3669,49.4562],[8.3736,49.4492],[8.3775,49.4433],[8.3835,49.4399],[8.3809,49.4374],[8.3872,49.4349],[8.3849,49.4342],[8.3874,49.4308],[8.3933,49.4315],[8.3944,49.4283],[8.3992,49.4284],[8.4064,49.4306],[8.4114,49.4267],[8.412,49.4276],[8.4185,49.4307],[8.4207,49.433],[8.4253,49.4334],[8.4264,49.4318],[8.4363,49.4358],[8.4465,49.439],[8.448,49.4372],[8.4502,49.4381],[8.4537,49.4362],[8.4594,49.4358],[8.4619,49.4368],[8.466,49.4371],[8.4762,49.4401],[8.4723,49.4413],[8.4725,49.4435],[8.4642,49.4432],[8.4555,49.4438],[8.4495,49.4453],[8.445,49.4478],[8.4427,49.4502],[8.4416,49.4548],[8.4429,49.4576],[8.4473,49.461],[8.4599,49.4645],[8.4624,49.4663],[8.4638,49.4704],[8.4629,49.4729],[8.4571,49.4798],[8.4527,49.4838],[8.4453,49.4895],[8.443,49.4927],[8.4416,49.4959],[8.4397,49.5023],[8.4239,49.5406],[8.4231,49.5418],[8.4193,49.5417],[8.4149,49.5438],[8.4106,49.5441],[8.4066,49.5434],[8.399,49.5445],[8.4,49.5476],[8.393,49.5501],[8.3886,49.5444],[8.3852,49.5444],[8.3848,49.5409],[8.3827,49.5391],[8.3794,49.539],[8.3791,49.536],[8.3766,49.5324],[8.3775,49.531],[8.3764,49.5279],[8.3754,49.5218],[8.3822,49.5198],[8.3776,49.516],[8.3694,49.5084],[8.3676,49.5048],[8.3678,49.502],[8.3691,49.4994],[8.3584,49.4968],[8.3587,49.4948],[8.3522,49.4937],[8.3526,49.4922],[8.3456,49.4903],[8.3096,49.4852]]]},"properties":{"id":"07314000","name":"Ludwigshafen am Rhein","territoire":"Rhénanie-Palatinat","sigle":"RLP","pays":"Allemagne","cx":8.401,"cy":49.48}},
{"type":"Feature","geometry":{"type":"Polygon","coordinates":[[[8.1486,49.9639],[8.1638,49.966],[8.1792,49.9675],[8.1807,49.9672],[8.1864,49.9636],[8.1858,49.9628],[8.1908,49.9526],[8.1937,49.9537],[8.2026,49.9585],[8.2055,49.9562],[8.2116,49.9574],[8.2123,49.9561],[8.2171,49.9571],[8.2188,49.9555],[8.2237,49.9533],[8.2219,49.9516],[8.2271,49.948],[8.2299,49.9475],[8.2342,49.9483],[8.237,49.9467],[8.2434,49.9474],[8.245,49.9398],[8.242,49.9383],[8.2363,49.9307],[8.2362,49.9288],[8.2324,49.925],[8.2298,49.9234],[8.2284,49.9211],[8.2319,49.9213],[8.2333,49.9188],[8.23,49.9183],[8.2308,49.9153],[8.2298,49.911],[8.2249,49.9106],[8.2248,49.9093],[8.2295,49.9095],[8.2273,49.9023],[8.2271,49.9002],[8.2323,49.9006],[8.2348,49.899],[8.2487,49.8954],[8.2527,49.8966],[8.2496,49.9],[8.2542,49.9022],[8.253,49.9051],[8.2561,49.9077],[8.2557,49.9085],[8.2611,49.9096],[8.259,49.9141],[8.261,49.9163],[8.2691,49.9191],[8.2675,49.9251],[8.2716,49.9271],[8.2776,49.9292],[8.2801,49.9312],[8.2777,49.9353],[8.28,49.9414],[8.2861,49.9412],[8.2877,49.9422],[8.2958,49.9423],[8.2968,49.9448],[8.2994,49.9459],[8.3023,49.9459],[8.3033,49.9478],[8.3062,49.9474],[8.3043,49.942],[8.311,49.9413],[8.3215,49.9439],[8.3262,49.9455],[8.3333,49.9381],[8.3364,49.9392],[8.343,49.9405],[8.3422,49.949],[8.3345,49.9607],[8.3294,49.9667],[8.3223,49.9736],[8.3077,49.9841],[8.2966,49.9899],[8.2902,49.9935],[8.2856,49.997],[8.2776,50.0054],[8.2724,50.0103],[8.2592,50.0187],[8.2483,50.0252],[8.2446,50.0276],[8.2364,50.0301],[8.2295,50.0314],[8.2222,50.0317],[8.2145,50.0325],[8.2054,50.0341],[8.1995,50.0348],[8.19,50.0353],[8.1892,50.0329],[8.1917,50.0315],[8.1998,50.0299],[8.2014,50.0276],[8.2002,50.0252],[8.1998,50.0222],[8.1934,50.0216],[8.1964,50.0168],[8.1927,50.0142],[8.191,50.0111],[8.1886,50.0094],[8.1816,50.0059],[8.1705,50.0034],[8.1672,50.0037],[8.158,50.0037],[8.1555,50.0033],[8.1566,50],[8.1556,49.9992],[8.1578,49.9962],[8.1511,49.9943],[8.1538,49.9879],[8.1463,49.9849],[8.1436,49.983],[8.1463,49.9769],[8.1443,49.9759],[8.1439,49.9731],[8.146,49.9704],[8.1471,49.9652],[8.1486,49.9639]]]},"properties":{"id":"07315000","name":"Mainz","territoire":"Rhénanie-Palatinat","sigle":"RLP","pays":"Allemagne","cx":8.243,"cy":49.981}},
{"type":"Feature","geometry":{"type":"Polygon","coordinates":[[[8.2234,49.3798],[8.2176,49.3784],[8.2087,49.3783],[8.2072,49.382],[8.2039,49.3816],[8.2029,49.3837],[8.1993,49.3825],[8.1988,49.3855],[8.1867,49.3832],[8.1828,49.3829],[8.1832,49.386],[8.1793,49.3866],[8.1818,49.39],[8.1756,49.3906],[8.1678,49.3905],[8.1693,49.3925],[8.1633,49.3935],[8.1626,49.3925],[8.1528,49.3925],[8.1481,49.3919],[8.1413,49.395],[8.1368,49.3976],[8.1329,49.4009],[8.1308,49.3999],[8.1319,49.3962],[8.1371,49.3887],[8.134,49.3863],[8.1323,49.3873],[8.1283,49.3842],[8.1231,49.3812],[8.121,49.3821],[8.1212,49.3838],[8.1168,49.3853],[8.1156,49.3868],[8.1071,49.3877],[8.1069,49.3901],[8.1029,49.3907],[8.1004,49.3922],[8.0986,49.3885],[8.1002,49.3845],[8.0999,49.3809],[8.0982,49.3801],[8.0962,49.377],[8.0957,49.3737],[8.0974,49.3724],[8.1067,49.3695],[8.1035,49.3649],[8.0982,49.3638],[8.0959,49.3619],[8.0907,49.3602],[8.0872,49.3613],[8.0831,49.3617],[8.0807,49.3626],[8.0762,49.3628],[8.0644,49.3595],[8.0589,49.3564],[8.0519,49.355],[8.0502,49.353],[8.0459,49.3528],[8.0399,49.3533],[8.0361,49.3524],[8.0322,49.3534],[8.0282,49.3563],[8.0266,49.3567],[8.0233,49.3545],[8.0195,49.3548],[8.0147,49.3522],[8.0142,49.3488],[8.0087,49.3446],[7.9996,49.3438],[8.0004,49.34],[8.0025,49.339],[8.0061,49.3393],[8.0129,49.3367],[8.0188,49.3358],[8.0228,49.3333],[8.0162,49.3293],[8.0159,49.3272],[8.0117,49.3246],[8.0129,49.3213],[8.0205,49.3225],[8.0269,49.3201],[8.0317,49.3206],[8.0375,49.324],[8.0404,49.3245],[8.0455,49.3229],[8.0489,49.3225],[8.0542,49.3227],[8.06,49.3191],[8.0637,49.3196],[8.0644,49.3186],[8.0706,49.3204],[8.0752,49.3233],[8.0824,49.3236],[8.0842,49.3223],[8.0878,49.3221],[8.0946,49.3185],[8.0995,49.3188],[8.1057,49.3153],[8.1096,49.3145],[8.1183,49.314],[8.1238,49.3149],[8.1312,49.3122],[8.1361,49.3113],[8.141,49.3123],[8.1467,49.3123],[8.1469,49.3132],[8.1578,49.3147],[8.1673,49.3138],[8.1726,49.3148],[8.1735,49.3117],[8.1849,49.3129],[8.1864,49.3096],[8.2009,49.3103],[8.202,49.308],[8.1991,49.3076],[8.2,49.3046],[8.2001,49.2998],[8.198,49.2998],[8.1981,49.2962],[8.2058,49.2963],[8.211,49.2973],[8.223,49.2962],[8.2244,49.2969],[8.2409,49.2988],[8.2447,49.3],[8.2495,49.301],[8.2527,49.2961],[8.2553,49.2975],[8.2606,49.2976],[8.2701,49.2989],[8.2777,49.3012],[8.2815,49.3014],[8.2866,49.3031],[8.2908,49.3033],[8.2972,49.3045],[8.3056,49.3049],[8.3044,49.3081],[8.3143,49.3076],[8.3174,49.3081],[8.3174,49.3109],[8.3144,49.3115],[8.3059,49.3152],[8.3033,49.3151],[8.2994,49.3163],[8.293,49.3149],[8.29,49.3152],[8.2828,49.317],[8.2794,49.3166],[8.2774,49.3175],[8.2768,49.3196],[8.2743,49.3202],[8.2633,49.3215],[8.259,49.3227],[8.2552,49.323],[8.2508,49.3245],[8.2439,49.3262],[8.2425,49.3274],[8.2342,49.3295],[8.2327,49.3314],[8.2267,49.3329],[8.2274,49.3469],[8.2177,49.3475],[8.2164,49.3517],[8.2165,49.3547],[8.2179,49.3593],[8.221,49.3663],[8.2236,49.3663],[8.2234,49.3694],[8.2258,49.37],[8.2242,49.3731],[8.2234,49.3798]]]},"properties":{"id":"07316000","name":"Neustadt an der Weinstraße","territoire":"Rhénanie-Palatinat","sigle":"RLP","pays":"Allemagne","cx":8.152,"cy":49.349}},
{"type":"Feature","geometry":{"type":"Polygon","coordinates":[[[7.6544,49.1915],[7.654,49.1957],[7.6563,49.1988],[7.6596,49.2007],[7.6653,49.2077],[7.661,49.2099],[7.6602,49.212],[7.6573,49.2125],[7.6588,49.2161],[7.6633,49.2153],[7.6664,49.2182],[7.6676,49.2217],[7.6723,49.225],[7.6734,49.2286],[7.6671,49.231],[7.6663,49.2285],[7.6591,49.2279],[7.6528,49.2287],[7.652,49.2255],[7.6507,49.2237],[7.6462,49.2229],[7.6417,49.2236],[7.6368,49.2226],[7.6323,49.2227],[7.6278,49.2218],[7.6224,49.219],[7.6207,49.22],[7.6182,49.2184],[7.6155,49.218],[7.6151,49.2212],[7.616,49.2244],[7.6134,49.2263],[7.6058,49.2268],[7.606,49.2248],[7.6009,49.2241],[7.6002,49.2264],[7.602,49.2317],[7.6012,49.2333],[7.598,49.2333],[7.5874,49.2332],[7.5763,49.2339],[7.5708,49.2347],[7.567,49.2322],[7.5658,49.2301],[7.5599,49.2247],[7.5546,49.2202],[7.5504,49.2181],[7.545,49.2173],[7.5354,49.217],[7.5323,49.2153],[7.5263,49.2139],[7.5244,49.2173],[7.5142,49.212],[7.5157,49.2103],[7.52,49.2112],[7.5198,49.2079],[7.5182,49.2047],[7.5187,49.2029],[7.5149,49.2004],[7.5178,49.1974],[7.5222,49.1945],[7.5257,49.1945],[7.5264,49.1929],[7.5304,49.1908],[7.5306,49.188],[7.5323,49.1867],[7.5354,49.1863],[7.5391,49.1846],[7.5411,49.1814],[7.5446,49.1803],[7.546,49.1777],[7.5511,49.1741],[7.5528,49.1735],[7.5638,49.1652],[7.5704,49.1658],[7.5713,49.1674],[7.5792,49.1718],[7.5818,49.1705],[7.5901,49.1736],[7.5943,49.1728],[7.5888,49.1679],[7.591,49.166],[7.5889,49.164],[7.5909,49.1615],[7.5839,49.1552],[7.5824,49.1528],[7.579,49.1459],[7.5785,49.1436],[7.584,49.1448],[7.5849,49.1457],[7.5896,49.1462],[7.5904,49.1482],[7.5945,49.1511],[7.6003,49.1566],[7.609,49.163],[7.6111,49.1629],[7.6128,49.1593],[7.6148,49.1607],[7.6184,49.1615],[7.6207,49.1605],[7.6241,49.1603],[7.6353,49.1626],[7.6393,49.1678],[7.6374,49.1681],[7.6391,49.1705],[7.6415,49.1714],[7.6392,49.175],[7.6335,49.1738],[7.6314,49.1756],[7.6325,49.178],[7.639,49.1782],[7.6409,49.1808],[7.6465,49.1835],[7.6557,49.1866],[7.6547,49.1878],[7.6556,49.1902],[7.6544,49.1915]]]},"properties":{"id":"07317000","name":"Pirmasens","territoire":"Rhénanie-Palatinat","sigle":"RLP","pays":"Allemagne","cx":7.587,"cy":49.201}},
{"type":"Feature","geometry":{"type":"Polygon","coordinates":[[[8.467,49.283],[8.4726,49.2845],[8.4786,49.2855],[8.4823,49.2865],[8.4858,49.2886],[8.4891,49.2931],[8.4889,49.2976],[8.4872,49.3017],[8.4827,49.3058],[8.4781,49.3083],[8.471,49.3103],[8.4586,49.3129],[8.454,49.3155],[8.452,49.3177],[8.4505,49.3217],[8.4516,49.3273],[8.4543,49.331],[8.4576,49.3336],[8.463,49.3369],[8.4709,49.3407],[8.4712,49.3466],[8.4675,49.353],[8.4672,49.3554],[8.4692,49.3593],[8.4727,49.3613],[8.4783,49.3627],[8.4859,49.3629],[8.4918,49.3624],[8.4913,49.3642],[8.4854,49.3665],[8.4767,49.367],[8.4706,49.3653],[8.4668,49.3611],[8.4638,49.3632],[8.458,49.3648],[8.4505,49.365],[8.4489,49.3666],[8.4448,49.3646],[8.4429,49.3619],[8.4425,49.3594],[8.4434,49.3573],[8.4458,49.355],[8.442,49.3513],[8.4371,49.3523],[8.4373,49.3553],[8.4337,49.3559],[8.4354,49.3608],[8.4299,49.3607],[8.429,49.3665],[8.424,49.3663],[8.4233,49.3688],[8.4225,49.3766],[8.4183,49.3755],[8.4111,49.3737],[8.4068,49.3719],[8.4083,49.3692],[8.4057,49.3682],[8.401,49.3652],[8.3977,49.3601],[8.389,49.353],[8.3876,49.3515],[8.3837,49.351],[8.3801,49.3477],[8.3754,49.342],[8.3855,49.3377],[8.4031,49.3307],[8.4069,49.3288],[8.4073,49.3255],[8.403,49.324],[8.4036,49.3226],[8.3997,49.3197],[8.4042,49.3126],[8.4035,49.3053],[8.4109,49.3019],[8.4151,49.3008],[8.4188,49.301],[8.4323,49.2938],[8.4376,49.294],[8.4433,49.2925],[8.4614,49.2852],[8.4663,49.284],[8.467,49.283]]]},"properties":{"id":"07318000","name":"Speyer","territoire":"Rhénanie-Palatinat","sigle":"RLP","pays":"Allemagne","cx":8.432,"cy":49.33}},
{"type":"Feature","geometry":{"type":"Polygon","coordinates":[[[8.4464,49.7308],[8.4418,49.732],[8.4385,49.7314],[8.4235,49.7265],[8.4199,49.7277],[8.4098,49.7322],[8.4078,49.7347],[8.4005,49.7367],[8.3916,49.7352],[8.3782,49.7337],[8.3784,49.7314],[8.3776,49.7248],[8.3727,49.725],[8.3683,49.7266],[8.3696,49.7303],[8.3524,49.7305],[8.3519,49.7237],[8.3503,49.7154],[8.3502,49.7111],[8.3468,49.711],[8.3494,49.7025],[8.3499,49.6955],[8.3394,49.6956],[8.3412,49.6858],[8.3423,49.6829],[8.3364,49.6828],[8.326,49.6834],[8.3238,49.6842],[8.3193,49.6836],[8.3167,49.6855],[8.3092,49.6841],[8.3074,49.6885],[8.295,49.6875],[8.2938,49.6902],[8.2888,49.6898],[8.288,49.6929],[8.2797,49.692],[8.2576,49.6887],[8.2585,49.6852],[8.2598,49.6773],[8.2559,49.6752],[8.2614,49.6716],[8.2683,49.6724],[8.2679,49.6662],[8.2726,49.6686],[8.2745,49.6621],[8.2772,49.6586],[8.2788,49.655],[8.2452,49.6502],[8.2415,49.647],[8.2402,49.6371],[8.2408,49.6355],[8.2388,49.6296],[8.2384,49.6268],[8.2392,49.6234],[8.2434,49.6241],[8.2444,49.6171],[8.2529,49.6181],[8.2529,49.6121],[8.2523,49.6023],[8.2533,49.5973],[8.2562,49.5913],[8.2571,49.5883],[8.2633,49.5888],[8.2639,49.5867],[8.268,49.5864],[8.2774,49.5878],[8.281,49.5868],[8.2883,49.5878],[8.2876,49.5894],[8.2974,49.5911],[8.3073,49.5923],[8.3117,49.5933],[8.3227,49.5947],[8.3284,49.5975],[8.3314,49.6002],[8.343,49.5951],[8.3497,49.6064],[8.352,49.6076],[8.3568,49.6067],[8.3611,49.6065],[8.3613,49.6039],[8.3625,49.6022],[8.367,49.6031],[8.3691,49.6042],[8.3727,49.6028],[8.3783,49.6051],[8.3844,49.6028],[8.3865,49.6037],[8.3931,49.6008],[8.3963,49.5981],[8.3986,49.5994],[8.4021,49.5985],[8.4058,49.5931],[8.4148,49.5951],[8.4105,49.6034],[8.4078,49.6063],[8.4041,49.609],[8.3961,49.6131],[8.3929,49.6153],[8.3877,49.6214],[8.386,49.6221],[8.3834,49.6252],[8.3808,49.6293],[8.3758,49.6408],[8.3723,49.653],[8.3696,49.6592],[8.3631,49.6663],[8.3565,49.678],[8.3562,49.6829],[8.3573,49.6921],[8.3598,49.696],[8.3634,49.6986],[8.375,49.7045],[8.3815,49.707],[8.3883,49.7093],[8.3947,49.7108],[8.4093,49.7136],[8.4193,49.7152],[8.4307,49.7186],[8.4382,49.7223],[8.4412,49.7249],[8.4464,49.7308]]]},"properties":{"id":"07319000","name":"Worms","territoire":"Rhénanie-Palatinat","sigle":"RLP","pays":"Allemagne","cx":8.324,"cy":49.645}},
{"type":"Feature","geometry":{"type":"Polygon","coordinates":[[[7.3203,49.1895],[7.3231,49.1914],[7.3263,49.1965],[7.3288,49.199],[7.331,49.2037],[7.3327,49.2055],[7.3417,49.2036],[7.3446,49.2017],[7.3468,49.2027],[7.3437,49.2047],[7.3472,49.2084],[7.3518,49.2061],[7.3527,49.2089],[7.3504,49.2104],[7.3539,49.2114],[7.3574,49.2159],[7.3622,49.2183],[7.3633,49.216],[7.3653,49.2143],[7.3656,49.2116],[7.3669,49.2101],[7.3706,49.2109],[7.3799,49.2104],[7.3885,49.2141],[7.3942,49.213],[7.3946,49.2152],[7.399,49.2146],[7.4023,49.2174],[7.4017,49.2182],[7.4076,49.2193],[7.4101,49.2207],[7.4148,49.2194],[7.4166,49.2198],[7.4237,49.2188],[7.4235,49.2222],[7.4249,49.2285],[7.4221,49.2275],[7.4174,49.2279],[7.4164,49.2295],[7.4104,49.2308],[7.4041,49.233],[7.4019,49.2342],[7.4009,49.2372],[7.403,49.2375],[7.4048,49.2395],[7.4047,49.2424],[7.407,49.2446],[7.4047,49.2462],[7.4109,49.2479],[7.4136,49.2528],[7.4135,49.255],[7.4097,49.2567],[7.4124,49.2587],[7.4161,49.2592],[7.4191,49.2587],[7.4213,49.2609],[7.4215,49.2631],[7.4283,49.266],[7.4331,49.2672],[7.437,49.2702],[7.4483,49.2691],[7.4484,49.2698],[7.4422,49.2755],[7.4442,49.2776],[7.4373,49.2792],[7.428,49.2802],[7.429,49.2823],[7.4246,49.2859],[7.4198,49.2858],[7.4186,49.2881],[7.4145,49.287],[7.411,49.285],[7.4086,49.2865],[7.4063,49.2905],[7.4078,49.2987],[7.4107,49.3026],[7.4081,49.3099],[7.4058,49.3135],[7.406,49.3162],[7.4005,49.3147],[7.3985,49.3134],[7.3945,49.3164],[7.3944,49.3147],[7.3902,49.3122],[7.3898,49.3097],[7.3875,49.3105],[7.384,49.31],[7.3807,49.3067],[7.3813,49.3037],[7.3794,49.3017],[7.38,49.2976],[7.3828,49.2946],[7.3854,49.2941],[7.3747,49.2829],[7.3717,49.2809],[7.367,49.2831],[7.3651,49.2815],[7.3653,49.2781],[7.36,49.2793],[7.355,49.2822],[7.3498,49.2822],[7.3415,49.2815],[7.3345,49.2783],[7.3358,49.2763],[7.3442,49.2734],[7.344,49.2704],[7.3419,49.2669],[7.3391,49.2639],[7.3364,49.2624],[7.33,49.2604],[7.3249,49.2575],[7.3278,49.2546],[7.3246,49.2481],[7.3226,49.2476],[7.3159,49.2515],[7.3121,49.2551],[7.3122,49.257],[7.3065,49.2561],[7.3072,49.2549],[7.3044,49.2532],[7.3029,49.251],[7.3035,49.2455],[7.3015,49.2436],[7.2955,49.2402],[7.2921,49.2398],[7.2897,49.2387],[7.2893,49.2363],[7.2945,49.2347],[7.2906,49.2313],[7.289,49.2306],[7.2943,49.2267],[7.2965,49.2261],[7.3029,49.2233],[7.302,49.2181],[7.3027,49.2165],[7.2983,49.214],[7.2984,49.2113],[7.3013,49.2095],[7.296,49.2067],[7.2958,49.2053],[7.298,49.204],[7.3035,49.2058],[7.3057,49.201],[7.3105,49.1981],[7.3151,49.1931],[7.3203,49.1895]]]},"properties":{"id":"07320000","name":"Zweibrücken","territoire":"Rhénanie-Palatinat","sigle":"RLP","pays":"Allemagne","cx":7.365,"cy":49.248}},
{"type":"Feature","geometry":{"type":"Polygon","coordinates":[[[8.1661,49.7383],[8.1642,49.7402],[8.1604,49.7418],[8.1532,49.749],[8.1617,49.7521],[8.1589,49.753],[8.1548,49.761],[8.1489,49.7666],[8.1416,49.7619],[8.1336,49.7641],[8.1284,49.7644],[8.1248,49.7637],[8.1112,49.7635],[8.1082,49.7622],[8.1058,49.7666],[8.1031,49.7694],[8.0982,49.7724],[8.0919,49.7709],[8.0895,49.7709],[8.0881,49.7723],[8.0853,49.771],[8.0827,49.7718],[8.0779,49.7692],[8.0719,49.7722],[8.0662,49.7712],[8.0664,49.7699],[8.0635,49.7692],[8.0659,49.7656],[8.0592,49.7639],[8.0601,49.762],[8.0578,49.7613],[8.0583,49.758],[8.0578,49.7556],[8.0595,49.7541],[8.0532,49.7511],[8.0517,49.7497],[8.046,49.7502],[8.0446,49.7479],[8.0425,49.7467],[8.0404,49.744],[8.0414,49.7387],[8.0434,49.7368],[8.0492,49.7355],[8.0488,49.7326],[8.0527,49.7279],[8.0605,49.7309],[8.0627,49.7283],[8.0686,49.7249],[8.0743,49.7201],[8.075,49.7213],[8.08,49.7203],[8.0821,49.7244],[8.0837,49.7232],[8.0881,49.7247],[8.0894,49.7234],[8.0925,49.7246],[8.0943,49.7236],[8.0992,49.7253],[8.1105,49.7306],[8.1149,49.7313],[8.1141,49.7274],[8.116,49.7259],[8.1264,49.7296],[8.1255,49.7312],[8.1279,49.7321],[8.129,49.7305],[8.1354,49.7316],[8.1397,49.7286],[8.1501,49.7247],[8.1536,49.7219],[8.1548,49.7225],[8.1662,49.725],[8.1619,49.733],[8.1641,49.7346],[8.1617,49.7368],[8.1661,49.7383]]]},"properties":{"id":"07331003","name":"Alzey","territoire":"Rhénanie-Palatinat","sigle":"RLP","pays":"Allemagne","cx":8.095,"cy":49.746}},
{"type":"Feature","geometry":{"type":"Polygon","coordinates":[[[7.9827,49.4296],[7.9865,49.4291],[7.9872,49.4263],[7.9918,49.4283],[7.9975,49.4297],[8.0009,49.4289],[7.9954,49.4235],[7.9972,49.4223],[7.997,49.4207],[8.0015,49.4202],[8.0012,49.4185],[8.0084,49.4148],[8.0071,49.4103],[8.0122,49.4114],[8.0152,49.4096],[8.0165,49.4068],[8.0217,49.4059],[8.0236,49.4038],[8.0235,49.4014],[8.0277,49.4001],[8.0298,49.4028],[8.037,49.4056],[8.0438,49.4056],[8.0464,49.4064],[8.0506,49.4065],[8.0556,49.4057],[8.0598,49.4042],[8.0643,49.4059],[8.0679,49.4112],[8.0719,49.4132],[8.0738,49.4134],[8.076,49.4155],[8.0799,49.4177],[8.0853,49.4184],[8.0946,49.4173],[8.1004,49.4185],[8.1023,49.4202],[8.1065,49.4222],[8.1096,49.425],[8.1123,49.4299],[8.1192,49.4322],[8.1224,49.4343],[8.1256,49.4383],[8.126,49.4419],[8.1283,49.4438],[8.1337,49.4459],[8.1405,49.4466],[8.1493,49.4456],[8.1543,49.4457],[8.1663,49.4493],[8.1669,49.4502],[8.1716,49.4518],[8.1819,49.4527],[8.1812,49.4542],[8.1889,49.4551],[8.1886,49.4584],[8.2061,49.4612],[8.2076,49.4584],[8.2152,49.4593],[8.2219,49.4589],[8.2213,49.4645],[8.234,49.4688],[8.2364,49.4722],[8.2468,49.4751],[8.2544,49.4775],[8.2509,49.4799],[8.2526,49.4807],[8.2495,49.4829],[8.2481,49.486],[8.2544,49.4891],[8.253,49.491],[8.2394,49.4889],[8.2386,49.487],[8.2337,49.4856],[8.2189,49.4825],[8.2186,49.4818],[8.2132,49.4804],[8.2093,49.4861],[8.2055,49.4858],[8.2032,49.4949],[8.1942,49.4944],[8.19,49.4898],[8.1889,49.4877],[8.1743,49.4849],[8.1687,49.4833],[8.1688,49.4822],[8.1598,49.4793],[8.1554,49.4754],[8.1519,49.4747],[8.149,49.4756],[8.1446,49.4755],[8.1457,49.4778],[8.1514,49.4853],[8.1607,49.4882],[8.1643,49.4938],[8.1642,49.4958],[8.168,49.4969],[8.1687,49.5008],[8.1658,49.5024],[8.1651,49.5042],[8.1463,49.5024],[8.1311,49.4976],[8.1284,49.4984],[8.1256,49.4977],[8.1276,49.4939],[8.13,49.4918],[8.123,49.4882],[8.122,49.4847],[8.1235,49.4828],[8.1249,49.4789],[8.1309,49.4812],[8.1375,49.4808],[8.1329,49.4788],[8.1304,49.4765],[8.1291,49.4724],[8.1233,49.4723],[8.1184,49.4748],[8.116,49.4733],[8.1137,49.4732],[8.1107,49.4744],[8.1112,49.4761],[8.1031,49.4794],[8.1041,49.4808],[8.0971,49.4842],[8.0922,49.4819],[8.0906,49.4799],[8.0909,49.4768],[8.0925,49.4738],[8.0924,49.4722],[8.0894,49.471],[8.0883,49.4672],[8.0798,49.4633],[8.0726,49.4658],[8.0723,49.4687],[8.0732,49.4706],[8.0734,49.4751],[8.0725,49.4777],[8.0678,49.4753],[8.0666,49.4729],[8.0676,49.472],[8.0663,49.4679],[8.0684,49.4646],[8.0674,49.4636],[8.069,49.4618],[8.073,49.4606],[8.0754,49.4586],[8.0776,49.4555],[8.0664,49.4522],[8.064,49.4531],[8.0574,49.4531],[8.0531,49.4551],[8.0518,49.4596],[8.0462,49.4608],[8.0415,49.4593],[8.0397,49.4605],[8.0376,49.4643],[8.0339,49.4616],[8.0326,49.4598],[8.0237,49.4612],[8.0191,49.4635],[8.0165,49.464],[8.0131,49.467],[8.0104,49.4679],[8.0099,49.4705],[8.0058,49.4722],[8.0043,49.4758],[7.9951,49.4861],[7.9925,49.4859],[7.9812,49.4805],[7.9748,49.4798],[7.9622,49.4749],[7.9523,49.4741],[7.9521,49.4712],[7.9537,49.4666],[7.956,49.464],[7.9513,49.4612],[7.9555,49.4553],[7.9576,49.454],[7.9578,49.4524],[7.961,49.451],[7.9606,49.4486],[7.9617,49.4453],[7.9662,49.4432],[7.9664,49.4417],[7.9769,49.4421],[7.9798,49.4407],[7.9817,49.4413],[7.9862,49.4449],[7.9833,49.4468],[7.9807,49.4496],[7.9824,49.4503],[7.9846,49.4478],[7.9882,49.446],[7.9915,49.4479],[7.9985,49.4462],[7.9988,49.4433],[7.9923,49.4445],[7.983,49.4378],[7.9863,49.4364],[7.9868,49.4349],[7.9925,49.436],[8.0012,49.4398],[8.0023,49.4385],[7.9984,49.4369],[7.997,49.4348],[8.002,49.435],[8.0026,49.434],[7.9965,49.4328],[7.9928,49.4328],[7.9897,49.4338],[7.9865,49.4339],[7.9813,49.4326],[7.9827,49.4296]]]},"properties":{"id":"07332002","name":"Bad Dürkheim","territoire":"Rhénanie-Palatinat","sigle":"RLP","pays":"Allemagne","cx":8.046,"cy":49.431}},
{"type":"Feature","geometry":{"type":"MultiPolygon","coordinates":[[[[8.0483,49.4994],[8.0441,49.498],[8.0377,49.4917],[8.0431,49.4894],[8.0494,49.491],[8.0521,49.4998],[8.0483,49.4994]]],[[[8.1688,49.5518],[8.1744,49.5543],[8.1806,49.5556],[8.1875,49.5553],[8.2006,49.557],[8.1967,49.5733],[8.1831,49.5726],[8.1818,49.5739],[8.1779,49.5721],[8.173,49.5735],[8.1707,49.5754],[8.1682,49.5829],[8.1684,49.5848],[8.1643,49.5837],[8.1564,49.5963],[8.1498,49.5931],[8.1402,49.5911],[8.1398,49.5842],[8.1406,49.5816],[8.1449,49.5792],[8.1439,49.5769],[8.1438,49.5737],[8.1468,49.571],[8.1465,49.5683],[8.1442,49.5678],[8.1447,49.5661],[8.1424,49.5654],[8.1264,49.5637],[8.1214,49.5612],[8.1223,49.5603],[8.1233,49.5549],[8.127,49.5518],[8.1352,49.5557],[8.1389,49.5566],[8.1412,49.5542],[8.1408,49.5512],[8.1492,49.5508],[8.1487,49.5443],[8.152,49.5437],[8.1584,49.5435],[8.1714,49.5458],[8.1688,49.5518]]]]},"properties":{"id":"07332024","name":"Grünstadt","territoire":"Rhénanie-Palatinat","sigle":"RLP","pays":"Allemagne","cx":8.161,"cy":49.566}},
{"type":"Feature","geometry":{"type":"Polygon","coordinates":[[[8.3144,49.3115],[8.3146,49.3149],[8.3174,49.3161],[8.3158,49.3199],[8.304,49.3499],[8.3018,49.3525],[8.297,49.3565],[8.2929,49.3658],[8.2991,49.3674],[8.2972,49.3688],[8.295,49.3735],[8.2925,49.3769],[8.2895,49.3793],[8.2852,49.3845],[8.2834,49.3843],[8.2795,49.3891],[8.2698,49.3867],[8.2696,49.3891],[8.2619,49.3848],[8.259,49.3876],[8.2526,49.3849],[8.2442,49.3827],[8.2379,49.3815],[8.2234,49.3798],[8.2242,49.3731],[8.2258,49.37],[8.2234,49.3694],[8.2236,49.3663],[8.221,49.3663],[8.2179,49.3593],[8.2165,49.3547],[8.2164,49.3517],[8.2177,49.3475],[8.2274,49.3469],[8.2267,49.3329],[8.2327,49.3314],[8.2342,49.3295],[8.2425,49.3274],[8.2439,49.3262],[8.2508,49.3245],[8.2552,49.323],[8.259,49.3227],[8.2633,49.3215],[8.2743,49.3202],[8.2768,49.3196],[8.2774,49.3175],[8.2794,49.3166],[8.2828,49.317],[8.29,49.3152],[8.293,49.3149],[8.2994,49.3163],[8.3033,49.3151],[8.3059,49.3152],[8.3144,49.3115]]]},"properties":{"id":"07332025","name":"Haßloch","territoire":"Rhénanie-Palatinat","sigle":"RLP","pays":"Allemagne","cx":8.266,"cy":49.351}},
{"type":"Feature","geometry":{"type":"Polygon","coordinates":[[[8.3416,49.1857],[8.3461,49.1849],[8.3508,49.185],[8.3529,49.1842],[8.353,49.1824],[8.3568,49.1796],[8.3641,49.1789],[8.3667,49.179],[8.369,49.1769],[8.3707,49.1798],[8.3759,49.1811],[8.3774,49.1806],[8.3812,49.1857],[8.3829,49.1902],[8.385,49.1983],[8.3862,49.1983],[8.3931,49.2027],[8.3985,49.2077],[8.4023,49.2137],[8.405,49.2204],[8.4035,49.2247],[8.4001,49.2258],[8.3951,49.2253],[8.3928,49.2245],[8.3893,49.2206],[8.3848,49.2196],[8.3855,49.2257],[8.3876,49.2311],[8.3908,49.2361],[8.3975,49.242],[8.3914,49.2418],[8.3847,49.243],[8.3819,49.2444],[8.3746,49.2513],[8.3693,49.2553],[8.3639,49.2561],[8.3605,49.2555],[8.3586,49.2542],[8.3576,49.2519],[8.3577,49.2495],[8.3594,49.2449],[8.3615,49.243],[8.3582,49.2388],[8.3584,49.2373],[8.3615,49.2359],[8.3621,49.2311],[8.3643,49.2271],[8.3604,49.2256],[8.3629,49.2229],[8.354,49.2227],[8.3525,49.2199],[8.3493,49.2169],[8.3494,49.2137],[8.3472,49.2098],[8.3435,49.209],[8.3437,49.206],[8.3398,49.2036],[8.3434,49.2032],[8.3448,49.2018],[8.3483,49.2028],[8.3499,49.2012],[8.3451,49.196],[8.3429,49.1916],[8.3416,49.1857]]]},"properties":{"id":"07334007","name":"Germersheim","territoire":"Rhénanie-Palatinat","sigle":"RLP","pays":"Allemagne","cx":8.372,"cy":49.209}},
{"type":"Feature","geometry":{"type":"Polygon","coordinates":[[[8.0691,49.0007],[8.0724,48.9997],[8.0753,48.9996],[8.0956,48.9931],[8.1057,48.993],[8.1268,48.9878],[8.1299,48.9855],[8.137,48.9879],[8.1371,48.9844],[8.1414,48.984],[8.145,48.9852],[8.1532,48.982],[8.152,48.9798],[8.1561,48.9792],[8.1604,48.9795],[8.1621,48.9814],[8.1671,48.9839],[8.1704,48.9825],[8.1742,48.9825],[8.1879,48.9854],[8.1921,48.9846],[8.204,48.9914],[8.21,48.9926],[8.2133,48.9918],[8.2165,48.9921],[8.2179,48.9947],[8.2154,48.9952],[8.2147,48.9973],[8.218,48.9976],[8.2227,49.0017],[8.2206,49.0017],[8.2206,49.0043],[8.2218,49.0069],[8.2257,49.0079],[8.2311,49.0082],[8.2295,49.0097],[8.2302,49.0115],[8.234,49.0147],[8.2325,49.0165],[8.2276,49.0154],[8.2248,49.016],[8.2255,49.0176],[8.2247,49.0206],[8.2261,49.0226],[8.224,49.0232],[8.2247,49.0258],[8.2291,49.0265],[8.2282,49.0278],[8.2314,49.0291],[8.2323,49.0326],[8.2357,49.0346],[8.2387,49.0353],[8.2397,49.0374],[8.2423,49.0396],[8.2445,49.0404],[8.2483,49.0395],[8.2507,49.035],[8.2582,49.0336],[8.2561,49.0318],[8.2594,49.031],[8.2606,49.0291],[8.2659,49.0289],[8.2675,49.028],[8.2715,49.0243],[8.2766,49.0187],[8.2766,49.0146],[8.2815,49.0078],[8.2854,49.0059],[8.2865,49.0066],[8.2915,49.0036],[8.2974,49.0135],[8.3002,49.0217],[8.3026,49.0352],[8.3041,49.0407],[8.3087,49.05],[8.3164,49.0605],[8.324,49.0684],[8.3281,49.0722],[8.3348,49.0766],[8.3459,49.0846],[8.3505,49.0889],[8.3416,49.0893],[8.3388,49.0877],[8.3349,49.0888],[8.3302,49.0911],[8.3297,49.0872],[8.3269,49.0868],[8.3227,49.083],[8.3188,49.0824],[8.3159,49.0804],[8.3147,49.077],[8.3112,49.0789],[8.3058,49.0798],[8.3003,49.0794],[8.2964,49.0781],[8.2934,49.0763],[8.2869,49.0743],[8.2807,49.0733],[8.2786,49.0703],[8.2729,49.07],[8.2659,49.0728],[8.2627,49.0728],[8.2555,49.069],[8.2534,49.0659],[8.2539,49.0643],[8.2495,49.063],[8.249,49.0657],[8.2517,49.0677],[8.2508,49.0733],[8.2519,49.0774],[8.2583,49.0814],[8.2587,49.0833],[8.2531,49.0878],[8.2502,49.0861],[8.2424,49.0837],[8.2414,49.0828],[8.2367,49.0822],[8.2334,49.0804],[8.2307,49.0815],[8.2257,49.0796],[8.2241,49.0783],[8.2166,49.0779],[8.2156,49.0763],[8.2098,49.0752],[8.2057,49.0722],[8.2044,49.0697],[8.197,49.0682],[8.1944,49.0672],[8.1886,49.064],[8.1843,49.06],[8.1736,49.058],[8.1712,49.0566],[8.1644,49.0555],[8.1598,49.054],[8.1564,49.0558],[8.1506,49.0563],[8.144,49.0548],[8.1386,49.0555],[8.1309,49.0546],[8.1236,49.0551],[8.1176,49.0548],[8.1174,49.0565],[8.1135,49.0563],[8.1128,49.0622],[8.1085,49.0619],[8.1071,49.0643],[8.1037,49.0643],[8.0984,49.0657],[8.088,49.0665],[8.0719,49.0635],[8.0698,49.0627],[8.0714,49.0486],[8.0745,49.041],[8.0746,49.0375],[8.0764,49.0333],[8.0743,49.032],[8.0751,49.0273],[8.0736,49.0244],[8.0744,49.021],[8.074,49.0169],[8.0715,49.0139],[8.0667,49.0108],[8.0664,49.0075],[8.0685,49.0056],[8.0691,49.0007]]]},"properties":{"id":"07334501","name":"Wörth am Rhein","territoire":"Rhénanie-Palatinat","sigle":"RLP","pays":"Allemagne","cx":8.19,"cy":49.027}},
{"type":"Feature","geometry":{"type":"Polygon","coordinates":[[[8.4227,49.5742],[8.4239,49.5797],[8.4224,49.5834],[8.4148,49.5951],[8.4058,49.5931],[8.4021,49.5985],[8.3986,49.5994],[8.3963,49.5981],[8.3931,49.6008],[8.3865,49.6037],[8.3844,49.6028],[8.3783,49.6051],[8.3727,49.6028],[8.3691,49.6042],[8.367,49.6031],[8.3625,49.6022],[8.3613,49.6039],[8.3611,49.6065],[8.3568,49.6067],[8.352,49.6076],[8.3497,49.6064],[8.343,49.5951],[8.3422,49.5908],[8.3364,49.5892],[8.3345,49.5878],[8.3333,49.5837],[8.3341,49.5813],[8.3379,49.5816],[8.3388,49.5661],[8.3426,49.5664],[8.3426,49.5581],[8.3505,49.5587],[8.3506,49.5607],[8.3565,49.5611],[8.355,49.565],[8.3546,49.568],[8.356,49.5694],[8.3589,49.5695],[8.3609,49.5711],[8.363,49.5697],[8.3693,49.5696],[8.3768,49.5655],[8.3859,49.5654],[8.3839,49.5681],[8.3815,49.5696],[8.3855,49.5704],[8.3923,49.5752],[8.4014,49.5748],[8.404,49.5758],[8.4048,49.5791],[8.4009,49.5809],[8.4021,49.5824],[8.4067,49.5818],[8.4135,49.5769],[8.4149,49.5752],[8.4172,49.5757],[8.4227,49.5742]]]},"properties":{"id":"07338004","name":"Bobenheim-Roxheim","territoire":"Rhénanie-Palatinat","sigle":"RLP","pays":"Allemagne","cx":8.373,"cy":49.585}},
{"type":"Feature","geometry":{"type":"Polygon","coordinates":[[[8.3174,49.3161],[8.3258,49.3197],[8.329,49.3196],[8.3331,49.3206],[8.3431,49.3299],[8.3519,49.3332],[8.3546,49.3336],[8.3626,49.3363],[8.3613,49.3382],[8.3622,49.34],[8.366,49.3426],[8.3719,49.3451],[8.3758,49.3445],[8.3787,49.3473],[8.3797,49.3494],[8.3731,49.35],[8.3625,49.3474],[8.3528,49.3561],[8.3523,49.3596],[8.349,49.3638],[8.3535,49.3682],[8.3496,49.3713],[8.3465,49.3746],[8.3415,49.3736],[8.3378,49.3803],[8.3269,49.3955],[8.3211,49.4006],[8.3165,49.3992],[8.3151,49.4004],[8.3115,49.399],[8.3095,49.4005],[8.3071,49.3989],[8.301,49.4024],[8.2977,49.4029],[8.2877,49.4005],[8.2805,49.4012],[8.2815,49.3997],[8.2787,49.399],[8.2793,49.3969],[8.2765,49.3964],[8.277,49.3948],[8.2697,49.3948],[8.273,49.3904],[8.2696,49.3891],[8.2698,49.3867],[8.2795,49.3891],[8.2834,49.3843],[8.2852,49.3845],[8.2895,49.3793],[8.2925,49.3769],[8.295,49.3735],[8.2972,49.3688],[8.2991,49.3674],[8.2929,49.3658],[8.297,49.3565],[8.3018,49.3525],[8.304,49.3499],[8.3158,49.3199],[8.3174,49.3161]]]},"properties":{"id":"07338005","name":"Böhl-Iggelheim","territoire":"Rhénanie-Palatinat","sigle":"RLP","pays":"Allemagne","cx":8.322,"cy":49.362}},
{"type":"Feature","geometry":{"type":"Polygon","coordinates":[[[8.3849,49.4342],[8.3684,49.4268],[8.3735,49.4221],[8.3698,49.4228],[8.366,49.4208],[8.3697,49.419],[8.3752,49.4141],[8.379,49.4104],[8.3791,49.4076],[8.381,49.4057],[8.3836,49.407],[8.3872,49.4026],[8.3901,49.4017],[8.4,49.3957],[8.4057,49.3931],[8.4063,49.3938],[8.4072,49.3949],[8.4114,49.3958],[8.4108,49.3976],[8.4151,49.3988],[8.4127,49.4069],[8.4114,49.4267],[8.4064,49.4306],[8.3992,49.4284],[8.3944,49.4283],[8.3933,49.4315],[8.3874,49.4308],[8.3849,49.4342]]]},"properties":{"id":"07338017","name":"Limburgerhof","territoire":"Rhénanie-Palatinat","sigle":"RLP","pays":"Allemagne","cx":8.394,"cy":49.415}},
{"type":"Feature","geometry":{"type":"Polygon","coordinates":[[[8.319,49.4591],[8.3188,49.4552],[8.3073,49.4531],[8.3099,49.4473],[8.3102,49.4449],[8.3122,49.4407],[8.321,49.4321],[8.3253,49.4292],[8.3287,49.43],[8.3303,49.4294],[8.3355,49.4223],[8.3397,49.4231],[8.3443,49.4218],[8.3488,49.4171],[8.3517,49.4126],[8.3528,49.412],[8.3569,49.412],[8.3626,49.4146],[8.366,49.4153],[8.3692,49.4143],[8.3752,49.4141],[8.3697,49.419],[8.366,49.4208],[8.3698,49.4228],[8.3735,49.4221],[8.3684,49.4268],[8.3849,49.4342],[8.3872,49.4349],[8.3809,49.4374],[8.3835,49.4399],[8.3775,49.4433],[8.3736,49.4492],[8.3669,49.4562],[8.3675,49.4577],[8.3638,49.4628],[8.3588,49.4632],[8.3575,49.471],[8.3542,49.4706],[8.3527,49.4682],[8.347,49.4673],[8.3235,49.4614],[8.319,49.4591]]]},"properties":{"id":"07338019","name":"Mutterstadt","territoire":"Rhénanie-Palatinat","sigle":"RLP","pays":"Allemagne","cx":8.347,"cy":49.442}},
{"type":"Feature","geometry":{"type":"Polygon","coordinates":[[[8.4183,49.3755],[8.4174,49.378],[8.4134,49.3821],[8.4124,49.3873],[8.4075,49.3877],[8.407,49.39],[8.4079,49.3914],[8.4063,49.3938],[8.4057,49.3931],[8.4,49.3957],[8.3901,49.4017],[8.3872,49.4026],[8.3836,49.407],[8.381,49.4057],[8.3791,49.4076],[8.379,49.4104],[8.3752,49.4141],[8.3692,49.4143],[8.366,49.4153],[8.3626,49.4146],[8.3569,49.412],[8.3528,49.412],[8.3564,49.4089],[8.3558,49.4068],[8.3495,49.4023],[8.3416,49.3987],[8.3341,49.3967],[8.3334,49.398],[8.3269,49.3955],[8.3378,49.3803],[8.3415,49.3736],[8.3465,49.3746],[8.3496,49.3713],[8.3535,49.3682],[8.349,49.3638],[8.3523,49.3596],[8.3528,49.3561],[8.3625,49.3474],[8.3731,49.35],[8.3797,49.3494],[8.381,49.3494],[8.3845,49.3535],[8.389,49.353],[8.3977,49.3601],[8.401,49.3652],[8.4057,49.3682],[8.4083,49.3692],[8.4068,49.3719],[8.4111,49.3737],[8.4183,49.3755]]]},"properties":{"id":"07338025","name":"Schifferstadt","territoire":"Rhénanie-Palatinat","sigle":"RLP","pays":"Allemagne","cx":8.373,"cy":49.381}},
{"type":"Feature","geometry":{"type":"Polygon","coordinates":[[[7.8987,49.9198],[7.9145,49.9203],[7.9236,49.9183],[7.9291,49.9186],[7.9291,49.9199],[7.9417,49.9209],[7.9413,49.9187],[7.9455,49.9193],[7.9468,49.9148],[7.9447,49.9127],[7.9528,49.913],[7.954,49.9141],[7.9606,49.9132],[7.9621,49.9164],[7.969,49.9148],[7.9759,49.9149],[7.9846,49.9187],[7.9897,49.9188],[7.9924,49.9205],[7.9953,49.9211],[7.9983,49.9227],[8.0038,49.9243],[8.0014,49.9263],[7.9984,49.9269],[7.995,49.9248],[7.9919,49.9237],[7.9884,49.9298],[7.985,49.9336],[7.9825,49.9317],[7.9792,49.9317],[7.9751,49.9301],[7.9688,49.9323],[7.961,49.9331],[7.9588,49.9308],[7.952,49.9518],[7.9666,49.9536],[7.9712,49.9544],[7.9833,49.9558],[7.9844,49.9565],[7.9829,49.964],[7.9832,49.9684],[7.9809,49.9752],[7.9764,49.9804],[7.9674,49.9778],[7.9574,49.977],[7.9469,49.975],[7.943,49.9748],[7.9363,49.9738],[7.934,49.9745],[7.9261,49.9746],[7.9095,49.9736],[7.9043,49.9729],[7.8917,49.972],[7.8866,49.9719],[7.8775,49.9729],[7.8706,49.9756],[7.868,49.9787],[7.8637,49.9766],[7.8664,49.9745],[7.8715,49.9724],[7.8694,49.9707],[7.8766,49.9687],[7.8739,49.9674],[7.8766,49.9616],[7.8818,49.9621],[7.8816,49.96],[7.8832,49.9581],[7.8864,49.959],[7.8885,49.9561],[7.896,49.9575],[7.8989,49.9538],[7.8993,49.9515],[7.8988,49.9443],[7.8995,49.9428],[7.903,49.9406],[7.9003,49.9359],[7.8982,49.9304],[7.8989,49.9232],[7.8987,49.9198]]]},"properties":{"id":"07339005","name":"Bingen am Rhein","territoire":"Rhénanie-Palatinat","sigle":"RLP","pays":"Allemagne","cx":7.93,"cy":49.947}},
{"type":"Feature","geometry":{"type":"Polygon","coordinates":[[[8.19,50.0353],[8.1809,50.0352],[8.1751,50.0343],[8.1648,50.0318],[8.152,50.028],[8.145,50.0264],[8.1381,50.0255],[8.1397,50.0195],[8.1425,50.0192],[8.1436,50.0173],[8.152,50.0105],[8.158,50.0037],[8.1672,50.0037],[8.1705,50.0034],[8.1816,50.0059],[8.1886,50.0094],[8.191,50.0111],[8.1927,50.0142],[8.1964,50.0168],[8.1934,50.0216],[8.1998,50.0222],[8.2002,50.0252],[8.2014,50.0276],[8.1998,50.0299],[8.1917,50.0315],[8.1892,50.0329],[8.19,50.0353]]]},"properties":{"id":"07339009","name":"Budenheim","territoire":"Rhénanie-Palatinat","sigle":"RLP","pays":"Allemagne","cx":8.171,"cy":50.02}},
{"type":"Feature","geometry":{"type":"Polygon","coordinates":[[[8.158,50.0037],[8.152,50.0105],[8.1436,50.0173],[8.1425,50.0192],[8.1397,50.0195],[8.1381,50.0255],[8.1298,50.0244],[8.1132,50.0194],[8.1074,50.0173],[8.0994,50.0132],[8.0932,50.0107],[8.0796,50.0069],[8.0725,50.0059],[8.0543,50.0051],[8.046,50.0043],[8.0364,50.0023],[8.0303,50.0002],[8.0066,49.9903],[7.9924,49.9861],[7.9764,49.9804],[7.9809,49.9752],[7.9832,49.9684],[7.9829,49.964],[7.993,49.9651],[8.0104,49.9712],[8.0234,49.9724],[8.0313,49.9623],[8.0341,49.9544],[8.0386,49.9486],[8.0377,49.945],[8.036,49.9433],[8.0367,49.9419],[8.0409,49.9372],[8.0425,49.9341],[8.0522,49.9316],[8.0559,49.9296],[8.061,49.9322],[8.0652,49.9321],[8.0724,49.9329],[8.0791,49.9323],[8.0862,49.9349],[8.0881,49.9365],[8.092,49.9383],[8.0908,49.9392],[8.0971,49.941],[8.0994,49.9432],[8.1007,49.946],[8.1074,49.9483],[8.1085,49.9493],[8.119,49.9542],[8.1193,49.9554],[8.1375,49.9589],[8.1486,49.9639],[8.1471,49.9652],[8.146,49.9704],[8.1439,49.9731],[8.1443,49.9759],[8.1463,49.9769],[8.1436,49.983],[8.1463,49.9849],[8.1538,49.9879],[8.1511,49.9943],[8.1578,49.9962],[8.1556,49.9992],[8.1566,50],[8.1555,50.0033],[8.158,50.0037]]]},"properties":{"id":"07339030","name":"Ingelheim am Rhein","territoire":"Rhénanie-Palatinat","sigle":"RLP","pays":"Allemagne","cx":8.08,"cy":49.974}},
{"type":"Feature","geometry":{"type":"Polygon","coordinates":[[[6.9015,50.4691],[6.8944,50.467],[6.8878,50.4674],[6.8767,50.4648],[6.873,50.4623],[6.8667,50.4563],[6.8631,50.457],[6.8595,50.4538],[6.8575,50.4531],[6.855,50.4542],[6.8528,50.4576],[6.8502,50.4572],[6.8475,50.4593],[6.8436,50.4604],[6.8405,50.4639],[6.8365,50.4655],[6.8316,50.466],[6.8256,50.4672],[6.8184,50.4696],[6.8169,50.4708],[6.8121,50.4722],[6.8092,50.4756],[6.8075,50.4791],[6.8062,50.4882],[6.8038,50.4891],[6.8009,50.4913],[6.7963,50.49],[6.7799,50.4866],[6.7754,50.4825],[6.7683,50.4843],[6.7676,50.4823],[6.7591,50.4746],[6.7514,50.4751],[6.7446,50.4726],[6.7432,50.4677],[6.7477,50.4662],[6.7507,50.4667],[6.7515,50.4702],[6.7538,50.4714],[6.7581,50.4709],[6.7579,50.4671],[6.7564,50.4649],[6.7571,50.463],[6.7593,50.4618],[6.7627,50.4626],[6.7666,50.4586],[6.7629,50.4557],[6.7645,50.455],[6.7646,50.4508],[6.7569,50.4471],[6.7519,50.4453],[6.7437,50.4409],[6.746,50.4381],[6.7455,50.4359],[6.75,50.434],[6.7578,50.4341],[6.7603,50.4314],[6.7639,50.4334],[6.7712,50.4361],[6.7698,50.4341],[6.7693,50.431],[6.772,50.4244],[6.7787,50.4241],[6.7851,50.4206],[6.7812,50.417],[6.7792,50.4136],[6.7793,50.405],[6.7736,50.4013],[6.7705,50.3977],[6.7693,50.3927],[6.7739,50.3895],[6.7767,50.3853],[6.7806,50.3813],[6.7854,50.3755],[6.7847,50.3748],[6.7906,50.373],[6.7962,50.3699],[6.8027,50.3693],[6.8025,50.3674],[6.8004,50.364],[6.8007,50.3618],[6.8039,50.3588],[6.8059,50.36],[6.8089,50.3594],[6.8051,50.3563],[6.7983,50.3516],[6.8002,50.3502],[6.8056,50.3491],[6.7984,50.3448],[6.7975,50.3426],[6.8001,50.3426],[6.8038,50.3414],[6.8072,50.3394],[6.8076,50.337],[6.8038,50.3355],[6.8012,50.333],[6.7966,50.3341],[6.7945,50.3327],[6.7941,50.3285],[6.7927,50.3264],[6.8075,50.3274],[6.8099,50.3288],[6.8149,50.3291],[6.8164,50.3257],[6.8188,50.3239],[6.8224,50.3243],[6.8246,50.3219],[6.831,50.3204],[6.8362,50.3181],[6.8427,50.32],[6.8534,50.3257],[6.8556,50.3259],[6.8591,50.3229],[6.8645,50.3237],[6.8676,50.3228],[6.8685,50.3209],[6.8716,50.3192],[6.8763,50.3194],[6.8803,50.3216],[6.8858,50.322],[6.8908,50.3216],[6.892,50.3208],[6.8922,50.3151],[6.9,50.315],[6.9067,50.3116],[6.9085,50.31],[6.911,50.31],[6.9166,50.3083],[6.9171,50.3069],[6.9201,50.3066],[6.9239,50.3073],[6.9277,50.3069],[6.9363,50.3089],[6.9372,50.3103],[6.9447,50.3138],[6.9432,50.3161],[6.9486,50.3259],[6.9524,50.3296],[6.9587,50.3278],[6.9596,50.3286],[6.9662,50.3291],[6.9713,50.3285],[6.9718,50.3309],[6.9685,50.3309],[6.9662,50.3324],[6.9675,50.3367],[6.97,50.3367],[6.9766,50.3381],[6.9756,50.3427],[6.9839,50.3425],[6.9837,50.3467],[6.9843,50.3489],[6.9835,50.3508],[6.9812,50.3527],[6.9899,50.357],[6.9955,50.3592],[6.9986,50.3625],[7.0015,50.3671],[7.0064,50.37],[7.0091,50.3749],[7.004,50.3784],[7.007,50.3835],[7.0113,50.386],[7.0127,50.3888],[7.0153,50.3847],[7.0156,50.3817],[7.0191,50.3797],[7.0255,50.383],[7.0308,50.3831],[7.0372,50.3846],[7.0424,50.3878],[7.0434,50.3894],[7.0437,50.3934],[7.0457,50.3941],[7.0407,50.3974],[7.0396,50.4008],[7.0376,50.4025],[7.0404,50.4041],[7.0376,50.4044],[7.0355,50.4067],[7.0258,50.4121],[7.0231,50.4154],[7.0232,50.4171],[7.0254,50.4203],[7.0309,50.4196],[7.0322,50.42],[7.0345,50.4246],[7.0389,50.4249],[7.0385,50.4267],[7.0432,50.4304],[7.0437,50.4328],[7.0419,50.4362],[7.036,50.4417],[7.0289,50.4422],[7.026,50.4431],[7.0255,50.445],[7.0208,50.4413],[7.0186,50.4404],[7.0149,50.4404],[7.0125,50.4393],[7.0002,50.4391],[6.9957,50.4363],[6.9935,50.4379],[6.991,50.4381],[6.9884,50.4346],[6.9844,50.4348],[6.9843,50.4323],[6.9817,50.4304],[6.9814,50.4275],[6.9764,50.4261],[6.9793,50.4241],[6.9784,50.4227],[6.9751,50.4227],[6.9771,50.4196],[6.9746,50.4187],[6.9711,50.4236],[6.9683,50.4361],[6.969,50.4374],[6.9699,50.4432],[6.9746,50.4483],[6.9754,50.4503],[6.9747,50.4533],[6.9731,50.4563],[6.9697,50.4574],[6.9618,50.458],[6.958,50.4538],[6.9549,50.4533],[6.9538,50.4496],[6.9518,50.4487],[6.9467,50.4488],[6.9402,50.4504],[6.9366,50.446],[6.9346,50.4468],[6.9297,50.446],[6.9297,50.4487],[6.9331,50.4513],[6.9305,50.4525],[6.9296,50.4545],[6.9269,50.4547],[6.9257,50.4567],[6.922,50.4579],[6.9212,50.4603],[6.9238,50.465],[6.9209,50.4706],[6.9193,50.4727],[6.9153,50.4705],[6.9131,50.4678],[6.909,50.465],[6.9037,50.4682],[6.9015,50.4691]]]},"properties":{"id":"071315001","name":"Adenau","territoire":"Rhénanie-Palatinat","sigle":"RLP","pays":"Allemagne","cx":6.889,"cy":50.398}},
{"type":"Feature","geometry":{"type":"Polygon","coordinates":[[[7.058,50.5385],[7.0473,50.543],[7.0427,50.5431],[7.0299,50.5401],[7.0246,50.5409],[7.017,50.5401],[7.0119,50.541],[7.0069,50.5397],[7.0056,50.5449],[7.0069,50.5471],[7.0039,50.5483],[7.0061,50.551],[7.0048,50.5517],[7.0031,50.5581],[6.9996,50.5614],[6.9981,50.565],[6.9919,50.5642],[6.9857,50.5649],[6.9836,50.5657],[6.9773,50.5634],[6.9761,50.5578],[6.9721,50.5559],[6.9684,50.5573],[6.967,50.5566],[6.9604,50.5562],[6.9565,50.557],[6.9561,50.5609],[6.9537,50.5613],[6.9514,50.5634],[6.9485,50.5624],[6.9473,50.5637],[6.9392,50.5623],[6.9367,50.5605],[6.931,50.5605],[6.9246,50.5564],[6.922,50.5543],[6.9243,50.55],[6.9259,50.544],[6.929,50.5426],[6.9314,50.5356],[6.9293,50.5331],[6.9232,50.5329],[6.9238,50.5316],[6.916,50.5291],[6.9165,50.528],[6.9126,50.5274],[6.909,50.5255],[6.9058,50.5258],[6.9045,50.5272],[6.8987,50.5271],[6.9008,50.5308],[6.8946,50.5297],[6.8861,50.5293],[6.8821,50.5269],[6.8845,50.5247],[6.8838,50.5218],[6.8845,50.5199],[6.8872,50.5187],[6.8926,50.5183],[6.8965,50.5166],[6.8962,50.5145],[6.8942,50.5138],[6.889,50.5083],[6.8886,50.507],[6.8923,50.5062],[6.8975,50.5064],[6.8995,50.5038],[6.9071,50.5026],[6.9049,50.4999],[6.9011,50.4974],[6.9003,50.4948],[6.8979,50.4923],[6.9017,50.4919],[6.9004,50.4898],[6.9042,50.487],[6.9056,50.485],[6.9041,50.4821],[6.9018,50.4814],[6.8992,50.478],[6.9032,50.4753],[6.8999,50.471],[6.9015,50.4691],[6.9037,50.4682],[6.909,50.465],[6.9131,50.4678],[6.9153,50.4705],[6.9193,50.4727],[6.9209,50.4706],[6.9238,50.465],[6.9212,50.4603],[6.922,50.4579],[6.9257,50.4567],[6.9269,50.4547],[6.9296,50.4545],[6.9305,50.4525],[6.9331,50.4513],[6.9297,50.4487],[6.9297,50.446],[6.9346,50.4468],[6.9366,50.446],[6.9402,50.4504],[6.9467,50.4488],[6.9518,50.4487],[6.9538,50.4496],[6.9549,50.4533],[6.958,50.4538],[6.9618,50.458],[6.9697,50.4574],[6.9731,50.4563],[6.9747,50.4533],[6.9754,50.4503],[6.9746,50.4483],[6.9699,50.4432],[6.969,50.4374],[6.9683,50.4361],[6.9711,50.4236],[6.9746,50.4187],[6.9771,50.4196],[6.9751,50.4227],[6.9784,50.4227],[6.9793,50.4241],[6.9764,50.4261],[6.9814,50.4275],[6.9817,50.4304],[6.9843,50.4323],[6.9844,50.4348],[6.9884,50.4346],[6.991,50.4381],[6.9935,50.4379],[6.9957,50.4363],[7.0002,50.4391],[7.0125,50.4393],[7.0149,50.4404],[7.0186,50.4404],[7.0208,50.4413],[7.0255,50.445],[7.026,50.4431],[7.0289,50.4422],[7.036,50.4417],[7.0419,50.4362],[7.0437,50.4328],[7.0432,50.4304],[7.0385,50.4267],[7.0389,50.4249],[7.0345,50.4246],[7.0322,50.42],[7.0309,50.4196],[7.0254,50.4203],[7.0232,50.4171],[7.0231,50.4154],[7.0258,50.4121],[7.0355,50.4067],[7.0376,50.4044],[7.0404,50.4041],[7.0393,50.4056],[7.0442,50.4132],[7.0546,50.4168],[7.0598,50.4207],[7.0594,50.4234],[7.0625,50.4277],[7.0739,50.4289],[7.078,50.4339],[7.0942,50.4418],[7.0945,50.4445],[7.0963,50.4471],[7.1006,50.4508],[7.1048,50.4524],[7.1068,50.452],[7.1155,50.4544],[7.1164,50.4589],[7.1198,50.4618],[7.1201,50.4632],[7.115,50.4632],[7.1102,50.4652],[7.1087,50.4684],[7.111,50.4735],[7.1071,50.4755],[7.1053,50.4784],[7.1016,50.4779],[7.0992,50.4781],[7.0936,50.4769],[7.0867,50.4783],[7.084,50.4807],[7.0785,50.4792],[7.074,50.4802],[7.0675,50.4806],[7.0647,50.4814],[7.0668,50.4849],[7.0675,50.4893],[7.0727,50.4904],[7.0789,50.491],[7.0817,50.4947],[7.0798,50.4967],[7.077,50.4964],[7.0742,50.4987],[7.074,50.5011],[7.0691,50.5014],[7.0673,50.503],[7.0597,50.5021],[7.0543,50.5],[7.0548,50.502],[7.0592,50.5042],[7.0543,50.5107],[7.0561,50.5139],[7.0557,50.5168],[7.0576,50.5192],[7.0588,50.5225],[7.057,50.5251],[7.0571,50.5291],[7.0562,50.5295],[7.0578,50.5345],[7.0565,50.537],[7.058,50.5385]]]},"properties":{"id":"071315002","name":"Altenahr","territoire":"Rhénanie-Palatinat","sigle":"RLP","pays":"Allemagne","cx":6.998,"cy":50.493}},
{"type":"Feature","geometry":{"type":"Polygon","coordinates":[[[7.2117,50.4925],[7.2084,50.4909],[7.2084,50.4889],[7.2047,50.4846],[7.2018,50.4834],[7.2029,50.4815],[7.2031,50.4777],[7.202,50.4751],[7.2034,50.4731],[7.2109,50.4713],[7.2148,50.4698],[7.219,50.4703],[7.2214,50.4688],[7.2302,50.4708],[7.2341,50.4707],[7.2371,50.4689],[7.2421,50.4686],[7.243,50.4669],[7.2491,50.4676],[7.2546,50.4691],[7.2633,50.4695],[7.2662,50.4707],[7.2672,50.4694],[7.2734,50.4722],[7.2746,50.4742],[7.2702,50.4758],[7.2772,50.4769],[7.2807,50.4749],[7.283,50.4751],[7.2869,50.4731],[7.288,50.4704],[7.2909,50.4668],[7.2884,50.4655],[7.292,50.4624],[7.2902,50.4605],[7.2949,50.4582],[7.298,50.4589],[7.2982,50.46],[7.3053,50.4641],[7.307,50.466],[7.3107,50.4653],[7.3102,50.4632],[7.3128,50.4629],[7.3144,50.4639],[7.3179,50.4633],[7.3203,50.4653],[7.3243,50.4663],[7.3275,50.4653],[7.3328,50.4672],[7.333,50.4715],[7.3372,50.4719],[7.3444,50.4766],[7.3404,50.4806],[7.3293,50.4893],[7.3263,50.4908],[7.3218,50.4943],[7.305,50.5097],[7.2995,50.5159],[7.2972,50.5195],[7.2917,50.5296],[7.2894,50.5336],[7.2847,50.5437],[7.2766,50.5419],[7.2779,50.5392],[7.2636,50.534],[7.2656,50.5318],[7.2615,50.5279],[7.2608,50.5257],[7.2618,50.5167],[7.2568,50.5161],[7.2539,50.5128],[7.2477,50.5106],[7.2503,50.5088],[7.2552,50.5024],[7.2541,50.4998],[7.2507,50.499],[7.2522,50.4958],[7.2515,50.4926],[7.2482,50.4931],[7.2435,50.4908],[7.2324,50.494],[7.2212,50.4942],[7.2131,50.4915],[7.2117,50.4925]]]},"properties":{"id":"071315003","name":"Bad Breisig","territoire":"Rhénanie-Palatinat","sigle":"RLP","pays":"Allemagne","cx":7.277,"cy":50.499}},
{"type":"Feature","geometry":{"type":"Polygon","coordinates":[[[7.1016,50.4779],[7.1053,50.4784],[7.1071,50.4755],[7.111,50.4735],[7.1087,50.4684],[7.1102,50.4652],[7.115,50.4632],[7.1201,50.4632],[7.1198,50.4618],[7.1164,50.4589],[7.1155,50.4544],[7.1068,50.452],[7.1048,50.4524],[7.1006,50.4508],[7.0963,50.4471],[7.0945,50.4445],[7.0942,50.4418],[7.078,50.4339],[7.0739,50.4289],[7.0625,50.4277],[7.0594,50.4234],[7.0598,50.4207],[7.0546,50.4168],[7.0442,50.4132],[7.0393,50.4056],[7.0404,50.4041],[7.0376,50.4025],[7.0396,50.4008],[7.0407,50.3974],[7.0457,50.3941],[7.0475,50.3924],[7.0512,50.3916],[7.0546,50.3931],[7.0567,50.3959],[7.0621,50.3961],[7.0662,50.3984],[7.0686,50.3981],[7.0763,50.4004],[7.0795,50.3999],[7.0831,50.4003],[7.084,50.3987],[7.0885,50.3977],[7.0903,50.3958],[7.0935,50.3948],[7.0997,50.3943],[7.1014,50.3959],[7.1024,50.3996],[7.1019,50.4032],[7.1104,50.4049],[7.1152,50.4048],[7.1233,50.406],[7.1224,50.4023],[7.1267,50.4011],[7.1315,50.3959],[7.1323,50.393],[7.1317,50.3908],[7.1293,50.3891],[7.1212,50.3879],[7.1203,50.3839],[7.1247,50.3842],[7.1291,50.3873],[7.1327,50.389],[7.1419,50.3906],[7.146,50.3936],[7.1491,50.3933],[7.1521,50.3963],[7.1611,50.4024],[7.1659,50.4032],[7.1698,50.4051],[7.1746,50.4065],[7.1796,50.4114],[7.1845,50.4118],[7.1874,50.41],[7.1928,50.4117],[7.1948,50.4099],[7.1981,50.4095],[7.2014,50.4079],[7.2055,50.4088],[7.2098,50.4079],[7.2157,50.4088],[7.2168,50.4078],[7.22,50.408],[7.2232,50.4092],[7.2204,50.4131],[7.2254,50.4142],[7.2289,50.4135],[7.2313,50.4061],[7.2401,50.4053],[7.2423,50.4036],[7.2447,50.3999],[7.2491,50.3982],[7.2539,50.3971],[7.2589,50.3938],[7.2618,50.395],[7.2721,50.397],[7.2777,50.397],[7.2754,50.3985],[7.2774,50.4016],[7.2776,50.4036],[7.2804,50.4053],[7.2779,50.4078],[7.2824,50.4083],[7.2855,50.4098],[7.2863,50.4115],[7.2851,50.4171],[7.2826,50.4191],[7.2771,50.4217],[7.2721,50.4229],[7.2673,50.423],[7.2621,50.4198],[7.2612,50.4166],[7.2571,50.4127],[7.2538,50.414],[7.2577,50.4167],[7.2576,50.4186],[7.2592,50.42],[7.2558,50.4223],[7.2561,50.4251],[7.266,50.4273],[7.2729,50.4265],[7.2814,50.4278],[7.2865,50.428],[7.2882,50.4312],[7.2886,50.4341],[7.2916,50.4338],[7.2958,50.4354],[7.2953,50.4367],[7.2901,50.4388],[7.2893,50.441],[7.2916,50.4435],[7.2908,50.4482],[7.2897,50.4495],[7.2904,50.4518],[7.2943,50.452],[7.2994,50.4556],[7.298,50.4589],[7.2949,50.4582],[7.2902,50.4605],[7.292,50.4624],[7.2884,50.4655],[7.2909,50.4668],[7.288,50.4704],[7.2869,50.4731],[7.283,50.4751],[7.2807,50.4749],[7.2772,50.4769],[7.2702,50.4758],[7.2746,50.4742],[7.2734,50.4722],[7.2672,50.4694],[7.2662,50.4707],[7.2633,50.4695],[7.2546,50.4691],[7.2491,50.4676],[7.243,50.4669],[7.2421,50.4686],[7.2371,50.4689],[7.2341,50.4707],[7.2302,50.4708],[7.2214,50.4688],[7.219,50.4703],[7.2148,50.4698],[7.2109,50.4713],[7.2034,50.4731],[7.202,50.4751],[7.2031,50.4777],[7.2029,50.4815],[7.2018,50.4834],[7.2047,50.4846],[7.2084,50.4889],[7.2084,50.4909],[7.2117,50.4925],[7.2068,50.4958],[7.205,50.4957],[7.1999,50.4932],[7.1866,50.5013],[7.1778,50.508],[7.1763,50.5099],[7.1702,50.5108],[7.1644,50.5101],[7.1575,50.5117],[7.1481,50.5122],[7.1431,50.5061],[7.1387,50.5041],[7.1286,50.5039],[7.1248,50.5021],[7.1176,50.4945],[7.1136,50.4925],[7.1093,50.4885],[7.1077,50.4859],[7.1026,50.4822],[7.1016,50.4779]]]},"properties":{"id":"071315004","name":"Brohltal","territoire":"Rhénanie-Palatinat","sigle":"RLP","pays":"Allemagne","cx":7.17,"cy":50.45}},
{"type":"Feature","geometry":{"type":"Polygon","coordinates":[[[8.0397,50.6974],[8.0392,50.6985],[8.043,50.7117],[8.042,50.7149],[8.0403,50.7257],[8.0363,50.7294],[8.0338,50.7309],[8.0246,50.7346],[8.0192,50.7395],[8.0133,50.7429],[8.0037,50.7512],[8.0002,50.7551],[7.9873,50.7595],[7.985,50.7619],[7.9799,50.7645],[7.9776,50.7678],[7.9734,50.7697],[7.9689,50.7739],[7.9678,50.7789],[7.9642,50.7838],[7.9679,50.7843],[7.969,50.7856],[7.9668,50.7919],[7.9673,50.7982],[7.973,50.8023],[7.9747,50.8109],[7.9738,50.8139],[7.972,50.8147],[7.9593,50.8077],[7.9563,50.8071],[7.9528,50.8032],[7.945,50.8001],[7.9422,50.7974],[7.9428,50.7951],[7.9412,50.7913],[7.9349,50.793],[7.9357,50.7904],[7.9372,50.7891],[7.9379,50.7865],[7.9413,50.7848],[7.935,50.7847],[7.9322,50.786],[7.9255,50.7862],[7.9211,50.7837],[7.918,50.7829],[7.9161,50.7799],[7.9146,50.776],[7.9107,50.7768],[7.909,50.7751],[7.9122,50.7743],[7.9109,50.7724],[7.9074,50.7717],[7.9124,50.7698],[7.9109,50.7676],[7.9108,50.7642],[7.9084,50.7633],[7.9055,50.7635],[7.9007,50.7651],[7.8967,50.7657],[7.8978,50.7636],[7.9007,50.7615],[7.8989,50.7601],[7.9004,50.7576],[7.8977,50.753],[7.8979,50.7479],[7.901,50.7436],[7.9032,50.7428],[7.9029,50.7407],[7.9061,50.7397],[7.9042,50.7335],[7.9054,50.7269],[7.9073,50.7229],[7.9066,50.7189],[7.908,50.7189],[7.9163,50.7168],[7.9231,50.7132],[7.9311,50.7105],[7.9399,50.7103],[7.9465,50.7091],[7.9562,50.7015],[7.9663,50.6954],[7.9688,50.6922],[7.9671,50.6887],[7.9674,50.6859],[7.9659,50.6834],[7.9639,50.6781],[7.9744,50.6763],[7.9806,50.6758],[7.9929,50.676],[7.9955,50.6773],[7.996,50.6793],[8.0016,50.6825],[8.0029,50.6838],[8.0052,50.6883],[8.0149,50.6906],[8.018,50.6917],[8.0284,50.697],[8.0325,50.6977],[8.0397,50.6974]]]},"properties":{"id":"071325003","name":"Herdorf-Daaden","territoire":"Rhénanie-Palatinat","sigle":"RLP","pays":"Allemagne","cx":7.957,"cy":50.741}},
{"type":"Feature","geometry":{"type":"Polygon","coordinates":[[[7.7372,50.7488],[7.7331,50.7516],[7.7257,50.7535],[7.724,50.7505],[7.7217,50.7507],[7.7209,50.7542],[7.7225,50.757],[7.7191,50.7595],[7.7193,50.7607],[7.7241,50.7632],[7.7189,50.7652],[7.7187,50.7704],[7.7173,50.7728],[7.7153,50.7734],[7.7099,50.773],[7.7089,50.7755],[7.7051,50.7756],[7.7027,50.7772],[7.7027,50.7798],[7.7065,50.7808],[7.7089,50.7824],[7.706,50.7846],[7.7011,50.7895],[7.7031,50.7905],[7.7003,50.7941],[7.6973,50.7955],[7.6992,50.7965],[7.6991,50.8001],[7.6999,50.8038],[7.6992,50.8058],[7.6942,50.8086],[7.6924,50.8111],[7.6926,50.8143],[7.694,50.8184],[7.6991,50.8224],[7.7023,50.8227],[7.7,50.8254],[7.6878,50.8226],[7.6817,50.822],[7.6746,50.8192],[7.6723,50.8197],[7.6692,50.8186],[7.6664,50.8208],[7.661,50.8204],[7.6629,50.8188],[7.6625,50.8171],[7.6641,50.8154],[7.6678,50.8142],[7.6699,50.8124],[7.6764,50.8123],[7.6795,50.81],[7.675,50.8065],[7.6762,50.8047],[7.675,50.8027],[7.6771,50.8016],[7.6818,50.7968],[7.6821,50.7947],[7.6798,50.7923],[7.6778,50.7817],[7.6759,50.7793],[7.6725,50.7822],[7.6699,50.7856],[7.6663,50.7864],[7.66,50.7856],[7.6586,50.7837],[7.6587,50.7805],[7.6622,50.7732],[7.6555,50.7679],[7.6454,50.7709],[7.6446,50.7695],[7.6404,50.7691],[7.636,50.7695],[7.6292,50.7689],[7.6278,50.7696],[7.6218,50.7694],[7.6182,50.7702],[7.6144,50.7681],[7.6092,50.7682],[7.6049,50.7657],[7.601,50.7663],[7.5985,50.7636],[7.599,50.7611],[7.5931,50.7584],[7.5915,50.7558],[7.5947,50.752],[7.5953,50.7499],[7.5931,50.7464],[7.5961,50.7462],[7.6012,50.7468],[7.6054,50.7451],[7.6074,50.7424],[7.6128,50.7412],[7.6139,50.7343],[7.6151,50.7328],[7.6176,50.7326],[7.6261,50.7335],[7.6305,50.7353],[7.6355,50.7365],[7.6362,50.7384],[7.6386,50.7402],[7.6466,50.742],[7.652,50.7421],[7.6575,50.7414],[7.6602,50.7418],[7.6658,50.7417],[7.6733,50.7379],[7.6708,50.7355],[7.6799,50.7358],[7.6791,50.7377],[7.6836,50.7381],[7.6854,50.7407],[7.6915,50.7405],[7.6987,50.741],[7.7009,50.7402],[7.7077,50.7391],[7.7116,50.7378],[7.7151,50.7378],[7.7163,50.7421],[7.7223,50.7444],[7.7258,50.7445],[7.7283,50.7487],[7.7329,50.7479],[7.7372,50.7488]]]},"properties":{"id":"071325006","name":"Hamm (Sieg)","territoire":"Rhénanie-Palatinat","sigle":"RLP","pays":"Allemagne","cx":7.675,"cy":50.759}},
{"type":"Feature","geometry":{"type":"Polygon","coordinates":[[[7.972,50.8147],[7.9738,50.8187],[7.976,50.8206],[7.9756,50.8238],[7.9766,50.8249],[7.9741,50.8286],[7.9765,50.8305],[7.9783,50.8333],[7.9736,50.8334],[7.9681,50.836],[7.9682,50.8417],[7.967,50.844],[7.9605,50.848],[7.9577,50.8489],[7.9529,50.846],[7.9493,50.8458],[7.9455,50.8477],[7.9383,50.8484],[7.936,50.8472],[7.93,50.8466],[7.9271,50.845],[7.9186,50.8446],[7.9156,50.8452],[7.9145,50.8466],[7.9096,50.847],[7.9059,50.8481],[7.9044,50.8505],[7.9009,50.8524],[7.8973,50.8575],[7.893,50.8595],[7.894,50.8609],[7.894,50.8647],[7.8893,50.8656],[7.8871,50.8654],[7.8861,50.8707],[7.884,50.874],[7.8825,50.8749],[7.8772,50.8747],[7.8728,50.8756],[7.869,50.8791],[7.8659,50.8776],[7.8604,50.877],[7.8508,50.8777],[7.8482,50.8786],[7.8453,50.8784],[7.838,50.8806],[7.8293,50.8824],[7.8278,50.8866],[7.8281,50.8896],[7.8267,50.8908],[7.8298,50.895],[7.8327,50.8967],[7.8355,50.9033],[7.8332,50.9073],[7.8337,50.9083],[7.8384,50.9103],[7.8415,50.916],[7.8508,50.9244],[7.8515,50.9258],[7.8484,50.9299],[7.8447,50.9304],[7.8383,50.9263],[7.8376,50.929],[7.8358,50.9296],[7.8285,50.9289],[7.8189,50.9333],[7.8133,50.94],[7.8124,50.9386],[7.8088,50.9388],[7.803,50.9409],[7.7928,50.9423],[7.7859,50.9399],[7.7762,50.929],[7.7676,50.9254],[7.7636,50.923],[7.7573,50.9202],[7.7545,50.9216],[7.7485,50.9191],[7.7424,50.9198],[7.7355,50.9178],[7.7358,50.9157],[7.7428,50.9139],[7.7469,50.9124],[7.7451,50.9052],[7.7506,50.9057],[7.7525,50.9046],[7.7588,50.9027],[7.7604,50.9004],[7.7565,50.894],[7.7535,50.8923],[7.753,50.8884],[7.7588,50.8798],[7.7578,50.8779],[7.7528,50.8752],[7.7519,50.8715],[7.7483,50.8672],[7.7541,50.8653],[7.7555,50.8632],[7.7602,50.8617],[7.764,50.8575],[7.766,50.8568],[7.7607,50.854],[7.7571,50.8536],[7.7539,50.852],[7.7548,50.8492],[7.7603,50.8486],[7.7607,50.8463],[7.7622,50.8451],[7.7719,50.8381],[7.7744,50.8385],[7.7781,50.8415],[7.782,50.8418],[7.7865,50.8433],[7.7903,50.8426],[7.7939,50.8448],[7.7982,50.8436],[7.8036,50.8439],[7.8091,50.8432],[7.8127,50.8436],[7.8193,50.8411],[7.8234,50.8381],[7.8263,50.8372],[7.8295,50.8351],[7.8316,50.832],[7.8337,50.8255],[7.8334,50.8218],[7.8348,50.8185],[7.8336,50.8163],[7.8334,50.8112],[7.8406,50.8094],[7.8458,50.8088],[7.8491,50.809],[7.8531,50.8081],[7.8547,50.8055],[7.8627,50.8018],[7.8667,50.799],[7.8704,50.7991],[7.8737,50.8012],[7.8772,50.7972],[7.8787,50.7997],[7.8844,50.7996],[7.8882,50.7988],[7.8887,50.7942],[7.8844,50.7884],[7.8884,50.784],[7.8911,50.7836],[7.8965,50.7813],[7.8983,50.783],[7.9064,50.7835],[7.9127,50.7879],[7.9162,50.7898],[7.9205,50.7893],[7.9176,50.7875],[7.9177,50.7857],[7.9211,50.7837],[7.9255,50.7862],[7.9322,50.786],[7.935,50.7847],[7.9413,50.7848],[7.9379,50.7865],[7.9372,50.7891],[7.9357,50.7904],[7.9349,50.793],[7.9412,50.7913],[7.9428,50.7951],[7.9422,50.7974],[7.945,50.8001],[7.9528,50.8032],[7.9563,50.8071],[7.9593,50.8077],[7.972,50.8147]]]},"properties":{"id":"071325007","name":"Kirchen (Sieg)","territoire":"Rhénanie-Palatinat","sigle":"RLP","pays":"Allemagne","cx":7.86,"cy":50.846}},
{"type":"Feature","geometry":{"type":"Polygon","coordinates":[[[7.7372,50.7488],[7.741,50.7456],[7.7448,50.7431],[7.7429,50.7401],[7.747,50.74],[7.7525,50.7382],[7.7546,50.7383],[7.7572,50.7361],[7.7684,50.7326],[7.7685,50.7358],[7.7753,50.737],[7.7744,50.7383],[7.7684,50.7402],[7.7713,50.7435],[7.7742,50.7446],[7.7782,50.7446],[7.7818,50.7453],[7.7843,50.7478],[7.7905,50.7483],[7.7938,50.7494],[7.7963,50.7478],[7.8022,50.7502],[7.8057,50.7508],[7.8097,50.7537],[7.8122,50.7545],[7.8138,50.7563],[7.8199,50.7599],[7.8206,50.7619],[7.8225,50.7631],[7.8246,50.7675],[7.8241,50.7687],[7.8304,50.7705],[7.8338,50.7697],[7.8348,50.772],[7.8323,50.7767],[7.8277,50.779],[7.8297,50.7817],[7.8248,50.7846],[7.8246,50.7865],[7.83,50.7935],[7.8273,50.7964],[7.8209,50.8005],[7.8252,50.8029],[7.828,50.8076],[7.8266,50.8087],[7.8335,50.81],[7.8334,50.8112],[7.8336,50.8163],[7.8348,50.8185],[7.8334,50.8218],[7.8337,50.8255],[7.8316,50.832],[7.8295,50.8351],[7.8263,50.8372],[7.8234,50.8381],[7.8193,50.8411],[7.8127,50.8436],[7.8091,50.8432],[7.8036,50.8439],[7.7982,50.8436],[7.7939,50.8448],[7.7903,50.8426],[7.7865,50.8433],[7.782,50.8418],[7.7781,50.8415],[7.7744,50.8385],[7.7719,50.8381],[7.7622,50.8451],[7.758,50.8435],[7.7467,50.8469],[7.7369,50.8472],[7.7293,50.8505],[7.7267,50.8475],[7.7217,50.8432],[7.7143,50.8404],[7.7136,50.8336],[7.7095,50.8345],[7.7064,50.8339],[7.7065,50.8306],[7.7,50.8254],[7.7023,50.8227],[7.6991,50.8224],[7.694,50.8184],[7.6926,50.8143],[7.6924,50.8111],[7.6942,50.8086],[7.6992,50.8058],[7.6999,50.8038],[7.6991,50.8001],[7.6992,50.7965],[7.6973,50.7955],[7.7003,50.7941],[7.7031,50.7905],[7.7011,50.7895],[7.706,50.7846],[7.7089,50.7824],[7.7065,50.7808],[7.7027,50.7798],[7.7027,50.7772],[7.7051,50.7756],[7.7089,50.7755],[7.7099,50.773],[7.7153,50.7734],[7.7173,50.7728],[7.7187,50.7704],[7.7189,50.7652],[7.7241,50.7632],[7.7193,50.7607],[7.7191,50.7595],[7.7225,50.757],[7.7209,50.7542],[7.7217,50.7507],[7.724,50.7505],[7.7257,50.7535],[7.7331,50.7516],[7.7372,50.7488]]]},"properties":{"id":"071325008","name":"Wissen","territoire":"Rhénanie-Palatinat","sigle":"RLP","pays":"Allemagne","cx":7.766,"cy":50.796}},
{"type":"Feature","geometry":{"type":"Polygon","coordinates":[[[7.9211,50.7837],[7.9177,50.7857],[7.9176,50.7875],[7.9205,50.7893],[7.9162,50.7898],[7.9127,50.7879],[7.9064,50.7835],[7.8983,50.783],[7.8965,50.7813],[7.8911,50.7836],[7.8884,50.784],[7.8844,50.7884],[7.8887,50.7942],[7.8882,50.7988],[7.8844,50.7996],[7.8787,50.7997],[7.8772,50.7972],[7.8737,50.8012],[7.8704,50.7991],[7.8667,50.799],[7.8627,50.8018],[7.8547,50.8055],[7.8531,50.8081],[7.8491,50.809],[7.8458,50.8088],[7.8406,50.8094],[7.8334,50.8112],[7.8335,50.81],[7.8266,50.8087],[7.828,50.8076],[7.8252,50.8029],[7.8209,50.8005],[7.8273,50.7964],[7.83,50.7935],[7.8246,50.7865],[7.8248,50.7846],[7.8297,50.7817],[7.8277,50.779],[7.8323,50.7767],[7.8348,50.772],[7.8338,50.7697],[7.8304,50.7705],[7.8241,50.7687],[7.8246,50.7675],[7.8225,50.7631],[7.8206,50.7619],[7.8199,50.7599],[7.8138,50.7563],[7.8122,50.7545],[7.8097,50.7537],[7.8057,50.7508],[7.8022,50.7502],[7.7963,50.7478],[7.7938,50.7494],[7.7905,50.7483],[7.7843,50.7478],[7.7818,50.7453],[7.7782,50.7446],[7.7742,50.7446],[7.7713,50.7435],[7.7684,50.7402],[7.7744,50.7383],[7.7753,50.737],[7.7807,50.7347],[7.7869,50.7312],[7.7912,50.7312],[7.794,50.7301],[7.7977,50.7298],[7.8048,50.7312],[7.8085,50.7282],[7.8079,50.7256],[7.8015,50.7196],[7.8004,50.7164],[7.8052,50.7109],[7.8145,50.7073],[7.8166,50.7056],[7.8201,50.7077],[7.8232,50.7081],[7.8266,50.7095],[7.8364,50.7118],[7.8422,50.7084],[7.8481,50.7059],[7.8551,50.7013],[7.86,50.6968],[7.8591,50.6954],[7.8531,50.693],[7.8545,50.6897],[7.8548,50.6853],[7.8579,50.6835],[7.8693,50.6812],[7.8836,50.6791],[7.8892,50.6787],[7.8902,50.6805],[7.8929,50.6818],[7.8904,50.684],[7.886,50.6859],[7.8802,50.6866],[7.8745,50.6882],[7.8763,50.6915],[7.8787,50.6919],[7.8791,50.694],[7.8822,50.6955],[7.8821,50.6989],[7.8836,50.7037],[7.8857,50.7086],[7.8891,50.7138],[7.8909,50.7158],[7.9026,50.7188],[7.9066,50.7189],[7.9073,50.7229],[7.9054,50.7269],[7.9042,50.7335],[7.9061,50.7397],[7.9029,50.7407],[7.9032,50.7428],[7.901,50.7436],[7.8979,50.7479],[7.8977,50.753],[7.9004,50.7576],[7.8989,50.7601],[7.9007,50.7615],[7.8978,50.7636],[7.8967,50.7657],[7.9007,50.7651],[7.9055,50.7635],[7.9084,50.7633],[7.9108,50.7642],[7.9109,50.7676],[7.9124,50.7698],[7.9074,50.7717],[7.9109,50.7724],[7.9122,50.7743],[7.909,50.7751],[7.9107,50.7768],[7.9146,50.776],[7.9161,50.7799],[7.918,50.7829],[7.9211,50.7837]]]},"properties":{"id":"071325009","name":"Betzdorf-Gebhardshain","territoire":"Rhénanie-Palatinat","sigle":"RLP","pays":"Allemagne","cx":7.857,"cy":50.745}},
{"type":"Feature","geometry":{"type":"Polygon","coordinates":[[[7.5931,50.7464],[7.5938,50.7418],[7.5915,50.7403],[7.5873,50.74],[7.5833,50.7379],[7.5802,50.7381],[7.5741,50.7403],[7.5662,50.7417],[7.5631,50.7434],[7.5584,50.743],[7.5519,50.7463],[7.5465,50.7439],[7.539,50.7421],[7.5297,50.7382],[7.5215,50.7337],[7.5195,50.7356],[7.5183,50.7313],[7.5201,50.729],[7.5162,50.7291],[7.5079,50.7304],[7.5074,50.7294],[7.5019,50.73],[7.4982,50.7266],[7.4939,50.7255],[7.493,50.7237],[7.4849,50.7224],[7.4798,50.7183],[7.4683,50.7185],[7.4649,50.7177],[7.4613,50.7186],[7.4565,50.7181],[7.4539,50.7158],[7.4489,50.7158],[7.4486,50.7174],[7.445,50.7161],[7.4449,50.7138],[7.4431,50.7118],[7.4408,50.7114],[7.4416,50.707],[7.4431,50.7046],[7.4523,50.6929],[7.4639,50.6829],[7.4649,50.6796],[7.467,50.6781],[7.4666,50.6755],[7.4683,50.6722],[7.4698,50.6724],[7.4783,50.6705],[7.4847,50.6697],[7.4854,50.668],[7.4815,50.6659],[7.482,50.6643],[7.4809,50.6602],[7.4791,50.6584],[7.4806,50.6552],[7.4799,50.6526],[7.4833,50.6498],[7.4826,50.6482],[7.4851,50.6465],[7.4829,50.6428],[7.4824,50.6404],[7.4805,50.6385],[7.4782,50.638],[7.4742,50.6352],[7.4754,50.6337],[7.4798,50.6309],[7.48,50.6287],[7.482,50.6281],[7.4816,50.6255],[7.4711,50.6235],[7.4637,50.6256],[7.4629,50.6232],[7.459,50.6217],[7.4562,50.6232],[7.4551,50.6202],[7.4567,50.6185],[7.4564,50.616],[7.45,50.6175],[7.4528,50.612],[7.4554,50.6114],[7.4599,50.6126],[7.4637,50.6109],[7.4668,50.6124],[7.4707,50.611],[7.4661,50.6074],[7.4683,50.6056],[7.4676,50.6037],[7.4692,50.5992],[7.4717,50.5957],[7.4722,50.5936],[7.4713,50.5917],[7.4728,50.5857],[7.4744,50.5849],[7.4747,50.5826],[7.4804,50.5825],[7.4858,50.5814],[7.4888,50.5803],[7.4887,50.576],[7.4954,50.5719],[7.5009,50.5726],[7.5092,50.5707],[7.5161,50.5713],[7.5264,50.5662],[7.5319,50.5639],[7.5339,50.5657],[7.5362,50.5662],[7.5361,50.5679],[7.5336,50.5692],[7.5338,50.5711],[7.5389,50.5745],[7.54,50.5771],[7.5376,50.5808],[7.543,50.5826],[7.545,50.5867],[7.5489,50.5897],[7.55,50.5918],[7.5538,50.5938],[7.5589,50.5988],[7.5577,50.6007],[7.5499,50.6028],[7.547,50.6047],[7.5445,50.6087],[7.5426,50.6104],[7.5439,50.6141],[7.5434,50.6174],[7.544,50.6191],[7.5423,50.6208],[7.5436,50.6234],[7.54,50.6247],[7.5387,50.6273],[7.5425,50.628],[7.5468,50.6264],[7.5517,50.6259],[7.5527,50.6235],[7.5579,50.6217],[7.5599,50.6221],[7.5613,50.6268],[7.5643,50.6265],[7.5629,50.6214],[7.5657,50.6174],[7.5655,50.613],[7.5715,50.6148],[7.5731,50.6173],[7.5791,50.6197],[7.5771,50.6246],[7.5745,50.6239],[7.5729,50.6258],[7.5752,50.628],[7.5762,50.6303],[7.5755,50.633],[7.5737,50.6349],[7.5699,50.6363],[7.5719,50.6384],[7.5717,50.6453],[7.5809,50.6441],[7.5817,50.6452],[7.5869,50.6462],[7.5872,50.6489],[7.5917,50.6525],[7.5965,50.65],[7.6101,50.6472],[7.6139,50.6433],[7.6156,50.6457],[7.6181,50.6461],[7.6246,50.6518],[7.6277,50.6528],[7.6342,50.6538],[7.6362,50.6528],[7.6382,50.649],[7.6418,50.6489],[7.6437,50.6513],[7.6466,50.6518],[7.653,50.6514],[7.6554,50.6503],[7.6566,50.6452],[7.6617,50.6458],[7.6657,50.6474],[7.6724,50.6467],[7.6741,50.6452],[7.6788,50.6442],[7.6817,50.6412],[7.685,50.6364],[7.6889,50.6325],[7.6896,50.6292],[7.7008,50.6229],[7.7032,50.6227],[7.7023,50.6293],[7.7019,50.6353],[7.701,50.6407],[7.7042,50.6432],[7.7028,50.6462],[7.7034,50.6477],[7.704,50.6547],[7.7006,50.6567],[7.7011,50.6581],[7.6979,50.6585],[7.6927,50.6604],[7.691,50.6626],[7.6947,50.6646],[7.6915,50.6668],[7.6929,50.6696],[7.6961,50.673],[7.6978,50.6723],[7.7022,50.6742],[7.7101,50.6737],[7.7145,50.672],[7.7207,50.6726],[7.7263,50.6777],[7.7265,50.6838],[7.7256,50.6888],[7.7166,50.6931],[7.7052,50.6939],[7.7003,50.6938],[7.699,50.698],[7.6958,50.7026],[7.6968,50.7067],[7.7152,50.716],[7.7187,50.7148],[7.7246,50.716],[7.7277,50.7173],[7.7289,50.7199],[7.7316,50.7208],[7.7314,50.7231],[7.7348,50.7245],[7.7353,50.7259],[7.7323,50.7272],[7.7293,50.7245],[7.7223,50.7238],[7.7216,50.7225],[7.7176,50.7241],[7.7163,50.726],[7.7202,50.7311],[7.7246,50.7294],[7.7264,50.7271],[7.7287,50.7277],[7.7289,50.7295],[7.7256,50.7328],[7.729,50.7341],[7.7311,50.732],[7.7347,50.7306],[7.7402,50.7303],[7.7407,50.7323],[7.7435,50.7315],[7.7439,50.73],[7.75,50.7331],[7.747,50.7363],[7.7416,50.7379],[7.7429,50.7401],[7.7448,50.7431],[7.741,50.7456],[7.7372,50.7488],[7.7329,50.7479],[7.7283,50.7487],[7.7258,50.7445],[7.7223,50.7444],[7.7163,50.7421],[7.7151,50.7378],[7.7116,50.7378],[7.7077,50.7391],[7.7009,50.7402],[7.6987,50.741],[7.6915,50.7405],[7.6854,50.7407],[7.6836,50.7381],[7.6791,50.7377],[7.6799,50.7358],[7.6708,50.7355],[7.6733,50.7379],[7.6658,50.7417],[7.6602,50.7418],[7.6575,50.7414],[7.652,50.7421],[7.6466,50.742],[7.6386,50.7402],[7.6362,50.7384],[7.6355,50.7365],[7.6305,50.7353],[7.6261,50.7335],[7.6176,50.7326],[7.6151,50.7328],[7.6139,50.7343],[7.6128,50.7412],[7.6074,50.7424],[7.6054,50.7451],[7.6012,50.7468],[7.5961,50.7462],[7.5931,50.7464]]]},"properties":{"id":"071325010","name":"Altenkirchen-Flammersfeld","territoire":"Rhénanie-Palatinat","sigle":"RLP","pays":"Allemagne","cx":7.569,"cy":50.692}},
{"type":"Feature","geometry":{"type":"Polygon","coordinates":[[[7.8014,49.7921],[7.8009,49.7885],[7.7964,49.7866],[7.789,49.7868],[7.7831,49.785],[7.779,49.79],[7.7732,49.7904],[7.7682,49.7891],[7.7632,49.7898],[7.7592,49.7856],[7.7584,49.7815],[7.7564,49.7774],[7.7584,49.7754],[7.7636,49.7744],[7.7664,49.7715],[7.7682,49.7708],[7.7727,49.7709],[7.7719,49.7682],[7.7685,49.7675],[7.7652,49.7655],[7.7662,49.7641],[7.7684,49.7631],[7.7723,49.7643],[7.7767,49.7566],[7.7737,49.7575],[7.7744,49.7525],[7.7798,49.7535],[7.7804,49.7512],[7.7852,49.7527],[7.788,49.7556],[7.79,49.7534],[7.7976,49.7537],[7.7968,49.757],[7.7989,49.7583],[7.8041,49.7576],[7.8242,49.7519],[7.8281,49.755],[7.8309,49.756],[7.8361,49.7566],[7.8386,49.7563],[7.8396,49.7603],[7.8438,49.7622],[7.852,49.7623],[7.8565,49.7641],[7.8578,49.7653],[7.8619,49.7658],[7.864,49.7627],[7.8667,49.7599],[7.8679,49.7571],[7.8701,49.756],[7.874,49.7571],[7.8823,49.758],[7.8873,49.758],[7.8959,49.7606],[7.8979,49.762],[7.8998,49.7612],[7.8971,49.7589],[7.8977,49.7573],[7.9016,49.7526],[7.9054,49.7523],[7.9053,49.7548],[7.9086,49.7559],[7.913,49.7534],[7.9156,49.7529],[7.9194,49.7542],[7.9148,49.7581],[7.9206,49.7639],[7.9255,49.7644],[7.9324,49.7661],[7.9327,49.7679],[7.9303,49.7703],[7.933,49.774],[7.9288,49.7762],[7.9346,49.7781],[7.9326,49.7804],[7.933,49.7855],[7.9322,49.7871],[7.9298,49.7876],[7.9292,49.7902],[7.9315,49.7912],[7.9311,49.7949],[7.9326,49.7986],[7.929,49.8021],[7.925,49.8035],[7.9244,49.8054],[7.9263,49.807],[7.9276,49.8114],[7.9358,49.814],[7.9394,49.8161],[7.9441,49.8181],[7.9432,49.8189],[7.9456,49.8211],[7.9443,49.8243],[7.9493,49.8263],[7.9507,49.8254],[7.9564,49.8284],[7.9636,49.8331],[7.9601,49.8394],[7.9602,49.8411],[7.9527,49.8419],[7.9545,49.8461],[7.9573,49.8456],[7.9584,49.848],[7.9625,49.8484],[7.9619,49.8506],[7.9688,49.8541],[7.9658,49.8584],[7.9565,49.8673],[7.9521,49.873],[7.9537,49.8754],[7.9477,49.8806],[7.9443,49.8789],[7.9377,49.8807],[7.9348,49.8786],[7.9329,49.876],[7.9326,49.8741],[7.9278,49.8713],[7.9293,49.8698],[7.9281,49.8682],[7.931,49.8634],[7.9401,49.8629],[7.9447,49.8642],[7.9512,49.8652],[7.9546,49.8625],[7.9513,49.8614],[7.9385,49.8607],[7.9297,49.8566],[7.9327,49.8553],[7.9334,49.8506],[7.9336,49.8421],[7.9358,49.8383],[7.9256,49.8324],[7.9245,49.8326],[7.9128,49.8382],[7.9023,49.8367],[7.9,49.8385],[7.8916,49.8296],[7.8855,49.8254],[7.8871,49.8244],[7.8831,49.8212],[7.8834,49.8186],[7.8856,49.8153],[7.8835,49.8145],[7.8878,49.8104],[7.8923,49.8118],[7.8945,49.809],[7.888,49.8071],[7.872,49.8053],[7.8643,49.7976],[7.8644,49.7928],[7.8594,49.7919],[7.8555,49.7905],[7.8438,49.7902],[7.8383,49.7926],[7.8355,49.792],[7.8328,49.7937],[7.8295,49.7944],[7.8233,49.7915],[7.8197,49.7873],[7.8181,49.7872],[7.8111,49.789],[7.8014,49.7921]]]},"properties":{"id":"071335001","name":"Bad Kreuznach (Verbandsgemeinde)","territoire":"Rhénanie-Palatinat","sigle":"RLP","pays":"Allemagne","cx":7.885,"cy":49.784}},
{"type":"Feature","geometry":{"type":"Polygon","coordinates":[[[7.846,49.8683],[7.8418,49.8712],[7.8325,49.8743],[7.8257,49.8725],[7.8232,49.8732],[7.8224,49.876],[7.8231,49.8773],[7.822,49.8817],[7.8195,49.8827],[7.8192,49.8848],[7.8126,49.886],[7.8034,49.8886],[7.7977,49.8922],[7.7904,49.8941],[7.7869,49.893],[7.7749,49.8997],[7.772,49.9048],[7.7691,49.9063],[7.7646,49.9059],[7.7647,49.9072],[7.7611,49.9079],[7.7667,49.9103],[7.7732,49.9111],[7.773,49.9143],[7.7717,49.9183],[7.7639,49.9169],[7.7581,49.9163],[7.7477,49.9139],[7.7471,49.9154],[7.7382,49.9149],[7.7298,49.9164],[7.7285,49.9195],[7.7403,49.9237],[7.7365,49.9241],[7.7287,49.9265],[7.7289,49.9292],[7.7277,49.9307],[7.717,49.9318],[7.7112,49.9317],[7.6961,49.9307],[7.6887,49.9311],[7.6835,49.9296],[7.682,49.9312],[7.6763,49.9283],[7.673,49.9275],[7.6691,49.9246],[7.6624,49.9232],[7.6573,49.9243],[7.6535,49.928],[7.6509,49.9286],[7.6491,49.93],[7.6395,49.9328],[7.638,49.9339],[7.6308,49.935],[7.6274,49.9318],[7.6171,49.9254],[7.6067,49.9221],[7.6021,49.9201],[7.595,49.9176],[7.5933,49.9161],[7.5872,49.9131],[7.5848,49.9102],[7.5822,49.9084],[7.5855,49.9084],[7.5922,49.9044],[7.592,49.9021],[7.6007,49.896],[7.6028,49.8937],[7.6065,49.8877],[7.6083,49.887],[7.6078,49.8815],[7.6095,49.8783],[7.6165,49.8735],[7.6193,49.876],[7.6309,49.8726],[7.6339,49.8708],[7.6364,49.8712],[7.638,49.8685],[7.6469,49.8722],[7.6501,49.873],[7.655,49.8729],[7.6592,49.8689],[7.6609,49.8654],[7.66,49.8574],[7.6476,49.8494],[7.6503,49.8491],[7.6515,49.8471],[7.6487,49.845],[7.649,49.8409],[7.6471,49.8404],[7.6423,49.8358],[7.6376,49.8302],[7.6371,49.8276],[7.6467,49.8278],[7.6498,49.8264],[7.652,49.8276],[7.6555,49.8248],[7.6614,49.8233],[7.6622,49.8218],[7.6679,49.8218],[7.666,49.8168],[7.667,49.8142],[7.6655,49.8125],[7.6642,49.808],[7.6662,49.8061],[7.6727,49.8099],[7.6779,49.8085],[7.6768,49.8056],[7.6813,49.8008],[7.684,49.8009],[7.6839,49.7987],[7.6853,49.7964],[7.6895,49.7954],[7.6986,49.7955],[7.7025,49.794],[7.7045,49.791],[7.7069,49.7902],[7.7104,49.7909],[7.7128,49.7904],[7.716,49.7871],[7.7203,49.7866],[7.7226,49.7853],[7.722,49.7827],[7.7201,49.7801],[7.7194,49.7772],[7.7178,49.7759],[7.7237,49.7693],[7.7287,49.7698],[7.7342,49.7695],[7.7346,49.7675],[7.7382,49.7668],[7.7408,49.7675],[7.7464,49.7643],[7.742,49.7622],[7.7423,49.7554],[7.7455,49.7513],[7.7513,49.7482],[7.7587,49.7455],[7.7612,49.7452],[7.7641,49.7435],[7.7665,49.7444],[7.7669,49.7464],[7.7652,49.7476],[7.7629,49.7514],[7.7609,49.7532],[7.7578,49.7589],[7.7599,49.7606],[7.7642,49.7623],[7.7662,49.7641],[7.7652,49.7655],[7.7685,49.7675],[7.7719,49.7682],[7.7727,49.7709],[7.7682,49.7708],[7.7664,49.7715],[7.7636,49.7744],[7.7584,49.7754],[7.7564,49.7774],[7.7584,49.7815],[7.7592,49.7856],[7.7632,49.7898],[7.7682,49.7891],[7.7732,49.7904],[7.779,49.79],[7.7831,49.785],[7.789,49.7868],[7.7964,49.7866],[7.8009,49.7885],[7.8014,49.7921],[7.7971,49.7945],[7.7959,49.798],[7.7914,49.7972],[7.7904,49.7986],[7.787,49.8],[7.7882,49.8042],[7.7875,49.8073],[7.7912,49.8074],[7.7952,49.8038],[7.802,49.8015],[7.8036,49.8002],[7.8081,49.8019],[7.8098,49.8038],[7.816,49.8045],[7.8211,49.8075],[7.824,49.8073],[7.8234,49.8108],[7.8252,49.814],[7.825,49.8157],[7.8291,49.8164],[7.8328,49.8155],[7.8359,49.8134],[7.8381,49.8167],[7.8423,49.8188],[7.8399,49.8196],[7.8363,49.8234],[7.8266,49.8247],[7.8208,49.828],[7.8187,49.83],[7.8124,49.8312],[7.8105,49.8343],[7.8116,49.836],[7.8176,49.8405],[7.8197,49.8392],[7.8231,49.8426],[7.8272,49.8436],[7.8254,49.8482],[7.8281,49.8487],[7.8271,49.8515],[7.8272,49.8551],[7.8308,49.8551],[7.8314,49.8565],[7.8346,49.8584],[7.8333,49.8595],[7.8347,49.862],[7.8394,49.8644],[7.846,49.8683]]]},"properties":{"id":"071335006","name":"Rüdesheim","territoire":"Rhénanie-Palatinat","sigle":"RLP","pays":"Allemagne","cx":7.722,"cy":49.857}},
{"type":"Feature","geometry":{"type":"Polygon","coordinates":[[[7.4314,49.7406],[7.4406,49.7351],[7.4441,49.7382],[7.446,49.7389],[7.4537,49.7446],[7.4571,49.7453],[7.4588,49.7471],[7.4642,49.7481],[7.4675,49.7402],[7.4688,49.7399],[7.4727,49.7416],[7.4806,49.7379],[7.4825,49.7359],[7.483,49.7338],[7.4877,49.7285],[7.4908,49.7228],[7.4966,49.7172],[7.4951,49.7161],[7.4873,49.7132],[7.4878,49.7113],[7.4909,49.7069],[7.4916,49.7049],[7.4937,49.7039],[7.5058,49.7079],[7.5081,49.7098],[7.5111,49.7093],[7.5122,49.708],[7.5228,49.7076],[7.5269,49.7084],[7.5305,49.71],[7.5362,49.714],[7.5407,49.718],[7.5394,49.7193],[7.5405,49.7217],[7.5397,49.7241],[7.5433,49.7268],[7.5479,49.7286],[7.56,49.7373],[7.5626,49.7379],[7.5633,49.7427],[7.5654,49.7444],[7.5644,49.7464],[7.5615,49.7449],[7.5592,49.7451],[7.5578,49.748],[7.5506,49.7516],[7.5456,49.7537],[7.5323,49.7545],[7.5293,49.7567],[7.533,49.7621],[7.5316,49.7672],[7.5283,49.7708],[7.5233,49.7709],[7.5185,49.7742],[7.5147,49.776],[7.5134,49.779],[7.5239,49.7854],[7.527,49.7864],[7.5279,49.7889],[7.5301,49.791],[7.5309,49.7957],[7.5299,49.8005],[7.5327,49.805],[7.5361,49.804],[7.5372,49.8073],[7.5428,49.8056],[7.5448,49.8074],[7.5423,49.8089],[7.5422,49.8113],[7.5393,49.8183],[7.5375,49.8264],[7.5375,49.8324],[7.537,49.8338],[7.5413,49.8355],[7.5358,49.8404],[7.5342,49.8435],[7.5334,49.8468],[7.5335,49.8508],[7.5354,49.8511],[7.5374,49.8573],[7.5364,49.8629],[7.5374,49.8667],[7.5377,49.8709],[7.5394,49.8728],[7.541,49.8769],[7.5467,49.8806],[7.5467,49.883],[7.5447,49.8844],[7.5426,49.8921],[7.5397,49.8905],[7.5326,49.8881],[7.527,49.8832],[7.5243,49.88],[7.5169,49.8762],[7.5124,49.8715],[7.5074,49.8679],[7.504,49.8667],[7.5023,49.8642],[7.4942,49.86],[7.4916,49.8613],[7.4886,49.8593],[7.4857,49.8623],[7.4827,49.8628],[7.4799,49.8644],[7.4772,49.8633],[7.4745,49.8657],[7.4701,49.8659],[7.4684,49.8666],[7.4642,49.8627],[7.4606,49.8613],[7.4589,49.8599],[7.4526,49.8572],[7.4515,49.8545],[7.4396,49.8492],[7.432,49.8452],[7.4244,49.8405],[7.4197,49.8446],[7.424,49.848],[7.4224,49.8492],[7.4256,49.8508],[7.4184,49.8521],[7.4136,49.8542],[7.4121,49.858],[7.4044,49.8585],[7.3987,49.8561],[7.3973,49.8539],[7.3979,49.8523],[7.3932,49.8524],[7.3934,49.8497],[7.3978,49.8481],[7.3922,49.8467],[7.3878,49.8482],[7.3884,49.8457],[7.3911,49.8442],[7.3903,49.8415],[7.3951,49.8404],[7.3948,49.8384],[7.3913,49.8364],[7.3938,49.8321],[7.3958,49.83],[7.3977,49.8254],[7.396,49.8216],[7.4028,49.8179],[7.4057,49.8139],[7.4009,49.8122],[7.4038,49.8094],[7.4047,49.8068],[7.4079,49.8049],[7.4158,49.8023],[7.4155,49.7997],[7.4186,49.8001],[7.4219,49.7991],[7.4299,49.7936],[7.433,49.7925],[7.4366,49.7941],[7.4384,49.7936],[7.437,49.7901],[7.4412,49.7886],[7.4436,49.7868],[7.4433,49.7811],[7.4416,49.7765],[7.4387,49.771],[7.4376,49.7721],[7.4322,49.7701],[7.4291,49.7676],[7.4206,49.766],[7.4175,49.7626],[7.4171,49.7592],[7.4144,49.7566],[7.4146,49.754],[7.4101,49.7531],[7.4149,49.7509],[7.4154,49.7477],[7.4227,49.7478],[7.4266,49.7454],[7.4284,49.7428],[7.4314,49.7406]]]},"properties":{"id":"071335009","name":"Kirner Land","territoire":"Rhénanie-Palatinat","sigle":"RLP","pays":"Allemagne","cx":7.481,"cy":49.806}},
{"type":"Feature","geometry":{"type":"Polygon","coordinates":[[[7.5822,49.9084],[7.5812,49.9084],[7.5751,49.9017],[7.5726,49.8997],[7.5673,49.8976],[7.5618,49.8971],[7.5588,49.8961],[7.5508,49.8954],[7.5438,49.8957],[7.5426,49.8921],[7.5447,49.8844],[7.5467,49.883],[7.5467,49.8806],[7.541,49.8769],[7.5394,49.8728],[7.5377,49.8709],[7.5374,49.8667],[7.5364,49.8629],[7.5374,49.8573],[7.5354,49.8511],[7.5335,49.8508],[7.5334,49.8468],[7.5342,49.8435],[7.5358,49.8404],[7.5413,49.8355],[7.537,49.8338],[7.5375,49.8324],[7.5375,49.8264],[7.5393,49.8183],[7.5422,49.8113],[7.5423,49.8089],[7.5448,49.8074],[7.5428,49.8056],[7.5372,49.8073],[7.5361,49.804],[7.5327,49.805],[7.5299,49.8005],[7.5309,49.7957],[7.5301,49.791],[7.5279,49.7889],[7.527,49.7864],[7.5239,49.7854],[7.5134,49.779],[7.5147,49.776],[7.5185,49.7742],[7.5233,49.7709],[7.5283,49.7708],[7.5316,49.7672],[7.533,49.7621],[7.5293,49.7567],[7.5323,49.7545],[7.5456,49.7537],[7.5506,49.7516],[7.5578,49.748],[7.5592,49.7451],[7.5615,49.7449],[7.5644,49.7464],[7.5654,49.7444],[7.5633,49.7427],[7.5626,49.7379],[7.56,49.7373],[7.5479,49.7286],[7.5433,49.7268],[7.5397,49.7241],[7.5405,49.7217],[7.5394,49.7193],[7.5407,49.718],[7.5362,49.714],[7.5393,49.7136],[7.5369,49.7088],[7.5402,49.7081],[7.5414,49.7063],[7.5397,49.7025],[7.5429,49.7017],[7.5445,49.6987],[7.5462,49.698],[7.5506,49.6985],[7.5471,49.6953],[7.5479,49.6928],[7.553,49.6928],[7.5585,49.6903],[7.5623,49.6866],[7.5663,49.6861],[7.5773,49.6887],[7.5856,49.6856],[7.5867,49.6839],[7.5912,49.685],[7.5956,49.6813],[7.5997,49.6798],[7.6074,49.6841],[7.6191,49.6864],[7.6237,49.6844],[7.6286,49.6848],[7.6342,49.6845],[7.6426,49.687],[7.645,49.6903],[7.6528,49.6987],[7.6577,49.7016],[7.6607,49.6994],[7.6625,49.695],[7.6654,49.6923],[7.6713,49.6879],[7.6736,49.6879],[7.6736,49.6857],[7.6708,49.6858],[7.6691,49.6838],[7.6635,49.6841],[7.6652,49.6795],[7.6632,49.6775],[7.6653,49.6766],[7.6648,49.6736],[7.674,49.6695],[7.6663,49.6656],[7.6667,49.6598],[7.6586,49.6567],[7.6567,49.6536],[7.6573,49.6507],[7.6594,49.65],[7.6582,49.6478],[7.6544,49.6455],[7.6527,49.6455],[7.6569,49.6377],[7.6637,49.636],[7.6697,49.6398],[7.6774,49.6398],[7.6814,49.6422],[7.6863,49.644],[7.6924,49.6478],[7.6937,49.6494],[7.6972,49.651],[7.7017,49.6516],[7.7033,49.6525],[7.6991,49.6575],[7.7085,49.6582],[7.7098,49.6607],[7.711,49.6654],[7.7125,49.6667],[7.7165,49.6684],[7.7211,49.6717],[7.7225,49.6764],[7.7194,49.6811],[7.7199,49.6832],[7.7256,49.6879],[7.7298,49.6935],[7.7329,49.6964],[7.7352,49.6974],[7.7332,49.7011],[7.732,49.7009],[7.7281,49.7096],[7.724,49.7123],[7.7227,49.7142],[7.7237,49.7173],[7.7266,49.7202],[7.7244,49.7207],[7.7288,49.7234],[7.7303,49.7221],[7.7393,49.7275],[7.7399,49.7286],[7.7488,49.7329],[7.7508,49.7367],[7.7535,49.7361],[7.7605,49.7415],[7.7641,49.7435],[7.7612,49.7452],[7.7587,49.7455],[7.7513,49.7482],[7.7455,49.7513],[7.7423,49.7554],[7.742,49.7622],[7.7464,49.7643],[7.7408,49.7675],[7.7382,49.7668],[7.7346,49.7675],[7.7342,49.7695],[7.7287,49.7698],[7.7237,49.7693],[7.7178,49.7759],[7.7194,49.7772],[7.7201,49.7801],[7.722,49.7827],[7.7226,49.7853],[7.7203,49.7866],[7.716,49.7871],[7.7128,49.7904],[7.7104,49.7909],[7.7069,49.7902],[7.7045,49.791],[7.7025,49.794],[7.6986,49.7955],[7.6895,49.7954],[7.6853,49.7964],[7.6839,49.7987],[7.684,49.8009],[7.6813,49.8008],[7.6768,49.8056],[7.6779,49.8085],[7.6727,49.8099],[7.6662,49.8061],[7.6642,49.808],[7.6655,49.8125],[7.667,49.8142],[7.666,49.8168],[7.6679,49.8218],[7.6622,49.8218],[7.6614,49.8233],[7.6555,49.8248],[7.652,49.8276],[7.6498,49.8264],[7.6467,49.8278],[7.6371,49.8276],[7.6376,49.8302],[7.6423,49.8358],[7.6471,49.8404],[7.649,49.8409],[7.6487,49.845],[7.6515,49.8471],[7.6503,49.8491],[7.6476,49.8494],[7.66,49.8574],[7.6609,49.8654],[7.6592,49.8689],[7.655,49.8729],[7.6501,49.873],[7.6469,49.8722],[7.638,49.8685],[7.6364,49.8712],[7.6339,49.8708],[7.6309,49.8726],[7.6193,49.876],[7.6165,49.8735],[7.6095,49.8783],[7.6078,49.8815],[7.6083,49.887],[7.6065,49.8877],[7.6028,49.8937],[7.6007,49.896],[7.592,49.9021],[7.5922,49.9044],[7.5855,49.9084],[7.5822,49.9084]]]},"properties":{"id":"071335010","name":"Nahe-Glan","territoire":"Rhénanie-Palatinat","sigle":"RLP","pays":"Allemagne","cx":7.624,"cy":49.769}},
{"type":"Feature","geometry":{"type":"Polygon","coordinates":[[[7.9194,49.8818],[7.9201,49.8845],[7.9173,49.889],[7.9168,49.8933],[7.9146,49.8971],[7.9138,49.9026],[7.9126,49.9038],[7.9086,49.9051],[7.908,49.9075],[7.9107,49.9104],[7.9101,49.9123],[7.9031,49.9148],[7.9007,49.9183],[7.8987,49.9198],[7.8989,49.9232],[7.8982,49.9304],[7.8905,49.9301],[7.8858,49.9329],[7.8808,49.9343],[7.8765,49.9363],[7.873,49.935],[7.8689,49.9351],[7.8651,49.9389],[7.8616,49.938],[7.8576,49.9398],[7.8578,49.9412],[7.8506,49.9416],[7.8446,49.943],[7.8412,49.9411],[7.8369,49.94],[7.8284,49.9386],[7.822,49.9368],[7.8145,49.9336],[7.811,49.9337],[7.8064,49.937],[7.8018,49.938],[7.8073,49.9407],[7.805,49.9418],[7.8049,49.9481],[7.8218,49.9486],[7.8206,49.9536],[7.8186,49.9545],[7.8177,49.9569],[7.8099,49.9583],[7.8078,49.9594],[7.803,49.9593],[7.7977,49.9633],[7.7887,49.9675],[7.7801,49.9693],[7.7735,49.9732],[7.7697,49.9797],[7.7706,49.9821],[7.7681,49.9858],[7.7675,49.9885],[7.7623,49.9878],[7.7593,49.9917],[7.7584,49.994],[7.7547,49.9961],[7.7506,49.9962],[7.7461,49.9981],[7.7435,49.9981],[7.7392,49.9998],[7.7346,49.9987],[7.7305,49.9991],[7.7292,49.9973],[7.7251,49.997],[7.7216,49.9976],[7.7193,49.997],[7.7085,49.9976],[7.7054,49.9998],[7.7039,49.9992],[7.694,50.0008],[7.6873,50.001],[7.6872,49.9973],[7.6864,49.9961],[7.6929,49.9931],[7.6943,49.9897],[7.6976,49.9887],[7.702,49.9853],[7.7032,49.9834],[7.7067,49.9807],[7.6987,49.9789],[7.6952,49.9789],[7.6822,49.977],[7.678,49.9756],[7.6701,49.9702],[7.6671,49.9692],[7.667,49.9631],[7.669,49.9593],[7.6623,49.9551],[7.6611,49.9533],[7.6586,49.9535],[7.6577,49.9469],[7.6578,49.9454],[7.6618,49.9418],[7.6621,49.9399],[7.6542,49.9338],[7.6511,49.9308],[7.6509,49.9286],[7.6535,49.928],[7.6573,49.9243],[7.6624,49.9232],[7.6691,49.9246],[7.673,49.9275],[7.6763,49.9283],[7.682,49.9312],[7.6835,49.9296],[7.6887,49.9311],[7.6961,49.9307],[7.7112,49.9317],[7.717,49.9318],[7.7277,49.9307],[7.7289,49.9292],[7.7287,49.9265],[7.7365,49.9241],[7.7403,49.9237],[7.7285,49.9195],[7.7298,49.9164],[7.7382,49.9149],[7.7471,49.9154],[7.7477,49.9139],[7.7581,49.9163],[7.7639,49.9169],[7.7717,49.9183],[7.773,49.9143],[7.7732,49.9111],[7.7667,49.9103],[7.7611,49.9079],[7.7647,49.9072],[7.7646,49.9059],[7.7691,49.9063],[7.772,49.9048],[7.7749,49.8997],[7.7869,49.893],[7.7904,49.8941],[7.7977,49.8922],[7.8034,49.8886],[7.8126,49.886],[7.8192,49.8848],[7.8195,49.8827],[7.822,49.8817],[7.8231,49.8773],[7.8224,49.876],[7.8232,49.8732],[7.8257,49.8725],[7.8325,49.8743],[7.8418,49.8712],[7.846,49.8683],[7.8517,49.8705],[7.8562,49.8753],[7.8544,49.8772],[7.8617,49.8808],[7.8655,49.8789],[7.8739,49.8794],[7.8758,49.8781],[7.8707,49.8761],[7.8708,49.8746],[7.8763,49.8722],[7.8821,49.8705],[7.8781,49.8671],[7.8878,49.8634],[7.8911,49.8646],[7.8949,49.8681],[7.8948,49.8702],[7.8969,49.8721],[7.9048,49.8768],[7.9075,49.8794],[7.913,49.8816],[7.9194,49.8818]]]},"properties":{"id":"071335011","name":"Langenlonsheim-Stromberg","territoire":"Rhénanie-Palatinat","sigle":"RLP","pays":"Allemagne","cx":7.75,"cy":49.953}},
{"type":"Feature","geometry":{"type":"Polygon","coordinates":[[[7.2888,49.6808],[7.2845,49.6782],[7.284,49.6765],[7.2856,49.6729],[7.2856,49.6705],[7.2833,49.6672],[7.2792,49.6678],[7.2755,49.6705],[7.2727,49.6699],[7.2713,49.6678],[7.2713,49.6656],[7.2727,49.6635],[7.2725,49.6615],[7.2695,49.6587],[7.2661,49.658],[7.2636,49.6551],[7.2709,49.6514],[7.2677,49.6511],[7.2601,49.6494],[7.2571,49.6435],[7.2597,49.6429],[7.2597,49.6408],[7.2525,49.6364],[7.2574,49.634],[7.2555,49.6325],[7.2483,49.631],[7.2461,49.6315],[7.2447,49.6288],[7.2363,49.6293],[7.2312,49.629],[7.2276,49.6276],[7.2262,49.6262],[7.2265,49.6241],[7.2302,49.621],[7.2298,49.6192],[7.2262,49.6154],[7.2288,49.6153],[7.2326,49.6112],[7.2323,49.6092],[7.2298,49.6072],[7.2345,49.6063],[7.237,49.6052],[7.2328,49.6015],[7.2266,49.5991],[7.2216,49.5988],[7.216,49.5958],[7.2116,49.5954],[7.2014,49.5956],[7.2156,49.5809],[7.21,49.5771],[7.214,49.5745],[7.2098,49.5682],[7.2134,49.5658],[7.2244,49.5648],[7.2283,49.5656],[7.2315,49.568],[7.2344,49.5675],[7.2408,49.569],[7.2419,49.571],[7.2408,49.5732],[7.2422,49.5739],[7.2495,49.5744],[7.2526,49.574],[7.2537,49.5754],[7.2589,49.5785],[7.2603,49.5823],[7.2636,49.5842],[7.2687,49.5841],[7.2656,49.5786],[7.2628,49.5759],[7.2624,49.5719],[7.2677,49.5681],[7.2692,49.565],[7.2675,49.5639],[7.2692,49.5622],[7.2731,49.5623],[7.2746,49.5611],[7.274,49.5589],[7.2743,49.5551],[7.2735,49.5521],[7.2747,49.5496],[7.2766,49.5486],[7.2793,49.5508],[7.2869,49.5522],[7.2929,49.5524],[7.3007,49.5535],[7.3038,49.5555],[7.3075,49.5534],[7.3101,49.5568],[7.3187,49.5564],[7.3213,49.5552],[7.3246,49.5565],[7.3201,49.5604],[7.3191,49.5623],[7.322,49.565],[7.3269,49.5634],[7.3262,49.5658],[7.3339,49.5652],[7.3356,49.5669],[7.3343,49.5725],[7.3387,49.5732],[7.3408,49.5785],[7.347,49.5804],[7.3468,49.5821],[7.3493,49.5828],[7.3556,49.5824],[7.3555,49.5837],[7.3504,49.5863],[7.353,49.5879],[7.356,49.5885],[7.3592,49.5913],[7.363,49.5959],[7.3683,49.5961],[7.3744,49.5989],[7.3776,49.5962],[7.3805,49.5948],[7.3837,49.5962],[7.3836,49.6],[7.3846,49.6004],[7.3884,49.5979],[7.3943,49.5954],[7.3988,49.5943],[7.4047,49.5953],[7.4077,49.5948],[7.4091,49.5916],[7.4112,49.591],[7.4147,49.5921],[7.4193,49.5908],[7.4205,49.5898],[7.4252,49.5924],[7.4367,49.5924],[7.4398,49.594],[7.4432,49.5983],[7.4414,49.5998],[7.4409,49.6019],[7.4421,49.6056],[7.4404,49.6075],[7.4424,49.6116],[7.4451,49.6147],[7.4475,49.6154],[7.4468,49.6173],[7.4431,49.6178],[7.4384,49.6201],[7.438,49.6243],[7.4365,49.6281],[7.4341,49.6305],[7.4377,49.6323],[7.4345,49.635],[7.4334,49.6373],[7.4339,49.6405],[7.4309,49.6434],[7.4263,49.6447],[7.4267,49.6483],[7.4255,49.6493],[7.4195,49.6489],[7.417,49.6495],[7.4144,49.6522],[7.412,49.653],[7.4053,49.6505],[7.3964,49.6501],[7.3933,49.6525],[7.3921,49.6548],[7.3921,49.6577],[7.3906,49.6612],[7.3841,49.6634],[7.3807,49.6661],[7.3694,49.6624],[7.3618,49.6615],[7.3602,49.6604],[7.3492,49.6604],[7.3459,49.6614],[7.344,49.6602],[7.3387,49.6606],[7.3289,49.6591],[7.3288,49.6609],[7.3237,49.6594],[7.3149,49.6616],[7.3131,49.6644],[7.3078,49.6662],[7.3054,49.6683],[7.307,49.67],[7.2997,49.6735],[7.2977,49.6758],[7.2972,49.6781],[7.2929,49.6787],[7.2888,49.6808]]]},"properties":{"id":"071345001","name":"Baumholder","territoire":"Rhénanie-Palatinat","sigle":"RLP","pays":"Allemagne","cx":7.319,"cy":49.616}},
{"type":"Feature","geometry":{"type":"Polygon","coordinates":[[[7.2725,49.7119],[7.2681,49.7127],[7.2594,49.7155],[7.253,49.7191],[7.2474,49.7199],[7.2456,49.7212],[7.246,49.7251],[7.2425,49.7311],[7.2387,49.733],[7.2348,49.7326],[7.231,49.7347],[7.2283,49.7351],[7.2255,49.7369],[7.2201,49.7388],[7.2172,49.7446],[7.2157,49.746],[7.2113,49.7484],[7.2104,49.752],[7.2077,49.7495],[7.2012,49.7481],[7.1905,49.7431],[7.1853,49.7416],[7.1788,49.7409],[7.1734,49.7368],[7.1708,49.733],[7.1654,49.7306],[7.1577,49.7287],[7.1504,49.729],[7.1467,49.7284],[7.1395,49.7261],[7.1309,49.722],[7.1266,49.7161],[7.1216,49.7137],[7.1154,49.7084],[7.1127,49.7045],[7.1086,49.7005],[7.1096,49.6969],[7.1037,49.6959],[7.0961,49.6964],[7.0903,49.6987],[7.096,49.7005],[7.0988,49.7026],[7.1048,49.7087],[7.1015,49.7094],[7.0995,49.7114],[7.0957,49.7078],[7.0893,49.7077],[7.0857,49.7065],[7.0823,49.7083],[7.0765,49.7081],[7.0752,49.707],[7.072,49.7087],[7.0718,49.7104],[7.0659,49.7063],[7.0579,49.7015],[7.0515,49.6965],[7.0443,49.6893],[7.0497,49.6863],[7.0615,49.6808],[7.0651,49.6769],[7.0621,49.6759],[7.0545,49.6767],[7.0519,49.6749],[7.0528,49.6732],[7.046,49.6727],[7.044,49.6716],[7.052,49.6595],[7.0508,49.6546],[7.0461,49.6503],[7.0419,49.6474],[7.0335,49.6439],[7.028,49.6394],[7.0415,49.6348],[7.0506,49.6321],[7.056,49.6315],[7.0591,49.6305],[7.0683,49.6238],[7.0722,49.6181],[7.0798,49.6113],[7.0847,49.605],[7.0837,49.6032],[7.087,49.6022],[7.089,49.5994],[7.093,49.6036],[7.1006,49.6024],[7.0997,49.6048],[7.1033,49.6044],[7.1048,49.599],[7.1102,49.5986],[7.112,49.5971],[7.1144,49.5977],[7.1184,49.596],[7.1247,49.5956],[7.136,49.5967],[7.1428,49.5988],[7.1457,49.6026],[7.1479,49.6035],[7.1517,49.6037],[7.1555,49.6027],[7.1615,49.5985],[7.1654,49.5971],[7.1686,49.5971],[7.1737,49.5991],[7.175,49.5978],[7.1751,49.5946],[7.1728,49.588],[7.1735,49.5851],[7.1754,49.5851],[7.1821,49.5827],[7.1835,49.5808],[7.1867,49.5797],[7.1872,49.576],[7.1903,49.5771],[7.1954,49.5768],[7.1968,49.5778],[7.1999,49.5772],[7.2061,49.5775],[7.21,49.5771],[7.2156,49.5809],[7.2014,49.5956],[7.2116,49.5954],[7.216,49.5958],[7.2216,49.5988],[7.2266,49.5991],[7.2328,49.6015],[7.237,49.6052],[7.2345,49.6063],[7.2298,49.6072],[7.2323,49.6092],[7.2326,49.6112],[7.2288,49.6153],[7.2262,49.6154],[7.2298,49.6192],[7.2302,49.621],[7.2265,49.6241],[7.2262,49.6262],[7.2276,49.6276],[7.2312,49.629],[7.2363,49.6293],[7.2447,49.6288],[7.2461,49.6315],[7.2483,49.631],[7.2555,49.6325],[7.2574,49.634],[7.2525,49.6364],[7.2597,49.6408],[7.2597,49.6429],[7.2571,49.6435],[7.2601,49.6494],[7.2677,49.6511],[7.2709,49.6514],[7.2636,49.6551],[7.2661,49.658],[7.2695,49.6587],[7.2725,49.6615],[7.2727,49.6635],[7.2713,49.6656],[7.2713,49.6678],[7.2727,49.6699],[7.2755,49.6705],[7.2792,49.6678],[7.2833,49.6672],[7.2856,49.6705],[7.2856,49.6729],[7.284,49.6765],[7.2845,49.6782],[7.2888,49.6808],[7.2906,49.6829],[7.2878,49.6905],[7.2832,49.6932],[7.2842,49.6953],[7.2872,49.6954],[7.2885,49.6985],[7.2866,49.7017],[7.284,49.703],[7.2799,49.7061],[7.2752,49.7108],[7.2725,49.7119]]]},"properties":{"id":"071345002","name":"Birkenfeld","territoire":"Rhénanie-Palatinat","sigle":"RLP","pays":"Allemagne","cx":7.166,"cy":49.664}},
{"type":"Feature","geometry":{"type":"MultiPolygon","coordinates":[[[[7.4462,49.6643],[7.4461,49.6668],[7.4448,49.669],[7.4488,49.6716],[7.4538,49.674],[7.4644,49.6725],[7.4686,49.676],[7.473,49.6773],[7.4746,49.6757],[7.4776,49.6761],[7.4785,49.678],[7.4818,49.678],[7.4821,49.6761],[7.4907,49.6749],[7.4919,49.6766],[7.4967,49.6776],[7.5022,49.6781],[7.5057,49.6776],[7.5085,49.6781],[7.5095,49.6764],[7.5158,49.6774],[7.5218,49.6797],[7.5263,49.6825],[7.5215,49.6858],[7.5211,49.6876],[7.5224,49.6912],[7.5211,49.6946],[7.5192,49.6965],[7.5206,49.7005],[7.5257,49.7053],[7.5228,49.7076],[7.5122,49.708],[7.5111,49.7093],[7.5081,49.7098],[7.5058,49.7079],[7.4937,49.7039],[7.4916,49.7049],[7.4909,49.7069],[7.4878,49.7113],[7.4873,49.7132],[7.4951,49.7161],[7.4966,49.7172],[7.4908,49.7228],[7.4877,49.7285],[7.483,49.7338],[7.4825,49.7359],[7.4806,49.7379],[7.4727,49.7416],[7.4688,49.7399],[7.4675,49.7402],[7.4642,49.7481],[7.4588,49.7471],[7.4571,49.7453],[7.4537,49.7446],[7.446,49.7389],[7.4441,49.7382],[7.4406,49.7351],[7.4314,49.7406],[7.4188,49.7325],[7.4205,49.7293],[7.4146,49.7246],[7.4137,49.7208],[7.4102,49.7209],[7.4103,49.7179],[7.4119,49.7153],[7.4094,49.7126],[7.4072,49.7143],[7.4026,49.7157],[7.3997,49.7155],[7.4004,49.7134],[7.4042,49.7104],[7.4023,49.7087],[7.3961,49.7096],[7.3975,49.7068],[7.3964,49.7042],[7.4002,49.7043],[7.4047,49.7016],[7.4024,49.6995],[7.4047,49.6983],[7.4109,49.6987],[7.413,49.6964],[7.4164,49.6977],[7.4182,49.7005],[7.4226,49.6971],[7.4272,49.6969],[7.4288,49.6956],[7.4292,49.6915],[7.4249,49.686],[7.4197,49.6822],[7.4147,49.6767],[7.4141,49.6715],[7.417,49.6722],[7.4209,49.6764],[7.4248,49.6762],[7.428,49.6781],[7.4327,49.6786],[7.4339,49.674],[7.4352,49.6723],[7.4344,49.6704],[7.4412,49.6682],[7.4462,49.6643]]],[[[7.4154,49.7477],[7.4149,49.7509],[7.4101,49.7531],[7.4146,49.754],[7.4144,49.7566],[7.4171,49.7592],[7.4175,49.7626],[7.4206,49.766],[7.4291,49.7676],[7.4322,49.7701],[7.4376,49.7721],[7.4387,49.771],[7.4416,49.7765],[7.4433,49.7811],[7.4436,49.7868],[7.4412,49.7886],[7.437,49.7901],[7.4384,49.7936],[7.4366,49.7941],[7.433,49.7925],[7.4299,49.7936],[7.4219,49.7991],[7.4186,49.8001],[7.4155,49.7997],[7.4158,49.8023],[7.4079,49.8049],[7.4047,49.8068],[7.4038,49.8094],[7.4009,49.8122],[7.4057,49.8139],[7.4028,49.8179],[7.396,49.8216],[7.3977,49.8254],[7.3958,49.83],[7.3938,49.8321],[7.3913,49.8364],[7.3948,49.8384],[7.3951,49.8404],[7.3903,49.8415],[7.3911,49.8442],[7.3884,49.8457],[7.3878,49.8482],[7.3922,49.8467],[7.3978,49.8481],[7.3934,49.8497],[7.3932,49.8524],[7.3979,49.8523],[7.3973,49.8539],[7.3987,49.8561],[7.3948,49.8582],[7.3884,49.8587],[7.3873,49.8618],[7.3948,49.8609],[7.3959,49.8613],[7.3956,49.8645],[7.3931,49.8661],[7.3962,49.8676],[7.3958,49.8696],[7.3932,49.8713],[7.3946,49.8767],[7.3938,49.8784],[7.398,49.8802],[7.3955,49.8837],[7.3926,49.886],[7.3968,49.8881],[7.3955,49.8897],[7.3943,49.8933],[7.3895,49.8931],[7.3868,49.8963],[7.3817,49.8965],[7.379,49.8961],[7.373,49.8978],[7.3684,49.898],[7.3581,49.8993],[7.3525,49.8984],[7.3502,49.897],[7.3477,49.897],[7.3378,49.8957],[7.3364,49.8987],[7.331,49.9005],[7.3235,49.8993],[7.3183,49.892],[7.3201,49.8907],[7.3151,49.8889],[7.3148,49.8874],[7.3109,49.8839],[7.3026,49.8817],[7.2994,49.8827],[7.294,49.8787],[7.2883,49.8796],[7.2805,49.882],[7.2827,49.8874],[7.2867,49.8889],[7.2867,49.8914],[7.2809,49.8995],[7.2668,49.8943],[7.2625,49.8931],[7.2608,49.8911],[7.2569,49.8917],[7.2544,49.8911],[7.2506,49.8942],[7.2448,49.8943],[7.241,49.8951],[7.2389,49.8925],[7.2338,49.89],[7.2225,49.885],[7.2285,49.8809],[7.2264,49.8798],[7.2313,49.877],[7.2356,49.8756],[7.2329,49.8727],[7.2309,49.8718],[7.2336,49.8694],[7.2371,49.868],[7.2401,49.8703],[7.2378,49.872],[7.2383,49.8737],[7.2448,49.8707],[7.2525,49.8641],[7.2592,49.8617],[7.2638,49.8556],[7.2623,49.8535],[7.2488,49.8469],[7.2423,49.8433],[7.232,49.8382],[7.2264,49.8345],[7.2211,49.8324],[7.2143,49.8302],[7.2004,49.8199],[7.1892,49.8125],[7.1766,49.8059],[7.1736,49.8037],[7.1691,49.8021],[7.1608,49.7975],[7.1572,49.7941],[7.1456,49.7862],[7.1404,49.7833],[7.1336,49.7808],[7.1279,49.7774],[7.1274,49.7751],[7.1254,49.7724],[7.1261,49.7672],[7.1292,49.7644],[7.1305,49.76],[7.1303,49.7583],[7.1239,49.7507],[7.1113,49.7467],[7.108,49.7438],[7.1061,49.7397],[7.1055,49.7377],[7.0965,49.7297],[7.0904,49.727],[7.0831,49.7221],[7.0848,49.7207],[7.0791,49.7175],[7.0718,49.7104],[7.072,49.7087],[7.0752,49.707],[7.0765,49.7081],[7.0823,49.7083],[7.0857,49.7065],[7.0893,49.7077],[7.0957,49.7078],[7.0995,49.7114],[7.1015,49.7094],[7.1048,49.7087],[7.0988,49.7026],[7.096,49.7005],[7.0903,49.6987],[7.0961,49.6964],[7.1037,49.6959],[7.1096,49.6969],[7.1086,49.7005],[7.1127,49.7045],[7.1154,49.7084],[7.1216,49.7137],[7.1266,49.7161],[7.1309,49.722],[7.1395,49.7261],[7.1467,49.7284],[7.1504,49.729],[7.1577,49.7287],[7.1654,49.7306],[7.1708,49.733],[7.1734,49.7368],[7.1788,49.7409],[7.1853,49.7416],[7.1905,49.7431],[7.2012,49.7481],[7.2077,49.7495],[7.2104,49.752],[7.2113,49.7484],[7.2157,49.746],[7.2172,49.7446],[7.2201,49.7388],[7.2255,49.7369],[7.2283,49.7351],[7.231,49.7347],[7.2348,49.7326],[7.2387,49.733],[7.2425,49.7311],[7.246,49.7251],[7.2456,49.7212],[7.2474,49.7199],[7.253,49.7191],[7.2594,49.7155],[7.2681,49.7127],[7.2725,49.7119],[7.2741,49.7214],[7.2727,49.726],[7.2762,49.7271],[7.2702,49.7289],[7.2716,49.7319],[7.2694,49.7317],[7.2675,49.7358],[7.2653,49.7345],[7.2643,49.7318],[7.2616,49.7329],[7.2605,49.7365],[7.2636,49.7398],[7.2608,49.7455],[7.2569,49.7461],[7.2532,49.7459],[7.2531,49.7509],[7.2608,49.7533],[7.2636,49.7532],[7.2669,49.7544],[7.2697,49.7544],[7.2752,49.7519],[7.28,49.7546],[7.2818,49.7533],[7.2757,49.7489],[7.2777,49.7473],[7.2787,49.7448],[7.2816,49.7457],[7.2864,49.7424],[7.2874,49.74],[7.2917,49.7429],[7.2935,49.7419],[7.2911,49.7405],[7.2925,49.7383],[7.2949,49.7387],[7.299,49.7368],[7.3031,49.7357],[7.305,49.7367],[7.3096,49.737],[7.3167,49.74],[7.3178,49.7438],[7.316,49.748],[7.3201,49.7491],[7.3292,49.7507],[7.3307,49.7484],[7.3378,49.742],[7.3359,49.739],[7.3359,49.7368],[7.3309,49.7334],[7.3393,49.7345],[7.3413,49.7332],[7.3424,49.73],[7.3496,49.7274],[7.3498,49.7232],[7.3559,49.7229],[7.3598,49.726],[7.3647,49.7326],[7.365,49.7371],[7.368,49.7407],[7.3684,49.7435],[7.3721,49.746],[7.3702,49.7472],[7.3714,49.7487],[7.3794,49.7469],[7.3806,49.745],[7.3839,49.7449],[7.3888,49.7436],[7.3935,49.741],[7.4009,49.7386],[7.4057,49.7426],[7.4119,49.7466],[7.4154,49.7477]]]]},"properties":{"id":"071345005","name":"Herrstein-Rhaunen","territoire":"Rhénanie-Palatinat","sigle":"RLP","pays":"Allemagne","cx":7.305,"cy":49.81}},
{"type":"Feature","geometry":{"type":"Polygon","coordinates":[[[7.3776,50.2108],[7.3758,50.2093],[7.3661,50.2129],[7.367,50.2142],[7.3644,50.2153],[7.3634,50.2181],[7.3567,50.2143],[7.3537,50.2118],[7.35,50.2073],[7.3516,50.2044],[7.3478,50.2025],[7.3511,50.202],[7.3499,50.1974],[7.3454,50.2008],[7.3416,50.199],[7.3376,50.1987],[7.3345,50.2008],[7.33,50.1999],[7.3257,50.1985],[7.3173,50.1994],[7.3128,50.1988],[7.305,50.2037],[7.3026,50.2044],[7.3007,50.2068],[7.2983,50.2057],[7.2989,50.2035],[7.2942,50.2024],[7.2882,50.2009],[7.2848,50.1972],[7.286,50.1958],[7.2859,50.1934],[7.2838,50.1923],[7.2835,50.1901],[7.2773,50.1913],[7.2777,50.1888],[7.2818,50.1881],[7.2811,50.1857],[7.2791,50.1859],[7.2752,50.1849],[7.2731,50.183],[7.2741,50.1806],[7.2701,50.1745],[7.2687,50.1741],[7.2629,50.1765],[7.2615,50.1764],[7.258,50.1714],[7.2552,50.1742],[7.2575,50.1775],[7.2544,50.1772],[7.2519,50.1748],[7.2521,50.1716],[7.2486,50.1727],[7.2449,50.173],[7.2442,50.1753],[7.2406,50.173],[7.2322,50.1721],[7.2303,50.173],[7.2269,50.1718],[7.2253,50.174],[7.2255,50.1777],[7.2225,50.1812],[7.2191,50.1823],[7.2156,50.1845],[7.2151,50.1896],[7.2171,50.1958],[7.2199,50.1959],[7.2283,50.1981],[7.2281,50.1999],[7.2247,50.1989],[7.2194,50.2004],[7.2191,50.2022],[7.2159,50.2047],[7.2181,50.2066],[7.2134,50.2076],[7.2092,50.2106],[7.2104,50.2125],[7.2079,50.2157],[7.2038,50.2135],[7.201,50.2137],[7.1957,50.2132],[7.1902,50.2107],[7.1888,50.2077],[7.1906,50.2059],[7.1916,50.203],[7.1943,50.1991],[7.1916,50.1976],[7.1936,50.1949],[7.1938,50.1931],[7.1912,50.1923],[7.1956,50.1898],[7.1967,50.188],[7.1875,50.185],[7.1878,50.1828],[7.1848,50.1833],[7.1803,50.1817],[7.1774,50.1828],[7.1656,50.1836],[7.163,50.1833],[7.159,50.1844],[7.1504,50.1881],[7.1429,50.1896],[7.1456,50.1911],[7.1396,50.1937],[7.1366,50.1974],[7.1314,50.1974],[7.1255,50.2032],[7.1177,50.2036],[7.106,50.2036],[7.1017,50.2011],[7.1007,50.1987],[7.0991,50.1974],[7.0985,50.194],[7.1031,50.1941],[7.1014,50.1912],[7.1024,50.1895],[7.1048,50.1882],[7.1098,50.1833],[7.1108,50.1806],[7.1177,50.1809],[7.1176,50.1794],[7.1148,50.1772],[7.1111,50.1762],[7.1064,50.174],[7.1019,50.1706],[7.1029,50.1685],[7.0993,50.1659],[7.1013,50.1634],[7.1031,50.1562],[7.1014,50.152],[7.0965,50.1474],[7.0939,50.1455],[7.0915,50.145],[7.0952,50.1407],[7.096,50.1384],[7.1005,50.1369],[7.102,50.1343],[7.1051,50.1324],[7.1049,50.1295],[7.1028,50.1281],[7.1043,50.1257],[7.1025,50.1213],[7.1061,50.1176],[7.1015,50.1165],[7.0961,50.117],[7.0896,50.1157],[7.0827,50.1125],[7.0819,50.1138],[7.0759,50.1107],[7.0748,50.1084],[7.0784,50.1065],[7.0746,50.1061],[7.0709,50.1049],[7.0727,50.103],[7.0731,50.1007],[7.0764,50.0982],[7.0827,50.0983],[7.0883,50.0945],[7.0894,50.0927],[7.0981,50.0869],[7.0991,50.0876],[7.1067,50.0878],[7.1097,50.0872],[7.1116,50.0879],[7.1162,50.0862],[7.1198,50.0879],[7.123,50.0854],[7.1293,50.0884],[7.1305,50.0907],[7.1348,50.0899],[7.1358,50.0934],[7.1345,50.0957],[7.1325,50.0967],[7.126,50.0985],[7.1266,50.1001],[7.1334,50.0987],[7.1376,50.0988],[7.1397,50.0966],[7.1465,50.094],[7.1496,50.0887],[7.1533,50.0872],[7.1524,50.0859],[7.1559,50.0837],[7.1625,50.0816],[7.1665,50.0793],[7.1665,50.078],[7.1711,50.0789],[7.1767,50.0741],[7.1764,50.0693],[7.1733,50.0669],[7.1777,50.0652],[7.1798,50.0621],[7.1826,50.0608],[7.187,50.0611],[7.1918,50.0622],[7.1954,50.0586],[7.1996,50.0608],[7.2049,50.056],[7.2125,50.0542],[7.2086,50.0512],[7.2053,50.0469],[7.2092,50.0458],[7.2127,50.0465],[7.2182,50.0468],[7.2168,50.0484],[7.2132,50.0489],[7.2119,50.05],[7.2152,50.0538],[7.212,50.0557],[7.2143,50.0575],[7.2148,50.0598],[7.2173,50.0621],[7.2122,50.0642],[7.2135,50.0672],[7.2137,50.0703],[7.2112,50.0695],[7.2099,50.0718],[7.2124,50.0725],[7.2134,50.0753],[7.2201,50.0766],[7.2227,50.0783],[7.2288,50.0785],[7.2318,50.0795],[7.236,50.0788],[7.2404,50.081],[7.2439,50.0806],[7.2482,50.0816],[7.2462,50.0838],[7.2469,50.0863],[7.2445,50.0909],[7.2479,50.095],[7.2516,50.0971],[7.2524,50.0989],[7.2596,50.0993],[7.26,50.1036],[7.2771,50.1077],[7.2781,50.1095],[7.2828,50.1107],[7.284,50.1152],[7.2872,50.1172],[7.29,50.12],[7.2933,50.119],[7.3,50.1239],[7.3039,50.1282],[7.3145,50.1333],[7.3174,50.1332],[7.3201,50.1308],[7.322,50.1302],[7.3238,50.1276],[7.3266,50.1255],[7.3287,50.1252],[7.3325,50.1273],[7.3357,50.1278],[7.3391,50.1294],[7.3404,50.1275],[7.3462,50.1266],[7.3492,50.1276],[7.3507,50.1299],[7.3543,50.1303],[7.3579,50.1328],[7.3629,50.1319],[7.3691,50.1288],[7.3724,50.1307],[7.376,50.1338],[7.3748,50.1345],[7.3744,50.1392],[7.3694,50.1403],[7.3696,50.1421],[7.3717,50.1433],[7.3703,50.1448],[7.3658,50.1433],[7.3635,50.1452],[7.3642,50.147],[7.3676,50.1486],[7.3667,50.1498],[7.3695,50.153],[7.3741,50.1563],[7.3739,50.1571],[7.379,50.1605],[7.3819,50.1608],[7.38,50.1653],[7.3748,50.1735],[7.3686,50.1726],[7.3744,50.176],[7.37,50.1807],[7.3644,50.1778],[7.3599,50.1788],[7.359,50.1824],[7.3456,50.1809],[7.3447,50.1835],[7.3562,50.185],[7.3658,50.1874],[7.369,50.189],[7.3713,50.1912],[7.3753,50.1976],[7.3764,50.2014],[7.3786,50.2044],[7.3836,50.2092],[7.3776,50.2108]]]},"properties":{"id":"071355001","name":"Cochem","territoire":"Rhénanie-Palatinat","sigle":"RLP","pays":"Allemagne","cx":7.209,"cy":50.126}},
{"type":"Feature","geometry":{"type":"Polygon","coordinates":[[[7.2942,50.2024],[7.2928,50.2061],[7.2972,50.2106],[7.303,50.2098],[7.3045,50.2078],[7.3083,50.2066],[7.3136,50.2098],[7.3187,50.2143],[7.3148,50.217],[7.3139,50.219],[7.3059,50.2206],[7.3041,50.223],[7.3037,50.2253],[7.3003,50.2259],[7.3018,50.2307],[7.2979,50.23],[7.2951,50.2338],[7.2972,50.2355],[7.2912,50.237],[7.2924,50.2385],[7.2887,50.2403],[7.2868,50.2423],[7.2904,50.2423],[7.2873,50.245],[7.2803,50.2443],[7.2765,50.2461],[7.271,50.2495],[7.2705,50.2522],[7.2678,50.2518],[7.2616,50.2521],[7.2575,50.2547],[7.2519,50.2556],[7.2472,50.2554],[7.2431,50.2531],[7.2426,50.2572],[7.2461,50.2592],[7.246,50.2612],[7.2413,50.26],[7.2375,50.2601],[7.2334,50.261],[7.23,50.2634],[7.2244,50.2602],[7.2182,50.2607],[7.215,50.2585],[7.2062,50.2597],[7.2036,50.2592],[7.2027,50.2618],[7.1994,50.2626],[7.1976,50.2641],[7.1937,50.2633],[7.1912,50.2619],[7.1884,50.2646],[7.185,50.2657],[7.1861,50.2679],[7.1888,50.2695],[7.1881,50.2743],[7.186,50.2761],[7.1872,50.2782],[7.1849,50.2791],[7.1825,50.2772],[7.1771,50.2743],[7.1753,50.2754],[7.1766,50.2775],[7.1738,50.2811],[7.1724,50.2813],[7.169,50.2787],[7.1671,50.2787],[7.1633,50.281],[7.1586,50.2776],[7.1537,50.2762],[7.1506,50.2748],[7.1525,50.2719],[7.1492,50.2695],[7.1444,50.2682],[7.1375,50.265],[7.1296,50.2671],[7.1285,50.2652],[7.1245,50.263],[7.1213,50.2655],[7.1203,50.2682],[7.124,50.2733],[7.1229,50.2763],[7.1203,50.2732],[7.117,50.2724],[7.1132,50.2705],[7.1057,50.2724],[7.1034,50.2734],[7.1007,50.2733],[7.0959,50.2715],[7.0934,50.2729],[7.0872,50.2714],[7.0843,50.2732],[7.0774,50.272],[7.0759,50.275],[7.0797,50.2786],[7.0771,50.2793],[7.0735,50.278],[7.0715,50.281],[7.0688,50.2798],[7.0703,50.2796],[7.0704,50.2769],[7.0686,50.2722],[7.0663,50.2703],[7.0622,50.2618],[7.0644,50.261],[7.0646,50.2594],[7.0617,50.2582],[7.0604,50.2543],[7.0576,50.252],[7.0586,50.2505],[7.0576,50.2484],[7.0531,50.2464],[7.0522,50.2444],[7.054,50.2417],[7.0566,50.2405],[7.0479,50.2389],[7.0458,50.2389],[7.0496,50.2353],[7.0487,50.2336],[7.0447,50.2304],[7.0444,50.2283],[7.0457,50.2272],[7.0511,50.226],[7.0506,50.2223],[7.0527,50.2189],[7.0558,50.2167],[7.056,50.2144],[7.0542,50.2128],[7.0573,50.21],[7.0587,50.206],[7.0584,50.2044],[7.0609,50.2029],[7.0653,50.2029],[7.0698,50.2051],[7.0732,50.2056],[7.0786,50.2044],[7.0802,50.206],[7.0867,50.2034],[7.0868,50.2005],[7.0924,50.1999],[7.0954,50.1954],[7.0985,50.194],[7.0991,50.1974],[7.1007,50.1987],[7.1017,50.2011],[7.106,50.2036],[7.1177,50.2036],[7.1255,50.2032],[7.1314,50.1974],[7.1366,50.1974],[7.1396,50.1937],[7.1456,50.1911],[7.1429,50.1896],[7.1504,50.1881],[7.159,50.1844],[7.163,50.1833],[7.1656,50.1836],[7.1774,50.1828],[7.1803,50.1817],[7.1848,50.1833],[7.1878,50.1828],[7.1875,50.185],[7.1967,50.188],[7.1956,50.1898],[7.1912,50.1923],[7.1938,50.1931],[7.1936,50.1949],[7.1916,50.1976],[7.1943,50.1991],[7.1916,50.203],[7.1906,50.2059],[7.1888,50.2077],[7.1902,50.2107],[7.1957,50.2132],[7.201,50.2137],[7.2038,50.2135],[7.2079,50.2157],[7.2104,50.2125],[7.2092,50.2106],[7.2134,50.2076],[7.2181,50.2066],[7.2159,50.2047],[7.2191,50.2022],[7.2194,50.2004],[7.2247,50.1989],[7.2281,50.1999],[7.2283,50.1981],[7.2199,50.1959],[7.2171,50.1958],[7.2151,50.1896],[7.2156,50.1845],[7.2191,50.1823],[7.2225,50.1812],[7.2255,50.1777],[7.2253,50.174],[7.2269,50.1718],[7.2303,50.173],[7.2322,50.1721],[7.2406,50.173],[7.2442,50.1753],[7.2449,50.173],[7.2486,50.1727],[7.2521,50.1716],[7.2519,50.1748],[7.2544,50.1772],[7.2575,50.1775],[7.2552,50.1742],[7.258,50.1714],[7.2615,50.1764],[7.2629,50.1765],[7.2687,50.1741],[7.2701,50.1745],[7.2741,50.1806],[7.2731,50.183],[7.2752,50.1849],[7.2791,50.1859],[7.2811,50.1857],[7.2818,50.1881],[7.2777,50.1888],[7.2773,50.1913],[7.2835,50.1901],[7.2838,50.1923],[7.2859,50.1934],[7.286,50.1958],[7.2848,50.1972],[7.2882,50.2009],[7.2942,50.2024]]]},"properties":{"id":"071355002","name":"Kaisersesch","territoire":"Rhénanie-Palatinat","sigle":"RLP","pays":"Allemagne","cx":7.166,"cy":50.236}},
{"type":"Feature","geometry":{"type":"Polygon","coordinates":[[[7.0985,50.194],[7.0954,50.1954],[7.0924,50.1999],[7.0868,50.2005],[7.0867,50.2034],[7.0802,50.206],[7.0786,50.2044],[7.0732,50.2056],[7.0698,50.2051],[7.0653,50.2029],[7.0609,50.2029],[7.0584,50.2044],[7.0587,50.206],[7.0573,50.21],[7.0542,50.2128],[7.056,50.2144],[7.0558,50.2167],[7.0527,50.2189],[7.0506,50.2223],[7.0511,50.226],[7.0457,50.2272],[7.0444,50.2283],[7.0447,50.2304],[7.0487,50.2336],[7.0496,50.2353],[7.0458,50.2389],[7.0408,50.2392],[7.0366,50.2364],[7.0352,50.2343],[7.034,50.2287],[7.0344,50.226],[7.032,50.2252],[7.0232,50.2256],[7.0178,50.2235],[7.0118,50.2227],[7.0071,50.2191],[7.0045,50.2223],[7.0064,50.2245],[7.0052,50.2274],[7,50.23],[6.9977,50.2336],[6.9951,50.2345],[6.9948,50.2366],[6.99,50.2341],[6.9876,50.2335],[6.9841,50.2339],[6.9788,50.2368],[6.9766,50.2365],[6.973,50.2328],[6.9708,50.2295],[6.9661,50.2269],[6.9586,50.2263],[6.9553,50.2234],[6.9571,50.2207],[6.9596,50.2199],[6.96,50.2175],[6.9548,50.2146],[6.9539,50.2135],[6.9527,50.2078],[6.9554,50.2043],[6.9557,50.1994],[6.9588,50.1963],[6.9605,50.1919],[6.9634,50.1874],[6.9623,50.1845],[6.9641,50.1827],[6.9648,50.1799],[6.972,50.1756],[6.9708,50.1695],[6.9716,50.1673],[6.9683,50.1655],[6.9729,50.1617],[6.9708,50.16],[6.9655,50.1604],[6.9617,50.1584],[6.9564,50.1586],[6.9556,50.1579],[6.9581,50.1553],[6.9602,50.1545],[6.9625,50.1522],[6.9658,50.1517],[6.9664,50.1505],[6.9701,50.1484],[6.9765,50.1387],[6.981,50.1374],[6.9939,50.1365],[6.9956,50.1331],[6.993,50.1325],[6.9904,50.1337],[6.99,50.1314],[6.986,50.1302],[6.9864,50.1281],[6.9825,50.1281],[6.9819,50.1254],[6.9791,50.1242],[6.9794,50.1229],[6.9833,50.1215],[6.9804,50.1201],[6.9818,50.1186],[6.9776,50.1131],[6.9799,50.1102],[6.984,50.1098],[6.9849,50.108],[6.9791,50.1073],[6.9813,50.1047],[6.9798,50.103],[6.9801,50.0994],[6.979,50.0979],[6.9773,50.0945],[6.9794,50.0928],[6.9783,50.0894],[6.9784,50.0866],[6.9798,50.085],[6.9837,50.0858],[6.9828,50.0826],[6.9909,50.0848],[6.9957,50.0854],[7.0031,50.0854],[7.0024,50.0803],[7.0061,50.0793],[7.0075,50.0805],[7.005,50.0821],[7.0061,50.0832],[7.0101,50.0813],[7.0091,50.0791],[7.0152,50.078],[7.0156,50.0765],[7.021,50.0735],[7.0227,50.0667],[7.0321,50.0651],[7.0351,50.0667],[7.0385,50.067],[7.0424,50.0655],[7.0448,50.068],[7.0484,50.0674],[7.0558,50.0699],[7.0584,50.0681],[7.0621,50.069],[7.0678,50.0674],[7.0689,50.0652],[7.0724,50.0645],[7.0762,50.0658],[7.0852,50.0661],[7.0846,50.0678],[7.0799,50.0709],[7.0802,50.0742],[7.0842,50.0804],[7.0856,50.0811],[7.0893,50.086],[7.0917,50.0855],[7.0972,50.0856],[7.0981,50.0869],[7.0894,50.0927],[7.0883,50.0945],[7.0827,50.0983],[7.0764,50.0982],[7.0731,50.1007],[7.0727,50.103],[7.0709,50.1049],[7.0746,50.1061],[7.0784,50.1065],[7.0748,50.1084],[7.0759,50.1107],[7.0819,50.1138],[7.0827,50.1125],[7.0896,50.1157],[7.0961,50.117],[7.1015,50.1165],[7.1061,50.1176],[7.1025,50.1213],[7.1043,50.1257],[7.1028,50.1281],[7.1049,50.1295],[7.1051,50.1324],[7.102,50.1343],[7.1005,50.1369],[7.096,50.1384],[7.0952,50.1407],[7.0915,50.145],[7.0939,50.1455],[7.0965,50.1474],[7.1014,50.152],[7.1031,50.1562],[7.1013,50.1634],[7.0993,50.1659],[7.1029,50.1685],[7.1019,50.1706],[7.1064,50.174],[7.1111,50.1762],[7.1148,50.1772],[7.1176,50.1794],[7.1177,50.1809],[7.1108,50.1806],[7.1098,50.1833],[7.1048,50.1882],[7.1024,50.1895],[7.1014,50.1912],[7.1031,50.1941],[7.0985,50.194]]]},"properties":{"id":"071355003","name":"Ulmen","territoire":"Rhénanie-Palatinat","sigle":"RLP","pays":"Allemagne","cx":7.036,"cy":50.155}},
{"type":"Feature","geometry":{"type":"Polygon","coordinates":[[[7.0981,50.0869],[7.0972,50.0856],[7.0917,50.0855],[7.0893,50.086],[7.0856,50.0811],[7.0842,50.0804],[7.0802,50.0742],[7.0799,50.0709],[7.0846,50.0678],[7.0852,50.0661],[7.0866,50.0638],[7.0887,50.0628],[7.0958,50.0631],[7.0985,50.062],[7.1011,50.0572],[7.1006,50.0554],[7.0962,50.0544],[7.0971,50.0507],[7.099,50.0498],[7.1019,50.0503],[7.1034,50.0487],[7.1036,50.0434],[7.1048,50.0409],[7.1023,50.0399],[7.1033,50.0361],[7.1158,50.03],[7.1216,50.0291],[7.1253,50.0264],[7.1254,50.0222],[7.1309,50.0132],[7.1302,50.0082],[7.1361,50.0046],[7.1354,50.0015],[7.1362,49.9999],[7.1454,49.9995],[7.1467,49.9974],[7.1474,49.9941],[7.1468,49.9906],[7.1492,49.9909],[7.1598,49.9932],[7.1628,49.9934],[7.1684,49.9916],[7.1736,49.9893],[7.1835,49.9887],[7.1878,49.9864],[7.19,49.9872],[7.1965,49.9864],[7.1931,49.9838],[7.1906,49.9811],[7.1897,49.977],[7.1938,49.9734],[7.1984,49.9702],[7.1995,49.9683],[7.2027,49.9663],[7.2156,49.9673],[7.2162,49.9664],[7.2266,49.9633],[7.2307,49.9632],[7.2326,49.9612],[7.2358,49.9626],[7.24,49.9599],[7.243,49.9594],[7.2532,49.9618],[7.2516,49.9642],[7.2536,49.9666],[7.2535,49.9684],[7.2584,49.9699],[7.2596,49.9714],[7.2608,49.9752],[7.2625,49.9756],[7.2668,49.9746],[7.2684,49.972],[7.2734,49.9724],[7.2734,49.9711],[7.2837,49.9702],[7.2866,49.9727],[7.2896,49.9773],[7.2882,49.9776],[7.2909,49.9814],[7.287,49.9859],[7.2879,49.9874],[7.2854,49.9904],[7.285,49.9922],[7.2863,49.9939],[7.2932,49.9935],[7.2971,49.9925],[7.3018,49.9935],[7.3051,49.9928],[7.3127,49.9957],[7.3173,49.9967],[7.3218,49.9986],[7.323,49.9998],[7.3282,50.0012],[7.3342,50.004],[7.3337,50.0091],[7.3348,50.0113],[7.3386,50.0104],[7.3419,50.0111],[7.3477,50.0099],[7.3485,50.0092],[7.3543,50.0118],[7.3551,50.015],[7.3523,50.0202],[7.3499,50.0213],[7.3495,50.0239],[7.3447,50.0279],[7.3426,50.0313],[7.3398,50.039],[7.3369,50.0438],[7.3321,50.0505],[7.3275,50.0587],[7.3181,50.0635],[7.3147,50.0659],[7.3182,50.0682],[7.3234,50.0666],[7.3265,50.0625],[7.3309,50.0635],[7.3407,50.0632],[7.3416,50.0655],[7.3439,50.067],[7.3441,50.0706],[7.3417,50.0736],[7.3459,50.0775],[7.3437,50.0818],[7.3488,50.0847],[7.3486,50.0865],[7.3453,50.0873],[7.34,50.091],[7.3381,50.0931],[7.3352,50.0941],[7.3314,50.0942],[7.3297,50.0956],[7.3249,50.0949],[7.3233,50.0936],[7.3206,50.095],[7.3211,50.0967],[7.3195,50.0985],[7.3146,50.0987],[7.313,50.1017],[7.3088,50.1035],[7.3076,50.1071],[7.3055,50.1106],[7.3031,50.1123],[7.3,50.112],[7.2967,50.1148],[7.2974,50.1181],[7.2933,50.119],[7.29,50.12],[7.2872,50.1172],[7.284,50.1152],[7.2828,50.1107],[7.2781,50.1095],[7.2771,50.1077],[7.26,50.1036],[7.2596,50.0993],[7.2524,50.0989],[7.2516,50.0971],[7.2479,50.095],[7.2445,50.0909],[7.2469,50.0863],[7.2462,50.0838],[7.2482,50.0816],[7.2439,50.0806],[7.2404,50.081],[7.236,50.0788],[7.2318,50.0795],[7.2288,50.0785],[7.2227,50.0783],[7.2201,50.0766],[7.2134,50.0753],[7.2124,50.0725],[7.2099,50.0718],[7.2112,50.0695],[7.2137,50.0703],[7.2135,50.0672],[7.2122,50.0642],[7.2173,50.0621],[7.2148,50.0598],[7.2143,50.0575],[7.212,50.0557],[7.2152,50.0538],[7.2119,50.05],[7.2132,50.0489],[7.2168,50.0484],[7.2182,50.0468],[7.2127,50.0465],[7.2092,50.0458],[7.2053,50.0469],[7.2086,50.0512],[7.2125,50.0542],[7.2049,50.056],[7.1996,50.0608],[7.1954,50.0586],[7.1918,50.0622],[7.187,50.0611],[7.1826,50.0608],[7.1798,50.0621],[7.1777,50.0652],[7.1733,50.0669],[7.1764,50.0693],[7.1767,50.0741],[7.1711,50.0789],[7.1665,50.078],[7.1665,50.0793],[7.1625,50.0816],[7.1559,50.0837],[7.1524,50.0859],[7.1533,50.0872],[7.1496,50.0887],[7.1465,50.094],[7.1397,50.0966],[7.1376,50.0988],[7.1334,50.0987],[7.1266,50.1001],[7.126,50.0985],[7.1325,50.0967],[7.1345,50.0957],[7.1358,50.0934],[7.1348,50.0899],[7.1305,50.0907],[7.1293,50.0884],[7.123,50.0854],[7.1198,50.0879],[7.1162,50.0862],[7.1116,50.0879],[7.1097,50.0872],[7.1067,50.0878],[7.0991,50.0876],[7.0981,50.0869]]]},"properties":{"id":"071355005","name":"Zell (Mosel)","territoire":"Rhénanie-Palatinat","sigle":"RLP","pays":"Allemagne","cx":7.256,"cy":50.025}},
{"type":"Feature","geometry":{"type":"Polygon","coordinates":[[[7.2958,50.4354],[7.2916,50.4338],[7.2886,50.4341],[7.2882,50.4312],[7.2865,50.428],[7.2814,50.4278],[7.2729,50.4265],[7.266,50.4273],[7.2561,50.4251],[7.2558,50.4223],[7.2592,50.42],[7.2576,50.4186],[7.2577,50.4167],[7.2538,50.414],[7.2571,50.4127],[7.2612,50.4166],[7.2621,50.4198],[7.2673,50.423],[7.2721,50.4229],[7.2771,50.4217],[7.2826,50.4191],[7.2851,50.4171],[7.2863,50.4115],[7.2855,50.4098],[7.2824,50.4083],[7.2779,50.4078],[7.2804,50.4053],[7.2776,50.4036],[7.2774,50.4016],[7.2754,50.3985],[7.2777,50.397],[7.2851,50.3965],[7.2891,50.3949],[7.292,50.392],[7.299,50.3898],[7.303,50.3875],[7.2982,50.3855],[7.3001,50.3848],[7.3,50.3827],[7.3043,50.3816],[7.3074,50.3794],[7.3122,50.3786],[7.3112,50.3774],[7.3166,50.3745],[7.3154,50.3732],[7.3193,50.3719],[7.32,50.37],[7.3176,50.3686],[7.3188,50.3672],[7.3292,50.3629],[7.3298,50.3609],[7.3261,50.3596],[7.324,50.3579],[7.3231,50.3558],[7.327,50.3534],[7.3351,50.3507],[7.334,50.3493],[7.3373,50.3479],[7.3435,50.3539],[7.3496,50.3537],[7.3602,50.3645],[7.3657,50.3681],[7.3714,50.367],[7.3747,50.3724],[7.379,50.3732],[7.3817,50.3716],[7.3925,50.3672],[7.3967,50.3682],[7.4126,50.3673],[7.4177,50.368],[7.422,50.3696],[7.4246,50.3676],[7.422,50.3651],[7.4251,50.3636],[7.4305,50.3621],[7.4369,50.3618],[7.438,50.3635],[7.4388,50.3698],[7.437,50.3707],[7.442,50.3731],[7.4373,50.3758],[7.4384,50.3773],[7.4373,50.3799],[7.4403,50.381],[7.4416,50.383],[7.4396,50.3875],[7.4374,50.3883],[7.4343,50.386],[7.4313,50.3865],[7.4288,50.3882],[7.4266,50.3885],[7.417,50.3914],[7.415,50.3892],[7.4035,50.3884],[7.4062,50.3931],[7.4053,50.3955],[7.3956,50.3997],[7.3972,50.4032],[7.3886,50.4052],[7.3879,50.4127],[7.3793,50.4133],[7.379,50.4141],[7.3719,50.4154],[7.3662,50.4159],[7.3657,50.4175],[7.3633,50.4194],[7.3617,50.4222],[7.3547,50.4197],[7.3517,50.4194],[7.3485,50.4179],[7.3445,50.4217],[7.3404,50.4213],[7.3247,50.4223],[7.3173,50.4243],[7.3152,50.4233],[7.3121,50.4243],[7.3059,50.4239],[7.3044,50.4257],[7.2984,50.4259],[7.298,50.4277],[7.2952,50.4297],[7.2964,50.4328],[7.2958,50.4354]]]},"properties":{"id":"071375001","name":"Pellenz","territoire":"Rhénanie-Palatinat","sigle":"RLP","pays":"Allemagne","cx":7.35,"cy":50.391}},
{"type":"Feature","geometry":{"type":"Polygon","coordinates":[[[7.2468,50.2818],[7.2441,50.2766],[7.24,50.2728],[7.2373,50.2684],[7.2397,50.2661],[7.2429,50.2646],[7.243,50.2623],[7.2375,50.2613],[7.2375,50.2601],[7.2413,50.26],[7.246,50.2612],[7.2461,50.2592],[7.2426,50.2572],[7.2431,50.2531],[7.2472,50.2554],[7.2519,50.2556],[7.2575,50.2547],[7.2616,50.2521],[7.2678,50.2518],[7.2705,50.2522],[7.271,50.2495],[7.2765,50.2461],[7.2803,50.2443],[7.2873,50.245],[7.2904,50.2423],[7.2868,50.2423],[7.2887,50.2403],[7.2924,50.2385],[7.2912,50.237],[7.2972,50.2355],[7.2951,50.2338],[7.2979,50.23],[7.3018,50.2307],[7.3003,50.2259],[7.3037,50.2253],[7.3041,50.223],[7.3059,50.2206],[7.3139,50.219],[7.3148,50.217],[7.3187,50.2143],[7.3136,50.2098],[7.3083,50.2066],[7.3045,50.2078],[7.303,50.2098],[7.2972,50.2106],[7.2928,50.2061],[7.2942,50.2024],[7.2989,50.2035],[7.2983,50.2057],[7.3007,50.2068],[7.3026,50.2044],[7.305,50.2037],[7.3128,50.1988],[7.3173,50.1994],[7.3257,50.1985],[7.33,50.1999],[7.3345,50.2008],[7.3376,50.1987],[7.3416,50.199],[7.3454,50.2008],[7.3499,50.1974],[7.3511,50.202],[7.3478,50.2025],[7.3516,50.2044],[7.35,50.2073],[7.3537,50.2118],[7.3567,50.2143],[7.3634,50.2181],[7.3644,50.2153],[7.367,50.2142],[7.3661,50.2129],[7.3758,50.2093],[7.3776,50.2108],[7.3825,50.2168],[7.3886,50.2223],[7.3926,50.2246],[7.3948,50.2279],[7.392,50.2319],[7.3966,50.232],[7.3988,50.2292],[7.4012,50.231],[7.4044,50.2313],[7.4084,50.2386],[7.4082,50.2396],[7.4122,50.2422],[7.4136,50.2449],[7.4179,50.2468],[7.4184,50.2501],[7.4103,50.2542],[7.4078,50.2564],[7.4096,50.257],[7.4061,50.2605],[7.4116,50.2624],[7.4099,50.2652],[7.4149,50.2683],[7.4116,50.2713],[7.4103,50.2706],[7.4049,50.2755],[7.4043,50.2779],[7.4013,50.2772],[7.3991,50.2803],[7.3958,50.2798],[7.3944,50.282],[7.3958,50.283],[7.4,50.2835],[7.3991,50.2854],[7.3964,50.2848],[7.3942,50.288],[7.3952,50.2893],[7.3987,50.2909],[7.3967,50.2918],[7.4021,50.2975],[7.4043,50.2993],[7.4064,50.2982],[7.4114,50.298],[7.4155,50.2988],[7.4137,50.3013],[7.4118,50.3011],[7.4093,50.3034],[7.4094,50.306],[7.4137,50.3088],[7.4173,50.3095],[7.4164,50.3109],[7.419,50.3127],[7.4201,50.3163],[7.4169,50.3182],[7.4151,50.321],[7.4118,50.3195],[7.4114,50.3215],[7.409,50.3229],[7.4086,50.3278],[7.4165,50.3347],[7.4116,50.3368],[7.4105,50.3405],[7.4166,50.3407],[7.4167,50.3432],[7.4081,50.3455],[7.4096,50.347],[7.416,50.3485],[7.4234,50.3464],[7.4255,50.348],[7.435,50.3502],[7.4336,50.3529],[7.4364,50.3537],[7.4346,50.3567],[7.4296,50.3565],[7.4287,50.359],[7.4251,50.3636],[7.422,50.3651],[7.4246,50.3676],[7.422,50.3696],[7.4177,50.368],[7.4126,50.3673],[7.3967,50.3682],[7.3925,50.3672],[7.3817,50.3716],[7.379,50.3732],[7.3747,50.3724],[7.3714,50.367],[7.3657,50.3681],[7.3602,50.3645],[7.3496,50.3537],[7.3435,50.3539],[7.3373,50.3479],[7.334,50.3493],[7.3315,50.3473],[7.3332,50.3449],[7.3308,50.3429],[7.3276,50.3452],[7.321,50.3426],[7.3187,50.3429],[7.3174,50.3446],[7.3139,50.3438],[7.31,50.3463],[7.307,50.3494],[7.3026,50.348],[7.2977,50.3488],[7.293,50.3447],[7.2893,50.3433],[7.2919,50.3416],[7.2947,50.3389],[7.2961,50.3347],[7.2963,50.3316],[7.2881,50.3311],[7.2795,50.3271],[7.2778,50.326],[7.2788,50.3184],[7.2753,50.3174],[7.2716,50.3155],[7.268,50.312],[7.2656,50.3122],[7.2612,50.311],[7.2589,50.3132],[7.2563,50.314],[7.2513,50.3132],[7.2482,50.3144],[7.2476,50.3121],[7.2522,50.3089],[7.2515,50.3069],[7.2495,50.306],[7.2521,50.3031],[7.2485,50.3017],[7.2468,50.2995],[7.2523,50.2951],[7.2575,50.2885],[7.2575,50.2839],[7.2552,50.2851],[7.2468,50.2818]]]},"properties":{"id":"071375002","name":"Maifeld","territoire":"Rhénanie-Palatinat","sigle":"RLP","pays":"Allemagne","cx":7.34,"cy":50.286}},
{"type":"Feature","geometry":{"type":"Polygon","coordinates":[[[7.2736,50.3369],[7.2707,50.3399],[7.272,50.3433],[7.2719,50.3467],[7.2688,50.3507],[7.2654,50.352],[7.2638,50.3553],[7.2655,50.3558],[7.2638,50.3586],[7.2608,50.357],[7.2545,50.3593],[7.2487,50.3595],[7.2414,50.3585],[7.2343,50.3598],[7.2284,50.3603],[7.2276,50.3624],[7.2257,50.3628],[7.2241,50.3661],[7.2226,50.366],[7.2205,50.3701],[7.2166,50.3716],[7.2169,50.3731],[7.214,50.3744],[7.2123,50.3765],[7.207,50.3783],[7.2035,50.3786],[7.2039,50.38],[7.2004,50.3811],[7.1958,50.3834],[7.1923,50.3823],[7.1941,50.3809],[7.1941,50.379],[7.1892,50.3789],[7.1859,50.3783],[7.1837,50.3749],[7.182,50.3748],[7.1791,50.3718],[7.1768,50.3731],[7.1732,50.3735],[7.1731,50.3767],[7.1645,50.378],[7.1592,50.3816],[7.1536,50.3824],[7.1502,50.3835],[7.1459,50.3833],[7.1429,50.382],[7.1342,50.3806],[7.1318,50.3785],[7.1243,50.3779],[7.1196,50.3789],[7.1191,50.3818],[7.1203,50.3839],[7.1212,50.3879],[7.1293,50.3891],[7.1317,50.3908],[7.1323,50.393],[7.1315,50.3959],[7.1267,50.4011],[7.1224,50.4023],[7.1233,50.406],[7.1152,50.4048],[7.1104,50.4049],[7.1019,50.4032],[7.1024,50.3996],[7.1014,50.3959],[7.0997,50.3943],[7.0935,50.3948],[7.0903,50.3958],[7.0885,50.3977],[7.084,50.3987],[7.0831,50.4003],[7.0795,50.3999],[7.0763,50.4004],[7.0686,50.3981],[7.0662,50.3984],[7.0621,50.3961],[7.0567,50.3959],[7.0546,50.3931],[7.0512,50.3916],[7.0475,50.3924],[7.0457,50.3941],[7.0437,50.3934],[7.0434,50.3894],[7.0424,50.3878],[7.0372,50.3846],[7.0308,50.3831],[7.0255,50.383],[7.0191,50.3797],[7.0156,50.3817],[7.0153,50.3847],[7.0127,50.3888],[7.0113,50.386],[7.007,50.3835],[7.004,50.3784],[7.0091,50.3749],[7.0064,50.37],[7.0015,50.3671],[6.9986,50.3625],[6.9955,50.3592],[6.9899,50.357],[6.9812,50.3527],[6.9835,50.3508],[6.9843,50.3489],[6.9872,50.3503],[6.99,50.3502],[6.9915,50.3489],[6.9968,50.3483],[7.0042,50.3494],[7.0091,50.3496],[7.0101,50.3424],[7.0128,50.3409],[7.0239,50.3386],[7.0258,50.3377],[7.0353,50.3361],[7.0383,50.3352],[7.0327,50.3339],[7.0252,50.3332],[7.0265,50.3317],[7.018,50.3303],[7.0147,50.3265],[7.0147,50.3254],[7.0113,50.3226],[7.0043,50.3196],[6.9985,50.3187],[6.9953,50.3194],[6.9892,50.3189],[6.9895,50.3129],[6.9879,50.3103],[6.982,50.3073],[6.9787,50.3082],[6.9738,50.3064],[6.9762,50.3032],[6.9789,50.3029],[6.9817,50.3014],[6.9875,50.2971],[6.99,50.2963],[6.9933,50.2963],[6.9968,50.2947],[6.9991,50.2897],[7.0066,50.2894],[7.0118,50.2882],[7.0154,50.2863],[7.0185,50.2858],[7.0203,50.2867],[7.0187,50.2883],[7.0148,50.2903],[7.0157,50.293],[7.0171,50.2937],[7.0229,50.2921],[7.0298,50.2915],[7.0424,50.2893],[7.0438,50.2875],[7.049,50.2863],[7.0506,50.2867],[7.0596,50.2838],[7.0639,50.2829],[7.0659,50.2808],[7.0688,50.2798],[7.0715,50.281],[7.0735,50.278],[7.0771,50.2793],[7.0797,50.2786],[7.0759,50.275],[7.0774,50.272],[7.0843,50.2732],[7.0872,50.2714],[7.0934,50.2729],[7.0959,50.2715],[7.1007,50.2733],[7.1034,50.2734],[7.1057,50.2724],[7.1132,50.2705],[7.117,50.2724],[7.1203,50.2732],[7.1229,50.2763],[7.124,50.2733],[7.1203,50.2682],[7.1213,50.2655],[7.1245,50.263],[7.1285,50.2652],[7.1296,50.2671],[7.1375,50.265],[7.1444,50.2682],[7.1492,50.2695],[7.1525,50.2719],[7.1506,50.2748],[7.1537,50.2762],[7.1586,50.2776],[7.1633,50.281],[7.1671,50.2787],[7.169,50.2787],[7.1724,50.2813],[7.1738,50.2811],[7.1766,50.2775],[7.1753,50.2754],[7.1771,50.2743],[7.1825,50.2772],[7.1849,50.2791],[7.1872,50.2782],[7.186,50.2761],[7.1881,50.2743],[7.1888,50.2695],[7.1861,50.2679],[7.185,50.2657],[7.1884,50.2646],[7.1912,50.2619],[7.1937,50.2633],[7.1976,50.2641],[7.1994,50.2626],[7.2027,50.2618],[7.2036,50.2592],[7.2062,50.2597],[7.215,50.2585],[7.2182,50.2607],[7.2244,50.2602],[7.23,50.2634],[7.2334,50.261],[7.2375,50.2601],[7.2375,50.2613],[7.243,50.2623],[7.2429,50.2646],[7.2397,50.2661],[7.2373,50.2684],[7.24,50.2728],[7.2441,50.2766],[7.2468,50.2818],[7.2427,50.2829],[7.2354,50.2836],[7.233,50.2834],[7.2293,50.2845],[7.2256,50.2875],[7.221,50.2898],[7.2175,50.2868],[7.2141,50.2854],[7.2108,50.2869],[7.2087,50.2889],[7.2048,50.2874],[7.2032,50.2882],[7.1982,50.2851],[7.1914,50.2836],[7.1861,50.2812],[7.1825,50.283],[7.1804,50.2852],[7.1815,50.2872],[7.1844,50.2874],[7.1886,50.2889],[7.1968,50.2902],[7.2025,50.2941],[7.2058,50.2957],[7.1996,50.298],[7.1936,50.3018],[7.1902,50.3014],[7.1876,50.3029],[7.1914,50.3059],[7.1893,50.3084],[7.1802,50.3052],[7.1796,50.306],[7.1831,50.3094],[7.1769,50.3074],[7.1697,50.3022],[7.1661,50.3041],[7.1668,50.3062],[7.171,50.3091],[7.1701,50.3111],[7.1817,50.3172],[7.1786,50.3183],[7.1799,50.3219],[7.1745,50.3202],[7.1707,50.3214],[7.1674,50.3201],[7.1664,50.3222],[7.1621,50.325],[7.1578,50.3235],[7.1556,50.3246],[7.1533,50.3235],[7.1528,50.3219],[7.1469,50.321],[7.1387,50.3153],[7.1376,50.3184],[7.1337,50.3188],[7.1292,50.3205],[7.1284,50.3224],[7.1228,50.3258],[7.1188,50.3316],[7.1147,50.3342],[7.1139,50.3368],[7.1075,50.3377],[7.1036,50.3388],[7.1016,50.3385],[7.1005,50.3418],[7.0987,50.343],[7.1025,50.3462],[7.1021,50.3498],[7.0994,50.3521],[7.0993,50.3544],[7.1006,50.3559],[7.1042,50.3575],[7.1042,50.3599],[7.1091,50.3604],[7.1109,50.3614],[7.1151,50.3612],[7.1182,50.3618],[7.121,50.3604],[7.1221,50.3586],[7.1261,50.3586],[7.1284,50.3558],[7.1324,50.3565],[7.1343,50.3547],[7.136,50.357],[7.138,50.358],[7.1418,50.3577],[7.1434,50.3606],[7.1455,50.3601],[7.1508,50.3606],[7.1538,50.3621],[7.1642,50.3564],[7.1675,50.3557],[7.1673,50.352],[7.1696,50.3524],[7.1729,50.3508],[7.176,50.3525],[7.1791,50.3526],[7.1832,50.3483],[7.1865,50.3485],[7.1882,50.3467],[7.1906,50.3462],[7.1939,50.3469],[7.1992,50.3453],[7.2084,50.3437],[7.212,50.3438],[7.2156,50.3448],[7.2289,50.3435],[7.2333,50.3458],[7.236,50.3448],[7.2486,50.3354],[7.2534,50.3332],[7.2576,50.3366],[7.2617,50.3337],[7.2736,50.3369]]]},"properties":{"id":"071375003","name":"Vordereifel","territoire":"Rhénanie-Palatinat","sigle":"RLP","pays":"Allemagne","cx":7.082,"cy":50.312}},
{"type":"Feature","geometry":{"type":"Polygon","coordinates":[[[7.2919,50.3416],[7.2893,50.3433],[7.293,50.3447],[7.2977,50.3488],[7.3026,50.348],[7.307,50.3494],[7.31,50.3463],[7.3139,50.3438],[7.3174,50.3446],[7.3187,50.3429],[7.321,50.3426],[7.3276,50.3452],[7.3308,50.3429],[7.3332,50.3449],[7.3315,50.3473],[7.334,50.3493],[7.3351,50.3507],[7.327,50.3534],[7.3231,50.3558],[7.324,50.3579],[7.3261,50.3596],[7.3298,50.3609],[7.3292,50.3629],[7.3188,50.3672],[7.3176,50.3686],[7.32,50.37],[7.3193,50.3719],[7.3154,50.3732],[7.3166,50.3745],[7.3112,50.3774],[7.3122,50.3786],[7.3074,50.3794],[7.3043,50.3816],[7.3,50.3827],[7.3001,50.3848],[7.2982,50.3855],[7.303,50.3875],[7.299,50.3898],[7.292,50.392],[7.2891,50.3949],[7.2851,50.3965],[7.2777,50.397],[7.2721,50.397],[7.2618,50.395],[7.2589,50.3938],[7.2539,50.3971],[7.2491,50.3982],[7.2447,50.3999],[7.2423,50.4036],[7.2401,50.4053],[7.2313,50.4061],[7.2289,50.4135],[7.2254,50.4142],[7.2204,50.4131],[7.2232,50.4092],[7.22,50.408],[7.2168,50.4078],[7.2157,50.4088],[7.2098,50.4079],[7.2055,50.4088],[7.2014,50.4079],[7.1981,50.4095],[7.1948,50.4099],[7.1928,50.4117],[7.1874,50.41],[7.1845,50.4118],[7.1796,50.4114],[7.1746,50.4065],[7.1698,50.4051],[7.1659,50.4032],[7.1611,50.4024],[7.1521,50.3963],[7.1491,50.3933],[7.146,50.3936],[7.1419,50.3906],[7.1327,50.389],[7.1291,50.3873],[7.1247,50.3842],[7.1203,50.3839],[7.1191,50.3818],[7.1196,50.3789],[7.1243,50.3779],[7.1318,50.3785],[7.1342,50.3806],[7.1429,50.382],[7.1459,50.3833],[7.1502,50.3835],[7.1536,50.3824],[7.1592,50.3816],[7.1645,50.378],[7.1731,50.3767],[7.1732,50.3735],[7.1768,50.3731],[7.1791,50.3718],[7.182,50.3748],[7.1837,50.3749],[7.1859,50.3783],[7.1892,50.3789],[7.1941,50.379],[7.1941,50.3809],[7.1923,50.3823],[7.1958,50.3834],[7.2004,50.3811],[7.2039,50.38],[7.2035,50.3786],[7.207,50.3783],[7.2123,50.3765],[7.214,50.3744],[7.2169,50.3731],[7.2166,50.3716],[7.2205,50.3701],[7.2226,50.366],[7.2241,50.3661],[7.2257,50.3628],[7.2276,50.3624],[7.2284,50.3603],[7.2343,50.3598],[7.2414,50.3585],[7.2487,50.3595],[7.2545,50.3593],[7.2608,50.357],[7.2638,50.3586],[7.2655,50.3558],[7.2638,50.3553],[7.2654,50.352],[7.2688,50.3507],[7.2719,50.3467],[7.272,50.3433],[7.2707,50.3399],[7.2736,50.3369],[7.2763,50.3388],[7.285,50.3383],[7.2904,50.34],[7.2919,50.3416]]]},"properties":{"id":"071375004","name":"Mendig","territoire":"Rhénanie-Palatinat","sigle":"RLP","pays":"Allemagne","cx":7.241,"cy":50.379}},
{"type":"Feature","geometry":{"type":"Polygon","coordinates":[[[7.6641,50.3815],[7.6636,50.3837],[7.6596,50.385],[7.6547,50.3831],[7.6485,50.3838],[7.649,50.3864],[7.6462,50.3871],[7.6445,50.389],[7.6441,50.3919],[7.6477,50.3931],[7.6468,50.3953],[7.6472,50.3983],[7.6501,50.3999],[7.6583,50.3989],[7.6606,50.3998],[7.6664,50.3996],[7.6696,50.4013],[7.6743,50.4006],[7.6795,50.4034],[7.681,50.4056],[7.6751,50.4083],[7.6695,50.4134],[7.6708,50.4153],[7.6683,50.4158],[7.6683,50.4182],[7.6731,50.4213],[7.6685,50.423],[7.6755,50.4246],[7.675,50.4258],[7.6682,50.4249],[7.6656,50.4241],[7.664,50.4251],[7.6599,50.4257],[7.6572,50.4277],[7.6535,50.4292],[7.6516,50.4314],[7.6526,50.4329],[7.6478,50.4346],[7.6445,50.4347],[7.6369,50.4302],[7.6308,50.4305],[7.6217,50.4264],[7.6197,50.4215],[7.6162,50.4254],[7.6099,50.4234],[7.6084,50.4193],[7.6006,50.4179],[7.5924,50.4157],[7.5906,50.4124],[7.5943,50.4099],[7.5905,50.4064],[7.581,50.4086],[7.5772,50.4102],[7.5712,50.4103],[7.5758,50.4068],[7.5833,50.402],[7.5962,50.3957],[7.603,50.3918],[7.6082,50.3879],[7.6133,50.3827],[7.6146,50.3807],[7.6127,50.3752],[7.6173,50.3745],[7.6193,50.3719],[7.6235,50.3729],[7.6233,50.3748],[7.6314,50.3747],[7.632,50.3764],[7.6362,50.3757],[7.6386,50.3739],[7.6434,50.3733],[7.646,50.3761],[7.644,50.3781],[7.649,50.3788],[7.6488,50.3801],[7.6575,50.3821],[7.6641,50.3815]]]},"properties":{"id":"071375007","name":"Vallendar","territoire":"Rhénanie-Palatinat","sigle":"RLP","pays":"Allemagne","cx":7.629,"cy":50.405}},
{"type":"Feature","geometry":{"type":"Polygon","coordinates":[[[7.5712,50.4103],[7.5652,50.4141],[7.5507,50.4187],[7.546,50.4199],[7.5352,50.4218],[7.5307,50.4219],[7.5255,50.4215],[7.5201,50.4201],[7.5167,50.4183],[7.516,50.4168],[7.5102,50.4144],[7.5078,50.4143],[7.5017,50.4129],[7.4881,50.4117],[7.4773,50.4123],[7.4696,50.4146],[7.4693,50.4166],[7.4617,50.4206],[7.459,50.4203],[7.4552,50.4233],[7.4509,50.4288],[7.4442,50.4272],[7.4415,50.4271],[7.4405,50.4247],[7.4435,50.4224],[7.4428,50.4209],[7.4396,50.421],[7.437,50.4196],[7.4336,50.4196],[7.4406,50.4141],[7.4471,50.4112],[7.4452,50.4081],[7.4417,50.4048],[7.4385,50.3945],[7.4396,50.3875],[7.4416,50.383],[7.4403,50.381],[7.4373,50.3799],[7.4384,50.3773],[7.4373,50.3758],[7.442,50.3731],[7.437,50.3707],[7.4388,50.3698],[7.438,50.3635],[7.4369,50.3618],[7.4305,50.3621],[7.4251,50.3636],[7.4287,50.359],[7.4296,50.3565],[7.4346,50.3567],[7.4364,50.3537],[7.4336,50.3529],[7.435,50.3502],[7.4255,50.348],[7.4234,50.3464],[7.416,50.3485],[7.4096,50.347],[7.4081,50.3455],[7.4167,50.3432],[7.4166,50.3407],[7.4105,50.3405],[7.4116,50.3368],[7.4165,50.3347],[7.4216,50.3386],[7.4256,50.3394],[7.4263,50.3405],[7.4308,50.3408],[7.4372,50.3405],[7.4493,50.3403],[7.4574,50.3413],[7.4623,50.3426],[7.4812,50.3455],[7.482,50.3475],[7.4901,50.3513],[7.4873,50.3544],[7.491,50.3563],[7.4896,50.3579],[7.4895,50.3603],[7.4864,50.3633],[7.508,50.3768],[7.5121,50.3817],[7.5163,50.3814],[7.5186,50.382],[7.5234,50.3813],[7.5264,50.3815],[7.5361,50.3847],[7.5382,50.3902],[7.5368,50.3923],[7.5425,50.395],[7.5465,50.3956],[7.5517,50.3978],[7.5628,50.4043],[7.5712,50.4103]]]},"properties":{"id":"071375008","name":"Weißenthurm","territoire":"Rhénanie-Palatinat","sigle":"RLP","pays":"Allemagne","cx":7.477,"cy":50.387}},
{"type":"Feature","geometry":{"type":"Polygon","coordinates":[[[7.4901,50.3513],[7.482,50.3475],[7.4812,50.3455],[7.4623,50.3426],[7.4574,50.3413],[7.4493,50.3403],[7.4372,50.3405],[7.4308,50.3408],[7.4263,50.3405],[7.4256,50.3394],[7.4216,50.3386],[7.4165,50.3347],[7.4086,50.3278],[7.409,50.3229],[7.4114,50.3215],[7.4118,50.3195],[7.4151,50.321],[7.4169,50.3182],[7.4201,50.3163],[7.419,50.3127],[7.4164,50.3109],[7.4173,50.3095],[7.4137,50.3088],[7.4094,50.306],[7.4093,50.3034],[7.4118,50.3011],[7.4137,50.3013],[7.4155,50.2988],[7.4114,50.298],[7.4064,50.2982],[7.4043,50.2993],[7.4021,50.2975],[7.3967,50.2918],[7.3987,50.2909],[7.3952,50.2893],[7.3942,50.288],[7.3964,50.2848],[7.3991,50.2854],[7.4,50.2835],[7.3958,50.283],[7.3944,50.282],[7.3958,50.2798],[7.3991,50.2803],[7.4013,50.2772],[7.4043,50.2779],[7.4049,50.2755],[7.4103,50.2706],[7.4116,50.2713],[7.4149,50.2683],[7.4099,50.2652],[7.4116,50.2624],[7.4061,50.2605],[7.4096,50.257],[7.4078,50.2564],[7.4103,50.2542],[7.4184,50.2501],[7.4179,50.2468],[7.4136,50.2449],[7.4122,50.2422],[7.4082,50.2396],[7.4084,50.2386],[7.4044,50.2313],[7.4012,50.231],[7.3988,50.2292],[7.3966,50.232],[7.392,50.2319],[7.3948,50.2279],[7.3926,50.2246],[7.3886,50.2223],[7.3825,50.2168],[7.3776,50.2108],[7.3836,50.2092],[7.3786,50.2044],[7.3764,50.2014],[7.3753,50.1976],[7.3713,50.1912],[7.369,50.189],[7.3658,50.1874],[7.3562,50.185],[7.3447,50.1835],[7.3456,50.1809],[7.359,50.1824],[7.3599,50.1788],[7.3644,50.1778],[7.37,50.1807],[7.3744,50.176],[7.3686,50.1726],[7.3748,50.1735],[7.38,50.1653],[7.3819,50.1608],[7.3928,50.1644],[7.3941,50.1623],[7.3988,50.1601],[7.4045,50.1614],[7.4095,50.1613],[7.4091,50.1627],[7.4139,50.1664],[7.4164,50.1678],[7.4171,50.1713],[7.4253,50.1752],[7.4268,50.1753],[7.4298,50.1762],[7.4302,50.1783],[7.4282,50.1806],[7.4208,50.1849],[7.4209,50.1866],[7.4183,50.1875],[7.4145,50.193],[7.422,50.193],[7.4243,50.1951],[7.4233,50.1989],[7.4201,50.2007],[7.4231,50.202],[7.4234,50.2038],[7.4304,50.207],[7.4279,50.2081],[7.4278,50.2132],[7.4315,50.2134],[7.4335,50.2107],[7.4387,50.2085],[7.4439,50.2104],[7.4473,50.213],[7.4481,50.2114],[7.4476,50.2089],[7.4516,50.2062],[7.45,50.2037],[7.4458,50.1998],[7.4469,50.1991],[7.4522,50.2018],[7.4568,50.2051],[7.456,50.2011],[7.4589,50.1988],[7.4626,50.2009],[7.4688,50.2012],[7.4719,50.2048],[7.4742,50.2054],[7.4763,50.2075],[7.4766,50.2097],[7.479,50.2121],[7.4769,50.2153],[7.4824,50.2144],[7.4866,50.2157],[7.486,50.2177],[7.4877,50.2192],[7.4878,50.2213],[7.4899,50.2224],[7.4928,50.2261],[7.5019,50.2295],[7.5083,50.2313],[7.5099,50.2332],[7.5103,50.2359],[7.5095,50.2383],[7.5103,50.2431],[7.5126,50.248],[7.5153,50.2502],[7.5155,50.2537],[7.5202,50.2558],[7.5201,50.2571],[7.5253,50.2609],[7.5306,50.2625],[7.5365,50.2655],[7.5405,50.2641],[7.5452,50.2606],[7.5506,50.2582],[7.5571,50.2569],[7.5655,50.2588],[7.5695,50.2584],[7.5682,50.2551],[7.5699,50.254],[7.575,50.2543],[7.5784,50.2573],[7.5803,50.2575],[7.5854,50.2597],[7.5866,50.2589],[7.5977,50.2588],[7.6011,50.2578],[7.604,50.2584],[7.6062,50.2604],[7.6133,50.2606],[7.616,50.2572],[7.6123,50.2566],[7.6103,50.2554],[7.6176,50.2545],[7.6216,50.2532],[7.6288,50.2521],[7.6333,50.2506],[7.6357,50.2456],[7.6395,50.2461],[7.6445,50.2478],[7.6493,50.2512],[7.6508,50.2529],[7.6521,50.2571],[7.6512,50.2614],[7.6484,50.2658],[7.6414,50.2711],[7.6266,50.2801],[7.6118,50.289],[7.6055,50.2938],[7.6017,50.2934],[7.597,50.2904],[7.5891,50.2941],[7.5866,50.2975],[7.5822,50.2958],[7.5769,50.2959],[7.5743,50.2947],[7.5732,50.2911],[7.5675,50.2876],[7.5602,50.2836],[7.5559,50.283],[7.5505,50.287],[7.5468,50.2894],[7.5415,50.2878],[7.5396,50.2858],[7.5368,50.2854],[7.5328,50.2857],[7.5317,50.2883],[7.5268,50.2884],[7.5274,50.29],[7.5248,50.2924],[7.5216,50.2939],[7.5212,50.2961],[7.5182,50.2975],[7.5169,50.3007],[7.518,50.3045],[7.5171,50.3076],[7.5157,50.3091],[7.5214,50.3121],[7.5292,50.3196],[7.5346,50.3227],[7.5316,50.3266],[7.5335,50.3273],[7.5332,50.3308],[7.5304,50.3341],[7.5264,50.3351],[7.5248,50.3365],[7.5219,50.3367],[7.5184,50.3353],[7.5162,50.3333],[7.5147,50.3377],[7.5103,50.3361],[7.5103,50.3328],[7.5088,50.3299],[7.5065,50.3293],[7.5028,50.3304],[7.5026,50.3327],[7.4995,50.3367],[7.4936,50.3405],[7.4968,50.3445],[7.4969,50.3471],[7.4947,50.3489],[7.4931,50.348],[7.4901,50.3513]]]},"properties":{"id":"071375009","name":"Rhein-Mosel","territoire":"Rhénanie-Palatinat","sigle":"RLP","pays":"Allemagne","cx":7.469,"cy":50.269}},
{"type":"Feature","geometry":{"type":"Polygon","coordinates":[[[7.4408,50.7114],[7.4328,50.7099],[7.4234,50.71],[7.4181,50.7121],[7.4149,50.715],[7.4114,50.7169],[7.4071,50.7182],[7.4028,50.7175],[7.3973,50.7143],[7.3876,50.7157],[7.3875,50.7175],[7.3781,50.716],[7.374,50.7182],[7.3709,50.7152],[7.3732,50.7147],[7.37,50.712],[7.3665,50.7063],[7.3624,50.7045],[7.3624,50.7011],[7.3602,50.7005],[7.3571,50.6979],[7.3602,50.6971],[7.3683,50.6971],[7.3646,50.6922],[7.3671,50.6907],[7.3651,50.6876],[7.3721,50.6821],[7.3718,50.6811],[7.3662,50.6807],[7.37,50.678],[7.3693,50.6725],[7.3654,50.673],[7.3558,50.6652],[7.3565,50.6637],[7.3552,50.6617],[7.3557,50.6554],[7.3577,50.6549],[7.359,50.6495],[7.3506,50.6463],[7.338,50.6422],[7.3355,50.6408],[7.3335,50.6384],[7.3306,50.6396],[7.3242,50.6404],[7.3222,50.6417],[7.3187,50.6406],[7.3147,50.6374],[7.3164,50.6351],[7.3152,50.6307],[7.3195,50.6298],[7.3299,50.6298],[7.3354,50.6306],[7.3439,50.627],[7.3478,50.626],[7.3511,50.6217],[7.3536,50.6208],[7.3603,50.6203],[7.3623,50.618],[7.3664,50.6187],[7.3666,50.6167],[7.3636,50.6144],[7.363,50.613],[7.3664,50.6113],[7.3693,50.6079],[7.3749,50.6075],[7.3781,50.6058],[7.3803,50.5991],[7.3776,50.5968],[7.3826,50.5942],[7.381,50.5935],[7.3812,50.5915],[7.386,50.5897],[7.3905,50.5889],[7.3913,50.5871],[7.3957,50.584],[7.3908,50.5822],[7.3906,50.5798],[7.3929,50.5779],[7.3959,50.5778],[7.3966,50.5802],[7.4014,50.5816],[7.402,50.5832],[7.4052,50.5847],[7.4047,50.5861],[7.4081,50.5873],[7.409,50.5893],[7.4164,50.5877],[7.4177,50.5882],[7.4224,50.5871],[7.427,50.5907],[7.4317,50.592],[7.4337,50.591],[7.4365,50.5911],[7.438,50.5897],[7.436,50.5876],[7.4382,50.586],[7.4438,50.5867],[7.4462,50.5861],[7.4502,50.5832],[7.4569,50.5827],[7.4625,50.5807],[7.4619,50.5788],[7.4656,50.5769],[7.4758,50.5754],[7.473,50.5779],[7.4747,50.5826],[7.4744,50.5849],[7.4728,50.5857],[7.4713,50.5917],[7.4722,50.5936],[7.4717,50.5957],[7.4692,50.5992],[7.4676,50.6037],[7.4683,50.6056],[7.4661,50.6074],[7.4707,50.611],[7.4668,50.6124],[7.4637,50.6109],[7.4599,50.6126],[7.4554,50.6114],[7.4528,50.612],[7.45,50.6175],[7.4564,50.616],[7.4567,50.6185],[7.4551,50.6202],[7.4562,50.6232],[7.459,50.6217],[7.4629,50.6232],[7.4637,50.6256],[7.4711,50.6235],[7.4816,50.6255],[7.482,50.6281],[7.48,50.6287],[7.4798,50.6309],[7.4754,50.6337],[7.4742,50.6352],[7.4782,50.638],[7.4805,50.6385],[7.4824,50.6404],[7.4829,50.6428],[7.4851,50.6465],[7.4826,50.6482],[7.4833,50.6498],[7.4799,50.6526],[7.4806,50.6552],[7.4791,50.6584],[7.4809,50.6602],[7.482,50.6643],[7.4815,50.6659],[7.4854,50.668],[7.4847,50.6697],[7.4783,50.6705],[7.4698,50.6724],[7.4683,50.6722],[7.4666,50.6755],[7.467,50.6781],[7.4649,50.6796],[7.4639,50.6829],[7.4523,50.6929],[7.4431,50.7046],[7.4416,50.707],[7.4408,50.7114]]]},"properties":{"id":"071385001","name":"Asbach","territoire":"Rhénanie-Palatinat","sigle":"RLP","pays":"Allemagne","cx":7.413,"cy":50.648}},
{"type":"Feature","geometry":{"type":"Polygon","coordinates":[[[7.4091,50.4432],[7.4087,50.4486],[7.4033,50.4489],[7.4034,50.4506],[7.401,50.4559],[7.4,50.4638],[7.4021,50.4686],[7.4009,50.4709],[7.4064,50.479],[7.4058,50.4806],[7.4026,50.4833],[7.3987,50.4853],[7.3992,50.49],[7.3963,50.4945],[7.3903,50.494],[7.3865,50.4961],[7.3869,50.4976],[7.3833,50.5004],[7.3852,50.5046],[7.3903,50.5061],[7.3898,50.5077],[7.3959,50.5086],[7.402,50.5112],[7.3994,50.5121],[7.3994,50.515],[7.3967,50.5175],[7.3934,50.519],[7.3923,50.5213],[7.3937,50.5235],[7.388,50.5275],[7.3871,50.5325],[7.3836,50.5349],[7.3798,50.5362],[7.38,50.5379],[7.3773,50.5398],[7.3771,50.5418],[7.3786,50.5459],[7.3788,50.5481],[7.3763,50.5511],[7.378,50.5531],[7.3786,50.5555],[7.377,50.5566],[7.3734,50.5544],[7.3654,50.5579],[7.3621,50.5564],[7.3589,50.5559],[7.3557,50.5567],[7.3521,50.5552],[7.3476,50.5544],[7.3389,50.5513],[7.3358,50.5492],[7.3336,50.546],[7.325,50.5414],[7.3179,50.5422],[7.3157,50.5415],[7.304,50.5317],[7.3002,50.5323],[7.2986,50.5339],[7.2952,50.5332],[7.2938,50.5304],[7.2917,50.5296],[7.2972,50.5195],[7.2995,50.5159],[7.305,50.5097],[7.3218,50.4943],[7.3263,50.4908],[7.3293,50.4893],[7.3404,50.4806],[7.3444,50.4766],[7.3471,50.4743],[7.3479,50.4719],[7.3508,50.4685],[7.3632,50.4609],[7.3721,50.4549],[7.3817,50.4491],[7.3963,50.4435],[7.4003,50.4431],[7.4091,50.4432]]]},"properties":{"id":"071385002","name":"Bad Hönningen","territoire":"Rhénanie-Palatinat","sigle":"RLP","pays":"Allemagne","cx":7.353,"cy":50.51}},
{"type":"Feature","geometry":{"type":"MultiPolygon","coordinates":[[[[7.5983,50.4646],[7.5957,50.4672],[7.5949,50.4695],[7.5965,50.4733],[7.595,50.4752],[7.5978,50.4762],[7.6004,50.4792],[7.6041,50.4798],[7.6044,50.4818],[7.6087,50.4813],[7.6109,50.4817],[7.6115,50.4838],[7.6145,50.4843],[7.6164,50.4858],[7.6201,50.4862],[7.6235,50.4848],[7.6305,50.4845],[7.6338,50.4855],[7.6346,50.4871],[7.6381,50.485],[7.6395,50.4869],[7.6419,50.4875],[7.6487,50.4854],[7.6517,50.486],[7.6507,50.4881],[7.6542,50.491],[7.654,50.4939],[7.6615,50.4932],[7.6641,50.4956],[7.6658,50.4923],[7.668,50.4903],[7.67,50.4903],[7.6733,50.4919],[7.6743,50.4938],[7.6785,50.4963],[7.6783,50.4998],[7.6751,50.5016],[7.6732,50.5039],[7.6683,50.5053],[7.6715,50.5089],[7.6736,50.5133],[7.6695,50.5167],[7.6683,50.5188],[7.6714,50.5219],[7.678,50.5252],[7.6869,50.5271],[7.6923,50.5257],[7.6955,50.528],[7.6965,50.5323],[7.6997,50.5377],[7.6996,50.5422],[7.703,50.5426],[7.701,50.5482],[7.7015,50.5495],[7.6919,50.5505],[7.693,50.5532],[7.6997,50.5588],[7.7042,50.5617],[7.6997,50.5666],[7.6954,50.5679],[7.6949,50.5688],[7.6979,50.5714],[7.6984,50.5746],[7.6932,50.5752],[7.6922,50.5719],[7.6899,50.5723],[7.6847,50.5674],[7.6841,50.5702],[7.6865,50.5736],[7.686,50.5764],[7.6878,50.5798],[7.6859,50.5844],[7.6835,50.5869],[7.6834,50.5888],[7.6802,50.5935],[7.6652,50.5946],[7.6577,50.5932],[7.6529,50.592],[7.6552,50.5885],[7.6573,50.5868],[7.6589,50.5819],[7.658,50.5796],[7.6524,50.5783],[7.6546,50.575],[7.6508,50.5685],[7.6466,50.5687],[7.6421,50.567],[7.6408,50.5672],[7.6375,50.5652],[7.6344,50.5646],[7.6325,50.5631],[7.6309,50.5595],[7.6291,50.5582],[7.6193,50.5575],[7.6146,50.5562],[7.6146,50.5537],[7.6189,50.5527],[7.6184,50.5503],[7.6208,50.5492],[7.6203,50.5455],[7.615,50.5416],[7.6092,50.5407],[7.6016,50.5386],[7.5955,50.5362],[7.5867,50.5364],[7.5814,50.5344],[7.5852,50.5333],[7.5909,50.5237],[7.5932,50.5215],[7.5897,50.5164],[7.5897,50.5109],[7.5908,50.5076],[7.5961,50.5064],[7.5952,50.5047],[7.5926,50.5026],[7.5927,50.5],[7.5894,50.4981],[7.5854,50.4972],[7.587,50.4948],[7.5864,50.4924],[7.5819,50.4927],[7.579,50.49],[7.5797,50.488],[7.5793,50.4845],[7.5754,50.4834],[7.5742,50.4822],[7.5682,50.482],[7.5639,50.4834],[7.5667,50.4808],[7.5684,50.4804],[7.5693,50.4761],[7.5721,50.4758],[7.5809,50.4718],[7.5811,50.4686],[7.5778,50.4675],[7.5817,50.4645],[7.5811,50.4637],[7.5886,50.4613],[7.5933,50.4615],[7.5983,50.4646]],[[7.6664,50.5688],[7.6804,50.5658],[7.6803,50.5635],[7.6768,50.5631],[7.6768,50.5619],[7.6697,50.5609],[7.667,50.5636],[7.6664,50.5688]]],[[[7.7048,50.5996],[7.7008,50.5998],[7.6993,50.5972],[7.6947,50.5996],[7.6918,50.5986],[7.6897,50.5962],[7.6997,50.5898],[7.7008,50.5875],[7.7005,50.5837],[7.6944,50.5823],[7.6955,50.5801],[7.6985,50.58],[7.7018,50.5832],[7.7033,50.5855],[7.7059,50.5865],[7.7051,50.5887],[7.7091,50.5908],[7.7101,50.5932],[7.7115,50.5948],[7.7114,50.5973],[7.7048,50.5996]]]]},"properties":{"id":"071385003","name":"Dierdorf","territoire":"Rhénanie-Palatinat","sigle":"RLP","pays":"Allemagne","cx":7.642,"cy":50.528}},
{"type":"Feature","geometry":{"type":"Polygon","coordinates":[[[7.2775,50.5617],[7.2796,50.5566],[7.2807,50.551],[7.2847,50.5437],[7.2894,50.5336],[7.2917,50.5296],[7.2938,50.5304],[7.2952,50.5332],[7.2986,50.5339],[7.3002,50.5323],[7.304,50.5317],[7.3157,50.5415],[7.3179,50.5422],[7.325,50.5414],[7.3336,50.546],[7.3358,50.5492],[7.3389,50.5513],[7.3476,50.5544],[7.3521,50.5552],[7.3557,50.5567],[7.3589,50.5559],[7.3621,50.5564],[7.3654,50.5579],[7.3734,50.5544],[7.377,50.5566],[7.3814,50.5592],[7.3859,50.5603],[7.3842,50.5626],[7.3856,50.5653],[7.384,50.5679],[7.3869,50.5706],[7.3912,50.5716],[7.3859,50.5733],[7.3854,50.5762],[7.39,50.5756],[7.3922,50.576],[7.3929,50.5779],[7.3906,50.5798],[7.3908,50.5822],[7.3957,50.584],[7.3913,50.5871],[7.3905,50.5889],[7.386,50.5897],[7.3812,50.5915],[7.381,50.5935],[7.3826,50.5942],[7.3776,50.5968],[7.3803,50.5991],[7.3781,50.6058],[7.3749,50.6075],[7.3693,50.6079],[7.3664,50.6113],[7.363,50.613],[7.3636,50.6144],[7.3666,50.6167],[7.3664,50.6187],[7.3623,50.618],[7.3603,50.6203],[7.3536,50.6208],[7.3511,50.6217],[7.3478,50.626],[7.3439,50.627],[7.3354,50.6306],[7.3299,50.6298],[7.3289,50.6259],[7.326,50.6236],[7.3215,50.6229],[7.3199,50.6218],[7.3156,50.6212],[7.3137,50.62],[7.3104,50.6195],[7.3111,50.6171],[7.3041,50.6165],[7.3001,50.6136],[7.2924,50.6151],[7.2866,50.6152],[7.2845,50.6146],[7.2825,50.6114],[7.2829,50.6085],[7.2781,50.6023],[7.2785,50.5983],[7.2733,50.5967],[7.2717,50.5976],[7.267,50.5977],[7.2644,50.597],[7.2638,50.5955],[7.2602,50.5949],[7.2609,50.5924],[7.2572,50.5915],[7.2547,50.5892],[7.255,50.5875],[7.252,50.5852],[7.2494,50.5819],[7.2485,50.579],[7.257,50.5774],[7.2643,50.5746],[7.27,50.5706],[7.2763,50.5636],[7.2775,50.5617]]]},"properties":{"id":"071385004","name":"Linz am Rhein","territoire":"Rhénanie-Palatinat","sigle":"RLP","pays":"Allemagne","cx":7.324,"cy":50.582}},
{"type":"Feature","geometry":{"type":"Polygon","coordinates":[[[7.5319,50.5639],[7.5306,50.5608],[7.5312,50.5571],[7.5348,50.5585],[7.542,50.5571],[7.5446,50.5543],[7.5496,50.5551],[7.55,50.5514],[7.5519,50.5495],[7.5544,50.5492],[7.5573,50.5474],[7.5583,50.5454],[7.5556,50.5427],[7.5517,50.5412],[7.5479,50.5412],[7.5456,50.5397],[7.5427,50.5359],[7.5436,50.5344],[7.5432,50.529],[7.5406,50.5267],[7.5394,50.5234],[7.5438,50.5221],[7.5469,50.5251],[7.5504,50.5264],[7.5494,50.5294],[7.5553,50.5319],[7.5554,50.5341],[7.5578,50.5344],[7.5609,50.5329],[7.5668,50.5323],[7.5687,50.5313],[7.5738,50.5337],[7.578,50.533],[7.5814,50.5344],[7.5867,50.5364],[7.5955,50.5362],[7.6016,50.5386],[7.6092,50.5407],[7.615,50.5416],[7.6203,50.5455],[7.6208,50.5492],[7.6184,50.5503],[7.6189,50.5527],[7.6146,50.5537],[7.6146,50.5562],[7.6193,50.5575],[7.6291,50.5582],[7.6309,50.5595],[7.6325,50.5631],[7.6344,50.5646],[7.6375,50.5652],[7.6408,50.5672],[7.6421,50.567],[7.6466,50.5687],[7.6508,50.5685],[7.6546,50.575],[7.6524,50.5783],[7.658,50.5796],[7.6589,50.5819],[7.6573,50.5868],[7.6552,50.5885],[7.6529,50.592],[7.6577,50.5932],[7.6652,50.5946],[7.6657,50.5992],[7.6688,50.6023],[7.6743,50.6122],[7.6759,50.6143],[7.6798,50.6135],[7.6817,50.615],[7.6895,50.617],[7.6915,50.6187],[7.6948,50.6197],[7.6971,50.6215],[7.7008,50.6229],[7.6896,50.6292],[7.6889,50.6325],[7.685,50.6364],[7.6817,50.6412],[7.6788,50.6442],[7.6741,50.6452],[7.6724,50.6467],[7.6657,50.6474],[7.6617,50.6458],[7.6566,50.6452],[7.6554,50.6503],[7.653,50.6514],[7.6466,50.6518],[7.6437,50.6513],[7.6418,50.6489],[7.6382,50.649],[7.6362,50.6528],[7.6342,50.6538],[7.6277,50.6528],[7.6246,50.6518],[7.6181,50.6461],[7.6156,50.6457],[7.6139,50.6433],[7.6101,50.6472],[7.5965,50.65],[7.5917,50.6525],[7.5872,50.6489],[7.5869,50.6462],[7.5817,50.6452],[7.5809,50.6441],[7.5717,50.6453],[7.5719,50.6384],[7.5699,50.6363],[7.5737,50.6349],[7.5755,50.633],[7.5762,50.6303],[7.5752,50.628],[7.5729,50.6258],[7.5745,50.6239],[7.5771,50.6246],[7.5791,50.6197],[7.5731,50.6173],[7.5715,50.6148],[7.5655,50.613],[7.5657,50.6174],[7.5629,50.6214],[7.5643,50.6265],[7.5613,50.6268],[7.5599,50.6221],[7.5579,50.6217],[7.5527,50.6235],[7.5517,50.6259],[7.5468,50.6264],[7.5425,50.628],[7.5387,50.6273],[7.54,50.6247],[7.5436,50.6234],[7.5423,50.6208],[7.544,50.6191],[7.5434,50.6174],[7.5439,50.6141],[7.5426,50.6104],[7.5445,50.6087],[7.547,50.6047],[7.5499,50.6028],[7.5577,50.6007],[7.5589,50.5988],[7.5538,50.5938],[7.55,50.5918],[7.5489,50.5897],[7.545,50.5867],[7.543,50.5826],[7.5376,50.5808],[7.54,50.5771],[7.5389,50.5745],[7.5338,50.5711],[7.5336,50.5692],[7.5361,50.5679],[7.5362,50.5662],[7.5339,50.5657],[7.5319,50.5639]]]},"properties":{"id":"071385005","name":"Puderbach","territoire":"Rhénanie-Palatinat","sigle":"RLP","pays":"Allemagne","cx":7.607,"cy":50.596}},
{"type":"Feature","geometry":{"type":"Polygon","coordinates":[[[7.2485,50.579],[7.2494,50.5819],[7.252,50.5852],[7.255,50.5875],[7.2547,50.5892],[7.2572,50.5915],[7.2609,50.5924],[7.2602,50.5949],[7.2638,50.5955],[7.2644,50.597],[7.267,50.5977],[7.2717,50.5976],[7.2733,50.5967],[7.2785,50.5983],[7.2781,50.6023],[7.2829,50.6085],[7.2825,50.6114],[7.2845,50.6146],[7.2866,50.6152],[7.2924,50.6151],[7.3001,50.6136],[7.3041,50.6165],[7.3111,50.6171],[7.3104,50.6195],[7.3137,50.62],[7.3156,50.6212],[7.3199,50.6218],[7.3215,50.6229],[7.326,50.6236],[7.3289,50.6259],[7.3299,50.6298],[7.3195,50.6298],[7.3152,50.6307],[7.3164,50.6351],[7.3147,50.6374],[7.3082,50.6382],[7.3051,50.6376],[7.2989,50.6338],[7.2973,50.6318],[7.2829,50.6288],[7.2721,50.6275],[7.2701,50.6264],[7.2664,50.6264],[7.2647,50.6275],[7.2609,50.6253],[7.2566,50.6247],[7.2537,50.6261],[7.2474,50.6274],[7.2404,50.6271],[7.2402,50.6282],[7.2278,50.6274],[7.2219,50.6281],[7.2157,50.6279],[7.2165,50.6249],[7.2149,50.6234],[7.2124,50.6234],[7.2113,50.6189],[7.2136,50.6125],[7.2143,50.6058],[7.2136,50.6018],[7.2106,50.5972],[7.2104,50.5924],[7.2131,50.5895],[7.2216,50.5838],[7.2283,50.582],[7.2381,50.5802],[7.2485,50.579]]]},"properties":{"id":"071385007","name":"Unkel","territoire":"Rhénanie-Palatinat","sigle":"RLP","pays":"Allemagne","cx":7.243,"cy":50.606}},
{"type":"Feature","geometry":{"type":"Polygon","coordinates":[[[7.5639,50.4834],[7.5682,50.482],[7.5742,50.4822],[7.5754,50.4834],[7.5793,50.4845],[7.5797,50.488],[7.579,50.49],[7.5819,50.4927],[7.5864,50.4924],[7.587,50.4948],[7.5854,50.4972],[7.5894,50.4981],[7.5927,50.5],[7.5926,50.5026],[7.5952,50.5047],[7.5961,50.5064],[7.5908,50.5076],[7.5897,50.5109],[7.5897,50.5164],[7.5932,50.5215],[7.5909,50.5237],[7.5852,50.5333],[7.5814,50.5344],[7.578,50.533],[7.5738,50.5337],[7.5687,50.5313],[7.5668,50.5323],[7.5609,50.5329],[7.5578,50.5344],[7.5554,50.5341],[7.5553,50.5319],[7.5494,50.5294],[7.5504,50.5264],[7.5469,50.5251],[7.5438,50.5221],[7.5394,50.5234],[7.5406,50.5267],[7.5432,50.529],[7.5436,50.5344],[7.5427,50.5359],[7.5456,50.5397],[7.5479,50.5412],[7.5517,50.5412],[7.5556,50.5427],[7.5583,50.5454],[7.5573,50.5474],[7.5544,50.5492],[7.5519,50.5495],[7.55,50.5514],[7.5496,50.5551],[7.5446,50.5543],[7.542,50.5571],[7.5348,50.5585],[7.5312,50.5571],[7.5306,50.5608],[7.5319,50.5639],[7.5264,50.5662],[7.5161,50.5713],[7.5092,50.5707],[7.5009,50.5726],[7.4954,50.5719],[7.4887,50.576],[7.4888,50.5803],[7.4858,50.5814],[7.4804,50.5825],[7.4747,50.5826],[7.473,50.5779],[7.4758,50.5754],[7.4656,50.5769],[7.4619,50.5788],[7.4625,50.5807],[7.4569,50.5827],[7.4502,50.5832],[7.4462,50.5861],[7.4438,50.5867],[7.4382,50.586],[7.436,50.5876],[7.438,50.5897],[7.4365,50.5911],[7.4337,50.591],[7.4317,50.592],[7.427,50.5907],[7.4224,50.5871],[7.4177,50.5882],[7.4164,50.5877],[7.409,50.5893],[7.4081,50.5873],[7.4047,50.5861],[7.4052,50.5847],[7.402,50.5832],[7.4014,50.5816],[7.3966,50.5802],[7.3959,50.5778],[7.3929,50.5779],[7.3922,50.576],[7.39,50.5756],[7.3854,50.5762],[7.3859,50.5733],[7.3912,50.5716],[7.3869,50.5706],[7.384,50.5679],[7.3856,50.5653],[7.3842,50.5626],[7.3859,50.5603],[7.3814,50.5592],[7.377,50.5566],[7.3786,50.5555],[7.378,50.5531],[7.3763,50.5511],[7.3788,50.5481],[7.3786,50.5459],[7.3771,50.5418],[7.3773,50.5398],[7.38,50.5379],[7.3798,50.5362],[7.3836,50.5349],[7.3871,50.5325],[7.388,50.5275],[7.3937,50.5235],[7.3923,50.5213],[7.3934,50.519],[7.3967,50.5175],[7.3994,50.515],[7.3994,50.5121],[7.402,50.5112],[7.3959,50.5086],[7.395,50.5056],[7.398,50.5055],[7.3987,50.5039],[7.3971,50.5021],[7.3979,50.4968],[7.3997,50.4945],[7.4041,50.4966],[7.4064,50.4972],[7.4088,50.4929],[7.4112,50.4938],[7.4143,50.4933],[7.4179,50.4949],[7.42,50.4931],[7.4322,50.4922],[7.4392,50.4887],[7.4416,50.4916],[7.4503,50.4954],[7.4557,50.496],[7.4592,50.4947],[7.462,50.4968],[7.456,50.4986],[7.4629,50.5027],[7.4727,50.498],[7.4727,50.495],[7.4715,50.4929],[7.4677,50.4916],[7.4674,50.4904],[7.4713,50.4853],[7.4756,50.4823],[7.4742,50.4803],[7.4804,50.4806],[7.4811,50.4799],[7.4799,50.4745],[7.4825,50.474],[7.4845,50.4829],[7.4888,50.4836],[7.4898,50.4854],[7.4931,50.487],[7.4908,50.4897],[7.4964,50.4906],[7.5014,50.4884],[7.5048,50.4875],[7.5047,50.4923],[7.5035,50.4951],[7.5006,50.4994],[7.5028,50.5005],[7.5047,50.4998],[7.5119,50.5001],[7.5205,50.5032],[7.5218,50.5028],[7.5228,50.4998],[7.5263,50.4968],[7.526,50.4949],[7.5232,50.4953],[7.5228,50.4968],[7.5197,50.4976],[7.5162,50.4965],[7.5126,50.4917],[7.5122,50.489],[7.5145,50.489],[7.5135,50.4845],[7.5208,50.484],[7.523,50.4844],[7.5241,50.4864],[7.5336,50.4879],[7.5382,50.4872],[7.5399,50.4853],[7.5474,50.483],[7.5491,50.4816],[7.5541,50.4791],[7.5577,50.48],[7.5618,50.4799],[7.5611,50.482],[7.5639,50.4834]]]},"properties":{"id":"071385009","name":"Rengsdorf-Waldbreitbach","territoire":"Rhénanie-Palatinat","sigle":"RLP","pays":"Allemagne","cx":7.448,"cy":50.54}},
{"type":"Feature","geometry":{"type":"Polygon","coordinates":[[[7.2933,50.119],[7.2974,50.1181],[7.2967,50.1148],[7.3,50.112],[7.3031,50.1123],[7.3055,50.1106],[7.3076,50.1071],[7.3088,50.1035],[7.313,50.1017],[7.3146,50.0987],[7.3195,50.0985],[7.3211,50.0967],[7.3206,50.095],[7.3233,50.0936],[7.3249,50.0949],[7.3297,50.0956],[7.3314,50.0942],[7.3352,50.0941],[7.3381,50.0931],[7.34,50.091],[7.3453,50.0873],[7.3486,50.0865],[7.3488,50.0847],[7.3437,50.0818],[7.3459,50.0775],[7.3417,50.0736],[7.3441,50.0706],[7.3439,50.067],[7.3416,50.0655],[7.3407,50.0632],[7.3309,50.0635],[7.3265,50.0625],[7.3234,50.0666],[7.3182,50.0682],[7.3147,50.0659],[7.3181,50.0635],[7.3275,50.0587],[7.3321,50.0505],[7.3369,50.0438],[7.3398,50.039],[7.3426,50.0313],[7.3447,50.0279],[7.3495,50.0239],[7.3527,50.0232],[7.3594,50.0254],[7.3671,50.0204],[7.3773,50.0191],[7.382,50.0181],[7.389,50.0175],[7.3947,50.0208],[7.4049,50.0212],[7.4155,50.0202],[7.4256,50.0216],[7.4266,50.0224],[7.431,50.0224],[7.4359,50.0203],[7.4385,50.0176],[7.4438,50.0169],[7.4432,50.014],[7.4476,50.0126],[7.4506,50.0128],[7.4643,50.0105],[7.4713,50.011],[7.4765,50.01],[7.4708,50.0139],[7.4689,50.0172],[7.4809,50.0216],[7.4855,50.0201],[7.4864,50.0223],[7.4857,50.0247],[7.4893,50.0293],[7.4886,50.0312],[7.4897,50.034],[7.4829,50.0359],[7.4849,50.038],[7.4855,50.0457],[7.4837,50.0484],[7.4848,50.0529],[7.4822,50.0595],[7.4813,50.0631],[7.4895,50.0644],[7.4909,50.0618],[7.4998,50.0662],[7.5075,50.0682],[7.5102,50.0698],[7.5138,50.068],[7.5209,50.0684],[7.5322,50.071],[7.5364,50.0732],[7.535,50.0747],[7.5355,50.0767],[7.5317,50.0802],[7.5331,50.0825],[7.5294,50.084],[7.5363,50.0866],[7.5398,50.0865],[7.5458,50.0833],[7.5479,50.0837],[7.549,50.09],[7.548,50.0932],[7.5445,50.0951],[7.5436,50.0967],[7.5338,50.1002],[7.5284,50.1003],[7.5244,50.1018],[7.5209,50.1053],[7.5202,50.1074],[7.5158,50.1107],[7.5152,50.1149],[7.5181,50.1169],[7.5153,50.1226],[7.5128,50.1236],[7.5085,50.1232],[7.5044,50.127],[7.5022,50.1269],[7.5,50.1303],[7.495,50.1318],[7.4943,50.1333],[7.498,50.1362],[7.4964,50.1373],[7.4937,50.1371],[7.489,50.1354],[7.4858,50.1358],[7.48,50.1353],[7.4762,50.136],[7.4717,50.1345],[7.4705,50.1359],[7.467,50.1349],[7.4621,50.1366],[7.459,50.1363],[7.456,50.1382],[7.455,50.1368],[7.4523,50.1374],[7.4484,50.141],[7.4499,50.1433],[7.4431,50.1429],[7.4423,50.1457],[7.4388,50.1471],[7.4359,50.1519],[7.4355,50.154],[7.4328,50.1544],[7.4271,50.1617],[7.4255,50.1625],[7.4281,50.1648],[7.4271,50.1668],[7.4277,50.1691],[7.4265,50.1707],[7.4279,50.1726],[7.4268,50.1753],[7.4253,50.1752],[7.4171,50.1713],[7.4164,50.1678],[7.4139,50.1664],[7.4091,50.1627],[7.4095,50.1613],[7.4045,50.1614],[7.3988,50.1601],[7.3941,50.1623],[7.3928,50.1644],[7.3819,50.1608],[7.379,50.1605],[7.3739,50.1571],[7.3741,50.1563],[7.3695,50.153],[7.3667,50.1498],[7.3676,50.1486],[7.3642,50.147],[7.3635,50.1452],[7.3658,50.1433],[7.3703,50.1448],[7.3717,50.1433],[7.3696,50.1421],[7.3694,50.1403],[7.3744,50.1392],[7.3748,50.1345],[7.376,50.1338],[7.3724,50.1307],[7.3691,50.1288],[7.3629,50.1319],[7.3579,50.1328],[7.3543,50.1303],[7.3507,50.1299],[7.3492,50.1276],[7.3462,50.1266],[7.3404,50.1275],[7.3391,50.1294],[7.3357,50.1278],[7.3325,50.1273],[7.3287,50.1252],[7.3266,50.1255],[7.3238,50.1276],[7.322,50.1302],[7.3201,50.1308],[7.3174,50.1332],[7.3145,50.1333],[7.3039,50.1282],[7.3,50.1239],[7.2933,50.119]]]},"properties":{"id":"071405003","name":"Kastellaun","territoire":"Rhénanie-Palatinat","sigle":"RLP","pays":"Allemagne","cx":7.42,"cy":50.087}},
{"type":"Feature","geometry":{"type":"Polygon","coordinates":[[[7.5397,49.8905],[7.5399,49.8919],[7.5271,49.8916],[7.5249,49.8926],[7.5224,49.8913],[7.5057,49.8982],[7.5026,49.8986],[7.497,49.9012],[7.4925,49.9041],[7.4916,49.9055],[7.4827,49.9102],[7.4833,49.9116],[7.4763,49.9129],[7.4754,49.9136],[7.4788,49.916],[7.4823,49.9171],[7.4814,49.9185],[7.4767,49.9203],[7.4754,49.9217],[7.4766,49.9237],[7.4828,49.9235],[7.4835,49.9253],[7.4804,49.9271],[7.48,49.9289],[7.4778,49.9296],[7.4714,49.9298],[7.4616,49.9339],[7.4593,49.9335],[7.4574,49.9361],[7.4599,49.9365],[7.4605,49.939],[7.4629,49.9415],[7.46,49.9429],[7.4601,49.945],[7.4541,49.9479],[7.4535,49.9493],[7.4564,49.9518],[7.4544,49.954],[7.4555,49.9558],[7.4543,49.9571],[7.454,49.9606],[7.4566,49.9629],[7.4532,49.9649],[7.4548,49.9674],[7.4526,49.9705],[7.458,49.977],[7.4564,49.9788],[7.4484,49.9811],[7.4505,49.9826],[7.4471,49.985],[7.443,49.9833],[7.4354,49.9824],[7.4206,49.9861],[7.4143,49.989],[7.412,49.9912],[7.4079,49.9973],[7.4043,50.0001],[7.4078,50.0011],[7.4091,50.0002],[7.4131,50.0013],[7.4119,50.0038],[7.4095,50.0056],[7.4054,50.0068],[7.405,50.0111],[7.4112,50.0119],[7.4084,50.0156],[7.4129,50.0182],[7.4073,50.0194],[7.3992,50.0162],[7.3822,50.0127],[7.3801,50.014],[7.389,50.0175],[7.382,50.0181],[7.3773,50.0191],[7.3671,50.0204],[7.3594,50.0254],[7.3527,50.0232],[7.3495,50.0239],[7.3499,50.0213],[7.3523,50.0202],[7.3551,50.015],[7.3543,50.0118],[7.3485,50.0092],[7.3477,50.0099],[7.3419,50.0111],[7.3386,50.0104],[7.3348,50.0113],[7.3337,50.0091],[7.3342,50.004],[7.3282,50.0012],[7.323,49.9998],[7.3218,49.9986],[7.3173,49.9967],[7.3127,49.9957],[7.3051,49.9928],[7.3018,49.9935],[7.2971,49.9925],[7.2932,49.9935],[7.2863,49.9939],[7.285,49.9922],[7.2854,49.9904],[7.2879,49.9874],[7.287,49.9859],[7.2909,49.9814],[7.2882,49.9776],[7.2896,49.9773],[7.2866,49.9727],[7.2837,49.9702],[7.2734,49.9711],[7.2734,49.9724],[7.2684,49.972],[7.2668,49.9746],[7.2625,49.9756],[7.2608,49.9752],[7.2596,49.9714],[7.2584,49.9699],[7.2535,49.9684],[7.2536,49.9666],[7.2516,49.9642],[7.2532,49.9618],[7.243,49.9594],[7.24,49.9599],[7.2358,49.9626],[7.2326,49.9612],[7.2307,49.9632],[7.2266,49.9633],[7.2162,49.9664],[7.2156,49.9673],[7.2027,49.9663],[7.2069,49.9625],[7.2132,49.9624],[7.2143,49.9567],[7.2185,49.9542],[7.2216,49.9485],[7.2261,49.9488],[7.2288,49.9466],[7.2358,49.9453],[7.2437,49.9434],[7.2498,49.9425],[7.2541,49.9412],[7.2513,49.9383],[7.2515,49.9365],[7.2477,49.9348],[7.2462,49.9326],[7.2455,49.9289],[7.243,49.9272],[7.2415,49.9249],[7.2336,49.916],[7.2297,49.9138],[7.2239,49.9138],[7.2238,49.9118],[7.2199,49.9116],[7.221,49.9084],[7.2195,49.9064],[7.218,49.9039],[7.214,49.9033],[7.2118,49.9001],[7.2137,49.8957],[7.217,49.8922],[7.2225,49.885],[7.2338,49.89],[7.2389,49.8925],[7.241,49.8951],[7.2448,49.8943],[7.2506,49.8942],[7.2544,49.8911],[7.2569,49.8917],[7.2608,49.8911],[7.2625,49.8931],[7.2668,49.8943],[7.2809,49.8995],[7.2867,49.8914],[7.2867,49.8889],[7.2827,49.8874],[7.2805,49.882],[7.2883,49.8796],[7.294,49.8787],[7.2994,49.8827],[7.3026,49.8817],[7.3109,49.8839],[7.3148,49.8874],[7.3151,49.8889],[7.3201,49.8907],[7.3183,49.892],[7.3235,49.8993],[7.331,49.9005],[7.3364,49.8987],[7.3378,49.8957],[7.3477,49.897],[7.3502,49.897],[7.3525,49.8984],[7.3581,49.8993],[7.3684,49.898],[7.373,49.8978],[7.379,49.8961],[7.3817,49.8965],[7.3868,49.8963],[7.3895,49.8931],[7.3943,49.8933],[7.3955,49.8897],[7.3968,49.8881],[7.3926,49.886],[7.3955,49.8837],[7.398,49.8802],[7.3938,49.8784],[7.3946,49.8767],[7.3932,49.8713],[7.3958,49.8696],[7.3962,49.8676],[7.3931,49.8661],[7.3956,49.8645],[7.3959,49.8613],[7.3948,49.8609],[7.3873,49.8618],[7.3884,49.8587],[7.3948,49.8582],[7.3987,49.8561],[7.4044,49.8585],[7.4121,49.858],[7.4136,49.8542],[7.4184,49.8521],[7.4256,49.8508],[7.4224,49.8492],[7.424,49.848],[7.4197,49.8446],[7.4244,49.8405],[7.432,49.8452],[7.4396,49.8492],[7.4515,49.8545],[7.4526,49.8572],[7.4589,49.8599],[7.4606,49.8613],[7.4642,49.8627],[7.4684,49.8666],[7.4701,49.8659],[7.4745,49.8657],[7.4772,49.8633],[7.4799,49.8644],[7.4827,49.8628],[7.4857,49.8623],[7.4886,49.8593],[7.4916,49.8613],[7.4942,49.86],[7.5023,49.8642],[7.504,49.8667],[7.5074,49.8679],[7.5124,49.8715],[7.5169,49.8762],[7.5243,49.88],[7.527,49.8832],[7.5326,49.8881],[7.5397,49.8905]]]},"properties":{"id":"071405004","name":"Kirchberg (Hunsrück)","territoire":"Rhénanie-Palatinat","sigle":"RLP","pays":"Allemagne","cx":7.371,"cy":49.949}},
{"type":"Feature","geometry":{"type":"Polygon","coordinates":[[[7.6509,49.9286],[7.6511,49.9308],[7.6542,49.9338],[7.6621,49.9399],[7.6618,49.9418],[7.6578,49.9454],[7.6577,49.9469],[7.6586,49.9535],[7.6611,49.9533],[7.6623,49.9551],[7.669,49.9593],[7.667,49.9631],[7.6671,49.9692],[7.6701,49.9702],[7.678,49.9756],[7.6822,49.977],[7.6952,49.9789],[7.6987,49.9789],[7.7067,49.9807],[7.7032,49.9834],[7.702,49.9853],[7.6976,49.9887],[7.6943,49.9897],[7.6929,49.9931],[7.6864,49.9961],[7.6872,49.9973],[7.6873,50.001],[7.694,50.0008],[7.7039,49.9992],[7.7054,49.9998],[7.7085,49.9976],[7.7193,49.997],[7.7216,49.9976],[7.7251,49.997],[7.7292,49.9973],[7.7305,49.9991],[7.7346,49.9987],[7.7299,50.0014],[7.7269,50.0015],[7.7324,50.0048],[7.7297,50.0065],[7.7279,50.0033],[7.7255,50.0025],[7.7172,50.0059],[7.7159,50.0093],[7.7145,50.0101],[7.7093,50.0089],[7.7026,50.0114],[7.7,50.0153],[7.6969,50.0178],[7.6951,50.0214],[7.6952,50.0229],[7.6908,50.0251],[7.6929,50.0297],[7.6916,50.0321],[7.6852,50.0315],[7.6829,50.0286],[7.6737,50.0308],[7.6672,50.0312],[7.6648,50.0327],[7.6582,50.0362],[7.6392,50.0467],[7.6383,50.0484],[7.6337,50.0643],[7.6235,50.0634],[7.6248,50.0661],[7.6236,50.068],[7.6167,50.0719],[7.6098,50.0737],[7.6046,50.0692],[7.6008,50.0675],[7.6005,50.0664],[7.6023,50.0635],[7.5999,50.0628],[7.5972,50.0672],[7.5952,50.0673],[7.5923,50.0714],[7.586,50.0695],[7.5849,50.0752],[7.5791,50.0743],[7.5753,50.0766],[7.5738,50.0826],[7.568,50.0869],[7.5612,50.0826],[7.5587,50.0792],[7.5554,50.0806],[7.5521,50.0835],[7.5479,50.0837],[7.5458,50.0833],[7.5398,50.0865],[7.5363,50.0866],[7.5294,50.084],[7.5331,50.0825],[7.5317,50.0802],[7.5355,50.0767],[7.535,50.0747],[7.5364,50.0732],[7.5322,50.071],[7.5209,50.0684],[7.5138,50.068],[7.5102,50.0698],[7.5075,50.0682],[7.4998,50.0662],[7.4909,50.0618],[7.4895,50.0644],[7.4813,50.0631],[7.4822,50.0595],[7.4848,50.0529],[7.4837,50.0484],[7.4855,50.0457],[7.4849,50.038],[7.4829,50.0359],[7.4897,50.034],[7.4886,50.0312],[7.4893,50.0293],[7.4857,50.0247],[7.4864,50.0223],[7.4855,50.0201],[7.4809,50.0216],[7.4689,50.0172],[7.4708,50.0139],[7.4765,50.01],[7.4713,50.011],[7.4643,50.0105],[7.4506,50.0128],[7.4476,50.0126],[7.4432,50.014],[7.4438,50.0169],[7.4385,50.0176],[7.4359,50.0203],[7.431,50.0224],[7.4266,50.0224],[7.4256,50.0216],[7.4155,50.0202],[7.4049,50.0212],[7.3947,50.0208],[7.389,50.0175],[7.3801,50.014],[7.3822,50.0127],[7.3992,50.0162],[7.4073,50.0194],[7.4129,50.0182],[7.4084,50.0156],[7.4112,50.0119],[7.405,50.0111],[7.4054,50.0068],[7.4095,50.0056],[7.4119,50.0038],[7.4131,50.0013],[7.4091,50.0002],[7.4078,50.0011],[7.4043,50.0001],[7.4079,49.9973],[7.412,49.9912],[7.4143,49.989],[7.4206,49.9861],[7.4354,49.9824],[7.443,49.9833],[7.4471,49.985],[7.4505,49.9826],[7.4484,49.9811],[7.4564,49.9788],[7.458,49.977],[7.4526,49.9705],[7.4548,49.9674],[7.4532,49.9649],[7.4566,49.9629],[7.454,49.9606],[7.4543,49.9571],[7.4555,49.9558],[7.4544,49.954],[7.4564,49.9518],[7.4535,49.9493],[7.4541,49.9479],[7.4601,49.945],[7.46,49.9429],[7.4629,49.9415],[7.4605,49.939],[7.4599,49.9365],[7.4574,49.9361],[7.4593,49.9335],[7.4616,49.9339],[7.4714,49.9298],[7.4778,49.9296],[7.48,49.9289],[7.4804,49.9271],[7.4835,49.9253],[7.4828,49.9235],[7.4766,49.9237],[7.4754,49.9217],[7.4767,49.9203],[7.4814,49.9185],[7.4823,49.9171],[7.4788,49.916],[7.4754,49.9136],[7.4763,49.9129],[7.4833,49.9116],[7.4827,49.9102],[7.4916,49.9055],[7.4925,49.9041],[7.497,49.9012],[7.5026,49.8986],[7.5057,49.8982],[7.5224,49.8913],[7.5249,49.8926],[7.5271,49.8916],[7.5399,49.8919],[7.5397,49.8905],[7.5426,49.8921],[7.5438,49.8957],[7.5508,49.8954],[7.5588,49.8961],[7.5618,49.8971],[7.5673,49.8976],[7.5726,49.8997],[7.5751,49.9017],[7.5812,49.9084],[7.5822,49.9084],[7.5848,49.9102],[7.5872,49.9131],[7.5933,49.9161],[7.595,49.9176],[7.6021,49.9201],[7.6067,49.9221],[7.6171,49.9254],[7.6274,49.9318],[7.6308,49.935],[7.638,49.9339],[7.6395,49.9328],[7.6491,49.93],[7.6509,49.9286]]]},"properties":{"id":"071405008","name":"Simmern-Rheinböllen","territoire":"Rhénanie-Palatinat","sigle":"RLP","pays":"Allemagne","cx":7.561,"cy":49.989}},
{"type":"Feature","geometry":{"type":"Polygon","coordinates":[[[7.4589,50.1988],[7.456,50.2011],[7.4568,50.2051],[7.4522,50.2018],[7.4469,50.1991],[7.4458,50.1998],[7.45,50.2037],[7.4516,50.2062],[7.4476,50.2089],[7.4481,50.2114],[7.4473,50.213],[7.4439,50.2104],[7.4387,50.2085],[7.4335,50.2107],[7.4315,50.2134],[7.4278,50.2132],[7.4279,50.2081],[7.4304,50.207],[7.4234,50.2038],[7.4231,50.202],[7.4201,50.2007],[7.4233,50.1989],[7.4243,50.1951],[7.422,50.193],[7.4145,50.193],[7.4183,50.1875],[7.4209,50.1866],[7.4208,50.1849],[7.4282,50.1806],[7.4302,50.1783],[7.4298,50.1762],[7.4268,50.1753],[7.4279,50.1726],[7.4265,50.1707],[7.4277,50.1691],[7.4271,50.1668],[7.4281,50.1648],[7.4255,50.1625],[7.4271,50.1617],[7.4328,50.1544],[7.4355,50.154],[7.4359,50.1519],[7.4388,50.1471],[7.4423,50.1457],[7.4431,50.1429],[7.4499,50.1433],[7.4484,50.141],[7.4523,50.1374],[7.455,50.1368],[7.456,50.1382],[7.459,50.1363],[7.4621,50.1366],[7.467,50.1349],[7.4705,50.1359],[7.4717,50.1345],[7.4762,50.136],[7.48,50.1353],[7.4858,50.1358],[7.489,50.1354],[7.4937,50.1371],[7.4964,50.1373],[7.498,50.1362],[7.4943,50.1333],[7.495,50.1318],[7.5,50.1303],[7.5022,50.1269],[7.5044,50.127],[7.5085,50.1232],[7.5128,50.1236],[7.5153,50.1226],[7.5181,50.1169],[7.5152,50.1149],[7.5158,50.1107],[7.5202,50.1074],[7.5209,50.1053],[7.5244,50.1018],[7.5284,50.1003],[7.5338,50.1002],[7.5436,50.0967],[7.5445,50.0951],[7.548,50.0932],[7.549,50.09],[7.5479,50.0837],[7.5521,50.0835],[7.5554,50.0806],[7.5587,50.0792],[7.5612,50.0826],[7.568,50.0869],[7.5738,50.0826],[7.5753,50.0766],[7.5791,50.0743],[7.5849,50.0752],[7.586,50.0695],[7.5923,50.0714],[7.5952,50.0673],[7.5972,50.0672],[7.5999,50.0628],[7.6023,50.0635],[7.6005,50.0664],[7.6008,50.0675],[7.6046,50.0692],[7.6098,50.0737],[7.6167,50.0719],[7.6236,50.068],[7.6248,50.0661],[7.6235,50.0634],[7.6337,50.0643],[7.6383,50.0484],[7.6392,50.0467],[7.6582,50.0362],[7.6648,50.0327],[7.6685,50.0347],[7.6723,50.0396],[7.6775,50.0432],[7.6817,50.0451],[7.6876,50.05],[7.6919,50.0524],[7.6951,50.0568],[7.6984,50.0579],[7.7041,50.0606],[7.7058,50.0633],[7.712,50.0652],[7.7151,50.0651],[7.7171,50.0676],[7.7266,50.071],[7.7385,50.0745],[7.7396,50.0763],[7.7426,50.0765],[7.7469,50.0796],[7.7528,50.081],[7.7535,50.0801],[7.7587,50.08],[7.7648,50.0826],[7.7509,50.0932],[7.744,50.0998],[7.7383,50.1033],[7.7302,50.1077],[7.7248,50.111],[7.7222,50.1138],[7.7226,50.1171],[7.728,50.1204],[7.7368,50.1272],[7.7387,50.1295],[7.7376,50.1335],[7.7339,50.1363],[7.729,50.1373],[7.7254,50.1397],[7.725,50.1436],[7.7256,50.1457],[7.7248,50.1476],[7.7227,50.149],[7.7127,50.1537],[7.7094,50.1558],[7.7027,50.1637],[7.6963,50.1677],[7.6883,50.1698],[7.6765,50.1703],[7.6687,50.1717],[7.6606,50.1688],[7.6552,50.165],[7.6538,50.1625],[7.6521,50.1617],[7.6458,50.1571],[7.6388,50.1595],[7.6391,50.1606],[7.6348,50.1629],[7.6343,50.1657],[7.6276,50.1661],[7.6241,50.1655],[7.6187,50.1657],[7.6064,50.1634],[7.603,50.1641],[7.6015,50.168],[7.5927,50.1698],[7.5897,50.1736],[7.5916,50.178],[7.5909,50.18],[7.5959,50.1838],[7.5944,50.1846],[7.5911,50.1916],[7.5868,50.1963],[7.5839,50.1975],[7.5755,50.1989],[7.5728,50.2024],[7.5692,50.2037],[7.5638,50.2037],[7.5567,50.208],[7.5476,50.2117],[7.5376,50.2051],[7.538,50.2023],[7.5364,50.202],[7.5326,50.1994],[7.5301,50.1989],[7.5279,50.1961],[7.5257,50.1966],[7.5237,50.1952],[7.517,50.194],[7.5163,50.1916],[7.5121,50.1902],[7.5072,50.1921],[7.5029,50.1918],[7.5019,50.1904],[7.4992,50.1897],[7.4969,50.1881],[7.4942,50.1879],[7.4856,50.1829],[7.4826,50.1838],[7.4761,50.1835],[7.4716,50.185],[7.4666,50.1886],[7.4663,50.191],[7.4642,50.1912],[7.4623,50.1956],[7.4627,50.1971],[7.4589,50.1988]]]},"properties":{"id":"071405009","name":"Hunsrück-Mittelrhein","territoire":"Rhénanie-Palatinat","sigle":"RLP","pays":"Allemagne","cx":7.655,"cy":50.109}},
{"type":"Feature","geometry":{"type":"Polygon","coordinates":[[[7.9716,50.4062],[7.9674,50.407],[7.967,50.4031],[7.9657,50.4013],[7.9627,50.4009],[7.955,50.3988],[7.9538,50.3966],[7.9494,50.3976],[7.9467,50.3969],[7.9448,50.3988],[7.946,50.4007],[7.9436,50.4049],[7.941,50.4056],[7.9411,50.4075],[7.9374,50.4146],[7.9343,50.4148],[7.9269,50.4137],[7.9253,50.413],[7.9149,50.4109],[7.911,50.4095],[7.9097,50.4072],[7.9049,50.4067],[7.9043,50.4041],[7.8985,50.4012],[7.895,50.3962],[7.8935,50.3961],[7.8968,50.4011],[7.8945,50.4022],[7.8881,50.4007],[7.8842,50.4023],[7.8792,50.3991],[7.8816,50.3979],[7.8832,50.3913],[7.8846,50.3885],[7.8862,50.3876],[7.8859,50.3837],[7.8789,50.3844],[7.874,50.3858],[7.8687,50.3845],[7.8659,50.3851],[7.8659,50.3871],[7.8628,50.3875],[7.859,50.3906],[7.8556,50.3918],[7.8546,50.3889],[7.8509,50.3875],[7.8508,50.3851],[7.8534,50.384],[7.8535,50.3822],[7.8571,50.3806],[7.8635,50.3803],[7.8653,50.3771],[7.8672,50.377],[7.8712,50.3784],[7.8761,50.3774],[7.8807,50.3771],[7.8799,50.3725],[7.8756,50.3672],[7.8776,50.3623],[7.876,50.3597],[7.8738,50.3587],[7.8689,50.3591],[7.8674,50.3584],[7.8671,50.3561],[7.8684,50.3531],[7.8704,50.3506],[7.865,50.3474],[7.8672,50.3458],[7.866,50.3432],[7.862,50.3427],[7.862,50.3401],[7.8608,50.3391],[7.8542,50.3379],[7.8542,50.3365],[7.8568,50.3346],[7.8629,50.3344],[7.865,50.3333],[7.8715,50.3315],[7.8733,50.329],[7.8734,50.3249],[7.8715,50.3226],[7.8778,50.3187],[7.885,50.3186],[7.8887,50.3178],[7.893,50.3166],[7.8953,50.3151],[7.8988,50.3112],[7.9021,50.3101],[7.9057,50.3111],[7.9069,50.3132],[7.9046,50.3164],[7.903,50.3203],[7.9001,50.323],[7.8989,50.3254],[7.9001,50.327],[7.9032,50.3287],[7.9078,50.3296],[7.9137,50.3294],[7.9203,50.3304],[7.9251,50.3302],[7.9348,50.3284],[7.9343,50.3262],[7.9318,50.3255],[7.9317,50.3231],[7.9354,50.3195],[7.9395,50.3178],[7.9385,50.3163],[7.9442,50.3155],[7.9465,50.3161],[7.9509,50.3156],[7.9528,50.3141],[7.9589,50.3134],[7.962,50.3144],[7.9649,50.312],[7.9685,50.3118],[7.9707,50.3095],[7.9749,50.3141],[7.9787,50.3139],[7.9804,50.3162],[7.9778,50.3169],[7.9807,50.3189],[7.9826,50.3228],[7.9847,50.3248],[7.9833,50.3271],[7.9867,50.3277],[7.9865,50.3294],[7.9893,50.3299],[7.99,50.3323],[7.9947,50.3344],[7.9967,50.3361],[7.9986,50.3393],[8.0016,50.3337],[8.0035,50.3315],[8.0071,50.3322],[8.0098,50.3339],[8.0225,50.3392],[8.0291,50.341],[8.0295,50.3428],[8.0243,50.345],[8.0281,50.3466],[8.0292,50.3487],[8.0334,50.3499],[8.036,50.3525],[8.0437,50.351],[8.0458,50.3483],[8.0494,50.3487],[8.052,50.3456],[8.0545,50.3466],[8.0576,50.3517],[8.0616,50.3542],[8.0686,50.3559],[8.0704,50.3558],[8.07,50.3581],[8.0673,50.3578],[8.0659,50.3672],[8.0645,50.3677],[8.0598,50.3753],[8.0575,50.3734],[8.051,50.3759],[8.0535,50.3789],[8.0509,50.3795],[8.0486,50.3756],[8.0464,50.3787],[8.0426,50.3861],[8.0398,50.386],[8.0379,50.3825],[8.0305,50.3817],[8.0298,50.3829],[8.0224,50.3822],[8.0175,50.3828],[8.0143,50.3845],[8.02,50.3861],[8.0212,50.3931],[8.0205,50.3959],[8.021,50.3987],[8.0238,50.4008],[8.014,50.4009],[8.0137,50.3999],[8.0089,50.4006],[8.0075,50.3988],[7.9971,50.3985],[7.9907,50.3995],[7.9855,50.4055],[7.9824,50.4081],[7.9783,50.4063],[7.9716,50.4062]]]},"properties":{"id":"071415003","name":"Diez","territoire":"Rhénanie-Palatinat","sigle":"RLP","pays":"Allemagne","cx":7.953,"cy":50.362}},
{"type":"Feature","geometry":{"type":"Polygon","coordinates":[[[7.8796,50.2486],[7.8742,50.2458],[7.8765,50.244],[7.8719,50.2423],[7.8685,50.2425],[7.8589,50.2392],[7.853,50.2426],[7.8508,50.2433],[7.8481,50.2458],[7.8534,50.2511],[7.854,50.2632],[7.8577,50.2666],[7.8534,50.2657],[7.8529,50.2634],[7.8499,50.2637],[7.8469,50.2625],[7.8441,50.2629],[7.8406,50.2617],[7.8375,50.2592],[7.8314,50.2591],[7.8153,50.2665],[7.809,50.2684],[7.8035,50.2682],[7.8035,50.2658],[7.8014,50.2639],[7.8027,50.2614],[7.799,50.2589],[7.8014,50.2584],[7.8009,50.2566],[7.8046,50.254],[7.8048,50.2528],[7.8001,50.2511],[7.7974,50.2484],[7.7925,50.2455],[7.7867,50.2454],[7.7824,50.246],[7.7627,50.2535],[7.7661,50.2608],[7.7617,50.2663],[7.7552,50.2668],[7.7547,50.2677],[7.7467,50.27],[7.7477,50.2729],[7.742,50.2718],[7.7428,50.27],[7.7466,50.2667],[7.7455,50.2644],[7.7406,50.263],[7.74,50.2607],[7.742,50.2563],[7.7413,50.2538],[7.7355,50.2493],[7.7301,50.248],[7.725,50.2476],[7.719,50.2459],[7.7157,50.2443],[7.7126,50.2411],[7.7148,50.2378],[7.7222,50.2337],[7.734,50.2306],[7.7268,50.2295],[7.7265,50.2269],[7.721,50.2249],[7.7173,50.2227],[7.7176,50.219],[7.7095,50.2156],[7.7081,50.2132],[7.7087,50.2119],[7.7072,50.2101],[7.7087,50.2051],[7.7135,50.2039],[7.716,50.1995],[7.718,50.1991],[7.7217,50.201],[7.7237,50.2033],[7.7228,50.2059],[7.7233,50.2085],[7.7285,50.2093],[7.7304,50.2115],[7.7362,50.212],[7.7367,50.2138],[7.7402,50.2131],[7.7396,50.2114],[7.7445,50.2054],[7.7445,50.2024],[7.747,50.2015],[7.7448,50.1942],[7.7507,50.191],[7.7549,50.1901],[7.7584,50.1925],[7.7619,50.1906],[7.7642,50.1906],[7.7667,50.1891],[7.769,50.191],[7.7746,50.1888],[7.7783,50.1883],[7.7782,50.1863],[7.7749,50.1838],[7.7865,50.1775],[7.7825,50.1749],[7.7824,50.1737],[7.7895,50.1714],[7.7934,50.1722],[7.7984,50.1703],[7.7992,50.1637],[7.795,50.163],[7.7964,50.1606],[7.7992,50.1586],[7.7994,50.1565],[7.8012,50.1514],[7.8005,50.1505],[7.8109,50.1465],[7.8096,50.1455],[7.8017,50.1453],[7.8006,50.1425],[7.8011,50.1404],[7.8041,50.1406],[7.8066,50.142],[7.812,50.1417],[7.8159,50.1442],[7.818,50.1437],[7.8258,50.1374],[7.8291,50.1368],[7.8372,50.1369],[7.8397,50.1347],[7.8436,50.1336],[7.8431,50.1322],[7.8406,50.1312],[7.8423,50.1267],[7.8475,50.1271],[7.8505,50.1285],[7.8503,50.1322],[7.852,50.1322],[7.8524,50.1293],[7.854,50.1283],[7.86,50.1276],[7.8604,50.1261],[7.8643,50.1242],[7.8654,50.1208],[7.8693,50.1199],[7.8753,50.1194],[7.8787,50.1156],[7.8813,50.1167],[7.8847,50.1144],[7.8908,50.1169],[7.8917,50.1182],[7.8964,50.1204],[7.8974,50.1215],[7.9007,50.1223],[7.9032,50.1216],[7.9092,50.1184],[7.9134,50.1153],[7.9201,50.1084],[7.9204,50.1037],[7.9232,50.1022],[7.9244,50.1035],[7.9274,50.103],[7.9301,50.1037],[7.9263,50.1055],[7.9253,50.1094],[7.9264,50.1106],[7.9246,50.1127],[7.9247,50.1155],[7.9277,50.1193],[7.9251,50.1212],[7.9251,50.124],[7.9232,50.126],[7.9224,50.1313],[7.9225,50.1346],[7.9256,50.1372],[7.9255,50.1386],[7.928,50.1414],[7.9329,50.1439],[7.9299,50.1452],[7.9226,50.1465],[7.9173,50.1492],[7.9169,50.1505],[7.9116,50.1523],[7.9112,50.1537],[7.9082,50.1563],[7.9027,50.1585],[7.8924,50.1618],[7.8872,50.1663],[7.885,50.1676],[7.884,50.1696],[7.8866,50.173],[7.8887,50.1737],[7.8872,50.1764],[7.885,50.1762],[7.8828,50.1813],[7.8896,50.184],[7.8924,50.186],[7.8943,50.1864],[7.8975,50.1891],[7.9044,50.1906],[7.9075,50.1919],[7.9125,50.1955],[7.9105,50.1985],[7.9077,50.1995],[7.9078,50.2008],[7.9111,50.2037],[7.9127,50.2037],[7.9153,50.2059],[7.9208,50.208],[7.9282,50.2079],[7.9389,50.2101],[7.9423,50.2089],[7.9474,50.2101],[7.9469,50.2118],[7.9516,50.2143],[7.9465,50.2151],[7.944,50.2169],[7.9374,50.2189],[7.9324,50.2227],[7.9274,50.2246],[7.9236,50.2251],[7.9189,50.2269],[7.9141,50.2297],[7.9119,50.2328],[7.9077,50.2337],[7.9094,50.2368],[7.9144,50.2399],[7.9205,50.2418],[7.916,50.2458],[7.9197,50.2474],[7.9175,50.2507],[7.9185,50.2536],[7.9135,50.2544],[7.9122,50.2533],[7.9094,50.2542],[7.9044,50.2532],[7.8994,50.2502],[7.8974,50.2514],[7.897,50.2532],[7.8944,50.2532],[7.8903,50.2516],[7.8871,50.252],[7.8796,50.2486]]]},"properties":{"id":"071415007","name":"Nastätten","territoire":"Rhénanie-Palatinat","sigle":"RLP","pays":"Allemagne","cx":7.834,"cy":50.199}},
{"type":"Feature","geometry":{"type":"Polygon","coordinates":[[[7.6687,50.1717],[7.6765,50.1703],[7.6883,50.1698],[7.6963,50.1677],[7.7027,50.1637],[7.7094,50.1558],[7.7127,50.1537],[7.7227,50.149],[7.7248,50.1476],[7.7256,50.1457],[7.725,50.1436],[7.7254,50.1397],[7.729,50.1373],[7.7339,50.1363],[7.7376,50.1335],[7.7387,50.1295],[7.7368,50.1272],[7.728,50.1204],[7.7226,50.1171],[7.7222,50.1138],[7.7248,50.111],[7.7302,50.1077],[7.7383,50.1033],[7.744,50.0998],[7.7509,50.0932],[7.7648,50.0826],[7.7715,50.0779],[7.7735,50.0756],[7.7742,50.0725],[7.774,50.0665],[7.7822,50.0666],[7.7876,50.0693],[7.7865,50.0712],[7.7888,50.0731],[7.7936,50.075],[7.7962,50.0766],[7.7999,50.0805],[7.8006,50.0826],[7.8035,50.0846],[7.8085,50.0844],[7.8146,50.0834],[7.8168,50.0807],[7.8208,50.0814],[7.8221,50.084],[7.8272,50.0816],[7.8316,50.0818],[7.8332,50.0832],[7.8372,50.0841],[7.8392,50.0875],[7.8351,50.09],[7.8333,50.0923],[7.8368,50.0944],[7.8349,50.0953],[7.8314,50.0927],[7.8313,50.0995],[7.8363,50.0993],[7.8385,50.1017],[7.8346,50.1037],[7.8346,50.1061],[7.8377,50.1073],[7.8385,50.11],[7.8412,50.1117],[7.8431,50.1117],[7.8444,50.1156],[7.8449,50.1235],[7.854,50.1283],[7.8524,50.1293],[7.852,50.1322],[7.8503,50.1322],[7.8505,50.1285],[7.8475,50.1271],[7.8423,50.1267],[7.8406,50.1312],[7.8431,50.1322],[7.8436,50.1336],[7.8397,50.1347],[7.8372,50.1369],[7.8291,50.1368],[7.8258,50.1374],[7.818,50.1437],[7.8159,50.1442],[7.812,50.1417],[7.8066,50.142],[7.8041,50.1406],[7.8011,50.1404],[7.8006,50.1425],[7.8017,50.1453],[7.8096,50.1455],[7.8109,50.1465],[7.8005,50.1505],[7.8012,50.1514],[7.7994,50.1565],[7.7992,50.1586],[7.7964,50.1606],[7.795,50.163],[7.7992,50.1637],[7.7984,50.1703],[7.7934,50.1722],[7.7895,50.1714],[7.7824,50.1737],[7.7825,50.1749],[7.7865,50.1775],[7.7749,50.1838],[7.7782,50.1863],[7.7783,50.1883],[7.7746,50.1888],[7.769,50.191],[7.7667,50.1891],[7.7642,50.1906],[7.7619,50.1906],[7.7584,50.1925],[7.7549,50.1901],[7.7507,50.191],[7.7448,50.1942],[7.747,50.2015],[7.7445,50.2024],[7.7445,50.2054],[7.7396,50.2114],[7.7402,50.2131],[7.7367,50.2138],[7.7362,50.212],[7.7304,50.2115],[7.7285,50.2093],[7.7233,50.2085],[7.7228,50.2059],[7.7237,50.2033],[7.7217,50.201],[7.718,50.1991],[7.716,50.1995],[7.7135,50.2039],[7.7087,50.2051],[7.7072,50.2101],[7.7087,50.2119],[7.7081,50.2132],[7.7095,50.2156],[7.7176,50.219],[7.7173,50.2227],[7.721,50.2249],[7.7265,50.2269],[7.7268,50.2295],[7.734,50.2306],[7.7222,50.2337],[7.7148,50.2378],[7.7126,50.2411],[7.7157,50.2443],[7.719,50.2459],[7.725,50.2476],[7.7301,50.248],[7.7355,50.2493],[7.7413,50.2538],[7.742,50.2563],[7.74,50.2607],[7.7406,50.263],[7.7455,50.2644],[7.7466,50.2667],[7.7428,50.27],[7.742,50.2718],[7.7385,50.2738],[7.7365,50.2767],[7.7414,50.2819],[7.7394,50.2828],[7.7289,50.2858],[7.7227,50.2847],[7.7183,50.2807],[7.7136,50.28],[7.7069,50.278],[7.7054,50.2768],[7.7077,50.274],[7.7067,50.2721],[7.7103,50.2701],[7.707,50.2677],[7.703,50.2687],[7.7038,50.2705],[7.6926,50.2729],[7.6925,50.2704],[7.6883,50.2718],[7.6872,50.2768],[7.6854,50.2776],[7.6856,50.2807],[7.6869,50.2826],[7.6827,50.2829],[7.6779,50.282],[7.6731,50.2838],[7.6712,50.2875],[7.6661,50.2896],[7.661,50.2898],[7.6545,50.2907],[7.6523,50.2898],[7.6476,50.2918],[7.6426,50.2896],[7.6388,50.2889],[7.6373,50.2896],[7.6326,50.2854],[7.6283,50.285],[7.626,50.2831],[7.6284,50.2813],[7.6266,50.2801],[7.6414,50.2711],[7.6484,50.2658],[7.6512,50.2614],[7.6521,50.2571],[7.6508,50.2529],[7.6493,50.2512],[7.6445,50.2478],[7.6395,50.2461],[7.6357,50.2456],[7.6313,50.2456],[7.6228,50.2471],[7.6006,50.2502],[7.5947,50.25],[7.5882,50.2488],[7.5824,50.2461],[7.5799,50.2438],[7.5782,50.2411],[7.5784,50.239],[7.5802,50.2368],[7.5845,50.2347],[7.59,50.234],[7.5964,50.2342],[7.6039,50.2327],[7.6116,50.2287],[7.6153,50.2254],[7.6173,50.2225],[7.6198,50.2172],[7.6243,50.2137],[7.6329,50.2098],[7.6405,50.2048],[7.644,50.2001],[7.6465,50.1922],[7.6463,50.1894],[7.6439,50.1828],[7.6442,50.1803],[7.6482,50.1775],[7.6537,50.1755],[7.6687,50.1717]]]},"properties":{"id":"071415009","name":"Loreley","territoire":"Rhénanie-Palatinat","sigle":"RLP","pays":"Allemagne","cx":7.674,"cy":50.213}},
{"type":"Feature","geometry":{"type":"MultiPolygon","coordinates":[[[[7.6502,50.3244],[7.6461,50.3202],[7.645,50.3174],[7.6507,50.3168],[7.6482,50.3124],[7.6526,50.3099],[7.6598,50.309],[7.6651,50.3096],[7.6671,50.3078],[7.6703,50.3077],[7.677,50.3088],[7.6754,50.3072],[7.6917,50.3095],[7.6968,50.3092],[7.699,50.3102],[7.7075,50.3115],[7.7112,50.3137],[7.7154,50.3143],[7.72,50.3157],[7.7206,50.3168],[7.7177,50.3199],[7.7207,50.3222],[7.7259,50.3233],[7.7277,50.322],[7.7281,50.3177],[7.7332,50.3156],[7.7414,50.3167],[7.7415,50.3153],[7.7463,50.3121],[7.7473,50.3101],[7.7557,50.3071],[7.7514,50.3065],[7.7438,50.3037],[7.7397,50.3016],[7.7359,50.299],[7.7309,50.2982],[7.7368,50.2899],[7.7397,50.2894],[7.7419,50.2942],[7.741,50.2955],[7.7445,50.2973],[7.7494,50.2979],[7.7524,50.2957],[7.754,50.2927],[7.7516,50.2911],[7.7495,50.2871],[7.7475,50.2866],[7.7448,50.2824],[7.7447,50.28],[7.7434,50.2773],[7.7385,50.2738],[7.742,50.2718],[7.7477,50.2729],[7.7467,50.27],[7.7547,50.2677],[7.7552,50.2668],[7.7617,50.2663],[7.7661,50.2608],[7.7627,50.2535],[7.7824,50.246],[7.7867,50.2454],[7.7925,50.2455],[7.7974,50.2484],[7.8001,50.2511],[7.8048,50.2528],[7.8046,50.254],[7.8009,50.2566],[7.8014,50.2584],[7.799,50.2589],[7.8027,50.2614],[7.8014,50.2639],[7.8035,50.2658],[7.8035,50.2682],[7.809,50.2684],[7.8153,50.2665],[7.8314,50.2591],[7.8375,50.2592],[7.8406,50.2617],[7.8441,50.2629],[7.8469,50.2625],[7.8499,50.2637],[7.8529,50.2634],[7.8534,50.2657],[7.8577,50.2666],[7.854,50.2632],[7.8534,50.2511],[7.8481,50.2458],[7.8508,50.2433],[7.853,50.2426],[7.8589,50.2392],[7.8685,50.2425],[7.8719,50.2423],[7.8765,50.244],[7.8742,50.2458],[7.8796,50.2486],[7.88,50.25],[7.8833,50.2534],[7.8852,50.254],[7.8882,50.257],[7.8863,50.2595],[7.886,50.2614],[7.8827,50.2624],[7.8816,50.2643],[7.877,50.2659],[7.8793,50.2675],[7.8766,50.2705],[7.8766,50.2769],[7.8809,50.2765],[7.8856,50.2741],[7.8871,50.2761],[7.8911,50.2776],[7.8936,50.2736],[7.897,50.2771],[7.8983,50.2794],[7.9015,50.2806],[7.902,50.2823],[7.8977,50.2823],[7.8939,50.2832],[7.8917,50.2855],[7.8904,50.2885],[7.8968,50.2914],[7.8963,50.2935],[7.8999,50.2956],[7.9013,50.2977],[7.8977,50.3019],[7.889,50.2998],[7.8853,50.3006],[7.8895,50.3047],[7.8901,50.309],[7.8892,50.3129],[7.886,50.3147],[7.8867,50.3166],[7.8887,50.3178],[7.885,50.3186],[7.8778,50.3187],[7.8715,50.3226],[7.8734,50.3249],[7.8733,50.329],[7.8715,50.3315],[7.865,50.3333],[7.8629,50.3344],[7.8568,50.3346],[7.8542,50.3365],[7.8542,50.3379],[7.8608,50.3391],[7.862,50.3401],[7.862,50.3427],[7.866,50.3432],[7.8672,50.3458],[7.865,50.3474],[7.8602,50.3475],[7.8545,50.3501],[7.8549,50.3534],[7.853,50.3542],[7.8482,50.3521],[7.843,50.3509],[7.8359,50.3509],[7.8268,50.3525],[7.8239,50.3544],[7.8263,50.3571],[7.8233,50.3595],[7.8169,50.3593],[7.8152,50.3587],[7.8092,50.3593],[7.81,50.3619],[7.8051,50.3614],[7.7954,50.3627],[7.7929,50.362],[7.7891,50.3621],[7.7845,50.3611],[7.7809,50.3584],[7.7775,50.3575],[7.7734,50.3593],[7.7748,50.362],[7.7721,50.3662],[7.7679,50.3668],[7.7697,50.3718],[7.775,50.3731],[7.7894,50.3842],[7.7916,50.3865],[7.7893,50.3878],[7.7857,50.3933],[7.7865,50.3943],[7.7829,50.3955],[7.7762,50.3969],[7.7734,50.3957],[7.7682,50.3947],[7.765,50.3918],[7.7605,50.3889],[7.758,50.3857],[7.7528,50.3837],[7.7506,50.3837],[7.7542,50.3874],[7.7544,50.3904],[7.7574,50.394],[7.7574,50.3994],[7.756,50.4007],[7.7469,50.3967],[7.7446,50.3963],[7.7419,50.391],[7.744,50.3887],[7.7404,50.3863],[7.7419,50.3831],[7.7354,50.3818],[7.7369,50.3763],[7.7368,50.3745],[7.7397,50.3721],[7.7367,50.3686],[7.7323,50.3669],[7.732,50.365],[7.7287,50.3645],[7.7262,50.3656],[7.7274,50.3679],[7.7241,50.3684],[7.7214,50.3656],[7.7126,50.3627],[7.7104,50.3612],[7.7074,50.3606],[7.6994,50.3581],[7.7027,50.3568],[7.6982,50.3543],[7.6977,50.3517],[7.6956,50.3486],[7.69,50.3447],[7.6837,50.3427],[7.6767,50.3429],[7.6713,50.3395],[7.6688,50.3388],[7.6665,50.3395],[7.6642,50.3378],[7.6615,50.3326],[7.6586,50.3314],[7.659,50.3293],[7.6577,50.328],[7.6522,50.3247],[7.6502,50.3244]]],[[[7.7054,50.2768],[7.7069,50.278],[7.7136,50.28],[7.7183,50.2807],[7.7227,50.2847],[7.7289,50.2858],[7.7394,50.2828],[7.7411,50.2861],[7.7251,50.2938],[7.7189,50.2965],[7.7143,50.2997],[7.7097,50.2983],[7.7066,50.2991],[7.7049,50.3007],[7.6991,50.2995],[7.6976,50.2978],[7.7015,50.2947],[7.7048,50.2934],[7.6992,50.2909],[7.6954,50.291],[7.6971,50.2881],[7.6899,50.2866],[7.6899,50.2847],[7.692,50.2826],[7.6967,50.2828],[7.6986,50.2842],[7.7006,50.2823],[7.704,50.2816],[7.7061,50.2797],[7.7054,50.2768]]]]},"properties":{"id":"071415010","name":"Bad Ems-Nassau","territoire":"Rhénanie-Palatinat","sigle":"RLP","pays":"Allemagne","cx":7.796,"cy":50.317}},
{"type":"Feature","geometry":{"type":"Polygon","coordinates":[[[7.8887,50.3178],[7.8867,50.3166],[7.886,50.3147],[7.8892,50.3129],[7.8901,50.309],[7.8895,50.3047],[7.8853,50.3006],[7.889,50.2998],[7.8977,50.3019],[7.9013,50.2977],[7.8999,50.2956],[7.8963,50.2935],[7.8968,50.2914],[7.8904,50.2885],[7.8917,50.2855],[7.8939,50.2832],[7.8977,50.2823],[7.902,50.2823],[7.9015,50.2806],[7.8983,50.2794],[7.897,50.2771],[7.8936,50.2736],[7.8911,50.2776],[7.8871,50.2761],[7.8856,50.2741],[7.8809,50.2765],[7.8766,50.2769],[7.8766,50.2705],[7.8793,50.2675],[7.877,50.2659],[7.8816,50.2643],[7.8827,50.2624],[7.886,50.2614],[7.8863,50.2595],[7.8882,50.257],[7.8852,50.254],[7.8833,50.2534],[7.88,50.25],[7.8796,50.2486],[7.8871,50.252],[7.8903,50.2516],[7.8944,50.2532],[7.897,50.2532],[7.8974,50.2514],[7.8994,50.2502],[7.9044,50.2532],[7.9094,50.2542],[7.9122,50.2533],[7.9135,50.2544],[7.9185,50.2536],[7.9175,50.2507],[7.9197,50.2474],[7.916,50.2458],[7.9205,50.2418],[7.9144,50.2399],[7.9094,50.2368],[7.9077,50.2337],[7.9119,50.2328],[7.9141,50.2297],[7.9189,50.2269],[7.9236,50.2251],[7.9274,50.2246],[7.9324,50.2227],[7.9374,50.2189],[7.944,50.2169],[7.9465,50.2151],[7.9516,50.2143],[7.9481,50.2176],[7.9531,50.2204],[7.9602,50.22],[7.9687,50.2223],[7.9713,50.2225],[7.9738,50.2252],[7.9778,50.225],[7.9808,50.2263],[7.9846,50.2269],[7.9866,50.2281],[7.9889,50.231],[7.9869,50.233],[7.9886,50.2383],[7.9911,50.2365],[7.9944,50.2369],[7.9971,50.2362],[7.9925,50.2323],[7.9992,50.2304],[8.0011,50.2288],[8.0055,50.2291],[8.0056,50.2273],[8.0027,50.2244],[8.0115,50.2224],[8.013,50.2196],[8.0118,50.218],[8.0161,50.2172],[8.0199,50.218],[8.0234,50.2175],[8.0306,50.2153],[8.0351,50.2156],[8.0368,50.2182],[8.0329,50.2208],[8.0387,50.2241],[8.0414,50.2264],[8.0381,50.2269],[8.041,50.2292],[8.0435,50.2296],[8.0442,50.2273],[8.0467,50.2276],[8.0561,50.2338],[8.0589,50.2344],[8.0564,50.2361],[8.0517,50.2379],[8.0513,50.2399],[8.0484,50.2407],[8.0494,50.2444],[8.0471,50.2442],[8.0441,50.2425],[8.0385,50.2462],[8.035,50.2459],[8.0379,50.2491],[8.0315,50.256],[8.0249,50.2542],[8.0217,50.2583],[8.0251,50.2599],[8.0256,50.2617],[8.0299,50.262],[8.0297,50.2633],[8.0358,50.2646],[8.0351,50.2661],[8.0359,50.2712],[8.0491,50.2739],[8.0565,50.2727],[8.0612,50.2726],[8.0642,50.2734],[8.0671,50.272],[8.0721,50.2732],[8.0735,50.2711],[8.0747,50.2672],[8.083,50.2659],[8.0806,50.2622],[8.0837,50.2614],[8.092,50.2652],[8.0934,50.2636],[8.1031,50.2598],[8.1068,50.2609],[8.1123,50.2699],[8.1125,50.2713],[8.1219,50.2772],[8.1198,50.283],[8.1223,50.2862],[8.1196,50.2888],[8.1228,50.2905],[8.1209,50.2917],[8.1194,50.2947],[8.1206,50.2959],[8.1186,50.2997],[8.1172,50.2994],[8.1155,50.3028],[8.1111,50.3032],[8.1043,50.307],[8.1045,50.3093],[8.1024,50.3098],[8.1054,50.3146],[8.1057,50.3187],[8.1072,50.3216],[8.1057,50.3232],[8.1025,50.3237],[8.1027,50.327],[8.0975,50.3266],[8.0936,50.3281],[8.0941,50.3303],[8.089,50.3295],[8.0832,50.3307],[8.0744,50.3294],[8.0738,50.3316],[8.0714,50.3326],[8.0727,50.3343],[8.0767,50.3359],[8.0772,50.3404],[8.0756,50.3433],[8.0757,50.3477],[8.0751,50.3502],[8.0731,50.3541],[8.0704,50.3558],[8.0686,50.3559],[8.0616,50.3542],[8.0576,50.3517],[8.0545,50.3466],[8.052,50.3456],[8.0494,50.3487],[8.0458,50.3483],[8.0437,50.351],[8.036,50.3525],[8.0334,50.3499],[8.0292,50.3487],[8.0281,50.3466],[8.0243,50.345],[8.0295,50.3428],[8.0291,50.341],[8.0225,50.3392],[8.0098,50.3339],[8.0071,50.3322],[8.0035,50.3315],[8.0016,50.3337],[7.9986,50.3393],[7.9967,50.3361],[7.9947,50.3344],[7.99,50.3323],[7.9893,50.3299],[7.9865,50.3294],[7.9867,50.3277],[7.9833,50.3271],[7.9847,50.3248],[7.9826,50.3228],[7.9807,50.3189],[7.9778,50.3169],[7.9804,50.3162],[7.9787,50.3139],[7.9749,50.3141],[7.9707,50.3095],[7.9685,50.3118],[7.9649,50.312],[7.962,50.3144],[7.9589,50.3134],[7.9528,50.3141],[7.9509,50.3156],[7.9465,50.3161],[7.9442,50.3155],[7.9385,50.3163],[7.9395,50.3178],[7.9354,50.3195],[7.9317,50.3231],[7.9318,50.3255],[7.9343,50.3262],[7.9348,50.3284],[7.9251,50.3302],[7.9203,50.3304],[7.9137,50.3294],[7.9078,50.3296],[7.9032,50.3287],[7.9001,50.327],[7.8989,50.3254],[7.9001,50.323],[7.903,50.3203],[7.9046,50.3164],[7.9069,50.3132],[7.9057,50.3111],[7.9021,50.3101],[7.8988,50.3112],[7.8953,50.3151],[7.893,50.3166],[7.8887,50.3178]]]},"properties":{"id":"071415011","name":"Aar-Einrich","territoire":"Rhénanie-Palatinat","sigle":"RLP","pays":"Allemagne","cx":7.969,"cy":50.271}},
{"type":"Feature","geometry":{"type":"Polygon","coordinates":[[[7.9066,50.7189],[7.9026,50.7188],[7.8909,50.7158],[7.8891,50.7138],[7.8857,50.7086],[7.8836,50.7037],[7.8821,50.6989],[7.8822,50.6955],[7.8791,50.694],[7.8787,50.6919],[7.8763,50.6915],[7.8745,50.6882],[7.8802,50.6866],[7.886,50.6859],[7.8904,50.684],[7.8929,50.6818],[7.8902,50.6805],[7.8892,50.6787],[7.8859,50.676],[7.8766,50.671],[7.8666,50.6705],[7.8593,50.6678],[7.8641,50.666],[7.8729,50.6648],[7.8745,50.6631],[7.8729,50.6613],[7.8786,50.6589],[7.889,50.6496],[7.8866,50.6428],[7.887,50.64],[7.8894,50.6397],[7.8922,50.6373],[7.8933,50.6332],[7.8905,50.6307],[7.8873,50.6303],[7.8832,50.6274],[7.8876,50.6241],[7.8897,50.6236],[7.8942,50.6208],[7.8895,50.6198],[7.896,50.6132],[7.9013,50.6156],[7.9099,50.6155],[7.9122,50.6122],[7.9149,50.6141],[7.9179,50.6122],[7.9132,50.6106],[7.9212,50.6082],[7.9271,50.6089],[7.9282,50.607],[7.9406,50.6089],[7.9437,50.6081],[7.9584,50.6087],[7.9576,50.6101],[7.9635,50.611],[7.9656,50.6124],[7.9622,50.6134],[7.9579,50.6125],[7.9544,50.6141],[7.9477,50.6133],[7.944,50.6176],[7.9398,50.6167],[7.9388,50.6187],[7.9411,50.6196],[7.9381,50.6219],[7.9369,50.6238],[7.9336,50.6233],[7.9345,50.6272],[7.9363,50.6267],[7.9525,50.6275],[7.9546,50.631],[7.9606,50.6297],[7.9624,50.6283],[7.9699,50.6283],[7.9721,50.6299],[7.9753,50.6299],[7.9808,50.631],[7.9854,50.6327],[7.9883,50.6346],[7.9885,50.6364],[7.9933,50.6376],[8.001,50.6359],[8.0029,50.6372],[8.0076,50.6374],[8.0097,50.6381],[8.0119,50.637],[8.012,50.6341],[8.0135,50.6338],[8.0186,50.6404],[8.0188,50.6425],[8.0212,50.6428],[8.0212,50.6464],[8.0178,50.6574],[8.0138,50.6578],[8.0132,50.6591],[8.0175,50.6593],[8.0214,50.6626],[8.0249,50.6634],[8.0302,50.6636],[8.0345,50.6695],[8.0377,50.6716],[8.035,50.678],[8.0287,50.6784],[8.0296,50.6809],[8.0265,50.6805],[8.0207,50.6843],[8.0213,50.6886],[8.0229,50.6907],[8.0256,50.6924],[8.0284,50.697],[8.018,50.6917],[8.0149,50.6906],[8.0052,50.6883],[8.0029,50.6838],[8.0016,50.6825],[7.996,50.6793],[7.9955,50.6773],[7.9929,50.676],[7.9806,50.6758],[7.9744,50.6763],[7.9639,50.6781],[7.9659,50.6834],[7.9674,50.6859],[7.9671,50.6887],[7.9688,50.6922],[7.9663,50.6954],[7.9562,50.7015],[7.9465,50.7091],[7.9399,50.7103],[7.9311,50.7105],[7.9231,50.7132],[7.9163,50.7168],[7.908,50.7189],[7.9066,50.7189]]]},"properties":{"id":"071435001","name":"Bad Marienberg (Ww)","territoire":"Rhénanie-Palatinat","sigle":"RLP","pays":"Allemagne","cx":7.933,"cy":50.662}},
{"type":"Feature","geometry":{"type":"Polygon","coordinates":[[[7.7429,50.7401],[7.7416,50.7379],[7.747,50.7363],[7.75,50.7331],[7.7439,50.73],[7.7435,50.7315],[7.7407,50.7323],[7.7402,50.7303],[7.7347,50.7306],[7.7311,50.732],[7.729,50.7341],[7.7256,50.7328],[7.7289,50.7295],[7.7287,50.7277],[7.7264,50.7271],[7.7246,50.7294],[7.7202,50.7311],[7.7163,50.726],[7.7176,50.7241],[7.7216,50.7225],[7.7223,50.7238],[7.7293,50.7245],[7.7323,50.7272],[7.7353,50.7259],[7.7348,50.7245],[7.7314,50.7231],[7.7316,50.7208],[7.7289,50.7199],[7.7277,50.7173],[7.7246,50.716],[7.7187,50.7148],[7.7152,50.716],[7.6968,50.7067],[7.6958,50.7026],[7.699,50.698],[7.7003,50.6938],[7.7052,50.6939],[7.7166,50.6931],[7.7256,50.6888],[7.7265,50.6838],[7.7263,50.6777],[7.7207,50.6726],[7.7145,50.672],[7.7101,50.6737],[7.7022,50.6742],[7.6978,50.6723],[7.6961,50.673],[7.6929,50.6696],[7.6915,50.6668],[7.6947,50.6646],[7.691,50.6626],[7.6927,50.6604],[7.6979,50.6585],[7.7011,50.6581],[7.7006,50.6567],[7.704,50.6547],[7.7034,50.6477],[7.7028,50.6462],[7.7042,50.6432],[7.701,50.6407],[7.7019,50.6353],[7.7023,50.6293],[7.7032,50.6227],[7.7008,50.6229],[7.6971,50.6215],[7.6948,50.6197],[7.6915,50.6187],[7.6895,50.617],[7.6817,50.615],[7.6798,50.6135],[7.6759,50.6143],[7.6743,50.6122],[7.6688,50.6023],[7.6657,50.5992],[7.6652,50.5946],[7.6802,50.5935],[7.6844,50.5957],[7.6897,50.5962],[7.6918,50.5986],[7.6947,50.5996],[7.7002,50.6013],[7.7048,50.5996],[7.7114,50.5973],[7.7115,50.5948],[7.7101,50.5932],[7.715,50.5913],[7.7204,50.5902],[7.7282,50.5869],[7.7309,50.5851],[7.7376,50.5912],[7.7458,50.6003],[7.7684,50.6095],[7.768,50.6116],[7.7653,50.6126],[7.7628,50.6154],[7.7674,50.6186],[7.7721,50.6197],[7.7765,50.6189],[7.7781,50.6168],[7.7835,50.6157],[7.7853,50.6143],[7.7843,50.611],[7.7848,50.6082],[7.7871,50.6056],[7.7871,50.6014],[7.789,50.5964],[7.7999,50.5917],[7.8097,50.5916],[7.8111,50.5893],[7.8096,50.5836],[7.8149,50.5841],[7.8181,50.5858],[7.8232,50.5819],[7.8274,50.5798],[7.8288,50.5801],[7.8433,50.5806],[7.8554,50.5845],[7.8601,50.5881],[7.8606,50.5898],[7.866,50.5923],[7.8678,50.5927],[7.8708,50.6002],[7.8661,50.6002],[7.8633,50.6014],[7.8666,50.6046],[7.8716,50.6027],[7.8725,50.6046],[7.8692,50.607],[7.8692,50.6102],[7.873,50.6143],[7.8783,50.6179],[7.8798,50.6223],[7.8832,50.6274],[7.8873,50.6303],[7.8905,50.6307],[7.8933,50.6332],[7.8922,50.6373],[7.8894,50.6397],[7.887,50.64],[7.8866,50.6428],[7.889,50.6496],[7.8786,50.6589],[7.8729,50.6613],[7.8745,50.6631],[7.8729,50.6648],[7.8641,50.666],[7.8593,50.6678],[7.8666,50.6705],[7.8766,50.671],[7.8859,50.676],[7.8892,50.6787],[7.8836,50.6791],[7.8693,50.6812],[7.8579,50.6835],[7.8548,50.6853],[7.8545,50.6897],[7.8531,50.693],[7.8591,50.6954],[7.86,50.6968],[7.8551,50.7013],[7.8481,50.7059],[7.8422,50.7084],[7.8364,50.7118],[7.8266,50.7095],[7.8232,50.7081],[7.8201,50.7077],[7.8166,50.7056],[7.8145,50.7073],[7.8052,50.7109],[7.8004,50.7164],[7.8015,50.7196],[7.8079,50.7256],[7.8085,50.7282],[7.8048,50.7312],[7.7977,50.7298],[7.794,50.7301],[7.7912,50.7312],[7.7869,50.7312],[7.7807,50.7347],[7.7753,50.737],[7.7685,50.7358],[7.7684,50.7326],[7.7572,50.7361],[7.7546,50.7383],[7.7525,50.7382],[7.747,50.74],[7.7429,50.7401]]]},"properties":{"id":"071435002","name":"Hachenburg","territoire":"Rhénanie-Palatinat","sigle":"RLP","pays":"Allemagne","cx":7.788,"cy":50.663}},
{"type":"Feature","geometry":{"type":"Polygon","coordinates":[[[7.6445,50.4347],[7.6478,50.4346],[7.6526,50.4329],[7.6516,50.4314],[7.6535,50.4292],[7.6572,50.4277],[7.6599,50.4257],[7.664,50.4251],[7.6656,50.4241],[7.6682,50.4249],[7.675,50.4258],[7.6755,50.4246],[7.6685,50.423],[7.6731,50.4213],[7.6683,50.4182],[7.6683,50.4158],[7.6708,50.4153],[7.6695,50.4134],[7.6751,50.4083],[7.681,50.4056],[7.6795,50.4034],[7.6743,50.4006],[7.6788,50.3974],[7.6815,50.3966],[7.6842,50.3973],[7.6883,50.3973],[7.6958,50.3954],[7.6987,50.3951],[7.703,50.3926],[7.7071,50.3931],[7.7137,50.3958],[7.7168,50.3979],[7.718,50.3995],[7.7195,50.405],[7.7219,50.4059],[7.7301,50.4074],[7.7353,50.4075],[7.7387,50.4067],[7.7421,50.4069],[7.7454,50.4082],[7.7413,50.4127],[7.7411,50.4143],[7.7381,50.4162],[7.7394,50.4193],[7.7374,50.4195],[7.733,50.4216],[7.728,50.423],[7.7333,50.4277],[7.7333,50.4295],[7.7345,50.4329],[7.7367,50.4362],[7.7316,50.4384],[7.7302,50.4414],[7.7311,50.447],[7.7253,50.4434],[7.7235,50.4452],[7.7178,50.4438],[7.7162,50.4423],[7.7089,50.4425],[7.7048,50.4387],[7.703,50.4393],[7.7035,50.4418],[7.7053,50.4442],[7.7074,50.4454],[7.7082,50.4518],[7.7056,50.4557],[7.7065,50.4578],[7.7048,50.4655],[7.6998,50.4674],[7.6943,50.4712],[7.6897,50.4674],[7.6864,50.4676],[7.6838,50.4658],[7.6815,50.4672],[7.679,50.4672],[7.6782,50.4644],[7.6732,50.4634],[7.6673,50.4584],[7.6621,50.4584],[7.6563,50.4569],[7.6539,50.4586],[7.6468,50.4598],[7.6484,50.4588],[7.6473,50.4569],[7.6487,50.4554],[7.6444,50.4523],[7.6431,50.4507],[7.6395,50.4484],[7.6358,50.4483],[7.6317,50.4464],[7.6351,50.4455],[7.6367,50.4431],[7.6407,50.4394],[7.6392,50.4388],[7.6445,50.4347]]]},"properties":{"id":"071435003","name":"Höhr-Grenzhausen","territoire":"Rhénanie-Palatinat","sigle":"RLP","pays":"Allemagne","cx":7.695,"cy":50.421}},
{"type":"Feature","geometry":{"type":"Polygon","coordinates":[[[7.6889,50.3601],[7.6955,50.3556],[7.6956,50.3523],[7.6977,50.3517],[7.6982,50.3543],[7.7027,50.3568],[7.6994,50.3581],[7.7074,50.3606],[7.7104,50.3612],[7.7126,50.3627],[7.7214,50.3656],[7.7241,50.3684],[7.7274,50.3679],[7.7262,50.3656],[7.7287,50.3645],[7.732,50.365],[7.7323,50.3669],[7.7367,50.3686],[7.7397,50.3721],[7.7368,50.3745],[7.7369,50.3763],[7.7354,50.3818],[7.7419,50.3831],[7.7404,50.3863],[7.744,50.3887],[7.7419,50.391],[7.7446,50.3963],[7.7469,50.3967],[7.756,50.4007],[7.7574,50.3994],[7.7574,50.394],[7.7544,50.3904],[7.7542,50.3874],[7.7506,50.3837],[7.7528,50.3837],[7.758,50.3857],[7.7605,50.3889],[7.765,50.3918],[7.7682,50.3947],[7.7734,50.3957],[7.7762,50.3969],[7.7829,50.3955],[7.7865,50.3943],[7.7857,50.3933],[7.7893,50.3878],[7.7916,50.3865],[7.7894,50.3842],[7.775,50.3731],[7.7697,50.3718],[7.7679,50.3668],[7.7721,50.3662],[7.7748,50.362],[7.7734,50.3593],[7.7775,50.3575],[7.7809,50.3584],[7.7845,50.3611],[7.7891,50.3621],[7.7929,50.362],[7.7954,50.3627],[7.8051,50.3614],[7.81,50.3619],[7.8092,50.3593],[7.8152,50.3587],[7.8169,50.3593],[7.8233,50.3595],[7.8263,50.3571],[7.8239,50.3544],[7.8268,50.3525],[7.8359,50.3509],[7.843,50.3509],[7.8482,50.3521],[7.853,50.3542],[7.8549,50.3534],[7.8545,50.3501],[7.8602,50.3475],[7.865,50.3474],[7.8704,50.3506],[7.8684,50.3531],[7.8671,50.3561],[7.8674,50.3584],[7.8689,50.3591],[7.8738,50.3587],[7.876,50.3597],[7.8776,50.3623],[7.8756,50.3672],[7.8799,50.3725],[7.8807,50.3771],[7.8761,50.3774],[7.8712,50.3784],[7.8672,50.377],[7.8653,50.3771],[7.8635,50.3803],[7.8571,50.3806],[7.8535,50.3822],[7.8534,50.384],[7.8508,50.3851],[7.8509,50.3875],[7.8546,50.3889],[7.8556,50.3918],[7.859,50.3906],[7.8628,50.3875],[7.8659,50.3871],[7.8659,50.3851],[7.8687,50.3845],[7.874,50.3858],[7.8789,50.3844],[7.8859,50.3837],[7.8862,50.3876],[7.8846,50.3885],[7.8832,50.3913],[7.8816,50.3979],[7.8792,50.3991],[7.8842,50.4023],[7.8881,50.4007],[7.8945,50.4022],[7.8968,50.4011],[7.8935,50.3961],[7.895,50.3962],[7.8985,50.4012],[7.9043,50.4041],[7.9049,50.4067],[7.9097,50.4072],[7.911,50.4095],[7.9149,50.4109],[7.9253,50.413],[7.9269,50.4137],[7.9343,50.4148],[7.9374,50.4146],[7.9411,50.4075],[7.941,50.4056],[7.9436,50.4049],[7.946,50.4007],[7.9448,50.3988],[7.9467,50.3969],[7.9494,50.3976],[7.9538,50.3966],[7.955,50.3988],[7.9627,50.4009],[7.9657,50.4013],[7.967,50.4031],[7.9674,50.407],[7.9716,50.4062],[7.9703,50.407],[7.9694,50.4099],[7.9644,50.4102],[7.9642,50.4122],[7.9662,50.4152],[7.9749,50.4142],[7.9812,50.418],[7.9816,50.4207],[7.983,50.4227],[7.9839,50.4259],[7.9878,50.4279],[7.9875,50.4295],[7.9846,50.4316],[7.9852,50.4334],[7.989,50.4338],[7.9881,50.4355],[7.9828,50.436],[7.9797,50.4356],[7.9782,50.4343],[7.9751,50.4359],[7.9737,50.4357],[7.9638,50.4367],[7.9539,50.4364],[7.9476,50.4365],[7.9458,50.4381],[7.939,50.4392],[7.9405,50.4423],[7.9372,50.4439],[7.9297,50.4454],[7.9301,50.4475],[7.9267,50.4501],[7.9259,50.4554],[7.922,50.4554],[7.9191,50.4543],[7.9175,50.4557],[7.9153,50.4622],[7.9124,50.4642],[7.9137,50.4651],[7.9105,50.4676],[7.9058,50.4673],[7.9052,50.4694],[7.8991,50.4695],[7.8881,50.4717],[7.8798,50.472],[7.8762,50.4684],[7.8739,50.4699],[7.8705,50.4708],[7.8663,50.4682],[7.8624,50.4713],[7.8632,50.4743],[7.8621,50.4789],[7.863,50.4835],[7.8629,50.4865],[7.8583,50.4866],[7.8538,50.4874],[7.851,50.4857],[7.8521,50.4804],[7.8555,50.4764],[7.8553,50.4744],[7.8516,50.47],[7.8509,50.4674],[7.8511,50.4629],[7.8464,50.4627],[7.8462,50.4606],[7.851,50.4605],[7.8507,50.4571],[7.8467,50.457],[7.843,50.4548],[7.8393,50.4557],[7.8381,50.4535],[7.8285,50.4542],[7.8282,50.4558],[7.8228,50.4552],[7.8171,50.4559],[7.8137,50.4571],[7.8096,50.4567],[7.8094,50.4553],[7.8049,50.4541],[7.8002,50.4506],[7.7913,50.4487],[7.791,50.4456],[7.7799,50.4465],[7.7706,50.4432],[7.7713,50.4369],[7.751,50.4325],[7.7533,50.4303],[7.7333,50.4295],[7.7333,50.4277],[7.728,50.423],[7.733,50.4216],[7.7374,50.4195],[7.7394,50.4193],[7.7381,50.4162],[7.7411,50.4143],[7.7413,50.4127],[7.7454,50.4082],[7.7421,50.4069],[7.7387,50.4067],[7.7353,50.4075],[7.7301,50.4074],[7.7219,50.4059],[7.7195,50.405],[7.718,50.3995],[7.7168,50.3979],[7.7137,50.3958],[7.7071,50.3931],[7.703,50.3926],[7.6987,50.3951],[7.6958,50.3954],[7.6883,50.3973],[7.6842,50.3973],[7.6815,50.3966],[7.6788,50.3974],[7.6743,50.4006],[7.6696,50.4013],[7.6664,50.3996],[7.6606,50.3998],[7.6583,50.3989],[7.6501,50.3999],[7.6472,50.3983],[7.6468,50.3953],[7.6477,50.3931],[7.6441,50.3919],[7.6445,50.389],[7.6462,50.3871],[7.649,50.3864],[7.6485,50.3838],[7.6547,50.3831],[7.6596,50.385],[7.6636,50.3837],[7.6641,50.3815],[7.666,50.3814],[7.6668,50.379],[7.6865,50.3735],[7.6851,50.3719],[7.6848,50.369],[7.6931,50.3659],[7.6889,50.3601]],[[7.8733,50.4213],[7.871,50.4222],[7.8832,50.4318],[7.8847,50.4296],[7.8823,50.4275],[7.8783,50.4259],[7.8761,50.4227],[7.8733,50.4213]]]},"properties":{"id":"071435004","name":"Montabaur","territoire":"Rhénanie-Palatinat","sigle":"RLP","pays":"Allemagne","cx":7.826,"cy":50.414}},
{"type":"Feature","geometry":{"type":"Polygon","coordinates":[[[7.6468,50.4598],[7.6539,50.4586],[7.6563,50.4569],[7.6621,50.4584],[7.6673,50.4584],[7.6732,50.4634],[7.6782,50.4644],[7.679,50.4672],[7.6815,50.4672],[7.6838,50.4658],[7.6864,50.4676],[7.6897,50.4674],[7.6943,50.4712],[7.6998,50.4674],[7.7048,50.4655],[7.7065,50.4578],[7.7056,50.4557],[7.7082,50.4518],[7.7074,50.4454],[7.7053,50.4442],[7.7035,50.4418],[7.703,50.4393],[7.7048,50.4387],[7.7089,50.4425],[7.7162,50.4423],[7.7178,50.4438],[7.7235,50.4452],[7.7253,50.4434],[7.7311,50.447],[7.7302,50.4414],[7.7316,50.4384],[7.7367,50.4362],[7.7376,50.4393],[7.7365,50.4423],[7.7371,50.444],[7.7364,50.4483],[7.7375,50.4513],[7.7465,50.4585],[7.748,50.4606],[7.751,50.4613],[7.7523,50.4631],[7.7561,50.4648],[7.7587,50.468],[7.7541,50.476],[7.7518,50.4788],[7.7509,50.4812],[7.7469,50.4803],[7.7425,50.4812],[7.7381,50.4813],[7.7309,50.4828],[7.7268,50.4853],[7.731,50.4891],[7.7343,50.4908],[7.7376,50.4943],[7.7382,50.4992],[7.7406,50.5046],[7.736,50.5064],[7.7371,50.5032],[7.7343,50.5017],[7.7308,50.5043],[7.7243,50.5068],[7.7214,50.5102],[7.7226,50.5134],[7.7181,50.5146],[7.7147,50.5133],[7.7094,50.5128],[7.7069,50.5166],[7.7002,50.5182],[7.697,50.5186],[7.6945,50.5169],[7.6921,50.5135],[7.6883,50.5163],[7.6848,50.5168],[7.68,50.5154],[7.6798,50.5142],[7.6736,50.5133],[7.6715,50.5089],[7.6683,50.5053],[7.6732,50.5039],[7.6751,50.5016],[7.6783,50.4998],[7.6785,50.4963],[7.6743,50.4938],[7.6733,50.4919],[7.67,50.4903],[7.668,50.4903],[7.6658,50.4923],[7.6641,50.4956],[7.6615,50.4932],[7.654,50.4939],[7.6542,50.491],[7.6507,50.4881],[7.6517,50.486],[7.6487,50.4854],[7.6419,50.4875],[7.6395,50.4869],[7.6381,50.485],[7.6346,50.4871],[7.6338,50.4855],[7.6305,50.4845],[7.6235,50.4848],[7.6201,50.4862],[7.6164,50.4858],[7.6145,50.4843],[7.6115,50.4838],[7.6109,50.4817],[7.6087,50.4813],[7.6044,50.4818],[7.6041,50.4798],[7.6004,50.4792],[7.5978,50.4762],[7.595,50.4752],[7.5965,50.4733],[7.5949,50.4695],[7.5957,50.4672],[7.5983,50.4646],[7.6029,50.4634],[7.614,50.4613],[7.6168,50.4601],[7.6166,50.4587],[7.6138,50.4574],[7.613,50.454],[7.6187,50.4507],[7.6188,50.4486],[7.6217,50.4478],[7.6253,50.4428],[7.6304,50.4487],[7.6323,50.4517],[7.6357,50.4551],[7.643,50.4564],[7.6468,50.4598]]]},"properties":{"id":"071435005","name":"Ransbach-Baumbach","territoire":"Rhénanie-Palatinat","sigle":"RLP","pays":"Allemagne","cx":7.698,"cy":50.491}},
{"type":"Feature","geometry":{"type":"Polygon","coordinates":[[[8.0284,50.697],[8.0256,50.6924],[8.0229,50.6907],[8.0213,50.6886],[8.0207,50.6843],[8.0265,50.6805],[8.0296,50.6809],[8.0287,50.6784],[8.035,50.678],[8.0377,50.6716],[8.0345,50.6695],[8.0302,50.6636],[8.0249,50.6634],[8.0214,50.6626],[8.0175,50.6593],[8.0132,50.6591],[8.0138,50.6578],[8.0178,50.6574],[8.0212,50.6464],[8.0212,50.6428],[8.0188,50.6425],[8.0186,50.6404],[8.0135,50.6338],[8.012,50.6341],[8.0131,50.6329],[8.0212,50.6315],[8.0214,50.6294],[8.0185,50.6298],[8.0163,50.6271],[8.0148,50.6219],[8.0104,50.6215],[8.0061,50.6203],[8.0077,50.6179],[8.0102,50.6119],[8.0091,50.6067],[8.0126,50.6026],[8.0111,50.5999],[8.0166,50.5965],[8.0151,50.5956],[8.0174,50.592],[8.023,50.5906],[8.0171,50.5851],[8.0149,50.581],[8.0176,50.5764],[8.0222,50.5736],[8.0288,50.5714],[8.0305,50.5683],[8.0287,50.5625],[8.0355,50.5537],[8.034,50.5519],[8.0375,50.5515],[8.0429,50.5538],[8.0416,50.557],[8.0461,50.557],[8.0493,50.5528],[8.0538,50.5526],[8.0561,50.551],[8.0603,50.5498],[8.0664,50.5489],[8.067,50.5471],[8.069,50.5459],[8.0705,50.538],[8.0769,50.5392],[8.08,50.5385],[8.0873,50.5385],[8.0907,50.5354],[8.0926,50.5367],[8.0946,50.5354],[8.1008,50.5348],[8.1034,50.5326],[8.1054,50.5341],[8.108,50.5343],[8.115,50.5358],[8.1177,50.5345],[8.1209,50.5397],[8.1161,50.5386],[8.1121,50.5403],[8.1108,50.5419],[8.1112,50.5437],[8.1132,50.545],[8.1165,50.5453],[8.1188,50.5468],[8.119,50.5485],[8.1262,50.5485],[8.1358,50.55],[8.1379,50.5509],[8.1342,50.5563],[8.1319,50.557],[8.1334,50.5618],[8.1361,50.5655],[8.1397,50.5665],[8.1402,50.572],[8.1471,50.5821],[8.1476,50.5859],[8.15,50.5891],[8.1522,50.5937],[8.1516,50.5994],[8.1493,50.5994],[8.1475,50.6021],[8.1434,50.6035],[8.128,50.6077],[8.126,50.6101],[8.1315,50.6129],[8.1377,50.6182],[8.1387,50.62],[8.1378,50.6234],[8.1404,50.6244],[8.1414,50.6267],[8.1392,50.6295],[8.1403,50.6317],[8.132,50.6369],[8.131,50.6362],[8.1265,50.6415],[8.1275,50.6451],[8.1238,50.6453],[8.1183,50.6508],[8.114,50.6525],[8.1101,50.6573],[8.1097,50.6652],[8.1102,50.6709],[8.1126,50.6756],[8.1197,50.6771],[8.1258,50.6834],[8.1258,50.6858],[8.1211,50.6854],[8.1207,50.6883],[8.1098,50.698],[8.0992,50.7036],[8.0887,50.7036],[8.0825,50.7029],[8.0796,50.7061],[8.0751,50.7048],[8.0711,50.7017],[8.0708,50.7002],[8.0642,50.6994],[8.0597,50.695],[8.0414,50.6967],[8.0397,50.6974],[8.0325,50.6977],[8.0284,50.697]]]},"properties":{"id":"071435006","name":"Rennerod","territoire":"Rhénanie-Palatinat","sigle":"RLP","pays":"Allemagne","cx":8.078,"cy":50.618}},
{"type":"Feature","geometry":{"type":"MultiPolygon","coordinates":[[[[7.6897,50.5962],[7.6844,50.5957],[7.6802,50.5935],[7.6834,50.5888],[7.6835,50.5869],[7.6859,50.5844],[7.6878,50.5798],[7.686,50.5764],[7.6865,50.5736],[7.6841,50.5702],[7.6847,50.5674],[7.6899,50.5723],[7.6922,50.5719],[7.6932,50.5752],[7.6984,50.5746],[7.6979,50.5714],[7.6949,50.5688],[7.6954,50.5679],[7.6997,50.5666],[7.7042,50.5617],[7.6997,50.5588],[7.693,50.5532],[7.6919,50.5505],[7.7015,50.5495],[7.701,50.5482],[7.703,50.5426],[7.6996,50.5422],[7.6997,50.5377],[7.6965,50.5323],[7.6955,50.528],[7.6923,50.5257],[7.6869,50.5271],[7.678,50.5252],[7.6714,50.5219],[7.6683,50.5188],[7.6695,50.5167],[7.6736,50.5133],[7.6798,50.5142],[7.68,50.5154],[7.6848,50.5168],[7.6883,50.5163],[7.6921,50.5135],[7.6945,50.5169],[7.697,50.5186],[7.7002,50.5182],[7.7069,50.5166],[7.7094,50.5128],[7.7147,50.5133],[7.7181,50.5146],[7.7226,50.5134],[7.7214,50.5102],[7.7243,50.5068],[7.7308,50.5043],[7.7343,50.5017],[7.7371,50.5032],[7.736,50.5064],[7.7406,50.5046],[7.7382,50.4992],[7.7435,50.4962],[7.746,50.4965],[7.7499,50.5008],[7.7537,50.4993],[7.759,50.4992],[7.7644,50.5],[7.7697,50.4988],[7.7721,50.4958],[7.7758,50.4944],[7.7817,50.4961],[7.7871,50.4954],[7.7892,50.4969],[7.7968,50.4999],[7.7995,50.5039],[7.7958,50.5069],[7.7968,50.5096],[7.7955,50.5107],[7.7957,50.5137],[7.7994,50.5169],[7.7998,50.5184],[7.8028,50.5205],[7.8026,50.5217],[7.8063,50.5254],[7.8076,50.5277],[7.8117,50.5299],[7.8142,50.5271],[7.8219,50.522],[7.828,50.5252],[7.8279,50.5275],[7.8303,50.5294],[7.8349,50.5298],[7.8354,50.5324],[7.8351,50.5389],[7.8378,50.538],[7.8482,50.5399],[7.8555,50.5396],[7.8579,50.5404],[7.8558,50.5425],[7.8546,50.5455],[7.8602,50.5486],[7.862,50.5489],[7.8645,50.553],[7.867,50.5543],[7.8744,50.5599],[7.8754,50.5622],[7.8808,50.5622],[7.8823,50.5632],[7.8795,50.5664],[7.8785,50.5695],[7.8817,50.5749],[7.8808,50.577],[7.869,50.5851],[7.8664,50.5883],[7.866,50.5923],[7.8606,50.5898],[7.8601,50.5881],[7.8554,50.5845],[7.8433,50.5806],[7.8288,50.5801],[7.8274,50.5798],[7.8232,50.5819],[7.8181,50.5858],[7.8149,50.5841],[7.8096,50.5836],[7.8111,50.5893],[7.8097,50.5916],[7.7999,50.5917],[7.789,50.5964],[7.7871,50.6014],[7.7871,50.6056],[7.7848,50.6082],[7.7843,50.611],[7.7853,50.6143],[7.7835,50.6157],[7.7781,50.6168],[7.7765,50.6189],[7.7721,50.6197],[7.7674,50.6186],[7.7628,50.6154],[7.7653,50.6126],[7.768,50.6116],[7.7684,50.6095],[7.7458,50.6003],[7.7376,50.5912],[7.7309,50.5851],[7.7282,50.5869],[7.7204,50.5902],[7.715,50.5913],[7.7101,50.5932],[7.7091,50.5908],[7.7051,50.5887],[7.7059,50.5865],[7.7033,50.5855],[7.7018,50.5832],[7.6985,50.58],[7.6955,50.5801],[7.6944,50.5823],[7.7005,50.5837],[7.7008,50.5875],[7.6997,50.5898],[7.6897,50.5962]]],[[[7.7048,50.5996],[7.7002,50.6013],[7.6947,50.5996],[7.6993,50.5972],[7.7008,50.5998],[7.7048,50.5996]]],[[[7.6664,50.5688],[7.667,50.5636],[7.6697,50.5609],[7.6768,50.5619],[7.6768,50.5631],[7.6803,50.5635],[7.6804,50.5658],[7.6664,50.5688]]]]},"properties":{"id":"071435007","name":"Selters (Westerwald)","territoire":"Rhénanie-Palatinat","sigle":"RLP","pays":"Allemagne","cx":7.772,"cy":50.554}},
{"type":"Feature","geometry":{"type":"MultiPolygon","coordinates":[[[[7.9751,50.4359],[7.9752,50.4376],[7.9894,50.4397],[7.9894,50.4429],[7.9906,50.4439],[8.001,50.4453],[8.0001,50.4475],[8.0081,50.4488],[8.0075,50.4507],[8.0108,50.4527],[8.0095,50.4583],[8.0105,50.4606],[8.0011,50.4624],[7.9987,50.4657],[7.9946,50.4683],[7.9948,50.4706],[7.9917,50.4722],[7.9877,50.4727],[7.9858,50.4766],[7.9874,50.4785],[7.9856,50.4826],[7.9821,50.4826],[7.9792,50.4846],[7.9787,50.4878],[7.981,50.4906],[7.9812,50.4937],[7.9789,50.4954],[7.9867,50.4969],[7.99,50.4986],[7.9885,50.4996],[7.9859,50.5034],[7.9845,50.508],[7.9847,50.5096],[7.9829,50.5115],[7.9787,50.5132],[7.9766,50.5151],[7.9735,50.5152],[7.966,50.5187],[7.9644,50.5175],[7.9596,50.5169],[7.9546,50.5156],[7.9445,50.515],[7.9414,50.5163],[7.9384,50.5163],[7.9346,50.526],[7.9264,50.529],[7.9209,50.5296],[7.9199,50.5329],[7.9108,50.5358],[7.91,50.5344],[7.9068,50.5332],[7.9027,50.5372],[7.9027,50.5393],[7.896,50.5416],[7.8929,50.5399],[7.892,50.5415],[7.888,50.5407],[7.8799,50.5416],[7.8795,50.5454],[7.8769,50.5451],[7.8742,50.5463],[7.8706,50.5462],[7.8713,50.5503],[7.867,50.5543],[7.8645,50.553],[7.862,50.5489],[7.8602,50.5486],[7.8546,50.5455],[7.8558,50.5425],[7.8579,50.5404],[7.8555,50.5396],[7.8482,50.5399],[7.8503,50.5326],[7.8518,50.5319],[7.8523,50.5289],[7.8574,50.5281],[7.863,50.5236],[7.8601,50.5233],[7.8606,50.5195],[7.8528,50.5173],[7.8544,50.5153],[7.8528,50.513],[7.8499,50.5119],[7.8472,50.512],[7.8445,50.5103],[7.8459,50.5091],[7.8472,50.505],[7.8447,50.4984],[7.8419,50.4967],[7.8417,50.4945],[7.8458,50.4923],[7.8489,50.4897],[7.8538,50.4874],[7.8583,50.4866],[7.8629,50.4865],[7.863,50.4835],[7.8621,50.4789],[7.8632,50.4743],[7.8624,50.4713],[7.8663,50.4682],[7.8705,50.4708],[7.8739,50.4699],[7.8762,50.4684],[7.8798,50.472],[7.8881,50.4717],[7.8991,50.4695],[7.9052,50.4694],[7.9058,50.4673],[7.9105,50.4676],[7.9137,50.4651],[7.9124,50.4642],[7.9153,50.4622],[7.9175,50.4557],[7.9191,50.4543],[7.922,50.4554],[7.9259,50.4554],[7.9267,50.4501],[7.9301,50.4475],[7.9297,50.4454],[7.9372,50.4439],[7.9405,50.4423],[7.939,50.4392],[7.9458,50.4381],[7.9476,50.4365],[7.9539,50.4364],[7.9638,50.4367],[7.9737,50.4357],[7.9751,50.4359]]],[[[7.8733,50.4213],[7.8761,50.4227],[7.8783,50.4259],[7.8823,50.4275],[7.8847,50.4296],[7.8832,50.4318],[7.871,50.4222],[7.8733,50.4213]]],[[[7.9908,50.5147],[7.9966,50.5172],[7.9957,50.5195],[7.9921,50.5183],[7.9908,50.5147]]]]},"properties":{"id":"071435008","name":"Wallmerod","territoire":"Rhénanie-Palatinat","sigle":"RLP","pays":"Allemagne","cx":7.915,"cy":50.498}},
{"type":"Feature","geometry":{"type":"Polygon","coordinates":[[[7.8832,50.6274],[7.8798,50.6223],[7.8783,50.6179],[7.873,50.6143],[7.8692,50.6102],[7.8692,50.607],[7.8725,50.6046],[7.8716,50.6027],[7.8666,50.6046],[7.8633,50.6014],[7.8661,50.6002],[7.8708,50.6002],[7.8678,50.5927],[7.866,50.5923],[7.8664,50.5883],[7.869,50.5851],[7.8808,50.577],[7.8817,50.5749],[7.8785,50.5695],[7.8795,50.5664],[7.8823,50.5632],[7.8808,50.5622],[7.8754,50.5622],[7.8744,50.5599],[7.867,50.5543],[7.8713,50.5503],[7.8706,50.5462],[7.8742,50.5463],[7.8769,50.5451],[7.8795,50.5454],[7.8799,50.5416],[7.888,50.5407],[7.892,50.5415],[7.8929,50.5399],[7.896,50.5416],[7.9027,50.5393],[7.9027,50.5372],[7.9068,50.5332],[7.91,50.5344],[7.9108,50.5358],[7.9199,50.5329],[7.9209,50.5296],[7.9264,50.529],[7.9346,50.526],[7.9384,50.5163],[7.9414,50.5163],[7.9445,50.515],[7.9546,50.5156],[7.9596,50.5169],[7.9644,50.5175],[7.966,50.5187],[7.9735,50.5152],[7.9766,50.5151],[7.9787,50.5132],[7.9829,50.5115],[7.9896,50.5131],[7.9908,50.5147],[7.9921,50.5183],[7.9957,50.5195],[7.9929,50.5221],[7.9992,50.5273],[8.0028,50.5284],[8.0046,50.5306],[8.0091,50.5295],[8.0172,50.5369],[8.0185,50.5365],[8.0283,50.5445],[8.0277,50.5467],[8.0291,50.5486],[8.0281,50.5506],[8.034,50.5519],[8.0355,50.5537],[8.0287,50.5625],[8.0305,50.5683],[8.0288,50.5714],[8.0222,50.5736],[8.0176,50.5764],[8.0149,50.581],[8.0171,50.5851],[8.023,50.5906],[8.0174,50.592],[8.0151,50.5956],[8.0166,50.5965],[8.0111,50.5999],[8.0126,50.6026],[8.0091,50.6067],[8.0102,50.6119],[8.0077,50.6179],[8.0061,50.6203],[8.0104,50.6215],[8.0148,50.6219],[8.0163,50.6271],[8.0185,50.6298],[8.0214,50.6294],[8.0212,50.6315],[8.0131,50.6329],[8.012,50.6341],[8.0119,50.637],[8.0097,50.6381],[8.0076,50.6374],[8.0029,50.6372],[8.001,50.6359],[7.9933,50.6376],[7.9885,50.6364],[7.9883,50.6346],[7.9854,50.6327],[7.9808,50.631],[7.9753,50.6299],[7.9721,50.6299],[7.9699,50.6283],[7.9624,50.6283],[7.9606,50.6297],[7.9546,50.631],[7.9525,50.6275],[7.9363,50.6267],[7.9345,50.6272],[7.9336,50.6233],[7.9369,50.6238],[7.9381,50.6219],[7.9411,50.6196],[7.9388,50.6187],[7.9398,50.6167],[7.944,50.6176],[7.9477,50.6133],[7.9544,50.6141],[7.9579,50.6125],[7.9622,50.6134],[7.9656,50.6124],[7.9635,50.611],[7.9576,50.6101],[7.9584,50.6087],[7.9437,50.6081],[7.9406,50.6089],[7.9282,50.607],[7.9271,50.6089],[7.9212,50.6082],[7.9132,50.6106],[7.9179,50.6122],[7.9149,50.6141],[7.9122,50.6122],[7.9099,50.6155],[7.9013,50.6156],[7.896,50.6132],[7.8895,50.6198],[7.8942,50.6208],[7.8897,50.6236],[7.8876,50.6241],[7.8832,50.6274]]]},"properties":{"id":"071435009","name":"Westerburg","territoire":"Rhénanie-Palatinat","sigle":"RLP","pays":"Allemagne","cx":7.953,"cy":50.567}},
{"type":"Feature","geometry":{"type":"Polygon","coordinates":[[[7.7333,50.4295],[7.7533,50.4303],[7.751,50.4325],[7.7713,50.4369],[7.7706,50.4432],[7.7799,50.4465],[7.791,50.4456],[7.7913,50.4487],[7.8002,50.4506],[7.8049,50.4541],[7.8094,50.4553],[7.8096,50.4567],[7.8137,50.4571],[7.8171,50.4559],[7.8228,50.4552],[7.8282,50.4558],[7.8285,50.4542],[7.8381,50.4535],[7.8393,50.4557],[7.843,50.4548],[7.8467,50.457],[7.8507,50.4571],[7.851,50.4605],[7.8462,50.4606],[7.8464,50.4627],[7.8511,50.4629],[7.8509,50.4674],[7.8516,50.47],[7.8553,50.4744],[7.8555,50.4764],[7.8521,50.4804],[7.851,50.4857],[7.8538,50.4874],[7.8489,50.4897],[7.8458,50.4923],[7.8417,50.4945],[7.8419,50.4967],[7.8447,50.4984],[7.8472,50.505],[7.8459,50.5091],[7.8445,50.5103],[7.8472,50.512],[7.8499,50.5119],[7.8528,50.513],[7.8544,50.5153],[7.8528,50.5173],[7.8606,50.5195],[7.8601,50.5233],[7.863,50.5236],[7.8574,50.5281],[7.8523,50.5289],[7.8518,50.5319],[7.8503,50.5326],[7.8482,50.5399],[7.8378,50.538],[7.8351,50.5389],[7.8354,50.5324],[7.8349,50.5298],[7.8303,50.5294],[7.8279,50.5275],[7.828,50.5252],[7.8219,50.522],[7.8142,50.5271],[7.8117,50.5299],[7.8076,50.5277],[7.8063,50.5254],[7.8026,50.5217],[7.8028,50.5205],[7.7998,50.5184],[7.7994,50.5169],[7.7957,50.5137],[7.7955,50.5107],[7.7968,50.5096],[7.7958,50.5069],[7.7995,50.5039],[7.7968,50.4999],[7.7892,50.4969],[7.7871,50.4954],[7.7817,50.4961],[7.7758,50.4944],[7.7721,50.4958],[7.7697,50.4988],[7.7644,50.5],[7.759,50.4992],[7.7537,50.4993],[7.7499,50.5008],[7.746,50.4965],[7.7435,50.4962],[7.7382,50.4992],[7.7376,50.4943],[7.7343,50.4908],[7.731,50.4891],[7.7268,50.4853],[7.7309,50.4828],[7.7381,50.4813],[7.7425,50.4812],[7.7469,50.4803],[7.7509,50.4812],[7.7518,50.4788],[7.7541,50.476],[7.7587,50.468],[7.7561,50.4648],[7.7523,50.4631],[7.751,50.4613],[7.748,50.4606],[7.7465,50.4585],[7.7375,50.4513],[7.7364,50.4483],[7.7371,50.444],[7.7365,50.4423],[7.7376,50.4393],[7.7367,50.4362],[7.7345,50.4329],[7.7333,50.4295]]]},"properties":{"id":"071435010","name":"Wirges","territoire":"Rhénanie-Palatinat","sigle":"RLP","pays":"Allemagne","cx":7.811,"cy":50.481}},
{"type":"Feature","geometry":{"type":"Polygon","coordinates":[[[6.9612,49.9616],[6.961,49.9599],[6.9644,49.96],[6.9682,49.9574],[6.9702,49.9575],[6.9792,49.9562],[6.9775,49.9512],[6.9751,49.9519],[6.9659,49.9501],[6.9623,49.948],[6.96,49.9446],[6.9575,49.9433],[6.9539,49.9426],[6.9521,49.9386],[6.9458,49.9367],[6.9469,49.9321],[6.949,49.9332],[6.952,49.9303],[6.9557,49.9287],[6.9526,49.926],[6.9588,49.925],[6.9717,49.9257],[6.9713,49.9231],[6.9807,49.9142],[6.9724,49.9095],[6.962,49.9086],[6.9589,49.9067],[6.9571,49.9041],[6.9531,49.9053],[6.9474,49.9025],[6.9369,49.9043],[6.9291,49.9006],[6.9211,49.8994],[6.9133,49.9023],[6.908,49.9069],[6.9062,49.9093],[6.9043,49.9069],[6.9024,49.9083],[6.8984,49.9076],[6.8937,49.9058],[6.8918,49.9042],[6.8947,49.9014],[6.8978,49.8954],[6.8946,49.8921],[6.9029,49.8889],[6.8927,49.8882],[6.8911,49.8858],[6.8869,49.8852],[6.8819,49.8875],[6.8811,49.8859],[6.8776,49.8858],[6.8726,49.8837],[6.8753,49.8829],[6.876,49.8815],[6.8715,49.8798],[6.874,49.8778],[6.8721,49.8764],[6.8719,49.873],[6.8765,49.8708],[6.8779,49.8692],[6.8777,49.8664],[6.8764,49.8648],[6.8771,49.8628],[6.8808,49.8615],[6.8845,49.8594],[6.8852,49.8581],[6.8819,49.8559],[6.8818,49.8546],[6.8859,49.8551],[6.8851,49.852],[6.8861,49.8472],[6.8881,49.844],[6.8935,49.8431],[6.895,49.8399],[6.9011,49.8318],[6.9038,49.8319],[6.9085,49.8302],[6.9127,49.8274],[6.9126,49.8254],[6.9191,49.8256],[6.9226,49.8235],[6.9236,49.8245],[6.928,49.8248],[6.9299,49.8238],[6.9352,49.8241],[6.9382,49.8262],[6.9442,49.823],[6.9453,49.8193],[6.9484,49.8182],[6.952,49.8207],[6.9509,49.8237],[6.9468,49.8271],[6.9439,49.8278],[6.951,49.8328],[6.9581,49.8317],[6.9627,49.8337],[6.9661,49.8336],[6.9704,49.8373],[6.9824,49.8419],[6.9862,49.8322],[6.9875,49.8299],[6.9925,49.827],[6.9989,49.8264],[7.0037,49.8275],[7.0075,49.8291],[7.0249,49.8322],[7.0371,49.8367],[7.0364,49.8381],[7.0437,49.8393],[7.0452,49.838],[7.0584,49.8391],[7.058,49.8406],[7.0684,49.8422],[7.0734,49.8465],[7.0725,49.8475],[7.0753,49.8494],[7.0777,49.8525],[7.0776,49.8556],[7.0759,49.8571],[7.0745,49.8633],[7.0804,49.8648],[7.0838,49.8632],[7.0884,49.8646],[7.0878,49.8585],[7.0958,49.8574],[7.1017,49.8618],[7.1047,49.8667],[7.1131,49.8682],[7.121,49.8672],[7.1271,49.8669],[7.1348,49.863],[7.1379,49.8603],[7.1395,49.8565],[7.1434,49.8585],[7.1503,49.8715],[7.1521,49.8739],[7.1529,49.8767],[7.1606,49.8741],[7.1643,49.8741],[7.165,49.8728],[7.1687,49.8711],[7.1755,49.8699],[7.1868,49.8651],[7.1892,49.8633],[7.193,49.8588],[7.1993,49.8542],[7.2135,49.8464],[7.2157,49.8425],[7.2264,49.8345],[7.232,49.8382],[7.2423,49.8433],[7.2488,49.8469],[7.2623,49.8535],[7.2638,49.8556],[7.2592,49.8617],[7.2525,49.8641],[7.2448,49.8707],[7.2383,49.8737],[7.2378,49.872],[7.2401,49.8703],[7.2371,49.868],[7.2336,49.8694],[7.2309,49.8718],[7.2329,49.8727],[7.2356,49.8756],[7.2313,49.877],[7.2264,49.8798],[7.2285,49.8809],[7.2225,49.885],[7.217,49.8922],[7.2137,49.8957],[7.2118,49.9001],[7.214,49.9033],[7.218,49.9039],[7.2195,49.9064],[7.2176,49.9068],[7.2115,49.9028],[7.198,49.9013],[7.1932,49.9077],[7.1862,49.9055],[7.1815,49.9051],[7.1792,49.9038],[7.1764,49.9047],[7.1714,49.9092],[7.1656,49.9101],[7.1652,49.9122],[7.1608,49.9104],[7.1566,49.9117],[7.1554,49.9135],[7.152,49.9144],[7.1477,49.9163],[7.1386,49.9152],[7.1367,49.9138],[7.1369,49.9114],[7.1355,49.9101],[7.1433,49.9091],[7.1431,49.9073],[7.1516,49.9073],[7.1544,49.9055],[7.1555,49.9032],[7.1508,49.9029],[7.1504,49.9041],[7.1425,49.9034],[7.1402,49.9066],[7.132,49.908],[7.1246,49.9106],[7.1203,49.9082],[7.1091,49.9117],[7.1127,49.9158],[7.1176,49.9154],[7.1153,49.9186],[7.115,49.9225],[7.1046,49.9258],[7.1001,49.9258],[7.0972,49.928],[7.1005,49.9322],[7.1004,49.933],[7.0944,49.9328],[7.0926,49.9341],[7.0917,49.9412],[7.0865,49.9455],[7.0831,49.9465],[7.0798,49.9486],[7.0767,49.9488],[7.0729,49.9472],[7.0695,49.9496],[7.0718,49.9511],[7.0677,49.9526],[7.0659,49.954],[7.0571,49.9518],[7.0546,49.9477],[7.0492,49.9499],[7.0512,49.9543],[7.0571,49.9559],[7.0603,49.9579],[7.0644,49.9566],[7.0706,49.9599],[7.0713,49.962],[7.0666,49.9603],[7.0646,49.9619],[7.058,49.96],[7.0562,49.96],[7.0525,49.9616],[7.0519,49.9632],[7.0484,49.9643],[7.0469,49.9687],[7.0508,49.9733],[7.0467,49.9751],[7.0482,49.9794],[7.0442,49.9805],[7.0403,49.9832],[7.036,49.9848],[7.029,49.9846],[7.0273,49.9852],[7.0268,49.9911],[7.0252,49.993],[7.0112,49.9971],[7.0074,50.0004],[7.0079,50.0032],[6.9955,50.0038],[6.9934,50.0049],[6.9876,50.0061],[6.9868,50.0075],[6.9817,50.0093],[6.9768,50.0087],[6.9747,50.0077],[6.9774,50.0035],[6.9825,50.0037],[6.983,49.9997],[6.9797,49.9988],[6.9779,49.9962],[6.9749,49.9972],[6.9767,49.9928],[6.9811,49.9894],[6.9761,49.986],[6.9727,49.9873],[6.9748,49.9895],[6.9756,49.992],[6.9714,49.9932],[6.9685,49.9907],[6.9715,49.9891],[6.97,49.986],[6.9633,49.9809],[6.9596,49.9805],[6.9556,49.9745],[6.9597,49.9707],[6.9678,49.9681],[6.9662,49.9647],[6.9627,49.961],[6.9612,49.9616]]]},"properties":{"id":"072315001","name":"Bernkastel-Kues","territoire":"Rhénanie-Palatinat","sigle":"RLP","pays":"Allemagne","cx":7.037,"cy":49.896}},
{"type":"Feature","geometry":{"type":"Polygon","coordinates":[[[7.0037,49.8275],[6.9989,49.8264],[6.9925,49.827],[6.9875,49.8299],[6.9862,49.8322],[6.9824,49.8419],[6.9704,49.8373],[6.9661,49.8336],[6.9627,49.8337],[6.9581,49.8317],[6.951,49.8328],[6.9439,49.8278],[6.9468,49.8271],[6.9509,49.8237],[6.952,49.8207],[6.9484,49.8182],[6.9502,49.8156],[6.9473,49.8141],[6.9458,49.8118],[6.949,49.8102],[6.9491,49.8087],[6.9436,49.8052],[6.9388,49.8049],[6.9371,49.8063],[6.9279,49.8038],[6.9237,49.803],[6.9199,49.8038],[6.9166,49.8063],[6.9127,49.8074],[6.9097,49.8039],[6.9049,49.8033],[6.9012,49.8052],[6.8976,49.8058],[6.8982,49.8037],[6.9029,49.8023],[6.9033,49.8005],[6.9005,49.7959],[6.9025,49.7938],[6.9012,49.7911],[6.898,49.7914],[6.8961,49.7899],[6.8969,49.7881],[6.8869,49.7865],[6.8839,49.7844],[6.881,49.7847],[6.8788,49.7834],[6.8754,49.7796],[6.8774,49.7778],[6.8832,49.7775],[6.8896,49.7755],[6.8906,49.7743],[6.8904,49.771],[6.8934,49.7701],[6.8962,49.7706],[6.9008,49.7624],[6.9013,49.7596],[6.9059,49.7591],[6.9071,49.7578],[6.9072,49.7513],[6.9081,49.7493],[6.9132,49.7493],[6.9167,49.7482],[6.9209,49.7477],[6.9208,49.7449],[6.9224,49.7436],[6.928,49.7438],[6.9303,49.7407],[6.9337,49.7401],[6.9396,49.7379],[6.9429,49.7359],[6.9467,49.7354],[6.9486,49.7301],[6.9524,49.7248],[6.956,49.7231],[6.9608,49.722],[6.9657,49.7233],[6.9675,49.7214],[6.9717,49.7188],[6.9733,49.7171],[6.9742,49.7128],[6.9723,49.7118],[6.9694,49.7078],[6.9662,49.7062],[6.9654,49.7041],[6.9663,49.7023],[6.9642,49.6998],[6.9648,49.6941],[6.9712,49.6919],[6.9715,49.6909],[6.9762,49.6902],[6.9792,49.6883],[6.9786,49.6869],[6.98,49.6852],[6.9829,49.6855],[6.9849,49.683],[6.9797,49.6805],[6.978,49.6786],[6.9859,49.6775],[6.9925,49.6771],[7.0043,49.673],[7.0139,49.6769],[7.0237,49.6814],[7.0314,49.6803],[7.0354,49.6844],[7.0381,49.6853],[7.0443,49.6893],[7.0515,49.6965],[7.0579,49.7015],[7.0659,49.7063],[7.0718,49.7104],[7.0791,49.7175],[7.0848,49.7207],[7.0831,49.7221],[7.0904,49.727],[7.0965,49.7297],[7.1055,49.7377],[7.1061,49.7397],[7.1006,49.7392],[7.098,49.7405],[7.0902,49.7417],[7.0855,49.7439],[7.0822,49.7461],[7.0845,49.7479],[7.0852,49.7501],[7.0807,49.7523],[7.0738,49.7539],[7.071,49.753],[7.0699,49.7509],[7.0675,49.7565],[7.0671,49.7591],[7.0654,49.7621],[7.0672,49.7639],[7.0648,49.7673],[7.0646,49.7696],[7.059,49.7751],[7.0577,49.78],[7.0531,49.7806],[7.0459,49.7798],[7.0425,49.78],[7.0403,49.7816],[7.0374,49.7825],[7.0352,49.7844],[7.0276,49.7869],[7.0255,49.7894],[7.0259,49.7924],[7.0251,49.7936],[7.0206,49.795],[7.0157,49.7944],[7.0114,49.7923],[7.0075,49.7926],[7.0066,49.7963],[7.0129,49.8001],[7.0171,49.8019],[7.0169,49.8047],[7.0196,49.8078],[7.0168,49.8091],[7.0174,49.8128],[7.0204,49.8156],[7.0198,49.8174],[7.0169,49.8167],[7.0152,49.8198],[7.014,49.8202],[7.0083,49.8193],[7.0059,49.8213],[7.0037,49.8275]]]},"properties":{"id":"072315006","name":"Thalfang am Erbeskopf","territoire":"Rhénanie-Palatinat","sigle":"RLP","pays":"Allemagne","cx":7.007,"cy":49.747}},
{"type":"Feature","geometry":{"type":"Polygon","coordinates":[[[6.903,50.0172],[6.9073,50.0199],[6.9073,50.023],[6.9119,50.0261],[6.9118,50.0277],[6.9074,50.03],[6.9195,50.0315],[6.9223,50.0324],[6.9201,50.0345],[6.9214,50.0374],[6.924,50.0396],[6.9267,50.0404],[6.9287,50.0448],[6.9324,50.0468],[6.939,50.0456],[6.942,50.0413],[6.945,50.0425],[6.9505,50.0424],[6.9545,50.0431],[6.957,50.0408],[6.9634,50.039],[6.9646,50.0406],[6.9642,50.0426],[6.9621,50.0447],[6.9653,50.0484],[6.9635,50.0501],[6.9652,50.0513],[6.9661,50.054],[6.9693,50.0542],[6.9704,50.0581],[6.9685,50.0601],[6.9654,50.0585],[6.9633,50.0592],[6.9629,50.0617],[6.9639,50.0644],[6.9614,50.0661],[6.963,50.0681],[6.9638,50.0723],[6.9585,50.0717],[6.9575,50.0733],[6.9597,50.0755],[6.9569,50.0774],[6.9549,50.0774],[6.9533,50.08],[6.951,50.0801],[6.9491,50.084],[6.9463,50.0867],[6.9425,50.0887],[6.94,50.0873],[6.9372,50.0873],[6.9379,50.0853],[6.9336,50.0836],[6.9226,50.0782],[6.9233,50.0773],[6.9113,50.0742],[6.9063,50.0753],[6.9044,50.0821],[6.9052,50.0856],[6.9018,50.0876],[6.901,50.089],[6.9021,50.0924],[6.8994,50.0946],[6.8981,50.0977],[6.9028,50.0979],[6.8981,50.1029],[6.8934,50.101],[6.8929,50.1027],[6.8856,50.1057],[6.8825,50.1058],[6.8778,50.108],[6.8772,50.1117],[6.8801,50.1149],[6.8773,50.1184],[6.8715,50.1193],[6.8686,50.1203],[6.8633,50.1244],[6.8606,50.1294],[6.8567,50.1315],[6.852,50.1286],[6.849,50.1292],[6.8446,50.1288],[6.8396,50.127],[6.8346,50.1261],[6.8335,50.127],[6.8299,50.126],[6.8256,50.1269],[6.822,50.124],[6.8172,50.1245],[6.8138,50.1229],[6.8145,50.1198],[6.8051,50.1177],[6.7821,50.1103],[6.7758,50.1081],[6.7715,50.1103],[6.7745,50.112],[6.7755,50.1137],[6.77,50.1155],[6.7643,50.115],[6.7623,50.1178],[6.7593,50.1182],[6.755,50.1178],[6.7519,50.1165],[6.7482,50.1137],[6.7514,50.1113],[6.7508,50.1084],[6.7424,50.1038],[6.7404,50.0998],[6.7382,50.1],[6.7355,50.0965],[6.7327,50.0968],[6.7323,50.0934],[6.7303,50.0906],[6.7182,50.0915],[6.7084,50.0892],[6.7023,50.0893],[6.7007,50.0844],[6.6978,50.0822],[6.6948,50.0753],[6.6967,50.074],[6.697,50.0718],[6.695,50.068],[6.698,50.0638],[6.6985,50.0594],[6.704,50.057],[6.7052,50.0551],[6.7094,50.0528],[6.715,50.0473],[6.718,50.0454],[6.717,50.0425],[6.7065,50.0427],[6.6995,50.0405],[6.6987,50.038],[6.7045,50.032],[6.7044,50.03],[6.6999,50.028],[6.6991,50.0261],[6.7007,50.0244],[6.7003,50.0223],[6.703,50.021],[6.7051,50.0188],[6.7076,50.0182],[6.7102,50.0165],[6.709,50.0137],[6.7137,50.0105],[6.7125,50.0091],[6.7157,50.007],[6.716,50.0045],[6.718,50.0024],[6.7154,49.999],[6.7174,49.9958],[6.7225,49.995],[6.7219,49.9922],[6.7245,49.991],[6.7244,49.9889],[6.7282,49.984],[6.7246,49.9824],[6.7194,49.983],[6.7139,49.9849],[6.7107,49.9816],[6.695,49.9716],[6.6871,49.9672],[6.6873,49.9665],[6.6812,49.9649],[6.6828,49.9616],[6.6848,49.9593],[6.6864,49.9561],[6.6927,49.9507],[6.6963,49.9524],[6.6975,49.9492],[6.7007,49.9494],[6.7045,49.9482],[6.7059,49.9434],[6.7078,49.9409],[6.7072,49.9362],[6.7047,49.9308],[6.7053,49.9285],[6.7006,49.9296],[6.6985,49.9276],[6.6995,49.9249],[6.7076,49.9243],[6.7098,49.9229],[6.7126,49.9198],[6.713,49.9184],[6.713,49.9092],[6.7119,49.9048],[6.712,49.9026],[6.7156,49.9006],[6.7185,49.8974],[6.722,49.8926],[6.7232,49.8889],[6.7175,49.8861],[6.7226,49.8845],[6.7214,49.8825],[6.7239,49.8812],[6.7321,49.8794],[6.7337,49.881],[6.7385,49.8824],[6.7405,49.8849],[6.7449,49.8884],[6.7555,49.8926],[6.7587,49.8925],[6.763,49.8915],[6.7633,49.887],[6.7645,49.8846],[6.763,49.884],[6.7594,49.879],[6.763,49.8785],[6.7669,49.8797],[6.7769,49.8788],[6.7846,49.8776],[6.7882,49.8747],[6.7877,49.8731],[6.7902,49.8688],[6.7928,49.8655],[6.7952,49.8642],[6.7928,49.8624],[6.7971,49.861],[6.7907,49.8565],[6.7984,49.8515],[6.8022,49.8541],[6.8043,49.8542],[6.8142,49.8621],[6.8209,49.8601],[6.8231,49.859],[6.8266,49.8607],[6.8266,49.8628],[6.837,49.8642],[6.8401,49.8637],[6.8414,49.8649],[6.8463,49.8669],[6.8484,49.864],[6.8515,49.8624],[6.8572,49.8625],[6.8649,49.8642],[6.8677,49.8652],[6.8692,49.869],[6.8659,49.8741],[6.8715,49.8798],[6.876,49.8815],[6.8753,49.8829],[6.8726,49.8837],[6.8776,49.8858],[6.8811,49.8859],[6.8819,49.8875],[6.8869,49.8852],[6.8911,49.8858],[6.8927,49.8882],[6.9029,49.8889],[6.8946,49.8921],[6.8978,49.8954],[6.8947,49.9014],[6.8918,49.9042],[6.8937,49.9058],[6.8984,49.9076],[6.9024,49.9083],[6.9043,49.9069],[6.9062,49.9093],[6.908,49.9069],[6.9133,49.9023],[6.9211,49.8994],[6.9291,49.9006],[6.9369,49.9043],[6.9474,49.9025],[6.9531,49.9053],[6.9571,49.9041],[6.9589,49.9067],[6.962,49.9086],[6.9724,49.9095],[6.9807,49.9142],[6.9713,49.9231],[6.9717,49.9257],[6.9588,49.925],[6.9526,49.926],[6.9557,49.9287],[6.952,49.9303],[6.949,49.9332],[6.9469,49.9321],[6.9458,49.9367],[6.9521,49.9386],[6.9539,49.9426],[6.9575,49.9433],[6.96,49.9446],[6.9623,49.948],[6.9659,49.9501],[6.9751,49.9519],[6.9775,49.9512],[6.9792,49.9562],[6.9702,49.9575],[6.9682,49.9574],[6.9644,49.96],[6.961,49.9599],[6.9612,49.9616],[6.9581,49.9629],[6.9549,49.9632],[6.9541,49.9618],[6.9509,49.9618],[6.9481,49.9632],[6.941,49.9595],[6.9399,49.9602],[6.9343,49.9551],[6.9311,49.9583],[6.9293,49.9589],[6.9267,49.9622],[6.9205,49.966],[6.9165,49.9647],[6.9143,49.9657],[6.9129,49.9692],[6.9057,49.9706],[6.9034,49.9716],[6.9006,49.9695],[6.8967,49.9714],[6.8926,49.9691],[6.896,49.9668],[6.89,49.9627],[6.8855,49.964],[6.8817,49.9602],[6.8781,49.9604],[6.8717,49.9593],[6.8653,49.9565],[6.8615,49.9593],[6.8492,49.9714],[6.8419,49.9763],[6.8375,49.9743],[6.8346,49.9758],[6.8346,49.9796],[6.8393,49.9816],[6.835,49.9854],[6.8311,49.9866],[6.8356,49.9885],[6.835,49.9905],[6.8476,49.989],[6.8557,49.9921],[6.8556,49.996],[6.857,49.9982],[6.8602,49.9979],[6.8659,50.0041],[6.866,50.0085],[6.87,50.0094],[6.8733,50.0088],[6.8724,50.0064],[6.8794,50.0098],[6.8865,50.0114],[6.8768,50.0143],[6.8726,50.0144],[6.8733,50.0162],[6.8729,50.0198],[6.8752,50.0214],[6.8817,50.023],[6.8842,50.0224],[6.8909,50.0249],[6.8998,50.0307],[6.9047,50.0217],[6.9019,50.018],[6.903,50.0172]]]},"properties":{"id":"072315008","name":"Wittlich-Land","territoire":"Rhénanie-Palatinat","sigle":"RLP","pays":"Allemagne","cx":6.78,"cy":50.022}},
{"type":"Feature","geometry":{"type":"Polygon","coordinates":[[[6.9768,50.0087],[6.9817,50.0093],[6.9868,50.0075],[6.9876,50.0061],[6.9934,50.0049],[6.9955,50.0038],[7.0079,50.0032],[7.0074,50.0004],[7.0112,49.9971],[7.0252,49.993],[7.0268,49.9911],[7.0273,49.9852],[7.029,49.9846],[7.036,49.9848],[7.0403,49.9832],[7.0442,49.9805],[7.0482,49.9794],[7.0467,49.9751],[7.0508,49.9733],[7.0469,49.9687],[7.0484,49.9643],[7.0519,49.9632],[7.0525,49.9616],[7.0562,49.96],[7.058,49.96],[7.0646,49.9619],[7.0666,49.9603],[7.0713,49.962],[7.0706,49.9599],[7.0644,49.9566],[7.0603,49.9579],[7.0571,49.9559],[7.0512,49.9543],[7.0492,49.9499],[7.0546,49.9477],[7.0571,49.9518],[7.0659,49.954],[7.0677,49.9526],[7.0718,49.9511],[7.0695,49.9496],[7.0729,49.9472],[7.0767,49.9488],[7.0798,49.9486],[7.0831,49.9465],[7.0865,49.9455],[7.0917,49.9412],[7.0926,49.9341],[7.0944,49.9328],[7.1004,49.933],[7.1005,49.9322],[7.0972,49.928],[7.1001,49.9258],[7.1046,49.9258],[7.115,49.9225],[7.1153,49.9186],[7.1176,49.9154],[7.1127,49.9158],[7.1091,49.9117],[7.1203,49.9082],[7.1246,49.9106],[7.132,49.908],[7.1402,49.9066],[7.1425,49.9034],[7.1504,49.9041],[7.1508,49.9029],[7.1555,49.9032],[7.1544,49.9055],[7.1516,49.9073],[7.1431,49.9073],[7.1433,49.9091],[7.1355,49.9101],[7.1369,49.9114],[7.1367,49.9138],[7.1386,49.9152],[7.1477,49.9163],[7.152,49.9144],[7.1554,49.9135],[7.1566,49.9117],[7.1608,49.9104],[7.1652,49.9122],[7.1656,49.9101],[7.1714,49.9092],[7.1764,49.9047],[7.1792,49.9038],[7.1815,49.9051],[7.1862,49.9055],[7.1932,49.9077],[7.198,49.9013],[7.2115,49.9028],[7.2176,49.9068],[7.2195,49.9064],[7.221,49.9084],[7.2199,49.9116],[7.2238,49.9118],[7.2239,49.9138],[7.2297,49.9138],[7.2336,49.916],[7.2415,49.9249],[7.243,49.9272],[7.2455,49.9289],[7.2462,49.9326],[7.2477,49.9348],[7.2515,49.9365],[7.2513,49.9383],[7.2541,49.9412],[7.2498,49.9425],[7.2437,49.9434],[7.2358,49.9453],[7.2288,49.9466],[7.2261,49.9488],[7.2216,49.9485],[7.2185,49.9542],[7.2143,49.9567],[7.2132,49.9624],[7.2069,49.9625],[7.2027,49.9663],[7.1995,49.9683],[7.1984,49.9702],[7.1938,49.9734],[7.1897,49.977],[7.1906,49.9811],[7.1931,49.9838],[7.1965,49.9864],[7.19,49.9872],[7.1878,49.9864],[7.1835,49.9887],[7.1736,49.9893],[7.1684,49.9916],[7.1628,49.9934],[7.1598,49.9932],[7.1492,49.9909],[7.1468,49.9906],[7.1474,49.9941],[7.1467,49.9974],[7.1454,49.9995],[7.1362,49.9999],[7.1354,50.0015],[7.1361,50.0046],[7.1302,50.0082],[7.1309,50.0132],[7.1254,50.0222],[7.1253,50.0264],[7.1216,50.0291],[7.1158,50.03],[7.1033,50.0361],[7.1023,50.0399],[7.1048,50.0409],[7.1036,50.0434],[7.1034,50.0487],[7.1019,50.0503],[7.099,50.0498],[7.0971,50.0507],[7.0962,50.0544],[7.1006,50.0554],[7.1011,50.0572],[7.0985,50.062],[7.0958,50.0631],[7.0887,50.0628],[7.0866,50.0638],[7.0852,50.0661],[7.0762,50.0658],[7.0724,50.0645],[7.0689,50.0652],[7.0678,50.0674],[7.0621,50.069],[7.0584,50.0681],[7.0558,50.0699],[7.0484,50.0674],[7.0448,50.068],[7.0424,50.0655],[7.0385,50.067],[7.0351,50.0667],[7.0321,50.0651],[7.0227,50.0667],[7.021,50.0735],[7.0156,50.0765],[7.0152,50.078],[7.0091,50.0791],[7.0101,50.0813],[7.0061,50.0832],[7.005,50.0821],[7.0075,50.0805],[7.0061,50.0793],[7.0024,50.0803],[7.0031,50.0854],[6.9957,50.0854],[6.9909,50.0848],[6.9828,50.0826],[6.9837,50.0858],[6.9798,50.085],[6.9784,50.0866],[6.9783,50.0894],[6.9794,50.0928],[6.9773,50.0945],[6.979,50.0979],[6.9746,50.0978],[6.9723,50.0992],[6.9674,50.0981],[6.9696,50.0934],[6.9658,50.0926],[6.9674,50.089],[6.9551,50.0836],[6.9533,50.08],[6.9549,50.0774],[6.9569,50.0774],[6.9597,50.0755],[6.9575,50.0733],[6.9585,50.0717],[6.9638,50.0723],[6.963,50.0681],[6.9614,50.0661],[6.9639,50.0644],[6.9629,50.0617],[6.9633,50.0592],[6.9654,50.0585],[6.9685,50.0601],[6.9704,50.0581],[6.9693,50.0542],[6.9661,50.054],[6.9652,50.0513],[6.9635,50.0501],[6.9653,50.0484],[6.9621,50.0447],[6.9642,50.0426],[6.9646,50.0406],[6.9634,50.039],[6.957,50.0408],[6.9545,50.0431],[6.9505,50.0424],[6.945,50.0425],[6.942,50.0413],[6.939,50.0456],[6.9324,50.0468],[6.9287,50.0448],[6.9267,50.0404],[6.924,50.0396],[6.9214,50.0374],[6.9201,50.0345],[6.9223,50.0324],[6.9195,50.0315],[6.9074,50.03],[6.9118,50.0277],[6.9119,50.0261],[6.9073,50.023],[6.9073,50.0199],[6.903,50.0172],[6.9109,50.0089],[6.9171,50.0112],[6.9214,50.0055],[6.924,50.0085],[6.9359,50.0109],[6.9382,50.0095],[6.9402,50.0126],[6.9458,50.0148],[6.9496,50.0184],[6.9577,50.0189],[6.9577,50.0178],[6.9622,50.0183],[6.9676,50.0145],[6.9722,50.0139],[6.9768,50.0087]]]},"properties":{"id":"072315009","name":"Traben-Trarbach","territoire":"Rhénanie-Palatinat","sigle":"RLP","pays":"Allemagne","cx":7.086,"cy":49.999}},
{"type":"Feature","geometry":{"type":"Polygon","coordinates":[[[6.4461,50.0841],[6.4407,50.0854],[6.4406,50.0873],[6.437,50.0916],[6.4411,50.0942],[6.4369,50.0965],[6.4363,50.0992],[6.4337,50.1011],[6.433,50.1033],[6.43,50.1079],[6.4299,50.1096],[6.426,50.1155],[6.414,50.1215],[6.4085,50.1316],[6.4047,50.1332],[6.4061,50.1365],[6.4036,50.1382],[6.4005,50.138],[6.3949,50.1391],[6.3908,50.1388],[6.3877,50.1396],[6.3858,50.1382],[6.3803,50.1402],[6.3774,50.1399],[6.3761,50.1417],[6.3707,50.1446],[6.3702,50.1464],[6.3674,50.149],[6.3672,50.1507],[6.3624,50.1505],[6.3584,50.1521],[6.355,50.1521],[6.3547,50.1506],[6.3495,50.1515],[6.3427,50.1485],[6.3379,50.1506],[6.3366,50.1501],[6.3294,50.1517],[6.3252,50.1535],[6.3187,50.1546],[6.3186,50.1531],[6.3135,50.1497],[6.3034,50.1478],[6.2928,50.1464],[6.286,50.1464],[6.2756,50.1451],[6.2733,50.1459],[6.2718,50.148],[6.2726,50.1511],[6.2676,50.152],[6.257,50.1567],[6.2552,50.1585],[6.2571,50.1605],[6.2539,50.1616],[6.2501,50.1604],[6.2461,50.1629],[6.2448,50.1664],[6.2422,50.1678],[6.24,50.1655],[6.2343,50.1664],[6.2271,50.1658],[6.2246,50.1644],[6.2229,50.1655],[6.2171,50.1668],[6.2159,50.1717],[6.2148,50.1732],[6.2082,50.1758],[6.2053,50.176],[6.2032,50.1782],[6.2015,50.1777],[6.1989,50.1792],[6.1925,50.1766],[6.1897,50.173],[6.1868,50.1712],[6.1844,50.1712],[6.1801,50.1693],[6.177,50.1707],[6.1749,50.1695],[6.172,50.1697],[6.1684,50.1715],[6.1691,50.1733],[6.1674,50.1741],[6.1612,50.1746],[6.1603,50.1718],[6.156,50.1718],[6.1527,50.1762],[6.1502,50.1775],[6.1469,50.1778],[6.1443,50.1735],[6.1476,50.1711],[6.1457,50.1697],[6.1406,50.1696],[6.1398,50.1678],[6.1428,50.1646],[6.1463,50.1628],[6.1475,50.1606],[6.1446,50.1567],[6.1429,50.1557],[6.1386,50.1551],[6.1321,50.1553],[6.1323,50.1533],[6.1343,50.1518],[6.1432,50.1491],[6.1485,50.1519],[6.1529,50.1501],[6.1525,50.1474],[6.1547,50.1419],[6.1509,50.1391],[6.151,50.1378],[6.147,50.1357],[6.1388,50.135],[6.138,50.1284],[6.1365,50.1242],[6.1296,50.1216],[6.1281,50.1162],[6.1292,50.1146],[6.1349,50.1129],[6.1309,50.1082],[6.1319,50.106],[6.1346,50.105],[6.1337,50.1027],[6.13,50.1029],[6.1267,50.1021],[6.1259,50.0987],[6.1289,50.0951],[6.132,50.095],[6.1324,50.0927],[6.1306,50.0923],[6.1217,50.0933],[6.1195,50.0896],[6.1198,50.0857],[6.122,50.0835],[6.122,50.0813],[6.1182,50.076],[6.1163,50.0748],[6.1174,50.0732],[6.121,50.0725],[6.1234,50.0764],[6.1249,50.077],[6.1285,50.0746],[6.1291,50.0734],[6.1259,50.071],[6.1212,50.069],[6.1207,50.0654],[6.1188,50.0645],[6.116,50.0656],[6.1139,50.0636],[6.1122,50.0597],[6.1142,50.0575],[6.1178,50.0563],[6.1207,50.0574],[6.1206,50.0601],[6.1232,50.0602],[6.124,50.0582],[6.1213,50.0544],[6.1221,50.0523],[6.1251,50.051],[6.1279,50.0473],[6.1319,50.0439],[6.134,50.041],[6.1343,50.0393],[6.1325,50.0369],[6.132,50.0346],[6.1296,50.0315],[6.1302,50.0293],[6.1393,50.0254],[6.1434,50.0244],[6.1454,50.0231],[6.1477,50.0236],[6.1548,50.0223],[6.1598,50.0226],[6.1671,50.0238],[6.174,50.0255],[6.1776,50.0257],[6.1804,50.0284],[6.1852,50.031],[6.1883,50.0313],[6.191,50.0347],[6.1921,50.0326],[6.196,50.0293],[6.1978,50.0289],[6.2049,50.0302],[6.2075,50.0317],[6.2077,50.0346],[6.2063,50.0376],[6.2098,50.0381],[6.2121,50.0364],[6.2149,50.0381],[6.2181,50.0386],[6.2223,50.038],[6.2245,50.0392],[6.2277,50.0361],[6.2353,50.0373],[6.236,50.04],[6.241,50.04],[6.246,50.0431],[6.2526,50.0445],[6.2497,50.0494],[6.2524,50.0524],[6.2518,50.0542],[6.2497,50.0561],[6.2502,50.059],[6.2542,50.0602],[6.2524,50.062],[6.2567,50.0619],[6.2601,50.0639],[6.2622,50.0618],[6.2672,50.0622],[6.2667,50.0639],[6.2728,50.067],[6.2776,50.0663],[6.2795,50.064],[6.2869,50.0657],[6.2839,50.0704],[6.2886,50.0735],[6.2868,50.0775],[6.2935,50.0795],[6.2934,50.0765],[6.2946,50.0743],[6.2991,50.0744],[6.2999,50.0764],[6.3033,50.0759],[6.3075,50.0742],[6.3073,50.0721],[6.3119,50.0707],[6.3154,50.0713],[6.3166,50.0696],[6.3129,50.0677],[6.3113,50.0651],[6.3132,50.0589],[6.3113,50.0553],[6.3195,50.056],[6.3213,50.0541],[6.3246,50.0529],[6.3255,50.0543],[6.3304,50.0532],[6.3336,50.0531],[6.3401,50.0549],[6.3449,50.0558],[6.3503,50.0549],[6.3511,50.0526],[6.3564,50.0513],[6.3555,50.0476],[6.3594,50.0453],[6.3664,50.0445],[6.3673,50.0414],[6.3711,50.0414],[6.3749,50.038],[6.3799,50.037],[6.3847,50.0375],[6.3851,50.0383],[6.39,50.0384],[6.3884,50.036],[6.39,50.0354],[6.3946,50.0358],[6.3962,50.0346],[6.3983,50.0324],[6.4053,50.0332],[6.4115,50.031],[6.4131,50.0332],[6.4176,50.0339],[6.42,50.0353],[6.4195,50.0389],[6.4143,50.0449],[6.4149,50.0473],[6.4194,50.0478],[6.425,50.0503],[6.4239,50.0522],[6.4206,50.0513],[6.4192,50.05],[6.4136,50.0496],[6.4103,50.0532],[6.4104,50.0561],[6.4135,50.0561],[6.4196,50.0602],[6.4246,50.0595],[6.4284,50.058],[6.434,50.0576],[6.4344,50.0554],[6.4392,50.0509],[6.4452,50.0507],[6.4469,50.0523],[6.4446,50.0554],[6.4495,50.0588],[6.4492,50.06],[6.44,50.0708],[6.441,50.0731],[6.4451,50.0749],[6.4476,50.0802],[6.4461,50.0841]]]},"properties":{"id":"072325001","name":"Arzfeld","territoire":"Rhénanie-Palatinat","sigle":"RLP","pays":"Allemagne","cx":6.219,"cy":50.108}},
{"type":"Feature","geometry":{"type":"Polygon","coordinates":[[[6.1454,50.0231],[6.1442,50.0203],[6.1381,50.0162],[6.135,50.0164],[6.1332,50.0187],[6.1296,50.0183],[6.1344,50.0149],[6.1375,50.0117],[6.1401,50.0106],[6.1481,50.0103],[6.1497,50.0089],[6.1494,50.0063],[6.1468,50.0028],[6.145,49.9982],[6.1393,50],[6.138,49.9982],[6.1419,49.9949],[6.1467,49.9949],[6.1507,49.9942],[6.1535,49.9895],[6.1573,49.9872],[6.1626,49.9872],[6.1712,49.9853],[6.1689,49.9829],[6.1648,49.9738],[6.1649,49.9705],[6.1673,49.9682],[6.1699,49.9635],[6.176,49.9613],[6.1773,49.9547],[6.1806,49.9529],[6.1835,49.9536],[6.1879,49.956],[6.188,49.9567],[6.1832,49.9585],[6.1835,49.9603],[6.1811,49.9643],[6.1844,49.9677],[6.1905,49.9689],[6.1928,49.9669],[6.1921,49.9642],[6.1941,49.9594],[6.1932,49.9574],[6.1978,49.9507],[6.2035,49.9546],[6.2085,49.9546],[6.2088,49.953],[6.2117,49.9502],[6.2239,49.9501],[6.2235,49.949],[6.2169,49.9454],[6.22,49.9433],[6.2213,49.9415],[6.2253,49.9388],[6.2273,49.9366],[6.2236,49.9343],[6.2262,49.9293],[6.2245,49.9276],[6.2191,49.9255],[6.2187,49.9226],[6.2221,49.9218],[6.2295,49.9209],[6.2324,49.9174],[6.2339,49.9142],[6.2337,49.9125],[6.2313,49.9111],[6.2277,49.9116],[6.2271,49.9104],[6.2304,49.9083],[6.2321,49.9053],[6.234,49.9],[6.24,49.8962],[6.2467,49.8953],[6.2497,49.8923],[6.2504,49.8904],[6.2559,49.8877],[6.2578,49.8861],[6.2589,49.8833],[6.2616,49.881],[6.2701,49.8787],[6.2731,49.8771],[6.2758,49.8767],[6.28,49.8786],[6.2827,49.8786],[6.2866,49.875],[6.2915,49.8745],[6.2915,49.8714],[6.293,49.8691],[6.2971,49.8661],[6.301,49.8665],[6.3074,49.8696],[6.3106,49.8698],[6.3137,49.8671],[6.3143,49.8649],[6.3134,49.8621],[6.3141,49.8599],[6.3175,49.8554],[6.322,49.8524],[6.3226,49.8508],[6.3216,49.8469],[6.3196,49.8432],[6.32,49.8399],[6.3216,49.8385],[6.3261,49.8362],[6.3298,49.836],[6.3352,49.8378],[6.3382,49.8407],[6.3399,49.8474],[6.3435,49.8492],[6.35,49.8504],[6.3639,49.8507],[6.3664,49.8495],[6.3726,49.8422],[6.3767,49.8401],[6.379,49.8377],[6.3823,49.8355],[6.3845,49.8326],[6.3888,49.8294],[6.3924,49.8275],[6.3969,49.8225],[6.4026,49.8194],[6.4088,49.8178],[6.42,49.816],[6.4252,49.8159],[6.4267,49.812],[6.4303,49.8104],[6.4323,49.8106],[6.4372,49.8134],[6.4414,49.8142],[6.4434,49.8114],[6.4546,49.8114],[6.4568,49.8128],[6.4609,49.8171],[6.464,49.8193],[6.4696,49.8221],[6.4748,49.821],[6.4764,49.8229],[6.4785,49.8231],[6.4832,49.8219],[6.4892,49.825],[6.4873,49.8265],[6.4843,49.8266],[6.4917,49.8307],[6.4928,49.8326],[6.5014,49.837],[6.504,49.8391],[6.5094,49.8381],[6.5121,49.8398],[6.5177,49.8418],[6.5276,49.8413],[6.5281,49.8386],[6.5332,49.8391],[6.5331,49.8416],[6.531,49.8441],[6.5336,49.8454],[6.5324,49.8481],[6.5253,49.8532],[6.5324,49.8556],[6.5334,49.8581],[6.5425,49.8628],[6.5414,49.8679],[6.5428,49.8681],[6.5431,49.8829],[6.5423,49.8835],[6.5375,49.8811],[6.5289,49.8794],[6.5236,49.8773],[6.5229,49.8782],[6.5186,49.8768],[6.5151,49.8749],[6.5161,49.8738],[6.5124,49.8713],[6.5098,49.8731],[6.5059,49.8714],[6.5023,49.8739],[6.5005,49.8774],[6.4952,49.8811],[6.4938,49.8807],[6.4923,49.8842],[6.4962,49.8883],[6.4949,49.8898],[6.4976,49.8911],[6.4931,49.8953],[6.4926,49.898],[6.4877,49.8975],[6.4848,49.8966],[6.4804,49.8965],[6.4795,49.8957],[6.4724,49.8969],[6.4629,49.8958],[6.4627,49.8966],[6.4558,49.8971],[6.4487,49.8966],[6.4484,49.8948],[6.445,49.8943],[6.4414,49.8928],[6.439,49.8951],[6.4347,49.8972],[6.4331,49.8998],[6.4316,49.905],[6.4282,49.9133],[6.4247,49.9189],[6.4225,49.921],[6.4144,49.9195],[6.4139,49.9207],[6.4042,49.9187],[6.3955,49.9187],[6.3884,49.9172],[6.3854,49.9179],[6.3853,49.9127],[6.3839,49.9107],[6.3748,49.9132],[6.3685,49.9137],[6.3661,49.9159],[6.3641,49.9197],[6.3585,49.9218],[6.3568,49.9231],[6.359,49.925],[6.3566,49.9277],[6.3613,49.9305],[6.3598,49.9339],[6.3616,49.9347],[6.3582,49.937],[6.3663,49.9438],[6.3704,49.9456],[6.3735,49.9448],[6.3728,49.9484],[6.3754,49.9512],[6.3762,49.955],[6.3725,49.9587],[6.3702,49.958],[6.3678,49.9613],[6.3642,49.9598],[6.3608,49.9638],[6.3572,49.9617],[6.3562,49.963],[6.3592,49.9654],[6.3571,49.9679],[6.3464,49.9665],[6.3433,49.9719],[6.3475,49.9725],[6.3438,49.9744],[6.346,49.9767],[6.3457,49.9785],[6.3507,49.9774],[6.3512,49.9744],[6.358,49.9792],[6.3604,49.9814],[6.3645,49.9807],[6.3657,49.9828],[6.3688,49.9842],[6.3679,49.9853],[6.3698,49.9871],[6.3726,49.9879],[6.3722,49.9895],[6.3683,49.9925],[6.3698,49.9972],[6.3693,50.0007],[6.3726,50.0013],[6.3723,50.0029],[6.3796,50.0046],[6.3804,50.0077],[6.384,50.0066],[6.3863,50.0073],[6.3853,50.009],[6.3886,50.0105],[6.3932,50.0092],[6.4012,50.0084],[6.4058,50.006],[6.4082,50.0063],[6.4107,50.005],[6.4129,50.0052],[6.4124,50.0074],[6.4146,50.0107],[6.4102,50.0145],[6.4139,50.0162],[6.4146,50.0188],[6.4096,50.018],[6.4066,50.0187],[6.405,50.0202],[6.4065,50.022],[6.4018,50.0233],[6.3942,50.0274],[6.3923,50.03],[6.3939,50.0319],[6.3924,50.0331],[6.3962,50.0346],[6.3946,50.0358],[6.39,50.0354],[6.3884,50.036],[6.39,50.0384],[6.3851,50.0383],[6.3847,50.0375],[6.3799,50.037],[6.3749,50.038],[6.3711,50.0414],[6.3673,50.0414],[6.3664,50.0445],[6.3594,50.0453],[6.3555,50.0476],[6.3564,50.0513],[6.3511,50.0526],[6.3503,50.0549],[6.3449,50.0558],[6.3401,50.0549],[6.3336,50.0531],[6.3304,50.0532],[6.3255,50.0543],[6.3246,50.0529],[6.3213,50.0541],[6.3195,50.056],[6.3113,50.0553],[6.3132,50.0589],[6.3113,50.0651],[6.3129,50.0677],[6.3166,50.0696],[6.3154,50.0713],[6.3119,50.0707],[6.3073,50.0721],[6.3075,50.0742],[6.3033,50.0759],[6.2999,50.0764],[6.2991,50.0744],[6.2946,50.0743],[6.2934,50.0765],[6.2935,50.0795],[6.2868,50.0775],[6.2886,50.0735],[6.2839,50.0704],[6.2869,50.0657],[6.2795,50.064],[6.2776,50.0663],[6.2728,50.067],[6.2667,50.0639],[6.2672,50.0622],[6.2622,50.0618],[6.2601,50.0639],[6.2567,50.0619],[6.2524,50.062],[6.2542,50.0602],[6.2502,50.059],[6.2497,50.0561],[6.2518,50.0542],[6.2524,50.0524],[6.2497,50.0494],[6.2526,50.0445],[6.246,50.0431],[6.241,50.04],[6.236,50.04],[6.2353,50.0373],[6.2277,50.0361],[6.2245,50.0392],[6.2223,50.038],[6.2181,50.0386],[6.2149,50.0381],[6.2121,50.0364],[6.2098,50.0381],[6.2063,50.0376],[6.2077,50.0346],[6.2075,50.0317],[6.2049,50.0302],[6.1978,50.0289],[6.196,50.0293],[6.1921,50.0326],[6.191,50.0347],[6.1883,50.0313],[6.1852,50.031],[6.1804,50.0284],[6.1776,50.0257],[6.174,50.0255],[6.1671,50.0238],[6.1598,50.0226],[6.1548,50.0223],[6.1477,50.0236],[6.1454,50.0231]]]},"properties":{"id":"072325005","name":"Südeifel","territoire":"Rhénanie-Palatinat","sigle":"RLP","pays":"Allemagne","cx":6.296,"cy":49.936}},
{"type":"Feature","geometry":{"type":"Polygon","coordinates":[[[6.4461,50.0841],[6.4549,50.0848],[6.4578,50.0896],[6.4637,50.0922],[6.4624,50.0937],[6.469,50.0957],[6.4694,50.0979],[6.472,50.0976],[6.4736,50.094],[6.4837,50.0853],[6.4865,50.0837],[6.4934,50.0834],[6.4959,50.0881],[6.4961,50.0911],[6.4979,50.0909],[6.5037,50.0937],[6.5059,50.1006],[6.5049,50.1049],[6.4996,50.1044],[6.5059,50.1083],[6.5078,50.112],[6.505,50.1137],[6.5079,50.1165],[6.5137,50.1185],[6.5135,50.1207],[6.5167,50.1237],[6.5211,50.1254],[6.5225,50.1303],[6.5183,50.1314],[6.5205,50.1335],[6.523,50.1342],[6.5255,50.1335],[6.5291,50.1294],[6.5331,50.127],[6.5395,50.1271],[6.5415,50.1327],[6.5405,50.1341],[6.5451,50.1377],[6.5482,50.146],[6.5526,50.1519],[6.5525,50.1559],[6.5627,50.1576],[6.5608,50.1599],[6.5572,50.1624],[6.5543,50.166],[6.556,50.1692],[6.5639,50.1741],[6.5652,50.176],[6.562,50.1764],[6.5628,50.181],[6.559,50.1804],[6.5507,50.1861],[6.5607,50.1893],[6.5649,50.1871],[6.5704,50.1862],[6.577,50.191],[6.5768,50.1932],[6.583,50.1947],[6.5892,50.1957],[6.5872,50.1984],[6.5904,50.2019],[6.5961,50.2025],[6.597,50.2048],[6.5966,50.2068],[6.5948,50.2082],[6.5893,50.2092],[6.5878,50.2108],[6.5914,50.213],[6.5921,50.2156],[6.5941,50.2178],[6.5872,50.2183],[6.5869,50.2217],[6.5914,50.2252],[6.5885,50.2262],[6.5867,50.2256],[6.5819,50.2278],[6.5795,50.2243],[6.5762,50.2259],[6.5697,50.2279],[6.5689,50.227],[6.5626,50.2299],[6.5645,50.2322],[6.5622,50.2339],[6.5616,50.2367],[6.5655,50.2405],[6.5643,50.2422],[6.5673,50.2445],[6.5638,50.2481],[6.5615,50.2475],[6.5573,50.2489],[6.5566,50.252],[6.553,50.2535],[6.5466,50.2531],[6.5338,50.2504],[6.5255,50.2575],[6.521,50.2623],[6.5195,50.2655],[6.5184,50.2744],[6.5213,50.2761],[6.5157,50.2782],[6.5139,50.2821],[6.5112,50.2858],[6.5076,50.2868],[6.504,50.2867],[6.497,50.2849],[6.4942,50.2862],[6.4852,50.2852],[6.479,50.2833],[6.4756,50.2867],[6.4801,50.2899],[6.4819,50.2903],[6.4773,50.2937],[6.4746,50.3005],[6.4764,50.3014],[6.4731,50.3045],[6.4726,50.3069],[6.4695,50.3128],[6.467,50.3138],[6.4637,50.3124],[6.4603,50.3125],[6.4552,50.3106],[6.459,50.3086],[6.4583,50.3058],[6.4549,50.304],[6.453,50.3008],[6.4501,50.2992],[6.4483,50.2972],[6.4424,50.296],[6.4408,50.2981],[6.4422,50.3016],[6.4445,50.3028],[6.4424,50.3059],[6.4367,50.306],[6.4339,50.3086],[6.4297,50.311],[6.4207,50.3137],[6.4224,50.3161],[6.4223,50.3195],[6.4248,50.3208],[6.4253,50.323],[6.4205,50.3233],[6.4152,50.3245],[6.4096,50.3231],[6.4069,50.3235],[6.3894,50.3211],[6.3826,50.322],[6.3809,50.3214],[6.3814,50.3193],[6.3788,50.3193],[6.3761,50.3177],[6.3764,50.3149],[6.3751,50.3136],[6.3705,50.3128],[6.3616,50.3147],[6.3587,50.3129],[6.3607,50.3074],[6.3587,50.3073],[6.3559,50.3094],[6.3513,50.3108],[6.3484,50.315],[6.3461,50.3147],[6.3405,50.3158],[6.3407,50.3181],[6.3359,50.3175],[6.3333,50.3232],[6.3309,50.3229],[6.3273,50.3245],[6.3255,50.3229],[6.318,50.3191],[6.3128,50.3219],[6.3065,50.3201],[6.3055,50.3176],[6.3079,50.3159],[6.3068,50.3141],[6.3092,50.3117],[6.3066,50.3097],[6.3008,50.3104],[6.2984,50.309],[6.2959,50.3053],[6.2983,50.3041],[6.2957,50.2997],[6.2915,50.2956],[6.2859,50.2941],[6.2886,50.2905],[6.2854,50.286],[6.2865,50.2826],[6.2892,50.282],[6.2921,50.2788],[6.2891,50.2751],[6.2865,50.2745],[6.2822,50.2713],[6.2812,50.2691],[6.2779,50.2664],[6.2732,50.2672],[6.2692,50.2668],[6.2666,50.2648],[6.2615,50.2651],[6.2587,50.2678],[6.2501,50.2636],[6.2455,50.2619],[6.2376,50.2616],[6.2361,50.2625],[6.2323,50.2604],[6.2272,50.2587],[6.224,50.2587],[6.2211,50.2565],[6.2158,50.257],[6.2119,50.2529],[6.2089,50.2535],[6.2053,50.2512],[6.2067,50.2493],[6.2047,50.2481],[6.205,50.2466],[6.2011,50.2421],[6.2003,50.2398],[6.1957,50.2372],[6.1918,50.2366],[6.1857,50.2377],[6.1755,50.2351],[6.1736,50.232],[6.1774,50.2285],[6.1767,50.2262],[6.1747,50.2252],[6.1693,50.2249],[6.1677,50.2241],[6.1663,50.2211],[6.1677,50.2191],[6.171,50.2192],[6.1777,50.2167],[6.1786,50.2144],[6.1818,50.2117],[6.1823,50.209],[6.1846,50.2064],[6.1889,50.2053],[6.1856,50.2033],[6.1865,50.2013],[6.1853,50.1994],[6.1862,50.1951],[6.1848,50.1939],[6.1849,50.1918],[6.1871,50.1892],[6.1903,50.1876],[6.1895,50.1858],[6.1858,50.184],[6.1928,50.1819],[6.1875,50.1789],[6.1801,50.1781],[6.1751,50.1793],[6.1708,50.1787],[6.1653,50.1791],[6.1614,50.1776],[6.1612,50.1746],[6.1674,50.1741],[6.1691,50.1733],[6.1684,50.1715],[6.172,50.1697],[6.1749,50.1695],[6.177,50.1707],[6.1801,50.1693],[6.1844,50.1712],[6.1868,50.1712],[6.1897,50.173],[6.1925,50.1766],[6.1989,50.1792],[6.2015,50.1777],[6.2032,50.1782],[6.2053,50.176],[6.2082,50.1758],[6.2148,50.1732],[6.2159,50.1717],[6.2171,50.1668],[6.2229,50.1655],[6.2246,50.1644],[6.2271,50.1658],[6.2343,50.1664],[6.24,50.1655],[6.2422,50.1678],[6.2448,50.1664],[6.2461,50.1629],[6.2501,50.1604],[6.2539,50.1616],[6.2571,50.1605],[6.2552,50.1585],[6.257,50.1567],[6.2676,50.152],[6.2726,50.1511],[6.2718,50.148],[6.2733,50.1459],[6.2756,50.1451],[6.286,50.1464],[6.2928,50.1464],[6.3034,50.1478],[6.3135,50.1497],[6.3186,50.1531],[6.3187,50.1546],[6.3252,50.1535],[6.3294,50.1517],[6.3366,50.1501],[6.3379,50.1506],[6.3427,50.1485],[6.3495,50.1515],[6.3547,50.1506],[6.355,50.1521],[6.3584,50.1521],[6.3624,50.1505],[6.3672,50.1507],[6.3674,50.149],[6.3702,50.1464],[6.3707,50.1446],[6.3761,50.1417],[6.3774,50.1399],[6.3803,50.1402],[6.3858,50.1382],[6.3877,50.1396],[6.3908,50.1388],[6.3949,50.1391],[6.4005,50.138],[6.4036,50.1382],[6.4061,50.1365],[6.4047,50.1332],[6.4085,50.1316],[6.414,50.1215],[6.426,50.1155],[6.4299,50.1096],[6.43,50.1079],[6.433,50.1033],[6.4337,50.1011],[6.4363,50.0992],[6.4369,50.0965],[6.4411,50.0942],[6.437,50.0916],[6.4406,50.0873],[6.4407,50.0854],[6.4461,50.0841]]]},"properties":{"id":"072325006","name":"Prüm","territoire":"Rhénanie-Palatinat","sigle":"RLP","pays":"Allemagne","cx":6.396,"cy":50.222}},
{"type":"Feature","geometry":{"type":"MultiPolygon","coordinates":[[[[6.6864,49.9561],[6.6811,49.9539],[6.6726,49.9542],[6.6708,49.9569],[6.6718,49.9594],[6.6686,49.9626],[6.6681,49.9646],[6.6634,49.9663],[6.6596,49.9655],[6.6571,49.9635],[6.6505,49.9616],[6.6485,49.9586],[6.645,49.9576],[6.6426,49.9589],[6.6402,49.9576],[6.6373,49.9585],[6.6346,49.9578],[6.6293,49.9607],[6.6279,49.96],[6.6252,49.9561],[6.6221,49.9548],[6.6254,49.952],[6.6285,49.9502],[6.6266,49.9477],[6.6289,49.9468],[6.6324,49.9472],[6.6334,49.9457],[6.6308,49.9443],[6.6256,49.9438],[6.6225,49.943],[6.622,49.9411],[6.6274,49.9382],[6.6273,49.9367],[6.6233,49.9356],[6.6198,49.9356],[6.6149,49.9338],[6.6133,49.932],[6.6133,49.9301],[6.6159,49.9272],[6.6204,49.9255],[6.6215,49.9243],[6.6202,49.9223],[6.6148,49.9218],[6.612,49.9204],[6.6107,49.9186],[6.6125,49.9165],[6.6096,49.9136],[6.6108,49.9122],[6.6162,49.9086],[6.6165,49.9068],[6.6144,49.9052],[6.613,49.9011],[6.6117,49.9],[6.6074,49.8985],[6.6049,49.8966],[6.6061,49.8913],[6.6051,49.8898],[6.6005,49.8863],[6.6002,49.8812],[6.6025,49.8791],[6.6067,49.8784],[6.6102,49.8794],[6.6135,49.8829],[6.6165,49.8837],[6.6193,49.8832],[6.6218,49.8808],[6.6297,49.8769],[6.6363,49.8757],[6.6366,49.8787],[6.6385,49.8816],[6.6411,49.8837],[6.6433,49.8832],[6.647,49.8855],[6.6518,49.8893],[6.6555,49.8905],[6.6615,49.8913],[6.6671,49.8926],[6.6774,49.8965],[6.6737,49.8969],[6.6725,49.9007],[6.6759,49.9009],[6.6762,49.9028],[6.6797,49.903],[6.6785,49.9067],[6.679,49.9084],[6.6817,49.91],[6.6859,49.911],[6.6878,49.9085],[6.6912,49.9107],[6.6941,49.9176],[6.6968,49.9146],[6.7056,49.9087],[6.7087,49.9092],[6.7119,49.9048],[6.713,49.9092],[6.713,49.9184],[6.7126,49.9198],[6.7098,49.9229],[6.7076,49.9243],[6.6995,49.9249],[6.6985,49.9276],[6.7006,49.9296],[6.7053,49.9285],[6.7047,49.9308],[6.7072,49.9362],[6.7078,49.9409],[6.7059,49.9434],[6.7045,49.9482],[6.7007,49.9494],[6.6975,49.9492],[6.6963,49.9524],[6.6927,49.9507],[6.6864,49.9561]]],[[[6.7125,50.0091],[6.7035,50.0074],[6.6939,50.0087],[6.6883,50.0065],[6.6838,50.0073],[6.6779,50.0065],[6.6766,50.0038],[6.6711,50.0067],[6.6682,50.0043],[6.6659,50.0041],[6.6632,49.9984],[6.6679,49.9981],[6.6708,49.997],[6.6694,49.9943],[6.6715,49.9914],[6.6718,49.9891],[6.674,49.9882],[6.6734,49.9845],[6.6697,49.9847],[6.6705,49.9807],[6.668,49.9793],[6.6697,49.978],[6.6688,49.976],[6.6705,49.974],[6.6684,49.9717],[6.6732,49.9714],[6.676,49.9688],[6.6809,49.9673],[6.6812,49.9649],[6.6873,49.9665],[6.6871,49.9672],[6.695,49.9716],[6.7107,49.9816],[6.7139,49.9849],[6.7194,49.983],[6.7246,49.9824],[6.7282,49.984],[6.7244,49.9889],[6.7245,49.991],[6.7219,49.9922],[6.7225,49.995],[6.7174,49.9958],[6.7154,49.999],[6.718,50.0024],[6.716,50.0045],[6.7157,50.007],[6.7125,50.0091]]]]},"properties":{"id":"072325007","name":"Speicher","territoire":"Rhénanie-Palatinat","sigle":"RLP","pays":"Allemagne","cx":6.655,"cy":49.922}},
{"type":"Feature","geometry":{"type":"Polygon","coordinates":[[[6.6812,49.9649],[6.6809,49.9673],[6.676,49.9688],[6.6732,49.9714],[6.6684,49.9717],[6.6705,49.974],[6.6688,49.976],[6.6697,49.978],[6.668,49.9793],[6.6705,49.9807],[6.6697,49.9847],[6.6734,49.9845],[6.674,49.9882],[6.6718,49.9891],[6.6715,49.9914],[6.6694,49.9943],[6.6708,49.997],[6.6679,49.9981],[6.6632,49.9984],[6.6659,50.0041],[6.6682,50.0043],[6.6711,50.0067],[6.6766,50.0038],[6.6779,50.0065],[6.6838,50.0073],[6.6883,50.0065],[6.6939,50.0087],[6.7035,50.0074],[6.7125,50.0091],[6.7137,50.0105],[6.709,50.0137],[6.7102,50.0165],[6.7076,50.0182],[6.7051,50.0188],[6.703,50.021],[6.7003,50.0223],[6.7007,50.0244],[6.6991,50.0261],[6.6999,50.028],[6.7044,50.03],[6.7045,50.032],[6.6987,50.038],[6.6995,50.0405],[6.7065,50.0427],[6.717,50.0425],[6.718,50.0454],[6.715,50.0473],[6.7094,50.0528],[6.7052,50.0551],[6.704,50.057],[6.6985,50.0594],[6.698,50.0638],[6.695,50.068],[6.697,50.0718],[6.6967,50.074],[6.6948,50.0753],[6.6978,50.0822],[6.7007,50.0844],[6.6955,50.0858],[6.6919,50.0888],[6.6918,50.0963],[6.6863,50.0964],[6.6827,50.0913],[6.6741,50.0923],[6.663,50.0947],[6.6608,50.0963],[6.6602,50.1],[6.6565,50.1023],[6.652,50.1044],[6.6499,50.1074],[6.6498,50.1114],[6.6425,50.1133],[6.6402,50.1147],[6.6378,50.1178],[6.6364,50.1163],[6.6293,50.1139],[6.6273,50.1118],[6.6217,50.1097],[6.6199,50.1108],[6.6174,50.1098],[6.6186,50.1082],[6.616,50.1058],[6.611,50.1058],[6.6082,50.1064],[6.6078,50.1092],[6.6043,50.1109],[6.601,50.109],[6.5952,50.1089],[6.5874,50.11],[6.5828,50.1093],[6.584,50.1158],[6.5904,50.1172],[6.5848,50.1215],[6.5829,50.1215],[6.5817,50.1236],[6.5778,50.1231],[6.5771,50.1255],[6.5741,50.1257],[6.575,50.1297],[6.5788,50.1302],[6.5805,50.1277],[6.5835,50.1271],[6.5857,50.1299],[6.5837,50.1327],[6.5878,50.1336],[6.5858,50.135],[6.5804,50.1368],[6.5609,50.1426],[6.5525,50.1469],[6.5482,50.146],[6.5451,50.1377],[6.5405,50.1341],[6.5415,50.1327],[6.5395,50.1271],[6.5331,50.127],[6.5291,50.1294],[6.5255,50.1335],[6.523,50.1342],[6.5205,50.1335],[6.5183,50.1314],[6.5225,50.1303],[6.5211,50.1254],[6.5167,50.1237],[6.5135,50.1207],[6.5137,50.1185],[6.5079,50.1165],[6.505,50.1137],[6.5078,50.112],[6.5059,50.1083],[6.4996,50.1044],[6.5049,50.1049],[6.5059,50.1006],[6.5037,50.0937],[6.4979,50.0909],[6.4961,50.0911],[6.4959,50.0881],[6.4934,50.0834],[6.4865,50.0837],[6.4837,50.0853],[6.4736,50.094],[6.472,50.0976],[6.4694,50.0979],[6.469,50.0957],[6.4624,50.0937],[6.4637,50.0922],[6.4578,50.0896],[6.4549,50.0848],[6.4461,50.0841],[6.4476,50.0802],[6.4451,50.0749],[6.441,50.0731],[6.44,50.0708],[6.4492,50.06],[6.4495,50.0588],[6.4446,50.0554],[6.4469,50.0523],[6.4452,50.0507],[6.4392,50.0509],[6.4344,50.0554],[6.434,50.0576],[6.4284,50.058],[6.4246,50.0595],[6.4196,50.0602],[6.4135,50.0561],[6.4104,50.0561],[6.4103,50.0532],[6.4136,50.0496],[6.4192,50.05],[6.4206,50.0513],[6.4239,50.0522],[6.425,50.0503],[6.4194,50.0478],[6.4149,50.0473],[6.4143,50.0449],[6.4195,50.0389],[6.42,50.0353],[6.4176,50.0339],[6.4131,50.0332],[6.4115,50.031],[6.4053,50.0332],[6.3983,50.0324],[6.3962,50.0346],[6.3924,50.0331],[6.3939,50.0319],[6.3923,50.03],[6.3942,50.0274],[6.4018,50.0233],[6.4065,50.022],[6.405,50.0202],[6.4066,50.0187],[6.4096,50.018],[6.4146,50.0188],[6.4139,50.0162],[6.4102,50.0145],[6.4146,50.0107],[6.4124,50.0074],[6.4129,50.0052],[6.4107,50.005],[6.4082,50.0063],[6.4058,50.006],[6.4012,50.0084],[6.3932,50.0092],[6.3886,50.0105],[6.3853,50.009],[6.3863,50.0073],[6.384,50.0066],[6.3804,50.0077],[6.3796,50.0046],[6.3723,50.0029],[6.3726,50.0013],[6.3693,50.0007],[6.3698,49.9972],[6.3683,49.9925],[6.3722,49.9895],[6.3726,49.9879],[6.3698,49.9871],[6.3679,49.9853],[6.3688,49.9842],[6.3657,49.9828],[6.3645,49.9807],[6.3604,49.9814],[6.358,49.9792],[6.3512,49.9744],[6.3507,49.9774],[6.3457,49.9785],[6.346,49.9767],[6.3438,49.9744],[6.3475,49.9725],[6.3433,49.9719],[6.3464,49.9665],[6.3571,49.9679],[6.3592,49.9654],[6.3562,49.963],[6.3572,49.9617],[6.3608,49.9638],[6.3642,49.9598],[6.3678,49.9613],[6.3702,49.958],[6.3725,49.9587],[6.3762,49.955],[6.3754,49.9512],[6.3728,49.9484],[6.3735,49.9448],[6.3704,49.9456],[6.3663,49.9438],[6.3582,49.937],[6.3616,49.9347],[6.3598,49.9339],[6.3613,49.9305],[6.3566,49.9277],[6.359,49.925],[6.3568,49.9231],[6.3585,49.9218],[6.3641,49.9197],[6.3661,49.9159],[6.3685,49.9137],[6.3748,49.9132],[6.3839,49.9107],[6.3853,49.9127],[6.3854,49.9179],[6.3884,49.9172],[6.3955,49.9187],[6.4042,49.9187],[6.4139,49.9207],[6.4144,49.9195],[6.4225,49.921],[6.4247,49.9189],[6.4282,49.9133],[6.4316,49.905],[6.4331,49.8998],[6.4347,49.8972],[6.439,49.8951],[6.4414,49.8928],[6.445,49.8943],[6.4484,49.8948],[6.4487,49.8966],[6.4558,49.8971],[6.4627,49.8966],[6.4629,49.8958],[6.4724,49.8969],[6.4795,49.8957],[6.4804,49.8965],[6.4848,49.8966],[6.4877,49.8975],[6.4926,49.898],[6.4931,49.8953],[6.4976,49.8911],[6.4949,49.8898],[6.4962,49.8883],[6.4923,49.8842],[6.4938,49.8807],[6.4952,49.8811],[6.5005,49.8774],[6.5023,49.8739],[6.5059,49.8714],[6.5098,49.8731],[6.5124,49.8713],[6.5161,49.8738],[6.5151,49.8749],[6.5186,49.8768],[6.5229,49.8782],[6.5236,49.8773],[6.5289,49.8794],[6.5375,49.8811],[6.5423,49.8835],[6.5431,49.8829],[6.5428,49.8681],[6.5414,49.8679],[6.5425,49.8628],[6.5494,49.8638],[6.5514,49.8648],[6.5538,49.8636],[6.5578,49.8644],[6.5624,49.8671],[6.567,49.8664],[6.5709,49.8688],[6.5793,49.8677],[6.5803,49.8683],[6.5849,49.8733],[6.5831,49.8787],[6.5861,49.8809],[6.5849,49.886],[6.5888,49.8876],[6.5884,49.8887],[6.5962,49.8907],[6.5968,49.8945],[6.6011,49.8947],[6.5998,49.8965],[6.6049,49.8966],[6.6074,49.8985],[6.6117,49.9],[6.613,49.9011],[6.6144,49.9052],[6.6165,49.9068],[6.6162,49.9086],[6.6108,49.9122],[6.6096,49.9136],[6.6125,49.9165],[6.6107,49.9186],[6.612,49.9204],[6.6148,49.9218],[6.6202,49.9223],[6.6215,49.9243],[6.6204,49.9255],[6.6159,49.9272],[6.6133,49.9301],[6.6133,49.932],[6.6149,49.9338],[6.6198,49.9356],[6.6233,49.9356],[6.6273,49.9367],[6.6274,49.9382],[6.622,49.9411],[6.6225,49.943],[6.6256,49.9438],[6.6308,49.9443],[6.6334,49.9457],[6.6324,49.9472],[6.6289,49.9468],[6.6266,49.9477],[6.6285,49.9502],[6.6254,49.952],[6.6221,49.9548],[6.6252,49.9561],[6.6279,49.96],[6.6293,49.9607],[6.6346,49.9578],[6.6373,49.9585],[6.6402,49.9576],[6.6426,49.9589],[6.645,49.9576],[6.6485,49.9586],[6.6505,49.9616],[6.6571,49.9635],[6.6596,49.9655],[6.6634,49.9663],[6.6681,49.9646],[6.6686,49.9626],[6.6718,49.9594],[6.6708,49.9569],[6.6726,49.9542],[6.6811,49.9539],[6.6864,49.9561],[6.6848,49.9593],[6.6828,49.9616],[6.6812,49.9649]],[[6.5673,49.9761],[6.5696,49.9713],[6.5773,49.9736],[6.576,49.9695],[6.581,49.9651],[6.5828,49.9627],[6.5829,49.9596],[6.5868,49.9548],[6.5676,49.9464],[6.5659,49.9453],[6.5624,49.9471],[6.5584,49.945],[6.5598,49.9427],[6.5519,49.9409],[6.547,49.9415],[6.5319,49.9353],[6.5282,49.936],[6.5262,49.94],[6.5184,49.9408],[6.517,49.9426],[6.5131,49.9459],[6.5122,49.9445],[6.5088,49.9457],[6.508,49.9484],[6.5042,49.9485],[6.5008,49.9477],[6.4994,49.9492],[6.5014,49.9502],[6.5023,49.9523],[6.501,49.9556],[6.4993,49.9561],[6.4962,49.9539],[6.4918,49.9527],[6.4856,49.955],[6.4814,49.9574],[6.4757,49.9613],[6.4721,49.9629],[6.4689,49.9611],[6.4655,49.9622],[6.4606,49.9622],[6.4527,49.9644],[6.4534,49.9687],[6.4608,49.9715],[6.4665,49.9744],[6.464,49.9759],[6.4618,49.9755],[6.4566,49.9779],[6.4553,49.98],[6.46,49.9807],[6.4634,49.9817],[6.4711,49.9784],[6.4764,49.9814],[6.4833,49.983],[6.484,49.9848],[6.4957,49.9804],[6.4982,49.9843],[6.4984,49.9859],[6.5007,49.9872],[6.51,49.9881],[6.5075,49.9913],[6.5106,49.9925],[6.5137,49.9924],[6.5181,49.9937],[6.5273,49.9955],[6.5255,49.9967],[6.5237,49.9996],[6.5265,49.9999],[6.5265,50.0024],[6.5353,50.0028],[6.5357,50.0058],[6.5403,50.0057],[6.54,50.0042],[6.5472,50.0039],[6.5469,50.0101],[6.5526,50.0103],[6.5523,50.0132],[6.5563,50.0135],[6.565,50.0134],[6.5677,50.014],[6.568,50.0172],[6.5716,50.0189],[6.5722,50.0172],[6.5777,50.0162],[6.5847,50.0161],[6.5856,50.0148],[6.5892,50.015],[6.588,50.0128],[6.5881,50.0069],[6.5854,50.007],[6.5866,50.0046],[6.5858,50.0017],[6.5821,50.0011],[6.5807,49.9949],[6.5816,49.9929],[6.5867,49.989],[6.5786,49.9829],[6.573,49.9819],[6.5696,49.9788],[6.5676,49.9796],[6.5652,49.9775],[6.5673,49.9761]]]},"properties":{"id":"072325008","name":"Bitburger Land","territoire":"Rhénanie-Palatinat","sigle":"RLP","pays":"Allemagne","cx":6.633,"cy":50.048}},
{"type":"Feature","geometry":{"type":"Polygon","coordinates":[[[6.9586,50.2263],[6.9539,50.2269],[6.9494,50.23],[6.9477,50.228],[6.9411,50.2311],[6.9423,50.2335],[6.9351,50.237],[6.9311,50.2366],[6.9175,50.2418],[6.914,50.2419],[6.9086,50.241],[6.899,50.2437],[6.9003,50.2454],[6.8988,50.2484],[6.902,50.2545],[6.9056,50.2591],[6.8927,50.2559],[6.8873,50.2554],[6.8693,50.2507],[6.8649,50.2501],[6.8625,50.2531],[6.8648,50.2545],[6.8637,50.2557],[6.8549,50.2606],[6.8495,50.2626],[6.8456,50.2659],[6.8424,50.2659],[6.8413,50.2682],[6.8422,50.2719],[6.8443,50.2749],[6.844,50.2767],[6.8388,50.2798],[6.8375,50.2814],[6.8333,50.2831],[6.8323,50.2858],[6.826,50.2873],[6.8168,50.2888],[6.8076,50.2904],[6.8022,50.2895],[6.8034,50.2882],[6.8033,50.2834],[6.8049,50.2818],[6.8049,50.2798],[6.789,50.2788],[6.7841,50.2769],[6.7781,50.2723],[6.7759,50.2723],[6.7743,50.2704],[6.7679,50.2679],[6.7662,50.2642],[6.7689,50.2633],[6.7687,50.2609],[6.7652,50.2604],[6.7549,50.2636],[6.7476,50.2653],[6.743,50.263],[6.7406,50.2588],[6.7424,50.2575],[6.74,50.2557],[6.7448,50.2535],[6.7438,50.2499],[6.744,50.2449],[6.743,50.2436],[6.7355,50.2419],[6.7304,50.2386],[6.7281,50.2362],[6.7271,50.2338],[6.7275,50.2317],[6.7262,50.227],[6.7246,50.2239],[6.7268,50.2227],[6.7304,50.2224],[6.7331,50.2191],[6.7376,50.2181],[6.7312,50.2149],[6.7293,50.2124],[6.7256,50.2101],[6.7271,50.2083],[6.7335,50.2109],[6.7373,50.2119],[6.7397,50.2143],[6.7423,50.2132],[6.7412,50.2108],[6.7424,50.2088],[6.7453,50.2094],[6.7471,50.2118],[6.7493,50.2119],[6.7521,50.2104],[6.7554,50.21],[6.759,50.2108],[6.7615,50.21],[6.763,50.2077],[6.763,50.2058],[6.7586,50.2016],[6.7539,50.1997],[6.7551,50.1984],[6.7533,50.197],[6.7523,50.1908],[6.7552,50.1913],[6.7571,50.1905],[6.7518,50.1882],[6.7498,50.1909],[6.7464,50.1907],[6.7452,50.1893],[6.7404,50.1878],[6.7351,50.1848],[6.7341,50.1858],[6.7253,50.1821],[6.724,50.1807],[6.7212,50.1828],[6.7186,50.1829],[6.7149,50.1867],[6.7113,50.1875],[6.7056,50.1762],[6.7028,50.1747],[6.7009,50.1717],[6.6988,50.166],[6.6931,50.1622],[6.6921,50.1601],[6.6958,50.1576],[6.6968,50.156],[6.7023,50.1558],[6.7049,50.154],[6.705,50.1527],[6.7084,50.1513],[6.7119,50.1478],[6.7113,50.145],[6.7186,50.1465],[6.7225,50.1468],[6.7224,50.1448],[6.7168,50.1423],[6.7103,50.1422],[6.7006,50.1392],[6.6899,50.137],[6.6872,50.1371],[6.6818,50.1338],[6.671,50.1301],[6.6663,50.1262],[6.6717,50.1235],[6.6551,50.118],[6.6562,50.1154],[6.6598,50.1131],[6.668,50.1121],[6.6743,50.1102],[6.6766,50.1077],[6.67,50.1038],[6.6652,50.1028],[6.6602,50.1],[6.6608,50.0963],[6.663,50.0947],[6.6741,50.0923],[6.6827,50.0913],[6.6863,50.0964],[6.6918,50.0963],[6.6919,50.0888],[6.6955,50.0858],[6.7007,50.0844],[6.7023,50.0893],[6.7084,50.0892],[6.7182,50.0915],[6.7303,50.0906],[6.7323,50.0934],[6.7327,50.0968],[6.7355,50.0965],[6.7382,50.1],[6.7404,50.0998],[6.7424,50.1038],[6.7508,50.1084],[6.7514,50.1113],[6.7482,50.1137],[6.7519,50.1165],[6.755,50.1178],[6.7593,50.1182],[6.7623,50.1178],[6.7643,50.115],[6.77,50.1155],[6.7755,50.1137],[6.7745,50.112],[6.7715,50.1103],[6.7758,50.1081],[6.7821,50.1103],[6.8051,50.1177],[6.8145,50.1198],[6.8138,50.1229],[6.8172,50.1245],[6.822,50.124],[6.8256,50.1269],[6.8299,50.126],[6.8335,50.127],[6.8346,50.1261],[6.8396,50.127],[6.8446,50.1288],[6.849,50.1292],[6.852,50.1286],[6.8567,50.1315],[6.8606,50.1294],[6.8633,50.1244],[6.8686,50.1203],[6.8715,50.1193],[6.8773,50.1184],[6.8801,50.1149],[6.8772,50.1117],[6.8778,50.108],[6.8825,50.1058],[6.8856,50.1057],[6.8929,50.1027],[6.8934,50.101],[6.8981,50.1029],[6.9028,50.0979],[6.8981,50.0977],[6.8994,50.0946],[6.9021,50.0924],[6.901,50.089],[6.9018,50.0876],[6.9052,50.0856],[6.9044,50.0821],[6.9063,50.0753],[6.9113,50.0742],[6.9233,50.0773],[6.9226,50.0782],[6.9336,50.0836],[6.9379,50.0853],[6.9372,50.0873],[6.94,50.0873],[6.9425,50.0887],[6.9463,50.0867],[6.9491,50.084],[6.951,50.0801],[6.9533,50.08],[6.9551,50.0836],[6.9674,50.089],[6.9658,50.0926],[6.9696,50.0934],[6.9674,50.0981],[6.9723,50.0992],[6.9746,50.0978],[6.979,50.0979],[6.9801,50.0994],[6.9798,50.103],[6.9813,50.1047],[6.9791,50.1073],[6.9849,50.108],[6.984,50.1098],[6.9799,50.1102],[6.9776,50.1131],[6.9818,50.1186],[6.9804,50.1201],[6.9833,50.1215],[6.9794,50.1229],[6.9791,50.1242],[6.9819,50.1254],[6.9825,50.1281],[6.9864,50.1281],[6.986,50.1302],[6.99,50.1314],[6.9904,50.1337],[6.993,50.1325],[6.9956,50.1331],[6.9939,50.1365],[6.981,50.1374],[6.9765,50.1387],[6.9701,50.1484],[6.9664,50.1505],[6.9658,50.1517],[6.9625,50.1522],[6.9602,50.1545],[6.9581,50.1553],[6.9556,50.1579],[6.9564,50.1586],[6.9617,50.1584],[6.9655,50.1604],[6.9708,50.16],[6.9729,50.1617],[6.9683,50.1655],[6.9716,50.1673],[6.9708,50.1695],[6.972,50.1756],[6.9648,50.1799],[6.9641,50.1827],[6.9623,50.1845],[6.9634,50.1874],[6.9605,50.1919],[6.9588,50.1963],[6.9557,50.1994],[6.9554,50.2043],[6.9527,50.2078],[6.9539,50.2135],[6.9548,50.2146],[6.96,50.2175],[6.9596,50.2199],[6.9571,50.2207],[6.9553,50.2234],[6.9586,50.2263]]]},"properties":{"id":"072335001","name":"Daun","territoire":"Rhénanie-Palatinat","sigle":"RLP","pays":"Allemagne","cx":6.833,"cy":50.188}},
{"type":"Feature","geometry":{"type":"Polygon","coordinates":[[[6.8188,50.3239],[6.8165,50.3219],[6.8124,50.3217],[6.8127,50.3187],[6.8046,50.3137],[6.8057,50.3112],[6.8016,50.3086],[6.8079,50.3044],[6.8035,50.3035],[6.804,50.2998],[6.805,50.2987],[6.8089,50.298],[6.8132,50.296],[6.8161,50.2935],[6.8168,50.2888],[6.826,50.2873],[6.8323,50.2858],[6.8333,50.2831],[6.8375,50.2814],[6.8388,50.2798],[6.844,50.2767],[6.8443,50.2749],[6.8422,50.2719],[6.8413,50.2682],[6.8424,50.2659],[6.8456,50.2659],[6.8495,50.2626],[6.8549,50.2606],[6.8637,50.2557],[6.8648,50.2545],[6.8625,50.2531],[6.8649,50.2501],[6.8693,50.2507],[6.8873,50.2554],[6.8927,50.2559],[6.9056,50.2591],[6.902,50.2545],[6.8988,50.2484],[6.9003,50.2454],[6.899,50.2437],[6.9086,50.241],[6.914,50.2419],[6.9175,50.2418],[6.9311,50.2366],[6.9351,50.237],[6.9423,50.2335],[6.9411,50.2311],[6.9477,50.228],[6.9494,50.23],[6.9539,50.2269],[6.9586,50.2263],[6.9661,50.2269],[6.9708,50.2295],[6.973,50.2328],[6.9766,50.2365],[6.9788,50.2368],[6.9841,50.2339],[6.9876,50.2335],[6.99,50.2341],[6.9948,50.2366],[6.9951,50.2345],[6.9977,50.2336],[7,50.23],[7.0052,50.2274],[7.0064,50.2245],[7.0045,50.2223],[7.0071,50.2191],[7.0118,50.2227],[7.0178,50.2235],[7.0232,50.2256],[7.032,50.2252],[7.0344,50.226],[7.034,50.2287],[7.0352,50.2343],[7.0366,50.2364],[7.0408,50.2392],[7.0458,50.2389],[7.0479,50.2389],[7.0566,50.2405],[7.054,50.2417],[7.0522,50.2444],[7.0531,50.2464],[7.0576,50.2484],[7.0586,50.2505],[7.0576,50.252],[7.0604,50.2543],[7.0617,50.2582],[7.0646,50.2594],[7.0644,50.261],[7.0622,50.2618],[7.0663,50.2703],[7.0686,50.2722],[7.0704,50.2769],[7.0703,50.2796],[7.0688,50.2798],[7.0659,50.2808],[7.0639,50.2829],[7.0596,50.2838],[7.0506,50.2867],[7.049,50.2863],[7.0438,50.2875],[7.0424,50.2893],[7.0298,50.2915],[7.0229,50.2921],[7.0171,50.2937],[7.0157,50.293],[7.0148,50.2903],[7.0187,50.2883],[7.0203,50.2867],[7.0185,50.2858],[7.0154,50.2863],[7.0118,50.2882],[7.0066,50.2894],[6.9991,50.2897],[6.9968,50.2947],[6.9933,50.2963],[6.99,50.2963],[6.9875,50.2971],[6.9817,50.3014],[6.9789,50.3029],[6.9762,50.3032],[6.9738,50.3064],[6.9787,50.3082],[6.982,50.3073],[6.9879,50.3103],[6.9895,50.3129],[6.9892,50.3189],[6.9953,50.3194],[6.9985,50.3187],[7.0043,50.3196],[7.0113,50.3226],[7.0147,50.3254],[7.0147,50.3265],[7.018,50.3303],[7.0265,50.3317],[7.0252,50.3332],[7.0327,50.3339],[7.0383,50.3352],[7.0353,50.3361],[7.0258,50.3377],[7.0239,50.3386],[7.0128,50.3409],[7.0101,50.3424],[7.0091,50.3496],[7.0042,50.3494],[6.9968,50.3483],[6.9915,50.3489],[6.99,50.3502],[6.9872,50.3503],[6.9843,50.3489],[6.9837,50.3467],[6.9839,50.3425],[6.9756,50.3427],[6.9766,50.3381],[6.97,50.3367],[6.9675,50.3367],[6.9662,50.3324],[6.9685,50.3309],[6.9718,50.3309],[6.9713,50.3285],[6.9662,50.3291],[6.9596,50.3286],[6.9587,50.3278],[6.9524,50.3296],[6.9486,50.3259],[6.9432,50.3161],[6.9447,50.3138],[6.9372,50.3103],[6.9363,50.3089],[6.9277,50.3069],[6.9239,50.3073],[6.9201,50.3066],[6.9171,50.3069],[6.9166,50.3083],[6.911,50.31],[6.9085,50.31],[6.9067,50.3116],[6.9,50.315],[6.8922,50.3151],[6.892,50.3208],[6.8908,50.3216],[6.8858,50.322],[6.8803,50.3216],[6.8763,50.3194],[6.8716,50.3192],[6.8685,50.3209],[6.8676,50.3228],[6.8645,50.3237],[6.8591,50.3229],[6.8556,50.3259],[6.8534,50.3257],[6.8427,50.32],[6.8362,50.3181],[6.831,50.3204],[6.8246,50.3219],[6.8224,50.3243],[6.8188,50.3239]]]},"properties":{"id":"072335004","name":"Kelberg","territoire":"Rhénanie-Palatinat","sigle":"RLP","pays":"Allemagne","cx":6.947,"cy":50.275}},
{"type":"Feature","geometry":{"type":"Polygon","coordinates":[[[6.8007,50.3618],[6.7956,50.3595],[6.7952,50.362],[6.7915,50.3614],[6.7882,50.3625],[6.7831,50.3619],[6.7777,50.3644],[6.7781,50.3619],[6.7768,50.3581],[6.7744,50.3589],[6.7709,50.3612],[6.7648,50.3583],[6.7535,50.3541],[6.7521,50.3555],[6.746,50.3542],[6.736,50.3533],[6.7324,50.3525],[6.7271,50.3493],[6.7181,50.3465],[6.7126,50.3443],[6.7089,50.3439],[6.706,50.3428],[6.7026,50.3389],[6.6992,50.3361],[6.6964,50.3404],[6.6957,50.3434],[6.6964,50.3464],[6.6915,50.3502],[6.6884,50.3538],[6.6868,50.3584],[6.6818,50.363],[6.6807,50.3624],[6.6724,50.369],[6.6674,50.372],[6.6596,50.3696],[6.656,50.3674],[6.6566,50.3587],[6.6575,50.357],[6.655,50.3532],[6.6542,50.3511],[6.65,50.3482],[6.6446,50.3473],[6.641,50.3473],[6.6379,50.3453],[6.6362,50.3454],[6.6326,50.3488],[6.6314,50.3482],[6.6263,50.3521],[6.6236,50.3516],[6.6215,50.3561],[6.6232,50.3589],[6.6218,50.36],[6.625,50.3622],[6.6263,50.3675],[6.6255,50.3717],[6.6274,50.3719],[6.6254,50.3749],[6.6215,50.3743],[6.6163,50.377],[6.6041,50.3751],[6.6012,50.3784],[6.6068,50.381],[6.6031,50.3882],[6.5976,50.3857],[6.5888,50.3839],[6.5852,50.3825],[6.5835,50.3809],[6.5819,50.3775],[6.5752,50.3764],[6.5692,50.3766],[6.5668,50.3741],[6.5665,50.3725],[6.5619,50.3713],[6.559,50.3694],[6.5432,50.3662],[6.5427,50.3677],[6.5447,50.3701],[6.5422,50.3711],[6.539,50.371],[6.537,50.3699],[6.5305,50.3693],[6.5255,50.3655],[6.5211,50.3631],[6.5166,50.3622],[6.5179,50.3611],[6.5133,50.3576],[6.5071,50.3599],[6.5042,50.3576],[6.5036,50.3535],[6.5048,50.3524],[6.4918,50.347],[6.4908,50.3453],[6.4869,50.3431],[6.4879,50.3406],[6.4828,50.3384],[6.4752,50.3385],[6.4719,50.3393],[6.4703,50.3418],[6.468,50.3425],[6.4644,50.3423],[6.4591,50.3389],[6.453,50.3364],[6.4496,50.3384],[6.4537,50.3415],[6.4587,50.344],[6.4571,50.3478],[6.4572,50.3518],[6.4612,50.359],[6.4589,50.362],[6.4538,50.363],[6.4508,50.3629],[6.4491,50.3644],[6.448,50.3685],[6.4486,50.3713],[6.4392,50.3715],[6.4354,50.3703],[6.4324,50.3669],[6.4332,50.3643],[6.43,50.3632],[6.4275,50.366],[6.4235,50.3687],[6.4209,50.3689],[6.4208,50.3732],[6.4147,50.3746],[6.4169,50.377],[6.4217,50.3806],[6.4213,50.3827],[6.4182,50.3828],[6.4155,50.3854],[6.413,50.3895],[6.385,50.3842],[6.3882,50.3813],[6.3919,50.3798],[6.3893,50.3772],[6.3895,50.3726],[6.3925,50.3706],[6.3948,50.3673],[6.398,50.3661],[6.3943,50.3634],[6.3955,50.3614],[6.406,50.3638],[6.4022,50.3606],[6.3995,50.3599],[6.3972,50.3579],[6.4051,50.3501],[6.4037,50.3494],[6.4037,50.3454],[6.4079,50.3394],[6.415,50.3327],[6.4182,50.3335],[6.4241,50.3338],[6.4222,50.3306],[6.4252,50.3268],[6.424,50.325],[6.4253,50.323],[6.4248,50.3208],[6.4223,50.3195],[6.4224,50.3161],[6.4207,50.3137],[6.4297,50.311],[6.4339,50.3086],[6.4367,50.306],[6.4424,50.3059],[6.4445,50.3028],[6.4422,50.3016],[6.4408,50.2981],[6.4424,50.296],[6.4483,50.2972],[6.4501,50.2992],[6.453,50.3008],[6.4549,50.304],[6.4583,50.3058],[6.459,50.3086],[6.4552,50.3106],[6.4603,50.3125],[6.4637,50.3124],[6.467,50.3138],[6.4695,50.3128],[6.4726,50.3069],[6.4731,50.3045],[6.4764,50.3014],[6.4746,50.3005],[6.4773,50.2937],[6.4819,50.2903],[6.4801,50.2899],[6.4756,50.2867],[6.479,50.2833],[6.4852,50.2852],[6.4942,50.2862],[6.497,50.2849],[6.504,50.2867],[6.5076,50.2868],[6.5112,50.2858],[6.5139,50.2821],[6.5157,50.2782],[6.5213,50.2761],[6.5184,50.2744],[6.5195,50.2655],[6.521,50.2623],[6.5255,50.2575],[6.5338,50.2504],[6.5466,50.2531],[6.553,50.2535],[6.5566,50.252],[6.5573,50.2489],[6.5615,50.2475],[6.5638,50.2481],[6.5673,50.2445],[6.5643,50.2422],[6.5655,50.2405],[6.5616,50.2367],[6.5622,50.2339],[6.5645,50.2322],[6.5626,50.2299],[6.5689,50.227],[6.5697,50.2279],[6.5762,50.2259],[6.5795,50.2243],[6.5819,50.2278],[6.5867,50.2256],[6.5885,50.2262],[6.5914,50.2252],[6.5869,50.2217],[6.5872,50.2183],[6.5941,50.2178],[6.5921,50.2156],[6.5914,50.213],[6.5878,50.2108],[6.5893,50.2092],[6.5948,50.2082],[6.5966,50.2068],[6.597,50.2048],[6.5961,50.2025],[6.5904,50.2019],[6.5872,50.1984],[6.5892,50.1957],[6.583,50.1947],[6.5768,50.1932],[6.577,50.191],[6.5704,50.1862],[6.5649,50.1871],[6.5607,50.1893],[6.5507,50.1861],[6.559,50.1804],[6.5628,50.181],[6.562,50.1764],[6.5652,50.176],[6.5639,50.1741],[6.556,50.1692],[6.5543,50.166],[6.5572,50.1624],[6.5608,50.1599],[6.5627,50.1576],[6.5525,50.1559],[6.5526,50.1519],[6.5482,50.146],[6.5525,50.1469],[6.5609,50.1426],[6.5804,50.1368],[6.5858,50.135],[6.5878,50.1336],[6.5837,50.1327],[6.5857,50.1299],[6.5835,50.1271],[6.5805,50.1277],[6.5788,50.1302],[6.575,50.1297],[6.5741,50.1257],[6.5771,50.1255],[6.5778,50.1231],[6.5817,50.1236],[6.5829,50.1215],[6.5848,50.1215],[6.5904,50.1172],[6.584,50.1158],[6.5828,50.1093],[6.5874,50.11],[6.5952,50.1089],[6.601,50.109],[6.6043,50.1109],[6.6078,50.1092],[6.6082,50.1064],[6.611,50.1058],[6.616,50.1058],[6.6186,50.1082],[6.6174,50.1098],[6.6199,50.1108],[6.6217,50.1097],[6.6273,50.1118],[6.6293,50.1139],[6.6364,50.1163],[6.6378,50.1178],[6.6402,50.1147],[6.6425,50.1133],[6.6498,50.1114],[6.6499,50.1074],[6.652,50.1044],[6.6565,50.1023],[6.6602,50.1],[6.6652,50.1028],[6.67,50.1038],[6.6766,50.1077],[6.6743,50.1102],[6.668,50.1121],[6.6598,50.1131],[6.6562,50.1154],[6.6551,50.118],[6.6717,50.1235],[6.6663,50.1262],[6.671,50.1301],[6.6818,50.1338],[6.6872,50.1371],[6.6899,50.137],[6.7006,50.1392],[6.7103,50.1422],[6.7168,50.1423],[6.7224,50.1448],[6.7225,50.1468],[6.7186,50.1465],[6.7113,50.145],[6.7119,50.1478],[6.7084,50.1513],[6.705,50.1527],[6.7049,50.154],[6.7023,50.1558],[6.6968,50.156],[6.6958,50.1576],[6.6921,50.1601],[6.6931,50.1622],[6.6988,50.166],[6.7009,50.1717],[6.7028,50.1747],[6.7056,50.1762],[6.7113,50.1875],[6.7149,50.1867],[6.7186,50.1829],[6.7212,50.1828],[6.724,50.1807],[6.7253,50.1821],[6.7341,50.1858],[6.7351,50.1848],[6.7404,50.1878],[6.7452,50.1893],[6.7464,50.1907],[6.7498,50.1909],[6.7518,50.1882],[6.7571,50.1905],[6.7552,50.1913],[6.7523,50.1908],[6.7533,50.197],[6.7551,50.1984],[6.7539,50.1997],[6.7586,50.2016],[6.763,50.2058],[6.763,50.2077],[6.7615,50.21],[6.759,50.2108],[6.7554,50.21],[6.7521,50.2104],[6.7493,50.2119],[6.7471,50.2118],[6.7453,50.2094],[6.7424,50.2088],[6.7412,50.2108],[6.7423,50.2132],[6.7397,50.2143],[6.7373,50.2119],[6.7335,50.2109],[6.7271,50.2083],[6.7256,50.2101],[6.7293,50.2124],[6.7312,50.2149],[6.7376,50.2181],[6.7331,50.2191],[6.7304,50.2224],[6.7268,50.2227],[6.7246,50.2239],[6.7262,50.227],[6.7275,50.2317],[6.7271,50.2338],[6.7281,50.2362],[6.7304,50.2386],[6.7355,50.2419],[6.743,50.2436],[6.744,50.2449],[6.7438,50.2499],[6.7448,50.2535],[6.74,50.2557],[6.7424,50.2575],[6.7406,50.2588],[6.743,50.263],[6.7476,50.2653],[6.7549,50.2636],[6.7652,50.2604],[6.7687,50.2609],[6.7689,50.2633],[6.7662,50.2642],[6.7679,50.2679],[6.7743,50.2704],[6.7759,50.2723],[6.7781,50.2723],[6.7841,50.2769],[6.789,50.2788],[6.8049,50.2798],[6.8049,50.2818],[6.8033,50.2834],[6.8034,50.2882],[6.8022,50.2895],[6.8076,50.2904],[6.8168,50.2888],[6.8161,50.2935],[6.8132,50.296],[6.8089,50.298],[6.805,50.2987],[6.804,50.2998],[6.8035,50.3035],[6.8079,50.3044],[6.8016,50.3086],[6.8057,50.3112],[6.8046,50.3137],[6.8127,50.3187],[6.8124,50.3217],[6.8165,50.3219],[6.8188,50.3239],[6.8164,50.3257],[6.8149,50.3291],[6.8099,50.3288],[6.8075,50.3274],[6.7927,50.3264],[6.7941,50.3285],[6.7945,50.3327],[6.7966,50.3341],[6.8012,50.333],[6.8038,50.3355],[6.8076,50.337],[6.8072,50.3394],[6.8038,50.3414],[6.8001,50.3426],[6.7975,50.3426],[6.7984,50.3448],[6.8056,50.3491],[6.8002,50.3502],[6.7983,50.3516],[6.8051,50.3563],[6.8089,50.3594],[6.8059,50.36],[6.8039,50.3588],[6.8007,50.3618]]]},"properties":{"id":"072335006","name":"Gerolstein","territoire":"Rhénanie-Palatinat","sigle":"RLP","pays":"Allemagne","cx":6.642,"cy":50.275}},
{"type":"Feature","geometry":{"type":"Polygon","coordinates":[[[7.0443,49.6893],[7.0381,49.6853],[7.0354,49.6844],[7.0314,49.6803],[7.0237,49.6814],[7.0139,49.6769],[7.0043,49.673],[6.9925,49.6771],[6.9859,49.6775],[6.978,49.6786],[6.9797,49.6805],[6.9849,49.683],[6.9829,49.6855],[6.98,49.6852],[6.9786,49.6869],[6.9792,49.6883],[6.9762,49.6902],[6.9715,49.6909],[6.9712,49.6919],[6.9648,49.6941],[6.9642,49.6998],[6.9663,49.7023],[6.9654,49.7041],[6.9662,49.7062],[6.9694,49.7078],[6.9723,49.7118],[6.9742,49.7128],[6.9733,49.7171],[6.9717,49.7188],[6.9675,49.7214],[6.9657,49.7233],[6.9608,49.722],[6.956,49.7231],[6.9524,49.7248],[6.9486,49.7301],[6.9467,49.7354],[6.9429,49.7359],[6.9396,49.7379],[6.9337,49.7401],[6.9303,49.7407],[6.928,49.7438],[6.9224,49.7436],[6.9208,49.7449],[6.9209,49.7477],[6.9167,49.7482],[6.9132,49.7493],[6.9081,49.7493],[6.9072,49.7513],[6.9071,49.7578],[6.9059,49.7591],[6.9013,49.7596],[6.9008,49.7624],[6.8962,49.7706],[6.8934,49.7701],[6.8904,49.771],[6.8906,49.7743],[6.8896,49.7755],[6.8832,49.7775],[6.8774,49.7778],[6.8754,49.7796],[6.8703,49.7811],[6.8661,49.7802],[6.866,49.7768],[6.869,49.775],[6.8656,49.774],[6.8649,49.7712],[6.8667,49.7707],[6.8657,49.7684],[6.8725,49.7586],[6.8707,49.7565],[6.8724,49.7548],[6.8686,49.7532],[6.8702,49.7505],[6.8673,49.7497],[6.8645,49.7503],[6.8665,49.7487],[6.8683,49.7449],[6.8664,49.743],[6.8679,49.7398],[6.8665,49.7335],[6.8676,49.7295],[6.8651,49.7253],[6.8585,49.7285],[6.857,49.7266],[6.8573,49.7239],[6.8591,49.7173],[6.8612,49.7139],[6.859,49.7087],[6.8593,49.7077],[6.8593,49.6991],[6.8707,49.6938],[6.8587,49.6914],[6.8515,49.6878],[6.8516,49.6848],[6.8496,49.6753],[6.8416,49.6685],[6.8422,49.6629],[6.8452,49.6603],[6.8507,49.6596],[6.855,49.6578],[6.8594,49.6538],[6.8594,49.6519],[6.8652,49.6485],[6.869,49.6446],[6.8685,49.6399],[6.8699,49.6356],[6.8667,49.6323],[6.8673,49.6304],[6.8713,49.6274],[6.8666,49.6219],[6.864,49.6196],[6.8664,49.6186],[6.8683,49.6142],[6.8633,49.6128],[6.8638,49.6112],[6.8613,49.6092],[6.8642,49.6079],[6.8664,49.6087],[6.8706,49.6084],[6.8726,49.6069],[6.8722,49.6048],[6.8796,49.6012],[6.88,49.6062],[6.8837,49.6085],[6.8898,49.6063],[6.8907,49.6076],[6.887,49.6092],[6.8855,49.6109],[6.8866,49.6132],[6.8915,49.6134],[6.8904,49.6152],[6.8931,49.6167],[6.8997,49.6146],[6.9063,49.6141],[6.911,49.616],[6.9157,49.6166],[6.9214,49.6167],[6.9248,49.615],[6.9262,49.6122],[6.9296,49.6124],[6.931,49.6145],[6.9282,49.6153],[6.9277,49.6183],[6.935,49.616],[6.9378,49.6177],[6.9345,49.6201],[6.9341,49.623],[6.9364,49.6236],[6.9368,49.6256],[6.9331,49.6285],[6.9328,49.631],[6.9409,49.6349],[6.9452,49.6359],[6.9486,49.6351],[6.948,49.632],[6.9492,49.6287],[6.9494,49.6261],[6.9514,49.6251],[6.9551,49.6266],[6.955,49.6277],[6.9588,49.6308],[6.9602,49.6291],[6.9643,49.6307],[6.9668,49.6304],[6.9687,49.632],[6.9747,49.6339],[6.9751,49.6354],[6.9784,49.6359],[6.9777,49.6327],[6.9875,49.6336],[6.9915,49.6355],[6.9918,49.6325],[6.9877,49.6291],[6.9888,49.6258],[6.986,49.623],[6.9884,49.6224],[6.9922,49.6238],[6.9961,49.6279],[7.003,49.6314],[7.0124,49.6284],[7.02,49.6329],[7.0263,49.6385],[7.028,49.6394],[7.0335,49.6439],[7.0419,49.6474],[7.0461,49.6503],[7.0508,49.6546],[7.052,49.6595],[7.044,49.6716],[7.046,49.6727],[7.0528,49.6732],[7.0519,49.6749],[7.0545,49.6767],[7.0621,49.6759],[7.0651,49.6769],[7.0615,49.6808],[7.0497,49.6863],[7.0443,49.6893]]]},"properties":{"id":"072355001","name":"Hermeskeil","territoire":"Rhénanie-Palatinat","sigle":"RLP","pays":"Allemagne","cx":6.923,"cy":49.678}},
{"type":"Feature","geometry":{"type":"Polygon","coordinates":[[[6.5598,49.7018],[6.5561,49.7029],[6.5485,49.7068],[6.5352,49.7127],[6.5293,49.714],[6.5265,49.7138],[6.5175,49.7117],[6.513,49.7111],[6.5095,49.7115],[6.5063,49.7135],[6.5001,49.7126],[6.4933,49.7082],[6.4797,49.6973],[6.4695,49.6937],[6.4622,49.6927],[6.4575,49.6905],[6.4554,49.6872],[6.4469,49.6786],[6.4433,49.676],[6.4371,49.6727],[6.4314,49.6704],[6.4272,49.6668],[6.4254,49.6644],[6.4266,49.6612],[6.4289,49.6603],[6.4366,49.6604],[6.4397,49.6588],[6.4408,49.6559],[6.4394,49.6524],[6.4347,49.6447],[6.429,49.6365],[6.427,49.6331],[6.4259,49.6298],[6.4237,49.6259],[6.4228,49.6223],[6.4253,49.6219],[6.4238,49.6195],[6.4256,49.6187],[6.4295,49.6205],[6.4341,49.6171],[6.4391,49.6157],[6.4436,49.6176],[6.4436,49.6206],[6.4499,49.6255],[6.4551,49.6285],[6.4571,49.6309],[6.4605,49.6335],[6.4596,49.6348],[6.4655,49.6392],[6.4687,49.637],[6.471,49.6387],[6.4726,49.6376],[6.4807,49.6381],[6.4818,49.6335],[6.4844,49.6315],[6.4866,49.6358],[6.4901,49.6346],[6.4892,49.6389],[6.4944,49.6448],[6.4974,49.6456],[6.4986,49.6445],[6.5107,49.6454],[6.5116,49.6445],[6.5157,49.6448],[6.5216,49.6434],[6.5225,49.6391],[6.5281,49.6368],[6.5303,49.6395],[6.5342,49.6419],[6.5373,49.6422],[6.5443,49.6436],[6.548,49.644],[6.5529,49.6431],[6.5576,49.6459],[6.5584,49.6441],[6.5628,49.6439],[6.5658,49.6462],[6.5659,49.6473],[6.5746,49.6466],[6.5746,49.6413],[6.5815,49.6422],[6.5856,49.6419],[6.5882,49.6434],[6.5974,49.6423],[6.5973,49.6369],[6.5994,49.6353],[6.6067,49.6341],[6.6117,49.6349],[6.619,49.6306],[6.625,49.632],[6.6272,49.6312],[6.6274,49.6289],[6.6232,49.6293],[6.621,49.624],[6.6134,49.6206],[6.6089,49.619],[6.6123,49.6149],[6.6149,49.6134],[6.6184,49.6129],[6.6225,49.614],[6.6266,49.6135],[6.6317,49.6111],[6.6334,49.6112],[6.6418,49.6139],[6.6444,49.6141],[6.6483,49.6131],[6.6478,49.6151],[6.6534,49.6166],[6.6503,49.6178],[6.6515,49.6211],[6.648,49.6212],[6.6446,49.6224],[6.6491,49.6238],[6.6497,49.6251],[6.6469,49.6276],[6.6477,49.6299],[6.6448,49.6324],[6.6425,49.6307],[6.6403,49.6317],[6.6448,49.6342],[6.6505,49.6354],[6.6538,49.6389],[6.6643,49.6468],[6.667,49.6497],[6.6733,49.6521],[6.679,49.6547],[6.6826,49.6587],[6.6867,49.662],[6.689,49.6699],[6.6887,49.6736],[6.6896,49.6771],[6.6888,49.6823],[6.6815,49.6821],[6.6792,49.6835],[6.679,49.6851],[6.6707,49.6845],[6.6708,49.6881],[6.6668,49.6902],[6.66,49.6881],[6.6546,49.6891],[6.6512,49.6917],[6.6483,49.6955],[6.6477,49.6984],[6.6517,49.7024],[6.6484,49.7044],[6.6444,49.6993],[6.6322,49.7033],[6.6228,49.7],[6.6129,49.6994],[6.6113,49.7017],[6.6152,49.7052],[6.6104,49.7083],[6.6162,49.7146],[6.6227,49.7209],[6.6173,49.7231],[6.6103,49.7191],[6.6059,49.7174],[6.5791,49.7091],[6.5751,49.7077],[6.5717,49.7058],[6.5669,49.702],[6.5626,49.7014],[6.5598,49.7018]]]},"properties":{"id":"072355003","name":"Konz","territoire":"Rhénanie-Palatinat","sigle":"RLP","pays":"Allemagne","cx":6.541,"cy":49.675}},
{"type":"Feature","geometry":{"type":"Polygon","coordinates":[[[6.6965,49.71],[6.6935,49.7051],[6.6946,49.7006],[6.6933,49.6929],[6.6983,49.6871],[6.6993,49.6853],[6.6961,49.6845],[6.6963,49.683],[6.691,49.6818],[6.6888,49.6823],[6.6896,49.6771],[6.6887,49.6736],[6.689,49.6699],[6.6928,49.669],[6.6944,49.6677],[6.6996,49.6663],[6.706,49.6624],[6.7079,49.6635],[6.7103,49.6627],[6.7237,49.6631],[6.7278,49.6602],[6.7335,49.6584],[6.7345,49.6564],[6.7401,49.6528],[6.7473,49.6508],[6.7509,49.6517],[6.7542,49.6532],[6.7576,49.6532],[6.7623,49.6573],[6.7684,49.659],[6.7737,49.6627],[6.7821,49.665],[6.7952,49.6611],[6.7968,49.6613],[6.8152,49.6591],[6.8272,49.6625],[6.8422,49.6629],[6.8416,49.6685],[6.8496,49.6753],[6.8516,49.6848],[6.8515,49.6878],[6.8587,49.6914],[6.8707,49.6938],[6.8593,49.6991],[6.8593,49.7077],[6.859,49.7087],[6.8612,49.7139],[6.8591,49.7173],[6.8573,49.7239],[6.857,49.7266],[6.8585,49.7285],[6.8651,49.7253],[6.8676,49.7295],[6.8665,49.7335],[6.8679,49.7398],[6.8664,49.743],[6.8683,49.7449],[6.8665,49.7487],[6.8645,49.7503],[6.8613,49.7508],[6.8503,49.7496],[6.8468,49.7506],[6.8321,49.7473],[6.8302,49.7464],[6.8235,49.7484],[6.8233,49.7493],[6.8168,49.7477],[6.8166,49.75],[6.8124,49.7516],[6.8078,49.7527],[6.8003,49.7529],[6.7982,49.7537],[6.7938,49.7567],[6.7905,49.758],[6.7886,49.7576],[6.787,49.7514],[6.7819,49.7512],[6.7826,49.7554],[6.7808,49.7573],[6.7778,49.7578],[6.7748,49.7603],[6.7707,49.7605],[6.7612,49.766],[6.7594,49.7679],[6.7627,49.7695],[6.7617,49.7728],[6.7634,49.7745],[6.7585,49.7756],[6.7575,49.7817],[6.7535,49.7823],[6.7391,49.7833],[6.738,49.7801],[6.7382,49.7763],[6.7312,49.7766],[6.7172,49.7721],[6.7145,49.7756],[6.7126,49.7765],[6.7094,49.7744],[6.7045,49.7728],[6.6966,49.7719],[6.689,49.7659],[6.6862,49.7652],[6.6856,49.7607],[6.6864,49.7598],[6.694,49.7574],[6.6957,49.7606],[6.6952,49.7629],[6.6984,49.763],[6.7028,49.7577],[6.7024,49.7544],[6.7063,49.7535],[6.7071,49.7556],[6.7136,49.7609],[6.7152,49.7594],[6.712,49.7554],[6.7077,49.7514],[6.7104,49.7493],[6.7108,49.7479],[6.715,49.7484],[6.7196,49.7459],[6.7248,49.7419],[6.729,49.7404],[6.7298,49.7384],[6.735,49.7394],[6.7375,49.741],[6.7403,49.7414],[6.7425,49.7389],[6.7401,49.7368],[6.7377,49.7333],[6.7378,49.7318],[6.7347,49.7304],[6.7333,49.7317],[6.7232,49.737],[6.7199,49.7351],[6.7149,49.7339],[6.7142,49.7295],[6.7164,49.728],[6.7137,49.7241],[6.71,49.7214],[6.7125,49.7203],[6.7128,49.7173],[6.7063,49.7191],[6.7055,49.7178],[6.7019,49.7171],[6.6965,49.71]]]},"properties":{"id":"072355004","name":"Ruwer","territoire":"Rhénanie-Palatinat","sigle":"RLP","pays":"Allemagne","cx":6.775,"cy":49.711}},
{"type":"Feature","geometry":{"type":"Polygon","coordinates":[[[6.7391,49.7833],[6.7535,49.7823],[6.7575,49.7817],[6.7585,49.7756],[6.7634,49.7745],[6.7617,49.7728],[6.7627,49.7695],[6.7594,49.7679],[6.7612,49.766],[6.7707,49.7605],[6.7748,49.7603],[6.7778,49.7578],[6.7808,49.7573],[6.7826,49.7554],[6.7819,49.7512],[6.787,49.7514],[6.7886,49.7576],[6.7905,49.758],[6.7938,49.7567],[6.7982,49.7537],[6.8003,49.7529],[6.8078,49.7527],[6.8124,49.7516],[6.8166,49.75],[6.8168,49.7477],[6.8233,49.7493],[6.8235,49.7484],[6.8302,49.7464],[6.8321,49.7473],[6.8468,49.7506],[6.8503,49.7496],[6.8613,49.7508],[6.8645,49.7503],[6.8673,49.7497],[6.8702,49.7505],[6.8686,49.7532],[6.8724,49.7548],[6.8707,49.7565],[6.8725,49.7586],[6.8657,49.7684],[6.8667,49.7707],[6.8649,49.7712],[6.8656,49.774],[6.869,49.775],[6.866,49.7768],[6.8661,49.7802],[6.8703,49.7811],[6.8754,49.7796],[6.8788,49.7834],[6.881,49.7847],[6.8839,49.7844],[6.8869,49.7865],[6.8969,49.7881],[6.8961,49.7899],[6.898,49.7914],[6.9012,49.7911],[6.9025,49.7938],[6.9005,49.7959],[6.9033,49.8005],[6.9029,49.8023],[6.8982,49.8037],[6.8976,49.8058],[6.9012,49.8052],[6.9049,49.8033],[6.9097,49.8039],[6.9127,49.8074],[6.9166,49.8063],[6.9199,49.8038],[6.9237,49.803],[6.9279,49.8038],[6.9371,49.8063],[6.9388,49.8049],[6.9436,49.8052],[6.9491,49.8087],[6.949,49.8102],[6.9458,49.8118],[6.9473,49.8141],[6.9502,49.8156],[6.9484,49.8182],[6.9453,49.8193],[6.9442,49.823],[6.9382,49.8262],[6.9352,49.8241],[6.9299,49.8238],[6.928,49.8248],[6.9236,49.8245],[6.9226,49.8235],[6.9191,49.8256],[6.9126,49.8254],[6.9127,49.8274],[6.9085,49.8302],[6.9038,49.8319],[6.9011,49.8318],[6.895,49.8399],[6.8935,49.8431],[6.8881,49.844],[6.8861,49.8472],[6.8851,49.852],[6.8859,49.8551],[6.8818,49.8546],[6.8819,49.8559],[6.8852,49.8581],[6.8845,49.8594],[6.8808,49.8615],[6.8771,49.8628],[6.8764,49.8648],[6.8777,49.8664],[6.8779,49.8692],[6.8765,49.8708],[6.8719,49.873],[6.8721,49.8764],[6.874,49.8778],[6.8715,49.8798],[6.8659,49.8741],[6.8692,49.869],[6.8677,49.8652],[6.8649,49.8642],[6.8572,49.8625],[6.8515,49.8624],[6.8484,49.864],[6.8463,49.8669],[6.8414,49.8649],[6.8401,49.8637],[6.837,49.8642],[6.8266,49.8628],[6.8266,49.8607],[6.8231,49.859],[6.8209,49.8601],[6.8142,49.8621],[6.8043,49.8542],[6.8022,49.8541],[6.7984,49.8515],[6.7907,49.8565],[6.7971,49.861],[6.7928,49.8624],[6.7952,49.8642],[6.7928,49.8655],[6.7902,49.8688],[6.7877,49.8731],[6.7882,49.8747],[6.7846,49.8776],[6.7769,49.8788],[6.7669,49.8797],[6.763,49.8785],[6.7594,49.879],[6.763,49.884],[6.7645,49.8846],[6.7633,49.887],[6.763,49.8915],[6.7587,49.8925],[6.7555,49.8926],[6.7449,49.8884],[6.7405,49.8849],[6.7385,49.8824],[6.7337,49.881],[6.7321,49.8794],[6.7239,49.8812],[6.7224,49.8808],[6.7124,49.8761],[6.7086,49.8723],[6.709,49.8705],[6.7047,49.8684],[6.6983,49.8668],[6.6959,49.865],[6.6911,49.863],[6.6909,49.8577],[6.6924,49.8551],[6.6962,49.8543],[6.6953,49.8516],[6.6991,49.8505],[6.7036,49.8472],[6.7049,49.8447],[6.7034,49.8412],[6.7113,49.8337],[6.7078,49.83],[6.7068,49.8282],[6.7081,49.8258],[6.7124,49.8232],[6.7135,49.8211],[6.7194,49.8215],[6.7261,49.8203],[6.7322,49.8181],[6.7411,49.8142],[6.7415,49.813],[6.7313,49.8112],[6.7251,49.809],[6.7138,49.8069],[6.7079,49.8051],[6.7034,49.8051],[6.7008,49.8031],[6.7,49.7983],[6.7029,49.7931],[6.7089,49.7936],[6.7116,49.7958],[6.7165,49.795],[6.7213,49.7929],[6.7266,49.7915],[6.727,49.7899],[6.7323,49.784],[6.7391,49.7833]]]},"properties":{"id":"072355006","name":"Schweich a.d. Röm.Weinstr.","territoire":"Rhénanie-Palatinat","sigle":"RLP","pays":"Allemagne","cx":6.81,"cy":49.806}},
{"type":"Feature","geometry":{"type":"MultiPolygon","coordinates":[[[[6.6517,49.7024],[6.6477,49.6984],[6.6483,49.6955],[6.6512,49.6917],[6.6546,49.6891],[6.66,49.6881],[6.6668,49.6902],[6.6708,49.6881],[6.6707,49.6845],[6.679,49.6851],[6.6792,49.6835],[6.6815,49.6821],[6.6888,49.6823],[6.691,49.6818],[6.6963,49.683],[6.6961,49.6845],[6.6993,49.6853],[6.6983,49.6871],[6.6933,49.6929],[6.6946,49.7006],[6.6935,49.7051],[6.6965,49.71],[6.6921,49.7112],[6.6896,49.7137],[6.6882,49.7089],[6.6844,49.7105],[6.6793,49.7077],[6.6714,49.7093],[6.6687,49.7087],[6.6658,49.713],[6.6633,49.7131],[6.6612,49.7115],[6.6573,49.7115],[6.6555,49.7075],[6.6517,49.7024]]],[[[6.6909,49.8577],[6.6911,49.863],[6.6959,49.865],[6.6983,49.8668],[6.7047,49.8684],[6.709,49.8705],[6.7086,49.8723],[6.7124,49.8761],[6.7224,49.8808],[6.7239,49.8812],[6.7214,49.8825],[6.7226,49.8845],[6.7175,49.8861],[6.7232,49.8889],[6.722,49.8926],[6.7185,49.8974],[6.7156,49.9006],[6.712,49.9026],[6.7119,49.9048],[6.7087,49.9092],[6.7056,49.9087],[6.6968,49.9146],[6.6941,49.9176],[6.6912,49.9107],[6.6878,49.9085],[6.6859,49.911],[6.6817,49.91],[6.679,49.9084],[6.6785,49.9067],[6.6797,49.903],[6.6762,49.9028],[6.6759,49.9009],[6.6725,49.9007],[6.6737,49.8969],[6.6774,49.8965],[6.6671,49.8926],[6.6615,49.8913],[6.6555,49.8905],[6.6518,49.8893],[6.647,49.8855],[6.6433,49.8832],[6.6411,49.8837],[6.6385,49.8816],[6.6366,49.8787],[6.6363,49.8757],[6.6297,49.8769],[6.6218,49.8808],[6.6193,49.8832],[6.6165,49.8837],[6.6135,49.8829],[6.6102,49.8794],[6.6067,49.8784],[6.6025,49.8791],[6.6002,49.8812],[6.6005,49.8863],[6.6051,49.8898],[6.6061,49.8913],[6.6049,49.8966],[6.5998,49.8965],[6.6011,49.8947],[6.5968,49.8945],[6.5962,49.8907],[6.5884,49.8887],[6.5888,49.8876],[6.5849,49.886],[6.5861,49.8809],[6.5831,49.8787],[6.5849,49.8733],[6.5803,49.8683],[6.5793,49.8677],[6.5709,49.8688],[6.567,49.8664],[6.5624,49.8671],[6.5578,49.8644],[6.5538,49.8636],[6.5514,49.8648],[6.5494,49.8638],[6.5425,49.8628],[6.5334,49.8581],[6.5324,49.8556],[6.5253,49.8532],[6.5324,49.8481],[6.5336,49.8454],[6.531,49.8441],[6.5331,49.8416],[6.5332,49.8391],[6.5281,49.8386],[6.5276,49.8413],[6.5177,49.8418],[6.5121,49.8398],[6.5094,49.8381],[6.504,49.8391],[6.5014,49.837],[6.4928,49.8326],[6.4917,49.8307],[6.4843,49.8266],[6.4873,49.8265],[6.4892,49.825],[6.4832,49.8219],[6.4785,49.8231],[6.4764,49.8229],[6.4748,49.821],[6.4798,49.8188],[6.4845,49.8135],[6.4886,49.8116],[6.493,49.8111],[6.4957,49.8122],[6.5012,49.81],[6.5045,49.8095],[6.5063,49.8083],[6.5095,49.8024],[6.5123,49.8015],[6.5167,49.8052],[6.5185,49.8086],[6.5192,49.8122],[6.5213,49.8131],[6.5269,49.811],[6.5294,49.8092],[6.5309,49.806],[6.5297,49.8041],[6.5263,49.8021],[6.5201,49.7964],[6.5142,49.794],[6.5073,49.7919],[6.5058,49.7903],[6.5074,49.7869],[6.5162,49.7836],[6.5169,49.7826],[6.5149,49.7804],[6.5108,49.7772],[6.5098,49.7734],[6.5129,49.7721],[6.5165,49.7696],[6.5179,49.7675],[6.5177,49.7612],[6.5128,49.7578],[6.5053,49.7558],[6.5024,49.7545],[6.5002,49.7521],[6.5004,49.7481],[6.5024,49.7458],[6.5015,49.743],[6.5021,49.7396],[6.5015,49.7361],[6.5023,49.7317],[6.5057,49.7292],[6.5159,49.7249],[6.5171,49.7235],[6.5145,49.7215],[6.511,49.7213],[6.5058,49.7257],[6.5026,49.727],[6.4971,49.7268],[6.4952,49.7258],[6.4955,49.7233],[6.5009,49.7193],[6.5061,49.7163],[6.5063,49.7135],[6.5095,49.7115],[6.513,49.7111],[6.5175,49.7117],[6.5265,49.7138],[6.5293,49.714],[6.5352,49.7127],[6.5485,49.7068],[6.5561,49.7029],[6.5598,49.7018],[6.5623,49.7132],[6.5592,49.7157],[6.5572,49.7186],[6.5573,49.7237],[6.5546,49.7257],[6.5563,49.7269],[6.5529,49.7286],[6.558,49.7348],[6.5569,49.7371],[6.5542,49.7398],[6.5597,49.7427],[6.5605,49.7452],[6.5685,49.75],[6.5739,49.7543],[6.5745,49.7557],[6.5788,49.7573],[6.5842,49.7562],[6.5884,49.7559],[6.5955,49.7547],[6.5996,49.7548],[6.6032,49.7558],[6.6011,49.7576],[6.6068,49.7606],[6.6156,49.7622],[6.6189,49.7644],[6.613,49.7653],[6.6127,49.7682],[6.6093,49.7705],[6.6048,49.7703],[6.593,49.7722],[6.5953,49.7753],[6.5924,49.7769],[6.5893,49.7767],[6.5907,49.78],[6.5938,49.7796],[6.5985,49.7779],[6.6021,49.7796],[6.6003,49.7815],[6.595,49.7838],[6.5978,49.7852],[6.6035,49.7847],[6.6091,49.7834],[6.6211,49.7831],[6.6292,49.785],[6.6326,49.785],[6.6306,49.789],[6.6325,49.7911],[6.632,49.7936],[6.6336,49.7963],[6.6362,49.7969],[6.6372,49.8017],[6.6356,49.8037],[6.6396,49.805],[6.6474,49.8067],[6.6541,49.8101],[6.6571,49.8133],[6.6596,49.8192],[6.6602,49.8234],[6.6631,49.8245],[6.667,49.8278],[6.6641,49.829],[6.6674,49.8357],[6.6692,49.8372],[6.67,49.8409],[6.6723,49.8443],[6.6715,49.8473],[6.6717,49.85],[6.6735,49.8534],[6.6878,49.8561],[6.6909,49.8577]]]]},"properties":{"id":"072355007","name":"Trier-Land","territoire":"Rhénanie-Palatinat","sigle":"RLP","pays":"Allemagne","cx":6.588,"cy":49.824}},
{"type":"Feature","geometry":{"type":"Polygon","coordinates":[[[6.8422,49.6629],[6.8272,49.6625],[6.8152,49.6591],[6.7968,49.6613],[6.7952,49.6611],[6.7821,49.665],[6.7737,49.6627],[6.7684,49.659],[6.7623,49.6573],[6.7576,49.6532],[6.7542,49.6532],[6.7509,49.6517],[6.7473,49.6508],[6.7401,49.6528],[6.7345,49.6564],[6.7335,49.6584],[6.7278,49.6602],[6.7237,49.6631],[6.7103,49.6627],[6.7079,49.6635],[6.706,49.6624],[6.6996,49.6663],[6.6944,49.6677],[6.6928,49.669],[6.689,49.6699],[6.6867,49.662],[6.6826,49.6587],[6.679,49.6547],[6.6733,49.6521],[6.667,49.6497],[6.6643,49.6468],[6.6538,49.6389],[6.6505,49.6354],[6.6448,49.6342],[6.6403,49.6317],[6.6425,49.6307],[6.6448,49.6324],[6.6477,49.6299],[6.6469,49.6276],[6.6497,49.6251],[6.6491,49.6238],[6.6446,49.6224],[6.648,49.6212],[6.6515,49.6211],[6.6503,49.6178],[6.6534,49.6166],[6.6478,49.6151],[6.6483,49.6131],[6.6444,49.6141],[6.6418,49.6139],[6.6334,49.6112],[6.6317,49.6111],[6.6266,49.6135],[6.6225,49.614],[6.6184,49.6129],[6.6149,49.6134],[6.6123,49.6149],[6.6089,49.619],[6.6134,49.6206],[6.621,49.624],[6.6232,49.6293],[6.6274,49.6289],[6.6272,49.6312],[6.625,49.632],[6.619,49.6306],[6.6117,49.6349],[6.6067,49.6341],[6.5994,49.6353],[6.5973,49.6369],[6.5974,49.6423],[6.5882,49.6434],[6.5856,49.6419],[6.5815,49.6422],[6.5746,49.6413],[6.5746,49.6466],[6.5659,49.6473],[6.5658,49.6462],[6.5628,49.6439],[6.5584,49.6441],[6.5576,49.6459],[6.5529,49.6431],[6.548,49.644],[6.5443,49.6436],[6.5373,49.6422],[6.5342,49.6419],[6.5303,49.6395],[6.5281,49.6368],[6.5225,49.6391],[6.5216,49.6434],[6.5157,49.6448],[6.5116,49.6445],[6.5107,49.6454],[6.4986,49.6445],[6.4974,49.6456],[6.4944,49.6448],[6.4892,49.6389],[6.4901,49.6346],[6.4866,49.6358],[6.4844,49.6315],[6.4818,49.6335],[6.4807,49.6381],[6.4726,49.6376],[6.471,49.6387],[6.4687,49.637],[6.4655,49.6392],[6.4596,49.6348],[6.4605,49.6335],[6.4571,49.6309],[6.4551,49.6285],[6.4499,49.6255],[6.4436,49.6206],[6.4436,49.6176],[6.4391,49.6157],[6.4341,49.6171],[6.4295,49.6205],[6.4256,49.6187],[6.4238,49.6195],[6.4253,49.6219],[6.4228,49.6223],[6.4206,49.619],[6.4186,49.6173],[6.411,49.6138],[6.4055,49.6087],[6.4023,49.6045],[6.3998,49.6027],[6.3953,49.6008],[6.3843,49.5997],[6.3806,49.5974],[6.3745,49.5915],[6.374,49.588],[6.3769,49.5841],[6.3805,49.582],[6.3823,49.5797],[6.3807,49.577],[6.3758,49.5773],[6.3718,49.5791],[6.368,49.5792],[6.3622,49.5772],[6.3587,49.5752],[6.3568,49.5729],[6.3585,49.5697],[6.3673,49.5657],[6.3808,49.5583],[6.3817,49.5561],[6.3801,49.5511],[6.3825,49.5513],[6.3853,49.5495],[6.3892,49.5482],[6.3939,49.5474],[6.3996,49.5478],[6.4041,49.5486],[6.4077,49.5475],[6.4141,49.5464],[6.4143,49.5433],[6.4184,49.544],[6.4209,49.5457],[6.4245,49.5467],[6.4245,49.5477],[6.4303,49.549],[6.4337,49.5474],[6.4384,49.5463],[6.4389,49.5448],[6.4426,49.545],[6.4441,49.5429],[6.4495,49.542],[6.4527,49.5384],[6.4636,49.5441],[6.467,49.543],[6.4679,49.5444],[6.4715,49.5436],[6.4767,49.5417],[6.4818,49.5385],[6.4837,49.5356],[6.4873,49.5329],[6.4941,49.5306],[6.4975,49.5311],[6.5076,49.5353],[6.5111,49.5343],[6.5149,49.5351],[6.5144,49.5326],[6.5149,49.5292],[6.5174,49.5275],[6.5196,49.5291],[6.5229,49.5283],[6.5252,49.5294],[6.5279,49.5322],[6.5386,49.5395],[6.5448,49.5376],[6.5495,49.5372],[6.5548,49.536],[6.5564,49.5373],[6.5598,49.5378],[6.5617,49.5398],[6.564,49.5406],[6.5652,49.5379],[6.5687,49.5377],[6.5742,49.5344],[6.5794,49.5288],[6.5802,49.5248],[6.5797,49.5222],[6.5845,49.5195],[6.5869,49.5193],[6.5884,49.5175],[6.5913,49.517],[6.5953,49.5188],[6.6036,49.518],[6.6047,49.5173],[6.6095,49.5198],[6.6104,49.5221],[6.6082,49.5261],[6.6063,49.528],[6.6098,49.5297],[6.6129,49.5283],[6.6192,49.5287],[6.6208,49.5294],[6.6211,49.5316],[6.6179,49.5359],[6.6217,49.5366],[6.6246,49.5379],[6.6278,49.5383],[6.6309,49.5414],[6.636,49.5419],[6.6411,49.5402],[6.6413,49.5378],[6.646,49.5391],[6.6483,49.5407],[6.6515,49.544],[6.6517,49.5465],[6.6504,49.5495],[6.6525,49.5512],[6.6576,49.5459],[6.6582,49.5439],[6.6641,49.5427],[6.6737,49.5458],[6.6798,49.547],[6.6835,49.5484],[6.6851,49.5468],[6.6848,49.5442],[6.6871,49.5416],[6.6885,49.5362],[6.6904,49.5352],[6.6936,49.5378],[6.6942,49.5398],[6.6981,49.5402],[6.7009,49.5423],[6.7017,49.5442],[6.7042,49.5467],[6.706,49.5503],[6.7086,49.5533],[6.7187,49.5557],[6.7228,49.5562],[6.7283,49.559],[6.7343,49.5603],[6.7354,49.5585],[6.7421,49.5574],[6.7474,49.5578],[6.7569,49.5614],[6.7646,49.5678],[6.7675,49.569],[6.7697,49.5689],[6.7782,49.5702],[6.7871,49.5762],[6.7898,49.5799],[6.7932,49.5814],[6.7982,49.5863],[6.8009,49.5866],[6.8017,49.5881],[6.8134,49.592],[6.8198,49.5887],[6.8223,49.5864],[6.8243,49.5884],[6.8265,49.5871],[6.8354,49.5829],[6.84,49.5874],[6.8403,49.5888],[6.8391,49.5926],[6.8422,49.593],[6.8432,49.5913],[6.846,49.5896],[6.8579,49.6056],[6.8642,49.6079],[6.8613,49.6092],[6.8638,49.6112],[6.8633,49.6128],[6.8683,49.6142],[6.8664,49.6186],[6.864,49.6196],[6.8666,49.6219],[6.8713,49.6274],[6.8673,49.6304],[6.8667,49.6323],[6.8699,49.6356],[6.8685,49.6399],[6.869,49.6446],[6.8652,49.6485],[6.8594,49.6519],[6.8594,49.6538],[6.855,49.6578],[6.8507,49.6596],[6.8452,49.6603],[6.8422,49.6629]]]},"properties":{"id":"072355008","name":"Saarburg-Kell","territoire":"Rhénanie-Palatinat","sigle":"RLP","pays":"Allemagne","cx":6.571,"cy":49.589}},
{"type":"Feature","geometry":{"type":"Polygon","coordinates":[[[8.2337,49.7685],[8.2336,49.7721],[8.2355,49.7758],[8.2327,49.7761],[8.2332,49.786],[8.2324,49.7895],[8.2293,49.7894],[8.2282,49.7913],[8.2257,49.7987],[8.2303,49.801],[8.2286,49.8029],[8.2356,49.8062],[8.2319,49.8101],[8.2329,49.813],[8.2354,49.8133],[8.2335,49.8158],[8.2311,49.8171],[8.2323,49.8185],[8.2323,49.8212],[8.2336,49.823],[8.2282,49.8238],[8.2158,49.8229],[8.2105,49.8219],[8.2036,49.8219],[8.1986,49.8216],[8.1971,49.8244],[8.1953,49.8234],[8.1847,49.8206],[8.1856,49.8184],[8.1736,49.8151],[8.1588,49.8104],[8.156,49.8083],[8.1488,49.8072],[8.1468,49.8061],[8.1464,49.8044],[8.1417,49.8046],[8.1406,49.7987],[8.1382,49.7981],[8.1372,49.7956],[8.1348,49.7938],[8.121,49.793],[8.1202,49.791],[8.1164,49.7906],[8.115,49.793],[8.1116,49.7942],[8.1113,49.7919],[8.1074,49.7923],[8.0986,49.7906],[8.0916,49.7973],[8.0956,49.7982],[8.091,49.8025],[8.084,49.8016],[8.0824,49.8],[8.0774,49.7994],[8.0687,49.7991],[8.0688,49.7977],[8.0637,49.7992],[8.0613,49.7965],[8.0508,49.8017],[8.0397,49.805],[8.0381,49.8078],[8.0309,49.8086],[8.0267,49.8145],[8.0198,49.8132],[8.0206,49.8115],[8.0142,49.8091],[8.0177,49.8052],[8.0049,49.8003],[8.0084,49.7974],[8.0047,49.7947],[8.0009,49.7898],[8.0019,49.7864],[7.9956,49.7829],[8.0136,49.7691],[8.0061,49.7653],[8.0016,49.7619],[8.0015,49.7597],[7.9934,49.7533],[7.9893,49.7515],[7.9817,49.7495],[7.9806,49.7483],[7.9816,49.745],[7.9782,49.7437],[7.9744,49.7451],[7.9709,49.743],[7.9673,49.7424],[7.9637,49.741],[7.9535,49.7305],[7.9555,49.7293],[7.9645,49.7276],[7.9688,49.7225],[7.9701,49.7164],[7.9667,49.718],[7.9645,49.717],[7.9622,49.7142],[7.9652,49.7119],[7.9611,49.7081],[7.9603,49.7017],[7.969,49.6995],[7.9732,49.6977],[7.9767,49.6978],[7.9862,49.6968],[7.9905,49.6983],[7.9945,49.6989],[7.9967,49.7005],[8.0029,49.7035],[8.0089,49.7069],[8.0119,49.7076],[8.0185,49.7109],[8.0191,49.7083],[8.028,49.7079],[8.0304,49.7067],[8.034,49.7075],[8.0383,49.7057],[8.0396,49.7034],[8.0452,49.7052],[8.0479,49.7021],[8.0507,49.7028],[8.0574,49.6993],[8.0593,49.6951],[8.0759,49.6984],[8.0765,49.6964],[8.0808,49.6969],[8.0847,49.6966],[8.0852,49.6955],[8.0896,49.6966],[8.0906,49.6952],[8.0981,49.6976],[8.1024,49.6983],[8.1056,49.6934],[8.1038,49.6929],[8.1085,49.6857],[8.1103,49.6817],[8.111,49.6783],[8.1185,49.6812],[8.1193,49.6793],[8.1172,49.6783],[8.1209,49.6707],[8.1324,49.6735],[8.1457,49.661],[8.1502,49.6612],[8.1735,49.6668],[8.1788,49.6689],[8.1853,49.6729],[8.1781,49.6837],[8.1723,49.6831],[8.1716,49.6887],[8.1703,49.6902],[8.172,49.6916],[8.1713,49.6931],[8.1817,49.696],[8.1824,49.6978],[8.1858,49.7001],[8.1855,49.7042],[8.1817,49.7047],[8.1785,49.7066],[8.1781,49.7149],[8.1773,49.7169],[8.1707,49.7278],[8.1802,49.73],[8.1819,49.7297],[8.1865,49.7327],[8.2037,49.7365],[8.2079,49.738],[8.2038,49.7445],[8.2036,49.7484],[8.2075,49.7506],[8.2101,49.7507],[8.2152,49.7523],[8.2161,49.7534],[8.2151,49.7559],[8.2294,49.7591],[8.233,49.7602],[8.2307,49.7631],[8.2322,49.7639],[8.2305,49.766],[8.2339,49.7663],[8.2337,49.7685]],[[8.1661,49.7383],[8.1617,49.7368],[8.1641,49.7346],[8.1619,49.733],[8.1662,49.725],[8.1548,49.7225],[8.1536,49.7219],[8.1501,49.7247],[8.1397,49.7286],[8.1354,49.7316],[8.129,49.7305],[8.1279,49.7321],[8.1255,49.7312],[8.1264,49.7296],[8.116,49.7259],[8.1141,49.7274],[8.1149,49.7313],[8.1105,49.7306],[8.0992,49.7253],[8.0943,49.7236],[8.0925,49.7246],[8.0894,49.7234],[8.0881,49.7247],[8.0837,49.7232],[8.0821,49.7244],[8.08,49.7203],[8.075,49.7213],[8.0743,49.7201],[8.0686,49.7249],[8.0627,49.7283],[8.0605,49.7309],[8.0527,49.7279],[8.0488,49.7326],[8.0492,49.7355],[8.0434,49.7368],[8.0414,49.7387],[8.0404,49.744],[8.0425,49.7467],[8.0446,49.7479],[8.046,49.7502],[8.0517,49.7497],[8.0532,49.7511],[8.0595,49.7541],[8.0578,49.7556],[8.0583,49.758],[8.0578,49.7613],[8.0601,49.762],[8.0592,49.7639],[8.0659,49.7656],[8.0635,49.7692],[8.0664,49.7699],[8.0662,49.7712],[8.0719,49.7722],[8.0779,49.7692],[8.0827,49.7718],[8.0853,49.771],[8.0881,49.7723],[8.0895,49.7709],[8.0919,49.7709],[8.0982,49.7724],[8.1031,49.7694],[8.1058,49.7666],[8.1082,49.7622],[8.1112,49.7635],[8.1248,49.7637],[8.1284,49.7644],[8.1336,49.7641],[8.1416,49.7619],[8.1489,49.7666],[8.1548,49.761],[8.1589,49.753],[8.1617,49.7521],[8.1532,49.749],[8.1604,49.7418],[8.1642,49.7402],[8.1661,49.7383]]]},"properties":{"id":"073315001","name":"Alzey-Land","territoire":"Rhénanie-Palatinat","sigle":"RLP","pays":"Allemagne","cx":8.187,"cy":49.781}},
{"type":"Feature","geometry":{"type":"Polygon","coordinates":[[[8.4464,49.7308],[8.4515,49.738],[8.4542,49.741],[8.4603,49.7458],[8.4774,49.7572],[8.4794,49.7594],[8.4799,49.7618],[8.4786,49.7652],[8.4757,49.7676],[8.472,49.7689],[8.4666,49.7692],[8.4537,49.7669],[8.4431,49.7657],[8.4327,49.766],[8.4292,49.7664],[8.4241,49.7679],[8.4207,49.7698],[8.4176,49.7725],[8.4149,49.7758],[8.4136,49.7821],[8.4121,49.7867],[8.4083,49.7935],[8.4034,49.8],[8.4001,49.8037],[8.3943,49.801],[8.3883,49.8008],[8.3873,49.8025],[8.3776,49.7995],[8.3729,49.7958],[8.3733,49.7939],[8.3676,49.7887],[8.3628,49.7867],[8.3566,49.7825],[8.3545,49.7818],[8.3482,49.7833],[8.3425,49.7832],[8.3361,49.7853],[8.3338,49.7842],[8.3211,49.784],[8.3146,49.7843],[8.312,49.7823],[8.3095,49.7817],[8.3106,49.78],[8.3081,49.7792],[8.3095,49.7739],[8.3039,49.7735],[8.301,49.7727],[8.3004,49.7673],[8.2958,49.7674],[8.2929,49.7617],[8.2962,49.7549],[8.286,49.7529],[8.2873,49.7491],[8.2865,49.7462],[8.2875,49.7401],[8.3041,49.7403],[8.3043,49.7386],[8.3154,49.7335],[8.3204,49.7326],[8.3346,49.7319],[8.3523,49.7326],[8.3524,49.7305],[8.3696,49.7303],[8.3683,49.7266],[8.3727,49.725],[8.3776,49.7248],[8.3784,49.7314],[8.3782,49.7337],[8.3916,49.7352],[8.4005,49.7367],[8.4078,49.7347],[8.4098,49.7322],[8.4199,49.7277],[8.4235,49.7265],[8.4385,49.7314],[8.4418,49.732],[8.4464,49.7308]]]},"properties":{"id":"073315002","name":"Eich","territoire":"Rhénanie-Palatinat","sigle":"RLP","pays":"Allemagne","cx":8.377,"cy":49.761}},
{"type":"Feature","geometry":{"type":"Polygon","coordinates":[[[8.2614,49.6716],[8.2514,49.6712],[8.2518,49.6698],[8.2452,49.6671],[8.2368,49.6657],[8.2327,49.6657],[8.2326,49.6674],[8.2254,49.6686],[8.2225,49.6685],[8.2222,49.6709],[8.2247,49.6761],[8.2205,49.6778],[8.2142,49.6776],[8.1853,49.6729],[8.1788,49.6689],[8.1735,49.6668],[8.1502,49.6612],[8.152,49.6576],[8.1545,49.6581],[8.1564,49.6547],[8.1582,49.6473],[8.1564,49.6475],[8.1552,49.6445],[8.1583,49.6445],[8.161,49.643],[8.161,49.6406],[8.1576,49.6411],[8.1564,49.6389],[8.1529,49.6301],[8.1524,49.6269],[8.1541,49.623],[8.1609,49.6243],[8.1641,49.6239],[8.1671,49.6253],[8.1753,49.6273],[8.1794,49.6277],[8.1833,49.6289],[8.1837,49.6275],[8.1914,49.6276],[8.1924,49.6242],[8.1974,49.6243],[8.1976,49.6225],[8.2005,49.621],[8.2065,49.6212],[8.2069,49.6161],[8.209,49.6124],[8.2118,49.6107],[8.2189,49.61],[8.223,49.6034],[8.2252,49.604],[8.2289,49.6006],[8.2236,49.5986],[8.2293,49.5912],[8.2308,49.5915],[8.233,49.5881],[8.2411,49.59],[8.2503,49.591],[8.2535,49.5918],[8.2562,49.5913],[8.2533,49.5973],[8.2523,49.6023],[8.2529,49.6121],[8.2529,49.6181],[8.2444,49.6171],[8.2434,49.6241],[8.2392,49.6234],[8.2384,49.6268],[8.2388,49.6296],[8.2408,49.6355],[8.2402,49.6371],[8.2415,49.647],[8.2452,49.6502],[8.2788,49.655],[8.2772,49.6586],[8.2745,49.6621],[8.2726,49.6686],[8.2679,49.6662],[8.2683,49.6724],[8.2614,49.6716]]]},"properties":{"id":"073315003","name":"Monsheim","territoire":"Rhénanie-Palatinat","sigle":"RLP","pays":"Allemagne","cx":8.213,"cy":49.643}},
{"type":"Feature","geometry":{"type":"Polygon","coordinates":[[[7.9054,49.7523],[7.9055,49.7493],[7.9124,49.7465],[7.9175,49.7433],[7.919,49.742],[7.9216,49.7426],[7.9288,49.7491],[7.9374,49.7536],[7.9408,49.7546],[7.9486,49.7558],[7.9485,49.7492],[7.9505,49.7475],[7.9487,49.7459],[7.9399,49.7418],[7.9354,49.7386],[7.9361,49.7351],[7.9426,49.7386],[7.944,49.7365],[7.9414,49.7313],[7.946,49.7293],[7.9535,49.7305],[7.9637,49.741],[7.9673,49.7424],[7.9709,49.743],[7.9744,49.7451],[7.9782,49.7437],[7.9816,49.745],[7.9806,49.7483],[7.9817,49.7495],[7.9893,49.7515],[7.9934,49.7533],[8.0015,49.7597],[8.0016,49.7619],[8.0061,49.7653],[8.0136,49.7691],[7.9956,49.7829],[8.0019,49.7864],[8.0009,49.7898],[8.0047,49.7947],[8.0084,49.7974],[8.0049,49.8003],[8.0177,49.8052],[8.0142,49.8091],[8.0206,49.8115],[8.0198,49.8132],[8.0159,49.8177],[8.0322,49.8229],[8.0394,49.826],[8.043,49.8289],[8.0386,49.8319],[8.0354,49.8319],[8.035,49.8345],[8.0375,49.835],[8.037,49.8387],[8.0345,49.843],[8.0333,49.848],[8.0309,49.8474],[8.0282,49.8503],[8.0189,49.8499],[8.0164,49.8506],[8.0156,49.8523],[8.0125,49.8513],[8.012,49.8499],[8.0085,49.8471],[8.0044,49.8452],[8.0028,49.8419],[7.9967,49.8414],[7.9925,49.8377],[7.9929,49.8344],[7.9875,49.8319],[7.9826,49.8328],[7.9773,49.8317],[7.9728,49.8314],[7.9734,49.8349],[7.9717,49.8358],[7.9636,49.8331],[7.9564,49.8284],[7.9507,49.8254],[7.9493,49.8263],[7.9443,49.8243],[7.9456,49.8211],[7.9432,49.8189],[7.9441,49.8181],[7.9394,49.8161],[7.9358,49.814],[7.9276,49.8114],[7.9263,49.807],[7.9244,49.8054],[7.925,49.8035],[7.929,49.8021],[7.9326,49.7986],[7.9311,49.7949],[7.9315,49.7912],[7.9292,49.7902],[7.9298,49.7876],[7.9322,49.7871],[7.933,49.7855],[7.9326,49.7804],[7.9346,49.7781],[7.9288,49.7762],[7.933,49.774],[7.9303,49.7703],[7.9327,49.7679],[7.9324,49.7661],[7.9255,49.7644],[7.9206,49.7639],[7.9148,49.7581],[7.9194,49.7542],[7.9156,49.7529],[7.913,49.7534],[7.9086,49.7559],[7.9053,49.7548],[7.9054,49.7523]]]},"properties":{"id":"073315005","name":"Wöllstein","territoire":"Rhénanie-Palatinat","sigle":"RLP","pays":"Allemagne","cx":7.969,"cy":49.794}},
{"type":"Feature","geometry":{"type":"Polygon","coordinates":[[[8.1953,49.8234],[8.1934,49.8279],[8.1944,49.8281],[8.1908,49.835],[8.1925,49.8372],[8.1899,49.8385],[8.1893,49.8434],[8.194,49.844],[8.2035,49.846],[8.2116,49.849],[8.2106,49.8504],[8.2149,49.8533],[8.2125,49.8558],[8.2098,49.8608],[8.2032,49.8598],[8.202,49.863],[8.205,49.8643],[8.2043,49.868],[8.1959,49.8686],[8.1924,49.874],[8.1912,49.8766],[8.1911,49.8798],[8.1923,49.8837],[8.1856,49.8858],[8.1854,49.8887],[8.1868,49.8914],[8.1769,49.9],[8.1741,49.899],[8.1662,49.8993],[8.161,49.8987],[8.16,49.8936],[8.1506,49.893],[8.1391,49.8905],[8.1277,49.8907],[8.1207,49.8968],[8.1189,49.8994],[8.102,49.8922],[8.1004,49.8911],[8.0917,49.889],[8.084,49.8889],[8.0786,49.8876],[8.0701,49.8874],[8.0609,49.8855],[8.0589,49.8878],[8.0504,49.8849],[8.0489,49.8842],[8.0566,49.8786],[8.0547,49.8773],[8.0582,49.8744],[8.0649,49.8713],[8.0549,49.8677],[8.0561,49.8663],[8.0507,49.8643],[8.0393,49.8621],[8.0348,49.8595],[8.0306,49.858],[8.0285,49.856],[8.031,49.8523],[8.0282,49.8503],[8.0309,49.8474],[8.0333,49.848],[8.0345,49.843],[8.037,49.8387],[8.0375,49.835],[8.035,49.8345],[8.0354,49.8319],[8.0386,49.8319],[8.043,49.8289],[8.0394,49.826],[8.0322,49.8229],[8.0159,49.8177],[8.0198,49.8132],[8.0267,49.8145],[8.0309,49.8086],[8.0381,49.8078],[8.0397,49.805],[8.0508,49.8017],[8.0613,49.7965],[8.0637,49.7992],[8.0688,49.7977],[8.0687,49.7991],[8.0774,49.7994],[8.0824,49.8],[8.084,49.8016],[8.091,49.8025],[8.0956,49.7982],[8.0916,49.7973],[8.0986,49.7906],[8.1074,49.7923],[8.1113,49.7919],[8.1116,49.7942],[8.115,49.793],[8.1164,49.7906],[8.1202,49.791],[8.121,49.793],[8.1348,49.7938],[8.1372,49.7956],[8.1382,49.7981],[8.1406,49.7987],[8.1417,49.8046],[8.1464,49.8044],[8.1468,49.8061],[8.1488,49.8072],[8.156,49.8083],[8.1588,49.8104],[8.1736,49.8151],[8.1856,49.8184],[8.1847,49.8206],[8.1953,49.8234]]]},"properties":{"id":"073315006","name":"Wörrstadt","territoire":"Rhénanie-Palatinat","sigle":"RLP","pays":"Allemagne","cx":8.116,"cy":49.846}},
{"type":"Feature","geometry":{"type":"Polygon","coordinates":[[[8.3524,49.7305],[8.3523,49.7326],[8.3346,49.7319],[8.3204,49.7326],[8.3154,49.7335],[8.3043,49.7386],[8.3041,49.7403],[8.2875,49.7401],[8.2865,49.7462],[8.2873,49.7491],[8.2822,49.7485],[8.2781,49.7542],[8.2753,49.7573],[8.2722,49.7596],[8.27,49.7601],[8.2622,49.7589],[8.2626,49.7608],[8.2579,49.7615],[8.2589,49.7647],[8.2534,49.7654],[8.2543,49.7677],[8.2451,49.7687],[8.2453,49.7699],[8.2372,49.7698],[8.2373,49.7684],[8.2337,49.7685],[8.2339,49.7663],[8.2305,49.766],[8.2322,49.7639],[8.2307,49.7631],[8.233,49.7602],[8.2294,49.7591],[8.2151,49.7559],[8.2161,49.7534],[8.2152,49.7523],[8.2101,49.7507],[8.2075,49.7506],[8.2036,49.7484],[8.2038,49.7445],[8.2079,49.738],[8.2037,49.7365],[8.1865,49.7327],[8.1819,49.7297],[8.1802,49.73],[8.1707,49.7278],[8.1773,49.7169],[8.1781,49.7149],[8.1785,49.7066],[8.1817,49.7047],[8.1855,49.7042],[8.1858,49.7001],[8.1824,49.6978],[8.1817,49.696],[8.1713,49.6931],[8.172,49.6916],[8.1703,49.6902],[8.1716,49.6887],[8.1723,49.6831],[8.1781,49.6837],[8.1853,49.6729],[8.2142,49.6776],[8.2205,49.6778],[8.2247,49.6761],[8.2222,49.6709],[8.2225,49.6685],[8.2254,49.6686],[8.2326,49.6674],[8.2327,49.6657],[8.2368,49.6657],[8.2452,49.6671],[8.2518,49.6698],[8.2514,49.6712],[8.2614,49.6716],[8.2559,49.6752],[8.2598,49.6773],[8.2585,49.6852],[8.2576,49.6887],[8.2797,49.692],[8.288,49.6929],[8.2888,49.6898],[8.2938,49.6902],[8.295,49.6875],[8.3074,49.6885],[8.3092,49.6841],[8.3167,49.6855],[8.3193,49.6836],[8.3238,49.6842],[8.326,49.6834],[8.3364,49.6828],[8.3423,49.6829],[8.3412,49.6858],[8.3394,49.6956],[8.3499,49.6955],[8.3494,49.7025],[8.3468,49.711],[8.3502,49.7111],[8.3503,49.7154],[8.3519,49.7237],[8.3524,49.7305]]]},"properties":{"id":"073315007","name":"Wonnegau","territoire":"Rhénanie-Palatinat","sigle":"RLP","pays":"Allemagne","cx":8.255,"cy":49.723}},
{"type":"Feature","geometry":{"type":"Polygon","coordinates":[[[8.2234,49.3798],[8.2379,49.3815],[8.2442,49.3827],[8.2526,49.3849],[8.259,49.3876],[8.2619,49.3848],[8.2696,49.3891],[8.273,49.3904],[8.2697,49.3948],[8.2716,49.3967],[8.2712,49.3986],[8.2675,49.3983],[8.2639,49.4051],[8.2648,49.4054],[8.2594,49.4138],[8.2605,49.4152],[8.258,49.4192],[8.2579,49.4209],[8.2538,49.4201],[8.2532,49.4214],[8.2378,49.4183],[8.236,49.4228],[8.234,49.43],[8.2333,49.43],[8.2328,49.436],[8.2343,49.4374],[8.2312,49.4388],[8.2222,49.4382],[8.2136,49.4387],[8.2095,49.4396],[8.2094,49.4373],[8.2069,49.4377],[8.2063,49.4359],[8.2014,49.4378],[8.1975,49.4339],[8.1908,49.4345],[8.1909,49.4331],[8.1804,49.4306],[8.174,49.4306],[8.1657,49.426],[8.1625,49.4259],[8.1577,49.425],[8.1518,49.4218],[8.1499,49.4203],[8.1468,49.4209],[8.1438,49.4196],[8.1385,49.4162],[8.132,49.4167],[8.1273,49.4156],[8.1206,49.4115],[8.1133,49.4103],[8.1096,49.407],[8.1062,49.4052],[8.1042,49.4033],[8.1,49.4024],[8.0912,49.4026],[8.0837,49.3998],[8.0698,49.3981],[8.0671,49.3987],[8.0619,49.3956],[8.0525,49.3863],[8.0494,49.3855],[8.0522,49.3826],[8.0519,49.3784],[8.0536,49.377],[8.0579,49.3788],[8.0637,49.3794],[8.0664,49.3802],[8.0744,49.3791],[8.0802,49.3807],[8.0799,49.3831],[8.0811,49.3871],[8.0827,49.3892],[8.0888,49.3913],[8.0964,49.3932],[8.1004,49.3922],[8.1029,49.3907],[8.1069,49.3901],[8.1071,49.3877],[8.1156,49.3868],[8.1168,49.3853],[8.1212,49.3838],[8.121,49.3821],[8.1231,49.3812],[8.1283,49.3842],[8.1323,49.3873],[8.134,49.3863],[8.1371,49.3887],[8.1319,49.3962],[8.1308,49.3999],[8.1329,49.4009],[8.1368,49.3976],[8.1413,49.395],[8.1481,49.3919],[8.1528,49.3925],[8.1626,49.3925],[8.1633,49.3935],[8.1693,49.3925],[8.1678,49.3905],[8.1756,49.3906],[8.1818,49.39],[8.1793,49.3866],[8.1832,49.386],[8.1828,49.3829],[8.1867,49.3832],[8.1988,49.3855],[8.1993,49.3825],[8.2029,49.3837],[8.2039,49.3816],[8.2072,49.382],[8.2087,49.3783],[8.2176,49.3784],[8.2234,49.3798]]]},"properties":{"id":"073325001","name":"Deidesheim","territoire":"Rhénanie-Palatinat","sigle":"RLP","pays":"Allemagne","cx":8.202,"cy":49.41}},
{"type":"Feature","geometry":{"type":"MultiPolygon","coordinates":[[[[8.0678,49.4753],[8.0681,49.4766],[8.0617,49.4765],[8.0574,49.4773],[8.0528,49.4774],[8.0531,49.476],[8.0469,49.4738],[8.0439,49.4737],[8.0379,49.4721],[8.0315,49.4725],[8.0213,49.4633],[8.0191,49.4635],[8.0237,49.4612],[8.0326,49.4598],[8.0339,49.4616],[8.0376,49.4643],[8.0397,49.4605],[8.0415,49.4593],[8.0462,49.4608],[8.0518,49.4596],[8.0531,49.4551],[8.0574,49.4531],[8.064,49.4531],[8.0664,49.4522],[8.0776,49.4555],[8.0754,49.4586],[8.073,49.4606],[8.069,49.4618],[8.0674,49.4636],[8.0684,49.4646],[8.0663,49.4679],[8.0676,49.472],[8.0666,49.4729],[8.0678,49.4753]]],[[[8.2394,49.4889],[8.2388,49.4921],[8.2451,49.4922],[8.2491,49.494],[8.2529,49.4939],[8.2555,49.4927],[8.2655,49.4967],[8.2706,49.4982],[8.2761,49.499],[8.274,49.5037],[8.2658,49.5028],[8.2641,49.5077],[8.2714,49.5085],[8.2715,49.5104],[8.2702,49.5169],[8.2674,49.5263],[8.266,49.5284],[8.2617,49.528],[8.2579,49.5287],[8.2564,49.5335],[8.239,49.5337],[8.2396,49.5314],[8.2356,49.5303],[8.2307,49.5275],[8.231,49.5257],[8.2254,49.5247],[8.2228,49.5236],[8.2141,49.5236],[8.2067,49.5241],[8.2063,49.5252],[8.1996,49.5242],[8.198,49.5291],[8.1864,49.5271],[8.1815,49.5268],[8.1752,49.5271],[8.1687,49.5261],[8.1664,49.5268],[8.1669,49.5291],[8.1592,49.5312],[8.1525,49.5313],[8.1482,49.5307],[8.1443,49.5283],[8.1397,49.5272],[8.1357,49.5241],[8.1343,49.5223],[8.1316,49.5213],[8.1257,49.5169],[8.1195,49.5108],[8.1119,49.5091],[8.1082,49.5094],[8.1028,49.5073],[8.0991,49.507],[8.0978,49.5042],[8.0928,49.502],[8.0864,49.4971],[8.0821,49.491],[8.0833,49.4883],[8.0822,49.4824],[8.0788,49.4822],[8.0757,49.4785],[8.0725,49.4777],[8.0734,49.4751],[8.0732,49.4706],[8.0723,49.4687],[8.0726,49.4658],[8.0798,49.4633],[8.0883,49.4672],[8.0894,49.471],[8.0924,49.4722],[8.0925,49.4738],[8.0909,49.4768],[8.0906,49.4799],[8.0922,49.4819],[8.0971,49.4842],[8.1041,49.4808],[8.1031,49.4794],[8.1112,49.4761],[8.1107,49.4744],[8.1137,49.4732],[8.116,49.4733],[8.1184,49.4748],[8.1233,49.4723],[8.1291,49.4724],[8.1304,49.4765],[8.1329,49.4788],[8.1375,49.4808],[8.1309,49.4812],[8.1249,49.4789],[8.1235,49.4828],[8.122,49.4847],[8.123,49.4882],[8.13,49.4918],[8.1276,49.4939],[8.1256,49.4977],[8.1284,49.4984],[8.1311,49.4976],[8.1463,49.5024],[8.1651,49.5042],[8.1658,49.5024],[8.1687,49.5008],[8.168,49.4969],[8.1642,49.4958],[8.1643,49.4938],[8.1607,49.4882],[8.1514,49.4853],[8.1457,49.4778],[8.1446,49.4755],[8.149,49.4756],[8.1519,49.4747],[8.1554,49.4754],[8.1598,49.4793],[8.1688,49.4822],[8.1687,49.4833],[8.1743,49.4849],[8.1889,49.4877],[8.19,49.4898],[8.1942,49.4944],[8.2032,49.4949],[8.2055,49.4858],[8.2093,49.4861],[8.2132,49.4804],[8.2186,49.4818],[8.2189,49.4825],[8.2337,49.4856],[8.2386,49.487],[8.2394,49.4889]]]]},"properties":{"id":"073325002","name":"Freinsheim","territoire":"Rhénanie-Palatinat","sigle":"RLP","pays":"Allemagne","cx":8.218,"cy":49.505}},
{"type":"Feature","geometry":{"type":"Polygon","coordinates":[[[7.8405,49.3589],[7.8342,49.3559],[7.834,49.354],[7.832,49.3505],[7.8275,49.3453],[7.8276,49.3423],[7.8246,49.3348],[7.8265,49.3324],[7.8259,49.3292],[7.832,49.3238],[7.8453,49.3299],[7.8446,49.3338],[7.8466,49.3343],[7.8524,49.334],[7.8556,49.3329],[7.8554,49.3287],[7.8577,49.3247],[7.8606,49.3182],[7.8633,49.317],[7.865,49.3141],[7.8677,49.3133],[7.8713,49.3113],[7.8737,49.3113],[7.8813,49.3133],[7.8836,49.3132],[7.8872,49.3117],[7.8931,49.3117],[7.8951,49.3125],[7.9021,49.3135],[7.9064,49.3156],[7.9133,49.3164],[7.9201,49.3153],[7.9244,49.3127],[7.9272,49.3099],[7.9333,49.3098],[7.9367,49.309],[7.9377,49.3105],[7.9372,49.3131],[7.9394,49.315],[7.9393,49.32],[7.9408,49.3209],[7.9478,49.3233],[7.9511,49.3229],[7.9553,49.3242],[7.9588,49.3244],[7.9643,49.3264],[7.9661,49.3287],[7.9698,49.3284],[7.9723,49.3292],[7.9766,49.3324],[7.9815,49.3339],[7.9802,49.3354],[7.9804,49.3399],[7.9841,49.3424],[7.9879,49.3415],[7.9909,49.3391],[7.9933,49.3395],[7.9965,49.3428],[7.9996,49.3438],[8.0087,49.3446],[8.0142,49.3488],[8.0147,49.3522],[8.0195,49.3548],[8.0233,49.3545],[8.0266,49.3567],[8.0282,49.3563],[8.0322,49.3534],[8.0361,49.3524],[8.0399,49.3533],[8.0459,49.3528],[8.0502,49.353],[8.0519,49.355],[8.0589,49.3564],[8.0644,49.3595],[8.0762,49.3628],[8.0807,49.3626],[8.0831,49.3617],[8.0872,49.3613],[8.0907,49.3602],[8.0959,49.3619],[8.0982,49.3638],[8.1035,49.3649],[8.1067,49.3695],[8.0974,49.3724],[8.0957,49.3737],[8.0962,49.377],[8.0982,49.3801],[8.0999,49.3809],[8.1002,49.3845],[8.0986,49.3885],[8.1004,49.3922],[8.0964,49.3932],[8.0888,49.3913],[8.0827,49.3892],[8.0811,49.3871],[8.0799,49.3831],[8.0802,49.3807],[8.0744,49.3791],[8.0664,49.3802],[8.0637,49.3794],[8.0579,49.3788],[8.0536,49.377],[8.0519,49.3784],[8.0522,49.3826],[8.0494,49.3855],[8.0525,49.3863],[8.0619,49.3956],[8.0671,49.3987],[8.0635,49.4027],[8.0598,49.4042],[8.0556,49.4057],[8.0506,49.4065],[8.0464,49.4064],[8.0438,49.4056],[8.037,49.4056],[8.0298,49.4028],[8.0277,49.4001],[8.0235,49.4014],[8.0236,49.4038],[8.0217,49.4059],[8.0165,49.4068],[8.0152,49.4096],[8.0122,49.4114],[8.0071,49.4103],[8.0084,49.4148],[8.0012,49.4185],[8.0015,49.4202],[7.997,49.4207],[7.9972,49.4223],[7.9954,49.4235],[8.0009,49.4289],[7.9975,49.4297],[7.9918,49.4283],[7.9872,49.4263],[7.9865,49.4291],[7.9827,49.4296],[7.9847,49.4276],[7.9805,49.4265],[7.9752,49.4266],[7.9679,49.4241],[7.9637,49.4235],[7.957,49.4207],[7.9549,49.4187],[7.9509,49.4171],[7.9506,49.4131],[7.9519,49.4104],[7.961,49.4009],[7.9634,49.4005],[7.9541,49.3981],[7.9527,49.3967],[7.9521,49.3936],[7.9504,49.3905],[7.9469,49.3888],[7.9427,49.3881],[7.9357,49.3898],[7.9311,49.3915],[7.9231,49.3933],[7.9183,49.3929],[7.9156,49.3921],[7.906,49.3881],[7.9011,49.3826],[7.8963,49.3792],[7.8939,49.3793],[7.8906,49.381],[7.8858,49.3808],[7.8839,49.38],[7.8813,49.3769],[7.879,49.3772],[7.8753,49.3747],[7.8721,49.3744],[7.866,49.3759],[7.8571,49.3735],[7.8524,49.3696],[7.8521,49.3672],[7.8488,49.3622],[7.8473,49.3611],[7.8405,49.3589]]]},"properties":{"id":"073325005","name":"Lambrecht (Pfalz)","territoire":"Rhénanie-Palatinat","sigle":"RLP","pays":"Allemagne","cx":7.938,"cy":49.355}},
{"type":"Feature","geometry":{"type":"Polygon","coordinates":[[[8.0598,49.4042],[8.0635,49.4027],[8.0671,49.3987],[8.0698,49.3981],[8.0837,49.3998],[8.0912,49.4026],[8.1,49.4024],[8.1042,49.4033],[8.1062,49.4052],[8.1096,49.407],[8.1133,49.4103],[8.1206,49.4115],[8.1273,49.4156],[8.132,49.4167],[8.1385,49.4162],[8.1438,49.4196],[8.1468,49.4209],[8.1499,49.4203],[8.1518,49.4218],[8.1577,49.425],[8.1625,49.4259],[8.1657,49.426],[8.174,49.4306],[8.1804,49.4306],[8.1909,49.4331],[8.1908,49.4345],[8.1975,49.4339],[8.2014,49.4378],[8.2063,49.4359],[8.2069,49.4377],[8.2094,49.4373],[8.2095,49.4396],[8.2136,49.4387],[8.2222,49.4382],[8.2312,49.4388],[8.2343,49.4374],[8.2358,49.4396],[8.2466,49.4403],[8.2621,49.4423],[8.2652,49.4455],[8.269,49.4461],[8.2837,49.4469],[8.2804,49.4554],[8.2784,49.4568],[8.2759,49.4568],[8.2751,49.4589],[8.2774,49.4591],[8.2754,49.4674],[8.2712,49.4788],[8.2638,49.4792],[8.2601,49.4788],[8.2544,49.4775],[8.2468,49.4751],[8.2364,49.4722],[8.234,49.4688],[8.2213,49.4645],[8.2219,49.4589],[8.2152,49.4593],[8.2076,49.4584],[8.2061,49.4612],[8.1886,49.4584],[8.1889,49.4551],[8.1812,49.4542],[8.1819,49.4527],[8.1716,49.4518],[8.1669,49.4502],[8.1663,49.4493],[8.1543,49.4457],[8.1493,49.4456],[8.1405,49.4466],[8.1337,49.4459],[8.1283,49.4438],[8.126,49.4419],[8.1256,49.4383],[8.1224,49.4343],[8.1192,49.4322],[8.1123,49.4299],[8.1096,49.425],[8.1065,49.4222],[8.1023,49.4202],[8.1004,49.4185],[8.0946,49.4173],[8.0853,49.4184],[8.0799,49.4177],[8.076,49.4155],[8.0738,49.4134],[8.0719,49.4132],[8.0679,49.4112],[8.0643,49.4059],[8.0598,49.4042]]]},"properties":{"id":"073325006","name":"Wachenheim a.d. Weinstr.","territoire":"Rhénanie-Palatinat","sigle":"RLP","pays":"Allemagne","cx":8.243,"cy":49.456}},
{"type":"Feature","geometry":{"type":"Polygon","coordinates":[[[8.2562,49.5913],[8.2535,49.5918],[8.2503,49.591],[8.2411,49.59],[8.233,49.5881],[8.2308,49.5915],[8.2293,49.5912],[8.2236,49.5986],[8.2289,49.6006],[8.2252,49.604],[8.223,49.6034],[8.2189,49.61],[8.2118,49.6107],[8.209,49.6124],[8.2069,49.6161],[8.2065,49.6212],[8.2005,49.621],[8.1976,49.6225],[8.1974,49.6243],[8.1924,49.6242],[8.1914,49.6276],[8.1837,49.6275],[8.1833,49.6289],[8.1794,49.6277],[8.1753,49.6273],[8.1671,49.6253],[8.1641,49.6239],[8.1609,49.6243],[8.1541,49.623],[8.1524,49.6269],[8.1459,49.6247],[8.1472,49.6205],[8.1437,49.6208],[8.1406,49.6197],[8.1419,49.6184],[8.1386,49.6163],[8.129,49.6134],[8.1261,49.6123],[8.1279,49.6102],[8.1156,49.6047],[8.1181,49.6033],[8.1235,49.5971],[8.1118,49.5921],[8.1134,49.5899],[8.115,49.5846],[8.1086,49.583],[8.1033,49.5802],[8.1027,49.5791],[8.0991,49.5781],[8.0895,49.5764],[8.0903,49.5738],[8.0929,49.5741],[8.0924,49.5706],[8.0938,49.5706],[8.0936,49.5673],[8.0865,49.5674],[8.0943,49.561],[8.1014,49.554],[8.0956,49.551],[8.0866,49.5475],[8.0824,49.5465],[8.0768,49.5443],[8.0752,49.5456],[8.0631,49.5427],[8.0638,49.5414],[8.0555,49.5383],[8.0507,49.5346],[8.0466,49.5301],[8.0444,49.5234],[8.037,49.5205],[8.0387,49.5174],[8.0329,49.5156],[8.0304,49.5183],[8.0259,49.5167],[8.0211,49.5137],[8.0147,49.5073],[8.0145,49.5024],[8.0081,49.498],[7.999,49.497],[7.9949,49.4943],[7.9901,49.4928],[7.9824,49.4928],[7.9729,49.4934],[7.9708,49.4893],[7.9641,49.4896],[7.9552,49.4885],[7.9496,49.4857],[7.9523,49.4837],[7.9512,49.4786],[7.9523,49.4741],[7.9622,49.4749],[7.9748,49.4798],[7.9812,49.4805],[7.9925,49.4859],[7.9951,49.4861],[8.0043,49.4758],[8.0058,49.4722],[8.0099,49.4705],[8.0104,49.4679],[8.0131,49.467],[8.0165,49.464],[8.0191,49.4635],[8.0213,49.4633],[8.0315,49.4725],[8.0379,49.4721],[8.0439,49.4737],[8.0469,49.4738],[8.0531,49.476],[8.0528,49.4774],[8.0574,49.4773],[8.0617,49.4765],[8.0681,49.4766],[8.0678,49.4753],[8.0725,49.4777],[8.0757,49.4785],[8.0788,49.4822],[8.0822,49.4824],[8.0833,49.4883],[8.0821,49.491],[8.0864,49.4971],[8.0928,49.502],[8.0978,49.5042],[8.0991,49.507],[8.1028,49.5073],[8.1082,49.5094],[8.1119,49.5091],[8.1195,49.5108],[8.1257,49.5169],[8.1316,49.5213],[8.1343,49.5223],[8.1357,49.5241],[8.1397,49.5272],[8.1443,49.5283],[8.1482,49.5307],[8.1525,49.5313],[8.1592,49.5312],[8.1669,49.5291],[8.1664,49.5268],[8.1687,49.5261],[8.1752,49.5271],[8.1815,49.5268],[8.1864,49.5271],[8.198,49.5291],[8.1996,49.5242],[8.2063,49.5252],[8.2067,49.5241],[8.2141,49.5236],[8.2228,49.5236],[8.2254,49.5247],[8.231,49.5257],[8.2307,49.5275],[8.2356,49.5303],[8.2396,49.5314],[8.239,49.5337],[8.2564,49.5335],[8.2562,49.5362],[8.2678,49.5371],[8.2768,49.5399],[8.2758,49.5414],[8.2817,49.5428],[8.2807,49.5447],[8.2806,49.5493],[8.2842,49.5503],[8.2825,49.558],[8.2815,49.5606],[8.2792,49.5628],[8.2806,49.5656],[8.2793,49.5739],[8.2808,49.5795],[8.281,49.5868],[8.2774,49.5878],[8.268,49.5864],[8.2639,49.5867],[8.2633,49.5888],[8.2571,49.5883],[8.2562,49.5913]],[[8.0483,49.4994],[8.0521,49.4998],[8.0494,49.491],[8.0431,49.4894],[8.0377,49.4917],[8.0441,49.498],[8.0483,49.4994]],[[8.1688,49.5518],[8.1714,49.5458],[8.1584,49.5435],[8.152,49.5437],[8.1487,49.5443],[8.1492,49.5508],[8.1408,49.5512],[8.1412,49.5542],[8.1389,49.5566],[8.1352,49.5557],[8.127,49.5518],[8.1233,49.5549],[8.1223,49.5603],[8.1214,49.5612],[8.1264,49.5637],[8.1424,49.5654],[8.1447,49.5661],[8.1442,49.5678],[8.1465,49.5683],[8.1468,49.571],[8.1438,49.5737],[8.1439,49.5769],[8.1449,49.5792],[8.1406,49.5816],[8.1398,49.5842],[8.1402,49.5911],[8.1498,49.5931],[8.1564,49.5963],[8.1643,49.5837],[8.1684,49.5848],[8.1682,49.5829],[8.1707,49.5754],[8.173,49.5735],[8.1779,49.5721],[8.1818,49.5739],[8.1831,49.5726],[8.1967,49.5733],[8.2006,49.557],[8.1875,49.5553],[8.1806,49.5556],[8.1744,49.5543],[8.1688,49.5518]]]},"properties":{"id":"073325007","name":"Leiningerland","territoire":"Rhénanie-Palatinat","sigle":"RLP","pays":"Allemagne","cx":8.226,"cy":49.556}},
{"type":"Feature","geometry":{"type":"Polygon","coordinates":[[[8.0895,49.5764],[8.0865,49.5759],[8.0852,49.5805],[8.0837,49.5801],[8.0794,49.5881],[8.0719,49.5867],[8.0709,49.5877],[8.0672,49.5864],[8.0665,49.5878],[8.0606,49.5863],[8.0494,49.5849],[8.041,49.5812],[8.0389,49.5791],[8.0335,49.5761],[8.0286,49.5744],[8.015,49.571],[8.007,49.5697],[8.0038,49.573],[7.9967,49.5691],[7.9973,49.5683],[7.993,49.5667],[7.9901,49.5694],[7.9881,49.5689],[7.989,49.5665],[7.9803,49.5634],[7.9794,49.5664],[7.9761,49.5684],[7.9725,49.5677],[7.9722,49.5655],[7.9706,49.5626],[7.9681,49.5615],[7.9688,49.5593],[7.9663,49.5589],[7.9667,49.5572],[7.9708,49.5581],[7.9738,49.5534],[7.9732,49.5514],[7.9627,49.546],[7.9594,49.5431],[7.9589,49.5381],[7.9599,49.5353],[7.9578,49.5329],[7.9605,49.5323],[7.9575,49.5297],[7.9571,49.5266],[7.9514,49.5222],[7.9498,49.5188],[7.951,49.5143],[7.9524,49.5127],[7.957,49.5095],[7.9574,49.5043],[7.9552,49.5009],[7.9582,49.4986],[7.9556,49.4958],[7.9566,49.493],[7.9605,49.4922],[7.9641,49.4896],[7.9708,49.4893],[7.9729,49.4934],[7.9824,49.4928],[7.9901,49.4928],[7.9949,49.4943],[7.999,49.497],[8.0081,49.498],[8.0145,49.5024],[8.0147,49.5073],[8.0211,49.5137],[8.0259,49.5167],[8.0304,49.5183],[8.0329,49.5156],[8.0387,49.5174],[8.037,49.5205],[8.0444,49.5234],[8.0466,49.5301],[8.0507,49.5346],[8.0555,49.5383],[8.0638,49.5414],[8.0631,49.5427],[8.0752,49.5456],[8.0768,49.5443],[8.0824,49.5465],[8.0866,49.5475],[8.0956,49.551],[8.1014,49.554],[8.0943,49.561],[8.0865,49.5674],[8.0936,49.5673],[8.0938,49.5706],[8.0924,49.5706],[8.0929,49.5741],[8.0903,49.5738],[8.0895,49.5764]]]},"properties":{"id":"073335002","name":"Eisenberg (Pfalz)","territoire":"Rhénanie-Palatinat","sigle":"RLP","pays":"Allemagne","cx":8.017,"cy":49.543}},
{"type":"Feature","geometry":{"type":"Polygon","coordinates":[[[8.1209,49.6707],[8.1222,49.6683],[8.1077,49.6647],[8.1069,49.6655],[8.0974,49.6648],[8.0966,49.6661],[8.092,49.6667],[8.0922,49.6643],[8.0874,49.6629],[8.0894,49.6584],[8.0868,49.6578],[8.0865,49.653],[8.0796,49.653],[8.0793,49.6514],[8.0724,49.6494],[8.0689,49.6488],[8.0626,49.6496],[8.0489,49.6454],[8.0548,49.6398],[8.0526,49.639],[8.0546,49.6364],[8.0573,49.6366],[8.0583,49.6304],[8.0599,49.6306],[8.0635,49.6252],[8.0578,49.6235],[8.058,49.6205],[8.0634,49.6108],[8.0679,49.6064],[8.0624,49.605],[8.0609,49.6066],[8.0487,49.6049],[8.0365,49.6025],[8.0362,49.6051],[8.0347,49.6091],[8.0313,49.6097],[8.0259,49.614],[8.0216,49.6155],[8.0207,49.6146],[8.0152,49.616],[8.0141,49.6197],[8.012,49.621],[8.0095,49.6241],[7.9882,49.6201],[7.9781,49.6188],[7.972,49.6138],[7.9661,49.6101],[7.9548,49.6085],[7.9512,49.6072],[7.9546,49.6071],[7.9648,49.6084],[7.967,49.6091],[7.9739,49.6089],[7.9768,49.608],[7.9738,49.6025],[7.971,49.6026],[7.9712,49.5984],[7.9685,49.5964],[7.972,49.5934],[7.9743,49.5899],[7.9747,49.586],[7.979,49.5842],[7.9759,49.5827],[7.9743,49.5832],[7.9689,49.576],[7.9684,49.5739],[7.9724,49.5719],[7.9696,49.5684],[7.9725,49.5677],[7.9761,49.5684],[7.9794,49.5664],[7.9803,49.5634],[7.989,49.5665],[7.9881,49.5689],[7.9901,49.5694],[7.993,49.5667],[7.9973,49.5683],[7.9967,49.5691],[8.0038,49.573],[8.007,49.5697],[8.015,49.571],[8.0286,49.5744],[8.0335,49.5761],[8.0389,49.5791],[8.041,49.5812],[8.0494,49.5849],[8.0606,49.5863],[8.0665,49.5878],[8.0672,49.5864],[8.0709,49.5877],[8.0719,49.5867],[8.0794,49.5881],[8.0837,49.5801],[8.0852,49.5805],[8.0865,49.5759],[8.0895,49.5764],[8.0991,49.5781],[8.1027,49.5791],[8.1033,49.5802],[8.1086,49.583],[8.115,49.5846],[8.1134,49.5899],[8.1118,49.5921],[8.1235,49.5971],[8.1181,49.6033],[8.1156,49.6047],[8.1279,49.6102],[8.1261,49.6123],[8.129,49.6134],[8.1386,49.6163],[8.1419,49.6184],[8.1406,49.6197],[8.1437,49.6208],[8.1472,49.6205],[8.1459,49.6247],[8.1524,49.6269],[8.1529,49.6301],[8.1564,49.6389],[8.1576,49.6411],[8.161,49.6406],[8.161,49.643],[8.1583,49.6445],[8.1552,49.6445],[8.1564,49.6475],[8.1582,49.6473],[8.1564,49.6547],[8.1545,49.6581],[8.152,49.6576],[8.1502,49.6612],[8.1457,49.661],[8.1324,49.6735],[8.1209,49.6707]]]},"properties":{"id":"073335003","name":"Göllheim","territoire":"Rhénanie-Palatinat","sigle":"RLP","pays":"Allemagne","cx":8.09,"cy":49.621}},
{"type":"Feature","geometry":{"type":"Polygon","coordinates":[[[7.9535,49.7305],[7.946,49.7293],[7.9414,49.7313],[7.944,49.7365],[7.9426,49.7386],[7.9361,49.7351],[7.9354,49.7386],[7.9399,49.7418],[7.9487,49.7459],[7.9505,49.7475],[7.9485,49.7492],[7.9486,49.7558],[7.9408,49.7546],[7.9374,49.7536],[7.9288,49.7491],[7.9216,49.7426],[7.919,49.742],[7.9175,49.7433],[7.9151,49.7419],[7.9112,49.7377],[7.9153,49.7352],[7.9087,49.7298],[7.9104,49.7282],[7.9147,49.7261],[7.909,49.723],[7.9093,49.7209],[7.9043,49.7197],[7.9047,49.7188],[7.8998,49.7178],[7.9023,49.7159],[7.9,49.7131],[7.8961,49.7123],[7.8925,49.713],[7.8921,49.7098],[7.896,49.7098],[7.8955,49.707],[7.9001,49.7072],[7.9006,49.706],[7.8975,49.7025],[7.8984,49.7009],[7.8932,49.6972],[7.8962,49.6949],[7.8993,49.6935],[7.902,49.694],[7.904,49.6959],[7.9067,49.6959],[7.908,49.6941],[7.9084,49.6857],[7.9067,49.6814],[7.9028,49.6792],[7.8945,49.6784],[7.8895,49.6741],[7.8929,49.6724],[7.8913,49.6703],[7.8978,49.6674],[7.9075,49.6646],[7.9115,49.6637],[7.9157,49.661],[7.9202,49.6599],[7.9237,49.6604],[7.9298,49.6629],[7.9389,49.6648],[7.9457,49.6652],[7.9444,49.6621],[7.9368,49.6579],[7.9227,49.6564],[7.9186,49.6548],[7.9127,49.6548],[7.9091,49.6531],[7.9112,49.6502],[7.9131,49.6491],[7.9096,49.6463],[7.9105,49.6425],[7.9102,49.6406],[7.9056,49.6397],[7.8988,49.6373],[7.8986,49.6359],[7.8926,49.632],[7.891,49.6299],[7.8919,49.6208],[7.8952,49.6179],[7.8997,49.6162],[7.9031,49.6162],[7.9045,49.6177],[7.9072,49.6169],[7.9105,49.614],[7.9141,49.6147],[7.9177,49.6128],[7.9211,49.6122],[7.9247,49.6099],[7.9278,49.6098],[7.9315,49.6083],[7.9355,49.6057],[7.9397,49.6061],[7.9435,49.6057],[7.9473,49.6071],[7.9485,49.6091],[7.9512,49.6072],[7.9548,49.6085],[7.9661,49.6101],[7.972,49.6138],[7.9781,49.6188],[7.9882,49.6201],[8.0095,49.6241],[8.012,49.621],[8.0141,49.6197],[8.0152,49.616],[8.0207,49.6146],[8.0216,49.6155],[8.0259,49.614],[8.0313,49.6097],[8.0347,49.6091],[8.0362,49.6051],[8.0365,49.6025],[8.0487,49.6049],[8.0609,49.6066],[8.0624,49.605],[8.0679,49.6064],[8.0634,49.6108],[8.058,49.6205],[8.0578,49.6235],[8.0635,49.6252],[8.0599,49.6306],[8.0583,49.6304],[8.0573,49.6366],[8.0546,49.6364],[8.0526,49.639],[8.0548,49.6398],[8.0489,49.6454],[8.0626,49.6496],[8.0689,49.6488],[8.0724,49.6494],[8.0793,49.6514],[8.0796,49.653],[8.0865,49.653],[8.0868,49.6578],[8.0894,49.6584],[8.0874,49.6629],[8.0922,49.6643],[8.092,49.6667],[8.0966,49.6661],[8.0974,49.6648],[8.1069,49.6655],[8.1077,49.6647],[8.1222,49.6683],[8.1209,49.6707],[8.1172,49.6783],[8.1193,49.6793],[8.1185,49.6812],[8.111,49.6783],[8.1103,49.6817],[8.1085,49.6857],[8.1038,49.6929],[8.1056,49.6934],[8.1024,49.6983],[8.0981,49.6976],[8.0906,49.6952],[8.0896,49.6966],[8.0852,49.6955],[8.0847,49.6966],[8.0808,49.6969],[8.0765,49.6964],[8.0759,49.6984],[8.0593,49.6951],[8.0574,49.6993],[8.0507,49.7028],[8.0479,49.7021],[8.0452,49.7052],[8.0396,49.7034],[8.0383,49.7057],[8.034,49.7075],[8.0304,49.7067],[8.028,49.7079],[8.0191,49.7083],[8.0185,49.7109],[8.0119,49.7076],[8.0089,49.7069],[8.0029,49.7035],[7.9967,49.7005],[7.9945,49.6989],[7.9905,49.6983],[7.9862,49.6968],[7.9767,49.6978],[7.9732,49.6977],[7.969,49.6995],[7.9603,49.7017],[7.9611,49.7081],[7.9652,49.7119],[7.9622,49.7142],[7.9645,49.717],[7.9667,49.718],[7.9701,49.7164],[7.9688,49.7225],[7.9645,49.7276],[7.9555,49.7293],[7.9535,49.7305]]]},"properties":{"id":"073335004","name":"Kirchheimbolanden","territoire":"Rhénanie-Palatinat","sigle":"RLP","pays":"Allemagne","cx":7.988,"cy":49.661}},
{"type":"Feature","geometry":{"type":"Polygon","coordinates":[[[7.9725,49.5677],[7.9696,49.5684],[7.9724,49.5719],[7.9684,49.5739],[7.9689,49.576],[7.9743,49.5832],[7.9759,49.5827],[7.979,49.5842],[7.9747,49.586],[7.9743,49.5899],[7.972,49.5934],[7.9685,49.5964],[7.9712,49.5984],[7.971,49.6026],[7.9738,49.6025],[7.9768,49.608],[7.9739,49.6089],[7.967,49.6091],[7.9648,49.6084],[7.9546,49.6071],[7.9512,49.6072],[7.9485,49.6091],[7.9473,49.6071],[7.9435,49.6057],[7.9429,49.604],[7.9376,49.603],[7.9327,49.6029],[7.93,49.6047],[7.9242,49.6062],[7.9119,49.611],[7.9063,49.6089],[7.91,49.6035],[7.9049,49.6031],[7.9024,49.6021],[7.8996,49.6033],[7.8935,49.6021],[7.8946,49.6068],[7.8848,49.6099],[7.8822,49.6132],[7.8815,49.6153],[7.883,49.6176],[7.8876,49.6222],[7.8862,49.6248],[7.8816,49.6269],[7.8829,49.6287],[7.8806,49.6308],[7.8781,49.6295],[7.8749,49.6291],[7.8718,49.6265],[7.8639,49.6274],[7.8665,49.625],[7.8671,49.6197],[7.8643,49.6159],[7.8518,49.6066],[7.8409,49.6027],[7.8366,49.6024],[7.8317,49.5982],[7.8267,49.5949],[7.8247,49.5953],[7.8213,49.5935],[7.821,49.5897],[7.8186,49.5886],[7.8135,49.5885],[7.808,49.5842],[7.8087,49.5829],[7.8048,49.5801],[7.7979,49.5745],[7.7958,49.5719],[7.7956,49.5665],[7.7815,49.5615],[7.7828,49.5592],[7.7809,49.5577],[7.7759,49.5553],[7.7699,49.5516],[7.7685,49.5478],[7.7638,49.5452],[7.7631,49.5439],[7.7674,49.5417],[7.7713,49.5363],[7.7723,49.5325],[7.7747,49.5326],[7.7761,49.5352],[7.7791,49.5347],[7.7817,49.5365],[7.7903,49.5382],[7.7931,49.5352],[7.7959,49.5354],[7.8003,49.5374],[7.8036,49.5371],[7.8056,49.5382],[7.8084,49.5364],[7.8101,49.5342],[7.8173,49.5353],[7.825,49.5312],[7.8264,49.5309],[7.8347,49.5307],[7.8346,49.5287],[7.8416,49.5262],[7.8405,49.5251],[7.8421,49.5227],[7.8341,49.5196],[7.8336,49.5133],[7.8408,49.5138],[7.8593,49.5223],[7.863,49.5227],[7.8719,49.5215],[7.8794,49.5247],[7.8853,49.5284],[7.8892,49.5298],[7.8916,49.5297],[7.8939,49.527],[7.8978,49.5281],[7.8987,49.531],[7.9049,49.5337],[7.9155,49.5346],[7.9314,49.5315],[7.9388,49.5304],[7.9407,49.5288],[7.9484,49.5281],[7.9578,49.5329],[7.9599,49.5353],[7.9589,49.5381],[7.9594,49.5431],[7.9627,49.546],[7.9732,49.5514],[7.9738,49.5534],[7.9708,49.5581],[7.9667,49.5572],[7.9663,49.5589],[7.9688,49.5593],[7.9681,49.5615],[7.9706,49.5626],[7.9722,49.5655],[7.9725,49.5677]]]},"properties":{"id":"073335006","name":"Winnweiler","territoire":"Rhénanie-Palatinat","sigle":"RLP","pays":"Allemagne","cx":7.878,"cy":49.567}},
{"type":"Feature","geometry":{"type":"Polygon","coordinates":[[[7.7662,49.7641],[7.7642,49.7623],[7.7599,49.7606],[7.7578,49.7589],[7.7609,49.7532],[7.7629,49.7514],[7.7652,49.7476],[7.7669,49.7464],[7.7665,49.7444],[7.7641,49.7435],[7.7605,49.7415],[7.7535,49.7361],[7.7508,49.7367],[7.7488,49.7329],[7.7399,49.7286],[7.7393,49.7275],[7.7303,49.7221],[7.7288,49.7234],[7.7244,49.7207],[7.7266,49.7202],[7.7237,49.7173],[7.7227,49.7142],[7.724,49.7123],[7.7281,49.7096],[7.732,49.7009],[7.7332,49.7011],[7.7352,49.6974],[7.7329,49.6964],[7.7298,49.6935],[7.7256,49.6879],[7.7199,49.6832],[7.7194,49.6811],[7.7225,49.6764],[7.7211,49.6717],[7.7165,49.6684],[7.7125,49.6667],[7.711,49.6654],[7.7098,49.6607],[7.7085,49.6582],[7.6991,49.6575],[7.7033,49.6525],[7.7076,49.6525],[7.7082,49.6509],[7.7112,49.6478],[7.7155,49.6464],[7.7206,49.6463],[7.722,49.648],[7.7255,49.6495],[7.7279,49.6439],[7.7275,49.6411],[7.7188,49.6393],[7.7161,49.6371],[7.7169,49.6336],[7.7193,49.6324],[7.723,49.6278],[7.7193,49.6271],[7.7188,49.6253],[7.7141,49.6247],[7.7073,49.6246],[7.6996,49.6221],[7.6969,49.62],[7.6983,49.6163],[7.7008,49.6139],[7.7055,49.6118],[7.7043,49.6096],[7.7059,49.6087],[7.7001,49.6032],[7.7061,49.6017],[7.705,49.5967],[7.7018,49.594],[7.6976,49.5919],[7.6963,49.5887],[7.7036,49.5907],[7.7102,49.5892],[7.7126,49.5904],[7.7194,49.5904],[7.7234,49.5878],[7.7268,49.5866],[7.7315,49.5887],[7.7351,49.5862],[7.7387,49.5924],[7.7428,49.5944],[7.7448,49.5971],[7.7478,49.5948],[7.743,49.5924],[7.7416,49.5904],[7.7396,49.5854],[7.7397,49.5813],[7.7408,49.5795],[7.7449,49.5763],[7.7469,49.5739],[7.7515,49.5761],[7.7535,49.5755],[7.7554,49.5729],[7.7526,49.5727],[7.7525,49.571],[7.7586,49.5698],[7.7609,49.5686],[7.766,49.5693],[7.7682,49.5654],[7.7721,49.5652],[7.7763,49.5664],[7.7815,49.5615],[7.7956,49.5665],[7.7958,49.5719],[7.7979,49.5745],[7.8048,49.5801],[7.8087,49.5829],[7.808,49.5842],[7.8135,49.5885],[7.8186,49.5886],[7.821,49.5897],[7.8213,49.5935],[7.8247,49.5953],[7.8267,49.5949],[7.8317,49.5982],[7.8366,49.6024],[7.8409,49.6027],[7.8518,49.6066],[7.8643,49.6159],[7.8671,49.6197],[7.8665,49.625],[7.8639,49.6274],[7.8718,49.6265],[7.8749,49.6291],[7.8781,49.6295],[7.8806,49.6308],[7.8829,49.6287],[7.8816,49.6269],[7.8862,49.6248],[7.8876,49.6222],[7.883,49.6176],[7.8815,49.6153],[7.8822,49.6132],[7.8848,49.6099],[7.8946,49.6068],[7.8935,49.6021],[7.8996,49.6033],[7.9024,49.6021],[7.9049,49.6031],[7.91,49.6035],[7.9063,49.6089],[7.9119,49.611],[7.9242,49.6062],[7.93,49.6047],[7.9327,49.6029],[7.9376,49.603],[7.9429,49.604],[7.9435,49.6057],[7.9397,49.6061],[7.9355,49.6057],[7.9315,49.6083],[7.9278,49.6098],[7.9247,49.6099],[7.9211,49.6122],[7.9177,49.6128],[7.9141,49.6147],[7.9105,49.614],[7.9072,49.6169],[7.9045,49.6177],[7.9031,49.6162],[7.8997,49.6162],[7.8952,49.6179],[7.8919,49.6208],[7.891,49.6299],[7.8926,49.632],[7.8986,49.6359],[7.8988,49.6373],[7.9056,49.6397],[7.9102,49.6406],[7.9105,49.6425],[7.9096,49.6463],[7.9131,49.6491],[7.9112,49.6502],[7.9091,49.6531],[7.9127,49.6548],[7.9186,49.6548],[7.9227,49.6564],[7.9368,49.6579],[7.9444,49.6621],[7.9457,49.6652],[7.9389,49.6648],[7.9298,49.6629],[7.9237,49.6604],[7.9202,49.6599],[7.9157,49.661],[7.9115,49.6637],[7.9075,49.6646],[7.8978,49.6674],[7.8913,49.6703],[7.8929,49.6724],[7.8895,49.6741],[7.8945,49.6784],[7.9028,49.6792],[7.9067,49.6814],[7.9084,49.6857],[7.908,49.6941],[7.9067,49.6959],[7.904,49.6959],[7.902,49.694],[7.8993,49.6935],[7.8962,49.6949],[7.8932,49.6972],[7.8984,49.7009],[7.8975,49.7025],[7.9006,49.706],[7.9001,49.7072],[7.8955,49.707],[7.896,49.7098],[7.8921,49.7098],[7.8925,49.713],[7.8961,49.7123],[7.9,49.7131],[7.9023,49.7159],[7.8998,49.7178],[7.9047,49.7188],[7.9043,49.7197],[7.9093,49.7209],[7.909,49.723],[7.9147,49.7261],[7.9104,49.7282],[7.9087,49.7298],[7.9153,49.7352],[7.9112,49.7377],[7.9151,49.7419],[7.9175,49.7433],[7.9124,49.7465],[7.9055,49.7493],[7.9054,49.7523],[7.9016,49.7526],[7.8977,49.7573],[7.8971,49.7589],[7.8998,49.7612],[7.8979,49.762],[7.8959,49.7606],[7.8873,49.758],[7.8823,49.758],[7.874,49.7571],[7.8701,49.756],[7.8679,49.7571],[7.8667,49.7599],[7.864,49.7627],[7.8619,49.7658],[7.8578,49.7653],[7.8565,49.7641],[7.852,49.7623],[7.8438,49.7622],[7.8396,49.7603],[7.8386,49.7563],[7.8361,49.7566],[7.8309,49.756],[7.8281,49.755],[7.8242,49.7519],[7.8041,49.7576],[7.7989,49.7583],[7.7968,49.757],[7.7976,49.7537],[7.79,49.7534],[7.788,49.7556],[7.7852,49.7527],[7.7804,49.7512],[7.7798,49.7535],[7.7744,49.7525],[7.7737,49.7575],[7.7767,49.7566],[7.7723,49.7643],[7.7684,49.7631],[7.7662,49.7641]]]},"properties":{"id":"073335007","name":"Nordpfälzer Land","territoire":"Rhénanie-Palatinat","sigle":"RLP","pays":"Allemagne","cx":7.81,"cy":49.669}},
{"type":"Feature","geometry":{"type":"Polygon","coordinates":[[[8.3398,49.2036],[8.3362,49.2052],[8.3329,49.2046],[8.3278,49.2048],[8.3241,49.206],[8.3211,49.2055],[8.3122,49.2093],[8.3084,49.2097],[8.306,49.2093],[8.301,49.2096],[8.2958,49.2111],[8.2951,49.2121],[8.2901,49.2125],[8.2869,49.211],[8.2842,49.2193],[8.2775,49.2206],[8.2693,49.2212],[8.2666,49.2219],[8.2659,49.2248],[8.2631,49.2279],[8.2628,49.2296],[8.2578,49.2307],[8.2571,49.2367],[8.2576,49.2382],[8.2524,49.2371],[8.2499,49.2399],[8.2462,49.2518],[8.245,49.2543],[8.24,49.2578],[8.2423,49.2583],[8.2412,49.2614],[8.2318,49.2603],[8.2337,49.254],[8.2359,49.249],[8.2342,49.2488],[8.2371,49.245],[8.2357,49.2443],[8.236,49.2418],[8.2331,49.2403],[8.2343,49.2352],[8.2368,49.2352],[8.2387,49.2317],[8.2368,49.2271],[8.238,49.2223],[8.2385,49.2173],[8.2359,49.2171],[8.2359,49.213],[8.2378,49.2129],[8.2374,49.2105],[8.2343,49.2103],[8.2314,49.2113],[8.2291,49.2107],[8.2259,49.2118],[8.2227,49.2116],[8.2159,49.2093],[8.2185,49.2016],[8.2168,49.2015],[8.218,49.1965],[8.2151,49.1961],[8.2167,49.175],[8.2163,49.1711],[8.2285,49.1724],[8.2295,49.1699],[8.2343,49.1718],[8.2407,49.1711],[8.241,49.1704],[8.248,49.171],[8.2561,49.1727],[8.2568,49.1702],[8.2602,49.1709],[8.2595,49.173],[8.262,49.1733],[8.2626,49.1714],[8.2689,49.1726],[8.2952,49.1753],[8.3061,49.1741],[8.3097,49.182],[8.3124,49.187],[8.3186,49.184],[8.3252,49.1862],[8.3289,49.1858],[8.3351,49.1862],[8.3416,49.1857],[8.3429,49.1916],[8.3451,49.196],[8.3499,49.2012],[8.3483,49.2028],[8.3448,49.2018],[8.3434,49.2032],[8.3398,49.2036]]]},"properties":{"id":"073345001","name":"Bellheim","territoire":"Rhénanie-Palatinat","sigle":"RLP","pays":"Allemagne","cx":8.268,"cy":49.199}},
{"type":"Feature","geometry":{"type":"Polygon","coordinates":[[[8.0691,49.0007],[8.0684,48.9993],[8.0701,48.9963],[8.0725,48.9965],[8.0748,48.9954],[8.0777,48.9952],[8.0798,48.9938],[8.0855,48.9932],[8.0885,48.9906],[8.0918,48.9893],[8.1011,48.9899],[8.1091,48.9873],[8.1153,48.9869],[8.1254,48.9847],[8.1286,48.9825],[8.1304,48.9832],[8.1329,48.9812],[8.1347,48.9815],[8.1365,48.9796],[8.1442,48.9786],[8.1469,48.9777],[8.1535,48.9771],[8.1573,48.9784],[8.1589,48.9777],[8.1661,48.9778],[8.1708,48.9766],[8.1706,48.979],[8.177,48.9788],[8.1806,48.9776],[8.1847,48.9785],[8.1871,48.977],[8.1903,48.9765],[8.1944,48.9771],[8.1962,48.9732],[8.1974,48.972],[8.1955,48.9689],[8.1993,48.9669],[8.2036,48.9695],[8.2078,48.9701],[8.209,48.9717],[8.2151,48.9752],[8.2226,48.9759],[8.2251,48.9751],[8.2282,48.9722],[8.2294,48.9692],[8.2326,48.9666],[8.2392,48.9693],[8.2613,48.9809],[8.2773,48.9899],[8.2842,48.995],[8.2876,48.9984],[8.2915,49.0036],[8.2865,49.0066],[8.2854,49.0059],[8.2815,49.0078],[8.2766,49.0146],[8.2766,49.0187],[8.2715,49.0243],[8.2675,49.028],[8.2659,49.0289],[8.2606,49.0291],[8.2594,49.031],[8.2561,49.0318],[8.2582,49.0336],[8.2507,49.035],[8.2483,49.0395],[8.2445,49.0404],[8.2423,49.0396],[8.2397,49.0374],[8.2387,49.0353],[8.2357,49.0346],[8.2323,49.0326],[8.2314,49.0291],[8.2282,49.0278],[8.2291,49.0265],[8.2247,49.0258],[8.224,49.0232],[8.2261,49.0226],[8.2247,49.0206],[8.2255,49.0176],[8.2248,49.016],[8.2276,49.0154],[8.2325,49.0165],[8.234,49.0147],[8.2302,49.0115],[8.2295,49.0097],[8.2311,49.0082],[8.2257,49.0079],[8.2218,49.0069],[8.2206,49.0043],[8.2206,49.0017],[8.2227,49.0017],[8.218,48.9976],[8.2147,48.9973],[8.2154,48.9952],[8.2179,48.9947],[8.2165,48.9921],[8.2133,48.9918],[8.21,48.9926],[8.204,48.9914],[8.1921,48.9846],[8.1879,48.9854],[8.1742,48.9825],[8.1704,48.9825],[8.1671,48.9839],[8.1621,48.9814],[8.1604,48.9795],[8.1561,48.9792],[8.152,48.9798],[8.1532,48.982],[8.145,48.9852],[8.1414,48.984],[8.1371,48.9844],[8.137,48.9879],[8.1299,48.9855],[8.1268,48.9878],[8.1057,48.993],[8.0956,48.9931],[8.0753,48.9996],[8.0724,48.9997],[8.0691,49.0007]]]},"properties":{"id":"073345002","name":"Hagenbach","territoire":"Rhénanie-Palatinat","sigle":"RLP","pays":"Allemagne","cx":8.25,"cy":48.999}},
{"type":"Feature","geometry":{"type":"Polygon","coordinates":[[[8.3505,49.0889],[8.3546,49.0931],[8.3581,49.0978],[8.3596,49.1013],[8.3571,49.1017],[8.3527,49.1042],[8.3512,49.1063],[8.3491,49.1053],[8.3475,49.1069],[8.3444,49.1077],[8.3414,49.1099],[8.339,49.1125],[8.3309,49.1149],[8.3261,49.1184],[8.3208,49.1196],[8.3204,49.121],[8.3166,49.1201],[8.3156,49.1228],[8.3153,49.1285],[8.3088,49.1318],[8.3064,49.1307],[8.2999,49.1306],[8.2937,49.1321],[8.2912,49.1346],[8.2893,49.1328],[8.2847,49.1325],[8.2782,49.1261],[8.2771,49.1236],[8.2737,49.1236],[8.2721,49.1204],[8.2635,49.126],[8.2565,49.1248],[8.2554,49.1277],[8.2531,49.1278],[8.2481,49.1265],[8.2381,49.1255],[8.2301,49.124],[8.2256,49.1274],[8.2238,49.1271],[8.2249,49.1239],[8.225,49.1197],[8.2227,49.12],[8.2226,49.1176],[8.2188,49.1182],[8.2175,49.116],[8.2099,49.1166],[8.2108,49.1118],[8.2106,49.1091],[8.2163,49.1055],[8.2209,49.1064],[8.2241,49.1055],[8.2307,49.1056],[8.2351,49.1048],[8.244,49.1054],[8.2446,49.1041],[8.2494,49.1053],[8.2514,49.1067],[8.2529,49.1099],[8.2557,49.1108],[8.2592,49.1053],[8.2597,49.1018],[8.2589,49.0961],[8.2567,49.0933],[8.2568,49.0904],[8.2531,49.0878],[8.2587,49.0833],[8.2583,49.0814],[8.2519,49.0774],[8.2508,49.0733],[8.2517,49.0677],[8.249,49.0657],[8.2495,49.063],[8.2539,49.0643],[8.2534,49.0659],[8.2555,49.069],[8.2627,49.0728],[8.2659,49.0728],[8.2729,49.07],[8.2786,49.0703],[8.2807,49.0733],[8.2869,49.0743],[8.2934,49.0763],[8.2964,49.0781],[8.3003,49.0794],[8.3058,49.0798],[8.3112,49.0789],[8.3147,49.077],[8.3159,49.0804],[8.3188,49.0824],[8.3227,49.083],[8.3269,49.0868],[8.3297,49.0872],[8.3302,49.0911],[8.3349,49.0888],[8.3388,49.0877],[8.3416,49.0893],[8.3505,49.0889]]]},"properties":{"id":"073345003","name":"Jockgrim","territoire":"Rhénanie-Palatinat","sigle":"RLP","pays":"Allemagne","cx":8.287,"cy":49.103}},
{"type":"Feature","geometry":{"type":"Polygon","coordinates":[[[8.2531,49.0878],[8.2568,49.0904],[8.2567,49.0933],[8.2589,49.0961],[8.2597,49.1018],[8.2592,49.1053],[8.2557,49.1108],[8.2529,49.1099],[8.2514,49.1067],[8.2494,49.1053],[8.2446,49.1041],[8.244,49.1054],[8.2351,49.1048],[8.2307,49.1056],[8.2241,49.1055],[8.2209,49.1064],[8.2163,49.1055],[8.2106,49.1091],[8.2086,49.1102],[8.2016,49.1108],[8.1981,49.1121],[8.1962,49.114],[8.1904,49.1161],[8.1896,49.1181],[8.1913,49.1193],[8.1822,49.121],[8.1788,49.1209],[8.1788,49.1237],[8.1739,49.1287],[8.1686,49.1284],[8.1669,49.1328],[8.1716,49.1345],[8.17,49.1371],[8.166,49.136],[8.1619,49.1329],[8.1582,49.1324],[8.1569,49.1311],[8.1446,49.1289],[8.1395,49.1271],[8.133,49.1273],[8.1298,49.1283],[8.1273,49.1305],[8.118,49.1318],[8.117,49.1202],[8.118,49.1173],[8.1196,49.1089],[8.1185,49.107],[8.1187,49.1027],[8.1171,49.1004],[8.1131,49.1004],[8.1088,49.0992],[8.1014,49.0991],[8.102,49.0985],[8.1014,49.0907],[8.1024,49.0853],[8.0986,49.0852],[8.0985,49.0881],[8.0935,49.0869],[8.0842,49.0871],[8.0833,49.0821],[8.0795,49.0797],[8.0798,49.075],[8.0768,49.0752],[8.0757,49.0722],[8.0638,49.0725],[8.0556,49.0738],[8.0557,49.0649],[8.0572,49.0602],[8.0634,49.0619],[8.0698,49.0627],[8.0719,49.0635],[8.088,49.0665],[8.0984,49.0657],[8.1037,49.0643],[8.1071,49.0643],[8.1085,49.0619],[8.1128,49.0622],[8.1135,49.0563],[8.1174,49.0565],[8.1176,49.0548],[8.1236,49.0551],[8.1309,49.0546],[8.1386,49.0555],[8.144,49.0548],[8.1506,49.0563],[8.1564,49.0558],[8.1598,49.054],[8.1644,49.0555],[8.1712,49.0566],[8.1736,49.058],[8.1843,49.06],[8.1886,49.064],[8.1944,49.0672],[8.197,49.0682],[8.2044,49.0697],[8.2057,49.0722],[8.2098,49.0752],[8.2156,49.0763],[8.2166,49.0779],[8.2241,49.0783],[8.2257,49.0796],[8.2307,49.0815],[8.2334,49.0804],[8.2367,49.0822],[8.2414,49.0828],[8.2424,49.0837],[8.2502,49.0861],[8.2531,49.0878]]]},"properties":{"id":"073345004","name":"Kandel","territoire":"Rhénanie-Palatinat","sigle":"RLP","pays":"Allemagne","cx":8.16,"cy":49.09}},
{"type":"Feature","geometry":{"type":"Polygon","coordinates":[[[8.3975,49.242],[8.4007,49.2442],[8.4131,49.2498],[8.412,49.251],[8.4125,49.253],[8.4105,49.2545],[8.4054,49.2547],[8.4029,49.2528],[8.4003,49.254],[8.3921,49.2505],[8.3908,49.2533],[8.3801,49.2624],[8.3782,49.2653],[8.3752,49.2638],[8.3689,49.2681],[8.3672,49.2718],[8.3687,49.2719],[8.3673,49.2788],[8.3661,49.2807],[8.3677,49.2816],[8.3627,49.2855],[8.3571,49.2825],[8.3536,49.2827],[8.3495,49.2878],[8.3478,49.2888],[8.344,49.2888],[8.3389,49.2904],[8.3391,49.2916],[8.3298,49.2926],[8.3272,49.2977],[8.3203,49.2967],[8.3199,49.2943],[8.317,49.2919],[8.3123,49.2905],[8.3023,49.286],[8.2978,49.2827],[8.2919,49.281],[8.2869,49.2804],[8.2851,49.2819],[8.2793,49.2815],[8.2652,49.2793],[8.2647,49.278],[8.2476,49.2756],[8.2486,49.271],[8.251,49.2637],[8.2462,49.2631],[8.2466,49.2619],[8.2412,49.2614],[8.2423,49.2583],[8.24,49.2578],[8.245,49.2543],[8.2462,49.2518],[8.2499,49.2399],[8.2524,49.2371],[8.2576,49.2382],[8.2571,49.2367],[8.2578,49.2307],[8.2628,49.2296],[8.2631,49.2279],[8.2659,49.2248],[8.2666,49.2219],[8.2693,49.2212],[8.2775,49.2206],[8.2842,49.2193],[8.2869,49.211],[8.2901,49.2125],[8.2951,49.2121],[8.2958,49.2111],[8.301,49.2096],[8.306,49.2093],[8.3084,49.2097],[8.3122,49.2093],[8.3211,49.2055],[8.3241,49.206],[8.3278,49.2048],[8.3329,49.2046],[8.3362,49.2052],[8.3398,49.2036],[8.3437,49.206],[8.3435,49.209],[8.3472,49.2098],[8.3494,49.2137],[8.3493,49.2169],[8.3525,49.2199],[8.354,49.2227],[8.3629,49.2229],[8.3604,49.2256],[8.3643,49.2271],[8.3621,49.2311],[8.3615,49.2359],[8.3584,49.2373],[8.3582,49.2388],[8.3615,49.243],[8.3594,49.2449],[8.3577,49.2495],[8.3576,49.2519],[8.3586,49.2542],[8.3605,49.2555],[8.3639,49.2561],[8.3693,49.2553],[8.3746,49.2513],[8.3819,49.2444],[8.3847,49.243],[8.3914,49.2418],[8.3975,49.242]]]},"properties":{"id":"073345005","name":"Lingenfeld","territoire":"Rhénanie-Palatinat","sigle":"RLP","pays":"Allemagne","cx":8.315,"cy":49.251}},
{"type":"Feature","geometry":{"type":"Polygon","coordinates":[[[8.3416,49.1857],[8.3351,49.1862],[8.3289,49.1858],[8.3252,49.1862],[8.3186,49.184],[8.3124,49.187],[8.3097,49.182],[8.3061,49.1741],[8.2952,49.1753],[8.2689,49.1726],[8.2626,49.1714],[8.262,49.1733],[8.2595,49.173],[8.2602,49.1709],[8.2568,49.1702],[8.2553,49.17],[8.2578,49.1592],[8.2619,49.1601],[8.2639,49.1532],[8.2558,49.1509],[8.2553,49.146],[8.2566,49.1445],[8.2579,49.1387],[8.26,49.1357],[8.2604,49.1331],[8.2631,49.1285],[8.2635,49.126],[8.2721,49.1204],[8.2737,49.1236],[8.2771,49.1236],[8.2782,49.1261],[8.2847,49.1325],[8.2893,49.1328],[8.2912,49.1346],[8.2937,49.1321],[8.2999,49.1306],[8.3064,49.1307],[8.3088,49.1318],[8.3153,49.1285],[8.3156,49.1228],[8.3166,49.1201],[8.3204,49.121],[8.3208,49.1196],[8.3261,49.1184],[8.3309,49.1149],[8.339,49.1125],[8.3414,49.1099],[8.3444,49.1077],[8.3475,49.1069],[8.3491,49.1053],[8.3512,49.1063],[8.3527,49.1042],[8.3571,49.1017],[8.3596,49.1013],[8.3604,49.1032],[8.3642,49.1167],[8.3674,49.1295],[8.3727,49.152],[8.372,49.1556],[8.3687,49.1608],[8.3676,49.1642],[8.3684,49.1681],[8.3698,49.1708],[8.3774,49.1806],[8.3759,49.1811],[8.3707,49.1798],[8.369,49.1769],[8.3667,49.179],[8.3641,49.1789],[8.3568,49.1796],[8.353,49.1824],[8.3529,49.1842],[8.3508,49.185],[8.3461,49.1849],[8.3416,49.1857]]]},"properties":{"id":"073345006","name":"Rülzheim","territoire":"Rhénanie-Palatinat","sigle":"RLP","pays":"Allemagne","cx":8.328,"cy":49.155}},
{"type":"Feature","geometry":{"type":"Polygon","coordinates":[[[7.4748,49.4041],[7.4758,49.4062],[7.4699,49.4072],[7.4639,49.4151],[7.4595,49.4155],[7.4488,49.414],[7.4411,49.4161],[7.4375,49.4181],[7.4313,49.4188],[7.4269,49.4197],[7.4209,49.4202],[7.4205,49.419],[7.4132,49.4131],[7.408,49.412],[7.4099,49.4096],[7.4048,49.4053],[7.4045,49.4035],[7.407,49.4028],[7.3987,49.3908],[7.4057,49.3888],[7.4057,49.3854],[7.3925,49.3833],[7.3959,49.3796],[7.4028,49.3789],[7.4045,49.3778],[7.3959,49.372],[7.398,49.3723],[7.4013,49.3705],[7.4021,49.3677],[7.4041,49.3673],[7.409,49.3618],[7.4152,49.3598],[7.4171,49.3588],[7.4236,49.3598],[7.4273,49.3583],[7.4338,49.3566],[7.4342,49.3547],[7.437,49.355],[7.4379,49.3538],[7.441,49.3555],[7.446,49.3522],[7.4493,49.3524],[7.4558,49.3496],[7.4561,49.3479],[7.4641,49.3477],[7.478,49.3412],[7.4835,49.3416],[7.4916,49.3461],[7.495,49.3488],[7.4923,49.3516],[7.4948,49.3525],[7.4958,49.354],[7.4999,49.3509],[7.5022,49.351],[7.4997,49.3539],[7.5029,49.356],[7.5056,49.3517],[7.5102,49.3498],[7.5115,49.3476],[7.5152,49.3466],[7.5176,49.3451],[7.5209,49.3374],[7.5233,49.3355],[7.5289,49.3423],[7.532,49.3399],[7.5374,49.3391],[7.5391,49.341],[7.5454,49.3438],[7.5505,49.3482],[7.5543,49.3503],[7.558,49.3517],[7.5597,49.3545],[7.5542,49.3549],[7.5542,49.3535],[7.5506,49.3534],[7.5467,49.3514],[7.5418,49.3515],[7.5353,49.3482],[7.5348,49.3489],[7.5415,49.3522],[7.5421,49.353],[7.5481,49.3522],[7.5507,49.3545],[7.5481,49.3553],[7.5468,49.3603],[7.5344,49.3698],[7.534,49.3724],[7.5301,49.3744],[7.5266,49.3741],[7.5269,49.3777],[7.534,49.3786],[7.5363,49.3811],[7.5363,49.3835],[7.5392,49.3866],[7.5381,49.3873],[7.5289,49.3841],[7.5241,49.3884],[7.5234,49.3906],[7.5202,49.394],[7.52,49.3959],[7.5083,49.3911],[7.496,49.3878],[7.4866,49.3861],[7.4846,49.3905],[7.4729,49.3977],[7.4748,49.4041]]]},"properties":{"id":"073355001","name":"Bruchmühlbach-Miesau","territoire":"Rhénanie-Palatinat","sigle":"RLP","pays":"Allemagne","cx":7.454,"cy":49.379}},
{"type":"Feature","geometry":{"type":"MultiPolygon","coordinates":[[[[7.8488,49.3622],[7.8521,49.3672],[7.8524,49.3696],[7.8571,49.3735],[7.866,49.3759],[7.8721,49.3744],[7.8753,49.3747],[7.879,49.3772],[7.8813,49.3769],[7.8839,49.38],[7.8858,49.3808],[7.8906,49.381],[7.8939,49.3793],[7.8963,49.3792],[7.9011,49.3826],[7.906,49.3881],[7.9156,49.3921],[7.9183,49.3929],[7.9231,49.3933],[7.9311,49.3915],[7.9357,49.3898],[7.9427,49.3881],[7.9469,49.3888],[7.9504,49.3905],[7.9521,49.3936],[7.9527,49.3967],[7.9541,49.3981],[7.9634,49.4005],[7.961,49.4009],[7.9519,49.4104],[7.9506,49.4131],[7.9509,49.4171],[7.9549,49.4187],[7.957,49.4207],[7.9637,49.4235],[7.9679,49.4241],[7.9752,49.4266],[7.9805,49.4265],[7.9847,49.4276],[7.9827,49.4296],[7.9813,49.4326],[7.9865,49.4339],[7.9897,49.4338],[7.9928,49.4328],[7.9965,49.4328],[8.0026,49.434],[8.002,49.435],[7.997,49.4348],[7.9984,49.4369],[8.0023,49.4385],[8.0012,49.4398],[7.9925,49.436],[7.9868,49.4349],[7.9863,49.4364],[7.983,49.4378],[7.9923,49.4445],[7.9988,49.4433],[7.9985,49.4462],[7.9915,49.4479],[7.9882,49.446],[7.9846,49.4478],[7.9824,49.4503],[7.9807,49.4496],[7.9833,49.4468],[7.9862,49.4449],[7.9817,49.4413],[7.9798,49.4407],[7.9769,49.4421],[7.9664,49.4417],[7.9662,49.4432],[7.9617,49.4453],[7.9606,49.4486],[7.961,49.451],[7.9578,49.4524],[7.9576,49.454],[7.9555,49.4553],[7.9513,49.4612],[7.956,49.464],[7.9537,49.4666],[7.9521,49.4712],[7.9523,49.4741],[7.9512,49.4786],[7.9523,49.4837],[7.9496,49.4857],[7.9552,49.4885],[7.9641,49.4896],[7.9605,49.4922],[7.9566,49.493],[7.9556,49.4958],[7.9582,49.4986],[7.9552,49.5009],[7.9574,49.5043],[7.957,49.5095],[7.9524,49.5127],[7.951,49.5143],[7.9498,49.5188],[7.9514,49.5222],[7.9571,49.5266],[7.9575,49.5297],[7.9605,49.5323],[7.9578,49.5329],[7.9484,49.5281],[7.9407,49.5288],[7.9388,49.5304],[7.9314,49.5315],[7.9155,49.5346],[7.9049,49.5337],[7.8987,49.531],[7.8978,49.5281],[7.8939,49.527],[7.8916,49.5297],[7.8892,49.5298],[7.8853,49.5284],[7.8794,49.5247],[7.8719,49.5215],[7.863,49.5227],[7.8593,49.5223],[7.8408,49.5138],[7.8336,49.5133],[7.832,49.5107],[7.8302,49.5124],[7.8282,49.5119],[7.8278,49.5089],[7.8244,49.504],[7.8284,49.5045],[7.8313,49.5036],[7.829,49.501],[7.8209,49.4971],[7.8223,49.4953],[7.8279,49.4937],[7.8221,49.49],[7.8182,49.4867],[7.8167,49.4829],[7.8118,49.4845],[7.8021,49.4818],[7.8026,49.4803],[7.8066,49.4778],[7.7998,49.4737],[7.7984,49.4708],[7.8012,49.4677],[7.8082,49.4642],[7.8134,49.462],[7.8274,49.4625],[7.8359,49.4648],[7.8383,49.4634],[7.8436,49.4655],[7.85,49.4582],[7.8539,49.4557],[7.8582,49.4516],[7.8559,49.4447],[7.8639,49.4425],[7.8619,49.4381],[7.863,49.435],[7.8669,49.4311],[7.8677,49.4266],[7.8707,49.4214],[7.8707,49.4178],[7.8687,49.41],[7.8691,49.4084],[7.8584,49.4058],[7.8542,49.4036],[7.8467,49.4016],[7.8442,49.3989],[7.8371,49.3969],[7.8305,49.396],[7.8249,49.3964],[7.8152,49.3957],[7.8182,49.39],[7.8197,49.3898],[7.8171,49.3858],[7.8173,49.3832],[7.8205,49.3813],[7.8235,49.3823],[7.8324,49.384],[7.8334,49.3812],[7.8371,49.3802],[7.8368,49.3791],[7.8289,49.3799],[7.8247,49.3782],[7.8242,49.375],[7.8287,49.3722],[7.8357,49.3705],[7.838,49.3689],[7.8427,49.3683],[7.847,49.3665],[7.8488,49.3622]]],[[[7.8264,49.5309],[7.8265,49.5287],[7.8318,49.5278],[7.8315,49.525],[7.8239,49.5239],[7.8385,49.5224],[7.8357,49.5211],[7.827,49.5204],[7.831,49.5183],[7.8341,49.5196],[7.8421,49.5227],[7.8405,49.5251],[7.8416,49.5262],[7.8346,49.5287],[7.8347,49.5307],[7.8264,49.5309]]]]},"properties":{"id":"073355002","name":"Enkenbach-Alsenborn","territoire":"Rhénanie-Palatinat","sigle":"RLP","pays":"Allemagne","cx":7.905,"cy":49.46}},
{"type":"Feature","geometry":{"type":"Polygon","coordinates":[[[7.6312,49.4354],[7.6281,49.4375],[7.6259,49.4492],[7.6254,49.45],[7.6179,49.4492],[7.6091,49.4688],[7.6077,49.4689],[7.5969,49.4672],[7.5876,49.4636],[7.5762,49.4696],[7.5735,49.473],[7.5641,49.481],[7.5576,49.4843],[7.5459,49.4854],[7.5436,49.4875],[7.5412,49.4884],[7.5378,49.4915],[7.5315,49.4912],[7.5268,49.4898],[7.5234,49.4903],[7.5228,49.4925],[7.5062,49.4928],[7.506,49.4902],[7.5035,49.49],[7.5017,49.4862],[7.4977,49.4854],[7.4939,49.4876],[7.4889,49.4877],[7.4851,49.4902],[7.4811,49.4875],[7.4769,49.4855],[7.4708,49.4777],[7.4628,49.4749],[7.4596,49.4729],[7.4595,49.4712],[7.4617,49.4667],[7.4605,49.4642],[7.4581,49.4636],[7.4561,49.4602],[7.4507,49.4578],[7.4467,49.4554],[7.4463,49.4533],[7.4519,49.4515],[7.4537,49.4495],[7.4557,49.4502],[7.458,49.4482],[7.4581,49.4448],[7.4617,49.4428],[7.4627,49.4406],[7.4621,49.4383],[7.4589,49.4346],[7.4539,49.4347],[7.451,49.4327],[7.4458,49.4312],[7.4446,49.4275],[7.4383,49.424],[7.4345,49.4274],[7.4275,49.4254],[7.4252,49.423],[7.4196,49.4238],[7.4149,49.4231],[7.4119,49.4236],[7.4104,49.4228],[7.4116,49.4204],[7.4167,49.4192],[7.4209,49.4202],[7.4269,49.4197],[7.4313,49.4188],[7.4375,49.4181],[7.4411,49.4161],[7.4488,49.414],[7.4595,49.4155],[7.4639,49.4151],[7.4699,49.4072],[7.4758,49.4062],[7.4748,49.4041],[7.4787,49.4052],[7.4845,49.4037],[7.4846,49.4069],[7.4903,49.4053],[7.4985,49.4052],[7.5004,49.4063],[7.5023,49.4053],[7.5156,49.4044],[7.5259,49.4073],[7.5259,49.4088],[7.5495,49.4146],[7.5594,49.4169],[7.564,49.4175],[7.572,49.4193],[7.5721,49.4201],[7.5789,49.4195],[7.587,49.4193],[7.5933,49.4195],[7.6095,49.4215],[7.6097,49.4223],[7.6149,49.4239],[7.6143,49.4219],[7.6218,49.4227],[7.6299,49.4252],[7.6267,49.4338],[7.6357,49.4329],[7.6312,49.4354]]]},"properties":{"id":"073355008","name":"Ramstein-Miesenbach","territoire":"Rhénanie-Palatinat","sigle":"RLP","pays":"Allemagne","cx":7.528,"cy":49.447}},
{"type":"Feature","geometry":{"type":"Polygon","coordinates":[[[7.6818,49.4879],[7.6782,49.4927],[7.6725,49.4955],[7.6643,49.4945],[7.6615,49.499],[7.6649,49.4998],[7.6638,49.5023],[7.6685,49.5033],[7.6693,49.5096],[7.6646,49.507],[7.6637,49.5081],[7.6596,49.5076],[7.6559,49.511],[7.6483,49.5076],[7.6441,49.512],[7.6375,49.5098],[7.6322,49.5093],[7.6234,49.5146],[7.6176,49.5177],[7.6104,49.5188],[7.6066,49.5218],[7.6021,49.5229],[7.601,49.5242],[7.5967,49.5259],[7.5938,49.5254],[7.5908,49.5276],[7.5846,49.53],[7.5835,49.5271],[7.58,49.526],[7.5735,49.5224],[7.5656,49.5203],[7.5597,49.5176],[7.5578,49.5188],[7.5466,49.5176],[7.5442,49.5193],[7.537,49.5185],[7.536,49.5192],[7.5338,49.5241],[7.5309,49.5277],[7.5294,49.528],[7.5267,49.5263],[7.5278,49.5229],[7.5267,49.5202],[7.5279,49.5188],[7.5278,49.5165],[7.5232,49.5126],[7.5192,49.5109],[7.5128,49.5089],[7.5094,49.5057],[7.5021,49.5037],[7.4975,49.5017],[7.4946,49.4975],[7.4875,49.4954],[7.4865,49.4967],[7.4793,49.4971],[7.4787,49.4942],[7.4831,49.4906],[7.4817,49.4899],[7.4811,49.4875],[7.4851,49.4902],[7.4889,49.4877],[7.4939,49.4876],[7.4977,49.4854],[7.5017,49.4862],[7.5035,49.49],[7.506,49.4902],[7.5062,49.4928],[7.5228,49.4925],[7.5234,49.4903],[7.5268,49.4898],[7.5315,49.4912],[7.5378,49.4915],[7.5412,49.4884],[7.5436,49.4875],[7.5459,49.4854],[7.5576,49.4843],[7.5641,49.481],[7.5735,49.473],[7.5762,49.4696],[7.5876,49.4636],[7.5969,49.4672],[7.6077,49.4689],[7.6091,49.4688],[7.6179,49.4492],[7.6254,49.45],[7.6259,49.4492],[7.6281,49.4375],[7.6312,49.4354],[7.6348,49.4368],[7.6348,49.4467],[7.6475,49.4475],[7.6573,49.4464],[7.6659,49.4475],[7.671,49.4494],[7.6841,49.447],[7.6982,49.4438],[7.7028,49.4423],[7.7011,49.4514],[7.7003,49.4531],[7.6955,49.4532],[7.6935,49.4538],[7.6824,49.4598],[7.6789,49.4609],[7.681,49.4633],[7.6777,49.4666],[7.6769,49.469],[7.6801,49.4724],[7.6829,49.4742],[7.6817,49.4776],[7.6801,49.4794],[7.6794,49.4866],[7.6818,49.4879]]]},"properties":{"id":"073355009","name":"Weilerbach","territoire":"Rhénanie-Palatinat","sigle":"RLP","pays":"Allemagne","cx":7.596,"cy":49.495}},
{"type":"Feature","geometry":{"type":"Polygon","coordinates":[[[7.8021,49.4818],[7.8118,49.4845],[7.8167,49.4829],[7.8182,49.4867],[7.8221,49.49],[7.8279,49.4937],[7.8223,49.4953],[7.8209,49.4971],[7.829,49.501],[7.8313,49.5036],[7.8284,49.5045],[7.8244,49.504],[7.8278,49.5089],[7.8282,49.5119],[7.8302,49.5124],[7.832,49.5107],[7.8336,49.5133],[7.8341,49.5196],[7.831,49.5183],[7.827,49.5204],[7.8357,49.5211],[7.8385,49.5224],[7.8239,49.5239],[7.8315,49.525],[7.8318,49.5278],[7.8265,49.5287],[7.8264,49.5309],[7.825,49.5312],[7.8173,49.5353],[7.8101,49.5342],[7.8084,49.5364],[7.8056,49.5382],[7.8036,49.5371],[7.8003,49.5374],[7.7959,49.5354],[7.7931,49.5352],[7.7903,49.5382],[7.7817,49.5365],[7.7791,49.5347],[7.7761,49.5352],[7.7747,49.5326],[7.7723,49.5325],[7.7713,49.5363],[7.7674,49.5417],[7.7631,49.5439],[7.7638,49.5452],[7.7685,49.5478],[7.7699,49.5516],[7.7759,49.5553],[7.7809,49.5577],[7.7828,49.5592],[7.7815,49.5615],[7.7763,49.5664],[7.7721,49.5652],[7.7682,49.5654],[7.766,49.5693],[7.7609,49.5686],[7.7586,49.5698],[7.7525,49.571],[7.7526,49.5727],[7.7554,49.5729],[7.7535,49.5755],[7.7515,49.5761],[7.7469,49.5739],[7.7449,49.5763],[7.7408,49.5795],[7.7397,49.5813],[7.7396,49.5854],[7.7416,49.5904],[7.743,49.5924],[7.7478,49.5948],[7.7448,49.5971],[7.7428,49.5944],[7.7387,49.5924],[7.7351,49.5862],[7.7315,49.5887],[7.7268,49.5866],[7.7234,49.5878],[7.7194,49.5904],[7.7126,49.5904],[7.7102,49.5892],[7.7036,49.5907],[7.6963,49.5887],[7.6931,49.5897],[7.6937,49.5934],[7.69,49.5922],[7.6802,49.5921],[7.6768,49.5892],[7.6717,49.5859],[7.6669,49.5871],[7.6609,49.5858],[7.6559,49.5879],[7.6517,49.5881],[7.6497,49.5864],[7.6494,49.5844],[7.6441,49.5809],[7.6393,49.575],[7.6416,49.574],[7.6506,49.5738],[7.6581,49.5724],[7.6616,49.5697],[7.661,49.568],[7.6614,49.5644],[7.6601,49.5604],[7.6579,49.5587],[7.6566,49.5564],[7.6494,49.5532],[7.6486,49.5505],[7.644,49.548],[7.6419,49.5455],[7.6424,49.544],[7.6373,49.5417],[7.6379,49.5399],[7.6225,49.5361],[7.6182,49.5341],[7.6147,49.5342],[7.61,49.5327],[7.6083,49.5237],[7.6066,49.5218],[7.6104,49.5188],[7.6176,49.5177],[7.6234,49.5146],[7.6322,49.5093],[7.6375,49.5098],[7.6441,49.512],[7.6483,49.5076],[7.6559,49.511],[7.6596,49.5076],[7.6637,49.5081],[7.6646,49.507],[7.6693,49.5096],[7.6685,49.5033],[7.6638,49.5023],[7.6649,49.4998],[7.6615,49.499],[7.6643,49.4945],[7.6725,49.4955],[7.6782,49.4927],[7.6818,49.4879],[7.6977,49.4925],[7.703,49.4951],[7.7081,49.4923],[7.7152,49.49],[7.7197,49.4895],[7.7216,49.4865],[7.7253,49.4853],[7.7278,49.4828],[7.7351,49.4767],[7.7362,49.4737],[7.7377,49.4729],[7.7498,49.4745],[7.7555,49.476],[7.7537,49.482],[7.7551,49.4825],[7.7551,49.4855],[7.7577,49.4867],[7.7574,49.4886],[7.7641,49.4907],[7.7678,49.4901],[7.7729,49.4878],[7.7751,49.4897],[7.7794,49.4901],[7.7867,49.4882],[7.7861,49.4863],[7.7879,49.4851],[7.7937,49.4848],[7.798,49.4856],[7.8003,49.4847],[7.8021,49.4818]]]},"properties":{"id":"073355010","name":"Otterbach-Otterberg","territoire":"Rhénanie-Palatinat","sigle":"RLP","pays":"Allemagne","cx":7.722,"cy":49.534}},
{"type":"Feature","geometry":{"type":"Polygon","coordinates":[[[7.6299,49.4252],[7.6218,49.4227],[7.6143,49.4219],[7.6149,49.4239],[7.6097,49.4223],[7.6095,49.4215],[7.5933,49.4195],[7.587,49.4193],[7.5789,49.4195],[7.5721,49.4201],[7.572,49.4193],[7.564,49.4175],[7.5594,49.4169],[7.5495,49.4146],[7.5259,49.4088],[7.5259,49.4073],[7.5156,49.4044],[7.5023,49.4053],[7.5004,49.4063],[7.4985,49.4052],[7.4903,49.4053],[7.4846,49.4069],[7.4845,49.4037],[7.4787,49.4052],[7.4748,49.4041],[7.4729,49.3977],[7.4846,49.3905],[7.4866,49.3861],[7.496,49.3878],[7.5083,49.3911],[7.52,49.3959],[7.5202,49.394],[7.5234,49.3906],[7.5241,49.3884],[7.5289,49.3841],[7.5381,49.3873],[7.5392,49.3866],[7.5363,49.3835],[7.5363,49.3811],[7.534,49.3786],[7.5269,49.3777],[7.5266,49.3741],[7.5301,49.3744],[7.534,49.3724],[7.5344,49.3698],[7.5468,49.3603],[7.5481,49.3553],[7.5507,49.3545],[7.5481,49.3522],[7.5421,49.353],[7.5415,49.3522],[7.5348,49.3489],[7.5353,49.3482],[7.5418,49.3515],[7.5467,49.3514],[7.5506,49.3534],[7.5542,49.3535],[7.5542,49.3549],[7.5597,49.3545],[7.5628,49.3617],[7.5657,49.3636],[7.5679,49.3674],[7.5712,49.3702],[7.5724,49.3722],[7.5788,49.3737],[7.5869,49.3743],[7.5886,49.3753],[7.5923,49.3739],[7.596,49.3734],[7.6025,49.3768],[7.6033,49.3758],[7.6078,49.3743],[7.61,49.3711],[7.6066,49.3654],[7.6116,49.3602],[7.6176,49.3611],[7.6241,49.3609],[7.6287,49.359],[7.6249,49.3574],[7.6257,49.3551],[7.6237,49.3491],[7.6243,49.3468],[7.6229,49.3456],[7.6246,49.3441],[7.6278,49.3432],[7.6278,49.3421],[7.6347,49.3432],[7.6412,49.3432],[7.6559,49.3419],[7.6656,49.3422],[7.6689,49.3419],[7.6685,49.3372],[7.6696,49.3324],[7.6733,49.334],[7.6778,49.3369],[7.681,49.3379],[7.6909,49.3382],[7.6981,49.3376],[7.7049,49.3413],[7.7088,49.3421],[7.724,49.3434],[7.7264,49.3434],[7.7265,49.3453],[7.7326,49.3448],[7.7391,49.3437],[7.7435,49.3425],[7.749,49.3437],[7.7593,49.345],[7.765,49.3404],[7.7661,49.3363],[7.7651,49.3329],[7.7666,49.3315],[7.7643,49.3283],[7.765,49.3247],[7.7648,49.3213],[7.7678,49.3144],[7.7692,49.3168],[7.7723,49.3164],[7.7747,49.3151],[7.7725,49.3132],[7.7733,49.3112],[7.7757,49.3101],[7.7784,49.312],[7.788,49.3123],[7.7906,49.3136],[7.7914,49.3077],[7.7987,49.3068],[7.8002,49.3092],[7.8115,49.3182],[7.8168,49.3168],[7.8218,49.3174],[7.8279,49.3176],[7.8327,49.3202],[7.8336,49.3213],[7.832,49.3238],[7.8259,49.3292],[7.8265,49.3324],[7.8246,49.3348],[7.8276,49.3423],[7.8275,49.3453],[7.832,49.3505],[7.834,49.354],[7.8342,49.3559],[7.8405,49.3589],[7.8305,49.3586],[7.8211,49.3612],[7.8165,49.3638],[7.8156,49.3684],[7.8135,49.3696],[7.8094,49.3703],[7.8046,49.3722],[7.7992,49.376],[7.7953,49.3801],[7.7852,49.3849],[7.7781,49.3873],[7.7759,49.3885],[7.7693,49.395],[7.7677,49.3954],[7.7631,49.3943],[7.7563,49.3948],[7.7533,49.3941],[7.7515,49.3956],[7.7476,49.3942],[7.747,49.3922],[7.7421,49.3917],[7.7348,49.392],[7.7299,49.3928],[7.7257,49.393],[7.7213,49.3946],[7.7121,49.3944],[7.7094,49.3938],[7.7045,49.3908],[7.7003,49.387],[7.7,49.3853],[7.6932,49.3854],[7.6915,49.3873],[7.691,49.3897],[7.6921,49.3948],[7.6818,49.397],[7.6786,49.3983],[7.6796,49.4015],[7.6765,49.4056],[7.6775,49.4084],[7.6748,49.4112],[7.6716,49.4126],[7.6662,49.4224],[7.6617,49.4264],[7.6534,49.4248],[7.6498,49.4269],[7.6514,49.4278],[7.6496,49.4299],[7.6299,49.4252]]]},"properties":{"id":"073355011","name":"Landstuhl","territoire":"Rhénanie-Palatinat","sigle":"RLP","pays":"Allemagne","cx":7.659,"cy":49.374}},
{"type":"Feature","geometry":{"type":"Polygon","coordinates":[[[7.4028,49.3789],[7.3947,49.3769],[7.3903,49.3802],[7.3843,49.3822],[7.3769,49.3816],[7.3733,49.3838],[7.3712,49.3841],[7.3657,49.386],[7.3565,49.3861],[7.3585,49.3916],[7.3578,49.3952],[7.3564,49.398],[7.3424,49.4006],[7.3405,49.4018],[7.331,49.3988],[7.3293,49.4008],[7.326,49.4009],[7.3231,49.4051],[7.3246,49.4071],[7.3197,49.4074],[7.3179,49.4088],[7.3198,49.4141],[7.3173,49.4158],[7.3198,49.4179],[7.3121,49.4207],[7.3116,49.4233],[7.3173,49.4248],[7.3166,49.4256],[7.2972,49.4242],[7.2964,49.4277],[7.2937,49.4273],[7.2907,49.4322],[7.284,49.4404],[7.2844,49.4452],[7.2838,49.45],[7.2876,49.4542],[7.2869,49.4577],[7.2748,49.4557],[7.2733,49.4543],[7.2735,49.4518],[7.2703,49.4512],[7.2665,49.4515],[7.2581,49.4488],[7.2527,49.448],[7.2464,49.4455],[7.2478,49.444],[7.2553,49.4406],[7.2502,49.4352],[7.254,49.4299],[7.2558,49.4297],[7.257,49.4261],[7.2604,49.4262],[7.261,49.4236],[7.2654,49.4244],[7.2728,49.4242],[7.275,49.422],[7.2789,49.4208],[7.2789,49.4193],[7.2824,49.4175],[7.2863,49.4174],[7.2901,49.4147],[7.2894,49.4124],[7.2926,49.4082],[7.2972,49.4046],[7.2942,49.401],[7.2989,49.3985],[7.2897,49.3933],[7.2921,49.3928],[7.2893,49.3888],[7.2993,49.3894],[7.3041,49.3888],[7.303,49.3874],[7.3162,49.3843],[7.316,49.3827],[7.3178,49.3814],[7.3233,49.3802],[7.3294,49.3802],[7.3314,49.3789],[7.337,49.3805],[7.3461,49.3808],[7.3558,49.3798],[7.3548,49.3744],[7.3591,49.375],[7.3656,49.3747],[7.3691,49.374],[7.3685,49.3699],[7.3667,49.3691],[7.3669,49.3632],[7.379,49.366],[7.3959,49.372],[7.4045,49.3778],[7.4028,49.3789]]]},"properties":{"id":"073365006","name":"Waldmohr","territoire":"Rhénanie-Palatinat","sigle":"RLP","pays":"Allemagne","cx":7.273,"cy":49.436}},
{"type":"Feature","geometry":{"type":"Polygon","coordinates":[[[7.4255,49.6493],[7.4267,49.6483],[7.4263,49.6447],[7.4309,49.6434],[7.4339,49.6405],[7.4378,49.6416],[7.4419,49.6419],[7.4424,49.6433],[7.4481,49.6466],[7.4492,49.6456],[7.447,49.642],[7.4479,49.6407],[7.4526,49.6396],[7.4522,49.642],[7.4604,49.6448],[7.4625,49.6435],[7.4612,49.642],[7.4612,49.6398],[7.4571,49.6368],[7.4575,49.6357],[7.4536,49.6335],[7.456,49.6304],[7.4594,49.631],[7.4627,49.6275],[7.4606,49.6275],[7.4572,49.6261],[7.4605,49.623],[7.4617,49.6202],[7.4635,49.619],[7.4663,49.6191],[7.4679,49.618],[7.4711,49.6187],[7.467,49.622],[7.4729,49.6244],[7.476,49.6223],[7.4787,49.622],[7.4836,49.6178],[7.4794,49.6129],[7.484,49.6079],[7.4785,49.6046],[7.477,49.6023],[7.4776,49.6006],[7.4735,49.5979],[7.4782,49.5927],[7.4788,49.5885],[7.4804,49.5872],[7.4812,49.5813],[7.4874,49.5779],[7.491,49.5789],[7.496,49.5832],[7.4992,49.588],[7.5039,49.5913],[7.5059,49.5912],[7.5129,49.5971],[7.5134,49.6009],[7.5167,49.5998],[7.5215,49.5958],[7.527,49.5976],[7.531,49.6007],[7.5345,49.5997],[7.538,49.5975],[7.5433,49.5989],[7.5415,49.5922],[7.5391,49.5888],[7.5378,49.5834],[7.5335,49.5772],[7.5344,49.576],[7.5328,49.5745],[7.5353,49.5697],[7.534,49.5684],[7.5403,49.5645],[7.54,49.5633],[7.5343,49.5637],[7.5334,49.5661],[7.5287,49.5653],[7.5248,49.5632],[7.5223,49.561],[7.5221,49.5578],[7.5257,49.5553],[7.5289,49.554],[7.5317,49.5474],[7.5373,49.5486],[7.5394,49.5425],[7.5373,49.5396],[7.5389,49.5373],[7.5416,49.5369],[7.5421,49.531],[7.5389,49.53],[7.5312,49.5288],[7.5309,49.5277],[7.5338,49.5241],[7.536,49.5192],[7.537,49.5185],[7.5442,49.5193],[7.5466,49.5176],[7.5578,49.5188],[7.5597,49.5176],[7.5656,49.5203],[7.5735,49.5224],[7.58,49.526],[7.5835,49.5271],[7.5846,49.53],[7.5908,49.5276],[7.5938,49.5254],[7.5967,49.5259],[7.601,49.5242],[7.6021,49.5229],[7.6066,49.5218],[7.6083,49.5237],[7.61,49.5327],[7.6147,49.5342],[7.6182,49.5341],[7.6225,49.5361],[7.6379,49.5399],[7.6373,49.5417],[7.6424,49.544],[7.6419,49.5455],[7.644,49.548],[7.6486,49.5505],[7.6494,49.5532],[7.6566,49.5564],[7.6579,49.5587],[7.6601,49.5604],[7.6614,49.5644],[7.661,49.568],[7.6616,49.5697],[7.6581,49.5724],[7.6506,49.5738],[7.6416,49.574],[7.6393,49.575],[7.6441,49.5809],[7.6494,49.5844],[7.6497,49.5864],[7.6517,49.5881],[7.6559,49.5879],[7.6609,49.5858],[7.6669,49.5871],[7.6717,49.5859],[7.6768,49.5892],[7.6802,49.5921],[7.69,49.5922],[7.6937,49.5934],[7.6931,49.5897],[7.6963,49.5887],[7.6976,49.5919],[7.7018,49.594],[7.705,49.5967],[7.7061,49.6017],[7.7001,49.6032],[7.7059,49.6087],[7.7043,49.6096],[7.7055,49.6118],[7.7008,49.6139],[7.6983,49.6163],[7.6969,49.62],[7.6996,49.6221],[7.7073,49.6246],[7.7141,49.6247],[7.7188,49.6253],[7.7193,49.6271],[7.723,49.6278],[7.7193,49.6324],[7.7169,49.6336],[7.7161,49.6371],[7.7188,49.6393],[7.7275,49.6411],[7.7279,49.6439],[7.7255,49.6495],[7.722,49.648],[7.7206,49.6463],[7.7155,49.6464],[7.7112,49.6478],[7.7082,49.6509],[7.7076,49.6525],[7.7033,49.6525],[7.7017,49.6516],[7.6972,49.651],[7.6937,49.6494],[7.6924,49.6478],[7.6863,49.644],[7.6814,49.6422],[7.6774,49.6398],[7.6697,49.6398],[7.6637,49.636],[7.6569,49.6377],[7.6527,49.6455],[7.6544,49.6455],[7.6582,49.6478],[7.6594,49.65],[7.6573,49.6507],[7.6567,49.6536],[7.6586,49.6567],[7.6667,49.6598],[7.6663,49.6656],[7.674,49.6695],[7.6648,49.6736],[7.6653,49.6766],[7.6632,49.6775],[7.6652,49.6795],[7.6635,49.6841],[7.6691,49.6838],[7.6708,49.6858],[7.6736,49.6857],[7.6736,49.6879],[7.6713,49.6879],[7.6654,49.6923],[7.6625,49.695],[7.6607,49.6994],[7.6577,49.7016],[7.6528,49.6987],[7.645,49.6903],[7.6426,49.687],[7.6342,49.6845],[7.6286,49.6848],[7.6237,49.6844],[7.6191,49.6864],[7.6074,49.6841],[7.5997,49.6798],[7.5956,49.6813],[7.5912,49.685],[7.5867,49.6839],[7.5856,49.6856],[7.5773,49.6887],[7.5663,49.6861],[7.5623,49.6866],[7.5585,49.6903],[7.553,49.6928],[7.5479,49.6928],[7.5471,49.6953],[7.5506,49.6985],[7.5462,49.698],[7.5445,49.6987],[7.5429,49.7017],[7.5397,49.7025],[7.5414,49.7063],[7.5402,49.7081],[7.5369,49.7088],[7.5393,49.7136],[7.5362,49.714],[7.5305,49.71],[7.5269,49.7084],[7.5228,49.7076],[7.5257,49.7053],[7.5206,49.7005],[7.5192,49.6965],[7.5211,49.6946],[7.5224,49.6912],[7.5211,49.6876],[7.5215,49.6858],[7.5263,49.6825],[7.5218,49.6797],[7.5158,49.6774],[7.5095,49.6764],[7.5085,49.6781],[7.5057,49.6776],[7.5022,49.6781],[7.4967,49.6776],[7.4919,49.6766],[7.4907,49.6749],[7.4821,49.6761],[7.4818,49.678],[7.4785,49.678],[7.4776,49.6761],[7.4746,49.6757],[7.473,49.6773],[7.4686,49.676],[7.4644,49.6725],[7.4538,49.674],[7.4488,49.6716],[7.4448,49.669],[7.4461,49.6668],[7.4462,49.6643],[7.4456,49.6635],[7.4403,49.6619],[7.438,49.6598],[7.4363,49.657],[7.4328,49.6567],[7.4301,49.6547],[7.4257,49.6535],[7.4255,49.6493]]]},"properties":{"id":"073365008","name":"Lauterecken-Wolfstein","territoire":"Rhénanie-Palatinat","sigle":"RLP","pays":"Allemagne","cx":7.59,"cy":49.624}},
{"type":"Feature","geometry":{"type":"Polygon","coordinates":[[[7.4209,49.4202],[7.4167,49.4192],[7.4116,49.4204],[7.4104,49.4228],[7.4119,49.4236],[7.4149,49.4231],[7.4196,49.4238],[7.4252,49.423],[7.4275,49.4254],[7.4345,49.4274],[7.4383,49.424],[7.4446,49.4275],[7.4458,49.4312],[7.451,49.4327],[7.4539,49.4347],[7.4589,49.4346],[7.4621,49.4383],[7.4627,49.4406],[7.4617,49.4428],[7.4581,49.4448],[7.458,49.4482],[7.4557,49.4502],[7.4537,49.4495],[7.4519,49.4515],[7.4463,49.4533],[7.4467,49.4554],[7.4507,49.4578],[7.4561,49.4602],[7.4581,49.4636],[7.4605,49.4642],[7.4617,49.4667],[7.4595,49.4712],[7.4596,49.4729],[7.4628,49.4749],[7.4708,49.4777],[7.4769,49.4855],[7.4811,49.4875],[7.4817,49.4899],[7.4831,49.4906],[7.4787,49.4942],[7.4793,49.4971],[7.4749,49.5093],[7.4694,49.5128],[7.4698,49.5211],[7.4645,49.5146],[7.4605,49.5143],[7.4574,49.5126],[7.4554,49.5125],[7.4486,49.5093],[7.4479,49.5046],[7.4487,49.5026],[7.4508,49.5008],[7.4494,49.4989],[7.4442,49.4992],[7.4427,49.5002],[7.4363,49.4979],[7.4347,49.5001],[7.4331,49.4999],[7.4319,49.4968],[7.4262,49.4954],[7.4239,49.4962],[7.4207,49.4952],[7.4187,49.4973],[7.4108,49.4962],[7.4085,49.4966],[7.4055,49.499],[7.4075,49.5039],[7.4043,49.5041],[7.4035,49.5061],[7.3955,49.5058],[7.3894,49.5042],[7.3777,49.5043],[7.3752,49.4997],[7.3722,49.4989],[7.3663,49.4964],[7.3617,49.4957],[7.354,49.4938],[7.3532,49.4953],[7.3478,49.4943],[7.3422,49.4947],[7.3398,49.4978],[7.3379,49.4961],[7.3343,49.4957],[7.3294,49.4999],[7.33,49.5019],[7.3238,49.5052],[7.3195,49.5059],[7.3161,49.5085],[7.3127,49.5097],[7.3127,49.5077],[7.3166,49.5051],[7.3103,49.5037],[7.3131,49.4998],[7.3113,49.4979],[7.311,49.496],[7.3081,49.4911],[7.3056,49.4896],[7.3047,49.4865],[7.3017,49.4841],[7.2968,49.4835],[7.3012,49.4767],[7.304,49.4756],[7.3048,49.4724],[7.3006,49.4689],[7.3011,49.4667],[7.2976,49.4646],[7.2898,49.4623],[7.2863,49.4601],[7.2869,49.4577],[7.2876,49.4542],[7.2838,49.45],[7.2844,49.4452],[7.284,49.4404],[7.2907,49.4322],[7.2937,49.4273],[7.2964,49.4277],[7.2972,49.4242],[7.3166,49.4256],[7.3173,49.4248],[7.3116,49.4233],[7.3121,49.4207],[7.3198,49.4179],[7.3173,49.4158],[7.3198,49.4141],[7.3179,49.4088],[7.3197,49.4074],[7.3246,49.4071],[7.3231,49.4051],[7.326,49.4009],[7.3293,49.4008],[7.331,49.3988],[7.3405,49.4018],[7.3424,49.4006],[7.3564,49.398],[7.3578,49.3952],[7.3585,49.3916],[7.3565,49.3861],[7.3657,49.386],[7.3712,49.3841],[7.3733,49.3838],[7.3769,49.3816],[7.3843,49.3822],[7.3903,49.3802],[7.3947,49.3769],[7.4028,49.3789],[7.3959,49.3796],[7.3925,49.3833],[7.4057,49.3854],[7.4057,49.3888],[7.3987,49.3908],[7.407,49.4028],[7.4045,49.4035],[7.4048,49.4053],[7.4099,49.4096],[7.408,49.412],[7.4132,49.4131],[7.4205,49.419],[7.4209,49.4202]]]},"properties":{"id":"073365009","name":"Oberes Glantal","territoire":"Rhénanie-Palatinat","sigle":"RLP","pays":"Allemagne","cx":7.378,"cy":49.453}},
{"type":"Feature","geometry":{"type":"Polygon","coordinates":[[[7.2766,49.5486],[7.2755,49.5451],[7.2766,49.542],[7.2761,49.5379],[7.2771,49.5368],[7.2808,49.5368],[7.291,49.5346],[7.302,49.5348],[7.299,49.5314],[7.3008,49.5303],[7.3028,49.5274],[7.3069,49.5261],[7.3099,49.5232],[7.307,49.5215],[7.3078,49.52],[7.301,49.518],[7.2988,49.5191],[7.2971,49.5229],[7.2923,49.5216],[7.2928,49.5203],[7.2895,49.5195],[7.2857,49.5169],[7.2893,49.5125],[7.2828,49.5105],[7.2832,49.5085],[7.282,49.5058],[7.2839,49.5038],[7.2827,49.5019],[7.2865,49.5009],[7.2871,49.4991],[7.2848,49.498],[7.2831,49.4955],[7.2828,49.4923],[7.2815,49.4885],[7.2798,49.4871],[7.2819,49.486],[7.2795,49.4837],[7.2909,49.4831],[7.2928,49.4821],[7.2968,49.4835],[7.3017,49.4841],[7.3047,49.4865],[7.3056,49.4896],[7.3081,49.4911],[7.311,49.496],[7.3113,49.4979],[7.3131,49.4998],[7.3103,49.5037],[7.3166,49.5051],[7.3127,49.5077],[7.3127,49.5097],[7.3161,49.5085],[7.3195,49.5059],[7.3238,49.5052],[7.33,49.5019],[7.3294,49.4999],[7.3343,49.4957],[7.3379,49.4961],[7.3398,49.4978],[7.3422,49.4947],[7.3478,49.4943],[7.3532,49.4953],[7.354,49.4938],[7.3617,49.4957],[7.3663,49.4964],[7.3722,49.4989],[7.3752,49.4997],[7.3777,49.5043],[7.3894,49.5042],[7.3955,49.5058],[7.4035,49.5061],[7.4043,49.5041],[7.4075,49.5039],[7.4055,49.499],[7.4085,49.4966],[7.4108,49.4962],[7.4187,49.4973],[7.4207,49.4952],[7.4239,49.4962],[7.4262,49.4954],[7.4319,49.4968],[7.4331,49.4999],[7.4347,49.5001],[7.4363,49.4979],[7.4427,49.5002],[7.4442,49.4992],[7.4494,49.4989],[7.4508,49.5008],[7.4487,49.5026],[7.4479,49.5046],[7.4486,49.5093],[7.4554,49.5125],[7.4574,49.5126],[7.4605,49.5143],[7.4645,49.5146],[7.4698,49.5211],[7.4694,49.5128],[7.4749,49.5093],[7.4793,49.4971],[7.4865,49.4967],[7.4875,49.4954],[7.4946,49.4975],[7.4975,49.5017],[7.5021,49.5037],[7.5094,49.5057],[7.5128,49.5089],[7.5192,49.5109],[7.5232,49.5126],[7.5278,49.5165],[7.5279,49.5188],[7.5267,49.5202],[7.5278,49.5229],[7.5267,49.5263],[7.5294,49.528],[7.5309,49.5277],[7.5312,49.5288],[7.5389,49.53],[7.5421,49.531],[7.5416,49.5369],[7.5389,49.5373],[7.5373,49.5396],[7.5394,49.5425],[7.5373,49.5486],[7.5317,49.5474],[7.5289,49.554],[7.5257,49.5553],[7.5221,49.5578],[7.5223,49.561],[7.5248,49.5632],[7.5287,49.5653],[7.5334,49.5661],[7.5343,49.5637],[7.54,49.5633],[7.5403,49.5645],[7.534,49.5684],[7.5353,49.5697],[7.5328,49.5745],[7.5344,49.576],[7.5335,49.5772],[7.5378,49.5834],[7.5391,49.5888],[7.5415,49.5922],[7.5433,49.5989],[7.538,49.5975],[7.5345,49.5997],[7.531,49.6007],[7.527,49.5976],[7.5215,49.5958],[7.5167,49.5998],[7.5134,49.6009],[7.5129,49.5971],[7.5059,49.5912],[7.5039,49.5913],[7.4992,49.588],[7.496,49.5832],[7.491,49.5789],[7.4874,49.5779],[7.4812,49.5813],[7.4804,49.5872],[7.4788,49.5885],[7.4782,49.5927],[7.4735,49.5979],[7.4776,49.6006],[7.477,49.6023],[7.4785,49.6046],[7.484,49.6079],[7.4794,49.6129],[7.4836,49.6178],[7.4787,49.622],[7.476,49.6223],[7.4729,49.6244],[7.467,49.622],[7.4711,49.6187],[7.4679,49.618],[7.4663,49.6191],[7.4635,49.619],[7.4617,49.6202],[7.4605,49.623],[7.4572,49.6261],[7.4606,49.6275],[7.4627,49.6275],[7.4594,49.631],[7.456,49.6304],[7.4536,49.6335],[7.4575,49.6357],[7.4571,49.6368],[7.4612,49.6398],[7.4612,49.642],[7.4625,49.6435],[7.4604,49.6448],[7.4522,49.642],[7.4526,49.6396],[7.4479,49.6407],[7.447,49.642],[7.4492,49.6456],[7.4481,49.6466],[7.4424,49.6433],[7.4419,49.6419],[7.4378,49.6416],[7.4339,49.6405],[7.4334,49.6373],[7.4345,49.635],[7.4377,49.6323],[7.4341,49.6305],[7.4365,49.6281],[7.438,49.6243],[7.4384,49.6201],[7.4431,49.6178],[7.4468,49.6173],[7.4475,49.6154],[7.4451,49.6147],[7.4424,49.6116],[7.4404,49.6075],[7.4421,49.6056],[7.4409,49.6019],[7.4414,49.5998],[7.4432,49.5983],[7.4398,49.594],[7.4367,49.5924],[7.4252,49.5924],[7.4205,49.5898],[7.4193,49.5908],[7.4147,49.5921],[7.4112,49.591],[7.4091,49.5916],[7.4077,49.5948],[7.4047,49.5953],[7.3988,49.5943],[7.3943,49.5954],[7.3884,49.5979],[7.3846,49.6004],[7.3836,49.6],[7.3837,49.5962],[7.3805,49.5948],[7.3776,49.5962],[7.3744,49.5989],[7.3683,49.5961],[7.363,49.5959],[7.3592,49.5913],[7.356,49.5885],[7.353,49.5879],[7.3504,49.5863],[7.3555,49.5837],[7.3556,49.5824],[7.3493,49.5828],[7.3468,49.5821],[7.347,49.5804],[7.3408,49.5785],[7.3387,49.5732],[7.3343,49.5725],[7.3356,49.5669],[7.3339,49.5652],[7.3262,49.5658],[7.3269,49.5634],[7.322,49.565],[7.3191,49.5623],[7.3201,49.5604],[7.3246,49.5565],[7.3213,49.5552],[7.3187,49.5564],[7.3101,49.5568],[7.3075,49.5534],[7.3038,49.5555],[7.3007,49.5535],[7.2929,49.5524],[7.2869,49.5522],[7.2793,49.5508],[7.2766,49.5486]]]},"properties":{"id":"073365010","name":"Kusel-Altenglan","territoire":"Rhénanie-Palatinat","sigle":"RLP","pays":"Allemagne","cx":7.418,"cy":49.549}},
{"type":"Feature","geometry":{"type":"Polygon","coordinates":[[[7.9836,49.1742],[7.979,49.1743],[7.9751,49.1731],[7.9753,49.176],[7.9739,49.1784],[7.9775,49.1813],[7.9821,49.1826],[7.9848,49.1853],[7.985,49.1899],[7.9814,49.1926],[7.9817,49.1951],[7.9874,49.1973],[7.9875,49.1989],[7.9906,49.2015],[7.9937,49.2027],[8.0008,49.1971],[8.0041,49.1977],[8.0016,49.2],[8.0018,49.2013],[8.005,49.2027],[8.0019,49.2048],[8.0062,49.2085],[8.011,49.2106],[8.015,49.2108],[8.0174,49.2101],[8.0212,49.2074],[8.0282,49.209],[8.0403,49.2096],[8.0436,49.2132],[8.0432,49.2169],[8.0411,49.2201],[8.044,49.2207],[8.0434,49.223],[8.0447,49.2244],[8.0433,49.2265],[8.0394,49.2272],[8.035,49.2316],[8.0331,49.2319],[8.0292,49.2342],[8.0248,49.2337],[8.0241,49.2328],[8.0185,49.2354],[8.0121,49.2359],[8.015,49.2409],[8.0172,49.2423],[8.0205,49.2425],[8.0243,49.246],[8.0218,49.2515],[8.0171,49.2511],[8.0141,49.2538],[8.0148,49.255],[8.019,49.2545],[8.0241,49.2557],[8.0232,49.2582],[8.0183,49.2592],[8.018,49.2618],[8.0207,49.263],[8.0216,49.2689],[8.0248,49.2711],[8.0299,49.2691],[8.0335,49.2698],[8.041,49.2696],[8.0444,49.271],[8.032,49.2743],[8.0286,49.2767],[8.0248,49.2813],[8.0201,49.2826],[8.0181,49.2809],[8.0145,49.2803],[8.017,49.2786],[8.0117,49.2768],[8.0086,49.2737],[8.006,49.2741],[8.009,49.2784],[8.0046,49.2798],[8.0024,49.2811],[7.9986,49.2807],[7.9948,49.282],[7.987,49.2838],[7.9865,49.2804],[7.9844,49.2783],[7.9845,49.2768],[7.987,49.2746],[7.9882,49.2709],[7.9855,49.266],[7.9822,49.2668],[7.9798,49.2643],[7.9778,49.2652],[7.975,49.2635],[7.9722,49.2641],[7.968,49.2627],[7.9639,49.2591],[7.9583,49.2589],[7.9566,49.2588],[7.9542,49.2568],[7.9502,49.2567],[7.9459,49.2532],[7.9446,49.2515],[7.9353,49.2467],[7.9345,49.2453],[7.9315,49.2454],[7.9264,49.25],[7.9259,49.2516],[7.9229,49.2509],[7.9198,49.2536],[7.9212,49.2574],[7.9214,49.2612],[7.9179,49.2647],[7.9184,49.2682],[7.9225,49.2731],[7.922,49.2799],[7.918,49.2809],[7.9186,49.2831],[7.9116,49.2812],[7.9074,49.2793],[7.9045,49.2823],[7.8998,49.2814],[7.8964,49.2814],[7.8894,49.2798],[7.8807,49.2756],[7.8764,49.2763],[7.8739,49.2781],[7.8738,49.2821],[7.8721,49.2831],[7.8679,49.2776],[7.8561,49.2723],[7.8515,49.2722],[7.8485,49.274],[7.8371,49.2723],[7.8322,49.2701],[7.8313,49.269],[7.8283,49.2662],[7.8284,49.2644],[7.8305,49.2585],[7.8295,49.2526],[7.8244,49.2494],[7.8242,49.2481],[7.8257,49.2454],[7.8289,49.2458],[7.8286,49.2483],[7.8332,49.2487],[7.8339,49.2506],[7.8375,49.2533],[7.8408,49.2541],[7.8419,49.2553],[7.8492,49.2574],[7.8526,49.2552],[7.8709,49.2517],[7.8721,49.2506],[7.8775,49.2497],[7.881,49.2466],[7.8826,49.2444],[7.8792,49.2436],[7.8785,49.2417],[7.8758,49.2396],[7.8744,49.24],[7.8671,49.2394],[7.8653,49.2378],[7.8655,49.2344],[7.8692,49.2316],[7.8801,49.2312],[7.8823,49.2322],[7.882,49.2343],[7.8872,49.2326],[7.8923,49.2321],[7.8959,49.2345],[7.9015,49.2327],[7.9037,49.2288],[7.903,49.227],[7.9075,49.2206],[7.9097,49.2192],[7.9046,49.2165],[7.9021,49.2119],[7.9005,49.211],[7.9027,49.2085],[7.9148,49.2098],[7.9152,49.2078],[7.9126,49.206],[7.9139,49.2008],[7.9095,49.1987],[7.9024,49.1972],[7.8938,49.1943],[7.8893,49.1922],[7.8881,49.1905],[7.8944,49.1912],[7.9009,49.1898],[7.904,49.1899],[7.9074,49.1843],[7.9104,49.1807],[7.9167,49.1779],[7.9157,49.1771],[7.9156,49.1729],[7.9133,49.1726],[7.9084,49.1676],[7.9104,49.166],[7.9095,49.1641],[7.9111,49.1634],[7.907,49.1589],[7.9047,49.1588],[7.9031,49.1569],[7.9,49.1555],[7.8981,49.1518],[7.8954,49.1514],[7.897,49.1476],[7.8982,49.1439],[7.9012,49.1431],[7.9043,49.1432],[7.9052,49.1415],[7.9099,49.1388],[7.9096,49.1365],[7.9121,49.133],[7.9169,49.1323],[7.9207,49.128],[7.9119,49.1208],[7.917,49.1203],[7.92,49.1207],[7.9236,49.1238],[7.9267,49.1243],[7.9323,49.1232],[7.9365,49.1239],[7.9381,49.1249],[7.9465,49.1234],[7.9466,49.1255],[7.9417,49.1266],[7.9445,49.1284],[7.9467,49.1273],[7.951,49.1302],[7.9512,49.1319],[7.9552,49.131],[7.9604,49.1359],[7.9599,49.1392],[7.9657,49.14],[7.9662,49.1411],[7.9718,49.1449],[7.9774,49.1454],[7.9827,49.1442],[7.9846,49.1475],[7.9825,49.1503],[7.9818,49.1536],[7.9838,49.156],[7.9908,49.1562],[7.9936,49.1574],[8.0006,49.1588],[8.004,49.1563],[8.0085,49.1539],[8.0099,49.1558],[8.0054,49.1585],[8.0095,49.1596],[8.011,49.1585],[8.0114,49.1636],[8.007,49.1644],[8.0038,49.1677],[7.9984,49.1672],[7.9988,49.1709],[8.0013,49.1737],[7.9946,49.172],[7.9923,49.1697],[7.9878,49.1705],[7.9836,49.1742]]]},"properties":{"id":"073375001","name":"Annweiler am Trifels","territoire":"Rhénanie-Palatinat","sigle":"RLP","pays":"Allemagne","cx":7.947,"cy":49.215}},
{"type":"Feature","geometry":{"type":"Polygon","coordinates":[[[8.0698,49.0627],[8.0634,49.0619],[8.0572,49.0602],[8.0557,49.0649],[8.0556,49.0738],[8.0638,49.0725],[8.0757,49.0722],[8.0768,49.0752],[8.0798,49.075],[8.0795,49.0797],[8.0833,49.0821],[8.0842,49.0871],[8.0935,49.0869],[8.0985,49.0881],[8.0986,49.0852],[8.1024,49.0853],[8.1014,49.0907],[8.102,49.0985],[8.1014,49.0991],[8.0929,49.0992],[8.0922,49.1022],[8.0888,49.1021],[8.0844,49.1031],[8.079,49.1078],[8.0733,49.1101],[8.0701,49.1126],[8.0647,49.115],[8.0569,49.1148],[8.0556,49.1161],[8.0518,49.1164],[8.0509,49.1184],[8.0471,49.1204],[8.033,49.1268],[8.0315,49.1267],[8.0336,49.1346],[8.0385,49.1364],[8.0374,49.1373],[8.0399,49.1393],[8.037,49.14],[8.0358,49.1445],[8.0342,49.1443],[8.0326,49.1474],[8.03,49.148],[8.0299,49.1498],[8.0233,49.1501],[8.0197,49.151],[8.0196,49.1522],[8.016,49.1547],[8.0111,49.154],[8.011,49.1585],[8.0095,49.1596],[8.0054,49.1585],[8.0099,49.1558],[8.0085,49.1539],[8.004,49.1563],[8.0006,49.1588],[7.9936,49.1574],[7.9908,49.1562],[7.9838,49.156],[7.9818,49.1536],[7.9825,49.1503],[7.9846,49.1475],[7.9827,49.1442],[7.9774,49.1454],[7.9718,49.1449],[7.9662,49.1411],[7.9657,49.14],[7.9599,49.1392],[7.9604,49.1359],[7.9552,49.131],[7.9512,49.1319],[7.951,49.1302],[7.9467,49.1273],[7.9445,49.1284],[7.9417,49.1266],[7.9466,49.1255],[7.9465,49.1234],[7.9381,49.1249],[7.9365,49.1239],[7.9323,49.1232],[7.9267,49.1243],[7.9236,49.1238],[7.92,49.1207],[7.917,49.1203],[7.9119,49.1208],[7.9207,49.128],[7.9169,49.1323],[7.9121,49.133],[7.9096,49.1365],[7.9099,49.1388],[7.9052,49.1415],[7.9043,49.1432],[7.9012,49.1431],[7.8982,49.1439],[7.897,49.1476],[7.8909,49.1456],[7.8922,49.143],[7.8875,49.1423],[7.8847,49.1462],[7.8755,49.1501],[7.872,49.1498],[7.872,49.1531],[7.871,49.1542],[7.8672,49.1544],[7.8625,49.1561],[7.8625,49.1551],[7.8574,49.1514],[7.8594,49.1468],[7.8548,49.1451],[7.8558,49.1435],[7.8543,49.1411],[7.8541,49.1385],[7.8513,49.1369],[7.8471,49.1365],[7.8457,49.1332],[7.849,49.1319],[7.8533,49.1313],[7.8532,49.13],[7.8556,49.1253],[7.8607,49.1224],[7.8605,49.1181],[7.8637,49.1161],[7.8668,49.1159],[7.8714,49.1142],[7.8787,49.1145],[7.8808,49.1167],[7.8863,49.1153],[7.89,49.1163],[7.8987,49.1176],[7.9048,49.118],[7.9093,49.1165],[7.9114,49.115],[7.9083,49.1076],[7.9107,49.104],[7.913,49.1042],[7.9143,49.1019],[7.9121,49.1001],[7.9127,49.0975],[7.9098,49.0964],[7.9097,49.0911],[7.9024,49.0903],[7.898,49.0923],[7.8914,49.0924],[7.8888,49.0917],[7.8896,49.0892],[7.8866,49.087],[7.8856,49.0851],[7.8886,49.0841],[7.8872,49.0812],[7.895,49.0778],[7.8949,49.0754],[7.8927,49.0718],[7.8889,49.0684],[7.8852,49.0641],[7.8844,49.0592],[7.881,49.0576],[7.8804,49.0554],[7.8828,49.0522],[7.8887,49.0511],[7.8923,49.0487],[7.8936,49.0495],[7.892,49.0529],[7.895,49.0547],[7.9028,49.0567],[7.908,49.0469],[7.909,49.0489],[7.9116,49.0487],[7.9107,49.0451],[7.9107,49.0435],[7.9144,49.0406],[7.917,49.0409],[7.9207,49.0432],[7.923,49.0437],[7.9254,49.0468],[7.9265,49.0498],[7.9312,49.0543],[7.9318,49.0581],[7.9356,49.0577],[7.9401,49.0561],[7.9407,49.0542],[7.9451,49.0554],[7.9462,49.0516],[7.9453,49.0497],[7.9496,49.0486],[7.949,49.0472],[7.9548,49.046],[7.9574,49.0449],[7.9569,49.0431],[7.9644,49.0429],[7.9665,49.0415],[7.9673,49.0386],[7.9668,49.0364],[7.9692,49.0355],[7.9715,49.0361],[7.9738,49.0315],[7.9745,49.0272],[7.9783,49.0273],[7.9814,49.0259],[7.9863,49.0274],[7.994,49.029],[8.0006,49.0282],[8.0016,49.0271],[8.0066,49.0258],[8.0103,49.0257],[8.0129,49.0242],[8.0138,49.021],[8.0209,49.0204],[8.0228,49.0181],[8.031,49.0189],[8.0339,49.017],[8.0451,49.014],[8.05,49.0138],[8.0535,49.0106],[8.0553,49.0103],[8.0574,49.0074],[8.0639,49.0055],[8.0648,49.0036],[8.0644,49.0011],[8.0659,48.9995],[8.0684,48.9993],[8.0691,49.0007],[8.0685,49.0056],[8.0664,49.0075],[8.0667,49.0108],[8.0715,49.0139],[8.074,49.0169],[8.0744,49.021],[8.0736,49.0244],[8.0751,49.0273],[8.0743,49.032],[8.0764,49.0333],[8.0746,49.0375],[8.0745,49.041],[8.0714,49.0486],[8.0698,49.0627]]]},"properties":{"id":"073375002","name":"Bad Bergzabern","territoire":"Rhénanie-Palatinat","sigle":"RLP","pays":"Allemagne","cx":7.985,"cy":49.087}},
{"type":"Feature","geometry":{"type":"MultiPolygon","coordinates":[[[[7.9633,49.2837],[7.9734,49.2835],[7.9758,49.2806],[7.9804,49.2796],[7.9865,49.2804],[7.987,49.2838],[7.9948,49.282],[7.9986,49.2807],[8.0024,49.2811],[8.0046,49.2798],[8.009,49.2784],[8.006,49.2741],[8.0086,49.2737],[8.0117,49.2768],[8.017,49.2786],[8.0145,49.2803],[8.0181,49.2809],[8.0201,49.2826],[8.0248,49.2813],[8.0286,49.2767],[8.032,49.2743],[8.0444,49.271],[8.041,49.2696],[8.0335,49.2698],[8.0299,49.2691],[8.0248,49.2711],[8.0216,49.2689],[8.0207,49.263],[8.018,49.2618],[8.0183,49.2592],[8.0236,49.2612],[8.0275,49.2595],[8.0303,49.2593],[8.0358,49.2561],[8.0428,49.2543],[8.0453,49.2527],[8.0535,49.2494],[8.0485,49.2469],[8.0399,49.2494],[8.0331,49.2527],[8.0342,49.2549],[8.0307,49.2577],[8.0277,49.2587],[8.0232,49.2582],[8.0241,49.2557],[8.019,49.2545],[8.0148,49.255],[8.0141,49.2538],[8.0171,49.2511],[8.0218,49.2515],[8.0266,49.2515],[8.0296,49.2498],[8.035,49.2477],[8.0412,49.2471],[8.0436,49.245],[8.0466,49.2411],[8.0515,49.2372],[8.0545,49.2357],[8.0578,49.235],[8.0699,49.2357],[8.0749,49.2358],[8.0751,49.239],[8.0739,49.2406],[8.0773,49.2415],[8.0916,49.2414],[8.0916,49.2402],[8.096,49.2404],[8.0962,49.2395],[8.1052,49.2402],[8.1118,49.2434],[8.1125,49.2425],[8.1178,49.2437],[8.118,49.2425],[8.1265,49.2435],[8.1276,49.2455],[8.1342,49.2461],[8.1339,49.2471],[8.1455,49.2502],[8.1522,49.2512],[8.1571,49.2513],[8.157,49.2527],[8.1708,49.2541],[8.1739,49.2539],[8.1802,49.2545],[8.1859,49.2556],[8.1898,49.2572],[8.1944,49.2579],[8.204,49.2582],[8.209,49.2594],[8.2123,49.2587],[8.2176,49.2597],[8.2204,49.2591],[8.2318,49.2603],[8.2412,49.2614],[8.2466,49.2619],[8.2462,49.2631],[8.251,49.2637],[8.2486,49.271],[8.2476,49.2756],[8.2647,49.278],[8.2652,49.2793],[8.2793,49.2815],[8.2851,49.2819],[8.2869,49.2804],[8.2919,49.281],[8.2978,49.2827],[8.3023,49.286],[8.3123,49.2905],[8.317,49.2919],[8.3199,49.2943],[8.3203,49.2967],[8.3172,49.2962],[8.3142,49.2983],[8.3184,49.2997],[8.3243,49.3005],[8.3174,49.3081],[8.3143,49.3076],[8.3044,49.3081],[8.3056,49.3049],[8.2972,49.3045],[8.2908,49.3033],[8.2866,49.3031],[8.2815,49.3014],[8.2777,49.3012],[8.2701,49.2989],[8.2606,49.2976],[8.2553,49.2975],[8.2527,49.2961],[8.2495,49.301],[8.2447,49.3],[8.2409,49.2988],[8.2244,49.2969],[8.223,49.2962],[8.211,49.2973],[8.2058,49.2963],[8.1981,49.2962],[8.198,49.2998],[8.2001,49.2998],[8.2,49.3046],[8.1991,49.3076],[8.202,49.308],[8.2009,49.3103],[8.1864,49.3096],[8.1849,49.3129],[8.1735,49.3117],[8.1726,49.3148],[8.1673,49.3138],[8.1578,49.3147],[8.1469,49.3132],[8.1467,49.3123],[8.141,49.3123],[8.1361,49.3113],[8.1312,49.3122],[8.1238,49.3149],[8.1183,49.314],[8.1096,49.3145],[8.1057,49.3153],[8.0995,49.3188],[8.0946,49.3185],[8.0878,49.3221],[8.0842,49.3223],[8.0824,49.3236],[8.0752,49.3233],[8.0706,49.3204],[8.0644,49.3186],[8.0637,49.3196],[8.06,49.3191],[8.0542,49.3227],[8.0489,49.3225],[8.0455,49.3229],[8.0404,49.3245],[8.0375,49.324],[8.0317,49.3206],[8.0269,49.3201],[8.0205,49.3225],[8.0129,49.3213],[8.0117,49.3246],[8.0159,49.3272],[8.0162,49.3293],[8.0228,49.3333],[8.0188,49.3358],[8.0129,49.3367],[8.0061,49.3393],[8.0025,49.339],[8.0004,49.34],[7.9996,49.3438],[7.9965,49.3428],[7.9933,49.3395],[7.9909,49.3391],[7.9879,49.3415],[7.9841,49.3424],[7.9804,49.3399],[7.9802,49.3354],[7.9815,49.3339],[7.9766,49.3324],[7.9723,49.3292],[7.9698,49.3284],[7.9661,49.3287],[7.9643,49.3264],[7.9588,49.3244],[7.9553,49.3242],[7.9511,49.3229],[7.9478,49.3233],[7.9408,49.3209],[7.9393,49.32],[7.9394,49.315],[7.9372,49.3131],[7.9377,49.3105],[7.9367,49.309],[7.9356,49.3057],[7.9387,49.3009],[7.939,49.2979],[7.9373,49.2943],[7.941,49.2924],[7.9447,49.2933],[7.9496,49.2966],[7.9536,49.298],[7.9579,49.298],[7.964,49.2951],[7.9632,49.2936],[7.9647,49.2911],[7.964,49.289],[7.9648,49.2848],[7.9633,49.2837]]],[[[7.9722,49.2641],[7.975,49.2635],[7.9778,49.2652],[7.9798,49.2643],[7.9822,49.2668],[7.9765,49.2704],[7.9705,49.2731],[7.9697,49.2718],[7.9632,49.2744],[7.962,49.272],[7.963,49.2692],[7.9662,49.2663],[7.9673,49.2667],[7.9722,49.2641]]]]},"properties":{"id":"073375003","name":"Edenkoben","territoire":"Rhénanie-Palatinat","sigle":"RLP","pays":"Allemagne","cx":8.105,"cy":49.279}},
{"type":"Feature","geometry":{"type":"Polygon","coordinates":[[[8.1326,49.1713],[8.134,49.1695],[8.1331,49.1617],[8.1302,49.1574],[8.1319,49.1569],[8.1323,49.1545],[8.1262,49.1535],[8.1167,49.1526],[8.1183,49.15],[8.1162,49.1499],[8.1171,49.1466],[8.1156,49.1445],[8.1165,49.1407],[8.116,49.138],[8.118,49.1318],[8.1273,49.1305],[8.1298,49.1283],[8.133,49.1273],[8.1395,49.1271],[8.1446,49.1289],[8.1569,49.1311],[8.1582,49.1324],[8.1619,49.1329],[8.166,49.136],[8.17,49.1371],[8.1716,49.1345],[8.1669,49.1328],[8.1686,49.1284],[8.1739,49.1287],[8.1788,49.1237],[8.1788,49.1209],[8.1822,49.121],[8.1913,49.1193],[8.1896,49.1181],[8.1904,49.1161],[8.1962,49.114],[8.1981,49.1121],[8.2016,49.1108],[8.2086,49.1102],[8.2106,49.1091],[8.2108,49.1118],[8.2099,49.1166],[8.2175,49.116],[8.2188,49.1182],[8.2226,49.1176],[8.2227,49.12],[8.225,49.1197],[8.2249,49.1239],[8.2238,49.1271],[8.2256,49.1274],[8.2301,49.124],[8.2381,49.1255],[8.2481,49.1265],[8.2531,49.1278],[8.2554,49.1277],[8.2565,49.1248],[8.2635,49.126],[8.2631,49.1285],[8.2604,49.1331],[8.26,49.1357],[8.2579,49.1387],[8.2566,49.1445],[8.2553,49.146],[8.2558,49.1509],[8.2639,49.1532],[8.2619,49.1601],[8.2578,49.1592],[8.2553,49.17],[8.2568,49.1702],[8.2561,49.1727],[8.248,49.171],[8.241,49.1704],[8.2407,49.1711],[8.2343,49.1718],[8.2295,49.1699],[8.2285,49.1724],[8.2163,49.1711],[8.2075,49.17],[8.2078,49.1658],[8.2028,49.1643],[8.2022,49.1667],[8.1839,49.165],[8.1812,49.1668],[8.1808,49.169],[8.1774,49.1687],[8.178,49.1647],[8.1749,49.1645],[8.1726,49.1666],[8.1654,49.1671],[8.1627,49.1683],[8.1567,49.1698],[8.1555,49.1719],[8.1545,49.176],[8.1459,49.1753],[8.1437,49.1728],[8.1326,49.1713]]]},"properties":{"id":"073375004","name":"Herxheim","territoire":"Rhénanie-Palatinat","sigle":"RLP","pays":"Allemagne","cx":8.193,"cy":49.144}},
{"type":"Feature","geometry":{"type":"MultiPolygon","coordinates":[[[[7.9923,49.1697],[7.9946,49.172],[8.0013,49.1737],[7.9988,49.1709],[7.9984,49.1672],[8.0038,49.1677],[8.007,49.1644],[8.0114,49.1636],[8.011,49.1585],[8.0111,49.154],[8.016,49.1547],[8.0196,49.1522],[8.0197,49.151],[8.0233,49.1501],[8.0299,49.1498],[8.03,49.148],[8.0326,49.1474],[8.0342,49.1443],[8.0358,49.1445],[8.037,49.14],[8.0399,49.1393],[8.0374,49.1373],[8.0385,49.1364],[8.0336,49.1346],[8.0315,49.1267],[8.033,49.1268],[8.0471,49.1204],[8.0509,49.1184],[8.0518,49.1164],[8.0556,49.1161],[8.0569,49.1148],[8.0647,49.115],[8.0701,49.1126],[8.0733,49.1101],[8.079,49.1078],[8.0844,49.1031],[8.0888,49.1021],[8.0922,49.1022],[8.0929,49.0992],[8.1014,49.0991],[8.1088,49.0992],[8.1131,49.1004],[8.1171,49.1004],[8.1187,49.1027],[8.1185,49.107],[8.1196,49.1089],[8.118,49.1173],[8.117,49.1202],[8.118,49.1318],[8.116,49.138],[8.1165,49.1407],[8.1156,49.1445],[8.1171,49.1466],[8.1162,49.1499],[8.1183,49.15],[8.1167,49.1526],[8.1262,49.1535],[8.1323,49.1545],[8.1319,49.1569],[8.1302,49.1574],[8.1331,49.1617],[8.134,49.1695],[8.1326,49.1713],[8.1304,49.1707],[8.1228,49.171],[8.119,49.172],[8.113,49.173],[8.1108,49.175],[8.1047,49.1708],[8.0996,49.1687],[8.1005,49.1667],[8.0979,49.161],[8.0947,49.1611],[8.0943,49.1597],[8.0908,49.1593],[8.0909,49.1559],[8.0857,49.1557],[8.0818,49.1561],[8.0724,49.1551],[8.064,49.1557],[8.0649,49.1583],[8.0645,49.1601],[8.0618,49.16],[8.0616,49.1617],[8.0585,49.1615],[8.0585,49.1635],[8.0541,49.1645],[8.0549,49.1691],[8.0561,49.1704],[8.0644,49.1718],[8.0651,49.1745],[8.0644,49.1777],[8.067,49.1823],[8.0695,49.1823],[8.0706,49.1863],[8.0662,49.1865],[8.057,49.1862],[8.0583,49.19],[8.0557,49.1917],[8.0502,49.1908],[8.0424,49.1913],[8.0389,49.1923],[8.0332,49.1924],[8.0304,49.1918],[8.0207,49.192],[8.0182,49.193],[8.0184,49.1956],[8.0217,49.1962],[8.0324,49.1944],[8.0329,49.196],[8.0434,49.1973],[8.0435,49.1993],[8.0421,49.2009],[8.0468,49.2016],[8.0509,49.2027],[8.0578,49.2026],[8.0654,49.2035],[8.0649,49.2064],[8.0627,49.2087],[8.0605,49.2086],[8.0597,49.2136],[8.0572,49.2185],[8.0587,49.2186],[8.0576,49.2219],[8.061,49.2224],[8.0608,49.224],[8.0649,49.2235],[8.0651,49.2248],[8.0727,49.2264],[8.0748,49.2273],[8.0746,49.2299],[8.0796,49.2297],[8.0799,49.2285],[8.0872,49.2286],[8.0879,49.2299],[8.0923,49.2293],[8.0976,49.2307],[8.0972,49.2317],[8.1034,49.2329],[8.1065,49.2319],[8.1095,49.2322],[8.1124,49.2314],[8.1225,49.2323],[8.1226,49.2313],[8.1279,49.2306],[8.1292,49.2277],[8.1337,49.228],[8.1405,49.2271],[8.1405,49.2289],[8.1501,49.2292],[8.1522,49.2285],[8.1524,49.2353],[8.1522,49.2448],[8.1477,49.2453],[8.1454,49.247],[8.1455,49.2502],[8.1339,49.2471],[8.1342,49.2461],[8.1276,49.2455],[8.1265,49.2435],[8.118,49.2425],[8.1178,49.2437],[8.1125,49.2425],[8.1118,49.2434],[8.1052,49.2402],[8.0962,49.2395],[8.096,49.2404],[8.0916,49.2402],[8.0916,49.2414],[8.0773,49.2415],[8.0739,49.2406],[8.0751,49.239],[8.0749,49.2358],[8.0699,49.2357],[8.0578,49.235],[8.0545,49.2357],[8.0515,49.2372],[8.0466,49.2411],[8.0436,49.245],[8.0412,49.2471],[8.035,49.2477],[8.0296,49.2498],[8.0266,49.2515],[8.0218,49.2515],[8.0243,49.246],[8.0205,49.2425],[8.0172,49.2423],[8.015,49.2409],[8.0121,49.2359],[8.0185,49.2354],[8.0241,49.2328],[8.0248,49.2337],[8.0292,49.2342],[8.0331,49.2319],[8.035,49.2316],[8.0394,49.2272],[8.0433,49.2265],[8.0447,49.2244],[8.0434,49.223],[8.044,49.2207],[8.0411,49.2201],[8.0432,49.2169],[8.0436,49.2132],[8.0403,49.2096],[8.0282,49.209],[8.0212,49.2074],[8.0174,49.2101],[8.015,49.2108],[8.011,49.2106],[8.0062,49.2085],[8.0019,49.2048],[8.005,49.2027],[8.0018,49.2013],[8.0016,49.2],[8.0041,49.1977],[8.0008,49.1971],[7.9937,49.2027],[7.9906,49.2015],[7.9875,49.1989],[7.9874,49.1973],[7.9817,49.1951],[7.9814,49.1926],[7.985,49.1899],[7.9848,49.1853],[7.9821,49.1826],[7.9775,49.1813],[7.9739,49.1784],[7.9753,49.176],[7.9751,49.1731],[7.979,49.1743],[7.9836,49.1742],[7.9825,49.1766],[7.9789,49.1769],[7.9771,49.1782],[7.9786,49.181],[7.9833,49.1816],[7.9881,49.1794],[7.9927,49.1801],[7.9952,49.1779],[7.9908,49.1737],[7.9923,49.1697]]],[[[7.9632,49.2744],[7.9697,49.2718],[7.9705,49.2731],[7.9765,49.2704],[7.9822,49.2668],[7.9855,49.266],[7.9882,49.2709],[7.987,49.2746],[7.9845,49.2768],[7.9844,49.2783],[7.9865,49.2804],[7.9804,49.2796],[7.9758,49.2806],[7.9734,49.2835],[7.9633,49.2837],[7.9628,49.2804],[7.9639,49.2791],[7.9628,49.2763],[7.9632,49.2744]]],[[[7.9186,49.2831],[7.918,49.2809],[7.922,49.2799],[7.9225,49.2731],[7.9184,49.2682],[7.9179,49.2647],[7.9214,49.2612],[7.9212,49.2574],[7.9198,49.2536],[7.9229,49.2509],[7.9259,49.2516],[7.9264,49.25],[7.9315,49.2454],[7.9345,49.2453],[7.9353,49.2467],[7.9446,49.2515],[7.9459,49.2532],[7.9502,49.2567],[7.9542,49.2568],[7.9566,49.2588],[7.9583,49.2589],[7.9586,49.2601],[7.9459,49.2618],[7.9456,49.2628],[7.9405,49.2652],[7.9409,49.2694],[7.937,49.2707],[7.9333,49.2699],[7.9303,49.2726],[7.9285,49.2729],[7.9256,49.2755],[7.9274,49.279],[7.9308,49.2783],[7.9333,49.2794],[7.9328,49.2811],[7.9364,49.2826],[7.9386,49.2816],[7.9464,49.2803],[7.9474,49.2837],[7.9471,49.2864],[7.9411,49.2881],[7.9341,49.2873],[7.9345,49.2903],[7.9296,49.2895],[7.9286,49.2881],[7.9241,49.2894],[7.9233,49.2853],[7.9197,49.2857],[7.9173,49.2842],[7.9186,49.2831]]],[[[8.0232,49.2582],[8.0277,49.2587],[8.0307,49.2577],[8.0342,49.2549],[8.0331,49.2527],[8.0399,49.2494],[8.0485,49.2469],[8.0535,49.2494],[8.0453,49.2527],[8.0428,49.2543],[8.0358,49.2561],[8.0303,49.2593],[8.0275,49.2595],[8.0236,49.2612],[8.0183,49.2592],[8.0232,49.2582]]]]},"properties":{"id":"073375005","name":"Landau-Land","territoire":"Rhénanie-Palatinat","sigle":"RLP","pays":"Allemagne","cx":8.081,"cy":49.133}},
{"type":"Feature","geometry":{"type":"Polygon","coordinates":[[[8.1774,49.1687],[8.1808,49.169],[8.1812,49.1668],[8.1839,49.165],[8.2022,49.1667],[8.2028,49.1643],[8.2078,49.1658],[8.2075,49.17],[8.2163,49.1711],[8.2167,49.175],[8.2151,49.1961],[8.218,49.1965],[8.2168,49.2015],[8.2185,49.2016],[8.2159,49.2093],[8.2227,49.2116],[8.2259,49.2118],[8.2291,49.2107],[8.2314,49.2113],[8.2343,49.2103],[8.2374,49.2105],[8.2378,49.2129],[8.2359,49.213],[8.2359,49.2171],[8.2385,49.2173],[8.238,49.2223],[8.2368,49.2271],[8.2387,49.2317],[8.2368,49.2352],[8.2343,49.2352],[8.2331,49.2403],[8.236,49.2418],[8.2357,49.2443],[8.2371,49.245],[8.2342,49.2488],[8.2359,49.249],[8.2337,49.254],[8.2318,49.2603],[8.2204,49.2591],[8.2176,49.2597],[8.2123,49.2587],[8.209,49.2594],[8.204,49.2582],[8.1944,49.2579],[8.1898,49.2572],[8.1859,49.2556],[8.1802,49.2545],[8.1739,49.2539],[8.1708,49.2541],[8.157,49.2527],[8.1571,49.2513],[8.1522,49.2512],[8.1455,49.2502],[8.1454,49.247],[8.1477,49.2453],[8.1522,49.2448],[8.1524,49.2353],[8.1522,49.2285],[8.1558,49.2276],[8.1603,49.2145],[8.156,49.2139],[8.157,49.2067],[8.1678,49.2072],[8.1789,49.2093],[8.1802,49.207],[8.1739,49.2037],[8.1697,49.2027],[8.1681,49.1984],[8.1687,49.1927],[8.1778,49.193],[8.1779,49.1901],[8.1794,49.1835],[8.1774,49.1829],[8.1782,49.1793],[8.1759,49.1776],[8.1779,49.1762],[8.1748,49.174],[8.176,49.1688],[8.1774,49.1687]]]},"properties":{"id":"073375007","name":"Offenbach an der Queich","territoire":"Rhénanie-Palatinat","sigle":"RLP","pays":"Allemagne","cx":8.197,"cy":49.226}},
{"type":"Feature","geometry":{"type":"Polygon","coordinates":[[[8.3269,49.3955],[8.3334,49.398],[8.3341,49.3967],[8.3416,49.3987],[8.3495,49.4023],[8.3558,49.4068],[8.3564,49.4089],[8.3528,49.412],[8.3517,49.4126],[8.3488,49.4171],[8.3443,49.4218],[8.3397,49.4231],[8.3355,49.4223],[8.3303,49.4294],[8.3287,49.43],[8.3253,49.4292],[8.321,49.4321],[8.3122,49.4407],[8.3102,49.4449],[8.3099,49.4473],[8.3073,49.4531],[8.2932,49.4491],[8.2837,49.4469],[8.269,49.4461],[8.2652,49.4455],[8.2621,49.4423],[8.2466,49.4403],[8.2358,49.4396],[8.2343,49.4374],[8.2328,49.436],[8.2333,49.43],[8.234,49.43],[8.236,49.4228],[8.2378,49.4183],[8.2532,49.4214],[8.2538,49.4201],[8.2579,49.4209],[8.258,49.4192],[8.2605,49.4152],[8.2594,49.4138],[8.2648,49.4054],[8.2639,49.4051],[8.2675,49.3983],[8.2712,49.3986],[8.2716,49.3967],[8.2697,49.3948],[8.277,49.3948],[8.2765,49.3964],[8.2793,49.3969],[8.2787,49.399],[8.2815,49.3997],[8.2805,49.4012],[8.2877,49.4005],[8.2977,49.4029],[8.301,49.4024],[8.3071,49.3989],[8.3095,49.4005],[8.3115,49.399],[8.3151,49.4004],[8.3165,49.3992],[8.3211,49.4006],[8.3269,49.3955]]]},"properties":{"id":"073385001","name":"Dannstadt-Schauernheim","territoire":"Rhénanie-Palatinat","sigle":"RLP","pays":"Allemagne","cx":8.293,"cy":49.423}},
{"type":"Feature","geometry":{"type":"Polygon","coordinates":[[[8.3087,49.5019],[8.3027,49.5024],[8.2992,49.5005],[8.2914,49.4997],[8.2709,49.4965],[8.2706,49.4982],[8.2655,49.4967],[8.2555,49.4927],[8.2529,49.4939],[8.2491,49.494],[8.2451,49.4922],[8.2388,49.4921],[8.2394,49.4889],[8.253,49.491],[8.2544,49.4891],[8.2481,49.486],[8.2495,49.4829],[8.2526,49.4807],[8.2509,49.4799],[8.2544,49.4775],[8.2601,49.4788],[8.2638,49.4792],[8.2712,49.4788],[8.2754,49.4674],[8.2774,49.4591],[8.2751,49.4589],[8.2759,49.4568],[8.2784,49.4568],[8.2804,49.4554],[8.2837,49.4469],[8.2932,49.4491],[8.3073,49.4531],[8.3188,49.4552],[8.319,49.4591],[8.3167,49.4615],[8.3116,49.4601],[8.3057,49.4728],[8.3009,49.4722],[8.2981,49.4768],[8.2991,49.4813],[8.3097,49.4833],[8.3096,49.4852],[8.3091,49.491],[8.3087,49.5019]]]},"properties":{"id":"073385004","name":"Maxdorf","territoire":"Rhénanie-Palatinat","sigle":"RLP","pays":"Allemagne","cx":8.285,"cy":49.479}},
{"type":"Feature","geometry":{"type":"Polygon","coordinates":[[[8.3426,49.5581],[8.3426,49.5664],[8.3388,49.5661],[8.3379,49.5816],[8.3341,49.5813],[8.3333,49.5837],[8.3345,49.5878],[8.3364,49.5892],[8.3422,49.5908],[8.343,49.5951],[8.3314,49.6002],[8.3284,49.5975],[8.3227,49.5947],[8.3117,49.5933],[8.3073,49.5923],[8.2974,49.5911],[8.2876,49.5894],[8.2883,49.5878],[8.281,49.5868],[8.2808,49.5795],[8.2793,49.5739],[8.2806,49.5656],[8.2792,49.5628],[8.2815,49.5606],[8.2825,49.558],[8.2842,49.5503],[8.2806,49.5493],[8.2807,49.5447],[8.2817,49.5428],[8.2758,49.5414],[8.2768,49.5399],[8.2678,49.5371],[8.2562,49.5362],[8.2564,49.5335],[8.2579,49.5287],[8.2617,49.528],[8.266,49.5284],[8.2674,49.5263],[8.2702,49.5169],[8.2715,49.5104],[8.2714,49.5085],[8.2641,49.5077],[8.2658,49.5028],[8.274,49.5037],[8.2761,49.499],[8.2706,49.4982],[8.2709,49.4965],[8.2914,49.4997],[8.2992,49.5005],[8.3027,49.5024],[8.3087,49.5019],[8.3087,49.5063],[8.3133,49.5068],[8.3132,49.5175],[8.3097,49.5186],[8.3083,49.5208],[8.3094,49.523],[8.3148,49.5248],[8.3151,49.5276],[8.3106,49.5291],[8.312,49.5333],[8.3173,49.5329],[8.3231,49.5366],[8.3223,49.5394],[8.3202,49.5413],[8.3137,49.5455],[8.3129,49.5498],[8.32,49.5505],[8.3316,49.55],[8.3376,49.5505],[8.3386,49.5578],[8.3426,49.5581]]]},"properties":{"id":"073385006","name":"Lambsheim-Heßheim","territoire":"Rhénanie-Palatinat","sigle":"RLP","pays":"Allemagne","cx":8.301,"cy":49.566}},
{"type":"Feature","geometry":{"type":"Polygon","coordinates":[[[8.3174,49.3081],[8.3243,49.3005],[8.3184,49.2997],[8.3142,49.2983],[8.3172,49.2962],[8.3203,49.2967],[8.3272,49.2977],[8.3298,49.2926],[8.3391,49.2916],[8.3389,49.2904],[8.344,49.2888],[8.3478,49.2888],[8.3495,49.2878],[8.3536,49.2827],[8.3571,49.2825],[8.3627,49.2855],[8.3677,49.2816],[8.3661,49.2807],[8.3673,49.2788],[8.3687,49.2719],[8.3672,49.2718],[8.3689,49.2681],[8.3752,49.2638],[8.3782,49.2653],[8.3801,49.2624],[8.3908,49.2533],[8.3921,49.2505],[8.4003,49.254],[8.4029,49.2528],[8.4054,49.2547],[8.4105,49.2545],[8.4125,49.253],[8.412,49.251],[8.4131,49.2498],[8.4316,49.2577],[8.4398,49.2623],[8.4455,49.2669],[8.454,49.276],[8.4582,49.2791],[8.467,49.283],[8.4663,49.284],[8.4614,49.2852],[8.4433,49.2925],[8.4376,49.294],[8.4323,49.2938],[8.4188,49.301],[8.4151,49.3008],[8.4109,49.3019],[8.4035,49.3053],[8.4042,49.3126],[8.3997,49.3197],[8.4036,49.3226],[8.403,49.324],[8.4073,49.3255],[8.4069,49.3288],[8.4031,49.3307],[8.3855,49.3377],[8.3754,49.342],[8.3801,49.3477],[8.3837,49.351],[8.3876,49.3515],[8.389,49.353],[8.3845,49.3535],[8.381,49.3494],[8.3797,49.3494],[8.3787,49.3473],[8.3758,49.3445],[8.3719,49.3451],[8.366,49.3426],[8.3622,49.34],[8.3613,49.3382],[8.3626,49.3363],[8.3546,49.3336],[8.3519,49.3332],[8.3431,49.3299],[8.3331,49.3206],[8.329,49.3196],[8.3258,49.3197],[8.3174,49.3161],[8.3146,49.3149],[8.3144,49.3115],[8.3174,49.3109],[8.3174,49.3081]]]},"properties":{"id":"073385007","name":"Römerberg-Dudenhofen","territoire":"Rhénanie-Palatinat","sigle":"RLP","pays":"Allemagne","cx":8.379,"cy":49.304}},
{"type":"Feature","geometry":{"type":"Polygon","coordinates":[[[8.4114,49.4267],[8.4127,49.4069],[8.4151,49.3988],[8.4108,49.3976],[8.4114,49.3958],[8.4072,49.3949],[8.4063,49.3938],[8.4079,49.3914],[8.407,49.39],[8.4075,49.3877],[8.4124,49.3873],[8.4134,49.3821],[8.4174,49.378],[8.4183,49.3755],[8.4225,49.3766],[8.4233,49.3688],[8.424,49.3663],[8.429,49.3665],[8.4299,49.3607],[8.4354,49.3608],[8.4337,49.3559],[8.4373,49.3553],[8.4371,49.3523],[8.442,49.3513],[8.4458,49.355],[8.4434,49.3573],[8.4425,49.3594],[8.4429,49.3619],[8.4448,49.3646],[8.4489,49.3666],[8.4505,49.365],[8.458,49.3648],[8.4638,49.3632],[8.4668,49.3611],[8.4706,49.3653],[8.4767,49.367],[8.4854,49.3665],[8.4913,49.3642],[8.4918,49.3624],[8.4859,49.3629],[8.4783,49.3627],[8.4727,49.3613],[8.4692,49.3593],[8.4672,49.3554],[8.4675,49.353],[8.4712,49.3466],[8.4709,49.3407],[8.4798,49.346],[8.4864,49.3512],[8.4921,49.3572],[8.4968,49.3642],[8.4998,49.3715],[8.5009,49.3764],[8.5014,49.3836],[8.5004,49.389],[8.4938,49.3872],[8.4883,49.3838],[8.4819,49.3779],[8.4775,49.3751],[8.4715,49.3733],[8.4663,49.3752],[8.4635,49.378],[8.4635,49.3844],[8.4654,49.3873],[8.4704,49.3898],[8.4748,49.391],[8.4882,49.3969],[8.4942,49.4002],[8.4962,49.4021],[8.4967,49.4095],[8.4998,49.4173],[8.5033,49.4238],[8.508,49.4311],[8.5084,49.4328],[8.507,49.4375],[8.5045,49.4401],[8.4989,49.4427],[8.4919,49.4437],[8.4818,49.4441],[8.4725,49.4435],[8.4723,49.4413],[8.4762,49.4401],[8.466,49.4371],[8.4619,49.4368],[8.4594,49.4358],[8.4537,49.4362],[8.4502,49.4381],[8.448,49.4372],[8.4465,49.439],[8.4363,49.4358],[8.4264,49.4318],[8.4253,49.4334],[8.4207,49.433],[8.4185,49.4307],[8.412,49.4276],[8.4114,49.4267]]]},"properties":{"id":"073385008","name":"Waldsee","territoire":"Rhénanie-Palatinat","sigle":"RLP","pays":"Allemagne","cx":8.451,"cy":49.41}},
{"type":"Feature","geometry":{"type":"Polygon","coordinates":[[[7.868,49.9787],[7.8646,49.9822],[7.8637,49.9843],[7.8613,49.995],[7.8584,50.002],[7.8587,50.0049],[7.8572,50.0082],[7.8506,50.0139],[7.8484,50.015],[7.8334,50.0199],[7.8279,50.0228],[7.8087,50.0365],[7.8059,50.0393],[7.8017,50.0405],[7.7922,50.0442],[7.7797,50.0511],[7.7737,50.0563],[7.7726,50.0585],[7.7727,50.0616],[7.774,50.0665],[7.7742,50.0725],[7.7735,50.0756],[7.7715,50.0779],[7.7648,50.0826],[7.7587,50.08],[7.7535,50.0801],[7.7528,50.081],[7.7469,50.0796],[7.7426,50.0765],[7.7396,50.0763],[7.7385,50.0745],[7.7266,50.071],[7.7171,50.0676],[7.7151,50.0651],[7.712,50.0652],[7.7058,50.0633],[7.7041,50.0606],[7.6984,50.0579],[7.6951,50.0568],[7.6919,50.0524],[7.6876,50.05],[7.6817,50.0451],[7.6775,50.0432],[7.6723,50.0396],[7.6685,50.0347],[7.6648,50.0327],[7.6672,50.0312],[7.6737,50.0308],[7.6829,50.0286],[7.6852,50.0315],[7.6916,50.0321],[7.6929,50.0297],[7.6908,50.0251],[7.6952,50.0229],[7.6951,50.0214],[7.6969,50.0178],[7.7,50.0153],[7.7026,50.0114],[7.7093,50.0089],[7.7145,50.0101],[7.7159,50.0093],[7.7172,50.0059],[7.7255,50.0025],[7.7279,50.0033],[7.7297,50.0065],[7.7324,50.0048],[7.7269,50.0015],[7.7299,50.0014],[7.7346,49.9987],[7.7392,49.9998],[7.7435,49.9981],[7.7461,49.9981],[7.7506,49.9962],[7.7547,49.9961],[7.7584,49.994],[7.7593,49.9917],[7.7623,49.9878],[7.7675,49.9885],[7.7681,49.9858],[7.7706,49.9821],[7.7697,49.9797],[7.7735,49.9732],[7.7801,49.9693],[7.7887,49.9675],[7.7977,49.9633],[7.803,49.9593],[7.8078,49.9594],[7.8099,49.9583],[7.8177,49.9569],[7.8186,49.9545],[7.8206,49.9536],[7.8218,49.9486],[7.8049,49.9481],[7.805,49.9418],[7.8073,49.9407],[7.8018,49.938],[7.8064,49.937],[7.811,49.9337],[7.8145,49.9336],[7.822,49.9368],[7.8284,49.9386],[7.8369,49.94],[7.8412,49.9411],[7.8446,49.943],[7.8506,49.9416],[7.8578,49.9412],[7.8576,49.9398],[7.8616,49.938],[7.8651,49.9389],[7.8689,49.9351],[7.873,49.935],[7.8765,49.9363],[7.8808,49.9343],[7.8858,49.9329],[7.8905,49.9301],[7.8982,49.9304],[7.9003,49.9359],[7.903,49.9406],[7.8995,49.9428],[7.8988,49.9443],[7.8993,49.9515],[7.8989,49.9538],[7.896,49.9575],[7.8885,49.9561],[7.8864,49.959],[7.8832,49.9581],[7.8816,49.96],[7.8818,49.9621],[7.8766,49.9616],[7.8739,49.9674],[7.8766,49.9687],[7.8694,49.9707],[7.8715,49.9724],[7.8664,49.9745],[7.8637,49.9766],[7.868,49.9787]]]},"properties":{"id":"073395001","name":"Rhein-Nahe","territoire":"Rhénanie-Palatinat","sigle":"RLP","pays":"Allemagne","cx":7.791,"cy":50.01}},
{"type":"Feature","geometry":{"type":"Polygon","coordinates":[[[8.2527,49.8966],[8.2629,49.8965],[8.272,49.8983],[8.2775,49.8983],[8.2788,49.8948],[8.2831,49.8906],[8.2853,49.8907],[8.2861,49.8882],[8.2897,49.8886],[8.2911,49.8877],[8.2874,49.8838],[8.2897,49.8785],[8.2969,49.882],[8.3006,49.8831],[8.3077,49.8841],[8.3114,49.8874],[8.3191,49.8897],[8.3241,49.8931],[8.3309,49.8968],[8.3365,49.8976],[8.3383,49.899],[8.3408,49.9034],[8.349,49.9022],[8.3524,49.9059],[8.3536,49.9083],[8.3547,49.9132],[8.3534,49.92],[8.3478,49.9302],[8.343,49.9405],[8.3364,49.9392],[8.3333,49.9381],[8.3262,49.9455],[8.3215,49.9439],[8.311,49.9413],[8.3043,49.942],[8.3062,49.9474],[8.3033,49.9478],[8.3023,49.9459],[8.2994,49.9459],[8.2968,49.9448],[8.2958,49.9423],[8.2877,49.9422],[8.2861,49.9412],[8.28,49.9414],[8.2777,49.9353],[8.2801,49.9312],[8.2776,49.9292],[8.2716,49.9271],[8.2675,49.9251],[8.2691,49.9191],[8.261,49.9163],[8.259,49.9141],[8.2611,49.9096],[8.2557,49.9085],[8.2561,49.9077],[8.253,49.9051],[8.2542,49.9022],[8.2496,49.9],[8.2527,49.8966]]]},"properties":{"id":"073395002","name":"Bodenheim","territoire":"Rhénanie-Palatinat","sigle":"RLP","pays":"Allemagne","cx":8.306,"cy":49.915}},
{"type":"Feature","geometry":{"type":"Polygon","coordinates":[[[7.9953,49.9211],[8.0008,49.915],[8.0037,49.9144],[8.0076,49.9124],[8.0044,49.9105],[8.0074,49.9071],[7.9937,49.9017],[7.9953,49.8991],[7.9909,49.8973],[7.9946,49.8933],[8.0016,49.896],[8.0111,49.8936],[8.0171,49.8905],[8.0187,49.8888],[8.0243,49.8856],[8.0277,49.8858],[8.0321,49.8883],[8.0339,49.887],[8.0369,49.8882],[8.0384,49.8867],[8.0428,49.8885],[8.046,49.8898],[8.0445,49.8912],[8.0486,49.8929],[8.0523,49.8927],[8.0594,49.8941],[8.073,49.8986],[8.0892,49.9029],[8.0967,49.9057],[8.1018,49.9049],[8.101,49.9036],[8.1137,49.9076],[8.1179,49.9077],[8.1226,49.9101],[8.1196,49.9109],[8.1208,49.9126],[8.1184,49.9151],[8.1158,49.9158],[8.1104,49.9159],[8.1048,49.9186],[8.1121,49.9267],[8.1155,49.9275],[8.1164,49.9298],[8.1234,49.9322],[8.1223,49.9329],[8.1274,49.9378],[8.1315,49.9375],[8.1351,49.9445],[8.1349,49.9466],[8.1375,49.9465],[8.1374,49.9494],[8.1396,49.9493],[8.14,49.9528],[8.1375,49.9589],[8.1193,49.9554],[8.119,49.9542],[8.1085,49.9493],[8.1074,49.9483],[8.1007,49.946],[8.0994,49.9432],[8.0971,49.941],[8.0908,49.9392],[8.092,49.9383],[8.0881,49.9365],[8.0862,49.9349],[8.0791,49.9323],[8.0724,49.9329],[8.0652,49.9321],[8.061,49.9322],[8.0559,49.9296],[8.0522,49.9316],[8.0425,49.9341],[8.0409,49.9372],[8.0367,49.9419],[8.036,49.9433],[8.0377,49.945],[8.0386,49.9486],[8.0341,49.9544],[8.0313,49.9623],[8.0234,49.9724],[8.0104,49.9712],[7.993,49.9651],[7.9829,49.964],[7.9844,49.9565],[7.9833,49.9558],[7.9712,49.9544],[7.9666,49.9536],[7.952,49.9518],[7.9588,49.9308],[7.961,49.9331],[7.9688,49.9323],[7.9751,49.9301],[7.9792,49.9317],[7.9825,49.9317],[7.985,49.9336],[7.9884,49.9298],[7.9919,49.9237],[7.995,49.9248],[7.9984,49.9269],[8.0014,49.9263],[8.0038,49.9243],[7.9983,49.9227],[7.9953,49.9211]]]},"properties":{"id":"073395003","name":"Gau-Algesheim","territoire":"Rhénanie-Palatinat","sigle":"RLP","pays":"Allemagne","cx":8.037,"cy":49.913}},
{"type":"Feature","geometry":{"type":"Polygon","coordinates":[[[8.1486,49.9639],[8.1375,49.9589],[8.14,49.9528],[8.1396,49.9493],[8.1374,49.9494],[8.1375,49.9465],[8.1349,49.9466],[8.1351,49.9445],[8.1315,49.9375],[8.1274,49.9378],[8.1223,49.9329],[8.1234,49.9322],[8.1164,49.9298],[8.1155,49.9275],[8.1121,49.9267],[8.1048,49.9186],[8.1104,49.9159],[8.1158,49.9158],[8.1184,49.9151],[8.1208,49.9126],[8.1196,49.9109],[8.1226,49.9101],[8.1179,49.9077],[8.1137,49.9076],[8.101,49.9036],[8.1018,49.9049],[8.0967,49.9057],[8.0892,49.9029],[8.073,49.8986],[8.0594,49.8941],[8.0523,49.8927],[8.0486,49.8929],[8.0445,49.8912],[8.046,49.8898],[8.0428,49.8885],[8.046,49.8883],[8.0504,49.8849],[8.0589,49.8878],[8.0609,49.8855],[8.0701,49.8874],[8.0786,49.8876],[8.084,49.8889],[8.0917,49.889],[8.1004,49.8911],[8.102,49.8922],[8.1189,49.8994],[8.1207,49.8968],[8.1277,49.8907],[8.1391,49.8905],[8.1506,49.893],[8.16,49.8936],[8.161,49.8987],[8.1662,49.8993],[8.1741,49.899],[8.1769,49.9],[8.1868,49.8914],[8.1854,49.8887],[8.1856,49.8858],[8.1923,49.8837],[8.1911,49.8798],[8.1912,49.8766],[8.1924,49.874],[8.1959,49.8686],[8.2043,49.868],[8.2068,49.8713],[8.2102,49.8735],[8.2134,49.8737],[8.2302,49.8771],[8.2327,49.878],[8.2374,49.8823],[8.2429,49.8833],[8.2472,49.8815],[8.247,49.8866],[8.2512,49.8877],[8.2487,49.8954],[8.2348,49.899],[8.2323,49.9006],[8.2271,49.9002],[8.2273,49.9023],[8.2295,49.9095],[8.2248,49.9093],[8.2249,49.9106],[8.2298,49.911],[8.2308,49.9153],[8.23,49.9183],[8.2333,49.9188],[8.2319,49.9213],[8.2284,49.9211],[8.2298,49.9234],[8.2324,49.925],[8.2362,49.9288],[8.2363,49.9307],[8.242,49.9383],[8.245,49.9398],[8.2434,49.9474],[8.237,49.9467],[8.2342,49.9483],[8.2299,49.9475],[8.2271,49.948],[8.2219,49.9516],[8.2237,49.9533],[8.2188,49.9555],[8.2171,49.9571],[8.2123,49.9561],[8.2116,49.9574],[8.2055,49.9562],[8.2026,49.9585],[8.1937,49.9537],[8.1908,49.9526],[8.1858,49.9628],[8.1864,49.9636],[8.1807,49.9672],[8.1792,49.9675],[8.1638,49.966],[8.1486,49.9639]]]},"properties":{"id":"073395006","name":"Nieder-Olm","territoire":"Rhénanie-Palatinat","sigle":"RLP","pays":"Allemagne","cx":8.172,"cy":49.928}},
{"type":"Feature","geometry":{"type":"Polygon","coordinates":[[[8.2487,49.8954],[8.2512,49.8877],[8.247,49.8866],[8.2472,49.8815],[8.2429,49.8833],[8.2374,49.8823],[8.2327,49.878],[8.2302,49.8771],[8.2134,49.8737],[8.2102,49.8735],[8.2068,49.8713],[8.2043,49.868],[8.205,49.8643],[8.202,49.863],[8.2032,49.8598],[8.2098,49.8608],[8.2125,49.8558],[8.2149,49.8533],[8.2106,49.8504],[8.2116,49.849],[8.2035,49.846],[8.194,49.844],[8.1893,49.8434],[8.1899,49.8385],[8.1925,49.8372],[8.1908,49.835],[8.1944,49.8281],[8.1934,49.8279],[8.1953,49.8234],[8.1971,49.8244],[8.1986,49.8216],[8.2036,49.8219],[8.2105,49.8219],[8.2158,49.8229],[8.2282,49.8238],[8.2336,49.823],[8.2323,49.8212],[8.2323,49.8185],[8.2311,49.8171],[8.2335,49.8158],[8.2354,49.8133],[8.2329,49.813],[8.2319,49.8101],[8.2356,49.8062],[8.2286,49.8029],[8.2303,49.801],[8.2257,49.7987],[8.2282,49.7913],[8.2293,49.7894],[8.2324,49.7895],[8.2332,49.786],[8.2327,49.7761],[8.2355,49.7758],[8.2336,49.7721],[8.2337,49.7685],[8.2373,49.7684],[8.2372,49.7698],[8.2453,49.7699],[8.2451,49.7687],[8.2543,49.7677],[8.2534,49.7654],[8.2589,49.7647],[8.2579,49.7615],[8.2626,49.7608],[8.2622,49.7589],[8.27,49.7601],[8.2722,49.7596],[8.2753,49.7573],[8.2781,49.7542],[8.2822,49.7485],[8.2873,49.7491],[8.286,49.7529],[8.2962,49.7549],[8.2929,49.7617],[8.2958,49.7674],[8.3004,49.7673],[8.301,49.7727],[8.3039,49.7735],[8.3095,49.7739],[8.3081,49.7792],[8.3106,49.78],[8.3095,49.7817],[8.312,49.7823],[8.3146,49.7843],[8.3211,49.784],[8.3338,49.7842],[8.3361,49.7853],[8.3425,49.7832],[8.3482,49.7833],[8.3545,49.7818],[8.3566,49.7825],[8.3628,49.7867],[8.3676,49.7887],[8.3733,49.7939],[8.3729,49.7958],[8.3776,49.7995],[8.3873,49.8025],[8.3883,49.8008],[8.3943,49.801],[8.4001,49.8037],[8.3935,49.81],[8.3826,49.819],[8.3796,49.8226],[8.3784,49.8248],[8.3777,49.8289],[8.3784,49.8333],[8.3836,49.8441],[8.3851,49.8482],[8.3854,49.8509],[8.3843,49.8545],[8.38,49.859],[8.3746,49.8616],[8.3703,49.8628],[8.3606,49.8637],[8.3575,49.8649],[8.3527,49.8688],[8.3465,49.8748],[8.344,49.8801],[8.3428,49.8844],[8.3426,49.8886],[8.3436,49.8929],[8.3456,49.8977],[8.349,49.9022],[8.3408,49.9034],[8.3383,49.899],[8.3365,49.8976],[8.3309,49.8968],[8.3241,49.8931],[8.3191,49.8897],[8.3114,49.8874],[8.3077,49.8841],[8.3006,49.8831],[8.2969,49.882],[8.2897,49.8785],[8.2874,49.8838],[8.2911,49.8877],[8.2897,49.8886],[8.2861,49.8882],[8.2853,49.8907],[8.2831,49.8906],[8.2788,49.8948],[8.2775,49.8983],[8.272,49.8983],[8.2629,49.8965],[8.2527,49.8966],[8.2487,49.8954]]]},"properties":{"id":"073395007","name":"Rhein-Selz","territoire":"Rhénanie-Palatinat","sigle":"RLP","pays":"Allemagne","cx":8.293,"cy":49.831}},
{"type":"Feature","geometry":{"type":"Polygon","coordinates":[[[7.9348,49.8786],[7.9377,49.8807],[7.9443,49.8789],[7.9477,49.8806],[7.9537,49.8754],[7.9521,49.873],[7.9565,49.8673],[7.9658,49.8584],[7.9688,49.8541],[7.9619,49.8506],[7.9625,49.8484],[7.9584,49.848],[7.9573,49.8456],[7.9545,49.8461],[7.9527,49.8419],[7.9602,49.8411],[7.9601,49.8394],[7.9636,49.8331],[7.9717,49.8358],[7.9734,49.8349],[7.9728,49.8314],[7.9773,49.8317],[7.9826,49.8328],[7.9875,49.8319],[7.9929,49.8344],[7.9925,49.8377],[7.9967,49.8414],[8.0028,49.8419],[8.0044,49.8452],[8.0085,49.8471],[8.012,49.8499],[8.0125,49.8513],[8.0156,49.8523],[8.0164,49.8506],[8.0189,49.8499],[8.0282,49.8503],[8.031,49.8523],[8.0285,49.856],[8.0306,49.858],[8.0348,49.8595],[8.0393,49.8621],[8.0507,49.8643],[8.0561,49.8663],[8.0549,49.8677],[8.0649,49.8713],[8.0582,49.8744],[8.0547,49.8773],[8.0566,49.8786],[8.0489,49.8842],[8.0504,49.8849],[8.046,49.8883],[8.0428,49.8885],[8.0384,49.8867],[8.0369,49.8882],[8.0339,49.887],[8.0321,49.8883],[8.0277,49.8858],[8.0243,49.8856],[8.0187,49.8888],[8.0171,49.8905],[8.0111,49.8936],[8.0016,49.896],[7.9946,49.8933],[7.9909,49.8973],[7.9953,49.8991],[7.9937,49.9017],[8.0074,49.9071],[8.0044,49.9105],[8.0076,49.9124],[8.0037,49.9144],[8.0008,49.915],[7.9953,49.9211],[7.9924,49.9205],[7.9897,49.9188],[7.9846,49.9187],[7.9759,49.9149],[7.969,49.9148],[7.9621,49.9164],[7.9606,49.9132],[7.954,49.9141],[7.9528,49.913],[7.9447,49.9127],[7.9468,49.9148],[7.9455,49.9193],[7.9413,49.9187],[7.9417,49.9209],[7.9291,49.9199],[7.9291,49.9186],[7.9236,49.9183],[7.9145,49.9203],[7.8987,49.9198],[7.9007,49.9183],[7.9031,49.9148],[7.9101,49.9123],[7.9107,49.9104],[7.908,49.9075],[7.9086,49.9051],[7.9126,49.9038],[7.9138,49.9026],[7.9146,49.8971],[7.9168,49.8933],[7.9173,49.889],[7.9201,49.8845],[7.9194,49.8818],[7.9305,49.8808],[7.9348,49.8786]]]},"properties":{"id":"073395008","name":"Sprendlingen-Gensingen","territoire":"Rhénanie-Palatinat","sigle":"RLP","pays":"Allemagne","cx":7.985,"cy":49.872}},
{"type":"Feature","geometry":{"type":"Polygon","coordinates":[[[7.8625,49.1561],[7.8601,49.1572],[7.862,49.1609],[7.8571,49.1619],[7.8551,49.1629],[7.8587,49.1669],[7.8559,49.1691],[7.8525,49.1687],[7.8519,49.1672],[7.8549,49.1661],[7.8527,49.1644],[7.8481,49.1624],[7.8437,49.1661],[7.8377,49.1693],[7.8357,49.1729],[7.8335,49.1734],[7.8251,49.1712],[7.8242,49.1735],[7.8241,49.1765],[7.8205,49.1778],[7.8167,49.1767],[7.8101,49.1766],[7.8074,49.176],[7.8042,49.1775],[7.8037,49.1821],[7.8077,49.1865],[7.8062,49.1874],[7.8005,49.1879],[7.7965,49.1866],[7.7934,49.1834],[7.7861,49.1805],[7.7834,49.1811],[7.7753,49.1808],[7.7597,49.1818],[7.7601,49.1802],[7.7574,49.1777],[7.7538,49.177],[7.7451,49.1736],[7.7349,49.1671],[7.7311,49.1659],[7.7302,49.1646],[7.7225,49.1577],[7.7227,49.154],[7.7216,49.1526],[7.7138,49.1491],[7.7113,49.1471],[7.7106,49.1437],[7.7079,49.1399],[7.7096,49.1358],[7.7104,49.1302],[7.7047,49.1289],[7.7001,49.1273],[7.6979,49.1259],[7.6954,49.1219],[7.6926,49.1204],[7.6901,49.1208],[7.6872,49.1232],[7.6826,49.1207],[7.6778,49.121],[7.6732,49.1201],[7.6699,49.1169],[7.6638,49.1169],[7.66,49.1195],[7.6565,49.1204],[7.6542,49.123],[7.6495,49.1235],[7.6459,49.121],[7.646,49.1194],[7.6392,49.1169],[7.6387,49.115],[7.6356,49.1142],[7.6293,49.1071],[7.6259,49.1045],[7.6295,49.1015],[7.6272,49.098],[7.6312,49.0952],[7.636,49.0936],[7.6402,49.0911],[7.6429,49.0883],[7.6335,49.0865],[7.63,49.0838],[7.6253,49.083],[7.6203,49.083],[7.6141,49.0837],[7.6123,49.0827],[7.6085,49.0827],[7.606,49.0813],[7.6102,49.0784],[7.6201,49.0741],[7.6293,49.0736],[7.6308,49.0726],[7.6306,49.0657],[7.6325,49.0638],[7.6326,49.0585],[7.6312,49.0549],[7.6591,49.0489],[7.6734,49.0451],[7.6764,49.0456],[7.6809,49.049],[7.6841,49.0483],[7.6857,49.0492],[7.6923,49.0489],[7.6976,49.0497],[7.6974,49.0519],[7.6925,49.0541],[7.6959,49.0578],[7.698,49.0559],[7.7008,49.0569],[7.7056,49.0561],[7.7082,49.0525],[7.7177,49.0539],[7.7202,49.0516],[7.7228,49.0512],[7.7235,49.0527],[7.7271,49.0549],[7.7314,49.0555],[7.7321,49.0516],[7.7316,49.0469],[7.7323,49.044],[7.737,49.0443],[7.7407,49.0473],[7.747,49.0464],[7.7502,49.0477],[7.7526,49.0477],[7.7567,49.0455],[7.7611,49.0455],[7.7693,49.0476],[7.7702,49.0503],[7.7763,49.0565],[7.78,49.0583],[7.7856,49.0584],[7.7882,49.058],[7.7921,49.0611],[7.7944,49.0657],[7.802,49.0636],[7.8044,49.0624],[7.8105,49.0613],[7.8126,49.0571],[7.8157,49.055],[7.8259,49.0522],[7.8261,49.0512],[7.8305,49.0473],[7.8363,49.0473],[7.8441,49.0447],[7.8437,49.0432],[7.8516,49.0423],[7.8522,49.0377],[7.8547,49.0355],[7.8608,49.035],[7.8668,49.0329],[7.8715,49.037],[7.8745,49.0405],[7.881,49.0444],[7.8813,49.046],[7.8845,49.0465],[7.8891,49.049],[7.8926,49.0473],[7.9034,49.0449],[7.9107,49.0451],[7.9116,49.0487],[7.909,49.0489],[7.908,49.0469],[7.9028,49.0567],[7.895,49.0547],[7.892,49.0529],[7.8936,49.0495],[7.8923,49.0487],[7.8887,49.0511],[7.8828,49.0522],[7.8804,49.0554],[7.881,49.0576],[7.8844,49.0592],[7.8852,49.0641],[7.8889,49.0684],[7.8927,49.0718],[7.8949,49.0754],[7.895,49.0778],[7.8872,49.0812],[7.8886,49.0841],[7.8856,49.0851],[7.8866,49.087],[7.8896,49.0892],[7.8888,49.0917],[7.8914,49.0924],[7.898,49.0923],[7.9024,49.0903],[7.9097,49.0911],[7.9098,49.0964],[7.9127,49.0975],[7.9121,49.1001],[7.9143,49.1019],[7.913,49.1042],[7.9107,49.104],[7.9083,49.1076],[7.9114,49.115],[7.9093,49.1165],[7.9048,49.118],[7.8987,49.1176],[7.89,49.1163],[7.8863,49.1153],[7.8808,49.1167],[7.8787,49.1145],[7.8714,49.1142],[7.8668,49.1159],[7.8637,49.1161],[7.8605,49.1181],[7.8607,49.1224],[7.8556,49.1253],[7.8532,49.13],[7.8533,49.1313],[7.849,49.1319],[7.8457,49.1332],[7.8471,49.1365],[7.8513,49.1369],[7.8541,49.1385],[7.8543,49.1411],[7.8558,49.1435],[7.8548,49.1451],[7.8594,49.1468],[7.8574,49.1514],[7.8625,49.1551],[7.8625,49.1561]]]},"properties":{"id":"073405001","name":"Dahner Felsenland","territoire":"Rhénanie-Palatinat","sigle":"RLP","pays":"Allemagne","cx":7.766,"cy":49.111}},
{"type":"Feature","geometry":{"type":"MultiPolygon","coordinates":[[[[7.8677,49.3133],[7.865,49.3141],[7.8633,49.317],[7.8606,49.3182],[7.8577,49.3247],[7.8554,49.3287],[7.8556,49.3329],[7.8524,49.334],[7.8466,49.3343],[7.8446,49.3338],[7.8453,49.3299],[7.832,49.3238],[7.8336,49.3213],[7.8352,49.3172],[7.8441,49.3072],[7.8431,49.3012],[7.8424,49.3004],[7.8423,49.296],[7.8379,49.2929],[7.8355,49.294],[7.833,49.2925],[7.8336,49.2909],[7.8301,49.289],[7.828,49.285],[7.8262,49.2837],[7.8252,49.2769],[7.8294,49.2699],[7.8313,49.269],[7.8322,49.2701],[7.8371,49.2723],[7.8485,49.274],[7.8515,49.2722],[7.8561,49.2723],[7.8679,49.2776],[7.8721,49.2831],[7.8687,49.2848],[7.8676,49.2886],[7.8676,49.2946],[7.8702,49.2994],[7.8697,49.3019],[7.8717,49.3036],[7.866,49.3073],[7.8641,49.3097],[7.8677,49.3133]]],[[[7.8289,49.2458],[7.8244,49.2436],[7.8217,49.2396],[7.8138,49.2375],[7.8104,49.2375],[7.8087,49.2386],[7.8029,49.2383],[7.7957,49.2384],[7.7913,49.2367],[7.7869,49.2357],[7.7769,49.2356],[7.7677,49.2339],[7.7628,49.2309],[7.7604,49.2269],[7.7582,49.2254],[7.7569,49.2212],[7.7581,49.218],[7.7571,49.2152],[7.7587,49.2111],[7.7559,49.2098],[7.7514,49.2057],[7.752,49.2039],[7.751,49.2023],[7.7439,49.203],[7.7418,49.2037],[7.7381,49.1989],[7.7426,49.195],[7.7405,49.1931],[7.7365,49.1925],[7.7316,49.1926],[7.7252,49.1878],[7.7237,49.186],[7.7227,49.1824],[7.7201,49.1809],[7.7194,49.1792],[7.7206,49.1734],[7.7259,49.1732],[7.7276,49.1691],[7.7302,49.1646],[7.7311,49.1659],[7.7349,49.1671],[7.7451,49.1736],[7.7538,49.177],[7.7574,49.1777],[7.7601,49.1802],[7.7597,49.1818],[7.7753,49.1808],[7.7834,49.1811],[7.7861,49.1805],[7.7934,49.1834],[7.7965,49.1866],[7.8005,49.1879],[7.8062,49.1874],[7.8077,49.1865],[7.8037,49.1821],[7.8042,49.1775],[7.8074,49.176],[7.8101,49.1766],[7.8167,49.1767],[7.8205,49.1778],[7.8241,49.1765],[7.8242,49.1735],[7.8251,49.1712],[7.8335,49.1734],[7.8357,49.1729],[7.8377,49.1693],[7.8437,49.1661],[7.8481,49.1624],[7.8527,49.1644],[7.8549,49.1661],[7.8519,49.1672],[7.8525,49.1687],[7.8559,49.1691],[7.8587,49.1669],[7.8551,49.1629],[7.8571,49.1619],[7.862,49.1609],[7.8601,49.1572],[7.8625,49.1561],[7.8672,49.1544],[7.871,49.1542],[7.872,49.1531],[7.872,49.1498],[7.8755,49.1501],[7.8847,49.1462],[7.8875,49.1423],[7.8922,49.143],[7.8909,49.1456],[7.897,49.1476],[7.8954,49.1514],[7.8981,49.1518],[7.9,49.1555],[7.9031,49.1569],[7.9047,49.1588],[7.907,49.1589],[7.9111,49.1634],[7.9095,49.1641],[7.9104,49.166],[7.9084,49.1676],[7.9133,49.1726],[7.9156,49.1729],[7.9157,49.1771],[7.9167,49.1779],[7.9104,49.1807],[7.9074,49.1843],[7.904,49.1899],[7.9009,49.1898],[7.8944,49.1912],[7.8881,49.1905],[7.8893,49.1922],[7.8938,49.1943],[7.9024,49.1972],[7.9095,49.1987],[7.9139,49.2008],[7.9126,49.206],[7.9152,49.2078],[7.9148,49.2098],[7.9027,49.2085],[7.9005,49.211],[7.9021,49.2119],[7.9046,49.2165],[7.9097,49.2192],[7.9075,49.2206],[7.903,49.227],[7.9037,49.2288],[7.9015,49.2327],[7.8959,49.2345],[7.8923,49.2321],[7.8872,49.2326],[7.882,49.2343],[7.8823,49.2322],[7.8801,49.2312],[7.8692,49.2316],[7.8655,49.2344],[7.8653,49.2378],[7.8671,49.2394],[7.8744,49.24],[7.8758,49.2396],[7.8785,49.2417],[7.8792,49.2436],[7.8826,49.2444],[7.881,49.2466],[7.8775,49.2497],[7.8721,49.2506],[7.8709,49.2517],[7.8526,49.2552],[7.8492,49.2574],[7.8419,49.2553],[7.8408,49.2541],[7.8375,49.2533],[7.8339,49.2506],[7.8332,49.2487],[7.8286,49.2483],[7.8289,49.2458]]]]},"properties":{"id":"073405002","name":"Hauenstein","territoire":"Rhénanie-Palatinat","sigle":"RLP","pays":"Allemagne","cx":7.835,"cy":49.207}},
{"type":"Feature","geometry":{"type":"Polygon","coordinates":[[[7.5149,49.2004],[7.5083,49.1967],[7.4999,49.1984],[7.4948,49.2013],[7.4885,49.2014],[7.487,49.196],[7.4877,49.194],[7.4859,49.1863],[7.4848,49.186],[7.4816,49.1817],[7.4763,49.1816],[7.4726,49.181],[7.4737,49.1775],[7.4735,49.1747],[7.4775,49.1733],[7.479,49.1717],[7.4882,49.1713],[7.4907,49.1716],[7.4925,49.1733],[7.4937,49.1762],[7.4986,49.1749],[7.5041,49.1755],[7.5075,49.1735],[7.4975,49.1695],[7.4938,49.1677],[7.4925,49.1643],[7.4932,49.1606],[7.496,49.1552],[7.4975,49.1557],[7.5065,49.1547],[7.506,49.1506],[7.5022,49.1494],[7.4977,49.1462],[7.4952,49.1436],[7.4953,49.1413],[7.4899,49.1423],[7.4891,49.139],[7.4896,49.1365],[7.4967,49.1354],[7.4993,49.1324],[7.5011,49.129],[7.5036,49.1261],[7.5055,49.1224],[7.5117,49.1224],[7.5155,49.121],[7.5189,49.1165],[7.5213,49.1118],[7.5209,49.11],[7.5252,49.1039],[7.5283,49.1036],[7.5295,49.1021],[7.5287,49.0971],[7.5378,49.0964],[7.5357,49.0936],[7.5446,49.0884],[7.5498,49.0858],[7.5636,49.0802],[7.5693,49.0797],[7.5994,49.0832],[7.601,49.0832],[7.606,49.0813],[7.6085,49.0827],[7.6123,49.0827],[7.6141,49.0837],[7.6203,49.083],[7.6253,49.083],[7.63,49.0838],[7.6335,49.0865],[7.6429,49.0883],[7.6402,49.0911],[7.636,49.0936],[7.6312,49.0952],[7.6272,49.098],[7.6295,49.1015],[7.6259,49.1045],[7.6293,49.1071],[7.6356,49.1142],[7.6387,49.115],[7.6392,49.1169],[7.646,49.1194],[7.6459,49.121],[7.6495,49.1235],[7.6542,49.123],[7.6565,49.1204],[7.66,49.1195],[7.6638,49.1169],[7.6699,49.1169],[7.6732,49.1201],[7.6778,49.121],[7.6826,49.1207],[7.6872,49.1232],[7.6901,49.1208],[7.6926,49.1204],[7.6954,49.1219],[7.6979,49.1259],[7.7001,49.1273],[7.7047,49.1289],[7.7104,49.1302],[7.7096,49.1358],[7.7079,49.1399],[7.7106,49.1437],[7.7113,49.1471],[7.7138,49.1491],[7.7216,49.1526],[7.7227,49.154],[7.7225,49.1577],[7.7302,49.1646],[7.7276,49.1691],[7.7259,49.1732],[7.7206,49.1734],[7.7194,49.1792],[7.7201,49.1809],[7.7227,49.1824],[7.7237,49.186],[7.7252,49.1878],[7.7316,49.1926],[7.7365,49.1925],[7.7405,49.1931],[7.7426,49.195],[7.7381,49.1989],[7.7364,49.1985],[7.7329,49.1997],[7.7295,49.2],[7.7224,49.1988],[7.7168,49.1983],[7.7132,49.1975],[7.7095,49.1977],[7.7074,49.1951],[7.698,49.1972],[7.6971,49.1987],[7.6972,49.2061],[7.6931,49.2063],[7.693,49.2026],[7.689,49.2],[7.6843,49.1988],[7.6823,49.1972],[7.6777,49.197],[7.6783,49.195],[7.6721,49.1922],[7.6709,49.1908],[7.6678,49.1907],[7.6644,49.189],[7.6618,49.1888],[7.6544,49.1915],[7.6556,49.1902],[7.6547,49.1878],[7.6557,49.1866],[7.6465,49.1835],[7.6409,49.1808],[7.639,49.1782],[7.6325,49.178],[7.6314,49.1756],[7.6335,49.1738],[7.6392,49.175],[7.6415,49.1714],[7.6391,49.1705],[7.6374,49.1681],[7.6393,49.1678],[7.6353,49.1626],[7.6241,49.1603],[7.6207,49.1605],[7.6184,49.1615],[7.6148,49.1607],[7.6128,49.1593],[7.6111,49.1629],[7.609,49.163],[7.6003,49.1566],[7.5945,49.1511],[7.5904,49.1482],[7.5896,49.1462],[7.5849,49.1457],[7.584,49.1448],[7.5785,49.1436],[7.579,49.1459],[7.5824,49.1528],[7.5839,49.1552],[7.5909,49.1615],[7.5889,49.164],[7.591,49.166],[7.5888,49.1679],[7.5943,49.1728],[7.5901,49.1736],[7.5818,49.1705],[7.5792,49.1718],[7.5713,49.1674],[7.5704,49.1658],[7.5638,49.1652],[7.5528,49.1735],[7.5511,49.1741],[7.546,49.1777],[7.5446,49.1803],[7.5411,49.1814],[7.5391,49.1846],[7.5354,49.1863],[7.5323,49.1867],[7.5306,49.188],[7.5304,49.1908],[7.5264,49.1929],[7.5257,49.1945],[7.5222,49.1945],[7.5178,49.1974],[7.5149,49.2004]]]},"properties":{"id":"073405003","name":"Pirmasens-Land","territoire":"Rhénanie-Palatinat","sigle":"RLP","pays":"Allemagne","cx":7.596,"cy":49.115}},
{"type":"Feature","geometry":{"type":"Polygon","coordinates":[[[7.6544,49.1915],[7.6618,49.1888],[7.6644,49.189],[7.6678,49.1907],[7.6709,49.1908],[7.6721,49.1922],[7.6783,49.195],[7.6777,49.197],[7.6823,49.1972],[7.6843,49.1988],[7.689,49.2],[7.693,49.2026],[7.6931,49.2063],[7.6972,49.2061],[7.6971,49.1987],[7.698,49.1972],[7.7074,49.1951],[7.7095,49.1977],[7.7132,49.1975],[7.7168,49.1983],[7.7224,49.1988],[7.7295,49.2],[7.7329,49.1997],[7.7364,49.1985],[7.7381,49.1989],[7.7418,49.2037],[7.7439,49.203],[7.751,49.2023],[7.752,49.2039],[7.7514,49.2057],[7.7559,49.2098],[7.7587,49.2111],[7.7571,49.2152],[7.7581,49.218],[7.7569,49.2212],[7.7582,49.2254],[7.7604,49.2269],[7.7628,49.2309],[7.7677,49.2339],[7.7769,49.2356],[7.7869,49.2357],[7.7913,49.2367],[7.7957,49.2384],[7.8029,49.2383],[7.8087,49.2386],[7.8104,49.2375],[7.8138,49.2375],[7.8217,49.2396],[7.8244,49.2436],[7.8289,49.2458],[7.8257,49.2454],[7.8242,49.2481],[7.8244,49.2494],[7.8295,49.2526],[7.8305,49.2585],[7.8284,49.2644],[7.8283,49.2662],[7.8313,49.269],[7.8294,49.2699],[7.8252,49.2769],[7.8262,49.2837],[7.828,49.285],[7.8301,49.289],[7.8336,49.2909],[7.833,49.2925],[7.8355,49.294],[7.8379,49.2929],[7.8423,49.296],[7.8424,49.3004],[7.8431,49.3012],[7.8441,49.3072],[7.8352,49.3172],[7.8336,49.3213],[7.8327,49.3202],[7.8279,49.3176],[7.8218,49.3174],[7.8168,49.3168],[7.8115,49.3182],[7.8002,49.3092],[7.7987,49.3068],[7.7987,49.3034],[7.7953,49.3017],[7.7919,49.2934],[7.7867,49.2918],[7.7777,49.2938],[7.7745,49.2938],[7.7676,49.2963],[7.7651,49.2951],[7.7608,49.2946],[7.7524,49.2894],[7.7485,49.2851],[7.7413,49.2824],[7.733,49.2803],[7.7258,49.2764],[7.7228,49.2752],[7.7129,49.2751],[7.7045,49.2735],[7.7004,49.272],[7.6938,49.2655],[7.6895,49.2652],[7.6854,49.2672],[7.6811,49.2701],[7.677,49.2712],[7.6731,49.2698],[7.6694,49.2696],[7.6523,49.2729],[7.6392,49.2724],[7.6301,49.275],[7.6254,49.2748],[7.6243,49.2736],[7.6202,49.2735],[7.6175,49.2711],[7.6149,49.2702],[7.6091,49.2661],[7.6055,49.263],[7.6046,49.2592],[7.6066,49.2579],[7.6072,49.2544],[7.6035,49.2531],[7.6001,49.2452],[7.5965,49.2403],[7.5986,49.2361],[7.598,49.2333],[7.6012,49.2333],[7.602,49.2317],[7.6002,49.2264],[7.6009,49.2241],[7.606,49.2248],[7.6058,49.2268],[7.6134,49.2263],[7.616,49.2244],[7.6151,49.2212],[7.6155,49.218],[7.6182,49.2184],[7.6207,49.22],[7.6224,49.219],[7.6278,49.2218],[7.6323,49.2227],[7.6368,49.2226],[7.6417,49.2236],[7.6462,49.2229],[7.6507,49.2237],[7.652,49.2255],[7.6528,49.2287],[7.6591,49.2279],[7.6663,49.2285],[7.6671,49.231],[7.6734,49.2286],[7.6723,49.225],[7.6676,49.2217],[7.6664,49.2182],[7.6633,49.2153],[7.6588,49.2161],[7.6573,49.2125],[7.6602,49.212],[7.661,49.2099],[7.6653,49.2077],[7.6596,49.2007],[7.6563,49.1988],[7.654,49.1957],[7.6544,49.1915]]]},"properties":{"id":"073405004","name":"Rodalben","territoire":"Rhénanie-Palatinat","sigle":"RLP","pays":"Allemagne","cx":7.725,"cy":49.241}},
{"type":"Feature","geometry":{"type":"Polygon","coordinates":[[[7.6278,49.3421],[7.6308,49.3395],[7.6322,49.3362],[7.6322,49.332],[7.6286,49.3313],[7.6251,49.332],[7.6189,49.3307],[7.6054,49.3239],[7.6028,49.3192],[7.6036,49.3174],[7.5911,49.3068],[7.5916,49.3042],[7.5942,49.3014],[7.5943,49.3001],[7.5909,49.2984],[7.5883,49.296],[7.5842,49.2939],[7.5788,49.293],[7.5753,49.2911],[7.5731,49.2847],[7.5741,49.2822],[7.5857,49.2822],[7.5884,49.2808],[7.5893,49.2781],[7.5929,49.2745],[7.5966,49.2739],[7.601,49.2709],[7.601,49.2699],[7.6091,49.2661],[7.6149,49.2702],[7.6175,49.2711],[7.6202,49.2735],[7.6243,49.2736],[7.6254,49.2748],[7.6301,49.275],[7.6392,49.2724],[7.6523,49.2729],[7.6694,49.2696],[7.6731,49.2698],[7.677,49.2712],[7.6811,49.2701],[7.6854,49.2672],[7.6895,49.2652],[7.6938,49.2655],[7.7004,49.272],[7.7045,49.2735],[7.7129,49.2751],[7.7228,49.2752],[7.7258,49.2764],[7.733,49.2803],[7.7413,49.2824],[7.7485,49.2851],[7.7524,49.2894],[7.7608,49.2946],[7.7651,49.2951],[7.7676,49.2963],[7.7745,49.2938],[7.7777,49.2938],[7.7867,49.2918],[7.7919,49.2934],[7.7953,49.3017],[7.7987,49.3034],[7.7987,49.3068],[7.7914,49.3077],[7.7906,49.3136],[7.788,49.3123],[7.7784,49.312],[7.7757,49.3101],[7.7733,49.3112],[7.7725,49.3132],[7.7747,49.3151],[7.7723,49.3164],[7.7692,49.3168],[7.7678,49.3144],[7.7648,49.3213],[7.765,49.3247],[7.7643,49.3283],[7.7666,49.3315],[7.7651,49.3329],[7.7661,49.3363],[7.765,49.3404],[7.7593,49.345],[7.749,49.3437],[7.7435,49.3425],[7.7391,49.3437],[7.7326,49.3448],[7.7265,49.3453],[7.7264,49.3434],[7.724,49.3434],[7.7088,49.3421],[7.7049,49.3413],[7.6981,49.3376],[7.6909,49.3382],[7.681,49.3379],[7.6778,49.3369],[7.6733,49.334],[7.6696,49.3324],[7.6685,49.3372],[7.6689,49.3419],[7.6656,49.3422],[7.6559,49.3419],[7.6412,49.3432],[7.6347,49.3432],[7.6278,49.3421]]]},"properties":{"id":"073405006","name":"Waldfischbach-Burgalben","territoire":"Rhénanie-Palatinat","sigle":"RLP","pays":"Allemagne","cx":7.683,"cy":49.305}},
{"type":"Feature","geometry":{"type":"Polygon","coordinates":[[[7.3203,49.1895],[7.3212,49.1885],[7.3268,49.1883],[7.3385,49.1844],[7.3353,49.1806],[7.3359,49.1759],[7.3382,49.174],[7.3431,49.173],[7.3462,49.1671],[7.3501,49.1628],[7.3541,49.1611],[7.3612,49.1613],[7.3627,49.1584],[7.3658,49.1605],[7.3665,49.1619],[7.365,49.1672],[7.3651,49.1718],[7.3793,49.1749],[7.4456,49.1842],[7.4447,49.1828],[7.4359,49.1797],[7.4363,49.177],[7.441,49.1743],[7.4417,49.172],[7.4401,49.1703],[7.4329,49.1681],[7.4328,49.1657],[7.437,49.1643],[7.4418,49.1654],[7.4462,49.1684],[7.4482,49.1688],[7.4543,49.1669],[7.4577,49.163],[7.4597,49.1628],[7.465,49.1648],[7.4673,49.1673],[7.4725,49.1685],[7.4772,49.1687],[7.4823,49.1697],[7.4939,49.1695],[7.4938,49.1677],[7.4975,49.1695],[7.5075,49.1735],[7.5041,49.1755],[7.4986,49.1749],[7.4937,49.1762],[7.4925,49.1733],[7.4907,49.1716],[7.4882,49.1713],[7.479,49.1717],[7.4775,49.1733],[7.4735,49.1747],[7.4737,49.1775],[7.4726,49.181],[7.4763,49.1816],[7.4816,49.1817],[7.4848,49.186],[7.4859,49.1863],[7.4877,49.194],[7.487,49.196],[7.4885,49.2014],[7.4889,49.2032],[7.4933,49.2093],[7.4932,49.2106],[7.4951,49.2141],[7.4876,49.2169],[7.4877,49.2193],[7.4895,49.2212],[7.4867,49.222],[7.4814,49.2219],[7.4886,49.2259],[7.4948,49.2339],[7.498,49.2352],[7.508,49.2355],[7.5034,49.2409],[7.496,49.2394],[7.4933,49.2401],[7.4933,49.2415],[7.4842,49.2415],[7.4843,49.2436],[7.4857,49.2456],[7.4848,49.2476],[7.4859,49.2498],[7.486,49.256],[7.4847,49.2616],[7.481,49.2659],[7.4803,49.2678],[7.4777,49.2708],[7.4739,49.272],[7.4698,49.2753],[7.4732,49.2774],[7.4743,49.2793],[7.4771,49.2817],[7.48,49.2831],[7.4829,49.2835],[7.4818,49.2878],[7.4782,49.2917],[7.4801,49.2931],[7.4825,49.2929],[7.4842,49.2951],[7.4777,49.2951],[7.4719,49.2923],[7.4694,49.29],[7.464,49.2878],[7.4595,49.2864],[7.4497,49.2862],[7.4412,49.2849],[7.4402,49.2885],[7.4413,49.2927],[7.4598,49.3009],[7.466,49.2988],[7.4662,49.3005],[7.4591,49.3066],[7.4566,49.3111],[7.4574,49.3118],[7.457,49.3184],[7.4562,49.3206],[7.4498,49.3261],[7.4537,49.326],[7.4594,49.3318],[7.4684,49.3365],[7.4702,49.3356],[7.4732,49.3359],[7.4759,49.3327],[7.4814,49.336],[7.4778,49.3375],[7.478,49.3412],[7.4641,49.3477],[7.4561,49.3479],[7.4558,49.3496],[7.4493,49.3524],[7.446,49.3522],[7.441,49.3555],[7.4379,49.3538],[7.437,49.355],[7.4342,49.3547],[7.4338,49.3566],[7.4273,49.3583],[7.4236,49.3598],[7.4171,49.3588],[7.4152,49.3598],[7.409,49.3618],[7.4041,49.3673],[7.4021,49.3677],[7.3934,49.3635],[7.3938,49.3621],[7.3978,49.3592],[7.4026,49.3562],[7.3995,49.3541],[7.3939,49.3541],[7.3915,49.3523],[7.3899,49.3498],[7.3987,49.3505],[7.3983,49.3479],[7.4038,49.3461],[7.4026,49.3431],[7.3995,49.3396],[7.4,49.3367],[7.3969,49.3352],[7.3959,49.3323],[7.3933,49.3304],[7.3928,49.3283],[7.384,49.3218],[7.3818,49.3219],[7.3777,49.3187],[7.3808,49.3166],[7.3855,49.3205],[7.3924,49.3207],[7.3945,49.3164],[7.3985,49.3134],[7.4005,49.3147],[7.406,49.3162],[7.4058,49.3135],[7.4081,49.3099],[7.4107,49.3026],[7.4078,49.2987],[7.4063,49.2905],[7.4086,49.2865],[7.411,49.285],[7.4145,49.287],[7.4186,49.2881],[7.4198,49.2858],[7.4246,49.2859],[7.429,49.2823],[7.428,49.2802],[7.4373,49.2792],[7.4442,49.2776],[7.4422,49.2755],[7.4484,49.2698],[7.4483,49.2691],[7.437,49.2702],[7.4331,49.2672],[7.4283,49.266],[7.4215,49.2631],[7.4213,49.2609],[7.4191,49.2587],[7.4161,49.2592],[7.4124,49.2587],[7.4097,49.2567],[7.4135,49.255],[7.4136,49.2528],[7.4109,49.2479],[7.4047,49.2462],[7.407,49.2446],[7.4047,49.2424],[7.4048,49.2395],[7.403,49.2375],[7.4009,49.2372],[7.4019,49.2342],[7.4041,49.233],[7.4104,49.2308],[7.4164,49.2295],[7.4174,49.2279],[7.4221,49.2275],[7.4249,49.2285],[7.4235,49.2222],[7.4237,49.2188],[7.4166,49.2198],[7.4148,49.2194],[7.4101,49.2207],[7.4076,49.2193],[7.4017,49.2182],[7.4023,49.2174],[7.399,49.2146],[7.3946,49.2152],[7.3942,49.213],[7.3885,49.2141],[7.3799,49.2104],[7.3706,49.2109],[7.3669,49.2101],[7.3656,49.2116],[7.3653,49.2143],[7.3633,49.216],[7.3622,49.2183],[7.3574,49.2159],[7.3539,49.2114],[7.3504,49.2104],[7.3527,49.2089],[7.3518,49.2061],[7.3472,49.2084],[7.3437,49.2047],[7.3468,49.2027],[7.3446,49.2017],[7.3417,49.2036],[7.3327,49.2055],[7.331,49.2037],[7.3288,49.199],[7.3263,49.1965],[7.3231,49.1914],[7.3203,49.1895]]]},"properties":{"id":"073405008","name":"Zweibrücken-Land","territoire":"Rhénanie-Palatinat","sigle":"RLP","pays":"Allemagne","cx":7.449,"cy":49.241}},
{"type":"Feature","geometry":{"type":"Polygon","coordinates":[[[7.598,49.2333],[7.5986,49.2361],[7.5965,49.2403],[7.6001,49.2452],[7.6035,49.2531],[7.6072,49.2544],[7.6066,49.2579],[7.6046,49.2592],[7.6055,49.263],[7.6091,49.2661],[7.601,49.2699],[7.601,49.2709],[7.5966,49.2739],[7.5929,49.2745],[7.5893,49.2781],[7.5884,49.2808],[7.5857,49.2822],[7.5741,49.2822],[7.5731,49.2847],[7.5753,49.2911],[7.5788,49.293],[7.5842,49.2939],[7.5883,49.296],[7.5909,49.2984],[7.5943,49.3001],[7.5942,49.3014],[7.5916,49.3042],[7.5911,49.3068],[7.6036,49.3174],[7.6028,49.3192],[7.6054,49.3239],[7.6189,49.3307],[7.6251,49.332],[7.6286,49.3313],[7.6322,49.332],[7.6322,49.3362],[7.6308,49.3395],[7.6278,49.3421],[7.6278,49.3432],[7.6246,49.3441],[7.6229,49.3456],[7.6243,49.3468],[7.6237,49.3491],[7.6257,49.3551],[7.6249,49.3574],[7.6287,49.359],[7.6241,49.3609],[7.6176,49.3611],[7.6116,49.3602],[7.6066,49.3654],[7.61,49.3711],[7.6078,49.3743],[7.6033,49.3758],[7.6025,49.3768],[7.596,49.3734],[7.5923,49.3739],[7.5886,49.3753],[7.5869,49.3743],[7.5788,49.3737],[7.5724,49.3722],[7.5712,49.3702],[7.5679,49.3674],[7.5657,49.3636],[7.5628,49.3617],[7.5597,49.3545],[7.558,49.3517],[7.5543,49.3503],[7.5505,49.3482],[7.5454,49.3438],[7.5391,49.341],[7.5374,49.3391],[7.532,49.3399],[7.5289,49.3423],[7.5233,49.3355],[7.5209,49.3374],[7.5176,49.3451],[7.5152,49.3466],[7.5115,49.3476],[7.5102,49.3498],[7.5056,49.3517],[7.5029,49.356],[7.4997,49.3539],[7.5022,49.351],[7.4999,49.3509],[7.4958,49.354],[7.4948,49.3525],[7.4923,49.3516],[7.495,49.3488],[7.4916,49.3461],[7.4835,49.3416],[7.478,49.3412],[7.4778,49.3375],[7.4814,49.336],[7.4759,49.3327],[7.4732,49.3359],[7.4702,49.3356],[7.4684,49.3365],[7.4594,49.3318],[7.4537,49.326],[7.4498,49.3261],[7.4562,49.3206],[7.457,49.3184],[7.4574,49.3118],[7.4566,49.3111],[7.4591,49.3066],[7.4662,49.3005],[7.466,49.2988],[7.4598,49.3009],[7.4413,49.2927],[7.4402,49.2885],[7.4412,49.2849],[7.4497,49.2862],[7.4595,49.2864],[7.464,49.2878],[7.4694,49.29],[7.4719,49.2923],[7.4777,49.2951],[7.4842,49.2951],[7.4825,49.2929],[7.4801,49.2931],[7.4782,49.2917],[7.4818,49.2878],[7.4829,49.2835],[7.48,49.2831],[7.4771,49.2817],[7.4743,49.2793],[7.4732,49.2774],[7.4698,49.2753],[7.4739,49.272],[7.4777,49.2708],[7.4803,49.2678],[7.481,49.2659],[7.4847,49.2616],[7.486,49.256],[7.4859,49.2498],[7.4848,49.2476],[7.4857,49.2456],[7.4843,49.2436],[7.4842,49.2415],[7.4933,49.2415],[7.4933,49.2401],[7.496,49.2394],[7.5034,49.2409],[7.508,49.2355],[7.498,49.2352],[7.4948,49.2339],[7.4886,49.2259],[7.4814,49.2219],[7.4867,49.222],[7.4895,49.2212],[7.4877,49.2193],[7.4876,49.2169],[7.4951,49.2141],[7.4932,49.2106],[7.4933,49.2093],[7.4889,49.2032],[7.4885,49.2014],[7.4948,49.2013],[7.4999,49.1984],[7.5083,49.1967],[7.5149,49.2004],[7.5187,49.2029],[7.5182,49.2047],[7.5198,49.2079],[7.52,49.2112],[7.5157,49.2103],[7.5142,49.212],[7.5244,49.2173],[7.5263,49.2139],[7.5323,49.2153],[7.5354,49.217],[7.545,49.2173],[7.5504,49.2181],[7.5546,49.2202],[7.5599,49.2247],[7.5658,49.2301],[7.567,49.2322],[7.5708,49.2347],[7.5763,49.2339],[7.5874,49.2332],[7.598,49.2333]]]},"properties":{"id":"073405009","name":"Thaleischweiler-Wallhalben","territoire":"Rhénanie-Palatinat","sigle":"RLP","pays":"Allemagne","cx":7.533,"cy":49.294}}
]}