{"type":"Topology","arcs":[[[64867,69487],[-98,-86],[-55,-172],[-59,-92],[-75,-16],[-43,-44],[16,-103],[-54,-69],[-231,-167],[-82,-14]],[[64186,68724],[-116,34],[-46,36],[-43,34],[-112,38],[-98,-3],[-89,-89],[-22,-21],[-308,-84],[-491,104],[-217,-9],[-186,-18],[-39,1],[-88,2],[-102,1],[-240,10],[-159,19],[-50,6],[-85,3],[-35,-73],[-28,-50],[-9,-45],[-2,-68],[19,-104],[27,-90],[8,-88],[11,-84],[22,-89],[20,-60],[42,-76],[27,-60],[36,-79],[50,-90],[55,-90],[67,-92],[60,-70],[75,-97],[68,-79],[46,-58],[65,-72]],[[62319,67174],[-157,-20],[-196,-150],[-55,105],[-80,-33],[-62,46],[-27,21],[-109,49],[-27,68],[-75,104],[-99,-32],[-84,-55],[-73,-5],[-60,2],[-88,9],[-52,-21],[-56,-43],[-7,-119],[-40,-60],[-58,-37],[-98,-69],[-84,-75],[-92,-61],[-212,-142],[-104,-9],[-77,-21],[-221,206],[-56,25],[-65,31],[-36,64],[-219,-80],[-79,-101],[-61,-21],[-56,-1],[-58,5],[-76,6],[-37,6],[-16,14],[-7,36],[-3,14],[-9,42],[-9,22],[-35,16],[-20,13],[-13,14],[-4,18],[-22,-53],[-49,3],[-60,-1],[31,44],[-7,36],[-14,13],[-22,14],[-16,28],[-29,34],[-29,31],[-80,40],[-54,34],[-12,22],[3,36],[-7,58],[-20,35],[-29,18],[-23,5],[-34,4],[-17,8],[-5,32],[2,75],[-17,19],[-34,36],[-8,36],[32,26],[0,19],[13,35],[5,35],[2,40],[-4,49],[-15,61],[-19,48],[-33,39],[-24,37],[10,5],[26,14],[54,23],[39,25],[49,32],[61,52],[69,75],[85,107],[90,107],[79,92],[37,36],[42,36],[42,31],[61,32],[46,20],[-125,197],[78,37],[-40,121],[26,52],[-51,108],[-87,12],[23,48],[-168,51],[-67,73],[-70,-28],[-50,35],[-148,-69],[20,-67],[-110,-34],[-61,225],[-33,10],[-151,-92],[18,-66],[-18,-103],[-63,-145],[-41,-32],[-55,-1],[-157,56],[-16,25],[-23,36],[30,58],[-36,61],[-69,68],[-24,72],[-101,62],[-41,61],[-103,70],[84,99],[-1,62],[51,39],[4,135],[-90,89],[-68,-44],[-127,164]],[[57502,70083],[34,23],[-150,137],[156,94],[-59,81],[-17,38],[-2,33],[13,52],[-150,110],[-73,17],[31,15],[63,8],[173,138],[728,545],[173,252],[173,-16],[96,27],[99,-13],[102,-21],[126,13],[188,77],[217,83],[58,200],[30,79],[-16,67],[-41,36],[147,102],[89,39],[166,29],[122,51],[97,58],[253,177],[210,154],[143,127],[78,68],[53,45],[75,64]],[[60887,73072],[192,-179],[313,-242],[193,-118],[128,-74],[48,-23],[169,-104],[63,-51],[78,-49],[145,-95],[107,-94],[110,-105],[105,-118],[45,-60],[63,-85],[33,-57],[19,-45],[-25,-123],[-54,-154],[194,-38],[83,-129],[55,-19],[119,69],[-7,97],[181,4],[156,-10],[16,40],[9,48],[177,-36],[69,-39],[29,-56],[201,-29],[63,56],[48,87],[-85,102],[25,6],[98,14],[83,15],[-8,66],[39,2],[33,13],[36,9],[52,8],[48,15],[93,46],[62,8],[46,-20],[53,-10],[39,-2],[37,-3],[59,-1],[41,6]],[[64763,71615],[49,1],[25,-7],[7,-1],[28,-28],[27,-35],[-9,-41],[-11,-17],[820,-276],[-59,-82],[3,-116],[-12,-32],[32,-3],[54,-12],[44,-41],[9,-24],[204,-77],[121,15],[-208,-183],[-43,-93],[-46,-31]],[[65798,70532],[-270,-6],[-3,-112],[8,-128],[-43,-107],[-136,-115],[-175,-129],[-108,-36],[-11,-62],[-168,-52],[-9,-84],[-24,-126],[-54,-19],[62,-69]],[[44106,81783],[-8,-61],[28,-52],[60,-43],[80,5],[16,-37],[52,-49],[91,-53],[87,-19],[63,-95],[-30,-14],[40,-46],[56,9],[-40,-149],[116,44],[-8,-28],[242,-10],[185,-76],[-68,-18],[105,-85],[86,-2],[41,49],[84,10],[49,-57],[12,-85],[-104,-28],[153,-42],[62,-17]],[[45556,80834],[-185,-220],[31,-28],[-50,-29],[-47,-69],[237,-287],[-32,-71],[131,-171],[120,-81],[-181,-69],[-58,-21],[-75,-303],[-69,-13],[-370,-68],[-124,-62],[-26,-375],[-366,-105],[-196,-179],[-164,-57],[16,-49],[-215,-166],[-102,-41],[-41,3],[-3,33],[-95,-38],[-135,-114],[-105,110],[-106,-93],[278,-69]],[[43624,78202],[-394,26],[-207,-306],[-185,-102],[-423,-10],[-156,-90],[-303,-385],[-81,-51],[-85,-54],[-117,-132],[-62,-70],[-67,-128],[-79,-46],[-60,-65],[-73,-78],[-35,-176],[-9,-45]],[[41288,76490],[-54,15],[-43,0],[-114,-21],[11,-32],[-69,-4],[-63,-8],[-118,17],[-78,32],[-4,22],[-89,2],[-26,17],[-21,46],[-65,57],[-59,-4],[-22,-26],[-147,-47],[-94,11],[-94,43],[-73,-9],[-11,-1],[-72,5],[-117,23],[-115,40],[25,42],[62,136],[30,224],[187,49],[27,7],[261,31],[117,184],[-65,34],[-15,69],[-119,-15],[-52,30],[-22,83],[-39,5],[-10,118],[-203,19],[-44,44],[-34,33],[-316,-45],[-80,-55],[-44,-3],[-101,-47],[20,99],[183,113],[8,52],[-35,44],[-57,44],[-119,189],[73,164],[-16,145],[79,123],[51,164],[-75,131],[24,32],[-27,33],[6,141],[-36,18],[66,257],[-54,126],[62,75]],[[39469,79561],[72,56],[22,47],[76,63],[21,11],[37,40],[-30,33],[258,145],[208,15],[32,66],[79,54],[59,19],[70,22],[133,66],[233,101],[175,19],[19,2],[46,-13],[-2,-24],[98,-16],[99,-62],[120,-11],[6,65],[220,7],[11,-52],[168,38],[-20,48],[49,21],[108,-13],[68,58],[-62,40],[35,33],[-43,36],[3,54],[234,4],[78,10],[77,40],[130,-38],[12,122],[402,-93],[178,-22],[34,-27],[93,34],[88,-23],[254,14],[95,5],[65,28],[-38,291],[-46,82],[-30,33],[-51,56],[-79,-23],[-10,28],[-4,13],[101,40],[25,17],[10,27],[0,16],[-2,46],[50,-47],[22,48],[139,-16],[61,-7],[94,52],[82,116],[-33,39],[60,51],[57,109],[-12,81],[50,42],[83,106]],[[44106,81783],[36,46],[79,96],[25,31],[-33,91],[-206,186],[-28,47],[-89,59],[-20,83],[99,30],[-30,181],[-202,-8],[-189,-9],[-96,31],[-232,40]],[[43220,82687],[11,298],[30,117],[16,50],[38,19],[32,16],[24,11],[16,7],[15,127],[104,85],[102,-25],[11,-3],[305,-89],[136,12],[55,-18],[155,14],[33,54],[7,268],[260,179],[153,24],[125,-33],[124,82],[-19,84],[43,49],[-49,147],[58,335],[129,85],[62,253],[86,149],[72,56],[-21,72],[118,36],[103,38],[35,-51],[261,45],[25,-70],[16,-63],[9,-71],[1,-111],[-5,-197],[-22,-273],[1,-77],[2,-123],[37,-338]],[[45914,83857],[-40,0],[15,-123],[-21,-103],[95,-323],[12,-139],[17,-205],[-5,-122],[-8,-41],[-15,-38],[-100,-170],[-28,-60],[-16,-69],[-8,-57],[5,-41],[1,-10],[0,-14],[4,-22],[3,-14],[2,-7],[5,-13],[6,-13],[7,-14],[12,-19],[13,-19],[13,-19],[10,-12],[16,-17],[17,-17],[18,-17],[84,-75],[55,-47],[50,-43],[26,-21],[24,-20],[45,-36],[71,-43],[53,-10],[94,-40],[132,-42],[174,-39],[236,-53],[215,-38],[143,-17],[73,-6]],[[47419,81609],[54,-5],[119,-24],[103,-30],[78,-24],[23,-9],[38,-15],[65,-28],[89,-41],[92,-49],[36,-24],[47,-32],[84,-70],[70,-74],[77,-98],[85,-113],[10,-15],[31,-48],[15,-18],[46,-64],[49,-94]],[[48630,80734],[-107,-99],[-19,-12],[-75,-45],[-357,-112],[-133,-42],[-17,44],[-91,-36],[-69,86],[-227,-39],[-95,168],[-241,-81],[-76,120],[-43,-8],[-28,46],[-131,-56],[-189,-81],[-198,163],[-73,19],[51,37],[-42,37],[-192,29],[-57,-44],[-76,40],[-8,47],[-184,-83],[-146,72],[-7,38],[-62,-5],[-40,-83],[-142,-20]],[[48630,80734],[5,-9],[16,-52],[23,-57],[7,-25],[15,-49],[20,-68],[9,-50],[4,-22],[12,-69],[10,-70],[14,-69],[28,-69],[41,-92],[54,-115],[41,-97]],[[48929,79821],[-38,-9],[-299,-81],[55,-134],[-597,-268],[85,-111],[-52,-51],[-118,-144],[-30,-110],[42,-458],[-212,-27],[-120,-167],[-259,-112],[54,-47],[55,-47],[42,-67],[56,-88],[91,-144],[16,-26],[-64,-49],[17,-80],[-36,-3],[-37,-7],[-21,-18],[-48,-14],[6,-74],[59,-86],[-30,-162],[-51,34],[-89,-11],[-118,-68],[-77,-45],[-465,158],[-466,14],[-335,-137],[-62,50]],[[45883,77232],[-66,70],[-99,48],[-38,50],[-76,-8],[-212,-125],[-428,318],[-61,44],[-67,50],[-366,337],[-62,97],[-257,43],[-241,-34],[-286,80]],[[39469,79561],[-87,44],[-244,125],[-114,58],[-9,-48],[-184,53],[-202,-49],[-210,-66],[-80,-25],[-43,-14],[-218,40],[-142,-17],[-176,-21],[-213,45],[-210,-66],[-54,264],[48,-5],[32,20],[-62,28],[38,66],[-128,65],[94,137],[-57,33],[-14,46],[-34,112],[29,157],[-52,10],[-21,25],[-65,74],[-57,66],[-15,43],[-49,143]],[[36970,80904],[333,261],[174,136],[103,89],[133,118],[270,289],[401,368],[138,222],[356,285],[217,163],[7,57],[83,14],[14,-60],[29,16],[136,72],[28,54],[123,-123],[7,-174],[88,5],[208,12],[5,-158],[74,-192],[33,-53],[102,16],[43,-50],[542,-197],[-26,-88],[107,-22],[141,-5],[108,7],[78,17],[-7,54],[206,83],[157,113],[39,55],[14,125],[11,90],[274,268],[-67,30],[42,69],[56,92],[6,126],[-40,53],[138,128],[178,26],[85,-90],[156,-114],[28,-97],[69,-41],[156,-94],[182,-36],[-7,-41],[191,-21],[-8,-56],[71,-5],[265,-13]],[[72356,45641],[205,96],[34,16],[73,91],[61,79],[55,68],[-79,100],[50,36],[24,17],[232,126],[32,64],[54,-67],[74,-93],[349,28],[78,-68],[-211,-99],[5,-77],[70,-34],[158,-89],[47,10],[194,-93],[-165,-172],[404,-188],[38,20],[42,18],[36,9],[21,12],[66,55],[42,36],[35,39],[17,46],[1,29],[-2,27],[-1,24],[-1,30],[13,25],[22,22],[20,18],[33,31],[50,31],[54,30],[46,36],[34,28],[33,24],[50,39],[60,46],[30,32],[30,35],[30,35],[26,30],[45,30],[64,34],[32,20],[39,16],[48,12],[33,-2],[50,-6],[50,-5],[41,-1],[37,1],[29,8],[17,10],[10,6]],[[75420,46322],[89,-12],[375,-36],[179,-115]],[[76063,46159],[-55,-47],[42,-28],[-65,-55],[-13,-95],[-204,-142],[63,-75],[-49,-85],[120,-243],[383,-23],[94,33],[97,33],[162,8],[109,41],[141,-135],[-139,-55],[-206,-15],[-326,-22],[-369,-206],[27,-53],[101,-13],[30,-239],[-8,-97],[15,-335],[32,-126],[59,-65],[-343,-233],[-84,-66],[-43,11],[-492,285],[-436,-78],[-97,93],[-351,-452],[-253,-212],[67,-50],[-166,-163],[13,-131],[22,-41],[70,-125],[-89,-42],[29,-56],[87,-88],[61,-63],[85,31],[106,38],[90,-141],[-270,-94],[-669,-94],[-320,-386],[5,-243],[-212,-49],[-163,-68],[-487,-15],[-229,122],[-74,-15],[-42,-20],[-41,28],[-71,59],[-78,10],[-61,28],[-36,-21],[-221,-128],[-151,-209],[-68,-7],[-140,50],[-152,41],[-123,91],[-60,-10],[-223,74]],[[70494,41781],[-80,80],[-108,-63],[-32,23],[-15,11],[-31,23],[88,48],[-53,177],[-186,-41],[-40,75],[-105,36],[-36,35],[34,124],[12,86],[-30,94],[3,65],[76,-13],[76,16],[70,-42],[97,-139],[286,-120],[65,-63],[189,84],[80,-24],[-9,120],[257,35],[120,59],[97,96],[120,-10],[-27,177],[77,159],[-11,88],[28,22],[29,13],[27,4],[20,2],[68,-4],[49,-10],[29,-7],[40,-16],[38,-15],[33,-24],[39,-26],[56,-56],[13,25],[78,142],[103,63],[74,45],[-100,39],[-96,98],[-56,97],[-405,66],[-146,107],[-96,59],[-21,24],[-66,74],[-86,12],[-100,34],[-76,16],[-52,63],[-20,41],[-8,54],[16,47],[31,38],[78,67],[59,53],[113,107],[43,-32],[45,-33],[106,110],[34,64],[132,8],[39,42],[-75,232],[74,16],[42,10],[-43,143],[2,178],[153,4],[24,69],[134,94],[-20,21],[-34,35],[57,131],[49,34],[148,85],[193,151],[115,-9],[-33,57]],[[55054,39174],[-88,-71],[-408,-316],[-30,-23],[69,-160],[-37,-36],[-35,-34],[-173,-167],[-36,-192],[-50,1],[-99,0],[4,-148],[67,-131],[-19,-24],[-86,-112],[-88,83],[-124,43],[-71,30],[-122,-10],[11,-36],[21,-72],[157,-154],[-79,-86],[-64,12],[-193,36],[57,-141],[-44,-134],[159,9],[188,-137],[-93,-50],[-4,-58],[94,-63],[259,22],[69,-21],[19,-98],[143,67],[40,94],[36,50],[110,-102],[71,-73],[34,-4],[65,6],[93,-9],[370,-83],[-186,-18],[-118,32],[7,-38],[14,-74],[-4,-93],[-29,-46],[-59,-8],[36,-28],[-58,-91],[-68,-106],[-218,-193],[-208,-280],[7,-127],[-17,-61],[-15,-72],[7,-50],[55,35],[59,52],[57,95],[33,48],[55,55],[17,14],[96,-24],[69,12],[22,15],[109,83],[42,-5],[60,2],[48,7],[48,20],[40,-132],[116,35],[8,-43],[-21,-12],[-46,-28],[-30,-22],[-11,-15],[-4,-11],[0,-4],[4,-14],[11,-13],[4,-3],[16,-18],[7,-19],[12,-21],[5,-20],[0,-18],[-8,-26],[-13,-15],[-19,-17],[62,-25],[223,-86],[50,-48],[105,-98],[52,-50]],[[55671,35315],[-27,-41],[-33,-15],[-56,-25],[-71,-19],[-60,-22],[-48,-31],[-20,-25],[-26,-49],[-4,-25],[-7,-33],[-10,-36],[-18,-25],[-32,-27],[-43,1],[-27,8],[-40,-8],[-37,-15],[-36,-27],[-37,-38],[-41,-33],[-62,-23],[-64,-23],[-57,-16],[-6,-38],[2,-53],[-2,-50],[0,-72]],[[54809,34555],[-23,7],[-47,2],[-50,-7],[-71,-15],[-60,-5],[-58,9],[-48,21],[-40,38],[-37,55],[-33,43],[-28,20],[-37,12],[-35,5],[-36,-3],[-28,-15],[-49,-37],[-57,-37],[-57,-22],[-51,-13],[-89,-7],[-107,6],[-66,1],[-43,-7],[-23,-12],[-22,1],[-21,0],[-24,17],[-46,38],[-62,67],[-16,39],[-5,37],[-27,43],[-11,40],[-4,54],[15,35],[-1,14],[-15,19],[-21,37],[-7,56],[-9,39],[-8,27],[-15,15],[-25,18],[-56,16],[-42,10],[-34,22],[-25,7],[-74,26],[-38,32],[-59,64],[-45,37],[-473,-186],[-131,-16],[-6,-1],[-68,-8],[-111,-20],[-45,-23],[-24,-31],[-106,-3],[-114,-2],[-121,3],[-61,-5],[-56,6],[-66,24],[-52,19],[-20,8],[-38,-33],[-40,-30],[-160,21],[-61,2],[-151,-20],[-67,-15],[-191,-45],[-3,42],[-2,53],[-57,2],[-6,-26],[-151,-55],[-136,34],[-88,25],[-86,28],[-56,25],[-77,142],[-90,40],[-73,32],[-55,19],[-58,0],[-20,50],[-23,56],[54,53],[12,33],[-307,176],[-81,116],[-11,61],[-11,57],[-179,31],[-173,108]],[[49100,36151],[16,11],[21,18],[20,23],[13,26],[6,24],[-2,35],[-15,69],[-34,97],[-17,60],[-27,70],[-22,54],[-14,22],[-20,24],[-25,19],[-29,15],[-24,16],[-30,17],[-9,6],[-26,12],[-15,8],[-4,8],[-2,14],[0,10],[6,13],[13,22],[9,14],[9,12],[12,13],[18,8],[15,3],[20,1],[16,-3],[16,-6],[7,-14],[1,-15],[-1,-14],[0,-3],[-5,-11],[-9,-12],[-1,-16],[2,-11],[12,-10],[16,-8],[24,-3],[6,25],[0,19],[-7,31],[-3,19],[-1,26],[7,33],[8,34],[22,31],[12,26],[6,31],[-7,34],[-8,17],[-19,17],[-12,17],[-10,19],[-10,18],[-1,5],[-2,16],[-13,19],[-19,14],[-15,8],[-29,15],[-44,27],[-58,48],[-29,29],[-14,13],[-33,34],[-36,36],[-33,38],[-35,43],[-7,9],[-28,43],[-29,40],[-33,37],[-34,30],[-64,33],[-47,20]],[[48422,37723],[68,482],[-60,232],[109,-13],[37,69],[-70,28],[-117,19],[-64,44],[59,149],[-92,-8],[-80,208],[-92,-64],[-39,-139],[-115,54],[-38,165],[-5,20],[127,168],[-72,129],[-8,29],[-20,79],[-18,47],[-161,33],[-156,-9],[-1,36],[-3,216],[321,123],[117,-8],[140,62],[29,-6],[10,-3],[15,-5],[39,-12],[22,28],[230,-127],[96,64],[106,71],[75,-65],[-224,-196],[-30,-26],[30,-30],[53,-53],[21,-27],[14,-35],[7,-42],[0,-20],[119,45],[202,-167],[-102,-77],[114,3],[29,-47],[180,145],[73,-50],[-99,-74],[56,-110],[101,24],[8,-45],[79,-1],[28,65],[56,-117],[60,24],[113,-80],[79,52],[78,6],[98,7],[17,1],[57,30],[124,63],[44,23],[69,36],[24,99],[23,94],[-52,146],[-23,63],[173,59],[378,82],[60,82],[82,26],[-60,-73],[-19,-152],[261,-286],[36,-40],[-79,-152],[-1,-109],[-148,-124],[-59,-50],[349,56],[82,-68],[20,-52],[29,-109],[297,-131],[10,-212],[124,-29],[131,13],[163,160],[205,334],[11,226],[124,183],[18,141],[154,128],[-77,57],[46,76],[82,-29],[66,-14],[88,-24],[99,-21],[50,-98],[138,-6],[120,-29],[88,-36],[87,-67],[109,-64],[29,-10],[31,-9],[114,-35],[134,-68],[61,54],[37,34],[29,30],[52,57],[21,30],[36,32],[79,69],[144,100],[43,23],[10,5],[23,11],[12,4],[4,2],[8,3],[18,4],[27,4]],[[54386,39536],[25,1],[29,1],[66,-2],[97,-5],[26,0],[19,-1],[9,1],[9,2],[8,2],[16,6],[65,-50],[97,-70],[43,-61],[32,-71],[85,-86],[42,-29]],[[55865,74008],[-88,-18],[-45,-14],[-25,-18],[-20,-12],[-31,-7],[-33,-9],[-36,-6],[-41,-1],[-34,-1],[-37,-3],[-23,-11],[-18,-24],[-6,-29],[2,-25],[1,-30],[48,-51],[29,-24],[24,-18],[27,-24],[13,-21],[-3,-22],[-21,-18],[-21,-12],[-25,-1],[-36,-1],[-41,4],[-30,-1],[-16,-11],[-16,-11],[-35,-26],[-17,-15],[-25,-8],[-18,6],[-24,13],[-13,13],[-31,7],[-25,-1],[-34,-5],[-54,-8],[58,-22],[293,-278],[272,-148],[-81,-159],[-148,-165],[-87,-302],[-46,-222],[47,-350]],[[55395,71919],[-90,36],[-130,-112],[-127,23],[-102,87],[-47,-52],[-53,13],[-29,6],[38,47],[-404,149],[-81,-113],[-257,-21],[-12,-9],[-71,-17],[-140,7],[111,239],[-99,68],[63,51],[-16,8],[-135,71],[-153,80],[-102,54],[69,176],[-363,104],[-26,379],[-359,32],[-22,-2],[7,38],[-295,70],[-237,24],[-20,81],[-100,96],[-68,140],[-291,-127],[-35,-24],[-29,-22],[-63,35],[-133,-79],[-107,97],[-60,95],[-172,-21],[-84,5],[-144,8],[-93,5],[-108,11],[-65,25],[-162,-4],[-154,53],[-42,14],[-110,36],[-90,-51],[-129,54],[-260,-22],[-59,91],[-48,-6],[-74,-10],[-63,12],[-68,12],[-17,91],[-94,68],[-21,36],[2,98],[46,57],[-25,135]],[[49393,74344],[-21,66],[-179,88],[-35,18],[-36,107],[48,4],[-9,84],[56,38],[-5,42],[0,91],[-27,105],[-47,67],[-110,60],[129,10],[12,48],[164,10],[64,33],[44,41],[105,108],[-29,91],[-33,77]],[[49484,75532],[10,48],[1,5],[42,36],[70,44],[51,35],[56,42],[76,54],[38,75],[34,19],[83,-7],[72,-30],[-22,-103],[78,-14],[31,-5],[65,54],[48,1],[43,-35],[58,2],[99,103],[95,9],[72,40],[134,-52],[144,60],[59,29],[19,10],[6,172],[1,43],[165,18],[12,2],[5,7],[33,44],[107,62],[13,7],[140,120]],[[51422,76427],[115,-117],[18,-57],[14,-63],[24,-52],[40,-59],[58,-62],[176,-135],[25,-20],[157,-117],[124,-90],[32,-23],[102,-89],[144,-116],[127,-100],[77,-59],[53,-40],[127,-95],[146,-97],[128,-55],[136,-63],[84,-38],[129,-67],[75,-39],[57,-20],[98,-16],[68,-6],[179,-3],[188,6]],[[54123,74735],[69,3],[358,44],[266,21],[60,-1],[115,-3],[86,-11],[124,-35],[121,-59],[22,-15],[126,-88],[51,-54],[5,-6],[39,-43],[190,-270],[48,-91],[62,-119]],[[48467,69355],[48,49],[41,-2],[26,52],[361,-28],[130,37],[96,51],[5,43],[58,39]],[[49232,69596],[117,-139],[59,-211],[7,-157],[-244,-33],[-98,6],[-358,-199],[7,-49],[-79,-12],[23,-121],[1,-129],[41,-22],[-17,-31],[1,-53],[-7,-28],[-26,-12],[-18,10],[-9,25],[-12,13],[-18,-1],[-21,-16],[-16,-25],[-5,-19],[-20,-26],[-42,-28],[-29,-6],[-30,19],[-25,20],[-28,0],[-23,-9],[-11,-18],[2,-22],[16,-30],[14,-22],[-5,-21],[-26,-47],[-27,-29],[-30,-24],[-32,-24],[-29,-28],[-32,-6],[-36,11],[-32,4],[-32,-7],[-28,-26],[-11,-14],[-76,-19],[-36,3],[-36,29],[-60,83],[-47,35],[-37,11],[-26,-5],[-49,-27],[-46,-19],[-51,-5],[-61,10],[-51,27],[-80,35],[-36,-59],[10,-57],[74,-38],[121,-127],[-32,-97],[-82,-49],[107,-147],[-152,-69],[-67,-114],[227,-221],[219,-333],[7,-123],[96,-62],[20,-24],[-123,-26],[-95,60],[-258,-130],[-93,-33]],[[47351,66569],[-171,55],[-143,9],[-163,26],[-48,-1],[-52,-8],[-95,86],[-62,-32],[-105,100],[-50,53],[-191,113],[-144,-151],[-144,-70],[-87,91],[-51,-14],[-84,101],[-166,-76],[-67,39],[-117,-109],[-88,-46],[-286,-78],[-92,-58],[-116,-102],[0,22],[-12,19],[-25,11],[-73,35],[-26,17],[-27,25],[3,23],[-8,34],[-51,47],[-30,10],[45,100],[46,21],[75,-12],[174,78],[341,66],[11,32],[120,63],[108,104],[137,80],[-256,113],[-250,193],[-58,7],[-85,-23],[-43,11],[7,31],[-75,33],[159,150],[-88,125],[-380,-158],[-23,37],[147,173],[-135,-63],[-96,-28],[-29,-11],[-48,-63],[-21,-1],[-48,-34],[-58,-51],[-125,-113],[-69,45],[-83,53],[46,55],[-16,47],[177,148],[-38,102],[361,231],[61,39],[21,14],[40,25],[-32,20],[-96,38],[18,63],[33,118],[-167,-67],[-58,-23],[-115,5],[-42,61],[-135,-67],[-25,33],[24,78],[-44,-6],[-57,36],[-60,37],[-63,68],[-79,-11],[-97,-66],[-62,-10],[-30,66],[-96,-53],[-22,-82],[-101,-7],[-66,-32],[-81,-7],[-341,-286],[-9,37],[2,33],[-5,18],[-35,69],[-153,68],[-10,-50],[-113,50],[-73,38],[7,32],[-43,63],[-51,40],[-100,58],[-51,42],[-28,32],[-28,46],[-26,44],[-35,56],[-42,50],[-23,66],[-16,32],[-23,13],[-44,33],[-45,34],[-21,16],[-11,8],[-17,18],[-7,7],[1,12],[3,14],[8,35],[-7,31],[-12,16],[-27,23],[-268,48],[-163,55],[-82,-13],[-46,164],[63,64],[-27,29],[-73,-47],[-38,16],[69,70],[88,91],[6,115],[-23,69],[-112,113],[-62,-1],[45,56],[11,65],[-76,96],[10,29],[29,-19],[25,-15],[22,-9],[25,-7],[23,-2],[62,10],[32,8],[24,12],[18,15],[12,40],[-2,77],[2,44],[20,20],[29,8],[46,-5],[48,-9],[63,10],[28,15],[34,30],[10,5],[40,4],[41,-5],[29,-14],[-3,-18],[-7,-13],[-28,-4],[-24,-1],[-12,-8],[-4,-11],[23,-20],[20,-3],[26,3],[23,15],[31,53],[22,14],[34,5],[29,6],[42,18],[22,1],[17,-11],[16,-12],[5,-17],[-1,-21],[-10,-16],[-4,-8],[1,-10],[9,-6],[4,0],[9,0],[5,0],[19,5],[18,12],[16,7],[14,7],[43,0],[30,-8],[30,-9],[8,-19],[-6,-15],[-19,-9],[-21,0],[-24,-1],[-10,-8],[1,-13],[14,-11],[53,-3],[74,5],[39,-3],[19,-16],[2,-39],[20,-49],[27,-29],[30,-10],[44,6],[49,17],[72,12],[32,-3],[10,-15],[1,-20],[3,-21],[13,-14],[23,-18],[71,121],[82,47],[73,-6],[37,-31],[48,24],[19,40],[50,107],[85,-25],[87,25],[16,-23],[119,20],[93,43],[-55,35],[-99,19],[19,45],[121,-9],[48,-58],[155,-94],[-1,-36],[81,-26],[28,-9],[87,-61],[85,-57],[56,-16],[81,-22],[-140,-56],[114,-5],[18,-128],[7,1],[32,10],[26,5],[17,4],[13,1],[14,-8],[10,-16],[7,-18],[10,-16],[17,-16],[24,-9],[20,-1],[8,0],[26,1],[22,14],[21,14],[23,20],[22,14],[10,8],[10,6],[22,11],[19,0],[38,4],[26,2],[46,1],[2,-18],[3,-12],[10,-10],[16,-7],[19,-7],[14,-8],[13,-12],[9,-16],[8,-22],[1,-18],[1,-24],[1,-17],[11,-15],[22,-13],[25,-9],[19,-11],[136,13],[35,-48],[34,-46],[103,-22],[66,15],[70,17],[190,-67],[32,-11],[47,35],[136,-81],[201,-38],[150,7],[26,36],[124,12],[151,-49],[18,38],[386,-52],[182,117],[34,2],[52,-72],[31,16],[222,-196],[47,-41],[254,-237],[118,-66],[81,-44],[88,76],[88,95],[172,-145],[207,66],[289,93]],[[61300,75776],[187,-67],[129,-57],[87,5],[107,6],[79,38],[44,39],[60,53],[28,25]],[[62021,75818],[37,-12],[155,-49],[132,-30],[212,-50],[119,-27],[14,-37],[102,-23],[-9,-68],[-49,-41],[-67,-26],[-40,-118],[5,-55],[9,-7],[17,-13],[9,-13],[7,-10],[11,-10],[13,-11],[38,-5],[33,-3],[24,-9],[15,-21],[-1,-35],[-18,-24],[-8,-10],[1,-15],[11,-10],[6,-3],[23,11],[8,3],[16,20],[23,1],[19,-21],[1,-21],[-12,-24],[-13,-22],[8,-19],[23,-5],[34,-15],[38,-10],[28,-13],[26,-40],[7,-27],[9,-27],[20,-21],[26,-33],[14,-30],[14,-29],[35,-46],[41,-20],[28,-1],[-40,71],[27,36],[29,55],[41,50],[51,57],[35,51],[21,63],[57,92],[83,60],[42,55],[11,28],[9,24],[86,32],[96,-3],[35,3],[86,37],[46,67],[114,105]],[[64044,75577],[43,-17],[23,-36],[-36,-35],[-12,-61],[62,-72],[-83,-76],[-99,-81],[-24,-9],[-17,-1],[-14,-4],[-11,-9],[-3,-13],[4,-10],[8,-13],[4,-11],[0,-12],[-2,-9],[-1,-5],[-6,-9],[-14,-11],[-16,-14],[-64,-38],[-29,-19],[-17,-12],[-36,-3],[-42,9],[-30,-2],[-49,-11],[-30,-16],[-16,-13],[-6,-5],[-27,-11],[-29,-16],[-29,-17],[-33,-14],[64,-31],[76,-15],[39,-35],[13,-40],[18,-51],[61,-46],[59,-90],[44,-49],[-63,-30],[34,-84],[42,3],[149,-125]],[[63949,74308],[-175,-124],[-146,-104],[-254,16],[-121,-77],[-260,-133],[-82,-246],[-143,196],[-129,-44],[4,-13],[-139,-47],[-28,-105],[-87,-10],[51,-88],[-326,-72],[-276,-105],[-65,-9],[-76,-164],[154,-126],[-156,-179],[-37,7],[-80,16],[-18,4],[-17,4],[-35,10],[-42,14],[-16,5],[-110,36],[-44,14],[-16,6],[-16,6],[-8,4],[-15,7],[-16,8],[-29,18],[-57,35],[-252,4]],[[60887,73072],[-157,124],[-94,66],[-379,143],[-27,11],[-196,79]],[[60034,73495],[41,68],[44,72],[114,187],[-111,21],[17,87],[-43,33],[-3,19],[-1,63],[107,80],[89,186],[-92,114],[61,65],[105,94],[148,133],[142,90],[30,47],[58,-14],[37,56],[101,44],[36,-95],[196,198],[-26,12],[-19,17],[-15,27],[-18,59],[-5,59],[7,68],[18,39],[19,19],[21,13],[22,9],[6,1],[24,3],[25,0],[7,5],[-4,8],[-13,17],[-3,50],[-8,20],[-22,30],[-20,42],[-21,90],[2,44],[13,35],[17,23],[22,19],[28,12],[25,6],[49,4],[59,2]],[[54123,74735],[-18,276],[-225,14],[6,85],[-103,267],[-24,236],[-11,103],[-6,63],[43,117],[35,95],[12,31],[-49,118],[228,410],[-25,77],[-134,137],[-75,52],[-57,22],[-33,27],[-12,22],[0,31],[20,63],[15,92],[2,34],[-78,132],[-44,96],[-154,4],[-97,-32],[-82,67],[-78,42],[31,35],[-14,39],[-84,77],[-67,62],[81,217],[212,75],[19,29],[-39,50],[176,54],[76,-9]],[[53570,78045],[-35,-150],[124,-6],[30,-79],[-67,-91],[28,-203],[-77,-42],[84,-25],[101,24],[-26,-140],[181,108],[99,27],[99,-218],[98,46],[133,-22],[146,77],[50,-153],[38,64],[76,15],[98,-29],[127,3],[78,-22],[71,25],[61,-40],[27,-99],[81,52],[186,-127],[99,148],[360,191],[228,28],[144,-66],[119,110],[-78,20],[-87,18],[-41,14],[-45,39],[287,205],[168,-93],[66,15],[-9,-43],[184,-116],[2,-151],[-51,-109],[-58,-34],[-102,-28],[-11,-62],[102,-163],[60,-97],[42,-5],[50,-5],[-12,-55],[101,-85],[-58,-102],[92,-43],[12,53],[155,5],[29,-35],[-53,-271],[108,-25],[53,225],[31,223],[62,-6],[10,45],[109,-4],[4,40],[55,3],[-17,50],[60,41],[67,-14],[11,53],[-88,67],[-9,71],[233,44],[132,-66],[78,-48],[35,-51],[40,35],[69,-29],[-6,242],[-53,69],[2,74],[-24,44],[-23,41],[-74,135],[65,38],[29,17],[77,-37],[59,22],[97,-22],[144,18],[360,153],[54,-19],[43,-149],[60,-27],[-8,-55],[149,3],[4,-44],[-61,-29],[-13,-97],[-42,-18],[-54,-5],[-42,2],[22,38],[-16,77],[-130,43],[-144,-58],[-71,-134],[10,-52],[-91,-54],[-21,-90],[5,-48],[94,28],[3,-28],[-14,-40],[-11,-37],[-25,-73],[-5,-45],[11,-31],[306,-29],[90,24],[49,98],[225,55],[96,-23],[75,44],[101,-18],[91,-16],[49,-38],[19,-58],[147,-48],[168,-70],[72,-72],[207,-124],[102,11],[47,35],[61,-3],[46,-19],[63,15],[-28,108],[119,72]],[[60584,76773],[72,-52],[46,-84],[69,-17],[44,-143],[-8,-75],[120,-16],[367,-203],[9,-38],[20,-61],[2,-26],[-6,-17],[-20,-17],[-36,-11],[-55,-5],[-35,-18],[-8,-24],[13,-33],[26,-27],[77,-46],[28,-26],[18,-22],[2,-11],[-4,-14],[-25,-11]],[[60034,73495],[-113,40],[-84,24],[-82,21],[-90,21],[-16,3],[-33,7],[-59,13],[-101,17],[-73,11],[-108,7],[-26,1],[-52,0],[-41,-2],[-54,-3],[-55,-6],[-12,-1],[-54,-11],[-110,-32],[-114,-37],[-143,-93],[-29,-74],[-118,-73],[-124,-51],[-103,-2],[-253,-70],[-223,-26],[-28,-5],[-316,-31],[-193,5],[-111,8],[-57,4],[-45,6],[-47,8],[-180,52],[-140,64],[-12,99],[-134,103],[-113,63],[-70,38],[-112,-14],[-161,152],[-67,97],[-113,180]],[[63581,64736],[-184,-3],[-119,17],[-175,44],[-61,15],[-118,22],[-132,21],[-144,24],[-152,25],[-135,24],[-118,23],[-128,18],[-93,1],[-71,-3],[-81,-7],[-83,-14],[-89,-20],[-99,-25],[-49,-22],[-63,-32],[-63,-39],[-69,-44],[-50,-49],[-56,-66],[-44,-76],[-24,-65],[-4,-56],[12,-46],[9,-21],[11,-19],[11,-20],[13,-19],[10,-13],[9,-11],[12,-11],[33,-25],[27,-19],[22,-14],[23,-13],[35,-16],[39,-18],[109,-22],[119,-14],[92,0],[179,9],[70,-7],[75,-15],[164,-53],[67,-30],[88,-49],[77,-54],[89,-67],[99,-102],[58,-66],[57,-86],[27,-61],[18,-63],[13,-45],[6,-20],[27,-58],[9,-19],[29,-64],[52,-61],[51,-55],[72,-50],[13,-10],[137,-69],[125,-70],[97,-58],[117,-79],[86,-69],[71,-65],[42,-43],[44,-58],[58,-84],[13,-26],[12,-25],[23,-45],[40,-115],[22,-84],[42,-198],[2,-49],[-10,-93],[-44,-132],[-37,-109],[-21,-96],[-1,-67],[14,-56],[34,-48],[58,-47],[73,-47],[86,-45],[144,-60],[204,-56],[148,-48],[163,-54],[113,-31]],[[64958,60996],[-338,-150],[-228,-191],[-24,-54],[-31,-72],[47,-12],[-5,-56],[-115,26],[-121,-105],[-113,-100],[-28,-24],[-81,33],[-210,85],[12,60],[-122,87],[-60,25],[-22,50],[3,91],[-75,-4],[-207,27],[-32,23],[-111,-53],[-225,9],[-111,-25],[-404,-91],[-143,37],[-63,193],[-364,93],[-126,195],[77,222],[-28,101],[210,191],[-65,41],[-17,44],[-121,310],[-178,240],[-123,61],[-139,23],[-208,46],[-112,176],[-54,34],[-100,30],[-119,9],[-105,-5],[-62,35],[-235,179],[-379,190],[-416,-333],[16,-144],[-17,-6],[-52,-10],[-64,-48],[-14,-29],[-36,-30],[-45,-22],[-101,-27],[-30,-32],[-8,-13],[-17,-28],[-4,-37],[-4,-20],[-29,-13],[-41,21],[-51,4],[-44,-29],[-39,-38],[-42,-16],[-53,-13],[-115,-15],[-31,-27],[-40,9],[-35,-48],[4,-72],[-26,-1],[-32,-5],[-29,-10],[-23,-22],[-14,-19],[-18,-11],[-30,-7],[-29,26],[-18,26],[-23,15],[-21,5],[-24,-2],[-39,4],[-14,7],[-37,19],[-33,5],[-57,-4],[-62,-12],[-29,-6],[-14,-10],[5,-14],[3,-15],[-12,-18],[-21,-13],[-27,-7],[-19,-3],[-32,-15],[-38,-11],[-27,-19],[-8,-22],[-10,-17],[-51,-25],[-53,-5],[-60,-6],[-45,-19],[-23,-19],[-24,-36],[-103,-57],[-41,-21],[-3,-13],[12,-26],[-12,-14],[-21,-3],[-29,10],[-21,-3],[-5,-23],[-42,-27],[-69,4],[-18,8],[-37,32],[-14,1],[-23,-9],[-15,-7],[-17,6],[-26,17],[-63,-2],[-42,7],[-31,-7],[-19,-16],[-22,-1],[-19,16],[-31,-3],[-20,12],[-50,21],[-35,9],[-32,19],[-11,24],[-33,16],[-24,16],[-20,14],[-14,15],[8,17],[-10,26],[-18,14],[-31,11],[-33,21],[-24,9],[-10,13],[-3,20],[-7,27],[8,16],[20,15],[-3,20],[-19,9],[-19,0],[-21,-2],[-28,1],[-19,12],[-1,16],[-8,21],[-8,19],[-2,26],[-16,12],[-15,17],[-2,18],[-6,40],[-15,32],[-4,24],[11,20],[9,20],[-7,33],[-16,13],[-25,12],[-30,6],[-30,14],[-37,30],[-19,13]],[[56201,62368],[156,106],[257,16],[93,116],[36,62],[97,31],[55,45],[-14,28],[46,37],[12,111],[99,120],[-8,71],[-28,28],[-26,7],[-31,8],[-21,18],[10,17],[19,12],[107,-3],[50,-2],[15,-11],[17,-22],[39,-6],[69,18],[79,34],[28,15],[-23,99],[70,78],[4,103],[88,58],[122,184],[196,86],[182,87],[38,13],[228,80],[67,94],[-5,122],[23,15],[-34,122],[7,126],[26,119],[65,186],[33,63],[63,54],[48,55],[9,177],[196,106],[-4,66],[93,62],[28,48],[19,29],[77,52],[127,41],[93,41],[54,36],[28,23],[48,37],[115,56],[168,-72],[97,-105],[99,-71],[105,-38],[122,-85],[155,-56],[117,-7],[102,25],[121,28],[127,42],[82,-5],[85,-14],[-57,-169],[72,-54],[215,15],[71,67],[17,13],[52,69],[68,9],[12,2],[76,39],[19,10],[119,64],[44,-36],[3,-2],[37,-1],[167,-3],[41,0],[167,-5],[54,2],[88,37],[26,-43],[27,-47],[76,26],[44,4],[47,53],[44,48],[80,-10],[32,37],[62,-18],[53,32],[-56,52],[54,62],[72,-82],[-36,-20],[35,-39],[113,-173],[-67,-59],[-85,27],[-144,-7],[-161,-42],[222,-10],[305,-45],[166,-66],[299,-55],[190,-77],[100,-253]],[[64186,68724],[-171,-211],[-46,-144],[237,-32],[-43,-66],[-27,-67],[-25,-58],[-10,-30],[184,-124],[89,-20],[211,-27],[53,27],[11,98],[59,69],[33,-20],[-42,-55],[9,-25],[23,-60],[52,-32],[24,26],[83,-89],[39,4],[30,4],[65,-13],[279,54],[-66,-82],[118,14],[55,-22],[53,52],[453,75],[215,-14],[91,48],[352,69],[158,109],[174,31],[112,34],[78,35],[22,29],[4,26],[-22,31],[-85,63],[-20,34],[8,30],[61,70],[62,47],[267,154],[26,-39],[-77,-59],[76,-63],[16,-173],[-119,-72],[30,-155],[55,161],[38,17],[145,-98],[-34,-68],[3,-68],[24,-35],[8,5],[6,4],[34,21],[-14,30],[-5,10],[45,94],[152,16],[188,39],[3,-68],[203,-166],[40,-99],[195,-83],[157,-68],[-64,-22],[-118,-7],[-315,-145],[-172,-103],[-158,-133],[-91,-31],[-116,-8],[192,-324],[-9,-28],[64,-69],[121,-28],[37,100],[52,142],[-37,68],[107,66],[39,24],[203,29],[127,-108],[8,-54],[56,-61],[3,-37],[-101,-84],[-89,-199],[-80,-27],[-115,-211],[-63,-25],[-33,-70],[92,-27],[-4,-47],[-50,-91],[-204,-174]],[[67870,66165],[-55,65],[-29,78],[48,79],[59,59],[46,47],[50,80],[-83,48]],[[67906,66621],[73,166],[-258,146],[-411,239],[-156,85],[-103,55],[-57,72],[-136,88],[-78,-11],[-113,-60],[-131,43],[-70,81],[-98,-1],[-140,-62],[-64,-84],[48,-18],[-9,-49],[123,-92],[40,23],[43,-67],[54,-23],[38,-62],[-66,-20],[-104,4],[-103,-44],[-159,1],[-15,-33],[46,-14],[55,-60],[-11,-37],[-301,-75],[-48,-37],[-73,-23],[9,-25],[110,-11],[90,-110],[193,12],[81,71],[57,-26],[36,7],[-8,-78],[60,-3],[25,-31],[55,-1],[16,38],[45,-11],[-1,-76],[30,-48],[-33,-146]],[[66487,66314],[-3,-27],[26,-67],[74,-50],[-39,-93],[80,-73],[67,-29],[-12,-48],[-83,-29],[-41,-45],[-104,-4],[-62,55],[32,91],[-163,53],[-307,69],[-2,-125],[-55,-10],[-119,78],[-45,257],[-75,37],[4,158],[55,97],[-79,6],[-56,8],[-40,0],[-200,-43],[-198,91],[-34,137],[-47,48],[-193,94],[-22,11],[-209,11],[-99,19],[-175,29],[-89,-45],[-113,28],[-86,73],[-209,-116],[-62,-14],[-96,-21],[-60,39],[-198,-217],[-179,-16],[-90,-91],[-7,-7],[31,-28],[69,-60],[-72,-64]],[[63202,66481],[-144,112],[-477,341],[-112,92],[-85,78],[-65,70]],[[65798,70532],[39,-35],[110,-99],[5,-46],[122,-51],[28,-60],[-31,-42],[10,-66],[86,-30]],[[66167,70103],[2,-40],[-49,-37],[-39,-75],[-237,-199],[-141,-48],[-53,-17],[-66,-36],[-69,33],[-39,-31],[-108,6],[-76,3],[-225,-176],[-104,-32],[-96,33]],[[24149,45105],[3,-21],[39,-54],[11,-44],[9,-17],[19,-10],[35,-6],[68,-6],[37,-15],[2,-8],[-5,-14],[-28,-64],[-7,-20],[-2,-15],[3,-17],[14,-18],[23,-19],[23,-8],[62,-6],[38,-6],[23,-14],[39,-23],[23,-29],[8,-22],[8,-17],[15,-8],[36,-10],[23,-26],[10,-18],[-5,-25],[-6,-28],[15,-9],[17,-12],[13,-21],[21,-31],[-6,-32],[-7,-19],[-12,-22],[-15,-24],[-6,-30],[-10,-22],[-6,-14],[-1,-14],[9,-21],[21,-30],[41,-44],[34,-18],[32,-22],[26,-25],[43,-44],[20,-24],[31,-50],[22,-17],[37,-6],[22,-6],[8,-20],[-1,-26],[-13,-27],[-47,-41],[-15,-27],[-45,-61],[-42,-59],[-20,-45],[-19,-46],[6,-41],[21,-17],[26,-61],[35,-41],[36,-33],[51,-27],[59,-29],[47,-106],[10,1],[64,8],[81,6],[89,1],[98,-10],[87,-22],[96,-27],[74,-31],[82,-37],[96,-43],[79,-42],[71,-39],[65,-35],[71,-37],[85,-47],[35,-10],[41,-4],[64,8],[82,14],[4,-43],[-85,-11],[-65,-6],[-56,-5],[-309,-57],[-119,-35],[-94,-45],[-103,-45],[-60,-23],[-59,-17],[-47,-7],[-38,-7],[-53,-11],[-54,-12],[-221,-51],[-45,-12],[-24,-7],[-36,-11],[-45,-15],[-53,-21],[-46,-26],[-28,9],[-14,3],[-15,3],[-16,1],[-17,0],[-26,-1],[-25,-4],[-22,-6],[-22,-7],[-13,-5],[-13,-6],[-17,-9],[-12,-11],[-5,-6],[-2,-2],[-18,-18],[-13,-15],[-18,-25],[-13,-33],[-9,-31],[-2,-18],[-5,-14],[-2,-19],[-1,-15],[-4,-45],[5,-68],[19,-67],[32,-56],[48,-59],[7,-71],[12,2],[1,-12],[251,23],[20,48],[69,47],[25,17],[75,0],[65,-22],[64,-21],[200,-104],[120,-47],[103,-26],[14,-77],[113,-177],[110,-124],[83,7],[133,-28],[67,-14]],[[26161,41337],[-23,-81],[-24,-83],[10,-191],[-294,16],[-165,-46],[-40,-37],[-31,-11],[-34,-12],[-44,-16],[-69,-25],[-144,-52],[-54,-30],[-72,84],[-22,49],[-21,47],[-80,41],[-131,-103],[-207,-80],[-26,-5],[-82,-11],[-184,-25],[-38,-5],[-62,-76],[-90,-70],[-164,-157],[-116,-35],[7,-43],[-24,-59],[-10,-128],[36,-47],[75,-20],[34,-8],[18,-13],[10,-14],[15,-13],[25,-12],[140,-41],[25,53],[47,111],[-22,116],[134,5],[83,-122],[101,-144],[-19,-168],[86,-51],[77,5],[35,105],[88,101],[105,98],[75,71],[67,-78],[-30,-68],[-103,-135],[-119,-140],[-60,-60],[115,-110],[13,-68],[66,-8],[111,35],[16,-13],[30,-47],[63,-41],[85,-29],[53,-49],[161,-155],[176,-74],[32,-99],[80,29],[138,19],[107,80],[114,24],[17,-15],[14,-9],[4,-24],[15,-29],[43,-52],[-30,-37],[-45,-36],[-27,-33],[-11,-29],[-15,-55],[-42,-31],[-19,-27],[-11,-34],[-1,-36],[5,-42],[-21,-23],[-28,-17],[-34,-10],[-26,-10],[-22,-10],[-58,67],[-421,270],[-27,-20],[-70,-52],[-41,-26],[-70,-25],[-137,-34],[-67,-6],[68,-51],[-22,-119],[-9,-48],[45,-21],[-21,-43],[68,-14],[-23,-49],[-89,-145],[-157,-140],[77,-39],[28,-14],[5,-81],[7,-72],[-268,93],[-36,-67],[-76,-17],[-74,-17],[-100,-163],[-123,-198]],[[24385,37628],[-184,61],[-95,-45],[54,144],[-65,25],[-59,-243],[-156,80],[-101,-43],[-37,-44],[-75,-54],[-82,16],[-248,64],[-40,-48],[-75,21],[-72,82],[-22,42],[-45,-14],[18,105],[-104,8],[-45,-31],[-44,-53],[-81,12],[-82,-9],[-23,-42],[-19,-29],[-11,-27],[-17,-37],[1,-35],[-5,-33],[-9,-22],[-19,-25],[-18,-28],[-19,-25],[-22,-37],[-18,-36],[-53,-83]],[[22513,37245],[-137,98],[-93,-137],[-74,-119],[-63,31],[-192,73],[-256,99],[-82,-32],[-82,-37],[-228,-101],[-114,-2],[-94,-11],[-91,-36],[-114,19],[136,126],[-158,-54],[-42,45],[96,71],[-38,51],[102,55],[-199,158],[41,55],[58,77],[144,184],[198,216],[37,47],[37,60],[-77,37],[-149,72],[-145,-107],[-148,-94],[-185,-89],[-1118,-420],[-86,-35],[-79,-33],[-54,-31],[-51,-36],[-39,-31],[-40,-37],[-52,-48],[-61,-63],[-49,-45],[-65,-19],[-49,-6],[-63,-3],[-68,8],[-50,13]],[[18677,37214],[70,348],[24,150],[12,78],[-55,86],[-74,37],[-84,149],[4,259],[-114,101],[72,62],[-106,62],[-36,21],[173,234],[42,83],[-48,112],[-111,137],[164,109],[64,39],[16,46],[2,41],[13,42],[176,140],[86,46],[76,58],[85,89],[137,127],[27,68],[122,56],[55,26],[43,-16],[111,-10],[74,-28],[55,0],[119,-15],[73,-17],[225,-43],[90,-4],[79,7],[86,25],[65,28],[-87,87],[240,152],[134,37],[231,46],[138,113],[-248,42],[-35,87],[25,64],[-37,29],[-105,84],[-140,-8],[-49,-3],[-157,30],[-149,36],[-96,21],[-90,13],[74,103],[21,54],[-122,79],[-128,-10],[55,123],[5,44],[129,-21],[195,-86],[36,24],[56,34],[58,31],[-38,39],[-18,37],[-17,20],[-38,14],[-55,19],[-61,28],[-71,51],[117,72],[113,-22],[78,0],[49,-1],[29,-5],[28,-10],[28,-16],[44,-17],[46,-11],[58,-6],[99,-4],[167,-7],[140,-4],[95,0],[56,6],[38,9],[64,26],[45,19],[67,21],[67,15],[145,-3],[-19,84],[-54,71],[-12,48],[29,100],[49,7],[-21,91],[2,37],[59,31],[9,102],[106,32],[45,145],[-31,39],[17,39],[10,23],[-71,53],[5,43],[68,29],[101,40],[187,41],[137,45],[185,101],[94,71],[59,64],[67,96],[63,178],[41,122],[8,126],[19,88],[60,45],[60,7],[162,170],[-81,20],[-39,42],[24,86],[114,252],[74,75],[31,189],[100,169],[-36,154],[10,138],[81,105],[-6,63],[253,51],[345,86],[91,6],[36,79]],[[36083,52747],[-88,-50],[38,-73],[73,-142],[213,10],[34,-107],[-13,-96],[-138,-46],[-73,-128],[-129,46],[77,-219],[15,-14],[170,-160],[-209,-171],[-142,66],[88,112],[31,123],[-174,62],[-122,-125],[128,-80],[-65,-157],[-280,-261],[-155,-21],[-168,-301],[171,-195],[339,-131],[-51,-81],[102,-60],[-116,-28],[-144,-188],[-65,31]],[[35430,50363],[-128,64],[-19,-88],[-115,104],[-33,-72],[-93,56],[-40,-55],[-54,49],[-25,-16],[-38,39],[-180,-106],[-39,38],[-80,-122],[-46,37],[-231,-258],[-24,18],[-25,29],[-11,21],[-24,37],[-29,38],[-12,10],[-11,6],[-22,8],[-28,9],[-12,6],[-13,10],[-10,11],[-9,10],[-20,30],[-14,28],[-21,35],[-36,54],[-36,37],[-47,25],[-47,28],[-48,33],[-20,19],[-31,48],[-15,5],[-14,-4],[-28,-20],[-41,-24],[-44,-15],[-54,-5],[-38,10],[-21,13],[-29,27],[-23,40],[-4,44],[-4,42],[-6,28],[-25,21],[-32,9],[-66,11],[-48,14],[-49,17],[-54,8],[-51,14],[-49,21],[-45,27],[-118,-107],[-164,100],[-170,-117],[142,-118],[-163,-121],[-88,-85],[-189,66],[-92,-99],[-63,-95],[-153,10],[-265,-53],[-268,-146],[-122,110],[-38,35],[-76,93],[-438,518],[-266,214],[-36,32],[-85,-32],[-101,-68],[-73,65],[-45,14],[0,188],[193,106],[-42,68],[-137,121],[-162,64],[188,95],[-24,100],[524,-78],[134,59],[102,37],[105,64],[-1,34],[-4,160],[59,114],[132,-13],[239,311],[2,225],[168,43],[137,-31],[-37,-118],[292,169],[298,82],[-408,148],[-174,4],[29,92],[-16,182],[94,81],[272,80],[105,-32],[280,129],[373,293],[203,-456],[-116,-187],[45,-43]],[[33001,53173],[188,-245],[74,-96],[68,-78],[13,-51],[70,39],[4,18],[7,28],[50,39],[83,61],[32,-17],[64,-103],[69,-112],[45,-73],[77,68],[32,82],[400,95],[96,27],[49,-26],[49,-45],[67,66],[8,53],[6,40],[236,110],[156,183],[175,15],[165,11],[0,-57],[190,24],[223,-192],[67,-3],[125,-26],[-6,-46],[124,-102],[76,-113]],[[41476,39129],[-97,-22],[-132,0],[-109,62],[-222,37],[-64,16],[-38,11],[-28,13],[-13,11],[-9,12],[-8,16],[-14,12],[-27,15],[-37,15],[-32,6],[-19,7],[-9,4],[-12,12],[-35,41],[-25,25],[-13,9],[-23,9],[-30,16],[97,88],[27,113],[-186,109],[-289,85],[-117,-47],[-45,-108],[-29,71],[-33,86],[-22,67],[-15,61],[-9,52],[-8,38],[0,40],[-16,24],[-13,16],[-20,17],[-18,19],[-7,18],[-1,25],[3,32],[23,47],[21,10],[10,8],[10,8],[12,18],[-1,24],[-11,23],[-28,34],[-37,47],[-23,45],[-5,13],[-5,14],[-1,27],[5,40],[-3,22],[-25,29],[-23,28],[-22,27],[-48,51],[-73,76],[-42,66],[-16,77],[-12,66],[-10,57],[-18,50],[-66,10],[-67,14],[-58,8],[-61,0],[-71,-5],[-54,-15],[-54,-14],[-60,-8],[-72,3],[-71,7],[-37,17],[-13,17],[-21,33],[-22,16],[-36,15],[-46,14],[-37,14],[-30,20],[-13,25],[-20,26],[-29,25],[-198,95],[-47,20],[-31,7],[-43,8],[-29,21],[-28,35],[-17,26],[-12,41],[17,154],[-3,27],[-13,21],[-19,12],[-21,5],[-24,2],[-16,3],[-25,8],[-103,53],[-65,-17],[-43,-8],[-47,-3],[-49,-3],[-50,-16],[-35,-21],[-27,-19],[-16,-25],[-12,-15],[-20,-6],[-18,-1],[-22,8],[-42,15],[-40,-2],[-58,-8],[-8,93],[-31,92],[162,100],[89,-11],[12,108],[73,18],[-3,37],[60,0],[48,33],[-10,144],[114,157],[-117,64],[24,189],[54,88],[71,53],[-24,92],[-41,-15],[-80,-22],[-58,125],[-14,30],[-52,24],[-178,-54],[-56,5],[-18,125],[-83,-23],[-1,-97],[-44,-11],[-48,424]],[[37204,43576],[158,78],[726,156],[323,153],[186,76],[-28,69],[120,42],[101,15],[82,7],[65,-65],[160,12],[390,43],[-15,73],[160,19],[43,19],[103,31],[34,-66],[58,13],[34,67],[208,219],[-36,49],[116,98],[102,157],[-4,155],[-73,77],[-27,84],[9,66],[-40,164],[244,74],[145,-78],[190,71],[-25,-313],[336,-52],[244,222],[110,218],[15,29],[160,34],[118,26],[72,15],[55,-5],[276,-44],[177,-9],[77,-9],[320,-194],[87,-92],[45,-47],[66,-190],[163,101],[232,534],[41,93],[14,32],[75,122],[11,44],[23,94],[48,-23],[274,-106],[155,0],[29,-67],[47,23],[21,-68],[86,-43],[77,-15],[206,-43],[472,-245],[101,-90],[156,-227],[264,-234],[595,-392],[91,-200],[446,-402]],[[46498,43931],[-220,-111],[-232,-86],[-54,-22],[-105,-87],[-216,-195],[-38,-34],[-222,-208],[-229,-188],[-238,-183],[-363,-240],[-162,-94],[-33,-38],[-54,-44],[-37,-30],[-98,-41],[-89,-43],[-152,-95],[-196,-138],[-90,-93],[-60,-79],[-241,-188],[-61,-57],[-139,-116],[-41,-38],[-103,-71],[-114,-75],[-285,-129],[-240,-169],[-21,-30],[2,-88],[-35,-52],[-49,-82],[19,-94],[17,-81],[-7,-89],[58,-31],[25,-26],[22,-35],[25,-50],[56,-225],[6,-40],[-15,-46],[-68,-109],[-103,-157],[-97,-117],[-365,-135],[-119,-51],[-41,-18],[-76,-60],[-64,-83],[-80,-211]],[[18992,51096],[46,-2],[8,-140],[43,-100],[180,58],[77,63],[30,37],[31,-43],[-54,-208],[65,-94],[146,-131],[-37,-28],[109,-94],[-33,-101],[-8,-26],[46,-29],[22,-32],[77,-131],[64,-77],[-800,-428],[62,-89],[-150,-83],[-54,82],[71,35],[-146,91],[-167,-107],[60,-117],[-86,-32],[-247,-54],[-109,15],[-95,13],[-327,-165],[-301,-151],[-157,37],[-39,99],[-42,106],[-127,14],[-135,16],[-67,7],[-54,93],[-123,123],[-42,43],[-39,-69],[-55,23],[-84,36],[0,43],[-65,3],[60,37],[-30,54],[-159,4],[-139,-40],[-45,42],[-17,34],[38,15],[47,36],[36,106],[-15,82],[-40,84],[-68,29],[-38,-11],[-33,-26],[-34,-22],[-24,-56],[-83,-42],[-58,-17],[-43,0],[-88,32],[-43,18],[-129,66],[-72,58],[-103,61],[-63,59],[-66,45],[-110,94],[-147,84],[-47,-68],[-90,-26],[-107,35],[-31,24],[-75,0],[-93,14],[-40,-17],[-175,48],[-155,63],[32,221],[309,139],[238,146],[-107,76],[-91,-20],[-75,35],[-46,32],[-97,56],[-26,59],[-29,49],[199,32],[139,53],[323,-167],[221,151],[289,80],[29,92],[488,-220],[16,25],[21,50],[50,89],[18,33],[7,25],[2,57],[96,64],[233,27],[154,18],[-105,161],[129,59],[128,-4],[185,66],[384,94],[-16,78],[-58,-19],[-77,145],[119,17],[-2,126],[368,19],[17,154],[190,-8],[-9,-75],[301,-12],[-14,310],[236,14],[-11,143],[165,17],[34,-3],[32,-4],[72,3],[225,0],[87,-21],[27,48],[9,57],[1,61],[3,45],[16,38],[43,25],[42,11],[50,14],[25,-87],[78,-22],[150,-27],[294,-5],[39,-67],[146,8],[-11,-100],[-39,-12],[-3,-98],[16,-89],[-27,-59],[21,-52],[-115,5],[13,-24],[19,-37],[19,-58],[-31,-146],[-156,-33],[-57,-312],[78,-33],[-42,-71],[66,-26],[58,-32],[-39,-44],[126,-94],[-115,-104],[-223,-202],[-231,-53],[-144,-154],[-81,38],[-46,-27],[-43,-31],[-13,-46],[16,-32],[25,-24],[48,-16]],[[91702,26247],[-8,122],[-12,173],[-5,288],[-10,267]],[[91667,27097],[-2,221],[84,6],[104,16],[8,2],[0,154],[-2,158],[-10,120],[3,111],[-145,55],[-42,41],[-16,68],[19,68],[26,47],[46,29],[64,28],[91,26],[26,5],[-6,42],[4,48],[15,51],[-190,77],[24,78],[37,134],[222,-16],[18,56],[54,-12],[21,28],[25,20],[30,32],[25,20],[25,16],[42,26],[-32,141],[-102,34],[12,59],[-222,163],[-49,52],[-4,41],[-6,61],[-13,73],[-11,41],[296,36],[248,-5],[237,-19],[252,25],[4,31],[38,341],[165,15]],[[93080,29941],[332,28],[2,99],[88,12],[159,13],[-62,194],[-17,151],[79,18],[-19,53],[120,7],[-9,73],[93,8],[87,-71],[262,-6],[147,-99],[120,-66],[48,-43],[380,-3],[-87,136],[-100,75],[170,43],[284,240],[377,-21],[33,62],[79,-9],[8,140],[21,27],[-159,91],[46,77],[168,-75],[27,43],[194,-166],[91,-82],[59,-84],[46,19],[47,5],[85,-16],[59,-24],[86,-37]],[[96424,30753],[-7,-16],[-5,-14],[-58,-85],[-98,-145],[-42,-52],[-4,-7],[-43,-70],[-4,-5],[-32,-79],[-25,-79],[-21,-66],[-11,-78],[-7,-110],[4,-113],[20,-108],[40,-125],[66,-120],[124,-171],[73,-106],[46,-89]],[[96440,29115],[-82,-23],[-77,15],[-97,65],[-87,41],[-176,15],[-167,-33],[-15,34],[-140,-4],[-162,25],[41,156],[-292,126],[-87,-127],[-41,-95],[-58,-63],[-142,0],[-15,-180],[-78,-5],[-8,-84],[-139,-7],[-5,-54],[-2,-56],[-5,-42],[-35,-101],[-70,-80],[38,-72],[-5,-49],[-41,-108],[-43,-308],[286,-100],[-193,-194],[-124,-133],[-138,-156],[-82,-96],[-43,-84],[-30,-94],[0,-80],[6,-63],[13,-50],[14,-56],[29,-28],[-97,-28],[-104,-26],[-146,-44],[-83,-26],[-17,-7],[11,-101],[-272,-55],[18,-78],[-243,-67],[-57,-8],[9,-22],[-225,-41],[-368,-62],[-633,-106],[-279,-49]],[[63337,23212],[-71,236],[-61,198],[376,-44],[-190,126]],[[63391,23728],[149,74],[-6,29],[10,227],[-5,104],[3,139],[204,14],[231,20],[95,7],[306,-41],[103,-14],[360,56],[211,93],[546,-121],[197,-54],[105,-26],[288,-81],[137,-88],[56,12],[-14,86],[-15,67],[-20,186],[-23,120],[-34,88],[-104,7],[-95,-2],[-86,32],[-225,158],[-236,141],[-97,10],[-51,48],[89,120],[-103,116],[-34,53],[-62,36],[28,87],[47,62],[85,109],[118,89],[-28,104],[-12,37],[-12,34],[-65,88],[-17,172],[-4,54],[-7,138],[9,36],[92,34]],[[65505,26388],[143,50],[288,101],[232,78],[150,113],[71,22],[16,-15],[10,-10],[90,-65],[96,-55],[103,-43],[82,-31],[87,-32],[23,-8],[95,-14],[92,-13],[27,-22],[9,-52],[1,-15],[3,-20],[44,-40],[48,-17],[43,-12],[22,-6],[40,-27],[21,-25],[27,-32],[23,-31],[31,-41],[42,-38],[18,-16],[66,-60],[8,-7],[83,-84],[48,-57],[42,-45],[15,-37],[13,-50],[11,-47],[4,-18],[65,-38],[151,31],[168,12],[80,31],[106,6],[236,77],[-39,179],[-41,39],[8,83],[55,26],[1,150],[48,34],[63,29],[-15,96],[60,16],[47,17],[77,24],[95,46],[102,-15],[54,-11],[58,-36],[18,-27],[136,-54],[52,40],[40,57],[78,31],[103,-14],[152,-60],[151,-34],[-27,-98],[77,-61],[103,-9],[138,-6],[89,13],[93,27],[93,-45],[77,-145]],[[70524,26078],[21,-78],[166,-127],[-282,-204],[-59,-150],[24,-59],[93,-97],[111,-79],[85,-47],[94,-51],[58,-23],[58,-13],[104,-75],[42,1],[80,10],[135,2],[128,-3],[77,19],[76,7],[47,-11],[44,13],[131,45],[92,35],[85,24],[83,-22],[17,-48],[80,37],[140,67],[14,-21],[11,-11],[79,-123],[71,-73],[96,-139],[159,-127],[181,-206],[-29,-97],[-28,-134],[-40,-119],[217,-73],[117,-38],[-81,-225],[46,-154],[93,-86],[68,-116],[32,-225],[126,-266],[3,-178],[-49,-174],[-36,-223],[15,-80],[-73,-53],[-99,4],[-272,-84],[-112,-73],[-64,-36],[-102,-35],[-125,-32],[-86,-35],[-65,-80],[-41,-59],[-27,-12],[-63,-14],[-96,-23],[-88,29],[-23,-80],[-273,-45],[-235,21],[-131,-25],[-272,-11],[124,-291],[64,-7],[-67,-116],[-25,-51],[-17,-35],[-2,-76],[8,-57],[42,-44],[91,-50],[127,48],[253,64],[119,24],[49,-12],[-8,-59],[2,-71],[154,-51],[-15,-59],[-197,33],[-130,11],[-129,-51],[-46,-37],[-23,-160],[23,-32],[37,-22],[39,-23],[18,-17],[11,-10],[22,-22],[37,-19],[46,-15],[9,-2],[45,-12],[36,-10],[64,-19],[39,-12],[45,-12],[8,-3],[97,-78],[198,-33],[180,-91],[71,-217]],[[72471,20024],[-60,-56],[-284,-111]],[[72127,19857],[-417,-15],[-94,22],[-298,111],[-194,129],[-29,182],[-8,50],[-36,42],[-49,23],[-175,33],[-198,98],[-227,191],[-160,206],[-264,141],[-159,101],[-123,58],[-174,66],[-93,58],[-164,206],[-109,126],[-70,21],[-74,-33],[-116,-25],[-82,6],[-35,7],[-26,5],[-27,3],[-27,2],[-44,2],[-41,1],[-26,-3],[-39,-10],[-61,-24],[-77,79],[-98,-50],[-62,-24],[-25,-98],[-65,9],[-35,-18],[-106,-19],[-63,9],[-85,-2],[-94,8],[-64,3],[-76,18],[-66,13],[-62,10],[-66,2],[-55,0],[-54,4],[-67,24],[-42,27],[-72,31],[-73,7],[-109,-3],[-111,-7],[-92,-8],[-69,-16],[-43,-15],[-11,-6],[-34,-23],[-34,-24],[-33,-24],[-32,-24],[-32,-25],[-32,-25],[-18,-16],[-18,-16],[-16,-17],[-21,-21],[-32,-40],[-33,-38],[-35,-42],[-11,-32],[0,-54],[-53,-7],[-4,-1],[-60,-3],[-103,4],[-58,10],[-7,1],[-37,25],[-18,35],[-18,37],[-3,8],[-9,38],[-1,12],[-8,61],[12,85],[12,40],[14,32],[7,46],[7,34],[-6,23],[-16,10],[-43,12],[-48,8],[-136,27],[-21,8],[-26,7],[-55,19],[-50,11],[-35,11],[-50,23],[-45,27],[-37,13],[13,65],[29,96],[-131,210],[45,142],[-35,61],[-80,82],[-132,69],[-139,305],[-87,190],[-146,169],[-43,35],[-345,-81],[-152,105],[68,44],[-75,108],[-237,-63],[-274,-79],[-155,-48],[-157,-48]],[[78099,10511],[-8,75],[-39,44],[-82,9],[-65,5],[-79,69],[63,141],[83,9],[51,-41],[9,45],[54,16],[54,-25],[50,-31],[97,-56],[82,-13],[109,49],[105,-110],[-46,-82],[-138,-134],[36,-58],[17,-110],[10,-34]],[[78462,10279],[-39,-7],[-89,36],[-60,15],[-63,45],[-50,56],[-23,82],[-39,5]],[[73444,16021],[-92,43],[-25,17],[-25,27],[-6,32],[4,28],[1,26],[-6,19],[-14,17],[-13,20],[-6,24],[-2,23],[1,26],[8,33],[5,24],[2,25],[-1,19],[-4,25],[-12,25],[-9,29],[-2,20],[0,27],[1,21],[8,29],[12,24],[16,24],[17,28],[14,30],[9,29],[2,19],[15,31],[13,28],[12,33],[1,18],[-6,22],[-16,20],[0,63],[38,48],[43,39],[-47,37],[-59,59],[-94,56],[-36,35],[-39,78],[-40,44],[24,30],[124,155]],[[73260,17550],[48,-15],[102,-90],[100,5],[320,97],[95,-5],[63,-34],[87,-39],[247,-1],[85,42],[105,20],[100,3],[85,27],[94,65],[87,43],[115,33],[173,3],[193,-21],[89,-31],[178,-134],[119,-139],[164,0],[26,-2],[64,-6],[143,-41]],[[76142,17330],[-37,-95],[-9,-69],[24,-85],[56,-84],[48,-74],[14,-152],[-29,-99],[-42,-83],[59,-77],[87,-19],[9,-2],[86,49],[49,-3],[18,-1],[100,78],[106,88],[94,50],[70,24],[89,9],[94,-9],[67,-28],[76,-43],[58,-37],[53,-39],[-35,-78],[18,-98],[44,-27],[-27,-105],[13,-103],[16,-47],[3,-48],[2,-16],[-45,-18],[-20,-8],[0,-7],[2,-23]],[[77253,16051],[-30,-54],[-4,-64],[11,-50],[47,-67],[0,-39],[-2,-3],[-43,-97],[17,-99]],[[77249,15578],[-9,-59],[-44,-59],[42,-145],[61,-84],[72,-63],[49,22],[111,-57],[91,-73]],[[77622,15060],[-104,-50],[-72,-22],[-167,-182],[-236,-11]],[[77043,14795],[12,60],[-530,87],[-11,52],[-212,121],[14,211],[-102,45],[-58,19],[-48,-1],[-52,-8],[-58,-29],[-61,45],[-13,33],[-13,31],[-35,28],[-45,13],[-31,2],[-21,13],[-16,39],[-30,27],[-30,21],[-26,31],[-3,36],[16,49],[23,31],[28,31],[11,33],[77,50],[33,-42],[33,-43],[104,54],[-20,84],[150,75],[90,-48],[164,-34],[165,-34],[23,96],[17,78],[-6,74],[-6,61],[-252,87],[-221,-30],[-70,-9],[5,33],[11,116],[-104,2],[-56,-14],[-46,-24],[-21,-42],[-17,-33],[-140,51],[-48,19],[-33,-208],[-154,17],[-97,-77],[54,-53]],[[75387,16021],[-291,-98],[-177,-94],[-54,67],[-48,59],[-21,25],[-193,-46],[-141,-1],[-296,-80],[-151,-90],[-211,-123],[-13,16],[-24,3],[-35,-1],[-35,2],[-37,5],[-37,11],[-36,28],[-28,23],[-19,19],[-21,24],[-6,27],[-10,27],[-5,31],[2,23],[10,24],[11,23],[2,21],[-5,23],[-15,18],[-14,11],[-45,23]],[[84315,10362],[-16,-2],[0,40],[-76,-6],[3,-62],[-59,0],[-102,14],[-74,-3],[-11,24],[-71,8],[0,-28],[-116,36],[-45,17],[-58,-1],[-192,48],[-1,8],[-5,82],[-83,14],[-11,-79],[-78,26],[-92,-5],[38,-51],[-65,-25],[-75,-35],[27,-45],[-215,-104],[38,-105],[-5,-24],[-16,-73],[-29,-67],[-60,-1],[1,-123],[-130,5],[-16,-70],[-150,-23],[27,-60],[8,-67],[-27,-44],[-220,-9],[-161,21],[-80,-5],[-312,-45],[-290,25],[-63,7],[40,129],[-19,91],[-112,-7],[-9,90],[-130,-14],[1,88],[0,15],[-20,1],[-87,-1],[-10,51],[-65,-1],[11,78],[3,22],[20,131],[41,5],[6,1],[0,14],[1,49],[22,3],[85,12],[238,57],[-36,51],[68,39],[35,20],[-38,24],[-73,151],[45,11],[-21,28],[-18,27],[35,-2],[28,0],[58,96],[28,86],[105,0],[4,121],[39,-1],[1,81],[-184,9],[-382,-12],[-10,67],[64,124],[-105,39],[-4,47],[-230,-45],[-326,24],[-146,50],[-111,-4],[-127,7],[-116,-30],[-249,6],[-157,7],[8,41],[-109,8],[17,54],[-12,77],[29,19],[63,-9],[48,23],[209,-5],[-5,-36],[-2,-11],[135,-10],[4,-46],[104,14],[20,83],[214,43],[128,-11],[97,36],[4,99],[-28,42],[-29,39],[197,34],[93,39],[75,20],[90,5],[68,5],[67,-19],[66,4],[199,33],[115,13],[-4,86],[-17,60],[-65,-4],[-17,33],[-5,45],[-3,40],[-91,-3],[-33,252],[-50,141],[-12,0],[-21,-1],[-22,107],[24,1],[40,3],[-27,65],[-13,34],[-8,68],[141,29],[-6,78],[170,-25],[9,66],[316,83],[-28,51],[117,-8],[-10,132],[88,11],[3,-25],[120,6],[12,-61],[247,7],[55,-4],[32,67],[89,-14],[-1,-33],[95,14],[222,71],[-18,52],[257,60],[-1,42],[124,9],[9,-98],[124,14],[1,-69],[122,28],[206,22],[214,21],[5,-50],[96,16],[4,-40],[119,-10],[-2,-69],[38,-12],[21,-67],[185,15],[92,-29],[101,-17],[93,0],[-1,93],[209,5],[192,9],[89,-33]],[[85137,13258],[21,-46],[126,-2],[31,-64],[-2,-63],[19,-67],[43,-105],[70,-236],[29,-125],[-181,-31],[24,-90],[20,-277],[266,20],[185,6],[460,105],[17,-68],[65,11],[-26,-60],[-209,-136],[-55,-29],[-62,1],[-114,-48],[14,-77],[-64,-19],[63,-103],[-77,-23],[28,-145],[-3,-129],[0,-11],[74,3],[306,11],[1,-21],[2,-129],[15,-61],[49,-272],[-87,-30],[36,-181],[-95,-88],[40,-34],[43,-36],[-130,-111],[37,-105],[11,-160],[60,-1]],[[86187,10232],[27,-205],[-116,-6],[-16,-5],[-28,53],[-68,57],[-77,20],[-223,1],[-10,57],[-37,2],[-67,5],[-84,37],[-94,3],[-3,34],[-67,1],[-4,109],[-46,-1],[-20,135],[-22,71],[-361,-36],[-16,-11],[-9,-23],[-13,-30],[-25,-36],[-29,-27],[-37,-10],[-32,-4],[-23,-2],[-141,-10],[-113,-19],[-75,-20],[-43,-10]],[[96440,29115],[35,-62],[563,-1645],[32,-114],[60,-167],[5,-14],[38,-135],[24,-89],[16,-100],[29,-90],[28,-70],[41,-78],[58,-84],[78,-72],[106,-101],[123,-116],[183,-202],[70,-96],[74,-98],[101,-156],[35,-126],[-3,-32],[-6,-42],[-1,-8],[-5,-36],[-43,-88],[-64,-66],[-40,-26],[-76,-28],[-81,-24],[-176,-60],[-108,-37],[-85,-29],[-85,-62],[-39,-29],[-34,-42],[-28,-37],[-23,-46],[-16,-40],[-14,-58],[-2,-46],[2,-48],[12,-49],[17,-47],[17,-40],[33,-49],[39,-49],[24,-26],[53,-42],[45,-29],[43,-27],[46,-27],[58,-24],[63,-22],[76,-20],[56,-13],[177,-21],[187,-9],[208,7],[137,10]],[[98503,24139],[-8,-113],[75,5],[121,-13],[-35,-50],[-203,-61],[-12,-4],[-209,-86],[-63,-2],[-71,-9],[-39,-8],[-35,-13],[-35,-15],[-35,-22],[-56,5],[-181,15],[-55,36],[-88,63],[-93,-49],[-49,71],[-16,23],[-44,-10],[-63,-26],[-34,-13],[-118,-44],[-39,-14],[-37,-22],[-32,-13],[-59,-19],[-70,-41],[-47,-27],[-119,-37],[-46,-25],[-131,-73],[-63,-11],[17,90],[-107,18],[-45,-12],[-16,-10],[-23,-16],[-10,-17],[-15,-24],[-19,-30],[-21,-24],[-26,-21],[-67,-41],[-104,-51],[-22,-14],[-40,-25],[-37,-28],[-25,-44]],[[95954,23288],[-124,125],[-88,70],[-53,2],[-114,-57],[-12,-102],[-110,-2],[-9,50],[-106,-4],[-93,-1],[-23,77],[-26,84],[-246,-36],[-102,172]],[[94848,23666],[93,38],[-152,73],[-108,53],[106,129],[-172,111],[-78,57],[21,16],[-86,105],[-21,37],[-77,143],[-106,140],[-171,215],[23,76],[-16,61],[-58,80],[-78,51],[0,66],[-209,21],[-14,81],[1,25],[-2,32],[-7,62],[-4,42],[-10,54],[-5,30],[-15,69],[-139,-21],[-22,-35],[-20,-21],[-9,-26],[-10,-43],[-230,-73],[-8,29],[-501,-148],[-480,-149],[4,-34],[-103,-15],[15,-35],[-102,-33]],[[92098,24929],[-40,-2],[-59,121],[-210,-68],[-82,200],[-166,442],[-200,-32],[-11,19],[-60,116],[-45,100],[16,68],[4,47],[-9,38],[21,37],[9,37],[237,49],[206,51],[-7,95]],[[84983,50477],[-61,69],[-31,200],[-16,58],[-85,141],[14,140],[47,25],[38,28],[-120,129],[79,16],[-74,163],[137,45],[-24,50],[187,76],[-14,32],[144,41],[-52,173],[-62,151],[279,99],[-73,121],[-20,32],[41,38],[-44,168],[105,23]],[[85378,52495],[385,-1],[135,-16],[114,26],[86,25],[262,74],[81,33],[214,144],[100,89],[72,154],[153,134],[-82,129],[-18,47],[-24,63],[265,32],[16,151],[36,86],[16,39],[123,-33],[13,62],[-210,50],[6,37],[-337,77],[-104,73],[34,121]],[[86714,54091],[66,-3],[55,-3],[108,-8],[39,-1],[45,-5],[82,-7],[245,-32],[215,-46],[167,-35],[151,-25],[169,-16],[133,-6],[171,-9],[134,-21],[84,-23],[71,-21],[199,-77],[26,-8],[34,-12],[35,-13],[47,-17],[75,-59],[81,-66],[93,-69],[99,-69],[117,-84],[145,-104],[125,-92],[119,-93],[77,-57],[110,-83],[118,-101],[218,-250],[255,-323],[80,-99],[111,-96],[82,-81],[267,-182],[202,-128],[262,-166],[113,-102],[348,-302],[149,-129],[122,-131],[174,-217],[106,-148],[105,-156],[131,-233],[139,-254],[50,-103],[8,-61],[17,-313],[11,-58]],[[93099,49294],[-95,-40],[-68,-10],[-49,-6],[-63,-9],[-51,-20],[-79,-36],[-296,374],[-197,-83],[-440,-129],[-48,-4],[-60,6],[-171,30],[80,278],[-121,18],[-42,-96],[-119,-3],[-86,147],[-23,-201],[-41,-126],[-117,-4],[-222,-1],[-57,10],[-9,-62],[-138,4],[-117,6],[-26,-53],[-46,-150],[-24,-105],[41,-134],[68,-8],[-8,-65],[-108,-100],[-36,26],[-5,-5],[-68,-61],[-141,-68],[-171,-99],[12,-111],[34,-117],[21,-78],[-336,-139],[16,-66],[-101,-47],[90,-228],[-134,-18],[6,-35],[-101,-1],[20,-44],[-18,-94],[-53,22],[-59,-58],[49,-147],[-80,-20],[14,-47],[-54,-14],[-71,-31],[96,-101],[33,-69]],[[89330,47072],[-166,-61]],[[89164,47011],[-123,43],[-273,76],[-36,42],[-148,22],[-70,-29],[-35,109],[-156,-18],[-60,-2],[57,87],[-49,19],[91,364],[-198,-8],[5,64],[204,21],[6,54],[38,164],[-36,148],[138,30],[-56,124],[-146,-9],[58,117],[108,80],[100,123],[3,67],[54,2],[4,96],[123,185],[49,90],[67,110],[-56,79],[182,-4],[-66,386],[-270,-35],[-34,128],[-84,-9],[2,-40],[-180,-37],[-35,56],[-80,-35],[-63,79],[-154,108],[75,81],[-206,115],[-72,78],[-199,-50],[-31,64],[-161,-32],[-91,-26],[-53,51],[-68,63],[-103,-73],[-78,-50],[-39,-25],[-48,-30],[-105,-65],[-118,-52],[-212,516],[27,42],[-47,35],[-192,146],[-63,15],[-512,-63],[-128,-15],[-181,-35],[-184,-33],[-273,-38]],[[88106,20914],[12,-190],[22,-148],[66,-158],[-39,-25],[-59,-5],[5,-158],[-107,0],[-1,-75],[-47,2],[0,-87],[-52,-130],[27,-70],[-30,5],[-26,3],[-57,-234],[-6,-152],[53,-211],[408,-32],[-12,-326],[-3,-101],[-17,-279],[111,-31],[77,-27],[62,-22],[64,-93],[63,7],[83,-54],[66,-22],[137,-36],[62,-31],[-4,-34],[95,-29],[71,-20],[56,-25],[62,-9],[71,-28],[47,-30],[67,-18],[70,-5],[91,-10],[106,-31],[70,-32],[59,-2],[158,-35],[244,-28],[81,-19],[25,-12],[13,-33],[5,-47],[4,-26],[33,-21],[53,-25],[84,0],[55,22],[58,-5],[29,-25],[25,-6],[108,-22],[22,-12],[25,-10],[34,-10],[38,-4],[42,1],[47,-16],[51,20],[93,39],[66,15],[58,0],[25,-9],[29,-26],[106,-26],[40,6],[68,-3],[51,-23],[199,-101],[108,-65]],[[91906,17455],[122,-26],[2,-142]],[[92030,17287],[-47,-11],[-83,-13],[-86,3],[-226,15],[-102,6],[51,-161],[-201,-8],[-150,-17],[-267,-59],[-174,-11],[-213,-84],[-110,-7],[-49,-4],[-217,-62],[-99,-52],[-239,-42],[-66,-6],[-93,-22],[-72,16],[-147,-20],[-56,-46],[-54,-24],[-71,122],[-37,73],[-27,52],[-160,-36],[-41,-11],[-81,-36],[-75,-29],[-70,-8],[-106,-11],[-75,-10],[-144,-24],[-124,-16],[-97,-15],[-75,-9],[4,-30],[-63,-8],[-271,34],[-58,6],[-99,9],[-72,7],[-89,-26],[-127,-22],[-107,-9],[-87,-2],[-127,3],[-59,19],[-8,29],[15,25],[43,12],[4,90],[1,9],[14,0],[71,-1],[6,190],[-6,54],[-41,153],[60,8],[62,9],[-44,119],[-56,-3],[-34,-2],[-517,-29],[-8,87],[-48,-3],[-7,82],[-168,-21],[-306,-42],[-16,69],[-21,88],[-92,-32],[-129,-15],[-141,10],[-130,29],[-127,5],[-43,-5],[-50,-10],[-101,-21],[-261,-43],[-9,-43],[-153,0],[-84,-1],[-38,-25],[-63,-20],[-103,-3],[-205,42],[-59,40],[-128,57],[-121,38],[-128,-2],[-92,-4],[-11,-35],[-132,13],[-45,22],[-58,-14],[-17,-43],[-9,-22],[-34,-3],[-33,-4],[-36,77],[-160,36],[-75,44],[-78,53],[-67,66],[-40,19],[-203,-19],[-247,160],[-38,25],[-39,11],[-39,-1],[-42,-6],[-32,7],[-12,11],[-24,23],[-36,28],[-42,8],[-42,-1],[-32,-18],[-41,-6],[-30,2],[-71,3],[-46,-4],[-35,-15],[-31,-18],[-32,-33],[-30,-39],[-61,-38],[-60,-19],[-73,-24],[-27,-20],[-99,-31],[-3,26],[-6,17],[-22,9],[-24,-2],[-54,-14],[-47,-9],[-29,0],[-39,10],[-21,18],[-12,26],[-13,20],[-32,12],[-41,16],[-48,40],[-2,3],[-33,36],[-49,-12],[-36,-3],[-35,-1],[-101,5],[-142,22],[-216,78],[-61,-10],[-58,-13],[-55,-36],[-186,-136],[-93,-41],[-67,8],[-43,8],[-69,44],[-53,1],[-143,75],[-318,-61],[-43,151],[-6,20],[26,37],[41,13],[49,56],[57,25],[16,104],[228,160],[48,44],[-13,20],[-5,8],[-15,23],[-20,20],[-29,17],[-43,20],[-46,18],[-97,18],[-48,3],[-44,5],[-57,18],[-124,65],[-70,33],[-33,16],[-57,17],[-35,-1],[-50,-2],[-64,-12],[-32,7],[-30,16],[-23,27],[-10,37],[-11,46],[2,17],[-2,27],[-4,33],[-12,34]],[[78765,19092],[62,10],[126,16],[30,2],[53,4],[44,1],[33,2],[33,7],[22,12],[34,17],[15,13],[10,8],[22,29],[21,29],[38,38],[33,28],[7,7],[28,28],[12,22],[4,9],[4,19],[-8,20],[-12,24],[-5,11],[-6,10],[-1,22],[6,16],[15,14],[13,9],[28,13],[27,11],[30,15],[43,36],[16,22],[53,33],[162,-15],[57,25],[35,31],[46,55],[65,-18],[169,-147],[70,-38],[91,-12],[104,16],[54,25],[111,-2],[108,-15],[30,-4],[182,8],[21,29],[48,71],[162,28],[132,46],[227,156],[135,16],[15,2],[6,6],[35,38],[303,105],[187,-10],[100,-48],[171,-20],[38,-14],[110,-40],[218,85],[47,49],[47,49],[64,19],[28,2],[75,4],[55,30],[34,59],[41,74],[57,101],[-155,62],[-127,44],[-104,39],[0,28],[-1,33],[-71,4],[-6,37],[12,56],[14,74],[32,86],[52,71],[70,40],[14,183],[-30,10],[-12,111],[-75,7],[2,38],[50,37],[38,112],[34,74]],[[82972,21541],[53,-42],[52,-32],[79,3],[53,-11],[36,-24],[11,-42],[-4,-76],[115,-2],[164,-27],[40,6],[37,-23],[51,-76],[184,-79],[-11,-84],[34,-35],[53,-9],[219,149],[139,125],[26,31],[20,-10],[53,-39],[18,24],[55,73],[56,26],[-13,92],[-62,35],[-71,106],[-73,145],[4,62],[-49,123],[91,52],[62,-58],[98,-110],[188,-130],[286,-156],[194,30],[97,4],[124,6],[142,-7],[47,-3],[5,10],[22,42],[254,-51],[-3,-17],[-6,-23],[-44,-1],[-12,-60],[33,-2],[63,-6],[230,12],[124,-18],[133,-11],[-42,-73],[-63,-99],[98,-21],[65,-14],[-13,-83],[-2,-72],[162,18],[174,38],[331,79],[23,-153],[67,26],[84,33],[39,-107],[140,21],[26,-152],[33,-34],[125,0],[167,-6],[81,9],[98,35],[58,13],[86,23]],[[64359,11386],[52,-70],[-33,-16],[-126,-73],[-59,-83],[175,50],[5,2],[9,-14],[22,-32],[12,-16],[-72,-37],[-38,-15],[-275,-103],[-119,-66],[-109,-67],[-8,-5],[-79,-131],[-268,-9],[11,-50],[8,-33],[-19,-11],[-48,-27],[88,-94],[36,16],[88,39],[112,6],[8,-22],[33,-87],[55,-70],[-97,-47],[-48,-56],[-25,-64],[37,-8],[44,-9],[-34,-79],[-55,-66],[-28,-65],[-50,-51],[-137,-44],[-126,-34],[-108,-12],[-97,-28],[-143,9],[-58,15],[-38,34],[-81,-17],[-68,-18],[-39,-29],[-46,-46],[-18,50],[-52,136],[-58,-28],[-30,29],[-79,-95],[-64,-41],[-133,-114],[-87,-74],[-79,-95],[-45,-61],[-117,-121],[-128,-106],[-45,-40],[-23,-53],[-11,-48],[-70,-2],[-61,-8],[-62,-13],[-40,-49],[-130,-23],[-46,33],[-54,-70],[-19,-86],[-27,-29],[-29,46],[10,92],[89,93],[32,103],[45,101],[61,144],[67,123],[71,80],[36,26],[28,35],[63,102],[94,76],[-8,56],[-74,10],[-3,60],[82,46],[6,53],[-91,99],[97,56],[1,28],[131,165],[-7,56],[-72,-1],[-96,-18],[-75,-41],[-78,-25],[-76,-22],[-49,-26],[-71,-42],[-109,67],[-89,-79],[-81,-23],[-159,-119],[20,-30],[-46,-21],[-1,-14],[-10,-16],[-79,-19],[-72,-18],[-49,-3],[-76,9],[-99,56],[-23,36],[-33,47],[-30,31],[-84,62],[-32,37],[-14,19],[-47,-7],[-11,-1],[-5,31],[-5,32],[-19,26],[-27,26],[-30,23],[-70,30],[-54,58],[-56,55],[-41,43],[-26,10],[-36,18],[-22,32],[-16,54],[-12,27],[-8,20],[-42,35],[-33,8],[-16,4],[-57,7],[-10,46],[-37,15],[-100,68],[66,31],[-26,12],[-70,34],[-19,32],[-40,10],[-76,-13],[-53,31],[39,61],[-77,5],[-34,3],[-8,57],[0,58],[0,25],[-11,15],[-32,20],[-66,30],[-56,42],[10,56],[-39,25],[-66,-11],[-81,14],[-59,38],[-3,9],[-6,24],[-71,37],[-48,35],[-17,3],[-33,7],[-6,34],[-3,20],[-29,54],[-30,36]],[[58539,11836],[159,124],[-23,93],[35,50],[31,113],[-15,87],[7,21],[19,55],[-47,-3],[-36,-9],[-47,-19],[-52,-13],[-24,40],[-35,47],[135,93],[232,128],[56,46],[43,-90],[38,-80],[41,11],[210,60],[24,28],[26,23],[43,23],[36,10],[39,4],[42,1],[56,2],[64,3],[29,-1],[28,-2],[74,1],[66,7],[90,18],[49,14],[46,10],[42,2],[88,47],[86,55],[102,104],[122,124],[98,115],[146,160],[50,105],[158,130],[94,-19],[68,-14],[67,-11],[465,-34],[216,-6],[73,4],[50,3],[104,5]],[[62007,13501],[67,-9],[66,10],[32,-83],[-63,-220],[-11,-47],[3,-47],[25,-69],[216,35],[-9,101],[316,-24],[110,-97],[-11,-63],[-28,-102],[11,-66],[5,-96],[113,21],[103,84],[73,-54],[63,59],[22,19],[64,34],[74,31],[51,13],[137,33],[28,1],[37,-3],[27,-8],[63,38],[36,-33],[204,52],[189,-39],[187,44],[52,87],[33,166],[264,-42],[301,31],[-16,41],[-13,34],[63,52],[62,-19],[6,-1],[102,-39],[90,-62],[-7,-57],[-36,-125],[-85,-96],[-111,-75],[-53,-174],[-126,-147],[-84,28],[-19,7],[-87,3],[-39,-110],[-25,-73],[125,-22],[33,-106],[178,-115],[-61,-68],[-92,-151],[-86,-132],[-73,-51],[-64,-46],[-97,-155],[17,-213]],[[98272,16014],[-27,51],[-81,26],[-123,33],[-163,67],[-147,83],[-204,101],[-101,52],[-33,16],[-107,53],[-121,46],[-117,28],[-114,8],[-108,-14],[-563,362],[-32,48],[-122,-58],[-177,54],[-163,86],[-145,90],[28,366],[-108,194],[-81,166],[73,43],[-3,53],[94,51],[-24,72],[180,73],[-17,172],[-54,36],[-108,55],[-418,202],[-316,154],[-419,218],[195,290],[151,164],[164,29],[56,74]],[[95017,19558],[109,95],[85,101],[169,163],[116,219],[21,38],[33,26],[165,127],[107,53],[-63,132],[183,95],[221,55],[78,35]],[[96241,20697],[52,2],[125,52],[30,-393],[14,-64],[15,-64],[210,11],[20,-166],[6,-43],[11,-86],[95,3],[135,6],[-69,-252],[151,-28],[-17,-78],[5,-75],[95,-9],[109,-43],[89,124],[72,65],[-102,119],[-35,103],[5,80],[12,46],[78,139],[173,100],[65,-80],[199,-1],[115,-9],[241,-81],[123,-109],[60,78],[57,72],[45,65],[81,50],[170,37],[98,6],[93,-5],[174,-28],[133,-53],[111,-65],[23,-87],[-125,11],[-121,10],[-102,2],[-129,-5],[-86,-4],[-92,-15],[-99,-38],[-44,-17],[-88,-52],[-58,-52],[-40,-57],[-27,-62],[-18,-77],[4,-53],[12,-66],[64,-140],[88,-187],[14,-69],[-25,-229]],[[98436,18936],[-152,-88],[-177,-103],[-143,-101],[-85,-67],[-85,-77],[-53,-58],[-68,-92],[-44,-91],[-32,-116],[-13,-96],[0,-72],[16,-74],[17,-64],[29,-66],[86,-113],[74,-63],[115,-64],[133,-42],[388,-93],[166,-48],[50,-18],[79,-35],[75,-44],[58,-36],[58,-44],[48,-45],[51,-51],[48,-56],[39,-60],[25,-60],[17,-49],[30,-95],[14,-75],[1,-83],[-7,-69],[-31,-70],[-44,-87],[-61,-73],[-74,-58],[-74,-45],[-73,-31],[-80,-24],[-91,-16],[-78,-15],[-81,-16],[-75,-20],[-63,-20],[-97,-39]],[[97412,38680],[-51,-81],[-105,-145],[-61,-75],[-57,-58],[-67,-71],[-93,-67],[-101,-59],[-118,-64],[-129,-56],[-87,-31],[-74,-27],[-94,-31],[-91,-27],[-419,-79],[-331,-74],[-278,-65],[-268,-79],[-282,-114],[-272,-129],[-157,-92],[-83,-56],[-166,-92],[-80,-56],[-82,-70],[-66,-66],[-47,-70],[-34,-62],[-26,-61],[-14,-63],[-28,-358],[-4,-47],[0,-19],[-1,-34],[0,-51],[-1,-57],[16,-87],[36,-78],[39,-85],[4,-8],[46,-91],[45,-99],[16,-39],[30,-73],[59,-120],[118,-158],[12,-17],[51,-63],[64,-79],[28,-42],[51,-142],[61,-169],[41,-166],[21,-102],[26,-123],[33,-141],[23,-87],[39,-101],[52,-142],[18,-57],[43,-132],[60,-151],[48,-101],[59,-106],[41,-61],[41,-59],[27,-37],[73,-36],[143,-225],[69,-84],[65,-52],[69,-56],[86,-55],[12,-7],[121,-72],[96,-63],[23,-13],[39,-29],[55,-45],[58,-61],[52,-65],[62,-83],[39,-76],[33,-71],[21,-78],[30,-87],[54,-111]],[[96093,31809],[-85,-18],[-135,-29],[-110,-28],[-43,-25],[-40,63],[-63,122],[-54,90],[-146,43],[-94,-62],[-134,137],[-104,63],[-172,79],[-41,-33],[-12,-6],[-16,-5],[-20,4],[-191,89],[-11,10],[-21,10],[-31,5],[-31,-9],[-36,-12],[-16,-8],[-66,-23],[-43,18],[-39,-82],[-151,69],[-90,-57],[-185,-44],[-51,87],[-18,80],[11,52],[-182,8],[-1,39],[-53,-11],[-62,6],[-58,8],[-26,6],[-21,-65],[-76,4],[-279,-573]],[[93097,31811],[-223,108],[-76,65],[-127,61],[-8,3],[-51,21],[-37,-40],[-86,-96],[-123,-72],[-116,-70],[-301,-52],[-159,-18],[-182,-50],[-158,-29],[-254,-34],[-138,-37],[-54,-9],[-217,-39],[28,-79],[-216,-46],[-88,-8]],[[90511,31390],[-124,1],[-25,50],[-170,-28],[-225,-43],[-83,24],[-88,-6],[-25,104],[-260,-26],[-13,80],[-23,71]],[[89475,31617],[-9,34],[-32,104],[-53,124],[-27,46],[-41,251],[16,51],[7,64],[-16,131],[5,65],[11,184],[1,304],[-354,-48],[-20,172],[-7,61],[-15,118],[-109,-20],[-64,-12],[-16,51],[-16,94],[-4,27],[5,43],[13,97],[63,185],[18,115],[-24,77],[6,57],[7,63],[12,107],[30,274],[74,89],[80,77],[198,36],[317,54],[888,153],[-69,183],[-109,177],[-82,329],[-195,-124],[9,148],[9,164],[-291,-37]],[[89691,35685],[-227,183],[162,105],[-12,134],[-42,267],[-18,80],[-20,94],[408,80],[513,88],[80,6],[267,39],[33,-158],[211,23],[21,-36],[20,-71],[9,-31],[330,39],[92,7],[94,3],[74,-221],[313,70],[23,-47],[75,17],[12,-65],[186,28],[10,-46],[83,7],[45,-3],[41,-2],[18,0],[40,-2],[46,-6],[56,-5],[35,-4],[76,-4],[76,-3],[99,7],[30,1],[36,-1],[6,0],[76,-4],[-46,149],[-62,414],[-11,79],[237,-1],[37,0],[162,-2],[-8,133],[-11,220],[-27,120],[-25,91],[-56,220],[10,1],[92,4],[38,1],[0,48],[3,168],[67,423],[2,28],[15,171],[5,142]],[[93490,38663],[717,-7],[-54,-190],[54,-23],[129,-55],[205,-14],[35,337],[-10,113],[131,17],[49,6],[73,7],[308,48],[25,5],[26,8],[47,16],[36,12],[38,10],[45,7],[154,21],[22,-3],[37,-9],[64,-17],[180,-74],[83,-129],[302,-162],[121,-67],[94,-69],[50,9],[8,4],[369,146],[254,103],[140,27],[190,-60]],[[50418,11283],[-14,7],[-15,19],[-12,25],[-43,26],[-45,22],[-88,85],[-153,201],[-40,52],[-199,147],[-37,97],[-17,83],[-38,59],[-230,-91],[-64,38],[-31,32],[11,67],[167,87],[53,55],[-90,53],[-30,40],[-12,95],[7,42],[45,44],[74,46],[12,42],[51,-7],[20,66],[-48,14],[17,88],[6,113],[62,4],[-47,58],[-266,143],[-94,30],[-221,198],[67,34],[82,109],[82,65],[-216,81],[83,49],[-91,28],[25,43],[97,58],[143,21],[55,50],[196,118],[82,98],[6,58],[-28,221],[77,57],[-16,53],[118,86],[-30,64],[126,36],[111,9],[-2,-96],[22,-34],[66,-40],[69,-111],[145,-84],[136,-112],[80,27],[100,215],[35,110],[-122,147],[84,61],[131,90],[34,-35],[94,70],[138,63],[53,37],[60,41],[22,51],[93,99],[29,80],[62,100],[13,70],[-6,78],[-29,46],[-92,-9],[-65,43],[-86,39],[-79,28],[-35,63],[-20,39],[91,35],[63,50],[141,76],[122,18],[80,-3],[55,-34],[87,56],[117,36],[135,41],[-36,-77],[210,-149],[75,-21],[83,-17],[65,-19],[23,103],[-32,67],[79,81],[84,-22],[112,-88],[45,45],[81,56],[447,567],[-111,27],[-116,149],[-13,164],[-11,46],[79,101],[-32,83],[5,69],[89,62],[31,61],[20,39],[145,29],[95,-39],[88,-7],[-18,41],[-63,43],[12,50],[176,121],[2,86]],[[53513,17703],[106,-83],[62,-66],[56,45],[25,19],[116,43],[117,34],[-2,-75],[-9,-59],[95,-182],[36,-112],[53,-156],[23,-105],[-28,-56],[-18,-16],[-12,-10],[-6,-6],[-10,-11],[-25,-37],[-12,-31],[-12,-30],[-10,-53],[-8,-102],[-15,-72],[-24,-51],[-17,-52],[2,-34],[8,-48],[51,-119],[48,-87],[40,-46],[59,-27],[145,100],[171,53],[51,-112],[141,7],[59,-5],[54,-37],[92,-107],[37,-37],[-24,-47],[-18,-58],[35,-10],[69,-14],[44,-7],[27,-3],[35,-4],[36,-2],[89,-5],[54,-5],[67,-26],[67,-22],[25,-8],[42,-11],[86,-13],[-69,-80],[-13,-31],[46,-63],[101,-114],[111,-109],[-4,-37],[-272,37],[-115,3],[-86,15],[-23,-42],[-47,-42],[-13,-37],[-43,10],[-34,-40],[-203,-59],[-284,-148],[-5,-113],[-93,-107],[-124,25],[-32,-20],[-24,5],[-38,-1],[-61,-11],[-47,-21],[-52,-30],[-15,-51],[111,-34],[49,-49],[4,-114],[-25,-82],[-38,-96],[-50,-72],[-257,-85],[27,-23],[67,-55],[-67,-63],[-30,-50],[15,-51],[-10,-96],[-37,-67],[-38,-36],[-88,-15],[25,-88],[19,-64],[44,-33],[45,-28],[97,-41],[167,-69],[81,-27],[103,-26],[65,-14],[17,-9],[9,-16],[2,-25],[14,-32],[120,-10],[76,-6],[61,12],[57,39],[119,-29],[-93,-83],[-48,-8],[-35,-202],[4,-132],[1,-41],[-85,-63],[-23,66],[-86,29],[-99,18],[-78,-18],[-91,31],[-106,36],[-103,-71],[-245,-56],[24,-40],[-139,-143],[-181,31],[-68,-25],[93,-66],[-40,-19],[-191,23],[-48,29],[-126,-61],[-14,-2],[-219,-120],[-180,-2],[-207,28],[-103,-27],[-55,-16],[-11,22],[-22,20],[-19,32],[-8,36],[-4,48],[-2,56],[-41,12],[18,38],[-61,36],[-39,58],[-5,57],[-201,-123],[-145,-226],[-55,5],[-93,-57],[96,-74],[-37,-145],[-193,119],[-145,-189],[125,-94],[4,-4],[-20,-72],[-70,22],[-124,94],[-375,96],[-24,-29],[-45,-63],[-20,-64],[-9,-20],[-23,-46],[-13,-56],[-29,-50],[-36,-42],[-33,-37],[-33,-50],[-24,-50],[-22,-57],[-28,-53],[-61,-99],[-40,-29],[-59,-44],[-16,-21]],[[85715,39058],[-44,-18],[-141,-55],[100,-112],[-89,-80],[139,-327],[41,-79],[-478,-129],[-51,-31],[-145,145],[-98,52],[-336,146],[-28,28],[-152,122],[-266,-56],[-48,80],[-100,-42],[41,-83],[-329,-144],[-105,-42],[-79,73],[48,151],[-16,50],[-184,-40],[-95,-53],[-87,-48],[-54,-30],[-234,-134],[-206,-87],[-76,51],[-130,-62],[-51,66],[-186,-77],[-68,61],[-87,-204],[-206,49],[-31,-62],[-73,74],[-165,169],[-244,174],[-93,132],[-325,-155],[-162,240],[6,54],[10,90],[-243,67],[-15,84],[-67,14],[-28,138],[-16,131],[87,135],[88,63],[61,115],[237,-27],[63,73],[135,83],[127,68],[-72,76],[90,62],[-68,57],[-28,62],[43,15],[-36,94],[97,36],[-31,56],[-7,37],[277,86],[-97,182],[118,37],[-8,66],[238,50],[251,-152],[201,133],[108,-42],[119,65],[55,-70],[73,44],[29,-44],[261,79],[205,-154],[112,-143],[101,-220],[106,-4],[20,69],[488,10],[79,-1],[113,-19],[39,53],[218,-14],[75,-35],[259,-76],[49,41],[255,199],[216,-246],[28,-39],[172,-404],[64,25],[54,-71],[-355,-159],[298,-361],[48,-35],[110,-49],[40,-30],[41,-67]],[[78061,23436],[-48,14],[-11,135],[25,6],[17,5],[40,12],[45,14],[16,6],[33,14],[15,6],[26,4],[133,-6],[129,-51],[158,3],[108,22],[143,39],[-22,49],[-90,-11],[-63,-4],[-59,4],[-7,52],[68,57],[90,44],[73,37],[-46,67],[-69,-35],[-73,-36],[-75,-38],[-148,-83],[-107,-35],[-128,-22],[-24,74],[-57,35],[-78,34],[63,52],[101,-35],[109,14],[-17,64],[-82,-15],[-43,25],[79,69],[79,82],[108,-44],[105,-8],[21,33],[-125,31],[-53,42],[43,33],[269,-63],[-13,150],[-215,63],[77,76],[16,16],[-5,109],[-65,-36],[0,-53],[-99,-94],[-68,-41],[-70,-52],[-64,19],[-34,29],[-50,43],[-94,127],[-72,-34],[111,-145],[47,-38],[46,-37],[26,-21],[-188,-183],[-77,-31],[-122,71],[-121,7],[18,101],[2,22],[-10,26],[-39,3],[-37,-32],[-49,-66],[-5,-63],[-199,-15],[-7,73],[-150,69],[-4,10],[-19,14],[-13,15],[-5,20],[-3,29],[-1,29],[-11,16],[-17,21],[-9,27],[-2,27],[5,29],[10,39],[5,28],[-1,21],[-10,21],[-22,12],[-30,12],[-47,16],[-10,5],[-17,7],[-7,14],[0,14],[5,14],[6,13],[-13,27],[-16,13],[-40,28],[-29,26],[-18,45],[-27,46],[-25,52],[-20,37],[-25,40],[-13,23],[-24,26],[-26,29],[74,76],[125,65],[3,38],[-38,52],[-63,42],[-37,87],[-29,143],[7,147]],[[76791,25686],[414,41],[525,251],[267,34],[473,273],[109,11],[385,-522],[10,-29],[5,-32],[4,-39],[7,-33],[12,-23],[25,-27],[35,-13],[39,-13],[30,-17],[38,-22],[26,-20],[10,-24],[0,-20],[-11,-22],[-4,-28],[7,-20],[20,-18],[30,-14],[28,-10],[35,-7],[19,-14],[15,-22],[22,-26],[30,-13],[22,-10],[20,-13],[14,-20],[9,-22],[12,-25],[22,-8],[31,-7],[32,-7],[24,-5]],[[79582,25151],[24,-13],[17,-18],[18,-21],[28,-14],[27,-5],[27,2],[22,-10],[13,-19],[15,-19],[28,-9],[35,-6],[48,-2],[42,-7],[41,-11],[26,-8],[37,-3],[31,-1],[44,-6],[19,-5],[20,-11],[55,90],[73,75],[81,60],[89,-190],[73,-60],[196,73],[232,-59],[56,-229],[180,-100],[80,-13],[132,15],[63,-4],[102,-44],[466,165],[-91,161],[-100,100],[-169,61],[-67,89],[45,51],[-91,167],[54,206],[-42,50],[53,120]],[[81614,25749],[196,119]],[[81810,25868],[36,-130],[-9,-228],[-37,-97],[12,-145],[302,-127],[353,198],[47,194],[127,59],[3,82],[-68,151],[-12,154],[69,102],[201,119],[294,-173],[-43,-74],[61,-50],[81,-25],[95,27],[9,-85],[91,-29],[-20,-87],[126,-65],[97,7],[100,76],[57,-28],[41,-51],[106,-47],[240,3],[56,209],[103,116],[194,103],[0,41],[-102,-18],[-108,7],[-40,-4],[-26,-8],[-160,-84],[-89,-31],[-60,199],[10,62],[-72,31],[5,106],[37,71],[290,183],[-98,106],[-84,195],[116,34],[114,-41],[634,242],[783,94],[29,-93],[162,-29],[-37,-50],[-33,-198],[-157,-55],[3,-104],[-67,-116],[-8,-15],[-20,-46],[-45,-74],[-11,-29],[-11,-12],[-26,-13],[-304,-107],[-47,-18],[-30,-44],[-85,-120],[-123,-212],[-46,-120],[35,2],[151,3],[123,-43],[55,-1],[46,10],[43,26],[109,117],[73,77],[42,33],[39,18],[85,16],[49,21],[60,29],[103,32],[-4,59],[233,80],[608,139],[27,63],[20,46],[34,46],[46,51],[45,56],[44,61],[6,15],[376,28],[96,-461],[18,-39],[140,56],[161,-289],[229,70],[10,34],[618,156],[148,45],[58,29],[-35,72],[68,24]],[[88775,26438],[47,14],[56,12],[127,19],[61,7],[118,22],[44,11],[49,7],[48,7],[17,3],[60,-93],[-263,-157],[55,-156],[133,-113],[-74,-39],[83,-56],[63,-68]],[[89399,25858],[-317,-122],[-282,-99],[-152,-45],[-97,-175],[-252,-108],[-282,-108],[17,-96],[9,-188],[-278,23],[-268,-40],[-51,-8],[-16,91],[-31,-3],[-15,56],[-730,-143],[12,-168],[-322,-44],[29,-74],[-426,-51],[-197,-79],[-27,-46],[-155,-49],[-346,-134],[-207,-4],[-368,52],[-286,-36],[-222,-108],[-99,-95],[-14,-183],[-137,-201],[-130,-108],[-126,-49],[-42,-32],[-121,-31],[-112,-250],[-80,-56],[-16,-26],[-36,-60],[-106,-63],[-68,-40],[-78,-86],[-244,-58],[-160,32],[-60,-1],[-169,23],[-98,-5],[-126,-31],[-62,-32],[-100,-79],[-93,-104],[-79,-12],[-120,-65],[-46,-38],[-148,-269],[-188,-86]],[[81281,22147],[-179,78],[-209,40],[-171,-6],[-112,-39],[-79,16],[-203,-17],[-300,-139],[-89,-138],[-71,-32],[-34,69],[-69,29],[-76,-7],[-27,4],[97,65],[7,58],[-24,60],[-52,48],[-219,46],[-29,36],[-23,104],[-19,36],[-37,28],[-38,19],[-33,9],[-38,-3],[-41,-13],[-101,-51],[-23,2],[-8,10],[53,146],[1,83],[-61,51],[-130,63],[-111,70],[14,89],[-62,8],[-127,15],[10,82],[-79,62],[163,193],[68,79],[18,59],[-159,-16],[-139,-56],[-57,38],[-41,-55],[-109,-67],[-83,-33],[-30,21],[50,50],[31,92],[-82,-21],[-35,25],[-32,10],[-46,-3],[-45,-8]],[[80800,26968],[158,22],[-90,-360],[-21,-88],[-101,-52],[-163,-30],[-225,116],[126,152],[141,172],[175,68]],[[85830,29620],[41,-116],[28,-80],[38,-109],[-545,-115],[-265,10],[-15,3],[-85,21],[-38,9],[12,76],[40,41],[-6,43],[-27,1],[4,164],[-351,23],[7,96],[6,57],[-41,8],[-13,84],[-39,27],[-154,-46],[-345,-197],[-80,59],[30,20],[-104,78],[-32,128],[-11,146],[-36,43],[106,56],[-20,46],[122,27],[670,84],[95,36],[-23,87],[97,23],[14,140],[-107,119],[-17,18],[3,159],[43,120],[-180,122],[-35,130],[19,348],[399,103],[121,81],[153,77],[331,-634],[172,52],[-9,-94],[104,-382],[59,12],[37,-104],[205,-71],[38,33],[123,58],[55,0],[1,-65],[567,31],[163,-823],[-48,-9],[-501,-79],[-208,7],[-76,11],[-98,-34],[-91,-23],[-70,-11],[-126,-62],[-116,-40],[9,-23]],[[88106,20914],[203,34],[403,53],[263,59],[350,110],[180,86],[87,51],[120,-137],[49,28],[89,64],[118,97],[27,22],[26,20],[14,-15]],[[90035,21386],[-30,-27],[39,-93],[405,117],[161,-240],[74,10],[25,-45],[155,-219],[127,-123],[105,-171],[89,-236],[51,15],[29,-88],[-52,-21],[-43,-20],[-65,-20],[-43,-13],[-54,-4],[68,-181],[40,-102],[-105,-20],[30,-83],[93,17],[46,-104],[106,-100],[56,-56],[38,-44],[92,-132],[120,-380],[329,-1009],[41,-130],[16,-111],[52,-81]],[[92030,17692],[0,-50],[-119,-11],[-5,-176]],[[93039,11089],[16,55],[16,64],[19,72],[3,109],[12,21],[40,76],[40,127],[81,106],[121,158],[-66,77],[-149,-47],[-56,68],[-153,20]],[[92963,11995],[163,121],[-35,67],[26,90],[58,36],[99,2],[93,196],[0,29],[-4,134],[38,54],[31,31],[64,68],[62,142],[191,-6],[181,15],[-107,135],[163,80],[17,23],[-61,64],[-16,23],[-13,27],[-12,31],[-6,31],[-26,244],[-127,70],[-10,75],[138,215],[-86,96],[-3,45],[-41,89],[-28,97],[-5,123],[42,114],[81,67],[141,29],[146,-19],[77,-17],[24,-22],[29,-26],[45,-44],[124,-114],[51,-58],[51,-55],[202,-237],[39,-30],[37,-25],[41,-14],[283,-60],[251,8]],[[95371,13939],[-90,-84],[-99,-100],[-88,-114],[-64,-107],[-71,-143],[-51,-143],[-37,-134],[-20,-155],[-8,-151],[99,4],[41,12],[49,34],[30,39],[27,44],[26,48],[25,34],[35,31],[41,22],[57,21],[68,13],[75,8],[66,0],[143,-52],[35,-104],[26,-117],[-11,-54],[-83,-235],[-17,-50],[-161,-301],[-224,-252],[-288,-227],[-51,2],[-86,-412],[-38,-138],[-34,-88],[-50,-88],[-107,-168]],[[94536,10834],[-66,25],[-88,-31],[-26,-8],[-31,-9],[-37,-14],[-35,-7],[-23,-57],[-47,-87],[-61,22],[-46,-49],[-57,27],[69,106],[-42,-3],[-34,-2],[-33,-1],[-53,5],[-42,8],[-40,3],[-37,2],[-33,2],[-40,8],[-29,4],[-32,6],[-43,18],[-34,23],[-14,9],[-30,27],[-15,18],[-12,22],[-10,24],[-6,37],[0,25],[1,25],[-10,14],[-37,16],[-38,12],[-41,4],[-53,1],[-67,-6],[-38,-4],[-109,23],[-78,17]],[[81667,1728],[-11,127],[-14,120],[-88,96],[-7,96],[19,71],[82,65],[118,91],[38,80],[28,29],[40,43],[14,63],[5,53],[-2,91],[-23,95],[-11,78],[61,147],[-38,141],[4,61],[0,37],[40,41],[52,27],[-26,63],[-8,39],[-30,74],[-13,32],[-4,34],[-6,49],[6,94],[-47,112],[-58,177],[-24,95],[4,96],[18,37],[-37,15],[-51,137],[32,18],[-3,56],[-5,72],[-7,10],[-18,274]],[[81697,4864],[87,44],[145,30],[72,17],[83,24],[88,18],[67,9],[75,18],[67,14],[39,8],[34,11],[33,2],[44,-2],[55,-14],[67,-9],[56,-9],[63,2],[39,-3],[38,-2],[39,-6],[30,-12],[34,-12],[35,-11],[40,-5],[43,-14],[40,-14],[22,-1],[54,2],[65,-3],[26,-51],[36,-72],[118,11],[61,5],[5,-62],[21,-235],[86,5],[81,6],[6,-85],[250,12],[306,-24],[319,43],[225,-31],[279,73],[134,-12],[108,-10],[140,-95],[190,75],[59,16],[67,13],[160,26],[100,73],[194,50],[251,53],[180,203],[241,162],[111,48],[257,66],[50,13],[-4,66],[-2,32],[15,5],[48,21],[20,18],[91,83],[33,33],[14,12],[14,5],[22,1],[57,2],[33,4],[25,12],[12,8],[16,1],[26,10],[50,18],[17,16],[18,42],[7,22],[15,14],[27,11],[24,7],[28,-2],[31,-5],[20,-12],[27,0],[36,7],[43,1],[33,1],[27,1],[27,18],[26,24],[15,25],[21,10],[19,9],[25,8],[19,4],[16,15],[34,26],[28,15],[24,5],[24,-1],[25,-13],[36,-15],[26,-20],[24,-3],[36,10],[20,7],[22,15],[12,12],[10,15],[21,18],[15,12],[51,9],[66,9],[55,7],[26,4],[43,49],[10,9],[6,2],[11,4],[22,2],[12,0],[25,5],[16,9],[8,13],[2,14],[8,14],[12,8],[17,1],[20,-2],[41,0],[61,28],[27,2],[16,1],[10,8],[3,19],[1,6],[5,11],[7,14],[21,13],[29,16],[27,1],[30,9]],[[89348,6137],[33,-32],[69,-67],[130,-128],[-78,-72],[62,-24],[-266,-205],[31,-35],[-38,-36],[-35,-44],[-10,-28],[-2,-32],[4,-34],[6,-25],[10,-43],[6,-24],[26,-110],[-7,-80],[-116,-101],[24,-137],[183,67],[-20,82],[86,154],[302,192],[131,4],[295,-146],[238,18],[87,151],[9,8],[22,16],[36,10],[51,10],[51,2],[21,1],[23,1],[45,2],[40,16],[37,19],[36,15],[37,16],[48,17],[29,8],[44,13],[58,46],[68,43],[79,36],[84,31],[54,0],[30,2],[37,11],[54,4],[54,2],[57,-5],[48,-6],[47,-12],[72,-24],[60,-29],[41,-26],[44,-37],[40,138],[4,14],[8,19],[10,15],[21,25],[30,24],[36,24],[24,13],[24,6],[32,8],[35,4],[73,9],[175,194],[115,19],[-48,265],[69,-68],[198,-117],[160,-55],[118,83],[373,-18]],[[93412,6194],[-23,-28],[-170,-191],[-161,-151],[-53,-46],[-33,-29],[-215,-182],[-281,-220],[-171,-191],[-144,-176],[-96,-123],[-76,-104],[-84,-129],[-114,-183],[-124,-221],[-104,-232],[-87,-239],[-63,-274],[-32,-229],[-31,-180],[-21,-143],[-18,-131],[-24,-105],[-40,-144],[-53,-168],[-60,-138],[-119,-249],[-65,-114]],[[90950,1874],[-210,154],[-44,-35],[-165,92],[-202,347],[-2,207],[-7,23],[-36,26],[-46,65],[-35,50],[-50,63],[-37,55],[-43,49],[-52,60],[-73,82],[-27,21],[-42,21],[-47,12],[-60,7],[-60,-1],[-54,-7],[-57,-15],[-46,-18],[56,128],[-139,42],[57,65],[30,28],[-31,35],[-47,-21],[-35,0],[-37,9],[-51,11],[-43,13],[-37,11],[-33,9],[-43,325],[-55,-96],[-160,43],[-93,-39],[-109,-108],[-38,-109],[-127,-33],[-143,-102],[-38,-179],[-131,-63],[36,-70],[-74,-14],[-111,-21],[-26,-130],[86,-29],[-58,-103],[35,-150],[-30,-80],[42,-12],[75,-22],[50,24],[63,22],[92,13],[6,-54],[56,-37],[-162,-162],[-25,-94],[64,-76],[-168,-34],[-58,21],[-110,-22],[-53,-32],[-6,-63],[-40,-66],[-3,-86],[-1,-46],[89,0],[104,-89],[-68,-30],[-59,61],[-52,-11],[-122,-138],[-138,-13],[29,-109],[104,-24],[-52,-121],[-6,-13],[-15,-2],[-35,-3],[-33,-6],[-47,-3],[-26,3],[-16,3],[-10,7],[-7,10],[-7,10],[-10,9],[-18,3],[-46,-2],[-43,-9],[-42,-7],[-40,-15],[-26,-8],[-21,1],[-28,-2],[-20,-9],[-29,-13],[-487,-340],[-10,-7],[-153,39],[-22,4],[-573,-149],[-159,0],[-36,60],[-103,13],[-125,-82],[-80,-44],[-74,-96],[-179,-16],[-171,32],[51,108],[-344,161],[-149,-61],[-181,20],[0,179],[-300,-122],[-127,120],[-325,95],[-556,166],[-420,5],[-849,328],[-120,4],[-139,53]],[[93080,29941],[-2,30],[3,388],[-160,-16],[-35,785],[-161,-12],[-30,120],[4,67],[10,43],[17,64],[16,31],[96,18],[-16,56],[23,4],[37,18],[43,4],[27,9],[33,14],[33,8],[23,8],[22,12],[12,11],[7,15],[7,33],[5,30],[13,35],[10,28],[8,28],[3,29],[-31,10]],[[96093,31809],[320,-590],[28,-74],[32,-111],[1,-30],[0,-66],[-17,-87],[-23,-74],[-10,-24]],[[90035,21386],[142,65],[-90,133],[-48,91]],[[90039,21675],[305,-2],[-23,80],[118,26],[-26,108],[53,8],[65,27],[-41,74],[62,-4],[127,-1],[15,-24],[98,-5],[-1,33],[84,-5],[179,42],[153,53],[-30,53],[72,73],[98,-155],[251,-175],[102,79],[85,-75],[148,74],[60,-62],[190,72],[242,-259]],[[92425,21710],[457,-768],[155,-344],[206,53],[130,-165],[161,-161],[-184,-221],[135,-212],[21,-179],[323,-353],[83,-85],[444,130],[273,-26]],[[94629,19379],[-43,-108],[-13,-15],[-104,-128],[-165,29],[-245,-125],[-160,-130],[34,-68],[-71,-26],[55,-93],[-144,-60],[-113,-48],[-78,-31],[-93,84],[-51,-36],[31,-67],[-367,-170],[-297,-335],[-120,-135],[-170,-47],[-133,4],[-352,-182]],[[95954,23288],[-4,-137],[17,-173],[34,-523],[7,-167],[21,-108],[36,-166],[42,-138],[-178,-61],[19,-78],[3,-13],[-174,-43],[-32,-51],[-4,-7]],[[95741,21623],[-11,-19],[-14,-18],[-241,131],[-120,86],[-177,125],[-31,26],[-29,31],[-33,23],[-23,13],[-63,21],[-35,17],[-22,10],[-18,19],[-14,24],[-78,129],[-39,48],[-110,-63],[-61,55],[-18,42],[5,120],[-8,20],[-17,19],[-110,133],[-32,34]],[[94442,22649],[-30,34],[-86,93],[-85,96],[-28,28],[-39,26],[-43,23],[-73,38],[102,74],[55,33],[86,-30],[72,-11],[-53,58],[-162,182],[690,373]],[[94442,22649],[-131,-7],[-118,18],[-53,32],[-83,19],[-143,-33],[-108,-72],[-126,-64],[-175,0]],[[93505,22542],[-45,34],[-120,225],[-186,238],[-194,114],[-1,-47],[-172,-42],[-37,90],[-27,-8],[-154,277],[-67,31],[-142,-40],[-182,148],[-229,284],[-136,150],[-19,60],[-12,83],[-16,29],[-32,24],[-7,17],[-1,29],[-9,91],[-53,163],[-27,31],[-17,20],[-10,80]],[[91610,24623],[477,106],[20,-50],[49,11],[-58,239]],[[95017,19558],[-187,26],[-59,-102],[-87,-105],[-55,2]],[[92425,21710],[270,124],[33,-63],[312,100],[329,183],[262,225],[-29,27],[-27,23],[80,57],[4,3],[-40,67],[-114,86]],[[95741,21623],[51,-3],[15,-117],[-38,-74],[14,-75],[8,-39],[88,-27],[117,7],[35,-102],[5,-86],[-1,-75],[66,-112],[103,-95],[37,-128]],[[74557,48247],[-14,17],[-11,37],[8,42],[14,33],[10,42],[-1,18],[-1,40],[-5,56],[-1,9],[-10,66],[-5,74],[-7,52],[2,51]],[[74536,48784],[10,46],[13,51],[12,45],[10,36],[16,46],[26,55],[39,59],[30,41],[23,44],[17,49],[5,42],[-9,15],[-18,19],[-28,15],[-11,3],[-21,7],[-33,22],[-29,29],[-17,42],[-9,38],[1,40],[4,36],[-1,35],[6,111],[4,89],[1,20],[2,33],[-6,61],[-4,19],[-7,34],[-21,40],[-39,52],[-60,96],[-47,-11],[-266,-58],[-86,145],[-133,-45],[-69,94],[42,20],[-33,87],[-217,-23],[6,33],[9,56],[-72,35],[-56,169],[19,24],[56,-13],[21,30],[18,26],[-301,97],[86,86],[-210,106],[-113,107],[180,107]],[[73276,51226],[109,-155],[285,-139],[380,-49],[214,6],[159,20],[366,26],[215,33],[144,14],[203,15],[110,8],[27,2],[210,10],[121,2],[110,-3],[64,-1],[17,-1],[20,0],[1,-4],[7,-6],[8,-4],[8,-3],[17,-5],[53,-12],[67,2],[37,3],[18,2],[18,3],[26,5],[26,7],[21,8],[3,1],[63,20],[166,10],[216,60],[220,38],[418,41],[374,132]],[[77797,51312],[72,-95],[93,-129],[25,-39],[11,-37],[11,-44],[15,-44],[16,-54],[14,-54],[13,-53],[15,-55],[49,6],[14,-95],[-89,-10],[14,-124]],[[78070,50485],[62,-382],[-45,-34],[-505,-74],[-136,-24],[-56,-16],[-69,-10],[-540,-79],[282,-1064],[92,119],[325,-44],[263,-110],[174,79],[136,1],[105,99],[142,-194],[146,-309],[130,54],[142,106],[25,-36],[27,-38],[72,43],[42,-29],[58,-69],[-108,-54],[-122,-29],[11,-55],[-138,-25]],[[78585,48311],[-119,-28],[-44,-28],[-11,-31],[-3,-6],[-54,-22],[-46,0],[-50,2],[-60,1],[-58,-7],[-61,-28],[-303,-167],[-100,-35],[-37,32],[-147,-2],[-292,83],[-61,-162],[-276,45],[-50,-56],[-338,-18],[90,110],[-57,227],[-173,-29],[16,109],[-527,-48],[0,-69],[-85,-5],[-143,-10],[-121,24],[-261,78],[-657,-24]],[[85378,52495],[-250,340],[-351,344],[-47,100],[-115,11],[-69,306]],[[84546,53596],[287,45],[293,83],[261,93],[140,50],[135,48],[227,68],[203,56],[243,48],[225,17],[154,-13]],[[84983,50477],[-461,-254]],[[84522,50223],[-759,-174],[-15,-64],[-436,-248],[-44,-48],[-282,-116],[-34,-39],[7,-8],[19,-22],[-45,-72],[-45,-25],[-65,-37],[13,-51],[-264,-91],[51,-44],[-164,-93],[-80,-83],[-293,-130],[-8,-32],[-274,61],[-143,-19],[-118,-15],[-39,-5],[-46,45],[-129,-39],[-83,-52],[-106,-58],[-22,-22],[-157,99],[-405,131],[-64,154],[-178,238],[-26,72],[68,87],[36,133],[0,49],[-16,26],[-168,266],[-50,188],[-8,28],[-9,41],[-50,145],[-330,510],[-543,-64],[-727,-305],[-421,-55]],[[77797,51312],[453,203],[216,86],[594,211],[107,55],[879,446],[114,54],[141,55],[13,3],[160,42],[228,58],[171,26],[178,13],[325,18],[434,22],[92,11],[110,19],[92,20],[343,114],[225,79],[129,55],[132,69],[220,137],[52,37],[59,34],[170,84],[72,22],[693,255],[347,56]],[[32938,76047],[20,-21],[92,37],[-18,-60],[130,-118],[90,-47],[172,144],[91,135],[167,115],[30,-51],[37,-57],[34,-69],[29,-79],[16,-87],[20,-37],[19,-13],[-30,-21],[-30,-22],[11,-67],[-57,-129],[23,-84],[9,-34],[59,-9],[95,-55],[32,-61],[19,-36],[111,-15],[41,-100],[48,-43],[60,-18],[-58,-53],[-84,-76],[-2,-136],[98,18],[108,20],[84,-40],[63,63],[30,79],[57,82],[183,-55],[87,-26],[82,-5],[131,0],[86,43],[32,139],[11,50],[132,26],[63,85],[96,128],[60,-6],[59,-6],[208,-20],[143,-55],[21,-86],[75,-42],[-16,-8],[-13,-18],[2,-25],[5,-39],[9,-41],[12,-46],[-32,-101],[-72,-69],[-15,-29],[-29,-37],[-66,-96],[-15,-26],[-17,-79],[-4,-58],[1,-67],[-15,-92],[-23,-40],[-8,-22],[1,-42],[4,-58],[15,-27],[16,-74],[17,-80],[16,-72],[-9,-42],[5,-22],[16,-23],[19,-23],[0,-15],[-16,-14],[-4,-13],[8,-45],[18,-21],[12,-62],[23,-44],[45,-52],[33,-49],[17,-46],[26,-60],[74,6],[30,43],[-82,155],[83,-18],[54,19],[39,69],[-123,100],[208,73],[16,51],[-74,69],[70,24],[30,48],[79,53],[-64,76],[70,50],[93,-44],[75,32],[36,100],[70,76],[107,37],[-1,-47],[89,-79],[191,139],[511,14],[100,52],[156,1],[91,47],[86,97],[-17,44],[126,45],[11,-29],[12,-67],[119,-44],[108,-9],[191,-18],[246,-280],[75,-168],[-62,-13],[40,-113],[-197,-185],[17,-90],[-181,-16],[-99,-234],[36,-26],[-33,-31],[-58,36],[-188,39],[-40,-4],[-90,-159],[-6,-85],[111,-167],[408,-274],[88,-118],[117,-16]],[[38737,72756],[-3,-36],[-81,-3],[-35,-41],[85,-88],[3,-83],[44,-88],[128,-76],[-3,-33],[46,-16],[37,-40]],[[38958,72252],[-85,-38],[-12,-201],[-16,-42],[-27,-40],[-48,-42],[-72,-40],[-118,-33],[22,-48],[-268,-73],[-219,-3],[-270,-170],[-61,43],[-85,58],[-13,150],[-107,208],[-60,-140],[-179,-124],[-28,-98],[-63,-95],[-33,-66],[46,-31],[77,-56],[89,-92],[-31,-102],[-59,-110],[-21,-35],[-29,-19],[-177,-126],[-76,-102],[-44,-132],[-73,-119],[-58,-48],[-130,-62],[-102,-48],[-32,-19],[-125,-75],[-135,-83],[-73,-44],[97,-95],[36,-97]],[[36396,69963],[4,-74],[-29,-38],[25,-175],[-18,-38],[-162,18],[-44,-32],[-142,26],[13,-104],[45,-74],[-34,-14],[19,-40],[-120,-22],[-27,-11],[-127,-37],[-107,-1],[-8,-32],[-18,-70],[-29,-114],[58,-56],[40,-24],[22,-1],[116,1],[-22,-122],[-213,32],[-83,-16],[-119,6],[-74,-14],[-38,-43],[-120,50],[-46,20],[-96,21],[-20,-20],[-35,-34],[-15,-47],[-16,-36],[-72,-49],[-59,-130],[-168,-366],[20,-58],[45,-57],[-313,-177],[-39,-72],[-357,-103],[-161,21],[-158,-33],[-126,13],[-21,70],[-80,30],[-121,46],[-29,11],[-107,-1],[-44,47],[-28,36],[-49,-8],[-16,35],[-33,30],[-58,35],[-62,39],[-66,41],[-29,12],[-44,2],[-62,-12],[-27,-3],[-68,4],[-34,9],[-18,1],[-16,-10],[-24,2],[-1,22],[-14,21],[-8,19],[7,22],[18,12],[10,29],[2,31],[-14,16],[-14,13],[-9,12],[5,12],[15,9],[3,14],[1,23],[-10,32],[-30,34],[-22,9],[-28,-6],[-17,0],[-20,5],[-13,7],[-74,12],[-54,3],[-21,-6],[-21,-3],[-32,8],[-15,1],[-23,-15],[-22,-1],[-68,1],[-30,-5],[-30,-21],[-58,-39],[-80,-53],[-36,-12],[-27,5],[-13,16],[-22,6],[-24,-4],[-18,-14],[-27,-8],[-29,2],[-39,26],[-20,21],[-36,18],[-34,21],[-23,31],[5,26],[-5,18],[-12,19],[-23,12],[-52,17],[-54,15],[-93,6],[-15,-6],[-1,-8],[-2,-11],[-17,-2],[-39,-8],[-30,-10],[-30,3],[-21,22],[-9,17],[-8,22],[-21,18],[-21,4],[-13,-9],[-21,1],[-27,16],[-9,19],[11,27],[-9,13],[-39,27],[-31,19],[-29,12],[4,-35],[4,-34],[-372,-240],[-75,-48],[-79,-36],[-138,-43],[-53,-16],[-216,117],[-84,22],[-84,23],[-98,27],[-11,48],[-47,43],[-37,34],[-65,-38],[-32,27],[-21,18],[-32,-28]],[[29486,68699],[-99,90],[-62,173],[-209,-17],[-99,-70],[-290,-31],[-169,-11],[-129,-5],[-30,-1],[10,24],[0,6],[4,7],[3,6],[9,12],[5,6],[11,13],[4,6],[4,6],[4,7],[5,13],[5,21],[8,35],[4,36],[3,28],[1,21],[-1,21],[-1,22],[-3,25],[87,73],[93,1],[98,-57],[78,65],[-58,110],[47,21],[40,-70],[269,44],[60,23],[-70,49],[-98,-40],[-48,64],[-19,31],[50,29],[-67,46],[-74,51],[-136,120],[-19,-56],[-109,-72],[-57,16],[25,25],[31,31],[17,53],[22,56],[144,124],[104,39],[25,22],[26,36],[-141,32],[-82,22],[-82,72],[286,234],[67,40],[63,81],[30,39],[-29,7],[-97,23],[-86,-63],[-44,51],[-48,56],[-40,46]],[[28732,70616],[-14,112],[90,173],[9,95],[-177,20],[-96,13],[-235,155],[-245,88],[31,36],[-58,85],[-145,211],[-160,200],[-33,57],[-14,33],[-42,72],[-31,53],[-190,164],[49,252],[131,179],[237,188],[-2,80],[-1,77],[-4,191],[4,89],[80,172],[81,107],[85,76],[-64,30],[-132,104],[-74,44],[-140,6],[-137,7],[-56,33],[23,73],[-34,122],[-46,108],[-3,73],[25,80],[57,101],[-187,-89],[-117,-46],[-139,-94],[-12,-7],[-104,134],[-108,11],[-83,-29],[-73,3],[-63,11],[-80,29],[13,32],[-61,27],[-58,11],[-6,17],[-4,13],[-9,23],[18,32],[6,7],[14,16],[-2,3],[-9,16],[-15,22],[-10,17],[-9,12],[-5,7],[-5,9],[-6,8],[-12,18],[-12,19],[-10,14],[58,43],[24,15],[35,22],[31,19],[26,16],[21,12],[31,23],[118,70],[207,94],[116,65],[33,12],[46,32],[106,63],[21,13],[-4,214],[-66,35],[43,53],[31,29],[10,9],[53,21],[17,37],[-83,90],[1,64],[-39,18],[-42,30],[-142,-43],[-51,43],[-43,20],[1,41],[-27,55],[84,59],[-22,50],[33,31],[-24,29],[-2,65],[2,70],[-59,12],[-121,13],[-48,-38],[-50,-23],[13,-110],[-30,-3],[-14,-68],[-126,-25],[-89,17],[-92,59],[-6,5],[57,247],[282,127],[324,-28],[352,392],[30,99],[296,-91],[138,136],[49,71],[336,84],[61,44],[65,-12],[224,56],[194,68],[119,-112],[100,-44],[28,-281],[26,-182],[72,-178],[119,-169],[202,-71],[63,-61],[300,-121],[125,-11],[125,-49],[206,-27],[167,-80],[128,-180],[162,-53],[112,-110],[110,20],[26,-57],[68,-114],[42,-36],[30,-13],[31,-4],[44,7],[40,26],[47,54],[56,68],[23,25],[24,14],[83,-19],[68,-17],[42,44],[42,45],[28,34],[29,44],[120,139],[155,126],[68,22],[92,30],[60,20],[143,30],[101,29],[48,-56],[97,56],[128,-19],[144,55],[153,51]],[[41288,76490],[41,30],[25,16],[33,2],[32,-8],[23,-12],[24,-27],[35,-36],[21,-31],[-7,-28],[5,-23],[108,-60],[55,-41],[14,-23],[1,-19],[-25,-36],[-38,-43],[-36,-71],[-9,-42],[-5,-25],[13,-70],[41,-76],[8,-17],[202,-100],[214,1],[-12,-75],[-144,-144],[25,-36],[-42,-72],[47,-35],[-67,-86],[-365,-120],[-84,19],[-175,-82],[-179,-187],[-73,-132],[-13,-136],[-379,-224],[-299,-173],[-86,-129],[-82,-124],[-479,-65],[-129,-217],[20,-138],[-73,-90],[-46,-34],[-100,-72],[-225,-105],[-48,16],[-160,-93],[-208,-386],[58,-41],[-8,-34]],[[32938,76047],[-67,96],[139,217],[-167,140],[108,172],[43,15],[54,19],[15,41],[46,107],[-56,97],[-162,142],[58,109],[-61,25],[-27,-7],[-47,-12],[-27,12],[38,57],[64,73],[31,131],[158,123],[61,92],[32,49],[-231,43],[-83,16],[-84,131],[-218,-8],[-157,39],[17,64],[107,138],[111,143],[84,35],[12,106],[56,55],[-167,3],[-49,28],[-225,18],[-115,65],[-28,92],[5,81],[21,69],[-98,112],[132,75],[34,45],[92,5],[264,16],[123,48],[133,5],[-18,-41],[-5,-11],[-31,-31],[-25,-38],[-8,-48],[3,-16],[58,-2],[181,6],[56,-73],[134,-13],[148,95],[165,30],[-22,57],[327,126],[-27,64],[156,28],[102,-13],[47,45],[37,77],[-100,357],[-58,14],[-72,57],[-41,202],[-25,99],[-37,87],[-56,131],[90,62],[18,45],[136,113],[129,93],[238,2],[112,34],[-1,14],[-5,43],[201,57],[76,3],[61,10],[48,-63],[121,48],[72,-41],[26,-67],[101,-19],[16,-194],[107,-11],[56,-30],[276,20],[55,33],[156,-69],[126,70],[41,24],[32,185],[-12,71],[30,31],[156,52],[106,64],[88,-44],[258,-32],[260,42]],[[48929,79821],[8,-21],[41,-109],[59,-151],[50,-127],[41,-102],[68,-145],[27,-55]],[[49223,79111],[149,-324],[36,-93],[43,-98],[96,-178],[157,-218],[76,-100],[298,-336],[77,-86],[212,-222],[48,-57],[63,-77],[189,-178],[60,-39],[64,-37],[53,-40],[61,-63],[257,-249],[95,-88],[81,-125],[84,-76]],[[49484,75532],[-59,-16],[-70,-20],[-193,118],[73,94],[-148,155],[102,66],[-120,185],[17,41],[-62,93],[-166,105],[-93,-14],[-148,104],[-177,-44],[-99,34],[-16,-47],[185,-83],[-51,-97],[-258,-145],[-60,4],[43,39],[-24,22],[-124,-59],[-164,-3],[-88,-22],[-93,3],[-16,1],[-231,-77],[-253,-34],[-38,89],[-207,15],[-125,91],[-164,4],[-366,-103],[-81,8],[-22,68],[-176,-23],[-161,75],[-71,-19],[-41,55],[-200,56],[-60,101],[46,131],[-9,194],[-14,30],[-30,64],[120,61],[65,7],[-12,47],[64,98],[39,64],[1,103],[134,81]],[[49393,74344],[-80,-23],[-49,38],[-46,-97],[-125,14],[-12,-99],[-5,-48],[-53,-6],[18,-102],[-60,-10],[26,-46],[-212,-6],[-9,-47],[-184,21],[-91,-21],[-71,-20],[-69,10],[-70,10],[-152,21],[-311,-75],[-100,-40],[-8,-62],[-6,-76],[142,-119],[-68,-68],[-16,-43],[68,1],[-48,-55],[-71,-62],[-89,-77],[93,-42],[46,-20],[84,100],[54,52],[31,44],[21,59],[18,103],[23,23],[86,49],[109,88],[73,14],[124,-19],[47,-12],[41,-10],[121,-37],[60,-52],[65,-25],[24,-10],[31,-15],[23,-12],[14,-9],[14,-9],[13,-10],[13,-10],[12,-11],[35,-33],[11,-12],[10,-12],[4,-6],[4,-6],[3,-7],[2,-7],[6,-28],[12,-49],[7,-42],[3,-22],[2,-20],[-1,-15],[-1,-22],[-4,-29],[22,-45],[-31,-85],[-93,-57],[-30,-15],[-8,-4],[-7,-3],[-9,-3],[-8,-2],[-9,-2],[-18,-2],[-10,-1],[-18,0],[-36,1],[-19,-1],[-19,-1],[-9,-1],[-9,-1],[-8,-3],[-8,-4],[23,-67],[79,-62],[-114,-84],[63,-41],[11,-52],[-83,-8],[21,-79],[-57,13],[-46,-94],[95,-73]],[[48640,72400],[-142,10],[-109,37],[15,-49],[-109,-29],[-15,30],[-47,-14],[5,-37],[-70,-13],[-131,-25],[-63,-12],[-36,-38],[-86,-21],[-49,48],[-27,-16],[-132,131],[-70,20],[-127,37],[-59,27],[-127,58],[-55,61],[-12,34],[-32,93],[-91,88],[-369,41],[-64,258],[-35,116],[-107,-38],[-40,69],[-208,-52],[117,-200],[-123,-5],[-11,-55],[-133,-9],[-48,50],[-163,-41],[-84,-2],[-177,44],[-170,-49],[-140,84],[-138,19],[-81,94],[-61,-30],[-96,-46],[-71,-12],[-120,90],[-204,-17],[-50,-61],[-87,-107],[-39,29],[-100,-58],[66,-54],[-199,-68],[-162,-97],[-58,9],[-108,-75],[-37,27],[-247,-214],[50,-34],[-107,-98],[-71,33],[-124,-149],[-130,15],[-148,-115],[-25,-37],[-198,-50],[-182,-31],[-24,-39],[-128,-46],[-75,-48],[-17,-46],[-93,-66],[-184,-13]],[[42068,71736],[38,203],[341,60],[-21,48],[119,38],[-62,68],[89,43],[-35,148],[-71,-6],[-7,41],[65,13],[-2,38],[-71,21],[-116,155],[-51,-31],[-125,90],[37,190],[-341,-64],[-199,6],[-224,-53],[-129,-30],[-15,-142],[34,-43],[-40,-185],[71,-63],[-94,-97],[-18,50],[-13,17],[-18,12],[-76,14],[-130,8],[-15,1],[-39,3],[-64,13],[-67,33],[-11,12],[-20,56],[-45,28],[-62,13],[-32,-1],[-31,11],[-61,32],[-15,21],[-25,60],[-151,-23],[-131,24],[-323,-116],[-99,19],[-78,-41],[-92,-76],[-228,-13],[-75,-34],[63,-21],[-49,-58],[-24,-28],[-84,-43],[-61,-34],[-47,59],[-40,-7],[-64,-10],[-76,87]],[[80440,87601],[-76,-5],[-36,-2],[-43,-3],[-147,25],[-69,-14],[-99,-20]],[[79970,87582],[-52,-32],[-383,-235],[-130,-55],[-269,-80],[-63,-18],[-72,-22],[-24,-51],[-34,-91],[-30,-67],[-8,-17],[-33,-45],[-21,-20],[-43,-27],[-55,-36],[-83,-56],[-42,-34],[-10,-8],[-1,-57],[-23,-47],[-70,-50],[-38,-16],[-136,-9],[-127,-3],[-87,0],[-32,0],[-130,1],[-127,11],[-63,7],[-68,7],[-4,-1],[-59,15],[-60,12],[-7,2],[-96,15],[-115,23],[-97,29],[61,164],[1,3],[21,100],[63,124],[-13,146],[71,174],[-7,26],[-18,61],[-79,74],[-245,175],[-176,135],[-25,25],[-91,89],[-242,235],[-48,37],[-275,61],[-369,7],[-161,64],[-174,74],[-282,181],[-346,110],[-57,0]],[[74887,88692],[28,202],[52,62],[-76,21],[-57,116],[-20,166],[-10,80],[-99,52],[79,40],[10,39],[26,105],[43,168],[-55,6],[-75,46],[9,104],[-91,40],[-91,152],[31,13],[-69,55],[-9,147],[-55,-5],[-4,84],[59,31],[113,231],[-60,126],[72,74],[-23,20],[-53,42],[-42,43],[-34,55],[-13,50],[165,-29],[202,-83],[121,-10],[101,50],[2,172],[64,109],[-210,98],[-6,53],[101,-2],[52,-16],[54,95],[-133,40],[24,41],[46,45],[163,-41],[39,68],[24,132],[47,53],[33,98],[65,-11],[61,53]],[[75488,91972],[186,127],[279,-12],[117,-69],[264,6],[-142,89],[-30,133],[-62,64],[-35,132],[185,-65],[80,-21],[5,100],[63,89],[-27,118],[115,135],[329,160],[143,195],[125,33],[530,353]],[[77613,93539],[52,-17],[24,-21],[24,-82],[12,-73],[-36,-233],[7,-107],[-41,-96],[-137,-105],[-59,-71],[-40,-28],[-20,-195],[-1,-124],[63,-162],[1,-15],[1,-31],[2,-38],[11,-33],[13,-41],[-14,-21],[-31,-47],[-153,-23],[106,-155],[44,-96],[3,-21],[5,-27],[18,-107],[17,-95],[38,-39],[151,-176],[174,-95],[97,-167],[129,-106],[86,-25],[-42,-46],[87,-25],[49,-50],[315,-127],[107,-46],[118,-51],[43,-38],[101,-158],[3,-3],[274,-287],[74,-71],[23,-27],[14,-16],[14,-16],[5,-3],[11,-7],[191,-132],[37,-29],[30,-33],[53,-62],[38,-37],[24,-28],[22,-30],[27,-34],[31,-24],[128,-62],[259,-126],[103,-77],[87,-99],[81,-91],[33,-246],[23,-142],[10,-110],[3,-44],[37,-84],[8,-79],[-8,-32],[-21,-94],[-85,-349],[-38,-154],[-10,-42],[22,-55]],[[67815,90202],[-71,-19],[-108,-23],[-127,27],[-63,14],[-107,-217],[-144,-5],[-86,-58],[-86,-12],[-40,-22],[-40,-21],[-6,-32],[-9,-57],[-17,-93],[-19,-37],[-145,-2],[-142,96],[-20,-27],[-160,34],[2,30],[-127,-7],[-91,38],[-140,-4],[-162,-21],[-191,7],[-38,-29],[-26,30],[-73,-129],[-187,-23],[33,-95],[-382,-13],[105,120],[-17,36],[-107,37],[-40,45],[-147,74],[-233,6],[-114,-23],[-176,35],[-54,5],[-224,-9],[-152,-46],[-64,-5],[-65,-15],[-53,-25],[-101,-92],[-2,-52],[-26,-42],[-77,-22],[-134,-40],[-183,-89],[-38,-4],[-112,-14],[-140,-18],[-67,-8],[-103,6],[-50,79],[-17,98],[-28,249],[-226,62],[-84,136],[-172,87],[-91,-14],[-122,-18],[-128,12]],[[61801,90083],[-2,7],[3,20],[5,44],[59,55],[19,35],[8,13],[0,56],[-24,50],[-50,43],[-42,49],[-36,61],[-6,41],[4,12],[5,14],[3,8],[14,37],[40,60],[57,35],[24,13],[36,18],[65,12],[42,27],[24,32],[-2,44],[-13,34],[-6,52],[10,25],[11,28],[1,4],[6,9],[3,6],[4,6],[5,7],[15,26],[50,24],[58,-4],[26,-11],[30,-13],[48,-1],[26,15],[20,12],[42,40],[49,30],[42,29],[62,7],[43,-1],[39,-10],[12,-3],[50,-1],[9,0],[39,15],[18,7],[16,45],[86,39],[150,-41],[169,17],[81,-2],[60,-40],[284,33],[184,-20],[18,2],[156,20],[34,67],[352,-127],[68,-25],[10,20],[14,30],[-51,46],[88,-6],[39,13],[35,12],[33,28],[40,35],[47,50],[25,39],[6,46],[-26,46],[-41,62],[-5,8],[-26,54],[-31,76],[-15,62],[-5,20],[-1,94],[-6,56],[-1,10],[16,57],[45,37],[81,24],[92,12],[89,8],[91,-12],[59,-28],[50,-71],[60,-103],[59,-64],[11,-8],[73,-73],[21,28],[21,29],[37,64],[18,77],[16,68],[0,118],[16,131],[5,43],[26,96],[50,71],[48,52],[4,35],[-17,71],[-50,23],[-30,42],[7,38],[-52,32],[-9,30],[-63,81],[-63,30],[-22,22],[47,103],[-17,53],[-33,40],[157,130],[32,48],[-106,75],[-26,40],[-81,-8],[-89,-8],[-99,21],[-49,41],[-40,49],[-153,58],[-66,89],[15,85],[-78,80],[225,20],[46,-79],[35,-20],[36,-9],[36,6],[19,22],[17,7],[12,9],[45,11],[33,-12],[23,-12],[41,-2],[39,14],[41,9],[54,22],[53,36],[109,60],[156,19],[97,14],[161,44],[350,97]],[[66264,94082],[96,-138],[-133,-16],[-79,-101],[-91,-35],[-44,-64],[-6,-88],[1,-12],[-3,-24],[-15,-23],[-25,-23],[-9,-18],[-3,-23],[8,-20],[14,-18],[4,-26],[-6,-23],[-22,-41],[-6,-34],[7,-29],[10,-32],[24,-31],[34,-35],[42,-18],[53,-22],[45,-31],[48,-41],[23,-26],[18,-40],[9,-61],[-18,-121],[-14,-67],[2,-26],[12,-47],[3,-32],[-8,-24],[-6,-27],[1,-28],[-42,-26],[-36,-22],[24,-28],[19,-8],[30,-7],[49,-30],[42,16],[55,7],[10,-20],[-1,-14],[-5,-27],[-20,-25],[-22,-23],[7,-26],[17,-41],[37,-27],[-37,-22],[-47,-29],[37,-32],[49,-65],[17,-31],[32,-24],[22,-10],[37,-15],[8,-10],[1,-33],[1,-28],[15,-14],[61,-39],[38,-35],[6,-24],[-85,-47],[-14,-34],[-108,-35],[-51,-17],[7,-64],[-6,-65],[8,-23],[38,-33],[54,-24],[63,-9],[95,3],[22,-74],[19,-55],[11,-11],[21,-4],[19,3],[23,11],[87,11],[64,9],[70,-16],[16,-14],[20,-41],[19,-39],[18,-38],[8,-29],[10,-38],[4,-78],[-9,-51],[-6,-67],[6,-14],[6,-3],[31,-16],[87,-18],[45,-19],[44,-32],[4,-17],[-8,-15],[-53,-16],[-103,-50],[-41,-28],[-13,-26],[5,-37],[22,-24],[84,-70],[34,-30],[-8,-29],[-34,-70],[-24,-43],[3,-59],[3,-56],[28,-63],[34,-15],[43,-6],[18,10],[8,44],[-2,51],[12,39],[19,16],[36,3],[87,-24],[72,-43],[56,-13],[93,-20],[55,-33],[50,-66],[65,-42]],[[75488,91972],[-72,84],[-68,18],[-4,89],[25,35],[98,54],[-23,33],[-157,-7],[-148,-98],[-34,-96],[-49,26],[-180,-149],[-69,-27],[-94,11],[-34,-37],[-42,20],[-41,4],[-56,1],[-75,-83],[-91,27],[-134,90],[-53,-19],[-60,-15],[-112,-27],[23,45],[86,34],[-30,98],[-54,-18],[-13,21],[-68,124],[177,291],[0,157],[-12,28],[-7,47],[-158,44],[38,57],[-29,5],[-80,-69],[-165,10],[-29,-48],[-12,-18],[-24,-63],[-44,71],[-53,86],[-50,48],[-51,-39],[-87,-68],[-153,-2],[-166,141],[-201,100],[-133,87],[18,54],[-34,43],[-51,33],[-169,47],[-134,-10],[-154,34],[-67,-5],[-48,13],[-134,36],[-4,41],[-114,1]],[[71829,93362],[-47,-9],[21,28],[50,68],[-19,50],[-9,21],[13,48],[-1,54],[22,44],[31,63],[-2,58],[-2,26],[-25,48],[-31,37],[14,93],[0,95],[-45,126],[-43,201],[-37,60],[-20,50],[-32,48],[-134,107],[-119,45],[-174,153],[-53,26],[-42,22],[-81,35],[-98,41],[-148,-19],[-185,30],[-48,7],[-134,2],[-90,-19],[-102,29],[-69,30],[-9,4],[-80,-77],[-69,-34],[-44,-81],[-113,115],[-37,-15],[-83,-32],[-68,-27],[-166,-16],[-153,-153],[-102,-20],[-408,355]],[[68858,95079],[-62,58],[-15,117],[-230,30],[-59,65],[-9,46],[28,32],[135,82],[83,22],[66,-1],[58,49],[163,92],[-81,35],[-161,212],[-113,21],[-83,52],[-55,109],[-244,97],[17,55],[132,160],[40,188],[205,140],[43,93],[-240,435],[22,199],[124,85],[163,324],[-68,118],[-263,93],[-79,56],[-231,-24],[75,364],[-54,25],[-115,51],[-293,93],[-14,103],[288,101],[256,-32],[79,42],[171,85],[117,-74],[166,104],[97,37],[168,122],[359,186],[199,271],[205,279],[288,123],[426,-73],[47,-18],[128,-36],[66,-52],[151,-11],[36,73],[235,-340],[401,-224],[304,35],[23,-46],[54,17],[28,-137],[120,42],[-17,35],[163,131],[35,21],[42,-4],[78,-43],[33,-51],[97,-154],[0,0],[-31,-73],[-106,-117],[-59,-65],[-20,-22],[-200,-220],[-86,-162],[-46,-126],[-89,-34],[5,-23],[-111,-43],[-19,-55],[94,-201],[-22,-73],[-96,-263],[-58,-41],[-61,-43],[-130,-211],[56,-61],[-12,-151],[23,-80],[40,-135],[31,18],[21,-9],[107,-49],[102,-25],[105,-26],[302,-112],[78,6],[42,3],[50,-19],[62,-24],[401,-35],[71,25],[155,5],[88,38],[43,36],[37,-45],[72,-90],[12,-15],[15,-14],[24,-12],[88,-27],[59,-14],[34,-4],[28,4],[44,8],[46,6],[35,1],[3,0],[9,-1],[23,-2],[33,-7],[23,-9],[22,-15],[19,-22],[13,-20],[11,-19],[19,-32],[27,-45],[17,-52],[21,-143],[5,-26],[3,-13],[3,-11],[3,-23],[8,-50],[52,6],[39,6],[53,-12],[78,-19],[64,-15],[3,-191],[-43,-74],[179,-102],[142,-246],[8,-11],[74,-49],[70,-46],[63,-122],[81,-29],[34,-12],[43,-15],[139,-5],[22,-1],[43,-13],[45,-71],[127,-30],[71,10],[105,-9],[120,9],[57,11],[21,28],[17,23],[83,29],[180,14],[71,15],[95,60],[301,-36],[159,-94],[149,10],[31,22],[130,94],[39,28],[118,-46],[28,-19],[27,-18],[88,-60],[35,-50],[92,-51],[50,-119],[7,-29],[9,-67],[-7,-58],[-34,-47],[8,-44],[13,-41],[86,-53],[80,-23],[66,-56],[158,32],[37,-38],[-35,-48],[-40,-96],[-102,-92],[72,-113],[33,-69],[3,-6],[-43,-56],[15,-164],[-90,-96],[-19,-89],[-46,-88],[-13,-25]],[[66264,94082],[117,110],[107,104],[46,46],[-4,167],[129,30],[172,-43],[16,205],[7,86],[5,55],[242,108],[67,30],[91,80],[60,69],[60,70],[109,153],[219,-124],[97,-42],[182,-9],[228,-10],[298,-120],[173,-51],[125,51],[48,32]],[[71829,93362],[5,-59],[-121,-26],[-66,-17],[-99,-25],[55,-55],[-22,-45],[-30,-35],[-61,-158],[-181,-123],[115,-69],[17,-17],[136,-118],[68,-93],[45,-56],[13,-35],[-13,-31],[-60,-49],[-45,-51],[-80,-108],[-30,-49],[-11,-30],[0,-34],[1,-27],[7,-38],[38,-44],[37,-30],[50,-32],[38,-21],[39,-16],[-76,-105],[-6,-36],[88,-60],[47,-12],[24,-4],[22,-13],[12,-23],[27,-98],[17,-30],[31,-38],[18,-28],[9,-45],[-8,-27],[-33,-88],[1,-17],[-40,28],[-58,16],[-44,12],[-130,-28],[-131,-64],[21,-60],[-89,-226],[-81,-59],[-14,-50],[-14,-52],[-127,-99],[-69,-32],[-45,-37],[-15,-12],[-14,-49],[-53,-43],[-101,-43],[-168,-145],[-147,-31],[-24,-17],[-53,-34],[-43,-16],[-58,-21],[-69,-30],[-103,81],[-54,-21],[-84,-38],[-101,-13],[-158,-9],[-105,-128],[-90,28],[-61,-66],[-166,4],[-121,-57],[-25,-41],[-94,-129],[22,-13],[42,-24],[91,-37],[65,-9],[19,-7],[10,-4],[14,-21],[23,-44]],[[69405,89607],[-60,24],[-33,-33],[-28,-28],[-162,-24],[32,-141],[-38,-20],[-414,163],[-52,11],[-107,113],[-28,-2],[-60,-4],[-231,90],[-171,6]],[[68053,89762],[34,47],[34,29],[27,33],[-1,28],[-12,16],[-87,70],[-74,56],[-60,60],[-25,35],[-22,34],[-52,32]],[[74887,88692],[-167,-6],[-489,-154],[-57,-72],[-21,-26],[-61,-125],[-77,-139],[-61,-178],[-28,-72],[-62,-240],[-16,-129],[19,-47],[-105,-54],[-15,-12],[-9,-6],[-2,-22],[5,-39],[-20,-47],[-28,-13],[-43,-4],[-30,-3],[-4,-3],[-29,-20],[-15,-32],[5,-16],[7,-25],[-8,-39],[-17,-19],[-13,-14],[237,-80],[159,-23],[82,-13],[25,-38],[92,-33],[69,-24],[104,-114],[-111,-66],[-6,-28],[-6,-34],[-33,-26]],[[74158,86657],[-59,19],[-173,-1],[-595,110],[-244,68],[-232,47],[-133,89],[-9,222],[-61,168],[0,29],[85,4],[70,41],[96,49],[36,69],[-203,228],[-46,36],[-212,170],[-34,27],[-60,34],[-187,94],[-150,111],[-91,60],[-102,-34],[-197,-56],[-110,-25],[-143,-73],[-127,-20],[-150,-108],[-23,-64],[-48,-23],[-41,93],[23,34],[169,70],[-9,40],[-100,-39],[-55,-22],[-263,132],[-47,-20],[-78,69],[-55,115],[-62,53],[1,50],[2,42],[-87,19],[44,160],[36,36],[48,48],[51,51],[29,38],[102,135],[27,129],[-12,86],[-40,-11],[-104,77],[-36,-7],[-141,-43],[-41,-21],[-43,-7],[-32,6],[-62,29],[-16,0],[-7,-2],[-38,-7],[-35,-2],[-31,10],[-42,24],[-43,17],[-73,8],[-45,-1],[-59,-2],[-28,14],[-52,40],[-29,28],[-88,47],[-61,46],[-110,61],[-107,46],[-11,10]],[[68053,89762],[-12,-28],[-13,-49],[-26,-27],[-5,-4],[34,-44],[66,4],[126,-43],[126,-164],[-71,-45],[-85,-55],[-31,-52],[-67,-1],[-18,73],[-61,52],[-56,-9],[5,-33],[-3,-35],[-22,-37],[-33,-12],[-49,-5],[-52,6],[-94,28],[-25,11],[-62,26],[-63,33],[-64,81],[-24,26],[-34,11],[-56,-4],[-45,-20],[-12,-26],[4,-25],[29,-34],[45,-53],[22,-26],[42,-58],[3,-20],[0,-35],[-13,-31],[-45,-29],[-28,-4],[-22,2],[-20,22],[-21,41],[-32,52],[-46,14],[-31,42],[-109,31],[-163,-258],[57,-97],[82,-61],[82,-21],[32,68],[56,3],[100,8],[86,11],[50,12],[39,40],[51,56],[15,26],[21,16],[20,1],[19,-3],[31,-22],[16,-10],[37,-35],[7,-33],[-10,-24],[-19,-15],[-97,-43],[-45,-23],[-13,-23],[13,-62],[11,-33],[-115,-45],[-49,-132],[-130,-67],[-247,-59],[-146,57],[-195,-105],[-110,-37],[9,-37],[-261,-165],[-123,-60],[-86,-66],[-38,-101],[-6,-104],[134,-235],[39,-98],[15,-113],[132,-9],[73,15],[209,-12],[266,-29],[127,-67],[122,-69],[85,-49],[44,-31],[15,-97],[24,-158],[-20,-66],[9,-243],[-99,-104],[-133,-155],[-133,-14],[-126,-15],[-118,41],[-35,12],[-31,30],[-160,12],[-28,45],[-72,1],[-58,0],[-11,-30],[-186,-96],[-69,34],[-136,-173],[-19,-50],[-36,-90],[77,-71],[54,10],[2,-48],[-155,-101],[35,-55],[35,-57],[60,-42],[157,-55],[72,-18],[63,-4],[-24,-71],[145,-98],[-28,-358],[34,-49],[-58,-28],[34,-83],[17,-42],[9,-23],[-133,-127],[37,-276],[15,-302],[40,-332],[-101,9]],[[66297,83832],[-468,317],[-29,166],[-161,200],[-103,175],[-37,66],[-119,151],[-107,21],[-91,31],[-70,75],[-280,40],[-103,-21],[-65,-19],[-1,-45],[-81,-12],[-97,-15],[-34,-1],[-28,173],[-22,84],[-45,27],[-54,30],[-113,8],[-113,8],[-42,3],[-86,-18],[-34,-7],[-81,-123],[-147,7],[-12,26],[-18,43],[-54,124],[-74,-13],[-11,61],[-87,-9],[-91,-18],[-93,-20],[-5,-3],[-60,-20],[-64,-28],[-38,-39],[-44,-67],[-49,-44],[-34,-27],[-34,-27],[-42,-54],[-29,-31],[-33,-8],[-39,-3],[-33,-11],[-19,-26],[8,-39],[-3,-21],[-22,-19],[-38,-16],[-26,27],[-88,91],[-15,28],[-28,53],[-228,59],[-175,33],[-93,29],[-72,20],[-91,57],[-78,45],[-29,25],[-91,-93],[-98,-89],[-11,-49],[-2,-92],[-126,-42],[-89,-5],[-34,-56],[-386,58],[3,-117],[4,-147],[3,-81],[-23,-20],[-63,-86],[29,-46],[131,-26],[77,-96],[28,-136],[-13,-37],[-29,-80],[-74,-32],[-24,-79],[15,-47],[6,-34],[48,-16],[30,4],[76,32],[49,-137],[36,-114],[-14,-6],[-235,-116],[-69,-122],[-250,-91],[-66,41],[85,83],[-5,37],[-5,58],[-9,18],[-31,27],[-56,106],[-23,51],[8,98],[10,39],[16,27],[25,30],[13,28],[1,22],[-13,13],[-82,11],[-42,8],[-50,-4],[-62,-15],[-9,-15],[7,-15],[26,-15],[38,-22],[29,-27],[13,-34],[3,-23],[-14,-34],[-41,-33],[-30,-12],[-52,-9],[-60,12],[-89,24],[-50,34],[-19,22],[-42,121],[-32,25],[-46,8],[-30,-3],[-51,-9],[-46,1],[-53,29],[-36,16],[-90,36],[-56,6],[-47,-6],[-30,-13],[-23,-20],[-11,-44],[15,-39],[48,-49],[78,-35],[72,-29],[25,-30],[-9,-44],[-31,-35],[-37,-25],[5,-3],[46,-38],[18,-47],[-5,-13],[-5,-21],[-16,-48],[9,-54],[11,-47],[4,-67],[-17,-75],[-12,-37],[-26,-77],[3,-12],[5,-24],[45,-30],[27,-19],[23,-38],[17,-42],[5,-25],[6,-25],[51,-75],[52,-45],[70,-50],[121,-10],[35,-45],[117,-29],[-9,-22],[63,3],[31,-11],[17,-21],[-2,-30],[3,-37],[-17,-21],[-44,-54],[-55,-58],[-55,-67],[-44,-51],[-54,-29],[-60,-31],[-44,-44],[-27,-55],[-17,-48],[-52,-38],[-38,-37],[-53,-58],[-19,-21],[-1,-16],[6,-26],[-7,-29],[-20,-25],[-29,-19],[-8,-24],[-5,-15],[-2,-9],[-6,-24],[-13,-22],[-52,-19],[-55,-24],[-43,-8],[-38,-10],[-35,-27],[-5,-37],[23,-47],[42,-55],[31,-28],[6,-24],[-11,-28],[-5,-15],[-10,-32],[-20,-54],[-65,-48],[-96,-78],[-51,-46],[-16,-50],[6,-44],[44,-44],[44,-11],[17,-13],[5,-31],[-10,-32],[9,-24],[-95,-23],[-83,-94]],[[59248,80844],[-81,39],[-148,77],[-181,108],[-87,52],[-165,99],[-287,-30],[-134,51],[-213,47],[-78,-36],[-57,-5],[-93,6],[-50,29],[-49,35],[-44,38],[-4,54],[-133,48],[5,219],[-123,57],[-125,40],[-103,16],[-238,5]],[[56860,81793],[-11,115],[-70,41],[-11,68],[5,49],[-12,42],[-4,47],[-18,48],[-19,50],[4,33],[26,27],[6,36],[-12,45],[-1,7],[-10,52],[-27,38],[-74,141],[-70,227],[30,97],[-99,38],[9,54],[92,86],[100,93],[-52,33],[-32,19],[-31,19],[-23,2],[-27,-1],[-23,-12],[-8,-9],[-27,-27],[-27,-16],[-43,-10],[-40,4],[-48,12],[-34,29],[-25,28],[-10,13],[-19,0],[-95,-25],[-77,-35],[-34,-2],[-27,3],[-20,11],[-24,16],[-23,30],[-29,48],[-24,71],[-17,64],[-24,65],[76,-31],[57,-6],[88,-25],[46,-13],[20,4],[21,8],[7,16],[-3,17],[-18,20],[-2,15],[-3,23],[-12,24],[-37,48],[-30,39],[-6,19],[8,22],[21,26],[10,10],[11,21],[-3,14],[-20,14],[-2,15],[12,9],[17,0],[23,-13],[65,-43],[28,-19],[21,-2],[23,8],[118,72],[4,20],[-7,31],[4,16],[22,10],[11,20],[-1,21],[204,-54],[108,-53],[212,40],[225,64],[8,76],[6,57],[-82,26],[-53,84],[45,32],[-65,52],[-67,56],[-50,33],[-50,73],[44,34],[67,58],[44,23],[8,16],[4,12],[10,8],[17,1],[43,11],[26,6],[4,17],[-8,42],[-1,16],[13,12],[11,3],[7,1],[19,0],[18,-2],[15,7],[2,19],[-2,30],[15,49],[7,22],[27,32],[6,23],[21,38],[14,3],[15,8],[10,55],[-2,27],[-11,10],[-17,3],[-13,7],[-7,17],[-6,16],[-23,16],[-19,6],[-8,12],[7,16],[22,67],[-6,16],[-19,15],[-19,6],[-16,11],[-4,9],[-8,13],[-20,13],[-36,20],[-13,23],[-1,15],[24,63],[7,47],[-3,22],[-10,18],[-9,20],[-19,14],[-17,45],[-9,38],[3,27],[29,31],[44,58],[6,43],[0,30],[17,60],[14,34],[9,41],[-2,32],[-18,22],[-1,26],[17,20],[46,26],[43,14],[16,5],[43,45],[-32,82],[-264,42],[-355,98],[-64,-11],[-73,166],[21,135],[-89,72],[-43,168],[48,58],[-52,76],[-78,-36],[-178,176],[-139,161],[-82,73],[-35,53],[-352,536],[-27,52],[-36,72],[-13,79],[-9,59],[-12,86]],[[55444,88313],[97,19],[75,101],[4,116],[152,68],[13,-83],[207,-1],[107,116],[204,27],[125,-3],[25,-41],[105,11],[34,27],[420,-18],[62,6],[105,79],[107,132],[337,62],[-59,114],[97,-21],[109,51],[70,3],[157,175],[104,-2],[126,-29],[21,51],[343,-66],[165,-6],[-76,115],[36,134],[15,87],[-6,90],[106,-66],[-16,-124],[340,229],[205,109],[183,91],[315,88],[156,106],[68,19],[226,-145],[29,-19],[15,-5],[101,10],[95,9],[129,-83],[331,-71],[257,-111],[128,-12],[68,28],[56,38],[42,40],[60,13],[26,2],[33,2],[58,-3],[34,16],[23,11],[5,7],[32,41],[5,56],[-6,29],[-4,22],[-15,69],[-9,60]],[[76063,46159],[69,64],[49,45],[134,-43],[57,22],[88,-71],[141,83],[249,-263],[-56,-35],[-61,-37],[52,-45],[184,-290],[140,-171],[56,-70],[113,-131],[76,-80],[46,-64],[49,-94],[31,-57],[-63,-37],[-90,-47],[-78,-51],[-56,-44],[8,-9],[5,-8],[0,-15],[4,-29],[2,-27],[8,-24],[20,-20],[24,-33],[8,-8],[-226,40],[-25,-72],[-20,-49],[-117,29],[-74,-214],[311,-39],[-2,-88],[143,-319]],[[77262,43858],[-62,-53],[-88,-68],[-146,-116],[-148,-101],[-93,-51],[-56,46],[-105,-54],[-104,-48],[-53,-18],[-61,-4],[43,-83],[67,23],[57,-81],[-101,-113],[38,-41],[-196,-96],[-20,-42],[-130,-65],[-344,-135],[-52,-223],[-81,-81],[26,-93],[42,-26],[49,-7],[75,-41],[82,-59],[15,-19],[63,-6],[-4,-44],[-5,-45],[-48,-105],[-7,-41],[-8,-45],[3,-89],[13,-95],[-93,-52],[23,-132],[52,-13],[48,-15],[19,-21],[17,-59],[-4,-51],[-7,-58],[0,-50],[3,-40],[-9,-60],[42,-33],[42,-84],[-109,-33],[-35,-13],[-24,-10],[-74,-35],[58,-39],[115,-77],[-49,-100],[-62,-83],[17,-57],[80,-68],[80,8],[-69,-71],[-23,-24],[-79,-17],[-25,-6],[-47,-25],[-135,-40],[-123,-7],[-82,-17],[-69,-51],[-28,-28],[-6,-39],[-82,-109],[-57,-70],[125,-116],[35,-40],[14,-16],[17,-23],[-12,-41],[-68,-18],[-80,-9],[-64,11],[-44,16],[-137,105],[-45,23],[-33,-6],[-24,-4],[-9,-2],[-72,-45],[3,-24],[5,-34],[-2,-71]],[[74837,39766],[-54,19],[-4,31],[-103,-34],[-73,131],[-45,37],[-44,70],[15,11],[29,26],[-70,47],[26,60],[87,56],[-2,41],[-78,-3],[-41,-31],[-41,-39],[-358,-129],[-208,0],[-350,-48],[-163,-56],[-45,28],[-43,27],[-52,142],[-60,69],[-54,73],[-84,157],[-85,-2],[-88,-22],[-19,-26],[-35,-37],[-100,-57],[-54,-26],[-35,-8],[-74,3],[-149,4],[-69,-12],[-51,0],[-54,-57],[-47,-24],[-73,-16],[3,-128],[64,-184],[-108,112],[-103,13],[-112,-8],[-67,-14],[-38,-8],[-117,-49],[-87,-70],[-64,-72],[-12,-15],[-426,150],[-303,90],[-110,47],[-220,38],[-156,-21],[71,-44],[33,-171],[-242,-17],[-76,3],[-22,117],[-62,-7],[-118,-144],[-86,-43],[-111,-32],[-26,113],[-112,-41],[-114,-7],[-31,253],[70,-34],[58,-11],[-185,388],[-161,-62],[-30,24],[50,57],[-14,6],[-75,-15],[-26,-18]],[[69024,40367],[-39,71],[52,25],[44,51],[42,23],[141,37],[35,134],[-32,2],[-41,-8],[-10,0],[-41,-3],[-68,3],[-41,17],[-16,11],[-14,9],[-12,18],[-12,18],[-15,39],[-36,37],[-43,33],[-32,15],[-66,17],[-83,13],[-39,8],[-9,4],[-20,10],[-22,21],[-9,18],[-16,33],[-5,17],[2,34],[14,46],[7,43],[16,30],[25,27],[19,28],[8,29],[4,56],[2,49],[7,41],[11,30],[29,27],[31,20],[28,32],[19,37],[20,34],[40,62],[103,-31],[107,-4],[209,67],[240,-21],[173,-254],[95,47],[23,11],[130,32],[308,-6],[108,25],[81,70],[18,180]],[[69024,40367],[-56,-72],[-27,-22],[-56,-21],[-67,-33],[-53,-33],[-40,-53],[-50,-29],[-9,-60],[19,-34],[47,-23],[75,-171],[81,-95],[98,-193],[71,-60],[-38,-29],[21,-69],[-101,-47]],[[68939,39323],[-123,88],[-102,11],[-311,140],[-243,153],[-130,209],[-13,346],[181,106],[-232,159],[-107,-35],[-154,39],[-15,97],[-227,18],[-213,-24],[-72,98],[-122,164],[-48,70],[19,10],[45,58],[-10,37],[14,34],[14,39],[11,35],[15,31],[16,24],[16,27],[33,47],[16,32],[8,43],[2,42],[-2,20],[-94,64],[-180,22],[-133,167],[-102,27],[-144,-35],[-103,41],[-81,154],[-101,7],[-62,67],[-115,-84],[-31,76],[-81,-9],[-153,11],[-11,37],[-164,12],[24,105],[-82,12],[3,112],[-51,2],[-61,-9],[-93,135],[-94,109],[43,147],[-116,62],[-21,-71],[-77,79],[-144,-93],[23,-36],[-152,-59],[-83,93],[15,99],[38,130],[63,86],[-22,60],[-17,45],[-1,29],[17,34],[16,33],[20,39],[8,51],[17,94],[-118,1],[-75,-5],[-43,3],[-34,77],[-190,51],[-56,26],[-146,140],[-92,-61],[-55,47],[-39,18],[-37,4],[-398,-7],[20,130],[118,154],[76,130],[67,66],[53,88],[80,81],[81,21],[-13,212],[115,106],[-8,27],[-41,71],[-113,15],[195,147],[214,162],[84,74],[24,21],[9,99],[8,83],[11,119],[9,106],[-52,135],[-16,42],[73,31],[-160,79],[-87,95],[-98,3],[-110,2],[-22,-7],[-109,-37],[-372,-184],[-60,55],[-8,81],[-103,-20],[-63,40],[-63,51],[-59,11],[-54,23],[-94,43],[-141,46],[-137,49],[-116,-127],[-290,244],[-74,158],[22,282],[-76,32],[-8,14],[-146,293],[-35,16],[-46,19],[-5,78],[-366,311],[10,115],[-278,206],[-141,-1]],[[61345,47670],[39,30],[40,32],[21,18],[10,9],[29,41],[30,43],[26,39],[16,23],[23,19],[39,26],[49,27],[49,26],[42,20],[54,36],[30,39],[38,38],[54,36],[93,43],[92,30],[58,16],[49,21],[59,38],[85,44],[76,27],[59,24],[66,28],[48,17],[85,30],[100,37],[35,19],[31,16],[51,35],[35,34],[24,35],[40,34],[62,43],[49,35],[56,36],[47,37],[12,18],[11,14],[22,40],[29,47],[24,26],[12,12],[31,9],[42,-1],[54,-10],[69,-16],[77,-17],[36,-4],[21,-8],[22,-18],[41,-38],[84,-25],[67,-19],[38,-18],[35,-17],[58,-20],[56,-19],[64,-24],[32,-26],[41,-47]],[[64212,48690],[70,-24],[39,-7],[13,-12],[44,-44],[36,-57],[40,-57],[26,-18],[144,-27],[33,-1],[37,-25],[116,16],[164,57],[77,83],[83,60],[70,29],[70,15],[78,47],[161,97],[42,-55],[20,-27],[135,31],[83,47],[56,8],[119,-8],[132,-22],[279,24],[212,17],[138,10],[244,5],[141,-13],[132,-17],[174,-23],[-37,-81],[86,1],[-1,-95],[-6,-38],[325,-121],[127,11],[30,-34],[-491,-210],[2,-82],[52,-78],[352,-73],[182,21],[44,7],[32,27],[113,-30],[25,-75],[272,83],[161,38],[241,27],[327,72],[54,-203],[7,-162],[-272,-40],[-234,-122],[60,-38],[35,35],[56,-32],[-3,-67],[117,13],[72,8],[54,-22],[35,-24],[31,-30],[41,-107],[26,-50],[41,-54],[13,-44],[303,-214],[199,-127],[146,56],[83,-22],[101,-32],[74,-16],[47,-24],[32,-44],[204,-141],[383,-129],[275,-63],[15,-106],[102,-49],[46,-227],[-27,-65],[34,-142],[103,-36],[283,93],[389,-158],[175,-143]],[[54386,39536],[-5,41],[-16,120],[-73,40],[-94,51],[-36,19],[130,31],[60,14],[-3,41],[-4,50],[-3,40],[15,17],[41,49],[57,66],[20,173],[126,172],[224,36],[132,44],[130,129],[225,99],[47,-53],[120,279],[35,128],[-21,15],[-38,25],[47,31],[48,30],[14,289],[-103,94],[-176,75],[60,175],[-76,30],[-92,-79],[-55,-7],[-69,30],[-63,28],[-91,84],[-109,100],[-131,93],[-140,50],[-51,-2],[-37,-8],[-40,-6],[12,131],[-58,42],[-61,16],[-75,12],[-31,57],[-17,34],[-32,-12],[-54,-20],[-134,99],[-15,47],[-23,82],[-121,142],[198,85],[-30,47],[-19,49],[-38,63],[-35,47],[-57,32],[-135,80],[-60,40],[-30,33],[3,33],[10,35],[21,30],[26,44],[11,52],[-9,32],[-35,55],[-14,51],[-5,38],[-14,56],[-36,50],[-13,15],[-39,42],[-19,47],[-17,39],[-46,69],[-19,59],[23,24],[55,35],[34,20],[32,26],[30,43],[2,19],[0,10],[-20,29],[-36,15],[-55,19],[-36,13],[-22,1],[-52,5],[-18,16],[-10,58],[13,29],[25,12],[23,23],[3,26],[-20,15],[-68,19],[-24,15],[-29,67],[-14,29],[0,20],[16,11],[19,-5],[72,-30],[60,-36],[34,-5],[61,15],[41,10],[48,12],[42,16],[41,21],[26,23],[-1,23],[-28,16],[-40,3],[-73,-7],[-42,5],[-25,16],[-39,50],[-10,47],[11,22],[29,16],[41,-1],[60,-3],[48,-5],[48,5],[19,24],[-5,24],[-16,17],[-23,14],[59,112]],[[53690,45020],[237,122],[95,-7],[227,-15],[61,-195],[201,-106],[195,-37],[104,-28],[-131,-79],[6,-47],[5,-2],[54,-14],[-76,-96],[-88,-26],[-15,-5],[-1,-47],[74,-79],[122,-129],[316,238],[321,203],[197,116],[125,69],[172,86],[2,15],[6,60],[37,59],[147,84],[119,53],[60,64],[8,9],[153,70],[176,199],[26,-22],[44,-16],[42,2],[30,3],[49,6],[24,-4],[21,-8],[17,-7],[29,-23],[40,-40],[42,-58],[114,55],[64,-45],[52,-35],[69,-20],[58,-8],[56,-52],[66,-102],[38,45],[33,35],[53,25],[52,-33],[56,-35],[57,23],[62,35],[32,28],[38,41],[49,39],[55,17],[44,28],[17,27],[7,31],[19,41],[29,32],[50,23],[52,9],[41,28],[23,24],[29,35],[29,32],[35,23],[41,30],[50,39],[28,41],[14,31],[8,18],[32,39],[52,52],[55,52],[65,40],[62,33],[62,38],[46,28],[4,3],[71,54],[111,159],[124,121],[43,79],[66,49],[86,37],[102,30],[108,55]],[[59572,46762],[72,42],[41,32],[8,10]],[[59693,46846],[87,-392],[40,-33],[47,-39],[-1,-118],[-239,-190],[-65,-210],[-73,-93],[-11,-153],[-2,-61],[-23,-102],[-19,-90],[12,-50],[24,-94],[6,-138],[-69,-259],[-14,-56],[-80,-13],[-5,-203],[9,-59],[27,-111],[66,-155],[54,-61],[174,-185],[-179,-88],[21,-71],[0,-94],[0,-208],[78,-413],[119,-355],[78,-64],[-71,-56],[104,-75],[-23,-29],[5,-47],[-67,-16],[-235,86],[-11,-59],[-32,-108],[-102,42],[-41,10],[-20,-40],[-100,-186],[3,-147],[29,-61],[11,-39],[-35,-140],[2,-94],[-50,-58],[-42,-50],[-14,-47],[-22,-78],[-129,-50],[-32,-24],[-379,-282],[-28,-22],[16,-15],[14,-51],[10,-46],[15,-36],[23,-21],[40,-25],[34,-16],[30,-14],[30,-16],[30,-35],[56,-51],[42,-36],[44,-27],[30,-20],[43,-13],[41,-10],[43,-9],[36,18],[6,2],[40,7],[17,-16],[107,-145],[10,-22],[55,-232],[5,-24],[-4,-33],[-26,-68],[-46,-15],[-48,-98],[-29,-59],[124,-114],[100,-7],[177,-13],[182,-14],[95,-7],[158,-85],[52,-22],[301,-182],[7,-46],[3,-21],[50,-77],[77,22],[17,-32],[120,76],[50,-49],[-6,-51],[-88,-89],[-10,-88],[-19,-155],[-30,-30],[-15,-16],[-65,17],[-84,-133],[-46,21],[-289,-241],[-87,-86],[-136,-59],[-54,-32],[-153,-138],[-24,-58],[35,-42],[23,-23],[3,-52],[-9,-13],[-37,-54],[3,-42],[50,-26],[-188,-202]],[[59427,37829],[-239,-200],[-119,-68],[-30,-17],[-173,-37]],[[58866,37507],[-208,11],[-139,7],[-92,2],[-46,64],[-129,24],[-96,-93],[-337,-138],[-167,-68],[-91,-58],[7,111],[-31,103],[-40,47],[-39,75],[-52,98],[-20,95],[324,151],[66,52],[-73,101],[-106,-50],[-46,56],[86,62],[-89,98],[-15,16],[-130,292],[-84,130],[-114,138],[-18,106],[-80,100],[-153,86],[-179,100],[-160,-87],[-56,15],[-56,163],[-82,241],[-224,-50],[-72,-93],[-81,-21],[-60,-16],[-108,-98],[-67,-60],[-118,-107],[-28,-24],[-81,-34],[-72,-71],[-44,-49],[-31,-34],[-76,63],[-77,47],[-228,164]],[[68939,39323],[-151,-103],[-42,-52],[-47,-37],[-91,-70],[-32,-29],[-63,-59],[-19,-24],[-54,16],[-58,14],[-37,-114],[-17,-39],[-28,-39],[-82,-60],[-146,-88],[-142,-72],[-27,-52],[-97,-65],[-87,-74],[-190,-135],[-30,31],[-34,33],[-183,-136],[92,-25],[-120,-146],[17,-68],[-61,-91],[55,-97],[108,-79],[62,-54],[-40,-110],[86,11],[21,-62],[70,-202],[28,-81],[47,9],[86,-184],[-99,-49],[-64,-68],[-64,-80],[-12,-65],[-34,-39],[-68,-62],[-59,-117],[-14,-16],[-39,-43],[-40,-44],[-40,-47],[-50,-54],[-55,-37],[-22,-104],[107,-159],[-19,-33],[41,-46],[-22,-83],[-10,-80],[-27,-77],[-74,-76],[-116,-88],[-167,-86],[-36,-28],[-27,-39],[-36,-104],[-13,-134],[-54,-127],[-247,-21],[-148,-12],[35,-55],[142,-199]],[[66402,34718],[-66,-47],[-190,-32],[-148,-78],[-50,-80],[-20,-12],[-132,-106],[-105,-74],[-168,-84],[-38,-9],[-116,-84],[-50,-36],[-70,16],[-64,-5],[-187,-15],[-145,-96],[-63,-55],[-41,-42],[-21,12],[-47,22],[-58,12],[-61,8],[-26,7],[-18,5],[-55,25],[-29,41],[-19,29],[-17,26],[-6,48],[-9,44],[-21,40],[-1,4],[-16,37],[-28,25],[-10,34],[-19,65],[71,1],[121,89],[37,27],[23,51],[16,37],[11,23],[-87,32],[-25,151],[16,68],[12,46],[53,43],[183,90],[205,49],[-50,18],[-27,251],[8,39],[74,37],[40,21],[49,43],[30,27],[48,-2],[106,-3],[-4,16],[-4,11],[-14,48],[-23,11],[-83,42],[-281,155],[-19,56],[42,94],[-41,23],[-48,26],[49,60],[35,42],[-33,22],[-55,37],[58,25],[22,10],[-19,40],[-46,98],[52,2],[104,5],[81,-23],[55,53],[9,30],[6,21],[115,-7],[1,111],[-94,1],[-57,43],[-192,180],[-22,24],[-25,25],[-71,86],[-64,160],[-11,36],[-1,28],[-55,87],[-36,24],[-35,-1],[-134,-105],[-69,-43],[-140,-196],[-65,-78],[-121,-151],[-34,-101],[-68,-65],[-124,-47],[-53,-19],[-135,-46],[-38,-13],[-140,-8],[-93,20],[-206,-21],[-189,106],[-246,-63],[-176,-45],[-67,-13],[-169,-103],[-155,-112],[-168,73],[-105,109],[15,15],[26,24],[-122,43],[-186,-55],[-54,28],[4,35],[2,19],[-83,38],[-261,121],[-170,-39],[-289,-90],[-60,-6],[-108,28],[-39,51],[-52,71],[-70,64],[-130,70],[-102,23],[5,36],[-131,1],[-85,0],[-30,123],[14,17],[129,147],[-180,-24],[-73,36],[1,108],[-12,60],[-54,-19],[-21,32],[-10,14],[-10,-6],[-38,-23],[-35,-2],[-21,27],[5,40],[66,153],[-49,91],[-140,37],[101,239],[-102,-33],[-27,54]],[[59693,46846],[36,109],[1,42],[14,29],[53,24],[45,-28],[57,-14],[4,-1],[58,-3],[74,5],[51,13],[53,11],[56,9],[70,6],[48,-3],[57,0],[43,11],[47,22],[35,17],[48,3],[66,4],[62,9],[55,11],[33,15],[23,10],[44,25],[38,17],[30,14],[51,26],[4,3],[54,42],[48,56],[40,55],[15,21],[32,44],[29,49],[69,84],[33,39],[20,35],[16,11],[20,-2],[20,4]],[[64212,48690],[8,110],[130,152],[171,150],[105,91],[57,67],[1,51],[-17,51],[-39,56],[-124,122],[-8,78],[21,253],[19,79],[104,-7],[29,50],[22,41],[52,46],[67,52],[33,27],[36,19],[29,15],[24,22],[13,13],[25,15],[-46,116],[-36,78],[-7,104],[10,86],[-68,43],[65,77],[125,49],[6,4],[150,115],[178,153],[82,28],[90,47],[116,12],[50,21],[378,62],[145,-2],[167,46],[185,-7],[-13,40],[-4,14],[-42,51],[-48,47],[-43,29],[-13,6],[-23,53],[-26,44],[-54,56],[-59,41],[-72,75],[-24,12],[-43,11],[-37,8],[-33,24],[-13,37],[-14,42],[-8,35],[-11,30],[-12,24],[-28,26],[-31,20],[-44,21],[-40,14],[-44,17],[-28,17],[-28,29],[-31,11],[34,59],[4,41],[3,38],[-7,24],[-4,33],[-1,27],[1,5],[7,21],[85,-17],[196,7],[122,-28],[132,-25],[160,-30],[34,18],[27,15],[21,-15],[58,-40],[50,-57],[155,-11],[179,-12],[49,-3],[70,-6],[96,29],[49,-10],[98,-20],[30,10],[55,19],[42,-6],[42,-6],[17,20],[22,25],[14,46],[174,-22]],[[67708,52238],[62,37],[130,20],[108,-50],[71,-34],[75,-1],[33,0],[40,-27],[43,-29],[105,-41],[35,0],[136,-3],[69,-28],[33,-31],[52,-50],[11,-36],[27,-31],[-2,-50],[97,-120],[-15,-38],[10,-24],[35,-15],[107,17],[86,15],[25,4],[7,-42],[16,-93],[89,-153],[18,-37],[-1,-44],[-19,-53],[-17,-26],[126,-263],[31,-62],[273,-197],[58,-15],[116,-31],[189,-49],[373,-211],[221,-200],[50,1],[150,3],[89,-56],[127,-29],[199,-44],[13,-34],[2,-41],[21,-43],[25,-16],[39,-18],[20,-12],[48,-256],[-125,-9],[-405,-9],[-173,-8],[6,-315],[-11,-48],[104,-7],[-99,-70],[-130,-67],[191,-53],[97,-62],[26,-40],[77,1],[-4,-66],[60,-21],[85,16],[68,27],[108,57],[53,26],[82,50],[132,49],[136,44],[180,39],[174,34],[92,28],[90,27],[62,55],[78,37],[75,-7],[175,-60],[94,8],[110,-10],[96,-21],[-6,-71],[167,-87],[142,45],[99,1],[-37,-43],[-25,-27],[91,-59],[33,-65],[169,-8],[146,69],[183,-103],[206,-72],[57,-42],[142,-96],[321,15]],[[74557,48247],[9,-10],[33,-26],[41,-41],[17,-39],[7,-41],[23,-36],[27,-34],[25,-30],[34,-19],[42,-19],[84,-32],[66,-26],[38,-13],[30,-16],[21,-22],[8,-21],[0,-30],[-6,-24],[-26,-33],[-46,-52],[-40,-59],[-6,-30],[1,-29],[11,-34],[20,-32],[31,-26],[30,-17],[26,-6],[33,-5],[46,-9],[20,-19],[20,-24],[12,-18],[1,-25],[-2,-28],[-1,-30],[2,-30],[7,-40],[3,-39],[12,-46],[7,-41],[20,-44],[22,-42],[19,-33],[16,-30],[16,-42],[10,-57],[7,-54],[3,-63],[2,-45],[11,-53],[27,-63],[16,-24],[19,-29],[20,-20],[24,-36],[9,-36],[3,-42],[-8,-19],[-12,-24],[-21,-18]],[[54809,34555],[20,-6],[24,-16],[4,-30],[-13,-29],[-17,-31],[-11,-44],[7,-48],[18,-31],[41,-21],[38,-5],[63,-18],[48,-17],[33,-26],[28,-26],[23,-35],[18,-43],[25,-22]],[[55158,34107],[18,-40],[-9,-30],[-22,-30],[-10,-27],[0,-33],[10,-43],[18,-39],[20,-33],[38,-30],[36,-24],[38,-42],[21,-40],[-3,-32],[-18,-20],[-41,-12],[-45,-11],[-42,-17],[-11,-21],[13,-24],[24,-18],[38,-26],[34,-34],[13,-36],[3,-33],[15,-38],[16,-44],[16,-41],[7,-41],[5,-43],[5,-44],[-1,-33],[0,-50],[20,-26],[67,-27],[46,-30],[36,-24],[27,-13],[53,-12],[45,-8],[58,-4],[33,-11],[30,-24],[12,-39],[14,-27],[-61,8],[-36,-6],[-36,-15],[-27,-15],[-17,-16],[-11,-17],[-1,-14],[-5,-25],[-6,-28],[-21,-21],[-28,-20],[-22,-16],[-17,-29],[-12,-35],[-15,-34],[-10,-25],[1,-24],[-10,-22],[-24,-40],[74,-97],[-31,-81],[-22,-106],[24,-107],[32,-35],[43,-42],[-2,-23],[-30,-25],[-20,-18],[-45,-61],[-47,-89],[-128,-79],[-122,-20],[-47,22],[-110,3],[-45,-1],[-79,-3],[-69,36],[-34,19],[-13,52],[-84,-24],[35,-78],[87,-6],[-2,-47],[-82,-9],[-112,-79],[-50,53],[-67,19],[-92,8],[-31,40],[-49,-23],[-30,-13],[-70,-19],[-88,29],[87,89],[-27,43],[-99,-53],[-16,80],[-96,-20],[-13,23],[-17,27],[-82,-24],[-164,-30],[-52,8],[-117,43],[-22,6],[15,25],[24,41],[-116,-4],[-47,-3],[-84,40],[-38,27],[-156,128],[-42,-23],[51,-56],[-56,-13],[14,-81],[-6,-39],[-54,-1],[-81,-73],[-42,56],[-76,15],[-136,136],[-103,-68],[-152,-71],[-218,-13],[-13,-7],[-49,-56],[-96,-167],[-65,-83],[-72,-59],[-56,-14],[-70,-18],[-31,-17],[-57,-32],[-18,-32],[97,-60],[117,-71],[1,-66],[-259,19],[-104,-33],[6,-88],[-43,-69],[-63,17],[-91,-10],[-29,-14],[-32,-17],[-24,-114],[-57,-64],[-6,-93],[-112,1],[-73,-36],[-7,-7],[-18,-43],[-1,-34],[41,-1],[1,-78],[56,-20],[-16,-100],[-73,-85],[-84,-50],[-17,51],[-175,24],[-47,6],[15,-55],[18,-69],[-205,83],[-92,-107],[-31,-29],[42,-98],[189,-196],[-12,-31],[-60,-34],[-66,-4],[-64,36],[-8,4],[-36,23],[-35,-2],[-31,-2],[-68,0],[-70,24],[-71,1],[-86,1],[-71,-19],[-39,-29],[37,-34],[-36,-91],[-155,108],[-43,-40],[-27,-24],[-59,-41],[-149,-31],[-173,-22],[-76,4],[-176,-14],[-118,-38],[-80,-22],[-119,-15],[-36,-55],[-76,-53]],[[48594,29459],[-79,50],[-50,125],[0,28],[-10,108],[40,16],[-9,196],[29,49],[5,33],[-10,25],[-64,61],[-85,-1],[-76,-1],[-73,83],[71,57],[-61,156],[-70,64],[-95,64],[-56,66],[-13,86],[4,53],[25,64],[58,70],[58,65],[25,56],[19,54],[26,68],[30,52],[30,48],[-66,5],[-76,6],[-71,-7],[-94,-50],[-44,-44],[-4,-15],[-52,-177],[-58,-69],[-11,-5],[-149,-85],[-30,-44],[-18,-26],[-50,8],[-78,12],[-170,-11],[-135,-15],[-59,-33],[6,-73],[41,-38],[-45,-104],[-120,-19],[-88,-31],[-62,-22],[-120,25],[-134,-124],[-162,-38],[-92,10],[-134,15],[-108,12],[-127,14],[-34,27],[-105,82],[-11,9],[26,30],[71,119],[29,83],[52,86],[-73,53],[-62,41],[-33,42]],[[45813,30903],[129,100],[103,90],[-119,156],[-166,209],[-304,381],[426,-12],[6,-54],[176,76],[234,149],[206,17],[262,121],[40,57],[57,35],[35,3],[84,9],[92,119],[-135,-34],[-24,13],[-78,42],[-115,-2],[-84,46],[105,102],[15,102],[-160,205],[-14,-37],[-14,-35],[-22,-2],[-24,-3],[-35,28],[-1,55],[61,68],[61,76],[30,49],[-39,62],[54,28],[-73,106],[-15,6],[-65,44],[-24,44],[11,64],[26,42],[33,30],[42,25],[46,27],[30,12],[30,5],[5,-1],[35,-3],[27,-2],[61,-4],[59,8],[6,4],[21,15],[162,-13],[80,-4],[110,-8],[36,80],[24,53],[90,-22],[40,7],[131,23],[97,34],[34,13],[79,71],[-48,28],[-159,94],[140,106],[58,43],[104,78],[0,102],[-43,14],[-67,20],[18,43],[14,32],[96,221],[34,17],[21,1],[8,-1],[17,-1],[42,1],[29,8],[22,16],[144,46],[109,-66],[86,-52],[27,34],[-88,98],[-305,187],[101,150],[10,-4],[39,-1],[32,6],[47,23],[15,7],[40,33],[31,33],[27,36],[27,41],[12,35],[-3,70],[-25,49],[-32,56],[-12,56],[5,24],[5,30],[32,62],[28,45],[38,24],[41,12],[36,-5],[25,-20],[16,-15],[21,-22],[8,-8],[65,-55],[22,-17],[41,-29],[48,-15],[44,-1],[35,12],[30,41],[37,61],[29,68],[2,120],[-7,53],[-16,48],[-15,27],[-11,19],[-6,11],[-13,27],[-3,30],[9,29],[14,27],[22,25],[32,26],[7,5],[33,20],[43,26],[42,29]],[[45813,30903],[-162,20],[-259,-20],[-130,35],[-56,-54],[-103,-4],[-111,21],[-81,-73],[-51,16],[-2,147],[-15,42],[-58,23],[-45,10],[-34,21],[-55,95],[-75,33],[-207,93],[-81,-3],[-50,72],[-48,69],[73,5],[31,163],[62,174],[-4,160],[-53,64],[-212,-97],[-133,-5],[-164,76],[-250,211],[-49,26],[-57,14],[-53,10],[-34,1],[-66,-2],[-58,-8],[-36,-12],[-40,-17],[-17,-19],[-43,-80],[-24,-53],[-22,-25],[-32,-32],[-47,-27],[-68,-31],[-58,-18],[-113,-31],[-66,-14],[-62,-11],[-59,-9],[-65,-7],[-216,-14],[-264,18],[-169,86],[-98,-27],[-74,74],[-49,-8],[-41,16],[-137,13],[-9,108],[-47,55],[-7,110],[-55,59],[-76,5],[-18,-45],[38,-119],[-62,14],[-78,-1],[-66,33],[-113,12],[-49,-66],[-118,-145],[-55,9],[-34,84],[5,50],[-138,51],[44,89],[-68,80],[-138,240],[-6,38],[-93,73],[-52,54],[-37,39],[-100,99],[-29,37],[-163,290],[-166,149],[-61,54],[-157,136],[-128,52],[-163,27],[-64,5],[-377,136],[-442,178],[-124,56]],[[38217,34056],[169,154],[60,70],[353,181],[43,54],[81,50],[52,40],[49,64],[65,55],[80,100],[51,248],[-114,215],[-64,121],[-31,42],[-75,139],[-48,94],[82,58],[100,19],[182,7],[17,29],[-53,53],[76,65],[34,30],[315,-43],[126,52],[-152,195],[-490,282],[-226,149]],[[38899,36579],[64,74],[64,75],[173,215],[154,157],[112,97],[86,63],[246,180],[219,179],[28,29]],[[40045,37648],[50,-32],[-42,-57],[29,-17],[62,-44],[43,-21],[55,54],[26,-6],[32,-3],[56,1],[30,4],[27,9],[35,10],[36,-3],[49,-14],[30,-14],[34,-32],[16,-23],[14,-9],[35,6],[32,12],[81,42],[23,8],[51,0],[58,-9],[58,-4],[56,1],[21,8],[23,31],[56,80],[27,40],[52,34],[84,-105],[48,-8],[92,-23],[17,-34],[-36,-82],[-67,9],[-85,-97],[-16,-30],[-25,-29],[-41,-49],[-54,-52],[-60,-54],[-68,-35],[-90,-30],[-81,-23],[-19,-55],[113,-4],[149,-61],[318,-26],[246,53],[-42,179],[168,206],[116,196],[195,207],[61,63],[91,45],[53,33],[67,41],[23,43],[11,21],[145,237],[95,64],[264,142],[300,117],[155,31],[134,-17],[170,0],[322,97],[225,122],[108,192],[225,208],[133,36],[139,-1],[216,75],[446,254],[271,72],[112,126],[39,-183],[70,-53],[116,-68],[60,-70],[121,-295],[129,-50],[96,-48],[55,-56],[65,-36],[111,-16],[79,-49],[78,-58],[46,-3],[64,12],[56,8],[14,-29],[13,-27],[69,-8],[42,-14],[18,-14],[27,-45],[42,-70],[38,-76],[23,-59],[16,-56],[2,-41],[3,-57],[-18,-63],[-1,-35],[17,-39],[24,-17],[31,-12],[47,-9],[74,-10],[81,-11],[33,-8],[34,-30],[59,-39],[14,-10],[26,-15],[18,-11],[39,-29],[38,-25],[40,-26],[35,-18],[40,-16],[38,-12],[37,-9],[32,-10],[40,-13],[47,-23],[66,-26],[29,-15],[23,-6],[54,-11],[15,-2],[23,-3],[11,-1],[56,-16]],[[58866,37507],[87,-90],[35,-30],[-38,-39],[-152,-176],[-22,-25],[-60,-121],[1,-81],[80,-100],[7,-23],[32,-99],[13,-50],[-11,-58],[-10,-65],[-29,-59],[0,-29],[15,-61],[122,-100],[78,-65],[-188,-141],[4,-47],[-156,-11],[-12,-15],[-35,-24],[-50,-23],[-139,-27],[-124,-23],[-19,39],[-25,48],[-83,-24],[-33,-2],[-54,9],[-91,18],[-38,2],[-75,-4],[-52,-8],[-66,-17],[-59,-26],[-36,-16],[-49,-10],[-57,0],[-39,7],[-79,21],[71,-113],[-142,32],[-70,10],[-147,18],[-6,48],[-8,52],[-71,3],[-66,-3],[-35,-49],[-4,-50],[-44,-3],[-80,-16],[-19,45],[-49,37],[-107,-36],[-74,-32],[-22,-17],[-35,-38],[-33,-50],[-61,-20],[-28,-53],[-442,77],[-153,-86],[-56,-35],[-50,-47],[-46,-30],[-49,-35],[-22,-20],[-1,-27],[20,-34],[37,-51],[15,-35],[5,-53],[-16,-36]],[[40045,37648],[26,35],[54,67],[82,81],[48,52],[34,41],[31,46],[31,35],[51,43],[56,44],[66,40],[62,34],[-35,39],[-32,33],[36,27],[22,25],[19,21],[53,49],[60,45],[58,43],[56,38],[56,32],[60,36],[57,34],[79,36],[51,61],[234,247],[50,38],[41,60],[25,99]],[[46498,43931],[233,186],[69,45],[362,212],[272,181],[560,337],[64,104],[-190,309],[-189,79],[-91,44],[-244,239],[-78,95],[-141,83],[-130,68],[-21,-86],[98,-86],[-126,-118],[-146,74],[-114,119],[84,43],[113,148],[-183,74],[-201,139],[89,55],[-141,136],[-111,71]],[[46336,46482],[132,73],[122,60],[219,123],[48,41],[11,6],[150,80],[45,46],[45,84],[157,-40],[125,-4],[119,-4],[40,-21],[116,-134],[106,30],[161,-27],[103,45],[-29,55],[128,59],[51,-1],[54,23],[152,66],[231,108],[149,66],[153,-256],[89,-149],[1,-132],[-109,-47],[-59,-25],[-30,-93],[-60,-183],[88,-23],[104,-36],[59,-36],[73,-23],[86,-4],[60,-4],[89,-43],[4,2],[225,202],[135,-46],[77,75],[77,-34],[113,22],[78,47],[32,52],[28,47],[103,75],[12,76],[144,66],[64,29],[13,24],[-86,37],[34,53],[24,49],[97,189],[62,81],[123,25],[188,37],[226,-93],[59,-152],[103,16],[311,49],[77,55],[27,-54],[94,70],[235,49],[-6,39],[71,-6],[-3,-61],[29,-6],[107,14],[64,-14],[170,-35],[190,-10],[9,34],[21,36],[23,19],[13,-107],[185,-65],[25,5],[86,15],[215,-14],[56,-81],[55,-77],[44,1],[158,7],[11,-40],[12,-45],[27,-97],[12,-18],[41,-61],[-176,-107],[123,-118],[86,-145],[19,-33],[-63,-51],[-112,-36],[-28,-84],[60,-6],[-50,-214],[-9,-57],[107,-85],[20,-105],[-68,-40],[-61,-36],[19,-14],[82,-63],[-10,-44],[21,-8],[13,-22],[2,-38],[-14,-51],[-19,-12],[-26,-7],[-39,-1],[-70,11],[-88,27],[-79,10],[-34,-6],[-38,-35],[8,-31],[17,-39],[58,-50],[40,-15],[35,5],[62,-3],[59,-7],[69,-3],[73,-45],[36,-57],[56,-8]],[[52806,62972],[251,-79],[-87,-116],[-16,-23],[-28,-27],[-41,-40],[-36,-37],[-32,-42],[-22,-40],[-21,-32],[-17,-35],[-4,-32],[-14,-57],[-6,-36],[-2,-10],[-20,-61],[-27,-56],[-31,-58],[-37,-79],[-36,-69],[-35,-59],[-38,-49],[-34,-39],[-24,-25],[-42,-27],[-47,-28],[-44,-24],[-49,-19],[-55,-20],[-13,-3],[-34,-11],[-43,-12],[-15,-5],[-36,-10],[-121,-33],[-35,-9],[-26,-6],[-35,-7],[-63,-11],[-62,-10],[-72,-10],[-81,-12],[-18,-2],[-20,-3],[-70,-10],[-33,-4],[39,-134],[442,60],[115,18],[-15,-60],[52,-125],[191,-49],[234,144],[40,-47],[117,-135],[24,-55],[-72,-42],[-169,-130],[26,-38],[88,54],[145,32],[64,-123],[71,-137],[59,-115],[23,-42],[42,-120],[39,-110]],[[52990,60441],[-123,-14],[-67,-52],[-144,-118],[5,-39],[-189,-168],[-74,-96],[-45,-65],[40,-63],[-145,-81],[-30,-92],[40,-86],[60,-7],[187,74],[59,-75],[-92,-61],[15,-43],[-52,-27],[31,-24],[137,-35],[45,-3],[26,-16],[4,-20],[-11,-27],[9,-33],[16,-53],[-5,-51],[5,-52],[50,-38],[-8,-7],[-55,-70],[-107,-51],[19,-30],[-136,-93],[-261,156],[-210,43],[-23,-35],[-15,-22],[-110,-69],[-123,1],[-28,-18],[-62,-117],[-126,-49],[-99,-13],[6,21],[-18,22],[-59,9],[-70,5],[-27,12],[-7,19],[5,33],[24,29],[-7,10],[-15,-1],[-27,-7],[-45,-30],[-98,-51],[-77,-23],[-25,0],[-32,-2],[-43,-25],[-26,-7],[-42,-26],[-19,-25],[-29,-24],[-52,0],[-24,4],[-12,10],[-4,20],[-12,30],[-22,24],[-22,8],[-29,5],[-28,21],[-3,21],[-7,29],[-37,40],[-11,25],[-17,18],[-26,11],[-52,18],[-93,88],[-21,33],[43,36],[-56,49],[-101,12],[-18,-43],[10,-47],[-97,-66],[-346,-192],[-159,-221],[-229,-198],[-53,-47]],[[49289,58329],[-16,11],[-22,8],[-59,14],[-40,14],[-73,-50],[-21,-16],[-20,-22],[-1,-24],[-3,-29],[-36,-37],[-48,-36],[-29,-14],[-17,-14],[-11,-31],[-6,-53],[-5,-24],[6,-25],[6,-9],[18,-7],[5,-11],[-7,-24],[-59,-43],[-87,-16],[-51,-21],[-5,-46],[-51,24],[-45,-91],[-711,-207],[-38,-165],[20,-54],[-55,-3],[-61,-8],[-182,-8],[-17,-36],[-19,-59],[-36,-28],[-58,-30],[-61,-46],[-67,-77],[-16,-68],[-58,-64],[38,-128],[-50,-20],[114,-82],[-18,-30],[-5,-28],[2,-25],[-5,-19],[-5,-28],[16,-36],[41,-44],[28,-31],[5,-25],[-13,-22],[-21,-10],[-26,-9],[-39,38],[-86,-20],[-146,21],[-184,-112],[-122,4],[-56,28],[-123,-50],[-31,30],[-22,21],[51,87],[-52,50],[-78,-101],[12,-55],[1,-38],[-51,-2],[-86,0],[-42,-33],[-66,-52],[40,-56],[-121,5],[-89,21],[-109,-36],[-7,-30],[106,-32],[-9,-19],[-106,2],[-45,-25],[18,-39],[-101,-37],[52,-114],[105,38],[14,-38],[-32,-51],[11,-64],[-38,-101],[-19,-52],[78,-20],[91,-58],[45,-28],[-33,-38],[-70,-79],[-21,-115],[-98,-94],[13,-44],[121,-4],[2,-46],[-140,-191],[56,-58],[-20,-36],[170,12],[53,44],[6,-126],[-58,-1],[-51,0],[-67,-7],[-53,-7],[-59,-15],[-51,-19],[-39,-4],[-32,8],[-58,20],[-70,28],[54,103],[83,115],[79,46],[85,107],[-319,93],[-41,69],[-181,171],[-176,-109],[-69,76],[-16,81],[-66,22],[-197,-55],[-111,19],[-73,-32],[-31,30],[-85,37],[-34,38],[-45,39],[-21,29],[10,51],[-86,56],[-99,27],[130,120],[30,115],[-3,43],[-143,2],[130,84],[-232,243],[-196,-44],[1,65],[-165,114],[-67,28],[-211,81],[-44,36],[-18,41],[-82,35],[35,63],[-154,80],[-59,122],[-69,143],[-77,21],[-208,114],[-85,107],[-132,42],[-46,-47],[-125,49],[-157,27],[-23,-82],[55,-17],[92,-29],[65,-23],[59,-22],[44,-25],[38,-26],[27,-29],[22,-40],[3,-48],[-5,-44],[-13,-60],[-10,-36],[-10,-36],[-183,37],[-49,-113],[-71,-20],[-163,-112],[-28,-22],[-52,48],[-83,78],[-84,-77],[-64,-11],[-194,89],[-80,-34],[-125,27],[-318,-10],[-41,-33]],[[41142,56704],[-207,170],[-153,125],[-46,89],[-113,94],[-61,0],[14,43],[-74,54],[-13,50],[-157,-66],[-95,12],[-9,-28],[-42,51],[-85,103],[-14,31],[-2,84],[-174,86],[80,34],[19,-24],[139,60],[13,5],[159,18],[29,38],[-138,47],[-39,13],[86,25],[-90,28],[49,61],[135,84],[116,73],[53,-1],[-20,-64],[123,72],[166,91],[269,65],[225,-26],[194,58],[-16,19],[-29,32],[-8,31],[-25,38],[-43,38],[-30,29],[8,19],[23,25],[4,32],[-4,41],[-2,33],[9,22],[20,23],[6,11],[8,14],[-1,8],[-2,13],[-1,5],[-19,19],[-34,4],[-49,4],[44,69],[43,36],[45,34],[10,25],[3,58],[-4,63],[-7,13],[-34,18],[-87,65],[-54,68],[-3,22],[-8,43],[-40,22],[-56,28],[-31,5],[-60,24],[-32,43],[-12,44],[12,28],[51,33],[24,16],[11,25],[-5,11],[-21,3],[-50,-6],[-45,20],[-51,10],[-22,25],[-5,36],[-22,19],[-19,27],[-7,29],[-1,24],[19,14],[39,-40],[48,-5],[40,34],[71,61],[201,233],[52,105],[8,46],[12,63],[-74,363],[-82,128],[41,65],[109,68],[-43,107],[118,87],[52,64],[18,21],[68,37],[127,71],[154,53],[116,110],[-8,40],[12,22],[4,17],[-11,10],[-28,3],[-58,-4],[-31,-17],[-39,-15],[-36,-2],[-60,0],[-25,9],[-29,93],[-14,40],[-52,72],[-64,53],[-46,64],[-47,59],[-56,42],[-42,24],[-25,41],[-18,49],[0,30],[22,32],[39,24],[35,15],[8,18],[-7,15],[-29,10],[-43,-5],[-41,-7],[-44,0],[-62,9]],[[41160,62125],[38,34],[-28,57],[15,78],[69,66],[39,125],[181,124],[102,13],[67,36],[23,-59],[244,8],[53,1],[325,-19],[47,-56],[36,-44],[46,-54],[45,-54],[58,-70],[14,-17],[164,0],[51,0],[63,-104],[69,14],[-5,-96],[252,-130],[-117,-76],[228,-43],[87,-34],[-14,-43],[35,-38],[96,33],[15,-58],[54,7],[32,-18],[102,-45],[38,-25],[119,-49],[47,-6],[22,-45],[-50,-40],[96,10],[-7,-106],[39,2],[14,168],[-4,27],[336,-27],[27,-76],[129,61],[120,-54],[87,9],[103,69],[42,-40],[82,16],[-12,111],[383,152],[-43,93],[-184,126],[148,18],[-39,22],[-10,88],[-82,139],[2,60],[108,15],[-112,200],[-42,144],[11,28],[-87,64],[90,24],[-88,41],[58,86],[-13,78],[118,-16],[124,65],[220,27],[-10,-43],[131,30],[169,115],[48,-64],[55,-97],[-49,-97],[54,-35],[13,-55],[50,12],[57,-77],[28,6],[47,-2],[20,-11],[42,-17],[41,-16],[20,-10],[-1,-13],[-13,-18],[-36,-9],[-18,-8],[-16,-15],[-6,-30],[20,-16],[40,-22],[59,-64],[10,-26],[-8,-18],[-16,-13],[-4,-14],[9,-24],[34,-24],[84,-26],[62,-9],[45,-24],[32,-15],[56,-7],[29,9],[23,27],[33,18],[39,1],[41,-11],[31,-29],[-104,-48],[-352,-113],[-117,-3],[-23,-86],[-46,-170],[-14,-62],[11,-122],[12,-134],[31,-61],[116,-49],[-17,-32],[45,-32],[114,7],[47,-32],[-24,-31],[101,-116],[-13,-77],[54,-48],[-48,-59],[63,-113],[112,43],[32,16],[78,-43],[186,29],[-9,26],[83,25],[91,-33],[7,-48],[68,33],[17,-46],[25,-4],[2,62],[-47,67],[3,94],[36,28],[105,-36],[-66,-35],[29,-120],[125,36],[30,-50],[45,22],[13,-34],[90,-44],[-9,164],[103,123],[87,31],[42,-16],[-97,-170],[117,-140],[61,14],[4,99],[30,74],[54,64],[71,63],[22,-29],[-34,-28],[99,-59],[-17,-26],[100,-9],[60,-28],[56,23],[132,218],[-86,16],[-26,-10],[-22,19],[92,59],[13,-21],[67,28],[-4,75],[-39,45],[57,49],[63,8],[-32,38],[162,52],[10,-25],[72,14],[31,122],[-173,33],[-61,-32],[-38,35],[116,69],[-32,56],[80,25],[8,-19],[13,-15],[16,-16],[13,-11],[25,-12],[22,-3],[34,-1],[17,-2],[28,-8],[3,24],[12,88],[88,55],[-36,76],[41,49],[-54,67],[25,61],[120,128],[144,45],[105,33]],[[49327,62550],[196,54],[27,63],[-29,28],[-23,22],[100,53],[16,-25],[63,-95],[100,-33],[248,-199],[78,-49],[56,10],[133,17],[97,-15],[73,-14],[56,-7],[119,102],[3,-113],[146,112],[35,-38],[190,45],[129,-104],[166,10],[61,71],[96,23],[103,-67],[85,-108],[19,46],[10,97],[47,14],[-12,15],[-1,17],[1,13],[-5,17],[-10,15],[-21,12],[-25,9],[-15,6],[-22,-1],[-28,-1],[-24,1],[-23,9],[-15,14],[-1,16],[-1,17],[14,7],[15,-2],[16,-8],[13,-2],[24,-4],[24,1],[24,4],[20,9],[16,12],[19,14],[11,12],[1,20],[-8,16],[-13,15],[-9,17],[-17,4],[-13,-6],[-11,-7],[-6,50],[9,35],[106,155],[51,75],[49,17],[54,71],[20,39],[84,61],[112,65],[85,64],[52,-49],[99,48],[-107,-141],[108,-56],[-40,-64],[407,-184],[72,75]],[[41160,62125],[-50,30],[-55,22],[-22,19],[-12,34],[-21,33],[-15,6],[-17,-1],[-18,-9],[-15,-4],[-10,10],[0,10],[22,16],[17,11],[-1,17],[-20,41],[-38,62],[-26,10],[-25,2],[-25,-1],[-31,2],[-125,16],[-6,17],[6,27],[19,30],[1,37],[-27,38],[-61,36],[-65,34],[-72,30],[-72,31],[-20,-2],[-23,-12],[-18,-26],[1,-20],[-6,-21],[-19,-10],[-36,6],[-68,25],[-26,29],[-76,10],[-34,-4],[-34,-4],[-10,-1],[-63,-15],[-66,-33],[-60,-34],[-49,-33],[-14,-14],[-66,0],[-117,0],[-74,32],[-29,46],[9,83],[-59,200],[-129,145],[76,78],[-8,115],[-127,111],[-30,79],[-62,93],[25,189],[-45,29],[-184,33],[-54,57],[14,106],[168,161],[35,85],[-56,72],[-102,109]],[[38960,64395],[90,3],[362,81],[-110,59],[-43,63],[-32,73],[40,104],[43,27],[145,74],[19,42],[22,61],[-7,24],[-35,55],[116,114],[41,156],[11,41],[122,61],[-7,79],[-91,43],[-4,43],[56,70],[52,164],[57,81],[8,73],[96,94],[78,240],[-7,134],[-62,11]],[[39920,66465],[61,28],[51,34],[15,-17],[32,-36],[31,-81],[7,-20],[32,-19],[34,-21],[83,107],[52,-19],[57,-18],[-29,-62],[-89,-82],[-40,-37],[64,-149],[-14,-79],[123,81],[176,56],[20,-64],[102,-24],[-7,60],[76,-22],[190,37],[104,-73],[113,53],[89,41],[113,5],[94,-53],[248,-78],[64,-20],[27,-20],[95,59],[37,62],[139,38],[109,158],[14,50],[69,-21],[3,0],[-4,-36],[-24,-59],[2,-44],[40,-26],[-55,-15],[-42,-39],[-82,-136],[-29,-82],[11,-81],[29,-61],[34,-35],[35,-58],[27,-25],[40,-7],[115,77],[51,34],[44,98],[99,-42],[73,-31],[1,-33],[36,-29],[120,28],[69,47],[37,25],[102,38],[83,52],[28,-35],[53,26],[117,77],[-15,30],[154,89],[-81,99],[0,48],[-47,53],[104,-34],[73,54],[134,41],[25,63],[45,-37],[196,174],[119,-73],[42,-44],[80,-2],[141,136],[59,-12],[117,-182],[-55,-106],[73,-54],[87,75],[61,22],[79,49],[99,95],[53,19],[5,-36],[20,-22],[19,-6],[-49,-105],[88,-94],[22,-196],[5,-47],[-77,-53],[-37,-25],[-45,-116],[21,-26],[52,-64],[69,34],[33,-38],[36,-40],[49,-58],[11,12],[94,60],[161,43],[74,-77],[140,-40],[38,-131],[49,-8],[58,34],[208,-32],[49,-54],[46,-7],[64,30],[134,109],[30,-4],[53,7],[53,-2],[51,-20],[41,-5],[33,1],[29,12],[42,33],[31,35],[45,32],[35,22],[49,26],[23,1],[28,-23],[63,-82],[29,-16],[62,-13],[71,-11],[37,-22]],[[46960,65468],[43,-20],[70,3],[47,12],[38,25],[44,28],[58,8],[57,2],[3,-104],[-145,-100],[17,-93],[-34,-52],[38,-61],[20,16],[70,66],[80,34],[49,2],[147,7],[71,-31],[162,-13],[52,-71],[31,-16],[89,-45],[98,14],[34,-15],[69,-13],[56,-4],[48,6],[15,1],[50,14],[25,-3],[17,-11],[4,-21],[5,-16],[9,-7],[30,5],[36,0],[19,-7],[4,-13],[-9,-13],[-16,-6],[-4,-2],[-20,-2],[-28,-1],[-24,-10],[-17,-9],[-10,-19],[5,-11],[5,-12],[23,-15],[27,-10],[17,-7],[17,-7],[29,-19],[22,-23],[27,-19],[31,-25],[28,-26],[30,-17],[39,-14],[29,-17],[11,-7],[15,-9],[14,-20],[19,-4],[16,11],[5,13],[-3,13],[2,15],[20,5],[28,-5],[21,-8],[12,-14],[3,-5],[7,-6],[18,-7],[34,1],[9,3],[22,6],[34,3],[31,4],[36,3],[22,-2],[17,-8],[3,-13],[-3,-19],[3,-21],[16,-10],[30,-9],[26,0],[28,-7],[17,-8],[6,-17],[-18,-14],[-17,-8],[-26,-1],[-19,1],[-12,1],[-40,3],[-28,-1],[-26,-2],[-23,-10],[-20,-12],[-7,-17],[13,-33],[14,-17],[29,-10],[28,1],[44,-5],[41,-22],[17,-15],[17,-11],[7,-2],[12,-1],[21,1],[17,0],[9,-8],[9,-14],[4,-17],[-6,-19],[-9,-16],[-15,-14],[-11,-14],[-3,-7],[-4,-8],[2,-23],[9,-37],[17,1],[28,7],[53,14],[53,-3],[52,-20],[19,-7],[17,-5],[11,-10],[4,-10],[-1,-10],[-14,-11],[-13,-10],[-75,-35],[22,-68],[89,-18],[-42,-29],[49,-76],[34,-8],[45,5],[45,16],[37,21],[36,7],[29,-10],[11,-24],[-25,-40],[-58,-29],[-30,-25],[-6,-34],[11,-8],[-53,-47],[22,-36],[140,-29],[18,-114],[86,-81],[-10,-42],[162,-37],[57,-33],[131,76],[33,-23],[-51,-66],[38,-48],[1,-50],[97,-61],[55,-2],[12,-76],[-34,-53],[-181,-174],[-172,-135],[-49,-29],[-157,64],[-65,102],[-242,39],[-12,-35],[-60,-36],[-27,-47],[-84,-110],[-5,-82],[64,-104]],[[41142,56704],[-35,-21],[-2,-47],[-91,-37],[-31,49],[-105,-15],[-103,27],[-67,-122],[-85,-129],[-59,-37],[-70,-161],[-97,-151],[-11,-168],[90,-100],[103,-53],[25,-89]],[[40604,55650],[-56,-14],[-51,-4],[-43,1],[-15,7],[-65,13],[-39,2],[-47,-6],[-58,-16],[-47,-21],[-44,-24],[-70,-20],[-64,2],[-35,12],[-44,21],[-39,51],[-3,31],[-7,33],[-11,9],[-47,7],[-59,21],[-70,43],[-25,7],[-23,-7],[-25,-21],[-18,-15],[-23,-17],[-34,-10],[-30,5],[-24,13],[-29,30],[-13,39],[-12,16],[-17,7],[-37,-2],[-52,-33],[-43,-10],[-54,-11],[-68,-30],[-36,-15],[-30,-13],[-29,-13],[-47,-5],[-40,6],[-62,26],[-99,-124],[-165,74],[-82,-22],[-60,6],[-56,-38],[-68,-43],[-47,5],[-210,48],[-41,45],[-38,-9],[-57,-5],[-54,44],[34,81],[-3,78],[-36,18],[6,57],[-30,12],[12,52],[-39,15],[-96,62],[-14,14],[-42,37],[-34,25],[-8,25],[-1,25],[-6,24],[-24,14],[-26,1],[-36,0],[-32,4],[-28,7],[-28,6],[-44,13],[-37,13],[-28,18],[-2,23],[27,13],[33,13],[14,15],[-5,28],[-34,11],[-41,22],[-37,22],[-20,21],[-35,22],[-30,-3],[-17,-15],[-9,-20],[1,-7],[11,-14],[20,-10],[22,-14],[33,-24],[28,-30],[-1,-23],[-20,-24],[-35,-13],[-39,6],[-56,17],[-60,26],[-20,33],[3,45],[26,32],[10,29],[-4,28],[-8,23],[2,17],[14,24],[4,29],[-13,18],[-25,11],[-24,-1],[-23,-7],[-19,-12],[2,-23],[1,-15],[-4,-11],[-9,-8],[-11,-1],[-12,9],[-5,12],[-15,13],[-21,13],[-17,7],[-24,0],[-29,-2],[-25,-1],[-32,-2],[-30,-8],[-31,-9],[-40,-10],[-68,-3],[-33,-4],[-25,-10],[-46,-23],[-76,-18],[-51,-21],[-32,-27],[-44,-11],[-49,-8],[-15,9],[13,46],[7,41],[8,37],[9,38],[-15,15],[-42,7],[-23,-12],[-20,-38],[-8,-17],[-31,-8],[-22,12],[-3,18],[-18,25],[-16,13],[-24,27],[-8,30],[9,25],[18,3],[27,1],[30,2],[27,9],[5,21],[-5,17],[-12,4],[-13,3],[-23,0],[-23,-1],[-26,12],[-10,15],[13,11],[18,13],[11,25],[-12,25],[-18,22],[-3,12],[-1,8],[-1,10],[22,12],[19,16],[-1,17],[-16,12],[-29,15],[-24,23],[-10,23],[-7,11],[12,18],[31,1],[8,1],[30,3],[4,11],[-7,22],[-11,8],[-18,6],[-15,18],[6,24],[30,62]],[[36174,57260],[29,65],[14,10],[96,-4],[28,19],[25,26],[3,12],[-6,11],[-25,-3],[-18,-2],[-11,-2],[-24,-4],[-23,-1],[-17,6],[-18,6],[-5,5],[-10,10],[-2,20],[1,22],[5,22],[-1,20],[-7,22],[-15,10],[-15,10],[-20,11],[-17,8],[-5,2],[-30,18],[-28,63],[-20,37],[2,27],[18,14],[37,-1],[25,-21],[17,-50],[45,-26],[66,-16],[70,10],[18,24],[3,28],[-7,15],[-17,-3],[-32,-10],[-43,0],[-34,19],[-49,45],[-10,17],[2,16],[19,10],[46,-8],[29,-8],[24,5],[28,7],[17,0],[26,-8],[6,-15],[4,-11],[7,-14],[22,1],[12,14],[8,29],[-2,20],[-9,23],[-26,48],[-36,19],[-37,15],[-97,-11],[-20,2],[-11,20],[-7,43],[-18,28],[-24,24],[-15,30],[7,28],[52,80],[29,6],[15,-11],[-1,-13],[-1,-8],[1,-20],[6,-10],[28,4],[21,46],[28,21],[5,17],[-11,13],[-25,4],[-14,11],[-9,16],[-1,17],[-1,6],[3,12],[21,17],[25,11],[7,15],[-9,16],[-27,9],[-22,13],[-13,14],[-2,22],[4,16],[29,11],[46,25],[21,17],[27,18],[-2,20],[-22,21],[-32,9],[-37,7],[-14,-1],[-24,2],[-34,12],[-8,15],[-3,16],[-1,10],[0,25],[11,19],[22,12],[34,8],[27,5],[22,17],[9,18],[18,43],[-2,44],[1,17],[2,17],[22,17],[25,-1],[5,0],[18,-18],[19,-17],[15,-12],[26,0],[22,12],[7,18],[-16,39],[-9,34],[11,32],[23,10],[26,4],[40,3],[38,5],[30,16],[8,22],[-20,50],[-4,8],[-25,26],[9,22],[29,14],[28,0],[50,-30],[61,-30],[36,-11],[31,1],[24,18],[14,23],[-11,32],[-26,42],[-19,36],[-2,41],[-11,21],[-26,12],[-53,15],[-51,6],[-34,-5],[-18,-2],[-67,-8],[-45,1],[-38,6],[-40,5],[-48,-5],[-44,7],[-75,10],[-186,67],[-17,36],[-57,70],[-6,50],[-69,117],[-26,41],[-4,51],[-10,33],[-18,12],[-14,9],[-37,30],[-11,44],[-72,47],[-83,55],[-23,64],[-138,23],[-96,117],[-43,19],[-43,20],[-106,133],[32,37],[165,-25],[55,12],[103,66],[58,37],[221,-18],[86,86],[-46,15],[-6,32],[-14,9],[-47,46],[-49,57],[-27,29],[-5,24],[8,14],[53,24],[82,32],[25,20],[8,24],[-14,36],[-31,14],[-23,15],[-6,20],[6,28],[30,74],[5,56],[8,30],[16,14],[15,6],[14,10],[3,17],[-9,24],[-33,33],[-104,63],[-45,41],[-10,22],[-2,19],[-20,14],[-48,34],[-45,10],[-27,11],[-13,30],[-30,52],[-5,19],[20,20],[-1,24],[-21,23],[-28,29],[-23,37],[1,45],[14,36],[9,10],[17,20],[5,35],[-20,31],[-11,26],[-23,40],[-20,42],[-30,41],[-20,48],[-6,17],[-11,36],[-17,52],[-18,64],[-3,8],[-14,45],[-30,44],[-66,67],[-34,49],[-16,48],[-7,45],[6,13],[9,22],[12,33],[-3,45],[-13,42],[-15,21],[-29,37],[-38,49],[-32,68],[-3,49],[19,90],[11,30],[23,41],[1,80],[9,25],[29,32],[51,26],[67,30],[24,16],[22,22],[31,31],[6,6],[14,13],[12,32],[5,33],[-9,36],[-22,22],[-37,11],[-32,9],[-38,21],[-3,5],[-13,19],[-6,12],[-36,57],[-17,42],[14,32],[35,23],[44,27],[47,67]],[[35323,63760],[310,30],[79,59],[118,70],[55,67],[38,103],[150,186],[93,13],[81,-48],[64,-62],[74,-33],[148,-23],[62,16],[37,16],[73,53],[127,73],[14,-104],[21,-8],[53,-19],[33,-20],[19,-34],[4,-32],[5,-31],[9,-29],[24,-27],[34,-31],[61,-28],[53,-29],[50,-34],[54,-37],[10,-17],[34,-52],[5,-23],[6,-28],[-3,-31],[-28,-32],[-38,-36],[-14,-40],[8,-29],[21,-37],[29,-39],[48,-59],[75,57],[73,57],[49,69],[85,13],[165,26],[225,107],[94,8],[273,-29],[104,39],[-19,138],[29,43],[-3,54],[-3,51],[-1,17],[27,119],[58,109],[75,44],[103,94],[100,-27],[107,12]],[[49289,58329],[32,-10],[41,-9],[20,-6],[7,-18],[5,-10],[16,1],[22,4],[27,-1],[17,-14],[2,-24],[-12,-30],[-14,-24],[-19,-71],[2,-18],[30,-37],[59,-33],[27,-31],[17,-26],[22,-17],[25,2],[85,32],[18,13],[10,15],[1,23],[11,8],[26,6],[45,1],[14,-6],[0,-11],[-6,-18],[1,-23],[5,-39],[-10,-35],[-16,-20],[-25,-3],[-17,13],[-21,6],[-15,-7],[-4,-18],[14,-19],[27,-17],[77,-49],[38,-42],[13,-42],[-14,-40],[0,-29],[10,-28],[27,-30],[12,-41],[17,-12],[72,-18],[24,-4],[21,-15],[11,-21],[22,-17],[23,-19],[2,-22],[0,-58],[18,-37],[46,-33],[36,-12],[39,1],[26,17],[27,13],[29,-1],[47,-27],[56,-54],[12,-40],[-11,-54],[-9,-31],[1,-27],[8,-15],[30,-20],[50,-11],[23,4],[33,36],[36,26],[34,10],[62,5],[33,6],[35,14],[35,0],[29,-27],[43,-40],[29,-8],[46,-3],[44,1],[37,3],[6,16],[4,15],[16,10],[36,-1],[33,4],[28,-10],[3,-23],[-30,-15],[-19,-17],[1,-10],[17,-8],[27,-12],[55,-66],[25,-38],[47,-27],[25,-22],[38,-11],[25,3],[16,-3],[1,-12],[-10,-29],[7,-23],[27,-33],[45,-30],[68,-18],[41,-14],[28,-13],[11,-26],[3,-38],[-4,-24],[-25,-17],[-41,-17],[-36,-11],[-28,-43],[-83,-59],[93,-217],[-69,-60],[-62,-57],[-44,-82],[98,-150],[-26,-90],[17,-91],[-94,-77],[-39,-117],[-97,-19],[-17,8],[-63,30],[-114,5],[-116,-9],[-187,-53],[-31,52],[-95,159],[-74,51],[-143,27],[-146,-117],[36,-30],[105,-89],[229,-142],[120,-74],[42,-26],[120,-266],[28,-75],[42,-77],[64,-106],[138,-231],[123,-245],[116,-386],[30,-76],[56,-97],[83,-90],[47,-46],[70,-69]],[[51634,53513],[19,-129],[98,-56],[120,-266],[-35,-159],[-241,-134],[-37,38],[-112,29],[-127,33],[-137,-39],[-158,46],[-25,-56],[-25,-54],[2,-21],[10,-26],[6,-44],[2,-39],[-6,-39],[-8,-56],[18,-33],[-218,-123],[-35,-18],[-42,-13],[-111,-39],[-64,-21],[-49,-58],[-37,-20],[-61,-33],[-44,-23],[-36,-18],[-9,-5],[-71,-18],[-52,-13],[-6,-1],[-50,-16],[-15,-4],[-49,-23],[-60,-29],[-53,-31],[-54,-30],[-52,-21],[-46,-10],[-47,2],[-37,6],[-32,12],[-19,10],[-6,4],[-37,4],[-41,-8],[-46,-20],[-33,-15],[-29,-7],[-10,-2],[-8,0],[-53,5],[-50,20],[-49,22],[-45,8],[-49,5],[-60,4],[-59,-1],[-71,5],[-7,1],[-19,-17],[-13,-13],[-9,-30],[-11,-24],[3,-56],[12,-39],[35,-28],[41,-33],[26,-41],[4,-48],[-20,-34],[-3,-5],[-14,-36],[16,-28],[29,-28],[18,-13],[17,-12],[20,-37],[60,-112],[-15,-42],[-17,-22],[-59,-71],[-22,-56],[63,-13],[-38,-69],[-36,-70],[-53,-97],[-118,-119],[-5,-4],[-172,17],[-258,26],[2,64],[-116,4],[-94,-21],[-36,28],[-18,58],[-13,44],[-68,20],[-109,31],[-84,34],[13,-55],[-21,-155],[-29,-39],[108,-98],[74,-32],[20,-53],[-50,-23],[-24,47],[-77,27],[-102,60],[-55,-11],[-57,-14],[-40,-54],[-55,2],[-23,-57],[28,-32],[-70,-50],[-44,22],[-40,78],[-60,-30],[46,-82],[84,-61],[17,-81],[49,-41],[-414,-121],[-11,-3],[-122,27],[-104,86],[-72,50],[-91,-47],[-45,-24],[-25,34],[-14,24],[-12,18],[-28,26],[-44,11],[-41,0],[-41,-5],[-42,2],[-194,67],[-52,16],[-57,21],[-133,48],[-26,48],[-124,-12],[-238,-29],[-176,-9]],[[45508,50600],[-7,6],[-68,48],[-32,25],[-25,20],[-11,12],[-6,5],[-9,12],[-10,41],[-10,28],[-16,22],[-35,32],[-46,33],[-36,32],[-34,21],[-27,21],[-15,20],[-11,25],[-18,25],[-23,24],[-27,16],[-26,21],[-29,25],[-22,28],[-6,25],[3,33],[13,37],[30,91],[-1,18],[104,138],[144,132],[-275,42],[-90,-42],[-61,40],[-120,78],[-195,15],[-215,16],[-68,35],[-150,78],[-234,91],[-124,-10],[-266,-73],[-177,-44],[-101,-13],[23,178],[-27,78],[-2,90],[-52,104],[-275,22],[-110,0],[-33,78],[28,160],[-53,66],[-105,32],[-86,84],[11,73],[15,180],[-55,85],[-42,111],[-15,31],[-115,229],[22,100],[-28,112],[-115,74],[-39,59],[-242,50],[-140,88],[-246,134],[-27,11],[-35,26],[-72,50],[-29,36],[-25,69],[-5,48],[15,36],[21,16],[43,15],[40,23],[17,15],[10,19],[-7,28],[-21,23],[-48,38],[-12,60],[-6,67],[0,71],[4,40],[7,32],[-11,38],[-13,30],[-16,14],[-21,-2],[-25,-7],[-42,-11],[-57,-6],[-18,6],[-32,13],[-26,25],[-17,34],[-16,54],[-9,67],[3,31],[26,25],[45,18],[51,4],[62,6],[27,7],[18,12],[15,27],[-40,44],[-22,44],[-29,56],[-56,142],[-27,-2],[-20,3],[-21,17],[-48,41],[-34,1],[-58,-5],[-63,-12],[-68,-4],[-70,1],[-50,12],[-19,14],[-21,28],[-2,22],[2,21],[19,39],[3,20],[-7,18],[-25,8],[-29,-5],[-20,-8]],[[55395,71919],[31,-136],[53,-92],[-55,-100],[-124,-57],[46,-135],[-46,-73],[174,-114],[23,-22],[-208,-124],[74,-42],[-36,-323],[-43,-86],[-86,-2],[-101,6],[-83,13],[-135,40],[-87,38]],[[54792,70710],[-131,75],[110,124],[-67,55],[-43,46],[-179,-78],[-213,-37],[-370,26],[4,25],[-94,-19],[-29,23],[-177,-12],[-174,-47],[-452,224],[-109,79],[-66,0],[-30,-28],[-85,-11],[-102,-165],[22,-103],[-57,-6],[-133,29],[-105,23],[-61,-57],[-48,-14],[-123,-110],[-440,-546],[-255,9],[-260,-303],[-137,72]],[[50988,69984],[47,69],[-338,136],[-164,122],[100,67],[-64,42],[92,83],[151,69],[-46,71],[24,27],[-436,221],[-51,68],[101,73],[-65,31],[38,63],[-165,68],[52,64],[-226,149],[39,59],[-200,39],[-16,52],[-127,27],[13,37],[-176,55],[1,29],[-40,17],[42,60],[-80,33],[200,103],[-166,117],[-291,109],[-110,104],[-12,42],[-168,80],[-67,7],[-240,23]],[[49232,69596],[-109,83],[153,70],[199,210],[-87,61],[47,30],[243,-130],[183,69],[124,-155],[50,-15],[115,-112],[29,7],[18,-22],[100,52],[54,-83],[39,22],[55,-36],[274,131],[137,-118],[99,100],[-34,21],[36,41],[-73,60],[104,102]],[[54792,70710],[150,-235],[37,-129],[177,9],[30,5],[64,-130],[12,-24],[-116,-38],[58,-137],[-176,-51],[-222,-64],[-46,-41],[-42,-37],[-197,82],[-58,-38],[-53,63],[-81,-23],[-60,-17],[-126,-35],[-62,-77],[359,-117],[-3,-130],[-257,-6],[10,-120],[101,-3],[-65,-67],[204,-103]],[[54430,69247],[-161,-182],[-168,-168],[17,-86],[0,-165],[99,-67],[20,-101],[136,73],[74,-142],[96,-50],[38,-46],[-43,-93],[23,-16],[-24,-75],[-109,-89],[37,-69],[-51,-27],[-47,-8],[-51,-2],[-182,-142],[-1,-133],[44,-50],[57,-63],[81,10],[69,-83],[8,-47],[-172,-40],[-116,22],[-93,-13],[-87,58],[-92,-89],[-227,-292],[83,-46],[-143,-78],[-43,-67],[52,-84],[-60,-15],[21,-30],[77,-34],[56,14],[57,18],[38,-95],[-176,-29],[11,-29],[-70,-19],[58,-114],[51,21],[25,-26],[62,32],[55,-35],[5,-18],[33,-103],[126,34],[25,-119],[65,6],[36,-36],[-6,-71],[35,-33],[96,-113],[52,32],[138,-150],[-92,-57],[-91,-76],[-25,-23],[71,-144],[-230,-95],[31,-46],[116,-129],[-74,-32],[104,-112],[121,-82],[53,29],[37,-93],[126,-64],[-20,-163],[-182,-98],[36,-27],[-93,-109],[-37,28],[-80,-62],[28,-28],[-80,-68],[12,-51],[-54,-121],[-113,-252],[-137,-15],[-97,-91],[-30,53],[-63,89],[-69,40],[-9,-33],[-114,-14],[22,-65],[11,-36],[44,-35],[40,-61],[-58,-133],[-32,-36],[-170,-118],[-148,-148],[-105,-129],[-207,-306]],[[46960,65468],[1,63],[230,48],[-6,118],[-133,75],[-98,120],[83,85],[-40,26],[45,71],[22,36],[66,58],[57,65],[51,70],[41,82],[72,184]],[[39920,66465],[-70,21],[-51,31],[-48,58],[-37,48],[-104,25],[-73,19],[-177,12],[35,47],[-234,90],[-66,-19],[-220,58],[-9,30],[-97,31],[49,29],[-396,86],[-130,28],[-287,30],[-72,42],[-168,37],[-61,-33],[-37,-136],[103,-81],[61,-22],[64,-80],[-31,-28],[-42,-20],[-47,4],[-82,25],[-84,42],[-47,29],[-22,23],[-19,5],[-97,17],[-47,22],[-52,16],[-45,-2],[-88,-8],[-66,5],[-70,12],[-43,11],[-20,16],[-23,33],[-10,39],[2,71],[-16,40],[-29,54],[-48,32],[-47,22],[-26,16],[-28,8],[-51,-1],[-87,0],[-42,11],[-62,34],[-36,40],[-55,50],[-53,31],[-50,28],[68,86],[-115,-21],[-58,38],[-58,37],[-114,17],[-37,117],[-62,44],[81,35],[37,19],[29,10],[32,16],[25,13],[65,-41],[73,-5],[117,73],[130,81],[31,61],[36,69],[1,29],[6,166],[-23,47],[5,64],[51,9],[29,-4],[61,-5],[29,7],[57,9],[26,6],[32,-7],[40,-8],[38,-12],[23,-7],[20,0],[18,8],[45,9],[86,14],[72,12],[41,13],[48,30],[21,20],[26,15],[34,19],[25,13],[36,15],[35,17],[27,13],[33,24],[22,19],[21,18],[21,19],[24,27],[20,31],[1,30],[-1,29],[55,82],[36,45],[48,66],[69,-34],[76,59],[125,35],[86,8],[-56,75],[37,10],[49,3],[64,-2],[163,25],[146,35],[86,31],[-122,48],[-398,82],[-81,45],[-139,30],[-180,63],[-41,3],[-100,21],[-112,73],[-36,178],[-6,187],[-66,21],[-11,-50],[-130,18],[-178,-22],[-128,-35],[-134,11],[-89,21],[-54,-28],[-7,93],[-62,0],[-56,7],[-120,-72]],[[42068,71736],[-90,-94],[32,-3],[10,-10],[-6,-33],[-3,-59],[5,-25],[24,-31],[52,-22],[49,-4],[38,-16],[56,-8],[109,16],[32,-2],[19,-1],[27,-1],[37,0],[27,1],[18,2],[16,6],[29,9],[31,26],[26,46],[46,35],[60,13],[66,3],[53,11],[65,25],[51,12],[64,9],[96,55],[30,11],[54,0],[74,7],[53,1],[33,-8],[107,-50],[60,-8],[87,-8],[87,-20],[46,-39],[78,-80],[51,-40],[49,-27],[69,-14],[146,-20],[52,-9],[54,-7],[35,-16],[4,-16],[-8,-37],[6,-49],[-5,-40],[7,-18],[31,-9],[53,-2],[67,-10],[42,-23],[54,-43],[50,-14],[58,13],[-42,60],[44,31],[14,64],[69,1],[92,176],[138,31],[204,2],[-1,95],[-76,72],[146,58],[64,-39],[131,-80],[106,-41],[41,-15],[-21,-67],[73,-17],[75,-1],[223,-89],[71,-109],[55,-30],[64,-36],[-11,-73],[80,-65],[82,-11],[13,-32],[75,-177],[61,5],[34,-106],[10,-22],[22,-39],[32,-10],[47,-9],[17,-47],[20,-58],[103,-6],[149,21],[-6,-41],[294,-66],[67,25],[238,23],[242,-7],[262,-116],[125,79],[65,-18],[-29,-61],[35,-66],[-68,-23],[64,-164],[144,-68],[128,-205],[14,-49],[-42,-12],[31,-107],[-49,-21],[26,-82],[-27,-71],[118,-153]],[[63949,74308],[67,-12],[67,4],[77,-44],[37,1],[56,-6],[34,-38],[-14,-42],[-29,-30],[29,-29],[16,-44],[32,-41],[66,-42],[91,-32],[48,-64],[62,-40],[173,-28],[66,-53],[108,42],[283,45],[22,-62],[-196,-35],[-95,-42],[116,-52],[77,-34],[-115,-33],[33,-40],[-57,-32],[-64,-52],[-11,-65],[12,-60],[87,9],[18,-31],[-55,-100],[109,-102],[124,-156],[247,-134],[-64,-112],[-215,-144]],[[65191,72578],[-24,24],[-44,18],[-91,6],[-38,-8],[-10,-7],[-39,-26],[-7,-4],[-52,-36],[-26,-17],[-45,-14],[-45,-5],[-55,3],[-98,29],[-93,-49],[-160,36],[-184,17],[-120,-81],[-19,-153],[40,-110],[-106,-4],[-45,-57],[22,-50],[-4,-97],[84,-58],[-14,-37],[118,-37],[-21,-133],[88,-8],[169,-26],[90,29],[114,70],[13,-81],[59,-4],[33,45],[62,-26],[20,-112]],[[57502,70083],[-322,-180],[-16,-9],[-29,-75],[-5,-27],[-102,-11],[-67,-11],[-74,-19],[-82,-24],[-101,-20],[-119,-23],[-145,-24],[-98,-16],[-203,-66],[-138,-27],[-124,-13],[-76,-8],[-250,0],[-73,2],[-182,6],[-159,11],[-108,7],[-106,-6],[-82,-12],[-30,-58],[-167,-36],[-94,-76],[-120,-121]],[[63202,66481],[94,-74],[523,-379],[61,-53],[88,-72],[81,-80],[59,-67],[57,-84],[31,-65],[10,-19],[11,-27],[11,-28],[10,-27],[8,-28],[6,-21],[4,-21],[3,-21],[3,-29],[1,-21],[0,-28],[0,-21],[-3,-29],[-3,-22],[-7,-34],[-6,-29],[-8,-28],[-6,-21],[-10,-27],[-9,-20],[-11,-19],[-12,-19],[-9,-13],[-9,-12],[-22,-25],[-21,-22],[-34,-33],[-23,-22],[-24,-21],[-26,-21],[-33,-25],[-20,-14],[-21,-14],[-23,-12],[-15,-8],[-25,-10],[-3,-2],[-12,-5],[-17,-6],[-114,-44],[-156,-23]],[[56201,62368],[-53,38],[-69,76],[32,126],[4,75],[-68,-45],[-47,-31],[-79,-88],[-126,-66],[-93,-73],[-50,38],[127,138],[-15,36],[67,21],[65,130],[-90,84],[-77,49],[22,127],[88,117],[-12,49],[-111,-82],[-80,-77],[-62,-58],[-113,-36],[-103,-56],[-161,78],[-55,32],[-66,-4],[-18,141],[-155,-13],[47,-56],[-45,-21],[2,-179],[106,-59],[-92,-67],[-201,-90],[-43,-48],[28,-48],[-64,-19],[-29,-8],[-28,-35],[17,-28],[17,-27],[11,-18],[29,-7],[55,-11],[14,-61],[28,-135],[36,1],[22,0],[-9,-28],[-145,-79],[-78,0],[-101,19],[-132,-18],[18,-26],[20,-49],[24,-55],[21,-35],[11,-19],[11,-26],[32,-45],[21,-22],[40,-20],[8,-3],[34,-8],[28,-15],[5,-8],[3,-5],[-3,-8],[-4,-13],[-5,-50],[9,-7],[23,-18],[44,-42],[19,-12],[40,-28],[78,-50],[57,-37],[16,-10],[20,-18],[2,-8],[2,-18],[1,-15],[20,-26],[35,-15],[11,-9],[16,-21],[3,-14],[2,-16],[-4,-17],[-16,-46],[-4,-14],[-4,-4],[-38,-8],[-31,5],[-30,-13],[-23,-28]],[[54860,61176],[-61,-4],[-69,-35],[-124,-71],[-151,-89],[-26,-178],[-108,-70],[-197,-190],[14,-69],[-207,5],[-237,-66],[-95,27],[-103,81],[2,19],[7,42],[-37,26],[-26,19],[-108,-48],[-344,-134]],[[56860,81793],[-72,-238],[49,-9],[87,-82],[-18,-39],[-425,80],[-6,38],[29,27],[-24,27],[-61,-33],[-94,33],[27,96],[-188,87],[-22,-33],[-25,48],[-92,-5],[-36,-2],[-150,32],[-168,151],[-102,28],[-232,-37],[-92,82],[82,105],[-61,75],[-116,-9],[-86,53],[-193,-64],[-191,-184],[-197,56],[-56,-28],[-180,61],[-85,-7],[-41,31],[-104,-47],[63,-59],[-47,-41],[-95,-19],[22,-71],[-133,-75],[-26,-81],[-202,-68],[-27,-123],[-126,5]],[[53446,81554],[-48,42],[-30,19],[-16,33],[5,38],[-2,44],[4,43],[23,30],[45,20],[98,19],[37,19],[9,25],[-21,25],[-74,26],[-63,40],[-33,43],[-14,59],[-18,32],[-33,12],[-156,28],[-109,44],[-91,48],[-31,39],[2,31],[18,30],[45,22],[25,13],[35,49],[-1,18],[-28,7],[-96,1],[-71,23],[-49,32],[-10,30],[12,23],[42,28],[68,36],[26,23],[-2,27],[-35,55],[-9,44],[-29,92],[-46,71],[3,30],[-133,84],[-233,21],[-123,174],[-138,83],[24,73],[66,41],[-1,39],[58,38],[-7,98],[-59,-24],[-67,-10],[-47,-1],[-32,12],[-15,18],[0,28],[-7,37],[-29,24],[-41,0],[-37,-7],[-22,0],[-16,5],[-7,14],[-9,13],[-22,3],[-34,-1],[-41,-4],[-49,2],[-51,11],[-34,14],[-21,21],[-21,45],[-41,22],[-17,32],[-1,24],[2,29],[-26,42],[-34,19],[-49,13],[-85,28],[-27,10],[-7,12],[-9,14],[-27,12],[-34,4],[-77,37],[-47,24],[-60,28],[-4,19],[7,23],[-18,10],[-79,1],[-92,-14],[-137,-24]],[[50818,84183],[-118,-8],[-56,-2],[-36,9],[-54,9],[-58,1],[-112,-9],[-46,6],[-54,15],[-82,23],[51,222],[-64,56],[-7,62]],[[50182,84567],[-2,59],[76,6],[96,95],[143,57],[36,-39],[4,-5],[42,-21],[46,-11],[43,-3],[6,-1],[44,-5],[28,-11],[31,-5],[37,1],[34,-7],[25,-14],[43,-27],[27,-12],[26,-8],[83,123],[72,48],[35,23],[54,21],[55,22],[35,13],[378,149],[352,162],[-9,65],[-9,70],[-37,140],[-84,22],[-14,167],[-6,153],[36,66],[19,36],[-28,78],[298,302],[28,56],[29,20],[46,13],[162,-21],[12,102],[16,173],[-107,77],[-52,61],[237,20],[9,51],[-196,171],[-94,108],[88,87],[-4,67],[-104,80],[71,80],[73,145],[9,20],[-37,7],[-59,-2],[-77,-2],[-166,-1],[-43,8],[-47,24],[-37,8],[56,55],[39,45],[34,30],[46,15],[46,17],[19,30],[6,39],[-4,38],[-19,35],[-2,29],[27,28],[43,26],[55,24],[45,12],[29,22],[20,37],[3,46],[11,41],[28,39],[24,40],[16,28],[14,36],[-57,16],[28,47],[103,-19],[59,95],[-95,26],[130,151],[90,-29],[7,-5],[18,-15],[11,-18],[1,-6],[6,-13],[21,-19],[18,-10],[33,-6],[34,4],[23,15],[4,1],[19,8],[22,3],[37,4],[30,-2],[191,51],[3,-89],[403,-74],[35,49],[101,57],[95,56],[177,36],[181,-67],[148,-95],[60,-67],[73,-80],[220,-108],[394,-3],[118,31],[145,35],[68,13]],[[49223,79111],[88,37],[58,146],[-43,102],[107,-46],[30,-62],[47,40],[66,-85],[159,-27],[489,494],[94,39],[149,-41],[145,-1],[360,232],[91,164],[131,107],[363,154],[185,43],[153,72],[51,-1],[55,-20],[26,-16],[28,-5],[30,5],[77,25],[37,24],[39,37],[33,13],[28,0],[45,-18],[40,-43],[66,-38],[81,-36],[33,-33],[28,-10],[42,3],[44,23],[70,45],[17,20],[17,21]],[[52782,80475],[67,-55],[-35,-50],[10,-70],[-46,-66],[-26,-37],[105,-153],[-5,-110],[-46,-132],[49,1],[-13,-33],[-54,-10],[-3,-33],[54,12],[-1,-31],[-40,-38],[-2,-42],[111,-97],[-8,-86],[39,-20],[121,-48],[61,-50],[86,-72],[3,-172],[32,-82],[82,-69],[156,-132],[-6,-61],[-51,-51],[43,-117],[139,-73],[41,-101],[74,-25],[-26,-80],[25,-69],[110,-43],[-258,-135]],[[60584,76773],[59,-13],[118,-61],[122,-17],[130,26],[51,61],[164,55],[77,-30],[-33,32],[-31,57],[-1,31],[6,53],[-2,37],[-19,50],[-12,51],[25,30],[28,14],[29,23],[25,43],[15,25],[24,8],[40,-1],[54,-16],[39,-6],[31,0],[27,14],[6,28],[-2,33],[-7,48],[-33,34],[-23,19],[-22,19],[-2,26],[12,24],[21,12],[50,8],[97,24],[81,39],[46,36],[10,24],[-1,32],[-6,55],[3,45],[10,11],[17,17],[14,11],[9,7],[30,17],[31,40],[34,86],[-221,61],[-45,166],[0,39],[1,240],[144,261],[-93,109],[-241,488],[-155,53]],[[61315,79351],[137,68],[81,32],[82,12],[114,-5],[171,-16],[74,19],[182,102],[319,110],[240,44],[222,197],[20,187],[109,-20],[-30,69],[-82,3],[-95,4],[19,121],[-70,3],[-7,41],[-101,8],[0,124],[69,23],[127,42],[279,26],[127,12],[77,65],[19,75],[8,23],[-2,32],[-5,68],[48,-16],[61,37],[19,40],[55,19],[71,11],[141,103],[52,-13],[191,86],[174,-11],[114,242],[43,90],[-27,49],[-64,116],[177,51],[56,16],[26,86],[12,31],[-17,83],[-49,166],[-90,85],[-94,175],[200,65],[314,67]],[[64812,82398],[125,-13],[133,-15],[124,-12],[23,-2],[197,-12],[16,1],[7,-1]],[[65437,82344],[25,-61],[46,-49],[-1,-37],[10,-37],[25,-32],[28,-21],[9,-24],[0,-5],[-5,-37],[1,-32],[13,-25],[54,-42],[19,-27],[13,-31],[-3,-57],[82,-177],[-16,-48],[-29,-39],[-15,-28],[-8,-29],[-6,-28],[15,-85],[7,-56],[-23,-60],[-42,-74],[-34,-37],[-14,-44],[5,-57],[30,-44],[219,248],[95,-17],[44,166],[215,-32],[-6,-14],[1,-31],[0,-36],[-4,-45],[-13,-37],[-31,-35],[-23,-25],[-39,-35],[-31,-36],[22,-45],[78,-28],[101,-35],[128,-174],[61,-78],[-105,-77],[-82,-69],[-168,-169],[-113,-114],[24,-62],[-69,-72],[295,-38],[102,-17],[-17,-62],[6,-22],[54,-200],[22,-64],[-66,-10],[-78,-10],[-11,-39],[-10,-33],[25,-156],[-23,-35],[-54,-110],[-54,-128],[0,-69],[-1,-43],[-20,-53],[-21,-54],[-41,-34],[-95,-81],[-225,72],[-369,-94],[-276,-167],[-130,-161],[51,-103],[50,-57],[119,-117]],[[65160,78284],[-55,-90],[-33,-134],[-22,-30],[-109,-150],[76,-53],[126,-17],[56,-59],[24,-61],[97,-58],[39,-32],[30,-64],[-21,-114],[-111,-73],[-29,-39],[-22,-1],[-14,-11],[-16,-31],[-15,-33],[-11,-32],[-18,-21],[-21,-9],[-27,-3],[-45,-29],[-29,-18],[-25,-8],[-29,1],[-27,8],[-33,23],[-53,58],[-9,16],[7,14],[11,10],[3,4],[-1,12],[-32,16],[-9,14],[-23,62],[-17,26],[-6,8],[-18,3],[-24,-6],[-8,-19],[-6,-38],[-23,-32],[-32,-27],[-50,-14],[-55,2],[-56,12],[-45,25],[-25,27],[-30,14],[-9,5],[-22,-1],[-12,-9],[-8,-22],[-2,-6],[1,-25],[-2,-29],[0,-54],[7,-19],[4,-18],[-14,-34],[-22,-30],[-16,-8],[-15,0],[-15,6],[-5,1],[-10,0],[-14,-11],[-21,-40],[-13,-30],[2,-22],[21,-23],[14,-12],[7,-28],[-6,-24],[-40,-29],[-30,-5],[-34,3],[-21,4],[-22,15],[-49,26],[-85,23],[-64,31],[-61,13],[-45,-7],[-33,-15],[-23,-12],[-4,-15],[20,-32],[38,-27],[-1,-14],[-17,-8],[-44,-2],[-49,5],[-50,23],[-43,36],[-15,35],[-18,19],[-11,0],[-8,-8],[-6,-22],[-12,-33],[-16,-26],[-43,-27],[-56,-21],[-42,-5],[-34,6],[-44,12],[-53,7],[-64,-4],[-96,-6],[-49,17],[-70,50],[-21,5],[-25,-5],[-5,-1],[-29,-8],[-44,-6],[-54,-2],[-17,-8],[-27,-36],[-35,-30],[-37,-15],[-36,-3],[-52,-7],[-7,-10],[4,-21],[5,-29],[-11,-24],[-16,-21],[-37,-20],[-54,-2],[-102,12],[-78,12],[-45,12],[-16,0],[-9,-6],[7,-12],[26,-15],[18,-23],[12,-26],[-5,-30],[-19,-17],[-35,-13],[-38,-5],[-32,1],[-32,3],[-46,-34],[17,-29],[-77,-88],[-44,6],[-31,-27],[-8,-8],[-20,-4],[-17,-16],[63,-98],[-64,-190],[31,-118],[112,-133]],[[66462,82652],[93,-39],[184,-77],[3,-127],[-56,-82]],[[66686,82327],[-31,-62],[-10,-58],[-44,3],[-47,-82],[-77,-29],[41,-64],[-9,-47],[-110,-51],[-60,-116],[-138,-160],[-124,3],[-47,113],[254,71],[12,191],[-45,120],[-203,161],[-83,61],[-70,48],[-61,50]],[[65834,82479],[86,123],[121,49]],[[66041,82651],[192,-123],[63,135],[125,-61],[41,50]],[[64861,81096],[25,-268],[37,-44],[66,-79],[10,-12],[174,29],[58,10],[62,10],[1,65],[77,-6],[72,23],[4,119],[-279,79],[-62,18],[-111,48],[-134,8]],[[47419,81609],[39,146],[-51,40],[93,31],[68,96],[-36,35],[162,84],[-14,85],[21,31],[43,21],[17,31],[22,34],[35,10],[76,2],[34,22],[9,10],[-1,27],[-13,25],[-23,21],[-11,25],[8,20],[10,8],[50,6],[38,1],[34,12],[31,14],[12,30],[-1,27],[12,19],[31,16],[80,18],[117,-1],[78,-5],[30,-17],[37,-25],[52,-1],[43,13],[56,20],[38,20],[28,28],[6,20],[2,6],[-7,24],[-14,14],[-8,7],[-3,4],[-13,29],[2,5],[13,33],[5,58],[16,33],[39,44],[38,62],[35,55],[24,52],[22,35],[25,34],[9,37],[-2,45],[-16,41],[-6,23],[8,20],[29,34],[18,23],[12,47],[15,37],[18,17],[29,11],[40,5],[105,-14],[63,2],[75,3],[63,-12],[42,-6],[55,-5],[56,-10],[107,-40],[13,2],[15,7],[37,29],[54,55],[28,33],[20,19],[21,3],[51,-2],[34,0],[60,10],[124,19],[-28,124],[80,14],[57,10],[79,60],[44,8],[108,18],[26,5],[70,55],[74,18],[113,21],[13,57],[106,58],[44,199]],[[53446,81554],[2,-34],[-5,-27],[-28,-36],[-47,-16],[-42,-4],[-84,16],[-63,15],[-44,-1],[-14,-20],[-10,-19],[3,-34],[17,-39],[21,-32],[64,-36],[158,-52],[-177,-51],[-40,-80],[-81,-59],[17,-97],[49,-31],[-58,-138],[18,-31],[38,-62],[14,-23],[-75,-31],[-30,21],[-29,-7],[1,-29],[-54,-9],[-60,-41],[-63,-22],[-33,-23],[-29,-47]],[[66297,83832],[-33,-6],[-35,-10],[-33,-16],[-55,-37],[-35,-32],[-29,-33],[-33,-30],[-44,-13],[-10,-2],[-38,-8],[-42,-24],[-17,-16],[-33,-31],[-12,-14],[-24,-30],[-44,-31],[-45,-12],[-52,-3],[-60,-8],[-52,-18],[-58,-22],[-12,-6],[-35,-23],[-45,-53],[-85,17],[-78,24],[-69,-108],[-155,-338],[-73,-161],[-106,-96],[-25,-59],[-4,-32],[-9,-80],[-6,-51],[1,-72]],[[61315,79351],[-142,-68],[-177,34],[-130,-90],[-81,-32],[-82,53],[-245,28],[-129,74],[21,86],[-122,-99],[-2,-109],[-250,-129],[-10,-88],[43,-23],[12,-39],[-147,-66],[-128,-156],[-184,67],[48,169],[110,117],[19,135],[-26,1],[16,61],[5,42],[2,32],[-10,20],[-22,28],[-6,29],[11,22],[17,19],[10,41],[20,28],[64,82],[59,53],[38,23],[55,4],[51,-5],[49,1],[50,14],[65,49],[50,13],[27,27],[49,36],[30,39],[5,37],[-11,22],[-31,76],[-117,94],[-106,14],[-11,35],[4,22],[-7,9],[-41,16],[-26,16],[-9,25],[4,57],[6,38],[-21,46],[2,18],[-208,-41],[-105,142],[-304,75],[-147,-73],[-9,65],[-14,95],[-3,26],[54,156]],[[45914,83857],[104,-2],[65,77],[-31,153],[55,8],[203,-1],[246,-32],[84,4],[204,9],[98,28],[132,0],[8,-56],[224,5],[66,9],[26,-28],[84,14],[65,-21],[17,57],[75,-90],[59,-45],[59,-24],[36,9],[40,16],[52,2],[55,3],[42,12],[36,29],[17,34],[17,25],[28,9],[16,4],[71,-54],[32,0],[121,-1],[84,54],[202,24],[252,44],[600,151],[65,103],[106,65],[153,123],[130,31],[124,-7],[80,-53],[66,22]],[[54860,61176],[-5,-37],[21,-37],[32,-59],[1,-15],[-4,-9],[-49,-63],[-9,-12],[-4,-12],[0,-8],[6,-15],[40,-37],[11,-9],[6,-11],[-1,-9],[-27,-52],[-4,-14],[0,-9],[0,-4],[0,-17],[7,-16],[10,-12],[3,-4],[17,-19],[5,-36],[1,-14],[-16,-16],[-38,-21],[-34,-26],[-23,-32],[-1,-21],[34,-16],[15,-10],[20,-13],[6,-12],[0,-20],[-4,-20],[3,-18],[14,-10],[25,-8],[18,-15],[9,-13],[-3,-13],[-5,-16],[13,-15],[21,-7],[17,-14],[13,-29],[7,-22],[18,-19],[24,-11],[36,-7],[19,-9],[10,-13],[3,-22],[-7,-18],[-4,-21],[3,-18],[19,-15],[19,-9],[26,3],[23,10],[17,-1],[10,-8],[0,-23],[-4,-19],[0,-23],[5,-20],[16,-22],[22,-16],[27,-16],[13,-15],[8,-25],[-2,-17],[-14,-12],[-20,2],[-15,1],[-20,-1],[-15,-6],[0,-15],[7,-16],[27,-13],[31,-1],[22,-1],[16,-16],[16,-26],[12,-26],[7,-23],[18,-20],[20,-16],[18,-14],[25,-9],[26,-4],[22,1],[16,-9],[3,-23],[3,-29],[14,-25],[11,-20],[2,-24],[2,-23],[7,-7],[23,2],[18,10],[28,10],[20,-6],[12,-14],[15,-4],[23,2],[18,11],[31,11],[52,4],[34,1],[16,-9],[6,-18],[-14,-12],[-24,-14],[-34,-14],[-15,-32],[5,-19],[28,-23],[9,-9],[29,-26],[34,-46],[28,-36],[32,-39],[52,-35],[25,-6],[36,9],[17,26],[27,44],[16,8],[17,2],[19,-9],[4,-12],[4,-8],[6,-14],[6,-35],[17,-24],[14,-1],[20,-2],[20,7],[49,19],[32,-2],[31,-8],[26,-24],[10,-7],[27,-20],[56,-22],[21,-6],[29,-9],[34,-1],[9,10],[9,30],[7,15],[14,4],[37,-1],[54,-1],[16,-2],[19,-11],[6,-23],[10,-15],[17,-22],[23,-3],[29,1],[40,12],[22,15],[24,17],[30,22],[18,8],[19,-3],[19,-13],[27,-7],[24,1],[34,-1],[37,-12],[6,-15],[1,-11],[3,-23],[9,-11],[4,-6],[19,-1],[9,3],[11,3],[23,21],[9,37],[16,29],[22,17],[28,5],[17,-24],[6,-13],[17,-2],[10,5],[29,15],[31,1],[44,-5],[61,-20],[26,2],[26,9],[46,33],[41,25],[58,20],[83,14],[29,-5],[17,-15],[18,-19],[32,-22],[-155,-146],[30,-79],[208,-74],[89,-169],[92,5],[172,-196],[180,23],[103,-52],[44,-131],[76,-159],[-81,-57],[-42,-45],[9,-61],[15,-147],[69,-71],[81,-68],[36,-29],[30,-107],[146,-177],[167,-78],[226,-4],[407,-175],[74,-39],[-26,-32],[-9,-13],[60,-39],[86,-58],[22,-107],[20,-51],[-46,-321]],[[59917,56541],[-88,-19],[-117,75],[-136,86],[-145,3],[-286,-128],[154,-76],[-58,-120],[97,-90],[60,-84],[-21,-103],[56,-73],[-173,-116],[-470,-128],[-24,-3],[-125,-16],[-149,0],[-150,87],[-99,-20],[-6,-26],[-9,-34],[-157,-38],[-161,-65],[-374,-221],[-58,134],[-343,-68],[40,-184],[-32,-40],[84,-78],[27,-50],[9,-83],[-10,-18],[-27,-49],[57,-14],[-46,-228],[74,-136],[-25,-390],[-117,-46],[32,-59],[240,-82],[47,-16],[-3,-42],[-13,-33],[-19,-25],[-11,-42],[15,-47],[14,-47],[-8,-35],[-20,-24],[-46,-23],[-26,-44],[-34,-67],[-19,-39],[3,-47],[18,-34],[8,-45],[-10,-46],[-24,-63],[-23,22],[-30,7],[-14,7],[-31,-24],[-98,65],[-64,-29],[-136,-60],[-298,-132],[76,-115],[3,-52],[114,-74],[125,-128],[-129,15],[-18,29],[-73,7],[-134,-10],[-156,-14],[-99,13],[-203,81],[-12,-27],[-260,52],[-123,-14],[-184,71],[62,46],[-66,12],[13,46],[16,45],[-111,5],[-112,31],[-51,43],[-58,90],[-28,69],[-21,-51],[-44,28],[-110,62],[-182,2],[-25,-24],[-17,-18],[-422,-70],[-55,6],[-74,6],[-155,33],[-157,6],[-428,-23],[-149,-115],[-88,-52]],[[53284,53189],[-116,12],[-178,21],[-92,-8],[-101,55],[-428,68],[-74,55],[-248,196],[-280,-109],[-133,34]],[[46336,46482],[-67,112],[-63,100],[-30,43],[-70,113],[-85,108],[-54,69],[-78,222],[26,49],[67,114],[94,-19],[73,49],[61,128]],[[46210,47570],[62,99],[-45,160],[164,9],[2,105],[131,-6],[112,7],[106,44],[58,64],[188,263],[33,49],[106,142],[64,113],[102,86],[24,95],[8,95],[61,107],[89,15],[-7,59],[78,13],[-9,91],[119,151],[-59,25],[-124,36],[-254,47],[-327,95],[-92,17],[-150,28],[-53,22],[-90,89],[-24,25],[-188,-16],[-73,164],[-64,67],[12,56],[-179,126],[-19,128],[-27,162],[-27,4],[-18,1],[-27,0],[-27,0],[-28,-2],[-63,-6],[-36,-2],[-9,0],[-10,1],[-9,3],[-6,5],[-13,18],[-13,19],[-25,38],[-13,19],[-15,18],[-11,11],[-6,6],[-24,21],[-25,21],[-6,4],[-26,19]],[[53284,53189],[-247,-106],[-125,-70],[87,-68],[456,121],[46,10],[42,12],[56,14],[75,16],[37,5],[337,164],[64,7],[77,-30],[93,-36],[11,-62],[-112,-13],[-89,-60],[36,-105],[105,17],[-21,-100],[-134,-37],[-124,-1],[14,-219],[173,-59],[98,-91],[51,-126],[-23,-33],[-146,-22],[-53,44],[-145,-51],[65,-42],[19,-38],[-2,-29],[69,-33],[107,-189],[62,-120],[34,-24],[51,-34],[13,-51],[263,-146],[73,-25],[343,-94],[-47,-18],[-47,-62],[85,-28],[46,66],[127,-61],[37,33],[127,22],[102,11],[87,9],[79,33],[47,20],[47,36],[63,-31],[79,-93],[-88,-72],[333,-119],[64,-92],[-224,-325],[43,-73],[50,-85],[-73,-32],[71,-49],[-67,-45],[144,-104],[-39,-38],[-44,-51],[-25,-29],[3,-29],[-4,-43],[4,-31],[1,-14],[3,-34],[4,-20],[2,-3],[20,-18],[17,-18],[9,-15],[4,-16],[-12,-12],[-13,-7],[-6,-3],[-17,-9],[-11,-21],[3,-11],[9,-27],[14,-19],[16,-18],[14,-29],[22,-25],[16,-21],[0,-16],[-14,-13],[-77,-50],[-16,-16],[-13,-30],[2,-29],[1,-4],[7,-19],[15,-19],[54,-37],[37,-18],[39,-18],[37,-18],[59,-43],[27,-16],[10,-13],[-1,-26],[-14,-40],[0,-27],[18,-18],[30,-22],[21,-14],[30,-7],[19,-8],[7,-13],[-8,-14],[-20,-16],[-2,-5],[-7,-11],[-6,-25],[4,-15],[-66,-28],[-26,-126],[-11,-2],[-91,-20],[18,-41],[11,-27],[48,-64],[97,23],[55,-48],[30,-15],[62,-14],[46,-20],[66,-43],[60,-34],[91,-36],[12,-2],[40,-7],[89,-15],[29,5],[27,5],[70,4],[52,-11],[40,-25],[-11,-37],[10,-32],[15,-20],[8,-4],[24,-12],[41,-29],[35,-28],[24,-16],[4,-7],[5,-10],[-3,-9],[-3,-11],[-18,-40],[-17,-17],[-35,-9],[-37,-5],[-44,0],[-13,2],[-22,11],[-27,15],[-44,4],[-37,-5],[-30,-14],[-14,-16],[-8,-33],[5,-42],[24,-42],[31,-28],[192,-90],[38,-31],[8,-16],[-4,-22],[-39,-31],[-42,-13],[-32,-3],[-35,-12],[-21,-34],[-27,-25],[-58,-19],[-30,-26],[-6,-18],[11,-16],[25,-17],[37,-13],[75,-19],[93,-6],[50,-6],[37,-20],[4,-18],[-5,-17],[-21,-37],[24,-10],[99,-26],[87,-23],[-55,-36],[215,-147],[38,26],[-2,-96],[69,-51],[63,-50],[57,-46],[148,-81],[86,-47],[59,23],[68,-46],[699,-348],[103,66],[94,-50],[532,16],[-8,-73]],[[59917,56541],[175,-10],[135,-146],[82,-41],[57,-29],[27,19],[24,18],[55,132],[43,-27],[11,48],[7,35],[14,19],[47,37],[30,21],[54,0],[48,37],[28,49],[244,-218],[19,-93],[16,-65],[26,-144],[62,-80],[96,-40],[117,7],[126,42],[46,-289],[261,97],[68,-129],[55,-81],[84,-2],[59,-153],[52,-70],[101,35],[-60,110],[-15,33],[13,57],[74,37],[84,48],[197,208],[19,20],[45,-8],[47,-14],[27,-12],[12,-6],[48,-19],[41,-12],[18,-5],[50,-14],[40,-20],[34,-22],[30,-27],[28,-22],[41,-19],[38,-20],[45,-33],[34,-34],[34,-55],[15,-41],[-7,-53],[-16,-27],[-19,-34],[-12,-21],[40,5],[185,21],[201,18],[70,-297],[122,-509],[35,-83],[333,-225],[463,-308],[275,-177]],[[64795,53960],[66,-43],[34,-35],[271,-19],[91,-30],[294,-80],[77,79],[17,65],[47,10],[222,24],[78,-61],[61,-46],[-87,-18],[-85,-230],[60,-40],[48,-28],[73,-43],[-5,-78],[77,-180],[-9,-39],[96,-35],[44,-53],[51,6],[-56,-60],[-8,-72],[25,5],[26,3],[69,-79],[214,-99],[67,-29],[217,59],[55,-39],[10,-31],[31,-88],[17,-51],[344,-175],[101,43],[74,158],[113,-82],[-228,-168],[122,-7],[199,-136]],[[64958,60996],[325,-69],[109,-7],[223,-3],[93,-5],[69,-14],[103,-32],[230,-75],[99,-54],[101,-78],[65,-66],[206,-302],[28,-40],[45,-59],[68,-59],[72,-50],[303,-178],[62,-31],[53,-30],[50,-33],[34,-35],[30,-57],[6,-42],[-13,-48],[-13,-57],[0,-68],[9,-77],[9,-51],[21,-49],[26,-23],[6,-4],[65,-37],[29,-10],[176,-44],[31,-8],[27,-10],[34,-13],[24,-16],[16,-13],[21,-24],[17,-26],[16,-35],[33,-126],[9,-31],[2,-24],[0,-22],[-7,-14],[-22,-41],[-19,-29],[-16,-20],[-12,-16],[-55,-58],[-35,-34],[-12,-10],[-39,-31],[-70,-54],[-158,-155],[-61,-36],[-76,-42],[-56,-46],[-33,-43],[-19,-58],[0,-51],[3,-56],[29,-58],[79,-85],[167,-125],[57,-43],[339,-221],[53,-39],[185,-139],[80,-84],[68,-105],[140,-145],[171,-153],[411,-385]],[[68969,56485],[-255,-131],[-218,6],[-30,44],[-247,-72],[-24,-47],[-153,-106],[-124,-13],[-49,-92],[-123,-57],[-154,-36],[52,-55],[-134,15],[-137,-40],[-61,-29],[-147,-61],[-93,-42],[-95,-43],[-82,-126],[-35,13],[-40,0],[-22,-3],[-36,-4],[-61,-29],[-117,-33],[-80,-35],[-39,-63],[-21,-37],[-9,-35],[-38,-26],[-34,-24],[-85,-31],[-36,-26],[-45,-32],[-87,-33],[-51,-24],[-37,-45],[-21,-51],[-31,-52],[-47,-73],[-179,-120],[-31,-52],[-62,-60],[-87,-59],[-37,-47],[-30,-29],[-174,-101],[-101,-74],[-33,-25],[-84,-80],[-155,-249],[-48,-54],[-68,-10],[-39,-37]],[[77596,72865],[283,5],[64,54],[107,36],[83,-143],[45,12],[62,-93],[61,-90],[50,-44],[-7,-19],[-84,-55],[-132,-28],[119,-49],[103,6],[47,70],[265,-51],[337,5],[-19,60],[116,-52],[29,48],[29,45],[201,-36],[13,52],[407,-9],[-29,-80],[-84,-23],[1,-53],[-23,-90],[30,-144],[-37,-231],[-5,-42],[-9,-79],[-10,0],[-22,-5],[-21,-8],[-142,-59],[-33,-8],[-10,-3],[134,-87],[201,-30],[216,16],[95,20],[29,-62],[130,5],[178,39],[12,102],[86,11],[-20,65],[117,1],[72,-169],[53,-122],[13,-29],[23,-54],[87,-19],[-28,-48],[-127,-77],[53,-59],[108,46],[24,51],[72,149],[109,-33],[-106,-149],[63,-29],[209,-98],[36,-4],[57,100],[120,-229],[51,-99],[27,-56],[58,-25],[12,-94],[13,-105],[6,-51],[2,-16],[25,-198],[2,-15],[111,19],[18,-121]],[[81722,70310],[-76,7],[-290,-83],[-170,-131],[-127,-255],[-107,-53],[-61,81],[-27,40],[-19,37],[-149,-19],[-38,84],[-52,51],[-78,25],[-90,21],[-130,22],[-21,11],[-58,-50],[-53,-85],[-173,-57],[-43,-46],[-1,-31],[-4,-30],[-158,-82],[-5,-64],[158,7],[22,-18],[42,-36],[-16,-91],[-124,-58],[-150,-34],[-68,-39],[-52,-34],[-58,-27],[-68,-15],[-284,-152],[-114,-89],[-149,-35],[-50,116],[-29,-6],[-125,284],[-30,-23],[-52,-136],[-84,-86],[-83,-25],[-32,-43],[-81,-42],[-29,-119],[-54,-6],[-62,-18],[10,-89],[-43,-9],[-65,-7],[-36,-11],[29,-51],[-15,-49],[43,-17],[-111,-85],[24,-18],[-88,-158],[9,-41],[-119,-100],[106,-36],[-16,-22],[-56,-93],[-158,11],[-40,-51],[-4,-62],[-16,-32],[-44,9],[-69,-97],[-46,17],[-14,30],[12,26],[-46,42],[-50,-15],[-98,26],[-38,58],[-54,8],[-31,57],[-75,3],[-11,-24],[-10,-15],[-32,-15],[-55,3],[-39,8],[-28,13],[-96,9],[-35,1],[-16,6],[-31,21],[-22,37],[-12,14],[-25,2],[-35,-10],[-35,-3],[-40,5],[-23,13],[-27,15],[-17,-1],[-77,-26],[-55,-2],[-32,6],[-52,8],[-101,29],[45,71],[-54,18],[-57,28],[-61,41],[-27,27],[-25,38],[-30,36],[-33,37],[-39,44],[-11,46],[-3,39],[16,40],[50,16],[57,17],[25,40],[-5,74],[-173,52],[-118,16],[-116,22],[-94,9],[-103,-1],[-183,-40],[-94,-12],[-106,17],[-140,-7],[-107,-22],[-18,-5],[-68,-17],[-67,-36],[-62,-49],[-51,-80],[14,-63],[16,-26],[19,-33],[65,-68],[57,-68],[25,-67],[20,-64],[21,-66],[28,-46],[20,-25],[22,-25],[28,-67],[-9,-56],[-41,-51],[-69,-39],[-83,-10],[-87,17],[-49,35],[-27,39],[-20,25],[-46,50],[-26,36],[-28,51],[-15,16],[-28,28],[-54,30],[-95,36],[-82,27]],[[74139,68391],[-86,20],[-70,18],[-68,10],[-53,-2],[-44,-8],[-50,-7],[-53,2],[-34,10],[-37,25],[-40,38],[-44,38],[-27,28],[-16,17],[-46,34],[-49,17],[80,119],[-8,206],[-19,33],[-53,93],[-50,22],[-60,27],[-123,36],[-40,6],[-87,59],[-254,9],[-8,23],[-13,12],[-19,7],[-26,7],[-27,18],[-18,29],[-3,37],[5,33],[19,14],[36,-4],[23,4],[115,24],[80,21],[26,17],[28,37],[5,50],[-6,49],[1,33],[9,15],[33,13],[50,10],[47,-8],[24,-5],[46,25],[22,28],[-5,41],[-11,37],[-18,17],[-39,36],[-35,29]],[[73149,69890],[-6,26],[13,24],[32,7],[78,27],[76,43],[31,31],[4,41],[-22,50],[-65,37],[-9,13],[-3,28],[-13,50],[-29,62],[6,43],[7,74],[23,20],[40,13],[55,1],[52,-15],[46,-4],[50,0],[40,15],[54,33],[23,32],[16,37],[20,44],[6,22],[-17,56],[-37,55],[-22,55],[-7,42],[0,40],[36,70],[45,55],[27,48],[7,27],[11,36],[10,9],[29,8],[16,11],[4,69],[20,52],[-2,23],[-7,23],[17,65],[-88,30],[-103,-11],[-110,54],[-36,6],[-57,-8],[-102,-50],[-66,-24],[-79,7],[-78,159],[-107,24],[-159,-8],[-148,82],[-45,58],[41,35],[-59,28],[-53,24],[5,121],[60,21],[53,29],[42,24],[10,87],[33,58],[52,-21],[89,-39],[92,-91],[66,-65],[132,-19],[-2,-103],[116,-31],[123,50],[100,17],[92,-13],[111,-60],[60,-4],[71,4],[120,-20],[43,-14],[4,21],[-9,51],[2,73],[14,29],[-1,22],[-29,29],[-35,20],[-7,29],[-15,46],[-39,65],[-8,40],[-5,103],[-24,111],[-10,31],[-20,48],[-14,10],[-36,10],[-32,26],[-17,14],[32,33],[175,132],[118,-67],[47,-13],[45,44],[61,30],[46,-46],[114,43],[98,-52],[-59,-75],[-82,-178],[32,-27],[33,31],[5,12],[5,15],[21,44],[40,60],[10,15],[66,105],[60,45],[82,48],[65,36],[33,21],[17,43],[8,88],[202,25],[54,117],[80,56],[80,11],[149,37],[286,70],[69,40],[202,38],[106,14],[130,-9],[56,-108],[30,-88],[9,-42],[58,-123],[-3,-94],[109,-36],[79,-136],[20,-78],[-51,-95],[79,-96],[112,34],[187,-47],[47,108],[192,71],[131,37],[41,-20],[82,37],[55,96],[-9,90],[19,78],[7,30],[82,-50],[92,8]],[[73758,64886],[314,175],[58,-32],[63,33],[12,-23],[82,37],[90,45],[68,12],[26,-3],[16,-12],[-1,-17],[12,-39],[4,-33],[82,-59],[114,61],[7,51],[110,14],[-23,26],[132,18],[80,31],[62,-33],[16,10],[36,-21],[57,55],[209,-44],[-42,-146],[88,-168],[-152,-77],[29,-54],[157,-150],[-197,-89],[-54,-8],[-16,34],[-50,-83],[-144,-109],[-50,-108],[-21,-45],[15,-5],[39,-6],[36,-14],[23,-11],[44,1],[19,-12],[9,-16],[12,-34],[16,-32],[21,-18],[13,-16],[5,-25],[14,-15],[57,-20],[25,-25],[52,-29],[38,-41],[29,-27],[46,-20],[52,-15],[25,-26],[36,-21],[35,-10],[80,-5],[43,-11],[38,-10],[37,-28],[25,-18],[46,-20],[64,-15],[38,-13],[22,-21],[56,-53],[75,-59],[56,-63],[43,-33],[39,-15],[82,-12],[71,-19],[40,-18],[46,-37],[57,-58],[55,25],[43,-39],[113,-27]],[[76762,63149],[-8,-19],[-186,-106],[3,-12],[17,-75],[-35,-10],[-139,-38],[-40,-12],[-53,23],[-86,37],[-94,-35],[-33,-7],[-50,-10],[-87,-18],[-184,-39],[-309,2],[-70,-29],[-72,-35],[-89,-40],[-95,-101],[-11,-11],[-66,2],[-58,-83],[-80,-67],[-5,-62],[52,-25],[62,-28],[54,-59],[32,-45],[0,-49],[-74,-57],[-22,-43],[-95,-39],[-18,-44],[-66,-25],[-63,-36],[-87,-13],[-71,-28],[-61,-50],[-68,12],[-105,-92],[-29,-46],[-81,-18],[-40,-39],[-30,-69],[-45,5],[-284,-134],[11,-47],[25,-53],[8,-18],[37,-107],[11,-32],[90,6],[23,-49],[39,-85],[-87,-38],[7,-43],[-57,-32],[-14,-24],[-43,-73],[50,-21],[-23,-42],[14,-38],[55,-38],[38,-26],[137,-170],[78,-58],[272,-113],[160,-56],[227,-111],[48,-51],[80,-81],[14,-70],[93,-61],[128,-29],[20,-68],[62,-20],[34,-49],[122,-65],[304,-64],[129,-69],[-13,-19],[-3,-15],[-9,-12],[-9,-7],[-16,-6],[-93,-24],[-16,-9],[-15,-8],[-13,-10],[-6,-4],[-12,-11],[-11,-12],[-22,-23],[-2,-3],[-22,-27],[-18,-24],[-17,-26],[-13,-22],[-2,-4],[5,-59],[0,-15],[-1,-8],[-3,-8],[-22,-30],[-8,-11],[-11,-10],[-12,-9],[-13,-9],[-22,-8],[-18,-16],[-9,-10],[-5,-7],[-4,-5],[-2,-6],[1,-11],[17,-50],[3,-3],[2,-4],[2,-10],[-3,-9],[-14,-43],[-3,-8],[-4,-13],[-3,-8],[1,-12],[22,-224],[4,-15],[4,-18],[8,-15],[31,-37],[9,-6],[6,-4],[14,-14],[2,-5],[5,-9],[4,-13],[-1,-13],[-6,-14],[-7,-24],[-2,-23],[3,-23],[4,-19],[10,-23],[15,-16],[19,-20],[26,-21],[34,-26],[9,-8],[7,-7],[1,-7],[0,-8],[-8,-10],[-53,-50],[-3,-3],[-9,-7],[-6,-9],[-47,-98],[-4,-12],[-2,-11],[-7,-63],[0,-15],[0,-16],[1,-12],[5,-13],[10,-13],[61,-82],[6,-9],[1,-9],[-3,-9],[-24,-24],[-11,-11],[-9,-11],[-1,-13],[2,-13],[7,-16],[34,-63],[7,-24],[-1,-14],[-4,-12],[-3,-17],[-2,-25],[9,-18],[14,-11],[24,-9],[19,-4],[15,-1],[17,-4],[15,-5],[12,-8],[36,-28],[-31,-18],[-13,-8],[-18,-7],[-25,-5],[-28,2],[-39,8],[-83,18],[-18,1],[-16,-2],[-5,-8],[0,-8],[4,-11],[6,-7],[-23,-31],[-117,73],[11,89],[-23,151],[-277,347],[-22,10],[-63,48],[-94,101],[-63,30],[-87,59],[-98,70],[-103,35],[-138,-36],[-43,-58],[-26,-14],[-172,-95],[-38,-67],[-169,-64],[-14,-42],[-69,-22],[-49,38],[-38,50],[-54,28],[-58,-19],[-51,-37],[-58,97],[-86,99],[-128,-5],[-120,29],[-39,50],[-73,-14],[-53,9],[0,2],[4,45],[0,32],[-1,22],[-12,21],[-20,25],[-18,22],[-23,15],[-35,14],[-32,17],[-25,16],[-24,18],[-20,20],[-8,19],[-12,26],[-3,16],[4,15],[-158,28],[-91,8]],[[72691,58800],[-9,32],[-23,-9],[-35,27],[32,22],[-46,51],[-2,72],[-73,0],[-100,-93],[23,-13],[84,42],[3,-122],[-125,-71],[-219,-20],[-43,60],[-26,82],[-2,86],[105,48],[20,74],[-46,29],[-117,28],[-33,59],[-69,50],[-181,4],[-157,-10],[-139,30],[-208,194],[7,24],[-126,100],[-86,25],[-89,-53],[-75,-72],[-225,18],[-103,-71],[-127,-13],[-38,64],[-21,34],[40,7],[13,31],[22,44],[12,70],[327,7],[53,53],[-336,159],[-95,44],[30,43],[-15,71],[-37,22],[29,39],[-53,128],[-83,60],[76,44],[-120,101],[-57,124],[175,37],[-15,144],[-20,189],[-209,93],[-53,-35],[-108,-1],[-296,112],[1,43],[5,20],[55,38],[41,38],[69,56],[-160,115],[-48,30],[-65,40],[-99,63],[-112,70],[17,15],[123,109],[1,106],[-70,28],[-86,-6],[-184,88],[-48,23],[-13,-19],[-39,-29],[-42,-48],[-38,-24],[-47,0],[27,67],[-46,35],[-96,2],[-43,53],[-105,43],[-146,-123],[-175,47],[-14,23],[-1,42],[-51,-6],[-42,22],[-52,66],[-86,14],[68,106],[-31,44],[53,217],[-104,49],[2,151],[-204,300],[25,88],[-147,36],[-22,-91],[-138,5],[-101,-29],[-29,-26],[23,-25],[-77,-64],[-18,13],[-47,-36],[-43,-2],[-33,37],[-54,-5],[-21,-43],[14,-119],[-32,-16],[37,-130],[-84,-118],[-156,-97],[-85,24],[2,26],[-21,24],[-27,43],[-31,75],[-27,50],[-32,17],[-50,16],[-69,10],[-32,12],[-15,11],[-9,45],[-18,39],[-13,51],[-14,63],[-9,53],[21,37],[34,38],[7,18],[-11,27],[-14,39],[19,53],[30,46],[8,21],[71,8],[32,16],[27,34],[20,17],[102,58],[30,6],[56,34],[19,26],[-4,25],[-15,28],[-26,30],[0,28],[17,49],[45,30],[32,22],[42,37],[35,22],[41,8],[31,20],[45,21],[36,27],[75,23],[45,46],[-32,87],[300,58],[10,25],[-167,35],[-152,31],[-184,66],[-231,168],[-78,37],[-19,35],[-29,54],[-44,80],[104,131],[24,32],[141,78],[251,87],[92,18],[118,1],[100,47],[128,17],[48,59],[192,172],[26,75],[4,52],[-83,222],[-36,38],[59,77],[111,20],[93,50],[33,79],[15,38],[-12,48],[-49,19],[-98,103],[-34,91]],[[68015,66063],[239,53],[-42,-147],[335,-114],[20,-47],[270,-23],[11,-44],[13,-31],[27,-30],[36,-27],[28,-19],[8,-13],[11,-19],[28,-48],[23,-51],[-141,-367],[256,-102],[-15,-16],[50,-14],[181,-83],[117,-59],[86,-38],[53,-32],[94,-36],[180,-29],[240,3],[204,148],[57,-5],[58,139],[197,86],[-9,63],[-45,39],[-44,33],[-56,16],[-18,9],[-2,20],[10,16],[42,6],[38,16],[5,18],[-17,25],[-49,25],[-31,0],[-19,0],[-31,-6],[-18,12],[-1,19],[48,49],[54,34],[51,43],[2,28],[-11,46],[-30,29],[-14,22],[-1,31],[18,21],[56,28],[15,20],[-2,25],[-13,32],[1,34],[14,31],[229,8],[52,-38],[212,-57],[673,-375],[255,3],[87,55],[42,70],[143,63],[119,-21],[126,62],[30,-19],[18,25],[77,-23],[20,118],[178,43],[-154,-169],[-7,-325],[-18,-288],[-103,-124],[-119,-144],[114,-126],[91,-38],[151,-104],[96,-67],[102,41],[97,40],[204,84],[140,-8],[193,87],[-97,88],[225,143]],[[66487,66314],[23,1],[18,15],[6,18],[18,29],[24,15],[37,13],[56,17],[53,9],[57,18],[53,26],[45,-3],[33,-12],[117,53],[40,69],[91,57],[52,75],[261,58],[435,-151]],[[67870,66165],[145,-102]],[[72691,58800],[-45,-26],[-34,-20],[-240,-158],[-61,-41],[-21,-398],[-55,-201],[-79,2],[-89,-69],[-25,-19],[-60,1],[-75,2],[52,-44],[44,-31],[8,-61],[-27,-21],[-11,-7],[-23,-8],[-71,-26],[7,-14],[31,-64],[-37,-43],[84,-50],[24,-16],[57,-38],[-54,-99],[-40,-19],[-162,7],[-45,2],[-53,-75],[64,-15],[5,-112],[-69,-118],[57,-22],[144,129],[78,-44],[-142,-109],[118,-69],[-45,-47],[57,-41],[116,-86],[-50,-123],[-35,-46],[-98,-40],[-16,-7],[-53,-2],[-43,-42],[-25,-27],[-58,-3],[-125,-9],[-108,60],[-105,64],[-13,-25],[-12,-28],[-9,-13],[-15,-24],[-4,-22],[-2,-21],[-89,-35],[-78,-1],[-89,139],[-255,49],[-43,-9],[-168,19],[-118,-101],[-32,-106],[-153,-199],[-107,-81],[-58,-27],[-78,-36],[-66,-30],[-71,-57],[-24,-42],[23,-34],[12,-17],[9,-45],[-185,-111],[-40,-24],[-198,-3],[-73,0],[-71,0]],[[69351,55673],[8,303],[-8,85],[-22,69],[-38,65],[-44,54],[-85,73],[-119,101],[-74,62]],[[66167,70103],[43,47],[-22,85],[186,129],[-23,20],[-131,10],[19,36],[200,76],[131,50],[70,16],[59,14],[89,76],[127,58],[122,32],[120,56],[111,145],[140,-29],[-50,-114],[102,-55],[81,14],[58,10],[1,48],[9,46],[30,20],[154,66],[37,29],[68,85],[22,66],[0,9],[-1,6],[-5,7],[-10,11],[-12,11],[-7,5],[-8,3],[-55,30],[-13,17],[-3,6],[-3,7],[-2,7],[-1,14],[-1,21],[3,36],[0,7],[0,15],[-13,45],[-13,94],[-6,48],[33,19],[-61,74],[139,32],[69,15],[63,18],[-30,74],[-35,86],[152,122],[-88,115],[32,77],[81,193],[96,18],[194,104],[184,100],[61,-64],[-3,-277],[-122,-181],[-9,-153],[-151,-187],[92,4],[81,40],[59,27],[78,34],[40,32],[33,39],[11,52],[19,39],[54,49],[72,44],[62,51],[37,51],[37,50],[61,44],[77,28],[82,10],[56,17],[55,38],[61,20],[54,-2],[55,-22],[172,-46],[73,3],[76,-62],[-33,-53],[153,-278],[101,38],[11,-25],[-7,-34],[-10,-46],[-50,-38],[-44,-78],[-380,-366],[-220,-197],[-220,-63],[-76,-252],[176,-31],[58,-96],[29,-66],[23,-51],[-57,-21],[0,-64],[1,-53],[107,-62],[-35,-110],[27,-29],[54,5],[2,66],[13,40],[28,18],[41,6],[75,24],[84,70],[68,64],[54,39],[43,13],[92,-3],[57,-49],[81,-22],[22,65],[104,38],[170,-20],[46,-16],[119,-23],[69,-6],[207,24],[106,55],[56,-4],[-196,-181],[129,-8],[123,-25],[68,30],[42,4],[225,8],[125,-124],[-97,-136],[47,-45],[73,-47],[202,-51],[147,6],[31,-37],[297,-2],[217,62],[200,105],[36,-22],[42,-17],[-16,-166],[48,5],[73,-96],[117,-44],[199,-1]],[[74139,68391],[-85,-60],[-27,-97],[132,-93],[19,-97],[19,-98],[-34,-40],[30,-83],[-56,-81],[35,-13],[-175,-209],[156,-43],[106,24],[255,83],[89,-125],[63,-88],[-171,-50],[111,-54],[-113,-81],[-40,-29],[23,-104],[-194,-87],[-73,-58],[-1,-33],[11,-6],[11,-19],[11,-51],[22,-44],[55,-80],[18,-24],[18,-15],[23,-1],[40,10],[30,-1],[30,-27],[39,-22],[93,-11],[44,9],[42,0],[127,-50],[-95,-38],[-55,4],[-132,-65],[-54,-113],[-142,-179],[-51,51],[-12,109],[-44,43],[-65,-30],[-101,-45],[3,-44],[-66,-59],[-194,122],[-127,32],[-52,-11],[4,-187],[-5,-136],[69,-64],[35,-32],[8,-55],[131,17],[1,-26],[-114,-30],[-115,-46],[4,-4],[11,-15],[34,-20],[58,-10],[46,-10],[39,-20],[15,-24],[14,-36],[19,-36],[9,-4],[52,-18],[13,-3],[24,-8],[37,-17],[7,-9],[18,-21],[3,-4],[-14,-64],[5,-19],[19,-17],[19,-37],[19,-8],[20,1],[-2,-46],[-31,-42],[-95,-107],[-81,-34],[-134,-173],[-19,-70]],[[81722,70310],[51,-102],[52,17],[8,2],[22,-49],[63,-146],[17,-23],[52,-71],[-33,-28],[-10,-9],[0,-141],[39,-25],[-45,-53],[56,-31],[0,-21],[-35,-40],[36,-42],[10,-13],[1,-71],[-10,-4],[-19,-8],[14,-39],[10,-30],[-30,-11],[-12,-5],[4,-11],[20,-52],[-67,-34],[-99,-47],[-52,-83],[40,-5],[-2,-5],[-17,-33],[79,-10],[23,-108],[27,2],[36,5],[71,11],[17,2],[11,2],[54,15],[52,20],[58,9],[14,0],[28,-2],[60,-15],[42,-14],[27,-9],[6,-3],[32,-7],[28,-8],[46,-6],[38,6],[23,11],[19,9],[8,3],[26,11],[98,4],[-20,-115],[111,-14],[14,-2],[7,-9],[31,-49],[216,20],[-5,-170],[130,-25],[62,-80],[-59,-146],[-4,-60],[-6,-86],[-4,-64],[-125,-239],[88,-27],[-26,-66],[19,-49],[151,-88],[131,-106],[102,-8],[82,-10],[38,-54],[16,-55],[18,-65],[57,14],[82,-189],[-47,-65],[18,-80],[44,-70],[77,-62],[-85,-59],[-46,-28],[110,-130],[-104,-159],[89,-294],[-232,-176],[-159,-123],[-26,-37],[-19,-27],[34,-10],[-23,-45],[-206,-408],[-153,-57],[-407,194],[45,59],[-102,24],[-101,-53],[-172,-101],[-75,-42],[-87,-32],[-106,13],[63,59],[102,189],[-346,65],[-55,129],[5,71],[-59,102],[-41,-13],[-166,-46],[-31,18],[-50,-6],[-42,59],[-79,-24],[-46,-15],[-78,39],[-98,16],[-18,-54],[-146,29],[-4,46],[-161,-12],[-174,-71],[-50,10],[-52,-13],[-275,-62],[20,-88],[-44,-29],[-7,-143],[26,-75],[-152,-39],[-99,-28],[4,-62],[-178,-15],[-20,-91],[-144,-81],[137,-210],[275,89],[149,-188],[41,-60],[16,-24],[59,-74],[-121,-161],[48,-43],[100,57],[39,-35],[193,-154],[125,85],[98,11],[-43,-188],[76,-45],[43,5],[19,-98],[74,-46],[120,-47],[107,-85],[-117,-33],[-56,-42],[-115,-93],[-176,-144],[-47,-31],[-53,-17],[-51,-1],[-30,117],[-103,-18],[-53,-33],[-70,-84],[140,-28],[-26,-36],[-2,-3],[-30,-37],[-53,-41],[-31,-15],[-6,-5],[-8,-3],[-7,-5],[-7,-4],[-32,-15],[-15,-8],[-29,-18],[-22,-13],[-20,-14],[-14,-10],[-11,-10],[-35,-33],[-8,-11],[-3,-13],[2,-12],[11,-12],[18,-12],[26,-10],[80,-16],[18,-3],[11,-8],[6,-11],[2,-11],[0,-8],[-3,-8],[-6,-9],[-16,-22],[-28,-40],[-9,-13],[-10,-18],[-5,-17],[-3,-11],[0,-10],[-19,-2],[-168,-13],[-87,18],[-120,53],[-91,41],[-147,23],[-159,-41],[-81,8],[-99,36],[49,81],[-11,50],[-49,89],[-30,9],[-226,62],[-112,30],[66,119],[53,31],[23,46],[11,23],[-38,21],[-184,-17],[-43,23],[-35,60],[-170,76],[-66,-10],[-41,30],[189,196],[-110,38],[-140,-25],[-23,71],[-14,41],[-67,-19],[-22,-53],[-1,-17],[-5,-101],[-49,-14],[7,-80],[80,-60],[2,-41],[-97,-150],[-83,-62],[-156,-28],[-125,-67],[-168,13],[-58,-39],[-9,-19],[-36,-82],[-54,-5],[-57,-4],[-176,-70],[-122,-12],[-57,-32],[-221,-3],[-76,21],[-207,-141],[25,-29],[120,-141]],[[79970,87582],[-118,-235],[-113,-84],[7,-34],[-72,-71],[7,-83],[-32,-134],[174,-131],[67,-63],[54,41],[76,-23],[-41,-123],[266,-24],[24,-73],[18,-57],[22,-60],[10,-29],[7,-20],[29,-81],[-132,-110],[-180,-296],[-63,-3],[-123,-6],[-34,-2],[-40,-64],[-33,8],[-75,17],[-54,-55],[-83,-85],[-26,-27],[-177,-11],[25,-64],[126,-45],[40,22],[42,-169],[9,-41],[91,-348],[1,-180],[-102,-16],[5,-67],[-11,-37],[-29,-45],[-46,-73],[-59,-68],[-50,-93],[-30,-57],[-63,15]],[[79284,84398],[-3,26],[-7,48],[7,74],[-2,17],[-17,26],[-37,21],[-17,1],[-21,-8],[-16,-9],[-31,-17],[-38,-14],[-57,10],[-45,-5],[-36,1],[-39,-7],[-23,-6],[-23,-17],[-11,-17],[-11,-17],[-30,-14],[-30,-5],[-43,-3],[-41,5],[-12,13],[-13,19],[-13,14],[-33,6],[-52,2],[-27,11],[-29,18],[-14,6],[-18,1],[-62,-9],[-45,-13],[-28,-18],[-15,-11],[-30,-2],[-20,-9],[-11,-39],[8,-32],[-4,-24],[-22,-18],[-60,-23],[-17,-20],[-24,-35],[-33,-9],[-36,1],[-22,-8],[-18,-23],[-25,-22],[-55,-23],[-42,-13],[-20,-6],[-68,-16],[-102,-19],[-32,4],[-22,5],[-28,4],[-22,-2],[-29,-10],[-32,-28],[-38,-34],[-22,-21],[-39,-8],[-65,-8],[-45,9],[-37,2],[-84,2],[-15,1],[-28,1],[-19,13],[-30,42],[-26,15],[-42,7],[-43,8],[-24,4],[-45,39],[-97,10],[-19,-58],[-68,-120],[-172,-8],[-65,-2],[-39,-2],[-400,-28],[-73,25],[-40,-198],[67,-14],[9,30],[63,11],[19,-37],[29,-59],[100,-84],[27,-34],[-97,-48],[44,-97],[175,46],[153,-222],[280,44],[146,-83],[180,45],[58,-20],[83,-29],[-88,-69],[-245,-49],[32,-69],[-300,-15],[-313,-15],[-48,40],[-82,2],[-331,-55],[-94,-26],[-93,-19],[-44,98],[-130,-31],[-117,-5],[-335,123],[198,81],[-126,96],[-114,-95],[-48,44],[25,22],[-72,98],[-247,-8],[23,65],[-87,32],[-82,-57],[37,-26],[-59,-32],[-38,-21],[-125,-70],[-49,58],[-141,174],[-46,56],[-37,45],[195,55],[-160,122],[-28,20],[-88,23],[-180,170]],[[73910,84062],[170,144],[51,18],[81,4],[84,83],[34,41],[3,66],[-19,61],[-29,83],[-75,78],[-42,40],[-31,17],[-69,-1],[-25,53],[6,91],[36,86],[24,80],[6,31],[-3,38],[7,28],[16,22],[11,29],[6,27],[-18,41],[-47,44],[-45,43],[-149,164],[-176,181],[-239,123],[44,64],[22,25],[-31,30],[-14,37],[-21,21],[-55,16],[-51,8],[-51,-3],[-48,-3],[-159,38],[-146,63],[-58,29],[305,137],[195,20],[222,4],[218,143],[173,114],[135,137]],[[73910,84062],[-18,-63],[-22,-37],[-35,-69],[-45,-58],[-25,-34],[-23,-41],[-22,-68],[-8,-62],[-7,-52],[-220,-181],[-160,-206],[-1,-167],[89,-48],[12,-18],[36,-54],[-36,-94],[-100,46],[-109,51],[-86,-105],[-41,43],[-73,-40],[64,-61],[81,-43],[33,-18],[195,2],[-124,-382],[-76,-21]],[[73189,82282],[-225,-124],[-17,-86],[-114,-124],[-86,-58],[-502,-198],[-68,-3],[-540,-24],[-58,-13],[-173,104],[-59,51],[-154,146],[-82,-61],[-54,-23],[-156,-18],[-63,-7],[-19,56],[-12,82],[48,11],[45,140],[-58,115],[-78,-24],[-37,35],[-295,-5],[-341,179],[-116,59],[-42,36],[11,96],[-45,122],[0,92],[-1,117],[-95,131],[-22,142],[35,131],[8,39],[-18,33],[-37,22],[-19,13],[-43,8],[-42,18],[-17,3],[-55,0],[-25,6],[-45,20],[-51,47],[-18,63],[-183,38],[-194,-57],[-192,-161],[103,-143],[113,-48],[15,-109],[-940,-464],[-345,-461],[-99,-104],[-37,7],[-51,-101],[-92,-112],[-111,91],[-165,93],[-39,21],[40,33],[-37,39],[-17,19],[-107,-34],[-164,54],[-63,3],[-82,44],[-121,48]],[[66462,82652],[-54,19],[-138,70],[-161,-64],[-68,-26]],[[65834,82479],[-62,-7],[-162,-17],[-173,-111]],[[64044,75577],[38,11],[139,-39],[60,-17],[60,-16],[98,-88],[33,77],[66,-35],[142,35],[219,2],[112,127],[32,18],[33,37],[26,32],[41,40],[40,19],[26,10],[68,18],[42,0],[35,4],[21,14],[10,36],[-5,46],[2,16],[4,28],[19,14],[24,3],[29,-6],[34,-12],[57,-42],[39,-30],[35,-6],[27,9],[16,21],[12,46],[19,21],[60,20],[77,-27],[57,29],[25,76],[78,37],[33,47],[160,18],[14,-38],[-90,-67],[105,-46],[34,-48],[5,-7],[157,-76],[51,-25],[22,-110],[51,-276],[-41,-108],[26,-76],[20,-42],[65,-80],[-25,-195],[-40,-38],[31,-92],[-89,-60],[-75,-122],[-19,-128],[-44,-32],[53,-23],[64,29],[28,30],[22,43],[124,116],[97,16],[205,-24],[100,8],[-33,65],[239,72],[73,-88],[129,80],[116,100],[-3,-47],[-10,-68],[-28,-97],[1,-71],[86,-116],[-25,-37],[212,-110]],[[67795,74382],[-48,-126],[-45,-39],[-48,-173]],[[67654,74044],[-26,-30],[26,-63],[-116,-120],[-119,-76],[12,-43],[211,-69],[183,-104],[81,-14],[-51,-157],[123,-97],[8,-79],[173,-227],[-49,-29],[-91,-37],[-62,-16],[-13,1],[-68,4],[-52,31],[-39,11],[-49,1],[-46,-7],[-57,-6],[-60,8],[-56,-3],[-195,-43],[-147,-32],[-55,-21],[-44,-23],[-14,-49],[-24,-115],[-8,-37],[-5,-31],[-9,-45],[-14,-38],[-37,-47],[-132,-103],[-46,-23],[-71,-25],[-103,-59],[-20,-12],[-32,-19],[-70,-23],[-68,-4],[-35,1],[-28,13],[-16,10],[-49,39],[-86,67],[-37,10],[-83,5],[-144,48],[-96,29],[-75,16],[-92,4],[-78,-1],[-57,-15],[-57,-20],[-54,8],[-56,30],[-33,37],[-48,43],[-74,48],[-15,13],[-19,19]],[[67654,74044],[834,41],[-95,110],[844,223],[-12,118],[-14,200],[388,169],[20,-3],[172,-18],[269,-28],[11,160],[61,-9],[-15,31],[114,27],[30,-19],[85,-33],[58,6],[-67,61],[108,31],[197,178],[185,60],[20,-18],[-11,91],[172,19],[141,-64],[117,5],[6,46],[115,-85],[226,32],[9,-41],[3,-41],[401,-36],[49,111],[157,-42],[48,0],[-5,59],[112,47],[163,10],[15,168],[-200,7],[7,105],[199,12],[1,113],[-12,112],[9,82],[19,52],[96,133],[60,88],[10,102],[-104,181],[-38,21],[-47,271],[82,-4],[35,89]],[[72682,76974],[40,3],[78,-24],[69,-20],[121,-3],[71,-2],[3,-150],[-30,-99],[16,-27],[-21,-107],[20,-86],[-7,-37],[10,-66],[19,-29],[1,-17],[-32,-28],[-9,-37],[10,-87],[95,-116],[-21,-15],[19,-43],[71,19],[109,82],[31,-17],[34,65],[47,-14],[94,-30],[98,-76],[148,183],[148,-8],[-8,-28],[57,-8],[62,31],[86,-3],[87,-20],[372,-93],[176,-3],[80,0],[27,-110],[75,53],[28,-63],[45,15],[46,15],[133,-131],[-51,-45],[39,-60],[80,-39],[94,-329],[65,-71],[121,55],[163,1],[15,-55],[1,-49],[-5,-66],[13,-47],[37,-38],[-29,-13],[55,-61],[84,-63],[5,-10],[93,20],[-56,-80],[-9,-9],[-49,-12],[4,-23],[314,-79],[109,-49],[26,-29],[-60,-160],[188,-21],[95,-32],[75,-79],[264,-9],[143,12],[270,5],[298,-34],[26,30],[87,-49],[60,12]],[[77745,74367],[129,-79],[61,63],[131,22],[125,-23],[95,-3],[40,-87],[-162,-21],[-33,-54],[9,-36],[63,-36],[59,-70],[11,-80],[-88,-83],[-75,-21],[-3,-51],[-32,-109],[-60,-101],[24,-43],[-39,-94],[-263,-192],[-150,32],[-216,19],[-82,-151],[8,-101],[208,-18],[16,-66],[22,-81],[53,-38]],[[73497,73628],[24,-19],[30,11],[-30,54],[36,30],[54,-4],[49,79],[45,80],[63,43],[103,39],[35,67],[65,42],[-63,108],[-507,-486],[52,-28],[44,-16]],[[65160,78284],[259,45],[11,63],[200,69],[144,-23],[157,-144],[102,172],[59,60],[46,28],[132,-20],[178,-50],[56,-17],[45,-17],[-42,-63],[90,4],[58,-131],[113,15],[107,9],[38,-15],[55,54],[50,28],[47,7],[44,-9],[56,-29],[42,-32],[-21,-67],[-25,-49],[-5,-46],[18,-23],[23,-16],[45,-36],[51,-13],[187,-24],[47,-10],[38,-20],[41,-30],[55,-18],[-17,-23],[-34,1],[-109,63],[-53,17],[-97,-21],[-74,-16],[-5,-30],[109,-25],[93,-38],[76,-37],[54,-40],[91,-92],[115,78],[12,39],[-33,19],[-1,52],[-21,54],[51,-7],[49,-22],[28,-19],[64,-45],[-77,-205],[-25,-66]],[[67857,77573],[-34,-160],[11,-88],[-138,-178],[-140,-87],[-174,-193],[170,-125],[300,-77],[129,-3],[58,-2],[33,-26],[63,-8],[86,-12],[164,46],[39,-121],[103,-114],[-6,-30],[192,-403],[-55,-57],[-24,-61],[-28,-42],[-121,-68],[-40,-23],[-52,-88],[-126,-34],[-92,-81],[29,-27],[-375,-366],[-47,-148],[28,-220],[-22,-86],[43,-153],[-36,-156]],[[80440,87601],[70,-37],[763,-81],[190,220],[274,41],[21,20],[2,22],[-9,32],[165,161],[82,27],[106,36],[37,-50],[84,-111],[118,15],[143,20],[150,0],[254,0],[32,-2],[207,-131],[141,-89],[61,-39],[35,-22],[68,-79],[92,-98],[194,-208],[100,-107],[16,-145],[196,20],[-1,-45],[2,-19],[3,-20],[-2,-38],[-12,-29],[-33,-24],[-14,-28],[-17,-31],[-29,-26],[-23,-33],[-31,-33],[-3,-6],[-11,-18],[-32,-32],[-24,-27],[-26,-30],[-37,-24],[-54,-15],[-46,-12],[-52,-10],[-58,-13],[-50,-6],[-98,-236],[-23,-291],[9,-260],[8,-140],[108,-162],[53,-79],[67,-32],[114,-54],[85,-102],[26,-33],[118,-143],[155,-11],[-19,-84],[-22,-99],[94,-150],[93,-114],[41,32],[232,-175],[114,-87],[26,-75],[-71,-35],[92,-141],[-73,-46],[4,-10],[27,-65],[-108,-48],[8,-34],[7,-35],[22,-101],[-52,-27],[-78,0],[-9,-55],[100,-10],[-261,-270],[-167,-103],[-61,-39],[80,-120],[241,-85],[181,-56],[126,-39],[97,-33],[171,-71],[49,-92],[24,-47],[98,1],[24,-289],[-17,-44],[-36,-93],[-36,-95],[-103,-162],[-26,-100],[8,-91],[-174,-306],[-51,-130],[-65,-75],[-25,-203],[3,-75],[-73,-36],[-74,-17],[11,-51],[-72,-26],[19,-77],[-75,-31],[-34,-141],[-14,-54],[-10,-47],[94,-36],[21,-38],[39,-73],[62,-108],[33,-53],[-87,-46],[-137,-26],[-264,-50],[-184,15],[-118,-19],[-5,-58],[-2,-25],[-98,-77],[-79,-9],[-56,-7],[-40,-31],[-46,-36],[-15,-91],[16,-24],[11,-16],[11,-15],[16,-25],[38,-26],[20,-13],[10,-7],[14,-9],[10,-4],[24,-9],[35,-13],[15,-5],[74,11],[20,20],[27,30],[79,-7],[-103,-205],[-28,-55],[-72,43],[-41,25],[-295,-80],[-109,-7],[-80,-76],[-42,26],[-54,35],[-13,47],[-84,-7],[-18,25],[-160,12],[-81,66],[-45,-32],[-34,-33],[-142,160],[-304,-4],[-129,36],[-182,-19],[-86,-41],[-32,216],[-29,186],[-44,19],[-41,39],[-25,94],[-79,13],[-176,30],[-94,26],[-35,48],[-45,-13],[-42,41],[-35,-8],[-20,48],[-186,11],[-67,49],[1,61],[-70,103],[-187,-1],[54,-161],[-80,-63],[-73,-27],[-72,-27],[-86,2],[-62,18]],[[80201,80238],[62,93],[-281,442],[75,239],[0,57],[-22,59],[-51,95],[-121,55],[-151,59],[-151,109],[-42,30],[-15,65],[-34,84],[-65,86],[27,67],[40,97],[25,46],[107,109],[141,167],[-36,28],[-37,8],[-163,32],[-73,142],[-22,42],[38,18],[25,31],[-232,169],[30,16],[-21,21],[10,62],[47,36],[-30,47],[-117,164],[26,120],[19,141],[-39,99],[-63,203],[-56,102],[-12,22],[178,59],[185,24],[61,264],[41,12],[53,120],[120,-18],[-9,108],[-339,69],[-45,60]],[[73189,82282],[17,-201],[110,-160],[41,-32],[37,-29],[213,-189],[138,-109],[65,-52],[75,-98],[-40,-8],[-61,-124],[-73,-150],[41,-157],[33,-45],[23,-34],[31,-41],[32,-43],[-61,-50],[-227,-3],[-42,-115],[-39,-15],[-52,-69],[-97,-89],[-119,-111]],[[73234,80358],[-45,8],[-59,-71],[-105,-209],[-78,-17],[-50,-33],[-132,-90],[-49,-33],[15,-45],[35,-108],[87,-102],[-102,-43],[-302,17]],[[72449,79632],[-38,2],[-398,-98],[-112,45],[11,-328],[25,-58],[-24,-41],[-18,-34],[-99,1],[-49,-5],[-45,-16],[-52,-59],[-31,-15],[-15,-12],[-4,-12],[4,-30],[13,-39],[-2,-32],[-11,-13],[-71,-49],[-52,-51],[-15,-9],[-44,-7],[-36,-15],[-37,-30],[-90,74],[-42,16],[-48,53],[-142,113],[-4,49],[-97,90],[-108,-55],[-65,-51],[-53,-118],[-157,-188],[9,-60],[-122,-109],[-19,-76],[-43,-32],[-38,-22],[-71,-104],[-9,-152],[51,-60],[-39,-134],[65,-60],[56,-35],[31,-57],[-50,-133],[-60,-72],[-39,-19],[-65,-14],[-40,-45],[-175,-70],[-86,-76],[-58,10],[-170,22],[-175,-50],[-70,-37],[-23,124],[-39,-1],[10,-54],[-87,7],[-8,1],[-9,-1],[-99,150],[-219,58],[-146,-3],[-79,-36],[-222,4],[-42,-28],[-117,107],[-41,-45],[-123,-172],[-104,-17],[-221,154]],[[72682,76974],[-203,117],[-67,65],[-64,64],[-66,19],[-106,95],[5,56],[4,55],[48,34],[70,51],[70,256],[34,78],[-56,209],[-59,58],[77,59],[39,30],[64,24],[46,-28],[83,36],[38,17],[-30,54],[97,63],[-67,99],[146,47],[34,19],[75,42],[71,6],[-21,190],[121,17],[-42,35],[-108,88],[-33,40],[-52,66],[-122,-5],[-48,-38],[-41,81],[-22,151],[-63,37],[-77,337],[-8,34]],[[73234,80358],[53,-88],[51,-45],[73,-66],[14,-103],[-41,-105],[44,-30],[48,-33],[55,69],[115,-64],[82,16],[27,1],[10,-133],[5,-58],[339,-48],[102,13],[64,27],[38,-78],[86,31],[43,52],[208,-101],[71,-15],[1,-104],[39,-47],[131,-159],[34,39],[102,22],[-5,51],[39,21],[318,-124],[62,-24],[23,-57],[-1,-65],[18,-41],[61,-10],[171,-25],[76,-63],[66,-40],[37,37],[141,-68],[21,-17],[14,-40],[37,-97],[12,-36],[-51,-25],[15,-19],[69,-86],[12,-89],[97,4],[-48,-101],[128,-3],[56,-29],[71,-37],[82,13],[66,-26],[22,19],[64,2],[44,14],[57,81],[88,-69],[86,17],[122,49],[83,-56],[22,70],[64,34],[30,-20],[66,61],[316,-178],[38,-1],[88,-2],[89,-96],[177,-89]],[[78071,78191],[72,-92],[-5,-82],[56,-233],[42,-88],[35,-54],[33,-51],[61,-52],[-137,-84],[-155,-52],[-104,-7],[-66,-18],[51,-44],[46,-40],[-35,-73],[24,-84],[-93,-143],[10,-76],[46,-37],[-37,-47],[119,-101],[149,-3],[27,-138],[51,-1],[-4,-67],[-66,-95],[29,-81],[103,21],[-67,-68],[13,-70],[168,-25],[45,-29],[85,-54],[12,-63],[-21,-51],[63,-50],[110,-86],[50,-138],[46,-29],[154,-30],[74,-18],[18,-5],[133,-34],[14,-3],[-39,-114],[5,-29],[34,-190],[13,-66],[-70,-35],[-23,-12],[-43,-54],[25,-96],[-334,-67],[38,-110],[-171,-29],[-263,-40],[-51,-53],[-6,-31],[-17,-88],[23,-41],[-398,-66],[-85,-14],[-110,-27],[-3,-87]],[[78397,78354],[57,183],[149,60]],[[78603,78597],[37,-114],[-84,-62],[-159,-67]],[[80201,80238],[-31,-34],[-212,-33],[8,-28],[4,-2],[33,-18],[-4,-54],[-59,-96],[24,-110],[-186,-119],[27,-10],[19,-15],[-270,-261],[-53,22],[-111,-99],[-54,-71],[-46,-58],[28,-33],[-73,-59],[-32,5],[-52,-61],[-184,58],[-51,-55],[-26,-61],[-57,-21],[-92,-34],[-81,-92],[-41,-47],[-64,-55],[-80,-67],[17,-19],[101,-114]],[[78397,78354],[-49,-82],[-171,-64],[-61,4],[-45,-21]],[[36083,52747],[115,16],[88,11],[213,-88],[34,-71],[178,-44],[6,-48],[55,30],[33,-20],[57,-35],[182,-6],[336,-25],[3,-60],[-25,-81],[80,-84],[77,-82],[505,-174],[33,-35],[46,0],[71,-97],[20,-189],[-19,-47],[3,-33],[14,-29],[25,-17],[47,-11],[291,6],[179,-78],[165,-140],[168,-56],[-64,-218],[76,-39],[94,-51],[-163,-230],[56,-40],[-39,-79],[46,-106],[148,-52],[23,-83],[45,-25],[110,-58],[75,2],[277,97],[80,-84],[198,90],[33,-26],[-61,-82],[-258,-167],[-174,64],[-131,-103],[-201,-41],[-48,-36],[-81,-226],[71,-41],[154,-66],[103,208],[368,108],[77,-71],[171,-77],[-98,-76],[142,-121],[112,55],[47,25],[73,4],[57,-12],[43,-24],[51,-29],[44,-55],[139,-49],[65,-66],[152,-152],[24,-224],[15,-137],[74,-61],[90,12],[162,-5],[3,-40],[-137,-214],[42,-63],[79,-45],[187,-1],[433,-168],[15,-197],[94,-164],[-121,15],[-83,7],[-63,-88],[-85,-119],[79,-29],[388,-146],[135,64],[45,55],[101,10],[-1,-28],[16,-20],[26,-10],[40,-10],[37,-14],[33,-23],[55,-36],[77,-30],[93,-23],[78,-8],[61,-4],[32,-9],[98,-161],[38,5],[170,19],[122,14],[18,-62],[195,14],[-48,116],[-117,95],[-35,11],[-31,2],[-33,-1],[-169,-24],[-87,8],[23,63],[-15,29],[-324,54],[59,61],[-83,21],[65,47],[11,55],[77,72],[168,34],[78,-5],[28,-63],[61,-33],[46,123],[32,-32],[38,-12],[29,3],[22,2],[17,-3],[9,-12],[11,-14],[9,-15],[10,-14],[20,-10],[24,-2],[26,-4],[26,-5],[16,-6],[15,-6],[15,-13],[7,-18],[6,-21],[10,-19],[29,-35],[65,-38],[54,-16],[56,-11],[26,0],[19,4],[21,8],[21,12],[13,14],[7,19],[0,22],[3,12],[17,16],[19,5],[26,-6],[13,-15],[8,-26],[0,-21],[-5,-22],[-4,-14],[5,-12],[12,-8],[38,-14],[63,-17],[55,-4],[86,-14],[45,-32],[32,-28],[5,-20],[8,-33],[10,-11],[33,-13],[45,-31],[16,-28],[14,-30],[38,-24],[47,-13],[19,-2],[14,-7],[23,-36],[36,2],[67,2],[-56,36],[26,65],[194,16],[137,41],[14,-46],[75,21],[-19,46],[88,49],[113,-193],[76,-85],[11,-46],[346,48],[214,29],[106,93],[151,109],[79,-16]],[[37204,43576],[-83,-32],[-117,-28],[-99,-6],[-90,15],[-77,22],[-108,57],[-101,89],[-54,117],[-158,493],[-502,-230],[-181,-188],[-142,5],[-192,-104],[-297,56],[-296,-254],[71,-27],[30,0],[22,-8],[17,-23],[64,-52],[22,-31],[21,-22],[31,-21],[17,-20],[30,-59],[5,-31],[-7,-20],[4,-18],[13,-24],[-4,-14],[-13,-11],[-20,-7],[-18,-10],[-3,-18],[7,-12],[29,-36],[-128,-23]],[[34897,43101],[-131,60],[4,116],[-49,69],[-250,160],[-125,-104],[-100,13],[-80,-10],[-41,-19],[-80,50],[-66,-18],[-12,27],[-106,-24],[-41,-48],[-147,103],[-270,-8],[3,102],[-43,35],[-134,108],[-195,86],[-111,-7],[-26,45],[-28,45],[-64,95],[-31,50],[-45,70],[-35,58],[-19,32],[-6,13],[-8,21],[-8,19],[-13,27],[-14,39],[-20,56],[-149,20],[-79,28],[-82,161],[-42,242],[32,159],[-169,-26],[2,32],[1,36],[67,27],[72,79],[116,27],[-147,40],[-152,106],[33,32],[-190,38],[-29,51],[2,48],[23,32],[32,49],[7,59],[3,40],[-2,44],[-24,50],[-36,32],[-54,17],[-61,25],[-46,33],[-30,35],[-13,47],[-4,51],[28,28],[-3,47],[24,21],[55,46],[-72,84],[-32,21]],[[31687,46223],[38,32],[149,52],[-27,70],[-97,-9],[-16,53],[206,105],[148,3],[31,84],[212,-118],[98,17],[75,12],[69,120],[138,13],[288,26],[-347,160],[134,168],[-12,20],[-21,52],[-24,100],[-21,24],[-35,66],[-17,43],[-34,29],[-21,40],[-34,26],[-34,47],[36,12],[62,20],[-16,48],[194,90],[169,35],[77,-71],[78,121],[76,-123],[39,9],[24,-60],[61,-86],[99,-94],[273,-127],[52,-20],[198,25],[137,38],[150,100],[174,84],[166,-34],[273,-54],[237,142],[165,-62],[75,131],[139,46],[-8,52],[433,45],[238,157],[109,79],[-391,453],[15,133],[-536,-37],[-260,50],[129,138],[-154,77],[-124,149],[-88,-56],[-40,207],[-5,24],[146,58],[116,41],[23,63],[12,44],[20,47],[20,46],[73,17],[75,18],[22,31],[59,25],[25,11],[97,172],[149,108],[384,88],[101,-31],[72,251],[-167,18],[-209,48],[-26,135],[-57,-139],[-162,130],[-142,-7],[-4,28],[5,43],[9,19]],[[38899,36579],[-89,-70],[-78,-57],[-93,-76],[-114,-43],[-166,-207],[-279,53],[-40,0],[-131,-78],[-226,-116],[-54,-32],[-400,-199],[-493,207],[-141,25],[-134,-3],[-102,37],[-95,7],[-120,-38],[-18,23],[4,28],[73,94],[103,69],[72,-2],[42,60],[-60,48],[-24,77],[-123,-14],[-59,87],[28,70],[-125,94],[-78,14],[-121,22],[-12,53],[-99,44],[-55,24],[-51,7],[-59,37],[-14,145],[-11,140],[4,3],[44,35],[29,52],[8,39],[-17,52],[-20,39],[0,50],[33,55],[49,19],[49,33],[38,27],[20,32],[26,43],[7,42],[33,51],[32,36],[39,18],[41,31],[10,46],[-20,43],[-13,53],[-13,78],[-24,40],[-44,47],[-67,42],[-51,31],[-57,60],[-7,47],[-10,47],[-56,1],[-89,-24],[-38,-13],[-21,-16],[-22,-9],[-37,-5],[-72,19],[-65,17],[-62,20],[-28,15],[-41,19],[-35,20],[-48,34],[-18,26],[-19,36],[-27,56],[-24,37],[-38,58],[-30,51],[-27,66],[-14,43],[-10,57],[-5,37],[-5,26],[-21,40],[-7,5],[-12,6],[-51,21],[-44,-4],[-44,0],[-56,17],[-37,23],[-19,23],[-10,25],[-14,13],[-30,10],[-53,13],[-39,11],[-33,16],[-44,42],[-50,20],[-45,9],[-53,11],[-27,7],[-16,4],[-36,29],[-10,44],[-7,29],[-16,32],[-25,20],[-43,13],[-42,4],[-13,-3],[-35,-6],[-63,-14],[-39,-3],[-27,12],[-21,21],[-21,31],[-8,38],[-6,32],[14,41],[4,31],[-16,17],[-33,6],[-61,-2],[-48,1],[-4,1],[-10,1],[-43,23],[-23,17],[-40,14],[-42,3],[-27,-4],[-39,-6],[-4,-1],[-63,-14],[-40,9],[-39,16],[-8,11],[-13,18],[-11,33],[-6,40],[5,68],[-3,41],[-1,68],[6,58],[-6,53],[-3,43],[-15,40],[-37,23],[-52,11],[-46,9],[-61,-3],[-35,7],[-2,19],[-17,128],[-25,56],[-29,68],[-138,290],[-11,152],[-5,-34],[-29,-74],[-19,-18],[-30,-19],[-24,-33],[-54,20],[-69,25],[18,48],[-10,118],[-13,35],[-29,25],[-82,16],[-45,34],[-140,52],[-242,14],[-20,76],[-65,18]],[[31848,41151],[141,189],[94,67],[92,-84],[30,69],[124,106],[58,13],[130,16],[137,26],[94,25],[-12,31],[-22,34],[1,30],[33,43],[41,29],[5,4],[8,2],[9,-1],[14,0],[11,0],[47,-8],[45,-8],[25,3],[16,12],[2,3],[10,14],[11,19],[2,41],[-13,40],[-32,37],[-31,34],[-22,37],[4,48],[16,39],[52,62],[29,41],[17,41],[-4,51],[-15,42],[-24,25],[-43,18],[-56,13],[-71,18],[-30,18],[-16,41],[20,43],[95,-13],[55,-14],[81,-61],[74,-36],[104,2],[96,28],[42,39],[37,55],[23,66],[22,19],[79,-45],[85,-14],[139,-125],[56,-4],[101,-35],[73,36],[102,-36],[0,39],[386,128],[68,-72],[203,15],[228,177],[-1,74],[-136,83],[64,114],[121,76],[-75,131]],[[31687,46223],[-142,-158],[-92,-130],[136,-259],[-30,-74],[-6,-73],[-27,-47],[-116,-51],[-126,-36],[-79,-28],[-117,-23],[-121,-4],[-114,2],[-65,30],[-65,48],[-42,60],[-48,86],[-33,-20],[-170,-80],[-53,-58],[-70,16],[-61,8],[-118,-30],[-175,-21],[-138,-23],[-3,-104],[-48,-25],[-99,-60],[-89,53],[-161,64],[-120,40],[-411,-400],[-90,-3],[-157,-135],[-13,9],[-144,114],[-166,129],[266,230],[-177,69],[100,91],[-101,68],[-19,27],[-91,139],[-103,217],[21,82],[-67,45],[-42,37],[-43,63],[-108,13],[-65,18],[-79,17],[-69,15],[-77,9],[-67,8],[-72,11],[-82,9],[-58,3],[-59,6],[-44,-2],[-35,-10],[-38,-36],[-46,-14],[-65,6],[-24,6],[-22,4],[-41,10],[17,41],[136,213],[63,27],[-13,43],[-40,81],[-13,228],[-68,-1],[-39,12],[-20,5],[-51,33],[-134,4],[-80,-36],[-105,-40],[-181,-114],[-76,-19],[-64,-54],[-120,-125],[-85,-127],[-93,-58],[-105,-13],[-45,-42],[-23,-37],[-343,89]],[[25525,46291],[-104,65],[26,50],[27,51],[-216,84],[73,55],[168,85],[-13,93],[-38,96],[-146,241],[-123,163],[-151,100],[0,113]],[[25028,47487],[7,68],[19,60],[18,93],[-1,188],[0,79],[-1,92],[0,107],[-14,74],[-42,71],[-77,86],[-91,67],[-132,27],[-207,3],[-41,140],[-1,179],[87,-82],[198,-53],[-23,118],[104,272],[21,126],[1,111],[-76,126],[-4,19],[-38,169],[-16,54],[-117,47],[-43,17],[-134,-10],[12,66],[-41,9],[-22,85],[-150,-88],[-263,274]],[[23961,50081],[-65,162],[-64,93],[-22,26],[-64,166]],[[23746,50528],[100,18],[26,30],[125,34],[-5,37],[327,218],[161,118],[322,248],[175,142],[134,168],[230,-96],[89,-13],[38,-5],[86,-14],[51,15],[100,68],[-24,19],[-9,31],[-24,51],[-32,46],[-29,51],[-39,49],[0,43],[16,41],[-11,23],[-68,27],[-43,32],[-9,54],[14,32],[27,40],[-5,18],[-28,1],[-34,-7],[-32,0],[-67,15],[-54,30],[-35,42],[-32,55],[-13,64],[10,51],[18,29],[9,11],[30,18],[36,16],[12,25],[-8,25],[-34,33],[-30,28],[-21,45],[16,30],[17,29],[-18,33],[-28,35],[-46,35],[-49,35],[-37,33]],[[25051,52764],[14,32],[24,16],[11,22],[-27,33],[-14,11],[-16,15],[-43,33],[-49,29],[-46,43],[-3,18],[-4,33],[17,35],[25,27],[15,30],[-15,29],[-33,26],[-61,32],[-58,17],[-48,13],[-33,28],[-25,38],[-4,6],[-24,37],[-26,20],[-36,13],[-33,13],[-16,20],[4,45],[12,36],[1,25],[-9,38],[-5,9],[-52,42],[33,95],[78,54],[106,46],[15,62],[-10,40],[-77,113],[-87,85],[-78,107],[35,125],[163,81],[127,30],[69,-10],[83,6],[235,1],[53,-6],[54,47],[-12,97],[-127,100],[-18,52],[-44,37],[-72,52],[-21,53],[-79,83],[-91,51],[-20,39],[-25,14],[-39,10],[-12,16],[-37,82],[-25,28],[-30,15],[-106,35],[-48,23],[-22,21],[4,53],[-10,42],[-4,60],[-11,67],[-33,70],[-35,47],[-37,47],[-17,49],[34,66],[26,69],[23,54],[8,61],[-24,55],[-33,34],[-44,29],[4,45],[9,16],[21,32],[32,50],[23,59],[11,55],[6,52],[4,7],[8,17],[9,18],[6,4],[31,19],[41,20],[19,27],[9,11],[11,29]],[[24556,56576],[10,22],[4,49],[9,47],[18,47],[28,81],[256,-2],[408,116],[431,-35],[73,-9],[85,142],[-17,71],[34,97],[115,-15],[112,179],[92,-11],[17,42],[66,162],[113,80],[60,42],[179,110],[46,56],[-21,90],[-73,30],[-61,92],[35,40],[37,40],[82,64],[132,64],[177,22],[128,-20],[17,-56],[29,-63],[38,-26],[118,17],[116,8],[69,-14],[12,-16],[6,-13],[29,-12],[69,-26],[46,-11],[14,-15],[0,-20],[-23,-31],[-33,-17],[-45,-4],[-56,-8],[-17,-21],[-12,-28],[3,-25],[39,-27],[47,-31],[98,-54],[263,110],[128,50],[189,74],[133,52],[155,61],[81,32],[273,106],[89,26],[213,62],[17,12],[22,4],[49,3],[15,12],[-1,11],[-18,19],[-22,23],[-9,30],[5,61],[23,51],[120,31],[57,-37],[142,13],[151,143],[182,-44],[149,54],[44,-46],[211,45],[139,60],[67,30],[186,17],[126,-26],[63,42],[133,104],[78,-51],[84,-57],[45,-86],[1,-6],[3,-14],[5,-14],[16,-41],[8,-28],[5,-14],[3,-6],[4,-7],[16,-24],[4,-7],[4,-6],[6,-5],[29,-17],[41,-26],[29,-30],[4,-4],[28,-41],[16,-29],[28,-30],[37,-26],[43,-17],[81,-33],[131,-29],[108,-17],[38,-18],[18,-83],[34,-33],[28,-39],[-10,-17],[-31,-21],[-39,-45],[-26,-41],[-14,-41],[2,-36],[25,-40],[2,-12],[-10,-24],[-9,-36],[0,-17],[15,-22],[36,-24],[28,-33],[45,-17],[37,-12],[52,-23],[37,-8],[55,4],[33,-4],[24,-16],[29,-23],[56,-15],[42,-8],[35,-19],[42,-33],[63,-21],[16,-17],[8,-25],[4,-29],[7,-30],[197,96],[92,-93],[104,-163],[-96,-16],[-98,8],[-3,-19],[10,-31],[31,-42],[0,-32],[14,-36],[20,-17],[32,-31],[38,-33],[22,-26],[-5,-33],[-3,-21],[-4,-18],[-12,-30],[-15,-34],[-7,-37],[14,-35],[3,-10],[17,-26],[41,-30],[36,-17],[37,-10],[22,-17],[6,-25],[-10,-27],[-12,-35],[-3,-42],[-5,-35],[-2,-39],[15,-14],[20,-12],[32,-21],[6,-23],[-8,-12],[-25,-15],[-17,-13],[0,-23],[3,-7],[11,-23],[6,-21],[8,-33],[7,-27],[11,-8],[27,-7],[24,0],[13,-8],[-2,-16],[-48,-31],[-6,-12],[1,-21],[16,-16],[31,-15],[65,-18],[19,-12],[9,-24],[27,-10],[43,42],[321,90],[14,-21],[60,32],[106,56],[-28,45],[456,273],[39,88],[49,-47],[91,42],[-28,101],[118,4],[103,68],[44,-46],[49,-22],[31,-10],[34,-20],[17,-43],[13,-23],[29,-34],[33,-33],[26,-7],[8,-24],[-7,-31],[7,-37],[48,-46],[7,-26],[17,-31],[96,-8]],[[35101,56352],[12,-16],[1,-15],[12,-15],[11,-14],[0,-28],[2,-23],[26,-20],[32,-2],[36,6],[20,-3],[43,-24],[37,-18],[29,-23],[6,-16],[-1,-15],[-12,-17],[-31,-28],[-50,-65],[-1,-22],[15,-30],[30,-28],[19,-2],[52,8],[53,13],[41,12],[26,3],[31,-5],[10,-17],[0,-43],[-14,-40],[-5,-26],[-5,-47],[-9,-31],[-12,-11],[-13,-5],[-20,-5],[-26,-3],[-7,-2],[-12,-4],[-7,-8],[1,-20],[4,-24],[15,-30],[30,-20],[35,-35],[38,-27],[22,-36],[1,-30],[-6,-24],[-24,-17],[-16,-13],[-18,-21],[-6,-14],[2,-10],[13,-13],[22,-13],[11,-11],[4,-12],[-5,-15],[-7,-12],[-19,-24],[2,-24],[10,-11],[13,-8],[31,2],[31,2],[15,9],[10,12],[8,15],[9,14],[17,13],[31,14],[40,5],[39,-8],[19,-10],[9,-15],[5,-19],[3,-23],[4,-23],[-6,-13],[-12,-8],[-13,0],[-14,4],[-12,9],[-6,4],[-13,3],[-14,-7],[-5,-11],[1,-12],[13,-21],[20,-19],[19,-25],[5,-16],[1,-51],[-4,-24],[-6,-12],[-15,-6],[-17,-3],[-19,1],[-26,3],[-17,2],[-20,-2],[-17,-5],[-14,-9],[-12,-16],[-9,-14],[-9,-29],[-2,-24],[4,-28],[1,-19],[-6,-13],[-14,-15],[-14,-9],[-18,-12],[-17,-11],[-10,-14],[-3,-14],[6,-11],[9,-10],[16,-10],[43,-17],[15,-7],[6,-9],[5,-16],[-3,-15],[-11,-13],[-14,-10],[-20,-10],[-24,-34],[-26,-36],[-32,-21],[-14,-24],[13,-32],[34,-33],[40,-41],[18,-36],[5,-35],[-6,-31],[-40,-64],[-10,-19],[-52,26],[-107,27],[-80,27],[-28,15],[-12,17],[-33,29],[-19,39],[-24,17],[-19,12],[-21,-1],[-20,-16],[-35,-6],[-89,-13],[-77,4],[-57,3],[-42,4],[-56,-6],[-41,-20],[-36,-23],[-46,-17],[-52,11],[-17,9],[-10,14],[-2,15],[6,15],[10,19],[10,14],[2,11],[-8,13],[-20,16],[-22,13],[-6,20],[1,24],[-16,24],[-29,8],[-23,6],[-24,8],[-141,19],[-61,18],[-47,-17],[-104,-85],[-66,-109],[-22,-110],[-111,-43],[-110,-113],[-5,-51],[-46,-94],[91,-103],[-118,-50],[-359,-61],[-17,66],[-129,-79],[183,-114],[5,-85],[-192,-156],[-1,-155],[-178,-140]],[[35101,56352],[29,126],[47,56],[206,105],[164,84],[55,60],[88,27],[-68,179],[157,45],[-92,236],[206,55],[96,-68],[185,3]],[[13932,56563],[65,-200],[-105,-268],[-173,-92],[-40,-117],[295,-423],[-34,-38],[61,-17],[61,-68],[14,-57],[-205,-173],[63,-95],[14,-28],[18,-35],[-63,-34],[-6,-48],[-250,12],[-32,43],[-37,25],[-41,29],[-43,44],[-25,33],[-24,50],[-17,114],[-235,21],[-156,75],[-121,31],[-88,6],[-53,-33],[-202,-176],[-130,1],[-3,-83],[-1,-32],[-1,-32],[4,-11],[8,-12],[16,-26],[18,-25],[43,-57],[11,-15],[37,-39],[31,-8],[30,-3],[33,0],[78,10],[28,7],[19,7],[15,9],[12,14],[20,22],[15,19],[12,10],[23,10],[28,12],[17,5],[14,2],[17,5],[40,15],[22,4],[14,0],[11,-5],[9,-8],[4,-9],[5,-14],[2,-20],[-7,-28],[-5,-10],[-11,-10],[-21,-11],[-35,-17],[-34,-20],[-52,-30],[-31,-17],[-17,-13],[-18,-7],[-25,-8],[-20,-3],[-32,-4],[-27,-2],[-41,-6],[-38,-6],[-31,-5],[-21,-9],[-10,-8],[-5,-8],[-1,-10],[1,-18],[7,-35],[8,-33],[8,-17],[8,-12],[11,-12],[19,-14],[31,-32],[33,-47],[34,-49],[29,-48],[19,-35],[24,-41],[28,-66],[5,-18],[2,-21],[1,-25],[0,-22],[-5,-14],[-9,-13],[-53,-42],[-48,-30],[-18,-7],[-18,-4],[-40,-5],[-69,-12],[-32,-4],[-14,-3],[-12,-5],[-12,-11],[-32,-39],[-14,-27],[-3,-10],[2,-8],[7,-11],[-259,111],[-292,-41],[-90,110]],[[11849,54055],[19,34],[-84,27],[-193,-20],[-33,2],[-25,9],[-9,21],[67,122],[-31,46],[-48,-32],[-126,-20],[-16,-43],[-201,-23],[-208,49],[-159,174],[-88,-48],[-70,45],[-38,158],[-292,43],[4,98],[-62,-24],[-50,11],[-56,30],[-3,60],[10,61],[15,32],[19,35],[-221,64],[-14,47],[-20,69],[-54,14],[-70,19],[-102,12],[-199,-44],[0,-70],[-65,16],[-58,14],[-148,-52],[-53,16],[-83,-11],[-84,25],[-122,31],[-37,-70],[-35,15],[-102,43],[-73,99],[-194,-19],[-149,-14],[60,87],[13,30],[5,35],[2,27],[-7,42],[-11,56],[-13,29],[-6,18],[-1,17],[-2,37],[-3,29],[-7,21],[-9,18],[-23,27],[-2,10],[5,10],[11,9],[22,12],[14,10],[10,13],[9,14],[0,17],[-3,21],[0,19],[3,16],[9,13],[14,12],[47,24],[39,22],[45,24],[18,18],[18,26],[-88,44],[-143,-27],[-84,11],[-108,58],[4,47],[4,56],[-100,29],[-78,59],[-139,28],[-89,-24],[53,-78],[-189,-4],[-104,63],[56,44],[4,40],[15,78],[-17,35],[-276,-101],[33,-90],[41,-113],[-102,-80],[-95,-75],[126,-241],[-309,-83],[-17,161],[-62,-45],[-58,-7],[-85,10],[-56,30],[-255,-155],[64,-56],[-46,-31],[-44,-8],[-31,17],[-32,0],[-35,-3],[-28,-16],[-37,-7],[-20,19],[-67,83],[-48,-23],[-96,-74],[-180,2],[76,-92],[-62,-22],[-103,-37],[7,-36],[-4,-24],[-9,-24],[-11,-23],[-6,-24],[2,-18],[11,-16],[45,-34],[16,-17],[17,-27],[9,-32],[15,-59],[0,-18],[-7,-9],[-11,-9],[-40,-16],[-21,-9],[-16,-13],[-11,-15],[-9,-13],[-3,-16],[0,-17],[2,-19],[12,-30],[48,-90],[61,-127],[-272,-70],[-209,-156],[-208,0],[-32,-138],[-316,-60],[-135,155],[-90,-58],[-92,25],[-82,5],[-68,-6],[-68,-19],[-19,-68],[-18,-14],[-33,-5],[-45,1],[-20,15],[-36,42],[-39,30],[-39,15],[-65,13],[-41,-37],[-5,-8],[1,-10],[21,-38],[19,-37],[9,-35],[10,-42],[0,-36],[-3,-50],[-6,-62],[-17,-24],[-43,-30],[-48,-19],[-58,-12],[-35,-6],[-49,-10],[-43,-15],[-48,-12],[-40,-9],[-22,-2],[-51,12],[-24,9],[-32,22],[-29,26],[-31,46],[-13,24],[-29,25],[-30,22],[-8,9],[2,11],[13,20],[12,24],[1,12],[-7,16],[-6,11],[-13,11],[-13,3],[-13,-4],[-12,-8],[-12,-19],[-22,-35],[-31,-57],[-31,-42],[-12,-14],[-5,-4],[-12,-7],[-21,-8],[-19,-3],[-22,1],[-22,1],[-17,4],[-18,-2],[-48,-25],[-59,-36],[-40,-40],[-51,-32],[-13,-11],[-8,-12],[-8,-31],[-37,-46],[-26,-20],[-28,-15],[-60,-14],[-49,2],[-6,1],[-34,-1],[-40,-8],[-37,-9],[-42,-18],[-43,-14],[-26,-3],[-37,-8],[-8,-8],[-1,-14],[4,-22],[-56,18],[-137,-21],[-75,-25],[-95,-14],[-12,23],[-198,-41],[-111,39],[-104,1],[-79,27],[-95,-24]],[[1385,53474],[-49,40],[-35,26],[-35,15],[-48,5],[-42,11],[-47,18],[-39,23],[-35,17],[-31,23],[-38,11],[-28,9],[-13,6],[-8,3],[-32,19],[-116,64],[-39,26],[-17,24],[-1,3],[-6,20],[-2,23],[1,39],[15,40],[26,47],[31,41],[27,31],[1,6],[1,1],[0,1],[2,2],[0,3],[2,5],[2,5],[0,6],[2,17],[0,10],[4,32],[7,28],[25,36],[35,55],[4,10],[11,17],[0,1],[0,0],[1,2],[0,2],[0,11],[0,3],[5,13],[-1,2],[-4,17],[-1,3],[-2,5],[-3,7],[0,0],[-6,20],[-23,48],[-35,61],[-29,39],[-44,37],[-48,47],[-37,46],[-38,42],[-32,46],[-32,56],[-26,47],[-27,40],[-36,19],[0,1],[-7,2],[-6,3],[-20,7],[-14,6],[-11,5],[-35,20],[-23,31],[-8,36],[-1,42],[23,38],[21,28],[2,2],[2,3],[65,122],[6,56],[-8,24],[-30,19],[-54,10],[-54,-16],[-13,-34],[0,0],[12,-23],[2,-76],[-16,-35],[-28,-17],[-49,2],[-28,-6],[-43,16],[-107,42],[-39,32],[-41,80],[3,41],[67,158],[-3,14],[0,0],[0,13],[-8,47],[3,16],[19,15],[20,5],[33,-1],[21,-8],[58,-44],[0,0],[31,-12],[28,0],[62,15],[20,29],[2,93],[17,90],[112,64],[86,39],[34,42],[50,30],[50,46],[-26,61],[-87,61],[-63,61],[0,0],[-44,-16],[-19,-14],[0,0],[-35,-66],[-18,-34],[-4,-23],[-7,-33],[-7,-16],[-4,-5],[-25,-18],[-32,-6],[-26,-1],[-22,0],[-16,5],[0,0],[-14,10],[-17,6],[-26,18],[-30,32],[-21,27],[6,23],[25,17],[34,18],[22,26],[0,26],[16,28],[24,23],[40,36],[29,42],[21,35],[16,38],[11,41],[5,41],[2,43],[-1,4],[1,7],[-2,9],[-2,5],[0,0],[-12,11],[-10,11],[-30,28],[-24,24],[-5,8],[-5,8],[-8,21],[-5,45],[5,35],[-9,40],[-1,35],[-3,46],[8,40],[11,46],[23,45],[25,33],[26,23],[51,17],[31,1],[30,-19],[34,-11],[53,-8],[37,-4],[26,-13],[33,-4],[36,-7],[39,-3],[44,8],[34,13],[22,26],[1,6],[0,0],[3,14],[0,0],[0,0],[-6,32],[-22,32],[0,0],[-8,3],[-7,1],[-10,-1],[-2,0],[-26,0],[-54,-1],[-38,10],[-27,21],[-29,36],[-51,83],[-20,38],[-8,20],[-7,35],[-1,37],[7,37],[11,20],[34,25],[44,16],[30,8],[35,10],[25,7],[49,-1],[42,-14],[65,3],[72,31],[6,20],[-1,2],[1,8],[-17,25],[-12,17],[-1,0],[0,0],[-10,14],[-35,20],[-30,13],[-46,18],[-24,21],[-15,28],[-4,27],[-1,36],[30,47],[28,45],[40,38],[25,33],[25,38],[20,35],[3,23],[-6,6],[-4,6],[0,0],[0,0],[-13,7],[-115,2],[-22,4],[-40,9],[-6,3],[-37,26],[-14,19],[-19,38],[-10,26],[6,25],[5,25],[15,50],[9,49],[15,46],[2,51],[9,26],[28,21],[10,4],[10,2],[11,5],[5,2],[17,8],[30,15],[24,9],[55,10],[1,0],[14,2],[10,3],[0,0],[0,0],[0,0],[55,29],[0,0],[0,0],[19,23],[27,71],[0,1],[1,2],[0,1],[6,71],[13,31],[13,34],[0,0],[-4,76],[-16,1],[8,3],[29,69],[0,0],[7,21],[2,8],[1,8],[1,17],[-3,35],[-7,46],[1,21],[0,4],[1,5],[3,10],[5,5],[8,8],[102,0],[0,0],[30,0],[0,1],[89,27],[122,6],[165,105],[-4,69],[63,70],[24,26],[26,16],[44,28],[0,0],[-55,168],[-3,9],[-6,17],[-28,85],[1,10],[2,10],[14,115],[0,0],[-85,21],[-35,23],[-61,47],[-222,-143],[-42,-53],[-17,0],[-52,-2],[2,8],[7,36],[2,17],[-7,18],[-17,14],[-22,18],[-13,6],[-41,17],[-134,45],[-23,6],[-14,8],[-2,2],[-5,10],[-6,8],[-7,12],[-10,9],[-9,6],[-13,8],[-9,6],[-21,15],[-10,14],[-6,21],[0,17],[0,20],[0,9],[2,9],[3,12],[7,8],[3,1],[9,3],[39,-1],[88,-8],[128,-14],[6,1],[39,5],[77,15],[6,1],[49,9],[11,5],[10,3],[10,8],[9,6],[30,27],[19,29],[15,39],[15,24],[50,70],[17,27],[7,12],[-3,9],[-12,12],[-25,17],[0,0],[-10,15],[-2,14],[0,12],[3,18],[-3,13],[-14,14],[-35,23],[-98,52],[-26,19],[-24,22],[-2,2],[-6,8],[-24,30],[-3,7],[-14,26],[-10,19],[-13,28],[-5,30],[0,33],[1,4],[1,4],[2,6],[10,10],[2,2],[20,7],[45,0],[106,2],[64,2],[12,2],[10,1],[18,6],[16,10],[6,3],[16,15],[1,6],[3,10],[-3,15],[0,0],[-15,10],[-75,43],[-23,15],[-3,4],[-12,13],[-6,12],[-1,4],[-4,17],[-1,5],[1,3],[3,16],[1,4],[4,10],[46,98],[10,23],[0,0],[4,6],[12,21],[29,36],[15,-2],[46,-5],[40,-5],[37,-4],[105,-62],[64,-104],[74,-118],[0,0],[4,0],[176,-2],[0,0],[2,7],[2,9],[23,93],[9,33]],[[2043,61143],[91,-2],[170,-22],[70,-43],[-17,-48],[-15,-44],[68,-33],[106,26],[37,-12],[-60,-71],[70,-6],[53,-4],[86,61],[130,-71],[178,95],[101,-1],[121,91],[66,136],[51,48],[268,134],[110,-81],[70,28],[85,-113],[123,-6],[87,-34],[27,-21],[85,-50],[49,-16],[27,-11],[17,-17],[12,-13],[8,-15],[6,-14],[5,-18],[8,-44],[26,-113],[9,-66],[6,-25],[10,-16],[11,-9],[32,-11],[63,-9],[38,-7],[25,-5],[43,-6],[20,-5],[30,-16],[25,-16],[15,-22],[104,71],[160,0],[140,27],[240,-44],[92,32],[-40,11],[36,75],[67,-29],[43,-45],[35,-83],[21,-91],[66,-69],[101,-59],[158,60],[133,-54],[-47,-31],[-33,-71],[75,-88],[242,-129],[59,-7],[54,-27],[52,-41],[26,-23],[11,-11],[39,-12],[52,-5],[54,0],[42,-19],[21,-12],[1,-14],[-19,-36],[-19,-56],[4,-52],[32,-58],[31,-44],[41,-34],[52,-8],[59,10],[75,15],[79,7],[116,16],[107,16],[56,6],[57,1],[69,-4],[104,-4],[113,15],[163,29],[163,26],[129,33],[162,45],[96,20],[38,-2],[12,21],[37,37],[81,46],[80,68],[7,78],[85,-13],[86,-15],[97,-27],[80,-40],[96,-50],[61,-16],[65,-18],[11,-3],[67,-15],[98,-32],[53,26],[22,-18],[38,-26],[52,-28],[22,-9],[17,-8],[31,-6],[20,-8],[8,-21],[6,-22],[181,122],[86,69],[54,0],[58,-16],[10,-25],[98,-2],[13,76],[142,-2],[165,-79],[41,46],[44,-31],[53,62],[35,-29],[29,-38],[5,-88],[118,-128],[34,-74],[-12,-19],[66,-63],[76,-24],[82,-59],[11,-44],[46,-49],[32,16],[35,5],[29,-3],[22,-3],[95,-64],[134,-35],[79,71],[59,-3],[37,-17],[34,-20],[51,-7],[52,-3],[21,8],[22,10],[25,4],[29,-7],[93,-23],[60,-14],[51,-10],[80,1],[50,8],[53,-8],[45,-31],[3,-5],[8,-12],[-3,-28],[-7,-15],[-11,-26],[-35,-71],[-6,-25],[0,-30],[64,-41],[3,-38],[3,-30],[89,28],[14,-40],[14,-38],[78,-3],[66,18],[79,19],[-85,-56],[-90,-62],[29,-64],[126,-288],[82,-74],[70,-13],[349,-216],[160,-299],[7,-84],[96,-105],[-41,-21],[70,-110],[-6,-38],[-33,-44],[-10,-30],[76,5],[110,-98],[25,-136],[-52,-22],[228,-96],[-175,-132],[152,-217],[3,-96],[118,-52],[108,-12]],[[11849,54055],[-157,-75],[62,-62],[-66,-97],[78,-128],[316,-211],[199,-65],[-62,-92],[64,-75],[127,-35],[209,39],[-28,-128],[-86,-40],[-71,-48],[79,-67],[97,-47],[-36,-13],[44,-65],[-21,-101],[-71,-68],[23,-108],[-91,-11],[-105,68],[-104,-20],[-189,125],[-187,32],[-149,6],[-117,59],[-73,8],[-61,-42],[-79,-32],[-71,13],[-87,-25],[84,-53],[74,37],[42,-61],[-96,-33],[-147,56],[-36,-158],[-305,-87],[12,-79],[-136,-32],[19,-176],[-60,-241],[33,-39],[60,-28],[42,-39],[26,-46],[18,-77],[-119,-44],[-3,-44],[-73,-47],[34,-54],[-128,-72],[-50,-103],[-170,32],[-69,-41],[-43,-43],[12,-24],[-219,-188],[-65,-56],[-11,94],[-12,55],[-34,30],[-54,16],[-119,12],[11,-89],[-68,-52],[-24,-69],[154,-94],[-175,-30],[19,-39],[113,-234],[445,71],[87,-127],[-124,-120],[41,-66],[150,107],[145,-206],[76,26],[73,51],[100,-168],[95,34],[125,-46],[-50,-52],[78,-89],[-30,-189],[-109,-143],[57,-207],[-30,22],[-64,-34],[-66,78],[-171,-91],[-338,-345],[142,-117],[-74,-39],[65,-171],[-198,-143],[60,-67],[-95,8],[134,-78],[-26,-37],[-120,30],[29,-48],[25,-43],[94,-32],[-21,-30],[130,-60],[101,-48],[87,-190],[40,-47],[57,-66],[42,-22],[103,3],[26,-64],[91,56],[43,-26],[73,-19],[78,-22],[147,-45],[39,-12],[95,1],[-35,100],[2,63],[-11,63],[-74,24],[84,22],[5,90],[123,-38],[296,76],[22,-36],[90,36],[65,14],[86,1],[60,1],[41,-14],[170,53],[236,50],[20,-61],[340,73],[44,-51],[47,-55],[145,-281],[28,-72],[84,-276],[15,-39],[15,-35],[62,-262],[67,-134],[35,-27],[145,-80],[102,-112],[147,76],[143,24],[11,91],[230,5],[-8,30],[61,13],[15,-25],[63,-5],[223,-17],[10,-40],[398,52],[295,-61],[39,43],[181,7],[0,58],[121,-14],[206,25],[68,-121],[-48,-16],[45,-43],[75,-73],[-34,-31],[103,-64],[-20,-44],[-94,-26],[54,-75],[-33,-41],[-129,-163],[63,-181],[59,21],[222,-185],[74,-180],[148,-127],[163,89],[109,-90],[156,124],[-44,56],[147,99],[182,66],[25,-43],[126,64],[97,44],[156,30],[202,56],[124,76],[78,43],[31,-28],[-7,-333],[-5,-420],[-58,-8],[47,-261]],[[17956,45358],[-61,-34],[-53,-48],[-141,-72],[-125,-81],[-37,-65],[-5,-60],[-86,-39],[-210,-83],[36,-49],[102,-91],[158,-122],[49,-132],[-105,-66],[32,-63],[56,-67],[3,-124],[-91,-40],[-47,26],[-75,-12],[-23,136],[-50,5],[-159,21],[-160,6],[-43,-4],[-95,-39],[-139,-66],[-111,-85],[-226,50],[-110,-105],[-115,-72],[-41,-25],[-203,-128],[-61,-51],[16,-43],[-309,-206],[62,-39],[64,31],[79,-74],[-252,-156],[-61,30],[-36,-28],[-97,55],[-87,-6],[-62,-84],[-7,-13]],[[15130,43246],[-93,49],[-65,17],[-57,-13],[-136,-95],[-100,-44],[-127,-115],[-172,-214],[-94,-70],[-39,-8],[-71,3],[-41,-3],[-156,18],[-127,-15],[-32,3],[-39,37],[-21,45],[-5,48],[-20,11],[-172,-41],[-105,-58],[-103,-84],[-40,-16],[-41,6],[-85,34],[-65,51],[-34,66],[-8,111],[-21,19],[-215,4],[-226,40],[-242,49],[-155,66],[-106,17],[-54,28],[-125,83],[-59,48],[-117,167],[-72,85],[-44,29],[-104,68],[-41,49],[-139,113],[-93,146],[-71,66],[-67,43],[-71,81],[-22,42],[-173,108],[-68,113],[-129,161],[-61,95],[-103,60],[-46,2],[-89,-9],[-148,5],[-300,-14],[-271,-58],[-100,-38],[-29,-22],[-21,-32],[-71,-339],[-47,-82],[-76,-64],[-69,-35],[-158,-56],[-91,-8],[-64,17],[-187,114],[-7,-2],[-59,72],[-13,41],[5,65],[-11,63],[15,32],[7,63],[61,94],[43,193],[-1,38],[-24,45],[-40,39],[-147,113],[-141,227],[-23,51],[-7,62],[38,140],[-13,68],[-14,43],[-31,50],[-50,54],[-46,34],[-52,4],[-83,-17],[-88,-42],[-180,-110],[-48,-16],[-66,-8],[-46,4],[-53,27],[-55,47],[-65,77],[-60,114],[-7,68],[17,64],[-13,24],[-78,31],[-59,1],[-44,-10],[-25,6],[-18,15],[-12,9],[-17,14],[-113,142],[0,0],[-57,10],[-56,-8],[-85,-61],[-33,-13],[-58,-23],[-112,20],[0,0],[-36,25],[-88,58],[-83,30],[-38,6],[-32,4],[-57,29],[-147,46],[-9,33],[-23,26],[-44,24],[-34,31],[-49,145],[-76,82],[-231,132],[-29,97],[-67,61],[-10,17],[-25,43],[-6,12],[-17,22],[-26,14],[-42,1],[-56,3],[-27,2],[-70,11],[-59,15],[-25,13],[-21,12],[-32,28],[-37,37],[-36,33],[-40,28],[-35,24],[-25,17],[-15,18],[-8,23],[-13,72],[-5,35],[-13,28],[-18,56],[-8,33],[1,35],[1,0],[0,3],[0,9],[0,6],[0,1],[-1,3],[0,0],[0,0],[-2,4],[-4,5],[-3,14],[-21,31],[-40,41],[-69,53],[-36,31],[-22,9],[-12,15],[-3,18],[3,26],[11,11],[15,3],[29,-6],[67,-15],[7,0],[1,-1],[0,0],[7,0],[2,0],[1,0],[10,-1],[24,1],[8,3],[3,0],[0,0],[0,0],[1,2],[9,3],[11,12],[11,9],[25,17],[34,24],[12,15],[4,17],[-2,23],[-2,7],[-1,6],[-1,7],[-1,5],[-2,6],[0,1],[0,0],[0,0],[-1,4],[-3,6],[-2,4],[0,1],[-2,3],[-2,5],[-1,1],[-6,19],[-22,50],[-24,69],[-26,56],[-31,50],[-44,54],[-17,18],[-24,10],[-23,3],[-60,2],[-56,2],[-45,8],[-102,19],[-55,15],[-50,15],[-37,11],[-23,18],[-8,29],[3,33],[5,11],[14,32],[24,25],[9,6],[4,3],[27,16],[44,15],[46,21],[40,20],[29,33],[5,-2],[13,-5],[8,0],[0,0],[34,28],[0,0],[7,7],[7,5],[15,16],[1,3],[4,6],[0,0],[4,19],[-1,2],[0,2],[-11,32],[-2,2],[0,3],[-2,3],[-29,60],[-8,4],[-2,5],[0,1],[-1,0],[-1,3],[-8,17],[-2,0],[-22,-1],[-1,4],[2,6],[6,10],[2,4],[6,11],[1,6],[19,-1],[1,0],[0,0],[0,0],[0,0],[13,32],[-60,13],[-11,19],[3,15],[69,59],[0,0],[87,59],[-85,108],[-28,-5],[-9,6],[6,30],[-28,34],[-31,19],[-11,30],[-64,27],[-11,20],[0,1],[-13,24],[-40,20],[8,25],[-9,4],[-65,21],[-41,21],[-27,13],[8,34],[1,1],[3,11],[68,5],[4,21],[0,4],[0,0],[1,0],[18,17],[46,43],[0,0],[141,93],[0,0],[0,1],[2,2],[13,44],[-2,0],[2,7],[0,0],[-25,1],[-25,0],[-31,1],[-23,1],[-36,0],[-4,0],[-16,0],[-18,0],[-6,0],[-14,1],[-22,0],[-14,0],[-15,0],[-35,1],[-55,0],[-26,1],[-28,0],[-27,0],[-26,1],[-3,0],[-4,0],[-32,0],[-23,1],[-3,3],[-118,137],[-12,37],[-1,4],[-1,3],[0,26],[0,10],[0,1],[-46,11],[-2,0],[-17,7],[-15,5],[-15,3],[-11,3],[-2,0],[-2,1],[-6,0],[-5,0],[-4,0],[-13,0],[-10,-4],[-3,-1],[-9,-2],[-3,0],[-4,-3],[-9,-5],[-5,-3],[-6,-3],[-21,-10],[-16,-13],[-16,-12],[-33,-23],[-49,-36],[-13,-37],[-36,-47],[-1,-56],[0,-34],[0,0],[0,0],[-3,-2],[-43,-38],[0,0],[0,0],[-1,-5],[-5,-5],[-7,-1],[-12,-2],[-1,-1],[-9,0],[0,2],[0,9],[0,0],[0,0],[0,0],[22,47],[-15,59],[0,0],[-1,2],[-1,2],[-2,1],[-2,0],[-6,2],[0,0],[-3,1],[-5,16],[-14,41],[-20,37],[-23,41],[-23,36],[-33,41],[-41,50],[-19,34],[-1,32],[34,60],[0,0],[1,6],[1,6],[3,10],[0,4],[0,5],[0,12],[0,0],[-3,24],[-10,78],[-59,87],[-10,53],[30,139],[-32,40],[-68,57],[0,0],[-42,-5],[-86,-33],[-57,-7],[-31,-4],[-38,-11],[-87,-89],[-50,-84],[4,-16],[2,-7],[24,-31],[0,-1],[5,-7],[0,-2],[12,-36],[36,-55],[17,-35],[2,-8],[0,0],[-3,-40],[-14,-43],[5,-12],[60,-33],[9,-2],[16,-14],[42,-16],[47,-14],[23,-8],[10,-18],[-14,-20],[-26,-17],[-4,-2],[-5,-3],[-3,-2],[-4,-3],[-2,-2],[-3,-3],[-6,-8],[-4,-5],[0,0],[-56,-37],[-71,-41],[-59,-24],[-59,-11],[-41,4],[-40,17],[-38,38],[-18,32],[-9,49],[-5,53],[-6,54],[-8,53],[-2,3],[0,6],[-18,58],[0,4],[-1,3],[0,2],[-1,9],[-1,3],[-4,24],[-3,14],[-16,26],[-20,10],[-29,9],[-39,5],[-35,2],[-44,10],[-38,23],[-33,28],[-22,36],[-20,37],[-26,47],[-20,54],[-21,63],[-39,46],[-32,26],[-26,47],[-4,45],[-4,56],[1,44],[2,19],[14,43],[9,29],[17,34],[1,2],[0,1],[12,24],[10,20],[4,9],[6,12],[0,0],[5,11],[1,17],[4,13],[-1,34],[16,37],[18,33],[34,30],[6,8],[0,0],[1,1],[10,13],[4,29],[-2,59],[12,36],[16,31],[20,8],[43,-11],[17,-1],[2,-1],[0,0],[2,-3],[37,-2],[8,11],[-7,22],[-55,34],[-73,20],[-26,-5],[-81,32],[-12,4],[-2,1],[-3,2],[-7,4],[-7,3],[-7,2],[-9,3],[-11,2],[-6,1],[-3,1],[-9,3],[-59,15],[-42,8],[-44,-2],[-10,-2],[-6,-1],[-8,-1],[-11,-1],[-7,-1],[-5,-2],[-8,-2],[0,0],[-1,0],[-48,2],[-39,3],[-36,7],[-31,23],[-20,25],[-33,21],[-28,14],[-3,2],[-8,6],[-10,7],[-7,5],[-2,1],[-9,8],[-4,3],[-2,1],[0,1],[-47,118],[-26,54],[-23,36],[-15,22],[0,0],[-1,4],[-1,1],[-2,1],[0,1],[-1,0],[-1,0],[-6,3],[-3,1],[-8,3],[-5,2],[-3,0],[-3,1],[-3,-1],[0,0],[-94,24],[-9,1],[0,0],[-7,1],[-6,1],[-8,1],[-2,0],[-9,1],[-5,0],[0,0],[-10,0],[-7,-1],[-12,-1],[-12,-1],[-13,-2],[-31,-4],[-13,-1],[-12,-1],[-12,-1],[-7,0],[-16,-1],[-9,0],[-16,3],[-16,3],[-11,4],[-20,14],[-9,7],[-4,5],[-7,8],[-5,5],[-3,2],[-4,4],[-4,3],[-11,11],[-32,29],[-31,47],[-31,34],[-7,23],[6,17],[42,41],[14,11],[16,1],[19,-7],[64,-31],[25,-20],[4,-5],[39,-24],[0,0],[12,-7],[12,-3],[14,-3],[3,-1],[24,4],[2,1],[2,0],[3,4],[1,1],[0,0],[8,7],[22,33],[20,51],[12,42],[1,36],[1,35],[7,28],[21,39],[33,56],[55,79],[7,59],[6,38],[-1,20],[1,6],[-1,1],[1,1],[-1,3],[0,3],[-3,4],[-1,4],[-8,9],[-5,4],[-8,7],[-17,20],[-15,11],[-2,3],[-2,4],[-2,2],[-2,3],[-2,1],[-4,2],[-1,0],[-1,1],[0,0],[-5,1],[-8,1],[-5,0],[-16,-1],[-12,-1],[-19,-1],[-48,-3],[-45,3],[-5,1],[-22,2],[-10,1],[-7,0],[-18,0],[-26,2],[-2,0],[-4,0],[-22,3],[-5,1],[-5,1],[-10,1],[-11,1],[-9,0],[-10,0],[-2,1],[-31,6],[-7,2],[-7,2],[-1,1],[-32,18],[-30,27],[-2,2],[-4,6],[-1,1],[-5,9],[-10,16],[-6,8],[-3,2],[-1,1],[-7,11],[-28,40],[-28,31],[-34,36],[-46,40],[-49,41],[-50,44],[-43,25],[-12,19],[5,26],[19,17],[26,8],[33,2],[28,-8],[28,-20],[8,-5],[73,-109],[3,-5],[21,-13],[12,-7],[20,-11],[40,-3],[2,1],[37,22],[59,70],[56,21],[85,73],[2,3],[49,41],[53,63],[21,38],[0,1],[1,1],[0,2],[1,3],[-1,3],[-1,4],[-1,4],[-1,1],[0,2],[-8,8],[-1,1],[0,0],[-10,10]],[[2043,61143],[2,5],[3,8],[18,49],[0,0],[0,3],[-3,19],[-12,66],[109,50],[22,10],[22,10],[11,5],[78,-11],[45,49],[18,-32],[14,-24],[0,0],[75,0],[178,29],[37,-11],[48,-14],[32,49],[4,7],[55,-57],[34,-35],[3,0],[106,3],[28,0],[172,40],[44,30],[58,40],[56,38],[56,38],[4,3],[-19,2],[-66,8],[-52,48],[-73,15],[-23,4],[-56,32],[71,42],[81,47],[25,38],[3,20],[5,34],[-38,36],[-34,22],[-10,6],[-11,5],[-31,9],[-6,2],[-3,6],[-2,8],[-4,11],[-4,6],[-11,16],[-13,18],[-32,31],[-12,12],[-5,8],[-3,7],[-5,11],[-42,12],[2,42],[21,-1],[-1,17],[2,8],[1,8],[2,4],[0,0],[2,5],[7,9],[9,9],[8,8],[6,6],[20,19],[17,20],[9,16],[3,9],[1,1],[0,0],[0,0],[1,12],[0,0],[-1,2],[-2,10],[-5,9],[-7,10],[-1,2],[-2,3],[-13,22],[-14,51],[-7,29],[-2,11],[-1,11],[0,13],[2,4],[1,4],[9,12],[20,18],[17,17],[5,11],[5,15],[1,9],[-5,10],[-6,7],[-4,5],[-12,14],[-14,16],[-1,3],[-7,13],[-5,16],[0,1],[-3,12],[3,10],[2,3],[6,5],[12,9],[38,30],[8,5],[12,7],[16,3],[3,1],[41,8],[11,36],[-11,3],[-40,14],[-88,22],[-21,8],[-5,2],[-14,7],[-17,13],[-11,10],[-8,7],[-4,5],[-25,29],[-18,35],[-8,21],[-5,14],[-4,22],[-3,17],[-2,32],[-2,23],[-1,4],[-6,27],[-1,5],[-2,6],[-5,11],[-3,3],[-5,7],[-4,5],[-10,10],[-37,35],[-70,66],[4,16],[0,6],[1,8],[-1,8],[0,5],[-3,8],[-3,9],[-9,22],[-16,22],[-11,9],[-10,1],[-10,0],[-1,0],[-15,0],[-4,2],[-9,3],[-16,6],[-29,19],[-38,26],[-28,19],[-29,21],[-53,21],[-40,10],[-22,0],[-2,0],[-92,0],[-18,-3],[-3,-1],[-18,4],[-20,11],[-9,14],[-3,8],[-3,10],[-1,10],[-2,15],[0,14],[0,16],[5,22],[2,9],[11,38],[18,45],[20,38],[21,21],[17,8],[27,9],[4,2],[18,2],[36,-5],[88,0],[31,3],[27,7],[2,0],[22,6],[14,6],[3,1],[33,14],[20,13],[13,16],[17,33],[7,23],[7,45],[0,18],[-3,11],[-7,11],[-17,16],[-78,86],[-41,33],[-10,10],[-4,11],[0,12],[0,6],[2,17],[5,30],[6,9],[10,6],[42,21],[7,8],[5,8],[2,21],[-1,19],[10,14],[17,12],[28,10],[18,3],[83,6],[23,3],[18,2],[2,0],[10,1],[9,7],[14,13],[8,9],[11,8],[3,2],[8,4],[4,2],[13,4],[91,24],[23,6],[18,2],[10,-1],[6,-1],[233,-50],[13,-3],[8,-2],[22,1],[36,0],[3,0],[57,12],[27,7],[21,9],[74,46],[117,85],[7,9],[0,0],[1,2],[5,9],[4,16],[7,45],[3,19],[6,15],[162,230],[3,8],[3,4],[-4,13],[-10,10],[-9,17],[-2,14],[6,8],[0,0],[82,62],[4,11],[0,1],[-2,11],[-43,48],[-11,12],[-2,12],[-1,2],[15,9],[27,10],[17,6],[2,1],[7,7],[13,14],[43,54],[12,11],[13,6],[0,0],[43,-12],[82,-21],[1,3],[1,0],[22,41],[74,56],[0,0],[29,51],[34,58],[31,-9],[11,-2],[12,-4],[29,-8],[41,-12],[-42,-52],[-18,-22],[48,-24],[111,105],[1,1],[13,-4],[58,43],[0,0],[0,0],[48,71],[135,2],[0,0],[27,11],[41,16],[145,59],[157,108],[11,0],[109,-5],[-11,-8],[-47,-35],[265,14],[0,0],[65,4],[20,42],[175,42],[207,111],[32,47],[119,54],[0,0],[49,-57],[69,-80],[103,7],[12,1],[9,1],[89,-23],[47,45],[60,58],[19,1],[34,2],[40,15],[3,2],[16,10],[19,13],[6,-5],[28,-22],[52,3],[6,-2],[24,-7],[17,-5],[13,-4],[11,-9],[8,-6],[28,-21],[0,0],[21,5],[19,10],[14,15],[0,0],[13,22],[9,18],[21,22],[39,26],[39,32],[21,28],[16,31],[5,19],[-1,19],[3,16],[9,9],[83,63],[11,13],[0,0],[4,14],[3,11],[10,10],[38,29],[0,1],[18,11],[5,1],[10,3],[3,1],[19,4],[32,7],[16,2],[11,2],[15,7],[10,12],[10,16],[17,15],[34,30],[11,22],[5,17],[2,7],[6,33],[3,10],[1,6],[25,23],[0,0],[-32,47],[-87,112],[-115,32],[-55,87],[9,86],[29,70],[38,46],[51,26],[0,0],[-54,72],[26,11],[45,3],[0,0],[-2,2],[-16,17],[-7,9],[-48,53],[-15,17],[-27,81],[117,40],[36,12],[32,10],[51,18],[46,59],[4,5],[-68,40],[0,0],[130,30],[0,0],[0,0],[22,5],[-18,35],[0,0],[14,8],[43,24],[-42,81],[52,24],[5,3],[16,8],[71,7],[-32,33],[39,68],[-85,51],[-14,9],[2,6],[21,51],[7,16],[6,15],[5,10],[-55,20],[24,69],[10,0],[86,0],[37,26],[62,43],[8,0],[66,0],[43,-18],[26,-11],[29,-1],[71,-4],[90,84],[19,17],[-7,8],[-13,16],[-20,25],[-45,53],[-16,20],[10,21],[33,71],[-99,85],[0,29],[-1,17],[14,27],[10,20],[18,35],[65,11],[200,76],[63,-36],[50,-28],[52,45],[21,-9],[17,-7],[-29,-58],[23,-25],[20,-23],[311,195],[76,81],[152,-83],[100,14],[16,-43],[17,-48],[4,-14],[4,-17],[-38,1],[-22,0],[6,-72],[52,-29],[58,2],[12,-66],[-14,-5],[-31,-12],[2,-38],[0,0],[243,86],[25,25],[67,-9],[-38,-25],[0,-1],[20,-34],[10,7],[22,15],[16,-14],[4,-4],[-7,-4],[-40,-18],[-8,-35],[-5,-3],[0,0],[0,0],[-14,3],[-9,9],[-11,4],[-15,0],[-14,-9],[-11,-15],[0,0],[-2,-11],[33,-8],[26,-6],[40,-12],[6,-2],[43,-8],[0,0],[49,-10],[0,0],[20,-9],[18,0],[1,0],[1,0],[3,2],[5,3],[19,6],[10,4],[36,-2],[3,2],[0,0],[9,-1],[8,0],[15,-12],[6,-12],[0,0],[3,-18],[0,-3],[0,-1],[0,0],[-1,-3],[3,-17],[11,-35],[15,-27],[15,-4],[13,-4],[17,-37],[2,-3],[23,-35],[22,-10],[15,-6],[83,-26],[70,-29],[25,-16],[20,-12],[11,-7],[12,-8],[14,-15],[15,-17],[13,-15],[9,-17],[29,-20],[16,-7],[28,-13],[38,-7],[4,-1],[6,-3],[47,-29],[24,-14],[6,4],[5,3],[-26,23],[-17,11],[-5,3],[-10,12],[-12,14],[-21,11],[-4,2],[-24,16],[-9,25],[-1,1],[-9,30],[-14,20],[-31,14],[-5,3],[-4,3],[-2,1],[-24,27],[41,16],[0,0],[-60,57],[13,1],[13,2],[29,-21],[0,0],[-7,28],[-3,12],[-1,6],[-6,23],[-5,30],[3,9],[4,13],[3,8],[1,2],[11,-18],[4,-8],[16,13],[11,2],[26,6],[9,2],[21,4],[0,0],[2,17],[0,3],[0,0],[4,33],[3,4],[2,3],[233,-61],[83,-22],[58,-15],[192,44],[52,62],[-11,52],[0,26],[1,67],[112,77],[109,3],[0,0],[0,0],[-20,107],[42,19],[9,5],[17,7],[284,-48],[236,38],[49,8],[132,24],[92,16],[71,13],[14,3],[59,10],[0,0],[78,11],[111,-21],[140,31],[95,42],[220,-61],[202,-17]],[[13065,68653],[18,-31],[-14,-43],[-24,-36],[-59,-37],[-46,-32],[-27,-36],[11,-21],[19,-114],[-69,-121],[64,-15],[35,-8],[274,-116],[176,-117],[41,-57],[47,-20],[30,-58],[118,-17],[120,16],[11,-26],[38,-38],[29,-55],[9,-41],[-32,-26],[-65,-36],[-26,-49],[-30,-65],[-1,-61],[20,-46],[27,-33],[22,-28],[68,-37],[65,-28],[-18,80],[130,45],[72,100],[24,17],[46,31],[55,37],[75,159],[142,91],[10,44],[21,100],[-54,35],[-104,65],[52,33],[40,22],[120,43],[38,-1],[60,-1],[44,-7],[66,20],[48,32],[24,21],[25,-8],[81,-45],[45,40],[34,-103],[-53,-21],[101,-212],[21,-122],[140,-154],[-37,-22],[-40,-24],[23,-114],[47,-90],[27,-43],[17,-100],[190,-171],[-73,-21],[-38,-44],[-64,-66],[-85,-52],[48,-70],[25,-32],[69,-71],[196,64],[59,33],[105,-12],[12,54],[62,-19],[199,27],[116,-64],[74,37],[89,21],[128,32],[152,7],[149,-54],[113,-184],[77,-200],[39,-28],[41,-29],[148,-4],[4,-46],[-122,-84],[34,-285],[13,-165],[64,-165],[84,-118],[101,-120],[182,-180],[97,-96],[-49,-18],[27,-60],[89,-8],[534,137],[178,14],[93,7],[147,-76],[-14,-92],[23,-34],[23,-34],[40,-22],[53,-28],[79,-19],[97,28],[19,-22],[129,-159],[-57,-52],[-67,-60],[46,-91],[-159,-190],[-16,-54],[39,-89],[60,-53],[37,-33],[-79,-116],[152,-92],[112,-55],[32,47],[272,-104],[135,-78],[103,178],[200,-111],[75,26],[71,-27],[50,-19],[-62,-59],[-127,-121],[-10,-53],[15,-23],[3,-55],[6,-40],[17,-17],[34,-8],[80,2],[40,4],[37,7],[9,1],[9,0],[9,0],[17,-4],[25,-8],[9,-3],[-45,-99],[-36,-11],[-31,-130],[-150,-117],[62,-79],[231,-51],[74,-68],[18,-104],[-40,-113],[-168,-43],[-68,11],[-134,-178],[81,-138],[-178,-55],[-80,8],[-256,-76],[16,-61],[-9,-50],[-156,-132],[-61,-27],[-59,-84],[-98,30],[-131,12],[-115,110],[-59,5],[-204,-89],[-122,-44],[-91,-33],[36,-30],[250,-209],[57,-47],[161,30],[-12,-73],[-24,-161],[137,-20],[-1,-56],[-1,-34],[-55,-5],[-64,22],[-32,-23],[52,-38],[-73,-35],[10,-19],[-68,-44],[-87,-51],[-43,-31],[-23,-30],[-26,-70],[-20,-60],[-26,-33],[123,-180],[149,-125],[81,-118],[-140,-24],[-189,-48],[-97,-13],[-3,-54],[3,-111],[2,-37],[-30,-61],[-102,-153],[-51,-88]],[[18194,59693],[-131,-420],[-235,-190],[11,-59],[35,66],[41,-67],[-85,-287],[-268,-2],[-166,121],[-48,-7],[-21,102],[-81,111],[-106,35],[-52,-19],[-50,-14],[-93,-107],[177,-55],[-57,-247],[-185,-89],[-120,-136],[-13,-15],[8,-114],[-244,-100],[-33,-64],[-42,-48],[-46,-27],[-5,-67],[104,25],[20,-45],[-79,-187],[-39,-31],[-92,-70],[-77,-13],[-57,-64],[-1,-20],[223,24],[4,-71],[3,-62],[-47,-6],[81,-76],[-18,-23],[-20,-24],[12,-56],[-27,-100],[-40,-149],[-238,-140],[-76,9],[-58,-134],[47,-18],[-105,-239],[-68,-39],[-45,56],[-172,1],[-33,29],[-40,23],[-44,30],[-49,44],[-56,63],[-49,52],[-58,56],[-41,49],[-33,44],[-26,35],[-31,30],[-43,27],[-34,37],[-14,41],[-10,51],[-21,36],[-18,26],[-7,27],[15,26],[30,31],[15,26],[-169,-67],[-17,-108],[-275,-101],[57,-80],[-247,-130],[-121,-244],[-369,-32]],[[25028,47487],[-43,68],[-40,65],[-55,87],[-31,23],[-97,-45],[-19,15],[-72,57],[-96,75],[-105,91],[-75,60],[-25,34],[-87,118],[-31,-5],[-3,-139],[-85,-206],[-49,-64],[-93,-47],[-63,97],[-19,30],[-61,-18],[-112,-32],[-27,-20],[-89,-63],[-19,-83],[32,-123],[20,-66],[-148,-10],[-15,-99],[-140,-7],[31,-118],[18,-77],[119,44],[36,-65],[-18,-13],[-67,-31],[-98,-36],[-48,-16],[-8,-4],[-34,-16],[-45,-26],[-49,-26],[-51,-21],[-9,-4],[-82,-21],[-67,-21],[-86,-24],[-66,-14],[-61,-11],[-52,-5],[-73,-10],[-78,-28],[-77,-37],[-12,-8],[-32,-24],[-47,-38],[-40,-43],[-39,-39],[-31,-37],[-43,-37],[-51,-35],[-59,-44],[-89,24],[-50,-28],[-59,-81],[-26,-89],[-53,-56],[-16,-151],[-43,4],[-62,4],[-79,24],[-91,27],[-99,47],[-61,32],[-71,46],[-43,34],[-27,17],[-28,21],[-43,44],[-23,29],[-20,29],[-17,20],[-32,17],[-40,7],[-47,1],[-32,-4],[-44,-11],[-48,-23],[-15,-10],[-18,-13],[-31,-32],[-24,-41],[-28,-48],[-22,-33],[-42,-31],[-46,-15],[-11,-1],[-47,-6],[-61,4],[-55,12],[-57,21],[-50,29],[-30,33],[-16,42],[5,214],[5,46],[9,20],[28,39],[30,27],[56,39],[40,31],[31,24],[27,29],[12,45],[-1,50],[-5,40],[-15,54],[-27,76],[-2,48]],[[20559,47072],[15,32],[25,22],[31,22],[35,19],[54,20],[45,18],[43,20],[37,20],[30,28],[23,28],[13,36],[12,51],[12,46],[13,45],[9,27],[24,21],[43,37],[20,21],[10,39],[-3,33],[-18,23],[-32,27],[-42,32],[-49,40],[-49,36],[-53,44],[-29,40],[-23,34],[10,30],[17,21],[37,23],[29,16],[23,24],[5,31],[-25,22],[-22,13],[-19,20],[-6,18],[-1,33],[10,25],[15,27],[27,39],[29,27],[36,23],[55,21],[59,-3],[62,-1],[55,9],[47,21],[35,34],[16,31],[2,36],[-13,31],[-33,29],[-40,22],[-50,19],[-50,24],[-44,23],[-22,19],[-29,33],[-32,46],[-25,48],[-8,47],[8,51],[27,46],[38,43],[40,31],[47,25],[60,24],[56,12],[87,1],[59,-1],[51,6],[48,15],[69,36],[15,27],[-1,21],[-11,27],[-35,32],[-39,25],[-45,20],[-50,21],[-34,21],[-23,28],[-6,34],[10,33],[18,26],[40,23],[41,13],[50,7],[44,4],[58,4],[59,6],[57,12],[43,19],[42,24],[24,25],[9,29],[-4,29],[-19,15],[-28,2],[-50,-7],[-56,-6],[-44,-5],[-43,5],[-34,19],[-18,23],[-2,26],[8,30],[19,24],[15,13],[27,13],[12,22],[-2,32],[-18,21],[-32,13],[-38,8],[-39,13],[-31,25],[-18,25],[-28,35],[-29,31],[-32,29],[57,118],[72,-56],[38,66],[77,135],[57,32],[223,-143],[113,35],[61,-16],[18,-23],[34,-44],[8,37],[28,28],[38,22],[34,14],[32,3],[28,-4],[8,-17],[3,-36],[12,-11],[17,1],[52,12],[60,22],[34,14],[27,16],[16,24],[12,46],[12,41],[14,27],[21,13],[25,7],[22,17],[19,5],[48,-5],[38,14],[32,31],[15,6],[40,-1],[16,6],[30,37],[49,47],[25,20],[27,13],[39,13],[40,8],[52,4],[57,-8],[42,-15],[10,-5],[46,-27],[42,-27],[11,-17],[-1,-48],[12,-38],[31,-34],[17,-40],[28,-29],[46,-29],[9,-12],[1,-16],[-12,-50],[-14,-35],[-13,-44],[-1,-49],[16,-64],[23,-17],[36,-4],[39,1],[40,-1],[169,1],[108,-19],[117,39],[102,71]],[[23746,50528],[-14,123],[-278,23],[72,54],[-69,75],[-48,52],[-40,4],[-74,6],[-30,-15],[-57,23],[90,114],[-69,105],[35,99],[-72,65],[106,71],[7,36],[-42,168],[157,-10],[23,187],[-91,45],[49,96],[-60,21],[-89,146],[49,55],[10,80],[-67,11],[-54,46],[-51,14],[-43,-1],[-12,27],[-91,-26],[61,184],[54,108],[94,7],[121,122],[228,-144],[56,134],[247,43],[118,-31],[69,-11],[107,56],[125,53],[133,-18],[271,-46],[330,68],[44,17]],[[20559,47072],[-210,-3],[50,-49],[1,-45],[-52,-2],[-88,-5],[-37,-2],[6,-37],[-25,-69],[-7,-87],[-101,-29],[-24,-4],[-93,-23],[-106,-47],[16,-56],[-165,-78],[26,-114],[14,-94],[11,-51],[-126,-113],[6,-36],[39,-75],[-11,-91],[19,-41],[24,-29],[-43,-60],[-148,-193],[-45,-28],[-82,7],[-122,28],[-143,16],[-70,-82],[-95,-39],[-190,38],[-68,-57],[-127,-79],[-95,-32],[-72,-7],[-97,59],[-85,-50],[-99,-24],[-189,-31]],[[18194,59693],[178,44],[352,-216],[812,-292],[103,-40],[33,-35],[92,-16],[85,-70],[-173,-45],[84,-143],[-22,-80],[-69,-61],[-126,31],[-72,126],[-36,-17],[-123,-10],[7,-103],[-98,-41],[52,-58],[126,-8],[32,-126],[62,22],[35,67],[51,8],[52,-57],[-41,-11],[50,-109],[83,0],[99,-103],[163,-71],[-31,-43],[-44,-14],[-118,-39],[-109,56],[-31,-37],[38,-34],[-6,-29],[-14,-70],[-32,-231],[83,-6],[109,40],[86,-33],[51,20],[188,-45],[244,7],[135,97],[98,-40],[51,-48],[12,-40],[2,-98],[72,0],[44,-30],[212,-1],[64,43],[17,32],[25,47],[-47,81],[102,49],[76,-54],[84,14],[34,44],[116,48],[83,103],[109,48],[188,74],[57,77],[99,-158],[98,-69],[115,-24],[187,-73],[5,-200],[38,-78],[49,-78],[188,-102],[157,-121]],[[22869,57364],[26,-184],[89,-83],[178,-56],[117,-25],[121,-27],[50,-11],[94,-14],[262,-38],[42,31],[18,29],[5,47],[6,41],[15,18],[31,16],[32,20],[9,21],[-6,37],[140,-6],[89,-4],[14,-85],[-11,-294],[59,-93],[92,-57],[215,-71]],[[22869,57364],[208,142],[147,28],[54,25],[147,105],[93,72],[33,17],[-17,24],[-77,108],[-88,53],[-175,42],[-341,49],[-153,114],[-43,133],[690,279],[-223,136],[89,93],[105,107],[131,69],[81,17],[240,101],[36,27],[188,138],[112,-2],[450,110],[92,32],[263,92],[49,25],[180,4],[92,1],[128,69],[168,41],[-63,20],[23,57],[-18,41],[-163,-14],[-69,-22],[-63,-21],[-176,-31],[33,66],[-7,74],[-53,37],[-9,59],[-49,21],[-33,63],[-142,67],[-4,68],[-110,91],[-140,7],[-88,5],[-42,78],[-66,33],[-91,95],[42,106],[239,192],[89,289],[78,150],[117,78],[201,478],[36,93],[109,-18],[44,-22],[51,-58],[36,-50],[67,-86],[105,-2],[49,-70],[69,-40],[55,73],[122,74],[244,113],[45,-53],[217,153],[111,59],[93,17],[-71,154],[70,26],[48,-111],[144,12],[28,-50],[53,-84],[47,23],[176,92],[-60,12],[-19,31],[-123,-30],[-26,46],[-27,48],[52,8],[24,87],[23,85],[-3,40],[26,32],[52,39],[-53,67],[75,42],[58,26],[62,29],[26,35],[57,70],[29,39],[39,39],[35,30],[2,21],[2,39],[-5,37],[-23,63],[-41,52],[-102,40],[-79,-1],[-72,-38],[-139,19],[-117,77],[-88,-8],[-77,-122],[-57,-13],[-66,-13],[-22,30],[-21,29],[-4,42],[43,121],[-107,53],[-20,-33],[-81,-86],[-62,-27],[-96,-25],[-268,-130],[-36,6],[-24,83],[60,82],[94,35],[78,128],[-51,42],[47,27],[63,-18],[125,73],[95,-29],[36,-31],[29,11],[-76,87],[-73,27],[-117,23],[-110,166],[-153,14],[-36,44],[-54,20],[68,154],[11,139],[40,102],[39,8],[-53,48],[30,25],[-29,22],[53,65],[-12,57],[96,120],[211,170],[8,-27],[135,69],[16,-48],[32,-2],[26,49],[95,42],[43,70],[8,193],[-15,56],[41,186],[-200,111],[74,35],[24,54],[-74,69],[49,38],[-14,39],[30,40],[35,94],[112,89],[63,-9],[17,34],[247,-67],[60,-17],[6,31],[48,-24],[235,-114],[41,-20],[77,2],[23,-36],[145,26],[8,118],[-75,33],[-39,16],[73,185],[58,-7],[66,78],[141,57],[24,34],[42,62],[95,0],[32,30],[45,42],[170,160],[207,94],[369,28],[296,22],[-1,103],[-70,84],[-5,98],[12,143],[-36,-4],[-16,67],[85,28],[144,19],[34,-8],[175,-40],[173,-34]],[[29404,66920],[-7,-31],[237,-21],[79,-62],[74,37],[107,-13],[78,-24],[77,-34],[15,-86],[29,-55],[175,-83],[55,-84],[145,-108],[73,-45],[12,-93],[-88,-154],[-39,-183],[46,-116],[134,-2],[108,-77],[56,-92],[80,-36],[145,-64],[80,-54],[285,-192],[45,-64],[-38,-40],[-58,-29],[44,-127],[59,-27],[181,31],[94,30],[83,26],[304,95],[211,67],[62,19],[98,13],[124,17],[350,104],[190,57],[-82,-127],[-68,-108],[-36,-73],[-8,-29],[-91,-206],[63,-150],[-54,-89],[169,-43],[134,-56],[99,-36],[76,13],[45,10],[105,23],[115,-3],[28,-5],[135,-63],[132,-62],[121,-56],[182,-79],[166,21],[266,-162],[35,-19],[-26,-60],[-25,-60],[38,-21],[42,-29],[77,-47],[118,-61],[35,48],[38,54],[97,-74],[92,-84],[196,-27]],[[29404,66920],[-28,241],[-70,29],[-51,98],[-97,22],[-83,76],[-162,37],[-44,53],[-22,188],[64,21],[237,-38],[116,26],[-58,46],[-62,17],[-113,-22],[-94,50],[-66,38],[34,25],[-135,98],[134,103],[35,27],[-35,58],[49,43],[-60,25],[51,39],[287,217],[-9,150],[169,9],[95,103]],[[13065,68653],[-13,51],[-40,49],[11,60],[36,34],[-62,58],[-34,55],[-26,77],[8,52],[45,31],[23,33],[0,48],[-246,-15],[-73,-35],[-59,-9],[-187,211],[-109,129],[-136,226],[-41,81],[3,198],[55,36],[-30,42],[-39,48],[-260,307],[95,99],[113,35],[159,165],[-439,-122],[-50,100],[24,49],[132,88],[-29,80],[-104,-21],[-96,170],[-146,54],[21,45],[-7,231],[106,137],[-53,23],[-36,13],[-63,38],[-58,61],[-77,85],[345,75],[66,15],[759,178],[99,-148],[4,-57],[46,-61],[68,-73],[130,-6],[28,-37],[-14,-66],[-74,-9],[-8,-67],[-117,-108],[-25,-33],[-67,-89],[6,-2],[40,-17],[17,-5],[9,-3],[25,-7],[53,-12],[70,-16],[36,-9],[1,-217],[109,-10],[169,-139],[104,-140],[69,51],[62,5],[-34,131],[71,75],[101,36],[-45,63],[158,59],[156,11],[155,-5],[81,-14],[9,-50],[-11,-33],[-11,-26],[-10,-34],[2,-44],[6,-39],[35,-127],[18,-29],[36,-29],[20,-15],[28,-10],[30,-4],[68,18],[16,-21],[5,-18],[36,5],[18,3],[18,0],[17,0],[20,-1],[8,-2],[9,-1],[9,-1],[10,-2],[13,-2],[5,-1],[17,-4],[8,-4],[3,-1],[94,-151],[-68,-163],[-100,-204],[-2,-201],[65,-194],[-206,-127],[-70,-95],[-102,-62],[52,-72],[32,-26],[59,-3],[252,130],[223,172],[66,13],[86,-5],[92,-35],[50,-69],[21,-55],[136,-45],[318,-4],[80,9],[-26,41],[159,63],[-41,127],[72,49],[90,63],[19,40],[3,8],[17,36],[58,31],[23,13],[47,25],[311,143],[104,59],[-28,21],[-21,39],[-8,49],[3,50],[16,54],[14,55],[122,113],[258,-116],[79,-74],[50,-37],[-22,128],[-19,42],[-24,31],[126,86],[-52,57],[185,44],[77,47],[110,75],[167,160],[38,36],[98,35],[11,-33],[163,28],[86,55],[132,2],[104,-51],[-83,-120],[20,-73],[396,98],[144,34],[121,29],[77,47],[44,47],[193,61],[11,82],[100,128],[250,-12],[183,35],[95,23],[8,56],[61,115],[70,80],[153,73],[14,1],[123,22],[143,43],[86,26],[229,125],[153,-367],[-232,-131],[79,-108],[41,-57],[228,43],[160,30],[121,23],[72,-55],[145,-85],[62,12],[100,20],[87,-150],[-82,-11],[24,-154],[10,-59],[-3,-22],[-12,-73],[-17,-106],[-44,-13],[24,-54],[-135,-112],[58,-57],[-48,-98],[-21,-41],[71,-85],[-42,-40],[33,-62],[22,-40],[79,22],[34,2],[22,-6],[34,-12],[42,-17],[51,-9],[-40,-38],[107,-116],[48,29],[151,-172],[71,-5],[127,103],[151,-2],[225,46],[69,78],[109,69],[-82,63],[113,45],[107,191],[-39,88],[-25,441],[24,18],[61,50],[52,32],[13,7],[93,40],[54,19],[53,11],[69,27],[55,25],[55,-28],[55,-77],[100,-44],[57,-108],[50,5],[91,-103],[148,-129],[47,28],[64,-73],[97,-111],[46,-48],[70,-229],[85,-125],[41,-59],[204,-194],[11,-47],[-12,-70],[-28,-36],[29,-151],[68,-110],[53,-106],[110,106],[29,35],[19,33],[10,35],[22,36],[35,35],[28,31],[30,27],[14,8],[24,13],[41,19],[11,4],[31,12],[35,2],[14,1],[26,1],[24,4],[13,2],[40,10],[33,15],[11,4],[25,10],[20,12],[12,8],[31,16],[33,13],[32,19],[33,14],[33,9],[44,10],[34,11],[75,26],[25,9],[16,7],[24,10],[24,11],[102,48],[103,90],[16,13],[35,11],[30,9],[37,41],[88,-6],[61,44],[175,25],[153,14],[90,8],[253,67],[61,-70],[472,211],[24,14],[229,134],[58,-48],[33,-27],[54,-44],[64,-32],[36,-7],[54,190],[-45,77],[6,13],[7,13],[16,28],[7,-5],[7,-2],[119,-51],[13,-10],[6,-4],[74,-56],[101,15],[111,17],[140,-55],[153,26],[9,-72],[8,-51],[213,114]],[[38217,34056],[-70,-49],[-262,-281],[-122,-96],[-196,-135],[-171,57],[-129,64],[-92,35],[-83,-28],[-8,-13],[-43,-40],[-24,-26],[-48,-32],[-43,-19],[-41,-22],[-46,-35],[-37,-45],[-23,-45],[-27,-44],[-30,-36],[-37,-17],[-48,-10],[-38,-18],[-35,-25],[-44,-40],[-31,-25],[-25,-22],[-8,72],[8,43],[31,42],[42,37],[36,34],[10,28],[-27,90],[-18,37],[-2,40],[16,37],[45,41],[44,30],[38,33],[28,34],[3,47],[-11,55],[-3,46],[-78,-36],[-32,-92],[-57,35],[-282,-36],[-129,-11],[53,93],[-23,68],[-139,-24],[-15,-77],[-100,-24],[-149,-72],[-81,-81],[-104,14],[-171,-80],[-58,86],[-47,-50],[-52,-49],[-60,-56],[4,-60],[-155,-72],[-83,48],[-7,131],[-52,171],[26,157],[-144,37],[-177,-48],[-93,-54],[-248,-143],[19,-16],[5,-22],[-8,-25],[-11,-22],[1,-23],[8,-19],[32,-25],[22,-20],[9,-7],[34,-29],[31,-33],[28,-32],[9,-27],[4,-29],[-8,-22],[-21,-23],[-43,-16],[-37,-6],[-20,-10],[-3,-44],[9,-54],[14,-49],[23,-34],[9,-12],[64,-50],[40,-24],[-116,-89],[-59,37],[-246,81],[-14,-49],[45,-42],[-12,-61],[120,-42],[-61,-103],[-63,10],[-77,-22],[-18,70],[-43,73],[-65,18],[-74,65],[-127,-6],[-113,3],[-195,-28],[-195,-97],[-172,11],[-106,14],[-131,36],[-43,24],[-100,43],[-69,-19],[-43,-57],[43,-88],[-203,-11],[-46,-114],[49,-16],[14,-72],[156,-83],[-38,-65],[-254,114],[-47,-5],[-111,-114],[-16,-254],[-12,11],[-12,11],[-14,9],[-15,8],[-41,16],[-70,31],[-24,11],[-22,11],[-22,13],[-21,14],[-12,10],[-13,10],[-18,17],[-11,11],[-6,17],[3,28],[14,21],[9,18],[-4,22],[-22,10],[-27,10],[-21,14],[-5,15],[-7,27],[-100,2],[-75,12],[-95,-40]],[[31380,32458],[-118,68],[103,103],[-19,81],[48,6],[11,28],[54,18],[53,-21],[94,21],[-52,15],[-80,225],[-101,48],[110,120],[65,-4],[3,108],[43,80],[51,20],[40,16],[6,26],[-15,29],[-111,103],[-55,50],[-21,47],[-3,47],[32,58],[26,42],[31,35],[27,20],[17,15],[8,21],[-5,24],[-13,16],[-32,23],[-1,15],[13,33],[7,25],[-16,25],[-19,33],[-2,22],[14,50],[11,70],[-4,96],[-19,29],[-20,18],[-30,12],[-15,15],[-8,18],[2,18],[25,46],[8,26],[-6,30],[-91,-15],[-63,35],[-182,138],[-1,95],[-181,206],[-180,92],[-230,32],[-124,134]],[[30465,35244],[-28,285],[334,340],[83,482],[-2,153],[300,183],[501,120],[-477,270],[1,433],[-14,52],[93,264],[-47,84],[-39,88],[-15,106],[-63,228],[13,89],[-23,46],[27,80],[34,16],[278,-164],[103,214],[-26,23],[-9,16],[-7,22],[2,41],[10,28],[10,21],[3,14],[-4,15],[-13,20],[-12,5],[9,54],[18,109],[13,63],[17,93],[-19,48],[-20,52],[-21,60],[60,56],[16,43],[-45,122],[-30,67],[-80,83]],[[31396,39668],[117,-30],[67,23],[52,17],[-66,134],[156,81],[-71,87],[87,55],[-12,51],[-280,499],[69,27],[-27,87],[-77,24],[31,143],[87,-30],[55,80],[-125,92],[12,73],[-9,97],[172,45],[214,-72]],[[22513,37245],[-63,-67],[-35,-40],[-31,-35],[-19,-30],[-20,-31],[0,-20],[13,-49],[13,-82],[30,-50],[33,-38],[26,-53],[16,-24],[17,-23],[22,-18],[27,-12],[22,-20],[23,-25],[16,-23],[31,-36],[76,-17],[152,-33],[283,105],[25,-46],[139,-58],[-9,-109],[5,-76],[292,28],[56,6],[7,-82],[107,-20],[-11,-50],[161,-3],[144,13]],[[24061,36227],[16,-23],[9,-24],[3,-44],[-7,-38],[-5,-35],[-3,-36],[10,-32],[11,-33],[0,-27],[-16,-37],[-9,-34],[-2,-9],[-8,-41],[-3,-31],[6,-40],[2,-32],[6,-38],[2,-34],[-5,-39]],[[24068,35600],[-3,-23],[-9,-49],[-12,-31],[-14,-42],[-10,-32],[-6,-42],[-8,-44],[-6,-40],[-6,-46],[-5,-29],[-14,-26],[-34,-34],[-64,-56],[-73,-73],[-46,-58],[-26,-46],[-80,-100],[-235,-134],[-86,-39],[-181,-81],[-112,-149],[-330,-310],[-108,-85],[-81,-95],[-56,-85],[-238,-62],[-188,-127],[92,-50],[95,87],[121,-126],[50,5],[41,-29],[-123,-90],[116,-128],[-22,-66],[-190,-70],[144,-65],[144,0],[-52,-168],[90,-1],[40,-62],[-81,-24],[-150,-50],[187,-123],[-17,-67],[-85,52],[-67,36],[-38,16],[-45,16],[-47,13],[-30,3],[-55,-3],[-54,-5],[-58,-18],[-92,-42],[-121,-47],[-82,-29],[-46,-7],[-25,0],[-24,8],[-60,32],[-80,53],[-46,27],[-34,13],[-59,11],[-79,5],[-42,-7],[-60,-17],[-37,-15],[-31,-15],[-27,-7],[-41,0],[-39,10],[-42,20],[-73,44],[-33,33],[-53,84],[-91,125],[67,38],[122,39],[148,90],[168,85],[94,268],[172,-23],[-7,116],[-92,44],[-249,-74],[-306,220],[-207,-42],[-304,61],[-90,81],[4,274],[-56,11],[-113,22],[-213,20],[-46,-40],[-62,-32],[-75,-15],[-89,-19],[-7,46],[-289,-42],[0,266],[-159,21],[-204,15],[-2,-58],[-47,-5],[-3,-46],[-74,-23],[-5,-38],[-182,9],[13,42],[12,40],[-58,8],[-197,-141],[-202,45],[-75,45],[-82,-63],[-28,19],[-40,-33],[-223,-62],[-132,-11],[-160,-122],[-92,-136],[-66,32],[-104,33],[-65,47],[-36,218],[-247,71],[-173,-12],[-8,56],[-20,41],[-10,-51],[-95,-10],[-183,-23],[-227,-13],[-46,53],[-125,15],[-1,-54],[-40,-54],[-180,-243],[41,-221],[-146,61],[-96,-218],[-108,103],[0,51],[-31,55],[38,37],[-52,88],[-337,-26],[-67,56],[-96,-84],[-67,55],[-68,57],[-129,-116],[-83,-74],[-33,-33],[26,-49],[10,-15],[-42,-61],[-97,-71],[-86,-124],[-214,-152],[-266,-245],[0,-154],[-187,-96],[-210,69],[-188,173],[-164,-92],[-75,41],[61,121],[-104,22]],[[12960,33188],[6,77],[12,56],[18,48],[25,46],[26,48],[24,55],[19,49],[14,59],[16,54],[16,55],[20,52],[30,56],[31,62],[52,86],[73,124],[51,99],[64,106],[35,68],[22,54],[35,69],[40,61],[27,61],[39,77],[25,61],[24,65],[8,54],[-8,53],[-13,46],[-25,45],[-32,28],[-48,31],[-51,23],[-45,9],[-56,2],[-97,-7],[-69,-11],[-52,4],[-45,15],[-52,31],[-20,30],[-7,41],[6,60],[-35,0],[8,27],[72,124],[94,81],[18,33],[66,69],[117,68],[118,47],[94,52],[35,32],[-4,4],[134,81],[151,130],[110,126],[-1,9],[49,58],[15,7],[182,235],[86,168],[150,93],[46,15],[223,31],[82,22],[192,92],[169,58],[30,13],[36,17],[91,73],[174,188],[180,159],[121,133],[203,172],[83,51],[161,49],[96,-3]],[[16444,37804],[31,-43],[55,-33],[51,-26],[67,-15],[76,-3],[94,13],[94,17],[96,27],[22,9],[221,61],[38,10],[63,9],[54,0],[65,-10],[87,-22],[56,-23],[37,-14],[71,-36],[73,-38],[58,-31],[76,-45],[75,-41],[68,-36],[62,-34],[72,-36],[56,-38],[94,-62],[90,-52],[80,-42],[66,-30],[68,-22],[17,-4]],[[26161,41337],[599,-49],[57,-22],[69,-9],[43,0],[42,-310],[202,-54],[-68,-90],[43,-162],[-139,-82],[147,-47],[-72,-49],[138,-107],[71,-24],[29,-45],[157,-106],[171,-8],[125,-128],[128,-22],[75,-99],[-21,-103],[-10,-110],[128,-3],[86,15],[66,314],[78,21],[141,-66],[182,-155],[40,-23],[46,-16],[64,-2],[75,3],[89,2],[46,-5],[39,-5],[26,-11],[13,-13],[27,-23],[31,-13],[39,-7],[28,-6],[28,15],[178,-83],[6,-117],[57,18],[109,33],[104,33],[-1,-21],[10,-26],[23,-16],[57,-20],[68,-35],[35,-10],[37,-7],[30,0],[32,-12],[27,53],[50,-8],[614,168],[146,-53],[458,64],[55,-10],[82,-16]],[[30465,35244],[-627,-20],[-503,-172],[-685,100],[-83,12],[-67,-10],[-546,194],[-350,-115],[-53,-21],[-37,-30],[-38,-66],[-92,-70],[-79,-22],[-31,-1],[-39,-7],[-42,-19],[-63,-39],[-13,-14],[-27,-27],[-43,-53],[-44,-44],[-31,-34],[-10,-13],[-29,-20],[-18,-3],[-17,0],[-23,9],[-24,2],[-31,-4],[-30,-7],[-27,-15],[-26,-18],[-27,-17],[-30,-15],[-25,-10],[-25,1],[-23,-2],[-22,-7],[-27,-14],[-32,-16],[-24,-4],[-38,10],[-33,11],[-32,4],[-43,4],[-52,13],[-45,20],[-55,36],[-33,31],[-30,24],[-18,21],[-20,20],[-23,12],[-34,17],[-25,14],[-27,19],[-26,25],[-11,33],[-6,22],[-7,22],[-17,27],[-29,20],[-35,18],[-61,21],[-63,17],[-50,13],[-30,22],[-26,34],[-23,34],[-30,32],[-31,16],[-31,11],[-28,-2],[-28,-6],[-21,-9],[-34,-8],[-33,-4],[-32,0],[-24,9],[-21,19],[-339,-20],[-64,24],[-35,14],[-56,-12],[-25,-41],[-264,194],[-218,71],[-22,25],[-45,44],[-92,7],[-69,39]],[[24061,36227],[58,15],[33,-44],[86,44],[32,-25],[104,41],[5,46],[-15,33],[138,40],[-44,90],[-209,295],[6,139],[50,250],[-15,154],[3,73],[-35,0],[28,92],[99,158]],[[24149,45105],[2,23],[17,21],[-2,15],[-30,30],[-2,37],[18,43],[4,16],[-9,13],[-7,23],[5,20],[11,23],[60,46],[31,27],[28,11],[48,10],[35,7],[16,10],[17,41],[12,16],[54,28],[42,10],[56,15],[91,25],[79,27],[74,43],[40,24],[37,23],[27,16],[6,16],[-4,23],[-17,31],[0,26],[8,18],[11,16],[20,15],[34,32],[18,27],[0,18],[0,21],[66,42],[417,236],[63,22]],[[16444,37804],[5,93],[-12,50],[-217,151],[-142,123],[-52,40],[-33,38],[-29,54],[-2,34],[18,39],[30,25],[52,27],[74,10],[74,4],[79,-6],[108,-42],[29,-22],[213,-224],[0,-1],[0,0],[147,14],[0,0],[45,27],[0,0],[0,1],[67,70],[0,0],[-5,28],[-47,43],[-77,31],[-126,83],[-137,51],[-86,54],[-142,126],[-19,30],[-10,44],[-6,150],[26,175],[-6,122],[-16,49],[7,73],[26,70],[-80,119],[-10,44],[3,49],[-2,109],[42,73],[50,48],[60,38],[59,26],[313,104],[85,52],[122,119],[19,58],[-29,166],[18,95],[-20,52],[-38,51],[-119,103],[-30,24],[-131,70],[-10,18],[6,72],[26,75],[17,25],[175,161],[59,65],[23,46],[-30,52],[-53,35],[-76,35],[-104,30],[-132,69],[-59,57],[-19,63],[11,48],[62,85],[143,63],[143,42],[0,0],[129,72],[119,49],[0,0],[9,8],[8,5],[7,6],[11,9],[4,3],[8,7],[7,7],[0,0],[0,0],[8,10],[4,5],[6,9],[4,7],[7,12],[4,6],[15,19],[29,40],[12,12],[0,1],[3,3],[32,33],[39,48],[40,40],[45,31],[13,9],[9,5],[1,1],[11,7],[8,6],[6,5],[13,9],[18,15],[18,13],[0,0],[40,52],[0,0],[11,43],[-34,50],[-28,114],[0,0],[-1,0],[-103,90],[-117,60],[-117,46],[-45,-11],[-41,-37],[-25,-57],[-10,-58],[5,-64],[-78,-173],[-78,-106],[-53,-55],[-52,-29],[-48,-4],[-35,12],[-35,42],[-71,185],[-59,109],[-39,45],[-39,16],[-136,26],[-98,40],[-132,74],[-37,-8],[-55,-42],[-19,-6],[-91,5],[-92,20],[-173,93],[-25,28],[-109,184],[-61,59],[-211,112]],[[31380,32458],[-262,-113],[-28,-23],[-86,-139],[-49,-110],[-242,-403],[-90,-136],[-119,86],[-41,85],[-128,-18],[10,-18],[4,-9],[19,-94],[18,-74],[-13,-71],[-43,-65],[-39,-45],[-27,-15],[-28,-11],[-25,-28],[-25,-40],[-5,-21],[-106,68],[-268,142],[-92,67],[-82,-104],[-47,58],[-59,60],[-119,84],[-144,84],[-66,-38],[-96,-33],[-160,-70],[-170,-58],[-31,-74],[-113,-13],[-208,-252],[-143,-75],[-112,-186],[-225,-187],[-149,-116],[-145,-36],[-106,-20],[-102,-14],[-92,10],[-122,-65],[-129,-145],[-127,-119],[-65,-56],[-49,-17],[-63,-43],[-139,-57],[-145,-67],[-57,-3],[-166,-17],[-152,17],[-127,40],[-46,89],[-247,-66],[-231,-139],[-171,-27],[-46,-12],[-315,-82],[-40,-17],[-22,-11],[-25,-25],[-18,-34],[-20,-38],[-25,-29],[-18,-27],[-16,-31],[-19,-36],[-13,-28],[-13,-42],[-15,-43],[-12,-22],[-29,-25],[-19,-25],[-20,-30],[-27,-24],[-4,-22],[-9,-31],[-11,-26],[-7,-21],[-19,-26],[-20,-27],[-22,-19],[-32,-20],[-26,-13],[-75,-9],[-49,-7],[-35,-3],[-25,-13],[-10,-23],[3,-32],[5,-33],[-50,-62],[-82,-70],[-82,48],[-57,182],[1,94],[-96,131],[10,134],[-66,81],[-155,-71],[-252,-60],[-266,-103],[-135,-55],[-247,62],[-24,101],[-127,175],[-50,57],[-18,16],[-6,4],[-14,12],[-86,-84],[26,-80],[27,-73],[-7,-87],[-2,-41],[-22,-29],[-58,-70],[-51,-68],[-100,-77],[-73,-5],[-119,-65],[-10,126],[-211,85],[-57,-6],[-79,5],[-79,-28],[-37,-59],[-55,-36],[-36,-58],[-59,3],[-78,-23],[-120,-66],[-75,-5],[-83,-31],[21,-27],[71,-109],[21,-42],[20,-42],[7,-32],[0,-34],[-16,-42],[-30,-24],[-38,-15],[-57,-4],[-54,-1],[-77,7],[-74,-18],[-41,42],[-88,25],[-147,-85],[40,-46],[38,-51],[33,-54],[24,-51],[18,-47],[17,-51],[-4,-50],[-11,-32],[-25,-34],[-39,-35],[-56,-36],[-57,-28],[-43,-26],[-4,-2],[-46,37],[-6,1],[-85,12],[-69,10],[-67,9],[-117,9],[-168,-90],[-120,23],[-65,92],[-97,11],[-201,135],[20,134],[-33,201],[-47,67],[-170,218],[-54,11],[-48,75],[-128,77],[-147,14],[-51,133],[-95,-37],[-81,-104],[-140,-25],[-69,-66],[-218,64],[-197,21],[-148,39],[-113,52],[-134,-105],[-112,-88],[-114,-99],[-85,-76],[-111,-138],[-96,-56],[-68,10],[-72,28],[-34,-21],[-55,-57],[-54,14],[-34,29],[-19,41],[8,52],[5,29],[0,7],[0,6],[-2,8],[-2,6],[-5,14],[-24,51],[0,28],[4,28],[13,27],[2,7],[2,7],[2,14],[-1,13],[-56,2],[-102,-40],[-66,56],[-83,-9],[-291,-151],[-54,-97],[-74,38],[-142,-25],[-149,61],[-136,53],[-67,46],[-82,91],[-79,146],[-77,74],[-135,88],[-146,70],[-71,29],[-151,38],[-38,-69],[-15,5],[-66,25],[-61,23],[-42,-60],[-114,-37],[-5,-3],[-124,-88],[-171,-98],[-99,59],[29,44],[-64,81],[43,57],[-50,39],[-81,-81],[-138,30],[-61,107],[-156,-13],[-21,75],[-193,57],[-40,22],[-104,57],[-241,-65],[-2,-50],[-150,-49],[-105,-86],[-71,-3],[-97,-35],[26,121],[-37,36],[-132,36],[-59,10],[-74,11],[-151,56],[-189,-40],[-108,15],[-128,-33],[-102,49],[-97,-10],[-162,64],[-115,94],[-102,-12],[-75,-66],[113,190],[32,131],[-9,66],[-31,43],[-234,160],[-329,206],[-1,8],[-366,204],[-32,33],[-36,71],[-3,55],[21,48],[58,72],[46,39],[102,63],[160,67],[82,30],[69,9],[88,-12],[166,-93],[107,-27],[57,1],[42,12],[0,0],[0,0],[33,24],[28,47],[5,66],[-29,72],[-45,44],[-152,105],[-83,109],[-36,88],[-6,105],[24,73],[97,131],[158,167],[155,118],[71,19],[40,2],[191,7],[0,0],[8,1],[3,0],[9,1],[14,3],[2,0],[51,7],[70,17],[70,28],[65,34],[55,34],[57,45],[46,43],[42,55],[47,76],[45,83],[45,49],[45,38],[43,40],[32,48],[29,44],[37,41],[47,35],[61,36],[77,39],[72,33],[57,32],[45,38],[38,49],[37,53],[37,62],[19,52]],[[88537,40586],[10,-112],[-146,-12],[71,-108],[-62,-39],[96,-146],[-149,-57],[-595,-164],[39,-124],[-44,-7],[9,-48],[-213,-82],[-111,-6],[-160,-111],[6,-195],[72,-167],[69,18],[30,-35],[-70,-29],[72,-118],[-178,-73],[-715,-194],[-194,-153],[-69,16],[-396,-111],[275,-555],[33,-98],[2,-44],[3,-68],[11,-310],[134,-96],[159,-26],[12,-206],[-76,-91],[-68,-28],[-29,-88],[-433,-146],[30,-76],[-21,-35],[-50,-35],[54,-77],[5,-91],[23,-194],[60,-17],[181,46],[169,-303],[135,-243]],[[86518,35748],[-274,-201],[-218,-107],[-973,-281]],[[85053,35159],[-190,-12],[-30,34],[-524,599],[-481,-142]],[[83828,35638],[-154,386],[79,18],[11,30],[-36,96],[-311,-146],[-49,99],[-29,60],[49,14],[-75,200],[-197,364],[76,26],[-137,249],[-176,-32],[-316,-123],[-13,22],[-26,47],[-185,-53],[-20,52],[-155,-39],[-7,54],[-180,-22],[-25,101],[-108,-21],[-100,-25],[-277,-69],[-208,-51],[-80,209],[-12,1],[-268,177],[-115,-33],[-114,153],[-168,-75],[-65,-16],[-54,117],[-182,95],[-82,-51],[-65,6],[-102,64],[-58,-5],[-139,15],[-4,50],[-172,-39],[-25,129],[-26,-24],[-104,-47],[-146,-97],[-124,-32],[-248,-174],[-259,-153],[-91,-78],[-168,-32],[-180,-74],[-73,24],[-99,-1],[-71,9],[-152,17],[-149,-7],[-309,68],[136,23],[1,39],[-120,4],[-79,25],[-166,46],[-4,21],[0,57],[11,67],[28,177],[19,39],[32,38],[76,67],[29,33],[11,17],[-3,18],[-23,23],[-56,38],[-40,37],[95,142],[38,29],[54,23],[143,-82],[123,8],[117,68],[-155,-19],[-87,23],[-23,91],[-29,136],[-183,257],[-219,52],[-155,37],[-84,60]],[[76842,38665],[427,531],[148,72],[150,29],[117,84],[33,23],[20,-16],[55,-26],[83,-31],[36,29],[51,21],[54,18],[4,35],[-44,130],[43,62],[206,64],[113,35],[49,28],[121,65],[46,31],[41,31],[18,37],[232,226],[24,53],[11,23],[-31,34],[13,11],[87,67],[46,42],[43,53],[53,33],[260,157],[-750,703],[263,176],[-44,172],[161,248],[151,134],[-144,149],[436,204],[99,46],[-28,40],[-117,154],[267,124],[-36,86]],[[79609,42852],[131,30],[158,36],[173,-301],[218,-28],[85,-11],[66,-143],[462,-167],[-16,-33],[145,-47],[206,-129],[107,-53],[60,82],[38,51],[100,-33],[112,-41],[-4,71],[165,1],[46,3],[56,5],[98,7],[135,21],[36,7],[37,3],[30,-2],[7,-1],[38,-5],[18,1],[-28,88],[87,11],[93,9],[111,23],[11,-43],[55,9],[7,-70],[121,-110],[-168,-49],[291,-338],[64,14],[306,74],[29,-50],[133,30],[12,112],[144,-60],[59,-122],[157,24],[34,101],[576,40],[34,85],[64,6],[41,129],[102,27],[45,301],[198,-11],[15,84],[84,57],[301,55],[36,84],[81,22],[294,118],[322,120],[503,167],[-37,112],[441,140]],[[86934,43365],[73,54],[65,-146],[210,19],[65,-21],[39,17],[184,1],[220,54],[388,30],[115,36],[13,-24],[121,-35],[106,-2],[-18,-36],[-36,-58],[-7,-43],[3,-38],[0,-29],[2,-26],[-14,-29],[-16,-19],[-20,-22],[8,-22],[18,-46],[75,2],[80,-126],[-106,-14],[8,-120],[-49,-31],[153,-195],[-290,-166],[71,-95],[-191,-120],[54,-201],[16,-56],[32,-117],[40,-49],[8,-47],[130,6],[9,-32],[10,-89],[14,-56],[-21,-501],[116,-15],[-80,-189],[5,-183]],[[93490,38663],[-3,108],[-44,1],[-386,-26],[-37,-1],[-93,-3],[-43,-2],[-49,-1],[-52,-4],[-35,-1],[-173,8],[-90,6],[-143,10],[-188,13],[-209,47],[-462,259],[-9,83],[-692,-9],[-40,308],[2,77],[56,6],[-26,65]],[[90774,39607],[-55,190],[427,103],[-140,343],[29,64],[20,29],[71,196],[195,-6],[17,177],[8,95],[122,-8],[0,50],[230,21],[-23,161],[-32,109],[103,36],[-44,87],[103,30],[16,48],[14,19],[78,36],[43,-4],[156,-12],[73,-1],[530,13],[81,-30],[14,84],[161,-63],[4,-57],[101,15],[239,4],[191,-44],[74,-29],[86,32],[257,213],[107,64],[95,40],[101,124],[135,135],[-15,97],[20,41],[94,93],[81,55],[190,79],[103,36],[114,36],[40,-83],[250,6],[172,105],[69,32]],[[95479,42368],[49,-62],[4,-5],[85,-119],[113,-173],[93,-155],[82,-171],[29,-69],[47,-105],[43,-140],[18,-93],[3,-72],[2,-49],[10,-68],[13,-63],[28,-65],[59,-99],[52,-72],[71,-78],[61,-55],[83,-59],[61,-37],[85,-37],[125,-38],[145,-24],[120,-9],[144,-4],[171,0],[230,23],[213,37],[416,96],[75,14],[45,6],[34,1],[35,1],[57,-3],[49,-6],[52,-8],[62,-20],[33,-13],[33,-15],[27,-18],[58,-55],[13,-12],[41,-44],[7,-8],[27,-52],[16,-64],[11,-60],[0,-49],[-19,-73],[-32,-57],[-51,-53],[-292,-238],[-420,-340],[-135,-115],[-82,-84],[-40,-42],[-43,-56],[-68,-97],[-132,-218],[-24,-43],[-59,-102]],[[89475,31617],[-97,-19],[-17,49],[-130,-44],[-29,-42],[-84,-7],[-9,31],[-187,-16],[-79,-17],[-334,-96],[-94,175],[-63,-19],[-102,176],[-110,143],[-39,-19],[-47,36],[62,40],[50,22],[13,6],[13,5],[47,18],[97,53],[-155,172],[-92,-32],[-116,211],[-54,125],[-296,33],[-61,105],[-57,-19],[-41,98],[-45,92],[47,13],[-36,70],[65,22],[-32,65],[-41,-8],[-21,92],[-54,19],[-194,-27],[-11,42],[-14,35],[-99,-3],[-5,94],[-42,-1],[-168,-7],[-12,77],[-30,97],[-104,10],[-217,-16],[-19,69],[-163,-61],[-171,-20],[-206,-52],[-135,-46],[-53,-35],[-70,-37],[-116,-20],[-22,40],[-281,-66],[-72,197]],[[85143,33420],[22,161],[53,151],[93,294],[51,113],[75,-11],[67,-14],[5,84],[-6,40],[-114,72],[-128,0],[50,153],[74,-9],[-14,130],[-61,243],[-79,172],[-103,-27],[-75,187]],[[86518,35748],[747,147],[126,25],[58,15],[146,24],[128,27],[103,4],[161,7],[88,-18],[84,-68],[-102,-265],[11,-120],[123,5],[59,-12],[90,-25],[152,-23],[2,-87],[171,2],[350,70],[278,138],[-19,70],[417,21]],[[77262,43858],[106,41],[114,46],[119,50],[67,2],[9,-28],[-2,-21],[-13,-31],[-10,-34],[-5,-26],[-3,-17],[3,-54],[0,-5],[0,-9],[191,14],[3,-55],[217,113],[91,-5],[113,-44],[225,131],[-18,166],[178,186],[-119,82],[-41,41],[38,26],[29,-28],[43,-26],[31,-21],[36,-19],[37,-11],[36,-13],[37,-6],[35,-2],[38,1],[54,1],[30,101],[37,67],[81,47],[88,50],[73,57],[46,46],[27,38],[24,67],[125,52],[34,-83],[41,12],[51,10],[15,-58],[129,3],[221,3],[37,13]],[[79960,44728],[113,-146],[101,29],[50,-252],[102,-220],[24,-187],[-106,-24],[17,-132],[132,2],[186,-153],[-150,-147],[-302,-155],[-406,-164],[-91,-24],[-181,-79],[160,-224]],[[76842,38665],[-104,-22],[-208,-39],[-193,101],[18,93],[10,26],[41,52],[40,92],[-57,107],[45,50],[-59,30],[-50,-109],[-60,-42],[-151,-104],[-36,66],[-1,35],[10,75],[95,65],[95,95],[106,65],[178,99],[79,44],[79,83],[-42,42],[-42,43],[24,26],[25,27],[-35,68],[-3,53],[-7,157],[-327,-57],[-142,-51],[-254,-156],[-52,-38],[-52,-33],[-302,-332],[-108,-28],[-39,40],[-24,25]],[[75339,39313],[-213,163],[-285,141],[-39,61],[35,88]],[[79960,44728],[116,102],[-18,35],[-78,92],[-7,60],[33,50],[53,51],[92,59],[85,17],[93,88],[71,33],[22,10],[206,48],[272,64],[225,103],[-52,66],[417,183],[-279,159],[37,28],[-180,117],[77,68],[-322,284],[62,37]],[[80885,46482],[122,59],[112,40],[124,44],[81,-114],[384,96],[173,3],[124,30],[35,7],[25,-32],[104,28],[51,22],[67,19],[83,-2],[90,-4],[18,-6],[26,-7],[26,-13],[82,36],[109,32],[116,33],[138,40],[30,14],[19,23],[18,21],[51,29],[66,37],[249,119],[207,106],[132,71],[65,-69],[9,-61],[113,-117],[119,-119],[61,-73],[55,15],[33,-2],[119,-9],[89,-7],[107,27],[57,19],[13,-54],[252,57],[228,69],[394,32],[-12,104],[51,4],[9,40],[7,31],[-13,77],[215,32],[58,-1],[69,-5],[120,-4],[1,-32],[84,25],[117,52],[411,-434],[51,108],[58,-100],[-165,-149],[6,-144],[245,-92],[34,-13],[-50,-197],[89,-11],[-21,-48],[-18,-14],[-27,-15],[-14,-25],[-3,-27],[0,-22],[18,-20],[55,-71],[-23,-30],[1,-15],[83,-133],[32,-59],[18,-49],[13,-29],[38,-20],[74,-4],[148,11],[58,-10],[32,-10]],[[87310,45622],[12,-26],[19,-10],[-4,-148],[23,-42],[-59,-10],[-88,-15],[51,-164],[250,47],[25,5],[73,-162],[42,-92],[44,-55],[55,-69],[-85,-51],[-76,-83],[-19,-14],[41,-70],[-258,-112],[27,-34],[-106,-8],[-125,-25],[-115,-35],[-156,-38],[-198,-32],[9,-133],[16,-113],[32,-16],[36,-28],[21,-10],[19,-15],[22,-77],[-93,-32],[107,-242],[33,-82],[11,-29],[-39,-9],[14,-49],[14,-46],[42,-122],[7,-11]],[[88537,40586],[149,-3],[-2,72],[335,4],[-7,-63],[223,-16],[162,-35],[-37,-114],[229,-37],[-41,-162],[107,-17],[86,-16],[-14,-98],[325,63],[19,-63],[73,38],[127,-117],[76,-169],[42,11],[75,-137],[96,-150],[214,30]],[[82972,21541],[-164,53],[-164,-58],[-155,-37],[-253,-107],[-70,-109],[0,-118],[-48,-82],[55,-80],[-44,-41],[-240,-83],[-94,3],[-21,77],[-65,2],[-7,-54],[-147,26],[-112,-40],[-242,-28],[-181,-91],[-72,69],[57,51],[-64,43],[19,121],[-58,24],[-16,59],[-42,63],[130,40],[391,472],[217,153]],[[81582,21869],[113,-29],[580,86],[313,141],[369,-8],[25,37],[151,8],[48,33],[33,62],[143,91],[153,168],[305,61],[279,209],[197,53],[271,-26],[161,108],[62,64],[124,67],[100,-13],[31,-18],[79,76],[163,87],[69,16],[15,58],[88,22],[112,28],[74,2],[60,2],[56,37],[79,53],[210,140],[268,2],[362,99],[75,28],[-3,72],[279,-30],[161,198],[204,-101],[27,95],[105,-23],[5,116],[169,5],[2,-52],[359,-24],[375,31],[6,-34],[6,-37],[110,1],[7,0]],[[88562,23830],[5,-67],[-70,-4],[-1,-131],[20,-89],[3,-83],[30,-2],[54,-237],[26,10],[33,-131],[-30,-3],[75,-232],[239,58],[203,58],[201,45],[25,-66],[170,38],[7,-86],[103,-200],[-138,-33],[22,-48],[45,6],[24,5],[46,-89],[27,-55],[153,-286],[-36,-12],[92,-232],[57,-114],[156,14],[16,-94],[-55,-8],[-29,-4],[4,-83]],[[79582,25151],[91,-9],[426,463],[158,0],[106,-21],[90,30],[163,54],[126,6],[135,55],[76,-1],[47,55],[-13,74],[191,-6],[182,-44],[265,6],[-11,-64]],[[81810,25868],[133,42],[130,187],[139,8],[46,303],[-46,136],[85,156],[36,67],[57,87],[72,70],[107,101],[86,75],[69,44],[77,36],[64,31],[42,29],[19,39],[0,40],[-7,32],[156,18],[57,39],[168,64],[153,-13],[317,84],[257,310],[249,222],[112,52],[59,90],[167,157],[96,52],[95,6],[163,119],[78,12],[103,19],[124,-14],[156,9],[318,-107],[-18,-114],[94,-39],[274,55],[261,-15],[203,15],[484,98],[69,-246],[281,50],[14,-55],[309,-28],[363,4],[110,56],[193,39],[42,7],[-13,92],[83,55],[119,87],[170,56],[-28,118],[675,-2],[51,-7]],[[89483,28696],[24,-81],[18,-78],[21,-87],[131,19],[28,-54],[179,23],[61,-108],[18,-111],[37,-147],[25,-98],[37,-119],[16,-85],[21,-134],[14,-113],[-3,-93],[-305,-41],[15,-104],[55,-143],[204,27],[139,16],[15,-79],[74,-157],[-162,-27],[-70,-14]],[[90075,26908],[-27,-6],[-185,-72],[-110,-54],[-40,-29],[-19,-8],[-84,-36],[-97,-50],[-68,-22],[-64,1],[-22,9],[-10,30],[-10,17],[-13,1],[-25,-3],[-20,0],[-20,8],[-20,4],[-18,-1],[-21,0],[-23,-2],[-14,-9],[-23,-21],[-38,-30],[-59,-28],[-14,-3],[-19,-2],[-82,0],[-100,2],[-51,-2],[-30,-4],[26,-160]],[[72471,20024],[141,251],[12,125],[95,101],[100,93],[85,-10],[75,51],[110,49],[101,31],[77,-15],[89,-16],[88,-43],[135,16],[156,126],[95,-14],[107,158],[79,38],[66,14],[75,6],[61,-11],[44,-23],[46,-39],[46,-23],[99,-4],[40,42],[88,57],[75,74],[56,66],[50,71],[40,74],[58,66],[136,63],[114,62],[151,75],[114,41],[83,15],[116,5],[113,-21],[160,-60],[61,-8],[122,-49],[68,-37],[113,-34],[181,-54],[44,17],[32,9],[22,-1],[28,-2],[23,5],[27,8],[9,3],[20,9],[40,23],[28,19],[26,20],[22,15],[17,18],[12,26],[14,26],[12,28],[10,29],[6,28],[2,28],[3,26],[1,23],[5,21],[5,28],[10,31],[15,28],[21,24],[21,19],[32,17],[44,14],[81,19],[67,18],[47,15],[54,14],[58,21],[6,2],[-99,24],[-44,43],[-22,48],[-98,106],[-122,163],[-97,119],[-52,136],[21,124],[-10,80],[39,27],[130,50],[85,104],[133,71],[149,73],[173,30],[107,57],[201,66],[125,3],[94,-6],[18,14],[14,8],[26,4],[38,4],[35,7],[47,18],[-86,102]],[[81281,22147],[152,-73],[149,-205]],[[78765,19092],[-63,-16],[-30,-13],[-34,-21],[-39,-38],[-28,-36],[-38,-66],[-28,-27],[-34,-14],[-35,-8],[-33,2],[-32,15],[-22,16],[-18,26],[-15,26],[-18,22],[-20,15],[-62,32],[-45,8],[-51,8],[-21,-27],[-20,-17],[-10,-9],[-19,-12],[-21,-13],[-32,-22],[-31,-27],[-7,-32],[10,-30],[14,-18],[2,-25],[-11,-24],[-10,-18],[-13,-21],[-1,-20],[7,-40],[21,-30],[32,-47],[-22,-33],[-62,-9],[-54,8],[-41,10],[-25,-53],[-44,-32],[-43,-54],[-37,-29],[-54,-45],[-60,-33],[-44,-5],[-37,7],[-30,10],[-36,8],[-29,-3],[-22,-12],[-19,-33],[-26,-40],[-32,-41],[-41,-30],[-38,-22],[-16,-6],[-52,-19],[-80,-23],[-76,-4],[-74,-8],[-102,-37],[-73,-26],[-53,-4],[-42,10],[-41,11],[-26,-2],[-45,-21],[-40,-26],[-34,-17],[-39,-16],[-41,-15],[-41,-13],[-26,-8],[-62,-48],[3,-70],[-9,-48],[-11,-36],[8,-25],[15,-39],[-2,-34],[-27,-36],[-40,-34],[-27,-29],[-3,-61],[13,-38],[11,-29],[-10,-30],[-30,-49]],[[73260,17550],[-111,39],[-71,146],[-113,61],[-58,158],[-64,174],[-94,198],[4,119],[4,97],[-134,56],[-241,11],[-84,-25],[27,-179],[3,-16],[-33,-19],[-525,-292]],[[71770,18078],[-35,47],[-68,72],[-89,88],[-60,67],[-6,36],[5,55],[22,63],[3,11],[-80,119],[5,14],[84,254],[37,114],[-4,151],[187,264],[86,176],[8,96],[133,81],[129,71]],[[89399,25858],[97,37],[144,33],[29,3],[122,12],[66,-4],[244,-16],[85,-250],[91,-325],[41,-201],[44,-221],[-98,-6],[32,-108],[105,2],[21,-77],[65,5],[31,-132],[104,-301]],[[90622,24309],[-126,-10],[-486,-31],[-159,-30],[11,-73],[-91,-3],[-20,57],[-48,-9],[17,-131],[-99,-18],[-286,-36],[-262,-18],[1,-33],[-63,-3],[-387,-28],[3,-53],[7,-59],[-72,-1]],[[90511,31390],[1,-58],[-8,-72],[-8,-112],[6,-124],[-42,-214],[-22,-73],[9,-111],[25,-134],[24,-173],[-44,6],[-15,-147],[135,-111],[-39,-3],[40,-128],[15,-89],[22,-90],[34,-212],[-150,-51],[0,-53],[-1,-72],[4,-107],[42,-98],[-192,-50],[-54,-23],[41,-75],[-50,-23],[-267,-96],[-59,-20],[-155,-20],[-114,4],[-213,-29],[7,-136]],[[76791,25686],[1,13],[-13,68],[-26,71],[-7,78],[48,203],[0,53],[-39,29],[-14,9],[-34,27],[-27,36],[62,36],[87,62],[83,45],[99,28],[274,30]],[[77285,26474],[175,6],[103,-22],[91,207],[395,-33],[225,-9],[95,9],[199,80],[55,35],[87,84],[32,14],[380,50],[268,224],[17,127],[-11,122],[99,114],[58,72],[64,81],[49,70],[-3,-14],[43,35],[157,116],[188,84],[53,-66],[54,-72],[240,92],[-31,75],[-38,80],[307,147],[-5,38],[35,74],[13,83],[42,63],[5,79],[174,232],[79,61],[120,125],[131,105],[20,-27],[111,48],[84,30],[-6,14],[-23,50],[90,24],[182,57],[30,-26],[122,43],[83,49],[46,-44],[19,-19],[60,27],[172,81],[10,-28],[2,-22],[-2,-33],[140,102],[25,37],[119,50],[52,26],[46,27],[86,37],[73,35],[101,72],[66,40],[76,37],[-55,46],[0,18],[-60,89],[-65,60],[-115,143],[-84,78],[-76,71],[-41,38],[-58,75],[-68,65],[296,-8],[12,166],[-59,0],[19,177],[-108,-14],[-33,134]],[[82519,30867],[399,82],[203,1],[-54,49],[59,28],[-30,30],[219,143],[143,26],[-2,45],[125,11],[-64,269],[-70,110],[394,201],[98,51],[-228,316],[-102,69],[514,277],[-76,105],[118,58],[201,77],[96,32],[104,39],[141,104],[-55,69],[127,52],[25,-64],[122,50],[-52,213],[76,45],[193,65]],[[77285,26474],[-149,132],[-162,40],[-49,65],[3,76],[81,54],[24,44],[7,44],[-126,117],[90,170],[-14,262],[-63,65],[-74,50],[-58,46],[-56,82],[-28,100],[-23,130],[6,42],[18,65],[45,63],[235,224],[24,72],[-8,84],[62,74],[63,59],[-112,31]],[[77021,28665],[90,122],[-43,138],[21,257],[138,146],[163,107],[274,164],[28,100],[-129,241],[-171,-47],[-12,41],[-4,46],[106,21],[-29,110],[14,93],[90,-38],[66,145],[13,113]],[[77636,30424],[150,35],[77,-110],[61,10],[36,-153],[141,75],[223,84],[-48,57],[9,64],[86,26],[119,-140],[181,85],[-26,39],[298,197],[104,-133],[28,-33],[333,67],[568,169],[207,87],[223,150],[38,48],[51,62],[177,93],[174,90],[468,71],[148,35],[98,42],[26,-69],[157,64],[28,-33],[12,-16],[312,70],[181,-405],[13,4],[52,15],[52,-231],[126,27]],[[77636,30424],[-123,38],[119,177],[-167,102],[19,104],[46,100],[58,61],[124,204],[66,-24],[130,76],[-180,89],[-18,199],[-95,174],[-147,155],[113,99],[59,8],[60,9],[-106,100],[-82,26],[31,35],[32,34],[114,-6],[124,279],[-121,48],[-284,9],[-94,-38],[-237,-43],[-187,-20],[-143,3]],[[76747,32422],[42,34],[107,33],[185,22],[288,60],[246,187],[255,255],[421,63],[849,193],[41,11],[101,-160],[89,-64],[11,-99],[82,-25],[-48,-60],[229,-73],[38,46],[182,-76],[28,-112],[68,18],[127,-123],[145,-34],[62,-201],[-148,-27],[-126,-51],[-94,-57],[16,-27],[146,60],[204,20],[4,-18],[7,-32],[511,122],[512,88],[62,-81],[227,72],[-187,221],[-224,492],[39,47],[-48,105],[238,85],[-150,274],[-67,-12],[-43,316],[-113,-14],[-83,132],[91,40],[-243,286],[467,183],[37,-42],[66,72],[103,-26],[161,-14],[143,27],[91,30],[84,30],[55,20],[58,21],[14,82],[166,-15],[121,18],[15,242],[106,31],[-61,183],[-22,45],[174,59],[27,10],[-7,119],[58,-2],[131,-24],[37,-70],[395,40],[33,-45],[165,59],[440,128],[-55,119]],[[76747,32422],[-112,100],[-51,-102],[-77,-26],[-81,-46]],[[76426,32348],[-91,13],[-70,9],[-173,-22],[-168,132],[-153,74],[-129,4],[-100,79],[-52,40],[-140,29],[-150,100],[-23,2],[-54,6],[-48,-30],[-26,-16],[-45,47],[-94,101],[-112,39],[-59,-75],[-140,1],[-191,87],[-135,145],[-15,107],[36,2],[-4,36],[-42,58],[-13,255],[67,4],[1,103],[248,198],[-60,-18],[-21,33],[31,26],[59,31],[98,41],[68,21],[-6,11],[122,50],[99,30],[97,11],[10,96],[-39,193],[105,102],[44,43],[109,15],[-190,37],[-44,64],[-39,44],[-3,41],[150,89],[245,-5],[173,83],[365,45],[63,-5],[69,8],[30,9],[58,18],[74,61],[53,32],[74,30],[49,29],[40,27],[30,34],[41,72],[29,55],[55,71],[60,59],[55,47],[-64,-14],[-62,-44],[-59,-90],[-287,-19],[-252,-64],[-125,-32],[-37,-36],[-219,-92],[-145,-25],[-103,18],[-85,38],[-176,139],[-167,44],[-404,143],[-273,145],[67,105],[-143,90],[46,66],[163,149],[349,42],[111,50],[50,60],[73,218],[7,114],[-24,277],[-3,37],[-54,88],[-110,3],[-86,-100],[-113,-23],[-127,69],[-102,92],[-14,13],[-12,11],[-33,16],[61,8],[189,163],[-36,84],[26,35],[103,143],[-18,60],[-57,3],[-62,-13],[-76,-1],[9,59],[12,83],[-163,-2],[5,54],[11,108],[151,-34],[-36,54],[55,-16],[38,-12],[106,13],[94,-29],[-35,70],[-29,56],[65,44],[-101,98],[203,51],[-18,43],[134,40],[-15,35],[93,-11],[-15,107],[236,156],[-179,104],[-99,-20],[28,104],[143,141],[69,67],[65,62],[-169,130],[159,213],[101,69]],[[77021,28665],[-173,-93],[-160,-110],[-59,-39],[-105,13],[-112,13],[-102,5],[-159,-7],[78,89],[-127,22],[-183,34],[-472,103],[-120,31],[-71,21],[-24,40],[-111,-46],[-308,-38],[-257,-135],[-4,-19],[-33,-129],[-60,-15],[-31,-7],[-72,-31],[-38,27],[-29,40],[-32,66],[-99,8],[-163,-73],[-129,-83],[-38,-52],[-57,6],[-22,-58],[-117,-56],[-196,-105],[-128,34],[-4,42],[-83,21],[-22,-52],[-131,15],[-157,-18],[-91,-66],[-116,-45],[-165,-102],[-163,-83],[-235,-137],[-302,-23]],[[71839,27673],[1,13],[27,165],[-8,139]],[[71859,27990],[159,60],[81,54],[82,37],[12,7],[-31,55],[-37,66],[46,58],[-292,122],[1,19],[6,85],[-4,4],[-34,-5],[-272,-1],[-39,10]],[[71537,28561],[-56,16],[-165,111],[-69,44],[-90,51],[-297,-54],[-36,-4],[-5,17],[49,44],[91,60],[-92,17],[-81,-21],[-116,88],[-82,-53],[-48,-115],[-35,-13],[-55,143],[-43,-33],[-17,-8],[-73,-41],[-52,-18],[-78,-11],[-38,-2],[-40,52],[-78,100],[-357,-84],[22,-49],[-131,-42],[-126,21],[-58,-130],[-101,-4],[-40,195],[-84,138],[-82,134],[-77,54],[-15,9],[-86,50],[9,40],[21,23],[197,133],[28,141],[27,51],[39,29],[73,50],[71,54],[72,55],[69,30],[139,92],[79,76],[-57,116]],[[69663,30113],[592,252],[7,270],[85,134],[290,285],[103,89],[61,52],[-30,67],[230,217],[214,1],[99,58],[12,192],[143,90],[80,-18],[88,69],[123,97],[153,161],[50,50],[179,15],[160,65],[295,134],[524,474],[86,108],[28,81],[-25,270],[-107,120],[-94,35],[-55,65],[478,-143],[131,130],[-16,78],[149,-59],[71,46],[35,22],[11,-28],[4,-32],[12,-17],[22,-8],[46,-23],[-25,-39],[-30,-50],[65,-27],[0,-19],[44,-17],[82,-44],[58,-131],[-75,-94],[-115,-142],[-51,-78],[-13,-36],[31,-105],[33,-64],[73,-104],[409,-160],[-43,-239],[251,61],[56,-27],[63,-30],[103,48],[215,24],[-156,272],[95,62],[98,-23],[42,66],[513,-242],[243,-77],[110,-90],[205,6],[27,7],[117,33],[79,9],[25,86]],[[69663,30113],[-215,244],[-134,-27],[-43,-32],[-76,5],[-86,3],[-3,10],[-10,39],[-2,42],[-15,30],[-30,31],[-29,34],[-4,14],[-111,-19],[-99,-17],[-99,62],[-99,19],[-60,2],[-95,37],[-26,61],[30,25],[118,13],[-79,131],[-84,31],[-66,-21],[-69,-33],[-57,-59],[-83,123],[-171,160],[-26,40],[-19,52],[-3,93],[-4,112],[84,254],[18,30],[43,72],[101,54],[96,70],[-123,115],[-84,-137],[-171,-100],[-148,-314],[-38,31],[-115,93],[-107,-56],[-89,-46],[-75,84],[-66,-25],[-96,61],[-73,68],[-61,26],[-35,-41],[-185,15],[-65,-149],[-71,7],[34,85],[-99,0],[-8,42],[-65,19],[-103,12],[-56,-5],[-71,-28],[-41,-38],[-78,-27],[-60,-4]],[[66107,31486],[55,165],[176,105],[133,139],[-11,11],[-30,25],[27,17],[19,11],[2,28],[4,79],[-54,25],[89,56],[-140,42],[-109,33],[93,99],[74,101],[75,79],[-67,43],[48,113],[-15,8],[-181,100],[-59,57],[-43,63],[-40,129],[-18,57],[80,78],[32,31],[151,53],[33,43],[58,12],[77,14],[41,-20],[26,-2],[69,25],[149,4],[198,31],[20,92],[53,12],[100,22],[-24,37],[-128,195],[-101,61],[-23,70],[-5,46],[-6,60],[5,9],[42,58],[34,23],[31,22],[251,58],[112,37],[16,36],[13,27],[0,34],[-11,40],[-29,31],[-23,45],[-18,53],[-9,40],[8,37],[22,40],[16,39],[-8,19],[-61,-20],[-144,-76],[-58,-86],[-99,-11],[-113,18],[-181,70],[-33,60],[-41,35],[-32,41],[-19,24],[-24,76],[-67,-2],[-113,6]],[[93039,11089],[-158,9],[-113,16],[-260,-20],[-151,23],[-105,-10],[-56,-35],[11,-68],[-38,-1],[-29,-4],[-30,-1],[-32,8],[-28,21],[-28,17],[-34,24],[-36,13],[-32,7],[-30,16],[-26,26],[-8,12],[-11,6],[-11,4],[-13,4],[-23,-24],[-14,-43],[5,-39],[-31,-71],[-52,-75],[-149,-401],[-455,60],[-1097,-133],[-260,-63],[-28,98],[-105,-17],[32,-108],[-143,-35]],[[89501,10305],[-28,128],[-149,-23],[-107,-26],[-100,-2],[18,-35],[-134,-15],[-122,-13],[-36,-3],[-14,38],[-79,2],[-49,21],[-138,13],[-200,-97],[-45,123],[-216,-28],[-98,-39],[-23,29],[-169,-28]],[[87812,10350],[11,142],[3,55],[-8,162],[-39,641],[-18,266],[120,22],[-33,185],[-19,67],[75,6],[-23,81],[-56,195],[-29,101],[-3,12],[57,0],[1,25],[50,14],[68,34],[59,29],[48,17],[69,8],[64,2],[39,-11],[97,-47],[18,41],[69,-10],[9,-1],[120,-51],[129,9],[20,125],[-83,5],[-1,204],[109,11],[-20,255],[-29,145],[-19,97],[80,232],[-42,48],[-22,67],[-16,64],[-105,0],[-50,258],[27,65],[94,9],[-15,129],[61,36],[-80,107],[-40,86],[69,7],[-29,84],[48,12],[-28,67],[-44,-4],[-39,96],[-37,135],[-13,56],[-12,61],[-18,64]],[[88456,14865],[73,9],[53,9],[105,19],[89,14],[75,8]],[[88851,14924],[46,-160],[-97,-22],[208,-181],[50,-124],[153,-606],[32,-88],[56,18],[11,-38],[8,-30],[81,21],[133,34],[20,-69],[-38,-9],[63,-143],[-53,-15],[17,-144],[104,-6],[6,-49],[41,0],[33,-1],[25,-1],[12,-85],[50,-84],[69,-71],[17,-105],[12,-44],[32,-43],[80,7],[146,-10],[197,-19],[171,-26],[109,-40],[113,-420],[132,74],[209,-21],[27,-46],[99,-24],[50,-14],[27,-13],[41,-27],[29,-9],[67,-6],[114,0],[32,9],[28,8],[25,5],[18,0],[17,-4],[21,-10],[21,-4],[37,-2],[35,1],[27,-2],[17,-5],[35,-10],[46,-19],[15,-10],[17,-23],[14,-13],[48,-29],[26,-15],[38,-10],[25,-2],[18,-5],[15,-11],[35,-29],[20,-13],[24,-7],[29,1],[22,4],[11,5],[12,9],[15,8],[14,4],[33,-5],[50,-13],[27,-13],[24,-15],[21,-13],[19,-4],[17,2],[28,6],[22,0],[19,-1],[19,0],[23,-6],[45,-9],[20,1],[20,9],[23,12],[25,5],[25,1],[16,6],[28,-3],[61,-71],[88,-10]],[[90950,1874],[-164,-262],[-75,-94],[-67,-80],[-100,-100],[-80,-73],[-106,-82],[-221,-154],[-101,-65],[-348,-238],[-243,-152],[-118,-79],[-244,-155],[-316,-204],[-102,-54],[-61,-32],[-112,-50],[-48,49],[-57,41],[-16,16],[-9,12],[-5,13],[-4,21],[-4,29],[-3,14],[-17,41],[-9,20],[-15,27],[-36,61],[-27,32],[-31,31],[-33,25],[-44,22],[-32,13],[-29,7],[-32,0],[-48,0],[-59,-5],[-54,-9],[-54,-11],[-35,-4],[-30,-9],[-32,-16],[-25,-16],[-12,-13],[-16,-13],[-28,-17],[-27,-16],[-17,-16],[-7,-14],[-12,-17],[-14,-9],[-44,-18],[-21,-10],[-12,-13],[-24,-52],[-7,-11],[-8,-6],[-12,-2],[-13,0],[-10,5],[-16,2],[-14,-2],[-16,-7],[-20,-2],[-16,-2],[-20,-7],[-20,-7],[-17,-7],[-18,-18],[-19,-18],[-12,-13],[-84,-62],[-10,-8],[-19,-11],[-11,-3],[-8,2],[-157,100],[-5,7],[-1,10],[4,14],[20,55],[10,15],[24,22],[22,24],[5,9],[2,30],[-53,30],[-10,12],[-2,16],[6,19],[4,21],[0,15],[-6,10],[-18,10],[-2,9],[6,14],[12,11],[11,8],[0,10],[-9,6],[-13,9],[-24,16],[-30,13],[-34,4],[-37,-4],[-34,-6],[-34,-1],[-18,-12],[-12,-12],[-31,-1],[-32,2],[-16,18],[-56,3],[-54,35],[10,15],[-57,27],[-86,-18],[-84,-26],[-16,34],[-135,27],[-111,9],[-74,2],[-83,-3],[8,-120],[-36,-7],[-31,2],[-31,10],[-17,15],[-12,21],[-24,13],[-24,11],[-21,-2],[-7,-21],[-5,-14],[-19,-5],[-16,17],[-22,12],[-23,4],[-32,-4],[-28,-3],[-26,8],[-13,11],[-4,14],[-22,19],[-28,-1],[-12,-9],[-6,-16],[-14,-13],[-20,-4],[-22,8],[-15,9],[-30,14],[-31,1],[-17,-3],[-4,-9],[-14,-13],[-18,-1],[-25,-2],[-18,-4],[-10,-18],[-23,-14],[-36,-1],[-20,3],[-21,9],[-25,1],[-25,1],[-8,11],[-13,12],[-22,-1],[-16,-11],[-27,-5],[-31,3],[-33,6],[-29,12],[-24,17],[-26,8],[-22,7],[-11,4],[-22,-4],[-25,-6],[-32,-2],[-17,5],[-15,15],[-20,3],[-10,-9],[-15,-8],[-23,-2],[-13,7],[-1,13],[-7,10],[-13,3],[-27,2],[-28,3],[-31,8],[-20,11],[-15,14],[-23,17],[-2,22],[-3,20],[-17,18],[-17,9],[-30,-1],[-25,-15],[-22,-4],[-15,13],[0,19],[-14,11],[-20,5],[-10,20],[-2,23],[-15,11],[-28,4],[-26,-6],[-29,-20],[-19,-11],[-22,6],[-10,14],[-4,13],[-18,11],[-21,14],[-11,10],[-22,5],[-13,14],[-12,26],[-21,9],[-20,7],[-17,11],[2,13],[8,16],[-6,19],[-13,7],[-20,-5],[-12,-10],[-16,-14],[-20,-2],[-27,-5],[-17,-15],[-16,-13],[-21,-12],[-11,-5],[-18,1],[-15,11],[3,22],[-6,17],[-24,11],[-16,-6],[-13,-9],[-29,-2],[-7,14],[-7,23],[-18,10],[-21,12],[-23,5],[-16,-12],[0,-14],[-8,-9],[-22,-1],[-12,13],[-13,14],[-20,6],[-27,0],[-27,0],[-16,-12],[-7,-8],[-27,-3],[-4,11],[-3,14],[-9,12],[-27,5],[-22,1],[-11,-9],[-1,-16],[-8,-13],[-18,-4],[-19,10],[-6,20],[3,10],[5,12],[-2,14],[-17,8],[-22,9],[-17,11],[-2,14],[5,15],[-5,11],[-16,3],[-16,-4],[-29,-5],[-36,4],[-55,18],[-39,15],[-26,10],[-22,1],[-12,-9],[1,-13],[-7,-14],[-11,-6],[-10,-3],[-11,-4],[-23,-5],[-26,-2],[-25,3],[-15,16],[-10,15],[-15,6],[-18,-4],[-18,-4],[-29,0],[-25,4],[-18,-2],[-15,-5],[-27,-2],[-25,0],[-29,-1],[-24,6],[-17,14],[-18,10],[-27,1],[-12,10],[-2,15],[-17,10],[-22,0],[-4,-15],[0,-12],[-7,-11],[-21,-2],[-13,9],[-7,22],[-1,20],[10,21],[1,5],[0,14],[-15,18],[-22,11],[-24,12],[-13,17],[1,13],[-8,9],[-16,1],[-31,-5],[-29,2],[-15,8],[-2,16],[-8,13],[-22,-1],[-27,-3],[-30,-1],[-29,-1],[-28,1],[-25,5],[-28,11],[-19,21],[-6,14],[-10,20],[-20,4],[-34,1],[-37,2],[-32,4],[-19,9],[-20,16],[-17,9],[-20,9],[-17,14],[-29,0],[-16,-12],[-16,-15],[-18,-2],[-22,16],[-1,12],[-1,23],[-4,19],[-8,7],[-20,1],[-27,12],[-5,22],[-1,23],[0,14],[-5,20]],[[81638,1657],[29,71]],[[89348,6137],[54,52],[10,35],[12,17],[15,7],[8,3],[17,11],[18,2],[17,4],[10,21],[4,26],[-6,26],[-21,20],[-1,20],[13,35],[47,27],[42,111],[34,290],[-19,177],[-120,225],[-29,55],[-11,-1],[-85,-35],[-18,-9],[-8,-11],[-13,-27],[-8,-23],[-32,-86],[-4,-15],[-12,-10],[-71,-60],[-20,-13],[-29,-8],[-61,-10],[-33,-7],[-31,-11],[-27,-14],[-25,68],[-34,-5],[-132,-20],[-204,-6],[-89,11],[-62,-18],[-40,12],[8,31],[-277,-4],[-133,50],[-192,-49],[-10,83],[-75,1],[-108,48],[-43,49]],[[87574,7212],[7,140],[-40,244],[81,-3],[130,-2],[63,-10],[46,-16],[28,52],[27,58],[158,-31],[3,120],[97,-13],[-4,128],[-3,86],[-45,158],[76,15],[111,-93],[78,-78],[89,20],[243,55],[420,50],[205,69],[97,-6],[47,-145],[293,57]],[[89781,8067],[189,-148],[170,-134],[66,162],[35,0],[105,0],[17,46],[32,83],[163,198],[65,25],[41,97],[69,6],[124,10],[45,102],[33,-12],[105,-123],[261,-76],[270,4],[101,56],[269,-168],[3,-106],[9,-66],[1,-117],[39,-83],[3,-47],[1,-5],[27,5],[60,16],[58,22],[12,4],[19,-71],[220,-61],[26,-23],[172,-154],[340,-122],[98,-132],[128,-110],[131,-44],[67,-78],[86,49],[62,-108],[-15,-40],[130,-17],[58,-27],[12,-43],[101,-20]],[[93789,6817],[-61,-176],[-145,-236],[-171,-211]],[[81697,4864],[-68,-21],[-58,-13],[-39,-5],[-42,1],[-44,1],[-17,-1],[-25,-7],[-26,-14],[-61,-26],[-65,-21],[-80,-17],[-18,85],[-47,151],[-8,111],[17,136],[-36,5],[25,199],[146,-22],[53,-10],[46,-15],[96,-17],[182,-11],[213,0],[103,-6],[44,152],[66,-6],[59,-6],[15,138],[-52,43],[27,58],[99,58],[56,61],[32,151],[6,103],[29,0],[119,-13],[27,0],[100,0],[96,4],[19,1],[55,14],[107,40],[47,4],[2,-143],[158,3],[-13,108],[-6,54],[54,18],[-19,99],[-57,-5],[28,396],[-27,28]],[[83015,6707],[169,15],[139,-9],[85,36],[97,27],[57,1],[52,-12],[57,7],[46,36],[21,83],[-10,218],[46,96],[-11,84],[-55,342],[-42,143],[23,396],[10,172],[11,21]],[[83710,8363],[198,-22],[126,-43],[61,0],[54,-41],[42,-55],[11,-14],[25,-1],[6,0],[28,-15],[74,-36],[44,-37],[8,-5],[38,32],[181,-3],[212,95],[112,35],[70,-3],[34,8],[41,6],[72,16],[125,34],[58,14],[17,17],[5,20],[11,15],[23,13],[26,3],[33,4],[37,1],[43,8],[15,9],[14,12],[15,17],[47,44],[46,42],[24,24],[25,17],[55,20],[114,35],[66,-127],[-197,-89],[72,-224],[220,15],[20,-60],[41,-1],[51,-60],[32,-53],[-23,-92],[81,13],[2,-142],[80,4],[63,2],[378,-84],[7,-37],[-79,-26],[25,-56],[12,-44],[69,-27],[31,-32],[138,-48],[31,-21],[40,-28],[10,-44],[147,-66],[88,3],[72,-22],[132,-13],[85,-58]],[[88851,14924],[62,1],[73,6],[89,16],[-9,32],[-7,30],[117,15],[81,15],[-63,219],[-35,151],[-42,230],[21,0],[51,5],[61,11],[58,15],[62,12],[39,10],[36,2],[42,2],[39,6],[37,9],[62,13],[69,17],[69,13],[67,6],[14,46],[7,20],[213,37],[64,16],[61,10],[73,13],[89,19],[87,17],[245,22],[14,-41],[9,-15],[5,-12],[17,-9],[30,0],[39,6],[59,8],[54,9],[55,11],[49,19],[55,23],[63,18],[81,22],[39,30],[28,30],[14,14],[26,28],[40,36],[39,33],[51,32],[52,28],[30,17],[33,19],[51,28],[106,49],[50,30],[45,21],[48,15],[65,26],[46,13],[38,16],[39,28],[53,46],[19,25],[9,23],[-3,21],[-5,23],[-1,23],[-4,20],[7,17],[24,19]],[[92152,16709],[46,14],[71,8],[57,3],[67,11],[43,16],[2,1],[109,-261],[85,2],[200,-36],[103,-18],[-10,-59],[85,-38],[128,-45],[89,2],[69,2],[-6,-73],[80,22],[52,-79],[64,-99],[54,-81],[114,42],[34,-52],[121,76],[109,75],[102,-96],[107,-104],[-7,-4],[-58,-39],[16,-31],[33,-65],[61,-349],[-64,-8],[22,-103],[26,-34],[23,-49],[221,-171],[44,-46],[121,75],[169,-128],[-32,-6],[-57,-9],[48,-48],[160,-165],[136,-155],[77,-72],[28,-25],[51,-138],[90,57],[52,13],[36,35],[165,69],[77,-26],[33,-33],[106,94],[211,-8],[84,-74],[-23,-104],[46,-59]],[[96022,14336],[-250,-132],[-267,-154],[-134,-111]],[[94536,10834],[-318,-500],[-37,-74],[-22,-62],[-33,-193],[46,-174],[77,-142],[19,-35],[41,-85],[22,-97],[7,-88],[-42,-224],[-25,-118],[-156,-798],[-134,-644],[-94,-410],[-64,-274],[-34,-99]],[[89781,8067],[-16,127],[-42,75],[-73,161],[-14,89],[-4,43],[-84,149],[-39,154],[-10,86],[-7,53],[-52,79],[20,249],[35,13],[103,38],[152,51],[21,5],[26,7],[-17,54],[-69,295],[-169,-46],[-49,255],[-53,294],[61,7]],[[56866,22142],[-79,-320],[486,-367],[84,-224],[391,90],[516,166],[487,242],[7,-27],[1,-33],[2,-35],[15,-36],[30,-44],[30,-33],[36,-33],[22,-28],[17,-45],[1,-34],[11,-34],[17,-20],[63,-90],[29,-36],[42,-33],[47,-36],[385,161],[48,-34],[-121,-157],[-3,-124],[-67,-88],[-28,-36],[-296,-44],[-14,-184],[65,6],[82,8],[107,-66],[55,-34],[-27,-59],[45,-73],[518,-480],[53,-252],[109,-40],[-46,-68],[-63,-51],[-251,40],[-24,-40],[-281,-168],[24,-36],[113,77],[158,91],[60,7],[78,-7],[64,-3],[62,21],[56,33],[47,45],[151,6],[-1,70],[231,-20]],[[60410,19633],[-30,-93],[-42,-49],[-156,-69],[-157,-109],[-116,-142],[-97,-79],[-149,-68],[-115,-71],[-70,-96],[-93,22],[-134,19],[-99,106],[-32,15],[-28,-47],[-33,-54],[-24,-41],[-17,-28],[-19,-22],[-17,-23],[-25,-40],[-33,-46],[-35,-45],[-31,2],[-69,94],[-21,50],[-25,55],[-67,185],[-26,100],[-100,73],[-153,53],[-57,110],[-101,45],[-88,51],[-79,119],[-35,98],[-42,-23],[-27,-42],[-63,-38],[101,-147],[-93,-6],[-172,155],[-40,-73],[-107,-44],[114,-144],[-143,-135],[-135,-99],[-96,-67],[8,-77],[48,-42],[-45,-19],[-73,36],[-46,36],[-97,2],[-129,-22]],[[57000,18959],[-73,50],[-507,283],[-337,8],[-13,86],[-131,68],[-137,72],[-70,18],[-71,-24],[-100,80],[-106,87],[-129,-89],[-41,62],[-115,-15],[-16,98],[-272,84],[-71,3],[2,43],[-85,28],[-121,-17],[-151,-35],[-80,54],[-91,34],[-167,69],[-1,82],[-74,41],[-129,153],[-84,21]],[[53830,20303],[-32,142],[-40,36],[-22,26],[-76,27],[-88,-12]],[[53572,20522],[164,125],[195,168],[11,45],[-82,10]],[[53860,20870],[-290,35],[-45,61],[-55,68],[-39,56],[551,109],[-2,172],[-290,99],[344,609],[-104,35],[13,92],[45,80],[39,-4],[131,143],[3,48],[111,30],[-10,45],[-179,-59],[-6,56],[216,54],[40,25],[-29,65],[15,-2],[44,-1],[26,19],[46,32],[40,29],[12,10],[5,6],[29,28],[22,22],[21,23],[20,24],[9,12],[4,6],[8,13],[6,13],[5,14],[1,7],[-1,17]],[[54616,22961],[89,-4],[43,-5],[42,-12],[34,-3],[43,-2],[38,-12],[48,-15],[51,-13],[47,-7],[82,-9],[82,-10],[50,-7],[5,-1],[38,-8],[38,-18],[19,-15],[11,-9],[29,-25],[27,-19],[28,-15],[35,-9],[16,-3],[25,-5],[32,-12],[38,-25],[49,-27],[17,-6],[16,-6],[26,-7],[17,-4],[9,-1],[18,-1],[9,-1],[14,0],[82,8],[84,14],[65,16],[56,16],[80,14],[79,9],[91,0],[93,-19],[169,-265],[79,-137],[87,-33],[161,-20],[-41,-106]],[[70524,26078],[404,138],[61,5],[53,-28],[37,-40],[54,-18],[46,140],[16,48],[165,170],[77,50],[163,136],[-231,82],[-61,88],[179,105],[160,93],[94,132],[-120,46],[-165,-22],[142,244],[15,151],[83,28],[75,-86],[86,76],[-18,57]],[[71859,27990],[-129,-66],[-169,108],[365,34],[116,66],[-609,75],[318,58],[13,141],[-222,43],[-6,108],[1,4]],[[63337,23212],[-340,-128],[-180,-21],[-130,-16],[24,102],[-114,-43],[-104,-39],[-8,-42],[-363,-56],[-78,-12],[-235,-34],[-262,-10],[-340,11],[-282,30],[-2,-39],[-256,-72],[-81,-22],[-118,-25],[-75,-1],[-152,-44],[-258,-73],[-210,-65],[-114,-35],[-663,-198],[2,-74],[-328,-109],[-103,-35],[-403,29],[-150,14],[-80,50],[-82,-53],[-341,5],[-238,79],[-3,-162],[-244,75],[-160,-57]],[[54616,22961],[-66,-12],[-54,-23],[-57,-16],[-65,3],[-50,19],[-65,25],[-31,15],[-23,21],[-17,38],[-10,35],[-2,24],[8,19],[12,13],[24,10],[21,1],[33,-10],[43,-12],[47,-5],[52,9],[37,15],[52,9],[55,4],[57,-12],[50,-22],[53,-12],[76,5],[44,39],[14,25],[13,21],[25,35],[62,30],[51,23],[59,-3],[57,11],[37,18],[26,22],[70,-91],[88,-79],[86,51],[105,61],[70,64],[53,188],[107,35],[109,39],[67,56],[52,49],[82,6],[128,-12],[24,47],[27,48],[82,91],[27,114],[-41,112],[-152,102],[-6,172],[-40,42],[-54,62],[-83,-39],[-75,102],[-234,91],[-11,33],[6,31],[11,25],[12,20],[100,79],[66,40],[44,21],[46,18],[89,49],[47,34],[29,36],[28,44],[17,38],[-12,42],[19,14],[100,26],[50,131],[-69,146],[-24,79],[5,87],[68,55],[65,44],[172,71],[166,74],[68,106],[12,17],[43,58],[41,108],[88,104],[175,99]],[[57127,26363],[168,138],[158,-123],[28,13],[8,-4],[7,-2],[17,-4],[8,-1],[19,-3],[72,-2],[19,-2],[20,-1],[9,-2],[33,-10],[16,-6],[17,-7],[14,-7],[7,-5],[6,-5],[17,-18],[26,-28],[8,-9],[11,-13],[6,-5],[43,-16],[16,45],[70,-18],[36,33],[78,193],[104,8],[8,132],[92,-14],[131,7],[467,-7],[29,-113],[140,-24],[195,69],[212,20],[52,-3],[143,-159],[98,-44],[24,-77],[71,-28],[140,-17],[88,-10],[263,-31],[153,-75],[116,-93],[-19,-21],[59,-44],[2,-44],[62,-2],[166,-161],[122,-132],[46,-112],[67,-62],[476,-300],[391,180],[448,87],[58,-3],[369,-995],[313,44],[22,-43],[91,-594],[-63,-50],[191,-55]],[[57127,26363],[25,123],[61,36],[-187,183],[10,67],[-32,78],[50,3]],[[57054,26853],[145,1],[155,-24],[42,-66],[65,28],[229,81],[77,134],[45,77],[137,73],[54,29],[85,31],[108,18],[91,35],[22,17],[96,124],[45,39],[267,98],[86,39],[82,49],[81,67],[41,75],[72,54],[-16,55],[18,65],[-50,69],[8,75],[40,64],[-40,140],[-7,32],[53,42],[58,44],[64,-15]],[[59207,28403],[40,-40],[79,-146],[53,-153],[15,-35],[26,-59],[41,-37],[136,23],[162,20],[44,-36],[59,-49],[63,5],[47,4],[62,13],[109,24],[105,13],[79,-1],[26,-27],[-15,-40],[69,7],[88,38],[160,96],[330,107],[109,73],[162,110],[95,41],[50,15],[-10,61],[32,56],[24,29],[260,-121],[122,-112],[124,27],[180,-84],[46,-70],[185,-55]],[[62364,28100],[160,-149],[301,-59],[240,-157],[368,-267],[221,28],[152,64],[124,48],[177,-223],[316,170],[70,9],[-16,-61],[99,-119],[172,22],[16,-23],[23,-31],[195,132],[12,-48],[16,-44],[-42,-51],[-19,-176],[-110,-4],[-87,-48],[33,-96],[11,-31],[-141,-39],[119,-225],[341,49],[186,-113],[51,-31],[30,-46],[88,-137],[35,-56]],[[62364,28100],[34,32],[36,66],[34,174],[10,135],[21,106],[8,40],[71,34],[124,41],[148,-3],[180,101],[176,54],[111,34],[29,9],[156,34],[79,33],[40,-1],[52,29],[2,62],[-27,31],[34,21],[65,24],[34,11],[35,1],[45,58],[-21,76],[88,127],[55,22],[52,64],[84,40],[30,137],[38,52],[33,-11],[21,-6],[144,85],[-35,45],[101,-5],[55,116],[92,88],[35,59],[-22,38],[41,103],[-15,186],[25,86],[-105,101],[-44,34],[-50,-40],[14,-45],[23,-52],[-55,-19],[-58,-1],[19,48],[14,41],[-31,86],[-34,8],[-86,19],[-67,27],[-103,-6],[-272,13],[-97,52],[59,105],[142,195],[221,175],[12,100],[82,86],[175,-9],[105,-61],[107,-44],[163,43],[85,23],[202,-61],[143,131],[69,34],[33,44],[110,105],[50,3],[127,6],[95,5],[36,-2],[101,-7],[64,21],[90,40],[3,-60],[-6,-74],[-6,-24],[-16,-29],[131,-53]],[[71770,18078],[41,-66],[27,-56]],[[71838,17956],[-38,-56],[-201,-134],[-85,-22],[-87,1],[-80,14],[-49,-6],[-132,-29],[-28,3],[-67,20],[-156,50],[-17,-26],[-31,-27],[-50,-37],[-38,-36],[-42,-47],[-47,-44],[-53,-60],[-51,-47],[-28,-33],[-29,-27],[-53,-46],[-30,-25],[-20,-22],[-18,-27],[-16,-43],[-8,-29]],[[70384,17221],[-143,35],[-163,11],[-35,296],[-109,-62],[-145,-9],[-256,-11],[-19,-39],[-19,-36],[-24,-21],[-50,1],[-58,24],[-42,33],[-29,57],[-3,43],[90,99],[-100,64],[-128,20],[6,-118],[-66,-4],[-19,56],[-37,109],[-29,62],[-22,54],[-18,68],[-3,89],[11,85],[-29,181],[28,79],[68,81],[-15,39],[-44,32],[21,95],[18,79],[28,47],[-36,34],[-23,70],[-14,56],[-37,40],[-64,45],[-47,74],[-32,45],[-57,29],[-191,-32],[-205,-28],[-36,-6],[-230,-62],[-44,23],[-14,7],[-74,17],[-49,15],[-48,9],[-24,2],[-28,3],[-43,6],[-35,9],[-25,12],[-29,10],[-42,7],[-42,-1],[-40,-5],[-36,2],[-32,6],[-41,13],[-64,7],[15,-48],[-17,-47],[-101,-1],[-210,-23],[-424,-43],[-164,-41],[-155,-86],[-15,-28],[-49,-28],[-6,5],[-6,5],[-8,5],[-7,3],[-8,3],[-8,1],[-19,2],[0,-65],[-61,13],[-40,4],[-43,1],[-71,6],[-87,5],[-68,-2],[-61,-2],[-58,-4],[-77,-4],[-71,-3],[-80,-3],[-67,-16],[-64,-33],[-47,-34],[-51,-42],[-40,-28],[-21,-16],[-17,-14],[-13,-10],[-14,-9],[-8,-4],[-8,-3],[-34,-10],[-91,-55],[-13,45],[-1,55],[-6,48],[-6,28],[-17,35],[-3,32],[3,59],[3,37],[0,39],[0,50],[4,28],[9,21],[-60,31],[-77,-14],[-180,-9],[-226,-9],[-47,10],[-41,9],[-121,4],[-107,11],[-108,15],[-72,9],[-116,12],[-274,0],[-134,-24],[-151,-35]],[[63252,19005],[-3,58],[-132,45],[-73,74],[61,60],[-14,58],[-13,62],[54,176],[31,125],[-4,49],[-62,22],[32,47],[130,33],[27,49],[-98,53],[-93,40],[-144,15],[-125,0],[-157,-23],[-96,-23],[-74,56],[-27,77],[-65,66],[-53,-1],[10,64],[65,148],[78,141],[-10,25],[-29,68],[-53,68],[-70,30],[-118,45],[-33,51],[-47,-26],[-132,-86],[-54,-36],[-39,-25],[-25,28],[-128,-1],[-22,46],[-134,25],[-68,-51],[-110,-1],[-99,-11],[-132,-21],[-91,-39],[-176,-34],[-48,-102],[-40,-43],[-53,-53],[-47,-43],[-91,-194],[-121,-98],[-54,-118],[-15,-76],[-32,-82],[-26,-89]],[[53572,20522],[-627,-273],[-78,-31],[-178,-46],[-60,-23],[-65,-26],[-76,-23],[-42,-9],[-86,-17],[-15,62],[7,237],[76,40],[26,207],[-149,34],[-268,17],[-72,-2],[-107,-27],[41,271],[-177,35],[-227,19],[-227,0],[-156,-15],[-100,-32],[-134,-53],[-81,67],[-106,5],[-149,-4],[-67,34],[-165,26],[-72,68],[8,81],[-131,41],[-421,115],[48,72],[-91,29],[-112,2],[9,-67],[-94,10],[-19,50],[-310,-25],[3,42],[114,162],[-104,23],[196,131],[191,133],[-47,19],[-149,107],[124,181],[-28,19],[-164,165],[-25,48],[-78,100],[-31,61],[12,86],[16,33],[-64,88],[-93,49],[-163,5],[-146,89],[-25,50],[23,26],[-161,63],[-92,112],[-100,26],[-53,-39],[-94,23],[-62,1],[-185,-41],[-4,66],[-52,17],[33,47],[-143,-5],[-48,126],[-1,57],[-74,8],[-60,81],[-98,188],[150,48],[-60,45],[122,181],[-71,-3],[-37,70],[-122,52],[-85,51],[-56,79],[155,75],[107,53],[225,37],[101,33],[154,64],[96,40],[72,7],[87,-19],[131,29],[-2,47],[-6,80],[64,67],[112,23],[174,40],[220,40]],[[49024,24857],[12,-76],[17,-98],[-89,-96],[-71,-121],[-10,-121],[23,-77],[13,-41],[-16,-243],[261,-394],[17,-25],[125,-247],[111,19],[34,-177],[812,70],[29,-40],[-239,-75],[21,-130],[323,-142],[-59,-60],[-45,-48],[51,-70],[50,-13],[-76,-270],[35,-34],[41,-37],[201,-15],[-63,-102],[13,-23],[108,-186],[45,-2],[94,-3],[70,-105],[396,152],[80,-61],[587,-131],[58,-142],[27,-180],[-81,-277],[43,-13],[257,-1],[55,-16],[29,21],[129,-50],[87,7],[12,-54],[88,-11],[75,-91],[75,-24],[310,30],[146,-40],[105,-59],[184,-166],[225,80],[111,21]],[[59207,28403],[11,52],[131,24],[189,38],[134,50],[-5,72],[-15,226],[-113,23],[-62,57],[-4,55],[26,32],[14,56],[47,63],[-87,306],[-233,-60],[-116,335],[-17,25],[-28,21],[-32,11],[-60,8],[-77,61],[-107,9],[37,57],[0,22],[8,140],[102,112],[66,42],[100,63],[134,27],[62,13],[35,-121],[239,-21],[12,60],[-68,33],[-39,41],[-63,46],[-95,80],[55,66],[-27,64],[-18,42],[-57,137],[34,37],[33,36],[-41,64],[97,168],[5,80],[79,66],[56,271],[99,173],[74,339],[-122,-29],[-50,-35],[-48,-9],[-80,31],[-42,35],[-13,29],[-12,21],[-125,7],[-21,42],[-164,-158],[-230,-92],[-201,204],[-139,55],[-20,-191],[-292,-299],[-82,4],[-35,-30],[-164,-138],[-63,18],[39,-38],[30,-32],[-74,-84],[47,-26],[25,-13],[-135,-68],[-143,-145],[-65,-71],[-153,-50],[-88,58],[-146,95],[-26,17],[-25,166],[19,60],[-25,72],[-70,69],[5,105],[-27,107],[-144,192],[-52,69],[171,138],[-27,88],[15,28],[48,86],[232,170],[-193,249],[174,250],[-15,49],[-8,25],[-68,30],[-72,82],[-42,26],[-112,13],[-29,30],[-54,61],[-45,19],[-47,-30],[-55,-36],[-77,-4],[-69,-54],[53,-65],[121,-100],[-137,-38],[-64,58],[-119,-5],[-75,59],[-50,144],[-61,28],[-76,127],[140,72],[91,-2],[-137,180],[-143,-33],[-53,97],[-49,62],[163,112],[-17,53],[171,152],[0,113],[54,75],[-45,26],[-43,38],[-339,-138],[6,-45],[11,-76],[-200,52],[-36,65],[95,33],[-35,53],[32,98],[-45,49],[-237,-163],[-22,-72],[-170,-14],[-164,-60]],[[49024,24857],[-27,121],[143,65],[5,46],[323,120],[75,66],[72,37],[-22,73],[1,42],[34,57],[64,65],[79,55],[4,88],[-39,69],[-117,59],[-59,105],[-122,241]],[[49438,26166],[204,25],[122,126],[39,155],[103,77],[42,128],[82,118],[10,99],[75,94],[-18,65],[-41,51],[-82,44],[27,38],[135,23],[127,45],[-19,40],[-146,95],[-19,20],[-7,25],[6,31],[22,23],[141,-58],[36,-22],[20,-13],[13,-10],[28,-25],[6,-5],[24,-25],[15,-35],[77,-20],[104,-15],[128,-89],[128,-77],[106,-42],[-131,-59],[130,-110],[77,-103],[150,19],[28,46],[51,42],[98,-156],[237,-20],[224,50],[35,-78],[166,55],[47,-33],[108,77],[-117,62],[26,29],[280,-59],[246,131],[126,39],[104,230],[488,-5],[255,84],[335,13],[35,-99],[132,-9],[-84,-249],[18,-26],[43,10],[64,-108],[95,-21],[332,60],[84,-108],[81,43],[53,7],[95,-39],[82,24],[154,44],[52,160],[66,8],[67,-113],[269,119],[59,-53],[219,-13],[59,98],[-45,39],[-45,52],[-27,50],[-4,47],[14,48],[11,37],[6,54],[2,53],[-3,47],[280,162],[85,6],[129,89],[166,12],[133,220],[91,109],[-17,-421],[227,-177],[166,-546],[21,-69]],[[49438,26166],[-75,-13],[-96,-60],[-38,24],[-38,24],[-241,7],[-101,25],[-135,3],[-57,26],[43,19],[115,70],[-90,55],[72,68],[36,129],[18,65],[12,161],[15,44],[55,86],[97,52],[-10,57],[-15,36],[-36,16],[-52,15],[-45,7],[-17,-5],[-6,20],[11,41],[36,55],[30,25],[36,16],[-143,58],[22,72],[26,67],[-16,99],[38,27],[38,18],[44,9],[61,23],[33,15],[59,10],[-13,25],[-58,55],[-81,142],[50,11],[43,74],[67,46],[82,30],[53,12],[-18,64],[70,24],[130,42],[55,-91],[16,-24],[118,51],[30,-55],[-56,-27],[-92,-44],[-6,-61],[99,2],[117,40],[166,60],[-35,76],[121,90],[-123,147],[-173,64],[-81,146],[-48,-37],[-31,92],[71,90],[73,41],[-16,43],[-97,-3],[-261,-8],[-60,-1],[-43,-1],[-43,4],[-40,9],[-164,47],[-179,54],[-42,5],[-36,0],[-34,-3],[-39,-2],[-30,15],[-13,16],[-2,22],[10,25],[7,33],[1,80],[4,74],[-3,57],[-8,49],[-35,51],[4,150],[43,26]],[[78462,10279],[75,50],[21,71],[278,82],[-101,-140],[5,-138],[-45,-8],[22,-43],[76,-31],[57,-10],[0,47],[90,20],[37,-61],[97,-103],[90,-23],[1,-32],[93,11],[17,-48],[-12,-85],[-40,-90],[20,-35]],[[79243,9713],[-65,54],[-170,-53],[76,-83],[63,-35],[41,-17],[7,-3],[-57,-94],[-65,20],[-64,53],[-59,46],[-19,34],[-13,24],[-32,40],[-39,22],[-40,7],[-201,-47],[-91,-22],[-59,-28],[-57,-32],[-40,-7],[-22,-2],[-84,16],[-67,-2],[-58,-11],[-22,-5],[-33,-20],[-21,-13],[-29,-90],[2,-79],[29,-85],[79,-121],[9,-23],[-27,-86],[-52,-79],[-16,2],[-60,6],[-62,6],[-33,6],[-24,29],[-28,12],[-42,2],[-66,-3],[-66,-8],[-58,-19],[-50,-48],[-33,-38],[-59,-36],[-8,-6],[-83,-63],[-10,-25],[-12,-33],[-162,-26],[-82,-13],[23,-165],[-89,-92],[-74,-91],[31,-38],[-88,-27],[-39,37],[-125,9],[-8,-90],[-42,-51],[-90,-52],[-51,-40],[-59,27],[-30,25],[-66,-31],[-51,-59],[56,-40],[135,-14],[12,-3],[-2,-102],[-351,71],[-68,-49],[-67,-3],[-108,-30],[-149,20],[-24,9],[-60,24],[-131,-27],[-151,-153],[-125,-21],[-210,26],[133,112],[36,3],[8,-7],[26,-19],[46,16],[14,5],[-49,94],[46,20],[31,23],[24,35],[49,79],[-37,66],[-32,60],[18,31],[8,14],[-115,48],[-82,20],[-117,17],[-26,67],[-11,17],[-67,94],[34,33],[-21,82],[-55,59],[-52,26],[-88,53],[-8,44],[-30,43],[-25,-2],[-108,-6],[-122,41],[-13,60],[-22,55],[-18,30],[1,41]],[[74484,9161],[27,99],[-65,-13],[-29,38],[1,72],[111,19],[79,185],[130,75],[66,91],[97,6],[99,155],[74,72],[-69,39],[40,93],[-86,80],[33,43],[107,135],[65,30],[1,47],[95,16],[4,122],[2,88],[41,44],[-263,140],[-41,101],[-83,82],[-34,74],[-109,211],[-130,-9],[-271,72],[-85,-28],[-8,-3],[-168,-2],[48,83],[190,106],[238,84],[121,64],[293,77],[97,82],[87,23],[39,33],[73,61],[-81,8],[-51,5],[-1,4],[-12,62],[-19,91],[105,92],[-14,100],[-463,-60],[-41,-5],[-9,18],[-30,58],[-55,52],[69,45],[22,40],[50,91],[30,103],[173,107],[42,27],[-92,71],[-50,14],[-27,7],[-33,35],[25,13],[30,15],[-133,242],[27,88],[-92,200],[-233,89],[-149,-121],[-214,27],[-215,86],[9,-106],[-91,-53],[-453,21],[-63,57],[-93,85],[-5,120],[-1,21],[0,30],[2,3],[56,59],[18,18],[302,34],[52,-21],[6,-2],[15,14],[100,93],[29,95],[140,44],[-15,8],[-7,7],[-10,9],[-9,23],[-12,33],[-13,30],[-23,25],[-27,27],[-24,33],[-25,36],[-25,21],[-22,12],[-26,7],[-26,7],[-109,16],[-19,3],[-28,7],[-16,8],[-16,20],[-10,20],[-26,17],[-9,2],[-40,10],[-38,10],[-40,11],[-78,18],[-50,13],[-249,59],[-173,25],[-86,29],[-86,55],[-44,31],[-14,24],[-302,-106],[-48,-59],[-138,-45],[-150,-135],[-23,-77],[-6,-19],[-127,-14],[-65,-8],[12,-127]],[[71641,14130],[-45,-7],[-45,-9],[-41,1],[-44,57],[-21,75],[1,39],[9,30],[28,35],[45,39],[54,32],[56,33],[30,24],[10,96],[10,68],[10,67],[11,65],[-8,82],[-22,53],[-57,166],[-3,87],[64,78],[61,67]],[[71744,15308],[37,55],[43,24],[160,88],[478,84],[75,-54],[48,-34],[194,4],[492,267],[67,77],[43,112],[63,90]],[[75387,16021],[48,-35],[-10,-10],[-65,-69],[36,-22],[81,-24],[49,-3],[25,-342],[-172,-248],[17,-163],[-37,-16],[143,-177],[-8,-34],[0,-160],[-35,-59],[-24,-39],[3,-93],[129,-137],[124,35],[21,-82],[214,-230],[123,-5],[33,69],[180,105],[207,138],[57,89],[181,177],[165,1],[101,104],[70,4]],[[77622,15060],[118,-32],[117,84],[81,-45],[104,129]],[[78042,15196],[137,-43],[111,248],[-48,188],[-107,111],[-5,80],[90,105]],[[78220,15885],[20,172],[187,-64],[141,-31],[159,-64],[111,17],[34,6],[10,1],[18,-13],[75,-56],[115,-25],[44,-27],[25,-16],[-76,-126],[-38,-73],[-12,-21],[56,-28],[54,5],[26,60],[8,18],[95,82],[111,43],[69,-21],[7,-77],[34,39],[17,74],[-16,32],[-122,42],[17,46],[79,16],[71,15],[81,83],[95,-15],[37,-13],[38,-20],[29,-15],[16,-17],[6,-10],[20,-8],[35,-44],[82,-156],[42,-22],[99,-99],[518,-165],[-144,-73],[-313,12],[-64,-10],[-55,-19],[-32,-6],[-18,8],[-15,25],[-40,23],[-65,18],[-71,26],[-135,-113],[11,-55],[-34,-161],[-16,-82],[-110,-63],[-88,-3],[100,-128]],[[79548,14809],[204,-49]],[[79752,14760],[31,-53],[5,-75],[-210,-61],[-109,16],[-67,11],[-35,-25],[6,-34],[36,-21],[28,-16],[43,-36],[18,-64],[195,20]],[[79693,14422],[106,-277],[-160,-180],[-139,-8],[-92,-72],[-120,-254],[99,-28],[169,1],[97,-54],[60,-33],[-7,-30],[82,-14],[31,50],[107,-4],[11,0],[67,26],[162,-115],[50,-1],[28,-15],[184,-222],[67,-43],[97,4],[49,-43],[10,-59],[-55,-72],[35,-86],[-12,-32],[-120,-27],[89,-163],[20,-112],[-6,-77],[-104,-102],[-32,-78],[-506,-33],[-294,-82],[-81,62],[30,103],[-106,-24],[-98,34],[-54,-9],[-114,0],[-203,-106],[23,-51],[-137,-43],[-63,-96],[130,-106],[-133,-70],[-11,-69],[105,-116],[-139,-30],[-296,285],[-81,-57],[-49,-3],[-66,52],[2,-129],[-43,-36],[-22,-18],[-2,-80],[-239,-115],[-12,-78],[-2,-29],[2,-18],[17,-15],[24,-15],[42,-23],[32,-22],[23,-28],[14,-33],[2,-39],[5,-70],[-17,-125],[-38,-23],[-74,-115],[-191,-66],[-15,-49],[-56,-48],[-81,-48],[12,-69],[47,-51],[-28,-46],[-5,-8],[24,-93],[163,57],[192,0]],[[81638,1657],[-16,9],[-28,8],[-27,-6],[-32,-2],[-28,11],[-13,14],[3,13],[6,11],[-4,12],[-18,11],[-9,10],[2,13],[5,14],[7,17],[4,23],[1,34],[-1,12],[0,12],[-7,20],[-13,22],[-12,18],[-2,20],[-5,19],[-20,8],[-33,8],[-31,5],[-26,14],[-19,17],[-28,15],[-27,2],[-34,-1],[-32,11],[-24,16],[-23,23],[-3,4],[-16,19],[-22,19],[-12,26],[-5,30],[-7,25],[-18,19],[-13,4],[-15,-2],[-25,-3],[-22,12],[-17,17],[-10,20],[-5,22],[-15,20],[-21,22],[-32,23],[-24,25],[-24,14],[-21,9],[-18,4],[-15,1],[-23,-6],[-18,-9],[-17,-9],[-18,-4],[-28,-1],[-24,10],[-11,13],[-2,14],[-10,11],[-18,3],[-16,-5],[-25,-4],[-24,3],[-15,6],[-4,11],[-1,13],[-2,14],[-15,11],[-13,1],[-21,-18],[-16,-5],[-29,0],[-25,8],[-24,8],[-26,11],[-22,8],[-31,9],[-26,8],[-35,12],[-28,11],[-27,9],[-6,6],[8,13],[14,11],[4,13],[-19,14],[-24,11],[-22,2],[-20,-3],[-18,-10],[-20,4],[-2,12],[-4,13],[-13,8],[-26,-1],[-27,0],[-16,-8],[-16,-6],[-20,-1],[-30,-1],[-20,1],[-35,-1],[-23,0],[-22,-2],[-31,-8],[-23,-7],[-20,-5],[-14,0],[-20,-1],[-17,11],[-11,16],[-17,5],[-20,1],[-24,21],[-5,19],[0,13],[8,16],[7,18],[-6,10],[-13,7],[-9,-1],[-22,5],[-17,17],[-8,16],[-19,7],[-16,-9],[-4,-16],[1,-21],[-9,-11],[-9,-3],[-14,-1],[-20,0],[-24,0],[-26,7],[-22,5],[-13,8],[-23,7],[-24,2],[-26,14],[-17,17],[-3,16],[-2,23],[1,20],[6,10],[13,11],[8,15],[-3,18],[-13,19],[-22,11],[-21,11],[-15,11],[-11,15],[-3,16],[-20,10],[-18,-1],[-22,-7],[-16,-8],[-8,-9],[-11,-15],[-12,-9],[-23,-2],[-17,7],[-22,15],[-10,10],[-8,12],[-4,11],[-20,11],[-17,2],[-21,4],[-14,13],[-33,9],[-22,5],[-18,0],[-23,-1],[-21,10],[-22,12],[-8,11],[-6,12],[-8,23],[-20,14],[-19,1],[-18,-5],[-25,-2],[-29,3],[-31,1],[-18,2],[-10,9],[-27,31],[-35,2],[-27,-1],[-34,-4],[-30,-14],[-44,-5],[-28,-9],[-27,-5],[-36,7],[-22,10],[-24,1],[-14,-19],[-5,-21],[-16,-8],[-26,5],[-21,-8],[-29,-13],[-21,-16],[-16,-17],[-25,-10],[-23,-16],[-40,-12],[-41,-5],[-39,1],[-29,12],[-22,6],[-28,13],[-25,27],[-27,11],[-24,-5],[-45,-12],[-32,-14],[-25,-2],[-19,7],[-11,20],[-1,102],[30,21],[-36,5],[-42,25],[-33,33],[36,20],[15,12],[0,27],[-11,27],[-45,66],[-16,23],[5,52],[-7,27],[-20,11],[-99,-28],[-62,13],[-34,30],[17,86],[3,25],[-34,100],[0,49],[-88,68],[-86,3],[-74,-2],[-14,3],[-141,5],[21,92],[-106,59],[-49,3],[-23,2],[-113,45],[-57,9],[25,70],[-97,28],[3,21],[-86,5],[38,100],[-15,34],[3,61],[-15,66],[-18,30],[-103,-23],[8,-26],[-90,-11],[-26,97],[-60,33],[-40,8],[-85,36],[-120,20],[-43,0],[-34,-69],[19,-86],[-10,-36],[-48,-65],[-48,-64],[-99,-95],[-43,-154],[-46,-52],[-38,-87],[-16,-20],[-51,-12],[-49,-11],[-87,-85],[-23,-11],[-43,-22],[-52,-1],[-58,-12],[-52,-26],[2,32],[12,29],[16,12],[-30,25],[-27,0],[-31,28],[-9,22],[-32,25],[-15,34],[13,46]],[[75056,3975],[42,75],[-4,105],[-108,14],[-42,-102],[-179,404],[-39,88],[-42,-9],[-105,-22],[-176,-69],[-68,15],[-60,-106],[69,-168],[-55,-42],[-4,3],[-67,52],[-81,63],[-121,11],[-34,15],[-49,16],[-41,17],[-36,30],[-37,38],[-9,21],[-10,16],[-4,21],[-4,33],[8,60],[16,52],[22,22],[53,22],[28,16],[40,22],[18,62],[10,132],[7,54],[56,58],[39,52],[18,45],[39,61],[46,44],[51,48],[28,65],[36,18],[3,7],[10,20],[46,93],[32,59],[-8,30],[12,96],[-325,168],[59,147],[-128,52],[23,50],[20,48],[50,47],[77,60],[18,49],[-15,49],[-40,29],[110,36],[148,2],[126,-8],[184,-99],[305,43],[13,153],[35,50],[-40,28],[-2,35],[119,55],[-23,133],[22,33],[69,60],[-53,67],[-3,48],[-96,-12],[-53,81],[-45,99],[82,227],[10,94],[36,57],[-12,25],[-75,50],[-118,58],[-70,19],[-121,-15],[-134,-6],[-188,-37],[-174,-30],[-93,-53],[-62,2],[-227,70],[-89,-111],[-45,-12],[-54,-8],[-112,-2],[-95,9],[-69,32],[-124,53],[-129,10],[-4,4],[-111,83],[-19,14],[12,217],[-61,47],[-156,99],[-61,138],[-39,101],[5,68],[-179,32],[-134,61],[-3,2],[3,12],[20,109],[33,45],[80,4],[96,17],[70,25],[50,57],[19,94],[-13,38],[56,57],[9,64],[-42,80],[106,57],[53,-1],[32,30],[-31,139],[17,27],[17,26],[-18,9],[-71,32],[75,47],[12,7],[10,45],[117,90],[2,48]],[[73046,9591],[11,-5],[182,-78],[161,-12],[43,-56],[0,-164],[58,-14],[84,24],[-3,-41],[-4,-46],[119,20],[276,-128],[114,-199],[87,9],[41,11],[69,19],[-54,132],[120,57],[134,41]],[[79243,9713],[20,-153],[-16,-74],[134,12],[69,25],[122,-105],[30,-25],[16,-27],[-13,-31],[151,-44],[276,-15],[3,-72],[1,-21],[40,-29],[70,-1],[63,-157],[68,9],[49,-225],[123,-37],[-54,-55],[-51,-45],[47,-47],[-204,-90],[-6,-59],[-84,-344],[38,3],[24,6],[3,-1],[60,-28],[85,-49],[69,-36],[79,-43],[85,-47],[4,-6],[9,-6],[98,-51],[99,-57],[86,-40],[73,-62],[19,-71],[18,-33],[34,-2],[45,-5],[79,-5],[-26,-54],[-2,-3],[80,-11],[64,10],[78,4],[80,-18],[82,-37],[25,51],[74,-36],[54,-26],[94,-57],[52,-49],[18,-21],[19,-24],[24,-20],[21,-13],[20,-8],[32,-11],[23,-9],[33,-15],[25,-11],[31,-16],[34,-20],[42,-26],[20,-23],[22,-23],[19,-17],[24,-22],[22,-23],[22,-27],[23,-29],[13,-22],[19,-26],[22,-17],[20,-10],[24,-5],[30,-6],[25,-3],[25,-8],[23,-12],[26,-12],[27,-4],[28,1],[59,1],[42,2],[17,-1],[11,-17],[1,-17],[4,-71],[10,-48],[35,5],[146,4],[125,-4],[50,-9]],[[92030,17287],[288,-388],[-79,-13],[-167,-27],[-102,-40],[-73,-29],[126,-105],[100,52],[29,-28]],[[88456,14865],[-62,-8],[-120,-26],[-109,-7],[-183,-17],[-99,-31],[-13,37],[-7,21],[-218,-47],[-140,34],[-99,-17],[7,-76],[-107,1],[-5,18],[-4,12],[-101,3],[-133,-3],[-109,-9],[-58,-4],[-121,-18],[-71,-18],[-65,-30],[-99,-52],[-93,-30],[-75,-14],[-67,-11],[-63,-8],[-52,-4],[-67,-11],[-83,-5],[-55,-17],[-64,-13],[-5,23],[-4,16],[-45,-5],[-81,-11],[-72,-11],[-378,-43],[6,-75],[-205,-3],[-283,-51]],[[84854,14355],[-274,-81],[-50,-14],[-158,-59],[14,-53],[-125,-24],[-151,-7],[4,-32],[1,-10],[-59,-4],[8,-54],[-357,-49],[-1,9],[-7,49],[-43,-8],[-14,-2],[-164,-51],[-27,46],[-125,-37],[2,-14],[3,-15],[-56,-35],[-11,-9],[-32,-24],[-28,-17],[-32,-11],[-373,-37],[-9,48],[-184,-9],[0,58],[-259,-1],[-339,6],[-79,9],[1,-29],[0,-26],[-55,0],[-7,-1],[1,-75],[48,-1],[-5,-87],[-4,-79],[-208,-4],[-33,-4],[-103,-11],[-80,-7],[-72,-7],[-57,-3],[-57,10],[-40,-1],[-61,-13],[-61,13],[-37,9],[-41,13],[-65,30],[-35,26],[-25,19],[-62,63],[-46,48],[-48,39],[-48,49],[-29,45],[-42,70],[-33,54],[-20,31],[-67,62],[-34,43],[-262,32],[-222,103],[-53,33],[-26,43],[-48,13],[-200,-1]],[[79752,14760],[187,25],[125,-52],[26,-60],[119,-78],[-45,-113],[52,-20],[231,-148],[362,-125],[206,128],[-343,167],[-104,81],[-174,55],[-117,36],[-98,68],[-132,92],[-67,5],[-48,4],[-35,36],[-7,9],[-36,12],[-84,30],[-222,-103]],[[78220,15885],[-256,-40],[-191,48],[-45,63],[-45,39],[-12,46],[-418,10]],[[77249,15578],[270,-127],[20,42],[14,23],[249,-140],[240,-180]],[[86187,10232],[142,12],[15,-108],[112,-92],[764,85],[28,-119],[208,72],[-13,216],[369,52]],[[83710,8363],[-57,192],[13,100],[-43,23],[22,137],[-31,14],[22,123],[-28,54],[62,106],[-37,165],[88,7],[-69,129],[210,35],[189,15],[253,49],[6,55],[-41,15],[11,28],[9,23],[-71,24],[66,105],[54,113],[17,77],[9,39],[6,104],[-42,1],[48,174],[-61,92]],[[84854,14355],[-2,-160],[94,-27],[2,-63],[49,-6],[138,-15],[9,-295],[41,-1],[21,0],[13,-86],[-18,3],[-34,3],[-14,-68],[-8,-40],[-10,-170],[45,-1],[-4,-60],[-45,-1],[6,-110]],[[90622,24309],[9,-18],[399,112],[-11,20],[345,125],[246,75]],[[90075,26908],[15,-86],[-93,-28],[-1,-23],[493,121],[123,30],[62,1],[271,59],[85,11],[242,30],[55,28],[39,34],[49,36],[252,-24]],[[98272,16014],[-75,-32],[-82,-42],[-99,-51],[-110,-71],[-85,-70],[-89,-86],[-130,-178],[-121,-161],[-103,-124],[-117,-115],[-123,-114],[-158,-122],[-183,-114],[-179,-92],[-46,-26],[-550,-280]],[[98503,24139],[389,28],[256,-5],[165,-12],[152,-23],[138,-31],[82,-32],[74,-41],[77,-54],[52,-54],[55,-80],[34,-77],[17,-75],[5,-87],[-15,-83],[-28,-61],[-41,-82],[-125,-228],[-69,-139],[-79,-188],[-50,-141],[-54,-163],[-25,-94],[-11,-71],[-11,-73],[-8,-114],[0,-7],[8,-107],[-82,-97],[-144,-94],[-107,-72],[-345,-181],[-214,-117],[-182,-61],[-212,-131],[-65,-116],[-12,-27],[7,-127],[-15,-77],[8,-119],[41,-84],[76,-61],[217,-96],[71,4],[82,34],[97,52],[181,141],[79,81],[74,80],[117,142],[124,97],[104,73],[71,33],[128,37],[77,22],[21,-105],[19,-170],[0,-159],[-19,-206],[-48,-247],[-123,-370],[-71,-149],[-127,-205],[-116,-160],[-121,-143],[-129,-132],[-147,-133],[-192,-146],[-178,-120]],[[69351,55673],[-56,-250],[-1,-160],[46,-108],[116,-142],[132,-122],[210,-136],[313,-214],[396,-184],[175,-61],[118,-143],[800,-694],[62,-44],[29,-19],[50,-33],[88,-51],[111,-50],[118,-45],[143,-58],[58,-19],[76,-26],[123,-50],[88,-54],[97,-90],[68,-67],[51,-55],[15,-16],[39,-52],[8,-11],[29,-53],[14,-40],[6,-15],[15,-57],[0,-30],[-4,-29],[-8,-68],[-2,-23],[1,-21],[2,-18],[5,-19],[6,-19],[11,-34],[12,-28],[65,-161],[6,-17],[13,-34],[18,-79],[8,-48],[5,-31],[1,-10],[8,-54],[4,-24],[14,-98],[23,-112],[17,-85],[23,-65],[8,-19],[10,-23],[25,-38],[14,-21],[54,-64],[17,-19],[19,-23],[13,-14]],[[93099,49294],[136,-351],[7,-25],[8,-29],[46,-116],[101,-211],[62,-132],[75,-173],[33,-122],[15,-90],[5,-133],[-17,-130],[-29,-120],[-51,-119],[-141,-186]],[[93349,47357],[-343,61],[-102,-223],[-46,14],[-33,-87],[-96,-4],[-135,-38],[-283,-184],[-209,-173],[-322,-117],[-102,-73],[18,-30],[-90,-34],[17,-30],[-294,-48],[-153,-60],[-301,-177],[-98,268],[154,200],[-57,44],[-149,-21],[-37,127],[-89,-6],[-7,120],[-81,-17],[-93,109],[-52,180],[-230,-2],[-379,-87],[-131,-11],[-166,21],[-130,-7]],[[84522,50223],[102,-309],[-13,-173],[-93,0],[4,-144],[-110,7],[10,-107],[-151,-357],[-170,16],[-213,-245],[47,-39],[-293,-118],[-29,-49],[-10,-69],[-40,4],[-22,-59],[-78,16],[-307,-413],[51,-29],[53,-30],[33,-20],[41,-31],[56,-25],[84,-3],[79,6],[64,-8],[52,-25],[6,-7],[49,-5],[100,-126],[64,-16],[-114,-68],[118,-18],[8,-23],[-70,-43],[-64,-44],[-62,-37],[-95,-40],[-46,-15],[-36,50],[-527,-200],[33,65],[-216,42],[-76,-36],[-124,-59],[-110,-47],[-679,-222],[-564,-224],[6,51],[-306,-122],[-153,8],[-171,-84],[61,-74],[-130,-63]],[[80571,46662],[-185,-93],[-65,76],[-122,-57],[-77,62],[-124,-98],[-58,-28],[-58,48],[-83,-58],[-77,53],[-159,111],[7,87],[-74,-1],[-250,157],[-398,118],[-201,-94],[-88,-41],[-133,-13],[-8,56],[76,36],[-91,124],[184,89],[-65,133],[570,271],[-127,175],[137,95],[-163,102],[-124,29],[-144,195],[-86,115]],[[89164,47011],[103,-389],[-177,-58],[10,-257],[-181,91],[-136,-13],[-90,-36],[-200,-218],[-101,-48],[-352,-92],[-349,-76],[-67,5],[-67,-17],[-100,-146],[-42,36],[-57,-81],[-39,31],[-13,-93],[4,-28]],[[80885,46482],[-182,168],[-75,-42],[-57,54]],[[93349,47357],[-37,-54],[-22,-33],[-4,-6],[-23,-34],[-21,-36],[-36,-67],[-35,-79],[-21,-58],[-29,-107],[-30,-149],[-11,-68],[-2,-48],[-2,-42],[5,-56],[7,-66],[13,-66],[13,-46],[11,-47],[15,-58],[26,-70],[37,-91],[42,-107],[72,-89],[101,-117],[86,-98],[87,-90],[32,-30],[81,-78],[64,-33],[66,-26],[109,-18],[100,-8],[104,-7],[92,-16],[100,-28],[76,-30],[75,-39],[38,-18],[57,-35],[56,-42],[46,-42],[71,-72],[34,-53],[31,-57],[17,-61],[19,-64],[8,-59],[-5,-68],[-7,-68],[-22,-91],[-42,-118],[-118,-280],[-50,-127],[-28,-79],[-19,-63],[-5,-19],[-4,-20],[-10,-55],[-6,-65],[-3,-63],[1,-48],[3,-21],[2,-18],[23,-118],[49,-114],[58,-88],[66,-90],[86,-86],[14,-15],[24,-27],[211,-213],[18,-17],[103,-101],[69,-75],[95,-120],[76,-86],[33,-38]],[[75056,3975],[-66,-3],[-48,-3],[-62,-3],[-13,-15],[-70,6],[-44,8],[-37,-19],[-21,8],[-14,15],[-8,17],[-24,10],[-40,4],[-37,9],[-37,14],[-27,2],[-37,4],[-31,13],[-50,17],[-49,11],[-39,15],[-26,24],[-21,24],[-38,34],[-26,8],[-35,-1],[-29,-10],[-21,-23],[-11,-10],[-36,-22],[-97,-62],[-60,-19],[-73,-6],[-11,-84],[-30,-33],[-34,-26],[-21,-10],[-32,-12],[-32,-13],[-12,-10],[-61,-67],[-52,-23],[-19,-32],[-16,-32],[-63,-46],[-27,-69],[-76,-95],[-36,-44],[-28,-57],[-54,-11],[-40,13],[-104,33],[-53,28],[-53,29],[-141,3],[-46,9],[-71,15],[-28,29],[-74,85],[-19,164],[-4,41],[-3,24],[-72,88],[-73,-55],[-100,-17],[-83,29],[14,79],[-71,41],[-178,44],[-76,45],[-125,0],[-115,0],[-183,199],[-8,49],[-114,40],[-113,38],[-39,13],[-36,28],[-89,12],[-35,9],[-30,25],[-42,36],[-57,48],[-53,172],[-37,38],[-93,26],[-69,9],[-92,25],[-102,57],[-26,9],[-52,18],[-55,20],[-54,19],[-41,17],[-87,24],[-51,-109],[-46,-124],[-23,0],[-28,-41],[-69,-46],[9,-32],[-53,-38],[-108,23],[-68,-1],[-164,-5],[-67,-47],[-88,-45],[-81,-90],[-173,-224],[13,-44],[-52,-93],[-164,-65],[-177,-39],[-142,-5],[-43,3],[-15,9],[-51,34],[-59,40],[-44,29],[-45,8],[-54,-7],[-94,-47],[-43,-21],[-22,3],[-84,16],[-153,28],[-135,-120],[-22,-30],[-49,-14],[-42,4],[-106,-9],[-11,30],[-19,118],[0,24],[0,60],[0,70],[8,48],[14,35],[-30,97],[1,70],[2,33],[-181,-29],[-76,-46],[-73,-66],[-31,-78],[-40,2],[-27,2],[-40,16],[-73,53],[-11,29],[-9,26],[-12,9],[-58,0],[-22,0],[-83,-17],[-38,-16],[-37,-15],[-88,-13],[-69,-11],[-74,153],[-35,33],[-201,40],[-115,-54],[-43,37],[-23,21],[-22,39],[-71,-55],[-41,-72],[-34,-59],[205,-115],[11,-109],[-66,-12],[-79,-14],[-78,-14],[-119,6],[-90,4],[-65,4],[-70,-44],[-129,33],[-191,-169],[-2,-21],[-67,-12],[-56,6],[-18,6],[-168,55],[-261,85],[-151,49],[-395,106],[-55,15],[-298,75],[-414,105],[59,185],[-3,246],[0,20],[0,0],[-81,94],[-2,2],[5,26],[0,0],[13,74],[5,72],[-2,28],[-31,93],[21,59],[-63,46],[-263,19],[-118,9],[-2,0],[-413,218],[-105,86],[-72,57],[-1,1],[106,70]],[[62445,5875],[129,3],[27,0],[26,16],[53,33],[38,-5],[46,-6],[173,-21],[209,-4],[196,45],[174,101],[-28,33],[293,61],[100,31],[-98,75],[-15,64],[-80,42],[-96,85],[-111,48],[-89,33],[-54,47],[-84,55],[-29,43],[30,83],[42,36],[23,58],[-19,43],[-38,28],[-61,8],[14,39],[-45,32],[142,129],[22,78],[95,72],[59,120],[55,59],[33,34],[41,12],[88,25],[7,34],[14,66],[206,73],[77,52],[-5,65],[-2,17],[45,54],[7,9],[99,63],[100,-2],[97,-22],[63,-58],[34,-75],[107,-32],[38,-11],[128,-110],[31,-26],[128,-18],[33,5],[94,15],[31,46],[37,52],[68,62],[195,49],[78,-21],[120,5],[94,38],[100,87],[118,-119],[51,-10],[53,-10],[17,10],[101,63],[69,96],[35,105],[92,73],[75,36],[118,44],[67,21],[173,47],[-34,283],[-73,205],[112,194],[-6,82],[38,92],[101,101],[326,175],[47,72],[-9,185],[322,349]],[[67523,10021],[39,66],[114,46],[42,17],[180,139],[82,29],[13,48],[3,9],[149,102],[362,174],[150,34],[114,129],[-13,29],[-3,49],[64,0],[1,-5],[5,-38],[72,34],[262,-28],[142,3],[104,-15],[75,7],[77,7],[186,-1],[56,-19],[56,-9],[305,144],[66,109],[64,57],[92,36],[39,16],[36,14],[239,-28],[62,-45],[-166,-223],[21,-232],[24,-43],[60,-4],[47,-27],[116,26],[142,-10],[93,-38],[37,56],[147,90],[13,-36],[201,-44],[-50,-22],[2,-81],[1,-72],[-49,-53],[-76,-142],[164,82],[350,108],[92,-25],[27,-39],[56,-139],[68,-25],[48,-37],[42,-54],[18,-22],[28,-11],[46,-18],[18,-29],[30,-49],[137,-107],[75,21],[10,29],[12,29],[48,13],[44,12],[93,85],[-109,48],[-16,6],[23,67],[3,9],[142,20],[76,31],[50,-4],[-5,-9],[-22,-37],[51,-19],[41,-15],[77,3],[-6,-26],[-52,-13],[-93,-23],[-90,-101],[-59,-98],[16,-31],[64,-22],[24,-1],[95,-6],[85,-43],[-77,-188],[101,-57]],[[71744,15308],[-79,47],[-79,173],[-96,178],[41,346],[72,65],[63,112],[28,91],[146,97],[-24,81],[47,23],[53,50],[102,-52],[183,154],[4,223],[31,40],[43,302],[-373,511],[-26,45],[-20,51],[-22,111]],[[67523,10021],[-109,230],[-58,165],[-13,40],[-73,-11],[-147,21],[-3,36],[-1,3],[-7,28],[-18,17],[-7,22],[-3,60],[8,40],[5,26],[-6,25],[-10,28],[-7,12],[1,13],[11,27],[13,34],[3,9],[17,16],[25,11],[29,16],[19,19],[5,5],[12,12],[15,33],[30,48],[10,27],[-1,23],[-7,30],[-2,7],[0,12],[8,16],[17,28],[37,49],[13,7],[18,0],[20,6],[11,9],[8,15],[9,19],[12,18],[22,27],[28,30],[46,49],[30,32],[26,18],[23,14],[29,9],[31,4],[56,-2],[34,-6],[56,-13],[41,3],[60,17],[64,10],[88,96],[-190,200]],[[67851,11760],[-5,0],[163,239],[88,-32],[293,-35],[4,22],[11,24],[18,19],[10,17],[5,22],[-3,17],[-12,19],[-8,14],[-6,18],[7,17],[12,14],[23,35],[38,42],[35,35],[39,33],[34,29],[27,20],[30,13],[4,0],[27,6],[16,9],[12,20],[9,32],[-5,29],[-13,29],[-19,30],[-25,29],[-10,25],[-4,33],[6,31],[8,28],[14,37],[9,27],[6,18],[-3,22],[-10,26],[-20,38],[-9,32],[-7,26],[-3,20],[3,28],[4,28],[5,29],[11,49],[5,21],[12,27],[17,31],[25,24],[24,15],[22,19],[17,17],[13,19],[12,25],[5,32],[12,36],[4,19],[24,39],[30,32],[54,35],[66,37],[34,21],[26,33],[26,24],[189,54],[197,33],[418,6],[183,49],[183,89],[196,4],[103,-10],[242,14],[71,-55],[143,-1],[207,53],[123,51],[57,62],[53,141],[82,68],[106,43]],[[64359,11386],[308,-137],[110,11],[94,50],[47,36],[51,1],[80,3],[26,37],[25,34],[44,32],[74,33],[-60,52],[199,23],[-26,104],[192,7],[65,34],[19,48],[86,4],[112,56],[96,80],[70,54],[-15,103],[-34,-4],[-12,67],[66,19],[135,-9],[35,-2],[-11,-50],[3,-62],[3,-259],[40,-78],[138,-44],[132,-41],[120,-23],[38,64],[51,70],[155,-11],[150,41],[149,15],[82,9],[135,29],[81,18],[82,13],[76,-5],[65,-11],[75,-29],[71,-31],[43,-2],[27,25]],[[62445,5875],[-106,-70],[-207,99],[-2,1],[0,0],[-55,-2],[-11,0],[-145,-21],[-367,-51],[-302,-42],[-161,-22],[-280,-39],[-59,3],[-172,21],[-7,0],[-17,9],[-182,94],[-129,66],[-249,115],[-217,132],[-172,135],[-199,126],[88,143],[-1,0],[-380,34],[18,136],[15,115],[0,0],[-16,17],[-33,61],[-82,0],[0,0],[-47,14],[-28,36],[8,27],[-26,11],[-5,8],[-3,4],[-1,1],[-11,18],[-4,6],[-64,91],[-47,110],[17,88],[0,0],[-49,120],[0,0],[-52,118],[-108,175],[-31,52],[-160,74],[-257,-2],[-1,1],[-79,186],[0,0],[0,0],[0,0],[-106,150],[-1,24],[-40,55],[-32,91],[-73,110],[0,0],[-38,40],[-53,20],[-104,15],[-139,21],[-20,124],[0,2],[10,56],[14,69],[8,43],[225,-47],[0,0],[0,0],[39,37],[6,6],[13,12],[0,0],[-37,28],[-12,18],[-10,13],[2,2],[45,59],[55,70],[38,37],[5,4],[2,1],[144,123],[0,0],[39,21],[119,38],[4,47],[4,34],[13,126],[-375,53],[-59,-26],[-4,-2],[-19,42],[-11,26],[-20,45],[-66,159],[0,1],[-10,64],[-19,123],[53,174],[0,1]],[[57657,10182],[87,54],[67,37],[72,31],[84,36],[145,71],[104,55],[11,6],[-88,51],[-50,51],[-86,-48],[-40,52],[-104,-36],[-207,69],[-49,-148],[-12,-14],[-62,-74],[3,-19],[-108,4],[-289,28],[-97,-7],[-60,83],[-169,72],[-10,106],[21,33],[-22,95],[-25,82],[32,-1],[25,-1],[33,11],[36,14],[26,9],[32,7],[25,1],[28,-5],[46,-4],[34,0],[28,4],[32,3],[17,54],[10,19],[105,144],[48,12],[19,143],[53,251],[-12,39],[-18,58],[30,25],[0,3],[-27,43],[30,108],[22,25],[24,28],[-14,45]],[[57437,11887],[264,-8],[209,-145],[353,-88],[276,190]],[[62007,13501],[17,106],[6,34],[-49,83],[-27,53],[-10,37],[1,38],[53,88],[68,104],[29,58],[26,80],[21,92],[93,230],[156,66],[14,81],[-41,94],[-82,63],[7,57],[0,48],[31,92],[148,156]],[[62468,15161],[74,80],[121,92],[46,32],[64,25],[49,23],[29,31],[8,8],[73,82],[113,-7],[61,15],[44,59],[18,3],[26,5],[26,7],[16,5],[16,6],[93,-17],[40,-11],[63,-26],[276,-96],[548,25],[712,-165],[158,8],[162,76],[50,-26],[62,-16],[60,-18],[42,-25],[53,-42],[56,-55],[26,-22],[37,-17],[57,-27],[40,-24],[40,-34],[46,-17],[24,1],[37,2],[72,30],[26,21],[25,23],[36,56],[47,53],[49,61],[11,19],[8,13],[8,12],[9,13],[10,12],[15,18],[17,16],[6,6],[6,4],[7,5],[15,7],[16,7],[50,16],[16,6],[15,8],[37,21],[15,8],[16,5],[24,9],[17,5],[26,7],[77,18],[61,14],[52,10],[43,8],[9,1],[9,0],[18,1],[56,-4],[90,-3],[45,0],[62,1],[37,1],[53,4],[27,2],[44,6],[53,22],[69,36],[113,71],[111,71],[79,58],[121,45],[227,61],[148,64],[149,71],[62,77],[24,29],[33,26],[16,18],[18,30],[9,21],[4,18],[9,13],[11,11],[6,6],[12,10],[27,19],[27,18],[76,50],[34,23],[14,9],[19,16],[67,57],[19,15],[20,14],[7,4],[8,4],[8,3],[16,6],[26,7],[8,2],[18,3],[9,0],[18,1],[9,0],[18,-1],[41,0],[27,11],[20,18],[22,14],[37,15],[36,-2],[37,-4],[20,-19],[1,-2],[13,-14],[19,-21],[42,-23],[37,-12],[32,-11],[49,-17],[45,-4],[36,3],[36,1],[19,2],[22,-11],[63,-23],[74,-22],[47,-3],[51,-1],[26,-4],[25,-12],[9,-9],[27,-15],[32,-5],[26,7],[19,15],[49,18],[91,24],[22,14],[8,4],[8,19],[14,74],[17,50],[16,45],[21,40],[13,42],[7,45],[8,42],[15,32],[24,33],[38,28],[7,5],[7,4],[14,9],[16,7],[29,14],[29,18],[25,28],[4,18],[-1,24],[-14,26],[-8,21],[-7,24],[4,32]],[[62468,15161],[-151,86],[-184,104],[-3,50],[-183,155],[-154,27],[-148,186],[-40,133],[-113,73],[-416,4],[-149,-185],[-122,-58],[32,33],[19,16],[32,39],[39,39],[15,18],[47,61],[19,32],[-1,22],[-12,25],[-22,42],[-4,36],[14,38],[14,55],[8,69],[8,43],[10,25],[35,96],[145,97],[229,43],[34,55],[34,10],[32,9],[34,14],[37,22],[28,25],[23,27],[29,35],[27,32],[34,21],[36,16],[28,19],[23,15],[21,17],[10,13],[2,10],[-5,16],[-10,27],[-17,22],[-27,37],[-44,47],[-22,35],[-11,27],[-8,36],[-3,33],[1,28],[0,9],[37,-1],[23,57],[463,478],[-35,91],[108,239],[563,342],[261,69],[145,-38],[50,48],[101,-12],[0,215],[-58,164],[-124,131]],[[53513,17703],[-22,45],[-33,62],[-32,112],[-98,3],[-89,-3],[-100,-11],[-59,-46],[-48,-33],[-28,-42],[-34,-24],[-28,-49],[-129,107],[0,84],[70,-18],[46,35],[54,62],[94,-6],[172,156],[193,169],[42,63],[-23,44],[112,97],[40,145],[-18,41],[147,37],[23,51],[-43,34],[0,60],[129,179],[-71,7],[2,66],[73,12],[45,68],[-82,61],[-28,-42],[-116,71],[28,61],[-15,70],[-47,2],[-57,-1],[-163,-16],[-99,-18],[67,122],[-25,60],[126,32],[117,7],[114,-7],[132,109],[-77,76],[-126,73],[-163,150],[-21,69],[85,59],[184,84],[96,71]],[[57000,18959],[-70,-196],[60,13],[151,-80],[16,-69],[-100,-1],[-148,-94],[-111,160],[-127,-15],[-74,45],[-375,-235],[-168,-221],[4,-44],[-73,-29],[-120,20],[15,117],[-45,29],[-14,-162],[48,-62],[30,-34],[57,-40],[77,-73],[34,-41],[21,-31],[17,-59],[17,-52],[6,-59],[10,-155],[-1,-43],[2,-76],[-35,-33],[32,-86],[9,-20],[9,-20],[11,-20],[46,-84],[22,-23],[11,-11],[30,-26],[57,-48],[24,-28],[55,-65],[25,-30],[27,-34],[26,-22],[16,-20],[5,-37],[-10,-48],[-262,107],[-772,-416],[-45,-212],[-33,2],[-38,-2],[32,-52],[68,-107],[15,-24],[198,33],[154,32],[205,-1],[206,12],[185,67],[227,115],[105,115],[141,103],[103,39],[269,2],[105,-25],[-175,-88],[-101,9],[-78,-70],[71,-94],[78,-102],[46,-222],[-39,1],[-40,-5],[-41,-12],[-20,-11],[-26,-14],[-20,-12],[-28,-17],[-28,-19],[-36,-29],[-35,-29],[-28,-32],[-20,-30],[-30,-70],[-15,-25],[-45,-45],[-23,-19],[-33,-27],[-40,-19],[171,-163],[-85,-110],[45,-14],[71,108],[126,-47],[81,-121],[29,-29],[30,-96],[-38,-44],[15,-30],[60,25],[119,-173],[51,-282],[-17,-211],[15,-104],[-47,-111],[39,-102],[-61,-101],[-3,-106],[81,2],[158,-3],[139,0],[1,-68],[104,2],[7,-37],[310,76],[193,-273],[-417,-17],[-135,-65],[-256,-404],[-303,-203],[224,6],[115,-41],[-75,-95],[-3,-122],[311,-143],[-11,-56],[-70,-119],[8,-67],[-29,-58],[-156,-252],[-16,-89]],[[57657,10182],[0,0],[12,43],[-4,39],[-2,0],[0,8],[-65,-12],[-49,-9],[0,14],[-10,1],[-1,6],[-10,1],[-351,6],[-1,0],[-209,-50],[-199,-10],[-77,-19],[-138,-40],[-44,-68],[-21,-31],[-31,-30],[-149,-75],[0,0],[-72,-23],[-85,10],[-15,31],[-12,26],[0,0],[-21,39],[-16,18],[-23,18],[-32,44],[-25,20],[-102,27],[0,0],[0,0],[-15,5],[-17,7],[-1,0],[-82,41],[0,0],[-14,5],[-22,9],[-2,0],[-38,0],[-45,-16],[-76,-49],[0,0],[-25,-32],[-2,-2],[-78,-71],[0,0],[-39,-21],[-8,-5],[-11,-4],[-30,-13],[-65,-10],[-49,-1],[-1,1],[-104,21],[-27,12],[-19,9],[-23,28],[-3,22],[12,54],[-6,24],[0,21],[21,15],[146,37],[132,58],[1,0],[10,7],[28,21],[22,30],[9,30],[-2,33],[-6,34],[-1,3],[-19,38],[-3,7],[-54,64],[-21,17],[-46,11],[-11,3],[-1,0],[-61,40],[-12,20],[-2,22],[-14,43],[1,26],[8,25],[25,18],[8,6],[39,19],[22,7],[19,6],[64,5],[48,35],[2,0],[69,26],[74,34],[0,0],[17,22],[15,23],[1,1],[2,14],[3,11],[0,0],[-54,-8],[-774,-131],[-631,-108],[-261,-45],[-545,-94],[-208,-37],[-189,-33],[-43,-6],[-64,-8],[-270,-66],[-261,-65],[-32,-12],[-11,-4],[-17,-6],[1,-13],[2,-23],[-1,-13],[-2,-23],[-4,-21],[-3,-14],[0,-29],[2,-8],[5,-19],[0,-15],[0,-27],[-4,-27],[-1,-5],[26,-119],[9,-26],[3,-3],[14,-20],[94,-68],[9,-11],[2,-3],[1,-6],[3,-15],[-5,-17],[0,0],[-92,23],[-33,-74],[-129,-105],[-18,44],[-44,104],[-298,-11],[-163,89],[-59,61],[-2,58],[-47,3],[-54,95],[-17,75],[7,43],[-42,26],[9,45],[-43,19],[-45,89],[-207,52],[-95,93],[-11,81],[-11,73],[-1,85],[37,43],[61,97],[34,55],[-54,39],[-133,48],[-91,21],[-27,31],[-182,57],[-234,10],[-37,50]]],"transform":{"scale":[0.000023961329538295387,0.000019757834063340625],"translate":[6.112248437,48.9665714408]},"objects":{"vg-rlp":{"type":"GeometryCollection","geometries":[{"arcs":[[0,1,2,3,4,5,6]],"type":"Polygon","properties":{"id":"07111000","name":"Koblenz","cx":7.574,"cy":50.359}},{"arcs":[[7,8,9,10,11]],"type":"Polygon","properties":{"id":"07131007","name":"Bad Neuenahr-Ahrweiler","cx":7.108,"cy":50.524}},{"arcs":[[-8,12,13,14,15,16]],"type":"Polygon","properties":{"id":"07131070","name":"Remagen","cx":7.191,"cy":50.592}},{"arcs":[[-9,-17,17,18,19]],"type":"Polygon","properties":{"id":"07131077","name":"Sinzig","cx":7.226,"cy":50.528}},{"arcs":[[-12,20,21,-13]],"type":"Polygon","properties":{"id":"07131090","name":"Grafschaft","cx":7.059,"cy":50.57}},{"arcs":[[22,23,24,25]],"type":"Polygon","properties":{"id":"07133006","name":"Bad Kreuznach (Große kreisangehörige Stadt)","cx":7.864,"cy":49.84}},{"arcs":[[26,27,28,29,30,31]],"type":"Polygon","properties":{"id":"07134045","name":"Idar-Oberstein","cx":7.354,"cy":49.692}},{"arcs":[[32,33,34,35,36,37]],"type":"Polygon","properties":{"id":"07137003","name":"Andernach","cx":7.353,"cy":50.442}},{"arcs":[[38,39,40]],"type":"Polygon","properties":{"id":"07137068","name":"Mayen","cx":7.211,"cy":50.32}},{"arcs":[[41,42,43,44,45,46]],"type":"Polygon","properties":{"id":"07137203","name":"Bendorf","cx":7.594,"cy":50.436}},{"arcs":[[-38,47,48,49,-47,50]],"type":"Polygon","properties":{"id":"07138045","name":"Neuwied","cx":7.492,"cy":50.445}},{"arcs":[[51,52,53]],"type":"Polygon","properties":{"id":"07140501","name":"Boppard","cx":7.545,"cy":50.235}},{"arcs":[[[-2,54,55,56,57,58]],[[-7,59,60]]],"type":"MultiPolygon","properties":{"id":"07141075","name":"Lahnstein","cx":7.63,"cy":50.306}},{"arcs":[[61,62,63,64,65]],"type":"Polygon","properties":{"id":"07211000","name":"Trier","cx":6.653,"cy":49.759}},{"arcs":[[66,67,68]],"type":"Polygon","properties":{"id":"07231134","name":"Wittlich","cx":6.929,"cy":49.986}},{"arcs":[[69,70,71]],"type":"Polygon","properties":{"id":"07231502","name":"Morbach","cx":7.111,"cy":49.815}},{"arcs":[[72]],"type":"Polygon","properties":{"id":"07232018","name":"Bitburg","cx":6.535,"cy":49.971}},{"arcs":[[73,74,75,76,77]],"type":"Polygon","properties":{"id":"07311000","name":"Frankenthal (Pfalz)","cx":8.352,"cy":49.53}},{"arcs":[[78,79,80,81,82,83]],"type":"Polygon","properties":{"id":"07312000","name":"Kaiserslautern","cx":7.761,"cy":49.433}},{"arcs":[[[84,85]],[[86,87,88,89,90,91,92,93]],[[94,95,96]]],"type":"MultiPolygon","properties":{"id":"07313000","name":"Landau in der Pfalz","cx":8.11,"cy":49.201}},{"arcs":[[-78,97,98,99,100,101]],"type":"Polygon","properties":{"id":"07314000","name":"Ludwigshafen am Rhein","cx":8.401,"cy":49.48}},{"arcs":[[102,103,104,105,106,107]],"type":"Polygon","properties":{"id":"07315000","name":"Mainz","cx":8.243,"cy":49.983}},{"arcs":[[108,109,110,111,112]],"type":"Polygon","properties":{"id":"07316000","name":"Neustadt an der Weinstraße","cx":8.152,"cy":49.349}},{"arcs":[[113,114,115]],"type":"Polygon","properties":{"id":"07317000","name":"Pirmasens","cx":7.587,"cy":49.201}},{"arcs":[[116,117,118,119]],"type":"Polygon","properties":{"id":"07318000","name":"Speyer","cx":8.431,"cy":49.33}},{"arcs":[[120,121,122,123,124,125,126]],"type":"Polygon","properties":{"id":"07319000","name":"Worms","cx":8.325,"cy":49.645}},{"arcs":[[127,128]],"type":"Polygon","properties":{"id":"07320000","name":"Zweibrücken","cx":7.365,"cy":49.248}},{"arcs":[[129]],"type":"Polygon","properties":{"id":"07331003","name":"Alzey","cx":8.095,"cy":49.746}},{"arcs":[[130,131,132,133,134,135,136,137]],"type":"Polygon","properties":{"id":"07332002","name":"Bad Dürkheim","cx":8.046,"cy":49.431}},{"arcs":[[[138]],[[139]]],"type":"MultiPolygon","properties":{"id":"07332024","name":"Grünstadt","cx":8.161,"cy":49.566}},{"arcs":[[-109,140,141,142]],"type":"Polygon","properties":{"id":"07332025","name":"Haßloch","cx":8.266,"cy":49.351}},{"arcs":[[143,144,145,146]],"type":"Polygon","properties":{"id":"07334007","name":"Germersheim","cx":8.372,"cy":49.209}},{"arcs":[[147,148,149,150,151]],"type":"Polygon","properties":{"id":"07334501","name":"Wörth am Rhein","cx":8.19,"cy":49.027}},{"arcs":[[-76,152,-122,153]],"type":"Polygon","properties":{"id":"07338004","name":"Bobenheim-Roxheim","cx":8.373,"cy":49.585}},{"arcs":[[-142,154,155,156,157]],"type":"Polygon","properties":{"id":"07338005","name":"Böhl-Iggelheim","cx":8.322,"cy":49.363}},{"arcs":[[-100,158,159,160]],"type":"Polygon","properties":{"id":"07338017","name":"Limburgerhof","cx":8.394,"cy":49.415}},{"arcs":[[-101,-161,161,162,163]],"type":"Polygon","properties":{"id":"07338019","name":"Mutterstadt","cx":8.347,"cy":49.442}},{"arcs":[[-118,164,-157,165,-162,-160,166]],"type":"Polygon","properties":{"id":"07338025","name":"Schifferstadt","cx":8.373,"cy":49.381}},{"arcs":[[167,168,169,170,171,172]],"type":"Polygon","properties":{"id":"07339005","name":"Bingen am Rhein","cx":7.93,"cy":49.947}},{"arcs":[[-104,173,174]],"type":"Polygon","properties":{"id":"07339009","name":"Budenheim","cx":8.171,"cy":50.02}},{"arcs":[[-103,175,176,-171,177,-174]],"type":"Polygon","properties":{"id":"07339030","name":"Ingelheim am Rhein","cx":8.081,"cy":49.974}},{"arcs":[[178,179,180,181,182,183]],"type":"Polygon","properties":{"id":"071315001","name":"Adenau","cx":6.889,"cy":50.398}},{"arcs":[[-11,184,-179,185,-21]],"type":"Polygon","properties":{"id":"071315002","name":"Altenahr","cx":6.998,"cy":50.493}},{"arcs":[[-19,186,187,-36,188]],"type":"Polygon","properties":{"id":"071315003","name":"Bad Breisig","cx":7.277,"cy":50.499}},{"arcs":[[-10,-20,-189,-35,189,190,191,-180,-185]],"type":"Polygon","properties":{"id":"071315004","name":"Brohltal","cx":7.17,"cy":50.45}},{"arcs":[[192,193,194,195,196]],"type":"Polygon","properties":{"id":"071325003","name":"Herdorf-Daaden","cx":7.957,"cy":50.741}},{"arcs":[[197,198,199]],"type":"Polygon","properties":{"id":"071325006","name":"Hamm (Sieg)","cx":7.675,"cy":50.759}},{"arcs":[[-196,200,201,202]],"type":"Polygon","properties":{"id":"071325007","name":"Kirchen (Sieg)","cx":7.86,"cy":50.846}},{"arcs":[[-200,203,-202,204,205,206]],"type":"Polygon","properties":{"id":"071325008","name":"Wissen","cx":7.766,"cy":50.796}},{"arcs":[[-195,207,208,-205,-201]],"type":"Polygon","properties":{"id":"071325009","name":"Betzdorf-Gebhardshain","cx":7.857,"cy":50.745}},{"arcs":[[-198,-207,209,210,211,212,213]],"type":"Polygon","properties":{"id":"071325010","name":"Altenkirchen-Flammersfeld","cx":7.569,"cy":50.692}},{"arcs":[[-25,214,215,216,217]],"type":"Polygon","properties":{"id":"071335001","name":"Bad Kreuznach (Verbandsgemeinde)","cx":7.885,"cy":49.784}},{"arcs":[[-26,-218,218,219,220,221]],"type":"Polygon","properties":{"id":"071335006","name":"Rüdesheim","cx":7.722,"cy":49.857}},{"arcs":[[-32,222,223,224,225,226,227]],"type":"Polygon","properties":{"id":"071335009","name":"Kirner Land","cx":7.481,"cy":49.806}},{"arcs":[[-220,228,229,-226,230]],"type":"Polygon","properties":{"id":"071335010","name":"Nahe-Glan","cx":7.624,"cy":49.768}},{"arcs":[[-23,-222,231,232,-168,233]],"type":"Polygon","properties":{"id":"071335011","name":"Langenlonsheim-Stromberg","cx":7.75,"cy":49.954}},{"arcs":[[-29,234,235,236,237]],"type":"Polygon","properties":{"id":"071345001","name":"Baumholder","cx":7.318,"cy":49.616}},{"arcs":[[-30,-238,238,239,240,241]],"type":"Polygon","properties":{"id":"071345002","name":"Birkenfeld","cx":7.166,"cy":49.664}},{"arcs":[[[-27,-228,242]],[[-31,-242,243,-72,244,245,-223]]],"type":"MultiPolygon","properties":{"id":"071345005","name":"Herrstein-Rhaunen","cx":7.303,"cy":49.81}},{"arcs":[[246,247,248,249,250,251]],"type":"Polygon","properties":{"id":"071355001","name":"Cochem","cx":7.207,"cy":50.127}},{"arcs":[[-251,252,253,254,255]],"type":"Polygon","properties":{"id":"071355002","name":"Kaisersesch","cx":7.165,"cy":50.237}},{"arcs":[[-250,256,257,258,259,-253]],"type":"Polygon","properties":{"id":"071355003","name":"Ulmen","cx":7.036,"cy":50.154}},{"arcs":[[-249,260,261,262,-257]],"type":"Polygon","properties":{"id":"071355005","name":"Zell (Mosel)","cx":7.254,"cy":50.023}},{"arcs":[[-34,263,264,265,-190]],"type":"Polygon","properties":{"id":"071375001","name":"Pellenz","cx":7.35,"cy":50.391}},{"arcs":[[-40,266,-265,267,268,-252,-256,269]],"type":"Polygon","properties":{"id":"071375002","name":"Maifeld","cx":7.341,"cy":50.287}},{"arcs":[[-41,-270,-255,270,-181,-192,271]],"type":"Polygon","properties":{"id":"071375003","name":"Vordereifel","cx":7.082,"cy":50.312}},{"arcs":[[-39,-272,-191,-266,-267]],"type":"Polygon","properties":{"id":"071375004","name":"Mendig","cx":7.241,"cy":50.379}},{"arcs":[[-5,-45,272,273]],"type":"Polygon","properties":{"id":"071375007","name":"Vallendar","cx":7.629,"cy":50.405}},{"arcs":[[-4,274,-268,-264,-33,-51,-46]],"type":"Polygon","properties":{"id":"071375008","name":"Weißenthurm","cx":7.478,"cy":50.387}},{"arcs":[[-3,-59,275,-54,276,277,-247,-269,-275]],"type":"Polygon","properties":{"id":"071375009","name":"Rhein-Mosel","cx":7.469,"cy":50.269}},{"arcs":[[-213,278,279,280,281]],"type":"Polygon","properties":{"id":"071385001","name":"Asbach","cx":7.413,"cy":50.648}},{"arcs":[[-37,-188,282,283,-48]],"type":"Polygon","properties":{"id":"071385002","name":"Bad Hönningen","cx":7.353,"cy":50.51}},{"arcs":[[[-42,-50,284,285,286,287,288],[293]],[[289,290,291,292]]],"type":"MultiPolygon","properties":{"id":"071385003","name":"Dierdorf","cx":7.642,"cy":50.528}},{"arcs":[[-16,294,-280,295,-283,-187,-18]],"type":"Polygon","properties":{"id":"071385004","name":"Linz am Rhein","cx":7.324,"cy":50.582}},{"arcs":[[-211,296,-286,297]],"type":"Polygon","properties":{"id":"071385005","name":"Puderbach","cx":7.607,"cy":50.596}},{"arcs":[[-15,298,-281,-295]],"type":"Polygon","properties":{"id":"071385007","name":"Unkel","cx":7.243,"cy":50.606}},{"arcs":[[-49,-284,-296,-279,-212,-298,-285]],"type":"Polygon","properties":{"id":"071385009","name":"Rengsdorf-Waldbreitbach","cx":7.448,"cy":50.54}},{"arcs":[[-248,-278,299,300,301,-261]],"type":"Polygon","properties":{"id":"071405003","name":"Kastellaun","cx":7.42,"cy":50.087}},{"arcs":[[-224,-246,302,303,-262,-302,304]],"type":"Polygon","properties":{"id":"071405004","name":"Kirchberg (Hunsrück)","cx":7.369,"cy":49.95}},{"arcs":[[-221,-231,-225,-305,-301,305,306,-232]],"type":"Polygon","properties":{"id":"071405008","name":"Simmern-Rheinböllen","cx":7.561,"cy":49.989}},{"arcs":[[-53,307,308,-306,-300,-277]],"type":"Polygon","properties":{"id":"071405009","name":"Hunsrück-Mittelrhein","cx":7.655,"cy":50.109}},{"arcs":[[309,310,311,312]],"type":"Polygon","properties":{"id":"071415003","name":"Diez","cx":7.953,"cy":50.362}},{"arcs":[[313,314,315,316]],"type":"Polygon","properties":{"id":"071415007","name":"Nastätten","cx":7.834,"cy":50.199}},{"arcs":[[-52,-276,-58,317,-56,318,-316,319,320,-308]],"type":"Polygon","properties":{"id":"071415009","name":"Loreley","cx":7.674,"cy":50.213}},{"arcs":[[[-1,-61,321,-312,322,-317,-319,-55]],[[-57,-318]]],"type":"MultiPolygon","properties":{"id":"071415010","name":"Bad Ems-Nassau","cx":7.796,"cy":50.317}},{"arcs":[[-311,323,-314,-323]],"type":"Polygon","properties":{"id":"071415011","name":"Aar-Einrich","cx":7.969,"cy":50.271}},{"arcs":[[-194,324,325,326,-208]],"type":"Polygon","properties":{"id":"071435001","name":"Bad Marienberg (Ww)","cx":7.933,"cy":50.662}},{"arcs":[[-206,-209,-327,327,328,-290,329,-292,330,-287,-297,-210]],"type":"Polygon","properties":{"id":"071435002","name":"Hachenburg","cx":7.787,"cy":50.663}},{"arcs":[[-44,331,332,333,-273]],"type":"Polygon","properties":{"id":"071435003","name":"Höhr-Grenzhausen","cx":7.695,"cy":50.421}},{"arcs":[[-6,-274,-334,334,335,336,-313,-322,-60],[337]],"type":"Polygon","properties":{"id":"071435004","name":"Montabaur","cx":7.827,"cy":50.414}},{"arcs":[[-43,-289,338,339,-332]],"type":"Polygon","properties":{"id":"071435005","name":"Ransbach-Baumbach","cx":7.697,"cy":50.491}},{"arcs":[[-193,340,341,-325]],"type":"Polygon","properties":{"id":"071435006","name":"Rennerod","cx":8.078,"cy":50.618}},{"arcs":[[[-291,-329,342,343,344,-339,-288,-331]],[[-293,-330]],[[-294]]],"type":"MultiPolygon","properties":{"id":"071435007","name":"Selters (Westerwald)","cx":7.772,"cy":50.554}},{"arcs":[[[-336,345,-344,346,347]],[[-338]],[[348,349]]],"type":"MultiPolygon","properties":{"id":"071435008","name":"Wallmerod","cx":7.915,"cy":50.498}},{"arcs":[[-326,-342,350,-349,351,-347,-343,-328]],"type":"Polygon","properties":{"id":"071435009","name":"Westerburg","cx":7.953,"cy":50.567}},{"arcs":[[-333,-340,-345,-346,-335]],"type":"Polygon","properties":{"id":"071435010","name":"Wirges","cx":7.811,"cy":50.481}},{"arcs":[[-67,352,-303,-245,-71,353,354,355]],"type":"Polygon","properties":{"id":"072315001","name":"Bernkastel-Kues","cx":7.037,"cy":49.896}},{"arcs":[[-70,-244,-241,356,357,-354]],"type":"Polygon","properties":{"id":"072315006","name":"Thalfang am Erbeskopf","cx":7.007,"cy":49.747}},{"arcs":[[-68,-356,358,359,360,361,362,363,364,365]],"type":"Polygon","properties":{"id":"072315008","name":"Wittlich-Land","cx":6.78,"cy":50.022}},{"arcs":[[-69,-366,366,-258,-263,-304,-353]],"type":"Polygon","properties":{"id":"072315009","name":"Traben-Trarbach","cx":7.086,"cy":49.999}},{"arcs":[[367,368,369,370]],"type":"Polygon","properties":{"id":"072325001","name":"Arzfeld","cx":6.219,"cy":50.108}},{"arcs":[[-369,371,372,373]],"type":"Polygon","properties":{"id":"072325005","name":"Südeifel","cx":6.296,"cy":49.936}},{"arcs":[[-371,374,375,376]],"type":"Polygon","properties":{"id":"072325006","name":"Prüm","cx":6.397,"cy":50.221}},{"arcs":[[[-361,377,378]],[[-363,379]]],"type":"MultiPolygon","properties":{"id":"072325007","name":"Speicher","cx":6.655,"cy":49.922}},{"arcs":[[-362,-379,380,-372,-368,-377,381,382,-364,-380],[-73]],"type":"Polygon","properties":{"id":"072325008","name":"Bitburger Land","cx":6.633,"cy":50.048}},{"arcs":[[-259,-367,-365,-383,383,384]],"type":"Polygon","properties":{"id":"072335001","name":"Daun","cx":6.833,"cy":50.188}},{"arcs":[[-182,-271,-254,-260,-385,385]],"type":"Polygon","properties":{"id":"072335004","name":"Kelberg","cx":6.947,"cy":50.275}},{"arcs":[[-183,-386,-384,-382,-376,386]],"type":"Polygon","properties":{"id":"072335006","name":"Gerolstein","cx":6.642,"cy":50.275}},{"arcs":[[-240,387,388,389,390,-357]],"type":"Polygon","properties":{"id":"072355001","name":"Hermeskeil","cx":6.923,"cy":49.678}},{"arcs":[[-65,391,392,393,394,395]],"type":"Polygon","properties":{"id":"072355003","name":"Konz","cx":6.54,"cy":49.676}},{"arcs":[[-63,396,-390,397,-393,398]],"type":"Polygon","properties":{"id":"072355004","name":"Ruwer","cx":6.775,"cy":49.711}},{"arcs":[[-62,399,-359,-355,-358,-391,-397]],"type":"Polygon","properties":{"id":"072355006","name":"Schweich a.d. Röm.Weinstr.","cx":6.81,"cy":49.806}},{"arcs":[[[-64,-399,-392]],[[-66,-396,400,-373,-381,-378,-360,-400]]],"type":"MultiPolygon","properties":{"id":"072355007","name":"Trier-Land","cx":6.588,"cy":49.824}},{"arcs":[[-389,401,-394,-398]],"type":"Polygon","properties":{"id":"072355008","name":"Saarburg-Kell","cx":6.571,"cy":49.589}},{"arcs":[[402,403,404,405,406,407,408],[-130]],"type":"Polygon","properties":{"id":"073315001","name":"Alzey-Land","cx":8.187,"cy":49.781}},{"arcs":[[-127,409,410,411]],"type":"Polygon","properties":{"id":"073315002","name":"Eich","cx":8.377,"cy":49.761}},{"arcs":[[-125,412,413,-404,414]],"type":"Polygon","properties":{"id":"073315003","name":"Monsheim","cx":8.213,"cy":49.643}},{"arcs":[[-216,415,416,-407,417,418]],"type":"Polygon","properties":{"id":"073315005","name":"Wöllstein","cx":7.969,"cy":49.794}},{"arcs":[[-408,-417,419,420,421]],"type":"Polygon","properties":{"id":"073315006","name":"Wörrstadt","cx":8.116,"cy":49.846}},{"arcs":[[-126,-415,-403,422,-410]],"type":"Polygon","properties":{"id":"073315007","name":"Wonnegau","cx":8.254,"cy":49.723}},{"arcs":[[-113,423,424,425,-155,-141]],"type":"Polygon","properties":{"id":"073325001","name":"Deidesheim","cx":8.202,"cy":49.41}},{"arcs":[[[-133,426]],[[-135,427,428,429]]],"type":"MultiPolygon","properties":{"id":"073325002","name":"Freinsheim","cx":8.218,"cy":49.505}},{"arcs":[[-83,430,-138,431,-424,-112,432,-88,433,434]],"type":"Polygon","properties":{"id":"073325005","name":"Lambrecht (Pfalz)","cx":7.937,"cy":49.355}},{"arcs":[[-137,435,436,-425,-432]],"type":"Polygon","properties":{"id":"073325006","name":"Wachenheim a.d. Weinstr.","cx":8.243,"cy":49.456}},{"arcs":[[-124,437,-428,-134,-427,-132,438,439,440,-413],[-139],[-140]],"type":"Polygon","properties":{"id":"073325007","name":"Leiningerland","cx":8.226,"cy":49.556}},{"arcs":[[-440,441,442,443]],"type":"Polygon","properties":{"id":"073335002","name":"Eisenberg (Pfalz)","cx":8.017,"cy":49.543}},{"arcs":[[-405,-414,-441,-444,444,445]],"type":"Polygon","properties":{"id":"073335003","name":"Göllheim","cx":8.09,"cy":49.621}},{"arcs":[[-406,-446,446,447,-418]],"type":"Polygon","properties":{"id":"073335004","name":"Kirchheimbolanden","cx":7.988,"cy":49.661}},{"arcs":[[-443,448,449,450,451,452,-447,-445]],"type":"Polygon","properties":{"id":"073335006","name":"Winnweiler","cx":7.879,"cy":49.567}},{"arcs":[[-217,-419,-448,-453,453,454,-229,-219]],"type":"Polygon","properties":{"id":"073335007","name":"Nordpfälzer Land","cx":7.808,"cy":49.67}},{"arcs":[[-144,455,456,457,458,459]],"type":"Polygon","properties":{"id":"073345001","name":"Bellheim","cx":8.268,"cy":49.199}},{"arcs":[[-152,460,461]],"type":"Polygon","properties":{"id":"073345002","name":"Hagenbach","cx":8.25,"cy":48.999}},{"arcs":[[-150,462,463,464,465]],"type":"Polygon","properties":{"id":"073345003","name":"Jockgrim","cx":8.287,"cy":49.103}},{"arcs":[[-149,466,467,468,-463]],"type":"Polygon","properties":{"id":"073345004","name":"Kandel","cx":8.16,"cy":49.09}},{"arcs":[[-145,-460,469,470,471]],"type":"Polygon","properties":{"id":"073345005","name":"Lingenfeld","cx":8.315,"cy":49.251}},{"arcs":[[-147,472,-465,473,-456]],"type":"Polygon","properties":{"id":"073345006","name":"Rülzheim","cx":8.328,"cy":49.155}},{"arcs":[[474,475,476,477,478,479,480]],"type":"Polygon","properties":{"id":"073355001","name":"Bruchmühlbach-Miesau","cx":7.455,"cy":49.378}},{"arcs":[[[-82,481,-449,-442,-439,-131,-431]],[[-451,482]]],"type":"MultiPolygon","properties":{"id":"073355002","name":"Enkenbach-Alsenborn","cx":7.905,"cy":49.46}},{"arcs":[[-79,483,-481,484,485]],"type":"Polygon","properties":{"id":"073355008","name":"Ramstein-Miesenbach","cx":7.528,"cy":49.447}},{"arcs":[[-80,-486,486,487,488,489]],"type":"Polygon","properties":{"id":"073355009","name":"Weilerbach","cx":7.596,"cy":49.495}},{"arcs":[[-81,-490,490,-454,-452,-483,-450,-482]],"type":"Polygon","properties":{"id":"073355010","name":"Otterbach-Otterberg","cx":7.722,"cy":49.533}},{"arcs":[[-84,-435,491,492,493,494,-475,-484]],"type":"Polygon","properties":{"id":"073355011","name":"Landstuhl","cx":7.659,"cy":49.374}},{"arcs":[[-479,495,496]],"type":"Polygon","properties":{"id":"073365006","name":"Waldmohr","cx":7.311,"cy":49.399}},{"arcs":[[-28,-243,-227,-230,-455,-491,-489,497,-235]],"type":"Polygon","properties":{"id":"073365008","name":"Lauterecken-Wolfstein","cx":7.59,"cy":49.625}},{"arcs":[[-480,-497,498,499,-487,-485]],"type":"Polygon","properties":{"id":"073365009","name":"Oberes Glantal","cx":7.378,"cy":49.453}},{"arcs":[[-236,-498,-488,-500,500]],"type":"Polygon","properties":{"id":"073365010","name":"Kusel-Altenglan","cx":7.418,"cy":49.549}},{"arcs":[[-86,501,502,503,504,505,-94,506,-92,507,508,509,510,511,512]],"type":"Polygon","properties":{"id":"073375001","name":"Annweiler am Trifels","cx":7.947,"cy":49.215}},{"arcs":[[-148,-462,513,514,515,-503,516,-467]],"type":"Polygon","properties":{"id":"073375002","name":"Bad Bergzabern","cx":7.985,"cy":49.087}},{"arcs":[[[-89,-433,-111,517,-470,-459,518,519,-512,520,-510,521]],[[-91,522,-508]]],"type":"MultiPolygon","properties":{"id":"073375003","name":"Edenkoben","cx":8.104,"cy":49.278}},{"arcs":[[-97,523,-457,-474,-464,-469,524]],"type":"Polygon","properties":{"id":"073375004","name":"Herxheim","cx":8.193,"cy":49.144}},{"arcs":[[[-85,-513,-520,525,-95,-525,-468,-517,-502]],[[-90,-522,-509,-523]],[[-93,-507]],[[-511,-521]]],"type":"MultiPolygon","properties":{"id":"073375005","name":"Landau-Land","cx":8.092,"cy":49.13}},{"arcs":[[-96,-526,-519,-458,-524]],"type":"Polygon","properties":{"id":"073375007","name":"Offenbach an der Queich","cx":8.198,"cy":49.226}},{"arcs":[[-156,-426,-437,526,-163,-166]],"type":"Polygon","properties":{"id":"073385001","name":"Dannstadt-Schauernheim","cx":8.293,"cy":49.425}},{"arcs":[[-74,-102,-164,-527,-436,-136,-430,527]],"type":"Polygon","properties":{"id":"073385004","name":"Maxdorf","cx":8.285,"cy":49.478}},{"arcs":[[-75,-528,-429,-438,-123,-153]],"type":"Polygon","properties":{"id":"073385006","name":"Lambsheim-Heßheim","cx":8.302,"cy":49.566}},{"arcs":[[-110,-143,-158,-165,-117,528,-471,-518]],"type":"Polygon","properties":{"id":"073385007","name":"Römerberg-Dudenhofen","cx":8.379,"cy":49.304}},{"arcs":[[-99,529,-119,-167,-159]],"type":"Polygon","properties":{"id":"073385008","name":"Waldsee","cx":8.451,"cy":49.409}},{"arcs":[[-169,-233,-307,-309,-321,530]],"type":"Polygon","properties":{"id":"073395001","name":"Rhein-Nahe","cx":7.791,"cy":50.01}},{"arcs":[[-106,531,532]],"type":"Polygon","properties":{"id":"073395002","name":"Bodenheim","cx":8.306,"cy":49.915}},{"arcs":[[-172,-177,533,534]],"type":"Polygon","properties":{"id":"073395003","name":"Gau-Algesheim","cx":8.037,"cy":49.913}},{"arcs":[[-108,535,-421,536,-534,-176]],"type":"Polygon","properties":{"id":"073395006","name":"Nieder-Olm","cx":8.172,"cy":49.928}},{"arcs":[[-107,-533,537,-411,-423,-409,-422,-536]],"type":"Polygon","properties":{"id":"073395007","name":"Rhein-Selz","cx":8.293,"cy":49.831}},{"arcs":[[-24,-234,-173,-535,-537,-420,-416,-215]],"type":"Polygon","properties":{"id":"073395008","name":"Sprendlingen-Gensingen","cx":7.983,"cy":49.873}},{"arcs":[[-515,538,539,540]],"type":"Polygon","properties":{"id":"073405001","name":"Dahner Felsenland","cx":7.767,"cy":49.111}},{"arcs":[[[-87,-506,541,-492,-434]],[[-504,-516,-541,542,543]]],"type":"MultiPolygon","properties":{"id":"073405002","name":"Hauenstein","cx":7.835,"cy":49.207}},{"arcs":[[-114,544,-543,-540,545,546,547]],"type":"Polygon","properties":{"id":"073405003","name":"Pirmasens-Land","cx":7.596,"cy":49.115}},{"arcs":[[-116,548,549,-493,-542,-505,-544,-545]],"type":"Polygon","properties":{"id":"073405004","name":"Rodalben","cx":7.726,"cy":49.241}},{"arcs":[[-494,-550,550]],"type":"Polygon","properties":{"id":"073405006","name":"Waldfischbach-Burgalben","cx":7.683,"cy":49.305}},{"arcs":[[-129,551,-477,552,-547,553]],"type":"Polygon","properties":{"id":"073405008","name":"Zweibrücken-Land","cx":7.45,"cy":49.243}},{"arcs":[[-115,-548,-553,-476,-495,-551,-549]],"type":"Polygon","properties":{"id":"073405009","name":"Thaleischweiler-Wallhalben","cx":7.534,"cy":49.295}}]}}}